ref	word	lemma	morph
Judg 1:1	וַ/יְהִ֗י	c/1961	HC/Vqw3ms
Judg 1:1	אַחֲרֵי֙	310 a	HR
Judg 1:1	מ֣וֹת	4194	HNcmsc
Judg 1:1	יְהוֹשֻׁ֔עַ	3091	HNp
Judg 1:1	וַֽ/יִּשְׁאֲלוּ֙	c/7592	HC/Vqw3mp
Judg 1:1	בְּנֵ֣י	1121 a	HNcmpc
Judg 1:1	יִשְׂרָאֵ֔ל	3478	HNp
Judg 1:1	בַּ/יהוָ֖ה	b/3068	HR/Np
Judg 1:1	לֵ/אמֹ֑ר	l/559	HR/Vqc
Judg 1:1	מִ֣י	4310	HTi
Judg 1:1	יַעֲלֶה	5927	HVqi3ms
Judg 1:1	לָּ֧/נוּ	l	HR/Sp1cp
Judg 1:1	אֶל	413	HR
Judg 1:1	הַֽ/כְּנַעֲנִ֛י	d/3669 a	HTd/Ngmsa
Judg 1:1	בַּ/תְּחִלָּ֖ה	b/8462	HRd/Ncfsa
Judg 1:1	לְ/הִלָּ֥חֶם	l/3898 a	HR/VNc
Judg 1:1	בּֽ/וֹ	b	HR/Sp3ms
Judg 1:2	וַ/יֹּ֣אמֶר	c/559	HC/Vqw3ms
Judg 1:2	יְהוָ֖ה	3068	HNp
Judg 1:2	יְהוּדָ֣ה	3063	HNp
Judg 1:2	יַעֲלֶ֑ה	5927	HVqi3ms
Judg 1:2	הִנֵּ֛ה	2009	HTm
Judg 1:2	נָתַ֥תִּי	5414	HVqp1cs
Judg 1:2	אֶת	853	HTo
Judg 1:2	הָ/אָ֖רֶץ	d/776	HTd/Ncbsa
Judg 1:2	בְּ/יָדֽ/וֹ	b/3027	HR/Ncbsc/Sp3ms
Judg 1:3	וַ/יֹּ֣אמֶר	c/559	HC/Vqw3ms
Judg 1:3	יְהוּדָה֩	3063	HNp
Judg 1:3	לְ/שִׁמְע֨וֹן	l/8095	HR/Np
Judg 1:3	אָחִ֜י/ו	251	HNcmsc/Sp3ms
Judg 1:3	עֲלֵ֧ה	5927	HVqv2ms
Judg 1:3	אִתִּ֣/י	854	HR/Sp1cs
Judg 1:3	בְ/גוֹרָלִ֗/י	b/1486	HR/Ncmsc/Sp1cs
Judg 1:3	וְ/נִֽלָּחֲמָה֙	c/3898 a	HC/VNh1cp
Judg 1:3	בַּֽ/כְּנַעֲנִ֔י	b/3669 a	HRd/Ngmsa
Judg 1:3	וְ/הָלַכְתִּ֧י	c/1980	HC/Vqq1cs
Judg 1:3	גַם	1571	HD
Judg 1:3	אֲנִ֛י	589	HPp1cs
Judg 1:3	אִתְּ/ךָ֖	854	HR/Sp2ms
Judg 1:3	בְּ/גוֹרָלֶ֑/ךָ	b/1486	HR/Ncmsc/Sp2ms
Judg 1:3	וַ/יֵּ֥לֶךְ	c/3212	HC/Vqw3ms
Judg 1:3	אִתּ֖/וֹ	854	HR/Sp3ms
Judg 1:3	שִׁמְעֽוֹן	8095	HNp
Judg 1:4	וַ/יַּ֣עַל	c/5927	HC/Vqw3ms
Judg 1:4	יְהוּדָ֔ה	3063	HNp
Judg 1:4	וַ/יִּתֵּ֧ן	c/5414	HC/Vqw3ms
Judg 1:4	יְהוָ֛ה	3068	HNp
Judg 1:4	אֶת	853	HTo
Judg 1:4	הַ/כְּנַעֲנִ֥י	d/3669 a	HTd/Ngmsa
Judg 1:4	וְ/הַ/פְּרִזִּ֖י	c/d/6522	HC/Td/Ngmsa
Judg 1:4	בְּ/יָדָ֑/ם	b/3027	HR/Ncbsc/Sp3mp
Judg 1:4	וַ/יַּכּ֣וּ/ם	c/5221	HC/Vhw3mp/Sp3mp
Judg 1:4	בְּ/בֶ֔זֶק	b/966	HR/Np
Judg 1:4	עֲשֶׂ֥רֶת	6235	HAcmsc
Judg 1:4	אֲלָפִ֖ים	505	HAcbpa
Judg 1:4	אִֽישׁ	376	HNcmsa
Judg 1:5	וַֽ֠/יִּמְצְאוּ	c/4672	HC/Vqw3mp
Judg 1:5	אֶת	853	HTo
Judg 1:5	אֲדֹנִ֥י	137+	HNp
Judg 1:5	בֶ֨זֶק֙	137	HNp
Judg 1:5	בְּ/בֶ֔זֶק	b/966	HR/Np
Judg 1:5	וַ/יִּֽלָּחֲמ֖וּ	c/3898 a	HC/VNw3mp
Judg 1:5	בּ֑/וֹ	b	HR/Sp3ms
Judg 1:5	וַ/יַּכּ֕וּ	c/5221	HC/Vhw3mp
Judg 1:5	אֶת	853	HTo
Judg 1:5	הַֽ/כְּנַעֲנִ֖י	d/3669 a	HTd/Ngmsa
Judg 1:5	וְ/אֶת	c/853	HC/To
Judg 1:5	הַ/פְּרִזִּֽי	d/6522	HTd/Ngmsa
Judg 1:6	וַ/יָּ֨נָס֙	c/5127	HC/Vqw3ms
Judg 1:6	אֲדֹ֣נִי	137+	HNp
Judg 1:6	בֶ֔זֶק	137	HNp
Judg 1:6	וַֽ/יִּרְדְּפ֖וּ	c/7291	HC/Vqw3mp
Judg 1:6	אַחֲרָ֑י/ו	310 a	HR/Sp3ms
Judg 1:6	וַ/יֹּאחֲז֣וּ	c/270	HC/Vqw3mp
Judg 1:6	אֹת֔/וֹ	853	HTo/Sp3ms
Judg 1:6	וַֽ/יְקַצְּצ֔וּ	c/7112	HC/Vpw3mp
Judg 1:6	אֶת	853	HTo
Judg 1:6	בְּהֹנ֥וֹת	931	HNcfpc
Judg 1:6	יָדָ֖י/ו	3027	HNcbdc/Sp3ms
Judg 1:6	וְ/רַגְלָֽי/ו	c/7272	HC/Ncfdc/Sp3ms
Judg 1:7	וַ/יֹּ֣אמֶר	c/559	HC/Vqw3ms
Judg 1:7	אֲדֹֽנִי	137+	HNp
Judg 1:7	בֶ֗זֶק	137	HNp
Judg 1:7	שִׁבְעִ֣ים	7657	HAcbpa
Judg 1:7	מְלָכִ֡ים	4428	HNcmpa
Judg 1:7	בְּֽהֹנוֹת֩	931	HNcfpc
Judg 1:7	יְדֵי/הֶ֨ם	3027	HNcbdc/Sp3mp
Judg 1:7	וְ/רַגְלֵי/הֶ֜ם	c/7272	HC/Ncfdc/Sp3mp
Judg 1:7	מְקֻצָּצִ֗ים	7112	HVPsmpa
Judg 1:7	הָי֤וּ	1961	HVqp3cp
Judg 1:7	מְלַקְּטִים֙	3950	HVprmpa
Judg 1:7	תַּ֣חַת	8478	HR
Judg 1:7	שֻׁלְחָנִ֔/י	7979	HNcmsc/Sp1cs
Judg 1:7	כַּ/אֲשֶׁ֣ר	k/834 d	HR/Tr
Judg 1:7	עָשִׂ֔יתִי	6213 a	HVqp1cs
Judg 1:7	כֵּ֥ן	3651 c	HTm
Judg 1:7	שִׁלַּם	7999 a	HVpp3ms
Judg 1:7	לִ֖/י	l	HR/Sp1cs
Judg 1:7	אֱלֹהִ֑ים	430	HNcmpa
Judg 1:7	וַ/יְבִיאֻ֥/הוּ	c/935	HC/Vhw3mp/Sp3ms
Judg 1:7	יְרוּשָׁלִַ֖ם	3389	HNp
Judg 1:7	וַ/יָּ֥מָת	c/4191	HC/Vqw3ms
Judg 1:7	שָֽׁם	8033	HD
Judg 1:8	וַ/יִּלָּחֲמ֤וּ	c/3898 a	HC/VNw3mp
Judg 1:8	בְנֵֽי	1121 a	HNcmpc
Judg 1:8	יְהוּדָה֙	3063	HNp
Judg 1:8	בִּ/יר֣וּשָׁלִַ֔ם	b/3389	HR/Np
Judg 1:8	וַ/יִּלְכְּד֣וּ	c/3920	HC/Vqw3mp
Judg 1:8	אוֹתָ֔/הּ	853	HTo/Sp3fs
Judg 1:8	וַ/יַּכּ֖וּ/הָ	c/5221	HC/Vhw3mp/Sp3fs
Judg 1:8	לְ/פִי	l/6310	HR/Ncmsc
Judg 1:8	חָ֑רֶב	2719	HNcfsa
Judg 1:8	וְ/אֶת	c/853	HC/To
Judg 1:8	הָ/עִ֖יר	d/5892 b	HTd/Ncfsa
Judg 1:8	שִׁלְּח֥וּ	7971	HVpp3cp
Judg 1:8	בָ/אֵֽשׁ	b/784	HRd/Ncbsa
Judg 1:9	וְ/אַחַ֗ר	c/310 a	HC/D
Judg 1:9	יָֽרְדוּ֙	3381	HVqp3cp
Judg 1:9	בְּנֵ֣י	1121 a	HNcmpc
Judg 1:9	יְהוּדָ֔ה	3063	HNp
Judg 1:9	לְ/הִלָּחֵ֖ם	l/3898 a	HR/VNc
Judg 1:9	בַּֽ/כְּנַעֲנִ֑י	b/3669 a	HRd/Ngmsa
Judg 1:9	יוֹשֵׁ֣ב	3427	HVqrmsa
Judg 1:9	הָ/הָ֔ר	d/2022	HTd/Ncmsa
Judg 1:9	וְ/הַ/נֶּ֖גֶב	c/d/5045	HC/Td/Ncmsa
Judg 1:9	וְ/הַ/שְּׁפֵלָֽה	c/d/8219	HC/Td/Ncfsa
Judg 1:10	וַ/יֵּ֣לֶךְ	c/3212	HC/Vqw3ms
Judg 1:10	יְהוּדָ֗ה	3063	HNp
Judg 1:10	אֶל	413	HR
Judg 1:10	הַֽ/כְּנַעֲנִי֙	d/3669 a	HTd/Ngmsa
Judg 1:10	הַ/יּוֹשֵׁ֣ב	d/3427	HTd/Vqrmsa
Judg 1:10	בְּ/חֶבְר֔וֹן	b/2275 a	HR/Np
Judg 1:10	וְ/שֵׁם	c/8034	HC/Ncmsc
Judg 1:10	חֶבְר֥וֹן	2275 a	HNp
Judg 1:10	לְ/פָנִ֖ים	l/6440	HR/Ncbpa
Judg 1:10	קִרְיַ֣ת	7153+	HNp
Judg 1:10	אַרְבַּ֑ע	7153	HAcfsa
Judg 1:10	וַ/יַּכּ֛וּ	c/5221	HC/Vhw3mp
Judg 1:10	אֶת	853	HTo
Judg 1:10	שֵׁשַׁ֥י	8344	HNp
Judg 1:10	וְ/אֶת	c/853	HC/To
Judg 1:10	אֲחִימַ֖ן	289	HNp
Judg 1:10	וְ/אֶת	c/853	HC/To
Judg 1:10	תַּלְמָֽי	8526	HNp
Judg 1:11	וַ/יֵּ֣לֶךְ	c/3212	HC/Vqw3ms
Judg 1:11	מִ/שָּׁ֔ם	m/8033	HR/D
Judg 1:11	אֶל	413	HR
Judg 1:11	יוֹשְׁבֵ֖י	3427	HVqrmpc
Judg 1:11	דְּבִ֑יר	1688 a	HNp
Judg 1:11	וְ/שֵׁם	c/8034	HC/Ncmsc
Judg 1:11	דְּבִ֥יר	1688 a	HNp
Judg 1:11	לְ/פָנִ֖ים	l/6440	HR/Ncbpa
Judg 1:11	קִרְיַת	7158+	HNp
Judg 1:11	סֵֽפֶר	7158	HNp
Judg 1:12	וַ/יֹּ֣אמֶר	c/559	HC/Vqw3ms
Judg 1:12	כָּלֵ֔ב	3612	HNp
Judg 1:12	אֲשֶׁר	834 a	HTr
Judg 1:12	יַכֶּ֥ה	5221	HVhi3ms
Judg 1:12	אֶת	853	HTo
Judg 1:12	קִרְיַת	7158+	HNp
Judg 1:12	סֵ֖פֶר	7158	HNp
Judg 1:12	וּ/לְכָדָ֑/הּ	c/3920	HC/Vqq3ms/Sp3fs
Judg 1:12	וְ/נָתַ֥תִּי	c/5414	HC/Vqq1cs
Judg 1:12	ל֛/וֹ	l	HR/Sp3ms
Judg 1:12	אֶת	853	HTo
Judg 1:12	עַכְסָ֥ה	5915	HNp
Judg 1:12	בִתִּ֖/י	1323	HNcfsc/Sp1cs
Judg 1:12	לְ/אִשָּֽׁה	l/802	HR/Ncfsa
Judg 1:13	וַֽ/יִּלְכְּדָ/הּ֙	c/3920	HC/Vqw3ms/Sp3fs
Judg 1:13	עָתְנִיאֵ֣ל	6274	HNp
Judg 1:13	בֶּן	1121 a	HNcmsc
Judg 1:13	קְנַ֔ז	7073	HNp
Judg 1:13	אֲחִ֥י	251	HNcmsc
Judg 1:13	כָלֵ֖ב	3612	HNp
Judg 1:13	הַ/קָּטֹ֣ן	d/6996 b	HTd/Aamsa
Judg 1:13	מִמֶּ֑/נּוּ	4480 a	HR/Sp1cp
Judg 1:13	וַ/יִּתֶּן	c/5414	HC/Vqw3ms
Judg 1:13	ל֛/וֹ	l	HR/Sp3ms
Judg 1:13	אֶת	853	HTo
Judg 1:13	עַכְסָ֥ה	5915	HNp
Judg 1:13	בִתּ֖/וֹ	1323	HNcfsc/Sp3ms
Judg 1:13	לְ/אִשָּֽׁה	l/802	HR/Ncfsa
Judg 1:14	וַ/יְהִ֣י	c/1961	HC/Vqw3ms
Judg 1:14	בְּ/בוֹאָ֗/הּ	b/935	HR/Vqc/Sp3fs
Judg 1:14	וַ/תְּסִיתֵ֨/הוּ֙	c/5496	HC/Vhw3fs/Sp3ms
Judg 1:14	לִ/שְׁא֤וֹל	l/7592	HR/Vqc
Judg 1:14	מֵֽ/אֵת	m/854	HR/R
Judg 1:14	אָבִ֨י/הָ֙	1	HNcmsc/Sp3fs
Judg 1:14	הַ/שָּׂדֶ֔ה	d/7704 b	HTd/Ncmsa
Judg 1:14	וַ/תִּצְנַ֖ח	c/6795	HC/Vqw3fs
Judg 1:14	מֵ/עַ֣ל	m/5921 a	HR/R
Judg 1:14	הַ/חֲמ֑וֹר	d/2543	HTd/Ncbsa
Judg 1:14	וַ/יֹּֽאמֶר	c/559	HC/Vqw3ms
Judg 1:14	לָ֥/הּ	l	HR/Sp3fs
Judg 1:14	כָּלֵ֖ב	3612	HNp
Judg 1:14	מַה	4100	HTi
Judg 1:14	לָּֽ/ךְ	l	HR/Sp2fs
Judg 1:15	וַ/תֹּ֨אמֶר	c/559	HC/Vqw3fs
Judg 1:15	ל֜/וֹ	l	HR/Sp3ms
Judg 1:15	הָֽבָ/ה	3051	HVqv2ms/Sh
Judg 1:15	לִּ֣/י	l	HR/Sp1cs
Judg 1:15	בְרָכָ֗ה	1293	HNcfsa
Judg 1:15	כִּ֣י	3588 a	HC
Judg 1:15	אֶ֤רֶץ	776	HNcbsc
Judg 1:15	הַ/נֶּ֨גֶב֙	d/5045	HTd/Ncmsa
Judg 1:15	נְתַתָּ֔/נִי	5414	HVqp2ms/Sp1cs
Judg 1:15	וְ/נָתַתָּ֥ה	c/5414	HC/Vqq2ms
Judg 1:15	לִ֖/י	l	HR/Sp1cs
Judg 1:15	גֻּלֹּ֣ת	1543	HNcfpc
Judg 1:15	מָ֑יִם	4325	HNcmpa
Judg 1:15	וַ/יִּתֶּן	c/5414	HC/Vqw3ms
Judg 1:15	לָ֣/הּ	l	HR/Sp3fs
Judg 1:15	כָּלֵ֗ב	3612	HNp
Judg 1:15	אֵ֚ת	853	HTo
Judg 1:15	גֻּלֹּ֣ת	1543	HNcfpc
Judg 1:15	עִלִּ֔ית	5942	HAafsa
Judg 1:15	וְ/אֵ֖ת	c/853	HC/To
Judg 1:15	גֻּלֹּ֥ת	1543	HNcfpc
Judg 1:15	תַּחְתִּֽית	8482	HAafsa
Judg 1:16	וּ/בְנֵ֣י	c/1121 a	HC/Ncmpc
Judg 1:16	קֵינִי֩	7017	HNgmsa
Judg 1:16	חֹתֵ֨ן	2859 a	HVqrmsc
Judg 1:16	מֹשֶׁ֜ה	4872	HNp
Judg 1:16	עָל֨וּ	5927	HVqp3cp
Judg 1:16	מֵ/עִ֤יר	m/5892 b	HR/Ncfsc
Judg 1:16	הַ/תְּמָרִים֙	d/8558	HTd/Ncmpa
Judg 1:16	אֶת	854	HR
Judg 1:16	בְּנֵ֣י	1121 a	HNcmpc
Judg 1:16	יְהוּדָ֔ה	3063	HNp
Judg 1:16	מִדְבַּ֣ר	4057 b	HNcmsc
Judg 1:16	יְהוּדָ֔ה	3063	HNp
Judg 1:16	אֲשֶׁ֖ר	834 a	HTr
Judg 1:16	בְּ/נֶ֣גֶב	b/5045	HR/Ncmsc
Judg 1:16	עֲרָ֑ד	6166 a	HNp
Judg 1:16	וַ/יֵּ֖לֶךְ	c/3212	HC/Vqw3ms
Judg 1:16	וַ/יֵּ֥שֶׁב	c/3427	HC/Vqw3ms
Judg 1:16	אֶת	854	HR
Judg 1:16	הָ/עָֽם	d/5971 a	HTd/Ncmsa
Judg 1:17	וַ/יֵּ֤לֶךְ	c/3212	HC/Vqw3ms
Judg 1:17	יְהוּדָה֙	3063	HNp
Judg 1:17	אֶת	854	HR
Judg 1:17	שִׁמְע֣וֹן	8095	HNp
Judg 1:17	אָחִ֔י/ו	251	HNcmsc/Sp3ms
Judg 1:17	וַ/יַּכּ֕וּ	c/5221	HC/Vhw3mp
Judg 1:17	אֶת	853	HTo
Judg 1:17	הַֽ/כְּנַעֲנִ֖י	d/3669 a	HTd/Ngmsa
Judg 1:17	יוֹשֵׁ֣ב	3427	HVqrmsa
Judg 1:17	צְפַ֑ת	6857	HNp
Judg 1:17	וַ/יַּחֲרִ֣ימוּ	c/2763 a	HC/Vhw3mp
Judg 1:17	אוֹתָ֔/הּ	853	HTo/Sp3fs
Judg 1:17	וַ/יִּקְרָ֥א	c/7121	HC/Vqw3ms
Judg 1:17	אֶת	853	HTo
Judg 1:17	שֵׁם	8034	HNcmsc
Judg 1:17	הָ/עִ֖יר	d/5892 b	HTd/Ncfsa
Judg 1:17	חָרְמָֽה	2767	HNp
Judg 1:18	וַ/יִּלְכֹּ֤ד	c/3920	HC/Vqw3ms
Judg 1:18	יְהוּדָה֙	3063	HNp
Judg 1:18	אֶת	853	HTo
Judg 1:18	עַזָּ֣ה	5804	HNp
Judg 1:18	וְ/אֶת	c/853	HC/To
Judg 1:18	גְּבוּלָ֔/הּ	1366	HNcmsc/Sp3fs
Judg 1:18	וְ/אֶֽת	c/853	HC/To
Judg 1:18	אַשְׁקְל֖וֹן	831	HNp
Judg 1:18	וְ/אֶת	c/853	HC/To
Judg 1:18	גְּבוּלָ֑/הּ	1366	HNcmsc/Sp3fs
Judg 1:18	וְ/אֶת	c/853	HC/To
Judg 1:18	עֶקְר֖וֹן	6138	HNp
Judg 1:18	וְ/אֶת	c/853	HC/To
Judg 1:18	גְּבוּלָֽ/הּ	1366	HNcmsc/Sp3fs
Judg 1:19	וַ/יְהִ֤י	c/1961	HC/Vqw3ms
Judg 1:19	יְהוָה֙	3068	HNp
Judg 1:19	אֶתּ	854	HR
Judg 1:19	יְהוּדָ֔ה	3063	HNp
Judg 1:19	וַ/יֹּ֖רֶשׁ	c/3423	HC/Vhw3ms
Judg 1:19	אֶת	853	HTo
Judg 1:19	הָ/הָ֑ר	d/2022	HTd/Ncmsa
Judg 1:19	כִּ֣י	3588 a	HC
Judg 1:19	לֹ֤א	3808	HTn
Judg 1:19	לְ/הוֹרִישׁ֙	l/3423	HR/Vhc
Judg 1:19	אֶת	853	HTo
Judg 1:19	יֹשְׁבֵ֣י	3427	HVqrmpc
Judg 1:19	הָ/עֵ֔מֶק	d/6010	HTd/Ncmsa
Judg 1:19	כִּי	3588 a	HC
Judg 1:19	רֶ֥כֶב	7393	HNcmsc
Judg 1:19	בַּרְזֶ֖ל	1270	HNcmsa
Judg 1:19	לָ/הֶֽם	l	HR/Sp3mp
Judg 1:20	וַ/יִּתְּנ֤וּ	c/5414	HC/Vqw3mp
Judg 1:20	לְ/כָלֵב֙	l/3612	HR/Np
Judg 1:20	אֶת	853	HTo
Judg 1:20	חֶבְר֔וֹן	2275 a	HNp
Judg 1:20	כַּֽ/אֲשֶׁ֖ר	k/834 d	HR/Tr
Judg 1:20	דִּבֶּ֣ר	1696	HVpp3ms
Judg 1:20	מֹשֶׁ֑ה	4872	HNp
Judg 1:20	וַ/יּ֣וֹרֶשׁ	c/3423	HC/Vhw3ms
Judg 1:20	מִ/שָּׁ֔ם	m/8033	HR/D
Judg 1:20	אֶת	853	HTo
Judg 1:20	שְׁלֹשָׁ֖ה	7969	HAcmsa
Judg 1:20	בְּנֵ֥י	1121 a	HNcmpc
Judg 1:20	הָ/עֲנָֽק	d/6061	HTd/Np
Judg 1:21	וְ/אֶת	c/853	HC/To
Judg 1:21	הַ/יְבוּסִי֙	d/2983	HTd/Ngmsa
Judg 1:21	יֹשֵׁ֣ב	3427	HVqrmsa
Judg 1:21	יְרֽוּשָׁלִַ֔ם	3389	HNp
Judg 1:21	לֹ֥א	3808	HTn
Judg 1:21	הוֹרִ֖ישׁוּ	3423	HVhp3cp
Judg 1:21	בְּנֵ֣י	1121 a	HNcmpc
Judg 1:21	בִנְיָמִ֑ן	1144	HNp
Judg 1:21	וַ/יֵּ֨שֶׁב	c/3427	HC/Vqw3ms
Judg 1:21	הַ/יְבוּסִ֜י	d/2983	HTd/Ngmsa
Judg 1:21	אֶת	854	HR
Judg 1:21	בְּנֵ֤י	1121 a	HNcmpc
Judg 1:21	בִנְיָמִן֙	1144	HNp
Judg 1:21	בִּ/יר֣וּשָׁלִַ֔ם	b/3389	HR/Np
Judg 1:21	עַ֖ד	5704	HR
Judg 1:21	הַ/יּ֥וֹם	d/3117	HTd/Ncmsa
Judg 1:21	הַ/זֶּֽה	d/2088	HTd/Pdxms
Judg 1:22	וַ/יַּעֲל֧וּ	c/5927	HC/Vqw3mp
Judg 1:22	בֵית	1004 b	HNcmsc
Judg 1:22	יוֹסֵ֛ף	3130	HNp
Judg 1:22	גַּם	1571	HTa
Judg 1:22	הֵ֖ם	1992	HPp3mp
Judg 1:22	בֵּֽית	1008+	HNp
Judg 1:22	אֵ֑ל	1008	HNp
Judg 1:22	וַֽ/יהוָ֖ה	c/3068	HC/Np
Judg 1:22	עִמָּֽ/ם	5973 a	HR/Sp3mp
Judg 1:23	וַ/יָּתִ֥ירוּ	c/8446	HC/Vhw3mp
Judg 1:23	בֵית	1004 b	HNcmsc
Judg 1:23	יוֹסֵ֖ף	3130	HNp
Judg 1:23	בְּ/בֵֽית	b/1008+	HR/Np
Judg 1:23	אֵ֑ל	1008	HNp
Judg 1:23	וְ/שֵׁם	c/8034	HC/Ncmsc
Judg 1:23	הָ/עִ֥יר	d/5892 b	HTd/Ncfsa
Judg 1:23	לְ/פָנִ֖ים	l/6440	HR/Ncbpa
Judg 1:23	לֽוּז	3870	HNp
Judg 1:24	וַ/יִּרְאוּ֙	c/7200	HC/Vqw3mp
Judg 1:24	הַ/שֹּׁ֣מְרִ֔ים	d/8104	HTd/Vqrmpa
Judg 1:24	אִ֖ישׁ	376	HNcmsa
Judg 1:24	יוֹצֵ֣א	3318	HVqrmsa
Judg 1:24	מִן	4480 a	HR
Judg 1:24	הָ/עִ֑יר	d/5892 b	HTd/Ncfsa
Judg 1:24	וַ/יֹּ֣אמְרוּ	c/559	HC/Vqw3mp
Judg 1:24	ל֗/וֹ	l	HR/Sp3ms
Judg 1:24	הַרְאֵ֤/נוּ	7200	HVhv2ms/Sp1cp
Judg 1:24	נָא֙	4994	HTe
Judg 1:24	אֶת	853	HTo
Judg 1:24	מְב֣וֹא	3996	HNcmsc
Judg 1:24	הָ/עִ֔יר	d/5892 b	HTd/Ncfsa
Judg 1:24	וְ/עָשִׂ֥ינוּ	c/6213 a	HC/Vqq1cp
Judg 1:24	עִמְּ/ךָ֖	5973 a	HR/Sp2ms
Judg 1:24	חָֽסֶד	2617 a	HNcmsa
Judg 1:25	וַ/יַּרְאֵ/ם֙	c/7200	HC/Vhw3ms/Sp3mp
Judg 1:25	אֶת	853	HTo
Judg 1:25	מְב֣וֹא	3996	HNcmsc
Judg 1:25	הָ/עִ֔יר	d/5892 b	HTd/Ncfsa
Judg 1:25	וַ/יַּכּ֥וּ	c/5221	HC/Vhw3mp
Judg 1:25	אֶת	853	HTo
Judg 1:25	הָ/עִ֖יר	d/5892 b	HTd/Ncfsa
Judg 1:25	לְ/פִי	l/6310	HR/Ncmsc
Judg 1:25	חָ֑רֶב	2719	HNcfsa
Judg 1:25	וְ/אֶת	c/853	HC/To
Judg 1:25	הָ/אִ֥ישׁ	d/376	HTd/Ncmsa
Judg 1:25	וְ/אֶת	c/853	HC/To
Judg 1:25	כָּל	3605	HNcmsc
Judg 1:25	מִשְׁפַּחְתּ֖/וֹ	4940	HNcfsc/Sp3ms
Judg 1:25	שִׁלֵּֽחוּ	7971	HVpp3cp
Judg 1:26	וַ/יֵּ֣לֶךְ	c/3212	HC/Vqw3ms
Judg 1:26	הָ/אִ֔ישׁ	d/376	HTd/Ncmsa
Judg 1:26	אֶ֖רֶץ	776	HNcbsc
Judg 1:26	הַ/חִתִּ֑ים	d/2850	HTd/Ngmpa
Judg 1:26	וַ/יִּ֣בֶן	c/1129	HC/Vqw3ms
Judg 1:26	עִ֗יר	5892 b	HNcfsa
Judg 1:26	וַ/יִּקְרָ֤א	c/7121	HC/Vqw3ms
Judg 1:26	שְׁמָ/הּ֙	8034	HNcmsc/Sp3fs
Judg 1:26	ל֔וּז	3870	HNp
Judg 1:26	ה֣וּא	1931	HPp3ms
Judg 1:26	שְׁמָ֔/הּ	8034	HNcmsc/Sp3fs
Judg 1:26	עַ֖ד	5704	HR
Judg 1:26	הַ/יּ֥וֹם	d/3117	HTd/Ncmsa
Judg 1:26	הַ/זֶּֽה	d/2088	HTd/Pdxms
Judg 1:27	וְ/לֹא	c/3808	HC/Tn
Judg 1:27	הוֹרִ֣ישׁ	3423	HVhp3ms
Judg 1:27	מְנַשֶּׁ֗ה	4519	HNp
Judg 1:27	אֶת	853	HTo
Judg 1:27	בֵּית	1052+	HNp
Judg 1:27	שְׁאָ֣ן	1052	HNp
Judg 1:27	וְ/אֶת	c/853	HC/To
Judg 1:27	בְּנוֹתֶי/הָ֮	1323	HNcfpc/Sp3fs
Judg 1:27	וְ/אֶת	c/853	HC/To
Judg 1:27	תַּעְנַ֣ךְ	8590	HNp
Judg 1:27	וְ/אֶת	c/853	HC/To
Judg 1:27	בְּנֹתֶי/הָ֒	1323	HNcfpc/Sp3fs
Judg 1:27	וְ/אֶת	c/853	HC/To
Judg 1:27	ישב	3427	HVqrmsc
Judg 1:27	ד֜וֹר	1756	HNp
Judg 1:27	וְ/אֶת	c/853	HC/To
Judg 1:27	בְּנוֹתֶ֗י/הָ	1323	HNcfpc/Sp3fs
Judg 1:27	וְ/אֶת	c/853	HC/To
Judg 1:27	יוֹשְׁבֵ֤י	3427	HVqrmpc
Judg 1:27	יִבְלְעָם֙	2991	HNp
Judg 1:27	וְ/אֶת	c/853	HC/To
Judg 1:27	בְּנֹתֶ֔י/הָ	1323	HNcfpc/Sp3fs
Judg 1:27	וְ/אֶת	c/853	HC/To
Judg 1:27	יוֹשְׁבֵ֥י	3427	HVqrmpc
Judg 1:27	מְגִדּ֖וֹ	4023	HNp
Judg 1:27	וְ/אֶת	c/853	HC/To
Judg 1:27	בְּנוֹתֶ֑י/הָ	1323	HNcfpc/Sp3fs
Judg 1:27	וַ/יּ֨וֹאֶל֙	c/2974	HC/Vhw3ms
Judg 1:27	הַֽ/כְּנַעֲנִ֔י	d/3669 a	HTd/Ngmsa
Judg 1:27	לָ/שֶׁ֖בֶת	l/3427	HR/Vqc
Judg 1:27	בָּ/אָ֥רֶץ	b/776	HRd/Ncbsa
Judg 1:27	הַ/זֹּֽאת	d/2063	HTd/Pdxfs
Judg 1:28	וַֽ/יְהִי֙	c/1961	HC/Vqw3ms
Judg 1:28	כִּֽי	3588 a	HC
Judg 1:28	חָזַ֣ק	2388	HVqp3ms
Judg 1:28	יִשְׂרָאֵ֔ל	3478	HNp
Judg 1:28	וַ/יָּ֥שֶׂם	c/7760 a	HC/Vqw3ms
Judg 1:28	אֶת	853	HTo
Judg 1:28	הַֽ/כְּנַעֲנִ֖י	d/3669 a	HTd/Ngmsa
Judg 1:28	לָ/מַ֑ס	l/4522	HR/Ncmsa
Judg 1:28	וְ/הוֹרֵ֖ישׁ	c/3423	HC/Vha
Judg 1:28	לֹ֥א	3808	HTn
Judg 1:28	הוֹרִישֽׁ/וֹ	3423	HVhp3ms/Sp3ms
Judg 1:29	וְ/אֶפְרַ֨יִם֙	c/669	HC/Np
Judg 1:29	לֹ֣א	3808	HTn
Judg 1:29	הוֹרִ֔ישׁ	3423	HVhp3ms
Judg 1:29	אֶת	853	HTo
Judg 1:29	הַֽ/כְּנַעֲנִ֖י	d/3669 a	HTd/Ngmsa
Judg 1:29	הַ/יּוֹשֵׁ֣ב	d/3427	HTd/Vqrmsa
Judg 1:29	בְּ/גָ֑זֶר	b/1507	HR/Np
Judg 1:29	וַ/יֵּ֧שֶׁב	c/3427	HC/Vqw3ms
Judg 1:29	הַֽ/כְּנַעֲנִ֛י	d/3669 a	HTd/Ngmsa
Judg 1:29	בְּ/קִרְבּ֖/וֹ	b/7130	HR/Ncmsc/Sp3ms
Judg 1:29	בְּ/גָֽזֶר	b/1507	HR/Np
Judg 1:30	זְבוּלֻ֗ן	2074	HNp
Judg 1:30	לֹ֤א	3808	HTn
Judg 1:30	הוֹרִישׁ֙	3423	HVhp3ms
Judg 1:30	אֶת	853	HTo
Judg 1:30	יוֹשְׁבֵ֣י	3427	HVqrmpc
Judg 1:30	קִטְר֔וֹן	7003	HNp
Judg 1:30	וְ/אֶת	c/853	HC/To
Judg 1:30	יוֹשְׁבֵ֖י	3427	HVqrmpc
Judg 1:30	נַהֲלֹ֑ל	5096	HNp
Judg 1:30	וַ/יֵּ֤שֶׁב	c/3427	HC/Vqw3ms
Judg 1:30	הַֽ/כְּנַעֲנִי֙	d/3669 a	HTd/Ngmsa
Judg 1:30	בְּ/קִרְבּ֔/וֹ	b/7130	HR/Ncmsc/Sp3ms
Judg 1:30	וַ/יִּֽהְי֖וּ	c/1961	HC/Vqw3mp
Judg 1:30	לָ/מַֽס	l/4522	HR/Ncmsa
Judg 1:31	אָשֵׁ֗ר	836	HNp
Judg 1:31	לֹ֤א	3808	HTn
Judg 1:31	הוֹרִישׁ֙	3423	HVhp3ms
Judg 1:31	אֶת	853	HTo
Judg 1:31	יֹשְׁבֵ֣י	3427	HVqrmpc
Judg 1:31	עַכּ֔וֹ	5910	HNp
Judg 1:31	וְ/אֶת	c/853	HC/To
Judg 1:31	יוֹשְׁבֵ֖י	3427	HVqrmpc
Judg 1:31	צִיד֑וֹן	6721	HNp
Judg 1:31	וְ/אֶת	c/853	HC/To
Judg 1:31	אַחְלָ֤ב	303	HNp
Judg 1:31	וְ/אֶת	c/853	HC/To
Judg 1:31	אַכְזִיב֙	392	HNp
Judg 1:31	וְ/אֶת	c/853	HC/To
Judg 1:31	חֶלְבָּ֔ה	2462	HNp
Judg 1:31	וְ/אֶת	c/853	HC/To
Judg 1:31	אֲפִ֖יק	663	HNp
Judg 1:31	וְ/אֶת	c/853	HC/To
Judg 1:31	רְחֹֽב	7340	HNp
Judg 1:32	וַ/יֵּ֨שֶׁב֙	c/3427	HC/Vqw3ms
Judg 1:32	הָ/אָ֣שֵׁרִ֔י	d/843	HTd/Ngmsa
Judg 1:32	בְּ/קֶ֥רֶב	b/7130	HR/Ncmsc
Judg 1:32	הַֽ/כְּנַעֲנִ֖י	d/3669 a	HTd/Ngmsa
Judg 1:32	יֹשְׁבֵ֣י	3427	HVqrmpc
Judg 1:32	הָ/אָ֑רֶץ	d/776	HTd/Ncbsa
Judg 1:32	כִּ֖י	3588 a	HC
Judg 1:32	לֹ֥א	3808	HTn
Judg 1:32	הוֹרִישֽׁ/וֹ	3423	HVhp3ms/Sp3ms
Judg 1:33	נַפְתָּלִ֗י	5321	HNp
Judg 1:33	לֹֽא	3808	HTn
Judg 1:33	הוֹרִ֞ישׁ	3423	HVhp3ms
Judg 1:33	אֶת	853	HTo
Judg 1:33	יֹשְׁבֵ֤י	3427	HVqrmpc
Judg 1:33	בֵֽית	1053+	HNp
Judg 1:33	שֶׁ֨מֶשׁ֙	1053	HNp
Judg 1:33	וְ/אֶת	c/853	HC/To
Judg 1:33	יֹשְׁבֵ֣י	3427	HVqrmpc
Judg 1:33	בֵית	1043+	HNp
Judg 1:33	עֲנָ֔ת	1043	HNp
Judg 1:33	וַ/יֵּ֕שֶׁב	c/3427	HC/Vqw3ms
Judg 1:33	בְּ/קֶ֥רֶב	b/7130	HR/Ncmsc
Judg 1:33	הַֽ/כְּנַעֲנִ֖י	d/3669 a	HTd/Ngmsa
Judg 1:33	יֹשְׁבֵ֣י	3427	HVqrmpc
Judg 1:33	הָ/אָ֑רֶץ	d/776	HTd/Ncbsa
Judg 1:33	וְ/יֹשְׁבֵ֤י	c/3427	HC/Vqrmpc
Judg 1:33	בֵֽית	1053+	HNp
Judg 1:33	שֶׁ֨מֶשׁ֙	1053	HNp
Judg 1:33	וּ/בֵ֣ית	c/1043+	HC/Np
Judg 1:33	עֲנָ֔ת	1043	HNp
Judg 1:33	הָי֥וּ	1961	HVqp3cp
Judg 1:33	לָ/הֶ֖ם	l	HR/Sp3mp
Judg 1:33	לָ/מַֽס	l/4522	HR/Ncmsa
Judg 1:34	וַ/יִּלְחֲצ֧וּ	c/3905	HC/Vqw3mp
Judg 1:34	הָ/אֱמֹרִ֛י	d/567	HTd/Ngmsa
Judg 1:34	אֶת	853	HTo
Judg 1:34	בְּנֵי	1121 a	HNcmpc
Judg 1:34	דָ֖ן	1835	HNp
Judg 1:34	הָ/הָ֑רָ/ה	d/2022	HTd/Ncmsa/Sd
Judg 1:34	כִּי	3588 a	HC
Judg 1:34	לֹ֥א	3808	HTn
Judg 1:34	נְתָנ֖/וֹ	5414	HVqp3ms/Sp3ms
Judg 1:34	לָ/רֶ֥דֶת	l/3381	HR/Vqc
Judg 1:34	לָ/עֵֽמֶק	l/6010	HRd/Ncmsa
Judg 1:35	וַ/יּ֤וֹאֶל	c/2974	HC/Vhw3ms
Judg 1:35	הָֽ/אֱמֹרִי֙	d/567	HTd/Ngmsa
Judg 1:35	לָ/שֶׁ֣בֶת	l/3427	HR/Vqc
Judg 1:35	בְּ/הַר	b/2022	HR/Ncmsc
Judg 1:35	חֶ֔רֶס	2776	HNp
Judg 1:35	בְּ/אַיָּל֖וֹן	b/357	HR/Np
Judg 1:35	וּ/בְ/שַֽׁעַלְבִ֑ים	c/b/8169	HC/R/Np
Judg 1:35	וַ/תִּכְבַּד֙	c/3513	HC/Vqw3fs
Judg 1:35	יַ֣ד	3027	HNcbsc
Judg 1:35	בֵּית	1004 b	HNcmsc
Judg 1:35	יוֹסֵ֔ף	3130	HNp
Judg 1:35	וַ/יִּהְי֖וּ	c/1961	HC/Vqw3mp
Judg 1:35	לָ/מַֽס	l/4522	HR/Ncmsa
Judg 1:36	וּ/גְבוּל֙	c/1366	HC/Ncmsc
Judg 1:36	הָ/אֱמֹרִ֔י	d/567	HTd/Ngmsa
Judg 1:36	מִֽ/מַּעֲלֵ֖ה	m/4610+	HR/Ncmsc
Judg 1:36	עַקְרַבִּ֑ים	4610	HNp
Judg 1:36	מֵ/הַ/סֶּ֖לַע	m/d/5553	HR/Td/Np
Judg 1:36	וָ/מָֽעְלָ/ה	c/4605	HC/D/Sd
Judg 2:1	וַ/יַּ֧עַל	c/5927	HC/Vqw3ms
Judg 2:1	מַלְאַךְ	4397	HNcmsc
Judg 2:1	יְהוָ֛ה	3068	HNp
Judg 2:1	מִן	4480 a	HR
Judg 2:1	הַ/גִּלְגָּ֖ל	d/1537	HTd/Np
Judg 2:1	אֶל	413	HR
Judg 2:1	הַ/בֹּכִ֑ים	d/1066	HTd/Np
Judg 2:1	וַ/יֹּאמֶר֩	c/559	HC/Vqw3ms
Judg 2:1	אַעֲלֶ֨ה	5927	HVhi1cs
Judg 2:1	אֶתְ/כֶ֜ם	853	HTo/Sp2mp
Judg 2:1	מִ/מִּצְרַ֗יִם	m/4714	HR/Np
Judg 2:1	וָ/אָבִ֤יא	c/935	HC/Vhw1cs
Judg 2:1	אֶתְ/כֶם֙	853	HTo/Sp2mp
Judg 2:1	אֶל	413	HR
Judg 2:1	הָ/אָ֗רֶץ	d/776	HTd/Ncbsa
Judg 2:1	אֲשֶׁ֤ר	834 a	HTr
Judg 2:1	נִשְׁבַּ֨עְתִּי֙	7650	HVNp1cs
Judg 2:1	לַ/אֲבֹ֣תֵי/כֶ֔ם	l/1	HR/Ncmpc/Sp2mp
Judg 2:1	וָ/אֹמַ֕ר	c/559	HC/Vqw1cs
Judg 2:1	לֹֽא	3808	HTn
Judg 2:1	אָפֵ֧ר	6565 a	HVhi1cs
Judg 2:1	בְּרִיתִ֛/י	1285	HNcfsc/Sp1cs
Judg 2:1	אִתְּ/כֶ֖ם	854	HR/Sp2mp
Judg 2:1	לְ/עוֹלָֽם	l/5769	HR/Ncmsa
Judg 2:2	וְ/אַתֶּ֗ם	c/859 d	HC/Pp2mp
Judg 2:2	לֹֽא	3808	HTn
Judg 2:2	תִכְרְת֤וּ	3772	HVqi2mp
Judg 2:2	בְרִית֙	1285	HNcfsa
Judg 2:2	לְ/יֽוֹשְׁבֵי֙	l/3427	HR/Vqrmpc
Judg 2:2	הָ/אָ֣רֶץ	d/776	HTd/Ncbsa
Judg 2:2	הַ/זֹּ֔את	d/2063	HTd/Pdxfs
Judg 2:2	מִזְבְּחוֹתֵי/הֶ֖ם	4196	HNcmpc/Sp3mp
Judg 2:2	תִּתֹּצ֑וּ/ן	5422	HVqi2mp/Sn
Judg 2:2	וְ/לֹֽא	c/3808	HC/Tn
Judg 2:2	שְׁמַעְתֶּ֥ם	8085	HVqp2mp
Judg 2:2	בְּ/קֹלִ֖/י	b/6963 a	HR/Ncmsc/Sp1cs
Judg 2:2	מַה	4100	HTi
Judg 2:2	זֹּ֥את	2063	HPdxfs
Judg 2:2	עֲשִׂיתֶֽם	6213 a	HVqp2mp
Judg 2:3	וְ/גַ֣ם	c/1571	HC/Ta
Judg 2:3	אָמַ֔רְתִּי	559	HVqp1cs
Judg 2:3	לֹֽא	3808	HTn
Judg 2:3	אֲגָרֵ֥שׁ	1644	HVpi1cs
Judg 2:3	אוֹתָ֖/ם	853	HTo/Sp3mp
Judg 2:3	מִ/פְּנֵי/כֶ֑ם	m/6440	HR/Ncbpc/Sp2mp
Judg 2:3	וְ/הָי֤וּ	c/1961	HC/Vqq3cp
Judg 2:3	לָ/כֶם֙	l	HR/Sp2mp
Judg 2:3	לְ/צִדִּ֔ים	l/6654	HR/Ncmpa
Judg 2:3	וֵ/אלֹ֣הֵי/הֶ֔ם	c/430	HC/Ncmpc/Sp3mp
Judg 2:3	יִהְי֥וּ	1961	HVqi3mp
Judg 2:3	לָ/כֶ֖ם	l	HR/Sp2mp
Judg 2:3	לְ/מוֹקֵֽשׁ	l/4170	HR/Ncmsa
Judg 2:4	וַ/יְהִ֗י	c/1961	HC/Vqw3ms
Judg 2:4	כְּ/דַבֵּ֞ר	k/1696	HR/Vpc
Judg 2:4	מַלְאַ֤ךְ	4397	HNcmsc
Judg 2:4	יְהוָה֙	3068	HNp
Judg 2:4	אֶת	853	HTo
Judg 2:4	הַ/דְּבָרִ֣ים	d/1697	HTd/Ncmpa
Judg 2:4	הָ/אֵ֔לֶּה	d/428	HTd/Pdxcp
Judg 2:4	אֶֽל	413	HR
Judg 2:4	כָּל	3605	HNcmsc
Judg 2:4	בְּנֵ֖י	1121 a	HNcmpc
Judg 2:4	יִשְׂרָאֵ֑ל	3478	HNp
Judg 2:4	וַ/יִּשְׂא֥וּ	c/5375	HC/Vqw3mp
Judg 2:4	הָ/עָ֛ם	d/5971 a	HTd/Ncmsa
Judg 2:4	אֶת	853	HTo
Judg 2:4	קוֹלָ֖/ם	6963 a	HNcmsc/Sp3mp
Judg 2:4	וַ/יִּבְכּֽוּ	c/1058	HC/Vqw3mp
Judg 2:5	וַֽ/יִּקְרְא֛וּ	c/7121	HC/Vqw3mp
Judg 2:5	שֵֽׁם	8034	HNcmsc
Judg 2:5	הַ/מָּק֥וֹם	d/4725	HTd/Ncmsa
Judg 2:5	הַ/ה֖וּא	d/1931	HTd/Pp3ms
Judg 2:5	בֹּכִ֑ים	1066	HNp
Judg 2:5	וַ/יִּזְבְּחוּ	c/2076	HC/Vqw3mp
Judg 2:5	שָׁ֖ם	8033	HD
Judg 2:5	לַֽ/יהוָֽה	l/3068	HR/Np
Judg 2:6	וַ/יְשַׁלַּ֥ח	c/7971	HC/Vpw3ms
Judg 2:6	יְהוֹשֻׁ֖עַ	3091	HNp
Judg 2:6	אֶת	853	HTo
Judg 2:6	הָ/עָ֑ם	d/5971 a	HTd/Ncmsa
Judg 2:6	וַ/יֵּלְכ֧וּ	c/3212	HC/Vqw3mp
Judg 2:6	בְנֵֽי	1121 a	HNcmpc
Judg 2:6	יִשְׂרָאֵ֛ל	3478	HNp
Judg 2:6	אִ֥ישׁ	376	HNcmsa
Judg 2:6	לְ/נַחֲלָת֖/וֹ	l/5159	HR/Ncfsc/Sp3ms
Judg 2:6	לָ/רֶ֥שֶׁת	l/3423	HR/Vqc
Judg 2:6	אֶת	853	HTo
Judg 2:6	הָ/אָֽרֶץ	d/776	HTd/Ncbsa
Judg 2:7	וַ/יַּעַבְד֤וּ	c/5647	HC/Vqw3mp
Judg 2:7	הָ/עָם֙	d/5971 a	HTd/Ncmsa
Judg 2:7	אֶת	853	HTo
Judg 2:7	יְהוָ֔ה	3068	HNp
Judg 2:7	כֹּ֖ל	3605	HNcmsc
Judg 2:7	יְמֵ֣י	3117	HNcmpc
Judg 2:7	יְהוֹשֻׁ֑עַ	3091	HNp
Judg 2:7	וְ/כֹ֣ל	c/3605	HC/Ncmsc
Judg 2:7	יְמֵ֣י	3117	HNcmpc
Judg 2:7	הַ/זְּקֵנִ֗ים	d/2205	HTd/Aampa
Judg 2:7	אֲשֶׁ֨ר	834 a	HTr
Judg 2:7	הֶאֱרִ֤יכוּ	748	HVhp3cp
Judg 2:7	יָמִים֙	3117	HNcmpa
Judg 2:7	אַחֲרֵ֣י	310 a	HR
Judg 2:7	יְהוֹשׁ֔וּעַ	3091	HNp
Judg 2:7	אֲשֶׁ֣ר	834 a	HTr
Judg 2:7	רָא֗וּ	7200	HVqp3cp
Judg 2:7	אֵ֣ת	853	HTo
Judg 2:7	כָּל	3605	HNcmsc
Judg 2:7	מַעֲשֵׂ֤ה	4639	HNcmsc
Judg 2:7	יְהוָה֙	3068	HNp
Judg 2:7	הַ/גָּד֔וֹל	d/1419 a	HTd/Aamsa
Judg 2:7	אֲשֶׁ֥ר	834 a	HTr
Judg 2:7	עָשָׂ֖ה	6213 a	HVqp3ms
Judg 2:7	לְ/יִשְׂרָאֵֽל	l/3478	HR/Np
Judg 2:8	וַ/יָּ֛מָת	c/4191	HC/Vqw3ms
Judg 2:8	יְהוֹשֻׁ֥עַ	3091	HNp
Judg 2:8	בִּן	1121 a	HNcmsc
Judg 2:8	נ֖וּן	5126	HNp
Judg 2:8	עֶ֣בֶד	5650	HNcmsc
Judg 2:8	יְהוָ֑ה	3068	HNp
Judg 2:8	בֶּן	1121 a	HNcmsc
Judg 2:8	מֵאָ֥ה	3967	HAcbsa
Judg 2:8	וָ/עֶ֖שֶׂר	c/6235	HC/Acfsa
Judg 2:8	שָׁנִֽים	8141	HNcfpa
Judg 2:9	וַ/יִּקְבְּר֤וּ	c/6912	HC/Vqw3mp
Judg 2:9	אוֹת/וֹ֙	853	HTo/Sp3ms
Judg 2:9	בִּ/גְב֣וּל	b/1366	HR/Ncmsc
Judg 2:9	נַחֲלָת֔/וֹ	5159	HNcfsc/Sp3ms
Judg 2:9	בְּ/תִמְנַת	b/8556 a	HR/Np
Judg 2:9	חֶ֖רֶס	8556 a	HNp
Judg 2:9	בְּ/הַ֣ר	b/2022	HR/Ncmsc
Judg 2:9	אֶפְרָ֑יִם	669	HNp
Judg 2:9	מִ/צְּפ֖וֹן	m/6828	HR/Ncfsc
Judg 2:9	לְ/הַר	l/2022	HR/Ncmsc
Judg 2:9	גָּֽעַשׁ	1608	HNp
Judg 2:10	וְ/גַם֙	c/1571	HC/Ta
Judg 2:10	כָּל	3605	HNcmsc
Judg 2:10	הַ/דּ֣וֹר	d/1755	HTd/Ncmsa
Judg 2:10	הַ/ה֔וּא	d/1931	HTd/Pp3ms
Judg 2:10	נֶאֶסְפ֖וּ	622	HVNp3cp
Judg 2:10	אֶל	413	HR
Judg 2:10	אֲבוֹתָ֑י/ו	1	HNcmpc/Sp3ms
Judg 2:10	וַ/יָּקָם֩	c/6965 b	HC/Vqw3ms
Judg 2:10	דּ֨וֹר	1755	HNcmsa
Judg 2:10	אַחֵ֜ר	312	HAamsa
Judg 2:10	אַחֲרֵי/הֶ֗ם	310 a	HR/Sp3mp
Judg 2:10	אֲשֶׁ֤ר	834 a	HTr
Judg 2:10	לֹא	3808	HTn
Judg 2:10	יָֽדְעוּ֙	3045	HVqp3cp
Judg 2:10	אֶת	853	HTo
Judg 2:10	יְהוָ֔ה	3068	HNp
Judg 2:10	וְ/גַם֙	c/1571	HC/Ta
Judg 2:10	אֶת	853	HTo
Judg 2:10	הַֽ/מַּעֲשֶׂ֔ה	d/4639	HTd/Ncmsa
Judg 2:10	אֲשֶׁ֥ר	834 a	HTr
Judg 2:10	עָשָׂ֖ה	6213 a	HVqp3ms
Judg 2:10	לְ/יִשְׂרָאֵֽל	l/3478	HR/Np
Judg 2:11	וַ/יַּעֲשׂ֧וּ	c/6213 a	HC/Vqw3mp
Judg 2:11	בְנֵֽי	1121 a	HNcmpc
Judg 2:11	יִשְׂרָאֵ֛ל	3478	HNp
Judg 2:11	אֶת	853	HTo
Judg 2:11	הָ/רַ֖ע	d/7451 a	HTd/Aamsa
Judg 2:11	בְּ/עֵינֵ֣י	b/5869 a	HR/Ncbdc
Judg 2:11	יְהוָ֑ה	3068	HNp
Judg 2:11	וַ/יַּעַבְד֖וּ	c/5647	HC/Vqw3mp
Judg 2:11	אֶת	853	HTo
Judg 2:11	הַ/בְּעָלִֽים	d/1168 a	HTd/Np
Judg 2:12	וַ/יַּעַזְב֞וּ	c/5800 a	HC/Vqw3mp
Judg 2:12	אֶת	853	HTo
Judg 2:12	יְהוָ֣ה	3068	HNp
Judg 2:12	אֱלֹהֵ֣י	430	HNcmpc
Judg 2:12	אֲבוֹתָ֗/ם	1	HNcmpc/Sp3mp
Judg 2:12	הַ/מּוֹצִ֣יא	d/3318	HTd/Vhrmsa
Judg 2:12	אוֹתָ/ם֮	853	HTo/Sp3mp
Judg 2:12	מֵ/אֶ֣רֶץ	m/776	HR/Ncbsc
Judg 2:12	מִצְרַיִם֒	4714	HNp
Judg 2:12	וַ/יֵּלְכ֞וּ	c/3212	HC/Vqw3mp
Judg 2:12	אַחֲרֵ֣י	310 a	HR
Judg 2:12	אֱלֹהִ֣ים	430	HNcmpa
Judg 2:12	אֲחֵרִ֗ים	312	HAampa
Judg 2:12	מֵ/אֱלֹהֵ֤י	m/430	HR/Ncmpc
Judg 2:12	הָֽ/עַמִּים֙	d/5971 a	HTd/Ncmpa
Judg 2:12	אֲשֶׁר֙	834 a	HTr
Judg 2:12	סְבִיב֣וֹתֵי/הֶ֔ם	5439	HNcbpc/Sp3mp
Judg 2:12	וַ/יִּֽשְׁתַּחֲו֖וּ	c/7812	HC/Vtw3mp
Judg 2:12	לָ/הֶ֑ם	l	HR/Sp3mp
Judg 2:12	וַ/יַּכְעִ֖סוּ	c/3707	HC/Vhw3mp
Judg 2:12	אֶת	853	HTo
Judg 2:12	יְהוָֽה	3068	HNp
Judg 2:13	וַ/יַּעַזְב֖וּ	c/5800 a	HC/Vqw3mp
Judg 2:13	אֶת	853	HTo
Judg 2:13	יְהוָ֑ה	3068	HNp
Judg 2:13	וַ/יַּעַבְד֥וּ	c/5647	HC/Vqw3mp
Judg 2:13	לַ/בַּ֖עַל	l/1168 a	HRd/Np
Judg 2:13	וְ/לָ/עַשְׁתָּרֽוֹת	c/l/6252	HC/Rd/Np
Judg 2:14	וַ/יִּֽחַר	c/2734	HC/Vqw3ms
Judg 2:14	אַ֤ף	639	HTa
Judg 2:14	יְהוָה֙	3068	HNp
Judg 2:14	בְּ/יִשְׂרָאֵ֔ל	b/3478	HR/Np
Judg 2:14	וַֽ/יִּתְּנֵ/ם֙	c/5414	HC/Vqw3ms/Sp3mp
Judg 2:14	בְּ/יַד	b/3027	HR/Ncbsc
Judg 2:14	שֹׁסִ֔ים	8154	HVqrmpa
Judg 2:14	וַ/יָּשֹׁ֖סּוּ	c/8155	HC/Vqw3mp
Judg 2:14	אוֹתָ֑/ם	853	HTo/Sp3mp
Judg 2:14	וַֽ/יִּמְכְּרֵ֞/ם	c/4376	HC/Vqw3ms/Sp3mp
Judg 2:14	בְּ/יַ֤ד	b/3027	HR/Ncbsc
Judg 2:14	אֽוֹיְבֵי/הֶם֙	341	HVqrmpc/Sp3mp
Judg 2:14	מִ/סָּבִ֔יב	m/5439	HR/Ncbsa
Judg 2:14	וְ/לֹֽא	c/3808	HC/Tn
Judg 2:14	יָכְל֣וּ	3201	HVqp3cp
Judg 2:14	ע֔וֹד	5750	HD
Judg 2:14	לַ/עֲמֹ֖ד	l/5975	HR/Vqc
Judg 2:14	לִ/פְנֵ֥י	l/6440	HR/Ncbpc
Judg 2:14	אוֹיְבֵי/הֶֽם	341	HVqrmpc/Sp3mp
Judg 2:15	בְּ/כֹ֣ל	b/3605	HR/Ncmsa
Judg 2:15	אֲשֶׁ֣ר	834 a	HTr
Judg 2:15	יָצְא֗וּ	3318	HVqp3cp
Judg 2:15	יַד	3027	HNcbsc
Judg 2:15	יְהוָה֙	3068	HNp
Judg 2:15	הָיְתָה	1961	HVqp3fs
Judg 2:15	בָּ֣/ם	b	HR/Sp3mp
Judg 2:15	לְ/רָעָ֔ה	l/7451 c	HR/Ncfsa
Judg 2:15	כַּֽ/אֲשֶׁר֙	k/834 d	HR/Tr
Judg 2:15	דִּבֶּ֣ר	1696	HVpp3ms
Judg 2:15	יְהוָ֔ה	3068	HNp
Judg 2:15	וְ/כַ/אֲשֶׁ֛ר	c/k/834 d	HC/R/Tr
Judg 2:15	נִשְׁבַּ֥ע	7650	HVNp3ms
Judg 2:15	יְהוָ֖ה	3068	HNp
Judg 2:15	לָ/הֶ֑ם	l	HR/Sp3mp
Judg 2:15	וַ/יֵּ֥צֶר	c/3334	HC/Vqw3ms
Judg 2:15	לָ/הֶ֖ם	l	HR/Sp3mp
Judg 2:15	מְאֹֽד	3966	HD
Judg 2:16	וַ/יָּ֥קֶם	c/6965 b	HC/Vhw3ms
Judg 2:16	יְהוָ֖ה	3068	HNp
Judg 2:16	שֹֽׁפְטִ֑ים	8199	HVqrmpa
Judg 2:16	וַ/יּ֣וֹשִׁיע֔וּ/ם	c/3467	HC/Vhw3mp/Sp3mp
Judg 2:16	מִ/יַּ֖ד	m/3027	HR/Ncbsc
Judg 2:16	שֹׁסֵי/הֶֽם	8154	HVqrmpc/Sp3mp
Judg 2:17	וְ/גַ֤ם	c/1571	HC/Ta
Judg 2:17	אֶל	413	HR
Judg 2:17	שֹֽׁפְטֵי/הֶם֙	8199	HVqrmpc/Sp3mp
Judg 2:17	לֹ֣א	3808	HTn
Judg 2:17	שָׁמֵ֔עוּ	8085	HVqp3cp
Judg 2:17	כִּ֣י	3588 a	HC
Judg 2:17	זָנ֗וּ	2181	HVqp3cp
Judg 2:17	אַֽחֲרֵי֙	310 a	HR
Judg 2:17	אֱלֹהִ֣ים	430	HNcmpa
Judg 2:17	אֲחֵרִ֔ים	312	HAampa
Judg 2:17	וַ/יִּֽשְׁתַּחֲו֖וּ	c/7812	HC/Vtw3mp
Judg 2:17	לָ/הֶ֑ם	l	HR/Sp3mp
Judg 2:17	סָ֣רוּ	5493	HVqp3cp
Judg 2:17	מַהֵ֗ר	4118 b	HVpa
Judg 2:17	מִן	4480 a	HR
Judg 2:17	הַ/דֶּ֜רֶךְ	d/1870	HTd/Ncbsa
Judg 2:17	אֲשֶׁ֨ר	834 a	HTr
Judg 2:17	הָלְכ֧וּ	1980	HVqp3cp
Judg 2:17	אֲבוֹתָ֛/ם	1	HNcmpc/Sp3mp
Judg 2:17	לִ/שְׁמֹ֥עַ	l/8085	HR/Vqc
Judg 2:17	מִצְוֺת	4687	HNcfpc
Judg 2:17	יְהוָ֖ה	3068	HNp
Judg 2:17	לֹא	3808	HTn
Judg 2:17	עָ֥שׂוּ	6213 a	HVqp3cp
Judg 2:17	כֵֽן	3651 c	HD
Judg 2:18	וְ/כִֽי	c/3588 a	HC/C
Judg 2:18	הֵקִ֨ים	6965 b	HVhp3ms
Judg 2:18	יְהוָ֥ה	3068	HNp
Judg 2:18	לָ/הֶם֮	l	HR/Sp3mp
Judg 2:18	שֹֽׁפְטִים֒	8199	HVqrmpa
Judg 2:18	וְ/הָיָ֤ה	c/1961	HC/Vqq3ms
Judg 2:18	יְהוָה֙	3068	HNp
Judg 2:18	עִם	5973 a	HR
Judg 2:18	הַ/שֹּׁפֵ֔ט	d/8199	HTd/Vqrmsa
Judg 2:18	וְ/הֽוֹשִׁיעָ/ם֙	c/3467	HC/Vhq3ms/Sp3mp
Judg 2:18	מִ/יַּ֣ד	m/3027	HR/Ncbsc
Judg 2:18	אֹֽיְבֵי/הֶ֔ם	341	HVqrmpc/Sp3mp
Judg 2:18	כֹּ֖ל	3605	HNcmsc
Judg 2:18	יְמֵ֣י	3117	HNcmpc
Judg 2:18	הַ/שּׁוֹפֵ֑ט	d/8199	HTd/Vqrmsa
Judg 2:18	כִּֽי	3588 a	HC
Judg 2:18	יִנָּחֵ֤ם	5162	HVNi3ms
Judg 2:18	יְהוָה֙	3068	HNp
Judg 2:18	מִ/נַּֽאֲקָתָ֔/ם	m/5009	HR/Ncfsc/Sp3mp
Judg 2:18	מִ/פְּנֵ֥י	m/6440	HR/Ncbpc
Judg 2:18	לֹחֲצֵי/הֶ֖ם	3905	HVqrmpc/Sp3mp
Judg 2:18	וְ/דֹחֲקֵי/הֶֽם	c/1766	HC/Vqrmpc/Sp3mp
Judg 2:19	וְ/הָיָ֣ה	c/1961	HC/Vqq3ms
Judg 2:19	בְּ/מ֣וֹת	b/4191	HR/Ncmsc
Judg 2:19	הַ/שּׁוֹפֵ֗ט	d/8199	HTd/Vqrmsa
Judg 2:19	יָשֻׁ֨בוּ֙	7725	HVqi3mp
Judg 2:19	וְ/הִשְׁחִ֣יתוּ	c/7843	HC/Vhq3cp
Judg 2:19	מֵֽ/אֲבוֹתָ֔/ם	m/1	HR/Ncmpc/Sp3mp
Judg 2:19	לָ/לֶ֗כֶת	l/3212	HR/Vqc
Judg 2:19	אַֽחֲרֵי֙	310 a	HR
Judg 2:19	אֱלֹהִ֣ים	430	HNcmpa
Judg 2:19	אֲחֵרִ֔ים	312	HAampa
Judg 2:19	לְ/עָבְדָ֖/ם	l/5647	HR/Vqc/Sp3mp
Judg 2:19	וּ/לְ/הִשְׁתַּחֲוֺ֣ת	c/l/7812	HC/R/Vvc
Judg 2:19	לָ/הֶ֑ם	l	HR/Sp3mp
Judg 2:19	לֹ֤א	3808	HTn
Judg 2:19	הִפִּ֨ילוּ֙	5307	HVhp3cp
Judg 2:19	מִ/מַּ֣עַלְלֵי/הֶ֔ם	m/4611	HR/Ncmpc/Sp3mp
Judg 2:19	וּ/מִ/דַּרְכָּ֖/ם	c/m/1870	HC/R/Ncbsc/Sp3mp
Judg 2:19	הַ/קָּשָֽׁה	d/7186	HTd/Aafsa
Judg 2:20	וַ/יִּֽחַר	c/2734	HC/Vqw3ms
Judg 2:20	אַ֥ף	639	HTa
Judg 2:20	יְהוָ֖ה	3068	HNp
Judg 2:20	בְּ/יִשְׂרָאֵ֑ל	b/3478	HR/Np
Judg 2:20	וַ/יֹּ֗אמֶר	c/559	HC/Vqw3ms
Judg 2:20	יַעַן֩	3282	HC
Judg 2:20	אֲשֶׁ֨ר	834 a	HTr
Judg 2:20	עָבְר֜וּ	5674 a	HVqp3cp
Judg 2:20	הַ/גּ֣וֹי	d/1471 a	HTd/Ncmsa
Judg 2:20	הַ/זֶּ֗ה	d/2088	HTd/Pdxms
Judg 2:20	אֶת	853	HTo
Judg 2:20	בְּרִיתִ/י֙	1285	HNcfsc/Sp1cs
Judg 2:20	אֲשֶׁ֣ר	834 a	HTr
Judg 2:20	צִוִּ֣יתִי	6680	HVpp1cs
Judg 2:20	אֶת	853	HTo
Judg 2:20	אֲבוֹתָ֔/ם	1	HNcmpc/Sp3mp
Judg 2:20	וְ/לֹ֥א	c/3808	HC/Tn
Judg 2:20	שָׁמְע֖וּ	8085	HVqp3cp
Judg 2:20	לְ/קוֹלִֽ/י	l/6963 a	HR/Ncmsc/Sp1cs
Judg 2:21	גַּם	1571	HTa
Judg 2:21	אֲנִי֙	589	HPp1cs
Judg 2:21	לֹ֣א	3808	HTn
Judg 2:21	אוֹסִ֔יף	3254	HVhi1cs
Judg 2:21	לְ/הוֹרִ֥ישׁ	l/3423	HR/Vhc
Judg 2:21	אִ֖ישׁ	376	HNcmsa
Judg 2:21	מִ/פְּנֵי/הֶ֑ם	m/6440	HR/Ncbpc/Sp3mp
Judg 2:21	מִן	4480 a	HR
Judg 2:21	הַ/גּוֹיִ֛ם	d/1471 a	HTd/Ncmpa
Judg 2:21	אֲשֶׁר	834 a	HTr
Judg 2:21	עָזַ֥ב	5800 a	HVqp3ms
Judg 2:21	יְהוֹשֻׁ֖עַ	3091	HNp
Judg 2:21	וַ/יָּמֹֽת	c/4191	HC/Vqw3ms
Judg 2:22	לְמַ֛עַן	4616	HR
Judg 2:22	נַסּ֥וֹת	5254	HVpc
Judg 2:22	בָּ֖/ם	b	HR/Sp3mp
Judg 2:22	אֶת	853	HTo
Judg 2:22	יִשְׂרָאֵ֑ל	3478	HNp
Judg 2:22	הֲ/שֹׁמְרִ֣ים	i/8104	HTi/Vqrmpa
Judg 2:22	הֵם֩	1992	HPp3mp
Judg 2:22	אֶת	853	HTo
Judg 2:22	דֶּ֨רֶךְ	1870	HNcbsc
Judg 2:22	יְהוָ֜ה	3068	HNp
Judg 2:22	לָ/לֶ֣כֶת	l/3212	HR/Vqc
Judg 2:22	בָּ֗/ם	b	HR/Sp3mp
Judg 2:22	כַּ/אֲשֶׁ֛ר	k/834 d	HR/Tr
Judg 2:22	שָׁמְר֥וּ	8104	HVqp3cp
Judg 2:22	אֲבוֹתָ֖/ם	1	HNcmpc/Sp3mp
Judg 2:22	אִם	518 a	HC
Judg 2:22	לֹֽא	3808	HTn
Judg 2:23	וַ/יַּנַּ֤ח	c/3240	HC/Vhw3ms
Judg 2:23	יְהוָה֙	3068	HNp
Judg 2:23	אֶת	853	HTo
Judg 2:23	הַ/גּוֹיִ֣ם	d/1471 a	HTd/Ncmpa
Judg 2:23	הָ/אֵ֔לֶּה	d/428	HTd/Pdxcp
Judg 2:23	לְ/בִלְתִּ֥י	l/1115	HR/C
Judg 2:23	הוֹרִישָׁ֖/ם	3423	HVhc/Sp3mp
Judg 2:23	מַהֵ֑ר	4118 b	HVpa
Judg 2:23	וְ/לֹ֥א	c/3808	HC/Tn
Judg 2:23	נְתָנָ֖/ם	5414	HVqp3ms/Sp3mp
Judg 2:23	בְּ/יַד	b/3027	HR/Ncbsc
Judg 2:23	יְהוֹשֻֽׁעַ	3091	HNp
Judg 3:1	וְ/אֵ֤לֶּה	c/428	HC/Pdxcp
Judg 3:1	הַ/גּוֹיִם֙	d/1471 a	HTd/Ncmpa
Judg 3:1	אֲשֶׁ֣ר	834 a	HTr
Judg 3:1	הִנִּ֣יחַ	3240	HVhp3ms
Judg 3:1	יְהוָ֔ה	3068	HNp
Judg 3:1	לְ/נַסּ֥וֹת	l/5254	HR/Vpc
Judg 3:1	בָּ֖/ם	b	HR/Sp3mp
Judg 3:1	אֶת	853	HTo
Judg 3:1	יִשְׂרָאֵ֑ל	3478	HNp
Judg 3:1	אֵ֚ת	853	HTo
Judg 3:1	כָּל	3605	HNcmsc
Judg 3:1	אֲשֶׁ֣ר	834 a	HTr
Judg 3:1	לֹֽא	3808	HTn
Judg 3:1	יָדְע֔וּ	3045	HVqp3cp
Judg 3:1	אֵ֖ת	853	HTo
Judg 3:1	כָּל	3605	HNcmsc
Judg 3:1	מִלְחֲמ֥וֹת	4421	HNcfpc
Judg 3:1	כְּנָֽעַן	3667 a	HNp
Judg 3:2	רַ֗ק	7535	HTa
Judg 3:2	לְמַ֨עַן֙	4616	HR
Judg 3:2	דַּ֚עַת	1847	HVqc
Judg 3:2	דֹּר֣וֹת	1755	HNcmpc
Judg 3:2	בְּנֵֽי	1121 a	HNcmpc
Judg 3:2	יִשְׂרָאֵ֔ל	3478	HNp
Judg 3:2	לְ/לַמְּדָ֖/ם	l/3925	HR/Vpc/Sp3mp
Judg 3:2	מִלְחָמָ֑ה	4421	HNcfsa
Judg 3:2	רַ֥ק	7535	HTa
Judg 3:2	אֲשֶׁר	834 a	HTr
Judg 3:2	לְ/פָנִ֖ים	l/6440	HR/Ncbpa
Judg 3:2	לֹ֥א	3808	HTn
Judg 3:2	יְדָעֽוּ/ם	3045	HVqp3cp/Sp3mp
Judg 3:3	חֲמֵ֣שֶׁת	2568	HAcmsc
Judg 3:3	סַרְנֵ֣י	5633 a	HNcmpc
Judg 3:3	פְלִשְׁתִּ֗ים	6430	HNgmpa
Judg 3:3	וְ/כָל	c/3605	HC/Ncmsc
Judg 3:3	הַֽ/כְּנַעֲנִי֙	d/3669 a	HTd/Ngmsa
Judg 3:3	וְ/הַ/צִּ֣ידֹנִ֔י	c/d/6722	HC/Td/Ngmsa
Judg 3:3	וְ/הַ֣/חִוִּ֔י	c/d/2340	HC/Td/Ngmsa
Judg 3:3	יֹשֵׁ֖ב	3427	HVqrmsa
Judg 3:3	הַ֣ר	2022	HNcmsc
Judg 3:3	הַ/לְּבָנ֑וֹן	d/3844	HTd/Np
Judg 3:3	מֵ/הַר֙	m/2022	HR/Ncmsc
Judg 3:3	בַּ֣עַל	1179+	HNp
Judg 3:3	חֶרְמ֔וֹן	1179	HNp
Judg 3:3	עַ֖ד	5704	HR
Judg 3:3	לְב֥וֹא	935	HNp
Judg 3:3	חֲמָֽת	2574	HNp
Judg 3:4	וַֽ/יִּהְי֕וּ	c/1961	HC/Vqw3mp
Judg 3:4	לְ/נַסּ֥וֹת	l/5254	HR/Vpc
Judg 3:4	בָּ֖/ם	b	HR/Sp3mp
Judg 3:4	אֶת	853	HTo
Judg 3:4	יִשְׂרָאֵ֑ל	3478	HNp
Judg 3:4	לָ/דַ֗עַת	l/3045	HR/Vqc
Judg 3:4	הֲ/יִשְׁמְעוּ֙	i/8085	HTi/Vqi3mp
Judg 3:4	אֶת	853	HTo
Judg 3:4	מִצְוֺ֣ת	4687	HNcfpc
Judg 3:4	יְהוָ֔ה	3068	HNp
Judg 3:4	אֲשֶׁר	834 a	HTr
Judg 3:4	צִוָּ֥ה	6680	HVpp3ms
Judg 3:4	אֶת	853	HTo
Judg 3:4	אֲבוֹתָ֖/ם	1	HNcmpc/Sp3mp
Judg 3:4	בְּ/יַד	b/3027	HR/Ncbsc
Judg 3:4	מֹשֶֽׁה	4872	HNp
Judg 3:5	וּ/בְנֵ֣י	c/1121 a	HC/Ncmpc
Judg 3:5	יִשְׂרָאֵ֔ל	3478	HNp
Judg 3:5	יָשְׁב֖וּ	3427	HVqp3cp
Judg 3:5	בְּ/קֶ֣רֶב	b/7130	HR/Ncmsc
Judg 3:5	הַֽ/כְּנַעֲנִ֑י	d/3669 a	HTd/Ngmsa
Judg 3:5	הַ/חִתִּ֤י	d/2850	HTd/Ngmsa
Judg 3:5	וְ/הָֽ/אֱמֹרִי֙	c/d/567	HC/Td/Ngmsa
Judg 3:5	וְ/הַ/פְּרִזִּ֔י	c/d/6522	HC/Td/Ngmsa
Judg 3:5	וְ/הַ/חִוִּ֖י	c/d/2340	HC/Td/Ngmsa
Judg 3:5	וְ/הַ/יְבוּסִֽי	c/d/2983	HC/Td/Ngmsa
Judg 3:6	וַ/יִּקְח֨וּ	c/3947	HC/Vqw3mp
Judg 3:6	אֶת	853	HTo
Judg 3:6	בְּנוֹתֵי/הֶ֤ם	1323	HNcfpc/Sp3mp
Judg 3:6	לָ/הֶם֙	l	HR/Sp3mp
Judg 3:6	לְ/נָשִׁ֔ים	l/802	HR/Ncfpa
Judg 3:6	וְ/אֶת	c/853	HC/To
Judg 3:6	בְּנוֹתֵי/הֶ֖ם	1323	HNcfpc/Sp3mp
Judg 3:6	נָתְנ֣וּ	5414	HVqp3cp
Judg 3:6	לִ/בְנֵי/הֶ֑ם	l/1121 a	HR/Ncmpc/Sp3mp
Judg 3:6	וַ/יַּעַבְד֖וּ	c/5647	HC/Vqw3mp
Judg 3:6	אֶת	853	HTo
Judg 3:6	אֱלֹהֵי/הֶֽם	430	HNcmpc/Sp3mp
Judg 3:7	וַ/יַּעֲשׂ֨וּ	c/6213 a	HC/Vqw3mp
Judg 3:7	בְנֵי	1121 a	HNcmpc
Judg 3:7	יִשְׂרָאֵ֤ל	3478	HNp
Judg 3:7	אֶת	853	HTo
Judg 3:7	הָ/רַע֙	d/7451	HTd/Aamsa
Judg 3:7	בְּ/עֵינֵ֣י	b/5869 a	HR/Ncbdc
Judg 3:7	יְהוָ֔ה	3068	HNp
Judg 3:7	וַֽ/יִּשְׁכְּח֖וּ	c/7911	HC/Vqw3mp
Judg 3:7	אֶת	853	HTo
Judg 3:7	יְהוָ֣ה	3068	HNp
Judg 3:7	אֱלֹֽהֵי/הֶ֑ם	430	HNcmpc/Sp3mp
Judg 3:7	וַ/יַּעַבְד֥וּ	c/5647	HC/Vqw3mp
Judg 3:7	אֶת	853	HTo
Judg 3:7	הַ/בְּעָלִ֖ים	d/1168 a	HTd/Np
Judg 3:7	וְ/אֶת	c/853	HC/To
Judg 3:7	הָ/אֲשֵׁרֽוֹת	d/842	HTd/Np
Judg 3:8	וַ/יִּֽחַר	c/2734	HC/Vqw3ms
Judg 3:8	אַ֤ף	639	HTa
Judg 3:8	יְהוָה֙	3068	HNp
Judg 3:8	בְּ/יִשְׂרָאֵ֔ל	b/3478	HR/Np
Judg 3:8	וַֽ/יִּמְכְּרֵ֗/ם	c/4376	HC/Vqw3ms/Sp3mp
Judg 3:8	בְּ/יַד֙	b/3027	HR/Ncbsc
Judg 3:8	כּוּשַׁ֣ן	3573+	HNp
Judg 3:8	רִשְׁעָתַ֔יִם	3573	HNp
Judg 3:8	מֶ֖לֶךְ	4428	HNcmsc
Judg 3:8	אֲרַ֣ם	763+	HNp
Judg 3:8	נַהֲרָ֑יִם	763	HNp
Judg 3:8	וַ/יַּעַבְד֧וּ	c/5647	HC/Vqw3mp
Judg 3:8	בְנֵֽי	1121 a	HNcmpc
Judg 3:8	יִשְׂרָאֵ֛ל	3478	HNp
Judg 3:8	אֶת	853	HTo
Judg 3:8	כּוּשַׁ֥ן	3573+	HNp
Judg 3:8	רִשְׁעָתַ֖יִם	3573	HNp
Judg 3:8	שְׁמֹנֶ֥ה	8083	HAcfsa
Judg 3:8	שָׁנִֽים	8141	HNcfpa
Judg 3:9	וַ/יִּזְעֲק֤וּ	c/2199	HC/Vqw3mp
Judg 3:9	בְנֵֽי	1121 a	HNcmpc
Judg 3:9	יִשְׂרָאֵל֙	3478	HNp
Judg 3:9	אֶל	413	HR
Judg 3:9	יְהוָ֔ה	3068	HNp
Judg 3:9	וַ/יָּ֨קֶם	c/6965 b	HC/Vhw3ms
Judg 3:9	יְהוָ֥ה	3068	HNp
Judg 3:9	מוֹשִׁ֛יעַ	3467	HVhrmsa
Judg 3:9	לִ/בְנֵ֥י	l/1121 a	HR/Ncmpc
Judg 3:9	יִשְׂרָאֵ֖ל	3478	HNp
Judg 3:9	וַ/יּֽוֹשִׁיעֵ֑/ם	c/3467	HC/Vhw3ms/Sp3mp
Judg 3:9	אֵ֚ת	853	HTo
Judg 3:9	עָתְנִיאֵ֣ל	6274	HNp
Judg 3:9	בֶּן	1121 a	HNcmsc
Judg 3:9	קְנַ֔ז	7073	HNp
Judg 3:9	אֲחִ֥י	251	HNcmsc
Judg 3:9	כָלֵ֖ב	3612	HNp
Judg 3:9	הַ/קָּטֹ֥ן	d/6996 b	HTd/Aamsa
Judg 3:9	מִמֶּֽ/נּוּ	4480 a	HR/Sp3ms
Judg 3:10	וַ/תְּהִ֨י	c/1961	HC/Vqw3fs
Judg 3:10	עָלָ֥י/ו	5921 a	HR/Sp3ms
Judg 3:10	רֽוּחַ	7307	HNcbsc
Judg 3:10	יְהוָה֮	3068	HNp
Judg 3:10	וַ/יִּשְׁפֹּ֣ט	c/8199	HC/Vqw3ms
Judg 3:10	אֶת	853	HTo
Judg 3:10	יִשְׂרָאֵל֒	3478	HNp
Judg 3:10	וַ/יֵּצֵא֙	c/3318	HC/Vqw3ms
Judg 3:10	לַ/מִּלְחָמָ֔ה	l/4421	HRd/Ncfsa
Judg 3:10	וַ/יִּתֵּ֤ן	c/5414	HC/Vqw3ms
Judg 3:10	יְהוָה֙	3068	HNp
Judg 3:10	בְּ/יָד֔/וֹ	b/3027	HR/Ncbsc/Sp3ms
Judg 3:10	אֶת	853	HTo
Judg 3:10	כּוּשַׁ֥ן	3573+	HNp
Judg 3:10	רִשְׁעָתַ֖יִם	3573	HNp
Judg 3:10	מֶ֣לֶךְ	4428	HNcmsc
Judg 3:10	אֲרָ֑ם	758	HNp
Judg 3:10	וַ/תָּ֣עָז	c/5810	HC/Vqw3fs
Judg 3:10	יָד֔/וֹ	3027	HNcbsc/Sp3ms
Judg 3:10	עַ֖ל	5921 a	HR
Judg 3:10	כּוּשַׁ֥ן	3573+	HNp
Judg 3:10	רִשְׁעָתָֽיִם	3573	HNp
Judg 3:11	וַ/תִּשְׁקֹ֥ט	c/8252	HC/Vqw3fs
Judg 3:11	הָ/אָ֖רֶץ	d/776	HTd/Ncbsa
Judg 3:11	אַרְבָּעִ֣ים	705	HAcbpa
Judg 3:11	שָׁנָ֑ה	8141	HNcfsa
Judg 3:11	וַ/יָּ֖מָת	c/4191	HC/Vqw3ms
Judg 3:11	עָתְנִיאֵ֥ל	6274	HNp
Judg 3:11	בֶּן	1121 a	HNcmsc
Judg 3:11	קְנַֽז	7073	HNp
Judg 3:12	וַ/יֹּסִ֨פוּ֙	c/3254	HC/Vhw3mp
Judg 3:12	בְּנֵ֣י	1121 a	HNcmpc
Judg 3:12	יִשְׂרָאֵ֔ל	3478	HNp
Judg 3:12	לַ/עֲשׂ֥וֹת	l/6213 a	HR/Vqc
Judg 3:12	הָ/רַ֖ע	d/7451	HTd/Aamsa
Judg 3:12	בְּ/עֵינֵ֣י	b/5869 a	HR/Ncbdc
Judg 3:12	יְהוָ֑ה	3068	HNp
Judg 3:12	וַ/יְחַזֵּ֨ק	c/2388	HC/Vpw3ms
Judg 3:12	יְהוָ֜ה	3068	HNp
Judg 3:12	אֶת	853	HTo
Judg 3:12	עֶגְל֤וֹן	5700	HNp
Judg 3:12	מֶֽלֶךְ	4428	HNcmsc
Judg 3:12	מוֹאָב֙	4124	HNp
Judg 3:12	עַל	5921 a	HR
Judg 3:12	יִשְׂרָאֵ֔ל	3478	HNp
Judg 3:12	עַ֛ל	5921 a	HR
Judg 3:12	כִּֽי	3588 a	HC
Judg 3:12	עָשׂ֥וּ	6213 a	HVqp3cp
Judg 3:12	אֶת	853	HTo
Judg 3:12	הָ/רַ֖ע	d/7451	HTd/Aamsa
Judg 3:12	בְּ/עֵינֵ֥י	b/5869 a	HR/Ncbdc
Judg 3:12	יְהוָֽה	3068	HNp
Judg 3:13	וַ/יֶּאֱסֹ֣ף	c/622	HC/Vqw3ms
Judg 3:13	אֵלָ֔י/ו	413	HR/Sp3ms
Judg 3:13	אֶת	853	HTo
Judg 3:13	בְּנֵ֥י	1121 a	HNcmpc
Judg 3:13	עַמּ֖וֹן	5983	HNp
Judg 3:13	וַ/עֲמָלֵ֑ק	c/6002	HC/Np
Judg 3:13	וַ/יֵּ֗לֶךְ	c/3212	HC/Vqw3ms
Judg 3:13	וַ/יַּךְ֙	c/5221	HC/Vhw3ms
Judg 3:13	אֶת	853	HTo
Judg 3:13	יִשְׂרָאֵ֔ל	3478	HNp
Judg 3:13	וַ/יִּֽירְשׁ֖וּ	c/3423	HC/Vqw3mp
Judg 3:13	אֶת	853	HTo
Judg 3:13	עִ֥יר	5892 b	HNcfsc
Judg 3:13	הַ/תְּמָרִֽים	d/8558	HTd/Ncmpa
Judg 3:14	וַ/יַּעַבְד֤וּ	c/5647	HC/Vqw3mp
Judg 3:14	בְנֵֽי	1121 a	HNcmpc
Judg 3:14	יִשְׂרָאֵל֙	3478	HNp
Judg 3:14	אֶת	853	HTo
Judg 3:14	עֶגְל֣וֹן	5700	HNp
Judg 3:14	מֶֽלֶךְ	4428	HNcmsc
Judg 3:14	מוֹאָ֔ב	4124	HNp
Judg 3:14	שְׁמוֹנֶ֥ה	8083	HAcfsa
Judg 3:14	עֶשְׂרֵ֖ה	6240	HAcfsa
Judg 3:14	שָׁנָֽה	8141	HNcfsa
Judg 3:15	וַ/יִּזְעֲק֣וּ	c/2199	HC/Vqw3mp
Judg 3:15	בְנֵֽי	1121 a	HNcmpc
Judg 3:15	יִשְׂרָאֵל֮	3478	HNp
Judg 3:15	אֶל	413	HR
Judg 3:15	יְהוָה֒	3068	HNp
Judg 3:15	וַ/יָּקֶם֩	c/6965 b	HC/Vhw3ms
Judg 3:15	יְהוָ֨ה	3068	HNp
Judg 3:15	לָ/הֶ֜ם	l	HR/Sp3mp
Judg 3:15	מוֹשִׁ֗יעַ	3467	HVhrmsa
Judg 3:15	אֶת	853	HTo
Judg 3:15	אֵה֤וּד	164	HNp
Judg 3:15	בֶּן	1121 a	HNcmsc
Judg 3:15	גֵּרָא֙	1617	HNp
Judg 3:15	בֶּן	1145+	HNgmsc
Judg 3:15	הַ/יְמִינִ֔י	d/1145	HTd/Ngmsa
Judg 3:15	אִ֥ישׁ	376	HNcmsa
Judg 3:15	אִטֵּ֖ר	334	HAamsc
Judg 3:15	יַד	3027	HNcbsc
Judg 3:15	יְמִינ֑/וֹ	3225	HNcfsc/Sp3ms
Judg 3:15	וַ/יִּשְׁלְח֨וּ	c/7971	HC/Vqw3mp
Judg 3:15	בְנֵי	1121 a	HNcmpc
Judg 3:15	יִשְׂרָאֵ֤ל	3478	HNp
Judg 3:15	בְּ/יָד/וֹ֙	b/3027	HR/Ncbsc/Sp3ms
Judg 3:15	מִנְחָ֔ה	4503	HNcfsa
Judg 3:15	לְ/עֶגְל֖וֹן	l/5700	HR/Np
Judg 3:15	מֶ֥לֶךְ	4428	HNcmsc
Judg 3:15	מוֹאָֽב	4124	HNp
Judg 3:16	וַ/יַּעַשׂ֩	c/6213 a	HC/Vqw3ms
Judg 3:16	ל֨/וֹ	l	HR/Sp3ms
Judg 3:16	אֵה֜וּד	164	HNp
Judg 3:16	חֶ֗רֶב	2719	HNcfsa
Judg 3:16	וְ/לָ֛/הּ	c/l	HC/R/Sp3fs
Judg 3:16	שְׁנֵ֥י	8147	HAcmdc
Judg 3:16	פֵי֖וֹת	6366	HNcmpa
Judg 3:16	גֹּ֣מֶד	1574	HNcmsa
Judg 3:16	אָרְכָּ֑/הּ	753	HNcmsc/Sp3fs
Judg 3:16	וַ/יַּחְגֹּ֤ר	c/2296	HC/Vqw3ms
Judg 3:16	אוֹתָ/הּ֙	853	HTo/Sp3fs
Judg 3:16	מִ/תַּ֣חַת	m/8478	HR/R
Judg 3:16	לְ/מַדָּ֔י/ו	l/4055	HR/Ncmpc/Sp3ms
Judg 3:16	עַ֖ל	5921 a	HR
Judg 3:16	יֶ֥רֶךְ	3409	HNcfsc
Judg 3:16	יְמִינֽ/וֹ	3225	HNcfsc/Sp3ms
Judg 3:17	וַ/יַּקְרֵב֙	c/7126	HC/Vhw3ms
Judg 3:17	אֶת	853	HTo
Judg 3:17	הַ/מִּנְחָ֔ה	d/4503	HTd/Ncfsa
Judg 3:17	לְ/עֶגְל֖וֹן	l/5700	HR/Np
Judg 3:17	מֶ֣לֶךְ	4428	HNcmsc
Judg 3:17	מוֹאָ֑ב	4124	HNp
Judg 3:17	וְ/עֶגְל֕וֹן	c/5700	HC/Np
Judg 3:17	אִ֥ישׁ	376	HNcmsa
Judg 3:17	בָּרִ֖יא	1277	HAamsa
Judg 3:17	מְאֹֽד	3966	HD
Judg 3:18	וַֽ/יְהִי֙	c/1961	HC/Vqw3ms
Judg 3:18	כַּ/אֲשֶׁ֣ר	k/834 d	HR/Tr
Judg 3:18	כִּלָּ֔ה	3615	HVpp3ms
Judg 3:18	לְ/הַקְרִ֖יב	l/7126	HR/Vhc
Judg 3:18	אֶת	853	HTo
Judg 3:18	הַ/מִּנְחָ֑ה	d/4503	HTd/Ncfsa
Judg 3:18	וַ/יְשַׁלַּח֙	c/7971	HC/Vpw3ms
Judg 3:18	אֶת	853	HTo
Judg 3:18	הָ/עָ֔ם	d/5971 a	HTd/Ncmsa
Judg 3:18	נֹשְׂאֵ֖י	5375	HVqrmpc
Judg 3:18	הַ/מִּנְחָֽה	d/4503	HTd/Ncfsa
Judg 3:19	וְ/ה֣וּא	c/1931	HC/Pp3ms
Judg 3:19	שָׁ֗ב	7725	HVqp3ms
Judg 3:19	מִן	4480 a	HR
Judg 3:19	הַ/פְּסִילִים֙	d/6456	HTd/Ncmpa
Judg 3:19	אֲשֶׁ֣ר	834 a	HTr
Judg 3:19	אֶת	854	HR
Judg 3:19	הַ/גִּלְגָּ֔ל	d/1537	HTd/Np
Judg 3:19	וַ/יֹּ֕אמֶר	c/559	HC/Vqw3ms
Judg 3:19	דְּבַר	1697	HNcmsc
Judg 3:19	סֵ֥תֶר	5643 a	HNcmsa
Judg 3:19	לִ֛/י	l	HR/Sp1cs
Judg 3:19	אֵלֶ֖י/ךָ	413	HR/Sp2ms
Judg 3:19	הַ/מֶּ֑לֶךְ	d/4428	HTd/Ncmsa
Judg 3:19	וַ/יֹּ֣אמֶר	c/559	HC/Vqw3ms
Judg 3:19	הָ֔ס	2013	HVpv2ms
Judg 3:19	וַ/יֵּֽצְאוּ֙	c/3318	HC/Vqw3mp
Judg 3:19	מֵֽ/עָלָ֔י/ו	m/5921 a	HR/R/Sp3ms
Judg 3:19	כָּל	3605	HNcmsc
Judg 3:19	הָ/עֹמְדִ֖ים	d/5975	HTd/Vqrmpa
Judg 3:19	עָלָֽי/ו	5921 a	HR/Sp3ms
Judg 3:20	וְ/אֵה֣וּד	c/164	HC/Np
Judg 3:20	בָּ֣א	935	HVqp3ms
Judg 3:20	אֵלָ֗י/ו	413	HR/Sp3ms
Judg 3:20	וְ/הֽוּא	c/1931	HC/Pp3ms
Judg 3:20	יֹ֠שֵׁב	3427	HVqrmsa
Judg 3:20	בַּ/עֲלִיַּ֨ת	b/5944	HR/Ncfsc
Judg 3:20	הַ/מְּקֵרָ֤ה	d/4747	HTd/Ncfsa
Judg 3:20	אֲשֶׁר	834 a	HTr
Judg 3:20	ל/וֹ֙	l	HR/Sp3ms
Judg 3:20	לְ/בַדּ֔/וֹ	l/905	HR/Ncmsc/Sp3ms
Judg 3:20	וַ/יֹּ֣אמֶר	c/559	HC/Vqw3ms
Judg 3:20	אֵה֔וּד	164	HNp
Judg 3:20	דְּבַר	1697	HNcmsc
Judg 3:20	אֱלֹהִ֥ים	430	HNcmpa
Judg 3:20	לִ֖/י	l	HR/Sp1cs
Judg 3:20	אֵלֶ֑י/ךָ	413	HR/Sp2ms
Judg 3:20	וַ/יָּ֖קָם	c/6965 b	HC/Vqw3ms
Judg 3:20	מֵ/עַ֥ל	m/5921 a	HR/R
Judg 3:20	הַ/כִּסֵּֽא	d/3678	HTd/Ncmsa
Judg 3:21	וַ/יִּשְׁלַ֤ח	c/7971	HC/Vqw3ms
Judg 3:21	אֵהוּד֙	164	HNp
Judg 3:21	אֶת	853	HTo
Judg 3:21	יַ֣ד	3027	HNcbsc
Judg 3:21	שְׂמֹאל֔/וֹ	8040	HNcmsc/Sp3ms
Judg 3:21	וַ/יִּקַּח֙	c/3947	HC/Vqw3ms
Judg 3:21	אֶת	853	HTo
Judg 3:21	הַ/חֶ֔רֶב	d/2719	HTd/Ncfsa
Judg 3:21	מֵ/עַ֖ל	m/5921 a	HR/R
Judg 3:21	יֶ֣רֶךְ	3409	HNcfsc
Judg 3:21	יְמִינ֑/וֹ	3225	HNcfsc/Sp3ms
Judg 3:21	וַ/יִּתְקָעֶ֖/הָ	c/8628	HC/Vqw3ms/Sp3fs
Judg 3:21	בְּ/בִטְנֽ/וֹ	b/990	HR/Ncfsc/Sp3ms
Judg 3:22	וַ/יָּבֹ֨א	c/935	HC/Vqw3ms
Judg 3:22	גַֽם	1571	HD
Judg 3:22	הַ/נִּצָּ֜ב	d/5325	HTd/Ncmsa
Judg 3:22	אַחַ֣ר	310 a	HR
Judg 3:22	הַ/לַּ֗הַב	d/3851	HTd/Ncmsa
Judg 3:22	וַ/יִּסְגֹּ֤ר	c/5462	HC/Vqw3ms
Judg 3:22	הַ/חֵ֨לֶב֙	d/2459	HTd/Ncmsa
Judg 3:22	בְּעַ֣ד	1157	HR
Judg 3:22	הַ/לַּ֔הַב	d/3851	HTd/Ncmsa
Judg 3:22	כִּ֣י	3588 a	HC
Judg 3:22	לֹ֥א	3808	HTn
Judg 3:22	שָׁלַ֛ף	8025	HVqp3ms
Judg 3:22	הַ/חֶ֖רֶב	d/2719	HTd/Ncfsa
Judg 3:22	מִ/בִּטְנ֑/וֹ	m/990	HR/Ncfsc/Sp3ms
Judg 3:22	וַ/יֵּצֵ֖א	c/3318	HC/Vqw3ms
Judg 3:22	הַֽ/פַּרְשְׁדֹֽנָ/ה	d/6574	HTd/Ncmsa/Sd
Judg 3:23	וַ/יֵּצֵ֥א	c/3318	HC/Vqw3ms
Judg 3:23	אֵה֖וּד	164	HNp
Judg 3:23	הַֽ/מִּסְדְּר֑וֹנָ/ה	d/4528	HTd/Ncmsa/Sd
Judg 3:23	וַ/יִּסְגֹּ֞ר	c/5462	HC/Vqw3ms
Judg 3:23	דַּלְת֧וֹת	1817 c	HNcfpc
Judg 3:23	הָ/עַלִיָּ֛ה	d/5944	HTd/Ncfsa
Judg 3:23	בַּעֲד֖/וֹ	1157	HR/Sp3ms
Judg 3:23	וְ/נָעָֽל	c/5274 a	HC/Vqp3ms
Judg 3:24	וְ/ה֤וּא	c/1931	HC/Pp3ms
Judg 3:24	יָצָא֙	3318	HVqp3ms
Judg 3:24	וַ/עֲבָדָ֣י/ו	c/5650	HC/Ncmpc/Sp3ms
Judg 3:24	בָּ֔אוּ	935	HVqp3cp
Judg 3:24	וַ/יִּרְא֕וּ	c/7200	HC/Vqw3mp
Judg 3:24	וְ/הִנֵּ֛ה	c/2009	HC/Tm
Judg 3:24	דַּלְת֥וֹת	1817 c	HNcfpc
Judg 3:24	הָ/עֲלִיָּ֖ה	d/5944	HTd/Ncfsa
Judg 3:24	נְעֻל֑וֹת	5274 a	HVqsfpa
Judg 3:24	וַ/יֹּ֣אמְר֔וּ	c/559	HC/Vqw3mp
Judg 3:24	אַ֣ךְ	389	HTa
Judg 3:24	מֵסִ֥יךְ	5526 b	HVhrmsa
Judg 3:24	ה֛וּא	1931	HPp3ms
Judg 3:24	אֶת	853	HTo
Judg 3:24	רַגְלָ֖י/ו	7272	HNcfdc/Sp3ms
Judg 3:24	בַּ/חֲדַ֥ר	b/2315	HR/Ncmsc
Judg 3:24	הַ/מְּקֵרָֽה	d/4747	HTd/Ncfsa
Judg 3:25	וַ/יָּחִ֣ילוּ	c/2342 a	HC/Vqw3mp
Judg 3:25	עַד	5704	HR
Judg 3:25	בּ֔וֹשׁ	954	HVqc
Judg 3:25	וְ/הְנֵּ֛ה	c/2009	HC/Tm
Judg 3:25	אֵינֶ֥/נּוּ	369	HTn/Sp3ms
Judg 3:25	פֹתֵ֖חַ	6605 a	HVqrmsa
Judg 3:25	דַּלְת֣וֹת	1817 c	HNcfpc
Judg 3:25	הָֽ/עֲלִיָּ֑ה	d/5944	HTd/Ncfsa
Judg 3:25	וַ/יִּקְח֤וּ	c/3947	HC/Vqw3mp
Judg 3:25	אֶת	853	HTo
Judg 3:25	הַ/מַּפְתֵּ֨חַ֙	d/4668	HTd/Ncmsa
Judg 3:25	וַ/יִּפְתָּ֔חוּ	c/6605 a	HC/Vqw3mp
Judg 3:25	וְ/הִנֵּה֙	c/2009	HC/Tm
Judg 3:25	אֲדֹ֣נֵי/הֶ֔ם	113	HNcmpc/Sp3mp
Judg 3:25	נֹפֵ֥ל	5307	HVqrmsa
Judg 3:25	אַ֖רְצָ/ה	776	HNcbsa/Sd
Judg 3:25	מֵֽת	4191	HVqrmsa
Judg 3:26	וְ/אֵה֥וּד	c/164	HC/Np
Judg 3:26	נִמְלַ֖ט	4422	HVNp3ms
Judg 3:26	עַ֣ד	5704	HR
Judg 3:26	הִֽתְמַהְמְהָ֑/ם	4102	HVfc/Sp3mp
Judg 3:26	וְ/הוּא֙	c/1931	HC/Pp3ms
Judg 3:26	עָבַ֣ר	5674 a	HVqp3ms
Judg 3:26	אֶת	853	HTo
Judg 3:26	הַ/פְּסִילִ֔ים	d/6456	HTd/Ncmpa
Judg 3:26	וַ/יִּמָּלֵ֖ט	c/4422	HC/VNw3ms
Judg 3:26	הַ/שְּׂעִירָֽתָ/ה	d/8167	HTd/Np/Sd
Judg 3:27	וַ/יְהִ֣י	c/1961	HC/Vqw3ms
Judg 3:27	בְּ/בוֹא֔/וֹ	b/935	HR/Vqc/Sp3ms
Judg 3:27	וַ/יִּתְקַ֥ע	c/8628	HC/Vqw3ms
Judg 3:27	בַּ/שּׁוֹפָ֖ר	b/7782	HRd/Ncmsa
Judg 3:27	בְּ/הַ֣ר	b/2022	HR/Ncmsc
Judg 3:27	אֶפְרָ֑יִם	669	HNp
Judg 3:27	וַ/יֵּרְד֨וּ	c/3381	HC/Vqw3mp
Judg 3:27	עִמּ֧/וֹ	5973 a	HR/Sp3ms
Judg 3:27	בְנֵֽי	1121 a	HNcmpc
Judg 3:27	יִשְׂרָאֵ֛ל	3478	HNp
Judg 3:27	מִן	4480 a	HR
Judg 3:27	הָ/הָ֖ר	d/2022	HTd/Ncmsa
Judg 3:27	וְ/ה֥וּא	c/1931	HC/Pp3ms
Judg 3:27	לִ/פְנֵי/הֶֽם	l/6440	HR/Ncbpc/Sp3mp
Judg 3:28	וַ/יֹּ֤אמֶר	c/559	HC/Vqw3ms
Judg 3:28	אֲלֵ/הֶם֙	413	HR/Sp3mp
Judg 3:28	רִדְפ֣וּ	7291	HVqv2mp
Judg 3:28	אַחֲרַ֔/י	310 a	HR/Sp1cs
Judg 3:28	כִּֽי	3588 a	HC
Judg 3:28	נָתַ֨ן	5414	HVqp3ms
Judg 3:28	יְהוָ֧ה	3068	HNp
Judg 3:28	אֶת	853	HTo
Judg 3:28	אֹיְבֵי/כֶ֛ם	341	HVqrmpc/Sp2mp
Judg 3:28	אֶת	853	HTo
Judg 3:28	מוֹאָ֖ב	4124	HNp
Judg 3:28	בְּ/יֶדְ/כֶ֑ם	b/3027	HR/Ncbsc/Sp2mp
Judg 3:28	וַ/יֵּרְד֣וּ	c/3381	HC/Vqw3mp
Judg 3:28	אַחֲרָ֗י/ו	310 a	HR/Sp3ms
Judg 3:28	וַֽ/יִּלְכְּד֞וּ	c/3920	HC/Vqw3mp
Judg 3:28	אֶת	853	HTo
Judg 3:28	מַעְבְּר֤וֹת	4569 b	HNcfpc
Judg 3:28	הַ/יַּרְדֵּן֙	d/3383	HTd/Np
Judg 3:28	לְ/מוֹאָ֔ב	l/4124	HR/Np
Judg 3:28	וְ/לֹֽא	c/3808	HC/Tn
Judg 3:28	נָתְנ֥וּ	5414	HVqp3cp
Judg 3:28	אִ֖ישׁ	376	HNcmsa
Judg 3:28	לַ/עֲבֹֽר	l/5674 a	HR/Vqc
Judg 3:29	וַ/יַּכּ֨וּ	c/5221	HC/Vhw3mp
Judg 3:29	אֶת	853	HTo
Judg 3:29	מוֹאָ֜ב	4124	HNp
Judg 3:29	בָּ/עֵ֣ת	b/6256	HRd/Ncbsa
Judg 3:29	הַ/הִ֗יא	d/1931	HTd/Pp3fs
Judg 3:29	כַּ/עֲשֶׂ֤רֶת	k/6235	HR/Acmsc
Judg 3:29	אֲלָפִים֙	505	HAcbpa
Judg 3:29	אִ֔ישׁ	376	HNcmsa
Judg 3:29	כָּל	3605	HNcmsc
Judg 3:29	שָׁמֵ֖ן	8082	HAamsa
Judg 3:29	וְ/כָל	c/3605	HC/Ncmsc
Judg 3:29	אִ֣ישׁ	376	HNcmsc
Judg 3:29	חָ֑יִל	2428	HNcmsa
Judg 3:29	וְ/לֹ֥א	c/3808	HC/Tn
Judg 3:29	נִמְלַ֖ט	4422	HVNp3ms
Judg 3:29	אִֽישׁ	376	HNcmsa
Judg 3:30	וַ/תִּכָּנַ֤ע	c/3665	HC/VNw3fs
Judg 3:30	מוֹאָב֙	4124	HNp
Judg 3:30	בַּ/יּ֣וֹם	b/3117	HRd/Ncmsa
Judg 3:30	הַ/ה֔וּא	d/1931	HTd/Pp3ms
Judg 3:30	תַּ֖חַת	8478	HR
Judg 3:30	יַ֣ד	3027	HNcbsc
Judg 3:30	יִשְׂרָאֵ֑ל	3478	HNp
Judg 3:30	וַ/תִּשְׁקֹ֥ט	c/8252	HC/Vqw3fs
Judg 3:30	הָ/אָ֖רֶץ	d/776	HTd/Ncbsa
Judg 3:30	שְׁמוֹנִ֥ים	8084	HAcbpa
Judg 3:30	שָׁנָֽה	8141	HNcfsa
Judg 3:31	וְ/אַחֲרָ֤י/ו	c/310 a	HC/R/Sp3ms
Judg 3:31	הָיָה֙	1961	HVqp3ms
Judg 3:31	שַׁמְגַּ֣ר	8044	HNp
Judg 3:31	בֶּן	1121 a	HNcmsc
Judg 3:31	עֲנָ֔ת	6067	HNp
Judg 3:31	וַ/יַּ֤ךְ	c/5221	HC/Vhw3ms
Judg 3:31	אֶת	853	HTo
Judg 3:31	פְּלִשְׁתִּים֙	6430	HNgmpa
Judg 3:31	שֵֽׁשׁ	8337	HAcfsa
Judg 3:31	מֵא֣וֹת	3967	HAcbpa
Judg 3:31	אִ֔ישׁ	376	HNcmsa
Judg 3:31	בְּ/מַלְמַ֖ד	b/4451	HR/Ncmsc
Judg 3:31	הַ/בָּקָ֑ר	d/1241	HTd/Ncbsa
Judg 3:31	וַ/יֹּ֥שַׁע	c/3467	HC/Vhw3ms
Judg 3:31	גַּם	1571	HTa
Judg 3:31	ה֖וּא	1931	HPp3ms
Judg 3:31	אֶת	853	HTo
Judg 3:31	יִשְׂרָאֵֽל	3478	HNp
Judg 4:1	וַ/יֹּסִ֨פוּ֙	c/3254	HC/Vhw3mp
Judg 4:1	בְּנֵ֣י	1121 a	HNcmpc
Judg 4:1	יִשְׂרָאֵ֔ל	3478	HNp
Judg 4:1	לַ/עֲשׂ֥וֹת	l/6213 a	HR/Vqc
Judg 4:1	הָ/רַ֖ע	d/7451	HTd/Aamsa
Judg 4:1	בְּ/עֵינֵ֣י	b/5869 a	HR/Ncbdc
Judg 4:1	יְהוָ֑ה	3068	HNp
Judg 4:1	וְ/אֵה֖וּד	c/164	HC/Np
Judg 4:1	מֵֽת	4191	HVqp3ms
Judg 4:2	וַ/יִּמְכְּרֵ֣/ם	c/4376	HC/Vqw3ms/Sp3mp
Judg 4:2	יְהוָ֗ה	3068	HNp
Judg 4:2	בְּ/יַד֙	b/3027	HR/Ncbsc
Judg 4:2	יָבִ֣ין	2985	HNp
Judg 4:2	מֶֽלֶךְ	4428	HNcmsc
Judg 4:2	כְּנַ֔עַן	3667 a	HNp
Judg 4:2	אֲשֶׁ֥ר	834 a	HTr
Judg 4:2	מָלַ֖ךְ	4427 a	HVqp3ms
Judg 4:2	בְּ/חָצ֑וֹר	b/2674	HR/Np
Judg 4:2	וְ/שַׂר	c/8269	HC/Ncmsc
Judg 4:2	צְבָא/וֹ֙	6635 a	HNcbsc/Sp3ms
Judg 4:2	סִֽיסְרָ֔א	5516	HNp
Judg 4:2	וְ/ה֥וּא	c/1931	HC/Pp3ms
Judg 4:2	יוֹשֵׁ֖ב	3427	HVqrmsa
Judg 4:2	בַּ/חֲרֹ֥שֶׁת	b/2800	HR/Np
Judg 4:2	הַגּוֹיִֽם	1471 a	HNp
Judg 4:3	וַ/יִּצְעֲק֥וּ	c/6817	HC/Vqw3mp
Judg 4:3	בְנֵֽי	1121 a	HNcmpc
Judg 4:3	יִשְׂרָאֵ֖ל	3478	HNp
Judg 4:3	אֶל	413	HR
Judg 4:3	יְהוָ֑ה	3068	HNp
Judg 4:3	כִּ֠י	3588 a	HC
Judg 4:3	תְּשַׁ֨ע	8672	HAcfsa
Judg 4:3	מֵא֤וֹת	3967	HAcbpa
Judg 4:3	רֶֽכֶב	7393	HNcmsc
Judg 4:3	בַּרְזֶל֙	1270	HNcmsa
Judg 4:3	ל֔/וֹ	l	HR/Sp3ms
Judg 4:3	וְ֠/הוּא	c/1931	HC/Pp3ms
Judg 4:3	לָחַ֞ץ	3905	HVqp3ms
Judg 4:3	אֶת	853	HTo
Judg 4:3	בְּנֵ֧י	1121 a	HNcmpc
Judg 4:3	יִשְׂרָאֵ֛ל	3478	HNp
Judg 4:3	בְּ/חָזְקָ֖ה	b/2394	HR/Ncfsa
Judg 4:3	עֶשְׂרִ֥ים	6242	HAcbpa
Judg 4:3	שָׁנָֽה	8141	HNcfsa
Judg 4:4	וּ/דְבוֹרָה֙	c/1683	HC/Np
Judg 4:4	אִשָּׁ֣ה	802	HNcfsa
Judg 4:4	נְבִיאָ֔ה	5031	HNcfsa
Judg 4:4	אֵ֖שֶׁת	802	HNcfsc
Judg 4:4	לַפִּיד֑וֹת	3941	HNp
Judg 4:4	הִ֛יא	1931	HPp3fs
Judg 4:4	שֹׁפְטָ֥ה	8199	HVqrfsa
Judg 4:4	אֶת	853	HTo
Judg 4:4	יִשְׂרָאֵ֖ל	3478	HNp
Judg 4:4	בָּ/עֵ֥ת	b/6256	HRd/Ncbsa
Judg 4:4	הַ/הִֽיא	d/1931	HTd/Pp3fs
Judg 4:5	וְ֠/הִיא	c/1931	HC/Pp3fs
Judg 4:5	יוֹשֶׁ֨בֶת	3427	HVqrfsa
Judg 4:5	תַּֽחַת	8478	HR
Judg 4:5	תֹּ֜מֶר	8560	HNcmsc
Judg 4:5	דְּבוֹרָ֗ה	1683	HNp
Judg 4:5	בֵּ֧ין	996	HR
Judg 4:5	הָ/רָמָ֛ה	d/7414	HTd/Np
Judg 4:5	וּ/בֵ֥ין	c/996	HC/R
Judg 4:5	בֵּֽית	1008+	HNp
Judg 4:5	אֵ֖ל	1008	HNp
Judg 4:5	בְּ/הַ֣ר	b/2022	HR/Ncmsc
Judg 4:5	אֶפְרָ֑יִם	669	HNp
Judg 4:5	וַ/יַּעֲל֥וּ	c/5927	HC/Vqw3mp
Judg 4:5	אֵלֶ֛י/הָ	413	HR/Sp3fs
Judg 4:5	בְּנֵ֥י	1121 a	HNcmpc
Judg 4:5	יִשְׂרָאֵ֖ל	3478	HNp
Judg 4:5	לַ/מִּשְׁפָּֽט	l/4941	HRd/Ncmsa
Judg 4:6	וַ/תִּשְׁלַ֗ח	c/7971	HC/Vqw3fs
Judg 4:6	וַ/תִּקְרָא֙	c/7121	HC/Vqw3fs
Judg 4:6	לְ/בָרָ֣ק	l/1301	HR/Np
Judg 4:6	בֶּן	1121 a	HNcmsc
Judg 4:6	אֲבִינֹ֔עַם	42	HNp
Judg 4:6	מִ/קֶּ֖דֶשׁ	m/6943	HR/Np
Judg 4:6	נַפְתָּלִ֑י	5321	HNp
Judg 4:6	וַ/תֹּ֨אמֶר	c/559	HC/Vqw3fs
Judg 4:6	אֵלָ֜י/ו	413	HR/Sp3ms
Judg 4:6	הֲ/לֹ֥א	i/3808	HTi/Tn
Judg 4:6	צִוָּ֣ה	6680	HVpp3ms
Judg 4:6	יְהוָ֣ה	3068	HNp
Judg 4:6	אֱלֹהֵֽי	430	HNcmpc
Judg 4:6	יִשְׂרָאֵ֗ל	3478	HNp
Judg 4:6	לֵ֤ךְ	3212	HVqv2ms
Judg 4:6	וּ/מָֽשַׁכְתָּ֙	c/4900	HC/Vqq2ms
Judg 4:6	בְּ/הַ֣ר	b/2022	HR/Ncmsc
Judg 4:6	תָּב֔וֹר	8396	HNp
Judg 4:6	וְ/לָקַחְתָּ֣	c/3947	HC/Vqq2ms
Judg 4:6	עִמְּ/ךָ֗	5973 a	HR/Sp2ms
Judg 4:6	עֲשֶׂ֤רֶת	6235	HAcmsc
Judg 4:6	אֲלָפִים֙	505	HAcbpa
Judg 4:6	אִ֔ישׁ	376	HNcmsa
Judg 4:6	מִ/בְּנֵ֥י	m/1121 a	HR/Ncmpc
Judg 4:6	נַפְתָּלִ֖י	5321	HNp
Judg 4:6	וּ/מִ/בְּנֵ֥י	c/m/1121 a	HC/R/Ncmpc
Judg 4:6	זְבֻלֽוּן	2074	HNp
Judg 4:7	וּ/מָשַׁכְתִּ֨י	c/4900	HC/Vqq1cs
Judg 4:7	אֵלֶ֜י/ךָ	413	HR/Sp2ms
Judg 4:7	אֶל	413	HR
Judg 4:7	נַ֣חַל	5158 a	HNcmsc
Judg 4:7	קִישׁ֗וֹן	7028	HNp
Judg 4:7	אֶת	853	HTo
Judg 4:7	סִֽיסְרָא֙	5516	HNp
Judg 4:7	שַׂר	8269	HNcmsc
Judg 4:7	צְבָ֣א	6635 a	HNcbsc
Judg 4:7	יָבִ֔ין	2985	HNp
Judg 4:7	וְ/אֶת	c/853	HC/To
Judg 4:7	רִכְבּ֖/וֹ	7393	HNcmsc/Sp3ms
Judg 4:7	וְ/אֶת	c/853	HC/To
Judg 4:7	הֲמוֹנ֑/וֹ	1995 a	HNcmsc/Sp3ms
Judg 4:7	וּ/נְתַתִּ֖י/הוּ	c/5414	HC/Vqq1cs/Sp3ms
Judg 4:7	בְּ/יָדֶֽ/ךָ	b/3027	HR/Ncbsc/Sp2ms
Judg 4:8	וַ/יֹּ֤אמֶר	c/559	HC/Vqw3ms
Judg 4:8	אֵלֶ֨י/הָ֙	413	HR/Sp3fs
Judg 4:8	בָּרָ֔ק	1301	HNp
Judg 4:8	אִם	518 a	HC
Judg 4:8	תֵּלְכִ֥י	3212	HVqi2fs
Judg 4:8	עִמִּ֖/י	5973 a	HR/Sp1cs
Judg 4:8	וְ/הָלָ֑כְתִּי	c/1980	HC/Vqq1cs
Judg 4:8	וְ/אִם	c/518 a	HC/C
Judg 4:8	לֹ֥א	3808	HTn
Judg 4:8	תֵלְכִ֛י	3212	HVqi2fs
Judg 4:8	עִמִּ֖/י	5973 a	HR/Sp1cs
Judg 4:8	לֹ֥א	3808	HTn
Judg 4:8	אֵלֵֽךְ	3212	HVqi1cs
Judg 4:9	וַ/תֹּ֜אמֶר	c/559	HC/Vqw3fs
Judg 4:9	הָלֹ֧ךְ	1980	HVqa
Judg 4:9	אֵלֵ֣ךְ	3212	HVqi1cs
Judg 4:9	עִמָּ֗/ךְ	5973 a	HR/Sp2fs
Judg 4:9	אֶ֚פֶס	657 a	HNcmsa
Judg 4:9	כִּי֩	3588 a	HC
Judg 4:9	לֹ֨א	3808	HTn
Judg 4:9	תִֽהְיֶ֜ה	1961	HVqi3fs
Judg 4:9	תִּֽפְאַרְתְּ/ךָ֗	8597	HNcfsc/Sp2ms
Judg 4:9	עַל	5921 a	HR
Judg 4:9	הַ/דֶּ֨רֶךְ֙	d/1870	HTd/Ncbsa
Judg 4:9	אֲשֶׁ֣ר	834 a	HTr
Judg 4:9	אַתָּ֣ה	859 a	HPp2ms
Judg 4:9	הוֹלֵ֔ךְ	1980	HVqrmsa
Judg 4:9	כִּ֣י	3588 a	HC
Judg 4:9	בְֽ/יַד	b/3027	HR/Ncbsc
Judg 4:9	אִשָּׁ֔ה	802	HNcfsa
Judg 4:9	יִמְכֹּ֥ר	4376	HVqi3ms
Judg 4:9	יְהוָ֖ה	3068	HNp
Judg 4:9	אֶת	853	HTo
Judg 4:9	סִֽיסְרָ֑א	5516	HNp
Judg 4:9	וַ/תָּ֧קָם	c/6965 b	HC/Vqw3fs
Judg 4:9	דְּבוֹרָ֛ה	1683	HNp
Judg 4:9	וַ/תֵּ֥לֶך	c/3212	HC/Vqw3fs
Judg 4:9	עִם	5973 a	HR
Judg 4:9	בָּרָ֖ק	1301	HNp
Judg 4:9	קֶֽדְשָׁ/ה	6943	HNp/Sd
Judg 4:10	וַ/יַּזְעֵ֨ק	c/2199	HC/Vhw3ms
Judg 4:10	בָּרָ֜ק	1301	HNp
Judg 4:10	אֶת	853	HTo
Judg 4:10	זְבוּלֻ֤ן	2074	HNp
Judg 4:10	וְ/אֶת	c/853	HC/To
Judg 4:10	נַפְתָּלִי֙	5321	HNp
Judg 4:10	קֶ֔דְשָׁ/ה	6943	HNp/Sd
Judg 4:10	וַ/יַּ֣עַל	c/5927	HC/Vqw3ms
Judg 4:10	בְּ/רַגְלָ֔י/ו	b/7272	HR/Ncfdc/Sp3ms
Judg 4:10	עֲשֶׂ֥רֶת	6235	HAcmsc
Judg 4:10	אַלְפֵ֖י	505	HAcbpc
Judg 4:10	אִ֑ישׁ	376	HNcmsa
Judg 4:10	וַ/תַּ֥עַל	c/5927	HC/Vqw3fs
Judg 4:10	עִמּ֖/וֹ	5973 a	HR/Sp3ms
Judg 4:10	דְּבוֹרָֽה	1683	HNp
Judg 4:11	וְ/חֶ֤בֶר	c/2268	HC/Np
Judg 4:11	הַ/קֵּינִי֙	d/7017	HTd/Ngmsa
Judg 4:11	נִפְרָ֣ד	6504	HVNrmsa
Judg 4:11	מִ/קַּ֔יִן	m/7017	HR/Np
Judg 4:11	מִ/בְּנֵ֥י	m/1121 a	HR/Ncmpc
Judg 4:11	חֹבָ֖ב	2246	HNp
Judg 4:11	חֹתֵ֣ן	2859 a	HVqrmsc
Judg 4:11	מֹשֶׁ֑ה	4872	HNp
Judg 4:11	וַ/יֵּ֣ט	c/5186	HC/Vqw3ms
Judg 4:11	אָהֳל֔/וֹ	168	HNcmsc/Sp3ms
Judg 4:11	עַד	5704	HR
Judg 4:11	אֵל֥וֹן	436	HNcmsa
Judg 4:11	ב/צענים	b/6815	HR/Np
Judg 4:11	אֲשֶׁ֥ר	834 a	HTr
Judg 4:11	אֶת	854	HR
Judg 4:11	קֶֽדֶשׁ	6943	HNp
Judg 4:12	וַ/יַּגִּ֖דוּ	c/5046	HC/Vhw3mp
Judg 4:12	לְ/סִֽיסְרָ֑א	l/5516	HR/Np
Judg 4:12	כִּ֥י	3588 a	HC
Judg 4:12	עָלָ֛ה	5927	HVqp3ms
Judg 4:12	בָּרָ֥ק	1301	HNp
Judg 4:12	בֶּן	1121 a	HNcmsc
Judg 4:12	אֲבִינֹ֖עַם	42	HNp
Judg 4:12	הַר	2022	HNcmsc
Judg 4:12	תָּבֽוֹר	8396	HNp
Judg 4:13	וַ/יַּזְעֵ֨ק	c/2199	HC/Vhw3ms
Judg 4:13	סִֽיסְרָ֜א	5516	HNp
Judg 4:13	אֶת	853	HTo
Judg 4:13	כָּל	3605	HNcmsc
Judg 4:13	רִכְבּ֗/וֹ	7393	HNcmsc/Sp3ms
Judg 4:13	תְּשַׁ֤ע	8672	HAcfsa
Judg 4:13	מֵאוֹת֙	3967	HAcbpa
Judg 4:13	רֶ֣כֶב	7393	HNcmsc
Judg 4:13	בַּרְזֶ֔ל	1270	HNcmsa
Judg 4:13	וְ/אֶת	c/853	HC/To
Judg 4:13	כָּל	3605	HNcmsc
Judg 4:13	הָ/עָ֖ם	d/5971 a	HTd/Ncmsa
Judg 4:13	אֲשֶׁ֣ר	834 a	HTr
Judg 4:13	אִתּ֑/וֹ	854	HR/Sp3ms
Judg 4:13	מֵ/חֲרֹ֥שֶׁת	m/2800	HR/Np
Judg 4:13	הַגּוֹיִ֖ם	1471 a	HNp
Judg 4:13	אֶל	413	HR
Judg 4:13	נַ֥חַל	5158 a	HNcmsc
Judg 4:13	קִישֽׁוֹן	7028	HNp
Judg 4:14	וַ/תֹּאמֶר֩	c/559	HC/Vqw3fs
Judg 4:14	דְּבֹרָ֨ה	1683	HNp
Judg 4:14	אֶל	413	HR
Judg 4:14	בָּרָ֜ק	1301	HNp
Judg 4:14	ק֗וּם	6965 b	HVqv2ms
Judg 4:14	כִּ֣י	3588 a	HC
Judg 4:14	זֶ֤ה	2088	HPdxms
Judg 4:14	הַ/יּוֹם֙	d/3117	HTd/Ncmsa
Judg 4:14	אֲשֶׁר֩	834 a	HTr
Judg 4:14	נָתַ֨ן	5414	HVqp3ms
Judg 4:14	יְהוָ֤ה	3068	HNp
Judg 4:14	אֶת	853	HTo
Judg 4:14	סִֽיסְרָא֙	5516	HNp
Judg 4:14	בְּ/יָדֶ֔/ךָ	b/3027	HR/Ncbsc/Sp2ms
Judg 4:14	הֲ/לֹ֥א	i/3808	HTi/Tn
Judg 4:14	יְהוָ֖ה	3068	HNp
Judg 4:14	יָצָ֣א	3318	HVqp3ms
Judg 4:14	לְ/פָנֶ֑י/ךָ	l/6440	HR/Ncbpc/Sp2ms
Judg 4:14	וַ/יֵּ֤רֶד	c/3381	HC/Vqw3ms
Judg 4:14	בָּרָק֙	1301	HNp
Judg 4:14	מֵ/הַ֣ר	m/2022	HR/Ncmsc
Judg 4:14	תָּב֔וֹר	8396	HNp
Judg 4:14	וַ/עֲשֶׂ֧רֶת	c/6235	HC/Acmsc
Judg 4:14	אֲלָפִ֛ים	505	HAcbpa
Judg 4:14	אִ֖ישׁ	376	HNcmsa
Judg 4:14	אַחֲרָֽי/ו	310 a	HR/Sp3ms
Judg 4:15	וַ/יָּ֣הָם	c/2000	HC/Vqw3ms
Judg 4:15	יְ֠הוָה	3068	HNp
Judg 4:15	אֶת	853	HTo
Judg 4:15	סִֽיסְרָ֨א	5516	HNp
Judg 4:15	וְ/אֶת	c/853	HC/To
Judg 4:15	כָּל	3605	HNcmsc
Judg 4:15	הָ/רֶ֧כֶב	d/7393	HTd/Ncmsa
Judg 4:15	וְ/אֶת	c/853	HC/To
Judg 4:15	כָּל	3605	HNcmsc
Judg 4:15	הַֽ/מַּחֲנֶ֛ה	d/4264	HTd/Ncbsa
Judg 4:15	לְ/פִי	l/6310	HR/Ncmsc
Judg 4:15	חֶ֖רֶב	2719	HNcfsa
Judg 4:15	לִ/פְנֵ֣י	l/6440	HR/Ncbpc
Judg 4:15	בָרָ֑ק	1301	HNp
Judg 4:15	וַ/יֵּ֧רֶד	c/3381	HC/Vqw3ms
Judg 4:15	סִֽיסְרָ֛א	5516	HNp
Judg 4:15	מֵ/עַ֥ל	m/5921 a	HR/R
Judg 4:15	הַ/מֶּרְכָּבָ֖ה	d/4818	HTd/Ncfsa
Judg 4:15	וַ/יָּ֥נָס	c/5127	HC/Vqw3ms
Judg 4:15	בְּ/רַגְלָֽי/ו	b/7272	HR/Ncfdc/Sp3ms
Judg 4:16	וּ/בָרָ֗ק	c/1301	HC/Np
Judg 4:16	רָדַ֞ף	7291	HVqp3ms
Judg 4:16	אַחֲרֵ֤י	310 a	HR
Judg 4:16	הָ/רֶ֨כֶב֙	d/7393	HTd/Ncmsa
Judg 4:16	וְ/אַחֲרֵ֣י	c/310 a	HC/R
Judg 4:16	הַֽ/מַּחֲנֶ֔ה	d/4264	HTd/Ncbsa
Judg 4:16	עַ֖ד	5704	HR
Judg 4:16	חֲרֹ֣שֶׁת	2800	HNp
Judg 4:16	הַגּוֹיִ֑ם	1471 a	HNp
Judg 4:16	וַ/יִּפֹּ֞ל	c/5307	HC/Vqw3ms
Judg 4:16	כָּל	3605	HNcmsc
Judg 4:16	מַחֲנֵ֤ה	4264	HNcbsc
Judg 4:16	סִֽיסְרָא֙	5516	HNp
Judg 4:16	לְ/פִי	l/6310	HR/Ncmsc
Judg 4:16	חֶ֔רֶב	2719	HNcfsa
Judg 4:16	לֹ֥א	3808	HTn
Judg 4:16	נִשְׁאַ֖ר	7604	HVNp3ms
Judg 4:16	עַד	5704	HR
Judg 4:16	אֶחָֽד	259	HAcmsa
Judg 4:17	וְ/סִֽיסְרָא֙	c/5516	HC/Np
Judg 4:17	נָ֣ס	5127	HVqp3ms
Judg 4:17	בְּ/רַגְלָ֔י/ו	b/7272	HR/Ncfdc/Sp3ms
Judg 4:17	אֶל	413	HR
Judg 4:17	אֹ֣הֶל	168	HNcmsc
Judg 4:17	יָעֵ֔ל	3278	HNp
Judg 4:17	אֵ֖שֶּׁת	802	HNcfsc
Judg 4:17	חֶ֣בֶר	2268	HNp
Judg 4:17	הַ/קֵּינִ֑י	d/7017	HTd/Ngmsa
Judg 4:17	כִּ֣י	3588 a	HC
Judg 4:17	שָׁל֗וֹם	7965	HNcmsa
Judg 4:17	בֵּ֚ין	996	HR
Judg 4:17	יָבִ֣ין	2985	HNp
Judg 4:17	מֶֽלֶךְ	4428	HNcmsc
Judg 4:17	חָצ֔וֹר	2674	HNp
Judg 4:17	וּ/בֵ֕ין	c/996	HC/R
Judg 4:17	בֵּ֖ית	1004 b	HNcmsc
Judg 4:17	חֶ֥בֶר	2268	HNp
Judg 4:17	הַ/קֵּינִֽי	d/7017	HTd/Ngmsa
Judg 4:18	וַ/תֵּצֵ֣א	c/3318	HC/Vqw3fs
Judg 4:18	יָעֵל֮	3278	HNp
Judg 4:18	לִ/קְרַ֣את	l/7125	HR/Vqc
Judg 4:18	סִֽיסְרָא֒	5516	HNp
Judg 4:18	וַ/תֹּ֣אמֶר	c/559	HC/Vqw3fs
Judg 4:18	אֵלָ֗י/ו	413	HR/Sp3ms
Judg 4:18	סוּרָ֧/ה	5493	HVqv2ms/Sh
Judg 4:18	אֲדֹנִ֛/י	113	HNcmsc/Sp1cs
Judg 4:18	סוּרָ֥/ה	5493	HVqv2ms/Sh
Judg 4:18	אֵלַ֖/י	413	HR/Sp1cs
Judg 4:18	אַל	408	HTn
Judg 4:18	תִּירָ֑א	3372	HVqj2ms
Judg 4:18	וַ/יָּ֤סַר	c/5493	HC/Vqw3ms
Judg 4:18	אֵלֶ֨י/הָ֙	413	HR/Sp3fs
Judg 4:18	הָ/אֹ֔הֱלָ/ה	d/168	HTd/Ncmsa/Sd
Judg 4:18	וַ/תְּכַסֵּ֖/הוּ	c/3680	HC/Vpw3fs/Sp3ms
Judg 4:18	בַּ/שְּׂמִיכָֽה	b/8063	HRd/Ncfsa
Judg 4:19	וַ/יֹּ֧אמֶר	c/559	HC/Vqw3ms
Judg 4:19	אֵלֶ֛י/הָ	413	HR/Sp3fs
Judg 4:19	הַשְׁקִי/נִי	8248	HVhv2fs/Sp1cs
Judg 4:19	נָ֥א	4994	HTe
Judg 4:19	מְעַט	4592	HNcmsc
Judg 4:19	מַ֖יִם	4325	HNcmpa
Judg 4:19	כִּ֣י	3588 a	HC
Judg 4:19	צָמֵ֑אתִי	6770	HVqp1cs
Judg 4:19	וַ/תִּפְתַּ֞ח	c/6605 a	HC/Vqw3fs
Judg 4:19	אֶת	853	HTo
Judg 4:19	נֹ֧אוד	4997	HNcmsc
Judg 4:19	הֶ/חָלָ֛ב	d/2461	HTd/Ncmsa
Judg 4:19	וַ/תַּשְׁקֵ֖/הוּ	c/8248	HC/Vhw3fs/Sp3ms
Judg 4:19	וַ/תְּכַסֵּֽ/הוּ	c/3680	HC/Vpw3fs/Sp3ms
Judg 4:20	וַ/יֹּ֣אמֶר	c/559	HC/Vqw3ms
Judg 4:20	אֵלֶ֔י/הָ	413	HR/Sp3fs
Judg 4:20	עֲמֹ֖ד	5975	HVqv2ms
Judg 4:20	פֶּ֣תַח	6607	HNcmsc
Judg 4:20	הָ/אֹ֑הֶל	d/168	HTd/Ncmsa
Judg 4:20	וְ/הָיָה֩	c/1961	HC/Vqq3ms
Judg 4:20	אִם	518 a	HC
Judg 4:20	אִ֨ישׁ	376	HNcmsa
Judg 4:20	יָב֜וֹא	935	HVqi3ms
Judg 4:20	וּ/שְׁאֵלֵ֗/ךְ	c/7592	HC/Vqq3ms/Sp3fs
Judg 4:20	וְ/אָמַ֛ר	c/559	HC/Vqq3ms
Judg 4:20	הֲ/יֵֽשׁ	i/3426	HTi/Tm
Judg 4:20	פֹּ֥ה	6311	HD
Judg 4:20	אִ֖ישׁ	376	HNcmsa
Judg 4:20	וְ/אָמַ֥רְתְּ	c/559	HC/Vqq2fs
Judg 4:20	אָֽיִן	369	HTn
Judg 4:21	וַ/תִּקַּ֣ח	c/3947	HC/Vqw3fs
Judg 4:21	יָעֵ֣ל	3278	HNp
Judg 4:21	אֵֽשֶׁת	802	HNcfsc
Judg 4:21	חֶ֠בֶר	2268	HNp
Judg 4:21	אֶת	853	HTo
Judg 4:21	יְתַ֨ד	3489	HNcfsc
Judg 4:21	הָ/אֹ֜הֶל	d/168	HTd/Ncmsa
Judg 4:21	וַ/תָּ֧שֶׂם	c/7760 a	HC/Vqw3fs
Judg 4:21	אֶת	853	HTo
Judg 4:21	הַ/מַּקֶּ֣בֶת	d/4718 a	HTd/Ncfsa
Judg 4:21	בְּ/יָדָ֗/הּ	b/3027	HR/Ncbsc/Sp3fs
Judg 4:21	וַ/תָּב֤וֹא	c/935	HC/Vqw3fs
Judg 4:21	אֵלָי/ו֙	413	HR/Sp3ms
Judg 4:21	בַּ/לָּ֔אט	b/3814	HRd/Ncmsa
Judg 4:21	וַ/תִּתְקַ֤ע	c/8628	HC/Vqw3fs
Judg 4:21	אֶת	853	HTo
Judg 4:21	הַ/יָּתֵד֙	d/3489	HTd/Ncfsa
Judg 4:21	בְּ/רַקָּת֔/וֹ	b/7541	HR/Ncfsc/Sp3ms
Judg 4:21	וַ/תִּצְנַ֖ח	c/6795	HC/Vqw3fs
Judg 4:21	בָּ/אָ֑רֶץ	b/776	HRd/Ncbsa
Judg 4:21	וְ/הֽוּא	c/1931	HC/Pp3ms
Judg 4:21	נִרְדָּ֥ם	7290	HVNrmsa
Judg 4:21	וַ/יָּ֖עַף	c/5774 a	HC/Vqw3ms
Judg 4:21	וַ/יָּמֹֽת	c/4191	HC/Vqw3ms
Judg 4:22	וְ/הִנֵּ֣ה	c/2009	HC/Tm
Judg 4:22	בָרָק֮	1301	HNp
Judg 4:22	רֹדֵ֣ף	7291	HVqrmsa
Judg 4:22	אֶת	853	HTo
Judg 4:22	סִֽיסְרָא֒	5516	HNp
Judg 4:22	וַ/תֵּצֵ֤א	c/3318	HC/Vqw3fs
Judg 4:22	יָעֵל֙	3278	HNp
Judg 4:22	לִ/קְרָאת֔/וֹ	l/7125	HR/Vqc/Sp3ms
Judg 4:22	וַ/תֹּ֣אמֶר	c/559	HC/Vqw3fs
Judg 4:22	ל֔/וֹ	l	HR/Sp3ms
Judg 4:22	לֵ֣ךְ	3212	HVqv2ms
Judg 4:22	וְ/אַרְאֶ֔/ךָּ	c/7200	HC/Vhh1cs/Sp2ms
Judg 4:22	אֶת	853	HTo
Judg 4:22	הָ/אִ֖ישׁ	d/376	HTd/Ncmsa
Judg 4:22	אֲשֶׁר	834 a	HTr
Judg 4:22	אַתָּ֣ה	859 a	HPp2ms
Judg 4:22	מְבַקֵּ֑שׁ	1245	HVprmsa
Judg 4:22	וַ/יָּבֹ֣א	c/935	HC/Vqw3ms
Judg 4:22	אֵלֶ֔י/הָ	413	HR/Sp3fs
Judg 4:22	וְ/הִנֵּ֤ה	c/2009	HC/Tm
Judg 4:22	סִֽיסְרָא֙	5516	HNp
Judg 4:22	נֹפֵ֣ל	5307	HVqrmsa
Judg 4:22	מֵ֔ת	4191	HVqrmsa
Judg 4:22	וְ/הַ/יָּתֵ֖ד	c/d/3489	HC/Td/Ncfsa
Judg 4:22	בְּ/רַקָּתֽ/וֹ	b/7541	HR/Ncfsc/Sp3ms
Judg 4:23	וַ/יַּכְנַ֤ע	c/3665	HC/Vhw3ms
Judg 4:23	אֱלֹהִים֙	430	HNcmpa
Judg 4:23	בַּ/יּ֣וֹם	b/3117	HRd/Ncmsa
Judg 4:23	הַ/ה֔וּא	d/1931	HTd/Pp3ms
Judg 4:23	אֵ֖ת	853	HTo
Judg 4:23	יָבִ֣ין	2985	HNp
Judg 4:23	מֶֽלֶךְ	4428	HNcmsc
Judg 4:23	כְּנָ֑עַן	3667 a	HNp
Judg 4:23	לִ/פְנֵ֖י	l/6440	HR/Ncbpc
Judg 4:23	בְּנֵ֥י	1121 a	HNcmpc
Judg 4:23	יִשְׂרָאֵֽל	3478	HNp
Judg 4:24	וַ/תֵּ֜לֶךְ	c/3212	HC/Vqw3fs
Judg 4:24	יַ֤ד	3027	HNcbsc
Judg 4:24	בְּנֵֽי	1121 a	HNcmpc
Judg 4:24	יִשְׂרָאֵל֙	3478	HNp
Judg 4:24	הָל֣וֹךְ	1980	HVqa
Judg 4:24	וְ/קָשָׁ֔ה	c/7186	HC/Aafsa
Judg 4:24	עַ֖ל	5921 a	HR
Judg 4:24	יָבִ֣ין	2985	HNp
Judg 4:24	מֶֽלֶךְ	4428	HNcmsc
Judg 4:24	כְּנָ֑עַן	3667 a	HNp
Judg 4:24	עַ֚ד	5704	HR
Judg 4:24	אֲשֶׁ֣ר	834 a	HTr
Judg 4:24	הִכְרִ֔יתוּ	3772	HVhp3cp
Judg 4:24	אֵ֖ת	853	HTo
Judg 4:24	יָבִ֥ין	2985	HNp
Judg 4:24	מֶֽלֶךְ	4428	HNcmsc
Judg 4:24	כְּנָֽעַן	3667 a	HNp
Judg 5:1	וַ/תָּ֣שַׁר	c/7891	HC/Vqw3fs
Judg 5:1	דְּבוֹרָ֔ה	1683	HNp
Judg 5:1	וּ/בָרָ֖ק	c/1301	HC/Np
Judg 5:1	בֶּן	1121 a	HNcmsc
Judg 5:1	אֲבִינֹ֑עַם	42	HNp
Judg 5:1	בַּ/יּ֥וֹם	b/3117	HRd/Ncmsa
Judg 5:1	הַ/ה֖וּא	d/1931	HTd/Pp3ms
Judg 5:1	לֵ/אמֹֽר	l/559	HR/Vqc
Judg 5:2	בִּ/פְרֹ֤עַ	b/6544 a	HR/Vqc
Judg 5:2	פְּרָעוֹת֙	6546	HNcmpa
Judg 5:2	בְּ/יִשְׂרָאֵ֔ל	b/3478	HR/Np
Judg 5:2	בְּ/הִתְנַדֵּ֖ב	b/5068	HR/Vtc
Judg 5:2	עָ֑ם	5971 a	HNcmsa
Judg 5:2	בָּרֲכ֖וּ	1288	HVpv2mp
Judg 5:2	יְהוָֽה	3068	HNp
Judg 5:3	שִׁמְע֣וּ	8085	HVqv2mp
Judg 5:3	מְלָכִ֔ים	4428	HNcmpa
Judg 5:3	הַאֲזִ֖ינוּ	238	HVhv2mp
Judg 5:3	רֹֽזְנִ֑ים	7336	HVqrmpa
Judg 5:3	אָֽנֹכִ֗י	595	HPp1cs
Judg 5:3	לַֽ/יהוָה֙	l/3068	HR/Np
Judg 5:3	אָנֹכִ֣י	595	HPp1cs
Judg 5:3	אָשִׁ֔ירָה	7891	HVqh1cs
Judg 5:3	אֲזַמֵּ֕ר	2167	HVpi1cs
Judg 5:3	לַֽ/יהוָ֖ה	l/3068	HR/Np
Judg 5:3	אֱלֹהֵ֥י	430	HNcmpc
Judg 5:3	יִשְׂרָאֵֽל	3478	HNp
Judg 5:4	יְהוָ֗ה	3068	HNp
Judg 5:4	בְּ/צֵאתְ/ךָ֤	b/3318	HR/Vqc/Sp2ms
Judg 5:4	מִ/שֵּׂעִיר֙	m/8165 a	HR/Np
Judg 5:4	בְּ/צַעְדְּ/ךָ֙	b/6805	HR/Vqc/Sp2ms
Judg 5:4	מִ/שְּׂדֵ֣ה	m/7704 b	HR/Ncmsc
Judg 5:4	אֱד֔וֹם	123	HNp
Judg 5:4	אֶ֣רֶץ	776	HNcbsa
Judg 5:4	רָעָ֔שָׁה	7493	HVqp3fs
Judg 5:4	גַּם	1571	HTa
Judg 5:4	שָׁמַ֖יִם	8064	HNcmpa
Judg 5:4	נָטָ֑פוּ	5197	HVqp3cp
Judg 5:4	גַּם	1571	HTa
Judg 5:4	עָבִ֖ים	5645	HNcbpa
Judg 5:4	נָ֥טְפוּ	5197	HVqp3cp
Judg 5:4	מָֽיִם	4325	HNcmpa
Judg 5:5	הָרִ֥ים	2022	HNcmpa
Judg 5:5	נָזְל֖וּ	5140	HVqp3cp
Judg 5:5	מִ/פְּנֵ֣י	m/6440	HR/Ncbpc
Judg 5:5	יְהוָ֑ה	3068	HNp
Judg 5:5	זֶ֣ה	2088	HPdxms
Judg 5:5	סִינַ֔י	5514	HNp
Judg 5:5	מִ/פְּנֵ֕י	m/6440	HR/Ncbpc
Judg 5:5	יְהוָ֖ה	3068	HNp
Judg 5:5	אֱלֹהֵ֥י	430	HNcmpc
Judg 5:5	יִשְׂרָאֵֽל	3478	HNp
Judg 5:6	בִּ/ימֵ֞י	b/3117	HR/Ncmpc
Judg 5:6	שַׁמְגַּ֤ר	8044	HNp
Judg 5:6	בֶּן	1121 a	HNcmsc
Judg 5:6	עֲנָת֙	6067	HNp
Judg 5:6	בִּ/ימֵ֣י	b/3117	HR/Ncmpc
Judg 5:6	יָעֵ֔ל	3278	HNp
Judg 5:6	חָדְל֖וּ	2308	HVqp3cp
Judg 5:6	אֳרָח֑וֹת	734	HNcbpa
Judg 5:6	וְ/הֹלְכֵ֣י	c/1980	HC/Vqrmpc
Judg 5:6	נְתִיב֔וֹת	5410 b	HNcbpa
Judg 5:6	יֵלְכ֕וּ	3212	HVqi3mp
Judg 5:6	אֳרָח֖וֹת	734	HNcbpa
Judg 5:6	עֲקַלְקַלּֽוֹת	6128	HAafpa
Judg 5:7	חָדְל֧וּ	2308	HVqp3cp
Judg 5:7	פְרָז֛וֹן	6520	HNcmsa
Judg 5:7	בְּ/יִשְׂרָאֵ֖ל	b/3478	HR/Np
Judg 5:7	חָדֵ֑לּוּ	2308	HVqp3cp
Judg 5:7	עַ֤ד	5704	HR
Judg 5:7	שַׁ/קַּ֨מְתִּי֙	s/6965 b	HTr/Vqp1cs
Judg 5:7	דְּבוֹרָ֔ה	1683	HNp
Judg 5:7	שַׁ/קַּ֥מְתִּי	s/6965 b	HTr/Vqp1cs
Judg 5:7	אֵ֖ם	517	HNcfsa
Judg 5:7	בְּ/יִשְׂרָאֵֽל	b/3478	HR/Np
Judg 5:8	יִבְחַר֙	977	HVqi3ms
Judg 5:8	אֱלֹהִ֣ים	430	HNcmpa
Judg 5:8	חֲדָשִׁ֔ים	2319	HAampa
Judg 5:8	אָ֖ז	227 a	HD
Judg 5:8	לָחֶ֣ם	3901	HNcmsa
Judg 5:8	שְׁעָרִ֑ים	8179	HNcmpa
Judg 5:8	מָגֵ֤ן	4043	HNcbsa
Judg 5:8	אִם	518 a	HC
Judg 5:8	יֵֽרָאֶה֙	7200	HVNi3ms
Judg 5:8	וָ/רֹ֔מַח	c/7420	HC/Ncmsa
Judg 5:8	בְּ/אַרְבָּעִ֥ים	b/705	HR/Acbpa
Judg 5:8	אֶ֖לֶף	505	HAcbsa
Judg 5:8	בְּ/יִשְׂרָאֵֽל	b/3478	HR/Np
Judg 5:9	לִבִּ/י֙	3820 a	HNcmsc/Sp1cs
Judg 5:9	לְ/חוֹקְקֵ֣י	l/2710	HR/Vqrmpc
Judg 5:9	יִשְׂרָאֵ֔ל	3478	HNp
Judg 5:9	הַ/מִּֽתְנַדְּבִ֖ים	d/5068	HTd/Vtrmpa
Judg 5:9	בָּ/עָ֑ם	b/5971 a	HRd/Ncmsa
Judg 5:9	בָּרֲכ֖וּ	1288	HVpv2mp
Judg 5:9	יְהוָֽה	3068	HNp
Judg 5:10	רֹכְבֵי֩	7392	HVqrmpc
Judg 5:10	אֲתֹנ֨וֹת	860	HNcfpa
Judg 5:10	צְחֹר֜וֹת	6715	HAafpa
Judg 5:10	יֹשְׁבֵ֧י	3427	HVqrmpc
Judg 5:10	עַל	5921 a	HR
Judg 5:10	מִדִּ֛ין	4055	HNcmpa
Judg 5:10	וְ/הֹלְכֵ֥י	c/1980	HC/Vqrmpc
Judg 5:10	עַל	5921 a	HR
Judg 5:10	דֶּ֖רֶךְ	1870	HNcbsa
Judg 5:10	שִֽׂיחוּ	7878	HVqv2mp
Judg 5:11	מִ/קּ֣וֹל	m/6963 a	HR/Ncmsc
Judg 5:11	מְחַֽצְצִ֗ים	2686 b	HVprmpa
Judg 5:11	בֵּ֚ין	996	HR
Judg 5:11	מַשְׁאַבִּ֔ים	4857	HNcmpa
Judg 5:11	שָׁ֤ם	8033	HD
Judg 5:11	יְתַנּוּ֙	8567	HVpi3mp
Judg 5:11	צִדְק֣וֹת	6666	HNcfpc
Judg 5:11	יְהוָ֔ה	3068	HNp
Judg 5:11	צִדְקֹ֥ת	6666	HNcfpc
Judg 5:11	פִּרְזֹנ֖/וֹ	6520	HNcmsc/Sp3ms
Judg 5:11	בְּ/יִשְׂרָאֵ֑ל	b/3478	HR/Np
Judg 5:11	אָ֛ז	227 a	HD
Judg 5:11	יָרְד֥וּ	3381	HVqp3cp
Judg 5:11	לַ/שְּׁעָרִ֖ים	l/8179	HRd/Ncmpa
Judg 5:11	עַם	5971 a	HNcmsc
Judg 5:11	יְהוָֽה	3068	HNp
Judg 5:12	עוּרִ֤י	5782	HVqv2fs
Judg 5:12	עוּרִי֙	5782	HVqv2fs
Judg 5:12	דְּבוֹרָ֔ה	1683	HNp
Judg 5:12	ע֥וּרִי	5782	HVqv2fs
Judg 5:12	ע֖וּרִי	5782	HVqv2fs
Judg 5:12	דַּבְּרִי	1696	HVpv2fs
Judg 5:12	שִׁ֑יר	7892 a	HNcbsa
Judg 5:12	ק֥וּם	6965 b	HVqv2ms
Judg 5:12	בָּרָ֛ק	1301	HNp
Judg 5:12	וּֽ/שֲׁבֵ֥ה	c/7617	HC/Vqv2ms
Judg 5:12	שֶׁבְיְ/ךָ֖	7628 a	HNcbsc/Sp2ms
Judg 5:12	בֶּן	1121 a	HNcmsc
Judg 5:12	אֲבִינֹֽעַם	42	HNp
Judg 5:13	אָ֚ז	227 a	HD
Judg 5:13	יְרַ֣ד	7287 a	HVqp3ms
Judg 5:13	שָׂרִ֔יד	8300	HNcmsa
Judg 5:13	לְ/אַדִּירִ֖ים	l/117	HR/Aampa
Judg 5:13	עָ֑ם	5971 a	HNcmsa
Judg 5:13	יְהוָ֕ה	3068	HNp
Judg 5:13	יְרַד	7287 a	HVqp3ms
Judg 5:13	לִ֖/י	l	HR/Sp1cs
Judg 5:13	בַּ/גִּבּוֹרִֽים	b/1368	HRd/Aampa
Judg 5:14	מִנִּ֣י	4480 a	HR
Judg 5:14	אֶפְרַ֗יִם	669	HNp
Judg 5:14	שָׁרְשָׁ/ם֙	8328	HNcmsc/Sp3mp
Judg 5:14	בַּ/עֲמָלֵ֔ק	b/6002	HR/Np
Judg 5:14	אַחֲרֶ֥י/ךָ	310 a	HR/Sp2ms
Judg 5:14	בִנְיָמִ֖ין	1144	HNp
Judg 5:14	בַּֽ/עֲמָמֶ֑י/ךָ	b/5971 b	HR/Ncmpc/Sp2ms
Judg 5:14	מִנִּ֣י	4480 a	HR
Judg 5:14	מָכִ֗יר	4353	HNp
Judg 5:14	יָֽרְדוּ֙	3381	HVqp3cp
Judg 5:14	מְחֹ֣קְקִ֔ים	2710	HVmrmpa
Judg 5:14	וּ/מִ֨/זְּבוּלֻ֔ן	c/m/2074	HC/R/Np
Judg 5:14	מֹשְׁכִ֖ים	4900	HVqrmpa
Judg 5:14	בְּ/שֵׁ֥בֶט	b/7626	HR/Ncmsc
Judg 5:14	סֹפֵֽר	5608 b	HNcmsa
Judg 5:15	וְ/שָׂרַ֤/י	c/8269	HC/Ncmpc/Sp1cs
Judg 5:15	בְּ/יִשָּׂשכָר֙	b/3485	HR/Np
Judg 5:15	עִם	5973 a	HR
Judg 5:15	דְּבֹרָ֔ה	1683	HNp
Judg 5:15	וְ/יִשָּׂשכָר֙	c/3485	HC/Np
Judg 5:15	כֵּ֣ן	3651 c	HTm
Judg 5:15	בָּרָ֔ק	1301	HNp
Judg 5:15	בָּ/עֵ֖מֶק	b/6010	HRd/Ncmsa
Judg 5:15	שֻׁלַּ֣ח	7971	HVPp3ms
Judg 5:15	בְּ/רַגְלָ֑י/ו	b/7272	HR/Ncfdc/Sp3ms
Judg 5:15	בִּ/פְלַגּ֣וֹת	b/6391	HR/Ncfpc
Judg 5:15	רְאוּבֵ֔ן	7205	HNp
Judg 5:15	גְּדֹלִ֖ים	1419 a	HAampa
Judg 5:15	חִקְקֵי	2711	HNcmpc
Judg 5:15	לֵֽב	3820 a	HNcmsa
Judg 5:16	לָ֣/מָּה	l/4100	HR/Ti
Judg 5:16	יָשַׁ֗בְתָּ	3427	HVqp2ms
Judg 5:16	בֵּ֚ין	996	HR
Judg 5:16	הַֽ/מִּשְׁפְּתַ֔יִם	d/4942	HTd/Ncmda
Judg 5:16	לִ/שְׁמֹ֖עַ	l/8085	HR/Vqc
Judg 5:16	שְׁרִק֣וֹת	8292	HNcfpc
Judg 5:16	עֲדָרִ֑ים	5739	HNcmpa
Judg 5:16	לִ/פְלַגּ֣וֹת	l/6391	HR/Ncfpc
Judg 5:16	רְאוּבֵ֔ן	7205	HNp
Judg 5:16	גְּדוֹלִ֖ים	1419 a	HAampa
Judg 5:16	חִקְרֵי	2714	HNcmpc
Judg 5:16	לֵֽב	3820 a	HNcmsa
Judg 5:17	גִּלְעָ֗ד	1568	HNp
Judg 5:17	בְּ/עֵ֤בֶר	b/5676	HR/Ncmsc
Judg 5:17	הַ/יַּרְדֵּן֙	d/3383	HTd/Np
Judg 5:17	שָׁכֵ֔ן	7931	HVqp3ms
Judg 5:17	וְ/דָ֕ן	c/1835	HC/Np
Judg 5:17	לָ֥/מָּה	l/4100	HR/Ti
Judg 5:17	יָג֖וּר	1481 a	HVqi3ms
Judg 5:17	אֳנִיּ֑וֹת	591	HNcfpa
Judg 5:17	אָשֵׁ֗ר	836	HNp
Judg 5:17	יָשַׁב֙	3427	HVqp3ms
Judg 5:17	לְ/ח֣וֹף	l/2348	HR/Ncmsc
Judg 5:17	יַמִּ֔ים	3220	HNcmpa
Judg 5:17	וְ/עַ֥ל	c/5921 a	HC/R
Judg 5:17	מִפְרָצָ֖י/ו	4664	HNcmpc/Sp3ms
Judg 5:17	יִשְׁכּֽוֹן	7931	HVqi3ms
Judg 5:18	זְבֻל֗וּן	2074	HNp
Judg 5:18	עַ֣ם	5971 a	HNcmsa
Judg 5:18	חֵרֵ֥ף	2778 a	HVpp3ms
Judg 5:18	נַפְשׁ֛/וֹ	5315	HNcbsc/Sp3ms
Judg 5:18	לָ/מ֖וּת	l/4191	HR/Vqc
Judg 5:18	וְ/נַפְתָּלִ֑י	c/5321	HC/Np
Judg 5:18	עַ֖ל	5921 a	HR
Judg 5:18	מְרוֹמֵ֥י	4791	HNcmpc
Judg 5:18	שָׂדֶֽה	7704 b	HNcmsa
Judg 5:19	בָּ֤אוּ	935	HVqp3cp
Judg 5:19	מְלָכִים֙	4428	HNcmpa
Judg 5:19	נִלְחָ֔מוּ	3898 a	HVNp3cp
Judg 5:19	אָ֤ז	227 a	HD
Judg 5:19	נִלְחֲמוּ֙	3898 a	HVNp3cp
Judg 5:19	מַלְכֵ֣י	4428	HNcmpc
Judg 5:19	כְנַ֔עַן	3667 a	HNp
Judg 5:19	בְּ/תַעְנַ֖ךְ	b/8590	HR/Np
Judg 5:19	עַל	5921 a	HR
Judg 5:19	מֵ֣י	4325	HNcmpc
Judg 5:19	מְגִדּ֑וֹ	4023	HNp
Judg 5:19	בֶּ֥צַע	1215	HNcmsc
Judg 5:19	כֶּ֖סֶף	3701	HNcmsa
Judg 5:19	לֹ֥א	3808	HTn
Judg 5:19	לָקָֽחוּ	3947	HVqp3cp
Judg 5:20	מִן	4480 a	HR
Judg 5:20	שָׁמַ֖יִם	8064	HNcmpa
Judg 5:20	נִלְחָ֑מוּ	3898 a	HVNp3cp
Judg 5:20	הַ/כּֽוֹכָבִים֙	d/3556	HTd/Ncmpa
Judg 5:20	מִ/מְּסִלּוֹתָ֔/ם	m/4546	HR/Ncfpc/Sp3mp
Judg 5:20	נִלְחֲמ֖וּ	3898 a	HVNp3cp
Judg 5:20	עִם	5973 a	HR
Judg 5:20	סִיסְרָֽא	5516	HNp
Judg 5:21	נַ֤חַל	5158 a	HNcmsc
Judg 5:21	קִישׁוֹן֙	7028	HNp
Judg 5:21	גְּרָפָ֔/ם	1640	HVqp3ms/Sp3mp
Judg 5:21	נַ֥חַל	5158 a	HNcmsc
Judg 5:21	קְדוּמִ֖ים	6917	HNcmpa
Judg 5:21	נַ֣חַל	5158 a	HNcmsc
Judg 5:21	קִישׁ֑וֹן	7028	HNp
Judg 5:21	תִּדְרְכִ֥י	1869	HVqi2fs
Judg 5:21	נַפְשִׁ֖/י	5315	HNcbsc/Sp1cs
Judg 5:21	עֹֽז	5797	HNcmsa
Judg 5:22	אָ֥ז	227 a	HD
Judg 5:22	הָלְמ֖וּ	1986	HVqp3cp
Judg 5:22	עִקְּבֵי	6119	HNcmpc
Judg 5:22	ס֑וּס	5483 b	HNcmsa
Judg 5:22	מִֽ/דַּהֲר֖וֹת	m/1726	HR/Ncfpa
Judg 5:22	דַּהֲר֥וֹת	1726	HNcfpc
Judg 5:22	אַבִּירָֽי/ו	47	HAampc/Sp3ms
Judg 5:23	א֣וֹרוּ	779	HVqv2mp
Judg 5:23	מֵר֗וֹז	4789	HNp
Judg 5:23	אָמַר֙	559	HVqp3ms
Judg 5:23	מַלְאַ֣ךְ	4397	HNcmsc
Judg 5:23	יְהוָ֔ה	3068	HNp
Judg 5:23	אֹ֥רוּ	779	HVqv2mp
Judg 5:23	אָר֖וֹר	779	HVqa
Judg 5:23	יֹשְׁבֶ֑י/הָ	3427	HVqrmpc/Sp3fs
Judg 5:23	כִּ֤י	3588 a	HC
Judg 5:23	לֹֽא	3808	HTn
Judg 5:23	בָ֨אוּ֙	935	HVqp3cp
Judg 5:23	לְ/עֶזְרַ֣ת	l/5833	HR/Ncfsc
Judg 5:23	יְהוָ֔ה	3068	HNp
Judg 5:23	לְ/עֶזְרַ֥ת	l/5833	HR/Ncfsc
Judg 5:23	יְהוָ֖ה	3068	HNp
Judg 5:23	בַּ/גִּבּוֹרִֽים	b/1368	HRd/Aampa
Judg 5:24	תְּבֹרַךְ֙	1288	HVPi3fs
Judg 5:24	מִ/נָּשִׁ֔ים	m/802	HR/Ncfpa
Judg 5:24	יָעֵ֕ל	3278	HNp
Judg 5:24	אֵ֖שֶׁת	802	HNcfsc
Judg 5:24	חֶ֣בֶר	2268	HNp
Judg 5:24	הַ/קֵּינִ֑י	d/7017	HTd/Ngmsa
Judg 5:24	מִ/נָּשִׁ֥ים	m/802	HR/Ncfpa
Judg 5:24	בָּ/אֹ֖הֶל	b/168	HRd/Ncmsa
Judg 5:24	תְּבֹרָֽךְ	1288	HVPi3fs
Judg 5:25	מַ֥יִם	4325	HNcmpa
Judg 5:25	שָׁאַ֖ל	7592	HVqp3ms
Judg 5:25	חָלָ֣ב	2461	HNcmsa
Judg 5:25	נָתָ֑נָה	5414	HVqp3fs
Judg 5:25	בְּ/סֵ֥פֶל	b/5602	HR/Ncmsc
Judg 5:25	אַדִּירִ֖ים	117	HAampa
Judg 5:25	הִקְרִ֥יבָה	7126	HVhp3fs
Judg 5:25	חֶמְאָֽה	2529 a	HNcfsa
Judg 5:26	יָדָ/הּ֙	3027	HNcbsc/Sp3fs
Judg 5:26	לַ/יָּתֵ֣ד	l/3489	HRd/Ncfsa
Judg 5:26	תִּשְׁלַ֔חְנָה	7971	HVqi3fp
Judg 5:26	וִֽ/ימִינָ֖/הּ	c/3225	HC/Ncfsc/Sp3fs
Judg 5:26	לְ/הַלְמ֣וּת	l/1989	HR/Ncfsc
Judg 5:26	עֲמֵלִ֑ים	6001 a	HNcmpa
Judg 5:26	וְ/הָלְמָ֤ה	c/1986	HC/Vqp3fs
Judg 5:26	סִֽיסְרָא֙	5516	HNp
Judg 5:26	מָחֲקָ֣ה	4277	HVqp3fs
Judg 5:26	רֹאשׁ֔/וֹ	7218 a	HNcmsc/Sp3ms
Judg 5:26	וּ/מָחֲצָ֥ה	c/4272	HC/Vqp3fs
Judg 5:26	וְ/חָלְפָ֖ה	c/2498	HC/Vqp3fs
Judg 5:26	רַקָּתֽ/וֹ	7541	HNcfsc/Sp3ms
Judg 5:27	בֵּ֣ין	996	HR
Judg 5:27	רַגְלֶ֔י/הָ	7272	HNcfdc/Sp3fs
Judg 5:27	כָּרַ֥ע	3766	HVqp3ms
Judg 5:27	נָפַ֖ל	5307	HVqp3ms
Judg 5:27	שָׁכָ֑ב	7901	HVqp3ms
Judg 5:27	בֵּ֤ין	996	HR
Judg 5:27	רַגְלֶ֨י/הָ֙	7272	HNcfdc/Sp3fs
Judg 5:27	כָּרַ֣ע	3766	HVqp3ms
Judg 5:27	נָפָ֔ל	5307	HVqp3ms
Judg 5:27	בַּ/אֲשֶׁ֣ר	b/834 b	HR/Tr
Judg 5:27	כָּרַ֔ע	3766	HVqp3ms
Judg 5:27	שָׁ֖ם	8033	HD
Judg 5:27	נָפַ֥ל	5307	HVqp3ms
Judg 5:27	שָׁדֽוּד	7703	HVqsmsa
Judg 5:28	בְּעַד֩	1157	HR
Judg 5:28	הַ/חַלּ֨וֹן	d/2474	HTd/Ncbsa
Judg 5:28	נִשְׁקְפָ֧ה	8259	HVNp3fs
Judg 5:28	וַ/תְּיַבֵּ֛ב	c/2980	HC/Vpw3fs
Judg 5:28	אֵ֥ם	517	HNcfsc
Judg 5:28	סִֽיסְרָ֖א	5516	HNp
Judg 5:28	בְּעַ֣ד	1157	HR
Judg 5:28	הָֽ/אֶשְׁנָ֑ב	d/822	HTd/Ncmsa
Judg 5:28	מַדּ֗וּעַ	4069	HTi
Judg 5:28	בֹּשֵׁ֤שׁ	954	HVop3ms
Judg 5:28	רִכְבּ/וֹ֙	7393	HNcmsc/Sp3ms
Judg 5:28	לָ/ב֔וֹא	l/935	HR/Vqc
Judg 5:28	מַדּ֣וּעַ	4069	HTi
Judg 5:28	אֶֽחֱר֔וּ	309	HVpp3cp
Judg 5:28	פַּעֲמֵ֖י	6471	HNcfpc
Judg 5:28	מַרְכְּבוֹתָֽי/ו	4818	HNcfpc/Sp3ms
Judg 5:29	חַכְמ֥וֹת	2450	HAafpc
Judg 5:29	שָׂרוֹתֶ֖י/הָ	8282	HNcfpc/Sp3fs
Judg 5:29	תַּעֲנֶ֑ינָּה	6030 b	HVqi3fp
Judg 5:29	אַף	637	HTa
Judg 5:29	הִ֕יא	1931	HPp3fs
Judg 5:29	תָּשִׁ֥יב	7725	HVhi3fs
Judg 5:29	אֲמָרֶ֖י/הָ	561	HNcmpc/Sp3fs
Judg 5:29	לָֽ/הּ	l	HR/Sp3fs
Judg 5:30	הֲ/לֹ֨א	i/3808	HTi/Tn
Judg 5:30	יִמְצְא֜וּ	4672	HVqi3mp
Judg 5:30	יְחַלְּק֣וּ	2505 a	HVpi3mp
Judg 5:30	שָׁלָ֗ל	7998	HNcmsa
Judg 5:30	רַ֤חַם	7356 a	HNcbsa
Judg 5:30	רַחֲמָתַ֨יִם֙	7361	HNcfda
Judg 5:30	לְ/רֹ֣אשׁ	l/7218 a	HR/Ncmsc
Judg 5:30	גֶּ֔בֶר	1397	HNcmsa
Judg 5:30	שְׁלַ֤ל	7998	HNcmsc
Judg 5:30	צְבָעִים֙	6648	HNcmpa
Judg 5:30	לְ/סִ֣יסְרָ֔א	l/5516	HR/Np
Judg 5:30	שְׁלַ֥ל	7998	HNcmsc
Judg 5:30	צְבָעִ֖ים	6648	HNcmpa
Judg 5:30	רִקְמָ֑ה	7553	HNcfsa
Judg 5:30	צֶ֥בַע	6648	HNcmsc
Judg 5:30	רִקְמָתַ֖יִם	7553	HNcfda
Judg 5:30	לְ/צַוְּארֵ֥י	l/6677 a	HR/Ncmpc
Judg 5:30	שָׁלָֽל	7998	HNcmsa
Judg 5:31	כֵּ֠ן	3651 c	HTm
Judg 5:31	יֹאבְד֤וּ	6	HVqi3mp
Judg 5:31	כָל	3605	HNcmsc
Judg 5:31	אוֹיְבֶ֨י/ךָ֙	341	HVqrmpc/Sp2ms
Judg 5:31	יְהוָ֔ה	3068	HNp
Judg 5:31	וְ/אֹ֣הֲבָ֔י/ו	c/157	HC/Vqrmpc/Sp3ms
Judg 5:31	כְּ/צֵ֥את	k/3318	HR/Vqc
Judg 5:31	הַ/שֶּׁ֖מֶשׁ	d/8121	HTd/Ncbsa
Judg 5:31	בִּ/גְבֻרָת֑/וֹ	b/1369	HR/Ncfsc/Sp3ms
Judg 5:31	וַ/תִּשְׁקֹ֥ט	c/8252	HC/Vqw3fs
Judg 5:31	הָ/אָ֖רֶץ	d/776	HTd/Ncbsa
Judg 5:31	אַרְבָּעִ֥ים	705	HAcbpa
Judg 5:31	שָׁנָֽה	8141	HNcfsa
Judg 6:1	וַ/יַּעֲשׂ֧וּ	c/6213 a	HC/Vqw3mp
Judg 6:1	בְנֵי	1121 a	HNcmpc
Judg 6:1	יִשְׂרָאֵ֛ל	3478	HNp
Judg 6:1	הָ/רַ֖ע	d/7451	HTd/Aamsa
Judg 6:1	בְּ/עֵינֵ֣י	b/5869 a	HR/Ncbdc
Judg 6:1	יְהוָ֑ה	3068	HNp
Judg 6:1	וַ/יִּתְּנֵ֧/ם	c/5414	HC/Vqw3ms/Sp3mp
Judg 6:1	יְהוָ֛ה	3068	HNp
Judg 6:1	בְּ/יַד	b/3027	HR/Ncbsc
Judg 6:1	מִדְיָ֖ן	4080	HNp
Judg 6:1	שֶׁ֥בַע	7651	HAcfsa
Judg 6:1	שָׁנִֽים	8141	HNcfpa
Judg 6:2	וַ/תָּ֥עָז	c/5810	HC/Vqw3fs
Judg 6:2	יַד	3027	HNcbsc
Judg 6:2	מִדְיָ֖ן	4080	HNp
Judg 6:2	עַל	5921 a	HR
Judg 6:2	יִשְׂרָאֵ֑ל	3478	HNp
Judg 6:2	מִ/פְּנֵ֨י	m/6440	HR/Ncbpc
Judg 6:2	מִדְיָ֜ן	4080	HNp
Judg 6:2	עָשֽׂוּ	6213 a	HVqp3cp
Judg 6:2	לָ/הֶ֣ם	l	HR/Sp3mp
Judg 6:2	בְּנֵ֣י	1121 a	HNcmpc
Judg 6:2	יִשְׂרָאֵ֗ל	3478	HNp
Judg 6:2	אֶת	853	HTo
Judg 6:2	הַ/מִּנְהָרוֹת֙	d/4492	HTd/Ncfpa
Judg 6:2	אֲשֶׁ֣ר	834 a	HTr
Judg 6:2	בֶּֽ/הָרִ֔ים	b/2022	HRd/Ncmpa
Judg 6:2	וְ/אֶת	c/853	HC/To
Judg 6:2	הַ/מְּעָר֖וֹת	d/4631	HTd/Ncfpa
Judg 6:2	וְ/אֶת	c/853	HC/To
Judg 6:2	הַ/מְּצָדֽוֹת	d/4679	HTd/Ncfpa
Judg 6:3	וְ/הָיָ֖ה	c/1961	HC/Vqq3ms
Judg 6:3	אִם	518 a	HC
Judg 6:3	זָרַ֣ע	2232	HVqp3ms
Judg 6:3	יִשְׂרָאֵ֑ל	3478	HNp
Judg 6:3	וְ/עָלָ֨ה	c/5927	HC/Vqq3ms
Judg 6:3	מִדְיָ֧ן	4080	HNp
Judg 6:3	וַֽ/עֲמָלֵ֛ק	c/6002	HC/Np
Judg 6:3	וּ/בְנֵי	c/1121 a	HC/Ncmpc
Judg 6:3	קֶ֖דֶם	6924 a	HNcmsa
Judg 6:3	וְ/עָל֥וּ	c/5927	HC/Vqq3cp
Judg 6:3	עָלָֽי/ו	5921 a	HR/Sp3ms
Judg 6:4	וַ/יַּחֲנ֣וּ	c/2583	HC/Vqw3mp
Judg 6:4	עֲלֵי/הֶ֗ם	5921 a	HR/Sp3mp
Judg 6:4	וַ/יַּשְׁחִ֨יתוּ֙	c/7843	HC/Vhw3mp
Judg 6:4	אֶת	853	HTo
Judg 6:4	יְב֣וּל	2981	HNcmsc
Judg 6:4	הָ/אָ֔רֶץ	d/776	HTd/Ncbsa
Judg 6:4	עַד	5704	HR
Judg 6:4	בּוֹאֲ/ךָ֖	935	HVqc/Sp2ms
Judg 6:4	עַזָּ֑ה	5804	HNp
Judg 6:4	וְ/לֹֽא	c/3808	HC/Tn
Judg 6:4	יַשְׁאִ֤ירוּ	7604	HVhi3mp
Judg 6:4	מִֽחְיָה֙	4241	HNcfsa
Judg 6:4	בְּ/יִשְׂרָאֵ֔ל	b/3478	HR/Np
Judg 6:4	וְ/שֶׂ֥ה	c/7716	HC/Ncbsa
Judg 6:4	וָ/שׁ֖וֹר	c/7794	HC/Ncmsa
Judg 6:4	וַ/חֲמֽוֹר	c/2543	HC/Ncbsa
Judg 6:5	כִּ֡י	3588 a	HC
Judg 6:5	הֵם֩	1992	HPp3mp
Judg 6:5	וּ/מִקְנֵי/הֶ֨ם	c/4735	HC/Ncmpc/Sp3mp
Judg 6:5	יַעֲל֜וּ	5927	HVqi3mp
Judg 6:5	וְ/אָהֳלֵי/הֶ֗ם	c/168	HC/Ncmpc/Sp3mp
Judg 6:5	יבאו	935	HVqi3mp
Judg 6:5	כְ/דֵֽי	k/1767	HR/Ncmsc
Judg 6:5	אַרְבֶּה֙	697	HNcmsa
Judg 6:5	לָ/רֹ֔ב	l/7230	HR/Ncbsa
Judg 6:5	וְ/לָ/הֶ֥ם	c/l	HC/R/Sp3mp
Judg 6:5	וְ/לִ/גְמַלֵּי/הֶ֖ם	c/l/1581	HC/R/Ncmpc/Sp3mp
Judg 6:5	אֵ֣ין	369	HTn
Judg 6:5	מִסְפָּ֑ר	4557	HNcmsa
Judg 6:5	וַ/יָּבֹ֥אוּ	c/935	HC/Vqw3mp
Judg 6:5	בָ/אָ֖רֶץ	b/776	HRd/Ncbsa
Judg 6:5	לְ/שַׁחֲתָֽ/הּ	l/7843	HR/Vpc/Sp3fs
Judg 6:6	וַ/יִּדַּ֧ל	c/1809	HC/Vqw3ms
Judg 6:6	יִשְׂרָאֵ֛ל	3478	HNp
Judg 6:6	מְאֹ֖ד	3966	HD
Judg 6:6	מִ/פְּנֵ֣י	m/6440	HR/Ncbpc
Judg 6:6	מִדְיָ֑ן	4080	HNp
Judg 6:6	וַ/יִּזְעֲק֥וּ	c/2199	HC/Vqw3mp
Judg 6:6	בְנֵֽי	1121 a	HNcmpc
Judg 6:6	יִשְׂרָאֵ֖ל	3478	HNp
Judg 6:6	אֶל	413	HR
Judg 6:6	יְהוָֽה	3068	HNp
Judg 6:7	וַ/יְהִ֕י	c/1961	HC/Vqw3ms
Judg 6:7	כִּֽי	3588 a	HC
Judg 6:7	זָעֲק֥וּ	2199	HVqp3cp
Judg 6:7	בְנֵֽי	1121 a	HNcmpc
Judg 6:7	יִשְׂרָאֵ֖ל	3478	HNp
Judg 6:7	אֶל	413	HR
Judg 6:7	יְהוָ֑ה	3068	HNp
Judg 6:7	עַ֖ל	5921 a	HR
Judg 6:7	אֹד֥וֹת	182	HNcfpc
Judg 6:7	מִדְיָֽן	4080	HNp
Judg 6:8	וַ/יִּשְׁלַ֧ח	c/7971	HC/Vqw3ms
Judg 6:8	יְהוָ֛ה	3068	HNp
Judg 6:8	אִ֥ישׁ	376	HNcmsa
Judg 6:8	נָבִ֖יא	5030	HNcmsa
Judg 6:8	אֶל	413	HR
Judg 6:8	בְּנֵ֣י	1121 a	HNcmpc
Judg 6:8	יִשְׂרָאֵ֑ל	3478	HNp
Judg 6:8	וַ/יֹּ֨אמֶר	c/559	HC/Vqw3ms
Judg 6:8	לָ/הֶ֜ם	l	HR/Sp3mp
Judg 6:8	כֹּה	3541	HD
Judg 6:8	אָמַ֥ר	559	HVqp3ms
Judg 6:8	יְהוָ֣ה	3068	HNp
Judg 6:8	אֱלֹהֵ֣י	430	HNcmpc
Judg 6:8	יִשְׂרָאֵ֗ל	3478	HNp
Judg 6:8	אָנֹכִ֞י	595	HPp1cs
Judg 6:8	הֶעֱלֵ֤יתִי	5927	HVhp1cs
Judg 6:8	אֶתְ/כֶם֙	853	HTo/Sp2mp
Judg 6:8	מִ/מִּצְרַ֔יִם	m/4714	HR/Np
Judg 6:8	וָ/אֹצִ֥יא	c/3318	HC/Vhw1cs
Judg 6:8	אֶתְ/כֶ֖ם	853	HTo/Sp2mp
Judg 6:8	מִ/בֵּ֥ית	m/1004 b	HR/Ncmsc
Judg 6:8	עֲבָדִֽים	5650	HNcmpa
Judg 6:9	וָ/אַצִּ֤ל	c/5337	HC/Vhw1cs
Judg 6:9	אֶתְ/כֶם֙	853	HTo/Sp2mp
Judg 6:9	מִ/יַּ֣ד	m/3027	HR/Ncbsc
Judg 6:9	מִצְרַ֔יִם	4713	HNp
Judg 6:9	וּ/מִ/יַּ֖ד	c/m/3027	HC/R/Ncbsc
Judg 6:9	כָּל	3605	HNcmsc
Judg 6:9	לֹחֲצֵי/כֶ֑ם	3905	HVqrmpc/Sp2mp
Judg 6:9	וָ/אֲגָרֵ֤שׁ	c/1644	HC/Vpw1cs
Judg 6:9	אוֹתָ/ם֙	853	HTo/Sp3mp
Judg 6:9	מִ/פְּנֵי/כֶ֔ם	m/6440	HR/Ncbpc/Sp2mp
Judg 6:9	וָ/אֶתְּנָ֥/ה	c/5414	HC/Vqw1cs/Sh
Judg 6:9	לָ/כֶ֖ם	l	HR/Sp2mp
Judg 6:9	אֶת	853	HTo
Judg 6:9	אַרְצָֽ/ם	776	HNcbsc/Sp3mp
Judg 6:10	וָ/אֹמְרָ֣/ה	c/559	HC/Vqw1cs/Sh
Judg 6:10	לָ/כֶ֗ם	l	HR/Sp2mp
Judg 6:10	אֲנִי֙	589	HPp1cs
Judg 6:10	יְהוָ֣ה	3068	HNp
Judg 6:10	אֱלֹהֵי/כֶ֔ם	430	HNcmpc/Sp2mp
Judg 6:10	לֹ֤א	3808	HTn
Judg 6:10	תִֽירְאוּ֙	3372	HVqi2mp
Judg 6:10	אֶת	853	HTo
Judg 6:10	אֱלֹהֵ֣י	430	HNcmpc
Judg 6:10	הָ/אֱמֹרִ֔י	d/567	HTd/Ngmsa
Judg 6:10	אֲשֶׁ֥ר	834 a	HTr
Judg 6:10	אַתֶּ֖ם	859 d	HPp2mp
Judg 6:10	יוֹשְׁבִ֣ים	3427	HVqrmpa
Judg 6:10	בְּ/אַרְצָ֑/ם	b/776	HR/Ncbsc/Sp3mp
Judg 6:10	וְ/לֹ֥א	c/3808	HC/Tn
Judg 6:10	שְׁמַעְתֶּ֖ם	8085	HVqp2mp
Judg 6:10	בְּ/קוֹלִֽ/י	b/6963 a	HR/Ncmsc/Sp1cs
Judg 6:11	וַ/יָּבֹ֞א	c/935	HC/Vqw3ms
Judg 6:11	מַלְאַ֣ךְ	4397	HNcmsc
Judg 6:11	יְהוָ֗ה	3068	HNp
Judg 6:11	וַ/יֵּ֨שֶׁב֙	c/3427	HC/Vqw3ms
Judg 6:11	תַּ֤חַת	8478	HR
Judg 6:11	הָֽ/אֵלָה֙	d/424	HTd/Ncfsa
Judg 6:11	אֲשֶׁ֣ר	834 a	HTr
Judg 6:11	בְּ/עָפְרָ֔ה	b/6084	HR/Np
Judg 6:11	אֲשֶׁ֥ר	834 a	HTr
Judg 6:11	לְ/יוֹאָ֖שׁ	l/3101	HR/Np
Judg 6:11	אֲבִ֣י	33+	HNgmsa
Judg 6:11	הָֽעֶזְרִ֑י	33	HNgmsa
Judg 6:11	וְ/גִדְע֣וֹן	c/1439	HC/Np
Judg 6:11	בְּנ֗/וֹ	1121 a	HNcmsc/Sp3ms
Judg 6:11	חֹבֵ֤ט	2251	HVqrmsa
Judg 6:11	חִטִּים֙	2406	HNcfpa
Judg 6:11	בַּ/גַּ֔ת	b/1660	HRd/Ncfsa
Judg 6:11	לְ/הָנִ֖יס	l/5127	HR/Vhc
Judg 6:11	מִ/פְּנֵ֥י	m/6440	HR/Ncbpc
Judg 6:11	מִדְיָֽן	4080	HNp
Judg 6:12	וַ/יֵּרָ֥א	c/7200	HC/VNw3ms
Judg 6:12	אֵלָ֖י/ו	413	HR/Sp3ms
Judg 6:12	מַלְּאַ֣ךְ	4397	HNcmsc
Judg 6:12	יְהוָ֑ה	3068	HNp
Judg 6:12	וַ/יֹּ֣אמֶר	c/559	HC/Vqw3ms
Judg 6:12	אֵלָ֔י/ו	413	HR/Sp3ms
Judg 6:12	יְהוָ֥ה	3068	HNp
Judg 6:12	עִמְּ/ךָ֖	5973 a	HR/Sp2ms
Judg 6:12	גִּבּ֥וֹר	1368	HAamsc
Judg 6:12	הֶ/חָֽיִל	d/2428	HTd/Ncmsa
Judg 6:13	וַ/יֹּ֨אמֶר	c/559	HC/Vqw3ms
Judg 6:13	אֵלָ֤י/ו	413	HR/Sp3ms
Judg 6:13	גִּדְעוֹן֙	1439	HNp
Judg 6:13	בִּ֣י	994	HTe
Judg 6:13	אֲדֹנִ֔/י	113	HNcmsc/Sp1cs
Judg 6:13	וְ/יֵ֤שׁ	c/3426	HC/Tm
Judg 6:13	יְהוָה֙	3068	HNp
Judg 6:13	עִמָּ֔/נוּ	5973 a	HR/Sp1cp
Judg 6:13	וְ/לָ֥/מָּה	c/l/4100	HC/R/Ti
Judg 6:13	מְצָאַ֖תְ/נוּ	4672	HVqp3fs/Sp1cp
Judg 6:13	כָּל	3605	HNcmsc
Judg 6:13	זֹ֑את	2063	HPdxfs
Judg 6:13	וְ/אַיֵּ֣ה	c/346	HC/Ti
Judg 6:13	כָֽל	3605	HNcmsc
Judg 6:13	נִפְלְאֹתָ֡י/ו	6381	HVNrfpc/Sp3ms
Judg 6:13	אֲשֶׁר֩	834 a	HTr
Judg 6:13	סִפְּרוּ	5608 a	HVpp3cp
Judg 6:13	לָ֨/נוּ	l	HR/Sp1cp
Judg 6:13	אֲבוֹתֵ֜י/נוּ	1	HNcmpc/Sp1cp
Judg 6:13	לֵ/אמֹ֗ר	l/559	HR/Vqc
Judg 6:13	הֲ/לֹ֤א	i/3808	HTi/Tn
Judg 6:13	מִ/מִּצְרַ֨יִם֙	m/4714	HR/Np
Judg 6:13	הֶעֱלָ֣/נוּ	5927	HVhp3ms/Sp1cp
Judg 6:13	יְהוָ֔ה	3068	HNp
Judg 6:13	וְ/עַתָּה֙	c/6258	HC/D
Judg 6:13	נְטָשָׁ֣/נוּ	5203	HVqp3ms/Sp1cp
Judg 6:13	יְהוָ֔ה	3068	HNp
Judg 6:13	וַֽ/יִּתְּנֵ֖/נוּ	c/5414	HC/Vqw3ms/Sp1cp
Judg 6:13	בְּ/כַף	b/3709	HR/Ncfsc
Judg 6:13	מִדְיָֽן	4080	HNp
Judg 6:14	וַ/יִּ֤פֶן	c/6437	HC/Vqw3ms
Judg 6:14	אֵלָי/ו֙	413	HR/Sp3ms
Judg 6:14	יְהוָ֔ה	3068	HNp
Judg 6:14	וַ/יֹּ֗אמֶר	c/559	HC/Vqw3ms
Judg 6:14	לֵ֚ךְ	3212	HVqv2ms
Judg 6:14	בְּ/כֹחֲ/ךָ֣	b/3581 b	HR/Ncmsc/Sp2ms
Judg 6:14	זֶ֔ה	2088	HPdxms
Judg 6:14	וְ/הוֹשַׁעְתָּ֥	c/3467	HC/Vhq2ms
Judg 6:14	אֶת	853	HTo
Judg 6:14	יִשְׂרָאֵ֖ל	3478	HNp
Judg 6:14	מִ/כַּ֣ף	m/3709	HR/Ncfsc
Judg 6:14	מִדְיָ֑ן	4080	HNp
Judg 6:14	הֲ/לֹ֖א	i/3808	HTi/Tn
Judg 6:14	שְׁלַחְתִּֽי/ךָ	7971	HVqp1cs/Sp2ms
Judg 6:15	וַ/יֹּ֤אמֶר	c/559	HC/Vqw3ms
Judg 6:15	אֵלָי/ו֙	413	HR/Sp3ms
Judg 6:15	בִּ֣י	994	HTe
Judg 6:15	אֲדֹנָ֔/י	136	HNcmpc/Sp1cs
Judg 6:15	בַּ/מָּ֥ה	b/4100	HR/Ti
Judg 6:15	אוֹשִׁ֖יעַ	3467	HVhi1cs
Judg 6:15	אֶת	853	HTo
Judg 6:15	יִשְׂרָאֵ֑ל	3478	HNp
Judg 6:15	הִנֵּ֤ה	2009	HTm
Judg 6:15	אַלְפִּ/י֙	504	HNcmsc/Sp1cs
Judg 6:15	הַ/דַּ֣ל	d/1800	HTd/Aamsa
Judg 6:15	בִּ/מְנַשֶּׁ֔ה	b/4519	HR/Np
Judg 6:15	וְ/אָנֹכִ֥י	c/595	HC/Pp1cs
Judg 6:15	הַ/צָּעִ֖יר	d/6810	HTd/Aamsa
Judg 6:15	בְּ/בֵ֥ית	b/1004 b	HR/Ncmsc
Judg 6:15	אָבִֽ/י	1	HNcmsc/Sp1cs
Judg 6:16	וַ/יֹּ֤אמֶר	c/559	HC/Vqw3ms
Judg 6:16	אֵלָי/ו֙	413	HR/Sp3ms
Judg 6:16	יְהוָ֔ה	3068	HNp
Judg 6:16	כִּ֥י	3588 a	HC
Judg 6:16	אֶהְיֶ֖ה	1961	HVqi1cs
Judg 6:16	עִמָּ֑/ךְ	5973 a	HR/Sp2fs
Judg 6:16	וְ/הִכִּיתָ֥	c/5221	HC/Vhq2ms
Judg 6:16	אֶת	853	HTo
Judg 6:16	מִדְיָ֖ן	4080	HNp
Judg 6:16	כְּ/אִ֥ישׁ	k/376	HR/Ncmsa
Judg 6:16	אֶחָֽד	259	HAcmsa
Judg 6:17	וַ/יֹּ֣אמֶר	c/559	HC/Vqw3ms
Judg 6:17	אֵלָ֔י/ו	413	HR/Sp3ms
Judg 6:17	אִם	518 a	HC
Judg 6:17	נָ֛א	4994	HTe
Judg 6:17	מָצָ֥אתִי	4672	HVqp1cs
Judg 6:17	חֵ֖ן	2580	HNcmsa
Judg 6:17	בְּ/עֵינֶ֑י/ךָ	b/5869 a	HR/Ncbdc/Sp2ms
Judg 6:17	וְ/עָשִׂ֤יתָ	c/6213 a	HC/Vqq2ms
Judg 6:17	לִּ/י֙	l	HR/Sp1cs
Judg 6:17	א֔וֹת	226	HNcbsa
Judg 6:17	שָׁ/אַתָּ֖ה	s/859 a	HTr/Pp2ms
Judg 6:17	מְדַבֵּ֥ר	1696	HVprmsa
Judg 6:17	עִמִּֽ/י	5973 a	HR/Sp1cs
Judg 6:18	אַל	408	HTn
Judg 6:18	נָ֨א	4994	HTe
Judg 6:18	תָמֻ֤שׁ	4185	HVqj2ms
Judg 6:18	מִ/זֶּה֙	m/2088	HR/Pdxms
Judg 6:18	עַד	5704	HR
Judg 6:18	בֹּאִ֣/י	935	HVqc/Sp1cs
Judg 6:18	אֵלֶ֔י/ךָ	413	HR/Sp2ms
Judg 6:18	וְ/הֹֽצֵאתִי֙	c/3318	HC/Vhq1cs
Judg 6:18	אֶת	853	HTo
Judg 6:18	מִנְחָתִ֔/י	4503	HNcfsc/Sp1cs
Judg 6:18	וְ/הִנַּחְתִּ֖י	c/3240	HC/Vhq1cs
Judg 6:18	לְ/פָנֶ֑י/ךָ	l/6440	HR/Ncbpc/Sp2ms
Judg 6:18	וַ/יֹּאמַ֕ר	c/559	HC/Vqw3ms
Judg 6:18	אָנֹכִ֥י	595	HPp1cs
Judg 6:18	אֵשֵׁ֖ב	3427	HVqi1cs
Judg 6:18	עַ֥ד	5704	HR
Judg 6:18	שׁוּבֶֽ/ךָ	7725	HVqc/Sp2ms
Judg 6:19	וְ/גִדְע֣וֹן	c/1439	HC/Np
Judg 6:19	בָּ֗א	935	HVqp3ms
Judg 6:19	וַ/יַּ֤עַשׂ	c/6213 a	HC/Vqw3ms
Judg 6:19	גְּדִֽי	1423	HNcmsc
Judg 6:19	עִזִּים֙	5795	HNcfpa
Judg 6:19	וְ/אֵיפַת	c/374	HC/Ncfsc
Judg 6:19	קֶ֣מַח	7058	HNcmsc
Judg 6:19	מַצּ֔וֹת	4682	HNcfpa
Judg 6:19	הַ/בָּשָׂר֙	d/1320	HTd/Ncmsa
Judg 6:19	שָׂ֣ם	7760 a	HVqp3ms
Judg 6:19	בַּ/סַּ֔ל	b/5536	HRd/Ncmsa
Judg 6:19	וְ/הַ/מָּרַ֖ק	c/d/4839	HC/Td/Ncmsa
Judg 6:19	שָׂ֣ם	7760 a	HVqp3ms
Judg 6:19	בַּ/פָּר֑וּר	b/6517	HRd/Ncmsa
Judg 6:19	וַ/יּוֹצֵ֥א	c/3318	HC/Vhw3ms
Judg 6:19	אֵלָ֛י/ו	413	HR/Sp3ms
Judg 6:19	אֶל	413	HR
Judg 6:19	תַּ֥חַת	8478	HR
Judg 6:19	הָ/אֵלָ֖ה	d/424	HTd/Ncfsa
Judg 6:19	וַ/יַּגַּֽשׁ	c/5066	HC/Vhw3ms
Judg 6:20	וַ/יֹּ֨אמֶר	c/559	HC/Vqw3ms
Judg 6:20	אֵלָ֜י/ו	413	HR/Sp3ms
Judg 6:20	מַלְאַ֣ךְ	4397	HNcmsc
Judg 6:20	הָ/אֱלֹהִ֗ים	d/430	HTd/Ncmpa
Judg 6:20	קַ֣ח	3947	HVqv2ms
Judg 6:20	אֶת	853	HTo
Judg 6:20	הַ/בָּשָׂ֤ר	d/1320	HTd/Ncmsa
Judg 6:20	וְ/אֶת	c/853	HC/To
Judg 6:20	הַ/מַּצּוֹת֙	d/4682	HTd/Ncfpa
Judg 6:20	וְ/הַנַּח֙	c/3240	HC/Vhv2ms
Judg 6:20	אֶל	413	HR
Judg 6:20	הַ/סֶּ֣לַע	d/5553	HTd/Ncmsa
Judg 6:20	הַלָּ֔ז	1975	HPdxcs
Judg 6:20	וְ/אֶת	c/853	HC/To
Judg 6:20	הַ/מָּרַ֖ק	d/4839	HTd/Ncmsa
Judg 6:20	שְׁפ֑וֹךְ	8210	HVqv2ms
Judg 6:20	וַ/יַּ֖עַשׂ	c/6213 a	HC/Vqw3ms
Judg 6:20	כֵּֽן	3651 c	HTm
Judg 6:21	וַ/יִּשְׁלַ֞ח	c/7971	HC/Vqw3ms
Judg 6:21	מַלְאַ֣ךְ	4397	HNcmsc
Judg 6:21	יְהוָ֗ה	3068	HNp
Judg 6:21	אֶת	853	HTo
Judg 6:21	קְצֵ֤ה	7097 a	HNcbsc
Judg 6:21	הַ/מִּשְׁעֶ֨נֶת֙	d/4938 b	HTd/Ncfsa
Judg 6:21	אֲשֶׁ֣ר	834 a	HTr
Judg 6:21	בְּ/יָד֔/וֹ	b/3027	HR/Ncbsc/Sp3ms
Judg 6:21	וַ/יִּגַּ֥ע	c/5060	HC/Vqw3ms
Judg 6:21	בַּ/בָּשָׂ֖ר	b/1320	HRd/Ncmsa
Judg 6:21	וּ/בַ/מַּצּ֑וֹת	c/b/4682	HC/Rd/Ncfpa
Judg 6:21	וַ/תַּ֨עַל	c/5927	HC/Vqw3fs
Judg 6:21	הָ/אֵ֜שׁ	d/784	HTd/Ncbsa
Judg 6:21	מִן	4480 a	HR
Judg 6:21	הַ/צּ֗וּר	d/6697	HTd/Ncmsa
Judg 6:21	וַ/תֹּ֤אכַל	c/398	HC/Vqw3fs
Judg 6:21	אֶת	853	HTo
Judg 6:21	הַ/בָּשָׂר֙	d/1320	HTd/Ncmsa
Judg 6:21	וְ/אֶת	c/853	HC/To
Judg 6:21	הַ/מַּצּ֔וֹת	d/4682	HTd/Ncfpa
Judg 6:21	וּ/מַלְאַ֣ךְ	c/4397	HC/Ncmsc
Judg 6:21	יְהוָ֔ה	3068	HNp
Judg 6:21	הָלַ֖ךְ	1980	HVqp3ms
Judg 6:21	מֵ/עֵינָֽי/ו	m/5869 a	HR/Ncbpc/Sp3ms
Judg 6:22	וַ/יַּ֣רְא	c/7200	HC/Vqw3ms
Judg 6:22	גִּדְע֔וֹן	1439	HNp
Judg 6:22	כִּֽי	3588 a	HC
Judg 6:22	מַלְאַ֥ךְ	4397	HNcmsc
Judg 6:22	יְהוָ֖ה	3068	HNp
Judg 6:22	ה֑וּא	1931	HPp3ms
Judg 6:22	וַ/יֹּ֣אמֶר	c/559	HC/Vqw3ms
Judg 6:22	גִּדְע֗וֹן	1439	HNp
Judg 6:22	אֲהָהּ֙	162	HTj
Judg 6:22	אֲדֹנָ֣/י	136	HNcmpc/Sp1cs
Judg 6:22	יְהוִ֔ה	3069	HNp
Judg 6:22	כִּֽי	3588 c	HC
Judg 6:22	עַל	5921 b	HR
Judg 6:22	כֵּ֤ן	3651 b	HTm
Judg 6:22	רָאִ֨יתִי֙	7200	HVqp1cs
Judg 6:22	מַלְאַ֣ךְ	4397	HNcmsc
Judg 6:22	יְהוָ֔ה	3068	HNp
Judg 6:22	פָּנִ֖ים	6440	HNcbpa
Judg 6:22	אֶל	413	HR
Judg 6:22	פָּנִֽים	6440	HNcbpa
Judg 6:23	וַ/יֹּ֨אמֶר	c/559	HC/Vqw3ms
Judg 6:23	ל֧/וֹ	l	HR/Sp3ms
Judg 6:23	יְהוָ֛ה	3068	HNp
Judg 6:23	שָׁל֥וֹם	7965	HNcmsa
Judg 6:23	לְ/ךָ֖	l	HR/Sp2ms
Judg 6:23	אַל	408	HTn
Judg 6:23	תִּירָ֑א	3372	HVqj2ms
Judg 6:23	לֹ֖א	3808	HTn
Judg 6:23	תָּמֽוּת	4191	HVqi2ms
Judg 6:24	וַ/יִּבֶן֩	c/1129	HC/Vqw3ms
Judg 6:24	שָׁ֨ם	8033	HD
Judg 6:24	גִּדְע֤וֹן	1439	HNp
Judg 6:24	מִזְבֵּ֨חַ֙	4196	HNcmsa
Judg 6:24	לַֽ/יהוָ֔ה	l/3068	HR/Np
Judg 6:24	וַ/יִּקְרָא	c/7121	HC/Vqw3ms
Judg 6:24	ל֥/וֹ	l	HR/Sp3ms
Judg 6:24	יְהוָ֖ה	3068	HNp
Judg 6:24	שָׁל֑וֹם	7965	HNcmsa
Judg 6:24	עַ֚ד	5704	HR
Judg 6:24	הַ/יּ֣וֹם	d/3117	HTd/Ncmsa
Judg 6:24	הַ/זֶּ֔ה	d/2088	HTd/Pdxms
Judg 6:24	עוֹדֶ֕/נּוּ	5750	HD/Sp3ms
Judg 6:24	בְּ/עָפְרָ֖ת	b/6084	HR/Np
Judg 6:24	אֲבִ֥י	33+	HNgmsa
Judg 6:24	הָעֶזְרִֽי	33	HNgmsa
Judg 6:25	וַ/יְהִי֮	c/1961	HC/Vqw3ms
Judg 6:25	בַּ/לַּ֣יְלָה	b/3915	HRd/Ncmsa
Judg 6:25	הַ/הוּא֒	d/1931	HTd/Pp3ms
Judg 6:25	וַ/יֹּ֧אמֶר	c/559	HC/Vqw3ms
Judg 6:25	ל֣/וֹ	l	HR/Sp3ms
Judg 6:25	יְהוָ֗ה	3068	HNp
Judg 6:25	קַ֤ח	3947	HVqv2ms
Judg 6:25	אֶת	853	HTo
Judg 6:25	פַּר	6499	HNcmsc
Judg 6:25	הַ/שּׁוֹר֙	d/7794	HTd/Ncmsa
Judg 6:25	אֲשֶׁ֣ר	834 a	HTr
Judg 6:25	לְ/אָבִ֔י/ךָ	l/1	HR/Ncmsc/Sp2ms
Judg 6:25	וּ/פַ֥ר	c/6499	HC/Ncmsc
Judg 6:25	הַ/שֵּׁנִ֖י	d/8145	HTd/Aomsa
Judg 6:25	שֶׁ֣בַע	7651	HAcfsa
Judg 6:25	שָׁנִ֑ים	8141	HNcfpa
Judg 6:25	וְ/הָרַסְתָּ֗	c/2040	HC/Vqq2ms
Judg 6:25	אֶת	853	HTo
Judg 6:25	מִזְבַּ֤ח	4196	HNcmsc
Judg 6:25	הַ/בַּ֨עַל֙	d/1168 a	HTd/Np
Judg 6:25	אֲשֶׁ֣ר	834 a	HTr
Judg 6:25	לְ/אָבִ֔י/ךָ	l/1	HR/Ncmsc/Sp2ms
Judg 6:25	וְ/אֶת	c/853	HC/To
Judg 6:25	הָ/אֲשֵׁרָ֥ה	d/842	HTd/Np
Judg 6:25	אֲשֶׁר	834 a	HTr
Judg 6:25	עָלָ֖י/ו	5921 a	HR/Sp3ms
Judg 6:25	תִּכְרֹֽת	3772	HVqj2ms
Judg 6:26	וּ/בָנִ֨יתָ	c/1129	HC/Vqq2ms
Judg 6:26	מִזְבֵּ֜חַ	4196	HNcmsa
Judg 6:26	לַ/יהוָ֣ה	l/3068	HR/Np
Judg 6:26	אֱלֹהֶ֗י/ךָ	430	HNcmpc/Sp2ms
Judg 6:26	עַ֣ל	5921 a	HR
Judg 6:26	רֹ֧אשׁ	7218 a	HNcmsc
Judg 6:26	הַ/מָּע֛וֹז	d/4581	HTd/Ncmsa
Judg 6:26	הַ/זֶּ֖ה	d/2088	HTd/Pdxms
Judg 6:26	בַּ/מַּֽעֲרָכָ֑ה	b/4634	HRd/Ncfsa
Judg 6:26	וְ/לָֽקַחְתָּ֙	c/3947	HC/Vqq2ms
Judg 6:26	אֶת	853	HTo
Judg 6:26	הַ/פָּ֣ר	d/6499	HTd/Ncmsa
Judg 6:26	הַ/שֵּׁנִ֔י	d/8145	HTd/Aomsa
Judg 6:26	וְ/הַעֲלִ֣יתָ	c/5927	HC/Vhq2ms
Judg 6:26	עוֹלָ֔ה	5930 a	HNcfsa
Judg 6:26	בַּ/עֲצֵ֥י	b/6086	HR/Ncmpc
Judg 6:26	הָ/אֲשֵׁרָ֖ה	d/842	HTd/Np
Judg 6:26	אֲשֶׁ֥ר	834 a	HTr
Judg 6:26	תִּכְרֹֽת	3772	HVqi2ms
Judg 6:27	וַ/יִּקַּ֨ח	c/3947	HC/Vqw3ms
Judg 6:27	גִּדְע֜וֹן	1439	HNp
Judg 6:27	עֲשָׂרָ֤ה	6235	HAcmsa
Judg 6:27	אֲנָשִׁים֙	376	HNcmpa
Judg 6:27	מֵֽ/עֲבָדָ֔י/ו	m/5650	HR/Ncmpc/Sp3ms
Judg 6:27	וַ/יַּ֕עַשׂ	c/6213 a	HC/Vqw3ms
Judg 6:27	כַּ/אֲשֶׁ֛ר	k/834 d	HR/Tr
Judg 6:27	דִּבֶּ֥ר	1696	HVpp3ms
Judg 6:27	אֵלָ֖י/ו	413	HR/Sp3ms
Judg 6:27	יְהוָ֑ה	3068	HNp
Judg 6:27	וַ/יְהִ֡י	c/1961	HC/Vqw3ms
Judg 6:27	כַּ/אֲשֶׁ֣ר	k/834 d	HR/Tr
Judg 6:27	יָרֵא֩	3372	HVqp3ms
Judg 6:27	אֶת	853	HTo
Judg 6:27	בֵּ֨ית	1004 b	HNcmsc
Judg 6:27	אָבִ֜י/ו	1	HNcmsc/Sp3ms
Judg 6:27	וְ/אֶת	c/853	HC/To
Judg 6:27	אַנְשֵׁ֥י	376	HNcmpc
Judg 6:27	הָ/עִ֛יר	d/5892 b	HTd/Ncfsa
Judg 6:27	מֵ/עֲשׂ֥וֹת	m/6213 a	HR/Vqc
Judg 6:27	יוֹמָ֖ם	3119	HD
Judg 6:27	וַ/יַּ֥עַשׂ	c/6213 a	HC/Vqw3ms
Judg 6:27	לָֽיְלָה	3915	HNcmsa
Judg 6:28	וַ/יַּשְׁכִּ֜ימוּ	c/7925	HC/Vhw3mp
Judg 6:28	אַנְשֵׁ֤י	376	HNcmpc
Judg 6:28	הָ/עִיר֙	d/5892 b	HTd/Ncfsa
Judg 6:28	בַּ/בֹּ֔קֶר	b/1242	HRd/Ncmsa
Judg 6:28	וְ/הִנֵּ֤ה	c/2009	HC/Tm
Judg 6:28	נֻתַּץ֙	5422	HVPp3ms
Judg 6:28	מִזְבַּ֣ח	4196	HNcmsc
Judg 6:28	הַ/בַּ֔עַל	d/1168 a	HTd/Np
Judg 6:28	וְ/הָ/אֲשֵׁרָ֥ה	c/d/842	HC/Td/Np
Judg 6:28	אֲשֶׁר	834 a	HTr
Judg 6:28	עָלָ֖י/ו	5921 a	HR/Sp3ms
Judg 6:28	כֹּרָ֑תָה	3772	HVPp3fs
Judg 6:28	וְ/אֵת֙	c/853	HC/To
Judg 6:28	הַ/פָּ֣ר	d/6499	HTd/Ncmsa
Judg 6:28	הַ/שֵּׁנִ֔י	d/8145	HTd/Aomsa
Judg 6:28	הֹֽעֲלָ֔ה	5927	HVHp3ms
Judg 6:28	עַל	5921 a	HR
Judg 6:28	הַ/מִּזְבֵּ֖חַ	d/4196	HTd/Ncmsa
Judg 6:28	הַ/בָּנֽוּי	d/1129	HTd/Vqsmsa
Judg 6:29	וַ/יֹּֽאמְרוּ֙	c/559	HC/Vqw3mp
Judg 6:29	אִ֣ישׁ	376	HNcmsa
Judg 6:29	אֶל	413	HR
Judg 6:29	רֵעֵ֔/הוּ	7453	HNcmsc/Sp3ms
Judg 6:29	מִ֥י	4310	HTi
Judg 6:29	עָשָׂ֖ה	6213 a	HVqp3ms
Judg 6:29	הַ/דָּבָ֣ר	d/1697	HTd/Ncmsa
Judg 6:29	הַ/זֶּ֑ה	d/2088	HTd/Pdxms
Judg 6:29	וַֽ/יִּדְרְשׁוּ֙	c/1875	HC/Vqw3mp
Judg 6:29	וַ/יְבַקְשׁ֔וּ	c/1245	HC/Vpw3mp
Judg 6:29	וַ/יֹּ֣אמְר֔וּ	c/559	HC/Vqw3mp
Judg 6:29	גִּדְעוֹן֙	1439	HNp
Judg 6:29	בֶּן	1121 a	HNcmsc
Judg 6:29	יוֹאָ֔שׁ	3101	HNp
Judg 6:29	עָשָׂ֖ה	6213 a	HVqp3ms
Judg 6:29	הַ/דָּבָ֥ר	d/1697	HTd/Ncmsa
Judg 6:29	הַ/זֶּֽה	d/2088	HTd/Pdxms
Judg 6:30	וַ/יֹּ֨אמְר֜וּ	c/559	HC/Vqw3mp
Judg 6:30	אַנְשֵׁ֤י	376	HNcmpc
Judg 6:30	הָ/עִיר֙	d/5892 b	HTd/Ncfsa
Judg 6:30	אֶל	413	HR
Judg 6:30	יוֹאָ֔שׁ	3101	HNp
Judg 6:30	הוֹצֵ֥א	3318	HVhv2ms
Judg 6:30	אֶת	853	HTo
Judg 6:30	בִּנְ/ךָ֖	1121 a	HNcmsc/Sp2ms
Judg 6:30	וְ/יָמֹ֑ת	c/4191	HC/Vqj3ms
Judg 6:30	כִּ֤י	3588 a	HC
Judg 6:30	נָתַץ֙	5422	HVqp3ms
Judg 6:30	אֶת	853	HTo
Judg 6:30	מִזְבַּ֣ח	4196	HNcmsc
Judg 6:30	הַ/בַּ֔עַל	d/1168 a	HTd/Np
Judg 6:30	וְ/כִ֥י	c/3588 a	HC/C
Judg 6:30	כָרַ֖ת	3772	HVqp3ms
Judg 6:30	הָ/אֲשֵׁרָ֥ה	d/842	HTd/Np
Judg 6:30	אֲשֶׁר	834 a	HTr
Judg 6:30	עָלָֽי/ו	5921 a	HR/Sp3ms
Judg 6:31	וַ/יֹּ֣אמֶר	c/559	HC/Vqw3ms
Judg 6:31	יוֹאָ֡שׁ	3101	HNp
Judg 6:31	לְ/כֹל֩	l/3605	HR/Ncmsa
Judg 6:31	אֲשֶׁר	834 a	HTr
Judg 6:31	עָמְד֨וּ	5975	HVqp3cp
Judg 6:31	עָלָ֜י/ו	5921 a	HR/Sp3ms
Judg 6:31	הַ/אַתֶּ֣ם	i/859 d	HTi/Pp2mp
Judg 6:31	תְּרִיב֣וּ/ן	7378	HVqi2mp/Sn
Judg 6:31	לַ/בַּ֗עַל	l/1168 a	HRd/Np
Judg 6:31	אִם	518 a	HC
Judg 6:31	אַתֶּם֙	859 d	HPp2mp
Judg 6:31	תּוֹשִׁיע֣וּ/ן	3467	HVhi2mp/Sn
Judg 6:31	אוֹת֔/וֹ	853	HTo/Sp3ms
Judg 6:31	אֲשֶׁ֨ר	834 a	HTr
Judg 6:31	יָרִ֥יב	7378	HVqi3ms
Judg 6:31	ל֛/וֹ	l	HR/Sp3ms
Judg 6:31	יוּמַ֖ת	4191	HVHi3ms
Judg 6:31	עַד	5704	HR
Judg 6:31	הַ/בֹּ֑קֶר	d/1242	HTd/Ncmsa
Judg 6:31	אִם	518 a	HC
Judg 6:31	אֱלֹהִ֥ים	430	HNcmpa
Judg 6:31	הוּא֙	1931	HPp3ms
Judg 6:31	יָ֣רֶב	7378	HVqj3ms
Judg 6:31	ל֔/וֹ	l	HR/Sp3ms
Judg 6:31	כִּ֥י	3588 a	HC
Judg 6:31	נָתַ֖ץ	5422	HVqp3ms
Judg 6:31	אֶֽת	853	HTo
Judg 6:31	מִזְבְּחֽ/וֹ	4196	HNcmsc/Sp3ms
Judg 6:32	וַ/יִּקְרָא	c/7121	HC/Vqw3ms
Judg 6:32	ל֥/וֹ	l	HR/Sp3ms
Judg 6:32	בַ/יּוֹם	b/3117	HRd/Ncmsa
Judg 6:32	הַ/ה֖וּא	d/1931	HTd/Pp3ms
Judg 6:32	יְרֻבַּ֣עַל	3378	HNp
Judg 6:32	לֵ/אמֹ֑ר	l/559	HR/Vqc
Judg 6:32	יָ֤רֶב	7378	HVqj3ms
Judg 6:32	בּ/וֹ֙	b	HR/Sp3ms
Judg 6:32	הַ/בַּ֔עַל	d/1168 a	HTd/Np
Judg 6:32	כִּ֥י	3588 a	HC
Judg 6:32	נָתַ֖ץ	5422	HVqp3ms
Judg 6:32	אֶֽת	853	HTo
Judg 6:32	מִזְבְּחֽ/וֹ	4196	HNcmsc/Sp3ms
Judg 6:33	וְ/כָל	c/3605	HC/Ncmsc
Judg 6:33	מִדְיָ֧ן	4080	HNp
Judg 6:33	וַ/עֲמָלֵ֛ק	c/6002	HC/Np
Judg 6:33	וּ/בְנֵי	c/1121 a	HC/Ncmpc
Judg 6:33	קֶ֖דֶם	6924 a	HNcmsa
Judg 6:33	נֶאֶסְפ֣וּ	622	HVNp3cp
Judg 6:33	יַחְדָּ֑ו	3162 b	HD
Judg 6:33	וַ/יַּעַבְר֥וּ	c/5674 a	HC/Vqw3mp
Judg 6:33	וַֽ/יַּחֲנ֖וּ	c/2583	HC/Vqw3mp
Judg 6:33	בְּ/עֵ֥מֶק	b/6010	HR/Ncmsc
Judg 6:33	יִזְרְעֶֽאל	3157	HNp
Judg 6:34	וְ/ר֣וּחַ	c/7307	HC/Ncbsc
Judg 6:34	יְהוָ֔ה	3068	HNp
Judg 6:34	לָבְשָׁ֖ה	3847	HVqp3fs
Judg 6:34	אֶת	853	HTo
Judg 6:34	גִּדְע֑וֹן	1439	HNp
Judg 6:34	וַ/יִּתְקַע֙	c/8628	HC/Vqw3ms
Judg 6:34	בַּ/שּׁוֹפָ֔ר	b/7782	HRd/Ncmsa
Judg 6:34	וַ/יִזָּעֵ֥ק	c/2199	HC/VNw3ms
Judg 6:34	אֲבִיעֶ֖זֶר	44	HNp
Judg 6:34	אַחֲרָֽי/ו	310 a	HR/Sp3ms
Judg 6:35	וּ/מַלְאָכִים֙	c/4397	HC/Ncmpa
Judg 6:35	שָׁלַ֣ח	7971	HVqp3ms
Judg 6:35	בְּ/כָל	b/3605	HR/Ncmsc
Judg 6:35	מְנַשֶּׁ֔ה	4519	HNp
Judg 6:35	וַ/יִזָּעֵ֥ק	c/2199	HC/VNw3ms
Judg 6:35	גַּם	1571	HTa
Judg 6:35	ה֖וּא	1931	HPp3ms
Judg 6:35	אַחֲרָ֑י/ו	310 a	HR/Sp3ms
Judg 6:35	וּ/מַלְאָכִ֣ים	c/4397	HC/Ncmpa
Judg 6:35	שָׁלַ֗ח	7971	HVqp3ms
Judg 6:35	בְּ/אָשֵׁ֤ר	b/836	HR/Np
Judg 6:35	וּ/בִ/זְבֻלוּן֙	c/b/2074	HC/R/Np
Judg 6:35	וּ/בְ/נַפְתָּלִ֔י	c/b/5321	HC/R/Np
Judg 6:35	וַֽ/יַּעֲל֖וּ	c/5927	HC/Vqw3mp
Judg 6:35	לִ/קְרָאתָֽ/ם	l/7125	HR/Vqc/Sp3mp
Judg 6:36	וַ/יֹּ֥אמֶר	c/559	HC/Vqw3ms
Judg 6:36	גִּדְע֖וֹן	1439	HNp
Judg 6:36	אֶל	413	HR
Judg 6:36	הָ/אֱלֹהִ֑ים	d/430	HTd/Ncmpa
Judg 6:36	אִם	518 a	HC
Judg 6:36	יֶשְׁ/ךָ֞	3426	HTm/Sp2ms
Judg 6:36	מוֹשִׁ֧יעַ	3467	HVhrmsa
Judg 6:36	בְּ/יָדִ֛/י	b/3027	HR/Ncbsc/Sp1cs
Judg 6:36	אֶת	853	HTo
Judg 6:36	יִשְׂרָאֵ֖ל	3478	HNp
Judg 6:36	כַּ/אֲשֶׁ֥ר	k/834 d	HR/Tr
Judg 6:36	דִּבַּֽרְתָּ	1696	HVpp2ms
Judg 6:37	הִנֵּ֣ה	2009	HTm
Judg 6:37	אָנֹכִ֗י	595	HPp1cs
Judg 6:37	מַצִּ֛יג	3322	HVhrmsa
Judg 6:37	אֶת	853	HTo
Judg 6:37	גִּזַּ֥ת	1492	HNcfsc
Judg 6:37	הַ/צֶּ֖מֶר	d/6785	HTd/Ncmsa
Judg 6:37	בַּ/גֹּ֑רֶן	b/1637	HRd/Ncbsa
Judg 6:37	אִ֡ם	518 a	HC
Judg 6:37	טַל֩	2919	HNcmsa
Judg 6:37	יִהְיֶ֨ה	1961	HVqi3ms
Judg 6:37	עַֽל	5921 a	HR
Judg 6:37	הַ/גִּזָּ֜ה	d/1492	HTd/Ncfsa
Judg 6:37	לְ/בַדָּ֗/הּ	l/905	HR/Ncmsc/Sp3fs
Judg 6:37	וְ/עַל	c/5921 a	HC/R
Judg 6:37	כָּל	3605	HNcmsc
Judg 6:37	הָ/אָ֨רֶץ֙	d/776	HTd/Ncbsa
Judg 6:37	חֹ֔רֶב	2721 a	HNcmsa
Judg 6:37	וְ/יָדַעְתִּ֗י	c/3045	HC/Vqq1cs
Judg 6:37	כִּֽי	3588 a	HC
Judg 6:37	תוֹשִׁ֧יעַ	3467	HVhi2ms
Judg 6:37	בְּ/יָדִ֛/י	b/3027	HR/Ncbsc/Sp1cs
Judg 6:37	אֶת	853	HTo
Judg 6:37	יִשְׂרָאֵ֖ל	3478	HNp
Judg 6:37	כַּ/אֲשֶׁ֥ר	k/834 d	HR/Tr
Judg 6:37	דִּבַּֽרְתָּ	1696	HVpp2ms
Judg 6:38	וַ/יְהִי	c/1961	HC/Vqw3ms
Judg 6:38	כֵ֕ן	3651 c	HD
Judg 6:38	וַ/יַּשְׁכֵּם֙	c/7925	HC/Vhw3ms
Judg 6:38	מִֽ/מָּחֳרָ֔ת	m/4283	HR/Ncfsa
Judg 6:38	וַ/יָּ֖זַר	c/2115	HC/Vqw3ms
Judg 6:38	אֶת	853	HTo
Judg 6:38	הַ/גִּזָּ֑ה	d/1492	HTd/Ncfsa
Judg 6:38	וַ/יִּ֤מֶץ	c/4680	HC/Vqw3ms
Judg 6:38	טַל֙	2919	HNcmsa
Judg 6:38	מִן	4480 a	HR
Judg 6:38	הַ/גִּזָּ֔ה	d/1492	HTd/Ncfsa
Judg 6:38	מְל֥וֹא	4393	HNcmsc
Judg 6:38	הַ/סֵּ֖פֶל	d/5602	HTd/Ncmsa
Judg 6:38	מָֽיִם	4325	HNcmpa
Judg 6:39	וַ/יֹּ֤אמֶר	c/559	HC/Vqw3ms
Judg 6:39	גִּדְעוֹן֙	1439	HNp
Judg 6:39	אֶל	413	HR
Judg 6:39	הָ֣/אֱלֹהִ֔ים	d/430	HTd/Ncmpa
Judg 6:39	אַל	408	HTn
Judg 6:39	יִ֤חַר	2734	HVqj3ms
Judg 6:39	אַפְּ/ךָ֙	639	HNcmsc/Sp2ms
Judg 6:39	בִּ֔/י	b	HR/Sp1cs
Judg 6:39	וַ/אֲדַבְּרָ֖ה	c/1696	HC/Vph1cs
Judg 6:39	אַ֣ךְ	389	HTa
Judg 6:39	הַ/פָּ֑עַם	d/6471	HTd/Ncfsa
Judg 6:39	אֲנַסֶּ֤ה	5254	HVph1cs
Judg 6:39	נָּא	4994	HTj
Judg 6:39	רַק	7535	HTa
Judg 6:39	הַ/פַּ֨עַם֙	d/6471	HTd/Ncfsa
Judg 6:39	בַּ/גִּזָּ֔ה	b/1492	HRd/Ncfsa
Judg 6:39	יְהִי	1961	HVqj3ms
Judg 6:39	נָ֨א	4994	HTe
Judg 6:39	חֹ֤רֶב	2721 a	HNcmsa
Judg 6:39	אֶל	413	HR
Judg 6:39	הַ/גִּזָּה֙	d/1492	HTd/Ncfsa
Judg 6:39	לְ/בַדָּ֔/הּ	l/905	HR/Ncmsc/Sp3fs
Judg 6:39	וְ/עַל	c/5921 a	HC/R
Judg 6:39	כָּל	3605	HNcmsc
Judg 6:39	הָ/אָ֖רֶץ	d/776	HTd/Ncbsa
Judg 6:39	יִֽהְיֶה	1961	HVqi3ms
Judg 6:39	טָּֽל	2919	HNcmsa
Judg 6:40	וַ/יַּ֧עַשׂ	c/6213 a	HC/Vqw3ms
Judg 6:40	אֱלֹהִ֛ים	430	HNcmpa
Judg 6:40	כֵּ֖ן	3651 c	HTm
Judg 6:40	בַּ/לַּ֣יְלָה	b/3915	HRd/Ncmsa
Judg 6:40	הַ/ה֑וּא	d/1931	HTd/Pp3ms
Judg 6:40	וַ/יְהִי	c/1961	HC/Vqw3ms
Judg 6:40	חֹ֤רֶב	2721 a	HNcmsa
Judg 6:40	אֶל	413	HR
Judg 6:40	הַ/גִּזָּה֙	d/1492	HTd/Ncfsa
Judg 6:40	לְ/בַדָּ֔/הּ	l/905	HR/Ncmsc/Sp3fs
Judg 6:40	וְ/עַל	c/5921 a	HC/R
Judg 6:40	כָּל	3605	HNcmsc
Judg 6:40	הָ/אָ֖רֶץ	d/776	HTd/Ncbsa
Judg 6:40	הָ֥יָה	1961	HVqp3ms
Judg 6:40	טָֽל	2919	HNcmsa
Judg 7:1	וַ/יַּשְׁכֵּ֨ם	c/7925	HC/Vhw3ms
Judg 7:1	יְרֻבַּ֜עַל	3378	HNp
Judg 7:1	ה֣וּא	1931	HPp3ms
Judg 7:1	גִדְע֗וֹן	1439	HNp
Judg 7:1	וְ/כָל	c/3605	HC/Ncmsc
Judg 7:1	הָ/עָם֙	d/5971 a	HTd/Ncmsa
Judg 7:1	אֲשֶׁ֣ר	834 a	HTr
Judg 7:1	אִתּ֔/וֹ	854	HR/Sp3ms
Judg 7:1	וַֽ/יַּחֲנ֖וּ	c/2583	HC/Vqw3mp
Judg 7:1	עַל	5921 a	HR
Judg 7:1	עֵ֣ין	5878+	HNp
Judg 7:1	חֲרֹ֑ד	5878	HNp
Judg 7:1	וּ/מַחֲנֵ֤ה	c/4264	HC/Ncbsc
Judg 7:1	מִדְיָן֙	4080	HNp
Judg 7:1	הָיָה	1961	HVqp3ms
Judg 7:1	ל֣/וֹ	l	HR/Sp3ms
Judg 7:1	מִ/צָּפ֔וֹן	m/6828	HR/Ncfsa
Judg 7:1	מִ/גִּבְעַ֥ת	m/1389	HR/Ncfsc
Judg 7:1	הַ/מּוֹרֶ֖ה	d/4176	HTd/Np
Judg 7:1	בָּ/עֵֽמֶק	b/6010	HRd/Ncmsa
Judg 7:2	וַ/יֹּ֤אמֶר	c/559	HC/Vqw3ms
Judg 7:2	יְהוָה֙	3068	HNp
Judg 7:2	אֶל	413	HR
Judg 7:2	גִּדְע֔וֹן	1439	HNp
Judg 7:2	רַ֗ב	7227 a	HAamsa
Judg 7:2	הָ/עָם֙	d/5971 a	HTd/Ncmsa
Judg 7:2	אֲשֶׁ֣ר	834 a	HTr
Judg 7:2	אִתָּ֔/ךְ	854	HR/Sp2fs
Judg 7:2	מִ/תִּתִּ֥/י	m/5414	HR/Vqc/Sp1cs
Judg 7:2	אֶת	853	HTo
Judg 7:2	מִדְיָ֖ן	4080	HNp
Judg 7:2	בְּ/יָדָ֑/ם	b/3027	HR/Ncbsc/Sp3mp
Judg 7:2	פֶּן	6435	HC
Judg 7:2	יִתְפָּאֵ֨ר	6286 a	HVti3ms
Judg 7:2	עָלַ֤/י	5921 a	HR/Sp1cs
Judg 7:2	יִשְׂרָאֵל֙	3478	HNp
Judg 7:2	לֵ/אמֹ֔ר	l/559	HR/Vqc
Judg 7:2	יָדִ֖/י	3027	HNcbsc/Sp1cs
Judg 7:2	הוֹשִׁ֥יעָה	3467	HVhp3fs
Judg 7:2	לִּֽ/י	l	HR/Sp1cs
Judg 7:3	וְ/עַתָּ֗ה	c/6258	HC/D
Judg 7:3	קְרָ֨א	7121	HVqv2ms
Judg 7:3	נָ֜א	4994	HTe
Judg 7:3	בְּ/אָזְנֵ֤י	b/241	HR/Ncfdc
Judg 7:3	הָ/עָם֙	d/5971 a	HTd/Ncmsa
Judg 7:3	לֵ/אמֹ֔ר	l/559	HR/Vqc
Judg 7:3	מִֽי	4310	HTi
Judg 7:3	יָרֵ֣א	3373	HAamsa
Judg 7:3	וְ/חָרֵ֔ד	c/2730	HC/Aamsa
Judg 7:3	יָשֹׁ֥ב	7725	HVqj3ms
Judg 7:3	וְ/יִצְפֹּ֖ר	c/6852	HC/Vqi3ms
Judg 7:3	מֵ/הַ֣ר	m/2022	HR/Ncmsc
Judg 7:3	הַ/גִּלְעָ֑ד	d/1568	HTd/Np
Judg 7:3	וַ/יָּ֣שָׁב	c/7725	HC/Vqw3ms
Judg 7:3	מִן	4480 a	HR
Judg 7:3	הָ/עָ֗ם	d/5971 a	HTd/Ncmsa
Judg 7:3	עֶשְׂרִ֤ים	6242	HAcbpa
Judg 7:3	וּ/שְׁנַ֨יִם֙	c/8147	HC/Acmda
Judg 7:3	אֶ֔לֶף	505	HAcbsa
Judg 7:3	וַ/עֲשֶׂ֥רֶת	c/6235	HC/Acmsc
Judg 7:3	אֲלָפִ֖ים	505	HAcbpa
Judg 7:3	נִשְׁאָֽרוּ	7604	HVNp3cp
Judg 7:4	וַ/יֹּ֨אמֶר	c/559	HC/Vqw3ms
Judg 7:4	יְהוָ֜ה	3068	HNp
Judg 7:4	אֶל	413	HR
Judg 7:4	גִּדְע֗וֹן	1439	HNp
Judg 7:4	עוֹד֮	5750	HD
Judg 7:4	הָ/עָ֣ם	d/5971 a	HTd/Ncmsa
Judg 7:4	רָב֒	7227 a	HAamsa
Judg 7:4	הוֹרֵ֤ד	3381	HVhv2ms
Judg 7:4	אוֹתָ/ם֙	853	HTo/Sp3mp
Judg 7:4	אֶל	413	HR
Judg 7:4	הַ/מַּ֔יִם	d/4325	HTd/Ncmpa
Judg 7:4	וְ/אֶצְרְפֶ֥/נּוּ	c/6884	HC/Vqi1cs/Sp3ms
Judg 7:4	לְ/ךָ֖	l	HR/Sp2ms
Judg 7:4	שָׁ֑ם	8033	HD
Judg 7:4	וְ/הָיָ֡ה	c/1961	HC/Vqq3ms
Judg 7:4	אֲשֶׁר֩	834 a	HTr
Judg 7:4	אֹמַ֨ר	559	HVqi1cs
Judg 7:4	אֵלֶ֜י/ךָ	413	HR/Sp2ms
Judg 7:4	זֶ֣ה	2088	HPdxms
Judg 7:4	יֵלֵ֣ךְ	3212	HVqi3ms
Judg 7:4	אִתָּ֗/ךְ	854	HR/Sp2fs
Judg 7:4	ה֚וּא	1931	HPp3ms
Judg 7:4	יֵלֵ֣ךְ	3212	HVqi3ms
Judg 7:4	אִתָּ֔/ךְ	854	HR/Sp2fs
Judg 7:4	וְ/כֹ֨ל	c/3605	HC/Ncmsa
Judg 7:4	אֲשֶׁר	834 a	HTr
Judg 7:4	אֹמַ֜ר	559	HVqi1cs
Judg 7:4	אֵלֶ֗י/ךָ	413	HR/Sp2ms
Judg 7:4	זֶ֚ה	2088	HPdxms
Judg 7:4	לֹא	3808	HTn
Judg 7:4	יֵלֵ֣ךְ	3212	HVqi3ms
Judg 7:4	עִמָּ֔/ךְ	5973 a	HR/Sp2fs
Judg 7:4	ה֖וּא	1931	HPp3ms
Judg 7:4	לֹ֥א	3808	HTn
Judg 7:4	יֵלֵֽךְ	3212	HVqi3ms
Judg 7:5	וַ/יּ֥וֹרֶד	c/3381	HC/Vhw3ms
Judg 7:5	אֶת	853	HTo
Judg 7:5	הָ/עָ֖ם	d/5971 a	HTd/Ncmsa
Judg 7:5	אֶל	413	HR
Judg 7:5	הַ/מָּ֑יִם	d/4325	HTd/Ncmpa
Judg 7:5	וַ/יֹּ֨אמֶר	c/559	HC/Vqw3ms
Judg 7:5	יְהוָ֜ה	3068	HNp
Judg 7:5	אֶל	413	HR
Judg 7:5	גִּדְע֗וֹן	1439	HNp
Judg 7:5	כֹּ֣ל	3605	HNcmsa
Judg 7:5	אֲשֶׁר	834 a	HTr
Judg 7:5	יָלֹק֩	3952	HVqi3ms
Judg 7:5	בִּ/לְשׁוֹנ֨/וֹ	b/3956	HR/Ncbsc/Sp3ms
Judg 7:5	מִן	4480 a	HR
Judg 7:5	הַ/מַּ֜יִם	d/4325	HTd/Ncmpa
Judg 7:5	כַּ/אֲשֶׁ֧ר	k/834 d	HR/Tr
Judg 7:5	יָלֹ֣ק	3952	HVqi3ms
Judg 7:5	הַ/כֶּ֗לֶב	d/3611	HTd/Ncmsa
Judg 7:5	תַּצִּ֤יג	3322	HVhi2ms
Judg 7:5	אוֹת/וֹ֙	853	HTo/Sp3ms
Judg 7:5	לְ/בָ֔ד	l/905	HR/Ncmsa
Judg 7:5	וְ/כֹ֛ל	c/3605	HC/Ncmsa
Judg 7:5	אֲשֶׁר	834 a	HTr
Judg 7:5	יִכְרַ֥ע	3766	HVqi3ms
Judg 7:5	עַל	5921 a	HR
Judg 7:5	בִּרְכָּ֖י/ו	1290	HNcfdc/Sp3ms
Judg 7:5	לִ/שְׁתּֽוֹת	l/8354	HR/Vqc
Judg 7:6	וַ/יְהִ֗י	c/1961	HC/Vqw3ms
Judg 7:6	מִסְפַּ֞ר	4557	HNcmsc
Judg 7:6	הַֽ/מֲלַקְקִ֤ים	d/3952	HTd/Vprmpa
Judg 7:6	בְּ/יָדָ/ם֙	b/3027	HR/Ncbsc/Sp3mp
Judg 7:6	אֶל	413	HR
Judg 7:6	פִּי/הֶ֔ם	6310	HNcmsc/Sp3mp
Judg 7:6	שְׁלֹ֥שׁ	7969	HAcfsa
Judg 7:6	מֵא֖וֹת	3967	HAcbpa
Judg 7:6	אִ֑ישׁ	376	HNcmsa
Judg 7:6	וְ/כֹל֙	c/3605	HC/Ncmsc
Judg 7:6	יֶ֣תֶר	3499 a	HNcmsc
Judg 7:6	הָ/עָ֔ם	d/5971 a	HTd/Ncmsa
Judg 7:6	כָּרְע֥וּ	3766	HVqp3cp
Judg 7:6	עַל	5921 a	HR
Judg 7:6	בִּרְכֵי/הֶ֖ם	1290	HNcfdc/Sp3mp
Judg 7:6	לִ/שְׁתּ֥וֹת	l/8354	HR/Vqc
Judg 7:6	מָֽיִם	4325	HNcmpa
Judg 7:7	וַ/יֹּ֨אמֶר	c/559	HC/Vqw3ms
Judg 7:7	יְהוָ֜ה	3068	HNp
Judg 7:7	אֶל	413	HR
Judg 7:7	גִּדְע֗וֹן	1439	HNp
Judg 7:7	בִּ/שְׁלֹשׁ֩	b/7969	HR/Acfsa
Judg 7:7	מֵא֨וֹת	3967	HAcbpa
Judg 7:7	הָ/אִ֤ישׁ	d/376	HTd/Ncmsa
Judg 7:7	הַֽ/מֲלַקְקִים֙	d/3952	HTd/Vprmpa
Judg 7:7	אוֹשִׁ֣יעַ	3467	HVhi1cs
Judg 7:7	אֶתְ/כֶ֔ם	853	HTo/Sp2mp
Judg 7:7	וְ/נָתַתִּ֥י	c/5414	HC/Vqq1cs
Judg 7:7	אֶת	853	HTo
Judg 7:7	מִדְיָ֖ן	4080	HNp
Judg 7:7	בְּ/יָדֶ֑/ךָ	b/3027	HR/Ncbsc/Sp2ms
Judg 7:7	וְ/כָל	c/3605	HC/Ncmsc
Judg 7:7	הָ/עָ֔ם	d/5971 a	HTd/Ncmsa
Judg 7:7	יֵלְכ֖וּ	3212	HVqj3mp
Judg 7:7	אִ֥ישׁ	376	HNcmsa
Judg 7:7	לִ/מְקֹמֽ/וֹ	l/4725	HR/Ncmsc/Sp3ms
Judg 7:8	וַ/יִּקְח֣וּ	c/3947	HC/Vqw3mp
Judg 7:8	אֶת	853	HTo
Judg 7:8	צֵדָה֩	6720	HNcbsa
Judg 7:8	הָ/עָ֨ם	d/5971 a	HTd/Ncmsa
Judg 7:8	בְּ/יָדָ֜/ם	b/3027	HR/Ncbsc/Sp3mp
Judg 7:8	וְ/אֵ֣ת	c/853	HC/To
Judg 7:8	שׁוֹפְרֹֽתֵי/הֶ֗ם	7782	HNcmpc/Sp3mp
Judg 7:8	וְ/אֵ֨ת	c/853	HC/To
Judg 7:8	כָּל	3605	HNcmsc
Judg 7:8	אִ֤ישׁ	376	HNcmsc
Judg 7:8	יִשְׂרָאֵל֙	3478	HNp
Judg 7:8	שִׁלַּח֙	7971	HVpp3ms
Judg 7:8	אִ֣ישׁ	376	HNcmsa
Judg 7:8	לְ/אֹֽהָלָ֔י/ו	l/168	HR/Ncmpc/Sp3ms
Judg 7:8	וּ/בִ/שְׁלֹשׁ	c/b/7969	HC/R/Acfsa
Judg 7:8	מֵא֥וֹת	3967	HAcbpa
Judg 7:8	הָ/אִ֖ישׁ	d/376	HTd/Ncmsa
Judg 7:8	הֶֽחֱזִ֑יק	2388	HVhp3ms
Judg 7:8	וּ/מַחֲנֵ֣ה	c/4264	HC/Ncbsc
Judg 7:8	מִדְיָ֔ן	4080	HNp
Judg 7:8	הָ֥יָה	1961	HVqp3ms
Judg 7:8	ל֖/וֹ	l	HR/Sp3ms
Judg 7:8	מִ/תַּ֥חַת	m/8478	HR/R
Judg 7:8	בָּ/עֵֽמֶק	b/6010	HRd/Ncmsa
Judg 7:9	וַֽ/יְהִי֙	c/1961	HC/Vqw3ms
Judg 7:9	בַּ/לַּ֣יְלָה	b/3915	HRd/Ncmsa
Judg 7:9	הַ/ה֔וּא	d/1931	HTd/Pp3ms
Judg 7:9	וַ/יֹּ֤אמֶר	c/559	HC/Vqw3ms
Judg 7:9	אֵלָי/ו֙	413	HR/Sp3ms
Judg 7:9	יְהוָ֔ה	3068	HNp
Judg 7:9	ק֖וּם	6965 b	HVqv2ms
Judg 7:9	רֵ֣ד	3381	HVqv2ms
Judg 7:9	בַּֽ/מַּחֲנֶ֑ה	b/4264	HRd/Ncbsa
Judg 7:9	כִּ֥י	3588 a	HC
Judg 7:9	נְתַתִּ֖י/ו	5414	HVqp1cs/Sp3ms
Judg 7:9	בְּ/יָדֶֽ/ךָ	b/3027	HR/Ncbsc/Sp2ms
Judg 7:10	וְ/אִם	c/518 a	HC/C
Judg 7:10	יָרֵ֥א	3373	HVqrmsa
Judg 7:10	אַתָּ֖ה	859 a	HPp2ms
Judg 7:10	לָ/רֶ֑דֶת	l/3381	HR/Vqc
Judg 7:10	רֵ֥ד	3381	HVqv2ms
Judg 7:10	אַתָּ֛ה	859 a	HPp2ms
Judg 7:10	וּ/פֻרָ֥ה	c/6513	HC/Np
Judg 7:10	נַעַרְ/ךָ֖	5288	HNcmsc/Sp2ms
Judg 7:10	אֶל	413	HR
Judg 7:10	הַֽ/מַּחֲנֶֽה	d/4264	HTd/Ncbsa
Judg 7:11	וְ/שָֽׁמַעְתָּ֙	c/8085	HC/Vqq2ms
Judg 7:11	מַה	4100	HTi
Judg 7:11	יְדַבֵּ֔רוּ	1696	HVpi3mp
Judg 7:11	וְ/אַחַר֙	c/310 a	HC/D
Judg 7:11	תֶּחֱזַ֣קְנָה	2388	HVqi3fp
Judg 7:11	יָדֶ֔י/ךָ	3027	HNcbdc/Sp2ms
Judg 7:11	וְ/יָרַדְתָּ֖	c/3381	HC/Vqq2ms
Judg 7:11	בַּֽ/מַּחֲנֶ֑ה	b/4264	HRd/Ncbsa
Judg 7:11	וַ/יֵּ֤רֶד	c/3381	HC/Vqw3ms
Judg 7:11	הוּא֙	1931	HPp3ms
Judg 7:11	וּ/פֻרָ֣ה	c/6513	HC/Np
Judg 7:11	נַעֲר֔/וֹ	5288	HNcmsc/Sp3ms
Judg 7:11	אֶל	413	HR
Judg 7:11	קְצֵ֥ה	7097 a	HNcbsc
Judg 7:11	הַ/חֲמֻשִׁ֖ים	d/2571	HTd/Vqsmpa
Judg 7:11	אֲשֶׁ֥ר	834 a	HTr
Judg 7:11	בַּֽ/מַּחֲנֶֽה	b/4264	HRd/Ncbsa
Judg 7:12	וּ/מִדְיָ֨ן	c/4080	HC/Np
Judg 7:12	וַ/עֲמָלֵ֤ק	c/6002	HC/Np
Judg 7:12	וְ/כָל	c/3605	HC/Ncmsc
Judg 7:12	בְּנֵי	1121 a	HNcmpc
Judg 7:12	קֶ֨דֶם֙	6924 a	HNcmsa
Judg 7:12	נֹפְלִ֣ים	5307	HVqrmpa
Judg 7:12	בָּ/עֵ֔מֶק	b/6010	HRd/Ncmsa
Judg 7:12	כָּ/אַרְבֶּ֖ה	k/697	HRd/Ncmsa
Judg 7:12	לָ/רֹ֑ב	l/7230	HR/Ncbsa
Judg 7:12	וְ/לִ/גְמַלֵּי/הֶם֙	c/l/1581	HC/R/Ncmpc/Sp3mp
Judg 7:12	אֵ֣ין	369	HTn
Judg 7:12	מִסְפָּ֔ר	4557	HNcmsa
Judg 7:12	כַּ/ח֛וֹל	k/2344	HRd/Ncmsa
Judg 7:12	שֶׁ/עַל	s/5921 a	HTr/R
Judg 7:12	שְׂפַ֥ת	8193	HNcfsc
Judg 7:12	הַ/יָּ֖ם	d/3220	HTd/Ncmsa
Judg 7:12	לָ/רֹֽב	l/7230	HR/Ncbsa
Judg 7:13	וַ/יָּבֹ֣א	c/935	HC/Vqw3ms
Judg 7:13	גִדְע֔וֹן	1439	HNp
Judg 7:13	וְ/הִ֨נֵּה	c/2009	HC/Tm
Judg 7:13	אִ֔ישׁ	376	HNcmsa
Judg 7:13	מְסַפֵּ֥ר	5608 a	HVprmsa
Judg 7:13	לְ/רֵעֵ֖/הוּ	l/7453	HR/Ncmsc/Sp3ms
Judg 7:13	חֲל֑וֹם	2472	HNcmsa
Judg 7:13	וַ/יֹּ֜אמֶר	c/559	HC/Vqw3ms
Judg 7:13	הִנֵּ֧ה	2009	HTm
Judg 7:13	חֲל֣וֹם	2472	HNcmsa
Judg 7:13	חָלַ֗מְתִּי	2492 b	HVqp1cs
Judg 7:13	וְ/הִנֵּ֨ה	c/2009	HC/Tm
Judg 7:13	צלול	6742	HNcmsc
Judg 7:13	לֶ֤חֶם	3899	HNcbsc
Judg 7:13	שְׂעֹרִים֙	8184	HNcfpa
Judg 7:13	מִתְהַפֵּךְ֙	2015	HVtrmsa
Judg 7:13	בְּ/מַחֲנֵ֣ה	b/4264	HR/Ncbsc
Judg 7:13	מִדְיָ֔ן	4080	HNp
Judg 7:13	וַ/יָּבֹ֣א	c/935	HC/Vqw3ms
Judg 7:13	עַד	5704	HR
Judg 7:13	הָ֠/אֹהֶל	d/168	HTd/Ncmsa
Judg 7:13	וַ/יַּכֵּ֧/הוּ	c/5221	HC/Vhw3ms/Sp3ms
Judg 7:13	וַ/יִּפֹּ֛ל	c/5307	HC/Vqw3ms
Judg 7:13	וַ/יַּהַפְכֵ֥/הוּ	c/2015	HC/Vqw3ms/Sp3ms
Judg 7:13	לְ/מַ֖עְלָ/ה	l/4605	HR/D/Sd
Judg 7:13	וְ/נָפַ֥ל	c/5307	HC/Vqp3ms
Judg 7:13	הָ/אֹֽהֶל	d/168	HTd/Ncmsa
Judg 7:14	וַ/יַּ֨עַן	c/6030 b	HC/Vqw3ms
Judg 7:14	רֵעֵ֤/הוּ	7453	HNcmsc/Sp3ms
Judg 7:14	וַ/יֹּ֨אמֶר֙	c/559	HC/Vqw3ms
Judg 7:14	אֵ֣ין	369	HTn
Judg 7:14	זֹ֔את	2063	HPdxfs
Judg 7:14	בִּלְתִּ֗י	1115	HC
Judg 7:14	אִם	518 a	HC
Judg 7:14	חֶ֛רֶב	2719	HNcfsc
Judg 7:14	גִּדְע֥וֹן	1439	HNp
Judg 7:14	בֶּן	1121 a	HNcmsc
Judg 7:14	יוֹאָ֖שׁ	3101	HNp
Judg 7:14	אִ֣ישׁ	376	HNcmsc
Judg 7:14	יִשְׂרָאֵ֑ל	3478	HNp
Judg 7:14	נָתַ֤ן	5414	HVqp3ms
Judg 7:14	הָֽ/אֱלֹהִים֙	d/430	HTd/Ncmpa
Judg 7:14	בְּ/יָד֔/וֹ	b/3027	HR/Ncbsc/Sp3ms
Judg 7:14	אֶת	853	HTo
Judg 7:14	מִדְיָ֖ן	4080	HNp
Judg 7:14	וְ/אֶת	c/853	HC/To
Judg 7:14	כָּל	3605	HNcmsc
Judg 7:14	הַֽ/מַּחֲנֶֽה	d/4264	HTd/Ncbsa
Judg 7:15	וַ/יְהִי֩	c/1961	HC/Vqw3ms
Judg 7:15	כִ/שְׁמֹ֨עַ	k/8085	HR/Vqc
Judg 7:15	גִּדְע֜וֹן	1439	HNp
Judg 7:15	אֶת	853	HTo
Judg 7:15	מִסְפַּ֧ר	4557	HNcmsc
Judg 7:15	הַ/חֲל֛וֹם	d/2472	HTd/Ncmsa
Judg 7:15	וְ/אֶת	c/853	HC/To
Judg 7:15	שִׁבְר֖/וֹ	7667	HNcmsc/Sp3ms
Judg 7:15	וַ/יִּשְׁתָּ֑חוּ	c/7812	HC/Vtw3ms
Judg 7:15	וַ/יָּ֨שָׁב֙	c/7725	HC/Vqw3ms
Judg 7:15	אֶל	413	HR
Judg 7:15	מַחֲנֵ֣ה	4264	HNcbsc
Judg 7:15	יִשְׂרָאֵ֔ל	3478	HNp
Judg 7:15	וַ/יֹּ֣אמֶר	c/559	HC/Vqw3ms
Judg 7:15	ק֔וּמוּ	6965 b	HVqv2mp
Judg 7:15	כִּֽי	3588 a	HC
Judg 7:15	נָתַ֧ן	5414	HVqp3ms
Judg 7:15	יְהוָ֛ה	3068	HNp
Judg 7:15	בְּ/יֶדְ/כֶ֖ם	b/3027	HR/Ncbsc/Sp2mp
Judg 7:15	אֶת	853	HTo
Judg 7:15	מַחֲנֵ֥ה	4264	HNcbsc
Judg 7:15	מִדְיָֽן	4080	HNp
Judg 7:16	וַ/יַּ֛חַץ	c/2673	HC/Vqw3ms
Judg 7:16	אֶת	853	HTo
Judg 7:16	שְׁלֹשׁ	7969	HAcfsa
Judg 7:16	מֵא֥וֹת	3967	HAcbpa
Judg 7:16	הָ/אִ֖ישׁ	d/376	HTd/Ncmsa
Judg 7:16	שְׁלֹשָׁ֣ה	7969	HAcmsa
Judg 7:16	רָאשִׁ֑ים	7218 a	HNcmpa
Judg 7:16	וַ/יִּתֵּ֨ן	c/5414	HC/Vqw3ms
Judg 7:16	שׁוֹפָר֤וֹת	7782	HNcmpa
Judg 7:16	בְּ/יַד	b/3027	HR/Ncbsc
Judg 7:16	כֻּלָּ/ם֙	3605	HNcmsc/Sp3mp
Judg 7:16	וְ/כַדִּ֣ים	c/3537	HC/Ncfpa
Judg 7:16	רֵקִ֔ים	7386	HAampa
Judg 7:16	וְ/לַפִּדִ֖ים	c/3940	HC/Ncmpa
Judg 7:16	בְּ/ת֥וֹךְ	b/8432	HR/Ncmsc
Judg 7:16	הַ/כַּדִּֽים	d/3537	HTd/Ncfpa
Judg 7:17	וַ/יֹּ֣אמֶר	c/559	HC/Vqw3ms
Judg 7:17	אֲלֵי/הֶ֔ם	413	HR/Sp3mp
Judg 7:17	מִמֶּ֥/נִּי	4480 a	HR/Sp1cs
Judg 7:17	תִרְא֖וּ	7200	HVqi2mp
Judg 7:17	וְ/כֵ֣ן	c/3651 c	HC/Tm
Judg 7:17	תַּעֲשׂ֑וּ	6213 a	HVqi2mp
Judg 7:17	וְ/הִנֵּ֨ה	c/2009	HC/Tm
Judg 7:17	אָנֹכִ֥י	595	HPp1cs
Judg 7:17	בָא֙	935	HVqrmsa
Judg 7:17	בִּ/קְצֵ֣ה	b/7097 a	HR/Ncbsc
Judg 7:17	הַֽ/מַּחֲנֶ֔ה	d/4264	HTd/Ncbsa
Judg 7:17	וְ/הָיָ֥ה	c/1961	HC/Vqq3ms
Judg 7:17	כַ/אֲשֶׁר	k/834 d	HR/Tr
Judg 7:17	אֶעֱשֶׂ֖ה	6213 a	HVqi1cs
Judg 7:17	כֵּ֥ן	3651 c	HTm
Judg 7:17	תַּעֲשֽׂוּ/ן	6213 a	HVqi2mp/Sn
Judg 7:18	וְ/תָקַעְתִּי֙	c/8628	HC/Vqq1cs
Judg 7:18	בַּ/שּׁוֹפָ֔ר	b/7782	HRd/Ncmsa
Judg 7:18	אָנֹכִ֖י	595	HPp1cs
Judg 7:18	וְ/כָל	c/3605	HC/Ncmsc
Judg 7:18	אֲשֶׁ֣ר	834 a	HTr
Judg 7:18	אִתִּ֑/י	854	HR/Sp1cs
Judg 7:18	וּ/תְקַעְתֶּ֨ם	c/8628	HC/Vqq2mp
Judg 7:18	בַּ/שּׁוֹפָר֜וֹת	b/7782	HRd/Ncmpa
Judg 7:18	גַּם	1571	HTa
Judg 7:18	אַתֶּ֗ם	859 d	HPp2mp
Judg 7:18	סְבִיבוֹת֙	5439	HNcbpc
Judg 7:18	כָּל	3605	HNcmsc
Judg 7:18	הַֽ/מַּחֲנֶ֔ה	d/4264	HTd/Ncbsa
Judg 7:18	וַ/אֲמַרְתֶּ֖ם	c/559	HC/Vqq2mp
Judg 7:18	לַ/יהוָ֥ה	l/3068	HR/Np
Judg 7:18	וּ/לְ/גִדְעֽוֹן	c/l/1439	HC/R/Np
Judg 7:19	וַ/יָּבֹ֣א	c/935	HC/Vqw3ms
Judg 7:19	גִ֠דְעוֹן	1439	HNp
Judg 7:19	וּ/מֵאָה	c/3967	HC/Acbsa
Judg 7:19	אִ֨ישׁ	376	HNcmsa
Judg 7:19	אֲשֶׁר	834 a	HTr
Judg 7:19	אִתּ֜/וֹ	854	HR/Sp3ms
Judg 7:19	בִּ/קְצֵ֣ה	b/7097 a	HR/Ncbsc
Judg 7:19	הַֽ/מַּחֲנֶ֗ה	d/4264	HTd/Ncbsa
Judg 7:19	רֹ֚אשׁ	7218 a	HNcmsc
Judg 7:19	הָ/אַשְׁמֹ֣רֶת	d/821	HTd/Ncfsa
Judg 7:19	הַ/תִּֽיכוֹנָ֔ה	d/8484	HTd/Aafsa
Judg 7:19	אַ֛ךְ	389	HTa
Judg 7:19	הָקֵ֥ם	6965 b	HVha
Judg 7:19	הֵקִ֖ימוּ	6965 b	HVhp3cp
Judg 7:19	אֶת	853	HTo
Judg 7:19	הַ/שֹּֽׁמְרִ֑ים	d/8104	HTd/Vqrmpa
Judg 7:19	וַֽ/יִּתְקְעוּ֙	c/8628	HC/Vqw3mp
Judg 7:19	בַּ/שּׁ֣וֹפָר֔וֹת	b/7782	HRd/Ncmpa
Judg 7:19	וְ/נָפ֥וֹץ	c/5310 a	HC/Vqa
Judg 7:19	הַ/כַּדִּ֖ים	d/3537	HTd/Ncfpa
Judg 7:19	אֲשֶׁ֥ר	834 a	HTr
Judg 7:19	בְּ/יָדָֽ/ם	b/3027	HR/Ncbsc/Sp3mp
Judg 7:20	וַֽ֠/יִּתְקְעוּ	c/8628	HC/Vqw3mp
Judg 7:20	שְׁלֹ֨שֶׁת	7969	HAcmsc
Judg 7:20	הָ/רָאשִׁ֥ים	d/7218 a	HTd/Ncmpa
Judg 7:20	בַּ/שּֽׁוֹפָרוֹת֮	b/7782	HRd/Ncmpa
Judg 7:20	וַ/יִּשְׁבְּר֣וּ	c/7665	HC/Vqw3mp
Judg 7:20	הַ/כַּדִּים֒	d/3537	HTd/Ncfpa
Judg 7:20	וַ/יַּחֲזִ֤יקוּ	c/2388	HC/Vhw3mp
Judg 7:20	בְ/יַד	b/3027	HR/Ncbsc
Judg 7:20	שְׂמאוֹלָ/ם֙	8040	HNcmsc/Sp3mp
Judg 7:20	בַּ/לַּפִּדִ֔ים	b/3940	HRd/Ncmpa
Judg 7:20	וּ/בְ/יַ֨ד	c/b/3027	HC/R/Ncbsc
Judg 7:20	יְמִינָ֔/ם	3225	HNcfsc/Sp3mp
Judg 7:20	הַ/שּׁוֹפָר֖וֹת	d/7782	HTd/Ncmpa
Judg 7:20	לִ/תְק֑וֹעַ	l/8628	HR/Vqc
Judg 7:20	וַֽ/יִּקְרְא֔וּ	c/7121	HC/Vqw3mp
Judg 7:20	חֶ֥רֶב	2719	HNcfsa
Judg 7:20	לַֽ/יהוָ֖ה	l/3068	HR/Np
Judg 7:20	וּ/לְ/גִדְעֽוֹן	c/l/1439	HC/R/Np
Judg 7:21	וַ/יַּֽעַמְדוּ֙	c/5975	HC/Vqw3mp
Judg 7:21	אִ֣ישׁ	376	HNcmsa
Judg 7:21	תַּחְתָּ֔י/ו	8478	HR/Sp3ms
Judg 7:21	סָבִ֖יב	5439	HNcbsa
Judg 7:21	לַֽ/מַּחֲנֶ֑ה	l/4264	HRd/Ncbsa
Judg 7:21	וַ/יָּ֧רָץ	c/7323	HC/Vqw3ms
Judg 7:21	כָּל	3605	HNcmsc
Judg 7:21	הַֽ/מַּחֲנֶ֛ה	d/4264	HTd/Ncbsa
Judg 7:21	וַ/יָּרִ֖יעוּ	c/7321	HC/Vhw3mp
Judg 7:21	ו/יניסו	c/5127	HC/Vhw3mp
Judg 7:22	וַֽ/יִּתְקְעוּ֮	c/8628	HC/Vqw3mp
Judg 7:22	שְׁלֹשׁ	7969	HAcfsa
Judg 7:22	מֵא֣וֹת	3967	HAcbpa
Judg 7:22	הַ/שּׁוֹפָרוֹת֒	d/7782	HTd/Ncmpa
Judg 7:22	וַ/יָּ֣שֶׂם	c/7760 a	HC/Vqw3ms
Judg 7:22	יְהוָ֗ה	3068	HNp
Judg 7:22	אֵ֣ת	853	HTo
Judg 7:22	חֶ֥רֶב	2719	HNcfsc
Judg 7:22	אִ֛ישׁ	376	HNcmsa
Judg 7:22	בְּ/רֵעֵ֖/הוּ	b/7453	HR/Ncmsc/Sp3ms
Judg 7:22	וּ/בְ/כָל	c/b/3605	HC/R/Ncmsc
Judg 7:22	הַֽ/מַּחֲנֶ֑ה	d/4264	HTd/Ncbsa
Judg 7:22	וַ/יָּ֨נָס	c/5127	HC/Vqw3ms
Judg 7:22	הַֽ/מַּחֲנֶ֜ה	d/4264	HTd/Ncbsa
Judg 7:22	עַד	5704	HR
Judg 7:22	בֵּ֤ית	1029+	HNp
Judg 7:22	הַשִּׁטָּה֙	1029	HNp
Judg 7:22	צְֽרֵרָ֔תָ/ה	6888	HNp/Sd
Judg 7:22	עַ֛ד	5704	HR
Judg 7:22	שְׂפַת	8193	HNcfsc
Judg 7:22	אָבֵ֥ל	65+	HNp
Judg 7:22	מְחוֹלָ֖ה	65	HNp
Judg 7:22	עַל	5921 a	HR
Judg 7:22	טַבָּֽת	2888	HNp
Judg 7:23	וַ/יִּצָּעֵ֧ק	c/6817	HC/VNw3ms
Judg 7:23	אִֽישׁ	376	HNcmsc
Judg 7:23	יִשְׂרָאֵ֛ל	3478	HNp
Judg 7:23	מִ/נַּפְתָּלִ֥י	m/5321	HR/Np
Judg 7:23	וּ/מִן	c/4480 a	HC/R
Judg 7:23	אָשֵׁ֖ר	836	HNp
Judg 7:23	וּ/מִן	c/4480 a	HC/R
Judg 7:23	כָּל	3605	HNcmsc
Judg 7:23	מְנַשֶּׁ֑ה	4519	HNp
Judg 7:23	וַֽ/יִּרְדְּפ֖וּ	c/7291	HC/Vqw3mp
Judg 7:23	אַחֲרֵ֥י	310 a	HR
Judg 7:23	מִדְיָֽן	4080	HNp
Judg 7:24	וּ/מַלְאָכִ֡ים	c/4397	HC/Ncmpa
Judg 7:24	שָׁלַ֣ח	7971	HVqp3ms
Judg 7:24	גִּדְעוֹן֩	1439	HNp
Judg 7:24	בְּ/כָל	b/3605	HR/Ncmsc
Judg 7:24	הַ֨ר	2022	HNcmsc
Judg 7:24	אֶפְרַ֜יִם	669	HNp
Judg 7:24	לֵ/אמֹ֗ר	l/559	HR/Vqc
Judg 7:24	רְד֞וּ	3381	HVqv2mp
Judg 7:24	לִ/קְרַ֤את	l/7125	HR/Vqc
Judg 7:24	מִדְיָן֙	4080	HNp
Judg 7:24	וְ/לִכְד֤וּ	c/3920	HC/Vqv2mp
Judg 7:24	לָ/הֶם֙	l	HR/Sp3mp
Judg 7:24	אֶת	853	HTo
Judg 7:24	הַ/מַּ֔יִם	d/4325	HTd/Ncmpa
Judg 7:24	עַ֛ד	5704	HR
Judg 7:24	בֵּ֥ית	1012+	HNp
Judg 7:24	בָּרָ֖ה	1012	HNp
Judg 7:24	וְ/אֶת	c/853	HC/To
Judg 7:24	הַ/יַּרְדֵּ֑ן	d/3383	HTd/Np
Judg 7:24	וַ/יִּצָּעֵ֞ק	c/6817	HC/VNw3ms
Judg 7:24	כָּל	3605	HNcmsc
Judg 7:24	אִ֤ישׁ	376	HNcmsc
Judg 7:24	אֶפְרַ֨יִם֙	669	HNp
Judg 7:24	וַ/יִּלְכְּד֣וּ	c/3920	HC/Vqw3mp
Judg 7:24	אֶת	853	HTo
Judg 7:24	הַ/מַּ֔יִם	d/4325	HTd/Ncmpa
Judg 7:24	עַ֛ד	5704	HR
Judg 7:24	בֵּ֥ית	1012+	HNp
Judg 7:24	בָּרָ֖ה	1012	HNp
Judg 7:24	וְ/אֶת	c/853	HC/To
Judg 7:24	הַ/יַּרְדֵּֽן	d/3383	HTd/Np
Judg 7:25	וַֽ/יִּלְכְּד֡וּ	c/3920	HC/Vqw3mp
Judg 7:25	שְׁנֵֽי	8147	HAcmdc
Judg 7:25	שָׂרֵ֨י	8269	HNcmpc
Judg 7:25	מִדְיָ֜ן	4080	HNp
Judg 7:25	אֶת	853	HTo
Judg 7:25	עֹרֵ֣ב	6159	HNp
Judg 7:25	וְ/אֶת	c/853	HC/To
Judg 7:25	זְאֵ֗ב	2062	HNp
Judg 7:25	וַ/יַּהַרְג֨וּ	c/2026	HC/Vqw3mp
Judg 7:25	אֶת	853	HTo
Judg 7:25	עוֹרֵ֤ב	6159	HNp
Judg 7:25	בְּ/צוּר	b/6697	HR/Ncmsc
Judg 7:25	עוֹרֵב֙	6159	HNp
Judg 7:25	וְ/אֶת	c/853	HC/To
Judg 7:25	זְאֵב֙	2062	HNp
Judg 7:25	הָרְג֣וּ	2026	HVqp3cp
Judg 7:25	בְ/יֶֽקֶב	b/3342	HR/Ncmsc
Judg 7:25	זְאֵ֔ב	2062	HNp
Judg 7:25	וַֽ/יִּרְדְּפ֖וּ	c/7291	HC/Vqw3mp
Judg 7:25	אֶל	413	HR
Judg 7:25	מִדְיָ֑ן	4080	HNp
Judg 7:25	וְ/רֹאשׁ	c/7218 a	HC/Ncmsc
Judg 7:25	עֹרֵ֣ב	6159	HNp
Judg 7:25	וּ/זְאֵ֔ב	c/2062	HC/Np
Judg 7:25	הֵבִ֨יאוּ֙	935	HVhp3cp
Judg 7:25	אֶל	413	HR
Judg 7:25	גִּדְע֔וֹן	1439	HNp
Judg 7:25	מֵ/עֵ֖בֶר	m/5676	HR/Ncmsa
Judg 7:25	לַ/יַּרְדֵּֽן	l/3383	HRd/Np
Judg 8:1	וַ/יֹּאמְר֨וּ	c/559	HC/Vqw3mp
Judg 8:1	אֵלָ֜י/ו	413	HR/Sp3ms
Judg 8:1	אִ֣ישׁ	376	HNcmsc
Judg 8:1	אֶפְרַ֗יִם	669	HNp
Judg 8:1	מָֽה	4100	HTi
Judg 8:1	הַ/דָּבָ֤ר	d/1697	HTd/Ncmsa
Judg 8:1	הַ/זֶּה֙	d/2088	HTd/Pdxms
Judg 8:1	עָשִׂ֣יתָ	6213 a	HVqp2ms
Judg 8:1	לָּ֔/נוּ	l	HR/Sp1cp
Judg 8:1	לְ/בִלְתִּי֙	l/1115	HR/C
Judg 8:1	קְרֹ֣אות	7121	HVqc
Judg 8:1	לָ֔/נוּ	l	HR/Sp1cp
Judg 8:1	כִּ֥י	3588 a	HC
Judg 8:1	הָלַ֖כְתָּ	1980	HVqp2ms
Judg 8:1	לְ/הִלָּחֵ֣ם	l/3898 a	HR/VNc
Judg 8:1	בְּ/מִדְיָ֑ן	b/4080	HR/Np
Judg 8:1	וַ/יְרִיב֥וּ/ן	c/7378	HC/Vqw3mp/Sn
Judg 8:1	אִתּ֖/וֹ	854	HR/Sp3ms
Judg 8:1	בְּ/חָזְקָֽה	b/2394	HR/Ncfsa
Judg 8:2	וַ/יֹּ֣אמֶר	c/559	HC/Vqw3ms
Judg 8:2	אֲלֵי/הֶ֔ם	413	HR/Sp3mp
Judg 8:2	מֶה	4100	HTi
Judg 8:2	עָשִׂ֥יתִי	6213 a	HVqp1cs
Judg 8:2	עַתָּ֖ה	6258	HD
Judg 8:2	כָּ/כֶ֑ם	k	HR/Sp2mp
Judg 8:2	הֲ/ל֗וֹא	i/3808	HTi/Tn
Judg 8:2	ט֛וֹב	2896 a	HAamsa
Judg 8:2	עֹלְל֥וֹת	5955	HNcfpc
Judg 8:2	אֶפְרַ֖יִם	669	HNp
Judg 8:2	מִ/בְצִ֥יר	m/1210	HR/Ncmsc
Judg 8:2	אֲבִיעֶֽזֶר	44	HNp
Judg 8:3	בְּ/יֶדְ/כֶם֩	b/3027	HR/Ncbsc/Sp2mp
Judg 8:3	נָתַ֨ן	5414	HVqp3ms
Judg 8:3	אֱלֹהִ֜ים	430	HNcmpa
Judg 8:3	אֶת	853	HTo
Judg 8:3	שָׂרֵ֤י	8269	HNcmpc
Judg 8:3	מִדְיָן֙	4080	HNp
Judg 8:3	אֶת	853	HTo
Judg 8:3	עֹרֵ֣ב	6159	HNp
Judg 8:3	וְ/אֶת	c/853	HC/To
Judg 8:3	זְאֵ֔ב	2062	HNp
Judg 8:3	וּ/מַה	c/4100	HC/Ti
Judg 8:3	יָּכֹ֖לְתִּי	3201	HVqp1cs
Judg 8:3	עֲשׂ֣וֹת	6213 a	HVqc
Judg 8:3	כָּ/כֶ֑ם	k	HR/Sp2mp
Judg 8:3	אָ֗ז	227 a	HD
Judg 8:3	רָפְתָ֤ה	7503	HVqp3fs
Judg 8:3	רוּחָ/ם֙	7307	HNcbsc/Sp3mp
Judg 8:3	מֵֽ/עָלָ֔י/ו	m/5921 a	HR/R/Sp3ms
Judg 8:3	בְּ/דַבְּר֖/וֹ	b/1696	HR/Vpc/Sp3ms
Judg 8:3	הַ/דָּבָ֥ר	d/1697	HTd/Ncmsa
Judg 8:3	הַ/זֶּֽה	d/2088	HTd/Pdxms
Judg 8:4	וַ/יָּבֹ֥א	c/935	HC/Vqw3ms
Judg 8:4	גִדְע֖וֹן	1439	HNp
Judg 8:4	הַ/יַּרְדֵּ֑נָ/ה	d/3383	HTd/Np/Sd
Judg 8:4	עֹבֵ֣ר	5674 a	HVqrmsa
Judg 8:4	ה֗וּא	1931	HPp3ms
Judg 8:4	וּ/שְׁלֹשׁ	c/7969	HC/Acfsa
Judg 8:4	מֵא֤וֹת	3967	HAcbpa
Judg 8:4	הָ/אִישׁ֙	d/376	HTd/Ncmsa
Judg 8:4	אֲשֶׁ֣ר	834 a	HTr
Judg 8:4	אִתּ֔/וֹ	854	HR/Sp3ms
Judg 8:4	עֲיֵפִ֖ים	5889	HAampa
Judg 8:4	וְ/רֹדְפִֽים	c/7291	HC/Vqrmpa
Judg 8:5	וַ/יֹּ֨אמֶר֙	c/559	HC/Vqw3ms
Judg 8:5	לְ/אַנְשֵׁ֣י	l/376	HR/Ncmpc
Judg 8:5	סֻכּ֔וֹת	5523	HNp
Judg 8:5	תְּנוּ	5414	HVqv2mp
Judg 8:5	נָא֙	4994	HTe
Judg 8:5	כִּכְּר֣וֹת	3603	HNcbpc
Judg 8:5	לֶ֔חֶם	3899	HNcbsa
Judg 8:5	לָ/עָ֖ם	l/5971 a	HRd/Ncmsa
Judg 8:5	אֲשֶׁ֣ר	834 a	HTr
Judg 8:5	בְּ/רַגְלָ֑/י	b/7272	HR/Ncfdc/Sp1cs
Judg 8:5	כִּי	3588 a	HC
Judg 8:5	עֲיֵפִ֣ים	5889	HAampa
Judg 8:5	הֵ֔ם	1992	HPp3mp
Judg 8:5	וְ/אָנֹכִ֗י	c/595	HC/Pp1cs
Judg 8:5	רֹדֵ֛ף	7291	HVqrmsa
Judg 8:5	אַחֲרֵ֛י	310 a	HR
Judg 8:5	זֶ֥בַח	2078	HNp
Judg 8:5	וְ/צַלְמֻנָּ֖ע	c/6759	HC/Np
Judg 8:5	מַלְכֵ֥י	4428	HNcmpc
Judg 8:5	מִדְיָֽן	4080	HNp
Judg 8:6	וַ/יֹּ֨אמֶר֙	c/559	HC/Vqw3ms
Judg 8:6	שָׂרֵ֣י	8269	HNcmpc
Judg 8:6	סֻכּ֔וֹת	5523	HNp
Judg 8:6	הֲ֠/כַף	i/3709	HTi/Ncfsc
Judg 8:6	זֶ֧בַח	2078	HNp
Judg 8:6	וְ/צַלְמֻנָּ֛ע	c/6759	HC/Np
Judg 8:6	עַתָּ֖ה	6258	HD
Judg 8:6	בְּ/יָדֶ֑/ךָ	b/3027	HR/Ncbsc/Sp2ms
Judg 8:6	כִּֽי	3588 a	HC
Judg 8:6	נִתֵּ֥ן	5414	HVqi1cp
Judg 8:6	לִֽ/צְבָאֲ/ךָ֖	l/6635 a	HR/Ncbsc/Sp2ms
Judg 8:6	לָֽחֶם	3899	HNcbsa
Judg 8:7	וַ/יֹּ֣אמֶר	c/559	HC/Vqw3ms
Judg 8:7	גִּדְע֔וֹן	1439	HNp
Judg 8:7	לָ/כֵ֗ן	l/3651 c	HR/D
Judg 8:7	בְּ/תֵ֧ת	b/5414	HR/Vqc
Judg 8:7	יְהוָ֛ה	3068	HNp
Judg 8:7	אֶת	853	HTo
Judg 8:7	זֶ֥בַח	2078	HNp
Judg 8:7	וְ/אֶת	c/853	HC/To
Judg 8:7	צַלְמֻנָּ֖ע	6759	HNp
Judg 8:7	בְּ/יָדִ֑/י	b/3027	HR/Ncbsc/Sp1cs
Judg 8:7	וְ/דַשְׁתִּי֙	c/1758	HC/Vqq1cs
Judg 8:7	אֶת	853	HTo
Judg 8:7	בְּשַׂרְ/כֶ֔ם	1320	HNcmsc/Sp2mp
Judg 8:7	אֶת	854	HR
Judg 8:7	קוֹצֵ֥י	6975	HNcmpc
Judg 8:7	הַ/מִּדְבָּ֖ר	d/4057 b	HTd/Ncmsa
Judg 8:7	וְ/אֶת	c/854	HC/R
Judg 8:7	הַֽ/בַּרְקֳנִֽים	d/1303	HTd/Ncmpa
Judg 8:8	וַ/יַּ֤עַל	c/5927	HC/Vqw3ms
Judg 8:8	מִ/שָּׁם֙	m/8033	HR/D
Judg 8:8	פְּנוּאֵ֔ל	6439	HNp
Judg 8:8	וַ/יְדַבֵּ֥ר	c/1696	HC/Vpw3ms
Judg 8:8	אֲלֵי/הֶ֖ם	413	HR/Sp3mp
Judg 8:8	כָּ/זֹ֑את	k/2063	HR/Pdxfs
Judg 8:8	וַ/יַּעֲנ֤וּ	c/6030 b	HC/Vqw3mp
Judg 8:8	אוֹת/וֹ֙	853	HTo/Sp3ms
Judg 8:8	אַנְשֵׁ֣י	376	HNcmpc
Judg 8:8	פְנוּאֵ֔ל	6439	HNp
Judg 8:8	כַּ/אֲשֶׁ֥ר	k/834 d	HR/Tr
Judg 8:8	עָנ֖וּ	6030 b	HVqp3cp
Judg 8:8	אַנְשֵׁ֥י	376	HNcmpc
Judg 8:8	סֻכּֽוֹת	5523	HNp
Judg 8:9	וַ/יֹּ֛אמֶר	c/559	HC/Vqw3ms
Judg 8:9	גַּם	1571	HTa
Judg 8:9	לְ/אַנְשֵׁ֥י	l/376	HR/Ncmpc
Judg 8:9	פְנוּאֵ֖ל	6439	HNp
Judg 8:9	לֵ/אמֹ֑ר	l/559	HR/Vqc
Judg 8:9	בְּ/שׁוּבִ֣/י	b/7725	HR/Vqc/Sp1cs
Judg 8:9	בְ/שָׁל֔וֹם	b/7965	HR/Ncmsa
Judg 8:9	אֶתֹּ֖ץ	5422	HVqi1cs
Judg 8:9	אֶת	853	HTo
Judg 8:9	הַ/מִּגְדָּ֥ל	d/4026	HTd/Ncbsa
Judg 8:9	הַ/זֶּֽה	d/2088	HTd/Pdxms
Judg 8:10	וְ/זֶ֨בַח	c/2078	HC/Np
Judg 8:10	וְ/צַלְמֻנָּ֜ע	c/6759	HC/Np
Judg 8:10	בַּ/קַּרְקֹ֗ר	b/7174	HRd/Np
Judg 8:10	וּ/מַחֲנֵי/הֶ֤ם	c/4264	HC/Ncbpc/Sp3mp
Judg 8:10	עִמָּ/ם֙	5973 a	HR/Sp3mp
Judg 8:10	כַּ/חֲמֵ֤שֶׁת	k/2568	HR/Acmsc
Judg 8:10	עָשָׂר֙	6240	HAcmsa
Judg 8:10	אֶ֔לֶף	505	HAcbsa
Judg 8:10	כֹּ֚ל	3605	HNcmsc
Judg 8:10	הַ/נּ֣וֹתָרִ֔ים	d/3498	HTd/VNrmpa
Judg 8:10	מִ/כֹּ֖ל	m/3605	HR/Ncmsc
Judg 8:10	מַחֲנֵ֣ה	4264	HNcbsc
Judg 8:10	בְנֵי	1121 a	HNcmpc
Judg 8:10	קֶ֑דֶם	6924 a	HNcmsa
Judg 8:10	וְ/הַ/נֹּ֣פְלִ֔ים	c/d/5307	HC/Td/Vqrmpa
Judg 8:10	מֵאָ֨ה	3967	HAcbsa
Judg 8:10	וְ/עֶשְׂרִ֥ים	c/6242	HC/Acbpa
Judg 8:10	אֶ֛לֶף	505	HAcbsa
Judg 8:10	אִ֖ישׁ	376	HNcmsa
Judg 8:10	שֹׁ֥לֵֽף	8025	HVqrmsa
Judg 8:10	חָֽרֶב	2719	HNcfsa
Judg 8:11	וַ/יַּ֣עַל	c/5927	HC/Vqw3ms
Judg 8:11	גִּדְע֗וֹן	1439	HNp
Judg 8:11	דֶּ֚רֶךְ	1870	HNcbsc
Judg 8:11	הַ/שְּׁכוּנֵ֣י	d/7931	HTd/Vqsmpc
Judg 8:11	בָֽ/אֳהָלִ֔ים	b/168	HR/Ncmpa
Judg 8:11	מִ/קֶּ֥דֶם	m/6924 a	HR/Ncmsa
Judg 8:11	לְ/נֹ֖בַח	l/5025	HR/Np
Judg 8:11	וְ/יָגְבֳּהָ֑ה	c/3011	HC/Np
Judg 8:11	וַ/יַּךְ֙	c/5221	HC/Vhw3ms
Judg 8:11	אֶת	853	HTo
Judg 8:11	הַֽ/מַּחֲנֶ֔ה	d/4264	HTd/Ncbsa
Judg 8:11	וְ/הַֽ/מַּחֲנֶ֖ה	c/d/4264	HC/Td/Ncbsa
Judg 8:11	הָ֥יָה	1961	HVqp3ms
Judg 8:11	בֶֽטַח	983	HNcmsa
Judg 8:12	וַ/יָּנ֗וּסוּ	c/5127	HC/Vqw3mp
Judg 8:12	זֶ֚בַח	2078	HNp
Judg 8:12	וְ/צַלְמֻנָּ֔ע	c/6759	HC/Np
Judg 8:12	וַ/יִּרְדֹּ֖ף	c/7291	HC/Vqw3ms
Judg 8:12	אַחֲרֵי/הֶ֑ם	310 a	HR/Sp3mp
Judg 8:12	וַ/יִּלְכֹּ֞ד	c/3920	HC/Vqw3ms
Judg 8:12	אֶת	853	HTo
Judg 8:12	שְׁנֵ֣י	8147	HAcmdc
Judg 8:12	מַלְכֵ֣י	4428	HNcmpc
Judg 8:12	מִדְיָ֗ן	4080	HNp
Judg 8:12	אֶת	853	HTo
Judg 8:12	זֶ֨בַח֙	2078	HNp
Judg 8:12	וְ/אֶת	c/853	HC/To
Judg 8:12	צַלְמֻנָּ֔ע	6759	HNp
Judg 8:12	וְ/כָל	c/3605	HC/Ncmsc
Judg 8:12	הַֽ/מַּחֲנֶ֖ה	d/4264	HTd/Ncbsa
Judg 8:12	הֶחֱרִֽיד	2729	HVhp3ms
Judg 8:13	וַ/יָּ֛שָׁב	c/7725	HC/Vqw3ms
Judg 8:13	גִּדְע֥וֹן	1439	HNp
Judg 8:13	בֶּן	1121 a	HNcmsc
Judg 8:13	יוֹאָ֖שׁ	3101	HNp
Judg 8:13	מִן	4480 a	HR
Judg 8:13	הַ/מִּלְחָמָ֑ה	d/4421	HTd/Ncfsa
Judg 8:13	מִֽ/לְ/מַעֲלֵ֖ה	m/l/4608	HR/R/Ncmsc
Judg 8:13	הֶ/חָֽרֶס	d/2775 a	HTd/Np
Judg 8:14	וַ/יִּלְכָּד	c/3920	HC/Vqw3ms
Judg 8:14	נַ֛עַר	5288	HNcmsa
Judg 8:14	מֵ/אַנְשֵׁ֥י	m/376	HR/Ncmpc
Judg 8:14	סֻכּ֖וֹת	5523	HNp
Judg 8:14	וַ/יִּשְׁאָלֵ֑/הוּ	c/7592	HC/Vqw3ms/Sp3ms
Judg 8:14	וַ/יִּכְתֹּ֨ב	c/3789	HC/Vqw3ms
Judg 8:14	אֵלָ֜י/ו	413	HR/Sp3ms
Judg 8:14	אֶת	853	HTo
Judg 8:14	שָׂרֵ֤י	8269	HNcmpc
Judg 8:14	סֻכּוֹת֙	5523	HNp
Judg 8:14	וְ/אֶת	c/853	HC/To
Judg 8:14	זְקֵנֶ֔י/הָ	2205	HAampc/Sp3fs
Judg 8:14	שִׁבְעִ֥ים	7657	HAcbpa
Judg 8:14	וְ/שִׁבְעָ֖ה	c/7651	HC/Acmsa
Judg 8:14	אִֽישׁ	376	HNcmsa
Judg 8:15	וַ/יָּבֹא֙	c/935	HC/Vqw3ms
Judg 8:15	אֶל	413	HR
Judg 8:15	אַנְשֵׁ֣י	376	HNcmpc
Judg 8:15	סֻכּ֔וֹת	5523	HNp
Judg 8:15	וַ/יֹּ֕אמֶר	c/559	HC/Vqw3ms
Judg 8:15	הִנֵּ֖ה	2009	HTm
Judg 8:15	זֶ֣בַח	2078	HNp
Judg 8:15	וְ/צַלְמֻנָּ֑ע	c/6759	HC/Np
Judg 8:15	אֲשֶׁר֩	834 a	HTr
Judg 8:15	חֵרַפְתֶּ֨ם	2778 a	HVpp2mp
Judg 8:15	אוֹתִ֜/י	853	HTo/Sp1cs
Judg 8:15	לֵ/אמֹ֗ר	l/559	HR/Vqc
Judg 8:15	הֲ֠/כַף	i/3709	HTi/Ncfsc
Judg 8:15	זֶ֣בַח	2078	HNp
Judg 8:15	וְ/צַלְמֻנָּ֤ע	c/6759	HC/Np
Judg 8:15	עַתָּה֙	6258	HD
Judg 8:15	בְּ/יָדֶ֔/ךָ	b/3027	HR/Ncbsc/Sp2ms
Judg 8:15	כִּ֥י	3588 a	HC
Judg 8:15	נִתֵּ֛ן	5414	HVqi1cp
Judg 8:15	לַ/אֲנָשֶׁ֥י/ךָ	l/376	HR/Ncmpc/Sp2ms
Judg 8:15	הַ/יְּעֵפִ֖ים	d/3286	HTd/Aampa
Judg 8:15	לָֽחֶם	3899	HNcbsa
Judg 8:16	וַ/יִּקַּח֙	c/3947	HC/Vqw3ms
Judg 8:16	אֶת	853	HTo
Judg 8:16	זִקְנֵ֣י	2205	HAampc
Judg 8:16	הָ/עִ֔יר	d/5892 b	HTd/Ncfsa
Judg 8:16	וְ/אֶת	c/853	HC/To
Judg 8:16	קוֹצֵ֥י	6975	HNcmpc
Judg 8:16	הַ/מִּדְבָּ֖ר	d/4057 b	HTd/Ncmsa
Judg 8:16	וְ/אֶת	c/853	HC/To
Judg 8:16	הַֽ/בַּרְקֳנִ֑ים	d/1303	HTd/Ncmpa
Judg 8:16	וַ/יֹּ֣דַע	c/3045	HC/Vhw3ms
Judg 8:16	בָּ/הֶ֔ם	b	HR/Sp3mp
Judg 8:16	אֵ֖ת	853	HTo
Judg 8:16	אַנְשֵׁ֥י	376	HNcmpc
Judg 8:16	סֻכּֽוֹת	5523	HNp
Judg 8:17	וְ/אֶת	c/853	HC/To
Judg 8:17	מִגְדַּ֥ל	4026	HNcbsc
Judg 8:17	פְּנוּאֵ֖ל	6439	HNp
Judg 8:17	נָתָ֑ץ	5422	HVqp3ms
Judg 8:17	וַֽ/יַּהֲרֹ֖ג	c/2026	HC/Vqw3ms
Judg 8:17	אֶת	853	HTo
Judg 8:17	אַנְשֵׁ֥י	376	HNcmpc
Judg 8:17	הָ/עִֽיר	d/5892 b	HTd/Ncfsa
Judg 8:18	וַ/יֹּ֗אמֶר	c/559	HC/Vqw3ms
Judg 8:18	אֶל	413	HR
Judg 8:18	זֶ֨בַח֙	2078	HNp
Judg 8:18	וְ/אֶל	c/413	HC/R
Judg 8:18	צַלְמֻנָּ֔ע	6759	HNp
Judg 8:18	אֵיפֹה֙	375	HTi
Judg 8:18	הָ/אֲנָשִׁ֔ים	d/376	HTd/Ncmpa
Judg 8:18	אֲשֶׁ֥ר	834 a	HTr
Judg 8:18	הֲרַגְתֶּ֖ם	2026	HVqp2mp
Judg 8:18	בְּ/תָב֑וֹר	b/8396	HR/Np
Judg 8:18	וַֽ/יֹּאמרוּ֙	c/559	HC/Vqw3mp
Judg 8:18	כָּמ֣וֹ/ךָ	3644	HR/Sp2ms
Judg 8:18	כְמוֹ/הֶ֔ם	3644	HR/Sp3mp
Judg 8:18	אֶחָ֕ד	259	HAcmsa
Judg 8:18	כְּ/תֹ֖אַר	k/8389	HR/Ncmsc
Judg 8:18	בְּנֵ֥י	1121 a	HNcmpc
Judg 8:18	הַ/מֶּֽלֶךְ	d/4428	HTd/Ncmsa
Judg 8:19	וַ/יֹּאמַ֕ר	c/559	HC/Vqw3ms
Judg 8:19	אַחַ֥/י	251	HNcmpc/Sp1cs
Judg 8:19	בְּנֵֽי	1121 a	HNcmpc
Judg 8:19	אִמִּ֖/י	517	HNcfsc/Sp1cs
Judg 8:19	הֵ֑ם	1992	HPp3mp
Judg 8:19	חַי	2416 a	HAamsa
Judg 8:19	יְהוָ֗ה	3068	HNp
Judg 8:19	ל֚וּ	3863	HC
Judg 8:19	הַחֲיִתֶ֣ם	2421	HVhp2mp
Judg 8:19	אוֹתָ֔/ם	853	HTo/Sp3mp
Judg 8:19	לֹ֥א	3808	HTn
Judg 8:19	הָרַ֖גְתִּי	2026	HVqp1cs
Judg 8:19	אֶתְ/כֶֽם	853	HTo/Sp2mp
Judg 8:20	וַ/יֹּ֨אמֶר֙	c/559	HC/Vqw3ms
Judg 8:20	לְ/יֶ֣תֶר	l/3500	HR/Np
Judg 8:20	בְּכוֹר֔/וֹ	1060	HNcmsc/Sp3ms
Judg 8:20	ק֖וּם	6965 b	HVqv2ms
Judg 8:20	הֲרֹ֣ג	2026	HVqv2ms
Judg 8:20	אוֹתָ֑/ם	853	HTo/Sp3mp
Judg 8:20	וְ/לֹא	c/3808	HC/Tn
Judg 8:20	שָׁלַ֨ף	8025	HVqp3ms
Judg 8:20	הַ/נַּ֤עַר	d/5288	HTd/Ncmsa
Judg 8:20	חַרְבּ/וֹ֙	2719	HNcfsc/Sp3ms
Judg 8:20	כִּ֣י	3588 a	HC
Judg 8:20	יָרֵ֔א	3372	HVqp3ms
Judg 8:20	כִּ֥י	3588 a	HC
Judg 8:20	עוֹדֶ֖/נּוּ	5750	HD/Sp3ms
Judg 8:20	נָֽעַר	5288	HNcmsa
Judg 8:21	וַ/יֹּ֜אמֶר	c/559	HC/Vqw3ms
Judg 8:21	זֶ֣בַח	2078	HNp
Judg 8:21	וְ/צַלְמֻנָּ֗ע	c/6759	HC/Np
Judg 8:21	ק֤וּם	6965 b	HVqv2ms
Judg 8:21	אַתָּה֙	859 a	HPp2ms
Judg 8:21	וּ/פְגַע	c/6293	HC/Vqv2ms
Judg 8:21	בָּ֔/נוּ	b	HR/Sp1cp
Judg 8:21	כִּ֥י	3588 a	HC
Judg 8:21	כָ/אִ֖ישׁ	k/376	HRd/Ncmsa
Judg 8:21	גְּבוּרָת֑/וֹ	1369	HNcfsc/Sp3ms
Judg 8:21	וַ/יָּ֣קָם	c/6965 b	HC/Vqw3ms
Judg 8:21	גִּדְע֗וֹן	1439	HNp
Judg 8:21	וַֽ/יַּהֲרֹג֙	c/2026	HC/Vqw3ms
Judg 8:21	אֶת	853	HTo
Judg 8:21	זֶ֣בַח	2078	HNp
Judg 8:21	וְ/אֶת	c/853	HC/To
Judg 8:21	צַלְמֻנָּ֔ע	6759	HNp
Judg 8:21	וַ/יִּקַּח֙	c/3947	HC/Vqw3ms
Judg 8:21	אֶת	853	HTo
Judg 8:21	הַ/שַּׂ֣הֲרֹנִ֔ים	d/7720	HTd/Ncmpa
Judg 8:21	אֲשֶׁ֖ר	834 a	HTr
Judg 8:21	בְּ/צַוְּארֵ֥י	b/6677 a	HR/Ncmpc
Judg 8:21	גְמַלֵּי/הֶֽם	1581	HNcmpc/Sp3mp
Judg 8:22	וַ/יֹּאמְר֤וּ	c/559	HC/Vqw3mp
Judg 8:22	אִֽישׁ	376	HNcmsc
Judg 8:22	יִשְׂרָאֵל֙	3478	HNp
Judg 8:22	אֶל	413	HR
Judg 8:22	גִּדְע֔וֹן	1439	HNp
Judg 8:22	מְשָׁל	4910	HVqv2ms
Judg 8:22	בָּ֨/נוּ֙	b	HR/Sp1cp
Judg 8:22	גַּם	1571	HTa
Judg 8:22	אַתָּ֔ה	859 a	HPp2ms
Judg 8:22	גַּם	1571	HTa
Judg 8:22	בִּנְ/ךָ֖	1121 a	HNcmsc/Sp2ms
Judg 8:22	גַּ֣ם	1571	HTa
Judg 8:22	בֶּן	1121 a	HNcmsc
Judg 8:22	בְּנֶ֑/ךָ	1121 a	HNcmsc/Sp2ms
Judg 8:22	כִּ֥י	3588 a	HC
Judg 8:22	הוֹשַׁעְתָּ֖/נוּ	3467	HVhp2ms/Sp1cp
Judg 8:22	מִ/יַּ֥ד	m/3027	HR/Ncbsc
Judg 8:22	מִדְיָֽן	4080	HNp
Judg 8:23	וַ/יֹּ֤אמֶר	c/559	HC/Vqw3ms
Judg 8:23	אֲלֵ/הֶם֙	413	HR/Sp3mp
Judg 8:23	גִּדְע֔וֹן	1439	HNp
Judg 8:23	לֹֽא	3808	HTn
Judg 8:23	אֶמְשֹׁ֤ל	4910	HVqi1cs
Judg 8:23	אֲנִי֙	589	HPp1cs
Judg 8:23	בָּ/כֶ֔ם	b	HR/Sp2mp
Judg 8:23	וְ/לֹֽא	c/3808	HC/Tn
Judg 8:23	יִמְשֹׁ֥ל	4910	HVqi3ms
Judg 8:23	בְּנִ֖/י	1121 a	HNcmsc/Sp1cs
Judg 8:23	בָּ/כֶ֑ם	b	HR/Sp2mp
Judg 8:23	יְהוָ֖ה	3068	HNp
Judg 8:23	יִמְשֹׁ֥ל	4910	HVqi3ms
Judg 8:23	בָּ/כֶֽם	b	HR/Sp2mp
Judg 8:24	וַ/יֹּ֨אמֶר	c/559	HC/Vqw3ms
Judg 8:24	אֲלֵ/הֶ֜ם	413	HR/Sp3mp
Judg 8:24	גִּדְע֗וֹן	1439	HNp
Judg 8:24	אֶשְׁאֲלָ֤ה	7592	HVqh1cs
Judg 8:24	מִ/כֶּם֙	m/4480 a	HR/Sp2mp
Judg 8:24	שְׁאֵלָ֔ה	7596	HNcfsa
Judg 8:24	וּ/תְנוּ	c/5414	HC/Vqv2mp
Judg 8:24	לִ֕/י	l	HR/Sp1cs
Judg 8:24	אִ֖ישׁ	376	HNcmsa
Judg 8:24	נֶ֣זֶם	5141	HNcmsc
Judg 8:24	שְׁלָל֑/וֹ	7998	HNcmsc/Sp3ms
Judg 8:24	כִּֽי	3588 a	HC
Judg 8:24	נִזְמֵ֤י	5141	HNcmpc
Judg 8:24	זָהָב֙	2091	HNcmsa
Judg 8:24	לָ/הֶ֔ם	l	HR/Sp3mp
Judg 8:24	כִּ֥י	3588 a	HC
Judg 8:24	יִשְׁמְעֵאלִ֖ים	3459	HNgmpa
Judg 8:24	הֵֽם	1992	HPp3mp
Judg 8:25	וַ/יֹּאמְר֖וּ	c/559	HC/Vqw3mp
Judg 8:25	נָת֣וֹן	5414	HVqa
Judg 8:25	נִתֵּ֑ן	5414	HVqi1cp
Judg 8:25	וַֽ/יִּפְרְשׂוּ֙	c/6566	HC/Vqw3mp
Judg 8:25	אֶת	853	HTo
Judg 8:25	הַ/שִּׂמְלָ֔ה	d/8071	HTd/Ncfsa
Judg 8:25	וַ/יַּשְׁלִ֣יכוּ	c/7993	HC/Vhw3mp
Judg 8:25	שָׁ֔מָּ/ה	8033	HD/Sd
Judg 8:25	אִ֖ישׁ	376	HNcmsa
Judg 8:25	נֶ֥זֶם	5141	HNcmsc
Judg 8:25	שְׁלָלֽ/וֹ	7998	HNcmsc/Sp3ms
Judg 8:26	וַ/יְהִ֗י	c/1961	HC/Vqw3ms
Judg 8:26	מִשְׁקַ֞ל	4948	HNcmsc
Judg 8:26	נִזְמֵ֤י	5141	HNcmpc
Judg 8:26	הַ/זָּהָב֙	d/2091	HTd/Ncmsa
Judg 8:26	אֲשֶׁ֣ר	834 a	HTr
Judg 8:26	שָׁאָ֔ל	7592	HVqp3ms
Judg 8:26	אֶ֥לֶף	505	HAcbsa
Judg 8:26	וּ/שְׁבַע	c/7651	HC/Acfsa
Judg 8:26	מֵא֖וֹת	3967	HAcbpa
Judg 8:26	זָהָ֑ב	2091	HNcmsa
Judg 8:26	לְ֠/בַד	l/905	HR/Ncmsa
Judg 8:26	מִן	4480 a	HR
Judg 8:26	הַ/שַּׂהֲרֹנִ֨ים	d/7720	HTd/Ncmpa
Judg 8:26	וְ/הַ/נְּטִפ֜וֹת	c/d/5188	HC/Td/Ncfpa
Judg 8:26	וּ/בִגְדֵ֣י	c/899 b	HC/Ncmpc
Judg 8:26	הָ/אַרְגָּמָ֗ן	d/713	HTd/Ncmsa
Judg 8:26	שֶׁ/עַל֙	s/5921 a	HTr/R
Judg 8:26	מַלְכֵ֣י	4428	HNcmpc
Judg 8:26	מִדְיָ֔ן	4080	HNp
Judg 8:26	וּ/לְ/בַד֙	c/l/905	HC/R/Ncmsa
Judg 8:26	מִן	4480 a	HR
Judg 8:26	הָ֣/עֲנָק֔וֹת	d/6060 b	HTd/Ncmpa
Judg 8:26	אֲשֶׁ֖ר	834 a	HTr
Judg 8:26	בְּ/צַוְּארֵ֥י	b/6677 a	HR/Ncmpc
Judg 8:26	גְמַלֵּי/הֶֽם	1581	HNcmpc/Sp3mp
Judg 8:27	וַ/יַּעַשׂ֩	c/6213 a	HC/Vqw3ms
Judg 8:27	אוֹת֨/וֹ	853	HTo/Sp3ms
Judg 8:27	גִדְע֜וֹן	1439	HNp
Judg 8:27	לְ/אֵפ֗וֹד	l/646	HR/Ncmsa
Judg 8:27	וַ/יַּצֵּ֨ג	c/3322	HC/Vhw3ms
Judg 8:27	אוֹת֤/וֹ	853	HTo/Sp3ms
Judg 8:27	בְ/עִיר/וֹ֙	b/5892 b	HR/Ncfsc/Sp3ms
Judg 8:27	בְּ/עָפְרָ֔ה	b/6084	HR/Np
Judg 8:27	וַ/יִּזְנ֧וּ	c/2181	HC/Vqw3mp
Judg 8:27	כָֽל	3605	HNcmsc
Judg 8:27	יִשְׂרָאֵ֛ל	3478	HNp
Judg 8:27	אַחֲרָ֖י/ו	310 a	HR/Sp3ms
Judg 8:27	שָׁ֑ם	8033	HD
Judg 8:27	וַ/יְהִ֛י	c/1961	HC/Vqw3ms
Judg 8:27	לְ/גִדְע֥וֹן	l/1439	HR/Np
Judg 8:27	וּ/לְ/בֵית֖/וֹ	c/l/1004 b	HC/R/Ncmsc/Sp3ms
Judg 8:27	לְ/מוֹקֵֽשׁ	l/4170	HR/Ncmsa
Judg 8:28	וַ/יִּכָּנַ֣ע	c/3665	HC/VNw3ms
Judg 8:28	מִדְיָ֗ן	4080	HNp
Judg 8:28	לִ/פְנֵי֙	l/6440	HR/Ncbpc
Judg 8:28	בְּנֵ֣י	1121 a	HNcmpc
Judg 8:28	יִשְׂרָאֵ֔ל	3478	HNp
Judg 8:28	וְ/לֹ֥א	c/3808	HC/Tn
Judg 8:28	יָסְפ֖וּ	3254	HVqp3cp
Judg 8:28	לָ/שֵׂ֣את	l/5375	HR/Vqc
Judg 8:28	רֹאשָׁ֑/ם	7218 a	HNcmsc/Sp3mp
Judg 8:28	וַ/תִּשְׁקֹ֥ט	c/8252	HC/Vqw3fs
Judg 8:28	הָ/אָ֛רֶץ	d/776	HTd/Ncbsa
Judg 8:28	אַרְבָּעִ֥ים	705	HAcbpa
Judg 8:28	שָׁנָ֖ה	8141	HNcfsa
Judg 8:28	בִּ/ימֵ֥י	b/3117	HR/Ncmpc
Judg 8:28	גִדְעֽוֹן	1439	HNp
Judg 8:29	וַ/יֵּ֛לֶךְ	c/3212	HC/Vqw3ms
Judg 8:29	יְרֻבַּ֥עַל	3378	HNp
Judg 8:29	בֶּן	1121 a	HNcmsc
Judg 8:29	יוֹאָ֖שׁ	3101	HNp
Judg 8:29	וַ/יֵּ֥שֶׁב	c/3427	HC/Vqw3ms
Judg 8:29	בְּ/בֵיתֽ/וֹ	b/1004 b	HR/Ncmsc/Sp3ms
Judg 8:30	וּ/לְ/גִדְע֗וֹן	c/l/1439	HC/R/Np
Judg 8:30	הָיוּ֙	1961	HVqp3cp
Judg 8:30	שִׁבְעִ֣ים	7657	HAcbpa
Judg 8:30	בָּנִ֔ים	1121 a	HNcmpa
Judg 8:30	יֹצְאֵ֖י	3318	HVqrmpc
Judg 8:30	יְרֵכ֑/וֹ	3409	HNcfsc/Sp3ms
Judg 8:30	כִּֽי	3588 a	HC
Judg 8:30	נָשִׁ֥ים	802	HNcfpa
Judg 8:30	רַבּ֖וֹת	7227 a	HAafpa
Judg 8:30	הָ֥יוּ	1961	HVqp3cp
Judg 8:30	לֽ/וֹ	l	HR/Sp3ms
Judg 8:31	וּ/פִֽילַגְשׁ/וֹ֙	c/6370	HC/Ncfsc/Sp3ms
Judg 8:31	אֲשֶׁ֣ר	834 a	HTr
Judg 8:31	בִּ/שְׁכֶ֔ם	b/7927	HR/Np
Judg 8:31	יָֽלְדָה	3205	HVqp3fs
Judg 8:31	לּ֥/וֹ	l	HR/Sp3ms
Judg 8:31	גַם	1571	HD
Judg 8:31	הִ֖יא	1931	HPp3fs
Judg 8:31	בֵּ֑ן	1121 a	HNcmsa
Judg 8:31	וַ/יָּ֥שֶׂם	c/7760 a	HC/Vqw3ms
Judg 8:31	אֶת	853	HTo
Judg 8:31	שְׁמ֖/וֹ	8034	HNcmsc/Sp3ms
Judg 8:31	אֲבִימֶֽלֶךְ	40	HNp
Judg 8:32	וַ/יָּ֛מָת	c/4191	HC/Vqw3ms
Judg 8:32	גִּדְע֥וֹן	1439	HNp
Judg 8:32	בֶּן	1121 a	HNcmsc
Judg 8:32	יוֹאָ֖שׁ	3101	HNp
Judg 8:32	בְּ/שֵׂיבָ֣ה	b/7872	HR/Ncfsa
Judg 8:32	טוֹבָ֑ה	2896 a	HAafsa
Judg 8:32	וַ/יִּקָּבֵ֗ר	c/6912	HC/VNw3ms
Judg 8:32	בְּ/קֶ֨בֶר֙	b/6913	HR/Ncmsc
Judg 8:32	יוֹאָ֣שׁ	3101	HNp
Judg 8:32	אָבִ֔י/ו	1	HNcmsc/Sp3ms
Judg 8:32	בְּ/עָפְרָ֖ה	b/6084	HR/Np
Judg 8:32	אֲבִ֥י	33+	HNp
Judg 8:32	הָֽעֶזְרִֽי	33	HNp
Judg 8:33	וַ/יְהִ֗י	c/1961	HC/Vqw3ms
Judg 8:33	כַּֽ/אֲשֶׁר֙	k/834 d	HR/Tr
Judg 8:33	מֵ֣ת	4191	HVqp3ms
Judg 8:33	גִּדְע֔וֹן	1439	HNp
Judg 8:33	וַ/יָּשׁ֨וּבוּ֙	c/7725	HC/Vqw3mp
Judg 8:33	בְּנֵ֣י	1121 a	HNcmpc
Judg 8:33	יִשְׂרָאֵ֔ל	3478	HNp
Judg 8:33	וַ/יִּזְנ֖וּ	c/2181	HC/Vqw3mp
Judg 8:33	אַחֲרֵ֣י	310 a	HR
Judg 8:33	הַ/בְּעָלִ֑ים	d/1168 a	HTd/Np
Judg 8:33	וַ/יָּשִׂ֧ימוּ	c/7760 a	HC/Vqw3mp
Judg 8:33	לָ/הֶ֛ם	l	HR/Sp3mp
Judg 8:33	בַּ֥עַל	1170+	HNp
Judg 8:33	בְּרִ֖ית	1170	HNp
Judg 8:33	לֵ/אלֹהִֽים	l/430	HR/Ncmpa
Judg 8:34	וְ/לֹ֤א	c/3808	HC/Tn
Judg 8:34	זָֽכְרוּ֙	2142	HVqp3cp
Judg 8:34	בְּנֵ֣י	1121 a	HNcmpc
Judg 8:34	יִשְׂרָאֵ֔ל	3478	HNp
Judg 8:34	אֶת	853	HTo
Judg 8:34	יְהוָ֖ה	3068	HNp
Judg 8:34	אֱלֹהֵי/הֶ֑ם	430	HNcmpc/Sp3mp
Judg 8:34	הַ/מַּצִּ֥יל	d/5337	HTd/Vhrmsa
Judg 8:34	אוֹתָ֛/ם	853	HTo/Sp3mp
Judg 8:34	מִ/יַּ֥ד	m/3027	HR/Ncbsc
Judg 8:34	כָּל	3605	HNcmsc
Judg 8:34	אֹיְבֵי/הֶ֖ם	341	HVqrmpc/Sp3mp
Judg 8:34	מִ/סָּבִֽיב	m/5439	HR/Ncbsa
Judg 8:35	וְ/לֹֽא	c/3808	HC/Tn
Judg 8:35	עָשׂ֣וּ	6213 a	HVqp3cp
Judg 8:35	חֶ֔סֶד	2617 a	HNcmsa
Judg 8:35	עִם	5973 a	HR
Judg 8:35	בֵּ֥ית	1004 b	HNcmsc
Judg 8:35	יְרֻבַּ֖עַל	3378	HNp
Judg 8:35	גִּדְע֑וֹן	1439	HNp
Judg 8:35	כְּ/כָל	k/3605	HR/Ncmsc
Judg 8:35	הַ/טּוֹבָ֔ה	d/2896 c	HTd/Aafsa
Judg 8:35	אֲשֶׁ֥ר	834 a	HTr
Judg 8:35	עָשָׂ֖ה	6213 a	HVqp3ms
Judg 8:35	עִם	5973 a	HR
Judg 8:35	יִשְׂרָאֵֽל	3478	HNp
Judg 9:1	וַ/יֵּ֨לֶךְ	c/3212	HC/Vqw3ms
Judg 9:1	אֲבִימֶ֤לֶךְ	40	HNp
Judg 9:1	בֶּן	1121 a	HNcmsc
Judg 9:1	יְרֻבַּ֨עַל֙	3378	HNp
Judg 9:1	שְׁכֶ֔מָ/ה	7927	HNp/Sd
Judg 9:1	אֶל	413	HR
Judg 9:1	אֲחֵ֖י	251	HNcmpc
Judg 9:1	אִמּ֑/וֹ	517	HNcfsc/Sp3ms
Judg 9:1	וַ/יְדַבֵּ֣ר	c/1696	HC/Vpw3ms
Judg 9:1	אֲלֵי/הֶ֔ם	413	HR/Sp3mp
Judg 9:1	וְ/אֶל	c/413	HC/R
Judg 9:1	כָּל	3605	HNcmsc
Judg 9:1	מִשְׁפַּ֛חַת	4940	HNcfsc
Judg 9:1	בֵּית	1004 b	HNcmsc
Judg 9:1	אֲבִ֥י	1	HNcmsc
Judg 9:1	אִמּ֖/וֹ	517	HNcfsc/Sp3ms
Judg 9:1	לֵ/אמֹֽר	l/559	HR/Vqc
Judg 9:2	דַּבְּרוּ	1696	HVpv2mp
Judg 9:2	נָ֞א	4994	HTe
Judg 9:2	בְּ/אָזְנֵ֨י	b/241	HR/Ncfdc
Judg 9:2	כָל	3605	HNcmsc
Judg 9:2	בַּעֲלֵ֣י	1167	HNcmpc
Judg 9:2	שְׁכֶם֮	7927	HNp
Judg 9:2	מַה	4100	HTi
Judg 9:2	טּ֣וֹב	2896 a	HAamsa
Judg 9:2	לָ/כֶם֒	l	HR/Sp2mp
Judg 9:2	הַ/מְשֹׁ֨ל	d/4910	HTi/Vqc
Judg 9:2	בָּ/כֶ֜ם	b	HR/Sp2mp
Judg 9:2	שִׁבְעִ֣ים	7657	HAcbpa
Judg 9:2	אִ֗ישׁ	376	HNcmsa
Judg 9:2	כֹּ֚ל	3605	HNcmsc
Judg 9:2	בְּנֵ֣י	1121 a	HNcmpc
Judg 9:2	יְרֻבַּ֔עַל	3378	HNp
Judg 9:2	אִם	518 a	HC
Judg 9:2	מְשֹׁ֥ל	4910	HVqc
Judg 9:2	בָּ/כֶ֖ם	b	HR/Sp2mp
Judg 9:2	אִ֣ישׁ	376	HNcmsa
Judg 9:2	אֶחָ֑ד	259	HAcmsa
Judg 9:2	וּ/זְכַרְתֶּ֕ם	c/2142	HC/Vqp2mp
Judg 9:2	כִּֽי	3588 a	HC
Judg 9:2	עַצְמֵ/כֶם	6106	HNcfsc/Sp2mp
Judg 9:2	וּ/בְשַׂרְ/כֶ֖ם	c/1320	HC/Ncmsc/Sp2mp
Judg 9:2	אָנִֽי	589	HPp1cs
Judg 9:3	וַ/יְדַבְּר֨וּ	c/1696	HC/Vpw3mp
Judg 9:3	אֲחֵֽי	251	HNcmpc
Judg 9:3	אִמּ֜/וֹ	517	HNcfsc/Sp3ms
Judg 9:3	עָלָ֗י/ו	5921 a	HR/Sp3ms
Judg 9:3	בְּ/אָזְנֵי֙	b/241	HR/Ncfdc
Judg 9:3	כָּל	3605	HNcmsc
Judg 9:3	בַּעֲלֵ֣י	1167	HNcmpc
Judg 9:3	שְׁכֶ֔ם	7927	HNp
Judg 9:3	אֵ֥ת	853	HTo
Judg 9:3	כָּל	3605	HNcmsc
Judg 9:3	הַ/דְּבָרִ֖ים	d/1697	HTd/Ncmpa
Judg 9:3	הָ/אֵ֑לֶּה	d/428	HTd/Pdxcp
Judg 9:3	וַ/יֵּ֤ט	c/5186	HC/Vqw3ms
Judg 9:3	לִבָּ/ם֙	3820 a	HNcmsc/Sp3mp
Judg 9:3	אַחֲרֵ֣י	310 a	HR
Judg 9:3	אֲבִימֶ֔לֶךְ	40	HNp
Judg 9:3	כִּ֥י	3588 a	HC
Judg 9:3	אָמְר֖וּ	559	HVqp3cp
Judg 9:3	אָחִ֥י/נוּ	251	HNcmsc/Sp1cp
Judg 9:3	הֽוּא	1931	HPp3ms
Judg 9:4	וַ/יִּתְּנוּ	c/5414	HC/Vqw3mp
Judg 9:4	ל/וֹ֙	l	HR/Sp3ms
Judg 9:4	שִׁבְעִ֣ים	7657	HAcbpa
Judg 9:4	כֶּ֔סֶף	3701	HNcmsa
Judg 9:4	מִ/בֵּ֖יתּ	m/1004 b	HR/Ncmsc
Judg 9:4	בַ֣עַל	1170+	HNp
Judg 9:4	בְּרִ֑ית	1170	HNp
Judg 9:4	וַ/יִּשְׂכֹּ֨ר	c/7936 b	HC/Vqw3ms
Judg 9:4	בָּ/הֶ֜ם	b	HR/Sp3mp
Judg 9:4	אֲבִימֶ֗לֶךְ	40	HNp
Judg 9:4	אֲנָשִׁ֤ים	376	HNcmpa
Judg 9:4	רֵיקִים֙	7386	HAampa
Judg 9:4	וּ/פֹ֣חֲזִ֔ים	c/6348	HC/Vqrmpa
Judg 9:4	וַ/יֵּלְכ֖וּ	c/3212	HC/Vqw3mp
Judg 9:4	אַחֲרָֽי/ו	310 a	HR/Sp3ms
Judg 9:5	וַ/יָּבֹ֤א	c/935	HC/Vqw3ms
Judg 9:5	בֵית	1004 b	HNcmsc
Judg 9:5	אָבִי/ו֙	1	HNcmsc/Sp3ms
Judg 9:5	עָפְרָ֔תָ/ה	6084	HNp/Sd
Judg 9:5	וַֽ/יַּהֲרֹ֞ג	c/2026	HC/Vqw3ms
Judg 9:5	אֶת	853	HTo
Judg 9:5	אֶחָ֧י/ו	251	HNcmpc/Sp3ms
Judg 9:5	בְּנֵֽי	1121 a	HNcmpc
Judg 9:5	יְרֻבַּ֛עַל	3378	HNp
Judg 9:5	שִׁבְּעִ֥ים	7657	HAcbpa
Judg 9:5	אִ֖ישׁ	376	HNcmsa
Judg 9:5	עַל	5921 a	HR
Judg 9:5	אֶ֣בֶן	68	HNcfsa
Judg 9:5	אֶחָ֑ת	259	HAcfsa
Judg 9:5	וַ/יִּוָּתֵ֞ר	c/3498	HC/VNw3ms
Judg 9:5	יוֹתָ֧ם	3147	HNp
Judg 9:5	בֶּן	1121 a	HNcmsc
Judg 9:5	יְרֻבַּ֛עַל	3378	HNp
Judg 9:5	הַ/קָּטֹ֖ן	d/6996 b	HTd/Aamsa
Judg 9:5	כִּ֥י	3588 a	HC
Judg 9:5	נֶחְבָּֽא	2244	HVNp3ms
Judg 9:6	וַ/יֵּאָ֨סְפ֜וּ	c/622	HC/VNw3mp
Judg 9:6	כָּל	3605	HNcmsc
Judg 9:6	בַּעֲלֵ֤י	1167	HNcmpc
Judg 9:6	שְׁכֶם֙	7927	HNp
Judg 9:6	וְ/כָל	c/3605	HC/Ncmsc
Judg 9:6	בֵּ֣ית	1004 b	HNcmsc
Judg 9:6	מִלּ֔וֹא	4407	HNp
Judg 9:6	וַ/יֵּ֣לְכ֔וּ	c/3212	HC/Vqw3mp
Judg 9:6	וַ/יַּמְלִ֥יכוּ	c/4427 a	HC/Vhw3mp
Judg 9:6	אֶת	853	HTo
Judg 9:6	אֲבִימֶ֖לֶךְ	40	HNp
Judg 9:6	לְ/מֶ֑לֶךְ	l/4428	HR/Ncmsa
Judg 9:6	עִם	5973 a	HR
Judg 9:6	אֵל֥וֹן	436	HNcmsc
Judg 9:6	מֻצָּ֖ב	5324	HVHsmsa
Judg 9:6	אֲשֶׁ֥ר	834 a	HTr
Judg 9:6	בִּ/שְׁכֶֽם	b/7927	HR/Np
Judg 9:7	וַ/יַּגִּ֣דוּ	c/5046	HC/Vhw3mp
Judg 9:7	לְ/יוֹתָ֗ם	l/3147	HR/Np
Judg 9:7	וַ/יֵּ֨לֶךְ֙	c/3212	HC/Vqw3ms
Judg 9:7	וַֽ/יַּעֲמֹד֙	c/5975	HC/Vqw3ms
Judg 9:7	בְּ/רֹ֣אשׁ	b/7218 a	HR/Ncmsc
Judg 9:7	הַר	2022	HNcmsc
Judg 9:7	גְּרִזִ֔ים	1630	HNp
Judg 9:7	וַ/יִּשָּׂ֥א	c/5375	HC/Vqw3ms
Judg 9:7	קוֹל֖/וֹ	6963 a	HNcmsc/Sp3ms
Judg 9:7	וַ/יִּקְרָ֑א	c/7121	HC/Vqw3ms
Judg 9:7	וַ/יֹּ֣אמֶר	c/559	HC/Vqw3ms
Judg 9:7	לָ/הֶ֗ם	l	HR/Sp3mp
Judg 9:7	שִׁמְע֤וּ	8085	HVqv2mp
Judg 9:7	אֵלַ/י֙	413	HR/Sp1cs
Judg 9:7	בַּעֲלֵ֣י	1167	HNcmpc
Judg 9:7	שְׁכֶ֔ם	7927	HNp
Judg 9:7	וְ/יִשְׁמַ֥ע	c/8085	HC/Vqi3ms
Judg 9:7	אֲלֵי/כֶ֖ם	413	HR/Sp2mp
Judg 9:7	אֱלֹהִֽים	430	HNcmpa
Judg 9:8	הָל֤וֹךְ	1980	HVqa
Judg 9:8	הָֽלְכוּ֙	1980	HVqp3cp
Judg 9:8	הָ/עֵצִ֔ים	d/6086	HTd/Ncmpa
Judg 9:8	לִ/מְשֹׁ֥חַ	l/4886	HR/Vqc
Judg 9:8	עֲלֵי/הֶ֖ם	5921 a	HR/Sp3mp
Judg 9:8	מֶ֑לֶךְ	4428	HNcmsa
Judg 9:8	וַ/יֹּאמְר֥וּ	c/559	HC/Vqw3mp
Judg 9:8	לַ/זַּ֖יִת	l/2132	HRd/Ncmsa
Judg 9:8	מלוכ/ה	4427 a	HVqv2ms/Sh
Judg 9:8	עָלֵֽי/נוּ	5921 a	HR/Sp1cp
Judg 9:9	וַ/יֹּ֤אמֶר	c/559	HC/Vqw3ms
Judg 9:9	לָ/הֶם֙	l	HR/Sp3mp
Judg 9:9	הַ/זַּ֔יִת	d/2132	HTd/Ncmsa
Judg 9:9	הֶ/חֳדַ֨לְתִּי֙	d/2308	HTi/Vqp1cs
Judg 9:9	אֶת	853	HTo
Judg 9:9	דִּשְׁנִ֔/י	1880	HNcmsc/Sp1cs
Judg 9:9	אֲשֶׁר	834 a	HTr
Judg 9:9	בִּ֛/י	b	HR/Sp1cs
Judg 9:9	יְכַבְּד֥וּ	3513	HVpi3mp
Judg 9:9	אֱלֹהִ֖ים	430	HNcmpa
Judg 9:9	וַ/אֲנָשִׁ֑ים	c/376	HC/Ncmpa
Judg 9:9	וְ/הָ֣לַכְתִּ֔י	c/1980	HC/Vqq1cs
Judg 9:9	לָ/נ֖וּעַ	l/5128	HR/Vqc
Judg 9:9	עַל	5921 a	HR
Judg 9:9	הָ/עֵצִֽים	d/6086	HTd/Ncmpa
Judg 9:10	וַ/יֹּאמְר֥וּ	c/559	HC/Vqw3mp
Judg 9:10	הָ/עֵצִ֖ים	d/6086	HTd/Ncmpa
Judg 9:10	לַ/תְּאֵנָ֑ה	l/8384	HRd/Ncfsa
Judg 9:10	לְכִי	3212	HVqv2fs
Judg 9:10	אַ֖תְּ	859 c	HPp2fs
Judg 9:10	מָלְכִ֥י	4427 a	HVqv2fs
Judg 9:10	עָלֵֽי/נוּ	5921 a	HR/Sp1cp
Judg 9:11	וַ/תֹּ֤אמֶר	c/559	HC/Vqw3fs
Judg 9:11	לָ/הֶם֙	l	HR/Sp3mp
Judg 9:11	הַ/תְּאֵנָ֔ה	d/8384	HTd/Ncfsa
Judg 9:11	הֶ/חֳדַ֨לְתִּי֙	d/2308	HTi/Vqp1cs
Judg 9:11	אֶת	853	HTo
Judg 9:11	מָתְקִ֔/י	4987	HNcmsc/Sp1cs
Judg 9:11	וְ/אֶת	c/853	HC/To
Judg 9:11	תְּנוּבָתִ֖/י	8570	HNcfsc/Sp1cs
Judg 9:11	הַ/טּוֹבָ֑ה	d/2896 a	HTd/Aafsa
Judg 9:11	וְ/הָ֣לַכְתִּ֔י	c/1980	HC/Vqq1cs
Judg 9:11	לָ/נ֖וּעַ	l/5128	HR/Vqc
Judg 9:11	עַל	5921 a	HR
Judg 9:11	הָ/עֵצִֽים	d/6086	HTd/Ncmpa
Judg 9:12	וַ/יֹּאמְר֥וּ	c/559	HC/Vqw3mp
Judg 9:12	הָ/עֵצִ֖ים	d/6086	HTd/Ncmpa
Judg 9:12	לַ/גָּ֑פֶן	l/1612	HRd/Ncbsa
Judg 9:12	לְכִי	3212	HVqv2fs
Judg 9:12	אַ֖תְּ	859 c	HPp2fs
Judg 9:12	מלוכי	4427 a	HVqv2fs
Judg 9:12	עָלֵֽי/נוּ	5921 a	HR/Sp1cp
Judg 9:13	וַ/תֹּ֤אמֶר	c/559	HC/Vqw3fs
Judg 9:13	לָ/הֶם֙	l	HR/Sp3mp
Judg 9:13	הַ/גֶּ֔פֶן	d/1612	HTd/Ncbsa
Judg 9:13	הֶ/חֳדַ֨לְתִּי֙	d/2308	HTi/Vqp1cs
Judg 9:13	אֶת	853	HTo
Judg 9:13	תִּ֣ירוֹשִׁ֔/י	8492	HNcmsc/Sp1cs
Judg 9:13	הַֽ/מְשַׂמֵּ֥חַ	d/8055	HTd/Vprmsa
Judg 9:13	אֱלֹהִ֖ים	430	HNcmpa
Judg 9:13	וַ/אֲנָשִׁ֑ים	c/376	HC/Ncmpa
Judg 9:13	וְ/הָ֣לַכְתִּ֔י	c/1980	HC/Vqq1cs
Judg 9:13	לָ/נ֖וּעַ	l/5128	HR/Vqc
Judg 9:13	עַל	5921 a	HR
Judg 9:13	הָ/עֵצִֽים	d/6086	HTd/Ncmpa
Judg 9:14	וַ/יֹּאמְר֥וּ	c/559	HC/Vqw3mp
Judg 9:14	כָל	3605	HNcmsc
Judg 9:14	הָ/עֵצִ֖ים	d/6086	HTd/Ncmpa
Judg 9:14	אֶל	413	HR
Judg 9:14	הָ/אָטָ֑ד	d/329	HTd/Ncmsa
Judg 9:14	לֵ֥ךְ	3212	HVqv2ms
Judg 9:14	אַתָּ֖ה	859 a	HPp2ms
Judg 9:14	מְלָךְ	4427 a	HVqv2ms
Judg 9:14	עָלֵֽי/נוּ	5921 a	HR/Sp1cp
Judg 9:15	וַ/יֹּ֣אמֶר	c/559	HC/Vqw3ms
Judg 9:15	הָ/אָטָד֮	d/329	HTd/Ncmsa
Judg 9:15	אֶל	413	HR
Judg 9:15	הָ/עֵצִים֒	d/6086	HTd/Ncmpa
Judg 9:15	אִ֡ם	518 a	HC
Judg 9:15	בֶּ/אֱמֶ֣ת	b/571	HR/Ncfsa
Judg 9:15	אַתֶּם֩	859 d	HPp2mp
Judg 9:15	מֹשְׁחִ֨ים	4886	HVqrmpa
Judg 9:15	אֹתִ֤/י	853	HTo/Sp1cs
Judg 9:15	לְ/מֶ֨לֶךְ֙	l/4428	HR/Ncmsa
Judg 9:15	עֲלֵי/כֶ֔ם	5921 a	HR/Sp2mp
Judg 9:15	בֹּ֖אוּ	935	HVqv2mp
Judg 9:15	חֲס֣וּ	2620	HVqv2mp
Judg 9:15	בְ/צִלִּ֑/י	b/6738	HR/Ncmsc/Sp1cs
Judg 9:15	וְ/אִם	c/518 a	HC/C
Judg 9:15	אַ֕יִן	369	HTn
Judg 9:15	תֵּ֤צֵא	3318	HVqi3fs
Judg 9:15	אֵשׁ֙	784	HNcbsa
Judg 9:15	מִן	4480 a	HR
Judg 9:15	הָ֣/אָטָ֔ד	d/329	HTd/Ncmsa
Judg 9:15	וְ/תֹאכַ֖ל	c/398	HC/Vqi3fs
Judg 9:15	אֶת	853	HTo
Judg 9:15	אַרְזֵ֥י	730	HNcmpc
Judg 9:15	הַ/לְּבָנֽוֹן	d/3844	HTd/Np
Judg 9:16	וְ/עַתָּ֗ה	c/6258	HC/D
Judg 9:16	אִם	518 a	HC
Judg 9:16	בֶּ/אֱמֶ֤ת	b/571	HR/Ncfsa
Judg 9:16	וּ/בְ/תָמִים֙	c/b/8549	HC/R/Aamsa
Judg 9:16	עֲשִׂיתֶ֔ם	6213 a	HVqp2mp
Judg 9:16	וַ/תַּמְלִ֖יכוּ	c/4427 a	HC/Vhw2mp
Judg 9:16	אֶת	853	HTo
Judg 9:16	אֲבִימֶ֑לֶךְ	40	HNp
Judg 9:16	וְ/אִם	c/518 a	HC/C
Judg 9:16	טוֹבָ֤ה	2896 a	HAafsa
Judg 9:16	עֲשִׂיתֶם֙	6213 a	HVqp2mp
Judg 9:16	עִם	5973 a	HR
Judg 9:16	יְרֻבַּ֣עַל	3378	HNp
Judg 9:16	וְ/עִם	c/5973 a	HC/R
Judg 9:16	בֵּית֔/וֹ	1004 b	HNcmsc/Sp3ms
Judg 9:16	וְ/אִם	c/518 a	HC/C
Judg 9:16	כִּ/גְמ֥וּל	k/1576	HR/Ncmsc
Judg 9:16	יָדָ֖י/ו	3027	HNcbdc/Sp3ms
Judg 9:16	עֲשִׂ֥יתֶם	6213 a	HVqp2mp
Judg 9:16	לֽ/וֹ	l	HR/Sp3ms
Judg 9:17	אֲשֶׁר	834 a	HTr
Judg 9:17	נִלְחַ֥ם	3898 a	HVNp3ms
Judg 9:17	אָבִ֖/י	1	HNcmsc/Sp1cs
Judg 9:17	עֲלֵי/כֶ֑ם	5921 a	HR/Sp2mp
Judg 9:17	וַ/יַּשְׁלֵ֤ךְ	c/7993	HC/Vhw3ms
Judg 9:17	אֶת	853	HTo
Judg 9:17	נַפְשׁ/וֹ֙	5315	HNcbsc/Sp3ms
Judg 9:17	מִ/נֶּ֔גֶד	m/5048	HR/R
Judg 9:17	וַ/יַּצֵּ֥ל	c/5337	HC/Vhw3ms
Judg 9:17	אֶתְ/כֶ֖ם	853	HTo/Sp2mp
Judg 9:17	מִ/יַּ֥ד	m/3027	HR/Ncbsc
Judg 9:17	מִדְיָֽן	4080	HNp
Judg 9:18	וְ/אַתֶּ֞ם	c/859 d	HC/Pp2mp
Judg 9:18	קַמְתֶּ֨ם	6965 b	HVqp2mp
Judg 9:18	עַל	5921 a	HR
Judg 9:18	בֵּ֤ית	1004 b	HNcmsc
Judg 9:18	אָבִ/י֙	1	HNcmsc/Sp1cs
Judg 9:18	הַ/יּ֔וֹם	d/3117	HTd/Ncmsa
Judg 9:18	וַ/תַּהַרְג֧וּ	c/2026	HC/Vqw2mp
Judg 9:18	אֶת	853	HTo
Judg 9:18	בָּנָ֛י/ו	1121 a	HNcmpc/Sp3ms
Judg 9:18	שִׁבְעִ֥ים	7657	HAcbpa
Judg 9:18	אִ֖ישׁ	376	HNcmsa
Judg 9:18	עַל	5921 a	HR
Judg 9:18	אֶ֣בֶן	68	HNcfsa
Judg 9:18	אֶחָ֑ת	259	HAcfsa
Judg 9:18	וַ/תַּמְלִ֜יכוּ	c/4427 a	HC/Vhw2mp
Judg 9:18	אֶת	853	HTo
Judg 9:18	אֲבִימֶ֤לֶךְ	40	HNp
Judg 9:18	בֶּן	1121 a	HNcmsc
Judg 9:18	אֲמָת/וֹ֙	519	HNcfsc/Sp3ms
Judg 9:18	עַל	5921 a	HR
Judg 9:18	בַּעֲלֵ֣י	1167	HNcmpc
Judg 9:18	שְׁכֶ֔ם	7927	HNp
Judg 9:18	כִּ֥י	3588 a	HC
Judg 9:18	אֲחִי/כֶ֖ם	251	HNcmsc/Sp2mp
Judg 9:18	הֽוּא	1931	HPp3ms
Judg 9:19	וְ/אִם	c/518 a	HC/C
Judg 9:19	בֶּ/אֱמֶ֨ת	b/571	HR/Ncfsa
Judg 9:19	וּ/בְ/תָמִ֧ים	c/b/8549	HC/R/Aamsa
Judg 9:19	עֲשִׂיתֶ֛ם	6213 a	HVqp2mp
Judg 9:19	עִם	5973 a	HR
Judg 9:19	יְרֻבַּ֥עַל	3378	HNp
Judg 9:19	וְ/עִם	c/5973 a	HC/R
Judg 9:19	בֵּית֖/וֹ	1004 b	HNcmsc/Sp3ms
Judg 9:19	הַ/יּ֣וֹם	d/3117	HTd/Ncmsa
Judg 9:19	הַ/זֶּ֑ה	d/2088	HTd/Pdxms
Judg 9:19	שִׂמְחוּ֙	8055	HVqv2mp
Judg 9:19	בַּ/אֲבִימֶ֔לֶךְ	b/40	HR/Np
Judg 9:19	וְ/יִשְׂמַ֥ח	c/8055	HC/Vqi3ms
Judg 9:19	גַּם	1571	HTa
Judg 9:19	ה֖וּא	1931	HPp3ms
Judg 9:19	בָּ/כֶֽם	b	HR/Sp2mp
Judg 9:20	וְ/אִם	c/518 a	HC/C
Judg 9:20	אַ֕יִן	369	HTn
Judg 9:20	תֵּ֤צֵא	3318	HVqi3fs
Judg 9:20	אֵשׁ֙	784	HNcbsa
Judg 9:20	מֵ/אֲבִימֶ֔לֶךְ	m/40	HR/Np
Judg 9:20	וְ/תֹאכַ֛ל	c/398	HC/Vqi3fs
Judg 9:20	אֶת	853	HTo
Judg 9:20	בַּעֲלֵ֥י	1167	HNcmpc
Judg 9:20	שְׁכֶ֖ם	7927	HNp
Judg 9:20	וְ/אֶת	c/853	HC/To
Judg 9:20	בֵּ֣ית	1004 b	HNcmsc
Judg 9:20	מִלּ֑וֹא	4407	HNp
Judg 9:20	וְ/תֵצֵ֨א	c/3318	HC/Vqi3fs
Judg 9:20	אֵ֜שׁ	784	HNcbsa
Judg 9:20	מִ/בַּעֲלֵ֤י	m/1167	HR/Ncmpc
Judg 9:20	שְׁכֶם֙	7927	HNp
Judg 9:20	וּ/מִ/בֵּ֣ית	c/m/1004 b	HC/R/Ncmsc
Judg 9:20	מִלּ֔וֹא	4407	HNp
Judg 9:20	וְ/תֹאכַ֖ל	c/398	HC/Vqi3fs
Judg 9:20	אֶת	853	HTo
Judg 9:20	אֲבִימֶֽלֶךְ	40	HNp
Judg 9:21	וַ/יָּ֣נָס	c/5127	HC/Vqw3ms
Judg 9:21	יוֹתָ֔ם	3147	HNp
Judg 9:21	וַ/יִּבְרַ֖ח	c/1272	HC/Vqw3ms
Judg 9:21	וַ/יֵּ֣לֶךְ	c/3212	HC/Vqw3ms
Judg 9:21	בְּאֵ֑רָ/ה	876	HNp/Sd
Judg 9:21	וַ/יֵּ֣שֶׁב	c/3427	HC/Vqw3ms
Judg 9:21	שָׁ֔ם	8033	HD
Judg 9:21	מִ/פְּנֵ֖י	m/6440	HR/Ncbpc
Judg 9:21	אֲבִימֶ֥לֶךְ	40	HNp
Judg 9:21	אָחִֽי/ו	251	HNcmsc/Sp3ms
Judg 9:22	וַ/יָּ֧שַׂר	c/7786	HC/Vqw3ms
Judg 9:22	אֲבִימֶ֛לֶךְ	40	HNp
Judg 9:22	עַל	5921 a	HR
Judg 9:22	יִשְׂרָאֵ֖ל	3478	HNp
Judg 9:22	שָׁלֹ֥שׁ	7969	HAcfsa
Judg 9:22	שָׁנִֽים	8141	HNcfpa
Judg 9:23	וַ/יִּשְׁלַ֤ח	c/7971	HC/Vqw3ms
Judg 9:23	אֱלֹהִים֙	430	HNcmpa
Judg 9:23	ר֣וּחַ	7307	HNcbsa
Judg 9:23	רָעָ֔ה	7451 a	HAafsa
Judg 9:23	בֵּ֣ין	996	HR
Judg 9:23	אֲבִימֶ֔לֶךְ	40	HNp
Judg 9:23	וּ/בֵ֖ין	c/996	HC/R
Judg 9:23	בַּעֲלֵ֣י	1167	HNcmpc
Judg 9:23	שְׁכֶ֑ם	7927	HNp
Judg 9:23	וַ/יִּבְגְּד֥וּ	c/898	HC/Vqw3mp
Judg 9:23	בַעֲלֵי	1167	HNcmpc
Judg 9:23	שְׁכֶ֖ם	7927	HNp
Judg 9:23	בַּ/אֲבִימֶֽלֶךְ	b/40	HR/Np
Judg 9:24	לָ/ב֕וֹא	l/935	HR/Vqc
Judg 9:24	חֲמַ֖ס	2555	HNcmsc
Judg 9:24	שִׁבְעִ֣ים	7657	HAcbpa
Judg 9:24	בְּנֵֽי	1121 a	HNcmpc
Judg 9:24	יְרֻבָּ֑עַל	3378	HNp
Judg 9:24	וְ/דָמָ֗/ם	c/1818	HC/Ncmsc/Sp3mp
Judg 9:24	לָ/שׂ֞וּם	l/7760 a	HR/Vqc
Judg 9:24	עַל	5921 a	HR
Judg 9:24	אֲבִימֶ֤לֶךְ	40	HNp
Judg 9:24	אֲחִי/הֶם֙	251	HNcmsc/Sp3mp
Judg 9:24	אֲשֶׁ֣ר	834 a	HTr
Judg 9:24	הָרַ֣ג	2026	HVqp3ms
Judg 9:24	אוֹתָ֔/ם	853	HTo/Sp3mp
Judg 9:24	וְ/עַל֙	c/5921 a	HC/R
Judg 9:24	בַּעֲלֵ֣י	1167	HNcmpc
Judg 9:24	שְׁכֶ֔ם	7927	HNp
Judg 9:24	אֲשֶׁר	834 a	HTr
Judg 9:24	חִזְּק֥וּ	2388	HVpp3cp
Judg 9:24	אֶת	853	HTo
Judg 9:24	יָדָ֖י/ו	3027	HNcbdc/Sp3ms
Judg 9:24	לַ/הֲרֹ֥ג	l/2026	HR/Vqc
Judg 9:24	אֶת	853	HTo
Judg 9:24	אֶחָֽי/ו	251	HNcmpc/Sp3ms
Judg 9:25	וַ/יָּשִׂ֣ימוּ	c/7760 a	HC/Vqw3mp
Judg 9:25	ל/וֹ֩	l	HR/Sp3ms
Judg 9:25	בַעֲלֵ֨י	1167	HNcmpc
Judg 9:25	שְׁכֶ֜ם	7927	HNp
Judg 9:25	מְאָרְבִ֗ים	693	HVprmpa
Judg 9:25	עַ֚ל	5921 a	HR
Judg 9:25	רָאשֵׁ֣י	7218 a	HNcmpc
Judg 9:25	הֶ/הָרִ֔ים	d/2022	HTd/Ncmpa
Judg 9:25	וַ/יִּגְזְל֗וּ	c/1497	HC/Vqw3mp
Judg 9:25	אֵ֛ת	853	HTo
Judg 9:25	כָּל	3605	HNcmsc
Judg 9:25	אֲשֶׁר	834 a	HTr
Judg 9:25	יַעֲבֹ֥ר	5674 a	HVqi3ms
Judg 9:25	עֲלֵי/הֶ֖ם	5921 a	HR/Sp3mp
Judg 9:25	בַּ/דָּ֑רֶךְ	b/1870	HRd/Ncbsa
Judg 9:25	וַ/יֻּגַּ֖ד	c/5046	HC/VHw3ms
Judg 9:25	לַ/אֲבִימֶֽלֶךְ	l/40	HR/Np
Judg 9:26	וַ/יָּבֹ֞א	c/935	HC/Vqw3ms
Judg 9:26	גַּ֤עַל	1603	HNp
Judg 9:26	בֶּן	1121 a	HNcmsc
Judg 9:26	עֶ֨בֶד֙	5651	HNp
Judg 9:26	וְ/אֶחָ֔י/ו	c/251	HC/Ncmpc/Sp3ms
Judg 9:26	וַ/יַּעַבְר֖וּ	c/5674 a	HC/Vqw3mp
Judg 9:26	בִּ/שְׁכֶ֑ם	b/7927	HR/Np
Judg 9:26	וַ/יִּבְטְחוּ	c/982	HC/Vqw3mp
Judg 9:26	ב֖/וֹ	b	HR/Sp3ms
Judg 9:26	בַּעֲלֵ֥י	1167	HNcmpc
Judg 9:26	שְׁכֶֽם	7927	HNp
Judg 9:27	וַ/יֵּצְא֨וּ	c/3318	HC/Vqw3mp
Judg 9:27	הַ/שָּׂדֶ֜ה	d/7704 b	HTd/Ncmsa
Judg 9:27	וַֽ/יִּבְצְר֤וּ	c/1219	HC/Vqw3mp
Judg 9:27	אֶת	853	HTo
Judg 9:27	כַּרְמֵי/הֶם֙	3754	HNcbpc/Sp3mp
Judg 9:27	וַֽ/יִּדְרְכ֔וּ	c/1869	HC/Vqw3mp
Judg 9:27	וַֽ/יַּעֲשׂ֖וּ	c/6213 a	HC/Vqw3mp
Judg 9:27	הִלּוּלִ֑ים	1974	HNcmpa
Judg 9:27	וַ/יָּבֹ֨אוּ֙	c/935	HC/Vqw3mp
Judg 9:27	בֵּ֣ית	1004 b	HNcmsc
Judg 9:27	אֱֽלֹֽהֵי/הֶ֔ם	430	HNcmpc/Sp3mp
Judg 9:27	וַ/יֹּֽאכְלוּ֙	c/398	HC/Vqw3mp
Judg 9:27	וַ/יִּשְׁתּ֔וּ	c/8354	HC/Vqw3mp
Judg 9:27	וַֽ/יְקַלְל֖וּ	c/7043	HC/Vpw3mp
Judg 9:27	אֶת	853	HTo
Judg 9:27	אֲבִימֶֽלֶךְ	40	HNp
Judg 9:28	וַ/יֹּ֣אמֶר	c/559	HC/Vqw3ms
Judg 9:28	גַּ֣עַל	1603	HNp
Judg 9:28	בֶּן	1121 a	HNcmsc
Judg 9:28	עֶ֗בֶד	5651	HNp
Judg 9:28	מִֽי	4310	HTi
Judg 9:28	אֲבִימֶ֤לֶךְ	40	HNp
Judg 9:28	וּ/מִֽי	c/4310	HC/Ti
Judg 9:28	שְׁכֶם֙	7927	HNp
Judg 9:28	כִּ֣י	3588 a	HC
Judg 9:28	נַעַבְדֶ֔/נּוּ	5647	HVqi1cp/Sp1cp
Judg 9:28	הֲ/לֹ֥א	i/3808	HTi/Tn
Judg 9:28	בֶן	1121 a	HNcmsc
Judg 9:28	יְרֻבַּ֖עַל	3378	HNp
Judg 9:28	וּ/זְבֻ֣ל	c/2083	HC/Np
Judg 9:28	פְּקִיד֑/וֹ	6496	HNcmsc/Sp3ms
Judg 9:28	עִבְד֗וּ	5647	HVqv2mp
Judg 9:28	אֶת	853	HTo
Judg 9:28	אַנְשֵׁ֤י	376	HNcmpc
Judg 9:28	חֲמוֹר֙	2544	HNp
Judg 9:28	אֲבִ֣י	1	HNcmsc
Judg 9:28	שְׁכֶ֔ם	7927	HNp
Judg 9:28	וּ/מַדּ֖וּעַ	c/4069	HC/Ti
Judg 9:28	נַעַבְדֶ֥/נּוּ	5647	HVqi1cp/Sp1cp
Judg 9:28	אֲנָֽחְנוּ	587	HPp1cp
Judg 9:29	וּ/מִ֨י	c/4310	HC/Ti
Judg 9:29	יִתֵּ֜ן	5414	HVqi3ms
Judg 9:29	אֶת	853	HTo
Judg 9:29	הָ/עָ֤ם	d/5971 a	HTd/Ncmsa
Judg 9:29	הַ/זֶּה֙	d/2088	HTd/Pdxms
Judg 9:29	בְּ/יָדִ֔/י	b/3027	HR/Ncbsc/Sp1cs
Judg 9:29	וְ/אָסִ֖ירָה	c/5493	HC/Vhi1cs
Judg 9:29	אֶת	853	HTo
Judg 9:29	אֲבִימֶ֑לֶךְ	40	HNp
Judg 9:29	וַ/יֹּ֨אמֶר֙	c/559	HC/Vqw3ms
Judg 9:29	לַ/אֲבִימֶ֔לֶךְ	l/40	HR/Np
Judg 9:29	רַבֶּ֥ה	7235 a	HVpv2ms
Judg 9:29	צְבָאֲ/ךָ֖	6635 a	HNcbsc/Sp2ms
Judg 9:29	וָ/צֵֽאָ/ה	c/3318	HC/Vqv2ms/Sh
Judg 9:30	וַ/יִּשְׁמַ֗ע	c/8085	HC/Vqw3ms
Judg 9:30	זְבֻל֙	2083	HNp
Judg 9:30	שַׂר	8269	HNcmsc
Judg 9:30	הָ/עִ֔יר	d/5892 b	HTd/Ncfsa
Judg 9:30	אֶת	853	HTo
Judg 9:30	דִּבְרֵ֖י	1697	HNcmpc
Judg 9:30	גַּ֣עַל	1603	HNp
Judg 9:30	בֶּן	1121 a	HNcmsc
Judg 9:30	עָ֑בֶד	5651	HNp
Judg 9:30	וַ/יִּ֖חַר	c/2734	HC/Vqw3ms
Judg 9:30	אַפּֽ/וֹ	639	HNcmsc/Sp3ms
Judg 9:31	וַ/יִּשְׁלַ֧ח	c/7971	HC/Vqw3ms
Judg 9:31	מַלְאָכִ֛ים	4397	HNcmpa
Judg 9:31	אֶל	413	HR
Judg 9:31	אֲבִימֶ֖לֶךְ	40	HNp
Judg 9:31	בְּ/תָרְמָ֣ה	b/8649 a	HR/Np
Judg 9:31	לֵ/אמֹ֑ר	l/559	HR/Vqc
Judg 9:31	הִנֵּה֩	2009	HTm
Judg 9:31	גַ֨עַל	1603	HNp
Judg 9:31	בֶּן	1121 a	HNcmsc
Judg 9:31	עֶ֤בֶד	5651	HNp
Judg 9:31	וְ/אֶחָי/ו֙	c/251	HC/Ncmpc/Sp3ms
Judg 9:31	בָּאִ֣ים	935	HVqrmpa
Judg 9:31	שְׁכֶ֔מָ/ה	7927	HNp/Sd
Judg 9:31	וְ/הִנָּ֛/ם	c/2009	HC/Tm/Sp3mp
Judg 9:31	צָרִ֥ים	6696 a	HVqrmpa
Judg 9:31	אֶת	853	HTo
Judg 9:31	הָ/עִ֖יר	d/5892 b	HTd/Ncfsa
Judg 9:31	עָלֶֽי/ךָ	5921 a	HR/Sp2ms
Judg 9:32	וְ/עַתָּה֙	c/6258	HC/D
Judg 9:32	ק֣וּם	6965 b	HVqv2ms
Judg 9:32	לַ֔יְלָה	3915	HNcmsa
Judg 9:32	אַתָּ֖ה	859 a	HPp2ms
Judg 9:32	וְ/הָ/עָ֣ם	c/d/5971 a	HC/Td/Ncmsa
Judg 9:32	אֲשֶׁר	834 a	HTr
Judg 9:32	אִתָּ֑/ךְ	854	HR/Sp2fs
Judg 9:32	וֶ/אֱרֹ֖ב	c/693	HC/Vqv2ms
Judg 9:32	בַּ/שָּׂדֶֽה	b/7704 b	HRd/Ncmsa
Judg 9:33	וְ/הָיָ֤ה	c/1961	HC/Vqp3ms
Judg 9:33	בַ/בֹּ֨קֶר֙	b/1242	HRd/Ncmsa
Judg 9:33	כִּ/זְרֹ֣חַ	k/2224	HR/Vqc
Judg 9:33	הַ/שֶּׁ֔מֶשׁ	d/8121	HTd/Ncbsa
Judg 9:33	תַּשְׁכִּ֖ים	7925	HVhi2ms
Judg 9:33	וּ/פָשַׁטְתָּ֣	c/6584	HC/Vqp2ms
Judg 9:33	עַל	5921 a	HR
Judg 9:33	הָ/עִ֑יר	d/5892 b	HTd/Ncfsa
Judg 9:33	וְ/הִנֵּה	c/2009	HC/Tm
Judg 9:33	ה֞וּא	1931	HPp3ms
Judg 9:33	וְ/הָ/עָ֤ם	c/d/5971 a	HC/Td/Ncmsa
Judg 9:33	אֲשֶׁר	834 a	HTr
Judg 9:33	אִתּ/וֹ֙	854	HR/Sp3ms
Judg 9:33	יֹצְאִ֣ים	3318	HVqrmpa
Judg 9:33	אֵלֶ֔י/ךָ	413	HR/Sp2ms
Judg 9:33	וְ/עָשִׂ֣יתָ	c/6213 a	HC/Vqq2ms
Judg 9:33	לּ֔/וֹ	l	HR/Sp3ms
Judg 9:33	כַּ/אֲשֶׁ֖ר	k/834 d	HR/Tr
Judg 9:33	תִּמְצָ֥א	4672	HVqi3fs
Judg 9:33	יָדֶֽ/ךָ	3027	HNcbsc/Sp2ms
Judg 9:34	וַ/יָּ֧קָם	c/6965 b	HC/Vqw3ms
Judg 9:34	אֲבִימֶ֛לֶךְ	40	HNp
Judg 9:34	וְ/כָל	c/3605	HC/Ncmsc
Judg 9:34	הָ/עָ֥ם	d/5971 a	HTd/Ncmsa
Judg 9:34	אֲשֶׁר	834 a	HTr
Judg 9:34	עִמּ֖/וֹ	5973 a	HR/Sp3ms
Judg 9:34	לָ֑יְלָה	3915	HNcmsa
Judg 9:34	וַ/יֶּאֶרְב֣וּ	c/693	HC/Vqw3mp
Judg 9:34	עַל	5921 a	HR
Judg 9:34	שְׁכֶ֔ם	7927	HNp
Judg 9:34	אַרְבָּעָ֖ה	702	HAcmsa
Judg 9:34	רָאשִֽׁים	7218 a	HNcmpa
Judg 9:35	וַ/יֵּצֵא֙	c/3318	HC/Vqw3ms
Judg 9:35	גַּ֣עַל	1603	HNp
Judg 9:35	בֶּן	1121 a	HNcmsc
Judg 9:35	עֶ֔בֶד	5651	HNp
Judg 9:35	וַ/יַּעֲמֹ֕ד	c/5975	HC/Vqw3ms
Judg 9:35	פֶּ֖תַח	6607	HNcmsc
Judg 9:35	שַׁ֣עַר	8179	HNcmsc
Judg 9:35	הָ/עִ֑יר	d/5892 b	HTd/Ncfsa
Judg 9:35	וַ/יָּ֧קָם	c/6965 b	HC/Vqw3ms
Judg 9:35	אֲבִימֶ֛לֶךְ	40	HNp
Judg 9:35	וְ/הָ/עָ֥ם	c/d/5971 a	HC/Td/Ncmsa
Judg 9:35	אֲשֶׁר	834 a	HTr
Judg 9:35	אִתּ֖/וֹ	854	HR/Sp3ms
Judg 9:35	מִן	4480 a	HR
Judg 9:35	הַ/מַּאְרָֽב	d/3993	HTd/Ncmsa
Judg 9:36	וַ/יַּרְא	c/7200	HC/Vqw3ms
Judg 9:36	גַּעַל֮	1603	HNp
Judg 9:36	אֶת	853	HTo
Judg 9:36	הָ/עָם֒	d/5971 a	HTd/Ncmsa
Judg 9:36	וַ/יֹּ֣אמֶר	c/559	HC/Vqw3ms
Judg 9:36	אֶל	413	HR
Judg 9:36	זְבֻ֔ל	2083	HNp
Judg 9:36	הִנֵּה	2009	HTm
Judg 9:36	עָ֣ם	5971 a	HNcmsa
Judg 9:36	יוֹרֵ֔ד	3381	HVqrmsa
Judg 9:36	מֵ/רָאשֵׁ֖י	m/7218 a	HR/Ncmpc
Judg 9:36	הֶ/הָרִ֑ים	d/2022	HTd/Ncmpa
Judg 9:36	וַ/יֹּ֤אמֶר	c/559	HC/Vqw3ms
Judg 9:36	אֵלָי/ו֙	413	HR/Sp3ms
Judg 9:36	זְבֻ֔ל	2083	HNp
Judg 9:36	אֵ֣ת	853	HTo
Judg 9:36	צֵ֧ל	6738	HNcmsc
Judg 9:36	הֶ/הָרִ֛ים	d/2022	HTd/Ncmpa
Judg 9:36	אַתָּ֥ה	859 a	HPp2ms
Judg 9:36	רֹאֶ֖ה	7200	HVqrmsa
Judg 9:36	כָּ/אֲנָשִֽׁים	k/376	HRd/Ncmpa
Judg 9:37	וַ/יֹּ֨סֶף	c/3254	HC/Vhw3ms
Judg 9:37	ע֣וֹד	5750	HD
Judg 9:37	גַּעַל֮	1603	HNp
Judg 9:37	לְ/דַבֵּר֒	l/1696	HR/Vpc
Judg 9:37	וַ/יֹּ֕אמֶר	c/559	HC/Vqw3ms
Judg 9:37	הִנֵּה	2009	HTm
Judg 9:37	עָם֙	5971 a	HNcmsa
Judg 9:37	יֽוֹרְדִ֔ים	3381	HVqrmpa
Judg 9:37	מֵ/עִ֖ם	m/5973 b	HR/R
Judg 9:37	טַבּ֣וּר	2872	HNcmsc
Judg 9:37	הָ/אָ֑רֶץ	d/776	HTd/Ncbsa
Judg 9:37	וְ/רֹאשׁ	c/7218 a	HC/Ncmsa
Judg 9:37	אֶחָ֣ד	259	HAcmsa
Judg 9:37	בָּ֔א	935	HVqrmsa
Judg 9:37	מִ/דֶּ֖רֶךְ	m/1870	HR/Ncbsc
Judg 9:37	אֵל֥וֹן	436	HNcmsc
Judg 9:37	מְעוֹנְנִֽים	6049 b	HVmrmpa
Judg 9:38	וַ/יֹּ֨אמֶר	c/559	HC/Vqw3ms
Judg 9:38	אֵלָ֜י/ו	413	HR/Sp3ms
Judg 9:38	זְבֻ֗ל	2083	HNp
Judg 9:38	אַיֵּ֨ה	346	HTi
Judg 9:38	אֵפ֥וֹא	645	HD
Judg 9:38	פִ֨י/ךָ֙	6310	HNcmsc/Sp2ms
Judg 9:38	אֲשֶׁ֣ר	834 a	HTr
Judg 9:38	תֹּאמַ֔ר	559	HVqi2ms
Judg 9:38	מִ֥י	4310	HTi
Judg 9:38	אֲבִימֶ֖לֶךְ	40	HNp
Judg 9:38	כִּ֣י	3588 a	HC
Judg 9:38	נַעַבְדֶ֑/נּוּ	5647	HVqi1cp/Sp1cp
Judg 9:38	הֲ/לֹ֨א	i/3808	HTi/Tn
Judg 9:38	זֶ֤ה	2088	HPdxms
Judg 9:38	הָ/עָם֙	d/5971 a	HTd/Ncmsa
Judg 9:38	אֲשֶׁ֣ר	834 a	HTr
Judg 9:38	מָאַ֣סְתָּה	3988 a	HVqp2ms
Judg 9:38	בּ֔/וֹ	b	HR/Sp3ms
Judg 9:38	צֵא	3318	HVqv2ms
Judg 9:38	נָ֥א	4994	HTe
Judg 9:38	עַתָּ֖ה	6258	HD
Judg 9:38	וְ/הִלָּ֥חֶם	c/3898 a	HC/VNv2ms
Judg 9:38	בּֽ/וֹ	b	HR/Sp3ms
Judg 9:39	וַ/יֵּ֣צֵא	c/3318	HC/Vqw3ms
Judg 9:39	גַ֔עַל	1603	HNp
Judg 9:39	לִ/פְנֵ֖י	l/6440	HR/Ncbpc
Judg 9:39	בַּעֲלֵ֣י	1167	HNcmpc
Judg 9:39	שְׁכֶ֑ם	7927	HNp
Judg 9:39	וַ/יִּלָּ֖חֶם	c/3898 a	HC/VNw3ms
Judg 9:39	בַּ/אֲבִימֶֽלֶךְ	b/40	HR/Np
Judg 9:40	וַ/יִּרְדְּפֵ֣/הוּ	c/7291	HC/Vqw3ms/Sp3ms
Judg 9:40	אֲבִימֶ֔לֶךְ	40	HNp
Judg 9:40	וַ/יָּ֖נָס	c/5127	HC/Vqw3ms
Judg 9:40	מִ/פָּנָ֑י/ו	m/6440	HR/Ncbpc/Sp3ms
Judg 9:40	וַֽ/יִּפְּל֛וּ	c/5307	HC/Vqw3mp
Judg 9:40	חֲלָלִ֥ים	2491 a	HAampa
Judg 9:40	רַבִּ֖ים	7227 a	HAampa
Judg 9:40	עַד	5704	HR
Judg 9:40	פֶּ֥תַח	6607	HNcmsc
Judg 9:40	הַ/שָּֽׁעַר	d/8179	HTd/Ncmsa
Judg 9:41	וַ/יֵּ֥שֶׁב	c/3427	HC/Vqw3ms
Judg 9:41	אֲבִימֶ֖לֶךְ	40	HNp
Judg 9:41	בָּ/ארוּמָ֑ה	b/725	HR/Np
Judg 9:41	וַ/יְגָ֧רֶשׁ	c/1644	HC/Vpw3ms
Judg 9:41	זְבֻ֛ל	2083	HNp
Judg 9:41	אֶת	853	HTo
Judg 9:41	גַּ֥עַל	1603	HNp
Judg 9:41	וְ/אֶת	c/853	HC/To
Judg 9:41	אֶחָ֖י/ו	251	HNcmpc/Sp3ms
Judg 9:41	מִ/שֶּׁ֥בֶת	m/3427	HR/Vqc
Judg 9:41	בִּ/שְׁכֶֽם	b/7927	HR/Np
Judg 9:42	וַֽ/יְהִי֙	c/1961	HC/Vqw3ms
Judg 9:42	מִֽ/מָּחֳרָ֔ת	m/4283	HR/Ncfsa
Judg 9:42	וַ/יֵּצֵ֥א	c/3318	HC/Vqw3ms
Judg 9:42	הָ/עָ֖ם	d/5971 a	HTd/Ncmsa
Judg 9:42	הַ/שָּׂדֶ֑ה	d/7704 b	HTd/Ncmsa
Judg 9:42	וַ/יַּגִּ֖דוּ	c/5046	HC/Vhw3mp
Judg 9:42	לַ/אֲבִימֶֽלֶךְ	l/40	HR/Np
Judg 9:43	וַ/יִּקַּ֣ח	c/3947	HC/Vqw3ms
Judg 9:43	אֶת	853	HTo
Judg 9:43	הָ/עָ֗ם	d/5971 a	HTd/Ncmsa
Judg 9:43	וַֽ/יֶּחֱצֵ/ם֙	c/2673	HC/Vqw3ms/Sp3mp
Judg 9:43	לִ/שְׁלֹשָׁ֣ה	l/7969	HR/Acmsa
Judg 9:43	רָאשִׁ֔ים	7218 a	HNcmpa
Judg 9:43	וַ/יֶּאֱרֹ֖ב	c/693	HC/Vqw3ms
Judg 9:43	בַּ/שָּׂדֶ֑ה	b/7704 b	HRd/Ncmsa
Judg 9:43	וַ/יַּ֗רְא	c/7200	HC/Vqw3ms
Judg 9:43	וְ/הִנֵּ֤ה	c/2009	HC/Tm
Judg 9:43	הָ/עָם֙	d/5971 a	HTd/Ncmsa
Judg 9:43	יֹצֵ֣א	3318	HVqrmsa
Judg 9:43	מִן	4480 a	HR
Judg 9:43	הָ/עִ֔יר	d/5892 b	HTd/Ncfsa
Judg 9:43	וַ/יָּ֥קָם	c/6965 b	HC/Vqw3ms
Judg 9:43	עֲלֵי/הֶ֖ם	5921 a	HR/Sp3mp
Judg 9:43	וַ/יַּכֵּֽ/ם	c/5221	HC/Vhw3ms/Sp3mp
Judg 9:44	וַ/אֲבִימֶ֗לֶךְ	c/40	HC/Np
Judg 9:44	וְ/הָ/רָאשִׁים֙	c/d/7218 a	HC/Td/Ncmpa
Judg 9:44	אֲשֶׁ֣ר	834 a	HTr
Judg 9:44	עִמּ֔/וֹ	5973 a	HR/Sp3ms
Judg 9:44	פָּשְׁט֕וּ	6584	HVqp3cp
Judg 9:44	וַ/יַּ֣עַמְד֔וּ	c/5975	HC/Vqw3mp
Judg 9:44	פֶּ֖תַח	6607	HNcmsc
Judg 9:44	שַׁ֣עַר	8179	HNcmsc
Judg 9:44	הָ/עִ֑יר	d/5892 b	HTd/Ncfsa
Judg 9:44	וּ/שְׁנֵ֣י	c/8147	HC/Acmdc
Judg 9:44	הָֽ/רָאשִׁ֗ים	d/7218 a	HTd/Ncmpa
Judg 9:44	פָּֽשְׁט֛וּ	6584	HVqp3cp
Judg 9:44	עַֽל	5921 a	HR
Judg 9:44	כָּל	3605	HNcmsc
Judg 9:44	אֲשֶׁ֥ר	834 a	HTr
Judg 9:44	בַּ/שָּׂדֶ֖ה	b/7704 b	HRd/Ncmsa
Judg 9:44	וַ/יַּכּֽוּ/ם	c/5221	HC/Vhw3mp/Sp3mp
Judg 9:45	וַ/אֲבִימֶ֜לֶךְ	c/40	HC/Np
Judg 9:45	נִלְחָ֣ם	3898 a	HVNrmsa
Judg 9:45	בָּ/עִ֗יר	b/5892 b	HRd/Ncfsa
Judg 9:45	כֹּ֚ל	3605	HNcmsc
Judg 9:45	הַ/יּ֣וֹם	d/3117	HTd/Ncmsa
Judg 9:45	הַ/ה֔וּא	d/1931	HTd/Pp3ms
Judg 9:45	וַ/יִּלְכֹּד֙	c/3920	HC/Vqw3ms
Judg 9:45	אֶת	853	HTo
Judg 9:45	הָ/עִ֔יר	d/5892 b	HTd/Ncfsa
Judg 9:45	וְ/אֶת	c/853	HC/To
Judg 9:45	הָ/עָ֥ם	d/5971 a	HTd/Ncmsa
Judg 9:45	אֲשֶׁר	834 a	HTr
Judg 9:45	בָּ֖/הּ	b	HR/Sp3fs
Judg 9:45	הָרָ֑ג	2026	HVqp3ms
Judg 9:45	וַ/יִּתֹּץ֙	c/5422	HC/Vqw3ms
Judg 9:45	אֶת	853	HTo
Judg 9:45	הָ/עִ֔יר	d/5892 b	HTd/Ncfsa
Judg 9:45	וַ/יִּזְרָעֶ֖/הָ	c/2232	HC/Vqw3ms/Sp3fs
Judg 9:45	מֶֽלַח	4417	HNcmsa
Judg 9:46	וַֽ/יִּשְׁמְע֔וּ	c/8085	HC/Vqw3mp
Judg 9:46	כָּֽל	3605	HNcmsc
Judg 9:46	בַּעֲלֵ֖י	1167	HNcmpc
Judg 9:46	מִֽגְדַּל	4026	HNcbsc
Judg 9:46	שְׁכֶ֑ם	7927	HNp
Judg 9:46	וַ/יָּבֹ֣אוּ	c/935	HC/Vqw3mp
Judg 9:46	אֶל	413	HR
Judg 9:46	צְרִ֔יחַ	6877	HNcmsc
Judg 9:46	בֵּ֖ית	1004 b	HNcmsc
Judg 9:46	אֵ֥ל	410	HNp
Judg 9:46	בְּרִֽית	1286	HNp
Judg 9:47	וַ/יֻּגַּ֖ד	c/5046	HC/VHw3ms
Judg 9:47	לַ/אֲבִימֶ֑לֶךְ	l/40	HR/Np
Judg 9:47	כִּ֣י	3588 a	HC
Judg 9:47	הִֽתְקַבְּצ֔וּ	6908	HVtp3cp
Judg 9:47	כָּֽל	3605	HNcmsc
Judg 9:47	בַּעֲלֵ֖י	1167	HNcmpc
Judg 9:47	מִֽגְדַּל	4026	HNcbsc
Judg 9:47	שְׁכֶֽם	7927	HNp
Judg 9:48	וַ/יַּ֨עַל	c/5927	HC/Vqw3ms
Judg 9:48	אֲבִימֶ֜לֶךְ	40	HNp
Judg 9:48	הַר	2022	HNcmsc
Judg 9:48	צַלְמ֗וֹן	6756 a	HNp
Judg 9:48	הוּא֮	1931	HPp3ms
Judg 9:48	וְ/כָל	c/3605	HC/Ncmsc
Judg 9:48	הָ/עָ֣ם	d/5971 a	HTd/Ncmsa
Judg 9:48	אֲשֶׁר	834 a	HTr
Judg 9:48	אִתּ/וֹ֒	854	HR/Sp3ms
Judg 9:48	וַ/יִּקַּח֩	c/3947	HC/Vqw3ms
Judg 9:48	אֲבִימֶ֨לֶךְ	40	HNp
Judg 9:48	אֶת	853	HTo
Judg 9:48	הַ/קַּרְדֻּמּ֜וֹת	d/7134	HTd/Ncbpa
Judg 9:48	בְּ/יָד֗/וֹ	b/3027	HR/Ncbsc/Sp3ms
Judg 9:48	וַ/יִּכְרֹת֙	c/3772	HC/Vqw3ms
Judg 9:48	שׂוֹכַ֣ת	7754 b	HNcfsc
Judg 9:48	עֵצִ֔ים	6086	HNcmpa
Judg 9:48	וַ/יִּ֨שָּׂאֶ֔/הָ	c/5375	HC/Vqw3ms/Sp3fs
Judg 9:48	וַ/יָּ֖שֶׂם	c/7760 a	HC/Vqw3ms
Judg 9:48	עַל	5921 a	HR
Judg 9:48	שִׁכְמ֑/וֹ	7926	HNcmsc/Sp3ms
Judg 9:48	וַ/יֹּ֜אמֶר	c/559	HC/Vqw3ms
Judg 9:48	אֶל	413	HR
Judg 9:48	הָ/עָ֣ם	d/5971 a	HTd/Ncmsa
Judg 9:48	אֲשֶׁר	834 a	HTr
Judg 9:48	עִמּ֗/וֹ	5973 a	HR/Sp3ms
Judg 9:48	מָ֤ה	4100	HTi
Judg 9:48	רְאִיתֶם֙	7200	HVqp2mp
Judg 9:48	עָשִׂ֔יתִי	6213 a	HVqp1cs
Judg 9:48	מַהֲר֖וּ	4116 a	HVpv2mp
Judg 9:48	עֲשׂ֥וּ	6213 a	HVqv2mp
Judg 9:48	כָמֽוֹ/נִי	3644	HR/Sp1cs
Judg 9:49	וַ/יִּכְרְת֨וּ	c/3772	HC/Vqw3mp
Judg 9:49	גַם	1571	HD
Judg 9:49	כָּל	3605	HNcmsc
Judg 9:49	הָ/עָ֜ם	d/5971 a	HTd/Ncmsa
Judg 9:49	אִ֣ישׁ	376	HNcmsa
Judg 9:49	שׂוֹכֹ֗/ה	7754 a	HNcmsc/Sp3ms
Judg 9:49	וַ/יֵּ֨לְכ֜וּ	c/3212	HC/Vqw3mp
Judg 9:49	אַחֲרֵ֤י	310 a	HR
Judg 9:49	אֲבִימֶ֨לֶךְ֙	40	HNp
Judg 9:49	וַ/יָּשִׂ֣ימוּ	c/7760 a	HC/Vqw3mp
Judg 9:49	עַֽל	5921 a	HR
Judg 9:49	הַ/צְּרִ֔יחַ	d/6877	HTd/Ncmsa
Judg 9:49	וַ/יַּצִּ֧יתוּ	c/3341	HC/Vhw3mp
Judg 9:49	עֲלֵי/הֶ֛ם	5921 a	HR/Sp3mp
Judg 9:49	אֶֽת	853	HTo
Judg 9:49	הַ/צְּרִ֖יחַ	d/6877	HTd/Ncmsa
Judg 9:49	בָּ/אֵ֑שׁ	b/784	HRd/Ncbsa
Judg 9:49	וַ/יָּמֻ֜תוּ	c/4191	HC/Vqw3mp
Judg 9:49	גַּ֣ם	1571	HTa
Judg 9:49	כָּל	3605	HNcmsc
Judg 9:49	אַנְשֵׁ֧י	376	HNcmpc
Judg 9:49	מִֽגְדַּל	4026	HNcbsc
Judg 9:49	שְׁכֶ֛ם	7927	HNp
Judg 9:49	כְּ/אֶ֖לֶף	k/505	HR/Acbsa
Judg 9:49	אִ֥ישׁ	376	HNcmsa
Judg 9:49	וְ/אִשָּֽׁה	c/802	HC/Ncfsa
Judg 9:50	וַ/יֵּ֥לֶךְ	c/3212	HC/Vqw3ms
Judg 9:50	אֲבִימֶ֖לֶךְ	40	HNp
Judg 9:50	אֶל	413	HR
Judg 9:50	תֵּבֵ֑ץ	8405	HNp
Judg 9:50	וַ/יִּ֥חַן	c/2583	HC/Vqw3ms
Judg 9:50	בְּ/תֵבֵ֖ץ	b/8405	HR/Np
Judg 9:50	וַֽ/יִּלְכְּדָֽ/הּ	c/3920	HC/Vqw3ms/Sp3fs
Judg 9:51	וּ/מִגְדַּל	c/4026	HC/Ncbsc
Judg 9:51	עֹז֮	5797	HNcmsa
Judg 9:51	הָיָ֣ה	1961	HVqp3ms
Judg 9:51	בְ/תוֹךְ	b/8432	HR/Ncmsc
Judg 9:51	הָ/עִיר֒	d/5892 b	HTd/Ncfsa
Judg 9:51	וַ/יָּנֻ֨סוּ	c/5127	HC/Vqw3mp
Judg 9:51	שָׁ֜מָּ/ה	8033	HD/Sd
Judg 9:51	כָּל	3605	HNcmsc
Judg 9:51	הָ/אֲנָשִׁ֣ים	d/376	HTd/Ncmpa
Judg 9:51	וְ/הַ/נָּשִׁ֗ים	c/d/802	HC/Td/Ncfpa
Judg 9:51	וְ/כֹל֙	c/3605	HC/Ncmsc
Judg 9:51	בַּעֲלֵ֣י	1167	HNcmpc
Judg 9:51	הָ/עִ֔יר	d/5892 b	HTd/Ncfsa
Judg 9:51	וַֽ/יִּסְגְּר֖וּ	c/5462	HC/Vqw3mp
Judg 9:51	בַּעֲדָ֑/ם	1157	HR/Sp3mp
Judg 9:51	וַֽ/יַּעֲל֖וּ	c/5927	HC/Vqw3mp
Judg 9:51	עַל	5921 a	HR
Judg 9:51	גַּ֥ג	1406	HNcmsc
Judg 9:51	הַ/מִּגְדָּֽל	d/4026	HTd/Ncbsa
Judg 9:52	וַ/יָּבֹ֤א	c/935	HC/Vqw3ms
Judg 9:52	אֲבִימֶ֨לֶךְ֙	40	HNp
Judg 9:52	עַד	5704	HR
Judg 9:52	הַ/מִּגְדָּ֔ל	d/4026	HTd/Ncbsa
Judg 9:52	וַ/יִּלָּ֖חֶם	c/3898 a	HC/VNw3ms
Judg 9:52	בּ֑/וֹ	b	HR/Sp3ms
Judg 9:52	וַ/יִּגַּ֛שׁ	c/5066	HC/Vqw3ms
Judg 9:52	עַד	5704	HR
Judg 9:52	פֶּ֥תַח	6607	HNcmsc
Judg 9:52	הַ/מִּגְדָּ֖ל	d/4026	HTd/Ncbsa
Judg 9:52	לְ/שָׂרְפ֥/וֹ	l/8313	HR/Vqc/Sp3ms
Judg 9:52	בָ/אֵֽשׁ	b/784	HRd/Ncbsa
Judg 9:53	וַ/תַּשְׁלֵ֞ךְ	c/7993	HC/Vhw3fs
Judg 9:53	אִשָּׁ֥ה	802	HNcfsa
Judg 9:53	אַחַ֛ת	259	HAcfsa
Judg 9:53	פֶּ֥לַח	6400	HNcfsc
Judg 9:53	רֶ֖כֶב	7393	HNcmsa
Judg 9:53	עַל	5921 a	HR
Judg 9:53	רֹ֣אשׁ	7218 a	HNcmsc
Judg 9:53	אֲבִימֶ֑לֶךְ	40	HNp
Judg 9:53	וַ/תָּ֖רִץ	c/7533	HC/Vhw3fs
Judg 9:53	אֶת	853	HTo
Judg 9:53	גֻּלְגָּלְתּֽ/וֹ	1538	HNcfsc/Sp3ms
Judg 9:54	וַ/יִּקְרָ֨א	c/7121	HC/Vqw3ms
Judg 9:54	מְהֵרָ֜ה	4120	HNcfsa
Judg 9:54	אֶל	413	HR
Judg 9:54	הַ/נַּ֣עַר	d/5288	HTd/Ncmsa
Judg 9:54	נֹשֵׂ֣א	5375	HVqrmsc
Judg 9:54	כֵלָ֗י/ו	3627	HNcmpc/Sp3ms
Judg 9:54	וַ/יֹּ֤אמֶר	c/559	HC/Vqw3ms
Judg 9:54	ל/וֹ֙	l	HR/Sp3ms
Judg 9:54	שְׁלֹ֤ף	8025	HVqv2ms
Judg 9:54	חַרְבְּ/ךָ֙	2719	HNcfsc/Sp2ms
Judg 9:54	וּ/מ֣וֹתְתֵ֔/נִי	c/4191	HC/Vov2ms/Sp1cs
Judg 9:54	פֶּן	6435	HC
Judg 9:54	יֹ֥אמְרוּ	559	HVqi3mp
Judg 9:54	לִ֖/י	l	HR/Sp1cs
Judg 9:54	אִשָּׁ֣ה	802	HNcfsa
Judg 9:54	הֲרָגָ֑תְ/הוּ	2026	HVqp3fs/Sp3ms
Judg 9:54	וַ/יִּדְקְרֵ֥/הוּ	c/1856	HC/Vqw3ms/Sp3ms
Judg 9:54	נַעֲר֖/וֹ	5288	HNcmsc/Sp3ms
Judg 9:54	וַ/יָּמֹֽת	c/4191	HC/Vqw3ms
Judg 9:55	וַ/יִּרְא֥וּ	c/7200	HC/Vqw3mp
Judg 9:55	אִֽישׁ	376	HNcmsc
Judg 9:55	יִשְׂרָאֵ֖ל	3478	HNp
Judg 9:55	כִּ֣י	3588 a	HC
Judg 9:55	מֵ֣ת	4191	HVqp3ms
Judg 9:55	אֲבִימֶ֑לֶךְ	40	HNp
Judg 9:55	וַ/יֵּלְכ֖וּ	c/3212	HC/Vqw3mp
Judg 9:55	אִ֥ישׁ	376	HNcmsa
Judg 9:55	לִ/מְקֹמֽ/וֹ	l/4725	HR/Ncmsc/Sp3ms
Judg 9:56	וַ/יָּ֣שֶׁב	c/7725	HC/Vhw3ms
Judg 9:56	אֱלֹהִ֔ים	430	HNcmpa
Judg 9:56	אֵ֖ת	853	HTo
Judg 9:56	רָעַ֣ת	7451 c	HNcfsc
Judg 9:56	אֲבִימֶ֑לֶךְ	40	HNp
Judg 9:56	אֲשֶׁ֤ר	834 a	HTr
Judg 9:56	עָשָׂה֙	6213 a	HVqp3ms
Judg 9:56	לְ/אָבִ֔י/ו	l/1	HR/Ncmsc/Sp3ms
Judg 9:56	לַ/הֲרֹ֖ג	l/2026	HR/Vqc
Judg 9:56	אֶת	853	HTo
Judg 9:56	שִׁבְעִ֥ים	7657	HAcbpa
Judg 9:56	אֶחָֽי/ו	251	HNcmpc/Sp3ms
Judg 9:57	וְ/אֵ֗ת	c/853	HC/To
Judg 9:57	כָּל	3605	HNcmsc
Judg 9:57	רָעַת֙	7451 c	HNcfsc
Judg 9:57	אַנְשֵׁ֣י	376	HNcmpc
Judg 9:57	שְׁכֶ֔ם	7927	HNp
Judg 9:57	הֵשִׁ֥יב	7725	HVhp3ms
Judg 9:57	אֱלֹהִ֖ים	430	HNcmpa
Judg 9:57	בְּ/רֹאשָׁ֑/ם	b/7218 a	HR/Ncmsc/Sp3mp
Judg 9:57	וַ/תָּבֹ֣א	c/935	HC/Vqw3fs
Judg 9:57	אֲלֵי/הֶ֔ם	413	HR/Sp3mp
Judg 9:57	קִֽלֲלַ֖ת	7045	HNcfsc
Judg 9:57	יוֹתָ֥ם	3147	HNp
Judg 9:57	בֶּן	1121 a	HNcmsc
Judg 9:57	יְרֻבָּֽעַל	3378	HNp
Judg 10:1	וַ/יָּקָם֩	c/6965 b	HC/Vqw3ms
Judg 10:1	אַחֲרֵ֨י	310 a	HR
Judg 10:1	אֲבִימֶ֜לֶךְ	40	HNp
Judg 10:1	לְ/הוֹשִׁ֣יעַ	l/3467	HR/Vhc
Judg 10:1	אֶת	853	HTo
Judg 10:1	יִשְׂרָאֵ֗ל	3478	HNp
Judg 10:1	תּוֹלָ֧ע	8439	HNp
Judg 10:1	בֶּן	1121 a	HNcmsc
Judg 10:1	פּוּאָ֛ה	6312	HNp
Judg 10:1	בֶּן	1121 a	HNcmsc
Judg 10:1	דּוֹד֖וֹ	1734	HNp
Judg 10:1	אִ֣ישׁ	376	HNcmsc
Judg 10:1	יִשָּׂשכָ֑ר	3485	HNp
Judg 10:1	וְ/הֽוּא	c/1931	HC/Pp3ms
Judg 10:1	יֹשֵׁ֥ב	3427	HVqrmsa
Judg 10:1	בְּ/שָׁמִ֖יר	b/8069	HR/Np
Judg 10:1	בְּ/הַ֥ר	b/2022	HR/Ncmsc
Judg 10:1	אֶפְרָֽיִם	669	HNp
Judg 10:2	וַ/יִּשְׁפֹּט֙	c/8199	HC/Vqw3ms
Judg 10:2	אֶת	853	HTo
Judg 10:2	יִשְׂרָאֵ֔ל	3478	HNp
Judg 10:2	עֶשְׂרִ֥ים	6242	HAcbpa
Judg 10:2	וְ/שָׁלֹ֖שׁ	c/7969	HC/Acfsa
Judg 10:2	שָׁנָ֑ה	8141	HNcfsa
Judg 10:2	וַ/יָּ֖מָת	c/4191	HC/Vqw3ms
Judg 10:2	וַ/יִּקָּבֵ֥ר	c/6912	HC/VNw3ms
Judg 10:2	בְּ/שָׁמִֽיר	b/8069	HR/Np
Judg 10:3	וַ/יָּ֣קָם	c/6965 b	HC/Vqw3ms
Judg 10:3	אַחֲרָ֔י/ו	310 a	HR/Sp3ms
Judg 10:3	יָאִ֖יר	2971	HNp
Judg 10:3	הַ/גִּלְעָדִ֑י	d/1569	HTd/Ngmsa
Judg 10:3	וַ/יִּשְׁפֹּט֙	c/8199	HC/Vqw3ms
Judg 10:3	אֶת	853	HTo
Judg 10:3	יִשְׂרָאֵ֔ל	3478	HNp
Judg 10:3	עֶשְׂרִ֥ים	6242	HAcbpa
Judg 10:3	וּ/שְׁתַּ֖יִם	c/8147	HC/Acfda
Judg 10:3	שָׁנָֽה	8141	HNcfsa
Judg 10:4	וַֽ/יְהִי	c/1961	HC/Vqw3ms
Judg 10:4	ל֞/וֹ	l	HR/Sp3ms
Judg 10:4	שְׁלֹשִׁ֣ים	7970	HAcbpa
Judg 10:4	בָּנִ֗ים	1121 a	HNcmpa
Judg 10:4	רֹֽכְבִים֙	7392	HVqrmpa
Judg 10:4	עַל	5921 a	HR
Judg 10:4	שְׁלֹשִׁ֣ים	7970	HAcbpa
Judg 10:4	עֲיָרִ֔ים	5895	HNcmpa
Judg 10:4	וּ/שְׁלֹשִׁ֥ים	c/7970	HC/Acbpa
Judg 10:4	עֲיָרִ֖ים	5895	HNcmpa
Judg 10:4	לָ/הֶ֑ם	l	HR/Sp3mp
Judg 10:4	לָ/הֶ֞ם	l	HR/Sp3mp
Judg 10:4	יִקְרְא֣וּ	7121	HVqi3mp
Judg 10:4	חַוֺּ֣ת	2334+	HNcfpc
Judg 10:4	יָאִ֗יר	2334	HNp
Judg 10:4	עַ֚ד	5704	HR
Judg 10:4	הַ/יּ֣וֹם	d/3117	HTd/Ncmsa
Judg 10:4	הַ/זֶּ֔ה	d/2088	HTd/Pdxms
Judg 10:4	אֲשֶׁ֖ר	834 a	HTr
Judg 10:4	בְּ/אֶ֥רֶץ	b/776	HR/Ncbsc
Judg 10:4	הַ/גִּלְעָֽד	d/1568	HTd/Np
Judg 10:5	וַ/יָּ֣מָת	c/4191	HC/Vqw3ms
Judg 10:5	יָאִ֔יר	2971	HNp
Judg 10:5	וַ/יִּקָּבֵ֖ר	c/6912	HC/VNw3ms
Judg 10:5	בְּ/קָמֽוֹן	b/7056	HR/Np
Judg 10:6	וַ/יֹּסִ֣פוּ	c/3254	HC/Vhw3mp
Judg 10:6	בְּנֵ֣י	1121 a	HNcmpc
Judg 10:6	יִשְׂרָאֵ֗ל	3478	HNp
Judg 10:6	לַ/עֲשׂ֣וֹת	l/6213 a	HR/Vqc
Judg 10:6	הָ/רַע֮	d/7451	HTd/Aamsa
Judg 10:6	בְּ/עֵינֵ֣י	b/5869 a	HR/Ncbdc
Judg 10:6	יְהוָה֒	3068	HNp
Judg 10:6	וַ/יַּעַבְד֣וּ	c/5647	HC/Vqw3mp
Judg 10:6	אֶת	853	HTo
Judg 10:6	הַ/בְּעָלִ֣ים	d/1168 a	HTd/Np
Judg 10:6	וְ/אֶת	c/853	HC/To
Judg 10:6	הָ/עַשְׁתָּר֡וֹת	d/6252	HTd/Np
Judg 10:6	וְ/אֶת	c/853	HC/To
Judg 10:6	אֱלֹהֵ֣י	430	HNcmpc
Judg 10:6	אֲרָם֩	758	HNp
Judg 10:6	וְ/אֶת	c/853	HC/To
Judg 10:6	אֱלֹהֵ֨י	430	HNcmpc
Judg 10:6	צִיד֜וֹן	6721	HNp
Judg 10:6	וְ/אֵ֣ת	c/853	HC/To
Judg 10:6	אֱלֹהֵ֣י	430	HNcmpc
Judg 10:6	מוֹאָ֗ב	4124	HNp
Judg 10:6	וְ/אֵת֙	c/853	HC/To
Judg 10:6	אֱלֹהֵ֣י	430	HNcmpc
Judg 10:6	בְנֵי	1121 a	HNcmpc
Judg 10:6	עַמּ֔וֹן	5983	HNp
Judg 10:6	וְ/אֵ֖ת	c/853	HC/To
Judg 10:6	אֱלֹהֵ֣י	430	HNcmpc
Judg 10:6	פְלִשְׁתִּ֑ים	6430	HNgmpa
Judg 10:6	וַ/יַּעַזְב֥וּ	c/5800 a	HC/Vqw3mp
Judg 10:6	אֶת	853	HTo
Judg 10:6	יְהוָ֖ה	3068	HNp
Judg 10:6	וְ/לֹ֥א	c/3808	HC/Tn
Judg 10:6	עֲבָדֽוּ/הוּ	5647	HVqp3cp/Sp3ms
Judg 10:7	וַ/יִּֽחַר	c/2734	HC/Vqw3ms
Judg 10:7	אַ֥ף	639	HTa
Judg 10:7	יְהוָ֖ה	3068	HNp
Judg 10:7	בְּ/יִשְׂרָאֵ֑ל	b/3478	HR/Np
Judg 10:7	וַֽ/יִּמְכְּרֵ/ם֙	c/4376	HC/Vqw3ms/Sp3mp
Judg 10:7	בְּ/יַד	b/3027	HR/Ncbsc
Judg 10:7	פְּלִשְׁתִּ֔ים	6430	HNgmpa
Judg 10:7	וּ/בְ/יַ֖ד	c/b/3027	HC/R/Ncbsc
Judg 10:7	בְּנֵ֥י	1121 a	HNcmpc
Judg 10:7	עַמּֽוֹן	5983	HNp
Judg 10:8	וַֽ/יִּרְעֲצ֤וּ	c/7492	HC/Vqw3mp
Judg 10:8	וַ/יְרֹֽצְצוּ֙	c/7533	HC/Vmw3mp
Judg 10:8	אֶת	853	HTo
Judg 10:8	בְּנֵ֣י	1121 a	HNcmpc
Judg 10:8	יִשְׂרָאֵ֔ל	3478	HNp
Judg 10:8	בַּ/שָּׁנָ֖ה	b/8141	HRd/Ncfsa
Judg 10:8	הַ/הִ֑יא	d/1931	HTd/Pp3fs
Judg 10:8	שְׁמֹנֶ֨ה	8083	HAcfsa
Judg 10:8	עֶשְׂרֵ֜ה	6240	HAcfsa
Judg 10:8	שָׁנָ֗ה	8141	HNcfsa
Judg 10:8	אֶֽת	853	HTo
Judg 10:8	כָּל	3605	HNcmsc
Judg 10:8	בְּנֵ֤י	1121 a	HNcmpc
Judg 10:8	יִשְׂרָאֵל֙	3478	HNp
Judg 10:8	אֲשֶׁר֙	834 a	HTr
Judg 10:8	בְּ/עֵ֣בֶר	b/5676	HR/Ncmsc
Judg 10:8	הַ/יַּרְדֵּ֔ן	d/3383	HTd/Np
Judg 10:8	בְּ/אֶ֥רֶץ	b/776	HR/Ncbsc
Judg 10:8	הָ/אֱמֹרִ֖י	d/567	HTd/Ngmsa
Judg 10:8	אֲשֶׁ֥ר	834 a	HTr
Judg 10:8	בַּ/גִּלְעָֽד	b/1568	HRd/Np
Judg 10:9	וַ/יַּעַבְר֤וּ	c/5674 a	HC/Vqw3mp
Judg 10:9	בְנֵֽי	1121 a	HNcmpc
Judg 10:9	עַמּוֹן֙	5983	HNp
Judg 10:9	אֶת	853	HTo
Judg 10:9	הַ/יַּרְדֵּ֔ן	d/3383	HTd/Np
Judg 10:9	לְ/הִלָּחֵ֛ם	l/3898 a	HR/VNc
Judg 10:9	גַּם	1571	HTa
Judg 10:9	בִּ/יהוּדָ֥ה	b/3063	HR/Np
Judg 10:9	וּ/בְ/בִנְיָמִ֖ין	c/b/1144	HC/R/Np
Judg 10:9	וּ/בְ/בֵ֣ית	c/b/1004 b	HC/R/Ncmsc
Judg 10:9	אֶפְרָ֑יִם	669	HNp
Judg 10:9	וַ/תֵּ֥צֶר	c/3334	HC/Vqw3fs
Judg 10:9	לְ/יִשְׂרָאֵ֖ל	l/3478	HR/Np
Judg 10:9	מְאֹֽד	3966	HD
Judg 10:10	וַֽ/יִּזְעֲקוּ֙	c/2199	HC/Vqw3mp
Judg 10:10	בְּנֵ֣י	1121 a	HNcmpc
Judg 10:10	יִשְׂרָאֵ֔ל	3478	HNp
Judg 10:10	אֶל	413	HR
Judg 10:10	יְהוָ֖ה	3068	HNp
Judg 10:10	לֵ/אמֹ֑ר	l/559	HR/Vqc
Judg 10:10	חָטָ֣אנוּ	2398	HVqp1cp
Judg 10:10	לָ֔/ךְ	l	HR/Sp2fs
Judg 10:10	וְ/כִ֤י	c/3588 a	HC/C
Judg 10:10	עָזַ֨בְנוּ֙	5800 a	HVqp1cp
Judg 10:10	אֶת	853	HTo
Judg 10:10	אֱלֹהֵ֔י/נוּ	430	HNcmpc/Sp1cp
Judg 10:10	וַֽ/נַּעֲבֹ֖ד	c/5647	HC/Vqw1cp
Judg 10:10	אֶת	853	HTo
Judg 10:10	הַ/בְּעָלִֽים	d/1168 a	HTd/Np
Judg 10:11	וַ֥/יֹּאמֶר	c/559	HC/Vqw3ms
Judg 10:11	יְהוָ֖ה	3068	HNp
Judg 10:11	אֶל	413	HR
Judg 10:11	בְּנֵ֣י	1121 a	HNcmpc
Judg 10:11	יִשְׂרָאֵ֑ל	3478	HNp
Judg 10:11	הֲ/לֹ֤א	i/3808	HTi/Tn
Judg 10:11	מִ/מִּצְרַ֨יִם֙	m/4714	HR/Np
Judg 10:11	וּ/מִן	c/4480 a	HC/R
Judg 10:11	הָ֣/אֱמֹרִ֔י	d/567	HTd/Ngmsa
Judg 10:11	וּ/מִן	c/4480 a	HC/R
Judg 10:11	בְּנֵ֥י	1121 a	HNcmpc
Judg 10:11	עַמּ֖וֹן	5983	HNp
Judg 10:11	וּ/מִן	c/4480 a	HC/R
Judg 10:11	פְּלִשְׁתִּֽים	6430	HNgmpa
Judg 10:12	וְ/צִידוֹנִ֤ים	c/6722	HC/Ngmpa
Judg 10:12	וַֽ/עֲמָלֵק֙	c/6002	HC/Np
Judg 10:12	וּ/מָע֔וֹן	c/4584	HC/Np
Judg 10:12	לָחֲצ֖וּ	3905	HVqp3cp
Judg 10:12	אֶתְ/כֶ֑ם	853	HTo/Sp2mp
Judg 10:12	וַ/תִּצְעֲק֣וּ	c/6817	HC/Vqw2mp
Judg 10:12	אֵלַ֔/י	413	HR/Sp1cs
Judg 10:12	וָ/אוֹשִׁ֥יעָ/ה	c/3467	HC/Vhw1cs/Sh
Judg 10:12	אֶתְ/כֶ֖ם	853	HTo/Sp2mp
Judg 10:12	מִ/יָּדָֽ/ם	m/3027	HR/Ncbsc/Sp3mp
Judg 10:13	וְ/אַתֶּם֙	c/859 d	HC/Pp2mp
Judg 10:13	עֲזַבְתֶּ֣ם	5800 a	HVqp2mp
Judg 10:13	אוֹתִ֔/י	853	HTo/Sp1cs
Judg 10:13	וַ/תַּעַבְד֖וּ	c/5647	HC/Vqw2mp
Judg 10:13	אֱלֹהִ֣ים	430	HNcmpa
Judg 10:13	אֲחֵרִ֑ים	312	HAampa
Judg 10:13	לָ/כֵ֥ן	l/3651 c	HR/D
Judg 10:13	לֹֽא	3808	HTn
Judg 10:13	אוֹסִ֖יף	3254	HVhi1cs
Judg 10:13	לְ/הוֹשִׁ֥יעַ	l/3467	HR/Vhc
Judg 10:13	אֶתְ/כֶֽם	853	HTo/Sp2mp
Judg 10:14	לְכ֗וּ	3212	HVqv2mp
Judg 10:14	וְ/זַֽעֲקוּ֙	c/2199	HC/Vqv2mp
Judg 10:14	אֶל	413	HR
Judg 10:14	הָ֣/אֱלֹהִ֔ים	d/430	HTd/Ncmpa
Judg 10:14	אֲשֶׁ֥ר	834 a	HTr
Judg 10:14	בְּחַרְתֶּ֖ם	977	HVqp2mp
Judg 10:14	בָּ֑/ם	b	HR/Sp3mp
Judg 10:14	הֵ֛מָּה	1992	HPp3mp
Judg 10:14	יוֹשִׁ֥יעוּ	3467	HVhi3mp
Judg 10:14	לָ/כֶ֖ם	l	HR/Sp2mp
Judg 10:14	בְּ/עֵ֥ת	b/6256	HR/Ncbsc
Judg 10:14	צָרַתְ/כֶֽם	6869 b	HNcfsc/Sp2mp
Judg 10:15	וַ/יֹּאמְר֨וּ	c/559	HC/Vqw3mp
Judg 10:15	בְנֵי	1121 a	HNcmpc
Judg 10:15	יִשְׂרָאֵ֤ל	3478	HNp
Judg 10:15	אֶל	413	HR
Judg 10:15	יְהוָה֙	3068	HNp
Judg 10:15	חָטָ֔אנוּ	2398	HVqp1cp
Judg 10:15	עֲשֵׂה	6213 a	HVqv2ms
Judg 10:15	אַתָּ֣ה	859 a	HPp2ms
Judg 10:15	לָ֔/נוּ	l	HR/Sp1cp
Judg 10:15	כְּ/כָל	k/3605	HR/Ncmsc
Judg 10:15	הַ/טּ֖וֹב	d/2896 a	HTd/Aamsa
Judg 10:15	בְּ/עֵינֶ֑י/ךָ	b/5869 a	HR/Ncbdc/Sp2ms
Judg 10:15	אַ֛ךְ	389	HTa
Judg 10:15	הַצִּילֵ֥/נוּ	5337	HVhv2ms/Sp1cp
Judg 10:15	נָ֖א	4994	HTe
Judg 10:15	הַ/יּ֥וֹם	d/3117	HTd/Ncmsa
Judg 10:15	הַ/זֶּֽה	d/2088	HTd/Pdxms
Judg 10:16	וַ/יָּסִ֜ירוּ	c/5493	HC/Vhw3mp
Judg 10:16	אֶת	853	HTo
Judg 10:16	אֱלֹהֵ֤י	430	HNcmpc
Judg 10:16	הַ/נֵּכָר֙	d/5236	HTd/Ncmsa
Judg 10:16	מִ/קִּרְבָּ֔/ם	m/7130	HR/Ncmsc/Sp3mp
Judg 10:16	וַ/יַּעַבְד֖וּ	c/5647	HC/Vqw3mp
Judg 10:16	אֶת	853	HTo
Judg 10:16	יְהוָ֑ה	3068	HNp
Judg 10:16	וַ/תִּקְצַ֥ר	c/7114 a	HC/Vqw3fs
Judg 10:16	נַפְשׁ֖/וֹ	5315	HNcbsc/Sp3ms
Judg 10:16	בַּ/עֲמַ֥ל	b/5999	HR/Ncbsc
Judg 10:16	יִשְׂרָאֵֽל	3478	HNp
Judg 10:17	וַ/יִּצָּֽעֲקוּ֙	c/6817	HC/VNw3mp
Judg 10:17	בְּנֵ֣י	1121 a	HNcmpc
Judg 10:17	עַמּ֔וֹן	5983	HNp
Judg 10:17	וַֽ/יַּחֲנ֖וּ	c/2583	HC/Vqw3mp
Judg 10:17	בַּ/גִּלְעָ֑ד	b/1568	HRd/Np
Judg 10:17	וַ/יֵּאָֽסְפוּ֙	c/622	HC/VNw3mp
Judg 10:17	בְּנֵ֣י	1121 a	HNcmpc
Judg 10:17	יִשְׂרָאֵ֔ל	3478	HNp
Judg 10:17	וַֽ/יַּחֲנ֖וּ	c/2583	HC/Vqw3mp
Judg 10:17	בַּ/מִּצְפָּֽה	b/4709	HRd/Np
Judg 10:18	וַ/יֹּאמְר֨וּ	c/559	HC/Vqw3mp
Judg 10:18	הָ/עָ֜ם	d/5971 a	HTd/Ncmsa
Judg 10:18	שָׂרֵ֤י	8269	HNcmpc
Judg 10:18	גִלְעָד֙	1568	HNp
Judg 10:18	אִ֣ישׁ	376	HNcmsa
Judg 10:18	אֶל	413	HR
Judg 10:18	רֵעֵ֔/הוּ	7453	HNcmsc/Sp3ms
Judg 10:18	מִ֣י	4310	HTi
Judg 10:18	הָ/אִ֔ישׁ	d/376	HTd/Ncmsa
Judg 10:18	אֲשֶׁ֣ר	834 a	HTr
Judg 10:18	יָחֵ֔ל	2490 c	HVhi3ms
Judg 10:18	לְ/הִלָּחֵ֖ם	l/3898 a	HR/VNc
Judg 10:18	בִּ/בְנֵ֣י	b/1121 a	HR/Ncmpc
Judg 10:18	עַמּ֑וֹן	5983	HNp
Judg 10:18	יִֽהְיֶ֣ה	1961	HVqi3ms
Judg 10:18	לְ/רֹ֔אשׁ	l/7218 a	HR/Ncmsa
Judg 10:18	לְ/כֹ֖ל	l/3605	HR/Ncmsc
Judg 10:18	יֹשְׁבֵ֥י	3427	HVqrmpc
Judg 10:18	גִלְעָֽד	1568	HNp
Judg 11:1	וְ/יִפְתָּ֣ח	c/3316	HC/Np
Judg 11:1	הַ/גִּלְעָדִ֗י	d/1569	HTd/Ngmsa
Judg 11:1	הָיָה֙	1961	HVqp3ms
Judg 11:1	גִּבּ֣וֹר	1368	HAamsc
Judg 11:1	חַ֔יִל	2428	HNcmsa
Judg 11:1	וְ/ה֖וּא	c/1931	HC/Pp3ms
Judg 11:1	בֶּן	1121 a	HNcmsc
Judg 11:1	אִשָּׁ֣ה	802	HNcfsa
Judg 11:1	זוֹנָ֑ה	2181	HVqrfsa
Judg 11:1	וַ/יּ֥וֹלֶד	c/3205	HC/Vhw3ms
Judg 11:1	גִּלְעָ֖ד	1568	HNp
Judg 11:1	אֶת	853	HTo
Judg 11:1	יִפְתָּֽח	3316	HNp
Judg 11:2	וַ/תֵּ֧לֶד	c/3205	HC/Vqw3fs
Judg 11:2	אֵֽשֶׁת	802	HNcfsc
Judg 11:2	גִּלְעָ֛ד	1568	HNp
Judg 11:2	ל֖/וֹ	l	HR/Sp3ms
Judg 11:2	בָּנִ֑ים	1121 a	HNcmpa
Judg 11:2	וַ/יִּגְדְּל֨וּ	c/1431	HC/Vqw3mp
Judg 11:2	בְֽנֵי	1121 a	HNcmpc
Judg 11:2	הָ/אִשָּׁ֜ה	d/802	HTd/Ncfsa
Judg 11:2	וַ/יְגָרְשׁ֣וּ	c/1644	HC/Vpw3mp
Judg 11:2	אֶת	853	HTo
Judg 11:2	יִפְתָּ֗ח	3316	HNp
Judg 11:2	וַ/יֹּ֤אמְרוּ	c/559	HC/Vqw3mp
Judg 11:2	ל/וֹ֙	l	HR/Sp3ms
Judg 11:2	לֹֽא	3808	HTn
Judg 11:2	תִנְחַ֣ל	5157	HVqi2ms
Judg 11:2	בְּ/בֵית	b/1004 b	HR/Ncmsc
Judg 11:2	אָבִ֔י/נוּ	1	HNcmsc/Sp1cp
Judg 11:2	כִּ֛י	3588 a	HC
Judg 11:2	בֶּן	1121 a	HNcmsc
Judg 11:2	אִשָּׁ֥ה	802	HNcfsa
Judg 11:2	אַחֶ֖רֶת	312	HAafsa
Judg 11:2	אָֽתָּה	859 a	HPp2ms
Judg 11:3	וַ/יִּבְרַ֤ח	c/1272	HC/Vqw3ms
Judg 11:3	יִפְתָּח֙	3316	HNp
Judg 11:3	מִ/פְּנֵ֣י	m/6440	HR/Ncbpc
Judg 11:3	אֶחָ֔י/ו	251	HNcmpc/Sp3ms
Judg 11:3	וַ/יֵּ֖שֶׁב	c/3427	HC/Vqw3ms
Judg 11:3	בְּ/אֶ֣רֶץ	b/776	HR/Ncbsc
Judg 11:3	ט֑וֹב	2897	HNp
Judg 11:3	וַ/יִּֽתְלַקְּט֤וּ	c/3950	HC/Vtw3mp
Judg 11:3	אֶל	413	HR
Judg 11:3	יִפְתָּח֙	3316	HNp
Judg 11:3	אֲנָשִׁ֣ים	376	HNcmpa
Judg 11:3	רֵיקִ֔ים	7386	HAampa
Judg 11:3	וַ/יֵּצְא֖וּ	c/3318	HC/Vqw3mp
Judg 11:3	עִמּֽ/וֹ	5973 a	HR/Sp3ms
Judg 11:4	וַ/יְהִ֖י	c/1961	HC/Vqw3ms
Judg 11:4	מִ/יָּמִ֑ים	m/3117	HR/Ncmpa
Judg 11:4	וַ/יִּלָּחֲמ֥וּ	c/3898 a	HC/VNw3mp
Judg 11:4	בְנֵֽי	1121 a	HNcmpc
Judg 11:4	עַמּ֖וֹן	5983	HNp
Judg 11:4	עִם	5973 a	HR
Judg 11:4	יִשְׂרָאֵֽל	3478	HNp
Judg 11:5	וַ/יְהִ֕י	c/1961	HC/Vqw3ms
Judg 11:5	כַּ/אֲשֶׁר	k/834 d	HR/Tr
Judg 11:5	נִלְחֲמ֥וּ	3898 a	HVNp3cp
Judg 11:5	בְנֵֽי	1121 a	HNcmpc
Judg 11:5	עַמּ֖וֹן	5983	HNp
Judg 11:5	עִם	5973 a	HR
Judg 11:5	יִשְׂרָאֵ֑ל	3478	HNp
Judg 11:5	וַ/יֵּֽלְכוּ֙	c/3212	HC/Vqw3mp
Judg 11:5	זִקְנֵ֣י	2205	HAampc
Judg 11:5	גִלְעָ֔ד	1568	HNp
Judg 11:5	לָ/קַ֥חַת	l/3947	HR/Vqc
Judg 11:5	אֶת	853	HTo
Judg 11:5	יִפְתָּ֖ח	3316	HNp
Judg 11:5	מֵ/אֶ֥רֶץ	m/776	HR/Ncbsc
Judg 11:5	טֽוֹב	2897	HNp
Judg 11:6	וַ/יֹּאמְר֣וּ	c/559	HC/Vqw3mp
Judg 11:6	לְ/יִפְתָּ֔ח	l/3316	HR/Np
Judg 11:6	לְכָ֕/ה	3212	HVqv2ms/Sh
Judg 11:6	וְ/הָיִ֥יתָה	c/1961	HC/Vqq2ms
Judg 11:6	לָּ֖/נוּ	l	HR/Sp1cp
Judg 11:6	לְ/קָצִ֑ין	l/7101	HR/Ncmsa
Judg 11:6	וְ/נִֽלָּחֲמָ֖ה	c/3898 a	HC/VNh1cp
Judg 11:6	בִּ/בְנֵ֥י	b/1121 a	HR/Ncmpc
Judg 11:6	עַמּֽוֹן	5983	HNp
Judg 11:7	וַ/יֹּ֤אמֶר	c/559	HC/Vqw3ms
Judg 11:7	יִפְתָּח֙	3316	HNp
Judg 11:7	לְ/זִקְנֵ֣י	l/2205	HR/Aampc
Judg 11:7	גִלְעָ֔ד	1568	HNp
Judg 11:7	הֲ/לֹ֤א	i/3808	HTi/Tn
Judg 11:7	אַתֶּם֙	859 d	HPp2mp
Judg 11:7	שְׂנֵאתֶ֣ם	8130	HVqp2mp
Judg 11:7	אוֹתִ֔/י	853	HTo/Sp1cs
Judg 11:7	וַ/תְּגָרְשׁ֖וּ/נִי	c/1644	HC/Vpw2mp/Sp1cs
Judg 11:7	מִ/בֵּ֣ית	m/1004 b	HR/Ncmsc
Judg 11:7	אָבִ֑/י	1	HNcmsc/Sp1cs
Judg 11:7	וּ/מַדּ֜וּעַ	c/4069	HC/D
Judg 11:7	בָּאתֶ֤ם	935	HVqp2mp
Judg 11:7	אֵלַ/י֙	413	HR/Sp1cs
Judg 11:7	עַ֔תָּה	6258	HD
Judg 11:7	כַּ/אֲשֶׁ֖ר	k/834 d	HR/Tr
Judg 11:7	צַ֥ר	6862 c	HVqp3ms
Judg 11:7	לָ/כֶֽם	l	HR/Sp2mp
Judg 11:8	וַ/יֹּאמְרוּ֩	c/559	HC/Vqw3mp
Judg 11:8	זִקְנֵ֨י	2205	HAampc
Judg 11:8	גִלְעָ֜ד	1568	HNp
Judg 11:8	אֶל	413	HR
Judg 11:8	יִפְתָּ֗ח	3316	HNp
Judg 11:8	לָ/כֵן֙	l/3651 c	HR/D
Judg 11:8	עַתָּה֙	6258	HD
Judg 11:8	שַׁ֣בְנוּ	7725	HVqp1cp
Judg 11:8	אֵלֶ֔י/ךָ	413	HR/Sp2ms
Judg 11:8	וְ/הָלַכְתָּ֣	c/1980	HC/Vqq2ms
Judg 11:8	עִמָּ֔/נוּ	5973 a	HR/Sp1cp
Judg 11:8	וְ/נִלְחַמְתָּ֖	c/3898 a	HC/VNq2ms
Judg 11:8	בִּ/בְנֵ֣י	b/1121 a	HR/Ncmpc
Judg 11:8	עַמּ֑וֹן	5983	HNp
Judg 11:8	וְ/הָיִ֤יתָ	c/1961	HC/Vqq2ms
Judg 11:8	לָּ֨/נוּ֙	l	HR/Sp1cp
Judg 11:8	לְ/רֹ֔אשׁ	l/7218 a	HR/Ncmsa
Judg 11:8	לְ/כֹ֖ל	l/3605	HR/Ncmsc
Judg 11:8	יֹשְׁבֵ֥י	3427	HVqrmpc
Judg 11:8	גִלְעָֽד	1568	HNp
Judg 11:9	וַ/יֹּ֨אמֶר	c/559	HC/Vqw3ms
Judg 11:9	יִפְתָּ֜ח	3316	HNp
Judg 11:9	אֶל	413	HR
Judg 11:9	זִקְנֵ֣י	2205	HAampc
Judg 11:9	גִלְעָ֗ד	1568	HNp
Judg 11:9	אִם	518 a	HC
Judg 11:9	מְשִׁיבִ֨ים	7725	HVhrmpa
Judg 11:9	אַתֶּ֤ם	859 d	HPp2mp
Judg 11:9	אוֹתִ/י֙	853	HTo/Sp1cs
Judg 11:9	לְ/הִלָּחֵם֙	l/3898 a	HR/VNc
Judg 11:9	בִּ/בְנֵ֣י	b/1121 a	HR/Ncmpc
Judg 11:9	עַמּ֔וֹן	5983	HNp
Judg 11:9	וְ/נָתַ֧ן	c/5414	HC/Vqq3ms
Judg 11:9	יְהוָ֛ה	3068	HNp
Judg 11:9	אוֹתָ֖/ם	853	HTo/Sp3mp
Judg 11:9	לְ/פָנָ֑/י	l/6440	HR/Ncbpc/Sp1cs
Judg 11:9	אָנֹכִ֕י	595	HPp1cs
Judg 11:9	אֶהְיֶ֥ה	1961	HVqi1cs
Judg 11:9	לָ/כֶ֖ם	l	HR/Sp2mp
Judg 11:9	לְ/רֹֽאשׁ	l/7218 a	HR/Ncmsa
Judg 11:10	וַ/יֹּאמְר֥וּ	c/559	HC/Vqw3mp
Judg 11:10	זִקְנֵֽי	2205	HAampc
Judg 11:10	גִלְעָ֖ד	1568	HNp
Judg 11:10	אֶל	413	HR
Judg 11:10	יִפְתָּ֑ח	3316	HNp
Judg 11:10	יְהוָ֗ה	3068	HNp
Judg 11:10	יִהְיֶ֤ה	1961	HVqi3ms
Judg 11:10	שֹׁמֵ֨עַ֙	8085	HVqrmsa
Judg 11:10	בֵּֽינוֹתֵ֔י/נוּ	996	HR/Sp1cp
Judg 11:10	אִם	518 a	HC
Judg 11:10	לֹ֥א	3808	HTn
Judg 11:10	כִ/דְבָרְ/ךָ֖	k/1697	HR/Ncmsc/Sp2ms
Judg 11:10	כֵּ֥ן	3651 c	HTm
Judg 11:10	נַעֲשֶֽׂה	6213 a	HVqi1cp
Judg 11:11	וַ/יֵּ֤לֶךְ	c/3212	HC/Vqw3ms
Judg 11:11	יִפְתָּח֙	3316	HNp
Judg 11:11	עִם	5973 a	HR
Judg 11:11	זִקְנֵ֣י	2205	HAampc
Judg 11:11	גִלְעָ֔ד	1568	HNp
Judg 11:11	וַ/יָּשִׂ֨ימוּ	c/7760 a	HC/Vqw3mp
Judg 11:11	הָ/עָ֥ם	d/5971 a	HTd/Ncmsa
Judg 11:11	אוֹת֛/וֹ	853	HTo/Sp3ms
Judg 11:11	עֲלֵי/הֶ֖ם	5921 a	HR/Sp3mp
Judg 11:11	לְ/רֹ֣אשׁ	l/7218 a	HR/Ncmsa
Judg 11:11	וּ/לְ/קָצִ֑ין	c/l/7101	HC/R/Ncmsa
Judg 11:11	וַ/יְדַבֵּ֨ר	c/1696	HC/Vpw3ms
Judg 11:11	יִפְתָּ֧ח	3316	HNp
Judg 11:11	אֶת	853	HTo
Judg 11:11	כָּל	3605	HNcmsc
Judg 11:11	דְּבָרָ֛י/ו	1697	HNcmpc/Sp3ms
Judg 11:11	לִ/פְנֵ֥י	l/6440	HR/Ncbpc
Judg 11:11	יְהוָ֖ה	3068	HNp
Judg 11:11	בַּ/מִּצְפָּֽה	b/4709	HRd/Np
Judg 11:12	וַ/יִּשְׁלַ֤ח	c/7971	HC/Vqw3ms
Judg 11:12	יִפְתָּח֙	3316	HNp
Judg 11:12	מַלְאָכִ֔ים	4397	HNcmpa
Judg 11:12	אֶל	413	HR
Judg 11:12	מֶ֥לֶךְ	4428	HNcmsc
Judg 11:12	בְּנֵֽי	1121 a	HNcmpc
Judg 11:12	עַמּ֖וֹן	5983	HNp
Judg 11:12	לֵ/אמֹ֑ר	l/559	HR/Vqc
Judg 11:12	מַה	4100	HTi
Judg 11:12	לִּ֣/י	l	HR/Sp1cs
Judg 11:12	וָ/לָ֔/ךְ	c/l	HC/R/Sp2fs
Judg 11:12	כִּֽי	3588 a	HC
Judg 11:12	בָ֥אתָ	935	HVqp2ms
Judg 11:12	אֵלַ֖/י	413	HR/Sp1cs
Judg 11:12	לְ/הִלָּחֵ֥ם	l/3898 a	HR/VNc
Judg 11:12	בְּ/אַרְצִֽ/י	b/776	HR/Ncbsc/Sp1cs
Judg 11:13	וַ/יֹּאמֶר֩	c/559	HC/Vqw3ms
Judg 11:13	מֶ֨לֶךְ	4428	HNcmsc
Judg 11:13	בְּנֵי	1121 a	HNcmpc
Judg 11:13	עַמּ֜וֹן	5983	HNp
Judg 11:13	אֶל	413	HR
Judg 11:13	מַלְאֲכֵ֣י	4397	HNcmpc
Judg 11:13	יִפְתָּ֗ח	3316	HNp
Judg 11:13	כִּֽי	3588 a	HC
Judg 11:13	לָקַ֨ח	3947	HVqp3ms
Judg 11:13	יִשְׂרָאֵ֤ל	3478	HNp
Judg 11:13	אֶת	853	HTo
Judg 11:13	אַרְצִ/י֙	776	HNcbsc/Sp1cs
Judg 11:13	בַּ/עֲלוֹת֣/וֹ	b/5927	HR/Vqc/Sp3ms
Judg 11:13	מִ/מִּצְרַ֔יִם	m/4714	HR/Np
Judg 11:13	מֵ/אַרְנ֥וֹן	m/769	HR/Np
Judg 11:13	וְ/עַד	c/5704	HC/R
Judg 11:13	הַ/יַּבֹּ֖ק	d/2999	HTd/Np
Judg 11:13	וְ/עַד	c/5704	HC/R
Judg 11:13	הַ/יַּרְדֵּ֑ן	d/3383	HTd/Np
Judg 11:13	וְ/עַתָּ֕ה	c/6258	HC/D
Judg 11:13	הָשִׁ֥יבָ/ה	7725	HVhv2ms/Sh
Judg 11:13	אֶתְ/הֶ֖ן	853	HTo/Sp3fp
Judg 11:13	בְּ/שָׁלֽוֹם	b/7965	HR/Ncmsa
Judg 11:14	וַ/יּ֥וֹסֶף	c/3254	HC/Vhw3ms
Judg 11:14	ע֖וֹד	5750	HD
Judg 11:14	יִפְתָּ֑ח	3316	HNp
Judg 11:14	וַ/יִּשְׁלַח֙	c/7971	HC/Vqw3ms
Judg 11:14	מַלְאָכִ֔ים	4397	HNcmpa
Judg 11:14	אֶל	413	HR
Judg 11:14	מֶ֖לֶךְ	4428	HNcmsc
Judg 11:14	בְּנֵ֥י	1121 a	HNcmpc
Judg 11:14	עַמּֽוֹן	5983	HNp
Judg 11:15	וַ/יֹּ֣אמֶר	c/559	HC/Vqw3ms
Judg 11:15	ל֔/וֹ	l	HR/Sp3ms
Judg 11:15	כֹּ֖ה	3541	HD
Judg 11:15	אָמַ֣ר	559	HVqp3ms
Judg 11:15	יִפְתָּ֑ח	3316	HNp
Judg 11:15	לֹֽא	3808	HTn
Judg 11:15	לָקַ֤ח	3947	HVqp3ms
Judg 11:15	יִשְׂרָאֵל֙	3478	HNp
Judg 11:15	אֶת	853	HTo
Judg 11:15	אֶ֣רֶץ	776	HNcbsc
Judg 11:15	מוֹאָ֔ב	4124	HNp
Judg 11:15	וְ/אֶת	c/853	HC/To
Judg 11:15	אֶ֖רֶץ	776	HNcbsc
Judg 11:15	בְּנֵ֥י	1121 a	HNcmpc
Judg 11:15	עַמּֽוֹן	5983	HNp
Judg 11:16	כִּ֖י	3588 a	HC
Judg 11:16	בַּ/עֲלוֹתָ֣/ם	b/5927	HR/Vqc/Sp3mp
Judg 11:16	מִ/מִּצְרָ֑יִם	m/4714	HR/Np
Judg 11:16	וַ/יֵּ֨לֶךְ	c/3212	HC/Vqw3ms
Judg 11:16	יִשְׂרָאֵ֤ל	3478	HNp
Judg 11:16	בַּ/מִּדְבָּר֙	b/4057 b	HRd/Ncmsa
Judg 11:16	עַד	5704	HR
Judg 11:16	יַם	3220	HNcmsc
Judg 11:16	ס֔וּף	5488	HNcmsa
Judg 11:16	וַ/יָּבֹ֖א	c/935	HC/Vqw3ms
Judg 11:16	קָדֵֽשָׁ/ה	6946	HNp/Sd
Judg 11:17	וַ/יִּשְׁלַ֣ח	c/7971	HC/Vqw3ms
Judg 11:17	יִשְׂרָאֵ֣ל	3478	HNp
Judg 11:17	מַלְאָכִ֣ים	4397	HNcmpa
Judg 11:17	אֶל	413	HR
Judg 11:17	מֶלֶךְ֩	4428	HNcmsc
Judg 11:17	אֱד֨וֹם	123	HNp
Judg 11:17	לֵ/אמֹ֜ר	l/559	HR/Vqc
Judg 11:17	אֶעְבְּרָה	5674 a	HVqh1cs
Judg 11:17	נָּ֣א	4994	HTj
Judg 11:17	בְ/אַרְצֶ֗/ךָ	b/776	HR/Ncbsc/Sp2ms
Judg 11:17	וְ/לֹ֤א	c/3808	HC/Tn
Judg 11:17	שָׁמַע֙	8085	HVqp3ms
Judg 11:17	מֶ֣לֶךְ	4428	HNcmsc
Judg 11:17	אֱד֔וֹם	123	HNp
Judg 11:17	וְ/גַ֨ם	c/1571	HC/Ta
Judg 11:17	אֶל	413	HR
Judg 11:17	מֶ֧לֶךְ	4428	HNcmsc
Judg 11:17	מוֹאָ֛ב	4124	HNp
Judg 11:17	שָׁלַ֖ח	7971	HVqp3ms
Judg 11:17	וְ/לֹ֣א	c/3808	HC/Tn
Judg 11:17	אָבָ֑ה	14	HVqp3ms
Judg 11:17	וַ/יֵּ֥שֶׁב	c/3427	HC/Vqw3ms
Judg 11:17	יִשְׂרָאֵ֖ל	3478	HNp
Judg 11:17	בְּ/קָדֵֽשׁ	b/6946	HR/Np
Judg 11:18	וַ/יֵּ֣לֶךְ	c/3212	HC/Vqw3ms
Judg 11:18	בַּ/מִּדְבָּ֗ר	b/4057 b	HRd/Ncmsa
Judg 11:18	וַ/יָּ֜סָב	c/5437	HC/Vqw3ms
Judg 11:18	אֶת	853	HTo
Judg 11:18	אֶ֤רֶץ	776	HNcbsc
Judg 11:18	אֱדוֹם֙	123	HNp
Judg 11:18	וְ/אֶת	c/853	HC/To
Judg 11:18	אֶ֣רֶץ	776	HNcbsc
Judg 11:18	מוֹאָ֔ב	4124	HNp
Judg 11:18	וַ/יָּבֹ֤א	c/935	HC/Vqw3ms
Judg 11:18	מִ/מִּזְרַח	m/4217	HR/Ncmsc
Judg 11:18	שֶׁ֨מֶשׁ֙	8121	HNcbsa
Judg 11:18	לְ/אֶ֣רֶץ	l/776	HR/Ncbsc
Judg 11:18	מוֹאָ֔ב	4124	HNp
Judg 11:18	וַֽ/יַּחֲנ֖וּ/ן	c/2583	HC/Vqw3mp/Sn
Judg 11:18	בְּ/עֵ֣בֶר	b/5676	HR/Ncmsc
Judg 11:18	אַרְנ֑וֹן	769	HNp
Judg 11:18	וְ/לֹא	c/3808	HC/Tn
Judg 11:18	בָ֨אוּ֙	935	HVqp3cp
Judg 11:18	בִּ/גְב֣וּל	b/1366	HR/Ncmsc
Judg 11:18	מוֹאָ֔ב	4124	HNp
Judg 11:18	כִּ֥י	3588 a	HC
Judg 11:18	אַרְנ֖וֹן	769	HNp
Judg 11:18	גְּב֥וּל	1366	HNcmsc
Judg 11:18	מוֹאָֽב	4124	HNp
Judg 11:19	וַ/יִּשְׁלַ֤ח	c/7971	HC/Vqw3ms
Judg 11:19	יִשְׂרָאֵל֙	3478	HNp
Judg 11:19	מַלְאָכִ֔ים	4397	HNcmpa
Judg 11:19	אֶל	413	HR
Judg 11:19	סִיח֥וֹן	5511	HNp
Judg 11:19	מֶֽלֶךְ	4428	HNcmsc
Judg 11:19	הָ/אֱמֹרִ֖י	d/567	HTd/Ngmsa
Judg 11:19	מֶ֣לֶךְ	4428	HNcmsc
Judg 11:19	חֶשְׁבּ֑וֹן	2809	HNp
Judg 11:19	וַ/יֹּ֤אמֶר	c/559	HC/Vqw3ms
Judg 11:19	ל/וֹ֙	l	HR/Sp3ms
Judg 11:19	יִשְׂרָאֵ֔ל	3478	HNp
Judg 11:19	נַעְבְּרָה	5674 a	HVqh1cp
Judg 11:19	נָּ֥א	4994	HTj
Judg 11:19	בְ/אַרְצְ/ךָ֖	b/776	HR/Ncbsc/Sp2ms
Judg 11:19	עַד	5704	HR
Judg 11:19	מְקוֹמִֽ/י	4725	HNcmsc/Sp1cs
Judg 11:20	וְ/לֹא	c/3808	HC/Tn
Judg 11:20	הֶאֱמִ֨ין	539	HVhp3ms
Judg 11:20	סִיח֤וֹן	5511	HNp
Judg 11:20	אֶת	853	HTo
Judg 11:20	יִשְׂרָאֵל֙	3478	HNp
Judg 11:20	עֲבֹ֣ר	5674 a	HVqc
Judg 11:20	בִּ/גְבֻל֔/וֹ	b/1366	HR/Ncmsc/Sp3ms
Judg 11:20	וַ/יֶּאֱסֹ֤ף	c/622	HC/Vqw3ms
Judg 11:20	סִיחוֹן֙	5511	HNp
Judg 11:20	אֶת	853	HTo
Judg 11:20	כָּל	3605	HNcmsc
Judg 11:20	עַמּ֔/וֹ	5971 a	HNcmsc/Sp3ms
Judg 11:20	וַֽ/יַּחֲנ֖וּ	c/2583	HC/Vqw3mp
Judg 11:20	בְּ/יָ֑הְצָ/ה	b/3096	HR/Np/Sd
Judg 11:20	וַ/יִּלָּ֖חֶם	c/3898 a	HC/VNw3ms
Judg 11:20	עִם	5973 a	HR
Judg 11:20	יִשְׂרָאֵֽל	3478	HNp
Judg 11:21	וַ֠/יִּתֵּן	c/5414	HC/Vqw3ms
Judg 11:21	יְהוָ֨ה	3068	HNp
Judg 11:21	אֱלֹהֵֽי	430	HNcmpc
Judg 11:21	יִשְׂרָאֵ֜ל	3478	HNp
Judg 11:21	אֶת	853	HTo
Judg 11:21	סִיח֧וֹן	5511	HNp
Judg 11:21	וְ/אֶת	c/853	HC/To
Judg 11:21	כָּל	3605	HNcmsc
Judg 11:21	עַמּ֛/וֹ	5971 a	HNcmsc/Sp3ms
Judg 11:21	בְּ/יַ֥ד	b/3027	HR/Ncbsc
Judg 11:21	יִשְׂרָאֵ֖ל	3478	HNp
Judg 11:21	וַ/יַּכּ֑וּ/ם	c/5221	HC/Vhw3mp/Sp3mp
Judg 11:21	וַ/יִּירַשׁ֙	c/3423	HC/Vqw3ms
Judg 11:21	יִשְׂרָאֵ֔ל	3478	HNp
Judg 11:21	אֵ֚ת	853	HTo
Judg 11:21	כָּל	3605	HNcmsc
Judg 11:21	אֶ֣רֶץ	776	HNcbsc
Judg 11:21	הָ/אֱמֹרִ֔י	d/567	HTd/Ngmsa
Judg 11:21	יוֹשֵׁ֖ב	3427	HVqrmsa
Judg 11:21	הָ/אָ֥רֶץ	d/776	HTd/Ncbsa
Judg 11:21	הַ/הִֽיא	d/1931	HTd/Pp3fs
Judg 11:22	וַ/יִּ֣ירְשׁ֔וּ	c/3423	HC/Vqw3mp
Judg 11:22	אֵ֖ת	853	HTo
Judg 11:22	כָּל	3605	HNcmsc
Judg 11:22	גְּב֣וּל	1366	HNcmsc
Judg 11:22	הָ/אֱמֹרִ֑י	d/567	HTd/Ngmsa
Judg 11:22	מֵֽ/אַרְנוֹן֙	m/769	HR/Np
Judg 11:22	וְ/עַד	c/5704	HC/R
Judg 11:22	הַ/יַּבֹּ֔ק	d/2999	HTd/Np
Judg 11:22	וּ/מִן	c/4480 a	HC/R
Judg 11:22	הַ/מִּדְבָּ֖ר	d/4057 b	HTd/Ncmsa
Judg 11:22	וְ/עַד	c/5704	HC/R
Judg 11:22	הַ/יַּרְדֵּֽן	d/3383	HTd/Np
Judg 11:23	וְ/עַתָּ֞ה	c/6258	HC/D
Judg 11:23	יְהוָ֣ה	3068	HNp
Judg 11:23	אֱלֹהֵ֣י	430	HNcmpc
Judg 11:23	יִשְׂרָאֵ֗ל	3478	HNp
Judg 11:23	הוֹרִישׁ֙	3423	HVhp3ms
Judg 11:23	אֶת	853	HTo
Judg 11:23	הָ֣/אֱמֹרִ֔י	d/567	HTd/Ngmsa
Judg 11:23	מִ/פְּנֵ֖י	m/6440	HR/Ncbpc
Judg 11:23	עַמּ֣/וֹ	5971 a	HNcmsc/Sp3ms
Judg 11:23	יִשְׂרָאֵ֑ל	3478	HNp
Judg 11:23	וְ/אַתָּ֖ה	c/859 a	HC/Pp2ms
Judg 11:23	תִּירָשֶֽׁ/נּוּ	3423	HVqi2ms/Sp3ms
Judg 11:24	הֲ/לֹ֞א	i/3808	HTi/Tn
Judg 11:24	אֵ֣ת	853	HTo
Judg 11:24	אֲשֶׁ֧ר	834 a	HTr
Judg 11:24	יוֹרִֽישְׁ/ךָ֛	3423	HVhi3ms/Sp2ms
Judg 11:24	כְּמ֥וֹשׁ	3645	HNp
Judg 11:24	אֱלֹהֶ֖י/ךָ	430	HNcmpc/Sp2ms
Judg 11:24	אוֹת֥/וֹ	853	HTo/Sp3ms
Judg 11:24	תִירָ֑שׁ	3423	HVqi2ms
Judg 11:24	וְ/אֵת֩	c/853	HC/To
Judg 11:24	כָּל	3605	HNcmsc
Judg 11:24	אֲשֶׁ֨ר	834 a	HTr
Judg 11:24	הוֹרִ֜ישׁ	3423	HVhp3ms
Judg 11:24	יְהוָ֧ה	3068	HNp
Judg 11:24	אֱלֹהֵ֛י/נוּ	430	HNcmpc/Sp1cp
Judg 11:24	מִ/פָּנֵ֖י/נוּ	m/6440	HR/Ncbpc/Sp1cp
Judg 11:24	אוֹת֥/וֹ	853	HTo/Sp3ms
Judg 11:24	נִירָֽשׁ	3423	HVqi1cp
Judg 11:25	וְ/עַתָּ֗ה	c/6258	HC/D
Judg 11:25	הֲ/ט֥וֹב	i/2896 a	HTi/Aamsa
Judg 11:25	טוֹב֙	2896 a	HAamsa
Judg 11:25	אַתָּ֔ה	859 a	HPp2ms
Judg 11:25	מִ/בָּלָ֥ק	m/1111	HR/Np
Judg 11:25	בֶּן	1121 a	HNcmsc
Judg 11:25	צִפּ֖וֹר	6834	HNp
Judg 11:25	מֶ֣לֶךְ	4428	HNcmsc
Judg 11:25	מוֹאָ֑ב	4124	HNp
Judg 11:25	הֲ/ר֥וֹב	i/7378	HTi/Vqa
Judg 11:25	רָב֙	7378	HVqp3ms
Judg 11:25	עִם	5973 a	HR
Judg 11:25	יִשְׂרָאֵ֔ל	3478	HNp
Judg 11:25	אִם	518 a	HC
Judg 11:25	נִלְחֹ֥ם	3898 a	HVNa
Judg 11:25	נִלְחַ֖ם	3898 a	HVNp3ms
Judg 11:25	בָּֽ/ם	b	HR/Sp3mp
Judg 11:26	בְּ/שֶׁ֣בֶת	b/3427	HR/Vqc
Judg 11:26	יִ֠שְׂרָאֵל	3478	HNp
Judg 11:26	בְּ/חֶשְׁבּ֨וֹן	b/2809	HR/Np
Judg 11:26	וּ/בִ/בְנוֹתֶ֜י/הָ	c/b/1323	HC/R/Ncfpc/Sp3fs
Judg 11:26	וּ/בְ/עַרְע֣וֹר	c/b/6177	HC/R/Np
Judg 11:26	וּ/בִ/בְנוֹתֶ֗י/הָ	c/b/1323	HC/R/Ncfpc/Sp3fs
Judg 11:26	וּ/בְ/כָל	c/b/3605	HC/R/Ncmsc
Judg 11:26	הֶֽ/עָרִים֙	d/5892 b	HTd/Ncfpa
Judg 11:26	אֲשֶׁר֙	834 a	HTr
Judg 11:26	עַל	5921 a	HR
Judg 11:26	יְדֵ֣י	3027	HNcbdc
Judg 11:26	אַרְנ֔וֹן	769	HNp
Judg 11:26	שְׁלֹ֥שׁ	7969	HAcfsa
Judg 11:26	מֵא֖וֹת	3967	HAcbpa
Judg 11:26	שָׁנָ֑ה	8141	HNcfsa
Judg 11:26	וּ/מַדּ֥וּעַ	c/4069	HC/Ti
Judg 11:26	לֹֽא	3808	HTn
Judg 11:26	הִצַּלְתֶּ֖ם	5337	HVhp2mp
Judg 11:26	בָּ/עֵ֥ת	b/6256	HRd/Ncbsa
Judg 11:26	הַ/הִֽיא	d/1931	HTd/Pp3fs
Judg 11:27	וְ/אָֽנֹכִי֙	c/595	HC/Pp1cs
Judg 11:27	לֹֽא	3808	HTn
Judg 11:27	חָטָ֣אתִי	2398	HVqp1cs
Judg 11:27	לָ֔/ךְ	l	HR/Sp2fs
Judg 11:27	וְ/אַתָּ֞ה	c/859 a	HC/Pp2ms
Judg 11:27	עֹשֶׂ֥ה	6213 a	HVqrmsa
Judg 11:27	אִתִּ֛/י	854	HR/Sp1cs
Judg 11:27	רָעָ֖ה	7451 c	HNcfsa
Judg 11:27	לְ/הִלָּ֣חֶם	l/3898 a	HR/VNc
Judg 11:27	בִּ֑/י	b	HR/Sp1cs
Judg 11:27	יִשְׁפֹּ֨ט	8199	HVqi3ms
Judg 11:27	יְהוָ֤ה	3068	HNp
Judg 11:27	הַ/שֹּׁפֵט֙	d/8199	HTd/Vqrmsa
Judg 11:27	הַ/יּ֔וֹם	d/3117	HTd/Ncmsa
Judg 11:27	בֵּ֚ין	996	HR
Judg 11:27	בְּנֵ֣י	1121 a	HNcmpc
Judg 11:27	יִשְׂרָאֵ֔ל	3478	HNp
Judg 11:27	וּ/בֵ֖ין	c/996	HC/R
Judg 11:27	בְּנֵ֥י	1121 a	HNcmpc
Judg 11:27	עַמּֽוֹן	5983	HNp
Judg 11:28	וְ/לֹ֣א	c/3808	HC/Tn
Judg 11:28	שָׁמַ֔ע	8085	HVqp3ms
Judg 11:28	מֶ֖לֶךְ	4428	HNcmsc
Judg 11:28	בְּנֵ֣י	1121 a	HNcmpc
Judg 11:28	עַמּ֑וֹן	5983	HNp
Judg 11:28	אֶל	413	HR
Judg 11:28	דִּבְרֵ֣י	1697	HNcmpc
Judg 11:28	יִפְתָּ֔ח	3316	HNp
Judg 11:28	אֲשֶׁ֥ר	834 a	HTr
Judg 11:28	שָׁלַ֖ח	7971	HVqp3ms
Judg 11:28	אֵלָֽי/ו	413	HR/Sp3ms
Judg 11:29	וַ/תְּהִ֤י	c/1961	HC/Vqw3fs
Judg 11:29	עַל	5921 a	HR
Judg 11:29	יִפְתָּח֙	3316	HNp
Judg 11:29	ר֣וּחַ	7307	HNcbsc
Judg 11:29	יְהוָ֔ה	3068	HNp
Judg 11:29	וַ/יַּעֲבֹ֥ר	c/5674 a	HC/Vqw3ms
Judg 11:29	אֶת	853	HTo
Judg 11:29	הַ/גִּלְעָ֖ד	d/1568	HTd/Np
Judg 11:29	וְ/אֶת	c/853	HC/To
Judg 11:29	מְנַשֶּׁ֑ה	4519	HNp
Judg 11:29	וַֽ/יַּעֲבֹר֙	c/5674 a	HC/Vqw3ms
Judg 11:29	אֶת	853	HTo
Judg 11:29	מִצְפֵּ֣ה	4708	HNp
Judg 11:29	גִלְעָ֔ד	1568	HNp
Judg 11:29	וּ/מִ/מִּצְפֵּ֣ה	c/m/4708	HC/R/Np
Judg 11:29	גִלְעָ֔ד	1568	HNp
Judg 11:29	עָבַ֖ר	5674 a	HVqp3ms
Judg 11:29	בְּנֵ֥י	1121 a	HNcmpc
Judg 11:29	עַמּֽוֹן	5983	HNp
Judg 11:30	וַ/יִּדַּ֨ר	c/5087	HC/Vqw3ms
Judg 11:30	יִפְתָּ֥ח	3316	HNp
Judg 11:30	נֶ֛דֶר	5088	HNcmsa
Judg 11:30	לַ/יהוָ֖ה	l/3068	HR/Np
Judg 11:30	וַ/יֹּאמַ֑ר	c/559	HC/Vqw3ms
Judg 11:30	אִם	518 a	HC
Judg 11:30	נָת֥וֹן	5414	HVqa
Judg 11:30	תִּתֵּ֛ן	5414	HVqi2ms
Judg 11:30	אֶת	853	HTo
Judg 11:30	בְּנֵ֥י	1121 a	HNcmpc
Judg 11:30	עַמּ֖וֹן	5983	HNp
Judg 11:30	בְּ/יָדִֽ/י	b/3027	HR/Ncbsc/Sp1cs
Judg 11:31	וְ/הָיָ֣ה	c/1961	HC/Vqq3ms
Judg 11:31	הַ/יּוֹצֵ֗א	d/3318	HTd/Vqrmsa
Judg 11:31	אֲשֶׁ֨ר	834 a	HTr
Judg 11:31	יֵצֵ֜א	3318	HVqi3ms
Judg 11:31	מִ/דַּלְתֵ֤י	m/1817 c	HR/Ncfdc
Judg 11:31	בֵיתִ/י֙	1004 b	HNcmsc/Sp1cs
Judg 11:31	לִ/קְרָאתִ֔/י	l/7125	HR/Vqc/Sp1cs
Judg 11:31	בְּ/שׁוּבִ֥/י	b/7725	HR/Vqc/Sp1cs
Judg 11:31	בְ/שָׁל֖וֹם	b/7965	HR/Ncmsa
Judg 11:31	מִ/בְּנֵ֣י	m/1121 a	HR/Ncmpc
Judg 11:31	עַמּ֑וֹן	5983	HNp
Judg 11:31	וְ/הָיָה֙	c/1961	HC/Vqq3ms
Judg 11:31	לַֽ/יהוָ֔ה	l/3068	HR/Np
Judg 11:31	וְ/הַעֲלִיתִ֖/הוּ	c/5927	HC/Vhq1cs/Sp3ms
Judg 11:31	עוֹלָֽה	5930 a	HNcfsa
Judg 11:32	וַ/יַּעֲבֹ֥ר	c/5674 a	HC/Vqw3ms
Judg 11:32	יִפְתָּ֛ח	3316	HNp
Judg 11:32	אֶל	413	HR
Judg 11:32	בְּנֵ֥י	1121 a	HNcmpc
Judg 11:32	עַמּ֖וֹן	5983	HNp
Judg 11:32	לְ/הִלָּ֣חֶם	l/3898 a	HR/VNc
Judg 11:32	בָּ֑/ם	b	HR/Sp3mp
Judg 11:32	וַ/יִתְּנֵ֥/ם	c/5414	HC/Vqw3ms/Sp3mp
Judg 11:32	יְהוָ֖ה	3068	HNp
Judg 11:32	בְּ/יָדֽ/וֹ	b/3027	HR/Ncbsc/Sp3ms
Judg 11:33	וַ/יַּכֵּ֡/ם	c/5221	HC/Vhw3ms/Sp3mp
Judg 11:33	מֵ/עֲרוֹעֵר֩	m/6177	HR/Np
Judg 11:33	וְ/עַד	c/5704	HC/R
Judg 11:33	בּוֹאֲ/ךָ֨	935	HVqc/Sp2ms
Judg 11:33	מִנִּ֜ית	4511	HNp
Judg 11:33	עֶשְׂרִ֣ים	6242	HAcbpa
Judg 11:33	עִ֗יר	5892 b	HNcfsa
Judg 11:33	וְ/עַד֙	c/5704	HC/R
Judg 11:33	אָבֵ֣ל	64+	HNp
Judg 11:33	כְּרָמִ֔ים	64	HNp
Judg 11:33	מַכָּ֖ה	4347	HNcfsa
Judg 11:33	גְּדוֹלָ֣ה	1419 a	HAafsa
Judg 11:33	מְאֹ֑ד	3966	HD
Judg 11:33	וַ/יִּכָּֽנְעוּ֙	c/3665	HC/VNw3mp
Judg 11:33	בְּנֵ֣י	1121 a	HNcmpc
Judg 11:33	עַמּ֔וֹן	5983	HNp
Judg 11:33	מִ/פְּנֵ֖י	m/6440	HR/Ncbpc
Judg 11:33	בְּנֵ֥י	1121 a	HNcmpc
Judg 11:33	יִשְׂרָאֵֽל	3478	HNp
Judg 11:34	וַ/יָּבֹ֨א	c/935	HC/Vqw3ms
Judg 11:34	יִפְתָּ֣ח	3316	HNp
Judg 11:34	הַ/מִּצְפָּה֮	d/4709	HTd/Np
Judg 11:34	אֶל	413	HR
Judg 11:34	בֵּית/וֹ֒	1004 b	HNcmsc/Sp3ms
Judg 11:34	וְ/הִנֵּ֤ה	c/2009	HC/Tm
Judg 11:34	בִתּ/וֹ֙	1323	HNcfsc/Sp3ms
Judg 11:34	יֹצֵ֣את	3318	HVqrfsa
Judg 11:34	לִ/קְרָאת֔/וֹ	l/7125	HR/Vqc/Sp3ms
Judg 11:34	בְ/תֻפִּ֖ים	b/8596	HR/Ncmpa
Judg 11:34	וּ/בִ/מְחֹל֑וֹת	c/b/4246	HC/R/Ncfpa
Judg 11:34	וְ/רַק֙	c/7535	HC/Ta
Judg 11:34	הִ֣יא	1931	HPp3fs
Judg 11:34	יְחִידָ֔ה	3173	HAafsa
Judg 11:34	אֵֽין	369	HTn
Judg 11:34	ל֥/וֹ	l	HR/Sp3ms
Judg 11:34	מִמֶּ֛/נּוּ	4480 a	HR/Sp1cp
Judg 11:34	בֵּ֖ן	1121 a	HNcmsa
Judg 11:34	אוֹ	176 a	HC
Judg 11:34	בַֽת	1323	HNcfsa
Judg 11:35	וַ/יְהִי֩	c/1961	HC/Vqw3ms
Judg 11:35	כִ/רְאוֹת֨/וֹ	k/7200	HR/Vqc/Sp3ms
Judg 11:35	אוֹתָ֜/הּ	853	HTo/Sp3fs
Judg 11:35	וַ/יִּקְרַ֣ע	c/7167	HC/Vqw3ms
Judg 11:35	אֶת	853	HTo
Judg 11:35	בְּגָדָ֗י/ו	899 b	HNcmpc/Sp3ms
Judg 11:35	וַ/יֹּ֨אמֶר֙	c/559	HC/Vqw3ms
Judg 11:35	אֲהָ֤הּ	162	HTj
Judg 11:35	בִּתִּ/י֙	1323	HNcfsc/Sp1cs
Judg 11:35	הַכְרֵ֣עַ	3766	HVha
Judg 11:35	הִכְרַעְתִּ֔/נִי	3766	HVhp2fs/Sp1cs
Judg 11:35	וְ/אַ֖תְּ	c/859 c	HC/Pp2fs
Judg 11:35	הָיִ֣יתְ	1961	HVqp2fs
Judg 11:35	בְּ/עֹֽכְרָ֑/י	b/5916	HR/Vqrmpc/Sp1cs
Judg 11:35	וְ/אָנֹכִ֗י	c/595	HC/Pp1cs
Judg 11:35	פָּצִ֤יתִי	6475	HVqp1cs
Judg 11:35	פִ/י֙	6310	HNcmsc/Sp1cs
Judg 11:35	אֶל	413	HR
Judg 11:35	יְהוָ֔ה	3068	HNp
Judg 11:35	וְ/לֹ֥א	c/3808	HC/Tn
Judg 11:35	אוּכַ֖ל	3201	HVqi1cs
Judg 11:35	לָ/שֽׁוּב	l/7725	HR/Vqc
Judg 11:36	וַ/תֹּ֣אמֶר	c/559	HC/Vqw3fs
Judg 11:36	אֵלָ֗י/ו	413	HR/Sp3ms
Judg 11:36	אָבִ/י֙	1	HNcmsc/Sp1cs
Judg 11:36	פָּצִ֤יתָה	6475	HVqp2ms
Judg 11:36	אֶת	853	HTo
Judg 11:36	פִּ֨י/ךָ֙	6310	HNcmsc/Sp2ms
Judg 11:36	אֶל	413	HR
Judg 11:36	יְהוָ֔ה	3068	HNp
Judg 11:36	עֲשֵׂ֣ה	6213 a	HVqv2ms
Judg 11:36	לִ֔/י	l	HR/Sp1cs
Judg 11:36	כַּ/אֲשֶׁ֖ר	k/834 d	HR/Tr
Judg 11:36	יָצָ֣א	3318	HVqp3ms
Judg 11:36	מִ/פִּ֑י/ךָ	m/6310	HR/Ncmsc/Sp2ms
Judg 11:36	אַחֲרֵ֡י	310 a	HR
Judg 11:36	אֲשֶׁ֣ר	834 a	HTr
Judg 11:36	עָשָׂה֩	6213 a	HVqp3ms
Judg 11:36	לְ/ךָ֙	l	HR/Sp2ms
Judg 11:36	יְהוָ֧ה	3068	HNp
Judg 11:36	נְקָמ֛וֹת	5360	HNcfpa
Judg 11:36	מֵ/אֹיְבֶ֖י/ךָ	m/341	HR/Vqrmpc/Sp2ms
Judg 11:36	מִ/בְּנֵ֥י	m/1121 a	HR/Ncmpc
Judg 11:36	עַמּֽוֹן	5983	HNp
Judg 11:37	וַ/תֹּ֨אמֶר֙	c/559	HC/Vqw3fs
Judg 11:37	אֶל	413	HR
Judg 11:37	אָבִ֔י/הָ	1	HNcmsc/Sp3fs
Judg 11:37	יֵעָ֥שֶׂה	6213 a	HVNi3ms
Judg 11:37	לִּ֖/י	l	HR/Sp1cs
Judg 11:37	הַ/דָּבָ֣ר	d/1697	HTd/Ncmsa
Judg 11:37	הַ/זֶּ֑ה	d/2088	HTd/Pdxms
Judg 11:37	הַרְפֵּ֨ה	7503	HVhv2ms
Judg 11:37	מִמֶּ֜/נִּי	4480 a	HR/Sp1cs
Judg 11:37	שְׁנַ֣יִם	8147	HAcmda
Judg 11:37	חֳדָשִׁ֗ים	2320	HNcmpa
Judg 11:37	וְ/אֵֽלְכָה֙	c/3212	HC/Vqh1cs
Judg 11:37	וְ/יָרַדְתִּ֣י	c/3381	HC/Vqq1cs
Judg 11:37	עַל	5921 a	HR
Judg 11:37	הֶֽ/הָרִ֔ים	d/2022	HTd/Ncmpa
Judg 11:37	וְ/אֶבְכֶּה֙	c/1058	HC/Vqi1cs
Judg 11:37	עַל	5921 a	HR
Judg 11:37	בְּתוּלַ֔/י	1331	HNcbpc/Sp1cs
Judg 11:37	אָנֹכִ֖י	595	HPp1cs
Judg 11:37	ו/רעית/י	c/7474	HC/Ncfpc/Sp1cs
Judg 11:38	וַ/יֹּ֣אמֶר	c/559	HC/Vqw3ms
Judg 11:38	לֵ֔כִי	3212	HVqv2fs
Judg 11:38	וַ/יִּשְׁלַ֥ח	c/7971	HC/Vqw3ms
Judg 11:38	אוֹתָ֖/הּ	853	HTo/Sp3fs
Judg 11:38	שְׁנֵ֣י	8147	HAcmdc
Judg 11:38	חֳדָשִׁ֑ים	2320	HNcmpa
Judg 11:38	וַ/תֵּ֤לֶךְ	c/3212	HC/Vqw3fs
Judg 11:38	הִיא֙	1931	HPp3fs
Judg 11:38	וְ/רֵ֣עוֹתֶ֔י/הָ	c/7464	HC/Ncfpc/Sp3fs
Judg 11:38	וַ/תֵּ֥בְךְּ	c/1058	HC/Vqw3fs
Judg 11:38	עַל	5921 a	HR
Judg 11:38	בְּתוּלֶ֖י/הָ	1331	HNcbpc/Sp3fs
Judg 11:38	עַל	5921 a	HR
Judg 11:38	הֶ/הָרִֽים	d/2022	HTd/Ncmpa
Judg 11:39	וַ/יְהִ֞י	c/1961	HC/Vqw3ms
Judg 11:39	מִ/קֵּ֣ץ	m/7093	HR/Ncmsc
Judg 11:39	שְׁנַ֣יִם	8147	HAcmda
Judg 11:39	חֳדָשִׁ֗ים	2320	HNcmpa
Judg 11:39	וַ/תָּ֨שָׁב֙	c/7725	HC/Vqw3fs
Judg 11:39	אֶל	413	HR
Judg 11:39	אָבִ֔י/הָ	1	HNcmsc/Sp3fs
Judg 11:39	וַ/יַּ֣עַשׂ	c/6213 a	HC/Vqw3ms
Judg 11:39	לָ֔/הּ	l	HR/Sp3fs
Judg 11:39	אֶת	853	HTo
Judg 11:39	נִדְר֖/וֹ	5088	HNcmsc/Sp3ms
Judg 11:39	אֲשֶׁ֣ר	834 a	HTr
Judg 11:39	נָדָ֑ר	5087	HVqp3ms
Judg 11:39	וְ/הִיא֙	c/1931	HC/Pp3fs
Judg 11:39	לֹא	3808	HTn
Judg 11:39	יָדְעָ֣ה	3045	HVqp3fs
Judg 11:39	אִ֔ישׁ	376	HNcmsa
Judg 11:39	וַ/תְּהִי	c/1961	HC/Vqw3fs
Judg 11:39	חֹ֖ק	2706	HNcmsa
Judg 11:39	בְּ/יִשְׂרָאֵֽל	b/3478	HR/Np
Judg 11:40	מִ/יָּמִ֣ים	m/3117	HR/Ncmpa
Judg 11:40	יָמִ֗ימָ/ה	3117	HNcmpa/Sd
Judg 11:40	תֵּלַ֨כְנָה֙	3212	HVqi3fp
Judg 11:40	בְּנ֣וֹת	1323	HNcfpc
Judg 11:40	יִשְׂרָאֵ֔ל	3478	HNp
Judg 11:40	לְ/תַנּ֕וֹת	l/8567	HR/Vpc
Judg 11:40	לְ/בַת	l/1323	HR/Ncfsc
Judg 11:40	יִפְתָּ֖ח	3316	HNp
Judg 11:40	הַ/גִּלְעָדִ֑י	d/1569	HTd/Ngmsa
Judg 11:40	אַרְבַּ֥עַת	702	HAcmsc
Judg 11:40	יָמִ֖ים	3117	HNcmpa
Judg 11:40	בַּ/שָּׁנָֽה	b/8141	HRd/Ncfsa
Judg 12:1	וַ/יִּצָּעֵק֙	c/6817	HC/VNw3ms
Judg 12:1	אִ֣ישׁ	376	HNcmsc
Judg 12:1	אֶפְרַ֔יִם	669	HNp
Judg 12:1	וַֽ/יַּעֲבֹ֖ר	c/5674 a	HC/Vqw3ms
Judg 12:1	צָפ֑וֹנָ/ה	6828	HNcfsa/Sd
Judg 12:1	וַ/יֹּאמְר֨וּ	c/559	HC/Vqw3mp
Judg 12:1	לְ/יִפְתָּ֜ח	l/3316	HR/Np
Judg 12:1	מַדּ֣וּעַ	4069	HTi
Judg 12:1	עָבַ֣רְתָּ	5674 a	HVqp2ms
Judg 12:1	לְ/הִלָּחֵ֣ם	l/3898 a	HR/VNc
Judg 12:1	בִּ/בְנֵי	b/1121 a	HR/Ncmpc
Judg 12:1	עַמּ֗וֹן	5983	HNp
Judg 12:1	וְ/לָ֨/נוּ֙	c/l	HC/R/Sp1cp
Judg 12:1	לֹ֤א	3808	HTn
Judg 12:1	קָרָ֨אתָ֙	7121	HVqp2ms
Judg 12:1	לָ/לֶ֣כֶת	l/3212	HR/Vqc
Judg 12:1	עִמָּ֔/ךְ	5973 a	HR/Sp2fs
Judg 12:1	בֵּיתְ/ךָ֕	1004 b	HNcmsc/Sp2ms
Judg 12:1	נִשְׂרֹ֥ף	8313	HVqi1cp
Judg 12:1	עָלֶ֖י/ךָ	5921 a	HR/Sp2ms
Judg 12:1	בָּ/אֵֽשׁ	b/784	HRd/Ncbsa
Judg 12:2	וַ/יֹּ֤אמֶר	c/559	HC/Vqw3ms
Judg 12:2	יִפְתָּח֙	3316	HNp
Judg 12:2	אֲלֵי/הֶ֔ם	413	HR/Sp3mp
Judg 12:2	אִ֣ישׁ	376	HNcmsc
Judg 12:2	רִ֗יב	7379	HNcbsa
Judg 12:2	הָיִ֛יתִי	1961	HVqp1cs
Judg 12:2	אֲנִ֛י	589	HPp1cs
Judg 12:2	וְ/עַמִּ֥/י	c/5971 a	HC/Ncmsc/Sp1cs
Judg 12:2	וּ/בְנֵֽי	c/1121 a	HC/Ncmpc
Judg 12:2	עַמּ֖וֹן	5983	HNp
Judg 12:2	מְאֹ֑ד	3966	HD
Judg 12:2	וָ/אֶזְעַ֣ק	c/2199	HC/Vqw1cs
Judg 12:2	אֶתְ/כֶ֔ם	853	HTo/Sp2mp
Judg 12:2	וְ/לֹֽא	c/3808	HC/Tn
Judg 12:2	הוֹשַׁעְתֶּ֥ם	3467	HVhp2mp
Judg 12:2	אוֹתִ֖/י	853	HTo/Sp1cs
Judg 12:2	מִ/יָּדָֽ/ם	m/3027	HR/Ncbsc/Sp3mp
Judg 12:3	וָֽ/אֶרְאֶ֞ה	c/7200	HC/Vqw1cs
Judg 12:3	כִּֽי	3588 a	HC
Judg 12:3	אֵינְ/ךָ֣	369	HTn/Sp2ms
Judg 12:3	מוֹשִׁ֗יע	3467	HVhrmsa
Judg 12:3	וָ/אָשִׂ֨ימָ/ה	c/7760 a	HC/Vqw1cs/Sh
Judg 12:3	נַפְשִׁ֤/י	5315	HNcbsc/Sp1cs
Judg 12:3	בְ/כַפִּ/י֙	b/3709	HR/Ncfsc/Sp1cs
Judg 12:3	וָֽ/אֶעְבְּרָ/ה֙	c/5674 a	HC/Vqw1cs/Sh
Judg 12:3	אֶל	413	HR
Judg 12:3	בְּנֵ֣י	1121 a	HNcmpc
Judg 12:3	עַמּ֔וֹן	5983	HNp
Judg 12:3	וַ/יִּתְּנֵ֥/ם	c/5414	HC/Vqw3ms/Sp3mp
Judg 12:3	יְהוָ֖ה	3068	HNp
Judg 12:3	בְּ/יָדִ֑/י	b/3027	HR/Ncbsc/Sp1cs
Judg 12:3	וְ/לָ/מָ֞ה	c/l/4100	HC/R/Ti
Judg 12:3	עֲלִיתֶ֥ם	5927	HVqp2mp
Judg 12:3	אֵלַ֛/י	413	HR/Sp1cs
Judg 12:3	הַ/יּ֥וֹם	d/3117	HTd/Ncmsa
Judg 12:3	הַ/זֶּ֖ה	d/2088	HTd/Pdxms
Judg 12:3	לְ/הִלָּ֥חֶם	l/3898 a	HR/VNc
Judg 12:3	בִּֽ/י	b	HR/Sp1cs
Judg 12:4	וַ/יִּקְבֹּ֤ץ	c/6908	HC/Vqw3ms
Judg 12:4	יִפְתָּח֙	3316	HNp
Judg 12:4	אֶת	853	HTo
Judg 12:4	כָּל	3605	HNcmsc
Judg 12:4	אַנְשֵׁ֣י	376	HNcmpc
Judg 12:4	גִלְעָ֔ד	1568	HNp
Judg 12:4	וַ/יִּלָּ֖חֶם	c/3898 a	HC/VNw3ms
Judg 12:4	אֶת	854	HR
Judg 12:4	אֶפְרָ֑יִם	669	HNp
Judg 12:4	וַ/יַּכּוּ֩	c/5221	HC/Vhw3mp
Judg 12:4	אַנְשֵׁ֨י	376	HNcmpc
Judg 12:4	גִלְעָ֜ד	1568	HNp
Judg 12:4	אֶת	853	HTo
Judg 12:4	אֶפְרַ֗יִם	669	HNp
Judg 12:4	כִּ֤י	3588 a	HC
Judg 12:4	אָמְרוּ֙	559	HVqp3cp
Judg 12:4	פְּלִיטֵ֤י	6412 a	HNcmpc
Judg 12:4	אֶפְרַ֨יִם֙	669	HNp
Judg 12:4	אַתֶּ֔ם	859 d	HPp2mp
Judg 12:4	גִּלְעָ֕ד	1568	HNp
Judg 12:4	בְּ/ת֥וֹךְ	b/8432	HR/Ncmsc
Judg 12:4	אֶפְרַ֖יִם	669	HNp
Judg 12:4	בְּ/ת֥וֹךְ	b/8432	HR/Ncmsc
Judg 12:4	מְנַשֶּֽׁה	4519	HNp
Judg 12:5	וַ/יִּלְכֹּ֥ד	c/3920	HC/Vqw3ms
Judg 12:5	גִּלְעָ֛ד	1568	HNp
Judg 12:5	אֶֽת	853	HTo
Judg 12:5	מַעְבְּר֥וֹת	4569 b	HNcfpc
Judg 12:5	הַ/יַּרְדֵּ֖ן	d/3383	HTd/Np
Judg 12:5	לְ/אֶפְרָ֑יִם	l/669	HR/Np
Judg 12:5	וְֽ֠/הָיָה	c/1961	HC/Vqp3ms
Judg 12:5	כִּ֣י	3588 a	HC
Judg 12:5	יֹאמְר֞וּ	559	HVqi3mp
Judg 12:5	פְּלִיטֵ֤י	6412 a	HNcmpc
Judg 12:5	אֶפְרַ֨יִם֙	669	HNp
Judg 12:5	אֶעֱבֹ֔רָה	5674 a	HVqi1cs
Judg 12:5	וַ/יֹּ֨אמְרוּ	c/559	HC/Vqw3mp
Judg 12:5	ל֧/וֹ	l	HR/Sp3ms
Judg 12:5	אַנְשֵֽׁי	376	HNcmpc
Judg 12:5	גִלְעָ֛ד	1568	HNp
Judg 12:5	הַֽ/אֶפְרָתִ֥י	i/673	HTd/Ngmsa
Judg 12:5	אַ֖תָּה	859 a	HPp2ms
Judg 12:5	וַ/יֹּ֥אמֶֽר	c/559	HC/Vqw3ms
Judg 12:5	לֹֽא	3808	HTn
Judg 12:6	וַ/יֹּ֣אמְרוּ	c/559	HC/Vqw3mp
Judg 12:6	ל/וֹ֩	l	HR/Sp3ms
Judg 12:6	אֱמָר	559	HVqv2ms
Judg 12:6	נָ֨א	4994	HTe
Judg 12:6	שִׁבֹּ֜לֶת	7641 a	HNcfsa
Judg 12:6	וַ/יֹּ֣אמֶר	c/559	HC/Vqw3ms
Judg 12:6	סִבֹּ֗לֶת	5451	HNcfsa
Judg 12:6	וְ/לֹ֤א	c/3808	HC/Tn
Judg 12:6	יָכִין֙	3559 a	HVhi3ms
Judg 12:6	לְ/דַבֵּ֣ר	l/1696	HR/Vpc
Judg 12:6	כֵּ֔ן	3651 a	HTm
Judg 12:6	וַ/יֹּאחֲז֣וּ	c/270	HC/Vqw3mp
Judg 12:6	אוֹת֔/וֹ	853	HTo/Sp3ms
Judg 12:6	וַ/יִּשְׁחָט֖וּ/הוּ	c/7819 a	HC/Vqw3mp/Sp3ms
Judg 12:6	אֶל	413	HR
Judg 12:6	מַעְבְּר֣וֹת	4569 b	HNcfpc
Judg 12:6	הַ/יַּרְדֵּ֑ן	d/3383	HTd/Np
Judg 12:6	וַ/יִּפֹּ֞ל	c/5307	HC/Vqw3ms
Judg 12:6	בָּ/עֵ֤ת	b/6256	HRd/Ncbsa
Judg 12:6	הַ/הִיא֙	d/1931	HTd/Pp3fs
Judg 12:6	מֵֽ/אֶפְרַ֔יִם	m/669	HR/Np
Judg 12:6	אַרְבָּעִ֥ים	705	HAcbpa
Judg 12:6	וּ/שְׁנַ֖יִם	c/8147	HC/Acmda
Judg 12:6	אָֽלֶף	505	HAcbsa
Judg 12:7	וַ/יִּשְׁפֹּ֥ט	c/8199	HC/Vqw3ms
Judg 12:7	יִפְתָּ֛ח	3316	HNp
Judg 12:7	אֶת	853	HTo
Judg 12:7	יִשְׂרָאֵ֖ל	3478	HNp
Judg 12:7	שֵׁ֣שׁ	8337	HAcfsa
Judg 12:7	שָׁנִ֑ים	8141	HNcfpa
Judg 12:7	וַ/יָּ֗מָת	c/4191	HC/Vqw3ms
Judg 12:7	יִפְתָּח֙	3316	HNp
Judg 12:7	הַ/גִּלְעָדִ֔י	d/1569	HTd/Ngmsa
Judg 12:7	וַ/יִּקָּבֵ֖ר	c/6912	HC/VNw3ms
Judg 12:7	בְּ/עָרֵ֥י	b/5892 b	HR/Ncfpc
Judg 12:7	גִלְעָֽד	1568	HNp
Judg 12:8	וַ/יִּשְׁפֹּ֤ט	c/8199	HC/Vqw3ms
Judg 12:8	אַֽחֲרָי/ו֙	310 a	HR/Sp3ms
Judg 12:8	אֶת	853	HTo
Judg 12:8	יִשְׂרָאֵ֔ל	3478	HNp
Judg 12:8	אִבְצָ֖ן	78	HNp
Judg 12:8	מִ/בֵּ֥ית	m/1035+	HR/Np
Judg 12:8	לָֽחֶם	1035	HNp
Judg 12:9	וַ/יְהִי	c/1961	HC/Vqw3ms
Judg 12:9	ל֞/וֹ	l	HR/Sp3ms
Judg 12:9	שְׁלֹשִׁ֣ים	7970	HAcbpa
Judg 12:9	בָּנִ֗ים	1121 a	HNcmpa
Judg 12:9	וּ/שְׁלֹשִׁ֤ים	c/7970	HC/Acbpa
Judg 12:9	בָּנוֹת֙	1323	HNcfpa
Judg 12:9	שִׁלַּ֣ח	7971	HVpp3ms
Judg 12:9	הַ/ח֔וּצָ/ה	d/2351	HTd/Ncmsa/Sd
Judg 12:9	וּ/שְׁלֹשִׁ֣ים	c/7970	HC/Acbpa
Judg 12:9	בָּנ֔וֹת	1323	HNcfpa
Judg 12:9	הֵבִ֥יא	935	HVhp3ms
Judg 12:9	לְ/בָנָ֖י/ו	l/1121 a	HR/Ncmpc/Sp3ms
Judg 12:9	מִן	4480 a	HR
Judg 12:9	הַ/ח֑וּץ	d/2351	HTd/Ncmsa
Judg 12:9	וַ/יִּשְׁפֹּ֥ט	c/8199	HC/Vqw3ms
Judg 12:9	אֶת	853	HTo
Judg 12:9	יִשְׂרָאֵ֖ל	3478	HNp
Judg 12:9	שֶׁ֥בַע	7651	HAcfsa
Judg 12:9	שָׁנִֽים	8141	HNcfpa
Judg 12:10	וַ/יָּ֣מָת	c/4191	HC/Vqw3ms
Judg 12:10	אִבְצָ֔ן	78	HNp
Judg 12:10	וַ/יִּקָּבֵ֖ר	c/6912	HC/VNw3ms
Judg 12:10	בְּ/בֵ֥ית	b/1035+	HR/Np
Judg 12:10	לָֽחֶם	1035	HNp
Judg 12:11	וַ/יִּשְׁפֹּ֤ט	c/8199	HC/Vqw3ms
Judg 12:11	אַֽחֲרָי/ו֙	310 a	HR/Sp3ms
Judg 12:11	אֶת	853	HTo
Judg 12:11	יִשְׂרָאֵ֔ל	3478	HNp
Judg 12:11	אֵיל֖וֹן	356	HNp
Judg 12:11	הַ/זְּבֽוּלֹנִ֑י	d/2075	HTd/Ngmsa
Judg 12:11	וַ/יִּשְׁפֹּ֥ט	c/8199	HC/Vqw3ms
Judg 12:11	אֶת	853	HTo
Judg 12:11	יִשְׂרָאֵ֖ל	3478	HNp
Judg 12:11	עֶ֥שֶׂר	6235	HAcfsa
Judg 12:11	שָׁנִֽים	8141	HNcfpa
Judg 12:12	וַ/יָּ֖מָת	c/4191	HC/Vqw3ms
Judg 12:12	אֵל֣וֹן	356	HNp
Judg 12:12	הַ/זְּבֽוּלֹנִ֑י	d/2075	HTd/Ngmsa
Judg 12:12	וַ/יִּקָּבֵ֥ר	c/6912	HC/VNw3ms
Judg 12:12	בְּ/אַיָּל֖וֹן	b/357	HR/Np
Judg 12:12	בְּ/אֶ֥רֶץ	b/776	HR/Ncbsc
Judg 12:12	זְבוּלֻֽן	2074	HNp
Judg 12:13	וַ/יִּשְׁפֹּ֥ט	c/8199	HC/Vqw3ms
Judg 12:13	אַחֲרָ֖י/ו	310 a	HR/Sp3ms
Judg 12:13	אֶת	853	HTo
Judg 12:13	יִשְׂרָאֵ֑ל	3478	HNp
Judg 12:13	עַבְדּ֥וֹן	5658	HNp
Judg 12:13	בֶּן	1121 a	HNcmsc
Judg 12:13	הִלֵּ֖ל	1985	HNp
Judg 12:13	הַ/פִּרְעָתוֹנִֽי	d/6553	HTd/Ngmsa
Judg 12:14	וַ/יְהִי	c/1961	HC/Vqw3ms
Judg 12:14	ל֞/וֹ	l	HR/Sp3ms
Judg 12:14	אַרְבָּעִ֣ים	705	HAcbpa
Judg 12:14	בָּנִ֗ים	1121 a	HNcmpa
Judg 12:14	וּ/שְׁלֹשִׁים֙	c/7970	HC/Acbpa
Judg 12:14	בְּנֵ֣י	1121 a	HNcmpc
Judg 12:14	בָנִ֔ים	1121 a	HNcmpa
Judg 12:14	רֹכְבִ֖ים	7392	HVqrmpa
Judg 12:14	עַל	5921 a	HR
Judg 12:14	שִׁבְעִ֣ים	7657	HAcbpa
Judg 12:14	עֲיָרִ֑ם	5895	HNcmpa
Judg 12:14	וַ/יִּשְׁפֹּ֥ט	c/8199	HC/Vqw3ms
Judg 12:14	אֶת	853	HTo
Judg 12:14	יִשְׂרָאֵ֖ל	3478	HNp
Judg 12:14	שְׁמֹנֶ֥ה	8083	HAcfsa
Judg 12:14	שָׁנִֽים	8141	HNcfpa
Judg 12:15	וַ/יָּ֛מָת	c/4191	HC/Vqw3ms
Judg 12:15	עַבְדּ֥וֹן	5658	HNp
Judg 12:15	בֶּן	1121 a	HNcmsc
Judg 12:15	הִלֵּ֖ל	1985	HNp
Judg 12:15	הַ/פִּרְעָתוֹנִ֑י	d/6553	HTd/Ngmsa
Judg 12:15	וַ/יִּקָּבֵ֤ר	c/6912	HC/VNw3ms
Judg 12:15	בְּ/פִרְעָתוֹן֙	b/6552	HR/Np
Judg 12:15	בְּ/אֶ֣רֶץ	b/776	HR/Ncbsc
Judg 12:15	אֶפְרַ֔יִם	669	HNp
Judg 12:15	בְּ/הַ֖ר	b/2022	HR/Ncmsc
Judg 12:15	הָ/עֲמָלֵקִֽי	d/6003	HTd/Ngmsa
Judg 13:1	וַ/יֹּסִ֨פוּ֙	c/3254	HC/Vhw3mp
Judg 13:1	בְּנֵ֣י	1121 a	HNcmpc
Judg 13:1	יִשְׂרָאֵ֔ל	3478	HNp
Judg 13:1	לַ/עֲשׂ֥וֹת	l/6213 a	HR/Vqc
Judg 13:1	הָ/רַ֖ע	d/7451	HTd/Aamsa
Judg 13:1	בְּ/עֵינֵ֣י	b/5869 a	HR/Ncbdc
Judg 13:1	יְהוָ֑ה	3068	HNp
Judg 13:1	וַ/יִּתְּנֵ֧/ם	c/5414	HC/Vqw3ms/Sp3mp
Judg 13:1	יְהוָ֛ה	3068	HNp
Judg 13:1	בְּ/יַד	b/3027	HR/Ncbsc
Judg 13:1	פְּלִשְׁתִּ֖ים	6430	HNgmpa
Judg 13:1	אַרְבָּעִ֥ים	705	HAcbpa
Judg 13:1	שָׁנָֽה	8141	HNcfsa
Judg 13:2	וַ/יְהִי֩	c/1961	HC/Vqw3ms
Judg 13:2	אִ֨ישׁ	376	HNcmsa
Judg 13:2	אֶחָ֧ד	259	HAcmsa
Judg 13:2	מִ/צָּרְעָ֛ה	m/6881	HR/Np
Judg 13:2	מִ/מִּשְׁפַּ֥חַת	m/4940	HR/Ncfsc
Judg 13:2	הַ/דָּנִ֖י	d/1839	HTd/Np
Judg 13:2	וּ/שְׁמ֣/וֹ	c/8034	HC/Ncmsc/Sp3ms
Judg 13:2	מָנ֑וֹחַ	4495	HNp
Judg 13:2	וְ/אִשְׁתּ֥/וֹ	c/802	HC/Ncfsc/Sp3ms
Judg 13:2	עֲקָרָ֖ה	6135	HAafsa
Judg 13:2	וְ/לֹ֥א	c/3808	HC/Tn
Judg 13:2	יָלָֽדָה	3205	HVqp3fs
Judg 13:3	וַ/יֵּרָ֥א	c/7200	HC/VNw3ms
Judg 13:3	מַלְאַךְ	4397	HNcmsc
Judg 13:3	יְהוָ֖ה	3068	HNp
Judg 13:3	אֶל	413	HR
Judg 13:3	הָ/אִשָּׁ֑ה	d/802	HTd/Ncfsa
Judg 13:3	וַ/יֹּ֣אמֶר	c/559	HC/Vqw3ms
Judg 13:3	אֵלֶ֗י/הָ	413	HR/Sp3fs
Judg 13:3	הִנֵּה	2009	HTm
Judg 13:3	נָ֤א	4994	HTe
Judg 13:3	אַתְּ	859 c	HPp2fs
Judg 13:3	עֲקָרָה֙	6135	HAafsa
Judg 13:3	וְ/לֹ֣א	c/3808	HC/Tn
Judg 13:3	יָלַ֔דְתְּ	3205	HVqp2fs
Judg 13:3	וְ/הָרִ֖ית	c/2029	HC/Vqp2fs
Judg 13:3	וְ/יָלַ֥דְתְּ	c/3205	HC/Vqp2fs
Judg 13:3	בֵּֽן	1121 a	HNcmsa
Judg 13:4	וְ/עַתָּה֙	c/6258	HC/D
Judg 13:4	הִשָּׁ֣מְרִי	8104	HVNv2fs
Judg 13:4	נָ֔א	4994	HTe
Judg 13:4	וְ/אַל	c/408	HC/Tn
Judg 13:4	תִּשְׁתִּ֖י	8354	HVqj2fs
Judg 13:4	יַ֣יִן	3196	HNcmsa
Judg 13:4	וְ/שֵׁכָ֑ר	c/7941	HC/Ncmsa
Judg 13:4	וְ/אַל	c/408	HC/Tn
Judg 13:4	תֹּאכְלִ֖י	398	HVqj2fs
Judg 13:4	כָּל	3605	HNcmsc
Judg 13:4	טָמֵֽא	2931	HAamsa
Judg 13:5	כִּי֩	3588 a	HC
Judg 13:5	הִנָּ֨/ךְ	2009	HTm/Sp2fs
Judg 13:5	הָרָ֜ה	2030	HAafsa
Judg 13:5	וְ/יֹלַ֣דְתְּ	c/3205	HC/Vqq2fs
Judg 13:5	בֵּ֗ן	1121 a	HNcmsa
Judg 13:5	וּ/מוֹרָה֙	c/4177	HC/Ncmsa
Judg 13:5	לֹא	3808	HTn
Judg 13:5	יַעֲלֶ֣ה	5927	HVqi3ms
Judg 13:5	עַל	5921 a	HR
Judg 13:5	רֹאשׁ֔/וֹ	7218 a	HNcmsc/Sp3ms
Judg 13:5	כִּֽי	3588 a	HC
Judg 13:5	נְזִ֧יר	5139	HNcmsc
Judg 13:5	אֱלֹהִ֛ים	430	HNcmpa
Judg 13:5	יִהְיֶ֥ה	1961	HVqi3ms
Judg 13:5	הַ/נַּ֖עַר	d/5288	HTd/Ncmsa
Judg 13:5	מִן	4480 a	HR
Judg 13:5	הַ/בָּ֑טֶן	d/990	HTd/Ncfsa
Judg 13:5	וְ/ה֗וּא	c/1931	HC/Pp3ms
Judg 13:5	יָחֵ֛ל	2490 c	HVhi3ms
Judg 13:5	לְ/הוֹשִׁ֥יעַ	l/3467	HR/Vhc
Judg 13:5	אֶת	853	HTo
Judg 13:5	יִשְׂרָאֵ֖ל	3478	HNp
Judg 13:5	מִ/יַּ֥ד	m/3027	HR/Ncbsc
Judg 13:5	פְּלִשְׁתִּֽים	6430	HNgmpa
Judg 13:6	וַ/תָּבֹ֣א	c/935	HC/Vqw3fs
Judg 13:6	הָ/אִשָּׁ֗ה	d/802	HTd/Ncfsa
Judg 13:6	וַ/תֹּ֣אמֶר	c/559	HC/Vqw3fs
Judg 13:6	לְ/אִישָׁ/הּ֮	l/376	HR/Ncmsc/Sp3fs
Judg 13:6	לֵ/אמֹר֒	l/559	HR/Vqc
Judg 13:6	אִ֤ישׁ	376	HNcmsc
Judg 13:6	הָ/אֱלֹהִים֙	d/430	HTd/Ncmpa
Judg 13:6	בָּ֣א	935	HVqp3ms
Judg 13:6	אֵלַ֔/י	413	HR/Sp1cs
Judg 13:6	וּ/מַרְאֵ֕/הוּ	c/4758	HC/Ncmsc/Sp3ms
Judg 13:6	כְּ/מַרְאֵ֛ה	k/4758	HR/Ncmsc
Judg 13:6	מַלְאַ֥ךְ	4397	HNcmsc
Judg 13:6	הָ/אֱלֹהִ֖ים	d/430	HTd/Ncmpa
Judg 13:6	נוֹרָ֣א	3372	HVNrmsa
Judg 13:6	מְאֹ֑ד	3966	HD
Judg 13:6	וְ/לֹ֤א	c/3808	HC/Tn
Judg 13:6	שְׁאִלְתִּ֨י/הוּ֙	7592	HVqp1cs/Sp3ms
Judg 13:6	אֵֽי	335	HTi
Judg 13:6	מִ/זֶּ֣ה	m/2088	HR/Pdxms
Judg 13:6	ה֔וּא	1931	HPp3ms
Judg 13:6	וְ/אֶת	c/853	HC/To
Judg 13:6	שְׁמ֖/וֹ	8034	HNcmsc/Sp3ms
Judg 13:6	לֹֽא	3808	HTn
Judg 13:6	הִגִּ֥יד	5046	HVhp3ms
Judg 13:6	לִֽ/י	l	HR/Sp1cs
Judg 13:7	וַ/יֹּ֣אמֶר	c/559	HC/Vqw3ms
Judg 13:7	לִ֔/י	l	HR/Sp1cs
Judg 13:7	הִנָּ֥/ךְ	2009	HTm/Sp2fs
Judg 13:7	הָרָ֖ה	2030	HAafsa
Judg 13:7	וְ/יֹלַ֣דְתְּ	c/3205	HC/Vqq2fs
Judg 13:7	בֵּ֑ן	1121 a	HNcmsa
Judg 13:7	וְ/עַתָּ֞ה	c/6258	HC/D
Judg 13:7	אַל	408	HTn
Judg 13:7	תִּשְׁתִּ֣י	8354	HVqj2fs
Judg 13:7	יַ֣יִן	3196	HNcmsa
Judg 13:7	וְ/שֵׁכָ֗ר	c/7941	HC/Ncmsa
Judg 13:7	וְ/אַל	c/408	HC/Tn
Judg 13:7	תֹּֽאכְלִי֙	398	HVqj2fs
Judg 13:7	כָּל	3605	HNcmsc
Judg 13:7	טֻמְאָ֔ה	2932	HNcfsa
Judg 13:7	כִּֽי	3588 a	HC
Judg 13:7	נְזִ֤יר	5139	HNcmsc
Judg 13:7	אֱלֹהִים֙	430	HNcmpa
Judg 13:7	יִהְיֶ֣ה	1961	HVqi3ms
Judg 13:7	הַ/נַּ֔עַר	d/5288	HTd/Ncmsa
Judg 13:7	מִן	4480 a	HR
Judg 13:7	הַ/בֶּ֖טֶן	d/990	HTd/Ncfsa
Judg 13:7	עַד	5704	HR
Judg 13:7	י֥וֹם	3117	HNcmsc
Judg 13:7	מוֹתֽ/וֹ	4194	HNcmsc/Sp3ms
Judg 13:8	וַ/יֶּעְתַּ֥ר	c/6279	HC/Vqw3ms
Judg 13:8	מָנ֛וֹחַ	4495	HNp
Judg 13:8	אֶל	413	HR
Judg 13:8	יְהוָ֖ה	3068	HNp
Judg 13:8	וַ/יֹּאמַ֑ר	c/559	HC/Vqw3ms
Judg 13:8	בִּ֣י	994	HTe
Judg 13:8	אֲדוֹנָ֔/י	136	HNcmpc/Sp1cs
Judg 13:8	אִ֣ישׁ	376	HNcmsc
Judg 13:8	הָ/אֱלֹהִ֞ים	d/430	HTd/Ncmpa
Judg 13:8	אֲשֶׁ֣ר	834 a	HTr
Judg 13:8	שָׁלַ֗חְתָּ	7971	HVqp2ms
Judg 13:8	יָבוֹא	935	HVqj3ms
Judg 13:8	נָ֥א	4994	HTe
Judg 13:8	עוֹד֙	5750	HD
Judg 13:8	אֵלֵ֔י/נוּ	413	HR/Sp1cp
Judg 13:8	וְ/יוֹרֵ֕/נוּ	c/3384 b	HC/Vhi3ms/Sp1cp
Judg 13:8	מַֽה	4100	HTi
Judg 13:8	נַּעֲשֶׂ֖ה	6213 a	HVqi1cp
Judg 13:8	לַ/נַּ֥עַר	l/5288	HRd/Ncmsa
Judg 13:8	הַ/יּוּלָּֽד	d/3205	HTd/VQsmsa
Judg 13:9	וַ/יִּשְׁמַ֥ע	c/8085	HC/Vqw3ms
Judg 13:9	הָ/אֱלֹהִ֖ים	d/430	HTd/Ncmpa
Judg 13:9	בְּ/ק֣וֹל	b/6963 a	HR/Ncmsc
Judg 13:9	מָנ֑וֹחַ	4495	HNp
Judg 13:9	וַ/יָּבֹ֣א	c/935	HC/Vqw3ms
Judg 13:9	מַלְאַךְ֩	4397	HNcmsc
Judg 13:9	הָ/אֱלֹהִ֨ים	d/430	HTd/Ncmpa
Judg 13:9	ע֜וֹד	5750	HD
Judg 13:9	אֶל	413	HR
Judg 13:9	הָ/אִשָּׁ֗ה	d/802	HTd/Ncfsa
Judg 13:9	וְ/הִיא֙	c/1931	HC/Pp3fs
Judg 13:9	יוֹשֶׁ֣בֶת	3427	HVqrfsa
Judg 13:9	בַּ/שָּׂדֶ֔ה	b/7704 b	HRd/Ncmsa
Judg 13:9	וּ/מָנ֥וֹחַ	c/4495	HC/Np
Judg 13:9	אִישָׁ֖/הּ	376	HNcmsc/Sp3fs
Judg 13:9	אֵ֥ין	369	HTn
Judg 13:9	עִמָּֽ/הּ	5973 a	HR/Sp3fs
Judg 13:10	וַ/תְּמַהֵר֙	c/4116 a	HC/Vpw3fs
Judg 13:10	הָֽ/אִשָּׁ֔ה	d/802	HTd/Ncfsa
Judg 13:10	וַ/תָּ֖רָץ	c/7323	HC/Vqw3fs
Judg 13:10	וַ/תַּגֵּ֣ד	c/5046	HC/Vhw3fs
Judg 13:10	לְ/אִישָׁ֑/הּ	l/376	HR/Ncmsc/Sp3fs
Judg 13:10	וַ/תֹּ֣אמֶר	c/559	HC/Vqw3fs
Judg 13:10	אֵלָ֔י/ו	413	HR/Sp3ms
Judg 13:10	הִנֵּ֨ה	2009	HTm
Judg 13:10	נִרְאָ֤ה	7200	HVNp3ms
Judg 13:10	אֵלַ/י֙	413	HR/Sp1cs
Judg 13:10	הָ/אִ֔ישׁ	d/376	HTd/Ncmsa
Judg 13:10	אֲשֶׁר	834 a	HTr
Judg 13:10	בָּ֥א	935	HVqp3ms
Judg 13:10	בַ/יּ֖וֹם	b/3117	HRd/Ncmsa
Judg 13:10	אֵלָֽ/י	413	HR/Sp1cs
Judg 13:11	וַ/יָּ֛קָם	c/6965 b	HC/Vqw3ms
Judg 13:11	וַ/יֵּ֥לֶךְ	c/3212	HC/Vqw3ms
Judg 13:11	מָנ֖וֹחַ	4495	HNp
Judg 13:11	אַחֲרֵ֣י	310 a	HR
Judg 13:11	אִשְׁתּ֑/וֹ	802	HNcfsc/Sp3ms
Judg 13:11	וַ/יָּבֹא֙	c/935	HC/Vqw3ms
Judg 13:11	אֶל	413	HR
Judg 13:11	הָ/אִ֔ישׁ	d/376	HTd/Ncmsa
Judg 13:11	וַ/יֹּ֣אמֶר	c/559	HC/Vqw3ms
Judg 13:11	ל֗/וֹ	l	HR/Sp3ms
Judg 13:11	הַ/אַתָּ֥ה	i/859 a	HTi/Pp2ms
Judg 13:11	הָ/אִ֛ישׁ	d/376	HTd/Ncmsa
Judg 13:11	אֲשֶׁר	834 a	HTr
Judg 13:11	דִּבַּ֥רְתָּ	1696	HVpp2ms
Judg 13:11	אֶל	413	HR
Judg 13:11	הָ/אִשָּׁ֖ה	d/802	HTd/Ncfsa
Judg 13:11	וַ/יֹּ֥אמֶר	c/559	HC/Vqw3ms
Judg 13:11	אָֽנִי	589	HPp1cs
Judg 13:12	וַ/יֹּ֣אמֶר	c/559	HC/Vqw3ms
Judg 13:12	מָנ֔וֹחַ	4495	HNp
Judg 13:12	עַתָּ֖ה	6258	HD
Judg 13:12	יָבֹ֣א	935	HVqi3ms
Judg 13:12	דְבָרֶ֑י/ךָ	1697	HNcmpc/Sp2ms
Judg 13:12	מַה	4100	HTi
Judg 13:12	יִּֽהְיֶ֥ה	1961	HVqi3ms
Judg 13:12	מִשְׁפַּט	4941	HNcmsc
Judg 13:12	הַ/נַּ֖עַר	d/5288	HTd/Ncmsa
Judg 13:12	וּ/מַעֲשֵֽׂ/הוּ	c/4639	HC/Ncmsc/Sp3ms
Judg 13:13	וַ/יֹּ֛אמֶר	c/559	HC/Vqw3ms
Judg 13:13	מַלְאַ֥ךְ	4397	HNcmsc
Judg 13:13	יְהוָ֖ה	3068	HNp
Judg 13:13	אֶל	413	HR
Judg 13:13	מָנ֑וֹחַ	4495	HNp
Judg 13:13	מִ/כֹּ֛ל	m/3605	HR/Ncmsa
Judg 13:13	אֲשֶׁר	834 a	HTr
Judg 13:13	אָמַ֥רְתִּי	559	HVqp1cs
Judg 13:13	אֶל	413	HR
Judg 13:13	הָ/אִשָּׁ֖ה	d/802	HTd/Ncfsa
Judg 13:13	תִּשָּׁמֵֽר	8104	HVNi3fs
Judg 13:14	מִ/כֹּ֣ל	m/3605	HR/Ncmsa
Judg 13:14	אֲשֶׁר	834 a	HTr
Judg 13:14	יֵצֵא֩	3318	HVqi3ms
Judg 13:14	מִ/גֶּ֨פֶן	m/1612	HR/Ncbsc
Judg 13:14	הַ/יַּ֜יִן	d/3196	HTd/Ncmsa
Judg 13:14	לֹ֣א	3808	HTn
Judg 13:14	תֹאכַ֗ל	398	HVqi3fs
Judg 13:14	וְ/יַ֤יִן	c/3196	HC/Ncmsa
Judg 13:14	וְ/שֵׁכָר֙	c/7941	HC/Ncmsa
Judg 13:14	אַל	408	HTn
Judg 13:14	תֵּ֔שְׁתְּ	8354	HVqj3fs
Judg 13:14	וְ/כָל	c/3605	HC/Ncmsc
Judg 13:14	טֻמְאָ֖ה	2932	HNcfsa
Judg 13:14	אַל	408	HTn
Judg 13:14	תֹּאכַ֑ל	398	HVqj3fs
Judg 13:14	כֹּ֥ל	3605	HNcmsa
Judg 13:14	אֲשֶׁר	834 a	HTr
Judg 13:14	צִוִּיתִ֖י/הָ	6680	HVpp1cs/Pp3fs
Judg 13:14	תִּשְׁמֹֽר	8104	HVqi3fs
Judg 13:15	וַ/יֹּ֥אמֶר	c/559	HC/Vqw3ms
Judg 13:15	מָנ֖וֹחַ	4495	HNp
Judg 13:15	אֶל	413	HR
Judg 13:15	מַלְאַ֣ךְ	4397	HNcmsc
Judg 13:15	יְהוָ֑ה	3068	HNp
Judg 13:15	נַעְצְרָה	6113	HVqh1cp
Judg 13:15	נָּ֣א	4994	HTj
Judg 13:15	אוֹתָ֔/ךְ	853	HTo/Sp2fs
Judg 13:15	וְ/נַעֲשֶׂ֥ה	c/6213 a	HC/Vqi1cp
Judg 13:15	לְ/פָנֶ֖י/ךָ	l/6440	HR/Ncbpc/Sp2ms
Judg 13:15	גְּדִ֥י	1423	HNcmsc
Judg 13:15	עִזִּֽים	5795	HNcfpa
Judg 13:16	וַ/יֹּאמֶר֩	c/559	HC/Vqw3ms
Judg 13:16	מַלְאַ֨ךְ	4397	HNcmsc
Judg 13:16	יְהוָ֜ה	3068	HNp
Judg 13:16	אֶל	413	HR
Judg 13:16	מָנ֗וֹחַ	4495	HNp
Judg 13:16	אִם	518 a	HC
Judg 13:16	תַּעְצְרֵ֨/נִי֙	6113	HVqi2ms/Sp1cs
Judg 13:16	לֹא	3808	HTn
Judg 13:16	אֹכַ֣ל	398	HVqi1cs
Judg 13:16	בְּ/לַחְמֶ֔/ךָ	b/3899	HR/Ncbsc/Sp2ms
Judg 13:16	וְ/אִם	c/518 a	HC/C
Judg 13:16	תַּעֲשֶׂ֣ה	6213 a	HVqi2ms
Judg 13:16	עֹלָ֔ה	5930 a	HNcfsa
Judg 13:16	לַ/יהוָ֖ה	l/3068	HR/Np
Judg 13:16	תַּעֲלֶ֑/נָּה	5927	HVhi2ms/Sp3fs
Judg 13:16	כִּ֚י	3588 a	HC
Judg 13:16	לֹא	3808	HTn
Judg 13:16	יָדַ֣ע	3045	HVqp3ms
Judg 13:16	מָנ֔וֹחַ	4495	HNp
Judg 13:16	כִּֽי	3588 a	HC
Judg 13:16	מַלְאַ֥ךְ	4397	HNcmsc
Judg 13:16	יְהוָ֖ה	3068	HNp
Judg 13:16	הֽוּא	1931	HPp3ms
Judg 13:17	וַ/יֹּ֧אמֶר	c/559	HC/Vqw3ms
Judg 13:17	מָנ֛וֹחַ	4495	HNp
Judg 13:17	אֶל	413	HR
Judg 13:17	מַלְאַ֥ךְ	4397	HNcmsc
Judg 13:17	יְהוָ֖ה	3068	HNp
Judg 13:17	מִ֣י	4310	HTi
Judg 13:17	שְׁמֶ֑/ךָ	8034	HNcmsc/Sp2ms
Judg 13:17	כִּֽי	3588 a	HC
Judg 13:17	יָבֹ֥א	935	HVqi3ms
Judg 13:17	דברי/ך	1697	HNcmpc/Sp2ms
Judg 13:17	וְ/כִבַּדְנֽוּ/ךָ	c/3513	HC/Vpp1cp/Sp2ms
Judg 13:18	וַ/יֹּ֤אמֶר	c/559	HC/Vqw3ms
Judg 13:18	לּ/וֹ֙	l	HR/Sp3ms
Judg 13:18	מַלְאַ֣ךְ	4397	HNcmsc
Judg 13:18	יְהוָ֔ה	3068	HNp
Judg 13:18	לָ֥/מָּה	l/4100	HR/Ti
Judg 13:18	זֶּ֖ה	2088	HPdxms
Judg 13:18	תִּשְׁאַ֣ל	7592	HVqi2ms
Judg 13:18	לִ/שְׁמִ֑/י	l/8034	HR/Ncmsc/Sp1cs
Judg 13:18	וְ/הוּא	c/1931	HC/Pp3ms
Judg 13:18	פֶ֛לִאי	6383	HAamsa
Judg 13:19	וַ/יִּקַּ֨ח	c/3947	HC/Vqw3ms
Judg 13:19	מָנ֜וֹחַ	4495	HNp
Judg 13:19	אֶת	853	HTo
Judg 13:19	גְּדִ֤י	1423	HNcmsc
Judg 13:19	הָ/עִזִּים֙	d/5795	HTd/Ncfpa
Judg 13:19	וְ/אֶת	c/853	HC/To
Judg 13:19	הַ/מִּנְחָ֔ה	d/4503	HTd/Ncfsa
Judg 13:19	וַ/יַּ֥עַל	c/5927	HC/Vhw3ms
Judg 13:19	עַל	5921 a	HR
Judg 13:19	הַ/צּ֖וּר	d/6697	HTd/Ncmsa
Judg 13:19	לַֽ/יהוָ֑ה	l/3068	HR/Np
Judg 13:19	וּ/מַפְלִ֣א	c/6381	HC/Vhrmsa
Judg 13:19	לַ/עֲשׂ֔וֹת	l/6213 a	HR/Vqc
Judg 13:19	וּ/מָנ֥וֹחַ	c/4495	HC/Np
Judg 13:19	וְ/אִשְׁתּ֖/וֹ	c/802	HC/Ncfsc/Sp3ms
Judg 13:19	רֹאִֽים	7200	HVqrmpa
Judg 13:20	וַ/יְהִי֩	c/1961	HC/Vqw3ms
Judg 13:20	בַ/עֲל֨וֹת	b/5927	HR/Vqc
Judg 13:20	הַ/לַּ֜הַב	d/3851	HTd/Ncmsa
Judg 13:20	מֵ/עַ֤ל	m/5921 a	HR/R
Judg 13:20	הַ/מִּזְבֵּ֨חַ֙	d/4196	HTd/Ncmsa
Judg 13:20	הַ/שָּׁמַ֔יְמָ/ה	d/8064	HTd/Ncmpa/Sd
Judg 13:20	וַ/יַּ֥עַל	c/5927	HC/Vqw3ms
Judg 13:20	מַלְאַךְ	4397	HNcmsc
Judg 13:20	יְהוָ֖ה	3068	HNp
Judg 13:20	בְּ/לַ֣הַב	b/3851	HR/Ncmsc
Judg 13:20	הַ/מִּזְבֵּ֑חַ	d/4196	HTd/Ncmsa
Judg 13:20	וּ/מָנ֤וֹחַ	c/4495	HC/Np
Judg 13:20	וְ/אִשְׁתּ/וֹ֙	c/802	HC/Ncfsc/Sp3ms
Judg 13:20	רֹאִ֔ים	7200	HVqrmpa
Judg 13:20	וַ/יִּפְּל֥וּ	c/5307	HC/Vqw3mp
Judg 13:20	עַל	5921 a	HR
Judg 13:20	פְּנֵי/הֶ֖ם	6440	HNcbpc/Sp3mp
Judg 13:20	אָֽרְצָ/ה	776	HNcbsa/Sd
Judg 13:21	וְ/לֹא	c/3808	HC/Tn
Judg 13:21	יָ֤סַף	3254	HVqp3ms
Judg 13:21	עוֹד֙	5750	HD
Judg 13:21	מַלְאַ֣ךְ	4397	HNcmsc
Judg 13:21	יְהוָ֔ה	3068	HNp
Judg 13:21	לְ/הֵרָאֹ֖ה	l/7200	HR/VNc
Judg 13:21	אֶל	413	HR
Judg 13:21	מָנ֣וֹחַ	4495	HNp
Judg 13:21	וְ/אֶל	c/413	HC/R
Judg 13:21	אִשְׁתּ֑/וֹ	802	HNcfsc/Sp3ms
Judg 13:21	אָ֚ז	227 a	HD
Judg 13:21	יָדַ֣ע	3045	HVqp3ms
Judg 13:21	מָנ֔וֹחַ	4495	HNp
Judg 13:21	כִּֽי	3588 a	HC
Judg 13:21	מַלְאַ֥ךְ	4397	HNcmsc
Judg 13:21	יְהוָ֖ה	3068	HNp
Judg 13:21	הֽוּא	1931	HPp3ms
Judg 13:22	וַ/יֹּ֧אמֶר	c/559	HC/Vqw3ms
Judg 13:22	מָנ֛וֹחַ	4495	HNp
Judg 13:22	אֶל	413	HR
Judg 13:22	אִשְׁתּ֖/וֹ	802	HNcfsc/Sp3ms
Judg 13:22	מ֣וֹת	4191	HVqa
Judg 13:22	נָמ֑וּת	4191	HVqi1cp
Judg 13:22	כִּ֥י	3588 a	HC
Judg 13:22	אֱלֹהִ֖ים	430	HNcmpa
Judg 13:22	רָאִֽינוּ	7200	HVqp1cp
Judg 13:23	וַ/תֹּ֧אמֶר	c/559	HC/Vqw3fs
Judg 13:23	ל֣/וֹ	l	HR/Sp3ms
Judg 13:23	אִשְׁתּ֗/וֹ	802	HNcfsc/Sp3ms
Judg 13:23	לוּ֩	3863	HC
Judg 13:23	חָפֵ֨ץ	2654 a	HVqp3ms
Judg 13:23	יְהוָ֤ה	3068	HNp
Judg 13:23	לַ/הֲמִיתֵ֨/נוּ֙	l/4191	HR/Vhc/Sp1cp
Judg 13:23	לֹֽא	3808	HTn
Judg 13:23	לָקַ֤ח	3947	HVqp3ms
Judg 13:23	מִ/יָּדֵ֨/נוּ֙	m/3027	HR/Ncbsc/Sp1cp
Judg 13:23	עֹלָ֣ה	5930 a	HNcfsa
Judg 13:23	וּ/מִנְחָ֔ה	c/4503	HC/Ncfsa
Judg 13:23	וְ/לֹ֥א	c/3808	HC/Tn
Judg 13:23	הֶרְאָ֖/נוּ	7200	HVhp3ms/Sp1cp
Judg 13:23	אֶת	853	HTo
Judg 13:23	כָּל	3605	HNcmsc
Judg 13:23	אֵ֑לֶּה	428	HPdxcp
Judg 13:23	וְ/כָ/עֵ֕ת	c/k/6256	HC/Rd/Ncbsa
Judg 13:23	לֹ֥א	3808	HTn
Judg 13:23	הִשְׁמִיעָ֖/נוּ	8085	HVhp3ms/Sp1cp
Judg 13:23	כָּ/זֹֽאת	k/2063	HR/Pdxfs
Judg 13:24	וַ/תֵּ֤לֶד	c/3205	HC/Vqw3fs
Judg 13:24	הָֽ/אִשָּׁה֙	d/802	HTd/Ncfsa
Judg 13:24	בֵּ֔ן	1121 a	HNcmsa
Judg 13:24	וַ/תִּקְרָ֥א	c/7121	HC/Vqw3fs
Judg 13:24	אֶת	853	HTo
Judg 13:24	שְׁמ֖/וֹ	8034	HNcmsc/Sp3ms
Judg 13:24	שִׁמְשׁ֑וֹן	8123	HNp
Judg 13:24	וַ/יִּגְדַּ֣ל	c/1431	HC/Vqw3ms
Judg 13:24	הַ/נַּ֔עַר	d/5288	HTd/Ncmsa
Judg 13:24	וַֽ/יְבָרְכֵ֖/הוּ	c/1288	HC/Vpw3ms/Sp3ms
Judg 13:24	יְהוָֽה	3068	HNp
Judg 13:25	וַ/תָּ֨חֶל֙	c/2490 c	HC/Vhw3fs
Judg 13:25	ר֣וּחַ	7307	HNcbsc
Judg 13:25	יְהוָ֔ה	3068	HNp
Judg 13:25	לְ/פַעֲמ֖/וֹ	l/6470	HR/Vqc/Sp3ms
Judg 13:25	בְּ/מַחֲנֵה	b/4264	HR/Np
Judg 13:25	דָ֑ן	1835	HNp
Judg 13:25	בֵּ֥ין	996	HR
Judg 13:25	צָרְעָ֖ה	6881	HNp
Judg 13:25	וּ/בֵ֥ין	c/996	HC/R
Judg 13:25	אֶשְׁתָּאֹֽל	847	HNp
Judg 14:1	וַ/יֵּ֥רֶד	c/3381	HC/Vqw3ms
Judg 14:1	שִׁמְשׁ֖וֹן	8123	HNp
Judg 14:1	תִּמְנָ֑תָ/ה	8553	HNp/Sd
Judg 14:1	וַ/יַּ֥רְא	c/7200	HC/Vqw3ms
Judg 14:1	אִשָּׁ֛ה	802	HNcfsa
Judg 14:1	בְּ/תִמְנָ֖תָ/ה	b/8553	HR/Np/Sd
Judg 14:1	מִ/בְּנ֥וֹת	m/1323	HR/Ncfpc
Judg 14:1	פְּלִשְׁתִּֽים	6430	HNgmpa
Judg 14:2	וַ/יַּ֗עַל	c/5927	HC/Vqw3ms
Judg 14:2	וַ/יַּגֵּד֙	c/5046	HC/Vhw3ms
Judg 14:2	לְ/אָבִ֣י/ו	l/1	HR/Ncmsc/Sp3ms
Judg 14:2	וּ/לְ/אִמּ֔/וֹ	c/l/517	HC/R/Ncfsc/Sp3ms
Judg 14:2	וַ/יֹּ֗אמֶר	c/559	HC/Vqw3ms
Judg 14:2	אִשָּׁ֛ה	802	HNcfsa
Judg 14:2	רָאִ֥יתִי	7200	HVqp1cs
Judg 14:2	בְ/תִמְנָ֖תָ/ה	b/8553	HR/Np/Sd
Judg 14:2	מִ/בְּנ֣וֹת	m/1323	HR/Ncfpc
Judg 14:2	פְּלִשְׁתִּ֑ים	6430	HNgmpa
Judg 14:2	וְ/עַתָּ֕ה	c/6258	HC/D
Judg 14:2	קְחוּ	3947	HVqv2mp
Judg 14:2	אוֹתָ֥/הּ	853	HTo/Sp3fs
Judg 14:2	לִּ֖/י	l	HR/Sp1cs
Judg 14:2	לְ/אִשָּֽׁה	l/802	HR/Ncfsa
Judg 14:3	וַ/יֹּ֨אמֶר	c/559	HC/Vqw3ms
Judg 14:3	ל֜/וֹ	l	HR/Sp3ms
Judg 14:3	אָבִ֣י/ו	1	HNcmsc/Sp3ms
Judg 14:3	וְ/אִמּ֗/וֹ	c/517	HC/Ncfsc/Sp3ms
Judg 14:3	הַ/אֵין֩	i/369	HTi/Tn
Judg 14:3	בִּ/בְנ֨וֹת	b/1323	HR/Ncfpc
Judg 14:3	אַחֶ֤י/ךָ	251	HNcmpc/Sp2ms
Judg 14:3	וּ/בְ/כָל	c/b/3605	HC/R/Ncmsc
Judg 14:3	עַמִּ/י֙	5971 b	HNcmsc/Sp1cs
Judg 14:3	אִשָּׁ֔ה	802	HNcfsa
Judg 14:3	כִּֽי	3588 a	HC
Judg 14:3	אַתָּ֤ה	859 a	HPp2ms
Judg 14:3	הוֹלֵךְ֙	1980	HVqrmsa
Judg 14:3	לָ/קַ֣חַת	l/3947	HR/Vqc
Judg 14:3	אִשָּׁ֔ה	802	HNcfsa
Judg 14:3	מִ/פְּלִשְׁתִּ֖ים	m/6430	HR/Ngmpa
Judg 14:3	הָ/עֲרֵלִ֑ים	d/6189	HTd/Aampa
Judg 14:3	וַ/יֹּ֨אמֶר	c/559	HC/Vqw3ms
Judg 14:3	שִׁמְשׁ֤וֹן	8123	HNp
Judg 14:3	אֶל	413	HR
Judg 14:3	אָבִי/ו֙	1	HNcmsc/Sp3ms
Judg 14:3	אוֹתָ֣/הּ	853	HTo/Sp3fs
Judg 14:3	קַֽח	3947	HVqv2ms
Judg 14:3	לִ֔/י	l	HR/Sp1cs
Judg 14:3	כִּֽי	3588 a	HC
Judg 14:3	הִ֖יא	1931	HPp3fs
Judg 14:3	יָשְׁרָ֥ה	3474	HVqp3fs
Judg 14:3	בְ/עֵינָֽ/י	b/5869 a	HR/Ncbdc/Sp1cs
Judg 14:4	וְ/אָבִ֨י/ו	c/1	HC/Ncmsc/Sp3ms
Judg 14:4	וְ/אִמּ֜/וֹ	c/517	HC/Ncfsc/Sp3ms
Judg 14:4	לֹ֣א	3808	HTn
Judg 14:4	יָדְע֗וּ	3045	HVqp3cp
Judg 14:4	כִּ֤י	3588 a	HC
Judg 14:4	מֵ/יְהוָה֙	m/3068	HR/Np
Judg 14:4	הִ֔יא	1931	HPp3fs
Judg 14:4	כִּי	3588 a	HC
Judg 14:4	תֹאֲנָ֥ה	8385 b	HNcfsa
Judg 14:4	הֽוּא	1931	HPp3ms
Judg 14:4	מְבַקֵּ֖שׁ	1245	HVprmsa
Judg 14:4	מִ/פְּלִשְׁתִּ֑ים	m/6430	HR/Ngmpa
Judg 14:4	וּ/בָ/עֵ֣ת	c/b/6256	HC/Rd/Ncbsa
Judg 14:4	הַ/הִ֔יא	d/1931	HTd/Pp3fs
Judg 14:4	פְּלִשְׁתִּ֖ים	6430	HNgmpa
Judg 14:4	מֹשְׁלִ֥ים	4910	HVqrmpa
Judg 14:4	בְּ/יִשְׂרָאֵֽל	b/3478	HR/Np
Judg 14:5	וַ/יֵּ֧רֶד	c/3381	HC/Vqw3ms
Judg 14:5	שִׁמְשׁ֛וֹן	8123	HNp
Judg 14:5	וְ/אָבִ֥י/ו	c/1	HC/Ncmsc/Sp3ms
Judg 14:5	וְ/אִמּ֖/וֹ	c/517	HC/Ncfsc/Sp3ms
Judg 14:5	תִּמְנָ֑תָ/ה	8553	HNp/Sd
Judg 14:5	וַ/יָּבֹ֨אוּ֙	c/935	HC/Vqw3mp
Judg 14:5	עַד	5704	HR
Judg 14:5	כַּרְמֵ֣י	3754	HNcbpc
Judg 14:5	תִמְנָ֔תָ/ה	8553	HNp/Sd
Judg 14:5	וְ/הִנֵּה֙	c/2009	HC/Tm
Judg 14:5	כְּפִ֣יר	3715 a	HNcmsc
Judg 14:5	אֲרָי֔וֹת	738 a	HNcmpa
Judg 14:5	שֹׁאֵ֖ג	7580	HVqrmsa
Judg 14:5	לִ/קְרָאתֽ/וֹ	l/7125	HR/Vqc/Sp3ms
Judg 14:6	וַ/תִּצְלַ֨ח	c/6743 a	HC/Vqw3fs
Judg 14:6	עָלָ֜י/ו	5921 a	HR/Sp3ms
Judg 14:6	ר֣וּחַ	7307	HNcbsc
Judg 14:6	יְהוָ֗ה	3068	HNp
Judg 14:6	וַֽ/יְשַׁסְּעֵ֨/הוּ֙	c/8156	HC/Vpw3ms/Sp3ms
Judg 14:6	כְּ/שַׁסַּ֣ע	k/8156	HR/Vpc
Judg 14:6	הַ/גְּדִ֔י	d/1423	HTd/Ncmsa
Judg 14:6	וּ/מְא֖וּמָה	c/3972	HC/Ncfsa
Judg 14:6	אֵ֣ין	369	HTn
Judg 14:6	בְּ/יָד֑/וֹ	b/3027	HR/Ncbsc/Sp3ms
Judg 14:6	וְ/לֹ֤א	c/3808	HC/Tn
Judg 14:6	הִגִּיד֙	5046	HVhp3ms
Judg 14:6	לְ/אָבִ֣י/ו	l/1	HR/Ncmsc/Sp3ms
Judg 14:6	וּ/לְ/אִמּ֔/וֹ	c/l/517	HC/R/Ncfsc/Sp3ms
Judg 14:6	אֵ֖ת	853	HTo
Judg 14:6	אֲשֶׁ֥ר	834 a	HTr
Judg 14:6	עָשָֽׂה	6213 a	HVqp3ms
Judg 14:7	וַ/יֵּ֖רֶד	c/3381	HC/Vqw3ms
Judg 14:7	וַ/יְדַבֵּ֣ר	c/1696	HC/Vpw3ms
Judg 14:7	לָ/אִשָּׁ֑ה	l/802	HRd/Ncfsa
Judg 14:7	וַ/תִּישַׁ֖ר	c/3474	HC/Vqw3fs
Judg 14:7	בְּ/עֵינֵ֥י	b/5869 a	HR/Ncbdc
Judg 14:7	שִׁמְשֽׁוֹן	8123	HNp
Judg 14:8	וַ/יָּ֤שָׁב	c/7725	HC/Vqw3ms
Judg 14:8	מִ/יָּמִים֙	m/3117	HR/Ncmpa
Judg 14:8	לְ/קַחְתָּ֔/הּ	l/3947	HR/Vqc/Sp3fs
Judg 14:8	וַ/יָּ֣סַר	c/5493	HC/Vqw3ms
Judg 14:8	לִ/רְא֔וֹת	l/7200	HR/Vqc
Judg 14:8	אֵ֖ת	853	HTo
Judg 14:8	מַפֶּ֣לֶת	4658	HNcfsc
Judg 14:8	הָ/אַרְיֵ֑ה	d/738 b	HTd/Ncmsa
Judg 14:8	וְ/הִנֵּ֨ה	c/2009	HC/Tm
Judg 14:8	עֲדַ֧ת	5712	HNcfsc
Judg 14:8	דְּבוֹרִ֛ים	1682	HNcfpa
Judg 14:8	בִּ/גְוִיַּ֥ת	b/1472	HR/Ncfsc
Judg 14:8	הָ/אַרְיֵ֖ה	d/738 b	HTd/Ncmsa
Judg 14:8	וּ/דְבָֽשׁ	c/1706	HC/Ncmsa
Judg 14:9	וַ/יִּרְדֵּ֣/הוּ	c/7287 b	HC/Vqw3ms/Sp3ms
Judg 14:9	אֶל	413	HR
Judg 14:9	כַּפָּ֗י/ו	3709	HNcfdc/Sp3ms
Judg 14:9	וַ/יֵּ֤לֶךְ	c/3212	HC/Vqw3ms
Judg 14:9	הָלוֹךְ֙	1980	HVqa
Judg 14:9	וְ/אָכֹ֔ל	c/398	HC/Vqa
Judg 14:9	וַ/יֵּ֨לֶךְ֙	c/3212	HC/Vqw3ms
Judg 14:9	אֶל	413	HR
Judg 14:9	אָבִ֣י/ו	1	HNcmsc/Sp3ms
Judg 14:9	וְ/אֶל	c/413	HC/R
Judg 14:9	אִמּ֔/וֹ	517	HNcfsc/Sp3ms
Judg 14:9	וַ/יִּתֵּ֥ן	c/5414	HC/Vqw3ms
Judg 14:9	לָ/הֶ֖ם	l	HR/Sp3mp
Judg 14:9	וַ/יֹּאכֵ֑לוּ	c/398	HC/Vqw3mp
Judg 14:9	וְ/לֹֽא	c/3808	HC/Tn
Judg 14:9	הִגִּ֣יד	5046	HVhp3ms
Judg 14:9	לָ/הֶ֔ם	l	HR/Sp3mp
Judg 14:9	כִּ֛י	3588 a	HC
Judg 14:9	מִ/גְּוִיַּ֥ת	m/1472	HR/Ncfsc
Judg 14:9	הָ/אַרְיֵ֖ה	d/738 b	HTd/Ncmsa
Judg 14:9	רָדָ֥ה	7287 b	HVqp3ms
Judg 14:9	הַ/דְּבָֽשׁ	d/1706	HTd/Ncmsa
Judg 14:10	וַ/יֵּ֥רֶד	c/3381	HC/Vqw3ms
Judg 14:10	אָבִ֖י/הוּ	1	HNcmsc/Sp3ms
Judg 14:10	אֶל	413	HR
Judg 14:10	הָ/אִשָּׁ֑ה	d/802	HTd/Ncfsa
Judg 14:10	וַ/יַּ֨עַשׂ	c/6213 a	HC/Vqw3ms
Judg 14:10	שָׁ֤ם	8033	HD
Judg 14:10	שִׁמְשׁוֹן֙	8123	HNp
Judg 14:10	מִשְׁתֶּ֔ה	4960	HNcmsa
Judg 14:10	כִּ֛י	3588 a	HC
Judg 14:10	כֵּ֥ן	3651 c	HTm
Judg 14:10	יַעֲשׂ֖וּ	6213 a	HVqi3mp
Judg 14:10	הַ/בַּחוּרִֽים	d/970	HTd/Ncmpa
Judg 14:11	וַ/יְהִ֖י	c/1961	HC/Vqw3ms
Judg 14:11	כִּ/רְאוֹתָ֣/ם	k/7200	HR/Vqc/Sp3mp
Judg 14:11	אוֹת֑/וֹ	853	HTo/Sp3ms
Judg 14:11	וַ/יִּקְחוּ֙	c/3947	HC/Vqw3mp
Judg 14:11	שְׁלֹשִׁ֣ים	7970	HAcbpa
Judg 14:11	מֵֽרֵעִ֔ים	4828	HNcmpa
Judg 14:11	וַ/יִּהְי֖וּ	c/1961	HC/Vqw3mp
Judg 14:11	אִתּֽ/וֹ	854	HR/Sp3ms
Judg 14:12	וַ/יֹּ֤אמֶר	c/559	HC/Vqw3ms
Judg 14:12	לָ/הֶם֙	l	HR/Sp3mp
Judg 14:12	שִׁמְשׁ֔וֹן	8123	HNp
Judg 14:12	אָחֽוּדָה	2330	HVqh1cs
Judg 14:12	נָּ֥א	4994	HTj
Judg 14:12	לָ/כֶ֖ם	l	HR/Sp2mp
Judg 14:12	חִידָ֑ה	2420	HNcfsa
Judg 14:12	אִם	518 a	HC
Judg 14:12	הַגֵּ֣ד	5046	HVha
Judg 14:12	תַּגִּידוּ֩	5046	HVhi2mp
Judg 14:12	אוֹתָ֨/הּ	853	HTo/Sp3fs
Judg 14:12	לִ֜/י	l	HR/Sp1cs
Judg 14:12	שִׁבְעַ֨ת	7651	HAcmsc
Judg 14:12	יְמֵ֤י	3117	HNcmpc
Judg 14:12	הַ/מִּשְׁתֶּה֙	d/4960	HTd/Ncmsa
Judg 14:12	וּ/מְצָאתֶ֔ם	c/4672	HC/Vqp2mp
Judg 14:12	וְ/נָתַתִּ֤י	c/5414	HC/Vqq1cs
Judg 14:12	לָ/כֶם֙	l	HR/Sp2mp
Judg 14:12	שְׁלֹשִׁ֣ים	7970	HAcbpa
Judg 14:12	סְדִינִ֔ים	5466	HNcmpa
Judg 14:12	וּ/שְׁלֹשִׁ֖ים	c/7970	HC/Acbpa
Judg 14:12	חֲלִפֹ֥ת	2487	HNcfpc
Judg 14:12	בְּגָדִֽים	899 b	HNcmpa
Judg 14:13	וְ/אִם	c/518 a	HC/C
Judg 14:13	לֹ֣א	3808	HTn
Judg 14:13	תוּכְלוּ֮	3201	HVqi2mp
Judg 14:13	לְ/הַגִּ֣יד	l/5046	HR/Vhc
Judg 14:13	לִ/י֒	l	HR/Sp1cs
Judg 14:13	וּ/נְתַתֶּ֨ם	c/5414	HC/Vqq2mp
Judg 14:13	אַתֶּ֥ם	859 d	HPp2mp
Judg 14:13	לִ/י֙	l	HR/Sp1cs
Judg 14:13	שְׁלֹשִׁ֣ים	7970	HAcbpa
Judg 14:13	סְדִינִ֔ים	5466	HNcmpa
Judg 14:13	וּ/שְׁלֹשִׁ֖ים	c/7970	HC/Acbpa
Judg 14:13	חֲלִיפ֣וֹת	2487	HNcfpc
Judg 14:13	בְּגָדִ֑ים	899 b	HNcmpa
Judg 14:13	וַ/יֹּ֣אמְרוּ	c/559	HC/Vqw3mp
Judg 14:13	ל֔/וֹ	l	HR/Sp3ms
Judg 14:13	ח֥וּדָ/ה	2330	HVqv2ms/Sh
Judg 14:13	חִידָתְ/ךָ֖	2420	HNcfsc/Sp2ms
Judg 14:13	וְ/נִשְׁמָעֶֽ/נָּה	c/8085	HC/Vqi1cp/Sp3fs
Judg 14:14	וַ/יֹּ֣אמֶר	c/559	HC/Vqw3ms
Judg 14:14	לָ/הֶ֗ם	l	HR/Sp3mp
Judg 14:14	מֵ/הָֽ/אֹכֵל֙	m/d/398	HR/Td/Vqrmsa
Judg 14:14	יָצָ֣א	3318	HVqp3ms
Judg 14:14	מַאֲכָ֔ל	3978	HNcmsa
Judg 14:14	וּ/מֵ/עַ֖ז	c/m/5794	HC/R/Aamsa
Judg 14:14	יָצָ֣א	3318	HVqp3ms
Judg 14:14	מָת֑וֹק	4966	HAamsa
Judg 14:14	וְ/לֹ֥א	c/3808	HC/Tn
Judg 14:14	יָכְל֛וּ	3201	HVqp3cp
Judg 14:14	לְ/הַגִּ֥יד	l/5046	HR/Vhc
Judg 14:14	הַ/חִידָ֖ה	d/2420	HTd/Ncfsa
Judg 14:14	שְׁלֹ֥שֶׁת	7969	HAcmsc
Judg 14:14	יָמִֽים	3117	HNcmpa
Judg 14:15	וַ/יְהִ֣י	c/1961	HC/Vqw3ms
Judg 14:15	בַּ/יּ֣וֹם	b/3117	HRd/Ncmsa
Judg 14:15	הַ/שְּׁבִיעִ֗י	d/7637	HTd/Aomsa
Judg 14:15	וַ/יֹּאמְר֤וּ	c/559	HC/Vqw3mp
Judg 14:15	לְ/אֵֽשֶׁת	l/802	HR/Ncfsc
Judg 14:15	שִׁמְשׁוֹן֙	8123	HNp
Judg 14:15	פַּתִּ֣י	6601 b	HVpv2fs
Judg 14:15	אֶת	853	HTo
Judg 14:15	אִישֵׁ֗/ךְ	376	HNcmsc/Sp2fs
Judg 14:15	וְ/יַגֶּד	c/5046	HC/Vhj3ms
Judg 14:15	לָ֨/נוּ֙	l	HR/Sp1cp
Judg 14:15	אֶת	853	HTo
Judg 14:15	הַ֣/חִידָ֔ה	d/2420	HTd/Ncfsa
Judg 14:15	פֶּן	6435	HC
Judg 14:15	נִשְׂרֹ֥ף	8313	HVqi1cp
Judg 14:15	אוֹתָ֛/ךְ	853	HTo/Sp2fs
Judg 14:15	וְ/אֶת	c/853	HC/To
Judg 14:15	בֵּ֥ית	1004 b	HNcmsc
Judg 14:15	אָבִ֖י/ךְ	1	HNcmsc/Sp2fs
Judg 14:15	בָּ/אֵ֑שׁ	b/784	HRd/Ncbsa
Judg 14:15	הַ/לְ/יָרְשֵׁ֕/נוּ	d/l/3423	HTd/R/Vqc/Sp1cp
Judg 14:15	קְרָאתֶ֥ם	7121	HVqp2mp
Judg 14:15	לָ֖/נוּ	l	HR/Sp1cp
Judg 14:15	הֲ/לֹֽא	i/3808	HTi/Tn
Judg 14:16	וַ/תֵּבְךְּ֩	c/1058	HC/Vqw3fs
Judg 14:16	אֵ֨שֶׁת	802	HNcfsc
Judg 14:16	שִׁמְשׁ֜וֹן	8123	HNp
Judg 14:16	עָלָ֗י/ו	5921 a	HR/Sp3ms
Judg 14:16	וַ/תֹּ֨אמֶר֙	c/559	HC/Vqw3fs
Judg 14:16	רַק	7535	HTa
Judg 14:16	שְׂנֵאתַ֨/נִי֙	8130	HVqp2ms/Sp1cs
Judg 14:16	וְ/לֹ֣א	c/3808	HC/Tn
Judg 14:16	אֲהַבְתָּ֔/נִי	157	HVqp2ms/Sp1cs
Judg 14:16	הַֽ/חִידָ֥ה	d/2420	HTd/Ncfsa
Judg 14:16	חַ֨דְתָּ֙	2330	HVqp2ms
Judg 14:16	לִ/בְנֵ֣י	l/1121 a	HR/Ncmpc
Judg 14:16	עַמִּ֔/י	5971 a	HNcmsc/Sp1cs
Judg 14:16	וְ/לִ֖/י	c/l	HC/R/Sp1cs
Judg 14:16	לֹ֣א	3808	HTn
Judg 14:16	הִגַּ֑דְתָּה	5046	HVhp2ms
Judg 14:16	וַ/יֹּ֣אמֶר	c/559	HC/Vqw3ms
Judg 14:16	לָ֗/הּ	l	HR/Sp3fs
Judg 14:16	הִנֵּ֨ה	2009	HTm
Judg 14:16	לְ/אָבִ֧/י	l/1	HR/Ncmsc/Sp1cs
Judg 14:16	וּ/לְ/אִמִּ֛/י	c/l/517	HC/R/Ncfsc/Sp1cs
Judg 14:16	לֹ֥א	3808	HTn
Judg 14:16	הִגַּ֖דְתִּי	5046	HVhp1cs
Judg 14:16	וְ/לָ֥/ךְ	c/l	HC/R/Sp2fs
Judg 14:16	אַגִּֽיד	5046	HVhi1cs
Judg 14:17	וַ/תֵּ֤בְךְּ	c/1058	HC/Vqw3fs
Judg 14:17	עָלָי/ו֙	5921 a	HR/Sp3ms
Judg 14:17	שִׁבְעַ֣ת	7651	HAcmsc
Judg 14:17	הַ/יָּמִ֔ים	d/3117	HTd/Ncmpa
Judg 14:17	אֲשֶׁר	834 a	HTr
Judg 14:17	הָיָ֥ה	1961	HVqp3ms
Judg 14:17	לָ/הֶ֖ם	l	HR/Sp3mp
Judg 14:17	הַ/מִּשְׁתֶּ֑ה	d/4960	HTd/Ncmsa
Judg 14:17	וַ/יְהִ֣י	c/1961	HC/Vqw3ms
Judg 14:17	בַּ/יּ֣וֹם	b/3117	HRd/Ncmsa
Judg 14:17	הַ/שְּׁבִיעִ֗י	d/7637	HTd/Aomsa
Judg 14:17	וַ/יַּגֶּד	c/5046	HC/Vhw3ms
Judg 14:17	לָ/הּ֙	l	HR/Sp3fs
Judg 14:17	כִּ֣י	3588 a	HC
Judg 14:17	הֱצִיקַ֔תְ/הוּ	6693	HVhp3fs/Sp3ms
Judg 14:17	וַ/תַּגֵּ֥ד	c/5046	HC/Vhw3fs
Judg 14:17	הַ/חִידָ֖ה	d/2420	HTd/Ncfsa
Judg 14:17	לִ/בְנֵ֥י	l/1121 a	HR/Ncmpc
Judg 14:17	עַמָּֽ/הּ	5971 a	HNcmsc/Sp3fs
Judg 14:18	וַ/יֹּ֣אמְרוּ	c/559	HC/Vqw3mp
Judg 14:18	ל/וֹ֩	l	HR/Sp3ms
Judg 14:18	אַנְשֵׁ֨י	376	HNcmpc
Judg 14:18	הָ/עִ֜יר	d/5892 b	HTd/Ncfsa
Judg 14:18	בַּ/יּ֣וֹם	b/3117	HRd/Ncmsa
Judg 14:18	הַ/שְּׁבִיעִ֗י	d/7637	HTd/Aomsa
Judg 14:18	בְּ/טֶ֨רֶם֙	b/2962	HR/D
Judg 14:18	יָבֹ֣א	935	HVqi3ms
Judg 14:18	הַ/חַ֔רְסָ/ה	d/2775 a	HTd/Ncmsa/Sd
Judg 14:18	מַה	4100	HTi
Judg 14:18	מָּת֣וֹק	4966	HAamsa
Judg 14:18	מִ/דְּבַ֔שׁ	m/1706	HR/Ncmsa
Judg 14:18	וּ/מֶ֥ה	c/4100	HC/Ti
Judg 14:18	עַ֖ז	5794	HAamsa
Judg 14:18	מֵ/אֲרִ֑י	m/738 a	HR/Ncmsa
Judg 14:18	וַ/יֹּ֣אמֶר	c/559	HC/Vqw3ms
Judg 14:18	לָ/הֶ֔ם	l	HR/Sp3mp
Judg 14:18	לוּלֵא֙	3884	HC
Judg 14:18	חֲרַשְׁתֶּ֣ם	2790 a	HVqp2mp
Judg 14:18	בְּ/עֶגְלָתִ֔/י	b/5697 a	HR/Ncfsc/Sp1cs
Judg 14:18	לֹ֥א	3808	HTn
Judg 14:18	מְצָאתֶ֖ם	4672	HVqp2mp
Judg 14:18	חִידָתִֽ/י	2420	HNcfsc/Sp1cs
Judg 14:19	וַ/תִּצְלַ֨ח	c/6743 a	HC/Vqw3fs
Judg 14:19	עָלָ֜י/ו	5921 a	HR/Sp3ms
Judg 14:19	ר֣וּחַ	7307	HNcbsc
Judg 14:19	יְהוָ֗ה	3068	HNp
Judg 14:19	וַ/יֵּ֨רֶד	c/3381	HC/Vqw3ms
Judg 14:19	אַשְׁקְל֜וֹן	831	HNp
Judg 14:19	וַ/יַּ֥ךְ	c/5221	HC/Vhw3ms
Judg 14:19	מֵ/הֶ֣ם	m	HR/Sp3mp
Judg 14:19	שְׁלֹשִׁ֣ים	7970	HAcbpa
Judg 14:19	אִ֗ישׁ	376	HNcmsa
Judg 14:19	וַ/יִּקַּח֙	c/3947	HC/Vqw3ms
Judg 14:19	אֶת	853	HTo
Judg 14:19	חֲלִ֣יצוֹתָ֔/ם	2488	HNcfpc/Sp3mp
Judg 14:19	וַ/יִּתֵּן֙	c/5414	HC/Vqw3ms
Judg 14:19	הַ/חֲלִיפ֔וֹת	d/2487	HTd/Ncfpa
Judg 14:19	לְ/מַגִּידֵ֖י	l/5046	HR/Vhrmpc
Judg 14:19	הַ/חִידָ֑ה	d/2420	HTd/Ncfsa
Judg 14:19	וַ/יִּ֣חַר	c/2734	HC/Vqw3ms
Judg 14:19	אַפּ֔/וֹ	639	HNcmsc/Sp3ms
Judg 14:19	וַ/יַּ֖עַל	c/5927	HC/Vqw3ms
Judg 14:19	בֵּ֥ית	1004 b	HNcmsc
Judg 14:19	אָבִֽי/הוּ	1	HNcmsc/Sp3ms
Judg 14:20	וַ/תְּהִ֖י	c/1961	HC/Vqw3fs
Judg 14:20	אֵ֣שֶׁת	802	HNcfsc
Judg 14:20	שִׁמְשׁ֑וֹן	8123	HNp
Judg 14:20	לְ/מֵ֣רֵעֵ֔/הוּ	l/4828	HR/Ncmsc/Sp3ms
Judg 14:20	אֲשֶׁ֥ר	834 a	HTr
Judg 14:20	רֵעָ֖ה	7462 d	HVpp3ms
Judg 14:20	לֽ/וֹ	l	HR/Sp3ms
Judg 15:1	וַ/יְהִ֨י	c/1961	HC/Vqw3ms
Judg 15:1	מִ/יָּמִ֜ים	m/3117	HR/Ncmpa
Judg 15:1	בִּ/ימֵ֣י	b/3117	HR/Ncmpc
Judg 15:1	קְצִיר	7105 a	HNcmsc
Judg 15:1	חִטִּ֗ים	2406	HNcfpa
Judg 15:1	וַ/יִּפְקֹ֨ד	c/6485 a	HC/Vqw3ms
Judg 15:1	שִׁמְשׁ֤וֹן	8123	HNp
Judg 15:1	אֶת	853	HTo
Judg 15:1	אִשְׁתּ/וֹ֙	802	HNcfsc/Sp3ms
Judg 15:1	בִּ/גְדִ֣י	b/1423	HR/Ncmsc
Judg 15:1	עִזִּ֔ים	5795	HNcfpa
Judg 15:1	וַ/יֹּ֕אמֶר	c/559	HC/Vqw3ms
Judg 15:1	אָבֹ֥אָה	935	HVqi1cs
Judg 15:1	אֶל	413	HR
Judg 15:1	אִשְׁתִּ֖/י	802	HNcfsc/Sp1cs
Judg 15:1	הֶ/חָ֑דְרָ/ה	d/2315	HTd/Ncmsa/Sd
Judg 15:1	וְ/לֹֽא	c/3808	HC/Tn
Judg 15:1	נְתָנ֥/וֹ	5414	HVqp3ms/Sp3ms
Judg 15:1	אָבִ֖י/הָ	1	HNcmsc/Sp3fs
Judg 15:1	לָ/בֽוֹא	l/935	HR/Vqc
Judg 15:2	וַ/יֹּ֣אמֶר	c/559	HC/Vqw3ms
Judg 15:2	אָבִ֗י/הָ	1	HNcmsc/Sp3fs
Judg 15:2	אָמֹ֤ר	559	HVqa
Judg 15:2	אָמַ֨רְתִּי֙	559	HVqp1cs
Judg 15:2	כִּי	3588 a	HC
Judg 15:2	שָׂנֹ֣א	8130	HVqa
Judg 15:2	שְׂנֵאתָ֔/הּ	8130	HVqp2ms/Sp3fs
Judg 15:2	וָ/אֶתְּנֶ֖/נָּה	c/5414	HC/Vqw1cs/Sp3fs
Judg 15:2	לְ/מֵרֵעֶ֑/ךָ	l/4828	HR/Ncmsc/Sp2ms
Judg 15:2	הֲ/לֹ֨א	i/3808	HTi/Tn
Judg 15:2	אֲחֹתָ֤/הּ	269	HNcfsc/Sp3fs
Judg 15:2	הַ/קְּטַנָּה֙	d/6996 a	HTd/Aafsa
Judg 15:2	טוֹבָ֣ה	2896 a	HAafsa
Judg 15:2	מִמֶּ֔/נָּה	4480 a	HR/Sp3fs
Judg 15:2	תְּהִי	1961	HVqj3fs
Judg 15:2	נָ֥א	4994	HTe
Judg 15:2	לְ/ךָ֖	l	HR/Sp2ms
Judg 15:2	תַּחְתֶּֽי/הָ	8478	HR/Sp3fs
Judg 15:3	וַ/יֹּ֤אמֶר	c/559	HC/Vqw3ms
Judg 15:3	לָ/הֶם֙	l	HR/Sp3mp
Judg 15:3	שִׁמְשׁ֔וֹן	8123	HNp
Judg 15:3	נִקֵּ֥יתִי	5352	HVNp1cs
Judg 15:3	הַ/פַּ֖עַם	d/6471	HTd/Ncfsa
Judg 15:3	מִ/פְּלִשְׁתִּ֑ים	m/6430	HR/Ngmpa
Judg 15:3	כִּֽי	3588 a	HC
Judg 15:3	עֹשֶׂ֥ה	6213 a	HVqrmsa
Judg 15:3	אֲנִ֛י	589	HPp1cs
Judg 15:3	עִמָּ֖/ם	5973 a	HR/Sp3mp
Judg 15:3	רָעָֽה	7451 c	HNcfsa
Judg 15:4	וַ/יֵּ֣לֶךְ	c/3212	HC/Vqw3ms
Judg 15:4	שִׁמְשׁ֔וֹן	8123	HNp
Judg 15:4	וַ/יִּלְכֹּ֖ד	c/3920	HC/Vqw3ms
Judg 15:4	שְׁלֹשׁ	7969	HAcfsa
Judg 15:4	מֵא֣וֹת	3967	HAcbpa
Judg 15:4	שׁוּעָלִ֑ים	7776	HNcmpa
Judg 15:4	וַ/יִּקַּ֣ח	c/3947	HC/Vqw3ms
Judg 15:4	לַפִּדִ֗ים	3940	HNcmpa
Judg 15:4	וַ/יֶּ֤פֶן	c/6437	HC/Vhw3ms
Judg 15:4	זָנָב֙	2180	HNcmsa
Judg 15:4	אֶל	413	HR
Judg 15:4	זָנָ֔ב	2180	HNcmsa
Judg 15:4	וַ/יָּ֨שֶׂם	c/7760 a	HC/Vqw3ms
Judg 15:4	לַפִּ֥יד	3940	HNcmsa
Judg 15:4	אֶחָ֛ד	259	HAcmsa
Judg 15:4	בֵּין	996	HR
Judg 15:4	שְׁנֵ֥י	8147	HAcmdc
Judg 15:4	הַ/זְּנָב֖וֹת	d/2180	HTd/Ncmpa
Judg 15:4	בַּ/תָּֽוֶךְ	b/8432	HRd/Ncmsa
Judg 15:5	וַ/יַּבְעֶר	c/1197 a	HC/Vhw3ms
Judg 15:5	אֵשׁ֙	784	HNcbsa
Judg 15:5	בַּ/לַּפִּידִ֔ים	b/3940	HRd/Ncmpa
Judg 15:5	וַ/יְשַׁלַּ֖ח	c/7971	HC/Vpw3ms
Judg 15:5	בְּ/קָמ֣וֹת	b/7054	HR/Ncfpc
Judg 15:5	פְּלִשְׁתִּ֑ים	6430	HNgmpa
Judg 15:5	וַ/יַּבְעֵ֛ר	c/1197 a	HC/Vhw3ms
Judg 15:5	מִ/גָּדִ֥ישׁ	m/1430 a	HR/Ncmsa
Judg 15:5	וְ/עַד	c/5704	HC/R
Judg 15:5	קָמָ֖ה	7054	HNcfsa
Judg 15:5	וְ/עַד	c/5704	HC/R
Judg 15:5	כֶּ֥רֶם	3754	HNcbsc
Judg 15:5	זָֽיִת	2132	HNcmsa
Judg 15:6	וַ/יֹּאמְר֣וּ	c/559	HC/Vqw3mp
Judg 15:6	פְלִשְׁתִּים֮	6430	HNgmpa
Judg 15:6	מִ֣י	4310	HTi
Judg 15:6	עָ֣שָׂה	6213 a	HVqp3ms
Judg 15:6	זֹאת֒	2063	HPdxfs
Judg 15:6	וַ/יֹּאמְר֗וּ	c/559	HC/Vqw3mp
Judg 15:6	שִׁמְשׁוֹן֙	8123	HNp
Judg 15:6	חֲתַ֣ן	2860	HNcmsc
Judg 15:6	הַ/תִּמְנִ֔י	d/8554	HTd/Np
Judg 15:6	כִּ֚י	3588 a	HC
Judg 15:6	לָקַ֣ח	3947	HVqp3ms
Judg 15:6	אֶת	853	HTo
Judg 15:6	אִשְׁתּ֔/וֹ	802	HNcfsc/Sp3ms
Judg 15:6	וַֽ/יִּתְּנָ֖/הּ	c/5414	HC/Vqw3ms/Sp3fs
Judg 15:6	לְ/מֵרֵעֵ֑/הוּ	l/4828	HR/Ncmsc/Sp3ms
Judg 15:6	וַ/יַּעֲל֣וּ	c/5927	HC/Vqw3mp
Judg 15:6	פְלִשְׁתִּ֔ים	6430	HNgmpa
Judg 15:6	וַ/יִּשְׂרְפ֥וּ	c/8313	HC/Vqw3mp
Judg 15:6	אוֹתָ֛/הּ	853	HTo/Sp3fs
Judg 15:6	וְ/אֶת	c/853	HC/To
Judg 15:6	אָבִ֖י/הָ	1	HNcmsc/Sp3fs
Judg 15:6	בָּ/אֵֽשׁ	b/784	HRd/Ncbsa
Judg 15:7	וַ/יֹּ֤אמֶר	c/559	HC/Vqw3ms
Judg 15:7	לָ/הֶם֙	l	HR/Sp3mp
Judg 15:7	שִׁמְשׁ֔וֹן	8123	HNp
Judg 15:7	אִֽם	518 a	HC
Judg 15:7	תַּעֲשׂ֖וּ/ן	6213 a	HVqi2mp/Sn
Judg 15:7	כָּ/זֹ֑את	k/2063	HR/Pdxfs
Judg 15:7	כִּ֛י	3588 b	HC
Judg 15:7	אִם	518 b	HC
Judg 15:7	נִקַּ֥מְתִּי	5358	HVNp1cs
Judg 15:7	בָ/כֶ֖ם	b	HR/Sp2mp
Judg 15:7	וְ/אַחַ֥ר	c/310 a	HC/D
Judg 15:7	אֶחְדָּֽל	2308	HVqi1cs
Judg 15:8	וַ/יַּ֨ךְ	c/5221	HC/Vhw3ms
Judg 15:8	אוֹתָ֥/ם	853	HTo/Sp3mp
Judg 15:8	שׁ֛וֹק	7785	HNcfsa
Judg 15:8	עַל	5921 a	HR
Judg 15:8	יָרֵ֖ךְ	3409	HNcfsa
Judg 15:8	מַכָּ֣ה	4347	HNcfsa
Judg 15:8	גְדוֹלָ֑ה	1419 a	HAafsa
Judg 15:8	וַ/יֵּ֣רֶד	c/3381	HC/Vqw3ms
Judg 15:8	וַ/יֵּ֔שֶׁב	c/3427	HC/Vqw3ms
Judg 15:8	בִּ/סְעִ֖יף	b/5585	HR/Ncmsc
Judg 15:8	סֶ֥לַע	5553	HNcmsc
Judg 15:8	עֵיטָֽם	5862	HNp
Judg 15:9	וַ/יַּעֲל֣וּ	c/5927	HC/Vqw3mp
Judg 15:9	פְלִשְׁתִּ֔ים	6430	HNgmpa
Judg 15:9	וַֽ/יַּחֲנ֖וּ	c/2583	HC/Vqw3mp
Judg 15:9	בִּ/יהוּדָ֑ה	b/3063	HR/Np
Judg 15:9	וַ/יִּנָּטְשׁ֖וּ	c/5203	HC/VNw3mp
Judg 15:9	בַּ/לֶּֽחִי	b/3896	HRd/Np
Judg 15:10	וַ/יֹּֽאמְרוּ֙	c/559	HC/Vqw3mp
Judg 15:10	אִ֣ישׁ	376	HNcmsc
Judg 15:10	יְהוּדָ֔ה	3063	HNp
Judg 15:10	לָ/מָ֖ה	l/4100	HR/Ti
Judg 15:10	עֲלִיתֶ֣ם	5927	HVqp2mp
Judg 15:10	עָלֵ֑י/נוּ	5921 a	HR/Sp1cp
Judg 15:10	וַ/יֹּאמְר֗וּ	c/559	HC/Vqw3mp
Judg 15:10	לֶ/אֱס֤וֹר	l/631	HR/Vqc
Judg 15:10	אֶת	853	HTo
Judg 15:10	שִׁמְשׁוֹן֙	8123	HNp
Judg 15:10	עָלִ֔ינוּ	5927	HVqp1cp
Judg 15:10	לַ/עֲשׂ֣וֹת	l/6213 a	HR/Vqc
Judg 15:10	ל֔/וֹ	l	HR/Sp3ms
Judg 15:10	כַּ/אֲשֶׁ֖ר	k/834 d	HR/Tr
Judg 15:10	עָ֥שָׂה	6213 a	HVqp3ms
Judg 15:10	לָֽ/נוּ	l	HR/Sp1cp
Judg 15:11	וַ/יֵּרְד֡וּ	c/3381	HC/Vqw3mp
Judg 15:11	שְׁלֹשֶׁת֩	7969	HAcmsc
Judg 15:11	אֲלָפִ֨ים	505	HAcbpa
Judg 15:11	אִ֜ישׁ	376	HNcmsa
Judg 15:11	מִֽ/יהוּדָ֗ה	m/3063	HR/Np
Judg 15:11	אֶל	413	HR
Judg 15:11	סְעִיף֮	5585	HNcmsc
Judg 15:11	סֶ֣לַע	5553	HNcmsc
Judg 15:11	עֵיטָם֒	5862	HNp
Judg 15:11	וַ/יֹּאמְר֣וּ	c/559	HC/Vqw3mp
Judg 15:11	לְ/שִׁמְשׁ֗וֹן	l/8123	HR/Np
Judg 15:11	הֲ/לֹ֤א	i/3808	HTi/Tn
Judg 15:11	יָדַ֨עְתָּ֙	3045	HVqp2ms
Judg 15:11	כִּֽי	3588 a	HC
Judg 15:11	מֹשְׁלִ֥ים	4910	HVqrmpa
Judg 15:11	בָּ֨/נוּ֙	b	HR/Sp1cp
Judg 15:11	פְּלִשְׁתִּ֔ים	6430	HNgmpa
Judg 15:11	וּ/מַה	c/4100	HC/Ti
Judg 15:11	זֹּ֖את	2063	HPdxfs
Judg 15:11	עָשִׂ֣יתָ	6213 a	HVqp2ms
Judg 15:11	לָּ֑/נוּ	l	HR/Sp1cp
Judg 15:11	וַ/יֹּ֣אמֶר	c/559	HC/Vqw3ms
Judg 15:11	לָ/הֶ֔ם	l	HR/Sp3mp
Judg 15:11	כַּ/אֲשֶׁר֙	k/834 d	HR/Tr
Judg 15:11	עָ֣שׂוּ	6213 a	HVqp3cp
Judg 15:11	לִ֔/י	l	HR/Sp1cs
Judg 15:11	כֵּ֖ן	3651 c	HTm
Judg 15:11	עָשִׂ֥יתִי	6213 a	HVqp1cs
Judg 15:11	לָ/הֶֽם	l	HR/Sp3mp
Judg 15:12	וַ/יֹּ֤אמְרוּ	c/559	HC/Vqw3mp
Judg 15:12	ל/וֹ֙	l	HR/Sp3ms
Judg 15:12	לֶ/אֱסָרְ/ךָ֣	l/631	HR/Vqc/Sp2ms
Judg 15:12	יָרַ֔דְנוּ	3381	HVqp1cp
Judg 15:12	לְ/תִתְּ/ךָ֖	l/5414	HR/Vqc/Sp2ms
Judg 15:12	בְּ/יַד	b/3027	HR/Ncbsc
Judg 15:12	פְּלִשְׁתִּ֑ים	6430	HNgmpa
Judg 15:12	וַ/יֹּ֤אמֶר	c/559	HC/Vqw3ms
Judg 15:12	לָ/הֶם֙	l	HR/Sp3mp
Judg 15:12	שִׁמְשׁ֔וֹן	8123	HNp
Judg 15:12	הִשָּׁבְע֣וּ	7650	HVNv2mp
Judg 15:12	לִ֔/י	l	HR/Sp1cs
Judg 15:12	פֶּֽן	6435	HC
Judg 15:12	תִּפְגְּע֥וּ/ן	6293	HVqi2mp/Sn
Judg 15:12	בִּ֖/י	b	HR/Sp1cs
Judg 15:12	אַתֶּֽם	859 d	HPp2mp
Judg 15:13	וַ/יֹּ֧אמְרוּ	c/559	HC/Vqw3mp
Judg 15:13	ל֣/וֹ	l	HR/Sp3ms
Judg 15:13	לֵ/אמֹ֗ר	l/559	HR/Vqc
Judg 15:13	לֹ֚א	3808	HTn
Judg 15:13	כִּֽי	3588 a	HC
Judg 15:13	אָסֹ֤ר	631	HVqa
Judg 15:13	נֶֽאֱסָרְ/ךָ֙	631	HVqi1cp/Sp2ms
Judg 15:13	וּ/נְתַנּ֣וּ/ךָ	c/5414	HC/Vqp1cp/Sp2ms
Judg 15:13	בְ/יָדָ֔/ם	b/3027	HR/Ncbsc/Sp3mp
Judg 15:13	וְ/הָמֵ֖ת	c/4191	HC/Vha
Judg 15:13	לֹ֣א	3808	HTn
Judg 15:13	נְמִיתֶ֑/ךָ	4191	HVhi1cp/Sp2ms
Judg 15:13	וַ/יַּאַסְרֻ֗/הוּ	c/631	HC/Vqw3mp/Sp3ms
Judg 15:13	בִּ/שְׁנַ֨יִם֙	b/8147	HR/Acmda
Judg 15:13	עֲבֹתִ֣ים	5688	HNcbpa
Judg 15:13	חֲדָשִׁ֔ים	2319	HAampa
Judg 15:13	וַֽ/יַּעֲל֖וּ/הוּ	c/5927	HC/Vhw3mp/Sp3ms
Judg 15:13	מִן	4480 a	HR
Judg 15:13	הַ/סָּֽלַע	d/5553	HTd/Ncmsa
Judg 15:14	הוּא	1931	HPp3ms
Judg 15:14	בָ֣א	935	HVqrmsa
Judg 15:14	עַד	5704	HR
Judg 15:14	לֶ֔חִי	3896	HNp
Judg 15:14	וּ/פִלְשִׁתִּ֖ים	c/6430	HC/Ngmpa
Judg 15:14	הֵרִ֣יעוּ	7321	HVhp3cp
Judg 15:14	לִ/קְרָאת֑/וֹ	l/7125	HR/Vqc/Sp3ms
Judg 15:14	וַ/תִּצְלַ֨ח	c/6743 a	HC/Vqw3fs
Judg 15:14	עָלָ֜י/ו	5921 a	HR/Sp3ms
Judg 15:14	ר֣וּחַ	7307	HNcbsc
Judg 15:14	יְהוָ֗ה	3068	HNp
Judg 15:14	וַ/תִּהְיֶ֨ינָה	c/1961	HC/Vqw3fp
Judg 15:14	הָ/עֲבֹתִ֜ים	d/5688	HTd/Ncbpa
Judg 15:14	אֲשֶׁ֣ר	834 a	HTr
Judg 15:14	עַל	5921 a	HR
Judg 15:14	זְרוֹעוֹתָ֗י/ו	2220	HNcbpc/Sp3ms
Judg 15:14	כַּ/פִּשְׁתִּים֙	k/6593	HRd/Ncmpa
Judg 15:14	אֲשֶׁ֣ר	834 a	HTr
Judg 15:14	בָּעֲר֣וּ	1197 a	HVqp3cp
Judg 15:14	בָ/אֵ֔שׁ	b/784	HRd/Ncbsa
Judg 15:14	וַ/יִּמַּ֥סּוּ	c/4549	HC/VNw3mp
Judg 15:14	אֱסוּרָ֖י/ו	612	HNcmpc/Sp3ms
Judg 15:14	מֵ/עַ֥ל	m/5921 a	HR/R
Judg 15:14	יָדָֽי/ו	3027	HNcbdc/Sp3ms
Judg 15:15	וַ/יִּמְצָ֥א	c/4672	HC/Vqw3ms
Judg 15:15	לְחִֽי	3895	HNcbsc
Judg 15:15	חֲמ֖וֹר	2543	HNcbsa
Judg 15:15	טְרִיָּ֑ה	2961	HAafsa
Judg 15:15	וַ/יִּשְׁלַ֤ח	c/7971	HC/Vqw3ms
Judg 15:15	יָד/וֹ֙	3027	HNcbsc/Sp3ms
Judg 15:15	וַ/יִּקָּחֶ֔/הָ	c/3947	HC/Vqw3ms/Sp3fs
Judg 15:15	וַ/יַּךְ	c/5221	HC/Vhw3ms
Judg 15:15	בָּ֖/הּ	b	HR/Sp3fs
Judg 15:15	אֶ֥לֶף	505	HAcbsa
Judg 15:15	אִֽישׁ	376	HNcmsa
Judg 15:16	וַ/יֹּ֣אמֶר	c/559	HC/Vqw3ms
Judg 15:16	שִׁמְשׁ֔וֹן	8123	HNp
Judg 15:16	בִּ/לְחִ֣י	b/3895	HR/Ncbsc
Judg 15:16	הַ/חֲמ֔וֹר	d/2543	HTd/Ncbsa
Judg 15:16	חֲמ֖וֹר	2565	HNcmsa
Judg 15:16	חֲמֹרָתָ֑יִם	2565	HNcmda
Judg 15:16	בִּ/לְחִ֣י	b/3895	HR/Ncbsc
Judg 15:16	הַ/חֲמ֔וֹר	d/2543	HTd/Ncbsa
Judg 15:16	הִכֵּ֖יתִי	5221	HVhp1cs
Judg 15:16	אֶ֥לֶף	505	HAcbsa
Judg 15:16	אִֽישׁ	376	HNcmsa
Judg 15:17	וַֽ/יְהִי֙	c/1961	HC/Vqw3ms
Judg 15:17	כְּ/כַלֹּת֣/וֹ	k/3615	HR/Vpc/Sp3ms
Judg 15:17	לְ/דַבֵּ֔ר	l/1696	HR/Vpc
Judg 15:17	וַ/יַּשְׁלֵ֥ךְ	c/7993	HC/Vhw3ms
Judg 15:17	הַ/לְּחִ֖י	d/3895	HTd/Ncbsa
Judg 15:17	מִ/יָּד֑/וֹ	m/3027	HR/Ncbsc/Sp3ms
Judg 15:17	וַ/יִּקְרָ֛א	c/7121	HC/Vqw3ms
Judg 15:17	לַ/מָּק֥וֹם	l/4725	HRd/Ncmsa
Judg 15:17	הַ/ה֖וּא	d/1931	HTd/Pp3ms
Judg 15:17	רָ֥מַת	7437+	HNp
Judg 15:17	לֶֽחִי	7437	HNp
Judg 15:18	וַ/יִּצְמָא֮	c/6770	HC/Vqw3ms
Judg 15:18	מְאֹד֒	3966	HD
Judg 15:18	וַ/יִּקְרָ֤א	c/7121	HC/Vqw3ms
Judg 15:18	אֶל	413	HR
Judg 15:18	יְהוָה֙	3068	HNp
Judg 15:18	וַ/יֹּאמַ֔ר	c/559	HC/Vqw3ms
Judg 15:18	אַתָּה֙	859 a	HPp2ms
Judg 15:18	נָתַ֣תָּ	5414	HVqp2ms
Judg 15:18	בְ/יַֽד	b/3027	HR/Ncbsc
Judg 15:18	עַבְדְּ/ךָ֔	5650	HNcmsc/Sp2ms
Judg 15:18	אֶת	853	HTo
Judg 15:18	הַ/תְּשׁוּעָ֥ה	d/8668	HTd/Ncfsa
Judg 15:18	הַ/גְּדֹלָ֖ה	d/1419 a	HTd/Aafsa
Judg 15:18	הַ/זֹּ֑את	d/2063	HTd/Pdxfs
Judg 15:18	וְ/עַתָּה֙	c/6258	HC/D
Judg 15:18	אָמ֣וּת	4191	HVqi1cs
Judg 15:18	בַּ/צָּמָ֔א	b/6772	HRd/Ncmsa
Judg 15:18	וְ/נָפַלְתִּ֖י	c/5307	HC/Vqp1cs
Judg 15:18	בְּ/יַ֥ד	b/3027	HR/Ncbsc
Judg 15:18	הָ/עֲרֵלִֽים	d/6189	HTd/Aampa
Judg 15:19	וַ/יִּבְקַ֨ע	c/1234	HC/Vqw3ms
Judg 15:19	אֱלֹהִ֜ים	430	HNcmpa
Judg 15:19	אֶת	853	HTo
Judg 15:19	הַ/מַּכְתֵּ֣שׁ	d/4388	HTd/Ncmsa
Judg 15:19	אֲשֶׁר	834 a	HTr
Judg 15:19	בַּ/לֶּ֗חִי	b/3895	HRd/Np
Judg 15:19	וַ/יֵּצְא֨וּ	c/3318	HC/Vqw3mp
Judg 15:19	מִמֶּ֤/נּוּ	4480 a	HR/Sp1cp
Judg 15:19	מַ֨יִם֙	4325	HNcmpa
Judg 15:19	וַ/יֵּ֔שְׁתְּ	c/8354	HC/Vqw3ms
Judg 15:19	וַ/תָּ֥שָׁב	c/7725	HC/Vqw3fs
Judg 15:19	רוּח֖/וֹ	7307	HNcbsc/Sp3ms
Judg 15:19	וַ/יֶּ֑חִי	c/2421	HC/Vqw3ms
Judg 15:19	עַל	5921 a	HR
Judg 15:19	כֵּ֣ן	3651 c	HTm
Judg 15:19	קָרָ֣א	7121	HVqp3ms
Judg 15:19	שְׁמָ֗/הּ	8034	HNcmsc/Sp3fs
Judg 15:19	עֵ֤ין	5875+	HNp
Judg 15:19	הַקּוֹרֵא֙	5875	HNp
Judg 15:19	אֲשֶׁ֣ר	834 a	HTr
Judg 15:19	בַּ/לֶּ֔חִי	b/3896	HRd/Np
Judg 15:19	עַ֖ד	5704	HR
Judg 15:19	הַ/יּ֥וֹם	d/3117	HTd/Ncmsa
Judg 15:19	הַ/זֶּֽה	d/2088	HTd/Pdxms
Judg 15:20	וַ/יִּשְׁפֹּ֧ט	c/8199	HC/Vqw3ms
Judg 15:20	אֶת	853	HTo
Judg 15:20	יִשְׂרָאֵ֛ל	3478	HNp
Judg 15:20	בִּ/ימֵ֥י	b/3117	HR/Ncmpc
Judg 15:20	פְלִשְׁתִּ֖ים	6430	HNgmpa
Judg 15:20	עֶשְׂרִ֥ים	6242	HAcbpa
Judg 15:20	שָׁנָֽה	8141	HNcfsa
Judg 16:1	וַ/יֵּ֥לֶךְ	c/3212	HC/Vqw3ms
Judg 16:1	שִׁמְשׁ֖וֹן	8123	HNp
Judg 16:1	עַזָּ֑תָ/ה	5804	HNp/Sd
Judg 16:1	וַ/יַּרְא	c/7200	HC/Vqw3ms
Judg 16:1	שָׁם֙	8033	HD
Judg 16:1	אִשָּׁ֣ה	802	HNcfsa
Judg 16:1	זוֹנָ֔ה	2181	HVqrfsa
Judg 16:1	וַ/יָּבֹ֖א	c/935	HC/Vqw3ms
Judg 16:1	אֵלֶֽי/הָ	413	HR/Sp3fs
Judg 16:2	לַֽ/עַזָּתִ֣ים	l/5841	HRd/Np
Judg 16:2	לֵ/אמֹ֗ר	l/559	HR/Vqc
Judg 16:2	בָּ֤א	935	HVqp3ms
Judg 16:2	שִׁמְשׁוֹן֙	8123	HNp
Judg 16:2	הֵ֔נָּה	2008	HD
Judg 16:2	וַ/יָּסֹ֛בּוּ	c/5437	HC/Vqw3mp
Judg 16:2	וַ/יֶּאֶרְבוּ	c/693	HC/Vqw3mp
Judg 16:2	ל֥/וֹ	l	HR/Sp3ms
Judg 16:2	כָל	3605	HNcmsc
Judg 16:2	הַ/לַּ֖יְלָה	d/3915	HTd/Ncmsa
Judg 16:2	בְּ/שַׁ֣עַר	b/8179	HR/Ncmsc
Judg 16:2	הָ/עִ֑יר	d/5892 b	HTd/Ncfsa
Judg 16:2	וַ/יִּתְחָרְשׁ֤וּ	c/2790 b	HC/Vtw3mp
Judg 16:2	כָל	3605	HNcmsc
Judg 16:2	הַ/לַּ֨יְלָה֙	d/3915	HTd/Ncmsa
Judg 16:2	לֵ/אמֹ֔ר	l/559	HR/Vqc
Judg 16:2	עַד	5704	HR
Judg 16:2	א֥וֹר	216	HNcbsc
Judg 16:2	הַ/בֹּ֖קֶר	d/1242	HTd/Ncmsa
Judg 16:2	וַ/הֲרְגְנֻֽ/הוּ	c/2026	HC/Vqp1cp/Sp3ms
Judg 16:3	וַ/יִּשְׁכַּ֣ב	c/7901	HC/Vqw3ms
Judg 16:3	שִׁמְשׁוֹן֮	8123	HNp
Judg 16:3	עַד	5704	HR
Judg 16:3	חֲצִ֣י	2677	HNcmsc
Judg 16:3	הַ/לַּיְלָה֒	d/3915	HTd/Ncmsa
Judg 16:3	וַ/יָּ֣קָם	c/6965 b	HC/Vqw3ms
Judg 16:3	בַּ/חֲצִ֣י	b/2677	HR/Ncmsc
Judg 16:3	הַ/לַּ֗יְלָה	d/3915	HTd/Ncmsa
Judg 16:3	וַ/יֶּאֱחֹ֞ז	c/270	HC/Vqw3ms
Judg 16:3	בְּ/דַלְת֤וֹת	b/1817 c	HR/Ncfpc
Judg 16:3	שַֽׁעַר	8179	HNcmsc
Judg 16:3	הָ/עִיר֙	d/5892 b	HTd/Ncfsa
Judg 16:3	וּ/בִ/שְׁתֵּ֣י	c/b/8147	HC/R/Acfdc
Judg 16:3	הַ/מְּזוּז֔וֹת	d/4201	HTd/Ncfpa
Judg 16:3	וַ/יִּסָּעֵ/ם֙	c/5265	HC/Vqw3ms/Sp3mp
Judg 16:3	עִֽם	5973 a	HR
Judg 16:3	הַ/בְּרִ֔יחַ	d/1280	HTd/Ncmsa
Judg 16:3	וַ/יָּ֖שֶׂם	c/7760 a	HC/Vqw3ms
Judg 16:3	עַל	5921 a	HR
Judg 16:3	כְּתֵפָ֑י/ו	3802	HNcfdc/Sp3ms
Judg 16:3	וַֽ/יַּעֲלֵ/ם֙	c/5927	HC/Vhw3ms/Sp3mp
Judg 16:3	אֶל	413	HR
Judg 16:3	רֹ֣אשׁ	7218 a	HNcmsc
Judg 16:3	הָ/הָ֔ר	d/2022	HTd/Ncmsa
Judg 16:3	אֲשֶׁ֖ר	834 a	HTr
Judg 16:3	עַל	5921 a	HR
Judg 16:3	פְּנֵ֥י	6440	HNcbpc
Judg 16:3	חֶבְרֽוֹן	2275 a	HNp
Judg 16:4	וַֽ/יְהִי֙	c/1961	HC/Vqw3ms
Judg 16:4	אַחֲרֵי	310 a	HR
Judg 16:4	כֵ֔ן	3651 c	HD
Judg 16:4	וַ/יֶּאֱהַ֥ב	c/157	HC/Vqw3ms
Judg 16:4	אִשָּׁ֖ה	802	HNcfsa
Judg 16:4	בְּ/נַ֣חַל	b/5158 a	HR/Ncmsc
Judg 16:4	שֹׂרֵ֑ק	7796	HNp
Judg 16:4	וּ/שְׁמָ֖/הּ	c/8034	HC/Ncmsc/Sp3fs
Judg 16:4	דְּלִילָֽה	1807	HNp
Judg 16:5	וַ/יַּעֲל֨וּ	c/5927	HC/Vqw3mp
Judg 16:5	אֵלֶ֜י/הָ	413	HR/Sp3fs
Judg 16:5	סַרְנֵ֣י	5633 a	HNcmpc
Judg 16:5	פְלִשְׁתִּ֗ים	6430	HNgmpa
Judg 16:5	וַ/יֹּ֨אמְרוּ	c/559	HC/Vqw3mp
Judg 16:5	לָ֜/הּ	l	HR/Sp3fs
Judg 16:5	פַּתִּ֣י	6601 b	HVpv2fs
Judg 16:5	אוֹת֗/וֹ	853	HTo/Sp3ms
Judg 16:5	וּ/רְאִי֙	c/7200	HC/Vqv2fs
Judg 16:5	בַּ/מֶּה֙	b/4100	HR/Ti
Judg 16:5	כֹּח֣/וֹ	3581 b	HNcmsc/Sp3ms
Judg 16:5	גָד֔וֹל	1419 a	HAamsa
Judg 16:5	וּ/בַ/מֶּה֙	c/b/4100	HC/R/Ti
Judg 16:5	נ֣וּכַל	3201	HVqi1cp
Judg 16:5	ל֔/וֹ	l	HR/Sp3ms
Judg 16:5	וַ/אֲסַרְנֻ֖/הוּ	c/631	HC/Vqp1cp/Sp3ms
Judg 16:5	לְ/עַנֹּת֑/וֹ	l/6031 b	HR/Vpc/Sp3ms
Judg 16:5	וַ/אֲנַ֨חְנוּ֙	c/587	HC/Pp1cp
Judg 16:5	נִתַּן	5414	HVqi1cp
Judg 16:5	לָ֔/ךְ	l	HR/Sp2fs
Judg 16:5	אִ֕ישׁ	376	HNcmsa
Judg 16:5	אֶ֥לֶף	505	HAcbsa
Judg 16:5	וּ/מֵאָ֖ה	c/3967	HC/Acbsa
Judg 16:5	כָּֽסֶף	3701	HNcmsa
Judg 16:6	וַ/תֹּ֤אמֶר	c/559	HC/Vqw3fs
Judg 16:6	דְּלִילָה֙	1807	HNp
Judg 16:6	אֶל	413	HR
Judg 16:6	שִׁמְשׁ֔וֹן	8123	HNp
Judg 16:6	הַגִּֽידָ/ה	5046	HVhv2ms/Sh
Judg 16:6	נָּ֣א	4994	HTj
Judg 16:6	לִ֔/י	l	HR/Sp1cs
Judg 16:6	בַּ/מֶּ֖ה	b/4100	HR/Ti
Judg 16:6	כֹּחֲ/ךָ֣	3581 b	HNcmsc/Sp2ms
Judg 16:6	גָד֑וֹל	1419 a	HAamsa
Judg 16:6	וּ/בַ/מֶּ֥ה	c/b/4100	HC/R/Ti
Judg 16:6	תֵאָסֵ֖ר	631	HVNi2ms
Judg 16:6	לְ/עַנּוֹתֶֽ/ךָ	l/6031 b	HR/Vpc/Sp2ms
Judg 16:7	וַ/יֹּ֤אמֶר	c/559	HC/Vqw3ms
Judg 16:7	אֵלֶ֨י/הָ֙	413	HR/Sp3fs
Judg 16:7	שִׁמְשׁ֔וֹן	8123	HNp
Judg 16:7	אִם	518 a	HC
Judg 16:7	יַאַסְרֻ֗/נִי	631	HVqi3mp/Sp1cs
Judg 16:7	בְּ/שִׁבְעָ֛ה	b/7651	HR/Acmsa
Judg 16:7	יְתָרִ֥ים	3499 b	HNcmpa
Judg 16:7	לַחִ֖ים	3892	HAampa
Judg 16:7	אֲשֶׁ֣ר	834 a	HTr
Judg 16:7	לֹא	3808	HTn
Judg 16:7	חֹרָ֑בוּ	2717 a	HVPp3cp
Judg 16:7	וְ/חָלִ֥יתִי	c/2470 a	HC/Vqp1cs
Judg 16:7	וְ/הָיִ֖יתִי	c/1961	HC/Vqp1cs
Judg 16:7	כְּ/אַחַ֥ד	k/259	HR/Acmsc
Judg 16:7	הָ/אָדָֽם	d/120	HTd/Ncmsa
Judg 16:8	וַ/יַּעֲלוּ	c/5927	HC/Vhw3mp
Judg 16:8	לָ֞/הּ	l	HR/Sp3fs
Judg 16:8	סַרְנֵ֣י	5633 a	HNcmpc
Judg 16:8	פְלִשְׁתִּ֗ים	6430	HNgmpa
Judg 16:8	שִׁבְעָ֛ה	7651	HAcmsa
Judg 16:8	יְתָרִ֥ים	3499 b	HNcmpa
Judg 16:8	לַחִ֖ים	3892	HAampa
Judg 16:8	אֲשֶׁ֣ר	834 a	HTr
Judg 16:8	לֹא	3808	HTn
Judg 16:8	חֹרָ֑בוּ	2717 a	HVPp3cp
Judg 16:8	וַ/תַּאַסְרֵ֖/הוּ	c/631	HC/Vqw3fs/Sp3ms
Judg 16:8	בָּ/הֶֽם	b	HR/Sp3mp
Judg 16:9	וְ/הָ/אֹרֵ֗ב	c/d/693	HC/Td/Vqrmsa
Judg 16:9	יֹשֵׁ֥ב	3427	HVqrmsa
Judg 16:9	לָ/הּ֙	l	HR/Sp3fs
Judg 16:9	בַּ/חֶ֔דֶר	b/2315	HRd/Ncmsa
Judg 16:9	וַ/תֹּ֣אמֶר	c/559	HC/Vqw3fs
Judg 16:9	אֵלָ֔י/ו	413	HR/Sp3ms
Judg 16:9	פְּלִשְׁתִּ֥ים	6430	HNgmpa
Judg 16:9	עָלֶ֖י/ךָ	5921 a	HR/Sp2ms
Judg 16:9	שִׁמְשׁ֑וֹן	8123	HNp
Judg 16:9	וַ/יְנַתֵּק֙	c/5423	HC/Vpw3ms
Judg 16:9	אֶת	853	HTo
Judg 16:9	הַ/יְתָרִ֔ים	d/3499 b	HTd/Ncmpa
Judg 16:9	כַּ/אֲשֶׁ֨ר	k/834 d	HR/Tr
Judg 16:9	יִנָּתֵ֤ק	5423	HVNi3ms
Judg 16:9	פְּתִֽיל	6616	HNcmsc
Judg 16:9	הַ/נְּעֹ֨רֶת֙	d/5296	HTd/Ncfsa
Judg 16:9	בַּ/הֲרִיח֣/וֹ	b/7306	HR/Vhc/Sp3ms
Judg 16:9	אֵ֔שׁ	784	HNcbsa
Judg 16:9	וְ/לֹ֥א	c/3808	HC/Tn
Judg 16:9	נוֹדַ֖ע	3045	HVNp3ms
Judg 16:9	כֹּחֽ/וֹ	3581 b	HNcmsc/Sp3ms
Judg 16:10	וַ/תֹּ֤אמֶר	c/559	HC/Vqw3fs
Judg 16:10	דְּלִילָה֙	1807	HNp
Judg 16:10	אֶל	413	HR
Judg 16:10	שִׁמְשׁ֔וֹן	8123	HNp
Judg 16:10	הִנֵּה֙	2009	HTm
Judg 16:10	הֵתַ֣לְתָּ	2048 b	HVhp2ms
Judg 16:10	בִּ֔/י	b	HR/Sp1cs
Judg 16:10	וַ/תְּדַבֵּ֥ר	c/1696	HC/Vpw2ms
Judg 16:10	אֵלַ֖/י	413	HR/Sp1cs
Judg 16:10	כְּזָבִ֑ים	3576	HNcmpa
Judg 16:10	עַתָּה֙	6258	HD
Judg 16:10	הַגִּֽידָ/ה	5046	HVhv2ms/Sh
Judg 16:10	נָּ֣א	4994	HTj
Judg 16:10	לִ֔/י	l	HR/Sp1cs
Judg 16:10	בַּ/מֶּ֖ה	b/4100	HR/Ti
Judg 16:10	תֵּאָסֵֽר	631	HVNi2ms
Judg 16:11	וַ/יֹּ֣אמֶר	c/559	HC/Vqw3ms
Judg 16:11	אֵלֶ֔י/הָ	413	HR/Sp3fs
Judg 16:11	אִם	518 a	HC
Judg 16:11	אָס֤וֹר	631	HVqa
Judg 16:11	יַאַסְר֨וּ/נִי֙	631	HVqi3mp/Sp1cs
Judg 16:11	בַּ/עֲבֹתִ֣ים	b/5688	HR/Ncbpa
Judg 16:11	חֲדָשִׁ֔ים	2319	HAampa
Judg 16:11	אֲשֶׁ֛ר	834 a	HTr
Judg 16:11	לֹֽא	3808	HTn
Judg 16:11	נַעֲשָׂ֥ה	6213 a	HVNp3ms
Judg 16:11	בָ/הֶ֖ם	b	HR/Sp3mp
Judg 16:11	מְלָאכָ֑ה	4399	HNcfsa
Judg 16:11	וְ/חָלִ֥יתִי	c/2470 a	HC/Vqp1cs
Judg 16:11	וְ/הָיִ֖יתִי	c/1961	HC/Vqp1cs
Judg 16:11	כְּ/אַחַ֥ד	k/259	HR/Acmsc
Judg 16:11	הָ/אָדָֽם	d/120	HTd/Ncmsa
Judg 16:12	וַ/תִּקַּ֣ח	c/3947	HC/Vqw3fs
Judg 16:12	דְּלִילָה֩	1807	HNp
Judg 16:12	עֲבֹתִ֨ים	5688	HNcbpa
Judg 16:12	חֲדָשִׁ֜ים	2319	HAampa
Judg 16:12	וַ/תַּאַסְרֵ֣/הוּ	c/631	HC/Vqw3fs/Sp3ms
Judg 16:12	בָ/הֶ֗ם	b	HR/Sp3mp
Judg 16:12	וַ/תֹּ֤אמֶר	c/559	HC/Vqw3fs
Judg 16:12	אֵלָי/ו֙	413	HR/Sp3ms
Judg 16:12	פְּלִשְׁתִּ֤ים	6430	HNgmpa
Judg 16:12	עָלֶ֨י/ךָ֙	5921 a	HR/Sp2ms
Judg 16:12	שִׁמְשׁ֔וֹן	8123	HNp
Judg 16:12	וְ/הָ/אֹרֵ֖ב	c/d/693	HC/Td/Vqrmsa
Judg 16:12	יֹשֵׁ֣ב	3427	HVqrmsa
Judg 16:12	בֶּ/חָ֑דֶר	b/2315	HRd/Ncmsa
Judg 16:12	וַֽ/יְנַתְּקֵ֛/ם	c/5423	HC/Vpw3ms/Sp3mp
Judg 16:12	מֵ/עַ֥ל	m/5921 a	HR/R
Judg 16:12	זְרֹעֹתָ֖י/ו	2220	HNcbpc/Sp3ms
Judg 16:12	כַּ/חֽוּט	k/2339	HRd/Ncmsa
Judg 16:13	וַ/תֹּ֨אמֶר	c/559	HC/Vqw3fs
Judg 16:13	דְּלִילָ֜ה	1807	HNp
Judg 16:13	אֶל	413	HR
Judg 16:13	שִׁמְשׁ֗וֹן	8123	HNp
Judg 16:13	עַד	5704	HR
Judg 16:13	הֵ֜נָּה	2008	HD
Judg 16:13	הֵתַ֤לְתָּ	2048 b	HVhp2ms
Judg 16:13	בִּ/י֙	b	HR/Sp1cs
Judg 16:13	וַ/תְּדַבֵּ֤ר	c/1696	HC/Vpw2ms
Judg 16:13	אֵלַ/י֙	413	HR/Sp1cs
Judg 16:13	כְּזָבִ֔ים	3576	HNcmpa
Judg 16:13	הַגִּ֣ידָ/ה	5046	HVhv2ms/Sh
Judg 16:13	לִּ֔/י	l	HR/Sp1cs
Judg 16:13	בַּ/מֶּ֖ה	b/4100	HR/Ti
Judg 16:13	תֵּאָסֵ֑ר	631	HVNi2ms
Judg 16:13	וַ/יֹּ֣אמֶר	c/559	HC/Vqw3ms
Judg 16:13	אֵלֶ֔י/הָ	413	HR/Sp3fs
Judg 16:13	אִם	518 a	HC
Judg 16:13	תַּאַרְגִ֗י	707	HVqi2fs
Judg 16:13	אֶת	853	HTo
Judg 16:13	שֶׁ֛בַע	7651	HAcfsa
Judg 16:13	מַחְלְפ֥וֹת	4253	HNcfpc
Judg 16:13	רֹאשִׁ֖/י	7218 a	HNcmsc/Sp1cs
Judg 16:13	עִם	5973 a	HR
Judg 16:13	הַ/מַּסָּֽכֶת	d/4545	HTd/Ncfsa
Judg 16:14	וַ/תִּתְקַע֙	c/8628	HC/Vqw3fs
Judg 16:14	בַּ/יָּתֵ֔ד	b/3489	HRd/Ncfsa
Judg 16:14	וַ/תֹּ֣אמֶר	c/559	HC/Vqw3fs
Judg 16:14	אֵלָ֔י/ו	413	HR/Sp3ms
Judg 16:14	פְּלִשְׁתִּ֥ים	6430	HNgmpa
Judg 16:14	עָלֶ֖י/ךָ	5921 a	HR/Sp2ms
Judg 16:14	שִׁמְשׁ֑וֹן	8123	HNp
Judg 16:14	וַ/יִּיקַץ֙	c/3364	HC/Vqw3ms
Judg 16:14	מִ/שְּׁנָת֔/וֹ	m/8142	HR/Ncfsc/Sp3ms
Judg 16:14	וַ/יִּסַּ֛ע	c/5265	HC/Vqw3ms
Judg 16:14	אֶת	853	HTo
Judg 16:14	הַ/יְתַ֥ד	d/3489	HTd/Ncfsa
Judg 16:14	הָ/אֶ֖רֶג	d/708	HTd/Ncmsa
Judg 16:14	וְ/אֶת	c/853	HC/To
Judg 16:14	הַ/מַּסָּֽכֶת	d/4545	HTd/Ncfsa
Judg 16:15	וַ/תֹּ֣אמֶר	c/559	HC/Vqw3fs
Judg 16:15	אֵלָ֗י/ו	413	HR/Sp3ms
Judg 16:15	אֵ֚יךְ	349 a	HTi
Judg 16:15	תֹּאמַ֣ר	559	HVqi2ms
Judg 16:15	אֲהַבְתִּ֔י/ךְ	157	HVqp1cs/Sp2fs
Judg 16:15	וְ/לִבְּ/ךָ֖	c/3820 a	HC/Ncmsc/Sp2ms
Judg 16:15	אֵ֣ין	369	HTn
Judg 16:15	אִתִּ֑/י	854	HR/Sp1cs
Judg 16:15	זֶ֣ה	2088	HPdxms
Judg 16:15	שָׁלֹ֤שׁ	7969	HAcfsa
Judg 16:15	פְּעָמִים֙	6471	HNcfpa
Judg 16:15	הֵתַ֣לְתָּ	2048 b	HVhp2ms
Judg 16:15	בִּ֔/י	b	HR/Sp1cs
Judg 16:15	וְ/לֹא	c/3808	HC/Tn
Judg 16:15	הִגַּ֣דְתָּ	5046	HVhp2ms
Judg 16:15	לִּ֔/י	l	HR/Sp1cs
Judg 16:15	בַּ/מֶּ֖ה	b/4100	HR/Ti
Judg 16:15	כֹּחֲ/ךָ֥	3581 b	HNcmsc/Sp2ms
Judg 16:15	גָדֽוֹל	1419 a	HAamsa
Judg 16:16	וַ֠/יְהִי	c/1961	HC/Vqw3ms
Judg 16:16	כִּֽי	3588 a	HC
Judg 16:16	הֵצִ֨יקָה	6693	HVhp3fs
Judg 16:16	לּ֧/וֹ	l	HR/Sp3ms
Judg 16:16	בִ/דְבָרֶ֛י/הָ	b/1697	HR/Ncmpc/Sp3fs
Judg 16:16	כָּל	3605	HNcmsc
Judg 16:16	הַ/יָּמִ֖ים	d/3117	HTd/Ncmpa
Judg 16:16	וַ/תְּאַֽלֲצֵ֑/הוּ	c/509	HC/Vpw3fs/Sp3ms
Judg 16:16	וַ/תִּקְצַ֥ר	c/7114 a	HC/Vqw3fs
Judg 16:16	נַפְשׁ֖/וֹ	5315	HNcbsc/Sp3ms
Judg 16:16	לָ/מֽוּת	l/4191	HR/Vqc
Judg 16:17	וַ/יַּגֶּד	c/5046	HC/Vhw3ms
Judg 16:17	לָ֣/הּ	l	HR/Sp3fs
Judg 16:17	אֶת	853	HTo
Judg 16:17	כָּל	3605	HNcmsc
Judg 16:17	לִבּ֗/וֹ	3820 a	HNcmsc/Sp3ms
Judg 16:17	וַ/יֹּ֤אמֶר	c/559	HC/Vqw3ms
Judg 16:17	לָ/הּ֙	l	HR/Sp3fs
Judg 16:17	מוֹרָה֙	4177	HNcmsa
Judg 16:17	לֹֽא	3808	HTn
Judg 16:17	עָלָ֣ה	5927	HVqp3ms
Judg 16:17	עַל	5921 a	HR
Judg 16:17	רֹאשִׁ֔/י	7218 a	HNcmsc/Sp1cs
Judg 16:17	כִּֽי	3588 a	HC
Judg 16:17	נְזִ֧יר	5139	HNcmsc
Judg 16:17	אֱלֹהִ֛ים	430	HNcmpa
Judg 16:17	אֲנִ֖י	589	HPp1cs
Judg 16:17	מִ/בֶּ֣טֶן	m/990	HR/Ncfsc
Judg 16:17	אִמִּ֑/י	517	HNcfsc/Sp1cs
Judg 16:17	אִם	518 a	HC
Judg 16:17	גֻּלַּ֨חְתִּי֙	1548	HVPp1cs
Judg 16:17	וְ/סָ֣ר	c/5493	HC/Vqp3ms
Judg 16:17	מִמֶּ֣/נִּי	4480 a	HR/Sp1cs
Judg 16:17	כֹחִ֔/י	3581 b	HNcmsc/Sp1cs
Judg 16:17	וְ/חָלִ֥יתִי	c/2470 a	HC/Vqp1cs
Judg 16:17	וְ/הָיִ֖יתִי	c/1961	HC/Vqp1cs
Judg 16:17	כְּ/כָל	k/3605	HR/Ncmsc
Judg 16:17	הָ/אָדָֽם	d/120	HTd/Ncmsa
Judg 16:18	וַ/תֵּ֣רֶא	c/7200	HC/Vqw3fs
Judg 16:18	דְלִילָ֗ה	1807	HNp
Judg 16:18	כִּֽי	3588 a	HC
Judg 16:18	הִגִּ֣יד	5046	HVhp3ms
Judg 16:18	לָ/הּ֮	l	HR/Sp3fs
Judg 16:18	אֶת	853	HTo
Judg 16:18	כָּל	3605	HNcmsc
Judg 16:18	לִבּ/וֹ֒	3820 a	HNcmsc/Sp3ms
Judg 16:18	וַ/תִּשְׁלַ֡ח	c/7971	HC/Vqw3fs
Judg 16:18	וַ/תִּקְרָא֩	c/7121	HC/Vqw3fs
Judg 16:18	לְ/סַרְנֵ֨י	l/5633 a	HR/Ncmpc
Judg 16:18	פְלִשְׁתִּ֤ים	6430	HNgmpa
Judg 16:18	לֵ/אמֹר֙	l/559	HR/Vqc
Judg 16:18	עֲל֣וּ	5927	HVqv2mp
Judg 16:18	הַ/פַּ֔עַם	d/6471	HTd/Ncfsa
Judg 16:18	כִּֽי	3588 a	HC
Judg 16:18	הִגִּ֥יד	5046	HVhp3ms
Judg 16:18	ל/ה	l	HR/Sp3fs
Judg 16:18	אֶת	853	HTo
Judg 16:18	כָּל	3605	HNcmsc
Judg 16:18	לִבּ֑/וֹ	3820 a	HNcmsc/Sp3ms
Judg 16:18	וְ/עָל֤וּ	c/5927	HC/Vqp3cp
Judg 16:18	אֵלֶ֨י/הָ֙	413	HR/Sp3fs
Judg 16:18	סַרְנֵ֣י	5633 a	HNcmpc
Judg 16:18	פְלִשְׁתִּ֔ים	6430	HNgmpa
Judg 16:18	וַ/יַּעֲל֥וּ	c/5927	HC/Vhw3mp
Judg 16:18	הַ/כֶּ֖סֶף	d/3701	HTd/Ncmsa
Judg 16:18	בְּ/יָדָֽ/ם	b/3027	HR/Ncbsc/Sp3mp
Judg 16:19	וַ/תְּיַשְּׁנֵ֨/הוּ֙	c/3462	HC/Vpw3fs/Sp3ms
Judg 16:19	עַל	5921 a	HR
Judg 16:19	בִּרְכֶּ֔י/הָ	1290	HNcfdc/Sp3fs
Judg 16:19	וַ/תִּקְרָ֣א	c/7121	HC/Vqw3fs
Judg 16:19	לָ/אִ֔ישׁ	l/376	HRd/Ncmsa
Judg 16:19	וַ/תְּגַלַּ֕ח	c/1548	HC/Vpw3fs
Judg 16:19	אֶת	853	HTo
Judg 16:19	שֶׁ֖בַע	7651	HAcfsa
Judg 16:19	מַחְלְפ֣וֹת	4253	HNcfpc
Judg 16:19	רֹאשׁ֑/וֹ	7218 a	HNcmsc/Sp3ms
Judg 16:19	וַ/תָּ֨חֶל֙	c/2490 c	HC/Vhw3fs
Judg 16:19	לְ/עַנּוֹת֔/וֹ	l/6031 b	HR/Vpc/Sp3ms
Judg 16:19	וַ/יָּ֥סַר	c/5493	HC/Vqw3ms
Judg 16:19	כֹּח֖/וֹ	3581 b	HNcmsc/Sp3ms
Judg 16:19	מֵ/עָלָֽי/ו	m/5921 a	HR/R/Sp3ms
Judg 16:20	וַ/תֹּ֕אמֶר	c/559	HC/Vqw3fs
Judg 16:20	פְּלִשְׁתִּ֥ים	6430	HNgmpa
Judg 16:20	עָלֶ֖י/ךָ	5921 a	HR/Sp2ms
Judg 16:20	שִׁמְשׁ֑וֹן	8123	HNp
Judg 16:20	וַ/יִּקַ֣ץ	c/3364	HC/Vqw3ms
Judg 16:20	מִ/שְּׁנָת֗/וֹ	m/8142	HR/Ncfsc/Sp3ms
Judg 16:20	וַ/יֹּ֨אמֶר֙	c/559	HC/Vqw3ms
Judg 16:20	אֵצֵ֞א	3318	HVqi1cs
Judg 16:20	כְּ/פַ֤עַם	k/6471	HR/Ncfsa
Judg 16:20	בְּ/פַ֨עַם֙	b/6471	HR/Ncfsa
Judg 16:20	וְ/אִנָּעֵ֔ר	c/5287	HC/VNi1cs
Judg 16:20	וְ/הוּא֙	c/1931	HC/Pp3ms
Judg 16:20	לֹ֣א	3808	HTn
Judg 16:20	יָדַ֔ע	3045	HVqp3ms
Judg 16:20	כִּ֥י	3588 a	HC
Judg 16:20	יְהוָ֖ה	3068	HNp
Judg 16:20	סָ֥ר	5493	HVqp3ms
Judg 16:20	מֵ/עָלָֽי/ו	m/5921 a	HR/R/Sp3ms
Judg 16:21	וַ/יֹּאחֲז֣וּ/הוּ	c/270	HC/Vqw3mp/Sp3ms
Judg 16:21	פְלִשְׁתִּ֔ים	6430	HNgmpa
Judg 16:21	וַֽ/יְנַקְּר֖וּ	c/5365	HC/Vpw3mp
Judg 16:21	אֶת	853	HTo
Judg 16:21	עֵינָ֑י/ו	5869 a	HNcbdc/Sp3ms
Judg 16:21	וַ/יּוֹרִ֨ידוּ	c/3381	HC/Vhw3mp
Judg 16:21	אוֹת֜/וֹ	853	HTo/Sp3ms
Judg 16:21	עַזָּ֗תָ/ה	5804	HNp/Sd
Judg 16:21	וַ/יַּאַסְר֨וּ/הוּ֙	c/631	HC/Vqw3mp/Sp3ms
Judg 16:21	בַּֽ/נְחֻשְׁתַּ֔יִם	b/5178 a	HRd/Ncfda
Judg 16:21	וַ/יְהִ֥י	c/1961	HC/Vqw3ms
Judg 16:21	טוֹחֵ֖ן	2912	HVqrmsa
Judg 16:21	בְּ/בֵ֥ית	b/1004 b	HR/Ncmsc
Judg 16:21	ה/אסירים	d/615	HTd/Ncmpa
Judg 16:22	וַ/יָּ֧חֶל	c/2490 c	HC/Vhw3ms
Judg 16:22	שְׂעַר	8181	HNcmsc
Judg 16:22	רֹאשׁ֛/וֹ	7218 a	HNcmsc/Sp3ms
Judg 16:22	לְ/צַמֵּ֖חַ	l/6779	HR/Vpc
Judg 16:22	כַּ/אֲשֶׁ֥ר	k/834 d	HR/Tr
Judg 16:22	גֻּלָּֽח	1548	HVPp3ms
Judg 16:23	וְ/סַרְנֵ֣י	c/5633 a	HC/Ncmpc
Judg 16:23	פְלִשְׁתִּ֗ים	6430	HNgmpa
Judg 16:23	נֶֽאֱסְפוּ֙	622	HVNp3cp
Judg 16:23	לִ/זְבֹּ֧חַ	l/2076	HR/Vqc
Judg 16:23	זֶֽבַח	2077	HNcmsa
Judg 16:23	גָּד֛וֹל	1419 a	HAamsa
Judg 16:23	לְ/דָג֥וֹן	l/1712	HR/Np
Judg 16:23	אֱלֹהֵי/הֶ֖ם	430	HNcmpc/Sp3mp
Judg 16:23	וּ/לְ/שִׂמְחָ֑ה	c/l/8057	HC/R/Ncfsa
Judg 16:23	וַ/יֹּ֣אמְר֔וּ	c/559	HC/Vqw3mp
Judg 16:23	נָתַ֤ן	5414	HVqp3ms
Judg 16:23	אֱלֹהֵ֨י/נוּ֙	430	HNcmpc/Sp1cp
Judg 16:23	בְּ/יָדֵ֔/נוּ	b/3027	HR/Ncbsc/Sp1cp
Judg 16:23	אֵ֖ת	853	HTo
Judg 16:23	שִׁמְשׁ֥וֹן	8123	HNp
Judg 16:23	אוֹיְבֵֽי/נוּ	341	HVqrmpc/Sp1cp
Judg 16:24	וַ/יִּרְא֤וּ	c/7200	HC/Vqw3mp
Judg 16:24	אֹת/וֹ֙	853	HTo/Sp3ms
Judg 16:24	הָ/עָ֔ם	d/5971 a	HTd/Ncmsa
Judg 16:24	וַֽ/יְהַלְל֖וּ	c/1984 b	HC/Vpw3mp
Judg 16:24	אֶת	853	HTo
Judg 16:24	אֱלֹהֵי/הֶ֑ם	430	HNcmpc/Sp3mp
Judg 16:24	כִּ֣י	3588 a	HC
Judg 16:24	אָמְר֗וּ	559	HVqp3cp
Judg 16:24	נָתַ֨ן	5414	HVqp3ms
Judg 16:24	אֱלֹהֵ֤י/נוּ	430	HNcmpc/Sp1cp
Judg 16:24	בְ/יָדֵ֨/נוּ֙	b/3027	HR/Ncbsc/Sp1cp
Judg 16:24	אֶת	853	HTo
Judg 16:24	א֣וֹיְבֵ֔/נוּ	341	HVqrmsc/Sp1cp
Judg 16:24	וְ/אֵת֙	c/853	HC/To
Judg 16:24	מַחֲרִ֣יב	2717 b	HVhrmsc
Judg 16:24	אַרְצֵ֔/נוּ	776	HNcbsc/Sp1cp
Judg 16:24	וַ/אֲשֶׁ֥ר	c/834 a	HC/Tr
Judg 16:24	הִרְבָּ֖ה	7235 a	HVhp3ms
Judg 16:24	אֶת	853	HTo
Judg 16:24	חֲלָלֵֽי/נוּ	2491 a	HAampc/Sp1cp
Judg 16:25	וַֽ/יְהִי֙	c/1961	HC/Vqw3ms
Judg 16:25	כי	3588 a	HC
Judg 16:25	טוב	2896 a	HVqp3ms
Judg 16:25	לִבָּ֔/ם	3820 a	HNcmsc/Sp3mp
Judg 16:25	וַ/יֹּ֣אמְר֔וּ	c/559	HC/Vqw3mp
Judg 16:25	קִרְא֥וּ	7121	HVqv2mp
Judg 16:25	לְ/שִׁמְשׁ֖וֹן	l/8123	HR/Np
Judg 16:25	וִ/ישַֽׂחֶק	c/7832	HC/Vpi3ms
Judg 16:25	לָ֑/נוּ	l	HR/Sp1cp
Judg 16:25	וַ/יִּקְרְא֨וּ	c/7121	HC/Vqw3mp
Judg 16:25	לְ/שִׁמְשׁ֜וֹן	l/8123	HR/Np
Judg 16:25	מִ/בֵּ֣ית	m/1004 b	HR/Ncmsc
Judg 16:25	ה/אסירים	d/615	HTd/Ncmpa
Judg 16:25	וַ/יְצַחֵק֙	c/6711	HC/Vpw3ms
Judg 16:25	לִ/פְנֵי/הֶ֔ם	l/6440	HR/Ncbpc/Sp3mp
Judg 16:25	וַ/יַּעֲמִ֥ידוּ	c/5975	HC/Vhw3mp
Judg 16:25	אוֹת֖/וֹ	853	HTo/Sp3ms
Judg 16:25	בֵּ֥ין	996	HR
Judg 16:25	הָ/עַמּוּדִֽים	d/5982	HTd/Ncmpa
Judg 16:26	וַ/יֹּ֨אמֶר	c/559	HC/Vqw3ms
Judg 16:26	שִׁמְשׁ֜וֹן	8123	HNp
Judg 16:26	אֶל	413	HR
Judg 16:26	הַ/נַּ֨עַר	d/5288	HTd/Ncmsa
Judg 16:26	הַ/מַּחֲזִ֣יק	d/2388	HTd/Vhrmsa
Judg 16:26	בְּ/יָד/וֹ֮	b/3027	HR/Ncbsc/Sp3ms
Judg 16:26	הַנִּ֣יחָ/ה	3240	HVhv2ms/Sh
Judg 16:26	אוֹתִ/י֒	853	HTo/Sp1cs
Judg 16:26	ו/הימש/ני	c/3237	HC/Vhv2ms/Sp1cs
Judg 16:26	אֶת	853	HTo
Judg 16:26	הָֽ/עַמֻּדִ֔ים	d/5982	HTd/Ncmpa
Judg 16:26	אֲשֶׁ֥ר	834 a	HTr
Judg 16:26	הַ/בַּ֖יִת	d/1004 b	HTd/Ncmsa
Judg 16:26	נָכ֣וֹן	3559 a	HVNrmsa
Judg 16:26	עֲלֵי/הֶ֑ם	5921 a	HR/Sp3mp
Judg 16:26	וְ/אֶשָּׁעֵ֖ן	c/8172	HC/VNi1cs
Judg 16:26	עֲלֵי/הֶֽם	5921 a	HR/Sp3mp
Judg 16:27	וְ/הַ/בַּ֗יִת	c/d/1004 b	HC/Td/Ncmsa
Judg 16:27	מָלֵ֤א	4390	HVqp3ms
Judg 16:27	הָֽ/אֲנָשִׁים֙	d/376	HTd/Ncmpa
Judg 16:27	וְ/הַ/נָּשִׁ֔ים	c/d/802	HC/Td/Ncfpa
Judg 16:27	וְ/שָׁ֕מָּ/ה	c/8033	HC/D/Sd
Judg 16:27	כֹּ֖ל	3605	HNcmsc
Judg 16:27	סַרְנֵ֣י	5633 a	HNcmpc
Judg 16:27	פְלִשְׁתִּ֑ים	6430	HNgmpa
Judg 16:27	וְ/עַל	c/5921 a	HC/R
Judg 16:27	הַ/גָּ֗ג	d/1406	HTd/Ncmsa
Judg 16:27	כִּ/שְׁלֹ֤שֶׁת	k/7969	HR/Acmsc
Judg 16:27	אֲלָפִים֙	505	HAcbpa
Judg 16:27	אִ֣ישׁ	376	HNcmsa
Judg 16:27	וְ/אִשָּׁ֔ה	c/802	HC/Ncfsa
Judg 16:27	הָ/רֹאִ֖ים	d/7200	HTd/Vqrmpa
Judg 16:27	בִּ/שְׂח֥וֹק	b/7832	HR/Vqc
Judg 16:27	שִׁמְשֽׁוֹן	8123	HNp
Judg 16:28	וַ/יִּקְרָ֥א	c/7121	HC/Vqw3ms
Judg 16:28	שִׁמְשׁ֛וֹן	8123	HNp
Judg 16:28	אֶל	413	HR
Judg 16:28	יְהוָ֖ה	3068	HNp
Judg 16:28	וַ/יֹּאמַ֑ר	c/559	HC/Vqw3ms
Judg 16:28	אֲדֹנָ֣/י	136	HNcmpc/Sp1cs
Judg 16:28	יֱהֹוִ֡ה	3069	HNp
Judg 16:28	זָכְרֵ֣/נִי	2142	HVqv2ms/Sp1cs
Judg 16:28	נָא֩	4994	HTe
Judg 16:28	וְ/חַזְּקֵ֨/נִי	c/2388	HC/Vpv2ms/Sp1cs
Judg 16:28	נָ֜א	4994	HTe
Judg 16:28	אַ֣ךְ	389	HTa
Judg 16:28	הַ/פַּ֤עַם	d/6471	HTd/Ncfsa
Judg 16:28	הַ/זֶּה֙	d/2088	HTd/Pdxms
Judg 16:28	הָ/אֱלֹהִ֔ים	d/430	HTd/Ncmpa
Judg 16:28	וְ/אִנָּקְמָ֧ה	c/5358	HC/VNi1cs
Judg 16:28	נְקַם	5359	HNcmsc
Judg 16:28	אַחַ֛ת	259	HAcfsa
Judg 16:28	מִ/שְּׁתֵ֥י	m/8147	HR/Acfdc
Judg 16:28	עֵינַ֖/י	5869 a	HNcbdc/Sp1cs
Judg 16:28	מִ/פְּלִשְׁתִּֽים	m/6430	HR/Ngmpa
Judg 16:29	וַ/יִּלְפֹּ֨ת	c/3943	HC/Vqw3ms
Judg 16:29	שִׁמְשׁ֜וֹן	8123	HNp
Judg 16:29	אֶת	853	HTo
Judg 16:29	שְׁנֵ֣י	8147	HAcmdc
Judg 16:29	עַמּוּדֵ֣י	5982	HNcmpc
Judg 16:29	הַ/תָּ֗וֶךְ	d/8432	HTd/Ncmsa
Judg 16:29	אֲשֶׁ֤ר	834 a	HTr
Judg 16:29	הַ/בַּ֨יִת֙	d/1004 b	HTd/Ncmsa
Judg 16:29	נָכ֣וֹן	3559 a	HVNrmsa
Judg 16:29	עֲלֵי/הֶ֔ם	5921 a	HR/Sp3mp
Judg 16:29	וַ/יִּסָּמֵ֖ךְ	c/5564	HC/VNw3ms
Judg 16:29	עֲלֵי/הֶ֑ם	5921 a	HR/Sp3mp
Judg 16:29	אֶחָ֥ד	259	HAcmsa
Judg 16:29	בִּ/ימִינ֖/וֹ	b/3225	HR/Ncfsc/Sp3ms
Judg 16:29	וְ/אֶחָ֥ד	c/259	HC/Acmsa
Judg 16:29	בִּ/שְׂמֹאלֽ/וֹ	b/8040	HR/Ncmsc/Sp3ms
Judg 16:30	וַ/יֹּ֣אמֶר	c/559	HC/Vqw3ms
Judg 16:30	שִׁמְשׁ֗וֹן	8123	HNp
Judg 16:30	תָּמ֣וֹת	4191	HVqi3fs
Judg 16:30	נַפְשִׁ/י֮	5315	HNcbsc/Sp1cs
Judg 16:30	עִם	5973 a	HR
Judg 16:30	פְּלִשְׁתִּים֒	6430	HNgmpa
Judg 16:30	וַ/יֵּ֣ט	c/5186	HC/Vqw3ms
Judg 16:30	בְּ/כֹ֔חַ	b/3581 b	HR/Ncmsa
Judg 16:30	וַ/יִּפֹּ֤ל	c/5307	HC/Vqw3ms
Judg 16:30	הַ/בַּ֨יִת֙	d/1004 b	HTd/Ncmsa
Judg 16:30	עַל	5921 a	HR
Judg 16:30	הַ/סְּרָנִ֔ים	d/5633 a	HTd/Ncmpa
Judg 16:30	וְ/עַל	c/5921 a	HC/R
Judg 16:30	כָּל	3605	HNcmsc
Judg 16:30	הָ/עָ֖ם	d/5971 a	HTd/Ncmsa
Judg 16:30	אֲשֶׁר	834 a	HTr
Judg 16:30	בּ֑/וֹ	b	HR/Sp3ms
Judg 16:30	וַ/יִּהְי֤וּ	c/1961	HC/Vqw3mp
Judg 16:30	הַ/מֵּתִים֙	d/4191	HTd/Vqrmpa
Judg 16:30	אֲשֶׁ֣ר	834 a	HTr
Judg 16:30	הֵמִ֣ית	4191	HVhp3ms
Judg 16:30	בְּ/מוֹת֔/וֹ	b/4194	HR/Ncmsc/Sp3ms
Judg 16:30	רַבִּ֕ים	7227 a	HAampa
Judg 16:30	מֵ/אֲשֶׁ֥ר	m/834 c	HR/Tr
Judg 16:30	הֵמִ֖ית	4191	HVhp3ms
Judg 16:30	בְּ/חַיָּֽי/ו	b/2416 e	HR/Ncmpc/Sp3ms
Judg 16:31	וַ/יֵּרְד֨וּ	c/3381	HC/Vqw3mp
Judg 16:31	אֶחָ֜י/ו	251	HNcmpc/Sp3ms
Judg 16:31	וְ/כָל	c/3605	HC/Ncmsc
Judg 16:31	בֵּ֣ית	1004 b	HNcmsc
Judg 16:31	אָבִי/הוּ֮	1	HNcmsc/Sp3ms
Judg 16:31	וַ/יִּשְׂא֣וּ	c/5375	HC/Vqw3mp
Judg 16:31	אֹת/וֹ֒	853	HTo/Sp3ms
Judg 16:31	וַֽ/יַּעֲל֣וּ	c/5927	HC/Vqw3mp
Judg 16:31	וַ/יִּקְבְּר֣וּ	c/6912	HC/Vqw3mp
Judg 16:31	אוֹת֗/וֹ	853	HTo/Sp3ms
Judg 16:31	בֵּ֤ין	996	HR
Judg 16:31	צָרְעָה֙	6881	HNp
Judg 16:31	וּ/בֵ֣ין	c/996	HC/R
Judg 16:31	אֶשְׁתָּאֹ֔ל	847	HNp
Judg 16:31	בְּ/קֶ֖בֶר	b/6913	HR/Ncmsc
Judg 16:31	מָנ֣וֹחַ	4495	HNp
Judg 16:31	אָבִ֑י/ו	1	HNcmsc/Sp3ms
Judg 16:31	וְ/ה֛וּא	c/1931	HC/Pp3ms
Judg 16:31	שָׁפַ֥ט	8199	HVqp3ms
Judg 16:31	אֶת	853	HTo
Judg 16:31	יִשְׂרָאֵ֖ל	3478	HNp
Judg 16:31	עֶשְׂרִ֥ים	6242	HAcbpa
Judg 16:31	שָׁנָֽה	8141	HNcfsa
Judg 17:1	וַֽ/יְהִי	c/1961	HC/Vqw3ms
Judg 17:1	אִ֥ישׁ	376	HNcmsa
Judg 17:1	מֵֽ/הַר	m/2022	HR/Ncmsc
Judg 17:1	אֶפְרָ֖יִם	669	HNp
Judg 17:1	וּ/שְׁמ֥/וֹ	c/8034	HC/Ncmsc/Sp3ms
Judg 17:1	מִיכָֽיְהוּ	4319	HNp
Judg 17:2	וַ/יֹּ֣אמֶר	c/559	HC/Vqw3ms
Judg 17:2	לְ/אִמּ֡/וֹ	l/517	HR/Ncfsc/Sp3ms
Judg 17:2	אֶלֶף֩	505	HAcbsa
Judg 17:2	וּ/מֵאָ֨ה	c/3967	HC/Acbsa
Judg 17:2	הַ/כֶּ֜סֶף	d/3701	HTd/Ncmsa
Judg 17:2	אֲשֶׁ֣ר	834 a	HTr
Judg 17:2	לֻֽקַּֽח	3947	HVPp3ms
Judg 17:2	לָ֗/ךְ	l	HR/Sp2fs
Judg 17:2	ו/אתי	c/859 b	HC/Pp2fs
Judg 17:2	אָלִית֙	422	HVqp2fs
Judg 17:2	וְ/גַם֙	c/1571	HC/Ta
Judg 17:2	אָמַ֣רְתְּ	559	HVqp2fs
Judg 17:2	בְּ/אָזְנַ֔/י	b/241	HR/Ncfdc/Sp1cs
Judg 17:2	הִנֵּֽה	2009	HTm
Judg 17:2	הַ/כֶּ֥סֶף	d/3701	HTd/Ncmsa
Judg 17:2	אִתִּ֖/י	854	HR/Sp1cs
Judg 17:2	אֲנִ֣י	589	HPp1cs
Judg 17:2	לְקַחְתִּ֑י/ו	3947	HVqp1cs/Sp3ms
Judg 17:2	וַ/תֹּ֣אמֶר	c/559	HC/Vqw3fs
Judg 17:2	אִמּ֔/וֹ	517	HNcfsc/Sp3ms
Judg 17:2	בָּר֥וּךְ	1288	HVqsmsa
Judg 17:2	בְּנִ֖/י	1121 a	HNcmsc/Sp1cs
Judg 17:2	לַ/יהוָֽה	l/3068	HR/Np
Judg 17:3	וַ/יָּ֛שֶׁב	c/7725	HC/Vhw3ms
Judg 17:3	אֶת	853	HTo
Judg 17:3	אֶֽלֶף	505	HAcbsa
Judg 17:3	וּ/מֵאָ֥ה	c/3967	HC/Acbsa
Judg 17:3	הַ/כֶּ֖סֶף	d/3701	HTd/Ncmsa
Judg 17:3	לְ/אִמּ֑/וֹ	l/517	HR/Ncfsc/Sp3ms
Judg 17:3	וַ/תֹּ֣אמֶר	c/559	HC/Vqw3fs
Judg 17:3	אִמּ֡/וֹ	517	HNcfsc/Sp3ms
Judg 17:3	הַקְדֵּ֣שׁ	6942	HVha
Judg 17:3	הִקְדַּ֣שְׁתִּי	6942	HVhp1cs
Judg 17:3	אֶת	853	HTo
Judg 17:3	הַ/כֶּסֶף֩	d/3701	HTd/Ncmsa
Judg 17:3	לַ/יהוָ֨ה	l/3068	HR/Np
Judg 17:3	מִ/יָּדִ֜/י	m/3027	HR/Ncbsc/Sp1cs
Judg 17:3	לִ/בְנִ֗/י	l/1121 a	HR/Ncmsc/Sp1cs
Judg 17:3	לַֽ/עֲשׂוֹת֙	l/6213 a	HR/Vqc
Judg 17:3	פֶּ֣סֶל	6459	HNcmsa
Judg 17:3	וּ/מַסֵּכָ֔ה	c/4541 a	HC/Ncfsa
Judg 17:3	וְ/עַתָּ֖ה	c/6258	HC/D
Judg 17:3	אֲשִׁיבֶ֥/נּוּ	7725	HVhi1cs/Sp3ms
Judg 17:3	לָֽ/ךְ	l	HR/Sp2fs
Judg 17:4	וַ/יָּ֥שֶׁב	c/7725	HC/Vhw3ms
Judg 17:4	אֶת	853	HTo
Judg 17:4	הַ/כֶּ֖סֶף	d/3701	HTd/Ncmsa
Judg 17:4	לְ/אִמּ֑/וֹ	l/517	HR/Ncfsc/Sp3ms
Judg 17:4	וַ/תִּקַּ֣ח	c/3947	HC/Vqw3fs
Judg 17:4	אִמּ/וֹ֩	517	HNcfsc/Sp3ms
Judg 17:4	מָאתַ֨יִם	3967	HAcbda
Judg 17:4	כֶּ֜סֶף	3701	HNcmsa
Judg 17:4	וַ/תִּתְּנֵ֣/הוּ	c/5414	HC/Vqw3fs/Sp3ms
Judg 17:4	לַ/צּוֹרֵ֗ף	l/6884	HRd/Vqrmsa
Judg 17:4	וַֽ/יַּעֲשֵׂ֨/הוּ֙	c/6213 a	HC/Vqw3ms/Sp3ms
Judg 17:4	פֶּ֣סֶל	6459	HNcmsa
Judg 17:4	וּ/מַסֵּכָ֔ה	c/4541 a	HC/Ncfsa
Judg 17:4	וַ/יְהִ֖י	c/1961	HC/Vqw3ms
Judg 17:4	בְּ/בֵ֥ית	b/1004 b	HR/Ncmsc
Judg 17:4	מִיכָֽיְהוּ	4319	HNp
Judg 17:5	וְ/הָ/אִ֣ישׁ	c/d/376	HC/Td/Ncmsa
Judg 17:5	מִיכָ֔ה	4318	HNp
Judg 17:5	ל֖/וֹ	l	HR/Sp3ms
Judg 17:5	בֵּ֣ית	1004 b	HNcmsc
Judg 17:5	אֱלֹהִ֑ים	430	HNcmpa
Judg 17:5	וַ/יַּ֤עַשׂ	c/6213 a	HC/Vqw3ms
Judg 17:5	אֵפוֹד֙	646	HNcmsa
Judg 17:5	וּ/תְרָפִ֔ים	c/8655	HC/Ncmpa
Judg 17:5	וַ/יְמַלֵּ֗א	c/4390	HC/Vpw3ms
Judg 17:5	אֶת	853	HTo
Judg 17:5	יַ֤ד	3027	HNcbsc
Judg 17:5	אַחַד֙	259	HAcmsa
Judg 17:5	מִ/בָּנָ֔י/ו	m/1121 a	HR/Ncmpc/Sp3ms
Judg 17:5	וַ/יְהִי	c/1961	HC/Vqw3ms
Judg 17:5	ל֖/וֹ	l	HR/Sp3ms
Judg 17:5	לְ/כֹהֵֽן	l/3548	HR/Ncmsa
Judg 17:6	בַּ/יָּמִ֣ים	b/3117	HRd/Ncmpa
Judg 17:6	הָ/הֵ֔ם	d/1992	HTd/Pp3mp
Judg 17:6	אֵ֥ין	369	HTn
Judg 17:6	מֶ֖לֶךְ	4428	HNcmsa
Judg 17:6	בְּ/יִשְׂרָאֵ֑ל	b/3478	HR/Np
Judg 17:6	אִ֛ישׁ	376	HNcmsa
Judg 17:6	הַ/יָּשָׁ֥ר	d/3477	HTd/Aamsa
Judg 17:6	בְּ/עֵינָ֖י/ו	b/5869 a	HR/Ncbdc/Sp3ms
Judg 17:6	יַעֲשֶֽׂה	6213 a	HVqi3ms
Judg 17:7	וַ/יְהִי	c/1961	HC/Vqw3ms
Judg 17:7	נַ֗עַר	5288	HNcmsa
Judg 17:7	מִ/בֵּ֥ית	m/1035+	HR/Np
Judg 17:7	לֶ֨חֶם֙	1035	HNp
Judg 17:7	יְהוּדָ֔ה	3063	HNp
Judg 17:7	מִ/מִּשְׁפַּ֖חַת	m/4940	HR/Ncfsc
Judg 17:7	יְהוּדָ֑ה	3063	HNp
Judg 17:7	וְ/ה֥וּא	c/1931	HC/Pp3ms
Judg 17:7	לֵוִ֖י	3881	HNgmsa
Judg 17:7	וְ/ה֥וּא	c/1931	HC/Pp3ms
Judg 17:7	גָֽר	1481 a	HVqrmsa
Judg 17:7	שָֽׁם	8033	HD
Judg 17:8	וַ/יֵּ֨לֶךְ	c/3212	HC/Vqw3ms
Judg 17:8	הָ/אִ֜ישׁ	d/376	HTd/Ncmsa
Judg 17:8	מֵ/הָ/עִ֗יר	m/d/5892 b	HR/Td/Ncfsa
Judg 17:8	מִ/בֵּ֥ית	m/1035+	HR/Np
Judg 17:8	לֶ֨חֶם֙	1035	HNp
Judg 17:8	יְהוּדָ֔ה	3063	HNp
Judg 17:8	לָ/ג֖וּר	l/1481 a	HR/Vqc
Judg 17:8	בַּ/אֲשֶׁ֣ר	b/834 b	HR/Tr
Judg 17:8	יִמְצָ֑א	4672	HVqi3ms
Judg 17:8	וַ/יָּבֹ֧א	c/935	HC/Vqw3ms
Judg 17:8	הַר	2022	HNcmsc
Judg 17:8	אֶפְרַ֛יִם	669	HNp
Judg 17:8	עַד	5704	HR
Judg 17:8	בֵּ֥ית	1004 b	HNcmsc
Judg 17:8	מִיכָ֖ה	4318	HNp
Judg 17:8	לַ/עֲשׂ֥וֹת	l/6213 a	HR/Vqc
Judg 17:8	דַּרְכּֽ/וֹ	1870	HNcbsc/Sp3ms
Judg 17:9	וַ/יֹּאמֶר	c/559	HC/Vqw3ms
Judg 17:9	ל֥/וֹ	l	HR/Sp3ms
Judg 17:9	מִיכָ֖ה	4318	HNp
Judg 17:9	מֵ/אַ֣יִן	m/370	HR/Ti
Judg 17:9	תָּב֑וֹא	935	HVqi2ms
Judg 17:9	וַ/יֹּ֨אמֶר	c/559	HC/Vqw3ms
Judg 17:9	אֵלָ֜י/ו	413	HR/Sp3ms
Judg 17:9	לֵוִ֣י	3881	HNgmsa
Judg 17:9	אָנֹ֗כִי	595	HPp1cs
Judg 17:9	מִ/בֵּ֥ית	m/1035+	HR/Np
Judg 17:9	לֶ֨חֶם֙	1035	HNp
Judg 17:9	יְהוּדָ֔ה	3063	HNp
Judg 17:9	וְ/אָנֹכִ֣י	c/595	HC/Pp1cs
Judg 17:9	הֹלֵ֔ךְ	1980	HVqrmsa
Judg 17:9	לָ/ג֖וּר	l/1481 a	HR/Vqc
Judg 17:9	בַּ/אֲשֶׁ֥ר	b/834 b	HR/Tr
Judg 17:9	אֶמְצָֽא	4672	HVqi1cs
Judg 17:10	וַ/יֹּאמֶר֩	c/559	HC/Vqw3ms
Judg 17:10	ל֨/וֹ	l	HR/Sp3ms
Judg 17:10	מִיכָ֜ה	4318	HNp
Judg 17:10	שְׁבָ֣/ה	3427	HVqv2ms/Sh
Judg 17:10	עִמָּדִ֗/י	5978	HR/Sp1cs
Judg 17:10	וֶֽ/הְיֵה	c/1961	HC/Vqv2ms
Judg 17:10	לִ/י֮	l	HR/Sp1cs
Judg 17:10	לְ/אָ֣ב	l/1	HR/Ncmsa
Judg 17:10	וּ/לְ/כֹהֵן֒	c/l/3548	HC/R/Ncmsa
Judg 17:10	וְ/אָנֹכִ֨י	c/595	HC/Pp1cs
Judg 17:10	אֶֽתֶּן	5414	HVqi1cs
Judg 17:10	לְ/ךָ֜	l	HR/Sp2ms
Judg 17:10	עֲשֶׂ֤רֶת	6235	HAcmsc
Judg 17:10	כֶּ֨סֶף֙	3701	HNcmsa
Judg 17:10	לַ/יָּמִ֔ים	l/3117	HRd/Ncmpa
Judg 17:10	וְ/עֵ֥רֶךְ	c/6187	HC/Ncmsc
Judg 17:10	בְּגָדִ֖ים	899 b	HNcmpa
Judg 17:10	וּ/מִחְיָתֶ֑/ךָ	c/4241	HC/Ncfsc/Sp2ms
Judg 17:10	וַ/יֵּ֖לֶךְ	c/3212	HC/Vqw3ms
Judg 17:10	הַ/לֵּוִֽי	d/3881	HTd/Ngmsa
Judg 17:11	וַ/יּ֥וֹאֶל	c/2974	HC/Vhw3ms
Judg 17:11	הַ/לֵּוִ֖י	d/3881	HTd/Ngmsa
Judg 17:11	לָ/שֶׁ֣בֶת	l/3427	HR/Vqc
Judg 17:11	אֶת	854	HR
Judg 17:11	הָ/אִ֑ישׁ	d/376	HTd/Ncmsa
Judg 17:11	וַ/יְהִ֤י	c/1961	HC/Vqw3ms
Judg 17:11	הַ/נַּ֨עַר֙	d/5288	HTd/Ncmsa
Judg 17:11	ל֔/וֹ	l	HR/Sp3ms
Judg 17:11	כְּ/אַחַ֖ד	k/259	HR/Acmsc
Judg 17:11	מִ/בָּנָֽי/ו	m/1121 a	HR/Ncmpc/Sp3ms
Judg 17:12	וַ/יְמַלֵּ֤א	c/4390	HC/Vpw3ms
Judg 17:12	מִיכָה֙	4318	HNp
Judg 17:12	אֶת	853	HTo
Judg 17:12	יַ֣ד	3027	HNcbsc
Judg 17:12	הַ/לֵּוִ֔י	d/3881	HTd/Ngmsa
Judg 17:12	וַ/יְהִי	c/1961	HC/Vqw3ms
Judg 17:12	ל֥/וֹ	l	HR/Sp3ms
Judg 17:12	הַ/נַּ֖עַר	d/5288	HTd/Ncmsa
Judg 17:12	לְ/כֹהֵ֑ן	l/3548	HR/Ncmsa
Judg 17:12	וַ/יְהִ֖י	c/1961	HC/Vqw3ms
Judg 17:12	בְּ/בֵ֥ית	b/1004 b	HR/Ncmsc
Judg 17:12	מִיכָֽה	4318	HNp
Judg 17:13	וַ/יֹּ֣אמֶר	c/559	HC/Vqw3ms
Judg 17:13	מִיכָ֔ה	4318	HNp
Judg 17:13	עַתָּ֣ה	6258	HD
Judg 17:13	יָדַ֔עְתִּי	3045	HVqp1cs
Judg 17:13	כִּֽי	3588 a	HC
Judg 17:13	יֵיטִ֥יב	3190	HVhi3ms
Judg 17:13	יְהוָ֖ה	3068	HNp
Judg 17:13	לִ֑/י	l	HR/Sp1cs
Judg 17:13	כִּ֧י	3588 a	HC
Judg 17:13	הָיָה	1961	HVqp3ms
Judg 17:13	לִ֛/י	l	HR/Sp1cs
Judg 17:13	הַ/לֵּוִ֖י	d/3881	HTd/Ngmsa
Judg 17:13	לְ/כֹהֵֽן	l/3548	HR/Ncmsa
Judg 18:1	בַּ/יָּמִ֣ים	b/3117	HRd/Ncmpa
Judg 18:1	הָ/הֵ֔ם	d/1992	HTd/Pp3mp
Judg 18:1	אֵ֥ין	369	HTn
Judg 18:1	מֶ֖לֶךְ	4428	HNcmsa
Judg 18:1	בְּ/יִשְׂרָאֵ֑ל	b/3478	HR/Np
Judg 18:1	וּ/בַ/יָּמִ֣ים	c/b/3117	HC/Rd/Ncmpa
Judg 18:1	הָ/הֵ֗ם	d/1992	HTd/Pp3mp
Judg 18:1	שֵׁ֣בֶט	7626	HNcmsc
Judg 18:1	הַ/דָּנִ֞י	d/1839	HTd/Ngmsa
Judg 18:1	מְבַקֶּשׁ	1245	HVprmsa
Judg 18:1	ל֤/וֹ	l	HR/Sp3ms
Judg 18:1	נַֽחֲלָה֙	5159	HNcfsa
Judg 18:1	לָ/שֶׁ֔בֶת	l/3427	HR/Vqc
Judg 18:1	כִּי֩	3588 a	HC
Judg 18:1	לֹֽא	3808	HTn
Judg 18:1	נָ֨פְלָה	5307	HVqp3fs
Judg 18:1	לּ֜/וֹ	l	HR/Sp3ms
Judg 18:1	עַד	5704	HR
Judg 18:1	הַ/יּ֥וֹם	d/3117	HTd/Ncmsa
Judg 18:1	הַ/ה֛וּא	d/1931	HTd/Pp3ms
Judg 18:1	בְּ/תוֹךְ	b/8432	HR/Ncmsc
Judg 18:1	שִׁבְטֵ֥י	7626	HNcmpc
Judg 18:1	יִשְׂרָאֵ֖ל	3478	HNp
Judg 18:1	בְּ/נַחֲלָֽה	b/5159	HR/Ncfsa
Judg 18:2	וַ/יִּשְׁלְח֣וּ	c/7971	HC/Vqw3mp
Judg 18:2	בְנֵי	1121 a	HNcmpc
Judg 18:2	דָ֣ן	1835	HNp
Judg 18:2	מִֽ/מִּשְׁפַּחְתָּ֡/ם	m/4940	HR/Ncfsc/Sp3mp
Judg 18:2	חֲמִשָּׁ֣ה	2568	HAcmsa
Judg 18:2	אֲנָשִׁ֣ים	376	HNcmpa
Judg 18:2	מִ/קְצוֹתָ/ם֩	m/7098	HR/Ncbpc/Sp3mp
Judg 18:2	אֲנָשִׁ֨ים	376	HNcmpa
Judg 18:2	בְּנֵי	1121 a	HNcmpc
Judg 18:2	חַ֜יִל	2428	HNcmsa
Judg 18:2	מִ/צָּרְעָ֣ה	m/6881	HR/Np
Judg 18:2	וּ/מֵֽ/אֶשְׁתָּאֹ֗ל	c/m/847	HC/R/Np
Judg 18:2	לְ/רַגֵּ֤ל	l/7270	HR/Vpc
Judg 18:2	אֶת	853	HTo
Judg 18:2	הָ/אָ֨רֶץ֙	d/776	HTd/Ncbsa
Judg 18:2	וּ/לְ/חָקְרָ֔/הּ	c/l/2713	HC/R/Vqc/Sp3fs
Judg 18:2	וַ/יֹּאמְר֣וּ	c/559	HC/Vqw3mp
Judg 18:2	אֲלֵ/הֶ֔ם	413	HR/Sp3mp
Judg 18:2	לְכ֖וּ	3212	HVqv2mp
Judg 18:2	חִקְר֣וּ	2713	HVqv2mp
Judg 18:2	אֶת	853	HTo
Judg 18:2	הָ/אָ֑רֶץ	d/776	HTd/Ncbsa
Judg 18:2	וַ/יָּבֹ֤אוּ	c/935	HC/Vqw3mp
Judg 18:2	הַר	2022	HNcmsc
Judg 18:2	אֶפְרַ֨יִם֙	669	HNp
Judg 18:2	עַד	5704	HR
Judg 18:2	בֵּ֣ית	1004 b	HNcmsc
Judg 18:2	מִיכָ֔ה	4318	HNp
Judg 18:2	וַ/יָּלִ֖ינוּ	c/3885 a	HC/Vqw3mp
Judg 18:2	שָֽׁם	8033	HD
Judg 18:3	הֵ֚מָּה	1992	HPp3mp
Judg 18:3	עִם	5973 a	HR
Judg 18:3	בֵּ֣ית	1004 b	HNcmsc
Judg 18:3	מִיכָ֔ה	4318	HNp
Judg 18:3	וְ/הֵ֣מָּה	c/1992	HC/Pp3mp
Judg 18:3	הִכִּ֔ירוּ	5234 a	HVhp3cp
Judg 18:3	אֶת	853	HTo
Judg 18:3	ק֥וֹל	6963 a	HNcmsc
Judg 18:3	הַ/נַּ֖עַר	d/5288	HTd/Ncmsa
Judg 18:3	הַ/לֵּוִ֑י	d/3881	HTd/Ngmsa
Judg 18:3	וַ/יָּס֣וּרוּ	c/5493	HC/Vqw3mp
Judg 18:3	שָׁ֗ם	8033	HD
Judg 18:3	וַ/יֹּ֤אמְרוּ	c/559	HC/Vqw3mp
Judg 18:3	ל/וֹ֙	l	HR/Sp3ms
Judg 18:3	מִֽי	4310	HTi
Judg 18:3	הֱבִיאֲ/ךָ֣	935	HVhp3ms/Sp2ms
Judg 18:3	הֲלֹ֔ם	1988	HD
Judg 18:3	וּ/מָֽה	c/4100	HC/Ti
Judg 18:3	אַתָּ֥ה	859 a	HPp2ms
Judg 18:3	עֹשֶׂ֛ה	6213 a	HVqrmsa
Judg 18:3	בָּ/זֶ֖ה	b/2088	HR/Pdxms
Judg 18:3	וּ/מַה	c/4100	HC/Ti
Judg 18:3	לְּ/ךָ֥	l	HR/Sp2ms
Judg 18:3	פֹֽה	6311	HD
Judg 18:4	וַ/יֹּ֣אמֶר	c/559	HC/Vqw3ms
Judg 18:4	אֲלֵ/הֶ֔ם	413	HR/Sp3mp
Judg 18:4	כָּ/זֹ֣ה	k/2090	HR/Pdxfs
Judg 18:4	וְ/כָ/זֶ֔ה	c/k/2088	HC/R/Pdxms
Judg 18:4	עָ֥שָׂה	6213 a	HVqp3ms
Judg 18:4	לִ֖/י	l	HR/Sp1cs
Judg 18:4	מִיכָ֑ה	4318	HNp
Judg 18:4	וַ/יִּשְׂכְּרֵ֕/נִי	c/7936 b	HC/Vqw3ms/Sp1cs
Judg 18:4	וָ/אֱהִי	c/1961	HC/Vqw1cs
Judg 18:4	ל֖/וֹ	l	HR/Sp3ms
Judg 18:4	לְ/כֹהֵֽן	l/3548	HR/Ncmsa
Judg 18:5	וַ/יֹּ֥אמְרוּ	c/559	HC/Vqw3mp
Judg 18:5	ל֖/וֹ	l	HR/Sp3ms
Judg 18:5	שְׁאַל	7592	HVqv2ms
Judg 18:5	נָ֣א	4994	HTe
Judg 18:5	בֵ/אלֹהִ֑ים	b/430	HR/Ncmpa
Judg 18:5	וְ/נֵ֣דְעָ֔ה	c/3045	HC/Vqh1cp
Judg 18:5	הֲ/תַצְלִ֣יחַ	i/6743 b	HTi/Vhi3fs
Judg 18:5	דַּרְכֵּ֔/נוּ	1870	HNcbsc/Sp1cp
Judg 18:5	אֲשֶׁ֥ר	834 a	HTr
Judg 18:5	אֲנַ֖חְנוּ	587	HPp1cp
Judg 18:5	הֹלְכִ֥ים	1980	HVqrmpa
Judg 18:5	עָלֶֽי/הָ	5921 a	HR/Sp3fs
Judg 18:6	וַ/יֹּ֧אמֶר	c/559	HC/Vqw3ms
Judg 18:6	לָ/הֶ֛ם	l	HR/Sp3mp
Judg 18:6	הַ/כֹּהֵ֖ן	d/3548	HTd/Ncmsa
Judg 18:6	לְכ֣וּ	3212	HVqv2mp
Judg 18:6	לְ/שָׁל֑וֹם	l/7965	HR/Ncmsa
Judg 18:6	נֹ֣כַח	5227	HR
Judg 18:6	יְהוָ֔ה	3068	HNp
Judg 18:6	דַּרְכְּ/כֶ֖ם	1870	HNcbsc/Sp2mp
Judg 18:6	אֲשֶׁ֥ר	834 a	HTr
Judg 18:6	תֵּֽלְכוּ	3212	HVqi2mp
Judg 18:6	בָֽ/הּ	b	HR/Sp3fs
Judg 18:7	וַ/יֵּלְכוּ֙	c/3212	HC/Vqw3mp
Judg 18:7	חֲמֵ֣שֶׁת	2568	HAcmsc
Judg 18:7	הָ/אֲנָשִׁ֔ים	d/376	HTd/Ncmpa
Judg 18:7	וַ/יָּבֹ֖אוּ	c/935	HC/Vqw3mp
Judg 18:7	לָ֑יְשָׁ/ה	3919 a	HNp/Sd
Judg 18:7	וַ/יִּרְא֣וּ	c/7200	HC/Vqw3mp
Judg 18:7	אֶת	853	HTo
Judg 18:7	הָ/עָ֣ם	d/5971 a	HTd/Ncmsa
Judg 18:7	אֲשֶׁר	834 a	HTr
Judg 18:7	בְּ/קִרְבָּ֣/הּ	b/7130	HR/Ncmsc/Sp3fs
Judg 18:7	יוֹשֶֽׁבֶת	3427	HVqrfsa
Judg 18:7	לָ֠/בֶטַח	l/983	HR/Ncmsa
Judg 18:7	כְּ/מִשְׁפַּ֨ט	k/4941	HR/Ncmsc
Judg 18:7	צִדֹנִ֜ים	6722	HNgmpa
Judg 18:7	שֹׁקֵ֣ט	8252	HVqrmsa
Judg 18:7	וּ/בֹטֵ֗חַ	c/982	HC/Vqrmsa
Judg 18:7	וְ/אֵין	c/369	HC/Tn
Judg 18:7	מַכְלִ֨ים	3637	HVhrmsa
Judg 18:7	דָּבָ֤ר	1697	HNcmsa
Judg 18:7	בָּ/אָ֨רֶץ֙	b/776	HRd/Ncbsa
Judg 18:7	יוֹרֵ֣שׁ	3423	HVqrmsa
Judg 18:7	עֶ֔צֶר	6114	HNcmsa
Judg 18:7	וּ/רְחֹקִ֥ים	c/7350	HC/Aampa
Judg 18:7	הֵ֨מָּה֙	1992	HPp3mp
Judg 18:7	מִ/צִּ֣דֹנִ֔ים	m/6722	HR/Ngmpa
Judg 18:7	וְ/דָבָ֥ר	c/1697	HC/Ncmsa
Judg 18:7	אֵין	369	HTn
Judg 18:7	לָ/הֶ֖ם	l	HR/Sp3mp
Judg 18:7	עִם	5973 a	HR
Judg 18:7	אָדָֽם	120	HNcmsa
Judg 18:8	וַ/יָּבֹ֨אוּ֙	c/935	HC/Vqw3mp
Judg 18:8	אֶל	413	HR
Judg 18:8	אֲחֵי/הֶ֔ם	251	HNcmpc/Sp3mp
Judg 18:8	צָרְעָ֖ה	6881	HNp
Judg 18:8	וְ/אֶשְׁתָּאֹ֑ל	c/847	HC/Np
Judg 18:8	וַ/יֹּאמְר֥וּ	c/559	HC/Vqw3mp
Judg 18:8	לָ/הֶ֛ם	l	HR/Sp3mp
Judg 18:8	אֲחֵי/הֶ֖ם	251	HNcmpc/Sp3mp
Judg 18:8	מָ֥ה	4100	HTi
Judg 18:8	אַתֶּֽם	859 d	HPp2mp
Judg 18:9	וַ/יֹּאמְר֗וּ	c/559	HC/Vqw3mp
Judg 18:9	ק֚וּמָ/ה	6965 b	HVqv2ms/Sh
Judg 18:9	וְ/נַעֲלֶ֣ה	c/5927	HC/Vqh1cp
Judg 18:9	עֲלֵי/הֶ֔ם	5921 a	HR/Sp3mp
Judg 18:9	כִּ֤י	3588 a	HC
Judg 18:9	רָאִ֨ינוּ֙	7200	HVqp1cp
Judg 18:9	אֶת	853	HTo
Judg 18:9	הָ/אָ֔רֶץ	d/776	HTd/Ncbsa
Judg 18:9	וְ/הִנֵּ֥ה	c/2009	HC/Tm
Judg 18:9	טוֹבָ֖ה	2896 a	HAafsa
Judg 18:9	מְאֹ֑ד	3966	HD
Judg 18:9	וְ/אַתֶּ֣ם	c/859 d	HC/Pp2mp
Judg 18:9	מַחְשִׁ֔ים	2814	HVhrmpa
Judg 18:9	אַל	408	HTn
Judg 18:9	תֵּעָ֣צְל֔וּ	6101	HVNj2mp
Judg 18:9	לָ/לֶ֥כֶת	l/3212	HR/Vqc
Judg 18:9	לָ/בֹ֖א	l/935	HR/Vqc
Judg 18:9	לָ/רֶ֥שֶׁת	l/3423	HR/Vqc
Judg 18:9	אֶת	853	HTo
Judg 18:9	הָ/אָֽרֶץ	d/776	HTd/Ncbsa
Judg 18:10	כְּ/בֹאֲ/כֶ֞ם	k/935	HR/Vqc/Sp2mp
Judg 18:10	תָּבֹ֣אוּ	935	HVqi2mp
Judg 18:10	אֶל	413	HR
Judg 18:10	עַ֣ם	5971 a	HNcmsa
Judg 18:10	בֹּטֵ֗חַ	982	HVqrmsa
Judg 18:10	וְ/הָ/אָ֨רֶץ֙	c/d/776	HC/Td/Ncbsa
Judg 18:10	רַחֲבַ֣ת	7342	HAafsc
Judg 18:10	יָדַ֔יִם	3027	HNcbda
Judg 18:10	כִּֽי	3588 a	HC
Judg 18:10	נְתָנָ֥/הּ	5414	HVqp3ms/Sp3fs
Judg 18:10	אֱלֹהִ֖ים	430	HNcmpa
Judg 18:10	בְּ/יֶדְ/כֶ֑ם	b/3027	HR/Ncbsc/Sp2mp
Judg 18:10	מָקוֹם֙	4725	HNcmsa
Judg 18:10	אֲשֶׁ֣ר	834 a	HTr
Judg 18:10	אֵֽין	369	HTn
Judg 18:10	שָׁ֣ם	8033	HD
Judg 18:10	מַחְס֔וֹר	4270	HNcmsc
Judg 18:10	כָּל	3605	HNcmsc
Judg 18:10	דָּבָ֖ר	1697	HNcmsa
Judg 18:10	אֲשֶׁ֥ר	834 a	HTr
Judg 18:10	בָּ/אָֽרֶץ	b/776	HRd/Ncbsa
Judg 18:11	וַ/יִּסְע֤וּ	c/5265	HC/Vqw3mp
Judg 18:11	מִ/שָּׁם֙	m/8033	HR/D
Judg 18:11	מִ/מִּשְׁפַּ֣חַת	m/4940	HR/Ncfsc
Judg 18:11	הַ/דָּנִ֔י	d/1839	HTd/Ngmsa
Judg 18:11	מִ/צָּרְעָ֖ה	m/6881	HR/Np
Judg 18:11	וּ/מֵ/אֶשְׁתָּאֹ֑ל	c/m/847	HC/R/Np
Judg 18:11	שֵֽׁשׁ	8337	HAcfsa
Judg 18:11	מֵא֣וֹת	3967	HAcbpa
Judg 18:11	אִ֔ישׁ	376	HNcmsa
Judg 18:11	חָג֖וּר	2296	HVqsmsa
Judg 18:11	כְּלֵ֥י	3627	HNcmpc
Judg 18:11	מִלְחָמָֽה	4421	HNcfsa
Judg 18:12	וַֽ/יַּעֲל֗וּ	c/5927	HC/Vqw3mp
Judg 18:12	וַֽ/יַּחֲנ֛וּ	c/2583	HC/Vqw3mp
Judg 18:12	בְּ/קִרְיַ֥ת	b/7157+	HR/Np
Judg 18:12	יְעָרִ֖ים	7157	HNp
Judg 18:12	בִּֽ/יהוּדָ֑ה	b/3063	HR/Np
Judg 18:12	עַל	5921 a	HR
Judg 18:12	כֵּ֡ן	3651 c	HTm
Judg 18:12	קָרְאוּ֩	7121	HVqp3cp
Judg 18:12	לַ/מָּק֨וֹם	l/4725	HRd/Ncmsa
Judg 18:12	הַ/ה֜וּא	d/1931	HTd/Pp3ms
Judg 18:12	מַחֲנֵה	4265+	HNp
Judg 18:12	דָ֗ן	4265	HNp
Judg 18:12	עַ֚ד	5704	HR
Judg 18:12	הַ/יּ֣וֹם	d/3117	HTd/Ncmsa
Judg 18:12	הַ/זֶּ֔ה	d/2088	HTd/Pdxms
Judg 18:12	הִנֵּ֕ה	2009	HTm
Judg 18:12	אַחֲרֵ֖י	310 a	HR
Judg 18:12	קִרְיַ֥ת	7157+	HNp
Judg 18:12	יְעָרִֽים	7157	HNp
Judg 18:13	וַ/יַּעַבְר֥וּ	c/5674 a	HC/Vqw3mp
Judg 18:13	מִ/שָּׁ֖ם	m/8033	HR/D
Judg 18:13	הַר	2022	HNcmsc
Judg 18:13	אֶפְרָ֑יִם	669	HNp
Judg 18:13	וַ/יָּבֹ֖אוּ	c/935	HC/Vqw3mp
Judg 18:13	עַד	5704	HR
Judg 18:13	בֵּ֥ית	1004 b	HNcmsc
Judg 18:13	מִיכָֽה	4318	HNp
Judg 18:14	וַֽ/יַּעֲנ֞וּ	c/6030 b	HC/Vqw3mp
Judg 18:14	חֲמֵ֣שֶׁת	2568	HAcmsc
Judg 18:14	הָ/אֲנָשִׁ֗ים	d/376	HTd/Ncmpa
Judg 18:14	הַ/הֹלְכִים֮	d/1980	HTd/Vqrmpa
Judg 18:14	לְ/רַגֵּל֮	l/7270	HR/Vpc
Judg 18:14	אֶת	853	HTo
Judg 18:14	הָ/אָ֣רֶץ	d/776	HTd/Ncbsa
Judg 18:14	לַיִשׁ֒	3919 a	HNp
Judg 18:14	וַ/יֹּֽאמְרוּ֙	c/559	HC/Vqw3mp
Judg 18:14	אֶל	413	HR
Judg 18:14	אֲחֵי/הֶ֔ם	251	HNcmpc/Sp3mp
Judg 18:14	הַ/יְדַעְתֶּ֗ם	d/3045	HTi/Vqp2mp
Judg 18:14	כִּ֠י	3588 a	HC
Judg 18:14	יֵ֣שׁ	3426	HTm
Judg 18:14	בַּ/בָּתִּ֤ים	b/1004 b	HRd/Ncmpa
Judg 18:14	הָ/אֵ֨לֶּה֙	d/428	HTd/Pdxcp
Judg 18:14	אֵפ֣וֹד	646	HNcmsa
Judg 18:14	וּ/תְרָפִ֔ים	c/8655	HC/Ncmpa
Judg 18:14	וּ/פֶ֖סֶל	c/6459	HC/Ncmsa
Judg 18:14	וּ/מַסֵּכָ֑ה	c/4541 a	HC/Ncfsa
Judg 18:14	וְ/עַתָּ֖ה	c/6258	HC/D
Judg 18:14	דְּע֥וּ	3045	HVqv2mp
Judg 18:14	מַֽה	4100	HTi
Judg 18:14	תַּעֲשֽׂוּ	6213 a	HVqi2mp
Judg 18:15	וַ/יָּס֣וּרוּ	c/5493	HC/Vqw3mp
Judg 18:15	שָׁ֔מָּ/ה	8033	HD/Sd
Judg 18:15	וַ/יָּבֹ֛אוּ	c/935	HC/Vqw3mp
Judg 18:15	אֶל	413	HR
Judg 18:15	בֵּֽית	1004 b	HNcmsc
Judg 18:15	הַ/נַּ֥עַר	d/5288	HTd/Ncmsa
Judg 18:15	הַ/לֵּוִ֖י	d/3881	HTd/Ngmsa
Judg 18:15	בֵּ֣ית	1004 b	HNcmsc
Judg 18:15	מִיכָ֑ה	4318	HNp
Judg 18:15	וַ/יִּשְׁאֲלוּ	c/7592	HC/Vqw3mp
Judg 18:15	ל֖/וֹ	l	HR/Sp3ms
Judg 18:15	לְ/שָׁלֽוֹם	l/7965	HR/Ncmsa
Judg 18:16	וְ/שֵׁשׁ	c/8337	HC/Acfsa
Judg 18:16	מֵא֣וֹת	3967	HAcbpa
Judg 18:16	אִ֗ישׁ	376	HNcmsa
Judg 18:16	חֲגוּרִים֙	2296	HVqsmpa
Judg 18:16	כְּלֵ֣י	3627	HNcmpc
Judg 18:16	מִלְחַמְתָּ֔/ם	4421	HNcfsc/Sp3mp
Judg 18:16	נִצָּבִ֖ים	5324	HVNrmpa
Judg 18:16	פֶּ֣תַח	6607	HNcmsc
Judg 18:16	הַ/שָּׁ֑עַר	d/8179	HTd/Ncmsa
Judg 18:16	אֲשֶׁ֖ר	834 a	HTr
Judg 18:16	מִ/בְּנֵי	m/1121 a	HR/Ncmpc
Judg 18:16	דָֽן	1835	HNp
Judg 18:17	וַֽ/יַּעֲל֞וּ	c/5927	HC/Vqw3mp
Judg 18:17	חֲמֵ֣שֶׁת	2568	HAcmsc
Judg 18:17	הָ/אֲנָשִׁ֗ים	d/376	HTd/Ncmpa
Judg 18:17	הַ/הֹלְכִים֮	d/1980	HTd/Vqrmpa
Judg 18:17	לְ/רַגֵּ֣ל	l/7270	HR/Vpc
Judg 18:17	אֶת	853	HTo
Judg 18:17	הָ/אָרֶץ֒	d/776	HTd/Ncbsa
Judg 18:17	בָּ֣אוּ	935	HVqp3cp
Judg 18:17	שָׁ֔מָּ/ה	8033	HD/Sd
Judg 18:17	לָקְח֗וּ	3947	HVqp3cp
Judg 18:17	אֶת	853	HTo
Judg 18:17	הַ/פֶּ֨סֶל֙	d/6456	HTd/Ncmsa
Judg 18:17	וְ/אֶת	c/853	HC/To
Judg 18:17	הָ֣/אֵפ֔וֹד	d/646	HTd/Ncmsa
Judg 18:17	וְ/אֶת	c/853	HC/To
Judg 18:17	הַ/תְּרָפִ֖ים	d/8655	HTd/Ncmpa
Judg 18:17	וְ/אֶת	c/853	HC/To
Judg 18:17	הַ/מַּסֵּכָ֑ה	d/4541 a	HTd/Ncfsa
Judg 18:17	וְ/הַ/כֹּהֵ֗ן	c/d/3548	HC/Td/Ncmsa
Judg 18:17	נִצָּב֙	5324	HVNrmsa
Judg 18:17	פֶּ֣תַח	6607	HNcmsc
Judg 18:17	הַ/שַּׁ֔עַר	d/8179	HTd/Ncmsa
Judg 18:17	וְ/שֵׁשׁ	c/8337	HC/Acfsa
Judg 18:17	מֵא֣וֹת	3967	HAcbpa
Judg 18:17	הָ/אִ֔ישׁ	d/376	HTd/Ncmsa
Judg 18:17	הֶ/חָג֖וּר	d/2296	HTd/Vqsmsa
Judg 18:17	כְּלֵ֥י	3627	HNcmpc
Judg 18:17	הַ/מִּלְחָמָֽה	d/4421	HTd/Ncfsa
Judg 18:18	וְ/אֵ֗לֶּה	c/428	HC/Pdxcp
Judg 18:18	בָּ֚אוּ	935	HVqp3cp
Judg 18:18	בֵּ֣ית	1004 b	HNcmsc
Judg 18:18	מִיכָ֔ה	4318	HNp
Judg 18:18	וַ/יִּקְחוּ֙	c/3947	HC/Vqw3mp
Judg 18:18	אֶת	853	HTo
Judg 18:18	פֶּ֣סֶל	6459	HNcmsc
Judg 18:18	הָ/אֵפ֔וֹד	d/646	HTd/Ncmsa
Judg 18:18	וְ/אֶת	c/853	HC/To
Judg 18:18	הַ/תְּרָפִ֖ים	d/8655	HTd/Ncmpa
Judg 18:18	וְ/אֶת	c/853	HC/To
Judg 18:18	הַ/מַּסֵּכָ֑ה	d/4541 a	HTd/Ncfsa
Judg 18:18	וַ/יֹּ֤אמֶר	c/559	HC/Vqw3ms
Judg 18:18	אֲלֵי/הֶם֙	413	HR/Sp3mp
Judg 18:18	הַ/כֹּהֵ֔ן	d/3548	HTd/Ncmsa
Judg 18:18	מָ֥ה	4100	HTi
Judg 18:18	אַתֶּ֖ם	859 d	HPp2mp
Judg 18:18	עֹשִֽׂים	6213 a	HVqrmpa
Judg 18:19	וַ/יֹּאמְרוּ֩	c/559	HC/Vqw3mp
Judg 18:19	ל֨/וֹ	l	HR/Sp3ms
Judg 18:19	הַחֲרֵ֜שׁ	2790 b	HVhv2ms
Judg 18:19	שִֽׂים	7760 a	HVqv2ms
Judg 18:19	יָדְ/ךָ֤	3027	HNcbsc/Sp2ms
Judg 18:19	עַל	5921 a	HR
Judg 18:19	פִּ֨י/ךָ֙	6310	HNcmsc/Sp2ms
Judg 18:19	וְ/לֵ֣ךְ	c/3212	HC/Vqv2ms
Judg 18:19	עִמָּ֔/נוּ	5973 a	HR/Sp1cp
Judg 18:19	וֶֽ/הְיֵה	c/1961	HC/Vqv2ms
Judg 18:19	לָ֖/נוּ	l	HR/Sp1cp
Judg 18:19	לְ/אָ֣ב	l/1	HR/Ncmsa
Judg 18:19	וּ/לְ/כֹהֵ֑ן	c/l/3548	HC/R/Ncmsa
Judg 18:19	הֲ/ט֣וֹב	i/2896 a	HTi/Aamsa
Judg 18:19	הֱיוֹתְ/ךָ֣	1961	HVqc/Sp2ms
Judg 18:19	כֹהֵ֗ן	3548	HNcmsa
Judg 18:19	לְ/בֵית֙	l/1004 b	HR/Ncmsc
Judg 18:19	אִ֣ישׁ	376	HNcmsa
Judg 18:19	אֶחָ֔ד	259	HAcmsa
Judg 18:19	א֚וֹ	176 a	HC
Judg 18:19	הֱיוֹתְ/ךָ֣	1961	HVqc/Sp2ms
Judg 18:19	כֹהֵ֔ן	3548	HNcmsa
Judg 18:19	לְ/שֵׁ֥בֶט	l/7626	HR/Ncmsa
Judg 18:19	וּ/לְ/מִשְׁפָּחָ֖ה	c/l/4940	HC/R/Ncfsa
Judg 18:19	בְּ/יִשְׂרָאֵֽל	b/3478	HR/Np
Judg 18:20	וַ/יִּיטַב֙	c/3190	HC/Vqw3ms
Judg 18:20	לֵ֣ב	3820 a	HNcmsc
Judg 18:20	הַ/כֹּהֵ֔ן	d/3548	HTd/Ncmsa
Judg 18:20	וַ/יִּקַּח֙	c/3947	HC/Vqw3ms
Judg 18:20	אֶת	853	HTo
Judg 18:20	הָ֣/אֵפ֔וֹד	d/646	HTd/Ncmsa
Judg 18:20	וְ/אֶת	c/853	HC/To
Judg 18:20	הַ/תְּרָפִ֖ים	d/8655	HTd/Ncmpa
Judg 18:20	וְ/אֶת	c/853	HC/To
Judg 18:20	הַ/פָּ֑סֶל	d/6459	HTd/Ncmsa
Judg 18:20	וַ/יָּבֹ֖א	c/935	HC/Vqw3ms
Judg 18:20	בְּ/קֶ֥רֶב	b/7130	HR/Ncmsc
Judg 18:20	הָ/עָֽם	d/5971 a	HTd/Ncmsa
Judg 18:21	וַ/יִּפְנ֖וּ	c/6437	HC/Vqw3mp
Judg 18:21	וַ/יֵּלֵ֑כוּ	c/3212	HC/Vqw3mp
Judg 18:21	וַ/יָּשִׂ֨ימוּ	c/7760 a	HC/Vqw3mp
Judg 18:21	אֶת	853	HTo
Judg 18:21	הַ/טַּ֧ף	d/2945	HTd/Ncmsa
Judg 18:21	וְ/אֶת	c/853	HC/To
Judg 18:21	הַ/מִּקְנֶ֛ה	d/4735	HTd/Ncmsa
Judg 18:21	וְ/אֶת	c/853	HC/To
Judg 18:21	הַ/כְּבוּדָּ֖ה	d/3520 b	HTd/Ncfsa
Judg 18:21	לִ/פְנֵי/הֶֽם	l/6440	HR/Ncbpc/Sp3mp
Judg 18:22	הֵ֥מָּה	1992	HPp3mp
Judg 18:22	הִרְחִ֖יקוּ	7368	HVhp3cp
Judg 18:22	מִ/בֵּ֣ית	m/1004 b	HR/Ncmsc
Judg 18:22	מִיכָ֑ה	4318	HNp
Judg 18:22	וְ/הָ/אֲנָשִׁ֗ים	c/d/376	HC/Td/Ncmpa
Judg 18:22	אֲשֶׁ֤ר	834 a	HTr
Judg 18:22	בַּ/בָּתִּים֙	b/1004 b	HRd/Ncmpa
Judg 18:22	אֲשֶׁר֙	834 a	HTr
Judg 18:22	עִם	5973 a	HR
Judg 18:22	בֵּ֣ית	1004 b	HNcmsc
Judg 18:22	מִיכָ֔ה	4318	HNp
Judg 18:22	נִֽזְעֲק֔וּ	2199	HVNp3cp
Judg 18:22	וַ/יַּדְבִּ֖יקוּ	c/1692	HC/Vhw3mp
Judg 18:22	אֶת	853	HTo
Judg 18:22	בְּנֵי	1121 a	HNcmpc
Judg 18:22	דָֽן	1835	HNp
Judg 18:23	וַֽ/יִּקְרְאוּ֙	c/7121	HC/Vqw3mp
Judg 18:23	אֶל	413	HR
Judg 18:23	בְּנֵי	1121 a	HNcmpc
Judg 18:23	דָ֔ן	1835	HNp
Judg 18:23	וַ/יַּסֵּ֖בּוּ	c/5437	HC/Vhw3mp
Judg 18:23	פְּנֵי/הֶ֑ם	6440	HNcbpc/Sp3mp
Judg 18:23	וַ/יֹּאמְר֣וּ	c/559	HC/Vqw3mp
Judg 18:23	לְ/מִיכָ֔ה	l/4318	HR/Np
Judg 18:23	מַה	4100	HTi
Judg 18:23	לְּ/ךָ֖	l	HR/Sp2ms
Judg 18:23	כִּ֥י	3588 a	HC
Judg 18:23	נִזְעָֽקְתָּ	2199	HVNp2ms
Judg 18:24	וַ/יֹּ֡אמֶר	c/559	HC/Vqw3ms
Judg 18:24	אֶת	853	HTo
Judg 18:24	אֱלֹהַ/י֩	430	HNcmpc/Sp1cs
Judg 18:24	אֲשֶׁר	834 a	HTr
Judg 18:24	עָשִׂ֨יתִי	6213 a	HVqp1cs
Judg 18:24	לְקַחְתֶּ֧ם	3947	HVqp2mp
Judg 18:24	וְֽ/אֶת	c/853	HC/To
Judg 18:24	הַ/כֹּהֵ֛ן	d/3548	HTd/Ncmsa
Judg 18:24	וַ/תֵּלְכ֖וּ	c/3212	HC/Vqw2mp
Judg 18:24	וּ/מַה	c/4100	HC/Ti
Judg 18:24	לִּ֣/י	l	HR/Sp1cs
Judg 18:24	ע֑וֹד	5750	HD
Judg 18:24	וּ/מַה	c/4100	HC/Ti
Judg 18:24	זֶּ֛ה	2088	HPdxms
Judg 18:24	תֹּאמְר֥וּ	559	HVqi2mp
Judg 18:24	אֵלַ֖/י	413	HR/Sp1cs
Judg 18:24	מַה	4100	HTi
Judg 18:24	לָּֽ/ךְ	l	HR/Sp2fs
Judg 18:25	וַ/יֹּאמְר֤וּ	c/559	HC/Vqw3mp
Judg 18:25	אֵלָי/ו֙	413	HR/Sp3ms
Judg 18:25	בְּנֵי	1121 a	HNcmpc
Judg 18:25	דָ֔ן	1835	HNp
Judg 18:25	אַל	408	HTn
Judg 18:25	תַּשְׁמַ֥ע	8085	HVhj2ms
Judg 18:25	קוֹלְ/ךָ֖	6963 a	HNcmsc/Sp2ms
Judg 18:25	עִמָּ֑/נוּ	5973 a	HR/Sp1cp
Judg 18:25	פֶּֽן	6435	HC
Judg 18:25	יִפְגְּע֣וּ	6293	HVqi3mp
Judg 18:25	בָ/כֶ֗ם	b	HR/Sp2mp
Judg 18:25	אֲנָשִׁים֙	376	HNcmpa
Judg 18:25	מָ֣רֵי	4751	HAampc
Judg 18:25	נֶ֔פֶשׁ	5315	HNcbsa
Judg 18:25	וְ/אָסַפְתָּ֥ה	c/622	HC/Vqq2ms
Judg 18:25	נַפְשְׁ/ךָ֖	5315	HNcbsc/Sp2ms
Judg 18:25	וְ/נֶ֥פֶשׁ	c/5315	HC/Ncbsc
Judg 18:25	בֵּיתֶֽ/ךָ	1004 b	HNcmsc/Sp2ms
Judg 18:26	וַ/יֵּלְכ֥וּ	c/3212	HC/Vqw3mp
Judg 18:26	בְנֵי	1121 a	HNcmpc
Judg 18:26	דָ֖ן	1835	HNp
Judg 18:26	לְ/דַרְכָּ֑/ם	l/1870	HR/Ncbsc/Sp3mp
Judg 18:26	וַ/יַּ֣רְא	c/7200	HC/Vqw3ms
Judg 18:26	מִיכָ֗ה	4318	HNp
Judg 18:26	כִּי	3588 a	HC
Judg 18:26	חֲזָקִ֥ים	2389	HAampa
Judg 18:26	הֵ֨מָּה֙	1992	HPp3mp
Judg 18:26	מִמֶּ֔/נּוּ	4480 a	HR/Sp1cp
Judg 18:26	וַ/יִּ֖פֶן	c/6437	HC/Vqw3ms
Judg 18:26	וַ/יָּ֥שָׁב	c/7725	HC/Vqw3ms
Judg 18:26	אֶל	413	HR
Judg 18:26	בֵּיתֽ/וֹ	1004 b	HNcmsc/Sp3ms
Judg 18:27	וְ/הֵ֨מָּה	c/1992	HC/Pp3mp
Judg 18:27	לָקְח֜וּ	3947	HVqp3cp
Judg 18:27	אֵ֧ת	853	HTo
Judg 18:27	אֲשֶׁר	834 a	HTr
Judg 18:27	עָשָׂ֣ה	6213 a	HVqp3ms
Judg 18:27	מִיכָ֗ה	4318	HNp
Judg 18:27	וְֽ/אֶת	c/853	HC/To
Judg 18:27	הַ/כֹּהֵן֮	d/3548	HTd/Ncmsa
Judg 18:27	אֲשֶׁ֣ר	834 a	HTr
Judg 18:27	הָיָה	1961	HVqp3ms
Judg 18:27	ל/וֹ֒	l	HR/Sp3ms
Judg 18:27	וַ/יָּבֹ֣אוּ	c/935	HC/Vqw3mp
Judg 18:27	עַל	5921 a	HR
Judg 18:27	לַ֗יִשׁ	3919 a	HNp
Judg 18:27	עַל	5921 a	HR
Judg 18:27	עַם֙	5971 a	HNcmsa
Judg 18:27	שֹׁקֵ֣ט	8252	HVqrmsa
Judg 18:27	וּ/בֹטֵ֔חַ	c/982	HC/Vqrmsa
Judg 18:27	וַ/יַּכּ֥וּ	c/5221	HC/Vhw3mp
Judg 18:27	אוֹתָ֖/ם	853	HTo/Sp3mp
Judg 18:27	לְ/פִי	l/6310	HR/Ncmsc
Judg 18:27	חָ֑רֶב	2719	HNcfsa
Judg 18:27	וְ/אֶת	c/853	HC/To
Judg 18:27	הָ/עִ֖יר	d/5892 b	HTd/Ncfsa
Judg 18:27	שָׂרְפ֥וּ	8313	HVqp3cp
Judg 18:27	בָ/אֵֽשׁ	b/784	HRd/Ncbsa
Judg 18:28	וְ/אֵ֨ין	c/369	HC/Tn
Judg 18:28	מַצִּ֜יל	5337	HVhrmsa
Judg 18:28	כִּ֧י	3588 a	HC
Judg 18:28	רְֽחוֹקָה	7350	HAafsa
Judg 18:28	הִ֣יא	1931	HPp3fs
Judg 18:28	מִ/צִּיד֗וֹן	m/6721	HR/Np
Judg 18:28	וְ/דָבָ֤ר	c/1697	HC/Ncmsa
Judg 18:28	אֵין	369	HTn
Judg 18:28	לָ/הֶם֙	l	HR/Sp3mp
Judg 18:28	עִם	5973 a	HR
Judg 18:28	אָדָ֔ם	120	HNcmsa
Judg 18:28	וְ/הִ֕יא	c/1931	HC/Pp3fs
Judg 18:28	בָּ/עֵ֖מֶק	b/6010	HRd/Ncmsa
Judg 18:28	אֲשֶׁ֣ר	834 a	HTr
Judg 18:28	לְ/בֵית	l/1050+	HR/Np
Judg 18:28	רְח֑וֹב	1050	HNp
Judg 18:28	וַ/יִּבְנ֥וּ	c/1129	HC/Vqw3mp
Judg 18:28	אֶת	853	HTo
Judg 18:28	הָ/עִ֖יר	d/5892 b	HTd/Ncfsa
Judg 18:28	וַ/יֵּ֥שְׁבוּ	c/3427	HC/Vqw3mp
Judg 18:28	בָֽ/הּ	b	HR/Sp3fs
Judg 18:29	וַ/יִּקְרְא֤וּ	c/7121	HC/Vqw3mp
Judg 18:29	שֵׁם	8034	HNcmsc
Judg 18:29	הָ/עִיר֙	d/5892 b	HTd/Ncfsa
Judg 18:29	דָּ֔ן	1835	HNp
Judg 18:29	בְּ/שֵׁם֙	b/8034	HR/Ncmsc
Judg 18:29	דָּ֣ן	1835	HNp
Judg 18:29	אֲבִי/הֶ֔ם	1	HNcmsc/Sp3mp
Judg 18:29	אֲשֶׁ֥ר	834 a	HTr
Judg 18:29	יוּלַּ֖ד	3205	HVPi3ms
Judg 18:29	לְ/יִשְׂרָאֵ֑ל	l/3478	HR/Np
Judg 18:29	וְ/אוּלָ֛ם	c/199	HC/D
Judg 18:29	לַ֥יִשׁ	3919 a	HNp
Judg 18:29	שֵׁם	8034	HNcmsc
Judg 18:29	הָ/עִ֖יר	d/5892 b	HTd/Ncfsa
Judg 18:29	לָ/רִאשֹׁנָֽה	l/7223	HRd/Aafsa
Judg 18:30	וַ/יָּקִ֧ימוּ	c/6965 b	HC/Vhw3mp
Judg 18:30	לָ/הֶ֛ם	l	HR/Sp3mp
Judg 18:30	בְּנֵי	1121 a	HNcmpc
Judg 18:30	דָ֖ן	1835	HNp
Judg 18:30	אֶת	853	HTo
Judg 18:30	הַ/פָּ֑סֶל	d/6459	HTd/Ncmsa
Judg 18:30	וִ֠/יהוֹנָתָן	c/3129	HC/Np
Judg 18:30	בֶּן	1121 a	HNcmsc
Judg 18:30	גֵּרְשֹׁ֨ם	1647	HNp
Judg 18:30	בֶּן	1121 a	HNcmsc
Judg 18:30	מְנַשֶּׁ֜ה	4519	HNp
Judg 18:30	ה֣וּא	1931	HPp3ms
Judg 18:30	וּ/בָנָ֗י/ו	c/1121 a	HC/Ncmpc/Sp3ms
Judg 18:30	הָי֤וּ	1961	HVqp3cp
Judg 18:30	כֹהֲנִים֙	3548	HNcmpa
Judg 18:30	לְ/שֵׁ֣בֶט	l/7626	HR/Ncmsc
Judg 18:30	הַ/דָּנִ֔י	d/1839	HTd/Ngmsa
Judg 18:30	עַד	5704	HR
Judg 18:30	י֖וֹם	3117	HNcmsc
Judg 18:30	גְּל֥וֹת	1540	HVqc
Judg 18:30	הָ/אָֽרֶץ	d/776	HTd/Ncbsa
Judg 18:31	וַ/יָּשִׂ֣ימוּ	c/7760 a	HC/Vqw3mp
Judg 18:31	לָ/הֶ֔ם	l	HR/Sp3mp
Judg 18:31	אֶת	853	HTo
Judg 18:31	פֶּ֥סֶל	6459	HNcmsc
Judg 18:31	מִיכָ֖ה	4318	HNp
Judg 18:31	אֲשֶׁ֣ר	834 a	HTr
Judg 18:31	עָשָׂ֑ה	6213 a	HVqp3ms
Judg 18:31	כָּל	3605	HNcmsc
Judg 18:31	יְמֵ֛י	3117	HNcmpc
Judg 18:31	הֱי֥וֹת	1961	HVqc
Judg 18:31	בֵּית	1004 b	HNcmsc
Judg 18:31	הָ/אֱלֹהִ֖ים	d/430	HTd/Ncmpa
Judg 18:31	בְּ/שִׁלֹֽה	b/7887	HR/Np
Judg 19:1	וַ/יְהִי֙	c/1961	HC/Vqw3ms
Judg 19:1	בַּ/יָּמִ֣ים	b/3117	HRd/Ncmpa
Judg 19:1	הָ/הֵ֔ם	d/1992	HTd/Pp3mp
Judg 19:1	וּ/מֶ֖לֶךְ	c/4428	HC/Ncmsa
Judg 19:1	אֵ֣ין	369	HTn
Judg 19:1	בְּ/יִשְׂרָאֵ֑ל	b/3478	HR/Np
Judg 19:1	וַ/יְהִ֣י	c/1961	HC/Vqw3ms
Judg 19:1	אִ֣ישׁ	376	HNcmsa
Judg 19:1	לֵוִ֗י	3881	HNgmsa
Judg 19:1	גָּ֚ר	1481 a	HVqrmsa
Judg 19:1	בְּ/יַרְכְּתֵ֣י	b/3411	HR/Ncfdc
Judg 19:1	הַר	2022	HNcmsc
Judg 19:1	אֶפְרַ֔יִם	669	HNp
Judg 19:1	וַ/יִּֽקַּֽח	c/3947	HC/Vqw3ms
Judg 19:1	ל/וֹ֙	l	HR/Sp3ms
Judg 19:1	אִשָּׁ֣ה	802	HNcfsa
Judg 19:1	פִילֶ֔גֶשׁ	6370	HNcfsa
Judg 19:1	מִ/בֵּ֥ית	m/1035+	HR/Np
Judg 19:1	לֶ֖חֶם	1035	HNp
Judg 19:1	יְהוּדָֽה	3063	HNp
Judg 19:2	וַ/תִּזְנֶ֤ה	c/2181	HC/Vqw3fs
Judg 19:2	עָלָי/ו֙	5921 a	HR/Sp3ms
Judg 19:2	פִּֽילַגְשׁ֔/וֹ	6370	HNcfsc/Sp3ms
Judg 19:2	וַ/תֵּ֤לֶךְ	c/3212	HC/Vqw3fs
Judg 19:2	מֵֽ/אִתּ/וֹ֙	m/854	HR/R/Sp3ms
Judg 19:2	אֶל	413	HR
Judg 19:2	בֵּ֣ית	1004 b	HNcmsc
Judg 19:2	אָבִ֔י/הָ	1	HNcmsc/Sp3fs
Judg 19:2	אֶל	413	HR
Judg 19:2	בֵּ֥ית	1035+	HNp
Judg 19:2	לֶ֖חֶם	1035	HNp
Judg 19:2	יְהוּדָ֑ה	3063	HNp
Judg 19:2	וַ/תְּהִי	c/1961	HC/Vqw3fs
Judg 19:2	שָׁ֕ם	8033	HD
Judg 19:2	יָמִ֖ים	3117	HNcmpa
Judg 19:2	אַרְבָּעָ֥ה	702	HAcmsa
Judg 19:2	חֳדָשִֽׁים	2320	HNcmpa
Judg 19:3	וַ/יָּ֨קָם	c/6965 b	HC/Vqw3ms
Judg 19:3	אִישָׁ֜/הּ	376	HNcmsc/Sp3fs
Judg 19:3	וַ/יֵּ֣לֶךְ	c/3212	HC/Vqw3ms
Judg 19:3	אַחֲרֶ֗י/הָ	310 a	HR/Sp3fs
Judg 19:3	לְ/דַבֵּ֤ר	l/1696	HR/Vpc
Judg 19:3	עַל	5921 a	HR
Judg 19:3	לִבָּ/הּ֙	3820 a	HNcmsc/Sp3fs
Judg 19:3	ל/השיב/ו	l/7725	HR/Vhc/Sp3ms
Judg 19:3	וְ/נַעֲר֥/וֹ	c/5288	HC/Ncmsc/Sp3ms
Judg 19:3	עִמּ֖/וֹ	5973 a	HR/Sp3ms
Judg 19:3	וְ/צֶ֣מֶד	c/6776	HC/Ncmsc
Judg 19:3	חֲמֹרִ֑ים	2543	HNcbpa
Judg 19:3	וַ/תְּבִיאֵ֨/הוּ֙	c/935	HC/Vhw3fs/Sp3ms
Judg 19:3	בֵּ֣ית	1004 b	HNcmsc
Judg 19:3	אָבִ֔י/הָ	1	HNcmsc/Sp3fs
Judg 19:3	וַ/יִּרְאֵ֨/הוּ֙	c/7200	HC/Vqw3ms/Sp3ms
Judg 19:3	אֲבִ֣י	1	HNcmsc
Judg 19:3	הַֽ/נַּעֲרָ֔ה	d/5291	HTd/Ncfsa
Judg 19:3	וַ/יִּשְׂמַ֖ח	c/8055	HC/Vqw3ms
Judg 19:3	לִ/קְרָאתֽ/וֹ	l/7125	HR/Vqc/Sp3ms
Judg 19:4	וַ/יֶּחֱזַק	c/2388	HC/Vqw3ms
Judg 19:4	בּ֤/וֹ	b	HR/Sp3ms
Judg 19:4	חֹֽתְנ/וֹ֙	2859 a	HVqrmsc/Sp3ms
Judg 19:4	אֲבִ֣י	1	HNcmsc
Judg 19:4	הַֽ/נַּעֲרָ֔ה	d/5291	HTd/Ncfsa
Judg 19:4	וַ/יֵּ֥שֶׁב	c/3427	HC/Vqw3ms
Judg 19:4	אִתּ֖/וֹ	854	HR/Sp3ms
Judg 19:4	שְׁלֹ֣שֶׁת	7969	HAcmsc
Judg 19:4	יָמִ֑ים	3117	HNcmpa
Judg 19:4	וַ/יֹּאכְלוּ֙	c/398	HC/Vqw3mp
Judg 19:4	וַ/יִּשְׁתּ֔וּ	c/8354	HC/Vqw3mp
Judg 19:4	וַ/יָּלִ֖ינוּ	c/3885 a	HC/Vqw3mp
Judg 19:4	שָֽׁם	8033	HD
Judg 19:5	וַֽ/יְהִי֙	c/1961	HC/Vqw3ms
Judg 19:5	בַּ/יּ֣וֹם	b/3117	HRd/Ncmsa
Judg 19:5	הָ/רְבִיעִ֔י	d/7243	HTd/Aomsa
Judg 19:5	וַ/יַּשְׁכִּ֥ימוּ	c/7925	HC/Vhw3mp
Judg 19:5	בַ/בֹּ֖קֶר	b/1242	HRd/Ncmsa
Judg 19:5	וַ/יָּ֣קָם	c/6965 b	HC/Vqw3ms
Judg 19:5	לָ/לֶ֑כֶת	l/3212	HR/Vqc
Judg 19:5	וַ/יֹּאמֶר֩	c/559	HC/Vqw3ms
Judg 19:5	אֲבִ֨י	1	HNcmsc
Judg 19:5	הַֽ/נַּעֲרָ֜ה	d/5291	HTd/Ncfsa
Judg 19:5	אֶל	413	HR
Judg 19:5	חֲתָנ֗/וֹ	2860	HNcmsc/Sp3ms
Judg 19:5	סְעָ֧ד	5582	HVqv2ms
Judg 19:5	לִבְּ/ךָ֛	3820 a	HNcmsc/Sp2ms
Judg 19:5	פַּת	6595 a	HNcfsc
Judg 19:5	לֶ֖חֶם	3899	HNcbsa
Judg 19:5	וְ/אַחַ֥ר	c/310 a	HC/D
Judg 19:5	תֵּלֵֽכוּ	3212	HVqi2mp
Judg 19:6	וַ/יֵּשְׁב֗וּ	c/3427	HC/Vqw3mp
Judg 19:6	וַ/יֹּאכְל֧וּ	c/398	HC/Vqw3mp
Judg 19:6	שְׁנֵי/הֶ֛ם	8147	HAcmdc/Sp3mp
Judg 19:6	יַחְדָּ֖ו	3162 b	HD
Judg 19:6	וַ/יִּשְׁתּ֑וּ	c/8354	HC/Vqw3mp
Judg 19:6	וַ/יֹּ֜אמֶר	c/559	HC/Vqw3ms
Judg 19:6	אֲבִ֤י	1	HNcmsc
Judg 19:6	הַֽ/נַּעֲרָה֙	d/5291	HTd/Ncfsa
Judg 19:6	אֶל	413	HR
Judg 19:6	הָ/אִ֔ישׁ	d/376	HTd/Ncmsa
Judg 19:6	הֽוֹאֶל	2974	HVhv2ms
Judg 19:6	נָ֥א	4994	HTe
Judg 19:6	וְ/לִ֖ין	c/3885 a	HC/Vqv2ms
Judg 19:6	וְ/יִטַ֥ב	c/3190	HC/Vqi3ms
Judg 19:6	לִבֶּֽ/ךָ	3820 a	HNcmsc/Sp2ms
Judg 19:7	וַ/יָּ֥קָם	c/6965 b	HC/Vqw3ms
Judg 19:7	הָ/אִ֖ישׁ	d/376	HTd/Ncmsa
Judg 19:7	לָ/לֶ֑כֶת	l/3212	HR/Vqc
Judg 19:7	וַ/יִּפְצַר	c/6484	HC/Vqw3ms
Judg 19:7	בּ/וֹ֙	b	HR/Sp3ms
Judg 19:7	חֹתְנ֔/וֹ	2859 a	HVqrmsc/Sp3ms
Judg 19:7	וַ/יָּ֖שָׁב	c/7725	HC/Vqw3ms
Judg 19:7	וַ/יָּ֥לֶן	c/3885 a	HC/Vqw3ms
Judg 19:7	שָֽׁם	8033	HD
Judg 19:8	וַ/יַּשְׁכֵּ֨ם	c/7925	HC/Vhw3ms
Judg 19:8	בַּ/בֹּ֜קֶר	b/1242	HRd/Ncmsa
Judg 19:8	בַּ/יּ֣וֹם	b/3117	HRd/Ncmsa
Judg 19:8	הַ/חֲמִישִׁי֮	d/2549	HTd/Aomsa
Judg 19:8	לָ/לֶכֶת֒	l/3212	HR/Vqc
Judg 19:8	וַ/יֹּ֣אמֶר	c/559	HC/Vqw3ms
Judg 19:8	אֲבִ֣י	1	HNcmsc
Judg 19:8	הַֽ/נַּעֲרָ֗ה	d/5291	HTd/Ncfsa
Judg 19:8	סְעָד	5582	HVqv2ms
Judg 19:8	נָא֙	4994	HTe
Judg 19:8	לְבָ֣בְ/ךָ֔	3824	HNcmsc/Sp2ms
Judg 19:8	וְ/הִֽתְמַהְמְה֖וּ	c/4102	HC/Vtv2mp
Judg 19:8	עַד	5704	HR
Judg 19:8	נְט֣וֹת	5186	HVqc
Judg 19:8	הַ/יּ֑וֹם	d/3117	HTd/Ncmsa
Judg 19:8	וַ/יֹּאכְל֖וּ	c/398	HC/Vqw3mp
Judg 19:8	שְׁנֵי/הֶֽם	8147	HAcmdc/Sp3mp
Judg 19:9	וַ/יָּ֤קָם	c/6965 b	HC/Vqw3ms
Judg 19:9	הָ/אִישׁ֙	d/376	HTd/Ncmsa
Judg 19:9	לָ/לֶ֔כֶת	l/3212	HR/Vqc
Judg 19:9	ה֥וּא	1931	HPp3ms
Judg 19:9	וּ/פִילַגְשׁ֖/וֹ	c/6370	HC/Ncfsc/Sp3ms
Judg 19:9	וְ/נַעֲר֑/וֹ	c/5288	HC/Ncmsc/Sp3ms
Judg 19:9	וַ/יֹּ֣אמֶר	c/559	HC/Vqw3ms
Judg 19:9	ל֣/וֹ	l	HR/Sp3ms
Judg 19:9	חֹתְנ֣/וֹ	2859 a	HVqrmsc/Sp3ms
Judg 19:9	אֲבִ֣י	1	HNcmsc
Judg 19:9	הַֽ/נַּעֲרָ֡ה	d/5291	HTd/Ncfsa
Judg 19:9	הִנֵּ֣ה	2009	HTm
Judg 19:9	נָא֩	4994	HTe
Judg 19:9	רָפָ֨ה	7503	HVqp3ms
Judg 19:9	הַ/יּ֜וֹם	d/3117	HTd/Ncmsa
Judg 19:9	לַ/עֲרֹ֗ב	l/6150	HR/Vqc
Judg 19:9	לִֽינוּ	3885 a	HVqv2mp
Judg 19:9	נָ֞א	4994	HTe
Judg 19:9	הִנֵּ֨ה	2009	HTm
Judg 19:9	חֲנ֤וֹת	2583	HVqc
Judg 19:9	הַ/יּוֹם֙	d/3117	HTd/Ncmsa
Judg 19:9	לִ֥ין	3885 a	HVqv2ms
Judg 19:9	פֹּה֙	6311	HD
Judg 19:9	וְ/יִיטַ֣ב	c/3190	HC/Vqi3ms
Judg 19:9	לְבָבֶ֔/ךָ	3824	HNcmsc/Sp2ms
Judg 19:9	וְ/הִשְׁכַּמְתֶּ֤ם	c/7925	HC/Vhq2mp
Judg 19:9	מָחָר֙	4279	HNcmsa
Judg 19:9	לְ/דַרְכְּ/כֶ֔ם	l/1870	HR/Ncbsc/Sp2mp
Judg 19:9	וְ/הָלַכְתָּ֖	c/1980	HC/Vqq2ms
Judg 19:9	לְ/אֹהָלֶֽ/ךָ	l/168	HR/Ncmsc/Sp2ms
Judg 19:10	וְ/לֹֽא	c/3808	HC/Tn
Judg 19:10	אָבָ֤ה	14	HVqp3ms
Judg 19:10	הָ/אִישׁ֙	d/376	HTd/Ncmsa
Judg 19:10	לָ/ל֔וּן	l/3885 a	HR/Vqc
Judg 19:10	וַ/יָּ֣קָם	c/6965 b	HC/Vqw3ms
Judg 19:10	וַ/יֵּ֗לֶךְ	c/3212	HC/Vqw3ms
Judg 19:10	וַ/יָּבֹא֙	c/935	HC/Vqw3ms
Judg 19:10	עַד	5704	HR
Judg 19:10	נֹ֣כַח	5227	HR
Judg 19:10	יְב֔וּס	2982	HNp
Judg 19:10	הִ֖יא	1931	HPp3fs
Judg 19:10	יְרוּשָׁלִָ֑ם	3389	HNp
Judg 19:10	וְ/עִמּ֗/וֹ	c/5973 a	HC/R/Sp3ms
Judg 19:10	צֶ֤מֶד	6776	HNcmsc
Judg 19:10	חֲמוֹרִים֙	2543	HNcbpa
Judg 19:10	חֲבוּשִׁ֔ים	2280	HVqsmpa
Judg 19:10	וּ/פִילַגְשׁ֖/וֹ	c/6370	HC/Ncfsc/Sp3ms
Judg 19:10	עִמּֽ/וֹ	5973 a	HR/Sp3ms
Judg 19:11	הֵ֣ם	1992	HPp3mp
Judg 19:11	עִם	5973 a	HR
Judg 19:11	יְב֔וּס	2982	HNp
Judg 19:11	וְ/הַ/יּ֖וֹם	c/d/3117	HC/Td/Ncmsa
Judg 19:11	רַ֣ד	7286	HVqp3ms
Judg 19:11	מְאֹ֑ד	3966	HD
Judg 19:11	וַ/יֹּ֨אמֶר	c/559	HC/Vqw3ms
Judg 19:11	הַ/נַּ֜עַר	d/5288	HTd/Ncmsa
Judg 19:11	אֶל	413	HR
Judg 19:11	אֲדֹנָ֗י/ו	113	HNcmpc/Sp3ms
Judg 19:11	לְכָ/ה	3212	HVqv2ms/Sh
Judg 19:11	נָּ֛א	4994	HTj
Judg 19:11	וְ/נָס֛וּרָה	c/5493	HC/Vqh1cp
Judg 19:11	אֶל	413	HR
Judg 19:11	עִֽיר	5892 b	HNcfsc
Judg 19:11	הַ/יְבוּסִ֥י	d/2983	HTd/Ngmsa
Judg 19:11	הַ/זֹּ֖את	d/2063	HTd/Pdxfs
Judg 19:11	וְ/נָלִ֥ין	c/3885 a	HC/Vqi1cp
Judg 19:11	בָּֽ/הּ	b	HR/Sp3fs
Judg 19:12	וַ/יֹּ֤אמֶר	c/559	HC/Vqw3ms
Judg 19:12	אֵלָי/ו֙	413	HR/Sp3ms
Judg 19:12	אֲדֹנָ֔י/ו	113	HNcmpc/Sp3ms
Judg 19:12	לֹ֤א	3808	HTn
Judg 19:12	נָסוּר֙	5493	HVqi1cp
Judg 19:12	אֶל	413	HR
Judg 19:12	עִ֣יר	5892 b	HNcfsa
Judg 19:12	נָכְרִ֔י	5237	HAamsa
Judg 19:12	אֲשֶׁ֛ר	834 a	HTr
Judg 19:12	לֹֽא	3808	HTn
Judg 19:12	מִ/בְּנֵ֥י	m/1121 a	HR/Ncmpc
Judg 19:12	יִשְׂרָאֵ֖ל	3478	HNp
Judg 19:12	הֵ֑נָּה	2008	HPp3fp
Judg 19:12	וְ/עָבַ֖רְנוּ	c/5674 a	HC/Vqq1cp
Judg 19:12	עַד	5704	HR
Judg 19:12	גִּבְעָֽה	1390	HNp
Judg 19:13	וַ/יֹּ֣אמֶר	c/559	HC/Vqw3ms
Judg 19:13	לְ/נַעֲר֔/וֹ	l/5288	HR/Ncmsc/Sp3ms
Judg 19:13	לְךָ֥	3212	HVqv2ms
Judg 19:13	וְ/נִקְרְבָ֖ה	c/7126	HC/Vqh1cp
Judg 19:13	בְּ/אַחַ֣ד	b/259	HR/Acmsc
Judg 19:13	הַ/מְּקֹמ֑וֹת	d/4725	HTd/Ncmpa
Judg 19:13	וְ/לַ֥נּוּ	c/3885 a	HC/Vqq1cp
Judg 19:13	בַ/גִּבְעָ֖ה	b/1390	HRd/Np
Judg 19:13	א֥וֹ	176 a	HC
Judg 19:13	בָ/רָמָֽה	b/7414	HRd/Np
Judg 19:14	וַ/יַּעַבְר֖וּ	c/5674 a	HC/Vqw3mp
Judg 19:14	וַ/יֵּלֵ֑כוּ	c/3212	HC/Vqw3mp
Judg 19:14	וַ/תָּבֹ֤א	c/935	HC/Vqw3fs
Judg 19:14	לָ/הֶם֙	l	HR/Sp3mp
Judg 19:14	הַ/שֶּׁ֔מֶשׁ	d/8121	HTd/Ncbsa
Judg 19:14	אֵ֥צֶל	681	HR
Judg 19:14	הַ/גִּבְעָ֖ה	d/1390	HTd/Np
Judg 19:14	אֲשֶׁ֥ר	834 a	HTr
Judg 19:14	לְ/בִנְיָמִֽן	l/1144	HR/Np
Judg 19:15	וַ/יָּסֻ֣רוּ	c/5493	HC/Vqw3mp
Judg 19:15	שָׁ֔ם	8033	HD
Judg 19:15	לָ/ב֖וֹא	l/935	HR/Vqc
Judg 19:15	לָ/ל֣וּן	l/3885 a	HR/Vqc
Judg 19:15	בַּ/גִּבְעָ֑ה	b/1390	HRd/Np
Judg 19:15	וַ/יָּבֹ֗א	c/935	HC/Vqw3ms
Judg 19:15	וַ/יֵּ֨שֶׁב֙	c/3427	HC/Vqw3ms
Judg 19:15	בִּ/רְח֣וֹב	b/7339	HR/Ncfsc
Judg 19:15	הָ/עִ֔יר	d/5892 b	HTd/Ncfsa
Judg 19:15	וְ/אֵ֥ין	c/369	HC/Tn
Judg 19:15	אִ֛ישׁ	376	HNcmsa
Judg 19:15	מְאַסֵּֽף	622	HVprmsa
Judg 19:15	אוֹתָ֥/ם	853	HTo/Sp3mp
Judg 19:15	הַ/בַּ֖יְתָ/ה	d/1004 b	HTd/Ncmsa/Sd
Judg 19:15	לָ/לֽוּן	l/3885 a	HR/Vqc
Judg 19:16	וְ/הִנֵּ֣ה	c/2009	HC/Tm
Judg 19:16	אִ֣ישׁ	376	HNcmsa
Judg 19:16	זָקֵ֗ן	2205	HAamsa
Judg 19:16	בָּ֣א	935	HVqrmsa
Judg 19:16	מִֽן	4480 a	HR
Judg 19:16	מַעֲשֵׂ֤/הוּ	4639	HNcmsc/Sp3ms
Judg 19:16	מִן	4480 a	HR
Judg 19:16	הַ/שָּׂדֶה֙	d/7704 b	HTd/Ncmsa
Judg 19:16	בָּ/עֶ֔רֶב	b/6153	HRd/Ncmsa
Judg 19:16	וְ/הָ/אִישׁ֙	c/d/376	HC/Td/Ncmsa
Judg 19:16	מֵ/הַ֣ר	m/2022	HR/Ncmsc
Judg 19:16	אֶפְרַ֔יִם	669	HNp
Judg 19:16	וְ/הוּא	c/1931	HC/Pp3ms
Judg 19:16	גָ֖ר	1481 a	HVqrmsa
Judg 19:16	בַּ/גִּבְעָ֑ה	b/1390	HRd/Np
Judg 19:16	וְ/אַנְשֵׁ֥י	c/376	HC/Ncmpc
Judg 19:16	הַ/מָּק֖וֹם	d/4725	HTd/Ncmsa
Judg 19:16	בְּנֵ֥י	1145+	HNcmpc
Judg 19:16	יְמִינִֽי	1145	HNgmsa
Judg 19:17	וַ/יִּשָּׂ֣א	c/5375	HC/Vqw3ms
Judg 19:17	עֵינָ֗י/ו	5869 a	HNcbdc/Sp3ms
Judg 19:17	וַ/יַּ֛רְא	c/7200	HC/Vqw3ms
Judg 19:17	אֶת	853	HTo
Judg 19:17	הָ/אִ֥ישׁ	d/376	HTd/Ncmsa
Judg 19:17	הָ/אֹרֵ֖חַ	d/732	HTd/Vqrmsa
Judg 19:17	בִּ/רְחֹ֣ב	b/7339	HR/Ncfsc
Judg 19:17	הָ/עִ֑יר	d/5892 b	HTd/Ncfsa
Judg 19:17	וַ/יֹּ֨אמֶר	c/559	HC/Vqw3ms
Judg 19:17	הָ/אִ֧ישׁ	d/376	HTd/Ncmsa
Judg 19:17	הַ/זָּקֵ֛ן	d/2205	HTd/Aamsa
Judg 19:17	אָ֥נָה	575	HD
Judg 19:17	תֵלֵ֖ךְ	3212	HVqi2ms
Judg 19:17	וּ/מֵ/אַ֥יִן	c/m/370	HC/R/Ti
Judg 19:17	תָּבֽוֹא	935	HVqi2ms
Judg 19:18	וַ/יֹּ֣אמֶר	c/559	HC/Vqw3ms
Judg 19:18	אֵלָ֗י/ו	413	HR/Sp3ms
Judg 19:18	עֹבְרִ֨ים	5674 a	HVqrmpa
Judg 19:18	אֲנַ֜חְנוּ	587	HPp1cp
Judg 19:18	מִ/בֵּֽית	m/1035+	HR/Np
Judg 19:18	לֶ֣חֶם	1035	HNp
Judg 19:18	יְהוּדָה֮	3063	HNp
Judg 19:18	עַד	5704	HR
Judg 19:18	יַרְכְּתֵ֣י	3411	HNcfdc
Judg 19:18	הַר	2022	HNcmsc
Judg 19:18	אֶפְרַיִם֒	669	HNp
Judg 19:18	מִ/שָּׁ֣ם	m/8033	HR/D
Judg 19:18	אָנֹ֔כִי	595	HPp1cs
Judg 19:18	וָ/אֵלֵ֕ךְ	c/3212	HC/Vqw1cs
Judg 19:18	עַד	5704	HR
Judg 19:18	בֵּ֥ית	1035+	HNp
Judg 19:18	לֶ֖חֶם	1035	HNp
Judg 19:18	יְהוּדָ֑ה	3063	HNp
Judg 19:18	וְ/אֶת	c/853	HC/To
Judg 19:18	בֵּ֤ית	1004 b	HNcmsc
Judg 19:18	יְהוָה֙	3068	HNp
Judg 19:18	אֲנִ֣י	589	HPp1cs
Judg 19:18	הֹלֵ֔ךְ	1980	HVqrmsa
Judg 19:18	וְ/אֵ֣ין	c/369	HC/Tn
Judg 19:18	אִ֔ישׁ	376	HNcmsa
Judg 19:18	מְאַסֵּ֥ף	622	HVprmsa
Judg 19:18	אוֹתִ֖/י	853	HTo/Sp1cs
Judg 19:18	הַ/בָּֽיְתָ/ה	d/1004 b	HTd/Ncmsa/Sd
Judg 19:19	וְ/גַם	c/1571	HC/Ta
Judg 19:19	תֶּ֤בֶן	8401	HNcmsa
Judg 19:19	גַּם	1571	HTa
Judg 19:19	מִסְפּוֹא֙	4554	HNcmsa
Judg 19:19	יֵ֣שׁ	3426	HTm
Judg 19:19	לַ/חֲמוֹרֵ֔י/נוּ	l/2543	HR/Ncbpc/Sp1cp
Judg 19:19	וְ֠/גַם	c/1571	HC/Ta
Judg 19:19	לֶ֣חֶם	3899	HNcbsa
Judg 19:19	וָ/יַ֤יִן	c/3196	HC/Ncmsa
Judg 19:19	יֶשׁ	3426	HTm
Judg 19:19	לִ/י֙	l	HR/Sp1cs
Judg 19:19	וְ/לַֽ/אֲמָתֶ֔/ךָ	c/l/519	HC/R/Ncfsc/Sp2ms
Judg 19:19	וְ/לַ/נַּ֖עַר	c/l/5288	HC/Rd/Ncmsa
Judg 19:19	עִם	5973 a	HR
Judg 19:19	עֲבָדֶ֑י/ךָ	5650	HNcmpc/Sp2ms
Judg 19:19	אֵ֥ין	369	HTn
Judg 19:19	מַחְס֖וֹר	4270	HNcmsc
Judg 19:19	כָּל	3605	HNcmsc
Judg 19:19	דָּבָֽר	1697	HNcmsa
Judg 19:20	וַ/יֹּ֨אמֶר	c/559	HC/Vqw3ms
Judg 19:20	הָ/אִ֤ישׁ	d/376	HTd/Ncmsa
Judg 19:20	הַ/זָּקֵן֙	d/2205	HTd/Aamsa
Judg 19:20	שָׁל֣וֹם	7965	HNcmsa
Judg 19:20	לָ֔/ךְ	l	HR/Sp2fs
Judg 19:20	רַ֥ק	7535	HTa
Judg 19:20	כָּל	3605	HNcmsc
Judg 19:20	מַחְסוֹרְ/ךָ֖	4270	HNcmsc/Sp2ms
Judg 19:20	עָלָ֑/י	5921 a	HR/Sp1cs
Judg 19:20	רַ֥ק	7535	HTa
Judg 19:20	בָּ/רְח֖וֹב	b/7339	HRd/Ncfsa
Judg 19:20	אַל	408	HTn
Judg 19:20	תָּלַֽן	3885 a	HVqj2ms
Judg 19:21	וַ/יְבִיאֵ֣/הוּ	c/935	HC/Vhw3ms/Sp3ms
Judg 19:21	לְ/בֵית֔/וֹ	l/1004 b	HR/Ncmsc/Sp3ms
Judg 19:21	וַ/יָּ֖בָול	c/1101 b	HC/Vqw3ms
Judg 19:21	לַ/חֲמוֹרִ֑ים	l/2543	HRd/Ncbpa
Judg 19:21	וַֽ/יִּרְחֲצוּ֙	c/7364	HC/Vqw3mp
Judg 19:21	רַגְלֵי/הֶ֔ם	7272	HNcfdc/Sp3mp
Judg 19:21	וַ/יֹּאכְל֖וּ	c/398	HC/Vqw3mp
Judg 19:21	וַ/יִּשְׁתּֽוּ	c/8354	HC/Vqw3mp
Judg 19:22	הֵמָּה֮	1992	HPp3mp
Judg 19:22	מֵיטִיבִ֣ים	3190	HVhrmpa
Judg 19:22	אֶת	853	HTo
Judg 19:22	לִבָּ/ם֒	3820 a	HNcmsc/Sp3mp
Judg 19:22	וְ/הִנֵּה֩	c/2009	HC/Tm
Judg 19:22	אַנְשֵׁ֨י	376	HNcmpc
Judg 19:22	הָ/עִ֜יר	d/5892 b	HTd/Ncfsa
Judg 19:22	אַנְשֵׁ֣י	376	HNcmpc
Judg 19:22	בְנֵֽי	1121 a	HNcmpc
Judg 19:22	בְלִיַּ֗עַל	1100	HNcmsa
Judg 19:22	נָסַ֨בּוּ֙	5437	HVNp3cp
Judg 19:22	אֶת	853	HTo
Judg 19:22	הַ/בַּ֔יִת	d/1004 b	HTd/Ncmsa
Judg 19:22	מִֽתְדַּפְּקִ֖ים	1849	HVtrmpa
Judg 19:22	עַל	5921 a	HR
Judg 19:22	הַ/דָּ֑לֶת	d/1817 c	HTd/Ncfsa
Judg 19:22	וַ/יֹּאמְר֗וּ	c/559	HC/Vqw3mp
Judg 19:22	אֶל	413	HR
Judg 19:22	הָ֠/אִישׁ	d/376	HTd/Ncmsa
Judg 19:22	בַּ֣עַל	1167	HNcmsc
Judg 19:22	הַ/בַּ֤יִת	d/1004 b	HTd/Ncmsa
Judg 19:22	הַ/זָּקֵן֙	d/2205	HTd/Aamsa
Judg 19:22	לֵ/אמֹ֔ר	l/559	HR/Vqc
Judg 19:22	הוֹצֵ֗א	3318	HVhv2ms
Judg 19:22	אֶת	853	HTo
Judg 19:22	הָ/אִ֛ישׁ	d/376	HTd/Ncmsa
Judg 19:22	אֲשֶׁר	834 a	HTr
Judg 19:22	בָּ֥א	935	HVqp3ms
Judg 19:22	אֶל	413	HR
Judg 19:22	בֵּיתְ/ךָ֖	1004 b	HNcmsc/Sp2ms
Judg 19:22	וְ/נֵדָעֶֽ/נּוּ	c/3045	HC/Vqi1cp/Sp3ms
Judg 19:23	וַ/יֵּצֵ֣א	c/3318	HC/Vqw3ms
Judg 19:23	אֲלֵי/הֶ֗ם	413	HR/Sp3mp
Judg 19:23	הָ/אִישׁ֙	d/376	HTd/Ncmsa
Judg 19:23	בַּ֣עַל	1167	HNcmsc
Judg 19:23	הַ/בַּ֔יִת	d/1004 b	HTd/Ncmsa
Judg 19:23	וַ/יֹּ֣אמֶר	c/559	HC/Vqw3ms
Judg 19:23	אֲלֵ/הֶ֔ם	413	HR/Sp3mp
Judg 19:23	אַל	408	HTn
Judg 19:23	אַחַ֖/י	251	HNcmpc/Sp1cs
Judg 19:23	אַל	408	HTn
Judg 19:23	תָּרֵ֣עוּ	7489 a	HVhj2mp
Judg 19:23	נָ֑א	4994	HTe
Judg 19:23	אַ֠חֲרֵי	310 a	HR
Judg 19:23	אֲשֶׁר	834 a	HTr
Judg 19:23	בָּ֞א	935	HVqp3ms
Judg 19:23	הָ/אִ֤ישׁ	d/376	HTd/Ncmsa
Judg 19:23	הַ/זֶּה֙	d/2088	HTd/Pdxms
Judg 19:23	אַל	413	HTn
Judg 19:23	בֵּיתִ֔/י	1004 b	HNcmsc/Sp1cs
Judg 19:23	אַֽל	408	HTn
Judg 19:23	תַּעֲשׂ֖וּ	6213 a	HVqj2mp
Judg 19:23	אֶת	853	HTo
Judg 19:23	הַ/נְּבָלָ֥ה	d/5039	HTd/Ncfsa
Judg 19:23	הַ/זֹּֽאת	d/2063	HTd/Pdxfs
Judg 19:24	הִנֵּה֩	2009	HTm
Judg 19:24	בִתִּ֨/י	1323	HNcfsc/Sp1cs
Judg 19:24	הַ/בְּתוּלָ֜ה	d/1330	HTd/Ncfsa
Judg 19:24	וּ/פִֽילַגְשֵׁ֗/הוּ	c/6370	HC/Ncfsc/Sp3ms
Judg 19:24	אוֹצִֽיאָה	3318	HVhh1cs
Judg 19:24	נָּ֤א	4994	HTj
Judg 19:24	אוֹתָ/ם֙	853	HTo/Sp3mp
Judg 19:24	וְ/עַנּ֣וּ	c/6031 b	HC/Vpv2mp
Judg 19:24	אוֹתָ֔/ם	853	HTo/Sp3mp
Judg 19:24	וַ/עֲשׂ֣וּ	c/6213 a	HC/Vqv2mp
Judg 19:24	לָ/הֶ֔ם	l	HR/Sp3mp
Judg 19:24	הַ/טּ֖וֹב	d/2896 a	HTd/Aamsa
Judg 19:24	בְּ/עֵינֵי/כֶ֑ם	b/5869 a	HR/Ncbdc/Sp2mp
Judg 19:24	וְ/לָ/אִ֤ישׁ	c/l/376	HC/Rd/Ncmsa
Judg 19:24	הַ/זֶּה֙	d/2088	HTd/Pdxms
Judg 19:24	לֹ֣א	3808	HTn
Judg 19:24	תַעֲשׂ֔וּ	6213 a	HVqi2mp
Judg 19:24	דְּבַ֖ר	1697	HNcmsc
Judg 19:24	הַ/נְּבָלָ֥ה	d/5039	HTd/Ncfsa
Judg 19:24	הַ/זֹּֽאת	d/2063	HTd/Pdxfs
Judg 19:25	וְ/לֹֽא	c/3808	HC/Tn
Judg 19:25	אָב֤וּ	14	HVqp3cp
Judg 19:25	הָ/אֲנָשִׁים֙	d/376	HTd/Ncmpa
Judg 19:25	לִ/שְׁמֹ֣עַֽ	l/8085	HR/Vqc
Judg 19:25	ל֔/וֹ	l	HR/Sp3ms
Judg 19:25	וַ/יַּחֲזֵ֤ק	c/2388	HC/Vhw3ms
Judg 19:25	הָ/אִישׁ֙	d/376	HTd/Ncmsa
Judg 19:25	בְּ/פִ֣ילַגְשׁ֔/וֹ	b/6370	HR/Ncfsc/Sp3ms
Judg 19:25	וַ/יֹּצֵ֥א	c/3318	HC/Vhw3ms
Judg 19:25	אֲלֵי/הֶ֖ם	413	HR/Sp3mp
Judg 19:25	הַ/ח֑וּץ	d/2351	HTd/Ncmsa
Judg 19:25	וַ/יֵּדְע֣וּ	c/3045	HC/Vqw3mp
Judg 19:25	א֠וֹתָ/הּ	853	HTo/Sp3fs
Judg 19:25	וַ/יִּֽתְעַלְּלוּ	c/5953 a	HC/Vtw3mp
Judg 19:25	בָ֤/הּ	b	HR/Sp3fs
Judg 19:25	כָּל	3605	HNcmsc
Judg 19:25	הַ/לַּ֨יְלָה֙	d/3915	HTd/Ncmsa
Judg 19:25	עַד	5704	HR
Judg 19:25	הַ/בֹּ֔קֶר	d/1242	HTd/Ncmsa
Judg 19:25	וַֽ/יְשַׁלְּח֖וּ/הָ	c/7971	HC/Vpw3mp/Sp3fs
Judg 19:25	ב/עלות	b/5927	HR/Vqc
Judg 19:25	הַ/שָּֽׁחַר	d/7837	HTd/Ncmsa
Judg 19:26	וַ/תָּבֹ֥א	c/935	HC/Vqw3fs
Judg 19:26	הָ/אִשָּׁ֖ה	d/802	HTd/Ncfsa
Judg 19:26	לִ/פְנ֣וֹת	l/6437	HR/Vqc
Judg 19:26	הַ/בֹּ֑קֶר	d/1242	HTd/Ncmsa
Judg 19:26	וַ/תִּפֹּ֞ל	c/5307	HC/Vqw3fs
Judg 19:26	פֶּ֧תַח	6607	HNcmsc
Judg 19:26	בֵּית	1004 b	HNcmsc
Judg 19:26	הָ/אִ֛ישׁ	d/376	HTd/Ncmsa
Judg 19:26	אֲשֶׁר	834 a	HTr
Judg 19:26	אֲדוֹנֶ֥י/הָ	113	HNcmpc/Sp3fs
Judg 19:26	שָּׁ֖ם	8033	HD
Judg 19:26	עַד	5704	HR
Judg 19:26	הָ/אֽוֹר	d/216	HTd/Ncbsa
Judg 19:27	וַ/יָּ֨קָם	c/6965 b	HC/Vqw3ms
Judg 19:27	אֲדֹנֶ֜י/הָ	113	HNcmpc/Sp3fs
Judg 19:27	בַּ/בֹּ֗קֶר	b/1242	HRd/Ncmsa
Judg 19:27	וַ/יִּפְתַּח֙	c/6605 a	HC/Vqw3ms
Judg 19:27	דַּלְת֣וֹת	1817 c	HNcfpc
Judg 19:27	הַ/בַּ֔יִת	d/1004 b	HTd/Ncmsa
Judg 19:27	וַ/יֵּצֵ֖א	c/3318	HC/Vqw3ms
Judg 19:27	לָ/לֶ֣כֶת	l/3212	HR/Vqc
Judg 19:27	לְ/דַרְכּ֑/וֹ	l/1870	HR/Ncbsc/Sp3ms
Judg 19:27	וְ/הִנֵּ֧ה	c/2009	HC/Tm
Judg 19:27	הָ/אִשָּׁ֣ה	d/802	HTd/Ncfsa
Judg 19:27	פִֽילַגְשׁ֗/וֹ	6370	HNcfsc/Sp3ms
Judg 19:27	נֹפֶ֨לֶת֙	5307	HVqrfsa
Judg 19:27	פֶּ֣תַח	6607	HNcmsc
Judg 19:27	הַ/בַּ֔יִת	d/1004 b	HTd/Ncmsa
Judg 19:27	וְ/יָדֶ֖י/הָ	c/3027	HC/Ncbdc/Sp3fs
Judg 19:27	עַל	5921 a	HR
Judg 19:27	הַ/סַּֽף	d/5592 b	HTd/Ncmsa
Judg 19:28	וַ/יֹּ֧אמֶר	c/559	HC/Vqw3ms
Judg 19:28	אֵלֶ֛י/הָ	413	HR/Sp3fs
Judg 19:28	ק֥וּמִי	6965 b	HVqv2fs
Judg 19:28	וְ/נֵלֵ֖כָה	c/3212	HC/Vqh1cp
Judg 19:28	וְ/אֵ֣ין	c/369	HC/Tn
Judg 19:28	עֹנֶ֑ה	6030 b	HVqrmsa
Judg 19:28	וַ/יִּקָּחֶ֨/הָ֙	c/3947	HC/Vqw3ms/Sp3fs
Judg 19:28	עַֽל	5921 a	HR
Judg 19:28	הַ/חֲמ֔וֹר	d/2543	HTd/Ncbsa
Judg 19:28	וַ/יָּ֣קָם	c/6965 b	HC/Vqw3ms
Judg 19:28	הָ/אִ֔ישׁ	d/376	HTd/Ncmsa
Judg 19:28	וַ/יֵּ֖לֶךְ	c/3212	HC/Vqw3ms
Judg 19:28	לִ/מְקֹמֽ/וֹ	l/4725	HR/Ncmsc/Sp3ms
Judg 19:29	וַ/יָּבֹ֣א	c/935	HC/Vqw3ms
Judg 19:29	אֶל	413	HR
Judg 19:29	בֵּית֗/וֹ	1004 b	HNcmsc/Sp3ms
Judg 19:29	וַ/יִּקַּ֤ח	c/3947	HC/Vqw3ms
Judg 19:29	אֶת	853	HTo
Judg 19:29	הַֽ/מַּאֲכֶ֨לֶת֙	d/3979	HTd/Ncfsa
Judg 19:29	וַ/יַּחֲזֵ֣ק	c/2388	HC/Vhw3ms
Judg 19:29	בְּ/פִֽילַגְשׁ֔/וֹ	b/6370	HR/Ncfsc/Sp3ms
Judg 19:29	וַֽ/יְנַתְּחֶ֨/הָ֙	c/5408	HC/Vpw3ms/Sp3fs
Judg 19:29	לַ/עֲצָמֶ֔י/הָ	l/6106	HR/Ncfpc/Sp3fs
Judg 19:29	לִ/שְׁנֵ֥ים	l/8147	HR/Acmda
Judg 19:29	עָשָׂ֖ר	6240	HAcmsa
Judg 19:29	נְתָחִ֑ים	5409	HNcmpa
Judg 19:29	וַֽ/יְשַׁלְּחֶ֔/הָ	c/7971	HC/Vpw3ms/Sp3fs
Judg 19:29	בְּ/כֹ֖ל	b/3605	HR/Ncmsc
Judg 19:29	גְּב֥וּל	1366	HNcmsc
Judg 19:29	יִשְׂרָאֵֽל	3478	HNp
Judg 19:30	וְ/הָיָ֣ה	c/1961	HC/Vqq3ms
Judg 19:30	כָל	3605	HNcmsc
Judg 19:30	הָ/רֹאֶ֗ה	d/7200	HTd/Vqrmsa
Judg 19:30	וְ/אָמַר֙	c/559	HC/Vqq3ms
Judg 19:30	לֹֽא	3808	HTn
Judg 19:30	נִהְיְתָ֤ה	1961	HVNp3fs
Judg 19:30	וְ/לֹֽא	c/3808	HC/Tn
Judg 19:30	נִרְאֲתָה֙	7200	HVNp3fs
Judg 19:30	כָּ/זֹ֔את	k/2063	HR/Pdxfs
Judg 19:30	לְ/מִ/יּ֞וֹם	l/m/3117	HR/R/Ncmsc
Judg 19:30	עֲל֤וֹת	5927	HVqc
Judg 19:30	בְּנֵֽי	1121 a	HNcmpc
Judg 19:30	יִשְׂרָאֵל֙	3478	HNp
Judg 19:30	מֵ/אֶ֣רֶץ	m/776	HR/Ncbsc
Judg 19:30	מִצְרַ֔יִם	4714	HNp
Judg 19:30	עַ֖ד	5704	HR
Judg 19:30	הַ/יּ֣וֹם	d/3117	HTd/Ncmsa
Judg 19:30	הַ/זֶּ֑ה	d/2088	HTd/Pdxms
Judg 19:30	שִֽׂימוּ	7760 a	HVqv2mp
Judg 19:30	לָ/כֶ֥ם	l	HR/Sp2mp
Judg 19:30	עָלֶ֖י/הָ	5921 a	HR/Sp3fs
Judg 19:30	עֻ֥צוּ	5779	HVqv2mp
Judg 19:30	וְ/דַבֵּֽרוּ	c/1696	HC/Vpv2mp
Judg 20:1	וַ/יֵּצְאוּ֮	c/3318	HC/Vqw3mp
Judg 20:1	כָּל	3605	HNcmsc
Judg 20:1	בְּנֵ֣י	1121 a	HNcmpc
Judg 20:1	יִשְׂרָאֵל֒	3478	HNp
Judg 20:1	וַ/תִּקָּהֵ֨ל	c/6950	HC/VNw3fs
Judg 20:1	הָ/עֵדָ֜ה	d/5712	HTd/Ncfsa
Judg 20:1	כְּ/אִ֣ישׁ	k/376	HR/Ncmsa
Judg 20:1	אֶחָ֗ד	259	HAcmsa
Judg 20:1	לְ/מִ/דָּן֙	l/m/1835	HR/R/Np
Judg 20:1	וְ/עַד	c/5704	HC/R
Judg 20:1	בְּאֵ֣ר	884+	HNp
Judg 20:1	שֶׁ֔בַע	884	HAcfsa
Judg 20:1	וְ/אֶ֖רֶץ	c/776	HC/Ncbsc
Judg 20:1	הַ/גִּלְעָ֑ד	d/1568	HTd/Np
Judg 20:1	אֶל	413	HR
Judg 20:1	יְהוָ֖ה	3068	HNp
Judg 20:1	הַ/מִּצְפָּֽה	d/4709	HTd/Np
Judg 20:2	וַ/יִּֽתְיַצְּב֞וּ	c/3320	HC/Vtw3mp
Judg 20:2	פִּנּ֣וֹת	6438	HNcfpc
Judg 20:2	כָּל	3605	HNcmsc
Judg 20:2	הָ/עָ֗ם	d/5971 a	HTd/Ncmsa
Judg 20:2	כֹּ֚ל	3605	HNcmsc
Judg 20:2	שִׁבְטֵ֣י	7626	HNcmpc
Judg 20:2	יִשְׂרָאֵ֔ל	3478	HNp
Judg 20:2	בִּ/קְהַ֖ל	b/6951	HR/Ncmsc
Judg 20:2	עַ֣ם	5971 a	HNcmsc
Judg 20:2	הָ/אֱלֹהִ֑ים	d/430	HTd/Ncmpa
Judg 20:2	אַרְבַּ֨ע	702	HAcfsa
Judg 20:2	מֵא֥וֹת	3967	HAcbpa
Judg 20:2	אֶ֛לֶף	505	HAcbsa
Judg 20:2	אִ֥ישׁ	376	HNcmsa
Judg 20:2	רַגְלִ֖י	7273	HAamsa
Judg 20:2	שֹׁ֥לֵֽף	8025	HVqrmsa
Judg 20:2	חָֽרֶב	2719	HNcfsa
Judg 20:3	וַֽ/יִּשְׁמְעוּ֙	c/8085	HC/Vqw3mp
Judg 20:3	בְּנֵ֣י	1121 a	HNcmpc
Judg 20:3	בִנְיָמִ֔ן	1144	HNp
Judg 20:3	כִּֽי	3588 a	HC
Judg 20:3	עָל֥וּ	5927	HVqp3cp
Judg 20:3	בְנֵֽי	1121 a	HNcmpc
Judg 20:3	יִשְׂרָאֵ֖ל	3478	HNp
Judg 20:3	הַ/מִּצְפָּ֑ה	d/4709	HTd/Np
Judg 20:3	וַ/יֹּֽאמְרוּ֙	c/559	HC/Vqw3mp
Judg 20:3	בְּנֵ֣י	1121 a	HNcmpc
Judg 20:3	יִשְׂרָאֵ֔ל	3478	HNp
Judg 20:3	דַּבְּר֕וּ	1696	HVpv2mp
Judg 20:3	אֵיכָ֥ה	349 b	HTi
Judg 20:3	נִהְיְתָ֖ה	1961	HVNp3fs
Judg 20:3	הָ/רָעָ֥ה	d/7451 c	HTd/Ncfsa
Judg 20:3	הַ/זֹּֽאת	d/2063	HTd/Pdxfs
Judg 20:4	וַ/יַּ֜עַן	c/6030 b	HC/Vqw3ms
Judg 20:4	הָ/אִ֣ישׁ	d/376	HTd/Ncmsa
Judg 20:4	הַ/לֵּוִ֗י	d/3881	HTd/Ngmsa
Judg 20:4	אִ֛ישׁ	376	HNcmsc
Judg 20:4	הָ/אִשָּׁ֥ה	d/802	HTd/Ncfsa
Judg 20:4	הַ/נִּרְצָחָ֖ה	d/7523	HTd/VNrfsa
Judg 20:4	וַ/יֹּאמַ֑ר	c/559	HC/Vqw3ms
Judg 20:4	הַ/גִּבְעָ֨תָ/ה֙	d/1390	HTd/Np/Sd
Judg 20:4	אֲשֶׁ֣ר	834 a	HTr
Judg 20:4	לְ/בִנְיָמִ֔ן	l/1144	HR/Np
Judg 20:4	בָּ֛אתִי	935	HVqp1cs
Judg 20:4	אֲנִ֥י	589	HPp1cs
Judg 20:4	וּ/פִֽילַגְשִׁ֖/י	c/6370	HC/Ncfsc/Sp1cs
Judg 20:4	לָ/לֽוּן	l/3885 a	HR/Vqc
Judg 20:5	וַ/יָּקֻ֤מוּ	c/6965 b	HC/Vqw3mp
Judg 20:5	עָלַ/י֙	5921 a	HR/Sp1cs
Judg 20:5	בַּעֲלֵ֣י	1167	HNcmpc
Judg 20:5	הַ/גִּבְעָ֔ה	d/1390	HTd/Np
Judg 20:5	וַ/יָּסֹ֧בּוּ	c/5437	HC/Vqw3mp
Judg 20:5	עָלַ֛/י	5921 a	HR/Sp1cs
Judg 20:5	אֶת	853	HTo
Judg 20:5	הַ/בַּ֖יִת	d/1004 b	HTd/Ncmsa
Judg 20:5	לָ֑יְלָה	3915	HNcmsa
Judg 20:5	אוֹתִ/י֙	853	HTo/Sp1cs
Judg 20:5	דִּמּ֣וּ	1819	HVpp3cp
Judg 20:5	לַ/הֲרֹ֔ג	l/2026	HR/Vqc
Judg 20:5	וְ/אֶת	c/853	HC/To
Judg 20:5	פִּילַגְשִׁ֥/י	6370	HNcfsc/Sp1cs
Judg 20:5	עִנּ֖וּ	6031 b	HVpp3cp
Judg 20:5	וַ/תָּמֹֽת	c/4191	HC/Vqw3fs
Judg 20:6	וָֽ/אֹחֵ֤ז	c/270	HC/Vqw1cs
Judg 20:6	בְּ/פִֽילַגְשִׁ/י֙	b/6370	HR/Ncfsc/Sp1cs
Judg 20:6	וָֽ/אֲנַתְּחֶ֔/הָ	c/5408	HC/Vpw1cs/Sp3fs
Judg 20:6	וָֽ/אֲשַׁלְּחֶ֔/הָ	c/7971	HC/Vpw1cs/Sp3fs
Judg 20:6	בְּ/כָל	b/3605	HR/Ncmsc
Judg 20:6	שְׂדֵ֖ה	7704 b	HNcmsc
Judg 20:6	נַחֲלַ֣ת	5159	HNcfsc
Judg 20:6	יִשְׂרָאֵ֑ל	3478	HNp
Judg 20:6	כִּ֥י	3588 a	HC
Judg 20:6	עָשׂ֛וּ	6213 a	HVqp3cp
Judg 20:6	זִמָּ֥ה	2154	HNcfsa
Judg 20:6	וּ/נְבָלָ֖ה	c/5039	HC/Ncfsa
Judg 20:6	בְּ/יִשְׂרָאֵֽל	b/3478	HR/Np
Judg 20:7	הִנֵּ֥ה	2009	HTm
Judg 20:7	כֻלְּ/כֶ֖ם	3605	HNcmsc/Sp2mp
Judg 20:7	בְּנֵ֣י	1121 a	HNcmpc
Judg 20:7	יִשְׂרָאֵ֑ל	3478	HNp
Judg 20:7	הָב֥וּ	3051	HVqv2mp
Judg 20:7	לָ/כֶ֛ם	l	HR/Sp2mp
Judg 20:7	דָּבָ֥ר	1697	HNcmsa
Judg 20:7	וְ/עֵצָ֖ה	c/6098	HC/Ncfsa
Judg 20:7	הֲלֹֽם	1988	HD
Judg 20:8	וַ/יָּ֨קָם֙	c/6965 b	HC/Vqw3ms
Judg 20:8	כָּל	3605	HNcmsc
Judg 20:8	הָ/עָ֔ם	d/5971 a	HTd/Ncmsa
Judg 20:8	כְּ/אִ֥ישׁ	k/376	HR/Ncmsa
Judg 20:8	אֶחָ֖ד	259	HAcmsa
Judg 20:8	לֵ/אמֹ֑ר	l/559	HR/Vqc
Judg 20:8	לֹ֤א	3808	HTn
Judg 20:8	נֵלֵךְ֙	3212	HVqi1cp
Judg 20:8	אִ֣ישׁ	376	HNcmsa
Judg 20:8	לְ/אָהֳל֔/וֹ	l/168	HR/Ncmsc/Sp3ms
Judg 20:8	וְ/לֹ֥א	c/3808	HC/Tn
Judg 20:8	נָס֖וּר	5493	HVqi1cp
Judg 20:8	אִ֥ישׁ	376	HNcmsa
Judg 20:8	לְ/בֵיתֽ/וֹ	l/1004 b	HR/Ncmsc/Sp3ms
Judg 20:9	וְ/עַתָּ֕ה	c/6258	HC/D
Judg 20:9	זֶ֣ה	2088	HPdxms
Judg 20:9	הַ/דָּבָ֔ר	d/1697	HTd/Ncmsa
Judg 20:9	אֲשֶׁ֥ר	834 a	HTr
Judg 20:9	נַעֲשֶׂ֖ה	6213 a	HVqi1cp
Judg 20:9	לַ/גִּבְעָ֑ה	l/1390	HRd/Np
Judg 20:9	עָלֶ֖י/הָ	5921 a	HR/Sp3fs
Judg 20:9	בְּ/גוֹרָֽל	b/1486	HR/Ncmsa
Judg 20:10	וְ/לָקַ֣חְנוּ	c/3947	HC/Vqq1cp
Judg 20:10	עֲשָׂרָה֩	6235	HAcmsa
Judg 20:10	אֲנָשִׁ֨ים	376	HNcmpa
Judg 20:10	לַ/מֵּאָ֜ה	l/3967	HRd/Acbsa
Judg 20:10	לְ/כֹ֣ל	l/3605	HR/Ncmsc
Judg 20:10	שִׁבְטֵ֣י	7626	HNcmpc
Judg 20:10	יִשְׂרָאֵ֗ל	3478	HNp
Judg 20:10	וּ/מֵאָ֤ה	c/3967	HC/Acbsa
Judg 20:10	לָ/אֶ֨לֶף֙	l/505	HRd/Acbsa
Judg 20:10	וְ/אֶ֣לֶף	c/505	HC/Acbsa
Judg 20:10	לָ/רְבָבָ֔ה	l/7233	HRd/Ncfsa
Judg 20:10	לָ/קַ֥חַת	l/3947	HR/Vqc
Judg 20:10	צֵדָ֖ה	6720	HNcbsa
Judg 20:10	לָ/עָ֑ם	l/5971 a	HRd/Ncmsa
Judg 20:10	לַ/עֲשׂ֗וֹת	l/6213 a	HR/Vqc
Judg 20:10	לְ/בוֹאָ/ם֙	l/935	HR/Vqc/Sp3mp
Judg 20:10	לְ/גֶ֣בַע	l/1387	HR/Np
Judg 20:10	בִּנְיָמִ֔ן	1144	HNp
Judg 20:10	כְּ/כָל	k/3605	HR/Ncmsc
Judg 20:10	הַ֨/נְּבָלָ֔ה	d/5039	HTd/Ncfsa
Judg 20:10	אֲשֶׁ֥ר	834 a	HTr
Judg 20:10	עָשָׂ֖ה	6213 a	HVqp3ms
Judg 20:10	בְּ/יִשְׂרָאֵֽל	b/3478	HR/Np
Judg 20:11	וַ/יֵּֽאָסֵ֞ף	c/622	HC/VNw3ms
Judg 20:11	כָּל	3605	HNcmsc
Judg 20:11	אִ֤ישׁ	376	HNcmsc
Judg 20:11	יִשְׂרָאֵל֙	3478	HNp
Judg 20:11	אֶל	413	HR
Judg 20:11	הָ/עִ֔יר	d/5892 b	HTd/Ncfsa
Judg 20:11	כְּ/אִ֥ישׁ	k/376	HR/Ncmsa
Judg 20:11	אֶחָ֖ד	259	HAcmsa
Judg 20:11	חֲבֵרִֽים	2270	HNcmpa
Judg 20:12	וַֽ/יִּשְׁלְח֞וּ	c/7971	HC/Vqw3mp
Judg 20:12	שִׁבְטֵ֤י	7626	HNcmpc
Judg 20:12	יִשְׂרָאֵל֙	3478	HNp
Judg 20:12	אֲנָשִׁ֔ים	376	HNcmpa
Judg 20:12	בְּ/כָל	b/3605	HR/Ncmsc
Judg 20:12	שִׁבְטֵ֥י	7626	HNcmpc
Judg 20:12	בִנְיָמִ֖ן	1144	HNp
Judg 20:12	לֵ/אמֹ֑ר	l/559	HR/Vqc
Judg 20:12	מָ֚ה	4100	HTi
Judg 20:12	הָ/רָעָ֣ה	d/7451 c	HTd/Ncfsa
Judg 20:12	הַ/זֹּ֔את	d/2063	HTd/Pdxfs
Judg 20:12	אֲשֶׁ֥ר	834 a	HTr
Judg 20:12	נִהְיְתָ֖ה	1961	HVNp3fs
Judg 20:12	בָּ/כֶֽם	b	HR/Sp2mp
Judg 20:13	וְ/עַתָּ֡ה	c/6258	HC/D
Judg 20:13	תְּנוּ֩	5414	HVqv2mp
Judg 20:13	אֶת	853	HTo
Judg 20:13	הָ/אֲנָשִׁ֨ים	d/376	HTd/Ncmpa
Judg 20:13	בְּנֵֽי	1121 a	HNcmpc
Judg 20:13	בְלִיַּ֜עַל	1100	HNcmsa
Judg 20:13	אֲשֶׁ֤ר	834 a	HTr
Judg 20:13	בַּ/גִּבְעָה֙	b/1390	HRd/Np
Judg 20:13	וּ/נְמִיתֵ֔/ם	c/4191	HC/Vhh1cp/Sp3mp
Judg 20:13	וּ/נְבַעֲרָ֥ה	c/1197 a	HC/Vph1cp
Judg 20:13	רָעָ֖ה	7451 c	HNcfsa
Judg 20:13	מִ/יִּשְׂרָאֵ֑ל	m/3478	HR/Np
Judg 20:13	וְ/לֹ֤א	c/3808	HC/Tn
Judg 20:13	אָבוּ֙	14	HVqp3cp
Judg 20:13	בִּנְיָמִ֔ן	1144	HNp
Judg 20:13	לִ/שְׁמֹ֕עַ	l/8085	HR/Vqc
Judg 20:13	בְּ/ק֖וֹל	b/6963 a	HR/Ncmsc
Judg 20:13	אֲחֵי/הֶ֥ם	251	HNcmpc/Sp3mp
Judg 20:13	בְּנֵֽי	1121 a	HNcmpc
Judg 20:13	יִשְׂרָאֵֽל	3478	HNp
Judg 20:14	וַ/יֵּאָסְפ֧וּ	c/622	HC/VNw3mp
Judg 20:14	בְנֵֽי	1121 a	HNcmpc
Judg 20:14	בִנְיָמִ֛ן	1144	HNp
Judg 20:14	מִן	4480 a	HR
Judg 20:14	הֶ/עָרִ֖ים	d/5892 b	HTd/Ncfpa
Judg 20:14	הַ/גִּבְעָ֑תָ/ה	d/1390	HTd/Np/Sd
Judg 20:14	לָ/צֵ֥את	l/3318	HR/Vqc
Judg 20:14	לַ/מִּלְחָמָ֖ה	l/4421	HRd/Ncfsa
Judg 20:14	עִם	5973 a	HR
Judg 20:14	בְּנֵ֥י	1121 a	HNcmpc
Judg 20:14	יִשְׂרָאֵֽל	3478	HNp
Judg 20:15	וַ/יִּתְפָּֽקְדוּ֩	c/6485 a	HC/Vtw3mp
Judg 20:15	בְנֵ֨י	1121 a	HNcmpc
Judg 20:15	בִנְיָמִ֜ן	1144	HNp
Judg 20:15	בַּ/יּ֤וֹם	b/3117	HRd/Ncmsa
Judg 20:15	הַ/הוּא֙	d/1931	HTd/Pp3ms
Judg 20:15	מֵ/הֶ֣/עָרִ֔ים	m/d/5892 b	HR/Td/Ncfpa
Judg 20:15	עֶשְׂרִ֨ים	6242	HAcbpa
Judg 20:15	וְ/שִׁשָּׁ֥ה	c/8337	HC/Acmsa
Judg 20:15	אֶ֛לֶף	505	HAcbsa
Judg 20:15	אִ֖ישׁ	376	HNcmsa
Judg 20:15	שֹׁ֣לֵֽף	8025	HVqrmsa
Judg 20:15	חָ֑רֶב	2719	HNcfsa
Judg 20:15	לְ֠/בַד	l/905	HR/Ncmsa
Judg 20:15	מִ/יֹּשְׁבֵ֤י	m/3427	HR/Vqrmpc
Judg 20:15	הַ/גִּבְעָה֙	d/1390	HTd/Np
Judg 20:15	הִתְפָּ֣קְד֔וּ	6485 a	HVtp3cp
Judg 20:15	שְׁבַ֥ע	7651	HAcfsa
Judg 20:15	מֵא֖וֹת	3967	HAcbpa
Judg 20:15	אִ֥ישׁ	376	HNcmsa
Judg 20:15	בָּחֽוּר	977	HVqsmsa
Judg 20:16	מִ/כֹּ֣ל	m/3605	HR/Ncmsc
Judg 20:16	הָ/עָ֣ם	d/5971 a	HTd/Ncmsa
Judg 20:16	הַ/זֶּ֗ה	d/2088	HTd/Pdxms
Judg 20:16	שְׁבַ֤ע	7651	HAcfsa
Judg 20:16	מֵאוֹת֙	3967	HAcbpa
Judg 20:16	אִ֣ישׁ	376	HNcmsa
Judg 20:16	בָּח֔וּר	977	HVqsmsa
Judg 20:16	אִטֵּ֖ר	334	HAamsc
Judg 20:16	יַד	3027	HNcbsc
Judg 20:16	יְמִינ֑/וֹ	3225	HNcfsc/Sp3ms
Judg 20:16	כָּל	3605	HNcmsc
Judg 20:16	זֶ֗ה	2088	HPdxms
Judg 20:16	קֹלֵ֧עַ	7049 a	HVqrmsa
Judg 20:16	בָּ/אֶ֛בֶן	b/68	HRd/Ncfsa
Judg 20:16	אֶל	413	HR
Judg 20:16	הַֽ/שַּׂעֲרָ֖ה	d/8185	HTd/Ncfsa
Judg 20:16	וְ/לֹ֥א	c/3808	HC/Tn
Judg 20:16	יַחֲטִֽא	2398	HVhi3ms
Judg 20:17	וְ/אִ֨ישׁ	c/376	HC/Ncmsc
Judg 20:17	יִשְׂרָאֵ֜ל	3478	HNp
Judg 20:17	הִתְפָּֽקְד֗וּ	6485 a	HVtp3cp
Judg 20:17	לְ/בַד֙	l/905	HR/Ncmsa
Judg 20:17	מִ/בִּנְיָמִ֔ן	m/1144	HR/Np
Judg 20:17	אַרְבַּ֨ע	702	HAcfsa
Judg 20:17	מֵא֥וֹת	3967	HAcbpa
Judg 20:17	אֶ֛לֶף	505	HAcbsa
Judg 20:17	אִ֖ישׁ	376	HNcmsa
Judg 20:17	שֹׁ֣לֵֽף	8025	HVqrmsa
Judg 20:17	חָ֑רֶב	2719	HNcfsa
Judg 20:17	כָּל	3605	HNcmsc
Judg 20:17	זֶ֖ה	2088	HPdxms
Judg 20:17	אִ֥ישׁ	376	HNcmsc
Judg 20:17	מִלְחָמָֽה	4421	HNcfsa
Judg 20:18	וַ/יָּקֻ֜מוּ	c/6965 b	HC/Vqw3mp
Judg 20:18	וַ/יַּעֲל֣וּ	c/5927	HC/Vqw3mp
Judg 20:18	בֵֽית	1008+	HNp
Judg 20:18	אֵל֮	1008	HNp
Judg 20:18	וַ/יִּשְׁאֲל֣וּ	c/7592	HC/Vqw3mp
Judg 20:18	בֵ/אלֹהִים֒	b/430	HR/Ncmpa
Judg 20:18	וַ/יֹּֽאמְרוּ֙	c/559	HC/Vqw3mp
Judg 20:18	בְּנֵ֣י	1121 a	HNcmpc
Judg 20:18	יִשְׂרָאֵ֔ל	3478	HNp
Judg 20:18	מִ֚י	4310	HTi
Judg 20:18	יַעֲלֶה	5927	HVqi3ms
Judg 20:18	לָּ֣/נוּ	l	HR/Sp1cp
Judg 20:18	בַ/תְּחִלָּ֔ה	b/8462	HRd/Ncfsa
Judg 20:18	לַ/מִּלְחָמָ֖ה	l/4421	HRd/Ncfsa
Judg 20:18	עִם	5973 a	HR
Judg 20:18	בְּנֵ֣י	1121 a	HNcmpc
Judg 20:18	בִנְיָמִ֑ן	1144	HNp
Judg 20:18	וַ/יֹּ֥אמֶר	c/559	HC/Vqw3ms
Judg 20:18	יְהוָ֖ה	3068	HNp
Judg 20:18	יְהוּדָ֥ה	3063	HNp
Judg 20:18	בַ/תְּחִלָּֽה	b/8462	HRd/Ncfsa
Judg 20:19	וַ/יָּק֥וּמוּ	c/6965 b	HC/Vqw3mp
Judg 20:19	בְנֵֽי	1121 a	HNcmpc
Judg 20:19	יִשְׂרָאֵ֖ל	3478	HNp
Judg 20:19	בַּ/בֹּ֑קֶר	b/1242	HRd/Ncmsa
Judg 20:19	וַ/יַּֽחֲנ֖וּ	c/2583	HC/Vqw3mp
Judg 20:19	עַל	5921 a	HR
Judg 20:19	הַ/גִּבְעָֽה	d/1390	HTd/Np
Judg 20:20	וַ/יֵּצֵא֙	c/3318	HC/Vqw3ms
Judg 20:20	אִ֣ישׁ	376	HNcmsc
Judg 20:20	יִשְׂרָאֵ֔ל	3478	HNp
Judg 20:20	לַ/מִּלְחָמָ֖ה	l/4421	HRd/Ncfsa
Judg 20:20	עִם	5973 a	HR
Judg 20:20	בִּנְיָמִ֑ן	1144	HNp
Judg 20:20	וַ/יַּעַרְכ֨וּ	c/6186 a	HC/Vqw3mp
Judg 20:20	אִתָּ֧/ם	854	HR/Sp3mp
Judg 20:20	אִֽישׁ	376	HNcmsc
Judg 20:20	יִשְׂרָאֵ֛ל	3478	HNp
Judg 20:20	מִלְחָמָ֖ה	4421	HNcfsa
Judg 20:20	אֶל	413	HR
Judg 20:20	הַ/גִּבְעָֽה	d/1390	HTd/Np
Judg 20:21	וַ/יֵּצְא֥וּ	c/3318	HC/Vqw3mp
Judg 20:21	בְנֵֽי	1121 a	HNcmpc
Judg 20:21	בִנְיָמִ֖ן	1144	HNp
Judg 20:21	מִן	4480 a	HR
Judg 20:21	הַ/גִּבְעָ֑ה	d/1390	HTd/Np
Judg 20:21	וַ/יַּשְׁחִ֨יתוּ	c/7843	HC/Vhw3mp
Judg 20:21	בְ/יִשְׂרָאֵ֜ל	b/3478	HR/Np
Judg 20:21	בַּ/יּ֣וֹם	b/3117	HRd/Ncmsa
Judg 20:21	הַ/ה֗וּא	d/1931	HTd/Pp3ms
Judg 20:21	שְׁנַ֨יִם	8147	HAcmda
Judg 20:21	וְ/עֶשְׂרִ֥ים	c/6242	HC/Acbpa
Judg 20:21	אֶ֛לֶף	505	HAcbsa
Judg 20:21	אִ֖ישׁ	376	HNcmsa
Judg 20:21	אָֽרְצָ/ה	776	HNcbsa/Sd
Judg 20:22	וַ/יִּתְחַזֵּ֥ק	c/2388	HC/Vtw3ms
Judg 20:22	הָ/עָ֖ם	d/5971 a	HTd/Ncmsa
Judg 20:22	אִ֣ישׁ	376	HNcmsc
Judg 20:22	יִשְׂרָאֵ֑ל	3478	HNp
Judg 20:22	וַ/יֹּסִ֨פוּ֙	c/3254	HC/Vhw3mp
Judg 20:22	לַ/עֲרֹ֣ךְ	l/6186 a	HR/Vqc
Judg 20:22	מִלְחָמָ֔ה	4421	HNcfsa
Judg 20:22	בַּ/מָּק֕וֹם	b/4725	HRd/Ncmsa
Judg 20:22	אֲשֶׁר	834 a	HTr
Judg 20:22	עָ֥רְכוּ	6186 a	HVqp3cp
Judg 20:22	שָׁ֖ם	8033	HD
Judg 20:22	בַּ/יּ֥וֹם	b/3117	HRd/Ncmsa
Judg 20:22	הָ/רִאשֽׁוֹן	d/7223	HTd/Aomsa
Judg 20:23	וַ/יַּעֲל֣וּ	c/5927	HC/Vqw3mp
Judg 20:23	בְנֵֽי	1121 a	HNcmpc
Judg 20:23	יִשְׂרָאֵ֗ל	3478	HNp
Judg 20:23	וַ/יִּבְכּ֣וּ	c/1058	HC/Vqw3mp
Judg 20:23	לִ/פְנֵֽי	l/6440	HR/Ncbpc
Judg 20:23	יְהוָה֮	3068	HNp
Judg 20:23	עַד	5704	HR
Judg 20:23	הָ/עֶרֶב֒	d/6153	HTd/Ncmsa
Judg 20:23	וַ/יִּשְׁאֲל֤וּ	c/7592	HC/Vqw3mp
Judg 20:23	בַֽ/יהוָה֙	b/3068	HR/Np
Judg 20:23	לֵ/אמֹ֔ר	l/559	HR/Vqc
Judg 20:23	הַ/אוֹסִ֗יף	i/3254	HTi/Vhi1cs
Judg 20:23	לָ/גֶ֨שֶׁת֙	l/5066	HR/Vqc
Judg 20:23	לַ/מִּלְחָמָ֔ה	l/4421	HRd/Ncfsa
Judg 20:23	עִם	5973 a	HR
Judg 20:23	בְּנֵ֥י	1121 a	HNcmpc
Judg 20:23	בִנְיָמִ֖ן	1144	HNp
Judg 20:23	אָחִ֑/י	251	HNcmsc/Sp1cs
Judg 20:23	וַ/יֹּ֥אמֶר	c/559	HC/Vqw3ms
Judg 20:23	יְהוָ֖ה	3068	HNp
Judg 20:23	עֲל֥וּ	5927	HVqv2mp
Judg 20:23	אֵלָֽי/ו	413	HR/Sp3ms
Judg 20:24	וַ/יִּקְרְב֧וּ	c/7126	HC/Vqw3mp
Judg 20:24	בְנֵֽי	1121 a	HNcmpc
Judg 20:24	יִשְׂרָאֵ֛ל	3478	HNp
Judg 20:24	אֶל	413	HR
Judg 20:24	בְּנֵ֥י	1121 a	HNcmpc
Judg 20:24	בִנְיָמִ֖ן	1144	HNp
Judg 20:24	בַּ/יּ֥וֹם	b/3117	HRd/Ncmsa
Judg 20:24	הַ/שֵּׁנִֽי	d/8145	HTd/Aomsa
Judg 20:25	וַ/יֵּצֵא֩	c/3318	HC/Vqw3ms
Judg 20:25	בִנְיָמִ֨ן	1144	HNp
Judg 20:25	לִ/קְרָאתָ֥/ם	l/7125	HR/Vqc/Sp3mp
Judg 20:25	מִֽן	4480 a	HR
Judg 20:25	הַ/גִּבְעָה֮	d/1390	HTd/Np
Judg 20:25	בַּ/יּ֣וֹם	b/3117	HRd/Ncmsa
Judg 20:25	הַ/שֵּׁנִי֒	d/8145	HTd/Aomsa
Judg 20:25	וַ/יַּשְׁחִיתוּ֩	c/7843	HC/Vhw3mp
Judg 20:25	בִ/בְנֵ֨י	b/1121 a	HR/Ncmpc
Judg 20:25	יִשְׂרָאֵ֜ל	3478	HNp
Judg 20:25	ע֗וֹד	5750	HD
Judg 20:25	שְׁמֹנַ֨ת	8083	HAcmsc
Judg 20:25	עָשָׂ֥ר	6240	HAcmsa
Judg 20:25	אֶ֛לֶף	505	HAcbsa
Judg 20:25	אִ֖ישׁ	376	HNcmsa
Judg 20:25	אָ֑רְצָ/ה	776	HNcbsa/Sd
Judg 20:25	כָּל	3605	HNcmsc
Judg 20:25	אֵ֖לֶּה	428	HPdxcp
Judg 20:25	שֹׁ֥לְפֵי	8025	HVqrmpc
Judg 20:25	חָֽרֶב	2719	HNcfsa
Judg 20:26	וַ/יַּעֲל֣וּ	c/5927	HC/Vqw3mp
Judg 20:26	כָל	3605	HNcmsc
Judg 20:26	בְּנֵי֩	1121 a	HNcmpc
Judg 20:26	יִשְׂרָאֵ֨ל	3478	HNp
Judg 20:26	וְ/כָל	c/3605	HC/Ncmsc
Judg 20:26	הָ/עָ֜ם	d/5971 a	HTd/Ncmsa
Judg 20:26	וַ/יָּבֹ֣אוּ	c/935	HC/Vqw3mp
Judg 20:26	בֵֽית	1008+	HNp
Judg 20:26	אֵ֗ל	1008	HNp
Judg 20:26	וַ/יִּבְכּוּ֙	c/1058	HC/Vqw3mp
Judg 20:26	וַ/יֵּ֤שְׁבוּ	c/3427	HC/Vqw3mp
Judg 20:26	שָׁם֙	8033	HD
Judg 20:26	לִ/פְנֵ֣י	l/6440	HR/Ncbpc
Judg 20:26	יְהוָ֔ה	3068	HNp
Judg 20:26	וַ/יָּצ֥וּמוּ	c/6684	HC/Vqw3mp
Judg 20:26	בַ/יּוֹם	b/3117	HRd/Ncmsa
Judg 20:26	הַ/ה֖וּא	d/1931	HTd/Pp3ms
Judg 20:26	עַד	5704	HR
Judg 20:26	הָ/עָ֑רֶב	d/6153	HTd/Ncmsa
Judg 20:26	וַֽ/יַּעֲל֛וּ	c/5927	HC/Vhw3mp
Judg 20:26	עֹל֥וֹת	5930 a	HNcfpa
Judg 20:26	וּ/שְׁלָמִ֖ים	c/8002	HC/Ncmpa
Judg 20:26	לִ/פְנֵ֥י	l/6440	HR/Ncbpc
Judg 20:26	יְהוָֽה	3068	HNp
Judg 20:27	וַ/יִּשְׁאֲל֥וּ	c/7592	HC/Vqw3mp
Judg 20:27	בְנֵֽי	1121 a	HNcmpc
Judg 20:27	יִשְׂרָאֵ֖ל	3478	HNp
Judg 20:27	בַּֽ/יהוָ֑ה	b/3068	HR/Np
Judg 20:27	וְ/שָׁ֗ם	c/8033	HC/D
Judg 20:27	אֲרוֹן֙	727	HNcbsc
Judg 20:27	בְּרִ֣ית	1285	HNcfsc
Judg 20:27	הָ/אֱלֹהִ֔ים	d/430	HTd/Ncmpa
Judg 20:27	בַּ/יָּמִ֖ים	b/3117	HRd/Ncmpa
Judg 20:27	הָ/הֵֽם	d/1992	HTd/Pp3mp
Judg 20:28	וּ֠/פִינְחָס	c/6372	HC/Np
Judg 20:28	בֶּן	1121 a	HNcmsc
Judg 20:28	אֶלְעָזָ֨ר	499	HNp
Judg 20:28	בֶּֽן	1121 a	HNcmsc
Judg 20:28	אַהֲרֹ֜ן	175	HNp
Judg 20:28	עֹמֵ֣ד	5975	HVqrmsa
Judg 20:28	לְ/פָנָ֗י/ו	l/6440	HR/Ncbpc/Sp3ms
Judg 20:28	בַּ/יָּמִ֣ים	b/3117	HRd/Ncmpa
Judg 20:28	הָ/הֵם֮	d/1992	HTd/Pp3mp
Judg 20:28	לֵ/אמֹר֒	l/559	HR/Vqc
Judg 20:28	הַ/אוֹסִ֨ף	i/3254	HTi/Vhi1cs
Judg 20:28	ע֜וֹד	5750	HD
Judg 20:28	לָ/צֵ֧את	l/3318	HR/Vqc
Judg 20:28	לַ/מִּלְחָמָ֛ה	l/4421	HRd/Ncfsa
Judg 20:28	עִם	5973 a	HR
Judg 20:28	בְּנֵֽי	1121 a	HNcmpc
Judg 20:28	בִנְיָמִ֥ן	1144	HNp
Judg 20:28	אָחִ֖/י	251	HNcmsc/Sp1cs
Judg 20:28	אִם	518 a	HC
Judg 20:28	אֶחְדָּ֑ל	2308	HVqi1cs
Judg 20:28	וַ/יֹּ֤אמֶר	c/559	HC/Vqw3ms
Judg 20:28	יְהוָה֙	3068	HNp
Judg 20:28	עֲל֔וּ	5927	HVqv2mp
Judg 20:28	כִּ֥י	3588 a	HC
Judg 20:28	מָחָ֖ר	4279	HNcmsa
Judg 20:28	אֶתְּנֶ֥/נּוּ	5414	HVqi1cs/Sp3ms
Judg 20:28	בְ/יָדֶֽ/ךָ	b/3027	HR/Ncbsc/Sp2ms
Judg 20:29	וַ/יָּ֤שֶׂם	c/7760 a	HC/Vqw3ms
Judg 20:29	יִשְׂרָאֵל֙	3478	HNp
Judg 20:29	אֹֽרְבִ֔ים	693	HVqrmpa
Judg 20:29	אֶל	413	HR
Judg 20:29	הַ/גִּבְעָ֖ה	d/1390	HTd/Np
Judg 20:29	סָבִֽיב	5439	HNcbsa
Judg 20:30	וַ/יַּעֲל֧וּ	c/5927	HC/Vqw3mp
Judg 20:30	בְנֵֽי	1121 a	HNcmpc
Judg 20:30	יִשְׂרָאֵ֛ל	3478	HNp
Judg 20:30	אֶל	413	HR
Judg 20:30	בְּנֵ֥י	1121 a	HNcmpc
Judg 20:30	בִנְיָמִ֖ן	1144	HNp
Judg 20:30	בַּ/יּ֣וֹם	b/3117	HRd/Ncmsa
Judg 20:30	הַ/שְּׁלִישִׁ֑י	d/7992	HTd/Aomsa
Judg 20:30	וַ/יַּעַרְכ֥וּ	c/6186 a	HC/Vqw3mp
Judg 20:30	אֶל	413	HR
Judg 20:30	הַ/גִּבְעָ֖ה	d/1390	HTd/Np
Judg 20:30	כְּ/פַ֥עַם	k/6471	HR/Ncfsa
Judg 20:30	בְּ/פָֽעַם	b/6471	HR/Ncfsa
Judg 20:31	וַ/יֵּצְא֤וּ	c/3318	HC/Vqw3mp
Judg 20:31	בְנֵֽי	1121 a	HNcmpc
Judg 20:31	בִנְיָמִן֙	1144	HNp
Judg 20:31	לִ/קְרַ֣את	l/7125	HR/Vqc
Judg 20:31	הָ/עָ֔ם	d/5971 a	HTd/Ncmsa
Judg 20:31	הָנְתְּק֖וּ	5423	HVHp3cp
Judg 20:31	מִן	4480 a	HR
Judg 20:31	הָ/עִ֑יר	d/5892 b	HTd/Ncfsa
Judg 20:31	וַ/יָּחֵ֡לּוּ	c/2490 c	HC/Vhw3mp
Judg 20:31	לְ/הַכּוֹת֩	l/5221	HR/Vhc
Judg 20:31	מֵ/הָ/עָ֨ם	m/d/5971 a	HR/Td/Ncmsa
Judg 20:31	חֲלָלִ֜ים	2491 a	HAampa
Judg 20:31	כְּ/פַ֣עַם	k/6471	HR/Ncfsa
Judg 20:31	בְּ/פַ֗עַם	b/6471	HR/Ncfsa
Judg 20:31	בַּֽ/מְסִלּוֹת֙	b/4546	HRd/Ncfpa
Judg 20:31	אֲשֶׁ֨ר	834 a	HTr
Judg 20:31	אַחַ֜ת	259	HAcfsa
Judg 20:31	עֹלָ֣ה	5927	HVqrfsa
Judg 20:31	בֵֽית	1008+	HNp
Judg 20:31	אֵ֗ל	1008	HNp
Judg 20:31	וְ/אַחַ֤ת	c/259	HC/Acfsa
Judg 20:31	גִּבְעָ֨תָ/ה֙	1390	HNp/Sd
Judg 20:31	בַּ/שָּׂדֶ֔ה	b/7704 b	HRd/Ncmsa
Judg 20:31	כִּ/שְׁלֹשִׁ֥ים	k/7970	HR/Acbpa
Judg 20:31	אִ֖ישׁ	376	HNcmsa
Judg 20:31	בְּ/יִשְׂרָאֵֽל	b/3478	HR/Np
Judg 20:32	וַ/יֹּֽאמְרוּ֙	c/559	HC/Vqw3mp
Judg 20:32	בְּנֵ֣י	1121 a	HNcmpc
Judg 20:32	בִנְיָמִ֔ן	1144	HNp
Judg 20:32	נִגָּפִ֥ים	5062	HVNrmpa
Judg 20:32	הֵ֛ם	1992	HPp3mp
Judg 20:32	לְ/פָנֵ֖י/נוּ	l/6440	HR/Ncbpc/Sp1cp
Judg 20:32	כְּ/בָ/רִאשֹׁנָ֑ה	k/b/7223	HR/Rd/Aafsa
Judg 20:32	וּ/בְנֵ֧י	c/1121 a	HC/Ncmpc
Judg 20:32	יִשְׂרָאֵ֣ל	3478	HNp
Judg 20:32	אָמְר֗וּ	559	HVqp3cp
Judg 20:32	נָנ֨וּסָה֙	5127	HVqh1cp
Judg 20:32	וּֽ/נְתַקְּנֻ֔/הוּ	c/5423	HC/Vqq1cp/Sp3ms
Judg 20:32	מִן	4480 a	HR
Judg 20:32	הָ/עִ֖יר	d/5892 b	HTd/Ncfsa
Judg 20:32	אֶל	413	HR
Judg 20:32	הַֽ/מְסִלּֽוֹת	d/4546	HTd/Ncfpa
Judg 20:33	וְ/כֹ֣ל	c/3605	HC/Ncmsc
Judg 20:33	אִ֣ישׁ	376	HNcmsc
Judg 20:33	יִשְׂרָאֵ֗ל	3478	HNp
Judg 20:33	קָ֚מוּ	6965 b	HVqp3cp
Judg 20:33	מִ/מְּקוֹמ֔/וֹ	m/4725	HR/Ncmsc/Sp3ms
Judg 20:33	וַ/יַּעַרְכ֖וּ	c/6186 a	HC/Vqw3mp
Judg 20:33	בְּ/בַ֣עַל	b/1193+	HR/Np
Judg 20:33	תָּמָ֑ר	1193	HNp
Judg 20:33	וְ/אֹרֵ֧ב	c/693	HC/Vqrmsc
Judg 20:33	יִשְׂרָאֵ֛ל	3478	HNp
Judg 20:33	מֵגִ֥יחַ	1518	HVhrmsa
Judg 20:33	מִ/מְּקֹמ֖/וֹ	m/4725	HR/Ncmsc/Sp3ms
Judg 20:33	מִ/מַּֽעֲרֵה	m/4629	HR/Ncmsc
Judg 20:33	גָֽבַע	1390	HNp
Judg 20:34	וַ/יָּבֹאוּ֩	c/935	HC/Vqw3mp
Judg 20:34	מִ/נֶּ֨גֶד	m/5048	HR/R
Judg 20:34	לַ/גִּבְעָ֜ה	l/1390	HRd/Np
Judg 20:34	עֲשֶׂרֶת֩	6235	HAcmsc
Judg 20:34	אֲלָפִ֨ים	505	HAcbpa
Judg 20:34	אִ֤ישׁ	376	HNcmsa
Judg 20:34	בָּחוּר֙	977	HVqsmsa
Judg 20:34	מִ/כָּל	m/3605	HR/Ncmsc
Judg 20:34	יִשְׂרָאֵ֔ל	3478	HNp
Judg 20:34	וְ/הַ/מִּלְחָמָ֖ה	c/d/4421	HC/Td/Ncfsa
Judg 20:34	כָּבֵ֑דָה	3513	HVqp3fs
Judg 20:34	וְ/הֵם֙	c/1992	HC/Pp3mp
Judg 20:34	לֹ֣א	3808	HTn
Judg 20:34	יָדְע֔וּ	3045	HVqp3cp
Judg 20:34	כִּֽי	3588 a	HC
Judg 20:34	נֹגַ֥עַת	5060	HVqrfsa
Judg 20:34	עֲלֵי/הֶ֖ם	5921 a	HR/Sp3mp
Judg 20:34	הָ/רָעָֽה	d/7451 c	HTd/Ncfsa
Judg 20:35	וַ/יִּגֹּ֨ף	c/5062	HC/Vqw3ms
Judg 20:35	יְהוָ֥ה	3068	HNp
Judg 20:35	אֶֽת	853	HTo
Judg 20:35	בִּנְיָמִן֮	1144	HNp
Judg 20:35	לִ/פְנֵ֣י	l/6440	HR/Ncbpc
Judg 20:35	יִשְׂרָאֵל֒	3478	HNp
Judg 20:35	וַ/יַּשְׁחִיתוּ֩	c/7843	HC/Vhw3mp
Judg 20:35	בְנֵ֨י	1121 a	HNcmpc
Judg 20:35	יִשְׂרָאֵ֤ל	3478	HNp
Judg 20:35	בְּ/בִנְיָמִן֙	b/1144	HR/Np
Judg 20:35	בַּ/יּ֣וֹם	b/3117	HRd/Ncmsa
Judg 20:35	הַ/ה֔וּא	d/1931	HTd/Pp3ms
Judg 20:35	עֶשְׂרִ֨ים	6242	HAcbpa
Judg 20:35	וַ/חֲמִשָּׁ֥ה	c/2568	HC/Acmsa
Judg 20:35	אֶ֛לֶף	505	HAcbsa
Judg 20:35	וּ/מֵאָ֖ה	c/3967	HC/Acbsa
Judg 20:35	אִ֑ישׁ	376	HNcmsa
Judg 20:35	כָּל	3605	HNcmsc
Judg 20:35	אֵ֖לֶּה	428	HPdxcp
Judg 20:35	שֹׁ֥לֵף	8025	HVqrmsa
Judg 20:35	חָֽרֶב	2719	HNcfsa
Judg 20:36	וַ/יִּרְא֥וּ	c/7200	HC/Vqw3mp
Judg 20:36	בְנֵֽי	1121 a	HNcmpc
Judg 20:36	בִנְיָמִ֖ן	1144	HNp
Judg 20:36	כִּ֣י	3588 a	HC
Judg 20:36	נִגָּ֑פוּ	5062	HVNp3cp
Judg 20:36	וַ/יִּתְּנ֨וּ	c/5414	HC/Vqw3mp
Judg 20:36	אִֽישׁ	376	HNcmsc
Judg 20:36	יִשְׂרָאֵ֤ל	3478	HNp
Judg 20:36	מָקוֹם֙	4725	HNcmsa
Judg 20:36	לְ/בִנְיָמִ֔ן	l/1144	HR/Np
Judg 20:36	כִּ֤י	3588 a	HC
Judg 20:36	בָֽטְחוּ֙	982	HVqp3cp
Judg 20:36	אֶל	413	HR
Judg 20:36	הָ֣/אֹרֵ֔ב	d/693	HTd/Vqrmsa
Judg 20:36	אֲשֶׁר	834 a	HTr
Judg 20:36	שָׂ֖מוּ	7760 a	HVqp3cp
Judg 20:36	אֶל	413	HR
Judg 20:36	הַ/גִּבְעָֽה	d/1390	HTd/Np
Judg 20:37	וְ/הָ/אֹרֵ֣ב	c/d/693	HC/Td/Vqrmsa
Judg 20:37	הֵחִ֔ישׁוּ	2363 a	HVhp3cp
Judg 20:37	וַֽ/יִּפְשְׁט֖וּ	c/6584	HC/Vqw3mp
Judg 20:37	אֶל	413	HR
Judg 20:37	הַ/גִּבְעָ֑ה	d/1390	HTd/Np
Judg 20:37	וַ/יִּמְשֹׁךְ֙	c/4900	HC/Vqw3ms
Judg 20:37	הָ/אֹרֵ֔ב	d/693	HTd/Vqrmsa
Judg 20:37	וַ/יַּ֥ךְ	c/5221	HC/Vhw3ms
Judg 20:37	אֶת	853	HTo
Judg 20:37	כָּל	3605	HNcmsc
Judg 20:37	הָ/עִ֖יר	d/5892 b	HTd/Ncfsa
Judg 20:37	לְ/פִי	l/6310	HR/Ncmsc
Judg 20:37	חָֽרֶב	2719	HNcfsa
Judg 20:38	וְ/הַ/מּוֹעֵ֗ד	c/d/4150	HC/Td/Ncmsa
Judg 20:38	הָיָ֛ה	1961	HVqp3ms
Judg 20:38	לְ/אִ֥ישׁ	l/376	HR/Ncmsc
Judg 20:38	יִשְׂרָאֵ֖ל	3478	HNp
Judg 20:38	עִם	5973 a	HR
Judg 20:38	הָ/אֹרֵ֑ב	d/693	HTd/Vqrmsa
Judg 20:38	הֶ֕רֶב	7235 a	HVhv2ms
Judg 20:38	לְ/הַעֲלוֹתָ֛/ם	l/5927	HR/Vhc/Sp3mp
Judg 20:38	מַשְׂאַ֥ת	4864	HNcfsc
Judg 20:38	הֶ/עָשָׁ֖ן	d/6227	HTd/Ncmsa
Judg 20:38	מִן	4480 a	HR
Judg 20:38	הָ/עִֽיר	d/5892 b	HTd/Ncfsa
Judg 20:39	וַ/יַּהֲפֹ֥ךְ	c/2015	HC/Vqw3ms
Judg 20:39	אִֽישׁ	376	HNcmsc
Judg 20:39	יִשְׂרָאֵ֖ל	3478	HNp
Judg 20:39	בַּ/מִּלְחָמָ֑ה	b/4421	HRd/Ncfsa
Judg 20:39	וּ/בִנְיָמִ֡ן	c/1144	HC/Np
Judg 20:39	הֵחֵל֩	2490 c	HVhp3ms
Judg 20:39	לְ/הַכּ֨וֹת	l/5221	HR/Vhc
Judg 20:39	חֲלָלִ֤ים	2491 a	HAampa
Judg 20:39	בְּ/אִֽישׁ	b/376	HR/Ncmsc
Judg 20:39	יִשְׂרָאֵל֙	3478	HNp
Judg 20:39	כִּ/שְׁלֹשִׁ֣ים	k/7970	HR/Acbpa
Judg 20:39	אִ֔ישׁ	376	HNcmsa
Judg 20:39	כִּ֣י	3588 a	HC
Judg 20:39	אָמְר֔וּ	559	HVqp3cp
Judg 20:39	אַךְ֩	389	HTa
Judg 20:39	נִגּ֨וֹף	5062	HVNa
Judg 20:39	נִגָּ֥ף	5062	HVNrmsa
Judg 20:39	הוּא֙	1931	HPp3ms
Judg 20:39	לְ/פָנֵ֔י/נוּ	l/6440	HR/Ncbpc/Sp1cp
Judg 20:39	כַּ/מִּלְחָמָ֖ה	k/4421	HRd/Ncfsa
Judg 20:39	הָ/רִאשֹׁנָֽה	d/7223	HTd/Aafsa
Judg 20:40	וְ/הַ/מַּשְׂאֵ֗ת	c/d/4864	HC/Td/Ncfsa
Judg 20:40	הֵחֵ֛לָּה	2490 c	HVhp3fs
Judg 20:40	לַ/עֲל֥וֹת	l/5927	HR/Vqc
Judg 20:40	מִן	4480 a	HR
Judg 20:40	הָ/עִ֖יר	d/5892 b	HTd/Ncfsa
Judg 20:40	עַמּ֣וּד	5982	HNcmsc
Judg 20:40	עָשָׁ֑ן	6227	HNcmsa
Judg 20:40	וַ/יִּ֤פֶן	c/6437	HC/Vqw3ms
Judg 20:40	בִּנְיָמִן֙	1144	HNp
Judg 20:40	אַחֲרָ֔י/ו	310 a	HR/Sp3ms
Judg 20:40	וְ/הִנֵּ֛ה	c/2009	HC/Tm
Judg 20:40	עָלָ֥ה	5927	HVqp3ms
Judg 20:40	כְלִיל	3632	HAamsc
Judg 20:40	הָ/עִ֖יר	d/5892 b	HTd/Ncfsa
Judg 20:40	הַ/שָּׁמָֽיְמָ/ה	d/8064	HTd/Ncmpa/Sd
Judg 20:41	וְ/אִ֤ישׁ	c/376	HC/Ncmsc
Judg 20:41	יִשְׂרָאֵל֙	3478	HNp
Judg 20:41	הָפַ֔ךְ	2015	HVqp3ms
Judg 20:41	וַ/יִּבָּהֵ֖ל	c/926	HC/VNw3ms
Judg 20:41	אִ֣ישׁ	376	HNcmsc
Judg 20:41	בִּנְיָמִ֑ן	1144	HNp
Judg 20:41	כִּ֣י	3588 a	HC
Judg 20:41	רָאָ֔ה	7200	HVqp3ms
Judg 20:41	כִּֽי	3588 a	HC
Judg 20:41	נָגְעָ֥ה	5060	HVqp3fs
Judg 20:41	עָלָ֖י/ו	5921 a	HR/Sp3ms
Judg 20:41	הָ/רָעָֽה	d/7451 c	HTd/Ncfsa
Judg 20:42	וַ/יִּפְנ֞וּ	c/6437	HC/Vqw3mp
Judg 20:42	לִ/פְנֵ֨י	l/6440	HR/Ncbpc
Judg 20:42	אִ֤ישׁ	376	HNcmsc
Judg 20:42	יִשְׂרָאֵל֙	3478	HNp
Judg 20:42	אֶל	413	HR
Judg 20:42	דֶּ֣רֶךְ	1870	HNcbsc
Judg 20:42	הַ/מִּדְבָּ֔ר	d/4057 b	HTd/Ncmsa
Judg 20:42	וְ/הַ/מִּלְחָמָ֖ה	c/d/4421	HC/Td/Ncfsa
Judg 20:42	הִדְבִּיקָ֑תְ/הוּ	1692	HVhp3fs/Sp3ms
Judg 20:42	וַ/אֲשֶׁר֙	c/834 a	HC/Tr
Judg 20:42	מֵ/הֶ֣/עָרִ֔ים	m/d/5892 b	HR/Td/Ncfpa
Judg 20:42	מַשְׁחִיתִ֥ים	7843	HVhrmpa
Judg 20:42	אוֹת֖/וֹ	853	HTo/Sp3ms
Judg 20:42	בְּ/תוֹכֽ/וֹ	b/8432	HR/Ncmsc/Sp3ms
Judg 20:43	כִּתְּר֤וּ	3803	HVpp3cp
Judg 20:43	אֶת	853	HTo
Judg 20:43	בִּנְיָמִן֙	1144	HNp
Judg 20:43	הִרְדִיפֻ֔/הוּ	7291	HVhp3cp/Sp3ms
Judg 20:43	מְנוּחָ֖ה	4496	HNcbsa
Judg 20:43	הִדְרִיכֻ֑/הוּ	1869	HVhp3cp/Sp3ms
Judg 20:43	עַ֛ד	5704	HR
Judg 20:43	נֹ֥כַח	5227	HR
Judg 20:43	הַ/גִּבְעָ֖ה	d/1390	HTd/Np
Judg 20:43	מִ/מִּזְרַח	m/4217	HR/Ncmsc
Judg 20:43	שָֽׁמֶשׁ	8121	HNcbsa
Judg 20:44	וַֽ/יִּפְּלוּ֙	c/5307	HC/Vqw3mp
Judg 20:44	מִ/בִּנְיָמִ֔ן	m/1144	HR/Np
Judg 20:44	שְׁמֹנָֽה	8083	HAcmsa
Judg 20:44	עָשָׂ֥ר	6240	HAcmsa
Judg 20:44	אֶ֖לֶף	505	HAcbsa
Judg 20:44	אִ֑ישׁ	376	HNcmsa
Judg 20:44	אֶת	853	HTo
Judg 20:44	כָּל	3605	HNcmsc
Judg 20:44	אֵ֖לֶּה	428	HPdxcp
Judg 20:44	אַנְשֵׁי	376	HNcmpc
Judg 20:44	חָֽיִל	2428	HNcmsa
Judg 20:45	וַ/יִּפְנ֞וּ	c/6437	HC/Vqw3mp
Judg 20:45	וַ/יָּנֻ֤סוּ	c/5127	HC/Vqw3mp
Judg 20:45	הַ/מִּדְבָּ֨רָ/ה֙	d/4057 b	HTd/Ncmsa/Sd
Judg 20:45	אֶל	413	HR
Judg 20:45	סֶ֣לַע	5553	HNcmsc
Judg 20:45	הָֽ/רִמּ֔וֹן	d/7417 c	HTd/Np
Judg 20:45	וַ/יְעֹֽלְלֻ֨/הוּ֙	c/5953 b	HC/Vmw3mp/Sp3ms
Judg 20:45	בַּֽ/מְסִלּ֔וֹת	b/4546	HRd/Ncfpa
Judg 20:45	חֲמֵ֥שֶׁת	2568	HAcmsc
Judg 20:45	אֲלָפִ֖ים	505	HAcbpa
Judg 20:45	אִ֑ישׁ	376	HNcmsa
Judg 20:45	וַ/יַּדְבִּ֤יקוּ	c/1692	HC/Vhw3mp
Judg 20:45	אַחֲרָי/ו֙	310 a	HR/Sp3ms
Judg 20:45	עַד	5704	HR
Judg 20:45	גִּדְעֹ֔ם	1440	HNp
Judg 20:45	וַ/יַּכּ֥וּ	c/5221	HC/Vhw3mp
Judg 20:45	מִמֶּ֖/נּוּ	4480 a	HR/Sp1cp
Judg 20:45	אַלְפַּ֥יִם	505	HAcbpa
Judg 20:45	אִֽישׁ	376	HNcmsa
Judg 20:46	וַ/יְהִי֩	c/1961	HC/Vqw3ms
Judg 20:46	כָל	3605	HNcmsc
Judg 20:46	הַ/נֹּ֨פְלִ֜ים	d/5307	HTd/Vqrmpa
Judg 20:46	מִ/בִּנְיָמִ֗ן	m/1144	HR/Np
Judg 20:46	עֶשְׂרִים֩	6242	HAcbpa
Judg 20:46	וַ/חֲמִשָּׁ֨ה	c/2568	HC/Acmsa
Judg 20:46	אֶ֥לֶף	505	HAcbsa
Judg 20:46	אִ֛ישׁ	376	HNcmsa
Judg 20:46	שֹׁ֥לֵֽף	8025	HVqrmsa
Judg 20:46	חֶ֖רֶב	2719	HNcfsa
Judg 20:46	בַּ/יּ֣וֹם	b/3117	HRd/Ncmsa
Judg 20:46	הַ/ה֑וּא	d/1931	HTd/Pp3ms
Judg 20:46	אֶֽת	853	HTo
Judg 20:46	כָּל	3605	HNcmsc
Judg 20:46	אֵ֖לֶּה	428	HPdxcp
Judg 20:46	אַנְשֵׁי	376	HNcmpc
Judg 20:46	חָֽיִל	2428	HNcmsa
Judg 20:47	וַ/יִּפְנ֞וּ	c/6437	HC/Vqw3mp
Judg 20:47	וַ/יָּנֻ֤סוּ	c/5127	HC/Vqw3mp
Judg 20:47	הַ/מִּדְבָּ֨רָ/ה֙	d/4057 b	HTd/Ncmsa/Sd
Judg 20:47	אֶל	413	HR
Judg 20:47	סֶ֣לַע	5553	HNcmsc
Judg 20:47	הָֽ/רִמּ֔וֹן	d/7417 c	HTd/Np
Judg 20:47	שֵׁ֥שׁ	8337	HAcfsa
Judg 20:47	מֵא֖וֹת	3967	HAcbpa
Judg 20:47	אִ֑ישׁ	376	HNcmsa
Judg 20:47	וַ/יֵּֽשְׁבוּ֙	c/3427	HC/Vqw3mp
Judg 20:47	בְּ/סֶ֣לַע	b/5553	HR/Ncmsc
Judg 20:47	רִמּ֔וֹן	7417 c	HNp
Judg 20:47	אַרְבָּעָ֖ה	702	HAcmsa
Judg 20:47	חֳדָשִֽׁים	2320	HNcmpa
Judg 20:48	וְ/אִ֨ישׁ	c/376	HC/Ncmsc
Judg 20:48	יִשְׂרָאֵ֜ל	3478	HNp
Judg 20:48	שָׁ֣בוּ	7725	HVqp3cp
Judg 20:48	אֶל	413	HR
Judg 20:48	בְּנֵ֤י	1121 a	HNcmpc
Judg 20:48	בִנְיָמִן֙	1144	HNp
Judg 20:48	וַ/יַּכּ֣וּ/ם	c/5221	HC/Vhw3mp/Sp3mp
Judg 20:48	לְ/פִי	l/6310	HR/Ncmsc
Judg 20:48	חֶ֔רֶב	2719	HNcfsa
Judg 20:48	מֵ/עִ֤יר	m/5892 b	HR/Ncfsc
Judg 20:48	מְתֹם֙	4974	HNcmsa
Judg 20:48	עַד	5704	HR
Judg 20:48	בְּהֵמָ֔ה	929	HNcfsa
Judg 20:48	עַ֖ד	5704	HR
Judg 20:48	כָּל	3605	HNcmsc
Judg 20:48	הַ/נִּמְצָ֑א	d/4672	HTd/VNrmsa
Judg 20:48	גַּ֛ם	1571	HTa
Judg 20:48	כָּל	3605	HNcmsc
Judg 20:48	הֶ/עָרִ֥ים	d/5892 b	HTd/Ncfpa
Judg 20:48	הַ/נִּמְצָא֖וֹת	d/4672	HTd/VNrfpa
Judg 20:48	שִׁלְּח֥וּ	7971	HVpp3cp
Judg 20:48	בָ/אֵֽשׁ	b/784	HRd/Ncbsa
Judg 21:1	וְ/אִ֣ישׁ	c/376	HC/Ncmsc
Judg 21:1	יִשְׂרָאֵ֔ל	3478	HNp
Judg 21:1	נִשְׁבַּ֥ע	7650	HVNp3ms
Judg 21:1	בַּ/מִּצְפָּ֖ה	b/4709	HRd/Np
Judg 21:1	לֵ/אמֹ֑ר	l/559	HR/Vqc
Judg 21:1	אִ֣ישׁ	376	HNcmsa
Judg 21:1	מִמֶּ֔/נּוּ	4480 a	HR/Sp1cp
Judg 21:1	לֹא	3808	HTn
Judg 21:1	יִתֵּ֥ן	5414	HVqi3ms
Judg 21:1	בִּתּ֛/וֹ	1323	HNcfsc/Sp3ms
Judg 21:1	לְ/בִנְיָמִ֖ן	l/1144	HR/Np
Judg 21:1	לְ/אִשָּֽׁה	l/802	HR/Ncfsa
Judg 21:2	וַ/יָּבֹ֤א	c/935	HC/Vqw3ms
Judg 21:2	הָ/עָם֙	d/5971 a	HTd/Ncmsa
Judg 21:2	בֵּֽית	1008+	HNp
Judg 21:2	אֵ֔ל	1008	HNp
Judg 21:2	וַ/יֵּ֤שְׁבוּ	c/3427	HC/Vqw3mp
Judg 21:2	שָׁם֙	8033	HD
Judg 21:2	עַד	5704	HR
Judg 21:2	הָ/עֶ֔רֶב	d/6153	HTd/Ncmsa
Judg 21:2	לִ/פְנֵ֖י	l/6440	HR/Ncbpc
Judg 21:2	הָ/אֱלֹהִ֑ים	d/430	HTd/Ncmpa
Judg 21:2	וַ/יִּשְׂא֣וּ	c/5375	HC/Vqw3mp
Judg 21:2	קוֹלָ֔/ם	6963 a	HNcmsc/Sp3mp
Judg 21:2	וַ/יִּבְכּ֖וּ	c/1058	HC/Vqw3mp
Judg 21:2	בְּכִ֥י	1065	HNcmsa
Judg 21:2	גָדֽוֹל	1419 a	HAamsa
Judg 21:3	וַ/יֹּ֣אמְר֔וּ	c/559	HC/Vqw3mp
Judg 21:3	לָ/מָ֗ה	l/4100	HR/Ti
Judg 21:3	יְהוָה֙	3068	HNp
Judg 21:3	אֱלֹהֵ֣י	430	HNcmpc
Judg 21:3	יִשְׂרָאֵ֔ל	3478	HNp
Judg 21:3	הָ֥יְתָה	1961	HVqp3fs
Judg 21:3	זֹּ֖את	2063	HPdxfs
Judg 21:3	בְּ/יִשְׂרָאֵ֑ל	b/3478	HR/Np
Judg 21:3	לְ/הִפָּקֵ֥ד	l/6485 a	HR/VNc
Judg 21:3	הַ/יּ֛וֹם	d/3117	HTd/Ncmsa
Judg 21:3	מִ/יִּשְׂרָאֵ֖ל	m/3478	HR/Np
Judg 21:3	שֵׁ֥בֶט	7626	HNcmsa
Judg 21:3	אֶחָֽד	259	HAcmsa
Judg 21:4	וַֽ/יְהִי֙	c/1961	HC/Vqw3ms
Judg 21:4	מִֽ/מָּחֳרָ֔ת	m/4283	HR/Ncfsa
Judg 21:4	וַ/יַּשְׁכִּ֣ימוּ	c/7925	HC/Vhw3mp
Judg 21:4	הָ/עָ֔ם	d/5971 a	HTd/Ncmsa
Judg 21:4	וַ/יִּבְנוּ	c/1129	HC/Vqw3mp
Judg 21:4	שָׁ֖ם	8033	HD
Judg 21:4	מִזְבֵּ֑חַ	4196	HNcmsa
Judg 21:4	וַ/יַּעֲל֥וּ	c/5927	HC/Vhw3mp
Judg 21:4	עֹל֖וֹת	5930 a	HNcfpa
Judg 21:4	וּ/שְׁלָמִֽים	c/8002	HC/Ncmpa
Judg 21:5	וַ/יֹּֽאמְרוּ֙	c/559	HC/Vqw3mp
Judg 21:5	בְּנֵ֣י	1121 a	HNcmpc
Judg 21:5	יִשְׂרָאֵ֔ל	3478	HNp
Judg 21:5	מִ֠י	4310	HTi
Judg 21:5	אֲשֶׁ֨ר	834 a	HTr
Judg 21:5	לֹא	3808	HTn
Judg 21:5	עָלָ֧ה	5927	HVqp3ms
Judg 21:5	בַ/קָּהָ֛ל	b/6951	HRd/Ncmsa
Judg 21:5	מִ/כָּל	m/3605	HR/Ncmsc
Judg 21:5	שִׁבְטֵ֥י	7626	HNcmpc
Judg 21:5	יִשְׂרָאֵ֖ל	3478	HNp
Judg 21:5	אֶל	413	HR
Judg 21:5	יְהוָ֑ה	3068	HNp
Judg 21:5	כִּי֩	3588 a	HC
Judg 21:5	הַ/שְּׁבוּעָ֨ה	d/7621	HTd/Ncfsa
Judg 21:5	הַ/גְּדוֹלָ֜ה	d/1419 a	HTd/Aafsa
Judg 21:5	הָיְתָ֗ה	1961	HVqp3fs
Judg 21:5	לַ֠/אֲשֶׁר	l/834 a	HR/Tr
Judg 21:5	לֹא	3808	HTn
Judg 21:5	עָלָ֨ה	5927	HVqp3ms
Judg 21:5	אֶל	413	HR
Judg 21:5	יְהוָ֧ה	3068	HNp
Judg 21:5	הַ/מִּצְפָּ֛ה	d/4709	HTd/Np
Judg 21:5	לֵ/אמֹ֖ר	l/559	HR/Vqc
Judg 21:5	מ֥וֹת	4191	HVqa
Judg 21:5	יוּמָֽת	4191	HVHi3ms
Judg 21:6	וַ/יִּנָּֽחֲמוּ֙	c/5162	HC/VNw3mp
Judg 21:6	בְּנֵ֣י	1121 a	HNcmpc
Judg 21:6	יִשְׂרָאֵ֔ל	3478	HNp
Judg 21:6	אֶל	413	HR
Judg 21:6	בִּנְיָמִ֖ן	1144	HNp
Judg 21:6	אָחִ֑י/ו	251	HNcmsc/Sp3ms
Judg 21:6	וַ/יֹּ֣אמְר֔וּ	c/559	HC/Vqw3mp
Judg 21:6	נִגְדַּ֥ע	1438	HVNp3ms
Judg 21:6	הַ/יּ֛וֹם	d/3117	HTd/Ncmsa
Judg 21:6	שֵׁ֥בֶט	7626	HNcmsa
Judg 21:6	אֶחָ֖ד	259	HAcmsa
Judg 21:6	מִ/יִּשְׂרָאֵֽל	m/3478	HR/Np
Judg 21:7	מַה	4100	HTi
Judg 21:7	נַּעֲשֶׂ֥ה	6213 a	HVqi1cp
Judg 21:7	לָ/הֶ֛ם	l	HR/Sp3mp
Judg 21:7	לַ/נּוֹתָרִ֖ים	l/3498	HRd/VNsmpa
Judg 21:7	לְ/נָשִׁ֑ים	l/802	HR/Ncfpa
Judg 21:7	וַ/אֲנַ֨חְנוּ֙	c/587	HC/Pp1cp
Judg 21:7	נִשְׁבַּ֣עְנוּ	7650	HVNp1cp
Judg 21:7	בַֽ/יהוָ֔ה	b/3068	HR/Np
Judg 21:7	לְ/בִלְתִּ֛י	l/1115	HR/C
Judg 21:7	תֵּת	5414	HVqc
Judg 21:7	לָ/הֶ֥ם	l	HR/Sp3mp
Judg 21:7	מִ/בְּנוֹתֵ֖י/נוּ	m/1323	HR/Ncfpc/Sp1cp
Judg 21:7	לְ/נָשִֽׁים	l/802	HR/Ncfpa
Judg 21:8	וַ/יֹּ֣אמְר֔וּ	c/559	HC/Vqw3mp
Judg 21:8	מִ֗י	4310	HTi
Judg 21:8	אֶחָד֙	259	HAcmsa
Judg 21:8	מִ/שִּׁבְטֵ֣י	m/7626	HR/Ncmpc
Judg 21:8	יִשְׂרָאֵ֔ל	3478	HNp
Judg 21:8	אֲשֶׁ֛ר	834 a	HTr
Judg 21:8	לֹֽא	3808	HTn
Judg 21:8	עָלָ֥ה	5927	HVqp3ms
Judg 21:8	אֶל	413	HR
Judg 21:8	יְהוָ֖ה	3068	HNp
Judg 21:8	הַ/מִּצְפָּ֑ה	d/4709	HTd/Np
Judg 21:8	וְ֠/הִנֵּה	c/2009	HC/Tm
Judg 21:8	לֹ֣א	3808	HTn
Judg 21:8	בָא	935	HVqp3ms
Judg 21:8	אִ֧ישׁ	376	HNcmsa
Judg 21:8	אֶל	413	HR
Judg 21:8	הַֽ/מַּחֲנֶ֛ה	d/4264	HTd/Ncbsa
Judg 21:8	מִ/יָּבֵ֥ישׁ	m/3003	HR/Np
Judg 21:8	גִּלְעָ֖ד	1568	HNp
Judg 21:8	אֶל	413	HR
Judg 21:8	הַ/קָּהָֽל	d/6951	HTd/Ncmsa
Judg 21:9	וַ/יִּתְפָּקֵ֖ד	c/6485 a	HC/Vtw3ms
Judg 21:9	הָ/עָ֑ם	d/5971 a	HTd/Ncmsa
Judg 21:9	וְ/הִנֵּ֤ה	c/2009	HC/Tm
Judg 21:9	אֵֽין	369	HTn
Judg 21:9	שָׁם֙	8033	HD
Judg 21:9	אִ֔ישׁ	376	HNcmsa
Judg 21:9	מִ/יּוֹשְׁבֵ֖י	m/3427	HR/Vqrmpc
Judg 21:9	יָבֵ֥שׁ	3003	HNp
Judg 21:9	גִּלְעָֽד	1568	HNp
Judg 21:10	וַ/יִּשְׁלְחוּ	c/7971	HC/Vqw3mp
Judg 21:10	שָׁ֣ם	8033	HD
Judg 21:10	הָ/עֵדָ֗ה	d/5712	HTd/Ncfsa
Judg 21:10	שְׁנֵים	8147	HAcmda
Judg 21:10	עָשָׂ֥ר	6240	HAcmsa
Judg 21:10	אֶ֛לֶף	505	HAcbsa
Judg 21:10	אִ֖ישׁ	376	HNcmsa
Judg 21:10	מִ/בְּנֵ֣י	m/1121 a	HR/Ncmpc
Judg 21:10	הֶ/חָ֑יִל	d/2428	HTd/Ncmsa
Judg 21:10	וַ/יְצַוּ֨וּ	c/6680	HC/Vpw3mp
Judg 21:10	אוֹתָ֜/ם	853	HTo/Sp3mp
Judg 21:10	לֵ/אמֹ֗ר	l/559	HR/Vqc
Judg 21:10	לְ֠כוּ	3212	HVqv2mp
Judg 21:10	וְ/הִכִּיתֶ֞ם	c/5221	HC/Vhp2mp
Judg 21:10	אֶת	853	HTo
Judg 21:10	יוֹשְׁבֵ֨י	3427	HVqrmpc
Judg 21:10	יָבֵ֤שׁ	3003	HNp
Judg 21:10	גִּלְעָד֙	1568	HNp
Judg 21:10	לְ/פִי	l/6310	HR/Ncmsc
Judg 21:10	חֶ֔רֶב	2719	HNcfsa
Judg 21:10	וְ/הַ/נָּשִׁ֖ים	c/d/802	HC/Td/Ncfpa
Judg 21:10	וְ/הַ/טָּֽף	c/d/2945	HC/Td/Ncmsa
Judg 21:11	וְ/זֶ֥ה	c/2088	HC/Pdxms
Judg 21:11	הַ/דָּבָ֖ר	d/1697	HTd/Ncmsa
Judg 21:11	אֲשֶׁ֣ר	834 a	HTr
Judg 21:11	תַּעֲשׂ֑וּ	6213 a	HVqi2mp
Judg 21:11	כָּל	3605	HNcmsc
Judg 21:11	זָכָ֗ר	2145	HAamsa
Judg 21:11	וְ/כָל	c/3605	HC/Ncmsc
Judg 21:11	אִשָּׁ֛ה	802	HNcfsa
Judg 21:11	יֹדַ֥עַת	3045	HVqrfsa
Judg 21:11	מִשְׁכַּב	4904	HNcmsc
Judg 21:11	זָכָ֖ר	2145	HAamsa
Judg 21:11	תַּחֲרִֽימוּ	2763 a	HVhi2mp
Judg 21:12	וַֽ/יִּמְצְא֞וּ	c/4672	HC/Vqw3mp
Judg 21:12	מִ/יּוֹשְׁבֵ֣י	m/3427	HR/Vqrmpc
Judg 21:12	יָבֵ֣ישׁ	3003	HNp
Judg 21:12	גִּלְעָ֗ד	1568	HNp
Judg 21:12	אַרְבַּ֤ע	702	HAcfsa
Judg 21:12	מֵאוֹת֙	3967	HAcbpa
Judg 21:12	נַעֲרָ֣ה	5291	HNcfsa
Judg 21:12	בְתוּלָ֔ה	1330	HNcfsa
Judg 21:12	אֲשֶׁ֧ר	834 a	HTr
Judg 21:12	לֹֽא	3808	HTn
Judg 21:12	יָדְעָ֛ה	3045	HVqp3fs
Judg 21:12	אִ֖ישׁ	376	HNcmsa
Judg 21:12	לְ/מִשְׁכַּ֣ב	l/4904	HR/Ncmsc
Judg 21:12	זָכָ֑ר	2145	HAamsa
Judg 21:12	וַ/יָּבִ֨יאוּ	c/935	HC/Vhw3mp
Judg 21:12	אוֹתָ֤/ם	853	HTo/Sp3mp
Judg 21:12	אֶל	413	HR
Judg 21:12	הַֽ/מַּחֲנֶה֙	d/4264	HTd/Ncbsa
Judg 21:12	שִׁלֹ֔ה	7887	HNp
Judg 21:12	אֲשֶׁ֖ר	834 a	HTr
Judg 21:12	בְּ/אֶ֥רֶץ	b/776	HR/Ncbsc
Judg 21:12	כְּנָֽעַן	3667 a	HNp
Judg 21:13	וַֽ/יִּשְׁלְחוּ֙	c/7971	HC/Vqw3mp
Judg 21:13	כָּל	3605	HNcmsc
Judg 21:13	הָ֣/עֵדָ֔ה	d/5712	HTd/Ncfsa
Judg 21:13	וַֽ/יְדַבְּרוּ֙	c/1696	HC/Vpw3mp
Judg 21:13	אֶל	413	HR
Judg 21:13	בְּנֵ֣י	1121 a	HNcmpc
Judg 21:13	בִנְיָמִ֔ן	1144	HNp
Judg 21:13	אֲשֶׁ֖ר	834 a	HTr
Judg 21:13	בְּ/סֶ֣לַע	b/5553	HR/Ncmsc
Judg 21:13	רִמּ֑וֹן	7417 c	HNp
Judg 21:13	וַ/יִּקְרְא֥וּ	c/7121	HC/Vqw3mp
Judg 21:13	לָ/הֶ֖ם	l	HR/Sp3mp
Judg 21:13	שָׁלֽוֹם	7965	HNcmsa
Judg 21:14	וַ/יָּ֤שָׁב	c/7725	HC/Vqw3ms
Judg 21:14	בִּנְיָמִן֙	1144	HNp
Judg 21:14	בָּ/עֵ֣ת	b/6256	HRd/Ncbsa
Judg 21:14	הַ/הִ֔יא	d/1931	HTd/Pp3fs
Judg 21:14	וַ/יִּתְּנ֤וּ	c/5414	HC/Vqw3mp
Judg 21:14	לָ/הֶם֙	l	HR/Sp3mp
Judg 21:14	הַ/נָּשִׁ֔ים	d/802	HTd/Ncfpa
Judg 21:14	אֲשֶׁ֣ר	834 a	HTr
Judg 21:14	חִיּ֔וּ	2421	HVpp3cp
Judg 21:14	מִ/נְּשֵׁ֖י	m/802	HR/Ncfpc
Judg 21:14	יָבֵ֣שׁ	3003	HNp
Judg 21:14	גִּלְעָ֑ד	1568	HNp
Judg 21:14	וְ/לֹֽא	c/3808	HC/Tn
Judg 21:14	מָצְא֥וּ	4672	HVqp3cp
Judg 21:14	לָ/הֶ֖ם	l	HR/Sp3mp
Judg 21:14	כֵּֽן	3651 c	HTm
Judg 21:15	וְ/הָ/עָ֥ם	c/d/5971 a	HC/Td/Ncmsa
Judg 21:15	נִחָ֖ם	5162	HVNrmsa
Judg 21:15	לְ/בִנְיָמִ֑ן	l/1144	HR/Np
Judg 21:15	כִּֽי	3588 a	HC
Judg 21:15	עָשָׂ֧ה	6213 a	HVqp3ms
Judg 21:15	יְהוָ֛ה	3068	HNp
Judg 21:15	פֶּ֖רֶץ	6556	HNcmsa
Judg 21:15	בְּ/שִׁבְטֵ֥י	b/7626	HR/Ncmpc
Judg 21:15	יִשְׂרָאֵֽל	3478	HNp
Judg 21:16	וַ/יֹּֽאמְר֨וּ	c/559	HC/Vqw3mp
Judg 21:16	זִקְנֵ֣י	2205	HAampc
Judg 21:16	הָ/עֵדָ֔ה	d/5712	HTd/Ncfsa
Judg 21:16	מַה	4100	HTi
Judg 21:16	נַּעֲשֶׂ֥ה	6213 a	HVqi1cp
Judg 21:16	לַ/נּוֹתָרִ֖ים	l/3498	HRd/VNsmpa
Judg 21:16	לְ/נָשִׁ֑ים	l/802	HR/Ncfpa
Judg 21:16	כִּֽי	3588 a	HC
Judg 21:16	נִשְׁמְדָ֥ה	8045	HVNp3fs
Judg 21:16	מִ/בִּנְיָמִ֖ן	m/1144	HR/Np
Judg 21:16	אִשָּֽׁה	802	HNcfsa
Judg 21:17	וַ/יֹּ֣אמְר֔וּ	c/559	HC/Vqw3mp
Judg 21:17	יְרֻשַּׁ֥ת	3425	HNcfsc
Judg 21:17	פְּלֵיטָ֖ה	6413	HNcfsa
Judg 21:17	לְ/בִנְיָמִ֑ן	l/1144	HR/Np
Judg 21:17	וְ/לֹֽא	c/3808	HC/Tn
Judg 21:17	יִמָּחֶ֥ה	4229 a	HVNi3ms
Judg 21:17	שֵׁ֖בֶט	7626	HNcmsa
Judg 21:17	מִ/יִּשְׂרָאֵֽל	m/3478	HR/Np
Judg 21:18	וַ/אֲנַ֗חְנוּ	c/587	HC/Pp1cp
Judg 21:18	לֹ֥א	3808	HTn
Judg 21:18	נוּכַ֛ל	3201	HVqi1cp
Judg 21:18	לָ/תֵת	l/5414	HR/Vqc
Judg 21:18	לָ/הֶ֥ם	l	HR/Sp3mp
Judg 21:18	נָשִׁ֖ים	802	HNcfpa
Judg 21:18	מִ/בְּנוֹתֵ֑י/נוּ	m/1323	HR/Ncfpc/Sp1cp
Judg 21:18	כִּֽי	3588 a	HC
Judg 21:18	נִשְׁבְּע֤וּ	7650	HVNp3cp
Judg 21:18	בְנֵֽי	1121 a	HNcmpc
Judg 21:18	יִשְׂרָאֵל֙	3478	HNp
Judg 21:18	לֵ/אמֹ֔ר	l/559	HR/Vqc
Judg 21:18	אָר֕וּר	779	HVqsmsa
Judg 21:18	נֹתֵ֥ן	5414	HVqrmsa
Judg 21:18	אִשָּׁ֖ה	802	HNcfsa
Judg 21:18	לְ/בִנְיָמִֽן	l/1144	HR/Np
Judg 21:19	וַ/יֹּאמְר֡וּ	c/559	HC/Vqw3mp
Judg 21:19	הִנֵּה֩	2009	HTm
Judg 21:19	חַג	2282	HNcmsc
Judg 21:19	יְהוָ֨ה	3068	HNp
Judg 21:19	בְּ/שִׁל֜וֹ	b/7887	HR/Np
Judg 21:19	מִ/יָּמִ֣ים	m/3117	HR/Ncmpa
Judg 21:19	יָמִ֗ימָ/ה	3117	HNcmpa/Sd
Judg 21:19	אֲשֶׁ֞ר	834 a	HTr
Judg 21:19	מִ/צְּפ֤וֹנָ/ה	m/6828	HR/Ncfsa/Sd
Judg 21:19	לְ/בֵֽית	l/1008+	HR/Np
Judg 21:19	אֵל֙	1008	HNp
Judg 21:19	מִזְרְחָ֣/ה	4217	HNcmsc/Sd
Judg 21:19	הַ/שֶּׁ֔מֶשׁ	d/8121	HTd/Ncbsa
Judg 21:19	לִ/מְסִלָּ֔ה	l/4546	HR/Ncfsa
Judg 21:19	הָ/עֹלָ֥ה	d/5927	HTd/Vqrfsa
Judg 21:19	מִ/בֵּֽית	m/1008+	HR/Np
Judg 21:19	אֵ֖ל	1008	HNp
Judg 21:19	שְׁכֶ֑מָ/ה	7927	HNp/Sd
Judg 21:19	וּ/מִ/נֶּ֖גֶב	c/m/5045	HC/R/Ncmsa
Judg 21:19	לִ/לְבוֹנָֽה	l/3829	HR/Np
Judg 21:20	ו/יצו	c/6680	HC/Vpw3mp
Judg 21:20	אֶת	853	HTo
Judg 21:20	בְּנֵ֥י	1121 a	HNcmpc
Judg 21:20	בִנְיָמִ֖ן	1144	HNp
Judg 21:20	לֵ/אמֹ֑ר	l/559	HR/Vqc
Judg 21:20	לְכ֖וּ	3212	HVqv2mp
Judg 21:20	וַ/אֲרַבְתֶּ֥ם	c/693	HC/Vqp2mp
Judg 21:20	בַּ/כְּרָמִֽים	b/3754	HRd/Ncbpa
Judg 21:21	וּ/רְאִיתֶ֗ם	c/7200	HC/Vqq2mp
Judg 21:21	וְ֠/הִנֵּה	c/2009	HC/Tm
Judg 21:21	אִם	518 a	HC
Judg 21:21	יֵ֨צְא֥וּ	3318	HVqi3mp
Judg 21:21	בְנוֹת	1323	HNcfpc
Judg 21:21	שִׁילוֹ֮	7887	HNp
Judg 21:21	לָ/ח֣וּל	l/2342 a	HR/Vqc
Judg 21:21	בַּ/מְּחֹלוֹת֒	b/4246	HRd/Ncfpa
Judg 21:21	וִֽ/יצָאתֶם֙	c/3318	HC/Vqp2mp
Judg 21:21	מִן	4480 a	HR
Judg 21:21	הַ/כְּרָמִ֔ים	d/3754	HTd/Ncbpa
Judg 21:21	וַ/חֲטַפְתֶּ֥ם	c/2414	HC/Vqp2mp
Judg 21:21	לָ/כֶ֛ם	l	HR/Sp2mp
Judg 21:21	אִ֥ישׁ	376	HNcmsa
Judg 21:21	אִשְׁתּ֖/וֹ	802	HNcfsc/Sp3ms
Judg 21:21	מִ/בְּנ֣וֹת	m/1323	HR/Ncfpc
Judg 21:21	שִׁיל֑וֹ	7887	HNp
Judg 21:21	וַ/הֲלַכְתֶּ֖ם	c/1980	HC/Vqp2mp
Judg 21:21	אֶ֥רֶץ	776	HNcbsc
Judg 21:21	בִּנְיָמִֽן	1144	HNp
Judg 21:22	וְ/הָיָ֡ה	c/1961	HC/Vqp3ms
Judg 21:22	כִּֽי	3588 a	HC
Judg 21:22	יָבֹ֣אוּ	935	HVqi3mp
Judg 21:22	אֲבוֹתָ/ם֩	1	HNcmpc/Sp3mp
Judg 21:22	א֨וֹ	176 a	HC
Judg 21:22	אֲחֵי/הֶ֜ם	251	HNcmpc/Sp3mp
Judg 21:22	ל/רוב	l/7378	HR/Vqc
Judg 21:22	אֵלֵ֗י/נוּ	413	HR/Sp1cp
Judg 21:22	וְ/אָמַ֤רְנוּ	c/559	HC/Vqp1cp
Judg 21:22	אֲלֵי/הֶם֙	413	HR/Sp3mp
Judg 21:22	חָנּ֣וּ/נוּ	2603 a	HVqv2mp/Sp1cp
Judg 21:22	אוֹתָ֔/ם	853	HTo/Sp3mp
Judg 21:22	כִּ֣י	3588 a	HC
Judg 21:22	לֹ֥א	3808	HTn
Judg 21:22	לָקַ֛חְנוּ	3947	HVqp1cp
Judg 21:22	אִ֥ישׁ	376	HNcmsa
Judg 21:22	אִשְׁתּ֖/וֹ	802	HNcfsc/Sp3ms
Judg 21:22	בַּ/מִּלְחָמָ֑ה	b/4421	HRd/Ncfsa
Judg 21:22	כִּ֣י	3588 a	HC
Judg 21:22	לֹ֥א	3808	HTn
Judg 21:22	אַתֶּ֛ם	859 d	HPp2mp
Judg 21:22	נְתַתֶּ֥ם	5414	HVqp2mp
Judg 21:22	לָ/הֶ֖ם	l	HR/Sp3mp
Judg 21:22	כָּ/עֵ֥ת	k/6256	HRd/Ncbsa
Judg 21:22	תֶּאְשָֽׁמוּ	816	HVqi2mp
Judg 21:23	וַ/יַּֽעֲשׂוּ	c/6213 a	HC/Vqw3mp
Judg 21:23	כֵן֙	3651 c	HD
Judg 21:23	בְּנֵ֣י	1121 a	HNcmpc
Judg 21:23	בִנְיָמִ֔ן	1144	HNp
Judg 21:23	וַ/יִּשְׂא֤וּ	c/5375	HC/Vqw3mp
Judg 21:23	נָשִׁים֙	802	HNcfpa
Judg 21:23	לְ/מִסְפָּרָ֔/ם	l/4557	HR/Ncmsc/Sp3mp
Judg 21:23	מִן	4480 a	HR
Judg 21:23	הַ/מְּחֹלְל֖וֹת	d/2342 a	HTd/Vorfpa
Judg 21:23	אֲשֶׁ֣ר	834 a	HTr
Judg 21:23	גָּזָ֑לוּ	1497	HVqp3cp
Judg 21:23	וַ/יֵּלְכ֗וּ	c/3212	HC/Vqw3mp
Judg 21:23	וַ/יָּשׁ֨וּבוּ֙	c/7725	HC/Vqw3mp
Judg 21:23	אֶל	413	HR
Judg 21:23	נַ֣חֲלָתָ֔/ם	5159	HNcfsc/Sp3mp
Judg 21:23	וַ/יִּבְנוּ֙	c/1129	HC/Vqw3mp
Judg 21:23	אֶת	853	HTo
Judg 21:23	הֶ֣/עָרִ֔ים	d/5892 b	HTd/Ncfpa
Judg 21:23	וַ/יֵּשְׁב֖וּ	c/3427	HC/Vqw3mp
Judg 21:23	בָּ/הֶֽם	b	HR/Sp3mp
Judg 21:24	וַ/יִּתְהַלְּכ֨וּ	c/1980	HC/Vtw3mp
Judg 21:24	מִ/שָּׁ֤ם	m/8033	HR/D
Judg 21:24	בְּנֵֽי	1121 a	HNcmpc
Judg 21:24	יִשְׂרָאֵל֙	3478	HNp
Judg 21:24	בָּ/עֵ֣ת	b/6256	HRd/Ncbsa
Judg 21:24	הַ/הִ֔יא	d/1931	HTd/Sp3fs
Judg 21:24	אִ֥ישׁ	376	HNcmsa
Judg 21:24	לְ/שִׁבְט֖/וֹ	l/7626	HR/Ncmsc/Sp3ms
Judg 21:24	וּ/לְ/מִשְׁפַּחְתּ֑/וֹ	c/l/4940	HC/R/Ncfsc/Sp3ms
Judg 21:24	וַ/יֵּצְא֣וּ	c/3318	HC/Vqw3mp
Judg 21:24	מִ/שָּׁ֔ם	m/8033	HR/D
Judg 21:24	אִ֖ישׁ	376	HNcmsa
Judg 21:24	לְ/נַחֲלָתֽ/וֹ	l/5159	HR/Ncfsc/Sp3ms
Judg 21:25	בַּ/יָּמִ֣ים	b/3117	HRd/Ncmpa
Judg 21:25	הָ/הֵ֔ם	d/1992	HTd/Pp3mp
Judg 21:25	אֵ֥ין	369	HTn
Judg 21:25	מֶ֖לֶךְ	4428	HNcmsa
Judg 21:25	בְּ/יִשְׂרָאֵ֑ל	b/3478	HR/Np
Judg 21:25	אִ֛ישׁ	376	HNcmsa
Judg 21:25	הַ/יָּשָׁ֥ר	d/3477	HTd/Aamsa
Judg 21:25	בְּ/עֵינָ֖י/ו	b/5869 a	HR/Ncbdc/Sp3ms
Judg 21:25	יַעֲשֶֽׂה	6213 a	HVqi3ms
