ref	word	lemma	morph
Zech 1:1	בַּ/חֹ֨דֶשׁ֙	b/2320	HRd/Ncmsa
Zech 1:1	הַ/שְּׁמִינִ֔י	d/8066	HTd/Aomsa
Zech 1:1	בִּ/שְׁנַ֥ת	b/8141	HR/Ncfsc
Zech 1:1	שְׁתַּ֖יִם	8147	HAcfda
Zech 1:1	לְ/דָרְיָ֑וֶשׁ	l/1867	HR/Np
Zech 1:1	הָיָ֣ה	1961	HVqp3ms
Zech 1:1	דְבַר	1697	HNcmsc
Zech 1:1	יְהוָ֗ה	3068	HNp
Zech 1:1	אֶל	413	HR
Zech 1:1	זְכַרְיָה֙	2148 a	HNp
Zech 1:1	בֶּן	1121 a	HNcmsc
Zech 1:1	בֶּ֣רֶכְיָ֔ה	1296	HNp
Zech 1:1	בֶּן	1121 a	HNcmsc
Zech 1:1	עִדּ֥וֹ	5714	HNp
Zech 1:1	הַ/נָּבִ֖יא	d/5030	HTd/Ncmsa
Zech 1:1	לֵ/אמֹֽר	l/559	HR/Vqc
Zech 1:2	קָצַ֧ף	7107	HVqp3ms
Zech 1:2	יְהוָ֛ה	3068	HNp
Zech 1:2	עַל	5921 a	HR
Zech 1:2	אֲבֽוֹתֵי/כֶ֖ם	1	HNcmpc/Sp2mp
Zech 1:2	קָֽצֶף	7110 a	HNcmsa
Zech 1:3	וְ/אָמַרְתָּ֣	c/559	HC/Vqq2ms
Zech 1:3	אֲלֵ/הֶ֗ם	413	HR/Sp3mp
Zech 1:3	כֹּ֤ה	3541	HD
Zech 1:3	אָמַר֙	559	HVqp3ms
Zech 1:3	יְהוָ֣ה	3068	HNp
Zech 1:3	צְבָא֔וֹת	6635 b	HNcbpa
Zech 1:3	שׁ֣וּבוּ	7725	HVqv2mp
Zech 1:3	אֵלַ֔/י	413	HR/Sp1cs
Zech 1:3	נְאֻ֖ם	5002	HNcmsc
Zech 1:3	יְהוָ֣ה	3068	HNp
Zech 1:3	צְבָא֑וֹת	6635 b	HNcbpa
Zech 1:3	וְ/אָשׁ֣וּב	c/7725	HC/Vqi1cs
Zech 1:3	אֲלֵי/כֶ֔ם	413	HR/Sp2mp
Zech 1:3	אָמַ֖ר	559	HVqp3ms
Zech 1:3	יְהוָ֥ה	3068	HNp
Zech 1:3	צְבָאֽוֹת	6635 b	HNcbpa
Zech 1:4	אַל	408	HTn
Zech 1:4	תִּהְי֣וּ	1961	HVqj2mp
Zech 1:4	כַ/אֲבֹֽתֵי/כֶ֡ם	k/1	HR/Ncmpc/Sp2mp
Zech 1:4	אֲשֶׁ֣ר	834 a	HTr
Zech 1:4	קָרְאֽוּ	7121	HVqp3cp
Zech 1:4	אֲלֵי/הֶם֩	413	HR/Sp3mp
Zech 1:4	הַ/נְּבִיאִ֨ים	d/5030	HTd/Ncmpa
Zech 1:4	הָ/רִֽאשֹׁנִ֜ים	d/7223	HTd/Aampa
Zech 1:4	לֵ/אמֹ֗ר	l/559	HR/Vqc
Zech 1:4	כֹּ֤ה	3541	HD
Zech 1:4	אָמַר֙	559	HVqp3ms
Zech 1:4	יְהוָ֣ה	3068	HNp
Zech 1:4	צְבָא֔וֹת	6635 b	HNcbpa
Zech 1:4	שׁ֤וּבוּ	7725	HVqv2mp
Zech 1:4	נָא֙	4994	HTe
Zech 1:4	מִ/דַּרְכֵי/כֶ֣ם	m/1870	HR/Ncbpc/Sp2mp
Zech 1:4	הָ/רָעִ֔ים	d/7451 a	HTd/Aampa
Zech 1:4	ו/מעלילי/כם	c/4611	HC/Ncmpc/Sp2mp
Zech 1:4	הָֽ/רָעִ֑ים	d/7451 a	HTd/Aampa
Zech 1:4	וְ/לֹ֥א	c/3808	HC/Tn
Zech 1:4	שָׁמְע֛וּ	8085	HVqp3cp
Zech 1:4	וְ/לֹֽא	c/3808	HC/Tn
Zech 1:4	הִקְשִׁ֥יבוּ	7181	HVhp3cp
Zech 1:4	אֵלַ֖/י	413	HR/Sp1cs
Zech 1:4	נְאֻם	5002	HNcmsc
Zech 1:4	יְהוָֽה	3068	HNp
Zech 1:5	אֲבֽוֹתֵי/כֶ֖ם	1	HNcmpc/Sp2mp
Zech 1:5	אַיֵּה	346	HTi
Zech 1:5	הֵ֑ם	1992	HPp3mp
Zech 1:5	וְ/הַ֨/נְּבִאִ֔ים	c/d/5030	HC/Td/Ncmpa
Zech 1:5	הַ/לְ/עוֹלָ֖ם	d/l/5769	HTi/R/Ncmsa
Zech 1:5	יִֽחְיֽוּ	2421	HVqi3mp
Zech 1:6	אַ֣ךְ	389	HTa
Zech 1:6	דְּבָרַ֣/י	1697	HNcmpc/Sp1cs
Zech 1:6	וְ/חֻקַּ֗/י	c/2706	HC/Ncmpc/Sp1cs
Zech 1:6	אֲשֶׁ֤ר	834 a	HTr
Zech 1:6	צִוִּ֨יתִי֙	6680	HVpp1cs
Zech 1:6	אֶת	853	HTo
Zech 1:6	עֲבָדַ֣/י	5650	HNcmpc/Sp1cs
Zech 1:6	הַ/נְּבִיאִ֔ים	d/5030	HTd/Ncmpa
Zech 1:6	הֲ/ל֥וֹא	i/3808	HTi/Tn
Zech 1:6	הִשִּׂ֖יגוּ	5381	HVhp3cp
Zech 1:6	אֲבֹתֵי/כֶ֑ם	1	HNcmpc/Sp2mp
Zech 1:6	וַ/יָּשׁ֣וּבוּ	c/7725	HC/Vqw3mp
Zech 1:6	וַ/יֹּאמְר֗וּ	c/559	HC/Vqw3mp
Zech 1:6	כַּ/אֲשֶׁ֨ר	k/834 d	HR/Tr
Zech 1:6	זָמַ֜ם	2161	HVqp3ms
Zech 1:6	יְהוָ֤ה	3068	HNp
Zech 1:6	צְבָאוֹת֙	6635 b	HNcbpa
Zech 1:6	לַ/עֲשׂ֣וֹת	l/6213 a	HR/Vqc
Zech 1:6	לָ֔/נוּ	l	HR/Sp1cp
Zech 1:6	כִּ/דְרָכֵ֨י/נוּ֙	k/1870	HR/Ncbpc/Sp1cp
Zech 1:6	וּ/כְ/מַ֣עֲלָלֵ֔י/נוּ	c/k/4611	HC/R/Ncmpc/Sp1cp
Zech 1:6	כֵּ֖ן	3651 c	HTm
Zech 1:6	עָשָׂ֥ה	6213 a	HVqp3ms
Zech 1:6	אִתָּֽ/נוּ	854	HR/Sp1cp
Zech 1:7	בְּ/יוֹם֩	b/3117	HR/Ncmsc
Zech 1:7	עֶשְׂרִ֨ים	6242	HAcbpa
Zech 1:7	וְ/אַרְבָּעָ֜ה	c/702	HC/Acmsa
Zech 1:7	לְ/עַשְׁתֵּֽי	l/6249	HR/Aobpc
Zech 1:7	עָשָׂ֥ר	6240	HAcmsa
Zech 1:7	חֹ֨דֶשׁ֙	2320	HNcmsa
Zech 1:7	הוּא	1931	HPp3ms
Zech 1:7	חֹ֣דֶשׁ	2320	HNcmsc
Zech 1:7	שְׁבָ֔ט	7627	HNp
Zech 1:7	בִּ/שְׁנַ֥ת	b/8141	HR/Ncfsc
Zech 1:7	שְׁתַּ֖יִם	8147	HAcfda
Zech 1:7	לְ/דָרְיָ֑וֶשׁ	l/1867	HR/Np
Zech 1:7	הָיָ֣ה	1961	HVqp3ms
Zech 1:7	דְבַר	1697	HNcmsc
Zech 1:7	יְהוָ֗ה	3068	HNp
Zech 1:7	אֶל	413	HR
Zech 1:7	זְכַרְיָה֙	2148 a	HNp
Zech 1:7	בֶּן	1121 a	HNcmsc
Zech 1:7	בֶּ֣רֶכְיָ֔הוּ	1296	HNp
Zech 1:7	בֶּן	1121 a	HNcmsc
Zech 1:7	עִדּ֥וֹא	5714	HNp
Zech 1:7	הַ/נָּבִ֖יא	d/5030	HTd/Ncmsa
Zech 1:7	לֵ/אמֹֽר	l/559	HR/Vqc
Zech 1:8	רָאִ֣יתִי	7200	HVqp1cs
Zech 1:8	הַ/לַּ֗יְלָה	d/3915	HTd/Ncmsa
Zech 1:8	וְ/הִנֵּה	c/2009	HC/Tm
Zech 1:8	אִישׁ֙	376	HNcmsa
Zech 1:8	רֹכֵב֙	7392	HVqrmsa
Zech 1:8	עַל	5921 a	HR
Zech 1:8	ס֣וּס	5483 b	HNcmsa
Zech 1:8	אָדֹ֔ם	122 a	HAamsa
Zech 1:8	וְ/ה֣וּא	c/1931	HC/Pp3ms
Zech 1:8	עֹמֵ֔ד	5975	HVqrmsa
Zech 1:8	בֵּ֥ין	996	HR
Zech 1:8	הַ/הֲדַסִּ֖ים	d/1918	HTd/Ncmpa
Zech 1:8	אֲשֶׁ֣ר	834 a	HTr
Zech 1:8	בַּ/מְּצֻלָ֑ה	b/4699	HRd/Ncfsa
Zech 1:8	וְ/אַחֲרָי/ו֙	c/310 a	HC/R/Sp3ms
Zech 1:8	סוּסִ֣ים	5483 b	HNcmpa
Zech 1:8	אֲדֻמִּ֔ים	122 a	HAampa
Zech 1:8	שְׂרֻקִּ֖ים	8320	HAampa
Zech 1:8	וּ/לְבָנִֽים	c/3836	HC/Aampa
Zech 1:9	וָ/אֹמַ֖ר	c/559	HC/Vqw1cs
Zech 1:9	מָה	4100	HTi
Zech 1:9	אֵ֣לֶּה	428	HPdxcp
Zech 1:9	אֲדֹנִ֑/י	113	HNcmsc/Sp1cs
Zech 1:9	וַ/יֹּ֣אמֶר	c/559	HC/Vqw3ms
Zech 1:9	אֵלַ֗/י	413	HR/Sp1cs
Zech 1:9	הַ/מַּלְאָךְ֙	d/4397	HTd/Ncmsa
Zech 1:9	הַ/דֹּבֵ֣ר	d/1696	HTd/Vqrmsa
Zech 1:9	בִּ֔/י	b	HR/Sp1cs
Zech 1:9	אֲנִ֥י	589	HPp1cs
Zech 1:9	אַרְאֶ֖/ךָּ	7200	HVhi1cs/Sp2ms
Zech 1:9	מָה	4100	HTi
Zech 1:9	הֵ֥מָּה	1992	HPp3mp
Zech 1:9	אֵֽלֶּה	428	HPdxcp
Zech 1:10	וַ/יַּ֗עַן	c/6030 b	HC/Vqw3ms
Zech 1:10	הָ/אִ֛ישׁ	d/376	HTd/Ncmsa
Zech 1:10	הָ/עֹמֵ֥ד	d/5975	HTd/Vqrmsa
Zech 1:10	בֵּין	996	HR
Zech 1:10	הַ/הַדַסִּ֖ים	d/1918	HTd/Ncmpa
Zech 1:10	וַ/יֹּאמַ֑ר	c/559	HC/Vqw3ms
Zech 1:10	אֵ֚לֶּה	428	HPdxcp
Zech 1:10	אֲשֶׁ֣ר	834 a	HTr
Zech 1:10	שָׁלַ֣ח	7971	HVqp3ms
Zech 1:10	יְהוָ֔ה	3068	HNp
Zech 1:10	לְ/הִתְהַלֵּ֖ךְ	l/1980	HR/Vtc
Zech 1:10	בָּ/אָֽרֶץ	b/776	HRd/Ncbsa
Zech 1:11	וַֽ/יַּעֲנ֞וּ	c/6030 b	HC/Vqw3mp
Zech 1:11	אֶת	853	HTo
Zech 1:11	מַלְאַ֣ךְ	4397	HNcmsc
Zech 1:11	יְהוָ֗ה	3068	HNp
Zech 1:11	הָֽ/עֹמֵד֙	d/5975	HTd/Vqrmsa
Zech 1:11	בֵּ֣ין	996	HR
Zech 1:11	הַ/הֲדַסִּ֔ים	d/1918	HTd/Ncmpa
Zech 1:11	וַ/יֹּאמְר֖וּ	c/559	HC/Vqw3mp
Zech 1:11	הִתְהַלַּ֣כְנוּ	1980	HVtp1cp
Zech 1:11	בָ/אָ֑רֶץ	b/776	HRd/Ncbsa
Zech 1:11	וְ/הִנֵּ֥ה	c/2009	HC/Tm
Zech 1:11	כָל	3605	HNcmsc
Zech 1:11	הָ/אָ֖רֶץ	d/776	HTd/Ncbsa
Zech 1:11	יֹשֶׁ֥בֶת	3427	HVqrfsa
Zech 1:11	וְ/שֹׁקָֽטֶת	c/8252	HC/Vqrfsa
Zech 1:12	וַ/יַּ֣עַן	c/6030 b	HC/Vqw3ms
Zech 1:12	מַלְאַךְ	4397	HNcmsc
Zech 1:12	יְהוָה֮	3068	HNp
Zech 1:12	וַ/יֹּאמַר֒	c/559	HC/Vqw3ms
Zech 1:12	יְהוָ֣ה	3068	HNp
Zech 1:12	צְבָא֔וֹת	6635 b	HNcbpa
Zech 1:12	עַד	5704	HR
Zech 1:12	מָתַ֗י	4970	HTi
Zech 1:12	אַתָּה֙	859 a	HPp2ms
Zech 1:12	לֹֽא	3808	HTn
Zech 1:12	תְרַחֵ֣ם	7355	HVpi2ms
Zech 1:12	אֶת	853	HTo
Zech 1:12	יְרוּשָׁלִַ֔ם	3389	HNp
Zech 1:12	וְ/אֵ֖ת	c/853	HC/To
Zech 1:12	עָרֵ֣י	5892 b	HNcfpc
Zech 1:12	יְהוּדָ֑ה	3063	HNp
Zech 1:12	אֲשֶׁ֣ר	834 a	HTr
Zech 1:12	זָעַ֔מְתָּה	2194	HVqp2ms
Zech 1:12	זֶ֖ה	2088	HPdxms
Zech 1:12	שִׁבְעִ֥ים	7657	HAcbpa
Zech 1:12	שָׁנָֽה	8141	HNcfsa
Zech 1:13	וַ/יַּ֣עַן	c/6030 b	HC/Vqw3ms
Zech 1:13	יְהוָ֗ה	3068	HNp
Zech 1:13	אֶת	853	HTo
Zech 1:13	הַ/מַּלְאָ֛ךְ	d/4397	HTd/Ncmsa
Zech 1:13	הַ/דֹּבֵ֥ר	d/1696	HTd/Vqrmsa
Zech 1:13	בִּ֖/י	b	HR/Sp1cs
Zech 1:13	דְּבָרִ֣ים	1697	HNcmpa
Zech 1:13	טוֹבִ֑ים	2896 a	HAampa
Zech 1:13	דְּבָרִ֖ים	1697	HNcmpa
Zech 1:13	נִחֻמִֽים	5150	HNcmpa
Zech 1:14	וַ/יֹּ֣אמֶר	c/559	HC/Vqw3ms
Zech 1:14	אֵלַ֗/י	413	HR/Sp1cs
Zech 1:14	הַ/מַּלְאָךְ֙	d/4397	HTd/Ncmsa
Zech 1:14	הַ/דֹּבֵ֣ר	d/1696	HTd/Vqrmsa
Zech 1:14	בִּ֔/י	b	HR/Sp1cs
Zech 1:14	קְרָ֣א	7121	HVqv2ms
Zech 1:14	לֵ/אמֹ֔ר	l/559	HR/Vqc
Zech 1:14	כֹּ֥ה	3541	HD
Zech 1:14	אָמַ֖ר	559	HVqp3ms
Zech 1:14	יְהוָ֣ה	3068	HNp
Zech 1:14	צְבָא֑וֹת	6635 b	HNcbpa
Zech 1:14	קִנֵּ֧אתִי	7065	HVpp1cs
Zech 1:14	לִ/ירוּשָׁלִַ֛ם	l/3389	HR/Np
Zech 1:14	וּ/לְ/צִיּ֖וֹן	c/l/6726	HC/R/Np
Zech 1:14	קִנְאָ֥ה	7068	HNcfsa
Zech 1:14	גְדוֹלָֽה	1419 a	HAafsa
Zech 1:15	וְ/קֶ֤צֶף	c/7110 a	HC/Ncmsa
Zech 1:15	גָּדוֹל֙	1419 a	HAamsa
Zech 1:15	אֲנִ֣י	589	HPp1cs
Zech 1:15	קֹצֵ֔ף	7107	HVqrmsa
Zech 1:15	עַל	5921 a	HR
Zech 1:15	הַ/גּוֹיִ֖ם	d/1471 a	HTd/Ncmpa
Zech 1:15	הַ/שַּֽׁאֲנַנִּ֑ים	d/7600	HTd/Aampa
Zech 1:15	אֲשֶׁ֤ר	834 a	HTr
Zech 1:15	אֲנִי֙	589	HPp1cs
Zech 1:15	קָצַ֣פְתִּי	7107	HVqp1cs
Zech 1:15	מְּעָ֔ט	4592	HD
Zech 1:15	וְ/הֵ֖מָּה	c/1992	HC/Pp3mp
Zech 1:15	עָזְר֥וּ	5826	HVqp3cp
Zech 1:15	לְ/רָעָֽה	l/7451 c	HR/Ncfsa
Zech 1:16	לָ/כֵ֞ן	l/3651 c	HR/D
Zech 1:16	כֹּֽה	3541	HD
Zech 1:16	אָמַ֣ר	559	HVqp3ms
Zech 1:16	יְהוָ֗ה	3068	HNp
Zech 1:16	שַׁ֤בְתִּי	7725	HVqp1cs
Zech 1:16	לִ/ירוּשָׁלִַ֨ם֙	l/3389	HR/Np
Zech 1:16	בְּֽ/רַחֲמִ֔ים	b/7356 b	HR/Ncmpa
Zech 1:16	בֵּיתִ/י֙	1004 b	HNcmsc/Sp1cs
Zech 1:16	יִבָּ֣נֶה	1129	HVNi3ms
Zech 1:16	בָּ֔/הּ	b	HR/Sp3fs
Zech 1:16	נְאֻ֖ם	5002	HNcmsc
Zech 1:16	יְהוָ֣ה	3068	HNp
Zech 1:16	צְבָא֑וֹת	6635 b	HNcbpa
Zech 1:16	ו/קוה	c/6961	HC/Ncmsa
Zech 1:16	יִנָּטֶ֖ה	5186	HVNi3ms
Zech 1:16	עַל	5921 a	HR
Zech 1:16	יְרוּשָׁלִָֽם	3389	HNp
Zech 1:17	ע֣וֹד	5750	HD
Zech 1:17	קְרָ֣א	7121	HVqv2ms
Zech 1:17	לֵ/אמֹ֗ר	l/559	HR/Vqc
Zech 1:17	כֹּ֤ה	3541	HD
Zech 1:17	אָמַר֙	559	HVqp3ms
Zech 1:17	יְהוָ֣ה	3068	HNp
Zech 1:17	צְבָא֔וֹת	6635 b	HNcbpa
Zech 1:17	ע֛וֹד	5750	HD
Zech 1:17	תְּפוּצֶ֥ינָה	6327 c	HVqi3fp
Zech 1:17	עָרַ֖/י	5892 b	HNcfpc/Sp1cs
Zech 1:17	מִ/טּ֑וֹב	m/2896 b	HR/Aamsa
Zech 1:17	וְ/נִחַ֨ם	c/5162	HC/Vpq3ms
Zech 1:17	יְהוָ֥ה	3068	HNp
Zech 1:17	עוֹד֙	5750	HD
Zech 1:17	אֶת	853	HTo
Zech 1:17	צִיּ֔וֹן	6726	HNp
Zech 1:17	וּ/בָחַ֥ר	c/977	HC/Vqq3ms
Zech 1:17	ע֖וֹד	5750	HD
Zech 1:17	בִּ/ירוּשָׁלִָֽם	b/3389	HR/Np
Zech 2:1	וָ/אֶשָּׂ֥א	c/5375	HC/Vqw1cs
Zech 2:1	אֶת	853	HTo
Zech 2:1	עֵינַ֖/י	5869 a	HNcbdc/Sp1cs
Zech 2:1	וָ/אֵ֑רֶא	c/7200	HC/Vqw1cs
Zech 2:1	וְ/הִנֵּ֖ה	c/2009	HC/Tm
Zech 2:1	אַרְבַּ֥ע	702	HAcfsa
Zech 2:1	קְרָנֽוֹת	7161 a	HNcbpa
Zech 2:2	וָ/אֹמַ֗ר	c/559	HC/Vqw1cs
Zech 2:2	אֶל	413	HR
Zech 2:2	הַ/מַּלְאָ֛ךְ	d/4397	HTd/Ncmsa
Zech 2:2	הַ/דֹּבֵ֥ר	d/1696	HTd/Vqrmsa
Zech 2:2	בִּ֖/י	b	HR/Sp1cs
Zech 2:2	מָה	4100	HTi
Zech 2:2	אֵ֑לֶּה	428	HPdxcp
Zech 2:2	וַ/יֹּ֣אמֶר	c/559	HC/Vqw3ms
Zech 2:2	אֵלַ֔/י	413	HR/Sp1cs
Zech 2:2	אֵ֤לֶּה	428	HPdxcp
Zech 2:2	הַ/קְּרָנוֹת֙	d/7161 a	HTd/Ncbpa
Zech 2:2	אֲשֶׁ֣ר	834 a	HTr
Zech 2:2	זֵר֣וּ	2219	HVpp3cp
Zech 2:2	אֶת	853	HTo
Zech 2:2	יְהוּדָ֔ה	3063	HNp
Zech 2:2	אֶת	853	HTo
Zech 2:2	יִשְׂרָאֵ֖ל	3478	HNp
Zech 2:2	וִ/ירוּשָׁלָֽם	c/3389	HC/Np
Zech 2:3	וַ/יַּרְאֵ֣/נִי	c/7200	HC/Vhw3ms/Sp1cs
Zech 2:3	יְהוָ֔ה	3068	HNp
Zech 2:3	אַרְבָּעָ֖ה	702	HAcmsa
Zech 2:3	חָרָשִֽׁים	2796	HNcmpa
Zech 2:4	וָ/אֹמַ֕ר	c/559	HC/Vqw1cs
Zech 2:4	מָ֛ה	4100	HTi
Zech 2:4	אֵ֥לֶּה	428	HPdxcp
Zech 2:4	בָאִ֖ים	935	HVqrmpa
Zech 2:4	לַֽ/עֲשׂ֑וֹת	l/6213 a	HR/Vqc
Zech 2:4	וַ/יֹּ֣אמֶר	c/559	HC/Vqw3ms
Zech 2:4	לֵ/אמֹ֗ר	l/559	HR/Vqc
Zech 2:4	אֵ֣לֶּה	428	HPdxcp
Zech 2:4	הַ/קְּרָנ֞וֹת	d/7161 a	HTd/Ncbpa
Zech 2:4	אֲשֶׁר	834 a	HTr
Zech 2:4	זֵ֣רוּ	2219	HVpp3cp
Zech 2:4	אֶת	853	HTo
Zech 2:4	יְהוּדָ֗ה	3063	HNp
Zech 2:4	כְּ/פִי	k/6310	HR/Ncmsc
Zech 2:4	אִישׁ֙	376	HNcmsa
Zech 2:4	לֹא	3808	HTn
Zech 2:4	נָשָׂ֣א	5375	HVqp3ms
Zech 2:4	רֹאשׁ֔/וֹ	7218 a	HNcmsc/Sp3ms
Zech 2:4	וַ/יָּבֹ֤אוּ	c/935	HC/Vqw3mp
Zech 2:4	אֵ֨לֶּה֙	428	HPdxcp
Zech 2:4	לְ/הַחֲרִ֣יד	l/2729	HR/Vhc
Zech 2:4	אֹתָ֔/ם	853	HTo/Sp3mp
Zech 2:4	לְ/יַדּ֞וֹת	l/3034	HR/Vpc
Zech 2:4	אֶת	853	HTo
Zech 2:4	קַרְנ֣וֹת	7161 a	HNcbpc
Zech 2:4	הַ/גּוֹיִ֗ם	d/1471 a	HTd/Ncmpa
Zech 2:4	הַ/נֹּשְׂאִ֥ים	d/5375	HTd/Vqrmpa
Zech 2:4	קֶ֛רֶן	7161 a	HNcbsa
Zech 2:4	אֶל	413	HR
Zech 2:4	אֶ֥רֶץ	776	HNcbsc
Zech 2:4	יְהוּדָ֖ה	3063	HNp
Zech 2:4	לְ/זָרוֹתָֽ/הּ	l/2219	HR/Vpc/Sp3fs
Zech 2:5	וָ/אֶשָּׂ֥א	c/5375	HC/Vqw1cs
Zech 2:5	עֵינַ֛/י	5869 a	HNcbdc/Sp1cs
Zech 2:5	וָ/אֵ֖רֶא	c/7200	HC/Vqw1cs
Zech 2:5	וְ/הִנֵּה	c/2009	HC/Tm
Zech 2:5	אִ֑ישׁ	376	HNcmsa
Zech 2:5	וּ/בְ/יָד֖/וֹ	c/b/3027	HC/R/Ncbsc/Sp3ms
Zech 2:5	חֶ֥בֶל	2256 a	HNcbsc
Zech 2:5	מִדָּֽה	4060 a	HNcfsa
Zech 2:6	וָ/אֹמַ֕ר	c/559	HC/Vqw1cs
Zech 2:6	אָ֖נָה	575	HD
Zech 2:6	אַתָּ֣ה	859 a	HPp2ms
Zech 2:6	הֹלֵ֑ךְ	1980	HVqrmsa
Zech 2:6	וַ/יֹּ֣אמֶר	c/559	HC/Vqw3ms
Zech 2:6	אֵלַ֗/י	413	HR/Sp1cs
Zech 2:6	לָ/מֹד֙	l/4058	HR/Vqc
Zech 2:6	אֶת	853	HTo
Zech 2:6	יְר֣וּשָׁלִַ֔ם	3389	HNp
Zech 2:6	לִ/רְא֥וֹת	l/7200	HR/Vqc
Zech 2:6	כַּ/מָּֽה	k/4100	HR/Ti
Zech 2:6	רָחְבָּ֖/הּ	7341	HNcmsc/Sp3fs
Zech 2:6	וְ/כַ/מָּ֥ה	c/k/4100	HC/R/Ti
Zech 2:6	אָרְכָּֽ/הּ	753	HNcmsc/Sp3fs
Zech 2:7	וְ/הִנֵּ֗ה	c/2009	HC/Tm
Zech 2:7	הַ/מַּלְאָ֛ךְ	d/4397	HTd/Ncmsa
Zech 2:7	הַ/דֹּבֵ֥ר	d/1696	HTd/Vqrmsa
Zech 2:7	בִּ֖/י	b	HR/Sp1cs
Zech 2:7	יֹצֵ֑א	3318	HVqrmsa
Zech 2:7	וּ/מַלְאָ֣ךְ	c/4397	HC/Ncmsa
Zech 2:7	אַחֵ֔ר	312	HAamsa
Zech 2:7	יֹצֵ֖א	3318	HVqrmsa
Zech 2:7	לִ/קְרָאתֽ/וֹ	l/7125	HR/Vqc/Sp3ms
Zech 2:8	וַ/יֹּ֣אמֶר	c/559	HC/Vqw3ms
Zech 2:8	אֵלָ֔/ו	413	HR/Sp3ms
Zech 2:8	רֻ֗ץ	7323	HVqv2ms
Zech 2:8	דַּבֵּ֛ר	1696	HVpv2ms
Zech 2:8	אֶל	413	HR
Zech 2:8	הַ/נַּ֥עַר	d/5288	HTd/Ncmsa
Zech 2:8	הַלָּ֖ז	1975	HPdxms
Zech 2:8	לֵ/אמֹ֑ר	l/559	HR/Vqc
Zech 2:8	פְּרָזוֹת֙	6519	HNcfpa
Zech 2:8	תֵּשֵׁ֣ב	3427	HVqi3fs
Zech 2:8	יְרוּשָׁלִַ֔ם	3389	HNp
Zech 2:8	מֵ/רֹ֥ב	m/7230	HR/Ncbsc
Zech 2:8	אָדָ֛ם	120	HNcmsa
Zech 2:8	וּ/בְהֵמָ֖ה	c/929	HC/Ncfsa
Zech 2:8	בְּ/תוֹכָֽ/הּ	b/8432	HR/Ncmsc/Sp3fs
Zech 2:9	וַ/אֲנִ֤י	c/589	HC/Pp1cs
Zech 2:9	אֶֽהְיֶה	1961	HVqi1cs
Zech 2:9	לָּ/הּ֙	l	HR/Sp3fs
Zech 2:9	נְאֻם	5002	HNcmsc
Zech 2:9	יְהוָ֔ה	3068	HNp
Zech 2:9	ח֥וֹמַת	2346	HNcfsc
Zech 2:9	אֵ֖שׁ	784	HNcbsa
Zech 2:9	סָבִ֑יב	5439	HNcbsa
Zech 2:9	וּ/לְ/כָב֖וֹד	c/l/3519	HC/R/Ncbsa
Zech 2:9	אֶֽהְיֶ֥ה	1961	HVqi1cs
Zech 2:9	בְ/תוֹכָֽ/הּ	b/8432	HR/Ncmsc/Sp3fs
Zech 2:10	ה֣וֹי	1945	HTj
Zech 2:10	ה֗וֹי	1945	HTj
Zech 2:10	וְ/נֻ֛סוּ	c/5127	HC/Vqv2mp
Zech 2:10	מֵ/אֶ֥רֶץ	m/776	HR/Ncbsc
Zech 2:10	צָפ֖וֹן	6828	HNcfsa
Zech 2:10	נְאֻם	5002	HNcmsc
Zech 2:10	יְהוָ֑ה	3068	HNp
Zech 2:10	כִּ֠י	3588 a	HC
Zech 2:10	כְּ/אַרְבַּ֞ע	k/702	HR/Acfsa
Zech 2:10	רוּח֧וֹת	7307	HNcbpc
Zech 2:10	הַ/שָּׁמַ֛יִם	d/8064	HTd/Ncmpa
Zech 2:10	פֵּרַ֥שְׂתִּי	6566	HVpp1cs
Zech 2:10	אֶתְ/כֶ֖ם	853	HTo/Sp2mp
Zech 2:10	נְאֻם	5002	HNcmsc
Zech 2:10	יְהוָֽה	3068	HNp
Zech 2:11	ה֥וֹי	1945	HTj
Zech 2:11	צִיּ֖וֹן	6726	HNp
Zech 2:11	הִמָּלְטִ֑י	4422	HVNv2fs
Zech 2:11	יוֹשֶׁ֖בֶת	3427	HVqrfsa
Zech 2:11	בַּת	1323	HNcfsc
Zech 2:11	בָּבֶֽל	894	HNp
Zech 2:12	כִּ֣י	3588 a	HC
Zech 2:12	כֹ֣ה	3541	HD
Zech 2:12	אָמַר֮	559	HVqp3ms
Zech 2:12	יְהוָ֣ה	3068	HNp
Zech 2:12	צְבָאוֹת֒	6635 b	HNcbpa
Zech 2:12	אַחַ֣ר	310 a	HR
Zech 2:12	כָּב֔וֹד	3519	HNcbsa
Zech 2:12	שְׁלָחַ֕/נִי	7971	HVqp3ms/Sp1cs
Zech 2:12	אֶל	413	HR
Zech 2:12	הַ/גּוֹיִ֖ם	d/1471 a	HTd/Ncmpa
Zech 2:12	הַ/שֹּׁלְלִ֣ים	d/7997 b	HTd/Vqrmpa
Zech 2:12	אֶתְ/כֶ֑ם	853	HTo/Sp2mp
Zech 2:12	כִּ֚י	3588 a	HC
Zech 2:12	הַ/נֹּגֵ֣עַ	d/5060	HTd/Vqrmsa
Zech 2:12	בָּ/כֶ֔ם	b	HR/Sp2mp
Zech 2:12	נֹגֵ֖עַ	5060	HVqrmsa
Zech 2:12	בְּ/בָבַ֥ת	b/892	HR/Ncfsc
Zech 2:12	עֵינֽ/וֹ	5869 a	HNcbsc/Sp3ms
Zech 2:13	כִּ֠י	3588 a	HC
Zech 2:13	הִנְ/נִ֨י	2005	HTm/Sp1cs
Zech 2:13	מֵנִ֤יף	5130 b	HVhrmsa
Zech 2:13	אֶת	853	HTo
Zech 2:13	יָדִ/י֙	3027	HNcbsc/Sp1cs
Zech 2:13	עֲלֵי/הֶ֔ם	5921 a	HR/Sp3mp
Zech 2:13	וְ/הָי֥וּ	c/1961	HC/Vqq3cp
Zech 2:13	שָׁלָ֖ל	7998	HNcmsa
Zech 2:13	לְ/עַבְדֵי/הֶ֑ם	l/5650	HR/Ncmpc/Sp3mp
Zech 2:13	וִֽ/ידַעְתֶּ֕ם	c/3045	HC/Vqq2mp
Zech 2:13	כִּֽי	3588 a	HC
Zech 2:13	יְהוָ֥ה	3068	HNp
Zech 2:13	צְבָא֖וֹת	6635 b	HNcbpa
Zech 2:13	שְׁלָחָֽ/נִי	7971	HVqp3ms/Sp1cs
Zech 2:14	רָנִּ֥י	7442 b	HVqv2fs
Zech 2:14	וְ/שִׂמְחִ֖י	c/8055	HC/Vqv2fs
Zech 2:14	בַּת	1323	HNcfsc
Zech 2:14	צִיּ֑וֹן	6726	HNp
Zech 2:14	כִּ֧י	3588 a	HC
Zech 2:14	הִנְ/נִי	2005	HTm/Sp1cs
Zech 2:14	בָ֛א	935	HVqrmsa
Zech 2:14	וְ/שָׁכַנְתִּ֥י	c/7931	HC/Vqq1cs
Zech 2:14	בְ/תוֹכֵ֖/ךְ	b/8432	HR/Ncmsc/Sp2fs
Zech 2:14	נְאֻם	5002	HNcmsc
Zech 2:14	יְהוָֽה	3068	HNp
Zech 2:15	וְ/נִלְווּ֩	c/3867 a	HC/VNq3cp
Zech 2:15	גוֹיִ֨ם	1471 a	HNcmpa
Zech 2:15	רַבִּ֤ים	7227 a	HAampa
Zech 2:15	אֶל	413	HR
Zech 2:15	יְהוָה֙	3068	HNp
Zech 2:15	בַּ/יּ֣וֹם	b/3117	HRd/Ncmsa
Zech 2:15	הַ/ה֔וּא	d/1931	HTd/Pp3ms
Zech 2:15	וְ/הָ֥יוּ	c/1961	HC/Vqq3cp
Zech 2:15	לִ֖/י	l	HR/Sp1cs
Zech 2:15	לְ/עָ֑ם	l/5971 a	HR/Ncmsa
Zech 2:15	וְ/שָׁכַנְתִּ֣י	c/7931	HC/Vqq1cs
Zech 2:15	בְ/תוֹכֵ֔/ךְ	b/8432	HR/Ncmsc/Sp2fs
Zech 2:15	וְ/יָדַ֕עַתְּ	c/3045	HC/Vqq2fs
Zech 2:15	כִּי	3588 a	HC
Zech 2:15	יְהוָ֥ה	3068	HNp
Zech 2:15	צְבָא֖וֹת	6635 b	HNcbpa
Zech 2:15	שְׁלָחַ֥/נִי	7971	HVqp3ms/Sp1cs
Zech 2:15	אֵלָֽיִ/ךְ	413	HR/Sp2fs
Zech 2:16	וְ/נָחַ֨ל	c/5157	HC/Vqq3ms
Zech 2:16	יְהוָ֤ה	3068	HNp
Zech 2:16	אֶת	853	HTo
Zech 2:16	יְהוּדָה֙	3063	HNp
Zech 2:16	חֶלְק֔/וֹ	2506 a	HNcmsc/Sp3ms
Zech 2:16	עַ֖ל	5921 a	HR
Zech 2:16	אַדְמַ֣ת	127	HNcfsc
Zech 2:16	הַ/קֹּ֑דֶשׁ	d/6944	HTd/Ncmsa
Zech 2:16	וּ/בָחַ֥ר	c/977	HC/Vqq3ms
Zech 2:16	ע֖וֹד	5750	HD
Zech 2:16	בִּ/ירוּשָׁלִָֽם	b/3389	HR/Np
Zech 2:17	הַ֥ס	2013	HTj
Zech 2:17	כָּל	3605	HNcmsc
Zech 2:17	בָּשָׂ֖ר	1320	HNcmsa
Zech 2:17	מִ/פְּנֵ֣י	m/6440	HR/Ncbpc
Zech 2:17	יְהוָ֑ה	3068	HNp
Zech 2:17	כִּ֥י	3588 a	HC
Zech 2:17	נֵע֖וֹר	5782	HVNp3ms
Zech 2:17	מִ/מְּע֥וֹן	m/4583	HR/Ncbsc
Zech 2:17	קָדְשֽׁ/וֹ	6944	HNcmsc/Sp3ms
Zech 3:1	וַ/יַּרְאֵ֗/נִי	c/7200	HC/Vhw3ms/Sp1cs
Zech 3:1	אֶת	853	HTo
Zech 3:1	יְהוֹשֻׁ֨עַ֙	3091	HNp
Zech 3:1	הַ/כֹּהֵ֣ן	d/3548	HTd/Ncmsa
Zech 3:1	הַ/גָּד֔וֹל	d/1419 a	HTd/Aamsa
Zech 3:1	עֹמֵ֕ד	5975	HVqrmsa
Zech 3:1	לִ/פְנֵ֖י	l/6440	HR/Ncbpc
Zech 3:1	מַלְאַ֣ךְ	4397	HNcmsc
Zech 3:1	יְהוָ֑ה	3068	HNp
Zech 3:1	וְ/הַ/שָּׂטָ֛ן	c/d/7854	HC/Td/Ncmsa
Zech 3:1	עֹמֵ֥ד	5975	HVqrmsa
Zech 3:1	עַל	5921 a	HR
Zech 3:1	יְמִינ֖/וֹ	3225	HNcfsc/Sp3ms
Zech 3:1	לְ/שִׂטְנֽ/וֹ	l/7853	HR/Vqc/Sp3ms
Zech 3:2	וַ/יֹּ֨אמֶר	c/559	HC/Vqw3ms
Zech 3:2	יְהוָ֜ה	3068	HNp
Zech 3:2	אֶל	413	HR
Zech 3:2	הַ/שָּׂטָ֗ן	d/7854	HTd/Ncmsa
Zech 3:2	יִגְעַ֨ר	1605	HVqj3ms
Zech 3:2	יְהוָ֤ה	3068	HNp
Zech 3:2	בְּ/ךָ֙	b	HR/Sp2ms
Zech 3:2	הַ/שָּׂטָ֔ן	d/7854	HTd/Ncmsa
Zech 3:2	וְ/יִגְעַ֤ר	c/1605	HC/Vqj3ms
Zech 3:2	יְהוָה֙	3068	HNp
Zech 3:2	בְּ/ךָ֔	b	HR/Sp2ms
Zech 3:2	הַ/בֹּחֵ֖ר	d/977	HTd/Vqrmsa
Zech 3:2	בִּ/ירֽוּשָׁלִָ֑ם	b/3389	HR/Np
Zech 3:2	הֲ/ל֧וֹא	i/3808	HTi/Tn
Zech 3:2	זֶ֦ה	2088	HPdxms
Zech 3:2	א֖וּד	181	HNcmsa
Zech 3:2	מֻצָּ֥ל	5337	HVHsmsa
Zech 3:2	מֵ/אֵֽשׁ	m/784	HR/Ncbsa
Zech 3:3	וִ/יהוֹשֻׁ֕עַ	c/3091	HC/Np
Zech 3:3	הָיָ֥ה	1961	HVqp3ms
Zech 3:3	לָבֻ֖שׁ	3847	HVqsmsa
Zech 3:3	בְּגָדִ֣ים	899 b	HNcmpa
Zech 3:3	צוֹאִ֑ים	6674	HAampa
Zech 3:3	וְ/עֹמֵ֖ד	c/5975	HC/Vqrmsa
Zech 3:3	לִ/פְנֵ֥י	l/6440	HR/Ncbpc
Zech 3:3	הַ/מַּלְאָֽךְ	d/4397	HTd/Ncmsa
Zech 3:4	וַ/יַּ֣עַן	c/6030 b	HC/Vqw3ms
Zech 3:4	וַ/יֹּ֗אמֶר	c/559	HC/Vqw3ms
Zech 3:4	אֶל	413	HR
Zech 3:4	הָ/עֹמְדִ֤ים	d/5975	HTd/Vqrmpa
Zech 3:4	לְ/פָנָי/ו֙	l/6440	HR/Ncbpc/Sp3ms
Zech 3:4	לֵ/אמֹ֔ר	l/559	HR/Vqc
Zech 3:4	הָסִ֛ירוּ	5493	HVhv2mp
Zech 3:4	הַ/בְּגָדִ֥ים	d/899 b	HTd/Ncmpa
Zech 3:4	הַ/צֹּאִ֖ים	d/6674	HTd/Aampa
Zech 3:4	מֵ/עָלָ֑י/ו	m/5921 a	HR/R/Sp3ms
Zech 3:4	וַ/יֹּ֣אמֶר	c/559	HC/Vqw3ms
Zech 3:4	אֵלָ֗י/ו	413	HR/Sp3ms
Zech 3:4	רְאֵ֨ה	7200	HVqv2ms
Zech 3:4	הֶעֱבַ֤רְתִּי	5674 a	HVhp1cs
Zech 3:4	מֵ/עָלֶ֨י/ךָ֙	m/5921 a	HR/R/Sp2ms
Zech 3:4	עֲוֺנֶ֔/ךָ	5771	HNcbsc/Sp2ms
Zech 3:4	וְ/הַלְבֵּ֥שׁ	c/3847	HC/Vha
Zech 3:4	אֹתְ/ךָ֖	853	HTo/Sp2ms
Zech 3:4	מַחֲלָצֽוֹת	4254	HNcfpa
Zech 3:5	וָ/אֹמַ֕ר	c/559	HC/Vqw1cs
Zech 3:5	יָשִׂ֛ימוּ	7760 a	HVqj3mp
Zech 3:5	צָנִ֥יף	6797	HNcbsa
Zech 3:5	טָה֖וֹר	2889	HAamsa
Zech 3:5	עַל	5921 a	HR
Zech 3:5	רֹאשׁ֑/וֹ	7218 a	HNcmsc/Sp3ms
Zech 3:5	וַ/יָּשִׂימוּ֩	c/7760 a	HC/Vqw3mp
Zech 3:5	הַ/צָּנִ֨יף	d/6797	HTd/Ncbsa
Zech 3:5	הַ/טָּה֜וֹר	d/2889	HTd/Aamsa
Zech 3:5	עַל	5921 a	HR
Zech 3:5	רֹאשׁ֗/וֹ	7218 a	HNcmsc/Sp3ms
Zech 3:5	וַ/יַּלְבִּשֻׁ֨/הוּ֙	c/3847	HC/Vhw3mp/Sp3ms
Zech 3:5	בְּגָדִ֔ים	899 b	HNcmpa
Zech 3:5	וּ/מַלְאַ֥ךְ	c/4397	HC/Ncmsc
Zech 3:5	יְהוָ֖ה	3068	HNp
Zech 3:5	עֹמֵֽד	5975	HVqrmsa
Zech 3:6	וַ/יָּ֨עַד֙	c/5749 b	HC/Vhw3ms
Zech 3:6	מַלְאַ֣ךְ	4397	HNcmsc
Zech 3:6	יְהוָ֔ה	3068	HNp
Zech 3:6	בִּ/יהוֹשֻׁ֖עַ	b/3091	HR/Np
Zech 3:6	לֵ/אמֹֽר	l/559	HR/Vqc
Zech 3:7	כֹּה	3541	HD
Zech 3:7	אָמַ֞ר	559	HVqp3ms
Zech 3:7	יְהוָ֣ה	3068	HNp
Zech 3:7	צְבָא֗וֹת	6635 b	HNcbpa
Zech 3:7	אִם	518 a	HC
Zech 3:7	בִּ/דְרָכַ֤/י	b/1870	HR/Ncbpc/Sp1cs
Zech 3:7	תֵּלֵךְ֙	3212	HVqi2ms
Zech 3:7	וְ/אִ֣ם	c/518 a	HC/C
Zech 3:7	אֶת	853	HTo
Zech 3:7	מִשְׁמַרְתִּ֣/י	4931	HNcfsc/Sp1cs
Zech 3:7	תִשְׁמֹ֔ר	8104	HVqi2ms
Zech 3:7	וְ/גַם	c/1571	HC/Ta
Zech 3:7	אַתָּה֙	859 a	HPp2ms
Zech 3:7	תָּדִ֣ין	1777	HVqi2ms
Zech 3:7	אֶת	853	HTo
Zech 3:7	בֵּיתִ֔/י	1004 b	HNcmsc/Sp1cs
Zech 3:7	וְ/גַ֖ם	c/1571	HC/Ta
Zech 3:7	תִּשְׁמֹ֣ר	8104	HVqi2ms
Zech 3:7	אֶת	853	HTo
Zech 3:7	חֲצֵרָ֑/י	2691 a	HNcbpc/Sp1cs
Zech 3:7	וְ/נָתַתִּ֤י	c/5414	HC/Vqq1cs
Zech 3:7	לְ/ךָ֙	l	HR/Sp2ms
Zech 3:7	מַהְלְכִ֔ים	4108	HNcmpa
Zech 3:7	בֵּ֥ין	996	HR
Zech 3:7	הָ/עֹמְדִ֖ים	d/5975	HTd/Vqrmpa
Zech 3:7	הָ/אֵֽלֶּה	d/428	HTd/Pdxcp
Zech 3:8	שְֽׁמַֽע	8085	HVqv2ms
Zech 3:8	נָ֞א	4994	HTe
Zech 3:8	יְהוֹשֻׁ֣עַ	3091	HNp
Zech 3:8	הַ/כֹּהֵ֣ן	d/3548	HTd/Ncmsa
Zech 3:8	הַ/גָּד֗וֹל	d/1419 a	HTd/Aamsa
Zech 3:8	אַתָּה֙	859 a	HPp2ms
Zech 3:8	וְ/רֵעֶ֨י/ךָ֙	c/7453	HC/Ncmpc/Sp2ms
Zech 3:8	הַ/יֹּשְׁבִ֣ים	d/3427	HTd/Vqrmpa
Zech 3:8	לְ/פָנֶ֔י/ךָ	l/6440	HR/Ncbpc/Sp2ms
Zech 3:8	כִּֽי	3588 a	HC
Zech 3:8	אַנְשֵׁ֥י	376	HNcmpc
Zech 3:8	מוֹפֵ֖ת	4159	HNcmsa
Zech 3:8	הֵ֑מָּה	1992	HPp3mp
Zech 3:8	כִּֽי	3588 a	HC
Zech 3:8	הִנְ/נִ֥י	2005	HTm/Sp1cs
Zech 3:8	מֵבִ֛יא	935	HVhrmsa
Zech 3:8	אֶת	853	HTo
Zech 3:8	עַבְדִּ֖/י	5650	HNcmsc/Sp1cs
Zech 3:8	צֶֽמַח	6780	HNcmsa
Zech 3:9	כִּ֣י	3588 a	HC
Zech 3:9	הִנֵּ֣ה	2009	HTm
Zech 3:9	הָ/אֶ֗בֶן	d/68	HTd/Ncfsa
Zech 3:9	אֲשֶׁ֤ר	834 a	HTr
Zech 3:9	נָתַ֨תִּי֙	5414	HVqp1cs
Zech 3:9	לִ/פְנֵ֣י	l/6440	HR/Ncbpc
Zech 3:9	יְהוֹשֻׁ֔עַ	3091	HNp
Zech 3:9	עַל	5921 a	HR
Zech 3:9	אֶ֥בֶן	68	HNcfsa
Zech 3:9	אַחַ֖ת	259	HAcfsa
Zech 3:9	שִׁבְעָ֣ה	7651	HAcmsa
Zech 3:9	עֵינָ֑יִם	5869 a	HNcbda
Zech 3:9	הִנְ/נִ֧י	2005	HTm/Sp1cs
Zech 3:9	מְפַתֵּ֣חַ	6605 b	HVprmsa
Zech 3:9	פִּתֻּחָ֗/הּ	6603	HNcmsc/Sp3fs
Zech 3:9	נְאֻם֙	5002	HNcmsc
Zech 3:9	יְהוָ֣ה	3068	HNp
Zech 3:9	צְבָא֔וֹת	6635 b	HNcbpa
Zech 3:9	וּ/מַשְׁתִּ֛י	c/4185	HC/Vqq1cs
Zech 3:9	אֶת	853	HTo
Zech 3:9	עֲוֺ֥ן	5771	HNcbsc
Zech 3:9	הָ/אָֽרֶץ	d/776	HTd/Ncbsa
Zech 3:9	הַ/הִ֖יא	d/1931	HTd/Pp3fs
Zech 3:9	בְּ/י֥וֹם	b/3117	HR/Ncmsa
Zech 3:9	אֶחָֽד	259	HAcmsa
Zech 3:10	בַּ/יּ֣וֹם	b/3117	HRd/Ncmsa
Zech 3:10	הַ/ה֗וּא	d/1931	HTd/Pp3ms
Zech 3:10	נְאֻם֙	5002	HNcmsc
Zech 3:10	יְהוָ֣ה	3068	HNp
Zech 3:10	צְבָא֔וֹת	6635 b	HNcbpa
Zech 3:10	תִּקְרְא֖וּ	7121	HVqi2mp
Zech 3:10	אִ֣ישׁ	376	HNcmsa
Zech 3:10	לְ/רֵעֵ֑/הוּ	l/7453	HR/Ncmsc/Sp3ms
Zech 3:10	אֶל	413	HR
Zech 3:10	תַּ֥חַת	8478	HR
Zech 3:10	גֶּ֖פֶן	1612	HNcbsa
Zech 3:10	וְ/אֶל	c/413	HC/R
Zech 3:10	תַּ֥חַת	8478	HR
Zech 3:10	תְּאֵנָֽה	8384	HNcfsa
Zech 4:1	וַ/יָּ֕שָׁב	c/7725	HC/Vqw3ms
Zech 4:1	הַ/מַּלְאָ֖ךְ	d/4397	HTd/Ncmsa
Zech 4:1	הַ/דֹּבֵ֣ר	d/1696	HTd/Vqrmsa
Zech 4:1	בִּ֑/י	b	HR/Sp1cs
Zech 4:1	וַ/יְעִירֵ֕/נִי	c/5782	HC/Vhw3ms/Sp1cs
Zech 4:1	כְּ/אִ֖ישׁ	k/376	HR/Ncmsa
Zech 4:1	אֲשֶׁר	834 a	HTr
Zech 4:1	יֵע֥וֹר	5782	HVNi3ms
Zech 4:1	מִ/שְּׁנָתֽ/וֹ	m/8142	HR/Ncfsc/Sp3ms
Zech 4:2	וַ/יֹּ֣אמֶר	c/559	HC/Vqw3ms
Zech 4:2	אֵלַ֔/י	413	HR/Sp1cs
Zech 4:2	מָ֥ה	4100	HTi
Zech 4:2	אַתָּ֖ה	859 a	HPp2ms
Zech 4:2	רֹאֶ֑ה	7200	HVqrmsa
Zech 4:2	ו/יאמר	c/559	HC/Vqw3ms
Zech 4:2	רָאִ֣יתִי	7200	HVqp1cs
Zech 4:2	וְ/הִנֵּ֣ה	c/2009	HC/Tm
Zech 4:2	מְנוֹרַת֩	4501	HNcfsc
Zech 4:2	זָהָ֨ב	2091	HNcmsa
Zech 4:2	כֻּלָּ֜/הּ	3605	HNcmsc/Sp3fs
Zech 4:2	וְ/גֻלָּ֣הּ	c/1543	HC/Ncfsa
Zech 4:2	עַל	5921 a	HR
Zech 4:2	רֹאשָׁ֗/הּ	7218 a	HNcmsc/Sp3fs
Zech 4:2	וְ/שִׁבְעָ֤ה	c/7651	HC/Acmsa
Zech 4:2	נֵרֹתֶ֨י/הָ֙	5216 a	HNcmpc/Sp3fs
Zech 4:2	עָלֶ֔י/הָ	5921 a	HR/Sp3fs
Zech 4:2	שִׁבְעָ֤ה	7651	HAcmsa
Zech 4:2	וְ/שִׁבְעָה֙	c/7651	HC/Acmsa
Zech 4:2	מֽוּצָק֔וֹת	4166	HNcfpa
Zech 4:2	לַ/נֵּר֖וֹת	l/5216 a	HRd/Ncmpa
Zech 4:2	אֲשֶׁ֥ר	834 a	HTr
Zech 4:2	עַל	5921 a	HR
Zech 4:2	רֹאשָֽׁ/הּ	7218 a	HNcmsc/Sp3fs
Zech 4:3	וּ/שְׁנַ֥יִם	c/8147	HC/Acmda
Zech 4:3	זֵיתִ֖ים	2132	HNcmpa
Zech 4:3	עָלֶ֑י/הָ	5921 a	HR/Sp3fs
Zech 4:3	אֶחָד֙	259	HAcmsa
Zech 4:3	מִ/ימִ֣ין	m/3225	HR/Ncfsc
Zech 4:3	הַ/גֻּלָּ֔ה	d/1543	HTd/Ncfsa
Zech 4:3	וְ/אֶחָ֖ד	c/259	HC/Acmsa
Zech 4:3	עַל	5921 a	HR
Zech 4:3	שְׂמֹאלָֽ/הּ	8040	HNcmsc/Sp3fs
Zech 4:4	וָ/אַ֨עַן֙	c/6030 b	HC/Vqw1cs
Zech 4:4	וָֽ/אֹמַ֔ר	c/559	HC/Vqw1cs
Zech 4:4	אֶל	413	HR
Zech 4:4	הַ/מַּלְאָ֛ךְ	d/4397	HTd/Ncmsa
Zech 4:4	הַ/דֹּבֵ֥ר	d/1696	HTd/Vqrmsa
Zech 4:4	בִּ֖/י	b	HR/Sp1cs
Zech 4:4	לֵ/אמֹ֑ר	l/559	HR/Vqc
Zech 4:4	מָה	4100	HTi
Zech 4:4	אֵ֖לֶּה	428	HPdxcp
Zech 4:4	אֲדֹנִֽ/י	113	HNcmsc/Sp1cs
Zech 4:5	וַ֠/יַּעַן	c/6030 b	HC/Vqw3ms
Zech 4:5	הַ/מַּלְאָ֞ךְ	d/4397	HTd/Ncmsa
Zech 4:5	הַ/דֹּבֵ֥ר	d/1696	HTd/Vqrmsa
Zech 4:5	בִּ/י֙	b	HR/Sp1cs
Zech 4:5	וַ/יֹּ֣אמֶר	c/559	HC/Vqw3ms
Zech 4:5	אֵלַ֔/י	413	HR/Sp1cs
Zech 4:5	הֲ/ל֥וֹא	i/3808	HTi/Tn
Zech 4:5	יָדַ֖עְתָּ	3045	HVqp2ms
Zech 4:5	מָה	4100	HTi
Zech 4:5	הֵ֣מָּה	1992	HPp3mp
Zech 4:5	אֵ֑לֶּה	428	HPdxcp
Zech 4:5	וָ/אֹמַ֖ר	c/559	HC/Vqw1cs
Zech 4:5	לֹ֥א	3808	HTn
Zech 4:5	אֲדֹנִֽ/י	113	HNcmsc/Sp1cs
Zech 4:6	וַ/יַּ֜עַן	c/6030 b	HC/Vqw3ms
Zech 4:6	וַ/יֹּ֤אמֶר	c/559	HC/Vqw3ms
Zech 4:6	אֵלַ/י֙	413	HR/Sp1cs
Zech 4:6	לֵ/אמֹ֔ר	l/559	HR/Vqc
Zech 4:6	זֶ֚ה	2088	HPdxms
Zech 4:6	דְּבַר	1697	HNcmsc
Zech 4:6	יְהוָ֔ה	3068	HNp
Zech 4:6	אֶל	413	HR
Zech 4:6	זְרֻבָּבֶ֖ל	2216	HNp
Zech 4:6	לֵ/אמֹ֑ר	l/559	HR/Vqc
Zech 4:6	לֹ֤א	3808	HTn
Zech 4:6	בְ/חַ֨יִל֙	b/2428	HR/Ncmsa
Zech 4:6	וְ/לֹ֣א	c/3808	HC/Tn
Zech 4:6	בְ/כֹ֔חַ	b/3581 b	HR/Ncmsa
Zech 4:6	כִּ֣י	3588 b	HC
Zech 4:6	אִם	518 b	HC
Zech 4:6	בְּ/רוּחִ֔/י	b/7307	HR/Ncbsc/Sp1cs
Zech 4:6	אָמַ֖ר	559	HVqp3ms
Zech 4:6	יְהוָ֥ה	3068	HNp
Zech 4:6	צְבָאֽוֹת	6635 b	HNcbpa
Zech 4:7	מִֽי	4310	HTi
Zech 4:7	אַתָּ֧ה	859 a	HPp2ms
Zech 4:7	הַֽר	2022	HNcmsc
Zech 4:7	הַ/גָּד֛וֹל	d/1419 a	HTd/Aamsa
Zech 4:7	לִ/פְנֵ֥י	l/6440	HR/Ncbpc
Zech 4:7	זְרֻבָּבֶ֖ל	2216	HNp
Zech 4:7	לְ/מִישֹׁ֑ר	l/4334	HR/Ncmsa
Zech 4:7	וְ/הוֹצִיא֙	c/3318	HC/Vhq3ms
Zech 4:7	אֶת	853	HTo
Zech 4:7	הָ/אֶ֣בֶן	d/68	HTd/Ncfsa
Zech 4:7	הָ/רֹאשָׁ֔ה	d/7222	HTd/Aafsa
Zech 4:7	תְּשֻׁא֕וֹת	8663	HNcfpa
Zech 4:7	חֵ֥ן	2580	HNcmsa
Zech 4:7	חֵ֖ן	2580	HNcmsa
Zech 4:7	לָֽ/הּ	l	HR/Sp3fs
Zech 4:8	וַ/יְהִ֥י	c/1961	HC/Vqw3ms
Zech 4:8	דְבַר	1697	HNcmsc
Zech 4:8	יְהוָ֖ה	3068	HNp
Zech 4:8	אֵלַ֥/י	413	HR/Sp1cs
Zech 4:8	לֵ/אמֹֽר	l/559	HR/Vqc
Zech 4:9	יְדֵ֣י	3027	HNcbdc
Zech 4:9	זְרֻבָּבֶ֗ל	2216	HNp
Zech 4:9	יִסְּד֛וּ	3245	HVpp3cp
Zech 4:9	הַ/בַּ֥יִת	d/1004 b	HTd/Ncmsa
Zech 4:9	הַ/זֶּ֖ה	d/2088	HTd/Pdxms
Zech 4:9	וְ/יָדָ֣י/ו	c/3027	HC/Ncbdc/Sp3ms
Zech 4:9	תְּבַצַּ֑עְנָה	1214	HVpi3fp
Zech 4:9	וְ/יָ֣דַעְתָּ֔	c/3045	HC/Vqp2ms
Zech 4:9	כִּֽי	3588 a	HC
Zech 4:9	יְהוָ֥ה	3068	HNp
Zech 4:9	צְבָא֖וֹת	6635 b	HNcbpa
Zech 4:9	שְׁלָחַ֥/נִי	7971	HVqp3ms/Sp1cs
Zech 4:9	אֲלֵי/כֶֽם	413	HR/Sp2mp
Zech 4:10	כִּ֣י	3588 a	HC
Zech 4:10	מִ֣י	4310	HTi
Zech 4:10	בַז֮	936	HVqp3ms
Zech 4:10	לְ/י֣וֹם	l/3117	HR/Ncmsc
Zech 4:10	קְטַנּוֹת֒	6996 a	HAafpa
Zech 4:10	וְ/שָׂמְח֗וּ	c/8055	HC/Vqq3cp
Zech 4:10	וְ/רָא֞וּ	c/7200	HC/Vqq3cp
Zech 4:10	אֶת	853	HTo
Zech 4:10	הָ/אֶ֧בֶן	d/68	HTd/Ncfsa
Zech 4:10	הַ/בְּדִ֛יל	d/913	HTd/Ncmsa
Zech 4:10	בְּ/יַ֥ד	b/3027	HR/Ncbsc
Zech 4:10	זְרֻבָּבֶ֖ל	2216	HNp
Zech 4:10	שִׁבְעָה	7651	HAcmsa
Zech 4:10	אֵ֑לֶּה	428	HPdxcp
Zech 4:10	עֵינֵ֣י	5869 a	HNcbdc
Zech 4:10	יְהוָ֔ה	3068	HNp
Zech 4:10	הֵ֥מָּה	1992	HPp3mp
Zech 4:10	מְשׁוֹטְטִ֖ים	7751 a	HVormpa
Zech 4:10	בְּ/כָל	b/3605	HR/Ncmsc
Zech 4:10	הָ/אָֽרֶץ	d/776	HTd/Ncbsa
Zech 4:11	וָ/אַ֖עַן	c/6030 b	HC/Vqw1cs
Zech 4:11	וָ/אֹמַ֣ר	c/559	HC/Vqw1cs
Zech 4:11	אֵלָ֑י/ו	413	HR/Sp3ms
Zech 4:11	מַה	4100	HTi
Zech 4:11	שְּׁנֵ֤י	8147	HAcmdc
Zech 4:11	הַ/זֵּיתִים֙	d/2132	HTd/Ncmpa
Zech 4:11	הָ/אֵ֔לֶה	d/428	HTd/Pdxcp
Zech 4:11	עַל	5921 a	HR
Zech 4:11	יְמִ֥ין	3225	HNcfsc
Zech 4:11	הַ/מְּנוֹרָ֖ה	d/4501	HTd/Ncfsa
Zech 4:11	וְ/עַל	c/5921 a	HC/R
Zech 4:11	שְׂמֹאולָֽ/הּ	8040	HNcmsc/Sp3fs
Zech 4:12	וָ/אַ֣עַן	c/6030 b	HC/Vqw1cs
Zech 4:12	שֵׁנִ֔ית	8145	HAofsa
Zech 4:12	וָ/אֹמַ֖ר	c/559	HC/Vqw1cs
Zech 4:12	אֵלָ֑י/ו	413	HR/Sp3ms
Zech 4:12	מַה	4100	HTi
Zech 4:12	שְׁתֵּ֞י	8147	HAcfdc
Zech 4:12	שִׁבֲּלֵ֣י	7641 b	HNcfpc
Zech 4:12	הַ/זֵּיתִ֗ים	d/2132	HTd/Ncmpa
Zech 4:12	אֲשֶׁר֙	834 a	HTr
Zech 4:12	בְּ/יַ֗ד	b/3027	HR/Ncbsc
Zech 4:12	שְׁנֵי֙	8147	HAcmdc
Zech 4:12	צַנְתְּר֣וֹת	6804	HNcmpc
Zech 4:12	הַ/זָּהָ֔ב	d/2091	HTd/Ncmsa
Zech 4:12	הַֽ/מְרִיקִ֥ים	d/7324	HTd/Vhrmpa
Zech 4:12	מֵ/עֲלֵי/הֶ֖ם	m/5921 a	HR/R/Sp3mp
Zech 4:12	הַ/זָּהָֽב	d/2091	HTd/Ncmsa
Zech 4:13	וַ/יֹּ֤אמֶר	c/559	HC/Vqw3ms
Zech 4:13	אֵלַ/י֙	413	HR/Sp1cs
Zech 4:13	לֵ/אמֹ֔ר	l/559	HR/Vqc
Zech 4:13	הֲ/ל֥וֹא	i/3808	HTi/Tn
Zech 4:13	יָדַ֖עְתָּ	3045	HVqp2ms
Zech 4:13	מָה	4100	HTi
Zech 4:13	אֵ֑לֶּה	428	HPdxcp
Zech 4:13	וָ/אֹמַ֖ר	c/559	HC/Vqw1cs
Zech 4:13	לֹ֥א	3808	HTn
Zech 4:13	אֲדֹנִֽ/י	113	HNcmsc/Sp1cs
Zech 4:14	וַ/יֹּ֕אמֶר	c/559	HC/Vqw3ms
Zech 4:14	אֵ֖לֶּה	428	HPdxcp
Zech 4:14	שְׁנֵ֣י	8147	HAcmdc
Zech 4:14	בְנֵֽי	1121 a	HNcmpc
Zech 4:14	הַ/יִּצְהָ֑ר	d/3323	HTd/Ncmsa
Zech 4:14	הָ/עֹמְדִ֖ים	d/5975	HTd/Vqrmpa
Zech 4:14	עַל	5921 a	HR
Zech 4:14	אֲד֥וֹן	113	HNcmsc
Zech 4:14	כָּל	3605	HNcmsc
Zech 4:14	הָ/אָֽרֶץ	d/776	HTd/Ncbsa
Zech 5:1	וָ/אָשׁ֕וּב	c/7725	HC/Vqw1cs
Zech 5:1	וָ/אֶשָּׂ֥א	c/5375	HC/Vqw1cs
Zech 5:1	עֵינַ֖/י	5869 a	HNcbdc/Sp1cs
Zech 5:1	וָֽ/אֶרְאֶ֑ה	c/7200	HC/Vqw1cs
Zech 5:1	וְ/הִנֵּ֖ה	c/2009	HC/Tm
Zech 5:1	מְגִלָּ֥ה	4039	HNcfsa
Zech 5:1	עָפָֽה	5774 a	HVqrfsa
Zech 5:2	וַ/יֹּ֣אמֶר	c/559	HC/Vqw3ms
Zech 5:2	אֵלַ֔/י	413	HR/Sp1cs
Zech 5:2	מָ֥ה	4100	HTi
Zech 5:2	אַתָּ֖ה	859 a	HPp2ms
Zech 5:2	רֹאֶ֑ה	7200	HVqrmsa
Zech 5:2	וָ/אֹמַ֗ר	c/559	HC/Vqw1cs
Zech 5:2	אֲנִ֤י	589	HPp1cs
Zech 5:2	רֹאֶה֙	7200	HVqrmsa
Zech 5:2	מְגִלָּ֣ה	4039	HNcfsa
Zech 5:2	עָפָ֔ה	5774 a	HVqrfsa
Zech 5:2	אָרְכָּ/הּ֙	753	HNcmsc/Sp3fs
Zech 5:2	עֶשְׂרִ֣ים	6242	HAcbpa
Zech 5:2	בָּֽ/אַמָּ֔ה	b/520 a	HRd/Ncfsa
Zech 5:2	וְ/רָחְבָּ֖/הּ	c/7341	HC/Ncmsc/Sp3fs
Zech 5:2	עֶ֥שֶׂר	6235	HAcfsa
Zech 5:2	בָּ/אַמָּֽה	b/520 a	HRd/Ncfsa
Zech 5:3	וַ/יֹּ֣אמֶר	c/559	HC/Vqw3ms
Zech 5:3	אֵלַ֔/י	413	HR/Sp1cs
Zech 5:3	זֹ֚את	2063	HPdxfs
Zech 5:3	הָֽ/אָלָ֔ה	d/423	HTd/Ncfsa
Zech 5:3	הַ/יּוֹצֵ֖את	d/3318	HTd/Vqrfsa
Zech 5:3	עַל	5921 a	HR
Zech 5:3	פְּנֵ֣י	6440	HNcbpc
Zech 5:3	כָל	3605	HNcmsc
Zech 5:3	הָ/אָ֑רֶץ	d/776	HTd/Ncbsa
Zech 5:3	כִּ֣י	3588 a	HC
Zech 5:3	כָל	3605	HNcmsc
Zech 5:3	הַ/גֹּנֵ֗ב	d/1589	HTd/Vqrmsa
Zech 5:3	מִ/זֶּה֙	m/2088	HR/Pdxms
Zech 5:3	כָּמ֣וֹ/הָ	3644	HR/Sp3fs
Zech 5:3	נִקָּ֔ה	5352	HVNp3ms
Zech 5:3	וְ/כָל	c/3605	HC/Ncmsc
Zech 5:3	הַ/נִּ֨שְׁבָּ֔ע	d/7650	HTd/VNrmsa
Zech 5:3	מִ/זֶּ֖ה	m/2088	HR/Pdxms
Zech 5:3	כָּמ֥וֹ/הָ	3644	HR/Sp3fs
Zech 5:3	נִקָּֽה	5352	HVNp3ms
Zech 5:4	הוֹצֵאתִ֗י/הָ	3318	HVhp1cs/Sp3fs
Zech 5:4	נְאֻם֙	5002	HNcmsc
Zech 5:4	יְהוָ֣ה	3068	HNp
Zech 5:4	צְבָא֔וֹת	6635 b	HNcbpa
Zech 5:4	וּ/בָ֨אָה֙	c/935	HC/Vqq3fs
Zech 5:4	אֶל	413	HR
Zech 5:4	בֵּ֣ית	1004 b	HNcmsc
Zech 5:4	הַ/גַּנָּ֔ב	d/1590	HTd/Ncmsa
Zech 5:4	וְ/אֶל	c/413	HC/R
Zech 5:4	בֵּ֛ית	1004 b	HNcmsc
Zech 5:4	הַ/נִּשְׁבָּ֥ע	d/7650	HTd/VNrmsa
Zech 5:4	בִּ/שְׁמִ֖/י	b/8034	HR/Ncmsc/Sp1cs
Zech 5:4	לַ/שָּׁ֑קֶר	l/8267	HRd/Ncmsa
Zech 5:4	וְ/לָ֨נֶה֙	c/3885 a	HC/Vqq3fs
Zech 5:4	בְּ/ת֣וֹךְ	b/8432	HR/Ncmsc
Zech 5:4	בֵּית֔/וֹ	1004 b	HNcmsc/Sp3ms
Zech 5:4	וְ/כִלַּ֖תּ/וּ	c/3615	HC/Vpq3fs/Sp3ms
Zech 5:4	וְ/אֶת	c/853	HC/To
Zech 5:4	עֵצָ֥י/ו	6086	HNcmpc/Sp3ms
Zech 5:4	וְ/אֶת	c/853	HC/To
Zech 5:4	אֲבָנָֽי/ו	68	HNcfpc/Sp3ms
Zech 5:5	וַ/יֵּצֵ֕א	c/3318	HC/Vqw3ms
Zech 5:5	הַ/מַּלְאָ֖ךְ	d/4397	HTd/Ncmsa
Zech 5:5	הַ/דֹּבֵ֣ר	d/1696	HTd/Vqrmsa
Zech 5:5	בִּ֑/י	b	HR/Sp1cs
Zech 5:5	וַ/יֹּ֣אמֶר	c/559	HC/Vqw3ms
Zech 5:5	אֵלַ֔/י	413	HR/Sp1cs
Zech 5:5	שָׂ֣א	5375	HVqv2ms
Zech 5:5	נָ֤א	4994	HTe
Zech 5:5	עֵינֶ֨י/ךָ֙	5869 a	HNcbdc/Sp2ms
Zech 5:5	וּ/רְאֵ֔ה	c/7200	HC/Vqv2ms
Zech 5:5	מָ֖ה	4100	HTi
Zech 5:5	הַ/יּוֹצֵ֥את	d/3318	HTd/Vqrfsa
Zech 5:5	הַ/זֹּֽאת	d/2063	HTd/Pdxfs
Zech 5:6	וָ/אֹמַ֖ר	c/559	HC/Vqw1cs
Zech 5:6	מַה	4100	HTi
Zech 5:6	הִ֑יא	1931	HPp3fs
Zech 5:6	וַ/יֹּ֗אמֶר	c/559	HC/Vqw3ms
Zech 5:6	זֹ֤את	2063	HPdxfs
Zech 5:6	הָֽ/אֵיפָה֙	d/374	HTd/Ncfsa
Zech 5:6	הַ/יּוֹצֵ֔את	d/3318	HTd/Vqrfsa
Zech 5:6	וַ/יֹּ֕אמֶר	c/559	HC/Vqw3ms
Zech 5:6	זֹ֥את	2063	HPdxfs
Zech 5:6	עֵינָ֖/ם	5869 a	HNcbsc/Sp3mp
Zech 5:6	בְּ/כָל	b/3605	HR/Ncmsc
Zech 5:6	הָ/אָֽרֶץ	d/776	HTd/Ncbsa
Zech 5:7	וְ/הִנֵּ֛ה	c/2009	HC/Tm
Zech 5:7	כִּכַּ֥ר	3603	HNcbsc
Zech 5:7	עֹפֶ֖רֶת	5777	HNcfsa
Zech 5:7	נִשֵּׂ֑את	5375	HVNsfsa
Zech 5:7	וְ/זֹאת֙	c/2063	HC/Pdxfs
Zech 5:7	אִשָּׁ֣ה	802	HNcfsa
Zech 5:7	אַחַ֔ת	259	HAcfsa
Zech 5:7	יוֹשֶׁ֖בֶת	3427	HVqrfsa
Zech 5:7	בְּ/ת֥וֹךְ	b/8432	HR/Ncmsc
Zech 5:7	הָ/אֵיפָֽה	d/374	HTd/Ncfsa
Zech 5:8	וַ/יֹּ֨אמֶר֙	c/559	HC/Vqw3ms
Zech 5:8	זֹ֣את	2063	HPdxfs
Zech 5:8	הָ/רִשְׁעָ֔ה	d/7564	HTd/Ncfsa
Zech 5:8	וַ/יַּשְׁלֵ֥ךְ	c/7993	HC/Vhw3ms
Zech 5:8	אֹתָ֖/הּ	853	HTo/Sp3fs
Zech 5:8	אֶל	413	HR
Zech 5:8	תּ֣וֹךְ	8432	HNcmsc
Zech 5:8	הָֽ/אֵיפָ֑ה	d/374	HTd/Ncfsa
Zech 5:8	וַ/יַּשְׁלֵ֛ךְ	c/7993	HC/Vhw3ms
Zech 5:8	אֶת	853	HTo
Zech 5:8	אֶ֥בֶן	68	HNcfsc
Zech 5:8	הָ/עֹפֶ֖רֶת	d/5777	HTd/Ncfsa
Zech 5:8	אֶל	413	HR
Zech 5:8	פִּֽי/הָ	6310	HNcmsc/Sp3fs
Zech 5:9	וָ/אֶשָּׂ֨א	c/5375	HC/Vqw1cs
Zech 5:9	עֵינַ֜/י	5869 a	HNcbdc/Sp1cs
Zech 5:9	וָ/אֵ֗רֶא	c/7200	HC/Vqw1cs
Zech 5:9	וְ/הִנֵּה֩	c/2009	HC/Tm
Zech 5:9	שְׁתַּ֨יִם	8147	HAcfda
Zech 5:9	נָשִׁ֤ים	802	HNcfpa
Zech 5:9	יֽוֹצְאוֹת֙	3318	HVqrfpa
Zech 5:9	וְ/ר֣וּחַ	c/7307	HC/Ncbsa
Zech 5:9	בְּ/כַנְפֵי/הֶ֔ם	b/3671	HR/Ncfdc/Sp3mp
Zech 5:9	וְ/לָ/הֵ֥נָּה	c/l/2007	HC/R/Sp3fp
Zech 5:9	כְנָפַ֖יִם	3671	HNcfda
Zech 5:9	כְּ/כַנְפֵ֣י	k/3671	HR/Ncfdc
Zech 5:9	הַ/חֲסִידָ֑ה	d/2624	HTd/Ncfsa
Zech 5:9	וַ/תִּשֶּׂ֨אנָה֙	c/5375	HC/Vqw3fp
Zech 5:9	אֶת	853	HTo
Zech 5:9	הָ֣/אֵיפָ֔ה	d/374	HTd/Ncfsa
Zech 5:9	בֵּ֥ין	996	HR
Zech 5:9	הָ/אָ֖רֶץ	d/776	HTd/Ncbsa
Zech 5:9	וּ/בֵ֥ין	c/996	HC/R
Zech 5:9	הַ/שָּׁמָֽיִם	d/8064	HTd/Ncmpa
Zech 5:10	וָ/אֹמַ֕ר	c/559	HC/Vqw1cs
Zech 5:10	אֶל	413	HR
Zech 5:10	הַ/מַּלְאָ֖ךְ	d/4397	HTd/Ncmsa
Zech 5:10	הַ/דֹּבֵ֣ר	d/1696	HTd/Vqrmsa
Zech 5:10	בִּ֑/י	b	HR/Sp1cs
Zech 5:10	אָ֛נָה	575	HD
Zech 5:10	הֵ֥מָּה	1992	HPp3mp
Zech 5:10	מֽוֹלִכ֖וֹת	3212	HVhrfpa
Zech 5:10	אֶת	853	HTo
Zech 5:10	הָ/אֵיפָֽה	d/374	HTd/Ncfsa
Zech 5:11	וַ/יֹּ֣אמֶר	c/559	HC/Vqw3ms
Zech 5:11	אֵלַ֔/י	413	HR/Sp1cs
Zech 5:11	לִ/בְנֽוֹת	l/1129	HR/Vqc
Zech 5:11	לָ֥/הֿ	l	HR/Sp3fs
Zech 5:11	בַ֖יִת	1004 b	HNcmsa
Zech 5:11	בְּ/אֶ֣רֶץ	b/776	HR/Ncbsc
Zech 5:11	שִׁנְעָ֑ר	8152	HNp
Zech 5:11	וְ/הוּכַ֛ן	c/3559 a	HC/VHq3ms
Zech 5:11	וְ/הֻנִּ֥יחָה	c/3240	HC/VHq3fs
Zech 5:11	שָּׁ֖ם	8033	HD
Zech 5:11	עַל	5921 a	HR
Zech 5:11	מְכֻנָתָֽ/הּ	4369	HNcfsc/Sp3fs
Zech 6:1	וָ/אָשֻׁ֗ב	c/7725	HC/Vqw1cs
Zech 6:1	וָ/אֶשָּׂ֤א	c/5375	HC/Vqw1cs
Zech 6:1	עֵינַ/י֙	5869 a	HNcbdc/Sp1cs
Zech 6:1	וָֽ/אֶרְאֶ֔ה	c/7200	HC/Vqw1cs
Zech 6:1	וְ/הִנֵּ֨ה	c/2009	HC/Tm
Zech 6:1	אַרְבַּ֤ע	702	HAcfsa
Zech 6:1	מַרְכָּבוֹת֙	4818	HNcfpa
Zech 6:1	יֹֽצְא֔וֹת	3318	HVqrfpa
Zech 6:1	מִ/בֵּ֖ין	m/996	HR/R
Zech 6:1	שְׁנֵ֣י	8147	HAcmdc
Zech 6:1	הֶֽ/הָרִ֑ים	d/2022	HTd/Ncmpa
Zech 6:1	וְ/הֶ/הָרִ֖ים	c/d/2022	HC/Td/Ncmpa
Zech 6:1	הָרֵ֥י	2022	HNcmpc
Zech 6:1	נְחֹֽשֶׁת	5178 a	HNcfsa
Zech 6:2	בַּ/מֶּרְכָּבָ֥ה	b/4818	HRd/Ncfsa
Zech 6:2	הָ/רִֽאשֹׁנָ֖ה	d/7223	HTd/Aofsa
Zech 6:2	סוּסִ֣ים	5483 b	HNcmpa
Zech 6:2	אֲדֻמִּ֑ים	122 a	HAampa
Zech 6:2	וּ/בַ/מֶּרְכָּבָ֥ה	c/b/4818	HC/Rd/Ncfsa
Zech 6:2	הַ/שֵּׁנִ֖ית	d/8145	HTd/Aofsa
Zech 6:2	סוּסִ֥ים	5483 b	HNcmpa
Zech 6:2	שְׁחֹרִֽים	7838	HAampa
Zech 6:3	וּ/בַ/מֶּרְכָּבָ֥ה	c/b/4818	HC/Rd/Ncfsa
Zech 6:3	הַ/שְּׁלִשִׁ֖ית	d/7992	HTd/Aofsa
Zech 6:3	סוּסִ֣ים	5483 b	HNcmpa
Zech 6:3	לְבָנִ֑ים	3836	HAampa
Zech 6:3	וּ/בַ/מֶּרְכָּבָה֙	c/b/4818	HC/Rd/Ncfsa
Zech 6:3	הָ/רְבִעִ֔ית	d/7243	HTd/Aofsa
Zech 6:3	סוּסִ֥ים	5483 b	HNcmpa
Zech 6:3	בְּרֻדִּ֖ים	1261	HAampa
Zech 6:3	אֲמֻצִּֽים	554	HAampa
Zech 6:4	וָ/אַ֨עַן֙	c/6030 b	HC/Vqw1cs
Zech 6:4	וָֽ/אֹמַ֔ר	c/559	HC/Vqw1cs
Zech 6:4	אֶל	413	HR
Zech 6:4	הַ/מַּלְאָ֖ךְ	d/4397	HTd/Ncmsa
Zech 6:4	הַ/דֹּבֵ֣ר	d/1696	HTd/Vqrmsa
Zech 6:4	בִּ֑/י	b	HR/Sp1cs
Zech 6:4	מָה	4100	HTi
Zech 6:4	אֵ֖לֶּה	428	HPdxcp
Zech 6:4	אֲדֹנִֽ/י	113	HNcmsc/Sp1cs
Zech 6:5	וַ/יַּ֥עַן	c/6030 b	HC/Vqw3ms
Zech 6:5	הַ/מַּלְאָ֖ךְ	d/4397	HTd/Ncmsa
Zech 6:5	וַ/יֹּ֣אמֶר	c/559	HC/Vqw3ms
Zech 6:5	אֵלָ֑/י	413	HR/Sp1cs
Zech 6:5	אֵ֗לֶּה	428	HPdxcp
Zech 6:5	אַרְבַּע֙	702	HAcfsa
Zech 6:5	רֻח֣וֹת	7307	HNcbpc
Zech 6:5	הַ/שָּׁמַ֔יִם	d/8064	HTd/Ncmpa
Zech 6:5	יוֹצְא֕וֹת	3318	HVqrfpa
Zech 6:5	מֵֽ/הִתְיַצֵּ֖ב	m/3320	HR/Vtc
Zech 6:5	עַל	5921 a	HR
Zech 6:5	אֲד֥וֹן	113	HNcmsc
Zech 6:5	כָּל	3605	HNcmsc
Zech 6:5	הָ/אָֽרֶץ	d/776	HTd/Ncbsa
Zech 6:6	אֲשֶׁר	834 a	HTr
Zech 6:6	בָּ֞/הּ	b	HR/Sp3fs
Zech 6:6	הַ/סּוּסִ֣ים	d/5483 b	HTd/Ncmpa
Zech 6:6	הַ/שְּׁחֹרִ֗ים	d/7838	HTd/Aampa
Zech 6:6	יֹֽצְאִים֙	3318	HVqrmpa
Zech 6:6	אֶל	413	HR
Zech 6:6	אֶ֣רֶץ	776	HNcbsc
Zech 6:6	צָפ֔וֹן	6828	HNcfsa
Zech 6:6	וְ/הַ/לְּבָנִ֔ים	c/d/3836	HC/Td/Aampa
Zech 6:6	יָצְא֖וּ	3318	HVqp3cp
Zech 6:6	אֶל	413	HR
Zech 6:6	אַֽחֲרֵי/הֶ֑ם	310 a	HR/Sp3mp
Zech 6:6	וְ/הַ֨/בְּרֻדִּ֔ים	c/d/1261	HC/Td/Aampa
Zech 6:6	יָצְא֖וּ	3318	HVqp3cp
Zech 6:6	אֶל	413	HR
Zech 6:6	אֶ֥רֶץ	776	HNcbsc
Zech 6:6	הַ/תֵּימָֽן	d/8486	HTd/Ncfsa
Zech 6:7	וְ/הָ/אֲמֻצִּ֣ים	c/d/554	HC/Td/Aampa
Zech 6:7	יָצְא֗וּ	3318	HVqp3cp
Zech 6:7	וַ/יְבַקְשׁוּ֙	c/1245	HC/Vpw3mp
Zech 6:7	לָ/לֶ֨כֶת֙	l/3212	HR/Vqc
Zech 6:7	לְ/הִתְהַלֵּ֣ך	l/1980	HR/Vtc
Zech 6:7	בָּ/אָ֔רֶץ	b/776	HRd/Ncbsa
Zech 6:7	וַ/יֹּ֕אמֶר	c/559	HC/Vqw3ms
Zech 6:7	לְכ֖וּ	3212	HVqv2mp
Zech 6:7	הִתְהַלְּכ֣וּ	1980	HVtv2mp
Zech 6:7	בָ/אָ֑רֶץ	b/776	HRd/Ncbsa
Zech 6:7	וַ/תִּתְהַלַּ֖כְנָה	c/1980	HC/Vtw3fp
Zech 6:7	בָּ/אָֽרֶץ	b/776	HRd/Ncbsa
Zech 6:8	וַ/יַּזְעֵ֣ק	c/2199	HC/Vhw3ms
Zech 6:8	אֹתִ֔/י	853	HTo/Sp1cs
Zech 6:8	וַ/יְדַבֵּ֥ר	c/1696	HC/Vpw3ms
Zech 6:8	אֵלַ֖/י	413	HR/Sp1cs
Zech 6:8	לֵ/אמֹ֑ר	l/559	HR/Vqc
Zech 6:8	רְאֵ֗ה	7200	HVqv2ms
Zech 6:8	הַ/יּֽוֹצְאִים֙	d/3318	HTd/Vqrmpa
Zech 6:8	אֶל	413	HR
Zech 6:8	אֶ֣רֶץ	776	HNcbsc
Zech 6:8	צָפ֔וֹן	6828	HNcfsa
Zech 6:8	הֵנִ֥יחוּ	5117	HVhp3cp
Zech 6:8	אֶת	853	HTo
Zech 6:8	רוּחִ֖/י	7307	HNcbsc/Sp1cs
Zech 6:8	בְּ/אֶ֥רֶץ	b/776	HR/Ncbsc
Zech 6:8	צָפֽוֹן	6828	HNcfsa
Zech 6:9	וַ/יְהִ֥י	c/1961	HC/Vqw3ms
Zech 6:9	דְבַר	1697	HNcmsc
Zech 6:9	יְהוָ֖ה	3068	HNp
Zech 6:9	אֵלַ֥/י	413	HR/Sp1cs
Zech 6:9	לֵ/אמֹֽר	l/559	HR/Vqc
Zech 6:10	לָק֨וֹחַ֙	3947	HVqa
Zech 6:10	מֵ/אֵ֣ת	m/854	HR/R
Zech 6:10	הַ/גּוֹלָ֔ה	d/1473	HTd/Ncfsa
Zech 6:10	מֵ/חֶלְדַּ֕י	m/2469	HR/Np
Zech 6:10	וּ/מֵ/אֵ֥ת	c/m/853	HC/R/To
Zech 6:10	טוֹבִיָּ֖ה	2900	HNp
Zech 6:10	וּ/מֵ/אֵ֣ת	c/m/853	HC/R/To
Zech 6:10	יְדַֽעְיָ֑ה	3048	HNp
Zech 6:10	וּ/בָאתָ֤	c/935	HC/Vqp2ms
Zech 6:10	אַתָּה֙	859 a	HPp2ms
Zech 6:10	בַּ/יּ֣וֹם	b/3117	HRd/Ncmsa
Zech 6:10	הַ/ה֔וּא	d/1931	HTd/Pp3ms
Zech 6:10	וּ/בָ֗אתָ	c/935	HC/Vqp2ms
Zech 6:10	בֵּ֚ית	1004 b	HNcmsc
Zech 6:10	יֹאשִׁיָּ֣ה	2977	HNp
Zech 6:10	בֶן	1121 a	HNcmsc
Zech 6:10	צְפַנְיָ֔ה	6846	HNp
Zech 6:10	אֲשֶׁר	834 a	HTr
Zech 6:10	בָּ֖אוּ	935	HVqp3cp
Zech 6:10	מִ/בָּבֶֽל	m/894	HR/Np
Zech 6:11	וְ/לָקַחְתָּ֥	c/3947	HC/Vqq2ms
Zech 6:11	כֶֽסֶף	3701	HNcmsa
Zech 6:11	וְ/זָהָ֖ב	c/2091	HC/Ncmsa
Zech 6:11	וְ/עָשִׂ֣יתָ	c/6213 a	HC/Vqq2ms
Zech 6:11	עֲטָר֑וֹת	5850	HNcfpa
Zech 6:11	וְ/שַׂמְתָּ֗	c/7760 a	HC/Vqq2ms
Zech 6:11	בְּ/רֹ֛אשׁ	b/7218 a	HR/Ncmsc
Zech 6:11	יְהוֹשֻׁ֥עַ	3091	HNp
Zech 6:11	בֶּן	1121 a	HNcmsc
Zech 6:11	יְהוֹצָדָ֖ק	3087	HNp
Zech 6:11	הַ/כֹּהֵ֥ן	d/3548	HTd/Ncmsa
Zech 6:11	הַ/גָּדֽוֹל	d/1419 a	HTd/Aamsa
Zech 6:12	וְ/אָמַרְתָּ֤	c/559	HC/Vqq2ms
Zech 6:12	אֵלָי/ו֙	413	HR/Sp3ms
Zech 6:12	לֵ/אמֹ֔ר	l/559	HR/Vqc
Zech 6:12	כֹּ֥ה	3541	HD
Zech 6:12	אָמַ֛ר	559	HVqp3ms
Zech 6:12	יְהוָ֥ה	3068	HNp
Zech 6:12	צְבָא֖וֹת	6635 b	HNcbpa
Zech 6:12	לֵ/אמֹ֑ר	l/559	HR/Vqc
Zech 6:12	הִנֵּה	2009	HTm
Zech 6:12	אִ֞ישׁ	376	HNcmsa
Zech 6:12	צֶ֤מַח	6780	HNcmsa
Zech 6:12	שְׁמ/וֹ֙	8034	HNcmsc/Sp3ms
Zech 6:12	וּ/מִ/תַּחְתָּ֣י/ו	c/m/8478	HC/R/R/Sp3ms
Zech 6:12	יִצְמָ֔ח	6779	HVqi3ms
Zech 6:12	וּ/בָנָ֖ה	c/1129	HC/Vqq3ms
Zech 6:12	אֶת	853	HTo
Zech 6:12	הֵיכַ֥ל	1964	HNcmsc
Zech 6:12	יְהוָֽהּ	3068	HNp
Zech 6:13	וְ֠/הוּא	c/1931	HC/Pp3ms
Zech 6:13	יִבְנֶ֞ה	1129	HVqi3ms
Zech 6:13	אֶת	853	HTo
Zech 6:13	הֵיכַ֤ל	1964	HNcmsc
Zech 6:13	יְהוָה֙	3068	HNp
Zech 6:13	וְ/הֽוּא	c/1931	HC/Pp3ms
Zech 6:13	יִשָּׂ֣א	5375	HVqi3ms
Zech 6:13	ה֔וֹד	1935	HNcmsa
Zech 6:13	וְ/יָשַׁ֥ב	c/3427	HC/Vqq3ms
Zech 6:13	וּ/מָשַׁ֖ל	c/4910	HC/Vqq3ms
Zech 6:13	עַל	5921 a	HR
Zech 6:13	כִּסְא֑/וֹ	3678	HNcmsc/Sp3ms
Zech 6:13	וְ/הָיָ֤ה	c/1961	HC/Vqq3ms
Zech 6:13	כֹהֵן֙	3548	HNcmsa
Zech 6:13	עַל	5921 a	HR
Zech 6:13	כִּסְא֔/וֹ	3678	HNcmsc/Sp3ms
Zech 6:13	וַ/עֲצַ֣ת	c/6098	HC/Ncfsc
Zech 6:13	שָׁל֔וֹם	7965	HNcmsa
Zech 6:13	תִּהְיֶ֖ה	1961	HVqi3fs
Zech 6:13	בֵּ֥ין	996	HR
Zech 6:13	שְׁנֵי/הֶֽם	8147	HAcmdc/Sp3mp
Zech 6:14	וְ/הָ/עֲטָרֹ֗ת	c/d/5850	HC/Td/Ncfpa
Zech 6:14	תִּֽהְיֶה֙	1961	HVqi3fs
Zech 6:14	לְ/חֵ֨לֶם֙	l/2494	HR/Np
Zech 6:14	וּ/לְ/טוֹבִיָּ֣ה	c/l/2900	HC/R/Np
Zech 6:14	וְ/לִ/ידַֽעְיָ֔ה	c/l/3048	HC/R/Np
Zech 6:14	וּ/לְ/חֵ֖ן	c/l/2581	HC/R/Np
Zech 6:14	בֶּן	1121 a	HNcmsc
Zech 6:14	צְפַנְיָ֑ה	6846	HNp
Zech 6:14	לְ/זִכָּר֖וֹן	l/2146	HR/Ncmsa
Zech 6:14	בְּ/הֵיכַ֥ל	b/1964	HR/Ncmsc
Zech 6:14	יְהוָֽה	3068	HNp
Zech 6:15	וּ/רְחוֹקִ֣ים	c/7350	HC/Aampa
Zech 6:15	יָבֹ֗אוּ	935	HVqi3mp
Zech 6:15	וּ/בָנוּ֙	c/1129	HC/Vqq3cp
Zech 6:15	בְּ/הֵיכַ֣ל	b/1964	HR/Ncmsc
Zech 6:15	יְהוָ֔ה	3068	HNp
Zech 6:15	וִ/ידַעְתֶּ֕ם	c/3045	HC/Vqq2mp
Zech 6:15	כִּֽי	3588 a	HC
Zech 6:15	יְהוָ֥ה	3068	HNp
Zech 6:15	צְבָא֖וֹת	6635 b	HNcbpa
Zech 6:15	שְׁלָחַ֣/נִי	7971	HVqp3ms/Sp1cs
Zech 6:15	אֲלֵי/כֶ֑ם	413	HR/Sp2mp
Zech 6:15	וְ/הָיָה֙	c/1961	HC/Vqq3ms
Zech 6:15	אִם	518 a	HC
Zech 6:15	שָׁמ֣וֹעַ	8085	HVqa
Zech 6:15	תִּשְׁמְע֔וּ/ן	8085	HVqi2mp/Sn
Zech 6:15	בְּ/ק֖וֹל	b/6963 a	HR/Ncmsc
Zech 6:15	יְהוָ֥ה	3068	HNp
Zech 6:15	אֱלֹהֵי/כֶֽם	430	HNcmpc/Sp2mp
Zech 7:1	וַֽ/יְהִי֙	c/1961	HC/Vqw3ms
Zech 7:1	בִּ/שְׁנַ֣ת	b/8141	HR/Ncfsc
Zech 7:1	אַרְבַּ֔ע	702	HAcfsa
Zech 7:1	לְ/דָרְיָ֖וֶשׁ	l/1867	HR/Np
Zech 7:1	הַ/מֶּ֑לֶךְ	d/4428	HTd/Ncmsa
Zech 7:1	הָיָ֨ה	1961	HVqp3ms
Zech 7:1	דְבַר	1697	HNcmsc
Zech 7:1	יְהוָ֜ה	3068	HNp
Zech 7:1	אֶל	413	HR
Zech 7:1	זְכַרְיָ֗ה	2148 a	HNp
Zech 7:1	בְּ/אַרְבָּעָ֛ה	b/702	HR/Acmsa
Zech 7:1	לַ/חֹ֥דֶשׁ	l/2320	HRd/Ncmsa
Zech 7:1	הַ/תְּשִׁעִ֖י	d/8671	HTd/Aomsa
Zech 7:1	בְּ/כִסְלֵֽו	b/3691	HR/Np
Zech 7:2	וַ/יִּשְׁלַח֙	c/7971	HC/Vqw3ms
Zech 7:2	בֵּֽית	1008+	HNp
Zech 7:2	אֵ֔ל	1008	HNp
Zech 7:2	שַׂר	8272+	HNp
Zech 7:2	אֶ֕צֶר	8272	HNp
Zech 7:2	וְ/רֶ֥גֶם	c/7278+	HC/Np
Zech 7:2	מֶ֖לֶךְ	7278	HNp
Zech 7:2	וַֽ/אֲנָשָׁ֑י/ו	c/376	HC/Ncmpc/Sp3ms
Zech 7:2	לְ/חַלּ֖וֹת	l/2470 b	HR/Vpc
Zech 7:2	אֶת	853	HTo
Zech 7:2	פְּנֵ֥י	6440	HNcbpc
Zech 7:2	יְהוָֽה	3068	HNp
Zech 7:3	לֵ/אמֹ֗ר	l/559	HR/Vqc
Zech 7:3	אֶל	413	HR
Zech 7:3	הַ/כֹּֽהֲנִים֙	d/3548	HTd/Ncmpa
Zech 7:3	אֲשֶׁר֙	834 a	HTr
Zech 7:3	לְ/בֵית	l/1004 b	HR/Ncmsc
Zech 7:3	יְהוָ֣ה	3068	HNp
Zech 7:3	צְבָא֔וֹת	6635 b	HNcbpa
Zech 7:3	וְ/אֶל	c/413	HC/R
Zech 7:3	הַ/נְּבִיאִ֖ים	d/5030	HTd/Ncmpa
Zech 7:3	לֵ/אמֹ֑ר	l/559	HR/Vqc
Zech 7:3	הַֽ/אֶבְכֶּה֙	i/1058	HTi/Vqi1cs
Zech 7:3	בַּ/חֹ֣דֶשׁ	b/2320	HRd/Ncmsa
Zech 7:3	הַ/חֲמִשִׁ֔י	d/2549	HTd/Aomsa
Zech 7:3	הִנָּזֵ֕ר	5144 a	HVNa
Zech 7:3	כַּ/אֲשֶׁ֣ר	k/834 d	HR/Tr
Zech 7:3	עָשִׂ֔יתִי	6213 a	HVqp1cs
Zech 7:3	זֶ֖ה	2088	HPdxms
Zech 7:3	כַּ/מֶּ֥ה	k/4100	HR/Ti
Zech 7:3	שָׁנִֽים	8141	HNcfpa
Zech 7:4	וַ/יְהִ֛י	c/1961	HC/Vqw3ms
Zech 7:4	דְּבַר	1697	HNcmsc
Zech 7:4	יְהוָ֥ה	3068	HNp
Zech 7:4	צְבָא֖וֹת	6635 b	HNcbpa
Zech 7:4	אֵלַ֥/י	413	HR/Sp1cs
Zech 7:4	לֵ/אמֹֽר	l/559	HR/Vqc
Zech 7:5	אֱמֹר֙	559	HVqv2ms
Zech 7:5	אֶל	413	HR
Zech 7:5	כָּל	3605	HNcmsc
Zech 7:5	עַ֣ם	5971 a	HNcmsc
Zech 7:5	הָ/אָ֔רֶץ	d/776	HTd/Ncbsa
Zech 7:5	וְ/אֶל	c/413	HC/R
Zech 7:5	הַ/כֹּהֲנִ֖ים	d/3548	HTd/Ncmpa
Zech 7:5	לֵ/אמֹ֑ר	l/559	HR/Vqc
Zech 7:5	כִּֽי	3588 a	HC
Zech 7:5	צַמְתֶּ֨ם	6684	HVqp2mp
Zech 7:5	וְ/סָפ֜וֹד	c/5594	HC/Vqa
Zech 7:5	בַּ/חֲמִישִׁ֣י	b/2549	HRd/Aomsa
Zech 7:5	וּ/בַ/שְּׁבִיעִ֗י	c/b/7637	HC/Rd/Aomsa
Zech 7:5	וְ/זֶה֙	c/2088	HC/Pdxms
Zech 7:5	שִׁבְעִ֣ים	7657	HAcbpa
Zech 7:5	שָׁנָ֔ה	8141	HNcfsa
Zech 7:5	הֲ/צ֥וֹם	i/6684	HTi/Vqa
Zech 7:5	צַמְתֻּ֖/נִי	6684	HVqp2mp/Sp1cs
Zech 7:5	אָֽנִי	589	HPp1cs
Zech 7:6	וְ/כִ֥י	c/3588 a	HC/C
Zech 7:6	תֹאכְל֖וּ	398	HVqi2mp
Zech 7:6	וְ/כִ֣י	c/3588 a	HC/C
Zech 7:6	תִשְׁתּ֑וּ	8354	HVqi2mp
Zech 7:6	הֲ/ל֤וֹא	i/3808	HTi/Tn
Zech 7:6	אַתֶּם֙	859 d	HPp2mp
Zech 7:6	הָ/אֹ֣כְלִ֔ים	d/398	HTd/Vqrmpa
Zech 7:6	וְ/אַתֶּ֖ם	c/859 d	HC/Pp2mp
Zech 7:6	הַ/שֹּׁתִֽים	d/8354	HTd/Vqrmpa
Zech 7:7	הֲ/ל֣וֹא	i/3808	HTi/Tn
Zech 7:7	אֶת	853	HTo
Zech 7:7	הַ/דְּבָרִ֗ים	d/1697	HTd/Ncmpa
Zech 7:7	אֲשֶׁ֨ר	834 a	HTr
Zech 7:7	קָרָ֤א	7121	HVqp3ms
Zech 7:7	יְהוָה֙	3068	HNp
Zech 7:7	בְּ/יַד֙	b/3027	HR/Ncbsc
Zech 7:7	הַ/נְּבִיאִ֣ים	d/5030	HTd/Ncmpa
Zech 7:7	הָ/רִֽאשֹׁנִ֔ים	d/7223	HTd/Aampa
Zech 7:7	בִּ/הְי֤וֹת	b/1961	HR/Vqc
Zech 7:7	יְרוּשָׁלִַ֨ם֙	3389	HNp
Zech 7:7	יֹשֶׁ֣בֶת	3427	HVqrfsa
Zech 7:7	וּ/שְׁלֵוָ֔ה	c/7961	HC/Aafsa
Zech 7:7	וְ/עָרֶ֖י/הָ	c/5892 b	HC/Ncfpc/Sp3fs
Zech 7:7	סְבִיבֹתֶ֑י/הָ	5439	HNcbpc/Sp3fs
Zech 7:7	וְ/הַ/נֶּ֥גֶב	c/d/5045	HC/Td/Ncmsa
Zech 7:7	וְ/הַ/שְּׁפֵלָ֖ה	c/d/8219	HC/Td/Ncfsa
Zech 7:7	יֹשֵֽׁב	3427	HVqrmsa
Zech 7:8	וַֽ/יְהִי֙	c/1961	HC/Vqw3ms
Zech 7:8	דְּבַר	1697	HNcmsc
Zech 7:8	יְהוָ֔ה	3068	HNp
Zech 7:8	אֶל	413	HR
Zech 7:8	זְכַרְיָ֖ה	2148 a	HNp
Zech 7:8	לֵ/אמֹֽר	l/559	HR/Vqc
Zech 7:9	כֹּ֥ה	3541	HD
Zech 7:9	אָמַ֛ר	559	HVqp3ms
Zech 7:9	יְהוָ֥ה	3068	HNp
Zech 7:9	צְבָא֖וֹת	6635 b	HNcbpa
Zech 7:9	לֵ/אמֹ֑ר	l/559	HR/Vqc
Zech 7:9	מִשְׁפַּ֤ט	4941	HNcmsc
Zech 7:9	אֱמֶת֙	571	HNcfsa
Zech 7:9	שְׁפֹ֔טוּ	8199	HVqv2mp
Zech 7:9	וְ/חֶ֣סֶד	c/2617 a	HC/Ncmsa
Zech 7:9	וְ/רַֽחֲמִ֔ים	c/7356 b	HC/Ncmpa
Zech 7:9	עֲשׂ֖וּ	6213 a	HVqv2mp
Zech 7:9	אִ֥ישׁ	376	HNcmsa
Zech 7:9	אֶת	854	HR
Zech 7:9	אָחִֽי/ו	251	HNcmsc/Sp3ms
Zech 7:10	וְ/אַלְמָנָ֧ה	c/490	HC/Ncfsa
Zech 7:10	וְ/יָת֛וֹם	c/3490	HC/Ncmsa
Zech 7:10	גֵּ֥ר	1616	HNcmsa
Zech 7:10	וְ/עָנִ֖י	c/6041	HC/Aamsa
Zech 7:10	אַֽל	408	HTn
Zech 7:10	תַּעֲשֹׁ֑קוּ	6231	HVqj2mp
Zech 7:10	וְ/רָעַת֙	c/7451 c	HC/Ncfsc
Zech 7:10	אִ֣ישׁ	376	HNcmsa
Zech 7:10	אָחִ֔י/ו	251	HNcmsc/Sp3ms
Zech 7:10	אַֽל	408	HTn
Zech 7:10	תַּחְשְׁב֖וּ	2803	HVqj2mp
Zech 7:10	בִּ/לְבַבְ/כֶֽם	b/3824	HR/Ncmsc/Sp2mp
Zech 7:11	וַ/יְמָאֲנ֣וּ	c/3985	HC/Vpw3mp
Zech 7:11	לְ/הַקְשִׁ֔יב	l/7181	HR/Vhc
Zech 7:11	וַ/יִּתְּנ֥וּ	c/5414	HC/Vqw3mp
Zech 7:11	כָתֵ֖ף	3802	HNcfsa
Zech 7:11	סֹרָ֑רֶת	5637	HVqrfsa
Zech 7:11	וְ/אָזְנֵי/הֶ֖ם	c/241	HC/Ncfdc/Sp3mp
Zech 7:11	הִכְבִּ֥ידוּ	3513	HVhp3cp
Zech 7:11	מִ/שְּׁמֽוֹעַ	m/8085	HR/Vqc
Zech 7:12	וְ/לִבָּ֞/ם	c/3820 a	HC/Ncmsc/Sp3mp
Zech 7:12	שָׂ֣מוּ	7760 a	HVqp3cp
Zech 7:12	שָׁמִ֗יר	8068	HNcmsa
Zech 7:12	מִ֠/שְּׁמוֹעַ	m/8085	HR/Vqc
Zech 7:12	אֶת	853	HTo
Zech 7:12	הַ/תּוֹרָ֤ה	d/8451	HTd/Ncfsa
Zech 7:12	וְ/אֶת	c/853	HC/To
Zech 7:12	הַ/דְּבָרִים֙	d/1697	HTd/Ncmpa
Zech 7:12	אֲשֶׁ֨ר	834 a	HTr
Zech 7:12	שָׁלַ֜ח	7971	HVqp3ms
Zech 7:12	יְהוָ֤ה	3068	HNp
Zech 7:12	צְבָאוֹת֙	6635 b	HNcbpa
Zech 7:12	בְּ/רוּח֔/וֹ	b/7307	HR/Ncbsc/Sp3ms
Zech 7:12	בְּ/יַ֖ד	b/3027	HR/Ncbsc
Zech 7:12	הַ/נְּבִיאִ֣ים	d/5030	HTd/Ncmpa
Zech 7:12	הָ/רִֽאשֹׁנִ֑ים	d/7223	HTd/Aampa
Zech 7:12	וַֽ/יְהִי֙	c/1961	HC/Vqw3ms
Zech 7:12	קֶ֣צֶף	7110 a	HNcmsa
Zech 7:12	גָּד֔וֹל	1419 a	HAamsa
Zech 7:12	מֵ/אֵ֖ת	m/854	HR/R
Zech 7:12	יְהוָ֥ה	3068	HNp
Zech 7:12	צְבָאֽוֹת	6635 b	HNcbpa
Zech 7:13	וַ/יְהִ֥י	c/1961	HC/Vqw3ms
Zech 7:13	כַ/אֲשֶׁר	k/834 d	HR/Tr
Zech 7:13	קָרָ֖א	7121	HVqp3ms
Zech 7:13	וְ/לֹ֣א	c/3808	HC/Tn
Zech 7:13	שָׁמֵ֑עוּ	8085	HVqp3cp
Zech 7:13	כֵּ֤ן	3651 c	HTm
Zech 7:13	יִקְרְאוּ֙	7121	HVqi3mp
Zech 7:13	וְ/לֹ֣א	c/3808	HC/Tn
Zech 7:13	אֶשְׁמָ֔ע	8085	HVqi1cs
Zech 7:13	אָמַ֖ר	559	HVqp3ms
Zech 7:13	יְהוָ֥ה	3068	HNp
Zech 7:13	צְבָאֽוֹת	6635 b	HNcbpa
Zech 7:14	וְ/אֵ֣סָעֲרֵ֗/ם	c/5590	HC/Vpi1cs/Sp3mp
Zech 7:14	עַ֤ל	5921 a	HR
Zech 7:14	כָּל	3605	HNcmsc
Zech 7:14	הַ/גּוֹיִם֙	d/1471 a	HTd/Ncmpa
Zech 7:14	אֲשֶׁ֣ר	834 a	HTr
Zech 7:14	לֹֽא	3808	HTn
Zech 7:14	יְדָע֔וּ/ם	3045	HVqp3cp/Sp3mp
Zech 7:14	וְ/הָ/אָ֨רֶץ֙	c/d/776	HC/Td/Ncbsa
Zech 7:14	נָשַׁ֣מָּה	8047	HVNp3fs
Zech 7:14	אַֽחֲרֵי/הֶ֔ם	310 a	HR/Sp3mp
Zech 7:14	מֵֽ/עֹבֵ֖ר	m/5674 a	HR/Vqrmsa
Zech 7:14	וּ/מִ/שָּׁ֑ב	c/m/7725	HC/R/Vqrmsa
Zech 7:14	וַ/יָּשִׂ֥ימוּ	c/7760 a	HC/Vqw3mp
Zech 7:14	אֶֽרֶץ	776	HNcbsc
Zech 7:14	חֶמְדָּ֖ה	2532 a	HNcfsa
Zech 7:14	לְ/שַׁמָּֽה	l/8047	HR/Ncfsa
Zech 8:1	וַ/יְהִ֛י	c/1961	HC/Vqw3ms
Zech 8:1	דְּבַר	1697	HNcmsc
Zech 8:1	יְהוָ֥ה	3068	HNp
Zech 8:1	צְבָא֖וֹת	6635 b	HNcbpa
Zech 8:1	לֵ/אמֹֽר	l/559	HR/Vqc
Zech 8:2	כֹּ֤ה	3541	HD
Zech 8:2	אָמַר֙	559	HVqp3ms
Zech 8:2	יְהוָ֣ה	3068	HNp
Zech 8:2	צְבָא֔וֹת	6635 b	HNcbpa
Zech 8:2	קִנֵּ֥אתִי	7065	HVpp1cs
Zech 8:2	לְ/צִיּ֖וֹן	l/6726	HR/Np
Zech 8:2	קִנְאָ֣ה	7068	HNcfsa
Zech 8:2	גְדוֹלָ֑ה	1419 a	HAafsa
Zech 8:2	וְ/חֵמָ֥ה	c/2534	HC/Ncfsa
Zech 8:2	גְדוֹלָ֖ה	1419 a	HAafsa
Zech 8:2	קִנֵּ֥אתִי	7065	HVpp1cs
Zech 8:2	לָֽ/הּ	l	HR/Sp3fs
Zech 8:3	כֹּ֚ה	3541	HD
Zech 8:3	אָמַ֣ר	559	HVqp3ms
Zech 8:3	יְהוָ֔ה	3068	HNp
Zech 8:3	שַׁ֚בְתִּי	7725	HVqp1cs
Zech 8:3	אֶל	413	HR
Zech 8:3	צִיּ֔וֹן	6726	HNp
Zech 8:3	וְ/שָׁכַנְתִּ֖י	c/7931	HC/Vqp1cs
Zech 8:3	בְּ/ת֣וֹךְ	b/8432	HR/Ncmsc
Zech 8:3	יְרֽוּשָׁלִָ֑ם	3389	HNp
Zech 8:3	וְ/נִקְרְאָ֤ה	c/7121	HC/VNp3fs
Zech 8:3	יְרוּשָׁלִַ֨ם֙	3389	HNp
Zech 8:3	עִ֣יר	5892 b	HNcfsc
Zech 8:3	הָֽ/אֱמֶ֔ת	d/571	HTd/Ncfsa
Zech 8:3	וְ/הַר	c/2022	HC/Ncmsc
Zech 8:3	יְהוָ֥ה	3068	HNp
Zech 8:3	צְבָא֖וֹת	6635 b	HNcbpa
Zech 8:3	הַ֥ר	2022	HNcmsc
Zech 8:3	הַ/קֹּֽדֶשׁ	d/6944	HTd/Ncmsa
Zech 8:4	כֹּ֤ה	3541	HD
Zech 8:4	אָמַר֙	559	HVqp3ms
Zech 8:4	יְהוָ֣ה	3068	HNp
Zech 8:4	צְבָא֔וֹת	6635 b	HNcbpa
Zech 8:4	עֹ֤ד	5750	HD
Zech 8:4	יֵֽשְׁבוּ֙	3427	HVqi3mp
Zech 8:4	זְקֵנִ֣ים	2205	HAampa
Zech 8:4	וּ/זְקֵנ֔וֹת	c/2205	HC/Aafpa
Zech 8:4	בִּ/רְחֹב֖וֹת	b/7339	HR/Ncfpc
Zech 8:4	יְרוּשָׁלִָ֑ם	3389	HNp
Zech 8:4	וְ/אִ֧ישׁ	c/376	HC/Ncmsa
Zech 8:4	מִשְׁעַנְתּ֛/וֹ	4938 b	HNcfsc/Sp3ms
Zech 8:4	בְּ/יָד֖/וֹ	b/3027	HR/Ncbsc/Sp3ms
Zech 8:4	מֵ/רֹ֥ב	m/7230	HR/Ncbsc
Zech 8:4	יָמִֽים	3117	HNcmpa
Zech 8:5	וּ/רְחֹב֤וֹת	c/7339	HC/Ncfpc
Zech 8:5	הָ/עִיר֙	d/5892 b	HTd/Ncfsa
Zech 8:5	יִמָּ֣לְא֔וּ	4390	HVNi3mp
Zech 8:5	יְלָדִ֖ים	3206	HNcmpa
Zech 8:5	וִֽ/ילָד֑וֹת	c/3207	HC/Ncfpa
Zech 8:5	מְשַׂחֲקִ֖ים	7832	HVprmpa
Zech 8:5	בִּ/רְחֹֽבֹתֶֽי/הָ	b/7339	HR/Ncfpc/Sp3fs
Zech 8:6	כֹּ֤ה	3541	HD
Zech 8:6	אָמַר֙	559	HVqp3ms
Zech 8:6	יְהוָ֣ה	3068	HNp
Zech 8:6	צְבָא֔וֹת	6635 b	HNcbpa
Zech 8:6	כִּ֣י	3588 a	HC
Zech 8:6	יִפָּלֵ֗א	6381	HVNi3ms
Zech 8:6	בְּ/עֵינֵי֙	b/5869 a	HR/Ncbdc
Zech 8:6	שְׁאֵרִית֙	7611	HNcfsc
Zech 8:6	הָ/עָ֣ם	d/5971 a	HTd/Ncmsa
Zech 8:6	הַ/זֶּ֔ה	d/2088	HTd/Pdxms
Zech 8:6	בַּ/יָּמִ֖ים	b/3117	HRd/Ncmpa
Zech 8:6	הָ/הֵ֑ם	d/1992	HTd/Pp3mp
Zech 8:6	גַּם	1571	HTa
Zech 8:6	בְּ/עֵינַ/י֙	b/5869 a	HR/Ncbdc/Sp1cs
Zech 8:6	יִפָּלֵ֔א	6381	HVNi3ms
Zech 8:6	נְאֻ֖ם	5002	HNcmsc
Zech 8:6	יְהוָ֥ה	3068	HNp
Zech 8:6	צְבָאֽוֹת	6635 b	HNcbpa
Zech 8:7	כֹּ֤ה	3541	HD
Zech 8:7	אָמַר֙	559	HVqp3ms
Zech 8:7	יְהוָ֣ה	3068	HNp
Zech 8:7	צְבָא֔וֹת	6635 b	HNcbpa
Zech 8:7	הִנְ/נִ֥י	2005	HTm/Sp1cs
Zech 8:7	מוֹשִׁ֛יעַ	3467	HVhrmsa
Zech 8:7	אֶת	853	HTo
Zech 8:7	עַמִּ֖/י	5971 a	HNcmsc/Sp1cs
Zech 8:7	מֵ/אֶ֣רֶץ	m/776	HR/Ncbsc
Zech 8:7	מִזְרָ֑ח	4217	HNcmsa
Zech 8:7	וּ/מֵ/אֶ֖רֶץ	c/m/776	HC/R/Ncbsc
Zech 8:7	מְב֥וֹא	3996	HNcmsc
Zech 8:7	הַ/שָּֽׁמֶשׁ	d/8121	HTd/Ncbsa
Zech 8:8	וְ/הֵבֵאתִ֣י	c/935	HC/Vhp1cs
Zech 8:8	אֹתָ֔/ם	853	HTo/Sp3mp
Zech 8:8	וְ/שָׁכְנ֖וּ	c/7931	HC/Vqp3cp
Zech 8:8	בְּ/ת֣וֹךְ	b/8432	HR/Ncmsc
Zech 8:8	יְרוּשָׁלִָ֑ם	3389	HNp
Zech 8:8	וְ/הָיוּ	c/1961	HC/Vqp3cp
Zech 8:8	לִ֣/י	l	HR/Sp1cs
Zech 8:8	לְ/עָ֗ם	l/5971 a	HR/Ncmsa
Zech 8:8	וַֽ/אֲנִי֙	c/589	HC/Pp1cs
Zech 8:8	אֶהְיֶ֤ה	1961	HVqi1cs
Zech 8:8	לָ/הֶם֙	l	HR/Sp3mp
Zech 8:8	לֵֽ/אלֹהִ֔ים	l/430	HR/Ncmpa
Zech 8:8	בֶּ/אֱמֶ֖ת	b/571	HR/Ncfsa
Zech 8:8	וּ/בִ/צְדָקָֽה	c/b/6666	HC/R/Ncfsa
Zech 8:9	כֹּֽה	3541	HD
Zech 8:9	אָמַר֮	559	HVqp3ms
Zech 8:9	יְהוָ֣ה	3068	HNp
Zech 8:9	צְבָאוֹת֒	6635 b	HNcbpa
Zech 8:9	תֶּחֱזַ֣קְנָה	2388	HVqj3fp
Zech 8:9	יְדֵי/כֶ֔ם	3027	HNcbdc/Sp2mp
Zech 8:9	הַ/שֹּֽׁמְעִים֙	d/8085	HTd/Vqrmpa
Zech 8:9	בַּ/יָּמִ֣ים	b/3117	HRd/Ncmpa
Zech 8:9	הָ/אֵ֔לֶּה	d/428	HTd/Pdxcp
Zech 8:9	אֵ֖ת	853	HTo
Zech 8:9	הַ/דְּבָרִ֣ים	d/1697	HTd/Ncmpa
Zech 8:9	הָ/אֵ֑לֶּה	d/428	HTd/Pdxcp
Zech 8:9	מִ/פִּי֙	m/6310	HR/Ncmsc
Zech 8:9	הַ/נְּבִיאִ֔ים	d/5030	HTd/Ncmpa
Zech 8:9	אֲ֠שֶׁר	834 a	HTr
Zech 8:9	בְּ/י֞וֹם	b/3117	HR/Ncmsa
Zech 8:9	יֻסַּ֨ד	3245	HVPp3ms
Zech 8:9	בֵּית	1004 b	HNcmsc
Zech 8:9	יְהוָ֧ה	3068	HNp
Zech 8:9	צְבָא֛וֹת	6635 b	HNcbpa
Zech 8:9	הַ/הֵיכָ֖ל	d/1964	HTd/Ncmsa
Zech 8:9	לְ/הִבָּנֽוֹת	l/1129	HR/VNc
Zech 8:10	כִּ֗י	3588 a	HC
Zech 8:10	לִ/פְנֵי֙	l/6440	HR/Ncbpc
Zech 8:10	הַ/יָּמִ֣ים	d/3117	HTd/Ncmpa
Zech 8:10	הָ/הֵ֔ם	d/1992	HTd/Pp3mp
Zech 8:10	שְׂכַ֤ר	7939	HNcmsc
Zech 8:10	הָֽ/אָדָם֙	d/120	HTd/Ncmsa
Zech 8:10	לֹ֣א	3808	HTn
Zech 8:10	נִֽהְיָ֔ה	1961	HVNp3ms
Zech 8:10	וּ/שְׂכַ֥ר	c/7939	HC/Ncmsc
Zech 8:10	הַ/בְּהֵמָ֖ה	d/929	HTd/Ncfsa
Zech 8:10	אֵינֶ֑/נָּה	369	HTn/Sp3fs
Zech 8:10	וְ/לַ/יּוֹצֵ֨א	c/l/3318	HC/Rd/Vqrmsa
Zech 8:10	וְ/לַ/בָּ֤א	c/l/935	HC/Rd/Vqrmsa
Zech 8:10	אֵין	369	HTn
Zech 8:10	שָׁלוֹם֙	7965	HNcmsa
Zech 8:10	מִן	4480 a	HR
Zech 8:10	הַ/צָּ֔ר	d/6862 c	HTd/Ncmsa
Zech 8:10	וַ/אֲשַׁלַּ֥ח	c/7971	HC/Vpi1cs
Zech 8:10	אֶת	853	HTo
Zech 8:10	כָּל	3605	HNcmsc
Zech 8:10	הָ/אָדָ֖ם	d/120	HTd/Ncmsa
Zech 8:10	אִ֥ישׁ	376	HNcmsa
Zech 8:10	בְּ/רֵעֵֽ/הוּ	b/7453	HR/Ncmsc/Sp3ms
Zech 8:11	וְ/עַתָּ֗ה	c/6258	HC/D
Zech 8:11	לֹ֣א	3808	HTn
Zech 8:11	כַ/יָּמִ֤ים	k/3117	HRd/Ncmpa
Zech 8:11	הָ/רִֽאשֹׁנִים֙	d/7223	HTd/Aampa
Zech 8:11	אֲנִ֔י	589	HPp1cs
Zech 8:11	לִ/שְׁאֵרִ֖ית	l/7611	HR/Ncfsc
Zech 8:11	הָ/עָ֣ם	d/5971 a	HTd/Ncmsa
Zech 8:11	הַ/זֶּ֑ה	d/2088	HTd/Pdxms
Zech 8:11	נְאֻ֖ם	5002	HNcmsc
Zech 8:11	יְהוָ֥ה	3068	HNp
Zech 8:11	צְבָאֽוֹת	6635 b	HNcbpa
Zech 8:12	כִּֽי	3588 a	HC
Zech 8:12	זֶ֣רַע	2233	HNcmsc
Zech 8:12	הַ/שָּׁל֗וֹם	d/7965	HTd/Ncmsa
Zech 8:12	הַ/גֶּ֜פֶן	d/1612	HTd/Ncbsa
Zech 8:12	תִּתֵּ֤ן	5414	HVqi3fs
Zech 8:12	פִּרְיָ/הּ֙	6529	HNcmsc/Sp3fs
Zech 8:12	וְ/הָ/אָ֨רֶץ֙	c/d/776	HC/Td/Ncbsa
Zech 8:12	תִּתֵּ֣ן	5414	HVqi3fs
Zech 8:12	אֶת	853	HTo
Zech 8:12	יְבוּלָ֔/הּ	2981	HNcmsc/Sp3fs
Zech 8:12	וְ/הַ/שָּׁמַ֖יִם	c/d/8064	HC/Td/Ncmpa
Zech 8:12	יִתְּנ֣וּ	5414	HVqi3mp
Zech 8:12	טַלָּ֑/ם	2919	HNcmsc/Sp3mp
Zech 8:12	וְ/הִנְחַלְתִּ֗י	c/5157	HC/Vhp1cs
Zech 8:12	אֶת	853	HTo
Zech 8:12	שְׁאֵרִ֛ית	7611	HNcfsc
Zech 8:12	הָ/עָ֥ם	d/5971 a	HTd/Ncmsa
Zech 8:12	הַ/זֶּ֖ה	d/2088	HTd/Pdxms
Zech 8:12	אֶת	853	HTo
Zech 8:12	כָּל	3605	HNcmsc
Zech 8:12	אֵֽלֶּה	428	HPdxcp
Zech 8:13	וְ/הָיָ֡ה	c/1961	HC/Vqp3ms
Zech 8:13	כַּ/אֲשֶׁר֩	k/834 d	HR/Tr
Zech 8:13	הֱיִיתֶ֨ם	1961	HVqp2mp
Zech 8:13	קְלָלָ֜ה	7045	HNcfsa
Zech 8:13	בַּ/גּוֹיִ֗ם	b/1471 a	HRd/Ncmpa
Zech 8:13	בֵּ֤ית	1004 b	HNcmsc
Zech 8:13	יְהוּדָה֙	3063	HNp
Zech 8:13	וּ/בֵ֣ית	c/1004 b	HC/Ncmsc
Zech 8:13	יִשְׂרָאֵ֔ל	3478	HNp
Zech 8:13	כֵּ֚ן	3651 c	HTm
Zech 8:13	אוֹשִׁ֣יעַ	3467	HVhi1cs
Zech 8:13	אֶתְ/כֶ֔ם	853	HTo/Sp2mp
Zech 8:13	וִ/הְיִיתֶ֖ם	c/1961	HC/Vqp2mp
Zech 8:13	בְּרָכָ֑ה	1293	HNcfsa
Zech 8:13	אַל	408	HTn
Zech 8:13	תִּירָ֖אוּ	3372	HVqj2mp
Zech 8:13	תֶּחֱזַ֥קְנָה	2388	HVqi3fp
Zech 8:13	יְדֵי/כֶֽם	3027	HNcbdc/Sp2mp
Zech 8:14	כִּ֣י	3588 a	HC
Zech 8:14	כֹ֣ה	3541	HD
Zech 8:14	אָמַר֮	559	HVqp3ms
Zech 8:14	יְהוָ֣ה	3068	HNp
Zech 8:14	צְבָאוֹת֒	6635 b	HNcbpa
Zech 8:14	כַּ/אֲשֶׁ֨ר	k/834 d	HR/Tr
Zech 8:14	זָמַמְ֜תִּי	2161	HVqp1cs
Zech 8:14	לְ/הָרַ֣ע	l/7489 a	HR/Vhc
Zech 8:14	לָ/כֶ֗ם	l	HR/Sp2mp
Zech 8:14	בְּ/הַקְצִ֤יף	b/7107	HR/Vhc
Zech 8:14	אֲבֹֽתֵי/כֶם֙	1	HNcmpc/Sp2mp
Zech 8:14	אֹתִ֔/י	853	HTo/Sp1cs
Zech 8:14	אָמַ֖ר	559	HVqp3ms
Zech 8:14	יְהוָ֣ה	3068	HNp
Zech 8:14	צְבָא֑וֹת	6635 b	HNcbpa
Zech 8:14	וְ/לֹ֖א	c/3808	HC/Tn
Zech 8:14	נִחָֽמְתִּי	5162	HVNp1cs
Zech 8:15	כֵּ֣ן	3651 c	HTm
Zech 8:15	שַׁ֤בְתִּי	7725	HVqp1cs
Zech 8:15	זָמַ֨מְתִּי֙	2161	HVqp1cs
Zech 8:15	בַּ/יָּמִ֣ים	b/3117	HRd/Ncmpa
Zech 8:15	הָ/אֵ֔לֶּה	d/428	HTd/Pdxcp
Zech 8:15	לְ/הֵיטִ֥יב	l/3190	HR/Vhc
Zech 8:15	אֶת	853	HTo
Zech 8:15	יְרוּשָׁלִַ֖ם	3389	HNp
Zech 8:15	וְ/אֶת	c/853	HC/To
Zech 8:15	בֵּ֣ית	1004 b	HNcmsc
Zech 8:15	יְהוּדָ֑ה	3063	HNp
Zech 8:15	אַל	408	HTn
Zech 8:15	תִּירָֽאוּ	3372	HVqj2mp
Zech 8:16	אֵ֥לֶּה	428	HPdxcp
Zech 8:16	הַ/דְּבָרִ֖ים	d/1697	HTd/Ncmpa
Zech 8:16	אֲשֶׁ֣ר	834 a	HTr
Zech 8:16	תַּֽעֲשׂ֑וּ	6213 a	HVqi2mp
Zech 8:16	דַּבְּר֤וּ	1696	HVpv2mp
Zech 8:16	אֱמֶת֙	571	HNcfsa
Zech 8:16	אִ֣ישׁ	376	HNcmsa
Zech 8:16	אֶת	854	HR
Zech 8:16	רֵעֵ֔/הוּ	7453	HNcmsc/Sp3ms
Zech 8:16	אֱמֶת֙	571	HNcfsa
Zech 8:16	וּ/מִשְׁפַּ֣ט	c/4941	HC/Ncmsc
Zech 8:16	שָׁל֔וֹם	7965	HNcmsa
Zech 8:16	שִׁפְט֖וּ	8199	HVqv2mp
Zech 8:16	בְּ/שַׁעֲרֵי/כֶֽם	b/8179	HR/Ncmpc/Sp2mp
Zech 8:17	וְ/אִ֣ישׁ	c/376	HC/Ncmsa
Zech 8:17	אֶת	853	HTo
Zech 8:17	רָעַ֣ת	7451 c	HNcfsc
Zech 8:17	רֵעֵ֗/הוּ	7453	HNcmsc/Sp3ms
Zech 8:17	אַֽל	408	HTn
Zech 8:17	תַּחְשְׁבוּ֙	2803	HVqj2mp
Zech 8:17	בִּ/לְבַבְ/כֶ֔ם	b/3824	HR/Ncmsc/Sp2mp
Zech 8:17	וּ/שְׁבֻ֥עַת	c/7621	HC/Ncfsc
Zech 8:17	שֶׁ֖קֶר	8267	HNcmsa
Zech 8:17	אַֽל	408	HTn
Zech 8:17	תֶּאֱהָ֑בוּ	157	HVqj2mp
Zech 8:17	כִּ֧י	3588 a	HC
Zech 8:17	אֶת	853	HTo
Zech 8:17	כָּל	3605	HNcmsc
Zech 8:17	אֵ֛לֶּה	428	HPdxcp
Zech 8:17	אֲשֶׁ֥ר	834 a	HTr
Zech 8:17	שָׂנֵ֖אתִי	8130	HVqp1cs
Zech 8:17	נְאֻם	5002	HNcmsc
Zech 8:17	יְהוָֽה	3068	HNp
Zech 8:18	וַ/יְהִ֛י	c/1961	HC/Vqw3ms
Zech 8:18	דְּבַר	1697	HNcmsc
Zech 8:18	יְהוָ֥ה	3068	HNp
Zech 8:18	צְבָא֖וֹת	6635 b	HNcbpa
Zech 8:18	אֵלַ֥/י	413	HR/Sp1cs
Zech 8:18	לֵ/אמֹֽר	l/559	HR/Vqc
Zech 8:19	כֹּֽה	3541	HD
Zech 8:19	אָמַ֞ר	559	HVqp3ms
Zech 8:19	יְהוָ֣ה	3068	HNp
Zech 8:19	צְבָא֗וֹת	6635 b	HNcbpa
Zech 8:19	צ֣וֹם	6685	HNcmsc
Zech 8:19	הָ/רְבִיעִ֡י	d/7243	HTd/Aomsa
Zech 8:19	וְ/צ֣וֹם	c/6685	HC/Ncmsc
Zech 8:19	הַ/חֲמִישִׁי֩	d/2549	HTd/Aomsa
Zech 8:19	וְ/צ֨וֹם	c/6685	HC/Ncmsc
Zech 8:19	הַ/שְּׁבִיעִ֜י	d/7637	HTd/Aomsa
Zech 8:19	וְ/צ֣וֹם	c/6685	HC/Ncmsc
Zech 8:19	הָ/עֲשִׂירִ֗י	d/6224	HTd/Aomsa
Zech 8:19	יִהְיֶ֤ה	1961	HVqi3ms
Zech 8:19	לְ/בֵית	l/1004 b	HR/Ncmsc
Zech 8:19	יְהוּדָה֙	3063	HNp
Zech 8:19	לְ/שָׂשׂ֣וֹן	l/8342	HR/Ncmsa
Zech 8:19	וּ/לְ/שִׂמְחָ֔ה	c/l/8057	HC/R/Ncfsa
Zech 8:19	וּֽ/לְ/מֹעֲדִ֖ים	c/l/4150	HC/R/Ncmpa
Zech 8:19	טוֹבִ֑ים	2896 a	HAampa
Zech 8:19	וְ/הָ/אֱמֶ֥ת	c/d/571	HC/Td/Ncfsa
Zech 8:19	וְ/הַ/שָּׁל֖וֹם	c/d/7965	HC/Td/Ncmsa
Zech 8:19	אֱהָֽבוּ	157	HVqv2mp
Zech 8:20	כֹּ֥ה	3541	HD
Zech 8:20	אָמַ֖ר	559	HVqp3ms
Zech 8:20	יְהוָ֣ה	3068	HNp
Zech 8:20	צְבָא֑וֹת	6635 b	HNcbpa
Zech 8:20	עֹ֚ד	5750	HD
Zech 8:20	אֲשֶׁ֣ר	834 a	HTr
Zech 8:20	יָבֹ֣אוּ	935	HVqi3mp
Zech 8:20	עַמִּ֔ים	5971 a	HNcmpa
Zech 8:20	וְ/יֹשְׁבֵ֖י	c/3427	HC/Vqrmpc
Zech 8:20	עָרִ֥ים	5892 b	HNcfpa
Zech 8:20	רַבּֽוֹת	7227 a	HAafpa
Zech 8:21	וְֽ/הָלְכ֡וּ	c/1980	HC/Vqp3cp
Zech 8:21	יֹשְׁבֵי֩	3427	HVqrmpc
Zech 8:21	אַחַ֨ת	259	HAcfsa
Zech 8:21	אֶל	413	HR
Zech 8:21	אַחַ֜ת	259	HAcfsa
Zech 8:21	לֵ/אמֹ֗ר	l/559	HR/Vqc
Zech 8:21	נֵלְכָ֤ה	3212	HVqh1cp
Zech 8:21	הָלוֹךְ֙	1980	HVqa
Zech 8:21	לְ/חַלּוֹת֙	l/2470 b	HR/Vpc
Zech 8:21	אֶת	853	HTo
Zech 8:21	פְּנֵ֣י	6440	HNcbpc
Zech 8:21	יְהוָ֔ה	3068	HNp
Zech 8:21	וּ/לְ/בַקֵּ֖שׁ	c/l/1245	HC/R/Vpc
Zech 8:21	אֶת	853	HTo
Zech 8:21	יְהוָ֣ה	3068	HNp
Zech 8:21	צְבָא֑וֹת	6635 b	HNcbpa
Zech 8:21	אֵלְכָ֖ה	3212	HVqi1cs
Zech 8:21	גַּם	1571	HTa
Zech 8:21	אָֽנִי	589	HPp1cs
Zech 8:22	וּ/בָ֨אוּ	c/935	HC/Vqp3cp
Zech 8:22	עַמִּ֤ים	5971 a	HNcmpa
Zech 8:22	רַבִּים֙	7227 a	HAampa
Zech 8:22	וְ/גוֹיִ֣ם	c/1471 a	HC/Ncmpa
Zech 8:22	עֲצוּמִ֔ים	6099	HAampa
Zech 8:22	לְ/בַקֵּ֛שׁ	l/1245	HR/Vpc
Zech 8:22	אֶת	853	HTo
Zech 8:22	יְהוָ֥ה	3068	HNp
Zech 8:22	צְבָא֖וֹת	6635 b	HNcbpa
Zech 8:22	בִּ/ירוּשָׁלִָ֑ם	b/3389	HR/Np
Zech 8:22	וּ/לְ/חַלּ֖וֹת	c/l/2470 b	HC/R/Vpc
Zech 8:22	אֶת	853	HTo
Zech 8:22	פְּנֵ֥י	6440	HNcbpc
Zech 8:22	יְהוָֽה	3068	HNp
Zech 8:23	כֹּ֥ה	3541	HD
Zech 8:23	אָמַר֮	559	HVqp3ms
Zech 8:23	יְהוָ֣ה	3068	HNp
Zech 8:23	צְבָאוֹת֒	6635 b	HNcbpa
Zech 8:23	בַּ/יָּמִ֣ים	b/3117	HRd/Ncmpa
Zech 8:23	הָ/הֵ֔מָּה	d/1992	HTd/Pp3mp
Zech 8:23	אֲשֶׁ֤ר	834 a	HTr
Zech 8:23	יַחֲזִ֨יקוּ֙	2388	HVhi3mp
Zech 8:23	עֲשָׂרָ֣ה	6235	HAcmsa
Zech 8:23	אֲנָשִׁ֔ים	376	HNcmpa
Zech 8:23	מִ/כֹּ֖ל	m/3605	HR/Ncmsc
Zech 8:23	לְשֹׁנ֣וֹת	3956	HNcbpc
Zech 8:23	הַ/גּוֹיִ֑ם	d/1471 a	HTd/Ncmpa
Zech 8:23	וְֽ/הֶחֱזִ֡יקוּ	c/2388	HC/Vhp3cp
Zech 8:23	בִּ/כְנַף֩	b/3671	HR/Ncfsc
Zech 8:23	אִ֨ישׁ	376	HNcmsa
Zech 8:23	יְהוּדִ֜י	3064	HNp
Zech 8:23	לֵ/אמֹ֗ר	l/559	HR/Vqc
Zech 8:23	נֵֽלְכָה֙	3212	HVqh1cp
Zech 8:23	עִמָּ/כֶ֔ם	5973 a	HR/Sp2mp
Zech 8:23	כִּ֥י	3588 a	HC
Zech 8:23	שָׁמַ֖עְנוּ	8085	HVqp1cp
Zech 8:23	אֱלֹהִ֥ים	430	HNcmpa
Zech 8:23	עִמָּ/כֶֽם	5973 a	HR/Sp2mp
Zech 9:1	מַשָּׂ֤א	4853 b	HNcmsc
Zech 9:1	דְבַר	1697	HNcmsc
Zech 9:1	יְהוָה֙	3068	HNp
Zech 9:1	בְּ/אֶ֣רֶץ	b/776	HR/Ncbsc
Zech 9:1	חַדְרָ֔ךְ	2317	HNp
Zech 9:1	וְ/דַמֶּ֖שֶׂק	c/1834	HC/Np
Zech 9:1	מְנֻחָת֑/וֹ	4496	HNcbsc/Sp3ms
Zech 9:1	כִּ֤י	3588 a	HC
Zech 9:1	לַֽ/יהוָה֙	l/3068	HR/Np
Zech 9:1	עֵ֣ין	5869 a	HNcbsc
Zech 9:1	אָדָ֔ם	120	HNcmsa
Zech 9:1	וְ/כֹ֖ל	c/3605	HC/Ncmsc
Zech 9:1	שִׁבְטֵ֥י	7626	HNcmpc
Zech 9:1	יִשְׂרָאֵֽל	3478	HNp
Zech 9:2	וְ/גַם	c/1571	HC/Ta
Zech 9:2	חֲמָ֖ת	2574	HNp
Zech 9:2	תִּגְבָּל	1379	HVqi3fs
Zech 9:2	בָּ֑/הּ	b	HR/Sp3fs
Zech 9:2	צֹ֣ר	6865	HNp
Zech 9:2	וְ/צִיד֔וֹן	c/6721	HC/Np
Zech 9:2	כִּ֥י	3588 a	HC
Zech 9:2	חָֽכְמָ֖ה	2449	HVqp3fs
Zech 9:2	מְאֹֽד	3966	HD
Zech 9:3	וַ/תִּ֥בֶן	c/1129	HC/Vqw3fs
Zech 9:3	צֹ֛ר	6865	HNp
Zech 9:3	מָצ֖וֹר	4692	HNcmsa
Zech 9:3	לָ֑/הּ	l	HR/Sp3fs
Zech 9:3	וַ/תִּצְבָּר	c/6651	HC/Vqw3fs
Zech 9:3	כֶּ֨סֶף֙	3701	HNcmsa
Zech 9:3	כֶּֽ/עָפָ֔ר	k/6083	HRd/Ncmsa
Zech 9:3	וְ/חָר֖וּץ	c/2742 d	HC/Ncmsa
Zech 9:3	כְּ/טִ֥יט	k/2916	HR/Ncmsc
Zech 9:3	חוּצֽוֹת	2351	HNcmpa
Zech 9:4	הִנֵּ֤ה	2009	HTm
Zech 9:4	אֲדֹנָ/י֙	136	HNcmpc/Sp1cs
Zech 9:4	יֽוֹרִשֶׁ֔/נָּה	3423	HVhi3ms/Sp3fs
Zech 9:4	וְ/הִכָּ֥ה	c/5221	HC/Vhp3ms
Zech 9:4	בַ/יָּ֖ם	b/3220	HRd/Ncmsa
Zech 9:4	חֵילָ֑/הּ	2428	HNcmsc/Sp3fs
Zech 9:4	וְ/הִ֖יא	c/1931	HC/Pp3fs
Zech 9:4	בָּ/אֵ֥שׁ	b/784	HRd/Ncbsa
Zech 9:4	תֵּאָכֵֽל	398	HVNi3fs
Zech 9:5	תֵּרֶ֨א	7200	HVqi3fs
Zech 9:5	אַשְׁקְל֜וֹן	831	HNp
Zech 9:5	וְ/תִירָ֗א	c/3372	HC/Vqi3fs
Zech 9:5	וְ/עַזָּה֙	c/5804	HC/Np
Zech 9:5	וְ/תָחִ֣יל	c/2342 a	HC/Vqi3fs
Zech 9:5	מְאֹ֔ד	3966	HD
Zech 9:5	וְ/עֶקְר֖וֹן	c/6138	HC/Np
Zech 9:5	כִּֽי	3588 a	HC
Zech 9:5	הֹבִ֣ישׁ	954	HVhp3ms
Zech 9:5	מֶבָּטָ֑/הּ	4007	HNcmsc/Sp3fs
Zech 9:5	וְ/אָ֤בַד	c/6	HC/Vqp3ms
Zech 9:5	מֶ֨לֶךְ֙	4428	HNcmsa
Zech 9:5	מֵֽ/עַזָּ֔ה	m/5804	HR/Np
Zech 9:5	וְ/אַשְׁקְל֖וֹן	c/831	HC/Np
Zech 9:5	לֹ֥א	3808	HTn
Zech 9:5	תֵשֵֽׁב	3427	HVqi3fs
Zech 9:6	וְ/יָשַׁ֥ב	c/3427	HC/Vqp3ms
Zech 9:6	מַמְזֵ֖ר	4464	HNcmsa
Zech 9:6	בְּ/אַשְׁדּ֑וֹד	b/795	HR/Np
Zech 9:6	וְ/הִכְרַתִּ֖י	c/3772	HC/Vhp1cs
Zech 9:6	גְּא֥וֹן	1347	HNcmsc
Zech 9:6	פְּלִשְׁתִּֽים	6430	HNgmpa
Zech 9:7	וַ/הֲסִרֹתִ֨י	c/5493	HC/Vhp1cs
Zech 9:7	דָמָ֜י/ו	1818	HNcmpc/Sp3ms
Zech 9:7	מִ/פִּ֗י/ו	m/6310	HR/Ncmsc/Sp3ms
Zech 9:7	וְ/שִׁקֻּצָי/ו֙	c/8251	HC/Ncmpc/Sp3ms
Zech 9:7	מִ/בֵּ֣ין	m/996	HR/R
Zech 9:7	שִׁנָּ֔י/ו	8127	HNcbdc/Sp3ms
Zech 9:7	וְ/נִשְׁאַ֥ר	c/7604	HC/VNq3ms
Zech 9:7	גַּם	1571	HTa
Zech 9:7	ה֖וּא	1931	HPp3ms
Zech 9:7	לֵֽ/אלֹהֵ֑י/נוּ	l/430	HR/Ncmpc/Sp1cp
Zech 9:7	וְ/הָיָה֙	c/1961	HC/Vqp3ms
Zech 9:7	כְּ/אַלֻּ֣ף	k/441 b	HR/Ncmsa
Zech 9:7	בִּֽ/יהוּדָ֔ה	b/3063	HR/Np
Zech 9:7	וְ/עֶקְר֖וֹן	c/6138	HC/Np
Zech 9:7	כִּ/יבוּסִֽי	k/2983	HR/Np
Zech 9:8	וְ/חָנִ֨יתִי	c/2583	HC/Vqp1cs
Zech 9:8	לְ/בֵיתִ֤/י	l/1004 b	HR/Ncmsc/Sp1cs
Zech 9:8	מִצָּבָה֙	4675	HNcfsa
Zech 9:8	מֵ/עֹבֵ֣ר	m/5674 a	HR/Vqrmsa
Zech 9:8	וּ/מִ/שָּׁ֔ב	c/m/7725	HC/R/Vqrmsa
Zech 9:8	וְ/לֹֽא	c/3808	HC/Tn
Zech 9:8	יַעֲבֹ֧ר	5674 a	HVqi3ms
Zech 9:8	עֲלֵי/הֶ֛ם	5921 a	HR/Sp3mp
Zech 9:8	ע֖וֹד	5750	HD
Zech 9:8	נֹגֵ֑שׂ	5065	HVqrmsa
Zech 9:8	כִּ֥י	3588 a	HC
Zech 9:8	עַתָּ֖ה	6258	HD
Zech 9:8	רָאִ֥יתִי	7200	HVqp1cs
Zech 9:8	בְ/עֵינָֽ/י	b/5869 a	HR/Ncbdc/Sp1cs
Zech 9:9	גִּילִ֨י	1523	HVqv2fs
Zech 9:9	מְאֹ֜ד	3966	HD
Zech 9:9	בַּת	1323	HNcfsc
Zech 9:9	צִיּ֗וֹן	6726	HNp
Zech 9:9	הָרִ֨יעִי֙	7321	HVhv2fs
Zech 9:9	בַּ֣ת	1323	HNcfsc
Zech 9:9	יְרוּשָׁלִַ֔ם	3389	HNp
Zech 9:9	הִנֵּ֤ה	2009	HTm
Zech 9:9	מַלְכֵּ/ךְ֙	4428	HNcmsc/Sp2fs
Zech 9:9	יָ֣בוֹא	935	HVqi3ms
Zech 9:9	לָ֔/ךְ	l	HR/Sp2fs
Zech 9:9	צַדִּ֥יק	6662	HAamsa
Zech 9:9	וְ/נוֹשָׁ֖ע	c/3467	HC/VNrmsa
Zech 9:9	ה֑וּא	1931	HPp3ms
Zech 9:9	עָנִי֙	6041	HAamsa
Zech 9:9	וְ/רֹכֵ֣ב	c/7392	HC/Vqrmsa
Zech 9:9	עַל	5921 a	HR
Zech 9:9	חֲמ֔וֹר	2543	HNcbsa
Zech 9:9	וְ/עַל	c/5921 a	HC/R
Zech 9:9	עַ֖יִר	5895	HNcmsa
Zech 9:9	בֶּן	1121 a	HNcmsc
Zech 9:9	אֲתֹנֽוֹת	860	HNcfpa
Zech 9:10	וְ/הִכְרַתִּי	c/3772	HC/Vhp1cs
Zech 9:10	רֶ֣כֶב	7393	HNcmsa
Zech 9:10	מֵ/אֶפְרַ֗יִם	m/669	HR/Np
Zech 9:10	וְ/סוּס֙	c/5483 b	HC/Ncmsa
Zech 9:10	מִ/יר֣וּשָׁלִַ֔ם	m/3389	HR/Np
Zech 9:10	וְ/נִכְרְתָה֙	c/3772	HC/VNp3fs
Zech 9:10	קֶ֣שֶׁת	7198	HNcfsc
Zech 9:10	מִלְחָמָ֔ה	4421	HNcfsa
Zech 9:10	וְ/דִבֶּ֥ר	c/1696	HC/Vpp3ms
Zech 9:10	שָׁל֖וֹם	7965	HNcmsa
Zech 9:10	לַ/גּוֹיִ֑ם	l/1471 a	HRd/Ncmpa
Zech 9:10	וּ/מָשְׁל/וֹ֙	c/4915 b	HC/Ncmsc/Sp3ms
Zech 9:10	מִ/יָּ֣ם	m/3220	HR/Ncmsa
Zech 9:10	עַד	5704	HR
Zech 9:10	יָ֔ם	3220	HNcmsa
Zech 9:10	וּ/מִ/נָּהָ֖ר	c/m/5104	HC/R/Ncmsa
Zech 9:10	עַד	5704	HR
Zech 9:10	אַפְסֵי	657 a	HNcmpc
Zech 9:10	אָֽרֶץ	776	HNcbsa
Zech 9:11	גַּם	1571	HTa
Zech 9:11	אַ֣תְּ	859 c	HPp2fs
Zech 9:11	בְּ/דַם	b/1818	HR/Ncmsc
Zech 9:11	בְּרִיתֵ֗/ךְ	1285	HNcfsc/Sp2fs
Zech 9:11	שִׁלַּ֤חְתִּי	7971	HVpp1cs
Zech 9:11	אֲסִירַ֨יִ/ךְ֙	615	HNcmpc/Sp2fs
Zech 9:11	מִ/בּ֔וֹר	m/953 a	HR/Ncmsa
Zech 9:11	אֵ֥ין	369	HTn
Zech 9:11	מַ֖יִם	4325	HNcmpa
Zech 9:11	בּֽ/וֹ	b	HR/Sp3ms
Zech 9:12	שׁ֚וּבוּ	7725	HVqv2mp
Zech 9:12	לְ/בִצָּר֔וֹן	l/1225	HR/Ncmsa
Zech 9:12	אֲסִירֵ֖י	615	HNcmpc
Zech 9:12	הַ/תִּקְוָ֑ה	d/8615 b	HTd/Ncfsa
Zech 9:12	גַּם	1571	HTa
Zech 9:12	הַ/יּ֕וֹם	d/3117	HTd/Ncmsa
Zech 9:12	מַגִּ֥יד	5046	HVhrmsa
Zech 9:12	מִשְׁנֶ֖ה	4932	HNcmsa
Zech 9:12	אָשִׁ֥יב	7725	HVhi1cs
Zech 9:12	לָֽ/ךְ	l	HR/Sp2fs
Zech 9:13	כִּֽי	3588 a	HC
Zech 9:13	דָרַ֨כְתִּי	1869	HVqp1cs
Zech 9:13	לִ֜/י	l	HR/Sp1cs
Zech 9:13	יְהוּדָ֗ה	3063	HNp
Zech 9:13	קֶ֚שֶׁת	7198	HNcfsa
Zech 9:13	מִלֵּ֣אתִי	4390	HVpp1cs
Zech 9:13	אֶפְרַ֔יִם	669	HNp
Zech 9:13	וְ/עוֹרַרְתִּ֤י	c/5782	HC/Voq1cs
Zech 9:13	בָנַ֨יִ/ךְ֙	1121 a	HNcmpc/Sp2fs
Zech 9:13	צִיּ֔וֹן	6726	HNp
Zech 9:13	עַל	5921 a	HR
Zech 9:13	בָּנַ֖יִ/ךְ	1121 a	HNcmpc/Sp2fs
Zech 9:13	יָוָ֑ן	3120	HNp
Zech 9:13	וְ/שַׂמְתִּ֖י/ךְ	c/7760 a	HC/Vqp1cs/Sp2fs
Zech 9:13	כְּ/חֶ֥רֶב	k/2719	HR/Ncfsc
Zech 9:13	גִּבּֽוֹר	1368	HAamsa
Zech 9:14	וַֽ/יהוָה֙	c/3068	HC/Np
Zech 9:14	עֲלֵי/הֶ֣ם	5921 a	HR/Sp3mp
Zech 9:14	יֵֽרָאֶ֔ה	7200	HVNi3ms
Zech 9:14	וְ/יָצָ֥א	c/3318	HC/Vqp3ms
Zech 9:14	כַ/בָּרָ֖ק	k/1300 b	HRd/Ncmsa
Zech 9:14	חִצּ֑/וֹ	2671	HNcmsc/Sp3ms
Zech 9:14	וַֽ/אדֹנָ֤/י	c/136	HC/Ncmpc/Sp1cs
Zech 9:14	יְהֹוִה֙	3069	HNp
Zech 9:14	בַּ/שּׁוֹפָ֣ר	b/7782	HRd/Ncmsa
Zech 9:14	יִתְקָ֔ע	8628	HVqi3ms
Zech 9:14	וְ/הָלַ֖ךְ	c/1980	HC/Vqp3ms
Zech 9:14	בְּ/סַעֲר֥וֹת	b/5591 b	HR/Ncfpc
Zech 9:14	תֵּימָֽן	8486	HNcfsa
Zech 9:15	יְהוָ֣ה	3068	HNp
Zech 9:15	צְבָאוֹת֮	6635 b	HNcbpa
Zech 9:15	יָגֵ֣ן	1598	HVqi3ms
Zech 9:15	עֲלֵי/הֶם֒	5921 a	HR/Sp3mp
Zech 9:15	וְ/אָכְל֗וּ	c/398	HC/Vqp3cp
Zech 9:15	וְ/כָֽבְשׁוּ֙	c/3533	HC/Vqp3cp
Zech 9:15	אַבְנֵי	68	HNcfpc
Zech 9:15	קֶ֔לַע	7050 a	HNcmsa
Zech 9:15	וְ/שָׁת֥וּ	c/8354	HC/Vqp3cp
Zech 9:15	הָמ֖וּ	1993	HVqp3cp
Zech 9:15	כְּמוֹ	3644	HR
Zech 9:15	יָ֑יִן	3196	HNcmsa
Zech 9:15	וּ/מָֽלְאוּ֙	c/4390	HC/Vqp3cp
Zech 9:15	כַּ/מִּזְרָ֔ק	k/4219	HRd/Ncmsa
Zech 9:15	כְּ/זָוִיּ֖וֹת	k/2106	HR/Ncfpa
Zech 9:15	מִזְבֵּֽחַ	4196	HNcmsa
Zech 9:16	וְֽ/הוֹשִׁיעָ֞/ם	c/3467	HC/Vhp3ms/Sp3mp
Zech 9:16	יְהוָ֧ה	3068	HNp
Zech 9:16	אֱלֹהֵי/הֶ֛ם	430	HNcmpc/Sp3mp
Zech 9:16	בַּ/יּ֥וֹם	b/3117	HRd/Ncmsa
Zech 9:16	הַ/ה֖וּא	d/1931	HTd/Pp3ms
Zech 9:16	כְּ/צֹ֣אן	k/6629	HR/Ncbsc
Zech 9:16	עַמּ֑/וֹ	5971 a	HNcmsc/Sp3ms
Zech 9:16	כִּ֚י	3588 a	HC
Zech 9:16	אַבְנֵי	68	HNcfpc
Zech 9:16	נֵ֔זֶר	5145	HNcmsa
Zech 9:16	מִֽתְנוֹסְס֖וֹת	5264	HVrrfpa
Zech 9:16	עַל	5921 a	HR
Zech 9:16	אַדְמָתֽ/וֹ	127	HNcfsc/Sp3ms
Zech 9:17	כִּ֥י	3588 a	HC
Zech 9:17	מַה	4100	HTi
Zech 9:17	טּוּב֖/וֹ	2898	HNcmsc/Sp3ms
Zech 9:17	וּ/מַה	c/4100	HC/Ti
Zech 9:17	יָפְי֑/וֹ	3308	HNcmsc/Sp3ms
Zech 9:17	דָּגָן֙	1715	HNcmsa
Zech 9:17	בַּֽחוּרִ֔ים	970	HNcmpa
Zech 9:17	וְ/תִיר֖וֹשׁ	c/8492	HC/Ncmsa
Zech 9:17	יְנוֹבֵ֥ב	5107	HVoi3ms
Zech 9:17	בְּתֻלֽוֹת	1330	HNcfpa
Zech 10:1	שַׁאֲל֨וּ	7592	HVqv2mp
Zech 10:1	מֵ/יְהוָ֤ה	m/3068	HR/Np
Zech 10:1	מָטָר֙	4306	HNcmsa
Zech 10:1	בְּ/עֵ֣ת	b/6256	HR/Ncbsc
Zech 10:1	מַלְק֔וֹשׁ	4456	HNcmsa
Zech 10:1	יְהוָ֖ה	3068	HNp
Zech 10:1	עֹשֶׂ֣ה	6213 a	HVqrmsa
Zech 10:1	חֲזִיזִ֑ים	2385	HNcmpa
Zech 10:1	וּ/מְטַר	c/4306	HC/Ncmsc
Zech 10:1	גֶּ֨שֶׁם֙	1653	HNcmsa
Zech 10:1	יִתֵּ֣ן	5414	HVqi3ms
Zech 10:1	לָ/הֶ֔ם	l	HR/Sp3mp
Zech 10:1	לְ/אִ֖ישׁ	l/376	HR/Ncmsa
Zech 10:1	עֵ֥שֶׂב	6212	HNcmsa
Zech 10:1	בַּ/שָּׂדֶֽה	b/7704 b	HRd/Ncmsa
Zech 10:2	כִּ֧י	3588 a	HC
Zech 10:2	הַ/תְּרָפִ֣ים	d/8655	HTd/Ncmpa
Zech 10:2	דִּבְּרוּ	1696	HVpp3cp
Zech 10:2	אָ֗וֶן	205	HNcmsa
Zech 10:2	וְ/הַ/קּֽוֹסְמִים֙	c/d/7080	HC/Td/Vqrmpa
Zech 10:2	חָ֣זוּ	2372	HVqp3cp
Zech 10:2	שֶׁ֔קֶר	8267	HNcmsa
Zech 10:2	וַֽ/חֲלֹמוֹת֙	c/2472	HC/Ncmpc
Zech 10:2	הַ/שָּׁ֣וא	d/7723	HTd/Ncmsa
Zech 10:2	יְדַבֵּ֔רוּ	1696	HVpi3mp
Zech 10:2	הֶ֖בֶל	1892	HNcmsa
Zech 10:2	יְנַֽחֵמ֑וּ/ן	5162	HVpi3mp/Sn
Zech 10:2	עַל	5921 a	HR
Zech 10:2	כֵּן֙	3651 c	HTm
Zech 10:2	נָסְע֣וּ	5265	HVqp3cp
Zech 10:2	כְמוֹ	3644	HR
Zech 10:2	צֹ֔אן	6629	HNcbsa
Zech 10:2	יַעֲנ֖וּ	6031 b	HVqi3mp
Zech 10:2	כִּֽי	3588 a	HC
Zech 10:2	אֵ֥ין	369	HTn
Zech 10:2	רֹעֶֽה	7462 b	HVqrmsa
Zech 10:3	עַל	5921 a	HR
Zech 10:3	הָֽ/רֹעִים֙	d/7462 b	HTd/Vqrmpa
Zech 10:3	חָרָ֣ה	2734	HVqp3ms
Zech 10:3	אַפִּ֔/י	639	HNcmsc/Sp1cs
Zech 10:3	וְ/עַל	c/5921 a	HC/R
Zech 10:3	הָ/עַתּוּדִ֖ים	d/6260	HTd/Ncmpa
Zech 10:3	אֶפְק֑וֹד	6485 a	HVqi1cs
Zech 10:3	כִּֽי	3588 a	HC
Zech 10:3	פָקַד֩	6485 a	HVqp3ms
Zech 10:3	יְהוָ֨ה	3068	HNp
Zech 10:3	צְבָא֤וֹת	6635 b	HNcbpa
Zech 10:3	אֶת	853	HTo
Zech 10:3	עֶדְר/וֹ֙	5739	HNcmsc/Sp3ms
Zech 10:3	אֶת	853	HTo
Zech 10:3	בֵּ֣ית	1004 b	HNcmsc
Zech 10:3	יְהוּדָ֔ה	3063	HNp
Zech 10:3	וְ/שָׂ֣ם	c/7760 a	HC/Vqp3ms
Zech 10:3	אוֹתָ֔/ם	853	HTo/Sp3mp
Zech 10:3	כְּ/ס֥וּס	k/5483 b	HR/Ncmsc
Zech 10:3	הוֹד֖/וֹ	1935	HNcmsc/Sp3ms
Zech 10:3	בַּ/מִּלְחָמָֽה	b/4421	HRd/Ncfsa
Zech 10:4	מִמֶּ֤/נּוּ	4480 a	HR/Sp1cp
Zech 10:4	פִנָּה֙	6438	HNcfsa
Zech 10:4	מִמֶּ֣/נּוּ	4480 a	HR/Sp1cp
Zech 10:4	יָתֵ֔ד	3489	HNcfsa
Zech 10:4	מִמֶּ֖/נּוּ	4480 a	HR/Sp1cp
Zech 10:4	קֶ֣שֶׁת	7198	HNcfsc
Zech 10:4	מִלְחָמָ֑ה	4421	HNcfsa
Zech 10:4	מִמֶּ֛/נּוּ	4480 a	HR/Sp1cp
Zech 10:4	יֵצֵ֥א	3318	HVqi3ms
Zech 10:4	כָל	3605	HNcmsc
Zech 10:4	נוֹגֵ֖שׂ	5065	HVqrmsa
Zech 10:4	יַחְדָּֽו	3162 b	HD
Zech 10:5	וְ/הָי֨וּ	c/1961	HC/Vqp3cp
Zech 10:5	כְ/גִבֹּרִ֜ים	k/1368	HR/Aampa
Zech 10:5	בּוֹסִ֨ים	947	HVqrmpa
Zech 10:5	בְּ/טִ֤יט	b/2916	HR/Ncmsc
Zech 10:5	חוּצוֹת֙	2351	HNcmpa
Zech 10:5	בַּ/מִּלְחָמָ֔ה	b/4421	HRd/Ncfsa
Zech 10:5	וְ/נִ֨לְחֲמ֔וּ	c/3898 a	HC/VNp3cp
Zech 10:5	כִּ֥י	3588 a	HC
Zech 10:5	יְהוָ֖ה	3068	HNp
Zech 10:5	עִמָּ֑/ם	5973 a	HR/Sp3mp
Zech 10:5	וְ/הֹבִ֖ישׁוּ	c/3001	HC/Vhp3cp
Zech 10:5	רֹכְבֵ֥י	7392	HVqrmpc
Zech 10:5	סוּסִֽים	5483 b	HNcmpa
Zech 10:6	וְ/גִבַּרְתִּ֣י	c/1396	HC/Vpp1cs
Zech 10:6	אֶת	853	HTo
Zech 10:6	בֵּ֣ית	1004 b	HNcmsc
Zech 10:6	יְהוּדָ֗ה	3063	HNp
Zech 10:6	וְ/אֶת	c/853	HC/To
Zech 10:6	בֵּ֤ית	1004 b	HNcmsc
Zech 10:6	יוֹסֵף֙	3130	HNp
Zech 10:6	אוֹשִׁ֔יעַ	3467	HVhi1cs
Zech 10:6	וְ/הֽוֹשְׁבוֹתִי/ם֙	c/7725	HC/Vhp1cs/Sp3mp
Zech 10:6	כִּ֣י	3588 a	HC
Zech 10:6	רִֽחַמְתִּ֔י/ם	7355	HVpp1cs/Sp3mp
Zech 10:6	וְ/הָי֖וּ	c/1961	HC/Vqp3cp
Zech 10:6	כַּ/אֲשֶׁ֣ר	k/834 d	HR/Tr
Zech 10:6	לֹֽא	3808	HTn
Zech 10:6	זְנַחְתִּ֑י/ם	2186 a	HVqp1cs/Sp3mp
Zech 10:6	כִּ֗י	3588 a	HC
Zech 10:6	אֲנִ֛י	589	HPp1cs
Zech 10:6	יְהוָ֥ה	3068	HNp
Zech 10:6	אֱלֹהֵי/הֶ֖ם	430	HNcmpc/Sp3mp
Zech 10:6	וְ/אֶעֱנֵֽ/ם	c/6030 b	HC/Vqi1cs/Sp3mp
Zech 10:7	וְ/הָי֤וּ	c/1961	HC/Vqp3cp
Zech 10:7	כְ/גִבּוֹר֙	k/1368	HR/Aamsc
Zech 10:7	אֶפְרַ֔יִם	669	HNp
Zech 10:7	וְ/שָׂמַ֥ח	c/8055	HC/Vqp3ms
Zech 10:7	לִבָּ֖/ם	3820 a	HNcmsc/Sp3mp
Zech 10:7	כְּמוֹ	3644	HR
Zech 10:7	יָ֑יִן	3196	HNcmsa
Zech 10:7	וּ/בְנֵי/הֶם֙	c/1121 a	HC/Ncmpc/Sp3mp
Zech 10:7	יִרְא֣וּ	7200	HVqi3mp
Zech 10:7	וְ/שָׂמֵ֔חוּ	c/8055	HC/Vqp3cp
Zech 10:7	יָגֵ֥ל	1523	HVqi3ms
Zech 10:7	לִבָּ֖/ם	3820 a	HNcmsc/Sp3mp
Zech 10:7	בַּ/יהוָֽה	b/3068	HR/Np
Zech 10:8	אֶשְׁרְקָ֥ה	8319	HVqi1cs
Zech 10:8	לָ/הֶ֛ם	l	HR/Sp3mp
Zech 10:8	וַ/אֲקַבְּצֵ֖/ם	c/6908	HC/Vpi1cs/Sp3mp
Zech 10:8	כִּ֣י	3588 a	HC
Zech 10:8	פְדִיתִ֑י/ם	6299	HVqp1cs/Sp3mp
Zech 10:8	וְ/רָב֖וּ	c/7235 a	HC/Vqp3cp
Zech 10:8	כְּמ֥וֹ	3644	HR
Zech 10:8	רָבֽוּ	7235 a	HVqp3cp
Zech 10:9	וְ/אֶזְרָעֵ/ם֙	c/2232	HC/Vqi1cs/Sp3mp
Zech 10:9	בָּֽ/עַמִּ֔ים	b/5971 a	HRd/Ncmpa
Zech 10:9	וּ/בַ/מֶּרְחַקִּ֖ים	c/b/4801	HC/Rd/Ncmpa
Zech 10:9	יִזְכְּר֑וּ/נִי	2142	HVqi3mp/Sp1cs
Zech 10:9	וְ/חָי֥וּ	c/2421	HC/Vqp3cp
Zech 10:9	אֶת	854	HR
Zech 10:9	בְּנֵי/הֶ֖ם	1121 a	HNcmpc/Sp3mp
Zech 10:9	וָ/שָֽׁבוּ	c/7725	HC/Vqp3cp
Zech 10:10	וַ/הֲשִֽׁיבוֹתִי/ם֙	c/7725	HC/Vhp1cs/Sp3mp
Zech 10:10	מֵ/אֶ֣רֶץ	m/776	HR/Ncbsc
Zech 10:10	מִצְרַ֔יִם	4714	HNp
Zech 10:10	וּ/מֵֽ/אַשּׁ֖וּר	c/m/804	HC/R/Np
Zech 10:10	אֲקַבְּצֵ֑/ם	6908	HVpi1cs/Sp3mp
Zech 10:10	וְ/אֶל	c/413	HC/R
Zech 10:10	אֶ֨רֶץ	776	HNcbsc
Zech 10:10	גִּלְעָ֤ד	1568	HNp
Zech 10:10	וּ/לְבָנוֹן֙	c/3844	HC/Np
Zech 10:10	אֲבִיאֵ֔/ם	935	HVhi1cs/Sp3mp
Zech 10:10	וְ/לֹ֥א	c/3808	HC/Tn
Zech 10:10	יִמָּצֵ֖א	4672	HVNi3ms
Zech 10:10	לָ/הֶֽם	l	HR/Sp3mp
Zech 10:11	וְ/עָבַ֨ר	c/5674 a	HC/Vqp3ms
Zech 10:11	בַּ/יָּ֜ם	b/3220	HRd/Ncmsa
Zech 10:11	צָרָ֗ה	6869 b	HNcfsa
Zech 10:11	וְ/הִכָּ֤ה	c/5221	HC/Vhp3ms
Zech 10:11	בַ/יָּם֙	b/3220	HRd/Ncmsa
Zech 10:11	גַּלִּ֔ים	1530	HNcmpa
Zech 10:11	וְ/הֹבִ֕ישׁוּ	c/3001	HC/Vhp3cp
Zech 10:11	כֹּ֖ל	3605	HNcmsc
Zech 10:11	מְצוּל֣וֹת	4688	HNcfpc
Zech 10:11	יְאֹ֑ר	2975	HNp
Zech 10:11	וְ/הוּרַד֙	c/3381	HC/VHp3ms
Zech 10:11	גְּא֣וֹן	1347	HNcmsc
Zech 10:11	אַשּׁ֔וּר	804	HNp
Zech 10:11	וְ/שֵׁ֥בֶט	c/7626	HC/Ncmsc
Zech 10:11	מִצְרַ֖יִם	4714	HNp
Zech 10:11	יָסֽוּר	5493	HVqi3ms
Zech 10:12	וְ/גִבַּרְתִּי/ם֙	c/1396	HC/Vpp1cs/Sp3mp
Zech 10:12	בַּֽ/יהוָ֔ה	b/3068	HR/Np
Zech 10:12	וּ/בִ/שְׁמ֖/וֹ	c/b/8034	HC/R/Ncmsc/Sp3ms
Zech 10:12	יִתְהַלָּ֑כוּ	1980	HVti3mp
Zech 10:12	נְאֻ֖ם	5002	HNcmsc
Zech 10:12	יְהוָֽה	3068	HNp
Zech 11:1	פְּתַ֥ח	6605 a	HVqv2ms
Zech 11:1	לְבָנ֖וֹן	3844	HNp
Zech 11:1	דְּלָתֶ֑י/ךָ	1817 c	HNcfdc/Sp2ms
Zech 11:1	וְ/תֹאכַ֥ל	c/398	HC/Vqi3fs
Zech 11:1	אֵ֖שׁ	784	HNcbsa
Zech 11:1	בַּ/אֲרָזֶֽי/ךָ	b/730	HR/Ncmpc/Sp2ms
Zech 11:2	הֵילֵ֤ל	3213	HVhv2ms
Zech 11:2	בְּרוֹשׁ֙	1265	HNcmsa
Zech 11:2	כִּֽי	3588 a	HC
Zech 11:2	נָ֣פַל	5307	HVqp3ms
Zech 11:2	אֶ֔רֶז	730	HNcmsa
Zech 11:2	אֲשֶׁ֥ר	834 a	HTr
Zech 11:2	אַדִּרִ֖ים	117	HAampa
Zech 11:2	שֻׁדָּ֑דוּ	7703	HVPp3cp
Zech 11:2	הֵילִ֨ילוּ֙	3213	HVhv2mp
Zech 11:2	אַלּוֹנֵ֣י	437	HNcmpc
Zech 11:2	בָשָׁ֔ן	1316	HNp
Zech 11:2	כִּ֥י	3588 a	HC
Zech 11:2	יָרַ֖ד	3381	HVqp3ms
Zech 11:2	יַ֥עַר	3293 a	HNcmsc
Zech 11:2	ה/בצור	d/1208	HTd/Vqsmsa
Zech 11:3	ק֚וֹל	6963 a	HNcmsc
Zech 11:3	יִֽלְלַ֣ת	3215	HNcfsc
Zech 11:3	הָ/רֹעִ֔ים	d/7462 b	HTd/Vqrmpa
Zech 11:3	כִּ֥י	3588 a	HC
Zech 11:3	שֻׁדְּדָ֖ה	7703	HVPp3fs
Zech 11:3	אַדַּרְתָּ֑/ם	155	HNcfsc/Sp3mp
Zech 11:3	ק֚וֹל	6963 a	HNcmsc
Zech 11:3	שַׁאֲגַ֣ת	7581	HNcfsc
Zech 11:3	כְּפִירִ֔ים	3715 a	HNcmpa
Zech 11:3	כִּ֥י	3588 a	HC
Zech 11:3	שֻׁדַּ֖ד	7703	HVPp3ms
Zech 11:3	גְּא֥וֹן	1347	HNcmsc
Zech 11:3	הַ/יַּרְדֵּֽן	d/3383	HTd/Np
Zech 11:4	כֹּ֥ה	3541	HD
Zech 11:4	אָמַ֖ר	559	HVqp3ms
Zech 11:4	יְהוָ֣ה	3068	HNp
Zech 11:4	אֱלֹהָ֑/י	430	HNcmpc/Sp1cs
Zech 11:4	רְעֵ֖ה	7462 b	HVqv2ms
Zech 11:4	אֶת	853	HTo
Zech 11:4	צֹ֥אן	6629	HNcbsc
Zech 11:4	הַ/הֲרֵגָֽה	d/2028	HTd/Ncfsa
Zech 11:5	אֲשֶׁ֨ר	834 a	HTr
Zech 11:5	קֹנֵי/הֶ֤ן	7069	HVqrmpc/Sp3fp
Zech 11:5	יַֽהֲרְגֻ/ן֙	2026	HVqi3mp/Sp3fp
Zech 11:5	וְ/לֹ֣א	c/3808	HC/Tn
Zech 11:5	יֶאְשָׁ֔מוּ	816	HVqi3mp
Zech 11:5	וּ/מֹכְרֵי/הֶ֣ן	c/4376	HC/Vqrmpc/Sp3fp
Zech 11:5	יֹאמַ֔ר	559	HVqi3ms
Zech 11:5	בָּר֥וּךְ	1288	HVqsmsa
Zech 11:5	יְהוָ֖ה	3068	HNp
Zech 11:5	וַ/אעְשִׁ֑ר	c/6238	HC/Vhi1cs
Zech 11:5	וְ/רֹ֣עֵי/הֶ֔ם	c/7462 b	HC/Vqrmpc/Sp3mp
Zech 11:5	לֹ֥א	3808	HTn
Zech 11:5	יַחְמ֖וֹל	2550	HVqi3ms
Zech 11:5	עֲלֵי/הֶֽן	5921 a	HR/Sp3fp
Zech 11:6	כִּ֠י	3588 a	HC
Zech 11:6	לֹ֣א	3808	HTn
Zech 11:6	אֶחְמ֥וֹל	2550	HVqi1cs
Zech 11:6	ע֛וֹד	5750	HD
Zech 11:6	עַל	5921 a	HR
Zech 11:6	יֹשְׁבֵ֥י	3427	HVqrmpc
Zech 11:6	הָ/אָ֖רֶץ	d/776	HTd/Ncbsa
Zech 11:6	נְאֻם	5002	HNcmsc
Zech 11:6	יְהוָ֑ה	3068	HNp
Zech 11:6	וְ/הִנֵּ֨ה	c/2009	HC/Tm
Zech 11:6	אָנֹכִ֜י	595	HPp1cs
Zech 11:6	מַמְצִ֣יא	4672	HVhrmsa
Zech 11:6	אֶת	853	HTo
Zech 11:6	הָ/אָדָ֗ם	d/120	HTd/Ncmsa
Zech 11:6	אִ֤ישׁ	376	HNcmsa
Zech 11:6	בְּ/יַד	b/3027	HR/Ncbsc
Zech 11:6	רֵעֵ֨/הוּ֙	7453	HNcmsc/Sp3ms
Zech 11:6	וּ/בְ/יַ֣ד	c/b/3027	HC/R/Ncbsc
Zech 11:6	מַלְכּ֔/וֹ	4428	HNcmsc/Sp3ms
Zech 11:6	וְ/כִתְּתוּ֙	c/3807	HC/Vpq3cp
Zech 11:6	אֶת	853	HTo
Zech 11:6	הָ/אָ֔רֶץ	d/776	HTd/Ncbsa
Zech 11:6	וְ/לֹ֥א	c/3808	HC/Tn
Zech 11:6	אַצִּ֖יל	5337	HVhi1cs
Zech 11:6	מִ/יָּדָֽ/ם	m/3027	HR/Ncbsc/Sp3mp
Zech 11:7	וָֽ/אֶרְעֶה֙	c/7462 b	HC/Vqw1cs
Zech 11:7	אֶת	853	HTo
Zech 11:7	צֹ֣אן	6629	HNcbsc
Zech 11:7	הַֽ/הֲרֵגָ֔ה	d/2028	HTd/Ncfsa
Zech 11:7	לָ/כֵ֖ן	l/3651 c	HR/D
Zech 11:7	עֲנִיֵּ֣י	6041	HAampc
Zech 11:7	הַ/צֹּ֑אן	d/6629	HTd/Ncbsa
Zech 11:7	וָ/אֶקַּֽח	c/3947	HC/Vqw1cs
Zech 11:7	לִ֞/י	l	HR/Sp1cs
Zech 11:7	שְׁנֵ֣י	8147	HAcmdc
Zech 11:7	מַקְל֗וֹת	4731	HNcmpa
Zech 11:7	לְ/אַחַ֞ד	l/259	HR/Acmsa
Zech 11:7	קָרָ֤אתִי	7121	HVqp1cs
Zech 11:7	נֹ֨עַם֙	5278	HNcmsa
Zech 11:7	וּ/לְ/אַחַד֙	c/l/259	HC/R/Acmsa
Zech 11:7	קָרָ֣אתִי	7121	HVqp1cs
Zech 11:7	חֹֽבְלִ֔ים	2256 c	HNcmpa
Zech 11:7	וָ/אֶרְעֶ֖ה	c/7462 b	HC/Vqw1cs
Zech 11:7	אֶת	853	HTo
Zech 11:7	הַ/צֹּֽאן	d/6629	HTd/Ncbsa
Zech 11:8	וָ/אַכְחִ֛ד	c/3582	HC/Vhw1cs
Zech 11:8	אֶת	853	HTo
Zech 11:8	שְׁלֹ֥שֶׁת	7969	HAcmsc
Zech 11:8	הָ/רֹעִ֖ים	d/7462 b	HTd/Vqrmpa
Zech 11:8	בְּ/יֶ֣רַח	b/3391	HR/Ncmsa
Zech 11:8	אֶחָ֑ד	259	HAcmsa
Zech 11:8	וַ/תִּקְצַ֤ר	c/7114 a	HC/Vqw3fs
Zech 11:8	נַפְשִׁ/י֙	5315	HNcbsc/Sp1cs
Zech 11:8	בָּ/הֶ֔ם	b	HR/Sp3mp
Zech 11:8	וְ/גַם	c/1571	HC/Ta
Zech 11:8	נַפְשָׁ֖/ם	5315	HNcbsc/Sp3mp
Zech 11:8	בָּחֲלָ֥ה	973 a	HVqp3fs
Zech 11:8	בִֽ/י	b	HR/Sp1cs
Zech 11:9	וָ/אֹמַ֕ר	c/559	HC/Vqw1cs
Zech 11:9	לֹ֥א	3808	HTn
Zech 11:9	אֶרְעֶ֖ה	7462 b	HVqi1cs
Zech 11:9	אֶתְ/כֶ֑ם	853	HTo/Sp2mp
Zech 11:9	הַ/מֵּתָ֣ה	d/4191	HTd/Vqrfsa
Zech 11:9	תָמ֗וּת	4191	HVqi3fs
Zech 11:9	וְ/הַ/נִּכְחֶ֨דֶת֙	c/d/3582	HC/Td/VNsfsa
Zech 11:9	תִּכָּחֵ֔ד	3582	HVNi3fs
Zech 11:9	וְ/הַ֨/נִּשְׁאָר֔וֹת	c/d/7604	HC/Td/VNsfpa
Zech 11:9	תֹּאכַ֕לְנָה	398	HVqi3fp
Zech 11:9	אִשָּׁ֖ה	802	HNcfsa
Zech 11:9	אֶת	853	HTo
Zech 11:9	בְּשַׂ֥ר	1320	HNcmsc
Zech 11:9	רְעוּתָֽ/הּ	7468	HNcfsc/Sp3fs
Zech 11:10	וָ/אֶקַּ֤ח	c/3947	HC/Vqw1cs
Zech 11:10	אֶת	853	HTo
Zech 11:10	מַקְלִ/י֙	4731	HNcmsc/Sp1cs
Zech 11:10	אֶת	853	HTo
Zech 11:10	נֹ֔עַם	5278	HNcmsa
Zech 11:10	וָ/אֶגְדַּ֖ע	c/1438	HC/Vqw1cs
Zech 11:10	אֹת֑/וֹ	853	HTo/Sp3ms
Zech 11:10	לְ/הָפֵיר֙	l/6565 a	HR/Vhc
Zech 11:10	אֶת	853	HTo
Zech 11:10	בְּרִיתִ֔/י	1285	HNcfsc/Sp1cs
Zech 11:10	אֲשֶׁ֥ר	834 a	HTr
Zech 11:10	כָּרַ֖תִּי	3772	HVqp1cs
Zech 11:10	אֶת	854	HR
Zech 11:10	כָּל	3605	HNcmsc
Zech 11:10	הָ/עַמִּֽים	d/5971 a	HTd/Ncmpa
Zech 11:11	וַ/תֻּפַ֖ר	c/6565 a	HC/VHw3fs
Zech 11:11	בַּ/יּ֣וֹם	b/3117	HRd/Ncmsa
Zech 11:11	הַ/ה֑וּא	d/1931	HTd/Pp3ms
Zech 11:11	וַ/יֵּדְע֨וּ	c/3045	HC/Vqw3mp
Zech 11:11	כֵ֜ן	3651 c	HD
Zech 11:11	עֲנִיֵּ֤י	6041	HAampc
Zech 11:11	הַ/צֹּאן֙	d/6629	HTd/Ncbsa
Zech 11:11	הַ/שֹּׁמְרִ֣ים	d/8104	HTd/Vqrmpa
Zech 11:11	אֹתִ֔/י	853	HTo/Sp1cs
Zech 11:11	כִּ֥י	3588 a	HC
Zech 11:11	דְבַר	1697	HNcmsc
Zech 11:11	יְהוָ֖ה	3068	HNp
Zech 11:11	הֽוּא	1931	HPp3ms
Zech 11:12	וָ/אֹמַ֣ר	c/559	HC/Vqw1cs
Zech 11:12	אֲלֵי/הֶ֗ם	413	HR/Sp3mp
Zech 11:12	אִם	518 a	HC
Zech 11:12	ט֧וֹב	2896 a	HAamsa
Zech 11:12	בְּ/עֵינֵי/כֶ֛ם	b/5869 a	HR/Ncbdc/Sp2mp
Zech 11:12	הָב֥וּ	3051	HVqv2mp
Zech 11:12	שְׂכָרִ֖/י	7939	HNcmsc/Sp1cs
Zech 11:12	וְ/אִם	c/518 a	HC/C
Zech 11:12	לֹ֣א	3808	HTn
Zech 11:12	חֲדָ֑לוּ	2308	HVqv2mp
Zech 11:12	וַ/יִּשְׁקְל֥וּ	c/8254	HC/Vqw3mp
Zech 11:12	אֶת	853	HTo
Zech 11:12	שְׂכָרִ֖/י	7939	HNcmsc/Sp1cs
Zech 11:12	שְׁלֹשִׁ֥ים	7970	HAcbpa
Zech 11:12	כָּֽסֶף	3701	HNcmsa
Zech 11:13	וַ/יֹּ֨אמֶר	c/559	HC/Vqw3ms
Zech 11:13	יְהוָ֜ה	3068	HNp
Zech 11:13	אֵלַ֗/י	413	HR/Sp1cs
Zech 11:13	הַשְׁלִיכֵ֨/הוּ֙	7993	HVhv2ms/Sp3ms
Zech 11:13	אֶל	413	HR
Zech 11:13	הַ/יּוֹצֵ֔ר	d/3335	HTd/Vqrmsa
Zech 11:13	אֶ֣דֶר	145	HNcmsc
Zech 11:13	הַ/יְקָ֔ר	d/3366	HTd/Ncmsa
Zech 11:13	אֲשֶׁ֥ר	834 a	HTr
Zech 11:13	יָקַ֖רְתִּי	3365	HVqp1cs
Zech 11:13	מֵֽ/עֲלֵי/הֶ֑ם	m/5921 a	HR/R/Sp3mp
Zech 11:13	וָֽ/אֶקְחָ/ה֙	c/3947	HC/Vqw1cs/Sh
Zech 11:13	שְׁלֹשִׁ֣ים	7970	HAcbpa
Zech 11:13	הַ/כֶּ֔סֶף	d/3701	HTd/Ncmsa
Zech 11:13	וָ/אַשְׁלִ֥יךְ	c/7993	HC/Vhw1cs
Zech 11:13	אֹת֛/וֹ	853	HTo/Sp3ms
Zech 11:13	בֵּ֥ית	1004 b	HNcmsc
Zech 11:13	יְהוָ֖ה	3068	HNp
Zech 11:13	אֶל	413	HR
Zech 11:13	הַ/יּוֹצֵֽר	d/3335	HTd/Vqrmsa
Zech 11:14	וָֽ/אֶגְדַּע֙	c/1438	HC/Vqw1cs
Zech 11:14	אֶת	853	HTo
Zech 11:14	מַקְלִ֣/י	4731	HNcmsc/Sp1cs
Zech 11:14	הַ/שֵּׁנִ֔י	d/8145	HTd/Aomsa
Zech 11:14	אֵ֖ת	853	HTo
Zech 11:14	הַ/חֹֽבְלִ֑ים	d/2256 c	HTd/Ncmpa
Zech 11:14	לְ/הָפֵר֙	l/6565 a	HR/Vhc
Zech 11:14	אֶת	853	HTo
Zech 11:14	הָֽ/אַחֲוָ֔ה	d/264	HTd/Ncfsa
Zech 11:14	בֵּ֥ין	996	HR
Zech 11:14	יְהוּדָ֖ה	3063	HNp
Zech 11:14	וּ/בֵ֥ין	c/996	HC/R
Zech 11:14	יִשְׂרָאֵֽל	3478	HNp
Zech 11:15	וַ/יֹּ֥אמֶר	c/559	HC/Vqw3ms
Zech 11:15	יְהוָ֖ה	3068	HNp
Zech 11:15	אֵלָ֑/י	413	HR/Sp1cs
Zech 11:15	ע֣וֹד	5750	HD
Zech 11:15	קַח	3947	HVqv2ms
Zech 11:15	לְ/ךָ֔	l	HR/Sp2ms
Zech 11:15	כְּלִ֖י	3627	HNcmsc
Zech 11:15	רֹעֶ֥ה	7462 b	HVqrmsa
Zech 11:15	אֱוִלִֽי	196	HAamsa
Zech 11:16	כִּ֣י	3588 a	HC
Zech 11:16	הִנֵּֽה	2009	HTm
Zech 11:16	אָנֹכִי֩	595	HPp1cs
Zech 11:16	מֵקִ֨ים	6965 b	HVhrmsa
Zech 11:16	רֹעֶ֜ה	7462 b	HVqrmsa
Zech 11:16	בָּ/אָ֗רֶץ	b/776	HRd/Ncbsa
Zech 11:16	הַ/נִּכְחָד֤וֹת	d/3582	HTd/VNsfpa
Zech 11:16	לֹֽא	3808	HTn
Zech 11:16	יִפְקֹד֙	6485 a	HVqi3ms
Zech 11:16	הַ/נַּ֣עַר	d/5289	HTd/Ncmsa
Zech 11:16	לֹֽא	3808	HTn
Zech 11:16	יְבַקֵּ֔שׁ	1245	HVpi3ms
Zech 11:16	וְ/הַ/נִּשְׁבֶּ֖רֶת	c/d/7665	HC/Td/VNsfsa
Zech 11:16	לֹ֣א	3808	HTn
Zech 11:16	יְרַפֵּ֑א	7495	HVpi3ms
Zech 11:16	הַ/נִּצָּבָה֙	d/5324	HTd/VNrfsa
Zech 11:16	לֹ֣א	3808	HTn
Zech 11:16	יְכַלְכֵּ֔ל	3557	HVli3ms
Zech 11:16	וּ/בְשַׂ֤ר	c/1320	HC/Ncmsc
Zech 11:16	הַ/בְּרִיאָה֙	d/1277	HTd/Aafsa
Zech 11:16	יֹאכַ֔ל	398	HVqi3ms
Zech 11:16	וּ/פַרְסֵי/הֶ֖ן	c/6541	HC/Ncfpc/Sp3fp
Zech 11:16	יְפָרֵֽק	6561	HVpi3ms
Zech 11:17	ה֣וֹי	1945	HTj
Zech 11:17	רֹעִ֤י	7473	HVqrmsc
Zech 11:17	הָֽ/אֱלִיל֙	d/457	HTd/Ncmsa
Zech 11:17	עֹזְבִ֣י	5800 a	HVqrmsc
Zech 11:17	הַ/צֹּ֔אן	d/6629	HTd/Ncbsa
Zech 11:17	חֶ֥רֶב	2719	HNcfsa
Zech 11:17	עַל	5921 a	HR
Zech 11:17	זְרוֹע֖/וֹ	2220	HNcbsc/Sp3ms
Zech 11:17	וְ/עַל	c/5921 a	HC/R
Zech 11:17	עֵ֣ין	5869 a	HNcbsc
Zech 11:17	יְמִינ֑/וֹ	3225	HNcfsc/Sp3ms
Zech 11:17	זְרֹע/וֹ֙	2220	HNcbsc/Sp3ms
Zech 11:17	יָב֣וֹשׁ	3001	HVqa
Zech 11:17	תִּיבָ֔שׁ	3001	HVqi3fs
Zech 11:17	וְ/עֵ֥ין	c/5869 a	HC/Ncbsc
Zech 11:17	יְמִינ֖/וֹ	3225	HNcfsc/Sp3ms
Zech 11:17	כָּהֹ֥ה	3543 a	HVqa
Zech 11:17	תִכְהֶֽה	3543 a	HVqi3fs
Zech 12:1	מַשָּׂ֥א	4853 b	HNcmsa
Zech 12:1	דְבַר	1697	HNcmsc
Zech 12:1	יְהוָ֖ה	3068	HNp
Zech 12:1	עַל	5921 a	HR
Zech 12:1	יִשְׂרָאֵ֑ל	3478	HNp
Zech 12:1	נְאֻם	5002	HNcmsc
Zech 12:1	יְהוָ֗ה	3068	HNp
Zech 12:1	נֹטֶ֤ה	5186	HVqrmsa
Zech 12:1	שָׁמַ֨יִם֙	8064	HNcmpa
Zech 12:1	וְ/יֹסֵ֣ד	c/3245	HC/Vqrmsa
Zech 12:1	אָ֔רֶץ	776	HNcbsa
Zech 12:1	וְ/יֹצֵ֥ר	c/3335	HC/Vqrmsa
Zech 12:1	רֽוּחַ	7307	HNcbsc
Zech 12:1	אָדָ֖ם	120	HNcmsa
Zech 12:1	בְּ/קִרְבּֽ/וֹ	b/7130	HR/Ncmsc/Sp3ms
Zech 12:2	הִנֵּ֣ה	2009	HTm
Zech 12:2	אָ֠נֹכִי	595	HPp1cs
Zech 12:2	שָׂ֣ם	7760 a	HVqrmsa
Zech 12:2	אֶת	853	HTo
Zech 12:2	יְרוּשָׁלִַ֧ם	3389	HNp
Zech 12:2	סַף	5592 a	HNcmsc
Zech 12:2	רַ֛עַל	7478	HNcmsa
Zech 12:2	לְ/כָל	l/3605	HR/Ncmsc
Zech 12:2	הָ/עַמִּ֖ים	d/5971 a	HTd/Ncmpa
Zech 12:2	סָבִ֑יב	5439	HNcbsa
Zech 12:2	וְ/גַ֧ם	c/1571	HC/Ta
Zech 12:2	עַל	5921 a	HR
Zech 12:2	יְהוּדָ֛ה	3063	HNp
Zech 12:2	יִֽהְיֶ֥ה	1961	HVqi3ms
Zech 12:2	בַ/מָּצ֖וֹר	b/4692	HRd/Ncmsa
Zech 12:2	עַל	5921 a	HR
Zech 12:2	יְרוּשָׁלִָֽם	3389	HNp
Zech 12:3	וְ/הָיָ֣ה	c/1961	HC/Vqq3ms
Zech 12:3	בַ/יּוֹם	b/3117	HRd/Ncmsa
Zech 12:3	הַ֠/הוּא	d/1931	HTd/Pp3ms
Zech 12:3	אָשִׂ֨ים	7760 a	HVqi1cs
Zech 12:3	אֶת	853	HTo
Zech 12:3	יְרוּשָׁלִַ֜ם	3389	HNp
Zech 12:3	אֶ֤בֶן	68	HNcfsc
Zech 12:3	מַֽעֲמָסָה֙	4614	HNcfsa
Zech 12:3	לְ/כָל	l/3605	HR/Ncmsc
Zech 12:3	הָ֣/עַמִּ֔ים	d/5971 a	HTd/Ncmpa
Zech 12:3	כָּל	3605	HNcmsc
Zech 12:3	עֹמְסֶ֖י/הָ	6006	HVqrmpc/Sp3fs
Zech 12:3	שָׂר֣וֹט	8295	HVqa
Zech 12:3	יִשָּׂרֵ֑טוּ	8295	HVNi3mp
Zech 12:3	וְ/נֶאֶסְפ֣וּ	c/622	HC/VNq3cp
Zech 12:3	עָלֶ֔י/הָ	5921 a	HR/Sp3fs
Zech 12:3	כֹּ֖ל	3605	HNcmsc
Zech 12:3	גּוֹיֵ֥י	1471 a	HNcmpc
Zech 12:3	הָ/אָֽרֶץ	d/776	HTd/Ncbsa
Zech 12:4	בַּ/יּ֨וֹם	b/3117	HRd/Ncmsa
Zech 12:4	הַ/ה֜וּא	d/1931	HTd/Pp3ms
Zech 12:4	נְאֻם	5002	HNcmsc
Zech 12:4	יְהוָ֗ה	3068	HNp
Zech 12:4	אַכֶּ֤ה	5221	HVhi1cs
Zech 12:4	כָל	3605	HNcmsc
Zech 12:4	סוּס֙	5483 b	HNcmsa
Zech 12:4	בַּ/תִּמָּה֔וֹן	b/8541	HRd/Ncmsa
Zech 12:4	וְ/רֹכְב֖/וֹ	c/7392	HC/Vqrmsc/Sp3ms
Zech 12:4	בַּ/שִּׁגָּע֑וֹן	b/7697	HRd/Ncmsa
Zech 12:4	וְ/עַל	c/5921 a	HC/R
Zech 12:4	בֵּ֤ית	1004 b	HNcmsc
Zech 12:4	יְהוּדָה֙	3063	HNp
Zech 12:4	אֶפְקַ֣ח	6491	HVqi1cs
Zech 12:4	אֶת	853	HTo
Zech 12:4	עֵינַ֔/י	5869 a	HNcbdc/Sp1cs
Zech 12:4	וְ/כֹל֙	c/3605	HC/Ncmsc
Zech 12:4	ס֣וּס	5483 b	HNcmsc
Zech 12:4	הָֽ/עַמִּ֔ים	d/5971 a	HTd/Ncmpa
Zech 12:4	אַכֶּ֖ה	5221	HVhi1cs
Zech 12:4	בַּֽ/עִוָּרֽוֹן	b/5788 a	HRd/Ncmsa
Zech 12:5	וְ/אָֽמְר֛וּ	c/559	HC/Vqq3cp
Zech 12:5	אַלֻּפֵ֥י	441 b	HNcmpc
Zech 12:5	יְהוּדָ֖ה	3063	HNp
Zech 12:5	בְּ/לִבָּ֑/ם	b/3820 a	HR/Ncmsc/Sp3mp
Zech 12:5	אַמְצָ֥ה	556	HNcfsa
Zech 12:5	לִ/י֙	l	HR/Sp1cs
Zech 12:5	יֹשְׁבֵ֣י	3427	HVqrmpc
Zech 12:5	יְרוּשָׁלִַ֔ם	3389	HNp
Zech 12:5	בַּ/יהוָ֥ה	b/3068	HR/Np
Zech 12:5	צְבָא֖וֹת	6635 b	HNcbpa
Zech 12:5	אֱלֹהֵי/הֶֽם	430	HNcmpc/Sp3mp
Zech 12:6	בַּ/יּ֣וֹם	b/3117	HRd/Ncmsa
Zech 12:6	הַ/ה֡וּא	d/1931	HTd/Pp3ms
Zech 12:6	אָשִׂים֩	7760 a	HVqi1cs
Zech 12:6	אֶת	853	HTo
Zech 12:6	אַלֻּפֵ֨י	441 b	HNcmpc
Zech 12:6	יְהוּדָ֜ה	3063	HNp
Zech 12:6	כְּֽ/כִיּ֧וֹר	k/3595	HR/Ncmsc
Zech 12:6	אֵ֣שׁ	784	HNcbsa
Zech 12:6	בְּ/עֵצִ֗ים	b/6086	HR/Ncmpa
Zech 12:6	וּ/כְ/לַפִּ֥יד	c/k/3940	HC/R/Ncmsc
Zech 12:6	אֵשׁ֙	784	HNcbsa
Zech 12:6	בְּ/עָמִ֔יר	b/5995	HR/Ncmsa
Zech 12:6	וְ/אָ֨כְל֜וּ	c/398	HC/Vqq3cp
Zech 12:6	עַל	5921 a	HR
Zech 12:6	יָמִ֧ין	3225	HNcfsa
Zech 12:6	וְ/עַל	c/5921 a	HC/R
Zech 12:6	שְׂמֹ֛אול	8040	HNcmsa
Zech 12:6	אֶת	853	HTo
Zech 12:6	כָּל	3605	HNcmsc
Zech 12:6	הָ/עַמִּ֖ים	d/5971 a	HTd/Ncmpa
Zech 12:6	סָבִ֑יב	5439	HNcbsa
Zech 12:6	וְ/יָשְׁבָ֨ה	c/3427	HC/Vqq3fs
Zech 12:6	יְרוּשָׁלִַ֥ם	3389	HNp
Zech 12:6	ע֛וֹד	5750	HD
Zech 12:6	תַּחְתֶּ֖י/הָ	8478	HR/Sp3fs
Zech 12:6	בִּ/ירוּשָׁלִָֽם	b/3389	HR/Np
Zech 12:7	וְ/הוֹשִׁ֧יעַ	c/3467	HC/Vhq3ms
Zech 12:7	יְהוָ֛ה	3068	HNp
Zech 12:7	אֶת	853	HTo
Zech 12:7	אָהֳלֵ֥י	168	HNcmpc
Zech 12:7	יְהוּדָ֖ה	3063	HNp
Zech 12:7	בָּ/רִֽאשֹׁנָ֑ה	b/7223	HRd/Aafsa
Zech 12:7	לְמַ֨עַן	4616	HR
Zech 12:7	לֹֽא	3808	HTn
Zech 12:7	תִגְדַּ֜ל	1431	HVqi3fs
Zech 12:7	תִּפְאֶ֣רֶת	8597	HNcfsc
Zech 12:7	בֵּית	1004 b	HNcmsc
Zech 12:7	דָּוִ֗יד	1732	HNp
Zech 12:7	וְ/תִפְאֶ֛רֶת	c/8597	HC/Ncfsc
Zech 12:7	יֹשֵׁ֥ב	3427	HVqrmsc
Zech 12:7	יְרוּשָׁלִַ֖ם	3389	HNp
Zech 12:7	עַל	5921 a	HR
Zech 12:7	יְהוּדָֽה	3063	HNp
Zech 12:8	בַּ/יּ֣וֹם	b/3117	HRd/Ncmsa
Zech 12:8	הַ/ה֗וּא	d/1931	HTd/Pp3ms
Zech 12:8	יָגֵ֤ן	1598	HVqi3ms
Zech 12:8	יְהוָה֙	3068	HNp
Zech 12:8	בְּעַד֙	1157	HR
Zech 12:8	יוֹשֵׁ֣ב	3427	HVqrmsc
Zech 12:8	יְרוּשָׁלִַ֔ם	3389	HNp
Zech 12:8	וְ/הָיָ֞ה	c/1961	HC/Vqq3ms
Zech 12:8	הַ/נִּכְשָׁ֥ל	d/3782	HTd/VNsmsa
Zech 12:8	בָּ/הֶ֛ם	b	HR/Sp3mp
Zech 12:8	בַּ/יּ֥וֹם	b/3117	HRd/Ncmsa
Zech 12:8	הַ/ה֖וּא	d/1931	HTd/Pp3ms
Zech 12:8	כְּ/דָוִ֑יד	k/1732	HR/Np
Zech 12:8	וּ/בֵ֤ית	c/1004 b	HC/Ncmsc
Zech 12:8	דָּוִיד֙	1732	HNp
Zech 12:8	כֵּֽ/אלֹהִ֔ים	k/430	HR/Ncmpa
Zech 12:8	כְּ/מַלְאַ֥ךְ	k/4397	HR/Ncmsc
Zech 12:8	יְהוָ֖ה	3068	HNp
Zech 12:8	לִ/פְנֵי/הֶֽם	l/6440	HR/Ncbpc/Sp3mp
Zech 12:9	וְ/הָיָ֖ה	c/1961	HC/Vqq3ms
Zech 12:9	בַּ/יּ֣וֹם	b/3117	HRd/Ncmsa
Zech 12:9	הַ/ה֑וּא	d/1931	HTd/Pp3ms
Zech 12:9	אֲבַקֵּ֗שׁ	1245	HVpi1cs
Zech 12:9	לְ/הַשְׁמִיד֙	l/8045	HR/Vhc
Zech 12:9	אֶת	853	HTo
Zech 12:9	כָּל	3605	HNcmsc
Zech 12:9	הַ/גּוֹיִ֔ם	d/1471 a	HTd/Ncmpa
Zech 12:9	הַ/בָּאִ֖ים	d/935	HTd/Vqrmpa
Zech 12:9	עַל	5921 a	HR
Zech 12:9	יְרוּשָׁלִָֽם	3389	HNp
Zech 12:10	וְ/שָׁפַכְתִּי֩	c/8210	HC/Vqq1cs
Zech 12:10	עַל	5921 a	HR
Zech 12:10	בֵּ֨ית	1004 b	HNcmsc
Zech 12:10	דָּוִ֜יד	1732	HNp
Zech 12:10	וְ/עַ֣ל	c/5921 a	HC/R
Zech 12:10	יוֹשֵׁ֣ב	3427	HVqrmsc
Zech 12:10	יְרוּשָׁלִַ֗ם	3389	HNp
Zech 12:10	ר֤וּחַ	7307	HNcbsc
Zech 12:10	חֵן֙	2580	HNcmsa
Zech 12:10	וְ/תַ֣חֲנוּנִ֔ים	c/8469	HC/Ncmpa
Zech 12:10	וְ/הִבִּ֥יטוּ	c/5027	HC/Vhq3cp
Zech 12:10	אֵלַ֖/י	413	HR/Sp1cs
Zech 12:10	אֵ֣ת	853	HTo
Zech 12:10	אֲשֶׁר	834 a	HTr
Zech 12:10	דָּקָ֑רוּ	1856	HVqp3cp
Zech 12:10	וְ/סָפְד֣וּ	c/5594	HC/Vqq3cp
Zech 12:10	עָלָ֗י/ו	5921 a	HR/Sp3ms
Zech 12:10	כְּ/מִסְפֵּד֙	k/5594	HR/Ncmsa
Zech 12:10	עַל	5921 a	HR
Zech 12:10	הַ/יָּחִ֔יד	d/3173	HTd/Aamsa
Zech 12:10	וְ/הָמֵ֥ר	c/4843	HC/Vha
Zech 12:10	עָלָ֖י/ו	5921 a	HR/Sp3ms
Zech 12:10	כְּ/הָמֵ֥ר	k/4843	HR/Vhc
Zech 12:10	עַֽל	5921 a	HR
Zech 12:10	הַ/בְּכֽוֹר	d/1060	HTd/Ncmsa
Zech 12:11	בַּ/יּ֣וֹם	b/3117	HRd/Ncmsa
Zech 12:11	הַ/ה֗וּא	d/1931	HTd/Pp3ms
Zech 12:11	יִגְדַּ֤ל	1431	HVqi3ms
Zech 12:11	הַ/מִּסְפֵּד֙	d/4553	HTd/Ncmsa
Zech 12:11	בִּ/יר֣וּשָׁלִַ֔ם	b/3389	HR/Np
Zech 12:11	כְּ/מִסְפַּ֥ד	k/4553	HR/Ncmsc
Zech 12:11	הֲדַדְ	1910+	HNp
Zech 12:11	רִמּ֖וֹן	1910	HNp
Zech 12:11	בְּ/בִקְעַ֥ת	b/1237	HR/Ncfsc
Zech 12:11	מְגִדּֽוֹן	4023	HNp
Zech 12:12	וְ/סָפְדָ֣ה	c/5594	HC/Vqp3fs
Zech 12:12	הָ/אָ֔רֶץ	d/776	HTd/Ncbsa
Zech 12:12	מִשְׁפָּח֥וֹת	4940	HNcfpa
Zech 12:12	מִשְׁפָּח֖וֹת	4940	HNcfpa
Zech 12:12	לְ/בָ֑ד	l/905	HR/Ncmsa
Zech 12:12	מִשְׁפַּ֨חַת	4940	HNcfsc
Zech 12:12	בֵּית	1004 b	HNcmsc
Zech 12:12	דָּוִ֤יד	1732	HNp
Zech 12:12	לְ/בָד֙	l/905	HR/Ncmsa
Zech 12:12	וּ/נְשֵׁי/הֶ֣ם	c/802	HC/Ncfpc/Sp3mp
Zech 12:12	לְ/בָ֔ד	l/905	HR/Ncmsa
Zech 12:12	מִשְׁפַּ֤חַת	4940	HNcfsc
Zech 12:12	בֵּית	1004 b	HNcmsc
Zech 12:12	נָתָן֙	5416	HNp
Zech 12:12	לְ/בָ֔ד	l/905	HR/Ncmsa
Zech 12:12	וּ/נְשֵׁי/הֶ֖ם	c/802	HC/Ncfpc/Sp3mp
Zech 12:12	לְ/בָֽד	l/905	HR/Ncmsa
Zech 12:13	מִשְׁפַּ֤חַת	4940	HNcfsc
Zech 12:13	בֵּית	1004 b	HNcmsc
Zech 12:13	לֵוִי֙	3878	HNp
Zech 12:13	לְ/בָ֔ד	l/905	HR/Ncmsa
Zech 12:13	וּ/נְשֵׁי/הֶ֖ם	c/802	HC/Ncfpc/Sp3mp
Zech 12:13	לְ/בָ֑ד	l/905	HR/Ncmsa
Zech 12:13	מִשְׁפַּ֤חַת	4940	HNcfsc
Zech 12:13	הַ/שִּׁמְעִי֙	d/8097	HTd/Ngmsa
Zech 12:13	לְ/בָ֔ד	l/905	HR/Ncmsa
Zech 12:13	וּ/נְשֵׁי/הֶ֖ם	c/802	HC/Ncfpc/Sp3mp
Zech 12:13	לְ/בָֽד	l/905	HR/Ncmsa
Zech 12:14	כֹּ֗ל	3605	HNcmsc
Zech 12:14	הַ/מִּשְׁפָּחוֹת֙	d/4940	HTd/Ncfpa
Zech 12:14	הַ/נִּשְׁאָר֔וֹת	d/7604	HTd/VNsfpa
Zech 12:14	מִשְׁפָּחֹ֥ת	4940	HNcfpa
Zech 12:14	מִשְׁפָּחֹ֖ת	4940	HNcfpa
Zech 12:14	לְ/בָ֑ד	l/905	HR/Ncmsa
Zech 12:14	וּ/נְשֵׁי/הֶ֖ם	c/802	HC/Ncfpc/Sp3mp
Zech 12:14	לְ/בָֽד	l/905	HR/Ncmsa
Zech 13:1	בַּ/יּ֣וֹם	b/3117	HRd/Ncmsa
Zech 13:1	הַ/ה֗וּא	d/1931	HTd/Pp3ms
Zech 13:1	יִֽהְיֶה֙	1961	HVqi3ms
Zech 13:1	מָק֣וֹר	4726	HNcmsa
Zech 13:1	נִפְתָּ֔ח	6605 a	HVNsmsa
Zech 13:1	לְ/בֵ֥ית	l/1004 b	HR/Ncmsc
Zech 13:1	דָּוִ֖יד	1732	HNp
Zech 13:1	וּ/לְ/יֹשְׁבֵ֣י	c/l/3427	HC/R/Vqrmpc
Zech 13:1	יְרֽוּשָׁלִָ֑ם	3389	HNp
Zech 13:1	לְ/חַטַּ֖את	l/2403 b	HR/Ncfsc
Zech 13:1	וּ/לְ/נִדָּֽה	c/l/5079	HC/R/Ncfsa
Zech 13:2	וְ/הָיָה֩	c/1961	HC/Vqq3ms
Zech 13:2	בַ/יּ֨וֹם	b/3117	HRd/Ncmsa
Zech 13:2	הַ/ה֜וּא	d/1931	HTd/Pp3ms
Zech 13:2	נְאֻ֣ם	5002	HNcmsc
Zech 13:2	יְהוָ֣ה	3068	HNp
Zech 13:2	צְבָא֗וֹת	6635 b	HNcbpa
Zech 13:2	אַכְרִ֞ית	3772	HVhi1cs
Zech 13:2	אֶת	853	HTo
Zech 13:2	שְׁמ֤וֹת	8034	HNcmpc
Zech 13:2	הָֽ/עֲצַבִּים֙	d/6091	HTd/Ncmpa
Zech 13:2	מִן	4480 a	HR
Zech 13:2	הָ/אָ֔רֶץ	d/776	HTd/Ncbsa
Zech 13:2	וְ/לֹ֥א	c/3808	HC/Tn
Zech 13:2	יִזָּכְר֖וּ	2142	HVNi3mp
Zech 13:2	ע֑וֹד	5750	HD
Zech 13:2	וְ/גַ֧ם	c/1571	HC/Ta
Zech 13:2	אֶת	853	HTo
Zech 13:2	הַ/נְּבִיאִ֛ים	d/5030	HTd/Ncmpa
Zech 13:2	וְ/אֶת	c/853	HC/To
Zech 13:2	ר֥וּחַ	7307	HNcbsc
Zech 13:2	הַ/טֻּמְאָ֖ה	d/2932	HTd/Ncfsa
Zech 13:2	אַעֲבִ֥יר	5674 a	HVhi1cs
Zech 13:2	מִן	4480 a	HR
Zech 13:2	הָ/אָֽרֶץ	d/776	HTd/Ncbsa
Zech 13:3	וְ/הָיָ֗ה	c/1961	HC/Vqq3ms
Zech 13:3	כִּֽי	3588 a	HC
Zech 13:3	יִנָּבֵ֣א	5012	HVNi3ms
Zech 13:3	אִישׁ֮	376	HNcmsa
Zech 13:3	עוֹד֒	5750	HD
Zech 13:3	וְ/אָמְר֣וּ	c/559	HC/Vqq3cp
Zech 13:3	אֵ֠לָי/ו	413	HR/Sp3ms
Zech 13:3	אָבִ֨י/ו	1	HNcmsc/Sp3ms
Zech 13:3	וְ/אִמּ֤/וֹ	c/517	HC/Ncfsc/Sp3ms
Zech 13:3	יֹֽלְדָי/ו֙	3205	HVqrmpc/Sp3ms
Zech 13:3	לֹ֣א	3808	HTn
Zech 13:3	תִֽחְיֶ֔ה	2421	HVqi2ms
Zech 13:3	כִּ֛י	3588 a	HC
Zech 13:3	שֶׁ֥קֶר	8267	HNcmsa
Zech 13:3	דִּבַּ֖רְתָּ	1696	HVpp2ms
Zech 13:3	בְּ/שֵׁ֣ם	b/8034	HR/Ncmsc
Zech 13:3	יְהוָ֑ה	3068	HNp
Zech 13:3	וּ/דְקָרֻ֜/הוּ	c/1856	HC/Vqq3cp/Sp3ms
Zech 13:3	אָבִ֧י/הוּ	1	HNcmsc/Sp3ms
Zech 13:3	וְ/אִמּ֛/וֹ	c/517	HC/Ncfsc/Sp3ms
Zech 13:3	יֹלְדָ֖י/ו	3205	HVqrmpc/Sp3ms
Zech 13:3	בְּ/הִנָּבְאֽ/וֹ	b/5012	HR/VNc/Sp3ms
Zech 13:4	וְ/הָיָ֣ה	c/1961	HC/Vqq3ms
Zech 13:4	בַּ/יּ֣וֹם	b/3117	HRd/Ncmsa
Zech 13:4	הַ/ה֗וּא	d/1931	HTd/Pp3ms
Zech 13:4	יֵבֹ֧שׁוּ	954	HVqi3mp
Zech 13:4	הַ/נְּבִיאִ֛ים	d/5030	HTd/Ncmpa
Zech 13:4	אִ֥ישׁ	376	HNcmsa
Zech 13:4	מֵ/חֶזְיֹנ֖/וֹ	m/2384	HR/Ncmsc/Sp3ms
Zech 13:4	בְּ/הִנָּֽבְאֹת֑/וֹ	b/5012	HR/VNc/Sp3ms
Zech 13:4	וְ/לֹ֧א	c/3808	HC/Tn
Zech 13:4	יִלְבְּשׁ֛וּ	3847	HVqi3mp
Zech 13:4	אַדֶּ֥רֶת	155	HNcfsc
Zech 13:4	שֵׂעָ֖ר	8181	HNcmsa
Zech 13:4	לְמַ֥עַן	4616	HR
Zech 13:4	כַּחֵֽשׁ	3584	HVpc
Zech 13:5	וְ/אָמַ֕ר	c/559	HC/Vqq3ms
Zech 13:5	לֹ֥א	3808	HTn
Zech 13:5	נָבִ֖יא	5030	HNcmsa
Zech 13:5	אָנֹ֑כִי	595	HPp1cs
Zech 13:5	אִישׁ	376	HNcmsa
Zech 13:5	עֹבֵ֤ד	5647	HVqrmsa
Zech 13:5	אֲדָמָה֙	127	HNcfsa
Zech 13:5	אָנֹ֔כִי	595	HPp1cs
Zech 13:5	כִּ֥י	3588 a	HC
Zech 13:5	אָדָ֖ם	120	HNcmsa
Zech 13:5	הִקְנַ֥/נִי	7069	HVhp3ms/Sp1cs
Zech 13:5	מִ/נְּעוּרָֽ/י	m/5271 a	HR/Ncbpc/Sp1cs
Zech 13:6	וְ/אָמַ֣ר	c/559	HC/Vqq3ms
Zech 13:6	אֵלָ֔י/ו	413	HR/Sp3ms
Zech 13:6	מָ֧ה	4100	HTi
Zech 13:6	הַ/מַּכּ֛וֹת	d/4347	HTd/Ncfpa
Zech 13:6	הָ/אֵ֖לֶּה	d/428	HTd/Pdxcp
Zech 13:6	בֵּ֣ין	996	HR
Zech 13:6	יָדֶ֑י/ךָ	3027	HNcbdc/Sp2ms
Zech 13:6	וְ/אָמַ֕ר	c/559	HC/Vqq3ms
Zech 13:6	אֲשֶׁ֥ר	834 a	HTr
Zech 13:6	הֻכֵּ֖יתִי	5221	HVHp1cs
Zech 13:6	בֵּ֥ית	1004 b	HNcmsc
Zech 13:6	מְאַהֲבָֽ/י	157	HVprmpc/Sp1cs
Zech 13:7	חֶ֗רֶב	2719	HNcfsa
Zech 13:7	עוּרִ֤י	5782	HVqv2fs
Zech 13:7	עַל	5921 a	HR
Zech 13:7	רֹעִ/י֙	7473	HVqrmsc/Sp1cs
Zech 13:7	וְ/עַל	c/5921 a	HC/R
Zech 13:7	גֶּ֣בֶר	1397	HNcmsc
Zech 13:7	עֲמִיתִ֔/י	5997	HNcmsc/Sp1cs
Zech 13:7	נְאֻ֖ם	5002	HNcmsc
Zech 13:7	יְהוָ֣ה	3068	HNp
Zech 13:7	צְבָא֑וֹת	6635 b	HNcbpa
Zech 13:7	הַ֤ךְ	5221	HVhv2ms
Zech 13:7	אֶת	853	HTo
Zech 13:7	הָֽ/רֹעֶה֙	d/7462 b	HTd/Vqrmsa
Zech 13:7	וּ/תְפוּצֶ֣יןָ	c/6327 a	HC/Vqi3fp
Zech 13:7	הַ/צֹּ֔אן	d/6629	HTd/Ncbsa
Zech 13:7	וַ/הֲשִׁבֹתִ֥י	c/7725	HC/Vhq1cs
Zech 13:7	יָדִ֖/י	3027	HNcbsc/Sp1cs
Zech 13:7	עַל	5921 a	HR
Zech 13:7	הַ/צֹּעֲרִֽים	d/6819	HTd/Vqrmpa
Zech 13:8	וְ/הָיָ֤ה	c/1961	HC/Vqq3ms
Zech 13:8	בְ/כָל	b/3605	HR/Ncmsc
Zech 13:8	הָ/אָ֨רֶץ֙	d/776	HTd/Ncbsa
Zech 13:8	נְאֻם	5002	HNcmsc
Zech 13:8	יְהוָ֔ה	3068	HNp
Zech 13:8	פִּֽי	6310	HNcmsc
Zech 13:8	שְׁנַ֣יִם	8147	HAcmda
Zech 13:8	בָּ֔/הּ	b	HR/Sp3fs
Zech 13:8	יִכָּרְת֖וּ	3772	HVNi3mp
Zech 13:8	יִגְוָ֑עוּ	1478	HVqi3mp
Zech 13:8	וְ/הַ/שְּׁלִשִׁ֖ית	c/d/7992	HC/Td/Ncfsa
Zech 13:8	יִוָּ֥תֶר	3498	HVNi3ms
Zech 13:8	בָּֽ/הּ	b	HR/Sp3fs
Zech 13:9	וְ/הֵבֵאתִ֤י	c/935	HC/Vhq1cs
Zech 13:9	אֶת	853	HTo
Zech 13:9	הַ/שְּׁלִשִׁית֙	d/7992	HTd/Ncfsa
Zech 13:9	בָּ/אֵ֔שׁ	b/784	HRd/Ncbsa
Zech 13:9	וּ/צְרַפְתִּי/ם֙	c/6884	HC/Vqq1cs/Sp3mp
Zech 13:9	כִּ/צְרֹ֣ף	k/6884	HR/Vqc
Zech 13:9	אֶת	853	HTo
Zech 13:9	הַ/כֶּ֔סֶף	d/3701	HTd/Ncmsa
Zech 13:9	וּ/בְחַנְתִּ֖י/ם	c/974	HC/Vqq1cs/Sp3mp
Zech 13:9	כִּ/בְחֹ֣ן	k/974	HR/Vqc
Zech 13:9	אֶת	853	HTo
Zech 13:9	הַ/זָּהָ֑ב	d/2091	HTd/Ncmsa
Zech 13:9	ה֣וּא	1931	HPp3ms
Zech 13:9	יִקְרָ֣א	7121	HVqi3ms
Zech 13:9	בִ/שְׁמִ֗/י	b/8034	HR/Ncmsc/Sp1cs
Zech 13:9	וַֽ/אֲנִי֙	c/589	HC/Pp1cs
Zech 13:9	אֶעֱנֶ֣ה	6030 b	HVqi1cs
Zech 13:9	אֹת֔/וֹ	853	HTo/Sp3ms
Zech 13:9	אָמַ֨רְתִּי֙	559	HVqp1cs
Zech 13:9	עַמִּ֣/י	5971 a	HNcmsc/Sp1cs
Zech 13:9	ה֔וּא	1931	HPp3ms
Zech 13:9	וְ/ה֥וּא	c/1931	HC/Pp3ms
Zech 13:9	יֹאמַ֖ר	559	HVqi3ms
Zech 13:9	יְהוָ֥ה	3068	HNp
Zech 13:9	אֱלֹהָֽ/י	430	HNcmpc/Sp1cs
Zech 14:1	הִנֵּ֥ה	2009	HTm
Zech 14:1	יֽוֹם	3117	HNcmsa
Zech 14:1	בָּ֖א	935	HVqrmsa
Zech 14:1	לַֽ/יהוָ֑ה	l/3068	HR/Np
Zech 14:1	וְ/חֻלַּ֥ק	c/2505 a	HC/VPq3ms
Zech 14:1	שְׁלָלֵ֖/ךְ	7998	HNcmsc/Sp3fs
Zech 14:1	בְּ/קִרְבֵּֽ/ךְ	b/7130	HR/Ncmsc/Sp2fs
Zech 14:2	וְ/אָסַפְתִּ֨י	c/622	HC/Vqq1cs
Zech 14:2	אֶת	853	HTo
Zech 14:2	כָּל	3605	HNcmsc
Zech 14:2	הַ/גּוֹיִ֥ם	d/1471 a	HTd/Ncmpa
Zech 14:2	אֶֽל	413	HR
Zech 14:2	יְרוּשָׁלִַם֮	3389	HNp
Zech 14:2	לַ/מִּלְחָמָה֒	l/4421	HRd/Ncfsa
Zech 14:2	וְ/נִלְכְּדָ֣ה	c/3920	HC/VNq3fs
Zech 14:2	הָ/עִ֗יר	d/5892 b	HTd/Ncfsa
Zech 14:2	וְ/נָשַׁ֨סּוּ֙	c/8155	HC/VNq3cp
Zech 14:2	הַ/בָּ֣תִּ֔ים	d/1004 b	HTd/Ncmpa
Zech 14:2	וְ/הַ/נָּשִׁ֖ים	c/d/802	HC/Td/Ncfpa
Zech 14:2	תשגלנה	7693	HVNi3fp
Zech 14:2	וְ/יָצָ֞א	c/3318	HC/Vqq3ms
Zech 14:2	חֲצִ֤י	2677	HNcmsc
Zech 14:2	הָ/עִיר֙	d/5892 b	HTd/Ncfsa
Zech 14:2	בַּ/גּוֹלָ֔ה	b/1473	HRd/Ncfsa
Zech 14:2	וְ/יֶ֣תֶר	c/3499 a	HC/Ncmsc
Zech 14:2	הָ/עָ֔ם	d/5971 a	HTd/Ncmsa
Zech 14:2	לֹ֥א	3808	HTn
Zech 14:2	יִכָּרֵ֖ת	3772	HVNi3ms
Zech 14:2	מִן	4480 a	HR
Zech 14:2	הָ/עִֽיר	d/5892 b	HTd/Ncfsa
Zech 14:3	וְ/יָצָ֣א	c/3318	HC/Vqq3ms
Zech 14:3	יְהוָ֔ה	3068	HNp
Zech 14:3	וְ/נִלְחַ֖ם	c/3898 a	HC/VNq3ms
Zech 14:3	בַּ/גּוֹיִ֣ם	b/1471 a	HRd/Ncmpa
Zech 14:3	הָ/הֵ֑ם	d/1992	HTd/Pp3mp
Zech 14:3	כְּ/י֥וֹם	k/3117	HR/Ncmsc
Zech 14:3	הִֽלָּחֲמ֖/ו	3898 a	HVNc/Sp3ms
Zech 14:3	בְּ/י֥וֹם	b/3117	HR/Ncmsc
Zech 14:3	קְרָֽב	7128	HNcmsa
Zech 14:4	וְ/עָמְד֣וּ	c/5975	HC/Vqq3cp
Zech 14:4	רַגְלָ֣י/ו	7272	HNcfdc/Sp3ms
Zech 14:4	בַּ/יּוֹם	b/3117	HRd/Ncmsa
Zech 14:4	הַ֠/הוּא	d/1931	HTd/Pp3ms
Zech 14:4	עַל	5921 a	HR
Zech 14:4	הַ֨ר	2022	HNcmsc
Zech 14:4	הַ/זֵּתִ֜ים	d/2132	HTd/Ncmpa
Zech 14:4	אֲשֶׁ֨ר	834 a	HTr
Zech 14:4	עַל	5921 a	HR
Zech 14:4	פְּנֵ֥י	6440	HNcbpc
Zech 14:4	יְרוּשָׁלִַם֮	3389	HNp
Zech 14:4	מִ/קֶּדֶם֒	m/6924 a	HR/Ncmsa
Zech 14:4	וְ/נִבְקַע֩	c/1234	HC/VNq3ms
Zech 14:4	הַ֨ר	2022	HNcmsc
Zech 14:4	הַ/זֵּיתִ֤ים	d/2132	HTd/Ncmpa
Zech 14:4	מֵֽ/חֶצְי/וֹ֙	m/2677	HR/Ncmsc/Sp3ms
Zech 14:4	מִזְרָ֣חָ/ה	4217	HNcmsa/Sd
Zech 14:4	וָ/יָ֔מָּ/ה	c/3220	HC/Ncmsa/Sd
Zech 14:4	גֵּ֖יא	1516	HNcbsc
Zech 14:4	גְּדוֹלָ֣ה	1419 a	HAafsa
Zech 14:4	מְאֹ֑ד	3966	HD
Zech 14:4	וּ/מָ֨שׁ	c/4185	HC/Vqq3ms
Zech 14:4	חֲצִ֥י	2677	HNcmsc
Zech 14:4	הָ/הָ֛ר	d/2022	HTd/Ncmsa
Zech 14:4	צָפ֖וֹנָ/ה	6828	HNcfsa/Sd
Zech 14:4	וְ/חֶצְי/וֹ	c/2677	HC/Ncmsc/Sp3ms
Zech 14:4	נֶֽגְבָּ/ה	5045	HNcmsa/Sd
Zech 14:5	וְ/נַסְתֶּ֣ם	c/5127	HC/Vqq2mp
Zech 14:5	גֵּֽיא	1516	HNcbsc
Zech 14:5	הָרַ֗/י	2022	HNcmpc/Sp1cs
Zech 14:5	כִּֽי	3588 a	HC
Zech 14:5	יַגִּ֣יעַ	5060	HVhi3ms
Zech 14:5	גֵּי	1516	HNcbsc
Zech 14:5	הָרִים֮	2022	HNcmpa
Zech 14:5	אֶל	413	HR
Zech 14:5	אָצַל֒	682 b	HNp
Zech 14:5	וְ/נַסְתֶּ֗ם	c/5127	HC/Vqq2mp
Zech 14:5	כַּ/אֲשֶׁ֤ר	k/834 d	HR/Tr
Zech 14:5	נַסְתֶּם֙	5127	HVqp2mp
Zech 14:5	מִ/פְּנֵ֣י	m/6440	HR/Ncbpc
Zech 14:5	הָ/רַ֔עַשׁ	d/7494	HTd/Ncmsa
Zech 14:5	בִּ/ימֵ֖י	b/3117	HR/Ncmpc
Zech 14:5	עֻזִּיָּ֣ה	5818	HNp
Zech 14:5	מֶֽלֶךְ	4428	HNcmsc
Zech 14:5	יְהוּדָ֑ה	3063	HNp
Zech 14:5	וּ/בָא֙	c/935	HC/Vqq3ms
Zech 14:5	יְהוָ֣ה	3068	HNp
Zech 14:5	אֱלֹהַ֔/י	430	HNcmpc/Sp1cs
Zech 14:5	כָּל	3605	HNcmsc
Zech 14:5	קְדֹשִׁ֖ים	6918	HAampa
Zech 14:5	עִמָּֽ/ךְ	5973 a	HR/Sp3fs
Zech 14:6	וְ/הָיָ֖ה	c/1961	HC/Vqq3ms
Zech 14:6	בַּ/יּ֣וֹם	b/3117	HRd/Ncmsa
Zech 14:6	הַ/ה֑וּא	d/1931	HTd/Pp3ms
Zech 14:6	לֹֽא	3808	HTn
Zech 14:6	יִהְיֶ֣ה	1961	HVqi3ms
Zech 14:6	א֔וֹר	216	HNcbsa
Zech 14:6	יְקָר֖וֹת	3368	HAafpa
Zech 14:6	יקפאו/ן	7087 b	HVqi3mp/Sn
Zech 14:7	וְ/הָיָ֣ה	c/1961	HC/Vqq3ms
Zech 14:7	יוֹם	3117	HNcmsa
Zech 14:7	אֶחָ֗ד	259	HAcmsa
Zech 14:7	ה֛וּא	1931	HPp3ms
Zech 14:7	יִוָּדַ֥ע	3045	HVNi3ms
Zech 14:7	לַֽ/יהוָ֖ה	l/3068	HR/Np
Zech 14:7	לֹא	3808	HTn
Zech 14:7	י֣וֹם	3117	HNcmsa
Zech 14:7	וְ/לֹא	c/3808	HC/Tn
Zech 14:7	לָ֑יְלָה	3915	HNcmsa
Zech 14:7	וְ/הָיָ֥ה	c/1961	HC/Vqq3ms
Zech 14:7	לְ/עֵֽת	l/6256	HR/Ncbsc
Zech 14:7	עֶ֖רֶב	6153	HNcmsa
Zech 14:7	יִֽהְיֶה	1961	HVqi3ms
Zech 14:7	אֽוֹר	216	HNcbsa
Zech 14:8	וְ/הָיָ֣ה	c/1961	HC/Vqq3ms
Zech 14:8	בַּ/יּ֣וֹם	b/3117	HRd/Ncmsa
Zech 14:8	הַ/ה֗וּא	d/1931	HTd/Pp3ms
Zech 14:8	יֵצְא֤וּ	3318	HVqi3mp
Zech 14:8	מַֽיִם	4325	HNcmpa
Zech 14:8	חַיִּים֙	2416 a	HAampa
Zech 14:8	מִ/יר֣וּשָׁלִַ֔ם	m/3389	HR/Np
Zech 14:8	חֶצְיָ֗/ם	2677	HNcmsc/Sp3mp
Zech 14:8	אֶל	413	HR
Zech 14:8	הַ/יָּם֙	d/3220	HTd/Ncmsa
Zech 14:8	הַ/קַּדְמוֹנִ֔י	d/6931	HTd/Aamsa
Zech 14:8	וְ/חֶצְיָ֖/ם	c/2677	HC/Ncmsc/Sp3mp
Zech 14:8	אֶל	413	HR
Zech 14:8	הַ/יָּ֣ם	d/3220	HTd/Ncmsa
Zech 14:8	הָ/אַחֲר֑וֹן	d/314	HTd/Aamsa
Zech 14:8	בַּ/קַּ֥יִץ	b/7019	HRd/Ncmsa
Zech 14:8	וּ/בָ/חֹ֖רֶף	c/b/2779	HC/Rd/Ncmsa
Zech 14:8	יִֽהְיֶֽה	1961	HVqi3ms
Zech 14:9	וְ/הָיָ֧ה	c/1961	HC/Vqq3ms
Zech 14:9	יְהוָ֛ה	3068	HNp
Zech 14:9	לְ/מֶ֖לֶךְ	l/4428	HR/Ncmsa
Zech 14:9	עַל	5921 a	HR
Zech 14:9	כָּל	3605	HNcmsc
Zech 14:9	הָ/אָ֑רֶץ	d/776	HTd/Ncbsa
Zech 14:9	בַּ/יּ֣וֹם	b/3117	HRd/Ncmsa
Zech 14:9	הַ/ה֗וּא	d/1931	HTd/Pp3ms
Zech 14:9	יִהְיֶ֧ה	1961	HVqi3ms
Zech 14:9	יְהוָ֛ה	3068	HNp
Zech 14:9	אֶחָ֖ד	259	HAcmsa
Zech 14:9	וּ/שְׁמ֥/וֹ	c/8034	HC/Ncmsc/Sp3ms
Zech 14:9	אֶחָֽד	259	HAcmsa
Zech 14:10	יִסּ֨וֹב	5437	HVqi3ms
Zech 14:10	כָּל	3605	HNcmsc
Zech 14:10	הָ/אָ֤רֶץ	d/776	HTd/Ncbsa
Zech 14:10	כָּ/עֲרָבָה֙	k/6160	HRd/Ncfsa
Zech 14:10	מִ/גֶּ֣בַע	m/1387	HR/Np
Zech 14:10	לְ/רִמּ֔וֹן	l/7417 c	HR/Np
Zech 14:10	נֶ֖גֶב	5045	HNcmsc
Zech 14:10	יְרֽוּשָׁלִָ֑ם	3389	HNp
Zech 14:10	וְֽ/רָאֲמָה֩	c/7213	HC/Vqq3fs
Zech 14:10	וְ/יָשְׁבָ֨ה	c/3427	HC/Vqq3fs
Zech 14:10	תַחְתֶּ֜י/הָ	8478	HR/Sp3fs
Zech 14:10	לְ/מִ/שַּׁ֣עַר	l/m/8179	HR/R/Ncmsc
Zech 14:10	בִּנְיָמִ֗ן	1144	HNp
Zech 14:10	עַד	5704	HR
Zech 14:10	מְק֞וֹם	4725	HNcmsc
Zech 14:10	שַׁ֤עַר	8179	HNcmsc
Zech 14:10	הָֽ/רִאשׁוֹן֙	d/7223	HTd/Aomsa
Zech 14:10	עַד	5704	HR
Zech 14:10	שַׁ֣עַר	8179	HNcmsc
Zech 14:10	הַ/פִּנִּ֔ים	d/6434	HTd/Ncfpa
Zech 14:10	וּ/מִגְדַּ֣ל	c/4026	HC/Ncbsc
Zech 14:10	חֲנַנְאֵ֔ל	2606	HNp
Zech 14:10	עַ֖ד	5704	HR
Zech 14:10	יִקְבֵ֥י	3342	HNcmpc
Zech 14:10	הַ/מֶּֽלֶךְ	d/4428	HTd/Ncmsa
Zech 14:11	וְ/יָ֣שְׁבוּ	c/3427	HC/Vqq3cp
Zech 14:11	בָ֔/הּ	b	HR/Sp3fs
Zech 14:11	וְ/חֵ֖רֶם	c/2764 a	HC/Ncmsa
Zech 14:11	לֹ֣א	3808	HTn
Zech 14:11	יִֽהְיֶה	1961	HVqi3ms
Zech 14:11	ע֑וֹד	5750	HD
Zech 14:11	וְ/יָשְׁבָ֥ה	c/3427	HC/Vqq3fs
Zech 14:11	יְרוּשָׁלִַ֖ם	3389	HNp
Zech 14:11	לָ/בֶֽטַח	l/983	HR/Ncmsa
Zech 14:12	וְ/זֹ֣את	c/2063	HC/Pdxfs
Zech 14:12	תִּֽהְיֶ֣ה	1961	HVqi3fs
Zech 14:12	הַ/מַּגֵּפָ֗ה	d/4046	HTd/Ncfsa
Zech 14:12	אֲשֶׁ֨ר	834 a	HTr
Zech 14:12	יִגֹּ֤ף	5062	HVqi3ms
Zech 14:12	יְהוָה֙	3068	HNp
Zech 14:12	אֶת	853	HTo
Zech 14:12	כָּל	3605	HNcmsc
Zech 14:12	הָ֣/עַמִּ֔ים	d/5971 a	HTd/Ncmpa
Zech 14:12	אֲשֶׁ֥ר	834 a	HTr
Zech 14:12	צָבְא֖וּ	6633	HVqp3cp
Zech 14:12	עַל	5921 a	HR
Zech 14:12	יְרוּשָׁלִָ֑ם	3389	HNp
Zech 14:12	הָמֵ֣ק	4743	HVha
Zech 14:12	בְּשָׂר֗/וֹ	1320	HNcmsc/Sp3ms
Zech 14:12	וְ/הוּא֙	c/1931	HC/Pp3ms
Zech 14:12	עֹמֵ֣ד	5975	HVqrmsa
Zech 14:12	עַל	5921 a	HR
Zech 14:12	רַגְלָ֔י/ו	7272	HNcfdc/Sp3ms
Zech 14:12	וְ/עֵינָי/ו֙	c/5869 a	HC/Ncbdc/Sp3ms
Zech 14:12	תִּמַּ֣קְנָה	4743	HVNi3fp
Zech 14:12	בְ/חֹֽרֵי/הֶ֔ן	b/2356	HR/Ncmpc/Sp3fp
Zech 14:12	וּ/לְשׁוֹנ֖/וֹ	c/3956	HC/Ncbsc/Sp3ms
Zech 14:12	תִּמַּ֥ק	4743	HVNi3fs
Zech 14:12	בְּ/פִי/הֶֽם	b/6310	HR/Ncmsc/Sp3mp
Zech 14:13	וְ/הָיָה֙	c/1961	HC/Vqq3ms
Zech 14:13	בַּ/יּ֣וֹם	b/3117	HRd/Ncmsa
Zech 14:13	הַ/ה֔וּא	d/1931	HTd/Pp3ms
Zech 14:13	תִּֽהְיֶ֧ה	1961	HVqi3fs
Zech 14:13	מְהֽוּמַת	4103	HNcfsc
Zech 14:13	יְהוָ֛ה	3068	HNp
Zech 14:13	רַבָּ֖ה	7227 a	HAafsa
Zech 14:13	בָּ/הֶ֑ם	b	HR/Sp3mp
Zech 14:13	וְ/הֶחֱזִ֗יקוּ	c/2388	HC/Vhq3cp
Zech 14:13	אִ֚ישׁ	376	HNcmsa
Zech 14:13	יַ֣ד	3027	HNcbsc
Zech 14:13	רֵעֵ֔/הוּ	7453	HNcmsc/Sp3ms
Zech 14:13	וְ/עָלְתָ֥ה	c/5927	HC/Vqq3fs
Zech 14:13	יָד֖/וֹ	3027	HNcbsc/Sp3ms
Zech 14:13	עַל	5921 a	HR
Zech 14:13	יַ֥ד	3027	HNcbsc
Zech 14:13	רֵעֵֽ/הוּ	7453	HNcmsc/Sp3ms
Zech 14:14	וְ/גַ֨ם	c/1571	HC/Ta
Zech 14:14	יְהוּדָ֔ה	3063	HNp
Zech 14:14	תִּלָּחֵ֖ם	3898 a	HVNi3fs
Zech 14:14	בִּ/ירֽוּשָׁלִָ֑ם	b/3389	HR/Np
Zech 14:14	וְ/אֻסַּף֩	c/622	HC/VPq3ms
Zech 14:14	חֵ֨יל	2428	HNcmsc
Zech 14:14	כָּל	3605	HNcmsc
Zech 14:14	הַ/גּוֹיִ֜ם	d/1471 a	HTd/Ncmpa
Zech 14:14	סָבִ֗יב	5439	HNcbsa
Zech 14:14	זָהָ֥ב	2091	HNcmsa
Zech 14:14	וָ/כֶ֛סֶף	c/3701	HC/Ncmsa
Zech 14:14	וּ/בְגָדִ֖ים	c/899 b	HC/Ncmpa
Zech 14:14	לָ/רֹ֥ב	l/7230	HR/Ncbsa
Zech 14:14	מְאֹֽד	3966	HD
Zech 14:15	וְ/כֵ֨ן	c/3651 c	HC/Tm
Zech 14:15	תִּֽהְיֶ֜ה	1961	HVqi3fs
Zech 14:15	מַגֵּפַ֣ת	4046	HNcfsc
Zech 14:15	הַ/סּ֗וּס	d/5483 b	HTd/Ncmsa
Zech 14:15	הַ/פֶּ֨רֶד֙	d/6505	HTd/Ncmsa
Zech 14:15	הַ/גָּמָ֣ל	d/1581	HTd/Ncmsa
Zech 14:15	וְ/הַ/חֲמ֔וֹר	c/d/2543	HC/Td/Ncbsa
Zech 14:15	וְ/כָ֨ל	c/3605	HC/Ncmsc
Zech 14:15	הַ/בְּהֵמָ֔ה	d/929	HTd/Ncfsa
Zech 14:15	אֲשֶׁ֥ר	834 a	HTr
Zech 14:15	יִהְיֶ֖ה	1961	HVqi3ms
Zech 14:15	בַּ/מַּחֲנ֣וֹת	b/4264	HRd/Ncbpa
Zech 14:15	הָ/הֵ֑מָּה	d/1992	HTd/Pp3mp
Zech 14:15	כַּ/מַּגֵּפָ֖ה	k/4046	HRd/Ncfsa
Zech 14:15	הַ/זֹּֽאת	d/2063	HTd/Pdxfs
Zech 14:16	וְ/הָיָ֗ה	c/1961	HC/Vqq3ms
Zech 14:16	כָּל	3605	HNcmsc
Zech 14:16	הַ/נּוֹתָר֙	d/3498	HTd/VNrmsa
Zech 14:16	מִ/כָּל	m/3605	HR/Ncmsc
Zech 14:16	הַ/גּוֹיִ֔ם	d/1471 a	HTd/Ncmpa
Zech 14:16	הַ/בָּאִ֖ים	d/935	HTd/Vqrmpa
Zech 14:16	עַל	5921 a	HR
Zech 14:16	יְרֽוּשָׁלִָ֑ם	3389	HNp
Zech 14:16	וְ/עָל֞וּ	c/5927	HC/Vqq3cp
Zech 14:16	מִ/דֵּ֧י	m/1767	HR/Ncmsc
Zech 14:16	שָׁנָ֣ה	8141	HNcfsa
Zech 14:16	בְ/שָׁנָ֗ה	b/8141	HR/Ncfsa
Zech 14:16	לְ/הִֽשְׁתַּחֲוֺת֙	l/7812	HR/Vtc
Zech 14:16	לְ/מֶ֨לֶךְ֙	l/4428	HR/Ncmsa
Zech 14:16	יְהוָ֣ה	3068	HNp
Zech 14:16	צְבָא֔וֹת	6635 b	HNcbpa
Zech 14:16	וְ/לָ/חֹ֖ג	c/l/2287	HC/R/Vqc
Zech 14:16	אֶת	853	HTo
Zech 14:16	חַ֥ג	2282	HNcmsc
Zech 14:16	הַ/סֻּכּֽוֹת	d/5521	HTd/Ncfpa
Zech 14:17	וְ֠/הָיָה	c/1961	HC/Vqq3ms
Zech 14:17	אֲשֶׁ֨ר	834 a	HTr
Zech 14:17	לֹֽא	3808	HTn
Zech 14:17	יַעֲלֶ֜ה	5927	HVqi3ms
Zech 14:17	מֵ/אֵ֨ת	m/854	HR/R
Zech 14:17	מִשְׁפְּח֤וֹת	4940	HNcfpc
Zech 14:17	הָ/אָ֨רֶץ֙	d/776	HTd/Ncbsa
Zech 14:17	אֶל	413	HR
Zech 14:17	יְר֣וּשָׁלִַ֔ם	3389	HNp
Zech 14:17	לְ/הִֽשְׁתַּחֲוֺ֔ת	l/7812	HR/Vtc
Zech 14:17	לְ/מֶ֖לֶךְ	l/4428	HR/Ncmsa
Zech 14:17	יְהוָ֣ה	3068	HNp
Zech 14:17	צְבָא֑וֹת	6635 b	HNcbpa
Zech 14:17	וְ/לֹ֥א	c/3808	HC/Tn
Zech 14:17	עֲלֵי/הֶ֖ם	5921 a	HR/Sp3mp
Zech 14:17	יִהְיֶ֥ה	1961	HVqi3ms
Zech 14:17	הַ/גָּֽשֶׁם	d/1653	HTd/Ncmsa
Zech 14:18	וְ/אִם	c/518 a	HC/C
Zech 14:18	מִשְׁפַּ֨חַת	4940	HNcfsc
Zech 14:18	מִצְרַ֧יִם	4714	HNp
Zech 14:18	לֹֽא	3808	HTn
Zech 14:18	תַעֲלֶ֛ה	5927	HVqi3fs
Zech 14:18	וְ/לֹ֥א	c/3808	HC/Tn
Zech 14:18	בָאָ֖ה	935	HVqrfsa
Zech 14:18	וְ/לֹ֣א	c/3808	HC/Tn
Zech 14:18	עֲלֵי/הֶ֑ם	5921 a	HR/Sp3mp
Zech 14:18	תִּֽהְיֶ֣ה	1961	HVqi3fs
Zech 14:18	הַ/מַּגֵּפָ֗ה	d/4046	HTd/Ncfsa
Zech 14:18	אֲשֶׁ֨ר	834 a	HTr
Zech 14:18	יִגֹּ֤ף	5062	HVqi3ms
Zech 14:18	יְהוָה֙	3068	HNp
Zech 14:18	אֶת	853	HTo
Zech 14:18	הַ/גּוֹיִ֔ם	d/1471 a	HTd/Ncmpa
Zech 14:18	אֲשֶׁר֙	834 a	HTr
Zech 14:18	לֹ֣א	3808	HTn
Zech 14:18	יַֽעֲל֔וּ	5927	HVqi3mp
Zech 14:18	לָ/חֹ֖ג	l/2287	HR/Vqc
Zech 14:18	אֶת	853	HTo
Zech 14:18	חַ֥ג	2282	HNcmsc
Zech 14:18	הַ/סֻּכּֽוֹת	d/5521	HTd/Ncfpa
Zech 14:19	זֹ֥את	2063	HPdxfs
Zech 14:19	תִּהְיֶ֖ה	1961	HVqi3fs
Zech 14:19	חַטַּ֣את	2403 b	HNcfsc
Zech 14:19	מִצְרָ֑יִם	4714	HNp
Zech 14:19	וְ/חַטַּאת֙	c/2403 b	HC/Ncfsc
Zech 14:19	כָּל	3605	HNcmsc
Zech 14:19	הַ/גּוֹיִ֔ם	d/1471 a	HTd/Ncmpa
Zech 14:19	אֲשֶׁר֙	834 a	HTr
Zech 14:19	לֹ֣א	3808	HTn
Zech 14:19	יַֽעֲל֔וּ	5927	HVqi3mp
Zech 14:19	לָ/חֹ֖ג	l/2287	HR/Vqc
Zech 14:19	אֶת	853	HTo
Zech 14:19	חַ֥ג	2282	HNcmsc
Zech 14:19	הַ/סֻּכּֽוֹת	d/5521	HTd/Ncfpa
Zech 14:20	בַּ/יּ֣וֹם	b/3117	HRd/Ncmsa
Zech 14:20	הַ/ה֗וּא	d/1931	HTd/Pp3ms
Zech 14:20	יִֽהְיֶה֙	1961	HVqi3ms
Zech 14:20	עַל	5921 a	HR
Zech 14:20	מְצִלּ֣וֹת	4698	HNcfpc
Zech 14:20	הַ/סּ֔וּס	d/5483 b	HTd/Ncmsa
Zech 14:20	קֹ֖דֶשׁ	6944	HNcmsa
Zech 14:20	לַֽ/יהוָ֑ה	l/3068	HR/Np
Zech 14:20	וְ/הָיָ֤ה	c/1961	HC/Vqq3ms
Zech 14:20	הַ/סִּירוֹת֙	d/5518 a	HTd/Ncbpa
Zech 14:20	בְּ/בֵ֣ית	b/1004 b	HR/Ncmsc
Zech 14:20	יְהוָ֔ה	3068	HNp
Zech 14:20	כַּ/מִּזְרָקִ֖ים	k/4219	HRd/Ncmpa
Zech 14:20	לִ/פְנֵ֥י	l/6440	HR/Ncbpc
Zech 14:20	הַ/מִּזְבֵּֽחַ	d/4196	HTd/Ncmsa
Zech 14:21	וְ֠/הָיָה	c/1961	HC/Vqq3ms
Zech 14:21	כָּל	3605	HNcmsc
Zech 14:21	סִ֨יר	5518 a	HNcbsa
Zech 14:21	בִּ/ירוּשָׁלִַ֜ם	b/3389	HR/Np
Zech 14:21	וּ/בִֽ/יהוּדָ֗ה	c/b/3063	HC/R/Np
Zech 14:21	קֹ֚דֶשׁ	6944	HNcmsa
Zech 14:21	לַ/יהוָ֣ה	l/3068	HR/Np
Zech 14:21	צְבָא֔וֹת	6635 b	HNcbpa
Zech 14:21	וּ/בָ֨אוּ֙	c/935	HC/Vqq3cp
Zech 14:21	כָּל	3605	HNcmsc
Zech 14:21	הַ/זֹּ֣בְחִ֔ים	d/2076	HTd/Vqrmpa
Zech 14:21	וְ/לָקְח֥וּ	c/3947	HC/Vqq3cp
Zech 14:21	מֵ/הֶ֖ם	m	HR/Sp3mp
Zech 14:21	וּ/בִשְּׁל֣וּ	c/1310	HC/Vpq3cp
Zech 14:21	בָ/הֶ֑ם	b	HR/Sp3mp
Zech 14:21	וְ/לֹא	c/3808	HC/Tn
Zech 14:21	יִהְיֶ֨ה	1961	HVqi3ms
Zech 14:21	כְנַעֲנִ֥י	3669 b	HNgmsa
Zech 14:21	ע֛וֹד	5750	HD
Zech 14:21	בְּ/בֵית	b/1004 b	HR/Ncmsc
Zech 14:21	יְהוָ֥ה	3068	HNp
Zech 14:21	צְבָא֖וֹת	6635 b	HNcbpa
Zech 14:21	בַּ/יּ֥וֹם	b/3117	HRd/Ncmsa
Zech 14:21	הַ/הֽוּא	d/1931	HTd/Pp3ms
