ref	word	lemma	morph
Num 1:1	וַ/יְדַבֵּ֨ר	c/1696	HC/Vpw3ms
Num 1:1	יְהוָ֧ה	3068	HNp
Num 1:1	אֶל	413	HR
Num 1:1	מֹשֶׁ֛ה	4872	HNp
Num 1:1	בְּ/מִדְבַּ֥ר	b/4057 b	HR/Ncmsc
Num 1:1	סִינַ֖י	5514	HNp
Num 1:1	בְּ/אֹ֣הֶל	b/168	HR/Ncmsc
Num 1:1	מוֹעֵ֑ד	4150	HNcmsa
Num 1:1	בְּ/אֶחָד֩	b/259	HR/Acmsa
Num 1:1	לַ/חֹ֨דֶשׁ	l/2320	HRd/Ncmsa
Num 1:1	הַ/שֵּׁנִ֜י	d/8145	HTd/Aomsa
Num 1:1	בַּ/שָּׁנָ֣ה	b/8141	HRd/Ncfsa
Num 1:1	הַ/שֵּׁנִ֗ית	d/8145	HTd/Aofsa
Num 1:1	לְ/צֵאתָ֛/ם	l/3318	HR/Vqc/Sp3mp
Num 1:1	מֵ/אֶ֥רֶץ	m/776	HR/Ncbsc
Num 1:1	מִצְרַ֖יִם	4714	HNp
Num 1:1	לֵ/אמֹֽר	l/559	HR/Vqc
Num 1:2	שְׂא֗וּ	5375	HVqv2mp
Num 1:2	אֶת	853	HTo
Num 1:2	רֹאשׁ֙	7218 a	HNcmsc
Num 1:2	כָּל	3605	HNcmsc
Num 1:2	עֲדַ֣ת	5712	HNcfsc
Num 1:2	בְּנֵֽי	1121 a	HNcmpc
Num 1:2	יִשְׂרָאֵ֔ל	3478	HNp
Num 1:2	לְ/מִשְׁפְּחֹתָ֖/ם	l/4940	HR/Ncfpc/Sp3mp
Num 1:2	לְ/בֵ֣ית	l/1004 b	HR/Ncmsc
Num 1:2	אֲבֹתָ֑/ם	1	HNcmpc/Sp3mp
Num 1:2	בְּ/מִסְפַּ֣ר	b/4557	HR/Ncmsc
Num 1:2	שֵׁמ֔וֹת	8034	HNcmpa
Num 1:2	כָּל	3605	HNcmsc
Num 1:2	זָכָ֖ר	2145	HAamsa
Num 1:2	לְ/גֻלְגְּלֹתָֽ/ם	l/1538	HR/Ncfpc/Sp3mp
Num 1:3	מִ/בֶּ֨ן	m/1121 a	HR/Ncmsc
Num 1:3	עֶשְׂרִ֤ים	6242	HAcbpa
Num 1:3	שָׁנָה֙	8141	HNcfsa
Num 1:3	וָ/מַ֔עְלָ/ה	c/4605	HC/D/Sd
Num 1:3	כָּל	3605	HNcmsc
Num 1:3	יֹצֵ֥א	3318	HVqrmsa
Num 1:3	צָבָ֖א	6635 a	HNcbsa
Num 1:3	בְּ/יִשְׂרָאֵ֑ל	b/3478	HR/Np
Num 1:3	תִּפְקְד֥וּ	6485 a	HVqi2mp
Num 1:3	אֹתָ֛/ם	853	HTo/Sp3mp
Num 1:3	לְ/צִבְאֹתָ֖/ם	l/6635 a	HR/Ncbpc/Sp3mp
Num 1:3	אַתָּ֥ה	859 a	HPp2ms
Num 1:3	וְ/אַהֲרֹֽן	c/175	HC/Np
Num 1:4	וְ/אִתְּ/כֶ֣ם	c/854	HC/R/Sp2mp
Num 1:4	יִהְי֔וּ	1961	HVqi3mp
Num 1:4	אִ֥ישׁ	376	HNcmsa
Num 1:4	אִ֖ישׁ	376	HNcmsa
Num 1:4	לַ/מַּטֶּ֑ה	l/4294	HRd/Ncmsa
Num 1:4	אִ֛ישׁ	376	HNcmsa
Num 1:4	רֹ֥אשׁ	7218 a	HNcmsa
Num 1:4	לְ/בֵית	l/1004 b	HR/Ncmsc
Num 1:4	אֲבֹתָ֖י/ו	1	HNcmpc/Sp3ms
Num 1:4	הֽוּא	1931	HPp3ms
Num 1:5	וְ/אֵ֨לֶּה֙	c/428	HC/Pdxcp
Num 1:5	שְׁמ֣וֹת	8034	HNcmpc
Num 1:5	הָֽ/אֲנָשִׁ֔ים	d/376	HTd/Ncmpa
Num 1:5	אֲשֶׁ֥ר	834 a	HTr
Num 1:5	יַֽעַמְד֖וּ	5975	HVqi3mp
Num 1:5	אִתְּ/כֶ֑ם	854	HR/Sp2mp
Num 1:5	לִ/רְאוּבֵ֕ן	l/7205	HR/Np
Num 1:5	אֱלִיצ֖וּר	468	HNp
Num 1:5	בֶּן	1121 a	HNcmsc
Num 1:5	שְׁדֵיאֽוּר	7707	HNp
Num 1:6	לְ/שִׁמְע֕וֹן	l/8095	HR/Np
Num 1:6	שְׁלֻמִיאֵ֖ל	8017	HNp
Num 1:6	בֶּן	1121 a	HNcmsc
Num 1:6	צוּרִֽישַׁדָּֽי	6701	HNp
Num 1:7	לִֽ/יהוּדָ֕ה	l/3063	HR/Np
Num 1:7	נַחְשׁ֖וֹן	5177	HNp
Num 1:7	בֶּן	1121 a	HNcmsc
Num 1:7	עַמִּינָדָֽב	5992	HNp
Num 1:8	לְ/יִ֨שָּׂשכָ֔ר	l/3485	HR/Np
Num 1:8	נְתַנְאֵ֖ל	5417	HNp
Num 1:8	בֶּן	1121 a	HNcmsc
Num 1:8	צוּעָֽר	6686	HNp
Num 1:9	לִ/זְבוּלֻ֕ן	l/2074	HR/Np
Num 1:9	אֱלִיאָ֖ב	446	HNp
Num 1:9	בֶּן	1121 a	HNcmsc
Num 1:9	חֵלֹֽן	2497	HNp
Num 1:10	לִ/בְנֵ֣י	l/1121 a	HR/Ncmpc
Num 1:10	יוֹסֵ֔ף	3130	HNp
Num 1:10	לְ/אֶפְרַ֕יִם	l/669	HR/Np
Num 1:10	אֱלִישָׁמָ֖ע	476	HNp
Num 1:10	בֶּן	1121 a	HNcmsc
Num 1:10	עַמִּיה֑וּד	5989	HNp
Num 1:10	לִ/מְנַשֶּׁ֕ה	l/4519	HR/Np
Num 1:10	גַּמְלִיאֵ֖ל	1583	HNp
Num 1:10	בֶּן	1121 a	HNcmsc
Num 1:10	פְּדָהצֽוּר	6301	HNp
Num 1:11	לְ/בִ֨נְיָמִ֔ן	l/1144	HR/Np
Num 1:11	אֲבִידָ֖ן	27	HNp
Num 1:11	בֶּן	1121 a	HNcmsc
Num 1:11	גִּדְעֹנִֽי	1441	HNp
Num 1:12	לְ/דָ֕ן	l/1835	HR/Np
Num 1:12	אֲחִיעֶ֖זֶר	295	HNp
Num 1:12	בֶּן	1121 a	HNcmsc
Num 1:12	עַמִּֽישַׁדָּֽי	5996	HNp
Num 1:13	לְ/אָשֵׁ֕ר	l/836	HR/Np
Num 1:13	פַּגְעִיאֵ֖ל	6295	HNp
Num 1:13	בֶּן	1121 a	HNcmsc
Num 1:13	עָכְרָֽן	5918	HNp
Num 1:14	לְ/גָ֕ד	l/1410	HR/Np
Num 1:14	אֶלְיָסָ֖ף	460	HNp
Num 1:14	בֶּן	1121 a	HNcmsc
Num 1:14	דְּעוּאֵֽל	1845	HNp
Num 1:15	לְ/נַ֨פְתָּלִ֔י	l/5321	HR/Np
Num 1:15	אֲחִירַ֖ע	299	HNp
Num 1:15	בֶּן	1121 a	HNcmsc
Num 1:15	עֵינָֽן	5881	HNp
Num 1:16	אֵ֚לֶּה	428	HPdxcp
Num 1:16	קריאי	7148	HAampc
Num 1:16	הָ/עֵדָ֔ה	d/5712	HTd/Ncfsa
Num 1:16	נְשִׂיאֵ֖י	5387 a	HNcmpc
Num 1:16	מַטּ֣וֹת	4294	HNcmpc
Num 1:16	אֲבוֹתָ֑/ם	1	HNcmpc/Sp3mp
Num 1:16	רָאשֵׁ֛י	7218 a	HNcmpc
Num 1:16	אַלְפֵ֥י	505	HAcbpc
Num 1:16	יִשְׂרָאֵ֖ל	3478	HNp
Num 1:16	הֵֽם	1992	HPp3mp
Num 1:17	וַ/יִּקַּ֥ח	c/3947	HC/Vqw3ms
Num 1:17	מֹשֶׁ֖ה	4872	HNp
Num 1:17	וְ/אַהֲרֹ֑ן	c/175	HC/Np
Num 1:17	אֵ֚ת	853	HTo
Num 1:17	הָ/אֲנָשִׁ֣ים	d/376	HTd/Ncmpa
Num 1:17	הָ/אֵ֔לֶּה	d/428	HTd/Pdxcp
Num 1:17	אֲשֶׁ֥ר	834 a	HTr
Num 1:17	נִקְּב֖וּ	5344 a	HVNp3cp
Num 1:17	בְּ/שֵׁמֽוֹת	b/8034	HR/Ncmpa
Num 1:18	וְ/אֵ֨ת	c/853	HC/To
Num 1:18	כָּל	3605	HNcmsc
Num 1:18	הָ/עֵדָ֜ה	d/5712	HTd/Ncfsa
Num 1:18	הִקְהִ֗ילוּ	6950	HVhp3cp
Num 1:18	בְּ/אֶחָד֙	b/259	HR/Acmsa
Num 1:18	לַ/חֹ֣דֶשׁ	l/2320	HRd/Ncmsa
Num 1:18	הַ/שֵּׁנִ֔י	d/8145	HTd/Aomsa
Num 1:18	וַ/יִּתְיַֽלְד֥וּ	c/3205	HC/Vtw3mp
Num 1:18	עַל	5921 a	HR
Num 1:18	מִשְׁפְּחֹתָ֖/ם	4940	HNcfpc/Sp3mp
Num 1:18	לְ/בֵ֣ית	l/1004 b	HR/Ncmsc
Num 1:18	אֲבֹתָ֑/ם	1	HNcmpc/Sp3mp
Num 1:18	בְּ/מִסְפַּ֣ר	b/4557	HR/Ncmsc
Num 1:18	שֵׁמ֗וֹת	8034	HNcmpa
Num 1:18	מִ/בֶּ֨ן	m/1121 a	HR/Ncmsc
Num 1:18	עֶשְׂרִ֥ים	6242	HAcbpa
Num 1:18	שָׁנָ֛ה	8141	HNcfsa
Num 1:18	וָ/מַ֖עְלָ/ה	c/4605	HC/D/Sd
Num 1:18	לְ/גֻלְגְּלֹתָֽ/ם	l/1538	HR/Ncfpc/Sp3mp
Num 1:19	כַּ/אֲשֶׁ֛ר	k/834 d	HR/Tr
Num 1:19	צִוָּ֥ה	6680	HVpp3ms
Num 1:19	יְהוָ֖ה	3068	HNp
Num 1:19	אֶת	853	HTo
Num 1:19	מֹשֶׁ֑ה	4872	HNp
Num 1:19	וַֽ/יִּפְקְדֵ֖/ם	c/6485 a	HC/Vqw3ms/Sp3mp
Num 1:19	בְּ/מִדְבַּ֥ר	b/4057 b	HR/Ncmsc
Num 1:19	סִינָֽי	5514	HNp
Num 1:20	וַ/יִּהְי֤וּ	c/1961	HC/Vqw3mp
Num 1:20	בְנֵֽי	1121 a	HNcmpc
Num 1:20	רְאוּבֵן֙	7205	HNp
Num 1:20	בְּכֹ֣ר	1060	HNcmsc
Num 1:20	יִשְׂרָאֵ֔ל	3478	HNp
Num 1:20	תּוֹלְדֹתָ֥/ם	8435	HNcfpc/Sp3mp
Num 1:20	לְ/מִשְׁפְּחֹתָ֖/ם	l/4940	HR/Ncfpc/Sp3mp
Num 1:20	לְ/בֵ֣ית	l/1004 b	HR/Ncmsc
Num 1:20	אֲבֹתָ֑/ם	1	HNcmpc/Sp3mp
Num 1:20	בְּ/מִסְפַּ֤ר	b/4557	HR/Ncmsc
Num 1:20	שֵׁמוֹת֙	8034	HNcmpa
Num 1:20	לְ/גֻלְגְּלֹתָ֔/ם	l/1538	HR/Ncfpc/Sp3mp
Num 1:20	כָּל	3605	HNcmsc
Num 1:20	זָכָ֗ר	2145	HAamsa
Num 1:20	מִ/בֶּ֨ן	m/1121 a	HR/Ncmsc
Num 1:20	עֶשְׂרִ֤ים	6242	HAcbpa
Num 1:20	שָׁנָה֙	8141	HNcfsa
Num 1:20	וָ/מַ֔עְלָ/ה	c/4605	HC/D/Sd
Num 1:20	כֹּ֖ל	3605	HNcmsc
Num 1:20	יֹצֵ֥א	3318	HVqrmsc
Num 1:20	צָבָֽא	6635 a	HNcbsa
Num 1:21	פְּקֻדֵי/הֶ֖ם	6485 a	HVqsmpc/Sp3mp
Num 1:21	לְ/מַטֵּ֣ה	l/4294	HR/Ncmsc
Num 1:21	רְאוּבֵ֑ן	7205	HNp
Num 1:21	שִׁשָּׁ֧ה	8337	HAcmsa
Num 1:21	וְ/אַרְבָּעִ֛ים	c/705	HC/Acbpa
Num 1:21	אֶ֖לֶף	505	HAcbsa
Num 1:21	וַ/חֲמֵ֥שׁ	c/2568	HC/Acfsa
Num 1:21	מֵאֽוֹת	3967	HAcbpa
Num 1:22	לִ/בְנֵ֣י	l/1121 a	HR/Ncmpc
Num 1:22	שִׁמְע֔וֹן	8095	HNp
Num 1:22	תּוֹלְדֹתָ֥/ם	8435	HNcfpc/Sp3mp
Num 1:22	לְ/מִשְׁפְּחֹתָ֖/ם	l/4940	HR/Ncfpc/Sp3mp
Num 1:22	לְ/בֵ֣ית	l/1004 b	HR/Ncmsc
Num 1:22	אֲבֹתָ֑/ם	1	HNcmpc/Sp3mp
Num 1:22	פְּקֻדָ֗י/ו	6485 a	HVqsmpc/Sp3ms
Num 1:22	בְּ/מִסְפַּ֤ר	b/4557	HR/Ncmsc
Num 1:22	שֵׁמוֹת֙	8034	HNcmpa
Num 1:22	לְ/גֻלְגְּלֹתָ֔/ם	l/1538	HR/Ncfpc/Sp3mp
Num 1:22	כָּל	3605	HNcmsc
Num 1:22	זָכָ֗ר	2145	HAamsa
Num 1:22	מִ/בֶּ֨ן	m/1121 a	HR/Ncmsc
Num 1:22	עֶשְׂרִ֤ים	6242	HAcbpa
Num 1:22	שָׁנָה֙	8141	HNcfsa
Num 1:22	וָ/מַ֔עְלָ/ה	c/4605	HC/D/Sd
Num 1:22	כֹּ֖ל	3605	HNcmsc
Num 1:22	יֹצֵ֥א	3318	HVqrmsc
Num 1:22	צָבָֽא	6635 a	HNcbsa
Num 1:23	פְּקֻדֵי/הֶ֖ם	6485 a	HVqsmpc/Sp3mp
Num 1:23	לְ/מַטֵּ֣ה	l/4294	HR/Ncmsc
Num 1:23	שִׁמְע֑וֹן	8095	HNp
Num 1:23	תִּשְׁעָ֧ה	8672	HAcmsa
Num 1:23	וַ/חֲמִשִּׁ֛ים	c/2572	HC/Acbpa
Num 1:23	אֶ֖לֶף	505	HAcbsa
Num 1:23	וּ/שְׁלֹ֥שׁ	c/7969	HC/Acfsa
Num 1:23	מֵאֽוֹת	3967	HAcbpa
Num 1:24	לִ/בְנֵ֣י	l/1121 a	HR/Ncmpc
Num 1:24	גָ֔ד	1410	HNp
Num 1:24	תּוֹלְדֹתָ֥/ם	8435	HNcfpc/Sp3mp
Num 1:24	לְ/מִשְׁפְּחֹתָ֖/ם	l/4940	HR/Ncfpc/Sp3mp
Num 1:24	לְ/בֵ֣ית	l/1004 b	HR/Ncmsc
Num 1:24	אֲבֹתָ֑/ם	1	HNcmpc/Sp3mp
Num 1:24	בְּ/מִסְפַּ֣ר	b/4557	HR/Ncmsc
Num 1:24	שֵׁמ֗וֹת	8034	HNcmpa
Num 1:24	מִ/בֶּ֨ן	m/1121 a	HR/Ncmsc
Num 1:24	עֶשְׂרִ֤ים	6242	HAcbpa
Num 1:24	שָׁנָה֙	8141	HNcfsa
Num 1:24	וָ/מַ֔עְלָ/ה	c/4605	HC/D/Sd
Num 1:24	כֹּ֖ל	3605	HNcmsc
Num 1:24	יֹצֵ֥א	3318	HVqrmsc
Num 1:24	צָבָֽא	6635 a	HNcbsa
Num 1:25	פְּקֻדֵי/הֶ֖ם	6485 a	HVqsmpc/Sp3mp
Num 1:25	לְ/מַטֵּ֣ה	l/4294	HR/Ncmsc
Num 1:25	גָ֑ד	1410	HNp
Num 1:25	חֲמִשָּׁ֤ה	2568	HAcmsa
Num 1:25	וְ/אַרְבָּעִים֙	c/705	HC/Acbpa
Num 1:25	אֶ֔לֶף	505	HAcbsa
Num 1:25	וְ/שֵׁ֥שׁ	c/8337	HC/Acfsa
Num 1:25	מֵא֖וֹת	3967	HAcbpa
Num 1:25	וַ/חֲמִשִּֽׁים	c/2572	HC/Acbpa
Num 1:26	לִ/בְנֵ֣י	l/1121 a	HR/Ncmpc
Num 1:26	יְהוּדָ֔ה	3063	HNp
Num 1:26	תּוֹלְדֹתָ֥/ם	8435	HNcfpc/Sp3mp
Num 1:26	לְ/מִשְׁפְּחֹתָ֖/ם	l/4940	HR/Ncfpc/Sp3mp
Num 1:26	לְ/בֵ֣ית	l/1004 b	HR/Ncmsc
Num 1:26	אֲבֹתָ֑/ם	1	HNcmpc/Sp3mp
Num 1:26	בְּ/מִסְפַּ֣ר	b/4557	HR/Ncmsc
Num 1:26	שֵׁמֹ֗ת	8034	HNcmpa
Num 1:26	מִ/בֶּ֨ן	m/1121 a	HR/Ncmsc
Num 1:26	עֶשְׂרִ֤ים	6242	HAcbpa
Num 1:26	שָׁנָה֙	8141	HNcfsa
Num 1:26	וָ/מַ֔עְלָ/ה	c/4605	HC/D/Sd
Num 1:26	כֹּ֖ל	3605	HNcmsc
Num 1:26	יֹצֵ֥א	3318	HVqrmsc
Num 1:26	צָבָֽא	6635 a	HNcbsa
Num 1:27	פְּקֻדֵי/הֶ֖ם	6485 a	HVqsmpc/Sp3mp
Num 1:27	לְ/מַטֵּ֣ה	l/4294	HR/Ncmsc
Num 1:27	יְהוּדָ֑ה	3063	HNp
Num 1:27	אַרְבָּעָ֧ה	702	HAcmsa
Num 1:27	וְ/שִׁבְעִ֛ים	c/7657	HC/Acbpa
Num 1:27	אֶ֖לֶף	505	HAcbsa
Num 1:27	וְ/שֵׁ֥שׁ	c/8337	HC/Acfsa
Num 1:27	מֵאֽוֹת	3967	HAcbpa
Num 1:28	לִ/בְנֵ֣י	l/1121 a	HR/Ncmpc
Num 1:28	יִשָּׂשכָ֔ר	3485	HNp
Num 1:28	תּוֹלְדֹתָ֥/ם	8435	HNcfpc/Sp3mp
Num 1:28	לְ/מִשְׁפְּחֹתָ֖/ם	l/4940	HR/Ncfpc/Sp3mp
Num 1:28	לְ/בֵ֣ית	l/1004 b	HR/Ncmsc
Num 1:28	אֲבֹתָ֑/ם	1	HNcmpc/Sp3mp
Num 1:28	בְּ/מִסְפַּ֣ר	b/4557	HR/Ncmsc
Num 1:28	שֵׁמֹ֗ת	8034	HNcmpa
Num 1:28	מִ/בֶּ֨ן	m/1121 a	HR/Ncmsc
Num 1:28	עֶשְׂרִ֤ים	6242	HAcbpa
Num 1:28	שָׁנָה֙	8141	HNcfsa
Num 1:28	וָ/מַ֔עְלָ/ה	c/4605	HC/D/Sd
Num 1:28	כֹּ֖ל	3605	HNcmsc
Num 1:28	יֹצֵ֥א	3318	HVqrmsc
Num 1:28	צָבָֽא	6635 a	HNcbsa
Num 1:29	פְּקֻדֵי/הֶ֖ם	6485 a	HVqsmpc/Sp3mp
Num 1:29	לְ/מַטֵּ֣ה	l/4294	HR/Ncmsc
Num 1:29	יִשָּׂשכָ֑ר	3485	HNp
Num 1:29	אַרְבָּעָ֧ה	702	HAcmsa
Num 1:29	וַ/חֲמִשִּׁ֛ים	c/2572	HC/Acbpa
Num 1:29	אֶ֖לֶף	505	HAcbsa
Num 1:29	וְ/אַרְבַּ֥ע	c/702	HC/Acfsa
Num 1:29	מֵאֽוֹת	3967	HAcbpa
Num 1:30	לִ/בְנֵ֣י	l/1121 a	HR/Ncmpc
Num 1:30	זְבוּלֻ֔ן	2074	HNp
Num 1:30	תּוֹלְדֹתָ֥/ם	8435	HNcfpc/Sp3mp
Num 1:30	לְ/מִשְׁפְּחֹתָ֖/ם	l/4940	HR/Ncfpc/Sp3mp
Num 1:30	לְ/בֵ֣ית	l/1004 b	HR/Ncmsc
Num 1:30	אֲבֹתָ֑/ם	1	HNcmpc/Sp3mp
Num 1:30	בְּ/מִסְפַּ֣ר	b/4557	HR/Ncmsc
Num 1:30	שֵׁמֹ֗ת	8034	HNcmpa
Num 1:30	מִ/בֶּ֨ן	m/1121 a	HR/Ncmsc
Num 1:30	עֶשְׂרִ֤ים	6242	HAcbpa
Num 1:30	שָׁנָה֙	8141	HNcfsa
Num 1:30	וָ/מַ֔עְלָ/ה	c/4605	HC/D/Sd
Num 1:30	כֹּ֖ל	3605	HNcmsc
Num 1:30	יֹצֵ֥א	3318	HVqrmsc
Num 1:30	צָבָֽא	6635 a	HNcbsa
Num 1:31	פְּקֻדֵי/הֶ֖ם	6485 a	HVqsmpc/Sp3mp
Num 1:31	לְ/מַטֵּ֣ה	l/4294	HR/Ncmsc
Num 1:31	זְבוּלֻ֑ן	2074	HNp
Num 1:31	שִׁבְעָ֧ה	7651	HAcmsa
Num 1:31	וַ/חֲמִשִּׁ֛ים	c/2572	HC/Acbpa
Num 1:31	אֶ֖לֶף	505	HAcbsa
Num 1:31	וְ/אַרְבַּ֥ע	c/702	HC/Acfsa
Num 1:31	מֵאֽוֹת	3967	HAcbpa
Num 1:32	לִ/בְנֵ֤י	l/1121 a	HR/Ncmpc
Num 1:32	יוֹסֵף֙	3130	HNp
Num 1:32	לִ/בְנֵ֣י	l/1121 a	HR/Ncmpc
Num 1:32	אֶפְרַ֔יִם	669	HNp
Num 1:32	תּוֹלְדֹתָ֥/ם	8435	HNcfpc/Sp3mp
Num 1:32	לְ/מִשְׁפְּחֹתָ֖/ם	l/4940	HR/Ncfpc/Sp3mp
Num 1:32	לְ/בֵ֣ית	l/1004 b	HR/Ncmsc
Num 1:32	אֲבֹתָ֑/ם	1	HNcmpc/Sp3mp
Num 1:32	בְּ/מִסְפַּ֣ר	b/4557	HR/Ncmsc
Num 1:32	שֵׁמֹ֗ת	8034	HNcmpa
Num 1:32	מִ/בֶּ֨ן	m/1121 a	HR/Ncmsc
Num 1:32	עֶשְׂרִ֤ים	6242	HAcbpa
Num 1:32	שָׁנָה֙	8141	HNcfsa
Num 1:32	וָ/מַ֔עְלָ/ה	c/4605	HC/D/Sd
Num 1:32	כֹּ֖ל	3605	HNcmsc
Num 1:32	יֹצֵ֥א	3318	HVqrmsc
Num 1:32	צָבָֽא	6635 a	HNcbsa
Num 1:33	פְּקֻדֵי/הֶ֖ם	6485 a	HVqsmpc/Sp3mp
Num 1:33	לְ/מַטֵּ֣ה	l/4294	HR/Ncmsc
Num 1:33	אֶפְרָ֑יִם	669	HNp
Num 1:33	אַרְבָּעִ֥ים	705	HAcbpa
Num 1:33	אֶ֖לֶף	505	HAcbsa
Num 1:33	וַ/חֲמֵ֥שׁ	c/2568	HC/Acfsa
Num 1:33	מֵאֽוֹת	3967	HAcbpa
Num 1:34	לִ/בְנֵ֣י	l/1121 a	HR/Ncmpc
Num 1:34	מְנַשֶּׁ֔ה	4519	HNp
Num 1:34	תּוֹלְדֹתָ֥/ם	8435	HNcfpc/Sp3mp
Num 1:34	לְ/מִשְׁפְּחֹתָ֖/ם	l/4940	HR/Ncfpc/Sp3mp
Num 1:34	לְ/בֵ֣ית	l/1004 b	HR/Ncmsc
Num 1:34	אֲבֹתָ֑/ם	1	HNcmpc/Sp3mp
Num 1:34	בְּ/מִסְפַּ֣ר	b/4557	HR/Ncmsc
Num 1:34	שֵׁמ֗וֹת	8034	HNcmpa
Num 1:34	מִ/בֶּ֨ן	m/1121 a	HR/Ncmsc
Num 1:34	עֶשְׂרִ֤ים	6242	HAcbpa
Num 1:34	שָׁנָה֙	8141	HNcfsa
Num 1:34	וָ/מַ֔עְלָ/ה	c/4605	HC/D/Sd
Num 1:34	כֹּ֖ל	3605	HNcmsc
Num 1:34	יֹצֵ֥א	3318	HVqrmsc
Num 1:34	צָבָֽא	6635 a	HNcbsa
Num 1:35	פְּקֻדֵי/הֶ֖ם	6485 a	HVqsmpc/Sp3mp
Num 1:35	לְ/מַטֵּ֣ה	l/4294	HR/Ncmsc
Num 1:35	מְנַשֶּׁ֑ה	4519	HNp
Num 1:35	שְׁנַ֧יִם	8147	HAcmda
Num 1:35	וּ/שְׁלֹשִׁ֛ים	c/7970	HC/Acbpa
Num 1:35	אֶ֖לֶף	505	HAcbsa
Num 1:35	וּ/מָאתָֽיִם	c/3967	HC/Acbda
Num 1:36	לִ/בְנֵ֣י	l/1121 a	HR/Ncmpc
Num 1:36	בִנְיָמִ֔ן	1144	HNp
Num 1:36	תּוֹלְדֹתָ֥/ם	8435	HNcfpc/Sp3mp
Num 1:36	לְ/מִשְׁפְּחֹתָ֖/ם	l/4940	HR/Ncfpc/Sp3mp
Num 1:36	לְ/בֵ֣ית	l/1004 b	HR/Ncmsc
Num 1:36	אֲבֹתָ֑/ם	1	HNcmpc/Sp3mp
Num 1:36	בְּ/מִסְפַּ֣ר	b/4557	HR/Ncmsc
Num 1:36	שֵׁמֹ֗ת	8034	HNcmpa
Num 1:36	מִ/בֶּ֨ן	m/1121 a	HR/Ncmsc
Num 1:36	עֶשְׂרִ֤ים	6242	HAcbpa
Num 1:36	שָׁנָה֙	8141	HNcfsa
Num 1:36	וָ/מַ֔עְלָ/ה	c/4605	HC/D/Sd
Num 1:36	כֹּ֖ל	3605	HNcmsc
Num 1:36	יֹצֵ֥א	3318	HVqrmsc
Num 1:36	צָבָֽא	6635 a	HNcbsa
Num 1:37	פְּקֻדֵי/הֶ֖ם	6485 a	HVqsmpc/Sp3mp
Num 1:37	לְ/מַטֵּ֣ה	l/4294	HR/Ncmsc
Num 1:37	בִנְיָמִ֑ן	1144	HNp
Num 1:37	חֲמִשָּׁ֧ה	2568	HAcmsa
Num 1:37	וּ/שְׁלֹשִׁ֛ים	c/7970	HC/Acbpa
Num 1:37	אֶ֖לֶף	505	HAcbsa
Num 1:37	וְ/אַרְבַּ֥ע	c/702	HC/Acfsa
Num 1:37	מֵאֽוֹת	3967	HAcbpa
Num 1:38	לִ/בְנֵ֣י	l/1121 a	HR/Ncmpc
Num 1:38	דָ֔ן	1835	HNp
Num 1:38	תּוֹלְדֹתָ֥/ם	8435	HNcfpc/Sp3mp
Num 1:38	לְ/מִשְׁפְּחֹתָ֖/ם	l/4940	HR/Ncfpc/Sp3mp
Num 1:38	לְ/בֵ֣ית	l/1004 b	HR/Ncmsc
Num 1:38	אֲבֹתָ֑/ם	1	HNcmpc/Sp3mp
Num 1:38	בְּ/מִסְפַּ֣ר	b/4557	HR/Ncmsc
Num 1:38	שֵׁמֹ֗ת	8034	HNcmpa
Num 1:38	מִ/בֶּ֨ן	m/1121 a	HR/Ncmsc
Num 1:38	עֶשְׂרִ֤ים	6242	HAcbpa
Num 1:38	שָׁנָה֙	8141	HNcfsa
Num 1:38	וָ/מַ֔עְלָ/ה	c/4605	HC/D/Sd
Num 1:38	כֹּ֖ל	3605	HNcmsc
Num 1:38	יֹצֵ֥א	3318	HVqrmsc
Num 1:38	צָבָֽא	6635 a	HNcbsa
Num 1:39	פְּקֻדֵי/הֶ֖ם	6485 a	HVqsmpc/Sp3mp
Num 1:39	לְ/מַטֵּ֣ה	l/4294	HR/Ncmsc
Num 1:39	דָ֑ן	1835	HNp
Num 1:39	שְׁנַ֧יִם	8147	HAcmda
Num 1:39	וְ/שִׁשִּׁ֛ים	c/8346	HC/Acbpa
Num 1:39	אֶ֖לֶף	505	HAcbsa
Num 1:39	וּ/שְׁבַ֥ע	c/7651	HC/Acfsa
Num 1:39	מֵאֽוֹת	3967	HAcbpa
Num 1:40	לִ/בְנֵ֣י	l/1121 a	HR/Ncmpc
Num 1:40	אָשֵׁ֔ר	836	HNp
Num 1:40	תּוֹלְדֹתָ֥/ם	8435	HNcfpc/Sp3mp
Num 1:40	לְ/מִשְׁפְּחֹתָ֖/ם	l/4940	HR/Ncfpc/Sp3mp
Num 1:40	לְ/בֵ֣ית	l/1004 b	HR/Ncmsc
Num 1:40	אֲבֹתָ֑/ם	1	HNcmpc/Sp3mp
Num 1:40	בְּ/מִסְפַּ֣ר	b/4557	HR/Ncmsc
Num 1:40	שֵׁמֹ֗ת	8034	HNcmpa
Num 1:40	מִ/בֶּ֨ן	m/1121 a	HR/Ncmsc
Num 1:40	עֶשְׂרִ֤ים	6242	HAcbpa
Num 1:40	שָׁנָה֙	8141	HNcfsa
Num 1:40	וָ/מַ֔עְלָ/ה	c/4605	HC/D/Sd
Num 1:40	כֹּ֖ל	3605	HNcmsc
Num 1:40	יֹצֵ֥א	3318	HVqrmsc
Num 1:40	צָבָֽא	6635 a	HNcbsa
Num 1:41	פְּקֻדֵי/הֶ֖ם	6485 a	HVqsmpc/Sp3mp
Num 1:41	לְ/מַטֵּ֣ה	l/4294	HR/Ncmsc
Num 1:41	אָשֵׁ֑ר	836	HNp
Num 1:41	אֶחָ֧ד	259	HAcmsa
Num 1:41	וְ/אַרְבָּעִ֛ים	c/705	HC/Acbpa
Num 1:41	אֶ֖לֶף	505	HAcbsa
Num 1:41	וַ/חֲמֵ֥שׁ	c/2568	HC/Acfsa
Num 1:41	מֵאֽוֹת	3967	HAcbpa
Num 1:42	בְּנֵ֣י	1121 a	HNcmpc
Num 1:42	נַפְתָּלִ֔י	5321	HNp
Num 1:42	תּוֹלְדֹתָ֥/ם	8435	HNcfpc/Sp3mp
Num 1:42	לְ/מִשְׁפְּחֹתָ֖/ם	l/4940	HR/Ncfpc/Sp3mp
Num 1:42	לְ/בֵ֣ית	l/1004 b	HR/Ncmsc
Num 1:42	אֲבֹתָ֑/ם	1	HNcmpc/Sp3mp
Num 1:42	בְּ/מִסְפַּ֣ר	b/4557	HR/Ncmsc
Num 1:42	שֵׁמֹ֗ת	8034	HNcmpa
Num 1:42	מִ/בֶּ֨ן	m/1121 a	HR/Ncmsc
Num 1:42	עֶשְׂרִ֤ים	6242	HAcbpa
Num 1:42	שָׁנָה֙	8141	HNcfsa
Num 1:42	וָ/מַ֔עְלָ/ה	c/4605	HC/D/Sd
Num 1:42	כֹּ֖ל	3605	HNcmsc
Num 1:42	יֹצֵ֥א	3318	HVqrmsc
Num 1:42	צָבָֽא	6635 a	HNcbsa
Num 1:43	פְּקֻדֵי/הֶ֖ם	6485 a	HVqsmpc/Sp3mp
Num 1:43	לְ/מַטֵּ֣ה	l/4294	HR/Ncmsc
Num 1:43	נַפְתָּלִ֑י	5321	HNp
Num 1:43	שְׁלֹשָׁ֧ה	7969	HAcmsa
Num 1:43	וַ/חֲמִשִּׁ֛ים	c/2572	HC/Acbpa
Num 1:43	אֶ֖לֶף	505	HAcbsa
Num 1:43	וְ/אַרְבַּ֥ע	c/702	HC/Acfsa
Num 1:43	מֵאֽוֹת	3967	HAcbpa
Num 1:44	אֵ֣לֶּה	428	HPdxcp
Num 1:44	הַ/פְּקֻדִ֡ים	d/6485 a	HTd/Vqsmpa
Num 1:44	אֲשֶׁר֩	834 a	HTr
Num 1:44	פָּקַ֨ד	6485 a	HVqp3ms
Num 1:44	מֹשֶׁ֤ה	4872	HNp
Num 1:44	וְ/אַהֲרֹן֙	c/175	HC/Np
Num 1:44	וּ/נְשִׂיאֵ֣י	c/5387 a	HC/Ncmpc
Num 1:44	יִשְׂרָאֵ֔ל	3478	HNp
Num 1:44	שְׁנֵ֥ים	8147	HAcmda
Num 1:44	עָשָׂ֖ר	6240	HAcmsa
Num 1:44	אִ֑ישׁ	376	HNcmsa
Num 1:44	אִישׁ	376	HNcmsa
Num 1:44	אֶחָ֥ד	259	HAcmsa
Num 1:44	לְ/בֵית	l/1004 b	HR/Ncmsc
Num 1:44	אֲבֹתָ֖י/ו	1	HNcmpc/Sp3ms
Num 1:44	הָיֽוּ	1961	HVqp3cp
Num 1:45	וַ/יִּֽהְי֛וּ	c/1961	HC/Vqw3mp
Num 1:45	כָּל	3605	HNcmsc
Num 1:45	פְּקוּדֵ֥י	6485 a	HVqsmpc
Num 1:45	בְנֵֽי	1121 a	HNcmpc
Num 1:45	יִשְׂרָאֵ֖ל	3478	HNp
Num 1:45	לְ/בֵ֣ית	l/1004 b	HR/Ncmsc
Num 1:45	אֲבֹתָ֑/ם	1	HNcmpc/Sp3mp
Num 1:45	מִ/בֶּ֨ן	m/1121 a	HR/Ncmsc
Num 1:45	עֶשְׂרִ֤ים	6242	HAcbpa
Num 1:45	שָׁנָה֙	8141	HNcfsa
Num 1:45	וָ/מַ֔עְלָ/ה	c/4605	HC/D/Sd
Num 1:45	כָּל	3605	HNcmsc
Num 1:45	יֹצֵ֥א	3318	HVqrmsa
Num 1:45	צָבָ֖א	6635 a	HNcbsa
Num 1:45	בְּ/יִשְׂרָאֵֽל	b/3478	HR/Np
Num 1:46	וַ/יִּֽהְיוּ֙	c/1961	HC/Vqw3mp
Num 1:46	כָּל	3605	HNcmsc
Num 1:46	הַ/פְּקֻדִ֔ים	d/6485 a	HTd/Vqsmpa
Num 1:46	שֵׁשׁ	8337	HAcfsa
Num 1:46	מֵא֥וֹת	3967	HAcbpa
Num 1:46	אֶ֖לֶף	505	HAcbsa
Num 1:46	וּ/שְׁלֹ֣שֶׁת	c/7969	HC/Acmsc
Num 1:46	אֲלָפִ֑ים	505	HAcbpa
Num 1:46	וַ/חֲמֵ֥שׁ	c/2568	HC/Acfsa
Num 1:46	מֵא֖וֹת	3967	HAcbpa
Num 1:46	וַ/חֲמִשִּֽׁים	c/2572	HC/Acbpa
Num 1:47	וְ/הַ/לְוִיִּ֖ם	c/d/3881	HC/Td/Ngmpa
Num 1:47	לְ/מַטֵּ֣ה	l/4294	HR/Ncmsc
Num 1:47	אֲבֹתָ֑/ם	1	HNcmpc/Sp3mp
Num 1:47	לֹ֥א	3808	HTn
Num 1:47	הָתְפָּקְד֖וּ	6485 a	HVup3cp
Num 1:47	בְּ/תוֹכָֽ/ם	b/8432	HR/Ncmsc/Sp3mp
Num 1:48	וַ/יְדַבֵּ֥ר	c/1696	HC/Vpw3ms
Num 1:48	יְהוָ֖ה	3068	HNp
Num 1:48	אֶל	413	HR
Num 1:48	מֹשֶׁ֥ה	4872	HNp
Num 1:48	לֵּ/אמֹֽר	l/559	HR/Vqc
Num 1:49	אַ֣ךְ	389	HTa
Num 1:49	אֶת	853	HTo
Num 1:49	מַטֵּ֤ה	4294	HNcmsc
Num 1:49	לֵוִי֙	3878	HNp
Num 1:49	לֹ֣א	3808	HTn
Num 1:49	תִפְקֹ֔ד	6485 a	HVqi2ms
Num 1:49	וְ/אֶת	c/853	HC/To
Num 1:49	רֹאשָׁ֖/ם	7218 a	HNcmsc/Sp3mp
Num 1:49	לֹ֣א	3808	HTn
Num 1:49	תִשָּׂ֑א	5375	HVqi2ms
Num 1:49	בְּ/ת֖וֹךְ	b/8432	HR/Ncmsc
Num 1:49	בְּנֵ֥י	1121 a	HNcmpc
Num 1:49	יִשְׂרָאֵֽל	3478	HNp
Num 1:50	וְ/אַתָּ֡ה	c/859 a	HC/Pp2ms
Num 1:50	הַפְקֵ֣ד	6485 a	HVhv2ms
Num 1:50	אֶת	853	HTo
Num 1:50	הַ/לְוִיִּם֩	d/3881	HTd/Ngmpa
Num 1:50	עַל	5921 a	HR
Num 1:50	מִשְׁכַּ֨ן	4908	HNcmsc
Num 1:50	הָ/עֵדֻ֜ת	d/5715	HTd/Ncfsa
Num 1:50	וְ/עַ֣ל	c/5921 a	HC/R
Num 1:50	כָּל	3605	HNcmsc
Num 1:50	כֵּלָי/ו֮	3627	HNcmpc/Sp3ms
Num 1:50	וְ/עַ֣ל	c/5921 a	HC/R
Num 1:50	כָּל	3605	HNcmsc
Num 1:50	אֲשֶׁר	834 a	HTr
Num 1:50	ל/וֹ֒	l	HR/Sp3ms
Num 1:50	הֵ֜מָּה	1992	HPp3mp
Num 1:50	יִשְׂא֤וּ	5375	HVqi3mp
Num 1:50	אֶת	853	HTo
Num 1:50	הַ/מִּשְׁכָּן֙	d/4908	HTd/Ncmsa
Num 1:50	וְ/אֶת	c/853	HC/To
Num 1:50	כָּל	3605	HNcmsc
Num 1:50	כֵּלָ֔י/ו	3627	HNcmpc/Sp3ms
Num 1:50	וְ/הֵ֖ם	c/1992	HC/Pp3mp
Num 1:50	יְשָׁרְתֻ֑/הוּ	8334	HVpi3mp/Sp3ms
Num 1:50	וְ/סָבִ֥יב	c/5439	HC/Ncbsa
Num 1:50	לַ/מִּשְׁכָּ֖ן	l/4908	HRd/Ncmsa
Num 1:50	יַחֲנֽוּ	2583	HVqi3mp
Num 1:51	וּ/בִ/נְסֹ֣עַ	c/b/5265	HC/R/Vqc
Num 1:51	הַ/מִּשְׁכָּ֗ן	d/4908	HTd/Ncmsa
Num 1:51	יוֹרִ֤ידוּ	3381	HVhi3mp
Num 1:51	אֹת/וֹ֙	853	HTo/Sp3ms
Num 1:51	הַ/לְוִיִּ֔ם	d/3881	HTd/Ngmpa
Num 1:51	וּ/בַ/חֲנֹת֙	c/b/2583	HC/R/Vqc
Num 1:51	הַ/מִּשְׁכָּ֔ן	d/4908	HTd/Ncmsa
Num 1:51	יָקִ֥ימוּ	6965 b	HVhi3mp
Num 1:51	אֹת֖/וֹ	853	HTo/Sp3ms
Num 1:51	הַ/לְוִיִּ֑ם	d/3881	HTd/Ngmpa
Num 1:51	וְ/הַ/זָּ֥ר	c/d/2114 a	HC/Td/Aamsa
Num 1:51	הַ/קָּרֵ֖ב	d/7126	HTd/Aamsa
Num 1:51	יוּמָֽת	4191	HVHi3ms
Num 1:52	וְ/חָנ֖וּ	c/2583	HC/Vqq3cp
Num 1:52	בְּנֵ֣י	1121 a	HNcmpc
Num 1:52	יִשְׂרָאֵ֑ל	3478	HNp
Num 1:52	אִ֧ישׁ	376	HNcmsa
Num 1:52	עַֽל	5921 a	HR
Num 1:52	מַחֲנֵ֛/הוּ	4264	HNcbsc/Sp3ms
Num 1:52	וְ/אִ֥ישׁ	c/376	HC/Ncmsa
Num 1:52	עַל	5921 a	HR
Num 1:52	דִּגְל֖/וֹ	1714	HNcmsc/Sp3ms
Num 1:52	לְ/צִבְאֹתָֽ/ם	l/6635 a	HR/Ncbpc/Sp3mp
Num 1:53	וְ/הַ/לְוִיִּ֞ם	c/d/3881	HC/Td/Ngmpa
Num 1:53	יַחֲנ֤וּ	2583	HVqi3mp
Num 1:53	סָבִיב֙	5439	HNcbsa
Num 1:53	לְ/מִשְׁכַּ֣ן	l/4908	HR/Ncmsc
Num 1:53	הָ/עֵדֻ֔ת	d/5715	HTd/Ncfsa
Num 1:53	וְ/לֹֽא	c/3808	HC/Tn
Num 1:53	יִהְיֶ֣ה	1961	HVqi3ms
Num 1:53	קֶ֔צֶף	7110 a	HNcmsa
Num 1:53	עַל	5921 a	HR
Num 1:53	עֲדַ֖ת	5712	HNcfsc
Num 1:53	בְּנֵ֣י	1121 a	HNcmpc
Num 1:53	יִשְׂרָאֵ֑ל	3478	HNp
Num 1:53	וְ/שָׁמְרוּ֙	c/8104	HC/Vqq3cp
Num 1:53	הַ/לְוִיִּ֔ם	d/3881	HTd/Ngmpa
Num 1:53	אֶת	853	HTo
Num 1:53	מִשְׁמֶ֖רֶת	4931	HNcfsc
Num 1:53	מִשְׁכַּ֥ן	4908	HNcmsc
Num 1:53	הָ/עֵדֽוּת	d/5715	HTd/Ncfsa
Num 1:54	וַֽ/יַּעֲשׂ֖וּ	c/6213 a	HC/Vqw3mp
Num 1:54	בְּנֵ֣י	1121 a	HNcmpc
Num 1:54	יִשְׂרָאֵ֑ל	3478	HNp
Num 1:54	כְּ֠/כֹל	k/3605	HR/Ncmsa
Num 1:54	אֲשֶׁ֨ר	834 a	HTr
Num 1:54	צִוָּ֧ה	6680	HVpp3ms
Num 1:54	יְהוָ֛ה	3068	HNp
Num 1:54	אֶת	853	HTo
Num 1:54	מֹשֶׁ֖ה	4872	HNp
Num 1:54	כֵּ֥ן	3651 c	HTm
Num 1:54	עָשֽׂוּ	6213 a	HVqp3cp
Num 2:1	וַ/יְדַבֵּ֣ר	c/1696	HC/Vpw3ms
Num 2:1	יְהוָ֔ה	3068	HNp
Num 2:1	אֶל	413	HR
Num 2:1	מֹשֶׁ֥ה	4872	HNp
Num 2:1	וְ/אֶֽל	c/413	HC/R
Num 2:1	אַהֲרֹ֖ן	175	HNp
Num 2:1	לֵ/אמֹֽר	l/559	HR/Vqc
Num 2:2	אִ֣ישׁ	376	HNcmsa
Num 2:2	עַל	5921 a	HR
Num 2:2	דִּגְל֤/וֹ	1714	HNcmsc/Sp3ms
Num 2:2	בְ/אֹתֹת֙	b/226	HR/Ncbpa
Num 2:2	לְ/בֵ֣ית	l/1004 b	HR/Ncmsc
Num 2:2	אֲבֹתָ֔/ם	1	HNcmpc/Sp3mp
Num 2:2	יַחֲנ֖וּ	2583	HVqi3mp
Num 2:2	בְּנֵ֣י	1121 a	HNcmpc
Num 2:2	יִשְׂרָאֵ֑ל	3478	HNp
Num 2:2	מִ/נֶּ֕גֶד	m/5048	HR/R
Num 2:2	סָבִ֥יב	5439	HNcbsa
Num 2:2	לְ/אֹֽהֶל	l/168	HR/Ncmsc
Num 2:2	מוֹעֵ֖ד	4150	HNcmsa
Num 2:2	יַחֲנֽוּ	2583	HVqi3mp
Num 2:3	וְ/הַ/חֹנִים֙	c/d/2583	HC/Td/Vqrmpa
Num 2:3	קֵ֣דְמָ/ה	6924 b	HNcmsa/Sd
Num 2:3	מִזְרָ֔חָ/ה	4217	HNcmsa/Sd
Num 2:3	דֶּ֛גֶל	1714	HNcmsc
Num 2:3	מַחֲנֵ֥ה	4264	HNcbsc
Num 2:3	יְהוּדָ֖ה	3063	HNp
Num 2:3	לְ/צִבְאֹתָ֑/ם	l/6635 a	HR/Ncbpc/Sp3mp
Num 2:3	וְ/נָשִׂיא֙	c/5387 a	HC/Ncmsa
Num 2:3	לִ/בְנֵ֣י	l/1121 a	HR/Ncmpc
Num 2:3	יְהוּדָ֔ה	3063	HNp
Num 2:3	נַחְשׁ֖וֹן	5177	HNp
Num 2:3	בֶּן	1121 a	HNcmsc
Num 2:3	עַמִּינָדָֽב	5992	HNp
Num 2:4	וּ/צְבָא֖/וֹ	c/6635 a	HC/Ncbsc/Sp3ms
Num 2:4	וּ/פְקֻדֵי/הֶ֑ם	c/6485 a	HC/Vqsmpc/Sp3mp
Num 2:4	אַרְבָּעָ֧ה	702	HAcmsa
Num 2:4	וְ/שִׁבְעִ֛ים	c/7657	HC/Acbpa
Num 2:4	אֶ֖לֶף	505	HAcbsa
Num 2:4	וְ/שֵׁ֥שׁ	c/8337	HC/Acfsa
Num 2:4	מֵאֽוֹת	3967	HAcbpa
Num 2:5	וְ/הַ/חֹנִ֥ים	c/d/2583	HC/Td/Vqrmpa
Num 2:5	עָלָ֖י/ו	5921 a	HR/Sp3ms
Num 2:5	מַטֵּ֣ה	4294	HNcmsc
Num 2:5	יִשָּׂשכָ֑ר	3485	HNp
Num 2:5	וְ/נָשִׂיא֙	c/5387 a	HC/Ncmsa
Num 2:5	לִ/בְנֵ֣י	l/1121 a	HR/Ncmpc
Num 2:5	יִשָּׂשכָ֔ר	3485	HNp
Num 2:5	נְתַנְאֵ֖ל	5417	HNp
Num 2:5	בֶּן	1121 a	HNcmsc
Num 2:5	צוּעָֽר	6686	HNp
Num 2:6	וּ/צְבָא֖/וֹ	c/6635 a	HC/Ncbsc/Sp3ms
Num 2:6	וּ/פְקֻדָ֑י/ו	c/6485 a	HC/Vqsmpc/Sp3ms
Num 2:6	אַרְבָּעָ֧ה	702	HAcmsa
Num 2:6	וַ/חֲמִשִּׁ֛ים	c/2572	HC/Acbpa
Num 2:6	אֶ֖לֶף	505	HAcbsa
Num 2:6	וְ/אַרְבַּ֥ע	c/702	HC/Acfsa
Num 2:6	מֵאֽוֹת	3967	HAcbpa
Num 2:7	מַטֵּ֖ה	4294	HNcmsc
Num 2:7	זְבוּלֻ֑ן	2074	HNp
Num 2:7	וְ/נָשִׂיא֙	c/5387 a	HC/Ncmsa
Num 2:7	לִ/בְנֵ֣י	l/1121 a	HR/Ncmpc
Num 2:7	זְבוּלֻ֔ן	2074	HNp
Num 2:7	אֱלִיאָ֖ב	446	HNp
Num 2:7	בֶּן	1121 a	HNcmsc
Num 2:7	חֵלֹֽן	2497	HNp
Num 2:8	וּ/צְבָא֖/וֹ	c/6635 a	HC/Ncbsc/Sp3ms
Num 2:8	וּ/פְקֻדָ֑י/ו	c/6485 a	HC/Vqsmpc/Sp3ms
Num 2:8	שִׁבְעָ֧ה	7651	HAcmsa
Num 2:8	וַ/חֲמִשִּׁ֛ים	c/2572	HC/Acbpa
Num 2:8	אֶ֖לֶף	505	HAcbsa
Num 2:8	וְ/אַרְבַּ֥ע	c/702	HC/Acfsa
Num 2:8	מֵאֽוֹת	3967	HAcbpa
Num 2:9	כָּֽל	3605	HNcmsc
Num 2:9	הַ/פְּקֻדִ֞ים	d/6485 a	HTd/Vqsmpa
Num 2:9	לְ/מַחֲנֵ֣ה	l/4264	HR/Ncbsc
Num 2:9	יְהוּדָ֗ה	3063	HNp
Num 2:9	מְאַ֨ת	3967	HAcbsc
Num 2:9	אֶ֜לֶף	505	HAcbsa
Num 2:9	וּ/שְׁמֹנִ֥ים	c/8084	HC/Acbpa
Num 2:9	אֶ֛לֶף	505	HAcbsa
Num 2:9	וְ/שֵֽׁשֶׁת	c/8337	HC/Acmsc
Num 2:9	אֲלָפִ֥ים	505	HAcbpa
Num 2:9	וְ/אַרְבַּע	c/702	HC/Acfsa
Num 2:9	מֵא֖וֹת	3967	HAcbpa
Num 2:9	לְ/צִבְאֹתָ֑/ם	l/6635 a	HR/Ncbpc/Sp3mp
Num 2:9	רִאשֹׁנָ֖ה	7223	HAafsa
Num 2:9	יִסָּֽעוּ	5265	HVqi3mp
Num 2:10	דֶּ֣גֶל	1714	HNcmsc
Num 2:10	מַחֲנֵ֧ה	4264	HNcbsc
Num 2:10	רְאוּבֵ֛ן	7205	HNp
Num 2:10	תֵּימָ֖נָ/ה	8486	HNcfsa/Sd
Num 2:10	לְ/צִבְאֹתָ֑/ם	l/6635 a	HR/Ncbpc/Sp3mp
Num 2:10	וְ/נָשִׂיא֙	c/5387 a	HC/Ncmsa
Num 2:10	לִ/בְנֵ֣י	l/1121 a	HR/Ncmpc
Num 2:10	רְאוּבֵ֔ן	7205	HNp
Num 2:10	אֱלִיצ֖וּר	468	HNp
Num 2:10	בֶּן	1121 a	HNcmsc
Num 2:10	שְׁדֵיאֽוּר	7707	HNp
Num 2:11	וּ/צְבָא֖/וֹ	c/6635 a	HC/Ncbsc/Sp3ms
Num 2:11	וּ/פְקֻדָ֑י/ו	c/6485 a	HC/Vqsmpc/Sp3ms
Num 2:11	שִׁשָּׁ֧ה	8337	HAcmsa
Num 2:11	וְ/אַרְבָּעִ֛ים	c/705	HC/Acbpa
Num 2:11	אֶ֖לֶף	505	HAcbsa
Num 2:11	וַ/חֲמֵ֥שׁ	c/2568	HC/Acfsa
Num 2:11	מֵאֽוֹת	3967	HAcbpa
Num 2:12	וְ/הַ/חוֹנִ֥ם	c/d/2583	HC/Td/Vqrmpa
Num 2:12	עָלָ֖י/ו	5921 a	HR/Sp3ms
Num 2:12	מַטֵּ֣ה	4294	HNcmsc
Num 2:12	שִׁמְע֑וֹן	8095	HNp
Num 2:12	וְ/נָשִׂיא֙	c/5387 a	HC/Ncmsa
Num 2:12	לִ/בְנֵ֣י	l/1121 a	HR/Ncmpc
Num 2:12	שִׁמְע֔וֹן	8095	HNp
Num 2:12	שְׁלֻמִיאֵ֖ל	8017	HNp
Num 2:12	בֶּן	1121 a	HNcmsc
Num 2:12	צוּרִֽי	6701+	HNp
Num 2:12	שַׁדָּֽי	6701	HNp
Num 2:13	וּ/צְבָא֖/וֹ	c/6635 a	HC/Ncbsc/Sp3ms
Num 2:13	וּ/פְקֻדֵי/הֶ֑ם	c/6485 a	HC/Vqsmpc/Sp3mp
Num 2:13	תִּשְׁעָ֧ה	8672	HAcmsa
Num 2:13	וַ/חֲמִשִּׁ֛ים	c/2572	HC/Acbpa
Num 2:13	אֶ֖לֶף	505	HAcbsa
Num 2:13	וּ/שְׁלֹ֥שׁ	c/7969	HC/Acfsa
Num 2:13	מֵאֽוֹת	3967	HAcbpa
Num 2:14	וְ/מַטֵּ֖ה	c/4294	HC/Ncmsc
Num 2:14	גָּ֑ד	1410	HNp
Num 2:14	וְ/נָשִׂיא֙	c/5387 a	HC/Ncmsa
Num 2:14	לִ/בְנֵ֣י	l/1121 a	HR/Ncmpc
Num 2:14	גָ֔ד	1410	HNp
Num 2:14	אֶלְיָסָ֖ף	460	HNp
Num 2:14	בֶּן	1121 a	HNcmsc
Num 2:14	רְעוּאֵֽל	7467	HNp
Num 2:15	וּ/צְבָא֖/וֹ	c/6635 a	HC/Ncbsc/Sp3ms
Num 2:15	וּ/פְקֻדֵי/הֶ֑ם	c/6485 a	HC/Vqsmpc/Sp3mp
Num 2:15	חֲמִשָּׁ֤ה	2568	HAcmsa
Num 2:15	וְ/אַרְבָּעִים֙	c/705	HC/Acbpa
Num 2:15	אֶ֔לֶף	505	HAcbsa
Num 2:15	וְ/שֵׁ֥שׁ	c/8337	HC/Acfsa
Num 2:15	מֵא֖וֹת	3967	HAcbpa
Num 2:15	וַ/חֲמִשִּֽׁים	c/2572	HC/Acbpa
Num 2:16	כָּֽל	3605	HNcmsc
Num 2:16	הַ/פְּקֻדִ֞ים	d/6485 a	HTd/Vqsmpa
Num 2:16	לְ/מַחֲנֵ֣ה	l/4264	HR/Ncbsc
Num 2:16	רְאוּבֵ֗ן	7205	HNp
Num 2:16	מְאַ֨ת	3967	HAcbsc
Num 2:16	אֶ֜לֶף	505	HAcbsa
Num 2:16	וְ/אֶחָ֨ד	c/259	HC/Acmsa
Num 2:16	וַ/חֲמִשִּׁ֥ים	c/2572	HC/Acbpa
Num 2:16	אֶ֛לֶף	505	HAcbsa
Num 2:16	וְ/אַרְבַּע	c/702	HC/Acfsa
Num 2:16	מֵא֥וֹת	3967	HAcbpa
Num 2:16	וַ/חֲמִשִּׁ֖ים	c/2572	HC/Acbpa
Num 2:16	לְ/צִבְאֹתָ֑/ם	l/6635 a	HR/Ncbpc/Sp3mp
Num 2:16	וּ/שְׁנִיִּ֖ם	c/8145	HC/Aompa
Num 2:16	יִסָּֽעוּ	5265	HVqi3mp
Num 2:17	וְ/נָסַ֧ע	c/5265	HC/Vqq3ms
Num 2:17	אֹֽהֶל	168	HNcmsc
Num 2:17	מוֹעֵ֛ד	4150	HNcmsa
Num 2:17	מַחֲנֵ֥ה	4264	HNcbsc
Num 2:17	הַ/לְוִיִּ֖ם	d/3881	HTd/Ngmpa
Num 2:17	בְּ/ת֣וֹךְ	b/8432	HR/Ncmsc
Num 2:17	הַֽ/מַּחֲנֹ֑ת	d/4264	HTd/Ncbpa
Num 2:17	כַּ/אֲשֶׁ֤ר	k/834 d	HR/Tr
Num 2:17	יַחֲנוּ֙	2583	HVqi3mp
Num 2:17	כֵּ֣ן	3651 c	HTm
Num 2:17	יִסָּ֔עוּ	5265	HVqi3mp
Num 2:17	אִ֥ישׁ	376	HNcmsa
Num 2:17	עַל	5921 a	HR
Num 2:17	יָד֖/וֹ	3027	HNcbsc/Sp3ms
Num 2:17	לְ/דִגְלֵי/הֶֽם	l/1714	HR/Ncmpc/Sp3mp
Num 2:18	דֶּ֣גֶל	1714	HNcmsc
Num 2:18	מַחֲנֵ֥ה	4264	HNcbsc
Num 2:18	אֶפְרַ֛יִם	669	HNp
Num 2:18	לְ/צִבְאֹתָ֖/ם	l/6635 a	HR/Ncbpc/Sp3mp
Num 2:18	יָ֑מָּ/ה	3220	HNcmsa/Sd
Num 2:18	וְ/נָשִׂיא֙	c/5387 a	HC/Ncmsa
Num 2:18	לִ/בְנֵ֣י	l/1121 a	HR/Ncmpc
Num 2:18	אֶפְרַ֔יִם	669	HNp
Num 2:18	אֱלִישָׁמָ֖ע	476	HNp
Num 2:18	בֶּן	1121 a	HNcmsc
Num 2:18	עַמִּיהֽוּד	5989	HNp
Num 2:19	וּ/צְבָא֖/וֹ	c/6635 a	HC/Ncbsc/Sp3ms
Num 2:19	וּ/פְקֻדֵי/הֶ֑ם	c/6485 a	HC/Vqsmpc/Sp3mp
Num 2:19	אַרְבָּעִ֥ים	705	HAcbpa
Num 2:19	אֶ֖לֶף	505	HAcbsa
Num 2:19	וַ/חֲמֵ֥שׁ	c/2568	HC/Acfsa
Num 2:19	מֵאֽוֹת	3967	HAcbpa
Num 2:20	וְ/עָלָ֖י/ו	c/5921 a	HC/R/Sp3ms
Num 2:20	מַטֵּ֣ה	4294	HNcmsc
Num 2:20	מְנַשֶּׁ֑ה	4519	HNp
Num 2:20	וְ/נָשִׂיא֙	c/5387 a	HC/Ncmsa
Num 2:20	לִ/בְנֵ֣י	l/1121 a	HR/Ncmpc
Num 2:20	מְנַשֶּׁ֔ה	4519	HNp
Num 2:20	גַּמְלִיאֵ֖ל	1583	HNp
Num 2:20	בֶּן	1121 a	HNcmsc
Num 2:20	פְּדָהצֽוּר	6301	HNp
Num 2:21	וּ/צְבָא֖/וֹ	c/6635 a	HC/Ncbsc/Sp3ms
Num 2:21	וּ/פְקֻדֵי/הֶ֑ם	c/6485 a	HC/Vqsmpc/Sp3mp
Num 2:21	שְׁנַ֧יִם	8147	HAcmda
Num 2:21	וּ/שְׁלֹשִׁ֛ים	c/7970	HC/Acbpa
Num 2:21	אֶ֖לֶף	505	HAcbsa
Num 2:21	וּ/מָאתָֽיִם	c/3967	HC/Acbda
Num 2:22	וּ/מַטֵּ֖ה	c/4294	HC/Ncmsc
Num 2:22	בִּנְיָמִ֑ן	1144	HNp
Num 2:22	וְ/נָשִׂיא֙	c/5387 a	HC/Ncmsa
Num 2:22	לִ/בְנֵ֣י	l/1121 a	HR/Ncmpc
Num 2:22	בִנְיָמִ֔ן	1144	HNp
Num 2:22	אֲבִידָ֖ן	27	HNp
Num 2:22	בֶּן	1121 a	HNcmsc
Num 2:22	גִּדְעֹנִֽי	1441	HNp
Num 2:23	וּ/צְבָא֖/וֹ	c/6635 a	HC/Ncbsc/Sp3ms
Num 2:23	וּ/פְקֻדֵי/הֶ֑ם	c/6485 a	HC/Vqsmpc/Sp3mp
Num 2:23	חֲמִשָּׁ֧ה	2568	HAcmsa
Num 2:23	וּ/שְׁלֹשִׁ֛ים	c/7970	HC/Acbpa
Num 2:23	אֶ֖לֶף	505	HAcbsa
Num 2:23	וְ/אַרְבַּ֥ע	c/702	HC/Acfsa
Num 2:23	מֵאֽוֹת	3967	HAcbpa
Num 2:24	כָּֽל	3605	HNcmsc
Num 2:24	הַ/פְּקֻדִ֞ים	d/6485 a	HTd/Vqsmpa
Num 2:24	לְ/מַחֲנֵ֣ה	l/4264	HR/Ncbsc
Num 2:24	אֶפְרַ֗יִם	669	HNp
Num 2:24	מְאַ֥ת	3967	HAcbsc
Num 2:24	אֶ֛לֶף	505	HAcbsa
Num 2:24	וּ/שְׁמֹֽנַת	c/8083	HC/Acmsc
Num 2:24	אֲלָפִ֥ים	505	HAcbpa
Num 2:24	וּ/מֵאָ֖ה	c/3967	HC/Acbsa
Num 2:24	לְ/צִבְאֹתָ֑/ם	l/6635 a	HR/Ncbpc/Sp3mp
Num 2:24	וּ/שְׁלִשִׁ֖ים	c/7992	HC/Aompa
Num 2:24	יִסָּֽעוּ	5265	HVqi3mp
Num 2:25	דֶּ֣גֶל	1714	HNcmsc
Num 2:25	מַחֲנֵ֥ה	4264	HNcbsc
Num 2:25	דָ֛ן	1835	HNp
Num 2:25	צָפֹ֖נָ/ה	6828	HNcfsa/Sd
Num 2:25	לְ/צִבְאֹתָ֑/ם	l/6635 a	HR/Ncbpc/Sp3mp
Num 2:25	וְ/נָשִׂיא֙	c/5387 a	HC/Ncmsa
Num 2:25	לִ/בְנֵ֣י	l/1121 a	HR/Ncmpc
Num 2:25	דָ֔ן	1835	HNp
Num 2:25	אֲחִיעֶ֖זֶר	295	HNp
Num 2:25	בֶּן	1121 a	HNcmsc
Num 2:25	עַמִּֽישַׁדָּֽי	5996	HNp
Num 2:26	וּ/צְבָא֖/וֹ	c/6635 a	HC/Ncbsc/Sp3ms
Num 2:26	וּ/פְקֻדֵי/הֶ֑ם	c/6485 a	HC/Vqsmpc/Sp3mp
Num 2:26	שְׁנַ֧יִם	8147	HAcmda
Num 2:26	וְ/שִׁשִּׁ֛ים	c/8346	HC/Acbpa
Num 2:26	אֶ֖לֶף	505	HAcbsa
Num 2:26	וּ/שְׁבַ֥ע	c/7651	HC/Acfsa
Num 2:26	מֵאֽוֹת	3967	HAcbpa
Num 2:27	וְ/הַ/חֹנִ֥ים	c/d/2583	HC/Td/Vqrmpa
Num 2:27	עָלָ֖י/ו	5921 a	HR/Sp3ms
Num 2:27	מַטֵּ֣ה	4294	HNcmsc
Num 2:27	אָשֵׁ֑ר	836	HNp
Num 2:27	וְ/נָשִׂיא֙	c/5387 a	HC/Ncmsa
Num 2:27	לִ/בְנֵ֣י	l/1121 a	HR/Ncmpc
Num 2:27	אָשֵׁ֔ר	836	HNp
Num 2:27	פַּגְעִיאֵ֖ל	6295	HNp
Num 2:27	בֶּן	1121 a	HNcmsc
Num 2:27	עָכְרָֽן	5918	HNp
Num 2:28	וּ/צְבָא֖/וֹ	c/6635 a	HC/Ncbsc/Sp3ms
Num 2:28	וּ/פְקֻדֵי/הֶ֑ם	c/6485 a	HC/Vqsmpc/Sp3mp
Num 2:28	אֶחָ֧ד	259	HAcmsa
Num 2:28	וְ/אַרְבָּעִ֛ים	c/705	HC/Acbpa
Num 2:28	אֶ֖לֶף	505	HAcbsa
Num 2:28	וַ/חֲמֵ֥שׁ	c/2568	HC/Acfsa
Num 2:28	מֵאֽוֹת	3967	HAcbpa
Num 2:29	וּ/מַטֵּ֖ה	c/4294	HC/Ncmsc
Num 2:29	נַפְתָּלִ֑י	5321	HNp
Num 2:29	וְ/נָשִׂיא֙	c/5387 a	HC/Ncmsa
Num 2:29	לִ/בְנֵ֣י	l/1121 a	HR/Ncmpc
Num 2:29	נַפְתָּלִ֔י	5321	HNp
Num 2:29	אֲחִירַ֖ע	299	HNp
Num 2:29	בֶּן	1121 a	HNcmsc
Num 2:29	עֵינָֽן	5881	HNp
Num 2:30	וּ/צְבָא֖/וֹ	c/6635 a	HC/Ncbsc/Sp3ms
Num 2:30	וּ/פְקֻדֵי/הֶ֑ם	c/6485 a	HC/Vqsmpc/Sp3mp
Num 2:30	שְׁלֹשָׁ֧ה	7969	HAcmsa
Num 2:30	וַ/חֲמִשִּׁ֛ים	c/2572	HC/Acbpa
Num 2:30	אֶ֖לֶף	505	HAcbsa
Num 2:30	וְ/אַרְבַּ֥ע	c/702	HC/Acfsa
Num 2:30	מֵאֽוֹת	3967	HAcbpa
Num 2:31	כָּל	3605	HNcmsc
Num 2:31	הַ/פְּקֻדִים֙	d/6485 a	HTd/Vqsmpa
Num 2:31	לְ/מַ֣חֲנֵה	l/4264	HR/Ncbsc
Num 2:31	דָ֔ן	1835	HNp
Num 2:31	מְאַ֣ת	3967	HAcbsc
Num 2:31	אֶ֗לֶף	505	HAcbsa
Num 2:31	וְ/שִׁבְעָ֧ה	c/7651	HC/Acmsa
Num 2:31	וַ/חֲמִשִּׁ֛ים	c/2572	HC/Acbpa
Num 2:31	אֶ֖לֶף	505	HAcbsa
Num 2:31	וְ/שֵׁ֣שׁ	c/8337	HC/Acfsa
Num 2:31	מֵא֑וֹת	3967	HAcbpa
Num 2:31	לָ/אַחֲרֹנָ֥ה	l/314	HRd/Aafsa
Num 2:31	יִסְע֖וּ	5265	HVqi3mp
Num 2:31	לְ/דִגְלֵי/הֶֽם	l/1714	HR/Ncmpc/Sp3mp
Num 2:32	אֵ֛לֶּה	428	HPdxcp
Num 2:32	פְּקוּדֵ֥י	6485 a	HVqsmpc
Num 2:32	בְנֵֽי	1121 a	HNcmpc
Num 2:32	יִשְׂרָאֵ֖ל	3478	HNp
Num 2:32	לְ/בֵ֣ית	l/1004 b	HR/Ncmsc
Num 2:32	אֲבֹתָ֑/ם	1	HNcmpc/Sp3mp
Num 2:32	כָּל	3605	HNcmsc
Num 2:32	פְּקוּדֵ֤י	6485 a	HVqsmpc
Num 2:32	הַֽ/מַּחֲנֹת֙	d/4264	HTd/Ncbpa
Num 2:32	לְ/צִבְאֹתָ֔/ם	l/6635 a	HR/Ncbpc/Sp3mp
Num 2:32	שֵׁשׁ	8337	HAcfsa
Num 2:32	מֵא֥וֹת	3967	HAcbpa
Num 2:32	אֶ֨לֶף֙	505	HAcbsa
Num 2:32	וּ/שְׁלֹ֣שֶׁת	c/7969	HC/Acmsc
Num 2:32	אֲלָפִ֔ים	505	HAcbpa
Num 2:32	וַ/חֲמֵ֥שׁ	c/2568	HC/Acfsa
Num 2:32	מֵא֖וֹת	3967	HAcbpa
Num 2:32	וַ/חֲמִשִּֽׁים	c/2572	HC/Acbpa
Num 2:33	וְ/הַ֨/לְוִיִּ֔ם	c/d/3881	HC/Td/Ngmpa
Num 2:33	לֹ֣א	3808	HTn
Num 2:33	הָתְפָּקְד֔וּ	6485 a	HVup3cp
Num 2:33	בְּ/ת֖וֹךְ	b/8432	HR/Ncmsc
Num 2:33	בְּנֵ֣י	1121 a	HNcmpc
Num 2:33	יִשְׂרָאֵ֑ל	3478	HNp
Num 2:33	כַּ/אֲשֶׁ֛ר	k/834 d	HR/Tr
Num 2:33	צִוָּ֥ה	6680	HVpp3ms
Num 2:33	יְהוָ֖ה	3068	HNp
Num 2:33	אֶת	853	HTo
Num 2:33	מֹשֶֽׁה	4872	HNp
Num 2:34	וַֽ/יַּעֲשׂ֖וּ	c/6213 a	HC/Vqw3mp
Num 2:34	בְּנֵ֣י	1121 a	HNcmpc
Num 2:34	יִשְׂרָאֵ֑ל	3478	HNp
Num 2:34	כְּ֠/כֹל	k/3605	HR/Ncmsa
Num 2:34	אֲשֶׁר	834 a	HTr
Num 2:34	צִוָּ֨ה	6680	HVpp3ms
Num 2:34	יְהוָ֜ה	3068	HNp
Num 2:34	אֶת	853	HTo
Num 2:34	מֹשֶׁ֗ה	4872	HNp
Num 2:34	כֵּֽן	3651 c	HTm
Num 2:34	חָנ֤וּ	2583	HVqp3cp
Num 2:34	לְ/דִגְלֵי/הֶם֙	l/1714	HR/Ncmpc/Sp3mp
Num 2:34	וְ/כֵ֣ן	c/3651 c	HC/Tm
Num 2:34	נָסָ֔עוּ	5265	HVqp3cp
Num 2:34	אִ֥ישׁ	376	HNcmsa
Num 2:34	לְ/מִשְׁפְּחֹתָ֖י/ו	l/4940	HR/Ncfpc/Sp3ms
Num 2:34	עַל	5921 a	HR
Num 2:34	בֵּ֥ית	1004 b	HNcmsc
Num 2:34	אֲבֹתָֽי/ו	1	HNcmpc/Sp3ms
Num 3:1	וְ/אֵ֛לֶּה	c/428	HC/Pdxcp
Num 3:1	תּוֹלְדֹ֥ת	8435	HNcfpc
Num 3:1	אַהֲרֹ֖ן	175	HNp
Num 3:1	וּ/מֹשֶׁ֑ה	c/4872	HC/Np
Num 3:1	בְּ/י֗וֹם	b/3117	HR/Ncmsa
Num 3:1	דִּבֶּ֧ר	1696	HVpp3ms
Num 3:1	יְהוָ֛ה	3068	HNp
Num 3:1	אֶת	854	HR
Num 3:1	מֹשֶׁ֖ה	4872	HNp
Num 3:1	בְּ/הַ֥ר	b/2022	HR/Ncmsc
Num 3:1	סִינָֽי	5514	HNp
Num 3:2	וְ/אֵ֛לֶּה	c/428	HC/Pdxcp
Num 3:2	שְׁמ֥וֹת	8034	HNcmpc
Num 3:2	בְּֽנֵי	1121 a	HNcmpc
Num 3:2	אַהֲרֹ֖ן	175	HNp
Num 3:2	הַ/בְּכ֣וֹר	d/1060	HTd/Ncmsa
Num 3:2	נָדָ֑ב	5070	HNp
Num 3:2	וַ/אֲבִיה֕וּא	c/30	HC/Np
Num 3:2	אֶלְעָזָ֖ר	499	HNp
Num 3:2	וְ/אִיתָמָֽר	c/385	HC/Np
Num 3:3	אֵ֗לֶּה	428	HPdxcp
Num 3:3	שְׁמוֹת֙	8034	HNcmpc
Num 3:3	בְּנֵ֣י	1121 a	HNcmpc
Num 3:3	אַהֲרֹ֔ן	175	HNp
Num 3:3	הַ/כֹּהֲנִ֖ים	d/3548	HTd/Ncmpa
Num 3:3	הַ/מְּשֻׁחִ֑ים	d/4886	HTd/Vqsmpa
Num 3:3	אֲשֶׁר	834 a	HTr
Num 3:3	מִלֵּ֥א	4390	HVpp3ms
Num 3:3	יָדָ֖/ם	3027	HNcbsc/Sp3mp
Num 3:3	לְ/כַהֵֽן	l/3547	HR/Vpc
Num 3:4	וַ/יָּ֣מָת	c/4191	HC/Vqw3ms
Num 3:4	נָדָ֣ב	5070	HNp
Num 3:4	וַ/אֲבִיה֣וּא	c/30	HC/Np
Num 3:4	לִ/פְנֵ֣י	l/6440	HR/Ncbpc
Num 3:4	יְהוָ֡ה	3068	HNp
Num 3:4	בְּֽ/הַקְרִבָ/ם֩	b/7126	HR/Vhc/Sp3mp
Num 3:4	אֵ֨שׁ	784	HNcbsa
Num 3:4	זָרָ֜ה	2114 a	HAafsa
Num 3:4	לִ/פְנֵ֤י	l/6440	HR/Ncbpc
Num 3:4	יְהוָה֙	3068	HNp
Num 3:4	בְּ/מִדְבַּ֣ר	b/4057 b	HR/Ncmsc
Num 3:4	סִינַ֔י	5514	HNp
Num 3:4	וּ/בָנִ֖ים	c/1121 a	HC/Ncmpa
Num 3:4	לֹא	3808	HTn
Num 3:4	הָי֣וּ	1961	HVqp3cp
Num 3:4	לָ/הֶ֑ם	l	HR/Sp3mp
Num 3:4	וַ/יְכַהֵ֤ן	c/3547	HC/Vpw3ms
Num 3:4	אֶלְעָזָר֙	499	HNp
Num 3:4	וְ/אִ֣יתָמָ֔ר	c/385	HC/Np
Num 3:4	עַל	5921 a	HR
Num 3:4	פְּנֵ֖י	6440	HNcbpc
Num 3:4	אַהֲרֹ֥ן	175	HNp
Num 3:4	אֲבִי/הֶֽם	1	HNcmsc/Sp3mp
Num 3:5	וַ/יְדַבֵּ֥ר	c/1696	HC/Vpw3ms
Num 3:5	יְהוָ֖ה	3068	HNp
Num 3:5	אֶל	413	HR
Num 3:5	מֹשֶׁ֥ה	4872	HNp
Num 3:5	לֵּ/אמֹֽר	l/559	HR/Vqc
Num 3:6	הַקְרֵב֙	7126	HVhv2ms
Num 3:6	אֶת	853	HTo
Num 3:6	מַטֵּ֣ה	4294	HNcmsc
Num 3:6	לֵוִ֔י	3878	HNp
Num 3:6	וְֽ/הַעֲמַדְתָּ֣	c/5975	HC/Vhq2ms
Num 3:6	אֹת֔/וֹ	853	HTo/Sp3ms
Num 3:6	לִ/פְנֵ֖י	l/6440	HR/Ncbpc
Num 3:6	אַהֲרֹ֣ן	175	HNp
Num 3:6	הַ/כֹּהֵ֑ן	d/3548	HTd/Ncmsa
Num 3:6	וְ/שֵׁרְת֖וּ	c/8334	HC/Vpq3cp
Num 3:6	אֹתֽ/וֹ	853	HTo/Sp3ms
Num 3:7	וְ/שָׁמְר֣וּ	c/8104	HC/Vqq3cp
Num 3:7	אֶת	853	HTo
Num 3:7	מִשְׁמַרְתּ֗/וֹ	4931	HNcfsc/Sp3ms
Num 3:7	וְ/אֶת	c/853	HC/To
Num 3:7	מִשְׁמֶ֨רֶת֙	4931	HNcfsc
Num 3:7	כָּל	3605	HNcmsc
Num 3:7	הָ֣/עֵדָ֔ה	d/5712	HTd/Ncfsa
Num 3:7	לִ/פְנֵ֖י	l/6440	HR/Ncbpc
Num 3:7	אֹ֣הֶל	168	HNcmsc
Num 3:7	מוֹעֵ֑ד	4150	HNcmsa
Num 3:7	לַ/עֲבֹ֖ד	l/5647	HR/Vqc
Num 3:7	אֶת	853	HTo
Num 3:7	עֲבֹדַ֥ת	5656	HNcfsc
Num 3:7	הַ/מִּשְׁכָּֽן	d/4908	HTd/Ncmsa
Num 3:8	וְ/שָׁמְר֗וּ	c/8104	HC/Vqq3cp
Num 3:8	אֶֽת	853	HTo
Num 3:8	כָּל	3605	HNcmsc
Num 3:8	כְּלֵי֙	3627	HNcmpc
Num 3:8	אֹ֣הֶל	168	HNcmsc
Num 3:8	מוֹעֵ֔ד	4150	HNcmsa
Num 3:8	וְ/אֶת	c/853	HC/To
Num 3:8	מִשְׁמֶ֖רֶת	4931	HNcfsc
Num 3:8	בְּנֵ֣י	1121 a	HNcmpc
Num 3:8	יִשְׂרָאֵ֑ל	3478	HNp
Num 3:8	לַ/עֲבֹ֖ד	l/5647	HR/Vqc
Num 3:8	אֶת	853	HTo
Num 3:8	עֲבֹדַ֥ת	5656	HNcfsc
Num 3:8	הַ/מִּשְׁכָּֽן	d/4908	HTd/Ncmsa
Num 3:9	וְ/נָתַתָּה֙	c/5414	HC/Vqq2ms
Num 3:9	אֶת	853	HTo
Num 3:9	הַ/לְוִיִּ֔ם	d/3881	HTd/Ngmpa
Num 3:9	לְ/אַהֲרֹ֖ן	l/175	HR/Np
Num 3:9	וּ/לְ/בָנָ֑י/ו	c/l/1121 a	HC/R/Ncmpc/Sp3ms
Num 3:9	נְתוּנִ֨ם	5414	HVqsmpa
Num 3:9	נְתוּנִ֥ם	5414	HVqsmpa
Num 3:9	הֵ֨מָּה֙	1992	HPp3mp
Num 3:9	ל֔/וֹ	l	HR/Sp3ms
Num 3:9	מֵ/אֵ֖ת	m/854	HR/R
Num 3:9	בְּנֵ֥י	1121 a	HNcmpc
Num 3:9	יִשְׂרָאֵֽל	3478	HNp
Num 3:10	וְ/אֶת	c/853	HC/To
Num 3:10	אַהֲרֹ֤ן	175	HNp
Num 3:10	וְ/אֶת	c/853	HC/To
Num 3:10	בָּנָי/ו֙	1121 a	HNcmpc/Sp3ms
Num 3:10	תִּפְקֹ֔ד	6485 a	HVqi2ms
Num 3:10	וְ/שָׁמְר֖וּ	c/8104	HC/Vqq3cp
Num 3:10	אֶת	853	HTo
Num 3:10	כְּהֻנָּתָ֑/ם	3550	HNcfsc/Sp3mp
Num 3:10	וְ/הַ/זָּ֥ר	c/d/2114 a	HC/Td/Aamsa
Num 3:10	הַ/קָּרֵ֖ב	d/7126	HTd/Aamsa
Num 3:10	יוּמָֽת	4191	HVHi3ms
Num 3:11	וַ/יְדַבֵּ֥ר	c/1696	HC/Vpw3ms
Num 3:11	יְהוָ֖ה	3068	HNp
Num 3:11	אֶל	413	HR
Num 3:11	מֹשֶׁ֥ה	4872	HNp
Num 3:11	לֵּ/אמֹֽר	l/559	HR/Vqc
Num 3:12	וַ/אֲנִ֞י	c/589	HC/Pp1cs
Num 3:12	הִנֵּ֧ה	2009	HTm
Num 3:12	לָקַ֣חְתִּי	3947	HVqp1cs
Num 3:12	אֶת	853	HTo
Num 3:12	הַ/לְוִיִּ֗ם	d/3881	HTd/Ngmpa
Num 3:12	מִ/תּוֹךְ֙	m/8432	HR/Ncmsc
Num 3:12	בְּנֵ֣י	1121 a	HNcmpc
Num 3:12	יִשְׂרָאֵ֔ל	3478	HNp
Num 3:12	תַּ֧חַת	8478	HR
Num 3:12	כָּל	3605	HNcmsc
Num 3:12	בְּכ֛וֹר	1060	HNcmsa
Num 3:12	פֶּ֥טֶר	6363 a	HNcmsc
Num 3:12	רֶ֖חֶם	7358	HNcmsa
Num 3:12	מִ/בְּנֵ֣י	m/1121 a	HR/Ncmpc
Num 3:12	יִשְׂרָאֵ֑ל	3478	HNp
Num 3:12	וְ/הָ֥יוּ	c/1961	HC/Vqq3cp
Num 3:12	לִ֖/י	l	HR/Sp1cs
Num 3:12	הַ/לְוִיִּֽם	d/3881	HTd/Ngmpa
Num 3:13	כִּ֣י	3588 a	HC
Num 3:13	לִ/י֮	l	HR/Sp1cs
Num 3:13	כָּל	3605	HNcmsc
Num 3:13	בְּכוֹר֒	1060	HNcmsa
Num 3:13	בְּ/יוֹם֩	b/3117	HR/Ncmsc
Num 3:13	הַכֹּתִ֨/י	5221	HVhc/Sp1cs
Num 3:13	כָל	3605	HNcmsc
Num 3:13	בְּכ֜וֹר	1060	HNcmsa
Num 3:13	בְּ/אֶ֣רֶץ	b/776	HR/Ncbsc
Num 3:13	מִצְרַ֗יִם	4714	HNp
Num 3:13	הִקְדַּ֨שְׁתִּי	6942	HVhp1cs
Num 3:13	לִ֤/י	l	HR/Sp1cs
Num 3:13	כָל	3605	HNcmsc
Num 3:13	בְּכוֹר֙	1060	HNcmsa
Num 3:13	בְּ/יִשְׂרָאֵ֔ל	b/3478	HR/Np
Num 3:13	מֵ/אָדָ֖ם	m/120	HR/Ncmsa
Num 3:13	עַד	5704	HR
Num 3:13	בְּהֵמָ֑ה	929	HNcfsa
Num 3:13	לִ֥/י	l	HR/Sp1cs
Num 3:13	יִהְי֖וּ	1961	HVqi3mp
Num 3:13	אֲנִ֥י	589	HPp1cs
Num 3:13	יְהוָֽה	3068	HNp
Num 3:14	וַ/יְדַבֵּ֤ר	c/1696	HC/Vpw3ms
Num 3:14	יְהוָה֙	3068	HNp
Num 3:14	אֶל	413	HR
Num 3:14	מֹשֶׁ֔ה	4872	HNp
Num 3:14	בְּ/מִדְבַּ֥ר	b/4057 b	HR/Ncmsc
Num 3:14	סִינַ֖י	5514	HNp
Num 3:14	לֵ/אמֹֽר	l/559	HR/Vqc
Num 3:15	פְּקֹד֙	6485 a	HVqv2ms
Num 3:15	אֶת	853	HTo
Num 3:15	בְּנֵ֣י	1121 a	HNcmpc
Num 3:15	לֵוִ֔י	3878	HNp
Num 3:15	לְ/בֵ֥ית	l/1004 b	HR/Ncmsc
Num 3:15	אֲבֹתָ֖/ם	1	HNcmpc/Sp3mp
Num 3:15	לְ/מִשְׁפְּחֹתָ֑/ם	l/4940	HR/Ncfpc/Sp3mp
Num 3:15	כָּל	3605	HNcmsc
Num 3:15	זָכָ֛ר	2145	HAamsa
Num 3:15	מִ/בֶּן	m/1121 a	HR/Ncmsc
Num 3:15	חֹ֥דֶשׁ	2320	HNcmsa
Num 3:15	וָ/מַ֖עְלָ/ה	c/4605	HC/D/Sd
Num 3:15	תִּפְקְדֵֽ/ם	6485 a	HVqi2ms/Sp3mp
Num 3:16	וַ/יִּפְקֹ֥ד	c/6485 a	HC/Vqw3ms
Num 3:16	אֹתָ֛/ם	853	HTo/Sp3mp
Num 3:16	מֹשֶׁ֖ה	4872	HNp
Num 3:16	עַל	5921 a	HR
Num 3:16	פִּ֣י	6310	HNcmsc
Num 3:16	יְהוָ֑ה	3068	HNp
Num 3:16	כַּ/אֲשֶׁ֖ר	k/834 d	HR/Tr
Num 3:16	צֻוָּֽה	6680	HVPp3ms
Num 3:17	וַ/יִּֽהְיוּ	c/1961	HC/Vqw3mp
Num 3:17	אֵ֥לֶּה	428	HPdxcp
Num 3:17	בְנֵֽי	1121 a	HNcmpc
Num 3:17	לֵוִ֖י	3878	HNp
Num 3:17	בִּ/שְׁמֹתָ֑/ם	b/8034	HR/Ncmpc/Sp3mp
Num 3:17	גֵּרְשׁ֕וֹן	1648	HNp
Num 3:17	וּ/קְהָ֖ת	c/6955	HC/Np
Num 3:17	וּ/מְרָרִֽי	c/4847	HC/Np
Num 3:18	וְ/אֵ֛לֶּה	c/428	HC/Pdxcp
Num 3:18	שְׁמ֥וֹת	8034	HNcmpc
Num 3:18	בְּֽנֵי	1121 a	HNcmpc
Num 3:18	גֵרְשׁ֖וֹן	1648	HNp
Num 3:18	לְ/מִשְׁפְּחֹתָ֑/ם	l/4940	HR/Ncfpc/Sp3mp
Num 3:18	לִבְנִ֖י	3845	HNp
Num 3:18	וְ/שִׁמְעִֽי	c/8096	HC/Np
Num 3:19	וּ/בְנֵ֥י	c/1121 a	HC/Ncmpc
Num 3:19	קְהָ֖ת	6955	HNp
Num 3:19	לְ/מִשְׁפְּחֹתָ֑/ם	l/4940	HR/Ncfpc/Sp3mp
Num 3:19	עַמְרָ֣ם	6019	HNp
Num 3:19	וְ/יִצְהָ֔ר	c/3324	HC/Np
Num 3:19	חֶבְר֖וֹן	2275 b	HNp
Num 3:19	וְ/עֻזִּיאֵֽל	c/5816	HC/Np
Num 3:20	וּ/בְנֵ֧י	c/1121 a	HC/Ncmpc
Num 3:20	מְרָרִ֛י	4847	HNp
Num 3:20	לְ/מִשְׁפְּחֹתָ֖/ם	l/4940	HR/Ncfpc/Sp3mp
Num 3:20	מַחְלִ֣י	4249	HNp
Num 3:20	וּ/מוּשִׁ֑י	c/4187	HC/Np
Num 3:20	אֵ֥לֶּה	428	HPdxcp
Num 3:20	הֵ֛ם	1992	HPp3mp
Num 3:20	מִשְׁפְּחֹ֥ת	4940	HNcfpc
Num 3:20	הַ/לֵּוִ֖י	d/3881	HTd/Ngmsa
Num 3:20	לְ/בֵ֥ית	l/1004 b	HR/Ncmsc
Num 3:20	אֲבֹתָֽ/ם	1	HNcmpc/Sp3mp
Num 3:21	לְ/גֵ֣רְשׁ֔וֹן	l/1648	HR/Np
Num 3:21	מִשְׁפַּ֨חַת֙	4940	HNcfsc
Num 3:21	הַ/לִּבְנִ֔י	d/3846	HTd/Ngmsa
Num 3:21	וּ/מִשְׁפַּ֖חַת	c/4940	HC/Ncfsc
Num 3:21	הַ/שִּׁמְעִ֑י	d/8097	HTd/Ngmsa
Num 3:21	אֵ֣לֶּה	428	HPdxcp
Num 3:21	הֵ֔ם	1992	HPp3mp
Num 3:21	מִשְׁפְּחֹ֖ת	4940	HNcfpc
Num 3:21	הַ/גֵּרְשֻׁנִּֽי	d/1649	HTd/Ngmsa
Num 3:22	פְּקֻדֵי/הֶם֙	6485 a	HVqsmpc/Sp3mp
Num 3:22	בְּ/מִסְפַּ֣ר	b/4557	HR/Ncmsc
Num 3:22	כָּל	3605	HNcmsc
Num 3:22	זָכָ֔ר	2145	HAamsa
Num 3:22	מִ/בֶּן	m/1121 a	HR/Ncmsc
Num 3:22	חֹ֖דֶשׁ	2320	HNcmsa
Num 3:22	וָ/מָ֑עְלָ/ה	c/4605	HC/D/Sd
Num 3:22	פְּקֻ֣דֵי/הֶ֔ם	6485 a	HVqsmpc/Sp3mp
Num 3:22	שִׁבְעַ֥ת	7651	HAcmsc
Num 3:22	אֲלָפִ֖ים	505	HAcbpa
Num 3:22	וַ/חֲמֵ֥שׁ	c/2568	HC/Acfsa
Num 3:22	מֵאֽוֹת	3967	HAcbpa
Num 3:23	מִשְׁפְּחֹ֖ת	4940	HNcfpc
Num 3:23	הַ/גֵּרְשֻׁנִּ֑י	d/1649	HTd/Ngmsa
Num 3:23	אַחֲרֵ֧י	310 a	HR
Num 3:23	הַ/מִּשְׁכָּ֛ן	d/4908	HTd/Ncmsa
Num 3:23	יַחֲנ֖וּ	2583	HVqi3mp
Num 3:23	יָֽמָּ/ה	3220	HNcmsa/Sd
Num 3:24	וּ/נְשִׂ֥יא	c/5387 a	HC/Ncmsc
Num 3:24	בֵֽית	1004 b	HNcmsc
Num 3:24	אָ֖ב	1	HNcmsa
Num 3:24	לַ/גֵּרְשֻׁנִּ֑י	l/1649	HRd/Ngmsa
Num 3:24	אֶלְיָסָ֖ף	460	HNp
Num 3:24	בֶּן	1121 a	HNcmsc
Num 3:24	לָאֵֽל	3815	HNp
Num 3:25	וּ/מִשְׁמֶ֤רֶת	c/4931	HC/Ncfsc
Num 3:25	בְּנֵֽי	1121 a	HNcmpc
Num 3:25	גֵרְשׁוֹן֙	1648	HNp
Num 3:25	בְּ/אֹ֣הֶל	b/168	HR/Ncmsc
Num 3:25	מוֹעֵ֔ד	4150	HNcmsa
Num 3:25	הַ/מִּשְׁכָּ֖ן	d/4908	HTd/Ncmsa
Num 3:25	וְ/הָ/אֹ֑הֶל	c/d/168	HC/Td/Ncmsa
Num 3:25	מִכְסֵ֕/הוּ	4372	HNcmsc/Sp3ms
Num 3:25	וּ/מָסַ֕ךְ	c/4539	HC/Ncmsc
Num 3:25	פֶּ֖תַח	6607	HNcmsc
Num 3:25	אֹ֥הֶל	168	HNcmsc
Num 3:25	מוֹעֵֽד	4150	HNcmsa
Num 3:26	וְ/קַלְעֵ֣י	c/7050 b	HC/Ncmpc
Num 3:26	הֶֽ/חָצֵ֗ר	d/2691 a	HTd/Ncbsa
Num 3:26	וְ/אֶת	c/853	HC/To
Num 3:26	מָסַךְ֙	4539	HNcmsc
Num 3:26	פֶּ֣תַח	6607	HNcmsc
Num 3:26	הֶֽ/חָצֵ֔ר	d/2691 a	HTd/Ncbsa
Num 3:26	אֲשֶׁ֧ר	834 a	HTr
Num 3:26	עַל	5921 a	HR
Num 3:26	הַ/מִּשְׁכָּ֛ן	d/4908	HTd/Ncmsa
Num 3:26	וְ/עַל	c/5921 a	HC/R
Num 3:26	הַ/מִּזְבֵּ֖חַ	d/4196	HTd/Ncmsa
Num 3:26	סָבִ֑יב	5439	HNcbsa
Num 3:26	וְ/אֵת֙	c/853	HC/To
Num 3:26	מֵֽיתָרָ֔י/ו	4340	HNcmpc/Sp3ms
Num 3:26	לְ/כֹ֖ל	l/3605	HR/Ncmsc
Num 3:26	עֲבֹדָתֽ/וֹ	5656	HNcfsc/Sp3ms
Num 3:27	וְ/לִ/קְהָ֗ת	c/l/6955	HC/R/Np
Num 3:27	מִשְׁפַּ֤חַת	4940	HNcfsc
Num 3:27	הַֽ/עַמְרָמִי֙	d/6020	HTd/Ngmsa
Num 3:27	וּ/מִשְׁפַּ֣חַת	c/4940	HC/Ncfsc
Num 3:27	הַ/יִּצְהָרִ֔י	d/3325	HTd/Ngmsa
Num 3:27	וּ/מִשְׁפַּ֨חַת֙	c/4940	HC/Ncfsc
Num 3:27	הַֽ/חֶבְרֹנִ֔י	d/2276	HTd/Ngmsa
Num 3:27	וּ/מִשְׁפַּ֖חַת	c/4940	HC/Ncfsc
Num 3:27	הָֽ/עָזִּיאֵלִ֑י	d/5817	HTd/Ngmsa
Num 3:27	אֵ֥לֶּה	428	HPdxcp
Num 3:27	הֵ֖ם	1992	HPp3mp
Num 3:27	מִשְׁפְּחֹ֥ת	4940	HNcfpc
Num 3:27	הַ/קְּהָתִֽי	d/6956	HTd/Ngmsa
Num 3:28	בְּ/מִסְפַּר֙	b/4557	HR/Ncmsc
Num 3:28	כָּל	3605	HNcmsc
Num 3:28	זָכָ֔ר	2145	HAamsa
Num 3:28	מִ/בֶּן	m/1121 a	HR/Ncmsc
Num 3:28	חֹ֖דֶשׁ	2320	HNcmsa
Num 3:28	וָ/מָ֑עְלָ/ה	c/4605	HC/D/Sd
Num 3:28	שְׁמֹנַ֤ת	8083	HAcmsc
Num 3:28	אֲלָפִים֙	505	HAcbpa
Num 3:28	וְ/שֵׁ֣שׁ	c/8337	HC/Acfsa
Num 3:28	מֵא֔וֹת	3967	HAcbpa
Num 3:28	שֹׁמְרֵ֖י	8104	HVqrmpc
Num 3:28	מִשְׁמֶ֥רֶת	4931	HNcfsc
Num 3:28	הַ/קֹּֽדֶשׁ	d/6944	HTd/Ncmsa
Num 3:29	מִשְׁפְּחֹ֥ת	4940	HNcfpc
Num 3:29	בְּנֵי	1121 a	HNcmpc
Num 3:29	קְהָ֖ת	6955	HNp
Num 3:29	יַחֲנ֑וּ	2583	HVqi3mp
Num 3:29	עַ֛ל	5921 a	HR
Num 3:29	יֶ֥רֶךְ	3409	HNcfsc
Num 3:29	הַ/מִּשְׁכָּ֖ן	d/4908	HTd/Ncmsa
Num 3:29	תֵּימָֽנָ/ה	8486	HNcfsa/Sd
Num 3:30	וּ/נְשִׂ֥יא	c/5387 a	HC/Ncmsc
Num 3:30	בֵֽית	1004 b	HNcmsc
Num 3:30	אָ֖ב	1	HNcmsa
Num 3:30	לְ/מִשְׁפְּחֹ֣ת	l/4940	HR/Ncfpc
Num 3:30	הַ/קְּהָתִ֑י	d/6956	HTd/Ngmsa
Num 3:30	אֶלִיצָפָ֖ן	469	HNp
Num 3:30	בֶּן	1121 a	HNcmsc
Num 3:30	עֻזִּיאֵֽל	5816	HNp
Num 3:31	וּ/מִשְׁמַרְתָּ֗/ם	c/4931	HC/Ncfsc/Sp3mp
Num 3:31	הָ/אָרֹ֤ן	d/727	HTd/Ncbsa
Num 3:31	וְ/הַ/שֻּׁלְחָן֙	c/d/7979	HC/Td/Ncmsa
Num 3:31	וְ/הַ/מְּנֹרָ֣ה	c/d/4501	HC/Td/Ncfsa
Num 3:31	וְ/הַֽ/מִּזְבְּחֹ֔ת	c/d/4196	HC/Td/Ncmpa
Num 3:31	וּ/כְלֵ֣י	c/3627	HC/Ncmpc
Num 3:31	הַ/קֹּ֔דֶשׁ	d/6944	HTd/Ncmsa
Num 3:31	אֲשֶׁ֥ר	834 a	HTr
Num 3:31	יְשָׁרְת֖וּ	8334	HVpi3mp
Num 3:31	בָּ/הֶ֑ם	b	HR/Sp3mp
Num 3:31	וְ/הַ֨/מָּסָ֔ךְ	c/d/4539	HC/Td/Ncmsa
Num 3:31	וְ/כֹ֖ל	c/3605	HC/Ncmsc
Num 3:31	עֲבֹדָתֽ/וֹ	5656	HNcfsc/Sp3ms
Num 3:32	וּ/נְשִׂיא֙	c/5387 a	HC/Ncmsc
Num 3:32	נְשִׂיאֵ֣י	5387 a	HNcmpc
Num 3:32	הַ/לֵּוִ֔י	d/3881	HTd/Ngmsa
Num 3:32	אֶלְעָזָ֖ר	499	HNp
Num 3:32	בֶּן	1121 a	HNcmsc
Num 3:32	אַהֲרֹ֣ן	175	HNp
Num 3:32	הַ/כֹּהֵ֑ן	d/3548	HTd/Ncmsa
Num 3:32	פְּקֻדַּ֕ת	6486	HNcfsc
Num 3:32	שֹׁמְרֵ֖י	8104	HVqrmpc
Num 3:32	מִשְׁמֶ֥רֶת	4931	HNcfsc
Num 3:32	הַ/קֹּֽדֶשׁ	d/6944	HTd/Ncmsa
Num 3:33	לִ/מְרָרִ֕י	l/4847	HR/Np
Num 3:33	מִשְׁפַּ֨חַת֙	4940	HNcfsc
Num 3:33	הַ/מַּחְלִ֔י	d/4250	HTd/Ngmsa
Num 3:33	וּ/מִשְׁפַּ֖חַת	c/4940	HC/Ncfsc
Num 3:33	הַ/מּוּשִׁ֑י	d/4188	HTd/Ngmsa
Num 3:33	אֵ֥לֶּה	428	HPdxcp
Num 3:33	הֵ֖ם	1992	HPp3mp
Num 3:33	מִשְׁפְּחֹ֥ת	4940	HNcfpc
Num 3:33	מְרָרִֽי	4847	HNp
Num 3:34	וּ/פְקֻדֵי/הֶם֙	c/6485 a	HC/Vqsmpc/Sp3mp
Num 3:34	בְּ/מִסְפַּ֣ר	b/4557	HR/Ncmsc
Num 3:34	כָּל	3605	HNcmsc
Num 3:34	זָכָ֔ר	2145	HAamsa
Num 3:34	מִ/בֶּן	m/1121 a	HR/Ncmsc
Num 3:34	חֹ֖דֶשׁ	2320	HNcmsa
Num 3:34	וָ/מָ֑עְלָ/ה	c/4605	HC/D/Sd
Num 3:34	שֵׁ֥שֶׁת	8337	HAcmsc
Num 3:34	אֲלָפִ֖ים	505	HAcbpa
Num 3:34	וּ/מָאתָֽיִם	c/3967	HC/Acbda
Num 3:35	וּ/נְשִׂ֤יא	c/5387 a	HC/Ncmsc
Num 3:35	בֵֽית	1004 b	HNcmsc
Num 3:35	אָב֙	1	HNcmsa
Num 3:35	לְ/מִשְׁפְּחֹ֣ת	l/4940	HR/Ncfpc
Num 3:35	מְרָרִ֔י	4847	HNp
Num 3:35	צוּרִיאֵ֖ל	6700	HNp
Num 3:35	בֶּן	1121 a	HNcmsc
Num 3:35	אֲבִיחָ֑יִל	32	HNp
Num 3:35	עַ֣ל	5921 a	HR
Num 3:35	יֶ֧רֶךְ	3409	HNcfsc
Num 3:35	הַ/מִּשְׁכָּ֛ן	d/4908	HTd/Ncmsa
Num 3:35	יַחֲנ֖וּ	2583	HVqi3mp
Num 3:35	צָפֹֽנָ/ה	6828	HNcfsa/Sd
Num 3:36	וּ/פְקֻדַּ֣ת	c/6486	HC/Ncfsc
Num 3:36	מִשְׁמֶרֶת֮	4931	HNcfsc
Num 3:36	בְּנֵ֣י	1121 a	HNcmpc
Num 3:36	מְרָרִי֒	4847	HNp
Num 3:36	קַרְשֵׁי֙	7175	HNcmpc
Num 3:36	הַ/מִּשְׁכָּ֔ן	d/4908	HTd/Ncmsa
Num 3:36	וּ/בְרִיחָ֖י/ו	c/1280	HC/Ncmpc/Sp3ms
Num 3:36	וְ/עַמֻּדָ֣י/ו	c/5982	HC/Ncmpc/Sp3ms
Num 3:36	וַ/אֲדָנָ֑י/ו	c/134	HC/Ncmpc/Sp3ms
Num 3:36	וְ/כָל	c/3605	HC/Ncmsc
Num 3:36	כֵּלָ֔י/ו	3627	HNcmpc/Sp3ms
Num 3:36	וְ/כֹ֖ל	c/3605	HC/Ncmsc
Num 3:36	עֲבֹדָתֽ/וֹ	5656	HNcfsc/Sp3ms
Num 3:37	וְ/עַמֻּדֵ֧י	c/5982	HC/Ncmpc
Num 3:37	הֶ/חָצֵ֛ר	d/2691 a	HTd/Ncbsa
Num 3:37	סָבִ֖יב	5439	HNcbsa
Num 3:37	וְ/אַדְנֵי/הֶ֑ם	c/134	HC/Ncmpc/Sp3mp
Num 3:37	וִ/יתֵדֹתָ֖/ם	c/3489	HC/Ncfpc/Sp3mp
Num 3:37	וּ/מֵֽיתְרֵי/הֶֽם	c/4340	HC/Ncmpc/Sp3mp
Num 3:38	וְ/הַ/חֹנִ֣ים	c/d/2583	HC/Td/Vqrmpa
Num 3:38	לִ/פְנֵ֣י	l/6440	HR/Ncbpc
Num 3:38	הַ/מִּשְׁכָּ֡ן	d/4908	HTd/Ncmsa
Num 3:38	קֵ֣דְמָ/ה	6924 b	HNcmsa/Sd
Num 3:38	לִ/פְנֵי֩	l/6440	HR/Ncbpc
Num 3:38	אֹֽהֶל	168	HNcmsc
Num 3:38	מוֹעֵ֨ד	4150	HNcmsa
Num 3:38	מִזְרָ֜חָ/ה	4217	HNcmsa/Sd
Num 3:38	מֹשֶׁ֣ה	4872	HNp
Num 3:38	וְ/אַהֲרֹ֣ן	c/175	HC/Np
Num 3:38	וּ/בָנָ֗י/ו	c/1121 a	HC/Ncmpc/Sp3ms
Num 3:38	שֹֽׁמְרִים֙	8104	HVqrmpa
Num 3:38	מִשְׁמֶ֣רֶת	4931	HNcfsc
Num 3:38	הַ/מִּקְדָּ֔שׁ	d/4720	HTd/Ncmsa
Num 3:38	לְ/מִשְׁמֶ֖רֶת	l/4931	HR/Ncfsc
Num 3:38	בְּנֵ֣י	1121 a	HNcmpc
Num 3:38	יִשְׂרָאֵ֑ל	3478	HNp
Num 3:38	וְ/הַ/זָּ֥ר	c/d/2114 a	HC/Td/Aamsa
Num 3:38	הַ/קָּרֵ֖ב	d/7126	HTd/Aamsa
Num 3:38	יוּמָֽת	4191	HVHi3ms
Num 3:39	כָּל	3605	HNcmsc
Num 3:39	פְּקוּדֵ֨י	6485 a	HVqsmpc
Num 3:39	הַ/לְוִיִּ֜ם	d/3881	HTd/Ngmpa
Num 3:39	אֲשֶׁר֩	834 a	HTr
Num 3:39	פָּקַ֨ד	6485 a	HVqp3ms
Num 3:39	מֹשֶׁ֧ה	4872	HNp
Num 3:39	וְׄ/אַׄהֲׄרֹ֛ׄןׄ	c/175	HC/Np
Num 3:39	עַל	5921 a	HR
Num 3:39	פִּ֥י	6310	HNcmsc
Num 3:39	יְהוָ֖ה	3068	HNp
Num 3:39	לְ/מִשְׁפְּחֹתָ֑/ם	l/4940	HR/Ncfpc/Sp3mp
Num 3:39	כָּל	3605	HNcmsc
Num 3:39	זָכָר֙	2145	HAamsa
Num 3:39	מִ/בֶּן	m/1121 a	HR/Ncmsc
Num 3:39	חֹ֣דֶשׁ	2320	HNcmsa
Num 3:39	וָ/מַ֔עְלָ/ה	c/4605	HC/D/Sd
Num 3:39	שְׁנַ֥יִם	8147	HAcmda
Num 3:39	וְ/עֶשְׂרִ֖ים	c/6242	HC/Acbpa
Num 3:39	אָֽלֶף	505	HAcbsa
Num 3:40	וַ/יֹּ֨אמֶר	c/559	HC/Vqw3ms
Num 3:40	יְהוָ֜ה	3068	HNp
Num 3:40	אֶל	413	HR
Num 3:40	מֹשֶׁ֗ה	4872	HNp
Num 3:40	פְּקֹ֨ד	6485 a	HVqv2ms
Num 3:40	כָּל	3605	HNcmsc
Num 3:40	בְּכֹ֤ר	1060	HNcmsa
Num 3:40	זָכָר֙	2145	HAamsa
Num 3:40	לִ/בְנֵ֣י	l/1121 a	HR/Ncmpc
Num 3:40	יִשְׂרָאֵ֔ל	3478	HNp
Num 3:40	מִ/בֶּן	m/1121 a	HR/Ncmsc
Num 3:40	חֹ֖דֶשׁ	2320	HNcmsa
Num 3:40	וָ/מָ֑עְלָ/ה	c/4605	HC/D/Sd
Num 3:40	וְ/שָׂ֕א	c/5375	HC/Vqv2ms
Num 3:40	אֵ֖ת	853	HTo
Num 3:40	מִסְפַּ֥ר	4557	HNcmsc
Num 3:40	שְׁמֹתָֽ/ם	8034	HNcmpc/Sp3mp
Num 3:41	וְ/לָקַחְתָּ֨	c/3947	HC/Vqq2ms
Num 3:41	אֶת	853	HTo
Num 3:41	הַ/לְוִיִּ֥ם	d/3881	HTd/Ngmpa
Num 3:41	לִ/י֙	l	HR/Sp1cs
Num 3:41	אֲנִ֣י	589	HPp1cs
Num 3:41	יְהוָ֔ה	3068	HNp
Num 3:41	תַּ֥חַת	8478	HR
Num 3:41	כָּל	3605	HNcmsc
Num 3:41	בְּכֹ֖ר	1060	HNcmsa
Num 3:41	בִּ/בְנֵ֣י	b/1121 a	HR/Ncmpc
Num 3:41	יִשְׂרָאֵ֑ל	3478	HNp
Num 3:41	וְ/אֵת֙	c/853	HC/To
Num 3:41	בֶּהֱמַ֣ת	929	HNcfsc
Num 3:41	הַ/לְוִיִּ֔ם	d/3881	HTd/Ngmpa
Num 3:41	תַּ֣חַת	8478	HR
Num 3:41	כָּל	3605	HNcmsc
Num 3:41	בְּכ֔וֹר	1060	HNcmsa
Num 3:41	בְּ/בֶהֱמַ֖ת	b/929	HR/Ncfsc
Num 3:41	בְּנֵ֥י	1121 a	HNcmpc
Num 3:41	יִשְׂרָאֵֽל	3478	HNp
Num 3:42	וַ/יִּפְקֹ֣ד	c/6485 a	HC/Vqw3ms
Num 3:42	מֹשֶׁ֔ה	4872	HNp
Num 3:42	כַּ/אֲשֶׁ֛ר	k/834 d	HR/Tr
Num 3:42	צִוָּ֥ה	6680	HVpp3ms
Num 3:42	יְהוָ֖ה	3068	HNp
Num 3:42	אֹת֑/וֹ	853	HTo/Sp3ms
Num 3:42	אֶֽת	853	HTo
Num 3:42	כָּל	3605	HNcmsc
Num 3:42	בְּכֹ֖ר	1060	HNcmsa
Num 3:42	בִּ/בְנֵ֥י	b/1121 a	HR/Ncmpc
Num 3:42	יִשְׂרָאֵֽל	3478	HNp
Num 3:43	וַ/יְהִי֩	c/1961	HC/Vqw3ms
Num 3:43	כָל	3605	HNcmsc
Num 3:43	בְּכ֨וֹר	1060	HNcmsa
Num 3:43	זָכָ֜ר	2145	HAamsa
Num 3:43	בְּ/מִסְפַּ֥ר	b/4557	HR/Ncmsc
Num 3:43	שֵׁמ֛וֹת	8034	HNcmpa
Num 3:43	מִ/בֶּן	m/1121 a	HR/Ncmsc
Num 3:43	חֹ֥דֶשׁ	2320	HNcmsa
Num 3:43	וָ/מַ֖עְלָ/ה	c/4605	HC/D/Sd
Num 3:43	לִ/פְקֻדֵי/הֶ֑ם	l/6485 a	HR/Vqsmpc/Sp3mp
Num 3:43	שְׁנַ֤יִם	8147	HAcmda
Num 3:43	וְ/עֶשְׂרִים֙	c/6242	HC/Acbpa
Num 3:43	אֶ֔לֶף	505	HAcbsa
Num 3:43	שְׁלֹשָׁ֥ה	7969	HAcmsa
Num 3:43	וְ/שִׁבְעִ֖ים	c/7657	HC/Acbpa
Num 3:43	וּ/מָאתָֽיִם	c/3967	HC/Acbda
Num 3:44	וַ/יְדַבֵּ֥ר	c/1696	HC/Vpw3ms
Num 3:44	יְהוָ֖ה	3068	HNp
Num 3:44	אֶל	413	HR
Num 3:44	מֹשֶׁ֥ה	4872	HNp
Num 3:44	לֵּ/אמֹֽר	l/559	HR/Vqc
Num 3:45	קַ֣ח	3947	HVqv2ms
Num 3:45	אֶת	853	HTo
Num 3:45	הַ/לְוִיִּ֗ם	d/3881	HTd/Ngmpa
Num 3:45	תַּ֤חַת	8478	HR
Num 3:45	כָּל	3605	HNcmsc
Num 3:45	בְּכוֹר֙	1060	HNcmsa
Num 3:45	בִּ/בְנֵ֣י	b/1121 a	HR/Ncmpc
Num 3:45	יִשְׂרָאֵ֔ל	3478	HNp
Num 3:45	וְ/אֶת	c/853	HC/To
Num 3:45	בֶּהֱמַ֥ת	929	HNcfsc
Num 3:45	הַ/לְוִיִּ֖ם	d/3881	HTd/Ngmpa
Num 3:45	תַּ֣חַת	8478	HR
Num 3:45	בְּהֶמְתָּ֑/ם	929	HNcfsc/Sp3mp
Num 3:45	וְ/הָיוּ	c/1961	HC/Vqq3cp
Num 3:45	לִ֥/י	l	HR/Sp1cs
Num 3:45	הַ/לְוִיִּ֖ם	d/3881	HTd/Ngmpa
Num 3:45	אֲנִ֥י	589	HPp1cs
Num 3:45	יְהוָֽה	3068	HNp
Num 3:46	וְ/אֵת֙	c/853	HC/To
Num 3:46	פְּדוּיֵ֣י	6302	HNcmpc
Num 3:46	הַ/שְּׁלֹשָׁ֔ה	d/7969	HTd/Acmsa
Num 3:46	וְ/הַ/שִּׁבְעִ֖ים	c/d/7657	HC/Td/Acbpa
Num 3:46	וְ/הַ/מָּאתָ֑יִם	c/d/3967	HC/Td/Acbda
Num 3:46	הָ/עֹֽדְפִים֙	d/5736	HTd/Vqrmpa
Num 3:46	עַל	5921 a	HR
Num 3:46	הַ/לְוִיִּ֔ם	d/3881	HTd/Ngmpa
Num 3:46	מִ/בְּכ֖וֹר	m/1060	HR/Ncmsc
Num 3:46	בְּנֵ֥י	1121 a	HNcmpc
Num 3:46	יִשְׂרָאֵֽל	3478	HNp
Num 3:47	וְ/לָקַחְתָּ֗	c/3947	HC/Vqq2ms
Num 3:47	חֲמֵ֧שֶׁת	2568	HAcmsc
Num 3:47	חֲמֵ֛שֶׁת	2568	HAcmsc
Num 3:47	שְׁקָלִ֖ים	8255	HNcmpa
Num 3:47	לַ/גֻּלְגֹּ֑לֶת	l/1538	HRd/Ncfsa
Num 3:47	בְּ/שֶׁ֤קֶל	b/8255	HR/Ncmsc
Num 3:47	הַ/קֹּ֨דֶשׁ֙	d/6944	HTd/Ncmsa
Num 3:47	תִּקָּ֔ח	3947	HVqi2ms
Num 3:47	עֶשְׂרִ֥ים	6242	HAcbpa
Num 3:47	גֵּרָ֖ה	1626	HNcfsa
Num 3:47	הַ/שָּֽׁקֶל	d/8255	HTd/Ncmsa
Num 3:48	וְ/נָתַתָּ֣ה	c/5414	HC/Vqp2ms
Num 3:48	הַ/כֶּ֔סֶף	d/3701	HTd/Ncmsa
Num 3:48	לְ/אַהֲרֹ֖ן	l/175	HR/Np
Num 3:48	וּ/לְ/בָנָ֑י/ו	c/l/1121 a	HC/R/Ncmpc/Sp3ms
Num 3:48	פְּדוּיֵ֕י	6302	HNcmpc
Num 3:48	הָ/עֹדְפִ֖ים	d/5736	HTd/Vqrmpa
Num 3:48	בָּ/הֶֽם	b	HR/Sp3mp
Num 3:49	וַ/יִּקַּ֣ח	c/3947	HC/Vqw3ms
Num 3:49	מֹשֶׁ֔ה	4872	HNp
Num 3:49	אֵ֖ת	853	HTo
Num 3:49	כֶּ֣סֶף	3701	HNcmsc
Num 3:49	הַ/פִּדְי֑וֹם	d/6306 a	HTd/Ncmsa
Num 3:49	מֵ/אֵת֙	m/854	HR/R
Num 3:49	הָ/עֹ֣דְפִ֔ים	d/5736	HTd/Vqrmpa
Num 3:49	עַ֖ל	5921 a	HR
Num 3:49	פְּדוּיֵ֥י	6302	HNcmpc
Num 3:49	הַ/לְוִיִּֽם	d/3881	HTd/Ngmpa
Num 3:50	מֵ/אֵ֗ת	m/854	HR/R
Num 3:50	בְּכ֛וֹר	1060	HNcmsc
Num 3:50	בְּנֵ֥י	1121 a	HNcmpc
Num 3:50	יִשְׂרָאֵ֖ל	3478	HNp
Num 3:50	לָקַ֣ח	3947	HVqp3ms
Num 3:50	אֶת	853	HTo
Num 3:50	הַ/כָּ֑סֶף	d/3701	HTd/Ncmsa
Num 3:50	חֲמִשָּׁ֨ה	2568	HAcmsa
Num 3:50	וְ/שִׁשִּׁ֜ים	c/8346	HC/Acbpa
Num 3:50	וּ/שְׁלֹ֥שׁ	c/7969	HC/Acfsa
Num 3:50	מֵא֛וֹת	3967	HAcbpa
Num 3:50	וָ/אֶ֖לֶף	c/505	HC/Acbsa
Num 3:50	בְּ/שֶׁ֥קֶל	b/8255	HR/Ncmsc
Num 3:50	הַ/קֹּֽדֶשׁ	d/6944	HTd/Ncmsa
Num 3:51	וַ/יִּתֵּ֨ן	c/5414	HC/Vqw3ms
Num 3:51	מֹשֶׁ֜ה	4872	HNp
Num 3:51	אֶת	853	HTo
Num 3:51	כֶּ֧סֶף	3701	HNcmsc
Num 3:51	הַ/פְּדֻיִ֛ם	d/6302	HTd/Ncmpa
Num 3:51	לְ/אַהֲרֹ֥ן	l/175	HR/Np
Num 3:51	וּ/לְ/בָנָ֖י/ו	c/l/1121 a	HC/R/Ncmpc/Sp3ms
Num 3:51	עַל	5921 a	HR
Num 3:51	פִּ֣י	6310	HNcmsc
Num 3:51	יְהוָ֑ה	3068	HNp
Num 3:51	כַּ/אֲשֶׁ֛ר	k/834 d	HR/Tr
Num 3:51	צִוָּ֥ה	6680	HVpp3ms
Num 3:51	יְהוָ֖ה	3068	HNp
Num 3:51	אֶת	853	HTo
Num 3:51	מֹשֶֽׁה	4872	HNp
Num 4:1	וַ/יְדַבֵּ֣ר	c/1696	HC/Vpw3ms
Num 4:1	יְהוָ֔ה	3068	HNp
Num 4:1	אֶל	413	HR
Num 4:1	מֹשֶׁ֥ה	4872	HNp
Num 4:1	וְ/אֶֽל	c/413	HC/R
Num 4:1	אַהֲרֹ֖ן	175	HNp
Num 4:1	לֵ/אמֹֽר	l/559	HR/Vqc
Num 4:2	נָשֹׂ֗א	5375	HVqa
Num 4:2	אֶת	853	HTo
Num 4:2	רֹאשׁ֙	7218 a	HNcmsc
Num 4:2	בְּנֵ֣י	1121 a	HNcmpc
Num 4:2	קְהָ֔ת	6955	HNp
Num 4:2	מִ/תּ֖וֹךְ	m/8432	HR/Ncmsc
Num 4:2	בְּנֵ֣י	1121 a	HNcmpc
Num 4:2	לֵוִ֑י	3878	HNp
Num 4:2	לְ/מִשְׁפְּחֹתָ֖/ם	l/4940	HR/Ncfpc/Sp3mp
Num 4:2	לְ/בֵ֥ית	l/1004 b	HR/Ncmsc
Num 4:2	אֲבֹתָֽ/ם	1	HNcmpc/Sp3mp
Num 4:3	מִ/בֶּ֨ן	m/1121 a	HR/Ncmsc
Num 4:3	שְׁלֹשִׁ֤ים	7970	HAcbpa
Num 4:3	שָׁנָה֙	8141	HNcfsa
Num 4:3	וָ/מַ֔עְלָ/ה	c/4605	HC/D/Sd
Num 4:3	וְ/עַ֖ד	c/5704	HC/R
Num 4:3	בֶּן	1121 a	HNcmsc
Num 4:3	חֲמִשִּׁ֣ים	2572	HAcbpa
Num 4:3	שָׁנָ֑ה	8141	HNcfsa
Num 4:3	כָּל	3605	HNcmsc
Num 4:3	בָּא֙	935	HVqrmsa
Num 4:3	לַ/צָּבָ֔א	l/6635 a	HRd/Ncbsa
Num 4:3	לַ/עֲשׂ֥וֹת	l/6213 a	HR/Vqc
Num 4:3	מְלָאכָ֖ה	4399	HNcfsa
Num 4:3	בְּ/אֹ֥הֶל	b/168	HR/Ncmsc
Num 4:3	מוֹעֵֽד	4150	HNcmsa
Num 4:4	זֹ֛את	2063	HPdxfs
Num 4:4	עֲבֹדַ֥ת	5656	HNcfsc
Num 4:4	בְּנֵי	1121 a	HNcmpc
Num 4:4	קְהָ֖ת	6955	HNp
Num 4:4	בְּ/אֹ֣הֶל	b/168	HR/Ncmsc
Num 4:4	מוֹעֵ֑ד	4150	HNcmsa
Num 4:4	קֹ֖דֶשׁ	6944	HNcmsc
Num 4:4	הַ/קֳּדָשִֽׁים	d/6944	HTd/Ncmpa
Num 4:5	וּ/בָ֨א	c/935	HC/Vqq3ms
Num 4:5	אַהֲרֹ֤ן	175	HNp
Num 4:5	וּ/בָנָי/ו֙	c/1121 a	HC/Ncmpc/Sp3ms
Num 4:5	בִּ/נְסֹ֣עַ	b/5265	HR/Vqc
Num 4:5	הַֽ/מַּחֲנֶ֔ה	d/4264	HTd/Ncbsa
Num 4:5	וְ/הוֹרִ֕דוּ	c/3381	HC/Vhq3cp
Num 4:5	אֵ֖ת	853	HTo
Num 4:5	פָּרֹ֣כֶת	6532	HNcfsc
Num 4:5	הַ/מָּסָ֑ךְ	d/4539	HTd/Ncmsa
Num 4:5	וְ/כִ֨סּוּ	c/3680	HC/Vpq3cp
Num 4:5	בָ֔/הּ	b	HR/Sp3fs
Num 4:5	אֵ֖ת	853	HTo
Num 4:5	אֲרֹ֥ן	727	HNcbsc
Num 4:5	הָ/עֵדֻֽת	d/5715	HTd/Ncfsa
Num 4:6	וְ/נָתְנ֣וּ	c/5414	HC/Vqq3cp
Num 4:6	עָלָ֗י/ו	5921 a	HR/Sp3ms
Num 4:6	כְּסוּי֙	3681	HNcmsc
Num 4:6	ע֣וֹר	5785	HNcmsc
Num 4:6	תַּ֔חַשׁ	8476	HNcmsa
Num 4:6	וּ/פָרְשׂ֧וּ	c/6566	HC/Vqq3cp
Num 4:6	בֶֽגֶד	899 b	HNcmsc
Num 4:6	כְּלִ֛יל	3632	HAamsc
Num 4:6	תְּכֵ֖לֶת	8504	HNcfsa
Num 4:6	מִ/לְ/מָ֑עְלָ/ה	m/l/4605	HR/R/D/Sd
Num 4:6	וְ/שָׂמ֖וּ	c/7760 a	HC/Vqq3cp
Num 4:6	בַּדָּֽי/ו	905	HNcmpc/Sp3ms
Num 4:7	וְ/עַ֣ל	c/5921 a	HC/R
Num 4:7	שֻׁלְחַ֣ן	7979	HNcmsc
Num 4:7	הַ/פָּנִ֗ים	d/6440	HTd/Ncbpa
Num 4:7	יִפְרְשׂוּ֮	6566	HVqi3mp
Num 4:7	בֶּ֣גֶד	899 b	HNcmsc
Num 4:7	תְּכֵלֶת֒	8504	HNcfsa
Num 4:7	וְ/נָתְנ֣וּ	c/5414	HC/Vqq3cp
Num 4:7	עָ֠לָי/ו	5921 a	HR/Sp3ms
Num 4:7	אֶת	853	HTo
Num 4:7	הַ/קְּעָרֹ֤ת	d/7086	HTd/Ncfpa
Num 4:7	וְ/אֶת	c/853	HC/To
Num 4:7	הַ/כַּפֹּת֙	d/3709	HTd/Ncfpa
Num 4:7	וְ/אֶת	c/853	HC/To
Num 4:7	הַ/מְּנַקִּיֹּ֔ת	d/4518	HTd/Ncfpa
Num 4:7	וְ/אֵ֖ת	c/853	HC/To
Num 4:7	קְשׂ֣וֹת	7184	HNcfpc
Num 4:7	הַ/נָּ֑סֶךְ	d/5262	HTd/Ncmsa
Num 4:7	וְ/לֶ֥חֶם	c/3899	HC/Ncbsc
Num 4:7	הַ/תָּמִ֖יד	d/8548	HTd/Ncmsa
Num 4:7	עָלָ֥י/ו	5921 a	HR/Sp3ms
Num 4:7	יִהְיֶֽה	1961	HVqi3ms
Num 4:8	וּ/פָרְשׂ֣וּ	c/6566	HC/Vqq3cp
Num 4:8	עֲלֵי/הֶ֗ם	5921 a	HR/Sp3mp
Num 4:8	בֶּ֚גֶד	899 b	HNcmsc
Num 4:8	תּוֹלַ֣עַת	8438 b	HNcfsc
Num 4:8	שָׁנִ֔י	8144	HNcmsa
Num 4:8	וְ/כִסּ֣וּ	c/3680	HC/Vpq3cp
Num 4:8	אֹת֔/וֹ	853	HTo/Sp3ms
Num 4:8	בְּ/מִכְסֵ֖ה	b/4372	HR/Ncmsc
Num 4:8	ע֣וֹר	5785	HNcmsc
Num 4:8	תָּ֑חַשׁ	8476	HNcmsa
Num 4:8	וְ/שָׂמ֖וּ	c/7760 a	HC/Vqq3cp
Num 4:8	אֶת	853	HTo
Num 4:8	בַּדָּֽי/ו	905	HNcmpc/Sp3ms
Num 4:9	וְ/לָקְח֣וּ	c/3947	HC/Vqq3cp
Num 4:9	בֶּ֣גֶד	899 b	HNcmsc
Num 4:9	תְּכֵ֗לֶת	8504	HNcfsa
Num 4:9	וְ/כִסּ֞וּ	c/3680	HC/Vpq3cp
Num 4:9	אֶת	853	HTo
Num 4:9	מְנֹרַ֤ת	4501	HNcfsc
Num 4:9	הַ/מָּאוֹר֙	d/3974	HTd/Ncmsa
Num 4:9	וְ/אֶת	c/853	HC/To
Num 4:9	נֵ֣רֹתֶ֔י/הָ	5216 a	HNcmpc/Sp3fs
Num 4:9	וְ/אֶת	c/853	HC/To
Num 4:9	מַלְקָחֶ֖י/הָ	4457	HNcmdc/Sp3fs
Num 4:9	וְ/אֶת	c/853	HC/To
Num 4:9	מַחְתֹּתֶ֑י/הָ	4289	HNcfpc/Sp3fs
Num 4:9	וְ/אֵת֙	c/853	HC/To
Num 4:9	כָּל	3605	HNcmsc
Num 4:9	כְּלֵ֣י	3627	HNcmpc
Num 4:9	שַׁמְנָ֔/הּ	8081	HNcmsc/Sp3fs
Num 4:9	אֲשֶׁ֥ר	834 a	HTr
Num 4:9	יְשָׁרְתוּ	8334	HVpi3mp
Num 4:9	לָ֖/הּ	l	HR/Sp3fs
Num 4:9	בָּ/הֶֽם	b	HR/Sp3mp
Num 4:10	וְ/נָתְנ֤וּ	c/5414	HC/Vqq3cp
Num 4:10	אֹתָ/הּ֙	853	HTo/Sp3fs
Num 4:10	וְ/אֶת	c/853	HC/To
Num 4:10	כָּל	3605	HNcmsc
Num 4:10	כֵּלֶ֔י/הָ	3627	HNcmpc/Sp3fs
Num 4:10	אֶל	413	HR
Num 4:10	מִכְסֵ֖ה	4372	HNcmsc
Num 4:10	ע֣וֹר	5785	HNcmsc
Num 4:10	תָּ֑חַשׁ	8476	HNcmsa
Num 4:10	וְ/נָתְנ֖וּ	c/5414	HC/Vqq3cp
Num 4:10	עַל	5921 a	HR
Num 4:10	הַ/מּֽוֹט	d/4132	HTd/Ncmsa
Num 4:11	וְ/עַ֣ל	c/5921 a	HC/R
Num 4:11	מִזְבַּ֣ח	4196	HNcmsc
Num 4:11	הַ/זָּהָ֗ב	d/2091	HTd/Ncmsa
Num 4:11	יִפְרְשׂוּ֙	6566	HVqi3mp
Num 4:11	בֶּ֣גֶד	899 b	HNcmsc
Num 4:11	תְּכֵ֔לֶת	8504	HNcfsa
Num 4:11	וְ/כִסּ֣וּ	c/3680	HC/Vpq3cp
Num 4:11	אֹת֔/וֹ	853	HTo/Sp3ms
Num 4:11	בְּ/מִכְסֵ֖ה	b/4372	HR/Ncmsc
Num 4:11	ע֣וֹר	5785	HNcmsc
Num 4:11	תָּ֑חַשׁ	8476	HNcmsa
Num 4:11	וְ/שָׂמ֖וּ	c/7760 a	HC/Vqq3cp
Num 4:11	אֶת	853	HTo
Num 4:11	בַּדָּֽי/ו	905	HNcmpc/Sp3ms
Num 4:12	וְ/לָקְחוּ֩	c/3947	HC/Vqq3cp
Num 4:12	אֶת	853	HTo
Num 4:12	כָּל	3605	HNcmsc
Num 4:12	כְּלֵ֨י	3627	HNcmpc
Num 4:12	הַ/שָּׁרֵ֜ת	d/8335	HTd/Ncmsa
Num 4:12	אֲשֶׁ֧ר	834 a	HTr
Num 4:12	יְשָֽׁרְתוּ	8334	HVpi3mp
Num 4:12	בָ֣/ם	b	HR/Sp3mp
Num 4:12	בַּ/קֹּ֗דֶשׁ	b/6944	HRd/Ncmsa
Num 4:12	וְ/נָֽתְנוּ֙	c/5414	HC/Vqq3cp
Num 4:12	אֶל	413	HR
Num 4:12	בֶּ֣גֶד	899 b	HNcmsc
Num 4:12	תְּכֵ֔לֶת	8504	HNcfsa
Num 4:12	וְ/כִסּ֣וּ	c/3680	HC/Vpq3cp
Num 4:12	אוֹתָ֔/ם	853	HTo/Sp3mp
Num 4:12	בְּ/מִכְסֵ֖ה	b/4372	HR/Ncmsc
Num 4:12	ע֣וֹר	5785	HNcmsc
Num 4:12	תָּ֑חַשׁ	8476	HNcmsa
Num 4:12	וְ/נָתְנ֖וּ	c/5414	HC/Vqq3cp
Num 4:12	עַל	5921 a	HR
Num 4:12	הַ/מּֽוֹט	d/4132	HTd/Ncmsa
Num 4:13	וְ/דִשְּׁנ֖וּ	c/1878	HC/Vpq3cp
Num 4:13	אֶת	853	HTo
Num 4:13	הַ/מִּזְבֵּ֑חַ	d/4196	HTd/Ncmsa
Num 4:13	וּ/פָרְשׂ֣וּ	c/6566	HC/Vqq3cp
Num 4:13	עָלָ֔י/ו	5921 a	HR/Sp3ms
Num 4:13	בֶּ֖גֶד	899 b	HNcmsc
Num 4:13	אַרְגָּמָֽן	713	HNcmsa
Num 4:14	וְ/נָתְנ֣וּ	c/5414	HC/Vqq3cp
Num 4:14	עָ֠לָי/ו	5921 a	HR/Sp3ms
Num 4:14	אֶֽת	853	HTo
Num 4:14	כָּל	3605	HNcmsc
Num 4:14	כֵּלָ֞י/ו	3627	HNcmpc/Sp3ms
Num 4:14	אֲשֶׁ֣ר	834 a	HTr
Num 4:14	יְֽשָׁרְת֧וּ	8334	HVpi3mp
Num 4:14	עָלָ֣י/ו	5921 a	HR/Sp3ms
Num 4:14	בָּ/הֶ֗ם	b	HR/Sp3mp
Num 4:14	אֶת	853	HTo
Num 4:14	הַ/מַּחְתֹּ֤ת	d/4289	HTd/Ncfpa
Num 4:14	אֶת	853	HTo
Num 4:14	הַ/מִּזְלָגֹת֙	d/4207 b	HTd/Ncfpa
Num 4:14	וְ/אֶת	c/853	HC/To
Num 4:14	הַ/יָּעִ֣ים	d/3257	HTd/Ncmpa
Num 4:14	וְ/אֶת	c/853	HC/To
Num 4:14	הַ/מִּזְרָקֹ֔ת	d/4219	HTd/Ncmpa
Num 4:14	כֹּ֖ל	3605	HNcmsc
Num 4:14	כְּלֵ֣י	3627	HNcmpc
Num 4:14	הַ/מִּזְבֵּ֑חַ	d/4196	HTd/Ncmsa
Num 4:14	וּ/פָרְשׂ֣וּ	c/6566	HC/Vqq3cp
Num 4:14	עָלָ֗י/ו	5921 a	HR/Sp3ms
Num 4:14	כְּס֛וּי	3681	HNcmsc
Num 4:14	ע֥וֹר	5785	HNcmsc
Num 4:14	תַּ֖חַשׁ	8476	HNcmsa
Num 4:14	וְ/שָׂמ֥וּ	c/7760 a	HC/Vqq3cp
Num 4:14	בַדָּֽי/ו	905	HNcmpc/Sp3ms
Num 4:15	וְ/כִלָּ֣ה	c/3615	HC/Vpq3ms
Num 4:15	אַֽהֲרֹן	175	HNp
Num 4:15	וּ֠/בָנָי/ו	c/1121 a	HC/Ncmpc/Sp3ms
Num 4:15	לְ/כַסֹּ֨ת	l/3680	HR/Vpc
Num 4:15	אֶת	853	HTo
Num 4:15	הַ/קֹּ֜דֶשׁ	d/6944	HTd/Ncmsa
Num 4:15	וְ/אֶת	c/853	HC/To
Num 4:15	כָּל	3605	HNcmsc
Num 4:15	כְּלֵ֣י	3627	HNcmpc
Num 4:15	הַ/קֹּדֶשׁ֮	d/6944	HTd/Ncmsa
Num 4:15	בִּ/נְסֹ֣עַ	b/5265	HR/Vqc
Num 4:15	הַֽ/מַּחֲנֶה֒	d/4264	HTd/Ncbsa
Num 4:15	וְ/אַחֲרֵי	c/310 a	HC/R
Num 4:15	כֵ֗ן	3651 c	HD
Num 4:15	יָבֹ֤אוּ	935	HVqi3mp
Num 4:15	בְנֵי	1121 a	HNcmpc
Num 4:15	קְהָת֙	6955	HNp
Num 4:15	לָ/שֵׂ֔את	l/5375	HR/Vqc
Num 4:15	וְ/לֹֽא	c/3808	HC/Tn
Num 4:15	יִגְּע֥וּ	5060	HVqi3mp
Num 4:15	אֶל	413	HR
Num 4:15	הַ/קֹּ֖דֶשׁ	d/6944	HTd/Ncmsa
Num 4:15	וָ/מֵ֑תוּ	c/4191	HC/Vqq3cp
Num 4:15	אֵ֛לֶּה	428	HPdxcp
Num 4:15	מַשָּׂ֥א	4853 a	HNcmsc
Num 4:15	בְנֵֽי	1121 a	HNcmpc
Num 4:15	קְהָ֖ת	6955	HNp
Num 4:15	בְּ/אֹ֥הֶל	b/168	HR/Ncmsc
Num 4:15	מוֹעֵֽד	4150	HNcmsa
Num 4:16	וּ/פְקֻדַּ֞ת	c/6486	HC/Ncfsc
Num 4:16	אֶלְעָזָ֣ר	499	HNp
Num 4:16	בֶּן	1121 a	HNcmsc
Num 4:16	אַהֲרֹ֣ן	175	HNp
Num 4:16	הַ/כֹּהֵ֗ן	d/3548	HTd/Ncmsa
Num 4:16	שֶׁ֤מֶן	8081	HNcmsc
Num 4:16	הַ/מָּאוֹר֙	d/3974	HTd/Ncmsa
Num 4:16	וּ/קְטֹ֣רֶת	c/7004	HC/Ncfsc
Num 4:16	הַ/סַּמִּ֔ים	d/5561	HTd/Ncmpa
Num 4:16	וּ/מִנְחַ֥ת	c/4503	HC/Ncfsc
Num 4:16	הַ/תָּמִ֖יד	d/8548	HTd/Ncmsa
Num 4:16	וְ/שֶׁ֣מֶן	c/8081	HC/Ncmsc
Num 4:16	הַ/מִּשְׁחָ֑ה	d/4888 a	HTd/Ncfsa
Num 4:16	פְּקֻדַּ֗ת	6486	HNcfsc
Num 4:16	כָּל	3605	HNcmsc
Num 4:16	הַ/מִּשְׁכָּן֙	d/4908	HTd/Ncmsa
Num 4:16	וְ/כָל	c/3605	HC/Ncmsc
Num 4:16	אֲשֶׁר	834 a	HTr
Num 4:16	בּ֔/וֹ	b	HR/Sp3ms
Num 4:16	בְּ/קֹ֖דֶשׁ	b/6944	HR/Ncmsa
Num 4:16	וּ/בְ/כֵלָֽי/ו	c/b/3627	HC/R/Ncmpc/Sp3ms
Num 4:17	וַ/יְדַבֵּ֣ר	c/1696	HC/Vpw3ms
Num 4:17	יְהוָ֔ה	3068	HNp
Num 4:17	אֶל	413	HR
Num 4:17	מֹשֶׁ֥ה	4872	HNp
Num 4:17	וְ/אֶֽל	c/413	HC/R
Num 4:17	אַהֲרֹ֖ן	175	HNp
Num 4:17	לֵ/אמֹֽר	l/559	HR/Vqc
Num 4:18	אַל	408	HTn
Num 4:18	תַּכְרִ֕יתוּ	3772	HVhj2mp
Num 4:18	אֶת	853	HTo
Num 4:18	שֵׁ֖בֶט	7626	HNcmsc
Num 4:18	מִשְׁפְּחֹ֣ת	4940	HNcfpc
Num 4:18	הַ/קְּהָתִ֑י	d/6956	HTd/Ngmsa
Num 4:18	מִ/תּ֖וֹךְ	m/8432	HR/Ncmsc
Num 4:18	הַ/לְוִיִּֽם	d/3881	HTd/Ngmpa
Num 4:19	וְ/זֹ֣את	c/2063	HC/Pdxfs
Num 4:19	עֲשׂ֣וּ	6213 a	HVqv2mp
Num 4:19	לָ/הֶ֗ם	l	HR/Sp3mp
Num 4:19	וְ/חָיוּ֙	c/2421	HC/Vqq3cp
Num 4:19	וְ/לֹ֣א	c/3808	HC/Tn
Num 4:19	יָמֻ֔תוּ	4191	HVqi3mp
Num 4:19	בְּ/גִשְׁתָּ֖/ם	b/5066	HR/Vqc/Sp3mp
Num 4:19	אֶת	853	HTo
Num 4:19	קֹ֣דֶשׁ	6944	HNcmsc
Num 4:19	הַ/קֳּדָשִׁ֑ים	d/6944	HTd/Ncmpa
Num 4:19	אַהֲרֹ֤ן	175	HNp
Num 4:19	וּ/בָנָי/ו֙	c/1121 a	HC/Ncmpc/Sp3ms
Num 4:19	יָבֹ֔אוּ	935	HVqi3mp
Num 4:19	וְ/שָׂמ֣וּ	c/7760 a	HC/Vqq3cp
Num 4:19	אוֹתָ֗/ם	853	HTo/Sp3mp
Num 4:19	אִ֥ישׁ	376	HNcmsa
Num 4:19	אִ֛ישׁ	376	HNcmsa
Num 4:19	עַל	5921 a	HR
Num 4:19	עֲבֹדָת֖/וֹ	5656	HNcfsc/Sp3ms
Num 4:19	וְ/אֶל	c/413	HC/R
Num 4:19	מַשָּׂאֽ/וֹ	4853 a	HNcmsc/Sp3ms
Num 4:20	וְ/לֹא	c/3808	HC/Tn
Num 4:20	יָבֹ֧אוּ	935	HVqi3mp
Num 4:20	לִ/רְא֛וֹת	l/7200	HR/Vqc
Num 4:20	כְּ/בַלַּ֥ע	k/1104	HR/Vpc
Num 4:20	אֶת	853	HTo
Num 4:20	הַ/קֹּ֖דֶשׁ	d/6944	HTd/Ncmsa
Num 4:20	וָ/מֵֽתוּ	c/4191	HC/Vqq3cp
Num 4:21	וַ/יְדַבֵּ֥ר	c/1696	HC/Vpw3ms
Num 4:21	יְהוָ֖ה	3068	HNp
Num 4:21	אֶל	413	HR
Num 4:21	מֹשֶׁ֥ה	4872	HNp
Num 4:21	לֵּ/אמֹֽר	l/559	HR/Vqc
Num 4:22	נָשֹׂ֗א	5375	HVqa
Num 4:22	אֶת	853	HTo
Num 4:22	רֹ֛אשׁ	7218 a	HNcmsc
Num 4:22	בְּנֵ֥י	1121 a	HNcmpc
Num 4:22	גֵרְשׁ֖וֹן	1648	HNp
Num 4:22	גַּם	1571	HTa
Num 4:22	הֵ֑ם	1992	HPp3mp
Num 4:22	לְ/בֵ֥ית	l/1004 b	HR/Ncmsc
Num 4:22	אֲבֹתָ֖/ם	1	HNcmpc/Sp3mp
Num 4:22	לְ/מִשְׁפְּחֹתָֽ/ם	l/4940	HR/Ncfpc/Sp3mp
Num 4:23	מִ/בֶּן֩	m/1121 a	HR/Ncmsc
Num 4:23	שְׁלֹשִׁ֨ים	7970	HAcbpa
Num 4:23	שָׁנָ֜ה	8141	HNcfsa
Num 4:23	וָ/מַ֗עְלָ/ה	c/4605	HC/D/Sd
Num 4:23	עַ֛ד	5704	HR
Num 4:23	בֶּן	1121 a	HNcmsc
Num 4:23	חֲמִשִּׁ֥ים	2572	HAcbpa
Num 4:23	שָׁנָ֖ה	8141	HNcfsa
Num 4:23	תִּפְקֹ֣ד	6485 a	HVqi2ms
Num 4:23	אוֹתָ֑/ם	853	HTo/Sp3mp
Num 4:23	כָּל	3605	HNcmsc
Num 4:23	הַ/בָּא֙	d/935	HTd/Vqrmsa
Num 4:23	לִ/צְבֹ֣א	l/6633	HR/Vqc
Num 4:23	צָבָ֔א	6635 a	HNcbsa
Num 4:23	לַ/עֲבֹ֥ד	l/5647	HR/Vqc
Num 4:23	עֲבֹדָ֖ה	5656	HNcfsa
Num 4:23	בְּ/אֹ֥הֶל	b/168	HR/Ncmsc
Num 4:23	מוֹעֵֽד	4150	HNcmsa
Num 4:24	זֹ֣את	2063	HPdxfs
Num 4:24	עֲבֹדַ֔ת	5656	HNcfsc
Num 4:24	מִשְׁפְּחֹ֖ת	4940	HNcfpc
Num 4:24	הַ/גֵּרְשֻׁנִּ֑י	d/1649	HTd/Ngmsa
Num 4:24	לַ/עֲבֹ֖ד	l/5647	HR/Vqc
Num 4:24	וּ/לְ/מַשָּֽׂא	c/l/4853 a	HC/R/Ncmsa
Num 4:25	וְ/נָ֨שְׂא֜וּ	c/5375	HC/Vqq3cp
Num 4:25	אֶת	853	HTo
Num 4:25	יְרִיעֹ֤ת	3407	HNcfpc
Num 4:25	הַ/מִּשְׁכָּן֙	d/4908	HTd/Ncmsa
Num 4:25	וְ/אֶת	c/853	HC/To
Num 4:25	אֹ֣הֶל	168	HNcmsc
Num 4:25	מוֹעֵ֔ד	4150	HNcmsa
Num 4:25	מִכְסֵ֕/הוּ	4372	HNcmsc/Sp3ms
Num 4:25	וּ/מִכְסֵ֛ה	c/4372	HC/Ncmsc
Num 4:25	הַ/תַּ֥חַשׁ	d/8476	HTd/Ncmsa
Num 4:25	אֲשֶׁר	834 a	HTr
Num 4:25	עָלָ֖י/ו	5921 a	HR/Sp3ms
Num 4:25	מִ/לְ/מָ֑עְלָ/ה	m/l/4605	HR/R/D/Sd
Num 4:25	וְ/אֶ֨ת	c/853	HC/To
Num 4:25	מָסַ֔ךְ	4539	HNcmsc
Num 4:25	פֶּ֖תַח	6607	HNcmsc
Num 4:25	אֹ֥הֶל	168	HNcmsc
Num 4:25	מוֹעֵֽד	4150	HNcmsa
Num 4:26	וְ/אֵת֩	c/853	HC/To
Num 4:26	קַלְעֵ֨י	7050 b	HNcmpc
Num 4:26	הֶֽ/חָצֵ֜ר	d/2691 a	HTd/Ncbsa
Num 4:26	וְ/אֶת	c/853	HC/To
Num 4:26	מָסַ֣ךְ	4539	HNcmsc
Num 4:26	פֶּ֣תַח	6607	HNcmsc
Num 4:26	שַׁ֣עַר	8179	HNcmsc
Num 4:26	הֶ/חָצֵ֗ר	d/2691 a	HTd/Ncbsa
Num 4:26	אֲשֶׁ֨ר	834 a	HTr
Num 4:26	עַל	5921 a	HR
Num 4:26	הַ/מִּשְׁכָּ֤ן	d/4908	HTd/Ncmsa
Num 4:26	וְ/עַל	c/5921 a	HC/R
Num 4:26	הַ/מִּזְבֵּ֨חַ֙	d/4196	HTd/Ncmsa
Num 4:26	סָבִ֔יב	5439	HNcbsa
Num 4:26	וְ/אֵת֙	c/853	HC/To
Num 4:26	מֵֽיתְרֵי/הֶ֔ם	4340	HNcmpc/Sp3mp
Num 4:26	וְ/אֶֽת	c/853	HC/To
Num 4:26	כָּל	3605	HNcmsc
Num 4:26	כְּלֵ֖י	3627	HNcmpc
Num 4:26	עֲבֹדָתָ֑/ם	5656	HNcfsc/Sp3mp
Num 4:26	וְ/אֵ֨ת	c/853	HC/To
Num 4:26	כָּל	3605	HNcmsc
Num 4:26	אֲשֶׁ֧ר	834 a	HTr
Num 4:26	יֵעָשֶׂ֛ה	6213 a	HVNi3ms
Num 4:26	לָ/הֶ֖ם	l	HR/Sp3mp
Num 4:26	וְ/עָבָֽדוּ	c/5647	HC/Vqq3cp
Num 4:27	עַל	5921 a	HR
Num 4:27	פִּי֩	6310	HNcmsc
Num 4:27	אַהֲרֹ֨ן	175	HNp
Num 4:27	וּ/בָנָ֜י/ו	c/1121 a	HC/Ncmpc/Sp3ms
Num 4:27	תִּהְיֶ֗ה	1961	HVqi3fs
Num 4:27	כָּל	3605	HNcmsc
Num 4:27	עֲבֹדַת֙	5656	HNcfsc
Num 4:27	בְּנֵ֣י	1121 a	HNcmpc
Num 4:27	הַ/גֵּרְשֻׁנִּ֔י	d/1649	HTd/Ngmsa
Num 4:27	לְ/כָל	l/3605	HR/Ncmsc
Num 4:27	מַשָּׂאָ֔/ם	4853 a	HNcmsc/Sp3mp
Num 4:27	וּ/לְ/כֹ֖ל	c/l/3605	HC/R/Ncmsc
Num 4:27	עֲבֹדָתָ֑/ם	5656	HNcfsc/Sp3mp
Num 4:27	וּ/פְקַדְתֶּ֤ם	c/6485 a	HC/Vqq2mp
Num 4:27	עֲלֵ/הֶם֙	5921 a	HR/Sp3mp
Num 4:27	בְּ/מִשְׁמֶ֔רֶת	b/4931	HR/Ncfsa
Num 4:27	אֵ֖ת	853	HTo
Num 4:27	כָּל	3605	HNcmsc
Num 4:27	מַשָּׂאָֽ/ם	4853 a	HNcmsc/Sp3mp
Num 4:28	זֹ֣את	2063	HPdxfs
Num 4:28	עֲבֹדַ֗ת	5656	HNcfsc
Num 4:28	מִשְׁפְּחֹ֛ת	4940	HNcfpc
Num 4:28	בְּנֵ֥י	1121 a	HNcmpc
Num 4:28	הַ/גֵּרְשֻׁנִּ֖י	d/1649	HTd/Ngmsa
Num 4:28	בְּ/אֹ֣הֶל	b/168	HR/Ncmsc
Num 4:28	מוֹעֵ֑ד	4150	HNcmsa
Num 4:28	וּ/מִ֨שְׁמַרְתָּ֔/ם	c/4931	HC/Ncfsc/Sp3mp
Num 4:28	בְּ/יַד֙	b/3027	HR/Ncbsc
Num 4:28	אִֽיתָמָ֔ר	385	HNp
Num 4:28	בֶּֽן	1121 a	HNcmsc
Num 4:28	אַהֲרֹ֖ן	175	HNp
Num 4:28	הַ/כֹּהֵֽן	d/3548	HTd/Ncmsa
Num 4:29	בְּנֵ֖י	1121 a	HNcmpc
Num 4:29	מְרָרִ֑י	4847	HNp
Num 4:29	לְ/מִשְׁפְּחֹתָ֥/ם	l/4940	HR/Ncfpc/Sp3mp
Num 4:29	לְ/בֵית	l/1004 b	HR/Ncmsc
Num 4:29	אֲבֹתָ֖/ם	1	HNcmpc/Sp3mp
Num 4:29	תִּפְקֹ֥ד	6485 a	HVqi2ms
Num 4:29	אֹתָֽ/ם	853	HTo/Sp3mp
Num 4:30	מִ/בֶּן֩	m/1121 a	HR/Ncmsc
Num 4:30	שְׁלֹשִׁ֨ים	7970	HAcbpa
Num 4:30	שָׁנָ֜ה	8141	HNcfsa
Num 4:30	וָ/מַ֗עְלָ/ה	c/4605	HC/D/Sd
Num 4:30	וְ/עַ֛ד	c/5704	HC/R
Num 4:30	בֶּן	1121 a	HNcmsc
Num 4:30	חֲמִשִּׁ֥ים	2572	HAcbpa
Num 4:30	שָׁנָ֖ה	8141	HNcfsa
Num 4:30	תִּפְקְדֵ֑/ם	6485 a	HVqi2ms/Sp3mp
Num 4:30	כָּל	3605	HNcmsc
Num 4:30	הַ/בָּא֙	d/935	HTd/Vqrmsa
Num 4:30	לַ/צָּבָ֔א	l/6635 a	HRd/Ncbsa
Num 4:30	לַ/עֲבֹ֕ד	l/5647	HR/Vqc
Num 4:30	אֶת	853	HTo
Num 4:30	עֲבֹדַ֖ת	5656	HNcfsc
Num 4:30	אֹ֥הֶל	168	HNcmsc
Num 4:30	מוֹעֵֽד	4150	HNcmsa
Num 4:31	וְ/זֹאת֙	c/2063	HC/Pdxfs
Num 4:31	מִשְׁמֶ֣רֶת	4931	HNcfsc
Num 4:31	מַשָּׂאָ֔/ם	4853 a	HNcmsc/Sp3mp
Num 4:31	לְ/כָל	l/3605	HR/Ncmsc
Num 4:31	עֲבֹדָתָ֖/ם	5656	HNcfsc/Sp3mp
Num 4:31	בְּ/אֹ֣הֶל	b/168	HR/Ncmsc
Num 4:31	מוֹעֵ֑ד	4150	HNcmsa
Num 4:31	קַרְשֵׁי֙	7175	HNcmpc
Num 4:31	הַ/מִּשְׁכָּ֔ן	d/4908	HTd/Ncmsa
Num 4:31	וּ/בְרִיחָ֖י/ו	c/1280	HC/Ncmpc/Sp3ms
Num 4:31	וְ/עַמּוּדָ֥י/ו	c/5982	HC/Ncmpc/Sp3ms
Num 4:31	וַ/אֲדָנָֽי/ו	c/134	HC/Ncmpc/Sp3ms
Num 4:32	וְ/עַמּוּדֵי֩	c/5982	HC/Ncmpc
Num 4:32	הֶ/חָצֵ֨ר	d/2691 a	HTd/Ncbsa
Num 4:32	סָבִ֜יב	5439	HNcbsa
Num 4:32	וְ/אַדְנֵי/הֶ֗ם	c/134	HC/Ncmpc/Sp3mp
Num 4:32	וִֽ/יתֵדֹתָ/ם֙	c/3489	HC/Ncfpc/Sp3mp
Num 4:32	וּ/מֵ֣יתְרֵי/הֶ֔ם	c/4340	HC/Ncmpc/Sp3mp
Num 4:32	לְ/כָל	l/3605	HR/Ncmsc
Num 4:32	כְּלֵי/הֶ֔ם	3627	HNcmpc/Sp3mp
Num 4:32	וּ/לְ/כֹ֖ל	c/l/3605	HC/R/Ncmsc
Num 4:32	עֲבֹדָתָ֑/ם	5656	HNcfsc/Sp3mp
Num 4:32	וּ/בְ/שֵׁמֹ֣ת	c/b/8034	HC/R/Ncmpa
Num 4:32	תִּפְקְד֔וּ	6485 a	HVqi2mp
Num 4:32	אֶת	853	HTo
Num 4:32	כְּלֵ֖י	3627	HNcmpc
Num 4:32	מִשְׁמֶ֥רֶת	4931	HNcfsc
Num 4:32	מַשָּׂאָֽ/ם	4853 a	HNcmsc/Sp3mp
Num 4:33	זֹ֣את	2063	HPdxfs
Num 4:33	עֲבֹדַ֗ת	5656	HNcfsc
Num 4:33	מִשְׁפְּחֹת֙	4940	HNcfpc
Num 4:33	בְּנֵ֣י	1121 a	HNcmpc
Num 4:33	מְרָרִ֔י	4847	HNp
Num 4:33	לְ/כָל	l/3605	HR/Ncmsc
Num 4:33	עֲבֹדָתָ֖/ם	5656	HNcfsc/Sp3mp
Num 4:33	בְּ/אֹ֣הֶל	b/168	HR/Ncmsc
Num 4:33	מוֹעֵ֑ד	4150	HNcmsa
Num 4:33	בְּ/יַד֙	b/3027	HR/Ncbsc
Num 4:33	אִֽיתָמָ֔ר	385	HNp
Num 4:33	בֶּֽן	1121 a	HNcmsc
Num 4:33	אַהֲרֹ֖ן	175	HNp
Num 4:33	הַ/כֹּהֵֽן	d/3548	HTd/Ncmsa
Num 4:34	וַ/יִּפְקֹ֨ד	c/6485 a	HC/Vqw3ms
Num 4:34	מֹשֶׁ֧ה	4872	HNp
Num 4:34	וְ/אַהֲרֹ֛ן	c/175	HC/Np
Num 4:34	וּ/נְשִׂיאֵ֥י	c/5387 a	HC/Ncmpc
Num 4:34	הָ/עֵדָ֖ה	d/5712	HTd/Ncfsa
Num 4:34	אֶת	853	HTo
Num 4:34	בְּנֵ֣י	1121 a	HNcmpc
Num 4:34	הַ/קְּהָתִ֑י	d/6956	HTd/Ngmsa
Num 4:34	לְ/מִשְׁפְּחֹתָ֖/ם	l/4940	HR/Ncfpc/Sp3mp
Num 4:34	וּ/לְ/בֵ֥ית	c/l/1004 b	HC/R/Ncmsc
Num 4:34	אֲבֹתָֽ/ם	1	HNcmpc/Sp3mp
Num 4:35	מִ/בֶּ֨ן	m/1121 a	HR/Ncmsc
Num 4:35	שְׁלֹשִׁ֤ים	7970	HAcbpa
Num 4:35	שָׁנָה֙	8141	HNcfsa
Num 4:35	וָ/מַ֔עְלָ/ה	c/4605	HC/D/Sd
Num 4:35	וְ/עַ֖ד	c/5704	HC/R
Num 4:35	בֶּן	1121 a	HNcmsc
Num 4:35	חֲמִשִּׁ֣ים	2572	HAcbpa
Num 4:35	שָׁנָ֑ה	8141	HNcfsa
Num 4:35	כָּל	3605	HNcmsc
Num 4:35	הַ/בָּא֙	d/935	HTd/Vqrmsa
Num 4:35	לַ/צָּבָ֔א	l/6635 a	HRd/Ncbsa
Num 4:35	לַ/עֲבֹדָ֖ה	l/5656	HR/Ncfsa
Num 4:35	בְּ/אֹ֥הֶל	b/168	HR/Ncmsc
Num 4:35	מוֹעֵֽד	4150	HNcmsa
Num 4:36	וַ/יִּהְי֥וּ	c/1961	HC/Vqw3mp
Num 4:36	פְקֻדֵי/הֶ֖ם	6485 a	HVqsmpc/Sp3mp
Num 4:36	לְ/מִשְׁפְּחֹתָ֑/ם	l/4940	HR/Ncfpc/Sp3mp
Num 4:36	אַלְפַּ֕יִם	505	HAcbpa
Num 4:36	שְׁבַ֥ע	7651	HAcfsa
Num 4:36	מֵא֖וֹת	3967	HAcbpa
Num 4:36	וַ/חֲמִשִּֽׁים	c/2572	HC/Acbpa
Num 4:37	אֵ֤לֶּה	428	HPdxcp
Num 4:37	פְקוּדֵי֙	6485 a	HVqsmpc
Num 4:37	מִשְׁפְּחֹ֣ת	4940	HNcfpc
Num 4:37	הַ/קְּהָתִ֔י	d/6956	HTd/Ngmsa
Num 4:37	כָּל	3605	HNcmsc
Num 4:37	הָ/עֹבֵ֖ד	d/5647	HTd/Vqrmsa
Num 4:37	בְּ/אֹ֣הֶל	b/168	HR/Ncmsc
Num 4:37	מוֹעֵ֑ד	4150	HNcmsa
Num 4:37	אֲשֶׁ֨ר	834 a	HTr
Num 4:37	פָּקַ֤ד	6485 a	HVqp3ms
Num 4:37	מֹשֶׁה֙	4872	HNp
Num 4:37	וְ/אַהֲרֹ֔ן	c/175	HC/Np
Num 4:37	עַל	5921 a	HR
Num 4:37	פִּ֥י	6310	HNcmsc
Num 4:37	יְהוָ֖ה	3068	HNp
Num 4:37	בְּ/יַד	b/3027	HR/Ncbsc
Num 4:37	מֹשֶֽׁה	4872	HNp
Num 4:38	וּ/פְקוּדֵ֖י	c/6485 a	HC/Vqsmpc
Num 4:38	בְּנֵ֣י	1121 a	HNcmpc
Num 4:38	גֵרְשׁ֑וֹן	1648	HNp
Num 4:38	לְ/מִשְׁפְּחוֹתָ֖/ם	l/4940	HR/Ncfpc/Sp3mp
Num 4:38	וּ/לְ/בֵ֥ית	c/l/1004 b	HC/R/Ncmsc
Num 4:38	אֲבֹתָֽ/ם	1	HNcmpc/Sp3mp
Num 4:39	מִ/בֶּ֨ן	m/1121 a	HR/Ncmsc
Num 4:39	שְׁלֹשִׁ֤ים	7970	HAcbpa
Num 4:39	שָׁנָה֙	8141	HNcfsa
Num 4:39	וָ/מַ֔עְלָ/ה	c/4605	HC/D/Sd
Num 4:39	וְ/עַ֖ד	c/5704	HC/R
Num 4:39	בֶּן	1121 a	HNcmsc
Num 4:39	חֲמִשִּׁ֣ים	2572	HAcbpa
Num 4:39	שָׁנָ֑ה	8141	HNcfsa
Num 4:39	כָּל	3605	HNcmsc
Num 4:39	הַ/בָּא֙	d/935	HTd/Vqrmsa
Num 4:39	לַ/צָּבָ֔א	l/6635 a	HRd/Ncbsa
Num 4:39	לַ/עֲבֹדָ֖ה	l/5656	HR/Ncfsa
Num 4:39	בְּ/אֹ֥הֶל	b/168	HR/Ncmsc
Num 4:39	מוֹעֵֽד	4150	HNcmsa
Num 4:40	וַ/יִּֽהְיוּ֙	c/1961	HC/Vqw3mp
Num 4:40	פְּקֻ֣דֵי/הֶ֔ם	6485 a	HVqsmpc/Sp3mp
Num 4:40	לְ/מִשְׁפְּחֹתָ֖/ם	l/4940	HR/Ncfpc/Sp3mp
Num 4:40	לְ/בֵ֣ית	l/1004 b	HR/Ncmsc
Num 4:40	אֲבֹתָ֑/ם	1	HNcmpc/Sp3mp
Num 4:40	אַלְפַּ֕יִם	505	HAcbpa
Num 4:40	וְ/שֵׁ֥שׁ	c/8337	HC/Acfsa
Num 4:40	מֵא֖וֹת	3967	HAcbpa
Num 4:40	וּ/שְׁלֹשִֽׁים	c/7970	HC/Acbpa
Num 4:41	אֵ֣לֶּה	428	HPdxcp
Num 4:41	פְקוּדֵ֗י	6485 a	HVqsmpc
Num 4:41	מִשְׁפְּחֹת֙	4940	HNcfpc
Num 4:41	בְּנֵ֣י	1121 a	HNcmpc
Num 4:41	גֵרְשׁ֔וֹן	1648	HNp
Num 4:41	כָּל	3605	HNcmsc
Num 4:41	הָ/עֹבֵ֖ד	d/5647	HTd/Vqrmsa
Num 4:41	בְּ/אֹ֣הֶל	b/168	HR/Ncmsc
Num 4:41	מוֹעֵ֑ד	4150	HNcmsa
Num 4:41	אֲשֶׁ֨ר	834 a	HTr
Num 4:41	פָּקַ֥ד	6485 a	HVqp3ms
Num 4:41	מֹשֶׁ֛ה	4872	HNp
Num 4:41	וְ/אַהֲרֹ֖ן	c/175	HC/Np
Num 4:41	עַל	5921 a	HR
Num 4:41	פִּ֥י	6310	HNcmsc
Num 4:41	יְהוָֽה	3068	HNp
Num 4:42	וּ/פְקוּדֵ֕י	c/6485 a	HC/Vqsmpc
Num 4:42	מִשְׁפְּחֹ֖ת	4940	HNcfpc
Num 4:42	בְּנֵ֣י	1121 a	HNcmpc
Num 4:42	מְרָרִ֑י	4847	HNp
Num 4:42	לְ/מִשְׁפְּחֹתָ֖/ם	l/4940	HR/Ncfpc/Sp3mp
Num 4:42	לְ/בֵ֥ית	l/1004 b	HR/Ncmsc
Num 4:42	אֲבֹתָֽ/ם	1	HNcmpc/Sp3mp
Num 4:43	מִ/בֶּ֨ן	m/1121 a	HR/Ncmsc
Num 4:43	שְׁלֹשִׁ֤ים	7970	HAcbpa
Num 4:43	שָׁנָה֙	8141	HNcfsa
Num 4:43	וָ/מַ֔עְלָ/ה	c/4605	HC/D/Sd
Num 4:43	וְ/עַ֖ד	c/5704	HC/R
Num 4:43	בֶּן	1121 a	HNcmsc
Num 4:43	חֲמִשִּׁ֣ים	2572	HAcbpa
Num 4:43	שָׁנָ֑ה	8141	HNcfsa
Num 4:43	כָּל	3605	HNcmsc
Num 4:43	הַ/בָּא֙	d/935	HTd/Vqrmsa
Num 4:43	לַ/צָּבָ֔א	l/6635 a	HRd/Ncbsa
Num 4:43	לַ/עֲבֹדָ֖ה	l/5656	HR/Ncfsa
Num 4:43	בְּ/אֹ֥הֶל	b/168	HR/Ncmsc
Num 4:43	מוֹעֵֽד	4150	HNcmsa
Num 4:44	וַ/יִּהְי֥וּ	c/1961	HC/Vqw3mp
Num 4:44	פְקֻדֵי/הֶ֖ם	6485 a	HVqsmpc/Sp3mp
Num 4:44	לְ/מִשְׁפְּחֹתָ֑/ם	l/4940	HR/Ncfpc/Sp3mp
Num 4:44	שְׁלֹ֥שֶׁת	7969	HAcmsc
Num 4:44	אֲלָפִ֖ים	505	HAcbpa
Num 4:44	וּ/מָאתָֽיִם	c/3967	HC/Acbda
Num 4:45	אֵ֣לֶּה	428	HPdxcp
Num 4:45	פְקוּדֵ֔י	6485 a	HVqsmpc
Num 4:45	מִשְׁפְּחֹ֖ת	4940	HNcfpc
Num 4:45	בְּנֵ֣י	1121 a	HNcmpc
Num 4:45	מְרָרִ֑י	4847	HNp
Num 4:45	אֲשֶׁ֨ר	834 a	HTr
Num 4:45	פָּקַ֤ד	6485 a	HVqp3ms
Num 4:45	מֹשֶׁה֙	4872	HNp
Num 4:45	וְ/אַהֲרֹ֔ן	c/175	HC/Np
Num 4:45	עַל	5921 a	HR
Num 4:45	פִּ֥י	6310	HNcmsc
Num 4:45	יְהוָ֖ה	3068	HNp
Num 4:45	בְּ/יַד	b/3027	HR/Ncbsc
Num 4:45	מֹשֶֽׁה	4872	HNp
Num 4:46	כָּֽל	3605	HNcmsc
Num 4:46	הַ/פְּקֻדִ֡ים	d/6485 a	HTd/Vqsmpa
Num 4:46	אֲשֶׁר֩	834 a	HTr
Num 4:46	פָּקַ֨ד	6485 a	HVqp3ms
Num 4:46	מֹשֶׁ֧ה	4872	HNp
Num 4:46	וְ/אַהֲרֹ֛ן	c/175	HC/Np
Num 4:46	וּ/נְשִׂיאֵ֥י	c/5387 a	HC/Ncmpc
Num 4:46	יִשְׂרָאֵ֖ל	3478	HNp
Num 4:46	אֶת	853	HTo
Num 4:46	הַ/לְוִיִּ֑ם	d/3881	HTd/Ngmpa
Num 4:46	לְ/מִשְׁפְּחֹתָ֖/ם	l/4940	HR/Ncfpc/Sp3mp
Num 4:46	וּ/לְ/בֵ֥ית	c/l/1004 b	HC/R/Ncmsc
Num 4:46	אֲבֹתָֽ/ם	1	HNcmpc/Sp3mp
Num 4:47	מִ/בֶּ֨ן	m/1121 a	HR/Ncmsc
Num 4:47	שְׁלֹשִׁ֤ים	7970	HAcbpa
Num 4:47	שָׁנָה֙	8141	HNcfsa
Num 4:47	וָ/מַ֔עְלָ/ה	c/4605	HC/D/Sd
Num 4:47	וְ/עַ֖ד	c/5704	HC/R
Num 4:47	בֶּן	1121 a	HNcmsc
Num 4:47	חֲמִשִּׁ֣ים	2572	HAcbpa
Num 4:47	שָׁנָ֑ה	8141	HNcfsa
Num 4:47	כָּל	3605	HNcmsc
Num 4:47	הַ/בָּ֗א	d/935	HTd/Vqrmsa
Num 4:47	לַ/עֲבֹ֨ד	l/5647	HR/Vqc
Num 4:47	עֲבֹדַ֧ת	5656	HNcfsc
Num 4:47	עֲבֹדָ֛ה	5656	HNcfsa
Num 4:47	וַ/עֲבֹדַ֥ת	c/5656	HC/Ncfsc
Num 4:47	מַשָּׂ֖א	4853 a	HNcmsa
Num 4:47	בְּ/אֹ֥הֶל	b/168	HR/Ncmsc
Num 4:47	מוֹעֵֽד	4150	HNcmsa
Num 4:48	וַ/יִּהְי֖וּ	c/1961	HC/Vqw3mp
Num 4:48	פְּקֻדֵי/הֶ֑ם	6485 a	HVqsmpc/Sp3mp
Num 4:48	שְׁמֹנַ֣ת	8083	HAcmsc
Num 4:48	אֲלָפִ֔ים	505	HAcbpa
Num 4:48	וַ/חֲמֵ֥שׁ	c/2568	HC/Acfsa
Num 4:48	מֵא֖וֹת	3967	HAcbpa
Num 4:48	וּ/שְׁמֹנִֽים	c/8084	HC/Acbpa
Num 4:49	עַל	5921 a	HR
Num 4:49	פִּ֨י	6310	HNcmsc
Num 4:49	יְהוָ֜ה	3068	HNp
Num 4:49	פָּקַ֤ד	6485 a	HVqp3ms
Num 4:49	אוֹתָ/ם֙	853	HTo/Sp3mp
Num 4:49	בְּ/יַד	b/3027	HR/Ncbsc
Num 4:49	מֹשֶׁ֔ה	4872	HNp
Num 4:49	אִ֥ישׁ	376	HNcmsa
Num 4:49	אִ֛ישׁ	376	HNcmsa
Num 4:49	עַל	5921 a	HR
Num 4:49	עֲבֹדָת֖/וֹ	5656	HNcfsc/Sp3ms
Num 4:49	וְ/עַל	c/5921 a	HC/R
Num 4:49	מַשָּׂא֑/וֹ	4853 a	HNcmsc/Sp3ms
Num 4:49	וּ/פְקֻדָ֕י/ו	c/6485 a	HC/Vqsmpc/Sp3ms
Num 4:49	אֲשֶׁר	834 a	HTr
Num 4:49	צִוָּ֥ה	6680	HVpp3ms
Num 4:49	יְהוָ֖ה	3068	HNp
Num 4:49	אֶת	853	HTo
Num 4:49	מֹשֶֽׁה	4872	HNp
Num 5:1	וַ/יְדַבֵּ֥ר	c/1696	HC/Vpw3ms
Num 5:1	יְהוָ֖ה	3068	HNp
Num 5:1	אֶל	413	HR
Num 5:1	מֹשֶׁ֥ה	4872	HNp
Num 5:1	לֵּ/אמֹֽר	l/559	HR/Vqc
Num 5:2	צַ֚ו	6680	HVpv2ms
Num 5:2	אֶת	853	HTo
Num 5:2	בְּנֵ֣י	1121 a	HNcmpc
Num 5:2	יִשְׂרָאֵ֔ל	3478	HNp
Num 5:2	וִֽ/ישַׁלְּחוּ֙	c/7971	HC/Vpi3mp
Num 5:2	מִן	4480 a	HR
Num 5:2	הַֽ/מַּחֲנֶ֔ה	d/4264	HTd/Ncbsa
Num 5:2	כָּל	3605	HNcmsc
Num 5:2	צָר֖וּעַ	6879	HVqsmsa
Num 5:2	וְ/כָל	c/3605	HC/Ncmsc
Num 5:2	זָ֑ב	2100	HVqrmsa
Num 5:2	וְ/כֹ֖ל	c/3605	HC/Ncmsa
Num 5:2	טָמֵ֥א	2931	HAamsa
Num 5:2	לָ/נָֽפֶשׁ	l/5315	HR/Ncbsa
Num 5:3	מִ/זָּכָ֤ר	m/2145	HR/Ncmsa
Num 5:3	עַד	5704	HR
Num 5:3	נְקֵבָה֙	5347	HNcfsa
Num 5:3	תְּשַׁלֵּ֔חוּ	7971	HVpi2mp
Num 5:3	אֶל	413	HR
Num 5:3	מִ/ח֥וּץ	m/2351	HR/Ncmsa
Num 5:3	לַֽ/מַּחֲנֶ֖ה	l/4264	HRd/Ncbsa
Num 5:3	תְּשַׁלְּח֑וּ/ם	7971	HVpi2mp/Sp3mp
Num 5:3	וְ/לֹ֤א	c/3808	HC/Tn
Num 5:3	יְטַמְּאוּ֙	2930 a	HVpi3mp
Num 5:3	אֶת	853	HTo
Num 5:3	מַ֣חֲנֵי/הֶ֔ם	4264	HNcbpc/Sp3mp
Num 5:3	אֲשֶׁ֥ר	834 a	HTr
Num 5:3	אֲנִ֖י	589	HPp1cs
Num 5:3	שֹׁכֵ֥ן	7931	HVqrmsa
Num 5:3	בְּ/תוֹכָֽ/ם	b/8432	HR/Ncmsc/Sp3mp
Num 5:4	וַ/יַּֽעֲשׂוּ	c/6213 a	HC/Vqw3mp
Num 5:4	כֵן֙	3651 c	HD
Num 5:4	בְּנֵ֣י	1121 a	HNcmpc
Num 5:4	יִשְׂרָאֵ֔ל	3478	HNp
Num 5:4	וַ/יְשַׁלְּח֣וּ	c/7971	HC/Vpw3mp
Num 5:4	אוֹתָ֔/ם	853	HTo/Sp3mp
Num 5:4	אֶל	413	HR
Num 5:4	מִ/ח֖וּץ	m/2351	HR/Ncmsa
Num 5:4	לַֽ/מַּחֲנֶ֑ה	l/4264	HRd/Ncbsa
Num 5:4	כַּ/אֲשֶׁ֨ר	k/834 d	HR/Tr
Num 5:4	דִּבֶּ֤ר	1696	HVpp3ms
Num 5:4	יְהוָה֙	3068	HNp
Num 5:4	אֶל	413	HR
Num 5:4	מֹשֶׁ֔ה	4872	HNp
Num 5:4	כֵּ֥ן	3651 c	HTm
Num 5:4	עָשׂ֖וּ	6213 a	HVqp3cp
Num 5:4	בְּנֵ֥י	1121 a	HNcmpc
Num 5:4	יִשְׂרָאֵֽל	3478	HNp
Num 5:5	וַ/יְדַבֵּ֥ר	c/1696	HC/Vpw3ms
Num 5:5	יְהוָ֖ה	3068	HNp
Num 5:5	אֶל	413	HR
Num 5:5	מֹשֶׁ֥ה	4872	HNp
Num 5:5	לֵּ/אמֹֽר	l/559	HR/Vqc
Num 5:6	דַּבֵּר֮	1696	HVpv2ms
Num 5:6	אֶל	413	HR
Num 5:6	בְּנֵ֣י	1121 a	HNcmpc
Num 5:6	יִשְׂרָאֵל֒	3478	HNp
Num 5:6	אִ֣ישׁ	376	HNcmsa
Num 5:6	אֽוֹ	176 a	HC
Num 5:6	אִשָּׁ֗ה	802	HNcfsa
Num 5:6	כִּ֤י	3588 a	HC
Num 5:6	יַעֲשׂוּ֙	6213 a	HVqi3mp
Num 5:6	מִ/כָּל	m/3605	HR/Ncmsc
Num 5:6	חַטֹּ֣את	2403 b	HNcfpc
Num 5:6	הָֽ/אָדָ֔ם	d/120	HTd/Ncmsa
Num 5:6	לִ/מְעֹ֥ל	l/4603	HR/Vqc
Num 5:6	מַ֖עַל	4604	HNcmsa
Num 5:6	בַּ/יהוָ֑ה	b/3068	HR/Np
Num 5:6	וְ/אָֽשְׁמָ֖ה	c/816	HC/Vqp3fs
Num 5:6	הַ/נֶּ֥פֶשׁ	d/5315	HTd/Ncbsa
Num 5:6	הַ/הִֽוא	d/1931	HTd/Pp3fs
Num 5:7	וְ/הִתְוַדּ֗וּ	c/3034	HC/Vtq3cp
Num 5:7	אֶֽת	853	HTo
Num 5:7	חַטָּאתָ/ם֮	2403 b	HNcfsc/Sp3mp
Num 5:7	אֲשֶׁ֣ר	834 a	HTr
Num 5:7	עָשׂוּ֒	6213 a	HVqp3cp
Num 5:7	וְ/הֵשִׁ֤יב	c/7725	HC/Vhq3ms
Num 5:7	אֶת	853	HTo
Num 5:7	אֲשָׁמ/וֹ֙	817	HNcmsc/Sp3ms
Num 5:7	בְּ/רֹאשׁ֔/וֹ	b/7218 a	HR/Ncmsc/Sp3ms
Num 5:7	וַ/חֲמִישִׁת֖/וֹ	c/2549	HC/Ncfsc/Sp3ms
Num 5:7	יֹסֵ֣ף	3254	HVhi3ms
Num 5:7	עָלָ֑י/ו	5921 a	HR/Sp3ms
Num 5:7	וְ/נָתַ֕ן	c/5414	HC/Vqq3ms
Num 5:7	לַ/אֲשֶׁ֖ר	l/834 a	HR/Tr
Num 5:7	אָשַׁ֥ם	816	HVqp3ms
Num 5:7	לֽ/וֹ	l	HR/Sp3ms
Num 5:8	וְ/אִם	c/518 a	HC/C
Num 5:8	אֵ֨ין	369	HTn
Num 5:8	לָ/אִ֜ישׁ	l/376	HRd/Ncmsa
Num 5:8	גֹּאֵ֗ל	1350 a	HVqrmsa
Num 5:8	לְ/הָשִׁ֤יב	l/7725	HR/Vhc
Num 5:8	הָ/אָשָׁם֙	d/817	HTd/Ncmsa
Num 5:8	אֵלָ֔י/ו	413	HR/Sp3ms
Num 5:8	הָ/אָשָׁ֛ם	d/817	HTd/Ncmsa
Num 5:8	הַ/מּוּשָׁ֥ב	d/7725	HTd/VHsmsa
Num 5:8	לַ/יהוָ֖ה	l/3068	HR/Np
Num 5:8	לַ/כֹּהֵ֑ן	l/3548	HRd/Ncmsa
Num 5:8	מִ/לְּ/בַ֗ד	m/l/905	HR/R/Ncmsc
Num 5:8	אֵ֚יל	352 a	HNcmsc
Num 5:8	הַ/כִּפֻּרִ֔ים	d/3725	HTd/Ncmpa
Num 5:8	אֲשֶׁ֥ר	834 a	HTr
Num 5:8	יְכַפֶּר	3722 a	HVpi3ms
Num 5:8	בּ֖/וֹ	b	HR/Sp3ms
Num 5:8	עָלָֽי/ו	5921 a	HR/Sp3ms
Num 5:9	וְ/כָל	c/3605	HC/Ncmsc
Num 5:9	תְּרוּמָ֞ה	8641	HNcfsa
Num 5:9	לְ/כָל	l/3605	HR/Ncmsc
Num 5:9	קָדְשֵׁ֧י	6944	HNcmpc
Num 5:9	בְנֵי	1121 a	HNcmpc
Num 5:9	יִשְׂרָאֵ֛ל	3478	HNp
Num 5:9	אֲשֶׁר	834 a	HTr
Num 5:9	יַקְרִ֥יבוּ	7126	HVhi3mp
Num 5:9	לַ/כֹּהֵ֖ן	l/3548	HRd/Ncmsa
Num 5:9	ל֥/וֹ	l	HR/Sp3ms
Num 5:9	יִהְיֶֽה	1961	HVqi3ms
Num 5:10	וְ/אִ֥ישׁ	c/376	HC/Ncmsa
Num 5:10	אֶת	853	HTo
Num 5:10	קֳדָשָׁ֖י/ו	6944	HNcmpc/Sp3ms
Num 5:10	ל֣/וֹ	l	HR/Sp3ms
Num 5:10	יִהְי֑וּ	1961	HVqi3mp
Num 5:10	אִ֛ישׁ	376	HNcmsa
Num 5:10	אֲשֶׁר	834 a	HTr
Num 5:10	יִתֵּ֥ן	5414	HVqi3ms
Num 5:10	לַ/כֹּהֵ֖ן	l/3548	HRd/Ncmsa
Num 5:10	ל֥/וֹ	l	HR/Sp3ms
Num 5:10	יִהְיֶֽה	1961	HVqi3ms
Num 5:11	וַ/יְדַבֵּ֥ר	c/1696	HC/Vpw3ms
Num 5:11	יְהוָ֖ה	3068	HNp
Num 5:11	אֶל	413	HR
Num 5:11	מֹשֶׁ֥ה	4872	HNp
Num 5:11	לֵּ/אמֹֽר	l/559	HR/Vqc
Num 5:12	דַּבֵּר֙	1696	HVpv2ms
Num 5:12	אֶל	413	HR
Num 5:12	בְּנֵ֣י	1121 a	HNcmpc
Num 5:12	יִשְׂרָאֵ֔ל	3478	HNp
Num 5:12	וְ/אָמַרְתָּ֖	c/559	HC/Vqq2ms
Num 5:12	אֲלֵ/הֶ֑ם	413	HR/Sp3mp
Num 5:12	אִ֥ישׁ	376	HNcmsa
Num 5:12	אִישׁ֙	376	HNcmsa
Num 5:12	כִּֽי	3588 a	HC
Num 5:12	תִשְׂטֶ֣ה	7847	HVqi3fs
Num 5:12	אִשְׁתּ֔/וֹ	802	HNcfsc/Sp3ms
Num 5:12	וּ/מָעֲלָ֥ה	c/4603	HC/Vqq3fs
Num 5:12	ב֖/וֹ	b	HR/Sp3ms
Num 5:12	מָֽעַל	4604	HNcmsa
Num 5:13	וְ/שָׁכַ֨ב	c/7901	HC/Vqq3ms
Num 5:13	אִ֣ישׁ	376	HNcmsa
Num 5:13	אֹתָ/הּ֮	853	HTo/Sp3fs
Num 5:13	שִׁכְבַת	7902	HNcfsc
Num 5:13	זֶרַע֒	2233	HNcmsa
Num 5:13	וְ/נֶעְלַם֙	c/5956	HC/VNq3ms
Num 5:13	מֵ/עֵינֵ֣י	m/5869 a	HR/Ncbdc
Num 5:13	אִישָׁ֔/הּ	376	HNcmsc/Sp3fs
Num 5:13	וְ/נִסְתְּרָ֖ה	c/5641	HC/VNq3fs
Num 5:13	וְ/הִ֣יא	c/1931	HC/Pp3fs
Num 5:13	נִטְמָ֑אָה	2930 a	HVNp3fs
Num 5:13	וְ/עֵד֙	c/5707	HC/Ncmsa
Num 5:13	אֵ֣ין	369	HTn
Num 5:13	בָּ֔/הּ	b	HR/Sp3fs
Num 5:13	וְ/הִ֖וא	c/1931	HC/Pp3fs
Num 5:13	לֹ֥א	3808	HTn
Num 5:13	נִתְפָּֽשָׂה	8610	HVNp3fs
Num 5:14	וְ/עָבַ֨ר	c/5674 a	HC/Vqp3ms
Num 5:14	עָלָ֧י/ו	5921 a	HR/Sp3ms
Num 5:14	רֽוּחַ	7307	HNcbsc
Num 5:14	קִנְאָ֛ה	7068	HNcfsa
Num 5:14	וְ/קִנֵּ֥א	c/7065	HC/Vpp3ms
Num 5:14	אֶת	853	HTo
Num 5:14	אִשְׁתּ֖/וֹ	802	HNcfsc/Sp3ms
Num 5:14	וְ/הִ֣וא	c/1931	HC/Pp3fs
Num 5:14	נִטְמָ֑אָה	2930 a	HVNp3fs
Num 5:14	אוֹ	176 a	HC
Num 5:14	עָבַ֨ר	5674 a	HVqp3ms
Num 5:14	עָלָ֤י/ו	5921 a	HR/Sp3ms
Num 5:14	רֽוּחַ	7307	HNcbsc
Num 5:14	קִנְאָה֙	7068	HNcfsa
Num 5:14	וְ/קִנֵּ֣א	c/7065	HC/Vpp3ms
Num 5:14	אֶת	853	HTo
Num 5:14	אִשְׁתּ֔/וֹ	802	HNcfsc/Sp3ms
Num 5:14	וְ/הִ֖יא	c/1931	HC/Pp3fs
Num 5:14	לֹ֥א	3808	HTn
Num 5:14	נִטְמָֽאָה	2930 a	HVNp3fs
Num 5:15	וְ/הֵבִ֨יא	c/935	HC/Vhq3ms
Num 5:15	הָ/אִ֣ישׁ	d/376	HTd/Ncmsa
Num 5:15	אֶת	853	HTo
Num 5:15	אִשְׁתּ/וֹ֮	802	HNcfsc/Sp3ms
Num 5:15	אֶל	413	HR
Num 5:15	הַ/כֹּהֵן֒	d/3548	HTd/Ncmsa
Num 5:15	וְ/הֵבִ֤יא	c/935	HC/Vhq3ms
Num 5:15	אֶת	853	HTo
Num 5:15	קָרְבָּנָ/הּ֙	7133 a	HNcmsc/Sp3fs
Num 5:15	עָלֶ֔י/הָ	5921 a	HR/Sp3fs
Num 5:15	עֲשִׂירִ֥ת	6224	HAofsc
Num 5:15	הָ/אֵיפָ֖ה	d/374	HTd/Ncfsa
Num 5:15	קֶ֣מַח	7058	HNcmsc
Num 5:15	שְׂעֹרִ֑ים	8184	HNcfpa
Num 5:15	לֹֽא	3808	HTn
Num 5:15	יִצֹ֨ק	3332	HVqi3ms
Num 5:15	עָלָ֜י/ו	5921 a	HR/Sp3ms
Num 5:15	שֶׁ֗מֶן	8081	HNcmsa
Num 5:15	וְ/לֹֽא	c/3808	HC/Tn
Num 5:15	יִתֵּ֤ן	5414	HVqi3ms
Num 5:15	עָלָי/ו֙	5921 a	HR/Sp3ms
Num 5:15	לְבֹנָ֔ה	3828	HNcfsa
Num 5:15	כִּֽי	3588 a	HC
Num 5:15	מִנְחַ֤ת	4503	HNcfsc
Num 5:15	קְנָאֹת֙	7068	HNcfpa
Num 5:15	ה֔וּא	1931	HPp3ms
Num 5:15	מִנְחַ֥ת	4503	HNcfsc
Num 5:15	זִכָּר֖וֹן	2146	HNcmsa
Num 5:15	מַזְכֶּ֥רֶת	2142	HVhrfsa
Num 5:15	עָוֺֽן	5771	HNcbsa
Num 5:16	וְ/הִקְרִ֥יב	c/7126	HC/Vhq3ms
Num 5:16	אֹתָ֖/הּ	853	HTo/Sp3fs
Num 5:16	הַ/כֹּהֵ֑ן	d/3548	HTd/Ncmsa
Num 5:16	וְ/הֶֽעֱמִדָ֖/הּ	c/5975	HC/Vhq3ms/Sp3fs
Num 5:16	לִ/פְנֵ֥י	l/6440	HR/Ncbpc
Num 5:16	יְהוָֽה	3068	HNp
Num 5:17	וְ/לָקַ֧ח	c/3947	HC/Vqq3ms
Num 5:17	הַ/כֹּהֵ֛ן	d/3548	HTd/Ncmsa
Num 5:17	מַ֥יִם	4325	HNcmpa
Num 5:17	קְדֹשִׁ֖ים	6918	HAampa
Num 5:17	בִּ/כְלִי	b/3627	HR/Ncmsc
Num 5:17	חָ֑רֶשׂ	2789	HNcmsa
Num 5:17	וּ/מִן	c/4480 a	HC/R
Num 5:17	הֶֽ/עָפָ֗ר	d/6083	HTd/Ncmsa
Num 5:17	אֲשֶׁ֤ר	834 a	HTr
Num 5:17	יִהְיֶה֙	1961	HVqi3ms
Num 5:17	בְּ/קַרְקַ֣ע	b/7172	HR/Ncmsc
Num 5:17	הַ/מִּשְׁכָּ֔ן	d/4908	HTd/Ncmsa
Num 5:17	יִקַּ֥ח	3947	HVqi3ms
Num 5:17	הַ/כֹּהֵ֖ן	d/3548	HTd/Ncmsa
Num 5:17	וְ/נָתַ֥ן	c/5414	HC/Vqq3ms
Num 5:17	אֶל	413	HR
Num 5:17	הַ/מָּֽיִם	d/4325	HTd/Ncmpa
Num 5:18	וְ/הֶעֱמִ֨יד	c/5975	HC/Vhq3ms
Num 5:18	הַ/כֹּהֵ֥ן	d/3548	HTd/Ncmsa
Num 5:18	אֶֽת	853	HTo
Num 5:18	הָ/אִשָּׁה֮	d/802	HTd/Ncfsa
Num 5:18	לִ/פְנֵ֣י	l/6440	HR/Ncbpc
Num 5:18	יְהוָה֒	3068	HNp
Num 5:18	וּ/פָרַע֙	c/6544 b	HC/Vqq3ms
Num 5:18	אֶת	853	HTo
Num 5:18	רֹ֣אשׁ	7218 a	HNcmsc
Num 5:18	הָֽ/אִשָּׁ֔ה	d/802	HTd/Ncfsa
Num 5:18	וְ/נָתַ֣ן	c/5414	HC/Vqq3ms
Num 5:18	עַל	5921 a	HR
Num 5:18	כַּפֶּ֗י/הָ	3709	HNcfdc/Sp3fs
Num 5:18	אֵ֚ת	853	HTo
Num 5:18	מִנְחַ֣ת	4503	HNcfsc
Num 5:18	הַ/זִּכָּר֔וֹן	d/2146	HTd/Ncmsa
Num 5:18	מִנְחַ֥ת	4503	HNcfsc
Num 5:18	קְנָאֹ֖ת	7068	HNcfpa
Num 5:18	הִ֑וא	1931	HPp3fs
Num 5:18	וּ/בְ/יַ֤ד	c/b/3027	HC/R/Ncbsc
Num 5:18	הַ/כֹּהֵן֙	d/3548	HTd/Ncmsa
Num 5:18	יִהְי֔וּ	1961	HVqi3mp
Num 5:18	מֵ֥י	4325	HNcmpc
Num 5:18	הַ/מָּרִ֖ים	d/4751	HTd/Aampa
Num 5:18	הַ/מְאָֽרֲרִֽים	d/779	HTd/Vprmpa
Num 5:19	וְ/הִשְׁבִּ֨יעַ	c/7650	HC/Vhq3ms
Num 5:19	אֹתָ֜/הּ	853	HTo/Sp3fs
Num 5:19	הַ/כֹּהֵ֗ן	d/3548	HTd/Ncmsa
Num 5:19	וְ/אָמַ֤ר	c/559	HC/Vqq3ms
Num 5:19	אֶל	413	HR
Num 5:19	הָֽ/אִשָּׁה֙	d/802	HTd/Ncfsa
Num 5:19	אִם	518 a	HC
Num 5:19	לֹ֨א	3808	HTn
Num 5:19	שָׁכַ֥ב	7901	HVqp3ms
Num 5:19	אִישׁ֙	376	HNcmsa
Num 5:19	אֹתָ֔/ךְ	853	HTo/Sp2fs
Num 5:19	וְ/אִם	c/518 a	HC/C
Num 5:19	לֹ֥א	3808	HTn
Num 5:19	שָׂטִ֛ית	7847	HVqp2fs
Num 5:19	טֻמְאָ֖ה	2932	HNcfsa
Num 5:19	תַּ֣חַת	8478	HR
Num 5:19	אִישֵׁ֑/ךְ	376	HNcmsc/Sp2fs
Num 5:19	הִנָּקִ֕י	5352	HVNv2fs
Num 5:19	מִ/מֵּ֛י	m/4325	HR/Ncmpc
Num 5:19	הַ/מָּרִ֥ים	d/4751	HTd/Aampa
Num 5:19	הַֽ/מְאָרֲרִ֖ים	d/779	HTd/Vprmpa
Num 5:19	הָ/אֵֽלֶּה	d/428	HTd/Pdxcp
Num 5:20	וְ/אַ֗תְּ	c/859 c	HC/Pp2fs
Num 5:20	כִּ֥י	3588 a	HC
Num 5:20	שָׂטִ֛ית	7847	HVqp2fs
Num 5:20	תַּ֥חַת	8478	HR
Num 5:20	אִישֵׁ֖/ךְ	376	HNcmsc/Sp2fs
Num 5:20	וְ/כִ֣י	c/3588 a	HC/C
Num 5:20	נִטְמֵ֑את	2930 a	HVNp2fs
Num 5:20	וַ/יִּתֵּ֨ן	c/5414	HC/Vqw3ms
Num 5:20	אִ֥ישׁ	376	HNcmsa
Num 5:20	בָּ/ךְ֙	b	HR/Sp2fs
Num 5:20	אֶת	853	HTo
Num 5:20	שְׁכָבְתּ֔/וֹ	7903	HNcfsc/Sp3ms
Num 5:20	מִֽ/בַּלְעֲדֵ֖י	m/1107	HR/R
Num 5:20	אִישֵֽׁ/ךְ	376	HNcmsc/Sp2fs
Num 5:21	וְ/הִשְׁבִּ֨יעַ	c/7650	HC/Vhq3ms
Num 5:21	הַ/כֹּהֵ֥ן	d/3548	HTd/Ncmsa
Num 5:21	אֶֽת	853	HTo
Num 5:21	הָֽ/אִשָּׁה֮	d/802	HTd/Ncfsa
Num 5:21	בִּ/שְׁבֻעַ֣ת	b/7621	HR/Ncfsc
Num 5:21	הָ/אָלָה֒	d/423	HTd/Ncfsa
Num 5:21	וְ/אָמַ֤ר	c/559	HC/Vqq3ms
Num 5:21	הַ/כֹּהֵן֙	d/3548	HTd/Ncmsa
Num 5:21	לָֽ/אִשָּׁ֔ה	l/802	HRd/Ncfsa
Num 5:21	יִתֵּ֨ן	5414	HVqi3ms
Num 5:21	יְהוָ֥ה	3068	HNp
Num 5:21	אוֹתָ֛/ךְ	853	HTo/Sp2fs
Num 5:21	לְ/אָלָ֥ה	l/423	HR/Ncfsa
Num 5:21	וְ/לִ/שְׁבֻעָ֖ה	c/l/7621	HC/R/Ncfsa
Num 5:21	בְּ/ת֣וֹךְ	b/8432	HR/Ncmsc
Num 5:21	עַמֵּ֑/ךְ	5971 a	HNcmsc/Sp2fs
Num 5:21	בְּ/תֵ֨ת	b/5414	HR/Vqc
Num 5:21	יְהוָ֤ה	3068	HNp
Num 5:21	אֶת	853	HTo
Num 5:21	יְרֵכֵ/ךְ֙	3409	HNcfsc/Sp2fs
Num 5:21	נֹפֶ֔לֶת	5307	HVqrfsa
Num 5:21	וְ/אֶת	c/853	HC/To
Num 5:21	בִּטְנֵ֖/ךְ	990	HNcfsc/Sp2fs
Num 5:21	צָבָֽה	6639	HAafsa
Num 5:22	וּ֠/בָאוּ	c/935	HC/Vqq3cp
Num 5:22	הַ/מַּ֨יִם	d/4325	HTd/Ncmpa
Num 5:22	הַ/מְאָרְרִ֤ים	d/779	HTd/Vprmpa
Num 5:22	הָ/אֵ֨לֶּה֙	d/428	HTd/Pdxcp
Num 5:22	בְּֽ/מֵעַ֔יִ/ךְ	b/4578	HR/Ncmpc/Sp2fs
Num 5:22	לַ/צְבּ֥וֹת	l/6638	HR/Vhc
Num 5:22	בֶּ֖טֶן	990	HNcfsa
Num 5:22	וְ/לַ/נְפִּ֣ל	c/l/5307	HC/R/Vhc
Num 5:22	יָרֵ֑ךְ	3409	HNcfsa
Num 5:22	וְ/אָמְרָ֥ה	c/559	HC/Vqq3fs
Num 5:22	הָ/אִשָּׁ֖ה	d/802	HTd/Ncfsa
Num 5:22	אָמֵ֥ן	543	HD
Num 5:22	אָמֵֽן	543	HD
Num 5:23	וְ֠/כָתַב	c/3789	HC/Vqq3ms
Num 5:23	אֶת	853	HTo
Num 5:23	הָ/אָלֹ֥ת	d/423	HTd/Ncfpa
Num 5:23	הָ/אֵ֛לֶּה	d/428	HTd/Pdxcp
Num 5:23	הַ/כֹּהֵ֖ן	d/3548	HTd/Ncmsa
Num 5:23	בַּ/סֵּ֑פֶר	b/5612 a	HRd/Ncmsa
Num 5:23	וּ/מָחָ֖ה	c/4229 a	HC/Vqq3ms
Num 5:23	אֶל	413	HR
Num 5:23	מֵ֥י	4325	HNcmpc
Num 5:23	הַ/מָּרִֽים	d/4751	HTd/Aampa
Num 5:24	וְ/הִשְׁקָה֙	c/8248	HC/Vhq3ms
Num 5:24	אֶת	853	HTo
Num 5:24	הָ֣/אִשָּׁ֔ה	d/802	HTd/Ncfsa
Num 5:24	אֶת	853	HTo
Num 5:24	מֵ֥י	4325	HNcmpc
Num 5:24	הַ/מָּרִ֖ים	d/4751	HTd/Aampa
Num 5:24	הַ/מְאָֽרֲרִ֑ים	d/779	HTd/Vprmpa
Num 5:24	וּ/בָ֥אוּ	c/935	HC/Vqq3cp
Num 5:24	בָ֛/הּ	b	HR/Sp3fs
Num 5:24	הַ/מַּ֥יִם	d/4325	HTd/Ncmpa
Num 5:24	הַֽ/מְאָרֲרִ֖ים	d/779	HTd/Vprmpa
Num 5:24	לְ/מָרִֽים	l/4751	HR/Aampa
Num 5:25	וְ/לָקַ֤ח	c/3947	HC/Vqq3ms
Num 5:25	הַ/כֹּהֵן֙	d/3548	HTd/Ncmsa
Num 5:25	מִ/יַּ֣ד	m/3027	HR/Ncbsc
Num 5:25	הָֽ/אִשָּׁ֔ה	d/802	HTd/Ncfsa
Num 5:25	אֵ֖ת	853	HTo
Num 5:25	מִנְחַ֣ת	4503	HNcfsc
Num 5:25	הַ/קְּנָאֹ֑ת	d/7068	HTd/Ncfpa
Num 5:25	וְ/הֵנִ֤יף	c/5130 b	HC/Vhq3ms
Num 5:25	אֶת	853	HTo
Num 5:25	הַ/מִּנְחָה֙	d/4503	HTd/Ncfsa
Num 5:25	לִ/פְנֵ֣י	l/6440	HR/Ncbpc
Num 5:25	יְהוָ֔ה	3068	HNp
Num 5:25	וְ/הִקְרִ֥יב	c/7126	HC/Vhq3ms
Num 5:25	אֹתָ֖/הּ	853	HTo/Sp3fs
Num 5:25	אֶל	413	HR
Num 5:25	הַ/מִּזְבֵּֽחַ	d/4196	HTd/Ncmsa
Num 5:26	וְ/קָמַ֨ץ	c/7061	HC/Vqq3ms
Num 5:26	הַ/כֹּהֵ֤ן	d/3548	HTd/Ncmsa
Num 5:26	מִן	4480 a	HR
Num 5:26	הַ/מִּנְחָה֙	d/4503	HTd/Ncfsa
Num 5:26	אֶת	853	HTo
Num 5:26	אַזְכָּ֣רָתָ֔/הּ	234	HNcfsc/Sp3fs
Num 5:26	וְ/הִקְטִ֖יר	c/6999 a	HC/Vhq3ms
Num 5:26	הַ/מִּזְבֵּ֑חָ/ה	d/4196	HTd/Ncmsa/Sd
Num 5:26	וְ/אַחַ֛ר	c/310 a	HC/D
Num 5:26	יַשְׁקֶ֥ה	8248	HVhi3ms
Num 5:26	אֶת	853	HTo
Num 5:26	הָ/אִשָּׁ֖ה	d/802	HTd/Ncfsa
Num 5:26	אֶת	853	HTo
Num 5:26	הַ/מָּֽיִם	d/4325	HTd/Ncmpa
Num 5:27	וְ/הִשְׁקָ֣/הּ	c/8248	HC/Vhq3ms/Sp3fs
Num 5:27	אֶת	853	HTo
Num 5:27	הַ/מַּ֗יִם	d/4325	HTd/Ncmpa
Num 5:27	וְ/הָיְתָ֣ה	c/1961	HC/Vqq3fs
Num 5:27	אִֽם	518 a	HC
Num 5:27	נִטְמְאָה֮	2930 a	HVNp3fs
Num 5:27	וַ/תִּמְעֹ֣ל	c/4603	HC/Vqw3fs
Num 5:27	מַ֣עַל	4604	HNcmsa
Num 5:27	בְּ/אִישָׁ/הּ֒	b/376	HR/Ncmsc/Sp3fs
Num 5:27	וּ/בָ֨אוּ	c/935	HC/Vqq3cp
Num 5:27	בָ֜/הּ	b	HR/Sp3fs
Num 5:27	הַ/מַּ֤יִם	d/4325	HTd/Ncmpa
Num 5:27	הַ/מְאָֽרֲרִים֙	d/779	HTd/Vprmpa
Num 5:27	לְ/מָרִ֔ים	l/4751	HR/Aampa
Num 5:27	וְ/צָבְתָ֣ה	c/6638	HC/Vqq3fs
Num 5:27	בִטְנָ֔/הּ	990	HNcfsc/Sp3fs
Num 5:27	וְ/נָפְלָ֖ה	c/5307	HC/Vqq3fs
Num 5:27	יְרֵכָ֑/הּ	3409	HNcfsc/Sp3fs
Num 5:27	וְ/הָיְתָ֧ה	c/1961	HC/Vqq3fs
Num 5:27	הָ/אִשָּׁ֛ה	d/802	HTd/Ncfsa
Num 5:27	לְ/אָלָ֖ה	l/423	HR/Ncfsa
Num 5:27	בְּ/קֶ֥רֶב	b/7130	HR/Ncmsc
Num 5:27	עַמָּֽ/הּ	5971 a	HNcmsc/Sp3fs
Num 5:28	וְ/אִם	c/518 a	HC/C
Num 5:28	לֹ֤א	3808	HTn
Num 5:28	נִטְמְאָה֙	2930 a	HVNp3fs
Num 5:28	הָֽ/אִשָּׁ֔ה	d/802	HTd/Ncfsa
Num 5:28	וּ/טְהֹרָ֖ה	c/2889	HC/Aafsa
Num 5:28	הִ֑וא	1931	HPp3fs
Num 5:28	וְ/נִקְּתָ֖ה	c/5352	HC/VNq3fs
Num 5:28	וְ/נִזְרְעָ֥ה	c/2232	HC/VNq3fs
Num 5:28	זָֽרַע	2233	HNcmsa
Num 5:29	זֹ֥את	2063	HPdxfs
Num 5:29	תּוֹרַ֖ת	8451	HNcfsc
Num 5:29	הַ/קְּנָאֹ֑ת	d/7068	HTd/Ncfpa
Num 5:29	אֲשֶׁ֨ר	834 a	HTr
Num 5:29	תִּשְׂטֶ֥ה	7847	HVqi3fs
Num 5:29	אִשָּׁ֛ה	802	HNcfsa
Num 5:29	תַּ֥חַת	8478	HR
Num 5:29	אִישָׁ֖/הּ	376	HNcmsc/Sp3fs
Num 5:29	וְ/נִטְמָֽאָה	c/2930 a	HC/VNq3fs
Num 5:30	א֣וֹ	176 a	HC
Num 5:30	אִ֗ישׁ	376	HNcmsa
Num 5:30	אֲשֶׁ֨ר	834 a	HTr
Num 5:30	תַּעֲבֹ֥ר	5674 a	HVqi3fs
Num 5:30	עָלָ֛י/ו	5921 a	HR/Sp3ms
Num 5:30	ר֥וּחַ	7307	HNcbsc
Num 5:30	קִנְאָ֖ה	7068	HNcfsa
Num 5:30	וְ/קִנֵּ֣א	c/7065	HC/Vpq3ms
Num 5:30	אֶת	853	HTo
Num 5:30	אִשְׁתּ֑/וֹ	802	HNcfsc/Sp3ms
Num 5:30	וְ/הֶעֱמִ֤יד	c/5975	HC/Vhq3ms
Num 5:30	אֶת	853	HTo
Num 5:30	הָֽ/אִשָּׁה֙	d/802	HTd/Ncfsa
Num 5:30	לִ/פְנֵ֣י	l/6440	HR/Ncbpc
Num 5:30	יְהוָ֔ה	3068	HNp
Num 5:30	וְ/עָ֤שָׂה	c/6213 a	HC/Vqq3ms
Num 5:30	לָ/הּ֙	l	HR/Sp3fs
Num 5:30	הַ/כֹּהֵ֔ן	d/3548	HTd/Ncmsa
Num 5:30	אֵ֥ת	853	HTo
Num 5:30	כָּל	3605	HNcmsc
Num 5:30	הַ/תּוֹרָ֖ה	d/8451	HTd/Ncfsa
Num 5:30	הַ/זֹּֽאת	d/2063	HTd/Pdxfs
Num 5:31	וְ/נִקָּ֥ה	c/5352	HC/VNq3ms
Num 5:31	הָ/אִ֖ישׁ	d/376	HTd/Ncmsa
Num 5:31	מֵ/עָוֺ֑ן	m/5771	HR/Ncbsa
Num 5:31	וְ/הָ/אִשָּׁ֣ה	c/d/802	HC/Td/Ncfsa
Num 5:31	הַ/הִ֔וא	d/1931	HTd/Pp3fs
Num 5:31	תִּשָּׂ֖א	5375	HVqi3fs
Num 5:31	אֶת	853	HTo
Num 5:31	עֲוֺנָֽ/הּ	5771	HNcbsc/Sp3fs
Num 6:1	וַ/יְדַבֵּ֥ר	c/1696	HC/Vpw3ms
Num 6:1	יְהוָ֖ה	3068	HNp
Num 6:1	אֶל	413	HR
Num 6:1	מֹשֶׁ֥ה	4872	HNp
Num 6:1	לֵּ/אמֹֽר	l/559	HR/Vqc
Num 6:2	דַּבֵּר֙	1696	HVpv2ms
Num 6:2	אֶל	413	HR
Num 6:2	בְּנֵ֣י	1121 a	HNcmpc
Num 6:2	יִשְׂרָאֵ֔ל	3478	HNp
Num 6:2	וְ/אָמַרְתָּ֖	c/559	HC/Vqq2ms
Num 6:2	אֲלֵ/הֶ֑ם	413	HR/Sp3mp
Num 6:2	אִ֣ישׁ	376	HNcmsa
Num 6:2	אֽוֹ	176 a	HC
Num 6:2	אִשָּׁ֗ה	802	HNcfsa
Num 6:2	כִּ֤י	3588 a	HC
Num 6:2	יַפְלִא֙	6381	HVhi3ms
Num 6:2	לִ/נְדֹּר֙	l/5087	HR/Vqc
Num 6:2	נֶ֣דֶר	5088	HNcmsc
Num 6:2	נָזִ֔יר	5139	HNcmsa
Num 6:2	לְ/הַזִּ֖יר	l/5144 b	HR/Vhc
Num 6:2	לַֽ/יהוָֽה	l/3068	HR/Np
Num 6:3	מִ/יַּ֤יִן	m/3196	HR/Ncmsa
Num 6:3	וְ/שֵׁכָר֙	c/7941	HC/Ncmsa
Num 6:3	יַזִּ֔יר	5144 b	HVhi3ms
Num 6:3	חֹ֥מֶץ	2558	HNcmsc
Num 6:3	יַ֛יִן	3196	HNcmsa
Num 6:3	וְ/חֹ֥מֶץ	c/2558	HC/Ncmsc
Num 6:3	שֵׁכָ֖ר	7941	HNcmsa
Num 6:3	לֹ֣א	3808	HTn
Num 6:3	יִשְׁתֶּ֑ה	8354	HVqi3ms
Num 6:3	וְ/כָל	c/3605	HC/Ncmsc
Num 6:3	מִשְׁרַ֤ת	4952	HNcfsc
Num 6:3	עֲנָבִים֙	6025	HNcmpa
Num 6:3	לֹ֣א	3808	HTn
Num 6:3	יִשְׁתֶּ֔ה	8354	HVqi3ms
Num 6:3	וַ/עֲנָבִ֛ים	c/6025	HC/Ncmpa
Num 6:3	לַחִ֥ים	3892	HAampa
Num 6:3	וִ/יבֵשִׁ֖ים	c/3002	HC/Aampa
Num 6:3	לֹ֥א	3808	HTn
Num 6:3	יֹאכֵֽל	398	HVqi3ms
Num 6:4	כֹּ֖ל	3605	HNcmsc
Num 6:4	יְמֵ֣י	3117	HNcmpc
Num 6:4	נִזְר֑/וֹ	5145	HNcmsc/Sp3ms
Num 6:4	מִ/כֹּל֩	m/3605	HR/Ncmsa
Num 6:4	אֲשֶׁ֨ר	834 a	HTr
Num 6:4	יֵעָשֶׂ֜ה	6213 a	HVNi3ms
Num 6:4	מִ/גֶּ֣פֶן	m/1612	HR/Ncbsc
Num 6:4	הַ/יַּ֗יִן	d/3196	HTd/Ncmsa
Num 6:4	מֵ/חַרְצַנִּ֛ים	m/2785	HR/Ncmpa
Num 6:4	וְ/עַד	c/5704	HC/R
Num 6:4	זָ֖ג	2085	HNcmsa
Num 6:4	לֹ֥א	3808	HTn
Num 6:4	יֹאכֵֽל	398	HVqi3ms
Num 6:5	כָּל	3605	HNcmsc
Num 6:5	יְמֵי֙	3117	HNcmpc
Num 6:5	נֶ֣דֶר	5088	HNcmsc
Num 6:5	נִזְר֔/וֹ	5145	HNcmsc/Sp3ms
Num 6:5	תַּ֖עַר	8593	HNcbsa
Num 6:5	לֹא	3808	HTn
Num 6:5	יַעֲבֹ֣ר	5674 a	HVqi3ms
Num 6:5	עַל	5921 a	HR
Num 6:5	רֹאשׁ֑/וֹ	7218 a	HNcmsc/Sp3ms
Num 6:5	עַד	5704	HR
Num 6:5	מְלֹ֨את	4390	HVqc
Num 6:5	הַ/יָּמִ֜ם	d/3117	HTd/Ncmpa
Num 6:5	אֲשֶׁר	834 a	HTr
Num 6:5	יַזִּ֤יר	5144 b	HVhi3ms
Num 6:5	לַ/יהוָה֙	l/3068	HR/Np
Num 6:5	קָדֹ֣שׁ	6918	HAamsa
Num 6:5	יִהְיֶ֔ה	1961	HVqi3ms
Num 6:5	גַּדֵּ֥ל	1431	HVpc
Num 6:5	פֶּ֖רַע	6545	HNcmsc
Num 6:5	שְׂעַ֥ר	8181	HNcmsc
Num 6:5	רֹאשֽׁ/וֹ	7218 a	HNcmsc/Sp3ms
Num 6:6	כָּל	3605	HNcmsc
Num 6:6	יְמֵ֥י	3117	HNcmpc
Num 6:6	הַזִּיר֖/וֹ	5144 b	HVhc/Sp3ms
Num 6:6	לַ/יהוָ֑ה	l/3068	HR/Np
Num 6:6	עַל	5921 a	HR
Num 6:6	נֶ֥פֶשׁ	5315	HNcbsa
Num 6:6	מֵ֖ת	4191	HVqrmsa
Num 6:6	לֹ֥א	3808	HTn
Num 6:6	יָבֹֽא	935	HVqi3ms
Num 6:7	לְ/אָבִ֣י/ו	l/1	HR/Ncmsc/Sp3ms
Num 6:7	וּ/לְ/אִמּ֗/וֹ	c/l/517	HC/R/Ncfsc/Sp3ms
Num 6:7	לְ/אָחִי/ו֙	l/251	HR/Ncmsc/Sp3ms
Num 6:7	וּ/לְ/אַ֣חֹת֔/וֹ	c/l/269	HC/R/Ncfsc/Sp3ms
Num 6:7	לֹא	3808	HTn
Num 6:7	יִטַּמָּ֥א	2930 a	HVti3ms
Num 6:7	לָ/הֶ֖ם	l	HR/Sp3mp
Num 6:7	בְּ/מֹתָ֑/ם	b/4194	HR/Ncmsc/Sp3mp
Num 6:7	כִּ֛י	3588 a	HC
Num 6:7	נֵ֥זֶר	5145	HNcmsc
Num 6:7	אֱלֹהָ֖י/ו	430	HNcmpc/Sp3ms
Num 6:7	עַל	5921 a	HR
Num 6:7	רֹאשֽׁ/וֹ	7218 a	HNcmsc/Sp3ms
Num 6:8	כֹּ֖ל	3605	HNcmsc
Num 6:8	יְמֵ֣י	3117	HNcmpc
Num 6:8	נִזְר֑/וֹ	5145	HNcmsc/Sp3ms
Num 6:8	קָדֹ֥שׁ	6918	HAamsa
Num 6:8	ה֖וּא	1931	HPp3ms
Num 6:8	לַֽ/יהוָֽה	l/3068	HR/Np
Num 6:9	וְ/כִֽי	c/3588 a	HC/C
Num 6:9	יָמ֨וּת	4191	HVqi3ms
Num 6:9	מֵ֤ת	4191	HVqrmsa
Num 6:9	עָלָי/ו֙	5921 a	HR/Sp3ms
Num 6:9	בְּ/פֶ֣תַע	b/6621	HR/Ncmsa
Num 6:9	פִּתְאֹ֔ם	6597	HD
Num 6:9	וְ/טִמֵּ֖א	c/2930 a	HC/Vpq3ms
Num 6:9	רֹ֣אשׁ	7218 a	HNcmsc
Num 6:9	נִזְר֑/וֹ	5145	HNcmsc/Sp3ms
Num 6:9	וְ/גִלַּ֤ח	c/1548	HC/Vpq3ms
Num 6:9	רֹאשׁ/וֹ֙	7218 a	HNcmsc/Sp3ms
Num 6:9	בְּ/י֣וֹם	b/3117	HR/Ncmsc
Num 6:9	טָהֳרָת֔/וֹ	2893	HNcbsc/Sp3ms
Num 6:9	בַּ/יּ֥וֹם	b/3117	HRd/Ncmsa
Num 6:9	הַ/שְּׁבִיעִ֖י	d/7637	HTd/Aomsa
Num 6:9	יְגַלְּחֶֽ/נּוּ	1548	HVpi3ms/Sp3ms
Num 6:10	וּ/בַ/יּ֣וֹם	c/b/3117	HC/Rd/Ncmsa
Num 6:10	הַ/שְּׁמִינִ֗י	d/8066	HTd/Aomsa
Num 6:10	יָבִא֙	935	HVhi3ms
Num 6:10	שְׁתֵּ֣י	8147	HAcfdc
Num 6:10	תֹרִ֔ים	8449	HNcbpa
Num 6:10	א֥וֹ	176 a	HC
Num 6:10	שְׁנֵ֖י	8147	HAcmdc
Num 6:10	בְּנֵ֣י	1121 a	HNcmpc
Num 6:10	יוֹנָ֑ה	3123	HNcfsa
Num 6:10	אֶל	413	HR
Num 6:10	הַ/כֹּהֵ֔ן	d/3548	HTd/Ncmsa
Num 6:10	אֶל	413	HR
Num 6:10	פֶּ֖תַח	6607	HNcmsc
Num 6:10	אֹ֥הֶל	168	HNcmsc
Num 6:10	מוֹעֵֽד	4150	HNcmsa
Num 6:11	וְ/עָשָׂ֣ה	c/6213 a	HC/Vqq3ms
Num 6:11	הַ/כֹּהֵ֗ן	d/3548	HTd/Ncmsa
Num 6:11	אֶחָ֤ד	259	HAcmsa
Num 6:11	לְ/חַטָּאת֙	l/2403 b	HR/Ncfsa
Num 6:11	וְ/אֶחָ֣ד	c/259	HC/Acmsa
Num 6:11	לְ/עֹלָ֔ה	l/5930 a	HR/Ncfsa
Num 6:11	וְ/כִפֶּ֣ר	c/3722 a	HC/Vpq3ms
Num 6:11	עָלָ֔י/ו	5921 a	HR/Sp3ms
Num 6:11	מֵ/אֲשֶׁ֥ר	m/834 c	HR/Tr
Num 6:11	חָטָ֖א	2398	HVqp3ms
Num 6:11	עַל	5921 a	HR
Num 6:11	הַ/נָּ֑פֶשׁ	d/5315	HTd/Ncbsa
Num 6:11	וְ/קִדַּ֥שׁ	c/6942	HC/Vpq3ms
Num 6:11	אֶת	853	HTo
Num 6:11	רֹאשׁ֖/וֹ	7218 a	HNcmsc/Sp3ms
Num 6:11	בַּ/יּ֥וֹם	b/3117	HRd/Ncmsa
Num 6:11	הַ/הֽוּא	d/1931	HTd/Pp3ms
Num 6:12	וְ/הִזִּ֤יר	c/5144 b	HC/Vhq3ms
Num 6:12	לַֽ/יהוָה֙	l/3068	HR/Np
Num 6:12	אֶת	853	HTo
Num 6:12	יְמֵ֣י	3117	HNcmpc
Num 6:12	נִזְר֔/וֹ	5145	HNcmsc/Sp3ms
Num 6:12	וְ/הֵבִ֛יא	c/935	HC/Vhq3ms
Num 6:12	כֶּ֥בֶשׂ	3532	HNcmsa
Num 6:12	בֶּן	1121 a	HNcmsc
Num 6:12	שְׁנָת֖/וֹ	8141	HNcfsc/Sp3ms
Num 6:12	לְ/אָשָׁ֑ם	l/817	HR/Ncmsa
Num 6:12	וְ/הַ/יָּמִ֤ים	c/d/3117	HC/Td/Ncmpa
Num 6:12	הָ/רִאשֹׁנִים֙	d/7223	HTd/Aampa
Num 6:12	יִפְּל֔וּ	5307	HVqi3mp
Num 6:12	כִּ֥י	3588 a	HC
Num 6:12	טָמֵ֖א	2930 a	HVqp3ms
Num 6:12	נִזְרֽ/וֹ	5145	HNcmsc/Sp3ms
Num 6:13	וְ/זֹ֥את	c/2063	HC/Pdxfs
Num 6:13	תּוֹרַ֖ת	8451	HNcfsc
Num 6:13	הַ/נָּזִ֑יר	d/5139	HTd/Ncmsa
Num 6:13	בְּ/י֗וֹם	b/3117	HR/Ncmsa
Num 6:13	מְלֹאת֙	4390	HVqc
Num 6:13	יְמֵ֣י	3117	HNcmpc
Num 6:13	נִזְר֔/וֹ	5145	HNcmsc/Sp3ms
Num 6:13	יָבִ֣יא	935	HVhi3ms
Num 6:13	אֹת֔/וֹ	853	HTo/Sp3ms
Num 6:13	אֶל	413	HR
Num 6:13	פֶּ֖תַח	6607	HNcmsc
Num 6:13	אֹ֥הֶל	168	HNcmsc
Num 6:13	מוֹעֵֽד	4150	HNcmsa
Num 6:14	וְ/הִקְרִ֣יב	c/7126	HC/Vhq3ms
Num 6:14	אֶת	853	HTo
Num 6:14	קָרְבָּנ֣/וֹ	7133 a	HNcmsc/Sp3ms
Num 6:14	לַ/יהוָ֡ה	l/3068	HR/Np
Num 6:14	כֶּבֶשׂ֩	3532	HNcmsa
Num 6:14	בֶּן	1121 a	HNcmsc
Num 6:14	שְׁנָת֨/וֹ	8141	HNcfsc/Sp3ms
Num 6:14	תָמִ֤ים	8549	HAamsa
Num 6:14	אֶחָד֙	259	HAcmsa
Num 6:14	לְ/עֹלָ֔ה	l/5930 a	HR/Ncfsa
Num 6:14	וְ/כַבְשָׂ֨ה	c/3535	HC/Ncfsa
Num 6:14	אַחַ֧ת	259	HAcfsa
Num 6:14	בַּת	1323	HNcfsc
Num 6:14	שְׁנָתָ֛/הּ	8141	HNcfsc/Sp3fs
Num 6:14	תְּמִימָ֖ה	8549	HAafsa
Num 6:14	לְ/חַטָּ֑את	l/2403 b	HR/Ncfsa
Num 6:14	וְ/אַֽיִל	c/352 a	HC/Ncmsa
Num 6:14	אֶחָ֥ד	259	HAcmsa
Num 6:14	תָּמִ֖ים	8549	HAamsa
Num 6:14	לִ/שְׁלָמִֽים	l/8002	HR/Ncmpa
Num 6:15	וְ/סַ֣ל	c/5536	HC/Ncmsc
Num 6:15	מַצּ֗וֹת	4682	HNcfpa
Num 6:15	סֹ֤לֶת	5560	HNcfsc
Num 6:15	חַלֹּת֙	2471	HNcfpa
Num 6:15	בְּלוּלֹ֣ת	1101 a	HVqsfpa
Num 6:15	בַּ/שֶּׁ֔מֶן	b/8081	HRd/Ncmsa
Num 6:15	וּ/רְקִיקֵ֥י	c/7550	HC/Ncmpc
Num 6:15	מַצּ֖וֹת	4682	HNcfpa
Num 6:15	מְשֻׁחִ֣ים	4886	HVqsmpa
Num 6:15	בַּ/שָּׁ֑מֶן	b/8081	HRd/Ncmsa
Num 6:15	וּ/מִנְחָתָ֖/ם	c/4503	HC/Ncfsc/Sp3mp
Num 6:15	וְ/נִסְכֵּי/הֶֽם	c/5262	HC/Ncmpc/Sp3mp
Num 6:16	וְ/הִקְרִ֥יב	c/7126	HC/Vhq3ms
Num 6:16	הַ/כֹּהֵ֖ן	d/3548	HTd/Ncmsa
Num 6:16	לִ/פְנֵ֣י	l/6440	HR/Ncbpc
Num 6:16	יְהוָ֑ה	3068	HNp
Num 6:16	וְ/עָשָׂ֥ה	c/6213 a	HC/Vqq3ms
Num 6:16	אֶת	853	HTo
Num 6:16	חַטָּאת֖/וֹ	2403 b	HNcfsc/Sp3ms
Num 6:16	וְ/אֶת	c/853	HC/To
Num 6:16	עֹלָתֽ/וֹ	5930 a	HNcfsc/Sp3ms
Num 6:17	וְ/אֶת	c/853	HC/To
Num 6:17	הָ/אַ֜יִל	d/352 a	HTd/Ncmsa
Num 6:17	יַעֲשֶׂ֨ה	6213 a	HVqi3ms
Num 6:17	זֶ֤בַח	2077	HNcmsc
Num 6:17	שְׁלָמִים֙	8002	HNcmpa
Num 6:17	לַֽ/יהוָ֔ה	l/3068	HR/Np
Num 6:17	עַ֖ל	5921 a	HR
Num 6:17	סַ֣ל	5536	HNcmsc
Num 6:17	הַ/מַּצּ֑וֹת	d/4682	HTd/Ncfpa
Num 6:17	וְ/עָשָׂה֙	c/6213 a	HC/Vqq3ms
Num 6:17	הַ/כֹּהֵ֔ן	d/3548	HTd/Ncmsa
Num 6:17	אֶת	853	HTo
Num 6:17	מִנְחָת֖/וֹ	4503	HNcfsc/Sp3ms
Num 6:17	וְ/אֶת	c/853	HC/To
Num 6:17	נִסְכּֽ/וֹ	5262	HNcmsc/Sp3ms
Num 6:18	וְ/גִלַּ֣ח	c/1548	HC/Vpq3ms
Num 6:18	הַ/נָּזִ֗יר	d/5139	HTd/Ncmsa
Num 6:18	פֶּ֛תַח	6607	HNcmsc
Num 6:18	אֹ֥הֶל	168	HNcmsc
Num 6:18	מוֹעֵ֖ד	4150	HNcmsa
Num 6:18	אֶת	853	HTo
Num 6:18	רֹ֣אשׁ	7218 a	HNcmsc
Num 6:18	נִזְר֑/וֹ	5145	HNcmsc/Sp3ms
Num 6:18	וְ/לָקַ֗ח	c/3947	HC/Vqq3ms
Num 6:18	אֶת	853	HTo
Num 6:18	שְׂעַר֙	8181	HNcmsc
Num 6:18	רֹ֣אשׁ	7218 a	HNcmsc
Num 6:18	נִזְר֔/וֹ	5145	HNcmsc/Sp3ms
Num 6:18	וְ/נָתַן֙	c/5414	HC/Vqq3ms
Num 6:18	עַל	5921 a	HR
Num 6:18	הָ/אֵ֔שׁ	d/784	HTd/Ncbsa
Num 6:18	אֲשֶׁר	834 a	HTr
Num 6:18	תַּ֖חַת	8478	HR
Num 6:18	זֶ֥בַח	2077	HNcmsc
Num 6:18	הַ/שְּׁלָמִֽים	d/8002	HTd/Ncmpa
Num 6:19	וְ/לָקַ֨ח	c/3947	HC/Vqq3ms
Num 6:19	הַ/כֹּהֵ֜ן	d/3548	HTd/Ncmsa
Num 6:19	אֶת	853	HTo
Num 6:19	הַ/זְּרֹ֣עַ	d/2220	HTd/Ncbsa
Num 6:19	בְּשֵׁלָה֮	1311	HAafsa
Num 6:19	מִן	4480 a	HR
Num 6:19	הָ/אַיִל֒	d/352 a	HTd/Ncmsa
Num 6:19	וְֽ/חַלַּ֨ת	c/2471	HC/Ncfsc
Num 6:19	מַצָּ֤ה	4682	HNcfsa
Num 6:19	אַחַת֙	259	HAcfsa
Num 6:19	מִן	4480 a	HR
Num 6:19	הַ/סַּ֔ל	d/5536	HTd/Ncmsa
Num 6:19	וּ/רְקִ֥יק	c/7550	HC/Ncmsc
Num 6:19	מַצָּ֖ה	4682	HNcfsa
Num 6:19	אֶחָ֑ד	259	HAcmsa
Num 6:19	וְ/נָתַן֙	c/5414	HC/Vqq3ms
Num 6:19	עַל	5921 a	HR
Num 6:19	כַּפֵּ֣י	3709	HNcfdc
Num 6:19	הַ/נָּזִ֔יר	d/5139	HTd/Ncmsa
Num 6:19	אַחַ֖ר	310 a	HR
Num 6:19	הִֽתְגַּלְּח֥/וֹ	1548	HVtc/Sp3ms
Num 6:19	אֶת	853	HTo
Num 6:19	נִזְרֽ/וֹ	5145	HNcmsc/Sp3ms
Num 6:20	וְ/הֵנִיף֩	c/5130 b	HC/Vhq3ms
Num 6:20	אוֹתָ֨/ם	853	HTo/Sp3mp
Num 6:20	הַ/כֹּהֵ֥ן	d/3548	HTd/Ncmsa
Num 6:20	תְּנוּפָה֮	8573	HNcfsa
Num 6:20	לִ/פְנֵ֣י	l/6440	HR/Ncbpc
Num 6:20	יְהוָה֒	3068	HNp
Num 6:20	קֹ֤דֶשׁ	6944	HNcmsa
Num 6:20	הוּא֙	1931	HPp3ms
Num 6:20	לַ/כֹּהֵ֔ן	l/3548	HRd/Ncmsa
Num 6:20	עַ֚ל	5921 a	HR
Num 6:20	חֲזֵ֣ה	2373	HNcmsc
Num 6:20	הַ/תְּנוּפָ֔ה	d/8573	HTd/Ncfsa
Num 6:20	וְ/עַ֖ל	c/5921 a	HC/R
Num 6:20	שׁ֣וֹק	7785	HNcfsc
Num 6:20	הַ/תְּרוּמָ֑ה	d/8641	HTd/Ncfsa
Num 6:20	וְ/אַחַ֛ר	c/310 a	HC/D
Num 6:20	יִשְׁתֶּ֥ה	8354	HVqi3ms
Num 6:20	הַ/נָּזִ֖יר	d/5139	HTd/Ncmsa
Num 6:20	יָֽיִן	3196	HNcmsa
Num 6:21	זֹ֣את	2063	HPdxfs
Num 6:21	תּוֹרַ֣ת	8451	HNcfsc
Num 6:21	הַ/נָּזִיר֮	d/5139	HTd/Ncmsa
Num 6:21	אֲשֶׁ֣ר	834 a	HTr
Num 6:21	יִדֹּר֒	5087	HVqi3ms
Num 6:21	קָרְבָּנ֤/וֹ	7133 a	HNcmsc/Sp3ms
Num 6:21	לַֽ/יהוָה֙	l/3068	HR/Np
Num 6:21	עַל	5921 a	HR
Num 6:21	נִזְר֔/וֹ	5145	HNcmsc/Sp3ms
Num 6:21	מִ/לְּ/בַ֖ד	m/l/905	HR/R/Ncmsc
Num 6:21	אֲשֶׁר	834 a	HTr
Num 6:21	תַּשִּׂ֣יג	5381	HVhi3fs
Num 6:21	יָד֑/וֹ	3027	HNcbsc/Sp3ms
Num 6:21	כְּ/פִ֤י	k/6310	HR/Ncmsc
Num 6:21	נִדְר/וֹ֙	5088	HNcmsc/Sp3ms
Num 6:21	אֲשֶׁ֣ר	834 a	HTr
Num 6:21	יִדֹּ֔ר	5087	HVqi3ms
Num 6:21	כֵּ֣ן	3651 c	HTm
Num 6:21	יַעֲשֶׂ֔ה	6213 a	HVqi3ms
Num 6:21	עַ֖ל	5921 a	HR
Num 6:21	תּוֹרַ֥ת	8451	HNcfsc
Num 6:21	נִזְרֽ/וֹ	5145	HNcmsc/Sp3ms
Num 6:22	וַ/יְדַבֵּ֥ר	c/1696	HC/Vpw3ms
Num 6:22	יְהוָ֖ה	3068	HNp
Num 6:22	אֶל	413	HR
Num 6:22	מֹשֶׁ֥ה	4872	HNp
Num 6:22	לֵּ/אמֹֽר	l/559	HR/Vqc
Num 6:23	דַּבֵּ֤ר	1696	HVpv2ms
Num 6:23	אֶֽל	413	HR
Num 6:23	אַהֲרֹן֙	175	HNp
Num 6:23	וְ/אֶל	c/413	HC/R
Num 6:23	בָּנָ֣י/ו	1121 a	HNcmpc/Sp3ms
Num 6:23	לֵ/אמֹ֔ר	l/559	HR/Vqc
Num 6:23	כֹּ֥ה	3541	HD
Num 6:23	תְבָרֲכ֖וּ	1288	HVpi2mp
Num 6:23	אֶת	853	HTo
Num 6:23	בְּנֵ֣י	1121 a	HNcmpc
Num 6:23	יִשְׂרָאֵ֑ל	3478	HNp
Num 6:23	אָמ֖וֹר	559	HVqa
Num 6:23	לָ/הֶֽם	l	HR/Sp3mp
Num 6:24	יְבָרֶכְ/ךָ֥	1288	HVpj3ms/Sp2ms
Num 6:24	יְהוָ֖ה	3068	HNp
Num 6:24	וְ/יִשְׁמְרֶֽ/ךָ	c/8104	HC/Vqj3ms/Sp2ms
Num 6:25	יָאֵ֨ר	215	HVhj3ms
Num 6:25	יְהוָ֧ה	3068	HNp
Num 6:25	פָּנָ֛י/ו	6440	HNcbpc/Sp3ms
Num 6:25	אֵלֶ֖י/ךָ	413	HR/Sp2ms
Num 6:25	וִֽ/יחֻנֶּֽ/ךָּ	c/2603 a	HC/Vqj3ms/Sp2ms
Num 6:26	יִשָּׂ֨א	5375	HVqj3ms
Num 6:26	יְהוָ֤ה	3068	HNp
Num 6:26	פָּנָי/ו֙	6440	HNcbpc/Sp3ms
Num 6:26	אֵלֶ֔י/ךָ	413	HR/Sp2ms
Num 6:26	וְ/יָשֵׂ֥ם	c/7760 a	HC/Vqj3ms
Num 6:26	לְ/ךָ֖	l	HR/Sp2ms
Num 6:26	שָׁלֽוֹם	7965	HNcmsa
Num 6:27	וְ/שָׂמ֥וּ	c/7760 a	HC/Vqq3cp
Num 6:27	אֶת	853	HTo
Num 6:27	שְׁמִ֖/י	8034	HNcmsc/Sp1cs
Num 6:27	עַל	5921 a	HR
Num 6:27	בְּנֵ֣י	1121 a	HNcmpc
Num 6:27	יִשְׂרָאֵ֑ל	3478	HNp
Num 6:27	וַ/אֲנִ֖י	c/589	HC/Pp1cs
Num 6:27	אֲבָרֲכֵֽ/ם	1288	HVpi1cs/Sp3mp
Num 7:1	וַ/יְהִ֡י	c/1961	HC/Vqw3ms
Num 7:1	בְּ/יוֹם֩	b/3117	HR/Ncmsc
Num 7:1	כַּלּ֨וֹת	3615	HVpc
Num 7:1	מֹשֶׁ֜ה	4872	HNp
Num 7:1	לְ/הָקִ֣ים	l/6965 b	HR/Vhc
Num 7:1	אֶת	853	HTo
Num 7:1	הַ/מִּשְׁכָּ֗ן	d/4908	HTd/Ncmsa
Num 7:1	וַ/יִּמְשַׁ֨ח	c/4886	HC/Vqw3ms
Num 7:1	אֹת֜/וֹ	853	HTo/Sp3ms
Num 7:1	וַ/יְקַדֵּ֤שׁ	c/6942	HC/Vpw3ms
Num 7:1	אֹת/וֹ֙	853	HTo/Sp3ms
Num 7:1	וְ/אֶת	c/853	HC/To
Num 7:1	כָּל	3605	HNcmsc
Num 7:1	כֵּלָ֔י/ו	3627	HNcmpc/Sp3ms
Num 7:1	וְ/אֶת	c/853	HC/To
Num 7:1	הַ/מִּזְבֵּ֖חַ	d/4196	HTd/Ncmsa
Num 7:1	וְ/אֶת	c/853	HC/To
Num 7:1	כָּל	3605	HNcmsc
Num 7:1	כֵּלָ֑י/ו	3627	HNcmpc/Sp3ms
Num 7:1	וַ/יִּמְשָׁחֵ֖/ם	c/4886	HC/Vqw3ms/Sp3mp
Num 7:1	וַ/יְקַדֵּ֥שׁ	c/6942	HC/Vpw3ms
Num 7:1	אֹתָֽ/ם	853	HTo/Sp3mp
Num 7:2	וַ/יַּקְרִ֨יבוּ֙	c/7126	HC/Vhw3mp
Num 7:2	נְשִׂיאֵ֣י	5387 a	HNcmpc
Num 7:2	יִשְׂרָאֵ֔ל	3478	HNp
Num 7:2	רָאשֵׁ֖י	7218 a	HNcmpc
Num 7:2	בֵּ֣ית	1004 b	HNcmsc
Num 7:2	אֲבֹתָ֑/ם	1	HNcmpc/Sp3mp
Num 7:2	הֵ֚ם	1992	HPp3mp
Num 7:2	נְשִׂיאֵ֣י	5387 a	HNcmpc
Num 7:2	הַ/מַּטֹּ֔ת	d/4294	HTd/Ncmpa
Num 7:2	הֵ֥ם	1992	HPp3mp
Num 7:2	הָ/עֹמְדִ֖ים	d/5975	HTd/Vqrmpa
Num 7:2	עַל	5921 a	HR
Num 7:2	הַ/פְּקֻדִֽים	d/6485 a	HTd/Vqsmpa
Num 7:3	וַ/יָּבִ֨יאוּ	c/935	HC/Vhw3mp
Num 7:3	אֶת	853	HTo
Num 7:3	קָרְבָּנָ֜/ם	7133 a	HNcmsc/Sp3mp
Num 7:3	לִ/פְנֵ֣י	l/6440	HR/Ncbpc
Num 7:3	יְהוָ֗ה	3068	HNp
Num 7:3	שֵׁשׁ	8337	HAcfsa
Num 7:3	עֶגְלֹ֥ת	5699	HNcfpc
Num 7:3	צָב֙	6632 a	HNcmsa
Num 7:3	וּ/שְׁנֵ֣י	c/8147	HC/Acmdc
Num 7:3	עָשָׂ֣ר	6240	HAcmsa
Num 7:3	בָּקָ֔ר	1241	HNcbsa
Num 7:3	עֲגָלָ֛ה	5699	HNcfsa
Num 7:3	עַל	5921 a	HR
Num 7:3	שְׁנֵ֥י	8147	HAcmdc
Num 7:3	הַ/נְּשִׂאִ֖ים	d/5387 a	HTd/Ncmpa
Num 7:3	וְ/שׁ֣וֹר	c/7794	HC/Ncmsa
Num 7:3	לְ/אֶחָ֑ד	l/259	HR/Acmsa
Num 7:3	וַ/יַּקְרִ֥יבוּ	c/7126	HC/Vhw3mp
Num 7:3	אוֹתָ֖/ם	853	HTo/Sp3mp
Num 7:3	לִ/פְנֵ֥י	l/6440	HR/Ncbpc
Num 7:3	הַ/מִּשְׁכָּֽן	d/4908	HTd/Ncmsa
Num 7:4	וַ/יֹּ֥אמֶר	c/559	HC/Vqw3ms
Num 7:4	יְהוָ֖ה	3068	HNp
Num 7:4	אֶל	413	HR
Num 7:4	מֹשֶׁ֥ה	4872	HNp
Num 7:4	לֵּ/אמֹֽר	l/559	HR/Vqc
Num 7:5	קַ֚ח	3947	HVqv2ms
Num 7:5	מֵֽ/אִתָּ֔/ם	m/854	HR/R/Sp3mp
Num 7:5	וְ/הָי֕וּ	c/1961	HC/Vqq3cp
Num 7:5	לַ/עֲבֹ֕ד	l/5647	HR/Vqc
Num 7:5	אֶת	853	HTo
Num 7:5	עֲבֹדַ֖ת	5656	HNcfsc
Num 7:5	אֹ֣הֶל	168	HNcmsc
Num 7:5	מוֹעֵ֑ד	4150	HNcmsa
Num 7:5	וְ/נָתַתָּ֤ה	c/5414	HC/Vqq2ms
Num 7:5	אוֹתָ/ם֙	853	HTo/Sp3mp
Num 7:5	אֶל	413	HR
Num 7:5	הַ/לְוִיִּ֔ם	d/3881	HTd/Ngmpa
Num 7:5	אִ֖ישׁ	376	HNcmsa
Num 7:5	כְּ/פִ֥י	k/6310	HR/Ncmsc
Num 7:5	עֲבֹדָתֽ/וֹ	5656	HNcfsc/Sp3ms
Num 7:6	וַ/יִּקַּ֣ח	c/3947	HC/Vqw3ms
Num 7:6	מֹשֶׁ֔ה	4872	HNp
Num 7:6	אֶת	853	HTo
Num 7:6	הָ/עֲגָלֹ֖ת	d/5699	HTd/Ncfpa
Num 7:6	וְ/אֶת	c/853	HC/To
Num 7:6	הַ/בָּקָ֑ר	d/1241	HTd/Ncbsa
Num 7:6	וַ/יִּתֵּ֥ן	c/5414	HC/Vqw3ms
Num 7:6	אוֹתָ֖/ם	853	HTo/Sp3mp
Num 7:6	אֶל	413	HR
Num 7:6	הַ/לְוִיִּֽם	d/3881	HTd/Ngmpa
Num 7:7	אֵ֣ת	853	HTo
Num 7:7	שְׁתֵּ֣י	8147	HAcfdc
Num 7:7	הָ/עֲגָלֹ֗ת	d/5699	HTd/Ncfpa
Num 7:7	וְ/אֵת֙	c/853	HC/To
Num 7:7	אַרְבַּ֣עַת	702	HAcmsc
Num 7:7	הַ/בָּקָ֔ר	d/1241	HTd/Ncbsa
Num 7:7	נָתַ֖ן	5414	HVqp3ms
Num 7:7	לִ/בְנֵ֣י	l/1121 a	HR/Ncmpc
Num 7:7	גֵרְשׁ֑וֹן	1648	HNp
Num 7:7	כְּ/פִ֖י	k/6310	HR/Ncmsc
Num 7:7	עֲבֹדָתָֽ/ם	5656	HNcfsc/Sp3mp
Num 7:8	וְ/אֵ֣ת	c/853	HC/To
Num 7:8	אַרְבַּ֣ע	702	HAcfsa
Num 7:8	הָ/עֲגָלֹ֗ת	d/5699	HTd/Ncfpa
Num 7:8	וְ/אֵת֙	c/853	HC/To
Num 7:8	שְׁמֹנַ֣ת	8083	HAcmsc
Num 7:8	הַ/בָּקָ֔ר	d/1241	HTd/Ncbsa
Num 7:8	נָתַ֖ן	5414	HVqp3ms
Num 7:8	לִ/בְנֵ֣י	l/1121 a	HR/Ncmpc
Num 7:8	מְרָרִ֑י	4847	HNp
Num 7:8	כְּ/פִי֙	k/6310	HR/Ncmsc
Num 7:8	עֲבֹ֣דָתָ֔/ם	5656	HNcfsc/Sp3mp
Num 7:8	בְּ/יַד֙	b/3027	HR/Ncbsc
Num 7:8	אִֽיתָמָ֔ר	385	HNp
Num 7:8	בֶּֽן	1121 a	HNcmsc
Num 7:8	אַהֲרֹ֖ן	175	HNp
Num 7:8	הַ/כֹּהֵֽן	d/3548	HTd/Ncmsa
Num 7:9	וְ/לִ/בְנֵ֥י	c/l/1121 a	HC/R/Ncmpc
Num 7:9	קְהָ֖ת	6955	HNp
Num 7:9	לֹ֣א	3808	HTn
Num 7:9	נָתָ֑ן	5414	HVqp3ms
Num 7:9	כִּֽי	3588 a	HC
Num 7:9	עֲבֹדַ֤ת	5656	HNcfsc
Num 7:9	הַ/קֹּ֨דֶשׁ֙	d/6944	HTd/Ncmsa
Num 7:9	עֲלֵ/הֶ֔ם	5921 a	HR/Sp3mp
Num 7:9	בַּ/כָּתֵ֖ף	b/3802	HRd/Ncfsa
Num 7:9	יִשָּֽׂאוּ	5375	HVqi3mp
Num 7:10	וַ/יַּקְרִ֣יבוּ	c/7126	HC/Vhw3mp
Num 7:10	הַ/נְּשִׂאִ֗ים	d/5387 a	HTd/Ncmpa
Num 7:10	אֵ֚ת	853	HTo
Num 7:10	חֲנֻכַּ֣ת	2598	HNcfsc
Num 7:10	הַ/מִּזְבֵּ֔חַ	d/4196	HTd/Ncmsa
Num 7:10	בְּ/י֖וֹם	b/3117	HR/Ncmsa
Num 7:10	הִמָּשַׁ֣ח	4886	HVNc
Num 7:10	אֹת֑/וֹ	853	HTo/Sp3ms
Num 7:10	וַ/יַּקְרִ֧יבוּ	c/7126	HC/Vhw3mp
Num 7:10	הַ/נְּשִׂיאִ֛ם	d/5387 a	HTd/Ncmpa
Num 7:10	אֶת	853	HTo
Num 7:10	קָרְבָּנָ֖/ם	7133 a	HNcmsc/Sp3mp
Num 7:10	לִ/פְנֵ֥י	l/6440	HR/Ncbpc
Num 7:10	הַ/מִּזְבֵּֽחַ	d/4196	HTd/Ncmsa
Num 7:11	וַ/יֹּ֥אמֶר	c/559	HC/Vqw3ms
Num 7:11	יְהוָ֖ה	3068	HNp
Num 7:11	אֶל	413	HR
Num 7:11	מֹשֶׁ֑ה	4872	HNp
Num 7:11	נָשִׂ֨יא	5387 a	HNcmsa
Num 7:11	אֶחָ֜ד	259	HAcmsa
Num 7:11	לַ/יּ֗וֹם	l/3117	HRd/Ncmsa
Num 7:11	נָשִׂ֤יא	5387 a	HNcmsa
Num 7:11	אֶחָד֙	259	HAcmsa
Num 7:11	לַ/יּ֔וֹם	l/3117	HRd/Ncmsa
Num 7:11	יַקְרִ֨יבוּ֙	7126	HVhi3mp
Num 7:11	אֶת	853	HTo
Num 7:11	קָרְבָּנָ֔/ם	7133 a	HNcmsc/Sp3mp
Num 7:11	לַ/חֲנֻכַּ֖ת	l/2598	HR/Ncfsc
Num 7:11	הַ/מִּזְבֵּֽחַ	d/4196	HTd/Ncmsa
Num 7:12	וַ/יְהִ֗י	c/1961	HC/Vqw3ms
Num 7:12	הַ/מַּקְרִ֛יב	d/7126	HTd/Vhrmsa
Num 7:12	בַּ/יּ֥וֹם	b/3117	HRd/Ncmsa
Num 7:12	הָ/רִאשׁ֖וֹן	d/7223	HTd/Aamsa
Num 7:12	אֶת	853	HTo
Num 7:12	קָרְבָּנ֑/וֹ	7133 a	HNcmsc/Sp3ms
Num 7:12	נַחְשׁ֥וֹן	5177	HNp
Num 7:12	בֶּן	1121 a	HNcmsc
Num 7:12	עַמִּינָדָ֖ב	5992	HNp
Num 7:12	לְ/מַטֵּ֥ה	l/4294	HR/Ncmsc
Num 7:12	יְהוּדָֽה	3063	HNp
Num 7:13	וְ/קָרְבָּנ֞/וֹ	c/7133 a	HC/Ncmsc/Sp3ms
Num 7:13	קַֽעֲרַת	7086	HNcfsc
Num 7:13	כֶּ֣סֶף	3701	HNcmsa
Num 7:13	אַחַ֗ת	259	HAcfsa
Num 7:13	שְׁלֹשִׁ֣ים	7970	HAcbpa
Num 7:13	וּ/מֵאָה֮	c/3967	HC/Acbsa
Num 7:13	מִשְׁקָלָ/הּ֒	4948	HNcmsc/Sp3fs
Num 7:13	מִזְרָ֤ק	4219	HNcmsa
Num 7:13	אֶחָד֙	259	HAcmsa
Num 7:13	כֶּ֔סֶף	3701	HNcmsa
Num 7:13	שִׁבְעִ֥ים	7657	HAcbpa
Num 7:13	שֶׁ֖קֶל	8255	HNcmsa
Num 7:13	בְּ/שֶׁ֣קֶל	b/8255	HR/Ncmsc
Num 7:13	הַ/קֹּ֑דֶשׁ	d/6944	HTd/Ncmsa
Num 7:13	שְׁנֵי/הֶ֣ם	8147	HAcmdc/Sp3mp
Num 7:13	מְלֵאִ֗ים	4392	HAampa
Num 7:13	סֹ֛לֶת	5560	HNcfsa
Num 7:13	בְּלוּלָ֥ה	1101 a	HVqsfsa
Num 7:13	בַ/שֶּׁ֖מֶן	b/8081	HRd/Ncmsa
Num 7:13	לְ/מִנְחָֽה	l/4503	HR/Ncfsa
Num 7:14	כַּ֥ף	3709	HNcfsc
Num 7:14	אַחַ֛ת	259	HAcfsa
Num 7:14	עֲשָׂרָ֥ה	6235	HAcmsa
Num 7:14	זָהָ֖ב	2091	HNcmsa
Num 7:14	מְלֵאָ֥ה	4392	HAafsa
Num 7:14	קְטֹֽרֶת	7004	HNcfsa
Num 7:15	פַּ֣ר	6499	HNcmsa
Num 7:15	אֶחָ֞ד	259	HAcmsa
Num 7:15	בֶּן	1121 a	HNcmsc
Num 7:15	בָּקָ֗ר	1241	HNcbsa
Num 7:15	אַ֧יִל	352 a	HNcmsa
Num 7:15	אֶחָ֛ד	259	HAcmsa
Num 7:15	כֶּֽבֶשׂ	3532	HNcmsa
Num 7:15	אֶחָ֥ד	259	HAcmsa
Num 7:15	בֶּן	1121 a	HNcmsc
Num 7:15	שְׁנָת֖/וֹ	8141	HNcfsc/Sp3ms
Num 7:15	לְ/עֹלָֽה	l/5930 a	HR/Ncfsa
Num 7:16	שְׂעִיר	8163 b	HNcmsc
Num 7:16	עִזִּ֥ים	5795	HNcfpa
Num 7:16	אֶחָ֖ד	259	HAcmsa
Num 7:16	לְ/חַטָּֽאת	l/2403 b	HR/Ncfsa
Num 7:17	וּ/לְ/זֶ֣בַח	c/l/2077	HC/R/Ncmsc
Num 7:17	הַ/שְּׁלָמִים֮	d/8002	HTd/Ncmpa
Num 7:17	בָּקָ֣ר	1241	HNcbsa
Num 7:17	שְׁנַיִם֒	8147	HAcmda
Num 7:17	אֵילִ֤ם	352 a	HNcmpa
Num 7:17	חֲמִשָּׁה֙	2568	HAcmsa
Num 7:17	עַתּוּדִ֣ים	6260	HNcmpa
Num 7:17	חֲמִשָּׁ֔ה	2568	HAcmsa
Num 7:17	כְּבָשִׂ֥ים	3532	HNcmpa
Num 7:17	בְּנֵֽי	1121 a	HNcmpc
Num 7:17	שָׁנָ֖ה	8141	HNcfsa
Num 7:17	חֲמִשָּׁ֑ה	2568	HAcmsa
Num 7:17	זֶ֛ה	2088	HPdxms
Num 7:17	קָרְבַּ֥ן	7133 a	HNcmsc
Num 7:17	נַחְשׁ֖וֹן	5177	HNp
Num 7:17	בֶּן	1121 a	HNcmsc
Num 7:17	עַמִּינָדָֽב	5992	HNp
Num 7:18	בַּ/יּוֹם֙	b/3117	HRd/Ncmsa
Num 7:18	הַ/שֵּׁנִ֔י	d/8145	HTd/Aomsa
Num 7:18	הִקְרִ֖יב	7126	HVhp3ms
Num 7:18	נְתַנְאֵ֣ל	5417	HNp
Num 7:18	בֶּן	1121 a	HNcmsc
Num 7:18	צוּעָ֑ר	6686	HNp
Num 7:18	נְשִׂ֖יא	5387 a	HNcmsc
Num 7:18	יִשָּׂשכָֽר	3485	HNp
Num 7:19	הִקְרִ֨ב	7126	HVhp3ms
Num 7:19	אֶת	853	HTo
Num 7:19	קָרְבָּנ֜/וֹ	7133 a	HNcmsc/Sp3ms
Num 7:19	קַֽעֲרַת	7086	HNcfsc
Num 7:19	כֶּ֣סֶף	3701	HNcmsa
Num 7:19	אַחַ֗ת	259	HAcfsa
Num 7:19	שְׁלֹשִׁ֣ים	7970	HAcbpa
Num 7:19	וּ/מֵאָה֮	c/3967	HC/Acbsa
Num 7:19	מִשְׁקָלָ/הּ֒	4948	HNcmsc/Sp3fs
Num 7:19	מִזְרָ֤ק	4219	HNcmsa
Num 7:19	אֶחָד֙	259	HAcmsa
Num 7:19	כֶּ֔סֶף	3701	HNcmsa
Num 7:19	שִׁבְעִ֥ים	7657	HAcbpa
Num 7:19	שֶׁ֖קֶל	8255	HNcmsa
Num 7:19	בְּ/שֶׁ֣קֶל	b/8255	HR/Ncmsc
Num 7:19	הַ/קֹּ֑דֶשׁ	d/6944	HTd/Ncmsa
Num 7:19	שְׁנֵי/הֶ֣ם	8147	HAcmdc/Sp3mp
Num 7:19	מְלֵאִ֗ים	4392	HAampa
Num 7:19	סֹ֛לֶת	5560	HNcfsa
Num 7:19	בְּלוּלָ֥ה	1101 a	HVqsfsa
Num 7:19	בַ/שֶּׁ֖מֶן	b/8081	HRd/Ncmsa
Num 7:19	לְ/מִנְחָֽה	l/4503	HR/Ncfsa
Num 7:20	כַּ֥ף	3709	HNcfsc
Num 7:20	אַחַ֛ת	259	HAcfsa
Num 7:20	עֲשָׂרָ֥ה	6235	HAcmsa
Num 7:20	זָהָ֖ב	2091	HNcmsa
Num 7:20	מְלֵאָ֥ה	4392	HAafsa
Num 7:20	קְטֹֽרֶת	7004	HNcfsa
Num 7:21	פַּ֣ר	6499	HNcmsa
Num 7:21	אֶחָ֞ד	259	HAcmsa
Num 7:21	בֶּן	1121 a	HNcmsc
Num 7:21	בָּקָ֗ר	1241	HNcbsa
Num 7:21	אַ֧יִל	352 a	HNcmsa
Num 7:21	אֶחָ֛ד	259	HAcmsa
Num 7:21	כֶּֽבֶשׂ	3532	HNcmsa
Num 7:21	אֶחָ֥ד	259	HAcmsa
Num 7:21	בֶּן	1121 a	HNcmsc
Num 7:21	שְׁנָת֖/וֹ	8141	HNcfsc/Sp3ms
Num 7:21	לְ/עֹלָֽה	l/5930 a	HR/Ncfsa
Num 7:22	שְׂעִיר	8163 b	HNcmsc
Num 7:22	עִזִּ֥ים	5795	HNcfpa
Num 7:22	אֶחָ֖ד	259	HAcmsa
Num 7:22	לְ/חַטָּֽאת	l/2403 b	HR/Ncfsa
Num 7:23	וּ/לְ/זֶ֣בַח	c/l/2077	HC/R/Ncmsc
Num 7:23	הַ/שְּׁלָמִים֮	d/8002	HTd/Ncmpa
Num 7:23	בָּקָ֣ר	1241	HNcbsa
Num 7:23	שְׁנַיִם֒	8147	HAcmda
Num 7:23	אֵילִ֤ם	352 a	HNcmpa
Num 7:23	חֲמִשָּׁה֙	2568	HAcmsa
Num 7:23	עַתּוּדִ֣ים	6260	HNcmpa
Num 7:23	חֲמִשָּׁ֔ה	2568	HAcmsa
Num 7:23	כְּבָשִׂ֥ים	3532	HNcmpa
Num 7:23	בְּנֵי	1121 a	HNcmpc
Num 7:23	שָׁנָ֖ה	8141	HNcfsa
Num 7:23	חֲמִשָּׁ֑ה	2568	HAcmsa
Num 7:23	זֶ֛ה	2088	HPdxms
Num 7:23	קָרְבַּ֥ן	7133 a	HNcmsc
Num 7:23	נְתַנְאֵ֖ל	5417	HNp
Num 7:23	בֶּן	1121 a	HNcmsc
Num 7:23	צוּעָֽר	6686	HNp
Num 7:24	בַּ/יּוֹם֙	b/3117	HRd/Ncmsa
Num 7:24	הַ/שְּׁלִישִׁ֔י	d/7992	HTd/Aomsa
Num 7:24	נָשִׂ֖יא	5387 a	HNcmsa
Num 7:24	לִ/בְנֵ֣י	l/1121 a	HR/Ncmpc
Num 7:24	זְבוּלֻ֑ן	2074	HNp
Num 7:24	אֱלִיאָ֖ב	446	HNp
Num 7:24	בֶּן	1121 a	HNcmsc
Num 7:24	חֵלֹֽן	2497	HNp
Num 7:25	קָרְבָּנ֞/וֹ	7133 a	HNcmsc/Sp3ms
Num 7:25	קַֽעֲרַת	7086	HNcfsc
Num 7:25	כֶּ֣סֶף	3701	HNcmsa
Num 7:25	אַחַ֗ת	259	HAcfsa
Num 7:25	שְׁלֹשִׁ֣ים	7970	HAcbpa
Num 7:25	וּ/מֵאָה֮	c/3967	HC/Acbsa
Num 7:25	מִשְׁקָלָ/הּ֒	4948	HNcmsc/Sp3fs
Num 7:25	מִזְרָ֤ק	4219	HNcmsa
Num 7:25	אֶחָד֙	259	HAcmsa
Num 7:25	כֶּ֔סֶף	3701	HNcmsa
Num 7:25	שִׁבְעִ֥ים	7657	HAcbpa
Num 7:25	שֶׁ֖קֶל	8255	HNcmsa
Num 7:25	בְּ/שֶׁ֣קֶל	b/8255	HR/Ncmsc
Num 7:25	הַ/קֹּ֑דֶשׁ	d/6944	HTd/Ncmsa
Num 7:25	שְׁנֵי/הֶ֣ם	8147	HAcmdc/Sp3mp
Num 7:25	מְלֵאִ֗ים	4392	HAampa
Num 7:25	סֹ֛לֶת	5560	HNcfsa
Num 7:25	בְּלוּלָ֥ה	1101 a	HVqsfsa
Num 7:25	בַ/שֶּׁ֖מֶן	b/8081	HRd/Ncmsa
Num 7:25	לְ/מִנְחָֽה	l/4503	HR/Ncfsa
Num 7:26	כַּ֥ף	3709	HNcfsc
Num 7:26	אַחַ֛ת	259	HAcfsa
Num 7:26	עֲשָׂרָ֥ה	6235	HAcmsa
Num 7:26	זָהָ֖ב	2091	HNcmsa
Num 7:26	מְלֵאָ֥ה	4392	HAafsa
Num 7:26	קְטֹֽרֶת	7004	HNcfsa
Num 7:27	פַּ֣ר	6499	HNcmsa
Num 7:27	אֶחָ֞ד	259	HAcmsa
Num 7:27	בֶּן	1121 a	HNcmsc
Num 7:27	בָּקָ֗ר	1241	HNcbsa
Num 7:27	אַ֧יִל	352 a	HNcmsa
Num 7:27	אֶחָ֛ד	259	HAcmsa
Num 7:27	כֶּֽבֶשׂ	3532	HNcmsa
Num 7:27	אֶחָ֥ד	259	HAcmsa
Num 7:27	בֶּן	1121 a	HNcmsc
Num 7:27	שְׁנָת֖/וֹ	8141	HNcfsc/Sp3ms
Num 7:27	לְ/עֹלָֽה	l/5930 a	HR/Ncfsa
Num 7:28	שְׂעִיר	8163 b	HNcmsc
Num 7:28	עִזִּ֥ים	5795	HNcfpa
Num 7:28	אֶחָ֖ד	259	HAcmsa
Num 7:28	לְ/חַטָּֽאת	l/2403 b	HR/Ncfsa
Num 7:29	וּ/לְ/זֶ֣בַח	c/l/2077	HC/R/Ncmsc
Num 7:29	הַ/שְּׁלָמִים֮	d/8002	HTd/Ncmpa
Num 7:29	בָּקָ֣ר	1241	HNcbsa
Num 7:29	שְׁנַיִם֒	8147	HAcmda
Num 7:29	אֵילִ֤ם	352 a	HNcmpa
Num 7:29	חֲמִשָּׁה֙	2568	HAcmsa
Num 7:29	עַתֻּדִ֣ים	6260	HNcmpa
Num 7:29	חֲמִשָּׁ֔ה	2568	HAcmsa
Num 7:29	כְּבָשִׂ֥ים	3532	HNcmpa
Num 7:29	בְּנֵי	1121 a	HNcmpc
Num 7:29	שָׁנָ֖ה	8141	HNcfsa
Num 7:29	חֲמִשָּׁ֑ה	2568	HAcmsa
Num 7:29	זֶ֛ה	2088	HPdxms
Num 7:29	קָרְבַּ֥ן	7133 a	HNcmsc
Num 7:29	אֱלִיאָ֖ב	446	HNp
Num 7:29	בֶּן	1121 a	HNcmsc
Num 7:29	חֵלֹֽן	2497	HNp
Num 7:30	בַּ/יּוֹם֙	b/3117	HRd/Ncmsa
Num 7:30	הָ/רְבִיעִ֔י	d/7243	HTd/Aomsa
Num 7:30	נָשִׂ֖יא	5387 a	HNcmsa
Num 7:30	לִ/בְנֵ֣י	l/1121 a	HR/Ncmpc
Num 7:30	רְאוּבֵ֑ן	7205	HNp
Num 7:30	אֱלִיצ֖וּר	468	HNp
Num 7:30	בֶּן	1121 a	HNcmsc
Num 7:30	שְׁדֵיאֽוּר	7707	HNp
Num 7:31	קָרְבָּנ֞/וֹ	7133 a	HNcmsc/Sp3ms
Num 7:31	קַֽעֲרַת	7086	HNcfsc
Num 7:31	כֶּ֣סֶף	3701	HNcmsa
Num 7:31	אַחַ֗ת	259	HAcfsa
Num 7:31	שְׁלֹשִׁ֣ים	7970	HAcbpa
Num 7:31	וּ/מֵאָה֮	c/3967	HC/Acbsa
Num 7:31	מִשְׁקָלָ/הּ֒	4948	HNcmsc/Sp3fs
Num 7:31	מִזְרָ֤ק	4219	HNcmsa
Num 7:31	אֶחָד֙	259	HAcmsa
Num 7:31	כֶּ֔סֶף	3701	HNcmsa
Num 7:31	שִׁבְעִ֥ים	7657	HAcbpa
Num 7:31	שֶׁ֖קֶל	8255	HNcmsa
Num 7:31	בְּ/שֶׁ֣קֶל	b/8255	HR/Ncmsc
Num 7:31	הַ/קֹּ֑דֶשׁ	d/6944	HTd/Ncmsa
Num 7:31	שְׁנֵי/הֶ֣ם	8147	HAcmdc/Sp3mp
Num 7:31	מְלֵאִ֗ים	4392	HAampa
Num 7:31	סֹ֛לֶת	5560	HNcfsa
Num 7:31	בְּלוּלָ֥ה	1101 a	HVqsfsa
Num 7:31	בַ/שֶּׁ֖מֶן	b/8081	HRd/Ncmsa
Num 7:31	לְ/מִנְחָֽה	l/4503	HR/Ncfsa
Num 7:32	כַּ֥ף	3709	HNcfsc
Num 7:32	אַחַ֛ת	259	HAcfsa
Num 7:32	עֲשָׂרָ֥ה	6235	HAcmsa
Num 7:32	זָהָ֖ב	2091	HNcmsa
Num 7:32	מְלֵאָ֥ה	4392	HAafsa
Num 7:32	קְטֹֽרֶת	7004	HNcfsa
Num 7:33	פַּ֣ר	6499	HNcmsa
Num 7:33	אֶחָ֞ד	259	HAcmsa
Num 7:33	בֶּן	1121 a	HNcmsc
Num 7:33	בָּקָ֗ר	1241	HNcbsa
Num 7:33	אַ֧יִל	352 a	HNcmsa
Num 7:33	אֶחָ֛ד	259	HAcmsa
Num 7:33	כֶּֽבֶשׂ	3532	HNcmsa
Num 7:33	אֶחָ֥ד	259	HAcmsa
Num 7:33	בֶּן	1121 a	HNcmsc
Num 7:33	שְׁנָת֖/וֹ	8141	HNcfsc/Sp3ms
Num 7:33	לְ/עֹלָֽה	l/5930 a	HR/Ncfsa
Num 7:34	שְׂעִיר	8163 b	HNcmsc
Num 7:34	עִזִּ֥ים	5795	HNcfpa
Num 7:34	אֶחָ֖ד	259	HAcmsa
Num 7:34	לְ/חַטָּֽאת	l/2403 b	HR/Ncfsa
Num 7:35	וּ/לְ/זֶ֣בַח	c/l/2077	HC/R/Ncmsc
Num 7:35	הַ/שְּׁלָמִים֮	d/8002	HTd/Ncmpa
Num 7:35	בָּקָ֣ר	1241	HNcbsa
Num 7:35	שְׁנַיִם֒	8147	HAcmda
Num 7:35	אֵילִ֤ם	352 a	HNcmpa
Num 7:35	חֲמִשָּׁה֙	2568	HAcmsa
Num 7:35	עַתֻּדִ֣ים	6260	HNcmpa
Num 7:35	חֲמִשָּׁ֔ה	2568	HAcmsa
Num 7:35	כְּבָשִׂ֥ים	3532	HNcmpa
Num 7:35	בְּנֵֽי	1121 a	HNcmpc
Num 7:35	שָׁנָ֖ה	8141	HNcfsa
Num 7:35	חֲמִשָּׁ֑ה	2568	HAcmsa
Num 7:35	זֶ֛ה	2088	HPdxms
Num 7:35	קָרְבַּ֥ן	7133 a	HNcmsc
Num 7:35	אֱלִיצ֖וּר	468	HNp
Num 7:35	בֶּן	1121 a	HNcmsc
Num 7:35	שְׁדֵיאֽוּר	7707	HNp
Num 7:36	בַּ/יּוֹם֙	b/3117	HRd/Ncmsa
Num 7:36	הַ/חֲמִישִׁ֔י	d/2549	HTd/Aomsa
Num 7:36	נָשִׂ֖יא	5387 a	HNcmsa
Num 7:36	לִ/בְנֵ֣י	l/1121 a	HR/Ncmpc
Num 7:36	שִׁמְע֑וֹן	8095	HNp
Num 7:36	שְׁלֻֽמִיאֵ֖ל	8017	HNp
Num 7:36	בֶּן	1121 a	HNcmsc
Num 7:36	צוּרִֽישַׁדָּֽי	6701	HNp
Num 7:37	קָרְבָּנ֞/וֹ	7133 a	HNcmsc/Sp3ms
Num 7:37	קַֽעֲרַת	7086	HNcfsc
Num 7:37	כֶּ֣סֶף	3701	HNcmsa
Num 7:37	אַחַ֗ת	259	HAcfsa
Num 7:37	שְׁלֹשִׁ֣ים	7970	HAcbpa
Num 7:37	וּ/מֵאָה֮	c/3967	HC/Acbsa
Num 7:37	מִשְׁקָלָ/הּ֒	4948	HNcmsc/Sp3fs
Num 7:37	מִזְרָ֤ק	4219	HNcmsa
Num 7:37	אֶחָד֙	259	HAcmsa
Num 7:37	כֶּ֔סֶף	3701	HNcmsa
Num 7:37	שִׁבְעִ֥ים	7657	HAcbpa
Num 7:37	שֶׁ֖קֶל	8255	HNcmsa
Num 7:37	בְּ/שֶׁ֣קֶל	b/8255	HR/Ncmsc
Num 7:37	הַ/קֹּ֑דֶשׁ	d/6944	HTd/Ncmsa
Num 7:37	שְׁנֵי/הֶ֣ם	8147	HAcmdc/Sp3mp
Num 7:37	מְלֵאִ֗ים	4392	HAampa
Num 7:37	סֹ֛לֶת	5560	HNcfsa
Num 7:37	בְּלוּלָ֥ה	1101 a	HVqsfsa
Num 7:37	בַ/שֶּׁ֖מֶן	b/8081	HRd/Ncmsa
Num 7:37	לְ/מִנְחָֽה	l/4503	HR/Ncfsa
Num 7:38	כַּ֥ף	3709	HNcfsc
Num 7:38	אַחַ֛ת	259	HAcfsa
Num 7:38	עֲשָׂרָ֥ה	6235	HAcmsa
Num 7:38	זָהָ֖ב	2091	HNcmsa
Num 7:38	מְלֵאָ֥ה	4392	HAafsa
Num 7:38	קְטֹֽרֶת	7004	HNcfsa
Num 7:39	פַּ֣ר	6499	HNcmsa
Num 7:39	אֶחָ֞ד	259	HAcmsa
Num 7:39	בֶּן	1121 a	HNcmsc
Num 7:39	בָּקָ֗ר	1241	HNcbsa
Num 7:39	אַ֧יִל	352 a	HNcmsa
Num 7:39	אֶחָ֛ד	259	HAcmsa
Num 7:39	כֶּֽבֶשׂ	3532	HNcmsa
Num 7:39	אֶחָ֥ד	259	HAcmsa
Num 7:39	בֶּן	1121 a	HNcmsc
Num 7:39	שְׁנָת֖/וֹ	8141	HNcfsc/Sp3ms
Num 7:39	לְ/עֹלָֽה	l/5930 a	HR/Ncfsa
Num 7:40	שְׂעִיר	8163 b	HNcmsc
Num 7:40	עִזִּ֥ים	5795	HNcfpa
Num 7:40	אֶחָ֖ד	259	HAcmsa
Num 7:40	לְ/חַטָּֽאת	l/2403 b	HR/Ncfsa
Num 7:41	וּ/לְ/זֶ֣בַח	c/l/2077	HC/R/Ncmsc
Num 7:41	הַ/שְּׁלָמִים֮	d/8002	HTd/Ncmpa
Num 7:41	בָּקָ֣ר	1241	HNcbsa
Num 7:41	שְׁנַיִם֒	8147	HAcmda
Num 7:41	אֵילִ֤ם	352 a	HNcmpa
Num 7:41	חֲמִשָּׁה֙	2568	HAcmsa
Num 7:41	עַתֻּדִ֣ים	6260	HNcmpa
Num 7:41	חֲמִשָּׁ֔ה	2568	HAcmsa
Num 7:41	כְּבָשִׂ֥ים	3532	HNcmpa
Num 7:41	בְּנֵי	1121 a	HNcmpc
Num 7:41	שָׁנָ֖ה	8141	HNcfsa
Num 7:41	חֲמִשָּׁ֑ה	2568	HAcmsa
Num 7:41	זֶ֛ה	2088	HPdxms
Num 7:41	קָרְבַּ֥ן	7133 a	HNcmsc
Num 7:41	שְׁלֻמִיאֵ֖ל	8017	HNp
Num 7:41	בֶּן	1121 a	HNcmsc
Num 7:41	צוּרִֽישַׁדָּֽי	6701	HNp
Num 7:42	בַּ/יּוֹם֙	b/3117	HRd/Ncmsa
Num 7:42	הַ/שִּׁשִּׁ֔י	d/8345	HTd/Aomsa
Num 7:42	נָשִׂ֖יא	5387 a	HNcmsa
Num 7:42	לִ/בְנֵ֣י	l/1121 a	HR/Ncmpc
Num 7:42	גָ֑ד	1410	HNp
Num 7:42	אֶלְיָסָ֖ף	460	HNp
Num 7:42	בֶּן	1121 a	HNcmsc
Num 7:42	דְּעוּאֵֽל	1845	HNp
Num 7:43	קָרְבָּנ֞/וֹ	7133 a	HNcmsc/Sp3ms
Num 7:43	קַֽעֲרַת	7086	HNcfsc
Num 7:43	כֶּ֣סֶף	3701	HNcmsa
Num 7:43	אַחַ֗ת	259	HAcfsa
Num 7:43	שְׁלֹשִׁ֣ים	7970	HAcbpa
Num 7:43	וּ/מֵאָה֮	c/3967	HC/Acbsa
Num 7:43	מִשְׁקָלָ/הּ֒	4948	HNcmsc/Sp3fs
Num 7:43	מִזְרָ֤ק	4219	HNcmsa
Num 7:43	אֶחָד֙	259	HAcmsa
Num 7:43	כֶּ֔סֶף	3701	HNcmsa
Num 7:43	שִׁבְעִ֥ים	7657	HAcbpa
Num 7:43	שֶׁ֖קֶל	8255	HNcmsa
Num 7:43	בְּ/שֶׁ֣קֶל	b/8255	HR/Ncmsc
Num 7:43	הַ/קֹּ֑דֶשׁ	d/6944	HTd/Ncmsa
Num 7:43	שְׁנֵי/הֶ֣ם	8147	HAcmdc/Sp3mp
Num 7:43	מְלֵאִ֗ים	4392	HAampa
Num 7:43	סֹ֛לֶת	5560	HNcfsa
Num 7:43	בְּלוּלָ֥ה	1101 a	HVqsfsa
Num 7:43	בַ/שֶּׁ֖מֶן	b/8081	HRd/Ncmsa
Num 7:43	לְ/מִנְחָֽה	l/4503	HR/Ncfsa
Num 7:44	כַּ֥ף	3709	HNcfsc
Num 7:44	אַחַ֛ת	259	HAcfsa
Num 7:44	עֲשָׂרָ֥ה	6235	HAcmsa
Num 7:44	זָהָ֖ב	2091	HNcmsa
Num 7:44	מְלֵאָ֥ה	4392	HAafsa
Num 7:44	קְטֹֽרֶת	7004	HNcfsa
Num 7:45	פַּ֣ר	6499	HNcmsa
Num 7:45	אֶחָ֞ד	259	HAcmsa
Num 7:45	בֶּן	1121 a	HNcmsc
Num 7:45	בָּקָ֗ר	1241	HNcbsa
Num 7:45	אַ֧יִל	352 a	HNcmsa
Num 7:45	אֶחָ֛ד	259	HAcmsa
Num 7:45	כֶּֽבֶשׂ	3532	HNcmsa
Num 7:45	אֶחָ֥ד	259	HAcmsa
Num 7:45	בֶּן	1121 a	HNcmsc
Num 7:45	שְׁנָת֖/וֹ	8141	HNcfsc/Sp3ms
Num 7:45	לְ/עֹלָֽה	l/5930 a	HR/Ncfsa
Num 7:46	שְׂעִיר	8163 b	HNcmsc
Num 7:46	עִזִּ֥ים	5795	HNcfpa
Num 7:46	אֶחָ֖ד	259	HAcmsa
Num 7:46	לְ/חַטָּֽאת	l/2403 b	HR/Ncfsa
Num 7:47	וּ/לְ/זֶ֣בַח	c/l/2077	HC/R/Ncmsc
Num 7:47	הַ/שְּׁלָמִים֮	d/8002	HTd/Ncmpa
Num 7:47	בָּקָ֣ר	1241	HNcbsa
Num 7:47	שְׁנַיִם֒	8147	HAcmda
Num 7:47	אֵילִ֤ם	352 a	HNcmpa
Num 7:47	חֲמִשָּׁה֙	2568	HAcmsa
Num 7:47	עַתֻּדִ֣ים	6260	HNcmpa
Num 7:47	חֲמִשָּׁ֔ה	2568	HAcmsa
Num 7:47	כְּבָשִׂ֥ים	3532	HNcmpa
Num 7:47	בְּנֵי	1121 a	HNcmpc
Num 7:47	שָׁנָ֖ה	8141	HNcfsa
Num 7:47	חֲמִשָּׁ֑ה	2568	HAcmsa
Num 7:47	זֶ֛ה	2088	HPdxms
Num 7:47	קָרְבַּ֥ן	7133 a	HNcmsc
Num 7:47	אֶלְיָסָ֖ף	460	HNp
Num 7:47	בֶּן	1121 a	HNcmsc
Num 7:47	דְּעוּאֵֽל	1845	HNp
Num 7:48	בַּ/יּוֹם֙	b/3117	HRd/Ncmsa
Num 7:48	הַ/שְּׁבִיעִ֔י	d/7637	HTd/Aomsa
Num 7:48	נָשִׂ֖יא	5387 a	HNcmsa
Num 7:48	לִ/בְנֵ֣י	l/1121 a	HR/Ncmpc
Num 7:48	אֶפְרָ֑יִם	669	HNp
Num 7:48	אֱלִֽישָׁמָ֖ע	476	HNp
Num 7:48	בֶּן	1121 a	HNcmsc
Num 7:48	עַמִּיהֽוּד	5989	HNp
Num 7:49	קָרְבָּנ֞/וֹ	7133 a	HNcmsc/Sp3ms
Num 7:49	קַֽעֲרַת	7086	HNcfsc
Num 7:49	כֶּ֣סֶף	3701	HNcmsa
Num 7:49	אַחַ֗ת	259	HAcfsa
Num 7:49	שְׁלֹשִׁ֣ים	7970	HAcbpa
Num 7:49	וּ/מֵאָה֮	c/3967	HC/Acbsa
Num 7:49	מִשְׁקָלָ/הּ֒	4948	HNcmsc/Sp3fs
Num 7:49	מִזְרָ֤ק	4219	HNcmsa
Num 7:49	אֶחָד֙	259	HAcmsa
Num 7:49	כֶּ֔סֶף	3701	HNcmsa
Num 7:49	שִׁבְעִ֥ים	7657	HAcbpa
Num 7:49	שֶׁ֖קֶל	8255	HNcmsa
Num 7:49	בְּ/שֶׁ֣קֶל	b/8255	HR/Ncmsc
Num 7:49	הַ/קֹּ֑דֶשׁ	d/6944	HTd/Ncmsa
Num 7:49	שְׁנֵי/הֶ֣ם	8147	HAcmdc/Sp3mp
Num 7:49	מְלֵאִ֗ים	4392	HAampa
Num 7:49	סֹ֛לֶת	5560	HNcfsa
Num 7:49	בְּלוּלָ֥ה	1101 a	HVqsfsa
Num 7:49	בַ/שֶּׁ֖מֶן	b/8081	HRd/Ncmsa
Num 7:49	לְ/מִנְחָֽה	l/4503	HR/Ncfsa
Num 7:50	כַּ֥ף	3709	HNcfsc
Num 7:50	אַחַ֛ת	259	HAcfsa
Num 7:50	עֲשָׂרָ֥ה	6235	HAcmsa
Num 7:50	זָהָ֖ב	2091	HNcmsa
Num 7:50	מְלֵאָ֥ה	4392	HAafsa
Num 7:50	קְטֹֽרֶת	7004	HNcfsa
Num 7:51	פַּ֣ר	6499	HNcmsa
Num 7:51	אֶחָ֞ד	259	HAcmsa
Num 7:51	בֶּן	1121 a	HNcmsc
Num 7:51	בָּקָ֗ר	1241	HNcbsa
Num 7:51	אַ֧יִל	352 a	HNcmsa
Num 7:51	אֶחָ֛ד	259	HAcmsa
Num 7:51	כֶּֽבֶשׂ	3532	HNcmsa
Num 7:51	אֶחָ֥ד	259	HAcmsa
Num 7:51	בֶּן	1121 a	HNcmsc
Num 7:51	שְׁנָת֖/וֹ	8141	HNcfsc/Sp3ms
Num 7:51	לְ/עֹלָֽה	l/5930 a	HR/Ncfsa
Num 7:52	שְׂעִיר	8163 b	HNcmsc
Num 7:52	עִזִּ֥ים	5795	HNcfpa
Num 7:52	אֶחָ֖ד	259	HAcmsa
Num 7:52	לְ/חַטָּֽאת	l/2403 b	HR/Ncfsa
Num 7:53	וּ/לְ/זֶ֣בַח	c/l/2077	HC/R/Ncmsc
Num 7:53	הַ/שְּׁלָמִים֮	d/8002	HTd/Ncmpa
Num 7:53	בָּקָ֣ר	1241	HNcbsa
Num 7:53	שְׁנַיִם֒	8147	HAcmda
Num 7:53	אֵילִ֤ם	352 a	HNcmpa
Num 7:53	חֲמִשָּׁה֙	2568	HAcmsa
Num 7:53	עַתֻּדִ֣ים	6260	HNcmpa
Num 7:53	חֲמִשָּׁ֔ה	2568	HAcmsa
Num 7:53	כְּבָשִׂ֥ים	3532	HNcmpa
Num 7:53	בְּנֵֽי	1121 a	HNcmpc
Num 7:53	שָׁנָ֖ה	8141	HNcfsa
Num 7:53	חֲמִשָּׁ֑ה	2568	HAcmsa
Num 7:53	זֶ֛ה	2088	HPdxms
Num 7:53	קָרְבַּ֥ן	7133 a	HNcmsc
Num 7:53	אֱלִישָׁמָ֖ע	476	HNp
Num 7:53	בֶּן	1121 a	HNcmsc
Num 7:53	עַמִּיהֽוּד	5989	HNp
Num 7:54	בַּ/יּוֹם֙	b/3117	HRd/Ncmsa
Num 7:54	הַ/שְּׁמִינִ֔י	d/8066	HTd/Aomsa
Num 7:54	נָשִׂ֖יא	5387 a	HNcmsa
Num 7:54	לִ/בְנֵ֣י	l/1121 a	HR/Ncmpc
Num 7:54	מְנַשֶּׁ֑ה	4519	HNp
Num 7:54	גַּמְלִיאֵ֖ל	1583	HNp
Num 7:54	בֶּן	1121 a	HNcmsc
Num 7:54	פְּדָה	6301+	HNp
Num 7:54	צֽוּר	6301	HNp
Num 7:55	קָרְבָּנ֞/וֹ	7133 a	HNcmsc/Sp3ms
Num 7:55	קַֽעֲרַת	7086	HNcfsc
Num 7:55	כֶּ֣סֶף	3701	HNcmsa
Num 7:55	אַחַ֗ת	259	HAcfsa
Num 7:55	שְׁלֹשִׁ֣ים	7970	HAcbpa
Num 7:55	וּ/מֵאָה֮	c/3967	HC/Acbsa
Num 7:55	מִשְׁקָלָ/הּ֒	4948	HNcmsc/Sp3fs
Num 7:55	מִזְרָ֤ק	4219	HNcmsa
Num 7:55	אֶחָד֙	259	HAcmsa
Num 7:55	כֶּ֔סֶף	3701	HNcmsa
Num 7:55	שִׁבְעִ֥ים	7657	HAcbpa
Num 7:55	שֶׁ֖קֶל	8255	HNcmsa
Num 7:55	בְּ/שֶׁ֣קֶל	b/8255	HR/Ncmsc
Num 7:55	הַ/קֹּ֑דֶשׁ	d/6944	HTd/Ncmsa
Num 7:55	שְׁנֵי/הֶ֣ם	8147	HAcmdc/Sp3mp
Num 7:55	מְלֵאִ֗ים	4392	HAampa
Num 7:55	סֹ֛לֶת	5560	HNcfsa
Num 7:55	בְּלוּלָ֥ה	1101 a	HVqsfsa
Num 7:55	בַ/שֶּׁ֖מֶן	b/8081	HRd/Ncmsa
Num 7:55	לְ/מִנְחָֽה	l/4503	HR/Ncfsa
Num 7:56	כַּ֥ף	3709	HNcfsc
Num 7:56	אַחַ֛ת	259	HAcfsa
Num 7:56	עֲשָׂרָ֥ה	6235	HAcmsa
Num 7:56	זָהָ֖ב	2091	HNcmsa
Num 7:56	מְלֵאָ֥ה	4392	HAafsa
Num 7:56	קְטֹֽרֶת	7004	HNcfsa
Num 7:57	פַּ֣ר	6499	HNcmsa
Num 7:57	אֶחָ֞ד	259	HAcmsa
Num 7:57	בֶּן	1121 a	HNcmsc
Num 7:57	בָּקָ֗ר	1241	HNcbsa
Num 7:57	אַ֧יִל	352 a	HNcmsa
Num 7:57	אֶחָ֛ד	259	HAcmsa
Num 7:57	כֶּֽבֶשׂ	3532	HNcmsa
Num 7:57	אֶחָ֥ד	259	HAcmsa
Num 7:57	בֶּן	1121 a	HNcmsc
Num 7:57	שְׁנָת֖/וֹ	8141	HNcfsc/Sp3ms
Num 7:57	לְ/עֹלָֽה	l/5930 a	HR/Ncfsa
Num 7:58	שְׂעִיר	8163 b	HNcmsc
Num 7:58	עִזִּ֥ים	5795	HNcfpa
Num 7:58	אֶחָ֖ד	259	HAcmsa
Num 7:58	לְ/חַטָּֽאת	l/2403 b	HR/Ncfsa
Num 7:59	וּ/לְ/זֶ֣בַח	c/l/2077	HC/R/Ncmsc
Num 7:59	הַ/שְּׁלָמִים֮	d/8002	HTd/Ncmpa
Num 7:59	בָּקָ֣ר	1241	HNcbsa
Num 7:59	שְׁנַיִם֒	8147	HAcmda
Num 7:59	אֵילִ֤ם	352 a	HNcmpa
Num 7:59	חֲמִשָּׁה֙	2568	HAcmsa
Num 7:59	עַתֻּדִ֣ים	6260	HNcmpa
Num 7:59	חֲמִשָּׁ֔ה	2568	HAcmsa
Num 7:59	כְּבָשִׂ֥ים	3532	HNcmpa
Num 7:59	בְּנֵי	1121 a	HNcmpc
Num 7:59	שָׁנָ֖ה	8141	HNcfsa
Num 7:59	חֲמִשָּׁ֑ה	2568	HAcmsa
Num 7:59	זֶ֛ה	2088	HPdxms
Num 7:59	קָרְבַּ֥ן	7133 a	HNcmsc
Num 7:59	גַּמְלִיאֵ֖ל	1583	HNp
Num 7:59	בֶּן	1121 a	HNcmsc
Num 7:59	פְּדָה	6301+	HNp
Num 7:59	צֽוּר	6301	HNp
Num 7:60	בַּ/יּוֹם֙	b/3117	HRd/Ncmsa
Num 7:60	הַ/תְּשִׁיעִ֔י	d/8671	HTd/Aomsa
Num 7:60	נָשִׂ֖יא	5387 a	HNcmsa
Num 7:60	לִ/בְנֵ֣י	l/1121 a	HR/Ncmpc
Num 7:60	בִנְיָמִ֑ן	1144	HNp
Num 7:60	אֲבִידָ֖ן	27	HNp
Num 7:60	בֶּן	1121 a	HNcmsc
Num 7:60	גִּדְעֹנִֽי	1441	HNp
Num 7:61	קָרְבָּנ֞/וֹ	7133 a	HNcmsc/Sp3ms
Num 7:61	קַֽעֲרַת	7086	HNcfsc
Num 7:61	כֶּ֣סֶף	3701	HNcmsa
Num 7:61	אַחַ֗ת	259	HAcfsa
Num 7:61	שְׁלֹשִׁ֣ים	7970	HAcbpa
Num 7:61	וּ/מֵאָה֮	c/3967	HC/Acbsa
Num 7:61	מִשְׁקָלָ/הּ֒	4948	HNcmsc/Sp3fs
Num 7:61	מִזְרָ֤ק	4219	HNcmsa
Num 7:61	אֶחָד֙	259	HAcmsa
Num 7:61	כֶּ֔סֶף	3701	HNcmsa
Num 7:61	שִׁבְעִ֥ים	7657	HAcbpa
Num 7:61	שֶׁ֖קֶל	8255	HNcmsa
Num 7:61	בְּ/שֶׁ֣קֶל	b/8255	HR/Ncmsc
Num 7:61	הַ/קֹּ֑דֶשׁ	d/6944	HTd/Ncmsa
Num 7:61	שְׁנֵי/הֶ֣ם	8147	HAcmdc/Sp3mp
Num 7:61	מְלֵאִ֗ים	4392	HAampa
Num 7:61	סֹ֛לֶת	5560	HNcfsa
Num 7:61	בְּלוּלָ֥ה	1101 a	HVqsfsa
Num 7:61	בַ/שֶּׁ֖מֶן	b/8081	HRd/Ncmsa
Num 7:61	לְ/מִנְחָֽה	l/4503	HR/Ncfsa
Num 7:62	כַּ֥ף	3709	HNcfsc
Num 7:62	אַחַ֛ת	259	HAcfsa
Num 7:62	עֲשָׂרָ֥ה	6235	HAcmsa
Num 7:62	זָהָ֖ב	2091	HNcmsa
Num 7:62	מְלֵאָ֥ה	4392	HAafsa
Num 7:62	קְטֹֽרֶת	7004	HNcfsa
Num 7:63	פַּ֣ר	6499	HNcmsa
Num 7:63	אֶחָ֞ד	259	HAcmsa
Num 7:63	בֶּן	1121 a	HNcmsc
Num 7:63	בָּקָ֗ר	1241	HNcbsa
Num 7:63	אַ֧יִל	352 a	HNcmsa
Num 7:63	אֶחָ֛ד	259	HAcmsa
Num 7:63	כֶּֽבֶשׂ	3532	HNcmsa
Num 7:63	אֶחָ֥ד	259	HAcmsa
Num 7:63	בֶּן	1121 a	HNcmsc
Num 7:63	שְׁנָת֖/וֹ	8141	HNcfsc/Sp3ms
Num 7:63	לְ/עֹלָֽה	l/5930 a	HR/Ncfsa
Num 7:64	שְׂעִיר	8163 b	HNcmsc
Num 7:64	עִזִּ֥ים	5795	HNcfpa
Num 7:64	אֶחָ֖ד	259	HAcmsa
Num 7:64	לְ/חַטָּֽאת	l/2403 b	HR/Ncfsa
Num 7:65	וּ/לְ/זֶ֣בַח	c/l/2077	HC/R/Ncmsc
Num 7:65	הַ/שְּׁלָמִים֮	d/8002	HTd/Ncmpa
Num 7:65	בָּקָ֣ר	1241	HNcbsa
Num 7:65	שְׁנַיִם֒	8147	HAcmda
Num 7:65	אֵילִ֤ם	352 a	HNcmpa
Num 7:65	חֲמִשָּׁה֙	2568	HAcmsa
Num 7:65	עַתֻּדִ֣ים	6260	HNcmpa
Num 7:65	חֲמִשָּׁ֔ה	2568	HAcmsa
Num 7:65	כְּבָשִׂ֥ים	3532	HNcmpa
Num 7:65	בְּנֵי	1121 a	HNcmpc
Num 7:65	שָׁנָ֖ה	8141	HNcfsa
Num 7:65	חֲמִשָּׁ֑ה	2568	HAcmsa
Num 7:65	זֶ֛ה	2088	HPdxms
Num 7:65	קָרְבַּ֥ן	7133 a	HNcmsc
Num 7:65	אֲבִידָ֖ן	27	HNp
Num 7:65	בֶּן	1121 a	HNcmsc
Num 7:65	גִּדְעֹנִֽי	1441	HNp
Num 7:66	בַּ/יּוֹם֙	b/3117	HRd/Ncmsa
Num 7:66	הָ/עֲשִׂירִ֔י	d/6224	HTd/Aomsa
Num 7:66	נָשִׂ֖יא	5387 a	HNcmsa
Num 7:66	לִ/בְנֵ֣י	l/1121 a	HR/Ncmpc
Num 7:66	דָ֑ן	1835	HNp
Num 7:66	אֲחִיעֶ֖זֶר	295	HNp
Num 7:66	בֶּן	1121 a	HNcmsc
Num 7:66	עַמִּישַׁדָּֽי	5996	HNp
Num 7:67	קָרְבָּנ֞/וֹ	7133 a	HNcmsc/Sp3ms
Num 7:67	קַֽעֲרַת	7086	HNcfsc
Num 7:67	כֶּ֣סֶף	3701	HNcmsa
Num 7:67	אַחַ֗ת	259	HAcfsa
Num 7:67	שְׁלֹשִׁ֣ים	7970	HAcbpa
Num 7:67	וּ/מֵאָה֮	c/3967	HC/Acbsa
Num 7:67	מִשְׁקָלָ/הּ֒	4948	HNcmsc/Sp3fs
Num 7:67	מִזְרָ֤ק	4219	HNcmsa
Num 7:67	אֶחָד֙	259	HAcmsa
Num 7:67	כֶּ֔סֶף	3701	HNcmsa
Num 7:67	שִׁבְעִ֥ים	7657	HAcbpa
Num 7:67	שֶׁ֖קֶל	8255	HNcmsa
Num 7:67	בְּ/שֶׁ֣קֶל	b/8255	HR/Ncmsc
Num 7:67	הַ/קֹּ֑דֶשׁ	d/6944	HTd/Ncmsa
Num 7:67	שְׁנֵי/הֶ֣ם	8147	HAcmdc/Sp3mp
Num 7:67	מְלֵאִ֗ים	4392	HAampa
Num 7:67	סֹ֛לֶת	5560	HNcfsa
Num 7:67	בְּלוּלָ֥ה	1101 a	HVqsfsa
Num 7:67	בַ/שֶּׁ֖מֶן	b/8081	HRd/Ncmsa
Num 7:67	לְ/מִנְחָֽה	l/4503	HR/Ncfsa
Num 7:68	כַּ֥ף	3709	HNcfsc
Num 7:68	אַחַ֛ת	259	HAcfsa
Num 7:68	עֲשָׂרָ֥ה	6235	HAcmsa
Num 7:68	זָהָ֖ב	2091	HNcmsa
Num 7:68	מְלֵאָ֥ה	4392	HAafsa
Num 7:68	קְטֹֽרֶת	7004	HNcfsa
Num 7:69	פַּ֣ר	6499	HNcmsa
Num 7:69	אֶחָ֞ד	259	HAcmsa
Num 7:69	בֶּן	1121 a	HNcmsc
Num 7:69	בָּקָ֗ר	1241	HNcbsa
Num 7:69	אַ֧יִל	352 a	HNcmsa
Num 7:69	אֶחָ֛ד	259	HAcmsa
Num 7:69	כֶּֽבֶשׂ	3532	HNcmsa
Num 7:69	אֶחָ֥ד	259	HAcmsa
Num 7:69	בֶּן	1121 a	HNcmsc
Num 7:69	שְׁנָת֖/וֹ	8141	HNcfsc/Sp3ms
Num 7:69	לְ/עֹלָֽה	l/5930 a	HR/Ncfsa
Num 7:70	שְׂעִיר	8163 b	HNcmsc
Num 7:70	עִזִּ֥ים	5795	HNcfpa
Num 7:70	אֶחָ֖ד	259	HAcmsa
Num 7:70	לְ/חַטָּֽאת	l/2403 b	HR/Ncfsa
Num 7:71	וּ/לְ/זֶ֣בַח	c/l/2077	HC/R/Ncmsc
Num 7:71	הַ/שְּׁלָמִים֮	d/8002	HTd/Ncmpa
Num 7:71	בָּקָ֣ר	1241	HNcbsa
Num 7:71	שְׁנַיִם֒	8147	HAcmda
Num 7:71	אֵילִ֤ם	352 a	HNcmpa
Num 7:71	חֲמִשָּׁה֙	2568	HAcmsa
Num 7:71	עַתֻּדִ֣ים	6260	HNcmpa
Num 7:71	חֲמִשָּׁ֔ה	2568	HAcmsa
Num 7:71	כְּבָשִׂ֥ים	3532	HNcmpa
Num 7:71	בְּנֵֽי	1121 a	HNcmpc
Num 7:71	שָׁנָ֖ה	8141	HNcfsa
Num 7:71	חֲמִשָּׁ֑ה	2568	HAcmsa
Num 7:71	זֶ֛ה	2088	HPdxms
Num 7:71	קָרְבַּ֥ן	7133 a	HNcmsc
Num 7:71	אֲחִיעֶ֖זֶר	295	HNp
Num 7:71	בֶּן	1121 a	HNcmsc
Num 7:71	עַמִּישַׁדָּֽי	5996	HNp
Num 7:72	בְּ/יוֹם֙	b/3117	HR/Ncmsc
Num 7:72	עַשְׁתֵּ֣י	6249	HAobpc
Num 7:72	עָשָׂ֣ר	6240	HAcmsa
Num 7:72	י֔וֹם	3117	HNcmsa
Num 7:72	נָשִׂ֖יא	5387 a	HNcmsa
Num 7:72	לִ/בְנֵ֣י	l/1121 a	HR/Ncmpc
Num 7:72	אָשֵׁ֑ר	836	HNp
Num 7:72	פַּגְעִיאֵ֖ל	6295	HNp
Num 7:72	בֶּן	1121 a	HNcmsc
Num 7:72	עָכְרָֽן	5918	HNp
Num 7:73	קָרְבָּנ֞/וֹ	7133 a	HNcmsc/Sp3ms
Num 7:73	קַֽעֲרַת	7086	HNcfsc
Num 7:73	כֶּ֣סֶף	3701	HNcmsa
Num 7:73	אַחַ֗ת	259	HAcfsa
Num 7:73	שְׁלֹשִׁ֣ים	7970	HAcbpa
Num 7:73	וּ/מֵאָה֮	c/3967	HC/Acbsa
Num 7:73	מִשְׁקָלָ/הּ֒	4948	HNcmsc/Sp3fs
Num 7:73	מִזְרָ֤ק	4219	HNcmsa
Num 7:73	אֶחָד֙	259	HAcmsa
Num 7:73	כֶּ֔סֶף	3701	HNcmsa
Num 7:73	שִׁבְעִ֥ים	7657	HAcbpa
Num 7:73	שֶׁ֖קֶל	8255	HNcmsa
Num 7:73	בְּ/שֶׁ֣קֶל	b/8255	HR/Ncmsc
Num 7:73	הַ/קֹּ֑דֶשׁ	d/6944	HTd/Ncmsa
Num 7:73	שְׁנֵי/הֶ֣ם	8147	HAcmdc/Sp3mp
Num 7:73	מְלֵאִ֗ים	4392	HAampa
Num 7:73	סֹ֛לֶת	5560	HNcfsa
Num 7:73	בְּלוּלָ֥ה	1101 a	HVqsfsa
Num 7:73	בַ/שֶּׁ֖מֶן	b/8081	HRd/Ncmsa
Num 7:73	לְ/מִנְחָֽה	l/4503	HR/Ncfsa
Num 7:74	כַּ֥ף	3709	HNcfsc
Num 7:74	אַחַ֛ת	259	HAcfsa
Num 7:74	עֲשָׂרָ֥ה	6235	HAcmsa
Num 7:74	זָהָ֖ב	2091	HNcmsa
Num 7:74	מְלֵאָ֥ה	4392	HAafsa
Num 7:74	קְטֹֽרֶת	7004	HNcfsa
Num 7:75	פַּ֣ר	6499	HNcmsa
Num 7:75	אֶחָ֞ד	259	HAcmsa
Num 7:75	בֶּן	1121 a	HNcmsc
Num 7:75	בָּקָ֗ר	1241	HNcbsa
Num 7:75	אַ֧יִל	352 a	HNcmsa
Num 7:75	אֶחָ֛ד	259	HAcmsa
Num 7:75	כֶּֽבֶשׂ	3532	HNcmsa
Num 7:75	אֶחָ֥ד	259	HAcmsa
Num 7:75	בֶּן	1121 a	HNcmsc
Num 7:75	שְׁנָת֖/וֹ	8141	HNcfsc/Sp3ms
Num 7:75	לְ/עֹלָֽה	l/5930 a	HR/Ncfsa
Num 7:76	שְׂעִיר	8163 b	HNcmsc
Num 7:76	עִזִּ֥ים	5795	HNcfpa
Num 7:76	אֶחָ֖ד	259	HAcmsa
Num 7:76	לְ/חַטָּֽאת	l/2403 b	HR/Ncfsa
Num 7:77	וּ/לְ/זֶ֣בַח	c/l/2077	HC/R/Ncmsc
Num 7:77	הַ/שְּׁלָמִים֮	d/8002	HTd/Ncmpa
Num 7:77	בָּקָ֣ר	1241	HNcbsa
Num 7:77	שְׁנַיִם֒	8147	HAcmda
Num 7:77	אֵילִ֤ם	352 a	HNcmpa
Num 7:77	חֲמִשָּׁה֙	2568	HAcmsa
Num 7:77	עַתֻּדִ֣ים	6260	HNcmpa
Num 7:77	חֲמִשָּׁ֔ה	2568	HAcmsa
Num 7:77	כְּבָשִׂ֥ים	3532	HNcmpa
Num 7:77	בְּנֵֽי	1121 a	HNcmpc
Num 7:77	שָׁנָ֖ה	8141	HNcfsa
Num 7:77	חֲמִשָּׁ֑ה	2568	HAcmsa
Num 7:77	זֶ֛ה	2088	HPdxms
Num 7:77	קָרְבַּ֥ן	7133 a	HNcmsc
Num 7:77	פַּגְעִיאֵ֖ל	6295	HNp
Num 7:77	בֶּן	1121 a	HNcmsc
Num 7:77	עָכְרָֽן	5918	HNp
Num 7:78	בְּ/יוֹם֙	b/3117	HR/Ncmsc
Num 7:78	שְׁנֵ֣ים	8147	HAcmda
Num 7:78	עָשָׂ֣ר	6240	HAcmsa
Num 7:78	י֔וֹם	3117	HNcmsa
Num 7:78	נָשִׂ֖יא	5387 a	HNcmsa
Num 7:78	לִ/בְנֵ֣י	l/1121 a	HR/Ncmpc
Num 7:78	נַפְתָּלִ֑י	5321	HNp
Num 7:78	אֲחִירַ֖ע	299	HNp
Num 7:78	בֶּן	1121 a	HNcmsc
Num 7:78	עֵינָֽן	5881	HNp
Num 7:79	קָרְבָּנ֞/וֹ	7133 a	HNcmsc/Sp3ms
Num 7:79	קַֽעֲרַת	7086	HNcfsc
Num 7:79	כֶּ֣סֶף	3701	HNcmsa
Num 7:79	אַחַ֗ת	259	HAcfsa
Num 7:79	שְׁלֹשִׁ֣ים	7970	HAcbpa
Num 7:79	וּ/מֵאָה֮	c/3967	HC/Acbsa
Num 7:79	מִשְׁקָלָ/הּ֒	4948	HNcmsc/Sp3fs
Num 7:79	מִזְרָ֤ק	4219	HNcmsa
Num 7:79	אֶחָד֙	259	HAcmsa
Num 7:79	כֶּ֔סֶף	3701	HNcmsa
Num 7:79	שִׁבְעִ֥ים	7657	HAcbpa
Num 7:79	שֶׁ֖קֶל	8255	HNcmsa
Num 7:79	בְּ/שֶׁ֣קֶל	b/8255	HR/Ncmsc
Num 7:79	הַ/קֹּ֑דֶשׁ	d/6944	HTd/Ncmsa
Num 7:79	שְׁנֵי/הֶ֣ם	8147	HAcmdc/Sp3mp
Num 7:79	מְלֵאִ֗ים	4392	HAampa
Num 7:79	סֹ֛לֶת	5560	HNcfsa
Num 7:79	בְּלוּלָ֥ה	1101 a	HVqsfsa
Num 7:79	בַ/שֶּׁ֖מֶן	b/8081	HRd/Ncmsa
Num 7:79	לְ/מִנְחָֽה	l/4503	HR/Ncfsa
Num 7:80	כַּ֥ף	3709	HNcfsc
Num 7:80	אַחַ֛ת	259	HAcfsa
Num 7:80	עֲשָׂרָ֥ה	6235	HAcmsa
Num 7:80	זָהָ֖ב	2091	HNcmsa
Num 7:80	מְלֵאָ֥ה	4392	HAafsa
Num 7:80	קְטֹֽרֶת	7004	HNcfsa
Num 7:81	פַּ֣ר	6499	HNcmsa
Num 7:81	אֶחָ֞ד	259	HAcmsa
Num 7:81	בֶּן	1121 a	HNcmsc
Num 7:81	בָּקָ֗ר	1241	HNcbsa
Num 7:81	אַ֧יִל	352 a	HNcmsa
Num 7:81	אֶחָ֛ד	259	HAcmsa
Num 7:81	כֶּֽבֶשׂ	3532	HNcmsa
Num 7:81	אֶחָ֥ד	259	HAcmsa
Num 7:81	בֶּן	1121 a	HNcmsc
Num 7:81	שְׁנָת֖/וֹ	8141	HNcfsc/Sp3ms
Num 7:81	לְ/עֹלָֽה	l/5930 a	HR/Ncfsa
Num 7:82	שְׂעִיר	8163 b	HNcmsc
Num 7:82	עִזִּ֥ים	5795	HNcfpa
Num 7:82	אֶחָ֖ד	259	HAcmsa
Num 7:82	לְ/חַטָּֽאת	l/2403 b	HR/Ncfsa
Num 7:83	וּ/לְ/זֶ֣בַח	c/l/2077	HC/R/Ncmsc
Num 7:83	הַ/שְּׁלָמִים֮	d/8002	HTd/Ncmpa
Num 7:83	בָּקָ֣ר	1241	HNcbsa
Num 7:83	שְׁנַיִם֒	8147	HAcmda
Num 7:83	אֵילִ֤ם	352 a	HNcmpa
Num 7:83	חֲמִשָּׁה֙	2568	HAcmsa
Num 7:83	עַתֻּדִ֣ים	6260	HNcmpa
Num 7:83	חֲמִשָּׁ֔ה	2568	HAcmsa
Num 7:83	כְּבָשִׂ֥ים	3532	HNcmpa
Num 7:83	בְּנֵֽי	1121 a	HNcmpc
Num 7:83	שָׁנָ֖ה	8141	HNcfsa
Num 7:83	חֲמִשָּׁ֑ה	2568	HAcmsa
Num 7:83	זֶ֛ה	2088	HPdxms
Num 7:83	קָרְבַּ֥ן	7133 a	HNcmsc
Num 7:83	אֲחִירַ֖ע	299	HNp
Num 7:83	בֶּן	1121 a	HNcmsc
Num 7:83	עֵינָֽן	5881	HNp
Num 7:84	זֹ֣את	2063	HPdxfs
Num 7:84	חֲנֻכַּ֣ת	2598	HNcfsc
Num 7:84	הַ/מִּזְבֵּ֗חַ	d/4196	HTd/Ncmsa
Num 7:84	בְּ/יוֹם֙	b/3117	HR/Ncmsa
Num 7:84	הִמָּשַׁ֣ח	4886	HVNc
Num 7:84	אֹת֔/וֹ	853	HTo/Sp3ms
Num 7:84	מֵ/אֵ֖ת	m/854	HR/R
Num 7:84	נְשִׂיאֵ֣י	5387 a	HNcmpc
Num 7:84	יִשְׂרָאֵ֑ל	3478	HNp
Num 7:84	קַעֲרֹ֨ת	7086	HNcfpc
Num 7:84	כֶּ֜סֶף	3701	HNcmsa
Num 7:84	שְׁתֵּ֣ים	8147	HAcfda
Num 7:84	עֶשְׂרֵ֗ה	6240	HAcfsa
Num 7:84	מִֽזְרְקֵי	4219	HNcmpc
Num 7:84	כֶ֨סֶף֙	3701	HNcmsa
Num 7:84	שְׁנֵ֣ים	8147	HAcmda
Num 7:84	עָשָׂ֔ר	6240	HAcmsa
Num 7:84	כַּפּ֥וֹת	3709	HNcfpc
Num 7:84	זָהָ֖ב	2091	HNcmsa
Num 7:84	שְׁתֵּ֥ים	8147	HAcfda
Num 7:84	עֶשְׂרֵֽה	6240	HAcfsa
Num 7:85	שְׁלֹשִׁ֣ים	7970	HAcbpa
Num 7:85	וּ/מֵאָ֗ה	c/3967	HC/Acbsa
Num 7:85	הַ/קְּעָרָ֤ה	d/7086	HTd/Ncfsa
Num 7:85	הָֽ/אַחַת֙	d/259	HTd/Acfsa
Num 7:85	כֶּ֔סֶף	3701	HNcmsa
Num 7:85	וְ/שִׁבְעִ֖ים	c/7657	HC/Acbpa
Num 7:85	הַ/מִּזְרָ֣ק	d/4219	HTd/Ncmsa
Num 7:85	הָ/אֶחָ֑ד	d/259	HTd/Acmsa
Num 7:85	כֹּ֚ל	3605	HNcmsc
Num 7:85	כֶּ֣סֶף	3701	HNcmsc
Num 7:85	הַ/כֵּלִ֔ים	d/3627	HTd/Ncmpa
Num 7:85	אַלְפַּ֥יִם	505	HAcbpa
Num 7:85	וְ/אַרְבַּע	c/702	HC/Acfsa
Num 7:85	מֵא֖וֹת	3967	HAcbpa
Num 7:85	בְּ/שֶׁ֥קֶל	b/8255	HR/Ncmsc
Num 7:85	הַ/קֹּֽדֶשׁ	d/6944	HTd/Ncmsa
Num 7:86	כַּפּ֨וֹת	3709	HNcfpc
Num 7:86	זָהָ֤ב	2091	HNcmsa
Num 7:86	שְׁתֵּים	8147	HAcfda
Num 7:86	עֶשְׂרֵה֙	6240	HAcfsa
Num 7:86	מְלֵאֹ֣ת	4392	HAafpa
Num 7:86	קְטֹ֔רֶת	7004	HNcfsa
Num 7:86	עֲשָׂרָ֧ה	6235	HAcmsa
Num 7:86	עֲשָׂרָ֛ה	6235	HAcmsa
Num 7:86	הַ/כַּ֖ף	d/3709	HTd/Ncfsa
Num 7:86	בְּ/שֶׁ֣קֶל	b/8255	HR/Ncmsc
Num 7:86	הַ/קֹּ֑דֶשׁ	d/6944	HTd/Ncmsa
Num 7:86	כָּל	3605	HNcmsc
Num 7:86	זְהַ֥ב	2091	HNcmsc
Num 7:86	הַ/כַּפּ֖וֹת	d/3709	HTd/Ncfpa
Num 7:86	עֶשְׂרִ֥ים	6242	HAcbpa
Num 7:86	וּ/מֵאָֽה	c/3967	HC/Acbsa
Num 7:87	כָּל	3605	HNcmsc
Num 7:87	הַ/בָּקָ֨ר	d/1241	HTd/Ncbsa
Num 7:87	לָ/עֹלָ֜ה	l/5930 a	HRd/Ncfsa
Num 7:87	שְׁנֵ֧ים	8147	HAcmda
Num 7:87	עָשָׂ֣ר	6240	HAcmsa
Num 7:87	פָּרִ֗ים	6499	HNcmpa
Num 7:87	אֵילִ֤ם	352 a	HNcmpa
Num 7:87	שְׁנֵים	8147	HAcmda
Num 7:87	עָשָׂר֙	6240	HAcmsa
Num 7:87	כְּבָשִׂ֧ים	3532	HNcmpa
Num 7:87	בְּנֵֽי	1121 a	HNcmpc
Num 7:87	שָׁנָ֛ה	8141	HNcfsa
Num 7:87	שְׁנֵ֥ים	8147	HAcmda
Num 7:87	עָשָׂ֖ר	6240	HAcmsa
Num 7:87	וּ/מִנְחָתָ֑/ם	c/4503	HC/Ncfsc/Sp3mp
Num 7:87	וּ/שְׂעִירֵ֥י	c/8163 b	HC/Ncmpc
Num 7:87	עִזִּ֛ים	5795	HNcfpa
Num 7:87	שְׁנֵ֥ים	8147	HAcmda
Num 7:87	עָשָׂ֖ר	6240	HAcmsa
Num 7:87	לְ/חַטָּֽאת	l/2403 b	HR/Ncfsa
Num 7:88	וְ/כֹ֞ל	c/3605	HC/Ncmsc
Num 7:88	בְּקַ֣ר	1241	HNcbsc
Num 7:88	זֶ֣בַח	2077	HNcmsc
Num 7:88	הַ/שְּׁלָמִ֗ים	d/8002	HTd/Ncmpa
Num 7:88	עֶשְׂרִ֣ים	6242	HAcbpa
Num 7:88	וְ/אַרְבָּעָה֮	c/702	HC/Acmsa
Num 7:88	פָּרִים֒	6499	HNcmpa
Num 7:88	אֵילִ֤ם	352 a	HNcmpa
Num 7:88	שִׁשִּׁים֙	8346	HAcbpa
Num 7:88	עַתֻּדִ֣ים	6260	HNcmpa
Num 7:88	שִׁשִּׁ֔ים	8346	HAcbpa
Num 7:88	כְּבָשִׂ֥ים	3532	HNcmpa
Num 7:88	בְּנֵי	1121 a	HNcmpc
Num 7:88	שָׁנָ֖ה	8141	HNcfsa
Num 7:88	שִׁשִּׁ֑ים	8346	HAcbpa
Num 7:88	זֹ֚את	2063	HPdxfs
Num 7:88	חֲנֻכַּ֣ת	2598	HNcfsc
Num 7:88	הַ/מִּזְבֵּ֔חַ	d/4196	HTd/Ncmsa
Num 7:88	אַחֲרֵ֖י	310 a	HR
Num 7:88	הִמָּשַׁ֥ח	4886	HVNc
Num 7:88	אֹתֽ/וֹ	853	HTo/Sp3ms
Num 7:89	וּ/בְ/בֹ֨א	c/b/935	HC/R/Vqc
Num 7:89	מֹשֶׁ֜ה	4872	HNp
Num 7:89	אֶל	413	HR
Num 7:89	אֹ֣הֶל	168	HNcmsc
Num 7:89	מוֹעֵד֮	4150	HNcmsa
Num 7:89	לְ/דַבֵּ֣ר	l/1696	HR/Vpc
Num 7:89	אִתּ/וֹ֒	854	HR/Sp3ms
Num 7:89	וַ/יִּשְׁמַ֨ע	c/8085	HC/Vqw3ms
Num 7:89	אֶת	853	HTo
Num 7:89	הַ/קּ֜וֹל	d/6963 a	HTd/Ncmsa
Num 7:89	מִדַּבֵּ֣ר	1696	HVtrmsa
Num 7:89	אֵלָ֗י/ו	413	HR/Sp3ms
Num 7:89	מֵ/עַ֤ל	m/5921 a	HR/R
Num 7:89	הַ/כַּפֹּ֨רֶת֙	d/3727	HTd/Ncfsa
Num 7:89	אֲשֶׁר֙	834 a	HTr
Num 7:89	עַל	5921 a	HR
Num 7:89	אֲרֹ֣ן	727	HNcbsc
Num 7:89	הָ/עֵדֻ֔ת	d/5715	HTd/Ncfsa
Num 7:89	מִ/בֵּ֖ין	m/996	HR/R
Num 7:89	שְׁנֵ֣י	8147	HAcmdc
Num 7:89	הַ/כְּרֻבִ֑ים	d/3742	HTd/Ncmpa
Num 7:89	וַ/יְדַבֵּ֖ר	c/1696	HC/Vpw3ms
Num 7:89	אֵלָֽי/ו	413	HR/Sp3ms
Num 8:1	וַ/יְדַבֵּ֥ר	c/1696	HC/Vpw3ms
Num 8:1	יְהוָ֖ה	3068	HNp
Num 8:1	אֶל	413	HR
Num 8:1	מֹשֶׁ֥ה	4872	HNp
Num 8:1	לֵּ/אמֹֽר	l/559	HR/Vqc
Num 8:2	דַּבֵּר֙	1696	HVpv2ms
Num 8:2	אֶֽל	413	HR
Num 8:2	אַהֲרֹ֔ן	175	HNp
Num 8:2	וְ/אָמַרְתָּ֖	c/559	HC/Vqq2ms
Num 8:2	אֵלָ֑י/ו	413	HR/Sp3ms
Num 8:2	בְּ/הַעֲלֹֽתְ/ךָ֙	b/5927	HR/Vhc/Sp2ms
Num 8:2	אֶת	853	HTo
Num 8:2	הַ/נֵּרֹ֔ת	d/5216 a	HTd/Ncmpa
Num 8:2	אֶל	413	HR
Num 8:2	מוּל֙	4136	HR
Num 8:2	פְּנֵ֣י	6440	HNcbpc
Num 8:2	הַ/מְּנוֹרָ֔ה	d/4501	HTd/Ncfsa
Num 8:2	יָאִ֖ירוּ	215	HVhi3mp
Num 8:2	שִׁבְעַ֥ת	7651	HAcmsc
Num 8:2	הַ/נֵּרֽוֹת	d/5216 a	HTd/Ncmpa
Num 8:3	וַ/יַּ֤עַשׂ	c/6213 a	HC/Vqw3ms
Num 8:3	כֵּן֙	3651 c	HTm
Num 8:3	אַהֲרֹ֔ן	175	HNp
Num 8:3	אֶל	413	HR
Num 8:3	מוּל֙	4136	HR
Num 8:3	פְּנֵ֣י	6440	HNcbpc
Num 8:3	הַ/מְּנוֹרָ֔ה	d/4501	HTd/Ncfsa
Num 8:3	הֶעֱלָ֖ה	5927	HVhp3ms
Num 8:3	נֵרֹתֶ֑י/הָ	5216 a	HNcmpc/Sp3fs
Num 8:3	כַּֽ/אֲשֶׁ֛ר	k/834 d	HR/Tr
Num 8:3	צִוָּ֥ה	6680	HVpp3ms
Num 8:3	יְהוָ֖ה	3068	HNp
Num 8:3	אֶת	853	HTo
Num 8:3	מֹשֶֽׁה	4872	HNp
Num 8:4	וְ/זֶ֨ה	c/2088	HC/Pdxms
Num 8:4	מַעֲשֵׂ֤ה	4639	HNcmsc
Num 8:4	הַ/מְּנֹרָה֙	d/4501	HTd/Ncfsa
Num 8:4	מִקְשָׁ֣ה	4749	HNcfsa
Num 8:4	זָהָ֔ב	2091	HNcmsa
Num 8:4	עַד	5704	HR
Num 8:4	יְרֵכָ֥/הּ	3409	HNcfsc/Sp3fs
Num 8:4	עַד	5704	HR
Num 8:4	פִּרְחָ֖/הּ	6525	HNcmsc/Sp3fs
Num 8:4	מִקְשָׁ֣ה	4749	HNcfsa
Num 8:4	הִ֑וא	1931	HPp3fs
Num 8:4	כַּ/מַּרְאֶ֗ה	k/4758	HRd/Ncmsa
Num 8:4	אֲשֶׁ֨ר	834 a	HTr
Num 8:4	הֶרְאָ֤ה	7200	HVhp3ms
Num 8:4	יְהוָה֙	3068	HNp
Num 8:4	אֶת	853	HTo
Num 8:4	מֹשֶׁ֔ה	4872	HNp
Num 8:4	כֵּ֥ן	3651 c	HTm
Num 8:4	עָשָׂ֖ה	6213 a	HVqp3ms
Num 8:4	אֶת	853	HTo
Num 8:4	הַ/מְּנֹרָֽה	d/4501	HTd/Ncfsa
Num 8:5	וַ/יְדַבֵּ֥ר	c/1696	HC/Vpw3ms
Num 8:5	יְהוָ֖ה	3068	HNp
Num 8:5	אֶל	413	HR
Num 8:5	מֹשֶׁ֥ה	4872	HNp
Num 8:5	לֵּ/אמֹֽר	l/559	HR/Vqc
Num 8:6	קַ֚ח	3947	HVqv2ms
Num 8:6	אֶת	853	HTo
Num 8:6	הַ/לְוִיִּ֔ם	d/3881	HTd/Ngmpa
Num 8:6	מִ/תּ֖וֹךְ	m/8432	HR/Ncmsc
Num 8:6	בְּנֵ֣י	1121 a	HNcmpc
Num 8:6	יִשְׂרָאֵ֑ל	3478	HNp
Num 8:6	וְ/טִהַרְתָּ֖	c/2891	HC/Vpq2ms
Num 8:6	אֹתָֽ/ם	853	HTo/Sp3mp
Num 8:7	וְ/כֹֽה	c/3541	HC/D
Num 8:7	תַעֲשֶׂ֤ה	6213 a	HVqi2ms
Num 8:7	לָ/הֶם֙	l	HR/Sp3mp
Num 8:7	לְ/טַֽהֲרָ֔/ם	l/2891	HR/Vpc/Sp3mp
Num 8:7	הַזֵּ֥ה	5137 a	HVhv2ms
Num 8:7	עֲלֵי/הֶ֖ם	5921 a	HR/Sp3mp
Num 8:7	מֵ֣י	4325	HNcmpc
Num 8:7	חַטָּ֑את	2403 b	HNcfsa
Num 8:7	וְ/הֶעֱבִ֤ירוּ	c/5674 a	HC/Vhq3cp
Num 8:7	תַ֨עַר֙	8593	HNcbsa
Num 8:7	עַל	5921 a	HR
Num 8:7	כָּל	3605	HNcmsc
Num 8:7	בְּשָׂרָ֔/ם	1320	HNcmsc/Sp3mp
Num 8:7	וְ/כִבְּס֥וּ	c/3526	HC/Vpq3cp
Num 8:7	בִגְדֵי/הֶ֖ם	899 b	HNcmpc/Sp3mp
Num 8:7	וְ/הִטֶּהָֽרוּ	c/2891	HC/Vtq3cp
Num 8:8	וְ/לָֽקְחוּ֙	c/3947	HC/Vqq3cp
Num 8:8	פַּ֣ר	6499	HNcmsa
Num 8:8	בֶּן	1121 a	HNcmsc
Num 8:8	בָּקָ֔ר	1241	HNcbsa
Num 8:8	וּ/מִנְחָת֔/וֹ	c/4503	HC/Ncfsc/Sp3ms
Num 8:8	סֹ֖לֶת	5560	HNcfsa
Num 8:8	בְּלוּלָ֣ה	1101 a	HVqsfsa
Num 8:8	בַ/שָּׁ֑מֶן	b/8081	HRd/Ncmsa
Num 8:8	וּ/פַר	c/6499	HC/Ncmsa
Num 8:8	שֵׁנִ֥י	8145	HAomsa
Num 8:8	בֶן	1121 a	HNcmsc
Num 8:8	בָּקָ֖ר	1241	HNcbsa
Num 8:8	תִּקַּ֥ח	3947	HVqi2ms
Num 8:8	לְ/חַטָּֽאת	l/2403 b	HR/Ncfsa
Num 8:9	וְ/הִקְרַבְתָּ֙	c/7126	HC/Vhq2ms
Num 8:9	אֶת	853	HTo
Num 8:9	הַ/לְוִיִּ֔ם	d/3881	HTd/Ngmpa
Num 8:9	לִ/פְנֵ֖י	l/6440	HR/Ncbpc
Num 8:9	אֹ֣הֶל	168	HNcmsc
Num 8:9	מוֹעֵ֑ד	4150	HNcmsa
Num 8:9	וְ/הִ֨קְהַלְתָּ֔	c/6950	HC/Vhq2ms
Num 8:9	אֶֽת	853	HTo
Num 8:9	כָּל	3605	HNcmsc
Num 8:9	עֲדַ֖ת	5712	HNcfsc
Num 8:9	בְּנֵ֥י	1121 a	HNcmpc
Num 8:9	יִשְׂרָאֵֽל	3478	HNp
Num 8:10	וְ/הִקְרַבְתָּ֥	c/7126	HC/Vhq2ms
Num 8:10	אֶת	853	HTo
Num 8:10	הַ/לְוִיִּ֖ם	d/3881	HTd/Ngmpa
Num 8:10	לִ/פְנֵ֣י	l/6440	HR/Ncbpc
Num 8:10	יְהוָ֑ה	3068	HNp
Num 8:10	וְ/סָמְכ֧וּ	c/5564	HC/Vqq3cp
Num 8:10	בְנֵי	1121 a	HNcmpc
Num 8:10	יִשְׂרָאֵ֛ל	3478	HNp
Num 8:10	אֶת	853	HTo
Num 8:10	יְדֵי/הֶ֖ם	3027	HNcbdc/Sp3mp
Num 8:10	עַל	5921 a	HR
Num 8:10	הַ/לְוִיִּֽם	d/3881	HTd/Ngmpa
Num 8:11	וְ/הֵנִיף֩	c/5130 b	HC/Vhq3ms
Num 8:11	אַהֲרֹ֨ן	175	HNp
Num 8:11	אֶת	853	HTo
Num 8:11	הַ/לְוִיִּ֤ם	d/3881	HTd/Ngmpa
Num 8:11	תְּנוּפָה֙	8573	HNcfsa
Num 8:11	לִ/פְנֵ֣י	l/6440	HR/Ncbpc
Num 8:11	יְהוָ֔ה	3068	HNp
Num 8:11	מֵ/אֵ֖ת	m/854	HR/R
Num 8:11	בְּנֵ֣י	1121 a	HNcmpc
Num 8:11	יִשְׂרָאֵ֑ל	3478	HNp
Num 8:11	וְ/הָי֕וּ	c/1961	HC/Vqq3cp
Num 8:11	לַ/עֲבֹ֖ד	l/5647	HR/Vqc
Num 8:11	אֶת	853	HTo
Num 8:11	עֲבֹדַ֥ת	5656	HNcfsc
Num 8:11	יְהוָֽה	3068	HNp
Num 8:12	וְ/הַ/לְוִיִּם֙	c/d/3881	HC/Td/Ngmpa
Num 8:12	יִסְמְכ֣וּ	5564	HVqi3mp
Num 8:12	אֶת	853	HTo
Num 8:12	יְדֵי/הֶ֔ם	3027	HNcbdc/Sp3mp
Num 8:12	עַ֖ל	5921 a	HR
Num 8:12	רֹ֣אשׁ	7218 a	HNcmsc
Num 8:12	הַ/פָּרִ֑ים	d/6499	HTd/Ncmpa
Num 8:12	וַ֠/עֲשֵׂה	c/6213 a	HC/Vqv2ms
Num 8:12	אֶת	853	HTo
Num 8:12	הָ/אֶחָ֨ד	d/259	HTd/Acmsa
Num 8:12	חַטָּ֜את	2403 b	HNcfsa
Num 8:12	וְ/אֶת	c/853	HC/To
Num 8:12	הָ/אֶחָ֤ד	d/259	HTd/Acmsa
Num 8:12	עֹלָה֙	5930 a	HNcfsa
Num 8:12	לַֽ/יהוָ֔ה	l/3068	HR/Np
Num 8:12	לְ/כַפֵּ֖ר	l/3722 a	HR/Vpc
Num 8:12	עַל	5921 a	HR
Num 8:12	הַ/לְוִיִּֽם	d/3881	HTd/Ngmpa
Num 8:13	וְ/הַֽעֲמַדְתָּ֙	c/5975	HC/Vhq2ms
Num 8:13	אֶת	853	HTo
Num 8:13	הַ/לְוִיִּ֔ם	d/3881	HTd/Ngmpa
Num 8:13	לִ/פְנֵ֥י	l/6440	HR/Ncbpc
Num 8:13	אַהֲרֹ֖ן	175	HNp
Num 8:13	וְ/לִ/פְנֵ֣י	c/l/6440	HC/R/Ncbpc
Num 8:13	בָנָ֑י/ו	1121 a	HNcmpc/Sp3ms
Num 8:13	וְ/הֵנַפְתָּ֥	c/5130 b	HC/Vhq2ms
Num 8:13	אֹתָ֛/ם	853	HTo/Sp3mp
Num 8:13	תְּנוּפָ֖ה	8573	HNcfsa
Num 8:13	לַֽ/יהוָֽה	l/3068	HR/Np
Num 8:14	וְ/הִבְדַּלְתָּ֙	c/914	HC/Vhq2ms
Num 8:14	אֶת	853	HTo
Num 8:14	הַ/לְוִיִּ֔ם	d/3881	HTd/Ngmpa
Num 8:14	מִ/תּ֖וֹךְ	m/8432	HR/Ncmsc
Num 8:14	בְּנֵ֣י	1121 a	HNcmpc
Num 8:14	יִשְׂרָאֵ֑ל	3478	HNp
Num 8:14	וְ/הָ֥יוּ	c/1961	HC/Vqq3cp
Num 8:14	לִ֖/י	l	HR/Sp1cs
Num 8:14	הַ/לְוִיִּֽם	d/3881	HTd/Ngmpa
Num 8:15	וְ/אַֽחֲרֵי	c/310 a	HC/R
Num 8:15	כֵן֙	3651 c	HD
Num 8:15	יָבֹ֣אוּ	935	HVqi3mp
Num 8:15	הַ/לְוִיִּ֔ם	d/3881	HTd/Ngmpa
Num 8:15	לַ/עֲבֹ֖ד	l/5647	HR/Vqc
Num 8:15	אֶת	853	HTo
Num 8:15	אֹ֣הֶל	168	HNcmsc
Num 8:15	מוֹעֵ֑ד	4150	HNcmsa
Num 8:15	וְ/טִֽהַרְתָּ֣	c/2891	HC/Vpq2ms
Num 8:15	אֹתָ֔/ם	853	HTo/Sp3mp
Num 8:15	וְ/הֵנַפְתָּ֥	c/5130 b	HC/Vhq2ms
Num 8:15	אֹתָ֖/ם	853	HTo/Sp3mp
Num 8:15	תְּנוּפָֽה	8573	HNcfsa
Num 8:16	כִּי֩	3588 a	HC
Num 8:16	נְתֻנִ֨ים	5414	HVqsmpa
Num 8:16	נְתֻנִ֥ים	5414	HVqsmpa
Num 8:16	הֵ֨מָּה֙	1992	HPp3mp
Num 8:16	לִ֔/י	l	HR/Sp1cs
Num 8:16	מִ/תּ֖וֹךְ	m/8432	HR/Ncmsc
Num 8:16	בְּנֵ֣י	1121 a	HNcmpc
Num 8:16	יִשְׂרָאֵ֑ל	3478	HNp
Num 8:16	תַּחַת֩	8478	HR
Num 8:16	פִּטְרַ֨ת	6363 b	HNcfsc
Num 8:16	כָּל	3605	HNcmsc
Num 8:16	רֶ֜חֶם	7358	HNcmsa
Num 8:16	בְּכ֥וֹר	1060	HNcmsc
Num 8:16	כֹּל֙	3605	HNcmsa
Num 8:16	מִ/בְּנֵ֣י	m/1121 a	HR/Ncmpc
Num 8:16	יִשְׂרָאֵ֔ל	3478	HNp
Num 8:16	לָקַ֥חְתִּי	3947	HVqp1cs
Num 8:16	אֹתָ֖/ם	853	HTo/Sp3mp
Num 8:16	לִֽ/י	l	HR/Sp1cs
Num 8:17	כִּ֣י	3588 a	HC
Num 8:17	לִ֤/י	l	HR/Sp1cs
Num 8:17	כָל	3605	HNcmsc
Num 8:17	בְּכוֹר֙	1060	HNcmsa
Num 8:17	בִּ/בְנֵ֣י	b/1121 a	HR/Ncmpc
Num 8:17	יִשְׂרָאֵ֔ל	3478	HNp
Num 8:17	בָּ/אָדָ֖ם	b/120	HRd/Ncmsa
Num 8:17	וּ/בַ/בְּהֵמָ֑ה	c/b/929	HC/Rd/Ncfsa
Num 8:17	בְּ/י֗וֹם	b/3117	HR/Ncmsc
Num 8:17	הַכֹּתִ֤/י	5221	HVhc/Sp1cs
Num 8:17	כָל	3605	HNcmsc
Num 8:17	בְּכוֹר֙	1060	HNcmsa
Num 8:17	בְּ/אֶ֣רֶץ	b/776	HR/Ncbsc
Num 8:17	מִצְרַ֔יִם	4714	HNp
Num 8:17	הִקְדַּ֥שְׁתִּי	6942	HVhp1cs
Num 8:17	אֹתָ֖/ם	853	HTo/Sp3mp
Num 8:17	לִֽ/י	l	HR/Sp1cs
Num 8:18	וָ/אֶקַּח֙	c/3947	HC/Vqw1cs
Num 8:18	אֶת	853	HTo
Num 8:18	הַ/לְוִיִּ֔ם	d/3881	HTd/Ngmpa
Num 8:18	תַּ֥חַת	8478	HR
Num 8:18	כָּל	3605	HNcmsc
Num 8:18	בְּכ֖וֹר	1060	HNcmsa
Num 8:18	בִּ/בְנֵ֥י	b/1121 a	HR/Ncmpc
Num 8:18	יִשְׂרָאֵֽל	3478	HNp
Num 8:19	וָ/אֶתְּנָ֨/ה	c/5414	HC/Vqw1cs/Sh
Num 8:19	אֶת	853	HTo
Num 8:19	הַ/לְוִיִּ֜ם	d/3881	HTd/Ngmpa
Num 8:19	נְתֻנִ֣ים	5414	HVqsmpa
Num 8:19	לְ/אַהֲרֹ֣ן	l/175	HR/Np
Num 8:19	וּ/לְ/בָנָ֗י/ו	c/l/1121 a	HC/R/Ncmpc/Sp3ms
Num 8:19	מִ/תּוֹךְ֮	m/8432	HR/Ncmsc
Num 8:19	בְּנֵ֣י	1121 a	HNcmpc
Num 8:19	יִשְׂרָאֵל֒	3478	HNp
Num 8:19	לַ/עֲבֹ֞ד	l/5647	HR/Vqc
Num 8:19	אֶת	853	HTo
Num 8:19	עֲבֹדַ֤ת	5656	HNcfsc
Num 8:19	בְּנֵֽי	1121 a	HNcmpc
Num 8:19	יִשְׂרָאֵל֙	3478	HNp
Num 8:19	בְּ/אֹ֣הֶל	b/168	HR/Ncmsc
Num 8:19	מוֹעֵ֔ד	4150	HNcmsa
Num 8:19	וּ/לְ/כַפֵּ֖ר	c/l/3722 a	HC/R/Vpc
Num 8:19	עַל	5921 a	HR
Num 8:19	בְּנֵ֣י	1121 a	HNcmpc
Num 8:19	יִשְׂרָאֵ֑ל	3478	HNp
Num 8:19	וְ/לֹ֨א	c/3808	HC/Tn
Num 8:19	יִהְיֶ֜ה	1961	HVqi3ms
Num 8:19	בִּ/בְנֵ֤י	b/1121 a	HR/Ncmpc
Num 8:19	יִשְׂרָאֵל֙	3478	HNp
Num 8:19	נֶ֔גֶף	5063	HNcmsa
Num 8:19	בְּ/גֶ֥שֶׁת	b/5066	HR/Vqc
Num 8:19	בְּנֵֽי	1121 a	HNcmpc
Num 8:19	יִשְׂרָאֵ֖ל	3478	HNp
Num 8:19	אֶל	413	HR
Num 8:19	הַ/קֹּֽדֶשׁ	d/6944	HTd/Ncmsa
Num 8:20	וַ/יַּ֨עַשׂ	c/6213 a	HC/Vqw3ms
Num 8:20	מֹשֶׁ֧ה	4872	HNp
Num 8:20	וְ/אַהֲרֹ֛ן	c/175	HC/Np
Num 8:20	וְ/כָל	c/3605	HC/Ncmsc
Num 8:20	עֲדַ֥ת	5712	HNcfsc
Num 8:20	בְּנֵי	1121 a	HNcmpc
Num 8:20	יִשְׂרָאֵ֖ל	3478	HNp
Num 8:20	לַ/לְוִיִּ֑ם	l/3881	HRd/Ngmpa
Num 8:20	כְּ֠/כֹל	k/3605	HR/Ncmsa
Num 8:20	אֲשֶׁר	834 a	HTr
Num 8:20	צִוָּ֨ה	6680	HVpp3ms
Num 8:20	יְהוָ֤ה	3068	HNp
Num 8:20	אֶת	853	HTo
Num 8:20	מֹשֶׁה֙	4872	HNp
Num 8:20	לַ/לְוִיִּ֔ם	l/3881	HRd/Ngmpa
Num 8:20	כֵּן	3651 c	HTm
Num 8:20	עָשׂ֥וּ	6213 a	HVqp3cp
Num 8:20	לָ/הֶ֖ם	l	HR/Sp3mp
Num 8:20	בְּנֵ֥י	1121 a	HNcmpc
Num 8:20	יִשְׂרָאֵֽל	3478	HNp
Num 8:21	וַ/יִּֽתְחַטְּא֣וּ	c/2398	HC/Vtw3mp
Num 8:21	הַ/לְוִיִּ֗ם	d/3881	HTd/Ngmpa
Num 8:21	וַֽ/יְכַבְּסוּ֙	c/3526	HC/Vpw3mp
Num 8:21	בִּגְדֵי/הֶ֔ם	899 b	HNcmpc/Sp3mp
Num 8:21	וַ/יָּ֨נֶף	c/5130 b	HC/Vhw3ms
Num 8:21	אַהֲרֹ֥ן	175	HNp
Num 8:21	אֹתָ֛/ם	853	HTo/Sp3mp
Num 8:21	תְּנוּפָ֖ה	8573	HNcfsa
Num 8:21	לִ/פְנֵ֣י	l/6440	HR/Ncbpc
Num 8:21	יְהוָ֑ה	3068	HNp
Num 8:21	וַ/יְכַפֵּ֧ר	c/3722 a	HC/Vpw3ms
Num 8:21	עֲלֵי/הֶ֛ם	5921 a	HR/Sp3mp
Num 8:21	אַהֲרֹ֖ן	175	HNp
Num 8:21	לְ/טַהֲרָֽ/ם	l/2891	HR/Vpc/Sp3mp
Num 8:22	וְ/אַחֲרֵי	c/310 a	HC/R
Num 8:22	כֵ֞ן	3651 c	HD
Num 8:22	בָּ֣אוּ	935	HVqp3cp
Num 8:22	הַ/לְוִיִּ֗ם	d/3881	HTd/Ngmpa
Num 8:22	לַ/עֲבֹ֤ד	l/5647	HR/Vqc
Num 8:22	אֶת	853	HTo
Num 8:22	עֲבֹֽדָתָ/ם֙	5656	HNcfsc/Sp3mp
Num 8:22	בְּ/אֹ֣הֶל	b/168	HR/Ncmsc
Num 8:22	מוֹעֵ֔ד	4150	HNcmsa
Num 8:22	לִ/פְנֵ֥י	l/6440	HR/Ncbpc
Num 8:22	אַהֲרֹ֖ן	175	HNp
Num 8:22	וְ/לִ/פְנֵ֣י	c/l/6440	HC/R/Ncbpc
Num 8:22	בָנָ֑י/ו	1121 a	HNcmpc/Sp3ms
Num 8:22	כַּ/אֲשֶׁר֩	k/834 d	HR/Tr
Num 8:22	צִוָּ֨ה	6680	HVpp3ms
Num 8:22	יְהוָ֤ה	3068	HNp
Num 8:22	אֶת	853	HTo
Num 8:22	מֹשֶׁה֙	4872	HNp
Num 8:22	עַל	5921 a	HR
Num 8:22	הַ/לְוִיִּ֔ם	d/3881	HTd/Ngmpa
Num 8:22	כֵּ֖ן	3651 c	HTm
Num 8:22	עָשׂ֥וּ	6213 a	HVqp3cp
Num 8:22	לָ/הֶֽם	l	HR/Sp3mp
Num 8:23	וַ/יְדַבֵּ֥ר	c/1696	HC/Vpw3ms
Num 8:23	יְהוָ֖ה	3068	HNp
Num 8:23	אֶל	413	HR
Num 8:23	מֹשֶׁ֥ה	4872	HNp
Num 8:23	לֵּ/אמֹֽר	l/559	HR/Vqc
Num 8:24	זֹ֖את	2063	HPdxfs
Num 8:24	אֲשֶׁ֣ר	834 a	HTr
Num 8:24	לַ/לְוִיִּ֑ם	l/3881	HRd/Ngmpa
Num 8:24	מִ/בֶּן֩	m/1121 a	HR/Ncmsc
Num 8:24	חָמֵ֨שׁ	2568	HAcfsa
Num 8:24	וְ/עֶשְׂרִ֤ים	c/6242	HC/Acbpa
Num 8:24	שָׁנָה֙	8141	HNcfsa
Num 8:24	וָ/מַ֔עְלָ/ה	c/4605	HC/D/Sd
Num 8:24	יָבוֹא֙	935	HVqi3ms
Num 8:24	לִ/צְבֹ֣א	l/6633	HR/Vqc
Num 8:24	צָבָ֔א	6635 a	HNcbsa
Num 8:24	בַּ/עֲבֹדַ֖ת	b/5656	HR/Ncfsc
Num 8:24	אֹ֥הֶל	168	HNcmsc
Num 8:24	מוֹעֵֽד	4150	HNcmsa
Num 8:25	וּ/מִ/בֶּן֙	c/m/1121 a	HC/R/Ncmsc
Num 8:25	חֲמִשִּׁ֣ים	2572	HAcbpa
Num 8:25	שָׁנָ֔ה	8141	HNcfsa
Num 8:25	יָשׁ֖וּב	7725	HVqi3ms
Num 8:25	מִ/צְּבָ֣א	m/6635 a	HR/Ncbsc
Num 8:25	הָ/עֲבֹדָ֑ה	d/5656	HTd/Ncfsa
Num 8:25	וְ/לֹ֥א	c/3808	HC/Tn
Num 8:25	יַעֲבֹ֖ד	5647	HVqi3ms
Num 8:25	עֽוֹד	5750	HD
Num 8:26	וְ/שֵׁרֵ֨ת	c/8334	HC/Vpq3ms
Num 8:26	אֶת	853	HTo
Num 8:26	אֶחָ֜י/ו	251	HNcmpc/Sp3ms
Num 8:26	בְּ/אֹ֤הֶל	b/168	HR/Ncmsc
Num 8:26	מוֹעֵד֙	4150	HNcmsa
Num 8:26	לִ/שְׁמֹ֣ר	l/8104	HR/Vqc
Num 8:26	מִשְׁמֶ֔רֶת	4931	HNcfsa
Num 8:26	וַ/עֲבֹדָ֖ה	c/5656	HC/Ncfsa
Num 8:26	לֹ֣א	3808	HTn
Num 8:26	יַעֲבֹ֑ד	5647	HVqi3ms
Num 8:26	כָּ֛כָה	3602	HD
Num 8:26	תַּעֲשֶׂ֥ה	6213 a	HVqi2ms
Num 8:26	לַ/לְוִיִּ֖ם	l/3881	HRd/Ngmpa
Num 8:26	בְּ/מִשְׁמְרֹתָֽ/ם	b/4931	HR/Ncfpc/Sp3mp
Num 9:1	וַ/יְדַבֵּ֣ר	c/1696	HC/Vpw3ms
Num 9:1	יְהוָ֣ה	3068	HNp
Num 9:1	אֶל	413	HR
Num 9:1	מֹשֶׁ֣ה	4872	HNp
Num 9:1	בְ/מִדְבַּר	b/4057 b	HR/Ncmsc
Num 9:1	סִ֠ינַי	5514	HNp
Num 9:1	בַּ/שָּׁנָ֨ה	b/8141	HRd/Ncfsa
Num 9:1	הַ/שֵּׁנִ֜ית	d/8145	HTd/Aafsa
Num 9:1	לְ/צֵאתָ֨/ם	l/3318	HR/Vqc/Sp3mp
Num 9:1	מֵ/אֶ֧רֶץ	m/776	HR/Ncbsc
Num 9:1	מִצְרַ֛יִם	4714	HNp
Num 9:1	בַּ/חֹ֥דֶשׁ	b/2320	HRd/Ncmsa
Num 9:1	הָ/רִאשׁ֖וֹן	d/7223	HTd/Aomsa
Num 9:1	לֵ/אמֹֽר	l/559	HR/Vqc
Num 9:2	וְ/יַעֲשׂ֧וּ	c/6213 a	HC/Vqi3mp
Num 9:2	בְנֵי	1121 a	HNcmpc
Num 9:2	יִשְׂרָאֵ֛ל	3478	HNp
Num 9:2	אֶת	853	HTo
Num 9:2	הַ/פָּ֖סַח	d/6453	HTd/Ncmsa
Num 9:2	בְּ/מוֹעֲדֽ/וֹ	b/4150	HR/Ncmsc/Sp3ms
Num 9:3	בְּ/אַרְבָּעָ֣ה	b/702	HR/Acmsa
Num 9:3	עָשָֽׂר	6240	HAcmsa
Num 9:3	י֠וֹם	3117	HNcmsa
Num 9:3	בַּ/חֹ֨דֶשׁ	b/2320	HRd/Ncmsa
Num 9:3	הַ/זֶּ֜ה	d/2088	HTd/Pdxms
Num 9:3	בֵּ֧ין	996	HR
Num 9:3	הָֽ/עֲרְבַּ֛יִם	d/6153	HTd/Ncmda
Num 9:3	תַּעֲשׂ֥וּ	6213 a	HVqi2mp
Num 9:3	אֹת֖/וֹ	853	HTo/Sp3ms
Num 9:3	בְּ/מוֹעֲד֑/וֹ	b/4150	HR/Ncmsc/Sp3ms
Num 9:3	כְּ/כָל	k/3605	HR/Ncmsc
Num 9:3	חֻקֹּתָ֥י/ו	2708	HNcbpc/Sp3ms
Num 9:3	וּ/כְ/כָל	c/k/3605	HC/R/Ncmsc
Num 9:3	מִשְׁפָּטָ֖י/ו	4941	HNcmpc/Sp3ms
Num 9:3	תַּעֲשׂ֥וּ	6213 a	HVqi2mp
Num 9:3	אֹתֽ/וֹ	853	HTo/Sp3ms
Num 9:4	וַ/יְדַבֵּ֥ר	c/1696	HC/Vpw3ms
Num 9:4	מֹשֶׁ֛ה	4872	HNp
Num 9:4	אֶל	413	HR
Num 9:4	בְּנֵ֥י	1121 a	HNcmpc
Num 9:4	יִשְׂרָאֵ֖ל	3478	HNp
Num 9:4	לַ/עֲשֹׂ֥ת	l/6213 a	HR/Vqc
Num 9:4	הַ/פָּֽסַח	d/6453	HTd/Ncmsa
Num 9:5	וַ/יַּעֲשׂ֣וּ	c/6213 a	HC/Vqw3mp
Num 9:5	אֶת	853	HTo
Num 9:5	הַ/פֶּ֡סַח	d/6453	HTd/Ncmsa
Num 9:5	בָּ/רִאשׁ֡וֹן	b/7223	HRd/Aamsa
Num 9:5	בְּ/אַרְבָּעָה֩	b/702	HR/Acmsa
Num 9:5	עָשָׂ֨ר	6240	HAcmsa
Num 9:5	י֥וֹם	3117	HNcmsa
Num 9:5	לַ/חֹ֛דֶשׁ	l/2320	HRd/Ncmsa
Num 9:5	בֵּ֥ין	996	HR
Num 9:5	הָ/עַרְבַּ֖יִם	d/6153	HTd/Ncmda
Num 9:5	בְּ/מִדְבַּ֣ר	b/4057 b	HR/Ncmsc
Num 9:5	סִינָ֑י	5514	HNp
Num 9:5	כְּ֠/כֹל	k/3605	HR/Ncmsa
Num 9:5	אֲשֶׁ֨ר	834 a	HTr
Num 9:5	צִוָּ֤ה	6680	HVpp3ms
Num 9:5	יְהוָה֙	3068	HNp
Num 9:5	אֶת	853	HTo
Num 9:5	מֹשֶׁ֔ה	4872	HNp
Num 9:5	כֵּ֥ן	3651 c	HTm
Num 9:5	עָשׂ֖וּ	6213 a	HVqp3cp
Num 9:5	בְּנֵ֥י	1121 a	HNcmpc
Num 9:5	יִשְׂרָאֵֽל	3478	HNp
Num 9:6	וַ/יְהִ֣י	c/1961	HC/Vqw3ms
Num 9:6	אֲנָשִׁ֗ים	376	HNcmpa
Num 9:6	אֲשֶׁ֨ר	834 a	HTr
Num 9:6	הָי֤וּ	1961	HVqp3cp
Num 9:6	טְמֵאִים֙	2931	HAampa
Num 9:6	לְ/נֶ֣פֶשׁ	l/5315	HR/Ncbsc
Num 9:6	אָדָ֔ם	120	HNcmsa
Num 9:6	וְ/לֹא	c/3808	HC/Tn
Num 9:6	יָכְל֥וּ	3201	HVqp3cp
Num 9:6	לַ/עֲשֹׂת	l/6213 a	HR/Vqc
Num 9:6	הַ/פֶּ֖סַח	d/6453	HTd/Ncmsa
Num 9:6	בַּ/יּ֣וֹם	b/3117	HRd/Ncmsa
Num 9:6	הַ/ה֑וּא	d/1931	HTd/Pp3ms
Num 9:6	וַֽ/יִּקְרְב֞וּ	c/7126	HC/Vqw3mp
Num 9:6	לִ/פְנֵ֥י	l/6440	HR/Ncbpc
Num 9:6	מֹשֶׁ֛ה	4872	HNp
Num 9:6	וְ/לִ/פְנֵ֥י	c/l/6440	HC/R/Ncbpc
Num 9:6	אַהֲרֹ֖ן	175	HNp
Num 9:6	בַּ/יּ֥וֹם	b/3117	HRd/Ncmsa
Num 9:6	הַ/הֽוּא	d/1931	HTd/Pp3ms
Num 9:7	וַ֠/יֹּאמְרוּ	c/559	HC/Vqw3mp
Num 9:7	הָ/אֲנָשִׁ֤ים	d/376	HTd/Ncmpa
Num 9:7	הָ/הֵ֨מָּה֙	d/1992	HTd/Pp3mp
Num 9:7	אֵלָ֔י/ו	413	HR/Sp3ms
Num 9:7	אֲנַ֥חְנוּ	587	HPp1cp
Num 9:7	טְמֵאִ֖ים	2931	HAampa
Num 9:7	לְ/נֶ֣פֶשׁ	l/5315	HR/Ncbsc
Num 9:7	אָדָ֑ם	120	HNcmsa
Num 9:7	לָ֣/מָּה	l/4100	HR/Ti
Num 9:7	נִגָּרַ֗ע	1639	HVNi1cp
Num 9:7	לְ/בִלְתִּ֨י	l/1115	HR/C
Num 9:7	הַקְרִ֜ב	7126	HVhc
Num 9:7	אֶת	853	HTo
Num 9:7	קָרְבַּ֤ן	7133 a	HNcmsc
Num 9:7	יְהוָה֙	3068	HNp
Num 9:7	בְּ/מֹ֣עֲד֔/וֹ	b/4150	HR/Ncmsc/Sp3ms
Num 9:7	בְּ/ת֖וֹךְ	b/8432	HR/Ncmsc
Num 9:7	בְּנֵ֥י	1121 a	HNcmpc
Num 9:7	יִשְׂרָאֵֽל	3478	HNp
Num 9:8	וַ/יֹּ֥אמֶר	c/559	HC/Vqw3ms
Num 9:8	אֲלֵ/הֶ֖ם	413	HR/Sp3mp
Num 9:8	מֹשֶׁ֑ה	4872	HNp
Num 9:8	עִמְד֣וּ	5975	HVqv2mp
Num 9:8	וְ/אֶשְׁמְעָ֔ה	c/8085	HC/Vqi1cs
Num 9:8	מַה	4100	HTi
Num 9:8	יְצַוֶּ֥ה	6680	HVpi3ms
Num 9:8	יְהוָ֖ה	3068	HNp
Num 9:8	לָ/כֶֽם	l	HR/Sp2mp
Num 9:9	וַ/יְדַבֵּ֥ר	c/1696	HC/Vpw3ms
Num 9:9	יְהוָ֖ה	3068	HNp
Num 9:9	אֶל	413	HR
Num 9:9	מֹשֶׁ֥ה	4872	HNp
Num 9:9	לֵּ/אמֹֽר	l/559	HR/Vqc
Num 9:10	דַּבֵּ֛ר	1696	HVpv2ms
Num 9:10	אֶל	413	HR
Num 9:10	בְּנֵ֥י	1121 a	HNcmpc
Num 9:10	יִשְׂרָאֵ֖ל	3478	HNp
Num 9:10	לֵ/אמֹ֑ר	l/559	HR/Vqc
Num 9:10	אִ֣ישׁ	376	HNcmsa
Num 9:10	אִ֣ישׁ	376	HNcmsa
Num 9:10	כִּי	3588 a	HC
Num 9:10	יִהְיֶֽה	1961	HVqi3ms
Num 9:10	טָמֵ֣א	2931	HAamsa
Num 9:10	לָ/נֶ֡פֶשׁ	l/5315	HR/Ncbsa
Num 9:10	אוֹ֩	176 a	HC
Num 9:10	בְ/דֶ֨רֶךְ	b/1870	HR/Ncbsa
Num 9:10	רְחֹקָ֜הׄ	7350	HAafsa
Num 9:10	לָ/כֶ֗ם	l	HR/Sp2mp
Num 9:10	א֚וֹ	176 a	HC
Num 9:10	לְ/דֹרֹ֣תֵי/כֶ֔ם	l/1755	HR/Ncmpc/Sp2mp
Num 9:10	וְ/עָ֥שָׂה	c/6213 a	HC/Vqq3ms
Num 9:10	פֶ֖סַח	6453	HNcmsa
Num 9:10	לַ/יהוָֽה	l/3068	HR/Np
Num 9:11	בַּ/חֹ֨דֶשׁ	b/2320	HRd/Ncmsa
Num 9:11	הַ/שֵּׁנִ֜י	d/8145	HTd/Aomsa
Num 9:11	בְּ/אַרְבָּעָ֨ה	b/702	HR/Acmsa
Num 9:11	עָשָׂ֥ר	6240	HAcmsa
Num 9:11	י֛וֹם	3117	HNcmsa
Num 9:11	בֵּ֥ין	996	HR
Num 9:11	הָ/עַרְבַּ֖יִם	d/6153	HTd/Ncmda
Num 9:11	יַעֲשׂ֣וּ	6213 a	HVqi3mp
Num 9:11	אֹת֑/וֹ	853	HTo/Sp3ms
Num 9:11	עַל	5921 a	HR
Num 9:11	מַצּ֥וֹת	4682	HNcfpa
Num 9:11	וּ/מְרֹרִ֖ים	c/4844	HC/Ncmpa
Num 9:11	יֹאכְלֻֽ/הוּ	398	HVqi3mp/Sp3ms
Num 9:12	לֹֽא	3808	HTn
Num 9:12	יַשְׁאִ֤ירוּ	7604	HVhi3mp
Num 9:12	מִמֶּ֨/נּוּ֙	4480 a	HR/Sp1cp
Num 9:12	עַד	5704	HR
Num 9:12	בֹּ֔קֶר	1242	HNcmsa
Num 9:12	וְ/עֶ֖צֶם	c/6106	HC/Ncfsa
Num 9:12	לֹ֣א	3808	HTn
Num 9:12	יִשְׁבְּרוּ	7665	HVqi3mp
Num 9:12	ב֑/וֹ	b	HR/Sp3ms
Num 9:12	כְּ/כָל	k/3605	HR/Ncmsc
Num 9:12	חֻקַּ֥ת	2708	HNcbsc
Num 9:12	הַ/פֶּ֖סַח	d/6453	HTd/Ncmsa
Num 9:12	יַעֲשׂ֥וּ	6213 a	HVqi3mp
Num 9:12	אֹתֽ/וֹ	853	HTo/Sp3ms
Num 9:13	וְ/הָ/אִישׁ֩	c/d/376	HC/Td/Ncmsa
Num 9:13	אֲשֶׁר	834 a	HTr
Num 9:13	ה֨וּא	1931	HPp3ms
Num 9:13	טָה֜וֹר	2889	HAamsa
Num 9:13	וּ/בְ/דֶ֣רֶךְ	c/b/1870	HC/R/Ncbsa
Num 9:13	לֹא	3808	HTn
Num 9:13	הָיָ֗ה	1961	HVqp3ms
Num 9:13	וְ/חָדַל֙	c/2308	HC/Vqq3ms
Num 9:13	לַ/עֲשׂ֣וֹת	l/6213 a	HR/Vqc
Num 9:13	הַ/פֶּ֔סַח	d/6453	HTd/Ncmsa
Num 9:13	וְ/נִכְרְתָ֛ה	c/3772	HC/VNq3fs
Num 9:13	הַ/נֶּ֥פֶשׁ	d/5315	HTd/Ncbsa
Num 9:13	הַ/הִ֖וא	d/1931	HTd/Pp3fs
Num 9:13	מֵֽ/עַמֶּ֑י/הָ	m/5971 b	HR/Ncmpc/Sp3fs
Num 9:13	כִּ֣י	3588 a	HC
Num 9:13	קָרְבַּ֣ן	7133 a	HNcmsc
Num 9:13	יְהוָ֗ה	3068	HNp
Num 9:13	לֹ֤א	3808	HTn
Num 9:13	הִקְרִיב֙	7126	HVhp3ms
Num 9:13	בְּ/מֹ֣עֲד֔/וֹ	b/4150	HR/Ncmsc/Sp3ms
Num 9:13	חֶטְא֥/וֹ	2399	HNcmsc/Sp3ms
Num 9:13	יִשָּׂ֖א	5375	HVqi3ms
Num 9:13	הָ/אִ֥ישׁ	d/376	HTd/Ncmsa
Num 9:13	הַ/הֽוּא	d/1931	HTd/Pp3ms
Num 9:14	וְ/כִֽי	c/3588 a	HC/C
Num 9:14	יָג֨וּר	1481 a	HVqi3ms
Num 9:14	אִתְּ/כֶ֜ם	854	HR/Sp2mp
Num 9:14	גֵּ֗ר	1616	HNcmsa
Num 9:14	וְ/עָ֤שָֽׂה	c/6213 a	HC/Vqq3ms
Num 9:14	פֶ֨סַח֙	6453	HNcmsa
Num 9:14	לַֽ/יהוָ֔ה	l/3068	HR/Np
Num 9:14	כְּ/חֻקַּ֥ת	k/2708	HR/Ncbsc
Num 9:14	הַ/פֶּ֛סַח	d/6453	HTd/Ncmsa
Num 9:14	וּ/כְ/מִשְׁפָּט֖/וֹ	c/k/4941	HC/R/Ncmsc/Sp3ms
Num 9:14	כֵּ֣ן	3651 c	HTm
Num 9:14	יַעֲשֶׂ֑ה	6213 a	HVqi3ms
Num 9:14	חֻקָּ֤ה	2708	HNcbsa
Num 9:14	אַחַת֙	259	HAcfsa
Num 9:14	יִהְיֶ֣ה	1961	HVqi3ms
Num 9:14	לָ/כֶ֔ם	l	HR/Sp2mp
Num 9:14	וְ/לַ/גֵּ֖ר	c/l/1616	HC/Rd/Ncmsa
Num 9:14	וּ/לְ/אֶזְרַ֥ח	c/l/249	HC/R/Ncmsc
Num 9:14	הָ/אָֽרֶץ	d/776	HTd/Ncbsa
Num 9:15	וּ/בְ/יוֹם֙	c/b/3117	HC/R/Ncmsc
Num 9:15	הָקִ֣ים	6965 b	HVhc
Num 9:15	אֶת	853	HTo
Num 9:15	הַ/מִּשְׁכָּ֔ן	d/4908	HTd/Ncmsa
Num 9:15	כִּסָּ֤ה	3680	HVpp3ms
Num 9:15	הֶֽ/עָנָן֙	d/6051	HTd/Ncmsa
Num 9:15	אֶת	853	HTo
Num 9:15	הַ/מִּשְׁכָּ֔ן	d/4908	HTd/Ncmsa
Num 9:15	לְ/אֹ֖הֶל	l/168	HR/Ncmsc
Num 9:15	הָ/עֵדֻ֑ת	d/5715	HTd/Ncfsa
Num 9:15	וּ/בָ/עֶ֜רֶב	c/b/6153	HC/Rd/Ncmsa
Num 9:15	יִהְיֶ֧ה	1961	HVqi3ms
Num 9:15	עַֽל	5921 a	HR
Num 9:15	הַ/מִּשְׁכָּ֛ן	d/4908	HTd/Ncmsa
Num 9:15	כְּ/מַרְאֵה	k/4758	HR/Ncmsc
Num 9:15	אֵ֖שׁ	784	HNcbsa
Num 9:15	עַד	5704	HR
Num 9:15	בֹּֽקֶר	1242	HNcmsa
Num 9:16	כֵּ֚ן	3651 c	HTm
Num 9:16	יִהְיֶ֣ה	1961	HVqi3ms
Num 9:16	תָמִ֔יד	8548	HNcmsa
Num 9:16	הֶ/עָנָ֖ן	d/6051	HTd/Ncmsa
Num 9:16	יְכַסֶּ֑/נּוּ	3680	HVpi3ms/Sp3ms
Num 9:16	וּ/מַרְאֵה	c/4758	HC/Ncmsc
Num 9:16	אֵ֖שׁ	784	HNcbsa
Num 9:16	לָֽיְלָה	3915	HNcmsa
Num 9:17	וּ/לְ/פִ֞י	c/l/6310	HC/R/Ncmsc
Num 9:17	הֵעָלֹ֤ת	5927	HVNc
Num 9:17	הֶֽ/עָנָן֙	d/6051	HTd/Ncmsa
Num 9:17	מֵ/עַ֣ל	m/5921 a	HR/R
Num 9:17	הָ/אֹ֔הֶל	d/168	HTd/Ncmsa
Num 9:17	וְ/אַ֣חֲרֵי	c/310 a	HC/R
Num 9:17	כֵ֔ן	3651 c	HD
Num 9:17	יִסְע֖וּ	5265	HVqi3mp
Num 9:17	בְּנֵ֣י	1121 a	HNcmpc
Num 9:17	יִשְׂרָאֵ֑ל	3478	HNp
Num 9:17	וּ/בִ/מְק֗וֹם	c/b/4725	HC/R/Ncmsc
Num 9:17	אֲשֶׁ֤ר	834 a	HTr
Num 9:17	יִשְׁכָּן	7931	HVqi3ms
Num 9:17	שָׁם֙	8033	HD
Num 9:17	הֶֽ/עָנָ֔ן	d/6051	HTd/Ncmsa
Num 9:17	שָׁ֥ם	8033	HD
Num 9:17	יַחֲנ֖וּ	2583	HVqi3mp
Num 9:17	בְּנֵ֥י	1121 a	HNcmpc
Num 9:17	יִשְׂרָאֵֽל	3478	HNp
Num 9:18	עַל	5921 a	HR
Num 9:18	פִּ֣י	6310	HNcmsc
Num 9:18	יְהוָ֗ה	3068	HNp
Num 9:18	יִסְעוּ֙	5265	HVqi3mp
Num 9:18	בְּנֵ֣י	1121 a	HNcmpc
Num 9:18	יִשְׂרָאֵ֔ל	3478	HNp
Num 9:18	וְ/עַל	c/5921 a	HC/R
Num 9:18	פִּ֥י	6310	HNcmsc
Num 9:18	יְהוָ֖ה	3068	HNp
Num 9:18	יַחֲנ֑וּ	2583	HVqi3mp
Num 9:18	כָּל	3605	HNcmsc
Num 9:18	יְמֵ֗י	3117	HNcmpc
Num 9:18	אֲשֶׁ֨ר	834 a	HTr
Num 9:18	יִשְׁכֹּ֧ן	7931	HVqi3ms
Num 9:18	הֶ/עָנָ֛ן	d/6051	HTd/Ncmsa
Num 9:18	עַל	5921 a	HR
Num 9:18	הַ/מִּשְׁכָּ֖ן	d/4908	HTd/Ncmsa
Num 9:18	יַחֲנֽוּ	2583	HVqi3mp
Num 9:19	וּ/בְ/הַאֲרִ֧יךְ	c/b/748	HC/R/Vhc
Num 9:19	הֶֽ/עָנָ֛ן	d/6051	HTd/Ncmsa
Num 9:19	עַל	5921 a	HR
Num 9:19	הַ/מִּשְׁכָּ֖ן	d/4908	HTd/Ncmsa
Num 9:19	יָמִ֣ים	3117	HNcmpa
Num 9:19	רַבִּ֑ים	7227 a	HAampa
Num 9:19	וְ/שָׁמְר֧וּ	c/8104	HC/Vqq3cp
Num 9:19	בְנֵי	1121 a	HNcmpc
Num 9:19	יִשְׂרָאֵ֛ל	3478	HNp
Num 9:19	אֶת	853	HTo
Num 9:19	מִשְׁמֶ֥רֶת	4931	HNcfsc
Num 9:19	יְהוָ֖ה	3068	HNp
Num 9:19	וְ/לֹ֥א	c/3808	HC/Tn
Num 9:19	יִסָּֽעוּ	5265	HVqi3mp
Num 9:20	וְ/יֵ֞שׁ	c/3426	HC/Tm
Num 9:20	אֲשֶׁ֨ר	834 a	HTr
Num 9:20	יִהְיֶ֧ה	1961	HVqi3ms
Num 9:20	הֶֽ/עָנָ֛ן	d/6051	HTd/Ncmsa
Num 9:20	יָמִ֥ים	3117	HNcmpa
Num 9:20	מִסְפָּ֖ר	4557	HNcmsa
Num 9:20	עַל	5921 a	HR
Num 9:20	הַ/מִּשְׁכָּ֑ן	d/4908	HTd/Ncmsa
Num 9:20	עַל	5921 a	HR
Num 9:20	פִּ֤י	6310	HNcmsc
Num 9:20	יְהוָה֙	3068	HNp
Num 9:20	יַחֲנ֔וּ	2583	HVqi3mp
Num 9:20	וְ/עַל	c/5921 a	HC/R
Num 9:20	פִּ֥י	6310	HNcmsc
Num 9:20	יְהוָ֖ה	3068	HNp
Num 9:20	יִסָּֽעוּ	5265	HVqi3mp
Num 9:21	וְ/יֵ֞שׁ	c/3426	HC/Tm
Num 9:21	אֲשֶׁר	834 a	HTr
Num 9:21	יִהְיֶ֤ה	1961	HVqi3ms
Num 9:21	הֶֽ/עָנָן֙	d/6051	HTd/Ncmsa
Num 9:21	מֵ/עֶ֣רֶב	m/6153	HR/Ncmsa
Num 9:21	עַד	5704	HR
Num 9:21	בֹּ֔קֶר	1242	HNcmsa
Num 9:21	וְ/נַעֲלָ֧ה	c/5927	HC/VNq3ms
Num 9:21	הֶֽ/עָנָ֛ן	d/6051	HTd/Ncmsa
Num 9:21	בַּ/בֹּ֖קֶר	b/1242	HRd/Ncmsa
Num 9:21	וְ/נָסָ֑עוּ	c/5265	HC/Vqq3cp
Num 9:21	א֚וֹ	176 a	HC
Num 9:21	יוֹמָ֣ם	3119	HD
Num 9:21	וָ/לַ֔יְלָה	c/3915	HC/Ncmsa
Num 9:21	וְ/נַעֲלָ֥ה	c/5927	HC/VNq3ms
Num 9:21	הֶ/עָנָ֖ן	d/6051	HTd/Ncmsa
Num 9:21	וְ/נָסָֽעוּ	c/5265	HC/Vqq3cp
Num 9:22	אֽוֹ	176 a	HC
Num 9:22	יֹמַ֜יִם	3117	HNcmda
Num 9:22	אוֹ	176 a	HC
Num 9:22	חֹ֣דֶשׁ	2320	HNcmsa
Num 9:22	אוֹ	176 a	HC
Num 9:22	יָמִ֗ים	3117	HNcmpa
Num 9:22	בְּ/הַאֲרִ֨יךְ	b/748	HR/Vhc
Num 9:22	הֶ/עָנָ֤ן	d/6051	HTd/Ncmsa
Num 9:22	עַל	5921 a	HR
Num 9:22	הַ/מִּשְׁכָּן֙	d/4908	HTd/Ncmsa
Num 9:22	לִ/שְׁכֹּ֣ן	l/7931	HR/Vqc
Num 9:22	עָלָ֔י/ו	5921 a	HR/Sp3ms
Num 9:22	יַחֲנ֥וּ	2583	HVqi3mp
Num 9:22	בְנֵֽי	1121 a	HNcmpc
Num 9:22	יִשְׂרָאֵ֖ל	3478	HNp
Num 9:22	וְ/לֹ֣א	c/3808	HC/Tn
Num 9:22	יִסָּ֑עוּ	5265	HVqi3mp
Num 9:22	וּ/בְ/הֵעָלֹת֖/וֹ	c/b/5927	HC/R/VNc/Sp3ms
Num 9:22	יִסָּֽעוּ	5265	HVqi3mp
Num 9:23	עַל	5921 a	HR
Num 9:23	פִּ֤י	6310	HNcmsc
Num 9:23	יְהוָה֙	3068	HNp
Num 9:23	יַחֲנ֔וּ	2583	HVqi3mp
Num 9:23	וְ/עַל	c/5921 a	HC/R
Num 9:23	פִּ֥י	6310	HNcmsc
Num 9:23	יְהוָ֖ה	3068	HNp
Num 9:23	יִסָּ֑עוּ	5265	HVqi3mp
Num 9:23	אֶת	853	HTo
Num 9:23	מִשְׁמֶ֤רֶת	4931	HNcfsc
Num 9:23	יְהוָה֙	3068	HNp
Num 9:23	שָׁמָ֔רוּ	8104	HVqp3cp
Num 9:23	עַל	5921 a	HR
Num 9:23	פִּ֥י	6310	HNcmsc
Num 9:23	יְהוָ֖ה	3068	HNp
Num 9:23	בְּ/יַד	b/3027	HR/Ncbsc
Num 9:23	מֹשֶֽׁה	4872	HNp
Num 10:1	וַ/יְדַבֵּ֥ר	c/1696	HC/Vpw3ms
Num 10:1	יְהוָ֖ה	3068	HNp
Num 10:1	אֶל	413	HR
Num 10:1	מֹשֶׁ֥ה	4872	HNp
Num 10:1	לֵּ/אמֹֽר	l/559	HR/Vqc
Num 10:2	עֲשֵׂ֣ה	6213 a	HVqv2ms
Num 10:2	לְ/ךָ֗	l	HR/Sp2ms
Num 10:2	שְׁתֵּי֙	8147	HAcfdc
Num 10:2	חֲצֽוֹצְרֹ֣ת	2689	HNcfpc
Num 10:2	כֶּ֔סֶף	3701	HNcmsa
Num 10:2	מִקְשָׁ֖ה	4749	HNcfsa
Num 10:2	תַּעֲשֶׂ֣ה	6213 a	HVqi2ms
Num 10:2	אֹתָ֑/ם	853	HTo/Sp3mp
Num 10:2	וְ/הָי֤וּ	c/1961	HC/Vqq3cp
Num 10:2	לְ/ךָ֙	l	HR/Sp2ms
Num 10:2	לְ/מִקְרָ֣א	l/4744	HR/Ncmsc
Num 10:2	הָֽ/עֵדָ֔ה	d/5712	HTd/Ncfsa
Num 10:2	וּ/לְ/מַסַּ֖ע	c/l/4550	HC/R/Ncmsa
Num 10:2	אֶת	853	HTo
Num 10:2	הַֽ/מַּחֲנֽוֹת	d/4264	HTd/Ncbpa
Num 10:3	וְ/תָקְע֖וּ	c/8628	HC/Vqq3cp
Num 10:3	בָּ/הֵ֑ן	b	HR/Sp3fp
Num 10:3	וְ/נֽוֹעֲד֤וּ	c/3259	HC/VNq3cp
Num 10:3	אֵלֶ֨י/ךָ֙	413	HR/Sp2ms
Num 10:3	כָּל	3605	HNcmsc
Num 10:3	הָ֣/עֵדָ֔ה	d/5712	HTd/Ncfsa
Num 10:3	אֶל	413	HR
Num 10:3	פֶּ֖תַח	6607	HNcmsc
Num 10:3	אֹ֥הֶל	168	HNcmsc
Num 10:3	מוֹעֵֽד	4150	HNcmsa
Num 10:4	וְ/אִם	c/518 a	HC/C
Num 10:4	בְּ/אַחַ֖ת	b/259	HR/Acfsa
Num 10:4	יִתְקָ֑עוּ	8628	HVqi3mp
Num 10:4	וְ/נוֹעֲד֤וּ	c/3259	HC/VNq3cp
Num 10:4	אֵלֶ֨י/ךָ֙	413	HR/Sp2ms
Num 10:4	הַ/נְּשִׂיאִ֔ים	d/5387 a	HTd/Ncmpa
Num 10:4	רָאשֵׁ֖י	7218 a	HNcmpc
Num 10:4	אַלְפֵ֥י	505	HAcbpc
Num 10:4	יִשְׂרָאֵֽל	3478	HNp
Num 10:5	וּ/תְקַעְתֶּ֖ם	c/8628	HC/Vqq2mp
Num 10:5	תְּרוּעָ֑ה	8643	HNcfsa
Num 10:5	וְ/נָֽסְעוּ֙	c/5265	HC/Vqq3cp
Num 10:5	הַֽ/מַּחֲנ֔וֹת	d/4264	HTd/Ncbpa
Num 10:5	הַ/חֹנִ֖ים	d/2583	HTd/Vqrmpa
Num 10:5	קֵֽדְמָ/ה	6924 b	HNcmsa/Sd
Num 10:6	וּ/תְקַעְתֶּ֤ם	c/8628	HC/Vqq2mp
Num 10:6	תְּרוּעָה֙	8643	HNcfsa
Num 10:6	שֵׁנִ֔ית	8145	HAafsa
Num 10:6	וְ/נָֽסְעוּ֙	c/5265	HC/Vqq3cp
Num 10:6	הַֽ/מַּחֲנ֔וֹת	d/4264	HTd/Ncbpa
Num 10:6	הַ/חֹנִ֖ים	d/2583	HTd/Vqrmpa
Num 10:6	תֵּימָ֑נָ/ה	8486	HNcfsa/Sd
Num 10:6	תְּרוּעָ֥ה	8643	HNcfsa
Num 10:6	יִתְקְע֖וּ	8628	HVqi3mp
Num 10:6	לְ/מַסְעֵי/הֶֽם	l/4550	HR/Ncmpc/Sp3mp
Num 10:7	וּ/בְ/הַקְהִ֖יל	c/b/6950	HC/R/Vhc
Num 10:7	אֶת	853	HTo
Num 10:7	הַ/קָּהָ֑ל	d/6951	HTd/Ncmsa
Num 10:7	תִּתְקְע֖וּ	8628	HVqi2mp
Num 10:7	וְ/לֹ֥א	c/3808	HC/Tn
Num 10:7	תָרִֽיעוּ	7321	HVhi2mp
Num 10:8	וּ/בְנֵ֤י	c/1121 a	HC/Ncmpc
Num 10:8	אַהֲרֹן֙	175	HNp
Num 10:8	הַ/כֹּ֣הֲנִ֔ים	d/3548	HTd/Ncmpa
Num 10:8	יִתְקְע֖וּ	8628	HVqi3mp
Num 10:8	בַּֽ/חֲצֹצְר֑וֹת	b/2689	HR/Ncfpa
Num 10:8	וְ/הָי֥וּ	c/1961	HC/Vqq3cp
Num 10:8	לָ/כֶ֛ם	l	HR/Sp2mp
Num 10:8	לְ/חֻקַּ֥ת	l/2708	HR/Ncbsc
Num 10:8	עוֹלָ֖ם	5769	HNcmsa
Num 10:8	לְ/דֹרֹתֵי/כֶֽם	l/1755	HR/Ncmpc/Sp2mp
Num 10:9	וְ/כִֽי	c/3588 a	HC/C
Num 10:9	תָבֹ֨אוּ	935	HVqi2mp
Num 10:9	מִלְחָמָ֜ה	4421	HNcfsa
Num 10:9	בְּ/אַרְצְ/כֶ֗ם	b/776	HR/Ncbsc/Sp2mp
Num 10:9	עַל	5921 a	HR
Num 10:9	הַ/צַּר֙	d/6862 c	HTd/Ncmsa
Num 10:9	הַ/צֹּרֵ֣ר	d/6887 d	HTd/Vqrmsa
Num 10:9	אֶתְ/כֶ֔ם	853	HTo/Sp2mp
Num 10:9	וַ/הֲרֵעֹתֶ֖ם	c/7321	HC/Vhq2mp
Num 10:9	בַּ/חֲצֹצְר֑וֹת	b/2689	HR/Ncfpa
Num 10:9	וֲ/נִזְכַּרְתֶּ֗ם	c/2142	HC/VNq2mp
Num 10:9	לִ/פְנֵי֙	l/6440	HR/Ncbpc
Num 10:9	יְהוָ֣ה	3068	HNp
Num 10:9	אֱלֹֽהֵי/כֶ֔ם	430	HNcmpc/Sp2mp
Num 10:9	וְ/נוֹשַׁעְתֶּ֖ם	c/3467	HC/VNq2mp
Num 10:9	מֵ/אֹיְבֵי/כֶֽם	m/341	HR/Vqrmpc/Sp2mp
Num 10:10	וּ/בְ/י֨וֹם	c/b/3117	HC/R/Ncmsc
Num 10:10	שִׂמְחַתְ/כֶ֥ם	8057	HNcfsc/Sp2mp
Num 10:10	וּֽ/בְ/מוֹעֲדֵי/כֶם֮	c/b/4150	HC/R/Ncmpc/Sp2mp
Num 10:10	וּ/בְ/רָאשֵׁ֣י	c/b/7218 a	HC/R/Ncmpc
Num 10:10	חָדְשֵׁי/כֶם֒	2320	HNcmpc/Sp2mp
Num 10:10	וּ/תְקַעְתֶּ֣ם	c/8628	HC/Vqq2mp
Num 10:10	בַּ/חֲצֹֽצְרֹ֗ת	b/2689	HR/Ncfpa
Num 10:10	עַ֚ל	5921 a	HR
Num 10:10	עֹלֹ֣תֵי/כֶ֔ם	5930 a	HNcfpc/Sp2mp
Num 10:10	וְ/עַ֖ל	c/5921 a	HC/R
Num 10:10	זִבְחֵ֣י	2077	HNcmpc
Num 10:10	שַׁלְמֵי/כֶ֑ם	8002	HNcmpc/Sp2mp
Num 10:10	וְ/הָי֨וּ	c/1961	HC/Vqq3cp
Num 10:10	לָ/כֶ֤ם	l	HR/Sp2mp
Num 10:10	לְ/זִכָּרוֹן֙	l/2146	HR/Ncmsa
Num 10:10	לִ/פְנֵ֣י	l/6440	HR/Ncbpc
Num 10:10	אֱלֹֽהֵי/כֶ֔ם	430	HNcmpc/Sp2mp
Num 10:10	אֲנִ֖י	589	HPp1cs
Num 10:10	יְהוָ֥ה	3068	HNp
Num 10:10	אֱלֹהֵי/כֶֽם	430	HNcmpc/Sp2mp
Num 10:11	וַ/יְהִ֞י	c/1961	HC/Vqw3ms
Num 10:11	בַּ/שָּׁנָ֧ה	b/8141	HRd/Ncfsa
Num 10:11	הַ/שֵּׁנִ֛ית	d/8145	HTd/Aafsa
Num 10:11	בַּ/חֹ֥דֶשׁ	b/2320	HRd/Ncmsa
Num 10:11	הַ/שֵּׁנִ֖י	d/8145	HTd/Aamsa
Num 10:11	בְּ/עֶשְׂרִ֣ים	b/6242	HR/Acbpa
Num 10:11	בַּ/חֹ֑דֶשׁ	b/2320	HRd/Ncmsa
Num 10:11	נַעֲלָה֙	5927	HVNp3ms
Num 10:11	הֶֽ/עָנָ֔ן	d/6051	HTd/Ncmsa
Num 10:11	מֵ/עַ֖ל	m/5921 a	HR/R
Num 10:11	מִשְׁכַּ֥ן	4908	HNcmsc
Num 10:11	הָ/עֵדֻֽת	d/5715	HTd/Ncfsa
Num 10:12	וַ/יִּסְע֧וּ	c/5265	HC/Vqw3mp
Num 10:12	בְנֵֽי	1121 a	HNcmpc
Num 10:12	יִשְׂרָאֵ֛ל	3478	HNp
Num 10:12	לְ/מַסְעֵי/הֶ֖ם	l/4550	HR/Ncmpc/Sp3mp
Num 10:12	מִ/מִּדְבַּ֣ר	m/4057 b	HR/Ncmsc
Num 10:12	סִינָ֑י	5514	HNp
Num 10:12	וַ/יִּשְׁכֹּ֥ן	c/7931	HC/Vqw3ms
Num 10:12	הֶ/עָנָ֖ן	d/6051	HTd/Ncmsa
Num 10:12	בְּ/מִדְבַּ֥ר	b/4057 b	HR/Ncmsc
Num 10:12	פָּארָֽן	6290	HNp
Num 10:13	וַ/יִּסְע֖וּ	c/5265	HC/Vqw3mp
Num 10:13	בָּ/רִאשֹׁנָ֑ה	b/7223	HRd/Aafsa
Num 10:13	עַל	5921 a	HR
Num 10:13	פִּ֥י	6310	HNcmsc
Num 10:13	יְהוָ֖ה	3068	HNp
Num 10:13	בְּ/יַד	b/3027	HR/Ncbsc
Num 10:13	מֹשֶֽׁה	4872	HNp
Num 10:14	וַ/יִּסַּ֞ע	c/5265	HC/Vqw3ms
Num 10:14	דֶּ֣גֶל	1714	HNcmsc
Num 10:14	מַחֲנֵ֧ה	4264	HNcbsc
Num 10:14	בְנֵֽי	1121 a	HNcmpc
Num 10:14	יְהוּדָ֛ה	3063	HNp
Num 10:14	בָּ/רִאשֹׁנָ֖ה	b/7223	HRd/Aafsa
Num 10:14	לְ/צִבְאֹתָ֑/ם	l/6635 a	HR/Ncbpc/Sp3mp
Num 10:14	וְ/עַל	c/5921 a	HC/R
Num 10:14	צְבָא֔/וֹ	6635 a	HNcbsc/Sp3ms
Num 10:14	נַחְשׁ֖וֹן	5177	HNp
Num 10:14	בֶּן	1121 a	HNcmsc
Num 10:14	עַמִּינָדָֽב	5992	HNp
Num 10:15	וְ/עַ֨ל	c/5921 a	HC/R
Num 10:15	צְבָ֔א	6635 a	HNcbsc
Num 10:15	מַטֵּ֖ה	4294	HNcmsc
Num 10:15	בְּנֵ֣י	1121 a	HNcmpc
Num 10:15	יִשָׂשכָ֑ר	3485	HNp
Num 10:15	נְתַנְאֵ֖ל	5417	HNp
Num 10:15	בֶּן	1121 a	HNcmsc
Num 10:15	צוּעָֽר	6686	HNp
Num 10:16	וְ/עַ֨ל	c/5921 a	HC/R
Num 10:16	צְבָ֔א	6635 a	HNcbsc
Num 10:16	מַטֵּ֖ה	4294	HNcmsc
Num 10:16	בְּנֵ֣י	1121 a	HNcmpc
Num 10:16	זְבוּלֻ֑ן	2074	HNp
Num 10:16	אֱלִיאָ֖ב	446	HNp
Num 10:16	בֶּן	1121 a	HNcmsc
Num 10:16	חֵלֽוֹן	2497	HNp
Num 10:17	וְ/הוּרַ֖ד	c/3381	HC/VHq3ms
Num 10:17	הַ/מִּשְׁכָּ֑ן	d/4908	HTd/Ncmsa
Num 10:17	וְ/נָסְע֤וּ	c/5265	HC/Vqq3cp
Num 10:17	בְנֵֽי	1121 a	HNcmpc
Num 10:17	גֵרְשׁוֹן֙	1648	HNp
Num 10:17	וּ/בְנֵ֣י	c/1121 a	HC/Ncmpc
Num 10:17	מְרָרִ֔י	4847	HNp
Num 10:17	נֹשְׂאֵ֖י	5375	HVqrmpc
Num 10:17	הַ/מִּשְׁכָּֽן	d/4908	HTd/Ncmsa
Num 10:18	וְ/נָסַ֗ע	c/5265	HC/Vqq3ms
Num 10:18	דֶּ֛גֶל	1714	HNcmsc
Num 10:18	מַחֲנֵ֥ה	4264	HNcbsc
Num 10:18	רְאוּבֵ֖ן	7205	HNp
Num 10:18	לְ/צִבְאֹתָ֑/ם	l/6635 a	HR/Ncbpc/Sp3mp
Num 10:18	וְ/עַל	c/5921 a	HC/R
Num 10:18	צְבָא֔/וֹ	6635 a	HNcbsc/Sp3ms
Num 10:18	אֱלִיצ֖וּר	468	HNp
Num 10:18	בֶּן	1121 a	HNcmsc
Num 10:18	שְׁדֵיאֽוּר	7707	HNp
Num 10:19	וְ/עַ֨ל	c/5921 a	HC/R
Num 10:19	צְבָ֔א	6635 a	HNcbsc
Num 10:19	מַטֵּ֖ה	4294	HNcmsc
Num 10:19	בְּנֵ֣י	1121 a	HNcmpc
Num 10:19	שִׁמְע֑וֹן	8095	HNp
Num 10:19	שְׁלֻֽמִיאֵ֖ל	8017	HNp
Num 10:19	בֶּן	1121 a	HNcmsc
Num 10:19	צוּרִֽי	6701+	HNp
Num 10:19	שַׁדָּֽי	6701	HNp
Num 10:20	וְ/עַל	c/5921 a	HC/R
Num 10:20	צְבָ֖א	6635 a	HNcbsc
Num 10:20	מַטֵּ֣ה	4294	HNcmsc
Num 10:20	בְנֵי	1121 a	HNcmpc
Num 10:20	גָ֑ד	1410	HNp
Num 10:20	אֶלְיָסָ֖ף	460	HNp
Num 10:20	בֶּן	1121 a	HNcmsc
Num 10:20	דְּעוּאֵֽל	1845	HNp
Num 10:21	וְ/נָסְעוּ֙	c/5265	HC/Vqq3cp
Num 10:21	הַ/קְּהָתִ֔ים	d/6956	HTd/Ngmpa
Num 10:21	נֹשְׂאֵ֖י	5375	HVqrmpc
Num 10:21	הַ/מִּקְדָּ֑שׁ	d/4720	HTd/Ncmsa
Num 10:21	וְ/הֵקִ֥ימוּ	c/6965 b	HC/Vhq3cp
Num 10:21	אֶת	853	HTo
Num 10:21	הַ/מִּשְׁכָּ֖ן	d/4908	HTd/Ncmsa
Num 10:21	עַד	5704	HR
Num 10:21	בֹּאָֽ/ם	935	HVqc/Sp3mp
Num 10:22	וְ/נָסַ֗ע	c/5265	HC/Vqq3ms
Num 10:22	דֶּ֛גֶל	1714	HNcmsc
Num 10:22	מַחֲנֵ֥ה	4264	HNcbsc
Num 10:22	בְנֵֽי	1121 a	HNcmpc
Num 10:22	אֶפְרַ֖יִם	669	HNp
Num 10:22	לְ/צִבְאֹתָ֑/ם	l/6635 a	HR/Ncbpc/Sp3mp
Num 10:22	וְ/עַל	c/5921 a	HC/R
Num 10:22	צְבָא֔/וֹ	6635 a	HNcbsc/Sp3ms
Num 10:22	אֱלִישָׁמָ֖ע	476	HNp
Num 10:22	בֶּן	1121 a	HNcmsc
Num 10:22	עַמִּיהֽוּד	5989	HNp
Num 10:23	וְ/עַ֨ל	c/5921 a	HC/R
Num 10:23	צְבָ֔א	6635 a	HNcbsc
Num 10:23	מַטֵּ֖ה	4294	HNcmsc
Num 10:23	בְּנֵ֣י	1121 a	HNcmpc
Num 10:23	מְנַשֶּׁ֑ה	4519	HNp
Num 10:23	גַּמְלִיאֵ֖ל	1583	HNp
Num 10:23	בֶּן	1121 a	HNcmsc
Num 10:23	פְּדָה	6301	HNp
Num 10:23	צֽוּר	6301	HNp
Num 10:24	וְ/עַ֨ל	c/5921 a	HC/R
Num 10:24	צְבָ֔א	6635 a	HNcbsc
Num 10:24	מַטֵּ֖ה	4294	HNcmsc
Num 10:24	בְּנֵ֣י	1121 a	HNcmpc
Num 10:24	בִנְיָמִ֑ן	1144	HNp
Num 10:24	אֲבִידָ֖ן	27	HNp
Num 10:24	בֶּן	1121 a	HNcmsc
Num 10:24	גִּדְעוֹנִֽי	1441	HNp
Num 10:25	וְ/נָסַ֗ע	c/5265	HC/Vqq3ms
Num 10:25	דֶּ֚גֶל	1714	HNcmsc
Num 10:25	מַחֲנֵ֣ה	4264	HNcbsc
Num 10:25	בְנֵי	1121 a	HNcmpc
Num 10:25	דָ֔ן	1835	HNp
Num 10:25	מְאַסֵּ֥ף	622	HVprmsa
Num 10:25	לְ/כָל	l/3605	HR/Ncmsc
Num 10:25	הַֽ/מַּחֲנֹ֖ת	d/4264	HTd/Ncbpa
Num 10:25	לְ/צִבְאֹתָ֑/ם	l/6635 a	HR/Ncbpc/Sp3mp
Num 10:25	וְ/עַל	c/5921 a	HC/R
Num 10:25	צְבָא֔/וֹ	6635 a	HNcbsc/Sp3ms
Num 10:25	אֲחִיעֶ֖זֶר	295	HNp
Num 10:25	בֶּן	1121 a	HNcmsc
Num 10:25	עַמִּישַׁדָּֽי	5996	HNp
Num 10:26	וְ/עַל	c/5921 a	HC/R
Num 10:26	צְבָ֔א	6635 a	HNcbsc
Num 10:26	מַטֵּ֖ה	4294	HNcmsc
Num 10:26	בְּנֵ֣י	1121 a	HNcmpc
Num 10:26	אָשֵׁ֑ר	836	HNp
Num 10:26	פַּגְעִיאֵ֖ל	6295	HNp
Num 10:26	בֶּן	1121 a	HNcmsc
Num 10:26	עָכְרָֽן	5918	HNp
Num 10:27	וְ/עַ֨ל	c/5921 a	HC/R
Num 10:27	צְבָ֔א	6635 a	HNcbsc
Num 10:27	מַטֵּ֖ה	4294	HNcmsc
Num 10:27	בְּנֵ֣י	1121 a	HNcmpc
Num 10:27	נַפְתָּלִ֑י	5321	HNp
Num 10:27	אֲחִירַ֖ע	299	HNp
Num 10:27	בֶּן	1121 a	HNcmsc
Num 10:27	עֵינָֽן	5881	HNp
Num 10:28	אֵ֛לֶּה	428	HPdxcp
Num 10:28	מַסְעֵ֥י	4550	HNcmpc
Num 10:28	בְנֵֽי	1121 a	HNcmpc
Num 10:28	יִשְׂרָאֵ֖ל	3478	HNp
Num 10:28	לְ/צִבְאֹתָ֑/ם	l/6635 a	HR/Ncbpc/Sp3mp
Num 10:28	וַ/יִּסָּֽעוּ	c/5265	HC/Vqw3mp
Num 10:29	וַ/יֹּ֣אמֶר	c/559	HC/Vqw3ms
Num 10:29	מֹשֶׁ֗ה	4872	HNp
Num 10:29	לְ֠/חֹבָב	l/2246	HR/Np
Num 10:29	בֶּן	1121 a	HNcmsc
Num 10:29	רְעוּאֵ֣ל	7467	HNp
Num 10:29	הַ/מִּדְיָנִי֮	d/4084	HTd/Ngmsa
Num 10:29	חֹתֵ֣ן	2859 a	HVqrmsc
Num 10:29	מֹשֶׁה֒	4872	HNp
Num 10:29	נֹסְעִ֣ים	5265	HVqrmpa
Num 10:29	אֲנַ֗חְנוּ	587	HPp1cp
Num 10:29	אֶל	413	HR
Num 10:29	הַ/מָּקוֹם֙	d/4725	HTd/Ncmsa
Num 10:29	אֲשֶׁ֣ר	834 a	HTr
Num 10:29	אָמַ֣ר	559	HVqp3ms
Num 10:29	יְהוָ֔ה	3068	HNp
Num 10:29	אֹת֖/וֹ	853	HTo/Sp3ms
Num 10:29	אֶתֵּ֣ן	5414	HVqi1cs
Num 10:29	לָ/כֶ֑ם	l	HR/Sp2mp
Num 10:29	לְכָ֤/ה	3212	HVqv2ms/Sh
Num 10:29	אִתָּ֨/נוּ֙	854	HR/Sp1cp
Num 10:29	וְ/הֵטַ֣בְנוּ	c/3190	HC/Vhq1cp
Num 10:29	לָ֔/ךְ	l	HR/Sp2fs
Num 10:29	כִּֽי	3588 a	HC
Num 10:29	יְהוָ֥ה	3068	HNp
Num 10:29	דִּבֶּר	1696	HVpp3ms
Num 10:29	ט֖וֹב	2896 a	HAamsa
Num 10:29	עַל	5921 a	HR
Num 10:29	יִשְׂרָאֵֽל	3478	HNp
Num 10:30	וַ/יֹּ֥אמֶר	c/559	HC/Vqw3ms
Num 10:30	אֵלָ֖י/ו	413	HR/Sp3ms
Num 10:30	לֹ֣א	3808	HTn
Num 10:30	אֵלֵ֑ךְ	3212	HVqi1cs
Num 10:30	כִּ֧י	3588 b	HC
Num 10:30	אִם	518 b	HC
Num 10:30	אֶל	413	HR
Num 10:30	אַרְצִ֛/י	776	HNcbsc/Sp1cs
Num 10:30	וְ/אֶל	c/413	HC/R
Num 10:30	מוֹלַדְתִּ֖/י	4138	HNcfsc/Sp1cs
Num 10:30	אֵלֵֽךְ	3212	HVqi1cs
Num 10:31	וַ/יֹּ֕אמֶר	c/559	HC/Vqw3ms
Num 10:31	אַל	408	HTn
Num 10:31	נָ֖א	4994	HTe
Num 10:31	תַּעֲזֹ֣ב	5800 a	HVqj2ms
Num 10:31	אֹתָ֑/נוּ	853	HTo/Sp1cp
Num 10:31	כִּ֣י	3588 c	HC
Num 10:31	עַל	5921 b	HR
Num 10:31	כֵּ֣ן	3651 b	HTm
Num 10:31	יָדַ֗עְתָּ	3045	HVqp2ms
Num 10:31	חֲנֹתֵ֨/נוּ֙	2583	HVqc/Sp1cp
Num 10:31	בַּ/מִּדְבָּ֔ר	b/4057 b	HRd/Ncmsa
Num 10:31	וְ/הָיִ֥יתָ	c/1961	HC/Vqq2ms
Num 10:31	לָּ֖/נוּ	l	HR/Sp1cp
Num 10:31	לְ/עֵינָֽיִם	l/5869 a	HR/Ncbda
Num 10:32	וְ/הָיָ֖ה	c/1961	HC/Vqq3ms
Num 10:32	כִּי	3588 a	HC
Num 10:32	תֵלֵ֣ךְ	3212	HVqi2ms
Num 10:32	עִמָּ֑/נוּ	5973 a	HR/Sp1cp
Num 10:32	וְ/הָיָ֣ה	c/1961	HC/Vqq3ms
Num 10:32	הַ/טּ֣וֹב	d/2896 b	HTd/Aamsa
Num 10:32	הַ/ה֗וּא	d/1931	HTd/Pp3ms
Num 10:32	אֲשֶׁ֨ר	834 a	HTr
Num 10:32	יֵיטִ֧יב	3190	HVhi3ms
Num 10:32	יְהוָ֛ה	3068	HNp
Num 10:32	עִמָּ֖/נוּ	5973 a	HR/Sp1cp
Num 10:32	וְ/הֵטַ֥בְנוּ	c/3190	HC/Vhq1cp
Num 10:32	לָֽ/ךְ	l	HR/Sp2fs
Num 10:33	וַ/יִּסְעוּ֙	c/5265	HC/Vqw3mp
Num 10:33	מֵ/הַ֣ר	m/2022	HR/Ncmsc
Num 10:33	יְהוָ֔ה	3068	HNp
Num 10:33	דֶּ֖רֶךְ	1870	HNcbsc
Num 10:33	שְׁלֹ֣שֶׁת	7969	HAcmsc
Num 10:33	יָמִ֑ים	3117	HNcmpa
Num 10:33	וַ/אֲר֨וֹן	c/727	HC/Ncbsc
Num 10:33	בְּרִית	1285	HNcfsc
Num 10:33	יְהוָ֜ה	3068	HNp
Num 10:33	נֹסֵ֣עַ	5265	HVqrmsa
Num 10:33	לִ/פְנֵי/הֶ֗ם	l/6440	HR/Ncbpc/Sp3mp
Num 10:33	דֶּ֚רֶךְ	1870	HNcbsc
Num 10:33	שְׁלֹ֣שֶׁת	7969	HAcmsc
Num 10:33	יָמִ֔ים	3117	HNcmpa
Num 10:33	לָ/ת֥וּר	l/8446	HR/Vqc
Num 10:33	לָ/הֶ֖ם	l	HR/Sp3mp
Num 10:33	מְנוּחָֽה	4496	HNcbsa
Num 10:34	וַ/עֲנַ֧ן	c/6051	HC/Ncmsc
Num 10:34	יְהוָ֛ה	3068	HNp
Num 10:34	עֲלֵי/הֶ֖ם	5921 a	HR/Sp3mp
Num 10:34	יוֹמָ֑ם	3119	HD
Num 10:34	בְּ/נָסְעָ֖/ם	b/5265	HR/Vqc/Sp3mp
Num 10:34	מִן	4480 a	HR
Num 10:34	הַֽ/מַּחֲנֶֽה	d/4264	HTd/Ncbsa
Num 10:35	וַ/יְהִ֛י	c/1961	HC/Vqw3ms
Num 10:35	בִּ/נְסֹ֥עַ	b/5265	HR/Vqc
Num 10:35	הָ/אָרֹ֖ן	d/727	HTd/Ncbsa
Num 10:35	וַ/יֹּ֣אמֶר	c/559	HC/Vqw3ms
Num 10:35	מֹשֶׁ֑ה	4872	HNp
Num 10:35	קוּמָ֣/ה	6965 b	HVqv2ms/Sh
Num 10:35	יְהוָ֗ה	3068	HNp
Num 10:35	וְ/יָפֻ֨צוּ֙	c/6327 a	HC/Vqi3mp
Num 10:35	אֹֽיְבֶ֔י/ךָ	341	HVqrmpc/Sp2ms
Num 10:35	וְ/יָנֻ֥סוּ	c/5127	HC/Vqi3mp
Num 10:35	מְשַׂנְאֶ֖י/ךָ	8130	HVprmpc/Sp2ms
Num 10:35	מִ/פָּנֶֽי/ךָ	m/6440	HR/Ncbpc/Sp2ms
Num 10:36	וּ/בְ/נֻחֹ֖/ה	c/b/5117	HC/R/Vqc/Sp3ms
Num 10:36	יֹאמַ֑ר	559	HVqi3ms
Num 10:36	שׁוּבָ֣/ה	7725	HVqv2ms/Sh
Num 10:36	יְהוָ֔ה	3068	HNp
Num 10:36	רִֽבְב֖וֹת	7233	HNcfpc
Num 10:36	אַלְפֵ֥י	505	HAcbpc
Num 10:36	יִשְׂרָאֵֽל	3478	HNp
Num 11:1	וַ/יְהִ֤י	c/1961	HC/Vqw3ms
Num 11:1	הָ/עָם֙	d/5971 a	HTd/Ncmsa
Num 11:1	כְּ/מִתְאֹ֣נְנִ֔ים	k/596	HR/Vrrmpa
Num 11:1	רַ֖ע	7451 b	HAamsa
Num 11:1	בְּ/אָזְנֵ֣י	b/241	HR/Ncfdc
Num 11:1	יְהוָ֑ה	3068	HNp
Num 11:1	וַ/יִּשְׁמַ֤ע	c/8085	HC/Vqw3ms
Num 11:1	יְהוָה֙	3068	HNp
Num 11:1	וַ/יִּ֣חַר	c/2734	HC/Vqw3ms
Num 11:1	אַפּ֔/וֹ	639	HNcmsc/Sp3ms
Num 11:1	וַ/תִּבְעַר	c/1197 a	HC/Vqw3fs
Num 11:1	בָּ/ם֙	b	HR/Sp3mp
Num 11:1	אֵ֣שׁ	784	HNcbsc
Num 11:1	יְהוָ֔ה	3068	HNp
Num 11:1	וַ/תֹּ֖אכַל	c/398	HC/Vqw3fs
Num 11:1	בִּ/קְצֵ֥ה	b/7097 a	HR/Ncbsc
Num 11:1	הַֽ/מַּחֲנֶֽה	d/4264	HTd/Ncbsa
Num 11:2	וַ/יִּצְעַ֥ק	c/6817	HC/Vqw3ms
Num 11:2	הָ/עָ֖ם	d/5971 a	HTd/Ncmsa
Num 11:2	אֶל	413	HR
Num 11:2	מֹשֶׁ֑ה	4872	HNp
Num 11:2	וַ/יִּתְפַּלֵּ֤ל	c/6419	HC/Vtw3ms
Num 11:2	מֹשֶׁה֙	4872	HNp
Num 11:2	אֶל	413	HR
Num 11:2	יְהוָ֔ה	3068	HNp
Num 11:2	וַ/תִּשְׁקַ֖ע	c/8257	HC/Vqw3fs
Num 11:2	הָ/אֵֽשׁ	d/784	HTd/Ncbsa
Num 11:3	וַ/יִּקְרָ֛א	c/7121	HC/Vqw3ms
Num 11:3	שֵֽׁם	8034	HNcmsc
Num 11:3	הַ/מָּק֥וֹם	d/4725	HTd/Ncmsa
Num 11:3	הַ/ה֖וּא	d/1931	HTd/Pp3ms
Num 11:3	תַּבְעֵרָ֑ה	8404	HNp
Num 11:3	כִּֽי	3588 a	HC
Num 11:3	בָעֲרָ֥ה	1197 a	HVqp3fs
Num 11:3	בָ֖/ם	b	HR/Sp3mp
Num 11:3	אֵ֥שׁ	784	HNcbsc
Num 11:3	יְהוָֽה	3068	HNp
Num 11:4	וְ/הָֽ/אסַפְסֻף֙	c/d/628	HC/Td/Ncmsa
Num 11:4	אֲשֶׁ֣ר	834 a	HTr
Num 11:4	בְּ/קִרְבּ֔/וֹ	b/7130	HR/Ncmsc/Sp3ms
Num 11:4	הִתְאַוּ֖וּ	183	HVtp3cp
Num 11:4	תַּאֲוָ֑ה	8378	HNcfsa
Num 11:4	וַ/יָּשֻׁ֣בוּ	c/7725	HC/Vqw3mp
Num 11:4	וַ/יִּבְכּ֗וּ	c/1058	HC/Vqw3mp
Num 11:4	גַּ֚ם	1571	HTa
Num 11:4	בְּנֵ֣י	1121 a	HNcmpc
Num 11:4	יִשְׂרָאֵ֔ל	3478	HNp
Num 11:4	וַ/יֹּ֣אמְר֔וּ	c/559	HC/Vqw3mp
Num 11:4	מִ֥י	4310	HTi
Num 11:4	יַאֲכִלֵ֖/נוּ	398	HVhi3ms/Sp1cp
Num 11:4	בָּשָֽׂר	1320	HNcmsa
Num 11:5	זָכַ֨רְנוּ֙	2142	HVqp1cp
Num 11:5	אֶת	853	HTo
Num 11:5	הַ/דָּגָ֔ה	d/1710	HTd/Ncfsa
Num 11:5	אֲשֶׁר	834 a	HTr
Num 11:5	נֹאכַ֥ל	398	HVqi1cp
Num 11:5	בְּ/מִצְרַ֖יִם	b/4714	HR/Np
Num 11:5	חִנָּ֑ם	2600	HD
Num 11:5	אֵ֣ת	853	HTo
Num 11:5	הַ/קִּשֻּׁאִ֗ים	d/7180	HTd/Ncfpa
Num 11:5	וְ/אֵת֙	c/853	HC/To
Num 11:5	הָֽ/אֲבַטִּחִ֔ים	d/20	HTd/Ncmpa
Num 11:5	וְ/אֶת	c/853	HC/To
Num 11:5	הֶ/חָצִ֥יר	d/2682 b	HTd/Ncmsa
Num 11:5	וְ/אֶת	c/853	HC/To
Num 11:5	הַ/בְּצָלִ֖ים	d/1211	HTd/Ncmpa
Num 11:5	וְ/אֶת	c/853	HC/To
Num 11:5	הַ/שּׁוּמִֽים	d/7762	HTd/Ncmpa
Num 11:6	וְ/עַתָּ֛ה	c/6258	HC/D
Num 11:6	נַפְשֵׁ֥/נוּ	5315	HNcbsc/Sp1cp
Num 11:6	יְבֵשָׁ֖ה	3002	HAafsa
Num 11:6	אֵ֣ין	369	HTn
Num 11:6	כֹּ֑ל	3605	HNcmsa
Num 11:6	בִּלְתִּ֖י	1115	HC
Num 11:6	אֶל	413	HR
Num 11:6	הַ/מָּ֥ן	d/4478 a	HTd/Ncmsa
Num 11:6	עֵינֵֽי/נוּ	5869 a	HNcbdc/Sp1cp
Num 11:7	וְ/הַ/מָּ֕ן	c/d/4478 a	HC/Td/Ncmsa
Num 11:7	כִּ/זְרַע	k/2233	HR/Ncmsc
Num 11:7	גַּ֖ד	1407	HNcmsa
Num 11:7	ה֑וּא	1931	HPp3ms
Num 11:7	וְ/עֵינ֖/וֹ	c/5869 a	HC/Ncbsc/Sp3ms
Num 11:7	כְּ/עֵ֥ין	k/5869 a	HR/Ncbsc
Num 11:7	הַ/בְּדֹֽלַח	d/916	HTd/Ncmsa
Num 11:8	שָׁטוּ֩	7751 a	HVqp3cp
Num 11:8	הָ/עָ֨ם	d/5971 a	HTd/Ncmsa
Num 11:8	וְ/לָֽקְט֜וּ	c/3950	HC/Vqq3cp
Num 11:8	וְ/טָחֲנ֣וּ	c/2912	HC/Vqq3cp
Num 11:8	בָ/רֵחַ֗יִם	b/7347	HRd/Ncmda
Num 11:8	א֤וֹ	176 a	HC
Num 11:8	דָכוּ֙	1743	HVqp3cp
Num 11:8	בַּ/מְּדֹכָ֔ה	b/4085	HRd/Ncfsa
Num 11:8	וּ/בִשְּׁלוּ֙	c/1310	HC/Vpq3cp
Num 11:8	בַּ/פָּר֔וּר	b/6517	HRd/Ncmsa
Num 11:8	וְ/עָשׂ֥וּ	c/6213 a	HC/Vqq3cp
Num 11:8	אֹת֖/וֹ	853	HTo/Sp3ms
Num 11:8	עֻג֑וֹת	5692	HNcfpa
Num 11:8	וְ/הָיָ֣ה	c/1961	HC/Vqq3ms
Num 11:8	טַעְמ֔/וֹ	2940	HNcmsc/Sp3ms
Num 11:8	כְּ/טַ֖עַם	k/2940	HR/Ncmsc
Num 11:8	לְשַׁ֥ד	3955	HNcmsc
Num 11:8	הַ/שָּֽׁמֶן	d/8081	HTd/Ncmsa
Num 11:9	וּ/בְ/רֶ֧דֶת	c/b/3381	HC/R/Vqc
Num 11:9	הַ/טַּ֛ל	d/2919	HTd/Ncmsa
Num 11:9	עַל	5921 a	HR
Num 11:9	הַֽ/מַּחֲנֶ֖ה	d/4264	HTd/Ncbsa
Num 11:9	לָ֑יְלָה	3915	HNcmsa
Num 11:9	יֵרֵ֥ד	3381	HVqi3ms
Num 11:9	הַ/מָּ֖ן	d/4478 a	HTd/Ncmsa
Num 11:9	עָלָֽי/ו	5921 a	HR/Sp3ms
Num 11:10	וַ/יִּשְׁמַ֨ע	c/8085	HC/Vqw3ms
Num 11:10	מֹשֶׁ֜ה	4872	HNp
Num 11:10	אֶת	853	HTo
Num 11:10	הָ/עָ֗ם	d/5971 a	HTd/Ncmsa
Num 11:10	בֹּכֶה֙	1058	HVqrmsa
Num 11:10	לְ/מִשְׁפְּחֹתָ֔י/ו	l/4940	HR/Ncfpc/Sp3ms
Num 11:10	אִ֖ישׁ	376	HNcmsa
Num 11:10	לְ/פֶ֣תַח	l/6607	HR/Ncmsc
Num 11:10	אָהֳל֑/וֹ	168	HNcmsc/Sp3ms
Num 11:10	וַ/יִּֽחַר	c/2734	HC/Vqw3ms
Num 11:10	אַ֤ף	639	HTa
Num 11:10	יְהוָה֙	3068	HNp
Num 11:10	מְאֹ֔ד	3966	HD
Num 11:10	וּ/בְ/עֵינֵ֥י	c/b/5869 a	HC/R/Ncbdc
Num 11:10	מֹשֶׁ֖ה	4872	HNp
Num 11:10	רָֽע	7489 a	HAamsa
Num 11:11	וַ/יֹּ֨אמֶר	c/559	HC/Vqw3ms
Num 11:11	מֹשֶׁ֜ה	4872	HNp
Num 11:11	אֶל	413	HR
Num 11:11	יְהוָ֗ה	3068	HNp
Num 11:11	לָ/מָ֤ה	l/4100	HR/Ti
Num 11:11	הֲרֵעֹ֨תָ֙	7489 a	HVhp2ms
Num 11:11	לְ/עַבְדֶּ֔/ךָ	l/5650	HR/Ncmsc/Sp2ms
Num 11:11	וְ/לָ֛/מָּה	c/l/4100	HC/R/Ti
Num 11:11	לֹא	3808	HTn
Num 11:11	מָצָ֥תִי	4672	HVqp1cs
Num 11:11	חֵ֖ן	2580	HNcmsa
Num 11:11	בְּ/עֵינֶ֑י/ךָ	b/5869 a	HR/Ncbdc/Sp2ms
Num 11:11	לָ/שׂ֗וּם	l/7760 a	HR/Vqc
Num 11:11	אֶת	853	HTo
Num 11:11	מַשָּׂ֛א	4853 a	HNcmsc
Num 11:11	כָּל	3605	HNcmsc
Num 11:11	הָ/עָ֥ם	d/5971 a	HTd/Ncmsa
Num 11:11	הַ/זֶּ֖ה	d/2088	HTd/Pdxms
Num 11:11	עָלָֽ/י	5921 a	HR/Sp1cs
Num 11:12	הֶ/אָנֹכִ֣י	d/595	HTi/Pp1cs
Num 11:12	הָרִ֗יתִי	2029	HVqp1cs
Num 11:12	אֵ֚ת	853	HTo
Num 11:12	כָּל	3605	HNcmsc
Num 11:12	הָ/עָ֣ם	d/5971 a	HTd/Ncmsa
Num 11:12	הַ/זֶּ֔ה	d/2088	HTd/Pdxms
Num 11:12	אִם	518 a	HC
Num 11:12	אָנֹכִ֖י	595	HPp1cs
Num 11:12	יְלִדְתִּ֑י/הוּ	3205	HVqp1cs/Sp3ms
Num 11:12	כִּֽי	3588 a	HC
Num 11:12	תֹאמַ֨ר	559	HVqi2ms
Num 11:12	אֵלַ֜/י	413	HR/Sp1cs
Num 11:12	שָׂאֵ֣/הוּ	5375	HVqv2ms/Sp3ms
Num 11:12	בְ/חֵיקֶ֗/ךָ	b/2436	HR/Ncmsc/Sp2ms
Num 11:12	כַּ/אֲשֶׁ֨ר	k/834 d	HR/Tr
Num 11:12	יִשָּׂ֤א	5375	HVqi3ms
Num 11:12	הָ/אֹמֵן֙	d/539	HTd/Vqrmsa
Num 11:12	אֶת	853	HTo
Num 11:12	הַ/יֹּנֵ֔ק	d/3243	HTd/Vqrmsa
Num 11:12	עַ֚ל	5921 a	HR
Num 11:12	הָֽ/אֲדָמָ֔ה	d/127	HTd/Ncfsa
Num 11:12	אֲשֶׁ֥ר	834 a	HTr
Num 11:12	נִשְׁבַּ֖עְתָּ	7650	HVNp2ms
Num 11:12	לַ/אֲבֹתָֽי/ו	l/1	HR/Ncmpc/Sp3ms
Num 11:13	מֵ/אַ֤יִן	m/370	HR/Ti
Num 11:13	לִ/י֙	l	HR/Sp1cs
Num 11:13	בָּשָׂ֔ר	1320	HNcmsa
Num 11:13	לָ/תֵ֖ת	l/5414	HR/Vqc
Num 11:13	לְ/כָל	l/3605	HR/Ncmsc
Num 11:13	הָ/עָ֣ם	d/5971 a	HTd/Ncmsa
Num 11:13	הַ/זֶּ֑ה	d/2088	HTd/Pdxms
Num 11:13	כִּֽי	3588 a	HC
Num 11:13	יִבְכּ֤וּ	1058	HVqi3mp
Num 11:13	עָלַ/י֙	5921 a	HR/Sp1cs
Num 11:13	לֵ/אמֹ֔ר	l/559	HR/Vqc
Num 11:13	תְּנָ/ה	5414	HVqv2ms/Sh
Num 11:13	לָּ֥/נוּ	l	HR/Sp1cp
Num 11:13	בָשָׂ֖ר	1320	HNcmsa
Num 11:13	וְ/נֹאכֵֽלָה	c/398	HC/Vqh1cp
Num 11:14	לֹֽא	3808	HTn
Num 11:14	אוּכַ֤ל	3201	HVqi1cs
Num 11:14	אָנֹכִי֙	595	HPp1cs
Num 11:14	לְ/בַדִּ֔/י	l/905	HR/Ncmsc/Sp1cs
Num 11:14	לָ/שֵׂ֖את	l/5375	HR/Vqc
Num 11:14	אֶת	853	HTo
Num 11:14	כָּל	3605	HNcmsc
Num 11:14	הָ/עָ֣ם	d/5971 a	HTd/Ncmsa
Num 11:14	הַ/זֶּ֑ה	d/2088	HTd/Pdxms
Num 11:14	כִּ֥י	3588 a	HC
Num 11:14	כָבֵ֖ד	3515	HAamsa
Num 11:14	מִמֶּֽ/נִּי	4480 a	HR/Sp1cs
Num 11:15	וְ/אִם	c/518 a	HC/C
Num 11:15	כָּ֣כָה	3602	HD
Num 11:15	אַתְּ	859 c	HPp2ms
Num 11:15	עֹ֣שֶׂה	6213 a	HVqrmsa
Num 11:15	לִּ֗/י	l	HR/Sp1cs
Num 11:15	הָרְגֵ֤/נִי	2026	HVqv2ms/Sp1cs
Num 11:15	נָא֙	4994	HTe
Num 11:15	הָרֹ֔ג	2026	HVqa
Num 11:15	אִם	518 a	HC
Num 11:15	מָצָ֥אתִי	4672	HVqp1cs
Num 11:15	חֵ֖ן	2580	HNcmsa
Num 11:15	בְּ/עֵינֶ֑י/ךָ	b/5869 a	HR/Ncbdc/Sp2ms
Num 11:15	וְ/אַל	c/408	HC/Tn
Num 11:15	אֶרְאֶ֖ה	7200	HVqc
Num 11:15	בְּ/רָעָתִֽ/י	b/7451 c	HR/Ncfsc/Sp1cs
Num 11:16	וַ/יֹּ֨אמֶר	c/559	HC/Vqw3ms
Num 11:16	יְהוָ֜ה	3068	HNp
Num 11:16	אֶל	413	HR
Num 11:16	מֹשֶׁ֗ה	4872	HNp
Num 11:16	אֶסְפָ/ה	622	HVqv2ms/Sh
Num 11:16	לִּ֞/י	l	HR/Sp1cs
Num 11:16	שִׁבְעִ֣ים	7657	HAcbpa
Num 11:16	אִישׁ֮	376	HNcmsa
Num 11:16	מִ/זִּקְנֵ֣י	m/2205	HR/Aampc
Num 11:16	יִשְׂרָאֵל֒	3478	HNp
Num 11:16	אֲשֶׁ֣ר	834 a	HTr
Num 11:16	יָדַ֔עְתָּ	3045	HVqp2ms
Num 11:16	כִּי	3588 a	HC
Num 11:16	הֵ֛ם	1992	HPp3mp
Num 11:16	זִקְנֵ֥י	2205	HAampc
Num 11:16	הָ/עָ֖ם	d/5971 a	HTd/Ncmsa
Num 11:16	וְ/שֹׁטְרָ֑י/ו	c/7860	HC/Ncmpc/Sp3ms
Num 11:16	וְ/לָקַחְתָּ֤	c/3947	HC/Vqq2ms
Num 11:16	אֹתָ/ם֙	853	HTo/Sp3mp
Num 11:16	אֶל	413	HR
Num 11:16	אֹ֣הֶל	168	HNcmsc
Num 11:16	מוֹעֵ֔ד	4150	HNcmsa
Num 11:16	וְ/הִֽתְיַצְּב֥וּ	c/3320	HC/Vtq3cp
Num 11:16	שָׁ֖ם	8033	HD
Num 11:16	עִמָּֽ/ךְ	5973 a	HR/Sp2fs
Num 11:17	וְ/יָרַדְתִּ֗י	c/3381	HC/Vqq1cs
Num 11:17	וְ/דִבַּרְתִּ֣י	c/1696	HC/Vpq1cs
Num 11:17	עִמְּ/ךָ֮	5973 a	HR/Sp2ms
Num 11:17	שָׁם֒	8033	HD
Num 11:17	וְ/אָצַלְתִּ֗י	c/680	HC/Vqq1cs
Num 11:17	מִן	4480 a	HR
Num 11:17	הָ/ר֛וּחַ	d/7307	HTd/Ncbsa
Num 11:17	אֲשֶׁ֥ר	834 a	HTr
Num 11:17	עָלֶ֖י/ךָ	5921 a	HR/Sp2ms
Num 11:17	וְ/שַׂמְתִּ֣י	c/7760 a	HC/Vqq1cs
Num 11:17	עֲלֵי/הֶ֑ם	5921 a	HR/Sp3mp
Num 11:17	וְ/נָשְׂא֤וּ	c/5375	HC/Vqq3cp
Num 11:17	אִתְּ/ךָ֙	854	HR/Sp2ms
Num 11:17	בְּ/מַשָּׂ֣א	b/4853 a	HR/Ncmsc
Num 11:17	הָ/עָ֔ם	d/5971 a	HTd/Ncmsa
Num 11:17	וְ/לֹא	c/3808	HC/Tn
Num 11:17	תִשָּׂ֥א	5375	HVqi2ms
Num 11:17	אַתָּ֖ה	859 a	HPp2ms
Num 11:17	לְ/בַדֶּֽ/ךָ	l/905	HR/Ncmsc/Sp2ms
Num 11:18	וְ/אֶל	c/413	HC/R
Num 11:18	הָ/עָ֨ם	d/5971 a	HTd/Ncmsa
Num 11:18	תֹּאמַ֜ר	559	HVqi2ms
Num 11:18	הִתְקַדְּשׁ֣וּ	6942	HVtv2mp
Num 11:18	לְ/מָחָר֮	l/4279	HR/Ncmsa
Num 11:18	וַ/אֲכַלְתֶּ֣ם	c/398	HC/Vqq2mp
Num 11:18	בָּשָׂר֒	1320	HNcmsa
Num 11:18	כִּ֡י	3588 a	HC
Num 11:18	בְּכִיתֶם֩	1058	HVqp2mp
Num 11:18	בְּ/אָזְנֵ֨י	b/241	HR/Ncfdc
Num 11:18	יְהוָ֜ה	3068	HNp
Num 11:18	לֵ/אמֹ֗ר	l/559	HR/Vqc
Num 11:18	מִ֤י	4310	HTi
Num 11:18	יַאֲכִלֵ֨/נוּ֙	398	HVhi3ms/Sp1cp
Num 11:18	בָּשָׂ֔ר	1320	HNcmsa
Num 11:18	כִּי	3588 a	HC
Num 11:18	ט֥וֹב	2895	HVqp3ms
Num 11:18	לָ֖/נוּ	l	HR/Sp1cp
Num 11:18	בְּ/מִצְרָ֑יִם	b/4714	HR/Np
Num 11:18	וְ/נָתַ֨ן	c/5414	HC/Vqq3ms
Num 11:18	יְהוָ֥ה	3068	HNp
Num 11:18	לָ/כֶ֛ם	l	HR/Sp2mp
Num 11:18	בָּשָׂ֖ר	1320	HNcmsa
Num 11:18	וַ/אֲכַלְתֶּֽם	c/398	HC/Vqq2mp
Num 11:19	לֹ֣א	3808	HTn
Num 11:19	י֥וֹם	3117	HNcmsa
Num 11:19	אֶחָ֛ד	259	HAcmsa
Num 11:19	תֹּאכְל֖וּ/ן	398	HVqi2mp/Sn
Num 11:19	וְ/לֹ֣א	c/3808	HC/Tn
Num 11:19	יוֹמָ֑יִם	3117	HNcmda
Num 11:19	וְ/לֹ֣א	c/3808	HC/Tn
Num 11:19	חֲמִשָּׁ֣ה	2568	HAcmsa
Num 11:19	יָמִ֗ים	3117	HNcmpa
Num 11:19	וְ/לֹא֙	c/3808	HC/Tn
Num 11:19	עֲשָׂרָ֣ה	6235	HAcmsa
Num 11:19	יָמִ֔ים	3117	HNcmpa
Num 11:19	וְ/לֹ֖א	c/3808	HC/Tn
Num 11:19	עֶשְׂרִ֥ים	6242	HAcbpa
Num 11:19	יֽוֹם	3117	HNcmsa
Num 11:20	עַ֣ד	5704	HR
Num 11:20	חֹ֣דֶשׁ	2320	HNcmsc
Num 11:20	יָמִ֗ים	3117	HNcmpa
Num 11:20	עַ֤ד	5704	HR
Num 11:20	אֲשֶׁר	834 a	HTr
Num 11:20	יֵצֵא֙	3318	HVqi3ms
Num 11:20	מֵֽ/אַפְּ/כֶ֔ם	m/639	HR/Ncmsc/Sp2mp
Num 11:20	וְ/הָיָ֥ה	c/1961	HC/Vqq3ms
Num 11:20	לָ/כֶ֖ם	l	HR/Sp2mp
Num 11:20	לְ/זָרָ֑א	l/2214	HR/Ncmsa
Num 11:20	יַ֗עַן	3282	HC
Num 11:20	כִּֽי	3588 a	HC
Num 11:20	מְאַסְתֶּ֤ם	3988 a	HVqp2mp
Num 11:20	אֶת	853	HTo
Num 11:20	יְהוָה֙	3068	HNp
Num 11:20	אֲשֶׁ֣ר	834 a	HTr
Num 11:20	בְּ/קִרְבְּ/כֶ֔ם	b/7130	HR/Ncmsc/Sp2mp
Num 11:20	וַ/תִּבְכּ֤וּ	c/1058	HC/Vqw2mp
Num 11:20	לְ/פָנָי/ו֙	l/6440	HR/Ncbpc/Sp3ms
Num 11:20	לֵ/אמֹ֔ר	l/559	HR/Vqc
Num 11:20	לָ֥/מָּה	l/4100	HR/Ti
Num 11:20	זֶּ֖ה	2088	HPdxms
Num 11:20	יָצָ֥אנוּ	3318	HVqp1cp
Num 11:20	מִ/מִּצְרָֽיִם	m/4714	HR/Np
Num 11:21	וַ/יֹּאמֶר֮	c/559	HC/Vqw3ms
Num 11:21	מֹשֶׁה֒	4872	HNp
Num 11:21	שֵׁשׁ	8337	HAcfsa
Num 11:21	מֵא֥וֹת	3967	HAcbpa
Num 11:21	אֶ֨לֶף֙	505	HAcbsa
Num 11:21	רַגְלִ֔י	7273	HAamsa
Num 11:21	הָ/עָ֕ם	d/5971 a	HTd/Ncmsa
Num 11:21	אֲשֶׁ֥ר	834 a	HTr
Num 11:21	אָנֹכִ֖י	595	HPp1cs
Num 11:21	בְּ/קִרְבּ֑/וֹ	b/7130	HR/Ncmsc/Sp3ms
Num 11:21	וְ/אַתָּ֣ה	c/859 a	HC/Pp2ms
Num 11:21	אָמַ֗רְתָּ	559	HVqp2ms
Num 11:21	בָּשָׂר֙	1320	HNcmsa
Num 11:21	אֶתֵּ֣ן	5414	HVqi1cs
Num 11:21	לָ/הֶ֔ם	l	HR/Sp3mp
Num 11:21	וְ/אָכְל֖וּ	c/398	HC/Vqq1cp
Num 11:21	חֹ֥דֶשׁ	2320	HNcmsc
Num 11:21	יָמִֽים	3117	HNcmpa
Num 11:22	הֲ/צֹ֧אן	i/6629	HTi/Ncbsa
Num 11:22	וּ/בָקָ֛ר	c/1241	HC/Ncbsa
Num 11:22	יִשָּׁחֵ֥ט	7819 a	HVNi3ms
Num 11:22	לָ/הֶ֖ם	l	HR/Sp3mp
Num 11:22	וּ/מָצָ֣א	c/4672	HC/Vqq3ms
Num 11:22	לָ/הֶ֑ם	l	HR/Sp3mp
Num 11:22	אִ֣ם	518 a	HC
Num 11:22	אֶֽת	853	HTo
Num 11:22	כָּל	3605	HNcmsc
Num 11:22	דְּגֵ֥י	1709	HNcmpc
Num 11:22	הַ/יָּ֛ם	d/3220	HTd/Ncmsa
Num 11:22	יֵאָסֵ֥ף	622	HVNi3ms
Num 11:22	לָ/הֶ֖ם	l	HR/Sp3mp
Num 11:22	וּ/מָצָ֥א	c/4672	HC/Vqq3ms
Num 11:22	לָ/הֶֽם	l	HR/Sp3mp
Num 11:23	וַ/יֹּ֤אמֶר	c/559	HC/Vqw3ms
Num 11:23	יְהוָה֙	3068	HNp
Num 11:23	אֶל	413	HR
Num 11:23	מֹשֶׁ֔ה	4872	HNp
Num 11:23	הֲ/יַ֥ד	i/3027	HTi/Ncbsc
Num 11:23	יְהוָ֖ה	3068	HNp
Num 11:23	תִּקְצָ֑ר	7114 a	HVqi3fs
Num 11:23	עַתָּ֥ה	6258	HD
Num 11:23	תִרְאֶ֛ה	7200	HVqi2ms
Num 11:23	הֲ/יִקְרְ/ךָ֥	i/7136 a	HTi/Vqi3ms/Sp2ms
Num 11:23	דְבָרִ֖/י	1697	HNcmsc/Sp1cs
Num 11:23	אִם	518 a	HC
Num 11:23	לֹֽא	3808	HTn
Num 11:24	וַ/יֵּצֵ֣א	c/3318	HC/Vqw3ms
Num 11:24	מֹשֶׁ֗ה	4872	HNp
Num 11:24	וַ/יְדַבֵּר֙	c/1696	HC/Vpw3ms
Num 11:24	אֶל	413	HR
Num 11:24	הָ/עָ֔ם	d/5971 a	HTd/Ncmsa
Num 11:24	אֵ֖ת	853	HTo
Num 11:24	דִּבְרֵ֣י	1697	HNcmpc
Num 11:24	יְהוָ֑ה	3068	HNp
Num 11:24	וַ/יֶּאֱסֹ֞ף	c/622	HC/Vqw3ms
Num 11:24	שִׁבְעִ֥ים	7657	HAcbpa
Num 11:24	אִישׁ֙	376	HNcmsa
Num 11:24	מִ/זִּקְנֵ֣י	m/2205	HR/Aampc
Num 11:24	הָ/עָ֔ם	d/5971 a	HTd/Ncmsa
Num 11:24	וַֽ/יַּעֲמֵ֥ד	c/5975	HC/Vhw3ms
Num 11:24	אֹתָ֖/ם	853	HTo/Sp3mp
Num 11:24	סְבִיבֹ֥ת	5439	HNcbpc
Num 11:24	הָ/אֹֽהֶל	d/168	HTd/Ncmsa
Num 11:25	וַ/יֵּ֨רֶד	c/3381	HC/Vqw3ms
Num 11:25	יְהוָ֥ה	3068	HNp
Num 11:25	בֶּ/עָנָן֮	b/6051	HRd/Ncmsa
Num 11:25	וַ/יְדַבֵּ֣ר	c/1696	HC/Vpw3ms
Num 11:25	אֵלָי/ו֒	413	HR/Sp3ms
Num 11:25	וַ/יָּ֗אצֶל	c/680	HC/Vqw3ms
Num 11:25	מִן	4480 a	HR
Num 11:25	הָ/ר֨וּחַ֙	d/7307	HTd/Ncbsa
Num 11:25	אֲשֶׁ֣ר	834 a	HTr
Num 11:25	עָלָ֔י/ו	5921 a	HR/Sp3ms
Num 11:25	וַ/יִּתֵּ֕ן	c/5414	HC/Vqw3ms
Num 11:25	עַל	5921 a	HR
Num 11:25	שִׁבְעִ֥ים	7657	HAcbpa
Num 11:25	אִ֖ישׁ	376	HNcmsa
Num 11:25	הַ/זְּקֵנִ֑ים	d/2205	HTd/Aampa
Num 11:25	וַ/יְהִ֗י	c/1961	HC/Vqw3ms
Num 11:25	כְּ/נ֤וֹחַ	k/5117	HR/Vqc
Num 11:25	עֲלֵי/הֶם֙	5921 a	HR/Sp3mp
Num 11:25	הָ/ר֔וּחַ	d/7307	HTd/Ncbsa
Num 11:25	וַ/יִּֽתְנַבְּא֖וּ	c/5012	HC/Vtw3mp
Num 11:25	וְ/לֹ֥א	c/3808	HC/Tn
Num 11:25	יָסָֽפוּ	3254	HVqp3cp
Num 11:26	וַ/יִּשָּׁאֲר֣וּ	c/7604	HC/VNw3mp
Num 11:26	שְׁנֵֽי	8147	HAcmdc
Num 11:26	אֲנָשִׁ֣ים	376	HNcmpa
Num 11:26	בַּֽ/מַּחֲנֶ֡ה	b/4264	HRd/Ncbsa
Num 11:26	שֵׁ֣ם	8034	HNcmsc
Num 11:26	הָ/אֶחָ֣ד	d/259	HTd/Acmsa
Num 11:26	אֶלְדָּ֡ד	419	HNp
Num 11:26	וְ/שֵׁם֩	c/8034	HC/Ncmsc
Num 11:26	הַ/שֵּׁנִ֨י	d/8145	HTd/Aomsa
Num 11:26	מֵידָ֜ד	4312	HNp
Num 11:26	וַ/תָּ֧נַח	c/5117	HC/Vqw3fs
Num 11:26	עֲלֵי/הֶ֣ם	5921 a	HR/Sp3mp
Num 11:26	הָ/ר֗וּחַ	d/7307	HTd/Ncbsa
Num 11:26	וְ/הֵ֨מָּה֙	c/1992	HC/Pp3mp
Num 11:26	בַּ/כְּתֻבִ֔ים	b/3789	HRd/Vqsmpa
Num 11:26	וְ/לֹ֥א	c/3808	HC/Tn
Num 11:26	יָצְא֖וּ	3318	HVqp3cp
Num 11:26	הָ/אֹ֑הֱלָ/ה	d/168	HTd/Ncmsa/Sd
Num 11:26	וַ/יִּֽתְנַבְּא֖וּ	c/5012	HC/Vtw3mp
Num 11:26	בַּֽ/מַּחֲנֶֽה	b/4264	HRd/Ncbsa
Num 11:27	וַ/יָּ֣רָץ	c/7323	HC/Vqw3ms
Num 11:27	הַ/נַּ֔עַר	d/5288	HTd/Ncmsa
Num 11:27	וַ/יַּגֵּ֥ד	c/5046	HC/Vhw3ms
Num 11:27	לְ/מֹשֶׁ֖ה	l/4872	HR/Np
Num 11:27	וַ/יֹּאמַ֑ר	c/559	HC/Vqw3ms
Num 11:27	אֶלְדָּ֣ד	419	HNp
Num 11:27	וּ/מֵידָ֔ד	c/4312	HC/Np
Num 11:27	מִֽתְנַבְּאִ֖ים	5012	HVtrmpa
Num 11:27	בַּֽ/מַּחֲנֶֽה	b/4264	HRd/Ncbsa
Num 11:28	וַ/יַּ֜עַן	c/6030 b	HC/Vqw3ms
Num 11:28	יְהוֹשֻׁ֣עַ	3091	HNp
Num 11:28	בִּן	1121 a	HNcmsc
Num 11:28	נ֗וּן	5126	HNp
Num 11:28	מְשָׁרֵ֥ת	8334	HVprmsc
Num 11:28	מֹשֶׁ֛ה	4872	HNp
Num 11:28	מִ/בְּחֻרָ֖י/ו	m/979	HR/Ncbpc/Sp3ms
Num 11:28	וַ/יֹּאמַ֑ר	c/559	HC/Vqw3ms
Num 11:28	אֲדֹנִ֥/י	113	HNcmsc/Sp1cs
Num 11:28	מֹשֶׁ֖ה	4872	HNp
Num 11:28	כְּלָאֵֽ/ם	3607	HVqv2ms/Sp3mp
Num 11:29	וַ/יֹּ֤אמֶר	c/559	HC/Vqw3ms
Num 11:29	ל/וֹ֙	l	HR/Sp3ms
Num 11:29	מֹשֶׁ֔ה	4872	HNp
Num 11:29	הַֽ/מְקַנֵּ֥א	d/7065	HTi/Vprmsa
Num 11:29	אַתָּ֖ה	859 a	HPp2ms
Num 11:29	לִ֑/י	l	HR/Sp1cs
Num 11:29	וּ/מִ֨י	c/4310	HC/Ti
Num 11:29	יִתֵּ֜ן	5414	HVqi3ms
Num 11:29	כָּל	3605	HNcmsc
Num 11:29	עַ֤ם	5971 a	HNcmsc
Num 11:29	יְהוָה֙	3068	HNp
Num 11:29	נְבִיאִ֔ים	5030	HNcmpa
Num 11:29	כִּי	3588 a	HC
Num 11:29	יִתֵּ֧ן	5414	HVqi3ms
Num 11:29	יְהוָ֛ה	3068	HNp
Num 11:29	אֶת	853	HTo
Num 11:29	רוּח֖/וֹ	7307	HNcbsc/Sp3ms
Num 11:29	עֲלֵי/הֶֽם	5921 a	HR/Sp3mp
Num 11:30	וַ/יֵּאָסֵ֥ף	c/622	HC/VNw3ms
Num 11:30	מֹשֶׁ֖ה	4872	HNp
Num 11:30	אֶל	413	HR
Num 11:30	הַֽ/מַּחֲנֶ֑ה	d/4264	HTd/Ncbsa
Num 11:30	ה֖וּא	1931	HPp3ms
Num 11:30	וְ/זִקְנֵ֥י	c/2205	HC/Aampc
Num 11:30	יִשְׂרָאֵֽל	3478	HNp
Num 11:31	וְ/ר֜וּחַ	c/7307	HC/Ncbsa
Num 11:31	נָסַ֣ע	5265	HVqp3ms
Num 11:31	מֵ/אֵ֣ת	m/854	HR/R
Num 11:31	יְהוָ֗ה	3068	HNp
Num 11:31	וַ/יָּ֣גָז	c/1468	HC/Vqw3ms
Num 11:31	שַׂלְוִים֮	7958	HNcfpa
Num 11:31	מִן	4480 a	HR
Num 11:31	הַ/יָּם֒	d/3220	HTd/Ncmsa
Num 11:31	וַ/יִּטֹּ֨שׁ	c/5203	HC/Vqw3ms
Num 11:31	עַל	5921 a	HR
Num 11:31	הַֽ/מַּחֲנֶ֜ה	d/4264	HTd/Ncbsa
Num 11:31	כְּ/דֶ֧רֶךְ	k/1870	HR/Ncbsc
Num 11:31	י֣וֹם	3117	HNcmsa
Num 11:31	כֹּ֗ה	3541	HD
Num 11:31	וּ/כְ/דֶ֤רֶךְ	c/k/1870	HC/R/Ncbsc
Num 11:31	יוֹם֙	3117	HNcmsa
Num 11:31	כֹּ֔ה	3541	HD
Num 11:31	סְבִיב֖וֹת	5439	HNcbpc
Num 11:31	הַֽ/מַּחֲנֶ֑ה	d/4264	HTd/Ncbsa
Num 11:31	וּ/כְ/אַמָּתַ֖יִם	c/k/520 a	HC/R/Ncfda
Num 11:31	עַל	5921 a	HR
Num 11:31	פְּנֵ֥י	6440	HNcbpc
Num 11:31	הָ/אָֽרֶץ	d/776	HTd/Ncbsa
Num 11:32	וַ/יָּ֣קָם	c/6965 b	HC/Vqw3ms
Num 11:32	הָ/עָ֡ם	d/5971 a	HTd/Ncmsa
Num 11:32	כָּל	3605	HNcmsc
Num 11:32	הַ/יּוֹם֩	d/3117	HTd/Ncmsa
Num 11:32	הַ/ה֨וּא	d/1931	HTd/Pp3ms
Num 11:32	וְ/כָל	c/3605	HC/Ncmsc
Num 11:32	הַ/לַּ֜יְלָה	d/3915	HTd/Ncmsa
Num 11:32	וְ/כֹ֣ל	c/3605	HC/Ncmsc
Num 11:32	י֣וֹם	3117	HNcmsc
Num 11:32	הַֽ/מָּחֳרָ֗ת	d/4283	HTd/Ncfsa
Num 11:32	וַ/יַּֽאַסְפוּ֙	c/622	HC/Vqw3mp
Num 11:32	אֶת	853	HTo
Num 11:32	הַ/שְּׂלָ֔ו	d/7958	HTd/Ncfsa
Num 11:32	הַ/מַּמְעִ֕יט	d/4591	HTd/Vhrmsa
Num 11:32	אָסַ֖ף	622	HVqp3ms
Num 11:32	עֲשָׂרָ֣ה	6235	HAcmsa
Num 11:32	חֳמָרִ֑ים	2563 c	HNcmpa
Num 11:32	וַ/יִּשְׁטְח֤וּ	c/7849	HC/Vqw3mp
Num 11:32	לָ/הֶם֙	l	HR/Sp3mp
Num 11:32	שָׁט֔וֹחַ	7849	HVqa
Num 11:32	סְבִיב֖וֹת	5439	HNcbpc
Num 11:32	הַֽ/מַּחֲנֶֽה	d/4264	HTd/Ncbsa
Num 11:33	הַ/בָּשָׂ֗ר	d/1320	HTd/Ncmsa
Num 11:33	עוֹדֶ֨/נּוּ֙	5750	HD/Sp3ms
Num 11:33	בֵּ֣ין	996	HR
Num 11:33	שִׁנֵּי/הֶ֔ם	8127	HNcbdc/Sp3mp
Num 11:33	טֶ֖רֶם	2962	HD
Num 11:33	יִכָּרֵ֑ת	3772	HVNi3ms
Num 11:33	וְ/אַ֤ף	c/639	HC/Ncmsc
Num 11:33	יְהוָה֙	3068	HNp
Num 11:33	חָרָ֣ה	2734	HVqp3ms
Num 11:33	בָ/עָ֔ם	b/5971 a	HRd/Ncmsa
Num 11:33	וַ/יַּ֤ךְ	c/5221	HC/Vhw3ms
Num 11:33	יְהוָה֙	3068	HNp
Num 11:33	בָּ/עָ֔ם	b/5971 a	HRd/Ncmsa
Num 11:33	מַכָּ֖ה	4347	HNcfsa
Num 11:33	רַבָּ֥ה	7227 a	HAafsa
Num 11:33	מְאֹֽד	3966	HD
Num 11:34	וַ/יִּקְרָ֛א	c/7121	HC/Vqw3ms
Num 11:34	אֶת	853	HTo
Num 11:34	שֵֽׁם	8034	HNcmsc
Num 11:34	הַ/מָּק֥וֹם	d/4725	HTd/Ncmsa
Num 11:34	הַ/ה֖וּא	d/1931	HTd/Pp3ms
Num 11:34	קִבְר֣וֹת	6914+	HNp
Num 11:34	הַֽתַּאֲוָ֑ה	6914	HNp
Num 11:34	כִּי	3588 a	HC
Num 11:34	שָׁם֙	8033	HD
Num 11:34	קָֽבְר֔וּ	6912	HVqp3cp
Num 11:34	אֶת	853	HTo
Num 11:34	הָ/עָ֖ם	d/5971 a	HTd/Ncmsa
Num 11:34	הַ/מִּתְאַוִּֽים	d/183	HTd/Vtrmpa
Num 11:35	מִ/קִּבְר֧וֹת	m/6914+	HR/Np
Num 11:35	הַֽתַּאֲוָ֛ה	6914	HNp
Num 11:35	נָסְע֥וּ	5265	HVqp3cp
Num 11:35	הָ/עָ֖ם	d/5971 a	HTd/Ncmsa
Num 11:35	חֲצֵר֑וֹת	2698	HNp
Num 11:35	וַ/יִּהְי֖וּ	c/1961	HC/Vqw3mp
Num 11:35	בַּ/חֲצֵרֽוֹת	b/2698	HR/Np
Num 12:1	וַ/תְּדַבֵּ֨ר	c/1696	HC/Vpw3fs
Num 12:1	מִרְיָ֤ם	4813	HNp
Num 12:1	וְ/אַהֲרֹן֙	c/175	HC/Np
Num 12:1	בְּ/מֹשֶׁ֔ה	b/4872	HR/Np
Num 12:1	עַל	5921 a	HR
Num 12:1	אֹד֛וֹת	182	HNcfpc
Num 12:1	הָ/אִשָּׁ֥ה	d/802	HTd/Ncfsa
Num 12:1	הַ/כֻּשִׁ֖ית	d/3571	HTd/Ngfsa
Num 12:1	אֲשֶׁ֣ר	834 a	HTr
Num 12:1	לָקָ֑ח	3947	HVqp3ms
Num 12:1	כִּֽי	3588 a	HC
Num 12:1	אִשָּׁ֥ה	802	HNcfsa
Num 12:1	כֻשִׁ֖ית	3571	HNgfsa
Num 12:1	לָקָֽח	3947	HVqp3ms
Num 12:2	וַ/יֹּאמְר֗וּ	c/559	HC/Vqw3mp
Num 12:2	הֲ/רַ֤ק	i/7535	HTi/D
Num 12:2	אַךְ	389	HTa
Num 12:2	בְּ/מֹשֶׁה֙	b/4872	HR/Np
Num 12:2	דִּבֶּ֣ר	1696	HVpp3ms
Num 12:2	יְהוָ֔ה	3068	HNp
Num 12:2	הֲ/לֹ֖א	i/3808	HTi/Tn
Num 12:2	גַּם	1571	HTa
Num 12:2	בָּ֣/נוּ	b	HR/Sp1cp
Num 12:2	דִבֵּ֑ר	1696	HVpp3ms
Num 12:2	וַ/יִּשְׁמַ֖ע	c/8085	HC/Vqw3ms
Num 12:2	יְהוָֽה	3068	HNp
Num 12:3	וְ/הָ/אִ֥ישׁ	c/d/376	HC/Td/Ncmsa
Num 12:3	מֹשֶׁ֖ה	4872	HNp
Num 12:3	ענו	6035	HAamsa
Num 12:3	מְאֹ֑ד	3966	HD
Num 12:3	מִ/כֹּל֙	m/3605	HR/Ncmsc
Num 12:3	הָֽ/אָדָ֔ם	d/120	HTd/Ncmsa
Num 12:3	אֲשֶׁ֖ר	834 a	HTr
Num 12:3	עַל	5921 a	HR
Num 12:3	פְּנֵ֥י	6440	HNcbpc
Num 12:3	הָ/אֲדָמָֽה	d/127	HTd/Ncfsa
Num 12:4	וַ/יֹּ֨אמֶר	c/559	HC/Vqw3ms
Num 12:4	יְהוָ֜ה	3068	HNp
Num 12:4	פִּתְאֹ֗ם	6597	HD
Num 12:4	אֶל	413	HR
Num 12:4	מֹשֶׁ֤ה	4872	HNp
Num 12:4	וְ/אֶֽל	c/413	HC/R
Num 12:4	אַהֲרֹן֙	175	HNp
Num 12:4	וְ/אֶל	c/413	HC/R
Num 12:4	מִרְיָ֔ם	4813	HNp
Num 12:4	צְא֥וּ	3318	HVqv2mp
Num 12:4	שְׁלָשְׁתְּ/כֶ֖ם	7969	HAcmsc/Sp2mp
Num 12:4	אֶל	413	HR
Num 12:4	אֹ֣הֶל	168	HNcmsc
Num 12:4	מוֹעֵ֑ד	4150	HNcmsa
Num 12:4	וַ/יֵּצְא֖וּ	c/3318	HC/Vqw3mp
Num 12:4	שְׁלָשְׁתָּֽ/ם	7969	HAcmsc/Sp3mp
Num 12:5	וַ/יֵּ֤רֶד	c/3381	HC/Vqw3ms
Num 12:5	יְהוָה֙	3068	HNp
Num 12:5	בְּ/עַמּ֣וּד	b/5982	HR/Ncmsc
Num 12:5	עָנָ֔ן	6051	HNcmsa
Num 12:5	וַֽ/יַּעֲמֹ֖ד	c/5975	HC/Vqw3ms
Num 12:5	פֶּ֣תַח	6607	HNcmsc
Num 12:5	הָ/אֹ֑הֶל	d/168	HTd/Ncmsa
Num 12:5	וַ/יִּקְרָא֙	c/7121	HC/Vqw3ms
Num 12:5	אַהֲרֹ֣ן	175	HNp
Num 12:5	וּ/מִרְיָ֔ם	c/4813	HC/Np
Num 12:5	וַ/יֵּצְא֖וּ	c/3318	HC/Vqw3mp
Num 12:5	שְׁנֵי/הֶֽם	8147	HAcmdc/Sp3mp
Num 12:6	וַ/יֹּ֖אמֶר	c/559	HC/Vqw3ms
Num 12:6	שִׁמְעוּ	8085	HVqv2mp
Num 12:6	נָ֣א	4994	HTe
Num 12:6	דְבָרָ֑/י	1697	HNcmpc/Sp1cs
Num 12:6	אִם	518 a	HC
Num 12:6	יִֽהְיֶה֙	1961	HVqi3ms
Num 12:6	נְבִ֣יאֲ/כֶ֔ם	5030	HNcmsc/Sp2mp
Num 12:6	יְהוָ֗ה	3068	HNp
Num 12:6	בַּ/מַּרְאָה֙	b/4759 a	HRd/Ncfsa
Num 12:6	אֵלָ֣י/ו	413	HR/Sp3ms
Num 12:6	אֶתְוַדָּ֔ע	3045	HVti1cs
Num 12:6	בַּ/חֲל֖וֹם	b/2472	HR/Ncmsa
Num 12:6	אֲדַבֶּר	1696	HVpi1cs
Num 12:6	בּֽ/וֹ	b	HR/Sp3ms
Num 12:7	לֹא	3808	HTn
Num 12:7	כֵ֖ן	3651 c	HD
Num 12:7	עַבְדִּ֣/י	5650	HNcmsc/Sp1cs
Num 12:7	מֹשֶׁ֑ה	4872	HNp
Num 12:7	בְּ/כָל	b/3605	HR/Ncmsc
Num 12:7	בֵּיתִ֖/י	1004 b	HNcmsc/Sp1cs
Num 12:7	נֶאֱמָ֥ן	539	HVNrmsa
Num 12:7	הֽוּא	1931	HPp3ms
Num 12:8	פֶּ֣ה	6310	HNcmsa
Num 12:8	אֶל	413	HR
Num 12:8	פֶּ֞ה	6310	HNcmsa
Num 12:8	אֲדַבֶּר	1696	HVpi1cs
Num 12:8	בּ֗/וֹ	b	HR/Sp3ms
Num 12:8	וּ/מַרְאֶה֙	c/4758	HC/Ncmsa
Num 12:8	וְ/לֹ֣א	c/3808	HC/Tn
Num 12:8	בְ/חִידֹ֔ת	b/2420	HR/Ncfpa
Num 12:8	וּ/תְמֻנַ֥ת	c/8544	HC/Ncfsc
Num 12:8	יְהוָ֖ה	3068	HNp
Num 12:8	יַבִּ֑יט	5027	HVhi3ms
Num 12:8	וּ/מַדּ֨וּעַ֙	c/4069	HC/Ti
Num 12:8	לֹ֣א	3808	HTn
Num 12:8	יְרֵאתֶ֔ם	3372	HVqp2mp
Num 12:8	לְ/דַבֵּ֖ר	l/1696	HR/Vpc
Num 12:8	בְּ/עַבְדִּ֥/י	b/5650	HR/Ncmsc/Sp1cs
Num 12:8	בְ/מֹשֶֽׁה	b/4872	HR/Np
Num 12:9	וַ/יִּֽחַר	c/2734	HC/Vqw3ms
Num 12:9	אַ֧ף	639	HTa
Num 12:9	יְהוָ֛ה	3068	HNp
Num 12:9	בָּ֖/ם	b	HR/Sp3mp
Num 12:9	וַ/יֵּלַֽךְ	c/3212	HC/Vqw3ms
Num 12:10	וְ/הֶ/עָנָ֗ן	c/d/6051	HC/Td/Ncmsa
Num 12:10	סָ֚ר	5493	HVqp3ms
Num 12:10	מֵ/עַ֣ל	m/5921 a	HR/R
Num 12:10	הָ/אֹ֔הֶל	d/168	HTd/Ncmsa
Num 12:10	וְ/הִנֵּ֥ה	c/2009	HC/Tm
Num 12:10	מִרְיָ֖ם	4813	HNp
Num 12:10	מְצֹרַ֣עַת	6879	HVPsfsa
Num 12:10	כַּ/שָּׁ֑לֶג	k/7950	HRd/Ncmsa
Num 12:10	וַ/יִּ֧פֶן	c/6437	HC/Vqw3ms
Num 12:10	אַהֲרֹ֛ן	175	HNp
Num 12:10	אֶל	413	HR
Num 12:10	מִרְיָ֖ם	4813	HNp
Num 12:10	וְ/הִנֵּ֥ה	c/2009	HC/Tm
Num 12:10	מְצֹרָֽעַת	6879	HVPsfsa
Num 12:11	וַ/יֹּ֥אמֶר	c/559	HC/Vqw3ms
Num 12:11	אַהֲרֹ֖ן	175	HNp
Num 12:11	אֶל	413	HR
Num 12:11	מֹשֶׁ֑ה	4872	HNp
Num 12:11	בִּ֣י	994	HTe
Num 12:11	אֲדֹנִ֔/י	113	HNcmsc/Sp1cs
Num 12:11	אַל	408	HTn
Num 12:11	נָ֨א	4994	HTe
Num 12:11	תָשֵׁ֤ת	7896	HVqj2ms
Num 12:11	עָלֵ֨י/נוּ֙	5921 a	HR/Sp1cp
Num 12:11	חַטָּ֔את	2403 b	HNcfsa
Num 12:11	אֲשֶׁ֥ר	834 a	HTr
Num 12:11	נוֹאַ֖לְנוּ	2973	HVNp1cp
Num 12:11	וַ/אֲשֶׁ֥ר	c/834 a	HC/Tr
Num 12:11	חָטָֽאנוּ	2398	HVqp1cp
Num 12:12	אַל	408	HTn
Num 12:12	נָ֥א	4994	HTe
Num 12:12	תְהִ֖י	1961	HVqj3fs
Num 12:12	כַּ/מֵּ֑ת	k/4191	HRd/Vqrmsa
Num 12:12	אֲשֶׁ֤ר	834 a	HTr
Num 12:12	בְּ/צֵאת/וֹ֙	b/3318	HR/Vqc/Sp3ms
Num 12:12	מֵ/רֶ֣חֶם	m/7358	HR/Ncmsc
Num 12:12	אִמּ֔/וֹ	517	HNcfsc/Sp3ms
Num 12:12	וַ/יֵּאָכֵ֖ל	c/398	HC/VNw3ms
Num 12:12	חֲצִ֥י	2677	HNcmsc
Num 12:12	בְשָׂרֽ/וֹ	1320	HNcmsc/Sp3ms
Num 12:13	וַ/יִּצְעַ֣ק	c/6817	HC/Vqw3ms
Num 12:13	מֹשֶׁ֔ה	4872	HNp
Num 12:13	אֶל	413	HR
Num 12:13	יְהוָ֖ה	3068	HNp
Num 12:13	לֵ/אמֹ֑ר	l/559	HR/Vqc
Num 12:13	אֵ֕ל	410	HNcmsa
Num 12:13	נָ֛א	4994	HTe
Num 12:13	רְפָ֥א	7495	HVqv2ms
Num 12:13	נָ֖א	4994	HTe
Num 12:13	לָֽ/הּ	l	HR/Sp3fs
Num 12:14	וַ/יֹּ֨אמֶר	c/559	HC/Vqw3ms
Num 12:14	יְהוָ֜ה	3068	HNp
Num 12:14	אֶל	413	HR
Num 12:14	מֹשֶׁ֗ה	4872	HNp
Num 12:14	וְ/אָבִ֨י/הָ֙	c/1	HC/Ncmsc/Sp3fs
Num 12:14	יָרֹ֤ק	3417	HVqa
Num 12:14	יָרַק֙	3417	HVqp3ms
Num 12:14	בְּ/פָנֶ֔י/הָ	b/6440	HR/Ncbpc/Sp3fs
Num 12:14	הֲ/לֹ֥א	i/3808	HTi/Tn
Num 12:14	תִכָּלֵ֖ם	3637	HVNi3fs
Num 12:14	שִׁבְעַ֣ת	7651	HAcmsc
Num 12:14	יָמִ֑ים	3117	HNcmpa
Num 12:14	תִּסָּגֵ֞ר	5462	HVNi3fs
Num 12:14	שִׁבְעַ֤ת	7651	HAcmsc
Num 12:14	יָמִים֙	3117	HNcmpa
Num 12:14	מִ/ח֣וּץ	m/2351	HR/Ncmsa
Num 12:14	לַֽ/מַּחֲנֶ֔ה	l/4264	HRd/Ncbsa
Num 12:14	וְ/אַחַ֖ר	c/310 a	HC/D
Num 12:14	תֵּאָסֵֽף	622	HVNi3fs
Num 12:15	וַ/תִּסָּגֵ֥ר	c/5462	HC/VNw3fs
Num 12:15	מִרְיָ֛ם	4813	HNp
Num 12:15	מִ/ח֥וּץ	m/2351	HR/Ncmsa
Num 12:15	לַֽ/מַּחֲנֶ֖ה	l/4264	HRd/Ncbsa
Num 12:15	שִׁבְעַ֣ת	7651	HAcmsc
Num 12:15	יָמִ֑ים	3117	HNcmpa
Num 12:15	וְ/הָ/עָם֙	c/d/5971 a	HC/Td/Ncmsa
Num 12:15	לֹ֣א	3808	HTn
Num 12:15	נָסַ֔ע	5265	HVqp3ms
Num 12:15	עַד	5704	HR
Num 12:15	הֵאָסֵ֖ף	622	HVNc
Num 12:15	מִרְיָֽם	4813	HNp
Num 12:16	וְ/אַחַ֛ר	c/310 a	HC/D
Num 12:16	נָסְע֥וּ	5265	HVqp3cp
Num 12:16	הָ/עָ֖ם	d/5971 a	HTd/Ncmsa
Num 12:16	מֵ/חֲצֵר֑וֹת	m/2698	HR/Np
Num 12:16	וַֽ/יַּחֲנ֖וּ	c/2583	HC/Vqw3mp
Num 12:16	בְּ/מִדְבַּ֥ר	b/4057 b	HR/Ncmsc
Num 12:16	פָּארָֽן	6290	HNp
Num 13:1	וַ/יְדַבֵּ֥ר	c/1696	HC/Vpw3ms
Num 13:1	יְהוָ֖ה	3068	HNp
Num 13:1	אֶל	413	HR
Num 13:1	מֹשֶׁ֥ה	4872	HNp
Num 13:1	לֵּ/אמֹֽר	l/559	HR/Vqc
Num 13:2	שְׁלַח	7971	HVqv2ms
Num 13:2	לְ/ךָ֣	l	HR/Sp2ms
Num 13:2	אֲנָשִׁ֗ים	376	HNcmpa
Num 13:2	וְ/יָתֻ֨רוּ֙	c/8446	HC/Vqi3mp
Num 13:2	אֶת	853	HTo
Num 13:2	אֶ֣רֶץ	776	HNcbsc
Num 13:2	כְּנַ֔עַן	3667 a	HNp
Num 13:2	אֲשֶׁר	834 a	HTr
Num 13:2	אֲנִ֥י	589	HPp1cs
Num 13:2	נֹתֵ֖ן	5414	HVqrmsa
Num 13:2	לִ/בְנֵ֣י	l/1121 a	HR/Ncmpc
Num 13:2	יִשְׂרָאֵ֑ל	3478	HNp
Num 13:2	אִ֣ישׁ	376	HNcmsa
Num 13:2	אֶחָד֩	259	HAcmsa
Num 13:2	אִ֨ישׁ	376	HNcmsa
Num 13:2	אֶחָ֜ד	259	HAcmsa
Num 13:2	לְ/מַטֵּ֤ה	l/4294	HR/Ncmsc
Num 13:2	אֲבֹתָי/ו֙	1	HNcmpc/Sp3ms
Num 13:2	תִּשְׁלָ֔חוּ	7971	HVqi2mp
Num 13:2	כֹּ֖ל	3605	HNcmsa
Num 13:2	נָשִׂ֥יא	5387 a	HNcmsa
Num 13:2	בָ/הֶֽם	b	HR/Sp3mp
Num 13:3	וַ/יִּשְׁלַ֨ח	c/7971	HC/Vqw3ms
Num 13:3	אֹתָ֥/ם	853	HTo/Sp3mp
Num 13:3	מֹשֶׁ֛ה	4872	HNp
Num 13:3	מִ/מִּדְבַּ֥ר	m/4057 b	HR/Ncmsc
Num 13:3	פָּארָ֖ן	6290	HNp
Num 13:3	עַל	5921 a	HR
Num 13:3	פִּ֣י	6310	HNcmsc
Num 13:3	יְהוָ֑ה	3068	HNp
Num 13:3	כֻּלָּ֣/ם	3605	HNcmsc/Sp3mp
Num 13:3	אֲנָשִׁ֔ים	376	HNcmpa
Num 13:3	רָאשֵׁ֥י	7218 a	HNcmpc
Num 13:3	בְנֵֽי	1121 a	HNcmpc
Num 13:3	יִשְׂרָאֵ֖ל	3478	HNp
Num 13:3	הֵֽמָּה	1992	HPp3mp
Num 13:4	וְ/אֵ֖לֶּה	c/428	HC/Pdxcp
Num 13:4	שְׁמוֹתָ֑/ם	8034	HNcmpc/Sp3mp
Num 13:4	לְ/מַטֵּ֣ה	l/4294	HR/Ncmsc
Num 13:4	רְאוּבֵ֔ן	7205	HNp
Num 13:4	שַׁמּ֖וּעַ	8051	HNp
Num 13:4	בֶּן	1121 a	HNcmsc
Num 13:4	זַכּֽוּר	2139	HNp
Num 13:5	לְ/מַטֵּ֣ה	l/4294	HR/Ncmsc
Num 13:5	שִׁמְע֔וֹן	8095	HNp
Num 13:5	שָׁפָ֖ט	8202	HNp
Num 13:5	בֶּן	1121 a	HNcmsc
Num 13:5	חוֹרִֽי	2753	HNp
Num 13:6	לְ/מַטֵּ֣ה	l/4294	HR/Ncmsc
Num 13:6	יְהוּדָ֔ה	3063	HNp
Num 13:6	כָּלֵ֖ב	3612	HNp
Num 13:6	בֶּן	1121 a	HNcmsc
Num 13:6	יְפֻנֶּֽה	3312	HNp
Num 13:7	לְ/מַטֵּ֣ה	l/4294	HR/Ncmsc
Num 13:7	יִשָּׂשכָ֔ר	3485	HNp
Num 13:7	יִגְאָ֖ל	3008	HNp
Num 13:7	בֶּן	1121 a	HNcmsc
Num 13:7	יוֹסֵֽף	3130	HNp
Num 13:8	לְ/מַטֵּ֥ה	l/4294	HR/Ncmsc
Num 13:8	אֶפְרָ֖יִם	669	HNp
Num 13:8	הוֹשֵׁ֥עַ	1954	HNp
Num 13:8	בִּן	1121 a	HNcmsc
Num 13:8	נֽוּן	5126	HNp
Num 13:9	לְ/מַטֵּ֣ה	l/4294	HR/Ncmsc
Num 13:9	בִנְיָמִ֔ן	1144	HNp
Num 13:9	פַּלְטִ֖י	6406	HNp
Num 13:9	בֶּן	1121 a	HNcmsc
Num 13:9	רָפֽוּא	7505	HNp
Num 13:10	לְ/מַטֵּ֣ה	l/4294	HR/Ncmsc
Num 13:10	זְבוּלֻ֔ן	2074	HNp
Num 13:10	גַּדִּיאֵ֖ל	1427	HNp
Num 13:10	בֶּן	1121 a	HNcmsc
Num 13:10	סוֹדִֽי	5476	HNp
Num 13:11	לְ/מַטֵּ֥ה	l/4294	HR/Ncmsc
Num 13:11	יוֹסֵ֖ף	3130	HNp
Num 13:11	לְ/מַטֵּ֣ה	l/4294	HR/Ncmsc
Num 13:11	מְנַשֶּׁ֑ה	4519	HNp
Num 13:11	גַּדִּ֖י	1426	HNp
Num 13:11	בֶּן	1121 a	HNcmsc
Num 13:11	סוּסִֽי	5485	HNp
Num 13:12	לְ/מַטֵּ֣ה	l/4294	HR/Ncmsc
Num 13:12	דָ֔ן	1835	HNp
Num 13:12	עַמִּיאֵ֖ל	5988	HNp
Num 13:12	בֶּן	1121 a	HNcmsc
Num 13:12	גְּמַלִּֽי	1582	HNp
Num 13:13	לְ/מַטֵּ֣ה	l/4294	HR/Ncmsc
Num 13:13	אָשֵׁ֔ר	836	HNp
Num 13:13	סְת֖וּר	5639	HNp
Num 13:13	בֶּן	1121 a	HNcmsc
Num 13:13	מִיכָאֵֽל	4317	HNp
Num 13:14	לְ/מַטֵּ֣ה	l/4294	HR/Ncmsc
Num 13:14	נַפְתָּלִ֔י	5321	HNp
Num 13:14	נַחְבִּ֖י	5147	HNp
Num 13:14	בֶּן	1121 a	HNcmsc
Num 13:14	וָפְסִֽי	2058	HNp
Num 13:15	לְ/מַטֵּ֣ה	l/4294	HR/Ncmsc
Num 13:15	גָ֔ד	1410	HNp
Num 13:15	גְּאוּאֵ֖ל	1345	HNp
Num 13:15	בֶּן	1121 a	HNcmsc
Num 13:15	מָכִֽי	4352	HNp
Num 13:16	אֵ֚לֶּה	428	HPdxcp
Num 13:16	שְׁמ֣וֹת	8034	HNcmpc
Num 13:16	הָֽ/אֲנָשִׁ֔ים	d/376	HTd/Ncmpa
Num 13:16	אֲשֶׁר	834 a	HTr
Num 13:16	שָׁלַ֥ח	7971	HVqp3ms
Num 13:16	מֹשֶׁ֖ה	4872	HNp
Num 13:16	לָ/ת֣וּר	l/8446	HR/Vqc
Num 13:16	אֶת	853	HTo
Num 13:16	הָ/אָ֑רֶץ	d/776	HTd/Ncbsa
Num 13:16	וַ/יִּקְרָ֥א	c/7121	HC/Vqw3ms
Num 13:16	מֹשֶׁ֛ה	4872	HNp
Num 13:16	לְ/הוֹשֵׁ֥עַ	l/1954	HR/Np
Num 13:16	בִּן	1121 a	HNcmsc
Num 13:16	נ֖וּן	5126	HNp
Num 13:16	יְהוֹשֻֽׁעַ	3091	HNp
Num 13:17	וַ/יִּשְׁלַ֤ח	c/7971	HC/Vqw3ms
Num 13:17	אֹתָ/ם֙	853	HTo/Sp3mp
Num 13:17	מֹשֶׁ֔ה	4872	HNp
Num 13:17	לָ/ת֖וּר	l/8446	HR/Vqc
Num 13:17	אֶת	853	HTo
Num 13:17	אֶ֣רֶץ	776	HNcbsc
Num 13:17	כְּנָ֑עַן	3667 a	HNp
Num 13:17	וַ/יֹּ֣אמֶר	c/559	HC/Vqw3ms
Num 13:17	אֲלֵ/הֶ֗ם	413	HR/Sp3mp
Num 13:17	עֲל֥וּ	5927	HVqv2mp
Num 13:17	זֶה֙	2088	HPdxms
Num 13:17	בַּ/נֶּ֔גֶב	b/5045	HRd/Ncmsa
Num 13:17	וַ/עֲלִיתֶ֖ם	c/5927	HC/Vqq2mp
Num 13:17	אֶת	853	HTo
Num 13:17	הָ/הָֽר	d/2022	HTd/Ncmsa
Num 13:18	וּ/רְאִיתֶ֥ם	c/7200	HC/Vqq2mp
Num 13:18	אֶת	853	HTo
Num 13:18	הָ/אָ֖רֶץ	d/776	HTd/Ncbsa
Num 13:18	מַה	4100	HTi
Num 13:18	הִ֑וא	1931	HPp3fs
Num 13:18	וְ/אֶת	c/853	HC/To
Num 13:18	הָ/עָם֙	d/5971 a	HTd/Ncmsa
Num 13:18	הַ/יֹּשֵׁ֣ב	d/3427	HTd/Vqrmsa
Num 13:18	עָלֶ֔י/הָ	5921 a	HR/Sp3fs
Num 13:18	הֶ/חָזָ֥ק	d/2389	HTi/Aamsa
Num 13:18	הוּא֙	1931	HPp3ms
Num 13:18	הֲ/רָפֶ֔ה	i/7504	HTi/Aamsa
Num 13:18	הַ/מְעַ֥ט	d/4592	HTi/Aamsa
Num 13:18	ה֖וּא	1931	HPp3ms
Num 13:18	אִם	518 a	HC
Num 13:18	רָֽב	7227 a	HAamsa
Num 13:19	וּ/מָ֣ה	c/4100	HC/Ti
Num 13:19	הָ/אָ֗רֶץ	d/776	HTd/Ncbsa
Num 13:19	אֲשֶׁר	834 a	HTr
Num 13:19	הוּא֙	1931	HPp3ms
Num 13:19	יֹשֵׁ֣ב	3427	HVqrmsa
Num 13:19	בָּ֔/הּ	b	HR/Sp3fs
Num 13:19	הֲ/טוֹבָ֥ה	i/2896 a	HTi/Aafsa
Num 13:19	הִ֖וא	1931	HPp3fs
Num 13:19	אִם	518 a	HC
Num 13:19	רָעָ֑ה	7451 a	HAafsa
Num 13:19	וּ/מָ֣ה	c/4100	HC/Ti
Num 13:19	הֶֽ/עָרִ֗ים	d/5892 b	HTd/Ncfpa
Num 13:19	אֲשֶׁר	834 a	HTr
Num 13:19	הוּא֙	1931	HPp3ms
Num 13:19	יוֹשֵׁ֣ב	3427	HVqrmsa
Num 13:19	בָּ/הֵ֔נָּה	b/2007	HR/Pp3fp
Num 13:19	הַ/בְּ/מַֽחֲנִ֖ים	d/b/4264	HTi/R/Ncbpa
Num 13:19	אִ֥ם	518 a	HC
Num 13:19	בְּ/מִבְצָרִֽים	b/4013	HR/Ncmpa
Num 13:20	וּ/מָ֣ה	c/4100	HC/Ti
Num 13:20	הָ֠/אָרֶץ	d/776	HTd/Ncbsa
Num 13:20	הַ/שְּׁמֵנָ֨ה	d/8082	HTi/Aafsa
Num 13:20	הִ֜וא	1931	HPp3fs
Num 13:20	אִם	518 a	HC
Num 13:20	רָזָ֗ה	7330	HAafsa
Num 13:20	הֲ/יֵֽשׁ	i/3426	HTi/Tm
Num 13:20	בָּ֥/הּ	b	HR/Sp3fs
Num 13:20	עֵץ֙	6086	HNcmsa
Num 13:20	אִם	518 a	HC
Num 13:20	אַ֔יִן	369	HTn
Num 13:20	וְ/הִ֨תְחַזַּקְתֶּ֔ם	c/2388	HC/Vtq2mp
Num 13:20	וּ/לְקַחְתֶּ֖ם	c/3947	HC/Vqq2mp
Num 13:20	מִ/פְּרִ֣י	m/6529	HR/Ncmsc
Num 13:20	הָ/אָ֑רֶץ	d/776	HTd/Ncbsa
Num 13:20	וְ/הַ֨/יָּמִ֔ים	c/d/3117	HC/Td/Ncmpa
Num 13:20	יְמֵ֖י	3117	HNcmpc
Num 13:20	בִּכּוּרֵ֥י	1061	HNcbpc
Num 13:20	עֲנָבִֽים	6025	HNcmpa
Num 13:21	וַֽ/יַּעֲל֖וּ	c/5927	HC/Vqw3mp
Num 13:21	וַ/יָּתֻ֣רוּ	c/8446	HC/Vqw3mp
Num 13:21	אֶת	853	HTo
Num 13:21	הָ/אָ֑רֶץ	d/776	HTd/Ncbsa
Num 13:21	מִ/מִּדְבַּר	m/4057 b	HR/Ncmsc
Num 13:21	צִ֥ן	6790	HNp
Num 13:21	עַד	5704	HR
Num 13:21	רְחֹ֖ב	7340	HNp
Num 13:21	לְבֹ֥א	935	HNp
Num 13:21	חֲמָֽת	2574	HNp
Num 13:22	וַ/יַּעֲל֣וּ	c/5927	HC/Vqw3mp
Num 13:22	בַ/נֶּגֶב֮	b/5045	HRd/Ncmsa
Num 13:22	וַ/יָּבֹ֣א	c/935	HC/Vqw3ms
Num 13:22	עַד	5704	HR
Num 13:22	חֶבְרוֹן֒	2275 a	HNp
Num 13:22	וְ/שָׁ֤ם	c/8033	HC/D
Num 13:22	אֲחִימַן֙	289	HNp
Num 13:22	שֵׁשַׁ֣י	8344	HNp
Num 13:22	וְ/תַלְמַ֔י	c/8526	HC/Np
Num 13:22	יְלִידֵ֖י	3211	HNcmpc
Num 13:22	הָ/עֲנָ֑ק	d/6061	HTd/Ngmsa
Num 13:22	וְ/חֶבְר֗וֹן	c/2275 a	HC/Np
Num 13:22	שֶׁ֤בַע	7651	HAcfsa
Num 13:22	שָׁנִים֙	8141	HNcfpa
Num 13:22	נִבְנְתָ֔ה	1129	HVNp3fs
Num 13:22	לִ/פְנֵ֖י	l/6440	HR/Ncbpc
Num 13:22	צֹ֥עַן	6814	HNp
Num 13:22	מִצְרָֽיִם	4714	HNp
Num 13:23	וַ/יָּבֹ֜אוּ	c/935	HC/Vqw3mp
Num 13:23	עַד	5704	HR
Num 13:23	נַ֣חַל	5158 a	HNcmsc
Num 13:23	אֶשְׁכֹּ֗ל	812	HNp
Num 13:23	וַ/יִּכְרְת֨וּ	c/3772	HC/Vqw3mp
Num 13:23	מִ/שָּׁ֤ם	m/8033	HR/D
Num 13:23	זְמוֹרָה֙	2156	HNcfsa
Num 13:23	וְ/אֶשְׁכּ֤וֹל	c/811	HC/Ncmsc
Num 13:23	עֲנָבִים֙	6025	HNcmpa
Num 13:23	אֶחָ֔ד	259	HAcmsa
Num 13:23	וַ/יִּשָּׂאֻ֥/הוּ	c/5375	HC/Vqw3mp/Sp3ms
Num 13:23	בַ/מּ֖וֹט	b/4132	HRd/Ncmsa
Num 13:23	בִּ/שְׁנָ֑יִם	b/8147	HR/Acmda
Num 13:23	וּ/מִן	c/4480 a	HC/R
Num 13:23	הָ/רִמֹּנִ֖ים	d/7416	HTd/Ncmpa
Num 13:23	וּ/מִן	c/4480 a	HC/R
Num 13:23	הַ/תְּאֵנִֽים	d/8384	HTd/Ncfpa
Num 13:24	לַ/מָּק֣וֹם	l/4725	HRd/Ncmsa
Num 13:24	הַ/ה֔וּא	d/1931	HTd/Pp3ms
Num 13:24	קָרָ֖א	7121	HVqp3ms
Num 13:24	נַ֣חַל	5158 a	HNcmsc
Num 13:24	אֶשְׁכּ֑וֹל	812	HNp
Num 13:24	עַ֚ל	5921 a	HR
Num 13:24	אֹד֣וֹת	182	HNcfpc
Num 13:24	הָֽ/אֶשְׁכּ֔וֹל	d/811	HTd/Ncmsa
Num 13:24	אֲשֶׁר	834 a	HTr
Num 13:24	כָּרְת֥וּ	3772	HVqp3cp
Num 13:24	מִ/שָּׁ֖ם	m/8033	HR/D
Num 13:24	בְּנֵ֥י	1121 a	HNcmpc
Num 13:24	יִשְׂרָאֵֽל	3478	HNp
Num 13:25	וַ/יָּשֻׁ֖בוּ	c/7725	HC/Vqw3mp
Num 13:25	מִ/תּ֣וּר	m/8446	HR/Vqc
Num 13:25	הָ/אָ֑רֶץ	d/776	HTd/Ncbsa
Num 13:25	מִ/קֵּ֖ץ	m/7093	HR/Ncmsc
Num 13:25	אַרְבָּעִ֥ים	705	HAcbpa
Num 13:25	יֽוֹם	3117	HNcmsa
Num 13:26	וַ/יֵּלְכ֡וּ	c/3212	HC/Vqw3mp
Num 13:26	וַ/יָּבֹאוּ֩	c/935	HC/Vqw3mp
Num 13:26	אֶל	413	HR
Num 13:26	מֹשֶׁ֨ה	4872	HNp
Num 13:26	וְ/אֶֽל	c/413	HC/R
Num 13:26	אַהֲרֹ֜ן	175	HNp
Num 13:26	וְ/אֶל	c/413	HC/R
Num 13:26	כָּל	3605	HNcmsc
Num 13:26	עֲדַ֧ת	5712	HNcfsc
Num 13:26	בְּנֵֽי	1121 a	HNcmpc
Num 13:26	יִשְׂרָאֵ֛ל	3478	HNp
Num 13:26	אֶל	413	HR
Num 13:26	מִדְבַּ֥ר	4057 b	HNcmsc
Num 13:26	פָּארָ֖ן	6290	HNp
Num 13:26	קָדֵ֑שָׁ/ה	6946	HNp/Sd
Num 13:26	וַ/יָּשִׁ֨יבוּ	c/7725	HC/Vhw3mp
Num 13:26	אוֹתָ֤/ם	853	HTo/Sp3mp
Num 13:26	דָּבָר֙	1697	HNcmsa
Num 13:26	וְ/אֶת	c/853	HC/To
Num 13:26	כָּל	3605	HNcmsc
Num 13:26	הָ֣/עֵדָ֔ה	d/5712	HTd/Ncfsa
Num 13:26	וַ/יַּרְא֖וּ/ם	c/7200	HC/Vhw3mp/Sp3mp
Num 13:26	אֶת	853	HTo
Num 13:26	פְּרִ֥י	6529	HNcmsc
Num 13:26	הָ/אָֽרֶץ	d/776	HTd/Ncbsa
Num 13:27	וַ/יְסַפְּרוּ	c/5608 a	HC/Vpw3mp
Num 13:27	ל/וֹ֙	l	HR/Sp3ms
Num 13:27	וַ/יֹּ֣אמְר֔וּ	c/559	HC/Vqw3mp
Num 13:27	בָּ֕אנוּ	935	HVqp1cp
Num 13:27	אֶל	413	HR
Num 13:27	הָ/אָ֖רֶץ	d/776	HTd/Ncbsa
Num 13:27	אֲשֶׁ֣ר	834 a	HTr
Num 13:27	שְׁלַחְתָּ֑/נוּ	7971	HVqp2ms/Sp1cp
Num 13:27	וְ֠/גַם	c/1571	HC/Ta
Num 13:27	זָבַ֨ת	2100	HVqrfsc
Num 13:27	חָלָ֥ב	2461	HNcmsa
Num 13:27	וּ/דְבַ֛שׁ	c/1706	HC/Ncmsa
Num 13:27	הִ֖וא	1931	HPp3fs
Num 13:27	וְ/זֶה	c/2088	HC/Pdxms
Num 13:27	פִּרְיָֽ/הּ	6529	HNcmsc/Sp3fs
Num 13:28	אֶ֚פֶס	657 a	HNcmsa
Num 13:28	כִּֽי	3588 a	HC
Num 13:28	עַ֣ז	5794	HAamsa
Num 13:28	הָ/עָ֔ם	d/5971 a	HTd/Ncmsa
Num 13:28	הַ/יֹּשֵׁ֖ב	d/3427	HTd/Vqrmsa
Num 13:28	בָּ/אָ֑רֶץ	b/776	HRd/Ncbsa
Num 13:28	וְ/הֶֽ/עָרִ֗ים	c/d/5892 b	HC/Td/Ncfpa
Num 13:28	בְּצֻר֤וֹת	1219	HAafpa
Num 13:28	גְּדֹלֹת֙	1419 a	HAafpa
Num 13:28	מְאֹ֔ד	3966	HD
Num 13:28	וְ/גַם	c/1571	HC/Ta
Num 13:28	יְלִדֵ֥י	3211	HNcmpc
Num 13:28	הָֽ/עֲנָ֖ק	d/6061	HTd/Ngmsa
Num 13:28	רָאִ֥ינוּ	7200	HVqp1cp
Num 13:28	שָֽׁם	8033	HD
Num 13:29	עֲמָלֵ֥ק	6002	HNp
Num 13:29	יוֹשֵׁ֖ב	3427	HVqrmsa
Num 13:29	בְּ/אֶ֣רֶץ	b/776	HR/Ncbsc
Num 13:29	הַ/נֶּ֑גֶב	d/5045	HTd/Ncmsa
Num 13:29	וְ֠/הַֽ/חִתִּי	c/d/2850	HC/Td/Ngmsa
Num 13:29	וְ/הַ/יְבוּסִ֤י	c/d/2983	HC/Td/Ngmsa
Num 13:29	וְ/הָֽ/אֱמֹרִי֙	c/d/567	HC/Td/Ngmsa
Num 13:29	יוֹשֵׁ֣ב	3427	HVqrmsa
Num 13:29	בָּ/הָ֔ר	b/2022	HRd/Ncmsa
Num 13:29	וְ/הַֽ/כְּנַעֲנִי֙	c/d/3669 a	HC/Td/Ngmsa
Num 13:29	יֹשֵׁ֣ב	3427	HVqrmsa
Num 13:29	עַל	5921 a	HR
Num 13:29	הַ/יָּ֔ם	d/3220	HTd/Ncmsa
Num 13:29	וְ/עַ֖ל	c/5921 a	HC/R
Num 13:29	יַ֥ד	3027	HNcbsc
Num 13:29	הַ/יַּרְדֵּֽן	d/3383	HTd/Np
Num 13:30	וַ/יַּ֧הַס	c/2013	HC/Vhw3ms
Num 13:30	כָּלֵ֛ב	3612	HNp
Num 13:30	אֶת	853	HTo
Num 13:30	הָ/עָ֖ם	d/5971 a	HTd/Ncmsa
Num 13:30	אֶל	413	HR
Num 13:30	מֹשֶׁ֑ה	4872	HNp
Num 13:30	וַ/יֹּ֗אמֶר	c/559	HC/Vqw3ms
Num 13:30	עָלֹ֤ה	5927	HVqa
Num 13:30	נַעֲלֶה֙	5927	HVqi1cp
Num 13:30	וְ/יָרַ֣שְׁנוּ	c/3423	HC/Vqq1cp
Num 13:30	אֹתָ֔/הּ	853	HTo/Sp3fs
Num 13:30	כִּֽי	3588 a	HC
Num 13:30	יָכ֥וֹל	3201	HVqa
Num 13:30	נוּכַ֖ל	3201	HVqi1cp
Num 13:30	לָֽ/הּ	l	HR/Sp3fs
Num 13:31	וְ/הָ֨/אֲנָשִׁ֜ים	c/d/376	HC/Td/Ncmpa
Num 13:31	אֲשֶׁר	834 a	HTr
Num 13:31	עָל֤וּ	5927	HVqp3cp
Num 13:31	עִמּ/וֹ֙	5973 a	HR/Sp3ms
Num 13:31	אָֽמְר֔וּ	559	HVqp3cp
Num 13:31	לֹ֥א	3808	HTn
Num 13:31	נוּכַ֖ל	3201	HVqi1cp
Num 13:31	לַ/עֲל֣וֹת	l/5927	HR/Vqc
Num 13:31	אֶל	413	HR
Num 13:31	הָ/עָ֑ם	d/5971 a	HTd/Ncmsa
Num 13:31	כִּֽי	3588 a	HC
Num 13:31	חָזָ֥ק	2389	HAamsa
Num 13:31	ה֖וּא	1931	HPp3ms
Num 13:31	מִמֶּֽ/נּוּ	4480 a	HR/Sp1cp
Num 13:32	וַ/יּוֹצִ֜יאוּ	c/3318	HC/Vhw3mp
Num 13:32	דִּבַּ֤ת	1681	HNcfsc
Num 13:32	הָ/אָ֨רֶץ֙	d/776	HTd/Ncbsa
Num 13:32	אֲשֶׁ֣ר	834 a	HTr
Num 13:32	תָּר֣וּ	8446	HVqp3cp
Num 13:32	אֹתָ֔/הּ	853	HTo/Sp3fs
Num 13:32	אֶל	413	HR
Num 13:32	בְּנֵ֥י	1121 a	HNcmpc
Num 13:32	יִשְׂרָאֵ֖ל	3478	HNp
Num 13:32	לֵ/אמֹ֑ר	l/559	HR/Vqc
Num 13:32	הָ/אָ֡רֶץ	d/776	HTd/Ncbsa
Num 13:32	אֲשֶׁר֩	834 a	HTr
Num 13:32	עָבַ֨רְנוּ	5674 a	HVqp1cp
Num 13:32	בָ֜/הּ	b	HR/Sp3fs
Num 13:32	לָ/ת֣וּר	l/8446	HR/Vqc
Num 13:32	אֹתָ֗/הּ	853	HTo/Sp3fs
Num 13:32	אֶ֣רֶץ	776	HNcbsa
Num 13:32	אֹכֶ֤לֶת	398	HVqrfsa
Num 13:32	יוֹשְׁבֶ֨י/הָ֙	3427	HVqrmpc/Sp3fs
Num 13:32	הִ֔וא	1931	HPp3fs
Num 13:32	וְ/כָל	c/3605	HC/Ncmsc
Num 13:32	הָ/עָ֛ם	d/5971 a	HTd/Ncmsa
Num 13:32	אֲשֶׁר	834 a	HTr
Num 13:32	רָאִ֥ינוּ	7200	HVqp1cp
Num 13:32	בְ/תוֹכָ֖/הּ	b/8432	HR/Ncmsc/Sp3fs
Num 13:32	אַנְשֵׁ֥י	376	HNcmpc
Num 13:32	מִדּֽוֹת	4060 a	HNcfpa
Num 13:33	וְ/שָׁ֣ם	c/8033	HC/D
Num 13:33	רָאִ֗ינוּ	7200	HVqp1cp
Num 13:33	אֶת	853	HTo
Num 13:33	הַ/נְּפִילִ֛ים	d/5303	HTd/Ncmpa
Num 13:33	בְּנֵ֥י	1121 a	HNcmpc
Num 13:33	עֲנָ֖ק	6061	HNp
Num 13:33	מִן	4480 a	HR
Num 13:33	הַ/נְּפִלִ֑ים	d/5303	HTd/Ncmpa
Num 13:33	וַ/נְּהִ֤י	c/1961	HC/Vqw1cp
Num 13:33	בְ/עֵינֵ֨י/נוּ֙	b/5869 a	HR/Ncbdc/Sp1cp
Num 13:33	כַּֽ/חֲגָבִ֔ים	k/2284	HR/Ncmpa
Num 13:33	וְ/כֵ֥ן	c/3651 c	HC/Tm
Num 13:33	הָיִ֖ינוּ	1961	HVqp1cp
Num 13:33	בְּ/עֵינֵי/הֶֽם	b/5869 a	HR/Ncbdc/Sp3mp
Num 14:1	וַ/תִּשָּׂא֙	c/5375	HC/Vqw3fs
Num 14:1	כָּל	3605	HNcmsc
Num 14:1	הָ֣/עֵדָ֔ה	d/5712	HTd/Ncfsa
Num 14:1	וַֽ/יִּתְּנ֖וּ	c/5414	HC/Vqw3mp
Num 14:1	אֶת	853	HTo
Num 14:1	קוֹלָ֑/ם	6963 a	HNcmsc/Sp3mp
Num 14:1	וַ/יִּבְכּ֥וּ	c/1058	HC/Vqw3mp
Num 14:1	הָ/עָ֖ם	d/5971 a	HTd/Ncmsa
Num 14:1	בַּ/לַּ֥יְלָה	b/3915	HRd/Ncmsa
Num 14:1	הַ/הֽוּא	d/1931	HTd/Pp3ms
Num 14:2	וַ/יִּלֹּ֨נוּ֙	c/3885 b	HC/VNw3mp
Num 14:2	עַל	5921 a	HR
Num 14:2	מֹשֶׁ֣ה	4872	HNp
Num 14:2	וְ/עַֽל	c/5921 a	HC/R
Num 14:2	אַהֲרֹ֔ן	175	HNp
Num 14:2	כֹּ֖ל	3605	HNcmsc
Num 14:2	בְּנֵ֣י	1121 a	HNcmpc
Num 14:2	יִשְׂרָאֵ֑ל	3478	HNp
Num 14:2	וַֽ/יֹּאמְר֨וּ	c/559	HC/Vqw3mp
Num 14:2	אֲלֵ/הֶ֜ם	413	HR/Sp3mp
Num 14:2	כָּל	3605	HNcmsc
Num 14:2	הָ/עֵדָ֗ה	d/5712	HTd/Ncfsa
Num 14:2	לוּ	3863	HC
Num 14:2	מַ֨תְנוּ֙	4191	HVqp1cp
Num 14:2	בְּ/אֶ֣רֶץ	b/776	HR/Ncbsc
Num 14:2	מִצְרַ֔יִם	4714	HNp
Num 14:2	א֛וֹ	176 a	HC
Num 14:2	בַּ/מִּדְבָּ֥ר	b/4057 b	HRd/Ncmsa
Num 14:2	הַ/זֶּ֖ה	d/2088	HTd/Pdxms
Num 14:2	לוּ	3863	HC
Num 14:2	מָֽתְנוּ	4191	HVqp1cp
Num 14:3	וְ/לָ/מָ֣ה	c/l/4100	HC/R/Ti
Num 14:3	יְ֠הוָה	3068	HNp
Num 14:3	מֵבִ֨יא	935	HVhrmsa
Num 14:3	אֹתָ֜/נוּ	853	HTo/Sp1cp
Num 14:3	אֶל	413	HR
Num 14:3	הָ/אָ֤רֶץ	d/776	HTd/Ncbsa
Num 14:3	הַ/זֹּאת֙	d/2063	HTd/Pdxfs
Num 14:3	לִ/נְפֹּ֣ל	l/5307	HR/Vqc
Num 14:3	בַּ/חֶ֔רֶב	b/2719	HRd/Ncfsa
Num 14:3	נָשֵׁ֥י/נוּ	802	HNcfpc/Sp1cp
Num 14:3	וְ/טַפֵּ֖/נוּ	c/2945	HC/Ncmsc/Sp1cp
Num 14:3	יִהְי֣וּ	1961	HVqi3mp
Num 14:3	לָ/בַ֑ז	l/957	HR/Ncmsa
Num 14:3	הֲ/ל֧וֹא	i/3808	HTi/Tn
Num 14:3	ט֦וֹב	2896 a	HAamsa
Num 14:3	לָ֖/נוּ	l	HR/Sp1cp
Num 14:3	שׁ֥וּב	7725	HVqc
Num 14:3	מִצְרָֽיְמָ/ה	4714	HNp/Sd
Num 14:4	וַ/יֹּאמְר֖וּ	c/559	HC/Vqw3mp
Num 14:4	אִ֣ישׁ	376	HNcmsa
Num 14:4	אֶל	413	HR
Num 14:4	אָחִ֑י/ו	251	HNcmsc/Sp3ms
Num 14:4	נִתְּנָ֥ה	5414	HVqh1cp
Num 14:4	רֹ֖אשׁ	7218 a	HNcmsa
Num 14:4	וְ/נָשׁ֥וּבָה	c/7725	HC/Vqh1cp
Num 14:4	מִצְרָֽיְמָ/ה	4714	HNp/Sd
Num 14:5	וַ/יִּפֹּ֥ל	c/5307	HC/Vqw3ms
Num 14:5	מֹשֶׁ֛ה	4872	HNp
Num 14:5	וְ/אַהֲרֹ֖ן	c/175	HC/Np
Num 14:5	עַל	5921 a	HR
Num 14:5	פְּנֵי/הֶ֑ם	6440	HNcbpc/Sp3mp
Num 14:5	לִ/פְנֵ֕י	l/6440	HR/Ncbpc
Num 14:5	כָּל	3605	HNcmsc
Num 14:5	קְהַ֥ל	6951	HNcmsc
Num 14:5	עֲדַ֖ת	5712	HNcfsc
Num 14:5	בְּנֵ֥י	1121 a	HNcmpc
Num 14:5	יִשְׂרָאֵֽל	3478	HNp
Num 14:6	וִ/יהוֹשֻׁ֣עַ	c/3091	HC/Np
Num 14:6	בִּן	1121 a	HNcmsc
Num 14:6	נ֗וּן	5126	HNp
Num 14:6	וְ/כָלֵב֙	c/3612	HC/Np
Num 14:6	בֶּן	1121 a	HNcmsc
Num 14:6	יְפֻנֶּ֔ה	3312	HNp
Num 14:6	מִן	4480 a	HR
Num 14:6	הַ/תָּרִ֖ים	d/8446	HTd/Vqrmpa
Num 14:6	אֶת	853	HTo
Num 14:6	הָ/אָ֑רֶץ	d/776	HTd/Ncbsa
Num 14:6	קָרְע֖וּ	7167	HVqp3cp
Num 14:6	בִּגְדֵי/הֶֽם	899 b	HNcmpc/Sp3mp
Num 14:7	וַ/יֹּ֣אמְר֔וּ	c/559	HC/Vqw3mp
Num 14:7	אֶל	413	HR
Num 14:7	כָּל	3605	HNcmsc
Num 14:7	עֲדַ֥ת	5712	HNcfsc
Num 14:7	בְּנֵֽי	1121 a	HNcmpc
Num 14:7	יִשְׂרָאֵ֖ל	3478	HNp
Num 14:7	לֵ/אמֹ֑ר	l/559	HR/Vqc
Num 14:7	הָ/אָ֗רֶץ	d/776	HTd/Ncbsa
Num 14:7	אֲשֶׁ֨ר	834 a	HTr
Num 14:7	עָבַ֤רְנוּ	5674 a	HVqp1cp
Num 14:7	בָ/הּ֙	b	HR/Sp3fs
Num 14:7	לָ/ת֣וּר	l/8446	HR/Vqc
Num 14:7	אֹתָ֔/הּ	853	HTo/Sp3fs
Num 14:7	טוֹבָ֥ה	2896 a	HAafsa
Num 14:7	הָ/אָ֖רֶץ	d/776	HTd/Ncbsa
Num 14:7	מְאֹ֥ד	3966	HD
Num 14:7	מְאֹֽד	3966	HD
Num 14:8	אִם	518 a	HC
Num 14:8	חָפֵ֥ץ	2654 a	HVqp3ms
Num 14:8	בָּ֨/נוּ֙	b	HR/Sp1cp
Num 14:8	יְהוָ֔ה	3068	HNp
Num 14:8	וְ/הֵבִ֤יא	c/935	HC/Vhq3ms
Num 14:8	אֹתָ֨/נוּ֙	853	HTo/Sp1cp
Num 14:8	אֶל	413	HR
Num 14:8	הָ/אָ֣רֶץ	d/776	HTd/Ncbsa
Num 14:8	הַ/זֹּ֔את	d/2063	HTd/Pdxfs
Num 14:8	וּ/נְתָנָ֖/הּ	c/5414	HC/Vqq3ms/Sp3fs
Num 14:8	לָ֑/נוּ	l	HR/Sp1cp
Num 14:8	אֶ֕רֶץ	776	HNcbsa
Num 14:8	אֲשֶׁר	834 a	HTr
Num 14:8	הִ֛וא	1931	HPp3fs
Num 14:8	זָבַ֥ת	2100	HVqrfsc
Num 14:8	חָלָ֖ב	2461	HNcmsa
Num 14:8	וּ/דְבָֽשׁ	c/1706	HC/Ncmsa
Num 14:9	אַ֣ךְ	389	HTa
Num 14:9	בַּֽ/יהוָה֮	b/3068	HR/Np
Num 14:9	אַל	408	HTn
Num 14:9	תִּמְרֹדוּ֒	4775	HVqj2mp
Num 14:9	וְ/אַתֶּ֗ם	c/859 d	HC/Pp2mp
Num 14:9	אַל	408	HTn
Num 14:9	תִּֽירְאוּ֙	3372	HVqj2mp
Num 14:9	אֶת	853	HTo
Num 14:9	עַ֣ם	5971 a	HNcmsc
Num 14:9	הָ/אָ֔רֶץ	d/776	HTd/Ncbsa
Num 14:9	כִּ֥י	3588 a	HC
Num 14:9	לַחְמֵ֖/נוּ	3899	HNcbsc/Sp1cp
Num 14:9	הֵ֑ם	1992	HPp3mp
Num 14:9	סָ֣ר	5493	HVqp3ms
Num 14:9	צִלָּ֧/ם	6738	HNcmsc/Sp3mp
Num 14:9	מֵ/עֲלֵי/הֶ֛ם	m/5921 a	HR/R/Sp3mp
Num 14:9	וַֽ/יהוָ֥ה	c/3068	HC/Np
Num 14:9	אִתָּ֖/נוּ	854	HR/Sp1cp
Num 14:9	אַל	408	HTn
Num 14:9	תִּירָאֻֽ/ם	3372	HVqj2mp/Sp3mp
Num 14:10	וַ/יֹּֽאמְרוּ֙	c/559	HC/Vqw3mp
Num 14:10	כָּל	3605	HNcmsc
Num 14:10	הָ֣/עֵדָ֔ה	d/5712	HTd/Ncfsa
Num 14:10	לִ/רְגּ֥וֹם	l/7275	HR/Vqc
Num 14:10	אֹתָ֖/ם	853	HTo/Sp3mp
Num 14:10	בָּ/אֲבָנִ֑ים	b/68	HRd/Ncfpa
Num 14:10	וּ/כְב֣וֹד	c/3519	HC/Ncbsc
Num 14:10	יְהוָ֗ה	3068	HNp
Num 14:10	נִרְאָה֙	7200	HVNp3ms
Num 14:10	בְּ/אֹ֣הֶל	b/168	HR/Ncmsc
Num 14:10	מוֹעֵ֔ד	4150	HNcmsa
Num 14:10	אֶֽל	413	HR
Num 14:10	כָּל	3605	HNcmsc
Num 14:10	בְּנֵ֖י	1121 a	HNcmpc
Num 14:10	יִשְׂרָאֵֽל	3478	HNp
Num 14:11	וַ/יֹּ֤אמֶר	c/559	HC/Vqw3ms
Num 14:11	יְהוָה֙	3068	HNp
Num 14:11	אֶל	413	HR
Num 14:11	מֹשֶׁ֔ה	4872	HNp
Num 14:11	עַד	5704	HR
Num 14:11	אָ֥נָה	575	HD
Num 14:11	יְנַאֲצֻ֖/נִי	5006	HVpi3mp/Sp1cs
Num 14:11	הָ/עָ֣ם	d/5971 a	HTd/Ncmsa
Num 14:11	הַ/זֶּ֑ה	d/2088	HTd/Pdxms
Num 14:11	וְ/עַד	c/5704	HC/R
Num 14:11	אָ֨נָה֙	575	HD
Num 14:11	לֹא	3808	HTn
Num 14:11	יַאֲמִ֣ינוּ	539	HVhi3mp
Num 14:11	בִ֔/י	b	HR/Sp1cs
Num 14:11	בְּ/כֹל֙	b/3605	HR/Ncmsc
Num 14:11	הָֽ/אֹת֔וֹת	d/226	HTd/Ncbpa
Num 14:11	אֲשֶׁ֥ר	834 a	HTr
Num 14:11	עָשִׂ֖יתִי	6213 a	HVqp1cs
Num 14:11	בְּ/קִרְבּֽ/וֹ	b/7130	HR/Ncmsc/Sp3ms
Num 14:12	אַכֶּ֥/נּוּ	5221	HVhi1cs/Sp3ms
Num 14:12	בַ/דֶּ֖בֶר	b/1698	HRd/Ncmsa
Num 14:12	וְ/אוֹרִשֶׁ֑/נּוּ	c/3423	HC/Vhi1cs/Sp3ms
Num 14:12	וְ/אֶֽעֱשֶׂה֙	c/6213 a	HC/Vqi1cs
Num 14:12	אֹֽתְ/ךָ֔	853	HTo/Sp2ms
Num 14:12	לְ/גוֹי	l/1471 a	HR/Ncmsa
Num 14:12	גָּד֥וֹל	1419 a	HAamsa
Num 14:12	וְ/עָצ֖וּם	c/6099	HC/Aamsa
Num 14:12	מִמֶּֽ/נּוּ	4480 a	HR/Sp3ms
Num 14:13	וַ/יֹּ֥אמֶר	c/559	HC/Vqw3ms
Num 14:13	מֹשֶׁ֖ה	4872	HNp
Num 14:13	אֶל	413	HR
Num 14:13	יְהוָ֑ה	3068	HNp
Num 14:13	וְ/שָׁמְע֣וּ	c/8085	HC/Vqq3cp
Num 14:13	מִצְרַ֔יִם	4713	HNp
Num 14:13	כִּֽי	3588 a	HC
Num 14:13	הֶעֱלִ֧יתָ	5927	HVhp2ms
Num 14:13	בְ/כֹחֲ/ךָ֛	b/3581 b	HR/Ncmsc/Sp2ms
Num 14:13	אֶת	853	HTo
Num 14:13	הָ/עָ֥ם	d/5971 a	HTd/Ncmsa
Num 14:13	הַ/זֶּ֖ה	d/2088	HTd/Pdxms
Num 14:13	מִ/קִּרְבּֽ/וֹ	m/7130	HR/Ncmsc/Sp3ms
Num 14:14	וְ/אָמְר֗וּ	c/559	HC/Vqq3cp
Num 14:14	אֶל	413	HR
Num 14:14	יוֹשֵׁב֮	3427	HVqrmsc
Num 14:14	הָ/אָ֣רֶץ	d/776	HTd/Ncbsa
Num 14:14	הַ/זֹּאת֒	d/2063	HTd/Pdxfs
Num 14:14	שָֽׁמְעוּ֙	8085	HVqp3cp
Num 14:14	כִּֽי	3588 a	HC
Num 14:14	אַתָּ֣ה	859 a	HPp2ms
Num 14:14	יְהוָ֔ה	3068	HNp
Num 14:14	בְּ/קֶ֖רֶב	b/7130	HR/Ncmsc
Num 14:14	הָ/עָ֣ם	d/5971 a	HTd/Ncmsa
Num 14:14	הַ/זֶּ֑ה	d/2088	HTd/Pdxms
Num 14:14	אֲשֶׁר	834 a	HTr
Num 14:14	עַ֨יִן	5869 a	HNcbsa
Num 14:14	בְּ/עַ֜יִן	b/5869 a	HR/Ncbsa
Num 14:14	נִרְאָ֣ה	7200	HVNp3ms
Num 14:14	אַתָּ֣ה	859 a	HPp2ms
Num 14:14	יְהוָ֗ה	3068	HNp
Num 14:14	וַ/עֲנָֽנְ/ךָ֙	c/6051	HC/Ncmsc/Sp2ms
Num 14:14	עֹמֵ֣ד	5975	HVqrmsa
Num 14:14	עֲלֵ/הֶ֔ם	5921 a	HR/Sp3mp
Num 14:14	וּ/בְ/עַמֻּ֣ד	c/b/5982	HC/R/Ncmsc
Num 14:14	עָנָ֗ן	6051	HNcmsa
Num 14:14	אַתָּ֨ה	859 a	HPp2ms
Num 14:14	הֹלֵ֤ךְ	1980	HVqrmsa
Num 14:14	לִ/פְנֵי/הֶם֙	l/6440	HR/Ncbpc/Sp3mp
Num 14:14	יוֹמָ֔ם	3119	HD
Num 14:14	וּ/בְ/עַמּ֥וּד	c/b/5982	HC/R/Ncmsc
Num 14:14	אֵ֖שׁ	784	HNcbsa
Num 14:14	לָֽיְלָה	3915	HNcmsa
Num 14:15	וְ/הֵמַתָּ֛ה	c/4191	HC/Vhp2ms
Num 14:15	אֶת	853	HTo
Num 14:15	הָ/עָ֥ם	d/5971 a	HTd/Ncmsa
Num 14:15	הַ/זֶּ֖ה	d/2088	HTd/Pdxms
Num 14:15	כְּ/אִ֣ישׁ	k/376	HR/Ncmsa
Num 14:15	אֶחָ֑ד	259	HAcmsa
Num 14:15	וְ/אָֽמְרוּ֙	c/559	HC/Vqq3cp
Num 14:15	הַ/גּוֹיִ֔ם	d/1471 a	HTd/Ncmpa
Num 14:15	אֲשֶׁר	834 a	HTr
Num 14:15	שָׁמְע֥וּ	8085	HVqp3cp
Num 14:15	אֶֽת	853	HTo
Num 14:15	שִׁמְעֲ/ךָ֖	8088 b	HNcmsc/Sp2ms
Num 14:15	לֵ/אמֹֽר	l/559	HR/Vqc
Num 14:16	מִ/בִּלְתִּ֞י	m/1115	HR/Tn
Num 14:16	יְכֹ֣לֶת	3201	HVqc
Num 14:16	יְהוָ֗ה	3068	HNp
Num 14:16	לְ/הָבִיא֙	l/935	HR/Vhc
Num 14:16	אֶת	853	HTo
Num 14:16	הָ/עָ֣ם	d/5971 a	HTd/Ncmsa
Num 14:16	הַ/זֶּ֔ה	d/2088	HTd/Pdxms
Num 14:16	אֶל	413	HR
Num 14:16	הָ/אָ֖רֶץ	d/776	HTd/Ncbsa
Num 14:16	אֲשֶׁר	834 a	HTr
Num 14:16	נִשְׁבַּ֣ע	7650	HVNp3ms
Num 14:16	לָ/הֶ֑ם	l	HR/Sp3mp
Num 14:16	וַ/יִּשְׁחָטֵ֖/ם	c/7819 a	HC/Vqw3ms/Sp3mp
Num 14:16	בַּ/מִּדְבָּֽר	b/4057 b	HRd/Ncmsa
Num 14:17	וְ/עַתָּ֕ה	c/6258	HC/D
Num 14:17	יִגְדַּל	1431	HVqj3ms
Num 14:17	נָ֖א	4994	HTe
Num 14:17	כֹּ֣חַ	3581 b	HNcmsc
Num 14:17	אֲדֹנָ֑/י	136	HNcmpc/Sp1cs
Num 14:17	כַּ/אֲשֶׁ֥ר	k/834 d	HR/Tr
Num 14:17	דִּבַּ֖רְתָּ	1696	HVpp2ms
Num 14:17	לֵ/אמֹֽר	l/559	HR/Vqc
Num 14:18	יְהוָ֗ה	3068	HNp
Num 14:18	אֶ֤רֶךְ	750	HAamsc
Num 14:18	אַפַּ֨יִם֙	639	HNcmda
Num 14:18	וְ/רַב	c/7227 a	HC/Aamsc
Num 14:18	חֶ֔סֶד	2617 a	HNcmsa
Num 14:18	נֹשֵׂ֥א	5375	HVqrmsa
Num 14:18	עָוֺ֖ן	5771	HNcbsa
Num 14:18	וָ/פָ֑שַׁע	c/6588	HC/Ncmsa
Num 14:18	וְ/נַקֵּה֙	c/5352	HC/Vpa
Num 14:18	לֹ֣א	3808	HTn
Num 14:18	יְנַקֶּ֔ה	5352	HVpi3ms
Num 14:18	פֹּקֵ֞ד	6485 a	HVqrmsa
Num 14:18	עֲוֺ֤ן	5771	HNcbsc
Num 14:18	אָבוֹת֙	1	HNcmpa
Num 14:18	עַל	5921 a	HR
Num 14:18	בָּנִ֔ים	1121 a	HNcmpa
Num 14:18	עַל	5921 a	HR
Num 14:18	שִׁלֵּשִׁ֖ים	8029	HNcmpa
Num 14:18	וְ/עַל	c/5921 a	HC/R
Num 14:18	רִבֵּעִֽים	7256	HNcmpa
Num 14:19	סְלַֽח	5545	HVqv2ms
Num 14:19	נָ֗א	4994	HTe
Num 14:19	לַ/עֲוֺ֛ן	l/5771	HR/Ncbsc
Num 14:19	הָ/עָ֥ם	d/5971 a	HTd/Ncmsa
Num 14:19	הַ/זֶּ֖ה	d/2088	HTd/Pdxms
Num 14:19	כְּ/גֹ֣דֶל	k/1433	HR/Ncmsc
Num 14:19	חַסְדֶּ֑/ךָ	2617 a	HNcmsc/Sp2ms
Num 14:19	וְ/כַ/אֲשֶׁ֤ר	c/k/834 d	HC/R/Tr
Num 14:19	נָשָׂ֨אתָה֙	5375	HVqp2ms
Num 14:19	לָ/עָ֣ם	l/5971 a	HRd/Ncmsa
Num 14:19	הַ/זֶּ֔ה	d/2088	HTd/Pdxms
Num 14:19	מִ/מִּצְרַ֖יִם	m/4714	HR/Np
Num 14:19	וְ/עַד	c/5704	HC/R
Num 14:19	הֵֽנָּה	2008	HD
Num 14:20	וַ/יֹּ֣אמֶר	c/559	HC/Vqw3ms
Num 14:20	יְהוָ֔ה	3068	HNp
Num 14:20	סָלַ֖חְתִּי	5545	HVqp1cs
Num 14:20	כִּ/דְבָרֶֽ/ךָ	k/1697	HR/Ncmsc/Sp2ms
Num 14:21	וְ/אוּלָ֖ם	c/199	HC/D
Num 14:21	חַי	2416 a	HAamsa
Num 14:21	אָ֑נִי	589	HPp1cs
Num 14:21	וְ/יִמָּלֵ֥א	c/4390	HC/VNi3ms
Num 14:21	כְבוֹד	3519	HNcbsc
Num 14:21	יְהוָ֖ה	3068	HNp
Num 14:21	אֶת	853	HTo
Num 14:21	כָּל	3605	HNcmsc
Num 14:21	הָ/אָֽרֶץ	d/776	HTd/Ncbsa
Num 14:22	כִּ֣י	3588 a	HC
Num 14:22	כָל	3605	HNcmsc
Num 14:22	הָ/אֲנָשִׁ֗ים	d/376	HTd/Ncmpa
Num 14:22	הָ/רֹאִ֤ים	d/7200	HTd/Vqrmpa
Num 14:22	אֶת	853	HTo
Num 14:22	כְּבֹדִ/י֙	3519	HNcbsc/Sp1cs
Num 14:22	וְ/אֶת	c/853	HC/To
Num 14:22	אֹ֣תֹתַ֔/י	226	HNcbpc/Sp1cs
Num 14:22	אֲשֶׁר	834 a	HTr
Num 14:22	עָשִׂ֥יתִי	6213 a	HVqp1cs
Num 14:22	בְ/מִצְרַ֖יִם	b/4714	HR/Np
Num 14:22	וּ/בַ/מִּדְבָּ֑ר	c/b/4057 b	HC/Rd/Ncmsa
Num 14:22	וַ/יְנַסּ֣וּ	c/5254	HC/Vpw3mp
Num 14:22	אֹתִ֗/י	853	HTo/Sp1cs
Num 14:22	זֶ֚ה	2088	HPdxms
Num 14:22	עֶ֣שֶׂר	6235	HAcfsa
Num 14:22	פְּעָמִ֔ים	6471	HNcfpa
Num 14:22	וְ/לֹ֥א	c/3808	HC/Tn
Num 14:22	שָׁמְע֖וּ	8085	HVqp3cp
Num 14:22	בְּ/קוֹלִֽ/י	b/6963 a	HR/Ncmsc/Sp1cs
Num 14:23	אִם	518 a	HC
Num 14:23	יִרְאוּ֙	7200	HVqi3mp
Num 14:23	אֶת	853	HTo
Num 14:23	הָ/אָ֔רֶץ	d/776	HTd/Ncbsa
Num 14:23	אֲשֶׁ֥ר	834 a	HTr
Num 14:23	נִשְׁבַּ֖עְתִּי	7650	HVNp1cs
Num 14:23	לַ/אֲבֹתָ֑/ם	l/1	HR/Ncmpc/Sp3mp
Num 14:23	וְ/כָל	c/3605	HC/Ncmsc
Num 14:23	מְנַאֲצַ֖/י	5006	HVprmpc/Sp1cs
Num 14:23	לֹ֥א	3808	HTn
Num 14:23	יִרְאֽוּ/הָ	7200	HVqi3mp/Sp3fs
Num 14:24	וְ/עַבְדִּ֣/י	c/5650	HC/Ncmsc/Sp1cs
Num 14:24	כָלֵ֗ב	3612	HNp
Num 14:24	עֵ֣קֶב	6118	HC
Num 14:24	הָֽיְתָ֞ה	1961	HVqp3fs
Num 14:24	ר֤וּחַ	7307	HNcbsa
Num 14:24	אַחֶ֨רֶת֙	312	HAafsa
Num 14:24	עִמּ֔/וֹ	5973 a	HR/Sp3ms
Num 14:24	וַ/יְמַלֵּ֖א	c/4390	HC/Vpw3ms
Num 14:24	אַחֲרָ֑/י	310 a	HR/Sp1cs
Num 14:24	וַ/הֲבִֽיאֹתִ֗י/ו	c/935	HC/Vhq1cs/Sp3ms
Num 14:24	אֶל	413	HR
Num 14:24	הָ/אָ֨רֶץ֙	d/776	HTd/Ncbsa
Num 14:24	אֲשֶׁר	834 a	HTr
Num 14:24	בָּ֣א	935	HVqp3ms
Num 14:24	שָׁ֔מָּ/ה	8033	HD/Sd
Num 14:24	וְ/זַרְע֖/וֹ	c/2233	HC/Ncmsc/Sp3ms
Num 14:24	יוֹרִשֶֽׁ/נָּה	3423	HVhi3ms/Sp3fs
Num 14:25	וְ/הָֽ/עֲמָלֵקִ֥י	c/d/6003	HC/Td/Ngmsa
Num 14:25	וְ/הַֽ/כְּנַעֲנִ֖י	c/d/3669 a	HC/Td/Ngmsa
Num 14:25	יוֹשֵׁ֣ב	3427	HVqrmsa
Num 14:25	בָּ/עֵ֑מֶק	b/6010	HRd/Ncmsa
Num 14:25	מָחָ֗ר	4279	HNcmsa
Num 14:25	פְּנ֨וּ	6437	HVqv2mp
Num 14:25	וּ/סְע֥וּ	c/5265	HC/Vqv2mp
Num 14:25	לָ/כֶ֛ם	l	HR/Sp2mp
Num 14:25	הַ/מִּדְבָּ֖ר	d/4057 b	HTd/Ncmsa
Num 14:25	דֶּ֥רֶךְ	1870	HNcbsc
Num 14:25	יַם	3220	HNcmsc
Num 14:25	סֽוּף	5488	HNcmsa
Num 14:26	וַ/יְדַבֵּ֣ר	c/1696	HC/Vpw3ms
Num 14:26	יְהוָ֔ה	3068	HNp
Num 14:26	אֶל	413	HR
Num 14:26	מֹשֶׁ֥ה	4872	HNp
Num 14:26	וְ/אֶֽל	c/413	HC/R
Num 14:26	אַהֲרֹ֖ן	175	HNp
Num 14:26	לֵ/אמֹֽר	l/559	HR/Vqc
Num 14:27	עַד	5704	HR
Num 14:27	מָתַ֗י	4970	HTi
Num 14:27	לָ/עֵדָ֤ה	l/5712	HRd/Ncfsa
Num 14:27	הָֽ/רָעָה֙	d/7451 a	HTd/Aafsa
Num 14:27	הַ/זֹּ֔את	d/2063	HTd/Pdxfs
Num 14:27	אֲשֶׁ֛ר	834 a	HTr
Num 14:27	הֵ֥מָּה	1992	HPp3mp
Num 14:27	מַלִּינִ֖ים	3885 b	HVhrmpa
Num 14:27	עָלָ֑/י	5921 a	HR/Sp1cs
Num 14:27	אֶת	853	HTo
Num 14:27	תְּלֻנּ֞וֹת	8519	HNcfpc
Num 14:27	בְּנֵ֣י	1121 a	HNcmpc
Num 14:27	יִשְׂרָאֵ֗ל	3478	HNp
Num 14:27	אֲשֶׁ֨ר	834 a	HTr
Num 14:27	הֵ֧מָּה	1992	HPp3mp
Num 14:27	מַלִּינִ֛ים	3885 b	HVhrmpa
Num 14:27	עָלַ֖/י	5921 a	HR/Sp1cs
Num 14:27	שָׁמָֽעְתִּי	8085	HVqp1cs
Num 14:28	אֱמֹ֣ר	559	HVqv2ms
Num 14:28	אֲלֵ/הֶ֗ם	413	HR/Sp3mp
Num 14:28	חַי	2416 a	HAamsa
Num 14:28	אָ֨נִי֙	589	HPp1cs
Num 14:28	נְאֻם	5002	HNcmsc
Num 14:28	יְהוָ֔ה	3068	HNp
Num 14:28	אִם	518 a	HC
Num 14:28	לֹ֕א	3808	HTn
Num 14:28	כַּ/אֲשֶׁ֥ר	k/834 d	HR/Tr
Num 14:28	דִּבַּרְתֶּ֖ם	1696	HVpp2mp
Num 14:28	בְּ/אָזְנָ֑/י	b/241	HR/Ncfdc/Sp1cs
Num 14:28	כֵּ֖ן	3651 c	HTm
Num 14:28	אֶֽעֱשֶׂ֥ה	6213 a	HVqi1cs
Num 14:28	לָ/כֶֽם	l	HR/Sp2mp
Num 14:29	בַּ/מִּדְבָּ֣ר	b/4057 b	HRd/Ncmsa
Num 14:29	הַ֠/זֶּה	d/2088	HTd/Pdxms
Num 14:29	יִפְּל֨וּ	5307	HVqi3mp
Num 14:29	פִגְרֵי/כֶ֜ם	6297	HNcmpc/Sp2mp
Num 14:29	וְ/כָל	c/3605	HC/Ncmsc
Num 14:29	פְּקֻדֵי/כֶם֙	6485 a	HVqsmpc/Sp2mp
Num 14:29	לְ/כָל	l/3605	HR/Ncmsc
Num 14:29	מִסְפַּרְ/כֶ֔ם	4557	HNcmsc/Sp2mp
Num 14:29	מִ/בֶּ֛ן	m/1121 a	HR/Ncmsc
Num 14:29	עֶשְׂרִ֥ים	6242	HAcbpa
Num 14:29	שָׁנָ֖ה	8141	HNcfsa
Num 14:29	וָ/מָ֑עְלָ/ה	c/4605	HC/D/Sd
Num 14:29	אֲשֶׁ֥ר	834 a	HTr
Num 14:29	הֲלִֽינֹתֶ֖ם	3885 b	HVhp2mp
Num 14:29	עָלָֽ/י	5921 a	HR/Sp1cs
Num 14:30	אִם	518 a	HC
Num 14:30	אַתֶּם֙	859 d	HPp2mp
Num 14:30	תָּבֹ֣אוּ	935	HVqi2mp
Num 14:30	אֶל	413	HR
Num 14:30	הָ/אָ֔רֶץ	d/776	HTd/Ncbsa
Num 14:30	אֲשֶׁ֤ר	834 a	HTr
Num 14:30	נָשָׂ֨אתִי֙	5375	HVqp1cs
Num 14:30	אֶת	853	HTo
Num 14:30	יָדִ֔/י	3027	HNcbsc/Sp1cs
Num 14:30	לְ/שַׁכֵּ֥ן	l/7931	HR/Vpc
Num 14:30	אֶתְ/כֶ֖ם	853	HTo/Sp2mp
Num 14:30	בָּ֑/הּ	b	HR/Sp3fs
Num 14:30	כִּ֚י	3588 b	HC
Num 14:30	אִם	518 b	HC
Num 14:30	כָּלֵ֣ב	3612	HNp
Num 14:30	בֶּן	1121 a	HNcmsc
Num 14:30	יְפֻנֶּ֔ה	3312	HNp
Num 14:30	וִ/יהוֹשֻׁ֖עַ	c/3091	HC/Np
Num 14:30	בִּן	1121 a	HNcmsc
Num 14:30	נֽוּן	5126	HNp
Num 14:31	וְ/טַ֨פְּ/כֶ֔ם	c/2945	HC/Ncmsc/Sp2mp
Num 14:31	אֲשֶׁ֥ר	834 a	HTr
Num 14:31	אֲמַרְתֶּ֖ם	559	HVqp2mp
Num 14:31	לָ/בַ֣ז	l/957	HR/Ncmsa
Num 14:31	יִהְיֶ֑ה	1961	HVqi3ms
Num 14:31	וְ/הֵבֵיאתִ֣י	c/935	HC/Vhp1cs
Num 14:31	אֹתָ֔/ם	853	HTo/Sp3mp
Num 14:31	וְ/יָֽדְעוּ֙	c/3045	HC/Vqq3cp
Num 14:31	אֶת	853	HTo
Num 14:31	הָ/אָ֔רֶץ	d/776	HTd/Ncbsa
Num 14:31	אֲשֶׁ֥ר	834 a	HTr
Num 14:31	מְאַסְתֶּ֖ם	3988 a	HVqp2mp
Num 14:31	בָּֽ/הּ	b	HR/Sp3fs
Num 14:32	וּ/פִגְרֵי/כֶ֖ם	c/6297	HC/Ncmpc/Sp2mp
Num 14:32	אַתֶּ֑ם	859 d	HPp2mp
Num 14:32	יִפְּל֖וּ	5307	HVqi3mp
Num 14:32	בַּ/מִּדְבָּ֥ר	b/4057 b	HRd/Ncmsa
Num 14:32	הַ/זֶּֽה	d/2088	HTd/Pdxms
Num 14:33	וּ֠/בְנֵי/כֶם	c/1121 a	HC/Ncmpc/Sp2mp
Num 14:33	יִהְי֨וּ	1961	HVqi3mp
Num 14:33	רֹעִ֤ים	7462 b	HVqrmpa
Num 14:33	בַּ/מִּדְבָּר֙	b/4057 b	HRd/Ncmsa
Num 14:33	אַרְבָּעִ֣ים	705	HAcbpa
Num 14:33	שָׁנָ֔ה	8141	HNcfsa
Num 14:33	וְ/נָשְׂא֖וּ	c/5375	HC/Vqq3cp
Num 14:33	אֶת	853	HTo
Num 14:33	זְנוּתֵי/כֶ֑ם	2184	HNcfpc/Sp2mp
Num 14:33	עַד	5704	HR
Num 14:33	תֹּ֥ם	8552	HVqc
Num 14:33	פִּגְרֵי/כֶ֖ם	6297	HNcmpc/Sp2mp
Num 14:33	בַּ/מִּדְבָּֽר	b/4057 b	HRd/Ncmsa
Num 14:34	בְּ/מִסְפַּ֨ר	b/4557	HR/Ncmsc
Num 14:34	הַ/יָּמִ֜ים	d/3117	HTd/Ncmpa
Num 14:34	אֲשֶׁר	834 a	HTr
Num 14:34	תַּרְתֶּ֣ם	8446	HVqp2mp
Num 14:34	אֶת	853	HTo
Num 14:34	הָ/אָרֶץ֮	d/776	HTd/Ncbsa
Num 14:34	אַרְבָּעִ֣ים	705	HAcbpa
Num 14:34	יוֹם֒	3117	HNcmsa
Num 14:34	י֣וֹם	3117	HNcmsa
Num 14:34	לַ/שָּׁנָ֞ה	l/8141	HRd/Ncfsa
Num 14:34	י֣וֹם	3117	HNcmsa
Num 14:34	לַ/שָּׁנָ֗ה	l/8141	HRd/Ncfsa
Num 14:34	תִּשְׂאוּ֙	5375	HVqi2mp
Num 14:34	אֶת	853	HTo
Num 14:34	עֲוֺנֹ֣תֵי/כֶ֔ם	5771	HNcbpc/Sp2mp
Num 14:34	אַרְבָּעִ֖ים	705	HAcbpa
Num 14:34	שָׁנָ֑ה	8141	HNcfsa
Num 14:34	וִֽ/ידַעְתֶּ֖ם	c/3045	HC/Vqq2mp
Num 14:34	אֶת	853	HTo
Num 14:34	תְּנוּאָתִֽ/י	8569	HNcfsc/Sp1cs
Num 14:35	אֲנִ֣י	589	HPp1cs
Num 14:35	יְהוָה֮	3068	HNp
Num 14:35	דִּבַּרְתִּי֒	1696	HVpp1cs
Num 14:35	אִם	518 a	HC
Num 14:35	לֹ֣א	3808	HTn
Num 14:35	זֹ֣את	2063	HPdxfs
Num 14:35	אֶֽעֱשֶׂ֗ה	6213 a	HVqi1cs
Num 14:35	לְ/כָל	l/3605	HR/Ncmsc
Num 14:35	הָ/עֵדָ֤ה	d/5712	HTd/Ncfsa
Num 14:35	הָֽ/רָעָה֙	d/7451 a	HTd/Aafsa
Num 14:35	הַ/זֹּ֔את	d/2063	HTd/Pdxfs
Num 14:35	הַ/נּוֹעָדִ֖ים	d/3259	HTd/VNrmpa
Num 14:35	עָלָ֑/י	5921 a	HR/Sp1cs
Num 14:35	בַּ/מִּדְבָּ֥ר	b/4057 b	HRd/Ncmsa
Num 14:35	הַ/זֶּ֛ה	d/2088	HTd/Pdxms
Num 14:35	יִתַּ֖מּוּ	8552	HVqi3mp
Num 14:35	וְ/שָׁ֥ם	c/8033	HC/D
Num 14:35	יָמֻֽתוּ	4191	HVqi3mp
Num 14:36	וְ/הָ֣/אֲנָשִׁ֔ים	c/d/376	HC/Td/Ncmpa
Num 14:36	אֲשֶׁר	834 a	HTr
Num 14:36	שָׁלַ֥ח	7971	HVqp3ms
Num 14:36	מֹשֶׁ֖ה	4872	HNp
Num 14:36	לָ/ת֣וּר	l/8446	HR/Vqc
Num 14:36	אֶת	853	HTo
Num 14:36	הָ/אָ֑רֶץ	d/776	HTd/Ncbsa
Num 14:36	וַ/יָּשֻׁ֗בוּ	c/7725	HC/Vqw3mp
Num 14:36	ו/ילונו	c/3885 b	HC/VNw3mp
Num 14:36	עָלָי/ו֙	5921 a	HR/Sp3ms
Num 14:36	אֶת	853	HTo
Num 14:36	כָּל	3605	HNcmsc
Num 14:36	הָ֣/עֵדָ֔ה	d/5712	HTd/Ncfsa
Num 14:36	לְ/הוֹצִ֥יא	l/3318	HR/Vhc
Num 14:36	דִבָּ֖ה	1681	HNcfsa
Num 14:36	עַל	5921 a	HR
Num 14:36	הָ/אָֽרֶץ	d/776	HTd/Ncbsa
Num 14:37	וַ/יָּמֻ֨תוּ֙	c/4191	HC/Vqw3mp
Num 14:37	הָֽ/אֲנָשִׁ֔ים	d/376	HTd/Ncmpa
Num 14:37	מוֹצִאֵ֥י	3318	HVhrmpc
Num 14:37	דִבַּת	1681	HNcfsc
Num 14:37	הָ/אָ֖רֶץ	d/776	HTd/Ncbsa
Num 14:37	רָעָ֑ה	7451 a	HAafsa
Num 14:37	בַּ/מַּגֵּפָ֖ה	b/4046	HRd/Ncfsa
Num 14:37	לִ/פְנֵ֥י	l/6440	HR/Ncbpc
Num 14:37	יְהוָֽה	3068	HNp
Num 14:38	וִ/יהוֹשֻׁ֣עַ	c/3091	HC/Np
Num 14:38	בִּן	1121 a	HNcmsc
Num 14:38	נ֔וּן	5126	HNp
Num 14:38	וְ/כָלֵ֖ב	c/3612	HC/Np
Num 14:38	בֶּן	1121 a	HNcmsc
Num 14:38	יְפֻנֶּ֑ה	3312	HNp
Num 14:38	חָיוּ֙	2421	HVqp3cp
Num 14:38	מִן	4480 a	HR
Num 14:38	הָ/אֲנָשִׁ֣ים	d/376	HTd/Ncmpa
Num 14:38	הָ/הֵ֔ם	d/1992	HTd/Pp3mp
Num 14:38	הַֽ/הֹלְכִ֖ים	d/1980	HTd/Vqrmpa
Num 14:38	לָ/ת֥וּר	l/8446	HR/Vqc
Num 14:38	אֶת	853	HTo
Num 14:38	הָ/אָֽרֶץ	d/776	HTd/Ncbsa
Num 14:39	וַ/יְדַבֵּ֤ר	c/1696	HC/Vpw3ms
Num 14:39	מֹשֶׁה֙	4872	HNp
Num 14:39	אֶת	853	HTo
Num 14:39	הַ/דְּבָרִ֣ים	d/1697	HTd/Ncmpa
Num 14:39	הָ/אֵ֔לֶּה	d/428	HTd/Pdxcp
Num 14:39	אֶֽל	413	HR
Num 14:39	כָּל	3605	HNcmsc
Num 14:39	בְּנֵ֖י	1121 a	HNcmpc
Num 14:39	יִשְׂרָאֵ֑ל	3478	HNp
Num 14:39	וַ/יִּֽתְאַבְּל֥וּ	c/56	HC/Vtw3mp
Num 14:39	הָ/עָ֖ם	d/5971 a	HTd/Ncmsa
Num 14:39	מְאֹֽד	3966	HD
Num 14:40	וַ/יַּשְׁכִּ֣מוּ	c/7925	HC/Vhw3mp
Num 14:40	בַ/בֹּ֔קֶר	b/1242	HRd/Ncmsa
Num 14:40	וַ/יַּֽעֲל֥וּ	c/5927	HC/Vqw3mp
Num 14:40	אֶל	413	HR
Num 14:40	רֹאשׁ	7218 a	HNcmsc
Num 14:40	הָ/הָ֖ר	d/2022	HTd/Ncmsa
Num 14:40	לֵ/אמֹ֑ר	l/559	HR/Vqc
Num 14:40	הִנֶּ֗/נּוּ	2005	HTm/Sp1cp
Num 14:40	וְ/עָלִ֛ינוּ	c/5927	HC/Vqp1cp
Num 14:40	אֶל	413	HR
Num 14:40	הַ/מָּק֛וֹם	d/4725	HTd/Ncmsa
Num 14:40	אֲשֶׁר	834 a	HTr
Num 14:40	אָמַ֥ר	559	HVqp3ms
Num 14:40	יְהוָ֖ה	3068	HNp
Num 14:40	כִּ֥י	3588 a	HC
Num 14:40	חָטָֽאנוּ	2398	HVqp1cp
Num 14:41	וַ/יֹּ֣אמֶר	c/559	HC/Vqw3ms
Num 14:41	מֹשֶׁ֔ה	4872	HNp
Num 14:41	לָ֥/מָּה	l/4100	HR/Ti
Num 14:41	זֶּ֛ה	2088	HPdxms
Num 14:41	אַתֶּ֥ם	859 d	HPp2mp
Num 14:41	עֹבְרִ֖ים	5674 a	HVqrmpa
Num 14:41	אֶת	853	HTo
Num 14:41	פִּ֣י	6310	HNcmsc
Num 14:41	יְהוָ֑ה	3068	HNp
Num 14:41	וְ/הִ֖וא	c/1931	HC/Pp3fs
Num 14:41	לֹ֥א	3808	HTn
Num 14:41	תִצְלָֽח	6743 b	HVqi3fs
Num 14:42	אַֽל	408	HTn
Num 14:42	תַּעֲל֔וּ	5927	HVqj2mp
Num 14:42	כִּ֛י	3588 a	HC
Num 14:42	אֵ֥ין	369	HTn
Num 14:42	יְהוָ֖ה	3068	HNp
Num 14:42	בְּ/קִרְבְּ/כֶ֑ם	b/7130	HR/Ncmsc/Sp2mp
Num 14:42	וְ/לֹא֙	c/3808	HC/Tn
Num 14:42	תִּנָּ֣גְפ֔וּ	5062	HVNi2mp
Num 14:42	לִ/פְנֵ֖י	l/6440	HR/Ncbpc
Num 14:42	אֹיְבֵי/כֶֽם	341	HVqrmpc/Sp2mp
Num 14:43	כִּי֩	3588 a	HC
Num 14:43	הָ/עֲמָלֵקִ֨י	d/6003	HTd/Ngmsa
Num 14:43	וְ/הַ/כְּנַעֲנִ֥י	c/d/3669 a	HC/Td/Ngmsa
Num 14:43	שָׁם֙	8033	HD
Num 14:43	לִ/פְנֵי/כֶ֔ם	l/6440	HR/Ncbpc/Sp2mp
Num 14:43	וּ/נְפַלְתֶּ֖ם	c/5307	HC/Vqq2mp
Num 14:43	בֶּ/חָ֑רֶב	b/2719	HRd/Ncfsa
Num 14:43	כִּֽי	3588 c	HC
Num 14:43	עַל	5921 b	HR
Num 14:43	כֵּ֤ן	3651 b	HTm
Num 14:43	שַׁבְתֶּם֙	7725	HVqp2mp
Num 14:43	מֵ/אַחֲרֵ֣י	m/310 a	HR/R
Num 14:43	יְהוָ֔ה	3068	HNp
Num 14:43	וְ/לֹא	c/3808	HC/Tn
Num 14:43	יִהְיֶ֥ה	1961	HVqi3ms
Num 14:43	יְהוָ֖ה	3068	HNp
Num 14:43	עִמָּ/כֶֽם	5973 a	HR/Sp2mp
Num 14:44	וַ/יַּעְפִּ֕לוּ	c/6075 b	HC/Vhw3mp
Num 14:44	לַ/עֲל֖וֹת	l/5927	HR/Vqc
Num 14:44	אֶל	413	HR
Num 14:44	רֹ֣אשׁ	7218 a	HNcmsc
Num 14:44	הָ/הָ֑ר	d/2022	HTd/Ncmsa
Num 14:44	וַ/אֲר֤וֹן	c/727	HC/Ncbsc
Num 14:44	בְּרִית	1285	HNcfsc
Num 14:44	יְהוָה֙	3068	HNp
Num 14:44	וּ/מֹשֶׁ֔ה	c/4872	HC/Np
Num 14:44	לֹא	3808	HTn
Num 14:44	מָ֖שׁוּ	4185	HVqp3cp
Num 14:44	מִ/קֶּ֥רֶב	m/7130	HR/Ncmsc
Num 14:44	הַֽ/מַּחֲנֶֽה	d/4264	HTd/Ncbsa
Num 14:45	וַ/יֵּ֤רֶד	c/3381	HC/Vqw3ms
Num 14:45	הָ/עֲמָלֵקִי֙	d/6003	HTd/Ngmsa
Num 14:45	וְ/הַֽ/כְּנַעֲנִ֔י	c/d/3669 a	HC/Td/Ngmsa
Num 14:45	הַ/יֹּשֵׁ֖ב	d/3427	HTd/Vqrmsa
Num 14:45	בָּ/הָ֣ר	b/2022	HRd/Ncmsa
Num 14:45	הַ/ה֑וּא	d/1931	HTd/Pp3ms
Num 14:45	וַ/יַּכּ֥וּ/ם	c/5221	HC/Vhw3mp/Sp3mp
Num 14:45	וַֽ/יַּכְּת֖וּ/ם	c/3807	HC/Vhw3mp/Sp3mp
Num 14:45	עַד	5704	HR
Num 14:45	הַֽ/חָרְמָֽה	d/2767	HTd/Np
Num 15:1	וַ/יְדַבֵּ֥ר	c/1696	HC/Vpw3ms
Num 15:1	יְהוָ֖ה	3068	HNp
Num 15:1	אֶל	413	HR
Num 15:1	מֹשֶׁ֥ה	4872	HNp
Num 15:1	לֵּ/אמֹֽר	l/559	HR/Vqc
Num 15:2	דַּבֵּר֙	1696	HVpv2ms
Num 15:2	אֶל	413	HR
Num 15:2	בְּנֵ֣י	1121 a	HNcmpc
Num 15:2	יִשְׂרָאֵ֔ל	3478	HNp
Num 15:2	וְ/אָמַרְתָּ֖	c/559	HC/Vqq2ms
Num 15:2	אֲלֵ/הֶ֑ם	413	HR/Sp3mp
Num 15:2	כִּ֣י	3588 a	HC
Num 15:2	תָבֹ֗אוּ	935	HVqi2mp
Num 15:2	אֶל	413	HR
Num 15:2	אֶ֨רֶץ֙	776	HNcbsc
Num 15:2	מוֹשְׁבֹ֣תֵי/כֶ֔ם	4186	HNcmpc/Sp2mp
Num 15:2	אֲשֶׁ֥ר	834 a	HTr
Num 15:2	אֲנִ֖י	589	HPp1cs
Num 15:2	נֹתֵ֥ן	5414	HVqrmsa
Num 15:2	לָ/כֶֽם	l	HR/Sp2mp
Num 15:3	וַ/עֲשִׂיתֶ֨ם	c/6213 a	HC/Vqq2mp
Num 15:3	אִשֶּׁ֤ה	801	HNcmsa
Num 15:3	לַֽ/יהוָה֙	l/3068	HR/Np
Num 15:3	עֹלָ֣ה	5930 a	HNcfsa
Num 15:3	אוֹ	176 a	HC
Num 15:3	זֶ֔בַח	2077	HNcmsa
Num 15:3	לְ/פַלֵּא	l/6381	HR/Vpc
Num 15:3	נֶ֨דֶר֙	5088	HNcmsa
Num 15:3	א֣וֹ	176 a	HC
Num 15:3	בִ/נְדָבָ֔ה	b/5071	HR/Ncfsa
Num 15:3	א֖וֹ	176 a	HC
Num 15:3	בְּ/מֹעֲדֵי/כֶ֑ם	b/4150	HR/Ncmpc/Sp2mp
Num 15:3	לַ/עֲשׂ֞וֹת	l/6213 a	HR/Vqc
Num 15:3	רֵ֤יחַ	7381	HNcmsc
Num 15:3	נִיחֹ֨חַ֙	5207	HNcmsa
Num 15:3	לַֽ/יהוָ֔ה	l/3068	HR/Np
Num 15:3	מִן	4480 a	HR
Num 15:3	הַ/בָּקָ֖ר	d/1241	HTd/Ncbsa
Num 15:3	א֥וֹ	176 a	HC
Num 15:3	מִן	4480 a	HR
Num 15:3	הַ/צֹּֽאן	d/6629	HTd/Ncbsa
Num 15:4	וְ/הִקְרִ֛יב	c/7126	HC/Vhq3ms
Num 15:4	הַ/מַּקְרִ֥יב	d/7126	HTd/Vhrmsa
Num 15:4	קָרְבָּנ֖/וֹ	7133 a	HNcmsc/Sp3ms
Num 15:4	לַֽ/יהוָ֑ה	l/3068	HR/Np
Num 15:4	מִנְחָה֙	4503	HNcfsa
Num 15:4	סֹ֣לֶת	5560	HNcfsa
Num 15:4	עִשָּׂר֔וֹן	6241	HNcmsa
Num 15:4	בָּל֕וּל	1101 a	HVqsmsa
Num 15:4	בִּ/רְבִעִ֥ית	b/7243	HR/Aofsa
Num 15:4	הַ/הִ֖ין	d/1969	HTd/Ncmsa
Num 15:4	שָֽׁמֶן	8081	HNcmsa
Num 15:5	וְ/יַ֤יִן	c/3196	HC/Ncmsa
Num 15:5	לַ/נֶּ֨סֶךְ֙	l/5262	HRd/Ncmsa
Num 15:5	רְבִיעִ֣ית	7243	HAofsa
Num 15:5	הַ/הִ֔ין	d/1969	HTd/Ncmsa
Num 15:5	תַּעֲשֶׂ֥ה	6213 a	HVqi2ms
Num 15:5	עַל	5921 a	HR
Num 15:5	הָ/עֹלָ֖ה	d/5930 a	HTd/Ncfsa
Num 15:5	א֣וֹ	176 a	HC
Num 15:5	לַ/זָּ֑בַח	l/2077	HRd/Ncmsa
Num 15:5	לַ/כֶּ֖בֶשׂ	l/3532	HRd/Ncmsa
Num 15:5	הָ/אֶחָֽד	d/259	HTd/Acmsa
Num 15:6	א֤וֹ	176 a	HC
Num 15:6	לָ/אַ֨יִל֙	l/352 a	HRd/Ncmsa
Num 15:6	תַּעֲשֶׂ֣ה	6213 a	HVqi2ms
Num 15:6	מִנְחָ֔ה	4503	HNcfsa
Num 15:6	סֹ֖לֶת	5560	HNcfsa
Num 15:6	שְׁנֵ֣י	8147	HAcmdc
Num 15:6	עֶשְׂרֹנִ֑ים	6241	HNcmpa
Num 15:6	בְּלוּלָ֥ה	1101 a	HVqsfsa
Num 15:6	בַ/שֶּׁ֖מֶן	b/8081	HRd/Ncmsa
Num 15:6	שְׁלִשִׁ֥ית	7992	HAofsa
Num 15:6	הַ/הִֽין	d/1969	HTd/Ncmsa
Num 15:7	וְ/יַ֥יִן	c/3196	HC/Ncmsa
Num 15:7	לַ/נֶּ֖סֶךְ	l/5262	HRd/Ncmsa
Num 15:7	שְׁלִשִׁ֣ית	7992	HAofsa
Num 15:7	הַ/הִ֑ין	d/1969	HTd/Ncmsa
Num 15:7	תַּקְרִ֥יב	7126	HVhi2ms
Num 15:7	רֵֽיחַ	7381	HNcmsc
Num 15:7	נִיחֹ֖חַ	5207	HNcmsa
Num 15:7	לַ/יהוָֽה	l/3068	HR/Np
Num 15:8	וְ/כִֽי	c/3588 a	HC/C
Num 15:8	תַעֲשֶׂ֥ה	6213 a	HVqi2ms
Num 15:8	בֶן	1121 a	HNcmsc
Num 15:8	בָּקָ֖ר	1241	HNcbsa
Num 15:8	עֹלָ֣ה	5930 a	HNcfsa
Num 15:8	אוֹ	176 a	HC
Num 15:8	זָ֑בַח	2077	HNcmsa
Num 15:8	לְ/פַלֵּא	l/6381	HR/Vpc
Num 15:8	נֶ֥דֶר	5088	HNcmsa
Num 15:8	אֽוֹ	176 a	HC
Num 15:8	שְׁלָמִ֖ים	8002	HNcmpa
Num 15:8	לַֽ/יהוָֽה	l/3068	HR/Np
Num 15:9	וְ/הִקְרִ֤יב	c/7126	HC/Vhq3ms
Num 15:9	עַל	5921 a	HR
Num 15:9	בֶּן	1121 a	HNcmsc
Num 15:9	הַ/בָּקָר֙	d/1241	HTd/Ncbsa
Num 15:9	מִנְחָ֔ה	4503	HNcfsa
Num 15:9	סֹ֖לֶת	5560	HNcfsa
Num 15:9	שְׁלֹשָׁ֣ה	7969	HAcmsa
Num 15:9	עֶשְׂרֹנִ֑ים	6241	HNcmpa
Num 15:9	בָּל֥וּל	1101 a	HVqsmsa
Num 15:9	בַּ/שֶּׁ֖מֶן	b/8081	HRd/Ncmsa
Num 15:9	חֲצִ֥י	2677	HNcmsc
Num 15:9	הַ/הִֽין	d/1969	HTd/Ncmsa
Num 15:10	וְ/יַ֛יִן	c/3196	HC/Ncmsa
Num 15:10	תַּקְרִ֥יב	7126	HVhi2ms
Num 15:10	לַ/נֶּ֖סֶךְ	l/5262	HRd/Ncmsa
Num 15:10	חֲצִ֣י	2677	HNcmsc
Num 15:10	הַ/הִ֑ין	d/1969	HTd/Ncmsa
Num 15:10	אִשֵּׁ֥ה	801	HNcmsc
Num 15:10	רֵֽיחַ	7381	HNcmsc
Num 15:10	נִיחֹ֖חַ	5207	HNcmsa
Num 15:10	לַ/יהוָֽה	l/3068	HR/Np
Num 15:11	כָּ֣כָה	3602	HD
Num 15:11	יֵעָשֶׂ֗ה	6213 a	HVNi3ms
Num 15:11	לַ/שּׁוֹר֙	l/7794	HRd/Ncmsa
Num 15:11	הָֽ/אֶחָ֔ד	d/259	HTd/Acmsa
Num 15:11	א֖וֹ	176 a	HC
Num 15:11	לָ/אַ֣יִל	l/352 a	HRd/Ncmsa
Num 15:11	הָ/אֶחָ֑ד	d/259	HTd/Acmsa
Num 15:11	אֽוֹ	176 a	HC
Num 15:11	לַ/שֶּׂ֥ה	l/7716	HRd/Ncbsa
Num 15:11	בַ/כְּבָשִׂ֖ים	b/3532	HRd/Ncmpa
Num 15:11	א֥וֹ	176 a	HC
Num 15:11	בָ/עִזִּֽים	b/5795	HRd/Ncfpa
Num 15:12	כַּ/מִּסְפָּ֖ר	k/4557	HRd/Ncmsa
Num 15:12	אֲשֶׁ֣ר	834 a	HTr
Num 15:12	תַּעֲשׂ֑וּ	6213 a	HVqi2mp
Num 15:12	כָּ֛כָה	3602	HD
Num 15:12	תַּעֲשׂ֥וּ	6213 a	HVqi2mp
Num 15:12	לָ/אֶחָ֖ד	l/259	HRd/Acmsa
Num 15:12	כְּ/מִסְפָּרָֽ/ם	k/4557	HR/Ncmsc/Sp3mp
Num 15:13	כָּל	3605	HNcmsc
Num 15:13	הָ/אֶזְרָ֥ח	d/249	HTd/Ncmsa
Num 15:13	יַעֲשֶׂה	6213 a	HVqi3ms
Num 15:13	כָּ֖כָה	3602	HD
Num 15:13	אֶת	853	HTo
Num 15:13	אֵ֑לֶּה	428	HPdxcp
Num 15:13	לְ/הַקְרִ֛יב	l/7126	HR/Vhc
Num 15:13	אִשֵּׁ֥ה	801	HNcmsc
Num 15:13	רֵֽיחַ	7381	HNcmsc
Num 15:13	נִיחֹ֖חַ	5207	HNcmsa
Num 15:13	לַֽ/יהוָֽה	l/3068	HR/Np
Num 15:14	וְ/כִֽי	c/3588 a	HC/C
Num 15:14	יָגוּר֩	1481 a	HVqi3ms
Num 15:14	אִתְּ/כֶ֨ם	854	HR/Sp2mp
Num 15:14	גֵּ֜ר	1616	HNcmsa
Num 15:14	א֤וֹ	176 a	HC
Num 15:14	אֲשֶֽׁר	834 a	HTr
Num 15:14	בְּ/תֽוֹכְ/כֶם֙	b/8432	HR/Ncmsc/Sp2mp
Num 15:14	לְ/דֹרֹ֣תֵי/כֶ֔ם	l/1755	HR/Ncmpc/Sp2mp
Num 15:14	וְ/עָשָׂ֛ה	c/6213 a	HC/Vqq3ms
Num 15:14	אִשֵּׁ֥ה	801	HNcmsc
Num 15:14	רֵֽיחַ	7381	HNcmsc
Num 15:14	נִיחֹ֖חַ	5207	HNcmsa
Num 15:14	לַ/יהוָ֑ה	l/3068	HR/Np
Num 15:14	כַּ/אֲשֶׁ֥ר	k/834 d	HR/Tr
Num 15:14	תַּעֲשׂ֖וּ	6213 a	HVqi2mp
Num 15:14	כֵּ֥ן	3651 c	HTm
Num 15:14	יַעֲשֶֽׂה	6213 a	HVqj3ms
Num 15:15	הַ/קָּהָ֕ל	d/6951	HTd/Ncmsa
Num 15:15	חֻקָּ֥ה	2708	HNcbsa
Num 15:15	אַחַ֛ת	259	HAcfsa
Num 15:15	לָ/כֶ֖ם	l	HR/Sp2mp
Num 15:15	וְ/לַ/גֵּ֣ר	c/l/1616	HC/Rd/Ncmsa
Num 15:15	הַ/גָּ֑ר	d/1481 a	HTd/Vqrmsa
Num 15:15	חֻקַּ֤ת	2708	HNcbsc
Num 15:15	עוֹלָם֙	5769	HNcmsa
Num 15:15	לְ/דֹרֹ֣תֵי/כֶ֔ם	l/1755	HR/Ncmpc/Sp2mp
Num 15:15	כָּ/כֶ֛ם	k	HR/Sp2mp
Num 15:15	כַּ/גֵּ֥ר	k/1616	HRd/Ncmsa
Num 15:15	יִהְיֶ֖ה	1961	HVqi3ms
Num 15:15	לִ/פְנֵ֥י	l/6440	HR/Ncbpc
Num 15:15	יְהוָֽה	3068	HNp
Num 15:16	תּוֹרָ֥ה	8451	HNcfsa
Num 15:16	אַחַ֛ת	259	HAcfsa
Num 15:16	וּ/מִשְׁפָּ֥ט	c/4941	HC/Ncmsa
Num 15:16	אֶחָ֖ד	259	HAcmsa
Num 15:16	יִהְיֶ֣ה	1961	HVqi3ms
Num 15:16	לָ/כֶ֑ם	l	HR/Sp2mp
Num 15:16	וְ/לַ/גֵּ֖ר	c/l/1616	HC/Rd/Ncmsa
Num 15:16	הַ/גָּ֥ר	d/1481 a	HTd/Vqrmsa
Num 15:16	אִתְּ/כֶֽם	854	HR/Sp2mp
Num 15:17	וַ/יְדַבֵּ֥ר	c/1696	HC/Vpw3ms
Num 15:17	יְהוָ֖ה	3068	HNp
Num 15:17	אֶל	413	HR
Num 15:17	מֹשֶׁ֥ה	4872	HNp
Num 15:17	לֵּ/אמֹֽר	l/559	HR/Vqc
Num 15:18	דַּבֵּר֙	1696	HVpv2ms
Num 15:18	אֶל	413	HR
Num 15:18	בְּנֵ֣י	1121 a	HNcmpc
Num 15:18	יִשְׂרָאֵ֔ל	3478	HNp
Num 15:18	וְ/אָמַרְתָּ֖	c/559	HC/Vqq2ms
Num 15:18	אֲלֵ/הֶ֑ם	413	HR/Sp3mp
Num 15:18	בְּ/בֹֽאֲ/כֶם֙	b/935	HR/Vqc/Sp2mp
Num 15:18	אֶל	413	HR
Num 15:18	הָ/אָ֔רֶץ	d/776	HTd/Ncbsa
Num 15:18	אֲשֶׁ֥ר	834 a	HTr
Num 15:18	אֲנִ֛י	589	HPp1cs
Num 15:18	מֵבִ֥יא	935	HVhrmsa
Num 15:18	אֶתְ/כֶ֖ם	853	HTo/Sp2mp
Num 15:18	שָֽׁמָּ/ה	8033	HD/Sd
Num 15:19	וְ/הָיָ֕ה	c/1961	HC/Vqq3ms
Num 15:19	בַּ/אֲכָלְ/כֶ֖ם	b/398	HR/Vqc/Sp2mp
Num 15:19	מִ/לֶּ֣חֶם	m/3899	HR/Ncbsc
Num 15:19	הָ/אָ֑רֶץ	d/776	HTd/Ncbsa
Num 15:19	תָּרִ֥ימוּ	7311 a	HVhi2mp
Num 15:19	תְרוּמָ֖ה	8641	HNcfsa
Num 15:19	לַ/יהוָֽה	l/3068	HR/Np
Num 15:20	רֵאשִׁית֙	7225	HNcfsc
Num 15:20	עֲרִסֹ֣תֵ/כֶ֔ם	6182	HNcfpc/Sp2mp
Num 15:20	חַלָּ֖ה	2471	HNcfsa
Num 15:20	תָּרִ֣ימוּ	7311 a	HVhi2mp
Num 15:20	תְרוּמָ֑ה	8641	HNcfsa
Num 15:20	כִּ/תְרוּמַ֣ת	k/8641	HR/Ncfsc
Num 15:20	גֹּ֔רֶן	1637	HNcbsa
Num 15:20	כֵּ֖ן	3651 c	HTm
Num 15:20	תָּרִ֥ימוּ	7311 a	HVhi2mp
Num 15:20	אֹתָֽ/הּ	853	HTo/Sp3fs
Num 15:21	מֵ/רֵאשִׁית֙	m/7225	HR/Ncfsc
Num 15:21	עֲרִסֹ֣תֵי/כֶ֔ם	6182	HNcfpc/Sp2mp
Num 15:21	תִּתְּנ֥וּ	5414	HVqi2mp
Num 15:21	לַ/יהוָ֖ה	l/3068	HR/Np
Num 15:21	תְּרוּמָ֑ה	8641	HNcfsa
Num 15:21	לְ/דֹרֹ֖תֵי/כֶֽם	l/1755	HR/Ncmpc/Sp2mp
Num 15:22	וְ/כִ֣י	c/3588 a	HC/C
Num 15:22	תִשְׁגּ֔וּ	7686	HVqi2mp
Num 15:22	וְ/לֹ֣א	c/3808	HC/Tn
Num 15:22	תַעֲשׂ֔וּ	6213 a	HVqi2mp
Num 15:22	אֵ֥ת	853	HTo
Num 15:22	כָּל	3605	HNcmsc
Num 15:22	הַ/מִּצְוֺ֖ת	d/4687	HTd/Ncfpa
Num 15:22	הָ/אֵ֑לֶּה	d/428	HTd/Pdxcp
Num 15:22	אֲשֶׁר	834 a	HTr
Num 15:22	דִּבֶּ֥ר	1696	HVpp3ms
Num 15:22	יְהוָ֖ה	3068	HNp
Num 15:22	אֶל	413	HR
Num 15:22	מֹשֶֽׁה	4872	HNp
Num 15:23	אֵת֩	853	HTo
Num 15:23	כָּל	3605	HNcmsc
Num 15:23	אֲשֶׁ֨ר	834 a	HTr
Num 15:23	צִוָּ֧ה	6680	HVpp3ms
Num 15:23	יְהוָ֛ה	3068	HNp
Num 15:23	אֲלֵי/כֶ֖ם	413	HR/Sp2mp
Num 15:23	בְּ/יַד	b/3027	HR/Ncbsc
Num 15:23	מֹשֶׁ֑ה	4872	HNp
Num 15:23	מִן	4480 a	HR
Num 15:23	הַ/יּ֞וֹם	d/3117	HTd/Ncmsa
Num 15:23	אֲשֶׁ֨ר	834 a	HTr
Num 15:23	צִוָּ֧ה	6680	HVpp3ms
Num 15:23	יְהוָ֛ה	3068	HNp
Num 15:23	וָ/הָ֖לְאָה	c/1973	HC/D
Num 15:23	לְ/דֹרֹתֵי/כֶֽם	l/1755	HR/Ncmpc/Sp2mp
Num 15:24	וְ/הָיָ֗ה	c/1961	HC/Vqq3ms
Num 15:24	אִ֣ם	518 a	HC
Num 15:24	מֵ/עֵינֵ֣י	m/5869 a	HR/Ncbdc
Num 15:24	הָ/עֵדָה֮	d/5712	HTd/Ncfsa
Num 15:24	נֶעֶשְׂתָ֣ה	6213 a	HVNp3fs
Num 15:24	לִ/שְׁגָגָה֒	l/7684	HR/Ncfsa
Num 15:24	וְ/עָשׂ֣וּ	c/6213 a	HC/Vqq3cp
Num 15:24	כָל	3605	HNcmsc
Num 15:24	הָ/עֵדָ֡ה	d/5712	HTd/Ncfsa
Num 15:24	פַּ֣ר	6499	HNcmsa
Num 15:24	בֶּן	1121 a	HNcmsc
Num 15:24	בָּקָר֩	1241	HNcbsa
Num 15:24	אֶחָ֨ד	259	HAcmsa
Num 15:24	לְ/עֹלָ֜ה	l/5930 a	HR/Ncfsa
Num 15:24	לְ/רֵ֤יחַ	l/7381	HR/Ncmsc
Num 15:24	נִיחֹ֨חַ֙	5207	HNcmsa
Num 15:24	לַֽ/יהוָ֔ה	l/3068	HR/Np
Num 15:24	וּ/מִנְחָת֥/וֹ	c/4503	HC/Ncfsc/Sp3ms
Num 15:24	וְ/נִסְכּ֖/וֹ	c/5262	HC/Ncmsc/Sp3ms
Num 15:24	כַּ/מִּשְׁפָּ֑ט	k/4941	HRd/Ncmsa
Num 15:24	וּ/שְׂעִיר	c/8163 b	HC/Ncmsc
Num 15:24	עִזִּ֥ים	5795	HNcfpa
Num 15:24	אֶחָ֖ד	259	HAcmsa
Num 15:24	לְ/חַטָּֽת	l/2403 b	HR/Ncfsa
Num 15:25	וְ/כִפֶּ֣ר	c/3722 a	HC/Vpq3ms
Num 15:25	הַ/כֹּהֵ֗ן	d/3548	HTd/Ncmsa
Num 15:25	עַֽל	5921 a	HR
Num 15:25	כָּל	3605	HNcmsc
Num 15:25	עֲדַ֛ת	5712	HNcfsc
Num 15:25	בְּנֵ֥י	1121 a	HNcmpc
Num 15:25	יִשְׂרָאֵ֖ל	3478	HNp
Num 15:25	וְ/נִסְלַ֣ח	c/5545	HC/VNp3ms
Num 15:25	לָ/הֶ֑ם	l	HR/Sp3mp
Num 15:25	כִּֽי	3588 a	HC
Num 15:25	שְׁגָגָ֣ה	7684	HNcfsa
Num 15:25	הִ֔וא	1931	HPp3fs
Num 15:25	וְ/הֵם֩	c/1992	HC/Pp3mp
Num 15:25	הֵבִ֨יאוּ	935	HVhp3cp
Num 15:25	אֶת	853	HTo
Num 15:25	קָרְבָּנָ֜/ם	7133 a	HNcmsc/Sp3mp
Num 15:25	אִשֶּׁ֣ה	801	HNcmsa
Num 15:25	לַֽ/יהוָ֗ה	l/3068	HR/Np
Num 15:25	וְ/חַטָּאתָ֛/ם	c/2403 b	HC/Ncfsc/Sp3mp
Num 15:25	לִ/פְנֵ֥י	l/6440	HR/Ncbpc
Num 15:25	יְהוָ֖ה	3068	HNp
Num 15:25	עַל	5921 a	HR
Num 15:25	שִׁגְגָתָֽ/ם	7684	HNcfsc/Sp3mp
Num 15:26	וְ/נִסְלַ֗ח	c/5545	HC/VNp3ms
Num 15:26	לְ/כָל	l/3605	HR/Ncmsc
Num 15:26	עֲדַת֙	5712	HNcfsc
Num 15:26	בְּנֵ֣י	1121 a	HNcmpc
Num 15:26	יִשְׂרָאֵ֔ל	3478	HNp
Num 15:26	וְ/לַ/גֵּ֖ר	c/l/1616	HC/Rd/Ncmsa
Num 15:26	הַ/גָּ֣ר	d/1481 a	HTd/Vqrmsa
Num 15:26	בְּ/תוֹכָ֑/ם	b/8432	HR/Ncmsc/Sp3mp
Num 15:26	כִּ֥י	3588 a	HC
Num 15:26	לְ/כָל	l/3605	HR/Ncmsc
Num 15:26	הָ/עָ֖ם	d/5971 a	HTd/Ncmsa
Num 15:26	בִּ/שְׁגָגָֽה	b/7684	HR/Ncfsa
Num 15:27	וְ/אִם	c/518 a	HC/C
Num 15:27	נֶ֥פֶשׁ	5315	HNcbsa
Num 15:27	אַחַ֖ת	259	HAcfsa
Num 15:27	תֶּחֱטָ֣א	2398	HVqi3fs
Num 15:27	בִ/שְׁגָגָ֑ה	b/7684	HR/Ncfsa
Num 15:27	וְ/הִקְרִ֛יבָה	c/7126	HC/Vhq3fs
Num 15:27	עֵ֥ז	5795	HNcfsa
Num 15:27	בַּת	1323	HNcfsc
Num 15:27	שְׁנָתָ֖/הּ	8141	HNcfsc/Sp3fs
Num 15:27	לְ/חַטָּֽאת	l/2403 b	HR/Ncfsa
Num 15:28	וְ/כִפֶּ֣ר	c/3722 a	HC/Vpq3ms
Num 15:28	הַ/כֹּהֵ֗ן	d/3548	HTd/Ncmsa
Num 15:28	עַל	5921 a	HR
Num 15:28	הַ/נֶּ֧פֶשׁ	d/5315	HTd/Ncbsa
Num 15:28	הַ/שֹּׁגֶ֛גֶת	d/7684	HTd/Vqrfsa
Num 15:28	בְּ/חֶטְאָ֥ה	b/2398	HR/Ncfsa
Num 15:28	בִ/שְׁגָגָ֖ה	b/7683	HR/Ncfsa
Num 15:28	לִ/פְנֵ֣י	l/6440	HR/Ncbpc
Num 15:28	יְהוָ֑ה	3068	HNp
Num 15:28	לְ/כַפֵּ֥ר	l/3722 a	HR/Vpc
Num 15:28	עָלָ֖י/ו	5921 a	HR/Sp3ms
Num 15:28	וְ/נִסְלַ֥ח	c/5545	HC/VNp3ms
Num 15:28	לֽ/וֹ	l	HR/Sp3ms
Num 15:29	הָֽ/אֶזְרָח֙	d/249	HTd/Ncmsa
Num 15:29	בִּ/בְנֵ֣י	b/1121 a	HR/Ncmpc
Num 15:29	יִשְׂרָאֵ֔ל	3478	HNp
Num 15:29	וְ/לַ/גֵּ֖ר	c/l/1616	HC/Rd/Ncmsa
Num 15:29	הַ/גָּ֣ר	d/1481 a	HTd/Vqrmsa
Num 15:29	בְּ/תוֹכָ֑/ם	b/8432	HR/Ncmsc/Sp3mp
Num 15:29	תּוֹרָ֤ה	8451	HNcfsa
Num 15:29	אַחַת֙	259	HAcfsa
Num 15:29	יִהְיֶ֣ה	1961	HVqi3ms
Num 15:29	לָ/כֶ֔ם	l	HR/Sp2mp
Num 15:29	לָ/עֹשֶׂ֖ה	l/6213 a	HRd/Vqrmsa
Num 15:29	בִּ/שְׁגָגָֽה	b/7684	HR/Ncfsa
Num 15:30	וְ/הַ/נֶּ֜פֶשׁ	c/d/5315	HC/Td/Ncbsa
Num 15:30	אֲשֶֽׁר	834 a	HTr
Num 15:30	תַּעֲשֶׂ֣ה	6213 a	HVqi3fs
Num 15:30	בְּ/יָ֣ד	b/3027	HR/Ncbsa
Num 15:30	רָמָ֗ה	7411 b	HVqrfsa
Num 15:30	מִן	4480 a	HR
Num 15:30	הָֽ/אֶזְרָח֙	d/249	HTd/Ncmsa
Num 15:30	וּ/מִן	c/4480 a	HC/R
Num 15:30	הַ/גֵּ֔ר	d/1616	HTd/Ncmsa
Num 15:30	אֶת	853	HTo
Num 15:30	יְהוָ֖ה	3068	HNp
Num 15:30	ה֣וּא	1931	HPp3ms
Num 15:30	מְגַדֵּ֑ף	1442	HVprmsa
Num 15:30	וְ/נִכְרְתָ֛ה	c/3772	HC/VNq3fs
Num 15:30	הַ/נֶּ֥פֶשׁ	d/5315	HTd/Ncbsa
Num 15:30	הַ/הִ֖וא	d/1931	HTd/Pp3fs
Num 15:30	מִ/קֶּ֥רֶב	m/7130	HR/Ncmsc
Num 15:30	עַמָּֽ/הּ	5971 a	HNcmsc/Sp3fs
Num 15:31	כִּ֤י	3588 a	HC
Num 15:31	דְבַר	1697	HNcmsc
Num 15:31	יְהוָה֙	3068	HNp
Num 15:31	בָּזָ֔ה	959	HVqp3ms
Num 15:31	וְ/אֶת	c/853	HC/To
Num 15:31	מִצְוָת֖/וֹ	4687	HNcfsc/Sp3ms
Num 15:31	הֵפַ֑ר	6565 a	HVhp3ms
Num 15:31	הִכָּרֵ֧ת	3772	HVNa
Num 15:31	תִּכָּרֵ֛ת	3772	HVNi3fs
Num 15:31	הַ/נֶּ֥פֶשׁ	d/5315	HTd/Ncbsa
Num 15:31	הַ/הִ֖וא	d/1931	HTd/Pp3fs
Num 15:31	עֲוֺנָ֥/ה	5771	HNcbsc/Sp3fs
Num 15:31	בָֽ/הּ	b	HR/Sp3fs
Num 15:32	וַ/יִּהְי֥וּ	c/1961	HC/Vqw3mp
Num 15:32	בְנֵֽי	1121 a	HNcmpc
Num 15:32	יִשְׂרָאֵ֖ל	3478	HNp
Num 15:32	בַּ/מִּדְבָּ֑ר	b/4057 b	HRd/Ncmsa
Num 15:32	וַֽ/יִּמְצְא֗וּ	c/4672	HC/Vqw3mp
Num 15:32	אִ֛ישׁ	376	HNcmsa
Num 15:32	מְקֹשֵׁ֥שׁ	7197 a	HVmrmsa
Num 15:32	עֵצִ֖ים	6086	HNcmpa
Num 15:32	בְּ/י֥וֹם	b/3117	HR/Ncmsc
Num 15:32	הַ/שַּׁבָּֽת	d/7676	HTd/Ncbsa
Num 15:33	וַ/יַּקְרִ֣יבוּ	c/7126	HC/Vhw3mp
Num 15:33	אֹת֔/וֹ	853	HTo/Sp3ms
Num 15:33	הַ/מֹּצְאִ֥ים	d/4672	HTd/Vqrmpa
Num 15:33	אֹת֖/וֹ	853	HTo/Sp3ms
Num 15:33	מְקֹשֵׁ֣שׁ	7197 a	HVmrmsa
Num 15:33	עֵצִ֑ים	6086	HNcmpa
Num 15:33	אֶל	413	HR
Num 15:33	מֹשֶׁה֙	4872	HNp
Num 15:33	וְ/אֶֽל	c/413	HC/R
Num 15:33	אַהֲרֹ֔ן	175	HNp
Num 15:33	וְ/אֶ֖ל	c/413	HC/R
Num 15:33	כָּל	3605	HNcmsc
Num 15:33	הָ/עֵדָֽה	d/5712	HTd/Ncfsa
Num 15:34	וַ/יַּנִּ֥יחוּ	c/3240	HC/Vhw3mp
Num 15:34	אֹת֖/וֹ	853	HTo/Sp3ms
Num 15:34	בַּ/מִּשְׁמָ֑ר	b/4929	HRd/Ncmsa
Num 15:34	כִּ֚י	3588 a	HC
Num 15:34	לֹ֣א	3808	HTn
Num 15:34	פֹרַ֔שׁ	6567 a	HVPp3ms
Num 15:34	מַה	4100	HTi
Num 15:34	יֵּעָשֶׂ֖ה	6213 a	HVNi3ms
Num 15:34	לֽ/וֹ	l	HR/Sp3ms
Num 15:35	וַ/יֹּ֤אמֶר	c/559	HC/Vqw3ms
Num 15:35	יְהוָה֙	3068	HNp
Num 15:35	אֶל	413	HR
Num 15:35	מֹשֶׁ֔ה	4872	HNp
Num 15:35	מ֥וֹת	4191	HVqa
Num 15:35	יוּמַ֖ת	4191	HVHi3ms
Num 15:35	הָ/אִ֑ישׁ	d/376	HTd/Ncmsa
Num 15:35	רָג֨וֹם	7275	HVqa
Num 15:35	אֹת֤/וֹ	853	HTo/Sp3ms
Num 15:35	בָֽ/אֲבָנִים֙	b/68	HRd/Ncfpa
Num 15:35	כָּל	3605	HNcmsc
Num 15:35	הָ֣/עֵדָ֔ה	d/5712	HTd/Ncfsa
Num 15:35	מִ/ח֖וּץ	m/2351	HR/Ncmsa
Num 15:35	לַֽ/מַּחֲנֶֽה	l/4264	HRd/Ncbsa
Num 15:36	וַ/יֹּצִ֨יאוּ	c/3318	HC/Vhw3mp
Num 15:36	אֹת֜/וֹ	853	HTo/Sp3ms
Num 15:36	כָּל	3605	HNcmsc
Num 15:36	הָ/עֵדָ֗ה	d/5712	HTd/Ncfsa
Num 15:36	אֶל	413	HR
Num 15:36	מִ/חוּץ֙	m/2351	HR/Ncmsa
Num 15:36	לַֽ/מַּחֲנֶ֔ה	l/4264	HRd/Ncbsa
Num 15:36	וַ/יִּרְגְּמ֥וּ	c/7275	HC/Vqw3mp
Num 15:36	אֹת֛/וֹ	853	HTo/Sp3ms
Num 15:36	בָּ/אֲבָנִ֖ים	b/68	HRd/Ncfpa
Num 15:36	וַ/יָּמֹ֑ת	c/4191	HC/Vqw3ms
Num 15:36	כַּ/אֲשֶׁ֛ר	k/834 d	HR/Tr
Num 15:36	צִוָּ֥ה	6680	HVpp3ms
Num 15:36	יְהוָ֖ה	3068	HNp
Num 15:36	אֶת	853	HTo
Num 15:36	מֹשֶֽׁה	4872	HNp
Num 15:37	וַ/יֹּ֥אמֶר	c/559	HC/Vqw3ms
Num 15:37	יְהוָ֖ה	3068	HNp
Num 15:37	אֶל	413	HR
Num 15:37	מֹשֶׁ֥ה	4872	HNp
Num 15:37	לֵּ/אמֹֽר	l/559	HR/Vqc
Num 15:38	דַּבֵּ֞ר	1696	HVpv2ms
Num 15:38	אֶל	413	HR
Num 15:38	בְּנֵ֤י	1121 a	HNcmpc
Num 15:38	יִשְׂרָאֵל֙	3478	HNp
Num 15:38	וְ/אָמַרְתָּ֣	c/559	HC/Vqq2ms
Num 15:38	אֲלֵ/הֶ֔ם	413	HR/Sp3mp
Num 15:38	וְ/עָשׂ֨וּ	c/6213 a	HC/Vqq3cp
Num 15:38	לָ/הֶ֥ם	l	HR/Sp3mp
Num 15:38	צִיצִ֛ת	6734	HNcfsa
Num 15:38	עַל	5921 a	HR
Num 15:38	כַּנְפֵ֥י	3671	HNcfdc
Num 15:38	בִגְדֵי/הֶ֖ם	899 b	HNcmpc/Sp3mp
Num 15:38	לְ/דֹרֹתָ֑/ם	l/1755	HR/Ncmpc/Sp3mp
Num 15:38	וְ/נָֽתְנ֛וּ	c/5414	HC/Vqq3cp
Num 15:38	עַל	5921 a	HR
Num 15:38	צִיצִ֥ת	6734	HNcfsc
Num 15:38	הַ/כָּנָ֖ף	d/3671	HTd/Ncfsa
Num 15:38	פְּתִ֥יל	6616	HNcmsc
Num 15:38	תְּכֵֽלֶת	8504	HNcfsa
Num 15:39	וְ/הָיָ֣ה	c/1961	HC/Vqq3ms
Num 15:39	לָ/כֶם֮	l	HR/Sp2mp
Num 15:39	לְ/צִיצִת֒	l/6734	HR/Ncfsa
Num 15:39	וּ/רְאִיתֶ֣ם	c/7200	HC/Vqq2mp
Num 15:39	אֹת֗/וֹ	853	HTo/Sp3ms
Num 15:39	וּ/זְכַרְתֶּם֙	c/2142	HC/Vqq2mp
Num 15:39	אֶת	853	HTo
Num 15:39	כָּל	3605	HNcmsc
Num 15:39	מִצְוֺ֣ת	4687	HNcfpc
Num 15:39	יְהוָ֔ה	3068	HNp
Num 15:39	וַ/עֲשִׂיתֶ֖ם	c/6213 a	HC/Vqq2mp
Num 15:39	אֹתָ֑/ם	853	HTo/Sp3mp
Num 15:39	וְ/לֹֽא	c/3808	HC/Tn
Num 15:39	תָתֻ֜רוּ	8446	HVqi2mp
Num 15:39	אַחֲרֵ֤י	310 a	HR
Num 15:39	לְבַבְ/כֶם֙	3824	HNcmsc/Sp2mp
Num 15:39	וְ/אַחֲרֵ֣י	c/310 a	HC/R
Num 15:39	עֵֽינֵי/כֶ֔ם	5869 a	HNcbdc/Sp2mp
Num 15:39	אֲשֶׁר	834 a	HTr
Num 15:39	אַתֶּ֥ם	859 d	HPp2mp
Num 15:39	זֹנִ֖ים	2181	HVqrmpa
Num 15:39	אַחֲרֵי/הֶֽם	310 a	HR/Sp3mp
Num 15:40	לְמַ֣עַן	4616	HR
Num 15:40	תִּזְכְּר֔וּ	2142	HVqi2mp
Num 15:40	וַ/עֲשִׂיתֶ֖ם	c/6213 a	HC/Vqq2mp
Num 15:40	אֶת	853	HTo
Num 15:40	כָּל	3605	HNcmsc
Num 15:40	מִצְוֺתָ֑/י	4687	HNcfpc/Sp1cs
Num 15:40	וִ/הְיִיתֶ֥ם	c/1961	HC/Vqq2mp
Num 15:40	קְדֹשִׁ֖ים	6918	HAampa
Num 15:40	לֵֽ/אלֹהֵי/כֶֽם	l/430	HR/Ncmpc/Sp2mp
Num 15:41	אֲנִ֞י	589	HPp1cs
Num 15:41	יְהוָ֣ה	3068	HNp
Num 15:41	אֱלֹֽהֵי/כֶ֗ם	430	HNcmpc/Sp2mp
Num 15:41	אֲשֶׁ֨ר	834 a	HTr
Num 15:41	הוֹצֵ֤אתִי	3318	HVhp1cs
Num 15:41	אֶתְ/כֶם֙	853	HTo/Sp2mp
Num 15:41	מֵ/אֶ֣רֶץ	m/776	HR/Ncbsc
Num 15:41	מִצְרַ֔יִם	4714	HNp
Num 15:41	לִ/הְי֥וֹת	l/1961	HR/Vqc
Num 15:41	לָ/כֶ֖ם	l	HR/Sp2mp
Num 15:41	לֵ/אלֹהִ֑ים	l/430	HR/Ncmpa
Num 15:41	אֲנִ֖י	589	HPp1cs
Num 15:41	יְהוָ֥ה	3068	HNp
Num 15:41	אֱלֹהֵי/כֶֽם	430	HNcmpc/Sp2mp
Num 16:1	וַ/יִּקַּ֣ח	c/3947	HC/Vqw3ms
Num 16:1	קֹ֔רַח	7141	HNp
Num 16:1	בֶּן	1121 a	HNcmsc
Num 16:1	יִצְהָ֥ר	3324	HNp
Num 16:1	בֶּן	1121 a	HNcmsc
Num 16:1	קְהָ֖ת	6955	HNp
Num 16:1	בֶּן	1121 a	HNcmsc
Num 16:1	לֵוִ֑י	3878	HNp
Num 16:1	וְ/דָתָ֨ן	c/1885	HC/Np
Num 16:1	וַ/אֲבִירָ֜ם	c/48	HC/Np
Num 16:1	בְּנֵ֧י	1121 a	HNcmpc
Num 16:1	אֱלִיאָ֛ב	446	HNp
Num 16:1	וְ/א֥וֹן	c/203	HC/Np
Num 16:1	בֶּן	1121 a	HNcmsc
Num 16:1	פֶּ֖לֶת	6431	HNp
Num 16:1	בְּנֵ֥י	1121 a	HNcmpc
Num 16:1	רְאוּבֵֽן	7205	HNp
Num 16:2	וַ/יָּקֻ֨מוּ֙	c/6965 b	HC/Vqw3mp
Num 16:2	לִ/פְנֵ֣י	l/6440	HR/Ncbpc
Num 16:2	מֹשֶׁ֔ה	4872	HNp
Num 16:2	וַ/אֲנָשִׁ֥ים	c/376	HC/Ncmpa
Num 16:2	מִ/בְּנֵֽי	m/1121 a	HR/Ncmpc
Num 16:2	יִשְׂרָאֵ֖ל	3478	HNp
Num 16:2	חֲמִשִּׁ֣ים	2572	HAcbpa
Num 16:2	וּ/מָאתָ֑יִם	c/3967	HC/Acbda
Num 16:2	נְשִׂיאֵ֥י	5387 a	HNcmpc
Num 16:2	עֵדָ֛ה	5712	HNcfsa
Num 16:2	קְרִאֵ֥י	7148	HAampc
Num 16:2	מוֹעֵ֖ד	4150	HNcmsa
Num 16:2	אַנְשֵׁי	376	HNcmpc
Num 16:2	שֵֽׁם	8034	HNcmsa
Num 16:3	וַ/יִּֽקָּהֲל֞וּ	c/6950	HC/VNw3mp
Num 16:3	עַל	5921 a	HR
Num 16:3	מֹשֶׁ֣ה	4872	HNp
Num 16:3	וְ/עַֽל	c/5921 a	HC/R
Num 16:3	אַהֲרֹ֗ן	175	HNp
Num 16:3	וַ/יֹּאמְר֣וּ	c/559	HC/Vqw3mp
Num 16:3	אֲלֵ/הֶם֮	413	HR/Sp3mp
Num 16:3	רַב	7227 a	HAamsa
Num 16:3	לָ/כֶם֒	l	HR/Sp2mp
Num 16:3	כִּ֤י	3588 a	HC
Num 16:3	כָל	3605	HNcmsc
Num 16:3	הָֽ/עֵדָה֙	d/5712	HTd/Ncfsa
Num 16:3	כֻּלָּ֣/ם	3605	HNcmsc/Sp3mp
Num 16:3	קְדֹשִׁ֔ים	6918	HAampa
Num 16:3	וּ/בְ/תוֹכָ֖/ם	c/b/8432	HC/R/Ncmsc/Sp3mp
Num 16:3	יְהוָ֑ה	3068	HNp
Num 16:3	וּ/מַדּ֥וּעַ	c/4069	HC/Ti
Num 16:3	תִּֽתְנַשְּׂא֖וּ	5375	HVti2mp
Num 16:3	עַל	5921 a	HR
Num 16:3	קְהַ֥ל	6951	HNcmsc
Num 16:3	יְהוָֽה	3068	HNp
Num 16:4	וַ/יִּשְׁמַ֣ע	c/8085	HC/Vqw3ms
Num 16:4	מֹשֶׁ֔ה	4872	HNp
Num 16:4	וַ/יִּפֹּ֖ל	c/5307	HC/Vqw3ms
Num 16:4	עַל	5921 a	HR
Num 16:4	פָּנָֽי/ו	6440	HNcbpc/Sp3ms
Num 16:5	וַ/יְדַבֵּ֨ר	c/1696	HC/Vpw3ms
Num 16:5	אֶל	413	HR
Num 16:5	קֹ֜רַח	7141	HNp
Num 16:5	וְ/אֶֽל	c/413	HC/R
Num 16:5	כָּל	3605	HNcmsc
Num 16:5	עֲדָת/וֹ֮	5712	HNcfsc/Sp3ms
Num 16:5	לֵ/אמֹר֒	l/559	HR/Vqc
Num 16:5	בֹּ֠קֶר	1242	HNcmsa
Num 16:5	וְ/יֹדַ֨ע	c/3045	HC/Vhj3ms
Num 16:5	יְהוָ֧ה	3068	HNp
Num 16:5	אֶת	853	HTo
Num 16:5	אֲשֶׁר	834 a	HTr
Num 16:5	ל֛/וֹ	l	HR/Sp3ms
Num 16:5	וְ/אֶת	c/853	HC/To
Num 16:5	הַ/קָּד֖וֹשׁ	d/6918	HTd/Aamsa
Num 16:5	וְ/הִקְרִ֣יב	c/7126	HC/Vhq3ms
Num 16:5	אֵלָ֑י/ו	413	HR/Sp3ms
Num 16:5	וְ/אֵ֛ת	c/853	HC/To
Num 16:5	אֲשֶׁ֥ר	834 a	HTr
Num 16:5	יִבְחַר	977	HVqi3ms
Num 16:5	בּ֖/וֹ	b	HR/Sp3ms
Num 16:5	יַקְרִ֥יב	7126	HVhi3ms
Num 16:5	אֵלָֽי/ו	413	HR/Sp3ms
Num 16:6	זֹ֖את	2063	HPdxfs
Num 16:6	עֲשׂ֑וּ	6213 a	HVqv2mp
Num 16:6	קְחוּ	3947	HVqv2mp
Num 16:6	לָ/כֶ֣ם	l	HR/Sp2mp
Num 16:6	מַחְתּ֔וֹת	4289	HNcfpa
Num 16:6	קֹ֖רַח	7141	HNp
Num 16:6	וְ/כָל	c/3605	HC/Ncmsc
Num 16:6	עֲדָתֽ/וֹ	5712	HNcfsc/Sp3ms
Num 16:7	וּ/תְנ֣וּ	c/5414	HC/Vqv2mp
Num 16:7	בָ/הֵ֣ן	b/2004	HR/Sp3fp
Num 16:7	אֵ֡שׁ	784	HNcbsa
Num 16:7	וְ/שִׂימוּ֩	c/7760 a	HC/Vqv2mp
Num 16:7	עֲלֵי/הֶ֨ן	5921 a	HR/Sp3fp
Num 16:7	קְטֹ֜רֶת	7004	HNcfsa
Num 16:7	לִ/פְנֵ֤י	l/6440	HR/Ncbpc
Num 16:7	יְהוָה֙	3068	HNp
Num 16:7	מָחָ֔ר	4279	HNcmsa
Num 16:7	וְ/הָיָ֗ה	c/1961	HC/Vqq3ms
Num 16:7	הָ/אִ֛ישׁ	d/376	HTd/Ncmsa
Num 16:7	אֲשֶׁר	834 a	HTr
Num 16:7	יִבְחַ֥ר	977	HVqi3ms
Num 16:7	יְהוָ֖ה	3068	HNp
Num 16:7	ה֣וּא	1931	HPp3ms
Num 16:7	הַ/קָּד֑וֹשׁ	d/6918	HTd/Aamsa
Num 16:7	רַב	7227 a	HAamsa
Num 16:7	לָ/כֶ֖ם	l	HR/Sp2mp
Num 16:7	בְּנֵ֥י	1121 a	HNcmpc
Num 16:7	לֵוִֽי	3878	HNp
Num 16:8	וַ/יֹּ֥אמֶר	c/559	HC/Vqw3ms
Num 16:8	מֹשֶׁ֖ה	4872	HNp
Num 16:8	אֶל	413	HR
Num 16:8	קֹ֑רַח	7141	HNp
Num 16:8	שִׁמְעוּ	8085	HVqv2mp
Num 16:8	נָ֖א	4994	HTe
Num 16:8	בְּנֵ֥י	1121 a	HNcmpc
Num 16:8	לֵוִֽי	3878	HNp
Num 16:9	הַ/מְעַ֣ט	d/4592	HTi/Ncmsa
Num 16:9	מִ/כֶּ֗ם	m/4480 a	HR/Sp2mp
Num 16:9	כִּֽי	3588 a	HC
Num 16:9	הִבְדִּיל֩	914	HVhp3ms
Num 16:9	אֱלֹהֵ֨י	430	HNcmpc
Num 16:9	יִשְׂרָאֵ֤ל	3478	HNp
Num 16:9	אֶתְ/כֶם֙	853	HTo/Sp2mp
Num 16:9	מֵ/עֲדַ֣ת	m/5712	HR/Ncfsc
Num 16:9	יִשְׂרָאֵ֔ל	3478	HNp
Num 16:9	לְ/הַקְרִ֥יב	l/7126	HR/Vhc
Num 16:9	אֶתְ/כֶ֖ם	853	HTo/Sp2mp
Num 16:9	אֵלָ֑י/ו	413	HR/Sp3ms
Num 16:9	לַ/עֲבֹ֗ד	l/5647	HR/Vqc
Num 16:9	אֶת	853	HTo
Num 16:9	עֲבֹדַת֙	5656	HNcfsc
Num 16:9	מִשְׁכַּ֣ן	4908	HNcmsc
Num 16:9	יְהוָ֔ה	3068	HNp
Num 16:9	וְ/לַ/עֲמֹ֛ד	c/l/5975	HC/R/Vqc
Num 16:9	לִ/פְנֵ֥י	l/6440	HR/Ncbpc
Num 16:9	הָ/עֵדָ֖ה	d/5712	HTd/Ncfsa
Num 16:9	לְ/שָׁרְתָֽ/ם	l/8334	HR/Vpc/Sp3mp
Num 16:10	וַ/יַּקְרֵב֙	c/7126	HC/Vhw3ms
Num 16:10	אֹֽתְ/ךָ֔	853	HTo/Sp2ms
Num 16:10	וְ/אֶת	c/853	HC/To
Num 16:10	כָּל	3605	HNcmsc
Num 16:10	אַחֶ֥י/ךָ	251	HNcmpc/Sp2ms
Num 16:10	בְנֵי	1121 a	HNcmpc
Num 16:10	לֵוִ֖י	3878	HNp
Num 16:10	אִתָּ֑/ךְ	854	HR/Sp2fs
Num 16:10	וּ/בִקַּשְׁתֶּ֖ם	c/1245	HC/Vpq2mp
Num 16:10	גַּם	1571	HTa
Num 16:10	כְּהֻנָּֽה	3550	HNcfsa
Num 16:11	לָ/כֵ֗ן	l/3651 c	HR/D
Num 16:11	אַתָּה֙	859 a	HPp2ms
Num 16:11	וְ/כָל	c/3605	HC/Ncmsc
Num 16:11	עֲדָ֣תְ/ךָ֔	5712	HNcfsc/Sp2ms
Num 16:11	הַ/נֹּעָדִ֖ים	d/3259	HTd/VNrmpa
Num 16:11	עַל	5921 a	HR
Num 16:11	יְהוָ֑ה	3068	HNp
Num 16:11	וְ/אַהֲרֹ֣ן	c/175	HC/Np
Num 16:11	מַה	4100	HTi
Num 16:11	ה֔וּא	1931	HPp3ms
Num 16:11	כִּ֥י	3588 a	HC
Num 16:11	תלונו	3885 b	HVhi2mp
Num 16:11	עָלָֽי/ו	5921 a	HR/Sp3ms
Num 16:12	וַ/יִּשְׁלַ֣ח	c/7971	HC/Vqw3ms
Num 16:12	מֹשֶׁ֔ה	4872	HNp
Num 16:12	לִ/קְרֹ֛א	l/7121	HR/Vqc
Num 16:12	לְ/דָתָ֥ן	l/1885	HR/Np
Num 16:12	וְ/לַ/אֲבִירָ֖ם	c/l/48	HC/R/Np
Num 16:12	בְּנֵ֣י	1121 a	HNcmpc
Num 16:12	אֱלִיאָ֑ב	446	HNp
Num 16:12	וַ/יֹּאמְר֖וּ	c/559	HC/Vqw3mp
Num 16:12	לֹ֥א	3808	HTn
Num 16:12	נַעֲלֶֽה	5927	HVqi1cp
Num 16:13	הַ/מְעַ֗ט	d/4592	HTi/Ncmsa
Num 16:13	כִּ֤י	3588 a	HC
Num 16:13	הֶֽעֱלִיתָ֨/נוּ֙	5927	HVhp2ms/Sp1cp
Num 16:13	מֵ/אֶ֨רֶץ	m/776	HR/Ncbsa
Num 16:13	זָבַ֤ת	2100	HVqrfsc
Num 16:13	חָלָב֙	2461	HNcmsa
Num 16:13	וּ/דְבַ֔שׁ	c/1706	HC/Ncmsa
Num 16:13	לַ/הֲמִיתֵ֖/נוּ	l/4191	HR/Vhc/Sp1cp
Num 16:13	בַּ/מִּדְבָּ֑ר	b/4057 b	HRd/Ncmsa
Num 16:13	כִּֽי	3588 a	HC
Num 16:13	תִשְׂתָּרֵ֥ר	8323	HVti2ms
Num 16:13	עָלֵ֖י/נוּ	5921 a	HR/Sp1cp
Num 16:13	גַּם	1571	HTa
Num 16:13	הִשְׂתָּרֵֽר	8323	HVta
Num 16:14	אַ֡ף	637	HTa
Num 16:14	לֹ֣א	3808	HTn
Num 16:14	אֶל	413	HR
Num 16:14	אֶרֶץ֩	776	HNcbsa
Num 16:14	זָבַ֨ת	2100	HVqrfsc
Num 16:14	חָלָ֤ב	2461	HNcmsa
Num 16:14	וּ/דְבַשׁ֙	c/1706	HC/Ncmsa
Num 16:14	הֲבִ֣יאֹתָ֔/נוּ	935	HVhp2ms/Sp1cp
Num 16:14	וַ/תִּ֨תֶּן	c/5414	HC/Vqw2ms
Num 16:14	לָ֔/נוּ	l	HR/Sp1cp
Num 16:14	נַחֲלַ֖ת	5159	HNcfsc
Num 16:14	שָׂדֶ֣ה	7704 b	HNcmsa
Num 16:14	וָ/כָ֑רֶם	c/3754	HC/Ncbsa
Num 16:14	הַ/עֵינֵ֞י	i/5869 a	HTi/Ncbdc
Num 16:14	הָ/אֲנָשִׁ֥ים	d/376	HTd/Ncmpa
Num 16:14	הָ/הֵ֛ם	d/1992	HTd/Pp3mp
Num 16:14	תְּנַקֵּ֖ר	5365	HVpi2ms
Num 16:14	לֹ֥א	3808	HTn
Num 16:14	נַעֲלֶֽה	5927	HVqi1cp
Num 16:15	וַ/יִּ֤חַר	c/2734	HC/Vqw3ms
Num 16:15	לְ/מֹשֶׁה֙	l/4872	HR/Np
Num 16:15	מְאֹ֔ד	3966	HD
Num 16:15	וַ/יֹּ֨אמֶר֙	c/559	HC/Vqw3ms
Num 16:15	אֶל	413	HR
Num 16:15	יְהוָ֔ה	3068	HNp
Num 16:15	אַל	408	HTn
Num 16:15	תֵּ֖פֶן	6437	HVqj2ms
Num 16:15	אֶל	413	HR
Num 16:15	מִנְחָתָ֑/ם	4503	HNcfsc/Sp3mp
Num 16:15	לֹ֠א	3808	HTn
Num 16:15	חֲמ֨וֹר	2543	HNcbsa
Num 16:15	אֶחָ֤ד	259	HAcmsa
Num 16:15	מֵ/הֶם֙	m	HR/Sp3mp
Num 16:15	נָשָׂ֔אתִי	5375	HVqp1cs
Num 16:15	וְ/לֹ֥א	c/3808	HC/Tn
Num 16:15	הֲרֵעֹ֖תִי	7489 a	HVhp1cs
Num 16:15	אֶת	853	HTo
Num 16:15	אַחַ֥ד	259	HAcmsa
Num 16:15	מֵ/הֶֽם	m	HR/Sp3mp
Num 16:16	וַ/יֹּ֤אמֶר	c/559	HC/Vqw3ms
Num 16:16	מֹשֶׁה֙	4872	HNp
Num 16:16	אֶל	413	HR
Num 16:16	קֹ֔רַח	7141	HNp
Num 16:16	אַתָּה֙	859 a	HPp2ms
Num 16:16	וְ/כָל	c/3605	HC/Ncmsc
Num 16:16	עֲדָ֣תְ/ךָ֔	5712	HNcfsc/Sp2ms
Num 16:16	הֱי֖וּ	1961	HVqv2mp
Num 16:16	לִ/פְנֵ֣י	l/6440	HR/Ncbpc
Num 16:16	יְהוָ֑ה	3068	HNp
Num 16:16	אַתָּ֥ה	859 a	HPp2ms
Num 16:16	וָ/הֵ֛ם	c/1992	HC/Pp3mp
Num 16:16	וְ/אַהֲרֹ֖ן	c/175	HC/Np
Num 16:16	מָחָֽר	4279	HNcmsa
Num 16:17	וּ/קְח֣וּ	c/3947	HC/Vqv2mp
Num 16:17	אִ֣ישׁ	376	HNcmsa
Num 16:17	מַחְתָּת֗/וֹ	4289	HNcfsc/Sp3ms
Num 16:17	וּ/נְתַתֶּ֤ם	c/5414	HC/Vqq2mp
Num 16:17	עֲלֵי/הֶם֙	5921 a	HR/Sp3mp
Num 16:17	קְטֹ֔רֶת	7004	HNcfsa
Num 16:17	וְ/הִקְרַבְתֶּ֞ם	c/7126	HC/Vhq2mp
Num 16:17	לִ/פְנֵ֤י	l/6440	HR/Ncbpc
Num 16:17	יְהוָה֙	3068	HNp
Num 16:17	אִ֣ישׁ	376	HNcmsa
Num 16:17	מַחְתָּת֔/וֹ	4289	HNcfsc/Sp3ms
Num 16:17	חֲמִשִּׁ֥ים	2572	HAcbpa
Num 16:17	וּ/מָאתַ֖יִם	c/3967	HC/Acbda
Num 16:17	מַחְתֹּ֑ת	4289	HNcfpa
Num 16:17	וְ/אַתָּ֥ה	c/859 a	HC/Pp2ms
Num 16:17	וְ/אַהֲרֹ֖ן	c/175	HC/Np
Num 16:17	אִ֥ישׁ	376	HNcmsa
Num 16:17	מַחְתָּתֽ/וֹ	4289	HNcfsc/Sp3ms
Num 16:18	וַ/יִּקְח֞וּ	c/3947	HC/Vqw3mp
Num 16:18	אִ֣ישׁ	376	HNcmsa
Num 16:18	מַחְתָּת֗/וֹ	4289	HNcfsc/Sp3ms
Num 16:18	וַ/יִּתְּנ֤וּ	c/5414	HC/Vqw3mp
Num 16:18	עֲלֵי/הֶם֙	5921 a	HR/Sp3mp
Num 16:18	אֵ֔שׁ	784	HNcbsa
Num 16:18	וַ/יָּשִׂ֥ימוּ	c/7760 a	HC/Vqw3mp
Num 16:18	עֲלֵי/הֶ֖ם	5921 a	HR/Sp3mp
Num 16:18	קְטֹ֑רֶת	7004	HNcfsa
Num 16:18	וַֽ/יַּעַמְד֗וּ	c/5975	HC/Vqw3mp
Num 16:18	פֶּ֛תַח	6607	HNcmsc
Num 16:18	אֹ֥הֶל	168	HNcmsc
Num 16:18	מוֹעֵ֖ד	4150	HNcmsa
Num 16:18	וּ/מֹשֶׁ֥ה	c/4872	HC/Np
Num 16:18	וְ/אַהֲרֹֽן	c/175	HC/Np
Num 16:19	וַ/יַּקְהֵ֨ל	c/6950	HC/Vhw3ms
Num 16:19	עֲלֵי/הֶ֥ם	5921 a	HR/Sp3mp
Num 16:19	קֹ֨רַח֙	7141	HNp
Num 16:19	אֶת	853	HTo
Num 16:19	כָּל	3605	HNcmsc
Num 16:19	הָ֣/עֵדָ֔ה	d/5712	HTd/Ncfsa
Num 16:19	אֶל	413	HR
Num 16:19	פֶּ֖תַח	6607	HNcmsc
Num 16:19	אֹ֣הֶל	168	HNcmsc
Num 16:19	מוֹעֵ֑ד	4150	HNcmsa
Num 16:19	וַ/יֵּרָ֥א	c/7200	HC/VNw3ms
Num 16:19	כְבוֹד	3519	HNcbsc
Num 16:19	יְהוָ֖ה	3068	HNp
Num 16:19	אֶל	413	HR
Num 16:19	כָּל	3605	HNcmsc
Num 16:19	הָ/עֵדָֽה	d/5712	HTd/Ncfsa
Num 16:20	וַ/יְדַבֵּ֣ר	c/1696	HC/Vpw3ms
Num 16:20	יְהוָ֔ה	3068	HNp
Num 16:20	אֶל	413	HR
Num 16:20	מֹשֶׁ֥ה	4872	HNp
Num 16:20	וְ/אֶֽל	c/413	HC/R
Num 16:20	אַהֲרֹ֖ן	175	HNp
Num 16:20	לֵ/אמֹֽר	l/559	HR/Vqc
Num 16:21	הִבָּ֣דְל֔וּ	914	HVNv2mp
Num 16:21	מִ/תּ֖וֹךְ	m/8432	HR/Ncmsc
Num 16:21	הָ/עֵדָ֣ה	d/5712	HTd/Ncfsa
Num 16:21	הַ/זֹּ֑את	d/2063	HTd/Pdxfs
Num 16:21	וַ/אַכַלֶּ֥ה	c/3615	HC/Vph1cs
Num 16:21	אֹתָ֖/ם	853	HTo/Sp3mp
Num 16:21	כְּ/רָֽגַע	k/7281	HR/Ncmsa
Num 16:22	וַ/יִּפְּל֤וּ	c/5307	HC/Vqw3mp
Num 16:22	עַל	5921 a	HR
Num 16:22	פְּנֵי/הֶם֙	6440	HNcbpc/Sp3mp
Num 16:22	וַ/יֹּ֣אמְר֔וּ	c/559	HC/Vqw3mp
Num 16:22	אֵ֕ל	410	HNcmsa
Num 16:22	אֱלֹהֵ֥י	430	HNcmpc
Num 16:22	הָ/רוּחֹ֖ת	d/7307	HTd/Ncbpa
Num 16:22	לְ/כָל	l/3605	HR/Ncmsc
Num 16:22	בָּשָׂ֑ר	1320	HNcmsa
Num 16:22	הָ/אִ֤ישׁ	d/376	HTd/Ncmsa
Num 16:22	אֶחָד֙	259	HAcmsa
Num 16:22	יֶחֱטָ֔א	2398	HVqi3ms
Num 16:22	וְ/עַ֥ל	c/5921 a	HC/R
Num 16:22	כָּל	3605	HNcmsc
Num 16:22	הָ/עֵדָ֖ה	d/5712	HTd/Ncfsa
Num 16:22	תִּקְצֹֽף	7107	HVqi2ms
Num 16:23	וַ/יְדַבֵּ֥ר	c/1696	HC/Vpw3ms
Num 16:23	יְהוָ֖ה	3068	HNp
Num 16:23	אֶל	413	HR
Num 16:23	מֹשֶׁ֥ה	4872	HNp
Num 16:23	לֵּ/אמֹֽר	l/559	HR/Vqc
Num 16:24	דַּבֵּ֥ר	1696	HVpv2ms
Num 16:24	אֶל	413	HR
Num 16:24	הָ/עֵדָ֖ה	d/5712	HTd/Ncfsa
Num 16:24	לֵ/אמֹ֑ר	l/559	HR/Vqc
Num 16:24	הֵֽעָלוּ֙	5927	HVNv2mp
Num 16:24	מִ/סָּבִ֔יב	m/5439	HR/Ncbsa
Num 16:24	לְ/מִשְׁכַּן	l/4908	HR/Ncmsc
Num 16:24	קֹ֖רַח	7141	HNp
Num 16:24	דָּתָ֥ן	1885	HNp
Num 16:24	וַ/אֲבִירָֽם	c/48	HC/Np
Num 16:25	וַ/יָּ֣קָם	c/6965 b	HC/Vqw3ms
Num 16:25	מֹשֶׁ֔ה	4872	HNp
Num 16:25	וַ/יֵּ֖לֶךְ	c/3212	HC/Vqw3ms
Num 16:25	אֶל	413	HR
Num 16:25	דָּתָ֣ן	1885	HNp
Num 16:25	וַ/אֲבִירָ֑ם	c/48	HC/Np
Num 16:25	וַ/יֵּלְכ֥וּ	c/3212	HC/Vqw3mp
Num 16:25	אַחֲרָ֖י/ו	310 a	HR/Sp3ms
Num 16:25	זִקְנֵ֥י	2205	HAampc
Num 16:25	יִשְׂרָאֵֽל	3478	HNp
Num 16:26	וַ/יְדַבֵּ֨ר	c/1696	HC/Vpw3ms
Num 16:26	אֶל	413	HR
Num 16:26	הָ/עֵדָ֜ה	d/5712	HTd/Ncfsa
Num 16:26	לֵ/אמֹ֗ר	l/559	HR/Vqc
Num 16:26	ס֣וּרוּ	5493	HVqv2mp
Num 16:26	נָ֡א	4994	HTe
Num 16:26	מֵ/עַל֩	m/5921 a	HR/R
Num 16:26	אָהֳלֵ֨י	168	HNcmpc
Num 16:26	הָ/אֲנָשִׁ֤ים	d/376	HTd/Ncmpa
Num 16:26	הָֽ/רְשָׁעִים֙	d/7563	HTd/Aampa
Num 16:26	הָ/אֵ֔לֶּה	d/428	HTd/Pdxcp
Num 16:26	וְ/אַֽל	c/408	HC/Tn
Num 16:26	תִּגְּע֖וּ	5060	HVqj2mp
Num 16:26	בְּ/כָל	b/3605	HR/Ncmsc
Num 16:26	אֲשֶׁ֣ר	834 a	HTr
Num 16:26	לָ/הֶ֑ם	l	HR/Sp3mp
Num 16:26	פֶּן	6435	HC
Num 16:26	תִּסָּפ֖וּ	5595	HVNi2mp
Num 16:26	בְּ/כָל	b/3605	HR/Ncmsc
Num 16:26	חַטֹּאתָֽ/ם	2403 b	HNcfpc/Sp3mp
Num 16:27	וַ/יֵּעָל֗וּ	c/5927	HC/VNw3mp
Num 16:27	מֵ/עַ֧ל	m/5921 a	HR/R
Num 16:27	מִשְׁכַּן	4908	HNcmsc
Num 16:27	קֹ֛רֶח	7141	HNp
Num 16:27	דָּתָ֥ן	1885	HNp
Num 16:27	וַ/אֲבִירָ֖ם	c/48	HC/Np
Num 16:27	מִ/סָּבִ֑יב	m/5439	HR/Ncbsa
Num 16:27	וְ/דָתָ֨ן	c/1885	HC/Np
Num 16:27	וַ/אֲבִירָ֜ם	c/48	HC/Np
Num 16:27	יָצְא֣וּ	3318	HVqp3cp
Num 16:27	נִצָּבִ֗ים	5324	HVNrmpa
Num 16:27	פֶּ֚תַח	6607	HNcmsc
Num 16:27	אָֽהֳלֵי/הֶ֔ם	168	HNcmpc/Sp3mp
Num 16:27	וּ/נְשֵׁי/הֶ֥ם	c/802	HC/Ncfpc/Sp3mp
Num 16:27	וּ/בְנֵי/הֶ֖ם	c/1121 a	HC/Ncmpc/Sp3mp
Num 16:27	וְ/טַפָּֽ/ם	c/2945	HC/Ncmsc/Sp3mp
Num 16:28	וַ/יֹּאמֶר֮	c/559	HC/Vqw3ms
Num 16:28	מֹשֶׁה֒	4872	HNp
Num 16:28	בְּ/זֹאת֙	b/2063	HR/Pdxfs
Num 16:28	תֵּֽדְע֔וּ/ן	3045	HVqi2mp/Sn
Num 16:28	כִּֽי	3588 a	HC
Num 16:28	יְהוָ֣ה	3068	HNp
Num 16:28	שְׁלָחַ֔/נִי	7971	HVqp3ms/Sp1cs
Num 16:28	לַ/עֲשׂ֕וֹת	l/6213 a	HR/Vqc
Num 16:28	אֵ֥ת	853	HTo
Num 16:28	כָּל	3605	HNcmsc
Num 16:28	הַֽ/מַּעֲשִׂ֖ים	d/4639	HTd/Ncmpa
Num 16:28	הָ/אֵ֑לֶּה	d/428	HTd/Pdxcp
Num 16:28	כִּי	3588 a	HC
Num 16:28	לֹ֖א	3808	HTn
Num 16:28	מִ/לִּבִּֽ/י	m/3820 a	HR/Ncmsc/Sp1cs
Num 16:29	אִם	518 a	HC
Num 16:29	כְּ/מ֤וֹת	k/4194	HR/Ncmsc
Num 16:29	כָּל	3605	HNcmsc
Num 16:29	הָֽ/אָדָם֙	d/120	HTd/Ncmsa
Num 16:29	יְמֻת֣וּ/ן	4191	HVqi3mp/Sn
Num 16:29	אֵ֔לֶּה	428	HPdxcp
Num 16:29	וּ/פְקֻדַּת֙	c/6486	HC/Ncfsc
Num 16:29	כָּל	3605	HNcmsc
Num 16:29	הָ֣/אָדָ֔ם	d/120	HTd/Ncmsa
Num 16:29	יִפָּקֵ֖ד	6485 a	HVNi3ms
Num 16:29	עֲלֵי/הֶ֑ם	5921 a	HR/Sp3mp
Num 16:29	לֹ֥א	3808	HTn
Num 16:29	יְהוָ֖ה	3068	HNp
Num 16:29	שְׁלָחָֽ/נִי	7971	HVqp3ms/Sp1cs
Num 16:30	וְ/אִם	c/518 a	HC/C
Num 16:30	בְּרִיאָ֞ה	1278	HNcfsa
Num 16:30	יִבְרָ֣א	1254 a	HVqi3ms
Num 16:30	יְהוָ֗ה	3068	HNp
Num 16:30	וּ/פָצְתָ֨ה	c/6475	HC/Vqq3fs
Num 16:30	הָ/אֲדָמָ֤ה	d/127	HTd/Ncfsa
Num 16:30	אֶת	853	HTo
Num 16:30	פִּ֨י/הָ֙	6310	HNcmsc/Sp3fs
Num 16:30	וּ/בָלְעָ֤ה	c/1104	HC/Vqq3fs
Num 16:30	אֹתָ/ם֙	853	HTo/Sp3mp
Num 16:30	וְ/אֶת	c/853	HC/To
Num 16:30	כָּל	3605	HNcmsc
Num 16:30	אֲשֶׁ֣ר	834 a	HTr
Num 16:30	לָ/הֶ֔ם	l	HR/Sp3mp
Num 16:30	וְ/יָרְד֥וּ	c/3381	HC/Vqq3cp
Num 16:30	חַיִּ֖ים	2416 a	HAampa
Num 16:30	שְׁאֹ֑לָ/ה	7585	HNp/Sd
Num 16:30	וִֽ/ידַעְתֶּ֕ם	c/3045	HC/Vqq2mp
Num 16:30	כִּ֧י	3588 a	HC
Num 16:30	נִֽאֲצ֛וּ	5006	HVpp3cp
Num 16:30	הָ/אֲנָשִׁ֥ים	d/376	HTd/Ncmpa
Num 16:30	הָ/אֵ֖לֶּה	d/428	HTd/Pdxcp
Num 16:30	אֶת	853	HTo
Num 16:30	יְהוָֽה	3068	HNp
Num 16:31	וַ/יְהִי֙	c/1961	HC/Vqw3ms
Num 16:31	כְּ/כַלֹּת֔/וֹ	k/3615	HR/Vpc/Sp3ms
Num 16:31	לְ/דַבֵּ֕ר	l/1696	HR/Vpc
Num 16:31	אֵ֥ת	853	HTo
Num 16:31	כָּל	3605	HNcmsc
Num 16:31	הַ/דְּבָרִ֖ים	d/1697	HTd/Ncmpa
Num 16:31	הָ/אֵ֑לֶּה	d/428	HTd/Pdxcp
Num 16:31	וַ/תִּבָּקַ֥ע	c/1234	HC/VNw3fs
Num 16:31	הָ/אֲדָמָ֖ה	d/127	HTd/Ncfsa
Num 16:31	אֲשֶׁ֥ר	834 a	HTr
Num 16:31	תַּחְתֵּי/הֶֽם	8478	HR/Sp3mp
Num 16:32	וַ/תִּפְתַּ֤ח	c/6605 a	HC/Vqw3fs
Num 16:32	הָ/אָ֨רֶץ֙	d/776	HTd/Ncbsa
Num 16:32	אֶת	853	HTo
Num 16:32	פִּ֔י/הָ	6310	HNcmsc/Sp3fs
Num 16:32	וַ/תִּבְלַ֥ע	c/1104	HC/Vqw3fs
Num 16:32	אֹתָ֖/ם	853	HTo/Sp3mp
Num 16:32	וְ/אֶת	c/853	HC/To
Num 16:32	בָּתֵּי/הֶ֑ם	1004 b	HNcmpc/Sp3mp
Num 16:32	וְ/אֵ֤ת	c/853	HC/To
Num 16:32	כָּל	3605	HNcmsc
Num 16:32	הָ/אָדָם֙	d/120	HTd/Ncmsa
Num 16:32	אֲשֶׁ֣ר	834 a	HTr
Num 16:32	לְ/קֹ֔רַח	l/7141	HR/Np
Num 16:32	וְ/אֵ֖ת	c/853	HC/To
Num 16:32	כָּל	3605	HNcmsc
Num 16:32	הָ/רֲכֽוּשׁ	d/7399	HTd/Ncmsa
Num 16:33	וַ/יֵּ֨רְד֜וּ	c/3381	HC/Vqw3mp
Num 16:33	הֵ֣ם	1992	HPp3mp
Num 16:33	וְ/כָל	c/3605	HC/Ncmsc
Num 16:33	אֲשֶׁ֥ר	834 a	HTr
Num 16:33	לָ/הֶ֛ם	l	HR/Sp3mp
Num 16:33	חַיִּ֖ים	2416 a	HAampa
Num 16:33	שְׁאֹ֑לָ/ה	7585	HNp/Sd
Num 16:33	וַ/תְּכַ֤ס	c/3680	HC/Vpw3fs
Num 16:33	עֲלֵי/הֶם֙	5921 a	HR/Sp3mp
Num 16:33	הָ/אָ֔רֶץ	d/776	HTd/Ncbsa
Num 16:33	וַ/יֹּאבְד֖וּ	c/6	HC/Vqw3mp
Num 16:33	מִ/תּ֥וֹךְ	m/8432	HR/Ncmsc
Num 16:33	הַ/קָּהָֽל	d/6951	HTd/Ncmsa
Num 16:34	וְ/כָל	c/3605	HC/Ncmsc
Num 16:34	יִשְׂרָאֵ֗ל	3478	HNp
Num 16:34	אֲשֶׁ֛ר	834 a	HTr
Num 16:34	סְבִיבֹתֵי/הֶ֖ם	5439	HNcbpc/Sp3mp
Num 16:34	נָ֣סוּ	5127	HVqp3cp
Num 16:34	לְ/קֹלָ֑/ם	l/6963 a	HR/Ncmsc/Sp3mp
Num 16:34	כִּ֣י	3588 a	HC
Num 16:34	אָֽמְר֔וּ	559	HVqp3cp
Num 16:34	פֶּן	6435	HC
Num 16:34	תִּבְלָעֵ֖/נוּ	1104	HVqi3fs/Sp1cp
Num 16:34	הָ/אָֽרֶץ	d/776	HTd/Ncbsa
Num 16:35	וְ/אֵ֥שׁ	c/784	HC/Ncbsa
Num 16:35	יָצְאָ֖ה	3318	HVqp3fs
Num 16:35	מֵ/אֵ֣ת	m/854	HR/R
Num 16:35	יְהוָ֑ה	3068	HNp
Num 16:35	וַ/תֹּ֗אכַל	c/398	HC/Vqw3fs
Num 16:35	אֵ֣ת	853	HTo
Num 16:35	הַ/חֲמִשִּׁ֤ים	d/2572	HTd/Acbpa
Num 16:35	וּ/מָאתַ֨יִם֙	c/3967	HC/Acbda
Num 16:35	אִ֔ישׁ	376	HNcmsa
Num 16:35	מַקְרִיבֵ֖י	7126	HVhrmpc
Num 16:35	הַ/קְּטֹֽרֶת	d/7004	HTd/Ncfsa
Num 17:1	וַ/יְדַבֵּ֥ר	c/1696	HC/Vpw3ms
Num 17:1	יְהוָ֖ה	3068	HNp
Num 17:1	אֶל	413	HR
Num 17:1	מֹשֶׁ֥ה	4872	HNp
Num 17:1	לֵּ/אמֹֽר	l/559	HR/Vqc
Num 17:2	אֱמֹ֨ר	559	HVqv2ms
Num 17:2	אֶל	413	HR
Num 17:2	אֶלְעָזָ֜ר	499	HNp
Num 17:2	בֶּן	1121 a	HNcmsc
Num 17:2	אַהֲרֹ֣ן	175	HNp
Num 17:2	הַ/כֹּהֵ֗ן	d/3548	HTd/Ncmsa
Num 17:2	וְ/יָרֵ֤ם	c/7311 a	HC/Vhj3ms
Num 17:2	אֶת	853	HTo
Num 17:2	הַ/מַּחְתֹּת֙	d/4289	HTd/Ncfpa
Num 17:2	מִ/בֵּ֣ין	m/996	HR/R
Num 17:2	הַ/שְּׂרֵפָ֔ה	d/8316	HTd/Ncfsa
Num 17:2	וְ/אֶת	c/853	HC/To
Num 17:2	הָ/אֵ֖שׁ	d/784	HTd/Ncbsa
Num 17:2	זְרֵה	2219	HVqv2ms
Num 17:2	הָ֑לְאָה	1973	HD
Num 17:2	כִּ֖י	3588 a	HC
Num 17:2	קָדֵֽשׁוּ	6942	HVqp3cp
Num 17:3	אֵ֡ת	853	HTo
Num 17:3	מַחְתּוֹת֩	4289	HNcfpc
Num 17:3	הַֽ/חַטָּאִ֨ים	d/2400	HTd/Aampa
Num 17:3	הָ/אֵ֜לֶּה	d/428	HTd/Pdxcp
Num 17:3	בְּ/נַפְשֹׁתָ֗/ם	b/5315	HR/Ncbpc/Sp3mp
Num 17:3	וְ/עָשׂ֨וּ	c/6213 a	HC/Vqv2mp
Num 17:3	אֹתָ֜/ם	853	HTo/Sp3mp
Num 17:3	רִקֻּעֵ֤י	7555	HNcmpc
Num 17:3	פַחִים֙	6341 b	HNcmpa
Num 17:3	צִפּ֣וּי	6826	HNcmsa
Num 17:3	לַ/מִּזְבֵּ֔חַ	l/4196	HRd/Ncmsa
Num 17:3	כִּֽי	3588 a	HC
Num 17:3	הִקְרִיבֻ֥/ם	7126	HVhp3cp/Sp3mp
Num 17:3	לִ/פְנֵֽי	l/6440	HR/Ncbpc
Num 17:3	יְהוָ֖ה	3068	HNp
Num 17:3	וַ/יִּקְדָּ֑שׁוּ	c/6942	HC/Vqw3mp
Num 17:3	וְ/יִֽהְי֥וּ	c/1961	HC/Vqi3mp
Num 17:3	לְ/א֖וֹת	l/226	HR/Ncbsa
Num 17:3	לִ/בְנֵ֥י	l/1121 a	HR/Ncmpc
Num 17:3	יִשְׂרָאֵֽל	3478	HNp
Num 17:4	וַ/יִּקַּ֞ח	c/3947	HC/Vqw3ms
Num 17:4	אֶלְעָזָ֣ר	499	HNp
Num 17:4	הַ/כֹּהֵ֗ן	d/3548	HTd/Ncmsa
Num 17:4	אֵ֚ת	853	HTo
Num 17:4	מַחְתּ֣וֹת	4289	HNcfpc
Num 17:4	הַ/נְּחֹ֔שֶׁת	d/5178 a	HTd/Ncfsa
Num 17:4	אֲשֶׁ֥ר	834 a	HTr
Num 17:4	הִקְרִ֖יבוּ	7126	HVhp3cp
Num 17:4	הַ/שְּׂרֻפִ֑ים	d/8313	HTd/Vqsmpa
Num 17:4	וַֽ/יְרַקְּע֖וּ/ם	c/7554	HC/Vpw3mp/Sp3mp
Num 17:4	צִפּ֥וּי	6826	HNcmsa
Num 17:4	לַ/מִּזְבֵּֽחַ	l/4196	HRd/Ncmsa
Num 17:5	זִכָּר֞וֹן	2146	HNcmsa
Num 17:5	לִ/בְנֵ֣י	l/1121 a	HR/Ncmpc
Num 17:5	יִשְׂרָאֵ֗ל	3478	HNp
Num 17:5	לְ֠מַעַן	4616	HR
Num 17:5	אֲשֶׁ֨ר	834 a	HTr
Num 17:5	לֹֽא	3808	HTn
Num 17:5	יִקְרַ֜ב	7126	HVqi3ms
Num 17:5	אִ֣ישׁ	376	HNcmsa
Num 17:5	זָ֗ר	2114 a	HAamsa
Num 17:5	אֲ֠שֶׁר	834 a	HTr
Num 17:5	לֹ֣א	3808	HTn
Num 17:5	מִ/זֶּ֤רַע	m/2233	HR/Ncmsc
Num 17:5	אַהֲרֹן֙	175	HNp
Num 17:5	ה֔וּא	1931	HPp3ms
Num 17:5	לְ/הַקְטִ֥יר	l/6999 a	HR/Vhc
Num 17:5	קְטֹ֖רֶת	7004	HNcfsa
Num 17:5	לִ/פְנֵ֣י	l/6440	HR/Ncbpc
Num 17:5	יְהוָ֑ה	3068	HNp
Num 17:5	וְ/לֹֽא	c/3808	HC/Tn
Num 17:5	יִהְיֶ֤ה	1961	HVqi3ms
Num 17:5	כְ/קֹ֨רַח֙	k/7141	HR/Np
Num 17:5	וְ/כַ֣/עֲדָת֔/וֹ	c/k/5712	HC/R/Ncfsc/Sp3ms
Num 17:5	כַּ/אֲשֶׁ֨ר	k/834 d	HR/Tr
Num 17:5	דִּבֶּ֧ר	1696	HVpp3ms
Num 17:5	יְהוָ֛ה	3068	HNp
Num 17:5	בְּ/יַד	b/3027	HR/Ncbsc
Num 17:5	מֹשֶׁ֖ה	4872	HNp
Num 17:5	לֽ/וֹ	l	HR/Sp3ms
Num 17:6	וַ/יִּלֹּ֜נוּ	c/3885 b	HC/VNw3mp
Num 17:6	כָּל	3605	HNcmsc
Num 17:6	עֲדַ֤ת	5712	HNcfsc
Num 17:6	בְּנֵֽי	1121 a	HNcmpc
Num 17:6	יִשְׂרָאֵל֙	3478	HNp
Num 17:6	מִֽ/מָּחֳרָ֔ת	m/4283	HR/Ncfsa
Num 17:6	עַל	5921 a	HR
Num 17:6	מֹשֶׁ֥ה	4872	HNp
Num 17:6	וְ/עַֽל	c/5921 a	HC/R
Num 17:6	אַהֲרֹ֖ן	175	HNp
Num 17:6	לֵ/אמֹ֑ר	l/559	HR/Vqc
Num 17:6	אַתֶּ֥ם	859 d	HPp2mp
Num 17:6	הֲמִתֶּ֖ם	4191	HVhp2mp
Num 17:6	אֶת	853	HTo
Num 17:6	עַ֥ם	5971 a	HNcmsc
Num 17:6	יְהוָֽה	3068	HNp
Num 17:7	וַ/יְהִ֗י	c/1961	HC/Vqw3ms
Num 17:7	בְּ/הִקָּהֵ֤ל	b/6950	HR/VNc
Num 17:7	הָֽ/עֵדָה֙	d/5712	HTd/Ncfsa
Num 17:7	עַל	5921 a	HR
Num 17:7	מֹשֶׁ֣ה	4872	HNp
Num 17:7	וְ/עַֽל	c/5921 a	HC/R
Num 17:7	אַהֲרֹ֔ן	175	HNp
Num 17:7	וַ/יִּפְנוּ֙	c/6437	HC/Vqw3mp
Num 17:7	אֶל	413	HR
Num 17:7	אֹ֣הֶל	168	HNcmsc
Num 17:7	מוֹעֵ֔ד	4150	HNcmsa
Num 17:7	וְ/הִנֵּ֥ה	c/2009	HC/Tm
Num 17:7	כִסָּ֖ה/וּ	3680	HVpp3ms/Sp3ms
Num 17:7	הֶ/עָנָ֑ן	d/6051	HTd/Ncmsa
Num 17:7	וַ/יֵּרָ֖א	c/7200	HC/VNw3ms
Num 17:7	כְּב֥וֹד	3519	HNcbsc
Num 17:7	יְהוָֽה	3068	HNp
Num 17:8	וַ/יָּבֹ֤א	c/935	HC/Vqw3ms
Num 17:8	מֹשֶׁה֙	4872	HNp
Num 17:8	וְ/אַהֲרֹ֔ן	c/175	HC/Np
Num 17:8	אֶל	413	HR
Num 17:8	פְּנֵ֖י	6440	HNcbpc
Num 17:8	אֹ֥הֶל	168	HNcmsc
Num 17:8	מוֹעֵֽד	4150	HNcmsa
Num 17:9	וַ/יְדַבֵּ֥ר	c/1696	HC/Vpw3ms
Num 17:9	יְהוָ֖ה	3068	HNp
Num 17:9	אֶל	413	HR
Num 17:9	מֹשֶׁ֥ה	4872	HNp
Num 17:9	לֵּ/אמֹֽר	l/559	HR/Vqc
Num 17:10	הֵרֹ֗מּוּ	7426	HVNv2mp
Num 17:10	מִ/תּוֹךְ֙	m/8432	HR/Ncmsc
Num 17:10	הָ/עֵדָ֣ה	d/5712	HTd/Ncfsa
Num 17:10	הַ/זֹּ֔את	d/2063	HTd/Pdxfs
Num 17:10	וַ/אֲכַלֶּ֥ה	c/3615	HC/Vpi1cs
Num 17:10	אֹתָ֖/ם	853	HTo/Sp3mp
Num 17:10	כְּ/רָ֑גַע	k/7281	HR/Ncmsa
Num 17:10	וַֽ/יִּפְּל֖וּ	c/5307	HC/Vqw3mp
Num 17:10	עַל	5921 a	HR
Num 17:10	פְּנֵי/הֶֽם	6440	HNcbpc/Sp3mp
Num 17:11	וַ/יֹּ֨אמֶר	c/559	HC/Vqw3ms
Num 17:11	מֹשֶׁ֜ה	4872	HNp
Num 17:11	אֶֽל	413	HR
Num 17:11	אַהֲרֹ֗ן	175	HNp
Num 17:11	קַ֣ח	3947	HVqv2ms
Num 17:11	אֶת	853	HTo
Num 17:11	הַ֠/מַּחְתָּה	d/4289	HTd/Ncfsa
Num 17:11	וְ/תֶן	c/5414	HC/Vqv2ms
Num 17:11	עָלֶ֨י/הָ	5921 a	HR/Sp3fs
Num 17:11	אֵ֜שׁ	784	HNcbsa
Num 17:11	מֵ/עַ֤ל	m/5921 a	HR/R
Num 17:11	הַ/מִּזְבֵּ֨חַ֙	d/4196	HTd/Ncmsa
Num 17:11	וְ/שִׂ֣ים	c/7760 a	HC/Vqv2ms
Num 17:11	קְטֹ֔רֶת	7004	HNcfsa
Num 17:11	וְ/הוֹלֵ֧ךְ	c/3212	HC/Vhv2ms
Num 17:11	מְהֵרָ֛ה	4120	HNcfsa
Num 17:11	אֶל	413	HR
Num 17:11	הָ/עֵדָ֖ה	d/5712	HTd/Ncfsa
Num 17:11	וְ/כַפֵּ֣ר	c/3722 a	HC/Vpv2ms
Num 17:11	עֲלֵי/הֶ֑ם	5921 a	HR/Sp3mp
Num 17:11	כִּֽי	3588 a	HC
Num 17:11	יָצָ֥א	3318	HVqp3ms
Num 17:11	הַ/קֶּ֛צֶף	d/7110 a	HTd/Ncmsa
Num 17:11	מִ/לִּ/פְנֵ֥י	m/l/6440	HR/R/Ncbpc
Num 17:11	יְהוָ֖ה	3068	HNp
Num 17:11	הֵחֵ֥ל	2490 c	HVhp3ms
Num 17:11	הַ/נָּֽגֶף	d/5063	HTd/Ncmsa
Num 17:12	וַ/יִּקַּ֨ח	c/3947	HC/Vqw3ms
Num 17:12	אַהֲרֹ֜ן	175	HNp
Num 17:12	כַּ/אֲשֶׁ֣ר	k/834 d	HR/Tr
Num 17:12	דִּבֶּ֣ר	1696	HVpp3ms
Num 17:12	מֹשֶׁ֗ה	4872	HNp
Num 17:12	וַ/יָּ֨רָץ֙	c/7323	HC/Vqw3ms
Num 17:12	אֶל	413	HR
Num 17:12	תּ֣וֹך	8432	HNcmsc
Num 17:12	הַ/קָּהָ֔ל	d/6951	HTd/Ncmsa
Num 17:12	וְ/הִנֵּ֛ה	c/2009	HC/Tm
Num 17:12	הֵחֵ֥ל	2490 c	HVhp3ms
Num 17:12	הַ/נֶּ֖גֶף	d/5063	HTd/Ncmsa
Num 17:12	בָּ/עָ֑ם	b/5971 a	HRd/Ncmsa
Num 17:12	וַ/יִּתֵּן֙	c/5414	HC/Vqw3ms
Num 17:12	אֶֽת	853	HTo
Num 17:12	הַ/קְּטֹ֔רֶת	d/7004	HTd/Ncfsa
Num 17:12	וַ/יְכַפֵּ֖ר	c/3722 a	HC/Vpw3ms
Num 17:12	עַל	5921 a	HR
Num 17:12	הָ/עָֽם	d/5971 a	HTd/Ncmsa
Num 17:13	וַ/יַּעֲמֹ֥ד	c/5975	HC/Vqw3ms
Num 17:13	בֵּֽין	996	HR
Num 17:13	הַ/מֵּתִ֖ים	d/4191	HTd/Vqrmpa
Num 17:13	וּ/בֵ֣ין	c/996	HC/R
Num 17:13	הַֽ/חַיִּ֑ים	d/2416 a	HTd/Aampa
Num 17:13	וַ/תֵּעָצַ֖ר	c/6113	HC/VNw3fs
Num 17:13	הַ/מַּגֵּפָֽה	d/4046	HTd/Ncfsa
Num 17:14	וַ/יִּהְי֗וּ	c/1961	HC/Vqw3mp
Num 17:14	הַ/מֵּתִים֙	d/4191	HTd/Vqrmpa
Num 17:14	בַּ/מַּגֵּפָ֔ה	b/4046	HRd/Ncfsa
Num 17:14	אַרְבָּעָ֥ה	702	HAcmsa
Num 17:14	עָשָׂ֛ר	6240	HAcmsa
Num 17:14	אֶ֖לֶף	505	HAcbsa
Num 17:14	וּ/שְׁבַ֣ע	c/7651	HC/Acfsa
Num 17:14	מֵא֑וֹת	3967	HAcbpa
Num 17:14	מִ/לְּ/בַ֥ד	m/l/905	HR/R/Ncmsc
Num 17:14	הַ/מֵּתִ֖ים	d/4191	HTd/Vqrmpa
Num 17:14	עַל	5921 a	HR
Num 17:14	דְּבַר	1697	HNcmsc
Num 17:14	קֹֽרַח	7141	HNp
Num 17:15	וַ/יָּ֤שָׁב	c/7725	HC/Vqw3ms
Num 17:15	אַהֲרֹן֙	175	HNp
Num 17:15	אֶל	413	HR
Num 17:15	מֹשֶׁ֔ה	4872	HNp
Num 17:15	אֶל	413	HR
Num 17:15	פֶּ֖תַח	6607	HNcmsc
Num 17:15	אֹ֣הֶל	168	HNcmsc
Num 17:15	מוֹעֵ֑ד	4150	HNcmsa
Num 17:15	וְ/הַ/מַּגֵּפָ֖ה	c/d/4046	HC/Td/Ncfsa
Num 17:15	נֶעֱצָֽרָה	6113	HVNp3fs
Num 17:16	וַ/יְדַבֵּ֥ר	c/1696	HC/Vpw3ms
Num 17:16	יְהוָ֖ה	3068	HNp
Num 17:16	אֶל	413	HR
Num 17:16	מֹשֶׁ֥ה	4872	HNp
Num 17:16	לֵּ/אמֹֽר	l/559	HR/Vqc
Num 17:17	דַּבֵּ֣ר	1696	HVpv2ms
Num 17:17	אֶל	413	HR
Num 17:17	בְּנֵ֣י	1121 a	HNcmpc
Num 17:17	יִשְׂרָאֵ֗ל	3478	HNp
Num 17:17	וְ/קַ֣ח	c/3947	HC/Vqv2ms
Num 17:17	מֵֽ/אִתָּ֡/ם	m/854	HR/R/Sp3mp
Num 17:17	מַטֶּ֣ה	4294	HNcmsa
Num 17:17	מַטֶּה֩	4294	HNcmsa
Num 17:17	לְ/בֵ֨ית	l/1004 b	HR/Ncmsc
Num 17:17	אָ֜ב	1	HNcmsa
Num 17:17	מֵ/אֵ֤ת	m/854	HR/R
Num 17:17	כָּל	3605	HNcmsc
Num 17:17	נְשִֽׂיאֵ/הֶם֙	5387 a	HNcmpc/Sp3mp
Num 17:17	לְ/בֵ֣ית	l/1004 b	HR/Ncmsc
Num 17:17	אֲבֹתָ֔/ם	1	HNcmpc/Sp3mp
Num 17:17	שְׁנֵ֥ים	8147	HAcmda
Num 17:17	עָשָׂ֖ר	6240	HAcmsa
Num 17:17	מַטּ֑וֹת	4294	HNcmpa
Num 17:17	אִ֣ישׁ	376	HNcmsa
Num 17:17	אֶת	853	HTo
Num 17:17	שְׁמ֔/וֹ	8034	HNcmsc/Sp3ms
Num 17:17	תִּכְתֹּ֖ב	3789	HVqi2ms
Num 17:17	עַל	5921 a	HR
Num 17:17	מַטֵּֽ/הוּ	4294	HNcmsc/Sp3ms
Num 17:18	וְ/אֵת֙	c/853	HC/To
Num 17:18	שֵׁ֣ם	8034	HNcmsc
Num 17:18	אַהֲרֹ֔ן	175	HNp
Num 17:18	תִּכְתֹּ֖ב	3789	HVqi2ms
Num 17:18	עַל	5921 a	HR
Num 17:18	מַטֵּ֣ה	4294	HNcmsc
Num 17:18	לֵוִ֑י	3878	HNp
Num 17:18	כִּ֚י	3588 a	HC
Num 17:18	מַטֶּ֣ה	4294	HNcmsa
Num 17:18	אֶחָ֔ד	259	HAcmsa
Num 17:18	לְ/רֹ֖אשׁ	l/7218 a	HR/Ncmsc
Num 17:18	בֵּ֥ית	1004 b	HNcmsc
Num 17:18	אֲבוֹתָֽ/ם	1	HNcmpc/Sp3mp
Num 17:19	וְ/הִנַּחְתָּ֖/ם	c/3240	HC/Vhq2ms/Sp3mp
Num 17:19	בְּ/אֹ֣הֶל	b/168	HR/Ncmsc
Num 17:19	מוֹעֵ֑ד	4150	HNcmsa
Num 17:19	לִ/פְנֵי֙	l/6440	HR/Ncbpc
Num 17:19	הָֽ/עֵד֔וּת	d/5715	HTd/Ncfsa
Num 17:19	אֲשֶׁ֛ר	834 a	HTr
Num 17:19	אִוָּעֵ֥ד	3259	HVNi1cs
Num 17:19	לָ/כֶ֖ם	l	HR/Sp2mp
Num 17:19	שָֽׁמָּ/ה	8033	HD/Sd
Num 17:20	וְ/הָיָ֗ה	c/1961	HC/Vqq3ms
Num 17:20	הָ/אִ֛ישׁ	d/376	HTd/Ncmsa
Num 17:20	אֲשֶׁ֥ר	834 a	HTr
Num 17:20	אֶבְחַר	977	HVqi1cs
Num 17:20	בּ֖/וֹ	b	HR/Sp3ms
Num 17:20	מַטֵּ֣/הוּ	4294	HNcmsc/Sp3ms
Num 17:20	יִפְרָ֑ח	6524 a	HVqi3ms
Num 17:20	וַ/הֲשִׁכֹּתִ֣י	c/7918	HC/Vhq1cs
Num 17:20	מֵֽ/עָלַ֗/י	m/5921 a	HR/R/Sp1cs
Num 17:20	אֶת	853	HTo
Num 17:20	תְּלֻנּוֹת֙	8519	HNcfpc
Num 17:20	בְּנֵ֣י	1121 a	HNcmpc
Num 17:20	יִשְׂרָאֵ֔ל	3478	HNp
Num 17:20	אֲשֶׁ֛ר	834 a	HTr
Num 17:20	הֵ֥ם	1992	HPp3mp
Num 17:20	מַלִּינִ֖ם	3885 b	HVhrmpa
Num 17:20	עֲלֵי/כֶֽם	5921 a	HR/Sp2mp
Num 17:21	וַ/יְדַבֵּ֨ר	c/1696	HC/Vpw3ms
Num 17:21	מֹשֶׁ֜ה	4872	HNp
Num 17:21	אֶל	413	HR
Num 17:21	בְּנֵ֣י	1121 a	HNcmpc
Num 17:21	יִשְׂרָאֵ֗ל	3478	HNp
Num 17:21	וַ/יִּתְּנ֣וּ	c/5414	HC/Vqw3mp
Num 17:21	אֵלָ֣י/ו	413	HR/Sp3ms
Num 17:21	כָּֽל	3605	HNcmsc
Num 17:21	נְשִֽׂיאֵי/הֶ֡ם	5387 a	HNcmpc/Sp3mp
Num 17:21	מַטֶּה֩	4294	HNcmsa
Num 17:21	לְ/נָשִׂ֨יא	l/5387 a	HR/Ncmsa
Num 17:21	אֶחָ֜ד	259	HAcmsa
Num 17:21	מַטֶּ֨ה	4294	HNcmsa
Num 17:21	לְ/נָשִׂ֤יא	l/5387 a	HR/Ncmsa
Num 17:21	אֶחָד֙	259	HAcmsa
Num 17:21	לְ/בֵ֣ית	l/1004 b	HR/Ncmsc
Num 17:21	אֲבֹתָ֔/ם	1	HNcmpc/Sp3mp
Num 17:21	שְׁנֵ֥ים	8147	HAcmda
Num 17:21	עָשָׂ֖ר	6240	HAcmsa
Num 17:21	מַטּ֑וֹת	4294	HNcmpa
Num 17:21	וּ/מַטֵּ֥ה	c/4294	HC/Ncmsc
Num 17:21	אַהֲרֹ֖ן	175	HNp
Num 17:21	בְּ/ת֥וֹךְ	b/8432	HR/Ncmsc
Num 17:21	מַטּוֹתָֽ/ם	4294	HNcmpc/Sp3mp
Num 17:22	וַ/יַּנַּ֥ח	c/3240	HC/Vhw3ms
Num 17:22	מֹשֶׁ֛ה	4872	HNp
Num 17:22	אֶת	853	HTo
Num 17:22	הַ/מַּטֹּ֖ת	d/4294	HTd/Ncmpa
Num 17:22	לִ/פְנֵ֣י	l/6440	HR/Ncbpc
Num 17:22	יְהוָ֑ה	3068	HNp
Num 17:22	בְּ/אֹ֖הֶל	b/168	HR/Ncmsc
Num 17:22	הָ/עֵדֻֽת	d/5715	HTd/Ncfsa
Num 17:23	וַ/יְהִ֣י	c/1961	HC/Vqw3ms
Num 17:23	מִֽ/מָּחֳרָ֗ת	m/4283	HR/Ncfsa
Num 17:23	וַ/יָּבֹ֤א	c/935	HC/Vqw3ms
Num 17:23	מֹשֶׁה֙	4872	HNp
Num 17:23	אֶל	413	HR
Num 17:23	אֹ֣הֶל	168	HNcmsc
Num 17:23	הָ/עֵד֔וּת	d/5715	HTd/Ncfsa
Num 17:23	וְ/הִנֵּ֛ה	c/2009	HC/Tm
Num 17:23	פָּרַ֥ח	6524 a	HVqp3ms
Num 17:23	מַטֵּֽה	4294	HNcmsc
Num 17:23	אַהֲרֹ֖ן	175	HNp
Num 17:23	לְ/בֵ֣ית	l/1004 b	HR/Ncmsc
Num 17:23	לֵוִ֑י	3878	HNp
Num 17:23	וַ/יֹּ֤צֵֽא	c/3318	HC/Vhw3ms
Num 17:23	פֶ֨רַח֙	6525	HNcmsa
Num 17:23	וַ/יָּ֣צֵֽץ	c/6692 a	HC/Vhw3ms
Num 17:23	צִ֔יץ	6731 a	HNcmsa
Num 17:23	וַ/יִּגְמֹ֖ל	c/1580	HC/Vqw3ms
Num 17:23	שְׁקֵדִֽים	8247	HNcmpa
Num 17:24	וַ/יֹּצֵ֨א	c/3318	HC/Vhw3ms
Num 17:24	מֹשֶׁ֤ה	4872	HNp
Num 17:24	אֶת	853	HTo
Num 17:24	כָּל	3605	HNcmsc
Num 17:24	הַ/מַּטֹּת֙	d/4294	HTd/Ncmpa
Num 17:24	מִ/לִּ/פְנֵ֣י	m/l/6440	HR/R/Ncbpc
Num 17:24	יְהוָ֔ה	3068	HNp
Num 17:24	אֶֽל	413	HR
Num 17:24	כָּל	3605	HNcmsc
Num 17:24	בְּנֵ֖י	1121 a	HNcmpc
Num 17:24	יִשְׂרָאֵ֑ל	3478	HNp
Num 17:24	וַ/יִּרְא֥וּ	c/7200	HC/Vqw3mp
Num 17:24	וַ/יִּקְח֖וּ	c/3947	HC/Vqw3mp
Num 17:24	אִ֥ישׁ	376	HNcmsa
Num 17:24	מַטֵּֽ/הוּ	4294	HNcmsc/Sp3ms
Num 17:25	וַ/יֹּ֨אמֶר	c/559	HC/Vqw3ms
Num 17:25	יְהוָ֜ה	3068	HNp
Num 17:25	אֶל	413	HR
Num 17:25	מֹשֶׁ֗ה	4872	HNp
Num 17:25	הָשֵׁ֞ב	7725	HVhv2ms
Num 17:25	אֶת	853	HTo
Num 17:25	מַטֵּ֤ה	4294	HNcmsc
Num 17:25	אַהֲרֹן֙	175	HNp
Num 17:25	לִ/פְנֵ֣י	l/6440	HR/Ncbpc
Num 17:25	הָ/עֵד֔וּת	d/5715	HTd/Ncfsa
Num 17:25	לְ/מִשְׁמֶ֥רֶת	l/4931	HR/Ncfsa
Num 17:25	לְ/א֖וֹת	l/226	HR/Ncbsa
Num 17:25	לִ/בְנֵי	l/1121 a	HR/Ncmpc
Num 17:25	מֶ֑רִי	4805	HNcmsa
Num 17:25	וּ/תְכַ֧ל	c/3615	HC/Vpi2ms
Num 17:25	תְּלוּנֹּתָ֛/ם	8519	HNcfpc/Sp3mp
Num 17:25	מֵ/עָלַ֖/י	m/5921 a	HR/R/Sp1cs
Num 17:25	וְ/לֹ֥א	c/3808	HC/Tn
Num 17:25	יָמֻֽתוּ	4191	HVqi3mp
Num 17:26	וַ/יַּ֖עַשׂ	c/6213 a	HC/Vqw3ms
Num 17:26	מֹשֶׁ֑ה	4872	HNp
Num 17:26	כַּ/אֲשֶׁ֨ר	k/834 d	HR/Tr
Num 17:26	צִוָּ֧ה	6680	HVpp3ms
Num 17:26	יְהוָ֛ה	3068	HNp
Num 17:26	אֹת֖/וֹ	853	HTo/Sp3ms
Num 17:26	כֵּ֥ן	3651 c	HTm
Num 17:26	עָשָֽׂה	6213 a	HVqp3ms
Num 17:27	וַ/יֹּֽאמְרוּ֙	c/559	HC/Vqw3mp
Num 17:27	בְּנֵ֣י	1121 a	HNcmpc
Num 17:27	יִשְׂרָאֵ֔ל	3478	HNp
Num 17:27	אֶל	413	HR
Num 17:27	מֹשֶׁ֖ה	4872	HNp
Num 17:27	לֵ/אמֹ֑ר	l/559	HR/Vqc
Num 17:27	הֵ֥ן	2005	HTm
Num 17:27	גָּוַ֛עְנוּ	1478	HVqp1cp
Num 17:27	אָבַ֖דְנוּ	6	HVqp1cp
Num 17:27	כֻּלָּ֥/נוּ	3605	HNcmsc/Sp1cp
Num 17:27	אָבָֽדְנוּ	6	HVqp1cp
Num 17:28	כֹּ֣ל	3605	HNcmsa
Num 17:28	הַ/קָּרֵ֧ב	d/7131	HTd/Aamsa
Num 17:28	הַ/קָּרֵ֛ב	d/7131	HTd/Aamsa
Num 17:28	אֶל	413	HR
Num 17:28	מִשְׁכַּ֥ן	4908	HNcmsc
Num 17:28	יְהוָ֖ה	3068	HNp
Num 17:28	יָמ֑וּת	4191	HVqi3ms
Num 17:28	הַ/אִ֥ם	i/518 a	HTi/C
Num 17:28	תַּ֖מְנוּ	8552	HVqp1cp
Num 17:28	לִ/גְוֺֽעַ	l/1478	HR/Vqc
Num 18:1	וַ/יֹּ֤אמֶר	c/559	HC/Vqw3ms
Num 18:1	יְהוָה֙	3068	HNp
Num 18:1	אֶֽל	413	HR
Num 18:1	אַהֲרֹ֔ן	175	HNp
Num 18:1	אַתָּ֗ה	859 a	HPp2ms
Num 18:1	וּ/בָנֶ֤י/ךָ	c/1121 a	HC/Ncmpc/Sp2ms
Num 18:1	וּ/בֵית	c/1004 b	HC/Ncmsc
Num 18:1	אָבִ֨י/ךָ֙	1	HNcmsc/Sp2ms
Num 18:1	אִתָּ֔/ךְ	854	HR/Sp2fs
Num 18:1	תִּשְׂא֖וּ	5375	HVqi2mp
Num 18:1	אֶת	853	HTo
Num 18:1	עֲוֺ֣ן	5771	HNcbsc
Num 18:1	הַ/מִּקְדָּ֑שׁ	d/4720	HTd/Ncmsa
Num 18:1	וְ/אַתָּה֙	c/859 a	HC/Pp2ms
Num 18:1	וּ/בָנֶ֣י/ךָ	c/1121 a	HC/Ncmpc/Sp2ms
Num 18:1	אִתָּ֔/ךְ	854	HR/Sp2fs
Num 18:1	תִּשְׂא֖וּ	5375	HVqi2mp
Num 18:1	אֶת	853	HTo
Num 18:1	עֲוֺ֥ן	5771	HNcbsc
Num 18:1	כְּהֻנַּתְ/כֶֽם	3550	HNcfsc/Sp2mp
Num 18:2	וְ/גַ֣ם	c/1571	HC/Ta
Num 18:2	אֶת	853	HTo
Num 18:2	אַחֶי/ךָ֩	251	HNcmpc/Sp2ms
Num 18:2	מַטֵּ֨ה	4294	HNcmsc
Num 18:2	לֵוִ֜י	3878	HNp
Num 18:2	שֵׁ֤בֶט	7626	HNcmsc
Num 18:2	אָבִ֨י/ךָ֙	1	HNcmsc/Sp2ms
Num 18:2	הַקְרֵ֣ב	7126	HVhv2ms
Num 18:2	אִתָּ֔/ךְ	854	HR/Sp2fs
Num 18:2	וְ/יִלָּו֥וּ	c/3867 a	HC/VNi3mp
Num 18:2	עָלֶ֖י/ךָ	5921 a	HR/Sp2ms
Num 18:2	וִֽ/ישָׁרְת֑וּ/ךָ	c/8334	HC/Vpi3mp/Sp2ms
Num 18:2	וְ/אַתָּה֙	c/859 a	HC/Pp2ms
Num 18:2	וּ/בָנֶ֣י/ךָ	c/1121 a	HC/Ncmpc/Sp2ms
Num 18:2	אִתָּ֔/ךְ	854	HR/Sp2fs
Num 18:2	לִ/פְנֵ֖י	l/6440	HR/Ncbpc
Num 18:2	אֹ֥הֶל	168	HNcmsc
Num 18:2	הָ/עֵדֻֽת	d/5715	HTd/Ncfsa
Num 18:3	וְ/שָֽׁמְרוּ֙	c/8104	HC/Vqq3cp
Num 18:3	מִֽשְׁמַרְתְּ/ךָ֔	4931	HNcfsc/Sp2ms
Num 18:3	וּ/מִשְׁמֶ֖רֶת	c/4931	HC/Ncfsc
Num 18:3	כָּל	3605	HNcmsc
Num 18:3	הָ/אֹ֑הֶל	d/168	HTd/Ncmsa
Num 18:3	אַךְ֩	389	HTa
Num 18:3	אֶל	413	HR
Num 18:3	כְּלֵ֨י	3627	HNcmpc
Num 18:3	הַ/קֹּ֤דֶשׁ	d/6944	HTd/Ncmsa
Num 18:3	וְ/אֶל	c/413	HC/R
Num 18:3	הַ/מִּזְבֵּ֨חַ֙	d/4196	HTd/Ncmsa
Num 18:3	לֹ֣א	3808	HTn
Num 18:3	יִקְרָ֔בוּ	7126	HVqi3mp
Num 18:3	וְ/לֹֽא	c/3808	HC/Tn
Num 18:3	יָמֻ֥תוּ	4191	HVqi3mp
Num 18:3	גַם	1571	HD
Num 18:3	הֵ֖ם	1992	HPp3mp
Num 18:3	גַּם	1571	HTa
Num 18:3	אַתֶּֽם	859 d	HPp2mp
Num 18:4	וְ/נִלְו֣וּ	c/3867 a	HC/VNq3cp
Num 18:4	עָלֶ֔י/ךָ	5921 a	HR/Sp2ms
Num 18:4	וְ/שָֽׁמְר֗וּ	c/8104	HC/Vqq3cp
Num 18:4	אֶת	853	HTo
Num 18:4	מִשְׁמֶ֨רֶת֙	4931	HNcfsc
Num 18:4	אֹ֣הֶל	168	HNcmsc
Num 18:4	מוֹעֵ֔ד	4150	HNcmsa
Num 18:4	לְ/כֹ֖ל	l/3605	HR/Ncmsc
Num 18:4	עֲבֹדַ֣ת	5656	HNcfsc
Num 18:4	הָ/אֹ֑הֶל	d/168	HTd/Ncmsa
Num 18:4	וְ/זָ֖ר	c/2114 a	HC/Aamsa
Num 18:4	לֹא	3808	HTn
Num 18:4	יִקְרַ֥ב	7126	HVqi3ms
Num 18:4	אֲלֵי/כֶֽם	413	HR/Sp2mp
Num 18:5	וּ/שְׁמַרְתֶּ֗ם	c/8104	HC/Vqq2mp
Num 18:5	אֵ֚ת	853	HTo
Num 18:5	מִשְׁמֶ֣רֶת	4931	HNcfsc
Num 18:5	הַ/קֹּ֔דֶשׁ	d/6944	HTd/Ncmsa
Num 18:5	וְ/אֵ֖ת	c/853	HC/To
Num 18:5	מִשְׁמֶ֣רֶת	4931	HNcfsc
Num 18:5	הַ/מִּזְבֵּ֑חַ	d/4196	HTd/Ncmsa
Num 18:5	וְ/לֹֽא	c/3808	HC/Tn
Num 18:5	יִהְיֶ֥ה	1961	HVqi3ms
Num 18:5	ע֛וֹד	5750	HD
Num 18:5	קֶ֖צֶף	7110 a	HNcmsa
Num 18:5	עַל	5921 a	HR
Num 18:5	בְּנֵ֥י	1121 a	HNcmpc
Num 18:5	יִשְׂרָאֵֽל	3478	HNp
Num 18:6	וַ/אֲנִ֗י	c/589	HC/Pp1cs
Num 18:6	הִנֵּ֤ה	2009	HTm
Num 18:6	לָקַ֨חְתִּי֙	3947	HVqp1cs
Num 18:6	אֶת	853	HTo
Num 18:6	אֲחֵי/כֶ֣ם	251	HNcmpc/Sp2mp
Num 18:6	הַ/לְוִיִּ֔ם	d/3881	HTd/Ngmpa
Num 18:6	מִ/תּ֖וֹךְ	m/8432	HR/Ncmsc
Num 18:6	בְּנֵ֣י	1121 a	HNcmpc
Num 18:6	יִשְׂרָאֵ֑ל	3478	HNp
Num 18:6	לָ/כֶ֞ם	l	HR/Sp2mp
Num 18:6	מַתָּנָ֤ה	4979	HNcfsa
Num 18:6	נְתֻנִים֙	5414	HVqsmpa
Num 18:6	לַֽ/יהוָ֔ה	l/3068	HR/Np
Num 18:6	לַ/עֲבֹ֕ד	l/5647	HR/Vqc
Num 18:6	אֶת	853	HTo
Num 18:6	עֲבֹדַ֖ת	5656	HNcfsc
Num 18:6	אֹ֥הֶל	168	HNcmsc
Num 18:6	מוֹעֵֽד	4150	HNcmsa
Num 18:7	וְ/אַתָּ֣ה	c/859 a	HC/Pp2ms
Num 18:7	וּ/בָנֶ֣י/ךָ	c/1121 a	HC/Ncmpc/Sp2ms
Num 18:7	אִ֠תְּ/ךָ	854	HR/Sp2ms
Num 18:7	תִּשְׁמְר֨וּ	8104	HVqi2mp
Num 18:7	אֶת	853	HTo
Num 18:7	כְּהֻנַּתְ/כֶ֜ם	3550	HNcfsc/Sp2mp
Num 18:7	לְ/כָל	l/3605	HR/Ncmsc
Num 18:7	דְּבַ֧ר	1697	HNcmsc
Num 18:7	הַ/מִּזְבֵּ֛חַ	d/4196	HTd/Ncmsa
Num 18:7	וּ/לְ/מִ/בֵּ֥ית	c/l/m/1004 b	HC/R/R/Ncmsc
Num 18:7	לַ/פָּרֹ֖כֶת	l/6532	HRd/Ncfsa
Num 18:7	וַ/עֲבַדְתֶּ֑ם	c/5647	HC/Vqq2mp
Num 18:7	עֲבֹדַ֣ת	5656	HNcfsc
Num 18:7	מַתָּנָ֗ה	4979	HNcfsa
Num 18:7	אֶתֵּן֙	5414	HVqi1cs
Num 18:7	אֶת	853	HTo
Num 18:7	כְּהֻנַּתְ/כֶ֔ם	3550	HNcfsc/Sp2mp
Num 18:7	וְ/הַ/זָּ֥ר	c/d/2114 a	HC/Td/Aamsa
Num 18:7	הַ/קָּרֵ֖ב	d/7126	HTd/Aamsa
Num 18:7	יוּמָֽת	4191	HVHi3ms
Num 18:8	וַ/יְדַבֵּ֣ר	c/1696	HC/Vpw3ms
Num 18:8	יְהוָה֮	3068	HNp
Num 18:8	אֶֽל	413	HR
Num 18:8	אַהֲרֹן֒	175	HNp
Num 18:8	וַ/אֲנִי֙	c/589	HC/Pp1cs
Num 18:8	הִנֵּ֣ה	2009	HTm
Num 18:8	נָתַ֣תִּֽי	5414	HVqp1cs
Num 18:8	לְ/ךָ֔	l	HR/Sp2ms
Num 18:8	אֶת	853	HTo
Num 18:8	מִשְׁמֶ֖רֶת	4931	HNcfsc
Num 18:8	תְּרוּמֹתָ֑/י	8641	HNcfpc/Sp1cs
Num 18:8	לְ/כָל	l/3605	HR/Ncmsc
Num 18:8	קָדְשֵׁ֣י	6918	HNcmpc
Num 18:8	בְנֵֽי	1121 a	HNcmpc
Num 18:8	יִ֠שְׂרָאֵל	3478	HNp
Num 18:8	לְ/ךָ֨	l	HR/Sp2ms
Num 18:8	נְתַתִּ֧י/ם	5414	HVqp1cs/Sp3mp
Num 18:8	לְ/מָשְׁחָ֛ה	l/4888 b	HR/Ncfsa
Num 18:8	וּ/לְ/בָנֶ֖י/ךָ	c/l/1121 a	HC/R/Ncmpc/Sp2ms
Num 18:8	לְ/חָק	l/2706	HR/Ncmsc
Num 18:8	עוֹלָֽם	5769	HNcmsa
Num 18:9	זֶֽה	2088	HPdxms
Num 18:9	יִהְיֶ֥ה	1961	HVqi3ms
Num 18:9	לְ/ךָ֛	l	HR/Sp2ms
Num 18:9	מִ/קֹּ֥דֶשׁ	m/6944	HR/Ncmsc
Num 18:9	הַ/קֳּדָשִׁ֖ים	d/6944	HTd/Ncmpa
Num 18:9	מִן	4480 a	HR
Num 18:9	הָ/אֵ֑שׁ	d/784	HTd/Ncbsa
Num 18:9	כָּל	3605	HNcmsc
Num 18:9	קָ֠רְבָּנָ/ם	7133 a	HNcmsc/Sp3mp
Num 18:9	לְֽ/כָל	l/3605	HR/Ncmsc
Num 18:9	מִנְחָתָ֞/ם	4503	HNcfsc/Sp3mp
Num 18:9	וּ/לְ/כָל	c/l/3605	HC/R/Ncmsc
Num 18:9	חַטָּאתָ֗/ם	2403 b	HNcfsc/Sp3mp
Num 18:9	וּ/לְ/כָל	c/l/3605	HC/R/Ncmsc
Num 18:9	אֲשָׁמָ/ם֙	817	HNcmsc/Sp3mp
Num 18:9	אֲשֶׁ֣ר	834 a	HTr
Num 18:9	יָשִׁ֣יבוּ	7725	HVhi3mp
Num 18:9	לִ֔/י	l	HR/Sp1cs
Num 18:9	קֹ֣דֶשׁ	6944	HNcmsc
Num 18:9	קָֽדָשִׁ֥ים	6944	HNcmpa
Num 18:9	לְ/ךָ֛	l	HR/Sp2ms
Num 18:9	ה֖וּא	1931	HPp3ms
Num 18:9	וּ/לְ/בָנֶֽי/ךָ	c/l/1121 a	HC/R/Ncmpc/Sp2ms
Num 18:10	בְּ/קֹ֥דֶשׁ	b/6944	HR/Ncmsc
Num 18:10	הַ/קֳּדָשִׁ֖ים	d/6944	HTd/Ncmpa
Num 18:10	תֹּאכֲלֶ֑/נּוּ	398	HVqi2ms/Sp3ms
Num 18:10	כָּל	3605	HNcmsc
Num 18:10	זָכָר֙	2145	HAamsa
Num 18:10	יֹאכַ֣ל	398	HVqi3ms
Num 18:10	אֹת֔/וֹ	853	HTo/Sp3ms
Num 18:10	קֹ֖דֶשׁ	6944	HNcmsa
Num 18:10	יִֽהְיֶה	1961	HVqi3ms
Num 18:10	לָּֽ/ךְ	l	HR/Sp2fs
Num 18:11	וְ/זֶה	c/2088	HC/Pdxms
Num 18:11	לְּ/ךָ֞	l	HR/Sp2ms
Num 18:11	תְּרוּמַ֣ת	8641	HNcfsc
Num 18:11	מַתָּנָ֗/ם	4976	HNcmsc/Sp3mp
Num 18:11	לְ/כָל	l/3605	HR/Ncmsc
Num 18:11	תְּנוּפֹת֮	8573	HNcfpc
Num 18:11	בְּנֵ֣י	1121 a	HNcmpc
Num 18:11	יִשְׂרָאֵל֒	3478	HNp
Num 18:11	לְ/ךָ֣	l	HR/Sp2ms
Num 18:11	נְתַתִּ֗י/ם	5414	HVqp1cs/Sp3mp
Num 18:11	וּ/לְ/בָנֶ֧י/ךָ	c/l/1121 a	HC/R/Ncmpc/Sp2ms
Num 18:11	וְ/לִ/בְנֹתֶ֛י/ךָ	c/l/1323	HC/R/Ncfpc/Sp2ms
Num 18:11	אִתְּ/ךָ֖	854	HR/Sp2ms
Num 18:11	לְ/חָק	l/2706	HR/Ncmsc
Num 18:11	עוֹלָ֑ם	5769	HNcmsa
Num 18:11	כָּל	3605	HNcmsc
Num 18:11	טָה֥וֹר	2889	HAamsa
Num 18:11	בְּ/בֵיתְ/ךָ֖	b/1004 b	HR/Ncmsc/Sp2ms
Num 18:11	יֹאכַ֥ל	398	HVqi3ms
Num 18:11	אֹתֽ/וֹ	853	HTo/Sp3ms
Num 18:12	כֹּ֚ל	3605	HNcmsc
Num 18:12	חֵ֣לֶב	2459	HNcmsc
Num 18:12	יִצְהָ֔ר	3323	HNcmsa
Num 18:12	וְ/כָל	c/3605	HC/Ncmsc
Num 18:12	חֵ֖לֶב	2459	HNcmsc
Num 18:12	תִּיר֣וֹשׁ	8492	HNcmsa
Num 18:12	וְ/דָגָ֑ן	c/1715	HC/Ncmsa
Num 18:12	רֵאשִׁיתָ֛/ם	7225	HNcfsc/Sp3mp
Num 18:12	אֲשֶׁר	834 a	HTr
Num 18:12	יִתְּנ֥וּ	5414	HVqi3mp
Num 18:12	לַֽ/יהוָ֖ה	l/3068	HR/Np
Num 18:12	לְ/ךָ֥	l	HR/Sp2ms
Num 18:12	נְתַתִּֽי/ם	5414	HVqp1cs/Sp3mp
Num 18:13	בִּכּוּרֵ֞י	1061	HNcbpc
Num 18:13	כָּל	3605	HNcmsc
Num 18:13	אֲשֶׁ֧ר	834 a	HTr
Num 18:13	בְּ/אַרְצָ֛/ם	b/776	HR/Ncbsc/Sp3mp
Num 18:13	אֲשֶׁר	834 a	HTr
Num 18:13	יָבִ֥יאוּ	935	HVhi3mp
Num 18:13	לַ/יהוָ֖ה	l/3068	HR/Np
Num 18:13	לְ/ךָ֣	l	HR/Sp2ms
Num 18:13	יִהְיֶ֑ה	1961	HVqi3ms
Num 18:13	כָּל	3605	HNcmsc
Num 18:13	טָה֥וֹר	2889	HAamsa
Num 18:13	בְּ/בֵיתְ/ךָ֖	b/1004 b	HR/Ncmsc/Sp2ms
Num 18:13	יֹאכֲלֶֽ/נּוּ	398	HVqi3ms/Sp3ms
Num 18:14	כָּל	3605	HNcmsc
Num 18:14	חֵ֥רֶם	2764 a	HNcmsa
Num 18:14	בְּ/יִשְׂרָאֵ֖ל	b/3478	HR/Np
Num 18:14	לְ/ךָ֥	l	HR/Sp2ms
Num 18:14	יִהְיֶֽה	1961	HVqi3ms
Num 18:15	כָּל	3605	HNcmsc
Num 18:15	פֶּ֣טֶר	6363 a	HNcmsc
Num 18:15	רֶ֠חֶם	7358	HNcmsa
Num 18:15	לְֽ/כָל	l/3605	HR/Ncmsc
Num 18:15	בָּשָׂ֞ר	1320	HNcmsa
Num 18:15	אֲשֶׁר	834 a	HTr
Num 18:15	יַקְרִ֧יבוּ	7126	HVhi3mp
Num 18:15	לַֽ/יהוָ֛ה	l/3068	HR/Np
Num 18:15	בָּ/אָדָ֥ם	b/120	HRd/Ncmsa
Num 18:15	וּ/בַ/בְּהֵמָ֖ה	c/b/929	HC/Rd/Ncfsa
Num 18:15	יִֽהְיֶה	1961	HVqi3ms
Num 18:15	לָּ֑/ךְ	l	HR/Sp2fs
Num 18:15	אַ֣ךְ	389	HTa
Num 18:15	פָּדֹ֣ה	6299	HVqa
Num 18:15	תִפְדֶּ֗ה	6299	HVqi2ms
Num 18:15	אֵ֚ת	853	HTo
Num 18:15	בְּכ֣וֹר	1060	HNcmsc
Num 18:15	הָֽ/אָדָ֔ם	d/120	HTd/Ncmsa
Num 18:15	וְ/אֵ֛ת	c/853	HC/To
Num 18:15	בְּכֽוֹר	1060	HNcmsc
Num 18:15	הַ/בְּהֵמָ֥ה	d/929	HTd/Ncfsa
Num 18:15	הַ/טְּמֵאָ֖ה	d/2931	HTd/Aafsa
Num 18:15	תִּפְדֶּֽה	6299	HVqi2ms
Num 18:16	וּ/פְדוּיָ/ו֙	c/6299	HC/Vqsmsc/Sp3ms
Num 18:16	מִ/בֶּן	m/1121 a	HR/Ncmsc
Num 18:16	חֹ֣דֶשׁ	2320	HNcmsa
Num 18:16	תִּפְדֶּ֔ה	6299	HVqi2ms
Num 18:16	בְּ/עֶ֨רְכְּ/ךָ֔	b/6187	HR/Ncmsc/Sp2ms
Num 18:16	כֶּ֛סֶף	3701	HNcmsc
Num 18:16	חֲמֵ֥שֶׁת	2568	HAcmsc
Num 18:16	שְׁקָלִ֖ים	8255	HNcmpa
Num 18:16	בְּ/שֶׁ֣קֶל	b/8255	HR/Ncmsc
Num 18:16	הַ/קֹּ֑דֶשׁ	d/6944	HTd/Ncmsa
Num 18:16	עֶשְׂרִ֥ים	6242	HAcbpa
Num 18:16	גֵּרָ֖ה	1626	HNcfsa
Num 18:16	הֽוּא	1931	HPp3ms
Num 18:17	אַ֣ךְ	389	HTa
Num 18:17	בְּֽכוֹר	1060	HNcmsc
Num 18:17	שׁ֡וֹר	7794	HNcmsa
Num 18:17	אֽוֹ	176 a	HC
Num 18:17	בְכ֨וֹר	1060	HNcmsc
Num 18:17	כֶּ֜שֶׂב	3775	HNcmsa
Num 18:17	אֽוֹ	176 a	HC
Num 18:17	בְכ֥וֹר	1060	HNcmsc
Num 18:17	עֵ֛ז	5795	HNcfsa
Num 18:17	לֹ֥א	3808	HTn
Num 18:17	תִפְדֶּ֖ה	6299	HVqi2ms
Num 18:17	קֹ֣דֶשׁ	6944	HNcmsa
Num 18:17	הֵ֑ם	1992	HPp3mp
Num 18:17	אֶת	853	HTo
Num 18:17	דָּמָ֞/ם	1818	HNcmsc/Sp3mp
Num 18:17	תִּזְרֹ֤ק	2236	HVqi2ms
Num 18:17	עַל	5921 a	HR
Num 18:17	הַ/מִּזְבֵּ֨חַ֙	d/4196	HTd/Ncmsa
Num 18:17	וְ/אֶת	c/853	HC/To
Num 18:17	חֶלְבָּ֣/ם	2459	HNcmsc/Sp3mp
Num 18:17	תַּקְטִ֔יר	6999 a	HVhi2ms
Num 18:17	אִשֶּׁ֛ה	801	HNcmsa
Num 18:17	לְ/רֵ֥יחַ	l/7381	HR/Ncmsc
Num 18:17	נִיחֹ֖חַ	5207	HNcmsa
Num 18:17	לַֽ/יהוָֽה	l/3068	HR/Np
Num 18:18	וּ/בְשָׂרָ֖/ם	c/1320	HC/Ncmsc/Sp3mp
Num 18:18	יִהְיֶה	1961	HVqi3ms
Num 18:18	לָּ֑/ךְ	l	HR/Sp2fs
Num 18:18	כַּ/חֲזֵ֧ה	k/2373	HR/Ncmsc
Num 18:18	הַ/תְּנוּפָ֛ה	d/8573	HTd/Ncfsa
Num 18:18	וּ/כְ/שׁ֥וֹק	c/k/7785	HC/R/Ncfsc
Num 18:18	הַ/יָּמִ֖ין	d/3225	HTd/Ncfsa
Num 18:18	לְ/ךָ֥	l	HR/Sp2ms
Num 18:18	יִהְיֶֽה	1961	HVqi3ms
Num 18:19	כֹּ֣ל	3605	HNcmsc
Num 18:19	תְּרוּמֹ֣ת	8641	HNcfpc
Num 18:19	הַ/קֳּדָשִׁ֗ים	d/6944	HTd/Ncmpa
Num 18:19	אֲשֶׁ֨ר	834 a	HTr
Num 18:19	יָרִ֥ימוּ	7311 a	HVhi3mp
Num 18:19	בְנֵֽי	1121 a	HNcmpc
Num 18:19	יִשְׂרָאֵל֮	3478	HNp
Num 18:19	לַֽ/יהוָה֒	l/3068	HR/Np
Num 18:19	נָתַ֣תִּֽי	5414	HVqp1cs
Num 18:19	לְ/ךָ֗	l	HR/Sp2ms
Num 18:19	וּ/לְ/בָנֶ֧י/ךָ	c/l/1121 a	HC/R/Ncmpc/Sp2ms
Num 18:19	וְ/לִ/בְנֹתֶ֛י/ךָ	c/l/1323	HC/R/Ncfpc/Sp2ms
Num 18:19	אִתְּ/ךָ֖	854	HR/Sp2ms
Num 18:19	לְ/חָק	l/2706	HR/Ncmsc
Num 18:19	עוֹלָ֑ם	5769	HNcmsa
Num 18:19	בְּרִית֩	1285	HNcfsc
Num 18:19	מֶ֨לַח	4417	HNcmsc
Num 18:19	עוֹלָ֥ם	5769	HNcmsa
Num 18:19	הִוא֙	1931	HPp3fs
Num 18:19	לִ/פְנֵ֣י	l/6440	HR/Ncbpc
Num 18:19	יְהוָ֔ה	3068	HNp
Num 18:19	לְ/ךָ֖	l	HR/Sp2ms
Num 18:19	וּ/לְ/זַרְעֲ/ךָ֥	c/l/2233	HC/R/Ncmsc/Sp2ms
Num 18:19	אִתָּֽ/ךְ	854	HR/Sp2fs
Num 18:20	וַ/יֹּ֨אמֶר	c/559	HC/Vqw3ms
Num 18:20	יְהוָ֜ה	3068	HNp
Num 18:20	אֶֽל	413	HR
Num 18:20	אַהֲרֹ֗ן	175	HNp
Num 18:20	בְּ/אַרְצָ/ם֙	b/776	HR/Ncbsc/Sp3mp
Num 18:20	לֹ֣א	3808	HTn
Num 18:20	תִנְחָ֔ל	5157	HVqi2ms
Num 18:20	וְ/חֵ֕לֶק	c/2506 a	HC/Ncmsa
Num 18:20	לֹא	3808	HTn
Num 18:20	יִהְיֶ֥ה	1961	HVqi3ms
Num 18:20	לְ/ךָ֖	l	HR/Sp2ms
Num 18:20	בְּ/תוֹכָ֑/ם	b/8432	HR/Ncmsc/Sp3mp
Num 18:20	אֲנִ֤י	589	HPp1cs
Num 18:20	חֶלְקְ/ךָ֙	2506 a	HNcmsc/Sp2ms
Num 18:20	וְ/נַחֲלָ֣תְ/ךָ֔	c/5159	HC/Ncfsc/Sp2ms
Num 18:20	בְּ/ת֖וֹךְ	b/8432	HR/Ncmsc
Num 18:20	בְּנֵ֥י	1121 a	HNcmpc
Num 18:20	יִשְׂרָאֵֽל	3478	HNp
Num 18:21	וְ/לִ/בְנֵ֣י	c/l/1121 a	HC/R/Ncmpc
Num 18:21	לֵוִ֔י	3878	HNp
Num 18:21	הִנֵּ֥ה	2009	HTm
Num 18:21	נָתַ֛תִּי	5414	HVqp1cs
Num 18:21	כָּל	3605	HNcmsc
Num 18:21	מַֽעֲשֵׂ֥ר	4643	HNcmsa
Num 18:21	בְּ/יִשְׂרָאֵ֖ל	b/3478	HR/Np
Num 18:21	לְ/נַחֲלָ֑ה	l/5159	HR/Ncfsa
Num 18:21	חֵ֤לֶף	2500	HR
Num 18:21	עֲבֹֽדָתָ/ם֙	5656	HNcfsc/Sp3mp
Num 18:21	אֲשֶׁר	834 a	HTr
Num 18:21	הֵ֣ם	1992	HPp3mp
Num 18:21	עֹֽבְדִ֔ים	5647	HVqrmpa
Num 18:21	אֶת	853	HTo
Num 18:21	עֲבֹדַ֖ת	5656	HNcfsc
Num 18:21	אֹ֥הֶל	168	HNcmsc
Num 18:21	מוֹעֵֽד	4150	HNcmsa
Num 18:22	וְ/לֹא	c/3808	HC/Tn
Num 18:22	יִקְרְב֥וּ	7126	HVqi3mp
Num 18:22	ע֛וֹד	5750	HD
Num 18:22	בְּנֵ֥י	1121 a	HNcmpc
Num 18:22	יִשְׂרָאֵ֖ל	3478	HNp
Num 18:22	אֶל	413	HR
Num 18:22	אֹ֣הֶל	168	HNcmsc
Num 18:22	מוֹעֵ֑ד	4150	HNcmsa
Num 18:22	לָ/שֵׂ֥את	l/5375	HR/Vqc
Num 18:22	חֵ֖טְא	2399	HNcmsa
Num 18:22	לָ/מֽוּת	l/4191	HR/Vqc
Num 18:23	וְ/עָבַ֨ד	c/5647	HC/Vqq3ms
Num 18:23	הַ/לֵּוִ֜י	d/3881	HTd/Ngmsa
Num 18:23	ה֗וּא	1931	HPp3ms
Num 18:23	אֶת	853	HTo
Num 18:23	עֲבֹדַת֙	5656	HNcfsc
Num 18:23	אֹ֣הֶל	168	HNcmsc
Num 18:23	מוֹעֵ֔ד	4150	HNcmsa
Num 18:23	וְ/הֵ֖ם	c/1992	HC/Pp3mp
Num 18:23	יִשְׂא֣וּ	5375	HVqi3mp
Num 18:23	עֲוֺנָ֑/ם	5771	HNcbsc/Sp3mp
Num 18:23	חֻקַּ֤ת	2708	HNcbsc
Num 18:23	עוֹלָם֙	5769	HNcmsa
Num 18:23	לְ/דֹרֹ֣תֵי/כֶ֔ם	l/1755	HR/Ncmpc/Sp2mp
Num 18:23	וּ/בְ/תוֹךְ֙	c/b/8432	HC/R/Ncmsc
Num 18:23	בְּנֵ֣י	1121 a	HNcmpc
Num 18:23	יִשְׂרָאֵ֔ל	3478	HNp
Num 18:23	לֹ֥א	3808	HTn
Num 18:23	יִנְחֲל֖וּ	5157	HVqi3mp
Num 18:23	נַחֲלָֽה	5159	HNcfsa
Num 18:24	כִּ֞י	3588 a	HC
Num 18:24	אֶת	853	HTo
Num 18:24	מַעְשַׂ֣ר	4643	HNcmsc
Num 18:24	בְּנֵֽי	1121 a	HNcmpc
Num 18:24	יִשְׂרָאֵ֗ל	3478	HNp
Num 18:24	אֲשֶׁ֨ר	834 a	HTr
Num 18:24	יָרִ֤ימוּ	7311 a	HVhi3mp
Num 18:24	לַֽ/יהוָה֙	l/3068	HR/Np
Num 18:24	תְּרוּמָ֔ה	8641	HNcfsa
Num 18:24	נָתַ֥תִּי	5414	HVqp1cs
Num 18:24	לַ/לְוִיִּ֖ם	l/3881	HRd/Ngmpa
Num 18:24	לְ/נַחֲלָ֑ה	l/5159	HR/Ncfsa
Num 18:24	עַל	5921 a	HR
Num 18:24	כֵּן֙	3651 c	HTm
Num 18:24	אָמַ֣רְתִּי	559	HVqp1cs
Num 18:24	לָ/הֶ֔ם	l	HR/Sp3mp
Num 18:24	בְּ/תוֹךְ֙	b/8432	HR/Ncmsc
Num 18:24	בְּנֵ֣י	1121 a	HNcmpc
Num 18:24	יִשְׂרָאֵ֔ל	3478	HNp
Num 18:24	לֹ֥א	3808	HTn
Num 18:24	יִנְחֲל֖וּ	5157	HVqi3mp
Num 18:24	נַחֲלָֽה	5159	HNcfsa
Num 18:25	וַ/יְדַבֵּ֥ר	c/1696	HC/Vpw3ms
Num 18:25	יְהוָ֖ה	3068	HNp
Num 18:25	אֶל	413	HR
Num 18:25	מֹשֶׁ֥ה	4872	HNp
Num 18:25	לֵּ/אמֹֽר	l/559	HR/Vqc
Num 18:26	וְ/אֶל	c/413	HC/R
Num 18:26	הַ/לְוִיִּ֣ם	d/3881	HTd/Ngmpa
Num 18:26	תְּדַבֵּר֮	1696	HVpi2ms
Num 18:26	וְ/אָמַרְתָּ֣	c/559	HC/Vqq2ms
Num 18:26	אֲלֵ/הֶם֒	413	HR/Sp3mp
Num 18:26	כִּֽי	3588 a	HC
Num 18:26	תִ֠קְחוּ	3947	HVqi2mp
Num 18:26	מֵ/אֵ֨ת	m/854	HR/R
Num 18:26	בְּנֵֽי	1121 a	HNcmpc
Num 18:26	יִשְׂרָאֵ֜ל	3478	HNp
Num 18:26	אֶת	853	HTo
Num 18:26	הַֽ/מַּעֲשֵׂ֗ר	d/4643	HTd/Ncmsa
Num 18:26	אֲשֶׁ֨ר	834 a	HTr
Num 18:26	נָתַ֧תִּי	5414	HVqp1cs
Num 18:26	לָ/כֶ֛ם	l	HR/Sp2mp
Num 18:26	מֵ/אִתָּ֖/ם	m/854	HR/R/Sp3mp
Num 18:26	בְּ/נַחֲלַתְ/כֶ֑ם	b/5159	HR/Ncfsc/Sp2mp
Num 18:26	וַ/הֲרֵמֹתֶ֤ם	c/7311 a	HC/Vhq2mp
Num 18:26	מִמֶּ֨/נּוּ֙	4480 a	HR/Sp1cp
Num 18:26	תְּרוּמַ֣ת	8641	HNcfsc
Num 18:26	יְהוָ֔ה	3068	HNp
Num 18:26	מַעֲשֵׂ֖ר	4643	HNcmsa
Num 18:26	מִן	4480 a	HR
Num 18:26	הַֽ/מַּעֲשֵֽׂר	d/4643	HTd/Ncmsa
Num 18:27	וְ/נֶחְשַׁ֥ב	c/2803	HC/VNq3ms
Num 18:27	לָ/כֶ֖ם	l	HR/Sp2mp
Num 18:27	תְּרוּמַתְ/כֶ֑ם	8641	HNcfsc/Sp2mp
Num 18:27	כַּ/דָּגָן֙	k/1715	HRd/Ncmsa
Num 18:27	מִן	4480 a	HR
Num 18:27	הַ/גֹּ֔רֶן	d/1637	HTd/Ncbsa
Num 18:27	וְ/כַֽ/מְלֵאָ֖ה	c/k/4395	HC/Rd/Ncfsa
Num 18:27	מִן	4480 a	HR
Num 18:27	הַ/יָּֽקֶב	d/3342	HTd/Ncmsa
Num 18:28	כֵּ֣ן	3651 c	HTm
Num 18:28	תָּרִ֤ימוּ	7311 a	HVhi2mp
Num 18:28	גַם	1571	HD
Num 18:28	אַתֶּם֙	859 d	HPp2mp
Num 18:28	תְּרוּמַ֣ת	8641	HNcfsc
Num 18:28	יְהוָ֔ה	3068	HNp
Num 18:28	מִ/כֹּל֙	m/3605	HR/Ncmsc
Num 18:28	מַעְשְׂרֹ֣תֵי/כֶ֔ם	4643	HNcmpc/Sp2mp
Num 18:28	אֲשֶׁ֣ר	834 a	HTr
Num 18:28	תִּקְח֔וּ	3947	HVqi2mp
Num 18:28	מֵ/אֵ֖ת	m/854	HR/R
Num 18:28	בְּנֵ֣י	1121 a	HNcmpc
Num 18:28	יִשְׂרָאֵ֑ל	3478	HNp
Num 18:28	וּ/נְתַתֶּ֤ם	c/5414	HC/Vqq2mp
Num 18:28	מִמֶּ֨/נּוּ֙	4480 a	HR/Sp1cp
Num 18:28	אֶת	853	HTo
Num 18:28	תְּרוּמַ֣ת	8641	HNcfsc
Num 18:28	יְהוָ֔ה	3068	HNp
Num 18:28	לְ/אַהֲרֹ֖ן	l/175	HR/Np
Num 18:28	הַ/כֹּהֵֽן	d/3548	HTd/Ncmsa
Num 18:29	מִ/כֹּל֙	m/3605	HR/Ncmsc
Num 18:29	מַתְּנֹ֣תֵי/כֶ֔ם	4979	HNcfpc/Sp2mp
Num 18:29	תָּרִ֕ימוּ	7311 a	HVhi2mp
Num 18:29	אֵ֖ת	853	HTo
Num 18:29	כָּל	3605	HNcmsc
Num 18:29	תְּרוּמַ֣ת	8641	HNcfsc
Num 18:29	יְהוָ֑ה	3068	HNp
Num 18:29	מִ/כָּל	m/3605	HR/Ncmsc
Num 18:29	חֶלְבּ֔/וֹ	2459	HNcmsc/Sp3ms
Num 18:29	אֶֽת	853	HTo
Num 18:29	מִקְדְּשׁ֖/וֹ	4720	HNcmsc/Sp3ms
Num 18:29	מִמֶּֽ/נּוּ	4480 a	HR/Sp3ms
Num 18:30	וְ/אָמַרְתָּ֖	c/559	HC/Vqq2ms
Num 18:30	אֲלֵ/הֶ֑ם	413	HR/Sp3mp
Num 18:30	בַּ/הֲרִֽימְ/כֶ֤ם	b/7311 a	HR/Vhc/Sp2mp
Num 18:30	אֶת	853	HTo
Num 18:30	חֶלְבּ/וֹ֙	2459	HNcmsc/Sp3ms
Num 18:30	מִמֶּ֔/נּוּ	4480 a	HR/Sp1cp
Num 18:30	וְ/נֶחְשַׁב֙	c/2803	HC/VNq3ms
Num 18:30	לַ/לְוִיִּ֔ם	l/3881	HRd/Ngmpa
Num 18:30	כִּ/תְבוּאַ֥ת	k/8393	HR/Ncfsc
Num 18:30	גֹּ֖רֶן	1637	HNcbsa
Num 18:30	וְ/כִ/תְבוּאַ֥ת	c/k/8393	HC/R/Ncfsc
Num 18:30	יָֽקֶב	3342	HNcmsa
Num 18:31	וַ/אֲכַלְתֶּ֤ם	c/398	HC/Vqq2mp
Num 18:31	אֹת/וֹ֙	853	HTo/Sp3ms
Num 18:31	בְּ/כָל	b/3605	HR/Ncmsc
Num 18:31	מָק֔וֹם	4725	HNcmsa
Num 18:31	אַתֶּ֖ם	859 d	HPp2mp
Num 18:31	וּ/בֵֽיתְ/כֶ֑ם	c/1004 b	HC/Ncmsc/Sp2mp
Num 18:31	כִּֽי	3588 a	HC
Num 18:31	שָׂכָ֥ר	7939	HNcmsa
Num 18:31	הוּא֙	1931	HPp3ms
Num 18:31	לָ/כֶ֔ם	l	HR/Sp2mp
Num 18:31	חֵ֥לֶף	2500	HR
Num 18:31	עֲבֹֽדַתְ/כֶ֖ם	5656	HNcfsc/Sp2mp
Num 18:31	בְּ/אֹ֥הֶל	b/168	HR/Ncmsc
Num 18:31	מוֹעֵֽד	4150	HNcmsa
Num 18:32	וְ/לֹֽא	c/3808	HC/Tn
Num 18:32	תִשְׂא֤וּ	5375	HVqi2mp
Num 18:32	עָלָי/ו֙	5921 a	HR/Sp3ms
Num 18:32	חֵ֔טְא	2399	HNcmsa
Num 18:32	בַּ/הֲרִֽימְ/כֶ֥ם	b/7311 a	HR/Vhc/Sp2mp
Num 18:32	אֶת	853	HTo
Num 18:32	חֶלְבּ֖/וֹ	2459	HNcmsc/Sp3ms
Num 18:32	מִמֶּ֑/נּוּ	4480 a	HR/Sp1cp
Num 18:32	וְ/אֶת	c/853	HC/To
Num 18:32	קָדְשֵׁ֧י	6918	HNcmpc
Num 18:32	בְנֵי	1121 a	HNcmpc
Num 18:32	יִשְׂרָאֵ֛ל	3478	HNp
Num 18:32	לֹ֥א	3808	HTn
Num 18:32	תְחַלְּל֖וּ	2490 c	HVpi2mp
Num 18:32	וְ/לֹ֥א	c/3808	HC/Tn
Num 18:32	תָמֽוּתוּ	4191	HVqi2mp
Num 19:1	וַ/יְדַבֵּ֣ר	c/1696	HC/Vpw3ms
Num 19:1	יְהוָ֔ה	3068	HNp
Num 19:1	אֶל	413	HR
Num 19:1	מֹשֶׁ֥ה	4872	HNp
Num 19:1	וְ/אֶֽל	c/413	HC/R
Num 19:1	אַהֲרֹ֖ן	175	HNp
Num 19:1	לֵ/אמֹֽר	l/559	HR/Vqc
Num 19:2	זֹ֚את	2063	HPdxfs
Num 19:2	חֻקַּ֣ת	2708	HNcbsc
Num 19:2	הַ/תּוֹרָ֔ה	d/8451	HTd/Ncfsa
Num 19:2	אֲשֶׁר	834 a	HTr
Num 19:2	צִוָּ֥ה	6680	HVpp3ms
Num 19:2	יְהוָ֖ה	3068	HNp
Num 19:2	לֵ/אמֹ֑ר	l/559	HR/Vqc
Num 19:2	דַּבֵּ֣ר	1696	HVpv2ms
Num 19:2	אֶל	413	HR
Num 19:2	בְּנֵ֣י	1121 a	HNcmpc
Num 19:2	יִשְׂרָאֵ֗ל	3478	HNp
Num 19:2	וְ/יִקְח֣וּ	c/3947	HC/Vqi3mp
Num 19:2	אֵלֶי/ךָ֩	413	HR/Sp2ms
Num 19:2	פָרָ֨ה	6510	HNcfsa
Num 19:2	אֲדֻמָּ֜ה	122 a	HAafsa
Num 19:2	תְּמִימָ֗ה	8549	HAafsa
Num 19:2	אֲשֶׁ֤ר	834 a	HTr
Num 19:2	אֵֽין	369	HTn
Num 19:2	בָּ/הּ֙	b	HR/Sp3fs
Num 19:2	מ֔וּם	3971 b	HNcmsa
Num 19:2	אֲשֶׁ֛ר	834 a	HTr
Num 19:2	לֹא	3808	HTn
Num 19:2	עָלָ֥ה	5927	HVqp3ms
Num 19:2	עָלֶ֖י/הָ	5921 a	HR/Sp3fs
Num 19:2	עֹֽל	5923	HNcmsa
Num 19:3	וּ/נְתַתֶּ֣ם	c/5414	HC/Vqq2mp
Num 19:3	אֹתָ֔/הּ	853	HTo/Sp3fs
Num 19:3	אֶל	413	HR
Num 19:3	אֶלְעָזָ֖ר	499	HNp
Num 19:3	הַ/כֹּהֵ֑ן	d/3548	HTd/Ncmsa
Num 19:3	וְ/הוֹצִ֤יא	c/3318	HC/Vhq3ms
Num 19:3	אֹתָ/הּ֙	853	HTo/Sp3fs
Num 19:3	אֶל	413	HR
Num 19:3	מִ/ח֣וּץ	m/2351	HR/Ncmsa
Num 19:3	לַֽ/מַּחֲנֶ֔ה	l/4264	HRd/Ncbsa
Num 19:3	וְ/שָׁחַ֥ט	c/7819 a	HC/Vqq3ms
Num 19:3	אֹתָ֖/הּ	853	HTo/Sp3fs
Num 19:3	לְ/פָנָֽי/ו	l/6440	HR/Ncbpc/Sp3ms
Num 19:4	וְ/לָקַ֞ח	c/3947	HC/Vqq3ms
Num 19:4	אֶלְעָזָ֧ר	499	HNp
Num 19:4	הַ/כֹּהֵ֛ן	d/3548	HTd/Ncmsa
Num 19:4	מִ/דָּמָ֖/הּ	m/1818	HR/Ncmsc/Sp3fs
Num 19:4	בְּ/אֶצְבָּע֑/וֹ	b/676	HR/Ncfsc/Sp3ms
Num 19:4	וְ/הִזָּ֞ה	c/5137 a	HC/Vhq3ms
Num 19:4	אֶל	413	HR
Num 19:4	נֹ֨כַח	5227	HR
Num 19:4	פְּנֵ֧י	6440	HNcbpc
Num 19:4	אֹֽהֶל	168	HNcmsc
Num 19:4	מוֹעֵ֛ד	4150	HNcmsa
Num 19:4	מִ/דָּמָ֖/הּ	m/1818	HR/Ncmsc/Sp3fs
Num 19:4	שֶׁ֥בַע	7651	HAcfsa
Num 19:4	פְּעָמִֽים	6471	HNcfpa
Num 19:5	וְ/שָׂרַ֥ף	c/8313	HC/Vqq3ms
Num 19:5	אֶת	853	HTo
Num 19:5	הַ/פָּרָ֖ה	d/6510	HTd/Ncfsa
Num 19:5	לְ/עֵינָ֑י/ו	l/5869 a	HR/Ncbdc/Sp3ms
Num 19:5	אֶת	853	HTo
Num 19:5	עֹרָ֤/הּ	5785	HNcmsc/Sp3fs
Num 19:5	וְ/אֶת	c/853	HC/To
Num 19:5	בְּשָׂרָ/הּ֙	1320	HNcmsc/Sp3fs
Num 19:5	וְ/אֶת	c/853	HC/To
Num 19:5	דָּמָ֔/הּ	1818	HNcmsc/Sp3fs
Num 19:5	עַל	5921 a	HR
Num 19:5	פִּרְשָׁ֖/הּ	6569	HNcmsc/Sp3fs
Num 19:5	יִשְׂרֹֽף	8313	HVqi3ms
Num 19:6	וְ/לָקַ֣ח	c/3947	HC/Vqq3ms
Num 19:6	הַ/כֹּהֵ֗ן	d/3548	HTd/Ncmsa
Num 19:6	עֵ֥ץ	6086	HNcmsc
Num 19:6	אֶ֛רֶז	730	HNcmsa
Num 19:6	וְ/אֵז֖וֹב	c/231	HC/Ncmsa
Num 19:6	וּ/שְׁנִ֣י	c/8144	HC/Ncmsc
Num 19:6	תוֹלָ֑עַת	8438 b	HNcfsa
Num 19:6	וְ/הִשְׁלִ֕יךְ	c/7993	HC/Vhq3ms
Num 19:6	אֶל	413	HR
Num 19:6	תּ֖וֹךְ	8432	HNcmsc
Num 19:6	שְׂרֵפַ֥ת	8316	HNcfsc
Num 19:6	הַ/פָּרָֽה	d/6510	HTd/Ncfsa
Num 19:7	וְ/כִבֶּ֨ס	c/3526	HC/Vpq3ms
Num 19:7	בְּגָדָ֜י/ו	899 b	HNcmpc/Sp3ms
Num 19:7	הַ/כֹּהֵ֗ן	d/3548	HTd/Ncmsa
Num 19:7	וְ/רָחַ֤ץ	c/7364	HC/Vqq3ms
Num 19:7	בְּשָׂר/וֹ֙	1320	HNcmsc/Sp3ms
Num 19:7	בַּ/מַּ֔יִם	b/4325	HRd/Ncmpa
Num 19:7	וְ/אַחַ֖ר	c/310 a	HC/D
Num 19:7	יָב֣וֹא	935	HVqi3ms
Num 19:7	אֶל	413	HR
Num 19:7	הַֽ/מַּחֲנֶ֑ה	d/4264	HTd/Ncbsa
Num 19:7	וְ/טָמֵ֥א	c/2930 a	HC/Vqq3ms
Num 19:7	הַ/כֹּהֵ֖ן	d/3548	HTd/Ncmsa
Num 19:7	עַד	5704	HR
Num 19:7	הָ/עָֽרֶב	d/6153	HTd/Ncmsa
Num 19:8	וְ/הַ/שֹּׂרֵ֣ף	c/d/8313	HC/Td/Vqrmsa
Num 19:8	אֹתָ֔/הּ	853	HTo/Sp3fs
Num 19:8	יְכַבֵּ֤ס	3526	HVpi3ms
Num 19:8	בְּגָדָי/ו֙	899 b	HNcmpc/Sp3ms
Num 19:8	בַּ/מַּ֔יִם	b/4325	HRd/Ncmpa
Num 19:8	וְ/רָחַ֥ץ	c/7364	HC/Vqq3ms
Num 19:8	בְּשָׂר֖/וֹ	1320	HNcmsc/Sp3ms
Num 19:8	בַּ/מָּ֑יִם	b/4325	HRd/Ncmpa
Num 19:8	וְ/טָמֵ֖א	c/2930 a	HC/Vqq3ms
Num 19:8	עַד	5704	HR
Num 19:8	הָ/עָֽרֶב	d/6153	HTd/Ncmsa
Num 19:9	וְ/אָסַ֣ף	c/622	HC/Vqq3ms
Num 19:9	אִ֣ישׁ	376	HNcmsa
Num 19:9	טָה֗וֹר	2889	HAamsa
Num 19:9	אֵ֚ת	853	HTo
Num 19:9	אֵ֣פֶר	665	HNcmsc
Num 19:9	הַ/פָּרָ֔ה	d/6510	HTd/Ncfsa
Num 19:9	וְ/הִנִּ֛יחַ	c/3240	HC/Vhq3ms
Num 19:9	מִ/ח֥וּץ	m/2351	HR/Ncmsa
Num 19:9	לַֽ/מַּחֲנֶ֖ה	l/4264	HRd/Ncbsa
Num 19:9	בְּ/מָק֣וֹם	b/4725	HR/Ncmsa
Num 19:9	טָה֑וֹר	2889	HAamsa
Num 19:9	וְ֠/הָיְתָה	c/1961	HC/Vqq3fs
Num 19:9	לַ/עֲדַ֨ת	l/5712	HR/Ncfsc
Num 19:9	בְּנֵֽי	1121 a	HNcmpc
Num 19:9	יִשְׂרָאֵ֧ל	3478	HNp
Num 19:9	לְ/מִשְׁמֶ֛רֶת	l/4931	HR/Ncfsa
Num 19:9	לְ/מֵ֥י	l/4325	HR/Ncmpc
Num 19:9	נִדָּ֖ה	5079	HNcfsa
Num 19:9	חַטָּ֥את	2403 b	HNcfsa
Num 19:9	הִֽוא	1931	HPp3fs
Num 19:10	וְ֠/כִבֶּס	c/3526	HC/Vpq3ms
Num 19:10	הָ/אֹסֵ֨ף	d/622	HTd/Vqrmsa
Num 19:10	אֶת	853	HTo
Num 19:10	אֵ֤פֶר	665	HNcmsc
Num 19:10	הַ/פָּרָה֙	d/6510	HTd/Ncfsa
Num 19:10	אֶת	853	HTo
Num 19:10	בְּגָדָ֔י/ו	899 b	HNcmpc/Sp3ms
Num 19:10	וְ/טָמֵ֖א	c/2930 a	HC/Vqq3ms
Num 19:10	עַד	5704	HR
Num 19:10	הָ/עָ֑רֶב	d/6153	HTd/Ncmsa
Num 19:10	וְֽ/הָיְתָ֞ה	c/1961	HC/Vqq3fs
Num 19:10	לִ/בְנֵ֣י	l/1121 a	HR/Ncmpc
Num 19:10	יִשְׂרָאֵ֗ל	3478	HNp
Num 19:10	וְ/לַ/גֵּ֛ר	c/l/1616	HC/Rd/Ncmsa
Num 19:10	הַ/גָּ֥ר	d/1481 a	HTd/Vqrmsa
Num 19:10	בְּ/תוֹכָ֖/ם	b/8432	HR/Ncmsc/Sp3mp
Num 19:10	לְ/חֻקַּ֥ת	l/2708	HR/Ncbsc
Num 19:10	עוֹלָֽם	5769	HNcmsa
Num 19:11	הַ/נֹּגֵ֥עַ	d/5060	HTd/Vqrmsa
Num 19:11	בְּ/מֵ֖ת	b/4191	HR/Vqrmsa
Num 19:11	לְ/כָל	l/3605	HR/Ncmsc
Num 19:11	נֶ֣פֶשׁ	5315	HNcbsa
Num 19:11	אָדָ֑ם	120	HNcmsa
Num 19:11	וְ/טָמֵ֖א	c/2930 a	HC/Vqq3ms
Num 19:11	שִׁבְעַ֥ת	7651	HAcmsc
Num 19:11	יָמִֽים	3117	HNcmpa
Num 19:12	ה֣וּא	1931	HPp3ms
Num 19:12	יִתְחַטָּא	2398	HVti3ms
Num 19:12	ב֞/וֹ	b	HR/Sp3ms
Num 19:12	בַּ/יּ֧וֹם	b/3117	HRd/Ncmsa
Num 19:12	הַ/שְּׁלִישִׁ֛י	d/7992	HTd/Aomsa
Num 19:12	וּ/בַ/יּ֥וֹם	c/b/3117	HC/Rd/Ncmsa
Num 19:12	הַ/שְּׁבִיעִ֖י	d/7637	HTd/Aomsa
Num 19:12	יִטְהָ֑ר	2891	HVqi3ms
Num 19:12	וְ/אִם	c/518 a	HC/C
Num 19:12	לֹ֨א	3808	HTn
Num 19:12	יִתְחַטָּ֜א	2398	HVti3ms
Num 19:12	בַּ/יּ֧וֹם	b/3117	HRd/Ncmsa
Num 19:12	הַ/שְּׁלִישִׁ֛י	d/7992	HTd/Aomsa
Num 19:12	וּ/בַ/יּ֥וֹם	c/b/3117	HC/Rd/Ncmsa
Num 19:12	הַ/שְּׁבִיעִ֖י	d/7637	HTd/Aomsa
Num 19:12	לֹ֥א	3808	HTn
Num 19:12	יִטְהָֽר	2891	HVqi3ms
Num 19:13	כָּֽל	3605	HNcmsc
Num 19:13	הַ/נֹּגֵ֡עַ	d/5060	HTd/Vqrmsa
Num 19:13	בְּ/מֵ֣ת	b/4191	HR/Vqrmsa
Num 19:13	בְּ/נֶפֶשׁ֩	b/5315	HR/Ncbsc
Num 19:13	הָ/אָדָ֨ם	d/120	HTd/Ncmsa
Num 19:13	אֲשֶׁר	834 a	HTr
Num 19:13	יָמ֜וּת	4191	HVqi3ms
Num 19:13	וְ/לֹ֣א	c/3808	HC/Tn
Num 19:13	יִתְחַטָּ֗א	2398	HVti3ms
Num 19:13	אֶת	853	HTo
Num 19:13	מִשְׁכַּ֤ן	4908	HNcmsc
Num 19:13	יְהוָה֙	3068	HNp
Num 19:13	טִמֵּ֔א	2930 a	HVpp3ms
Num 19:13	וְ/נִכְרְתָ֛ה	c/3772	HC/VNq3fs
Num 19:13	הַ/נֶּ֥פֶשׁ	d/5315	HTd/Ncbsa
Num 19:13	הַ/הִ֖וא	d/1931	HTd/Pp3fs
Num 19:13	מִ/יִּשְׂרָאֵ֑ל	m/3478	HR/Np
Num 19:13	כִּי֩	3588 a	HC
Num 19:13	מֵ֨י	4325	HNcmpc
Num 19:13	נִדָּ֜ה	5079	HNcfsa
Num 19:13	לֹא	3808	HTn
Num 19:13	זֹרַ֤ק	2236	HVQp3ms
Num 19:13	עָלָי/ו֙	5921 a	HR/Sp3ms
Num 19:13	טָמֵ֣א	2931	HAamsa
Num 19:13	יִהְיֶ֔ה	1961	HVqi3ms
Num 19:13	ע֖וֹד	5750	HD
Num 19:13	טֻמְאָת֥/וֹ	2932	HNcfsc/Sp3ms
Num 19:13	בֽ/וֹ	b	HR/Sp3ms
Num 19:14	זֹ֚את	2063	HPdxfs
Num 19:14	הַ/תּוֹרָ֔ה	d/8451	HTd/Ncfsa
Num 19:14	אָדָ֖ם	120	HNcmsa
Num 19:14	כִּֽי	3588 a	HC
Num 19:14	יָמ֣וּת	4191	HVqi3ms
Num 19:14	בְּ/אֹ֑הֶל	b/168	HR/Ncmsa
Num 19:14	כָּל	3605	HNcmsc
Num 19:14	הַ/בָּ֤א	d/935	HTd/Vqrmsa
Num 19:14	אֶל	413	HR
Num 19:14	הָ/אֹ֨הֶל֙	d/168	HTd/Ncmsa
Num 19:14	וְ/כָל	c/3605	HC/Ncmsc
Num 19:14	אֲשֶׁ֣ר	834 a	HTr
Num 19:14	בָּ/אֹ֔הֶל	b/168	HRd/Ncmsa
Num 19:14	יִטְמָ֖א	2930 a	HVqi3ms
Num 19:14	שִׁבְעַ֥ת	7651	HAcmsc
Num 19:14	יָמִֽים	3117	HNcmpa
Num 19:15	וְ/כֹל֙	c/3605	HC/Ncmsc
Num 19:15	כְּלִ֣י	3627	HNcmsa
Num 19:15	פָת֔וּחַ	6605 a	HVqsmsa
Num 19:15	אֲשֶׁ֛ר	834 a	HTr
Num 19:15	אֵין	369	HTn
Num 19:15	צָמִ֥יד	6781 b	HNcmsc
Num 19:15	פָּתִ֖יל	6616	HNcmsa
Num 19:15	עָלָ֑י/ו	5921 a	HR/Sp3ms
Num 19:15	טָמֵ֖א	2931	HAamsa
Num 19:15	הֽוּא	1931	HPp3ms
Num 19:16	וְ/כֹ֨ל	c/3605	HC/Ncmsa
Num 19:16	אֲשֶׁר	834 a	HTr
Num 19:16	יִגַּ֜ע	5060	HVqi3ms
Num 19:16	עַל	5921 a	HR
Num 19:16	פְּנֵ֣י	6440	HNcbpc
Num 19:16	הַ/שָּׂדֶ֗ה	d/7704 b	HTd/Ncmsa
Num 19:16	בַּֽ/חֲלַל	b/2491 a	HR/Aamsc
Num 19:16	חֶ֨רֶב֙	2719	HNcfsa
Num 19:16	א֣וֹ	176 a	HC
Num 19:16	בְ/מֵ֔ת	b/4191	HR/Vqrmsa
Num 19:16	אֽוֹ	176 a	HC
Num 19:16	בְ/עֶ֥צֶם	b/6106	HR/Ncfsc
Num 19:16	אָדָ֖ם	120	HNcmsa
Num 19:16	א֣וֹ	176 a	HC
Num 19:16	בְ/קָ֑בֶר	b/6913	HR/Ncmsa
Num 19:16	יִטְמָ֖א	2930 a	HVqi3ms
Num 19:16	שִׁבְעַ֥ת	7651	HAcmsc
Num 19:16	יָמִֽים	3117	HNcmpa
Num 19:17	וְ/לָֽקְחוּ֙	c/3947	HC/Vqq3cp
Num 19:17	לַ/טָּמֵ֔א	l/2931	HRd/Aamsa
Num 19:17	מֵ/עֲפַ֖ר	m/6083	HR/Ncmsc
Num 19:17	שְׂרֵפַ֣ת	8316	HNcfsc
Num 19:17	הַֽ/חַטָּ֑את	d/2403 b	HTd/Ncfsa
Num 19:17	וְ/נָתַ֥ן	c/5414	HC/Vqq3ms
Num 19:17	עָלָ֛י/ו	5921 a	HR/Sp3ms
Num 19:17	מַ֥יִם	4325	HNcmpa
Num 19:17	חַיִּ֖ים	2416 a	HAampa
Num 19:17	אֶל	413	HR
Num 19:17	כֶּֽלִי	3627	HNcmsa
Num 19:18	וְ/לָקַ֨ח	c/3947	HC/Vqq3ms
Num 19:18	אֵז֜וֹב	231	HNcmsa
Num 19:18	וְ/טָבַ֣ל	c/2881	HC/Vqq3ms
Num 19:18	בַּ/מַּיִם֮	b/4325	HRd/Ncmpa
Num 19:18	אִ֣ישׁ	376	HNcmsa
Num 19:18	טָהוֹר֒	2889	HAamsa
Num 19:18	וְ/הִזָּ֤ה	c/5137 a	HC/Vhq3ms
Num 19:18	עַל	5921 a	HR
Num 19:18	הָ/אֹ֨הֶל֙	d/168	HTd/Ncmsa
Num 19:18	וְ/עַל	c/5921 a	HC/R
Num 19:18	כָּל	3605	HNcmsc
Num 19:18	הַ/כֵּלִ֔ים	d/3627	HTd/Ncmpa
Num 19:18	וְ/עַל	c/5921 a	HC/R
Num 19:18	הַ/נְּפָשׁ֖וֹת	d/5315	HTd/Ncbpa
Num 19:18	אֲשֶׁ֣ר	834 a	HTr
Num 19:18	הָֽיוּ	1961	HVqp3cp
Num 19:18	שָׁ֑ם	8033	HD
Num 19:18	וְ/עַל	c/5921 a	HC/R
Num 19:18	הַ/נֹּגֵ֗עַ	d/5060	HTd/Vqrmsa
Num 19:18	בַּ/עֶ֨צֶם֙	b/6106	HRd/Ncfsa
Num 19:18	א֣וֹ	176 a	HC
Num 19:18	בֶֽ/חָלָ֔ל	b/2491 a	HRd/Aamsa
Num 19:18	א֥וֹ	176 a	HC
Num 19:18	בַ/מֵּ֖ת	b/4191	HRd/Vqrmsa
Num 19:18	א֥וֹ	176 a	HC
Num 19:18	בַ/קָּֽבֶר	b/6913	HRd/Ncmsa
Num 19:19	וְ/הִזָּ֤ה	c/5137 a	HC/Vhq3ms
Num 19:19	הַ/טָּהֹר֙	d/2889	HTd/Aamsa
Num 19:19	עַל	5921 a	HR
Num 19:19	הַ/טָּמֵ֔א	d/2931	HTd/Aamsa
Num 19:19	בַּ/יּ֥וֹם	b/3117	HRd/Ncmsa
Num 19:19	הַ/שְּׁלִישִׁ֖י	d/7992	HTd/Aomsa
Num 19:19	וּ/בַ/יּ֣וֹם	c/b/3117	HC/Rd/Ncmsa
Num 19:19	הַ/שְּׁבִיעִ֑י	d/7637	HTd/Aomsa
Num 19:19	וְ/חִטְּא/וֹ֙	c/2398	HC/Vpq3ms/Sp3ms
Num 19:19	בַּ/יּ֣וֹם	b/3117	HRd/Ncmsa
Num 19:19	הַ/שְּׁבִיעִ֔י	d/7637	HTd/Aomsa
Num 19:19	וְ/כִבֶּ֧ס	c/3526	HC/Vpq3ms
Num 19:19	בְּגָדָ֛י/ו	899 b	HNcmpc/Sp3ms
Num 19:19	וְ/רָחַ֥ץ	c/7364	HC/Vqq3ms
Num 19:19	בַּ/מַּ֖יִם	b/4325	HRd/Ncmpa
Num 19:19	וְ/טָהֵ֥ר	c/2891	HC/Vqq3ms
Num 19:19	בָּ/עָֽרֶב	b/6153	HRd/Ncmsa
Num 19:20	וְ/אִ֤ישׁ	c/376	HC/Ncmsa
Num 19:20	אֲשֶׁר	834 a	HTr
Num 19:20	יִטְמָא֙	2930 a	HVqi3ms
Num 19:20	וְ/לֹ֣א	c/3808	HC/Tn
Num 19:20	יִתְחַטָּ֔א	2398	HVti3ms
Num 19:20	וְ/נִכְרְתָ֛ה	c/3772	HC/VNq3fs
Num 19:20	הַ/נֶּ֥פֶשׁ	d/5315	HTd/Ncbsa
Num 19:20	הַ/הִ֖וא	d/1931	HTd/Pp3fs
Num 19:20	מִ/תּ֣וֹךְ	m/8432	HR/Ncmsc
Num 19:20	הַ/קָּהָ֑ל	d/6951	HTd/Ncmsa
Num 19:20	כִּי֩	3588 a	HC
Num 19:20	אֶת	853	HTo
Num 19:20	מִקְדַּ֨שׁ	4720	HNcmsc
Num 19:20	יְהוָ֜ה	3068	HNp
Num 19:20	טִמֵּ֗א	2930 a	HVpp3ms
Num 19:20	מֵ֥י	4325	HNcmpc
Num 19:20	נִדָּ֛ה	5079	HNcfsa
Num 19:20	לֹא	3808	HTn
Num 19:20	זֹרַ֥ק	2236	HVQp3ms
Num 19:20	עָלָ֖י/ו	5921 a	HR/Sp3ms
Num 19:20	טָמֵ֥א	2931	HAamsa
Num 19:20	הֽוּא	1931	HPp3ms
Num 19:21	וְ/הָיְתָ֥ה	c/1961	HC/Vqq3fs
Num 19:21	לָּ/הֶ֖ם	l	HR/Sp3mp
Num 19:21	לְ/חֻקַּ֣ת	l/2708	HR/Ncbsc
Num 19:21	עוֹלָ֑ם	5769	HNcmsa
Num 19:21	וּ/מַזֵּ֤ה	c/5137 a	HC/Vhrmsc
Num 19:21	מֵֽי	4325	HNcmpc
Num 19:21	הַ/נִּדָּה֙	d/5079	HTd/Ncfsa
Num 19:21	יְכַבֵּ֣ס	3526	HVpi3ms
Num 19:21	בְּגָדָ֔י/ו	899 b	HNcmpc/Sp3ms
Num 19:21	וְ/הַ/נֹּגֵ֨עַ֙	c/d/5060	HC/Td/Vqrmsa
Num 19:21	בְּ/מֵ֣י	b/4325	HR/Ncmpc
Num 19:21	הַ/נִּדָּ֔ה	d/5079	HTd/Ncfsa
Num 19:21	יִטְמָ֖א	2930 a	HVqi3ms
Num 19:21	עַד	5704	HR
Num 19:21	הָ/עָֽרֶב	d/6153	HTd/Ncmsa
Num 19:22	וְ/כֹ֛ל	c/3605	HC/Ncmsa
Num 19:22	אֲשֶׁר	834 a	HTr
Num 19:22	יִגַּע	5060	HVqi3ms
Num 19:22	בּ֥/וֹ	b	HR/Sp3ms
Num 19:22	הַ/טָּמֵ֖א	d/2931	HTd/Aamsa
Num 19:22	יִטְמָ֑א	2930 a	HVqi3ms
Num 19:22	וְ/הַ/נֶּ֥פֶשׁ	c/d/5315	HC/Td/Ncbsa
Num 19:22	הַ/נֹּגַ֖עַת	d/5060	HTd/Vqrfsa
Num 19:22	תִּטְמָ֥א	2930 a	HVqi3fs
Num 19:22	עַד	5704	HR
Num 19:22	הָ/עָֽרֶב	d/6153	HTd/Ncmsa
Num 20:1	וַ/יָּבֹ֣אוּ	c/935	HC/Vqw3mp
Num 20:1	בְנֵֽי	1121 a	HNcmpc
Num 20:1	יִ֠שְׂרָאֵל	3478	HNp
Num 20:1	כָּל	3605	HNcmsc
Num 20:1	הָ֨/עֵדָ֤ה	d/5712	HTd/Ncfsa
Num 20:1	מִדְבַּר	4057 b	HNcmsc
Num 20:1	צִן֙	6790	HNp
Num 20:1	בַּ/חֹ֣דֶשׁ	b/2320	HRd/Ncmsa
Num 20:1	הָֽ/רִאשׁ֔וֹן	d/7223	HTd/Aomsa
Num 20:1	וַ/יֵּ֥שֶׁב	c/3427	HC/Vqw3ms
Num 20:1	הָ/עָ֖ם	d/5971 a	HTd/Ncmsa
Num 20:1	בְּ/קָדֵ֑שׁ	b/6946	HR/Np
Num 20:1	וַ/תָּ֤מָת	c/4191	HC/Vqw3fs
Num 20:1	שָׁם֙	8033	HD
Num 20:1	מִרְיָ֔ם	4813	HNp
Num 20:1	וַ/תִּקָּבֵ֖ר	c/6912	HC/VNw3fs
Num 20:1	שָֽׁם	8033	HD
Num 20:2	וְ/לֹא	c/3808	HC/Tn
Num 20:2	הָ֥יָה	1961	HVqp3ms
Num 20:2	מַ֖יִם	4325	HNcmpa
Num 20:2	לָ/עֵדָ֑ה	l/5712	HRd/Ncfsa
Num 20:2	וַ/יִּקָּ֣הֲל֔וּ	c/6950	HC/VNw3mp
Num 20:2	עַל	5921 a	HR
Num 20:2	מֹשֶׁ֖ה	4872	HNp
Num 20:2	וְ/עַֽל	c/5921 a	HC/R
Num 20:2	אַהֲרֹֽן	175	HNp
Num 20:3	וַ/יָּ֥רֶב	c/7378	HC/Vqw3ms
Num 20:3	הָ/עָ֖ם	d/5971 a	HTd/Ncmsa
Num 20:3	עִם	5973 a	HR
Num 20:3	מֹשֶׁ֑ה	4872	HNp
Num 20:3	וַ/יֹּאמְר֣וּ	c/559	HC/Vqw3mp
Num 20:3	לֵ/אמֹ֔ר	l/559	HR/Vqc
Num 20:3	וְ/ל֥וּ	c/3863	HC/C
Num 20:3	גָוַ֛עְנוּ	1478	HVqp1cp
Num 20:3	בִּ/גְוַ֥ע	b/1478	HR/Vqc
Num 20:3	אַחֵ֖י/נוּ	251	HNcmpc/Sp1cp
Num 20:3	לִ/פְנֵ֥י	l/6440	HR/Ncbpc
Num 20:3	יְהוָֽה	3068	HNp
Num 20:4	וְ/לָ/מָ֤ה	c/l/4100	HC/R/Ti
Num 20:4	הֲבֵאתֶם֙	935	HVhp2mp
Num 20:4	אֶת	853	HTo
Num 20:4	קְהַ֣ל	6951	HNcmsc
Num 20:4	יְהוָ֔ה	3068	HNp
Num 20:4	אֶל	413	HR
Num 20:4	הַ/מִּדְבָּ֖ר	d/4057 b	HTd/Ncmsa
Num 20:4	הַ/זֶּ֑ה	d/2088	HTd/Pdxms
Num 20:4	לָ/מ֣וּת	l/4191	HR/Vqc
Num 20:4	שָׁ֔ם	8033	HD
Num 20:4	אֲנַ֖חְנוּ	587	HPp1cp
Num 20:4	וּ/בְעִירֵֽ/נוּ	c/1165	HC/Ncmsc/Sp1cp
Num 20:5	וְ/לָ/מָ֤ה	c/l/4100	HC/R/Ti
Num 20:5	הֶֽעֱלִיתֻ֨/נוּ֙	5927	HVhp2mp/Sp1cp
Num 20:5	מִ/מִּצְרַ֔יִם	m/4714	HR/Np
Num 20:5	לְ/הָבִ֣יא	l/935	HR/Vhc
Num 20:5	אֹתָ֔/נוּ	853	HTo/Sp1cp
Num 20:5	אֶל	413	HR
Num 20:5	הַ/מָּק֥וֹם	d/4725	HTd/Ncmsa
Num 20:5	הָ/רָ֖ע	d/7451 a	HTd/Aamsa
Num 20:5	הַ/זֶּ֑ה	d/2088	HTd/Pdxms
Num 20:5	לֹ֣א	3808	HTn
Num 20:5	מְק֣וֹם	4725	HNcmsc
Num 20:5	זֶ֗רַע	2233	HNcmsa
Num 20:5	וּ/תְאֵנָ֤ה	c/8384	HC/Ncfsa
Num 20:5	וְ/גֶ֨פֶן֙	c/1612	HC/Ncbsa
Num 20:5	וְ/רִמּ֔וֹן	c/7416	HC/Ncmsa
Num 20:5	וּ/מַ֥יִם	c/4325	HC/Ncmpa
Num 20:5	אַ֖יִן	369	HTn
Num 20:5	לִ/שְׁתּֽוֹת	l/8354	HR/Vqc
Num 20:6	וַ/יָּבֹא֩	c/935	HC/Vqw3ms
Num 20:6	מֹשֶׁ֨ה	4872	HNp
Num 20:6	וְ/אַהֲרֹ֜ן	c/175	HC/Np
Num 20:6	מִ/פְּנֵ֣י	m/6440	HR/Ncbpc
Num 20:6	הַ/קָּהָ֗ל	d/6951	HTd/Ncmsa
Num 20:6	אֶל	413	HR
Num 20:6	פֶּ֨תַח֙	6607	HNcmsc
Num 20:6	אֹ֣הֶל	168	HNcmsa
Num 20:6	מוֹעֵ֔ד	4150	HNcmsa
Num 20:6	וַֽ/יִּפְּל֖וּ	c/5307	HC/Vqw3mp
Num 20:6	עַל	5921 a	HR
Num 20:6	פְּנֵי/הֶ֑ם	6440	HNcbpc/Sp3mp
Num 20:6	וַ/יֵּרָ֥א	c/7200	HC/VNw3ms
Num 20:6	כְבוֹד	3519	HNcbsc
Num 20:6	יְהוָ֖ה	3068	HNp
Num 20:6	אֲלֵי/הֶֽם	413	HR/Sp3mp
Num 20:7	וַ/יְדַבֵּ֥ר	c/1696	HC/Vpw3ms
Num 20:7	יְהוָ֖ה	3068	HNp
Num 20:7	אֶל	413	HR
Num 20:7	מֹשֶׁ֥ה	4872	HNp
Num 20:7	לֵּ/אמֹֽר	l/559	HR/Vqc
Num 20:8	קַ֣ח	3947	HVqv2ms
Num 20:8	אֶת	853	HTo
Num 20:8	הַ/מַּטֶּ֗ה	d/4294	HTd/Ncmsa
Num 20:8	וְ/הַקְהֵ֤ל	c/6950	HC/Vhv2ms
Num 20:8	אֶת	853	HTo
Num 20:8	הָ/עֵדָה֙	d/5712	HTd/Ncfsa
Num 20:8	אַתָּה֙	859 a	HPp2ms
Num 20:8	וְ/אַהֲרֹ֣ן	c/175	HC/Np
Num 20:8	אָחִ֔י/ךָ	251	HNcmsc/Sp2ms
Num 20:8	וְ/דִבַּרְתֶּ֧ם	c/1696	HC/Vpq2mp
Num 20:8	אֶל	413	HR
Num 20:8	הַ/סֶּ֛לַע	d/5553	HTd/Ncmsa
Num 20:8	לְ/עֵינֵי/הֶ֖ם	l/5869 a	HR/Ncbdc/Sp3mp
Num 20:8	וְ/נָתַ֣ן	c/5414	HC/Vqq3ms
Num 20:8	מֵימָ֑י/ו	4325	HNcmpc/Sp3ms
Num 20:8	וְ/הוֹצֵאתָ֨	c/3318	HC/Vhq2ms
Num 20:8	לָ/הֶ֥ם	l	HR/Sp3mp
Num 20:8	מַ֨יִם֙	4325	HNcmpa
Num 20:8	מִן	4480 a	HR
Num 20:8	הַ/סֶּ֔לַע	d/5553	HTd/Ncmsa
Num 20:8	וְ/הִשְׁקִיתָ֥	c/8248	HC/Vhq2ms
Num 20:8	אֶת	853	HTo
Num 20:8	הָ/עֵדָ֖ה	d/5712	HTd/Ncfsa
Num 20:8	וְ/אֶת	c/853	HC/To
Num 20:8	בְּעִירָֽ/ם	1165	HNcmsc/Sp3mp
Num 20:9	וַ/יִּקַּ֥ח	c/3947	HC/Vqw3ms
Num 20:9	מֹשֶׁ֛ה	4872	HNp
Num 20:9	אֶת	853	HTo
Num 20:9	הַ/מַּטֶּ֖ה	d/4294	HTd/Ncmsa
Num 20:9	מִ/לִּ/פְנֵ֣י	m/l/6440	HR/R/Ncbpc
Num 20:9	יְהוָ֑ה	3068	HNp
Num 20:9	כַּ/אֲשֶׁ֖ר	k/834 d	HR/Tr
Num 20:9	צִוָּֽ/הוּ	6680	HVpp3ms/Sp3ms
Num 20:10	וַ/יַּקְהִ֜לוּ	c/6950	HC/Vhw3mp
Num 20:10	מֹשֶׁ֧ה	4872	HNp
Num 20:10	וְ/אַהֲרֹ֛ן	c/175	HC/Np
Num 20:10	אֶת	853	HTo
Num 20:10	הַ/קָּהָ֖ל	d/6951	HTd/Ncmsa
Num 20:10	אֶל	413	HR
Num 20:10	פְּנֵ֣י	6440	HNcbpc
Num 20:10	הַ/סָּ֑לַע	d/5553	HTd/Ncmsa
Num 20:10	וַ/יֹּ֣אמֶר	c/559	HC/Vqw3ms
Num 20:10	לָ/הֶ֗ם	l	HR/Sp3mp
Num 20:10	שִׁמְעוּ	8085	HVqv2mp
Num 20:10	נָא֙	4994	HTe
Num 20:10	הַ/מֹּרִ֔ים	d/4784	HTd/Vqrmpa
Num 20:10	הֲ/מִן	i/4480 a	HTi/R
Num 20:10	הַ/סֶּ֣לַע	d/5553	HTd/Ncmsa
Num 20:10	הַ/זֶּ֔ה	d/2088	HTd/Pdxms
Num 20:10	נוֹצִ֥יא	3318	HVhi1cp
Num 20:10	לָ/כֶ֖ם	l	HR/Sp2mp
Num 20:10	מָֽיִם	4325	HNcmpa
Num 20:11	וַ/יָּ֨רֶם	c/7311 a	HC/Vhw3ms
Num 20:11	מֹשֶׁ֜ה	4872	HNp
Num 20:11	אֶת	853	HTo
Num 20:11	יָד֗/וֹ	3027	HNcbsc/Sp3ms
Num 20:11	וַ/יַּ֧ךְ	c/5221	HC/Vhw3ms
Num 20:11	אֶת	853	HTo
Num 20:11	הַ/סֶּ֛לַע	d/5553	HTd/Ncmsa
Num 20:11	בְּ/מַטֵּ֖/הוּ	b/4294	HR/Ncmsc/Sp3ms
Num 20:11	פַּעֲמָ֑יִם	6471	HNcfda
Num 20:11	וַ/יֵּצְאוּ֙	c/3318	HC/Vqw3mp
Num 20:11	מַ֣יִם	4325	HNcmpa
Num 20:11	רַבִּ֔ים	7227 a	HAampa
Num 20:11	וַ/תֵּ֥שְׁתְּ	c/8354	HC/Vqw3fs
Num 20:11	הָ/עֵדָ֖ה	d/5712	HTd/Ncfsa
Num 20:11	וּ/בְעִירָֽ/ם	c/1165	HC/Ncmsc/Sp3mp
Num 20:12	וַ/יֹּ֣אמֶר	c/559	HC/Vqw3ms
Num 20:12	יְהוָה֮	3068	HNp
Num 20:12	אֶל	413	HR
Num 20:12	מֹשֶׁ֣ה	4872	HNp
Num 20:12	וְ/אֶֽל	c/413	HC/R
Num 20:12	אַהֲרֹן֒	175	HNp
Num 20:12	יַ֚עַן	3282	HC
Num 20:12	לֹא	3808	HTn
Num 20:12	הֶאֱמַנְתֶּ֣ם	539	HVhp2mp
Num 20:12	בִּ֔/י	b	HR/Sp1cs
Num 20:12	לְ/הַ֨קְדִּישֵׁ֔/נִי	l/6942	HR/Vhc/Sp1cs
Num 20:12	לְ/עֵינֵ֖י	l/5869 a	HR/Ncbdc
Num 20:12	בְּנֵ֣י	1121 a	HNcmpc
Num 20:12	יִשְׂרָאֵ֑ל	3478	HNp
Num 20:12	לָ/כֵ֗ן	l/3651 c	HR/D
Num 20:12	לֹ֤א	3808	HTn
Num 20:12	תָבִ֨יאוּ֙	935	HVhi2mp
Num 20:12	אֶת	853	HTo
Num 20:12	הַ/קָּהָ֣ל	d/6951	HTd/Ncmsa
Num 20:12	הַ/זֶּ֔ה	d/2088	HTd/Pdxms
Num 20:12	אֶל	413	HR
Num 20:12	הָ/אָ֖רֶץ	d/776	HTd/Ncbsa
Num 20:12	אֲשֶׁר	834 a	HTr
Num 20:12	נָתַ֥תִּי	5414	HVqp1cs
Num 20:12	לָ/הֶֽם	l	HR/Sp3mp
Num 20:13	הֵ֚מָּה	1992	HPp3mp
Num 20:13	מֵ֣י	4325	HNcmpc
Num 20:13	מְרִיבָ֔ה	4809	HNp
Num 20:13	אֲשֶׁר	834 a	HTr
Num 20:13	רָב֥וּ	7378	HVqp3cp
Num 20:13	בְנֵֽי	1121 a	HNcmpc
Num 20:13	יִשְׂרָאֵ֖ל	3478	HNp
Num 20:13	אֶת	854	HR
Num 20:13	יְהוָ֑ה	3068	HNp
Num 20:13	וַ/יִּקָּדֵ֖שׁ	c/6942	HC/VNw3ms
Num 20:13	בָּֽ/ם	b	HR/Sp3mp
Num 20:14	וַ/יִּשְׁלַ֨ח	c/7971	HC/Vqw3ms
Num 20:14	מֹשֶׁ֧ה	4872	HNp
Num 20:14	מַלְאָכִ֛ים	4397	HNcmpa
Num 20:14	מִ/קָּדֵ֖שׁ	m/6946	HR/Np
Num 20:14	אֶל	413	HR
Num 20:14	מֶ֣לֶךְ	4428	HNcmsc
Num 20:14	אֱד֑וֹם	123	HNp
Num 20:14	כֹּ֤ה	3541	HD
Num 20:14	אָמַר֙	559	HVqp3ms
Num 20:14	אָחִ֣י/ךָ	251	HNcmsc/Sp2ms
Num 20:14	יִשְׂרָאֵ֔ל	3478	HNp
Num 20:14	אַתָּ֣ה	859 a	HPp2ms
Num 20:14	יָדַ֔עְתָּ	3045	HVqp2ms
Num 20:14	אֵ֥ת	853	HTo
Num 20:14	כָּל	3605	HNcmsc
Num 20:14	הַ/תְּלָאָ֖ה	d/8513	HTd/Ncfsa
Num 20:14	אֲשֶׁ֥ר	834 a	HTr
Num 20:14	מְצָאָֽתְ/נוּ	4672	HVqp3fs/Sp1cp
Num 20:15	וַ/יֵּרְד֤וּ	c/3381	HC/Vqw3mp
Num 20:15	אֲבֹתֵ֨י/נוּ֙	1	HNcmpc/Sp1cp
Num 20:15	מִצְרַ֔יְמָ/ה	4714	HNp/Sd
Num 20:15	וַ/נֵּ֥שֶׁב	c/3427	HC/Vqw1cp
Num 20:15	בְּ/מִצְרַ֖יִם	b/4714	HR/Np
Num 20:15	יָמִ֣ים	3117	HNcmpa
Num 20:15	רַבִּ֑ים	7227 a	HAampa
Num 20:15	וַ/יָּרֵ֥עוּ	c/7489 a	HC/Vhw3mp
Num 20:15	לָ֛/נוּ	l	HR/Sp1cp
Num 20:15	מִצְרַ֖יִם	4713	HNp
Num 20:15	וְ/לַ/אֲבֹתֵֽי/נוּ	c/l/1	HC/R/Ncmpc/Sp1cp
Num 20:16	וַ/נִּצְעַ֤ק	c/6817	HC/Vqw1cp
Num 20:16	אֶל	413	HR
Num 20:16	יְהוָה֙	3068	HNp
Num 20:16	וַ/יִּשְׁמַ֣ע	c/8085	HC/Vqw3ms
Num 20:16	קֹלֵ֔/נוּ	6963 a	HNcmsc/Sp1cp
Num 20:16	וַ/יִּשְׁלַ֣ח	c/7971	HC/Vqw3ms
Num 20:16	מַלְאָ֔ךְ	4397	HNcmsa
Num 20:16	וַ/יֹּצִאֵ֖/נוּ	c/3318	HC/Vhw3ms/Sp1cp
Num 20:16	מִ/מִּצְרָ֑יִם	m/4714	HR/Np
Num 20:16	וְ/הִנֵּה֙	c/2009	HC/Tm
Num 20:16	אֲנַ֣חְנוּ	587	HPp1cp
Num 20:16	בְ/קָדֵ֔שׁ	b/6946	HR/Np
Num 20:16	עִ֖יר	5892 b	HNcfsc
Num 20:16	קְצֵ֥ה	7097 a	HNcbsc
Num 20:16	גְבוּלֶֽ/ךָ	1366	HNcmsc/Sp2ms
Num 20:17	נַעְבְּרָה	5674 a	HVqh1cp
Num 20:17	נָּ֣א	4994	HTj
Num 20:17	בְ/אַרְצֶ֗/ךָ	b/776	HR/Ncbsc/Sp2ms
Num 20:17	לֹ֤א	3808	HTn
Num 20:17	נַעֲבֹר֙	5674 a	HVqi1cp
Num 20:17	בְּ/שָׂדֶ֣ה	b/7704 b	HR/Ncmsa
Num 20:17	וּ/בְ/כֶ֔רֶם	c/b/3754	HC/R/Ncbsa
Num 20:17	וְ/לֹ֥א	c/3808	HC/Tn
Num 20:17	נִשְׁתֶּ֖ה	8354	HVqi1cp
Num 20:17	מֵ֣י	4325	HNcmpc
Num 20:17	בְאֵ֑ר	875	HNcfsa
Num 20:17	דֶּ֧רֶךְ	1870	HNcbsc
Num 20:17	הַ/מֶּ֣לֶךְ	d/4428	HTd/Ncmsa
Num 20:17	נֵלֵ֗ךְ	3212	HVqi1cp
Num 20:17	לֹ֤א	3808	HTn
Num 20:17	נִטֶּה֙	5186	HVqi1cp
Num 20:17	יָמִ֣ין	3225	HNcfsa
Num 20:17	וּ/שְׂמֹ֔אול	c/8040	HC/Ncmsa
Num 20:17	עַ֥ד	5704	HR
Num 20:17	אֲשֶֽׁר	834 a	HTr
Num 20:17	נַעֲבֹ֖ר	5674 a	HVqi1cp
Num 20:17	גְּבוּלֶֽ/ךָ	1366	HNcmsc/Sp2ms
Num 20:18	וַ/יֹּ֤אמֶר	c/559	HC/Vqw3ms
Num 20:18	אֵלָי/ו֙	413	HR/Sp3ms
Num 20:18	אֱד֔וֹם	123	HNp
Num 20:18	לֹ֥א	3808	HTn
Num 20:18	תַעֲבֹ֖ר	5674 a	HVqi2ms
Num 20:18	בִּ֑/י	b	HR/Sp1cs
Num 20:18	פֶּן	6435	HC
Num 20:18	בַּ/חֶ֖רֶב	b/2719	HRd/Ncfsa
Num 20:18	אֵצֵ֥א	3318	HVqi1cs
Num 20:18	לִ/קְרָאתֶֽ/ךָ	l/7125	HR/Vqc/Sp2ms
Num 20:19	וַ/יֹּאמְר֨וּ	c/559	HC/Vqw3mp
Num 20:19	אֵלָ֥י/ו	413	HR/Sp3ms
Num 20:19	בְּנֵֽי	1121 a	HNcmpc
Num 20:19	יִשְׂרָאֵ֘ל	3478	HNp
Num 20:19	בַּֽ/מְסִלָּ֣ה	b/4546	HRd/Ncfsa
Num 20:19	נַעֲלֶה֒	5927	HVqi1cp
Num 20:19	וְ/אִם	c/518 a	HC/C
Num 20:19	מֵימֶ֤י/ךָ	4325	HNcmpc/Sp2ms
Num 20:19	נִשְׁתֶּה֙	8354	HVqi1cp
Num 20:19	אֲנִ֣י	589	HPp1cs
Num 20:19	וּ/מִקְנַ֔/י	c/4735	HC/Ncmpc/Sp1cs
Num 20:19	וְ/נָתַתִּ֖י	c/5414	HC/Vqq1cs
Num 20:19	מִכְרָ֑/ם	4377	HNcmsc/Sp3mp
Num 20:19	רַ֥ק	7535	HTa
Num 20:19	אֵין	369	HTn
Num 20:19	דָּבָ֖ר	1697	HNcmsa
Num 20:19	בְּ/רַגְלַ֥/י	b/7272	HR/Ncfdc/Sp1cs
Num 20:19	אֶֽעֱבֹֽרָה	5674 a	HVqh1cs
Num 20:20	וַ/יֹּ֖אמֶר	c/559	HC/Vqw3ms
Num 20:20	לֹ֣א	3808	HTn
Num 20:20	תַעֲבֹ֑ר	5674 a	HVqi2ms
Num 20:20	וַ/יֵּצֵ֤א	c/3318	HC/Vqw3ms
Num 20:20	אֱדוֹם֙	123	HNp
Num 20:20	לִ/קְרָאת֔/וֹ	l/7125	HR/Vqc/Sp3ms
Num 20:20	בְּ/עַ֥ם	b/5971 a	HR/Ncmsa
Num 20:20	כָּבֵ֖ד	3515	HAamsa
Num 20:20	וּ/בְ/יָ֥ד	c/b/3027	HC/R/Ncbsa
Num 20:20	חֲזָקָֽה	2389	HAafsa
Num 20:21	וַ/יְמָאֵ֣ן	c/3985	HC/Vpw3ms
Num 20:21	אֱד֗וֹם	123	HNp
Num 20:21	נְתֹן֙	5414	HVqc
Num 20:21	אֶת	853	HTo
Num 20:21	יִשְׂרָאֵ֔ל	3478	HNp
Num 20:21	עֲבֹ֖ר	5674 a	HVqc
Num 20:21	בִּ/גְבֻל֑/וֹ	b/1366	HR/Ncmsc/Sp3ms
Num 20:21	וַ/יֵּ֥ט	c/5186	HC/Vqw3ms
Num 20:21	יִשְׂרָאֵ֖ל	3478	HNp
Num 20:21	מֵ/עָלָֽי/ו	m/5921 a	HR/R/Sp3ms
Num 20:22	וַ/יִּסְע֖וּ	c/5265	HC/Vqw3mp
Num 20:22	מִ/קָּדֵ֑שׁ	m/6946	HR/Np
Num 20:22	וַ/יָּבֹ֧אוּ	c/935	HC/Vqw3mp
Num 20:22	בְנֵֽי	1121 a	HNcmpc
Num 20:22	יִשְׂרָאֵ֛ל	3478	HNp
Num 20:22	כָּל	3605	HNcmsc
Num 20:22	הָ/עֵדָ֖ה	d/5712	HTd/Ncfsa
Num 20:22	הֹ֥ר	2023	HNp
Num 20:22	הָ/הָֽר	d/2022	HTd/Ncmsa
Num 20:23	וַ/יֹּ֧אמֶר	c/559	HC/Vqw3ms
Num 20:23	יְהוָ֛ה	3068	HNp
Num 20:23	אֶל	413	HR
Num 20:23	מֹשֶׁ֥ה	4872	HNp
Num 20:23	וְ/אֶֽל	c/413	HC/R
Num 20:23	אַהֲרֹ֖ן	175	HNp
Num 20:23	בְּ/הֹ֣ר	b/2023	HR/Np
Num 20:23	הָ/הָ֑ר	d/2022	HTd/Ncmsa
Num 20:23	עַל	5921 a	HR
Num 20:23	גְּב֥וּל	1366	HNcmsc
Num 20:23	אֶֽרֶץ	776	HNcbsc
Num 20:23	אֱד֖וֹם	123	HNp
Num 20:23	לֵ/אמֹֽר	l/559	HR/Vqc
Num 20:24	יֵאָסֵ֤ף	622	HVNi3ms
Num 20:24	אַהֲרֹן֙	175	HNp
Num 20:24	אֶל	413	HR
Num 20:24	עַמָּ֔י/ו	5971 b	HNcmpc/Sp3ms
Num 20:24	כִּ֣י	3588 a	HC
Num 20:24	לֹ֤א	3808	HTn
Num 20:24	יָבֹא֙	935	HVqi3ms
Num 20:24	אֶל	413	HR
Num 20:24	הָ/אָ֔רֶץ	d/776	HTd/Ncbsa
Num 20:24	אֲשֶׁ֥ר	834 a	HTr
Num 20:24	נָתַ֖תִּי	5414	HVqp1cs
Num 20:24	לִ/בְנֵ֣י	l/1121 a	HR/Ncmpc
Num 20:24	יִשְׂרָאֵ֑ל	3478	HNp
Num 20:24	עַ֛ל	5921 a	HR
Num 20:24	אֲשֶׁר	834 a	HTr
Num 20:24	מְרִיתֶ֥ם	4784	HVqp2mp
Num 20:24	אֶת	853	HTo
Num 20:24	פִּ֖/י	6310	HNcmsc/Sp1cs
Num 20:24	לְ/מֵ֥י	l/4325	HR/Ncmpc
Num 20:24	מְרִיבָֽה	4809	HNp
Num 20:25	קַ֚ח	3947	HVqv2ms
Num 20:25	אֶֽת	853	HTo
Num 20:25	אַהֲרֹ֔ן	175	HNp
Num 20:25	וְ/אֶת	c/853	HC/To
Num 20:25	אֶלְעָזָ֖ר	499	HNp
Num 20:25	בְּנ֑/וֹ	1121 a	HNcmsc/Sp3ms
Num 20:25	וְ/הַ֥עַל	c/5927	HC/Vhv2ms
Num 20:25	אֹתָ֖/ם	853	HTo/Sp3mp
Num 20:25	הֹ֥ר	2023	HNp
Num 20:25	הָ/הָֽר	d/2022	HTd/Ncmsa
Num 20:26	וְ/הַפְשֵׁ֤ט	c/6584	HC/Vhv2ms
Num 20:26	אֶֽת	853	HTo
Num 20:26	אַהֲרֹן֙	175	HNp
Num 20:26	אֶת	853	HTo
Num 20:26	בְּגָדָ֔י/ו	899 b	HNcmpc/Sp3ms
Num 20:26	וְ/הִלְבַּשְׁתָּ֖/ם	c/3847	HC/Vhq2ms/Sp3mp
Num 20:26	אֶת	853	HTo
Num 20:26	אֶלְעָזָ֣ר	499	HNp
Num 20:26	בְּנ֑/וֹ	1121 a	HNcmsc/Sp3ms
Num 20:26	וְ/אַהֲרֹ֥ן	c/175	HC/Np
Num 20:26	יֵאָסֵ֖ף	622	HVNi3ms
Num 20:26	וּ/מֵ֥ת	c/4191	HC/Vqq3ms
Num 20:26	שָֽׁם	8033	HD
Num 20:27	וַ/יַּ֣עַשׂ	c/6213 a	HC/Vqw3ms
Num 20:27	מֹשֶׁ֔ה	4872	HNp
Num 20:27	כַּ/אֲשֶׁ֖ר	k/834 d	HR/Tr
Num 20:27	צִוָּ֣ה	6680	HVpp3ms
Num 20:27	יְהוָ֑ה	3068	HNp
Num 20:27	וַֽ/יַּעֲלוּ֙	c/5927	HC/Vqw3mp
Num 20:27	אֶל	413	HR
Num 20:27	הֹ֣ר	2023	HNp
Num 20:27	הָ/הָ֔ר	d/2022	HTd/Ncmsa
Num 20:27	לְ/עֵינֵ֖י	l/5869 a	HR/Ncbdc
Num 20:27	כָּל	3605	HNcmsc
Num 20:27	הָ/עֵדָֽה	d/5712	HTd/Ncfsa
Num 20:28	וַ/יַּפְשֵׁט֩	c/6584	HC/Vhw3ms
Num 20:28	מֹשֶׁ֨ה	4872	HNp
Num 20:28	אֶֽת	853	HTo
Num 20:28	אַהֲרֹ֜ן	175	HNp
Num 20:28	אֶת	853	HTo
Num 20:28	בְּגָדָ֗י/ו	899 b	HNcmpc/Sp3ms
Num 20:28	וַ/יַּלְבֵּ֤שׁ	c/3847	HC/Vhw3ms
Num 20:28	אֹתָ/ם֙	853	HTo/Sp3mp
Num 20:28	אֶת	853	HTo
Num 20:28	אֶלְעָזָ֣ר	499	HNp
Num 20:28	בְּנ֔/וֹ	1121 a	HNcmsc/Sp3ms
Num 20:28	וַ/יָּ֧מָת	c/4191	HC/Vqw3ms
Num 20:28	אַהֲרֹ֛ן	175	HNp
Num 20:28	שָׁ֖ם	8033	HD
Num 20:28	בְּ/רֹ֣אשׁ	b/7218 a	HR/Ncmsc
Num 20:28	הָ/הָ֑ר	d/2022	HTd/Ncmsa
Num 20:28	וַ/יֵּ֧רֶד	c/3381	HC/Vqw3ms
Num 20:28	מֹשֶׁ֛ה	4872	HNp
Num 20:28	וְ/אֶלְעָזָ֖ר	c/499	HC/Np
Num 20:28	מִן	4480 a	HR
Num 20:28	הָ/הָֽר	d/2022	HTd/Ncmsa
Num 20:29	וַ/יִּרְאוּ֙	c/7200	HC/Vqw3mp
Num 20:29	כָּל	3605	HNcmsc
Num 20:29	הָ֣/עֵדָ֔ה	d/5712	HTd/Ncfsa
Num 20:29	כִּ֥י	3588 a	HC
Num 20:29	גָוַ֖ע	1478	HVqp3ms
Num 20:29	אַהֲרֹ֑ן	175	HNp
Num 20:29	וַ/יִּבְכּ֤וּ	c/1058	HC/Vqw3mp
Num 20:29	אֶֽת	853	HTo
Num 20:29	אַהֲרֹן֙	175	HNp
Num 20:29	שְׁלֹשִׁ֣ים	7970	HAcbpa
Num 20:29	י֔וֹם	3117	HNcmsa
Num 20:29	כֹּ֖ל	3605	HNcmsc
Num 20:29	בֵּ֥ית	1004 b	HNcmsc
Num 20:29	יִשְׂרָאֵֽל	3478	HNp
Num 21:1	וַ/יִּשְׁמַ֞ע	c/8085	HC/Vqw3ms
Num 21:1	הַ/כְּנַעֲנִ֤י	d/3669 a	HTd/Ngmsa
Num 21:1	מֶֽלֶךְ	4428	HNcmsc
Num 21:1	עֲרָד֙	6166 a	HNp
Num 21:1	יֹשֵׁ֣ב	3427	HVqrmsc
Num 21:1	הַ/נֶּ֔גֶב	d/5045	HTd/Ncmsa
Num 21:1	כִּ֚י	3588 a	HC
Num 21:1	בָּ֣א	935	HVqp3ms
Num 21:1	יִשְׂרָאֵ֔ל	3478	HNp
Num 21:1	דֶּ֖רֶךְ	1870	HNcbsc
Num 21:1	הָ/אֲתָרִ֑ים	d/871	HTd/Np
Num 21:1	וַ/יִּלָּ֨חֶם֙	c/3898 a	HC/VNw3ms
Num 21:1	בְּ/יִשְׂרָאֵ֔ל	b/3478	HR/Np
Num 21:1	וַ/יִּ֥שְׁבְּ	c/7617	HC/Vqw3ms
Num 21:1	מִמֶּ֖/נּוּ	4480 a	HR/Sp1cp
Num 21:1	שֶֽׁבִי	7628 a	HNcbsa
Num 21:2	וַ/יִּדַּ֨ר	c/5087	HC/Vqw3ms
Num 21:2	יִשְׂרָאֵ֥ל	3478	HNp
Num 21:2	נֶ֛דֶר	5088	HNcmsa
Num 21:2	לַֽ/יהוָ֖ה	l/3068	HR/Np
Num 21:2	וַ/יֹּאמַ֑ר	c/559	HC/Vqw3ms
Num 21:2	אִם	518 a	HC
Num 21:2	נָתֹ֨ן	5414	HVqa
Num 21:2	תִּתֵּ֜ן	5414	HVqi2ms
Num 21:2	אֶת	853	HTo
Num 21:2	הָ/עָ֤ם	d/5971 a	HTd/Ncmsa
Num 21:2	הַ/זֶּה֙	d/2088	HTd/Pdxms
Num 21:2	בְּ/יָדִ֔/י	b/3027	HR/Ncbsc/Sp1cs
Num 21:2	וְ/הַֽחֲרַמְתִּ֖י	c/2763 a	HC/Vhq1cs
Num 21:2	אֶת	853	HTo
Num 21:2	עָרֵי/הֶֽם	5892 b	HNcfpc/Sp3mp
Num 21:3	וַ/יִּשְׁמַ֨ע	c/8085	HC/Vqw3ms
Num 21:3	יְהוָ֜ה	3068	HNp
Num 21:3	בְּ/ק֣וֹל	b/6963 a	HR/Ncmsc
Num 21:3	יִשְׂרָאֵ֗ל	3478	HNp
Num 21:3	וַ/יִּתֵּן֙	c/5414	HC/Vqw3ms
Num 21:3	אֶת	853	HTo
Num 21:3	הַֽ/כְּנַעֲנִ֔י	d/3669 a	HTd/Ngmsa
Num 21:3	וַ/יַּחֲרֵ֥ם	c/2763 a	HC/Vhw3ms
Num 21:3	אֶתְ/הֶ֖ם	853	HTo/Sp3mp
Num 21:3	וְ/אֶת	c/853	HC/To
Num 21:3	עָרֵי/הֶ֑ם	5892 b	HNcfpc/Sp3mp
Num 21:3	וַ/יִּקְרָ֥א	c/7121	HC/Vqw3ms
Num 21:3	שֵׁם	8034	HNcmsc
Num 21:3	הַ/מָּק֖וֹם	d/4725	HTd/Ncmsa
Num 21:3	חָרְמָֽה	2767	HNp
Num 21:4	וַ/יִּסְע֞וּ	c/5265	HC/Vqw3mp
Num 21:4	מֵ/הֹ֤ר	m/2023	HR/Np
Num 21:4	הָ/הָר֙	d/2022	HTd/Ncmsa
Num 21:4	דֶּ֣רֶךְ	1870	HNcbsc
Num 21:4	יַם	3220	HNcmsc
Num 21:4	ס֔וּף	5488	HNcmsa
Num 21:4	לִ/סְבֹ֖ב	l/5437	HR/Vqc
Num 21:4	אֶת	853	HTo
Num 21:4	אֶ֣רֶץ	776	HNcbsc
Num 21:4	אֱד֑וֹם	123	HNp
Num 21:4	וַ/תִּקְצַ֥ר	c/7114 a	HC/Vqw3fs
Num 21:4	נֶֽפֶשׁ	5315	HNcbsc
Num 21:4	הָ/עָ֖ם	d/5971 a	HTd/Ncmsa
Num 21:4	בַּ/דָּֽרֶךְ	b/1870	HRd/Ncbsa
Num 21:5	וַ/יְדַבֵּ֣ר	c/1696	HC/Vpw3ms
Num 21:5	הָ/עָ֗ם	d/5971 a	HTd/Ncmsa
Num 21:5	בֵּֽ/אלֹהִים֮	b/430	HR/Ncmpa
Num 21:5	וּ/בְ/מֹשֶׁה֒	c/b/4872	HC/R/Np
Num 21:5	לָ/מָ֤ה	l/4100	HR/Ti
Num 21:5	הֶֽעֱלִיתֻ֨/נוּ֙	5927	HVhp2mp/Sp1cp
Num 21:5	מִ/מִּצְרַ֔יִם	m/4714	HR/Np
Num 21:5	לָ/מ֖וּת	l/4191	HR/Vqc
Num 21:5	בַּ/מִּדְבָּ֑ר	b/4057 b	HRd/Ncmsa
Num 21:5	כִּ֣י	3588 a	HC
Num 21:5	אֵ֥ין	369	HTn
Num 21:5	לֶ֨חֶם֙	3899	HNcbsa
Num 21:5	וְ/אֵ֣ין	c/369	HC/Tn
Num 21:5	מַ֔יִם	4325	HNcmpa
Num 21:5	וְ/נַפְשֵׁ֣/נוּ	c/5315	HC/Ncbsc/Sp1cp
Num 21:5	קָ֔צָה	6973	HVqp3fs
Num 21:5	בַּ/לֶּ֖חֶם	b/3899	HRd/Ncbsa
Num 21:5	הַ/קְּלֹקֵֽל	d/7052	HTd/Aamsa
Num 21:6	וַ/יְשַׁלַּ֨ח	c/7971	HC/Vpw3ms
Num 21:6	יְהוָ֜ה	3068	HNp
Num 21:6	בָּ/עָ֗ם	b/5971 a	HRd/Ncmsa
Num 21:6	אֵ֚ת	853	HTo
Num 21:6	הַ/נְּחָשִׁ֣ים	d/5175	HTd/Ncmpa
Num 21:6	הַ/שְּׂרָפִ֔ים	d/8314 a	HTd/Ncmpa
Num 21:6	וַֽ/יְנַשְּׁכ֖וּ	c/5391 a	HC/Vpw3mp
Num 21:6	אֶת	853	HTo
Num 21:6	הָ/עָ֑ם	d/5971 a	HTd/Ncmsa
Num 21:6	וַ/יָּ֥מָת	c/4191	HC/Vqw3ms
Num 21:6	עַם	5971 a	HNcmsa
Num 21:6	רָ֖ב	7227 a	HAamsa
Num 21:6	מִ/יִּשְׂרָאֵֽל	m/3478	HR/Np
Num 21:7	וַ/יָּבֹא֩	c/935	HC/Vqw3ms
Num 21:7	הָ/עָ֨ם	d/5971 a	HTd/Ncmsa
Num 21:7	אֶל	413	HR
Num 21:7	מֹשֶׁ֜ה	4872	HNp
Num 21:7	וַ/יֹּאמְר֣וּ	c/559	HC/Vqw3mp
Num 21:7	חָטָ֗אנוּ	2398	HVqp1cp
Num 21:7	כִּֽי	3588 a	HC
Num 21:7	דִבַּ֤רְנוּ	1696	HVpp1cp
Num 21:7	בַֽ/יהוָה֙	b/3068	HR/Np
Num 21:7	וָ/בָ֔/ךְ	c/b	HC/R/Sp2fs
Num 21:7	הִתְפַּלֵּל֙	6419	HVtv2ms
Num 21:7	אֶל	413	HR
Num 21:7	יְהוָ֔ה	3068	HNp
Num 21:7	וְ/יָסֵ֥ר	c/5493	HC/Vhj3ms
Num 21:7	מֵ/עָלֵ֖י/נוּ	m/5921 a	HR/R/Sp1cp
Num 21:7	אֶת	853	HTo
Num 21:7	הַ/נָּחָ֑שׁ	d/5175	HTd/Ncmsa
Num 21:7	וַ/יִּתְפַּלֵּ֥ל	c/6419	HC/Vtw3ms
Num 21:7	מֹשֶׁ֖ה	4872	HNp
Num 21:7	בְּעַ֥ד	1157	HR
Num 21:7	הָ/עָֽם	d/5971 a	HTd/Ncmsa
Num 21:8	וַ/יֹּ֨אמֶר	c/559	HC/Vqw3ms
Num 21:8	יְהוָ֜ה	3068	HNp
Num 21:8	אֶל	413	HR
Num 21:8	מֹשֶׁ֗ה	4872	HNp
Num 21:8	עֲשֵׂ֤ה	6213 a	HVqv2ms
Num 21:8	לְ/ךָ֙	l	HR/Sp2ms
Num 21:8	שָׂרָ֔ף	8314 a	HNcmsa
Num 21:8	וְ/שִׂ֥ים	c/7760 a	HC/Vqv2ms
Num 21:8	אֹת֖/וֹ	853	HTo/Sp3ms
Num 21:8	עַל	5921 a	HR
Num 21:8	נֵ֑ס	5251	HNcmsa
Num 21:8	וְ/הָיָה֙	c/1961	HC/Vqq3ms
Num 21:8	כָּל	3605	HNcmsc
Num 21:8	הַ/נָּשׁ֔וּךְ	d/5391 a	HTd/Vqsmsa
Num 21:8	וְ/רָאָ֥ה	c/7200	HC/Vqq3ms
Num 21:8	אֹת֖/וֹ	853	HTo/Sp3ms
Num 21:8	וָ/חָֽי	c/2425	HC/Vqq3ms
Num 21:9	וַ/יַּ֤עַשׂ	c/6213 a	HC/Vqw3ms
Num 21:9	מֹשֶׁה֙	4872	HNp
Num 21:9	נְחַ֣שׁ	5175	HNcmsc
Num 21:9	נְחֹ֔שֶׁת	5178 a	HNcfsa
Num 21:9	וַ/יְשִׂמֵ֖/הוּ	c/7760 a	HC/Vqw3ms/Sp3ms
Num 21:9	עַל	5921 a	HR
Num 21:9	הַ/נֵּ֑ס	d/5251	HTd/Ncmsa
Num 21:9	וְ/הָיָ֗ה	c/1961	HC/Vqq3ms
Num 21:9	אִם	518 a	HC
Num 21:9	נָשַׁ֤ךְ	5391 a	HVqp3ms
Num 21:9	הַ/נָּחָשׁ֙	d/5175	HTd/Ncmsa
Num 21:9	אֶת	853	HTo
Num 21:9	אִ֔ישׁ	376	HNcmsa
Num 21:9	וְ/הִבִּ֛יט	c/5027	HC/Vhq3ms
Num 21:9	אֶל	413	HR
Num 21:9	נְחַ֥שׁ	5175	HNcmsc
Num 21:9	הַ/נְּחֹ֖שֶׁת	d/5178 a	HTd/Ncfsa
Num 21:9	וָ/חָֽי	c/2425	HC/Vqq3ms
Num 21:10	וַ/יִּסְע֖וּ	c/5265	HC/Vqw3mp
Num 21:10	בְּנֵ֣י	1121 a	HNcmpc
Num 21:10	יִשְׂרָאֵ֑ל	3478	HNp
Num 21:10	וַֽ/יַּחֲנ֖וּ	c/2583	HC/Vqw3mp
Num 21:10	בְּ/אֹבֹֽת	b/88	HR/Np
Num 21:11	וַ/יִּסְע֖וּ	c/5265	HC/Vqw3mp
Num 21:11	מֵ/אֹבֹ֑ת	m/88	HR/Np
Num 21:11	וַֽ/יַּחֲנ֞וּ	c/2583	HC/Vqw3mp
Num 21:11	בְּ/עִיֵּ֣י	b/5863+	HR/Np
Num 21:11	הָֽעֲבָרִ֗ים	5863	HNp
Num 21:11	בַּ/מִּדְבָּר֙	b/4057 b	HRd/Ncmsa
Num 21:11	אֲשֶׁר֙	834 a	HTr
Num 21:11	עַל	5921 a	HR
Num 21:11	פְּנֵ֣י	6440	HNcbpc
Num 21:11	מוֹאָ֔ב	4124	HNp
Num 21:11	מִ/מִּזְרַ֖ח	m/4217	HR/Ncmsc
Num 21:11	הַ/שָּֽׁמֶשׁ	d/8121	HTd/Ncbsa
Num 21:12	מִ/שָּׁ֖ם	m/8033	HR/D
Num 21:12	נָסָ֑עוּ	5265	HVqp3cp
Num 21:12	וַֽ/יַּחֲנ֖וּ	c/2583	HC/Vqw3mp
Num 21:12	בְּ/נַ֥חַל	b/5158 a	HR/Ncmsc
Num 21:12	זָֽרֶד	2218	HNp
Num 21:13	מִ/שָּׁם֮	m/8033	HR/D
Num 21:13	נָסָעוּ֒	5265	HVqp3cp
Num 21:13	וַֽ/יַּחֲנ֗וּ	c/2583	HC/Vqw3mp
Num 21:13	מֵ/עֵ֤בֶר	m/5676	HR/Ncmsc
Num 21:13	אַרְנוֹן֙	769	HNp
Num 21:13	אֲשֶׁ֣ר	834 a	HTr
Num 21:13	בַּ/מִּדְבָּ֔ר	b/4057 b	HRd/Ncmsa
Num 21:13	הַ/יֹּצֵ֖א	d/3318	HTd/Vqrmsa
Num 21:13	מִ/גְּב֣וּל	m/1366	HR/Ncmsc
Num 21:13	הָֽ/אֱמֹרִ֑י	d/567	HTd/Ngmsa
Num 21:13	כִּ֤י	3588 a	HC
Num 21:13	אַרְנוֹן֙	769	HNp
Num 21:13	גְּב֣וּל	1366	HNcmsc
Num 21:13	מוֹאָ֔ב	4124	HNp
Num 21:13	בֵּ֥ין	996	HR
Num 21:13	מוֹאָ֖ב	4124	HNp
Num 21:13	וּ/בֵ֥ין	c/996	HC/R
Num 21:13	הָ/אֱמֹרִֽי	d/567	HTd/Ngmsa
Num 21:14	עַל	5921 a	HR
Num 21:14	כֵּן֙	3651 c	HTm
Num 21:14	יֵֽאָמַ֔ר	559	HVNi3ms
Num 21:14	בְּ/סֵ֖פֶר	b/5612 a	HR/Ncmsc
Num 21:14	מִלְחֲמֹ֣ת	4421	HNcfpc
Num 21:14	יְהוָ֑ה	3068	HNp
Num 21:14	אֶת	853	HTo
Num 21:14	וָהֵ֣ב	2052	HNp
Num 21:14	בְּ/סוּפָ֔ה	b/5492 b	HR/Np
Num 21:14	וְ/אֶת	c/853	HC/To
Num 21:14	הַ/נְּחָלִ֖ים	d/5158 a	HTd/Ncmpa
Num 21:14	אַרְנֽוֹן	769	HNp
Num 21:15	וְ/אֶ֨שֶׁד֙	c/793	HC/Ncmsc
Num 21:15	הַ/נְּחָלִ֔ים	d/5158 a	HTd/Ncmpa
Num 21:15	אֲשֶׁ֥ר	834 a	HTr
Num 21:15	נָטָ֖ה	5186	HVqp3ms
Num 21:15	לְ/שֶׁ֣בֶת	l/3427	HR/Vqc
Num 21:15	עָ֑ר	6144	HNp
Num 21:15	וְ/נִשְׁעַ֖ן	c/8172	HC/VNq3ms
Num 21:15	לִ/גְב֥וּל	l/1366	HR/Ncmsc
Num 21:15	מוֹאָֽב	4124	HNp
Num 21:16	וּ/מִ/שָּׁ֖ם	c/m/8033	HC/R/D
Num 21:16	בְּאֵ֑רָ/ה	876	HNp/Sd
Num 21:16	הִ֣וא	1931	HPp3fs
Num 21:16	הַ/בְּאֵ֗ר	d/875	HTd/Ncfsa
Num 21:16	אֲשֶׁ֨ר	834 a	HTr
Num 21:16	אָמַ֤ר	559	HVqp3ms
Num 21:16	יְהוָה֙	3068	HNp
Num 21:16	לְ/מֹשֶׁ֔ה	l/4872	HR/Np
Num 21:16	אֱסֹף֙	622	HVqv2ms
Num 21:16	אֶת	853	HTo
Num 21:16	הָ/עָ֔ם	d/5971 a	HTd/Ncmsa
Num 21:16	וְ/אֶתְּנָ֥ה	c/5414	HC/Vqh1cs
Num 21:16	לָ/הֶ֖ם	l	HR/Sp3mp
Num 21:16	מָֽיִם	4325	HNcmpa
Num 21:17	אָ֚ז	227 a	HD
Num 21:17	יָשִׁ֣יר	7891	HVqi3ms
Num 21:17	יִשְׂרָאֵ֔ל	3478	HNp
Num 21:17	אֶת	853	HTo
Num 21:17	הַ/שִּׁירָ֖ה	d/7892 b	HTd/Ncbsa
Num 21:17	הַ/זֹּ֑את	d/2063	HTd/Pdxfs
Num 21:17	עֲלִ֥י	5927	HVqv2fs
Num 21:17	בְאֵ֖ר	875	HNcfsa
Num 21:17	עֱנוּ	6030 c	HVqv2mp
Num 21:17	לָֽ/הּ	l	HR/Sp3fs
Num 21:18	בְּאֵ֞ר	875	HNcfsa
Num 21:18	חֲפָר֣וּ/הָ	2658	HVqp3cp/Sp3fs
Num 21:18	שָׂרִ֗ים	8269	HNcmpa
Num 21:18	כָּר֨וּ/הָ֙	3738 b	HVqp3cp/Sp3fs
Num 21:18	נְדִיבֵ֣י	5081	HAampc
Num 21:18	הָ/עָ֔ם	d/5971 a	HTd/Ncmsa
Num 21:18	בִּ/מְחֹקֵ֖ק	b/2710	HR/Vmrmsa
Num 21:18	בְּ/מִשְׁעֲנֹתָ֑/ם	b/4938 b	HR/Ncfpc/Sp3mp
Num 21:18	וּ/מִ/מִּדְבָּ֖ר	c/m/4057 b	HC/R/Ncmsa
Num 21:18	מַתָּנָֽה	4980	HNp
Num 21:19	וּ/מִ/מַּתָּנָ֖ה	c/m/4980	HC/R/Np
Num 21:19	נַחֲלִיאֵ֑ל	5160	HNp
Num 21:19	וּ/מִ/נַּחֲלִיאֵ֖ל	c/m/5160	HC/R/Np
Num 21:19	בָּמֽוֹת	1120	HNp
Num 21:20	וּ/מִ/בָּמ֗וֹת	c/m/1120	HC/R/Np
Num 21:20	הַ/גַּיְא֙	d/1516	HTd/Ncbsa
Num 21:20	אֲשֶׁר֙	834 a	HTr
Num 21:20	בִּ/שְׂדֵ֣ה	b/7704 b	HR/Ncmsc
Num 21:20	מוֹאָ֔ב	4124	HNp
Num 21:20	רֹ֖אשׁ	7218 a	HNcmsc
Num 21:20	הַ/פִּסְגָּ֑ה	d/6449	HTd/Np
Num 21:20	וְ/נִשְׁקָ֖פָה	c/8259	HC/VNrfsa
Num 21:20	עַל	5921 a	HR
Num 21:20	פְּנֵ֥י	6440	HNcbpc
Num 21:20	הַ/יְשִׁימֹֽן	d/3452	HTd/Ncmsa
Num 21:21	וַ/יִּשְׁלַ֤ח	c/7971	HC/Vqw3ms
Num 21:21	יִשְׂרָאֵל֙	3478	HNp
Num 21:21	מַלְאָכִ֔ים	4397	HNcmpa
Num 21:21	אֶל	413	HR
Num 21:21	סִיחֹ֥ן	5511	HNp
Num 21:21	מֶֽלֶךְ	4428	HNcmsc
Num 21:21	הָ/אֱמֹרִ֖י	d/567	HTd/Ngmsa
Num 21:21	לֵ/אמֹֽר	l/559	HR/Vqc
Num 21:22	אֶעְבְּרָ֣ה	5674 a	HVqh1cs
Num 21:22	בְ/אַרְצֶ֗/ךָ	b/776	HR/Ncbsc/Sp2ms
Num 21:22	לֹ֤א	3808	HTn
Num 21:22	נִטֶּה֙	5186	HVqi1cp
Num 21:22	בְּ/שָׂדֶ֣ה	b/7704 b	HR/Ncmsa
Num 21:22	וּ/בְ/כֶ֔רֶם	c/b/3754	HC/R/Ncbsa
Num 21:22	לֹ֥א	3808	HTn
Num 21:22	נִשְׁתֶּ֖ה	8354	HVqi1cp
Num 21:22	מֵ֣י	4325	HNcmpc
Num 21:22	בְאֵ֑ר	875	HNcfsa
Num 21:22	בְּ/דֶ֤רֶךְ	b/1870	HR/Ncbsc
Num 21:22	הַ/מֶּ֨לֶךְ֙	d/4428	HTd/Ncmsa
Num 21:22	נֵלֵ֔ךְ	3212	HVqi1cp
Num 21:22	עַ֥ד	5704	HR
Num 21:22	אֲשֶֽׁר	834 a	HTr
Num 21:22	נַעֲבֹ֖ר	5674 a	HVqi1cp
Num 21:22	גְּבֻלֶֽ/ךָ	1366	HNcmsc/Sp2ms
Num 21:23	וְ/לֹא	c/3808	HC/Tn
Num 21:23	נָתַ֨ן	5414	HVqp3ms
Num 21:23	סִיחֹ֣ן	5511	HNp
Num 21:23	אֶת	853	HTo
Num 21:23	יִשְׂרָאֵל֮	3478	HNp
Num 21:23	עֲבֹ֣ר	5674 a	HVqc
Num 21:23	בִּ/גְבֻל/וֹ֒	b/1366	HR/Ncmsc/Sp3ms
Num 21:23	וַ/יֶּאֱסֹ֨ף	c/622	HC/Vqw3ms
Num 21:23	סִיחֹ֜ן	5511	HNp
Num 21:23	אֶת	853	HTo
Num 21:23	כָּל	3605	HNcmsc
Num 21:23	עַמּ֗/וֹ	5971 a	HNcmsc/Sp3ms
Num 21:23	וַ/יֵּצֵ֞א	c/3318	HC/Vqw3ms
Num 21:23	לִ/קְרַ֤את	l/7125	HR/Vqc
Num 21:23	יִשְׂרָאֵל֙	3478	HNp
Num 21:23	הַ/מִּדְבָּ֔רָ/ה	d/4057 b	HTd/Ncmsa/Sd
Num 21:23	וַ/יָּבֹ֖א	c/935	HC/Vqw3ms
Num 21:23	יָ֑הְצָ/ה	3096	HNp/Sd
Num 21:23	וַ/יִּלָּ֖חֶם	c/3898 a	HC/VNw3ms
Num 21:23	בְּ/יִשְׂרָאֵֽל	b/3478	HR/Np
Num 21:24	וַ/יַּכֵּ֥/הוּ	c/5221	HC/Vhw3ms/Sp3ms
Num 21:24	יִשְׂרָאֵ֖ל	3478	HNp
Num 21:24	לְ/פִי	l/6310	HR/Ncmsc
Num 21:24	חָ֑רֶב	2719	HNcfsa
Num 21:24	וַ/יִּירַ֨שׁ	c/3423	HC/Vqw3ms
Num 21:24	אֶת	853	HTo
Num 21:24	אַרְצ֜/וֹ	776	HNcbsc/Sp3ms
Num 21:24	מֵֽ/אַרְנֹ֗ן	m/769	HR/Np
Num 21:24	עַד	5704	HR
Num 21:24	יַבֹּק֙	2999	HNp
Num 21:24	עַד	5704	HR
Num 21:24	בְּנֵ֣י	1121 a	HNcmpc
Num 21:24	עַמּ֔וֹן	5983	HNp
Num 21:24	כִּ֣י	3588 a	HC
Num 21:24	עַ֔ז	5794	HAamsa
Num 21:24	גְּב֖וּל	1366	HNcmsc
Num 21:24	בְּנֵ֥י	1121 a	HNcmpc
Num 21:24	עַמּֽוֹן	5983	HNp
Num 21:25	וַ/יִּקַּח֙	c/3947	HC/Vqw3ms
Num 21:25	יִשְׂרָאֵ֔ל	3478	HNp
Num 21:25	אֵ֥ת	853	HTo
Num 21:25	כָּל	3605	HNcmsc
Num 21:25	הֶ/עָרִ֖ים	d/5892 b	HTd/Ncfpa
Num 21:25	הָ/אֵ֑לֶּה	d/428	HTd/Pdxcp
Num 21:25	וַ/יֵּ֤שֶׁב	c/3427	HC/Vqw3ms
Num 21:25	יִשְׂרָאֵל֙	3478	HNp
Num 21:25	בְּ/כָל	b/3605	HR/Ncmsc
Num 21:25	עָרֵ֣י	5892 b	HNcfpc
Num 21:25	הָֽ/אֱמֹרִ֔י	d/567	HTd/Ngmsa
Num 21:25	בְּ/חֶשְׁבּ֖וֹן	b/2809	HR/Np
Num 21:25	וּ/בְ/כָל	c/b/3605	HC/R/Ncmsc
Num 21:25	בְּנֹתֶֽי/הָ	1323	HNcfpc/Sp3fs
Num 21:26	כִּ֣י	3588 a	HC
Num 21:26	חֶשְׁבּ֔וֹן	2809	HNp
Num 21:26	עִ֗יר	5892 b	HNcfsc
Num 21:26	סִיחֹ֛ן	5511	HNp
Num 21:26	מֶ֥לֶךְ	4428	HNcmsc
Num 21:26	הָ/אֱמֹרִ֖י	d/567	HTd/Ngmsa
Num 21:26	הִ֑וא	1931	HPp3fs
Num 21:26	וְ/ה֣וּא	c/1931	HC/Pp3ms
Num 21:26	נִלְחַ֗ם	3898 a	HVNp3ms
Num 21:26	בְּ/מֶ֤לֶךְ	b/4428	HR/Ncmsc
Num 21:26	מוֹאָב֙	4124	HNp
Num 21:26	הָֽ/רִאשׁ֔וֹן	d/7223	HTd/Aomsa
Num 21:26	וַ/יִּקַּ֧ח	c/3947	HC/Vqw3ms
Num 21:26	אֶת	853	HTo
Num 21:26	כָּל	3605	HNcmsc
Num 21:26	אַרְצ֛/וֹ	776	HNcbsc/Sp3ms
Num 21:26	מִ/יָּד֖/וֹ	m/3027	HR/Ncbsc/Sp3ms
Num 21:26	עַד	5704	HR
Num 21:26	אַרְנֹֽן	769	HNp
Num 21:27	עַל	5921 a	HR
Num 21:27	כֵּ֛ן	3651 c	HTm
Num 21:27	יֹאמְר֥וּ	559	HVqi3mp
Num 21:27	הַ/מֹּשְׁלִ֖ים	d/4911 b	HTd/Vqrmpa
Num 21:27	בֹּ֣אוּ	935	HVqv2mp
Num 21:27	חֶשְׁבּ֑וֹן	2809	HNp
Num 21:27	תִּבָּנֶ֥ה	1129	HVNj3fs
Num 21:27	וְ/תִכּוֹנֵ֖ן	c/3559 a	HC/Vrj3fs
Num 21:27	עִ֥יר	5892 b	HNcfsc
Num 21:27	סִיחֽוֹן	5511	HNp
Num 21:28	כִּי	3588 a	HC
Num 21:28	אֵשׁ֙	784	HNcbsa
Num 21:28	יָֽצְאָ֣ה	3318	HVqp3fs
Num 21:28	מֵֽ/חֶשְׁבּ֔וֹן	m/2809	HR/Np
Num 21:28	לֶהָבָ֖ה	3852	HNcfsa
Num 21:28	מִ/קִּרְיַ֣ת	m/7151	HR/Ncfsc
Num 21:28	סִיחֹ֑ן	5511	HNp
Num 21:28	אָֽכְלָה֙	398	HVqp3fs
Num 21:28	עָ֣ר	6144	HNp
Num 21:28	מוֹאָ֔ב	4124	HNp
Num 21:28	בַּעֲלֵ֖י	1167	HNcmpc
Num 21:28	בָּמ֥וֹת	1116	HNcfpc
Num 21:28	אַרְנֹֽן	769	HNp
Num 21:29	אוֹי	188	HTj
Num 21:29	לְ/ךָ֣	l	HR/Sp2ms
Num 21:29	מוֹאָ֔ב	4124	HNp
Num 21:29	אָבַ֖דְתָּ	6	HVqp2ms
Num 21:29	עַם	5971 a	HNcmsc
Num 21:29	כְּמ֑וֹשׁ	3645	HNp
Num 21:29	נָתַ֨ן	5414	HVqp3ms
Num 21:29	בָּנָ֤י/ו	1121 a	HNcmpc/Sp3ms
Num 21:29	פְּלֵיטִם֙	6412 b	HNcmpa
Num 21:29	וּ/בְנֹתָ֣י/ו	c/1323	HC/Ncfpc/Sp3ms
Num 21:29	בַּ/שְּׁבִ֔ית	b/7628 a	HRd/Ncbsa
Num 21:29	לְ/מֶ֥לֶךְ	l/4428	HR/Ncmsc
Num 21:29	אֱמֹרִ֖י	567	HNgmsa
Num 21:29	סִיחֽוֹן	5511	HNp
Num 21:30	וַ/נִּירָ֛/ם	c/3384 b	HC/Vqw1cp/Sp3mp
Num 21:30	אָבַ֥ד	6	HVqp3ms
Num 21:30	חֶשְׁבּ֖וֹן	2809	HNp
Num 21:30	עַד	5704	HR
Num 21:30	דִּיב֑וֹן	1769	HNp
Num 21:30	וַ/נַּשִּׁ֣ים	c/8074	HC/Vhw1cp
Num 21:30	עַד	5704	HR
Num 21:30	נֹ֔פַח	5302	HNp
Num 21:30	אֲשֶׁ֖רׄ	834 a	HTr
Num 21:30	עַד	5704	HR
Num 21:30	מֵֽידְבָֽא	4311	HNp
Num 21:31	וַ/יֵּ֨שֶׁב֙	c/3427	HC/Vqw3ms
Num 21:31	יִשְׂרָאֵ֔ל	3478	HNp
Num 21:31	בְּ/אֶ֖רֶץ	b/776	HR/Ncbsc
Num 21:31	הָ/אֱמֹרִֽי	d/567	HTd/Ngmsa
Num 21:32	וַ/יִּשְׁלַ֤ח	c/7971	HC/Vqw3ms
Num 21:32	מֹשֶׁה֙	4872	HNp
Num 21:32	לְ/רַגֵּ֣ל	l/7270	HR/Vpc
Num 21:32	אֶת	853	HTo
Num 21:32	יַעְזֵ֔ר	3270	HNp
Num 21:32	וַֽ/יִּלְכְּד֖וּ	c/3920	HC/Vqw3mp
Num 21:32	בְּנֹתֶ֑י/הָ	1323	HNcfpc/Sp3fs
Num 21:32	ו/יירש	c/3423	HC/Vqw3ms
Num 21:32	אֶת	853	HTo
Num 21:32	הָ/אֱמֹרִ֥י	d/567	HTd/Ngmsa
Num 21:32	אֲשֶׁר	834 a	HTr
Num 21:32	שָֽׁם	8033	HD
Num 21:33	וַ/יִּפְנוּ֙	c/6437	HC/Vqw3mp
Num 21:33	וַֽ/יַּעֲל֔וּ	c/5927	HC/Vqw3mp
Num 21:33	דֶּ֖רֶךְ	1870	HNcbsc
Num 21:33	הַ/בָּשָׁ֑ן	d/1316	HTd/Np
Num 21:33	וַ/יֵּצֵ֣א	c/3318	HC/Vqw3ms
Num 21:33	עוֹג֩	5747	HNp
Num 21:33	מֶֽלֶךְ	4428	HNcmsc
Num 21:33	הַ/בָּשָׁ֨ן	d/1316	HTd/Np
Num 21:33	לִ/קְרָאתָ֜/ם	l/7125	HR/Vqc/Sp3mp
Num 21:33	ה֧וּא	1931	HPp3ms
Num 21:33	וְ/כָל	c/3605	HC/Ncmsc
Num 21:33	עַמּ֛/וֹ	5971 a	HNcmsc/Sp3ms
Num 21:33	לַ/מִּלְחָמָ֖ה	l/4421	HRd/Ncfsa
Num 21:33	אֶדְרֶֽעִי	154	HNp
Num 21:34	וַ/יֹּ֨אמֶר	c/559	HC/Vqw3ms
Num 21:34	יְהוָ֤ה	3068	HNp
Num 21:34	אֶל	413	HR
Num 21:34	מֹשֶׁה֙	4872	HNp
Num 21:34	אַל	408	HTn
Num 21:34	תִּירָ֣א	3372	HVqj2ms
Num 21:34	אֹת֔/וֹ	853	HTo/Sp3ms
Num 21:34	כִּ֣י	3588 a	HC
Num 21:34	בְ/יָדְ/ךָ֞	b/3027	HR/Ncbsc/Sp2ms
Num 21:34	נָתַ֧תִּי	5414	HVqp1cs
Num 21:34	אֹת֛/וֹ	853	HTo/Sp3ms
Num 21:34	וְ/אֶת	c/853	HC/To
Num 21:34	כָּל	3605	HNcmsc
Num 21:34	עַמּ֖/וֹ	5971 a	HNcmsc/Sp3ms
Num 21:34	וְ/אֶת	c/853	HC/To
Num 21:34	אַרְצ֑/וֹ	776	HNcbsc/Sp3ms
Num 21:34	וְ/עָשִׂ֣יתָ	c/6213 a	HC/Vqq2ms
Num 21:34	לּ֔/וֹ	l	HR/Sp3ms
Num 21:34	כַּ/אֲשֶׁ֣ר	k/834 d	HR/Tr
Num 21:34	עָשִׂ֗יתָ	6213 a	HVqp2ms
Num 21:34	לְ/סִיחֹן֙	l/5511	HR/Np
Num 21:34	מֶ֣לֶךְ	4428	HNcmsc
Num 21:34	הָֽ/אֱמֹרִ֔י	d/567	HTd/Ngmsa
Num 21:34	אֲשֶׁ֥ר	834 a	HTr
Num 21:34	יוֹשֵׁ֖ב	3427	HVqrmsa
Num 21:34	בְּ/חֶשְׁבּֽוֹן	b/2809	HR/Np
Num 21:35	וַ/יַּכּ֨וּ	c/5221	HC/Vhw3mp
Num 21:35	אֹת֤/וֹ	853	HTo/Sp3ms
Num 21:35	וְ/אֶת	c/853	HC/To
Num 21:35	בָּנָי/ו֙	1121 a	HNcmpc/Sp3ms
Num 21:35	וְ/אֶת	c/853	HC/To
Num 21:35	כָּל	3605	HNcmsc
Num 21:35	עַמּ֔/וֹ	5971 a	HNcmsc/Sp3ms
Num 21:35	עַד	5704	HR
Num 21:35	בִּלְתִּ֥י	1115	HC
Num 21:35	הִשְׁאִֽיר	7604	HVhp3ms
Num 21:35	ל֖/וֹ	l	HR/Sp3ms
Num 21:35	שָׂרִ֑יד	8300	HNcmsa
Num 21:35	וַ/יִּֽירְשׁ֖וּ	c/3423	HC/Vqw3mp
Num 21:35	אֶת	853	HTo
Num 21:35	אַרְצֽ/וֹ	776	HNcbsc/Sp3ms
Num 22:1	וַ/יִּסְע֖וּ	c/5265	HC/Vqw3mp
Num 22:1	בְּנֵ֣י	1121 a	HNcmpc
Num 22:1	יִשְׂרָאֵ֑ל	3478	HNp
Num 22:1	וַֽ/יַּחֲנוּ֙	c/2583	HC/Vqw3mp
Num 22:1	בְּ/עַֽרְב֣וֹת	b/6160	HR/Ncfpc
Num 22:1	מוֹאָ֔ב	4124	HNp
Num 22:1	מֵ/עֵ֖בֶר	m/5676	HR/Ncmsa
Num 22:1	לְ/יַרְדֵּ֥ן	l/3383	HR/Np
Num 22:1	יְרֵחֽוֹ	3405	HNp
Num 22:2	וַ/יַּ֥רְא	c/7200	HC/Vqw3ms
Num 22:2	בָּלָ֖ק	1111	HNp
Num 22:2	בֶּן	1121 a	HNcmsc
Num 22:2	צִפּ֑וֹר	6834	HNp
Num 22:2	אֵ֛ת	853	HTo
Num 22:2	כָּל	3605	HNcmsc
Num 22:2	אֲשֶׁר	834 a	HTr
Num 22:2	עָשָׂ֥ה	6213 a	HVqp3ms
Num 22:2	יִשְׂרָאֵ֖ל	3478	HNp
Num 22:2	לָֽ/אֱמֹרִֽי	l/567	HRd/Ngmsa
Num 22:3	וַ/יָּ֨גָר	c/1481 c	HC/Vqw3ms
Num 22:3	מוֹאָ֜ב	4124	HNp
Num 22:3	מִ/פְּנֵ֥י	m/6440	HR/Ncbpc
Num 22:3	הָ/עָ֛ם	d/5971 a	HTd/Ncmsa
Num 22:3	מְאֹ֖ד	3966	HD
Num 22:3	כִּ֣י	3588 a	HC
Num 22:3	רַב	7227 a	HAamsa
Num 22:3	ה֑וּא	1931	HPp3ms
Num 22:3	וַ/יָּ֣קָץ	c/6973	HC/Vqw3ms
Num 22:3	מוֹאָ֔ב	4124	HNp
Num 22:3	מִ/פְּנֵ֖י	m/6440	HR/Ncbpc
Num 22:3	בְּנֵ֥י	1121 a	HNcmpc
Num 22:3	יִשְׂרָאֵֽל	3478	HNp
Num 22:4	וַ/יֹּ֨אמֶר	c/559	HC/Vqw3ms
Num 22:4	מוֹאָ֜ב	4124	HNp
Num 22:4	אֶל	413	HR
Num 22:4	זִקְנֵ֣י	2205	HAampc
Num 22:4	מִדְיָ֗ן	4080	HNp
Num 22:4	עַתָּ֞ה	6258	HD
Num 22:4	יְלַחֲכ֤וּ	3897	HVpi3mp
Num 22:4	הַ/קָּהָל֙	d/6951	HTd/Ncmsa
Num 22:4	אֶת	853	HTo
Num 22:4	כָּל	3605	HNcmsc
Num 22:4	סְבִ֣יבֹתֵ֔י/נוּ	5439	HNcbpc/Sp1cp
Num 22:4	כִּ/לְחֹ֣ךְ	k/3897	HR/Vqc
Num 22:4	הַ/שּׁ֔וֹר	d/7794	HTd/Ncmsa
Num 22:4	אֵ֖ת	853	HTo
Num 22:4	יֶ֣רֶק	3418	HNcmsc
Num 22:4	הַ/שָּׂדֶ֑ה	d/7704 b	HTd/Ncmsa
Num 22:4	וּ/בָלָ֧ק	c/1111	HC/Np
Num 22:4	בֶּן	1121 a	HNcmsc
Num 22:4	צִפּ֛וֹר	6834	HNp
Num 22:4	מֶ֥לֶךְ	4428	HNcmsa
Num 22:4	לְ/מוֹאָ֖ב	l/4124	HR/Np
Num 22:4	בָּ/עֵ֥ת	b/6256	HRd/Ncbsa
Num 22:4	הַ/הִֽוא	d/1931	HTd/Pp3fs
Num 22:5	וַ/יִּשְׁלַ֨ח	c/7971	HC/Vqw3ms
Num 22:5	מַלְאָכִ֜ים	4397	HNcmpa
Num 22:5	אֶל	413	HR
Num 22:5	בִּלְעָ֣ם	1109 a	HNp
Num 22:5	בֶּן	1121 a	HNcmsc
Num 22:5	בְּע֗וֹר	1160	HNp
Num 22:5	פְּ֠תוֹרָ/ה	6604	HNp/Sd
Num 22:5	אֲשֶׁ֧ר	834 a	HTr
Num 22:5	עַל	5921 a	HR
Num 22:5	הַ/נָּהָ֛ר	d/5104	HTd/Ncmsa
Num 22:5	אֶ֥רֶץ	776	HNcbsc
Num 22:5	בְּנֵי	1121 a	HNcmpc
Num 22:5	עַמּ֖/וֹ	5971 a	HNcmsc/Sp3ms
Num 22:5	לִ/קְרֹא	l/7121	HR/Vqc
Num 22:5	ל֑/וֹ	l	HR/Sp3ms
Num 22:5	לֵ/אמֹ֗ר	l/559	HR/Vqc
Num 22:5	הִ֠נֵּה	2009	HTm
Num 22:5	עַ֣ם	5971 a	HNcmsa
Num 22:5	יָצָ֤א	3318	HVqp3ms
Num 22:5	מִ/מִּצְרַ֨יִם֙	m/4714	HR/Np
Num 22:5	הִנֵּ֤ה	2009	HTm
Num 22:5	כִסָּה֙	3680	HVpp3ms
Num 22:5	אֶת	853	HTo
Num 22:5	עֵ֣ין	5869 a	HNcbsc
Num 22:5	הָ/אָ֔רֶץ	d/776	HTd/Ncbsa
Num 22:5	וְ/ה֥וּא	c/1931	HC/Pp3ms
Num 22:5	יֹשֵׁ֖ב	3427	HVqrmsa
Num 22:5	מִ/מֻּלִֽ/י	m/4136	HR/R/Sp1cs
Num 22:6	וְ/עַתָּה֩	c/6258	HC/D
Num 22:6	לְכָ/ה	3212	HVqv2ms/Sh
Num 22:6	נָּ֨א	4994	HTj
Num 22:6	אָֽרָ/ה	779	HVqv2ms/Sh
Num 22:6	לִּ֜/י	l	HR/Sp1cs
Num 22:6	אֶת	853	HTo
Num 22:6	הָ/עָ֣ם	d/5971 a	HTd/Ncmsa
Num 22:6	הַ/זֶּ֗ה	d/2088	HTd/Pdxms
Num 22:6	כִּֽי	3588 a	HC
Num 22:6	עָצ֥וּם	6099	HAamsa
Num 22:6	הוּא֙	1931	HPp3ms
Num 22:6	מִמֶּ֔/נִּי	4480 a	HR/Sp1cs
Num 22:6	אוּלַ֤י	194	HD
Num 22:6	אוּכַל֙	3201	HVqi1cs
Num 22:6	נַכֶּה	5221	HVhi1cp
Num 22:6	בּ֔/וֹ	b	HR/Sp3ms
Num 22:6	וַ/אֲגָרְשֶׁ֖/נּוּ	c/1644	HC/Vpi1cs/Sp3ms
Num 22:6	מִן	4480 a	HR
Num 22:6	הָ/אָ֑רֶץ	d/776	HTd/Ncbsa
Num 22:6	כִּ֣י	3588 a	HC
Num 22:6	יָדַ֗עְתִּי	3045	HVqp1cs
Num 22:6	אֵ֤ת	853	HTo
Num 22:6	אֲשֶׁר	834 a	HTr
Num 22:6	תְּבָרֵךְ֙	1288	HVpi2ms
Num 22:6	מְבֹרָ֔ךְ	1288	HVPsmsa
Num 22:6	וַ/אֲשֶׁ֥ר	c/834 a	HC/Tr
Num 22:6	תָּאֹ֖ר	779	HVqi2ms
Num 22:6	יוּאָֽר	779	HVHi3ms
Num 22:7	וַ/יֵּ֨לְכ֜וּ	c/3212	HC/Vqw3mp
Num 22:7	זִקְנֵ֤י	2205	HAampc
Num 22:7	מוֹאָב֙	4124	HNp
Num 22:7	וְ/זִקְנֵ֣י	c/2205	HC/Aampc
Num 22:7	מִדְיָ֔ן	4080	HNp
Num 22:7	וּ/קְסָמִ֖ים	c/7081	HC/Ncmpa
Num 22:7	בְּ/יָדָ֑/ם	b/3027	HR/Ncbsc/Sp3mp
Num 22:7	וַ/יָּבֹ֨אוּ֙	c/935	HC/Vqw3mp
Num 22:7	אֶל	413	HR
Num 22:7	בִּלְעָ֔ם	1109 a	HNp
Num 22:7	וַ/יְדַבְּר֥וּ	c/1696	HC/Vpw3mp
Num 22:7	אֵלָ֖י/ו	413	HR/Sp3ms
Num 22:7	דִּבְרֵ֥י	1697	HNcmpc
Num 22:7	בָלָֽק	1111	HNp
Num 22:8	וַ/יֹּ֣אמֶר	c/559	HC/Vqw3ms
Num 22:8	אֲלֵי/הֶ֗ם	413	HR/Sp3mp
Num 22:8	לִ֤ינוּ	3885 a	HVqv2mp
Num 22:8	פֹה֙	6311	HD
Num 22:8	הַ/לַּ֔יְלָה	d/3915	HTd/Ncmsa
Num 22:8	וַ/הֲשִׁבֹתִ֤י	c/7725	HC/Vhq1cs
Num 22:8	אֶתְ/כֶם֙	853	HTo/Sp2mp
Num 22:8	דָּבָ֔ר	1697	HNcmsa
Num 22:8	כַּ/אֲשֶׁ֛ר	k/834 d	HR/Tr
Num 22:8	יְדַבֵּ֥ר	1696	HVpi3ms
Num 22:8	יְהוָ֖ה	3068	HNp
Num 22:8	אֵלָ֑/י	413	HR/Sp1cs
Num 22:8	וַ/יֵּשְׁב֥וּ	c/3427	HC/Vqw3mp
Num 22:8	שָׂרֵֽי	8269	HNcmpc
Num 22:8	מוֹאָ֖ב	4124	HNp
Num 22:8	עִם	5973 a	HR
Num 22:8	בִּלְעָֽם	1109 a	HNp
Num 22:9	וַ/יָּבֹ֥א	c/935	HC/Vqw3ms
Num 22:9	אֱלֹהִ֖ים	430	HNcmpa
Num 22:9	אֶל	413	HR
Num 22:9	בִּלְעָ֑ם	1109 a	HNp
Num 22:9	וַ/יֹּ֕אמֶר	c/559	HC/Vqw3ms
Num 22:9	מִ֛י	4310	HTi
Num 22:9	הָ/אֲנָשִׁ֥ים	d/376	HTd/Ncmpa
Num 22:9	הָ/אֵ֖לֶּה	d/428	HTd/Pdxcp
Num 22:9	עִמָּֽ/ךְ	5973 a	HR/Sp2fs
Num 22:10	וַ/יֹּ֥אמֶר	c/559	HC/Vqw3ms
Num 22:10	בִּלְעָ֖ם	1109 a	HNp
Num 22:10	אֶל	413	HR
Num 22:10	הָ/אֱלֹהִ֑ים	d/430	HTd/Ncmpa
Num 22:10	בָּלָ֧ק	1111	HNp
Num 22:10	בֶּן	1121 a	HNcmsc
Num 22:10	צִפֹּ֛ר	6834	HNp
Num 22:10	מֶ֥לֶךְ	4428	HNcmsc
Num 22:10	מוֹאָ֖ב	4124	HNp
Num 22:10	שָׁלַ֥ח	7971	HVqp3ms
Num 22:10	אֵלָֽ/י	413	HR/Sp1cs
Num 22:11	הִנֵּ֤ה	2009	HTm
Num 22:11	הָ/עָם֙	d/5971 a	HTd/Ncmsa
Num 22:11	הַ/יֹּצֵ֣א	d/3318	HTd/Vqrmsa
Num 22:11	מִ/מִּצְרַ֔יִם	m/4714	HR/Np
Num 22:11	וַ/יְכַ֖ס	c/3680	HC/Vpw3ms
Num 22:11	אֶת	853	HTo
Num 22:11	עֵ֣ין	5869 a	HNcbsc
Num 22:11	הָ/אָ֑רֶץ	d/776	HTd/Ncbsa
Num 22:11	עַתָּ֗ה	6258	HD
Num 22:11	לְכָ֤/ה	3212	HVqv2ms/Sh
Num 22:11	קָֽבָ/ה	6895	HVqv2ms/Sh
Num 22:11	לִּ/י֙	l	HR/Sp1cs
Num 22:11	אֹת֔/וֹ	853	HTo/Sp3ms
Num 22:11	אוּלַ֥י	194	HD
Num 22:11	אוּכַ֛ל	3201	HVqi1cs
Num 22:11	לְ/הִלָּ֥חֶם	l/3898 a	HR/VNc
Num 22:11	בּ֖/וֹ	b	HR/Sp3ms
Num 22:11	וְ/גֵרַשְׁתִּֽי/ו	c/1644	HC/Vpq1cs/Sp3ms
Num 22:12	וַ/יֹּ֤אמֶר	c/559	HC/Vqw3ms
Num 22:12	אֱלֹהִים֙	430	HNcmpa
Num 22:12	אֶל	413	HR
Num 22:12	בִּלְעָ֔ם	1109 a	HNp
Num 22:12	לֹ֥א	3808	HTn
Num 22:12	תֵלֵ֖ךְ	3212	HVqi2ms
Num 22:12	עִמָּ/הֶ֑ם	5973 a	HR/Sp3mp
Num 22:12	לֹ֤א	3808	HTn
Num 22:12	תָאֹר֙	779	HVqi2ms
Num 22:12	אֶת	853	HTo
Num 22:12	הָ/עָ֔ם	d/5971 a	HTd/Ncmsa
Num 22:12	כִּ֥י	3588 a	HC
Num 22:12	בָר֖וּךְ	1288	HVqsmsa
Num 22:12	הֽוּא	1931	HPp3ms
Num 22:13	וַ/יָּ֤קָם	c/6965 b	HC/Vqw3ms
Num 22:13	בִּלְעָם֙	1109 a	HNp
Num 22:13	בַּ/בֹּ֔קֶר	b/1242	HRd/Ncmsa
Num 22:13	וַ/יֹּ֨אמֶר֙	c/559	HC/Vqw3ms
Num 22:13	אֶל	413	HR
Num 22:13	שָׂרֵ֣י	8269	HNcmpc
Num 22:13	בָלָ֔ק	1111	HNp
Num 22:13	לְכ֖וּ	3212	HVqv2mp
Num 22:13	אֶֽל	413	HR
Num 22:13	אַרְצְ/כֶ֑ם	776	HNcbsc/Sp2mp
Num 22:13	כִּ֚י	3588 a	HC
Num 22:13	מֵאֵ֣ן	3985	HVpp3ms
Num 22:13	יְהוָ֔ה	3068	HNp
Num 22:13	לְ/תִתִּ֖/י	l/5414	HR/Vqc/Sp1cs
Num 22:13	לַ/הֲלֹ֥ךְ	l/1980	HR/Vqc
Num 22:13	עִמָּ/כֶֽם	5973 a	HR/Sp2mp
Num 22:14	וַ/יָּק֨וּמוּ֙	c/6965 b	HC/Vqw3mp
Num 22:14	שָׂרֵ֣י	8269	HNcmpc
Num 22:14	מוֹאָ֔ב	4124	HNp
Num 22:14	וַ/יָּבֹ֖אוּ	c/935	HC/Vqw3mp
Num 22:14	אֶל	413	HR
Num 22:14	בָּלָ֑ק	1111	HNp
Num 22:14	וַ/יֹּ֣אמְר֔וּ	c/559	HC/Vqw3mp
Num 22:14	מֵאֵ֥ן	3985	HVpp3ms
Num 22:14	בִּלְעָ֖ם	1109 a	HNp
Num 22:14	הֲלֹ֥ךְ	1980	HVqc
Num 22:14	עִמָּֽ/נוּ	5973 a	HR/Sp1cp
Num 22:15	וַ/יֹּ֥סֶף	c/3254	HC/Vhw3ms
Num 22:15	ע֖וֹד	5750	HD
Num 22:15	בָּלָ֑ק	1111	HNp
Num 22:15	שְׁלֹ֣חַ	7971	HVqc
Num 22:15	שָׂרִ֔ים	8269	HNcmpa
Num 22:15	רַבִּ֥ים	7227 a	HAampa
Num 22:15	וְ/נִכְבָּדִ֖ים	c/3513	HC/VNrmpa
Num 22:15	מֵ/אֵֽלֶּה	m/428	HR/Pdxcp
Num 22:16	וַ/יָּבֹ֖אוּ	c/935	HC/Vqw3mp
Num 22:16	אֶל	413	HR
Num 22:16	בִּלְעָ֑ם	1109 a	HNp
Num 22:16	וַ/יֹּ֣אמְרוּ	c/559	HC/Vqw3mp
Num 22:16	ל֗/וֹ	l	HR/Sp3ms
Num 22:16	כֹּ֤ה	3541	HD
Num 22:16	אָמַר֙	559	HVqp3ms
Num 22:16	בָּלָ֣ק	1111	HNp
Num 22:16	בֶּן	1121 a	HNcmsc
Num 22:16	צִפּ֔וֹר	6834	HNp
Num 22:16	אַל	408	HTn
Num 22:16	נָ֥א	4994	HTe
Num 22:16	תִמָּנַ֖ע	4513	HVNj2ms
Num 22:16	מֵ/הֲלֹ֥ךְ	m/1980	HR/Vqc
Num 22:16	אֵלָֽ/י	413	HR/Sp1cs
Num 22:17	כִּֽי	3588 a	HC
Num 22:17	כַבֵּ֤ד	3513	HVpa
Num 22:17	אֲכַבֶּדְ/ךָ֙	3513	HVpi1cs/Sp2ms
Num 22:17	מְאֹ֔ד	3966	HD
Num 22:17	וְ/כֹ֛ל	c/3605	HC/Ncmsa
Num 22:17	אֲשֶׁר	834 a	HTr
Num 22:17	תֹּאמַ֥ר	559	HVqi2ms
Num 22:17	אֵלַ֖/י	413	HR/Sp1cs
Num 22:17	אֶֽעֱשֶׂ֑ה	6213 a	HVqi1cs
Num 22:17	וּ/לְכָ/ה	c/3212	HC/Vqv2ms/Sh
Num 22:17	נָּא֙	4994	HTj
Num 22:17	קָֽבָ/ה	6895	HVqv2ms/Sh
Num 22:17	לִּ֔/י	l	HR/Sp1cs
Num 22:17	אֵ֖ת	853	HTo
Num 22:17	הָ/עָ֥ם	d/5971 a	HTd/Ncmsa
Num 22:17	הַ/זֶּֽה	d/2088	HTd/Pdxms
Num 22:18	וַ/יַּ֣עַן	c/6030 b	HC/Vqw3ms
Num 22:18	בִּלְעָ֗ם	1109 a	HNp
Num 22:18	וַ/יֹּ֨אמֶר֙	c/559	HC/Vqw3ms
Num 22:18	אֶל	413	HR
Num 22:18	עַבְדֵ֣י	5650	HNcmpc
Num 22:18	בָלָ֔ק	1111	HNp
Num 22:18	אִם	518 a	HC
Num 22:18	יִתֶּן	5414	HVqi3ms
Num 22:18	לִ֥/י	l	HR/Sp1cs
Num 22:18	בָלָ֛ק	1111	HNp
Num 22:18	מְלֹ֥א	4393	HNcmsc
Num 22:18	בֵית֖/וֹ	1004 b	HNcmsc/Sp3ms
Num 22:18	כֶּ֣סֶף	3701	HNcmsa
Num 22:18	וְ/זָהָ֑ב	c/2091	HC/Ncmsa
Num 22:18	לֹ֣א	3808	HTn
Num 22:18	אוּכַ֗ל	3201	HVqi1cs
Num 22:18	לַ/עֲבֹר֙	l/5674 a	HR/Vqc
Num 22:18	אֶת	853	HTo
Num 22:18	פִּי֙	6310	HNcmsc
Num 22:18	יְהוָ֣ה	3068	HNp
Num 22:18	אֱלֹהָ֔/י	430	HNcmpc/Sp1cs
Num 22:18	לַ/עֲשׂ֥וֹת	l/6213 a	HR/Vqc
Num 22:18	קְטַנָּ֖ה	6996 a	HAafsa
Num 22:18	א֥וֹ	176 a	HC
Num 22:18	גְדוֹלָֽה	1419 a	HAafsa
Num 22:19	וְ/עַתָּ֗ה	c/6258	HC/D
Num 22:19	שְׁב֨וּ	3427	HVqv2mp
Num 22:19	נָ֥א	4994	HTe
Num 22:19	בָ/זֶ֛ה	b/2088	HR/Pdxms
Num 22:19	גַּם	1571	HTa
Num 22:19	אַתֶּ֖ם	859 d	HPp2mp
Num 22:19	הַ/לָּ֑יְלָה	d/3915	HTd/Ncmsa
Num 22:19	וְ/אֵ֣דְעָ֔ה	c/3045	HC/Vqh1cs
Num 22:19	מַה	4100	HTi
Num 22:19	יֹּסֵ֥ף	3254	HVhi3ms
Num 22:19	יְהוָ֖ה	3068	HNp
Num 22:19	דַּבֵּ֥ר	1696	HVpc
Num 22:19	עִמִּֽ/י	5973 a	HR/Sp1cs
Num 22:20	וַ/יָּבֹ֨א	c/935	HC/Vqw3ms
Num 22:20	אֱלֹהִ֥ים	430	HNcmpa
Num 22:20	אֶל	413	HR
Num 22:20	בִּלְעָם֮	1109 a	HNp
Num 22:20	לַיְלָה֒	3915	HNcmsa
Num 22:20	וַ/יֹּ֣אמֶר	c/559	HC/Vqw3ms
Num 22:20	ל֗/וֹ	l	HR/Sp3ms
Num 22:20	אִם	518 a	HC
Num 22:20	לִ/קְרֹ֤א	l/7121	HR/Vqc
Num 22:20	לְ/ךָ֙	l	HR/Sp2ms
Num 22:20	בָּ֣אוּ	935	HVqp3cp
Num 22:20	הָ/אֲנָשִׁ֔ים	d/376	HTd/Ncmpa
Num 22:20	ק֖וּם	6965 b	HVqv2ms
Num 22:20	לֵ֣ךְ	3212	HVqv2ms
Num 22:20	אִתָּ֑/ם	854	HR/Sp3mp
Num 22:20	וְ/אַ֗ךְ	c/389	HC/D
Num 22:20	אֶת	853	HTo
Num 22:20	הַ/דָּבָ֛ר	d/1697	HTd/Ncmsa
Num 22:20	אֲשֶׁר	834 a	HTr
Num 22:20	אֲדַבֵּ֥ר	1696	HVpi1cs
Num 22:20	אֵלֶ֖י/ךָ	413	HR/Sp2ms
Num 22:20	אֹת֥/וֹ	853	HTo/Sp3ms
Num 22:20	תַעֲשֶֽׂה	6213 a	HVqi2ms
Num 22:21	וַ/יָּ֤קָם	c/6965 b	HC/Vqw3ms
Num 22:21	בִּלְעָם֙	1109 a	HNp
Num 22:21	בַּ/בֹּ֔קֶר	b/1242	HRd/Ncmsa
Num 22:21	וַֽ/יַּחֲבֹ֖שׁ	c/2280	HC/Vqw3ms
Num 22:21	אֶת	853	HTo
Num 22:21	אֲתֹנ֑/וֹ	860	HNcfsc/Sp3ms
Num 22:21	וַ/יֵּ֖לֶךְ	c/3212	HC/Vqw3ms
Num 22:21	עִם	5973 a	HR
Num 22:21	שָׂרֵ֥י	8269	HNcmpc
Num 22:21	מוֹאָֽב	4124	HNp
Num 22:22	וַ/יִּֽחַר	c/2734	HC/Vqw3ms
Num 22:22	אַ֣ף	639	HTa
Num 22:22	אֱלֹהִים֮	430	HNcmpa
Num 22:22	כִּֽי	3588 a	HC
Num 22:22	הוֹלֵ֣ךְ	1980	HVqrmsa
Num 22:22	הוּא֒	1931	HPp3ms
Num 22:22	וַ/יִּתְיַצֵּ֞ב	c/3320	HC/Vtw3ms
Num 22:22	מַלְאַ֧ךְ	4397	HNcmsc
Num 22:22	יְהוָ֛ה	3068	HNp
Num 22:22	בַּ/דֶּ֖רֶךְ	b/1870	HRd/Ncbsa
Num 22:22	לְ/שָׂטָ֣ן	l/7854	HR/Ncmsa
Num 22:22	ל֑/וֹ	l	HR/Sp3ms
Num 22:22	וְ/הוּא֙	c/1931	HC/Pp3ms
Num 22:22	רֹכֵ֣ב	7392	HVqrmsa
Num 22:22	עַל	5921 a	HR
Num 22:22	אֲתֹנ֔/וֹ	860	HNcfsc/Sp3ms
Num 22:22	וּ/שְׁנֵ֥י	c/8147	HC/Acmdc
Num 22:22	נְעָרָ֖י/ו	5288	HNcmpc/Sp3ms
Num 22:22	עִמּֽ/וֹ	5973 a	HR/Sp3ms
Num 22:23	וַ/תֵּ֣רֶא	c/7200	HC/Vqw3fs
Num 22:23	הָ/אָתוֹן֩	d/860	HTd/Ncfsa
Num 22:23	אֶת	853	HTo
Num 22:23	מַלְאַ֨ךְ	4397	HNcmsc
Num 22:23	יְהוָ֜ה	3068	HNp
Num 22:23	נִצָּ֣ב	5324	HVNrmsa
Num 22:23	בַּ/דֶּ֗רֶךְ	b/1870	HRd/Ncbsa
Num 22:23	וְ/חַרְבּ֤/וֹ	c/2719	HC/Ncfsc/Sp3ms
Num 22:23	שְׁלוּפָה֙	8025	HVqsfsa
Num 22:23	בְּ/יָד֔/וֹ	b/3027	HR/Ncbsc/Sp3ms
Num 22:23	וַ/תֵּ֤ט	c/5186	HC/Vqw3fs
Num 22:23	הָֽ/אָתוֹן֙	d/860	HTd/Ncfsa
Num 22:23	מִן	4480 a	HR
Num 22:23	הַ/דֶּ֔רֶךְ	d/1870	HTd/Ncbsa
Num 22:23	וַ/תֵּ֖לֶךְ	c/3212	HC/Vqw3fs
Num 22:23	בַּ/שָּׂדֶ֑ה	b/7704 b	HRd/Ncmsa
Num 22:23	וַ/יַּ֤ךְ	c/5221	HC/Vhw3ms
Num 22:23	בִּלְעָם֙	1109 a	HNp
Num 22:23	אֶת	853	HTo
Num 22:23	הָ֣/אָת֔וֹן	d/860	HTd/Ncfsa
Num 22:23	לְ/הַטֹּתָ֖/הּ	l/5186	HR/Vhc/Sp3fs
Num 22:23	הַ/דָּֽרֶךְ	d/1870	HTd/Ncbsa
Num 22:24	וַֽ/יַּעֲמֹד֙	c/5975	HC/Vqw3ms
Num 22:24	מַלְאַ֣ךְ	4397	HNcmsc
Num 22:24	יְהוָ֔ה	3068	HNp
Num 22:24	בְּ/מִשְׁע֖וֹל	b/4934	HR/Ncmsc
Num 22:24	הַ/כְּרָמִ֑ים	d/3754	HTd/Ncbpa
Num 22:24	גָּדֵ֥ר	1447	HNcmsa
Num 22:24	מִ/זֶּ֖ה	m/2088	HR/Pdxms
Num 22:24	וְ/גָדֵ֥ר	c/1447	HC/Ncmsa
Num 22:24	מִ/זֶּֽה	m/2088	HR/Pdxms
Num 22:25	וַ/תֵּ֨רֶא	c/7200	HC/Vqw3fs
Num 22:25	הָ/אָת֜וֹן	d/860	HTd/Ncfsa
Num 22:25	אֶת	853	HTo
Num 22:25	מַלְאַ֣ךְ	4397	HNcmsc
Num 22:25	יְהוָ֗ה	3068	HNp
Num 22:25	וַ/תִּלָּחֵץ֙	c/3905	HC/VNw3fs
Num 22:25	אֶל	413	HR
Num 22:25	הַ/קִּ֔יר	d/7023	HTd/Ncmsa
Num 22:25	וַ/תִּלְחַ֛ץ	c/3905	HC/Vqw3fs
Num 22:25	אֶת	853	HTo
Num 22:25	רֶ֥גֶל	7272	HNcfsc
Num 22:25	בִּלְעָ֖ם	1109 a	HNp
Num 22:25	אֶל	413	HR
Num 22:25	הַ/קִּ֑יר	d/7023	HTd/Ncmsa
Num 22:25	וַ/יֹּ֖סֶף	c/3254	HC/Vhw3ms
Num 22:25	לְ/הַכֹּתָֽ/הּ	l/5221	HR/Vhc/Sp3fs
Num 22:26	וַ/יּ֥וֹסֶף	c/3254	HC/Vhw3ms
Num 22:26	מַלְאַךְ	4397	HNcmsc
Num 22:26	יְהוָ֖ה	3068	HNp
Num 22:26	עֲב֑וֹר	5674 a	HVqc
Num 22:26	וַֽ/יַּעֲמֹד֙	c/5975	HC/Vqw3ms
Num 22:26	בְּ/מָק֣וֹם	b/4725	HR/Ncmsa
Num 22:26	צָ֔ר	6862 a	HAamsa
Num 22:26	אֲשֶׁ֛ר	834 a	HTr
Num 22:26	אֵֽין	369	HTn
Num 22:26	דֶּ֥רֶךְ	1870	HNcbsa
Num 22:26	לִ/נְט֖וֹת	l/5186	HR/Vqc
Num 22:26	יָמִ֥ין	3225	HNcfsa
Num 22:26	וּ/שְׂמֹֽאול	c/8040	HC/Ncmsa
Num 22:27	וַ/תֵּ֤רֶא	c/7200	HC/Vqw3fs
Num 22:27	הָֽ/אָתוֹן֙	d/860	HTd/Ncfsa
Num 22:27	אֶת	853	HTo
Num 22:27	מַלְאַ֣ךְ	4397	HNcmsc
Num 22:27	יְהוָ֔ה	3068	HNp
Num 22:27	וַ/תִּרְבַּ֖ץ	c/7257	HC/Vqw3fs
Num 22:27	תַּ֣חַת	8478	HR
Num 22:27	בִּלְעָ֑ם	1109 a	HNp
Num 22:27	וַ/יִּֽחַר	c/2734	HC/Vqw3ms
Num 22:27	אַ֣ף	639	HTa
Num 22:27	בִּלְעָ֔ם	1109 a	HNp
Num 22:27	וַ/יַּ֥ךְ	c/5221	HC/Vhw3ms
Num 22:27	אֶת	853	HTo
Num 22:27	הָ/אָת֖וֹן	d/860	HTd/Ncfsa
Num 22:27	בַּ/מַּקֵּֽל	b/4731	HRd/Ncmsa
Num 22:28	וַ/יִּפְתַּ֥ח	c/6605 a	HC/Vqw3ms
Num 22:28	יְהוָ֖ה	3068	HNp
Num 22:28	אֶת	853	HTo
Num 22:28	פִּ֣י	6310	HNcmsc
Num 22:28	הָ/אָת֑וֹן	d/860	HTd/Ncfsa
Num 22:28	וַ/תֹּ֤אמֶר	c/559	HC/Vqw3fs
Num 22:28	לְ/בִלְעָם֙	l/1109 a	HR/Np
Num 22:28	מֶה	4100	HTi
Num 22:28	עָשִׂ֣יתִֽי	6213 a	HVqp1cs
Num 22:28	לְ/ךָ֔	l	HR/Sp2ms
Num 22:28	כִּ֣י	3588 a	HC
Num 22:28	הִכִּיתַ֔/נִי	5221	HVhp2ms/Sp1cs
Num 22:28	זֶ֖ה	2088	HPdxms
Num 22:28	שָׁלֹ֥שׁ	7969	HAcfsa
Num 22:28	רְגָלִֽים	7272	HNcfpa
Num 22:29	וַ/יֹּ֤אמֶר	c/559	HC/Vqw3ms
Num 22:29	בִּלְעָם֙	1109 a	HNp
Num 22:29	לָֽ/אָת֔וֹן	l/860	HRd/Ncfsa
Num 22:29	כִּ֥י	3588 a	HC
Num 22:29	הִתְעַלַּ֖לְתְּ	5953 a	HVtp2fs
Num 22:29	בִּ֑/י	b	HR/Sp1cs
Num 22:29	ל֤וּ	3863	HC
Num 22:29	יֶשׁ	3426	HTm
Num 22:29	חֶ֨רֶב֙	2719	HNcfsa
Num 22:29	בְּ/יָדִ֔/י	b/3027	HR/Ncbsc/Sp1cs
Num 22:29	כִּ֥י	3588 a	HC
Num 22:29	עַתָּ֖ה	6258	HD
Num 22:29	הֲרַגְתִּֽי/ךְ	2026	HVqp1cs/Sp2fs
Num 22:30	וַ/תֹּ֨אמֶר	c/559	HC/Vqw3fs
Num 22:30	הָ/אָת֜וֹן	d/860	HTd/Ncfsa
Num 22:30	אֶל	413	HR
Num 22:30	בִּלְעָ֗ם	1109 a	HNp
Num 22:30	הֲ/לוֹא֩	i/3808	HTi/Tn
Num 22:30	אָנֹכִ֨י	595	HPp1cs
Num 22:30	אֲתֹֽנְ/ךָ֜	860	HNcfsc/Sp2ms
Num 22:30	אֲשֶׁר	834 a	HTr
Num 22:30	רָכַ֣בְתָּ	7392	HVqp2ms
Num 22:30	עָלַ֗/י	5921 a	HR/Sp1cs
Num 22:30	מֵ/עֽוֹדְ/ךָ֙	m/5750	HR/D/Sp2ms
Num 22:30	עַד	5704	HR
Num 22:30	הַ/יּ֣וֹם	d/3117	HTd/Ncmsa
Num 22:30	הַ/זֶּ֔ה	d/2088	HTd/Pdxms
Num 22:30	הַֽ/הַסְכֵּ֣ן	i/5532	HTi/Vha
Num 22:30	הִסְכַּ֔נְתִּי	5532	HVhp1cs
Num 22:30	לַ/עֲשׂ֥וֹת	l/6213 a	HR/Vqc
Num 22:30	לְ/ךָ֖	l	HR/Sp2ms
Num 22:30	כֹּ֑ה	3541	HD
Num 22:30	וַ/יֹּ֖אמֶר	c/559	HC/Vqw3ms
Num 22:30	לֹֽא	3808	HTn
Num 22:31	וַ/יְגַ֣ל	c/1540	HC/Vpw3ms
Num 22:31	יְהוָה֮	3068	HNp
Num 22:31	אֶת	853	HTo
Num 22:31	עֵינֵ֣י	5869 a	HNcbdc
Num 22:31	בִלְעָם֒	1109 a	HNp
Num 22:31	וַ/יַּ֞רְא	c/7200	HC/Vqw3ms
Num 22:31	אֶת	853	HTo
Num 22:31	מַלְאַ֤ךְ	4397	HNcmsc
Num 22:31	יְהוָה֙	3068	HNp
Num 22:31	נִצָּ֣ב	5324	HVNrmsa
Num 22:31	בַּ/דֶּ֔רֶךְ	b/1870	HRd/Ncbsa
Num 22:31	וְ/חַרְבּ֥/וֹ	c/2719	HC/Ncfsc/Sp3ms
Num 22:31	שְׁלֻפָ֖ה	8025	HVqsfsa
Num 22:31	בְּ/יָד֑/וֹ	b/3027	HR/Ncbsc/Sp3ms
Num 22:31	וַ/יִּקֹּ֥ד	c/6915	HC/Vqw3ms
Num 22:31	וַ/יִּשְׁתַּ֖חוּ	c/7812	HC/Vtw3ms
Num 22:31	לְ/אַפָּֽי/ו	l/639	HR/Ncmdc/Sp3ms
Num 22:32	וַ/יֹּ֤אמֶר	c/559	HC/Vqw3ms
Num 22:32	אֵלָי/ו֙	413	HR/Sp3ms
Num 22:32	מַלְאַ֣ךְ	4397	HNcmsc
Num 22:32	יְהוָ֔ה	3068	HNp
Num 22:32	עַל	5921 a	HR
Num 22:32	מָ֗ה	4100	HTi
Num 22:32	הִכִּ֨יתָ֙	5221	HVhp2ms
Num 22:32	אֶת	853	HTo
Num 22:32	אֲתֹ֣נְ/ךָ֔	860	HNcfsc/Sp2ms
Num 22:32	זֶ֖ה	2088	HPdxms
Num 22:32	שָׁל֣וֹשׁ	7969	HAcfsa
Num 22:32	רְגָלִ֑ים	7272	HNcfpa
Num 22:32	הִנֵּ֤ה	2009	HTm
Num 22:32	אָנֹכִי֙	595	HPp1cs
Num 22:32	יָצָ֣אתִי	3318	HVqp1cs
Num 22:32	לְ/שָׂטָ֔ן	l/7854	HR/Ncmsa
Num 22:32	כִּֽי	3588 a	HC
Num 22:32	יָרַ֥ט	3399 a	HVqp3ms
Num 22:32	הַ/דֶּ֖רֶךְ	d/1870	HTd/Ncbsa
Num 22:32	לְ/נֶגְדִּֽ/י	l/5048	HR/R/Sp1cs
Num 22:33	וַ/תִּרְאַ֨/נִי֙	c/7200	HC/Vqw3fs/Sp1cs
Num 22:33	הָֽ/אָת֔וֹן	d/860	HTd/Ncfsa
Num 22:33	וַ/תֵּ֣ט	c/5186	HC/Vqw3fs
Num 22:33	לְ/פָנַ֔/י	l/6440	HR/Ncbpc/Sp1cs
Num 22:33	זֶ֖ה	2088	HPdxms
Num 22:33	שָׁלֹ֣שׁ	7969	HAcfsa
Num 22:33	רְגָלִ֑ים	7272	HNcfpa
Num 22:33	אוּלַי֙	194	HD
Num 22:33	נָטְתָ֣ה	5186	HVqp3fs
Num 22:33	מִ/פָּנַ֔/י	m/6440	HR/Ncbpc/Sp1cs
Num 22:33	כִּ֥י	3588 a	HC
Num 22:33	עַתָּ֛ה	6258	HD
Num 22:33	גַּם	1571	HTa
Num 22:33	אֹתְ/כָ֥ה	853	HTo/Sp2ms
Num 22:33	הָרַ֖גְתִּי	2026	HVqp1cs
Num 22:33	וְ/אוֹתָ֥/הּ	c/853	HC/To/Sp3fs
Num 22:33	הֶחֱיֵֽיתִי	2421	HVhp1cs
Num 22:34	וַ/יֹּ֨אמֶר	c/559	HC/Vqw3ms
Num 22:34	בִּלְעָ֜ם	1109 a	HNp
Num 22:34	אֶל	413	HR
Num 22:34	מַלְאַ֤ךְ	4397	HNcmsc
Num 22:34	יְהוָה֙	3068	HNp
Num 22:34	חָטָ֔אתִי	2398	HVqp1cs
Num 22:34	כִּ֚י	3588 a	HC
Num 22:34	לֹ֣א	3808	HTn
Num 22:34	יָדַ֔עְתִּי	3045	HVqp1cs
Num 22:34	כִּ֥י	3588 a	HC
Num 22:34	אַתָּ֛ה	859 a	HPp2ms
Num 22:34	נִצָּ֥ב	5324	HVNrmsa
Num 22:34	לִ/קְרָאתִ֖/י	l/7125	HR/Vqc/Sp1cs
Num 22:34	בַּ/דָּ֑רֶךְ	b/1870	HRd/Ncbsa
Num 22:34	וְ/עַתָּ֛ה	c/6258	HC/D
Num 22:34	אִם	518 a	HC
Num 22:34	רַ֥ע	7489 a	HVqp3ms
Num 22:34	בְּ/עֵינֶ֖י/ךָ	b/5869 a	HR/Ncbdc/Sp2ms
Num 22:34	אָשׁ֥וּבָה	7725	HVqh1cs
Num 22:34	לִּֽ/י	l	HR/Sp1cs
Num 22:35	וַ/יֹּאמֶר֩	c/559	HC/Vqw3ms
Num 22:35	מַלְאַ֨ךְ	4397	HNcmsc
Num 22:35	יְהוָ֜ה	3068	HNp
Num 22:35	אֶל	413	HR
Num 22:35	בִּלְעָ֗ם	1109 a	HNp
Num 22:35	לֵ֚ךְ	3212	HVqv2ms
Num 22:35	עִם	5973 a	HR
Num 22:35	הָ֣/אֲנָשִׁ֔ים	d/376	HTd/Ncmpa
Num 22:35	וְ/אֶ֗פֶס	c/657 a	HC/Ncmsa
Num 22:35	אֶת	853	HTo
Num 22:35	הַ/דָּבָ֛ר	d/1697	HTd/Ncmsa
Num 22:35	אֲשֶׁר	834 a	HTr
Num 22:35	אֲדַבֵּ֥ר	1696	HVpi1cs
Num 22:35	אֵלֶ֖י/ךָ	413	HR/Sp2ms
Num 22:35	אֹת֣/וֹ	853	HTo/Sp3ms
Num 22:35	תְדַבֵּ֑ר	1696	HVpi2ms
Num 22:35	וַ/יֵּ֥לֶךְ	c/3212	HC/Vqw3ms
Num 22:35	בִּלְעָ֖ם	1109 a	HNp
Num 22:35	עִם	5973 a	HR
Num 22:35	שָׂרֵ֥י	8269	HNcmpc
Num 22:35	בָלָֽק	1111	HNp
Num 22:36	וַ/יִּשְׁמַ֥ע	c/8085	HC/Vqw3ms
Num 22:36	בָּלָ֖ק	1111	HNp
Num 22:36	כִּ֣י	3588 a	HC
Num 22:36	בָ֣א	935	HVqp3ms
Num 22:36	בִלְעָ֑ם	1109 a	HNp
Num 22:36	וַ/יֵּצֵ֨א	c/3318	HC/Vqw3ms
Num 22:36	לִ/קְרָאת֜/וֹ	l/7125	HR/Vqc/Sp3ms
Num 22:36	אֶל	413	HR
Num 22:36	עִ֣יר	5892 b	HNcfsc
Num 22:36	מוֹאָ֗ב	4124	HNp
Num 22:36	אֲשֶׁר֙	834 a	HTr
Num 22:36	עַל	5921 a	HR
Num 22:36	גְּב֣וּל	1366	HNcmsc
Num 22:36	אַרְנֹ֔ן	769	HNp
Num 22:36	אֲשֶׁ֖ר	834 a	HTr
Num 22:36	בִּ/קְצֵ֥ה	b/7097 a	HR/Ncbsc
Num 22:36	הַ/גְּבֽוּל	d/1366	HTd/Ncmsa
Num 22:37	וַ/יֹּ֨אמֶר	c/559	HC/Vqw3ms
Num 22:37	בָּלָ֜ק	1111	HNp
Num 22:37	אֶל	413	HR
Num 22:37	בִּלְעָ֗ם	1109 a	HNp
Num 22:37	הֲ/לֹא֩	i/3808	HTi/Tn
Num 22:37	שָׁלֹ֨חַ	7971	HVqa
Num 22:37	שָׁלַ֤חְתִּי	7971	HVqp1cs
Num 22:37	אֵלֶ֨י/ךָ֙	413	HR/Sp2ms
Num 22:37	לִ/קְרֹא	l/7121	HR/Vqc
Num 22:37	לָ֔/ךְ	l	HR/Sp2fs
Num 22:37	לָ֥/מָּה	l/4100	HR/Ti
Num 22:37	לֹא	3808	HTn
Num 22:37	הָלַ֖כְתָּ	1980	HVqp2ms
Num 22:37	אֵלָ֑/י	413	HR/Sp1cs
Num 22:37	הַֽ/אֻמְנָ֔ם	i/552	HTi/D
Num 22:37	לֹ֥א	3808	HTn
Num 22:37	אוּכַ֖ל	3201	HVqi1cs
Num 22:37	כַּבְּדֶֽ/ךָ	3513	HVpc/Sp2ms
Num 22:38	וַ/יֹּ֨אמֶר	c/559	HC/Vqw3ms
Num 22:38	בִּלְעָ֜ם	1109 a	HNp
Num 22:38	אֶל	413	HR
Num 22:38	בָּלָ֗ק	1111	HNp
Num 22:38	הִֽנֵּה	2009	HTm
Num 22:38	בָ֨אתִי֙	935	HVqp1cs
Num 22:38	אֵלֶ֔י/ךָ	413	HR/Sp2ms
Num 22:38	עַתָּ֕ה	6258	HD
Num 22:38	הֲ/יָכ֥וֹל	i/3201	HTi/Vqa
Num 22:38	אוּכַ֖ל	3201	HVqi1cs
Num 22:38	דַּבֵּ֣ר	1696	HVpc
Num 22:38	מְא֑וּמָה	3972	HNcfsa
Num 22:38	הַ/דָּבָ֗ר	d/1697	HTd/Ncmsa
Num 22:38	אֲשֶׁ֨ר	834 a	HTr
Num 22:38	יָשִׂ֧ים	7760 a	HVqi3ms
Num 22:38	אֱלֹהִ֛ים	430	HNcmpa
Num 22:38	בְּ/פִ֖/י	b/6310	HR/Ncmsc/Sp1cs
Num 22:38	אֹת֥/וֹ	853	HTo/Sp3ms
Num 22:38	אֲדַבֵּֽר	1696	HVpi1cs
Num 22:39	וַ/יֵּ֥לֶךְ	c/3212	HC/Vqw3ms
Num 22:39	בִּלְעָ֖ם	1109 a	HNp
Num 22:39	עִם	5973 a	HR
Num 22:39	בָּלָ֑ק	1111	HNp
Num 22:39	וַ/יָּבֹ֖אוּ	c/935	HC/Vqw3mp
Num 22:39	קִרְיַ֥ת	7155+	HNp
Num 22:39	חֻצֽוֹת	7155	HNp
Num 22:40	וַ/יִּזְבַּ֥ח	c/2076	HC/Vqw3ms
Num 22:40	בָּלָ֖ק	1111	HNp
Num 22:40	בָּקָ֣ר	1241	HNcbsa
Num 22:40	וָ/צֹ֑אן	c/6629	HC/Ncbsa
Num 22:40	וַ/יְשַׁלַּ֣ח	c/7971	HC/Vpw3ms
Num 22:40	לְ/בִלְעָ֔ם	l/1109 a	HR/Np
Num 22:40	וְ/לַ/שָּׂרִ֖ים	c/l/8269	HC/Rd/Ncmpa
Num 22:40	אֲשֶׁ֥ר	834 a	HTr
Num 22:40	אִתּֽ/וֹ	854	HR/Sp3ms
Num 22:41	וַ/יְהִ֣י	c/1961	HC/Vqw3ms
Num 22:41	בַ/בֹּ֔קֶר	b/1242	HRd/Ncmsa
Num 22:41	וַ/יִּקַּ֤ח	c/3947	HC/Vqw3ms
Num 22:41	בָּלָק֙	1111	HNp
Num 22:41	אֶת	853	HTo
Num 22:41	בִּלְעָ֔ם	1109 a	HNp
Num 22:41	וַֽ/יַּעֲלֵ֖/הוּ	c/5927	HC/Vhw3ms/Sp3ms
Num 22:41	בָּמ֣וֹת	1120+	HNp
Num 22:41	בָּ֑עַל	1120	HNp
Num 22:41	וַ/יַּ֥רְא	c/7200	HC/Vqw3ms
Num 22:41	מִ/שָּׁ֖ם	m/8033	HR/D
Num 22:41	קְצֵ֥ה	7097 a	HNcbsc
Num 22:41	הָ/עָֽם	d/5971 a	HTd/Ncmsa
Num 23:1	וַ/יֹּ֤אמֶר	c/559	HC/Vqw3ms
Num 23:1	בִּלְעָם֙	1109 a	HNp
Num 23:1	אֶל	413	HR
Num 23:1	בָּלָ֔ק	1111	HNp
Num 23:1	בְּנֵה	1129	HVqv2ms
Num 23:1	לִ֥/י	l	HR/Sp1cs
Num 23:1	בָ/זֶ֖ה	b/2088	HR/Pdxms
Num 23:1	שִׁבְעָ֣ה	7651	HAcmsa
Num 23:1	מִזְבְּחֹ֑ת	4196	HNcmpa
Num 23:1	וְ/הָכֵ֥ן	c/3559 a	HC/Vhv2ms
Num 23:1	לִ/י֙	l	HR/Sp1cs
Num 23:1	בָּ/זֶ֔ה	b/2088	HR/Pdxms
Num 23:1	שִׁבְעָ֥ה	7651	HAcmsa
Num 23:1	פָרִ֖ים	6499	HNcmpa
Num 23:1	וְ/שִׁבְעָ֥ה	c/7651	HC/Acmsa
Num 23:1	אֵילִֽים	352 a	HNcmpa
Num 23:2	וַ/יַּ֣עַשׂ	c/6213 a	HC/Vqw3ms
Num 23:2	בָּלָ֔ק	1111	HNp
Num 23:2	כַּ/אֲשֶׁ֖ר	k/834 d	HR/Tr
Num 23:2	דִּבֶּ֣ר	1696	HVpp3ms
Num 23:2	בִּלְעָ֑ם	1109 a	HNp
Num 23:2	וַ/יַּ֨עַל	c/5927	HC/Vhw3ms
Num 23:2	בָּלָ֧ק	1111	HNp
Num 23:2	וּ/בִלְעָ֛ם	c/1109 a	HC/Np
Num 23:2	פָּ֥ר	6499	HNcmsa
Num 23:2	וָ/אַ֖יִל	c/352 a	HC/Ncmsa
Num 23:2	בַּ/מִּזְבֵּֽחַ	b/4196	HRd/Ncmsa
Num 23:3	וַ/יֹּ֨אמֶר	c/559	HC/Vqw3ms
Num 23:3	בִּלְעָ֜ם	1109 a	HNp
Num 23:3	לְ/בָלָ֗ק	l/1111	HR/Np
Num 23:3	הִתְיַצֵּב֮	3320	HVtv2ms
Num 23:3	עַל	5921 a	HR
Num 23:3	עֹלָתֶ/ךָ֒	5930 a	HNcfsc/Sp2ms
Num 23:3	וְ/אֵֽלְכָ֗ה	c/3212	HC/Vqh1cs
Num 23:3	אוּלַ֞י	194	HD
Num 23:3	יִקָּרֵ֤ה	7136 a	HVNi3ms
Num 23:3	יְהוָה֙	3068	HNp
Num 23:3	לִ/קְרָאתִ֔/י	l/7125	HR/Vqc/Sp1cs
Num 23:3	וּ/דְבַ֥ר	c/1697	HC/Ncmsc
Num 23:3	מַה	4100	HTi
Num 23:3	יַּרְאֵ֖/נִי	7200	HVhi3ms/Sp1cs
Num 23:3	וְ/הִגַּ֣דְתִּי	c/5046	HC/Vhq1cs
Num 23:3	לָ֑/ךְ	l	HR/Sp2fs
Num 23:3	וַ/יֵּ֖לֶךְ	c/3212	HC/Vqw3ms
Num 23:3	שֶֽׁפִי	8205	HNcmsa
Num 23:4	וַ/יִּקָּ֥ר	c/7136 a	HC/VNw3ms
Num 23:4	אֱלֹהִ֖ים	430	HNcmpa
Num 23:4	אֶל	413	HR
Num 23:4	בִּלְעָ֑ם	1109 a	HNp
Num 23:4	וַ/יֹּ֣אמֶר	c/559	HC/Vqw3ms
Num 23:4	אֵלָ֗י/ו	413	HR/Sp3ms
Num 23:4	אֶת	853	HTo
Num 23:4	שִׁבְעַ֤ת	7651	HAcmsc
Num 23:4	הַֽ/מִּזְבְּחֹת֙	d/4196	HTd/Ncmpa
Num 23:4	עָרַ֔כְתִּי	6186 a	HVqp1cs
Num 23:4	וָ/אַ֛עַל	c/5927	HC/Vhw1cs
Num 23:4	פָּ֥ר	6499	HNcmsa
Num 23:4	וָ/אַ֖יִל	c/352 a	HC/Ncmsa
Num 23:4	בַּ/מִּזְבֵּֽחַ	b/4196	HRd/Ncmsa
Num 23:5	וַ/יָּ֧שֶׂם	c/7760 a	HC/Vqw3ms
Num 23:5	יְהוָ֛ה	3068	HNp
Num 23:5	דָּבָ֖ר	1697	HNcmsa
Num 23:5	בְּ/פִ֣י	b/6310	HR/Ncmsc
Num 23:5	בִלְעָ֑ם	1109 a	HNp
Num 23:5	וַ/יֹּ֛אמֶר	c/559	HC/Vqw3ms
Num 23:5	שׁ֥וּב	7725	HVqv2ms
Num 23:5	אֶל	413	HR
Num 23:5	בָּלָ֖ק	1111	HNp
Num 23:5	וְ/כֹ֥ה	c/3541	HC/D
Num 23:5	תְדַבֵּֽר	1696	HVpi2ms
Num 23:6	וַ/יָּ֣שָׁב	c/7725	HC/Vqw3ms
Num 23:6	אֵלָ֔י/ו	413	HR/Sp3ms
Num 23:6	וְ/הִנֵּ֥ה	c/2009	HC/Tm
Num 23:6	נִצָּ֖ב	5324	HVNrmsa
Num 23:6	עַל	5921 a	HR
Num 23:6	עֹלָת֑/וֹ	5930 a	HNcfsc/Sp3ms
Num 23:6	ה֖וּא	1931	HPp3ms
Num 23:6	וְ/כָל	c/3605	HC/Ncmsc
Num 23:6	שָׂרֵ֥י	8269	HNcmpc
Num 23:6	מוֹאָֽב	4124	HNp
Num 23:7	וַ/יִּשָּׂ֥א	c/5375	HC/Vqw3ms
Num 23:7	מְשָׁל֖/וֹ	4912	HNcmsc/Sp3ms
Num 23:7	וַ/יֹּאמַ֑ר	c/559	HC/Vqw3ms
Num 23:7	מִן	4480 a	HR
Num 23:7	אֲ֠רָם	758	HNp
Num 23:7	יַנְחֵ֨/נִי	5148	HVhi3ms/Sp1cs
Num 23:7	בָלָ֤ק	1111	HNp
Num 23:7	מֶֽלֶךְ	4428	HNcmsc
Num 23:7	מוֹאָב֙	4124	HNp
Num 23:7	מֵֽ/הַרְרֵי	m/2042	HR/Ncmpc
Num 23:7	קֶ֔דֶם	6924 a	HNcmsa
Num 23:7	לְכָ/ה֙	3212	HVqv2ms/Sh
Num 23:7	אָֽרָ/ה	779	HVqv2ms/Sh
Num 23:7	לִּ֣/י	l	HR/Sp1cs
Num 23:7	יַעֲקֹ֔ב	3290	HNp
Num 23:7	וּ/לְכָ֖/ה	c/3212	HC/Vqv2ms/Sh
Num 23:7	זֹעֲמָ֥/ה	2194	HVqv2ms/Sh
Num 23:7	יִשְׂרָאֵֽל	3478	HNp
Num 23:8	מָ֣ה	4100	HTi
Num 23:8	אֶקֹּ֔ב	5344 a	HVqi1cs
Num 23:8	לֹ֥א	3808	HTn
Num 23:8	קַבֹּ֖/ה	6895	HVqp3ms/Sp3ms
Num 23:8	אֵ֑ל	410	HNcmsa
Num 23:8	וּ/מָ֣ה	c/4100	HC/Ti
Num 23:8	אֶזְעֹ֔ם	2194	HVqi1cs
Num 23:8	לֹ֥א	3808	HTn
Num 23:8	זָעַ֖ם	2194	HVqp3ms
Num 23:8	יְהוָֽה	3068	HNp
Num 23:9	כִּֽי	3588 a	HC
Num 23:9	מֵ/רֹ֤אשׁ	m/7218 a	HR/Ncmsc
Num 23:9	צֻרִים֙	6697	HNcmpa
Num 23:9	אֶרְאֶ֔/נּוּ	7200	HVqi1cs/Sp3ms
Num 23:9	וּ/מִ/גְּבָע֖וֹת	c/m/1389	HC/R/Ncfpa
Num 23:9	אֲשׁוּרֶ֑/נּוּ	7789	HVqi1cs/Sp3ms
Num 23:9	הֶן	2005	HTj
Num 23:9	עָם֙	5971 a	HNcmsa
Num 23:9	לְ/בָדָ֣ד	l/910	HR/Ncmsa
Num 23:9	יִשְׁכֹּ֔ן	7931	HVqi3ms
Num 23:9	וּ/בַ/גּוֹיִ֖ם	c/b/1471 a	HC/Rd/Ncmpa
Num 23:9	לֹ֥א	3808	HTn
Num 23:9	יִתְחַשָּֽׁב	2803	HVti3ms
Num 23:10	מִ֤י	4310	HTi
Num 23:10	מָנָה֙	4487	HVqp3ms
Num 23:10	עֲפַ֣ר	6083	HNcmsc
Num 23:10	יַעֲקֹ֔ב	3290	HNp
Num 23:10	וּ/מִסְפָּ֖ר	c/4557	HC/Ncmsa
Num 23:10	אֶת	853	HTo
Num 23:10	רֹ֣בַע	7255	HNcmsc
Num 23:10	יִשְׂרָאֵ֑ל	3478	HNp
Num 23:10	תָּמֹ֤ת	4191	HVqj3fs
Num 23:10	נַפְשִׁ/י֙	5315	HNcbsc/Sp1cs
Num 23:10	מ֣וֹת	4194	HNcmsc
Num 23:10	יְשָׁרִ֔ים	3477	HAampa
Num 23:10	וּ/תְהִ֥י	c/1961	HC/Vqj3fs
Num 23:10	אַחֲרִיתִ֖/י	319	HNcfsc/Sp1cs
Num 23:10	כָּמֹֽ/הוּ	3644	HR/Sp3ms
Num 23:11	וַ/יֹּ֤אמֶר	c/559	HC/Vqw3ms
Num 23:11	בָּלָק֙	1111	HNp
Num 23:11	אֶל	413	HR
Num 23:11	בִּלְעָ֔ם	1109 a	HNp
Num 23:11	מֶ֥ה	4100	HTi
Num 23:11	עָשִׂ֖יתָ	6213 a	HVqp2ms
Num 23:11	לִ֑/י	l	HR/Sp1cs
Num 23:11	לָ/קֹ֤ב	l/6895	HR/Vqc
Num 23:11	אֹיְבַ/י֙	341	HVqrmpc/Sp1cs
Num 23:11	לְקַחְתִּ֔י/ךָ	3947	HVqp1cs/Sp2ms
Num 23:11	וְ/הִנֵּ֖ה	c/2009	HC/Tm
Num 23:11	בֵּרַ֥כְתָּ	1288	HVpp2ms
Num 23:11	בָרֵֽךְ	1288	HVpa
Num 23:12	וַ/יַּ֖עַן	c/6030 b	HC/Vqw3ms
Num 23:12	וַ/יֹּאמַ֑ר	c/559	HC/Vqw3ms
Num 23:12	הֲ/לֹ֗א	i/3808	HTi/Tn
Num 23:12	אֵת֩	853	HTo
Num 23:12	אֲשֶׁ֨ר	834 a	HTr
Num 23:12	יָשִׂ֤ים	7760 a	HVqi3ms
Num 23:12	יְהוָה֙	3068	HNp
Num 23:12	בְּ/פִ֔/י	b/6310	HR/Ncmsc/Sp1cs
Num 23:12	אֹת֥/וֹ	853	HTo/Sp3ms
Num 23:12	אֶשְׁמֹ֖ר	8104	HVqi1cs
Num 23:12	לְ/דַבֵּֽר	l/1696	HR/Vpc
Num 23:13	וַ/יֹּ֨אמֶר	c/559	HC/Vqw3ms
Num 23:13	אֵלָ֜י/ו	413	HR/Sp3ms
Num 23:13	בָּלָ֗ק	1111	HNp
Num 23:13	לך	3212	HVqv2ms
Num 23:13	נָּ֨א	3212	HTj
Num 23:13	אִתִּ֜/י	854	HR/Sp1cs
Num 23:13	אֶל	413	HR
Num 23:13	מָק֤וֹם	4725	HNcmsa
Num 23:13	אַחֵר֙	312	HAamsa
Num 23:13	אֲשֶׁ֣ר	834 a	HTr
Num 23:13	תִּרְאֶ֣/נּוּ	7200	HVqi2ms/Sp3ms
Num 23:13	מִ/שָּׁ֔ם	m/8033	HR/D
Num 23:13	אֶ֚פֶס	657 a	HNcmsa
Num 23:13	קָצֵ֣/הוּ	7097 a	HNcbsc/Sp3ms
Num 23:13	תִרְאֶ֔ה	7200	HVqi2ms
Num 23:13	וְ/כֻלּ֖/וֹ	c/3605	HC/Ncmsc/Sp3ms
Num 23:13	לֹ֣א	3808	HTn
Num 23:13	תִרְאֶ֑ה	7200	HVqi2ms
Num 23:13	וְ/קָבְ/נוֹ	c/6895	HC/Vqv2ms/Sp3ms
Num 23:13	לִ֖/י	l	HR/Sp1cs
Num 23:13	מִ/שָּֽׁם	m/8033	HR/D
Num 23:14	וַ/יִּקָּחֵ֨/הוּ֙	c/3947	HC/Vqw3ms/Sp3ms
Num 23:14	שְׂדֵ֣ה	7704 b	HNcmsc
Num 23:14	צֹפִ֔ים	6839	HVqrmpa
Num 23:14	אֶל	413	HR
Num 23:14	רֹ֖אשׁ	7218 a	HNcmsc
Num 23:14	הַ/פִּסְגָּ֑ה	d/6449	HTd/Np
Num 23:14	וַ/יִּ֨בֶן֙	c/1129	HC/Vqw3ms
Num 23:14	שִׁבְעָ֣ה	7651	HAcmsa
Num 23:14	מִזְבְּחֹ֔ת	4196	HNcmpa
Num 23:14	וַ/יַּ֛עַל	c/5927	HC/Vhw3ms
Num 23:14	פָּ֥ר	6499	HNcmsa
Num 23:14	וָ/אַ֖יִל	c/352 a	HC/Ncmsa
Num 23:14	בַּ/מִּזְבֵּֽחַ	b/4196	HRd/Ncmsa
Num 23:15	וַ/יֹּ֨אמֶר֙	c/559	HC/Vqw3ms
Num 23:15	אֶל	413	HR
Num 23:15	בָּלָ֔ק	1111	HNp
Num 23:15	הִתְיַצֵּ֥ב	3320	HVtv2ms
Num 23:15	כֹּ֖ה	3541	HD
Num 23:15	עַל	5921 a	HR
Num 23:15	עֹלָתֶ֑/ךָ	5930 a	HNcfsc/Sp2ms
Num 23:15	וְ/אָנֹכִ֖י	c/595	HC/Pp1cs
Num 23:15	אִקָּ֥רֶה	7136 a	HVNi1cs
Num 23:15	כֹּֽה	3541	HD
Num 23:16	וַ/יִּקָּ֤ר	c/7136 a	HC/VNw3ms
Num 23:16	יְהוָה֙	3068	HNp
Num 23:16	אֶל	413	HR
Num 23:16	בִּלְעָ֔ם	1109 a	HNp
Num 23:16	וַ/יָּ֥שֶׂם	c/7760 a	HC/Vqw3ms
Num 23:16	דָּבָ֖ר	1697	HNcmsa
Num 23:16	בְּ/פִ֑י/ו	b/6310	HR/Ncmsc/Sp3ms
Num 23:16	וַ/יֹּ֛אמֶר	c/559	HC/Vqw3ms
Num 23:16	שׁ֥וּב	7725	HVqv2ms
Num 23:16	אֶל	413	HR
Num 23:16	בָּלָ֖ק	1111	HNp
Num 23:16	וְ/כֹ֥ה	c/3541	HC/D
Num 23:16	תְדַבֵּֽר	1696	HVpi2ms
Num 23:17	וַ/יָּבֹ֣א	c/935	HC/Vqw3ms
Num 23:17	אֵלָ֗י/ו	413	HR/Sp3ms
Num 23:17	וְ/הִנּ֤/וֹ	c/2009	HC/Tm/Sp3ms
Num 23:17	נִצָּב֙	5324	HVNrmsa
Num 23:17	עַל	5921 a	HR
Num 23:17	עֹ֣לָת֔/וֹ	5930 a	HNcfsc/Sp3ms
Num 23:17	וְ/שָׂרֵ֥י	c/8269	HC/Ncmpc
Num 23:17	מוֹאָ֖ב	4124	HNp
Num 23:17	אִתּ֑/וֹ	854	HR/Sp3ms
Num 23:17	וַ/יֹּ֤אמֶר	c/559	HC/Vqw3ms
Num 23:17	ל/וֹ֙	l	HR/Sp3ms
Num 23:17	בָּלָ֔ק	1111	HNp
Num 23:17	מַה	4100	HTi
Num 23:17	דִּבֶּ֖ר	1696	HVpp3ms
Num 23:17	יְהוָֽה	3068	HNp
Num 23:18	וַ/יִּשָּׂ֥א	c/5375	HC/Vqw3ms
Num 23:18	מְשָׁל֖/וֹ	4912	HNcmsc/Sp3ms
Num 23:18	וַ/יֹּאמַ֑ר	c/559	HC/Vqw3ms
Num 23:18	ק֤וּם	6965 b	HVqv2ms
Num 23:18	בָּלָק֙	1111	HNp
Num 23:18	וּֽ/שֲׁמָ֔ע	c/8085	HC/Vqv2ms
Num 23:18	הַאֲזִ֥ינָ/ה	238	HVhv2ms/Sh
Num 23:18	עָדַ֖/י	5704	HR/Sp1cs
Num 23:18	בְּנ֥/וֹ	1121 a	HNcmsc/Sp3ms
Num 23:18	צִפֹּֽר	6834	HNp
Num 23:19	לֹ֣א	3808	HTn
Num 23:19	אִ֥ישׁ	376	HNcmsa
Num 23:19	אֵל֙	410	HNcmsa
Num 23:19	וִֽ/יכַזֵּ֔ב	c/3576	HC/Vpi3ms
Num 23:19	וּ/בֶן	c/1121 a	HC/Ncmsc
Num 23:19	אָדָ֖ם	120	HNcmsa
Num 23:19	וְ/יִתְנֶחָ֑ם	c/5162	HC/Vti3ms
Num 23:19	הַ/ה֤וּא	d/1931	HTd/Pp3ms
Num 23:19	אָמַר֙	559	HVqp3ms
Num 23:19	וְ/לֹ֣א	c/3808	HC/Tn
Num 23:19	יַעֲשֶׂ֔ה	6213 a	HVqi3ms
Num 23:19	וְ/דִבֶּ֖ר	c/1696	HC/Vpp3ms
Num 23:19	וְ/לֹ֥א	c/3808	HC/Tn
Num 23:19	יְקִימֶֽ/נָּה	6965 b	HVhi3ms/Sp3fs
Num 23:20	הִנֵּ֥ה	2009	HTm
Num 23:20	בָרֵ֖ךְ	1288	HVpa
Num 23:20	לָקָ֑חְתִּי	3947	HVqp1cs
Num 23:20	וּ/בֵרֵ֖ךְ	c/1288	HC/Vpp3ms
Num 23:20	וְ/לֹ֥א	c/3808	HC/Tn
Num 23:20	אֲשִׁיבֶֽ/נָּה	7725	HVhi1cs/Sp3fs
Num 23:21	לֹֽא	3808	HTn
Num 23:21	הִבִּ֥יט	5027	HVhp3ms
Num 23:21	אָ֨וֶן֙	205	HNcmsa
Num 23:21	בְּ/יַעֲקֹ֔ב	b/3290	HR/Np
Num 23:21	וְ/לֹא	c/3808	HC/Tn
Num 23:21	רָאָ֥ה	7200	HVqp3ms
Num 23:21	עָמָ֖ל	5999	HNcbsa
Num 23:21	בְּ/יִשְׂרָאֵ֑ל	b/3478	HR/Np
Num 23:21	יְהוָ֤ה	3068	HNp
Num 23:21	אֱלֹהָי/ו֙	430	HNcmpc/Sp3ms
Num 23:21	עִמּ֔/וֹ	5973 a	HR/Sp3ms
Num 23:21	וּ/תְרוּעַ֥ת	c/8643	HC/Ncfsc
Num 23:21	מֶ֖לֶךְ	4428	HNcmsa
Num 23:21	בּֽ/וֹ	b	HR/Sp3ms
Num 23:22	אֵ֖ל	410	HNcmsa
Num 23:22	מוֹצִיאָ֣/ם	3318	HVhrmsc/Sp3mp
Num 23:22	מִ/מִּצְרָ֑יִם	m/4714	HR/Np
Num 23:22	כְּ/תוֹעֲפֹ֥ת	k/8443	HR/Ncfpc
Num 23:22	רְאֵ֖ם	7214	HNcmsa
Num 23:22	לֽ/וֹ	l	HR/Sp3ms
Num 23:23	כִּ֤י	3588 a	HC
Num 23:23	לֹא	3808	HTn
Num 23:23	נַ֨חַשׁ֙	5173	HNcmsa
Num 23:23	בְּ/יַעֲקֹ֔ב	b/3290	HR/Np
Num 23:23	וְ/לֹא	c/3808	HC/Tn
Num 23:23	קֶ֖סֶם	7081	HNcmsa
Num 23:23	בְּ/יִשְׂרָאֵ֑ל	b/3478	HR/Np
Num 23:23	כָּ/עֵ֗ת	k/6256	HRd/Ncbsa
Num 23:23	יֵאָמֵ֤ר	559	HVNi3ms
Num 23:23	לְ/יַעֲקֹב֙	l/3290	HR/Np
Num 23:23	וּ/לְ/יִשְׂרָאֵ֔ל	c/l/3478	HC/R/Np
Num 23:23	מַה	4100	HTi
Num 23:23	פָּ֖עַל	6466	HVqp3ms
Num 23:23	אֵֽל	410	HNcmsa
Num 23:24	הֶן	2005	HTj
Num 23:24	עָם֙	5971 a	HNcmsa
Num 23:24	כְּ/לָבִ֣יא	k/3833 c	HR/Ncbsa
Num 23:24	יָק֔וּם	6965 b	HVqi3ms
Num 23:24	וְ/כַ/אֲרִ֖י	c/k/738 a	HC/R/Ncmsa
Num 23:24	יִתְנַשָּׂ֑א	5375	HVti3ms
Num 23:24	לֹ֤א	3808	HTn
Num 23:24	יִשְׁכַּב֙	7901	HVqi3ms
Num 23:24	עַד	5704	HR
Num 23:24	יֹ֣אכַל	398	HVqi3ms
Num 23:24	טֶ֔רֶף	2964	HNcmsa
Num 23:24	וְ/דַם	c/1818	HC/Ncmsc
Num 23:24	חֲלָלִ֖ים	2491 a	HAampa
Num 23:24	יִשְׁתֶּֽה	8354	HVqi3ms
Num 23:25	וַ/יֹּ֤אמֶר	c/559	HC/Vqw3ms
Num 23:25	בָּלָק֙	1111	HNp
Num 23:25	אֶל	413	HR
Num 23:25	בִּלְעָ֔ם	1109 a	HNp
Num 23:25	גַּם	1571	HTa
Num 23:25	קֹ֖ב	6895	HVqa
Num 23:25	לֹ֣א	3808	HTn
Num 23:25	תִקֳּבֶ֑/נּוּ	5344 a	HVqi2ms/Sp3ms
Num 23:25	גַּם	1571	HTa
Num 23:25	בָּרֵ֖ךְ	1288	HVpa
Num 23:25	לֹ֥א	3808	HTn
Num 23:25	תְבָרֲכֶֽ/נּוּ	1288	HVpi2ms/Sp3ms
Num 23:26	וַ/יַּ֣עַן	c/6030 b	HC/Vqw3ms
Num 23:26	בִּלְעָ֔ם	1109 a	HNp
Num 23:26	וַ/יֹּ֖אמֶר	c/559	HC/Vqw3ms
Num 23:26	אֶל	413	HR
Num 23:26	בָּלָ֑ק	1111	HNp
Num 23:26	הֲ/לֹ֗א	i/3808	HTi/Tn
Num 23:26	דִּבַּ֤רְתִּי	1696	HVpp1cs
Num 23:26	אֵלֶ֨י/ךָ֙	413	HR/Sp2ms
Num 23:26	לֵ/אמֹ֔ר	l/559	HR/Vqc
Num 23:26	כֹּ֛ל	3605	HNcmsa
Num 23:26	אֲשֶׁר	834 a	HTr
Num 23:26	יְדַבֵּ֥ר	1696	HVpi3ms
Num 23:26	יְהוָ֖ה	3068	HNp
Num 23:26	אֹת֥/וֹ	853	HTo/Sp3ms
Num 23:26	אֶֽעֱשֶֽׂה	6213 a	HVqi1cs
Num 23:27	וַ/יֹּ֤אמֶר	c/559	HC/Vqw3ms
Num 23:27	בָּלָק֙	1111	HNp
Num 23:27	אֶל	413	HR
Num 23:27	בִּלְעָ֔ם	1109 a	HNp
Num 23:27	לְכָ/ה	3212	HVqv2ms/Sh
Num 23:27	נָּא֙	4994	HTj
Num 23:27	אֶקָּ֣חֲ/ךָ֔	3947	HVqh1cs/Sp2ms
Num 23:27	אֶל	413	HR
Num 23:27	מָק֖וֹם	4725	HNcmsa
Num 23:27	אַחֵ֑ר	312	HAamsa
Num 23:27	אוּלַ֤י	194	HD
Num 23:27	יִישַׁר֙	3474	HVqi3ms
Num 23:27	בְּ/עֵינֵ֣י	b/5869 a	HR/Ncbdc
Num 23:27	הָ/אֱלֹהִ֔ים	d/430	HTd/Ncmpa
Num 23:27	וְ/קַבֹּ֥ת/וֹ	c/6895	HC/Vqq2ms/Sp3ms
Num 23:27	לִ֖/י	l	HR/Sp1cs
Num 23:27	מִ/שָּֽׁם	m/8033	HR/D
Num 23:28	וַ/יִּקַּ֥ח	c/3947	HC/Vqw3ms
Num 23:28	בָּלָ֖ק	1111	HNp
Num 23:28	אֶת	853	HTo
Num 23:28	בִּלְעָ֑ם	1109 a	HNp
Num 23:28	רֹ֣אשׁ	7218 a	HNcmsc
Num 23:28	הַ/פְּע֔וֹר	d/6465	HTd/Np
Num 23:28	הַ/נִּשְׁקָ֖ף	d/8259	HTd/VNrmsa
Num 23:28	עַל	5921 a	HR
Num 23:28	פְּנֵ֥י	6440	HNcbpc
Num 23:28	הַ/יְשִׁימֹֽן	d/3452	HTd/Ncmsa
Num 23:29	וַ/יֹּ֤אמֶר	c/559	HC/Vqw3ms
Num 23:29	בִּלְעָם֙	1109 a	HNp
Num 23:29	אֶל	413	HR
Num 23:29	בָּלָ֔ק	1111	HNp
Num 23:29	בְּנֵה	1129	HVqv2ms
Num 23:29	לִ֥/י	l	HR/Sp1cs
Num 23:29	בָ/זֶ֖ה	b/2088	HR/Pdxms
Num 23:29	שִׁבְעָ֣ה	7651	HAcmsa
Num 23:29	מִזְבְּחֹ֑ת	4196	HNcmpa
Num 23:29	וְ/הָכֵ֥ן	c/3559 a	HC/Vhv2ms
Num 23:29	לִ/י֙	l	HR/Sp1cs
Num 23:29	בָּ/זֶ֔ה	b/2088	HR/Pdxms
Num 23:29	שִׁבְעָ֥ה	7651	HAcmsa
Num 23:29	פָרִ֖ים	6499	HNcmpa
Num 23:29	וְ/שִׁבְעָ֥ה	c/7651	HC/Acmsa
Num 23:29	אֵילִֽים	352 a	HNcmpa
Num 23:30	וַ/יַּ֣עַשׂ	c/6213 a	HC/Vqw3ms
Num 23:30	בָּלָ֔ק	1111	HNp
Num 23:30	כַּ/אֲשֶׁ֖ר	k/834 d	HR/Tr
Num 23:30	אָמַ֣ר	559	HVqp3ms
Num 23:30	בִּלְעָ֑ם	1109 a	HNp
Num 23:30	וַ/יַּ֛עַל	c/5927	HC/Vhw3ms
Num 23:30	פָּ֥ר	6499	HNcmsa
Num 23:30	וָ/אַ֖יִל	c/352 a	HC/Ncmsa
Num 23:30	בַּ/מִּזְבֵּֽחַ	b/4196	HRd/Ncmsa
Num 24:1	וַ/יַּ֣רְא	c/7200	HC/Vqw3ms
Num 24:1	בִּלְעָ֗ם	1109 a	HNp
Num 24:1	כִּ֣י	3588 a	HC
Num 24:1	ט֞וֹב	2895	HVqp3ms
Num 24:1	בְּ/עֵינֵ֤י	b/5869 a	HR/Ncbdc
Num 24:1	יְהוָה֙	3068	HNp
Num 24:1	לְ/בָרֵ֣ךְ	l/1288	HR/Vpc
Num 24:1	אֶת	853	HTo
Num 24:1	יִשְׂרָאֵ֔ל	3478	HNp
Num 24:1	וְ/לֹא	c/3808	HC/Tn
Num 24:1	הָלַ֥ךְ	1980	HVqp3ms
Num 24:1	כְּ/פַֽעַם	k/6471	HR/Ncfsa
Num 24:1	בְּ/פַ֖עַם	b/6471	HR/Ncfsa
Num 24:1	לִ/קְרַ֣את	l/7125	HR/Vqc
Num 24:1	נְחָשִׁ֑ים	5173	HNcmpa
Num 24:1	וַ/יָּ֥שֶׁת	c/7896	HC/Vqw3ms
Num 24:1	אֶל	413	HR
Num 24:1	הַ/מִּדְבָּ֖ר	d/4057 b	HTd/Ncmsa
Num 24:1	פָּנָֽי/ו	6440	HNcbpc/Sp3ms
Num 24:2	וַ/יִּשָּׂ֨א	c/5375	HC/Vqw3ms
Num 24:2	בִלְעָ֜ם	1109 a	HNp
Num 24:2	אֶת	853	HTo
Num 24:2	עֵינָ֗י/ו	5869 a	HNcbdc/Sp3ms
Num 24:2	וַ/יַּרְא֙	c/7200	HC/Vqw3ms
Num 24:2	אֶת	853	HTo
Num 24:2	יִשְׂרָאֵ֔ל	3478	HNp
Num 24:2	שֹׁכֵ֖ן	7931	HVqrmsa
Num 24:2	לִ/שְׁבָטָ֑י/ו	l/7626	HR/Ncmpc/Sp3ms
Num 24:2	וַ/תְּהִ֥י	c/1961	HC/Vqw3fs
Num 24:2	עָלָ֖י/ו	5921 a	HR/Sp3ms
Num 24:2	ר֥וּחַ	7307	HNcbsc
Num 24:2	אֱלֹהִֽים	430	HNcmpa
Num 24:3	וַ/יִּשָּׂ֥א	c/5375	HC/Vqw3ms
Num 24:3	מְשָׁל֖/וֹ	4912	HNcmsc/Sp3ms
Num 24:3	וַ/יֹּאמַ֑ר	c/559	HC/Vqw3ms
Num 24:3	נְאֻ֤ם	5002	HNcmsc
Num 24:3	בִּלְעָם֙	1109 a	HNp
Num 24:3	בְּנ֣/וֹ	1121 a	HNcmsc/Sp3ms
Num 24:3	בְעֹ֔ר	1160	HNp
Num 24:3	וּ/נְאֻ֥ם	c/5002	HC/Ncmsc
Num 24:3	הַ/גֶּ֖בֶר	d/1397	HTd/Ncmsa
Num 24:3	שְׁתֻ֥ם	8365	HVqsmsc
Num 24:3	הָ/עָֽיִן	d/5869 a	HTd/Ncbsa
Num 24:4	נְאֻ֕ם	5002	HNcmsc
Num 24:4	שֹׁמֵ֖עַ	8085	HVqrmsa
Num 24:4	אִמְרֵי	561	HNcmpc
Num 24:4	אֵ֑ל	410	HNcmsa
Num 24:4	אֲשֶׁ֨ר	834 a	HTr
Num 24:4	מַחֲזֵ֤ה	4236	HNcmsc
Num 24:4	שַׁדַּי֙	7706	HNp
Num 24:4	יֶֽחֱזֶ֔ה	2372	HVqi3ms
Num 24:4	נֹפֵ֖ל	5307	HVqrmsa
Num 24:4	וּ/גְל֥וּי	c/1540	HC/Vqsmsc
Num 24:4	עֵינָֽיִם	5869 a	HNcbda
Num 24:5	מַה	4100	HTi
Num 24:5	טֹּ֥בוּ	2895	HVqp3cp
Num 24:5	אֹהָלֶ֖י/ךָ	168	HNcmpc/Sp2ms
Num 24:5	יַעֲקֹ֑ב	3290	HNp
Num 24:5	מִשְׁכְּנֹתֶ֖י/ךָ	4908	HNcmpc/Sp2ms
Num 24:5	יִשְׂרָאֵֽל	3478	HNp
Num 24:6	כִּ/נְחָלִ֣ים	k/5158 b	HR/Ncmpa
Num 24:6	נִטָּ֔יוּ	5186	HVNp3cp
Num 24:6	כְּ/גַנֹּ֖ת	k/1593	HR/Ncfpa
Num 24:6	עֲלֵ֣י	5921 a	HR
Num 24:6	נָהָ֑ר	5104	HNcmsa
Num 24:6	כַּ/אֲהָלִים֙	k/174	HR/Ncmpa
Num 24:6	נָטַ֣ע	5193	HVqp3ms
Num 24:6	יְהוָ֔ה	3068	HNp
Num 24:6	כַּ/אֲרָזִ֖ים	k/730	HR/Ncmpa
Num 24:6	עֲלֵי	5921 a	HR
Num 24:6	מָֽיִם	4325	HNcmpa
Num 24:7	יִֽזַּל	5140	HVqi3ms
Num 24:7	מַ֨יִם֙	4325	HNcmpa
Num 24:7	מִ/דָּ֣לְיָ֔/ו	m/1805	HR/Ncmdc/Sp3ms
Num 24:7	וְ/זַרְע֖/וֹ	c/2233	HC/Ncmsc/Sp3ms
Num 24:7	בְּ/מַ֣יִם	b/4325	HR/Ncmpa
Num 24:7	רַבִּ֑ים	7227 a	HAampa
Num 24:7	וְ/יָרֹ֤ם	c/7311 a	HC/Vqj3ms
Num 24:7	מֵֽ/אֲגַג֙	m/90	HR/Np
Num 24:7	מַלְכּ֔/וֹ	4428	HNcmsc/Sp3ms
Num 24:7	וְ/תִנַּשֵּׂ֖א	c/5375	HC/Vti3fs
Num 24:7	מַלְכֻתֽ/וֹ	4438	HNcfsc/Sp3ms
Num 24:8	אֵ֚ל	410	HNcmsa
Num 24:8	מוֹצִיא֣/וֹ	3318	HVhrmsc/Sp3ms
Num 24:8	מִ/מִּצְרַ֔יִם	m/4714	HR/Np
Num 24:8	כְּ/תוֹעֲפֹ֥ת	k/8443	HR/Ncfpc
Num 24:8	רְאֵ֖ם	7214	HNcmsa
Num 24:8	ל֑/וֹ	l	HR/Sp3ms
Num 24:8	יֹאכַ֞ל	398	HVqi3ms
Num 24:8	גּוֹיִ֣ם	1471 a	HNcmpa
Num 24:8	צָרָ֗י/ו	6862 c	HNcmpc/Sp3ms
Num 24:8	וְ/עַצְמֹתֵי/הֶ֛ם	c/6106	HC/Ncfpc/Sp3mp
Num 24:8	יְגָרֵ֖ם	1633 b	HVpi3ms
Num 24:8	וְ/חִצָּ֥י/ו	c/2671	HC/Ncmpc/Sp3ms
Num 24:8	יִמְחָֽץ	4272	HVqi3ms
Num 24:9	כָּרַ֨ע	3766	HVqp3ms
Num 24:9	שָׁכַ֧ב	7901	HVqp3ms
Num 24:9	כַּ/אֲרִ֛י	k/738 a	HR/Ncmsa
Num 24:9	וּ/כְ/לָבִ֖יא	c/k/3833 c	HC/R/Ncbsa
Num 24:9	מִ֣י	4310	HTi
Num 24:9	יְקִימֶ֑/נּוּ	6965 b	HVhi3ms/Sp3ms
Num 24:9	מְבָרֲכֶ֣י/ךָ	1288	HVprmpc/Sp2ms
Num 24:9	בָר֔וּךְ	1288	HVqsmsa
Num 24:9	וְ/אֹרְרֶ֖י/ךָ	c/779	HC/Vqrmpc/Sp2ms
Num 24:9	אָרֽוּר	779	HVqsmsa
Num 24:10	וַ/יִּֽחַר	c/2734	HC/Vqw3ms
Num 24:10	אַ֤ף	639	HTa
Num 24:10	בָּלָק֙	1111	HNp
Num 24:10	אֶל	413	HR
Num 24:10	בִּלְעָ֔ם	1109 a	HNp
Num 24:10	וַ/יִּסְפֹּ֖ק	c/5606 a	HC/Vqw3ms
Num 24:10	אֶת	853	HTo
Num 24:10	כַּפָּ֑י/ו	3709	HNcfdc/Sp3ms
Num 24:10	וַ/יֹּ֨אמֶר	c/559	HC/Vqw3ms
Num 24:10	בָּלָ֜ק	1111	HNp
Num 24:10	אֶל	413	HR
Num 24:10	בִּלְעָ֗ם	1109 a	HNp
Num 24:10	לָ/קֹ֤ב	l/6895	HR/Vqc
Num 24:10	אֹֽיְבַ/י֙	341	HVqrmpc/Sp1cs
Num 24:10	קְרָאתִ֔י/ךָ	7121	HVqp1cs/Sp2ms
Num 24:10	וְ/הִנֵּה֙	c/2009	HC/Tm
Num 24:10	בֵּרַ֣כְתָּ	1288	HVpp2ms
Num 24:10	בָרֵ֔ךְ	1288	HVpa
Num 24:10	זֶ֖ה	2088	HPdxms
Num 24:10	שָׁלֹ֥שׁ	7969	HAcfsa
Num 24:10	פְּעָמִֽים	6471	HNcfpa
Num 24:11	וְ/עַתָּ֖ה	c/6258	HC/D
Num 24:11	בְּרַח	1272	HVqv2ms
Num 24:11	לְ/ךָ֣	l	HR/Sp2ms
Num 24:11	אֶל	413	HR
Num 24:11	מְקוֹמֶ֑/ךָ	4725	HNcmsc/Sp2ms
Num 24:11	אָמַ֨רְתִּי֙	559	HVqp1cs
Num 24:11	כַּבֵּ֣ד	3513	HVpa
Num 24:11	אֲכַבֶּדְ/ךָ֔	3513	HVpi1cs/Sp2ms
Num 24:11	וְ/הִנֵּ֛ה	c/2009	HC/Tm
Num 24:11	מְנָעֲ/ךָ֥	4513	HVqp3ms/Sp2ms
Num 24:11	יְהוָ֖ה	3068	HNp
Num 24:11	מִ/כָּבֽוֹד	m/3519	HR/Ncbsa
Num 24:12	וַ/יֹּ֥אמֶר	c/559	HC/Vqw3ms
Num 24:12	בִּלְעָ֖ם	1109 a	HNp
Num 24:12	אֶל	413	HR
Num 24:12	בָּלָ֑ק	1111	HNp
Num 24:12	הֲ/לֹ֗א	i/3808	HTi/Tn
Num 24:12	גַּ֧ם	1571	HTa
Num 24:12	אֶל	413	HR
Num 24:12	מַלְאָכֶ֛י/ךָ	4397	HNcmpc/Sp2ms
Num 24:12	אֲשֶׁר	834 a	HTr
Num 24:12	שָׁלַ֥חְתָּ	7971	HVqp2ms
Num 24:12	אֵלַ֖/י	413	HR/Sp1cs
Num 24:12	דִּבַּ֥רְתִּי	1696	HVpp1cs
Num 24:12	לֵ/אמֹֽר	l/559	HR/Vqc
Num 24:13	אִם	518 a	HC
Num 24:13	יִתֶּן	5414	HVqi3ms
Num 24:13	לִ֨/י	l	HR/Sp1cs
Num 24:13	בָלָ֜ק	1111	HNp
Num 24:13	מְלֹ֣א	4393	HNcmsc
Num 24:13	בֵית/וֹ֮	1004 b	HNcmsc/Sp3ms
Num 24:13	כֶּ֣סֶף	3701	HNcmsa
Num 24:13	וְ/זָהָב֒	c/2091	HC/Ncmsa
Num 24:13	לֹ֣א	3808	HTn
Num 24:13	אוּכַ֗ל	3201	HVqi1cs
Num 24:13	לַ/עֲבֹר֙	l/5674 a	HR/Vqc
Num 24:13	אֶת	853	HTo
Num 24:13	פִּ֣י	6310	HNcmsc
Num 24:13	יְהוָ֔ה	3068	HNp
Num 24:13	לַ/עֲשׂ֥וֹת	l/6213 a	HR/Vqc
Num 24:13	טוֹבָ֛ה	2896 c	HAafsa
Num 24:13	א֥וֹ	176 a	HC
Num 24:13	רָעָ֖ה	7451 a	HNcfsa
Num 24:13	מִ/לִּבִּ֑/י	m/3820 a	HR/Ncmsc/Sp1cs
Num 24:13	אֲשֶׁר	834 a	HTr
Num 24:13	יְדַבֵּ֥ר	1696	HVpi3ms
Num 24:13	יְהוָ֖ה	3068	HNp
Num 24:13	אֹת֥/וֹ	853	HTo/Sp3ms
Num 24:13	אֲדַבֵּֽר	1696	HVpi1cs
Num 24:14	וְ/עַתָּ֕ה	c/6258	HC/D
Num 24:14	הִנְנִ֥/י	2005	HTj/Sp1cs
Num 24:14	הוֹלֵ֖ךְ	1980	HVqrmsa
Num 24:14	לְ/עַמִּ֑/י	l/5971 a	HR/Ncmsc/Sp1cs
Num 24:14	לְכָ/ה֙	3212	HVqv2ms/Sh
Num 24:14	אִיעָ֣צְ/ךָ֔	3289	HVqi1cs/Sp2ms
Num 24:14	אֲשֶׁ֨ר	834 a	HTr
Num 24:14	יַעֲשֶׂ֜ה	6213 a	HVqi3ms
Num 24:14	הָ/עָ֥ם	d/5971 a	HTd/Ncmsa
Num 24:14	הַ/זֶּ֛ה	d/2088	HTd/Pdxms
Num 24:14	לְ/עַמְּ/ךָ֖	l/5971 a	HR/Ncmsc/Sp2ms
Num 24:14	בְּ/אַחֲרִ֥ית	b/319	HR/Ncfsc
Num 24:14	הַ/יָּמִֽים	d/3117	HTd/Ncmpa
Num 24:15	וַ/יִּשָּׂ֥א	c/5375	HC/Vqw3ms
Num 24:15	מְשָׁל֖/וֹ	4912	HNcmsc/Sp3ms
Num 24:15	וַ/יֹּאמַ֑ר	c/559	HC/Vqw3ms
Num 24:15	נְאֻ֤ם	5002	HNcmsc
Num 24:15	בִּלְעָם֙	1109 a	HNp
Num 24:15	בְּנ֣/וֹ	1121 a	HNcmsc/Sp3ms
Num 24:15	בְעֹ֔ר	1160	HNp
Num 24:15	וּ/נְאֻ֥ם	c/5002	HC/Ncmsc
Num 24:15	הַ/גֶּ֖בֶר	d/1397	HTd/Ncmsa
Num 24:15	שְׁתֻ֥ם	8365	HVqsmsc
Num 24:15	הָ/עָֽיִן	d/5869 a	HTd/Ncbsa
Num 24:16	נְאֻ֗ם	5002	HNcmsc
Num 24:16	שֹׁמֵ֨עַ֙	8085	HVqrmsa
Num 24:16	אִמְרֵי	561	HNcmpc
Num 24:16	אֵ֔ל	410	HNcmsa
Num 24:16	וְ/יֹדֵ֖עַ	c/3045	HC/Vqrmsa
Num 24:16	דַּ֣עַת	1847	HNcfsc
Num 24:16	עֶלְי֑וֹן	5945 b	HAamsa
Num 24:16	מַחֲזֵ֤ה	4236	HNcmsc
Num 24:16	שַׁדַּי֙	7706	HNp
Num 24:16	יֶֽחֱזֶ֔ה	2372	HVqi3ms
Num 24:16	נֹפֵ֖ל	5307	HVqrmsa
Num 24:16	וּ/גְל֥וּי	c/1540	HC/Vqsmsc
Num 24:16	עֵינָֽיִם	5869 a	HNcbda
Num 24:17	אֶרְאֶ֨/נּוּ֙	7200	HVqi1cs/Sp3ms
Num 24:17	וְ/לֹ֣א	c/3808	HC/Tn
Num 24:17	עַתָּ֔ה	6258	HD
Num 24:17	אֲשׁוּרֶ֖/נּוּ	7789	HVqi1cs/Sp3ms
Num 24:17	וְ/לֹ֣א	c/3808	HC/Tn
Num 24:17	קָר֑וֹב	7138	HAamsa
Num 24:17	דָּרַ֨ךְ	1869	HVqp3ms
Num 24:17	כּוֹכָ֜ב	3556	HNcmsa
Num 24:17	מִֽ/יַּעֲקֹ֗ב	m/3290	HR/Np
Num 24:17	וְ/קָ֥ם	c/6965 b	HC/Vqq3ms
Num 24:17	שֵׁ֨בֶט֙	7626	HNcmsa
Num 24:17	מִ/יִּשְׂרָאֵ֔ל	m/3478	HR/Np
Num 24:17	וּ/מָחַץ֙	c/4272	HC/Vqq3ms
Num 24:17	פַּאֲתֵ֣י	6285	HNcfdc
Num 24:17	מוֹאָ֔ב	4124	HNp
Num 24:17	וְ/קַרְקַ֖ר	c/6979 c	HC/Vlp3ms
Num 24:17	כָּל	3605	HNcmsc
Num 24:17	בְּנֵי	1121 a	HNcmpc
Num 24:17	שֵֽׁת	8351	HNp
Num 24:18	וְ/הָיָ֨ה	c/1961	HC/Vqq3ms
Num 24:18	אֱד֜וֹם	123	HNp
Num 24:18	יְרֵשָׁ֗ה	3424	HNcfsa
Num 24:18	וְ/הָיָ֧ה	c/1961	HC/Vqq3ms
Num 24:18	יְרֵשָׁ֛ה	3424	HNcfsa
Num 24:18	שֵׂעִ֖יר	8165 a	HNp
Num 24:18	אֹיְבָ֑י/ו	341	HVqrmpc/Sp3ms
Num 24:18	וְ/יִשְׂרָאֵ֖ל	c/3478	HC/Np
Num 24:18	עֹ֥שֶׂה	6213 a	HVqrmsa
Num 24:18	חָֽיִל	2428	HNcmsa
Num 24:19	וְ/יֵ֖רְדְּ	c/7287 a	HC/Vqj3ms
Num 24:19	מִֽ/יַּעֲקֹ֑ב	m/3290	HR/Np
Num 24:19	וְ/הֶֽאֱבִ֥יד	c/6	HC/Vhq3ms
Num 24:19	שָׂרִ֖יד	8300	HNcmsa
Num 24:19	מֵ/עִֽיר	m/5892 b	HR/Ncfsa
Num 24:20	וַ/יַּרְא֙	c/7200	HC/Vqw3ms
Num 24:20	אֶת	853	HTo
Num 24:20	עֲמָלֵ֔ק	6002	HNp
Num 24:20	וַ/יִּשָּׂ֥א	c/5375	HC/Vqw3ms
Num 24:20	מְשָׁל֖/וֹ	4912	HNcmsc/Sp3ms
Num 24:20	וַ/יֹּאמַ֑ר	c/559	HC/Vqw3ms
Num 24:20	רֵאשִׁ֤ית	7225	HNcfsc
Num 24:20	גּוֹיִם֙	1471 a	HNcmpa
Num 24:20	עֲמָלֵ֔ק	6002	HNp
Num 24:20	וְ/אַחֲרִית֖/וֹ	c/319	HC/Ncfsc/Sp3ms
Num 24:20	עֲדֵ֥י	5703	HR
Num 24:20	אֹבֵֽד	8	HNcmsa
Num 24:21	וַ/יַּרְא֙	c/7200	HC/Vqw3ms
Num 24:21	אֶת	853	HTo
Num 24:21	הַ/קֵּינִ֔י	d/7017	HTd/Ngmsa
Num 24:21	וַ/יִּשָּׂ֥א	c/5375	HC/Vqw3ms
Num 24:21	מְשָׁל֖/וֹ	4912	HNcmsc/Sp3ms
Num 24:21	וַ/יֹּאמַ֑ר	c/559	HC/Vqw3ms
Num 24:21	אֵיתָן֙	386	HAamsa
Num 24:21	מֽוֹשָׁבֶ֔/ךָ	4186	HNcmsc/Sp2ms
Num 24:21	וְ/שִׂ֥ים	c/7760 a	HC/Vqsmsa
Num 24:21	בַּ/סֶּ֖לַע	b/5553	HRd/Ncmsa
Num 24:21	קִנֶּֽ/ךָ	7064	HNcmsc/Sp2ms
Num 24:22	כִּ֥י	3588 b	HC
Num 24:22	אִם	518 b	HC
Num 24:22	יִהְיֶ֖ה	1961	HVqi3ms
Num 24:22	לְ/בָ֣עֵֽר	l/1197 a	HR/Vpc
Num 24:22	קָ֑יִן	7014 a	HNp
Num 24:22	עַד	5704	HR
Num 24:22	מָ֖ה	4100	HTi
Num 24:22	אַשּׁ֥וּר	804	HNp
Num 24:22	תִּשְׁבֶּֽ/ךָּ	7617	HVqi3fs/Sp2ms
Num 24:23	וַ/יִּשָּׂ֥א	c/5375	HC/Vqw3ms
Num 24:23	מְשָׁל֖/וֹ	4912	HNcmsc/Sp3ms
Num 24:23	וַ/יֹּאמַ֑ר	c/559	HC/Vqw3ms
Num 24:23	א֕וֹי	188	HTj
Num 24:23	מִ֥י	4310	HTi
Num 24:23	יִחְיֶ֖ה	2421	HVqi3ms
Num 24:23	מִ/שֻּׂמ֥/וֹ	m/7760 a	HR/Vqc/Sp3ms
Num 24:23	אֵֽל	410	HNcmsa
Num 24:24	וְ/צִים֙	c/6716	HC/Ncmpa
Num 24:24	מִ/יַּ֣ד	m/3027	HR/Ncbsc
Num 24:24	כִּתִּ֔ים	3794	HNp
Num 24:24	וְ/עִנּ֥וּ	c/6031 b	HC/Vpq3cp
Num 24:24	אַשּׁ֖וּר	804	HNp
Num 24:24	וְ/עִנּוּ	c/6031 b	HC/Vpq3cp
Num 24:24	עֵ֑בֶר	5677	HNp
Num 24:24	וְ/גַם	c/1571	HC/Ta
Num 24:24	ה֖וּא	1931	HPp3ms
Num 24:24	עֲדֵ֥י	5703	HR
Num 24:24	אֹבֵֽד	8	HNcmsa
Num 24:25	וַ/יָּ֣קָם	c/6965 b	HC/Vqw3ms
Num 24:25	בִּלְעָ֔ם	1109 a	HNp
Num 24:25	וַ/יֵּ֖לֶךְ	c/3212	HC/Vqw3ms
Num 24:25	וַ/יָּ֣שָׁב	c/7725	HC/Vqw3ms
Num 24:25	לִ/מְקֹמ֑/וֹ	l/4725	HR/Ncmsc/Sp3ms
Num 24:25	וְ/גַם	c/1571	HC/Ta
Num 24:25	בָּלָ֖ק	1111	HNp
Num 24:25	הָלַ֥ךְ	1980	HVqp3ms
Num 24:25	לְ/דַרְכּֽ/וֹ	l/1870	HR/Ncbsc/Sp3ms
Num 25:1	וַ/יֵּ֥שֶׁב	c/3427	HC/Vqw3ms
Num 25:1	יִשְׂרָאֵ֖ל	3478	HNp
Num 25:1	בַּ/שִּׁטִּ֑ים	b/7851	HRd/Np
Num 25:1	וַ/יָּ֣חֶל	c/2490 c	HC/Vhw3ms
Num 25:1	הָ/עָ֔ם	d/5971 a	HTd/Ncmsa
Num 25:1	לִ/זְנ֖וֹת	l/2181	HR/Vqc
Num 25:1	אֶל	413	HR
Num 25:1	בְּנ֥וֹת	1323	HNcfpc
Num 25:1	מוֹאָֽב	4124	HNp
Num 25:2	וַ/תִּקְרֶ֣אןָ	c/7121	HC/Vqw3fp
Num 25:2	לָ/עָ֔ם	l/5971 a	HRd/Ncmsa
Num 25:2	לְ/זִבְחֵ֖י	l/2077	HR/Ncmpc
Num 25:2	אֱלֹהֵי/הֶ֑ן	430	HNcmpc/Sp3fp
Num 25:2	וַ/יֹּ֣אכַל	c/398	HC/Vqw3ms
Num 25:2	הָ/עָ֔ם	d/5971 a	HTd/Ncmsa
Num 25:2	וַ/יִּֽשְׁתַּחֲוּ֖וּ	c/7812	HC/Vvw3mp
Num 25:2	לֵֽ/אלֹהֵי/הֶֽן	l/430	HR/Ncmpc/Sp3fp
Num 25:3	וַ/יִּצָּ֥מֶד	c/6775	HC/VNw3ms
Num 25:3	יִשְׂרָאֵ֖ל	3478	HNp
Num 25:3	לְ/בַ֣עַל	l/1187+	HR/Np
Num 25:3	פְּע֑וֹר	1187	HNp
Num 25:3	וַ/יִּֽחַר	c/2734	HC/Vqw3ms
Num 25:3	אַ֥ף	639	HTa
Num 25:3	יְהוָ֖ה	3068	HNp
Num 25:3	בְּ/יִשְׂרָאֵֽל	b/3478	HR/Np
Num 25:4	וַ/יֹּ֨אמֶר	c/559	HC/Vqw3ms
Num 25:4	יְהוָ֜ה	3068	HNp
Num 25:4	אֶל	413	HR
Num 25:4	מֹשֶׁ֗ה	4872	HNp
Num 25:4	קַ֚ח	3947	HVqv2ms
Num 25:4	אֶת	853	HTo
Num 25:4	כָּל	3605	HNcmsc
Num 25:4	רָאשֵׁ֣י	7218 a	HNcmpc
Num 25:4	הָ/עָ֔ם	d/5971 a	HTd/Ncmsa
Num 25:4	וְ/הוֹקַ֥ע	c/3363	HC/Vhv2ms
Num 25:4	אוֹתָ֛/ם	853	HTo/Sp3mp
Num 25:4	לַ/יהוָ֖ה	l/3068	HR/Np
Num 25:4	נֶ֣גֶד	5048	HR
Num 25:4	הַ/שָּׁ֑מֶשׁ	d/8121	HTd/Ncbsa
Num 25:4	וְ/יָשֹׁ֛ב	c/7725	HC/Vqj3ms
Num 25:4	חֲר֥וֹן	2740	HNcmsc
Num 25:4	אַף	639	HTa
Num 25:4	יְהוָ֖ה	3068	HNp
Num 25:4	מִ/יִּשְׂרָאֵֽל	m/3478	HR/Np
Num 25:5	וַ/יֹּ֣אמֶר	c/559	HC/Vqw3ms
Num 25:5	מֹשֶׁ֔ה	4872	HNp
Num 25:5	אֶל	413	HR
Num 25:5	שֹׁפְטֵ֖י	8199	HVqrmpc
Num 25:5	יִשְׂרָאֵ֑ל	3478	HNp
Num 25:5	הִרְגוּ֙	2026	HVqv2mp
Num 25:5	אִ֣ישׁ	376	HNcmsa
Num 25:5	אֲנָשָׁ֔י/ו	376	HNcmpc/Sp3ms
Num 25:5	הַ/נִּצְמָדִ֖ים	d/6775	HTd/VNsmpa
Num 25:5	לְ/בַ֥עַל	l/1187+	HR/Np
Num 25:5	פְּעֽוֹר	1187	HNp
Num 25:6	וְ/הִנֵּ֡ה	c/2009	HC/Tm
Num 25:6	אִישׁ֩	376	HNcmsa
Num 25:6	מִ/בְּנֵ֨י	m/1121 a	HR/Ncmpc
Num 25:6	יִשְׂרָאֵ֜ל	3478	HNp
Num 25:6	בָּ֗א	935	HVqp3ms
Num 25:6	וַ/יַּקְרֵ֤ב	c/7126	HC/Vhw3ms
Num 25:6	אֶל	413	HR
Num 25:6	אֶחָי/ו֙	251	HNcmpc/Sp3ms
Num 25:6	אֶת	853	HTo
Num 25:6	הַ/מִּדְיָנִ֔ית	d/4084	HTd/Aafsa
Num 25:6	לְ/עֵינֵ֣י	l/5869 a	HR/Ncbdc
Num 25:6	מֹשֶׁ֔ה	4872	HNp
Num 25:6	וּ/לְ/עֵינֵ֖י	c/l/5869 a	HC/R/Ncbdc
Num 25:6	כָּל	3605	HNcmsc
Num 25:6	עֲדַ֣ת	5712	HNcfsc
Num 25:6	בְּנֵי	1121 a	HNcmpc
Num 25:6	יִשְׂרָאֵ֑ל	3478	HNp
Num 25:6	וְ/הֵ֣מָּה	c/1992	HC/Pp3mp
Num 25:6	בֹכִ֔ים	1058	HVqrmpa
Num 25:6	פֶּ֖תַח	6607	HNcmsc
Num 25:6	אֹ֥הֶל	168	HNcmsc
Num 25:6	מוֹעֵֽד	4150	HNcmsa
Num 25:7	וַ/יַּ֗רְא	c/7200	HC/Vqw3ms
Num 25:7	פִּֽינְחָס֙	6372	HNp
Num 25:7	בֶּן	1121 a	HNcmsc
Num 25:7	אֶלְעָזָ֔ר	499	HNp
Num 25:7	בֶּֽן	1121 a	HNcmsc
Num 25:7	אַהֲרֹ֖ן	175	HNp
Num 25:7	הַ/כֹּהֵ֑ן	d/3548	HTd/Ncmsa
Num 25:7	וַ/יָּ֨קָם֙	c/6965 b	HC/Vqw3ms
Num 25:7	מִ/תּ֣וֹךְ	m/8432	HR/Ncmsc
Num 25:7	הָֽ/עֵדָ֔ה	d/5712	HTd/Ncfsa
Num 25:7	וַ/יִּקַּ֥ח	c/3947	HC/Vqw3ms
Num 25:7	רֹ֖מַח	7420	HNcmsa
Num 25:7	בְּ/יָדֽ/וֹ	b/3027	HR/Ncbsc/Sp3ms
Num 25:8	וַ֠/יָּבֹא	c/935	HC/Vqw3ms
Num 25:8	אַחַ֨ר	310 a	HR
Num 25:8	אִֽישׁ	376	HNcmsc
Num 25:8	יִשְׂרָאֵ֜ל	3478	HNp
Num 25:8	אֶל	413	HR
Num 25:8	הַ/קֻּבָּ֗ה	d/6898	HTd/Ncfsa
Num 25:8	וַ/יִּדְקֹר֙	c/1856	HC/Vqw3ms
Num 25:8	אֶת	853	HTo
Num 25:8	שְׁנֵי/הֶ֔ם	8147	HAcmdc/Sp3mp
Num 25:8	אֵ֚ת	853	HTo
Num 25:8	אִ֣ישׁ	376	HNcmsc
Num 25:8	יִשְׂרָאֵ֔ל	3478	HNp
Num 25:8	וְ/אֶת	c/853	HC/To
Num 25:8	הָ/אִשָּׁ֖ה	d/802	HTd/Ncfsa
Num 25:8	אֶל	413	HR
Num 25:8	קֳבָתָ֑/הּ	6897	HNcfsc/Sp3fs
Num 25:8	וַ/תֵּֽעָצַר֙	c/6113	HC/VNw3fs
Num 25:8	הַ/מַּגֵּפָ֔ה	d/4046	HTd/Ncfsa
Num 25:8	מֵ/עַ֖ל	m/5921 a	HR/R
Num 25:8	בְּנֵ֥י	1121 a	HNcmpc
Num 25:8	יִשְׂרָאֵֽל	3478	HNp
Num 25:9	וַ/יִּהְי֕וּ	c/1961	HC/Vqw3mp
Num 25:9	הַ/מֵּתִ֖ים	d/4191	HTd/Vqrmpa
Num 25:9	בַּ/מַּגֵּפָ֑ה	b/4046	HRd/Ncfsa
Num 25:9	אַרְבָּעָ֥ה	702	HAcmsa
Num 25:9	וְ/עֶשְׂרִ֖ים	c/6242	HC/Acbpa
Num 25:9	אָֽלֶף	505	HAcbsa
Num 25:10	וַ/יְדַבֵּ֥ר	c/1696	HC/Vpw3ms
Num 25:10	יְהוָ֖ה	3068	HNp
Num 25:10	אֶל	413	HR
Num 25:10	מֹשֶׁ֥ה	4872	HNp
Num 25:10	לֵּ/אמֹֽר	l/559	HR/Vqc
Num 25:11	פִּֽינְחָ֨ס	6372	HNp
Num 25:11	בֶּן	1121 a	HNcmsc
Num 25:11	אֶלְעָזָ֜ר	499	HNp
Num 25:11	בֶּן	1121 a	HNcmsc
Num 25:11	אַהֲרֹ֣ן	175	HNp
Num 25:11	הַ/כֹּהֵ֗ן	d/3548	HTd/Ncmsa
Num 25:11	הֵשִׁ֤יב	7725	HVhp3ms
Num 25:11	אֶת	853	HTo
Num 25:11	חֲמָתִ/י֙	2534	HNcfsc/Sp1cs
Num 25:11	מֵ/עַ֣ל	m/5921 a	HR/R
Num 25:11	בְּנֵֽי	1121 a	HNcmpc
Num 25:11	יִשְׂרָאֵ֔ל	3478	HNp
Num 25:11	בְּ/קַנְא֥/וֹ	b/7065	HR/Vpc/Sp3ms
Num 25:11	אֶת	853	HTo
Num 25:11	קִנְאָתִ֖/י	7068	HNcfsc/Sp1cs
Num 25:11	בְּ/תוֹכָ֑/ם	b/8432	HR/Ncmsc/Sp3mp
Num 25:11	וְ/לֹא	c/3808	HC/Tn
Num 25:11	כִלִּ֥יתִי	3615	HVpp1cs
Num 25:11	אֶת	853	HTo
Num 25:11	בְּנֵֽי	1121 a	HNcmpc
Num 25:11	יִשְׂרָאֵ֖ל	3478	HNp
Num 25:11	בְּ/קִנְאָתִֽ/י	b/7068	HR/Ncfsc/Sp1cs
Num 25:12	לָ/כֵ֖ן	l/3651 c	HR/D
Num 25:12	אֱמֹ֑ר	559	HVqv2ms
Num 25:12	הִנְנִ֨/י	2005	HTj/Sp1cs
Num 25:12	נֹתֵ֥ן	5414	HVqrmsa
Num 25:12	ל֛/וֹ	l	HR/Sp3ms
Num 25:12	אֶת	853	HTo
Num 25:12	בְּרִיתִ֖/י	1285	HNcfsc/Sp1cs
Num 25:12	שָׁלֽוֹם	7965	HNcmsa
Num 25:13	וְ/הָ֤יְתָה	c/1961	HC/Vqq3fs
Num 25:13	לּ/וֹ֙	l	HR/Sp3ms
Num 25:13	וּ/לְ/זַרְע֣/וֹ	c/l/2233	HC/R/Ncmsc/Sp3ms
Num 25:13	אַחֲרָ֔י/ו	310 a	HR/Sp3ms
Num 25:13	בְּרִ֖ית	1285	HNcfsc
Num 25:13	כְּהֻנַּ֣ת	3550	HNcfsc
Num 25:13	עוֹלָ֑ם	5769	HNcmsa
Num 25:13	תַּ֗חַת	8478	HR
Num 25:13	אֲשֶׁ֤ר	834 a	HTr
Num 25:13	קִנֵּא֙	7065	HVpp3ms
Num 25:13	לֵֽ/אלֹהָ֔י/ו	l/430	HR/Ncmpc/Sp3ms
Num 25:13	וַ/יְכַפֵּ֖ר	c/3722 a	HC/Vpw3ms
Num 25:13	עַל	5921 a	HR
Num 25:13	בְּנֵ֥י	1121 a	HNcmpc
Num 25:13	יִשְׂרָאֵֽל	3478	HNp
Num 25:14	וְ/שֵׁם֩	c/8034	HC/Ncmsc
Num 25:14	אִ֨ישׁ	376	HNcmsc
Num 25:14	יִשְׂרָאֵ֜ל	3478	HNp
Num 25:14	הַ/מֻּכֶּ֗ה	d/5221	HTd/VHsmsa
Num 25:14	אֲשֶׁ֤ר	834 a	HTr
Num 25:14	הֻכָּה֙	5221	HVHp3ms
Num 25:14	אֶת	854	HR
Num 25:14	הַ/מִּדְיָנִ֔ית	d/4084	HTd/Aafsa
Num 25:14	זִמְרִ֖י	2174 a	HNp
Num 25:14	בֶּן	1121 a	HNcmsc
Num 25:14	סָל֑וּא	5543 c	HNp
Num 25:14	נְשִׂ֥יא	5387 a	HNcmsc
Num 25:14	בֵֽית	1004 b	HNcmsc
Num 25:14	אָ֖ב	1	HNcmsa
Num 25:14	לַ/שִּׁמְעֹנִֽי	l/8099	HRd/Ngmsa
Num 25:15	וְ/שֵׁ֨ם	c/8034	HC/Ncmsc
Num 25:15	הָֽ/אִשָּׁ֧ה	d/802	HTd/Ncfsa
Num 25:15	הַ/מֻּכָּ֛ה	d/5221	HTd/VHsfsa
Num 25:15	הַ/מִּדְיָנִ֖ית	d/4084	HTd/Aafsa
Num 25:15	כָּזְבִּ֣י	3579	HNp
Num 25:15	בַת	1323	HNcfsc
Num 25:15	צ֑וּר	6698	HNp
Num 25:15	רֹ֣אשׁ	7218 a	HNcmsc
Num 25:15	אֻמּ֥וֹת	523	HNcfpa
Num 25:15	בֵּֽית	1004 b	HNcmsc
Num 25:15	אָ֛ב	1	HNcmsa
Num 25:15	בְּ/מִדְיָ֖ן	b/4080	HR/Np
Num 25:15	הֽוּא	1931	HPp3ms
Num 25:16	וַ/יְדַבֵּ֥ר	c/1696	HC/Vpw3ms
Num 25:16	יְהוָ֖ה	3068	HNp
Num 25:16	אֶל	413	HR
Num 25:16	מֹשֶׁ֥ה	4872	HNp
Num 25:16	לֵּ/אמֹֽר	l/559	HR/Vqc
Num 25:17	צָר֖וֹר	6887 d	HVqa
Num 25:17	אֶת	853	HTo
Num 25:17	הַ/מִּדְיָנִ֑ים	d/4084	HTd/Ngmpa
Num 25:17	וְ/הִכִּיתֶ֖ם	c/5221	HC/Vhq2mp
Num 25:17	אוֹתָֽ/ם	853	HTo/Sp3mp
Num 25:18	כִּ֣י	3588 a	HC
Num 25:18	צֹרְרִ֥ים	6887 d	HVqrmpa
Num 25:18	הֵם֙	1992	HPp3mp
Num 25:18	לָ/כֶ֔ם	l	HR/Sp2mp
Num 25:18	בְּ/נִכְלֵי/הֶ֛ם	b/5231	HR/Ncmpc/Sp3mp
Num 25:18	אֲשֶׁר	834 a	HTr
Num 25:18	נִכְּל֥וּ	5230	HVpp3cp
Num 25:18	לָ/כֶ֖ם	l	HR/Sp2mp
Num 25:18	עַל	5921 a	HR
Num 25:18	דְּבַר	1697	HNcmsc
Num 25:18	פְּע֑וֹר	6465	HNp
Num 25:18	וְ/עַל	c/5921 a	HC/R
Num 25:18	דְּבַ֞ר	1697	HNcmsc
Num 25:18	כָּזְבִּ֨י	3579	HNp
Num 25:18	בַת	1323	HNcfsc
Num 25:18	נְשִׂ֤יא	5387 a	HNcmsc
Num 25:18	מִדְיָן֙	4080	HNp
Num 25:18	אֲחֹתָ֔/ם	269	HNcfsc/Sp3mp
Num 25:18	הַ/מֻּכָּ֥ה	d/5221	HTd/VHsfsa
Num 25:18	בְ/יוֹם	b/3117	HR/Ncmsc
Num 25:18	הַ/מַּגֵּפָ֖ה	d/4046	HTd/Ncfsa
Num 25:18	עַל	5921 a	HR
Num 25:18	דְּבַר	1697	HNcmsc
Num 25:18	פְּעֽוֹר	6465	HNp
Num 25:19	וַ/יְהִ֖י	c/1961	HC/Vqw3ms
Num 25:19	אַחֲרֵ֣י	310 a	HR
Num 25:19	הַ/מַּגֵּפָ֑ה	d/4046	HTd/Ncfsa
Num 26:1	וַ/יֹּ֤אמֶר	c/559	HC/Vqw3ms
Num 26:1	יְהוָה֙	3068	HNp
Num 26:1	אֶל	413	HR
Num 26:1	מֹשֶׁ֔ה	4872	HNp
Num 26:1	וְ/אֶ֧ל	c/413	HC/R
Num 26:1	אֶלְעָזָ֛ר	499	HNp
Num 26:1	בֶּן	1121 a	HNcmsc
Num 26:1	אַהֲרֹ֥ן	175	HNp
Num 26:1	הַ/כֹּהֵ֖ן	d/3548	HTd/Ncmsa
Num 26:1	לֵ/אמֹֽר	l/559	HR/Vqc
Num 26:2	שְׂא֞וּ	5375	HVqv2mp
Num 26:2	אֶת	853	HTo
Num 26:2	רֹ֣אשׁ	7218 a	HNcmsc
Num 26:2	כָּל	3605	HNcmsc
Num 26:2	עֲדַ֣ת	5712	HNcfsc
Num 26:2	בְּנֵי	1121 a	HNcmpc
Num 26:2	יִשְׂרָאֵ֗ל	3478	HNp
Num 26:2	מִ/בֶּ֨ן	m/1121 a	HR/Ncmsc
Num 26:2	עֶשְׂרִ֥ים	6242	HAcbpa
Num 26:2	שָׁנָ֛ה	8141	HNcfsa
Num 26:2	וָ/מַ֖עְלָ/ה	c/4605	HC/D/Sd
Num 26:2	לְ/בֵ֣ית	l/1004 b	HR/Ncmsc
Num 26:2	אֲבֹתָ֑/ם	1	HNcmpc/Sp3mp
Num 26:2	כָּל	3605	HNcmsc
Num 26:2	יֹצֵ֥א	3318	HVqrmsa
Num 26:2	צָבָ֖א	6635 a	HNcbsa
Num 26:2	בְּ/יִשְׂרָאֵֽל	b/3478	HR/Np
Num 26:3	וַ/יְדַבֵּ֨ר	c/1696	HC/Vpw3ms
Num 26:3	מֹשֶׁ֜ה	4872	HNp
Num 26:3	וְ/אֶלְעָזָ֧ר	c/499	HC/Np
Num 26:3	הַ/כֹּהֵ֛ן	d/3548	HTd/Ncmsa
Num 26:3	אֹתָ֖/ם	853	HTo/Sp3mp
Num 26:3	בְּ/עַֽרְבֹ֣ת	b/6160	HR/Ncfpc
Num 26:3	מוֹאָ֑ב	4124	HNp
Num 26:3	עַל	5921 a	HR
Num 26:3	יַרְדֵּ֥ן	3383	HNp
Num 26:3	יְרֵח֖וֹ	3405	HNp
Num 26:3	לֵ/אמֹֽר	l/559	HR/Vqc
Num 26:4	מִ/בֶּ֛ן	m/1121 a	HR/Ncmsc
Num 26:4	עֶשְׂרִ֥ים	6242	HAcbpa
Num 26:4	שָׁנָ֖ה	8141	HNcfsa
Num 26:4	וָ/מָ֑עְלָ/ה	c/4605	HC/D/Sd
Num 26:4	כַּ/אֲשֶׁר֩	k/834 d	HR/Tr
Num 26:4	צִוָּ֨ה	6680	HVpp3ms
Num 26:4	יְהוָ֤ה	3068	HNp
Num 26:4	אֶת	853	HTo
Num 26:4	מֹשֶׁה֙	4872	HNp
Num 26:4	וּ/בְנֵ֣י	c/1121 a	HC/Ncmpc
Num 26:4	יִשְׂרָאֵ֔ל	3478	HNp
Num 26:4	הַ/יֹּצְאִ֖ים	d/3318	HTd/Vqrmpa
Num 26:4	מֵ/אֶ֥רֶץ	m/776	HR/Ncbsc
Num 26:4	מִצְרָֽיִם	4714	HNp
Num 26:5	רְאוּבֵ֖ן	7205	HNp
Num 26:5	בְּכ֣וֹר	1060	HNcmsc
Num 26:5	יִשְׂרָאֵ֑ל	3478	HNp
Num 26:5	בְּנֵ֣י	1121 a	HNcmpc
Num 26:5	רְאוּבֵ֗ן	7205	HNp
Num 26:5	חֲנוֹךְ֙	2585	HNp
Num 26:5	מִשְׁפַּ֣חַת	4940	HNcfsc
Num 26:5	הַ/חֲנֹכִ֔י	d/2599	HTd/Ngmsa
Num 26:5	לְ/פַלּ֕וּא	l/6396	HR/Np
Num 26:5	מִשְׁפַּ֖חַת	4940	HNcfsc
Num 26:5	הַ/פַּלֻּאִֽי	d/6384	HTd/Ngmsa
Num 26:6	לְ/חֶצְרֹ֕ן	l/2696	HR/Np
Num 26:6	מִשְׁפַּ֖חַת	4940	HNcfsc
Num 26:6	הַֽ/חֶצְרוֹנִ֑י	d/2697	HTd/Ngmsa
Num 26:6	לְ/כַרְמִ֕י	l/3756	HR/Np
Num 26:6	מִשְׁפַּ֖חַת	4940	HNcfsc
Num 26:6	הַ/כַּרְמִֽי	d/3757	HTd/Ngmsa
Num 26:7	אֵ֖לֶּה	428	HPdxcp
Num 26:7	מִשְׁפְּחֹ֣ת	4940	HNcfpc
Num 26:7	הָ/רֻֽאוּבֵנִ֑י	d/7206	HTd/Ngmsa
Num 26:7	וַ/יִּהְי֣וּ	c/1961	HC/Vqw3mp
Num 26:7	פְקֻדֵי/הֶ֗ם	6485 a	HVqsmpc/Sp3mp
Num 26:7	שְׁלֹשָׁ֤ה	7969	HAcmsa
Num 26:7	וְ/אַרְבָּעִים֙	c/705	HC/Acbpa
Num 26:7	אֶ֔לֶף	505	HAcbsa
Num 26:7	וּ/שְׁבַ֥ע	c/7651	HC/Acfsa
Num 26:7	מֵא֖וֹת	3967	HAcbpa
Num 26:7	וּ/שְׁלֹשִֽׁים	c/7970	HC/Acbpa
Num 26:8	וּ/בְנֵ֥י	c/1121 a	HC/Ncmpc
Num 26:8	פַלּ֖וּא	6396	HNp
Num 26:8	אֱלִיאָֽב	446	HNp
Num 26:9	וּ/בְנֵ֣י	c/1121 a	HC/Ncmpc
Num 26:9	אֱלִיאָ֔ב	446	HNp
Num 26:9	נְמוּאֵ֖ל	5241	HNp
Num 26:9	וְ/דָתָ֣ן	c/1885	HC/Np
Num 26:9	וַ/אֲבִירָ֑ם	c/48	HC/Np
Num 26:9	הֽוּא	1931	HPp3ms
Num 26:9	דָתָ֨ן	1885	HNp
Num 26:9	וַ/אֲבִירָ֜ם	c/48	HC/Np
Num 26:9	קרואי	7121	HVqsmpc
Num 26:9	הָ/עֵדָ֗ה	d/5712	HTd/Ncfsa
Num 26:9	אֲשֶׁ֨ר	834 a	HTr
Num 26:9	הִצּ֜וּ	5327 a	HVhp3cp
Num 26:9	עַל	5921 a	HR
Num 26:9	מֹשֶׁ֤ה	4872	HNp
Num 26:9	וְ/עַֽל	c/5921 a	HC/R
Num 26:9	אַהֲרֹן֙	175	HNp
Num 26:9	בַּ/עֲדַת	b/5712	HR/Ncfsc
Num 26:9	קֹ֔רַח	7141	HNp
Num 26:9	בְּ/הַצֹּתָ֖/ם	b/5327 a	HR/Vhc/Sp3mp
Num 26:9	עַל	5921 a	HR
Num 26:9	יְהוָֽה	3068	HNp
Num 26:10	וַ/תִּפְתַּ֨ח	c/6605 a	HC/Vqw3fs
Num 26:10	הָ/אָ֜רֶץ	d/776	HTd/Ncbsa
Num 26:10	אֶת	853	HTo
Num 26:10	פִּ֗י/הָ	6310	HNcmsc/Sp3fs
Num 26:10	וַ/תִּבְלַ֥ע	c/1104	HC/Vqw3fs
Num 26:10	אֹתָ֛/ם	853	HTo/Sp3mp
Num 26:10	וְ/אֶת	c/853	HC/To
Num 26:10	קֹ֖רַח	7141	HNp
Num 26:10	בְּ/מ֣וֹת	b/4194	HR/Ncmsc
Num 26:10	הָ/עֵדָ֑ה	d/5712	HTd/Ncfsa
Num 26:10	בַּ/אֲכֹ֣ל	b/398	HR/Vqc
Num 26:10	הָ/אֵ֗שׁ	d/784	HTd/Ncbsa
Num 26:10	אֵ֣ת	853	HTo
Num 26:10	חֲמִשִּׁ֤ים	2572	HAcbpa
Num 26:10	וּ/מָאתַ֨יִם֙	c/3967	HC/Acbda
Num 26:10	אִ֔ישׁ	376	HNcmsa
Num 26:10	וַ/יִּהְי֖וּ	c/1961	HC/Vqw3mp
Num 26:10	לְ/נֵֽס	l/5251	HR/Ncmsa
Num 26:11	וּ/בְנֵי	c/1121 a	HC/Ncmpc
Num 26:11	קֹ֖רַח	7141	HNp
Num 26:11	לֹא	3808	HTn
Num 26:11	מֵֽתוּ	4191	HVqp3cp
Num 26:12	בְּנֵ֣י	1121 a	HNcmpc
Num 26:12	שִׁמְעוֹן֮	8095	HNp
Num 26:12	לְ/מִשְׁפְּחֹתָ/ם֒	l/4940	HR/Ncfpc/Sp3mp
Num 26:12	לִ/נְמוּאֵ֗ל	l/5241	HR/Np
Num 26:12	מִשְׁפַּ֨חַת֙	4940	HNcfsc
Num 26:12	הַ/נְּמ֣וּאֵלִ֔י	d/5242	HTd/Ngmsa
Num 26:12	לְ/יָמִ֕ין	l/3226	HR/Np
Num 26:12	מִשְׁפַּ֖חַת	4940	HNcfsc
Num 26:12	הַ/יָּמִינִ֑י	d/3228	HTd/Ngmsa
Num 26:12	לְ/יָכִ֕ין	l/3199	HR/Np
Num 26:12	מִשְׁפַּ֖חַת	4940	HNcfsc
Num 26:12	הַ/יָּכִינִֽי	d/3200	HTd/Ngmsa
Num 26:13	לְ/זֶ֕רַח	l/2226	HR/Np
Num 26:13	מִשְׁפַּ֖חַת	4940	HNcfsc
Num 26:13	הַ/זַּרְחִ֑י	d/2227	HTd/Ngmsa
Num 26:13	לְ/שָׁא֕וּל	l/7586	HR/Np
Num 26:13	מִשְׁפַּ֖חַת	4940	HNcfsc
Num 26:13	הַ/שָּׁאוּלִֽי	d/7587	HTd/Ngmsa
Num 26:14	אֵ֖לֶּה	428	HPdxcp
Num 26:14	מִשְׁפְּחֹ֣ת	4940	HNcfpc
Num 26:14	הַ/שִּׁמְעֹנִ֑י	d/8099	HTd/Ngmsa
Num 26:14	שְׁנַ֧יִם	8147	HAcmda
Num 26:14	וְ/עֶשְׂרִ֛ים	c/6242	HC/Acbpa
Num 26:14	אֶ֖לֶף	505	HAcbsa
Num 26:14	וּ/מָאתָֽיִם	c/3967	HC/Acbda
Num 26:15	בְּנֵ֣י	1121 a	HNcmpc
Num 26:15	גָד֮	1410	HNp
Num 26:15	לְ/מִשְׁפְּחֹתָ/ם֒	l/4940	HR/Ncfpc/Sp3mp
Num 26:15	לִ/צְפ֗וֹן	l/6827	HR/Np
Num 26:15	מִשְׁפַּ֨חַת֙	4940	HNcfsc
Num 26:15	הַ/צְּפוֹנִ֔י	d/6831	HTd/Ngmsa
Num 26:15	לְ/חַגִּ֕י	l/2291	HR/Np
Num 26:15	מִשְׁפַּ֖חַת	4940	HNcfsc
Num 26:15	הַֽ/חַגִּ֑י	d/2291	HTd/Ngmsa
Num 26:15	לְ/שׁוּנִ֕י	l/7764	HR/Np
Num 26:15	מִשְׁפַּ֖חַת	4940	HNcfsc
Num 26:15	הַ/שּׁוּנִֽי	d/7765	HTd/Ngmsa
Num 26:16	לְ/אָזְנִ֕י	l/244 a	HR/Np
Num 26:16	מִשְׁפַּ֖חַת	4940	HNcfsc
Num 26:16	הָ/אָזְנִ֑י	d/244 b	HTd/Ngmsa
Num 26:16	לְ/עֵרִ֕י	l/6179	HR/Np
Num 26:16	מִשְׁפַּ֖חַת	4940	HNcfsc
Num 26:16	הָ/עֵרִֽי	d/6180	HTd/Ngmsa
Num 26:17	לַ/אֲר֕וֹד	l/720	HR/Np
Num 26:17	מִשְׁפַּ֖חַת	4940	HNcfsc
Num 26:17	הָ/אֲרוֹדִ֑י	d/722	HTd/Ngmsa
Num 26:17	לְ/אַ֨רְאֵלִ֔י	l/692	HR/Np
Num 26:17	מִשְׁפַּ֖חַת	4940	HNcfsc
Num 26:17	הָ/אַרְאֵלִֽי	d/692	HTd/Ngmsa
Num 26:18	אֵ֛לֶּה	428	HPdxcp
Num 26:18	מִשְׁפְּחֹ֥ת	4940	HNcfpc
Num 26:18	בְּנֵֽי	1121 a	HNcmpc
Num 26:18	גָ֖ד	1410	HNp
Num 26:18	לִ/פְקֻדֵי/הֶ֑ם	l/6485 a	HR/Vqsmpc/Sp3mp
Num 26:18	אַרְבָּעִ֥ים	705	HAcbpa
Num 26:18	אֶ֖לֶף	505	HAcbsa
Num 26:18	וַ/חֲמֵ֥שׁ	c/2568	HC/Acfsa
Num 26:18	מֵאֽוֹת	3967	HAcbpa
Num 26:19	בְּנֵ֥י	1121 a	HNcmpc
Num 26:19	יְהוּדָ֖ה	3063	HNp
Num 26:19	עֵ֣ר	6147	HNp
Num 26:19	וְ/אוֹנָ֑ן	c/209	HC/Np
Num 26:19	וַ/יָּ֥מָת	c/4191	HC/Vqw3ms
Num 26:19	עֵ֛ר	6147	HNp
Num 26:19	וְ/אוֹנָ֖ן	c/209	HC/Np
Num 26:19	בְּ/אֶ֥רֶץ	b/776	HR/Ncbsc
Num 26:19	כְּנָֽעַן	3667 a	HNp
Num 26:20	וַ/יִּהְי֣וּ	c/1961	HC/Vqw3mp
Num 26:20	בְנֵי	1121 a	HNcmpc
Num 26:20	יְהוּדָה֮	3063	HNp
Num 26:20	לְ/מִשְׁפְּחֹתָ/ם֒	l/4940	HR/Ncfpc/Sp3mp
Num 26:20	לְ/שֵׁלָ֗ה	l/7956	HR/Np
Num 26:20	מִשְׁפַּ֨חַת֙	4940	HNcfsc
Num 26:20	הַ/שֵּׁ֣לָנִ֔י	d/8024	HTd/Ngmsa
Num 26:20	לְ/פֶ֕רֶץ	l/6557	HR/Np
Num 26:20	מִשְׁפַּ֖חַת	4940	HNcfsc
Num 26:20	הַ/פַּרְצִ֑י	d/6558	HTd/Ngmsa
Num 26:20	לְ/זֶ֕רַח	l/2226	HR/Np
Num 26:20	מִשְׁפַּ֖חַת	4940	HNcfsc
Num 26:20	הַ/זַּרְחִֽי	d/2227	HTd/Ngmsa
Num 26:21	וַ/יִּהְי֣וּ	c/1961	HC/Vqw3mp
Num 26:21	בְנֵי	1121 a	HNcmpc
Num 26:21	פֶ֔רֶץ	6557	HNp
Num 26:21	לְ/חֶצְרֹ֕ן	l/2696	HR/Np
Num 26:21	מִשְׁפַּ֖חַת	4940	HNcfsc
Num 26:21	הַֽ/חֶצְרֹנִ֑י	d/2697	HTd/Ngmsa
Num 26:21	לְ/חָמ֕וּל	l/2538	HR/Np
Num 26:21	מִשְׁפַּ֖חַת	4940	HNcfsc
Num 26:21	הֶ/חָמוּלִֽי	d/2539	HTd/Ngmsa
Num 26:22	אֵ֛לֶּה	428	HPdxcp
Num 26:22	מִשְׁפְּחֹ֥ת	4940	HNcfpc
Num 26:22	יְהוּדָ֖ה	3063	HNp
Num 26:22	לִ/פְקֻדֵי/הֶ֑ם	l/6485 a	HR/Vqsmpc/Sp3mp
Num 26:22	שִׁשָּׁ֧ה	8337	HAcmsa
Num 26:22	וְ/שִׁבְעִ֛ים	c/7657	HC/Acbpa
Num 26:22	אֶ֖לֶף	505	HAcbsa
Num 26:22	וַ/חֲמֵ֥שׁ	c/2568	HC/Acfsa
Num 26:22	מֵאֽוֹת	3967	HAcbpa
Num 26:23	בְּנֵ֤י	1121 a	HNcmpc
Num 26:23	יִשָּׂשכָר֙	3485	HNp
Num 26:23	לְ/מִשְׁפְּחֹתָ֔/ם	l/4940	HR/Ncfpc/Sp3mp
Num 26:23	תּוֹלָ֕ע	8439	HNp
Num 26:23	מִשְׁפַּ֖חַת	4940	HNcfsc
Num 26:23	הַ/תּוֹלָעִ֑י	d/8440	HTd/Ngmsa
Num 26:23	לְ/פֻוָ֕ה	l/6312	HR/Np
Num 26:23	מִשְׁפַּ֖חַת	4940	HNcfsc
Num 26:23	הַ/פּוּנִֽי	d/6324	HTd/Ngmsa
Num 26:24	לְ/יָשׁ֕וּב	l/3437	HR/Np
Num 26:24	מִשְׁפַּ֖חַת	4940	HNcfsc
Num 26:24	הַ/יָּשׁוּבִ֑י	d/3432	HTd/Ngmsa
Num 26:24	לְ/שִׁמְרֹ֕ן	l/8110 b	HR/Np
Num 26:24	מִשְׁפַּ֖חַת	4940	HNcfsc
Num 26:24	הַ/שִּׁמְרֹנִֽי	d/8117	HTd/Ngmsa
Num 26:25	אֵ֛לֶּה	428	HPdxcp
Num 26:25	מִשְׁפְּחֹ֥ת	4940	HNcfpc
Num 26:25	יִשָּׂשכָ֖ר	3485	HNp
Num 26:25	לִ/פְקֻדֵי/הֶ֑ם	l/6485 a	HR/Vqsmpc/Sp3mp
Num 26:25	אַרְבָּעָ֧ה	702	HAcmsa
Num 26:25	וְ/שִׁשִּׁ֛ים	c/8346	HC/Acbpa
Num 26:25	אֶ֖לֶף	505	HAcbsa
Num 26:25	וּ/שְׁלֹ֥שׁ	c/7969	HC/Acfsa
Num 26:25	מֵאֽוֹת	3967	HAcbpa
Num 26:26	בְּנֵ֣י	1121 a	HNcmpc
Num 26:26	זְבוּלֻן֮	2074	HNp
Num 26:26	לְ/מִשְׁפְּחֹתָ/ם֒	l/4940	HR/Ncfpc/Sp3mp
Num 26:26	לְ/סֶ֗רֶד	l/5624	HR/Np
Num 26:26	מִשְׁפַּ֨חַת֙	4940	HNcfsc
Num 26:26	הַ/סַּרְדִּ֔י	d/5625	HTd/Ngmsa
Num 26:26	לְ/אֵל֕וֹן	l/356	HR/Np
Num 26:26	מִשְׁפַּ֖חַת	4940	HNcfsc
Num 26:26	הָ/אֵלֹנִ֑י	d/440	HTd/Ngmsa
Num 26:26	לְ/יַ֨חְלְאֵ֔ל	l/3177	HR/Np
Num 26:26	מִשְׁפַּ֖חַת	4940	HNcfsc
Num 26:26	הַ/יַּחְלְאֵלִֽי	d/3178	HTd/Ngmsa
Num 26:27	אֵ֛לֶּה	428	HPdxcp
Num 26:27	מִשְׁפְּחֹ֥ת	4940	HNcfpc
Num 26:27	הַ/זְּבוּלֹנִ֖י	d/2075	HTd/Ngmsa
Num 26:27	לִ/פְקֻדֵי/הֶ֑ם	l/6485 a	HR/Vqsmpc/Sp3mp
Num 26:27	שִׁשִּׁ֥ים	8346	HAcbpa
Num 26:27	אֶ֖לֶף	505	HAcbsa
Num 26:27	וַ/חֲמֵ֥שׁ	c/2568	HC/Acfsa
Num 26:27	מֵאֽוֹת	3967	HAcbpa
Num 26:28	בְּנֵ֥י	1121 a	HNcmpc
Num 26:28	יוֹסֵ֖ף	3130	HNp
Num 26:28	לְ/מִשְׁפְּחֹתָ֑/ם	l/4940	HR/Ncfpc/Sp3mp
Num 26:28	מְנַשֶּׁ֖ה	4519	HNp
Num 26:28	וְ/אֶפְרָֽיִם	c/669	HC/Np
Num 26:29	בְּנֵ֣י	1121 a	HNcmpc
Num 26:29	מְנַשֶּׁ֗ה	4519	HNp
Num 26:29	לְ/מָכִיר֙	l/4353	HR/Np
Num 26:29	מִשְׁפַּ֣חַת	4940	HNcfsc
Num 26:29	הַ/מָּכִירִ֔י	d/4354	HTd/Ngmsa
Num 26:29	וּ/מָכִ֖יר	c/4353	HC/Np
Num 26:29	הוֹלִ֣יד	3205	HVhp3ms
Num 26:29	אֶת	853	HTo
Num 26:29	גִּלְעָ֑ד	1568	HNp
Num 26:29	לְ/גִלְעָ֕ד	l/1568	HR/Np
Num 26:29	מִשְׁפַּ֖חַת	4940	HNcfsc
Num 26:29	הַ/גִּלְעָדִֽי	d/1569	HTd/Ngmsa
Num 26:30	אֵ֚לֶּה	428	HPdxcp
Num 26:30	בְּנֵ֣י	1121 a	HNcmpc
Num 26:30	גִלְעָ֔ד	1568	HNp
Num 26:30	אִיעֶ֕זֶר	372	HNp
Num 26:30	מִשְׁפַּ֖חַת	4940	HNcfsc
Num 26:30	הָ/אִֽיעֶזְרִ֑י	d/373	HTd/Ngmsa
Num 26:30	לְ/חֵ֕לֶק	l/2507	HR/Np
Num 26:30	מִשְׁפַּ֖חַת	4940	HNcfsc
Num 26:30	הַֽ/חֶלְקִֽי	d/2516	HTd/Ngmsa
Num 26:31	וְ/אַ֨שְׂרִיאֵ֔ל	c/844	HC/Np
Num 26:31	מִשְׁפַּ֖חַת	4940	HNcfsc
Num 26:31	הָֽ/אַשְׂרִֽאֵלִ֑י	d/845	HTd/Ngmsa
Num 26:31	וְ/שֶׁ֕כֶם	c/7928	HC/Np
Num 26:31	מִשְׁפַּ֖חַת	4940	HNcfsc
Num 26:31	הַ/שִּׁכְמִֽי	d/7930	HTd/Ngmsa
Num 26:32	וּ/שְׁמִידָ֕ע	c/8061	HC/Np
Num 26:32	מִשְׁפַּ֖חַת	4940	HNcfsc
Num 26:32	הַ/שְּׁמִידָעִ֑י	d/8062	HTd/Ngmsa
Num 26:32	וְ/חֵ֕פֶר	c/2660 a	HC/Np
Num 26:32	מִשְׁפַּ֖חַת	4940	HNcfsc
Num 26:32	הַֽ/חֶפְרִֽי	d/2662	HTd/Ngmsa
Num 26:33	וּ/צְלָפְחָ֣ד	c/6765	HC/Np
Num 26:33	בֶּן	1121 a	HNcmsc
Num 26:33	חֵ֗פֶר	2660 a	HNp
Num 26:33	לֹא	3808	HTn
Num 26:33	הָ֥יוּ	1961	HVqp3cp
Num 26:33	ל֛/וֹ	l	HR/Sp3ms
Num 26:33	בָּנִ֖ים	1121 a	HNcmpa
Num 26:33	כִּ֣י	3588 b	HC
Num 26:33	אִם	518 b	HC
Num 26:33	בָּנ֑וֹת	1323	HNcfpa
Num 26:33	וְ/שֵׁם֙	c/8034	HC/Ncmsc
Num 26:33	בְּנ֣וֹת	1323	HNcfpc
Num 26:33	צְלָפְחָ֔ד	6765	HNp
Num 26:33	מַחְלָ֣ה	4244	HNp
Num 26:33	וְ/נֹעָ֔ה	c/5270	HC/Np
Num 26:33	חָגְלָ֥ה	2295	HNp
Num 26:33	מִלְכָּ֖ה	4435	HNp
Num 26:33	וְ/תִרְצָֽה	c/8656	HC/Np
Num 26:34	אֵ֖לֶּה	428	HPdxcp
Num 26:34	מִשְׁפְּחֹ֣ת	4940	HNcfpc
Num 26:34	מְנַשֶּׁ֑ה	4519	HNp
Num 26:34	וּ/פְקֻ֣דֵי/הֶ֔ם	c/6485 a	HC/Vqsmpc/Sp3mp
Num 26:34	שְׁנַ֧יִם	8147	HAcmda
Num 26:34	וַ/חֲמִשִּׁ֛ים	c/2572	HC/Acbpa
Num 26:34	אֶ֖לֶף	505	HAcbsa
Num 26:34	וּ/שְׁבַ֥ע	c/7651	HC/Acfsa
Num 26:34	מֵאֽוֹת	3967	HAcbpa
Num 26:35	אֵ֣לֶּה	428	HPdxcp
Num 26:35	בְנֵי	1121 a	HNcmpc
Num 26:35	אֶפְרַיִם֮	669	HNp
Num 26:35	לְ/מִשְׁפְּחֹתָ/ם֒	l/4940	HR/Ncfpc/Sp3mp
Num 26:35	לְ/שׁוּתֶ֗לַח	l/7803	HR/Np
Num 26:35	מִשְׁפַּ֨חַת֙	4940	HNcfsc
Num 26:35	הַ/שֻּׁ֣תַלְחִ֔י	d/8364	HTd/Ngmsa
Num 26:35	לְ/בֶ֕כֶר	l/1071	HR/Np
Num 26:35	מִשְׁפַּ֖חַת	4940	HNcfsc
Num 26:35	הַ/בַּכְרִ֑י	d/1076	HTd/Ngmsa
Num 26:35	לְ/תַ֕חַן	l/8465	HR/Np
Num 26:35	מִשְׁפַּ֖חַת	4940	HNcfsc
Num 26:35	הַֽ/תַּחֲנִֽי	d/8470	HTd/Ngmsa
Num 26:36	וְ/אֵ֖לֶּה	c/428	HC/Pdxcp
Num 26:36	בְּנֵ֣י	1121 a	HNcmpc
Num 26:36	שׁוּתָ֑לַח	7803	HNp
Num 26:36	לְ/עֵרָ֕ן	l/6197	HR/Np
Num 26:36	מִשְׁפַּ֖חַת	4940	HNcfsc
Num 26:36	הָ/עֵרָנִֽי	d/6198	HTd/Ngmsa
Num 26:37	אֵ֣לֶּה	428	HPdxcp
Num 26:37	מִשְׁפְּחֹ֤ת	4940	HNcfpc
Num 26:37	בְּנֵי	1121 a	HNcmpc
Num 26:37	אֶפְרַ֨יִם֙	669	HNp
Num 26:37	לִ/פְקֻ֣דֵי/הֶ֔ם	l/6485 a	HR/Vqsmpc/Sp3mp
Num 26:37	שְׁנַ֧יִם	8147	HAcmda
Num 26:37	וּ/שְׁלֹשִׁ֛ים	c/7970	HC/Acbpa
Num 26:37	אֶ֖לֶף	505	HAcbsa
Num 26:37	וַ/חֲמֵ֣שׁ	c/2568	HC/Acfsa
Num 26:37	מֵא֑וֹת	3967	HAcbpa
Num 26:37	אֵ֥לֶּה	428	HPdxcp
Num 26:37	בְנֵי	1121 a	HNcmpc
Num 26:37	יוֹסֵ֖ף	3130	HNp
Num 26:37	לְ/מִשְׁפְּחֹתָֽ/ם	l/4940	HR/Ncfpc/Sp3mp
Num 26:38	בְּנֵ֣י	1121 a	HNcmpc
Num 26:38	בִנְיָמִן֮	1144	HNp
Num 26:38	לְ/מִשְׁפְּחֹתָ/ם֒	l/4940	HR/Ncfpc/Sp3mp
Num 26:38	לְ/בֶ֗לַע	l/1106 a	HR/Np
Num 26:38	מִשְׁפַּ֨חַת֙	4940	HNcfsc
Num 26:38	הַ/בַּלְעִ֔י	d/1108	HTd/Ngmsa
Num 26:38	לְ/אַשְׁבֵּ֕ל	l/788	HR/Np
Num 26:38	מִשְׁפַּ֖חַת	4940	HNcfsc
Num 26:38	הָֽ/אַשְׁבֵּלִ֑י	d/789	HTd/Ngmsa
Num 26:38	לַ/אֲחִירָ֕ם	l/297	HR/Np
Num 26:38	מִשְׁפַּ֖חַת	4940	HNcfsc
Num 26:38	הָ/אֲחִירָמִֽי	d/298	HTd/Ngmsa
Num 26:39	לִ/שְׁפוּפָ֕ם	l/8197 a	HR/Np
Num 26:39	מִשְׁפַּ֖חַת	4940	HNcfsc
Num 26:39	הַ/שּׁוּפָמִ֑י	d/7781	HTd/Ngmsa
Num 26:39	לְ/חוּפָ֕ם	l/2349	HR/Np
Num 26:39	מִשְׁפַּ֖חַת	4940	HNcfsc
Num 26:39	הַ/חוּפָמִֽי	d/2350	HTd/Ngmsa
Num 26:40	וַ/יִּהְי֥וּ	c/1961	HC/Vqw3mp
Num 26:40	בְנֵי	1121 a	HNcmpc
Num 26:40	בֶ֖לַע	1106 a	HNp
Num 26:40	אַ֣רְדְּ	714	HNp
Num 26:40	וְ/נַעֲמָ֑ן	c/5283	HC/Np
Num 26:40	מִשְׁפַּ֨חַת֙	4940	HNcfsc
Num 26:40	הָֽ/אַרְדִּ֔י	d/716	HTd/Ngmsa
Num 26:40	לְ/נַֽעֲמָ֔ן	l/5283	HR/Np
Num 26:40	מִשְׁפַּ֖חַת	4940	HNcfsc
Num 26:40	הַֽ/נַּעֲמִֽי	d/5280	HTd/Ngmsa
Num 26:41	אֵ֥לֶּה	428	HPdxcp
Num 26:41	בְנֵי	1121 a	HNcmpc
Num 26:41	בִנְיָמִ֖ן	1144	HNp
Num 26:41	לְ/מִשְׁפְּחֹתָ֑/ם	l/4940	HR/Ncfpc/Sp3mp
Num 26:41	וּ/פְקֻ֣דֵי/הֶ֔ם	c/6485 a	HC/Vqsmpc/Sp3mp
Num 26:41	חֲמִשָּׁ֧ה	2568	HAcmsa
Num 26:41	וְ/אַרְבָּעִ֛ים	c/705	HC/Acbpa
Num 26:41	אֶ֖לֶף	505	HAcbsa
Num 26:41	וְ/שֵׁ֥שׁ	c/8337	HC/Acfsa
Num 26:41	מֵאֽוֹת	3967	HAcbpa
Num 26:42	אֵ֤לֶּה	428	HPdxcp
Num 26:42	בְנֵי	1121 a	HNcmpc
Num 26:42	דָן֙	1835	HNp
Num 26:42	לְ/מִשְׁפְּחֹתָ֔/ם	l/4940	HR/Ncfpc/Sp3mp
Num 26:42	לְ/שׁוּחָ֕ם	l/7748	HR/Np
Num 26:42	מִשְׁפַּ֖חַת	4940	HNcfsc
Num 26:42	הַ/שּׁוּחָמִ֑י	d/7749	HTd/Ngmsa
Num 26:42	אֵ֛לֶּה	428	HPdxcp
Num 26:42	מִשְׁפְּחֹ֥ת	4940	HNcfpc
Num 26:42	דָּ֖ן	1835	HNp
Num 26:42	לְ/מִשְׁפְּחֹתָֽ/ם	l/4940	HR/Ncfpc/Sp3mp
Num 26:43	כָּל	3605	HNcmsc
Num 26:43	מִשְׁפְּחֹ֥ת	4940	HNcfpc
Num 26:43	הַ/שּׁוּחָמִ֖י	d/7749	HTd/Ngmsa
Num 26:43	לִ/פְקֻדֵי/הֶ֑ם	l/6485 a	HR/Vqsmpc/Sp3mp
Num 26:43	אַרְבָּעָ֧ה	702	HAcmsa
Num 26:43	וְ/שִׁשִּׁ֛ים	c/8346	HC/Acbpa
Num 26:43	אֶ֖לֶף	505	HAcbsa
Num 26:43	וְ/אַרְבַּ֥ע	c/702	HC/Acfsa
Num 26:43	מֵאֽוֹת	3967	HAcbpa
Num 26:44	בְּנֵ֣י	1121 a	HNcmpc
Num 26:44	אָשֵׁר֮	836	HNp
Num 26:44	לְ/מִשְׁפְּחֹתָ/ם֒	l/4940	HR/Ncfpc/Sp3mp
Num 26:44	לְ/יִמְנָ֗ה	l/3232	HR/Np
Num 26:44	מִשְׁפַּ֨חַת֙	4940	HNcfsc
Num 26:44	הַ/יִּמְנָ֔ה	d/3232	HTd/Np
Num 26:44	לְ/יִשְׁוִ֕י	l/3440	HR/Np
Num 26:44	מִשְׁפַּ֖חַת	4940	HNcfsc
Num 26:44	הַ/יִּשְׁוִ֑י	d/3441	HTd/Ngmsa
Num 26:44	לִ/בְרִיעָ֕ה	l/1283	HR/Np
Num 26:44	מִשְׁפַּ֖חַת	4940	HNcfsc
Num 26:44	הַ/בְּרִיעִֽי	d/1284	HTd/Ngmsa
Num 26:45	לִ/בְנֵ֣י	l/1121 a	HR/Ncmpc
Num 26:45	בְרִיעָ֔ה	1283	HNp
Num 26:45	לְ/חֶ֕בֶר	l/2268	HR/Np
Num 26:45	מִשְׁפַּ֖חַת	4940	HNcfsc
Num 26:45	הַֽ/חֶבְרִ֑י	d/2277	HTd/Ngmsa
Num 26:45	לְ/מַ֨לְכִּיאֵ֔ל	l/4439	HR/Np
Num 26:45	מִשְׁפַּ֖חַת	4940	HNcfsc
Num 26:45	הַ/מַּלְכִּיאֵלִֽי	d/4440	HTd/Ngmsa
Num 26:46	וְ/שֵׁ֥ם	c/8034	HC/Ncmsc
Num 26:46	בַּת	1323	HNcfsc
Num 26:46	אָשֵׁ֖ר	836	HNp
Num 26:46	שָֽׂרַח	8294	HNp
Num 26:47	אֵ֛לֶּה	428	HPdxcp
Num 26:47	מִשְׁפְּחֹ֥ת	4940	HNcfpc
Num 26:47	בְּנֵי	1121 a	HNcmpc
Num 26:47	אָשֵׁ֖ר	836	HNp
Num 26:47	לִ/פְקֻדֵי/הֶ֑ם	l/6485 a	HR/Vqsmpc/Sp3mp
Num 26:47	שְׁלֹשָׁ֧ה	7969	HAcmsa
Num 26:47	וַ/חֲמִשִּׁ֛ים	c/2572	HC/Acbpa
Num 26:47	אֶ֖לֶף	505	HAcbsa
Num 26:47	וְ/אַרְבַּ֥ע	c/702	HC/Acfsa
Num 26:47	מֵאֽוֹת	3967	HAcbpa
Num 26:48	בְּנֵ֤י	1121 a	HNcmpc
Num 26:48	נַפְתָּלִי֙	5321	HNp
Num 26:48	לְ/מִשְׁפְּחֹתָ֔/ם	l/4940	HR/Ncfpc/Sp3mp
Num 26:48	לְ/יַ֨חְצְאֵ֔ל	l/3183	HR/Np
Num 26:48	מִשְׁפַּ֖חַת	4940	HNcfsc
Num 26:48	הַ/יַּחְצְאֵלִ֑י	d/3184	HTd/Ngmsa
Num 26:48	לְ/גוּנִ֕י	l/1476	HR/Np
Num 26:48	מִשְׁפַּ֖חַת	4940	HNcfsc
Num 26:48	הַ/גּוּנִֽי	d/1477	HTd/Ngmsa
Num 26:49	לְ/יֵ֕צֶר	l/3337	HR/Np
Num 26:49	מִשְׁפַּ֖חַת	4940	HNcfsc
Num 26:49	הַ/יִּצְרִ֑י	d/3340	HTd/Ngmsa
Num 26:49	לְ/שִׁלֵּ֕ם	l/8006	HR/Np
Num 26:49	מִשְׁפַּ֖חַת	4940	HNcfsc
Num 26:49	הַ/שִּׁלֵּמִֽי	d/8016	HTd/Ngmsa
Num 26:50	אֵ֛לֶּה	428	HPdxcp
Num 26:50	מִשְׁפְּחֹ֥ת	4940	HNcfpc
Num 26:50	נַפְתָּלִ֖י	5321	HNp
Num 26:50	לְ/מִשְׁפְּחֹתָ֑/ם	l/4940	HR/Ncfpc/Sp3mp
Num 26:50	וּ/פְקֻ֣דֵי/הֶ֔ם	c/6485 a	HC/Vqsmpc/Sp3mp
Num 26:50	חֲמִשָּׁ֧ה	2568	HAcmsa
Num 26:50	וְ/אַרְבָּעִ֛ים	c/705	HC/Acbpa
Num 26:50	אֶ֖לֶף	505	HAcbsa
Num 26:50	וְ/אַרְבַּ֥ע	c/702	HC/Acfsa
Num 26:50	מֵאֽוֹת	3967	HAcbpa
Num 26:51	אֵ֗לֶּה	428	HPdxcp
Num 26:51	פְּקוּדֵי֙	6485 a	HVqsmpc
Num 26:51	בְּנֵ֣י	1121 a	HNcmpc
Num 26:51	יִשְׂרָאֵ֔ל	3478	HNp
Num 26:51	שֵׁשׁ	8337	HAcfsa
Num 26:51	מֵא֥וֹת	3967	HAcbpa
Num 26:51	אֶ֖לֶף	505	HAcbsa
Num 26:51	וָ/אָ֑לֶף	c/505	HC/Acbsa
Num 26:51	שְׁבַ֥ע	7651	HAcfsa
Num 26:51	מֵא֖וֹת	3967	HAcbpa
Num 26:51	וּ/שְׁלֹשִֽׁים	c/7970	HC/Acbpa
Num 26:52	וַ/יְדַבֵּ֥ר	c/1696	HC/Vpw3ms
Num 26:52	יְהוָ֖ה	3068	HNp
Num 26:52	אֶל	413	HR
Num 26:52	מֹשֶׁ֥ה	4872	HNp
Num 26:52	לֵּ/אמֹֽר	l/559	HR/Vqc
Num 26:53	לָ/אֵ֗לֶּה	l/428	HR/Pdxcp
Num 26:53	תֵּחָלֵ֥ק	2505 a	HVNi3fs
Num 26:53	הָ/אָ֛רֶץ	d/776	HTd/Ncbsa
Num 26:53	בְּ/נַחֲלָ֖ה	b/5159	HR/Ncfsa
Num 26:53	בְּ/מִסְפַּ֥ר	b/4557	HR/Ncmsc
Num 26:53	שֵׁמֽוֹת	8034	HNcmpa
Num 26:54	לָ/רַ֗ב	l/7227 a	HRd/Aamsa
Num 26:54	תַּרְבֶּה֙	7235 a	HVhi2ms
Num 26:54	נַחֲלָת֔/וֹ	5159	HNcfsc/Sp3ms
Num 26:54	וְ/לַ/מְעַ֕ט	c/l/4592	HC/Rd/Aamsa
Num 26:54	תַּמְעִ֖יט	4591	HVhi2ms
Num 26:54	נַחֲלָת֑/וֹ	5159	HNcfsc/Sp3ms
Num 26:54	אִ֚ישׁ	376	HNcmsa
Num 26:54	לְ/פִ֣י	l/6310	HR/Ncmsc
Num 26:54	פְקֻדָ֔י/ו	6485 a	HVqsmpc/Sp3ms
Num 26:54	יֻתַּ֖ן	5414	HVHi3ms
Num 26:54	נַחֲלָתֽ/וֹ	5159	HNcfsc/Sp3ms
Num 26:55	אַךְ	389	HTa
Num 26:55	בְּ/גוֹרָ֕ל	b/1486	HR/Ncmsa
Num 26:55	יֵחָלֵ֖ק	2505 a	HVNi3ms
Num 26:55	אֶת	853	HTo
Num 26:55	הָ/אָ֑רֶץ	d/776	HTd/Ncbsa
Num 26:55	לִ/שְׁמ֥וֹת	l/8034	HR/Ncmpc
Num 26:55	מַטּוֹת	4294	HNcmpc
Num 26:55	אֲבֹתָ֖/ם	1	HNcmpc/Sp3mp
Num 26:55	יִנְחָֽלוּ	5157	HVqi3mp
Num 26:56	עַל	5921 a	HR
Num 26:56	פִּי֙	6310	HNcmsc
Num 26:56	הַ/גּוֹרָ֔ל	d/1486	HTd/Ncmsa
Num 26:56	תֵּחָלֵ֖ק	2505 a	HVNi3fs
Num 26:56	נַחֲלָת֑/וֹ	5159	HNcfsc/Sp3ms
Num 26:56	בֵּ֥ין	996	HR
Num 26:56	רַ֖ב	7227 a	HAamsa
Num 26:56	לִ/מְעָֽט	l/4592	HR/Aamsa
Num 26:57	וְ/אֵ֨לֶּה	c/428	HC/Pdxcp
Num 26:57	פְקוּדֵ֣י	6485 a	HVqsmpc
Num 26:57	הַ/לֵּוִי֮	d/3881	HTd/Ngmsa
Num 26:57	לְ/מִשְׁפְּחֹתָ/ם֒	l/4940	HR/Ncfpc/Sp3mp
Num 26:57	לְ/גֵרְשׁ֗וֹן	l/1648	HR/Np
Num 26:57	מִשְׁפַּ֨חַת֙	4940	HNcfsc
Num 26:57	הַ/גֵּ֣רְשֻׁנִּ֔י	d/1649	HTd/Ngmsa
Num 26:57	לִ/קְהָ֕ת	l/6955	HR/Np
Num 26:57	מִשְׁפַּ֖חַת	4940	HNcfsc
Num 26:57	הַ/קְּהָתִ֑י	d/6956	HTd/Ngmsa
Num 26:57	לִ/מְרָרִ֕י	l/4847	HR/Np
Num 26:57	מִשְׁפַּ֖חַת	4940	HNcfsc
Num 26:57	הַ/מְּרָרִֽי	d/4848	HTd/Ngmsa
Num 26:58	אֵ֣לֶּה	428	HPdxcp
Num 26:58	מִשְׁפְּחֹ֣ת	4940	HNcfpc
Num 26:58	לֵוִ֗י	3881	HNp
Num 26:58	מִשְׁפַּ֨חַת	4940	HNcfsc
Num 26:58	הַ/לִּבְנִ֜י	d/3846	HTd/Ngmsa
Num 26:58	מִשְׁפַּ֤חַת	4940	HNcfsc
Num 26:58	הַֽ/חֶבְרֹנִי֙	d/2276	HTd/Ngmsa
Num 26:58	מִשְׁפַּ֤חַת	4940	HNcfsc
Num 26:58	הַ/מַּחְלִי֙	d/4250	HTd/Ngmsa
Num 26:58	מִשְׁפַּ֣חַת	4940	HNcfsc
Num 26:58	הַ/מּוּשִׁ֔י	d/4188	HTd/Ngmsa
Num 26:58	מִשְׁפַּ֖חַת	4940	HNcfsc
Num 26:58	הַ/קָּרְחִ֑י	d/7145	HTd/Ngmsa
Num 26:58	וּ/קְהָ֖ת	c/6955	HC/Np
Num 26:58	הוֹלִ֥ד	3205	HVhp3ms
Num 26:58	אֶת	853	HTo
Num 26:58	עַמְרָֽם	6019	HNp
Num 26:59	וְ/שֵׁ֣ם	c/8034	HC/Ncmsc
Num 26:59	אֵ֣שֶׁת	802	HNcfsc
Num 26:59	עַמְרָ֗ם	6019	HNp
Num 26:59	יוֹכֶ֨בֶד֙	3115	HNp
Num 26:59	בַּת	1323	HNcfsc
Num 26:59	לֵוִ֔י	3878	HNp
Num 26:59	אֲשֶׁ֨ר	834 a	HTr
Num 26:59	יָלְדָ֥ה	3205	HVqp3fs
Num 26:59	אֹתָ֛/הּ	853	HTo/Sp3fs
Num 26:59	לְ/לֵוִ֖י	l/3878	HR/Np
Num 26:59	בְּ/מִצְרָ֑יִם	b/4714	HR/Np
Num 26:59	וַ/תֵּ֣לֶד	c/3205	HC/Vqw3fs
Num 26:59	לְ/עַמְרָ֗ם	l/6019	HR/Np
Num 26:59	אֶֽת	853	HTo
Num 26:59	אַהֲרֹן֙	175	HNp
Num 26:59	וְ/אֶת	c/853	HC/To
Num 26:59	מֹשֶׁ֔ה	4872	HNp
Num 26:59	וְ/אֵ֖ת	c/853	HC/To
Num 26:59	מִרְיָ֥ם	4813	HNp
Num 26:59	אֲחֹתָֽ/ם	269	HNcfsc/Sp3mp
Num 26:60	וַ/יִּוָּלֵ֣ד	c/3205	HC/VNw3ms
Num 26:60	לְ/אַהֲרֹ֔ן	l/175	HR/Np
Num 26:60	אֶת	853	HTo
Num 26:60	נָדָ֖ב	5070	HNp
Num 26:60	וְ/אֶת	c/853	HC/To
Num 26:60	אֲבִיה֑וּא	30	HNp
Num 26:60	אֶת	853	HTo
Num 26:60	אֶלְעָזָ֖ר	499	HNp
Num 26:60	וְ/אֶת	c/853	HC/To
Num 26:60	אִיתָמָֽר	385	HNp
Num 26:61	וַ/יָּ֥מָת	c/4191	HC/Vqw3ms
Num 26:61	נָדָ֖ב	5070	HNp
Num 26:61	וַ/אֲבִיה֑וּא	c/30	HC/Np
Num 26:61	בְּ/הַקְרִיבָ֥/ם	b/7126	HR/Vhc/Sp3mp
Num 26:61	אֵשׁ	784	HNcbsa
Num 26:61	זָרָ֖ה	2114 a	HAafsa
Num 26:61	לִ/פְנֵ֥י	l/6440	HR/Ncbpc
Num 26:61	יְהוָֽה	3068	HNp
Num 26:62	וַ/יִּהְי֣וּ	c/1961	HC/Vqw3mp
Num 26:62	פְקֻדֵי/הֶ֗ם	6485 a	HVqsmpc/Sp3mp
Num 26:62	שְׁלֹשָׁ֤ה	7969	HAcmsa
Num 26:62	וְ/עֶשְׂרִים֙	c/6242	HC/Acbpa
Num 26:62	אֶ֔לֶף	505	HAcbsa
Num 26:62	כָּל	3605	HNcmsc
Num 26:62	זָכָ֖ר	2145	HAamsa
Num 26:62	מִ/בֶּן	m/1121 a	HR/Ncmsc
Num 26:62	חֹ֣דֶשׁ	2320	HNcmsa
Num 26:62	וָ/מָ֑עְלָ/ה	c/4605	HC/D/Sd
Num 26:62	כִּ֣י	3588 a	HC
Num 26:62	לֹ֣א	3808	HTn
Num 26:62	הָתְפָּקְד֗וּ	6485 a	HVup3cp
Num 26:62	בְּ/תוֹךְ֙	b/8432	HR/Ncmsc
Num 26:62	בְּנֵ֣י	1121 a	HNcmpc
Num 26:62	יִשְׂרָאֵ֔ל	3478	HNp
Num 26:62	כִּ֠י	3588 a	HC
Num 26:62	לֹא	3808	HTn
Num 26:62	נִתַּ֤ן	5414	HVNp3ms
Num 26:62	לָ/הֶם֙	l	HR/Sp3mp
Num 26:62	נַחֲלָ֔ה	5159	HNcfsa
Num 26:62	בְּ/ת֖וֹךְ	b/8432	HR/Ncmsc
Num 26:62	בְּנֵ֥י	1121 a	HNcmpc
Num 26:62	יִשְׂרָאֵֽל	3478	HNp
Num 26:63	אֵ֚לֶּה	428	HPdxcp
Num 26:63	פְּקוּדֵ֣י	6485 a	HVqsmpc
Num 26:63	מֹשֶׁ֔ה	4872	HNp
Num 26:63	וְ/אֶלְעָזָ֖ר	c/499	HC/Np
Num 26:63	הַ/כֹּהֵ֑ן	d/3548	HTd/Ncmsa
Num 26:63	אֲשֶׁ֨ר	834 a	HTr
Num 26:63	פָּֽקְד֜וּ	6485 a	HVqp3cp
Num 26:63	אֶת	853	HTo
Num 26:63	בְּנֵ֤י	1121 a	HNcmpc
Num 26:63	יִשְׂרָאֵל֙	3478	HNp
Num 26:63	בְּ/עַֽרְבֹ֣ת	b/6160	HR/Ncfpc
Num 26:63	מוֹאָ֔ב	4124	HNp
Num 26:63	עַ֖ל	5921 a	HR
Num 26:63	יַרְדֵּ֥ן	3383	HNp
Num 26:63	יְרֵחֽוֹ	3405	HNp
Num 26:64	וּ/בְ/אֵ֨לֶּה֙	c/b/428	HC/R/Pdxcp
Num 26:64	לֹא	3808	HTn
Num 26:64	הָ֣יָה	1961	HVqp3ms
Num 26:64	אִ֔ישׁ	376	HNcmsa
Num 26:64	מִ/פְּקוּדֵ֣י	m/6485 a	HR/Vqsmpc
Num 26:64	מֹשֶׁ֔ה	4872	HNp
Num 26:64	וְ/אַהֲרֹ֖ן	c/175	HC/Np
Num 26:64	הַ/כֹּהֵ֑ן	d/3548	HTd/Ncmsa
Num 26:64	אֲשֶׁ֥ר	834 a	HTr
Num 26:64	פָּקְד֛וּ	6485 a	HVqp3cp
Num 26:64	אֶת	853	HTo
Num 26:64	בְּנֵ֥י	1121 a	HNcmpc
Num 26:64	יִשְׂרָאֵ֖ל	3478	HNp
Num 26:64	בְּ/מִדְבַּ֥ר	b/4057 b	HR/Ncmsc
Num 26:64	סִינָֽי	5514	HNp
Num 26:65	כִּֽי	3588 a	HC
Num 26:65	אָמַ֤ר	559	HVqp3ms
Num 26:65	יְהוָה֙	3068	HNp
Num 26:65	לָ/הֶ֔ם	l	HR/Sp3mp
Num 26:65	מ֥וֹת	4191	HVqa
Num 26:65	יָמֻ֖תוּ	4191	HVqi3mp
Num 26:65	בַּ/מִּדְבָּ֑ר	b/4057 b	HRd/Ncmsa
Num 26:65	וְ/לֹא	c/3808	HC/Tn
Num 26:65	נוֹתַ֤ר	3498	HVNp3ms
Num 26:65	מֵ/הֶם֙	m	HR/Sp3mp
Num 26:65	אִ֔ישׁ	376	HNcmsa
Num 26:65	כִּ֚י	3588 b	HC
Num 26:65	אִם	518 b	HC
Num 26:65	כָּלֵ֣ב	3612	HNp
Num 26:65	בֶּן	1121 a	HNcmsc
Num 26:65	יְפֻנֶּ֔ה	3312	HNp
Num 26:65	וִ/יהוֹשֻׁ֖עַ	c/3091	HC/Np
Num 26:65	בִּן	1121 a	HNcmsc
Num 26:65	נֽוּן	5126	HNp
Num 27:1	וַ/תִּקְרַ֜בְנָה	c/7126	HC/Vqw3fp
Num 27:1	בְּנ֣וֹת	1323	HNcfpc
Num 27:1	צְלָפְחָ֗ד	6765	HNp
Num 27:1	בֶּן	1121 a	HNcmsc
Num 27:1	חֵ֤פֶר	2660 a	HNp
Num 27:1	בֶּן	1121 a	HNcmsc
Num 27:1	גִּלְעָד֙	1568	HNp
Num 27:1	בֶּן	1121 a	HNcmsc
Num 27:1	מָכִ֣יר	4353	HNp
Num 27:1	בֶּן	1121 a	HNcmsc
Num 27:1	מְנַשֶּׁ֔ה	4519	HNp
Num 27:1	לְ/מִשְׁפְּחֹ֖ת	l/4940	HR/Ncfpc
Num 27:1	מְנַשֶּׁ֣ה	4519	HNp
Num 27:1	בֶן	1121 a	HNcmsc
Num 27:1	יוֹסֵ֑ף	3130	HNp
Num 27:1	וְ/אֵ֨לֶּה֙	c/428	HC/Pdxcp
Num 27:1	שְׁמ֣וֹת	8034	HNcmpc
Num 27:1	בְּנֹתָ֔י/ו	1323	HNcfpc/Sp3ms
Num 27:1	מַחְלָ֣ה	4244	HNp
Num 27:1	נֹעָ֔ה	5270	HNp
Num 27:1	וְ/חָגְלָ֥ה	c/2295	HC/Np
Num 27:1	וּ/מִלְכָּ֖ה	c/4435	HC/Np
Num 27:1	וְ/תִרְצָֽה	c/8656	HC/Np
Num 27:2	וַֽ/תַּעֲמֹ֜דְנָה	c/5975	HC/Vqw3fp
Num 27:2	לִ/פְנֵ֣י	l/6440	HR/Ncbpc
Num 27:2	מֹשֶׁ֗ה	4872	HNp
Num 27:2	וְ/לִ/פְנֵי֙	c/l/6440	HC/R/Ncbpc
Num 27:2	אֶלְעָזָ֣ר	499	HNp
Num 27:2	הַ/כֹּהֵ֔ן	d/3548	HTd/Ncmsa
Num 27:2	וְ/לִ/פְנֵ֥י	c/l/6440	HC/R/Ncbpc
Num 27:2	הַ/נְּשִׂיאִ֖ם	d/5387 a	HTd/Ncmpa
Num 27:2	וְ/כָל	c/3605	HC/Ncmsc
Num 27:2	הָ/עֵדָ֑ה	d/5712	HTd/Ncfsa
Num 27:2	פֶּ֥תַח	6607	HNcmsc
Num 27:2	אֹֽהֶל	168	HNcmsc
Num 27:2	מוֹעֵ֖ד	4150	HNcmsa
Num 27:2	לֵ/אמֹֽר	l/559	HR/Vqc
Num 27:3	אָבִי/נוּ֮	1	HNcmsc/Sp1cp
Num 27:3	מֵ֣ת	4191	HVqp3ms
Num 27:3	בַּ/מִּדְבָּר֒	b/4057 b	HRd/Ncmsa
Num 27:3	וְ/ה֨וּא	c/1931	HC/Pp3ms
Num 27:3	לֹא	3808	HTn
Num 27:3	הָיָ֜ה	1961	HVqp3ms
Num 27:3	בְּ/ת֣וֹךְ	b/8432	HR/Ncmsc
Num 27:3	הָ/עֵדָ֗ה	d/5712	HTd/Ncfsa
Num 27:3	הַ/נּוֹעָדִ֛ים	d/3259	HTd/VNrmpa
Num 27:3	עַל	5921 a	HR
Num 27:3	יְהוָ֖ה	3068	HNp
Num 27:3	בַּ/עֲדַת	b/5712	HR/Ncfsc
Num 27:3	קֹ֑רַח	7141	HNp
Num 27:3	כִּֽי	3588 a	HC
Num 27:3	בְ/חֶטְא֣/וֹ	b/2399	HR/Ncmsc/Sp3ms
Num 27:3	מֵ֔ת	4191	HVqp3ms
Num 27:3	וּ/בָנִ֖ים	c/1121 a	HC/Ncmpa
Num 27:3	לֹא	3808	HTn
Num 27:3	הָ֥יוּ	1961	HVqp3cp
Num 27:3	לֽ/וֹ	l	HR/Sp3ms
Num 27:4	לָ֣/מָּה	l/4100	HR/Ti
Num 27:4	יִגָּרַ֤ע	1639	HVNi3ms
Num 27:4	שֵׁם	8034	HNcmsc
Num 27:4	אָבִ֨י/נוּ֙	1	HNcmsc/Sp1cp
Num 27:4	מִ/תּ֣וֹךְ	m/8432	HR/Ncmsc
Num 27:4	מִשְׁפַּחְתּ֔/וֹ	4940	HNcfsc/Sp3ms
Num 27:4	כִּ֛י	3588 a	HC
Num 27:4	אֵ֥ין	369	HTn
Num 27:4	ל֖/וֹ	l	HR/Sp3ms
Num 27:4	בֵּ֑ן	1121 a	HNcmsa
Num 27:4	תְּנָ/ה	5414	HVqv2ms/Sh
Num 27:4	לָּ֣/נוּ	l	HR/Sp1cp
Num 27:4	אֲחֻזָּ֔ה	272	HNcfsa
Num 27:4	בְּ/ת֖וֹךְ	b/8432	HR/Ncmsc
Num 27:4	אֲחֵ֥י	251	HNcmpc
Num 27:4	אָבִֽי/נוּ	1	HNcmsc/Sp1cp
Num 27:5	וַ/יַּקְרֵ֥ב	c/7126	HC/Vhw3ms
Num 27:5	מֹשֶׁ֛ה	4872	HNp
Num 27:5	אֶת	853	HTo
Num 27:5	מִשְׁפָּטָ֖/ן	4941	HNcmsc/Sp3fp
Num 27:5	לִ/פְנֵ֥י	l/6440	HR/Ncbpc
Num 27:5	יְהוָֽה	3068	HNp
Num 27:6	וַ/יֹּ֥אמֶר	c/559	HC/Vqw3ms
Num 27:6	יְהוָ֖ה	3068	HNp
Num 27:6	אֶל	413	HR
Num 27:6	מֹשֶׁ֥ה	4872	HNp
Num 27:6	לֵּ/אמֹֽר	l/559	HR/Vqc
Num 27:7	כֵּ֗ן	3651 a	HTm
Num 27:7	בְּנ֣וֹת	1323	HNcfpc
Num 27:7	צְלָפְחָד֮	6765	HNp
Num 27:7	דֹּבְרֹת֒	1696	HVqrfpa
Num 27:7	נָתֹ֨ן	5414	HVqa
Num 27:7	תִּתֵּ֤ן	5414	HVqi2ms
Num 27:7	לָ/הֶם֙	l	HR/Sp3mp
Num 27:7	אֲחֻזַּ֣ת	272	HNcfsc
Num 27:7	נַחֲלָ֔ה	5159	HNcfsa
Num 27:7	בְּ/ת֖וֹךְ	b/8432	HR/Ncmsc
Num 27:7	אֲחֵ֣י	251	HNcmpc
Num 27:7	אֲבִי/הֶ֑ם	1	HNcmsc/Sp3mp
Num 27:7	וְ/הַֽעֲבַרְתָּ֛	c/5674 a	HC/Vhq2ms
Num 27:7	אֶת	853	HTo
Num 27:7	נַחֲלַ֥ת	5159	HNcfsc
Num 27:7	אֲבִי/הֶ֖ן	1	HNcmsc/Sp3fp
Num 27:7	לָ/הֶֽן	l	HR/Sp3fp
Num 27:8	וְ/אֶל	c/413	HC/R
Num 27:8	בְּנֵ֥י	1121 a	HNcmpc
Num 27:8	יִשְׂרָאֵ֖ל	3478	HNp
Num 27:8	תְּדַבֵּ֣ר	1696	HVpi2ms
Num 27:8	לֵ/אמֹ֑ר	l/559	HR/Vqc
Num 27:8	אִ֣ישׁ	376	HNcmsa
Num 27:8	כִּֽי	3588 a	HC
Num 27:8	יָמ֗וּת	4191	HVqi3ms
Num 27:8	וּ/בֵן֙	c/1121 a	HC/Ncmsa
Num 27:8	אֵ֣ין	369	HTn
Num 27:8	ל֔/וֹ	l	HR/Sp3ms
Num 27:8	וְ/הַֽעֲבַרְתֶּ֥ם	c/5674 a	HC/Vhq2mp
Num 27:8	אֶת	853	HTo
Num 27:8	נַחֲלָת֖/וֹ	5159	HNcfsc/Sp3ms
Num 27:8	לְ/בִתּֽ/וֹ	l/1323	HR/Ncfsc/Sp3ms
Num 27:9	וְ/אִם	c/518 a	HC/C
Num 27:9	אֵ֥ין	369	HTn
Num 27:9	ל֖/וֹ	l	HR/Sp3ms
Num 27:9	בַּ֑ת	1323	HNcfsa
Num 27:9	וּ/נְתַתֶּ֥ם	c/5414	HC/Vqq2mp
Num 27:9	אֶת	853	HTo
Num 27:9	נַחֲלָת֖/וֹ	5159	HNcfsc/Sp3ms
Num 27:9	לְ/אֶחָי/ו	l/251	HR/Ncmpc/Sp3ms
Num 27:10	וְ/אִם	c/518 a	HC/C
Num 27:10	אֵ֥ין	369	HTn
Num 27:10	ל֖/וֹ	l	HR/Sp3ms
Num 27:10	אַחִ֑ים	251	HNcmpa
Num 27:10	וּ/נְתַתֶּ֥ם	c/5414	HC/Vqq2mp
Num 27:10	אֶת	853	HTo
Num 27:10	נַחֲלָת֖/וֹ	5159	HNcfsc/Sp3ms
Num 27:10	לַ/אֲחֵ֥י	l/251	HR/Ncmpc
Num 27:10	אָבִֽי/ו	1	HNcmsc/Sp3ms
Num 27:11	וְ/אִם	c/518 a	HC/C
Num 27:11	אֵ֣ין	369	HTn
Num 27:11	אַחִים֮	251	HNcmpa
Num 27:11	לְ/אָבִי/ו֒	l/1	HR/Ncmsc/Sp3ms
Num 27:11	וּ/נְתַתֶּ֣ם	c/5414	HC/Vqq2mp
Num 27:11	אֶת	853	HTo
Num 27:11	נַחֲלָת֗/וֹ	5159	HNcfsc/Sp3ms
Num 27:11	לִ/שְׁאֵר֞/וֹ	l/7607	HR/Ncmsc/Sp3ms
Num 27:11	הַ/קָּרֹ֥ב	d/7138	HTd/Aamsa
Num 27:11	אֵלָ֛י/ו	413	HR/Sp3ms
Num 27:11	מִ/מִּשְׁפַּחְתּ֖/וֹ	m/4940	HR/Ncfsc/Sp3ms
Num 27:11	וְ/יָרַ֣שׁ	c/3423	HC/Vqq3ms
Num 27:11	אֹתָ֑/הּ	853	HTo/Sp3fs
Num 27:11	וְֽ/הָ֨יְתָ֜ה	c/1961	HC/Vqq3fs
Num 27:11	לִ/בְנֵ֤י	l/1121 a	HR/Ncmpc
Num 27:11	יִשְׂרָאֵל֙	3478	HNp
Num 27:11	לְ/חֻקַּ֣ת	l/2708	HR/Ncbsc
Num 27:11	מִשְׁפָּ֔ט	4941	HNcmsa
Num 27:11	כַּ/אֲשֶׁ֛ר	k/834 d	HR/Tr
Num 27:11	צִוָּ֥ה	6680	HVpp3ms
Num 27:11	יְהוָ֖ה	3068	HNp
Num 27:11	אֶת	853	HTo
Num 27:11	מֹשֶֽׁה	4872	HNp
Num 27:12	וַ/יֹּ֤אמֶר	c/559	HC/Vqw3ms
Num 27:12	יְהוָה֙	3068	HNp
Num 27:12	אֶל	413	HR
Num 27:12	מֹשֶׁ֔ה	4872	HNp
Num 27:12	עֲלֵ֛ה	5927	HVqv2ms
Num 27:12	אֶל	413	HR
Num 27:12	הַ֥ר	2022	HNcmsc
Num 27:12	הָ/עֲבָרִ֖ים	d/5682	HTd/Np
Num 27:12	הַ/זֶּ֑ה	d/2088	HTd/Pdxms
Num 27:12	וּ/רְאֵה֙	c/7200	HC/Vqv2ms
Num 27:12	אֶת	853	HTo
Num 27:12	הָ/אָ֔רֶץ	d/776	HTd/Ncbsa
Num 27:12	אֲשֶׁ֥ר	834 a	HTr
Num 27:12	נָתַ֖תִּי	5414	HVqp1cs
Num 27:12	לִ/בְנֵ֥י	l/1121 a	HR/Ncmpc
Num 27:12	יִשְׂרָאֵֽל	3478	HNp
Num 27:13	וְ/רָאִ֣יתָה	c/7200	HC/Vqq2ms
Num 27:13	אֹתָ֔/הּ	853	HTo/Sp3fs
Num 27:13	וְ/נֶאֱסַפְתָּ֥	c/622	HC/VNq2ms
Num 27:13	אֶל	413	HR
Num 27:13	עַמֶּ֖י/ךָ	5971 b	HNcmpc/Sp2ms
Num 27:13	גַּם	1571	HTa
Num 27:13	אָ֑תָּה	859 a	HPp2ms
Num 27:13	כַּ/אֲשֶׁ֥ר	k/834 d	HR/Tr
Num 27:13	נֶאֱסַ֖ף	622	HVNp3ms
Num 27:13	אַהֲרֹ֥ן	175	HNp
Num 27:13	אָחִֽי/ךָ	251	HNcmsc/Sp2ms
Num 27:14	כַּ/אֲשֶׁר֩	k/834 d	HR/Tr
Num 27:14	מְרִיתֶ֨ם	4784	HVqp2mp
Num 27:14	פִּ֜/י	6310	HNcmsc/Sp1cs
Num 27:14	בְּ/מִדְבַּר	b/4057 b	HR/Ncmsc
Num 27:14	צִ֗ן	6790	HNp
Num 27:14	בִּ/מְרִיבַת֙	b/4808	HR/Ncfsc
Num 27:14	הָֽ/עֵדָ֔ה	d/5712	HTd/Ncfsa
Num 27:14	לְ/הַקְדִּישֵׁ֥/נִי	l/6942	HR/Vhc/Sp1cs
Num 27:14	בַ/מַּ֖יִם	b/4325	HRd/Ncmpa
Num 27:14	לְ/עֵינֵי/הֶ֑ם	l/5869 a	HR/Ncbdc/Sp3mp
Num 27:14	הֵ֛ם	1992	HPp3mp
Num 27:14	מֵֽי	4325	HNcmpc
Num 27:14	מְרִיבַ֥ת	4809	HNp
Num 27:14	קָדֵ֖שׁ	6946	HNp
Num 27:14	מִדְבַּר	4057 b	HNcmsc
Num 27:14	צִֽן	6790	HNp
Num 27:15	וַ/יְדַבֵּ֣ר	c/1696	HC/Vpw3ms
Num 27:15	מֹשֶׁ֔ה	4872	HNp
Num 27:15	אֶל	413	HR
Num 27:15	יְהוָ֖ה	3068	HNp
Num 27:15	לֵ/אמֹֽר	l/559	HR/Vqc
Num 27:16	יִפְקֹ֣ד	6485 a	HVqi3ms
Num 27:16	יְהוָ֔ה	3068	HNp
Num 27:16	אֱלֹהֵ֥י	430	HNcmpc
Num 27:16	הָ/רוּחֹ֖ת	d/7307	HTd/Ncbpa
Num 27:16	לְ/כָל	l/3605	HR/Ncmsc
Num 27:16	בָּשָׂ֑ר	1320	HNcmsa
Num 27:16	אִ֖ישׁ	376	HNcmsa
Num 27:16	עַל	5921 a	HR
Num 27:16	הָ/עֵדָֽה	d/5712	HTd/Ncfsa
Num 27:17	אֲשֶׁר	834 a	HTr
Num 27:17	יֵצֵ֣א	3318	HVqi3ms
Num 27:17	לִ/פְנֵי/הֶ֗ם	l/6440	HR/Ncbpc/Sp3mp
Num 27:17	וַ/אֲשֶׁ֤ר	c/834 a	HC/Tr
Num 27:17	יָבֹא֙	935	HVqi3ms
Num 27:17	לִ/פְנֵי/הֶ֔ם	l/6440	HR/Ncbpc/Sp3mp
Num 27:17	וַ/אֲשֶׁ֥ר	c/834 a	HC/Tr
Num 27:17	יוֹצִיאֵ֖/ם	3318	HVhi3ms/Sp3mp
Num 27:17	וַ/אֲשֶׁ֣ר	c/834 a	HC/Tr
Num 27:17	יְבִיאֵ֑/ם	935	HVhi3ms/Sp3mp
Num 27:17	וְ/לֹ֤א	c/3808	HC/Tn
Num 27:17	תִהְיֶה֙	1961	HVqi3fs
Num 27:17	עֲדַ֣ת	5712	HNcfsc
Num 27:17	יְהוָ֔ה	3068	HNp
Num 27:17	כַּ/צֹּ֕אן	k/6629	HRd/Ncbsa
Num 27:17	אֲשֶׁ֥ר	834 a	HTr
Num 27:17	אֵין	369	HTn
Num 27:17	לָ/הֶ֖ם	l	HR/Sp3mp
Num 27:17	רֹעֶֽה	7462 b	HVqrmsa
Num 27:18	וַ/יֹּ֨אמֶר	c/559	HC/Vqw3ms
Num 27:18	יְהוָ֜ה	3068	HNp
Num 27:18	אֶל	413	HR
Num 27:18	מֹשֶׁ֗ה	4872	HNp
Num 27:18	קַח	3947	HVqv2ms
Num 27:18	לְ/ךָ֙	l	HR/Sp2ms
Num 27:18	אֶת	853	HTo
Num 27:18	יְהוֹשֻׁ֣עַ	3091	HNp
Num 27:18	בִּן	1121 a	HNcmsc
Num 27:18	נ֔וּן	5126	HNp
Num 27:18	אִ֖ישׁ	376	HNcmsa
Num 27:18	אֲשֶׁר	834 a	HTr
Num 27:18	ר֣וּחַ	7307	HNcbsa
Num 27:18	בּ֑/וֹ	b	HR/Sp3ms
Num 27:18	וְ/סָמַכְתָּ֥	c/5564	HC/Vqq2ms
Num 27:18	אֶת	853	HTo
Num 27:18	יָדְ/ךָ֖	3027	HNcbsc/Sp2ms
Num 27:18	עָלָֽי/ו	5921 a	HR/Sp3ms
Num 27:19	וְ/הַֽעֲמַדְתָּ֣	c/5975	HC/Vhq2ms
Num 27:19	אֹת֗/וֹ	853	HTo/Sp3ms
Num 27:19	לִ/פְנֵי֙	l/6440	HR/Ncbpc
Num 27:19	אֶלְעָזָ֣ר	499	HNp
Num 27:19	הַ/כֹּהֵ֔ן	d/3548	HTd/Ncmsa
Num 27:19	וְ/לִ/פְנֵ֖י	c/l/6440	HC/R/Ncbpc
Num 27:19	כָּל	3605	HNcmsc
Num 27:19	הָ/עֵדָ֑ה	d/5712	HTd/Ncfsa
Num 27:19	וְ/צִוִּיתָ֥ה	c/6680	HC/Vpq2ms
Num 27:19	אֹת֖/וֹ	853	HTo/Sp3ms
Num 27:19	לְ/עֵינֵי/הֶֽם	l/5869 a	HR/Ncbdc/Sp3mp
Num 27:20	וְ/נָתַתָּ֥ה	c/5414	HC/Vqq2ms
Num 27:20	מֵ/הֽוֹדְ/ךָ֖	m/1935	HR/Ncmsc/Sp2ms
Num 27:20	עָלָ֑י/ו	5921 a	HR/Sp3ms
Num 27:20	לְמַ֣עַן	4616	HR
Num 27:20	יִשְׁמְע֔וּ	8085	HVqi3mp
Num 27:20	כָּל	3605	HNcmsc
Num 27:20	עֲדַ֖ת	5712	HNcfsc
Num 27:20	בְּנֵ֥י	1121 a	HNcmpc
Num 27:20	יִשְׂרָאֵֽל	3478	HNp
Num 27:21	וְ/לִ/פְנֵ֨י	c/l/6440	HC/R/Ncbpc
Num 27:21	אֶלְעָזָ֤ר	499	HNp
Num 27:21	הַ/כֹּהֵן֙	d/3548	HTd/Ncmsa
Num 27:21	יַעֲמֹ֔ד	5975	HVqi3ms
Num 27:21	וְ/שָׁ֥אַל	c/7592	HC/Vqq3ms
Num 27:21	ל֛/וֹ	l	HR/Sp3ms
Num 27:21	בְּ/מִשְׁפַּ֥ט	b/4941	HR/Ncmsc
Num 27:21	הָ/אוּרִ֖ים	d/224	HTd/Ncmpa
Num 27:21	לִ/פְנֵ֣י	l/6440	HR/Ncbpc
Num 27:21	יְהוָ֑ה	3068	HNp
Num 27:21	עַל	5921 a	HR
Num 27:21	פִּ֨י/ו	6310	HNcmsc/Sp3ms
Num 27:21	יֵצְא֜וּ	3318	HVqi3mp
Num 27:21	וְ/עַל	c/5921 a	HC/R
Num 27:21	פִּ֣י/ו	6310	HNcmsc/Sp3ms
Num 27:21	יָבֹ֗אוּ	935	HVqi3mp
Num 27:21	ה֛וּא	1931	HPp3ms
Num 27:21	וְ/כָל	c/3605	HC/Ncmsc
Num 27:21	בְּנֵי	1121 a	HNcmpc
Num 27:21	יִשְׂרָאֵ֥ל	3478	HNp
Num 27:21	אִתּ֖/וֹ	854	HR/Sp3ms
Num 27:21	וְ/כָל	c/3605	HC/Ncmsc
Num 27:21	הָ/עֵדָֽה	d/5712	HTd/Ncfsa
Num 27:22	וַ/יַּ֣עַשׂ	c/6213 a	HC/Vqw3ms
Num 27:22	מֹשֶׁ֔ה	4872	HNp
Num 27:22	כַּ/אֲשֶׁ֛ר	k/834 d	HR/Tr
Num 27:22	צִוָּ֥ה	6680	HVpp3ms
Num 27:22	יְהוָ֖ה	3068	HNp
Num 27:22	אֹת֑/וֹ	853	HTo/Sp3ms
Num 27:22	וַ/יִּקַּ֣ח	c/3947	HC/Vqw3ms
Num 27:22	אֶת	853	HTo
Num 27:22	יְהוֹשֻׁ֗עַ	3091	HNp
Num 27:22	וַ/יַּֽעֲמִדֵ֨/הוּ֙	c/5975	HC/Vhw3ms/Sp3ms
Num 27:22	לִ/פְנֵי֙	l/6440	HR/Ncbpc
Num 27:22	אֶלְעָזָ֣ר	499	HNp
Num 27:22	הַ/כֹּהֵ֔ן	d/3548	HTd/Ncmsa
Num 27:22	וְ/לִ/פְנֵ֖י	c/l/6440	HC/R/Ncbpc
Num 27:22	כָּל	3605	HNcmsc
Num 27:22	הָ/עֵדָֽה	d/5712	HTd/Ncfsa
Num 27:23	וַ/יִּסְמֹ֧ךְ	c/5564	HC/Vqw3ms
Num 27:23	אֶת	853	HTo
Num 27:23	יָדָ֛י/ו	3027	HNcbdc/Sp3ms
Num 27:23	עָלָ֖י/ו	5921 a	HR/Sp3ms
Num 27:23	וַ/יְצַוֵּ֑/הוּ	c/6680	HC/Vpw3ms/Sp3ms
Num 27:23	כַּ/אֲשֶׁ֛ר	k/834 d	HR/Tr
Num 27:23	דִּבֶּ֥ר	1696	HVpp3ms
Num 27:23	יְהוָ֖ה	3068	HNp
Num 27:23	בְּ/יַד	b/3027	HR/Ncbsc
Num 27:23	מֹשֶֽׁה	4872	HNp
Num 28:1	וַ/יְדַבֵּ֥ר	c/1696	HC/Vpw3ms
Num 28:1	יְהוָ֖ה	3068	HNp
Num 28:1	אֶל	413	HR
Num 28:1	מֹשֶׁ֥ה	4872	HNp
Num 28:1	לֵּ/אמֹֽר	l/559	HR/Vqc
Num 28:2	צַ֚ו	6680	HVpv2ms
Num 28:2	אֶת	853	HTo
Num 28:2	בְּנֵ֣י	1121 a	HNcmpc
Num 28:2	יִשְׂרָאֵ֔ל	3478	HNp
Num 28:2	וְ/אָמַרְתָּ֖	c/559	HC/Vqq2ms
Num 28:2	אֲלֵ/הֶ֑ם	413	HR/Sp3mp
Num 28:2	אֶת	853	HTo
Num 28:2	קָרְבָּנִ֨/י	7133 a	HNcmsc/Sp1cs
Num 28:2	לַחְמִ֜/י	3899	HNcbsc/Sp1cs
Num 28:2	לְ/אִשַּׁ֗/י	l/801	HR/Ncmpc/Sp1cs
Num 28:2	רֵ֚יחַ	7381	HNcmsc
Num 28:2	נִֽיחֹחִ֔/י	5207	HNcmsc/Sp1cs
Num 28:2	תִּשְׁמְר֕וּ	8104	HVqi2mp
Num 28:2	לְ/הַקְרִ֥יב	l/7126	HR/Vhc
Num 28:2	לִ֖/י	l	HR/Sp1cs
Num 28:2	בְּ/מוֹעֲדֽ/וֹ	b/4150	HR/Ncmsc/Sp3ms
Num 28:3	וְ/אָמַרְתָּ֣	c/559	HC/Vqq2ms
Num 28:3	לָ/הֶ֔ם	l	HR/Sp3mp
Num 28:3	זֶ֚ה	2088	HPdxms
Num 28:3	הָֽ/אִשֶּׁ֔ה	d/801	HTd/Ncmsa
Num 28:3	אֲשֶׁ֥ר	834 a	HTr
Num 28:3	תַּקְרִ֖יבוּ	7126	HVhi2mp
Num 28:3	לַ/יהוָ֑ה	l/3068	HR/Np
Num 28:3	כְּבָשִׂ֨ים	3532	HNcmpa
Num 28:3	בְּנֵֽי	1121 a	HNcmpc
Num 28:3	שָׁנָ֧ה	8141	HNcfsa
Num 28:3	תְמִימִ֛ם	8549	HAampa
Num 28:3	שְׁנַ֥יִם	8147	HAcmda
Num 28:3	לַ/יּ֖וֹם	l/3117	HRd/Ncmsa
Num 28:3	עֹלָ֥ה	5930 a	HNcfsa
Num 28:3	תָמִֽיד	8548	HNcmsa
Num 28:4	אֶת	853	HTo
Num 28:4	הַ/כֶּ֥בֶשׂ	d/3532	HTd/Ncmsa
Num 28:4	אֶחָ֖ד	259	HAcmsa
Num 28:4	תַּעֲשֶׂ֣ה	6213 a	HVqi2ms
Num 28:4	בַ/בֹּ֑קֶר	b/1242	HRd/Ncmsa
Num 28:4	וְ/אֵת֙	c/853	HC/To
Num 28:4	הַ/כֶּ֣בֶשׂ	d/3532	HTd/Ncmsa
Num 28:4	הַ/שֵּׁנִ֔י	d/8145	HTd/Aomsa
Num 28:4	תַּעֲשֶׂ֖ה	6213 a	HVqi2ms
Num 28:4	בֵּ֥ין	996	HR
Num 28:4	הָֽ/עַרְבָּֽיִם	d/6153	HTd/Ncmda
Num 28:5	וַ/עֲשִׂירִ֧ית	c/6224	HC/Aofsc
Num 28:5	הָ/אֵיפָ֛ה	d/374	HTd/Ncfsa
Num 28:5	סֹ֖לֶת	5560	HNcfsa
Num 28:5	לְ/מִנְחָ֑ה	l/4503	HR/Ncfsa
Num 28:5	בְּלוּלָ֛ה	1101 a	HVqsfsa
Num 28:5	בְּ/שֶׁ֥מֶן	b/8081	HR/Ncmsc
Num 28:5	כָּתִ֖ית	3795	HAamsa
Num 28:5	רְבִיעִ֥ת	7243	HAofsc
Num 28:5	הַ/הִֽין	d/1969	HTd/Ncmsa
Num 28:6	עֹלַ֖ת	5930 a	HNcfsc
Num 28:6	תָּמִ֑יד	8548	HNcmsa
Num 28:6	הָ/עֲשֻׂיָה֙	d/6213 a	HTd/Vqsfsa
Num 28:6	בְּ/הַ֣ר	b/2022	HR/Ncmsc
Num 28:6	סִינַ֔י	5514	HNp
Num 28:6	לְ/רֵ֣יחַ	l/7381	HR/Ncmsc
Num 28:6	נִיחֹ֔חַ	5207	HNcmsa
Num 28:6	אִשֶּׁ֖ה	801	HNcmsa
Num 28:6	לַֽ/יהוָֽה	l/3068	HR/Np
Num 28:7	וְ/נִסְכּ/וֹ֙	c/5262	HC/Ncmsc/Sp3ms
Num 28:7	רְבִיעִ֣ת	7243	HAofsc
Num 28:7	הַ/הִ֔ין	d/1969	HTd/Ncmsa
Num 28:7	לַ/כֶּ֖בֶשׂ	l/3532	HRd/Ncmsa
Num 28:7	הָ/אֶחָ֑ד	d/259	HTd/Acmsa
Num 28:7	בַּ/קֹּ֗דֶשׁ	b/6944	HRd/Ncmsa
Num 28:7	הַסֵּ֛ךְ	5258 a	HVha
Num 28:7	נֶ֥סֶךְ	5262	HNcmsc
Num 28:7	שֵׁכָ֖ר	7941	HNcmsa
Num 28:7	לַ/יהוָֽה	l/3068	HR/Np
Num 28:8	וְ/אֵת֙	c/853	HC/To
Num 28:8	הַ/כֶּ֣בֶשׂ	d/3532	HTd/Ncmsa
Num 28:8	הַ/שֵּׁנִ֔י	d/8145	HTd/Aomsa
Num 28:8	תַּעֲשֶׂ֖ה	6213 a	HVqi2ms
Num 28:8	בֵּ֣ין	996	HR
Num 28:8	הָֽ/עַרְבָּ֑יִם	d/6153	HTd/Ncmda
Num 28:8	כְּ/מִנְחַ֨ת	k/4503	HR/Ncfsc
Num 28:8	הַ/בֹּ֤קֶר	d/1242	HTd/Ncmsa
Num 28:8	וּ/כְ/נִסְכּ/וֹ֙	c/k/5262	HC/R/Ncmsc/Sp3ms
Num 28:8	תַּעֲשֶׂ֔ה	6213 a	HVqi2ms
Num 28:8	אִשֵּׁ֛ה	801	HNcmsc
Num 28:8	רֵ֥יחַ	7381	HNcmsc
Num 28:8	נִיחֹ֖חַ	5207	HNcmsa
Num 28:8	לַ/יהוָֽה	l/3068	HR/Np
Num 28:9	וּ/בְ/יוֹם֙	c/b/3117	HC/R/Ncmsc
Num 28:9	הַ/שַּׁבָּ֔ת	d/7676	HTd/Ncbsa
Num 28:9	שְׁנֵֽי	8147	HAcmdc
Num 28:9	כְבָשִׂ֥ים	3532	HNcmpa
Num 28:9	בְּנֵֽי	1121 a	HNcmpc
Num 28:9	שָׁנָ֖ה	8141	HNcfsa
Num 28:9	תְּמִימִ֑ם	8549	HAampa
Num 28:9	וּ/שְׁנֵ֣י	c/8147	HC/Acmdc
Num 28:9	עֶשְׂרֹנִ֗ים	6241	HNcmpa
Num 28:9	סֹ֧לֶת	5560	HNcfsa
Num 28:9	מִנְחָ֛ה	4503	HNcfsa
Num 28:9	בְּלוּלָ֥ה	1101 a	HVqsfsa
Num 28:9	בַ/שֶּׁ֖מֶן	b/8081	HRd/Ncmsa
Num 28:9	וְ/נִסְכּֽ/וֹ	c/5262	HC/Ncmsc/Sp3ms
Num 28:10	עֹלַ֥ת	5930 a	HNcfsc
Num 28:10	שַׁבַּ֖ת	7676	HNcbsc
Num 28:10	בְּ/שַׁבַּתּ֑/וֹ	b/7676	HR/Ncbsc/Sp3ms
Num 28:10	עַל	5921 a	HR
Num 28:10	עֹלַ֥ת	5930 a	HNcfsc
Num 28:10	הַ/תָּמִ֖יד	d/8548	HTd/Ncmsa
Num 28:10	וְ/נִסְכָּֽ/הּ	c/5262	HC/Ncmsc/Sp3fs
Num 28:11	וּ/בְ/רָאשֵׁי֙	c/b/7218 a	HC/R/Ncmpc
Num 28:11	חָדְשֵׁי/כֶ֔ם	2320	HNcmpc/Sp2mp
Num 28:11	תַּקְרִ֥יבוּ	7126	HVhi2mp
Num 28:11	עֹלָ֖ה	5930 a	HNcfsa
Num 28:11	לַ/יהוָ֑ה	l/3068	HR/Np
Num 28:11	פָּרִ֨ים	6499	HNcmpa
Num 28:11	בְּנֵֽי	1121 a	HNcmpc
Num 28:11	בָקָ֤ר	1241	HNcbsa
Num 28:11	שְׁנַ֨יִם֙	8147	HAcmda
Num 28:11	וְ/אַ֣יִל	c/352 a	HC/Ncmsa
Num 28:11	אֶחָ֔ד	259	HAcmsa
Num 28:11	כְּבָשִׂ֧ים	3532	HNcmpa
Num 28:11	בְּנֵי	1121 a	HNcmpc
Num 28:11	שָׁנָ֛ה	8141	HNcfsa
Num 28:11	שִׁבְעָ֖ה	7651	HAcmsa
Num 28:11	תְּמִימִֽם	8549	HAampa
Num 28:12	וּ/שְׁלֹשָׁ֣ה	c/7969	HC/Acmsa
Num 28:12	עֶשְׂרֹנִ֗ים	6241	HNcmpa
Num 28:12	סֹ֤לֶת	5560	HNcfsa
Num 28:12	מִנְחָה֙	4503	HNcfsa
Num 28:12	בְּלוּלָ֣ה	1101 a	HVqsfsa
Num 28:12	בַ/שֶּׁ֔מֶן	b/8081	HRd/Ncmsa
Num 28:12	לַ/פָּ֖ר	l/6499	HRd/Ncmsa
Num 28:12	הָ/אֶחָ֑ד	d/259	HTd/Acmsa
Num 28:12	וּ/שְׁנֵ֣י	c/8147	HC/Acmdc
Num 28:12	עֶשְׂרֹנִ֗ים	6241	HNcmpa
Num 28:12	סֹ֤לֶת	5560	HNcfsa
Num 28:12	מִנְחָה֙	4503	HNcfsa
Num 28:12	בְּלוּלָ֣ה	1101 a	HVqsfsa
Num 28:12	בַ/שֶּׁ֔מֶן	b/8081	HRd/Ncmsa
Num 28:12	לָ/אַ֖יִל	l/352 a	HRd/Ncmsa
Num 28:12	הָֽ/אֶחָֽד	d/259	HTd/Acmsa
Num 28:13	וְ/עִשָּׂרֹ֣ן	c/6241	HC/Ncmsa
Num 28:13	עִשָּׂר֗וֹן	6241	HNcmsc
Num 28:13	סֹ֤לֶת	5560	HNcfsa
Num 28:13	מִנְחָה֙	4503	HNcfsa
Num 28:13	בְּלוּלָ֣ה	1101 a	HVqsfsa
Num 28:13	בַ/שֶּׁ֔מֶן	b/8081	HRd/Ncmsa
Num 28:13	לַ/כֶּ֖בֶשׂ	l/3532	HRd/Ncmsa
Num 28:13	הָ/אֶחָ֑ד	d/259	HTd/Acmsa
Num 28:13	עֹלָה֙	5930 a	HNcfsa
Num 28:13	רֵ֣יחַ	7381	HNcmsc
Num 28:13	נִיחֹ֔חַ	5207	HNcmsa
Num 28:13	אִשֶּׁ֖ה	801	HNcmsa
Num 28:13	לַ/יהוָֽה	l/3068	HR/Np
Num 28:14	וְ/נִסְכֵּי/הֶ֗ם	c/5262	HC/Ncmpc/Sp3mp
Num 28:14	חֲצִ֣י	2677	HNcmsc
Num 28:14	הַ/הִין֩	d/1969	HTd/Ncmsa
Num 28:14	יִהְיֶ֨ה	1961	HVqi3ms
Num 28:14	לַ/פָּ֜ר	l/6499	HRd/Ncmsa
Num 28:14	וּ/שְׁלִישִׁ֧ת	c/7992	HC/Aofsc
Num 28:14	הַ/הִ֣ין	d/1969	HTd/Ncmsa
Num 28:14	לָ/אַ֗יִל	l/352 a	HRd/Ncmsa
Num 28:14	וּ/רְבִיעִ֥ת	c/7243	HC/Aofsc
Num 28:14	הַ/הִ֛ין	d/1969	HTd/Ncmsa
Num 28:14	לַ/כֶּ֖בֶשׂ	l/3532	HRd/Ncmsa
Num 28:14	יָ֑יִן	3196	HNcmsa
Num 28:14	זֹ֣את	2063	HPdxfs
Num 28:14	עֹלַ֥ת	5930 a	HNcfsc
Num 28:14	חֹ֨דֶשׁ֙	2320	HNcmsa
Num 28:14	בְּ/חָדְשׁ֔/וֹ	b/2320	HR/Ncmsc/Sp3ms
Num 28:14	לְ/חָדְשֵׁ֖י	l/2320	HR/Ncmpc
Num 28:14	הַ/שָּׁנָֽה	d/8141	HTd/Ncfsa
Num 28:15	וּ/שְׂעִ֨יר	c/8163 b	HC/Ncmsc
Num 28:15	עִזִּ֥ים	5795	HNcfpa
Num 28:15	אֶחָ֛ד	259	HAcmsa
Num 28:15	לְ/חַטָּ֖את	l/2403 b	HR/Ncfsa
Num 28:15	לַ/יהוָ֑ה	l/3068	HR/Np
Num 28:15	עַל	5921 a	HR
Num 28:15	עֹלַ֧ת	5930 a	HNcfsc
Num 28:15	הַ/תָּמִ֛יד	d/8548	HTd/Ncmsa
Num 28:15	יֵעָשֶׂ֖ה	6213 a	HVNi3ms
Num 28:15	וְ/נִסְכּֽ/וֹ	c/5262	HC/Ncmsc/Sp3ms
Num 28:16	וּ/בַ/חֹ֣דֶשׁ	c/b/2320	HC/Rd/Ncmsa
Num 28:16	הָ/רִאשׁ֗וֹן	d/7223	HTd/Aomsa
Num 28:16	בְּ/אַרְבָּעָ֥ה	b/702	HR/Acmsa
Num 28:16	עָשָׂ֛ר	6240	HAcmsa
Num 28:16	י֖וֹם	3117	HNcmsa
Num 28:16	לַ/חֹ֑דֶשׁ	l/2320	HRd/Ncmsa
Num 28:16	פֶּ֖סַח	6453	HNcmsa
Num 28:16	לַ/יהוָֽה	l/3068	HR/Np
Num 28:17	וּ/בַ/חֲמִשָּׁ֨ה	c/b/2568	HC/R/Acfsa
Num 28:17	עָשָׂ֥ר	6240	HAcmsa
Num 28:17	י֛וֹם	3117	HNcmsa
Num 28:17	לַ/חֹ֥דֶשׁ	l/2320	HRd/Ncmsa
Num 28:17	הַ/זֶּ֖ה	d/2088	HTd/Pdxms
Num 28:17	חָ֑ג	2282	HNcmsa
Num 28:17	שִׁבְעַ֣ת	7651	HAcmsc
Num 28:17	יָמִ֔ים	3117	HNcmpa
Num 28:17	מַצּ֖וֹת	4682	HNcfpa
Num 28:17	יֵאָכֵֽל	398	HVNi3ms
Num 28:18	בַּ/יּ֥וֹם	b/3117	HRd/Ncmsa
Num 28:18	הָ/רִאשׁ֖וֹן	d/7223	HTd/Aomsa
Num 28:18	מִקְרָא	4744	HNcmsc
Num 28:18	קֹ֑דֶשׁ	6944	HNcmsa
Num 28:18	כָּל	3605	HNcmsc
Num 28:18	מְלֶ֥אכֶת	4399	HNcfsc
Num 28:18	עֲבֹדָ֖ה	5656	HNcfsa
Num 28:18	לֹ֥א	3808	HTn
Num 28:18	תַעֲשֽׂוּ	6213 a	HVqi2mp
Num 28:19	וְ/הִקְרַבְתֶּ֨ם	c/7126	HC/Vhq2mp
Num 28:19	אִשֶּׁ֤ה	801	HNcmsa
Num 28:19	עֹלָה֙	5930 a	HNcfsa
Num 28:19	לַֽ/יהוָ֔ה	l/3068	HR/Np
Num 28:19	פָּרִ֧ים	6499	HNcmpa
Num 28:19	בְּנֵי	1121 a	HNcmpc
Num 28:19	בָקָ֛ר	1241	HNcbsa
Num 28:19	שְׁנַ֖יִם	8147	HAcmda
Num 28:19	וְ/אַ֣יִל	c/352 a	HC/Ncmsa
Num 28:19	אֶחָ֑ד	259	HAcmsa
Num 28:19	וְ/שִׁבְעָ֤ה	c/7651	HC/Acmsa
Num 28:19	כְבָשִׂים֙	3532	HNcmpa
Num 28:19	בְּנֵ֣י	1121 a	HNcmpc
Num 28:19	שָׁנָ֔ה	8141	HNcfsa
Num 28:19	תְּמִימִ֖ם	8549	HAampa
Num 28:19	יִהְי֥וּ	1961	HVqi3mp
Num 28:19	לָ/כֶֽם	l	HR/Sp2mp
Num 28:20	וּ/מִ֨נְחָתָ֔/ם	c/4503	HC/Ncfsc/Sp3mp
Num 28:20	סֹ֖לֶת	5560	HNcfsa
Num 28:20	בְּלוּלָ֣ה	1101 a	HVqsfsa
Num 28:20	בַ/שָּׁ֑מֶן	b/8081	HRd/Ncmsa
Num 28:20	שְׁלֹשָׁ֨ה	7969	HAcmsa
Num 28:20	עֶשְׂרֹנִ֜ים	6241	HNcmpa
Num 28:20	לַ/פָּ֗ר	l/6499	HRd/Ncmsa
Num 28:20	וּ/שְׁנֵ֧י	c/8147	HC/Acmdc
Num 28:20	עֶשְׂרֹנִ֛ים	6241	HNcmpa
Num 28:20	לָ/אַ֖יִל	l/352 a	HRd/Ncmsa
Num 28:20	תַּעֲשֽׂוּ	6213 a	HVqi2mp
Num 28:21	עִשָּׂר֤וֹן	6241	HNcmsa
Num 28:21	עִשָּׂרוֹן֙	6241	HNcmsa
Num 28:21	תַּעֲשֶׂ֔ה	6213 a	HVqi2ms
Num 28:21	לַ/כֶּ֖בֶשׂ	l/3532	HRd/Ncmsa
Num 28:21	הָ/אֶחָ֑ד	d/259	HTd/Acmsa
Num 28:21	לְ/שִׁבְעַ֖ת	l/7651	HR/Acmsc
Num 28:21	הַ/כְּבָשִֽׂים	d/3532	HTd/Ncmpa
Num 28:22	וּ/שְׂעִ֥יר	c/8163 b	HC/Ncmsc
Num 28:22	חַטָּ֖את	2403 b	HNcfsa
Num 28:22	אֶחָ֑ד	259	HAcmsa
Num 28:22	לְ/כַפֵּ֖ר	l/3722 a	HR/Vpc
Num 28:22	עֲלֵי/כֶֽם	5921 a	HR/Sp2mp
Num 28:23	מִ/לְּ/בַד֙	m/l/905	HR/R/Ncmsc
Num 28:23	עֹלַ֣ת	5930 a	HNcfsc
Num 28:23	הַ/בֹּ֔קֶר	d/1242	HTd/Ncmsa
Num 28:23	אֲשֶׁ֖ר	834 a	HTr
Num 28:23	לְ/עֹלַ֣ת	l/5930 a	HR/Ncfsc
Num 28:23	הַ/תָּמִ֑יד	d/8548	HTd/Ncmsa
Num 28:23	תַּעֲשׂ֖וּ	6213 a	HVqi2mp
Num 28:23	אֶת	853	HTo
Num 28:23	אֵֽלֶּה	428	HPdxcp
Num 28:24	כָּ/אֵ֜לֶּה	k/428	HR/Pdxcp
Num 28:24	תַּעֲשׂ֤וּ	6213 a	HVqi2mp
Num 28:24	לַ/יּוֹם֙	l/3117	HRd/Ncmsa
Num 28:24	שִׁבְעַ֣ת	7651	HAcmsc
Num 28:24	יָמִ֔ים	3117	HNcmpa
Num 28:24	לֶ֛חֶם	3899	HNcbsa
Num 28:24	אִשֵּׁ֥ה	801	HNcmsc
Num 28:24	רֵֽיחַ	7381	HNcmsc
Num 28:24	נִיחֹ֖חַ	5207	HNcmsa
Num 28:24	לַ/יהוָ֑ה	l/3068	HR/Np
Num 28:24	עַל	5921 a	HR
Num 28:24	עוֹלַ֧ת	5930 a	HNcfsc
Num 28:24	הַ/תָּמִ֛יד	d/8548	HTd/Ncmsa
Num 28:24	יֵעָשֶׂ֖ה	6213 a	HVNi3ms
Num 28:24	וְ/נִסְכּֽ/וֹ	c/5262	HC/Ncmsc/Sp3ms
Num 28:25	וּ/בַ/יּוֹם֙	c/b/3117	HC/Rd/Ncmsa
Num 28:25	הַ/שְּׁבִיעִ֔י	d/7637	HTd/Aomsa
Num 28:25	מִקְרָא	4744	HNcmsc
Num 28:25	קֹ֖דֶשׁ	6944	HNcmsa
Num 28:25	יִהְיֶ֣ה	1961	HVqi3ms
Num 28:25	לָ/כֶ֑ם	l	HR/Sp2mp
Num 28:25	כָּל	3605	HNcmsc
Num 28:25	מְלֶ֥אכֶת	4399	HNcfsc
Num 28:25	עֲבֹדָ֖ה	5656	HNcfsa
Num 28:25	לֹ֥א	3808	HTn
Num 28:25	תַעֲשֽׂוּ	6213 a	HVqi2mp
Num 28:26	וּ/בְ/י֣וֹם	c/b/3117	HC/R/Ncmsc
Num 28:26	הַ/בִּכּוּרִ֗ים	d/1061	HTd/Ncbpa
Num 28:26	בְּ/הַקְרִ֨יבְ/כֶ֜ם	b/7126	HR/Vhc/Sp2mp
Num 28:26	מִנְחָ֤ה	4503	HNcfsa
Num 28:26	חֲדָשָׁה֙	2319	HAafsa
Num 28:26	לַֽ/יהוָ֔ה	l/3068	HR/Np
Num 28:26	בְּ/שָׁבֻעֹ֖תֵי/כֶ֑ם	b/7620	HR/Ncmpc/Sp2mp
Num 28:26	מִֽקְרָא	4744	HNcmsc
Num 28:26	קֹ֨דֶשׁ֙	6944	HNcmsa
Num 28:26	יִהְיֶ֣ה	1961	HVqi3ms
Num 28:26	לָ/כֶ֔ם	l	HR/Sp2mp
Num 28:26	כָּל	3605	HNcmsc
Num 28:26	מְלֶ֥אכֶת	4399	HNcfsc
Num 28:26	עֲבֹדָ֖ה	5656	HNcfsa
Num 28:26	לֹ֥א	3808	HTn
Num 28:26	תַעֲשֽׂוּ	6213 a	HVqi2mp
Num 28:27	וְ/הִקְרַבְתֶּ֨ם	c/7126	HC/Vhq2mp
Num 28:27	עוֹלָ֜ה	5930 a	HNcfsa
Num 28:27	לְ/רֵ֤יחַ	l/7381	HR/Ncmsc
Num 28:27	נִיחֹ֨חַ֙	5207	HNcmsa
Num 28:27	לַֽ/יהוָ֔ה	l/3068	HR/Np
Num 28:27	פָּרִ֧ים	6499	HNcmpa
Num 28:27	בְּנֵי	1121 a	HNcmpc
Num 28:27	בָקָ֛ר	1241	HNcbsa
Num 28:27	שְׁנַ֖יִם	8147	HAcmda
Num 28:27	אַ֣יִל	352 a	HNcmsa
Num 28:27	אֶחָ֑ד	259	HAcmsa
Num 28:27	שִׁבְעָ֥ה	7651	HAcmsa
Num 28:27	כְבָשִׂ֖ים	3532	HNcmpa
Num 28:27	בְּנֵ֥י	1121 a	HNcmpc
Num 28:27	שָׁנָֽה	8141	HNcfsa
Num 28:28	וּ/מִנְחָתָ֔/ם	c/4503	HC/Ncfsc/Sp3mp
Num 28:28	סֹ֖לֶת	5560	HNcfsa
Num 28:28	בְּלוּלָ֣ה	1101 a	HVqsfsa
Num 28:28	בַ/שָּׁ֑מֶן	b/8081	HRd/Ncmsa
Num 28:28	שְׁלֹשָׁ֤ה	7969	HAcmsa
Num 28:28	עֶשְׂרֹנִים֙	6241	HNcmpa
Num 28:28	לַ/פָּ֣ר	l/6499	HRd/Ncmsa
Num 28:28	הָֽ/אֶחָ֔ד	d/259	HTd/Acmsa
Num 28:28	שְׁנֵי֙	8147	HAcmdc
Num 28:28	עֶשְׂרֹנִ֔ים	6241	HNcmpa
Num 28:28	לָ/אַ֖יִל	l/352 a	HRd/Ncmsa
Num 28:28	הָ/אֶחָֽד	d/259	HTd/Acmsa
Num 28:29	עִשָּׂרוֹן֙	6241	HNcmsa
Num 28:29	עִשָּׂר֔וֹן	6241	HNcmsa
Num 28:29	לַ/כֶּ֖בֶשׂ	l/3532	HRd/Ncmsa
Num 28:29	הָ/אֶחָ֑ד	d/259	HTd/Acmsa
Num 28:29	לְ/שִׁבְעַ֖ת	l/7651	HR/Acmsc
Num 28:29	הַ/כְּבָשִֽׂים	d/3532	HTd/Ncmpa
Num 28:30	שְׂעִ֥יר	8163 b	HNcmsc
Num 28:30	עִזִּ֖ים	5795	HNcfpa
Num 28:30	אֶחָ֑ד	259	HAcmsa
Num 28:30	לְ/כַפֵּ֖ר	l/3722 a	HR/Vpc
Num 28:30	עֲלֵי/כֶֽם	5921 a	HR/Sp2mp
Num 28:31	מִ/לְּ/בַ֞ד	m/l/905	HR/R/Ncmsc
Num 28:31	עֹלַ֧ת	5930 a	HNcfsc
Num 28:31	הַ/תָּמִ֛יד	d/8548	HTd/Ncmsa
Num 28:31	וּ/מִנְחָת֖/וֹ	c/4503	HC/Ncfsc/Sp3ms
Num 28:31	תַּעֲשׂ֑וּ	6213 a	HVqi2mp
Num 28:31	תְּמִימִ֥ם	8549	HAampa
Num 28:31	יִהְיוּ	1961	HVqi3mp
Num 28:31	לָ/כֶ֖ם	l	HR/Sp2mp
Num 28:31	וְ/נִסְכֵּי/הֶֽם	c/5262	HC/Ncmpc/Sp3mp
Num 29:1	וּ/בַ/חֹ֨דֶשׁ	c/b/2320	HC/Rd/Ncmsa
Num 29:1	הַ/שְּׁבִיעִ֜י	d/7637	HTd/Aomsa
Num 29:1	בְּ/אֶחָ֣ד	b/259	HR/Acmsa
Num 29:1	לַ/חֹ֗דֶשׁ	l/2320	HRd/Ncmsa
Num 29:1	מִֽקְרָא	4744	HNcmsc
Num 29:1	קֹ֨דֶשׁ֙	6944	HNcmsa
Num 29:1	יִהְיֶ֣ה	1961	HVqi3ms
Num 29:1	לָ/כֶ֔ם	l	HR/Sp2mp
Num 29:1	כָּל	3605	HNcmsc
Num 29:1	מְלֶ֥אכֶת	4399	HNcfsc
Num 29:1	עֲבֹדָ֖ה	5656	HNcfsa
Num 29:1	לֹ֣א	3808	HTn
Num 29:1	תַעֲשׂ֑וּ	6213 a	HVqi2mp
Num 29:1	י֥וֹם	3117	HNcmsc
Num 29:1	תְּרוּעָ֖ה	8643	HNcfsa
Num 29:1	יִהְיֶ֥ה	1961	HVqi3ms
Num 29:1	לָ/כֶֽם	l	HR/Sp2mp
Num 29:2	וַ/עֲשִׂיתֶ֨ם	c/6213 a	HC/Vqq2mp
Num 29:2	עֹלָ֜ה	5930 a	HNcfsa
Num 29:2	לְ/רֵ֤יחַ	l/7381	HR/Ncmsc
Num 29:2	נִיחֹ֨חַ֙	5207	HNcmsa
Num 29:2	לַֽ/יהוָ֔ה	l/3068	HR/Np
Num 29:2	פַּ֧ר	6499	HNcmsa
Num 29:2	בֶּן	1121 a	HNcmsc
Num 29:2	בָּקָ֛ר	1241	HNcbsa
Num 29:2	אֶחָ֖ד	259	HAcmsa
Num 29:2	אַ֣יִל	352 a	HNcmsa
Num 29:2	אֶחָ֑ד	259	HAcmsa
Num 29:2	כְּבָשִׂ֧ים	3532	HNcmpa
Num 29:2	בְּנֵי	1121 a	HNcmpc
Num 29:2	שָׁנָ֛ה	8141	HNcfsa
Num 29:2	שִׁבְעָ֖ה	7651	HAcmsa
Num 29:2	תְּמִימִֽם	8549	HAampa
Num 29:3	וּ/מִנְחָתָ֔/ם	c/4503	HC/Ncfsc/Sp3mp
Num 29:3	סֹ֖לֶת	5560	HNcfsa
Num 29:3	בְּלוּלָ֣ה	1101 a	HVqsfsa
Num 29:3	בַ/שָּׁ֑מֶן	b/8081	HRd/Ncmsa
Num 29:3	שְׁלֹשָׁ֤ה	7969	HAcmsa
Num 29:3	עֶשְׂרֹנִים֙	6241	HNcmpa
Num 29:3	לַ/פָּ֔ר	l/6499	HRd/Ncmsa
Num 29:3	שְׁנֵ֥י	8147	HAcmdc
Num 29:3	עֶשְׂרֹנִ֖ים	6241	HNcmpa
Num 29:3	לָ/אָֽיִל	l/352 a	HRd/Ncmsa
Num 29:4	וְ/עִשָּׂר֣וֹן	c/6241	HC/Ncmsa
Num 29:4	אֶחָ֔ד	259	HAcmsa
Num 29:4	לַ/כֶּ֖בֶשׂ	l/3532	HRd/Ncmsa
Num 29:4	הָ/אֶחָ֑ד	d/259	HTd/Acmsa
Num 29:4	לְ/שִׁבְעַ֖ת	l/7651	HR/Acmsc
Num 29:4	הַ/כְּבָשִֽׂים	d/3532	HTd/Ncmpa
Num 29:5	וּ/שְׂעִיר	c/8163 b	HC/Ncmsc
Num 29:5	עִזִּ֥ים	5795	HNcfpa
Num 29:5	אֶחָ֖ד	259	HAcmsa
Num 29:5	חַטָּ֑את	2403 b	HNcfsa
Num 29:5	לְ/כַפֵּ֖ר	l/3722 a	HR/Vpc
Num 29:5	עֲלֵי/כֶֽם	5921 a	HR/Sp2mp
Num 29:6	מִ/לְּ/בַד֩	m/l/905	HR/R/Ncmsc
Num 29:6	עֹלַ֨ת	5930 a	HNcfsc
Num 29:6	הַ/חֹ֜דֶשׁ	d/2320	HTd/Ncmsa
Num 29:6	וּ/מִנְחָתָ֗/הּ	c/4503	HC/Ncfsc/Sp3fs
Num 29:6	וְ/עֹלַ֤ת	c/5930 a	HC/Ncfsc
Num 29:6	הַ/תָּמִיד֙	d/8548	HTd/Ncmsa
Num 29:6	וּ/מִנְחָתָ֔/הּ	c/4503	HC/Ncfsc/Sp3fs
Num 29:6	וְ/נִסְכֵּי/הֶ֖ם	c/5262	HC/Ncmpc/Sp3mp
Num 29:6	כְּ/מִשְׁפָּטָ֑/ם	k/4941	HR/Ncmsc/Sp3mp
Num 29:6	לְ/רֵ֣יחַ	l/7381	HR/Ncmsc
Num 29:6	נִיחֹ֔חַ	5207	HNcmsa
Num 29:6	אִשֶּׁ֖ה	801	HNcmsa
Num 29:6	לַ/יהוָֽה	l/3068	HR/Np
Num 29:7	וּ/בֶ/עָשׂוֹר֩	c/b/6218	HC/Rd/Ncmsa
Num 29:7	לַ/חֹ֨דֶשׁ	l/2320	HRd/Ncmsa
Num 29:7	הַ/שְּׁבִיעִ֜י	d/7637	HTd/Aomsa
Num 29:7	הַ/זֶּ֗ה	d/2088	HTd/Pdxms
Num 29:7	מִֽקְרָא	4744	HNcmsc
Num 29:7	קֹ֨דֶשׁ֙	6944	HNcmsa
Num 29:7	יִהְיֶ֣ה	1961	HVqi3ms
Num 29:7	לָ/כֶ֔ם	l	HR/Sp2mp
Num 29:7	וְ/עִנִּיתֶ֖ם	c/6031 b	HC/Vpq2mp
Num 29:7	אֶת	853	HTo
Num 29:7	נַפְשֹׁתֵי/כֶ֑ם	5315	HNcbpc/Sp2mp
Num 29:7	כָּל	3605	HNcmsc
Num 29:7	מְלָאכָ֖ה	4399	HNcfsa
Num 29:7	לֹ֥א	3808	HTn
Num 29:7	תַעֲשֽׂוּ	6213 a	HVqi2mp
Num 29:8	וְ/הִקְרַבְתֶּ֨ם	c/7126	HC/Vhq2mp
Num 29:8	עֹלָ֤ה	5930 a	HNcfsa
Num 29:8	לַֽ/יהוָה֙	l/3068	HR/Np
Num 29:8	רֵ֣יחַ	7381	HNcmsc
Num 29:8	נִיחֹ֔חַ	5207	HNcmsa
Num 29:8	פַּ֧ר	6499	HNcmsa
Num 29:8	בֶּן	1121 a	HNcmsc
Num 29:8	בָּקָ֛ר	1241	HNcbsa
Num 29:8	אֶחָ֖ד	259	HAcmsa
Num 29:8	אַ֣יִל	352 a	HNcmsa
Num 29:8	אֶחָ֑ד	259	HAcmsa
Num 29:8	כְּבָשִׂ֤ים	3532	HNcmpa
Num 29:8	בְּנֵֽי	1121 a	HNcmpc
Num 29:8	שָׁנָה֙	8141	HNcfsa
Num 29:8	שִׁבְעָ֔ה	7651	HAcmsa
Num 29:8	תְּמִימִ֖ם	8549	HAampa
Num 29:8	יִהְי֥וּ	1961	HVqi3mp
Num 29:8	לָ/כֶֽם	l	HR/Sp2mp
Num 29:9	וּ/מִנְחָתָ֔/ם	c/4503	HC/Ncfsc/Sp3mp
Num 29:9	סֹ֖לֶת	5560	HNcfsa
Num 29:9	בְּלוּלָ֣ה	1101 a	HVqsfsa
Num 29:9	בַ/שָּׁ֑מֶן	b/8081	HRd/Ncmsa
Num 29:9	שְׁלֹשָׁ֤ה	7969	HAcmsa
Num 29:9	עֶשְׂרֹנִים֙	6241	HNcmpa
Num 29:9	לַ/פָּ֔ר	l/6499	HRd/Ncmsa
Num 29:9	שְׁנֵי֙	8147	HAcmdc
Num 29:9	עֶשְׂרֹנִ֔ים	6241	HNcmpa
Num 29:9	לָ/אַ֖יִל	l/352 a	HRd/Ncmsa
Num 29:9	הָ/אֶחָֽד	d/259	HTd/Acmsa
Num 29:10	עִשָּׂרוֹן֙	6241	HNcmsa
Num 29:10	עִשָּׂר֔וֹן	6241	HNcmsa
Num 29:10	לַ/כֶּ֖בֶשׂ	l/3532	HRd/Ncmsa
Num 29:10	הָ/אֶחָ֑ד	d/259	HTd/Acmsa
Num 29:10	לְ/שִׁבְעַ֖ת	l/7651	HR/Acmsc
Num 29:10	הַ/כְּבָשִֽׂים	d/3532	HTd/Ncmpa
Num 29:11	שְׂעִיר	8163 b	HNcmsc
Num 29:11	עִזִּ֥ים	5795	HNcfpa
Num 29:11	אֶחָ֖ד	259	HAcmsa
Num 29:11	חַטָּ֑את	2403 b	HNcfsa
Num 29:11	מִ/לְּ/בַ֞ד	m/l/905	HR/R/Ncmsc
Num 29:11	חַטַּ֤את	2403 b	HNcfsc
Num 29:11	הַ/כִּפֻּרִים֙	d/3725	HTd/Ncmpa
Num 29:11	וְ/עֹלַ֣ת	c/5930 a	HC/Ncfsc
Num 29:11	הַ/תָּמִ֔יד	d/8548	HTd/Ncmsa
Num 29:11	וּ/מִנְחָתָ֖/הּ	c/4503	HC/Ncfsc/Sp3fs
Num 29:11	וְ/נִסְכֵּי/הֶֽם	c/5262	HC/Ncmpc/Sp3mp
Num 29:12	וּ/בַ/חֲמִשָּׁה֩	c/b/2568	HC/R/Acfsa
Num 29:12	עָשָׂ֨ר	6240	HAcmsa
Num 29:12	י֜וֹם	3117	HNcmsa
Num 29:12	לַ/חֹ֣דֶשׁ	l/2320	HRd/Ncmsa
Num 29:12	הַ/שְּׁבִיעִ֗י	d/7637	HTd/Aomsa
Num 29:12	מִֽקְרָא	4744	HNcmsc
Num 29:12	קֹ֨דֶשׁ֙	6944	HNcmsa
Num 29:12	יִהְיֶ֣ה	1961	HVqi3ms
Num 29:12	לָ/כֶ֔ם	l	HR/Sp2mp
Num 29:12	כָּל	3605	HNcmsc
Num 29:12	מְלֶ֥אכֶת	4399	HNcfsc
Num 29:12	עֲבֹדָ֖ה	5656	HNcfsa
Num 29:12	לֹ֣א	3808	HTn
Num 29:12	תַעֲשׂ֑וּ	6213 a	HVqi2mp
Num 29:12	וְ/חַגֹּתֶ֥ם	c/2287	HC/Vqq2mp
Num 29:12	חַ֛ג	2282	HNcmsa
Num 29:12	לַ/יהוָ֖ה	l/3068	HR/Np
Num 29:12	שִׁבְעַ֥ת	7651	HAcmsc
Num 29:12	יָמִֽים	3117	HNcmpa
Num 29:13	וְ/הִקְרַבְתֶּ֨ם	c/7126	HC/Vhq2mp
Num 29:13	עֹלָ֜ה	5930 a	HNcfsa
Num 29:13	אִשֵּׁ֨ה	801	HNcmsc
Num 29:13	רֵ֤יחַ	7381	HNcmsc
Num 29:13	נִיחֹ֨חַ֙	5207	HNcmsa
Num 29:13	לַֽ/יהוָ֔ה	l/3068	HR/Np
Num 29:13	פָּרִ֧ים	6499	HNcmpa
Num 29:13	בְּנֵי	1121 a	HNcmpc
Num 29:13	בָקָ֛ר	1241	HNcbsa
Num 29:13	שְׁלֹשָׁ֥ה	7969	HAcmsa
Num 29:13	עָשָׂ֖ר	6240	HAcmsa
Num 29:13	אֵילִ֣ם	352 a	HNcmpa
Num 29:13	שְׁנָ֑יִם	8147	HAcmda
Num 29:13	כְּבָשִׂ֧ים	3532	HNcmpa
Num 29:13	בְּנֵֽי	1121 a	HNcmpc
Num 29:13	שָׁנָ֛ה	8141	HNcfsa
Num 29:13	אַרְבָּעָ֥ה	702	HAcmsa
Num 29:13	עָשָׂ֖ר	6240	HAcmsa
Num 29:13	תְּמִימִ֥ם	8549	HAampa
Num 29:13	יִהְיֽוּ	1961	HVqi3mp
Num 29:14	וּ/מִנְחָתָ֔/ם	c/4503	HC/Ncfsc/Sp3mp
Num 29:14	סֹ֖לֶת	5560	HNcfsa
Num 29:14	בְּלוּלָ֣ה	1101 a	HVqsfsa
Num 29:14	בַ/שָּׁ֑מֶן	b/8081	HRd/Ncmsa
Num 29:14	שְׁלֹשָׁ֨ה	7969	HAcmsa
Num 29:14	עֶשְׂרֹנִ֜ים	6241	HNcmpa
Num 29:14	לַ/פָּ֣ר	l/6499	HRd/Ncmsa
Num 29:14	הָֽ/אֶחָ֗ד	d/259	HTd/Acmsa
Num 29:14	לִ/שְׁלֹשָׁ֤ה	l/7969	HR/Acmsa
Num 29:14	עָשָׂר֙	6240	HAcmsa
Num 29:14	פָּרִ֔ים	6499	HNcmpa
Num 29:14	שְׁנֵ֤י	8147	HAcmdc
Num 29:14	עֶשְׂרֹנִים֙	6241	HNcmpa
Num 29:14	לָ/אַ֣יִל	l/352 a	HRd/Ncmsa
Num 29:14	הָֽ/אֶחָ֔ד	d/259	HTd/Acmsa
Num 29:14	לִ/שְׁנֵ֖י	l/8147	HR/Acmdc
Num 29:14	הָ/אֵילִֽם	d/352 a	HTd/Ncmpa
Num 29:15	וְ/עִשָּׂרׄוֹן֙	c/6241	HC/Ncmsa
Num 29:15	עִשָּׂר֔וֹן	6241	HNcmsa
Num 29:15	לַ/כֶּ֖בֶשׂ	l/3532	HRd/Ncmsa
Num 29:15	הָ/אֶחָ֑ד	d/259	HTd/Acmsa
Num 29:15	לְ/אַרְבָּעָ֥ה	l/702	HR/Acmsa
Num 29:15	עָשָׂ֖ר	6240	HAcmsa
Num 29:15	כְּבָשִֽׂים	3532	HNcmpa
Num 29:16	וּ/שְׂעִיר	c/8163 b	HC/Ncmsc
Num 29:16	עִזִּ֥ים	5795	HNcfpa
Num 29:16	אֶחָ֖ד	259	HAcmsa
Num 29:16	חַטָּ֑את	2403 b	HNcfsa
Num 29:16	מִ/לְּ/בַד֙	m/l/905	HR/R/Ncmsc
Num 29:16	עֹלַ֣ת	5930 a	HNcfsc
Num 29:16	הַ/תָּמִ֔יד	d/8548	HTd/Ncmsa
Num 29:16	מִנְחָתָ֖/הּ	4503	HNcfsc/Sp3fs
Num 29:16	וְ/נִסְכָּֽ/הּ	c/5262	HC/Ncmsc/Sp3fs
Num 29:17	וּ/בַ/יּ֣וֹם	c/b/3117	HC/Rd/Ncmsa
Num 29:17	הַ/שֵּׁנִ֗י	d/8145	HTd/Aomsa
Num 29:17	פָּרִ֧ים	6499	HNcmpa
Num 29:17	בְּנֵי	1121 a	HNcmpc
Num 29:17	בָקָ֛ר	1241	HNcbsa
Num 29:17	שְׁנֵ֥ים	8147	HAcmda
Num 29:17	עָשָׂ֖ר	6240	HAcmsa
Num 29:17	אֵילִ֣ם	352 a	HNcmpa
Num 29:17	שְׁנָ֑יִם	8147	HAcmda
Num 29:17	כְּבָשִׂ֧ים	3532	HNcmpa
Num 29:17	בְּנֵי	1121 a	HNcmpc
Num 29:17	שָׁנָ֛ה	8141	HNcfsa
Num 29:17	אַרְבָּעָ֥ה	702	HAcmsa
Num 29:17	עָשָׂ֖ר	6240	HAcmsa
Num 29:17	תְּמִימִֽם	8549	HAampa
Num 29:18	וּ/מִנְחָתָ֣/ם	c/4503	HC/Ncfsc/Sp3mp
Num 29:18	וְ/נִסְכֵּי/הֶ֡ם	c/5262	HC/Ncmpc/Sp3mp
Num 29:18	לַ֠/פָּרִים	l/6499	HRd/Ncmpa
Num 29:18	לָ/אֵילִ֧ם	l/352 a	HRd/Ncmpa
Num 29:18	וְ/לַ/כְּבָשִׂ֛ים	c/l/3532	HC/Rd/Ncmpa
Num 29:18	בְּ/מִסְפָּרָ֖/ם	b/4557	HR/Ncmsc/Sp3mp
Num 29:18	כַּ/מִּשְׁפָּֽט	k/4941	HRd/Ncmsa
Num 29:19	וּ/שְׂעִיר	c/8163 b	HC/Ncmsc
Num 29:19	עִזִּ֥ים	5795	HNcfpa
Num 29:19	אֶחָ֖ד	259	HAcmsa
Num 29:19	חַטָּ֑את	2403 b	HNcfsa
Num 29:19	מִ/לְּ/בַד֙	m/l/905	HR/R/Ncmsc
Num 29:19	עֹלַ֣ת	5930 a	HNcfsc
Num 29:19	הַ/תָּמִ֔יד	d/8548	HTd/Ncmsa
Num 29:19	וּ/מִנְחָתָ֖/הּ	c/4503	HC/Ncfsc/Sp3fs
Num 29:19	וְ/נִסְכֵּי/הֶֽם	c/5262	HC/Ncmpc/Sp3mp
Num 29:20	וּ/בַ/יּ֧וֹם	c/b/3117	HC/Rd/Ncmsa
Num 29:20	הַ/שְּׁלִישִׁ֛י	d/7992	HTd/Aomsa
Num 29:20	פָּרִ֥ים	6499	HNcmpa
Num 29:20	עַשְׁתֵּי	6249	HAobpc
Num 29:20	עָשָׂ֖ר	6240	HAcmsa
Num 29:20	אֵילִ֣ם	352 a	HNcmpa
Num 29:20	שְׁנָ֑יִם	8147	HAcmda
Num 29:20	כְּבָשִׂ֧ים	3532	HNcmpa
Num 29:20	בְּנֵי	1121 a	HNcmpc
Num 29:20	שָׁנָ֛ה	8141	HNcfsa
Num 29:20	אַרְבָּעָ֥ה	702	HAcmsa
Num 29:20	עָשָׂ֖ר	6240	HAcmsa
Num 29:20	תְּמִימִֽם	8549	HAampa
Num 29:21	וּ/מִנְחָתָ֣/ם	c/4503	HC/Ncfsc/Sp3mp
Num 29:21	וְ/נִסְכֵּי/הֶ֡ם	c/5262	HC/Ncmpc/Sp3mp
Num 29:21	לַ֠/פָּרִים	l/6499	HRd/Ncmpa
Num 29:21	לָ/אֵילִ֧ם	l/352 a	HRd/Ncmpa
Num 29:21	וְ/לַ/כְּבָשִׂ֛ים	c/l/3532	HC/Rd/Ncmpa
Num 29:21	בְּ/מִסְפָּרָ֖/ם	b/4557	HR/Ncmsc/Sp3mp
Num 29:21	כַּ/מִּשְׁפָּֽט	k/4941	HRd/Ncmsa
Num 29:22	וּ/שְׂעִ֥יר	c/8163 b	HC/Ncmsc
Num 29:22	חַטָּ֖את	2403 b	HNcfsa
Num 29:22	אֶחָ֑ד	259	HAcmsa
Num 29:22	מִ/לְּ/בַד֙	m/l/905	HR/R/Ncmsc
Num 29:22	עֹלַ֣ת	5930 a	HNcfsc
Num 29:22	הַ/תָּמִ֔יד	d/8548	HTd/Ncmsa
Num 29:22	וּ/מִנְחָתָ֖/הּ	c/4503	HC/Ncfsc/Sp3fs
Num 29:22	וְ/נִסְכָּֽ/הּ	c/5262	HC/Ncmsc/Sp3fs
Num 29:23	וּ/בַ/יּ֧וֹם	c/b/3117	HC/Rd/Ncmsa
Num 29:23	הָ/רְבִיעִ֛י	d/7243	HTd/Aomsa
Num 29:23	פָּרִ֥ים	6499	HNcmpa
Num 29:23	עֲשָׂרָ֖ה	6235	HAcmsa
Num 29:23	אֵילִ֣ם	352 a	HNcmpa
Num 29:23	שְׁנָ֑יִם	8147	HAcmda
Num 29:23	כְּבָשִׂ֧ים	3532	HNcmpa
Num 29:23	בְּנֵֽי	1121 a	HNcmpc
Num 29:23	שָׁנָ֛ה	8141	HNcfsa
Num 29:23	אַרְבָּעָ֥ה	702	HAcmsa
Num 29:23	עָשָׂ֖ר	6240	HAcmsa
Num 29:23	תְּמִימִֽם	8549	HAampa
Num 29:24	מִנְחָתָ֣/ם	4503	HNcfsc/Sp3mp
Num 29:24	וְ/נִסְכֵּי/הֶ֡ם	c/5262	HC/Ncmpc/Sp3mp
Num 29:24	לַ֠/פָּרִים	l/6499	HRd/Ncmpa
Num 29:24	לָ/אֵילִ֧ם	l/352 a	HRd/Ncmpa
Num 29:24	וְ/לַ/כְּבָשִׂ֛ים	c/l/3532	HC/Rd/Ncmpa
Num 29:24	בְּ/מִסְפָּרָ֖/ם	b/4557	HR/Ncmsc/Sp3mp
Num 29:24	כַּ/מִּשְׁפָּֽט	k/4941	HRd/Ncmsa
Num 29:25	וּ/שְׂעִיר	c/8163 b	HC/Ncmsc
Num 29:25	עִזִּ֥ים	5795	HNcfpa
Num 29:25	אֶחָ֖ד	259	HAcmsa
Num 29:25	חַטָּ֑את	2403 b	HNcfsa
Num 29:25	מִ/לְּ/בַד֙	m/l/905	HR/R/Ncmsc
Num 29:25	עֹלַ֣ת	5930 a	HNcfsc
Num 29:25	הַ/תָּמִ֔יד	d/8548	HTd/Ncmsa
Num 29:25	מִנְחָתָ֖/הּ	4503	HNcfsc/Sp3fs
Num 29:25	וְ/נִסְכָּֽ/הּ	c/5262	HC/Ncmsc/Sp3fs
Num 29:26	וּ/בַ/יּ֧וֹם	c/b/3117	HC/Rd/Ncmsa
Num 29:26	הַ/חֲמִישִׁ֛י	d/2549	HTd/Aomsa
Num 29:26	פָּרִ֥ים	6499	HNcmpa
Num 29:26	תִּשְׁעָ֖ה	8672	HAcmsa
Num 29:26	אֵילִ֣ם	352 a	HNcmpa
Num 29:26	שְׁנָ֑יִם	8147	HAcmda
Num 29:26	כְּבָשִׂ֧ים	3532	HNcmpa
Num 29:26	בְּנֵֽי	1121 a	HNcmpc
Num 29:26	שָׁנָ֛ה	8141	HNcfsa
Num 29:26	אַרְבָּעָ֥ה	702	HAcmsa
Num 29:26	עָשָׂ֖ר	6240	HAcmsa
Num 29:26	תְּמִימִֽם	8549	HAampa
Num 29:27	וּ/מִנְחָתָ֣/ם	c/4503	HC/Ncfsc/Sp3mp
Num 29:27	וְ/נִסְכֵּי/הֶ֡ם	c/5262	HC/Ncmpc/Sp3mp
Num 29:27	לַ֠/פָּרִים	l/6499	HRd/Ncmpa
Num 29:27	לָ/אֵילִ֧ם	l/352 a	HRd/Ncmpa
Num 29:27	וְ/לַ/כְּבָשִׂ֛ים	c/l/3532	HC/Rd/Ncmpa
Num 29:27	בְּ/מִסְפָּרָ֖/ם	b/4557	HR/Ncmsc/Sp3mp
Num 29:27	כַּ/מִּשְׁפָּֽט	k/4941	HRd/Ncmsa
Num 29:28	וּ/שְׂעִ֥יר	c/8163 b	HC/Ncmsc
Num 29:28	חַטָּ֖את	2403 b	HNcfsa
Num 29:28	אֶחָ֑ד	259	HAcmsa
Num 29:28	מִ/לְּ/בַד֙	m/l/905	HR/R/Ncmsc
Num 29:28	עֹלַ֣ת	5930 a	HNcfsc
Num 29:28	הַ/תָּמִ֔יד	d/8548	HTd/Ncmsa
Num 29:28	וּ/מִנְחָתָ֖/הּ	c/4503	HC/Ncfsc/Sp3fs
Num 29:28	וְ/נִסְכָּֽ/הּ	c/5262	HC/Ncmsc/Sp3fs
Num 29:29	וּ/בַ/יּ֧וֹם	c/b/3117	HC/Rd/Ncmsa
Num 29:29	הַ/שִּׁשִּׁ֛י	d/8345	HTd/Aomsa
Num 29:29	פָּרִ֥ים	6499	HNcmpa
Num 29:29	שְׁמֹנָ֖ה	8083	HAcmsa
Num 29:29	אֵילִ֣ם	352 a	HNcmpa
Num 29:29	שְׁנָ֑יִם	8147	HAcmda
Num 29:29	כְּבָשִׂ֧ים	3532	HNcmpa
Num 29:29	בְּנֵי	1121 a	HNcmpc
Num 29:29	שָׁנָ֛ה	8141	HNcfsa
Num 29:29	אַרְבָּעָ֥ה	702	HAcmsa
Num 29:29	עָשָׂ֖ר	6240	HAcmsa
Num 29:29	תְּמִימִֽם	8549	HAampa
Num 29:30	וּ/מִנְחָתָ֣/ם	c/4503	HC/Ncfsc/Sp3mp
Num 29:30	וְ/נִסְכֵּי/הֶ֡ם	c/5262	HC/Ncmpc/Sp3mp
Num 29:30	לַ֠/פָּרִים	l/6499	HRd/Ncmpa
Num 29:30	לָ/אֵילִ֧ם	l/352 a	HRd/Ncmpa
Num 29:30	וְ/לַ/כְּבָשִׂ֛ים	c/l/3532	HC/Rd/Ncmpa
Num 29:30	בְּ/מִסְפָּרָ֖/ם	b/4557	HR/Ncmsc/Sp3mp
Num 29:30	כַּ/מִּשְׁפָּֽט	k/4941	HRd/Ncmsa
Num 29:31	וּ/שְׂעִ֥יר	c/8163 b	HC/Ncmsc
Num 29:31	חַטָּ֖את	2403 b	HNcfsa
Num 29:31	אֶחָ֑ד	259	HAcmsa
Num 29:31	מִ/לְּ/בַד֙	m/l/905	HR/R/Ncmsc
Num 29:31	עֹלַ֣ת	5930 a	HNcfsc
Num 29:31	הַ/תָּמִ֔יד	d/8548	HTd/Ncmsa
Num 29:31	מִנְחָתָ֖/הּ	4503	HNcfsc/Sp3fs
Num 29:31	וּ/נְסָכֶֽי/הָ	c/5262	HC/Ncmpc/Sp3fs
Num 29:32	וּ/בַ/יּ֧וֹם	c/b/3117	HC/Rd/Ncmsa
Num 29:32	הַ/שְּׁבִיעִ֛י	d/7637	HTd/Aomsa
Num 29:32	פָּרִ֥ים	6499	HNcmpa
Num 29:32	שִׁבְעָ֖ה	7651	HAcmsa
Num 29:32	אֵילִ֣ם	352 a	HNcmpa
Num 29:32	שְׁנָ֑יִם	8147	HAcmda
Num 29:32	כְּבָשִׂ֧ים	3532	HNcmpa
Num 29:32	בְּנֵי	1121 a	HNcmpc
Num 29:32	שָׁנָ֛ה	8141	HNcfsa
Num 29:32	אַרְבָּעָ֥ה	702	HAcmsa
Num 29:32	עָשָׂ֖ר	6240	HAcmsa
Num 29:32	תְּמִימִֽם	8549	HAampa
Num 29:33	וּ/מִנְחָתָ֣/ם	c/4503	HC/Ncfsc/Sp3mp
Num 29:33	וְ/נִסְכֵּ/הֶ֡ם	c/5262	HC/Ncmpc/Sp3mp
Num 29:33	לַ֠/פָּרִים	l/6499	HRd/Ncmpa
Num 29:33	לָ/אֵילִ֧ם	l/352 a	HRd/Ncmpa
Num 29:33	וְ/לַ/כְּבָשִׂ֛ים	c/l/3532	HC/Rd/Ncmpa
Num 29:33	בְּ/מִסְפָּרָ֖/ם	b/4557	HR/Ncmsc/Sp3mp
Num 29:33	כְּ/מִשְׁפָּטָֽ/ם	k/4941	HR/Ncmsc/Sp3mp
Num 29:34	וּ/שְׂעִ֥יר	c/8163 b	HC/Ncmsc
Num 29:34	חַטָּ֖את	2403 b	HNcfsa
Num 29:34	אֶחָ֑ד	259	HAcmsa
Num 29:34	מִ/לְּ/בַד֙	m/l/905	HR/R/Ncmsc
Num 29:34	עֹלַ֣ת	5930 a	HNcfsc
Num 29:34	הַ/תָּמִ֔יד	d/8548	HTd/Ncmsa
Num 29:34	מִנְחָתָ֖/הּ	4503	HNcfsc/Sp3fs
Num 29:34	וְ/נִסְכָּֽ/הּ	c/5262	HC/Ncmsc/Sp3fs
Num 29:35	בַּ/יּוֹם֙	b/3117	HRd/Ncmsa
Num 29:35	הַ/שְּׁמִינִ֔י	d/8066	HTd/Aomsa
Num 29:35	עֲצֶ֖רֶת	6116	HNcfsa
Num 29:35	תִּהְיֶ֣ה	1961	HVqi3fs
Num 29:35	לָ/כֶ֑ם	l	HR/Sp2mp
Num 29:35	כָּל	3605	HNcmsc
Num 29:35	מְלֶ֥אכֶת	4399	HNcfsc
Num 29:35	עֲבֹדָ֖ה	5656	HNcfsa
Num 29:35	לֹ֥א	3808	HTn
Num 29:35	תַעֲשֽׂוּ	6213 a	HVqi2mp
Num 29:36	וְ/הִקְרַבְתֶּ֨ם	c/7126	HC/Vhq2mp
Num 29:36	עֹלָ֜ה	5930 a	HNcfsa
Num 29:36	אִשֵּׁ֨ה	801	HNcmsc
Num 29:36	רֵ֤יחַ	7381	HNcmsc
Num 29:36	נִיחֹ֨חַ֙	5207	HNcmsa
Num 29:36	לַֽ/יהוָ֔ה	l/3068	HR/Np
Num 29:36	פַּ֥ר	6499	HNcmsa
Num 29:36	אֶחָ֖ד	259	HAcmsa
Num 29:36	אַ֣יִל	352 a	HNcmsa
Num 29:36	אֶחָ֑ד	259	HAcmsa
Num 29:36	כְּבָשִׂ֧ים	3532	HNcmpa
Num 29:36	בְּנֵי	1121 a	HNcmpc
Num 29:36	שָׁנָ֛ה	8141	HNcfsa
Num 29:36	שִׁבְעָ֖ה	7651	HAcmsa
Num 29:36	תְּמִימִֽם	8549	HAampa
Num 29:37	מִנְחָתָ֣/ם	4503	HNcfsc/Sp3mp
Num 29:37	וְ/נִסְכֵּי/הֶ֗ם	c/5262	HC/Ncmpc/Sp3mp
Num 29:37	לַ/פָּ֨ר	l/6499	HRd/Ncmsa
Num 29:37	לָ/אַ֧יִל	l/352 a	HRd/Ncmsa
Num 29:37	וְ/לַ/כְּבָשִׂ֛ים	c/l/3532	HC/Rd/Ncmpa
Num 29:37	בְּ/מִסְפָּרָ֖/ם	b/4557	HR/Ncmsc/Sp3mp
Num 29:37	כַּ/מִּשְׁפָּֽט	k/4941	HRd/Ncmsa
Num 29:38	וּ/שְׂעִ֥יר	c/8163 b	HC/Ncmsc
Num 29:38	חַטָּ֖את	2403 b	HNcfsa
Num 29:38	אֶחָ֑ד	259	HAcmsa
Num 29:38	מִ/לְּ/בַד֙	m/l/905	HR/R/Ncmsc
Num 29:38	עֹלַ֣ת	5930 a	HNcfsc
Num 29:38	הַ/תָּמִ֔יד	d/8548	HTd/Ncmsa
Num 29:38	וּ/מִנְחָתָ֖/הּ	c/4503	HC/Ncfsc/Sp3fs
Num 29:38	וְ/נִסְכָּֽ/הּ	c/5262	HC/Ncmsc/Sp3fs
Num 29:39	אֵ֛לֶּה	428	HPdxcp
Num 29:39	תַּעֲשׂ֥וּ	6213 a	HVqi2mp
Num 29:39	לַ/יהוָ֖ה	l/3068	HR/Np
Num 29:39	בְּ/מוֹעֲדֵי/כֶ֑ם	b/4150	HR/Ncmpc/Sp2mp
Num 29:39	לְ/בַ֨ד	l/905	HR/Ncmsa
Num 29:39	מִ/נִּדְרֵי/כֶ֜ם	m/5088	HR/Ncmpc/Sp2mp
Num 29:39	וְ/נִדְבֹתֵי/כֶ֗ם	c/5071	HC/Ncfpc/Sp2mp
Num 29:39	לְ/עֹלֹֽתֵי/כֶם֙	l/5930 a	HR/Ncfpc/Sp2mp
Num 29:39	וּ/לְ/מִנְחֹ֣תֵי/כֶ֔ם	c/l/4503	HC/R/Ncfpc/Sp2mp
Num 29:39	וּ/לְ/נִסְכֵּי/כֶ֖ם	c/l/5262	HC/R/Ncmpc/Sp2mp
Num 29:39	וּ/לְ/שַׁלְמֵי/כֶֽם	c/l/8002	HC/R/Ncmpc/Sp2mp
Num 30:1	וַ/יֹּ֥אמֶר	c/559	HC/Vqw3ms
Num 30:1	מֹשֶׁ֖ה	4872	HNp
Num 30:1	אֶל	413	HR
Num 30:1	בְּנֵ֣י	1121 a	HNcmpc
Num 30:1	יִשְׂרָאֵ֑ל	3478	HNp
Num 30:1	כְּ/כֹ֛ל	k/3605	HR/Ncmsa
Num 30:1	אֲשֶׁר	834 a	HTr
Num 30:1	צִוָּ֥ה	6680	HVpp3ms
Num 30:1	יְהוָ֖ה	3068	HNp
Num 30:1	אֶת	853	HTo
Num 30:1	מֹשֶֽׁה	4872	HNp
Num 30:2	וַ/יְדַבֵּ֤ר	c/1696	HC/Vpw3ms
Num 30:2	מֹשֶׁה֙	4872	HNp
Num 30:2	אֶל	413	HR
Num 30:2	רָאשֵׁ֣י	7218 a	HNcmpc
Num 30:2	הַ/מַּטּ֔וֹת	d/4294	HTd/Ncmpa
Num 30:2	לִ/בְנֵ֥י	l/1121 a	HR/Ncmpc
Num 30:2	יִשְׂרָאֵ֖ל	3478	HNp
Num 30:2	לֵ/אמֹ֑ר	l/559	HR/Vqc
Num 30:2	זֶ֣ה	2088	HPdxms
Num 30:2	הַ/דָּבָ֔ר	d/1697	HTd/Ncmsa
Num 30:2	אֲשֶׁ֖ר	834 a	HTr
Num 30:2	צִוָּ֥ה	6680	HVpp3ms
Num 30:2	יְהוָֽה	3068	HNp
Num 30:3	אִישׁ֩	376	HNcmsa
Num 30:3	כִּֽי	3588 a	HC
Num 30:3	יִדֹּ֨ר	5087	HVqi3ms
Num 30:3	נֶ֜דֶר	5088	HNcmsa
Num 30:3	לַֽ/יהוָ֗ה	l/3068	HR/Np
Num 30:3	אֽוֹ	176 a	HC
Num 30:3	הִשָּׁ֤בַע	7650	HVNa
Num 30:3	שְׁבֻעָה֙	7621	HNcfsa
Num 30:3	לֶ/אְסֹ֤ר	l/631	HR/Vqc
Num 30:3	אִסָּר֙	632	HNcmsa
Num 30:3	עַל	5921 a	HR
Num 30:3	נַפְשׁ֔/וֹ	5315	HNcbsc/Sp3ms
Num 30:3	לֹ֥א	3808	HTn
Num 30:3	יַחֵ֖ל	2490 c	HVhi3ms
Num 30:3	דְּבָר֑/וֹ	1697	HNcmsc/Sp3ms
Num 30:3	כְּ/כָל	k/3605	HR/Ncmsc
Num 30:3	הַ/יֹּצֵ֥א	d/3318	HTd/Vqrmsa
Num 30:3	מִ/פִּ֖י/ו	m/6310	HR/Ncmsc/Sp3ms
Num 30:3	יַעֲשֶֽׂה	6213 a	HVqi3ms
Num 30:4	וְ/אִשָּׁ֕ה	c/802	HC/Ncfsa
Num 30:4	כִּֽי	3588 a	HC
Num 30:4	תִדֹּ֥ר	5087	HVqi3fs
Num 30:4	נֶ֖דֶר	5088	HNcmsa
Num 30:4	לַ/יהוָ֑ה	l/3068	HR/Np
Num 30:4	וְ/אָסְרָ֥ה	c/631	HC/Vqq3fs
Num 30:4	אִסָּ֛ר	632	HNcmsa
Num 30:4	בְּ/בֵ֥ית	b/1004 b	HR/Ncmsc
Num 30:4	אָבִ֖י/הָ	1	HNcmsc/Sp3fs
Num 30:4	בִּ/נְעֻרֶֽי/הָ	b/5271 a	HR/Ncbpc/Sp3fs
Num 30:5	וְ/שָׁמַ֨ע	c/8085	HC/Vqq3ms
Num 30:5	אָבִ֜י/הָ	1	HNcmsc/Sp3fs
Num 30:5	אֶת	853	HTo
Num 30:5	נִדְרָ֗/הּ	5088	HNcmsc/Sp3fs
Num 30:5	וֶֽ/אֱסָרָ/הּ֙	c/632	HC/Ncmsc/Sp3fs
Num 30:5	אֲשֶׁ֣ר	834 a	HTr
Num 30:5	אָֽסְרָ֣ה	631	HVqp3fs
Num 30:5	עַל	5921 a	HR
Num 30:5	נַפְשָׁ֔/הּ	5315	HNcbsc/Sp3fs
Num 30:5	וְ/הֶחֱרִ֥ישׁ	c/2790 b	HC/Vhq3ms
Num 30:5	לָ֖/הּ	l	HR/Sp3fs
Num 30:5	אָבִ֑י/הָ	1	HNcmsc/Sp3fs
Num 30:5	וְ/קָ֨מוּ֙	c/6965 b	HC/Vqq3cp
Num 30:5	כָּל	3605	HNcmsc
Num 30:5	נְדָרֶ֔י/הָ	5088	HNcmpc/Sp3fs
Num 30:5	וְ/כָל	c/3605	HC/Ncmsc
Num 30:5	אִסָּ֛ר	632	HNcmsa
Num 30:5	אֲשֶׁר	834 a	HTr
Num 30:5	אָסְרָ֥ה	631	HVqp3fs
Num 30:5	עַל	5921 a	HR
Num 30:5	נַפְשָׁ֖/הּ	5315	HNcbsc/Sp3fs
Num 30:5	יָקֽוּם	6965 b	HVqi3ms
Num 30:6	וְ/אִם	c/518 a	HC/C
Num 30:6	הֵנִ֨יא	5106	HVhp3ms
Num 30:6	אָבִ֣י/הָ	1	HNcmsc/Sp3fs
Num 30:6	אֹתָ/הּ֮	853	HTo/Sp3fs
Num 30:6	בְּ/י֣וֹם	b/3117	HR/Ncmsc
Num 30:6	שָׁמְע/וֹ֒	8085	HVqc/Sp3ms
Num 30:6	כָּל	3605	HNcmsc
Num 30:6	נְדָרֶ֗י/הָ	5088	HNcmpc/Sp3fs
Num 30:6	וֶֽ/אֱסָרֶ֛י/הָ	c/632	HC/Ncmpc/Sp3fs
Num 30:6	אֲשֶׁר	834 a	HTr
Num 30:6	אָסְרָ֥ה	631	HVqp3fs
Num 30:6	עַל	5921 a	HR
Num 30:6	נַפְשָׁ֖/הּ	5315	HNcbsc/Sp3fs
Num 30:6	לֹ֣א	3808	HTn
Num 30:6	יָק֑וּם	6965 b	HVqi3ms
Num 30:6	וַֽ/יהוָה֙	c/3068	HC/Np
Num 30:6	יִֽסְלַח	5545	HVqi3ms
Num 30:6	לָ֔/הּ	l	HR/Sp3fs
Num 30:6	כִּי	3588 a	HC
Num 30:6	הֵנִ֥יא	5106	HVhp3ms
Num 30:6	אָבִ֖י/הָ	1	HNcmsc/Sp3fs
Num 30:6	אֹתָֽ/הּ	853	HTo/Sp3fs
Num 30:7	וְ/אִם	c/518 a	HC/C
Num 30:7	הָי֤וֹ	1961	HVqa
Num 30:7	תִֽהְיֶה֙	1961	HVqi3fs
Num 30:7	לְ/אִ֔ישׁ	l/376	HR/Ncmsa
Num 30:7	וּ/נְדָרֶ֖י/הָ	c/5088	HC/Ncmpc/Sp3fs
Num 30:7	עָלֶ֑י/הָ	5921 a	HR/Sp3fs
Num 30:7	א֚וֹ	176 a	HC
Num 30:7	מִבְטָ֣א	4008	HNcmsc
Num 30:7	שְׂפָתֶ֔י/הָ	8193	HNcfdc/Sp3fs
Num 30:7	אֲשֶׁ֥ר	834 a	HTr
Num 30:7	אָסְרָ֖ה	631	HVqp3fs
Num 30:7	עַל	5921 a	HR
Num 30:7	נַפְשָֽׁ/הּ	5315	HNcbsc/Sp3fs
Num 30:8	וְ/שָׁמַ֥ע	c/8085	HC/Vqq3ms
Num 30:8	אִישָׁ֛/הּ	376	HNcmsc/Sp3fs
Num 30:8	בְּ/י֥וֹם	b/3117	HR/Ncmsc
Num 30:8	שָׁמְע֖/וֹ	8085	HVqc/Sp3ms
Num 30:8	וְ/הֶחֱרִ֣ישׁ	c/2790 b	HC/Vhq3ms
Num 30:8	לָ֑/הּ	l	HR/Sp3fs
Num 30:8	וְ/קָ֣מוּ	c/6965 b	HC/Vqq3cp
Num 30:8	נְדָרֶ֗י/הָ	5088	HNcmpc/Sp3fs
Num 30:8	וֶֽ/אֱסָרֶ֛/הָ	c/632	HC/Ncmpc/Sp3fs
Num 30:8	אֲשֶׁר	834 a	HTr
Num 30:8	אָסְרָ֥ה	631	HVqp3fs
Num 30:8	עַל	5921 a	HR
Num 30:8	נַפְשָׁ֖/הּ	5315	HNcbsc/Sp3fs
Num 30:8	יָקֻֽמוּ	6965 b	HVqi3mp
Num 30:9	וְ֠/אִם	c/518 a	HC/C
Num 30:9	בְּ/י֨וֹם	b/3117	HR/Ncmsc
Num 30:9	שְׁמֹ֣עַ	8085	HVqc
Num 30:9	אִישָׁ/הּ֮	376	HNcmsc/Sp3fs
Num 30:9	יָנִ֣יא	5106	HVhi3ms
Num 30:9	אוֹתָ/הּ֒	853	HTo/Sp3fs
Num 30:9	וְ/הֵפֵ֗ר	c/6565 a	HC/Vhq3ms
Num 30:9	אֶת	853	HTo
Num 30:9	נִדְרָ/הּ֙	5088	HNcmsc/Sp3fs
Num 30:9	אֲשֶׁ֣ר	834 a	HTr
Num 30:9	עָלֶ֔י/הָ	5921 a	HR/Sp3fs
Num 30:9	וְ/אֵת֙	c/853	HC/To
Num 30:9	מִבְטָ֣א	4008	HNcmsc
Num 30:9	שְׂפָתֶ֔י/הָ	8193	HNcfdc/Sp3fs
Num 30:9	אֲשֶׁ֥ר	834 a	HTr
Num 30:9	אָסְרָ֖ה	631	HVqp3fs
Num 30:9	עַל	5921 a	HR
Num 30:9	נַפְשָׁ֑/הּ	5315	HNcbsc/Sp3fs
Num 30:9	וַ/יהוָ֖ה	c/3068	HC/Np
Num 30:9	יִֽסְלַֽח	5545	HVqi3ms
Num 30:9	לָֽ/הּ	l	HR/Sp3fs
Num 30:10	וְ/נֵ֥דֶר	c/5088	HC/Ncmsc
Num 30:10	אַלְמָנָ֖ה	490	HNcfsa
Num 30:10	וּ/גְרוּשָׁ֑ה	c/1644	HC/Vqsfsa
Num 30:10	כֹּ֛ל	3605	HNcmsa
Num 30:10	אֲשֶׁר	834 a	HTr
Num 30:10	אָסְרָ֥ה	631	HVqp3fs
Num 30:10	עַל	5921 a	HR
Num 30:10	נַפְשָׁ֖/הּ	5315	HNcbsc/Sp3fs
Num 30:10	יָק֥וּם	6965 b	HVqi3ms
Num 30:10	עָלֶֽי/הָ	5921 a	HR/Sp3fs
Num 30:11	וְ/אִם	c/518 a	HC/C
Num 30:11	בֵּ֥ית	1004 b	HNcmsc
Num 30:11	אִישָׁ֖/הּ	376	HNcmsc/Sp3fs
Num 30:11	נָדָ֑רָה	5087	HVqp3fs
Num 30:11	אֽוֹ	176 a	HC
Num 30:11	אָסְרָ֥ה	631	HVqp3fs
Num 30:11	אִסָּ֛ר	632	HNcmsa
Num 30:11	עַל	5921 a	HR
Num 30:11	נַפְשָׁ֖/הּ	5315	HNcbsc/Sp3fs
Num 30:11	בִּ/שְׁבֻעָֽה	b/7621	HR/Ncfsa
Num 30:12	וְ/שָׁמַ֤ע	c/8085	HC/Vqq3ms
Num 30:12	אִישָׁ/הּ֙	376	HNcmsc/Sp3fs
Num 30:12	וְ/הֶחֱרִ֣שׁ	c/2790 b	HC/Vhq3ms
Num 30:12	לָ֔/הּ	l	HR/Sp3fs
Num 30:12	לֹ֥א	3808	HTn
Num 30:12	הֵנִ֖יא	5106	HVhp3ms
Num 30:12	אֹתָ֑/הּ	853	HTo/Sp3fs
Num 30:12	וְ/קָ֨מוּ֙	c/6965 b	HC/Vqq3cp
Num 30:12	כָּל	3605	HNcmsc
Num 30:12	נְדָרֶ֔י/הָ	5088	HNcmpc/Sp3fs
Num 30:12	וְ/כָל	c/3605	HC/Ncmsc
Num 30:12	אִסָּ֛ר	632	HNcmsa
Num 30:12	אֲשֶׁר	834 a	HTr
Num 30:12	אָסְרָ֥ה	631	HVqp3fs
Num 30:12	עַל	5921 a	HR
Num 30:12	נַפְשָׁ֖/הּ	5315	HNcbsc/Sp3fs
Num 30:12	יָקֽוּם	6965 b	HVqi3ms
Num 30:13	וְ/אִם	c/518 a	HC/C
Num 30:13	הָפֵר֩	6565 a	HVha
Num 30:13	יָפֵ֨ר	6565 a	HVhi3ms
Num 30:13	אֹתָ֥/ם	853	HTo/Sp3mp
Num 30:13	אִישָׁ/הּ֮	376	HNcmsc/Sp3fs
Num 30:13	בְּ/י֣וֹם	b/3117	HR/Ncmsc
Num 30:13	שָׁמְע/וֹ֒	8085	HVqc/Sp3ms
Num 30:13	כָּל	3605	HNcmsc
Num 30:13	מוֹצָ֨א	4161	HNcmsc
Num 30:13	שְׂפָתֶ֧י/הָ	8193	HNcfdc/Sp3fs
Num 30:13	לִ/נְדָרֶ֛י/הָ	l/5088	HR/Ncmpc/Sp3fs
Num 30:13	וּ/לְ/אִסַּ֥ר	c/l/632	HC/R/Ncmsc
Num 30:13	נַפְשָׁ֖/הּ	5315	HNcbsc/Sp3fs
Num 30:13	לֹ֣א	3808	HTn
Num 30:13	יָק֑וּם	6965 b	HVqi3ms
Num 30:13	אִישָׁ֣/הּ	376	HNcmsc/Sp3fs
Num 30:13	הֲפֵרָ֔/ם	6565 a	HVhp3ms/Sp3mp
Num 30:13	וַ/יהוָ֖ה	c/3068	HC/Np
Num 30:13	יִֽסְלַֽח	5545	HVqi3ms
Num 30:13	לָֽ/הּ	l	HR/Sp3fs
Num 30:14	כָּל	3605	HNcmsc
Num 30:14	נֵ֛דֶר	5088	HNcmsa
Num 30:14	וְ/כָל	c/3605	HC/Ncmsc
Num 30:14	שְׁבֻעַ֥ת	7621	HNcfsc
Num 30:14	אִסָּ֖ר	632	HNcmsa
Num 30:14	לְ/עַנֹּ֣ת	l/6031 b	HR/Vpc
Num 30:14	נָ֑פֶשׁ	5315	HNcbsa
Num 30:14	אִישָׁ֥/הּ	376	HNcmsc/Sp3fs
Num 30:14	יְקִימֶ֖/נּוּ	6965 b	HVhi3ms/Sp3ms
Num 30:14	וְ/אִישָׁ֥/הּ	c/376	HC/Ncmsc/Sp3fs
Num 30:14	יְפֵרֶֽ/נּוּ	6565 a	HVhi3ms/Sp3ms
Num 30:15	וְ/אִם	c/518 a	HC/C
Num 30:15	הַחֲרֵשׁ֩	2790 b	HVha
Num 30:15	יַחֲרִ֨ישׁ	2790 b	HVhi3ms
Num 30:15	לָ֥/הּ	l	HR/Sp3fs
Num 30:15	אִישָׁ/הּ֮	376	HNcmsc/Sp3fs
Num 30:15	מִ/יּ֣וֹם	m/3117	HR/Ncmsa
Num 30:15	אֶל	413	HR
Num 30:15	יוֹם֒	3117	HNcmsa
Num 30:15	וְ/הֵקִים֙	c/6965 b	HC/Vhq3ms
Num 30:15	אֶת	853	HTo
Num 30:15	כָּל	3605	HNcmsc
Num 30:15	נְדָרֶ֔י/הָ	5088	HNcmpc/Sp3fs
Num 30:15	א֥וֹ	176 a	HC
Num 30:15	אֶת	853	HTo
Num 30:15	כָּל	3605	HNcmsc
Num 30:15	אֱסָרֶ֖י/הָ	632	HNcmpc/Sp3fs
Num 30:15	אֲשֶׁ֣ר	834 a	HTr
Num 30:15	עָלֶ֑י/הָ	5921 a	HR/Sp3fs
Num 30:15	הֵקִ֣ים	6965 b	HVhp3ms
Num 30:15	אֹתָ֔/ם	853	HTo/Sp3mp
Num 30:15	כִּי	3588 a	HC
Num 30:15	הֶחֱרִ֥שׁ	2790 b	HVhp3ms
Num 30:15	לָ֖/הּ	l	HR/Sp3fs
Num 30:15	בְּ/י֥וֹם	b/3117	HR/Ncmsc
Num 30:15	שָׁמְעֽ/וֹ	8085	HVqc/Sp3ms
Num 30:16	וְ/אִם	c/518 a	HC/C
Num 30:16	הָפֵ֥ר	6565 a	HVha
Num 30:16	יָפֵ֛ר	6565 a	HVhi3ms
Num 30:16	אֹתָ֖/ם	853	HTo/Sp3mp
Num 30:16	אַחֲרֵ֣י	310 a	HR
Num 30:16	שָׁמְע֑/וֹ	8085	HVqc/Sp3ms
Num 30:16	וְ/נָשָׂ֖א	c/5375	HC/Vqq3ms
Num 30:16	אֶת	853	HTo
Num 30:16	עֲוֺנָֽ/הּ	5771	HNcbsc/Sp3fs
Num 30:17	אֵ֣לֶּה	428	HPdxcp
Num 30:17	הַֽ/חֻקִּ֗ים	d/2706	HTd/Ncmpa
Num 30:17	אֲשֶׁ֨ר	834 a	HTr
Num 30:17	צִוָּ֤ה	6680	HVpp3ms
Num 30:17	יְהוָה֙	3068	HNp
Num 30:17	אֶת	853	HTo
Num 30:17	מֹשֶׁ֔ה	4872	HNp
Num 30:17	בֵּ֥ין	996	HR
Num 30:17	אִ֖ישׁ	376	HNcmsa
Num 30:17	לְ/אִשְׁתּ֑/וֹ	l/802	HR/Ncfsc/Sp3ms
Num 30:17	בֵּֽין	996	HR
Num 30:17	אָ֣ב	1	HNcmsa
Num 30:17	לְ/בִתּ֔/וֹ	l/1323	HR/Ncfsc/Sp3ms
Num 30:17	בִּ/נְעֻרֶ֖י/הָ	b/5271 a	HR/Ncbpc/Sp3fs
Num 30:17	בֵּ֥ית	1004 b	HNcmsc
Num 30:17	אָבִֽי/הָ	1	HNcmsc/Sp3fs
Num 31:1	וַ/יְדַבֵּ֥ר	c/1696	HC/Vpw3ms
Num 31:1	יְהוָ֖ה	3068	HNp
Num 31:1	אֶל	413	HR
Num 31:1	מֹשֶׁ֥ה	4872	HNp
Num 31:1	לֵּ/אמֹֽר	l/559	HR/Vqc
Num 31:2	נְקֹ֗ם	5358	HVqv2ms
Num 31:2	נִקְמַת֙	5360	HNcfsc
Num 31:2	בְּנֵ֣י	1121 a	HNcmpc
Num 31:2	יִשְׂרָאֵ֔ל	3478	HNp
Num 31:2	מֵ/אֵ֖ת	m/854	HR/R
Num 31:2	הַ/מִּדְיָנִ֑ים	d/4084	HTd/Ngmpa
Num 31:2	אַחַ֖ר	310 a	HR
Num 31:2	תֵּאָסֵ֥ף	622	HVNi2ms
Num 31:2	אֶל	413	HR
Num 31:2	עַמֶּֽי/ךָ	5971 b	HNcmpc/Sp2ms
Num 31:3	וַ/יְדַבֵּ֤ר	c/1696	HC/Vpw3ms
Num 31:3	מֹשֶׁה֙	4872	HNp
Num 31:3	אֶל	413	HR
Num 31:3	הָ/עָ֣ם	d/5971 a	HTd/Ncmsa
Num 31:3	לֵ/אמֹ֔ר	l/559	HR/Vqc
Num 31:3	הֵחָלְצ֧וּ	2502 b	HVNv2mp
Num 31:3	מֵ/אִתְּ/כֶ֛ם	m/854	HR/R/Sp2mp
Num 31:3	אֲנָשִׁ֖ים	376	HNcmpa
Num 31:3	לַ/צָּבָ֑א	l/6635 a	HRd/Ncbsa
Num 31:3	וְ/יִהְיוּ֙	c/1961	HC/Vqi3mp
Num 31:3	עַל	5921 a	HR
Num 31:3	מִדְיָ֔ן	4080	HNp
Num 31:3	לָ/תֵ֥ת	l/5414	HR/Vqc
Num 31:3	נִקְמַת	5360	HNcfsc
Num 31:3	יְהוָ֖ה	3068	HNp
Num 31:3	בְּ/מִדְיָֽן	b/4080	HR/Np
Num 31:4	אֶ֚לֶף	505	HAcbsa
Num 31:4	לַ/מַּטֶּ֔ה	l/4294	HRd/Ncmsa
Num 31:4	אֶ֖לֶף	505	HAcbsa
Num 31:4	לַ/מַּטֶּ֑ה	l/4294	HRd/Ncmsa
Num 31:4	לְ/כֹל֙	l/3605	HR/Ncmsc
Num 31:4	מַטּ֣וֹת	4294	HNcmpc
Num 31:4	יִשְׂרָאֵ֔ל	3478	HNp
Num 31:4	תִּשְׁלְח֖וּ	7971	HVqi2mp
Num 31:4	לַ/צָּבָֽא	l/6635 a	HRd/Ncbsa
Num 31:5	וַ/יִּמָּֽסְרוּ֙	c/4560	HC/VNw3mp
Num 31:5	מֵ/אַלְפֵ֣י	m/505	HR/Acbpc
Num 31:5	יִשְׂרָאֵ֔ל	3478	HNp
Num 31:5	אֶ֖לֶף	505	HAcbsa
Num 31:5	לַ/מַּטֶּ֑ה	l/4294	HRd/Ncmsa
Num 31:5	שְׁנֵים	8147	HAcmda
Num 31:5	עָשָׂ֥ר	6240	HAcmsa
Num 31:5	אֶ֖לֶף	505	HAcbsa
Num 31:5	חֲלוּצֵ֥י	2502 b	HVqsmpc
Num 31:5	צָבָֽא	6635 a	HNcbsa
Num 31:6	וַ/יִּשְׁלַ֨ח	c/7971	HC/Vqw3ms
Num 31:6	אֹתָ֥/ם	853	HTo/Sp3mp
Num 31:6	מֹשֶׁ֛ה	4872	HNp
Num 31:6	אֶ֥לֶף	505	HAcbsa
Num 31:6	לַ/מַּטֶּ֖ה	l/4294	HRd/Ncmsa
Num 31:6	לַ/צָּבָ֑א	l/6635 a	HRd/Ncbsa
Num 31:6	אֹ֠תָ/ם	853	HTo/Sp3mp
Num 31:6	וְ/אֶת	c/853	HC/To
Num 31:6	פִּ֨ינְחָ֜ס	6372	HNp
Num 31:6	בֶּן	1121 a	HNcmsc
Num 31:6	אֶלְעָזָ֤ר	499	HNp
Num 31:6	הַ/כֹּהֵן֙	d/3548	HTd/Ncmsa
Num 31:6	לַ/צָּבָ֔א	l/6635 a	HRd/Ncbsa
Num 31:6	וּ/כְלֵ֥י	c/3627	HC/Ncmpc
Num 31:6	הַ/קֹּ֛דֶשׁ	d/6944	HTd/Ncmsa
Num 31:6	וַ/חֲצֹצְר֥וֹת	c/2689	HC/Ncfpc
Num 31:6	הַ/תְּרוּעָ֖ה	d/8643	HTd/Ncfsa
Num 31:6	בְּ/יָדֽ/וֹ	b/3027	HR/Ncbsc/Sp3ms
Num 31:7	וַֽ/יִּצְבְּאוּ֙	c/6633	HC/Vqw3mp
Num 31:7	עַל	5921 a	HR
Num 31:7	מִדְיָ֔ן	4080	HNp
Num 31:7	כַּ/אֲשֶׁ֛ר	k/834 d	HR/Tr
Num 31:7	צִוָּ֥ה	6680	HVpp3ms
Num 31:7	יְהוָ֖ה	3068	HNp
Num 31:7	אֶת	853	HTo
Num 31:7	מֹשֶׁ֑ה	4872	HNp
Num 31:7	וַ/יַּֽהַרְג֖וּ	c/2026	HC/Vqw3mp
Num 31:7	כָּל	3605	HNcmsc
Num 31:7	זָכָֽר	2145	HAamsa
Num 31:8	וְ/אֶת	c/853	HC/To
Num 31:8	מַלְכֵ֨י	4428	HNcmpc
Num 31:8	מִדְיָ֜ן	4080	HNp
Num 31:8	הָרְג֣וּ	2026	HVqp3cp
Num 31:8	עַל	5921 a	HR
Num 31:8	חַלְלֵי/הֶ֗ם	2491 a	HAampc/Sp3mp
Num 31:8	אֶת	853	HTo
Num 31:8	אֱוִ֤י	189	HNp
Num 31:8	וְ/אֶת	c/853	HC/To
Num 31:8	רֶ֨קֶם֙	7552	HNp
Num 31:8	וְ/אֶת	c/853	HC/To
Num 31:8	צ֤וּר	6698	HNp
Num 31:8	וְ/אֶת	c/853	HC/To
Num 31:8	חוּר֙	2354	HNp
Num 31:8	וְ/אֶת	c/853	HC/To
Num 31:8	רֶ֔בַע	7254	HNp
Num 31:8	חֲמֵ֖שֶׁת	2568	HAcmsc
Num 31:8	מַלְכֵ֣י	4428	HNcmpc
Num 31:8	מִדְיָ֑ן	4080	HNp
Num 31:8	וְ/אֵת֙	c/853	HC/To
Num 31:8	בִּלְעָ֣ם	1109 a	HNp
Num 31:8	בֶּן	1121 a	HNcmsc
Num 31:8	בְּע֔וֹר	1160	HNp
Num 31:8	הָרְג֖וּ	2026	HVqp3cp
Num 31:8	בֶּ/חָֽרֶב	b/2719	HRd/Ncfsa
Num 31:9	וַ/יִּשְׁבּ֧וּ	c/7617	HC/Vqw3mp
Num 31:9	בְנֵי	1121 a	HNcmpc
Num 31:9	יִשְׂרָאֵ֛ל	3478	HNp
Num 31:9	אֶת	853	HTo
Num 31:9	נְשֵׁ֥י	802	HNcfpc
Num 31:9	מִדְיָ֖ן	4080	HNp
Num 31:9	וְ/אֶת	c/853	HC/To
Num 31:9	טַפָּ֑/ם	2945	HNcmsc/Sp3mp
Num 31:9	וְ/אֵ֨ת	c/853	HC/To
Num 31:9	כָּל	3605	HNcmsc
Num 31:9	בְּהֶמְתָּ֧/ם	929	HNcfsc/Sp3mp
Num 31:9	וְ/אֶת	c/853	HC/To
Num 31:9	כָּל	3605	HNcmsc
Num 31:9	מִקְנֵ/הֶ֛ם	4735	HNcmsc/Sp3mp
Num 31:9	וְ/אֶת	c/853	HC/To
Num 31:9	כָּל	3605	HNcmsc
Num 31:9	חֵילָ֖/ם	2428	HNcmsc/Sp3mp
Num 31:9	בָּזָֽזוּ	962	HVqp3cp
Num 31:10	וְ/אֵ֤ת	c/853	HC/To
Num 31:10	כָּל	3605	HNcmsc
Num 31:10	עָרֵי/הֶם֙	5892 b	HNcfpc/Sp3mp
Num 31:10	בְּ/מ֣וֹשְׁבֹתָ֔/ם	b/4186	HR/Ncmpc/Sp3mp
Num 31:10	וְ/אֵ֖ת	c/853	HC/To
Num 31:10	כָּל	3605	HNcmsc
Num 31:10	טִֽירֹתָ֑/ם	2918	HNcfpc/Sp3mp
Num 31:10	שָׂרְפ֖וּ	8313	HVqp3cp
Num 31:10	בָּ/אֵֽשׁ	b/784	HRd/Ncbsa
Num 31:11	וַ/יִּקְחוּ֙	c/3947	HC/Vqw3mp
Num 31:11	אֶת	853	HTo
Num 31:11	כָּל	3605	HNcmsc
Num 31:11	הַ/שָּׁלָ֔ל	d/7998	HTd/Ncmsa
Num 31:11	וְ/אֵ֖ת	c/853	HC/To
Num 31:11	כָּל	3605	HNcmsc
Num 31:11	הַ/מַּלְק֑וֹחַ	d/4455 a	HTd/Ncmsa
Num 31:11	בָּ/אָדָ֖ם	b/120	HRd/Ncmsa
Num 31:11	וּ/בַ/בְּהֵמָֽה	c/b/929	HC/Rd/Ncfsa
Num 31:12	וַ/יָּבִ֡אוּ	c/935	HC/Vhw3mp
Num 31:12	אֶל	413	HR
Num 31:12	מֹשֶׁה֩	4872	HNp
Num 31:12	וְ/אֶל	c/413	HC/R
Num 31:12	אֶלְעָזָ֨ר	499	HNp
Num 31:12	הַ/כֹּהֵ֜ן	d/3548	HTd/Ncmsa
Num 31:12	וְ/אֶל	c/413	HC/R
Num 31:12	עֲדַ֣ת	5712	HNcfsc
Num 31:12	בְּנֵֽי	1121 a	HNcmpc
Num 31:12	יִשְׂרָאֵ֗ל	3478	HNp
Num 31:12	אֶת	853	HTo
Num 31:12	הַ/שְּׁבִ֧י	d/7628 a	HTd/Ncbsa
Num 31:12	וְ/אֶת	c/853	HC/To
Num 31:12	הַ/מַּלְק֛וֹחַ	d/4455 a	HTd/Ncmsa
Num 31:12	וְ/אֶת	c/853	HC/To
Num 31:12	הַ/שָּׁלָ֖ל	d/7998	HTd/Ncmsa
Num 31:12	אֶל	413	HR
Num 31:12	הַֽ/מַּחֲנֶ֑ה	d/4264	HTd/Ncbsa
Num 31:12	אֶל	413	HR
Num 31:12	עַֽרְבֹ֣ת	6160	HNcfpc
Num 31:12	מוֹאָ֔ב	4124	HNp
Num 31:12	אֲשֶׁ֖ר	834 a	HTr
Num 31:12	עַל	5921 a	HR
Num 31:12	יַרְדֵּ֥ן	3383	HNp
Num 31:12	יְרֵחֽוֹ	3405	HNp
Num 31:13	וַ/יֵּ֨צְא֜וּ	c/3318	HC/Vqw3mp
Num 31:13	מֹשֶׁ֨ה	4872	HNp
Num 31:13	וְ/אֶלְעָזָ֧ר	c/499	HC/Np
Num 31:13	הַ/כֹּהֵ֛ן	d/3548	HTd/Ncmsa
Num 31:13	וְ/כָל	c/3605	HC/Ncmsc
Num 31:13	נְשִׂיאֵ֥י	5387 a	HNcmpc
Num 31:13	הָ/עֵדָ֖ה	d/5712	HTd/Ncfsa
Num 31:13	לִ/קְרָאתָ֑/ם	l/7125	HR/Vqc/Sp3mp
Num 31:13	אֶל	413	HR
Num 31:13	מִ/ח֖וּץ	m/2351	HR/Ncmsa
Num 31:13	לַֽ/מַּחֲנֶֽה	l/4264	HRd/Ncbsa
Num 31:14	וַ/יִּקְצֹ֣ף	c/7107	HC/Vqw3ms
Num 31:14	מֹשֶׁ֔ה	4872	HNp
Num 31:14	עַ֖ל	5921 a	HR
Num 31:14	פְּקוּדֵ֣י	6485 a	HVqsmpc
Num 31:14	הֶ/חָ֑יִל	d/2428	HTd/Ncmsa
Num 31:14	שָׂרֵ֤י	8269	HNcmpc
Num 31:14	הָ/אֲלָפִים֙	d/505	HTd/Acbpa
Num 31:14	וְ/שָׂרֵ֣י	c/8269	HC/Ncmpc
Num 31:14	הַ/מֵּא֔וֹת	d/3967	HTd/Acbpa
Num 31:14	הַ/בָּאִ֖ים	d/935	HTd/Vqrmpa
Num 31:14	מִ/צְּבָ֥א	m/6635 a	HR/Ncbsc
Num 31:14	הַ/מִּלְחָמָֽה	d/4421	HTd/Ncfsa
Num 31:15	וַ/יֹּ֥אמֶר	c/559	HC/Vqw3ms
Num 31:15	אֲלֵי/הֶ֖ם	413	HR/Sp3mp
Num 31:15	מֹשֶׁ֑ה	4872	HNp
Num 31:15	הַֽ/חִיִּיתֶ֖ם	d/2421	HTi/Vpp2mp
Num 31:15	כָּל	3605	HNcmsc
Num 31:15	נְקֵבָֽה	5347	HNcfsa
Num 31:16	הֵ֣ן	2005	HTm
Num 31:16	הֵ֜נָּה	2007	HPp3fp
Num 31:16	הָי֨וּ	1961	HVqp3cp
Num 31:16	לִ/בְנֵ֤י	l/1121 a	HR/Ncmpc
Num 31:16	יִשְׂרָאֵל֙	3478	HNp
Num 31:16	בִּ/דְבַ֣ר	b/1697	HR/Ncmsc
Num 31:16	בִּלְעָ֔ם	1109 a	HNp
Num 31:16	לִ/מְסָר	l/4560	HR/Vqc
Num 31:16	מַ֥עַל	4604	HNcmsa
Num 31:16	בַּ/יהוָ֖ה	b/3068	HR/Np
Num 31:16	עַל	5921 a	HR
Num 31:16	דְּבַר	1697	HNcmsc
Num 31:16	פְּע֑וֹר	6465	HNp
Num 31:16	וַ/תְּהִ֥י	c/1961	HC/Vqw3fs
Num 31:16	הַ/מַּגֵּפָ֖ה	d/4046	HTd/Ncfsa
Num 31:16	בַּ/עֲדַ֥ת	b/5712	HR/Ncfsc
Num 31:16	יְהוָֽה	3068	HNp
Num 31:17	וְ/עַתָּ֕ה	c/6258	HC/D
Num 31:17	הִרְג֥וּ	2026	HVqv2mp
Num 31:17	כָל	3605	HNcmsc
Num 31:17	זָכָ֖ר	2145	HAamsa
Num 31:17	בַּ/טָּ֑ף	b/2945	HRd/Ncmsa
Num 31:17	וְ/כָל	c/3605	HC/Ncmsc
Num 31:17	אִשָּׁ֗ה	802	HNcfsa
Num 31:17	יֹדַ֥עַת	3045	HVqrfsa
Num 31:17	אִ֛ישׁ	376	HNcmsa
Num 31:17	לְ/מִשְׁכַּ֥ב	l/4904	HR/Ncmsc
Num 31:17	זָכָ֖ר	2145	HAamsa
Num 31:17	הֲרֹֽגוּ	2026	HVqv2mp
Num 31:18	וְ/כֹל֙	c/3605	HC/Ncmsc
Num 31:18	הַ/טַּ֣ף	d/2945	HTd/Ncmsa
Num 31:18	בַּ/נָּשִׁ֔ים	b/802	HRd/Ncfpa
Num 31:18	אֲשֶׁ֥ר	834 a	HTr
Num 31:18	לֹא	3808	HTn
Num 31:18	יָדְע֖וּ	3045	HVqp3cp
Num 31:18	מִשְׁכַּ֣ב	4904	HNcmsc
Num 31:18	זָכָ֑ר	2145	HAamsa
Num 31:18	הַחֲי֖וּ	2421	HVhv2mp
Num 31:18	לָ/כֶֽם	l	HR/Sp2mp
Num 31:19	וְ/אַתֶּ֗ם	c/859 d	HC/Pp2mp
Num 31:19	חֲנ֛וּ	2583	HVqv2mp
Num 31:19	מִ/ח֥וּץ	m/2351	HR/Ncmsa
Num 31:19	לַֽ/מַּחֲנֶ֖ה	l/4264	HRd/Ncbsa
Num 31:19	שִׁבְעַ֣ת	7651	HAcmsc
Num 31:19	יָמִ֑ים	3117	HNcmpa
Num 31:19	כֹּל֩	3605	HNcmsa
Num 31:19	הֹרֵ֨ג	2026	HVqrmsa
Num 31:19	נֶ֜פֶשׁ	5315	HNcbsa
Num 31:19	וְ/כֹ֣ל	c/3605	HC/Ncmsa
Num 31:19	נֹגֵ֣עַ	5060	HVqrmsa
Num 31:19	בֶּֽ/חָלָ֗ל	b/2491 a	HRd/Aamsa
Num 31:19	תִּֽתְחַטְּא֞וּ	2398	HVti2mp
Num 31:19	בַּ/יּ֤וֹם	b/3117	HRd/Ncmsa
Num 31:19	הַ/שְּׁלִישִׁי֙	d/7992	HTd/Aomsa
Num 31:19	וּ/בַ/יּ֣וֹם	c/b/3117	HC/Rd/Ncmsa
Num 31:19	הַ/שְּׁבִיעִ֔י	d/7637	HTd/Aomsa
Num 31:19	אַתֶּ֖ם	859 d	HPp2mp
Num 31:19	וּ/שְׁבִי/כֶֽם	c/7628 a	HC/Ncbsc/Sp2mp
Num 31:20	וְ/כָל	c/3605	HC/Ncmsc
Num 31:20	בֶּ֧גֶד	899 b	HNcmsa
Num 31:20	וְ/כָל	c/3605	HC/Ncmsc
Num 31:20	כְּלִי	3627	HNcmsc
Num 31:20	ע֛וֹר	5785	HNcmsa
Num 31:20	וְ/כָל	c/3605	HC/Ncmsc
Num 31:20	מַעֲשֵׂ֥ה	4639	HNcmsc
Num 31:20	עִזִּ֖ים	5795	HNcfpa
Num 31:20	וְ/כָל	c/3605	HC/Ncmsc
Num 31:20	כְּלִי	3627	HNcmsc
Num 31:20	עֵ֑ץ	6086	HNcmsa
Num 31:20	תִּתְחַטָּֽאוּ	2398	HVti2mp
Num 31:21	וַ/יֹּ֨אמֶר	c/559	HC/Vqw3ms
Num 31:21	אֶלְעָזָ֤ר	499	HNp
Num 31:21	הַ/כֹּהֵן֙	d/3548	HTd/Ncmsa
Num 31:21	אֶל	413	HR
Num 31:21	אַנְשֵׁ֣י	376	HNcmpc
Num 31:21	הַ/צָּבָ֔א	d/6635 a	HTd/Ncbsa
Num 31:21	הַ/בָּאִ֖ים	d/935	HTd/Vqrmpa
Num 31:21	לַ/מִּלְחָמָ֑ה	l/4421	HRd/Ncfsa
Num 31:21	זֹ֚את	2063	HPdxfs
Num 31:21	חֻקַּ֣ת	2708	HNcbsc
Num 31:21	הַ/תּוֹרָ֔ה	d/8451	HTd/Ncfsa
Num 31:21	אֲשֶׁר	834 a	HTr
Num 31:21	צִוָּ֥ה	6680	HVpp3ms
Num 31:21	יְהוָ֖ה	3068	HNp
Num 31:21	אֶת	853	HTo
Num 31:21	מֹשֶֽׁה	4872	HNp
Num 31:22	אַ֥ךְ	389	HTa
Num 31:22	אֶת	853	HTo
Num 31:22	הַ/זָּהָ֖ב	d/2091	HTd/Ncmsa
Num 31:22	וְ/אֶת	c/853	HC/To
Num 31:22	הַ/כָּ֑סֶף	d/3701	HTd/Ncmsa
Num 31:22	אֶֽת	853	HTo
Num 31:22	הַ/נְּחֹ֨שֶׁת֙	d/5178 a	HTd/Ncfsa
Num 31:22	אֶת	853	HTo
Num 31:22	הַ/בַּרְזֶ֔ל	d/1270	HTd/Ncmsa
Num 31:22	אֶֽת	853	HTo
Num 31:22	הַ/בְּדִ֖יל	d/913	HTd/Ncmsa
Num 31:22	וְ/אֶת	c/853	HC/To
Num 31:22	הָ/עֹפָֽרֶת	d/5777	HTd/Ncfsa
Num 31:23	כָּל	3605	HNcmsc
Num 31:23	דָּבָ֞ר	1697	HNcmsa
Num 31:23	אֲשֶׁר	834 a	HTr
Num 31:23	יָבֹ֣א	935	HVqi3ms
Num 31:23	בָ/אֵ֗שׁ	b/784	HRd/Ncbsa
Num 31:23	תַּעֲבִ֤ירוּ	5674 a	HVhi2mp
Num 31:23	בָ/אֵשׁ֙	b/784	HRd/Ncbsa
Num 31:23	וְ/טָהֵ֔ר	c/2891	HC/Vqq3ms
Num 31:23	אַ֕ךְ	389	HTa
Num 31:23	בְּ/מֵ֥י	b/4325	HR/Ncmpc
Num 31:23	נִדָּ֖ה	5079	HNcfsa
Num 31:23	יִתְחַטָּ֑א	2398	HVti3ms
Num 31:23	וְ/כֹ֨ל	c/3605	HC/Ncmsa
Num 31:23	אֲשֶׁ֧ר	834 a	HTr
Num 31:23	לֹֽא	3808	HTn
Num 31:23	יָבֹ֛א	935	HVqi3ms
Num 31:23	בָּ/אֵ֖שׁ	b/784	HRd/Ncbsa
Num 31:23	תַּעֲבִ֥ירוּ	5674 a	HVhi2mp
Num 31:23	בַ/מָּֽיִם	b/4325	HRd/Ncmpa
Num 31:24	וְ/כִבַּסְתֶּ֧ם	c/3526	HC/Vpq2mp
Num 31:24	בִּגְדֵי/כֶ֛ם	899 b	HNcmpc/Sp2mp
Num 31:24	בַּ/יּ֥וֹם	b/3117	HRd/Ncmsa
Num 31:24	הַ/שְּׁבִיעִ֖י	d/7637	HTd/Aomsa
Num 31:24	וּ/טְהַרְתֶּ֑ם	c/2891	HC/Vqq2mp
Num 31:24	וְ/אַחַ֖ר	c/310 a	HC/D
Num 31:24	תָּבֹ֥אוּ	935	HVqi2mp
Num 31:24	אֶל	413	HR
Num 31:24	הַֽ/מַּחֲנֶֽה	d/4264	HTd/Ncbsa
Num 31:25	וַ/יֹּ֥אמֶר	c/559	HC/Vqw3ms
Num 31:25	יְהוָ֖ה	3068	HNp
Num 31:25	אֶל	413	HR
Num 31:25	מֹשֶׁ֥ה	4872	HNp
Num 31:25	לֵּ/אמֹֽר	l/559	HR/Vqc
Num 31:26	שָׂ֗א	5375	HVqv2ms
Num 31:26	אֵ֣ת	853	HTo
Num 31:26	רֹ֤אשׁ	7218 a	HNcmsc
Num 31:26	מַלְק֨וֹחַ֙	4455 a	HNcmsc
Num 31:26	הַ/שְּׁבִ֔י	d/7628 a	HTd/Ncbsa
Num 31:26	בָּ/אָדָ֖ם	b/120	HRd/Ncmsa
Num 31:26	וּ/בַ/בְּהֵמָ֑ה	c/b/929	HC/Rd/Ncfsa
Num 31:26	אַתָּה֙	859 a	HPp2ms
Num 31:26	וְ/אֶלְעָזָ֣ר	c/499	HC/Np
Num 31:26	הַ/כֹּהֵ֔ן	d/3548	HTd/Ncmsa
Num 31:26	וְ/רָאשֵׁ֖י	c/7218 a	HC/Ncmpc
Num 31:26	אֲב֥וֹת	1	HNcmpc
Num 31:26	הָ/עֵדָֽה	d/5712	HTd/Ncfsa
Num 31:27	וְ/חָצִ֨יתָ֙	c/2673	HC/Vqq2ms
Num 31:27	אֶת	853	HTo
Num 31:27	הַ/מַּלְק֔וֹחַ	d/4455 a	HTd/Ncmsa
Num 31:27	בֵּ֚ין	996	HR
Num 31:27	תֹּפְשֵׂ֣י	8610	HVqrmpc
Num 31:27	הַ/מִּלְחָמָ֔ה	d/4421	HTd/Ncfsa
Num 31:27	הַ/יֹּצְאִ֖ים	d/3318	HTd/Vqrmpa
Num 31:27	לַ/צָּבָ֑א	l/6635 a	HRd/Ncbsa
Num 31:27	וּ/בֵ֖ין	c/996	HC/R
Num 31:27	כָּל	3605	HNcmsc
Num 31:27	הָ/עֵדָֽה	d/5712	HTd/Ncfsa
Num 31:28	וַ/הֲרֵמֹתָ֨	c/7311 a	HC/Vhq2ms
Num 31:28	מֶ֜כֶס	4371	HNcmsa
Num 31:28	לַֽ/יהוָ֗ה	l/3068	HR/Np
Num 31:28	מֵ/אֵ֞ת	m/854	HR/R
Num 31:28	אַנְשֵׁ֤י	376	HNcmpc
Num 31:28	הַ/מִּלְחָמָה֙	d/4421	HTd/Ncfsa
Num 31:28	הַ/יֹּצְאִ֣ים	d/3318	HTd/Vqrmpa
Num 31:28	לַ/צָּבָ֔א	l/6635 a	HRd/Ncbsa
Num 31:28	אֶחָ֣ד	259	HAcmsa
Num 31:28	נֶ֔פֶשׁ	5315	HNcbsa
Num 31:28	מֵ/חֲמֵ֖שׁ	m/2568	HR/Acfsa
Num 31:28	הַ/מֵּא֑וֹת	d/3967	HTd/Acbpa
Num 31:28	מִן	4480 a	HR
Num 31:28	הָ/אָדָם֙	d/120	HTd/Ncmsa
Num 31:28	וּ/מִן	c/4480 a	HC/R
Num 31:28	הַ/בָּקָ֔ר	d/1241	HTd/Ncbsa
Num 31:28	וּ/מִן	c/4480 a	HC/R
Num 31:28	הַ/חֲמֹרִ֖ים	d/2543	HTd/Ncbpa
Num 31:28	וּ/מִן	c/4480 a	HC/R
Num 31:28	הַ/צֹּֽאן	d/6629	HTd/Ncbsa
Num 31:29	מִ/מַּֽחֲצִיתָ֖/ם	m/4276	HR/Ncfsc/Sp3mp
Num 31:29	תִּקָּ֑חוּ	3947	HVqi2mp
Num 31:29	וְ/נָתַתָּ֛ה	c/5414	HC/Vqq2ms
Num 31:29	לְ/אֶלְעָזָ֥ר	l/499	HR/Np
Num 31:29	הַ/כֹּהֵ֖ן	d/3548	HTd/Ncmsa
Num 31:29	תְּרוּמַ֥ת	8641	HNcfsc
Num 31:29	יְהוָֽה	3068	HNp
Num 31:30	וּ/מִ/מַּחֲצִ֨ת	c/m/4276	HC/R/Ncfsc
Num 31:30	בְּנֵֽי	1121 a	HNcmpc
Num 31:30	יִשְׂרָאֵ֜ל	3478	HNp
Num 31:30	תִּקַּ֣ח	3947	HVqi2ms
Num 31:30	אֶחָ֣ד	259	HAcmsa
Num 31:30	אָחֻ֣ז	270	HVqsmsa
Num 31:30	מִן	4480 a	HR
Num 31:30	הַ/חֲמִשִּׁ֗ים	d/2572	HTd/Acbpa
Num 31:30	מִן	4480 a	HR
Num 31:30	הָ/אָדָ֧ם	d/120	HTd/Ncmsa
Num 31:30	מִן	4480 a	HR
Num 31:30	הַ/בָּקָ֛ר	d/1241	HTd/Ncbsa
Num 31:30	מִן	4480 a	HR
Num 31:30	הַ/חֲמֹרִ֥ים	d/2543	HTd/Ncbpa
Num 31:30	וּ/מִן	c/4480 a	HC/R
Num 31:30	הַ/צֹּ֖אן	d/6629	HTd/Ncbsa
Num 31:30	מִ/כָּל	m/3605	HR/Ncmsc
Num 31:30	הַ/בְּהֵמָ֑ה	d/929	HTd/Ncfsa
Num 31:30	וְ/נָתַתָּ֤ה	c/5414	HC/Vqq2ms
Num 31:30	אֹתָ/ם֙	853	HTo/Sp3mp
Num 31:30	לַ/לְוִיִּ֔ם	l/3881	HRd/Ngmpa
Num 31:30	שֹׁמְרֵ֕י	8104	HVqrmpc
Num 31:30	מִשְׁמֶ֖רֶת	4931	HNcfsc
Num 31:30	מִשְׁכַּ֥ן	4908	HNcmsc
Num 31:30	יְהוָֽה	3068	HNp
Num 31:31	וַ/יַּ֣עַשׂ	c/6213 a	HC/Vqw3ms
Num 31:31	מֹשֶׁ֔ה	4872	HNp
Num 31:31	וְ/אֶלְעָזָ֖ר	c/499	HC/Np
Num 31:31	הַ/כֹּהֵ֑ן	d/3548	HTd/Ncmsa
Num 31:31	כַּ/אֲשֶׁ֛ר	k/834 d	HR/Tr
Num 31:31	צִוָּ֥ה	6680	HVpp3ms
Num 31:31	יְהוָ֖ה	3068	HNp
Num 31:31	אֶת	853	HTo
Num 31:31	מֹשֶֽׁה	4872	HNp
Num 31:32	וַ/יְהִי֙	c/1961	HC/Vqw3ms
Num 31:32	הַ/מַּלְק֔וֹחַ	d/4455 a	HTd/Ncmsa
Num 31:32	יֶ֣תֶר	3499 a	HNcmsc
Num 31:32	הַ/בָּ֔ז	d/957	HTd/Ncmsa
Num 31:32	אֲשֶׁ֥ר	834 a	HTr
Num 31:32	בָּזְז֖וּ	962	HVqp3cp
Num 31:32	עַ֣ם	5971 a	HNcmsc
Num 31:32	הַ/צָּבָ֑א	d/6635 a	HTd/Ncbsa
Num 31:32	צֹ֗אן	6629	HNcbsa
Num 31:32	שֵׁשׁ	8337	HAcfsa
Num 31:32	מֵא֥וֹת	3967	HAcbpa
Num 31:32	אֶ֛לֶף	505	HAcbsa
Num 31:32	וְ/שִׁבְעִ֥ים	c/7657	HC/Acbpa
Num 31:32	אֶ֖לֶף	505	HAcbsa
Num 31:32	וַ/חֲמֵֽשֶׁת	c/2568	HC/Acmsc
Num 31:32	אֲלָפִֽים	505	HAcbpa
Num 31:33	וּ/בָקָ֕ר	c/1241	HC/Ncbsa
Num 31:33	שְׁנַ֥יִם	8147	HAcmda
Num 31:33	וְ/שִׁבְעִ֖ים	c/7657	HC/Acbpa
Num 31:33	אָֽלֶף	505	HAcbsa
Num 31:34	וַ/חֲמֹרִ֕ים	c/2543	HC/Ncbpa
Num 31:34	אֶחָ֥ד	259	HAcmsa
Num 31:34	וְ/שִׁשִּׁ֖ים	c/8346	HC/Acbpa
Num 31:34	אָֽלֶף	505	HAcbsa
Num 31:35	וְ/נֶ֣פֶשׁ	c/5315	HC/Ncbsc
Num 31:35	אָדָ֔ם	120	HNcmsa
Num 31:35	מִן	4480 a	HR
Num 31:35	הַ֨/נָּשִׁ֔ים	d/802	HTd/Ncfpa
Num 31:35	אֲשֶׁ֥ר	834 a	HTr
Num 31:35	לֹֽא	3808	HTn
Num 31:35	יָדְע֖וּ	3045	HVqp3cp
Num 31:35	מִשְׁכַּ֣ב	4904	HNcmsc
Num 31:35	זָכָ֑ר	2145	HAamsa
Num 31:35	כָּל	3605	HNcmsc
Num 31:35	נֶ֕פֶשׁ	5315	HNcbsa
Num 31:35	שְׁנַ֥יִם	8147	HAcmda
Num 31:35	וּ/שְׁלֹשִׁ֖ים	c/7970	HC/Acbpa
Num 31:35	אָֽלֶף	505	HAcbsa
Num 31:36	וַ/תְּהִי֙	c/1961	HC/Vqw3fs
Num 31:36	הַֽ/מֶּחֱצָ֔ה	d/4275	HTd/Ncfsa
Num 31:36	חֵ֕לֶק	2506 a	HNcmsc
Num 31:36	הַ/יֹּצְאִ֖ים	d/3318	HTd/Vqrmpa
Num 31:36	בַּ/צָּבָ֑א	b/6635 a	HRd/Ncbsa
Num 31:36	מִסְפַּ֣ר	4557	HNcmsc
Num 31:36	הַ/צֹּ֗אן	d/6629	HTd/Ncbsa
Num 31:36	שְׁלֹשׁ	7969	HAcfsa
Num 31:36	מֵא֥וֹת	3967	HAcbpa
Num 31:36	אֶ֨לֶף֙	505	HAcbsa
Num 31:36	וּ/שְׁלֹשִׁ֣ים	c/7970	HC/Acbpa
Num 31:36	אֶ֔לֶף	505	HAcbsa
Num 31:36	וְ/שִׁבְעַ֥ת	c/7651	HC/Acmsc
Num 31:36	אֲלָפִ֖ים	505	HAcbpa
Num 31:36	וַ/חֲמֵ֥שׁ	c/2568	HC/Acfsa
Num 31:36	מֵאֽוֹת	3967	HAcbpa
Num 31:37	וַ/יְהִ֛י	c/1961	HC/Vqw3ms
Num 31:37	הַ/מֶּ֥כֶס	d/4371	HTd/Ncmsa
Num 31:37	לַֽ/יהוָ֖ה	l/3068	HR/Np
Num 31:37	מִן	4480 a	HR
Num 31:37	הַ/צֹּ֑אן	d/6629	HTd/Ncbsa
Num 31:37	שֵׁ֥שׁ	8337	HAcfsa
Num 31:37	מֵא֖וֹת	3967	HAcbpa
Num 31:37	חָמֵ֥שׁ	2568	HAcfsa
Num 31:37	וְ/שִׁבְעִֽים	c/7657	HC/Acbpa
Num 31:38	וְ/הַ֨/בָּקָ֔ר	c/d/1241	HC/Td/Ncbsa
Num 31:38	שִׁשָּׁ֥ה	8337	HAcmsa
Num 31:38	וּ/שְׁלֹשִׁ֖ים	c/7970	HC/Acbpa
Num 31:38	אָ֑לֶף	505	HAcbsa
Num 31:38	וּ/מִכְסָ֥/ם	c/4371	HC/Ncmsc/Sp3mp
Num 31:38	לַ/יהוָ֖ה	l/3068	HR/Np
Num 31:38	שְׁנַ֥יִם	8147	HAcmda
Num 31:38	וְ/שִׁבְעִֽים	c/7657	HC/Acbpa
Num 31:39	וַ/חֲמֹרִ֕ים	c/2543	HC/Ncbpa
Num 31:39	שְׁלֹשִׁ֥ים	7970	HAcbpa
Num 31:39	אֶ֖לֶף	505	HAcbsa
Num 31:39	וַ/חֲמֵ֣שׁ	c/2568	HC/Acfsa
Num 31:39	מֵא֑וֹת	3967	HAcbpa
Num 31:39	וּ/מִכְסָ֥/ם	c/4371	HC/Ncmsc/Sp3mp
Num 31:39	לַֽ/יהוָ֖ה	l/3068	HR/Np
Num 31:39	אֶחָ֥ד	259	HAcmsa
Num 31:39	וְ/שִׁשִּֽׁים	c/8346	HC/Acbpa
Num 31:40	וְ/נֶ֣פֶשׁ	c/5315	HC/Ncbsc
Num 31:40	אָדָ֔ם	120	HNcmsa
Num 31:40	שִׁשָּׁ֥ה	8337	HAcmsa
Num 31:40	עָשָׂ֖ר	6240	HAcmsa
Num 31:40	אָ֑לֶף	505	HAcbsa
Num 31:40	וּ/מִכְסָ/ם֙	c/4371	HC/Ncmsc/Sp3mp
Num 31:40	לַֽ/יהוָ֔ה	l/3068	HR/Np
Num 31:40	שְׁנַ֥יִם	8147	HAcmda
Num 31:40	וּ/שְׁלֹשִׁ֖ים	c/7970	HC/Acbpa
Num 31:40	נָֽפֶשׁ	5315	HNcbsa
Num 31:41	וַ/יִּתֵּ֣ן	c/5414	HC/Vqw3ms
Num 31:41	מֹשֶׁ֗ה	4872	HNp
Num 31:41	אֶת	853	HTo
Num 31:41	מֶ֨כֶס֙	4371	HNcmsa
Num 31:41	תְּרוּמַ֣ת	8641	HNcfsc
Num 31:41	יְהוָ֔ה	3068	HNp
Num 31:41	לְ/אֶלְעָזָ֖ר	l/499	HR/Np
Num 31:41	הַ/כֹּהֵ֑ן	d/3548	HTd/Ncmsa
Num 31:41	כַּ/אֲשֶׁ֛ר	k/834 d	HR/Tr
Num 31:41	צִוָּ֥ה	6680	HVpp3ms
Num 31:41	יְהוָ֖ה	3068	HNp
Num 31:41	אֶת	853	HTo
Num 31:41	מֹשֶֽׁה	4872	HNp
Num 31:42	וּ/מִֽ/מַּחֲצִ֖ית	c/m/4276	HC/R/Ncfsc
Num 31:42	בְּנֵ֣י	1121 a	HNcmpc
Num 31:42	יִשְׂרָאֵ֑ל	3478	HNp
Num 31:42	אֲשֶׁר֙	834 a	HTr
Num 31:42	חָצָ֣ה	2673	HVqp3ms
Num 31:42	מֹשֶׁ֔ה	4872	HNp
Num 31:42	מִן	4480 a	HR
Num 31:42	הָ/אֲנָשִׁ֖ים	d/376	HTd/Ncmpa
Num 31:42	הַ/צֹּבְאִֽים	d/6633	HTd/Vqrmpa
Num 31:43	וַ/תְּהִ֛י	c/1961	HC/Vqw3fs
Num 31:43	מֶחֱצַ֥ת	4275	HNcfsc
Num 31:43	הָ/עֵדָ֖ה	d/5712	HTd/Ncfsa
Num 31:43	מִן	4480 a	HR
Num 31:43	הַ/צֹּ֑אן	d/6629	HTd/Ncbsa
Num 31:43	שְׁלֹשׁ	7969	HAcfsa
Num 31:43	מֵא֥וֹת	3967	HAcbpa
Num 31:43	אֶ֨לֶף֙	505	HAcbsa
Num 31:43	וּ/שְׁלֹשִׁ֣ים	c/7970	HC/Acbpa
Num 31:43	אֶ֔לֶף	505	HAcbsa
Num 31:43	שִׁבְעַ֥ת	7651	HAcmsc
Num 31:43	אֲלָפִ֖ים	505	HAcbpa
Num 31:43	וַ/חֲמֵ֥שׁ	c/2568	HC/Acfsa
Num 31:43	מֵאֽוֹת	3967	HAcbpa
Num 31:44	וּ/בָקָ֕ר	c/1241	HC/Ncbsa
Num 31:44	שִׁשָּׁ֥ה	8337	HAcmsa
Num 31:44	וּ/שְׁלֹשִׁ֖ים	c/7970	HC/Acbpa
Num 31:44	אָֽלֶף	505	HAcbsa
Num 31:45	וַ/חֲמֹרִ֕ים	c/2543	HC/Ncbpa
Num 31:45	שְׁלֹשִׁ֥ים	7970	HAcbpa
Num 31:45	אֶ֖לֶף	505	HAcbsa
Num 31:45	וַ/חֲמֵ֥שׁ	c/2568	HC/Acfsa
Num 31:45	מֵאֽוֹת	3967	HAcbpa
Num 31:46	וְ/נֶ֣פֶשׁ	c/5315	HC/Ncbsc
Num 31:46	אָדָ֔ם	120	HNcmsa
Num 31:46	שִׁשָּׁ֥ה	8337	HAcmsa
Num 31:46	עָשָׂ֖ר	6240	HAcmsa
Num 31:46	אָֽלֶף	505	HAcbsa
Num 31:47	וַ/יִּקַּ֨ח	c/3947	HC/Vqw3ms
Num 31:47	מֹשֶׁ֜ה	4872	HNp
Num 31:47	מִ/מַּחֲצִ֣ת	m/4276	HR/Ncfsc
Num 31:47	בְּנֵֽי	1121 a	HNcmpc
Num 31:47	יִשְׂרָאֵ֗ל	3478	HNp
Num 31:47	אֶת	853	HTo
Num 31:47	הָֽ/אָחֻז֙	d/270	HTd/Vqsmsa
Num 31:47	אֶחָ֣ד	259	HAcmsa
Num 31:47	מִן	4480 a	HR
Num 31:47	הַ/חֲמִשִּׁ֔ים	d/2572	HTd/Acbpa
Num 31:47	מִן	4480 a	HR
Num 31:47	הָ/אָדָ֖ם	d/120	HTd/Ncmsa
Num 31:47	וּ/מִן	c/4480 a	HC/R
Num 31:47	הַ/בְּהֵמָ֑ה	d/929	HTd/Ncfsa
Num 31:47	וַ/יִּתֵּ֨ן	c/5414	HC/Vqw3ms
Num 31:47	אֹתָ֜/ם	853	HTo/Sp3mp
Num 31:47	לַ/לְוִיִּ֗ם	l/3881	HRd/Ngmpa
Num 31:47	שֹֽׁמְרֵי֙	8104	HVqrmpc
Num 31:47	מִשְׁמֶ֨רֶת֙	4931	HNcfsc
Num 31:47	מִשְׁכַּ֣ן	4908	HNcmsc
Num 31:47	יְהוָ֔ה	3068	HNp
Num 31:47	כַּ/אֲשֶׁ֛ר	k/834 d	HR/Tr
Num 31:47	צִוָּ֥ה	6680	HVpp3ms
Num 31:47	יְהוָ֖ה	3068	HNp
Num 31:47	אֶת	853	HTo
Num 31:47	מֹשֶֽׁה	4872	HNp
Num 31:48	וַֽ/יִּקְרְבוּ֙	c/7126	HC/Vqw3mp
Num 31:48	אֶל	413	HR
Num 31:48	מֹשֶׁ֔ה	4872	HNp
Num 31:48	הַ/פְּקֻדִ֕ים	d/6485 a	HTd/Vqsmpa
Num 31:48	אֲשֶׁ֖ר	834 a	HTr
Num 31:48	לְ/אַלְפֵ֣י	l/505	HR/Acbpc
Num 31:48	הַ/צָּבָ֑א	d/6635 a	HTd/Ncbsa
Num 31:48	שָׂרֵ֥י	8269	HNcmpc
Num 31:48	הָ/אֲלָפִ֖ים	d/505	HTd/Acbpa
Num 31:48	וְ/שָׂרֵ֥י	c/8269	HC/Ncmpc
Num 31:48	הַ/מֵּאֽוֹת	d/3967	HTd/Acbpa
Num 31:49	וַ/יֹּֽאמְרוּ֙	c/559	HC/Vqw3mp
Num 31:49	אֶל	413	HR
Num 31:49	מֹשֶׁ֔ה	4872	HNp
Num 31:49	עֲבָדֶ֣י/ךָ	5650	HNcmpc/Sp2ms
Num 31:49	נָֽשְׂא֗וּ	5375	HVqp3cp
Num 31:49	אֶת	853	HTo
Num 31:49	רֹ֛אשׁ	7218 a	HNcmsc
Num 31:49	אַנְשֵׁ֥י	376	HNcmpc
Num 31:49	הַ/מִּלְחָמָ֖ה	d/4421	HTd/Ncfsa
Num 31:49	אֲשֶׁ֣ר	834 a	HTr
Num 31:49	בְּ/יָדֵ֑/נוּ	b/3027	HR/Ncbsc/Sp1cp
Num 31:49	וְ/לֹא	c/3808	HC/Tn
Num 31:49	נִפְקַ֥ד	6485 a	HVNp3ms
Num 31:49	מִמֶּ֖/נּוּ	4480 a	HR/Sp1cp
Num 31:49	אִֽישׁ	376	HNcmsa
Num 31:50	וַ/נַּקְרֵ֞ב	c/7126	HC/Vhw1cp
Num 31:50	אֶת	853	HTo
Num 31:50	קָרְבַּ֣ן	7133 a	HNcmsc
Num 31:50	יְהוָ֗ה	3068	HNp
Num 31:50	אִישׁ֩	376	HNcmsa
Num 31:50	אֲשֶׁ֨ר	834 a	HTr
Num 31:50	מָצָ֤א	4672	HVqp3ms
Num 31:50	כְלִֽי	3627	HNcmsc
Num 31:50	זָהָב֙	2091	HNcmsa
Num 31:50	אֶצְעָדָ֣ה	685	HNcfsa
Num 31:50	וְ/צָמִ֔יד	c/6781 a	HC/Ncmsa
Num 31:50	טַבַּ֖עַת	2885	HNcfsa
Num 31:50	עָגִ֣יל	5694	HNcmsa
Num 31:50	וְ/כוּמָ֑ז	c/3558	HC/Ncmsa
Num 31:50	לְ/כַפֵּ֥ר	l/3722 a	HR/Vpc
Num 31:50	עַל	5921 a	HR
Num 31:50	נַפְשֹׁתֵ֖י/נוּ	5315	HNcbpc/Sp1cp
Num 31:50	לִ/פְנֵ֥י	l/6440	HR/Ncbpc
Num 31:50	יְהוָֽה	3068	HNp
Num 31:51	וַ/יִּקַּ֨ח	c/3947	HC/Vqw3ms
Num 31:51	מֹשֶׁ֜ה	4872	HNp
Num 31:51	וְ/אֶלְעָזָ֧ר	c/499	HC/Np
Num 31:51	הַ/כֹּהֵ֛ן	d/3548	HTd/Ncmsa
Num 31:51	אֶת	853	HTo
Num 31:51	הַ/זָּהָ֖ב	d/2091	HTd/Ncmsa
Num 31:51	מֵֽ/אִתָּ֑/ם	m/854	HR/R/Sp3mp
Num 31:51	כֹּ֖ל	3605	HNcmsc
Num 31:51	כְּלִ֥י	3627	HNcmsc
Num 31:51	מַעֲשֶֽׂה	4639	HNcmsa
Num 31:52	וַ/יְהִ֣י	c/1961	HC/Vqw3ms
Num 31:52	כָּל	3605	HNcmsc
Num 31:52	זְהַ֣ב	2091	HNcmsc
Num 31:52	הַ/תְּרוּמָ֗ה	d/8641	HTd/Ncfsa
Num 31:52	אֲשֶׁ֤ר	834 a	HTr
Num 31:52	הֵרִ֨ימוּ֙	7311 a	HVhp3cp
Num 31:52	לַֽ/יהוָ֔ה	l/3068	HR/Np
Num 31:52	שִׁשָּׁ֨ה	8337	HAcmsa
Num 31:52	עָשָׂ֥ר	6240	HAcmsa
Num 31:52	אֶ֛לֶף	505	HAcbsa
Num 31:52	שְׁבַע	7651	HAcfsa
Num 31:52	מֵא֥וֹת	3967	HAcbpa
Num 31:52	וַ/חֲמִשִּׁ֖ים	c/2572	HC/Acbpa
Num 31:52	שָׁ֑קֶל	8255	HNcmsa
Num 31:52	מֵ/אֵת֙	m/854	HR/R
Num 31:52	שָׂרֵ֣י	8269	HNcmpc
Num 31:52	הָֽ/אֲלָפִ֔ים	d/505	HTd/Acbpa
Num 31:52	וּ/מֵ/אֵ֖ת	c/m/853	HC/R/To
Num 31:52	שָׂרֵ֥י	8269	HNcmpc
Num 31:52	הַ/מֵּאֽוֹת	d/3967	HTd/Acbpa
Num 31:53	אַנְשֵׁי֙	376	HNcmpc
Num 31:53	הַ/צָּבָ֔א	d/6635 a	HTd/Ncbsa
Num 31:53	בָּזְז֖וּ	962	HVqp3cp
Num 31:53	אִ֥ישׁ	376	HNcmsa
Num 31:53	לֽ/וֹ	l	HR/Sp3ms
Num 31:54	וַ/יִּקַּ֨ח	c/3947	HC/Vqw3ms
Num 31:54	מֹשֶׁ֜ה	4872	HNp
Num 31:54	וְ/אֶלְעָזָ֤ר	c/499	HC/Np
Num 31:54	הַ/כֹּהֵן֙	d/3548	HTd/Ncmsa
Num 31:54	אֶת	853	HTo
Num 31:54	הַ/זָּהָ֔ב	d/2091	HTd/Ncmsa
Num 31:54	מֵ/אֵ֛ת	m/854	HR/R
Num 31:54	שָׂרֵ֥י	8269	HNcmpc
Num 31:54	הָ/אֲלָפִ֖ים	d/505	HTd/Acbpa
Num 31:54	וְ/הַ/מֵּא֑וֹת	c/d/3967	HC/Td/Acbpa
Num 31:54	וַ/יָּבִ֤אוּ	c/935	HC/Vhw3mp
Num 31:54	אֹת/וֹ֙	853	HTo/Sp3ms
Num 31:54	אֶל	413	HR
Num 31:54	אֹ֣הֶל	168	HNcmsc
Num 31:54	מוֹעֵ֔ד	4150	HNcmsa
Num 31:54	זִכָּר֥וֹן	2146	HNcmsa
Num 31:54	לִ/בְנֵֽי	l/1121 a	HR/Ncmpc
Num 31:54	יִשְׂרָאֵ֖ל	3478	HNp
Num 31:54	לִ/פְנֵ֥י	l/6440	HR/Ncbpc
Num 31:54	יְהוָֽה	3068	HNp
Num 32:1	וּ/מִקְנֶ֣ה	c/4735	HC/Ncmsa
Num 32:1	רַ֗ב	7227 a	HAamsa
Num 32:1	הָיָ֞ה	1961	HVqp3ms
Num 32:1	לִ/בְנֵ֧י	l/1121 a	HR/Ncmpc
Num 32:1	רְאוּבֵ֛ן	7205	HNp
Num 32:1	וְ/לִ/בְנֵי	c/l/1121 a	HC/R/Ncmpc
Num 32:1	גָ֖ד	1410	HNp
Num 32:1	עָצ֣וּם	6099	HAamsa
Num 32:1	מְאֹ֑ד	3966	HD
Num 32:1	וַ/יִּרְא֞וּ	c/7200	HC/Vqw3mp
Num 32:1	אֶת	853	HTo
Num 32:1	אֶ֤רֶץ	776	HNcbsc
Num 32:1	יַעְזֵר֙	3270	HNp
Num 32:1	וְ/אֶת	c/853	HC/To
Num 32:1	אֶ֣רֶץ	776	HNcbsc
Num 32:1	גִּלְעָ֔ד	1568	HNp
Num 32:1	וְ/הִנֵּ֥ה	c/2009	HC/Tm
Num 32:1	הַ/מָּק֖וֹם	d/4725	HTd/Ncmsa
Num 32:1	מְק֥וֹם	4725	HNcmsc
Num 32:1	מִקְנֶֽה	4735	HNcmsa
Num 32:2	וַ/יָּבֹ֥אוּ	c/935	HC/Vqw3mp
Num 32:2	בְנֵֽי	1121 a	HNcmpc
Num 32:2	גָ֖ד	1410	HNp
Num 32:2	וּ/בְנֵ֣י	c/1121 a	HC/Ncmpc
Num 32:2	רְאוּבֵ֑ן	7205	HNp
Num 32:2	וַ/יֹּאמְר֤וּ	c/559	HC/Vqw3mp
Num 32:2	אֶל	413	HR
Num 32:2	מֹשֶׁה֙	4872	HNp
Num 32:2	וְ/אֶל	c/413	HC/R
Num 32:2	אֶלְעָזָ֣ר	499	HNp
Num 32:2	הַ/כֹּהֵ֔ן	d/3548	HTd/Ncmsa
Num 32:2	וְ/אֶל	c/413	HC/R
Num 32:2	נְשִׂיאֵ֥י	5387 a	HNcmpc
Num 32:2	הָ/עֵדָ֖ה	d/5712	HTd/Ncfsa
Num 32:2	לֵ/אמֹֽר	l/559	HR/Vqc
Num 32:3	עֲטָר֤וֹת	5852	HNp
Num 32:3	וְ/דִיבֹן֙	c/1769	HC/Np
Num 32:3	וְ/יַעְזֵ֣ר	c/3270	HC/Np
Num 32:3	וְ/נִמְרָ֔ה	c/5247	HC/Np
Num 32:3	וְ/חֶשְׁבּ֖וֹן	c/2809	HC/Np
Num 32:3	וְ/אֶלְעָלֵ֑ה	c/500	HC/Np
Num 32:3	וּ/שְׂבָ֥ם	c/7643	HC/Np
Num 32:3	וּ/נְב֖וֹ	c/5015 a	HC/Np
Num 32:3	וּ/בְעֹֽן	c/1194	HC/Np
Num 32:4	הָ/אָ֗רֶץ	d/776	HTd/Ncbsa
Num 32:4	אֲשֶׁ֨ר	834 a	HTr
Num 32:4	הִכָּ֤ה	5221	HVhp3ms
Num 32:4	יְהוָה֙	3068	HNp
Num 32:4	לִ/פְנֵי֙	l/6440	HR/Ncbpc
Num 32:4	עֲדַ֣ת	5712	HNcfsc
Num 32:4	יִשְׂרָאֵ֔ל	3478	HNp
Num 32:4	אֶ֥רֶץ	776	HNcbsc
Num 32:4	מִקְנֶ֖ה	4735	HNcmsa
Num 32:4	הִ֑וא	1931	HPp3fs
Num 32:4	וְ/לַֽ/עֲבָדֶ֖י/ךָ	c/l/5650	HC/R/Ncmpc/Sp2ms
Num 32:4	מִקְנֶֽה	4735	HNcmsa
Num 32:5	וַ/יֹּאמְר֗וּ	c/559	HC/Vqw3mp
Num 32:5	אִם	518 a	HC
Num 32:5	מָצָ֤אנוּ	4672	HVqp1cp
Num 32:5	חֵן֙	2580	HNcmsa
Num 32:5	בְּ/עֵינֶ֔י/ךָ	b/5869 a	HR/Ncbdc/Sp2ms
Num 32:5	יֻתַּ֞ן	5414	HVHi3ms
Num 32:5	אֶת	853	HTo
Num 32:5	הָ/אָ֧רֶץ	d/776	HTd/Ncbsa
Num 32:5	הַ/זֹּ֛את	d/2063	HTd/Pdxfs
Num 32:5	לַ/עֲבָדֶ֖י/ךָ	l/5650	HR/Ncmpc/Sp2ms
Num 32:5	לַ/אֲחֻזָּ֑ה	l/272	HR/Ncfsa
Num 32:5	אַל	408	HTn
Num 32:5	תַּעֲבִרֵ֖/נוּ	5674 a	HVhj2ms/Sp1cp
Num 32:5	אֶת	853	HTo
Num 32:5	הַ/יַּרְדֵּֽן	d/3383	HTd/Np
Num 32:6	וַ/יֹּ֣אמֶר	c/559	HC/Vqw3ms
Num 32:6	מֹשֶׁ֔ה	4872	HNp
Num 32:6	לִ/בְנֵי	l/1121 a	HR/Ncmpc
Num 32:6	גָ֖ד	1410	HNp
Num 32:6	וְ/לִ/בְנֵ֣י	c/l/1121 a	HC/R/Ncmpc
Num 32:6	רְאוּבֵ֑ן	7205	HNp
Num 32:6	הַ/אַֽחֵי/כֶ֗ם	i/251	HTi/Ncmpc/Sp2mp
Num 32:6	יָבֹ֨אוּ֙	935	HVqi3mp
Num 32:6	לַ/מִּלְחָמָ֔ה	l/4421	HRd/Ncfsa
Num 32:6	וְ/אַתֶּ֖ם	c/859 d	HC/Pp2mp
Num 32:6	תֵּ֥שְׁבוּ	3427	HVqi2mp
Num 32:6	פֹֽה	6311	HD
Num 32:7	וְ/לָ֣/מָּה	c/l/4100	HC/R/Ti
Num 32:7	תנואו/ן	5106	HVqi2mp/Sn
Num 32:7	אֶת	853	HTo
Num 32:7	לֵ֖ב	3820 a	HNcmsc
Num 32:7	בְּנֵ֣י	1121 a	HNcmpc
Num 32:7	יִשְׂרָאֵ֑ל	3478	HNp
Num 32:7	מֵֽ/עֲבֹר֙	m/5674 a	HR/Vqc
Num 32:7	אֶל	413	HR
Num 32:7	הָ/אָ֔רֶץ	d/776	HTd/Ncbsa
Num 32:7	אֲשֶׁר	834 a	HTr
Num 32:7	נָתַ֥ן	5414	HVqp3ms
Num 32:7	לָ/הֶ֖ם	l	HR/Sp3mp
Num 32:7	יְהוָֽה	3068	HNp
Num 32:8	כֹּ֥ה	3541	HD
Num 32:8	עָשׂ֖וּ	6213 a	HVqp3cp
Num 32:8	אֲבֹתֵי/כֶ֑ם	1	HNcmpc/Sp2mp
Num 32:8	בְּ/שָׁלְחִ֥/י	b/7971	HR/Vqc/Sp1cs
Num 32:8	אֹתָ֛/ם	853	HTo/Sp3mp
Num 32:8	מִ/קָּדֵ֥שׁ	m/6947+	HR/Np
Num 32:8	בַּרְנֵ֖עַ	6947	HNp
Num 32:8	לִ/רְא֥וֹת	l/7200	HR/Vqc
Num 32:8	אֶת	853	HTo
Num 32:8	הָ/אָֽרֶץ	d/776	HTd/Ncbsa
Num 32:9	וַֽ/יַּעֲל֞וּ	c/5927	HC/Vqw3mp
Num 32:9	עַד	5704	HR
Num 32:9	נַ֣חַל	5158 a	HNcmsc
Num 32:9	אֶשְׁכּ֗וֹל	812	HNp
Num 32:9	וַ/יִּרְאוּ֙	c/7200	HC/Vqw3mp
Num 32:9	אֶת	853	HTo
Num 32:9	הָ/אָ֔רֶץ	d/776	HTd/Ncbsa
Num 32:9	וַ/יָּנִ֕יאוּ	c/5106	HC/Vhw3mp
Num 32:9	אֶת	853	HTo
Num 32:9	לֵ֖ב	3820 a	HNcmsc
Num 32:9	בְּנֵ֣י	1121 a	HNcmpc
Num 32:9	יִשְׂרָאֵ֑ל	3478	HNp
Num 32:9	לְ/בִלְתִּי	l/1115	HR/C
Num 32:9	בֹא֙	935	HVqc
Num 32:9	אֶל	413	HR
Num 32:9	הָ/אָ֔רֶץ	d/776	HTd/Ncbsa
Num 32:9	אֲשֶׁר	834 a	HTr
Num 32:9	נָתַ֥ן	5414	HVqp3ms
Num 32:9	לָ/הֶ֖ם	l	HR/Sp3mp
Num 32:9	יְהוָֽה	3068	HNp
Num 32:10	וַ/יִּֽחַר	c/2734	HC/Vqw3ms
Num 32:10	אַ֥ף	639	HTa
Num 32:10	יְהוָ֖ה	3068	HNp
Num 32:10	בַּ/יּ֣וֹם	b/3117	HRd/Ncmsa
Num 32:10	הַ/ה֑וּא	d/1931	HTd/Pp3ms
Num 32:10	וַ/יִּשָּׁבַ֖ע	c/7650	HC/VNw3ms
Num 32:10	לֵ/אמֹֽר	l/559	HR/Vqc
Num 32:11	אִם	518 a	HC
Num 32:11	יִרְא֨וּ	7200	HVqi3mp
Num 32:11	הָ/אֲנָשִׁ֜ים	d/376	HTd/Ncmpa
Num 32:11	הָ/עֹלִ֣ים	d/5927	HTd/Vqrmpa
Num 32:11	מִ/מִּצְרַ֗יִם	m/4714	HR/Np
Num 32:11	מִ/בֶּ֨ן	m/1121 a	HR/Ncmsc
Num 32:11	עֶשְׂרִ֤ים	6242	HAcbpa
Num 32:11	שָׁנָה֙	8141	HNcfsa
Num 32:11	וָ/מַ֔עְלָ/ה	c/4605	HC/D/Sd
Num 32:11	אֵ֚ת	853	HTo
Num 32:11	הָ/אֲדָמָ֔ה	d/127	HTd/Ncfsa
Num 32:11	אֲשֶׁ֥ר	834 a	HTr
Num 32:11	נִשְׁבַּ֛עְתִּי	7650	HVNp1cs
Num 32:11	לְ/אַבְרָהָ֥ם	l/85	HR/Np
Num 32:11	לְ/יִצְחָ֖ק	l/3327	HR/Np
Num 32:11	וּֽ/לְ/יַעֲקֹ֑ב	c/l/3290	HC/R/Np
Num 32:11	כִּ֥י	3588 a	HC
Num 32:11	לֹא	3808	HTn
Num 32:11	מִלְא֖וּ	4390	HVpp3cp
Num 32:11	אַחֲרָֽ/י	310 a	HR/Sp1cs
Num 32:12	בִּלְתִּ֞י	1115	HC
Num 32:12	כָּלֵ֤ב	3612	HNp
Num 32:12	בֶּן	1121 a	HNcmsc
Num 32:12	יְפֻנֶּה֙	3312	HNp
Num 32:12	הַ/קְּנִזִּ֔י	d/7074	HTd/Ngmsa
Num 32:12	וִ/יהוֹשֻׁ֖עַ	c/3091	HC/Np
Num 32:12	בִּן	1121 a	HNcmsc
Num 32:12	נ֑וּן	5126	HNp
Num 32:12	כִּ֥י	3588 a	HC
Num 32:12	מִלְא֖וּ	4390	HVpp3cp
Num 32:12	אַחֲרֵ֥י	310 a	HR
Num 32:12	יְהוָֽה	3068	HNp
Num 32:13	וַ/יִּֽחַר	c/2734	HC/Vqw3ms
Num 32:13	אַ֤ף	639	HTa
Num 32:13	יְהוָה֙	3068	HNp
Num 32:13	בְּ/יִשְׂרָאֵ֔ל	b/3478	HR/Np
Num 32:13	וַ/יְנִעֵ/ם֙	c/5128	HC/Vhw3ms/Sp3mp
Num 32:13	בַּ/מִּדְבָּ֔ר	b/4057 b	HRd/Ncmsa
Num 32:13	אַרְבָּעִ֖ים	705	HAcbpa
Num 32:13	שָׁנָ֑ה	8141	HNcfsa
Num 32:13	עַד	5704	HR
Num 32:13	תֹּם֙	8552	HVqc
Num 32:13	כָּל	3605	HNcmsc
Num 32:13	הַ/דּ֔וֹר	d/1755	HTd/Ncmsa
Num 32:13	הָ/עֹשֶׂ֥ה	d/6213 a	HTd/Vqrmsa
Num 32:13	הָ/רַ֖ע	d/7451 a	HTd/Aamsa
Num 32:13	בְּ/עֵינֵ֥י	b/5869 a	HR/Ncbdc
Num 32:13	יְהוָֽה	3068	HNp
Num 32:14	וְ/הִנֵּ֣ה	c/2009	HC/Tm
Num 32:14	קַמְתֶּ֗ם	6965 b	HVqp2mp
Num 32:14	תַּ֚חַת	8478	HR
Num 32:14	אֲבֹ֣תֵי/כֶ֔ם	1	HNcmpc/Sp2mp
Num 32:14	תַּרְבּ֖וּת	8635	HNcfsc
Num 32:14	אֲנָשִׁ֣ים	376	HNcmpa
Num 32:14	חַטָּאִ֑ים	2400	HAampa
Num 32:14	לִ/סְפּ֣וֹת	l/5595	HR/Vqc
Num 32:14	ע֗וֹד	5750	HD
Num 32:14	עַ֛ל	5921 a	HR
Num 32:14	חֲר֥וֹן	2740	HNcmsc
Num 32:14	אַף	639	HTa
Num 32:14	יְהוָ֖ה	3068	HNp
Num 32:14	אֶל	413	HR
Num 32:14	יִשְׂרָאֵֽל	3478	HNp
Num 32:15	כִּ֤י	3588 a	HC
Num 32:15	תְשׁוּבֻ/ן֙	7725	HVqi2mp/Sn
Num 32:15	מֵֽ/אַחֲרָ֔י/ו	m/310 a	HR/R/Sp3ms
Num 32:15	וְ/יָסַ֣ף	c/3254	HC/Vqq3ms
Num 32:15	ע֔וֹד	5750	HD
Num 32:15	לְ/הַנִּיח֖/וֹ	l/3240	HR/Vhc/Sp3ms
Num 32:15	בַּ/מִּדְבָּ֑ר	b/4057 b	HRd/Ncmsa
Num 32:15	וְ/שִֽׁחַתֶּ֖ם	c/7843	HC/Vpq2mp
Num 32:15	לְ/כָל	l/3605	HR/Ncmsc
Num 32:15	הָ/עָ֥ם	d/5971 a	HTd/Ncmsa
Num 32:15	הַ/זֶּֽה	d/2088	HTd/Pdxms
Num 32:16	וַ/יִּגְּשׁ֤וּ	c/5066	HC/Vqw3mp
Num 32:16	אֵלָי/ו֙	413	HR/Sp3ms
Num 32:16	וַ֣/יֹּאמְר֔וּ	c/559	HC/Vqw3mp
Num 32:16	גִּדְרֹ֥ת	1448	HNcfpc
Num 32:16	צֹ֛אן	6629	HNcbsa
Num 32:16	נִבְנֶ֥ה	1129	HVqi1cp
Num 32:16	לְ/מִקְנֵ֖/נוּ	l/4735	HR/Ncmsc/Sp1cp
Num 32:16	פֹּ֑ה	6311	HD
Num 32:16	וְ/עָרִ֖ים	c/5892 b	HC/Ncfpa
Num 32:16	לְ/טַפֵּֽ/נוּ	l/2945	HR/Ncmsc/Sp1cp
Num 32:17	וַ/אֲנַ֜חְנוּ	c/587	HC/Pp1cp
Num 32:17	נֵחָלֵ֣ץ	2502 b	HVNi1cp
Num 32:17	חֻשִׁ֗ים	2363 a	HVqsmpa
Num 32:17	לִ/פְנֵי֙	l/6440	HR/Ncbpc
Num 32:17	בְּנֵ֣י	1121 a	HNcmpc
Num 32:17	יִשְׂרָאֵ֔ל	3478	HNp
Num 32:17	עַ֛ד	5704	HR
Num 32:17	אֲשֶׁ֥ר	834 a	HTr
Num 32:17	אִם	518 a	HC
Num 32:17	הֲבִֽיאֹנֻ֖/ם	935	HVhp1cp/Sp3mp
Num 32:17	אֶל	413	HR
Num 32:17	מְקוֹמָ֑/ם	4725	HNcmsc/Sp3mp
Num 32:17	וְ/יָשַׁ֤ב	c/3427	HC/Vqq3ms
Num 32:17	טַפֵּ֨/נוּ֙	2945	HNcmsc/Sp1cp
Num 32:17	בְּ/עָרֵ֣י	b/5892 b	HR/Ncfpc
Num 32:17	הַ/מִּבְצָ֔ר	d/4013	HTd/Ncmsa
Num 32:17	מִ/פְּנֵ֖י	m/6440	HR/Ncbpc
Num 32:17	יֹשְׁבֵ֥י	3427	HVqrmpc
Num 32:17	הָ/אָֽרֶץ	d/776	HTd/Ncbsa
Num 32:18	לֹ֥א	3808	HTn
Num 32:18	נָשׁ֖וּב	7725	HVqi1cp
Num 32:18	אֶל	413	HR
Num 32:18	בָּתֵּ֑י/נוּ	1004 b	HNcmpc/Sp1cp
Num 32:18	עַ֗ד	5704	HR
Num 32:18	הִתְנַחֵל֙	5157	HVtc
Num 32:18	בְּנֵ֣י	1121 a	HNcmpc
Num 32:18	יִשְׂרָאֵ֔ל	3478	HNp
Num 32:18	אִ֖ישׁ	376	HNcmsa
Num 32:18	נַחֲלָתֽ/וֹ	5159	HNcfsc/Sp3ms
Num 32:19	כִּ֣י	3588 a	HC
Num 32:19	לֹ֤א	3808	HTn
Num 32:19	נִנְחַל֙	5157	HVqi1cp
Num 32:19	אִתָּ֔/ם	854	HR/Sp3mp
Num 32:19	מֵ/עֵ֥בֶר	m/5676	HR/Ncmsa
Num 32:19	לַ/יַּרְדֵּ֖ן	l/3383	HRd/Np
Num 32:19	וָ/הָ֑לְאָה	c/1973	HC/D
Num 32:19	כִּ֣י	3588 a	HC
Num 32:19	בָ֤אָה	935	HVqp3fs
Num 32:19	נַחֲלָתֵ֨/נוּ֙	5159	HNcfsc/Sp1cp
Num 32:19	אֵלֵ֔י/נוּ	413	HR/Sp1cp
Num 32:19	מֵ/עֵ֥בֶר	m/5676	HR/Ncmsc
Num 32:19	הַ/יַּרְדֵּ֖ן	d/3383	HTd/Np
Num 32:19	מִזְרָֽחָ/ה	4217	HNcmsa/Sd
Num 32:20	וַ/יֹּ֤אמֶר	c/559	HC/Vqw3ms
Num 32:20	אֲלֵי/הֶם֙	413	HR/Sp3mp
Num 32:20	מֹשֶׁ֔ה	4872	HNp
Num 32:20	אִֽם	518 a	HC
Num 32:20	תַּעֲשׂ֖וּ/ן	6213 a	HVqi2mp/Sn
Num 32:20	אֶת	853	HTo
Num 32:20	הַ/דָּבָ֣ר	d/1697	HTd/Ncmsa
Num 32:20	הַ/זֶּ֑ה	d/2088	HTd/Pdxms
Num 32:20	אִם	518 a	HC
Num 32:20	תֵּחָֽלְצ֛וּ	2502 b	HVNi2mp
Num 32:20	לִ/פְנֵ֥י	l/6440	HR/Ncbpc
Num 32:20	יְהוָ֖ה	3068	HNp
Num 32:20	לַ/מִּלְחָמָֽה	l/4421	HRd/Ncfsa
Num 32:21	וְ/עָבַ֨ר	c/5674 a	HC/Vqq3ms
Num 32:21	לָ/כֶ֧ם	l	HR/Sp2mp
Num 32:21	כָּל	3605	HNcmsc
Num 32:21	חָל֛וּץ	2502 b	HVqsmsa
Num 32:21	אֶת	853	HTo
Num 32:21	הַ/יַּרְדֵּ֖ן	d/3383	HTd/Np
Num 32:21	לִ/פְנֵ֣י	l/6440	HR/Ncbpc
Num 32:21	יְהוָ֑ה	3068	HNp
Num 32:21	עַ֧ד	5704	HR
Num 32:21	הוֹרִישׁ֛/וֹ	3423	HVhc/Sp3ms
Num 32:21	אֶת	853	HTo
Num 32:21	אֹיְבָ֖י/ו	341	HVqrmpc/Sp3ms
Num 32:21	מִ/פָּנָֽי/ו	m/6440	HR/Ncbpc/Sp3ms
Num 32:22	וְ/נִכְבְּשָׁ֨ה	c/3533	HC/VNq3fs
Num 32:22	הָ/אָ֜רֶץ	d/776	HTd/Ncbsa
Num 32:22	לִ/פְנֵ֤י	l/6440	HR/Ncbpc
Num 32:22	יְהוָה֙	3068	HNp
Num 32:22	וְ/אַחַ֣ר	c/310 a	HC/D
Num 32:22	תָּשֻׁ֔בוּ	7725	HVqi2mp
Num 32:22	וִ/הְיִיתֶ֧ם	c/1961	HC/Vqq2mp
Num 32:22	נְקִיִּ֛ים	5355 a	HAampa
Num 32:22	מֵ/יְהוָ֖ה	m/3068	HR/Np
Num 32:22	וּ/מִ/יִּשְׂרָאֵ֑ל	c/m/3478	HC/R/Np
Num 32:22	וְ֠/הָיְתָה	c/1961	HC/Vqq3fs
Num 32:22	הָ/אָ֨רֶץ	d/776	HTd/Ncbsa
Num 32:22	הַ/זֹּ֥את	d/2063	HTd/Pdxfs
Num 32:22	לָ/כֶ֛ם	l	HR/Sp2mp
Num 32:22	לַ/אֲחֻזָּ֖ה	l/272	HR/Ncfsa
Num 32:22	לִ/פְנֵ֥י	l/6440	HR/Ncbpc
Num 32:22	יְהוָֽה	3068	HNp
Num 32:23	וְ/אִם	c/518 a	HC/C
Num 32:23	לֹ֤א	3808	HTn
Num 32:23	תַעֲשׂוּ/ן֙	6213 a	HVqi2mp/Sn
Num 32:23	כֵּ֔ן	3651 c	HTm
Num 32:23	הִנֵּ֥ה	2009	HTm
Num 32:23	חֲטָאתֶ֖ם	2398	HVqp2mp
Num 32:23	לַ/יהוָ֑ה	l/3068	HR/Np
Num 32:23	וּ/דְעוּ֙	c/3045	HC/Vqv2mp
Num 32:23	חַטַּאתְ/כֶ֔ם	2403 b	HNcfsc/Sp2mp
Num 32:23	אֲשֶׁ֥ר	834 a	HTr
Num 32:23	תִּמְצָ֖א	4672	HVqi3fs
Num 32:23	אֶתְ/כֶֽם	853	HTo/Sp2mp
Num 32:24	בְּנֽוּ	1129	HVqv2mp
Num 32:24	לָ/כֶ֤ם	l	HR/Sp2mp
Num 32:24	עָרִים֙	5892 b	HNcfpa
Num 32:24	לְ/טַפְּ/כֶ֔ם	l/2945	HR/Ncmsc/Sp2mp
Num 32:24	וּ/גְדֵרֹ֖ת	c/1448	HC/Ncfpa
Num 32:24	לְ/צֹנַאֲ/כֶ֑ם	l/6792	HR/Ncmsc/Sp2mp
Num 32:24	וְ/הַ/יֹּצֵ֥א	c/d/3318	HC/Td/Vqrmsa
Num 32:24	מִ/פִּי/כֶ֖ם	m/6310	HR/Ncmsc/Sp2mp
Num 32:24	תַּעֲשֽׂוּ	6213 a	HVqi2mp
Num 32:25	וַ/יֹּ֤אמֶר	c/559	HC/Vqw3ms
Num 32:25	בְּנֵי	1121 a	HNcmpc
Num 32:25	גָד֙	1410	HNp
Num 32:25	וּ/בְנֵ֣י	c/1121 a	HC/Ncmpc
Num 32:25	רְאוּבֵ֔ן	7205	HNp
Num 32:25	אֶל	413	HR
Num 32:25	מֹשֶׁ֖ה	4872	HNp
Num 32:25	לֵ/אמֹ֑ר	l/559	HR/Vqc
Num 32:25	עֲבָדֶ֣י/ךָ	5650	HNcmpc/Sp2ms
Num 32:25	יַעֲשׂ֔וּ	6213 a	HVqi3mp
Num 32:25	כַּ/אֲשֶׁ֥ר	k/834 d	HR/Tr
Num 32:25	אֲדֹנִ֖/י	113	HNcmsc/Sp1cs
Num 32:25	מְצַוֶּֽה	6680	HVprmsa
Num 32:26	טַפֵּ֣/נוּ	2945	HNcmsc/Sp1cp
Num 32:26	נָשֵׁ֔י/נוּ	802	HNcfpc/Sp1cp
Num 32:26	מִקְנֵ֖/נוּ	4735	HNcmsc/Sp1cp
Num 32:26	וְ/כָל	c/3605	HC/Ncmsc
Num 32:26	בְּהֶמְתֵּ֑/נוּ	929	HNcfsc/Sp1cp
Num 32:26	יִֽהְיוּ	1961	HVqi3mp
Num 32:26	שָׁ֖ם	8033	HD
Num 32:26	בְּ/עָרֵ֥י	b/5892 b	HR/Ncfpc
Num 32:26	הַ/גִּלְעָֽד	d/1568	HTd/Np
Num 32:27	וַ/עֲבָדֶ֨י/ךָ	c/5650	HC/Ncmpc/Sp2ms
Num 32:27	יַֽעַבְר֜וּ	5674 a	HVqi3mp
Num 32:27	כָּל	3605	HNcmsc
Num 32:27	חֲל֥וּץ	2502 b	HVqsmsc
Num 32:27	צָבָ֛א	6635 a	HNcbsa
Num 32:27	לִ/פְנֵ֥י	l/6440	HR/Ncbpc
Num 32:27	יְהוָ֖ה	3068	HNp
Num 32:27	לַ/מִּלְחָמָ֑ה	l/4421	HRd/Ncfsa
Num 32:27	כַּ/אֲשֶׁ֥ר	k/834 d	HR/Tr
Num 32:27	אֲדֹנִ֖/י	113	HNcmsc/Sp1cs
Num 32:27	דֹּבֵֽר	1696	HVqrmsa
Num 32:28	וַ/יְצַ֤ו	c/6680	HC/Vpw3ms
Num 32:28	לָ/הֶם֙	l	HR/Sp3mp
Num 32:28	מֹשֶׁ֔ה	4872	HNp
Num 32:28	אֵ֚ת	853	HTo
Num 32:28	אֶלְעָזָ֣ר	499	HNp
Num 32:28	הַ/כֹּהֵ֔ן	d/3548	HTd/Ncmsa
Num 32:28	וְ/אֵ֖ת	c/853	HC/To
Num 32:28	יְהוֹשֻׁ֣עַ	3091	HNp
Num 32:28	בִּן	1121 a	HNcmsc
Num 32:28	נ֑וּן	5126	HNp
Num 32:28	וְ/אֶת	c/853	HC/To
Num 32:28	רָאשֵׁ֛י	7218 a	HNcmpc
Num 32:28	אֲב֥וֹת	1	HNcmpc
Num 32:28	הַ/מַּטּ֖וֹת	d/4294	HTd/Ncmpa
Num 32:28	לִ/בְנֵ֥י	l/1121 a	HR/Ncmpc
Num 32:28	יִשְׂרָאֵֽל	3478	HNp
Num 32:29	וַ/יֹּ֨אמֶר	c/559	HC/Vqw3ms
Num 32:29	מֹשֶׁ֜ה	4872	HNp
Num 32:29	אֲלֵ/הֶ֗ם	413	HR/Sp3mp
Num 32:29	אִם	518 a	HC
Num 32:29	יַעַבְר֣וּ	5674 a	HVqi3mp
Num 32:29	בְנֵי	1121 a	HNcmpc
Num 32:29	גָ֣ד	1410	HNp
Num 32:29	וּ/בְנֵי	c/1121 a	HC/Ncmpc
Num 32:29	רְאוּבֵ֣ן	7205	HNp
Num 32:29	אִ֠תְּ/כֶם	854	HR/Sp2mp
Num 32:29	אֶֽת	853	HTo
Num 32:29	הַ/יַּרְדֵּ֞ן	d/3383	HTd/Np
Num 32:29	כָּל	3605	HNcmsc
Num 32:29	חָל֤וּץ	2502 b	HVqsmsa
Num 32:29	לַ/מִּלְחָמָה֙	l/4421	HRd/Ncfsa
Num 32:29	לִ/פְנֵ֣י	l/6440	HR/Ncbpc
Num 32:29	יְהוָ֔ה	3068	HNp
Num 32:29	וְ/נִכְבְּשָׁ֥ה	c/3533	HC/VNq3fs
Num 32:29	הָ/אָ֖רֶץ	d/776	HTd/Ncbsa
Num 32:29	לִ/פְנֵי/כֶ֑ם	l/6440	HR/Ncbpc/Sp2mp
Num 32:29	וּ/נְתַתֶּ֥ם	c/5414	HC/Vqq2mp
Num 32:29	לָ/הֶ֛ם	l	HR/Sp3mp
Num 32:29	אֶת	853	HTo
Num 32:29	אֶ֥רֶץ	776	HNcbsc
Num 32:29	הַ/גִּלְעָ֖ד	d/1568	HTd/Np
Num 32:29	לַ/אֲחֻזָּֽה	l/272	HR/Ncfsa
Num 32:30	וְ/אִם	c/518 a	HC/C
Num 32:30	לֹ֧א	3808	HTn
Num 32:30	יַֽעַבְר֛וּ	5674 a	HVqi3mp
Num 32:30	חֲלוּצִ֖ים	2502 b	HVqsmpa
Num 32:30	אִתְּ/כֶ֑ם	854	HR/Sp2mp
Num 32:30	וְ/נֹֽאחֲז֥וּ	c/270	HC/VNq3cp
Num 32:30	בְ/תֹכְ/כֶ֖ם	b/8432	HR/Ncmsc/Sp2mp
Num 32:30	בְּ/אֶ֥רֶץ	b/776	HR/Ncbsc
Num 32:30	כְּנָֽעַן	3667 a	HNp
Num 32:31	וַ/יַּֽעֲנ֧וּ	c/6030 b	HC/Vqw3mp
Num 32:31	בְנֵי	1121 a	HNcmpc
Num 32:31	גָ֛ד	1410	HNp
Num 32:31	וּ/בְנֵ֥י	c/1121 a	HC/Ncmpc
Num 32:31	רְאוּבֵ֖ן	7205	HNp
Num 32:31	לֵ/אמֹ֑ר	l/559	HR/Vqc
Num 32:31	אֵת֩	853	HTo
Num 32:31	אֲשֶׁ֨ר	834 a	HTr
Num 32:31	דִּבֶּ֧ר	1696	HVpp3ms
Num 32:31	יְהוָ֛ה	3068	HNp
Num 32:31	אֶל	413	HR
Num 32:31	עֲבָדֶ֖י/ךָ	5650	HNcmpc/Sp2ms
Num 32:31	כֵּ֥ן	3651 c	HTm
Num 32:31	נַעֲשֶֽׂה	6213 a	HVqi1cp
Num 32:32	נַ֣חְנוּ	5168	HPp1cp
Num 32:32	נַעֲבֹ֧ר	5674 a	HVqi1cp
Num 32:32	חֲלוּצִ֛ים	2502 b	HVqsmpa
Num 32:32	לִ/פְנֵ֥י	l/6440	HR/Ncbpc
Num 32:32	יְהוָ֖ה	3068	HNp
Num 32:32	אֶ֣רֶץ	776	HNcbsc
Num 32:32	כְּנָ֑עַן	3667 a	HNp
Num 32:32	וְ/אִתָּ֨/נוּ֙	c/854	HC/R/Sp1cp
Num 32:32	אֲחֻזַּ֣ת	272	HNcfsc
Num 32:32	נַחֲלָתֵ֔/נוּ	5159	HNcfsc/Sp1cp
Num 32:32	מֵ/עֵ֖בֶר	m/5676	HR/Ncmsa
Num 32:32	לַ/יַּרְדֵּֽן	l/3383	HRd/Np
Num 32:33	וַ/יִּתֵּ֣ן	c/5414	HC/Vqw3ms
Num 32:33	לָ/הֶ֣ם	l	HR/Sp3mp
Num 32:33	מֹשֶׁ֡ה	4872	HNp
Num 32:33	לִ/בְנֵי	l/1121 a	HR/Ncmpc
Num 32:33	גָד֩	1410	HNp
Num 32:33	וְ/לִ/בְנֵ֨י	c/l/1121 a	HC/R/Ncmpc
Num 32:33	רְאוּבֵ֜ן	7205	HNp
Num 32:33	וְ/לַ/חֲצִ֣י	c/l/2677	HC/R/Ncmsc
Num 32:33	שֵׁ֣בֶט	7626	HNcmsc
Num 32:33	מְנַשֶּׁ֣ה	4519	HNp
Num 32:33	בֶן	1121 a	HNcmsc
Num 32:33	יוֹסֵ֗ף	3130	HNp
Num 32:33	אֶת	853	HTo
Num 32:33	מַמְלֶ֨כֶת֙	4467	HNcfsc
Num 32:33	סִיחֹן֙	5511	HNp
Num 32:33	מֶ֣לֶךְ	4428	HNcmsc
Num 32:33	הָֽ/אֱמֹרִ֔י	d/567	HTd/Ngmsa
Num 32:33	וְ/אֶת	c/853	HC/To
Num 32:33	מַמְלֶ֔כֶת	4467	HNcfsc
Num 32:33	ע֖וֹג	5747	HNp
Num 32:33	מֶ֣לֶךְ	4428	HNcmsc
Num 32:33	הַ/בָּשָׁ֑ן	d/1316	HTd/Np
Num 32:33	הָ/אָ֗רֶץ	d/776	HTd/Ncbsa
Num 32:33	לְ/עָרֶ֨י/הָ֙	l/5892 b	HR/Ncfpc/Sp3fs
Num 32:33	בִּ/גְבֻלֹ֔ת	b/1367	HR/Ncfpc
Num 32:33	עָרֵ֥י	5892 b	HNcfpc
Num 32:33	הָ/אָ֖רֶץ	d/776	HTd/Ncbsa
Num 32:33	סָבִֽיב	5439	HNcbsa
Num 32:34	וַ/יִּבְנ֣וּ	c/1129	HC/Vqw3mp
Num 32:34	בְנֵי	1121 a	HNcmpc
Num 32:34	גָ֔ד	1410	HNp
Num 32:34	אֶת	853	HTo
Num 32:34	דִּיבֹ֖ן	1769	HNp
Num 32:34	וְ/אֶת	c/853	HC/To
Num 32:34	עֲטָרֹ֑ת	5852	HNp
Num 32:34	וְ/אֵ֖ת	c/853	HC/To
Num 32:34	עֲרֹעֵֽר	6177	HNp
Num 32:35	וְ/אֶת	c/853	HC/To
Num 32:35	עַטְרֹ֥ת	5855+	HNp
Num 32:35	שׁוֹפָ֛ן	5855	HNp
Num 32:35	וְ/אֶת	c/853	HC/To
Num 32:35	יַעְזֵ֖ר	3270	HNp
Num 32:35	וְ/יָגְבֳּהָֽה	c/3011	HC/Np
Num 32:36	וְ/אֶת	c/853	HC/To
Num 32:36	בֵּ֥ית	1039+	HNp
Num 32:36	נִמְרָ֖ה	1039	HNp
Num 32:36	וְ/אֶת	c/853	HC/To
Num 32:36	בֵּ֣ית	1028+	HNp
Num 32:36	הָרָ֑ן	1028	HNp
Num 32:36	עָרֵ֥י	5892 b	HNcfpc
Num 32:36	מִבְצָ֖ר	4013	HNcmsa
Num 32:36	וְ/גִדְרֹ֥ת	c/1448	HC/Ncfpc
Num 32:36	צֹֽאן	6629	HNcbsa
Num 32:37	וּ/בְנֵ֤י	c/1121 a	HC/Ncmpc
Num 32:37	רְאוּבֵן֙	7205	HNp
Num 32:37	בָּנ֔וּ	1129	HVqp3cp
Num 32:37	אֶת	853	HTo
Num 32:37	חֶשְׁבּ֖וֹן	2809	HNp
Num 32:37	וְ/אֶת	c/853	HC/To
Num 32:37	אֶלְעָלֵ֑א	500	HNp
Num 32:37	וְ/אֵ֖ת	c/853	HC/To
Num 32:37	קִרְיָתָֽיִם	7156	HNp
Num 32:38	וְ/אֶת	c/853	HC/To
Num 32:38	נְב֞וֹ	5015 a	HNp
Num 32:38	וְ/אֶת	c/853	HC/To
Num 32:38	בַּ֧עַל	1186+	HNp
Num 32:38	מְע֛וֹן	1186	HNp
Num 32:38	מֽוּסַבֹּ֥ת	5437	HVHsfpc
Num 32:38	שֵׁ֖ם	8034	HNcmsa
Num 32:38	וְ/אֶת	c/853	HC/To
Num 32:38	שִׂבְמָ֑ה	7643	HNp
Num 32:38	וַ/יִּקְרְא֣וּ	c/7121	HC/Vqw3mp
Num 32:38	בְ/שֵׁמֹ֔ת	b/8034	HR/Ncmpa
Num 32:38	אֶת	853	HTo
Num 32:38	שְׁמ֥וֹת	8034	HNcmpc
Num 32:38	הֶ/עָרִ֖ים	d/5892 b	HTd/Ncfpa
Num 32:38	אֲשֶׁ֥ר	834 a	HTr
Num 32:38	בָּנֽוּ	1129	HVqp3cp
Num 32:39	וַ/יֵּ֨לְכ֜וּ	c/3212	HC/Vqw3mp
Num 32:39	בְּנֵ֨י	1121 a	HNcmpc
Num 32:39	מָכִ֧יר	4353	HNp
Num 32:39	בֶּן	1121 a	HNcmsc
Num 32:39	מְנַשֶּׁ֛ה	4519	HNp
Num 32:39	גִּלְעָ֖דָ/ה	1568	HNp/Sd
Num 32:39	וַֽ/יִּלְכְּדֻ֑/הָ	c/3920	HC/Vqw3mp/Sp3fs
Num 32:39	וַ/יּ֖וֹרֶשׁ	c/3423	HC/Vhw3ms
Num 32:39	אֶת	853	HTo
Num 32:39	הָ/אֱמֹרִ֥י	d/567	HTd/Ngmsa
Num 32:39	אֲשֶׁר	834 a	HTr
Num 32:39	בָּֽ/הּ	b	HR/Sp3fs
Num 32:40	וַ/יִּתֵּ֤ן	c/5414	HC/Vqw3ms
Num 32:40	מֹשֶׁה֙	4872	HNp
Num 32:40	אֶת	853	HTo
Num 32:40	הַ/גִּלְעָ֔ד	d/1568	HTd/Np
Num 32:40	לְ/מָכִ֖יר	l/4353	HR/Np
Num 32:40	בֶּן	1121 a	HNcmsc
Num 32:40	מְנַשֶּׁ֑ה	4519	HNp
Num 32:40	וַ/יֵּ֖שֶׁב	c/3427	HC/Vqw3ms
Num 32:40	בָּֽ/הּ	b	HR/Sp3fs
Num 32:41	וְ/יָאִ֤יר	c/2971	HC/Np
Num 32:41	בֶּן	1121 a	HNcmsc
Num 32:41	מְנַשֶּׁה֙	4519	HNp
Num 32:41	הָלַ֔ךְ	1980	HVqp3ms
Num 32:41	וַ/יִּלְכֹּ֖ד	c/3920	HC/Vqw3ms
Num 32:41	אֶת	853	HTo
Num 32:41	חַוֺּתֵי/הֶ֑ם	2333	HNcfpc/Sp3mp
Num 32:41	וַ/יִּקְרָ֥א	c/7121	HC/Vqw3ms
Num 32:41	אֶתְ/הֶ֖ן	853	HTo/Sp3fp
Num 32:41	חַוֺּ֥ת	2334+	HNcfpc
Num 32:41	יָאִֽיר	2334	HNp
Num 32:42	וְ/נֹ֣בַח	c/5025	HC/Np
Num 32:42	הָלַ֔ךְ	1980	HVqp3ms
Num 32:42	וַ/יִּלְכֹּ֥ד	c/3920	HC/Vqw3ms
Num 32:42	אֶת	853	HTo
Num 32:42	קְנָ֖ת	7079	HNp
Num 32:42	וְ/אֶת	c/853	HC/To
Num 32:42	בְּנֹתֶ֑י/הָ	1323	HNcfpc/Sp3fs
Num 32:42	וַ/יִּקְרָ֧א	c/7121	HC/Vqw3ms
Num 32:42	לָ֦/ה	l	HR/Sp3fs
Num 32:42	נֹ֖בַח	5025	HNp
Num 32:42	בִּ/שְׁמֽ/וֹ	b/8034	HR/Ncmsc/Sp3ms
Num 33:1	אֵ֜לֶּה	428	HPdxcp
Num 33:1	מַסְעֵ֣י	4550	HNcmpc
Num 33:1	בְנֵֽי	1121 a	HNcmpc
Num 33:1	יִשְׂרָאֵ֗ל	3478	HNp
Num 33:1	אֲשֶׁ֥ר	834 a	HTr
Num 33:1	יָצְא֛וּ	3318	HVqp3cp
Num 33:1	מֵ/אֶ֥רֶץ	m/776	HR/Ncbsc
Num 33:1	מִצְרַ֖יִם	4714	HNp
Num 33:1	לְ/צִבְאֹתָ֑/ם	l/6635 a	HR/Ncbpc/Sp3mp
Num 33:1	בְּ/יַד	b/3027	HR/Ncbsc
Num 33:1	מֹשֶׁ֖ה	4872	HNp
Num 33:1	וְ/אַהֲרֹֽן	c/175	HC/Np
Num 33:2	וַ/יִּכְתֹּ֨ב	c/3789	HC/Vqw3ms
Num 33:2	מֹשֶׁ֜ה	4872	HNp
Num 33:2	אֶת	853	HTo
Num 33:2	מוֹצָאֵי/הֶ֛ם	4161	HNcmpc/Sp3mp
Num 33:2	לְ/מַסְעֵי/הֶ֖ם	l/4550	HR/Ncmpc/Sp3mp
Num 33:2	עַל	5921 a	HR
Num 33:2	פִּ֣י	6310	HNcmsc
Num 33:2	יְהוָ֑ה	3068	HNp
Num 33:2	וְ/אֵ֥לֶּה	c/428	HC/Pdxcp
Num 33:2	מַסְעֵי/הֶ֖ם	4550	HNcmpc/Sp3mp
Num 33:2	לְ/מוֹצָאֵי/הֶֽם	l/4161	HR/Ncmpc/Sp3mp
Num 33:3	וַ/יִּסְע֤וּ	c/5265	HC/Vqw3mp
Num 33:3	מֵֽ/רַעְמְסֵס֙	m/7486	HR/Np
Num 33:3	בַּ/חֹ֣דֶשׁ	b/2320	HRd/Ncmsa
Num 33:3	הָֽ/רִאשׁ֔וֹן	d/7223	HTd/Aomsa
Num 33:3	בַּ/חֲמִשָּׁ֥ה	b/2568	HR/Acmsa
Num 33:3	עָשָׂ֛ר	6240	HAcmsa
Num 33:3	י֖וֹם	3117	HNcmsa
Num 33:3	לַ/חֹ֣דֶשׁ	l/2320	HRd/Ncmsa
Num 33:3	הָ/רִאשׁ֑וֹן	d/7223	HTd/Aomsa
Num 33:3	מִֽ/מָּחֳרַ֣ת	m/4283	HR/Ncfsc
Num 33:3	הַ/פֶּ֗סַח	d/6453	HTd/Ncmsa
Num 33:3	יָצְא֤וּ	3318	HVqp3cp
Num 33:3	בְנֵֽי	1121 a	HNcmpc
Num 33:3	יִשְׂרָאֵל֙	3478	HNp
Num 33:3	בְּ/יָ֣ד	b/3027	HR/Ncbsa
Num 33:3	רָמָ֔ה	7311 a	HVqrfsa
Num 33:3	לְ/עֵינֵ֖י	l/5869 a	HR/Ncbdc
Num 33:3	כָּל	3605	HNcmsc
Num 33:3	מִצְרָֽיִם	4713	HNp
Num 33:4	וּ/מִצְרַ֣יִם	c/4713	HC/Np
Num 33:4	מְקַבְּרִ֗ים	6912	HVprmpa
Num 33:4	אֵת֩	853	HTo
Num 33:4	אֲשֶׁ֨ר	834 a	HTr
Num 33:4	הִכָּ֧ה	5221	HVhp3ms
Num 33:4	יְהוָ֛ה	3068	HNp
Num 33:4	בָּ/הֶ֖ם	b	HR/Sp3mp
Num 33:4	כָּל	3605	HNcmsc
Num 33:4	בְּכ֑וֹר	1060	HNcmsa
Num 33:4	וּ/בֵ/אלֹ֣הֵי/הֶ֔ם	c/b/430	HC/R/Ncmpc/Sp3mp
Num 33:4	עָשָׂ֥ה	6213 a	HVqp3ms
Num 33:4	יְהוָ֖ה	3068	HNp
Num 33:4	שְׁפָטִֽים	8201	HNcmpa
Num 33:5	וַ/יִּסְע֥וּ	c/5265	HC/Vqw3mp
Num 33:5	בְנֵֽי	1121 a	HNcmpc
Num 33:5	יִשְׂרָאֵ֖ל	3478	HNp
Num 33:5	מֵ/רַעְמְסֵ֑ס	m/7486	HR/Np
Num 33:5	וַֽ/יַּחֲנ֖וּ	c/2583	HC/Vqw3mp
Num 33:5	בְּ/סֻכֹּֽת	b/5523	HR/Np
Num 33:6	וַ/יִּסְע֖וּ	c/5265	HC/Vqw3mp
Num 33:6	מִ/סֻּכֹּ֑ת	m/5523	HR/Np
Num 33:6	וַ/יַּחֲנ֣וּ	c/2583	HC/Vqw3mp
Num 33:6	בְ/אֵתָ֔ם	b/864	HR/Np
Num 33:6	אֲשֶׁ֖ר	834 a	HTr
Num 33:6	בִּ/קְצֵ֥ה	b/7097 a	HR/Ncbsc
Num 33:6	הַ/מִּדְבָּֽר	d/4057 b	HTd/Ncmsa
Num 33:7	וַ/יִּסְעוּ֙	c/5265	HC/Vqw3mp
Num 33:7	מֵֽ/אֵתָ֔ם	m/864	HR/Np
Num 33:7	וַ/יָּ֨שָׁב֙	c/7725	HC/Vqw3ms
Num 33:7	עַל	5921 a	HR
Num 33:7	פִּ֣י	6367+	HNp
Num 33:7	הַחִירֹ֔ת	6367	HNp
Num 33:7	אֲשֶׁ֥ר	834 a	HTr
Num 33:7	עַל	5921 a	HR
Num 33:7	פְּנֵ֖י	6440	HNcbpc
Num 33:7	בַּ֣עַל	1189+	HNp
Num 33:7	צְפ֑וֹן	1189	HNp
Num 33:7	וַֽ/יַּחֲנ֖וּ	c/2583	HC/Vqw3mp
Num 33:7	לִ/פְנֵ֥י	l/6440	HR/Ncbpc
Num 33:7	מִגְדֹּֽל	4024 b	HNp
Num 33:8	וַ/יִּסְעוּ֙	c/5265	HC/Vqw3mp
Num 33:8	מִ/פְּנֵ֣י	m/6440	HR/Ncbpc
Num 33:8	הַֽ/חִירֹ֔ת	d/6367	HTd/Np
Num 33:8	וַ/יַּֽעַבְר֥וּ	c/5674 a	HC/Vqw3mp
Num 33:8	בְ/תוֹךְ	b/8432	HR/Ncmsc
Num 33:8	הַ/יָּ֖ם	d/3220	HTd/Ncmsa
Num 33:8	הַ/מִּדְבָּ֑רָ/ה	d/4057 b	HTd/Ncmsa/Sd
Num 33:8	וַ/יֵּ֨לְכ֜וּ	c/3212	HC/Vqw3mp
Num 33:8	דֶּ֣רֶךְ	1870	HNcbsc
Num 33:8	שְׁלֹ֤שֶׁת	7969	HAcmsc
Num 33:8	יָמִים֙	3117	HNcmpa
Num 33:8	בְּ/מִדְבַּ֣ר	b/4057 b	HR/Ncmsc
Num 33:8	אֵתָ֔ם	864	HNp
Num 33:8	וַֽ/יַּחֲנ֖וּ	c/2583	HC/Vqw3mp
Num 33:8	בְּ/מָרָֽה	b/4785	HR/Np
Num 33:9	וַ/יִּסְעוּ֙	c/5265	HC/Vqw3mp
Num 33:9	מִ/מָּרָ֔ה	m/4785	HR/Np
Num 33:9	וַ/יָּבֹ֖אוּ	c/935	HC/Vqw3mp
Num 33:9	אֵילִ֑מָ/ה	362	HNp/Sd
Num 33:9	וּ֠/בְ/אֵילִם	c/b/362	HC/R/Np
Num 33:9	שְׁתֵּ֣ים	8147	HAcfda
Num 33:9	עֶשְׂרֵ֞ה	6240	HAcfsa
Num 33:9	עֵינֹ֥ת	5869 b	HNcbpc
Num 33:9	מַ֛יִם	4325	HNcmpa
Num 33:9	וְ/שִׁבְעִ֥ים	c/7657	HC/Acbpa
Num 33:9	תְּמָרִ֖ים	8558	HNcmpa
Num 33:9	וַ/יַּחֲנוּ	c/2583	HC/Vqw3mp
Num 33:9	שָֽׁם	8033	HD
Num 33:10	וַ/יִּסְע֖וּ	c/5265	HC/Vqw3mp
Num 33:10	מֵ/אֵילִ֑ם	m/362	HR/Np
Num 33:10	וַֽ/יַּחֲנ֖וּ	c/2583	HC/Vqw3mp
Num 33:10	עַל	5921 a	HR
Num 33:10	יַם	3220	HNcmsc
Num 33:10	סֽוּף	5488	HNcmsa
Num 33:11	וַ/יִּסְע֖וּ	c/5265	HC/Vqw3mp
Num 33:11	מִ/יַּם	m/3220	HR/Ncmsc
Num 33:11	ס֑וּף	5488	HNcmsa
Num 33:11	וַֽ/יַּחֲנ֖וּ	c/2583	HC/Vqw3mp
Num 33:11	בְּ/מִדְבַּר	b/4057 b	HR/Ncmsc
Num 33:11	סִֽין	5512 b	HNp
Num 33:12	וַ/יִּסְע֖וּ	c/5265	HC/Vqw3mp
Num 33:12	מִ/מִּדְבַּר	m/4057 b	HR/Ncmsc
Num 33:12	סִ֑ין	5512 b	HNp
Num 33:12	וַֽ/יַּחֲנ֖וּ	c/2583	HC/Vqw3mp
Num 33:12	בְּ/דָפְקָֽה	b/1850	HR/Np
Num 33:13	וַ/יִּסְע֖וּ	c/5265	HC/Vqw3mp
Num 33:13	מִ/דָּפְקָ֑ה	m/1850	HR/Np
Num 33:13	וַֽ/יַּחֲנ֖וּ	c/2583	HC/Vqw3mp
Num 33:13	בְּ/אָלֽוּשׁ	b/442	HR/Np
Num 33:14	וַ/יִּסְע֖וּ	c/5265	HC/Vqw3mp
Num 33:14	מֵ/אָל֑וּשׁ	m/442	HR/Np
Num 33:14	וַֽ/יַּחֲנוּ֙	c/2583	HC/Vqw3mp
Num 33:14	בִּ/רְפִידִ֔ם	b/7508	HR/Np
Num 33:14	וְ/לֹא	c/3808	HC/Tn
Num 33:14	הָ֨יָה	1961	HVqp3ms
Num 33:14	שָׁ֥ם	8033	HD
Num 33:14	מַ֛יִם	4325	HNcmpa
Num 33:14	לָ/עָ֖ם	l/5971 a	HRd/Ncmsa
Num 33:14	לִ/שְׁתּֽוֹת	l/8354	HR/Vqc
Num 33:15	וַ/יִּסְע֖וּ	c/5265	HC/Vqw3mp
Num 33:15	מֵ/רְפִידִ֑ם	m/7508	HR/Np
Num 33:15	וַֽ/יַּחֲנ֖וּ	c/2583	HC/Vqw3mp
Num 33:15	בְּ/מִדְבַּ֥ר	b/4057 b	HR/Ncmsc
Num 33:15	סִינָֽי	5514	HNp
Num 33:16	וַ/יִּסְע֖וּ	c/5265	HC/Vqw3mp
Num 33:16	מִ/מִּדְבַּ֣ר	m/4057 b	HR/Ncmsc
Num 33:16	סִינָ֑י	5514	HNp
Num 33:16	וַֽ/יַּחֲנ֖וּ	c/2583	HC/Vqw3mp
Num 33:16	בְּ/קִבְרֹ֥ת	b/6914+	HR/Np
Num 33:16	הַֽתַּאֲוָֽה	6914	HNp
Num 33:17	וַ/יִּסְע֖וּ	c/5265	HC/Vqw3mp
Num 33:17	מִ/קִּבְרֹ֣ת	m/6914+	HR/Np
Num 33:17	הַֽתַּאֲוָ֑ה	6914	HNp
Num 33:17	וַֽ/יַּחֲנ֖וּ	c/2583	HC/Vqw3mp
Num 33:17	בַּ/חֲצֵרֹֽת	b/2698	HR/Np
Num 33:18	וַ/יִּסְע֖וּ	c/5265	HC/Vqw3mp
Num 33:18	מֵ/חֲצֵרֹ֑ת	m/2698	HR/Np
Num 33:18	וַֽ/יַּחֲנ֖וּ	c/2583	HC/Vqw3mp
Num 33:18	בְּ/רִתְמָֽה	b/7575	HR/Np
Num 33:19	וַ/יִּסְע֖וּ	c/5265	HC/Vqw3mp
Num 33:19	מֵ/רִתְמָ֑ה	m/7575	HR/Np
Num 33:19	וַֽ/יַּחֲנ֖וּ	c/2583	HC/Vqw3mp
Num 33:19	בְּ/רִמֹּ֥ן	b/7428+	HR/Np
Num 33:19	פָּֽרֶץ	7428	HNp
Num 33:20	וַ/יִּסְע֖וּ	c/5265	HC/Vqw3mp
Num 33:20	מֵ/רִמֹּ֣ן	m/7428+	HR/Np
Num 33:20	פָּ֑רֶץ	7428	HNp
Num 33:20	וַֽ/יַּחֲנ֖וּ	c/2583	HC/Vqw3mp
Num 33:20	בְּ/לִבְנָֽה	b/3841	HR/Np
Num 33:21	וַ/יִּסְע֖וּ	c/5265	HC/Vqw3mp
Num 33:21	מִ/לִּבְנָ֑ה	m/3841	HR/Np
Num 33:21	וַֽ/יַּחֲנ֖וּ	c/2583	HC/Vqw3mp
Num 33:21	בְּ/רִסָּֽה	b/7446	HR/Np
Num 33:22	וַ/יִּסְע֖וּ	c/5265	HC/Vqw3mp
Num 33:22	מֵ/רִסָּ֑ה	m/7446	HR/Np
Num 33:22	וַֽ/יַּחֲנ֖וּ	c/2583	HC/Vqw3mp
Num 33:22	בִּ/קְהֵלָֽתָה	b/6954	HR/Np
Num 33:23	וַ/יִּסְע֖וּ	c/5265	HC/Vqw3mp
Num 33:23	מִ/קְּהֵלָ֑תָה	m/6954	HR/Np
Num 33:23	וַֽ/יַּחֲנ֖וּ	c/2583	HC/Vqw3mp
Num 33:23	בְּ/הַר	b/2022	HR/Ncmsc
Num 33:23	שָֽׁפֶר	8234	HNp
Num 33:24	וַ/יִּסְע֖וּ	c/5265	HC/Vqw3mp
Num 33:24	מֵֽ/הַר	m/2022	HR/Ncmsc
Num 33:24	שָׁ֑פֶר	8234	HNp
Num 33:24	וַֽ/יַּחֲנ֖וּ	c/2583	HC/Vqw3mp
Num 33:24	בַּ/חֲרָדָֽה	b/2732	HR/Np
Num 33:25	וַ/יִּסְע֖וּ	c/5265	HC/Vqw3mp
Num 33:25	מֵ/חֲרָדָ֑ה	m/2732	HR/Np
Num 33:25	וַֽ/יַּחֲנ֖וּ	c/2583	HC/Vqw3mp
Num 33:25	בְּ/מַקְהֵלֹֽת	b/4722	HR/Np
Num 33:26	וַ/יִּסְע֖וּ	c/5265	HC/Vqw3mp
Num 33:26	מִ/מַּקְהֵלֹ֑ת	m/4722	HR/Np
Num 33:26	וַֽ/יַּחֲנ֖וּ	c/2583	HC/Vqw3mp
Num 33:26	בְּ/תָֽחַת	b/8480	HR/Np
Num 33:27	וַ/יִּסְע֖וּ	c/5265	HC/Vqw3mp
Num 33:27	מִ/תָּ֑חַת	m/8480	HR/Np
Num 33:27	וַֽ/יַּחֲנ֖וּ	c/2583	HC/Vqw3mp
Num 33:27	בְּ/תָֽרַח	b/8646	HR/Np
Num 33:28	וַ/יִּסְע֖וּ	c/5265	HC/Vqw3mp
Num 33:28	מִ/תָּ֑רַח	m/8646	HR/Np
Num 33:28	וַֽ/יַּחֲנ֖וּ	c/2583	HC/Vqw3mp
Num 33:28	בְּ/מִתְקָֽה	b/4989	HR/Np
Num 33:29	וַ/יִּסְע֖וּ	c/5265	HC/Vqw3mp
Num 33:29	מִ/מִּתְקָ֑ה	m/4989	HR/Np
Num 33:29	וַֽ/יַּחֲנ֖וּ	c/2583	HC/Vqw3mp
Num 33:29	בְּ/חַשְׁמֹנָֽה	b/2832	HR/Np
Num 33:30	וַ/יִּסְע֖וּ	c/5265	HC/Vqw3mp
Num 33:30	מֵֽ/חַשְׁמֹנָ֑ה	m/2832	HR/Np
Num 33:30	וַֽ/יַּחֲנ֖וּ	c/2583	HC/Vqw3mp
Num 33:30	בְּ/מֹסֵרֽוֹת	b/4149 b	HR/Np
Num 33:31	וַ/יִּסְע֖וּ	c/5265	HC/Vqw3mp
Num 33:31	מִ/מֹּסֵר֑וֹת	m/4149 b	HR/Np
Num 33:31	וַֽ/יַּחֲנ֖וּ	c/2583	HC/Vqw3mp
Num 33:31	בִּ/בְנֵ֥י	b/1142+	HR/Np
Num 33:31	יַעֲקָֽן	1142	HNp
Num 33:32	וַ/יִּסְע֖וּ	c/5265	HC/Vqw3mp
Num 33:32	מִ/בְּנֵ֣י	m/1142+	HR/Np
Num 33:32	יַעֲקָ֑ן	1142	HNp
Num 33:32	וַֽ/יַּחֲנ֖וּ	c/2583	HC/Vqw3mp
Num 33:32	בְּ/חֹ֥ר	b/2735+	HR/Np
Num 33:32	הַגִּדְגָּֽד	2735	HNp
Num 33:33	וַ/יִּסְע֖וּ	c/5265	HC/Vqw3mp
Num 33:33	מֵ/חֹ֣ר	m/2735+	HR/Np
Num 33:33	הַגִּדְגָּ֑ד	2735	HNp
Num 33:33	וַֽ/יַּחֲנ֖וּ	c/2583	HC/Vqw3mp
Num 33:33	בְּ/יָטְבָֽתָה	b/3193	HR/Np
Num 33:34	וַ/יִּסְע֖וּ	c/5265	HC/Vqw3mp
Num 33:34	מִ/יָּטְבָ֑תָה	m/3193	HR/Np
Num 33:34	וַֽ/יַּחֲנ֖וּ	c/2583	HC/Vqw3mp
Num 33:34	בְּ/עַבְרֹנָֽה	b/5684	HR/Np
Num 33:35	וַ/יִּסְע֖וּ	c/5265	HC/Vqw3mp
Num 33:35	מֵֽ/עַבְרֹנָ֑ה	m/5684	HR/Np
Num 33:35	וַֽ/יַּחֲנ֖וּ	c/2583	HC/Vqw3mp
Num 33:35	בְּ/עֶצְי֥וֹן	b/6100+	HR/Np
Num 33:35	גָּֽבֶר	6100	HNp
Num 33:36	וַ/יִּסְע֖וּ	c/5265	HC/Vqw3mp
Num 33:36	מֵ/עֶצְי֣וֹן	m/6100+	HR/Np
Num 33:36	גָּ֑בֶר	6100	HNp
Num 33:36	וַ/יַּחֲנ֥וּ	c/2583	HC/Vqw3mp
Num 33:36	בְ/מִדְבַּר	b/4057 b	HR/Ncmsc
Num 33:36	צִ֖ן	6790	HNp
Num 33:36	הִ֥וא	1931	HPp3fs
Num 33:36	קָדֵֽשׁ	6946	HNp
Num 33:37	וַ/יִּסְע֖וּ	c/5265	HC/Vqw3mp
Num 33:37	מִ/קָּדֵ֑שׁ	m/6946	HR/Np
Num 33:37	וַֽ/יַּחֲנוּ֙	c/2583	HC/Vqw3mp
Num 33:37	בְּ/הֹ֣ר	b/2023	HR/Np
Num 33:37	הָ/הָ֔ר	d/2022	HTd/Ncmsa
Num 33:37	בִּ/קְצֵ֖ה	b/7097 a	HR/Ncbsc
Num 33:37	אֶ֥רֶץ	776	HNcbsc
Num 33:37	אֱדֽוֹם	123	HNp
Num 33:38	וַ/יַּעַל֩	c/5927	HC/Vqw3ms
Num 33:38	אַהֲרֹ֨ן	175	HNp
Num 33:38	הַ/כֹּהֵ֜ן	d/3548	HTd/Ncmsa
Num 33:38	אֶל	413	HR
Num 33:38	הֹ֥ר	2023	HNp
Num 33:38	הָ/הָ֛ר	d/2022	HTd/Ncmsa
Num 33:38	עַל	5921 a	HR
Num 33:38	פִּ֥י	6310	HNcmsc
Num 33:38	יְהוָ֖ה	3068	HNp
Num 33:38	וַ/יָּ֣מָת	c/4191	HC/Vqw3ms
Num 33:38	שָׁ֑ם	8033	HD
Num 33:38	בִּ/שְׁנַ֣ת	b/8141	HR/Ncfsc
Num 33:38	הָֽ/אַרְבָּעִ֗ים	d/705	HTd/Acbpa
Num 33:38	לְ/צֵ֤את	l/3318	HR/Vqc
Num 33:38	בְּנֵֽי	1121 a	HNcmpc
Num 33:38	יִשְׂרָאֵל֙	3478	HNp
Num 33:38	מֵ/אֶ֣רֶץ	m/776	HR/Ncbsc
Num 33:38	מִצְרַ֔יִם	4714	HNp
Num 33:38	בַּ/חֹ֥דֶשׁ	b/2320	HRd/Ncmsa
Num 33:38	הַ/חֲמִישִׁ֖י	d/2549	HTd/Aomsa
Num 33:38	בְּ/אֶחָ֥ד	b/259	HR/Acmsa
Num 33:38	לַ/חֹֽדֶשׁ	l/2320	HRd/Ncmsa
Num 33:39	וְ/אַהֲרֹ֔ן	c/175	HC/Np
Num 33:39	בֶּן	1121 a	HNcmsc
Num 33:39	שָׁלֹ֧שׁ	7969	HAcfsa
Num 33:39	וְ/עֶשְׂרִ֛ים	c/6242	HC/Acbpa
Num 33:39	וּ/מְאַ֖ת	c/3967	HC/Acbsc
Num 33:39	שָׁנָ֑ה	8141	HNcfsa
Num 33:39	בְּ/מֹת֖/וֹ	b/4194	HR/Ncmsc/Sp3ms
Num 33:39	בְּ/הֹ֥ר	b/2023	HR/Np
Num 33:39	הָ/הָֽר	d/2022	HTd/Ncmsa
Num 33:40	וַ/יִּשְׁמַ֗ע	c/8085	HC/Vqw3ms
Num 33:40	הַֽ/כְּנַעֲנִי֙	d/3669 a	HTd/Ngmsa
Num 33:40	מֶ֣לֶךְ	4428	HNcmsc
Num 33:40	עֲרָ֔ד	6166 a	HNp
Num 33:40	וְ/הֽוּא	c/1931	HC/Pp3ms
Num 33:40	יֹשֵׁ֥ב	3427	HVqrmsa
Num 33:40	בַּ/נֶּ֖גֶב	b/5045	HRd/Ncmsa
Num 33:40	בְּ/אֶ֣רֶץ	b/776	HR/Ncbsc
Num 33:40	כְּנָ֑עַן	3667 a	HNp
Num 33:40	בְּ/בֹ֖א	b/935	HR/Vqc
Num 33:40	בְּנֵ֥י	1121 a	HNcmpc
Num 33:40	יִשְׂרָאֵֽל	3478	HNp
Num 33:41	וַ/יִּסְע֖וּ	c/5265	HC/Vqw3mp
Num 33:41	מֵ/הֹ֣ר	m/2023	HR/Np
Num 33:41	הָ/הָ֑ר	d/2022	HTd/Ncmsa
Num 33:41	וַֽ/יַּחֲנ֖וּ	c/2583	HC/Vqw3mp
Num 33:41	בְּ/צַלְמֹנָֽה	b/6758	HR/Np
Num 33:42	וַ/יִּסְע֖וּ	c/5265	HC/Vqw3mp
Num 33:42	מִ/צַּלְמֹנָ֑ה	m/6758	HR/Np
Num 33:42	וַֽ/יַּחֲנ֖וּ	c/2583	HC/Vqw3mp
Num 33:42	בְּ/פוּנֹֽן	b/6325	HR/Np
Num 33:43	וַ/יִּסְע֖וּ	c/5265	HC/Vqw3mp
Num 33:43	מִ/פּוּנֹ֑ן	m/6325	HR/Np
Num 33:43	וַֽ/יַּחֲנ֖וּ	c/2583	HC/Vqw3mp
Num 33:43	בְּ/אֹבֹֽת	b/88	HR/Np
Num 33:44	וַ/יִּסְע֖וּ	c/5265	HC/Vqw3mp
Num 33:44	מֵ/אֹבֹ֑ת	m/88	HR/Np
Num 33:44	וַֽ/יַּחֲנ֛וּ	c/2583	HC/Vqw3mp
Num 33:44	בְּ/עִיֵּ֥י	b/5863+	HR/Np
Num 33:44	הָעֲבָרִ֖ים	5863	HNp
Num 33:44	בִּ/גְב֥וּל	b/1366	HR/Ncmsc
Num 33:44	מוֹאָֽב	4124	HNp
Num 33:45	וַ/יִּסְע֖וּ	c/5265	HC/Vqw3mp
Num 33:45	מֵ/עִיִּ֑ים	m/5864	HR/Np
Num 33:45	וַֽ/יַּחֲנ֖וּ	c/2583	HC/Vqw3mp
Num 33:45	בְּ/דִיבֹ֥ן	b/1769	HR/Np
Num 33:45	גָּֽד	1410	HNp
Num 33:46	וַ/יִּסְע֖וּ	c/5265	HC/Vqw3mp
Num 33:46	מִ/דִּיבֹ֣ן	m/1769	HR/Np
Num 33:46	גָּ֑ד	1410	HNp
Num 33:46	וַֽ/יַּחֲנ֖וּ	c/2583	HC/Vqw3mp
Num 33:46	בְּ/עַלְמֹ֥ן	b/5963+	HR/Np
Num 33:46	דִּבְלָתָֽיְמָ/ה	5963	HNp/Sd
Num 33:47	וַ/יִּסְע֖וּ	c/5265	HC/Vqw3mp
Num 33:47	מֵ/עַלְמֹ֣ן	m/5963+	HR/Np
Num 33:47	דִּבְלָתָ֑יְמָ/ה	5963	HNp/Sd
Num 33:47	וַֽ/יַּחֲנ֛וּ	c/2583	HC/Vqw3mp
Num 33:47	בְּ/הָרֵ֥י	b/2022	HR/Ncmpc
Num 33:47	הָ/עֲבָרִ֖ים	d/5682	HTd/Np
Num 33:47	לִ/פְנֵ֥י	l/6440	HR/Ncbpc
Num 33:47	נְבֽוֹ	5015 a	HNp
Num 33:48	וַ/יִּסְע֖וּ	c/5265	HC/Vqw3mp
Num 33:48	מֵ/הָרֵ֣י	m/2022	HR/Ncmpc
Num 33:48	הָ/עֲבָרִ֑ים	d/5682	HTd/Np
Num 33:48	וַֽ/יַּחֲנוּ֙	c/2583	HC/Vqw3mp
Num 33:48	בְּ/עַֽרְבֹ֣ת	b/6160	HR/Ncfpc
Num 33:48	מוֹאָ֔ב	4124	HNp
Num 33:48	עַ֖ל	5921 a	HR
Num 33:48	יַרְדֵּ֥ן	3383	HNp
Num 33:48	יְרֵחֽוֹ	3405	HNp
Num 33:49	וַ/יַּחֲנ֤וּ	c/2583	HC/Vqw3mp
Num 33:49	עַל	5921 a	HR
Num 33:49	הַ/יַּרְדֵּן֙	d/3383	HTd/Np
Num 33:49	מִ/בֵּ֣ית	m/1020+	HR/Np
Num 33:49	הַיְשִׁמֹ֔ת	1020	HNp
Num 33:49	עַ֖ד	5704	HR
Num 33:49	אָבֵ֣ל	63+	HNp
Num 33:49	הַשִּׁטִּ֑ים	63	HNp
Num 33:49	בְּ/עַֽרְבֹ֖ת	b/6160	HR/Ncfpc
Num 33:49	מוֹאָֽב	4124	HNp
Num 33:50	וַ/יְדַבֵּ֧ר	c/1696	HC/Vpw3ms
Num 33:50	יְהוָ֛ה	3068	HNp
Num 33:50	אֶל	413	HR
Num 33:50	מֹשֶׁ֖ה	4872	HNp
Num 33:50	בְּ/עַֽרְבֹ֣ת	b/6160	HR/Ncfpc
Num 33:50	מוֹאָ֑ב	4124	HNp
Num 33:50	עַל	5921 a	HR
Num 33:50	יַרְדֵּ֥ן	3383	HNp
Num 33:50	יְרֵח֖וֹ	3405	HNp
Num 33:50	לֵ/אמֹֽר	l/559	HR/Vqc
Num 33:51	דַּבֵּר֙	1696	HVpv2ms
Num 33:51	אֶל	413	HR
Num 33:51	בְּנֵ֣י	1121 a	HNcmpc
Num 33:51	יִשְׂרָאֵ֔ל	3478	HNp
Num 33:51	וְ/אָמַרְתָּ֖	c/559	HC/Vqq2ms
Num 33:51	אֲלֵ/הֶ֑ם	413	HR/Sp3mp
Num 33:51	כִּ֥י	3588 a	HC
Num 33:51	אַתֶּ֛ם	859 d	HPp2mp
Num 33:51	עֹבְרִ֥ים	5674 a	HVqrmpa
Num 33:51	אֶת	853	HTo
Num 33:51	הַ/יַּרְדֵּ֖ן	d/3383	HTd/Np
Num 33:51	אֶל	413	HR
Num 33:51	אֶ֥רֶץ	776	HNcbsc
Num 33:51	כְּנָֽעַן	3667 a	HNp
Num 33:52	וְ/ה֨וֹרַשְׁתֶּ֜ם	c/3423	HC/Vhq2mp
Num 33:52	אֶת	853	HTo
Num 33:52	כָּל	3605	HNcmsc
Num 33:52	יֹשְׁבֵ֤י	3427	HVqrmpc
Num 33:52	הָ/אָ֨רֶץ֙	d/776	HTd/Ncbsa
Num 33:52	מִ/פְּנֵי/כֶ֔ם	m/6440	HR/Ncbpc/Sp2mp
Num 33:52	וְ/אִ֨בַּדְתֶּ֔ם	c/6	HC/Vpq2mp
Num 33:52	אֵ֖ת	853	HTo
Num 33:52	כָּל	3605	HNcmsc
Num 33:52	מַשְׂכִּיֹּתָ֑/ם	4906	HNcfpc/Sp3mp
Num 33:52	וְ/אֵ֨ת	c/853	HC/To
Num 33:52	כָּל	3605	HNcmsc
Num 33:52	צַלְמֵ֤י	6754	HNcmpc
Num 33:52	מַסֵּֽכֹתָ/ם֙	4541 a	HNcfpc/Sp3mp
Num 33:52	תְּאַבֵּ֔דוּ	6	HVpi2mp
Num 33:52	וְ/אֵ֥ת	c/853	HC/To
Num 33:52	כָּל	3605	HNcmsc
Num 33:52	בָּמֹתָ֖/ם	1116	HNcfpc/Sp3mp
Num 33:52	תַּשְׁמִֽידוּ	8045	HVhi2mp
Num 33:53	וְ/הוֹרַשְׁתֶּ֥ם	c/3423	HC/Vhq2mp
Num 33:53	אֶת	853	HTo
Num 33:53	הָ/אָ֖רֶץ	d/776	HTd/Ncbsa
Num 33:53	וִֽ/ישַׁבְתֶּם	c/3427	HC/Vqq2mp
Num 33:53	בָּ֑/הּ	b	HR/Sp3fs
Num 33:53	כִּ֥י	3588 a	HC
Num 33:53	לָ/כֶ֛ם	l	HR/Sp2mp
Num 33:53	נָתַ֥תִּי	5414	HVqp1cs
Num 33:53	אֶת	853	HTo
Num 33:53	הָ/אָ֖רֶץ	d/776	HTd/Ncbsa
Num 33:53	לָ/רֶ֥שֶׁת	l/3423	HR/Vqc
Num 33:53	אֹתָֽ/הּ	853	HTo/Sp3fs
Num 33:54	וְ/הִתְנַחַלְתֶּם֩	c/5157	HC/Vtq2mp
Num 33:54	אֶת	853	HTo
Num 33:54	הָ/אָ֨רֶץ	d/776	HTd/Ncbsa
Num 33:54	בְּ/גוֹרָ֜ל	b/1486	HR/Ncmsa
Num 33:54	לְ/מִשְׁפְּחֹֽתֵי/כֶ֗ם	l/4940	HR/Ncfpc/Sp2mp
Num 33:54	לָ/רַ֞ב	l/7227 a	HRd/Aamsa
Num 33:54	תַּרְבּ֤וּ	7235 a	HVhi2mp
Num 33:54	אֶת	853	HTo
Num 33:54	נַחֲלָת/וֹ֙	5159	HNcfsc/Sp3ms
Num 33:54	וְ/לַ/מְעַט֙	c/l/4592	HC/Rd/Aamsa
Num 33:54	תַּמְעִ֣יט	4591	HVhi2ms
Num 33:54	אֶת	853	HTo
Num 33:54	נַחֲלָת֔/וֹ	5159	HNcfsc/Sp3ms
Num 33:54	אֶל֩	413	HR
Num 33:54	אֲשֶׁר	834 a	HTr
Num 33:54	יֵ֨צֵא	3318	HVqi3ms
Num 33:54	ל֥/וֹ	l	HR/Sp3ms
Num 33:54	שָׁ֛מָּ/ה	8033	HD/Sd
Num 33:54	הַ/גּוֹרָ֖ל	d/1486	HTd/Ncmsa
Num 33:54	ל֣/וֹ	l	HR/Sp3ms
Num 33:54	יִהְיֶ֑ה	1961	HVqi3ms
Num 33:54	לְ/מַטּ֥וֹת	l/4294	HR/Ncmpc
Num 33:54	אֲבֹתֵי/כֶ֖ם	1	HNcmpc/Sp2mp
Num 33:54	תִּתְנֶחָֽלוּ	5157	HVti2mp
Num 33:55	וְ/אִם	c/518 a	HC/C
Num 33:55	לֹ֨א	3808	HTn
Num 33:55	תוֹרִ֜ישׁוּ	3423	HVhi2mp
Num 33:55	אֶת	853	HTo
Num 33:55	יֹשְׁבֵ֣י	3427	HVqrmpc
Num 33:55	הָ/אָרֶץ֮	d/776	HTd/Ncbsa
Num 33:55	מִ/פְּנֵי/כֶם֒	m/6440	HR/Ncbpc/Sp2mp
Num 33:55	וְ/הָיָה֙	c/1961	HC/Vqq3ms
Num 33:55	אֲשֶׁ֣ר	834 a	HTr
Num 33:55	תּוֹתִ֣ירוּ	3498	HVhi2mp
Num 33:55	מֵ/הֶ֔ם	m	HR/Sp3mp
Num 33:55	לְ/שִׂכִּים֙	l/7899	HR/Ncmpa
Num 33:55	בְּ/עֵ֣ינֵי/כֶ֔ם	b/5869 a	HR/Ncbdc/Sp2mp
Num 33:55	וְ/לִ/צְנִינִ֖ם	c/l/6796	HC/R/Ncmpa
Num 33:55	בְּ/צִדֵּי/כֶ֑ם	b/6654	HR/Ncmpc/Sp2mp
Num 33:55	וְ/צָרֲר֣וּ	c/6887 d	HC/Vqq3cp
Num 33:55	אֶתְ/כֶ֔ם	853	HTo/Sp2mp
Num 33:55	עַל	5921 a	HR
Num 33:55	הָ/אָ֕רֶץ	d/776	HTd/Ncbsa
Num 33:55	אֲשֶׁ֥ר	834 a	HTr
Num 33:55	אַתֶּ֖ם	859 d	HPp2mp
Num 33:55	יֹשְׁבִ֥ים	3427	HVqrmpa
Num 33:55	בָּֽ/הּ	b	HR/Sp3fs
Num 33:56	וְ/הָיָ֗ה	c/1961	HC/Vqq3ms
Num 33:56	כַּ/אֲשֶׁ֥ר	k/834 d	HR/Tr
Num 33:56	דִּמִּ֛יתִי	1819	HVpp1cs
Num 33:56	לַ/עֲשׂ֥וֹת	l/6213 a	HR/Vqc
Num 33:56	לָ/הֶ֖ם	l	HR/Sp3mp
Num 33:56	אֶֽעֱשֶׂ֥ה	6213 a	HVqi1cs
Num 33:56	לָ/כֶֽם	l	HR/Sp2mp
Num 34:1	וַ/יְדַבֵּ֥ר	c/1696	HC/Vpw3ms
Num 34:1	יְהוָ֖ה	3068	HNp
Num 34:1	אֶל	413	HR
Num 34:1	מֹשֶׁ֥ה	4872	HNp
Num 34:1	לֵּ/אמֹֽר	l/559	HR/Vqc
Num 34:2	צַ֞ו	6680	HVpv2ms
Num 34:2	אֶת	853	HTo
Num 34:2	בְּנֵ֤י	1121 a	HNcmpc
Num 34:2	יִשְׂרָאֵל֙	3478	HNp
Num 34:2	וְ/אָמַרְתָּ֣	c/559	HC/Vqq2ms
Num 34:2	אֲלֵ/הֶ֔ם	413	HR/Sp3mp
Num 34:2	כִּֽי	3588 a	HC
Num 34:2	אַתֶּ֥ם	859 d	HPp2mp
Num 34:2	בָּאִ֖ים	935	HVqrmpa
Num 34:2	אֶל	413	HR
Num 34:2	הָ/אָ֣רֶץ	d/776	HTd/Ncbsa
Num 34:2	כְּנָ֑עַן	3667 a	HNp
Num 34:2	זֹ֣את	2063	HPdxfs
Num 34:2	הָ/אָ֗רֶץ	d/776	HTd/Ncbsa
Num 34:2	אֲשֶׁ֨ר	834 a	HTr
Num 34:2	תִּפֹּ֤ל	5307	HVqi3fs
Num 34:2	לָ/כֶם֙	l	HR/Sp2mp
Num 34:2	בְּֽ/נַחֲלָ֔ה	b/5159	HR/Ncfsa
Num 34:2	אֶ֥רֶץ	776	HNcbsc
Num 34:2	כְּנַ֖עַן	3667 a	HNp
Num 34:2	לִ/גְבֻלֹתֶֽי/הָ	l/1367	HR/Ncfpc/Sp3fs
Num 34:3	וְ/הָיָ֨ה	c/1961	HC/Vqq3ms
Num 34:3	לָ/כֶ֧ם	l	HR/Sp2mp
Num 34:3	פְּאַת	6285	HNcfsc
Num 34:3	נֶ֛גֶב	5045	HNcmsa
Num 34:3	מִ/מִּדְבַּר	m/4057 b	HR/Ncmsc
Num 34:3	צִ֖ן	6790	HNp
Num 34:3	עַל	5921 a	HR
Num 34:3	יְדֵ֣י	3027	HNcbdc
Num 34:3	אֱד֑וֹם	123	HNp
Num 34:3	וְ/הָיָ֤ה	c/1961	HC/Vqq3ms
Num 34:3	לָ/כֶם֙	l	HR/Sp2mp
Num 34:3	גְּב֣וּל	1366	HNcmsc
Num 34:3	נֶ֔גֶב	5045	HNcmsa
Num 34:3	מִ/קְצֵ֥ה	m/7097 a	HR/Ncbsc
Num 34:3	יָם	3220	HNcmsc
Num 34:3	הַ/מֶּ֖לַח	d/4417	HTd/Ncmsa
Num 34:3	קֵֽדְמָ/ה	6924 b	HNcmsa/Sd
Num 34:4	וְ/נָסַ֣ב	c/5437	HC/VNq3ms
Num 34:4	לָ/כֶם֩	l	HR/Sp2mp
Num 34:4	הַ/גְּב֨וּל	d/1366	HTd/Ncmsa
Num 34:4	מִ/נֶּ֜גֶב	m/5045	HR/Ncmsa
Num 34:4	לְ/מַעֲלֵ֤ה	l/4610+	HR/Ncmsc
Num 34:4	עַקְרַבִּים֙	4610	HNp
Num 34:4	וְ/עָ֣בַר	c/5674 a	HC/Vqq3ms
Num 34:4	צִ֔נָ/ה	6790	HNp/Sd
Num 34:4	ו/היה	c/1961	HC/Vqq3ms
Num 34:4	תּֽוֹצְאֹתָ֔י/ו	8444	HNcfpc/Sp3ms
Num 34:4	מִ/נֶּ֖גֶב	m/5045	HR/Ncmsa
Num 34:4	לְ/קָדֵ֣שׁ	l/6947+	HR/Np
Num 34:4	בַּרְנֵ֑עַ	6947	HNp
Num 34:4	וְ/יָצָ֥א	c/3318	HC/Vqq3ms
Num 34:4	חֲצַר	2692+	HNp
Num 34:4	אַדָּ֖ר	2692	HNp
Num 34:4	וְ/עָבַ֥ר	c/5674 a	HC/Vqq3ms
Num 34:4	עַצְמֹֽנָ/ה	6111	HNp/Sd
Num 34:5	וְ/נָסַ֧ב	c/5437	HC/VNq3ms
Num 34:5	הַ/גְּב֛וּל	d/1366	HTd/Ncmsa
Num 34:5	מֵ/עַצְמ֖וֹן	m/6111	HR/Np
Num 34:5	נַ֣חְלָ/ה	5158 a	HNcmsc/Sh
Num 34:5	מִצְרָ֑יִם	4714	HNp
Num 34:5	וְ/הָי֥וּ	c/1961	HC/Vqq3cp
Num 34:5	תוֹצְאֹתָ֖י/ו	8444	HNcfpc/Sp3ms
Num 34:5	הַ/יָּֽמָּ/ה	d/3220	HTd/Ncmsa/Sd
Num 34:6	וּ/גְב֣וּל	c/1366	HC/Ncmsc
Num 34:6	יָ֔ם	3220	HNcmsa
Num 34:6	וְ/הָיָ֥ה	c/1961	HC/Vqq3ms
Num 34:6	לָ/כֶ֛ם	l	HR/Sp2mp
Num 34:6	הַ/יָּ֥ם	d/3220	HTd/Ncmsa
Num 34:6	הַ/גָּד֖וֹל	d/1419 a	HTd/Aamsa
Num 34:6	וּ/גְב֑וּל	c/1366	HC/Ncmsa
Num 34:6	זֶֽה	2088	HPdxms
Num 34:6	יִהְיֶ֥ה	1961	HVqi3ms
Num 34:6	לָ/כֶ֖ם	l	HR/Sp2mp
Num 34:6	גְּב֥וּל	1366	HNcmsc
Num 34:6	יָֽם	3220	HNcmsa
Num 34:7	וְ/זֶֽה	c/2088	HC/Pdxms
Num 34:7	יִהְיֶ֥ה	1961	HVqi3ms
Num 34:7	לָ/כֶ֖ם	l	HR/Sp2mp
Num 34:7	גְּב֣וּל	1366	HNcmsc
Num 34:7	צָפ֑וֹן	6828	HNcfsa
Num 34:7	מִן	4480 a	HR
Num 34:7	הַ/יָּם֙	d/3220	HTd/Ncmsa
Num 34:7	הַ/גָּדֹ֔ל	d/1419 a	HTd/Aamsa
Num 34:7	תְּתָא֥וּ	8376	HVpi2mp
Num 34:7	לָ/כֶ֖ם	l	HR/Sp2mp
Num 34:7	הֹ֥ר	2023	HNp
Num 34:7	הָ/הָֽר	d/2022	HTd/Ncmsa
Num 34:8	מֵ/הֹ֣ר	m/2023	HR/Np
Num 34:8	הָ/הָ֔ר	d/2022	HTd/Ncmsa
Num 34:8	תְּתָא֖וּ	8376	HVpi2mp
Num 34:8	לְבֹ֣א	935	HNp
Num 34:8	חֲמָ֑ת	2574	HNp
Num 34:8	וְ/הָי֛וּ	c/1961	HC/Vqq3cp
Num 34:8	תּוֹצְאֹ֥ת	8444	HNcfpc
Num 34:8	הַ/גְּבֻ֖ל	d/1366	HTd/Ncmsa
Num 34:8	צְדָֽדָ/ה	6657	HNp/Sd
Num 34:9	וְ/יָצָ֤א	c/3318	HC/Vqq3ms
Num 34:9	הַ/גְּבֻל֙	d/1366	HTd/Ncmsa
Num 34:9	זִפְרֹ֔נָ/ה	2202	HNp/Sd
Num 34:9	וְ/הָי֥וּ	c/1961	HC/Vqq3cp
Num 34:9	תוֹצְאֹתָ֖י/ו	8444	HNcfpc/Sp3ms
Num 34:9	חֲצַ֣ר	2704+	HNp
Num 34:9	עֵינָ֑ן	2704	HNp
Num 34:9	זֶֽה	2088	HPdxms
Num 34:9	יִהְיֶ֥ה	1961	HVqi3ms
Num 34:9	לָ/כֶ֖ם	l	HR/Sp2mp
Num 34:9	גְּב֥וּל	1366	HNcmsc
Num 34:9	צָפֽוֹן	6828	HNcfsa
Num 34:10	וְ/הִתְאַוִּיתֶ֥ם	c/184	HC/Vtq2mp
Num 34:10	לָ/כֶ֖ם	l	HR/Sp2mp
Num 34:10	לִ/גְב֣וּל	l/1366	HR/Ncmsa
Num 34:10	קֵ֑דְמָ/ה	6924 b	HNcmsa/Sd
Num 34:10	מֵ/חֲצַ֥ר	m/2704+	HR/Np
Num 34:10	עֵינָ֖ן	2704	HNp
Num 34:10	שְׁפָֽמָ/ה	8221	HNp/Sd
Num 34:11	וְ/יָרַ֨ד	c/3381	HC/Vqq3ms
Num 34:11	הַ/גְּבֻ֧ל	d/1366	HTd/Ncmsa
Num 34:11	מִ/שְּׁפָ֛ם	m/8221	HR/Np
Num 34:11	הָ/רִבְלָ֖ה	d/7247	HTd/Np
Num 34:11	מִ/קֶּ֣דֶם	m/6924 a	HR/Ncmsa
Num 34:11	לָ/עָ֑יִן	l/5871	HR/Np
Num 34:11	וְ/יָרַ֣ד	c/3381	HC/Vqq3ms
Num 34:11	הַ/גְּב֔וּל	d/1366	HTd/Ncmsa
Num 34:11	וּ/מָחָ֛ה	c/4229 b	HC/Vqq3ms
Num 34:11	עַל	5921 a	HR
Num 34:11	כֶּ֥תֶף	3802	HNcfsc
Num 34:11	יָם	3220	HNcmsc
Num 34:11	כִּנֶּ֖רֶת	3672	HNp
Num 34:11	קֵֽדְמָ/ה	6924 b	HNcmsa/Sd
Num 34:12	וְ/יָרַ֤ד	c/3381	HC/Vqq3ms
Num 34:12	הַ/גְּבוּל֙	d/1366	HTd/Ncmsa
Num 34:12	הַ/יַּרְדֵּ֔נָ/ה	d/3383	HTd/Np/Sd
Num 34:12	וְ/הָי֥וּ	c/1961	HC/Vqq3cp
Num 34:12	תוֹצְאֹתָ֖י/ו	8444	HNcfpc/Sp3ms
Num 34:12	יָ֣ם	3220	HNcmsc
Num 34:12	הַ/מֶּ֑לַח	d/4417	HTd/Ncmsa
Num 34:12	זֹאת֩	2063	HPdxfs
Num 34:12	תִּהְיֶ֨ה	1961	HVqi3fs
Num 34:12	לָ/כֶ֥ם	l	HR/Sp2mp
Num 34:12	הָ/אָ֛רֶץ	d/776	HTd/Ncbsa
Num 34:12	לִ/גְבֻלֹתֶ֖י/הָ	l/1367	HR/Ncfpc/Sp3fs
Num 34:12	סָבִֽיב	5439	HNcbsa
Num 34:13	וַ/יְצַ֣ו	c/6680	HC/Vpw3ms
Num 34:13	מֹשֶׁ֔ה	4872	HNp
Num 34:13	אֶת	853	HTo
Num 34:13	בְּנֵ֥י	1121 a	HNcmpc
Num 34:13	יִשְׂרָאֵ֖ל	3478	HNp
Num 34:13	לֵ/אמֹ֑ר	l/559	HR/Vqc
Num 34:13	זֹ֣את	2063	HPdxfs
Num 34:13	הָ/אָ֗רֶץ	d/776	HTd/Ncbsa
Num 34:13	אֲשֶׁ֨ר	834 a	HTr
Num 34:13	תִּתְנַחֲל֤וּ	5157	HVti2mp
Num 34:13	אֹתָ/הּ֙	853	HTo/Sp3fs
Num 34:13	בְּ/גוֹרָ֔ל	b/1486	HR/Ncmsa
Num 34:13	אֲשֶׁר֙	834 a	HTr
Num 34:13	צִוָּ֣ה	6680	HVpp3ms
Num 34:13	יְהוָ֔ה	3068	HNp
Num 34:13	לָ/תֵ֛ת	l/5414	HR/Vqc
Num 34:13	לְ/תִשְׁעַ֥ת	l/8672	HR/Acmsc
Num 34:13	הַ/מַּטּ֖וֹת	d/4294	HTd/Ncmpa
Num 34:13	וַ/חֲצִ֥י	c/2677	HC/Ncmsc
Num 34:13	הַ/מַּטֶּֽה	d/4294	HTd/Ncmsa
Num 34:14	כִּ֣י	3588 a	HC
Num 34:14	לָקְח֞וּ	3947	HVqp3cp
Num 34:14	מַטֵּ֨ה	4294	HNcmsc
Num 34:14	בְנֵ֤י	1121 a	HNcmpc
Num 34:14	הָ/ראוּבֵנִי֙	d/7206	HTd/Ngmsa
Num 34:14	לְ/בֵ֣ית	l/1004 b	HR/Ncmsc
Num 34:14	אֲבֹתָ֔/ם	1	HNcmpc/Sp3mp
Num 34:14	וּ/מַטֵּ֥ה	c/4294	HC/Ncmsc
Num 34:14	בְנֵֽי	1121 a	HNcmpc
Num 34:14	הַ/גָּדִ֖י	d/1425	HTd/Ngmsa
Num 34:14	לְ/בֵ֣ית	l/1004 b	HR/Ncmsc
Num 34:14	אֲבֹתָ֑/ם	1	HNcmpc/Sp3mp
Num 34:14	וַ/חֲצִי֙	c/2677	HC/Ncmsc
Num 34:14	מַטֵּ֣ה	4294	HNcmsc
Num 34:14	מְנַשֶּׁ֔ה	4519	HNp
Num 34:14	לָקְח֖וּ	3947	HVqp3cp
Num 34:14	נַחֲלָתָֽ/ם	5159	HNcfsc/Sp3mp
Num 34:15	שְׁנֵ֥י	8147	HAcmdc
Num 34:15	הַ/מַּטּ֖וֹת	d/4294	HTd/Ncmpa
Num 34:15	וַ/חֲצִ֣י	c/2677	HC/Ncmsc
Num 34:15	הַ/מַּטֶּ֑ה	d/4294	HTd/Ncmsa
Num 34:15	לָקְח֣וּ	3947	HVqp3cp
Num 34:15	נַחֲלָתָ֗/ם	5159	HNcfsc/Sp3mp
Num 34:15	מֵ/עֵ֛בֶר	m/5676	HR/Ncmsa
Num 34:15	לְ/יַרְדֵּ֥ן	l/3383	HR/Np
Num 34:15	יְרֵח֖וֹ	3405	HNp
Num 34:15	קֵ֥דְמָ/ה	6924 b	HNcmsa/Sd
Num 34:15	מִזְרָֽחָ/ה	4217	HNcmsa/Sd
Num 34:16	וַ/יְדַבֵּ֥ר	c/1696	HC/Vpw3ms
Num 34:16	יְהוָ֖ה	3068	HNp
Num 34:16	אֶל	413	HR
Num 34:16	מֹשֶׁ֥ה	4872	HNp
Num 34:16	לֵּ/אמֹֽר	l/559	HR/Vqc
Num 34:17	אֵ֚לֶּה	428	HPdxcp
Num 34:17	שְׁמ֣וֹת	8034	HNcmpc
Num 34:17	הָֽ/אֲנָשִׁ֔ים	d/376	HTd/Ncmpa
Num 34:17	אֲשֶׁר	834 a	HTr
Num 34:17	יִנְחֲל֥וּ	5157	HVqi3mp
Num 34:17	לָ/כֶ֖ם	l	HR/Sp2mp
Num 34:17	אֶת	853	HTo
Num 34:17	הָ/אָ֑רֶץ	d/776	HTd/Ncbsa
Num 34:17	אֶלְעָזָר֙	499	HNp
Num 34:17	הַ/כֹּהֵ֔ן	d/3548	HTd/Ncmsa
Num 34:17	וִ/יהוֹשֻׁ֖עַ	c/3091	HC/Np
Num 34:17	בִּן	1121 a	HNcmsc
Num 34:17	נֽוּן	5126	HNp
Num 34:18	וְ/נָשִׂ֥יא	c/5387 a	HC/Ncmsa
Num 34:18	אֶחָ֛ד	259	HAcmsa
Num 34:18	נָשִׂ֥יא	5387 a	HNcmsa
Num 34:18	אֶחָ֖ד	259	HAcmsa
Num 34:18	מִ/מַּטֶּ֑ה	m/4294	HR/Ncmsa
Num 34:18	תִּקְח֖וּ	3947	HVqi2mp
Num 34:18	לִ/נְחֹ֥ל	l/5157	HR/Vqc
Num 34:18	אֶת	853	HTo
Num 34:18	הָ/אָֽרֶץ	d/776	HTd/Ncbsa
Num 34:19	וְ/אֵ֖לֶּה	c/428	HC/Pdxcp
Num 34:19	שְׁמ֣וֹת	8034	HNcmpc
Num 34:19	הָ/אֲנָשִׁ֑ים	d/376	HTd/Ncmpa
Num 34:19	לְ/מַטֵּ֣ה	l/4294	HR/Ncmsc
Num 34:19	יְהוּדָ֔ה	3063	HNp
Num 34:19	כָּלֵ֖ב	3612	HNp
Num 34:19	בֶּן	1121 a	HNcmsc
Num 34:19	יְפֻנֶּֽה	3312	HNp
Num 34:20	וּ/לְ/מַטֵּה֙	c/l/4294	HC/R/Ncmsc
Num 34:20	בְּנֵ֣י	1121 a	HNcmpc
Num 34:20	שִׁמְע֔וֹן	8095	HNp
Num 34:20	שְׁמוּאֵ֖ל	8050	HNp
Num 34:20	בֶּן	1121 a	HNcmsc
Num 34:20	עַמִּיהֽוּד	5989	HNp
Num 34:21	לְ/מַטֵּ֣ה	l/4294	HR/Ncmsc
Num 34:21	בִנְיָמִ֔ן	1144	HNp
Num 34:21	אֱלִידָ֖ד	449	HNp
Num 34:21	בֶּן	1121 a	HNcmsc
Num 34:21	כִּסְלֽוֹן	3692	HNp
Num 34:22	וּ/לְ/מַטֵּ֥ה	c/l/4294	HC/R/Ncmsc
Num 34:22	בְנֵי	1121 a	HNcmpc
Num 34:22	דָ֖ן	1835	HNp
Num 34:22	נָשִׂ֑יא	5387 a	HNcmsa
Num 34:22	בֻּקִּ֖י	1231	HNp
Num 34:22	בֶּן	1121 a	HNcmsc
Num 34:22	יָגְלִֽי	3020	HNp
Num 34:23	לִ/בְנֵ֣י	l/1121 a	HR/Ncmpc
Num 34:23	יוֹסֵ֔ף	3130	HNp
Num 34:23	לְ/מַטֵּ֥ה	l/4294	HR/Ncmsc
Num 34:23	בְנֵֽי	1121 a	HNcmpc
Num 34:23	מְנַשֶּׁ֖ה	4519	HNp
Num 34:23	נָשִׂ֑יא	5387 a	HNcmsa
Num 34:23	חַנִּיאֵ֖ל	2592	HNp
Num 34:23	בֶּן	1121 a	HNcmsc
Num 34:23	אֵפֹֽד	641	HNp
Num 34:24	וּ/לְ/מַטֵּ֥ה	c/l/4294	HC/R/Ncmsc
Num 34:24	בְנֵֽי	1121 a	HNcmpc
Num 34:24	אֶפְרַ֖יִם	669	HNp
Num 34:24	נָשִׂ֑יא	5387 a	HNcmsa
Num 34:24	קְמוּאֵ֖ל	7055	HNp
Num 34:24	בֶּן	1121 a	HNcmsc
Num 34:24	שִׁפְטָֽן	8204	HNp
Num 34:25	וּ/לְ/מַטֵּ֥ה	c/l/4294	HC/R/Ncmsc
Num 34:25	בְנֵֽי	1121 a	HNcmpc
Num 34:25	זְבוּלֻ֖ן	2074	HNp
Num 34:25	נָשִׂ֑יא	5387 a	HNcmsa
Num 34:25	אֱלִיצָפָ֖ן	469	HNp
Num 34:25	בֶּן	1121 a	HNcmsc
Num 34:25	פַּרְנָֽךְ	6535	HNp
Num 34:26	וּ/לְ/מַטֵּ֥ה	c/l/4294	HC/R/Ncmsc
Num 34:26	בְנֵֽי	1121 a	HNcmpc
Num 34:26	יִשָׂשכָ֖ר	3485	HNp
Num 34:26	נָשִׂ֑יא	5387 a	HNcmsa
Num 34:26	פַּלְטִיאֵ֖ל	6409	HNp
Num 34:26	בֶּן	1121 a	HNcmsc
Num 34:26	עַזָּֽן	5821	HNp
Num 34:27	וּ/לְ/מַטֵּ֥ה	c/l/4294	HC/R/Ncmsc
Num 34:27	בְנֵי	1121 a	HNcmpc
Num 34:27	אָשֵׁ֖ר	836	HNp
Num 34:27	נָשִׂ֑יא	5387 a	HNcmsa
Num 34:27	אֲחִיה֖וּד	282	HNp
Num 34:27	בֶּן	1121 a	HNcmsc
Num 34:27	שְׁלֹמִֽי	8015	HNp
Num 34:28	וּ/לְ/מַטֵּ֥ה	c/l/4294	HC/R/Ncmsc
Num 34:28	בְנֵֽי	1121 a	HNcmpc
Num 34:28	נַפְתָּלִ֖י	5321	HNp
Num 34:28	נָשִׂ֑יא	5387 a	HNcmsa
Num 34:28	פְּדַהְאֵ֖ל	6300	HNp
Num 34:28	בֶּן	1121 a	HNcmsc
Num 34:28	עַמִּיהֽוּד	5989	HNp
Num 34:29	אֵ֕לֶּה	428	HPdxcp
Num 34:29	אֲשֶׁ֖ר	834 a	HTr
Num 34:29	צִוָּ֣ה	6680	HVpp3ms
Num 34:29	יְהוָ֑ה	3068	HNp
Num 34:29	לְ/נַחֵ֥ל	l/5157	HR/Vpc
Num 34:29	אֶת	853	HTo
Num 34:29	בְּנֵֽי	1121 a	HNcmpc
Num 34:29	יִשְׂרָאֵ֖ל	3478	HNp
Num 34:29	בְּ/אֶ֥רֶץ	b/776	HR/Ncbsc
Num 34:29	כְּנָֽעַן	3667 a	HNp
Num 35:1	וַ/יְדַבֵּ֧ר	c/1696	HC/Vpw3ms
Num 35:1	יְהוָ֛ה	3068	HNp
Num 35:1	אֶל	413	HR
Num 35:1	מֹשֶׁ֖ה	4872	HNp
Num 35:1	בְּ/עַֽרְבֹ֣ת	b/6160	HR/Ncfpc
Num 35:1	מוֹאָ֑ב	4124	HNp
Num 35:1	עַל	5921 a	HR
Num 35:1	יַרְדֵּ֥ן	3383	HNp
Num 35:1	יְרֵח֖וֹ	3405	HNp
Num 35:1	לֵ/אמֹֽר	l/559	HR/Vqc
Num 35:2	צַו֮	6680	HVpv2ms
Num 35:2	אֶת	853	HTo
Num 35:2	בְּנֵ֣י	1121 a	HNcmpc
Num 35:2	יִשְׂרָאֵל֒	3478	HNp
Num 35:2	וְ/נָתְנ֣וּ	c/5414	HC/Vqq3cp
Num 35:2	לַ/לְוִיִּ֗ם	l/3881	HRd/Ngmpa
Num 35:2	מִֽ/נַּחֲלַ֛ת	m/5159	HR/Ncfsc
Num 35:2	אֲחֻזָּתָ֖/ם	272	HNcfsc/Sp3mp
Num 35:2	עָרִ֣ים	5892 b	HNcfpa
Num 35:2	לָ/שָׁ֑בֶת	l/3427	HR/Vqc
Num 35:2	וּ/מִגְרָ֗שׁ	c/4054	HC/Ncmsa
Num 35:2	לֶֽ/עָרִים֙	l/5892 b	HRd/Ncfpa
Num 35:2	סְבִיבֹ֣תֵי/הֶ֔ם	5439	HNcbpc/Sp3mp
Num 35:2	תִּתְּנ֖וּ	5414	HVqi2mp
Num 35:2	לַ/לְוִיִּֽם	l/3881	HRd/Ngmpa
Num 35:3	וְ/הָי֧וּ	c/1961	HC/Vqq3cp
Num 35:3	הֶֽ/עָרִ֛ים	d/5892 b	HTd/Ncfpa
Num 35:3	לָ/הֶ֖ם	l	HR/Sp3mp
Num 35:3	לָ/שָׁ֑בֶת	l/3427	HR/Vqc
Num 35:3	וּ/מִגְרְשֵׁי/הֶ֗ם	c/4054	HC/Ncmpc/Sp3mp
Num 35:3	יִהְי֤וּ	1961	HVqi3mp
Num 35:3	לִ/בְהֶמְתָּ/ם֙	l/929	HR/Ncfsc/Sp3mp
Num 35:3	וְ/לִ/רְכֻשָׁ֔/ם	c/l/7399	HC/R/Ncmsc/Sp3mp
Num 35:3	וּ/לְ/כֹ֖ל	c/l/3605	HC/R/Ncmsc
Num 35:3	חַיָּתָֽ/ם	2416 c	HNcfsc/Sp3mp
Num 35:4	וּ/מִגְרְשֵׁי֙	c/4054	HC/Ncmpc
Num 35:4	הֶֽ/עָרִ֔ים	d/5892 b	HTd/Ncfpa
Num 35:4	אֲשֶׁ֥ר	834 a	HTr
Num 35:4	תִּתְּנ֖וּ	5414	HVqi2mp
Num 35:4	לַ/לְוִיִּ֑ם	l/3881	HRd/Ngmpa
Num 35:4	מִ/קִּ֤יר	m/7023	HR/Ncmsc
Num 35:4	הָ/עִיר֙	d/5892 b	HTd/Ncfsa
Num 35:4	וָ/ח֔וּצָ/ה	c/2351	HC/Ncmsa/Sd
Num 35:4	אֶ֥לֶף	505	HAcbsa
Num 35:4	אַמָּ֖ה	520 a	HNcfsa
Num 35:4	סָבִֽיב	5439	HNcbsa
Num 35:5	וּ/מַדֹּתֶ֞ם	c/4058	HC/Vqq2mp
Num 35:5	מִ/ח֣וּץ	m/2351	HR/Ncmsa
Num 35:5	לָ/עִ֗יר	l/5892 b	HRd/Ncfsa
Num 35:5	אֶת	853	HTo
Num 35:5	פְּאַת	6285	HNcfsc
Num 35:5	קֵ֣דְמָ/ה	6924 b	HNcmsa/Sd
Num 35:5	אַלְפַּ֪יִם	505	HAcbpa
Num 35:5	בָּֽ/אַמָּ֟ה	b/520 a	HRd/Ncfsa
Num 35:5	וְ/אֶת	c/853	HC/To
Num 35:5	פְּאַת	6285	HNcfsc
Num 35:5	נֶגֶב֩	5045	HNcmsa
Num 35:5	אַלְפַּ֨יִם	505	HAcbpa
Num 35:5	בָּ/אַמָּ֜ה	b/520 a	HRd/Ncfsa
Num 35:5	וְ/אֶת	c/853	HC/To
Num 35:5	פְּאַת	6285	HNcfsc
Num 35:5	יָ֣ם	3220	HNcmsa
Num 35:5	אַלְפַּ֣יִם	505	HAcbpa
Num 35:5	בָּֽ/אַמָּ֗ה	b/520 a	HRd/Ncfsa
Num 35:5	וְ/אֵ֨ת	c/853	HC/To
Num 35:5	פְּאַ֥ת	6285	HNcfsc
Num 35:5	צָפ֛וֹן	6828	HNcfsa
Num 35:5	אַלְפַּ֥יִם	505	HAcbpa
Num 35:5	בָּ/אַמָּ֖ה	b/520 a	HRd/Ncfsa
Num 35:5	וְ/הָ/עִ֣יר	c/d/5892 b	HC/Td/Ncfsa
Num 35:5	בַּ/תָּ֑וֶךְ	b/8432	HRd/Ncmsa
Num 35:5	זֶ֚ה	2088	HPdxms
Num 35:5	יִהְיֶ֣ה	1961	HVqi3ms
Num 35:5	לָ/הֶ֔ם	l	HR/Sp3mp
Num 35:5	מִגְרְשֵׁ֖י	4054	HNcmpc
Num 35:5	הֶ/עָרִֽים	d/5892 b	HTd/Ncfpa
Num 35:6	וְ/אֵ֣ת	c/853	HC/To
Num 35:6	הֶֽ/עָרִ֗ים	d/5892 b	HTd/Ncfpa
Num 35:6	אֲשֶׁ֤ר	834 a	HTr
Num 35:6	תִּתְּנוּ֙	5414	HVqi2mp
Num 35:6	לַ/לְוִיִּ֔ם	l/3881	HRd/Ngmpa
Num 35:6	אֵ֚ת	853	HTo
Num 35:6	שֵׁשׁ	8337	HAcfsa
Num 35:6	עָרֵ֣י	5892 b	HNcfpc
Num 35:6	הַ/מִּקְלָ֔ט	d/4733	HTd/Ncmsa
Num 35:6	אֲשֶׁ֣ר	834 a	HTr
Num 35:6	תִּתְּנ֔וּ	5414	HVqi2mp
Num 35:6	לָ/נֻ֥ס	l/5127	HR/Vqc
Num 35:6	שָׁ֖מָּ/ה	8033	HD/Sd
Num 35:6	הָ/רֹצֵ֑חַ	d/7523	HTd/Vqrmsa
Num 35:6	וַ/עֲלֵי/הֶ֣ם	c/5921 a	HC/R/Sp3mp
Num 35:6	תִּתְּנ֔וּ	5414	HVqi2mp
Num 35:6	אַרְבָּעִ֥ים	705	HAcbpa
Num 35:6	וּ/שְׁתַּ֖יִם	c/8147	HC/Acfda
Num 35:6	עִֽיר	5892 b	HNcfsa
Num 35:7	כָּל	3605	HNcmsc
Num 35:7	הֶ/עָרִ֗ים	d/5892 b	HTd/Ncfpa
Num 35:7	אֲשֶׁ֤ר	834 a	HTr
Num 35:7	תִּתְּנוּ֙	5414	HVqi2mp
Num 35:7	לַ/לְוִיִּ֔ם	l/3881	HRd/Ngmpa
Num 35:7	אַרְבָּעִ֥ים	705	HAcbpa
Num 35:7	וּ/שְׁמֹנֶ֖ה	c/8083	HC/Acfsa
Num 35:7	עִ֑יר	5892 b	HNcfsa
Num 35:7	אֶתְ/הֶ֖ן	853	HTo/Sp3fp
Num 35:7	וְ/אֶת	c/853	HC/To
Num 35:7	מִגְרְשֵׁי/הֶֽן	4054	HNcmpc/Sp3fp
Num 35:8	וְ/הֶֽ/עָרִ֗ים	c/d/5892 b	HC/Td/Ncfpa
Num 35:8	אֲשֶׁ֤ר	834 a	HTr
Num 35:8	תִּתְּנוּ֙	5414	HVqi2mp
Num 35:8	מֵ/אֲחֻזַּ֣ת	m/272	HR/Ncfsc
Num 35:8	בְּנֵי	1121 a	HNcmpc
Num 35:8	יִשְׂרָאֵ֔ל	3478	HNp
Num 35:8	מֵ/אֵ֤ת	m/854	HR/R
Num 35:8	הָ/רַב֙	d/7227 a	HTd/Aamsa
Num 35:8	תַּרְבּ֔וּ	7235 a	HVhi2mp
Num 35:8	וּ/מֵ/אֵ֥ת	c/m/853	HC/R/To
Num 35:8	הַ/מְעַ֖ט	d/4592	HTd/Aamsa
Num 35:8	תַּמְעִ֑יטוּ	4591	HVhi2mp
Num 35:8	אִ֗ישׁ	376	HNcmsa
Num 35:8	כְּ/פִ֤י	k/6310	HR/Ncmsc
Num 35:8	נַחֲלָת/וֹ֙	5159	HNcfsc/Sp3ms
Num 35:8	אֲשֶׁ֣ר	834 a	HTr
Num 35:8	יִנְחָ֔לוּ	5157	HVqi3mp
Num 35:8	יִתֵּ֥ן	5414	HVqi3ms
Num 35:8	מֵ/עָרָ֖י/ו	m/5892 b	HR/Ncfpc/Sp3ms
Num 35:8	לַ/לְוִיִּֽם	l/3881	HRd/Ngmpa
Num 35:9	וַ/יְדַבֵּ֥ר	c/1696	HC/Vpw3ms
Num 35:9	יְהוָ֖ה	3068	HNp
Num 35:9	אֶל	413	HR
Num 35:9	מֹשֶׁ֥ה	4872	HNp
Num 35:9	לֵּ/אמֹֽר	l/559	HR/Vqc
Num 35:10	דַּבֵּר֙	1696	HVpv2ms
Num 35:10	אֶל	413	HR
Num 35:10	בְּנֵ֣י	1121 a	HNcmpc
Num 35:10	יִשְׂרָאֵ֔ל	3478	HNp
Num 35:10	וְ/אָמַרְתָּ֖	c/559	HC/Vqq2ms
Num 35:10	אֲלֵ/הֶ֑ם	413	HR/Sp3mp
Num 35:10	כִּ֥י	3588 a	HC
Num 35:10	אַתֶּ֛ם	859 d	HPp2mp
Num 35:10	עֹבְרִ֥ים	5674 a	HVqrmpa
Num 35:10	אֶת	853	HTo
Num 35:10	הַ/יַּרְדֵּ֖ן	d/3383	HTd/Np
Num 35:10	אַ֥רְצָ/ה	776	HNcbsc/Sd
Num 35:10	כְּנָֽעַן	3667 a	HNp
Num 35:11	וְ/הִקְרִיתֶ֤ם	c/7136 a	HC/Vhq2mp
Num 35:11	לָ/כֶם֙	l	HR/Sp2mp
Num 35:11	עָרִ֔ים	5892 b	HNcfpa
Num 35:11	עָרֵ֥י	5892 b	HNcfpc
Num 35:11	מִקְלָ֖ט	4733	HNcmsa
Num 35:11	תִּהְיֶ֣ינָה	1961	HVqi3fp
Num 35:11	לָ/כֶ֑ם	l	HR/Sp2mp
Num 35:11	וְ/נָ֥ס	c/5127	HC/Vqq3ms
Num 35:11	שָׁ֨מָּ/ה֙	8033	HD/Sd
Num 35:11	רֹצֵ֔חַ	7523	HVqrmsa
Num 35:11	מַכֵּה	5221	HVhrmsc
Num 35:11	נֶ֖פֶשׁ	5315	HNcbsa
Num 35:11	בִּ/שְׁגָגָֽה	b/7684	HR/Ncfsa
Num 35:12	וְ/הָי֨וּ	c/1961	HC/Vqq3cp
Num 35:12	לָ/כֶ֧ם	l	HR/Sp2mp
Num 35:12	הֶ/עָרִ֛ים	d/5892 b	HTd/Ncfpa
Num 35:12	לְ/מִקְלָ֖ט	l/4733	HR/Ncmsa
Num 35:12	מִ/גֹּאֵ֑ל	m/1350 a	HR/Vqrmsa
Num 35:12	וְ/לֹ֤א	c/3808	HC/Tn
Num 35:12	יָמוּת֙	4191	HVqi3ms
Num 35:12	הָ/רֹצֵ֔חַ	d/7523	HTd/Vqrmsa
Num 35:12	עַד	5704	HR
Num 35:12	עָמְד֛/וֹ	5975	HVqc/Sp3ms
Num 35:12	לִ/פְנֵ֥י	l/6440	HR/Ncbpc
Num 35:12	הָ/עֵדָ֖ה	d/5712	HTd/Ncfsa
Num 35:12	לַ/מִּשְׁפָּֽט	l/4941	HRd/Ncmsa
Num 35:13	וְ/הֶ/עָרִ֖ים	c/d/5892 b	HC/Td/Ncfpa
Num 35:13	אֲשֶׁ֣ר	834 a	HTr
Num 35:13	תִּתֵּ֑נוּ	5414	HVqi2mp
Num 35:13	שֵׁשׁ	8337	HAcfsa
Num 35:13	עָרֵ֥י	5892 b	HNcfpc
Num 35:13	מִקְלָ֖ט	4733	HNcmsa
Num 35:13	תִּהְיֶ֥ינָה	1961	HVqi3fp
Num 35:13	לָ/כֶֽם	l	HR/Sp2mp
Num 35:14	אֵ֣ת	853	HTo
Num 35:14	שְׁלֹ֣שׁ	7969	HAcfsa
Num 35:14	הֶ/עָרִ֗ים	d/5892 b	HTd/Ncfpa
Num 35:14	תִּתְּנוּ֙	5414	HVqi2mp
Num 35:14	מֵ/עֵ֣בֶר	m/5676	HR/Ncmsa
Num 35:14	לַ/יַּרְדֵּ֔ן	l/3383	HRd/Np
Num 35:14	וְ/אֵת֙	c/853	HC/To
Num 35:14	שְׁלֹ֣שׁ	7969	HAcfsa
Num 35:14	הֶֽ/עָרִ֔ים	d/5892 b	HTd/Ncfpa
Num 35:14	תִּתְּנ֖וּ	5414	HVqi2mp
Num 35:14	בְּ/אֶ֣רֶץ	b/776	HR/Ncbsc
Num 35:14	כְּנָ֑עַן	3667 a	HNp
Num 35:14	עָרֵ֥י	5892 b	HNcfpc
Num 35:14	מִקְלָ֖ט	4733	HNcmsa
Num 35:14	תִּהְיֶֽינָה	1961	HVqi3fp
Num 35:15	לִ/בְנֵ֣י	l/1121 a	HR/Ncmpc
Num 35:15	יִשְׂרָאֵ֗ל	3478	HNp
Num 35:15	וְ/לַ/גֵּ֤ר	c/l/1616	HC/Rd/Ncmsa
Num 35:15	וְ/לַ/תּוֹשָׁב֙	c/l/8453 a	HC/Rd/Ncmsa
Num 35:15	בְּ/תוֹכָ֔/ם	b/8432	HR/Ncmsc/Sp3mp
Num 35:15	תִּהְיֶ֛ינָה	1961	HVqi3fp
Num 35:15	שֵׁשׁ	8337	HAcfsa
Num 35:15	הֶ/עָרִ֥ים	d/5892 b	HTd/Ncfpa
Num 35:15	הָ/אֵ֖לֶּה	d/428	HTd/Pdxcp
Num 35:15	לְ/מִקְלָ֑ט	l/4733	HR/Ncmsa
Num 35:15	לָ/נ֣וּס	l/5127	HR/Vqc
Num 35:15	שָׁ֔מָּ/ה	8033	HD/Sd
Num 35:15	כָּל	3605	HNcmsc
Num 35:15	מַכֵּה	5221	HVhrmsc
Num 35:15	נֶ֖פֶשׁ	5315	HNcbsa
Num 35:15	בִּ/שְׁגָגָֽה	b/7684	HR/Ncfsa
Num 35:16	וְ/אִם	c/518 a	HC/C
Num 35:16	בִּ/כְלִ֨י	b/3627	HR/Ncmsc
Num 35:16	בַרְזֶ֧ל	1270	HNcmsa
Num 35:16	הִכָּ֛ה/וּ	5221	HVhp3ms/Sp3ms
Num 35:16	וַ/יָּמֹ֖ת	c/4191	HC/Vqw3ms
Num 35:16	רֹצֵ֣חַֽ	7523	HVqrmsa
Num 35:16	ה֑וּא	1931	HPp3ms
Num 35:16	מ֥וֹת	4191	HVqa
Num 35:16	יוּמַ֖ת	4191	HVHi3ms
Num 35:16	הָ/רֹצֵֽחַ	d/7523	HTd/Vqrmsa
Num 35:17	וְ/אִ֡ם	c/518 a	HC/C
Num 35:17	בְּ/אֶ֣בֶן	b/68	HR/Ncfsc
Num 35:17	יָד֩	3027	HNcbsa
Num 35:17	אֲשֶׁר	834 a	HTr
Num 35:17	יָמ֨וּת	4191	HVqi3ms
Num 35:17	בָּ֥/הּ	b	HR/Sp3fs
Num 35:17	הִכָּ֛ה/וּ	5221	HVhp3ms/Sp3ms
Num 35:17	וַ/יָּמֹ֖ת	c/4191	HC/Vqw3ms
Num 35:17	רֹצֵ֣חַֽ	7523	HVqrmsa
Num 35:17	ה֑וּא	1931	HPp3ms
Num 35:17	מ֥וֹת	4191	HVqa
Num 35:17	יוּמַ֖ת	4191	HVHi3ms
Num 35:17	הָ/רֹצֵֽחַ	d/7523	HTd/Vqrmsa
Num 35:18	א֡וֹ	176 a	HC
Num 35:18	בִּ/כְלִ֣י	b/3627	HR/Ncmsc
Num 35:18	עֵֽץ	6086	HNcmsa
Num 35:18	יָד֩	3027	HNcbsa
Num 35:18	אֲשֶׁר	834 a	HTr
Num 35:18	יָמ֨וּת	4191	HVqi3ms
Num 35:18	בּ֥/וֹ	b	HR/Sp3ms
Num 35:18	הִכָּ֛ה/וּ	5221	HVhp3ms/Sp3ms
Num 35:18	וַ/יָּמֹ֖ת	c/4191	HC/Vqw3ms
Num 35:18	רֹצֵ֣חַֽ	7523	HVqrmsa
Num 35:18	ה֑וּא	1931	HPp3ms
Num 35:18	מ֥וֹת	4191	HVqa
Num 35:18	יוּמַ֖ת	4191	HVHi3ms
Num 35:18	הָ/רֹצֵֽחַ	d/7523	HTd/Vqrmsa
Num 35:19	גֹּאֵ֣ל	1350 a	HVqrmsc
Num 35:19	הַ/דָּ֔ם	d/1818	HTd/Ncmsa
Num 35:19	ה֥וּא	1931	HPp3ms
Num 35:19	יָמִ֖ית	4191	HVhi3ms
Num 35:19	אֶת	853	HTo
Num 35:19	הָ/רֹצֵ֑חַ	d/7523	HTd/Vqrmsa
Num 35:19	בְּ/פִגְע/וֹ	b/6293	HR/Vqc/Sp3ms
Num 35:19	ב֖/וֹ	b	HR/Sp3ms
Num 35:19	ה֥וּא	1931	HPp3ms
Num 35:19	יְמִיתֶֽ/נּוּ	4191	HVhi3ms/Sp3ms
Num 35:20	וְ/אִם	c/518 a	HC/C
Num 35:20	בְּ/שִׂנְאָ֖ה	b/8135	HR/Ncfsa
Num 35:20	יֶהְדָּפֶ֑/נּוּ	1920	HVqi3ms/Sp3ms
Num 35:20	אֽוֹ	176 a	HC
Num 35:20	הִשְׁלִ֥יךְ	7993	HVhp3ms
Num 35:20	עָלָ֛י/ו	5921 a	HR/Sp3ms
Num 35:20	בִּ/צְדִיָּ֖ה	b/6660	HR/Ncfsa
Num 35:20	וַ/יָּמֹֽת	c/4191	HC/Vqw3ms
Num 35:21	א֣וֹ	176 a	HC
Num 35:21	בְ/אֵיבָ֞ה	b/342	HR/Ncfsa
Num 35:21	הִכָּ֤ה/וּ	5221	HVhp3ms/Sp3ms
Num 35:21	בְ/יָד/וֹ֙	b/3027	HR/Ncbsc/Sp3ms
Num 35:21	וַ/יָּמֹ֔ת	c/4191	HC/Vqw3ms
Num 35:21	מֽוֹת	4191	HVqa
Num 35:21	יוּמַ֥ת	4191	HVHi3ms
Num 35:21	הַ/מַּכֶּ֖ה	d/5221	HTd/Vhrmsa
Num 35:21	רֹצֵ֣חַֽ	7523	HVqrmsa
Num 35:21	ה֑וּא	1931	HPp3ms
Num 35:21	גֹּאֵ֣ל	1350 a	HVqrmsc
Num 35:21	הַ/דָּ֗ם	d/1818	HTd/Ncmsa
Num 35:21	יָמִ֛ית	4191	HVhi3ms
Num 35:21	אֶת	853	HTo
Num 35:21	הָ/רֹצֵ֖חַ	d/7523	HTd/Vqrmsa
Num 35:21	בְּ/פִגְע/וֹ	b/6293	HR/Vqc/Sp3ms
Num 35:21	בֽ/וֹ	b	HR/Sp3ms
Num 35:22	וְ/אִם	c/518 a	HC/C
Num 35:22	בְּ/פֶ֥תַע	b/6621	HR/Ncmsa
Num 35:22	בְּ/לֹא	b/3808	HR/Tn
Num 35:22	אֵיבָ֖ה	342	HNcfsa
Num 35:22	הֲדָפ֑/וֹ	1920	HVqp3ms/Sp3ms
Num 35:22	אוֹ	176 a	HC
Num 35:22	הִשְׁלִ֥יךְ	7993	HVhp3ms
Num 35:22	עָלָ֛י/ו	5921 a	HR/Sp3ms
Num 35:22	כָּל	3605	HNcmsc
Num 35:22	כְּלִ֖י	3627	HNcmsa
Num 35:22	בְּ/לֹ֥א	b/3808	HR/Tn
Num 35:22	צְדִיָּֽה	6660	HNcfsa
Num 35:23	א֣וֹ	176 a	HC
Num 35:23	בְ/כָל	b/3605	HR/Ncmsc
Num 35:23	אֶ֜בֶן	68	HNcfsa
Num 35:23	אֲשֶׁר	834 a	HTr
Num 35:23	יָמ֥וּת	4191	HVqi3ms
Num 35:23	בָּ/הּ֙	b	HR/Sp3fs
Num 35:23	בְּ/לֹ֣א	b/3808	HR/Tn
Num 35:23	רְא֔וֹת	7200	HVqc
Num 35:23	וַ/יַּפֵּ֥ל	c/5307	HC/Vhw3ms
Num 35:23	עָלָ֖י/ו	5921 a	HR/Sp3ms
Num 35:23	וַ/יָּמֹ֑ת	c/4191	HC/Vqw3ms
Num 35:23	וְ/הוּא֙	c/1931	HC/Pp3ms
Num 35:23	לֹא	3808	HTn
Num 35:23	אוֹיֵ֣ב	341	HVqrmsa
Num 35:23	ל֔/וֹ	l	HR/Sp3ms
Num 35:23	וְ/לֹ֥א	c/3808	HC/Tn
Num 35:23	מְבַקֵּ֖שׁ	1245	HVprmsa
Num 35:23	רָעָתֽ/וֹ	7451 c	HNcfsc/Sp3ms
Num 35:24	וְ/שָֽׁפְטוּ֙	c/8199	HC/Vqq3cp
Num 35:24	הָֽ/עֵדָ֔ה	d/5712	HTd/Ncfsa
Num 35:24	בֵּ֚ין	996	HR
Num 35:24	הַ/מַּכֶּ֔ה	d/5221	HTd/Vhrmsa
Num 35:24	וּ/בֵ֖ין	c/996	HC/R
Num 35:24	גֹּאֵ֣ל	1350 a	HVqrmsc
Num 35:24	הַ/דָּ֑ם	d/1818	HTd/Ncmsa
Num 35:24	עַ֥ל	5921 a	HR
Num 35:24	הַ/מִּשְׁפָּטִ֖ים	d/4941	HTd/Ncmpa
Num 35:24	הָ/אֵֽלֶּה	d/428	HTd/Pdxcp
Num 35:25	וְ/הִצִּ֨ילוּ	c/5337	HC/Vhq3cp
Num 35:25	הָ/עֵדָ֜ה	d/5712	HTd/Ncfsa
Num 35:25	אֶת	853	HTo
Num 35:25	הָ/רֹצֵ֗חַ	d/7523	HTd/Vqrmsa
Num 35:25	מִ/יַּד֮	m/3027	HR/Ncbsc
Num 35:25	גֹּאֵ֣ל	1350 a	HVqrmsc
Num 35:25	הַ/דָּם֒	d/1818	HTd/Ncmsa
Num 35:25	וְ/הֵשִׁ֤יבוּ	c/7725	HC/Vhq3cp
Num 35:25	אֹת/וֹ֙	853	HTo/Sp3ms
Num 35:25	הָֽ/עֵדָ֔ה	d/5712	HTd/Ncfsa
Num 35:25	אֶל	413	HR
Num 35:25	עִ֥יר	5892 b	HNcfsc
Num 35:25	מִקְלָט֖/וֹ	4733	HNcmsc/Sp3ms
Num 35:25	אֲשֶׁר	834 a	HTr
Num 35:25	נָ֣ס	5127	HVqp3ms
Num 35:25	שָׁ֑מָּ/ה	8033	HD/Sd
Num 35:25	וְ/יָ֣שַׁב	c/3427	HC/Vqp3ms
Num 35:25	בָּ֗/הּ	b	HR/Sp3fs
Num 35:25	עַד	5704	HR
Num 35:25	מוֹת֙	4194	HNcmsc
Num 35:25	הַ/כֹּהֵ֣ן	d/3548	HTd/Ncmsa
Num 35:25	הַ/גָּדֹ֔ל	d/1419 a	HTd/Aamsa
Num 35:25	אֲשֶׁר	834 a	HTr
Num 35:25	מָשַׁ֥ח	4886	HVqp3ms
Num 35:25	אֹת֖/וֹ	853	HTo/Sp3ms
Num 35:25	בְּ/שֶׁ֥מֶן	b/8081	HR/Ncmsc
Num 35:25	הַ/קֹּֽדֶשׁ	d/6944	HTd/Ncmsa
Num 35:26	וְ/אִם	c/518 a	HC/C
Num 35:26	יָצֹ֥א	3318	HVqa
Num 35:26	יֵצֵ֖א	3318	HVqi3ms
Num 35:26	הָ/רֹצֵ֑חַ	d/7523	HTd/Vqrmsa
Num 35:26	אֶת	853	HTo
Num 35:26	גְּבוּל֙	1366	HNcmsc
Num 35:26	עִ֣יר	5892 b	HNcfsc
Num 35:26	מִקְלָט֔/וֹ	4733	HNcmsc/Sp3ms
Num 35:26	אֲשֶׁ֥ר	834 a	HTr
Num 35:26	יָנ֖וּס	5127	HVqi3ms
Num 35:26	שָֽׁמָּ/ה	8033	HD/Sd
Num 35:27	וּ/מָצָ֤א	c/4672	HC/Vqp3ms
Num 35:27	אֹת/וֹ֙	853	HTo/Sp3ms
Num 35:27	גֹּאֵ֣ל	1350 a	HVqrmsc
Num 35:27	הַ/דָּ֔ם	d/1818	HTd/Ncmsa
Num 35:27	מִ/ח֕וּץ	m/2351	HR/Ncmsa
Num 35:27	לִ/גְב֖וּל	l/1366	HR/Ncmsc
Num 35:27	עִ֣יר	5892 b	HNcfsc
Num 35:27	מִקְלָט֑/וֹ	4733	HNcmsc/Sp3ms
Num 35:27	וְ/רָצַ֞ח	c/7523	HC/Vqq3ms
Num 35:27	גֹּאֵ֤ל	1350 a	HVqrmsc
Num 35:27	הַ/דָּם֙	d/1818	HTd/Ncmsa
Num 35:27	אֶת	853	HTo
Num 35:27	הָ֣/רֹצֵ֔חַ	d/7523	HTd/Vqrmsa
Num 35:27	אֵ֥ין	369	HTn
Num 35:27	ל֖/וֹ	l	HR/Sp3ms
Num 35:27	דָּֽם	1818	HNcmsa
Num 35:28	כִּ֣י	3588 a	HC
Num 35:28	בְ/עִ֤יר	b/5892 b	HR/Ncfsc
Num 35:28	מִקְלָט/וֹ֙	4733	HNcmsc/Sp3ms
Num 35:28	יֵשֵׁ֔ב	3427	HVqi3ms
Num 35:28	עַד	5704	HR
Num 35:28	מ֖וֹת	4194	HNcmsc
Num 35:28	הַ/כֹּהֵ֣ן	d/3548	HTd/Ncmsa
Num 35:28	הַ/גָּדֹ֑ל	d/1419 a	HTd/Aamsa
Num 35:28	וְ/אַחֲרֵ֥י	c/310 a	HC/R
Num 35:28	מוֹת֙	4194	HNcmsc
Num 35:28	הַ/כֹּהֵ֣ן	d/3548	HTd/Ncmsa
Num 35:28	הַ/גָּדֹ֔ל	d/1419 a	HTd/Aamsa
Num 35:28	יָשׁוּב֙	7725	HVqi3ms
Num 35:28	הָ/רֹצֵ֔חַ	d/7523	HTd/Vqrmsa
Num 35:28	אֶל	413	HR
Num 35:28	אֶ֖רֶץ	776	HNcbsc
Num 35:28	אֲחֻזָּתֽ/וֹ	272	HNcfsc/Sp3ms
Num 35:29	וְ/הָי֨וּ	c/1961	HC/Vqq3cp
Num 35:29	אֵ֧לֶּה	428	HPdxcp
Num 35:29	לָ/כֶ֛ם	l	HR/Sp2mp
Num 35:29	לְ/חֻקַּ֥ת	l/2708	HR/Ncbsc
Num 35:29	מִשְׁפָּ֖ט	4941	HNcmsa
Num 35:29	לְ/דֹרֹתֵי/כֶ֑ם	l/1755	HR/Ncmpc/Sp2mp
Num 35:29	בְּ/כֹ֖ל	b/3605	HR/Ncmsc
Num 35:29	מוֹשְׁבֹתֵי/כֶֽם	4186	HNcmpc/Sp2mp
Num 35:30	כָּל	3605	HNcmsc
Num 35:30	מַ֨כֵּה	5221	HVhrmsc
Num 35:30	נֶ֔פֶשׁ	5315	HNcbsa
Num 35:30	לְ/פִ֣י	l/6310	HR/Ncmsc
Num 35:30	עֵדִ֔ים	5707	HNcmpa
Num 35:30	יִרְצַ֖ח	7523	HVqi3ms
Num 35:30	אֶת	853	HTo
Num 35:30	הָ/רֹצֵ֑חַ	d/7523	HTd/Vqrmsa
Num 35:30	וְ/עֵ֣ד	c/5707	HC/Ncmsa
Num 35:30	אֶחָ֔ד	259	HAcmsa
Num 35:30	לֹא	3808	HTn
Num 35:30	יַעֲנֶ֥ה	6030 b	HVqi3ms
Num 35:30	בְ/נֶ֖פֶשׁ	b/5315	HR/Ncbsa
Num 35:30	לָ/מֽוּת	l/4191	HR/Vqc
Num 35:31	וְ/לֹֽא	c/3808	HC/Tn
Num 35:31	תִקְח֥וּ	3947	HVqi2mp
Num 35:31	כֹ֨פֶר֙	3724 a	HNcmsa
Num 35:31	לְ/נֶ֣פֶשׁ	l/5315	HR/Ncbsc
Num 35:31	רֹצֵ֔חַ	7523	HVqrmsa
Num 35:31	אֲשֶׁר	834 a	HTr
Num 35:31	ה֥וּא	1931	HPp3ms
Num 35:31	רָשָׁ֖ע	7563	HAamsa
Num 35:31	לָ/מ֑וּת	l/4191	HR/Vqc
Num 35:31	כִּי	3588 a	HC
Num 35:31	מ֖וֹת	4191	HVqa
Num 35:31	יוּמָֽת	4191	HVHi3ms
Num 35:32	וְ/לֹא	c/3808	HC/Tn
Num 35:32	תִקְח֣וּ	3947	HVqi2mp
Num 35:32	כֹ֔פֶר	3724 a	HNcmsa
Num 35:32	לָ/נ֖וּס	l/5127	HR/Vqc
Num 35:32	אֶל	413	HR
Num 35:32	עִ֣יר	5892 b	HNcfsc
Num 35:32	מִקְלָט֑/וֹ	4733	HNcmsc/Sp3ms
Num 35:32	לָ/שׁוּב֙	l/7725	HR/Vqc
Num 35:32	לָ/שֶׁ֣בֶת	l/3427	HR/Vqc
Num 35:32	בָּ/אָ֔רֶץ	b/776	HRd/Ncbsa
Num 35:32	עַד	5704	HR
Num 35:32	מ֖וֹת	4194	HNcmsc
Num 35:32	הַ/כֹּהֵֽן	d/3548	HTd/Ncmsa
Num 35:33	וְ/לֹֽא	c/3808	HC/Tn
Num 35:33	תַחֲנִ֣יפוּ	2610	HVhi2mp
Num 35:33	אֶת	853	HTo
Num 35:33	הָ/אָ֗רֶץ	d/776	HTd/Ncbsa
Num 35:33	אֲשֶׁ֤ר	834 a	HTr
Num 35:33	אַתֶּם֙	859 d	HPp2mp
Num 35:33	בָּ֔/הּ	b	HR/Sp3fs
Num 35:33	כִּ֣י	3588 a	HC
Num 35:33	הַ/דָּ֔ם	d/1818	HTd/Ncmsa
Num 35:33	ה֥וּא	1931	HPp3ms
Num 35:33	יַחֲנִ֖יף	2610	HVhi3ms
Num 35:33	אֶת	853	HTo
Num 35:33	הָ/אָ֑רֶץ	d/776	HTd/Ncbsa
Num 35:33	וְ/לָ/אָ֣רֶץ	c/l/776	HC/Rd/Ncbsa
Num 35:33	לֹֽא	3808	HTn
Num 35:33	יְכֻפַּ֗ר	3722 a	HVPi3ms
Num 35:33	לַ/דָּם֙	l/1818	HRd/Ncmsa
Num 35:33	אֲשֶׁ֣ר	834 a	HTr
Num 35:33	שֻׁפַּךְ	8210	HVPp3ms
Num 35:33	בָּ֔/הּ	b	HR/Sp3fs
Num 35:33	כִּי	3588 a	HC
Num 35:33	אִ֖ם	518 a	HC
Num 35:33	בְּ/דַ֥ם	b/1818	HR/Ncmsc
Num 35:33	שֹׁפְכֽ/וֹ	8210	HVqrmsc/Sp3ms
Num 35:34	וְ/לֹ֧א	c/3808	HC/Tn
Num 35:34	תְטַמֵּ֣א	2930 a	HVpi2ms
Num 35:34	אֶת	853	HTo
Num 35:34	הָ/אָ֗רֶץ	d/776	HTd/Ncbsa
Num 35:34	אֲשֶׁ֤ר	834 a	HTr
Num 35:34	אַתֶּם֙	859 d	HPp2mp
Num 35:34	יֹשְׁבִ֣ים	3427	HVqrmpa
Num 35:34	בָּ֔/הּ	b	HR/Sp3fs
Num 35:34	אֲשֶׁ֥ר	834 a	HTr
Num 35:34	אֲנִ֖י	589	HPp1cs
Num 35:34	שֹׁכֵ֣ן	7931	HVqrmsa
Num 35:34	בְּ/תוֹכָ֑/הּ	b/8432	HR/Ncmsc/Sp3fs
Num 35:34	כִּ֚י	3588 a	HC
Num 35:34	אֲנִ֣י	589	HPp1cs
Num 35:34	יְהוָ֔ה	3068	HNp
Num 35:34	שֹׁכֵ֕ן	7931	HVqrmsa
Num 35:34	בְּ/ת֖וֹךְ	b/8432	HR/Ncmsc
Num 35:34	בְּנֵ֥י	1121 a	HNcmpc
Num 35:34	יִשְׂרָאֵֽל	3478	HNp
Num 36:1	וַֽ/יִּקְרְב֞וּ	c/7126	HC/Vqw3mp
Num 36:1	רָאשֵׁ֣י	7218 a	HNcmpc
Num 36:1	הָֽ/אָב֗וֹת	d/1	HTd/Ncmpa
Num 36:1	לְ/מִשְׁפַּ֤חַת	l/4940	HR/Ncfsc
Num 36:1	בְּנֵֽי	1121 a	HNcmpc
Num 36:1	גִלְעָד֙	1568	HNp
Num 36:1	בֶּן	1121 a	HNcmsc
Num 36:1	מָכִ֣יר	4353	HNp
Num 36:1	בֶּן	1121 a	HNcmsc
Num 36:1	מְנַשֶּׁ֔ה	4519	HNp
Num 36:1	מִֽ/מִּשְׁפְּחֹ֖ת	m/4940	HR/Ncfpc
Num 36:1	בְּנֵ֣י	1121 a	HNcmpc
Num 36:1	יוֹסֵ֑ף	3130	HNp
Num 36:1	וַֽ/יְדַבְּר֞וּ	c/1696	HC/Vpw3mp
Num 36:1	לִ/פְנֵ֤י	l/6440	HR/Ncbpc
Num 36:1	מֹשֶׁה֙	4872	HNp
Num 36:1	וְ/לִ/פְנֵ֣י	c/l/6440	HC/R/Ncbpc
Num 36:1	הַ/נְּשִׂאִ֔ים	d/5387 a	HTd/Ncmpa
Num 36:1	רָאשֵׁ֥י	7218 a	HNcmpc
Num 36:1	אָב֖וֹת	1	HNcmpa
Num 36:1	לִ/בְנֵ֥י	l/1121 a	HR/Ncmpc
Num 36:1	יִשְׂרָאֵֽל	3478	HNp
Num 36:2	וַ/יֹּאמְר֗וּ	c/559	HC/Vqw3mp
Num 36:2	אֶת	853	HTo
Num 36:2	אֲדֹנִ/י֙	113	HNcmsc/Sp1cs
Num 36:2	צִוָּ֣ה	6680	HVpp3ms
Num 36:2	יְהוָ֔ה	3068	HNp
Num 36:2	לָ/תֵ֨ת	l/5414	HR/Vqc
Num 36:2	אֶת	853	HTo
Num 36:2	הָ/אָ֧רֶץ	d/776	HTd/Ncbsa
Num 36:2	בְּ/נַחֲלָ֛ה	b/5159	HR/Ncfsa
Num 36:2	בְּ/גוֹרָ֖ל	b/1486	HR/Ncmsa
Num 36:2	לִ/בְנֵ֣י	l/1121 a	HR/Ncmpc
Num 36:2	יִשְׂרָאֵ֑ל	3478	HNp
Num 36:2	וַֽ/אדֹנִ/י֙	c/113	HC/Ncmsc/Sp1cs
Num 36:2	צֻוָּ֣ה	6680	HVPp3ms
Num 36:2	בַֽ/יהוָ֔ה	b/3068	HR/Np
Num 36:2	לָ/תֵ֗ת	l/5414	HR/Vqc
Num 36:2	אֶֽת	853	HTo
Num 36:2	נַחֲלַ֛ת	5159	HNcfsc
Num 36:2	צְלָפְחָ֥ד	6765	HNp
Num 36:2	אָחִ֖י/נוּ	251	HNcmsc/Sp1cp
Num 36:2	לִ/בְנֹתָֽי/ו	l/1323	HR/Ncfpc/Sp3ms
Num 36:3	וְ֠/הָיוּ	c/1961	HC/Vqp3cp
Num 36:3	לְ/אֶחָ֞ד	l/259	HR/Acmsa
Num 36:3	מִ/בְּנֵ֨י	m/1121 a	HR/Ncmpc
Num 36:3	שִׁבְטֵ֥י	7626	HNcmpc
Num 36:3	בְנֵֽי	1121 a	HNcmpc
Num 36:3	יִשְׂרָאֵל֮	3478	HNp
Num 36:3	לְ/נָשִׁים֒	l/802	HR/Ncfpa
Num 36:3	וְ/נִגְרְעָ֤ה	c/1639	HC/VNq3fs
Num 36:3	נַחֲלָתָ/ן֙	5159	HNcfsc/Sp3fp
Num 36:3	מִ/נַּחֲלַ֣ת	m/5159	HR/Ncfsc
Num 36:3	אֲבֹתֵ֔י/נוּ	1	HNcmpc/Sp1cp
Num 36:3	וְ/נוֹסַ֕ף	c/3254	HC/VNq3ms
Num 36:3	עַ֚ל	5921 a	HR
Num 36:3	נַחֲלַ֣ת	5159	HNcfsc
Num 36:3	הַ/מַּטֶּ֔ה	d/4294	HTd/Ncmsa
Num 36:3	אֲשֶׁ֥ר	834 a	HTr
Num 36:3	תִּהְיֶ֖ינָה	1961	HVqi3fp
Num 36:3	לָ/הֶ֑ם	l	HR/Sp3mp
Num 36:3	וּ/מִ/גֹּרַ֥ל	c/m/1486	HC/R/Ncmsc
Num 36:3	נַחֲלָתֵ֖/נוּ	5159	HNcfsc/Sp1cp
Num 36:3	יִגָּרֵֽעַ	1639	HVNi3ms
Num 36:4	וְ/אִם	c/518 a	HC/C
Num 36:4	יִהְיֶ֣ה	1961	HVqi3ms
Num 36:4	הַ/יֹּבֵל֮	d/3104	HTd/Ncmsa
Num 36:4	לִ/בְנֵ֣י	l/1121 a	HR/Ncmpc
Num 36:4	יִשְׂרָאֵל֒	3478	HNp
Num 36:4	וְ/נֽוֹסְפָה֙	c/3254	HC/VNq3fs
Num 36:4	נַחֲלָתָ֔/ן	5159	HNcfsc/Sp3fp
Num 36:4	עַ֚ל	5921 a	HR
Num 36:4	נַחֲלַ֣ת	5159	HNcfsc
Num 36:4	הַ/מַּטֶּ֔ה	d/4294	HTd/Ncmsa
Num 36:4	אֲשֶׁ֥ר	834 a	HTr
Num 36:4	תִּהְיֶ֖ינָה	1961	HVqi3fp
Num 36:4	לָ/הֶ֑ם	l	HR/Sp3mp
Num 36:4	וּ/מִֽ/נַּחֲלַת֙	c/m/5159	HC/R/Ncfsc
Num 36:4	מַטֵּ֣ה	4294	HNcmsc
Num 36:4	אֲבֹתֵ֔י/נוּ	1	HNcmpc/Sp1cp
Num 36:4	יִגָּרַ֖ע	1639	HVNi3ms
Num 36:4	נַחֲלָתָֽ/ן	5159	HNcfsc/Sp3fp
Num 36:5	וַ/יְצַ֤ו	c/6680	HC/Vpw3ms
Num 36:5	מֹשֶׁה֙	4872	HNp
Num 36:5	אֶת	853	HTo
Num 36:5	בְּנֵ֣י	1121 a	HNcmpc
Num 36:5	יִשְׂרָאֵ֔ל	3478	HNp
Num 36:5	עַל	5921 a	HR
Num 36:5	פִּ֥י	6310	HNcmsc
Num 36:5	יְהוָ֖ה	3068	HNp
Num 36:5	לֵ/אמֹ֑ר	l/559	HR/Vqc
Num 36:5	כֵּ֛ן	3651 a	HTm
Num 36:5	מַטֵּ֥ה	4294	HNcmsc
Num 36:5	בְנֵֽי	1121 a	HNcmpc
Num 36:5	יוֹסֵ֖ף	3130	HNp
Num 36:5	דֹּבְרִֽים	1696	HVqrmpa
Num 36:6	זֶ֣ה	2088	HPdxms
Num 36:6	הַ/דָּבָ֞ר	d/1697	HTd/Ncmsa
Num 36:6	אֲשֶׁר	834 a	HTr
Num 36:6	צִוָּ֣ה	6680	HVpp3ms
Num 36:6	יְהוָ֗ה	3068	HNp
Num 36:6	לִ/בְנ֤וֹת	l/1323	HR/Ncfpc
Num 36:6	צְלָפְחָד֙	6765	HNp
Num 36:6	לֵ/אמֹ֔ר	l/559	HR/Vqc
Num 36:6	לַ/טּ֥וֹב	l/2896 a	HRd/Aamsa
Num 36:6	בְּ/עֵינֵי/הֶ֖ם	b/5869 a	HR/Ncbdc/Sp3mp
Num 36:6	תִּהְיֶ֣ינָה	1961	HVqi3fp
Num 36:6	לְ/נָשִׁ֑ים	l/802	HR/Ncfpa
Num 36:6	אַ֗ךְ	389	HTa
Num 36:6	לְ/מִשְׁפַּ֛חַת	l/4940	HR/Ncfsc
Num 36:6	מַטֵּ֥ה	4294	HNcmsc
Num 36:6	אֲבִי/הֶ֖ם	1	HNcmsc/Sp3mp
Num 36:6	תִּהְיֶ֥ינָה	1961	HVqi3fp
Num 36:6	לְ/נָשִֽׁים	l/802	HR/Ncfpa
Num 36:7	וְ/לֹֽא	c/3808	HC/Tn
Num 36:7	תִסֹּ֤ב	5437	HVqi3fs
Num 36:7	נַחֲלָה֙	5159	HNcfsa
Num 36:7	לִ/בְנֵ֣י	l/1121 a	HR/Ncmpc
Num 36:7	יִשְׂרָאֵ֔ל	3478	HNp
Num 36:7	מִ/מַּטֶּ֖ה	m/4294	HR/Ncmsa
Num 36:7	אֶל	413	HR
Num 36:7	מַטֶּ֑ה	4294	HNcmsa
Num 36:7	כִּ֣י	3588 a	HC
Num 36:7	אִ֗ישׁ	376	HNcmsa
Num 36:7	בְּ/נַחֲלַת֙	b/5159	HR/Ncfsc
Num 36:7	מַטֵּ֣ה	4294	HNcmsc
Num 36:7	אֲבֹתָ֔י/ו	1	HNcmpc/Sp3ms
Num 36:7	יִדְבְּק֖וּ	1692	HVqi3mp
Num 36:7	בְּנֵ֥י	1121 a	HNcmpc
Num 36:7	יִשְׂרָאֵֽל	3478	HNp
Num 36:8	וְ/כָל	c/3605	HC/Ncmsc
Num 36:8	בַּ֞ת	1323	HNcfsa
Num 36:8	יֹרֶ֣שֶׁת	3423	HVqrfsa
Num 36:8	נַחֲלָ֗ה	5159	HNcfsa
Num 36:8	מִ/מַּטּוֹת֮	m/4294	HR/Ncmpc
Num 36:8	בְּנֵ֣י	1121 a	HNcmpc
Num 36:8	יִשְׂרָאֵל֒	3478	HNp
Num 36:8	לְ/אֶחָ֗ד	l/259	HR/Acmsa
Num 36:8	מִ/מִּשְׁפַּ֛חַת	m/4940	HR/Ncfsc
Num 36:8	מַטֵּ֥ה	4294	HNcmsc
Num 36:8	אָבִ֖י/הָ	1	HNcmsc/Sp3fs
Num 36:8	תִּהְיֶ֣ה	1961	HVqi3fs
Num 36:8	לְ/אִשָּׁ֑ה	l/802	HR/Ncfsa
Num 36:8	לְמַ֗עַן	4616	HR
Num 36:8	יִֽירְשׁוּ֙	3423	HVqi3mp
Num 36:8	בְּנֵ֣י	1121 a	HNcmpc
Num 36:8	יִשְׂרָאֵ֔ל	3478	HNp
Num 36:8	אִ֖ישׁ	376	HNcmsa
Num 36:8	נַחֲלַ֥ת	5159	HNcfsc
Num 36:8	אֲבֹתָֽי/ו	1	HNcmpc/Sp3ms
Num 36:9	וְ/לֹֽא	c/3808	HC/Tn
Num 36:9	תִסֹּ֧ב	5437	HVqi3fs
Num 36:9	נַחֲלָ֛ה	5159	HNcfsa
Num 36:9	מִ/מַּטֶּ֖ה	m/4294	HR/Ncmsa
Num 36:9	לְ/מַטֶּ֣ה	l/4294	HR/Ncmsa
Num 36:9	אַחֵ֑ר	312	HAamsa
Num 36:9	כִּי	3588 a	HC
Num 36:9	אִישׁ֙	376	HNcmsa
Num 36:9	בְּ/נַ֣חֲלָת֔/וֹ	b/5159	HR/Ncfsc/Sp3ms
Num 36:9	יִדְבְּק֕וּ	1692	HVqi3mp
Num 36:9	מַטּ֖וֹת	4294	HNcmpc
Num 36:9	בְּנֵ֥י	1121 a	HNcmpc
Num 36:9	יִשְׂרָאֵֽל	3478	HNp
Num 36:10	כַּ/אֲשֶׁ֛ר	k/834 d	HR/Tr
Num 36:10	צִוָּ֥ה	6680	HVpp3ms
Num 36:10	יְהוָ֖ה	3068	HNp
Num 36:10	אֶת	853	HTo
Num 36:10	מֹשֶׁ֑ה	4872	HNp
Num 36:10	כֵּ֥ן	3651 c	HTm
Num 36:10	עָשׂ֖וּ	6213 a	HVqp3cp
Num 36:10	בְּנ֥וֹת	1323	HNcfpc
Num 36:10	צְלָפְחָֽד	6765	HNp
Num 36:11	וַ/תִּהְיֶ֜ינָה	c/1961	HC/Vqw3fp
Num 36:11	מַחְלָ֣ה	4244	HNp
Num 36:11	תִרְצָ֗ה	8656	HNp
Num 36:11	וְ/חָגְלָ֧ה	c/2295	HC/Np
Num 36:11	וּ/מִלְכָּ֛ה	c/4435	HC/Np
Num 36:11	וְ/נֹעָ֖ה	c/5270	HC/Np
Num 36:11	בְּנ֣וֹת	1323	HNcfpc
Num 36:11	צְלָפְחָ֑ד	6765	HNp
Num 36:11	לִ/בְנֵ֥י	l/1121 a	HR/Ncmpc
Num 36:11	דֹדֵי/הֶ֖ן	1730	HNcmpc/Sp3fp
Num 36:11	לְ/נָשִֽׁים	l/802	HR/Ncfpa
Num 36:12	מִֽ/מִּשְׁפְּחֹ֛ת	m/4940	HR/Ncfpc
Num 36:12	בְּנֵֽי	1121 a	HNcmpc
Num 36:12	מְנַשֶּׁ֥ה	4519	HNp
Num 36:12	בֶן	1121 a	HNcmsc
Num 36:12	יוֹסֵ֖ף	3130	HNp
Num 36:12	הָי֣וּ	1961	HVqp3cp
Num 36:12	לְ/נָשִׁ֑ים	l/802	HR/Ncfpa
Num 36:12	וַ/תְּהִי֙	c/1961	HC/Vqw3fs
Num 36:12	נַחֲלָתָ֔/ן	5159	HNcfsc/Sp3fp
Num 36:12	עַל	5921 a	HR
Num 36:12	מַטֵּ֖ה	4294	HNcmsc
Num 36:12	מִשְׁפַּ֥חַת	4940	HNcfsc
Num 36:12	אֲבִי/הֶֽן	1	HNcmsc/Sp3fp
Num 36:13	אֵ֣לֶּה	428	HPdxcp
Num 36:13	הַ/מִּצְוֺ֞ת	d/4687	HTd/Ncfpa
Num 36:13	וְ/הַ/מִּשְׁפָּטִ֗ים	c/d/4941	HC/Td/Ncmpa
Num 36:13	אֲשֶׁ֨ר	834 a	HTr
Num 36:13	צִוָּ֧ה	6680	HVpp3ms
Num 36:13	יְהוָ֛ה	3068	HNp
Num 36:13	בְּ/יַד	b/3027	HR/Ncbsc
Num 36:13	מֹשֶׁ֖ה	4872	HNp
Num 36:13	אֶל	413	HR
Num 36:13	בְּנֵ֣י	1121 a	HNcmpc
Num 36:13	יִשְׂרָאֵ֑ל	3478	HNp
Num 36:13	בְּ/עַֽרְבֹ֣ת	b/6160	HR/Ncfpc
Num 36:13	מוֹאָ֔ב	4124	HNp
Num 36:13	עַ֖ל	5921 a	HR
Num 36:13	יַרְדֵּ֥ן	3383	HNp
Num 36:13	יְרֵחֽוֹ	3405	HNp
