strongs	hebrew	translit	gloss
1	אָב	av	father
3	אֵב	ev	greenery
5	אֲבַגְתָא	a.vag.ta	Abagtha
6	אָבַד	a.vad	to perish
8	אֹבֵד	o.ved	destruction
9	אֲבֵדָה	a.ve.dah	something lost
10	אֲבַדּוֹן	a.vad.don	destruction
11	אֲבַדּוֹן	a.vad.don	Abaddon
12	אַבְדָ֑ן	av.dan	destruction
13	אׇבְדַן	ov.dan	destruction
14	אָבָה	a.vah	be willing
15	אָבִי 	a.veh	oh that!
16	אֵ֫בֶה	e.veh	papyrus
17	אֲבוֹי	a.voy	pain!
18	אֵבוּס	e.vus	crib
19	אִבְחָה	iv.chah	slaughter
20	אֲבַטִּחִים	a.vat.ti.ach	melon
21	אֲבִי	a.vi	Abi
22	אָב	av	father of
24	אָבִיב	a.viv	Abib
26	אֲבִיגַ֫יִל, אֲבִיגַ֫ל	a.vi.ga.yil	Abigail
27	אֲבִידָן	a.vi.dan	Abidan
28	אֲבִידָע	a.vi.da	Abida
29	אֲבִיָּה	a.viy.yah	Abijah
30	אֲבִיהוּא	a.vi.hu	Abihu
31	אֲבִיהוּד	a.vi.hud	Abihud
32	אֲבִיחַ֫יִל	a.vi.ha.yil	Abihail
34	אֶבְיוֹן	ev.yon	needy
35	אֲבִיּוֹנָה	a.viy.yo.nah	desire
36	אֲבִיטוּב	a.vi.tuv	Abitub
37	אֲבִיטָ֑ל	a.vi.tal	Abital
39	אֲבִימָאֵל	a.vi.ma.el	Abimael
40	אֲבִימֶ֫לֶךְ	a.vi.me.lekh	Abimelech
41	אֲבִינָדָב	a.vi.na.dav	Abinadab
42	אֲבִינֹ֫עַם	a.vi.no.am	Abinoam
43	אֲבִיאָסָף	a.vi.a.saph	Abiasaph
44	אֲבִי הָעֶזְרִי	a.vi ha.ez.ri	Abiezrite
45	אֲבִיאֵל	a.vi.el	Abiel
46	אָבִיר	a.vir	mighty
47	אַבִּיר	ab.bir	mighty: ox
48	אֲבִירָם	a.vi.ram	Abiram
49	אֲבִישַׁג	a.vi.shag	Abishag
50	אֲבִישׁוּעַ	a.vi.shu.a	Abishua
51	אֲבִישׁוּר	a.vi.shur	Abishur
52	אֲבִישַׁי	a.vi.shay	Abishai
53	אֲבִישָׁלוֹם	a.vi.sha.lom	Absalom
54	אֶבְיָתָר	ev.ya.tar	Abiathar
55	אָבַךְ	a.vakh	to roll up
56	אָבַל	a.val	to mourn
57	אָבֵל	a.vel	mourning
58	אָבֵל	a.vel	meadow
59	אָבֵל	a.vel	Abel
60	אֵ֫בֶל	e.vel	mourning
61	אֲבָל	a.val	truly
62	אָבֵל	a.vel	Abel
64	אָבֵל כְּרָמִים	a.vel ke.ra.mim	Abel-keramim
65	אָבֵל מְחוֹלָה	a.vel me.cho.lah	Abel-meholah
68	אֶ֫בֶן	e.ven	stone
70	אֹבֶן	o.ven	wheel
71	אֲבָנָה	a.va.nah	Abana
72	אֶבֶן הָעֵזֶר	e.ven ha.e.zer	Ebenezer
73	אַבְנֵט	av.net	girdle
74	אֲבִינֵר	av.ner	Abner
75	אָבַס	a.vas	to fatten
76	אֲבַעְבֻּעֹת	a.va.bu.ah	boil
77	אֶ֫בֶץ	e.vets	Ebez
78	אִבְצָן	iv.tsan	Ibzan
79	אָבַק	a.vaq	to wrestle
80	אָבָק	a.vaq	dust
81	אֲבָקָה	a.va.qah	aromatic powder
82	אָבַר	a.var	to fly
83	אֵ֫בֶר	e.ver	wing
84	אֶבְרָה	ev.rah	pinion
85	אַבְרָהָם	av.ra.ham	Abraham
86	אַבְרֵךְ	av.rekh	to bow
88	אֹבֹת	o.vot	Oboth
89	אָגֵא	a.ge	Agee
90	אֲגָג	a.gag	Agag
92	אֲגֻדָּה	a.gud.dah	band
93	אֱגוֹז	e.goz	nut
94	אָגוּר	a.gur	Agur
95	אֲגוֹרָה	a.go.rah	piece
96	אֵ֫גֶל	e.gel	drop
97	אֶגְלַ֫יִם	eg.la.yim	Eglaim
98	אֲגַם	a.gam	pool
99	אָגֵם	a.gem	grieved
100	אַגְמֹן	ag.mon	bulrush
101	אַגָּן	ag.gan	vessel
102	אֲגַף	ag.gaph	band
103	אָגַר	a.gar	to gather
105	אֲגַרְטָל	a.gar.tal	basin
106	אֶגְרֹף	eg.roph	fist
107	אִגְּרָא	ig.g.ra	letter
108	אֵד	ed	mist
109	אָדַב	a.dav	to grieve
110	אַדְבְּאֵל	ad.be.el	Adbeel
112	אִדּוֹ	id.do	Iddo
113	אָדוֹן	a.don	lord
115	אֲדוֹרַ֫יִם	a.do.ra.yim	Adoraim
117	אַדִּיר	ad.dir	great
118	אֲדַלְיָא	a.dal.ya	Adalia
119	אָדֹם	a.dam	to redden
120	אָדָם	a.dam	man
121	אָדָם	a.dam	the man (Adam)
122	אָדֹם	a.dom	red
123	אֱדוֹם	e.dom	Edom
124	אֹ֫דֶם	o.dem	sardius
125	אֲדַמְדָּם	a.dam.dam	reddish
126	אַדְמָה	ad.mah	Admah
127	אֲדָמָה	a.da.mah	land: soil
128	אֲדָמָה	a.da.mah	Adamah
129	אֲדָמִי	a.da.mi	Adami
131	אֲדֻמִּים	a.dum.mim	Adummim
132	אַדְמוֹנִי	ad.mo.ni	red
133	אַדְמָתָא	ad.ma.ta	Admatha
134	אֶ֫דֶן	e.den	socket
135	אַדּוֹן	ad.don	Addon
137	אֲדֹנִי־בֶ֫זֶק	a.do.ni-ve.zeq	Adoni-bezek
138	אֲדֹנִיָּ֫הוּ	a.do.niy.yah	Adonijah
139	אֲדֹנִי־צֶ֫דֶק	a.do.ni-tse.deq	Adoni-zedek
140	אֲדֹנִיקָם	a.do.ni.qam	Adonikam
142	אָדַר	a.dar	be glorious
143	אֲדָר	a.dar	Adar
145	אֶ֫דֶר	e.der	robe
146	אַדָּר	ad.dar	Addar
147	אִדַּר	id.dar	threshing floor
148	אֲדַרְגָּזֵר	a.dar.ga.zer	judge
149	אַדְרַזְדָּא	ad.raz.da	diligently
150	אֲדַרְכֹּן	a.dar.kon	dram
151	אֲדֹנִירָם	a.do.ni.ram	Adoniram
152	אַדְרַמֶּ֫לֶךְ	a.de.ram.me.lekh	Adrammelech
154	אֶדְרֶ֫עִי	ed.re.i	Edrei
155	אַדֶּ֫רֶת	ad.de.ret	clothing
157	אָהֵב	a.hav	to love: lover
158	אַ֫הַב	a.hav	lover
159	אֹ֫הַב	o.hav	beloved
160	אַהֲבָה	a.ha.vah	love
161	אֹ֫הַד	o.had	Ohad
162	אֲהָהּ	a.hah	alas!
163	אַהֲוָא	a.ha.va	Ahava
164	אֵהוּד	e.hud	Ehud
165	אֱהִי	e.hi	where?
166	אָהַל	a.hal	to shine
167	אָהַל	a.hal	to pitch
168	אֹ֫הֶל	o.hel	tent
169	אֹ֫הֶל	o.hel	Ohel
170	אׇהֳלָה	o.ho.lah	Oholah
171	אׇהֳלִיאָב	o.ho.li.av	Oholiab
172	אׇהֳלִיבָה	o.ho.li.vah	Oholibah
173	אׇהֳלִיבָמָה	o.ho.li.va.mah	Oholibamah
174	אָהָל	a.ha.lim	aloe
175	אַהֲרֹן	a.ha.ron	Aaron
176	אוֹ	o	or
177	אוּאֵל	u.el	Uel
178	אוֹב	ov	medium
179	אוֹבִיל	o.vil	Obil
180	אוּבַל	u.val	river
181	אוּד	ud	firebrand
182	אוֹדָה	o.dah	because
183	אָוָה	a.vah	to desire
184	אָוָה	a.vah	to mark
185	אַוָּה	av.vah	desire
186	אוּזַי	u.zay	Uzai
187	אוּזָל	u.zal	Uzal
188	אוֹי	oy	woe!
189	אֱוִי	e.vi	Evi
190	אוֹיָה	o.yah	woe!
191	אֱוִיל	e.vil	fool(ish)
192	אֱוִיל מְרֹדַךְ	e.vil me.ro.dakh	Evil-merodach
193	אוּל	ul	strength
194	אוּלַי	u.lay	perhaps
195	אוּלַי	u.lay	Ulai
196	אֱוִלִי	e.vi.li	foolish
197	אוּלָם	u.lam	Hall (of pillars)
198	אוּלָם	u.lam	Ulam
199	אוּלָם	u.lam	but
200	אִוֶּ֫לֶת	iv.ve.let	folly
201	אוֹמָר	o.mar	Omar
202	אוֹן	on	strength
203	אוֹן	on	On
204	אֹן	on	On
205	אָ֫וֶן	a.ven	evil: wickedness
206	אָ֫וֶן	a.ven	(Valley of) Aven
207	אוֹנוֹ	o.no	Ono
208	אוֹנָם	o.nam	Onam
209	אוֹנָן	o.nan	Onan
210	אוּפָז	u.phaz	Uphaz
211	אוֹפִיר	o.phir	Ophir
212	אוֹפָן	o.phan	wheel
213	אוּץ	uts	to hasten
214	אוֹצָר	o.tsar	treasure
215	אוֹר	or	to light
216	אוֹר	or	light
217	אוּר	ur	flame
218	אוּר	ur	Ur
219	אוֹרָה	o.rah	light
221	אוּרִי	u.ri	Uri
222	אוּרִיאֵל	u.ri.el	Uriel
223	אוּרִיָּה	u.riy.yah	Uriah
224	אוּרִים	u.rim	Urim
225	אוּת	ut	to consent
226	אוֹת	ot	sign: miraculous
227	אֱדַ֫יִן	e.da.yin	then
228	אֲזָא	a.za	to heat
229	אֶזְבָּ֑י	ez.bay	Ezbai
231	אֵזוֹב	e.zov	hyssop
232	אֵזוֹר	e.zor	girdle
233	אֲזַי	a.zay	in that case
234	אַזְכָּרָה	az.ka.rah	memorial
235	אַזְדָּא	a.zad	gone
237	אֶזֶל	e.zel	Ezel
238	אָזַן	a.zan	to listen
239	אָזַן	a.zan	to ponder
240	אָזֵן	a.zen	weapon
241	אֹ֫זֶן	o.zen	ear
242	אֻזֵּן שֶׁאֱרָה	uz.zen she.e.rah	Uzzen-sheerah
243	אַזְנוֹת תָּבוֹר	az.not ta.vor	Aznoth-tabor
245	אֲזַנְיָ֫הוּ	a.zan.yah	Azaniah
246	אֲזֵק	a.ziq.qim	chains
247	אָזַר	a.zar	to gird
248	אֶזְרוֹעַ	ez.ro.a	arm
249	אֶזְרָח	ez.rach	born
250	אֶזְרָחִי	ez.ra.chi	Ezrahite
251	אָח	ach	brother: male-sibling
253	אָח	ach	ah!
254	אָח	ach	hearth
255	אֹחַ	o.ach	howling animal
256	אַחְאָב	ach.av	Ahab
257	אַחְבָן	ach.van	Ahban
258	אָחַד	a.chad	to go either way
259	אֶחָד	e.chad	one
260	אָחוּ	a.chu	meadow
262	אַחְוָה	ach.vah	declaration
264	אַחֲוָה	a.cha.vah	brotherhood
265	אֲחוֹחַ	a.cho.ach	Ahoah
267	אֲחוּמַי	a.chu.may	Ahumai
268	אָחוֹר	a.chor	back
269	אָחוֹת	a.chot	sister
270	אָחַז	a.chaz	to grasp
271	אָחָז	a.chaz	Ahaz
272	אֲחֻזָּה	a.chuz.zah	possession
274	אֲחַזְיָ֫הוּ	a.chaz.yah	Ahaziah
275	אֲחֻזָּם	a.chuz.zam	Ahuzzam
276	אֲחֻזַּת	a.chuz.zat	Ahuzzath
277	אֲחִי	a.chi	Ahi
278	אֵחִי	e.chi	Ehi
279	אֲחִיאָם	a.chi.am	Ahiam
281	אֲחִיָּ֫הוּ	a.chiy.yah	Ahijah
282	אֲחִיהוּד	a.chi.hud	Ahihud
283	אַחְיוֹ	ach.yo	Ahio
284	אֲחִיחֻד	a.chi.chud	Ahihud
285	אֲחִיטוּב	a.chi.tuv	Ahitub
286	אֲחִילוּד	a.chi.lud	Ahilud
287	אֲחִימוֹת	a.chi.mot	Ahimoth
288	אֲבִימֶ֫לֶךְ	a.vi.me.lekh	Ahimelech
289	אֲחִימַן	a.chi.man	Ahiman
290	אֲחִימַ֫עַץ	a.chi.ma.ats	Ahimaaz
291	אַחְיָן	ach.yan	Ahian
292	אֲחִינָדָב	a.chi.na.dav	Ahinadab
293	אֲחִינֹ֫עַם	a.chi.no.am	Ahinoam
294	אֲחִיסָמָךְ	a.chi.sa.makh	Ahisamach
295	אֲחִיעֶ֫זֶר	a.chi.e.zer	Ahiezer
296	אֲחִיקָם	a.chi.qam	Ahikam
297	אֲחִירָם	a.chi.ram	Ahiram
299	אֲחִירַע	a.chi.ra	Ahira
300	אֲחִישָׁ֑חַר	a.chi.sha.char	Ahishahar
301	אֲחִישָׁר	a.chi.shar	Ahishar
302	אֲחִיתֹ֫פֶל	a.chi.to.phel	Ahithophel
303	אַחְלָב	ach.lav	Ahlab
304	אַחְלָ֑י	ach.lay	Ahlai
305	אַחֲלַי	a.cha.lay	O that!
306	אַחְלָ֑מָה	ach.la.mah	amethyst
307	אַחְמְתָא	ach.me.ta	Ecbatana
308	אֲחַסְבַּי	a.chas.bay	Ahasbai
309	אָחַר	a.char	to delay
310	אַחַר	a.char	after
312	אַחֵר	a.cher	another
313	אַחֵר	a.cher	Aher
314	אַחֲרוֹן	a.cha.ron	last
316	אֲחַרְחֵל	a.char.chel	Aharhel
319	אַחֲרִית	a.cha.rit	end
322	אֲחֹרַנִּית	a.cho.ran.nit	backwards
323	אֲחַשְׁדַּרְפַּן	a.chash.dar.pan	satrap
325	אֲחַשְׁוֵרוֹשׁ	a.chash.ve.rosh	Ahasuerus
326	אֲחַשְׁתָּרִי	a.chash.ta.ri	Haahashtari
327	אֲחַשְׁתְּרָן	a.chash.ta.ran	steed
328	אִטִּי	it.ti	mutterer
329	אָבֵל מִצְרַיִם	a.vel mits.ra.yim	Abel-mizraim
330	אֵטוּן	e.tun	fine linen
331	אָטַם	a.tam	to shutter
332	אָטַר	a.tar	to shut
333	אָטֵר	a.ter	Ater
334	אִטֵּר	it.ter	lefthanded
335	אַי	ay	where?
336	אִי	i	not
337	אִי	i	woe!
338	אִי	i	wild beast
339	אִי	i	coastland
340	אָיַב	a.yav	be hostile
341	אֹיֵב	o.yev	enemy
342	אֵיבָה	e.vah	enmity
343	אֵיד	ed	calamity
344	אַיָּה	ay.yah	falcon
345	אַיָּה	ay.yah	Aiah
346	אַיֵּה	ay.yeh	where?
347	אִיּוֹב	iy.yov	Job
348	אִיזֶבֶל	i.ze.vel	Jezebel
349	אֵיךְ	ekh	how?
350	אִי־כָבוֹד	i-kha.vod	Ichabod
351	אֵיכֹה	e.khoh	where?
352	אַ֫יִל	a.yil	ram
353	אֱיָל	e.yal	strength
354	אַיָּל	ay.yal	deer
355	אַיָּלָה	ay.ya.lah	doe
356	אֵלוֹן	e.lon	Elon
357	אַיָּלוֹן	ay.ya.lon	Aijalon
358	אֵילוֹן בֵּית חָנָן	e.lon bet cha.nan	Elonbeth-hanan
359	אֵילַת	e.lat	Elath
360	אֱיָלוּת	e.ya.lut	strength
361	אֵילָם	e.lam	arches
362	אֵילִם	e.lim	Elim
364	אֵיל פָּארָן	el pa.ran	El-paran
366	אָיֹם	a.yom	terrible
367	אֵימָה	e.mah	terror
368	אֵימִים	e.mim	Emim
369	אַ֫יִן	a.yin	nothing
370	אַ֫יִן	a.yin	where?
371	אִין	in	isn't?
374	אֵיפָה	e.phah	ephah
375	אֵיפֹה	e.phoh	where?
376	אִישׁ	ish	man
377	אשׁשׁ	ish	be manly
378	אִישׁ־בֹ֫שֶׁת	ish-bo.shet	Ish-bosheth
379	אִישְׁהוֹד	ish.hod	Ishhod
380	אִישׁוֹן	i.shon	pupil
384	אִיתִיאֵל	i.ti.el	Ithiel
385	אִיתָמָר	i.ta.mar	Ithamar
386	אֵיתָן	e.tan	strong
387	אֵיתָן	e.tan	Ethan
388	אֵיתָנִים	e.ta.nim	Ethanim
389	אַךְ	akh	surely
390	אַכַּד	ak.kad	Accad
391	אַכְזָב	akh.zav	deceptive
392	אַכְזִיב	akh.ziv	Achzib
393	אַכְזָר	akh.zar	cruel
394	אַכְזָרִי	akh.za.ri	cruel
395	אַכְזְרִיּוּת	akh.ze.riy.yut	cruel
396	אֲכִילָה	a.khi.lah	food
397	אֲבִימֶ֫לֶךְ	a.vi.me.lekh	Abimelech
398	אָכַל	a.khal	to eat
400	אֹ֫כֶל	o.khel	food
401	אֻכָל	u.khal	`worn out`
402	אׇכְלָה	okh.lah	food
403	אָכֵן	a.khen	surely
404	אָכַף	a.khaph	to crave
405	אֶ֫כֶף	e.kheph	burden
406	אִכָּר	ik.kar	farmer
407	אַכְשָׁף	akh.shaph	Achshaph
408	אַל	al	not
410	אֵל	el	El (Berith)
411	אֵל	el	these
413	אֶל	el	to(wards)
414	אֵלָא	e.la	Ela
415	אֵל אֱלֹהֵי יִשְׂרָאֵל	el e.lo.he yis.ra.el	El-Elohe-Israel
416	אֵל בֵּית־אֵל	el bet-el	El-bethel
417	אֶלְגָּבִישׁ	el.ga.vish	hail
418	אַלְגּוּמִּים	al.gum.mim	algum
419	אֶלְדָּד	el.dad	Eldad
420	אֶלְדָּעָה	el.da.ah	Eldaah
421	אָלָה	a.lah	to wail
422	אָלָה	a.lah	to swear
423	אָלָה	a.lah	oath
424	אֵלָה	e.lah	oak
425	אֵלָה	e.lah	Elah
427	אַלָּה	al.lah	oak
428	אֵ֫לֶּה	el.leh	these
432	אִלּוּ	il.lu	except
433	אֱלָהּ	e.lah	god
434	אֱלוּל	e.lul	worthless
435	אֱלוּל	e.lul	Elul
436	אֵלוֹן	e.lon	terebinth
437	אַלּוֹן	al.lon	oak
438	אַלּוֹן	al.lon	oak
439	אַלּוֹן בָּכוּת	al.lon ba.khut	Allon-bacuth
441	אַלּוּף	al.luph	tame
442	אָלוּשׁ	a.lush	Alush
443	אֶלְזָבָד	el.za.vad	Elzabad
444	אָלַח	a.lach	to corrupt
445	אֶלְחָנָן	el.cha.nan	Elhanan
446	אֱלִיאָב	e.li.av	Eliab
447	אֱלִיאֵל	e.li.el	Eliel
448	אֳלִיאָ֫תָה	e.li.a.tah	Eliathah
449	אֱלִידָד	e.li.dad	Elidad
450	אֶלְיָדָע	el.ya.da	Eliada
451	אַלְיָה	al.yah	fat tail
452	אֵלִיָּה	e.liy.yah	Elijah
453	אֱלִיאָב	e.li.av	Eliab
454	אֶלְיְהוֹעֵינַי	el.ye.ho.e.nay	Eliehoenai
455	אֶלְיַחְבָּא	el.yach.ba	Eliahba
456	אֱלִיחֹ֫רֶף	e.li.cho.reph	Elihoreph
457	אֱלִיל	e.lil	idol
458	אֱלִימֶ֫לֶךְ	e.li.me.lekh	Elimelech
460	אֶלְיָסָף	el.ya.saph	Eliasaph
461	אֱלִיעֶ֫זֶר	e.li.e.zer	Eliezer
462	אֱלִיעֵינַי	e.li.e.nay	Elienai
463	אֱלִיעָם	e.li.am	Eliam
464	אֱלִיפַז	e.li.phaz	Eliphaz
465	אֱלִיפָל	e.li.phal	Eliphal
466	אֱלִיפְלֵ֫הוּ	e.liph.le.hu	Eliphelehu
467	אֲלִיפֶ֫לֶט	e.li.phe.let	Eliphelet
468	אֱלִיצוּר	e.li.tsur	Elizur
469	אֱלִיצָפָן	e.li.tsa.phan	Elizaphan
470	אֱלִיקָא	e.li.qa	Elika
471	אֶלְיָקִים	el.ya.qim	Eliakim
472	אֱלִישֶׁ֫בַע	e.li.she.va	Elisheba
473	אֱלִישָׁה	e.li.shah	Elishah
474	אֱלִישׁוּעַ	e.li.shu.a	Elishua
475	אֶלְיָשִׁיב	el.ya.shiv	Eliashib
476	אֱלִישָׁמָע	e.li.sha.ma	Elishama
477	אֱלִישָׁע	e.li.sah	Elisha
478	אֱלִישָׁפָט	e.li.sha.phat	Elishaphat
480	אֲלוּ	a.lu	behold
481	אָלַם	a.lam	be dumb
482	אֵ֫לֶם	e.lem	silence
483	אִלֵּם	il.lem	mute
484	אַלְמֻגִּים	al.mug.gim	almug
485	אֲלֻמָה	a.lum.mah	sheaf
486	אַלְמוֹדָד	al.mo.dad	Almodad
487	אַלַּמֶּלֶךְ	al.lam.me.lekh	Allammelech
488	אַלְמָן	al.man	forsaken
489	אַלְמֹן	al.mon	widower
490	אַלְמָנָה	al.ma.nah	widow
491	אַלְמָנוּת	al.ma.nut	widowhood
492	אַלְמֹנִי	al.mo.ni	someone
493	אֶלְנָ֑עַם	el.na.am	Elnaam
494	אֶלְנָתָן	el.na.tan	Elnathan
495	אֶלָּסָר	el.la.sar	Ellasar
496	אֶלְעָד	el.ad	Elead
497	אֶלְעָדָה	el.a.dah	Eleadah
498	אֶלְעוּזַי	el.u.zay	Eluzai
499	אֶלְעָזָר	el.a.zar	Eleazar
500	אֶלְעָלֵא	el.a.le	Elealeh
501	אֶלְעָשָׂה	el.a.sah	Eleasah
502	אָלַף	a.laph	to teach/learn
503	אָלַף	a.laph	to produce thousands
504	אֶ֫לֶף	e.leph	cattle
505	אֶ֫לֶף	e.leph	thousand
507	הָאֶ֫לֶף	e.leph	Haeleph
508	אֶלְפַּ֫עַל	el.pa.al	Elpaal
509	אָלַץ	a.lats	to urge
510	אַלְקוּם	al.qum	army
511	אֶלְקָנָה	el.qa.nah	Elkanah
512	אֶלְקֹשִׁי	el.qo.shi	Elkoshite
513	אֶלְתּוֹלַד	el.to.lad	Eltolad
514	אֶלְתְּקֵא	el.te.qe	Eltekeh
515	אֶלְתְּקֹן	el.te.qon	Eltekon
516	אַל תַּשְׁחֵת	al tash.chet	Do Not Destroy
517	אֵם	em	mother
518	אִם	im	if
519	אָמָה	a.mah	maidservant
520	אַמָּה	am.mah	cubit
522	אַמָּה	am.mah	Ammah
523	אֻמָּה	um.mah	people
525	אָמוֹן	a.mon	artisan
526	אָמוֹן	a.mon	Amon
527	אָמוֹן	a.mon	multitude
528	אָמוֹן	a.mon	Amon
529	אֵמֻן	e.mun	faithful
530	אֱמוּנָה	e.mu.nah	faithfulness
531	אָמוֹץ	a.mots	Amoz
532	אָמוֹן	a.mon	Amon
533	אַמִּיץ	am.mits	strong
534	אָמִיר	a.mir	top
535	אָמַל	a.mal	to weaken
536	אֻמְלַל	um.lal	weak
537	אֲמֵלָל	a.me.lal	weak
538	אֲמָם	a.mam	Amam
539	אָמַן	a.man	be faithful
542	אָמָּן	a.man	artisan
543	אָמֵן	a.men	amen
544	אֹ֫מֶן	o.men	faithfulness
545	אׇמְנָה	om.nah	brought up
546	אׇמְנָה	om.nah	truly
547	אֹמְנָה	o.me.nah	pillar
548	אֲמָנָה	a.ma.nah	sure
549	אֲמָנָה	a.ma.nah	Amana
550	אַמְנוֹן	am.non	Amnon
551	אׇמְנָם	om.nam	truly
552	אֻמְנָם	um.nam	truly
553	אָמֵץ	a.mats	to strengthen
554	אָמֹץ	a.mots	strong
555	אֹ֫מֶץ	o.mets	strength
556	אַמְצָה	am.tsah	strength
557	אַמְצִי	am.tsi	Amzi
558	אֲמַצְיָ֫הוּ	a.mats.yah	Amaziah
559	אָמַר	a.mar	to say
561	אֵמֶר	e.mer	word
562	אֹמֶר	o.mer	word
563	אִמַּר	im.mar	lamb
564	אִמֵּר	im.mer	Immer
565	אִמְרָה	im.rah	word
566	אִמְרִי	im.ri	Imri
567	אֱמֹרִי	e.mo.ri	Amorite
568	אֲמַרְיָ֫הוּ	a.mar.yah	Amariah
569	אַמְרָפֶל	am.ra.phel	Amraphel
570	אֶ֫מֶשׁ	e.mesh	last night
571	אֱמֶת	e.met	truth: faithful
572	אַמְתַּ֫חַת	am.ta.chat	sack
573	אֲמִתַּי	a.mit.tay	Amittai
574	אֵימְתָן	e.me.ta.ni	terrible
575	אָן	an	where?
577	אָֽנָּ֫א	an.na	Please!
578	אָנָה	a.nah	to lament
579	אָנָה	a.nah	to meet
582	אֱנוֹשׁ	e.nosh	human
583	אֱנוֹשׁ	e.nosh	Enosh
584	אָנַח	a.nach	to sigh
585	אֲנָחָה	a.na.chah	sighing
587	אֲנוּ	a.nu	we
588	אֲנָֽחֲרָ֑ת	a.na.cha.rat	Anaharath
589	אֲנָא	a.na	me
590	אֳנִי	o.ni	fleet
591	אֳנִיָּה	o.niy.yah	fleet
592	אֲנִיָּה	a.niy.yah	lamentation
593	אֲנִיעָם	a.ni.am	Aniam
594	אֲנָךְ	a.nakh	plumbline
596	אָנַן	a.nan	to complain
597	אָנַס	a.nas	to compel
599	אָנַף	a.naph	be angry
601	אֲנָפָה	a.na.phah	heron
602	אָנַק	a.naq	to groan
603	אֲנָקָה	a.na.qah	groaning
604	אֲנָקָה	a.na.qah	gecko
605	אָנַשׁ	a.nash	be incurable
609	אָסָא	a.sa	Asa
610	אָסוּךְ	a.sukh	flask
611	אָסוֹן	a.son	harm
612	אֵסוּר	e.sur	bond
614	אָסִיף	a.siph	ingathering
615	אָסִיר	a.sir	prisoner
616	אַסִּיר	as.sir	prisoner
617	אַסִּיר	as.sir	Assir
618	אָסָם	a.sam	storehouse
619	אַסְנָה	as.nah	Asnah
620	אָֽסְנַפַּר	os.nap.par	Osnappar
621	אָֽסְנַת	a.se.nat	Asenath
622	אָסַף	a.saph	to gather
623	אָסָף	a.saph	Asaph
624	אָסֹף	a.suph	storehouse
625	אֹ֫סֵף	o.seph	gathering
626	אֲסֵפָה	a.se.phah	collecting
627	אֲסֻפָּה	a.sup.pah	collection
628	אֲסַפְסֻף	a.se.pe.suph	rabble
629	אׇסְפַּרְנָא	os.par.na	diligently
630	אַסְפָּ֑תָא	as.pa.ta	Aspatha
631	אָסַר	a.sar	to bind
632	אִסָּר	e.sar	injunction
634	אֵסַר־חַדּוֹן	e.sar-chad.don	Esarhaddon
635	אֶסְתֵּר	es.ter	Esther
637	אַף	aph	also
639	אֲנַף	a.naph	face
640	אָפַד	a.phad	to gird
641	אֵפֹד	e.phod	Ephod
642	אֲפֻדָּה	e.phud.dah	ephod
643	אַפֶּ֫דֶן	ap.pe.den	palace
644	אָפָה	a.phah	to bake
645	אֵפוֹ	e.pho	then
646	אֵפוֹד	e.phod	ephod
647	אֲפִיחַ	a.phi.ach	Aphiah
648	אָפִיל	a.phil	late
649	אַפַּיִם	ap.pa.yim	Appaim
650	אָפִיק	a.phiq	channel
651	אָפֵל	a.phel	gloom
652	אֹ֫פֶל	o.phel	darkness
653	אֲפֵלָה	a.phe.lah	darkness
654	אֶפְלָל	eph.lal	Ephlal
655	אֹ֫פֶן	o.phen	(right) time
656	אָפֵס	a.phes	to end
657	אֶ֫פֶס	e.phes	end
658	אֶ֫פֶס דַּמִּים	e.phes dam.mim	Ephes-dammim
659	אֶ֫פַע	e.pah	worthless
660	אֶפְעֶה	eph.eh	viper
661	אָפַף	a.phaph	to surround
662	אָפַק	a.phaq	to refrain
663	אֲפֵק	a.pheq	Aphek
665	אֵ֫פֶר	e.pher	ashes
666	אֲפֵר	a.pher	bandage
667	אֶפְרֹחַ	eph.ro.ach	young
668	אַפִּרְיוֹן	ap.pir.yon	carriage
669	אֶפְרַ֫יִם	eph.ra.yim	Ephraim
671	אֲפָֽרְסְכָיֵא	a.phar.se.khay	governors
672	אֶפְרָ֫תָה	eph.ra.tah	Ephrathah
674	אַפְּתֹם	ap.p.tom	revenue
675	אׇזְנִי	oz.ni	Ozni
676	אֶצְבַּע	ets.ba	finger
678	אָצִיל	a.tsil	chief
679	אַצִּיל	ats.tsil	joint
680	אָצַל	a.tsal	to reserve
681	אֵ֫צֶל	e.tsel	beside
682	אָצֵל	a.tsel	Azel
683	אֲצַלְיָ֫הוּ	a.tsal.ya.hu	Azaliah
684	אֹ֫צֶם	o.tsem	Ozem
685	אֶצְעָדָה	ets.a.dah	armlet
686	אָצַר	a.tsar	to store
687	אֵ֫צֶר	e.tser	Ezer
688	אֶקְדָּח	eq.dach	carbuncle
689	אַקּוֹ	aq.qo	wild goat
690	אֲרָא	a.ra	Ara
691	אֶרְאֵל	er.el	hero
692	אַרְאֵלִי	ar.e.li	Areli
693	אָרַב	a.rav	to ambush
694	אֲרָב	a.rav	Arab
695	אֶ֫רֶב	e.rev	ambush
696	אֹ֫רֶב	o.rev	ambush
697	אַרְבֶּה	ar.beh	locust
698	אָרְבָּה	o.ro.vah	skill
699	אֲרֻבָּה	a.rub.bah	window
700	אֲרֻבּוֹת	a.rub.bot	Arubboth
702	אַרְבַּע	ar.ba	four
704	אַרְבַּע	ar.ba	Arba
705	אַרְבָּעִים	ar.ba.im	forty
707	אָרַג	a.rag	to weave
708	אֶ֫רֶג	e.reg	shuttle
709	אַרְגֹּב	ar.gov	Argob
710	אַרְגְּוָן	ar.ge.van	purple
712	אַרְגַּז	ar.gaz	box
713	אַרְגָּמָן	ar.ga.man	purple
714	אַרְדְּ	ard	Ard
715	אַרְדּוֹן	ar.don	Ardon
717	אָרָה	a.rah	to pluck
719	אַרְוַד	ar.vad	Arvad
720	אֲרוֹד	a.rod	Arod
721	אַרְוָדִי	ar.va.di	Arvadite
723	אֲוֵרָה	a.ve.rah	stall
724	אֲרוּכָה	a.ru.khah	health
725	אֲרוּמָה	a.ru.mah	Arumah
727	אֲרוֹן	a.ron	ark
729	אָרוּז	a.raz	reinforced
730	אֶ֫רֶז	e.rez	cedar
731	אַרְזָה	ar.zah	cedar
732	אָרַח	a.rach	to journey
733	אָרַח	a.rach	Arah
734	אֹ֫רַח	o.rach	way
736	אֹרְחָה	o.re.chah	caravan
737	אֲרֻחָה	a.ru.chah	ration
738	אֲרִי	a.ri	lion
739	אֲרִיאֵל	a.ri.el	Ariel
740	אֲרִיאֵל	a.ri.el	Ariel
741	אֲרִאֵיל	a.ri.el	altar
742	אֲרִידַי	a.ri.day	Aridai
743	אֲרִידָ֑תָא	a.ri.da.ta	Aridatha
745	אַרְיֵה	ar.yeh	Arieh
746	אַרְיוֹךְ	ar.yokh	Arioch
747	אֲרִיסַי	a.ri.say	Arisai
748	אָרַךְ	a.rakh	to prolong
750	אָרֵךְ	a.rekh	slow
751	אֶ֫רֶךְ	e.rekh	Erech
752	אָרֹךְ	a.rokh	long
753	אֹ֫רֶךְ	o.rekh	length
757	אַרְכִּי	ar.ki	Archite
758	אֲרָם	a.ram	Aram
759	אַרְמוֹן	ar.mon	citadel: palace
760	אֲרַם צוֹבָה	a.ram tso.vah	Aram-zobah
761	אֲרַמִּי	a.ram.mi	Aramean
762	אֲרָמִית	a.ra.mit	Aramaic
763	אֲרָם	a.ram	Mesopotamia
764	אַרְמֹנִי	ar.mo.ni	Armoni
765	אֲרָן	a.ran	Aran
766	אֹ֫רֶן	o.ren	fir
767	אֹ֫רֶן	o.ren	Oren
768	אַרְנֶבֶת	ar.ne.vet	hare
769	אַרְנוֹן	ar.non	Arnon
770	אַרְנָן	ar.nan	Arnan
771	אֲרַוְנָה	a.rav.nah	Araunah
774	אַרְפַּד	ar.pad	Arpad
775	אַרְפַּכְשַׁד	ar.pakh.shad	Arpachshad
776	אֲרַע	a.ra	earth: soil
777	אַרְצָא	ar.tsa	Arza
779	אָרַר	a.rar	to curse
780	אֲרָרַט	a.ra.rat	Ararat
781	אָרַשׂ	a.ra.s	to betroth
782	אֲרֶ֫שֶׁת	a.re.shet	request
783	אַרְתַּחְשַׁשְׂתָּא	ar.tach.shash.ta	Artaxerxes
784	אֵשׁ	esh	fire
786	אִשׁ	ish	there is
788	אַשְׁבֵּל	ash.bel	Ashbel
790	אֶשְׁבָּן	esh.ban	Eshban
793	אֶ֫שֶׁד	e.shed	slope
794	אֲשֵׁדָה	a.she.dah	slope
795	אַשְׁדּוֹד	ash.dod	Ashdod
799	אֶשְׁדָּת	esh.dat	fiery
800	אֶשָּׁה	esh.shah	fire
801	אִשֶּׁה	ish.shah	food offering
802	אִשָּׁה	ish.shah	woman
803	אֹשׁ	osh	foundation
804	אַשּׁוּר	ash.shur	Assyria
805	אֲשׁוּרִי	a.shu.ri	Asshurim
806	אַשְׁחוּר	ash.chur	Ashhur
807	אֲשִׁימָא	a.shi.ma	Ashima
808	אָשִׁישׁ	a.shish	foundation
809	אֲשִׁישָׁה	a.shi.shah	raisin bun
810	אֶ֫שֶׁךְ	e.shekh	testicle
811	אֶשְׁכּוֹל	esh.kol	cluster
812	אֶשְׁכֹּל	esh.kol	Eshcol
813	אַשְׁכְּנַז	ash.ke.naz	Ashkenaz
814	אֶשְׁכָּר	esh.kar	gift
815	אֵ֫שֶׁל	e.shel	tamarisk
816	אָשַׁם	a.sham	be guilty
817	אָשָׁם	a.sham	guilt (offering)
818	אָשֵׁם	a.shem	guilty
819	אַשְׁמָה	ash.mah	guiltiness
820	אַשְׁמַנִּים	ash.man	strong
821	אַשְׁמוּרָה	ash.mu.rah	watch
822	אֶשְׁנָב	esh.nav	lattice
823	אַשְׁנָה	ash.nah	Ashnah
824	אֶשְׁעָ֑ן	esh.an	Eshan
825	אַשָּׁף	ash.shaph	enchanter
827	אַשְׁפָּה	ash.pah	quiver
828	אַשְׁפְּנַז	ash.pe.naz	Ashpenaz
829	אֶשְׁפָּר	esh.par	raisin bun
830	אַשְׁפֹּת	ash.pot	Dung (Gate)
831	אַשְׁקְלוֹן	ash.qe.lon	Ashkelon
833	אָשַׁר	a.shar	to bless
834	אֲשֶׁר	a.sher	which
835	אֶ֫שֶׁר	e.sher	blessed
836	אֲשׁוּרִי	a.shu.ri	Ashurite
837	אֹ֫שֶׁר	o.sher	happy
838	אֲשׁוּר	a.shur	step
839	אֲשֻׁרִים	a.shur	pine
840	אֲשַׂרְאֵל	a.sar.el	Asarel
841	אֲשַׂרְאֵ֫לָה	a.sar.e.lah	Asharelah
842	אֲשֵׁרָה	a.she.rah	Asherah
844	אַשְׂרִיאֵל	as.ri.el	Asriel
847	אֶשְׁתָּאוֹל	esh.ta.ol	Eshtaol
849	אֶשְׁתַּדּוּר	esh.tad.dur	sedition
850	אֶשְׁתּוֹן	esh.ton	Eshton
851	אֶשְׁתְּמוֹעַ	esh.te.mo.a	Eshtemoa
853	אֵת	et	[Obj.]
854	אֵת	et	with
855	אֵת	et	plowshare
856	אֶתְבַּ֫עַל	et.ba.al	Ethbaal
857	אָתָה	a.tah	to come
859	אַנְתָּה	an.tah	you
860	אָתוֹן	a.ton	she-ass
861	אַתּוּן	at.tun	furnace
862	אַתּוּק	at.tuq	gallery
863	אִתַּי	it.tay	Ittai
864	אֵתָם	e.tam	Etham
865	אֶתְמוֹל	et.mol	previously
866	אֶתְנָה	et.nah	wages
868	אֶתְנַן	et.nan	wages
869	אֶתְנַן	et.nan	Ethnan
870	אֲתַר	a.tar	place
871	אֲתָרִים	a.ta.rim	Atharim
872	בִּאָה	be.ah	entrance
874	בָּאַר	ba.ar	to make plain
875	בְּאֵר	be.er	well
876	בְּאֵר	be.er	Beer
877	בֹּאר	bor	cistern
878	בְּאֵרָא	be.e.ra	Beera
879	בְּאֵר אֵילִים	be.er e.lim	Beer-elim
880	בְּאֵרָה	be.e.rah	Beerah
881	בְּאֵר	be.er	Beer
882	בְּאֵרִי	be.e.ri	Beeri
883	בְּאֵר לַחַי רֹאִי	be.er la.chay ro.i	Beer-lahai-roi
884	בְּאֵר שֶׁ֫בַע	be.er she.va	Beersheba
887	בִּאישׁ	bi.ush	bad
889	בְּאֹשׁ	be.osh	stench
890	בׇּאְשָׁה	bo.shah	foul weed
891	בְּאֻשִׁים	be.u.shim	sour grapes
892	בָּבָה	ba.vah	apple
893	בֵּבַי	be.vay	Bebai
894	בָּבֶ֫ל, בָּבֶל	ba.vel	Babylon
898	בָּגַד	ba.gad	to act treacherously
899	בֶּ֫גֶד	be.ged	treachery
900	בֹּגְדוֹת	bo.ge.dot	treachery
901	בָּגוֹד	ba.god	treacherous
902	בִּגְוַי	big.vay	Bigvai
903	בִּגְתָא	big.ta	Bigtha
904	בִּגְתָן	big.tan	Bigthan
905	בַּד	bad	alone: pole
906	בַּד	bad	linen
907	בַּד	bad	bluster
908	בָּדָא	ba.da	to devise
909	בָּדַד	ba.dad	be alone
910	בָּדָד	ba.dad	isolation
911	בְּדַד	be.dad	Bedad
912	בֵּֽדְיָה	be.de.yah	Bedeiah
913	בְּדִיל	be.dil	tin
914	בָּדַל	ba.dal	to separate
915	בָּדָל	ba.dal	piece
916	בְּדֹ֫לַח	be.do.lach	bdellium
917	בְּדָן	be.dan	Bedan
918	בָּדַק	ba.daq	to repair
919	בֶּ֫דֶק	be.deq	breach
920	בִּדְקַר	bid.qar	Bidkar
922	בֹּהוּ	bo.hu	void
923	בַּ֫הַט	ba.hat	porphyry
925	בָּהִיר	ba.hir	bright
926	בְּהִילוּ	be.hi.lu	hastely
928	בֶּֽהָלָה	be.ha.lah	dismay
929	בְּהֵמָה	be.he.mah	animal
930	בְּהֵמוֹת	be.he.mot	Behemoth
931	בֹּ֫הֶן	bo.hen	thumb/big toe
932	בֹּ֫הַן	bo.han	Bohan
933	בֹּ֫הַק	bo.haq	spot
934	בַּהֶ֫רֶת	bo.he.ret	bright spot
935	בּוֹא	bo	to come (in): come
936	בּוּז	buz	to despise
937	בּוּז	buz	contempt
938	בּוּז	buz	Buz
939	בּוּזָה	bu.zah	contempt
940	בּוּזִי	bu.zi	Buzite
941	בּוּזִי	bu.zi	Buzi
942	בַּוַּי	bav.vay	Bavvai
943	בּוּךְ	bukh	to perplex
944	בּוּל	bul	produce
945	בּוּל	bul	Bul
946	בּוּנָה	bu.nah	Bunah
947	בּוּס	bus	to trample
948	בּוּץ	buts	fine linen
949	בּוֹצֵץ	bo.tsets	Bozez
950	בּוּקָה	bu.qah	emptiness
951	בּוֹקֵר	bo.qer	herdsman
952	בּוּר	bur	to explain
953	בּוֹר	bor	pit
954	בּוֹשׁ	bush	be ashamed
955	בּוּשָׁה	bu.shah	shame
957	בַּג	bag	spoil
958	בָּזָא	ba.za	to divide
959	בָּזָה	ba.zah	to despise
961	בִּזָּה	biz.zah	plunder
962	בָּזַז	ba.zaz	to plunder
963	בִּזָּיוֹן	biz.za.von	contempt
964	בִּזְיוֹתְיָה	biz.yo.te.yah	Biziothiah
965	בָּזָק	ba.zaq	lightning
966	בֶּ֫זֶק	be.zeq	Bezek
967	בָּזַר	ba.zar	to scatter
968	בִּזְּתָא	biz.ta	Biztha
969	בָּחוֹן	ba.chon	assayer
970	בָּחוּר	ba.chur	youth
971	בַחוּן	ba.chin	tower
972	בָּחִיר	ba.chir	chosen
973	בָּחֵל	ba.chal	to loath
974	בָּחַן	ba.chan	to test
975	בַּ֫חַן	ba.chan	watchtower
976	בֹּ֫חַן	bo.chan	testing
977	בָּחַר	ba.char	to choose
979	בְּחוּרִים	be.chu.rot	youth
980	בַּחֲרוּמִי	ba.cha.ru.mi	Baharumite
981	בָּטָה	ba.tah	to speak rashly
982	בָּטַח	ba.tach	to trust
983	בֶּ֫טַח	be.tach	security
984	בֶּ֫טַח	be.tach	Betah
985	בִּטְחָה	bit.chah	trust
986	בִּטָּחוֹן	bit.ta.chon	trust
987	בַּטֻּחוֹת	bat.tu.chot	security
988	בָּטַל	ba.tel	to cease
990	בֶּ֫טֶן	be.ten	belly: abdomen
991	בֶּ֫טֶן	be.ten	Beten
992	בָּטְנִים	bo.ten	pistachio
993	בְּטֹנִים	be.to.nim	Betonim
994	בִּי	bi	please
995	בִּין	bin	to understand
996	בַּ֫יִן	ba.yin	between
998	בִּינָה	bi.nah	understanding
1000	בֵּיצָה	be.tsah	egg
1002	בִּירְתָא	bi.ra	citadel
1003	בִּירָנִית	bi.ra.nit	fortress
1004	אַשְׁבֵּעַ	ash.be.a	(Beth)-ashbea
1006	בַּ֫יִת	ba.yit	Bajith
1007	בֵּית אָ֫וֶן	bet a.ven	Beth-aven
1008	אָ֫וֶן	a.ven	Aven
1009	בֵּית אַֽרְבֵֿאל	bet ar.bel	Beth-arbel
1011	בֵּית בִּרְאִי	bet bir.i	Beth-biri
1012	בֵּית בָּרָה	bet ba.rah	Beth-barah
1013	בֵּית־גָּדֵר	bet-ga.der	Beth-gader
1014	בֵּית גָּמוּל	bet ga.mul	Beth-gamul
1016	בֵּית־דָּגוֹן	bet-da.gon	Beth-dagon
1018	בֵּית הָאֵצֶל	bet ha.e.tsel	Beth-ezel
1020	בֵּית הַיְשִׁימוֹת	bet hay.shi.mot	Beth-jeshimoth
1021	בֵּית הַכֶּ֫רֶם	bet hak.ke.rem	Beth-haccherem
1023	בֵּית הַמֶּרְחָק	bet ham.mer.chaq	Beth-merchak
1025	בֵּית הָעֵ֫מֶק	bet ha.e.meq	Beth-emek
1026	בֵּית הָֽעֲרָבָה	bet ha.a.ra.vah	Beth-arabah
1027	בֵּית הָרָם	bet ha.ram	Beth-haram
1029	בֵּית הַשִּׁטָּה	bet hash.shit.tah	Beth-shittah
1031	בֵּית חׇגְלָה	bet chog.lah	Beth-hoglah
1032	בֵּית חוֹרֹן	bet cho.ron	Beth-horon
1033	בֵּית כָּ֑ר	bet kar	Beth-car
1034	בֵּית לְבָאוֹת	bet le.va.ot	Beth-lebaoth
1035	אֶפְרָ֫תָה	eph.ra.tah	Ephrath
1037	בֵּית מִלּוֹא	bet mil.lo	Beth-millo
1039	בֵּית נִמְרָה	bet nim.rah	Beth-nimrah
1040	בֵּית עֶ֑דֶן	bet e.den	Beth-eden
1041	בֵּית־עַזְמָ֫וֶת	bet az.ma.vet	Beth-azmaveth
1042	בֵּית־עֲנוֹת	bet a.not	Beth-anoth
1043	בֵּית־עֲנָת	bet a.nat	Beth-anath
1044	בֵּית־עֵ֫קֶד	bet e.qed	Beth-eked
1046	בֵּית פָּ֑לֶט	bet pe.let	Beth-pelet
1047	בֵּית פְּעוֹר	bet pe.or	Beth-peor
1048	בֵּית פַּצֵּץ	bet pats.tsets	Beth-pazzez
1049	בֵּית־צוּר	bet tsur	Beth-zur
1050	בֵּית־רְחוֹב	bet re.chov	Beth-rehob
1051	בֵּית רָפָא	bet ra.pah	Beth-rapha
1052	בֵּית שְׁאָן	bet she.an	Beth-shean
1053	בֵּית־הַשִּׁמְשִׁי	bet hash.shim.shi	Bethshemite
1054	בֵּית־תַּפּוּחַ	bet tap.pu.ach	Beth-tappuah
1055	בִּיתָן	bi.tan	palace
1057	בָּכָא	ba.kah	balsam
1058	בָּכָה	ba.khah	to weep
1059	בֶּ֫כֶה	be.kheh	bitterly
1060	בְּכוֹר	be.khor	firstborn
1061	בִּכּוּרִים	bik.kur	firstfruit
1062	בְּכֹרָה	be.kho.rah	birthright
1063	בַּכֻּרוֹת	bik.ku.rah	early fig
1064	בְּכוֹרַת	be.kho.rat	Becorath
1065	בְּכִי	be.khi	weeping
1067	בְּכִירָה	be.khi.rah	firstborn
1068	בְּכִית	be.khit	weeping
1069	בָּכַר	ba.khar	to be/bear firstborn
1070	בֶּכֶר	be.kher	young camel
1071	בֶּ֫כֶר	be.kher	Becher
1072	בִּכְרָה	bikh.rah	young camel
1074	בֹּֽכְרוּ	bo.khe.ru	Bocheru
1075	בִּכְרִי	bikh.ri	Bichri
1077	בַּל	bal	not
1078	בֵּל	bel	Bel
1081	בַּלְאֲדָן	bal.a.dan	Baladan
1082	בָּלַג	ba.lag	be cheerful
1083	בִּלְגָּה	bil.gah	Bilgah
1085	בִּלְדַּד	bil.dad	Bildad
1086	בְּלָא	be.la	to wear out
1087	בָּלֶה	ba.leh	old
1088	בָּלָה	ba.lah	Balah
1089	בָּלַהּ	ba.lah	to trouble
1090	בִּלְהָה	bil.hah	Bilhah
1091	בַּלָּהָה	bal.la.hah	terror
1092	בִּלְהָן	bil.han	Bilhan
1093	בְּלוֹ	be.lo	tribute
1094	בְּלוֹא	be.lo	old
1097	בְּלִי	be.li	without
1098	בְּלִיל	be.lil	fodder
1100	בְּלִיַּ֫עַל	be.liy.ya.al	Belial: destruction
1101	בָּלַל	ba.lal	to mix
1102	בָּלַם	ba.lam	to hold in
1103	בָּלַס	ba.las	to gather/tend figs
1104	בָּלַע	ba.la	to swallow up
1105	בֶ֫לַע	be.la	swallowing
1106	בֶּ֫לַע	be.la	Bela
1107	בִּלְעֲדֵי	bil.a.de	beside
1109	בִּלְעָם	bil.am	Balaam
1110	בָּלַק	ba.laq	to waste
1111	בָּלָק	ba.laq	Balak
1112	בֵּֽלְאשַׁצַּר, בֵּלְשַׁאצַּר	be.le.shats.tsar	Belshazzar
1114	בִּלְשָׁן	bil.shan	Bilshan
1115	בִּלְתִּי	bil.ti	lest
1116	בָּמָה	ba.mah	high place
1118	בִּמְהָל	bim.hal	Bimhal
1119	בְּמוֹ	be.mo	in/at/by
1120	בָּמוֹת	ba.mot	Bamoth
1121	בֵּן	ben	son: child
1122	בֵּן	ben	Ben
1125	בֶּן־אֲבִינָדָב	ben-a.vi.na.dav	Ben-Abinadab
1127	בֶּן־גֶּ֫בֶר	ben-ge.ver	Ben-Geber
1128	בֶּן־דֶּ֫קֶר	ben-de.qer	Ben-deker
1129	בְּנָה	be.nah	to build
1130	בֶּן־הֲדַד	ben-ha.dad	Ben-hadad
1131	בִּנּוּי	bin.nuy	Binnui
1132	בֶּן־זוֹחֵת	ben-zo.chet	Ben-zoheth
1133	בֶּן־חוּר	ben-chur	Ben-hur
1134	בֶּן־חַ֫יִל	ben-cha.yil	Ben-hail
1135	בֶּן־חָנָן	ben-cha.nan	Ben-hanan
1136	בֶּן־חֶ֫סֶד	ben-che.sed	Ben-hesed
1137	בִּנּוּי	bin.nuy	Binnui
1138	בֻּנִּי	bun.ni	Bunni
1139	בְּנֵי־בְרַק	be.ne-b.raq	Bene-berak
1140	בִּנְיָה	bin.yah	building
1141	בְּנָיָ֫הוּ	be.na.yah	Benaiah
1142	בְּאֵרוֹת	be.e.rot	Beeroth-(bene-jaakan)
1143	בֵּנַיִם	be.na.yim	champion
1144	בֶּן־אוֹנִ֑י	ben-o.ni	Ben-oni
1146	בִּנְיָן	bin.yan	building
1148	בְּנִ֑ינוּ	be.ni.nu	Beninu
1149	בְּנַס	be.nas	be angry
1150	בִּנְעָא	bin.a	Binea
1151	בֶּן־עַמִּי	ben-am.mi	Ben-ammi
1152	בְּסוֹדְיָ֑ה	be.so.de.yah	Besodeiah
1153	בֵּסַי	be.say	Besai
1155	בֶּסֶר	be.ser	unripe grape
1157	בַּ֫עַד	be.ad	about/through/for
1158	בְּעָא	be.a	to ask
1160	בְּעוֹר	be.or	Beor
1161	בִּעוּתִים	bi.u.tim	terror
1162	בֹּ֫עַז	bo.az	Boaz
1163	בָּעַט	ba.at	to kick
1165	בְּעִיר	be.ir	cattle
1166	בָּעַל	ba.al	rule: to rule
1167	בַּעַל	ba.al	master
1168	בַּעַל	ba.al	Baal
1170	בַּעַל בְּרִית	ba.al be.rit	Baal-berith
1172	בַּעֲלָה	ba.a.lah	mistress
1173	בַּעֲלָה	ba.a.lah	(Mount) Baalah
1176	בַּעַל זְבוּב	ba.al ze.vuv	Baal-zebub
1177	בַּ֫עַל חָנָן	ba.al cha.nan	Baal-hanan
1178	בַּ֫עַל חָצוֹר	ba.al cha.tsor	Baal-hazor
1183	בַּעַלְיָה	be.al.yah	Bealiah
1185	בַּעֲלִיס	ba.a.lis	Baalis
1186	בַּ֫יִת	ba.yit	Beth-(baal-meon)
1188	בַּ֫עַל פְּרָצִים	ba.al pe.ra.tsim	Baal-perazim
1189	בַּ֫עַל צְפוֹן	ba.al tse.phon	Baal-zephon
1190	בַּ֫עַל שָׁלִשָׁה	ba.al sha.li.shah	Baal-shalishah
1191	בַּעֲלָת	ba.a.lat	Baalath
1192	בַּ֫עַל	ba.al	Baal
1193	בַּ֫עַל תָּמָר	ba.al ta.mar	Baal-tamar
1195	בַּעֲנָא	ba.a.na	Baana
1196	בַּעֲנָה	ba.a.nah	Baanah
1197	בָּעַר	ba.ar	to burn: burn
1198	בַּ֫עַר	ba.ar	stupid
1199	בַּעֲרָא	ba.a.ra	Baara
1200	בְּעֵרָה	be.e.rah	fire
1201	בַּעְשָׁא	ba.sah	Baasha
1202	בַּעֲשֵׂיָה	ba.a.se.yah	Baaseiah
1204	בָּעַת	ba.at	to terrify
1205	בְּעָתָה	be.a.tah	terror
1206	בֹּץ	bots	mire
1207	בִּצָּה	bits.tsah	swamp
1208	בָּצוֹר	ba.tsor	old-growth
1209	בֵּצָ֑י	be.tsay	Bezai
1210	בָּצִיר	ba.tsir	vintage
1211	בָּצָל	be.tsel	onion
1212	בְּצַלְאֵל	be.tsal.el	Bezalel
1213	בַּצְלוּת	bats.lut	Bazluth
1214	בָּצַע	ba.tsa	to cut off
1215	בֶּ֫צַע	be.tsa	unjust-gain
1216	בָּצֵק	ba.tseq	to swell
1217	בָּצֵק	ba.tseq	dough
1218	בׇּצְקַת	bots.qat	Bozkath
1219	בָּצַר	ba.tsar	to gather/restrain/fortify
1220	בֶּ֫צֶר	be.tser	gold
1221	בֶּ֫צֶר	be.tser	Bezer
1222	בְּצַר	be.tsar	gold
1223	בׇּצְרָה	bots.rah	enclosure
1224	בׇּצְרָה	bots.rah	Bozrah
1225	בִּצָּרוֹן	bits.tsa.ron	stronghold
1226	בַּצֹּרֶת	bats.tso.ret	drought
1227	בַּקְבּוּק	baq.buq	Bakbuk
1228	בַּקְבֻּק	baq.buq	flask
1229	בַּקְבֻּקְיָה	baq.buq.yah	Bakbukiah
1230	בַּקְבַּקַּר	baq.baq.qar	Bakbakkar
1231	בֻּקִּי	buq.qi	Bukki
1232	בֻּקִּיָּ֫הוּ	buq.qiy.yah	Bukkiah
1233	בְּקִיעַ	be.qi.a	breach
1234	בָּקַע	ba.qa	to break up/open
1235	בֶּ֫קַע	be.qa	bekah
1237	בִּקְעָא	biq.a	plain
1238	בָּקַק	ba.qaq	be luxuriant
1239	בָּקַר	ba.qar	to enquire
1241	בָּקָר	ba.qar	cattle
1242	בֹּ֫קֶר	bo.qer	morning
1243	בַּקָּרָה	baq.qa.rah	seeking
1244	בִּקֹּ֫רֶת	biq.qo.ret	scourging
1245	בָּקַשׁ	ba.qash	to seek
1246	בַּקָּשָׁה	baq.qa.shah	request
1249	בַּר	bar	pure
1250	בַּר	bar	grain
1252	בֹּר	bor	cleanness
1253	בֹּר	bor	lye
1254	בָּרָא	ba.ra	to create
1255	בְּרֹאדַךְ בַּלְאֲדָן	be.ro.dakh bal.a.dan	Merodach-baladan
1256	בְּרָאיָה	be.ra.yah	Beraiah
1257	בַּרְבֻּרִים	bar.bur	fowl
1258	בָּרַד	ba.rad	to hail
1259	בָּרָד	ba.rad	hail
1260	בֶּ֫רֶד	be.red	Bered
1261	בָּרֹד	ba.rod	spotted
1262	בָּרָה	ba.rah	to eat
1263	בָּרוּךְ	ba.rukh	Baruch
1264	בְּרֹמִים	be.rom	rich apparel
1265	בְּרוֹשׁ	be.rosh	cypress
1266	בְּרוֹת	be.rot	cypress
1267	בָּרוּת	ba.rut	food
1268	בֵּר֫וֹתָה	be.ro.tah	Berothah
1269	בִּרְזוֹת	bir.zot	Birzaith
1270	בַּרְזֶל	bar.zel	iron
1271	בַּרְזִלַּי	bar.zil.lay	Barzillai
1272	בָּרַח	ba.rach	to flee
1275	בֵּרִי	be.ri	Beri
1277	בִּרְיָה	ber.yah	fat
1278	בְּרִיאָה	be.ri.ah	creation
1279	בִּרְיָה	bir.yah	food
1280	בְּרִיחַ	be.ri.ach	bar
1281	בָּרִיחַ	ba.ri.ach	fleeing
1282	בָּרִיחַ	ba.ri.ach	Bariah
1283	בְּרִיעָה	be.ri.ah	Beriah
1285	בְּרִית	be.rit	covenant
1287	בֹּרִית	bo.rit	lye
1288	בָּרַךְ	ba.rakh	to bless
1290	בֶּ֫רֶךְ	be.rekh	knee
1292	בָּרַכְאֵל	ba.rakh.el	Barachel
1293	בְּרָכָה	be.ra.khah	blessing
1294	בְּרָכָה	be.ra.khah	Beracah
1295	בְּרֵכָה	be.re.khah	pool
1296	בֶּרֶכְיָה	be.rekh.yah	Berechiah
1297	בְּרַם	be.ram	nevertheless
1298	בֶּ֫רַע	be.ra	Bera
1299	בָּרַק	ba.raq	to flash
1300	בָּרַק	ba.raq	to use lightning
1301	בְּדָן	be.dan	Barak
1302	בַּרְקוֹס	bar.qos	Barkos
1303	בַּרְקָנִים	bar.qan	briar
1304	בָּרֶ֫קֶת	ba.re.qet	gem
1305	בָּרַר	ba.rar	to purify
1306	בִּרְשַׁע	bir.sah	Birsha
1308	בְּשׂוֹר	be.s.vor	Besor
1309	בְּשֹׂרָה	be.s.vo.rah	good news
1310	בָּשַׁל	ba.shal	to boil
1311	בָּשֵׁל	ba.shel	cooked
1312	בִּשְׁלָם	bish.lam	Bishlam
1313	בֹּ֫שֶׂם	ba.sam	spice
1314	בֶּ֫שֶׂם	be.sem	spice
1315	בָּֽשְׂמַת	bos.mat	Basemath
1316	בָּשָׁן	ba.shan	Bashan
1317	בׇּשְׁנָה	bosh.nah	shame
1318	בָּשַׁס	ba.shas	to trample
1319	בָּשַׂר	ba.sar	to bear tidings
1320	בָּשָׂר	ba.sar	flesh
1322	בֹּ֫שֶׁת	bo.shet	shame
1323	בַּת	bat	daughter
1324	בַּת	bat	bath
1326	בָּתָה	ba.tah	waste
1327	בַּתָּה	bat.tah	precipice
1328	בְּתוּאֵל	be.tu.el	Bethuel
1329	בְּתוּל	be.tul	Bethul
1330	בְּתוּלָה	be.tu.lah	virgin
1331	בְּתוּלִים	be.tu.lim	virginity
1332	בִּתְיָה	bit.yah	Bithiah
1333	בָּתַק	ba.taq	to cut up
1334	בָּתַר	ba.tar	to cut up
1335	בֶּ֫תֶר	be.ter	part
1336	בֶּ֫תֶר	be.ter	cleft
1337	בַּת־רַבִּים	bat rab.bim	Bath-rabbim
1338	בִּתְרוֹן	bit.ron	Bithron
1339	בַּת־שֶׁ֫בַע	bat-she.va	Bathsheba
1341	גֵּא	ge	proud
1342	גָּאָה	ga.ah	to rise up
1343	גֵּאֶה	ge.eh	proud
1344	גֵּאָה	ge.ah	pride
1345	גְּאוּאֵל	ge.u.el	Geuel
1346	גַּאֲוָה	ga.a.vah	pride
1347	גָּאוֹן	ga.on	pride
1348	גֵּאוּת	ge.ut	majesty
1349	גַּאֲיוֹן	ga.a.yon	proud
1350	גָּאַל	ga.al	to redeem: redeem
1351	גָּאַל	ga.al	to defile
1352	גֹּ֫אֶל	go.el	defilement
1353	גְּאֻלָּה	ge.ul.lah	redemption
1354	גַּב	gav	back/rim/brow
1356	גֵּב	gev	cistern
1357	גֵּב	gev	locust
1358	גֹּב	gov	den
1360	גֶּ֫בֶא	ge.ve	cistern
1361	גָּבַהּ	ga.vah	to exult
1363	גֹּ֫בַהּ	go.vah	height
1364	גָּבֹהַּ	ga.vah	high
1365	גַּבְהוּת	gav.hut	haughtiness
1366	גְּבוּל	ge.vul	border: boundary
1367	גְּבוּלָה	ge.vu.lah	border
1368	גִּבּוֹר	gib.bor	mighty man
1369	גְּבוּרָה	ge.vu.rah	might
1371	גִּבֵּחַ	gib.be.ach	bald
1372	גַּבַּ֫חַת	gab.ba.chat	baldness
1373	גַּבַּי	gab.bay	`men`
1374	גֵּבִים	ge.vim	Gebim
1375	גָּבִיעַ	ge.vi.a	cup
1376	גְּבִיר	ge.vir	lord
1377	גְּבִירָה	ge.vi.rah	queen
1378	גָּבִישׁ	ga.vish	crystal
1379	גָּבַל	ga.val	to border
1380	גְּבַל	ge.val	Gebal
1383	גַּבְלֻת	gav.lut	twists
1384	גִּבֵּן	gib.ben	humpbacked
1385	גְּבִינָה	ge.vi.nah	cheese
1386	גַּבְנֹן	gav.non	peak
1387	גֶּ֫בַע	ge.va	Geba
1388	גִּבְעָא	giv.a	Gibea
1389	אֱלֹהִים	e.lo.him	(Gibeath)-elohim
1390	גֶּ֫בַע	ge.va	Gibeah
1391	בָּמָה	ba.mah	Bamah
1392	גִּבְעֹל	giv.ol	bud
1396	גָּבַר	ga.var	to prevail
1397	גָּבֶר	ga.ver	great man
1398	גֶּ֫בֶר	ge.ver	Geber
1403	גַּבְרִיאֵל	gav.ri.el	Gabriel
1404	גְּבֶ֫רֶת	ge.ve.ret	lady
1405	גִּבְּתוֹן	gib.b.ton	Gibbethon
1406	גָּג	gag	roof
1407	גַּד	gad	coriander
1408	גַּד	gad	Fortune
1409	גָּד	gad	fortune
1410	גָּד	gad	Gad
1413	גָּדַד	ga.dad	to cut
1415	גָּדָה	ga.dah	bank
1416	גְּדוּד	ge.dud	band
1417	גְּדוּד	ge.dud	furrow
1419	גָּדוֹל	ga.dol	great: large
1420	גְּדוּלָּה	ge.du.lah	greatness
1421	גִּדּוּפִים	gid.duph	reviling
1422	גְּדוּפָה	ge.du.phah	taunt
1423	גְּדִי	ge.di	kid
1424	גָּדִי	ga.di	Gadi
1426	גַּדִּי	gad.di	Gaddi
1427	גַּדִּיאֵל	gad.di.el	Gaddiel
1429	גְּדִיָּה	ge.diy.yah	kid
1430	גָּדִישׁ	ga.dish	stack
1431	גָּדַל	ga.dal	to magnify
1432	גָּדֵל	ga.del	growing
1433	גֹּ֫דֶל	go.del	greatness
1434	גְּדִלִים	ge.dil	tassel
1435	גִּדֵּל	gid.del	Giddel
1436	גְּדַלְיָה	ge.dal.yah	Gedaliah
1437	גִּדַּלְתִּי	gid.dal.ti	Giddalti
1438	גָּדַע	ga.da	to cut down/off
1439	גִּדְעוֹן	gid.on	Gideon
1440	גִּדְעֹם	gid.om	Gidom
1441	גִּדְעֹנִי	gid.o.ni	Gideoni
1442	גָּדַף	ga.daph	to blaspheme
1443	גָּדַר	ga.dar	to wall up/off
1446	גֶּ֫דֶר	ge.der	Geder
1447	גֶּדֶר	ge.der	wall
1448	גְּדֵרָה	ge.de.rah	wall
1449	גְּדֵרָה	ge.de.rah	Gederah
1450	גְּדֵרוֹת	ge.de.rot	Gederoth
1453	גְּדֵרֹתָ֑יִם	ge.de.ro.ta.yim	Gederothaim
1454	גֵּה	geh	this
1455	גָּהָה	ga.hah	to cure
1456	גֵּהָה	ge.hah	cure
1457	גָּהַר	ga.har	to bend (down)
1458	גַּו	gav	the back
1460	גַּו	gav	midst
1461	גּוּב	guv	to plough
1462	גּוֹב	gov	locust
1463	גּוֹג	gog	Gog
1464	גּוּד	gud	to raid
1465	גֵּוָה	ge.vah	back
1466	גֵּוָה	ge.vah	pride
1468	גּוּז	guz	to cut off
1469	גּוֹזָל	go.zal	young bird
1470	גּוֹזָן	go.zan	Gozan
1471	גּוֹי	goy	nation
1472	גְּוִיָּה	ge.viy.yah	body
1473	גּוֹלָה	go.lah	captivity
1474	גּוֹלָן	go.lan	Golan
1475	גּוּמָּץ	gum.mats	pit
1476	גּוּנִי	gu.ni	Guni
1478	גָּוַע	ga.va	to die
1479	גּוּף	guph	to shut
1480	גּוּפָה	gu.phah	body
1481	גּוּר	gur	to sojourn
1482	גּוּר	gur	whelp
1483	גּוּר	gur	Gur
1484	גּוֹר	gor	whelp
1485	גּוּר־בָּ֑֫עַל	gur-ba.al	Gurbaal
1486	גּוֹרָל	go.ral	allotted
1487	גּוּשׁ	gush	clod
1488	גֵּז	gez	fleece
1489	גְּדָֽבְרַיָּא	ge.da.var	treasurer
1491	גָּזָה	ga.zah	to cut
1492	גִּזָּה	gaz.zah	fleece
1493	גִּזוֹנִי	gi.zo.ni	Gizonite
1494	גָּזַז	ga.zaz	to shear
1495	גָּזֵז	ga.zez	Gazez
1496	גָּזִית	ga.zit	cutting
1497	גָּזַל	ga.zal	to plunder
1498	גָּזֵל	ga.zel	robbery
1500	גְּזֵלָה	ge.ze.lah	violence
1501	גָּזָם	ga.zam	locust
1502	גַּזָּם	gaz.zam	Gazzam
1503	גֶּ֫זַע	ge.za	stock
1504	גָּזַר	ga.zar	to cut
1506	גֶּ֫זֶר	ge.zer	piece
1507	גֹּב	gov	Gob
1508	גִּזְרָה	giz.rah	cutting/separation
1509	גְּזֵרָה	ge.ze.rah	isolation
1511	גִּזְרִי	giz.ri	Girzite
1512	גָּחוֹן	ga.chon	belly
1513	גַּחֶ֫לֶת	ge.chel	coal
1514	גַּ֫חַם	ga.cham	Gaham
1515	גַּ֫חַר	ga.char	Gahar
1516	גַּיְא	gay	Ge
1517	גִּיד	gid	sinew
1518	גִּיחַ	gi.ach	to burst/come out
1520	גִּיחַ	gi.ach	Giah
1521	גִּיחוֹן	gi.chon	Gihon
1522	גֵּיחֲזִי	ge.cha.zi	Gehazi
1523	גִּיל	gil	to rejoice
1524	גִּיל	gil	rejoicing
1525	גִּילָה	gi.lah	rejoicing
1527	גִּינַ֑ת	gi.nat	Ginath
1529	גֵּישָׁן	ge.shan	Geshan
1530	גַּל	gal	heap
1532	גַּלָּב	gal.lav	barber
1533	גִּלְבֹּעַ	gil.bo.a	Gilboa
1534	גַּלְגַּל	gal.gal	wheel
1536	גִּלְגָּל	gil.gal	wheel
1537	בֵּית הַגִּלְגָּל	bet hag.gil.gal	Beth-gilgal
1538	גֻּלְגֹּ֫לֶת	gul.go.let	head
1539	גֶּ֫לֶד	ge.led	skin
1540	גָּלָה	ga.lah	to reveal: reveal
1542	גִּילֹנִי	gi.lo.ni	Gilonite
1543	גֹּל	gol	bowl
1544	גִּלּוּל	gil.lul	idol
1545	גְּלוֹם	ge.lom	garment
1546	גָּלוּת	ga.lut	captivity
1548	גָּלַח	ga.lach	to shave
1549	גִּלָּיוֹן	gil.la.von	tablet
1550	גָּלִיל	ga.lil	turned
1551	גִּלְגָּל	gil.gal	Galilee
1552	גְלִילָה	ge.li.lah	border
1554	גַּלִּים	gal.lim	Gallim
1555	גׇּלְיַת	gol.yat	Goliath
1556	גָּלַל	ga.lal	to roll
1557	גָּלָל	ga.lal	dung
1558	גָּלָל	ga.lal	because of
1559	גָּלָל	ga.lal	Galal
1561	גֵּל	ge.lel	dung
1562	גִּלֲלַי	gi.la.lay	Gilalai
1563	גָּלַם	ga.lam	to fold
1564	גֹּ֫לֶם	go.lem	embryo
1565	גַּלְמוּד	gal.mud	solitary
1566	גָּלַע	ga.la	to quarrel
1568	גִּלְעָד	gil.ad	Gilead
1570	גָּלַשׁ	ga.lash	to step down
1571	גַּם	gam	also
1572	גָּמָא	ga.ma	to swallow
1573	גֹּ֫מֶא	go.me	reed
1574	גֹּ֫מֶד	go.med	short cubit
1575	גַּמָּדִים	gam.mad	Gamaddim
1576	גְּמוּל	ge.mul	recompense
1577	גָּמוּל	ga.mul	Gamul
1578	גְּמוּלָה	ge.mu.lah	recompense
1579	גִּמְזוֹ	gim.zo	Gimzo
1580	גָּמַל	ga.mal	to wean
1581	גָּמָל	ga.mal	camel
1582	גְּמַלִּי	ge.mal.li	Gemalli
1583	גַּמְלִיאֵל	gam.li.el	Gamaliel
1584	גָּמַר	ga.mar	to cease
1586	גֹּ֫מֶר	go.mer	Gomer
1587	גְּמַרְיָ֫הוּ	ge.mar.yah	Gemariah
1588	גַּן	gan	Garden (of Uzza)
1589	גָּנַב	ga.nav	to steal
1590	גַּנָּב	gan.nav	thief
1591	גְּנֵבָה	ge.ne.vah	theft
1592	גְּנֻבַת	ge.nu.vat	Genubath
1593	גַּנָּה	gan.nah	garden
1595	גְּנָזִים	ge.nez	treasury
1597	גַּנְזַךְ	gin.zakh	treasury
1598	גָּנַן	ga.nan	to defend
1599	גִּנְּתוֹן	gin.n.ton	Ginnethon
1600	גָּעָה	ga.ah	to low
1601	גֹּעָה	go.ah	Goah
1602	גָּעַל	ga.al	to abhor
1603	גַּ֫עַל	ga.al	Gaal
1604	גֹּ֫עַל	go.al	loathing
1605	גָּעַר	ga.ar	to rebuke
1606	גְּעָרָה	ge.a.rah	rebuke
1607	גָּעַשׁ	ga.ash	to shake
1608	גַּ֫עַשׁ	ga.ash	Gaash
1609	גַּעְתָּם	ga.tam	Gatam
1610	גַּף	gaph	single/height
1611	גַּף	gaph	wing
1612	גֶּ֫פֶן	ge.phen	vine
1613	גֹּ֫פֶר	go.pher	gopher
1614	גׇּפְרִית	goph.rit	brimstone
1615	גִּיר	gir	plaster
1616	גֵּר	ger	sojourner
1617	הֶגְלָם	ga.lah	Heglam
1618	גָּרָב	ga.rav	scab
1619	גָּרֵב	ga.rev	Gareb
1620	גַּרְגַּר	gar.gar	berry
1621	גַּרְגְּרוֹת	gar.ge.rot	neck
1622	גִּרְגָּשִׁי	gir.ga.shi	Girgashite
1623	גָּרַד	ga.rad	to scrape
1624	גָּרָה	ga.rah	to stir up
1625	גֵּרָה	ge.rah	cud
1626	גֵּרָה	ge.rah	gerah
1627	גָּרוֹן	ga.ron	throat
1628	גֵּרוּת	ge.rut	Geruth
1629	גָּרַז	ga.raz	to cut off
1630	גְּרִזִים	ge.ri.zim	(Mount) Gerizim
1631	גַּרְזֶן	gar.zen	axe
1632	גָּרֹל	ga.rol	harsh
1633	גָּרַם	ga.ram	to reserve
1634	גֶּ֫רֶם	ge.rem	bone
1636	גַּרְמִי	gar.mi	Garmite
1637	גֹּ֫רֶן	go.ren	threshing floor
1638	גָּרַס	ga.ras	to break
1639	גָּרַע	ga.ra	to dimish
1640	גָּרַף	ga.raph	to sweep away
1641	גָּרַר	ga.rar	to drag/chew/saw
1642	גְּרָר	ge.rar	Gerar
1643	גֶּ֫רֶשׂ	ge.re.s	crushed grain
1644	גָּרַשׁ	ga.rash	to drive out: drive out
1645	גֶּ֫רֶשׁ	ge.resh	produce
1646	גְרוּשָׁה	ge.ru.shah	eviction
1647	גֵּרְשֹׁם	ge.re.shom	Gershom
1648	גֵּרְשֹׁם	ge.re.shom	Gershom
1650	גְּשׁוּר	ge.shur	Geshur
1652	גָּשַׁם	ga.sham	to rain
1653	גֶּ֫שֶׁם	ge.shem	rain
1654	גֶּ֫שֶׁם	ge.shem	Geshem
1655	גְּשֵׁם	ge.shem	body
1656	גֹּ֫שֶׁם	go.shem	rain
1657	גֹּ֫שֶׁן	go.shen	Goshen
1658	גִּשְׁפָּא	gish.pa	Gishpa
1659	גָּשַׁשׁ	ga.shash	to grope
1660	גַּת	gat	wine press
1661	גַּיְא	gay	Gath
1662	גַּת הַחֵ֫פֶר	gat-ha.che.pher	Gath-hepher
1664	גִּתָּ֑יִם	git.ta.yim	Gittaim
1665	גִּתִּית	git.tit	Gittith
1666	גֶּ֫תֶר	ge.ter	Gether
1667	גַּת־רִמּוֹן	gat-rim.mon	Gath-rimmon
1669	דָּאֵב	da.av	to languish
1670	דְּאָבָה	de.a.vah	dismay
1671	דְּאָבוֹן	de.a.von	sorrow
1672	דָּאַג	da.ag	be anxious
1673	דֹּאֵג	do.eg	Doeg
1674	דְּאָגָה	de.a.gah	anxiety
1675	דָּאָה	da.ah	to fly
1676	דָּאָה	da.ah	kite
1677	דֹּב	dov	bear
1679	דֹּ֫בֶא	do.ve	strength
1680	דָּבַב	da.vav	to glide
1681	דִּבָּה	dib.bah	slander
1682	דְּבוֹרָה	de.vo.rah	bee
1683	דְּבוֹרָה	de.bo.rah	Deborah
1686	דִּבְיוֹנִים	div.yon	quano
1687	דְּבִיר	de.vir	sanctuary
1688	דְּבִיר	de.vir	Debir
1690	דְּבֵלָה	de.ve.lah	fig cake
1691	דִּבְלַ֫יִם	div.la.yim	Diblaim
1692	דָּבַק	da.vaq	to cleave
1694	דֶּ֫בֶק	de.veq	joint
1695	דָּבֵק	da.veq	cleaving
1696	דָבַר	da.var	to speak: speak
1697	דָּבָר	da.var	word
1698	דֶּ֫בֶר	de.ver	pestilence
1699	דֹּ֫בֶר	do.ver	pasture
1700	דִּבְרָה	div.rah	cause
1702	דֹּבְרוֹת	do.ve.rah	raft
1703	דַּבֶּ֫רֶת	dab.ba.rah	word
1704	דִּבְרִי	div.ri	Dibri
1705	דָּֽבְרַת	da.ve.rat	Daberath
1706	דְּבַשׁ	de.vash	honey
1707	דַּבֶּ֫שֶׁת	dab.be.shet	hump
1708	דַּבֶּ֫שֶׁת	dab.be.shet	Dabbesheth
1709	דָּג	dag	Fish (Gate)
1710	דָּגָה	da.gah	fish
1711	דָּגָה	da.gah	to multiply
1712	דָּגוֹן	da.gon	Dagon
1713	דָּגַל	da.gal	to look
1714	דֶּ֫גֶל	de.gel	standard
1715	דָּגָן	da.gan	grain
1716	דָּגַר	da.gar	to gather
1717	דַּד	dad	breast
1718	דָּדָה	da.dah	to go slowly
1719	דְּדָן	de.dan	Dedan
1721	רוֹדָנִים	do.da.nim	Dodanim
1723	דֵּהָיֵא	da.ha.va	Dehavite
1724	דָּהַם	da.ham	to astonish
1725	דָּהַר	da.har	to rush
1726	דַּהֲרָה	da.ha.rah	rushing
1727	דּוּב	duv	to pine
1728	דַּוָּג	dav.vag	fisher
1729	דּוּגָה	du.gah	fishhook
1730	דּוֹד	dod	beloved
1731	דּוּד	dud	pot
1732	דָּוִד	da.vid	David
1733	דֹּדָה	do.dah	aunt
1734	דּוֹדוֹ	do.do	Dodo
1735	דּוֹדָוָהוּ	do.da.va.hu	Dodavahu
1736	דּוּדַי	du.day	mandrake
1738	דָּוָה	da.vah	be sick
1739	דָּוֶה	da.veh	sick
1740	דּוּחַ	du.ach	to wash
1741	דְּוַי	de.vay	illness
1742	דַּוָּי	dav.va	faint
1743	דּוּךְ	dukh	to beat
1744	דּוּכִיפַת	du.khi.phat	hoopoe
1745	דּוּמָה	du.mah	silence
1746	דּוּמָה	du.mah	Dumah
1747	דּוּמִיָּה	du.miy.yah	silence
1748	דּוּמָם	du.mam	silence
1749	דּוֹנַג	do.nag	wax
1750	דּוּץ	duts	to dance
1752	דּוּר	dur	to dwell
1754	דּוּר	dur	circle
1755	דּוֹר	dor	generation
1756	דֹּאר	dor	Dor
1757	דּוּרָא	du.ra	Dura
1758	אָדַשׁ	a.dash	to thresh
1760	דָּחָה	da.chah	to thrust
1762	דְּחִי	de.chi	falling
1764	דֹּ֫חַן	do.chan	millet
1765	דָּחַף	da.chaph	to hasten
1766	דָּחַק	da.chaq	to crowd
1767	דַּי	day	sufficiency
1769	גָּד	gad	(Dibon)-gad
1770	דִּיג	dig	to fish
1771	דַּיָּג	day.yag	fisher
1772	דַּיָּה	day.yah	hawk
1773	דְּיוֹ	de.yo	ink
1774	דִּי זָהָב	di za.hav	Dizahab
1776	דִּימוֹנָה	di.mo.nah	Dimonah
1777	דִּין	din	to judge
1779	דִּין	din	judgment
1781	דַּיָּן	day.yan	judge
1783	דִּינָה	di.nah	Dinah
1784	דִּינָיֵא	di.nay	judge
1785	דָּיֵק	da.yeq	siegework
1786	דַּ֫יִשׁ	da.yish	threshing
1787	דִּישֹׁן	di.shon	Dishon
1788	דִּישֹׁן	di.shon	ibex
1789	דִּישֹׁן	di.shon	Dishan
1790	דַּךְ	dakh	crushed
1792	דָּכָא	da.kah	to crush
1793	דַּכָּא	dak.ka	contrite
1794	דָּכָה	da.khah	to crush
1795	דַּכָּה	dak.kah	crushing
1796	דֳּכִי	do.khi	pounding
1798	דְּכַר	de.khar	ram
1800	דַּל	dal	poor
1801	דָּלַג	da.lag	to leap
1802	דָּלָה	da.lah	to draw (up/out)
1803	דַּלָּה	dal.lah	hair
1804	דָּלַח	da.lach	to trouble
1805	דְּלִי	de.li	bucket
1806	דְּלָיָ֫הוּ	de.la.yah	Delaiah
1807	דְּלִילָה	de.li.lah	Delilah
1808	דָּלִיּוֹת	da.liy.yah	branch
1809	דָּלַל	da.lal	to languish
1810	דִּלְעָן	dil.an	Dilean
1811	דָּלַף	da.laph	to drip
1812	דֶּ֫לֶף	de.leph	dripping
1813	דַּלְפוֹן	dal.phon	Dalphon
1814	דָּלַק	da.laq	to burn/pursue
1816	דַּלֶּ֫קֶת	dal.le.qet	inflammation
1817	דָּל	dal	door
1818	דָּם	dam	blood
1819	דָּמָה	da.mah	to resemble
1820	דָּמָה	da.mah	to cease
1822	דֻּמָּה	dum.mah	destroyed
1823	דְּמוּת	de.mut	likeness
1824	דֳּמִי	de.mi	quiet
1825	דִּמְיֹן	dim.yon	likeness
1826	דָּמַם	da.mam	to silence: stationary
1827	דְּמָמָה	de.ma.mah	silence
1828	דֹּ֫מֶן	do.men	dung
1829	דִּמְנָה	dim.nah	Dimnah
1830	דָּמַע	da.ma	to weep
1831	דֶּ֫מַע	de.ma	juice
1832	דִּמְעָה	dim.ah	tears
1833	דְּמֶשֶׁק	de.me.sheq	silk
1834	דַּמֶּ֫שֶׂק	dam.me.seq	Damascus
1835	דָּן	dan	Dan
1837	דַּנָּה	dan.nah	Dannah
1838	דִּנְהָ֑בָה	din.ha.vah	Dinhabah
1840	בֵּלְטְשַׁאצַּר	be.le.te.shats.tsar	Belteshazzar
1841	דָּנִיֵּאל, דָּנִאֵל	da.niy.yel	Daniel
1843	דֵּעַ	de.a	knowledge
1844	דֵּעָה	de.ah	knowledge
1845	דְּעוּאֵל	de.u.el	Deuel
1846	דָּעַךְ	da.akh	to put out
1847	דַּ֫עַת	da.at	knowledge
1848	דֳּפִי	do.phi	slander
1849	דָּפַק	da.phaq	to beat
1850	דׇּפְקָה	doph.qah	Dophkah
1851	דַּק	daq	thin
1852	דֹּק	doq	curtain
1853	דִּקְלָה	diq.lah	Diklah
1854	דּוּק	duq	to shatter
1856	דָּקַר	da.qar	to pierce
1857	דֶּ֫קֶר	de.qer	Dekar
1858	דַּר	dar	mother-of-pearl
1860	דֵּרָאוֹן	de.ra.on	abhorrence
1861	דׇּרְבוֹן	dor.von	goad
1862	דַּרְדַּע	dar.da	Darda
1863	דַּרְדַּר	dar.dar	thistle
1864	דָּרוֹם	da.rom	south
1865	דְּרוֹר	de.ror	liberty
1866	דְּרוֹר	de.ror	swallow
1867	דָּֽרְיָ֫וֶשׁ	dar.ya.vesh	Darius
1869	דָּרַךְ	da.rakh	to tread
1870	דֶּ֫רֶךְ	de.rekh	way: conduct
1871	דַּרְכְּמוֹן	dar.ke.mon	drachma
1873	דָּרַע	da.ra	Dara
1874	דַּרְקוֹן	dar.qon	Darkon
1875	דָּרַשׁ	da.rash	to seek
1876	דָּשָׁא	da.sah	to sprout
1877	דֶּ֫שֶׁא	de.she	grass
1878	דָּשֵׁן	da.shen	to prosper
1879	דָּשֵׁן	da.shen	fat
1880	דֶּ֫שֶׁן	de.shen	ashes
1881	דָּת	dat	law
1884	דְּתָבָר	de.ta.var	judge
1885	דָּתָן	da.tan	Dathan
1886	דֹּתָן	do.tan	Dothan
1887	הֵא	he	behold
1889	הֶאָח	he.ach	Aha!
1890	הַבְהָב	hav.hav	gift
1891	הָבַל	ha.val	to become vain
1892	הֶ֫בֶל	he.vel	vanity
1893	הֶ֫בֶל	he.vel	Abel
1894	הָבְנִי	ho.ven	ebony
1895	הָבַר	ha.var	to divide
1896	הֵגֵא	he.ge	Hegai
1897	הָגָה	ha.gah	to mutter
1898	הָגָה	ha.gah	to remove
1899	הֶ֫גֶה	he.geh	moaning
1900	הָגוּת	ha.gut	meditation
1901	הָגִיג	ha.gig	meditation
1902	הִגָּיוֹן	hig.ga.von	Higgaion
1903	הָגִין	ha.gin	suitable
1904	הָגָר	ha.gar	Hagar
1905	הַגְרִי	hag.ri	Hagri
1906	הֵד	hed	shout
1907	הַדָּבָר	had.da.var	counselor
1908	אֲדַד	a.dad	Hadad
1909	הֲדַדְעֶ֫זֶר	ha.dad.e.zer	Hadadezer
1910	הֲדַדְרִמּוֹן	ha.dad.rim.mon	Hadad-rimmon
1911	הָדָה	ha.dah	to stretch out
1912	הֹ֫דּוּ	ho.du	India
1913	הֲדוֹרָם	ha.do.ram	Hadoram
1914	הִדַּי	hid.day	Hiddai
1915	הָדַךְ	ha.dakh	to tread down
1916	הֲדֹם	ha.dom	footstool
1917	הַדָּם	had.dam	piece
1918	הֲדַס	ha.das	myrtle
1920	הָדַף	ha.daph	to thrust
1921	הָדַר	ha.dar	to honor
1925	הֶ֫דֶר	he.der	glory
1926	הָדָר	ha.dar	glory
1927	הֲדָרָה	ha.da.rah	adornment
1929	הָהּ	hah	alas!
1930	הוֹ	ho	Ah!
1931	הוּא	hu	he/she/it
1933	הָוָא	ha.va	to fall
1935	הוֹד	hod	splendor
1936	הוֹד	hod	Hod
1938	הוֹדְיָה	ho.de.vah	Hodevah
1940	הוֹדִיָּה	ho.diy.yah	Hodiah
1941	הוֹדִיָּה	ho.diy.yah	Hodiah
1942	הַוָּה	hav.vah	desire
1943	הֹוָה	ho.vah	misfortune
1944	הוֹהָם	ho.ham	Hoham
1945	הוֹי	hoy	woe!
1947	הוֹלֵלָה	ho.le.lah	madness
1948	הוֹלֵלוּת	ho.le.lut	madness
1949	הוּם	hum	to make noise
1950	הוֹמָ֑ם	ho.mam	Hemam
1951	הוּן	hun	be ready
1952	הוֹן	hon	substance
1953	יְהוֹשָׁמָע	ho.sha.ma	Hoshama
1954	הוֹשֵׁעַ	ho.she.a	Hoshea
1955	הוֹשַׁעֲיָה	ho.sha.yah	Hoshaiah
1956	הוֹתִיר	ho.tir	Hothir
1957	הָזָה	ha.zah	to dream
1958	הִי	hi	woe
1959	הֵידָד	he.dad	shout
1960	הֻיְּדוֹת	huy.y.dah	praise
1961	הָיָה	ha.yah	to be
1962	הַיָּה	hay.yah	calamity
1963	הֵיךְ	hekh	how?
1964	הֵיכָל	he.khal	temple
1966	הֵילֵל	he.lel	Day Star
1968	הֵימָן	he.man	Heman
1969	הִין	hin	hin
1970	הָכַר	ha.khar	to wrong
1971	הַכָּרָה	hak.ka.rah	look
1972	הָלָא	ha.la	to cast far off
1973	הָֽ֫לְאָה	ha.le.ah	further
1974	הִלּוּל	hil.lul	praise
1975	הַלָּז	hal.laz	this
1976	הַלָּזֶה	hal.la.zeh	this
1977	הַלֵּ֫זוּ	hal.le.zu	this
1978	הָלִיךְ	ha.likh	step
1979	הֲלִיכָה	ha.li.khah	walk
1980	הוּךְ	hukh	to go
1982	הֵ֫לֶךְ	he.lekh	traveller
1984	הָלַל	ha.lal	to shine
1985	הִלֵּל	hil.lel	Hillel
1986	הָלַם	ha.lam	to smite
1988	הֲלֹם	ha.lom	here
1989	הַלְמוּת	hal.mut	hammer
1991	הֵם	hem	wealth
1992	אִנּוּן	in.nun	they
1993	הָמָה	ha.mah	to roar
1995	הָמוֹן	ha.mon	crowd
1996	גַּיְא	gay	(Hamon-gog) Valley
1997	הֲמוֹנָהֿ	ha.mo.nah	Hamonah
1998	הֶמְיָה	hem.yah	sound
1999	הֲמֻלָּה	ha.mul.lah	tumult
2000	הָמַם	ha.mam	to confuse
2001	הָמָן	ha.man	Haman
2002	הַמְנִיכָא	ham.nikh	chain
2003	הֶ֫מֶס	ha.mas	brushwood
2005	הֵן	hen	look!
2008	הֵ֫נָּה	hen.nah	here/thus
2009	הִנֵּה	hin.neh	behold
2010	הֲנָחָה	ha.na.chah	holiday
2012	הֵנַע	he.na	Hena
2013	הַס	ha.sah	to silence
2014	הֲפוּגָה	ha.phu.gah	cessation
2015	הָפַךְ	ha.phakh	to overturn
2016	הֶ֫פֶךְ	he.phekh	contrariness
2017	הֹפֶךְ	ho.phekh	perversity
2018	הֲפֵכָה	ha.phe.khah	overthrow
2019	הֲפַכְפַּךְ	ha.phakh.pakh	crooked
2020	הַצָּלָה	hats.tsa.lah	deliverance
2021	הֹ֫צֶן	ho.tsen	weapon
2022	הַר	har	mountain: mount
2023	הֹר	hor	(Mount) Hor
2024	הָרָא	ha.ra	Hara
2025	הַרְאֵל	har.el	altar
2026	הָרַג	ha.rag	to kill
2027	הֶ֫רֶג	he.reg	slaughter
2028	הֲרֵגָה	ha.re.gah	slaughter
2029	הָרָה	ha.rah	to conceive
2030	הָרָה	ha.rah	pregnant
2031	הַרְהֹר	har.hor	fantasies
2032	הֵרָיוֹן	he.ron	conception
2034	הֲרִיסָה	ha.ri.sah	ruins
2035	הֲרִיסוּת	ha.ri.sut	ruins
2036	הֹרָם	ho.ram	Horam
2037	הָרֻם	ha.rum	Harum
2038	הַרְמוֹן	har.mon	Harmon
2039	הָרָן	ha.ran	Haran
2040	הָרַס	ha.ras	to overthrow
2043	הֲרָרִי	ha.ra.ri	Hararite
2045	הַשְׁמָעוּת	hash.ma.ut	report
2046	הִתּוּךְ	hit.tukh	melting
2047	הֲתָךְ	ha.takh	Hathach
2048	הָתַל	ha.tal	to mock
2049	הֲתֻלִֿים	ha.tol	mockery
2050	הוּת	ha.tat	to plot
2051	וְדָן	ve.dan	casks
2052	וָהֵב	va.hev	Waheb
2053	וָו	vav	hook
2054	וָזָר	va.zar	guilty
2055	וַיְזָתָא	vay.za.ta	Vaizatha
2056	וָלָד	va.lad	child
2057	וַנְיָה	van.yah	Vaniah
2058	וׇפְסִי	voph.si	Vophsi
2060	וַשְׁתִּי	vash.ti	Vashti
2061	זְאֵב	ze.ev	wolf
2062	זְאֵב	ze.ev	Zeeb
2063	זֹאת	zot	this
2064	זָבַד	za.vad	to endow
2065	זֶ֫בֶד	ze.ved	dowry
2066	זָבָד	za.vad	Zabad
2067	זַבְדִּי	zav.di	Zabdi
2068	זַבְדִּיאֵל	zav.di.el	Zabdiel
2069	זְבַדְיָהוּ	ze.vad.yah	Zebadiah
2070	זְבוּב	ze.vuv	fly
2071	זָבוּד	za.vud	Zabud
2073	זְבֻל	ze.vul	elevation
2074	זְבוּלֻן	ze.vu.lun	Zebulun
2076	דְּבַח	de.vach	to sacrifice
2077	זֶ֫בַח	ze.vach	sacrifice
2078	זֶ֫בַח	ze.vach	Zebah
2079	זַבַּי	zab.bay	Zabbai
2080	זְבוּדָה	ze.vi.dah	Zebidah
2081	זְבִינָא	ze.vi.na	Zebina
2082	זָבַל	za.val	to honour
2083	זְבֻל	ze.vul	Zebul
2085	זָג	zag	skin
2086	זֵד	zed	arrogant
2087	זָדוֹן	za.don	arrogance
2088	דִּי	di	that
2090	זֹה	zoh	this
2091	דְּהַב	de.hav	gold
2092	זָהַם	za.ham	to loathe
2093	זָ֑הַם	za.ham	Zaham
2094	זָהַר	za.har	to shine
2096	זֹ֫הַר	zo.har	brightness
2097	זוֹ	zo	this
2098	זוּ	zu	this
2099	זִו	ziv	Ziv
2100	זוּב	zuv	to flow: flowing
2101	זוֹב	zov	discharge
2102	זִיד	zud	to boil
2104	זוּזִים	zu.zim	Zuzim
2105	זוֹחֵת	zo.chet	Zoheth
2106	זָוִית	za.vit	corner
2107	זוּל	zul	to lavish/despise
2108	זוּלָה	zu.lah	exception
2109	זוּן	zun	to feed
2111	זוּעַ	zu.a	to tremble
2113	זְוָעָה	ze.va.ah	trembling
2114	זוּר	zur	be a stranger
2115	זוּר	zur	to crush
2116	זוּרֶה	zu.reh	crushed
2117	זָזָא	za.za	Zaza
2118	זָחַח	za.chach	to remove
2119	דְּחַל	de.chal	to fear
2121	זֵידוֹן	ze.don	raging
2122	זִיו	ziv	splendor
2123	זִיז	ziz	creature
2124	זִיזָא	zi.za	Ziza
2126	זִיזָה	zi.zah	Zizah
2127	זִיעַ	zi.a	Zia
2128	זִיף	ziph	Ziph
2129	זִיפָה	zi.phah	Ziphah
2131	זֵק	zi.qah	missile
2132	זַ֫יִת	za.yit	(Mount of) Olives
2133	זֵיתָן	ze.tan	Zethan
2134	זַךְ	zakh	pure
2135	זָכָה	za.khah	to clean
2136	זָכוּ	za.khu	innocence
2137	זְכוּכִית	ze.khu.khit	glass
2138	זָכוּר	za.khur	male
2139	זַבּוּד	za.bud	Zabud
2140	זַכַּי	zak.kay	Zaccai
2141	זָכַךְ	za.khakh	be clean
2142	זָכַר	za.khar	to remember
2143	זֵ֫כֶר	ze.kher	memorial
2144	זֶ֫כֶר	ze.kher	Zecher
2145	זָכָר	za.khar	male
2146	דִּכְרוֹן	dikh.ron	record
2147	זַבְדִּי	zav.di	Zabdi
2148	זְכַרְיָהוּ	ze.khar.yah	Zechariah
2149	זֻלּוּת	zul.lut	vileness
2150	זַלְזַל	zal.zal	tendril
2151	זָלַל	za.lal	to shake
2152	זַלְעָפָה	zal.a.phah	scorching
2153	זִלְפָּה	zil.pah	Zilpah
2154	זִמָּה	zim.mah	wickedness
2155	זִמָּה	zim.mah	Zimmah
2156	זְמוֹרָה	ze.mo.rah	branch
2158	זָמִיר	za.mir	song
2159	זָמִיר	za.mir	branch
2160	זְמִירָה	ze.mi.rah	Zemirah
2161	זָמַם	za.mam	to plan
2162	זָמָם	za.mam	plan
2163	זָמַן	za.man	to appoint
2165	זְמָ֑ן	ze.man	time
2167	זָמַר	za.mar	to sing
2168	זָמַר	za.mar	to prune
2169	זֶ֫מֶר	ze.mer	mountain goat
2171	זַמָּר	zam.mar	singer
2172	זִמְרָה	zim.rah	melody
2173	זִמְרָה	zim.rah	best
2174	זִמְרִי	zim.ri	Zimri
2175	זִמְרָן	zim.ran	Zimran
2176	זִמְרָת	zim.rat	song
2177	זַן	zan	kind
2179	זָנַב	za.nav	to cut off the tail
2180	זָנָב	za.nav	tail
2181	זָנָה	za.nah	to fornicate
2182	זָנוֹחַ	za.no.ach	Zanoah
2183	זְנוּנִים	za.nun	fornication
2184	זְנוּת	ze.nut	fornication
2185	זֹנוֹת	zo.not	prostitute
2186	זָנַח	za.nach	to reject
2187	זָנַק	za.naq	to leap
2188	זֵעָה	ze.ah	sweat
2189	זַעֲוָה	za.a.vah	horror
2190	זַעֲוָן	za.a.van	Zaavan
2191	זְעֵיר	ze.er	little
2193	זָעַךְ	za.akh	to extinguish
2194	זָעַם	za.am	be indignant
2195	זַ֫עַם	za.am	indignation
2196	זָעַף	za.aph	to enrage
2197	זַ֫עַף	za.aph	rage
2198	זָעֵף	za.eph	vexed
2199	זָעַק	za.aq	to cry out
2201	זְעָקָה	ze.a.qah	outcry
2202	זִפְרֹן	ziph.ron	Ziphron
2203	זֶ֫פֶת	ze.phet	pitch
2204	זָקֵן	za.qen	be old
2205	זָקֵן	za.qen	old: elder
2206	זָקָן	za.qan	beard
2207	זֹ֫קֶן	zo.qen	old age
2208	זְקֻנִים	za.qun	extreme age
2209	זִקְנָה	ziq.nah	old age
2210	זָקַף	za.qaph	to raise
2212	זָקַק	za.qaq	to refine
2213	זֵר	zer	border
2214	זָרָא	za.ra	loathsome
2215	זָרַב	za.rav	to burn
2216	זְרֻבָּבֶ֫ל	ze.rub.ba.vel	Zerubbabel
2218	זֶ֫רֶד	ze.red	Zered
2219	זָרָה	za.rah	to scatter
2220	אֶדְרַע	ed.ra	force
2221	זֵרוּעַ	ze.ru.a	sowing
2222	זָרַף	za.raph	to drip
2223	זַרְזִיר	zar.zir	greyhound
2224	זָרַח	za.rach	to rise
2225	זֶ֫רַח	ze.rach	dawning
2226	זֶ֫רַח	ze.rach	Zerah
2228	אֲחִיטוּב	a.chi.tuv	Ahitub
2229	זָרַם	za.ram	to flood
2230	זֶ֫רֶם	ze.rem	storm
2231	זִרְמָה	zir.mah	discharge
2232	זָרַע	za.ra	to sow
2233	זֶ֫רַע	ze.ra	seed
2235	זֵרֹעַ	ze.ro.a	vegetable
2236	זָרַק	za.raq	to scatter
2237	זָרַר	za.rar	to sneeze
2238	זֶ֫רֶשׁ	ze.resh	Zeresh
2239	זֶ֫רֶת	ze.ret	span
2240	זַתּוּא	zat.tu	Zattu
2241	זֵתָם	ze.tam	Zetham
2242	זֵתַר	ze.tar	Zethar
2243	חֹב	chov	breast
2244	חָבָא	cha.va	to hide
2245	חָבַב	cha.vav	to love
2246	חֹבָב	cho.vav	Hobab
2247	חָבָה	cha.vah	to hide
2249	חָבוֹר	cha.vor	Habor
2250	חֲבוּלָא	cha.vu.lah	crime
2251	חָבַט	cha.vat	to beat
2252	חֲבַיָה	cha.vay.yah	Habaiah
2253	חֶבְיוֹן	chev.yon	hiding
2254	חָבַל	cha.val	to pledge
2256	חֵ֫בֶל	che.vel	pain
2257	חֲבָל	cha.val	harm
2258	חֲבֹל	cha.vol	pledge
2259	חֹבֵל	cho.vel	pilot
2260	חִבֵּל	chib.bel	mast
2261	חֲבַצֶּלֶת	cha.vats.tse.let	crocus
2262	חֲבַצִּנְיָה	cha.vats.tsan.yah	Habazziniah
2263	חָבַק	cha.vaq	to embrace
2264	חִבֻּק	chib.buq	folding
2265	חֲבַקּוּק	cha.vaq.quq	Habakkuk
2266	חָבַר	cha.var	to unite
2267	חֶ֫בֶר	che.ver	spell
2268	חֶ֫בֶר	che.ver	Heber
2270	חֲבַר	cha.var	fellow
2271	חַבָּר	chab.bar	associate
2272	חֲבַרְבֻּרָה	cha.var.bu.rah	spot
2274	חֶבְרָה	chev.rah	company
2275	חֶבְרוֹן	chev.ron	Hebron
2278	חֲבֶ֫רֶת	cha.ve.ret	consort
2279	חֹבֶ֫רֶת	cho.ve.ret	set
2280	חָבַשׁ	cha.vash	to saddle/tie
2281	חֲבִתִּים	cha.vet	flatbread
2282	חַג	chag	feast
2283	חָגָּא	cha.ga	terror
2284	חָגָב	cha.gav	locust
2285	חָגָב	cha.gav	Hagab
2286	חֲגָבָא	cha.ga.va	Hagaba
2287	חָגַג	cha.gag	to celebrate
2288	חֲגָוִים	cha.gav	cleft
2289	חָגוֹר	cha.gor	belted
2290	חֲגוֹר	cha.gor	belt
2291	חַגִּי	chag.gi	Haggi
2292	חַגַּי	chag.gay	Haggai
2293	חַגִּיָּה	chag.giy.yah	Haggiah
2294	חַגִּית	chag.git	Haggith
2295	חׇגְלָה	chog.lah	Hoglah
2296	חָגַר	cha.gar	to gird
2297	חַד	chad	one
2299	חַד	chad	sharp
2300	חָדַד	cha.dad	be sharp
2301	חֲדַד	cha.dad	Hadad
2302	חָדָה	cha.dah	to rejoice
2303	חַדּוּד	chad.dud	point
2304	חֶדְוָה	ched.vah	joy
2307	חָדִיד	cha.did	Hadid
2308	חָדַל	cha.dal	to cease
2309	חֶ֫דֶל	che.del	world
2310	חָדֵל	cha.del	rejected/fleeting
2311	חַדְלָ֑י	chad.lay	Hadlai
2312	חֵ֫דֶק	che.deq	briar
2313	חִדֶּ֫קֶל	chid.de.qel	Tigris
2314	חָדַר	cha.dar	to surround
2315	חֶ֫דֶר	che.der	chamber
2316	חֲדַר	cha.dar	Hadad
2317	חַדְרָ֔ךְ	chad.rakh	Hadrach
2318	חָדַשׁ	cha.dash	to renew
2319	חָדָשׁ	cha.dash	New (Gate)
2320	חֹ֫דֶשׁ	cho.desh	month
2321	חֹ֫דֶשׁ	cho.desh	Hodesh
2322	חֲדָשָׁה	cha.da.shah	Hadashah
2325	חוּב	chuv	to endanger
2326	חוֹב	chov	debtor
2327	חוֹבָה	cho.vah	Hobah
2328	חוּג	chug	to mark
2329	חוּג	chug	circle
2330	חוּד	chud	to riddle
2331	חֲוָה	cha.vah	to show
2332	חַוָּה	chav.vah	Eve
2333	חַוָּה	chav.vah	village
2334	חַוּוֹת יָעִיר	chau.vot ya.ir	Havvoth-jair
2335	חוֹזַי	cho.zay	seer
2336	חוֹחַ	cho.ach	thistle
2338	חוּט	chut	to repair
2339	חוּט	chut	thread
2340	חִוִּי	chiv.vi	Hivite
2341	חֲוִילָה	cha.vi.lah	Havilah
2342	חוּל	chul	to twist: tremble
2343	חוּל	chul	Hul
2344	חוֹל	chol	sand
2345	חוּם	chum	darkened
2346	חוֹמָה	cho.mah	wall
2347	חוּס	chus	to pity
2348	חוֹף	choph	coast
2351	חוּץ	chuts	outside
2352	חֻר	chur	cavern
2353	חוּר	chur	white
2354	חוּר	chur	Hur
2355	חוֹרָ֑י	chor	white cloth
2356	חֹר	chor	hole
2357	חָוַר	cha.var	to pale
2358	חִוָּר	chiv.var	white
2359	חוּרִי	chu.ri	Huri
2362	חַוְרָן	chav.ran	Hauran
2363	חוּשׁ	chush	to hasten
2364	חוּשָׁה	chu.shah	Hushah
2365	חוּשַׁי	chu.shay	Hushai
2366	חוּשִׁים	chu.shim	Hushim
2367	חֻשָׁם	chu.sham	Husham
2368	חֹתָם	cho.tam	signet
2369	הֶ֫לֶם	he.lem	Helem
2371	חֲזָהאֵל	cha.za.el	Hazael
2372	חֲזָה	cha.zah	to see
2373	חֲדִי	cha.di	breast
2374	חֹזֶה	cho.zeh	seer
2375	חֲזוֹ	cha.zo	Hazo
2377	חֱזוּ	che.zev	vision
2378	חָזוֹת	cha.zot	vision
2380	חָזוּת	cha.zut	vision
2381	חֲזִיאֵל	cha.zi.el	Haziel
2382	חֲזָיָה	cha.za.yah	Hazaiah
2383	חֶזְיוֹן	chez.yon	Hezion
2384	חִזָּיוֹן	chiz.za.von	vision
2385	חֲזִיז	cha.ziz	lightning
2386	חֲזִיר	cha.zir	swine
2387	חֵזִיר	che.zir	Hezir
2388	חָזַק	cha.zaq	to strengthen: strengthen
2389	חָזָק	cha.zaq	strong
2391	חֵ֫זֶק	che.zeq	strength
2392	חֹ֫זֶק	cho.zeq	strength
2393	חֶזְקָה	chez.qah	strength
2394	חׇזְקָה	choz.qah	force
2395	חִזְקִי	chiz.qi	Hizki
2396	חִזְקִיָּהוּ	chiz.qiy.yah	Hezekiah
2397	חַח	chach	hook
2398	חָטָא	cha.ta	to sin
2399	חֵטְא	chet	sin
2400	חַטָּא	chat.ta	sinner
2401	חֲטָאָה	cha.ta.ah	sin
2403	חַטָּאָה	chat.ta.ah	sin
2404	חָטַב	cha.tav	to chop
2405	חֲטֻבוֹת	cha.tu.vah	colored
2406	חִטָּה	chit.tah	wheat
2407	חַטּוּשׁ	chat.tush	Hattush
2410	חֲטִיטָא	cha.ti.ta	Hatita
2411	חַטִּיל	chat.til	Hattil
2412	חֲטִיפָא	cha.ti.pah	Hatipha
2413	חָטַם	cha.tam	to restrain
2414	חָטַף	cha.taph	to catch
2415	חֹטֵר	cho.ter	branch
2416	חַי	chay	alive
2419	חִיאֵל	chi.el	Hiel
2420	אֲחִידָה	a.chi.dah	riddle
2421	חֲיָא	cha.ya	to live
2422	חָיֶה	cha.yeh	vigorous
2424	חַיּוּת	chay.yut	living
2426	חֵל	chel	rampart
2427	חִיל	chil	agony
2428	אִישׁ־חַיִל	ish-cha.yil	hero
2431	חֵילָם	che.lam	Helam
2433	חִין	chin	beauty
2434	חַ֫יִץ	cha.yits	wall
2435	חִיצוֹן	chi.tson	outer
2436	חֵיק	cheq	bosom: embrace
2437	חִירָה	chi.rah	Hirah
2438	אָב	av	(Huram)-abi
2439	חִישׁ	chish	to haste
2440	חִישׁ	chish	quickly
2441	חֵךְ	chekh	palate
2442	חָכָה	cha.khah	to wait
2443	חַכָּה	chak.kah	hook
2444	חֲכִילָה	cha.khi.lah	Hachilah
2445	חַכִּים	chak.kim	wise
2446	חֲכַלְיָה	cha.khal.yah	Hacaliah
2447	חַכְלִילִי	chakh.lil	dull
2448	חַכְלִלוּת	chakh.li.lut	dullness
2449	חָכַם	cha.kham	be wise
2450	חָכָם	cha.kham	wise
2451	חׇכְמָה	chokh.mah	wisdom
2453	חַכְמוֹנִי	chakh.mo.ni	Hachmonite
2455	חֹל	chol	common
2456	חָלָא	cha.la	be sick
2457	חֶלְאָה	chel.ah	rust
2458	חֶלְאָה	chel.ah	Helah
2459	חֵ֫לֶב	che.lev	fat
2460	חֵ֫לֶב	che.lev	Heleb
2461	חָלָב	cha.lav	milk
2462	חֶלְבָּה	chel.bah	Helbah
2463	חֶלְבּוֹן	chel.bon	Helbon
2464	חֶלְבְּנָה	chel.be.nah	galbanum
2465	חֶ֫לֶד	che.led	lifetime/world
2467	חֹ֫לֶד	cho.led	weasel
2468	חֻלְדָּה	chul.dah	Huldah
2469	חֶלְדַּי	chel.day	Heldai
2470	חָלָה	cha.lah	be weak: weak
2471	חַלָּה	chal.lah	bun
2472	חֲלוֹם	cha.lom	dream
2473	חִילֵן	chi.len	Hilen
2474	חַלּוֹן	chal.lon	window
2475	חֲלוֹף	cha.loph	destruction
2476	חֲלוּשָׁה	cha.lu.shah	weakness
2477	חֲלַח	cha.lach	Halah
2478	חַלְחוּל	chal.chul	Halhul
2479	חַלְחָלָה	chal.cha.lah	anguish
2480	חָלַט	cha.lat	to catch
2481	חֲלִי	cha.li	ornament
2482	חֲלִי	cha.li	Hali
2483	חֳלִי	cho.li	sickness
2484	חֶלְיָה	chel.yah	jewelry
2485	חָלִיל	cha.lil	flute
2486	חָלִ֫ילָה	cha.li.lah	forbid
2487	חֲלִיפָה	cha.li.phah	change
2488	חֲלִיצָה	cha.li.tsah	spoil
2489	חֵֽלְכָה	che.le.kah	helpless
2490	חָלַל	cha.lal	to bore
2491	חָלָל	cha.lal	slain: killed
2492	חָלַם	cha.lam	be healthy
2495	חַלָּמוּת	chal.la.mut	mallow
2496	חַלָּמִישׁ	chal.la.mish	flint
2497	חֵלֹן	che.lon	Helon
2498	חָלַף	cha.laph	to pass
2500	חֵ֫לֶף	che.leph	for
2501	חֵ֫לֶף	che.leph	Heleph
2502	חָלַץ	cha.lats	to rescue
2503	חֶ֫לֶץ	che.lets	Helez
2504	חָלָץ	cha.lats	loin
2505	חָלַק	cha.laq	to divide
2506	חֵ֫לֶק	che.leq	portion
2507	חֵ֫לֶק	che.leq	Helek
2509	חָלָק	cha.laq	smooth
2510	חָלָק	cha.laq	(Mount) Halak
2511	חַלָּק	chal.laq	smooth
2512	חַלֻּק	chal.luq	smooth
2513	חֶלְקָה	chel.qah	portion
2514	חֲלַקָּה	cha.laq.qah	flattery
2515	חֲלֻקָּה	cha.luq.qah	division
2517	חֶלְקָ֑י	chel.qay	Helkai
2518	חִלְקִיָּהוּ	chil.qiy.yah	Hilkiah
2519	חֲלַקְלַקּוֹת	cha.laq.laq.qah	smoothness
2520	חֶלְקָת֙	chel.qat	Helkath
2521	חֶלְקַת הַצֻּרִים	chel.qat hats.tsu.rim	Helkath-hazzurim
2522	חָלַשׁ	cha.lash	to weaken
2523	חַלָּשׁ	chal.lash	weak
2524	חָם	cham	father-in-law
2525	חָם	cham	hot
2526	חָם	cham	Ham
2527	חֹם	chom	heat
2529	חֶמְאָה	chem.ah	curd
2530	חָמַד	cha.mad	to desire
2531	חֶ֫מֶד	che.med	delight
2532	חֶמְדָּה	chem.dah	desire
2533	חֶמְדָּן	chem.dan	Hemdan
2534	חֱמָא	che.ma	rage
2535	חַמָּה	cham.mah	heat
2536	חַמּוּאֵל	cham.mu.el	Hammuel
2537	חֲמוּטַל	cha.mu.tal	Hamutal
2538	חָמוּל	cha.mul	Hamul
2541	חָמוֹץ	cha.mots	oppression
2542	חַמּוּק	cham.muq	curve
2543	חֲמוֹר	cha.mor	donkey
2544	חֲמוֹר	cha.mor	Hamor
2545	חֲמוֹת	cha.mot	mother-in-law
2546	חֹ֫מֶט	cho.met	lizard
2547	חֻמְטָה	chum.tah	Humtah
2548	חָמִיץ	cha.mits	salted
2549	חֲמִישִׁי	cha.mi.shi	fifth
2550	חָמַל	cha.mal	to spare
2551	חֶמְלָה	chem.lah	compassion
2552	חָמַם	cha.mam	to warm
2553	חַמָּן	cham.man	pillar
2554	חָמַס	cha.mas	to injure
2555	חָמָס	cha.mas	violence
2556	חָמֵץ	cha.mets	to leaven
2557	חָמֵץ	cha.mets	leaven
2558	חֹ֫מֶץ	cho.mets	vinegar
2559	חָמַק	cha.maq	to turn away
2560	חָמַר	cha.mar	to aggitate
2561	חֶ֫מֶר	che.mer	wine
2563	חֹ֫מֶר	cho.mer	clay
2564	חֵמָר	che.mar	bitumen
2565	חֲמוֹר	cha.mo.rah	heap
2567	חָמַשׁ	cha.mash	to take the fifth part
2568	חָמֵשׁ	cha.mesh	five
2569	חֹ֫מֶשׁ	cho.mesh	fifth
2570	חֹ֫מֶשׁ	cho.mesh	belly
2571	חֲמֻשִׁים	cha.mush	armed
2572	חֲמִשִּׁים	cha.mish.shim	fifty
2573	חֵ֫מֶת	che.met	bottle
2574	לְב֥וֹא	bo	Lebo-(Hamath)
2575	חַמּוֹן	cham.mon	Hammon
2577	חֲמָתִי	cha.ma.ti	Hamathite
2580	חֵן	chen	favor
2582	חֵנָדָד	che.na.dad	Henadad
2583	חָנָה	cha.nah	to camp
2584	חַנָּה	chan.nah	Hannah
2585	חֲנוֹךְ	cha.nokh	Enoch
2586	חָנוּן	cha.nun	Hanun
2587	חַנּוּן	chan.nun	gracious
2588	חָנוּת	cha.nut	vault
2590	חָנַט	cha.nat	to spice
2592	חַנִּיאֵל	chan.ni.el	Hanniel
2593	חָנִיךְ	cha.nikh	trained
2594	חֲנִינָה	cha.ni.nah	favor
2595	חֲנִית	cha.nit	spear
2596	חָנַךְ	cha.nakh	to dedicate
2598	חֲנֻכָּה	cha.nuk.kah	dedication
2600	חִנָּם	chin.nam	for nothing
2601	חֲנַמְאֵל	cha.nam.el	Hanamel
2602	חֲנָמֵל	cha.na.mal	frost
2603	חַנּוֹת	chan.not	to entreat
2605	חָנָן	cha.nan	Hanan
2606	חֲנַנְאֵל	cha.nan.el	(Tower of) Hananel
2607	חֲנָנִי	cha.na.ni	Hanani
2608	חֲנַנְיָ֫הוּ	cha.nan.yah	Hananiah
2609	חָנֵס	cha.nes	Hanes
2610	חָנֵף	cha.neph	to pollute
2611	חָנֵף	cha.neph	profane
2612	חֹ֫נֶף	cho.neph	profaneness
2613	חֲנֻפָּה	cha.nu.phah	profaneness
2614	חָנַק	cha.naq	to strangle
2615	חַנָּתֹן	chan.na.ton	Hannathon
2616	חָסַד	cha.sad	be kind
2617	חֶ֫סֶד	che.sed	kindness
2618	חֶ֫סֶד	che.sed	Hesed
2619	חֲסַדְיָה	cha.sad.yah	Hasadiah
2620	חָסָה	cha.sah	to seek refuge
2621	חֹסָה	cho.sah	Hosah
2622	חָסוּת	cha.sut	refuge
2623	חָסִיד	cha.sid	pious
2624	חֲסִידָה	cha.si.dah	stork
2625	חָסִיל	cha.sil	locust
2626	חֲסִין	cha.sin	mighty
2627	חַסִּר	chas.sir	lacking
2628	חָסַל	cha.sal	to consume
2629	חָסַם	cha.sam	to muzzle
2630	חָסַן	cha.san	to hoard
2633	חֹ֫סֶן	cho.sen	wealth
2634	חָסֹן	cha.son	strong
2635	חֲסַף	cha.saph	clay
2636	חַסְפַּס	chas.pas	to peel
2637	חָסֵר	cha.ser	to lack
2638	חָסֵר	cha.ser	lacking
2639	חֶ֫סֶר	che.ser	poverty
2640	חֹ֫סֶר	cho.ser	lack
2642	חֶסְרוֹן	ches.ron	deficiency
2643	חַף	chaph	clean
2644	חָפָא	cha.pah	to do secretly
2645	חָפָה	cha.phah	to cover
2646	חֻפָּה	chup.pah	canopy
2647	חֻפָּה	chup.pah	Huppah
2648	חָפַז	cha.phaz	to hurry
2649	חִפָּזוֹן	chip.pa.zon	haste
2650	חוּפָם	chu.pham	Hupham
2651	חֹ֫פֶן	cho.phen	palm
2652	חׇפְנִי	choph.ni	Hophni
2653	חׇפַף	cho.phaph	to shield
2654	חָפֵץ	cha.phets	to delight in
2655	חָפֵץ	cha.phets	delighting
2656	חֵ֫פֶץ	che.phets	pleasure
2657	חֶפְצִי־בָהּ	cheph.tsi bah	Hephzibah
2658	חָפַר	cha.phar	to search
2659	חָפֵר	cha.pher	be ashamed
2660	חֵ֫פֶר	che.pher	Hepher
2661	חֲפֹר	cha.phor	mole
2664	חָפַשׂ	cha.pha.s	to search
2665	חֵ֫פֶשׂ	che.phe.s	plot
2666	חָפַשׁ	cha.phash	be free
2667	חֹ֫פֶשׁ	cho.phesh	spread
2668	חֻפְֿשָׁה	chuph.shah	freedom
2669	חׇפְשִׁית	choph.shut	freedom
2670	חׇפְשִׁי	choph.shi	free
2671	חֵץ	chets	arrow
2672	חָצַב	cha.tsav	to hew
2673	חָצָה	cha.tsah	to divide
2674	חָצוֹר	cha.tsor	Hazor
2675	חָצוֹר חֲדַתָּה	cha.tsor cha.dat.tah	Hazor-hadattah
2676	חָצוֹת	cha.tsot	middle
2677	חֲצִי	che.tsi	half
2678	חֵ֫צִי	chits.tsi	arrow
2681	חָצִיר	cha.tsir	abode
2682	חָצִיר	cha.tsir	grass
2683	חֵ֫צֶן	che.tsen	bosom
2684	חֹ֫צֶן	cho.tsen	bosom
2685	חֲצַף	cha.tsaph	be hasty
2686	חָצַץ	cha.tsats	to divide
2687	חָצָץ	cha.tsats	gravel
2689	חֲצֹצְרָה	cha.tso.tse.rah	trumpet
2690	חָצַר	cha.tsar	to blow
2691	חָצֵר	cha.tser	court
2692	חֲצַר־אַדָּר	cha.tsar ad.dar	Hazar-addar
2693	חֲצַר גַּדָּה	cha.tsar gad.dah	Hazar-gaddah
2694	חֲצַר הַתִּיכוֹן	cha.tsar hat.ti.khon	Hazer-hatticon
2695	חֶצְרוֹ	chets.ro	Hezro
2696	חֶצְרוֹן	chets.ron	Hezron
2698	חֲצֵרוֹת	cha.tse.rot	Hazeroth
2699	חֲצֵרִים	cha.tse.rim	villages
2700	חֲצַרְמָ֫וֶת	cha.tsar.ma.vet	Hazarmaveth
2701	חֲצַר סוּסָה	cha.tsar su.sah	Hazar-susah
2702	חֲצַר סוּסִים	cha.tsar su.sim	Hazar-susim
2704	חֲצַר עֵינָן	cha.tsar e.non	Hazar-enan
2705	חֲצַר שׁוּעָל	cha.tsar shu.al	Hazar-shual
2706	חֹק	choq	statute: decree
2707	חָקָה	cha.qah	to engrave
2708	חֻקָּה	chuq.qah	statute
2709	חֲקוּפָא	cha.qu.pah	Hakupha
2710	חָקַק	cha.qaq	to decree
2712	חֻקֹֿק	chuq.qoq	Hukkok
2713	חָקַר	cha.qar	to search
2714	חֵ֫קֶר	che.qer	search
2715	חֹר	chor	noble
2716	חֶרֶא	che.re	dung
2717	חָרֵב	cha.rev	to dry
2719	חֶ֫רֶב	che.rev	sword
2720	חָרֵב	cha.rev	dry
2721	חֹ֫רֶב	cho.rev	drought
2723	חׇרְבָּה	chor.bah	desolation
2724	חָֽרָבָה	cha.ra.vah	dry ground
2725	חֵרָבוֹן	cha.ra.von	drought
2726	חַרְבוֹנָא	char.vo.na	Harbona
2727	חָרַג	cha.rag	to quake
2728	חָרְגֹּל	cha.re.gol	locust
2729	חָרַד	cha.rad	to tremble
2730	חָרֵד	cha.red	trembling
2731	חֲרָדָה	cha.ra.dah	trembling
2732	חֲרָדָה	cha.ra.dah	Haradah
2734	חָרָה	cha.rah	to be incensed
2735	גֻּדְגֹּ֫דָה	gud.go.dah	Gudgodah
2736	חַרְחֲיָה	char.ha.yah	Harhaiah
2737	חָרוּז	cha.ruz	string
2738	חָרוּל	cha.rul	nettle
2739	חֲרוּמַף	cha.ru.maph	Harumaph
2740	חָרוֹן	cha.ron	burning anger
2741	חֲרִיפִי	cha.ru.phi	Haruphite
2742	חָרוּץ	cha.ruts	sharp
2743	חָרוּץ	cha.ruts	Haruz
2744	חַרְחוּר	char.chur	Harhur
2745	חַסְרָה	chas.rah	Hasrah
2746	חַרְחֻר	char.chur	heat
2747	חֶ֫רֶט	che.ret	stylus
2748	חַרְטֹם	char.tom	magician
2750	חֳרִי	cho.ri	burning
2751	חֹרִי	cho.ri	white
2753	חֹרִי	cho.ri	Horite
2754	חָרִיט	cha.rit	purse
2755	חֲרֵי־יוֹנִים	cha.re-yo.nim	dove-dung
2756	חָרִיף	cha.riph	Hariph
2757	חָרִיץ	cha.rits	incision
2758	חָרִישׁ	cha.rish	plowing
2759	חֲרִישִׁי	cha.ri.shi	scorching
2760	חָרַךְ	cha.rakh	to roast
2762	חֲרַכִּים	che.rekh	lattice
2763	חָרַם	cha.ram	to devote/destroy
2764	חֵ֫רֶם	che.rem	devoted thing
2765	חֳרֵם	cho.rem	Horem
2766	חָרִם	cha.rim	Harim
2768	בַּ֫עַל גָּד	ba.al gad	Baal-gad
2770	חֶרְמֵשׁ	cher.mesh	sickle
2771	חָרָן	cha.ran	Haran
2772	חֹרֹנִי	cho.ro.ni	Horonite
2773	חֹרֹנַיִם	cho.ro.na.yim	Horonaim
2774	חַרְנֶ֫פֶר	char.ne.pher	Harnepher
2775	חֶ֫רֶס	che.res	sun
2776	חֶ֫רֶס	che.res	Heres
2777	חֲרָסוּת	char.sut	Potsherd (Gate)
2778	חָרַף	cha.raph	to taunt
2779	חֹ֫רֶף	cho.reph	autumn
2780	חָרֵף	cha.reph	Hareph
2781	חֶרְפָּה	cher.pah	reproach
2782	חָרַץ	cha.rats	to decide
2783	חֲרַץ	cha.rats	loin
2784	חַרְצֻבָּה	char.tsub.bah	bond
2785	חַרְצַנִּים	char.tsan	pip
2786	חָרַק	cha.raq	to grind
2787	חֲרַךְ	cha.rakh	to singe
2788	חָרֵר	cha.rer	parched
2789	חֶ֫רֶשׂ	che.re.s	earthenware
2790	חָרַשׁ	cha.rash	to plow/plot
2791	חֶ֫רֶשׁ	che.resh	silently
2792	חֶ֫רֶשׁ	che.resh	Heresh
2793	חֹ֫רֶשׁ	cho.resh	Horesh
2794	חֹרֵשׁ	cho.resh	artificer
2795	חֵרֵשׁ	che.resh	deaf
2796	חָרָשׁ, חֲרָשִׁים	cha.rash	artificer
2797	חַרְשָׁא	char.sah	Harsha
2799	חֲרֹ֫שֶׁת	cha.ro.shet	carving
2800	גּוֹי	goy	(Harosheth)-hagoyim
2801	חָרַת	cha.rat	to engrave
2802	חֶרֶת	che.ret	Hereth
2803	חָשַׁב	cha.shav	to devise: design
2805	חֵ֫שֶׁב	che.shev	artwork
2806	חַשְׁבַּדָּנָה	chash.bad.da.nah	Hashbaddanah
2807	חֲשֻׁבָה	cha.shu.vah	Hashubah
2808	חֶשְׁבּוֹן	chesh.bon	explanation
2809	חֶשְׁבּוֹן	chesh.bon	Heshbon
2810	חִשָּׁבוֹן	chish.sha.von	invention
2811	חֲשַׁבְיָ֫הוּ	cha.shav.yah	Hashabiah
2812	חֲשַׁבְנָה	cha.shav.nah	Hashabnah
2813	חֲשַׁבְנְיָה	cha.shav.ne.yah	Hashabneiah
2814	חָשָׁה	cha.shah	be silent
2815	חַשּׁוּב	chash.shuv	Hasshub
2817	חֲשׂוּפָא	cha.su.pah	Hasupha
2818	חֲשַׁח	cha.shach	to need
2819	חַשְׁחוּ	chash.chut	requirement
2820	חָשַׂךְ	cha.sakh	to withhold
2821	חָשַׁךְ	cha.shakh	to darken
2822	חֹ֫שֶׁךְ	cho.shekh	darkness
2823	חָשֹׁךְ	cha.shokh	obscure
2825	חֶשְׁכָה	chesh.khah	dark
2826	חָשַׁל	cha.shal	be feeble
2828	חָשֻׁם	cha.shum	Hashum
2829	חֶשְׁמוֹן	chesh.mon	Heshmon
2830	חַשְׁמַל	chash.mal	amber
2831	חַשְׁמַן	chash.man	ambassador
2832	חַשְׁמֹנָה	chash.mo.nah	Hashmonah
2833	חֹ֫שֶׁן	cho.shen	breastpiece
2834	חָשַׂף	cha.saph	to strip
2835	חָשִׂף	cha.siph	little flock
2836	חָשַׁק	cha.shaq	to desire
2837	חֵ֫שֶׁק	che.sheq	desire
2838	חָשׁוּק	cha.shuq	ring
2839	חִשֻּׁק	chish.shuq	spoke
2840	חִשֻּׁר	chish.shur	hub
2841	חַשְׁרָה	chash.rah	collection
2842	חֲשַׁשׁ	cha.shash	chaff
2843	חֻשָׁתִי	chu.sha.ti	Hushathite
2844	חַת	chat	terror
2845	חֵת	chet	Heth
2846	חָתָה	cha.tah	to snatch up
2847	חִתָּה	chit.tah	terror
2848	חִתּוּל	chit.tul	bandage
2849	חַתְחַת	chat.chat	terror
2851	חִתִּית	chit.tit	terror
2852	חָתַךְ	cha.takh	to determine
2853	חָתַל	cha.tal	to entwine
2854	חֲתֻלָּה	cha.tul.lah	swaddling
2855	חֶתְלֹן	chet.lon	Hethlon
2856	חָתַם	cha.tam	to seal
2858	חֹתֶ֫מֶת	cho.te.met	ring
2859	חֹתֵן	cho.ten	relative
2860	חָתָן	cha.tan	son-in-law
2861	חֲתֻנָּה	cha.tun.nah	marriage
2862	חָתַף	cha.taph	to seize
2863	חֶ֫תֶף	che.teph	robber
2864	חָתַר	cha.tar	to dig
2865	חָתַת	cha.tat	to to be dismayed
2866	חֲתַת	cha.tat	terror
2867	חֲתַת	cha.tat	Hathath
2870	טָֽבְאֵל	ta.ve.el	Tabeel
2871	טְבוּל	ta.vul	turban
2872	טַבּוּר	tab.bur	highest
2873	טָבַח	ta.vach	to slaughter
2874	טֶ֫בַח	te.vach	slaughter
2875	טֶ֫בַח	te.vach	Tebah
2876	טַבָּח	tab.bach	guard
2878	טִבְחָה	tiv.chah	slaughtered
2879	טַבָּחָה	tab.ba.chah	cook
2880	טִבְחַת	tiv.chat	Tibhath
2881	טָבַל	ta.val	to dip
2882	טְבַלְיָ֫הוּ	te.val.ya.hu	Tebaliah
2883	טָבַע	ta.va	to sink
2884	טַבָּעוֹת	tab.ba.ot	Tabbaoth
2885	טַבַּ֫עַת	tab.ba.at	ring
2886	טַבְרִמּוֹן	tav.rim.mon	Tabrimmon
2887	טֵבֶ֑ת	te.vet	Tebeth
2888	טַבָּ֑ת	tab.bat	Tabbath
2889	טָהוֹר	ta.hor	pure
2890	טְהוֹר	te.hor	pureness
2891	טָהֵר	ta.her	be pure
2892	טֹ֫הַר	to.har	purity
2893	טׇהֳרָה	to.ho.rah	purifying
2894	טֵאטֵא	tu	to sweep
2895	טוֹב	tov	be pleasing
2896	טָב	tav	fine
2897	אִישׁ־טוֹב	ish-tov	Ish-tob
2898	טוּב	tuv	goodness
2899	טוֹב אֲדֹנִיָּה	tov a.do.niy.yah	Tobadonijah
2900	טוֹבִיָּ֫הוּ	to.viy.yah	Tobijah
2901	טָוָה	ta.vah	to spin
2902	טוּחַ	tu.ach	to overspread
2903	טוֹטָפוֹת	to.pha.phah	phylacteries
2904	טוּל	tul	to cast
2905	טוּר	tur	row
2907	טוּשׂ	tu.s	to dart
2908	טְוָת	te.vat	fasting
2909	טָחָה	ta.chah	to shoot
2910	טֻחוֹת	tu.chah	inner parts
2911	טְחוֹן	te.chon	grinding
2912	טָחַן	ta.chan	to grind
2913	טַחֲנָה	ta.cha.nah	mill
2914	טְחֹר	te.chor	tumor
2915	טִיחַ	ti.ach	coating
2916	טִיט	tit	mud
2918	טִירָה	ti.rah	encampment
2919	טַל	tal	dew
2921	טָלָא	ta.la	to spot
2923	טְלָאִים	te.la.im	Telaim
2924	טְלָא	te.la	lamb
2925	טַלְטֵלָה	tal.te.lah	captivity
2926	טָלַל	ta.lal	to cover
2928	טֶ֫לֶם	te.lem	Telem
2929	טַלְמוֹן	tal.mon	Talmon
2930	טָמֵא	ta.me	to defile
2931	טָמֵא	ta.me	unclean
2932	טֻמְאָה	tum.ah	uncleanness
2933	טָמָה	ta.mah	to defile
2934	טָמַן	ta.man	to hide
2935	טֶ֫נֶא	te.ne	basket
2936	טָנַף	ta.naph	to soil
2937	טָעָה	ta.ah	to stray
2938	טָעַם	ta.am	to perceive
2940	טַ֫עַם	ta.am	taste
2943	טָעַן	ta.an	to load
2944	טָעַן	ta.an	to pierce
2945	טַף	taph	child
2946	טָפַח	ta.phach	to extend
2947	טֶ֫פַח	te.phach	handbreadth
2948	טֹ֫פַח	to.phach	handbreadth
2949	טִפֻּחִים	tip.puch	tender care
2950	טָפַל	ta.phal	to smear
2951	טִפְסָר	tiph.sar	official
2952	טָפַף	ta.phaph	to mince
2954	טָפַשׁ	ta.phash	be insensitive
2955	טָפַת	ta.phat	Taphath
2956	טָרַד	ta.rad	to pursue
2958	טְרוֹם	te.rom	before
2959	טָרַח	ta.rach	to burden
2960	טֹ֫רַח	to.rach	burden
2961	טָרִי	ta.ri	fresh
2962	טֶ֫רֶם	te.rem	before
2963	טָרַף	ta.raph	to tear
2964	טֶ֫רֶף	te.reph	prey
2965	טָרָף	ta.raph	fresh-plucked
2966	טְרֵפָה	te.re.phah	torn animal
2967	טַרְפְּלָיֵא	tar.pe.lay	officials
2968	יָאַב	ya.av	to long
2969	יָאָה	ya.ah	to befit
2970	יַאֲזַנְיָ֫הוּ	ya.a.zan.yah	Jaazaniah
2971	יָאִיר	ya.ir	Jair
2973	יָאַל	ya.al	be foolish
2974	יָאַל	ya.al	be willing
2975	יְאֹר	ye.or	Nile
2976	יָאַשׁ	ya.ash	to despair
2977	חֵן	chen	Hen
2978	אִיתוֹן	ye.i.ton	entrance
2979	אֶתְנִי	et.ni	Ethni
2980	יָבַב	ya.vav	to cry
2981	יְבוּל	ye.vul	crops
2983	יְבוּסִי	ye.vu.si	Jebusite
2984	יִבְחָר	yiv.char	Ibhar
2985	יָבִין	ya.vin	Jabin
2986	יָבַל	ya.val	to conduct
2988	יָבָל	ya.val	stream
2989	יָבָל	ya.val	Jabal
2990	יַבָּל	yab.bel	running
2991	בִּלְעָם	bil.am	Bileam
2992	יָבַם	ya.vam	be brother-in-law
2993	יָבָם	ya.vam	brother-in-law
2994	יְבֵ֫מֶת	ye.ve.met	sister-in-law
2995	יַבְנְאֵל	yav.ne.el	Jabneel
2997	יִבְנְיָה	yiv.ne.yah	Ibneiah
2998	יִבְנִיָּה	yiv.niy.yah	Ibnijah
2999	יַבֹּק	yab.boq	Jabbok
3000	יְבֶרֶכְיָ֫הוּ	ye.ve.rekh.ya.hu	Jeberechiah
3001	יָבֵשׁ	ya.vesh	to wither
3002	יָבֵשׁ	ya.vesh	dry
3003	גִּלְעָד	gil.ad	(Jabesh)-gilead
3004	יַבָּשָׁה	yab.ba.shah	dry land
3005	יִבְשָׂם	yiv.sam	Ibsam
3008	יִגְאָל	yig.al	Igal
3009	יָגַב	ya.gav	to till
3010	יָגֵב	ya.gev	field
3011	יׇגְבְּהָה	yog.be.hah	Jogbehah
3012	יִגְדַּלְיָ֫הוּ	yig.dal.ya.hu	Igdaliah
3013	יָגָה	ya.gah	to suffer
3014	יָגָה	ya.gah	to thrust away
3015	יָגוֹן	ya.gon	sorrow
3016	יָגוֹר	ya.gor	fearing
3017	יָגוּר	ya.gur	Jagur
3018	יְגִיעַ	ye.gi.a	toil
3019	יָגִיעַ	ya.gi.a	weary
3020	יׇגְלִי	yog.li	Jogli
3021	יָגֵעַ	ya.ga	be weary/toil
3022	יָגָע	ya.ga	toil
3023	יָגֵעַ	ya.ge.a	weary
3024	יְגִעָה	ye.gi.ah	weariness
3025	יָגֹר	ya.gor	to fear
3027	יָד	yad	hand
3030	יִדְאֲלָה	yid.a.lah	Idalah
3031	יִדְבָּשׁ	yid.bash	Idbash
3032	יָדַד	ya.dad	to cast a lot
3033	יְדִדוּת	ye.di.dut	beloved
3034	יְדָא	ye.da	to praise
3035	יִדּוֹ	yid.do	Iddo
3036	יָדוֹן	ya.don	Jadon
3037	יַדּוּעַ	yad.du.a	Jaddua
3038	אֵיתָן	e.tan	Ethan
3039	יָדִיד	ye.did	beloved
3040	יְדִידָה	ye.di.dah	Jedidah
3042	יְדָיָה	ye.da.yah	Jedaiah
3043	יְדִיעֲאֵל	ye.di.a.el	Jediael
3044	יִדְלָ֑ף	yid.laph	Jidlaph
3045	יָדַע	ya.da	to know
3047	יָדָע	ya.da	Jada
3048	יְדַעְיָה	ye.da.yah	Jedaiah
3049	יִדְּעֹנִי	yid.d.o.ni	spiritist
3051	יָהַב	ya.hav	to give
3053	יְהָב	ye.hav	burden
3054	יָהַד	ya.had	to become a Jew
3055	יְהֻד	ye.hud	Jehud
3056	יַהְדַּי	yeh.day	Jahdai
3057	יְהֻדִיָּה	ye.hu.diy.yah	Judahite wife
3058	יֵהוּא	ye.hu	Jehu
3059	יְהוֹאָחָז	ye.ho.a.chaz	Jehoahaz
3063	יְהוּד	ye.hud	Judah
3064	יְהוּדַי	ye.hu.da.i	Jew
3065	יְהוּדִי	ye.hu.di	Jehudi
3066	יְהוּדִית	ye.hu.dit	Jewish
3067	יְהוּדִית	ye.hu.dit	Judith
3068	אֲדֹנָי	a.do.nai	Lord
3075	יְהוֹזָבָד	ye.ho.za.vad	Jehozabad
3076	יְהוֹחָנָן	ye.ho.cha.nan	Johanan
3077	יְהוֹיָדָע	ye.ho.ya.da	Jehoiada
3078	יְהוֹיָכִין	ye.ho.ya.khin	Jehoiachin
3079	אֶלְיָקִים	el.ya.qim	Eliakim
3080	יְהוֹיָרִיב	ye.ho.ya.riv	Jehoiarib
3081	יְהוּכַל	ye.hu.khal	Jehucal
3082	יְהוֹנָדָב	ye.ho.na.dav	Jonadab
3083	יְהוֹנָתָן	ye.ho.na.tan	Jonathan
3085	יְהוֹעַדָּה	ye.ho.ad.dah	Jehoaddah
3086	יְהוֹעַדָּן	ye.ho.ad.din	Jehoaddan
3087	יְהוֹצָדָק	ye.ho.tsa.daq	Jehozadak
3088	יְהוֹרָם	ye.ho.ram	Jehoram
3089	יְהוֹשֶׁבַע	ye.ho.she.va	Jehosheba
3091	הוֹשֵׁעַ	ho.she.a	Hoshea
3092	יְהוֹשָׁפָט	ye.ho.sha.phat	Jehoshaphat
3093	יָהִיר	ya.hir	proud
3094	יְהַלֶּלְאֵל	ye.hal.lel.el	Jehallelel
3095	יַהֲלֹם	ya.ha.lom	jasper
3096	יַ֫הַץה	ya.hats	Jahaz
3097	יוֹאָב	yo.av	Joab
3098	אֵיתָן	e.tan	Ethan
3099	יוֹאָחָז	yo.a.chaz	Joahaz
3100	וַשְׁנִי	vash.ni	`second`
3101	יְהוֹאָשׁ	ye.ho.ash	Jehoash
3103	יוֹבָב	yo.vav	Jobab
3104	יוֹבֵל	yo.vel	jubilee/horn
3105	יוּבַל	yu.val	stream
3106	יוּבָ֑ל	yu.val	Jubal
3107	יוֹזָבָד	yo.za.vad	Jozabad
3108	זָבָד	za.vad	Zabad
3109	יוֹחָא	yo.ach	Joha
3110	יוֹחָנָן	yo.cha.nan	Johanan
3111	יוֹיָדָע	yo.ya.da	Joiada
3113	יוֹיָקִים	yo.ya.qim	Joiakim
3114	יְהוֹיָרִיב	ye.ho.ya.riv	Jehoiarib
3115	יוֹכֶ֫בֶד	yo.khe.ved	Jochebed
3117	יוֹם	yom	day
3119	יוֹמָם	yo.mam	by day
3120	יָוָן	ya.van	Javan
3121	יָוֵן	ya.ven	mire
3122	יְהוֹנָדָב	ye.ho.na.dav	Jonadab
3123	יוֹנָה	yo.nah	dove
3124	יוֹנָה	yo.nah	Jonah
3126	יוֹנֵק	yo.neq	sapling
3127	יוֹנֶ֫קֶת	yo.ne.qet	shoot
3128	יוֹנַת אֵלֶם רְחֹקִים	yo.nat e.lem re.cho.qim	Dove on Far-off Terebinths
3129	יוֹנָתָן	yo.na.tan	Jonathan
3130	יְהוֹסֵף	ye.ho.seph	Joseph
3131	יוֹסִפְיָה	yo.siph.yah	Josiphiah
3132	יוֹעֵאלָה	yo.e.lah	Joelah
3133	יוֹעֵד	yo.ed	Joed
3134	יוֹעֶ֫זֶר	yo.e.zer	Joezer
3135	יוֹעָשׁ	yo.ash	Joash
3136	יוֹצָדָק	yo.tsa.daq	Jozadak
3137	יוֹקִים	yo.qim	Jokim
3138	יוֹרֶה	yo.reh	autumn rain
3139	חָרִיף	cha.riph	Hariph
3140	יוֹרַי	yo.ray	Jorai
3141	הֲדוֹרָם	ha.do.ram	Hadoram
3142	י֥וּשַׁב חֶ֖סֶד	yu.shav che.sed	Jushab-hesed
3143	יוֹשִׁבְיָה	yo.shiv.yah	Joshibiah
3144	יוֹשָׁה	yo.shah	Joshah
3145	יוֹשַׁוְיָה	yo.shav.yah	Joshaviah
3146	יוֹשָׁפָט	yo.sha.phat	Joshaphat
3147	יוֹתָם	yo.tam	Jotham
3148	יוֹתֵר	yo.ter	advantage
3149	יְזִיאֵל	ye.zav.el	Jeziel
3150	יִזִּיָּה	yiz.ziy.yah	Izziah
3151	יָזִיז	ya.ziz	Jaziz
3152	יִזְלִיאָה	yiz.li.ah	Izliah
3153	יַאֲזַנְיָ֫הוּ	ya.a.zan.yah	Jezaniah
3154	יֶ֫זַע	ye.za	sweat
3156	יִזְרַחְיָה	yiz.rach.yah	Izrahiah
3157	יִזְרְעֶאל	yiz.re.el	Jezreel
3160	חֻבָּה	ye.chub.bah	Jehubbah
3161	יָחַד	ya.chad	be joined
3162	יַ֫חַד	ya.chad	unitedness
3163	יַחְדּוֹ	yach.do	Jahdo
3164	יַחְדִּיאֵל	yach.di.el	Jahdiel
3165	יֶחְדְּיָ֫הוּ	yech.diy.ya.hu	Jehdeiah
3166	יַחֲזִיאֵל	ya.cha.zi.el	Jahaziel
3167	יַחְזְיָה	yach.ze.yah	Jahzeiah
3168	יְחֶזְקֵאל	ye.chez.qel	Jehezkel
3169	יְחִזְקִיָּה	ye.chiz.qiy.yah	Jehizkiah
3170	יַחְזֵרָה	yach.ze.rah	Jahzerah
3171	יְחִיאֵל	ye.chi.el	Jehiel
3173	יָחִיד	ya.chid	only
3175	יָחִיל	ya.chil	waiting
3176	יָחַל	ya.chal	to wait: wait
3177	יַחְלְאֵל	yach.le.el	Jahleel
3179	יָחַם	ya.cham	to conceive
3180	יַחְמוּר	yach.mur	roebuck
3181	יַחְמַי	yach.may	Jahmai
3182	יָחֵף	ya.cheph	barefoot
3183	יַחְצְאֵל	yach.tse.el	Jahzeel
3187	יָחַשׂ	ya.cha.s	to enroll
3188	יַ֫חַשׂ	ya.cha.s	genealogy
3189	יַ֫חַת	ya.chat	Jahath
3190	טְאֵב	te.ev	be good
3192	יׇטְבָה	yot.vah	Jotbah
3193	יׇטְבָ֫תָה	yot.va.tah	Jotbathah
3194	יֻטָּה	yut.tah	Juttah
3195	יְטוּר	ye.tur	Jetur
3196	יַ֫יִן	ya.yin	wine
3197	יַךְ	yakh	side
3198	יָכַח	ya.khach	to rebuke
3199	יָכִין	ya.khin	Jachin
3201	יָכֹל	ya.khol	be able
3203	יְכָלְיָהוּ	ye.khol.yah	Jecoliah
3205	יָלַד	ya.lad	to beget
3206	יֶ֫לֶד	ye.led	youth
3207	יַלְדָּה	yal.dah	maiden
3208	יַלְדוּת	yal.dut	youth
3209	יִלּוֹד	yil.lod	born
3210	יָלוֹן	ya.lon	Jalon
3211	יָלִיד	ya.lid	born
3213	יָלַל	ya.lal	to wail
3214	יְלֵל	ye.lel	howling
3215	יְלָלָה	ye.la.lah	wailing
3216	יָלַע	ya.la	to blurt
3217	יַלֶּ֫פֶת	yal.le.phet	scab
3218	יֶ֫לֶק	ye.leq	locust
3219	יַלְקוּט	yal.qut	pouch
3220	יָם	yam	sea
3222	יֵמִם	yem	hot spring
3223	יְמוּאֵל	ye.mu.el	Jemuel
3224	יְמִימָה	ye.mi.mah	Jemimah
3225	יָמִין	ya.min	right
3226	יָמִין	ya.min	Jamin
3227	יְמִינִי	ye.mi.ni	right
3229	יִמְלָה	yim.lah	Imlah
3230	יַמְלֵךְ	yam.lekh	Jamlech
3231	אָמַן	a.man	to turn right
3232	יִמְנָה	yim.nah	Imnah
3233	יְמָנִי	ye.ma.ni	right
3234	יִמְנָע	yim.na	Imna
3235	יָמַר	ya.mar	to exchange
3236	יִמְרָה	yim.rah	Imrah
3237	יָמַשׁ	ya.mash	to feel
3238	יָנָה	ya.nah	to oppress
3239	יָנוֹחַ	ya.no.ach	Janoah
3241	יָנוּם	ya.nim	Janim
3242	יְנִיקָה	ye.ni.qah	shoot
3243	יָנַק	ya.naq	to suckle
3244	יַנְשׁוּף	yan.shuph	owl
3245	יָסַד	ya.sad	to found
3246	יְסֻד	ye.sud	beginning
3247	יְסוֹד	ye.sod	(Gate of the) Foundation
3248	יְסוּדָה	ye.su.dah	foundation
3250	יִסּוֹר	yis.sor	faultfinder
3251	יָסַךְ	ya.sakh	to pour
3252	יִסְכָּה	yis.kah	Iscah
3253	יִסְמַכְיָהוּ	yis.makh.ya.hu	Ismachiah
3254	יָסַף	ya.saph	to add: again
3256	יָסַר	ya.sar	to discipline
3257	יָע	ya	shovel
3258	יַעְבֵּץ	ya.bets	Jabez
3259	יָעַד	ya.ad	to appoint
3261	יָעָה	ya.ah	to sweep away
3262	יְעוּאֵל	ye.u.el	Jeuel
3263	יְעוּץ	ye.uts	Jeuz
3266	יְעוּשׁ	ye.ush	Jeush
3267	יָעַז	ya.az	be fierce
3268	יַעֲזִיאֵל	ya.a.zi.el	Jaaziel
3269	יַעֲזִיָּ֫הוּ	ya.a.ziy.ya.hu	Jaaziah
3270	יַעְזֵר	ya.a.zer	Jazer
3271	יָעַט	ya.at	to cover
3273	יְחִיָּה	ye.chiy.yah	Jehiah
3275	יַעְכָּן	ya.kan	Jacan
3276	יָעַל	ya.al	to gain
3277	יָעֵל	ya.el	Wildgoats'
3278	יָעֵל	ya.el	Jael
3279	יַעֲלָא	ya.a.la	Jaalah
3280	יַעֲלָה	ya.a.lah	doe
3281	יַעְלָם	ya.lam	Jalam
3282	יַעַן	ya.an	because
3283	יָעֵן	ya.en	ostrich
3284	יַעֲנָה	ya.a.nah	ostrich
3285	יַעֲנַי	ya.a.nay	Janai
3286	יָעֵף	ya.aph	to faint
3287	יָעֵף	ya.eph	weary
3288	יְעָף	ye.aph	weariness
3289	יְעַט	ye.at	to counsel
3291	יַעֲקֹ֫בָה	ya.a.qo.vah	Jaakobah
3292	יַעֲקָן	ya.a.qan	Akan
3293	יָעוֹר	ya.or	wood
3295	יַעְרָה	ya.a.rah	honeycomb
3296	יָעִיר	ya.ur	Jair
3298	יַעֲרֶשְׁיָה	ya.a.resh.yah	Jaareshiah
3299	וְיַעֲשׂוֹ	ya.a.su	Jaasu
3300	יַעֲשִׂיאֵל	ya.a.si.el	Jaasiel
3301	יִפְדְּיָה	yiph.de.yah	Iphdeiah
3302	יָפָה	ya.phah	be beautiful
3303	יָפֶה	ya.pheh	beautiful
3304	יְפֵה־פִיָּה	ye.pheh-phiy.yah	pretty
3305	יָפוֹ	ya.pho	Joppa
3306	יָפַח	ya.phach	to breathe
3307	יָפֵחַ	ya.phe.ach	breathing
3308	יֳפִי	yo.phi	beauty
3309	יָפִיעַ	ya.phi.a	Japhia
3310	יַפְלֵט	yaph.let	Japhlet
3312	יְפֻנֶּה	ye.phun.neh	Jephunneh
3313	יָפַע	ya.pah	to shine
3314	יִפְעָה	yiph.ah	splendor
3315	יֶ֫פֶת	ye.phet	Japheth
3316	יִפְתָּח	yiph.tach	Iphtah
3317	גַּיְא	gay	(Iphtahel) Valley
3318	יָצָא	ya.tsa	to come out: come
3320	יָצַב	ya.tsav	to stand
3322	יָצַג	ya.tsag	to set
3323	יִצְהָר	yits.har	oil
3324	יִצְהָר	yits.har	Izhar
3326	יָצוּעַ	ya.tsu.a	bed
3327	יִצְחָק	yits.chaq	Isaac
3328	יִצְחַר	yits.char	Izhar
3329	יָצִיא	ya.tsi	offspring
3330	יַצִּיב	yats.tsiv	certain
3331	יָצַע	ya.tsa	to lay
3332	יָצַק	ya.tsaq	to pour: pour
3333	יְצֻקָה	ye.tsu.qah	casting
3335	יָצַר	ya.tsar	to form: formed
3336	יֵ֫צֶר	ye.tser	intention
3337	יֵ֫צֶר	ye.tser	Jezer
3338	יְצֻרִים	ya.tsur	member
3341	יָצַת	ya.tsat	to kindle
3342	יֶ֫קֶב	ye.qev	wine
3343	יְקַבְצְאֵל	ye.qav.tse.el	Jekabzeel
3344	יָקַד	ya.qad	to burn
3347	יׇקְדְעָם	yoq.de.am	Jokdeam
3348	יָקֶה	ya.qeh	Jakeh
3349	יִקְּהָה	yiq.qa.hah	obedience
3350	יְקֵדָא	ye.qe.da	burning
3351	יְקוּם	ye.qum	existence
3352	יָקוֹשׁ	ya.qosh	fowler
3353	יָקוּשׁ	ya.qush	fowler
3354	יְקוּתִיאֵל	ye.qu.ti.el	Jekuthiel
3355	יׇקְטָן	yoq.tan	Joktan
3356	יָקִים	ya.qim	Jakim
3357	יַקִּיר	yaq.qir	precious
3359	יְקַמְיָה	ye.qam.yah	Jekamiah
3360	יְקַמְעָם	ye.qam.am	Jekameam
3362	יׇקְמְעָם	yoq.me.am	Jokmeam
3363	יָקַע	ya.qa	to dislocate/hang
3364	יָקַץ	ya.qats	to awake
3365	יָקַר	ya.qar	be precious
3366	יְקָר	ye.qar	preciousness
3368	יָקָר	ya.qar	precious
3369	יָקֹשׁ	ya.qosh	to snare
3370	יׇקְשָׁן	yoq.shan	Jokshan
3371	יׇקְתְאֵל	yoq.te.el	Joktheel
3372	יָרֵא	ya.re	to fear
3373	יָרֵא	ya.re	afraid
3374	יִרְאָה	yir.ah	fear
3375	יִרְאוֹן	yir.on	Yiron
3376	יִרְאִיָּיה	yir.iy.yah	Irijah
3379	יָֽרָבְעָם	ya.rov.am	Jeroboam
3381	יָרַד	ya.rad	to go down
3382	יֶ֫רֶד	ye.red	Jared
3383	יַרְדֵּן	yar.den	Jordan
3384	יָרָא	ya.ra	to shoot
3385	יְרוּאֵל	ye.ru.el	Jeruel
3386	יָרוֹחַ	ya.ro.ach	Jaroah
3387	יָרוֹק	ya.roq	green
3388	יְרוּשָׁא, יְרוּשָׁה	ye.ru.sah	Jerusha 
3389	אֲרִיאֵל	a.ri.el	Ariel
3391	יֶ֫רַח	ye.rach	month
3392	יֶ֫רַח	ye.rach	Jerah
3394	יָרֵחַ	ya.re.ach	moon
3395	יְרֹחָם	ye.ro.cham	Jeroham
3396	יְרַחְמְאֵל	ye.rach.me.el	Jerahmeel
3398	יַרְחָע	yar.ach	Jarha
3399	יָרַט	ya.rat	to push
3400	יְרִיאֵל	ye.ri.el	Jeriel
3401	יָרִיב	ya.riv	opponent
3402	יָרִיב	ya.riv	Jarib
3403	יְרִיבַי	ye.ri.vay	Jeribai
3404	יְרִיָּהוּ	ye.riy.yah	Jeriah
3405	יְרִיחוֹ	ye.ri.cho	Jericho
3406	יְרִימוֹת	ye.ri.mot	Jerimoth
3407	יְרִיעָה	ye.ri.ah	curtain
3408	יְרִיעוֹת	ye.ri.ot	Jerioth
3409	יָרֵךְ	ya.rekh	thigh
3411	יַרְכָא	yar.kah	thigh
3412	יַרְמוּת	yar.mut	Jarmuth
3413	יְרֵמַי	ye.re.may	Jeremai
3414	יִרְמְיָ֫הוּ	yir.me.yah	Jeremiah
3415	יָרַע	ya.ra	be ill
3416	יִרְפְּאֵל	yir.pe.el	Irpeel
3417	יָרַק	ya.raq	to spit
3418	יֶ֫רֶק	ye.req	green
3419	יָרָק	ya.raq	herb
3420	יֵרָקוֹן	ye.ra.qon	mildew
3421	יׇרְקְעָ֑ם	yor.qe.am	Jorkeam
3422	יְרַקְרַק	ye.raq.raq	greenish
3423	יָרַשׁ	ya.rash	to possess: possess
3424	יְרֵשָׁה	ye.re.shah	possession
3425	יְרֻשָּׁה	ye.rush.shah	possession
3426	אִיתַי	i.tay	there is
3427	יָשַׁב	ya.shav	to dwell
3428	יֶֽשֶׁבְאָב	ye.shev.av	Jeshebeab
3430	יִשְׁבּוֹ בְּנֹב	yish.bo b.nov	Ishbi-benob
3431	יִשְׁבַּח	yish.bach	Ishbah
3434	יֹשֵׁב בַּשֶּׁ֫בֶת	yo.shev bash.she.vet	Josheb-basshebeth
3435	יִשְׁבָּק	yish.baq	Ishbak
3436	יׇשְׁבְּקָ֫שָׁה	yosh.be.qa.shah	Joshbekashah
3437	יוֹב	yov	Yob
3438	יִשְׁוָה	yish.vah	Ishvah
3439	יְשׁוֹחָיָה	ye.sho.cha.yah	Jeshohaiah
3440	יִשְׁוִי	yish.vi	Ishvi
3442	יֵשׁוּעַ	ye.shu.a	Jeshua
3444	יְשׁוּעָה	ye.shu.ah	salvation
3445	יֶ֫שַׁח	ye.shach	emptiness
3447	יָשַׁט	ya.shat	to extend
3448	יִשַׁי	yi.shay	Jesse
3449	יִשִּׁיָּהוּ	yish.shiy.yah	Isshiah
3450	יְשִׁימִאֵל	ye.shi.ma.el	Jesimiel
3451	יְשִׁימָה	ye.shi.mah	desolation
3452	יְשִׁימוֹן	ye.shi.mon	Jeshimon
3453	יָשִׁישׁ	ya.shish	aged
3454	יְשִׁישַׁי	ye.shi.sah	Jeshishai
3455	יָשַׂם	ya.sam	to put
3456	יָשַׁם	ya.sham	be desolate
3457	יִשְׁמָא	yish.ma	Ishma
3458	יִשְׁמָעֵאל	yish.ma.el	Ishmael
3460	יִשְׁמַעְיָ֫הוּ	yish.ma.yah	Ishmaiah
3461	יִשְׁמְרַי	yish.me.ray	Ishmerai
3462	יָשֵׁן	ya.shen	to sleep
3463	יָשֵׁן	ya.shen	sleeping
3464	הָשֵׁם	ha.shem	Hashem
3465	יָשָׁן	ya.shan	(Gate of) Yeshanah
3466	יְשָׁנָה	ye.sha.nah	Jeshanah
3467	יָשַׁע	ya.sah	to save
3468	יֵ֫שַׁע	ye.sah	salvation
3469	יִשְׁעִי	yish.i	Ishi
3470	יְשַׁעְיָ֫הוּ	ye.sha.yah	Isaiah
3471	יָֽשְׁפֶה	ya.she.pheh	jasper
3472	יִשְׁפָּה	yish.pah	Ishpah
3473	יִשְׁפָּן	yish.pan	Ishpan
3474	יָשַׁר	ya.shar	to smooth
3475	יֶ֫שֶׁר	ye.sher	Jesher
3476	יֹ֫שֶׁר	yo.sher	uprightness
3477	יָשָׁר	ya.shar	upright
3478	יַעֲקֹב	ya.a.qov	Jacob
3483	יְשָׁרָה	yish.rah	uprightness
3485	יִשָּׂשכָר	yis.sa.s.khar	Issachar
3486	יָשֵׁשׁ	ya.shesh	decrepit
3489	יָתֵד	ya.ted	peg
3490	יָתוֹם	ya.tom	orphan
3491	יְתוּר	ya.tur	remainder
3492	יַתִּיר	yat.tir	Jattir
3493	יַתִּיר	yat.tir	preeminent
3494	יִתְלָה	yit.lah	Ithlah
3495	יִתְמָה	yit.mah	Ithmah
3496	יַתְנִיאֵל	yat.ni.el	Jathniel
3497	יִתְנָ֑ן	yit.nan	Ithnan
3498	יָתַר	ya.tar	to remain
3499	יֶ֫תֶר	ye.ter	remainder
3500	יֶ֫תֶר	ye.ter	Jether
3502	יִתְרָה	yit.rah	abundance
3503	יֶ֫תֶר	ye.ter	Jethro
3504	יִתְרוֹן	yit.ron	advantage
3505	יִתְרִי	yit.ri	Ithrite
3506	יֶ֫תֶר	ye.ter	Jether
3507	יִתְרְעָם	yit.re.am	Ithream
3508	יֹתֶ֫רֶת	yo.te.ret	lobe
3509	יְתֵת	ye.tet	Jetheth
3510	כָּאַב	ka.av	to pain
3511	כְּאֵב	ke.ev	pain
3512	כָּאָה	ka.ah	be disheartened
3513	כָּבֵד	ka.vad	to honor: honour
3514	כֹּ֫בֶד	ko.ved	heaviness
3515	כָּבֵד	ka.ved	heavy
3516	כָּבֵד	ka.ved	liver
3517	כְּבֵדֻת	ke.ve.dut	heaviness
3518	כָּבָה	ka.vah	to quench
3519	כָּבוֹד	ka.vod	glory
3520	כָּבוֹד	ka.vod	glorious
3521	כָּבוּל	ka.vul	Cabul
3522	כַּבּוֹן	kab.bon	Cabbon
3523	כָּבִיר	ke.vir	quilt
3524	כַּבִּיר	kab.bir	mighty
3525	כֶּ֫בֶל	ke.vel	fetter
3526	כָּבַס	ka.vas	Washer's
3527	כָּבַר	ka.var	to multiply
3528	כְּבָר	ke.var	already
3529	כְּבָר	ke.var	Chebar
3530	כִּבְרָה	kiv.rah	distance
3531	כְּבָרָה	ke.va.rah	sieve
3532	כֶּ֫בֶשׂ	ke.ve.s	lamb
3533	כָּבַשׁ	ka.vash	to subdue
3534	כֶּ֫בֶשׁ	ke.vesh	footstool
3535	כִּבְשָׂה	kiv.sah	ewe-lamb
3536	כִּבְשָׁן	kiv.shan	kiln
3537	כַּד	kad	jar
3538	כְּדַב	ke.dav	false
3539	כַּדְכֹּד	kad.kod	ruby
3540	כְּדׇרְלָעֹמֶר	ke.dor.la.o.mer	Chedorlaomer
3541	כֹּה	koh	thus
3543	כָּהָה	ka.hah	to grow dim
3544	כֵּהֶה	ke.heh	faint
3545	כֵּהָה	ke.hah	easing
3546	כְּהַל	ke.hal	be able
3547	כָּהַן	ka.han	to minister
3548	כֹּהֵן	ko.hen	priest
3550	כְּהֻנָּה	ke.hun.nah	priesthood
3551	כַּוָּה	ka.vah	window
3553	כּוֹבַע	ko.va	helmet
3554	כָּוָה	ka.vah	to burn
3555	כְּוִיָּה	ke.viy.yah	burning
3556	כּוֹכָב	ko.khav	star
3557	כּוּל	kul	to sustain
3558	כּוּמָז	ku.maz	bracelet
3559	כּוּן	kun	to establish: prepare
3561	כַּוָּן	kav.van	bun
3562	כּוֹנַנְיָ֫הוּ	ko.nan.ya.hu	Conaniah
3563	כּוֹס	kos	cup
3564	כּוּר	kur	furnace
3565	בּוֹר עָשָׁן	kor a.shan	Bor-ashan
3566	כּ֫וֹרֶשׁ	ko.resh	Cyrus
3568	כּוּשׁ	kush	Cush
3569	כּוּשִׁי	ku.shi	Cushi
3570	כּוּשִׁי	ku.shi	Cushi
3572	כּוּשָׁן	ku.shan	Cushan
3573	כּוּשַׁן רִשְׁעָתַ֫יִם	ku.shan rish.a.ta.yim	Cushan-rishathaim
3574	כּוֹשָׁרָה	ko.sha.rah	prosperity
3575	כּוּתָה	ku.tah	Cuthah
3576	כָּזַב	ka.zav	to lie
3577	כָּזָב	ka.zav	lie
3579	כָּזְבִי	ko.ze.vi	Cozbi
3581	כֹּחַ	ko.ach	reptile
3582	כָּחַד	ka.chad	to hide
3583	כָּחַל	ka.chal	to paint
3584	כָּחַשׁ	ka.chash	to deceive
3585	כַּ֫חַשׁ	ka.chash	lie
3586	כֶּחָשׁ	ke.chash	deceptive
3587	כִּי	ki	branding
3588	כִּי	ki	for
3589	כִּיד	kid	ruin
3590	כִּידוֹד	ki.dod	spark
3591	כִּידוֹן	ki.don	javelin
3593	כִּידוֹר	ki.dor	battle
3594	כִּיּוּן	kiy.yun	Kiyyun
3595	כִּיֹּר	kiy.yor	basin
3596	כִּילַי	ki.lay	rogue
3597	כֵּילַפּוֹת	ke.laph	axe
3598	כִּימָה	ki.mah	Pleiades
3599	כִּיס	kis	purse
3600	כִּיר	kir	stove
3601	כִּישׁוֹר	ki.shor	distaff
3602	כָּ֫כָה	ka.khah	thus
3603	בִּקְעָה	biq.ah	Valley (of Jericho)
3605	כֹּל	kol	all
3607	כָּלָא	ka.la	to restrain
3608	כֶּ֫לֶא	ke.le	prison
3609	דָּנִיֵּאל, דָּנִאֵל	da.niy.yel	Daniel
3610	כִּלְאַיִם	kil.a.yim	mixture
3611	כֶּ֫לֶב	ke.lev	dog
3612	כָּלֵב	ka.lev	Caleb
3613	כָּלֵב אֶפְרָתָה	ka.lev eph.ra.tah	Caleb
3615	כָּלָה	ka.lah	to end: finish
3616	כָּלֶה	ka.leh	longing
3617	כָּלָה	ka.lah	consumption
3618	כַּלָּה	kal.lah	daughter-in-law: bride
3619	כְּלוּב	ke.luv	basket
3620	כְּלוּב	ke.luv	Chelub
3622	כְּלוּהוּ	ke.lu.hay	Cheluhi
3623	כְּלוּלָה	ke.lu.lah	betrothal
3624	כֶּ֫לַח	ke.lach	vigor
3625	כֶּ֫לַח	ke.lach	Calah
3626	כׇּל־חֹזֶה	kol-cho.zeh	Col-hozeh
3627	כְּלִי	ke.li	article/utensil
3628	כְּלִיא	ke.li	prison
3629	כִּלְיָה	kil.yah	kidney
3630	כִּלְיוֹן	kil.yon	Chilion
3631	כִּלָּיוֹן	kil.la.von	failing
3632	כָּלִיל	ka.lil	entire
3633	כַּלְכֹּל	kal.kol	Calcol
3634	כָּלַל	ka.lal	to perfect
3636	כְּלָ֑ל	ke.lal	Chelal
3637	כָּלַם	ka.lam	be humiliated
3638	כִּלְמָד	kil.mad	Chilmad
3639	כְּלִמָּה	ke.lim.mah	shame
3640	כְּלִמּוּת	ke.lim.mut	shame
3641	כַּלְנֵ֑ה	kal.neh	Calneh
3642	כָּמַהּ	ka.mah	to pine
3643	כִּמְהָם	kim.ham	Chimham
3644	כְּמוֹ	ke.mo	like
3645	כְּמוֹשׁ	ke.mosh	Chemosh
3646	כַּמֹּן	kam.mon	cummin
3647	כָּמַס	ka.mas	to store up
3648	כָּמַר	ka.mar	to grow warm
3649	כֹּ֫מֶר	ka.mar	pagan priest
3650	כִּמְרִיר	kim.rir	darkness
3651	כֵּן	ken	right
3653	כֵּן	ken	stand
3654	כֵּן	ken	gnat
3655	כָּנָה	ka.nah	to flatter
3657	כַּנָּה	kan.nah	shoot
3658	כִּנּוֹר	kin.nor	lyre
3660	כְּנֵ֫מָא	ke.ne.ma	thus
3662	כְּנָנִי	ke.na.ni	Chenani
3663	כְּנַנְיָ֫הוּ	ke.nan.yah	Chenaniah
3664	כָּנַס	ka.nas	to gather
3665	כָּנַע	ka.na	be humble
3666	כִּנְעָה	kin.ah	bundle
3667	כְּנַ֫עַן	ke.na.an	Canaan
3668	כְּנַעֲנָה	ke.na.a.nah	Chenaanah
3669	כְּנַעֲנִי	ke.na.a.ni	Canaanitess
3670	כָּנַף	ka.naph	to corner
3671	כָּנָף	ka.naph	wing
3672	כִּנֶּ֫רֶת	kin.n.rot	(Sea of) Chinnereth
3674	כְּנָת	ke.nat	associate
3677	כֶּ֫סֶא	ke.se	full moon
3678	כֵּס	kes	throne
3680	כָּסָה	ka.sah	to cover
3681	כָּסוּי	ka.suy	covering
3682	כְּסוּת	ke.sut	covering
3683	כָּסַח	ka.sach	to cut
3684	כְּסִיל	ke.sil	fool
3685	כְּסִיל	ke.sil	Orion
3686	כְּסִיל	ke.sil	Chesil
3687	כְּסִילוּת	ke.si.lut	stupidity
3688	כָּסַל	ka.sal	be stupid
3689	כֶּ֫סֶל	ke.sel	loin
3690	כִּסְלָה	kis.lah	confidence
3691	כִּסְלֵו	kis.lev	Chislev
3692	כִּסְלוֹן	kis.lon	Chislon
3693	יְעָרִים	ye.a.rim	(Mount) Jearim
3694	כְּסֻלּוֹת	ke.sul.lot	Chesulloth
3695	כַּסְלֻחִים	kas.lu.chim	Casluhim
3697	כָּסַם	ka.sam	to shear
3698	כֻּסֶּ֫מֶת	kus.se.met	rye
3699	כָּסַס	ka.sas	to compute
3700	כָּסַף	ka.saph	to long
3701	כֶּ֫סֶף	ke.seph	silver: money
3703	כָּסִפְיָא	ka.siph.ya	Casiphia
3704	כֶּ֫סֶת	ke.set	amulet
3705	כְּעַן	ke.an	now
3707	כָּעַס	ka.as	to provoke
3708	כַּ֫עַס	ka.as	vexation
3709	כַּף	kaph	palm
3710	כֵּף	keph	rock
3711	כָּפָה	ka.phah	to subdue
3712	כִּפָּה	kip.pah	branch
3713	כְּפוֹר	ke.phor	bowl
3714	כָּפִיס	ka.phis	rafter
3715	כְּפִיר	ke.phir	lion
3716	כְּפִירָה	ke.phi.rah	Chephirah
3717	כָּפַל	ka.phal	to double
3718	כֶּ֫פֶל	ke.phel	double
3719	כָּפַן	ka.phan	to hunger
3720	כָּפָן	ka.phan	famine
3721	כָּפַף	ka.phaph	to bend
3722	כִּפֶּר	ki.pher	to atone
3723	כָּפָר	ka.phar	Chephar
3724	כֹּפֶר	ko.pher	ransom
3725	כִּפֻּרִים	kip.pur	atonement
3727	כַּפֹּרֶת	kap.po.ret	mercy seat
3728	כָּפַשׁ	ka.phash	to cower
3729	כְּפַת	ke.phat	to bind
3730	כַּפְתּוֹר	kaph.tor	capital
3731	כַּפְתּוֹר	kaph.tor	Caphtor
3732	כַּפְתֹּרִי	kaph.to.ri	Caphtorim
3733	כָּר	kar	saddle
3734	כֹּר	kor	kor
3735	כְּרָא	ka.ra	be distressed
3736	כַּרְבֵּל	kar.bel	be clothed
3737	כַּרְבְּלָא	kar.be.la	helmet
3738	כוּר	khur	to dig
3739	כָּרָה	ka.rah	to trade
3740	כֵּרָה	ke.rah	feast
3741	כָּרָה	ka.rah	hollow
3742	כְּרוּב	ke.ruv	cherub
3743	כְּרוּב	ke.ruv	Cherub
3744	כָּרוֹז	ka.roz	proclaimer
3745	כְּרַז	ke.raz	to proclaim
3747	כְּרִית	ke.rit	Cherith
3748	כְּרִיתוּת	ke.ri.tut	divorce
3749	כַּרְכֹּב	kar.kov	ledge
3750	כַּרְכֹּם	kar.kom	saffron
3751	כַּרְכְּמִישׁ	kar.ke.mish	Carchemish
3752	כַּרְכַּס	kar.kas	Carkas
3753	כִּרְכָּרָה	kar.ka.rah	dromedary
3754	כֶּרֶם	ke.rem	vineyard
3755	כָּרַם	ko.rem	to tend vineyards
3756	כַּרְמִי	kar.mi	Carmi
3758	כַּרְמִיל	kar.mil	crimson
3759	כַּרְמֶל	kar.mel	plantation
3760	כַּרְמֶל	kar.mel	Carmel
3763	כְּרָ֑ן	ke.ran	Cheran
3765	כִּרְסֵם	kir.sem	to tear off
3766	כָּרַע	ka.ra	to bow
3767	כֶּ֫רַע	ka.ra	leg
3768	כַּרְפַּס	kar.pas	fine linen
3769	כָּרַר	ka.rar	to dance
3770	כְּרֵשׂ	ke.re.s	belly
3771	כַּרְשְׁנָא	kar.she.na	Carshena
3772	כָּרַת	ka.rat	to cut: cut
3773	כָּרֻתָה	ka.ru.tah	beam
3774	כָּרִי	ka.ri	Carite
3775	כֶּ֫שֶׂב	ke.sev	sheep
3776	כִּשְׂבָּה	kis.bah	lamb
3777	כֶּ֫שֶׂד	ke.sed	Chesed
3778	כַּשְׂדָּ֑י	kas.day	Chaldean
3780	כָּשָׂה	ka.sah	be sated
3781	כַּשִּׁיל	kash.shil	axe
3782	כָּשַׁל	ka.shal	to stumble
3783	כִּשָּׁלוֹן	kish.sha.lon	stumbling
3784	כָּשַׁף	ka.shaph	to practice sorcery
3785	כֶּ֫שֶׁף	ke.sheph	sorcery
3786	כַּשָּׁף	kash.shaph	sorcerer
3787	כָּשֵׁר	ka.sher	to succeed
3788	כִּשְׁרוֹן	kish.ron	skill
3789	כָּתַב	ka.tav	to write
3791	כְּתָב	ka.tav	writing
3793	כְּתֹ֫בֶת	ke.to.vet	imprint
3794	אֱלִישָׁה	e.li.shah	Elishah
3795	כָּתִית	ka.tit	beaten
3796	כֹּ֫תֶל	ko.tel	wall
3798	כִּתְלִישׁ	kit.lish	Chitlish
3799	כָּתַם	ka.tam	be stained
3800	כֶּ֫תֶם	ke.tem	gold
3801	כֻּתֹּ֫נֶת	ke.to.net	tunic
3802	כָּתֵף	ka.teph	shoulder
3803	כָּתַר	ka.tar	to surround
3804	כֶּ֫תֶר	ke.ter	crown
3805	כֹּתֶ֫רֶת	ko.te.ret	capital
3806	כָּתַשׁ	ka.tash	to pound
3807	כָּתַת	ka.tat	to crush
3808	לֹא	lo	not
3810	לִדְבִר	lid.vir	Debir
3811	לָאָה	la.ah	be weary
3812	לֵאָה	le.ah	Leah
3813	לָאַט	la.at	to cover
3815	לָאֵל	la.el	Lael
3816	לְאֹם	le.om	people
3817	לְאֻמִּ֑ים	le.um.mim	Leummim
3818	לֹא עַמִּי	lo am.mi	Not My People
3819	לֹא רֻחָ֫מָה	lo ru.cha.mah	No Mercy
3820	בָּל	bal	mind
3822	לְבָאוֹת	le.va.ot	Lebaoth
3823	לָבַב	la.vav	to encourage
3824	לֵבָב	le.vav	heart
3826	לִבָּה	lib.bah	heart
3827	לַבָּה	lab.bah	flame
3828	לְבֹנָה	le.vo.nah	frankincense
3829	לְבוֹנָה	le.vo.nah	Lebonah
3830	לְבוּשׁ	le.vush	clothing
3832	לָבַט	la.vat	to ruin
3833	לְבִי	le.vi	lion
3834	לְבִבָה	la.vi.vah	cake
3835	לָבֵן	la.ven	to whiten
3836	לָבָן	la.van	white
3837	לָבָן	la.van	Laban
3838	לְבָנָא	le.va.na	Lebanah
3839	לִבְנֶה	liv.neh	poplar
3841	לִבְנָה	liv.nah	Libnah
3842	לְבָנָה	le.va.nah	moon
3843	לִבְנָה	liv.nah	brick
3844	בִּקְעָה	biq.ah	(Lebanon) Valley
3845	יַ֫חַת	ya.chat	Jahath
3847	לָבֵשׁ	la.vash	to clothe
3849	לֹג	log	log
3850	לֹד	lod	Lod
3851	לַ֫הַב	la.hav	flame
3852	לֶהָבָה	le.ha.vah	flame
3853	לְהָבִים	le.ha.vim	Lehabim
3854	לַ֫הַג	la.hag	study
3855	לָ֑הַד	la.had	Lahad
3856	לָהַה	la.hah	to languish
3857	לָהַט	la.hat	to kindle
3858	לַ֫הַט	la.hat	flame
3859	לָהַם	la.ham	to swallow
3860	לָהֵן	la.hen	therefore
3862	לַהֲקָה	la.ha.qah	company
3863	לוּ	lu	if
3864	כּוּב	kuv	Libya
3865	לוּד	lud	Lud
3866	לוּדִי	lu.di	Ludite
3867	לָוָה	la.vah	to join
3868	לוּז	luz	be devious
3869	לוּז	luz	almond
3870	לוּז	luz	Luz
3871	לוּחַ	lu.ach	tablet
3872	לוּחִית	lu.chit	Luhith
3873	הַלּוֹחֵשׁ	lo.chesh	Hallohesh
3874	לוּט	lut	to wrap
3875	לוֹט	lot	covering
3876	לוֹט	lot	Lot
3877	לוֹטָן	lo.tan	Lotan
3878	לֵוִי	le.vi	Levi
3880	לִוְיָה	liv.yah	wreath
3882	לִוְיָתָן	liv.ya.tan	Leviathan
3883	לוּל	lul	stairs
3884	לוּלֵא	lu.le	unless
3885	לוּן	lun	to lodge
3886	לוּעַ	lu.a	to swallow
3887	לִיץ	luts	to mock
3888	לוּשׁ	lush	to knead
3889	לוּשׁ	lush	Laish
3890	לְוָת	le.vat	with
3891	לָזוּת	le.zut	perversity
3892	לַח	lach	fresh
3893	לֵחַ	le.ach	vigor
3894	לְחוּם	la.chum	intestine
3895	לְחִי	le.chi	jaw
3896	לְחִי	le.chi	Lehi
3897	לָחַךְ	la.chakh	to lick
3898	לָחַם	la.cham	to fight
3899	לֶ֫חֶם	le.chem	food
3901	לָחֶם	la.chem	war
3902	לַחְמִי	lach.mi	Lahmi
3903	לַחְמָס	lach.mas	Lahmam
3904	לְחֵנָה	le.che.nah	concubine
3905	לָחַץ	la.chats	to oppress
3906	לַ֫חַץ	la.chats	oppression
3907	לָחַשׁ	la.chash	to whisper
3908	לַ֫חַשׁ	la.chash	charm
3909	לָאט	lat	secret
3910	לֹט	lot	myrrh
3911	לְטָאָה	le.ta.ah	lizard
3912	לְטוּשִׁם	le.tu.shim	Letushim
3913	לָטַשׁ	la.tash	to sharpen
3914	לֹיָה	lo.yah	wreath
3915	לַ֫יְלָה	lay.lah	night
3916	לֵילָא	le.le.ya	night
3917	לִילִית	li.lit	night-creature
3918	לַ֫יִשׁ	la.yish	lion
3919	לַ֫יְשָׁה	lay.shah	Laishah
3920	לָכַד	la.khad	to capture
3921	לֶ֫כֶד	le.khed	capture
3922	לֵכָה	le.khah	Lecah
3923	לָכִישׁ	la.khish	Lachish
3924	לוּלַי	lu.lay	loop
3925	לָמַד	la.mad	to learn: teach
3926	לְמוֹ	le.mo	upon
3927	לְמוּאֵל	le.mu.el	Lemuel
3928	לִמֻּד	lim.mud	disciple
3929	לֶ֫מֶךְ	le.mekh	Lamech
3930	לֹעַ	lo.a	throat
3931	לָעַב	la.av	to jest
3932	לָעַג	la.ag	to mock
3933	לַ֫עַג	la.ag	derision
3934	לָעֵג	la.eg	mocking
3935	לַעְדָּה	la.dah	Laadah
3936	לַעְדָּן	la.dan	Ladan
3937	לָעַז	la.az	to mumble
3938	לָעַט	la.at	to eat
3939	לַעֲנָה	la.a.nah	wormwood
3940	לַפִּיד	lap.pid	torch
3941	לַפִּידוֹת	lap.pi.dot	Lappidoth
3943	לָפַת	la.phat	to twist
3944	לָצוֹן	la.tson	scorning
3946	לַקּוּם	laq.qum	Lakkum
3947	לָקַח	la.qach	to take: take
3948	לֶ֫קַח	le.qach	teaching
3949	לִקְחִי	liq.chi	Likhi
3950	לָקַט	la.qat	to gather
3951	לֶ֫קֶט	le.qet	gleaning
3952	לָקַק	la.qaq	to lick
3953	לָקַשׁ	la.qash	to glean
3954	לֶ֫קֶשׁ	le.qesh	spring crop
3955	לָשָׁד	le.shad	juicy bit
3956	לָשׁוֹן	la.shon	tongue
3957	לִשְׁכָּה	lish.kah	chamber
3958	לֶ֫שֶׁם	le.shem	jacinth
3960	לָשַׁן	la.shan	to slander
3962	לֶ֫שַׁע	le.sah	Lasha
3963	לֶ֫תֶךְ	le.tekh	lethek
3965	מַאֲבוּס	ma.a.vus	granary
3966	מְאֹד	me.od	much
3967	מֵאָה	me.ah	hundred
3970	מַאֲוַי	ma.a.vay	desire
3971	מאוּם	m.um	blemish
3972	מְא֫וּמָה	me.u.mah	anything
3973	מָאוֹס	ma.os	refuse
3974	מָאוֹר	ma.or	light
3975	מְאוּרָה	me.u.rah	hole
3976	מֹאזֵן	mo.zen	balance
3978	מַאֲכָל	ma.a.khal	food
3979	מַאֲכֶ֫לֶת	ma.a.khe.let	knife
3980	מַאֲכֹ֫לֶת	ma.a.kho.let	fuel
3981	מַאֲמָץ	ma.a.mats	power
3982	מַאֲמַר	ma.a.mar	command
3984	מָאן	man	utensil
3985	מָאֵן	ma.en	to refuse
3986	מָאֵן	ma.en	refusing
3987	מֵאֵן	me.en	refusing
3988	מָאַס	ma.as	to reject
3989	מַאֲפֶה	ma.a.pheh	baked (food)
3990	מַאֲפֵל	ma.a.phel	darkness
3991	מַאְפֵּלְיָה	ma.phe.le.yah	darkness
3992	מָאַר	ma.ar	to malign
3993	מַאֲרָב	ma.a.rav	ambush
3994	מְאֵרָה	me.e.rah	curse
3995	מִבְדָּלָה	miv.da.lah	separate place
3996	מָבוֹא	ma.vo	entrance
3998	מְבוּכָה	me.vu.khah	confusion
3999	מַבּוּל	mab.bul	flood
4000	מָבוֹן	ma.von	teacher
4001	מְבוּסָה	me.vu.sah	subjugation
4002	מַבּוּעַ	mab.bu.a	spring
4003	מְבוּקָה	me.vu.qah	emptiness
4005	מִבְחוֹר	miv.chor	choice
4006	מִבְחָר	miv.char	Mibhar
4007	מַבָּט	mab.bat	expectation
4008	מִבְטָא	miv.ta	rash word
4009	מִבְטָח	miv.tach	confidence
4010	מַבְלִיגִית	mav.li.git	cheer
4011	מִבְנֶה	miv.neh	structure
4013	מִבְצָר	miv.tsar	fortification
4014	מִבְצָר	miv.tsar	Mibzar
4015	מִבְרָח	miv.rach	fugitive
4016	מָבוֹשׁ	ma.vush	genitalia
4017	מִבְשָׂם	miv.sam	Mibsam
4018	מְבַשְּׁלוֹת	me.vash.sh.lah	hearth
4019	מַגְבִּישׁ	mag.bish	Magbish
4020	מִגְבָּלֹת	mig.ba.lah	twisted
4021	מִגְבָּעוֹת	mig.ba.ah	headgear
4022	מֶ֫גֶד	me.ged	excellence
4023	מְגִדּוֹ	me.gid.don	Megiddo
4024	מִגְדּוֹל	mig.dol	tower
4025	מַגְדִּיאֵל	mag.di.el	Magdiel
4026	מֵאָה	me.ah	(Tower of) the Hundred
4027	מִגְדַּל־אֵל	mig.dal-el	Migdal-el
4028	מִגְדַּל־גַּד	mig.dal-gad	Migdal-gad
4029	מִגְדַּל־עֵ֫דֶר	mig.dal-e.der	tower of Eder
4030	מִגְדָּנָה	mig.da.nah	precious thing
4031	מָגוֹג	ma.gog	Magog
4032	מָגוֹר	ma.gor	terror
4033	מָגוֹר	ma.gur	sojourning
4034	מְגוֹרָה	me.go.rah	fear
4035	מְגוּרָה	me.gu.rah	fear
4037	מַגְזֵרָה	mag.ze.rah	axe
4038	מַגָּל	mag.gal	sickle
4039	מְגִלָּה	me.gil.lah	scroll
4041	מְגַמָּה	me.gam.mah	horde
4042	מָגַן	ma.gan	to deliver
4043	מָגֵן	ma.gen	shield
4044	מְגִנָּה	me.gin.nah	covering
4045	מִגְעֶ֫רֶת	mig.e.ret	rebuke
4046	מַגֵּפָה	mag.ge.phah	plague
4047	מַגְפִּיעָשׁ	mag.pi.ash	Magpiash
4048	מָגַר	ma.gar	to cast
4050	מְגֵרָה	me.ge.rah	saw
4051	מִגְרוֹן	mig.ron	Migron
4052	מִגְרָעָה	mig.ra.ah	recess
4053	מֶגְרָפָה	mig.ra.phah	clod
4054	מִגְרָשׁ	mig.rash	pasture
4055	מַד	mad	garment
4057	מִדְבָּר	mid.bar	mouth
4058	מָדַד	ma.dad	to measure
4060	מִדָּה	mid.dah	measure
4062	מַדְהֵבָה	mad.he.vah	insolence
4063	מָ֫דוּ	me.dev	garment
4064	מַדְוֶה	mad.veh	disease
4065	מַדּוּחַ	mad.du.ach	enticement
4066	מָדוֹן	ma.don	strife
4067	מָדוֹן	ma.don	stature
4068	מָדוֹן	ma.don	Madon
4069	מַדּוּעַ	mad.du.a	why?
4071	מְדוּרָה	me.du.rah	pile
4072	מִדְחֶה	mid.cheh	ruin
4073	מַדְחֵפָה	me.dach.phah	thrust
4074	מָדַי	ma.day	Madai
4079	מִדְיָן	mid.yan	contention
4080	מִדְיָן	mid.yan	Midian
4081	מִדִּין	mid.din	Middin
4082	מְדִינָה	me.di.nah	province
4085	מְדֹכָה	me.do.khah	mortar
4086	מַדְמֵן	mad.men	Madmen
4087	מַדְמֵנָה	mad.me.nah	dunghill
4088	מַדְמֵנָה	mad.me.nah	Madmenah
4089	בֵּית מַרְכָּבוֹת	bet ham.mar.ka.vot	Beth-marcaboth
4090	מְדָן	me.dan	strife
4091	מָדַי	ma.day	Mede
4093	מַדָּע	mad.da	knowledge
4094	מַדְקָרָה	mad.qa.rah	thrust
4095	מַדְרֵגָה	mad.re.gah	steep
4096	מִדְרָךְ	mid.rakh	treading
4097	מִדְרָשׁ	mid.rash	story
4098	מְדֻשָֿׁה	me.dush.shah	threshed
4099	הַמְּדָתָא	me.da.ta	Hammedatha
4100	מָא	ma	what
4102	מָהַהּ	ma.hah	to delay
4103	מְהוּמָה	me.hu.mah	tumult
4104	מְהוּמָן	me.hu.man	Mehuman
4105	מְהֵיטַבְאֵל	me.he.tav.el	Mehetabel
4106	מָהִיר	ma.hir	quick
4107	מָהַל	ma.hal	to weaken
4109	מַהְלֵךְ	mah.lekh	path
4110	מַהֲלָל	ma.ha.lal	praise
4111	מַהֲלַלְאֵל	ma.ha.lal.el	Mahalalel
4112	מַהֲלֻמֿוֹת	ma.ha.lum.mah	blow
4113	מַהֲמֹרָה	ma.ha.mo.rah	flood
4114	מַהְפֵּכָה	mah.pe.khah	overthrow
4115	מַהְפֶּ֫כֶת	mah.pe.khet	stocks
4116	מָהַר	ma.har	to hasten
4117	מָהַר	ma.har	to pay brideprice
4118	מַהֵר	ma.her	quick
4119	מֹ֫הַר	mo.har	brideprice
4120	מְהֵרָה	me.he.rah	haste
4121	מַהֲרַי	ma.ha.ray	Maharai
4122	מַהֵר שָׁלָל חָשׁ בַּז	ma.her sha.lal chash baz	Maher-shalal-hash-baz
4123	מַֽהֲתַלּוֹת	ma.ha.tal.lah	deception
4124	מוֹאָב	mo.av	Moab
4126	מוֹבָא	mo.va	entrance
4127	מוּג	mug	to melt
4128	מוּד	mud	to shake
4129	מוֹדַע	mo.da	kinsman
4130	מֹדַ֫עַת	mo.da.at	kinsman
4131	מוֹט	mot	to shake
4132	מוֹט	mot	yoke
4133	מוֹטָה	mo.tah	yoke
4134	מוּךְ	mukh	be poor
4135	מוּל	mul	to circumcise
4136	מוּל	mul	opposite
4137	מוֹלָדָה	mo.la.dah	Moladah
4138	מוֹלֶ֫דֶת	mo.le.det	relatives
4139	מוּלָה	mu.lah	circumcision
4140	מוֹלִיד	mo.lid	Molid
4141	מוּסָב	mu.sav	surrounding
4142	מוּסַבָּה	mu.sab.bah	surrounded
4143	מוּסָד	mu.sad	foundation
4144	מוֹסָד	mo.sad	foundation
4145	מוּסָדָה	mu.sa.dah	appointment
4147	מוֹסֵר	mo.ser	bond
4148	מוּסָר	mu.sar	discipline
4149	מוֹסֵרָה	mo.se.rah	Moserah
4150	מוֹעֵד	mo.ed	meeting: time appointed
4151	מוֹעָד	mo.ad	ranks
4152	מוּעָדָה	mu.a.dah	designated
4154	מוּעֶדֶת	mu.e.det	disjointed
4155	מוּעָף	mu.aph	gloom
4156	מוֹעֵצָה	mo.e.tsah	counsel
4157	מוּעָקָה	mu.a.qah	distress
4158	מֵיפַ֫עַת	mo.pha.at	Mephaath
4159	מוֹפֵת	mo.phet	wonder
4160	מֵץ	muts	extortioner
4161	מוֹצָא	mo.tsa	exit
4162	מוֹצָא	mo.tsa	Moza
4163	מוֹצָאָה	mo.tsa.ah	going forth
4164	מוּצָק	mu.tsaq	constraint
4165	מוּצָק	mu.tsaq	casting
4166	מוּצֶ֫קֶת	mu.tsa.qah	casting
4167	מוּק	muq	to mock
4168	מוֹקֵד	mo.qed	burning
4169	מוֹקְדָה	mo.qe.dah	hearth
4170	מוֹקֵשׁ	mo.qesh	snare
4171	מוּר	mur	to change
4172	מוֹרָא	mo.ra	fear
4173	מוֹרַג	mo.rag	threshing sled
4174	מוֹרָד	mo.rad	descent
4175	מוֹרֶה	mo.reh	rain/teacher
4176	מוֹרֶה	mo.reh	Moreh
4177	מוֹרָה	mo.rah	razor
4179	מֹרִיָּה	mo.riy.yah	(Mount) Moriah
4180	מוֹרָשׁ	mo.rash	possession
4181	מוֹרָשָׁה	mo.ra.shah	possession
4182	מוֹרֶ֫שֶׁת גַּת	mo.re.shet gat	Moresheth-gath
4183	מוֹרַשְׁתִּי	mo.rash.ti	Moreshethite
4184	מוּשׁ	mush	to feel
4185	מוּשׁ	mush	to remove
4186	מוֹשָׁב	mo.shav	seat
4187	מוּשִׁי	mu.shi	Mushi
4189	מֹשֶׁכֶת	mo.she.khah	cord
4190	מוֹשָׁעָה	mo.sha.ah	salvation
4191	מוּת	mut	to die
4192	לַבֵּן	mut	(Muth-)labben
4194	מוֹת	mot	death
4195	מוֹתָר	mo.tar	advantage
4196	דְּבַח	de.vach	sacrifice
4197	מֶ֫זֶג	me.zeg	mixture
4198	מָזֶה	ma.zeh	empty
4199	מִזָּה	miz.zah	Mizzah
4200	מָ֫זוּ	me.zev	granary
4201	מְזוּזָה	me.zu.zah	doorpost
4202	מָזוֹן	ma.zon	food
4204	מָזוֹר	ma.zor	net
4205	מָזוֹר	ma.zor	wound
4206	מֵ֫זַח	me.zach	belt
4207	מַזְלֵג	maz.leg	fork
4208	מַזָּלוֹת	maz.za.lah	constellation
4209	מְזִמָּה	me.zim.mah	plot
4210	מִזְמוֹר	miz.mor	melody
4211	מַזְמֵרָה	maz.me.rah	pruner
4212	מְזַמֶּרֶת	me.zam.m.rah	snuffer
4213	מִזְעָר	miz.ar	little
4214	מִזְרֶה	miz.reh	pitchfork
4215	מְזָרֶה	me.za.reh	scattering wind
4216	מַזָּרוֹת	maz.za.rah	Mazzaroth
4217	מִזְרָח	miz.rach	East (Gate)
4218	מִזְרָע	miz.ra	sowing
4219	מִזְרָק	miz.raq	bowl
4220	מֵחַ	me.ach	fatling
4221	מֹחַ	mo.ach	marrow
4222	מָחָא	ma.ach	to clap
4224	מַחֲבֵא	ma.cha.ve	hiding-place
4225	מַחְבֶּ֫רֶת	mach.be.ret	joining
4226	מְחַבְּרָה	me.chab.b.rah	clamp
4227	מַחֲבַת	ma.cha.vat	griddle
4228	מַחֲגֹ֫רֶת	ma.cha.go.ret	girding
4229	מָחָה	ma.chah	to wipe
4230	מְחוּגָה	me.chu.gah	compass
4231	מָחוֹז	ma.choz	haven
4232	מְחוּיָאֵל	me.chu.ya.el	Mehujael
4233	מַחֲוִים	ma.cha.vim	Mahavite
4234	מָחוֹל	ma.chol	dance
4235	מָחוֹל	ma.chol	Mahol
4236	מַחֲזֶה	ma.cha.zeh	vision
4237	מֶחֱזָה	me.che.zah	window
4238	מַחֲזִיאֹת	ma.cha.zi.ot	Mahazioth
4239	מְחִי	me.chi	blow
4240	מְחִידָא	me.chi.da	Mehida
4241	מִחְיָה	mich.yah	recovery
4242	מְחִיר	me.chir	price
4243	מְחִיר	me.chir	Mehir
4244	מַחְלָה	mach.lah	Mahlah
4245	מַחֲלֶה	ma.cha.leh	sickness
4246	מְחוֹלָה	me.cho.lah	dance
4247	מְחִלָּה	me.chil.lah	hole
4248	מַחְלוֹן	mach.lon	Mahlon
4249	מַחְלִי	mach.li	Mahli
4251	מַחֲלוּי	mach.luy	suffering
4252	מַחֲלָף	ma.cha.laph	knife
4253	מַחֲלָפָה	mach.la.phah	lock
4254	מַחֲלָצָה	ma.cha.la.tsah	robe
4256	מַחְלְקָה	mach.le.qah	class
4257	מַחֲלַת	ma.cha.lat	Mahalath
4258	בָּֽשְׂמַת	bos.mat	Basemath
4259	מְחֹלָתִי	me.cho.la.ti	Meholathite
4260	מַחֲמָאֹת	ma.cha.ma.ah	butter
4261	מַחְמָד	mach.mad	desire
4262	מַחְמֹד	mach.mud	desirable
4263	מַחְמָל	mach.mal	compassion
4264	מַחֲנֶה	ma.cha.neh	camp
4265	מַחֲנֵה־דָ֑ן	ma.cha.neh-dan	Mahaneh-dan
4266	מַחֲנַיִם	ma.cha.na.yim	Mahanaim
4267	מַחֲנָק	ma.cha.naq	strangling
4268	מַחְסֶּה	ma.cha.seh	refuge
4269	מַחְסוֹם	mach.som	muzzle
4270	מַחְסוֹר	mach.sor	need
4271	מַחְסֵיָה	mach.se.yah	Mahseiah
4272	מָחַץ	ma.chats	to wound
4273	מַ֫חַץ	ma.chats	wound
4274	מַחְצֵב	mach.tsev	hewing
4275	מֶחֱצָה	me.che.tsah	half
4276	מַחֲצִית	ma.cha.tsit	half
4277	מָחַק	ma.chaq	to destroy
4278	מֶחְקָר	mech.qar	range
4279	מָחָר	ma.char	tomorrow
4280	מַחֲרָאָה	ma.cha.ra.ah	sewer
4281	מַחֲרֵשָׁה	ma.cha.re.shah	plowshare
4282	מַחֲרֶ֫שֶׁת	ma.cha.re.shet	share
4283	מׇחֳרָת	mo.cho.rat	morrow
4284	מַחֲשָׁבָה	ma.cha.sha.vah	plot
4285	חֲשׁוֹךְ	cha.shokh	darkness
4286	מַחְשֹׂף	mach.soph	exposing
4287	מַ֫חַת	ma.chat	Mahath
4288	מְחִתָּה	me.chit.tah	terror
4289	מַחְתָּה	mach.tah	censer
4290	מַחְתֶּ֫רֶת	mach.te.ret	breaking
4291	מְטָא	me.ta	to reach
4292	מַטְאֲטֵא	mat.a.te	broom
4293	מַטְבֵּחַ	mat.be.ach	slaughter
4294	מַטֶּה	mat.teh	tribe: rod
4295	מַ֫טָּה	mat.tah	beneath
4296	מִטָּה	mit.tah	bed
4297	מֻטֶּה	mut.teh	perversion
4298	מֻטָּה	mut.tah	spread
4299	מַטְוֶה	mat.veh	yarn
4300	מְטִיל	me.til	rod
4301	מַטְמוֹן	mat.mon	treasure
4302	מַטָּע	mat.ta	plantation
4303	מַטְעָם	mat.am	delicacy
4304	מִטְפַּ֫חַת	mit.pa.chat	cloak
4305	מָטַר	ma.tar	to rain
4306	מָטַר	ma.tar	rain
4307	מַטָּרָה	mat.ta.rah	(Gate of the) Guard
4308	מַטְרֵד	mat.red	Matred
4309	מַטְרִי	mat.ri	Matrite
4310	מִי	mi	who?
4311	מֵידְבָא	me.de.va	Medeba
4312	מֵידָד	me.dad	Medad
4313	מֵי הַיַּרְקוֹן	me hay.yar.qon	Me-jarkon
4314	מֵי זָהָב	me za.hav	Mezahab
4315	מֵיטָב	me.tav	best
4316	מִיכָא	mi.kah	Mica
4317	מִיכָאֵל	mi.kha.el	Michael
4318	מִיכָא	mi.kah	Mica
4320	מִיכָה	mi.khah	Micah
4321	מִיכָה	mi.khah	Micaiah
4322	מִיכָיָ֫הוּ	mi.kha.ya.hu	Micaiah
4323	מִיכָל	mi.khal	brook
4324	מִיכַל	mi.khal	Michal
4325	מַי	ma.yim	water
4326	מִיָּמִן	miy.ya.min	Mijamin
4327	מִין	min	kind
4329	מוּסָךְ	me.sakh	portico
4330	מִיץ	mits	pressing
4331	מֵישָׁא	me.sah	Mesha
4332	מִישָׁאֵל	mi.sha.el	Mishael
4334	מִישׁוֹר	mi.shor	plain
4337	מֵישָׁע	me.sah	Mareshah
4338	מֵישַׁע	me.sah	Mesha
4339	מֵישָׁר	me.shar	uprightness
4340	מֵיתָר	me.tar	cord
4341	מַכְאוֹב	makh.ov	pain
4342	מַכְבִּיר	makh.bir	to increase
4343	מַכְבֵּנָה	makh.be.nah	Machbenah
4344	מַכְבַּנַּי	makh.ban.nay	Machbannai
4345	מִכְבָּר	makh.ber	grate
4346	מַכְבֵּר	makh.bar	cloth
4347	מַכָּה	mak.kah	wound
4348	מִכְוָה	mikh.vah	burn
4349	מָכוֹן	ma.khon	foundation
4350	מְכוֹנָה	me.kho.nah	base
4351	מְכֹרָה	me.khu.rah	origin
4352	מָכִי	ma.khi	Machi
4353	מָכִיר	ma.khir	Machir
4355	מָכַךְ	ma.khakh	to sink
4356	מִכְלָה	mikh.la.ah	fold
4357	מִכְלָה	mikh.lah	perfection
4358	מִכְלוֹל	mikh.lol	perfection
4359	מִכְלָל	mikh.lal	perfection
4360	מַכְלֻל	mikh.lul	perfection
4361	מַכֹּ֫לֶת	mak.ko.let	food
4362	מִכְמָן	mikh.man	hidden
4363	מִכְמָס, מִכְמָשׂ	mikh.mas	Michmash
4364	מִכְמָר	makh.mar	net
4365	מִכְמֶ֫רֶת	mikh.me.ret	net
4366	מִכְמְתָת	mikh.me.tat	Michmethath
4367	מַכְנַדְבַי	makh.nad.vay	Machnadebai
4368	מְכֹנָה	me.kho.nah	Meconah
4370	מִכְנָס	mikh.nas	undergarment
4371	מֶ֫כֶס	me.khes	tribute
4372	מִכְסֶה	mikh.seh	covering
4373	מִכְסָה	mikh.sah	number
4374	מְכַסֶּה	me.khas.seh	covering
4375	מַכְפֵּלָה	makh.pe.lah	Machpelah
4376	מָכַר	ma.khar	to sell
4377	מֶ֫כֶר	me.kher	merchandise
4378	מַכָּר	mak.kar	acquaintance
4379	מִכְרֶה	mikh.reh	pit
4380	מְכֵרָה	me.khe.rah	sword
4381	מִכְרִי	mikh.ri	Michri
4382	מְכֵרָתִי	me.khe.ra.ti	Mecherathite
4383	מִכְשׁוֹל	mikh.shol	stumbling
4384	מַכְשֵׁלָה	makh.she.lah	ruins
4385	מִכְתָּב	mikh.tav	writing
4386	מְכִתָּה	me.khit.tah	fragment
4387	מִכְתָּם	mikh.tam	Miktam
4388	מַכְתֵּשׁ	makh.tesh	hollow
4389	מַכְתֵּשׁ	makh.tesh	Mortar
4390	מָלֵא	ma.le	to fill
4392	מָלֵא	ma.le	full
4393	מְלֹא	me.lo	fullness
4394	מִלֻּא	mil.lu	setting
4395	מְלֵאָה	me.le.ah	fruit
4396	מִלֻּאָה	mil.lu.ah	setting
4397	מַלְאָךְ	ma.le.akh	messenger
4399	מְלָאכָה	me.la.khah	work
4400	מַלְאָכוּת	mal.a.khut	message
4401	מַלְאָכִי	mal.a.khi	Malachi
4402	מִלֵּאת	mil.let	setting
4403	מַלְבּוּשׁ	mal.bush	garment
4404	מַלְבֵּן	mal.ben	brick
4405	מִלָּה	mil.lah	speech
4407	מִלּוֹא	mil.lo	Millo
4408	מַלּוּחַ	mal.lu.ach	mallow
4409	מַלּוּךְ	mal.lukh	Malluch
4410	מְלוּכָה	me.lu.khah	kingship
4411	מָלוֹן	ma.lon	lodging
4412	מְלוּנָה	me.lu.nah	lodge
4413	מַלּוֹתִי	mal.lo.ti	Mallothi
4414	מָלַח	ma.lach	to dissipate
4416	מְלַח	me.lach	salt
4417	גַּיְא	gay	(Salt) Valley
4418	מֶ֫לַח	ma.lach	rag
4419	מַלָּח	mal.lach	mariner
4420	מְלֵחָה	me.le.chah	saltiness
4421	מִלְחָמָה	mil.cha.mah	battle
4422	מָלַט	ma.lat	to escape
4423	מֶ֫לֶט	me.let	mortar
4424	מְלַטְיָה	me.lat.yah	Melatiah
4425	מְלִילָה	me.li.lah	ear
4426	מְלִיצָה	me.li.tsah	mockery
4427	מָלַךְ	ma.lakh	to reign
4428	דֶּ֫רֶךְ	de.rekh	(King's) Highway
4429	מֶ֫לֶךְ	me.lekh	Melech
4432	מֶ֫לֶךְ	me.lekh	Milcom
4434	מַלְכֹּ֫דֶת	mal.ko.det	snare
4435	מִלְכָּה	mil.kah	Milcah
4436	מַלְכָּה	mal.kah	queen
4438	מַלְכוּ	mal.khu	kingdom
4439	מַלְכִּיאֵל	mal.ki.el	Malchiel
4441	מַלְכִּיָּהוּ	mal.kiy.yah	Malchijah
4442	מַלְכִּי־צֶ֫דֶק	mal.ki-tse.deq	Melchizedek
4443	מַלְכִּירָם	mal.ki.ram	Malchiram
4444	מַלְכִּישׁוּעַ	mal.ki.shu.a	Malchi-shua
4445	מַלְכָּם	mal.kam	Malcam
4446	מְלֶ֫כֶת	me.le.khet	queen
4447	הַמֹּלֶכֶת	mo.le.khet	Hammolecheth
4448	מָלַל	ma.lal	to speak
4450	מִֽלֲלַי	mi.la.lay	Milalai
4451	מַלְמֵד	mal.mad	oxgoad
4452	מָלַץ	ma.lats	to smooth
4453	מֶלְצָר	mel.tsar	`steward`
4454	מָלַק	ma.laq	to nip
4455	מַלְקוֹחַ	mal.qo.ach	prey
4456	מַלְקוֹשׁ	mal.qosh	spring rain
4457	מֶלְקָחַ֫יִם	mel.qach	tong
4458	מֶלְתָּחָה	mel.ta.chah	apparel
4460	מַמְּגֻרוֹת	mam.m.gu.rah	granary
4461	מֵמַד	me.mad	measurement
4462	מְמוּכָן	me.mu.khan	Memucan
4463	מָמוֹת	ma.mot	death
4464	מַמְזֵר	mam.zer	bastard
4465	מִמְכָּר	mim.kar	sale
4466	מִמְכֶּ֫רֶת	mim.ke.ret	sale
4467	מַמְלָכָה	mam.la.khah	kingdom
4468	מַמְלָכוּת	mam.la.khut	kingdom
4469	מִמְסָךְ	mam.sakh	mixed drink
4470	מֶ֫מֶר	me.mer	bitterness
4471	מַמְרֵא	mam.re	Mamre
4472	מַמְרוֹר	mam.ror	bitterness
4473	מִמְשַׁח	mim.shach	expanded
4474	מִמְשָׁל	mim.shal	dominion
4475	מֶמְשָׁלָה	mem.sha.lah	dominion
4476	מִמְשָׁק	mim.shaq	possession
4477	מַמְתַֿקִּים	mam.taq	sweetness
4478	מָן	man	manna
4480	מִן־	min	from
4482	מֵן	men	string
4485	מַנְגִּינָה	man.gi.nah	mocking
4487	מְנָה	me.nah	to reckon/appoint
4488	מְנֵא	me.ne	mina
4489	מֹנֶה	mo.neh	time
4490	מָנָה	ma.nah	portion
4491	מִנְהָג	min.hag	driving
4492	מִנְהָרָה	min.ha.rah	cave
4493	מָנוֹד	ma.nod	shaking
4494	מָנוֹחַ	ma.no.ach	resting
4495	מָנוֹחַ	ma.no.ach	Manoah
4496	מְנוּחָה	me.nu.chah	resting
4497	מָנוֹן	ma.non	progeny
4498	מָנוֹס	ma.nos	refuge
4499	מְנוּסָה	me.nu.sah	fugitive
4500	מָנוֹר	ma.nor	loom-beam
4501	מְנוֹרָה	me.no.rah	lampstand
4502	מִנְזָר	min.n.zar	prince
4503	מִנְחָה	min.chah	offering
4505	מְנַחֵם	me.na.chem	Menahem
4506	חֲצִי	cha.tsi ham.m.nu.chot	Half-of (Manahathites)
4507	מְנִי	me.ni	Destiny
4508	מִנִּי	min.ni	Minni
4509	מִנְיָמִין	min.ya.min	Miniamin
4511	מִנִּית	min.nit	Minnith
4512	מִנְלֶה	min.leh	gain
4513	מָנַע	ma.na	to withhold
4514	מַנְעוּל	man.ul	bolt
4515	מִנְעָל	min.al	bolt
4516	מַנְעַמִּים	man.am	delicacy
4517	מְנַעֲנֵעַ	me.na.na	castanets
4518	מְנַקִּיָּה	me.naq.qiy.yah	bowl
4519	מְנַשֶּׁה	me.nash.sheh	Manasseh
4521	מְנָת	me.nat	portion
4522	מַס	mas	taskworker
4523	מָס	mas	despairing
4524	מֵסַב	me.sav	surrounds
4525	מַסְגֵּר	mas.ger	locksmith
4526	מִסְגֶּ֫רֶת	mis.ge.ret	perimeter
4527	מַסַּד	mas.sad	foundation
4528	מִסְדְּרוֹן	mis.de.ron	porch
4529	מָסָה	ma.sah	to liquefy
4530	מִסַּת	mis.sah	payment
4531	מַסָּה	mas.sah	despair
4532	מַסָּה	mas.sah	Massah
4533	מַסְוֶה	mas.veh	veil
4534	מְסוּכָה	me.su.khah	hedge
4535	מַסָּח	mas.sach	defense
4536	מִסְחָר	mis.char	merchandise
4537	מָסַךְ	ma.sakh	to mix
4538	מֶ֫סֶךְ	me.sekh	mixture
4539	מָסָךְ	ma.sakh	covering
4540	מְסֻכָֿה	me.suk.kah	covering
4541	מַסֵּכָה	mas.se.khah	liquid
4542	מִסְכֵּן	mis.ken	poor
4543	מִסְכְּנוֹת	mis.ke.nah	storage
4544	מִסְכֵּנֻת	mis.ke.nut	poverty
4545	מַסֶּ֫כֶת	mas.se.khet	weave
4546	מְסִלָּה	me.sil.lah	highway
4547	מַסְלוּל	mas.lul	highway
4548	מַסְמֵר	mas.mer	nail
4549	מָסַס	ma.sas	to melt
4550	מַסַּע	mas.sa	journey
4551	מַסָּע	mas.sa	quarry
4552	מִסְעָד	mis.ad	support
4553	מִסְפֵּד	mis.ped	mourning
4554	מִסְפּוֹא	mis.po	fodder
4555	מִסְפָּחָה	mis.pa.chah	veil
4556	מִסְפַּ֫חַת	mis.pa.chat	scab
4557	מִסְפָּר	mis.par	number
4558	מִסְפָּר	mis.par	Mispar
4560	מָסַר	ma.sar	to commit
4562	מָסֹ֫רֶת	ma.so.ret	pledge
4563	מִסְתּוֹר	mis.tor	shelter
4564	מַסְתֵּר	mas.ter	hiding
4565	מִסְתָּר	mis.tar	hiding
4566	מַעְבָּד	ma.bad	work
4568	מַעֲבֶה	ma.a.veh	thickness
4569	מַעֲבָר	ma.a.var	ford
4570	מַעְגָּל	ma.gal	track
4571	מָעַד	ma.ad	to slip
4572	מַעֲדַי	ma.a.day	Maadai
4574	מַעֲדָן	ma.a.dan	delicacy
4575	מַעֲדַנּוֹת	ma.a.dan.nah	bond
4576	מַעְדֵּר	ma.der	hoe
4578	מְעָא	me.ah	belly
4579	מָעָה	me.ah	grain
4580	מָעוֹג	ma.og	bun
4581	מָעוֹז	ma.oz	security
4582	מָעוֹךְ	ma.okh	Maoch
4583	מָעוֹן	ma.on	habitation
4584	מָעוֹן	ma.on	Maon
4585	מְעֹנָה	me.o.nah	habitation
4586	מְעוּנִים	me.u.ni	Meunite
4587	מְעוֹנֹתַי	me.o.no.tay	Meonothai
4588	מָעוּף	ma.uph	gloom
4589	מָעוֹר	ma.or	nakedness
4590	מוֹעַדְיָה	mo.ad.yah	Moadiah
4591	מָעַט	ma.at	to diminish
4592	מְעַט	me.at	little
4593	מָעֹט	ma.ot	sharp
4594	מַעֲטֶה	ma.a.teh	mantle
4595	מַעֲטָפָה	ma.a.ta.phah	overtunic
4596	מְעִי	me.i	heap
4597	מָעַי	ma.ay	Maai
4598	מְעִיל	me.il	robe
4599	מַעְיָן	ma.yan	spring
4600	מָעַךְ	ma.akh	to bruise
4601	מִיכָיָ֫הוּ	mi.kha.ya.hu	Micaiah
4603	מָעַל	ma.al	be unfaithful
4604	מַ֫עַל	ma.al	unfaithfulness
4605	מַ֫עַל	ma.al	above
4606	מֶעָל	me.al	going down
4607	מֹ֫עַל	mo.al	lifting
4608	מַעֲלֶה	ma.a.leh	ascent
4609	מַעֲלָה	ma.a.lah	thought
4610	עַקְרַבִּים	ma.a.leh aq.rab.bim	Akrabbim
4611	מַעֲלָל	ma.a.lal	deed
4612	מַעֲמָד	ma.a.mad	office
4613	מׇעֳמָ֑ד	mo.o.mad	foothold
4614	מַעֲמָסָה	ma.a.ma.sah	burden
4615	מַעֲמַקִּים	ma.a.maq	deep
4616	מַ֫עַן	ma.an	because
4617	מַעֲנֶה	ma.a.neh	answer
4618	מַעֲנָה	ma.a.nah	furrow
4619	מַ֫עַץ	ma.ats	Maaz
4620	מַעֲצֵבָה	ma.a.tse.vah	torment
4621	מַעֲצָד	ma.a.tsad	axe
4622	מַעְצוֹר	ma.tsor	restraint
4623	מַעְצָר	ma.tsar	restraint
4624	מַעֲקֶה	ma.a.qeh	parapet
4625	מַעֲקָשׁ	ma.a.qash	crooked place
4626	מַעַר	ma.ar	nakedness
4627	מַעֲרָב	ma.a.rav	merchandise
4628	מַעֲרָב	ma.a.rav	west
4629	גֶּ֫בַע	ge.va	(Maareh)-geba
4631	מְעָרָה	me.a.rah	cave
4632	מְעָרָה	me.a.rah	Mearah
4633	מַעֲרָךְ	ma.a.rakh	plan
4634	מַעֲרָה	ma.a.rah	army
4635	מַעֲרֶ֫כֶת	ma.a.re.khet	row
4636	מַעֲרֹם	ma.a.rom	naked
4637	מַעֲרָצָה	ma.a.ra.tsah	terror
4638	מַעֲרָת	ma.a.rat	Maarath
4639	מַעֲשֶׂה	ma.a.seh	deed: work
4640	מַעֲשַׂי	ma.a.say	Maasai
4641	מַעֲשֵׂיָהוּ	ma.a.se.yah	Maaseiah
4642	מַעֲשַׁקָּה	ma.a.shaq.qah	oppression
4643	מַעֲשֵׂר	ma.a.ser	tithe
4645	מִפְגָּע	miph.ga	target
4646	מַפָּח	map.pach	exhalation
4647	מַפֻּחַ	map.pu.ach	bellow
4648	מְפִיבֹשֶׁת	me.phi.vo.shet	Mephibosheth
4649	מֻפִּים	mup.pim	Muppim
4650	מֵפִיץ	me.phits	war-club
4651	מַפָּל	map.pal	refuse
4652	מִפְלָאָה	miph.la.ah	wonder
4653	מִפְלַגָּה	miph.lag.gah	division
4654	מַפָּלָה	map.pa.lah	ruin
4655	מִפְלָט	miph.lat	escape
4656	מִפְלֶ֫צֶת	miph.le.tset	horror
4657	מִפְלָשׂ	miph.la.s	swaying
4658	מַפֶּ֫לֶת	map.pe.let	carcass
4659	מִפְעָל	miph.al	work
4660	מַפָּץ	map.pats	shattering
4661	מַפֵּץ	map.pets	war-club
4662	מִפְקָד	miph.qad	Muster (Gate)
4664	מִפְרָץ	miph.rats	landing
4665	מַפְרֶקֶת	miph.re.qet	neck
4666	מִפְרָשׂ	miph.ra.s	spreading
4667	מִפְשָׂעָה	miph.sa.ah	hip
4668	מַפְתֵּחַ	maph.te.ach	key
4669	מִפְתָּח	miph.tach	opening
4670	מִפְתָּן	miph.tan	threshold
4671	מוֹץ	mots	chaff
4672	מָצָא	ma.tsa	to find
4673	מַצָּב	mats.tsav	station
4674	מֻצָּב	muts.tsav	entrenchment
4675	מִצָּבָה	mats.tsa.vah	guard
4676	מַצֵּבָה	mats.tse.vah	pillar
4677	מְצֹבָיָה	me.tso.va.yah	Mezobaite
4678	מַצֶּבֶת	mats.tse.vet	pillar
4679	מְצָד	me.tsad	stronghold
4680	מָצָה	ma.tsah	to drain
4681	מֹצָה	mo.tsah	Mozah
4682	מַצָּה	mats.tsah	unleavened bread
4683	מַצָּה	mats.tsah	strife
4684	מַצְהָלָה	mats.ha.lah	neighing
4685	מָצוֹד	ma.tsod	siegework
4686	מְצוּדָה	ma.tsu.dah	net
4687	מִצְוָה	mits.vah	commandment
4688	מְצוֹלָה	me.tso.lah	depth
4689	מָצוֹק	ma.tsoq	distress
4690	מָצוּק	ma.tsuq	pillar
4691	מְצוּקָה	me.tsu.qah	distress
4692	מָצוֹר	ma.tsor	siege
4694	מְצוּרָה	me.tsu.rah	fortress
4695	מַצּוּת	mats.tsut	strife
4696	מֵ֫צַח	me.tsach	forehead
4697	מִצְחָה	mits.chah	greave
4698	מְצִלָּה	me.tsil.lah	bell
4699	מְצֻלָה	me.tsul.lah	ravine
4700	מְצִלְתַּיִם	me.tse.let	cymbal
4701	מִצְנֶ֫פֶת	mits.ne.phet	turban
4702	מַצָּע	mats.tsa	bed
4703	מִצְעָד	mits.ad	step
4704	מִצְּעִירָה	mits.ts.i.rah	little
4705	מִצְעָר	mits.ar	little
4706	מִצְעָר	mits.ar	(Mount) Mizar
4707	מִצְפֶּה	mits.peh	lookout
4708	מִצְפֶּה	mits.peh	Mizpeh
4709	בִּקְעָה	biq.ah	(Mizpah) Valley
4710	מַצְפּוֹן	mits.pun	treasure
4711	מָצַץ	ma.tsats	to drink deeply
4712	מֵצַר	me.tsar	terror
4714	מָצוֹר	ma.tsor	Egypt
4715	מַצְרֵף	mits.reph	crucible
4716	מַק	maq	decay
4718	מַקָּבָה	maq.qa.vah	hammer
4719	מַקֵּדָה	maq.qe.dah	Makkedah
4720	מִקְדָּשׁ	miq.dash	sanctuary
4721	מַקְהֵל	maq.hel	assembly
4722	מַקְהֵלֹת	maq.he.lot	Makheloth
4723	קֹוֶה	qo.veh	Kue
4724	מִקְוָה	miq.vah	reservoir
4725	מָקוֹם	ma.qom	place
4726	מָקוֹר	ma.qor	fountain
4727	מִקָּח	miq.qach	taking
4728	מַקָּחָה	maq.qa.chah	ware
4729	מִקְטָר	miq.tar	fumigation
4730	מִקְטֶ֫רֶת	miq.te.ret	censer
4731	מַקֵּל	maq.qel	rod
4732	מִקְלוֹת	miq.lot	Mikloth
4733	מִקְלָט	miq.lat	refuge
4734	מִקְלַ֫עַת	miq.la.at	engraving
4735	מִקְנֶה	miq.neh	livestock
4736	מִקְנָה	miq.nah	purchase
4737	מִקְנֵיָ֫הוּ	miq.ne.ya.hu	Mikneiah
4738	מִקְסָם	miq.sam	divination
4739	מָקַץ	ma.qats	Makaz
4740	מִקְצֹעַ	maq.tso.a	Angle
4741	מַקְצֻעָה	maq.tsu.ah	plane
4743	מָקַק	ma.qaq	to rot
4744	מִקְרָא	miq.ra	assembly
4745	מִקְרֶה	miq.reh	accident
4746	מְקָרֶה	me.qa.reh	rafter
4747	מְקֵרָה	me.qe.rah	cool
4748	מִקְשֶׁה	miq.sheh	hairstyle
4749	מִקְשָׁה	miq.shah	beating
4750	מִקְשָׁה	miq.shah	cucumber field
4751	מַר	mar	bitter
4752	מַר	mar	drop
4753	מֹר	mor	myrrh
4754	מָרָא	ma.ra	to flap
4756	מָרֵא	ma.re	lord
4758	מַרְאֶה	mar.eh	appearance
4759	מַרְאָה	mar.ah	vision
4760	מֻרְאָה	mur.ah	crop
4762	מָרֵשָׁה	mar.e.shah	Mareshah
4763	מְרַאֲשָׁוֹת	mar.a.shah	head
4764	מִיכַל	mi.khal	Merab
4765	מַרְבָד	mar.vad	covering
4766	מַרְבֶה	mar.veh	abundance
4767	מִרְבָּה	mir.bah	much
4768	מַרְבִּית	mar.bit	greatness
4769	מַרְבֵּץ	mar.bets	resting
4770	מַרְבֵּק	mar.beq	stall
4771	מַרְגּוֹעַ	mar.go.a	rest
4772	מַרְגְּלוֹת	mar.ge.lah	feet
4773	מַרְגֵּמָה	mar.ge.mah	sling
4774	מַרְגֵּעָה	mar.ge.ah	repose
4775	מָרַד	ma.rad	to rebel
4777	מְרַד	me.rad	rebellion
4778	מֶ֫רֶד	me.red	Mered
4779	מָרָד	ma.rad	rebellious
4780	מַרְדּוּת	mar.dut	rebellious
4781	מְרֹדָךְ	me.ro.dakh	Merodach
4782	מׇרְדֳּכַי	mor.de.khay	Mordecai
4783	מֻרְדָּף	mur.daph	persecution
4784	מָרָה	ma.rah	to rebel
4785	מָרָה	ma.rah	Marah
4786	מֹרָה	mo.rah	bitterness
4787	מׇרָּה	mor.rah	bitterness
4788	מָרוֹד	ma.rud	wandering
4789	מֵרוֹז	me.roz	Meroz
4790	מְרוֹחַ	me.ro.ach	crushed
4791	מָרוֹם	ma.rom	height
4792	מֵרוֹם	me.rom	Merom
4793	מֵרוֹץ	me.rots	race
4794	מְרוּצָה	me.ru.tsah	running
4795	מָרוּק	ma.ruq	rubbing
4796	מָרוֹת	ma.rot	Maroth
4797	מִרְזַח	mir.zach	banquet
4798	מַרְזֵחַ	mar.ze.ach	mourning
4799	מָרַח	ma.rach	to rub
4800	מֶרְחָב	mer.chav	broad
4801	מֶרְחָק	mer.chaq	distance
4802	מַרְחֶ֫שֶׁת	mar.che.shet	pan
4803	מוֹרָט	mo.rat	to peel
4805	מְרִי	me.ri	rebellion
4806	מְרִיא	me.ri	fatling
4808	מְרִיבָה	me.ri.vah	provocation
4809	מְרִיבָה	me.ri.vah	Meribah
4811	מְרָיָה	me.ra.yah	Meraiah
4812	מְרָיוֹת	me.ra.vot	Meraioth
4813	מִרְיָם	mir.yam	Miriam
4814	מְרִירוּת	me.ri.rut	bitterness
4815	מְרִירִי	me.ri.ri	bitter
4816	מֹ֫רֶךְ	mo.rekh	weakness
4817	מֶרְכָּב	mer.kav	chariot
4818	מֶרְכָּבָה	mer.ka.vah	chariot
4819	מַרְכֹּ֫לֶת	mar.ko.let	market
4820	מִרְמָה	mir.mah	deceit
4821	מִרְמָה	mir.mah	Mirmah
4822	מְרָיוֹת	me.ra.vot	Meraioth
4823	מִרְמָס	mir.mas	trampling
4824	מֵרֹנֹתִי	me.ro.no.ti	Meronothite
4825	מֶ֫רֶס	me.res	Meres
4826	מַרְסְנָא	mar.se.na	Marsena
4827	מֵרַע	me.ra	mischief
4828	מֵרֵעַ	me.re.a	companion
4829	מִרְעֶה	mir.eh	pasture
4830	מַרְעִית	mir.it	pasturing
4831	מַרְעֲלָה	mar.a.lah	Mareal
4832	מַרְפֵּא	mar.pe	healing
4833	מַרְפֵּשׂ	mir.pa.s	mud
4834	מָרַץ	ma.rats	be sick
4835	מְרוּצָה	me.ru.tsah	oppression
4836	מַרְצֵעַ	mar.tse.a	awl
4837	מַרְצֶ֫פֶת	mar.tse.phet	pavement
4838	מָרַק	ma.raq	to polish
4839	מָרָק	ma.raq	broth
4840	מֶרְקָח	mer.qach	spice
4841	מֶרְקָחָה	mer.qa.chah	ointment pot/seasoning
4842	מִרְקַ֫חַת	mir.qa.chat	ointment
4843	מָרַר	ma.rar	to provoke
4844	מָרֹר	me.ror	bitterness
4845	מְרֵרָה	me.re.rah	gall
4846	מְרֹרָה	me.ro.rah	gall
4847	מְרָרִי	me.ra.ri	Merari
4849	מִרְשַׁ֫עַת	mir.sha.at	wickedness
4851	מַשׁ	mash	Mash
4852	מֵשָׁא	me.sah	Mesha
4853	מַשָּׂא	mas.sa	burden
4854	מַשָּׂא	mas.sa	Massa
4855	מַשָּׁא	mash.sah	interest
4856	מַשֹּׂא	mas.so	respect
4857	מַשְׁאָב	mash.av	well
4858	מַשָּׂאָה	mas.sa.ah	smoke
4859	מַשָּׁאָה	mash.sha.ah	loan
4860	מַשָּׁאוֹן	mash.sha.on	guile
4861	מִשְׁאָל	mish.al	Mishal
4862	מִשְׁאָלָה	mish.a.lah	petition
4863	מִשְׁאֶ֫רֶת	mish.e.ret	kneading
4864	מַשְׂאֵת	mas.et	tribute
4865	מִשְׁבְּצוֹת	mish.be.tsah	filigree
4866	מַשְׁבֵּר	mish.ber	birth
4867	מִשְׁבָּר	mish.bar	wave
4868	מִשְׁבָּת	mish.bat	annihilation
4869	מִשְׂגָּב	mis.gav	high refuge
4870	מִשְׁגֶּה	mish.geh	mistake
4871	מָשָׁה	ma.shah	to draw
4872	מְנַשֶּׁה	me.nash.sheh	Moses
4874	מַשֶּׁה	mash.sheh	loan
4875	מְשׁוֹאָה	me.sho.ah	desolation
4876	מַשּׁוּאָה	mash.shu.ah	desolation
4877	מְשׁוֹבָב	me.sho.vav	Meshobab
4878	מְשׁוּבָה	me.shu.vah	faithlessness
4879	מְשׁוּגָה	me.shu.gah	error
4880	מָשׁוֹט	ma.shot	oar
4881	מְשֻכָֿה	me.su.khah	hedge
4883	מַשּׂוֹר	mas.s.vor	saw
4884	מְשׂוּרָה	me.su.rah	capacity
4885	מָשׂוֹשׂ	ma.s.vo.s	rejoicing
4886	מָשַׁח	ma.shach	to anoint
4887	מְשַׁח	me.shach	oil
4888	מִשְׁחָה	mish.chah	anointing
4889	מַשְׁחִית	mash.chit	destruction
4890	מִשְׂחַק	mis.chaq	laughing
4891	מִשְׁחָר	mish.char	dawn
4892	מַשְׁחֵת	mash.chet	destruction
4893	מִשְׁחַת	mish.chat	mutilation
4894	מִשְׁטָח	mish.tach	spreading-place
4895	מַשְׂטֵמָה	mas.te.mah	hatred
4896	מִשְׁטָר	mish.tar	rule
4897	מֶ֫שִׁי	me.shi	silk
4898	מְשֵׁיזַבְאֵל	me.she.zav.el	Meshezabel
4899	מָשִׁיחַ	ma.shi.ach	anointed
4900	מָשַׁךְ	ma.shakh	to draw
4901	מֶ֫שֶׁךְ	me.shekh	bag/price
4902	מֶ֫שֶׁךְ	me.shekh	Meshech
4904	מִשְׁכַּב	mish.kav	bed
4905	מַשְׂכִּיל	mas.kil	Maskil
4906	מַשְׂכִּית	mas.kit	figure
4908	מִשְׁכַּן	mish.kan	habitation
4909	מַשְׂכֹּ֫רֶת	mas.ko.ret	wage
4910	מָשַׁל	ma.shal	to rule
4911	מָשַׁל	ma.shal	to liken
4912	מָשָׁל	ma.shal	proverb
4914	מְשֹׁל	me.shol	byword
4915	מֹ֫שֶׁל	mo.shel	likeness
4916	מִשְׁלַח	mish.lach	sending
4917	מִשְׁלַ֫חַת	mish.la.chat	deputation
4918	אַחְזַי	ach.zay	Ahzai
4919	מְשִׁלֵּמוֹת	me.shil.le.mot	Meshillemoth
4920	מְשֶׁלֶמְיָהוּ	me.she.lem.yah	Meshelemiah
4921	מְשִׁלֵּמוֹת	me.shil.le.mot	Meshillemoth
4922	מְשֻׁלֶּ֫מֶת	me.shul.le.met	Meshullemeth
4923	מְשַׁמָּה	me.sham.mah	devastation
4924	שָׁמָן	she.man	fat
4925	מִשְׁמַנָּה	mish.man.nah	Mishmannah
4926	מִשְׁמָע	mish.ma	hearing
4927	מִשְׁמָע	mish.ma	Mishma
4928	מִשְׁמַ֫עַת	mish.ma.at	guard
4929	מִשְׁמָר	mish.mar	custody
4930	מַשְׂמְרָה	mas.m.rah	nail
4931	מִשְׁמֶ֫רֶת	mish.me.ret	charge
4932	מִשְׁנֶה	mish.neh	Second [Quarter]
4933	מְשׁוּסָה	me.shu.sah	spoil
4934	מִשְׁעוֹל	mish.ol	passage
4935	מִשְׁעִי	mish.i	cleansing
4936	מִשְׁעָם	mish.am	Misham
4937	מִשְׁעָן	mish.an	support
4938	מִשְׁעֵנָה	mish.e.nah	support
4939	מִשְׂפָּח	mis.pach	bloodshed
4940	מִשְׁפָּחָה	mish.pa.chah	family
4941	מִשְׁפָּט	mish.pat	justice: judgement
4942	מִשְׁפְּתַ֫יִם	mish.pat	sheepfold
4943	מֶ֫שֶׁק	me.sheq	acquisition
4944	מַשָּׁק	mash.shaq	rushing
4945	מַשְׁקֶה	mash.qeh	irrigation
4946	מִשְׁקוֹל	mish.qol	weight
4947	מַשְׁקוֹף	mash.qoph	lintel
4948	מִשְׁקָל	mish.qal	weight
4949	מִשְׁקֶ֫לֶת	mish.qe.let	level
4950	מִשְׁקָע	mish.qa	clarified
4951	מִשְׂרָה	mis.rah	dominion
4952	מִשְׁרָה	mish.rah	juice
4953	מַשְׁרוֹקִי	mash.ro.qi	flute
4954	מִשְׁרָעִי	mish.ra.i	Mishraite
4955	מִשְׂרָפָה	mis.ra.phah	burning
4956	מִשְׂרְפוֹת מַיִם	mis.r.phot ma.yim	Misrephoth-maim
4957	מַשְׂרֵקָה	mas.re.qah	Masrekah
4958	מַשְׂרֵת	mas.ret	pan
4959	מָשַׁשׁ	ma.shash	to feel
4960	מִשְׁתֶּה	mish.teh	feast
4962	מַת	mat	man
4963	מַתְבֵּן	mat.ben	straw
4964	מֶ֫תֶג	me.teg	bridle
4966	מָתוֹק	ma.toq	sweet
4967	מְתוּשָׁאֵל	me.tu.sha.el	Methushael
4968	מְתוּשֶׁ֫לַח	me.tu.she.lach	Methuselah
4969	מָתַח	ma.tach	to spread
4970	מָתַי	ma.tay	how
4971	מַתְכֹ֫נֶת	mat.kho.net	tally
4972	מַתְּלָאָה	mat.t.la.ah	weariness
4973	מַלְתָּעָה	mal.ta.ah	tooth
4974	מְתֹם	me.tom	soundness
4975	מׇתְנַ֫יִם	mo.ten	loin
4976	מַתָּן	mat.tan	gift
4977	מַתָּן	mat.tan	Mattan
4979	מַתְּנָא	mat.t.na	gift
4980	מַתָּנָה	mat.ta.nah	Mattanah
4981	מִתְנִי	mit.ni	Mithnite
4982	מַתְּנַי	mat.t.nay	Mattenai
4983	מַתַּנְיָ֫הוּ	mat.tan.yah	Mattaniah
4985	מָתֹק	ma.taq	be sweet
4986	מֶ֫תֶק	me.teq	sweetness
4987	מֹ֫תֶק	mo.teq	sweetness
4989	מִתְקָה	mit.qah	Mithkah
4990	מִתְרְדָת	mit.re.dat	Mithredath
4991	מַתַּת	mat.tat	gift
4992	מַתַּתָּה	mat.tat.tah	Mattattah
4993	מַתִּתְיָ֫הוּ	mat.tit.yah	Mattithiah
4994	נָא	na	please
4995	נָא	na	raw
4996	נֹא	no	Thebes
4997	נֹאד	nod	wineskin
4998	נָאָה	na.ah	be lovely
4999	נָוָה	na.ah	habitation
5000	נָאוֶה	na.eh	lovely
5001	נָאַם	na.am	to prophesy
5002	נְאֻם	ne.um	utterance
5003	נָאַף	na.aph	to commit adultery
5004	נִאֻף	ni.uph	adultery
5005	נַאֲפוּף	na.a.phuph	adultery
5006	נָאַץ	na.ats	to spurn
5007	נְאָצָה	ne.a.tsah	contempt
5008	נָאַק	na.aq	to groan
5009	נְאָקָה	ne.a.qah	groan
5010	נָאַר	na.ar	to disown
5011	נֹב	nov	Nob
5012	נָבָא	na.va	to prophesy
5014	נָבַב	na.vav	be hollow
5015	נְבוֹ	ne.vo	Nebo
5016	נְבוּאָה	ne.vu.ah	prophecy
5018	נְבוּזַרְאֲדָן	ne.vu.zar.a.dan	Nebuzaradan
5019	נְבוּכַדְרֶאצַּר, נְבוּכַדְנֶצַּר	ne.vu.khad.nets.tsar	Nebuchadnezzar
5021	נְבוּשַׁזְבָּן	ne.vu.shaz.ban	Nebushazban
5022	נָבוֹת	na.vot	Naboth
5023	נְבִזְבָּה	ne.viz.bah	reward
5024	נָבַח	na.vach	to bark
5025	נֹ֫בַח	no.vach	Nobah
5026	נִבְחַז	niv.chaz	Nibhaz
5027	נָבַט	na.vat	to look
5028	נְבָט	ne.vat	Nebat
5030	נְבִיא	ne.vi	prophet
5031	נְבִיאָה	ne.vi.ah	prophetess
5032	נְבָיוֹת	ne.va.vot	Nebaioth
5033	נֵ֫בֶךְ	ne.vekh	spring
5034	נָבַל	na.val	be senseless
5035	נֵ֫בֶל	ne.vel	bag
5036	נָבָל	na.val	foolish
5037	נָבָל	na.val	Nabal
5038	נְבֵלָה	ne.ve.lah	carcass
5039	נְבָלָה	ne.va.lah	folly
5040	נַבְלוּת	nav.lut	lewdness
5041	נְבַלָּ֑ט	ne.val.lat	Neballat
5042	נָבַע	na.va	to bubble
5043	נֶבְרַשְׁתָּא	nev.re.sah	lampstand
5044	נִבְשָׁן	niv.shan	Nibshan
5045	נֶ֫גֶב	ne.gev	Negeb
5046	נָגַד	na.gad	to tell
5047	נְגַד	ne.gad	to flow
5048	נֶ֫גֶד	ne.ged	before
5050	נָגַהּ	na.gah	to shine
5051	נֹ֫גַהּ	no.gah	brightness
5052	נֹ֫גַהּ	no.gah	Nogah
5054	נְגֹהָה	ne.go.hah	brightness
5055	נָגַח	na.gach	to gore
5056	נַגָּח	nag.gach	goring
5057	נָגִיד	na.gid	leader
5058	נְגִינָה	ne.gi.nah	music
5059	נָגַן	na.gan	to play
5060	נָגַע	na.ga	to touch
5061	נֶ֫גַע	ne.ga	plague
5062	נָגַף	na.gaph	to strike
5063	נֶ֫גֶף	ne.geph	plague
5064	נָגַר	na.gar	to pour
5065	נָגַשׂ	na.ga.s	to oppress
5066	נָגַשׁ	na.gash	to approach: approach
5067	נֵד	ned	heap
5068	נָדַב	na.dav	be willing
5070	נָדָב	na.dav	Nadab
5071	נְדָבָה	ne.da.vah	voluntariness
5072	נְדַבְיָה	ne.dav.yah	Nedabiah
5073	נִדְבָּךְ	nid.bakh	layer
5074	נָדַד	na.dad	to wander
5076	נְדוּד	na.dud	tossing
5077	נָדָא	na.da	to drive away
5078	נֶ֑דֶה	ne.deh	gift
5079	נִדָּה	nid.dah	impurity
5080	נָדַח	na.dach	to banish
5081	נָדִיב	na.div	noble: willing
5082	נְדִיבָה	ne.di.vah	honor
5083	נָדָן	na.dan	gift
5084	נָדָן	na.dan	sheath
5086	נָדַף	na.daph	to drive
5087	נָדַר	na.dar	to vow
5088	נֶ֫דֶר	ne.der	vow
5089	נֹהַּ	no.ah	eminency
5090	נָהַג	na.hag	to lead
5091	נָהָה	na.hah	to wail
5092	נְהִי	ne.hi	wailing
5093	נִהְיָה	nih.yah	lament
5094	נְהִיר	ne.hir	light
5095	נָהַל	na.hal	to guide
5096	נַהֲלֹל	na.ha.lal	Nahalol
5097	נַהֲלֹל	na.ha.lol	watering
5098	נָהַם	na.ham	to groan
5099	נַ֫הַם	na.ham	roaring
5100	נְהָמָה	ne.ha.mah	groaning
5101	נָהַק	na.haq	to bray
5102	נְהִירוּ	ne.hi.ru	illumination
5104	נְהַר	ne.har	river
5105	נְהָרָה	ne.ha.rah	light
5106	נוּא	nu	to forbid
5107	נוּב	nuv	to bear fruit
5108	נוֹב	nov	fruit
5109	נוֹבָ֑י	no.vay	Nebai
5110	נוּד	nud	to wander
5112	נוֹד	nod	wandering
5113	נוֹד	nod	Nod
5115	נָוָה	na.vah	to beautify
5116	נָוֶה	na.veh	pasture
5117	יָנַח	ya.nach	to rest
5120	נוּט	nut	to shake
5121	נָוִית	na.vit	Naioth
5122	נְוָלוּ	ne.va.lu	dunghill
5123	נוּם	num	to slumber
5124	נוּמָה	nu.mah	drowsiness
5125	נוּן	nun	to propagate
5126	נוּן	nun	Nun
5127	נוּד	nud	to flee
5128	נוּעַ	nu.a	to shake
5129	נוֹעַדְיָה	no.ad.yah	Noadiah
5130	נוּף	nuph	to sprinkle
5131	נוֹף	noph	elevation
5132	נָצָה	na.tsah	to flee
5133	נוֹצָה	no.tsah	plumage
5134	נוּק	nuq	to suckle
5135	נוּר	nur	fire
5136	נוּשׁ	nush	be sick
5137	נָזָה	na.zah	to sprinkle
5138	נָזִיד	na.zid	stew
5140	נָזַל	na.zal	to flow
5141	נֶ֫זֶם	ne.zem	ring
5142	נְזַק	ne.zaq	to suffer injury
5143	נֶ֫זֶק	ne.zeq	injury
5144	נָזַר	na.zar	to dedicate
5145	נָזִיר	na.zir	Nazirite
5146	נֹחַ	no.ach	Noah
5147	נַחְבִּי	nach.bi	Nahbi
5148	נָחָה	na.chah	to lead
5150	נִחוּם	ni.chum	comfort
5151	נַחוּם	na.chum	Nahum
5152	נָחוֹר	na.chor	Nahor
5153	נָחוּשׁ	na.chush	bronze
5154	נְחוּשָׁה	ne.chu.shah	bronze
5155	נְחִילָה	ne.chi.lah	flute
5156	נָחִיר	ne.chir	nostril
5157	נָחַל	na.chal	to inherit
5158	נַ֫חַל	na.chal	torrent: river
5159	נַחֲלָה	na.cha.lah	inheritance
5161	נֶחֱלָמִי	ne.che.la.mi	Nehelam
5162	נָחַם	na.cham	to be sorry: comfort
5163	נַ֫חַם	na.cham	Naham
5164	נֹ֫חַם	no.cham	repentance
5165	נֶחָמָה	ne.cha.mah	comfort
5166	נְחֶמְיָה	ne.chem.yah	Nehemiah
5167	נַחֲמָנִי	na.cha.ma.ni	Nahamani
5169	נָחַץ	na.chats	to urge
5170	נַ֫חַר	na.char	snorting
5171	נַחֲרַי	na.cha.ray	Naharai
5172	נָחַשׁ	na.chash	to divine
5173	נַ֫חַשׁ	na.chash	divination
5175	נָחָשׁ	na.chash	serpent
5176	נָחָשׁ	na.chash	Nahash
5177	נַחְשׁוֹן	nach.shon	Nahshon
5178	נְחֹ֫שֶׁת	ne.cho.shet	bronze
5179	נְחֻשְׁתָּא	ne.chush.ta	Nehushta
5180	נְחֻשְׁתָּן	ne.chush.tan	Nehushtan
5181	נָחֵת	na.chat	to descend
5183	נַ֫חַת	na.chat	quietness
5184	נַ֫חַת	na.chat	Nahath
5185	נָחֵת	na.chet	descended
5186	נָטָה	na.tah	to stretch
5187	נָטִיל	ne.til	laden
5188	נְטִיפָה	ne.ti.phah	pendant
5189	נְטִישָׁה	ne.ti.shah	tendril
5190	נָטַל	na.tal	to lift
5192	נֵ֫טֶל	ne.tel	weight
5193	נָטַע	na.ta	to plant
5194	נֶ֫טַע	ne.ta	plantation
5195	נָטִיעַ	na.ti.a	plant
5196	נְטָעִים	ne.ta.im	Netaim
5197	נָטַף	na.taph	to drip/prophesy
5198	נָטָף	na.taph	drop
5199	נְטֹפָה	ne.to.phah	Netophah
5201	נָטַר	na.tar	to keep
5203	נָטַשׁ	na.tash	to leave
5204	נִי	ni	wailing
5205	נִיד	nid	solace
5206	נִידָה	ni.dah	filth
5207	נִיחֹחַ	ni.cho.ach	soothing
5209	נִין	nin	offspring
5210	נִינְוֵה	nin.veh	Nineveh
5211	נִיס	nis	fugitive
5213	נִיצוֹץ	ni.tsots	spark
5214	נִיר	nir	to break
5215	נִיר	nir	fallow ground
5216	נֵר	ner	lamp
5217	נָכָא	na.kah	to whip
5218	נָכָא	na.ka	stricken
5219	נְכֹאת	ne.khot	tragacanth gum
5220	נֶ֫כֶד	ne.khed	progeny
5221	נָכָה	na.khah	to smite
5222	נֵכֶה	ne.kheh	smitten
5223	נָכֵה	na.kheh	crippled
5224	נְכוֹ	ne.kho	Neco
5225	כִּידֹן	ki.don	Chidon
5227	נֵכַח	ne.khach	before
5228	נָכֹחַ	na.kho.ach	straightforward
5229	נְכֹחָה	ne.kho.chah	upright
5230	נָכַל	na.khal	to plot
5231	נֵ֫כֶל	ne.khel	trick
5233	נְכַס	ne.khas	wealth
5234	נָכַר	na.khar	to recognize
5235	נֶ֫כֶר	ne.kher	misfortune
5236	נֵכָר	ne.khar	foreign
5237	נׇכְרִי	nokh.ri	foreign
5238	נְכֹת	ne.khot	treasure
5239	נָלָה	na.lah	to cease
5240	נְמִבְזֶה	ne.miv.zeh	vile
5241	נְמוּאֵל	ne.mu.el	Nemuel
5243	מָלַל	ma.lal	to languish
5244	נְמָלָה	ne.ma.lah	ant
5246	נְמַר	ne.mar	leopard
5248	נִמְרֹד	nim.rod	Nimrod
5249	נִמְרִים	nim.rim	Nimrim
5250	נִמְשִׁי	nim.shi	Nimshi
5251	נֵס	nes	ensign
5252	נְסִבָּה	ne.sib.bah	turn
5253	נָסַג	na.sag	to remove
5254	נָסָה	na.sah	to test
5255	נָסַח	na.sach	to pull
5257	נָסִיךְ	ne.sikh	libation
5258	נָסַךְ	na.sakh	to pour
5259	נָסַךְ	na.sakh	to weave
5262	נְסַךְ	ne.sakh	drink offering
5263	נָסַס	na.sas	to faint
5264	נָסַס	na.sas	to shine
5265	נָסַע	na.sa	to set out
5266	סָלֵק	na.saq	to ascend
5268	נִסְרֹךְ	nis.rokh	Nisroch
5270	נֹעָה	no.ah	Noah
5271	נְעוּרִים	na.ur	youth
5272	נֵעָה	ne.ah	Neah
5273	נָעִים	na.im	pleasant
5274	נָעַל	na.al	to lock
5275	נַ֫עַל	na.al	sandal
5276	נָעֵם	na.em	be pleasant
5277	נָ֑עַם	na.am	Naam
5278	נֹ֫עַם	no.am	pleasantness
5279	נַעֲמָה	na.a.mah	Naamah
5281	מָרָא	ma.ra	Mara
5282	נַעֲמָן	na.a.man	pleasantness
5283	נוֹחָה	no.chah	Nohah
5284	נַעֲמָתִי	na.a.ma.ti	Naamathite
5285	נַעֲצוּץ	na.a.tsuts	thorn bush
5286	נָעַר	na.ar	to growl
5287	נָעַר	na.ar	to shake
5288	נַ֫עַר	na.ar	youth
5289	נַ֫עַר	na.ar	newborn
5290	נֹ֫עַר	no.ar	youth
5291	נַעֲרָה	na.a.rah	maiden
5292	נַעֲרָה	na.a.rah	Naarah
5293	נַעֲרַי	na.a.ray	Naarai
5294	נְעַרְיָה	ne.ar.yah	Neariah
5295	נַעֲרָה	na.a.rah	Naarah
5296	נְעֹ֫רֶת	ne.o.ret	tow
5297	מֹף	moph	Memphis
5298	נֶ֫פֶג	ne.pheg	Nepheg
5299	נָפָה	na.phah	sieve
5300	נְפִישְׁסִים, נפיסים	ne.phush.sim	Nephushesim
5301	נָפַח	na.phach	to breathe
5303	נְפִלִים	ne.phil	Nephilim
5305	נָפִישׁ	na.phish	Naphish
5306	נֹ֫פֶךְ	no.phekh	emerald
5307	נָפַל	na.phal	to fall: fall
5309	נֵ֫פֶל	ne.phel	miscarriage
5310	נָפַץ	na.phats	to shatter
5311	נֶ֫פֶץ	ne.phets	storm
5312	נְפַק	ne.phaq	to go out
5313	נִפְקָא	niph.qa	cost
5314	נָפַשׁ	na.phash	be refreshed
5315	נֶ֫פֶשׁ	ne.phesh	soul
5316	נֶ֫פֶת	ne.phet	Naphath
5317	נֹ֫פֶת	no.phet	honey
5318	נֶפְתּוֹחַ	neph.to.ach	Nephtoah
5319	נַפְתּוּלִים	naph.tul	wrestling
5320	נַפְתֻּחִים	naph.tu.chim	Naphtuhim
5321	נַפְתָּלִי	naph.ta.li	Naphtali
5322	נֵץ	nets	flower
5323	נָצָא	na.tsa	to flee
5324	נָצַב	na.tsav	to stand
5325	נִצָּב	nits.tsav	hilt
5326	נִצְבָּה	nits.bah	firmness
5327	נָצָה	na.tsah	to struggle
5328	נִצָּה	nits.tsah	flower
5329	נָצַח	na.tsach	to conduct
5331	נֵ֫צַח	ne.tsach	perpetuity
5332	נֵ֫צַח	ne.tsach	lifeblood
5333	נְצִיב	ne.tsiv	garrison
5334	נְצִיב	ne.tsiv	Nezib
5335	נְצִיחַ	ne.tsi.ach	Neziah
5336	נָצִיר	na.tsir	preserved
5337	נָצַל	na.tsal	to rescue
5339	נִצָּן	nits.tsan	flower
5340	נָצַץ	na.tsats	to shine
5341	נָצַר	na.tsar	to watch
5342	נֵ֫צֶר	ne.tser	branch
5343	נְקֵא	ne.qe	pure
5344	נָקַב	na.qav	to pierce
5345	נֶ֫קֶב	ne.qev	socket
5347	נְקֵבָה	ne.qe.vah	female
5348	נָקֹד	na.qod	speckled
5349	נֹקֵד	no.qed	shepherd
5350	נִקּוּד	niq.qud	crumb
5351	נְקֻדָּה	ne.qud.dah	bead
5352	נָקָה	na.qah	to clear
5353	נְקוֹדָא	ne.qo.da	Nekoda
5355	נָקִי	na.qi	innocent
5356	נִקָּיוֹן	niq.qa.von	innocence
5357	נָקִיק	na.qiq	cleft
5358	נָקַם	na.qam	to avenge
5359	נָקָם	na.qam	vengeance
5360	נְקָמָה	ne.qa.mah	vengeance
5361	נָקַע	na.qa	be alienated
5362	נָקַף	na.qaph	to strike
5363	נֹ֫קֶף	no.qeph	shaking
5364	נִקְפָּה	niq.pah	rope
5365	נָקַר	na.qar	to dig
5366	נְקָרָה	ne.qa.rah	crevice
5367	נָקַשׁ	na.qash	to snare
5369	נֵר	ner	Ner
5370	נֵרְגָּ֑ל	ne.re.gal	Nergal
5371	נֵרְגַּל שַׁרְאֶ֫צֶר	ne.re.gal shar.e.tser	Nergal-sar-ezer
5373	נֵרְדְּ	ne.red	nard
5374	נֵרִיָהוּ	ne.riy.yah	Neriah
5375	מִתְנַשֵּׂא	mit.nas.se	to exalt
5377	נָשָׁא	na.sah	to deceive
5378	נָשָׁא	na.sah	to exact
5379	נִשֵּׂאת	nis.set	gift
5380	נָשַׁב	na.shav	to blow
5381	נָשַׂג	na.sag	to overtake
5382	נָשָׁה	na.shah	to forget
5383	נָשָׁה	na.shah	to lend
5384	נָשֶׁה	na.sheh	hamstring
5385	נְשׂוּאָה	ne.su.ah	burden
5386	נְשִׁי	ne.shi	debt
5387	נָשִׂיא	na.si	leader
5388	נְשִׁיָּה	ne.shiy.yah	forgetfulness
5390	נְשִׁיקָה	ne.shi.qah	kiss
5391	נָשַׁךְ	na.shakh	to bite
5392	נֶ֫שֶׁךְ	ne.shekh	interest
5393	נִשְׁכָּה	nish.kah	chamber
5394	נָשַׁל	na.shal	to slip
5395	נָשַׁם	na.sham	to pant
5397	נִשְׁמָא	nish.ma	breath
5398	נָשַׁף	na.shaph	to blow
5399	נֶ֫שֶׁף	ne.sheph	twilight
5400	שָׂלַק	na.saq	to kindle
5401	נָשַׁק	na.shaq	to kiss
5402	נֶ֫שֶׁק	ne.sheq	weapon
5404	נְשַׁר	ne.shar	eagle
5405	נָשַׁת	na.shat	be dry
5406	נִשְׁתְּוָן	nish.te.van	letter
5408	נָתַח	na.tach	to cut
5409	נֵ֫תַח	ne.tach	piece
5410	נָתִיב	na.tiv	path
5411	נְתִינִים	na.tin	temple servant
5413	נָתַךְ	na.takh	to pour
5414	נָתַן	na.tan	to give: give
5416	נָתָן	na.tan	Nathan
5417	נְתַנְאֵל	ne.tan.el	Nethanel
5418	נְתַנְיָ֫הוּ	ne.tan.yah	Nethaniah
5419	נְתַן־מֶ֫לֶךְ	ne.tan-me.lekh	Nathan-melech
5420	נָתַס	na.tas	to break
5421	נָתַע	na.ta	to break
5422	נָתַץ	na.tats	to tear
5423	נָתַק	na.taq	to tear
5424	נֶ֫תֶק	ne.teq	scab
5425	נָתַר	na.tar	to start
5427	נֶ֫תֶר	ne.ter	lye
5428	נָתַשׁ	na.tash	to uproot
5429	סְאָה	se.ah	seah
5430	סְאוֹן	se.on	boot
5431	סָאַן	sa.an	to tread
5432	סֵאסֵא	sas.se.ah	to drive away
5433	סָבָא	sa.va	to imbibe
5434	סְבָא	se.va	Seba
5435	סֹ֫בֶא	so.ve	liquor
5437	סָבַב	sa.vav	to turn: turn
5438	סִבָּה	sib.bah	turn
5439	סָבִיב	sa.viv	around
5440	סָבַךְ	sa.vakh	to interweave
5441	סְבֹךְ	so.vekh	thicket
5442	סְבַךְ	se.vakh	thicket
5443	שַׂבְּכָא	sab.b.kah	trigon
5444	מְבֻנַּי	me.vun.nay	Mebunnai
5445	סָבַל	sa.val	to bear
5447	סֵ֫בֶל	se.vel	burden
5448	סֹ֫בֶל	so.vel	burden
5449	סַבָּל	sab.bal	burden
5450	סִבְלָה	se.va.lah	burden
5451	סִבֹּלֶת	sib.bo.let	stream
5453	סִבְרַ֫יִם	siv.ra.yim	Sibraim
5454	סַבְתָּה	sav.tah	Sabtah
5455	סַבְתְּכָא	sav.te.kah	Sabteca
5456	סָגַד	sa.gad	to prostrate
5458	סְגוֹר	se.gor	enclosure
5459	סְגֻלָּה	se.gul.lah	possession
5461	סְגַן	se.gan	prefect
5462	סָגַר	sa.gar	to shut
5464	סַגְרִיר	sag.rid	rain
5465	סַד	sad	stock
5466	סָדִין	sa.din	linen
5467	סְדֹם	se.dom	Sodom
5468	סֵ֫דֶר	se.der	order
5469	סַ֫הַר	sa.har	roundness
5470	סֹ֫הַר	so.har	prison
5471	סוֹא	so	So
5472	סוּג	sug	to turn
5473	סוּג	sug	to fence
5474	סוּגַר	su.gar	cage
5475	סוֹד	sod	counsel
5476	סוֹדִי	so.di	Sodi
5477	סוּחַ	su.ach	Suah
5478	סוּחָה	su.chah	offal
5479	סוֹטַי	so.tay	Sotai
5480	סוּךְ	sukh	to anoint
5481	סוּמְפּוֹנְיָה	sum.po.ne.yah	bagpipe
5482	סְוֵנֵה	se.ve.neh	Syene
5483	סוּס	sus	swallow
5484	סוּסָה	su.sah	mare
5485	סוּסִי	su.si	Susi
5486	סוּף	suph	to cease
5488	סוּף	suph	Red (Sea)
5489	סוּף	suph	Suph
5490	סוֹף	soph	end
5492	סוּפָה	su.phah	whirlwind
5493	יָסוּר	ya.sur	departed
5494	סוּר	sur	degenerate
5495	סוּר	sur	Sur
5496	סוּת	sut	to incite
5497	סוּת	sut	vesture
5498	סָחַב	sa.chav	to drag
5499	סְחָבָה	se.cha.vah	rag
5500	סָחָה	sa.chah	to scrape
5501	סְחִי	se.chi	offscouring
5502	סָחַף	sa.chaph	to prostatrate
5503	סָחַר	sa.char	to trade
5504	סַחַר	sa.char	profit
5506	סְחֹרָה	se.cho.rah	merchandise
5507	סֹחֵרָה	so.che.rah	buckler
5508	סֹחֶ֫רֶת	so.che.ret	stone
5509	סִיג	sig	dross
5510	סִיוָן	si.van	Sivan
5511	סִיחוֹן	si.chon	Sihon
5512	סִין	sin	Pelusium
5513	סִינִי	si.ni	Sinite
5514	חֹרֵב	cho.rev	Horeb
5516	סִיסְרָא	sis.ra	Sisera
5517	סִיעָא	si.a	Siaha
5518	סִיר	sir	pot
5519	סַךְ	sakh	throng
5520	סֹךְ	sokh	lair
5521	סֻכָּה	suk.kah	booth
5522	סִכּוּת	sik.kut	Sikkuth
5523	סֻכּוֹת	suk.kot	Succoth
5524	סֻכּוֹת בְּנוֹת	suk.kot be.not	Succoth-benoth
5525	סֻכִּיִּים	suk.ki	Sukkiim
5526	סוּךְ	sukh	to fence
5527	סְכָכָה	se.kha.khah	Secacah
5528	סָכַל	sa.khal	be foolish
5529	סֶ֫כֶל	se.khel	folly
5530	סָכָל	sa.khal	fool
5531	שִׂכְלוּת	sikh.lut	folly
5532	סָכַן	sa.khan	be useful
5533	סָכַן	sa.khan	to endanger
5534	סָכַר	sa.khar	to stop
5535	סָכַת	sa.khat	be silent
5536	סַל	sal	basket
5537	סָלָא	sa.la	to weigh
5538	סִלָּא	sil.la	Silla
5539	סָלַד	sa.lad	to rejoice
5540	סֶ֫לֶד	se.led	Seled
5541	סָלָה	sa.lah	to reject
5542	סֶ֫לָה	se.lah	Selah
5543	סַלָּ֑י	sal.lay	`valor`
5544	סַלּוֹן	sil.lon	briar
5545	סָלַח	sa.lach	to forgive
5546	סַלָּח	sal.lach	forgiving
5547	סְלִיחָה	se.li.chah	forgiveness
5548	סַלְכָה	sal.khah	Salecah
5549	סָלַל	sa.lal	to build
5550	סֹלְלָה	so.le.lah	mound
5551	סֻלָּם	sul.lam	ladder
5552	סַלְסִלָּה	sal.sil.lah	branch
5553	סֶ֫לַע	se.la	crag
5554	יׇקְתְאֵל	yoq.te.el	Joktheel
5555	סֶלַע הַמַּחְלְקוֹת	se.la ham.mach.le.qot	Rock of Escape
5556	סׇלְעָם	sol.am	locust
5557	סָלַף	sa.laph	to pervert
5558	סֶ֫לֶף	se.leph	crookedness
5560	סֹ֫לֶת	so.let	fine flour
5561	סַם	sam	spice
5562	סַמְגַּר נְבוֹ	sam.gar ne.vo	Samgar, Nebu-sar-sekim
5563	סְמַדֵר	se.ma.dar	blossom
5564	סָמַךְ	sa.makh	to support
5565	סְמַכְיָהוּ	se.makh.ya.hu	Semachiah
5566	סֶ֫מֶל	se.mel	idol
5567	סָמַן	sa.man	to appoint
5568	סָמַר	sa.mar	to bristle up
5569	סָמָר	sa.mar	rough
5570	סְנָאָה	se.na.ah	Senaah
5571	סַנְבַלַּט	san.val.lat	Sanballat
5572	סְנֶה	se.neh	bush
5573	סֶ֑נֶּה	se.neh	Seneh
5574	סְנָאָה	se.na.ah	Hassenaah
5575	סַנְוֵרִים	san.ver	blindness
5576	סַנְחֵרִיב	san.che.riv	Sennacherib
5577	סַנְסִנִּים	san.sin	fruit-stalk
5578	סַנְסַנָּה	san.san.nah	Sansannah
5579	סְנַפִּיר	se.nap.pir	fin
5580	סָ֑ס	sas	moth
5581	סִסְמַי	sis.may	Sismai
5582	סָעַד	sa.ad	to support
5584	סָעָה	sa.ah	to rush
5585	סָעִיף	sa.iph	cleft
5586	סָעַף	sa.aph	to lop
5587	סְעִפָּה	sa.iph	division
5588	סֵעֵף	se.eph	divided
5589	סְעַפָּה	se.ap.pah	bough
5590	סָעַר	sa.ar	to rage
5591	סַ֫עַר	sa.ar	tempest
5592	סַף	saph	basin
5593	סַף	saph	Saph
5594	סָפַד	sa.phad	to mourn
5595	סָפָה	sa.phah	to snatch
5596	סָפַח	sa.phach	to attach
5597	סַפַּ֫חַת	sap.pa.chat	scab
5599	סָפִיחַ	sa.phi.ach	outpouring
5600	סְפִינָה	se.phi.nah	ship
5601	סַפִּיר	sap.pir	sapphire
5602	סֵ֫פֶל	se.phel	bowl
5603	סָפַן	sa.phan	to cover
5604	סִפֻּן	sip.pun	ceiling
5605	סָפַף	sa.phaph	to stand
5606	סָפַק	sa.phaq	to slap
5607	שֶׂ֫פֶק	se.pheq	mockery
5608	סָפַר	sa.phar	to recount
5610	סְפָר	se.phar	numbering
5611	סְפָר	se.phar	Sephar
5612	סְפַר	se.phar	scroll
5614	סְפָרַ֑ד	se.pha.rad	Sepharad
5615	סְפֹרָה	se.pho.rah	number
5617	סְפַרְוִי	se.phar.vi	Sepharvaim
5618	סֹפֶ֫רֶת	so.phe.ret	Sophereth
5619	סָקַל	sa.qal	to stone
5620	סַר	sar	stubborn
5621	סָרָב	sa.rav	thorn
5622	סַרְבָּל	sar.bal	mantle
5624	סֶ֫רֶד	se.red	Sered
5626	סִּרָה	si.rah	Sirah
5627	סָרָה	sa.rah	revolt
5628	סָרַח	sa.rach	to overrun
5629	סֶ֫רַח	se.rach	excess
5630	סִרְיֹן	sir.yon	armor
5631	סָרִיס	sa.ris	eunuch
5632	סָרֵךְ	sa.rekh	chief
5633	סֶ֫רֶן	se.ren	lord
5634	סַרְעַפָּה	sar.ap.pah	bough
5636	סִרְפָּד	sar.pad	nettle
5637	סָרַר	sa.rar	to rebel
5638	סְתָיו	se.tav	winter
5639	סְתוּר	se.tur	Sethur
5640	סָתַם	sa.tam	to close
5641	סָתַר	sa.tar	to hide
5642	סְתַר	se.tar	to destroy
5643	סֵ֫תֶר	se.ter	secrecy
5644	סִתְרִי	sit.ri	Sithri
5645	עָב	av	cloud
5646	עָב	av	threshold
5647	עָבַד	a.vad	to serve
5650	עֲבַד	a.vad	servant/slave
5651	עֶ֫בֶד	e.ved	Ebed
5652	עֲבָד	a.vad	work
5653	עַבְדָּא	av.da	Abda
5654	עֹבֵד אֱדוֹם	o.ved e.dom	Obed-edom
5655	עַבְדְּאֵל	av.de.el	Abdeel
5656	עֲבֹדָה	a.vo.dah	service
5657	עֲבֻדָּה	a.vud.dah	service
5658	עַבְדּוֹן	av.don	Abdon
5659	עַבְדוּת	av.dut	slavery
5660	עַבְדִּי	av.di	Abdi
5661	עַבְדִּיאֵל	av.di.el	Abdiel
5662	עַבְדָּא	av.da	Abda
5663	עֶ֫בֶד מֶ֫לֶךְ	e.ved me.lekh	Ebed-melech
5666	עָבָה	a.vah	to thicken
5667	עֲבוֹט	a.vot	pledge
5668	עָבוּר	a.vur	for the sake of
5669	עָבוּר	a.vur	produce
5670	עָבַט	a.vat	to lend
5671	עַבְטִיט	av.tit	debt
5672	עֲבִי	a.vi	thickness
5674	עָבַר	a.var	to pass
5676	עֲבַר	a.var	beyond
5677	עֵ֫בֶר	e.ver	Eber
5678	עֶבְרָה	ev.rah	fury
5679	עֲבָרָה	a.va.rah	ford
5680	עִבְרִי	iv.ri	Hebrew
5681	עִבְרִי	iv.ri	Ibri
5684	עַבְרֹנָה	ev.ro.nah	Abronah
5685	עָבַשׁ	a.vash	to shrivel
5686	עָבַת	a.vat	to weave
5687	עָבוֹת	a.vot	leafy
5688	עֲבֹת	a.vot	cord
5689	עָגַב	a.gav	to lust
5690	עָגָב	e.gev	lust
5691	עֲגָבָה	a.ga.vah	lust
5692	עֻגָה	ug.gah	bun
5693	עָגוּר	a.gur	crane
5694	עָגִיל	a.gil	ring
5695	עֵ֫גֶל	e.gel	calf
5696	עָגֹל	a.gol	round
5697	עֶגְלָה	eg.lah	heifer
5698	עֶגְלָה	eg.lah	Eglah
5699	עֲגָלָה	a.ga.lah	cart
5700	עֶגְלוֹן	eg.lon	Eglon
5701	עָגַם	a.gam	be grieved
5702	עָגַן	a.gan	to refrain
5703	עַד	ad	perpetuity
5704	עַד	ad	till
5706	עַד	ad	prey
5707	עֵד	ed	witness
5708	עִדָּה	id.dah	filth
5710	עֲדָה	a.dah	to pass on/over/away
5711	בָּֽשְׂמַת	bos.mat	Basemath
5712	עֵדָה	e.dah	congregation
5713	עֵדָה	e.dah	witness
5714	יֶעְדּוֹ	ye.di	Iddo
5715	עֵדוּת	e.dut	testimony
5716	עֲדִי	a.di	ornament
5717	עֲדִיאֵל	a.di.el	Adiel
5718	עֲדָיָ֫הוּ	a.da.yah	Adaiah
5719	עָדִין	a.din	voluptuous
5720	עָדִין	a.din	Adin
5721	עֲדִינָא	a.di.na	Adina
5722	עֲדִינוֹ	a.di.no	`wielded`
5723	עֲדִיתַ֫יִם	a.di.ta.yim	Adithaim
5724	עַדְלָ֑י	ad.lay	Adlai
5725	עֲדֻלָּם	a.dul.lam	Adullam
5727	עָדַן	a.dan	to luxuriate
5728	עֲדֶן	a.den	still
5729	עֶ֫דֶן	e.den	Eden
5730	עֵ֫דֶן	e.den	delicacy
5731	עֵ֫דֶן	e.den	Eden
5732	עִדָּן	id.dan	time
5733	עַדְנָא	ad.na	Adna
5734	עַדְנָה	ad.nah	Adnah
5735	עֲדְעָדָה	a.de.a.dah	Adadah
5736	עָדַף	a.daph	to remain
5737	עָדַר	a.dar	to help
5738	עֶ֫דֶר	e.der	Eder
5739	עֵ֫דֶר	e.der	flock
5740	עֵ֫דֶר	e.der	Eder
5741	עַדְרִיאֵל	ad.ri.el	Adriel
5742	עֲדָשָׁה	a.dash	lentil
5743	עוּב	uv	to becloud
5744	עוֹבֵד	o.ved	Obed
5745	עוֹבָל	o.val	Obal
5746	עוּג	ug	to bake
5747	עוֹג	og	Og
5748	עוּגָב	u.gav	pipe
5749	עוּד	ud	to uphold
5750	עוֹד	od	still
5752	עֹדֵד	o.ded	Oded
5753	עָוָה	a.vah	to twist
5754	עַוָּה	av.vah	ruin
5755	עַוָּה	iv.vah	Ivvah
5756	עוּז	uz	to seek refuge
5758	עֲוָיָה	a.va.yah	iniquity
5759	עֲוִיל	a.vil	boy
5760	עֲוִיל	a.vil	unjust one
5761	עַוִּים	av.vim	Avvim
5762	עֲוִית	a.vit	Avith
5763	עוּל	ul	to nurse
5764	עוּל	ul	infant
5765	עָוַל	a.val	to act unjustly
5766	עָ֫וֶל	e.vel	injustice
5767	עַוָּל	av.val	unjust
5768	עוֹלֵל	o.lel	infant
5769	עוֹלָם	o.lam	forever: enduring
5770	עִין	a.van	to watch
5771	עָוֺן	a.van	iniquity: crime
5772	עֹנָה	o.nah	cohabitation
5773	עִוְעִים	av.eh	distortion
5774	עוּף	uph	to fly
5775	עוֹף	oph	bird
5777	עֹפֶרֶת	o.phe.ret	lead
5778	עוֹפַי	o.phay	Ephai
5779	עוּץ	uts	to plan
5780	עוּץ	uts	Uz
5781	עוּק	uq	to totter
5782	עוּר	ur	to rouse
5783	עוּר	ur	be exposed
5784	עוּר	ur	chaff
5785	עוֹר	or	skin
5786	עָוַר	a.var	to blind
5787	עִוֵּר	iv.ver	blind
5788	עִוָּרוֹן	iv.va.ron	blindness
5789	עוּשׁ	ush	to help
5790	עוּת	ut	to help
5791	עָוַת	a.vat	to pervert
5792	עַוָּתָה	av.va.tah	oppression
5793	עוּתַי	u.tay	Uthai
5794	עַז	az	strong
5795	עֵז	ez	goat
5797	עֹז	oz	strength
5798	עֻזָּא	uz.za	Uzzah
5799	עֲזָאזֵל	a.za.zel	Azazel
5800	עָזַב	a.zav	to leave: forsake
5801	עִזָּבוֹן	iz.za.von	ware
5802	עַזְבּוּק	az.buq	Azbuk
5803	עַזְגָּד	az.gad	Azgad
5804	עַזָּה	az.zah	Gaza
5805	עֲזוּבָה	a.zu.vah	desolation
5806	עֲזוּבָה	a.zu.vah	Azubah
5807	עֱזוּז	e.zuz	strength
5808	עִזּוּז	iz.zuz	mighty
5809	עַזּוּר	az.zur	Azzur
5810	עָזַז	a.zaz	be strong
5811	עָזָז	a.zaz	Azaz
5812	עֲזַזְיָ֫הוּ	a.zaz.ya.hu	Azaziah
5813	עֻזִּי	uz.zi	Uzzi
5814	עֻזִּיָּא	uz.ziy.ya	Uzzia
5816	עֻזִּיאֵל	uz.zi.el	Uzziel
5818	עֻזִּיָּהוּ	uz.ziy.yah	Uzziah
5819	עֲזִיזָא	a.zi.za	Aziza
5820	עַזְמָ֫וֶת	az.ma.vet	Azmaveth
5821	עַזָּן	az.zan	Azzan
5822	עׇזְנִיָּה	oz.niy.yah	vulture
5823	עָזַק	a.zaq	to dig about
5824	עִזְקָה	iz.qah	signet ring
5825	עֲזֵקָה	a.ze.qah	Azekah
5826	עָזַר	a.zar	to help
5827	עֶ֫זֶר	e.zer	Ezer
5828	עֵ֫זֶר	e.zer	helper
5829	עֵ֫זֶר	e.zer	Ezer
5830	עֶזְרָא	ez.ra	Ezra
5832	עֲזַרְאֵל	a.zar.el	Azarel
5833	עֶזְרָה	ez.rah	help
5834	עֶזְרָה	ez.rah	Ezrah
5835	עֲזָרָה	a.za.rah	enclosure
5836	עֶזְרִי	ez.ri	Ezri
5837	עַזְרִיאֵל	az.ri.el	Azriel
5838	עֲבֵד נְגוֹ	a.ved ne.go	Abednego
5840	עַזְרִיקָם	az.ri.qam	Azrikam
5842	עֵט	et	stylus
5843	עֵטָא	e.ta	counsel
5844	עָטָה	a.tah	to enwrap
5845	עֲטִין	a.tin	belly
5846	עֲטִישָׁה	a.ti.shah	sneezing
5847	עֲטַלֵּף	a.tal.leph	bat
5848	עָטַף	a.taph	to turn aside
5849	עָטַר	a.tar	to surround
5850	עֲטָרָה	a.ta.rah	crown
5851	עֲטָרָה	a.ta.rah	Atarah
5852	עֲטָרוֹת	a.ta.rot	Ataroth
5853	עַטְרוֹת אַדָּר	at.rot ad.dar	Ataroth-addar
5854	עַטְרוֹת בֵּית יוֹאָב	at.rot bet yo.av	Atroth-beth-joab
5855	עַטְרוֹת שׁוֹפָן	at.rot sho.phan	Atroth-shophan
5856	בְּעִי	be.i	ruins
5857	עַי	ay	Ai
5858	אֶפְרַ֫יִם	eph.ra.yim	(Mount) Ephraim
5859	יַעַן	dan ya.an	Jaan
5860	עִיט	it	to scream
5861	עַ֫יִט	a.yit	bird of prey
5862	עֵיטָם	e.tam	Etam
5863	עִיֵּי הָעֲבָרִים	iy.ye ha.a.va.rim	Iye-abarim
5864	עִיִּים	iy.yim	Iyim
5865	עֵילוֹם	e.lom	ever
5867	עֵילָם	e.lam	Elam
5868	עוֹנָה	o.nah	iniquities
5869	עַ֫יִן	a.yin	eye
5871	עַ֫יִן	a.yin	Ain
5872	חַצֲצֹן תָּמָר	chats.tson ta.mar	Hazazon-tamar
5873	עֵין גַּנִּים	en gan.nim	En-gannim
5874	עֵין־דֹּר	en-dor	En-dor
5875	עֵין הַקּוֹרֵא	en haq.qo.re	En-hakkore
5876	עֵין חַדָּה	en chad.dah	En-haddah
5877	עֵין חָצוֹר	en cha.tsor	En-hazor
5878	הֲרוֹרִי	ha.ro.ri	Harod
5879	עֵינָם	e.na.yim	Enaim
5881	עֵינָן	e.nan	Enan
5882	עֵין עֶגְלַ֫יִם	en eg.la.yim	Eneglaim
5883	אֶ֫בֶן	e.ven	(Zoheleth) Stone
5885	עֵין שֶׁ֫מֶשׁ	en she.mesh	En-shemesh
5888	עִיף	a.yeph	be faint
5889	עָיֵף	a.yeph	faint
5890	עֵיפָה	e.phah	darkness
5891	עֵיפָה	e.phah	Ephah
5892	נָחָשׁ	na.chash	(Ir)-nahash
5893	עִיר	ir	Ir
5894	עִיר	ir	watcher
5895	עַ֫יִר	a.yir	colt
5896	עִירָא	i.ra	Ira
5897	עִירָד	i.rad	Irad
5898	עִיר־הַמֶּ֫לַח	ir ham.me.lach	City of Salt
5900	עִירוּ	i.ru	Iru
5901	עִירִי	i.ri	Iri
5902	עִירָם	i.ram	Iram
5903	עֵירֹם	e.rom	naked
5904	עִיר נָחָשׁ	ir na.chash	Ir-nahash
5906	עַ֫יִשׁ	a.yish	Bear
5907	עַבְדּוֹן	av.don	Abdon
5908	עַכָּבִישׁ	ak.ka.vish	spider
5909	עַכְבָּר	akh.bar	mouse
5910	עַכּוֹ	ak.ko	Acco
5911	עָכוֹר	a.khor	(Valley of) Achor
5912	עָכָן	a.khan	Achan
5913	עָכַס	a.khas	to tinkle
5914	עֶ֫כֶס	e.khes	anklet
5915	עַכְסָה	akh.sah	Achsah
5916	עָכַר	a.khar	to trouble
5918	עׇכְרָן	okh.ran	Ochran
5919	עַכְשׁוּב	akh.shuv	viper
5920	עַל	al	height
5921	עַל	al	upon
5923	עֹל	ol	yoke
5926	עִלֵּג	il.leg	stammerer
5927	עָלָה	a.lah	to ascend: rise
5929	עָלֶה	a.leh	leaf
5930	עֲלָת	a.lah	burnt offering
5933	עַלְוָה	al.vah	Alvah
5934	עָלוּמִים	a.lum	youth
5935	עַלְיָן, עַלְוָן 	al.van	Alvan
5936	עֲלוּקָה	a.lu.qah	leech
5937	עָלַז	a.laz	to exult
5938	עָלֵז	a.lez	exultant
5939	עֲלָטָה	a.la.tah	darkness
5940	עֱלִי	e.li	pestle
5941	עֵלִי	e.li	Eli
5942	עִלִּי	il.li	upper
5944	עֲלִיָּה	a.liy.yah	upper room
5945	עֶלְיוֹן	el.yon	high
5947	עַלִּיז	al.liz	jubilant
5948	עֲלִיל	a.lil	furnace
5949	עֲלִילָה	a.li.lah	wantonness
5950	עֲלִילִיָּה	a.li.liy.yah	deed
5951	עֲלִיצוּת	a.li.tsut	exultation
5952	עֲלִי	al.lit	roof
5953	עָלַל	a.lal	to abuse
5954	עֲלַל	a.lal	to come
5955	עֹלֵלוֹת	o.le.lah	gleaning
5956	עָלַם	a.lam	to conceal
5958	עֶ֫לֶם	e.lem	youth
5959	עַלְמָה	al.mah	maiden
5961	עֲלָמוֹת	a.la.mot	Alamoth
5963	בֵּית דִּבְלָתָ֑יִם	bet div.la.ta.yim	Beth-diblathaim
5964	עַלְמוֹן	al.mon	Almon
5965	עָלַס	a.las	to rejoice
5966	עָלַע	a.la	to suck
5968	עָלַף	a.laph	to enwrap
5969	עֻלְפֶּה	ul.peh	fainting
5970	עָלַץ	a.lats	to rejoice
5971	עַם	am	people
5973	עִם	im	with
5975	עָמַד	a.mad	to stand: stand
5976	עָמַד	a.mad	to shake
5977	עֹ֫מֶד	o.med	post
5979	עֶמְדָּה	em.dah	support
5980	עֻמָּה	um.mah	close
5981	עֻמָּה	um.mah	Ummah
5982	עַמּוּד	am.mud	pillar
5983	הָ֑ם	ham	Ham
5986	עָמוֹס	a.mos	Amos
5987	עָמוֹק	a.moq	Amok
5988	עַמִּיאֵל	am.mi.el	Ammiel
5989	עַמִּיהוּד	am.mi.hud	Ammihud
5990	עַמִּיזָבָד	am.mi.za.vad	Ammizabad
5992	עַמִּינָדָב	am.mi.na.dav	Amminadab
5995	עָמִיר	a.mir	sheaf
5996	עַמִּישַׁדָּ֑י	am.mi.shad.day	Ammishaddai
5997	עָמִית	a.mit	neighbor
5998	עָמַל	a.mal	to toil
5999	עָמָל	a.mal	trouble
6000	עָמָל	a.mal	Amal
6001	עָמֵל	a.mel	labour(er)
6002	עֲמָלֵק	a.ma.leq	Amalek
6004	עָמַם	a.mam	to darken
6005	עִמָּנוּאֵל	im.ma.nu.el	Immanuel
6006	עָמַס	a.mas	to lift
6007	עֲמַסְיָה	a.mas.yah	Amasiah
6008	עַמְעָד	am.ad	Amad
6009	עָמֹק	a.maq	be deep
6010	עֵ֫מֶק	e.meq	Emek
6011	עֹ֫מֶק	o.meq	depth
6012	עֲמִיק	a.miq	deep
6013	עָמֹק	a.moq	deep
6014	עִמֵּר	im.mer	to bind
6016	עֹ֫מֶר	o.mer	sheaf
6017	עֲמֹרָה	a.mo.rah	Gomorrah
6018	עׇמְרִי	om.ri	Omri
6019	עַמְרָם	am.ram	Amram
6021	עֲמָשָׂא	a.ma.sa	Amasa
6022	עֲמָשַׂי	a.ma.say	Amasai
6024	עֲנָב	a.nav	Anab
6025	עֵנָב	e.nav	grape
6026	עָנֹג	a.nag	to delight
6027	עֹ֫נֶג	o.neg	delight
6028	עָנֹג	a.nog	dainty
6029	עָנַד	a.nad	to bind
6030	עוּן	un	to dwell
6031	עָנָה	a.nah	be occupied
6034	עֲנָה	a.nah	Anah
6035	עָנָו	a.nav	poor
6036	עָנוּב	a.nuv	Anub
6038	עַנְוָה	an.vah	gentleness
6039	עֱנוּת	e.nut	affliction
6040	עֳנִי	o.ni	affliction
6041	עָנִי	a.ni	afflicted
6042	עֻנִּי	un.ni	Unni
6043	עֲנָיָה	a.na.yah	Anaiah
6044	עָנִים	a.nim	Anim
6045	עִנְיָן	in.yan	task
6047	עֲנָמִים	a.na.mim	Anamim
6048	עֲנַמֶּ֫לֶךְ	a.nam.me.lekh	Anammelech
6049	אֵלוֹן	e.lon	(Diviners') Oak
6051	עֲנָן	a.nan	cloud
6052	עָנָן	a.nan	Anan
6053	עֲנָנָה	a.na.nah	cloud
6054	עֲנָנִי	a.na.ni	Anani
6055	עֲנַנְיָה	a.nan.yah	Ananiah
6057	עֲנַף	a.naph	bough
6058	עָנֵף	a.neph	thickly branched
6059	עָנַק	a.naq	to ornament
6060	עֲנָק	a.naq	neck
6061	עֲנָק	a.naq	Anak
6063	עָנֵר	a.ner	Aner
6064	עָנַשׁ	a.nash	to fine
6066	עֲנָשׁ	a.nash	confiscation
6067	עֲנָת	a.nat	Anath
6068	עֲנָתוֹת	a.na.tot	Anathoth
6070	עַנְתֹתִיָּה	an.to.tiy.yah	Anthothijah
6071	עָסִיס	a.sis	sweet
6072	עָסַס	a.sas	to press
6073	עֳפָיִם	o.phe	branch
6075	עָפַל	a.phal	to swell
6076	עֹ֫פֶל	o.phel	hill
6077	עֹ֫פֶל	o.phel	Ophel
6078	עׇפְנִי	oph.ni	Ophni
6079	עַפְעַף	aph.aph	eyelid
6080	עָפַר	a.phar	to throw
6081	עֵ֫פֶר	e.pher	Epher
6082	עֹ֫פֶר	o.pher	fawn
6083	עָפָר	a.phar	dust
6084	בֵּית לְעַפְרָה	bet le.aph.rah	Beth-le-aphrah
6085	יָם	yam	(Mt. Ephron in the) West
6086	אָע	a	wood
6087	עָצַב	a.tsav	to hurt
6089	עֶ֫צֶב	e.tsev	toil
6090	עֹ֫צֶב	o.tsev	pain
6091	עָצָב	a.tsav	idol
6092	עָצֵב	a.tsev	worker
6093	עִצָּבוֹן	its.tsa.von	toil
6094	עַצֶּ֫בֶת	ats.tse.vet	injury
6095	עָצָה	a.tsah	to shut
6096	עָצֶה	a.tseh	spine
6097	עֵצָה	e.tsah	tree
6098	עֵצָה	e.tsah	counsel
6099	עָצוּם	a.tsum	mighty
6100	עֶצְיוֹן גֶּ֫בֶר	ets.yon ge.ver	Ezion-geber
6101	עָצֵל	a.tsal	be sluggish
6102	עָצֵל	a.tsel	sluggish
6103	עַצְלָה	ats.lah	sluggishness
6104	עַצְלוּת	ats.lut	sluggishness
6105	עָצֹם	a.tsom	be vast
6106	עֶ֫צֶם	e.tsem	bone
6107	עֶ֫צֶם	e.tsem	Ezem
6108	עֹ֫צֶם	o.tsem	strength
6109	עׇצְמָה	ots.mah	strength
6110	עַצֻמָה	ats.tsu.mah	defense
6111	עַצְמוֹן	ats.mon	Azmon
6112	עֵצֶן	e.tsen	Eznite
6113	עָצַר	a.tsar	to restrain
6114	עֶ֫צֶר	e.tser	magistrate
6115	עֹ֫צֶר	o.tser	coercion
6116	עֲצָרָה	a.tsa.rah	assembly
6117	עָקַב	a.qav	to assail
6118	עֵ֫קֶב	e.qev	consequence
6119	עָקֵב	a.qev	heel
6120	עָקֵב	a.qev	supplanting
6121	עָקֹב	a.qov	insidious
6122	עׇקְבָה	oq.vah	cunning
6123	עָקַד	a.qad	to bind
6124	עָקֹד	a.qod	striped
6125	עָקָה	a.qah	pressure
6126	עַקּוּב	aq.quv	Akkub
6127	עָקַל	a.qal	to twist
6128	עֲקַלְקַל	a.qal.qal	crooked
6129	עֲקַלָּתוֹן	a.qal.la.ton	crooked
6131	עָקַר	a.qar	to uproot
6133	עֵ֫קֶר	e.qer	descendant
6134	עֵקֶר	e.qer	Eker
6135	עָקָר	a.qar	barren
6137	עַקְרָב	aq.rav	scorpion
6138	עֶקְרוֹן	eq.ron	Ekron
6140	עָקַשׁ	a.qash	to twist
6141	עִקֵּשׁ	iq.qesh	twisted
6142	עִקֵּשׁ	iq.qesh	Ikkesh
6143	עִקְּשׁוּת	iq.q.shut	crookedness
6144	עָר	ar	Ar
6145	עָר	ar	enemy
6147	עֵר	er	Er
6148	עָרַב	a.rav	to pledge
6149	עָרַב	a.rev	to please
6150	עָרַב	a.rav	to grow dark
6151	עֲרַב	a.rav	to mix
6152	אַרְבִּי	ar.bi	Arbite
6153	עֶ֫רֶב	e.rev	evening
6154	עֵ֫רֶב	e.rev	mixture
6155	עֲרָבָה	a.ra.vah	willow
6156	עָרֵב	a.rev	sweet
6157	עָרֹב	a.rov	swarm
6158	עֹרֵב	o.rev	raven
6159	עֹרֵב	o.rev	Oreb
6160	עֲרָבָה	a.ra.vah	Arabah
6161	עֲרֻבָּה	a.rub.bah	pledge
6162	עֵרָבוֹן	a.ra.von	pledge
6165	עָרַג	a.rag	to long for
6166	עֲרָד	a.rad	Arad
6168	עָרָה	a.rah	to uncover
6169	עָרָה	a.rah	bulrush
6170	עֲרוּגָה	a.ru.gah	bed
6171	עֲרָד	a.rad	wild donkey
6172	עֶרְוָה	er.vah	nakedness
6174	עָרוֹם	a.rom	naked
6175	עָרוּם	a.rum	prudent
6176	עֲרוֹעֵר	a.ro.er	juniper
6177	עֲרֹעֵר	a.ro.er	Aroer
6178	עָרוּץ	a.ruts	dreadful
6179	עֵרִי	e.ri	Eri
6181	עֶרְיָה	er.yah	nakedness
6182	עֲרִיסָה	a.ri.sah	dough
6183	עָרִיף	a.riph	cloud
6184	עָרִיץ	a.rits	ruthless
6185	עֲרִירִי	a.ri.ri	childless
6186	עָרַךְ	a.rakh	to arrange
6187	אַרְכָֿא	ar.ka	lengthening
6188	עָרַל	a.rel	be uncircumcised
6189	עָרֵל	a.rel	uncircumcised
6190	עׇרְלָה	or.lah	foreskin
6191	עָרֹם	a.ram	be shrewd
6192	עָרַם	a.ram	to pile up
6193	עֹ֫רֶם	o.rem	craftiness
6194	עֲרֵמָה	a.re.mah	heap
6195	עׇרְמָה	or.mah	craftiness
6196	עַרְמוֹן	ar.mon	plane tree
6197	עֵרָן	e.ran	Eran
6199	עַרְעָר	a.r.ar	destitute
6201	עָרַף	a.raph	to drop
6202	עָרַף	a.raph	to break the neck
6203	עֹ֫רֶף	o.reph	neck
6204	עׇרְפָּה	or.pah	Orpah
6205	עֲרָפֶל	a.ra.phel	cloud
6206	עָרַץ	a.rats	to tremble
6207	עָרַק	a.raq	to gnaw
6208	עַרְקִי	ar.qi	Arkite
6209	עָרַר	a.rar	to strip
6210	עֶ֫רֶשׂ	e.re.s	bed
6211	עָשׁ	ash	moth
6212	עֲשַׂב	a.sav	grass
6213	עֲבַד	a.vad	to make
6214	עֲשָׂהאֵל	a.sa.h.el	Asahel
6215	אֱדוֹם	e.dom	Edom
6216	עָשׁוֹק	a.shoq	oppressor
6217	עָשׁוּקִים	a.shuq	oppression
6218	עָשׂוֹר	a.s.vor	ten
6219	עָשׁוֹת	a.shot	smooth
6220	עַשְׁוָ֑ת	ash.vat	Ashvath
6221	עֲשִׂיאֵל	a.si.el	Asiel
6222	עֲשָׂיָה	a.sa.yah	Asaiah
6223	עָשִׁיר	a.shir	rich
6224	עֲשִׂירִי	a.si.ri	tenth
6225	עָשַׁן	a.shan	be angry
6226	עָשֵׁן	a.shen	smoking
6227	עָשָׁן	a.shan	smoke
6228	עָשָׁן	a.shan	Ashan
6229	עָשַׂק	a.saq	to contend
6230	עֵ֫שֶׂק	e.seq	Esek
6231	עָשַׁק	a.shaq	to oppress
6233	עֹ֫שֶׁק	o.sheq	oppression
6234	עׇשְׁקָה	osh.qah	oppression
6235	עֶשֶׂר	e.ser	ten
6237	עָשַׂר	a.sar	to tithe
6238	עָשַׁר	a.shar	to enrich
6239	עֹ֫שֶׁר	o.sher	riches
6240	עָשָׂר	a.sar	ten
6241	עִשָּׂרוֹן	is.sa.ron	tenth
6242	עֶשְׂרִים	es.rim	twenty
6244	עָשֵׁשׁ	a.shesh	to waste
6245	עָשַׁת	a.shat	to gleam
6247	עֶ֫שֶׁת	e.shet	plate
6248	עַשְׁתּוּת	ash.tut	thought
6249	עַשְׁתֵּי	ash.te	eleven
6250	עֶשְׁתֹּנָה	esh.to.nah	thought
6251	עַשְׁתָּרוֹת	ash.te.rah	young
6252	בְּעֶשְׁתְּרָה	be.esh.te.rah	Beeshterah
6253	בֵּית עַשְׁתָּרוֹת	bet ash.ta.rot	Beth-ashtaroth
6255	עַשְׁתְּרֹת קַרְנַיִם	ash.te.rot qar.na.yim	Ashteroth-karnaim
6256	עֵת	et	time
6257	עָתֹד	a.tad	be ready
6258	עַתָּ֫ה	at.tah	now
6259	עָתוּד	a.tud	ready
6260	עַתּוּד	at.tud	goat
6261	עִתִּי	it.ti	timely
6262	עַתַּי	at.tay	Attai
6264	עֲתִיד	a.tid	ready
6265	עֲתָיָה	a.ta.yah	Athaiah
6266	עָתִיק	a.tiq	surpassing
6267	עַתִּיק	at.tiq	ancient/taken
6269	עֲתָ֑ךְ	a.takh	Athach
6270	עַתְלַי	at.lay	Athlai
6271	עֲתַלְיָ֫הוּ	a.tal.yah	Athaliah
6272	עָתַם	a.tam	to burn
6273	עׇתְנִי	ot.ni	Othni
6274	עׇתְנִיאֵל	ot.ni.el	Othniel
6275	עָתַק	a.taq	to proceed
6276	עָתֵק	a.teq	surpassing
6277	עָתָק	a.taq	arrogant
6278	עֵת קָצִין	et qa.tsin	Eth-kazin
6279	עָתַר	a.tar	to pray
6280	עָתַר	a.tar	be abundant
6281	עֶ֫תֶר	e.ter	Ether
6282	עָתָר	a.tar	worshiper
6283	עֲתֶ֫רֶת	a.te.ret	abundance
6284	פָּאָה	pa.ah	to cleave
6285	פֵּאָה	pe.ah	side
6286	פָּאַר	pa.ar	to beautify
6287	פְּאֵר	pe.er	headdress
6288	פֹּארָה	pe.o.rah	bough
6289	פָּארוּר	pa.rur	pale
6290	פָּארָן	pa.ran	Paran
6291	פַּגָּה	pa.gah	early fig
6292	פִּגּוּל	pig.gul	refuse
6293	פָּגַע	pa.ga	to fall on
6294	פֶּ֫גַע	pe.ga	chance
6295	פַּגְעִיאֵל	pag.i.el	Pagiel
6296	פָּגַר	pa.gar	to faint
6297	פֶּ֫גֶר	pe.ger	corpse
6298	פָּגַשׁ	pa.gash	to meet
6299	פָּדָה	pa.dah	to ransom
6300	פְּדַהְאֵל	pe.dah.el	Pedahel
6301	פְּדָהצוּר	pe.da.h.tsur	Pedahzur
6302	פְּדוּיִם	pa.duy	ransomed
6303	פָּדוֹן	pa.don	Padon
6304	פְּדוּת	pe.dut	redemption
6305	פְּדָיָהוּ	pe.da.yah	Pedaiah
6306	פִּדְיוֹם	pid.yom	redemption
6307	אֲרָם	a.ram	(Paddan)-aram
6308	פָּדַע	pa.da	to deliver
6309	פֶּ֫דֶר	pe.der	suet
6310	פֶּה	peh	lip
6311	פֹּה	poh	here
6312	פּוּאָה	pu.ah	Puah
6313	פּוּג	pug	be numb
6314	פּוּגַת	pu.gah	cessation
6315	פּוּחַ	pu.ach	to breathe
6316	פּוּט	put	Put
6317	פּוּטִיאֵל	pu.ti.el	Putiel
6318	פּוֹטִיפַר	po.ti.phar	Potiphar
6319	פּוֹטִי פֶ֫רַע	po.ti phe.ra	Potiphera
6320	פּוּךְ	pukh	color
6321	פּוֹל	pol	bean
6323	פּוּן	pun	to distract
6325	פּוּנֹן	pu.non	Punon
6326	פּוּעָה	pu.ah	Puah
6327	פּוּץ	puts	to scatter
6328	פּוּק	puq	to reel
6329	פּוּק	puq	to promote
6330	פּוּקָה	pu.qah	staggering
6332	פּוּר	pur	Purim
6333	פּוּרָה	pu.rah	winepress
6334	פּוֹרָתָא	po.ra.ta	Poratha
6335	פּוּשׁ	push	to leap
6336	פּוּתִי	pu.ti	Puthite
6337	פַּז	paz	pure gold
6338	פָּזַז	pa.zaz	be refined
6339	פָּזַז	pa.zaz	be agile
6340	פָּזַר	pa.zar	to scatter
6341	פַּח	pach	snare
6342	פָּחַד	pa.chad	to dread
6343	פַּ֫חַד	pa.chad	dread
6344	פַּ֫חַד	pa.chad	thigh
6345	פַּחְדָּה	pach.dah	dread
6346	פֶּחָה	pe.chah	governor
6348	פָּחַז	pa.chaz	be reckless
6349	פַּ֫חַז	pa.chaz	recklessness
6350	פַּחֲזוּת	pa.cha.zut	recklessness
6351	פָּחַח	pa.chach	to ensnare
6352	פֶּחָם	pe.cham	coal
6353	פֶּחָר	pe.char	potter
6354	פַּ֫חַת	pa.chat	pit
6355	פַּ֫חַת מוֹאָב	pa.chat mo.av	Pahath-moab
6356	פְּחֶ֫תֶת	pe.che.tet	eating
6357	פִּטְדָה	pit.dah	topaz
6359	פָּטִיר	pa.tir	free
6360	פַּטִּישׁ	pat.tish	hammer
6361	פְּטַשׁ	pat.tish	legging
6362	פָּטוּר	pa.tur	to open
6363	פֶּ֫טֶר	pe.ter	firstborn
6364	פִּי־בֶ֫סֶת	pi-ve.set	Pi-beseth
6365	פִּיד	pid	disaster
6366	פֵּיָה	pe.yah	two-edged
6367	פִּי הַחִירֹת	pi ha.chi.rot	Pi-hahiroth
6368	פִּיחַ	pi.ach	soot
6369	פִּיכֹל	pi.khol	Phicol
6370	פִּלֶ֫גֶשׁ	pi.le.gesh	concubine
6371	פִּימָה	pi.mah	excess fat
6372	פִּינְחָס	pin.chas	Phinehas
6373	פִּינֹן	pi.non	Pinon
6375	פִּיק	piq	tottering
6376	פִּישׁוֹן	pi.shon	Pishon
6377	פִּיתוֹן	pi.ton	Pithon
6378	פַּךְ	pakh	vial
6379	פָּכָה	pa.khah	to trickle
6380	פֹּכֶ֫רֶת הַצְבָיִם	po.khe.ret tse.va.yim	Pochereth-hazzebaim
6381	פָּלָא	pa.la	to wonder
6382	פֶּ֫לֶא	pe.le	wonder
6383	פִּלְאִי	pil.i	incomprehensible
6385	פָּלַג	pa.lag	to divide
6387	פְּלַג	pe.lag	half
6388	פֶּ֫לֶג	pe.leg	stream
6389	פֶּ֫לֶג	pe.leg	Peleg
6390	פְּלַגָּה	pe.lag.gah	stream
6391	פְּלֻגָּה	pe.lug.gah	division
6393	פְּלָדָה	pe.la.dah	iron
6394	פִּלְדָּשׁ	pil.dash	Pildash
6395	פָּלָה	pa.lah	be distinguished
6396	פַּלֻּאִי	pal.lu.i	Palluite
6397	פְּלוֹנִי	pe.lo.ni	Pelonite
6398	פָּלַח	pa.lach	to cleave
6399	פְּלַח	pe.lach	to serve
6400	פֶּ֫לַח	pe.lach	millstone
6401	פִּלְחָא	pil.ach	Pilha
6402	פׇּלְחָן	pol.chan	service
6403	פָּלַט	pa.lat	to escape
6404	פֶּ֫לֶט	pe.let	Pelet
6405	פַּלֵּט	pal.let	deliverance
6406	פַּלְטִי	pal.ti	Palti
6408	פִּלְטָ֑י	pil.tay	Piltai
6409	פַּלְטִיאֵל	pal.ti.el	Paltiel
6410	פְּלַטְיָ֫הוּ	pe.lat.yah	Pelatiah
6411	פְּלָאיָה	pe.la.yah	Pelaiah
6412	פָּלִיט	pa.lit	survivor
6413	פְּלֵיטָה	pe.le.tah	survivor
6414	פָּלִיל	pa.lil	judge
6415	פְּלִילָה	pe.li.lah	judge
6416	פְּלִילִי	pe.li.li	judge
6417	פְּלִילִיָּה	pe.li.liy.yah	judgment
6418	פֶּ֫לֶךְ	pe.lekh	district
6419	פָּלַל	pa.lal	to pray
6420	פָּלָל	pa.lal	Palal
6421	פְּלַלְיָה	pe.lal.yah	Pelaliah
6423	פַּלְמוֹנִי	pal.mo.ni	certain
6424	פָּלַס	pa.las	to envy
6425	פֶּ֫לֶס	pe.les	balance
6426	פָּלַץ	pa.lats	to shudder
6427	פַּלָּצוּת	pal.la.tsut	shuddering
6428	פָּלַשׁ	pa.lash	to wallow
6429	פְּלֶ֫שֶׁת	pe.le.shet	Philistia
6430	פְּלִשְׁתִּי	pe.lish.ti	Philistine
6431	פֶּ֫לֶת	pe.let	Peleth
6432	פְּלֵתִי	pe.le.ti	Pelethite
6435	פֶּן־	pen	lest
6436	פַּנַּג	pan.nag	cake
6437	פָּנָה	pa.nah	to turn
6438	פֵּן	pen	Corner
6439	פְּנוּאֵל	pe.nu.el	Peniel
6440	לִפְנָ֑י	liph.nay	before
6441	פְּנִ֫ימָה	pe.ni.mah	within
6442	פְּנִימִי	pe.ni.mi	inner
6443	פְּנִינִים	pa.nin	jewel
6444	פְּנִנָּה	pe.nin.nah	Peninnah
6445	פָּנַק	pa.naq	to pamper
6446	פַּס	pas	long-sleeved
6447	פַּס	pas	palm
6448	פָּסַג	pa.sag	to go through
6449	אַשְׁדּוֹת	ash.dot hap.pis.gah	Slopes (of Pisgah)
6451	פִּסָּה	pis.sah	abundance
6452	פָּסַח	pa.sach	to pass
6453	פֶּ֫סַח	pe.sach	Passover
6454	פָּסֵחַ	pa.se.ach	Paseah
6455	פִּסֵּחַ	pis.se.ach	lame
6457	פָּסַךְ	pa.sakh	Pasach
6458	פָּסַל	pa.sal	to hew
6459	פָּסִיל	pe.sil	idol
6460	פְּסַנְטֵרִין	pe.san.te.rin	psaltery
6461	פָּסַס	pa.sas	to disappear
6462	פִּסְפָּה	pis.pah	Pispa
6463	פָּעָה	pa.ah	to groan
6464	פָּ֑עוּ	pa.u	Pau
6465	פְּעוֹר	pe.or	Peor
6466	פָּעַל	pa.al	to work
6467	פֹּ֫עַל	po.al	work
6468	פְּעֻלָּה	pe.ul.lah	wages
6469	פְּעֻלְּתַי	pe.ul.l.tay	Peullethai
6470	פָּעַם	pa.am	to trouble
6471	פַּ֫עַם	pa.am	beat
6472	פַּעֲמֹן	pa.a.mon	bell
6473	פָּעַר	pa.ar	to open
6474	פַּעֲרַי	pa.a.ray	Paarai
6475	פָּצָה	pa.tsah	to open
6476	פָּצַח	pa.tsach	to break out
6477	פְּצִירָה	pe.tsi.rah	bluntness
6478	פָּצַל	pa.tsal	to peel
6479	פִּצְלָה	pe.tsa.lah	stripe
6480	פָּצַם	pa.tsam	to split open
6481	פָּצַע	pa.tsa	to wound
6482	פֶּ֫צַע	pe.tsa	wound
6483	פִּצֵּץ	pits.tsets	Happizzez
6484	פָּצַר	pa.tsar	to press
6485	פָּקַד	pa.qad	to reckon: list
6486	פְּקֻדָּה	pe.qud.dah	punishment
6487	פִּקָּדוֹן	piq.qa.don	deposit
6488	פְּקִדֻת	pe.qi.dut	oversight
6490	פִּקּוּד	piq.qud	precept
6491	פָּקַח	pa.qach	to open
6492	פֶּ֫קַח	pe.qach	Pekah
6493	פִּקֵּחַ	piq.qe.ach	seeing
6494	פְּקַחְיָה	pe.qach.yah	Pekahiah
6495	פְּקַח־קוֹחַ	pe.qach-qo.ach	opening
6496	פָּקִיד	pa.qid	overseer
6497	פֶּקָעִים	pe.qa	gourd
6498	פַּקֻּעֹת	paq.qu.ah	gourd
6499	פַּר	par	bullock
6501	פֶּ֫רֶא	pe.re	wild donkey
6502	פִּרְאָם	pir.am	Piram
6503	פַּרְוָר	par.bar	colonnade
6504	בְּדַר	be.dar	to scatter
6505	פֶּ֫רֶד	pe.red	mule
6506	פִּרְדָּה	pir.dah	female mule
6507	פְּרֻדָה	pe.ru.dah	grain
6508	פַּרְדֵּס	par.des	park
6509	פָּרָא	pa.ra	be fruitful
6510	פָּרָה	pa.rah	heifer
6511	פָּרָה	pa.rah	Parah
6512	פֵּרָה	pe.rah	mole
6513	פֻּרָה	pu.rah	Purah
6514	פְּרוּדָא	pe.ru.da	Peruda
6515	פָּרוּחַ	pa.ru.ach	Paruah
6516	פַּרְוָ֑יִם	par.va.yim	Parvaim
6517	פָּרוּר	pa.rur	pot
6518	פֶּ֫רֶז	pa.raz	warrior
6519	פְּרָזָה	pe.ra.zah	village
6520	פְּרָזוֹן	pe.ra.zon	villager
6521	פְּרָזִי	pe.ra.zi	villager
6522	פְּרִזִּי	pe.riz.zi	Perizzite
6524	פָּרַח	pa.rach	to sprout
6525	פֶּ֫רַח	pe.rach	flower
6526	פִּרְחָח	pir.chach	brood
6527	פָּרַט	pa.rat	to divide
6528	פֶּ֫רֶט	pe.ret	broken
6529	פְּרִי	pe.ri	fruit
6530	פָּרִיץ	pe.rits	violent
6531	פֶּ֫רֶךְ	pe.rekh	severity
6532	פָּרֹ֫כֶת	po.re.khet	curtain
6533	פָּרַם	pa.ram	to tear
6534	פַּרְמַשְׁתָּא	par.mash.ta	Parmashta
6535	פַּרְנָךְ	par.nakh	Parnach
6536	פָּרַס	pa.ras	to divide
6537	פְּרֵס	pe.res	half
6538	פֶּ֫רֶס	pe.res	vulture
6539	אֲפָֽרְסָיֵא	a.pha.re.say	Persia
6541	פַּרְסָה	par.sah	hoof
6544	פָּרַע	pa.ra	to lead
6545	פֶּ֫רַע	pe.ra	lock
6546	פֶּ֫רַע	par.ah	leader
6547	פַּרְעֹה	par.oh	Pharaoh
6550	פַּרְעֹשׁ	par.osh	flea
6551	פַּרְעֹשׁ	par.osh	Parosh
6552	פִּרְעָתוֹן	pir.a.ton	Pirathon
6554	פַּרְפַּר	par.par	Pharpar
6555	פָּרַץ	pa.rats	to break through
6556	פֶּ֫רֶץ	pe.rets	breach
6557	פֶּ֫רֶץ	pe.rets	Perez
6559	פְּרָצִים	pe.ra.tsim	(Mount) Perazim
6560	פֶּרֶץ עֻזָּא	pe.rets uz.za	Perez-uzza
6561	פָּרַק	pa.raq	to tear
6563	פֶּ֫רֶק	pe.req	plunder
6564	פָּרָק	pa.raq	broth
6565	פּוּר	pur	to break
6566	פָּרַשׂ	pa.ra.s	to spread
6567	פָּרַשׁ	pa.rash	to declare
6569	פֶּ֫רֶשׁ	pe.resh	refuse
6570	פֶּ֫רֶשׁ	pe.resh	Peresh
6571	פָּרָשׁ	pa.rash	horse
6572	פַּרְשֶׁ֫גֶן	par.she.gen	copy
6574	פַּרְשְׁדֹ֑נָה	par.she.do.nah	refuse
6575	פָּרָשָׁה	pa.ra.shah	declaration
6576	פַּרְשֵׁז	par.shez	to spread
6577	פַּרְשַׁנְדָּתָא	par.shan.da.ta	Parshandatha
6578	נְהַר	ne.har	River
6579	פַּרְתְּמִים	par.tam	noble
6580	פַּשׁ	pash	folly
6581	פָּשָׂה	pa.sah	to spread
6582	פָּשַׁח	pa.shach	to tear
6583	מָגוֹר מִסָּבִיב	ma.gor mis.sa.viv	`Terror on Every Side`
6584	פָּשַׁט	pa.shat	to strip
6585	פָּשַׂע	pa.sa	to step
6586	פָּשַׁע	pa.sah	to transgress
6587	פֶּ֫שַׂע	pe.sa	step
6588	פֶּ֫שַׁע	pe.sah	transgression
6589	פָּשַׂק	pa.saq	to open
6592	פֵּ֫שֶׁר	pe.sher	interpretation
6593	פֵּ֫שֶׁת	pish.teh	flax
6594	פִּשְׁתָּה	pish.tah	flax
6595	פַּת	pat	morsel
6596	פֹּת	pot	hinge
6597	פִּתְאֹם	pit.om	suddenly
6598	פַּת־בָּג	pat.bag	choice
6599	פִּתְגָּם	pit.gam	edict
6601	פָּתָה	pa.tah	to open wide
6602	פְּתוּאֵל	pe.tu.el	Pethuel
6603	פִּתּוּחַ	pit.tu.ach	engraving
6604	פְּתוֹר	pe.tor	Pethor
6605	פָּתַח	pa.tach	to open
6607	פֶּ֫תַח	pe.tach	entrance
6608	פֵּ֫תַח	pe.tach	opening
6609	פְּתִיחָה	pe.ti.chah	drawn sword
6610	פִּתְחוֹן	pit.chon	opening
6611	פְּתַחְיָה	pe.tach.yah	Pethahiah
6612	פֶּ֫תִי	pe.ti	simple
6613	פְּתָי	pe.tay	breadth
6614	פְּתִיגִיל	pe.ti.gil	robe
6615	פְּתַיּוּת	pe.tay.yut	naivite
6616	פָּתִיל	pa.til	cord
6617	פָּתַל	pa.tal	to twist
6618	פְּתַלְתֹּל	pe.tal.tol	twisted
6619	פִּתֹם	pi.tom	Pithom
6620	פֶּ֫תֶן	pe.ten	cobra
6621	פֶּתַע	pe.ta	suddenness
6622	פְּשַׁר	pe.shar	to interpret
6623	פְּשַׁר	pe.shar	interpretation
6624	פַּתְרוֹס	pat.ros	Pathros
6625	פַּתְרֻסִים	pat.ru.si	Pathrusim
6626	פָּתַת	pa.tat	to break
6627	צֵאָה	tsa.ah	excrement
6628	צֶאֱלִים	tse.el	lotus
6629	צֹאן	tson	flock
6630	צַאֲנָן	tsa.a.nan	Zaanan
6631	צֶאֱצָא	tse.e.tsa	offspring
6632	צָב	tsav	litter
6633	צָבָא	tsa.va	to serve
6634	צְבָא	tse.va	to will
6635	צָבָא	tsa.va	army
6636	צְבֹיִים	tse.vo.im	Zeboiim
6637	צֹבֵבָה	tso.ve.vah	Zobebah
6638	צָבָה	tsa.vah	to swell
6639	צָבֶה	tsa.veh	swollen
6640	צְבוּ	tse.vu	thing
6641	צָבוּעַ	tsa.vu.a	variegated
6642	צָבַט	tsa.vat	to serve
6643	צְבִי	tse.vi	beauty
6644	צִבְיָא	tsiv.ya	Zibia
6645	צִבְיָה	tsiv.y.yah	Zibiah
6648	צְבַע	tse.va	to drench
6649	צִבְעוֹן	tsiv.on	Zibeon
6650	גַּיְא	gay	(Zeboim) Valley
6651	צָבַר	tsa.var	to heap
6652	צִבּוּר	tsib.bur	heap
6653	צְבָתִים	tse.vet	bundle
6654	צַד	tsad	side
6656	צְדָא	tse.da	intended
6657	צְדָד	tse.dad	Zedad
6658	צָדָה	tsa.dah	to ambush
6659	צָדוֹק	tsa.doq	Zadok
6660	צְדִיָּה	tse.diy.yah	ambush
6661	צִדִּים	tsid.dim	Ziddim
6662	צַדִּיק	tsad.diq	righteous
6663	צָדֵק	tsa.daq	to justify
6664	צֶ֫דֶק	tse.deq	righteousness
6666	צִדְקָה	tsid.qah	righteousness
6667	מַתַּנְיָ֫הוּ	mat.tan.yah	Mattaniah
6668	צָהֵב	tsa.hav	to gleam
6669	צָהֹב	tsa.hov	yellow
6670	צָהַל	tsa.hal	to cry out
6671	צָהַר	tsa.har	to press
6672	צֹ֫הַר	tso.har	midday
6673	צַו	tsav	command
6674	צוֹא	tso	filthy
6675	צֹאָה	tso.ah	filth
6677	צַוַּאר	tsav.var	neck
6678	חֲמָת	cha.mat	(Zobah)-Hamath
6679	צוּד	tsud	to hunt
6680	צָוָה	tsa.vah	to command
6681	צָוַח	tsa.vach	to cry aloud
6682	צְוָחָה	tse.va.chah	outcry
6683	צוּלָה	tsu.lah	deep
6684	צוּם	tsum	to fast
6685	צוֹם	tsom	fast
6686	צוּעָר	tsu.ar	Zuar
6687	צוּף	tsuph	to flow
6688	צוּף	tsuph	honeycomb
6689	צוּף	tsuph	Zuph
6690	צוֹפַח	tso.phach	Zophah
6691	צוֹפַר	tso.phar	Zophar
6692	צוּץ	tsuts	to blossom
6693	צוּק	tsuq	to press
6694	צוּק	tsuq	to pour
6695	צוֹק	tsoq	distress
6696	יָצַר	ya.tsar	be distressed
6697	טוּר	tur	mountain
6698	צוּר	tsur	Zur
6699	צוּרָה	tsu.rah	design
6700	צוּרִיאֵל	tsu.ri.el	Zuriel
6701	צוּרִישַׁדָּ֑י	tsu.ri.shad.day	Zurishaddai
6703	צַח	tsach	dazzling
6704	צִחֶה	tsi.cheh	parched
6705	צָחַח	tsa.chach	be dazzling
6706	צְחִיחַ	tse.chi.ach	bare
6707	צְחִיחָה	tse.chi.chah	parched
6709	צַחֲנָה	tsa.cha.nah	stench
6710	צַחְצָחָה	tsach.tsa.chah	scorched
6711	צָחַק	tsa.chaq	to laugh
6712	צְחֹק	tse.choq	laughter
6713	צַ֫חַר	tsa.char	Sahar
6714	צֹ֫חַר	tso.char	Zohar
6715	צָחֹר	tsa.chor	tawny
6716	צִי	tsi	ship
6717	צִיבָא	tsi.va	Ziba
6718	צַ֫יִד	tsa.yid	wild game
6719	צַיָּד	tsay.yad	hunter
6720	צֵידָה	tse.dah	provision
6721	צִידוֹן	tsi.don	Sidon
6723	צִיָּה	tsiy.yah	dryness
6724	צָיוֹן	tsi.von	dryness
6725	צִיּוּן	tsiy.yun	signpost
6727	צִיחָא	tsi.ach	Ziha
6728	צִי	tsiy.yi	wild beast
6729	צִינֹק	tsi.noq	stocks
6730	צִיעֹר	tsi.or	Zior
6731	צִיץ	tsits	flower
6732	צִיץ	tsits	Ziz
6734	צִיצִת	tsi.tsit	tassel
6735	צִיר	tsir	envoy
6736	צִיר	tsir	image
6737	צוּד	tsud	to provision
6738	צֵל	tsel	shadow
6740	צָלָה	tsa.lah	to roast
6741	צִלָּה	tsil.lah	Zillah
6742	צְלִיל	tse.lul	bun
6743	צָלַח	tsa.lach	to rush
6745	צֵלָחָה	tse.la.chah	pot
6746	צְלֹחִית	tse.lo.chit	jar
6747	צַלַּ֫חַת	tsal.la.chat	dish
6748	צָלִי	tsa.li	roasted
6749	צָלַל	tsa.lal	to sink
6750	צָלַל	tsa.lal	to tingle
6751	צָלַל	tsa.lal	to shade
6753	הַצְּלֶלְפּוֹנִי	tse.lel.po.ni	Hazzelelponi
6754	צֶ֫לֶם	tse.lem	image
6756	עִילַי	i.lay	Ilai
6757	צַלְמָ֫וֶת	tsal.ma.vet	shadow
6758	צַלְמֹנָה	tsal.mo.nah	Zalmonah
6759	צַלְמֻנָּע	tsal.mun.na	Zalmunna
6760	צְלָא	tse.la	to pray
6761	צֶ֫לַע	tse.la	stumbling
6762	צֵלַע	tse.la	Zela
6763	עֲלַע	a.la	rib
6764	צָלָף	tsa.laph	Zalaph
6765	צְלׇפְחָד	tse.loph.chad	Zelophehad
6766	צֶלְצַח	tsel.tsach	Zelzah
6767	צִלְצָל	tsil.tsal	buzzing
6768	צֶ֫לֶק	tse.leq	Zelek
6769	צִלְּתַי	tsil.l.tay	Zillethai
6770	צָמֵא	tsa.me	to thirst
6771	צָמֵא	tsa.me	thirsty
6772	צָמָא	tsa.ma	thirst
6773	צִמְאָה	tsim.ah	parched
6774	צִמָּאוֹן	tsim.ma.on	parched
6775	צָמַד	tsa.mad	to join
6776	צֶ֫מֶד	tse.med	pair
6777	צַמָּה	tsam.mah	veil
6778	צַמּוּק	tsam.muq	cluster
6779	צָמַח	tsa.mach	to spring
6780	צֶ֫מַח	tse.mach	branch
6781	צָמִיד	tsa.mid	bracelet
6782	צַמִּים	tsam.mim	snare
6783	צְמִיתֻת	tse.mi.tut	finality
6784	צָמַק	tsa.maq	to shrivel
6785	עֲמַר	a.mar	wool
6786	צְמָרִי	tse.ma.ri	Zemarite
6787	צְמָרַיִם	tse.ma.ra.yim	(Mount) Zemaraim
6788	צַמֶּ֫רֶת	tsam.me.ret	treetop
6789	צָמַת	tsa.mat	to destroy
6790	צִן	tsin	Zin
6791	צֵן	tsen	thorn
6792	צֹנֶה	tso.neh	sheep
6793	צִנָּה	tsin.nah	hook
6794	צִנּוֹר	tsin.nur	water
6795	צָנַח	tsa.nach	to descend
6796	צָנִין	tsa.nin	thorn
6797	צָנִיף	tsa.niph	turban
6798	צָנַם	tsa.nam	to dry
6799	צְנָן	tse.nan	Zenan
6800	צָנַע	tsa.na	be humble
6801	צָנַף	tsa.naph	to wrap
6802	צְנֵפָה	tse.ne.phah	toss
6803	צִנְצֶ֫נֶת	tsin.tse.net	jar
6804	צַנְתְּרוֹת	tsan.ta.rah	pipe
6805	צָעַד	tsa.ad	to march
6806	צַ֫עַד	tsa.ad	step
6807	צְעָדָה	tse.a.dah	marching
6808	צָעָה	tsa.ah	to march
6809	צָעִיף	tsa.iph	shawl
6810	צָעִיר	tsa.ir	little
6812	צְעִירָה	tse.i.rah	youth
6813	צָעַן	tsa.an	to move
6814	צֹ֫עַן	tso.an	Zoan
6815	צַעֲנַנִּים	tsa.a.nan.nim	Zaanannim
6816	צַעֲצֻעִים	tsa.tsu.a	image
6817	צָעַק	tsa.aq	to cry
6818	צְעָקָה	tsa.a.qah	cry
6819	צָעַר	tsa.ar	be little
6820	בֶּ֫לַע	be.la	Bela
6821	צָפַד	tsa.phad	to shrivel
6822	צָפָה	tsa.phah	to watch
6823	צָפָה	tsa.phah	to overlay
6824	צָפָה	tsa.phah	discharge
6825	צְפוֹ, צְפִי	tse.pho	Zepho
6826	צִפּוּי	tsip.puy	plating
6828	צָפוֹן	tsa.phon	north
6830	צְפוֹנִי	tse.pho.ni	northern
6832	צָפִיעַ	tse.phu.a	dung
6833	צִפּוֹר	tsip.por	bird
6834	צִפּוֹר	tsip.por	Zippor
6835	צַפַּ֫חַת	tsap.pa.chat	jar
6836	צְפִּיָּה	tse.phiy.yah	watch
6837	צְפוֹן	tse.phon	Zephon
6838	צְפִיחִת	tsap.pi.chit	flatbread
6839	צֹפִים	tso.phim	Zophim
6840	צָפִין	tsa.phin	treasure
6842	צְפִיר	tse.phir	male goat
6843	צְפִירָה	tse.phi.rah	diadem/doom
6844	צָפִית	tsa.phit	rug
6845	צָפַן	tsa.phan	to treasure
6846	צְפַנְיָהוּ	tse.phan.yah	Zephaniah
6848	צֶ֫פַע	tse.pah	serpent
6849	צְפִיעָה	tse.phi.ah	offshoot
6850	צָפַף	tsa.phaph	to whisper
6851	צַפְצָפָה	tsaph.tsa.phah	willow
6852	צָפַר	tsa.phar	to depart
6854	צְפַרְדֵּעַ	tse.phar.de.a	frog
6855	צִפֹּרָה	tsip.po.rah	Zipporah
6856	טְפַר	te.phar	nail/claw
6857	חׇרְמָה	chor.mah	Hormah
6858	צֶ֫פֶת	tse.phet	capital
6859	גַּיְא	gay	(Zephathah) Valley
6860	צִקְלַג	tsiq.lag	Ziklag
6861	צִקָּלֹן	tsiq.lon	sack
6862	צַר	tsar	narrow
6863	צֵר	tser	Zer
6864	צֹר	tsor	flint
6865	צֹר	tsor	Tyre
6866	צָרַב	tsa.rav	to burn
6867	צָרָב	tsa.tav	burning
6868	צְרֵדָה	tse.re.dah	Zeredah
6869	בַּצָּרָה	bats.tsa.rah	dearth
6870	צְרוּיָה	tse.ru.yah	Zeruiah
6871	צְרוּעָה	tse.ru.ah	Zeruah
6872	צְרוֹר	tse.ror	bundle
6873	צָרַח	tsa.rach	to cry
6874	יִצְרִי	yits.ri	Izri
6875	צֳרִי	tse.ri	balsam
6877	צְרִיחַ	tse.ri.ach	stronghold
6878	צֹ֫רֶךְ	tso.rekh	need
6879	צָרַע	tsa.ra	be leprous
6880	צִרְעָה	tsir.ah	hornet
6881	צׇרְעָה	tsor.ah	Zorah
6882	צׇרְעָתִי	tsor.i	Zorathite
6883	צָרַ֫עַת	tsa.ra.at	leprosy
6884	צָרַף	tsa.raph	to refine
6885	צֹרְפִי	tso.re.phi	goldsmith
6886	צָֽרְפַת	tsa.re.phat	Zarephath
6887	צָרַר	tsa.rar	to distress
6889	צֶ֫רֶת	tse.ret	Zereth
6890	צֶרֶת הַשַּׁ֫חַר	tse.ret hash.sha.char	Zereth-shahar
6891	צְרֵדָה	tse.re.dah	Zeredah
6892	קֵא	qe	vomit
6893	קָאַת	qa.at	pelican
6894	קַב	qav	kab
6895	קָבַב	qa.vav	to curse
6896	קֵבָה	qe.vah	stomach
6897	קֹבָה	qo.vah	belly
6898	קֻבָּה	qub.bah	tent
6899	קִבּוּץ	qib.buts	collection
6900	קְבֻרָה	qe.vu.rah	tomb
6901	קָבַל	qa.val	to receive
6904	קְבֹל	qo.vel	battering-ram
6905	קֳבֵל	qe.vel	before
6906	קָבַע	qa.va	to rob
6907	קֻבַּעַת	qub.ba.at	dreg
6908	קָבַץ	qa.vats	to gather
6909	קַבְצְאֵל	qav.tse.el	Kabzeel
6910	קְבֻצָה	qe.vu.tsah	gathering
6911	יׇקְמְעָם	yoq.me.am	Jokmeam
6912	קָבַר	qa.var	to bury
6913	קֶ֫בֶר	qe.ver	grave
6914	קִבְרוֹת הַתַּאֲוָה	qiv.rot hat.ta.a.vah	Kibroth-hattaavah
6915	קָדַד	qa.dad	to bow
6916	קִדָּה	qid.dah	cassia
6917	קָדוּם	qa.dum	ancient
6918	קָדוֹשׁ	qa.dosh	holy
6919	קָדַח	qa.dach	to kindle
6920	קַדַּ֫חַת	qad.da.chat	fever
6921	קָדִים	qa.dim	east
6923	קָדַם	qa.dam	to meet
6924	קֶ֫דֶם	qe.dem	East
6925	קֳדָם	qo.dam	before
6926	קִדְמָה	qid.mah	east
6927	קַדְמָה	qad.mah	former
6929	נוֹדָ֑ב	no.dav	Nodab
6930	קַדְמוֹן	qad.mon	eastern
6931	קַדְמֹנִי	qad.mo.ni	eastern
6932	קְדֵמוֹת	qe.de.mot	Kedemoth
6933	קַדְמַי	qad.may	first
6934	קַדְמִיאֵל	qad.mi.el	Kadmiel
6935	קַדְמֹנִי	qad.mo.ni	Kadmonite
6936	קׇדְקֹד	qod.qod	crown
6937	קָדַר	qa.dar	be dark
6938	קֵדָר	qe.dar	Kedar
6939	יְהוֹשָׁפָט	ye.ho.sha.phat	(Valley of) Jehoshaphat
6940	קַדְרוּת	qad.rut	darkness
6941	קְדֹרַנִּית	qe.do.ran.nit	mournfully
6942	קָדַשׁ	qa.dash	to consecrate: consecate
6943	נַפְתָּלִי	naph.ta.li	(Kedesh)-naphtali
6944	קֹ֫דֶשׁ	qo.desh	holiness
6945	קָדֵשׁ	qa.desh	male cult prostitute
6946	עֵין מִשְׁפָּט	en mish.pat	En-mishpat
6948	קְדֵשָׁה	qe.de.shah	cult prostitute
6949	קָהָה	qa.hah	be blunt
6950	קָהַל	qa.hal	to gather
6951	קָהָל	qa.hal	assembly
6952	קְהִלָּה	qe.hil.lah	assembly
6953	קֹהֶ֫לֶת	qo.he.let	preacher
6954	קְהֵלָ֫תָה	qe.he.la.tah	Kehelathah
6955	קְהָת	qe.hat	Kohath
6957	קַו	qav	cord
6958	קִיא	qo	to vomit
6959	קוֹבַע	qo.va	helmet
6960	קָוָה	qa.vah	to await
6961	קָוֶה	qa.veh	line
6962	נָקַט	na.qat	to tire
6963	קוֹל	qol	voice
6964	קוֹלָיָה	qo.la.yah	Kolaiah
6965	קוּם	qum	to arise: rise
6967	קוֹמָה	qo.mah	height
6968	קוֹמְמִיּוּת	qo.me.miy.yut	uprightness
6969	קִינֵן	qun	to chant
6970	קוֹעַ	qo.a	Koa
6971	קוֹף	qoph	ape
6972	קוּץ	quts	to summer
6973	קוּץ	quts	to loathe
6974	קִיץ	quts	to awake
6975	קוֹץ	qots	thorn
6976	קוֹץ	qots	Koz
6977	קְוֻצּוֹת	qe.vuts.tsah	lock
6979	קוּר	qur	to dig
6980	קוּר	qur	web
6981	קוֹרֵא	qo.re	Kore
6982	קוֹרָה	qo.rah	beam
6983	קוּשׁ	qosh	to lure
6985	קָ֔ט	qat	only
6986	קֶ֫טֶב	qe.tev	destruction
6988	קְטוֹרָה	qe.to.rah	incense
6989	קְטוּרָה	qe.tu.rah	Keturah
6990	קוֹט	qa.tat	to cut off
6991	קָטַל	qa.tal	to slay
6993	קֶ֫טֶל	qe.tel	slaughter
6994	קָטֹן	qa.ton	be small
6995	קְטֹן	qo.ten	little finger
6996	קָטָן	qa.tan	small
6997	קָטָן	qa.tan	Hakkatan
6998	קָטַף	qa.taph	to pluck
6999	קָטַר	qa.tar	to offer: burn
7000	קָטַר	qa.tar	to enclose
7001	קְטַר	qe.tar	joint
7002	קִטֵּר	qit.ter	incense
7003	קִטְרוֹן	qit.ron	Kitron
7004	קְטֹ֫רֶת	qe.to.ret	incense
7006	קָיָה	qa.yah	to vomit
7008	קִיטוֹר	qi.tor	smoke
7009	קִים	qim	adversary
7010	קְיָם	qe.yam	statute
7011	קַיָּם	qay.yam	enduring
7012	קִימָה	qi.mah	rising
7013	קַ֫יִן	qa.yin	spear
7014	קַ֫יִן	qa.yin	Kain
7015	קִינָה	qi.nah	dirge
7016	קִינָה	qi.nah	Kinah
7017	קַ֫יִן	qa.yin	Kenite
7018	קֵינָן	qe.nan	Kenan
7019	קַ֫יִט	qa.yit	summer
7020	קִיצוֹן	qi.tson	outermost
7021	קִיקָיוֹן	qi.qa.von	plant
7022	קִיקָלוֹן	qi.qa.lon	disgrace
7023	קִיר	qir	wall
7024	מִצְפֶּה	mits.peh	Mizpeh
7026	קֵרֹס	qe.ros	Keros
7027	קִישׁ	qish	Kish
7028	קִישׁוֹן	qi.shon	Kishon
7029	קוּשָׁיָ֫הוּ	qu.sha.ya.hu	Kushaiah
7030	קַתָרֹס	qi.ta.ros	lyre
7031	קַל	qal	swift
7033	קָלָה	qa.lah	to roast
7034	קָלָה	qa.lah	to dishonor
7036	קָלוֹן	qa.lon	dishonor
7037	קַלַּ֫חַת	qal.la.chat	caldron
7038	קָלַט	qa.lat	be stunted
7039	קָלִי	qa.li	roasted
7040	קַלַּי	qal.lay	Kallai
7041	קֵלָיָה	qe.la.yah	Kelaiah
7042	קְלִיטָא	qe.li.ta	Kelita
7043	קָלַל	qa.lal	to lighten
7044	קָלָל	qa.lal	burnished
7045	קְלָלָה	qe.la.lah	curse
7046	קָלַס	qa.las	to mock
7047	קֶ֫לֶס	qe.les	derision
7048	קַלָּסָה	qal.la.sah	derision
7049	קָלַע	qa.la	to sling
7050	קֶ֫לַע	qe.la	sling
7051	קַלָּע	qal.la	slinger
7052	קְלֹקֵל	qe.lo.qel	worthless
7053	קִלְּשׁוֹן	qil.l.shon	fork
7054	קָמָה	qa.mah	standing grain
7055	קְמוּאֵל	qe.mu.el	Kemuel
7056	קָמוֹן	qa.mon	Kamon
7057	קִמּוֹשׂ	qim.mosh	nettle
7058	קֶ֫מַח	qe.mach	flour
7059	קָמַט	qa.mat	to seize
7060	קָמֵל	qa.mal	to decay
7061	קָמַץ	qa.mats	to grasp
7062	קֹ֫מֶץ	qo.mets	handful
7064	קֵן	qen	nest
7065	קָנָא	qa.na	be jealous
7067	קַנָּא	qan.na	jealous
7068	קִנְאָה	qin.ah	jealousy
7069	קְנָא	qe.na	to buy
7070	קָנֶה	qa.neh	branch
7071	קָנָה	qa.nah	Kanah
7072	קַנּוֹא	qan.no	jealous
7073	קְנַז	qe.naz	Kenaz
7074	קְנִזִּי	qe.niz.zi	Kenizzite
7075	קִנְיָן	qin.yan	acquisition
7076	קִנָּמוֹן	qin.na.mon	cinnamon
7077	קִנֵּן	qa.nan	to make a nest
7078	קֵ֫נֶץ	qe.nets	snare
7079	נֹ֫בַח	no.vach	Nobah
7080	קָסַם	qa.sam	to divine
7081	קֶ֫סֶם	qe.sem	divination
7082	קָסַס	qa.sas	to strip
7083	קֶ֫סֶת	qe.set	pot
7084	קְעִילָה	qe.i.lah	Keilah
7085	קַעֲקַע	qa.a.qa	incision
7086	קְעָרָה	qe.a.rah	dish
7087	קָפָא	qa.pah	to congeal
7088	קָפַד	qa.phad	to roll
7089	קְפָדָה	qe.pha.dah	anguish
7090	קִפֹּד	qip.pod	porcupine
7091	קִפּוֹז	qip.poz	arrow snake
7092	קָפַץ	qa.phats	to gather
7093	קֵץ	qets	end
7094	קָצַב	qa.tsav	to shear
7095	קֶ֫צֶב	qe.tsev	shape
7096	קָצָה	qa.tsah	to cut off
7097	קָצֶה	qa.tseh	end
7098	קָצָה	qa.tsah	end
7099	קָ֫צוּ	qe.tsev	boundary
7100	קֶ֫צַח	qe.tsach	dill
7101	קָצִין	qa.tsin	chief
7102	קְצִיעָה	qe.tsi.ah	cassia
7103	קְצִיעָה	qe.tsi.ah	Keziah
7105	קָצִיר	qa.tsir	harvest
7106	קָצַע	qa.tsa	to scrape
7107	קָצַף	qa.tsaph	be angry
7109	קְצַף	qe.tsaph	wrath
7110	קֶ֫צֶף	qe.tseph	wrath
7111	קְצָפָה	qe.tsa.phah	splinter
7112	קָצַץ	qa.tsats	to cut
7114	קָצֵר	qa.tser	be short
7115	קֹ֫צֶר	qo.tser	shortness
7116	קָצֵר	qa.tser	short
7117	קְצָת	qe.tsat	end
7119	קַר	qar	cool
7120	קֹר	qor	cold
7121	קָרָא	qa.ra	to call: call to
7122	קָרָא	qa.ra	to encounter: meet
7124	קֹרֵא	qo.re	partridge
7126	קָרַב	qa.rav	to present: come
7128	קְרָב	qe.rav	battle
7130	קֶ֫רֶב	qe.rev	entrails: among
7131	קָרֵב	qa.rev	approaching
7132	קִרְבָה	qe.ra.vah	nearness
7133	קׇרְבָּן	qor.ban	offering
7134	קַרְדֹּם	qar.dom	axe
7135	קָרָה	qa.rah	cold
7136	קָרָה	qa.rah	to meet
7137	קָרֶה	qa.reh	accident
7138	קָרֹב	qa.rov	near
7139	קָרַח	qa.rach	to make bald
7140	קֶ֫רַח	qe.rach	ice
7141	קֹ֫רַח	qo.rach	Korah
7142	קֵרֵחַ	qe.re.ach	bald
7143	קָרֵחַ	qa.re.ach	Kareah
7144	קׇרְחָה	qor.chah	bald spot
7146	קָרַ֫חַת	qa.ra.chat	baldness
7147	קְרִי	qe.ri	hostility
7148	קָרִיא	qa.ri	chosen
7150	קְרִיאָה	qe.ri.ah	proclamation
7151	קִרְיָה	qir.yah	town
7152	חֶצְרוֹן	chets.ron	(Kerioth)-hezron
7155	קִרְיַת חֻצוֹת	qir.yat chu.tsot	Kiriath-huzoth
7156	קְרִיּוֹת	qe.riy.yot	Kerioth
7157	בַּעֲלָה	ba.a.lah	Baalah
7159	קָרַם	qa.ram	to cover
7160	קָרַן	qa.ran	to shine
7161	קֶ֫רֶן	qe.ren	horn
7163	קֶרֶן הַפּוּךְ	qe.ren hap.pukh	Keren-happuch
7164	קָרַס	qa.ras	to stoop
7165	קֶ֫רֶס	qe.res	clasp
7166	קַרְסֹל	qar.sol	ankle
7167	קָרַע	qa.ra	to tear
7168	קֶ֫רַע	qe.ra	rags
7169	קָרַץ	qa.rats	to wink
7170	קְרַץ	qe.rats	charges
7171	קֶ֫רֶץ	qe.rets	stinging fly
7172	קַרְקַע	qar.qa	floor
7173	קַרְקַע	qar.qa	Karka
7174	קַרְקֹר	qar.qor	Karkor
7175	קֶ֫רֶשׁ	qe.resh	board
7176	קֶ֫רֶת	qe.ret	town
7178	קַרְתָּן	qar.tan	Kartan
7179	קַשׁ	qash	stubble
7180	קִשֻּׁאָה	qish.shu.ah	cucumber
7181	קָשַׁב	qa.shav	to listen
7182	קֶ֫שֶׁב	qe.shev	attentiveness
7183	קַשָּׁב	qash.shav	attentive
7184	קַשְׂוָה	qa.sah	jug
7185	קָשָׁה	qa.shah	to harden
7186	קָשֶׁה	qa.sheh	severe
7188	קָשַׁח	qa.shach	to harden
7189	קְשֹׁט	qe.shot	truth
7190	קְשִׁי	qe.shi	stubbornness
7191	קֶ֫דֶשׁ	qe.desh	Kedesh
7192	קְשִׂיטָה	qe.si.tah	coin
7193	קַשְׂקֶ֫שֶׂת	qas.qe.set	scale
7194	קָשַׁר	qa.shar	to conspire
7195	קֶ֫שֶׁר	qe.sher	conspiracy
7196	קִשֻּׁרִים	qish.shur	sash
7197	קָשַׁשׁ	qa.shash	to gather
7198	קֶ֫שֶׁת	qe.shet	bow
7199	קַשָּׁת	qash.shat	bowman
7200	רָאָה	ra.ah	to see: see
7201	רָאָה	ra.ah	glede
7202	רָאֶה	ra.eh	to see
7203	רֹאֶה	ro.eh	seer
7204	רֹאֶה	ro.eh	Haroeh
7205	רְאוּבֵן	re.u.ven	Reuben
7207	רַאיָּה	ra.a.vah	to behold
7208	רְאוּמָה	re.u.mah	Reumah
7209	רְאִי	re.i	mirror
7210	רֳאִי	ro.i	sight
7211	רְאָיָה	re.a.yah	Reaiah
7212	רְאוּת	re.ut	sight
7213	רָאַם	ra.am	to rise
7214	רְאֵם	re.em	wild ox
7215	רָאמוֹת	ra.mah	coral
7218	רֵאשׁ	resh	head
7219	רֹאשׁ	rosh	poison
7220	רֹאשׁ	rosh	Rosh
7221	רִאשָׁה	ri.shah	beginning
7222	רֹאשָׁה	ro.shah	top
7223	רִאשׁוֹן	ri.shon	first
7224	רִאשֹׁנִי	ri.sho.ni	first
7225	רֵאשִׁית	re.shit	first: beginning
7227	רַב	rav	many
7228	רַב	rav	archer
7230	רֹב	rov	abundance
7231	רָבַב	ra.vav	to multiply
7232	רָבַב	ra.vav	to multiply ten thousand
7233	רְבָבָה	re.va.vah	myriad
7234	רָבַד	ra.vad	to spread
7235	רָבָה	ra.vah	to multiply
7238	רְבוּ	re.vu	greatness
7239	רִבּוֹ	rib.bo	ten thousand
7241	רְבִיבִים	ra.viv	shower
7242	רָבִיד	ra.vid	necklace
7243	רְבִיעִי	re.vi.i	fourth
7245	רַבִּית	rab.bit	Rabbith
7246	רָבַךְ	ra.vakh	to stir
7247	דִּבְלָה	div.lah	Riblah
7248	רַב־מָג	rav-mag	Rab-mag
7249	רַב־סָרִיס	rav-sa.ris	Rab-saris
7250	רָבַע	ra.va	to mate
7251	רָבַע	ra.va	to square
7253	רֶ֫בַע	re.va	fourth
7254	רֶ֫בַע	re.va	Reba
7255	רֹ֫בַע	ro.va	fourth
7256	רִבֵּעַ	rib.be.a	fourth
7257	רָבַץ	ra.vats	to stretch
7258	רֵ֫בֶץ	re.vets	rest
7259	רִבְקָה	riv.qah	Rebekah
7262	רַבְשָׁקֵה	rav.sha.qeh	Rabshakeh
7263	רֶ֫גֶב	re.gev	clod
7264	רָגַז	ra.gaz	to tremble
7267	רֹ֫גֶז	ro.gez	turmoil
7268	רַגָּז	rag.gaz	quivering
7269	רׇגְזָה	rog.zah	quivering
7270	רָגַל	ra.gal	to spy
7272	רְגַל	re.gal	foot
7273	רַגְלִי	rag.li	on foot
7274	רֹגְלִים	ro.ge.lim	Rogelim
7275	רָגַם	ra.gam	to stone
7276	רֶ֫גֶם	re.gem	Regem
7277	רִגְמָה	rig.mah	crowd
7278	רֶ֫גֶם מֶ֫לֶךְ	re.gem me.lekh	Regem-melech
7279	נִרְגָּן	nir.gan	whisperer
7280	רָגַע	ra.ga	to disturb
7281	רֶ֫גַע	re.ga	moment
7282	רָגֵעַ	ra.ge.a	restful
7283	רָגַשׁ	ra.gash	to throng
7285	רֶ֫גֶשׁ	re.gesh	throng
7286	רָדַד	ra.dad	to subdue
7287	רָדָה	ra.dah	to rule
7288	רַדַּי	rad.day	Raddai
7289	רְדִיד	ra.did	veil
7290	רָדַם	ra.dam	to sleep
7291	רָדַף	ra.daph	to pursue
7292	רָהַב	ra.hav	to be assertive
7294	רַ֫הַב	ra.hav	Rahab monster
7295	רָהָב	ra.hav	proud
7296	רֹ֫הָב	ro.hav	pride
7297	רָהָה	ra.hah	to fear
7298	רַ֫הַט	ra.hat	trough
7300	רוּד	rud	to roam
7301	רָוָה	ra.vah	to quench
7302	רָוֶה	ra.veh	watered
7303	רָהְגָּה	ro.ha.gah	Rohgah
7304	רָוַח	ra.vach	be wide
7305	רֶ֫וַח	re.vach	space
7306	רִיחַ	ru.ach	to smell
7307	רוּחַ	ru.ach	spirit
7309	רְוָחָה	re.va.chah	relief
7310	רְוָיָה	re.va.yah	abundance
7311	רוּם	rum	to exalt
7312	רוּם	rum	height
7315	רוֹם	rom	hight
7316	רוּמָה	ru.mah	Dumah
7317	רוֹמָה	ro.mah	haughtily
7318	רוֹמָם	ro.mam	extolling
7320	רֹמַ֫מְתִּי עֶ֫זֶר	ro.mam.ti e.zer	Romamti-ezer
7321	רוּעַ	ru.a	to shout
7322	רָפַף	ruph	to tremble
7323	רוּץ	ruts	to run: run
7324	רִיק	ruq	to empty
7325	רִיר	rur	to run
7326	רוּשׁ	rush	be poor
7327	רוּת	rut	Ruth
7328	רָז	raz	mystery
7329	רָזָה	ra.zah	to starve
7330	רָזֶה	ra.zeh	lean
7331	רְזוֹן	re.zon	Rezon
7332	רָזוֹן	ra.zon	leanness
7333	רָזוֹן	ra.zon	prince
7334	רָזִי	ra.zi	wasting
7335	רָזַם	ra.zam	to flash
7336	רָזַן	ra.zan	to rule
7337	רָחַב	ra.chav	to enlarge
7338	רַ֫חַב	ra.chav	breadth
7339	רְחוֹב	re.chov	street/plaza
7340	רְחוֹב	re.chov	Rehob
7341	רֹ֫חַב	ro.chav	width
7342	חוֹמָה	cho.mah	(Broad) Wall
7343	רָחָב	ra.chav	Rahab
7344	רְחֹבוֹת	re.cho.vot	Rehoboth
7345	רְחַבְיָהוּ	re.chav.yah	Rehabiah
7346	רְחַבְעָם	re.chav.am	Rehoboam
7347	רֵחֶה	re.cheh	millstone
7348	חָרִם	cha.rim	Harim
7349	רַחוּם	ra.chum	compassionate
7350	רָחֹק	ra.choq	distant
7351	רָהִיט	re.chit	rafter
7353	רָחֵל	ra.chel	ewe
7354	רָחֵל	ra.chel	Rachel
7355	רָחַם	ra.cham	to have compassion
7356	רַחֲמִים	ra.cha.mim	compassion
7357	רַ֫חַם	ra.cham	Raham
7358	רַחַם	ra.cham	womb
7360	רָחָם	ra.cham	carrion
7362	רַחֲמָנִי	rach.ma.ni	compassionate
7363	רָחַף	ra.chaph	be weak
7364	רָחַץ	ra.chats	to wash: wash
7366	רַ֫חַץ	ra.chats	washing
7367	רַחְצָה	rach.tsah	washing
7368	רָחַק	ra.chaq	to remove
7369	רָחֵק	ra.cheq	removed
7370	רָחַשׁ	ra.chash	to overflow
7371	רַ֫חַת	ra.chat	shovel
7372	רָטֵב	ra.tav	be moist
7373	רָטֹב	ra.tov	fresh
7374	רֶ֫טֶט	re.tet	panic
7375	רֻטֲפַשׁ	ru.ta.phash	be fresh
7376	רָטַשׁ	ra.tash	to dash in pieces
7377	רִי	ri	moisture
7378	רִיב	riv	to contend
7379	רִיב	riv	strife
7380	רִיבַי	ri.vay	Ribai
7381	רֵיחַ	re.ach	aroma
7383	רִיפָה	ri.phah	grain
7384	דִּיפַת	di.phat	Riphath
7385	רִיק	riq	vain
7386	רֵיק	req	worthless
7387	רֵיקָם	re.qam	emptily
7388	רִיר	rir	spittle
7389	רֵישׁ	resh	poverty
7390	רַךְ	rakh	tender
7391	רֹךְ	rokh	tenderness
7392	רָכַב	ra.khav	to ride
7393	רֶ֫כֶב	re.khev	chariot
7394	רֵכָב	re.khav	Rechab
7395	רַכָּב	rak.kav	charioteer
7396	רִכְבָּה	rikh.bah	riding
7397	רֵכָה	re.khah	Recah
7398	רְכוּב	re.khuv	chariot
7399	רְכוּשׁ	re.khush	property
7400	רָכִיל	ra.khil	slander
7401	רָכַךְ	ra.khakh	be tender
7402	רָכַל	ra.khal	to trade
7404	רְכֻלָּה	re.khul.lah	merchandise
7405	רָכַס	ra.khas	to bind
7406	רֶ֫כֶס	re.khes	roughness
7407	רֹכֶס	ro.khes	conspiracy
7408	רָכַשׁ	ra.khash	to gather
7409	רֶ֫כֶשׁ	re.khesh	steed
7410	רָם	ram	Ram
7411	רָמָה	ra.mah	to shoot
7413	רָמָה	ra.mah	high place
7414	רָמָה	ra.mah	Ramah
7415	רִמָּה	rim.mah	worm
7416	רִמּוֹן	rim.mon	pomegranate
7417	רִמּוֹן	rim.mon	Rimmon
7419	רָמוּת	ra.mut	refuse
7420	רֹ֫מַח	ro.mach	spear
7422	רַמְיָה	ram.yah	Ramiah
7423	רְמִיָּה	re.miy.yah	deceit
7424	רַמָּךְ	ram.makh	mare
7425	רְמַלְיָ֜הוּ	re.mal.ya.hu	Remaliah
7426	רָמֹם	ra.mam	be exalted
7427	רוֹמֵמוּת	ro.me.mut	uplifting
7428	רִמֹּן פָּ֑רֶץ	rim.mon pe.rets	Rimmon-perez
7429	רָמַס	ra.mas	to trample
7430	רָמַשׂ	ra.ma.s	to creep
7431	רֶ֫מֶשׂ	re.me.s	creeping
7432	רָאמוֹת	ra.mot	Ramoth
7433	גַּלְעֵד	gal.ed	Galeed
7435	רָמָתִי	ra.ma.ti	Ramathite
7437	רָמַת לֶחִי	ra.mat le.chi	Ramath-lehi
7438	רֹן	ron	song
7439	רָנָה	ra.nah	to rattle
7440	רִנָּה	rin.nah	cry
7441	רִנָּה	rin.nah	Rinnah
7442	רוּן	run	to overcome
7443	רְנָנִים	re.nen	ostrich
7445	רְנָנָה	re.na.nah	triumphing
7446	רִסָּה	ris.sah	Rissah
7447	רָסִיס	ra.sis	drop
7448	רֶ֫סֶן	re.sen	bridle
7449	רֶ֫סֶן	re.sen	Resen
7450	רָסַס	ra.sas	to moisten
7451	רַע	ra	bad: harmful
7452	רֵעַ	re.a	shouting
7453	רֵעַ	re.a	neighbor
7454	רֵעַ	re.a	thought
7456	רָעֵב	ra.ev	be hungry
7457	רָעֵב	ra.ev	hungry
7458	רָעָב	ra.av	famine
7459	רְעָבוֹן	re.a.von	famine
7460	רָעַד	ra.ad	to tremble
7461	רַ֫עַד	ra.ad	trembling
7462	בֵּית־עֵ֫קֶד הָרֹעִים	bet-e.qed ha.ro.im	House of Shepherds
7463	רֵעֶה	re.eh	friend
7464	רֵעָה	re.ah	companion
7466	רְעוּ	re.u	Reu
7467	רְעוּאֵל	re.u.el	Reuel
7468	רְעוּת	re.ut	neighbor
7469	רְעוּת	re.ut	longing
7471	רְעִי	re.i	pasture
7472	רֵעִי	re.i	Rei
7474	רַעְיָה	ra.yah	darling
7475	רַעְיוֹן	ra.yon	striving
7477	רָעַל	ra.al	to quiver
7478	רַ֫עַל	ra.al	reeling
7479	רְעָלָה	ra.a.lah	veil
7480	רְעֵלָיָה	re.e.la.yah	Reelaiah
7481	רָעַם	ra.am	to thunder
7482	רַ֫עַם	ra.am	thunder
7483	רַעְמָה	ra.mah	mane
7484	רַעְמָה	ra.mah	Raamah
7486	רַֽעַמְסֵס	ra.me.ses	Rameses
7488	רַעֲנַן	ra.a.nan	luxuriant
7489	רֹעָה	ro.ah	to shatter
7491	רָעַף	ra.aph	to drip
7492	רָעַץ	ra.ats	to shatter
7493	רָעַשׁ	ra.ash	to shake
7494	רַ֫עַשׁ	ra.ash	quaking
7495	רָפָא	ra.pah	to heal
7496	רְפָאִים	ra.pah	shade
7497	זַמְזֻמִּים	zam.zom	Zamzummin
7498	רָפָא	ra.pah	Raphah
7499	רְפֻאָה	re.phu.ah	remedy
7500	רִפְאוּת	riph.ut	healing
7501	רְפָאֵל	re.pha.el	Rephael
7502	רָפַד	ra.phad	to spread
7503	רָפָה	ra.phah	to slacken
7504	רָפֶה	ra.pheh	weak
7505	רָפוּא	ra.phu	Raphu
7506	רֶ֫פַח	re.phach	Rephah
7507	רְפִידָה	re.phi.dah	back
7508	רְפִידִים	re.phi.dim	Rephidim
7509	רְפָיָה	re.pha.yah	Rephaiah
7510	רִפְיוֹן	riph.yon	feebleness
7511	רָפַס	ra.phas	to stamp
7513	רַפְסֹדָה	raph.so.dah	raft
7514	רָפַק	ra.phaq	to lean
7515	רָפַשׂ	ra.pha.s	to foul
7516	רֶ֫פֶשׁ	re.phesh	mire
7517	רֶ֫פֶת	re.phet	stall
7518	רַץ	rats	piece
7519	רָצָא	ra.tsa	to run
7520	רָצַד	ra.tsad	to watch with envy
7521	רָצָה	ra.tsah	to accept
7522	רָצוֹן	ra.tson	acceptance
7523	רָצַח	ra.tsach	to murder
7524	רֶ֫צַח	re.tsach	shattering
7525	רִצְיָא	rits.ya	Rizia
7526	רְצִין	re.tsin	Rezin
7527	רָצַע	ra.tsa	to bore
7528	רָצַף	ra.tsaph	to fit
7530	רֶ֫צֶף	re.tseph	Rezeph
7531	רֶצֶף	re.tseph	coal
7532	רִצְפָּה	rits.pah	Rizpah
7533	רָצַץ	ra.tsats	to crush
7534	רַק	raq	thin
7535	רַק	raq	except
7536	רֹק	roq	spittle
7537	רָקֵב	ra.qav	to rot
7538	רָקָב	ra.qav	rottenness
7539	רִקָּבוֹן	riq.qa.von	rottenness
7540	רָקַד	ra.qad	to skip about
7541	רַקָּה	raq.qah	temple
7542	רַקּוֹן	raq.qon	Rakkon
7543	רָקַח	ra.qach	to mix
7544	רֶ֫קַח	re.qach	spice
7545	רֹ֫קֵחַ	ro.qach	spice
7546	רַקָּח	raq.qach	perfumer
7547	רַקּוּחַ	raq.qu.ach	perfumery
7548	רַקָּחָה	raq.qa.chah	perfumer
7549	רָקִיעַ	ra.qi.a	expanse
7550	רָקִיק	ra.qiq	flatbread
7551	רָקַם	ra.qam	to weave
7552	רֶ֫קֶם	re.qem	Rekem
7553	רִקְמָה	riq.mah	embroidery
7554	רָקַע	ra.qa	to beat
7555	רִקּוּעַ	riq.qu.a	hammered out
7556	רָקַק	ra.qaq	to spit
7557	רַקַּת	raq.qat	Rakkath
7558	רִשְׁיוֹן	rish.yon	permission
7559	רָשַׁם	ra.sham	to inscribe
7561	רָשַׁע	ra.sah	be wicked
7562	רֶ֫שַׁע	re.sah	wickedness
7563	רָשָׁע	ra.sah	wicked
7564	רִשְׁעָה	rish.ah	wickedness
7565	רֶ֫שֶׁף	re.sheph	flash
7566	רֶ֫שֶׁף	re.sheph	Resheph
7567	רָשַׁשׁ	ra.shash	to beat
7568	רֶ֫שֶׁת	re.shet	net
7569	רַתּוֹק	rat.toq	chain
7570	רָתַח	ra.tach	to boil
7571	רֶ֫תַח	re.tach	boiling
7573	רָתַם	ra.tam	to bind
7574	רֹ֫תֶם	re.tem	broom
7575	רִתְמָה	rit.mah	Rithmah
7576	רָתַק	ra.taq	to bind
7577	רְתֻקָה	re.tu.qah	chain
7578	רְתֵת	re.tet	trembling
7579	שָׁאַב	sha.av	to draw
7580	שָׁאַג	sha.ag	to roar
7581	שְׁאָגָה	she.a.gah	roaring
7582	שָׁאָה	sha.ah	to crash
7583	שָׁאָה	sha.ah	to gaze
7584	שַׁאֲוָה	sha.a.vah	desolation
7585	שְׁאוֹל	she.ol	hell: Sheol
7586	יוֹאֵל	yo.el	Joel
7588	שָׁאוֹן	sha.on	roar
7589	שְׁאָט	she.at	scorn
7590	שׁוּט	shat	to despise
7591	שְׁאִיָּה	she.iy.yah	ruin
7592	שָׁאַל	sha.al	to ask
7594	שְׁאָל	she.al	Sheal
7596	שְׁאֵלָא	she.e.la	affair
7597	שְׁאַלְתִּיאֵל	she.al.ti.el	Shealtiel
7599	שָׁאַן	sha.an	to rest
7600	שַׁאֲנָן	sha.a.nan	secure
7602	שָׁאַף	sha.aph	to long for
7603	שְׂאֹר	se.or	leaven
7604	שָׁאַר	sha.ar	to remain
7605	שְׁאָר	she.ar	remnant
7607	שְׁאֵר	she.er	flesh
7609	שֶׁאֱרָה	she.e.rah	Sheerah
7610	שְׁאָר יָשׁוּב	she.ar ya.shuv	Shear-jashub
7611	שְׁאֵרִית	she.e.rit	remnant
7612	שֵׁאת	shet	devastation
7613	שְׂאֵת	se.et	elevation
7614	סְבָאִים	se.va.i	Sabeans
7616	שְׁבָבִים	sha.vav	fragment
7617	שָׁבָה	sha.vah	to take captive
7618	שְׁבוֹ	she.vu	agate
7619	שְׁבוּאֵל	she.vu.el	Shebuel
7620	שָׁבוּעַ	sha.vu.a	Weeks
7621	שְׁבוּעָה	she.vu.ah	oath
7622	שְׁבִית	she.vut	captivity
7623	שָׁבַח	sha.vach	to soothe
7626	שְׁבַט	she.vat	tribe
7627	שְׁבָט	she.vat	Shebat
7628	שְׁבִי	she.vi	captivity
7629	שֹׁבִי	sho.vi	Shobi
7630	שֹׁבָ֑י	sho.vay	Shobai
7632	שְׂבִיב	se.viv	flame
7633	שִׁבְיָה	shiv.yah	captive
7634	שָֽׂכְיָה	shov.yah	Sachia
7635	שְׁבוּל	sha.vil	path
7636	שָׁבִיס	sha.vis	headband
7637	שְׁבִיעִי	she.vi.i	seventh
7639	שָׂבָךְ	sa.vakh	net
7640	שֹׁ֫בֶל	sho.vel	skirt
7641	שִׁבֹּ֫לֶת	shib.bol	stream
7642	שַׁבְּלוּל	shav.lul	snail
7643	שְׂבָם	se.vam	Sebam
7644	שֶׁבְנָא	shev.na	Shebna
7645	שְׁבַנְיָהוּ	she.van.yah	Shebaniah
7646	שָׂבֵעַ	sa.va	to satisfy
7647	שָׂבָע	sa.va	abundance
7648	שֹׂ֫בַע	so.va	satiety
7649	שָׂבֵעַ	sa.ve.a	sated
7650	שָׁבַע	sha.va	to swear
7651	שֶׁ֫בַע	she.va	seven
7652	שֶׁ֫בַע	she.va	Sheba
7653	שִׂבְעָה	siv.ah	fullness
7654	שׇׂבְעָה	sov.ah	satiety
7657	שִׁבְעִים	shiv.im	seventy
7658	שִׁבְעָ֫נָה	shiv.a.nah	seven
7659	שִׁבְעָתַיִם	shiv.a.ta.yim	sevenfold
7660	שָׁבַץ	sha.vats	to weave
7661	שָׁבָץ	sha.vats	agony
7662	שְׁבַק	she.vaq	to be left
7663	סְבַר	se.var	to intend
7664	שֵׂ֫בֶר	se.ver	hope
7665	שָׁבַר	sha.var	to break
7666	זְבַן	ze.van	to buy
7667	שֶׁ֫בֶר	she.ver	breaking
7668	שֶׁ֫בֶר	she.ver	grain
7669	שֶׁ֫בֶר	she.ver	Sheber
7670	שִׁבָּרוֹן	shiv.ron	breaking
7671	שְׁבָרִים	she.va.rim	Shebarim
7672	שְׁבַשׁ	she.vash	be perplexed
7673	שָׁבַת	sha.vat	to cease
7674	שֶׁ֫בֶת	she.vet	cessation
7675	שֶׁ֫בֶת	she.vet	seat
7676	שַׁבָּת	shab.bat	Sabbath
7677	שַׁבָּתוֹן	shab.ba.ton	sabbath observance
7678	שַׁבְּתַי	shab.b.tay	Shabbethai
7679	שָׂגָא	sa.ga	to grow great
7682	שָׂגַב	sa.gav	to exalt
7683	שָׁגַג	sha.gag	to go astray
7684	שְׁגָגָה	she.ga.gah	unintentionally
7685	שָׂגָה	sa.gah	to grow
7686	שָׁגָה	sha.gah	to wander
7687	שְׂגוּב	se.guv	Segub
7688	שָׁגַח	sha.gach	to gaze
7689	שַׂגִּיא	sag.gi	great
7691	שְׁגִיאָה	she.gi.ah	error
7692	שִׁגָּיוֹן	shig.ga.von	Shiggaion
7693	שָׁגֵל	sha.gal	to ravish
7694	שֵׁגָל	she.gal	queen
7696	שָׁגַע	sha.ga	be mad
7697	שִׁגָּעוֹן	shig.ga.on	madness
7698	שֶׁ֫גֶר	she.ger	offspring
7699	שַׁד	shad	breast
7700	שֵׁד	shed	demon
7701	שֹׁד	shod	violence
7702	שָׂדַד	sa.dad	to harrow
7703	שָׁדַד	sha.dad	to ruin
7704	שָׂדֶה	sa.deh	land: soil
7705	שִׁדָּה	shid.dah	concubine
7707	שְׁדֵיאוּר	she.de.ur	Shedeur
7708	עֵ֫מֶק	e.meq	Valley (of Siddim)
7709	שְׁדֵמָה	she.de.mah	field
7710	שָׁדַף	sha.daph	to scorch
7711	שְׁדֵפָה	she.de.phah	blight
7712	שְׁדַר	she.dar	to strive
7713	שְׂדֵרָה	se.de.rah	rank
7716	זֶה	zeh	lamb
7717	שָׂהֵד	sa.hed	advocate
7718	שֹׁ֫הַם	sho.ham	onyx
7719	שֹׁ֫הַם	sho.ham	Shoham
7720	שַׂהֲרוֹן	sa.ha.ron	crescent
7722	שׁוֹא	sho	ravage
7723	שָׁוְא	shav	vanity: false
7724	שְׁוָא	she.va	Sheva
7725	שׁוּב	shuv	to return: return
7726	שׁוֹבָב	sho.vav	turning back
7727	שׁוֹבָב	sho.vav	Shobab
7728	שׁוֹבֵב	sho.vev	backsliding
7729	שׁוּבָה	shu.vah	returning
7730	שׂוֹבֶךְ	s.vo.vekh	thicket
7731	שׁוֹבַךְ	sho.vakh	Shobach
7732	שׁוֹבָל	sho.val	Shobal
7733	שׁוֹבֵק	sho.veq	Shobek
7735	שׂוּג	sug	to grow
7737	שָׁוָה	sha.vah	be like
7742	שׂוּחַ	su.ach	to meditate
7743	שׁוּחַ	shu.ach	to sink
7744	שׁוּחַ	shu.ach	Shuah
7745	שׁוּחָה	shu.chah	pit
7746	שׁוּחָה	shu.chah	Shuhah
7747	שׁוּחִי	shu.chi	Shuhite
7750	שׂוּט	sut	to swerve
7751	שׁוּט	shut	to rove
7752	שׁוֹט	shot	whip
7753	שׂוּךְ	sukh	to hedge
7754	שׂוֹךְ	s.vokh	branch
7755	שׂוֹכֹה, שֹׂכֹה	s.vo.khoh	Socoh
7756	שׂוּכָתִים	su.kha.ti	Sucathites
7757	שׁוּל	shul	hem
7758	שׁוֹלָל	sho.lal	barefoot
7759	שׁוּלַמִּית	shu.lam.mit	Shulammites
7760	שׂוּם	sum	to set: make
7762	שׁוּם	shum	garlic
7763	שֹׁמֵר	sho.mer	Shomer
7764	שׁוּנִי	shu.ni	Shuni
7766	שׁוּנֵם	shu.nem	Shunem
7767	שׁוּנַמִּית	shu.nam.mit	Shunammites
7768	שָׁוַע	sha.va	to cry
7769	שׁוּעַ	shu.a	cry
7770	שׁוּעַ	shu.a	Shua
7771	שׁוֹעַ	sho.a	rich
7772	שׁוֹעַ	sho.a	Shoa
7773	שֶׁוַע	she.va	to cry
7774	שׁוּעָא	shu.a	Shua
7775	שַׁוְעָה	shav.ah	cry
7776	שׁוּעָל	shu.al	fox
7777	עֻלָּא	ul.la	Ulla
7778	שֹׁעֵר	sho.er	gatekeeper
7779	שׁוּף	shuph	to bruise
7782	שֹׁפָר	sho.phar	trumpet
7783	שׁוּק	shuq	to overflow
7784	שׁוּק	shuq	street
7785	שׁוֹק	shoq	leg
7787	שׂוּר	sur	to saw
7788	שׁוּר	shur	to travel
7789	שׁוּר	shur	to see
7790	שׁוּר	shur	enemy
7791	אֻשַּׁרְנָא	ush.shar.na	wall
7793	שׁוּר	shur	Shur
7794	שׁוֹר	shor	cattle
7795	שׂוֹרָה	s.vo.rah	row
7796	נַ֫חַל	na.chal	(Sorek) Valley
7797	שׂוּשׂ	su.s	to rejoice
7799	שׁוּשַׁן	shu.shan	lily
7800	שׁוּשַׁן	shu.shan	Susa
7802	שׁוּשַׁן עֵדוּת	shu.shan e.dut	Shushan-eduth
7803	שׁוּתֶ֫לַח	shu.te.lach	Shuthelah
7805	שָׁזַף	sha.zaph	to see
7806	שָׁזַר	sha.zar	to twist
7807	שַׁח	shach	lowly
7808	שֵׂחַ	se.ach	thought
7809	שָׁחַד	sha.chad	to bribe
7810	שֹׁ֫חַד	sha.chad	bribe
7811	שָׂחָה	sa.chah	to swim
7812	שָׁחָה	sha.chah	to bow
7813	שָׂחוּ	sa.chu	swimming
7814	שְׂחֹק	se.choq	laughter
7815	שְׁחוֹר	she.chor	blackness
7816	שְׁחוּת	she.chut	pit
7817	שָׁחַח	sha.chach	to bow
7818	שָׂחַט	sa.chat	to squeeze
7819	שָׁחַט	sha.chat	to slaughter
7821	שְׁחִיטָה	she.chi.tah	slaughtering
7822	שְׁחִין	she.chin	boil
7823	סָחִישׁ	sha.chis	offspring
7824	שָׁחִיף	sha.chiph	paneled
7825	שְׁחִית	she.chit	pit
7826	שַׁ֫חַל	sha.chal	lion
7827	שְׁחֵ֫לֶת	she.che.let	onycha
7828	שַׁ֫חַף	sha.chaph	gull
7829	שַׁחֶ֫פֶת	sha.che.phet	illness
7830	שַׁ֫חַץ	sha.chats	pride
7831	שַׁחֲצִ֫ימָה	sha.cha.tsi.mah	Shahazumah
7832	שָׂחַק	sa.chaq	to laugh
7833	שָׁחַק	sha.chaq	to beat
7834	שַׁ֫חַק	sha.chaq	cloud
7835	שָׁחַר	sha.char	be black
7836	שָׁחַר	sha.char	to seek
7837	שַׁ֫חַר	sha.char	dawn
7838	שָׁחֹר	sha.chor	black
7839	שַׁחֲרוּת	sha.cha.rut	dark hair
7840	שְׁחַרְחֹר	she.char.cho.ret	blackish
7841	שְׁחַרְיָה	she.char.yah	Shehariah
7842	שַׁחֲרַ֫יִם	sha.cha.ra.yim	Shaharaim
7843	שָׁחַת	sha.chat	to ruin
7845	שַׁ֫חַת	sha.chat	Pit: hell
7846	שֵׂט	set	rebellion
7847	שָׂטָה	sa.tah	to turn aside
7848	שִׁטָּה	shit.tah	acacia
7849	שָׁטַח	sha.tach	to spread
7850	שֹׁטֵט	sho.tet	scourge
7851	אָבֵל הַשִּׁטִּים	a.vel hash.shit.tim	Abel-shittim
7852	שָׂטַם	sa.tam	to hate
7853	שָׂטַן	sa.tan	to oppose
7854	בְּלִיַּ֫עַל	be.liy.ya.al	Belial
7855	שִׂטְנָה	sit.nah	accusation
7856	שִׂטְנָה	sit.nah	Sitnah
7857	שָׁטַף	sha.taph	to overflow
7858	שֶׁ֫טֶף	she.teph	flood
7859	שְׂטַר	she.tar	side
7860	שֹׁטֵר	sho.ter	official
7861	שִׁטְרַי	shit.ray	Shitrai
7862	שַׁי	shay	gift
7863	שִׂיא	si	loftiness
7866	שִׁיאוֹן	shi.on	Shion
7867	שִׂיב	siv	be gray
7869	שֵׂיב	sev	age
7870	שִׁיבָה	shi.vah	captivity
7871	שִׁיבָה	shi.vah	sojourn
7872	שֵׂיבָה	se.vah	greyheaded
7873	שִׂיג	sig	pursuing
7874	שִׂיד	sid	to whitewash
7875	שִׂיד	sid	lime
7876	שָׁיָה	sha.yah	to forget
7877	שִׁיזָא	shi.za	Shiza
7878	שִׂיחַ	si.ach	to muse
7879	שִׂיחַ	si.ach	complaint
7880	שִׂיחַ	si.ach	bush
7881	שִׂיחָה	si.chah	meditation
7882	שִׁיחָה	shi.chah	pit
7883	מִצְרַ֫יִם	mits.ra.yim	(Brook of) Egypt
7884	שִׁיחוֹר לִבְנָת	shi.chor liv.nat	Shihor-libnath
7885	שַׁ֫יִט	sha.yit	oar
7886	שִׁילֹה	shi.loh	`tribute`
7887	שִׁלוֹ	shi.loh	Shiloh
7889	שִׁימוֹן	shi.mon	Shimon
7890	שַׁ֫יִן	sha.yin	urine
7891	שִׁיר	shir	to sing
7892	שִׁיר	shir	song
7893	שַׁ֫יִשׁ	sha.yish	alabaster
7895	שִׁישַׁק	shi.shaq	Shishak
7896	שִׁית	shit	to set: make
7897	שִׁית	shit	garment
7898	שַׁ֫יִת	sha.yit	thornbush
7899	שֵׂךְ	sekh	thorn
7900	שֹׂךְ	sokh	booth
7901	שָׁכַב	sha.khav	to lie down: lay down
7902	שְׁכָבָה	she.kha.vah	semen
7903	שְׁכֹ֫בֶת	she.kho.vet	copulation
7904	שָׁכָה	sha.khah	to lust
7905	שֻׂכָּה	suk.kah	spear
7906	שֵׂ֫כוּ	se.khu	Secu
7907	שֶׂכְוִי	sekh.vi	heart
7908	שְׁכוֹל	she.khol	bereavement
7909	שַׁכּוּל	shak.kul	childless
7910	שִׁכֹּר	shik.kor	drunken
7911	שָׁכַח	sha.khach	to forget
7913	שָׁכֵחַ	sha.khe.ach	forgetful
7914	שְׂכִיָּה	se.khiy.yah	image
7915	שַׂכִּין	sak.kin	knife
7916	שָׂכִיר	sa.khir	hired
7918	שָׁכַךְ	sha.khakh	to subside
7919	שָׂכַל	sa.khal	be prudent
7921	שָׁכֹל	sha.khol	be bereaved
7922	שֵׂ֫כֶל	se.khel	understanding
7923	שִׁכֻּלִים	shik.ku.lim	bereavement
7925	שָׁכַם	sha.kham	to rise
7926	שְׁכֶם	she.khem	shoulder
7927	שְׁכֶם	she.khem	Shechem
7928	שֶׁ֫כֶם	she.khem	Shechem
7931	שָׁכַן	sha.khan	to dwell
7933	שֵׁ֫כֶן	she.khen	habitation
7934	שָׁכֵן	sha.khen	neighboring
7935	שְׁכַנְיָהוּ	she.khan.yah	Shecaniah
7936	סָכַר	sa.khar	to hire
7937	שָׁכַר	sha.khar	be drunk
7938	שֶׂ֫כֶר	se.kher	hire
7939	שָׂכָר	sa.khar	wages
7940	שָׂכָר	sa.khar	Sachar
7941	שֵׁכָר	she.khar	strong drink
7942	שִׁכְּרוֹן	shik.k.ron	Shikkeron
7943	שִׁכָּרוֹן	shik.ka.ron	drunkenness
7944	שַׁל	shal	irreverence
7946	שַׁלְאֲנָן	shal.a.nan	at ease
7947	שָׁלַב	sha.lav	to fit
7948	שַׁלָבִּים	sha.lav	frame
7949	שָׁלַג	sha.lag	to snow
7950	שֶׁ֫לֶג	she.leg	snow
7951	שָׁלָה	sha.lah	to prosper
7952	שָׁלָה	sha.lah	to neglect
7953	שָׁלָה	sha.lah	to extract
7956	שֵׁלָה	she.lah	Shelah
7957	שַׁלְהֶ֫בֶת	shal.he.vet	flame
7958	שְׂלָו	se.lav	quail
7959	שָׁ֫לוּ	she.lev	prosperity
7960	שָׁלוּ	sha.lu	neglect
7961	שָׁלֵו	sha.lev	at ease
7962	שַׁלְוָה	shal.vah	ease
7964	שִׁלּוּחִים	shil.lu.ach	parting gift
7965	שָׁלוֹם	sha.lom	peace
7966	שִׁלּוּם	shil.lum	recompense
7967	מְשֻׁלָּם	me.shul.lam	Meshullam
7968	שַׁלּוּן	shal.lun	Shallum
7969	שָׁלֹשׁ	sha.losh	three
7970	שְׁלֹשִׁים	she.lo.shim	thirty
7971	שָׁלַח	sha.lach	to send: depart
7973	שֶׁ֫לַח	she.lach	missile
7974	שֶׁ֫לַח	she.lach	Shelah
7975	בְּרֵכָה	be.re.khah	(Shelah) Pool
7976	שְׁלּוּחָה	shil.lu.chah	shoot
7977	שִׁלְחִי	shil.chi	Shilhi
7979	שֻׁלְחָן	shul.chan	table
7980	שָׁלַט	sha.lat	to domineer
7982	שֶׁ֫לֶט	she.let	shield
7983	חֵ֫סֶן	che.sen	authority
7984	שִׁלְטוֹן	shil.ton	governor
7985	שׇׁלְטָן	shol.tan	dominion
7986	שַׁלֶּטֶת	shal.le.tet	imperious
7987	שְׁלִי	she.li	quietness
7988	שִׁלְיָה	shil.yah	afterbirth
7989	שַׁלִּיט	shal.lit	domineering
7991	שָׁלִישׁ	sha.lish	third
7992	שְׁלִישִׁי	she.li.shi	third
7993	שָׁלַךְ	sha.lakh	to throw
7994	שָׁלָךְ	sha.lakh	cormorant
7995	שַׁלֶּ֫כֶת	shal.le.khet	felling
7996	שַׁלֶּ֫כֶת	shal.le.khet	Shallecheth
7997	שָׁלַל	sha.lal	to take
7998	שָׁלָל	sha.lal	spoil
7999	שָׁלֵם	sa.lem	to complete
8002	שֶׁ֫לֶם	she.lem	peace offering
8003	שָׁלֵם	sha.lem	complete
8005	שִׁלֵּם	shil.lem	recompense
8006	שַׁלּוּם	shal.lum	Shallum
8007	שַׂלְמָא	sal.ma	Salmon
8008	שַׂלְמָה	sal.mah	garment
8010	יְדִידְיָה	ye.did.yah	Jedidiah
8011	שִׁלֻּמָה	shil.lu.mah	recompense
8013	שְׁלֹמוֹת	she.lo.mot	Shelomoth
8014	שַׂלְמַי	sal.may	Shalmai
8015	שְׁלֹמִי	she.lo.mi	Shelomi
8017	שְׁלֻמִיאֵל	she.lu.mi.el	Shelumiel
8018	שֶׁלֶמְיָהוּ	she.lem.yah	Shelemiah
8019	שְׁלֹמוֹת	she.lo.mot	Shelomoth
8021	שַׁלְמֹן	shal.mon	reward
8022	שַׁלְמַן	shal.man	Shalman
8023	שִׁלֹנִי	shi.lo.ni	Shilonite
8025	שָׁלַף	sha.laph	to draw
8026	שֶׁ֫לֶף	she.leph	Sheleph
8027	שָׁלַשׁ	sha.lash	to do three
8028	שֶׁ֫לֶשׁ	she.lesh	Shelesh
8029	שִׁלֵּשׁ	shil.lesh	third
8030	שִׁלְשָׁה	shil.shah	Shilshah
8031	שָׁלִ֫שָׁה	sha.li.shah	Shalishah
8032	שִׁלְשֹׁם	shil.shom	three days ago
8033	שָׁם	sham	there
8034	שֵׁם	shem	name
8035	שֵׁם	shem	Shem
8037	שַׁמָּא	sham.ma	Shammah
8038	שֶׁמְאֵ֫בֶר	shem.e.ver	Shemeber
8039	שִׁמְאָה	shim.ah	Shimeah
8040	שְׂמֹאל	se.mo.l	left
8041	שִׂמְאֵל	sa.mal	to go left
8042	שְׂמָאלִי	se.ma.li	left
8044	שַׁמְגַּר	sham.gar	Shamgar
8045	שָׁמַד	sha.mad	to destroy
8047	שַׁמָּה	sham.mah	horror: destroyed
8048	שָׁגֵה	sha.geh	Shagee
8049	שַׁמְהוּת	sham.hut	Shamhuth
8050	שְׁמוּאֵל	she.mu.el	Samuel
8051	שַׁמּוּעַ	sham.mu.a	Shammua
8052	שְׁמוּעָה	she.mu.ah	tidings
8053	שָׁמוּר	sha.mur	Shamir
8055	שָׂמַח	sa.mach	to rejoice
8056	שָׂמֵחַ	sa.me.ach	glad
8057	שִׂמְחָה	sim.chah	joy
8058	שָׁמַט	sha.mat	to release
8059	שְׁמִטָּה	she.mit.tah	remission
8060	שַׁמַּי	sham.may	Shammai
8061	שְׁמִידָ֑ע	she.mi.da	Shemida
8063	שְׂמִיכָה	se.mi.khah	rug
8064	שָׁמַיִם	sha.ma.yim	heaven
8066	שְׁמִינִי	she.mi.ni	eighth
8067	שְׁמִינִית	she.mi.nit	Sheminith
8068	שָׁמִיר	sha.mir	thorn
8069	שָׁמִיר	sha.mir	Shamir
8070	שְׁמִירָמוֹת	she.mi.ra.mot	Shemiramoth
8071	שִׂמְלָה	sim.lah	mantle
8072	שַׂמְלָה	sam.lah	Samlah
8074	שָׁמֵם	sha.mem	be desolate: destroyed
8076	שָׁמֵם	sha.mem	devastated
8077	שְׁמָמָה	she.ma.mah	devastation
8078	שִׁמָּמוֹן	shim.ma.mon	horror
8079	שְׂמָמִית	se.ma.mit	lizard
8080	שָׁמֵן	sha.man	to grow fat
8081	שֶׁ֫מֶן	she.men	oil
8082	שָׁמֵן	sha.men	rich
8083	שְׁמֹנֶה	she.mo.neh	eight
8084	שְׁמֹנִים	she.mo.nim	eighty
8085	שָׁמַע	sha.ma	to hear: hear
8087	שֶׁ֫מַע	she.ma	Shema
8088	שֶׁ֫מַע	she.ma	sound
8090	שְׁמַע	she.ma	Shema
8091	שָׁמָע	sha.ma	Shama
8092	שִׁמְעָא	shim.ah, shim.a	Shimea
8093	שַׁמָּה	sham.mah	Shammah
8094	שְׁמָעָה	she.ma.ah	Shemaah
8095	שִׁמְעוֹן	shim.on	Simeon
8096	שִׁמְעִי	shim.i	Shimei
8098	שַׁמּוּעַ	sham.mu.a	Shammua
8100	שִׁמְעָת	shim.at	Shimeath
8101	שִׁמְעָתִים	shim.a.ti	Shimeathite
8102	שֵׁ֫מֶץ	she.mets	whisper
8103	שִׁמְצָה	shim.tsah	derision
8104	שָׁמַר	sha.mar	to keep: obey
8105	שֶׁ֫מֶר	she.mer	dreg
8106	שֶׁ֫מֶר	she.mer	Shemer
8107	שִׁמֻּר	shim.mur	vigil
8108	שׇׁמְרָה	shom.rah	guard
8109	שְׁמֻרָה	she.mu.rah	waking
8110	שִׁמְרוֹן	shim.ron	Shimron
8111	שֹׁמְרוֹן	sho.me.ron	Samaria
8113	שִׁמְרִי	shim.ri	Shimri
8114	שְׁמַרְיָ֫הוּ	she.mar.yah	Shemariah
8119	שִׁמְרָת	shim.rat	Shimrath
8121	שְׁמַשׁ	she.mash	to minister
8123	שִׁמְשׁוֹן	shim.shon	Samson
8124	שִׁמְשַׁי	shim.shay	Shimshai
8125	שַׁמְשְׁרַי	sham.she.ray	Shamsherai
8126	שֻׁמָתִי	shu.ma.ti	Shumathite
8127	שֵׁן	shen	tooth
8129	שֵׁן	shen	Shen
8130	שָׂנֵא	sa.ne	to hate
8132	שָׁנָא	sha.na	to change
8134	שִׁנְאָב	shin.av	Shinab
8135	שִׂנְאָה	sin.ah	hating
8136	שִׁנְאָן	shin.an	thousands
8137	שֶׁנְאַצַּ֑ר	shen.ats.tsar	Shenazzar
8138	שָׁנָה	sha.nah	to change
8141	שְׁנָה	she.nah	year
8142	שְׁנָה	she.nah	sleep
8143	שֶׁנְהַבִּים	shen.hab.bim	ivory
8144	שָׁנִי	sha.ni	scarlet
8145	שֵׁנִי	she.ni	second
8146	שָׂנִיא	sa.ni	hated
8147	שְׁנַ֫יִם	she.na.yim	two
8148	שְׁנִינָה	she.ni.nah	taunt
8150	שָׁנַן	sha.nan	to sharpen
8151	שָׁנַס	sha.nas	to gird
8152	שִׁנְעָר	shin.ar	Shinar
8153	שְׁנָת	she.nat	sleep
8154	שָׁסָה	sha.sah	to plunder
8155	שָׁאַס	sha.as	to spoil
8156	שָׁסַע	sha.sa	to cleave
8157	שֶׁ֫סַע	she.sa	cleft
8158	שָׁסַף	sha.saph	to hew
8159	שָׁעָה	sha.ah	to gaze
8160	שָׁעָה	sha.ah	moment
8161	שַׁעֲטָה	sha.a.tah	stamping
8162	שַׁעַטְנֵז	sha.at.nez	mixed stuff
8163	שָׂעִר	sa.ir	hairy
8164	שְׂעִירִים	sa.ir	rain
8165	שֵׂעִיר	se.ir	Seir
8166	שְׂעִירָה	se.i.rah	female goat
8167	שְׂעִירָה	se.i.rah	Seirah
8168	שֹׁ֫עַל	sho.al	handful
8169	שַׁעַלְבִים	sha.al.vim	Shaalbim
8171	שַׁעֲלִים	sha.a.lim	Shaalim
8172	שָׁעַן	sha.an	to lean
8173	שָׁעַע	sha.a	to smear
8174	שַׁ֫עַף	sha.aph	Shaaph
8175	שָׂעַר	sa.ar	to shudder
8176	שָׁעַר	sha.ar	to calculate
8178	שַׂ֫עַר	sa.ar	shuddering
8179	שַׁ֫עַר	sha.ar	gate
8180	שַׁ֫עַר	sha.ar	hundredfold
8181	שְׂעַר	se.ar	hair
8182	שֹׁעָר	sho.ar	disgusting
8183	שְׂעָרָה	se.a.rah	storm
8184	שְׂעֹרָה	se.o.rah	barley
8185	שַׂעֲרָה	sa.a.rah	hair
8186	שַׁעֲרוּרָה	sha.a.ru.rah	horror
8187	שְׁעַרְיָה	she.ar.yah	Sheariah
8188	שְׂעֹרִים	se.o.rim	Seorim
8189	שַׁעֲרַ֫יִם	sha.a.ra.yim	Shaaraim
8190	שַׁעַשְׁגַּז	sha.ash.gaz	Shaashgaz
8191	שַׁעֲשֻׁעִים	sha.shu.a	delight
8192	שָׁפָה	sha.phah	be bare
8193	שָׂפָה	sa.phah	lips
8194	שְׁפוֹת	sha.phah	cheese
8195	שְׁפוֹ, שְׁפִי	she.pho	Shepho
8196	שְׁפוֹט	she.phot	judgment
8198	שִׁפְחָה	shiph.chah	maidservant
8199	שָׁפַט	sha.phat	to judge
8201	שֶׁ֫פֶט	she.phet	judgment
8202	שָׁפָט	sha.phat	Shaphat
8203	שְׁפַטְיָהוּ	she.phat.yah	Shephatiah
8204	שִׁפְטָן	shiph.tan	Shiphtan
8205	שְׁפִי	she.phi	bareness
8206	שֻׁפִּים	shup.pim	Shuppim
8207	שְׁפִיפֹן	she.phi.phon	horned viper
8208	שָׁפִיר	sha.phir	Shaphir
8209	שַׁפִּיר	shap.pir	fair
8210	שָׁפַךְ	sha.phakh	to pour: pour
8211	שֶׁ֫פֶךְ	she.phekh	pouring
8212	שׇׁפְכָה	shoph.khah	penis
8213	שָׁפֵל	sha.phel	to abase
8216	שֵׁ֫פֶל	she.phel	poverty
8217	שָׁפָל	sha.phal	low
8218	שִׁפְלָה	shiph.lah	humiliation
8219	שְׁפֵלָה	she.phe.lah	Shephelah
8220	שִׁפְלוּת	shiph.lut	idleness
8221	שְׁפָם	she.pham	Shepham
8222	שָׂפָם	sa.pham	mustache
8223	שָׁפָם	sha.pham	Shapham
8224	שִׂפְמוֹת	siph.mot	Siphmoth
8225	שִׁפְמִי	shiph.mi	Shiphmite
8226	שָׂפַן	sa.phan	to treasure
8227	שָׁפָן	sha.phan	rock badger
8228	שֶׁ֫פַע	she.pah	abundance
8229	שִׁפְעָה	shiph.ah	abundance
8230	שִׁפְעִי	shiph.i	Shiphi
8231	שָׁפַר	sha.phar	to polish
8233	שֶׁ֫פֶר	she.pher	beauty
8234	שֶׁ֫פֶר	she.pher	(Mount) Shepher
8235	שִׁפְרָה	shiph.rah	clearness
8236	שִׁפְרָה	shiph.rah	Shiphrah
8237	שַׁפְרִיר	shaph.rur	pavilion
8238	שְׁפַרְפָּר	she.phar.phar	dawn
8239	שָׁפַת	sha.phat	to set
8240	שְׁפַתָּ֑יִם	sha.phat	ash heep
8242	שַׂק	saq	sackcloth
8244	שָׂקַד	sa.qad	to bind
8245	שָׁקַד	sha.qad	to watch
8246	שָׁקַד	sha.qad	be almond shaped
8247	שָׁקֵד	sha.qed	almond
8248	מַשְׁקֶה	mash.qeh	cupbearer
8250	שִׁקֻּו	shiq.quv	drink
8251	שִׁקּוּץ	shiq.quts	abomination
8252	שָׁקַט	sha.qat	to quiet
8253	שֶׁ֫קֶט	she.qet	quietness
8254	שָׁקַל	sha.qal	to weigh
8255	שֶׁ֫קֶל	she.qel	shekel
8256	שִׁקְמָה	shiq.mah	sycamore
8257	שָׁקַע	sha.qa	to sink
8258	שְׁקַעֲרוּרָה	she.qa.ru.rah	hollow
8259	שָׁקַף	sha.qaph	to look
8260	שֶׁ֫קֶף	she.qeph	frame
8261	שָׁקוּף	sha.quph	frame
8262	שִׁקֵּץ	sha.qats	to detest
8263	שֶׁ֫קֶץ	she.qets	detestation
8264	שָׁקַק	sha.qaq	to rush
8265	שָׂקַר	sa.qar	to ogle
8266	שָׁקַר	sha.qar	to deal
8267	שֶׁ֫קֶר	she.qer	deception
8268	שֹׁ֫קֶת	sho.qet	trough
8269	שַׂר	sar	ruler
8270	שֹׁר	shor	umbilical cord
8272	שַׁרְאֶ֫צֶר	shar.e.tser	Sharezer
8273	שָׁרָב	sha.rav	scorching
8274	שֵׁרֵֽבְיָה	she.re.ve.yah	Sherebiah
8275	שַׁרְבִֿיט	shar.vit	scepter
8276	שָׂרַג	sa.rag	to intertwine
8277	שָׂרַד	sa.rad	to escape
8278	שְׂרָד	se.rad	braiding
8279	שֶׂ֫רֶד	se.red	stylus
8280	שָׂרָה	sa.rah	to strive
8281	שְׁרָא	she.re	to loose
8282	שָׂרָה	sa.rah	princess
8283	שָׂרָה	sa.rah	Sarah
8285	שֵׁרָה	she.rah	bracelet
8286	שְׂרוּג	se.rug	Serug
8287	שִׁלְחִים	shil.chim	Shilhim
8288	שְׂרוֹךְ	se.rokh	thong
8289	שָׁרוֹן	sha.ron	Lasharon
8291	שָׂרֹק	sa.ruq	tendril
8292	שְׁרִיקָה	she.ru.qah	piping
8294	שֶׂ֫רַח, שָׂ֫רַח	se.rach	Serah
8295	שָׂרַט	sa.rat	to incise
8296	שֶׂ֫רֶט	se.ret	incision
8298	שָׁרָ֑י	sha.ray	Sharai
8299	שָׂרִיג	sa.rig	tendril
8300	שָׂרִיד	sa.rid	survivor
8301	שָׂרִיד	sa.rid	Sarid
8302	שִׁרְיָה	sir.yah	lance
8304	שְׁוָא 	she.va	Sheva
8305	שָׂרִיק	se.ri.qah	combed
8306	שָׁרִיר	sha.rir	muscle
8307	שְׁרִירוּת	she.ri.rut	stubbornness
8308	שָׂרַךְ	sa.rakh	to twist
8310	שַׂרְסְכִים	sar.se.khim	Samgar, Nebu-sar-sekim
8311	שָׂרַע	sa.ra	to extend
8312	שַׂרְעַפִּים	sar.aph	anxiety
8313	סָרַף	sa.raph	to burn
8314	שָׂרָף	sa.raph	serpent
8315	שָׂרָף	sa.raph	Saraph
8316	שְׂרֵפָה	se.re.phah	fire
8317	שָׁרַץ	sha.rats	to swarm
8318	שֶׁ֫רֶץ	she.rets	swarm
8319	שָׁרַק	sha.raq	to whistle
8320	שָׂרֹק	sa.ruq	sorrel
8321	שֹׂרֵק	so.req	vine
8322	שְׁרֵקָה	she.re.qah	hissing
8323	שׂוּר	sur	to reign
8324	שׁוֹרֵר	sha.rar	enemy
8325	שָׂכָר	sa.khar	Sachar
8326	שֹׁרֶר	sho.rer	navel
8327	שָׁרַשׁ	sha.rash	to uproot
8328	שֹׁ֫רֶשׁ	she.resh	root
8329	שָׁ֑רֶשׁ	she.resh	Sheresh
8331	שַׁרְשָׁה	shar.shah	chain
8332	שְׁרֹשִׁי	she.ro.shu	banishment
8333	שַׁרְשְׁרָה	shar.she.rah	chain
8334	שָׁרַת	sha.rat	to minister
8335	שָׁרֵת	sha.ret	ministry
8336	שֵׁשׁ	shesh	alabaster
8337	שֵׁשׁ	shesh	six
8338	שִׁשֵּׁא	sha.sah	to lead
8341	שִׁשָּׁה	sha.shah	to give a sixth
8342	שָׂשׂוֹן	sa.s.von	rejoicing
8343	שָׁשַׁי	sha.shay	Shashai
8344	שֵׁשַׁי	she.shay	Sheshai
8345	שִׁשִּׁי	shish.shi	sixth
8346	שִׁשִּׁים	shish.shim	sixty
8348	שֵׁשָׁן	she.shan	Sheshan
8349	שָׁשָׁק	sha.shaq	Shashak
8350	שָׁשֵׁר	sha.shar	vermilion
8352	שֵׁת	shet	Sheth
8354	שָׁתָה	sha.tah	to drink
8356	שָׁת	sha.tah	foundation
8357	שֵׁת	she.tah	buttock
8358	שְׁתִי	she.ti	drunkenness
8359	שְׁתִי	she.ti	warp
8360	שְׁתִיָּה	she.tiy.yah	drinking
8362	שָׁתַל	sha.tal	to transplant
8363	שָׁתִיל	she.til	shoot
8365	שָׁתַם	sha.tam	to open
8366	שָׁתַן	sha.tan	to urinate
8367	שָׁתַק	sha.taq	be quiet
8368	שָׂתַר	sa.tar	to burst
8369	שֵׁתָר	she.tar	Shethar
8370	שְׁתַר בּוֹזְנַי	she.tar bo.ze.nay	Shethar-bozenai
8371	שָׁתַת	sha.tat	to appoint
8372	תָּא	ta	chamber
8373	תָּאַב	ta.av	to long for
8375	תַּאֲבָה	ta.a.vah	longing
8376	תָּאָה	ta.ah	to mark
8377	תְּאוֹ	te.o	antelope
8378	תַּאֲוָה	ta.a.vah	desire
8379	תַּאֲוָה	ta.a.vah	boundary
8380	תּוֹאָם	ta.om	twin
8381	תַּאֲלָה	ta.a.lah	curse
8382	תָּאַם	ta.am	be double
8383	תְּאֻנִים	te.un	toil
8384	תְּאֵנָה	te.e.nah	fig
8385	תַּאֲנָה	ta.a.nah	estrous
8386	תַּאֲנִיָּה	ta.a.niy.yah	mourning
8387	תַּאֲנַת שִׁלֹ֑ה	ta.a.nat shi.loh	Taanath-shiloh
8388	תָּאַר	ta.ar	to border
8389	תֹּ֫אַר	to.ar	appearance
8390	תַּאֲרֵעַ	ta.a.re.a	Tarea
8391	תְּאַשּׁוּר	te.ash.shur	boxtree
8392	תֵּבָה	te.vah	ark
8393	תְּבוּאָה	te.vu.ah	produce
8394	תְּבוּנָה	ta.vu.nah	understanding
8395	תְּבוּסָה	te.vu.sah	ruin
8396	תָּבוֹר	ta.vor	(Mount) Tabor
8397	תֶּ֫בֶל	te.vel	perversion
8398	תֵּבֵל	te.vel	world
8399	תַּבְלִית	tav.lit	destruction
8400	תְּבַלֻּל	te.bal.lul	defect
8401	תֶּ֫בֶן	te.ven	straw
8402	תִּבְנִי	tiv.ni	Tibni
8403	תַּבְנִית	tav.nit	pattern
8404	תַּבְעֵרָה	tav.e.rah	Taberah
8405	תֵּבֵץ	te.vets	Thebez
8407	יָרֵב	ya.rev	`great`
8408	תַּגְמוּל	tag.mul	benefit
8409	תִּגְרָה	tig.rah	strife
8410	תִּדְהָר	tid.har	elm
8411	תְּדִירָא	te.di.ra	continuance
8412	תַּדְמֹר	tad.mor	Tadmor
8413	תִּדְעָל	tid.al	Tidal
8414	תֹּ֫הוּ	to.hu	formlessness
8415	תְּהוֹם	te.hom	abyss
8416	תְּהִלָּה	te.hil.lah	praise
8417	תׇּהֳלָה	to.ho.lah	error
8418	תַּהֲלוּכָה	ta.ha.lu.khah	procession
8419	תַּהְפֻּכָה	tah.pu.khah	perversity
8420	תָּו	tav	mark
8422	תּוּבַל	tu.val	Tubal
8423	תּוּבַל־קַ֫יִן	tu.val qa.yin	Tubal-cain
8424	תּוּגָה	tu.gah	grief
8425	בַּ֫יִת	ba.yit	Beth-(togarmah)
8426	תּוֹדָה	to.dah	thanksgiving
8427	תָּוָה	ta.vah	to mark
8428	תָּוָה	ta.vah	to wound
8429	תְּוַהּ	te.vah	be startled
8431	תּוֹחֶ֫לֶת	to.che.let	hope
8432	תָּ֫וֶךְ	ta.vekh	midst
8433	תּוֹכֵחָה	to.khe.chah	rebuke
8434	תּוֹלָ֑ד	to.lad	Tolad
8435	תּוֹלֵדוֹת	to.le.dah	generation
8436	תִּילוֹן	tu.lon	Tilon
8437	תּוֹלָל	to.lal	tormentor
8438	תּוֹלָע	to.la	worm
8439	תּוֹלָע	to.la	Tola
8441	תּוֹעֵבַה	to.e.vah	abomination
8442	תּוֹעָה	to.ah	error
8443	תּוֹעָפָה	to.a.phah	peak
8444	תּוֹצָאָה	to.tsa.ah	outgoing
8446	תּוּר	tur	to spy
8447	תּוֹר	tor	plait
8448	תּוֹר	tor	border
8449	תֹּר	tor	turtledove
8451	תּוֹרָה	to.rah	instruction
8452	תּוֹרָה	to.rah	custom
8453	תּוֹשָׁב	to.shav	sojourner
8454	תּוּשִׁיָּה	tu.shiy.yah	wisdom
8455	תּוֹתָ֑ח	to.tach	club
8456	תָּזַז	ta.zaz	to strike away
8457	תַּזְנוּת	taz.nut	fornication
8458	תַּחְבֻּלָה	tach.bu.lah	counsel
8459	נַ֫חַת	na.chat	Nahath
8462	תְּחִלָּה	te.chil.lah	beginning
8463	תַּחֲלֻאִים	ta.cha.lu	disease
8464	תַּחְמָס	tach.mas	ostrich
8465	תַּ֫חַן	ta.chan	Tahan
8466	תַּחֲנָה	ta.cha.nah	encampment
8467	תְּחִנָּה	te.chin.nah	supplication
8468	תְּחִנָּה	te.chin.nah	Tehinnah
8469	תַּחֲנוּן	ta.cha.nun	supplication
8471	תַּחְפַּנְחֵס	tach.pan.ches	Tahpanhes
8472	תַּחְפְּנֵיס	tach.pe.nes	Tahpenes
8473	תַּחְרָא	ta.cha.ra	breastplate
8474	תַּחָרָה	ta.cha.rah	to contend
8476	תַּ֫חַשׁ	ta.chash	leather
8477	תַּ֫חַשׁ	ta.chash	Tahash
8478	תְּחוֹת	te.chot	under
8480	תַּ֫חַת	ta.chat	Tahath
8481	תַּחְתּוֹן	tach.ton	lower
8482	תַּחְתִּי	tach.ti	lower
8483	תַּחְתִּים חׇדְשִׁי	tach.tim chod.shi	Kadesh
8484	תִּיכוֹן	ti.khon	middle
8485	תֵּימָא	te.ma	Tema
8486	תֵּימָן	te.man	south
8487	תֵּימָן	te.man	Teman
8488	תֵּימְנִי	te.me.ni	Temeni
8490	תִּימָרָה	ti.ma.rah	column
8491	תִּיצִי	ti.tsi	Tizite
8492	תִּירוֹשׁ	ti.rosh	new wine
8493	תִּירְיָא	tir.ya	Tiria
8494	תִּירָ֑ס	ti.ras	Tiras
8495	תַּ֫יִשׁ	ta.yish	male goat
8496	תֹּךְ	tokh	oppression
8497	תָּכָה	ta.khah	to follow
8498	תְּכוּנָה	te.khu.nah	fitting
8500	תֻּכִּיִּים	tuk.ki	peacock
8502	תִּכְלָה	tikh.lah	perfection
8503	תַּכְלִית	takh.lit	limit
8504	תְּכֵ֫לֶת	te.khe.let	blue
8505	תָּכַן	ta.khan	to measure
8506	תֹּ֫כֶן	to.khen	quantity
8507	תֹּ֫כֶן	to.khen	Tochen
8508	תׇּכְנִית	tokh.nit	proportion
8509	תַּכְרִיךְ	takh.rikh	robe
8510	תֵּל	tel	mound
8511	תָּלָא	ta.la	to hang
8512	תֵּל אָבִיב	tel a.viv	Tel-abib
8513	תְּלָאָה	te.la.ah	hardship
8514	תַּלְאֻבָה	tal.u.vah	drought
8515	תְּלַאשָּׂ֑ר	te.las.sar	Telassar
8516	תִּלְבֹּשֶׁת	tal.bo.shet	clothing
8518	תָּלָה	ta.lah	to hang
8519	תְּלֻנָּה	te.lu.nah	murmuring
8520	תֶּ֫לַח	te.lach	Telah
8521	תֵּל חַרְשָׁא	tel char.sah	Tel-harsha
8522	תְּלִי	te.li	quiver
8524	תָּלוּל	ta.lal	be eminent
8525	תֶּ֫לֶם	te.lem	furrow
8526	תַּלְמַי	tal.may	Talmai
8527	תַּלְמִיד	tal.mid	pupil
8528	תֵּל מֶ֫לַח	tel me.lach	Tel-melah
8529	תָּלַע	ta.la	to clothe in scarlet
8530	תַּלְפִּיָּוֹת	tal.piy.yah	weapon
8534	תַּלְתַּלִּים	tal.tal	lock
8535	תָּם	tam	complete
8537	תֹּם	tom	integrity
8538	תֻּמָּה	tum.mah	integrity
8539	תָּמַהּ	ta.mah	to astounded
8540	תְּמַהּ	te.mah	wonder
8541	תִּמָּהוֹן	tim.ma.hon	bewilderment
8542	תַּמּוּז	tam.muz	Tammuz
8543	תְּמוֹל	te.mol	yesterday
8544	תְּמוּנָה	te.mu.nah	likeness
8545	תְּמוּרָה	te.mu.rah	exchange
8546	תְּמוּתָה	te.mu.tah	death
8547	תָּ֑מַח	te.mach	Temah
8548	תָּמִיד	ta.mid	continually
8549	תָּמִים	ta.mim	unblemished
8550	תֻּמִּים	tum.mim	Thummim
8551	תָּמַךְ	ta.makh	to grasp
8552	תָּמַם	ta.mam	to finish
8553	תִּמְנָה	tim.nah	Timnah
8554	תִּמְנִי	tim.ni	Timnite
8555	תִּמְנָע	tim.na	Timna
8556	תִּמְנַת חֶרֶס	tim.nat che.res	Timnath-heres
8557	תֶּ֫מֶס	te.mes	melting
8558	תָּמָר	ta.mar	palm
8559	תָּמָר	ta.mar	Tamar
8560	תֹּ֫מֶר	to.mer	palm
8561	תִּמֹרָה	tim.rah	palm
8562	תַּמְרוּק	tam.ruq	cosmetic
8563	תַּמְרוּר	tam.rur	bitterness
8564	תַּמְרוּר	tam.rur	signpost
8565	תַּן	tan	dragon
8566	תָּנָה	ta.nah	to hire
8567	תָּנָה	ta.nah	to recount
8569	תְּנוּאָה	te.nu.ah	opposition
8570	תְּנוּבָה	te.nu.vah	fruit
8571	תְּנוּךְ	te.nukh	lobe
8572	תְּנוּמָה	te.nu.mah	slumber
8573	תְּנוּפָה	te.nu.phah	wave offering
8574	תַּנּוּר	tan.nur	oven
8575	תַּנְחוּם	tan.chum	consolation
8576	תַּנְחֻ֫מֶת	tan.chu.met	Tanhumeth
8577	עַ֫יִן	a.yin	Fountain of
8580	תִּנְשֶׁ֫מֶת	tan.she.met	chameleon
8581	תָּאַב	ta.av	to loathe
8582	תָּעָה	ta.ah	to go astray
8583	תֹּ֫עִי, תֹּעוּ	to.u	Toi
8584	תְּעוּדָה	te.u.dah	testimony
8585	תְּעָלָה	te.a.lah	conduit
8586	תַּעֲלוּלִים	ta.a.lul	caprice
8587	תַּעֲלֻמָּהֿ	ta.a.lum.mah	secret
8588	תַּעֲנוּג	ta.a.nug	luxury
8589	תַּעֲנִית	ta.a.nit	fasting
8590	עָנֵר	a.ner	Aner
8591	תָּעַע	ta.a	to mock
8592	תַּעֲצֻמָה	ta.a.tsu.mah	power
8593	תַּ֫עַר	ta.ar	razor
8594	תַּעֲרֻבָה	ta.a.ru.vah	security
8595	תֵּעְתֻּעִים	ta.tu.a	delusion
8596	תֹּף	toph	tambourine
8597	תִּפְאָרָה	tiph.a.rah	beauty
8598	תַּפּוּחַ	tap.pu.ach	apple
8599	עֵין תַּפּוּחַ	en tap.pu.ach	En-tappuah
8600	תְּפוֹצָה	te.pho.tsah	dispersion
8601	תֻּפִינִים	tu.phin	baked
8602	תָּפֵל	ta.phel	insipid
8603	תֹּ֫פֶל	to.phel	Tophel
8604	תִּפְלָה	tiph.lah	folly
8605	תְּפִלָּה	te.phil.lah	prayer
8606	תִּפְלֶ֫צֶת	tiph.le.tset	terror
8607	תִּפְסַח	tiph.sach	Tiphsah
8608	תָּפַף	ta.phaph	to beat
8609	תָּפַר	ta.phar	to sew
8610	תָּפַשׂ	ta.pha.s	to capture
8611	תֹּ֫פֶת	to.phet	spit
8612	בָּכָא	ba.kah	(Tophet of) Baca
8615	תִּקְוָה	tiq.vah	cord
8616	תּוֹקַהַת	to.qa.hat	Tokhath
8617	תְּקוּמָה	te.qu.mah	standing
8618	תְּקוֹמֵם	te.qo.mem	to confront
8619	תָּקוֹעַ	ta.qo.a	trumpet
8620	תְּקוֹעַ	te.qo.a	Tekoa
8622	תְּקוּפָה	te.qu.phah	circuit
8623	תַּקִּיף	taq.qiph	mighty
8626	תָּקַן	ta.qan	be straight
8628	תָּקַע	ta.qa	to blow
8629	תֵּ֫קַע	te.qa	blast
8630	תָּקֵף	ta.qaph	to prevail
8631	תְּקֵף	te.qeph	to grow strong
8633	תְּקָף	ti.qaph	might
8634	תַּרְאֲלָה	tar.a.lah	Taralah
8635	תַּרְבּוּת	tar.but	increase
8636	תַּרְבִּית	tar.bit	increment
8638	תִּרְגֵּם	tir.gam	to translate
8639	תַּרְדֵּמָה	tar.de.mah	deep sleep
8640	תִּרְהָקָה	tir.ha.qah	Tirhakah
8641	תְּרוּמָה	te.ru.mah	contribution
8642	תְּרוּמִיָּה	te.ru.miy.yah	contribution
8643	תְּרוּעָה	te.ru.ah	shout
8644	תְּרוּפָה	te.ru.phah	healing
8645	תִּרְזָה	tir.zah	cypress
8646	תֶּ֫רַח	te.rach	Terah
8647	תִּרְחֲנָה	tir.cha.nah	Tirhanah
8649	תׇּרְמָה	tor.mah	treachery
8650	תֹּ֫רֶן	to.ren	mast
8652	תָּרָע	ta.ra	doorkeeper
8653	תַּרְעֵלָה	tar.e.lah	reeling
8654	תִּרְעָתִים	tir.a.ti	Tirathite
8655	תְּרָפִים	te.ra.phim	teraphim
8656	תִּרְצָה	tir.tsah	Tirzah
8657	תֶּ֫רֶשׁ	te.resh	Teresh
8658	תַּרְשִׁישׁ	tar.shish	jasper
8659	תַּרְשִׁישׁ	tar.shish	Tarshish
8660	תִּרְשָׁתָא	tir.sha.ta	governor
8661	תַּרְתָּן	tar.tan	Tartan
8662	תַּרְתָּ֑ק	tar.taq	Tartak
8663	שָׁוָה	sha.vah	storm
8665	תַּשְׁבֵּץ	tash.bets	checkered
8666	תְּשׁוּבָה	te.shu.vah	turn
8667	תְּשׂ֫וּמֶת	te.su.met	security
8668	תְּשׁוּעָה	te.shu.ah	deliverance: salvation
8669	תְּשׁוּקָה	te.shu.qah	desire
8670	תְּשׁוּרָה	te.shu.rah	present
8671	תְּשִׁיעִי	te.shi.i	ninth
8672	תֵּ֫שַׁע	te.sah	nine
8673	תִּשְׁעִים	tish.im	ninety
8674	תַּתְּנַי	ta.te.nay	Tattenai
9001	/וַ	v	&
9002	/וְ	v	and
9003	/ב	b	in/on/with
9004	/כ	k	like/as
9005	/ל	l	to/for
9006	/מ	m	from
9007	שֶׁל	shel	which
9008	/ה	h	[?]
9009	/ה	ha	[the]
9010	א/	a	[the]
9011	ה/	hé	[to]
9012	ה/	h	[emph.?]
9013	ן/	n	[emph.?]
9014	-	-	[-]
9015	|	1	[ ]
9016	:	:	[.]
9017	פ	P	[¶]
9018	ס	S	[¶]
9019	/׆	N	[¶]
9020	י	y	my
9021	ךָ	kha	your
9022	ךְ	khe	your
9023	הוּ	hu	his
9024	הּ	h	her
9025	נוּ	mu	our
9026	כֶם	khem	your
9027	כֶן	khen	your
9028	הֶם	hem	their
9029	הֶן	hen	their
9030	נִי	ni	me
9031	ךָּ	ka	you
9032	ךְ	kh	you
9033	וֹ	o	him
9034	הָ	ha	her
9035	נוּ	nu	us
9036	כֶם	khem	you
9037	כֶן	khen	you
9038	הֶם	hem	them
9039	הֶן	hen	them
9040	נִי	ni	I
9041	ךָ	kha	you
9042	ךְ	kh	you
9043	נּוּ	nu	he
9044	נָּה	nah	she
9045	נוּ	nu	we
9046	כוֹן	khon	you
9047	כֶן	khen	you
9048	ם	m	they
9049	ינה	na	they
