ref	word	lemma	morph
Jer 1:1	דִּבְרֵ֥י	1697	HNcmpc
Jer 1:1	יִרְמְיָ֖הוּ	3414	HNp
Jer 1:1	בֶּן	1121 a	HNcmsc
Jer 1:1	חִלְקִיָּ֑הוּ	2518	HNp
Jer 1:1	מִן	4480 a	HR
Jer 1:1	הַ/כֹּֽהֲנִים֙	d/3548	HTd/Ncmpa
Jer 1:1	אֲשֶׁ֣ר	834 a	HTr
Jer 1:1	בַּ/עֲנָת֔וֹת	b/6068	HR/Np
Jer 1:1	בְּ/אֶ֖רֶץ	b/776	HR/Ncbsc
Jer 1:1	בִּנְיָמִֽן	1144	HNp
Jer 1:2	אֲשֶׁ֨ר	834 a	HTr
Jer 1:2	הָיָ֤ה	1961	HVqp3ms
Jer 1:2	דְבַר	1697	HNcmsc
Jer 1:2	יְהוָה֙	3068	HNp
Jer 1:2	אֵלָ֔י/ו	413	HR/Sp3ms
Jer 1:2	בִּ/ימֵ֛י	b/3117	HR/Ncmpc
Jer 1:2	יֹאשִׁיָּ֥הוּ	2977	HNp
Jer 1:2	בֶן	1121 a	HNcmsc
Jer 1:2	אָמ֖וֹן	526	HNp
Jer 1:2	מֶ֣לֶךְ	4428	HNcmsc
Jer 1:2	יְהוּדָ֑ה	3063	HNp
Jer 1:2	בִּ/שְׁלֹשׁ	b/7969	HR/Acfsa
Jer 1:2	עֶשְׂרֵ֥ה	6240	HAcfsa
Jer 1:2	שָׁנָ֖ה	8141	HNcfsa
Jer 1:2	לְ/מָלְכֽ/וֹ	l/4427 a	HR/Vqc/Sp3ms
Jer 1:3	וַ/יְהִ֗י	c/1961	HC/Vqw3ms
Jer 1:3	בִּ/ימֵ֨י	b/3117	HR/Ncmpc
Jer 1:3	יְהוֹיָקִ֤ים	3079	HNp
Jer 1:3	בֶּן	1121 a	HNcmsc
Jer 1:3	יֹאשִׁיָּ֨הוּ֙	2977	HNp
Jer 1:3	מֶ֣לֶךְ	4428	HNcmsc
Jer 1:3	יְהוּדָ֔ה	3063	HNp
Jer 1:3	עַד	5704	HR
Jer 1:3	תֹּם֙	8552	HVqc
Jer 1:3	עַשְׁתֵּ֣י	6249	HAobpc
Jer 1:3	עֶשְׂרֵ֣ה	6240	HAcfsa
Jer 1:3	שָׁנָ֔ה	8141	HNcfsa
Jer 1:3	לְ/צִדְקִיָּ֥הוּ	l/6667	HR/Np
Jer 1:3	בֶן	1121 a	HNcmsc
Jer 1:3	יֹאשִׁיָּ֖הוּ	2977	HNp
Jer 1:3	מֶ֣לֶךְ	4428	HNcmsc
Jer 1:3	יְהוּדָ֑ה	3063	HNp
Jer 1:3	עַד	5704	HR
Jer 1:3	גְּל֥וֹת	1540	HVqc
Jer 1:3	יְרוּשָׁלִַ֖ם	3389	HNp
Jer 1:3	בַּ/חֹ֥דֶשׁ	b/2320	HRd/Ncmsa
Jer 1:3	הַ/חֲמִישִֽׁי	d/2549	HTd/Aomsa
Jer 1:4	וַ/יְהִ֥י	c/1961	HC/Vqw3ms
Jer 1:4	דְבַר	1697	HNcmsc
Jer 1:4	יְהוָ֖ה	3068	HNp
Jer 1:4	אֵלַ֥/י	413	HR/Sp1cs
Jer 1:4	לֵ/אמֹֽר	l/559	HR/Vqc
Jer 1:5	בְּ/טֶ֨רֶם	b/2962	HR/D
Jer 1:5	אצור/ך	3335	HVqi1cs/Sp2ms
Jer 1:5	בַ/בֶּ֨טֶן֙	b/990	HRd/Ncfsa
Jer 1:5	יְדַעְתִּ֔י/ךָ	3045	HVqp1cs/Sp2ms
Jer 1:5	וּ/בְ/טֶ֛רֶם	c/b/2962	HC/R/D
Jer 1:5	תֵּצֵ֥א	3318	HVqi2ms
Jer 1:5	מֵ/רֶ֖חֶם	m/7358	HR/Ncmsa
Jer 1:5	הִקְדַּשְׁתִּ֑י/ךָ	6942	HVhp1cs/Sp2ms
Jer 1:5	נָבִ֥יא	5030	HNcmsa
Jer 1:5	לַ/גּוֹיִ֖ם	l/1471 a	HRd/Ncmpa
Jer 1:5	נְתַתִּֽי/ךָ	5414	HVqp1cs/Sp2ms
Jer 1:6	וָ/אֹמַ֗ר	c/559	HC/Vqw1cs
Jer 1:6	אֲהָהּ֙	162	HTj
Jer 1:6	אֲדֹנָ֣/י	136	HNcmpc/Sp1cs
Jer 1:6	יְהֹוִ֔ה	3069	HNp
Jer 1:6	הִנֵּ֥ה	2009	HTm
Jer 1:6	לֹא	3808	HTn
Jer 1:6	יָדַ֖עְתִּי	3045	HVqp1cs
Jer 1:6	דַּבֵּ֑ר	1696	HVpc
Jer 1:6	כִּי	3588 a	HC
Jer 1:6	נַ֖עַר	5288	HNcmsa
Jer 1:6	אָנֹֽכִי	595	HPp1cs
Jer 1:7	וַ/יֹּ֤אמֶר	c/559	HC/Vqw3ms
Jer 1:7	יְהוָה֙	3068	HNp
Jer 1:7	אֵלַ֔/י	413	HR/Sp1cs
Jer 1:7	אַל	408	HTn
Jer 1:7	תֹּאמַ֖ר	559	HVqj2ms
Jer 1:7	נַ֣עַר	5288	HNcmsa
Jer 1:7	אָנֹ֑כִי	595	HPp1cs
Jer 1:7	כִּ֠י	3588 a	HC
Jer 1:7	עַֽל	5921 a	HR
Jer 1:7	כָּל	3605	HNcmsc
Jer 1:7	אֲשֶׁ֤ר	834 a	HTr
Jer 1:7	אֶֽשְׁלָחֲ/ךָ֙	7971	HVqi1cs/Sp2ms
Jer 1:7	תֵּלֵ֔ךְ	3212	HVqi2ms
Jer 1:7	וְ/אֵ֛ת	c/853	HC/To
Jer 1:7	כָּל	3605	HNcmsc
Jer 1:7	אֲשֶׁ֥ר	834 a	HTr
Jer 1:7	אֲצַוְּ/ךָ֖	6680	HVpi1cs/Sp2ms
Jer 1:7	תְּדַבֵּֽר	1696	HVpi2ms
Jer 1:8	אַל	408	HTn
Jer 1:8	תִּירָ֖א	3372	HVqj2ms
Jer 1:8	מִ/פְּנֵי/הֶ֑ם	m/6440	HR/Ncbpc/Sp3mp
Jer 1:8	כִּֽי	3588 a	HC
Jer 1:8	אִתְּ/ךָ֥	854	HR/Sp2ms
Jer 1:8	אֲנִ֛י	589	HPp1cs
Jer 1:8	לְ/הַצִּלֶ֖/ךָ	l/5337	HR/Vhc/Sp2ms
Jer 1:8	נְאֻם	5002	HNcmsc
Jer 1:8	יְהוָֽה	3068	HNp
Jer 1:9	וַ/יִּשְׁלַ֤ח	c/7971	HC/Vqw3ms
Jer 1:9	יְהוָה֙	3068	HNp
Jer 1:9	אֶת	853	HTo
Jer 1:9	יָד֔/וֹ	3027	HNcbsc/Sp3ms
Jer 1:9	וַ/יַּגַּ֖ע	c/5060	HC/Vhw3ms
Jer 1:9	עַל	5921 a	HR
Jer 1:9	פִּ֑/י	6310	HNcmsc/Sp1cs
Jer 1:9	וַ/יֹּ֤אמֶר	c/559	HC/Vqw3ms
Jer 1:9	יְהוָה֙	3068	HNp
Jer 1:9	אֵלַ֔/י	413	HR/Sp1cs
Jer 1:9	הִנֵּ֛ה	2009	HTm
Jer 1:9	נָתַ֥תִּי	5414	HVqp1cs
Jer 1:9	דְבָרַ֖/י	1697	HNcmpc/Sp1cs
Jer 1:9	בְּ/פִֽי/ךָ	b/6310	HR/Ncmsc/Sp2ms
Jer 1:10	רְאֵ֞ה	7200	HVqv2ms
Jer 1:10	הִפְקַדְתִּ֣י/ךָ	6485 a	HVhp1cs/Sp2ms
Jer 1:10	הַ/יּ֣וֹם	d/3117	HTd/Ncmsa
Jer 1:10	הַ/זֶּ֗ה	d/2088	HTd/Pdxms
Jer 1:10	עַל	5921 a	HR
Jer 1:10	הַ/גּוֹיִם֙	d/1471 a	HTd/Ncmpa
Jer 1:10	וְ/עַל	c/5921 a	HC/R
Jer 1:10	הַ/מַּמְלָכ֔וֹת	d/4467	HTd/Ncfpa
Jer 1:10	לִ/נְת֥וֹשׁ	l/5428	HR/Vqc
Jer 1:10	וְ/לִ/נְת֖וֹץ	c/l/5422	HC/R/Vqc
Jer 1:10	וּ/לְ/הַאֲבִ֣יד	c/l/6	HC/R/Vhc
Jer 1:10	וְ/לַ/הֲר֑וֹס	c/l/2040	HC/R/Vqc
Jer 1:10	לִ/בְנ֖וֹת	l/1129	HR/Vqc
Jer 1:10	וְ/לִ/נְטֽוֹעַ	c/l/5193	HC/R/Vqc
Jer 1:11	וַ/יְהִ֤י	c/1961	HC/Vqw3ms
Jer 1:11	דְבַר	1697	HNcmsc
Jer 1:11	יְהוָה֙	3068	HNp
Jer 1:11	אֵלַ֣/י	413	HR/Sp1cs
Jer 1:11	לֵ/אמֹ֔ר	l/559	HR/Vqc
Jer 1:11	מָה	4100	HTi
Jer 1:11	אַתָּ֥ה	859 a	HPp2ms
Jer 1:11	רֹאֶ֖ה	7200	HVqrmsa
Jer 1:11	יִרְמְיָ֑הוּ	3414	HNp
Jer 1:11	וָ/אֹמַ֕ר	c/559	HC/Vqw1cs
Jer 1:11	מַקֵּ֥ל	4731	HNcmsc
Jer 1:11	שָׁקֵ֖ד	8247	HNcmsa
Jer 1:11	אֲנִ֥י	589	HPp1cs
Jer 1:11	רֹאֶֽה	7200	HVqrmsa
Jer 1:12	וַ/יֹּ֧אמֶר	c/559	HC/Vqw3ms
Jer 1:12	יְהוָ֛ה	3068	HNp
Jer 1:12	אֵלַ֖/י	413	HR/Sp1cs
Jer 1:12	הֵיטַ֣בְתָּ	3190	HVhp2ms
Jer 1:12	לִ/רְא֑וֹת	l/7200	HR/Vqc
Jer 1:12	כִּֽי	3588 a	HC
Jer 1:12	שֹׁקֵ֥ד	8245	HVqrmsa
Jer 1:12	אֲנִ֛י	589	HPp1cs
Jer 1:12	עַל	5921 a	HR
Jer 1:12	דְּבָרִ֖/י	1697	HNcmsc/Sp1cs
Jer 1:12	לַ/עֲשֹׂתֽ/וֹ	l/6213 a	HR/Vqc/Sp3ms
Jer 1:13	וַ/יְהִ֨י	c/1961	HC/Vqw3ms
Jer 1:13	דְבַר	1697	HNcmsc
Jer 1:13	יְהוָ֤ה	3068	HNp
Jer 1:13	אֵלַ/י֙	413	HR/Sp1cs
Jer 1:13	שֵׁנִ֣ית	8145	HAofsa
Jer 1:13	לֵ/אמֹ֔ר	l/559	HR/Vqc
Jer 1:13	מָ֥ה	4100	HTi
Jer 1:13	אַתָּ֖ה	859 a	HPp2ms
Jer 1:13	רֹאֶ֑ה	7200	HVqrmsa
Jer 1:13	וָ/אֹמַ֗ר	c/559	HC/Vqw1cs
Jer 1:13	סִ֤יר	5518 a	HNcbsa
Jer 1:13	נָפ֨וּחַ֙	5301	HVqsmsa
Jer 1:13	אֲנִ֣י	589	HPp1cs
Jer 1:13	רֹאֶ֔ה	7200	HVqrmsa
Jer 1:13	וּ/פָנָ֖י/ו	c/6440	HC/Ncbpc/Sp3ms
Jer 1:13	מִ/פְּנֵ֥י	m/6440	HR/Ncbpc
Jer 1:13	צָפֽוֹנָ/ה	6828	HNcfsa/Sd
Jer 1:14	וַ/יֹּ֥אמֶר	c/559	HC/Vqw3ms
Jer 1:14	יְהוָ֖ה	3068	HNp
Jer 1:14	אֵלָ֑/י	413	HR/Sp1cs
Jer 1:14	מִ/צָּפוֹן֙	m/6828	HR/Ncfsa
Jer 1:14	תִּפָּתַ֣ח	6605 a	HVNi3fs
Jer 1:14	הָ/רָעָ֔ה	d/7451 c	HTd/Ncfsa
Jer 1:14	עַ֥ל	5921 a	HR
Jer 1:14	כָּל	3605	HNcmsc
Jer 1:14	יֹשְׁבֵ֖י	3427	HVqrmpc
Jer 1:14	הָ/אָֽרֶץ	d/776	HTd/Ncbsa
Jer 1:15	כִּ֣י	3588 a	HC
Jer 1:15	הִנְ/נִ֣י	2005	HTm/Sp1cs
Jer 1:15	קֹרֵ֗א	7121	HVqrmsa
Jer 1:15	לְ/כָֽל	l/3605	HR/Ncmsc
Jer 1:15	מִשְׁפְּח֛וֹת	4940	HNcfpc
Jer 1:15	מַמְלְכ֥וֹת	4467	HNcfpc
Jer 1:15	צָפ֖וֹנָ/ה	6828	HNcfsa/Sd
Jer 1:15	נְאֻם	5002	HNcmsc
Jer 1:15	יְהוָ֑ה	3068	HNp
Jer 1:15	וּ/בָ֡אוּ	c/935	HC/Vqq3cp
Jer 1:15	וְֽ/נָתְנוּ֩	c/5414	HC/Vqq3cp
Jer 1:15	אִ֨ישׁ	376	HNcmsa
Jer 1:15	כִּסְא֜/וֹ	3678	HNcmsc/Sp3ms
Jer 1:15	פֶּ֣תַח	6607	HNcmsc
Jer 1:15	שַׁעֲרֵ֣י	8179	HNcmpc
Jer 1:15	יְרוּשָׁלִַ֗ם	3389	HNp
Jer 1:15	וְ/עַ֤ל	c/5921 a	HC/R
Jer 1:15	כָּל	3605	HNcmsc
Jer 1:15	חוֹמֹתֶ֨י/הָ֙	2346	HNcfpc/Sp3fs
Jer 1:15	סָבִ֔יב	5439	HNcbsa
Jer 1:15	וְ/עַ֖ל	c/5921 a	HC/R
Jer 1:15	כָּל	3605	HNcmsc
Jer 1:15	עָרֵ֥י	5892 b	HNcfpc
Jer 1:15	יְהוּדָֽה	3063	HNp
Jer 1:16	וְ/דִבַּרְתִּ֤י	c/1696	HC/Vpq1cs
Jer 1:16	מִשְׁפָּטַ/י֙	4941	HNcmpc/Sp1cs
Jer 1:16	אוֹתָ֔/ם	853	HTo/Sp3mp
Jer 1:16	עַ֖ל	5921 a	HR
Jer 1:16	כָּל	3605	HNcmsc
Jer 1:16	רָעָתָ֑/ם	7451 c	HNcfsc/Sp3mp
Jer 1:16	אֲשֶׁ֣ר	834 a	HTr
Jer 1:16	עֲזָב֗וּ/נִי	5800 a	HVqp3cp/Sp1cs
Jer 1:16	וַֽ/יְקַטְּרוּ֙	c/6999 a	HC/Vpw3mp
Jer 1:16	לֵ/אלֹהִ֣ים	l/430	HR/Ncmpa
Jer 1:16	אֲחֵרִ֔ים	312	HAampa
Jer 1:16	וַ/יִּֽשְׁתַּחֲו֖וּ	c/7812	HC/Vtw3mp
Jer 1:16	לְ/מַעֲשֵׂ֥י	l/4639	HR/Ncmpc
Jer 1:16	יְדֵי/הֶֽם	3027	HNcbdc/Sp3mp
Jer 1:17	וְ/אַתָּה֙	c/859 a	HC/Pp2ms
Jer 1:17	תֶּאְזֹ֣ר	247	HVqi2ms
Jer 1:17	מָתְנֶ֔י/ךָ	4975	HNcmdc/Sp2ms
Jer 1:17	וְ/קַמְתָּ֙	c/6965 b	HC/Vqq2ms
Jer 1:17	וְ/דִבַּרְתָּ֣	c/1696	HC/Vpq2ms
Jer 1:17	אֲלֵי/הֶ֔ם	413	HR/Sp3mp
Jer 1:17	אֵ֛ת	853	HTo
Jer 1:17	כָּל	3605	HNcmsc
Jer 1:17	אֲשֶׁ֥ר	834 a	HTr
Jer 1:17	אָנֹכִ֖י	595	HPp1cs
Jer 1:17	אֲצַוֶּ֑/ךָּ	6680	HVpi1cs/Sp2ms
Jer 1:17	אַל	408	HTn
Jer 1:17	תֵּחַת֙	2865	HVNj2ms
Jer 1:17	מִ/פְּנֵי/הֶ֔ם	m/6440	HR/Ncbpc/Sp3mp
Jer 1:17	פֶּֽן	6435	HC
Jer 1:17	אֲחִתְּ/ךָ֖	2865	HVhi1cs/Sp2ms
Jer 1:17	לִ/פְנֵי/הֶֽם	l/6440	HR/Ncbpc/Sp3mp
Jer 1:18	וַ/אֲנִ֞י	c/589	HC/Pp1cs
Jer 1:18	הִנֵּ֧ה	2009	HTm
Jer 1:18	נְתַתִּ֣י/ךָ	5414	HVqp1cs/Sp2ms
Jer 1:18	הַ/יּ֗וֹם	d/3117	HTd/Ncmsa
Jer 1:18	לְ/עִ֨יר	l/5892 b	HR/Ncfsc
Jer 1:18	מִבְצָ֜ר	4013	HNcmsa
Jer 1:18	וּ/לְ/עַמּ֥וּד	c/l/5982	HC/R/Ncmsc
Jer 1:18	בַּרְזֶ֛ל	1270	HNcmsa
Jer 1:18	וּ/לְ/חֹמ֥וֹת	c/l/2346	HC/R/Ncfpc
Jer 1:18	נְחֹ֖שֶׁת	5178 a	HNcfsa
Jer 1:18	עַל	5921 a	HR
Jer 1:18	כָּל	3605	HNcmsc
Jer 1:18	הָ/אָ֑רֶץ	d/776	HTd/Ncbsa
Jer 1:18	לְ/מַלְכֵ֤י	l/4428	HR/Ncmpc
Jer 1:18	יְהוּדָה֙	3063	HNp
Jer 1:18	לְ/שָׂרֶ֔י/הָ	l/8269	HR/Ncmpc/Sp3fs
Jer 1:18	לְ/כֹהֲנֶ֖י/הָ	l/3548	HR/Ncmpc/Sp3fs
Jer 1:18	וּ/לְ/עַ֥ם	c/l/5971 a	HC/R/Ncmsc
Jer 1:18	הָ/אָֽרֶץ	d/776	HTd/Ncbsa
Jer 1:19	וְ/נִלְחֲמ֥וּ	c/3898 a	HC/VNq3cp
Jer 1:19	אֵלֶ֖י/ךָ	413	HR/Sp2ms
Jer 1:19	וְ/לֹא	c/3808	HC/Tn
Jer 1:19	י֣וּכְלוּ	3201	HVqi3mp
Jer 1:19	לָ֑/ךְ	l	HR/Sp2fs
Jer 1:19	כִּֽי	3588 a	HC
Jer 1:19	אִתְּ/ךָ֥	854	HR/Sp2ms
Jer 1:19	אֲנִ֛י	589	HPp1cs
Jer 1:19	נְאֻם	5002	HNcmsc
Jer 1:19	יְהוָ֖ה	3068	HNp
Jer 1:19	לְ/הַצִּילֶֽ/ךָ	l/5337	HR/Vhc/Sp2ms
Jer 2:1	וַ/יְהִ֥י	c/1961	HC/Vqw3ms
Jer 2:1	דְבַר	1697	HNcmsc
Jer 2:1	יְהוָ֖ה	3068	HNp
Jer 2:1	אֵלַ֥/י	413	HR/Sp1cs
Jer 2:1	לֵ/אמֹֽר	l/559	HR/Vqc
Jer 2:2	הָלֹ֡ךְ	1980	HVqa
Jer 2:2	וְ/קָֽרָאתָ֩	c/7121	HC/Vqq2ms
Jer 2:2	בְ/אָזְנֵ֨י	b/241	HR/Ncfdc
Jer 2:2	יְרוּשָׁלִַ֜ם	3389	HNp
Jer 2:2	לֵ/אמֹ֗ר	l/559	HR/Vqc
Jer 2:2	כֹּ֚ה	3541	HD
Jer 2:2	אָמַ֣ר	559	HVqp3ms
Jer 2:2	יְהוָ֔ה	3068	HNp
Jer 2:2	זָכַ֤רְתִּי	2142	HVqp1cs
Jer 2:2	לָ/ךְ֙	l	HR/Sp2fs
Jer 2:2	חֶ֣סֶד	2617 a	HNcmsc
Jer 2:2	נְעוּרַ֔יִ/ךְ	5271 a	HNcbpc/Sp2fs
Jer 2:2	אַהֲבַ֖ת	160	HNcfsc
Jer 2:2	כְּלוּלֹתָ֑יִ/ךְ	3623	HNcfpc/Sp2fs
Jer 2:2	לֶכְתֵּ֤/ךְ	3212	HVqc/Sp2fs
Jer 2:2	אַחֲרַ/י֙	310 a	HR/Sp1cs
Jer 2:2	בַּ/מִּדְבָּ֔ר	b/4057 b	HRd/Ncmsa
Jer 2:2	בְּ/אֶ֖רֶץ	b/776	HR/Ncbsa
Jer 2:2	לֹ֥א	3808	HTn
Jer 2:2	זְרוּעָֽה	2232	HVqsfsa
Jer 2:3	קֹ֤דֶשׁ	6944	HNcmsa
Jer 2:3	יִשְׂרָאֵל֙	3478	HNp
Jer 2:3	לַ/יהוָ֔ה	l/3068	HR/Np
Jer 2:3	רֵאשִׁ֖ית	7225	HNcfsc
Jer 2:3	תְּבוּאָתֹ֑/ה	8393	HNcfsc/Sp3ms
Jer 2:3	כָּל	3605	HNcmsc
Jer 2:3	אֹכְלָ֣י/ו	398	HVqrmpc/Sp3ms
Jer 2:3	יֶאְשָׁ֔מוּ	816	HVqi3mp
Jer 2:3	רָעָ֛ה	7451 c	HNcfsa
Jer 2:3	תָּבֹ֥א	935	HVqi3fs
Jer 2:3	אֲלֵי/הֶ֖ם	413	HR/Sp3mp
Jer 2:3	נְאֻם	5002	HNcmsc
Jer 2:3	יְהוָֽה	3068	HNp
Jer 2:4	שִׁמְע֥וּ	8085	HVqv2mp
Jer 2:4	דְבַר	1697	HNcmsc
Jer 2:4	יְהוָ֖ה	3068	HNp
Jer 2:4	בֵּ֣ית	1004 b	HNcmsc
Jer 2:4	יַעֲקֹ֑ב	3290	HNp
Jer 2:4	וְ/כָֽל	c/3605	HC/Ncmsc
Jer 2:4	מִשְׁפְּח֖וֹת	4940	HNcfpc
Jer 2:4	בֵּ֥ית	1004 b	HNcmsc
Jer 2:4	יִשְׂרָאֵֽל	3478	HNp
Jer 2:5	כֹּ֣ה	3541	HD
Jer 2:5	אָמַ֣ר	559	HVqp3ms
Jer 2:5	יְהוָ֗ה	3068	HNp
Jer 2:5	מַה	4100	HTi
Jer 2:5	מָּצְא֨וּ	4672	HVqp3cp
Jer 2:5	אֲבוֹתֵי/כֶ֥ם	1	HNcmpc/Sp2mp
Jer 2:5	בִּ/י֙	b	HR/Sp1cs
Jer 2:5	עָ֔וֶל	5766 a	HNcbsa
Jer 2:5	כִּ֥י	3588 a	HC
Jer 2:5	רָחֲק֖וּ	7368	HVqp3cp
Jer 2:5	מֵ/עָלָ֑/י	m/5921 a	HR/R/Sp1cs
Jer 2:5	וַ/יֵּֽלְכ֛וּ	c/3212	HC/Vqw3mp
Jer 2:5	אַחֲרֵ֥י	310 a	HR
Jer 2:5	הַ/הֶ֖בֶל	d/1892	HTd/Ncmsa
Jer 2:5	וַ/יֶּהְבָּֽלוּ	c/1891	HC/Vqw3mp
Jer 2:6	וְ/לֹ֣א	c/3808	HC/Tn
Jer 2:6	אָמְר֔וּ	559	HVqp3cp
Jer 2:6	אַיֵּ֣ה	346	HTi
Jer 2:6	יְהוָ֔ה	3068	HNp
Jer 2:6	הַ/מַּעֲלֶ֥ה	d/5927	HTd/Vhrmsa
Jer 2:6	אֹתָ֖/נוּ	853	HTo/Sp1cp
Jer 2:6	מֵ/אֶ֣רֶץ	m/776	HR/Ncbsc
Jer 2:6	מִצְרָ֑יִם	4714	HNp
Jer 2:6	הַ/מּוֹלִ֨יךְ	d/3212	HTd/Vhrmsa
Jer 2:6	אֹתָ֜/נוּ	853	HTo/Sp1cp
Jer 2:6	בַּ/מִּדְבָּ֗ר	b/4057 b	HRd/Ncmsa
Jer 2:6	בְּ/אֶ֨רֶץ	b/776	HR/Ncbsc
Jer 2:6	עֲרָבָ֤ה	6160	HNcfsa
Jer 2:6	וְ/שׁוּחָה֙	c/7745	HC/Ncfsa
Jer 2:6	בְּ/אֶ֨רֶץ֙	b/776	HR/Ncbsc
Jer 2:6	צִיָּ֣ה	6723	HNcfsa
Jer 2:6	וְ/צַלְמָ֔וֶת	c/6757	HC/Ncmsa
Jer 2:6	בְּ/אֶ֗רֶץ	b/776	HR/Ncbsa
Jer 2:6	לֹֽא	3808	HTn
Jer 2:6	עָ֤בַר	5674 a	HVqp3ms
Jer 2:6	בָּ/הּ֙	b	HR/Sp3fs
Jer 2:6	אִ֔ישׁ	376	HNcmsa
Jer 2:6	וְ/לֹֽא	c/3808	HC/Tn
Jer 2:6	יָשַׁ֥ב	3427	HVqp3ms
Jer 2:6	אָדָ֖ם	120	HNcmsa
Jer 2:6	שָֽׁם	8033	HD
Jer 2:7	וָ/אָבִ֤יא	c/935	HC/Vhw1cs
Jer 2:7	אֶתְ/כֶם֙	853	HTo/Sp2mp
Jer 2:7	אֶל	413	HR
Jer 2:7	אֶ֣רֶץ	776	HNcbsc
Jer 2:7	הַ/כַּרְמֶ֔ל	d/3759	HTd/Ncmsa
Jer 2:7	לֶ/אֱכֹ֥ל	l/398	HR/Vqc
Jer 2:7	פִּרְיָ֖/הּ	6529	HNcmsc/Sp3fs
Jer 2:7	וְ/טוּבָ֑/הּ	c/2898	HC/Ncmsc/Sp3fs
Jer 2:7	וַ/תָּבֹ֨אוּ֙	c/935	HC/Vqw2mp
Jer 2:7	וַ/תְּטַמְּא֣וּ	c/2930 a	HC/Vpw2mp
Jer 2:7	אֶת	853	HTo
Jer 2:7	אַרְצִ֔/י	776	HNcbsc/Sp1cs
Jer 2:7	וְ/נַחֲלָתִ֥/י	c/5159	HC/Ncfsc/Sp1cs
Jer 2:7	שַׂמְתֶּ֖ם	7760 a	HVqp2mp
Jer 2:7	לְ/תוֹעֵבָֽה	l/8441	HR/Ncfsa
Jer 2:8	הַ/כֹּהֲנִ֗ים	d/3548	HTd/Ncmpa
Jer 2:8	לֹ֤א	3808	HTn
Jer 2:8	אָֽמְרוּ֙	559	HVqp3cp
Jer 2:8	אַיֵּ֣ה	346	HTi
Jer 2:8	יְהוָ֔ה	3068	HNp
Jer 2:8	וְ/תֹפְשֵׂ֤י	c/8610	HC/Vqrmpc
Jer 2:8	הַ/תּוֹרָה֙	d/8451	HTd/Ncfsa
Jer 2:8	לֹ֣א	3808	HTn
Jer 2:8	יְדָע֔וּ/נִי	3045	HVqp3cp/Sp1cs
Jer 2:8	וְ/הָ/רֹעִ֖ים	c/d/7462 b	HC/Td/Vqrmpa
Jer 2:8	פָּ֣שְׁעוּ	6586	HVqp3cp
Jer 2:8	בִ֑/י	b	HR/Sp1cs
Jer 2:8	וְ/הַ/נְּבִיאִים֙	c/d/5030	HC/Td/Ncmpa
Jer 2:8	נִבְּא֣וּ	5012	HVNp3cp
Jer 2:8	בַ/בַּ֔עַל	b/1168 a	HRd/Np
Jer 2:8	וְ/אַחֲרֵ֥י	c/310 a	HC/R
Jer 2:8	לֹֽא	3808	HTn
Jer 2:8	יוֹעִ֖לוּ	3276	HVhi3mp
Jer 2:8	הָלָֽכוּ	1980	HVqp3cp
Jer 2:9	לָ/כֵ֗ן	l/3651 c	HR/D
Jer 2:9	עֹ֛ד	5750	HD
Jer 2:9	אָרִ֥יב	7378	HVqi1cs
Jer 2:9	אִתְּ/כֶ֖ם	854	HR/Sp2mp
Jer 2:9	נְאֻם	5002	HNcmsc
Jer 2:9	יְהוָ֑ה	3068	HNp
Jer 2:9	וְ/אֶת	c/854	HC/R
Jer 2:9	בְּנֵ֥י	1121 a	HNcmpc
Jer 2:9	בְנֵי/כֶ֖ם	1121 a	HNcmpc/Sp2mp
Jer 2:9	אָרִֽיב	7378	HVqi1cs
Jer 2:10	כִּ֣י	3588 a	HC
Jer 2:10	עִבְר֞וּ	5674 a	HVqv2mp
Jer 2:10	אִיֵּ֤י	339	HNcmpc
Jer 2:10	כִתִּיִּים֙	3794	HNp
Jer 2:10	וּ/רְא֔וּ	c/7200	HC/Vqv2mp
Jer 2:10	וְ/קֵדָ֛ר	c/6938	HC/Np
Jer 2:10	שִׁלְח֥וּ	7971	HVqv2mp
Jer 2:10	וְ/הִֽתְבּוֹנְנ֖וּ	c/995	HC/Vrv2mp
Jer 2:10	מְאֹ֑ד	3966	HD
Jer 2:10	וּ/רְא֕וּ	c/7200	HC/Vqv2mp
Jer 2:10	הֵ֥ן	2005	HTm
Jer 2:10	הָיְתָ֖ה	1961	HVqp3fs
Jer 2:10	כָּ/זֹֽאת	k/2063	HR/Pdxfs
Jer 2:11	הַ/הֵימִ֥יר	d/4171	HTi/Vhp3ms
Jer 2:11	גּוֹי֙	1471 a	HNcmsa
Jer 2:11	אֱלֹהִ֔ים	430	HNcmpa
Jer 2:11	וְ/הֵ֖מָּה	c/1992	HC/Pp3mp
Jer 2:11	לֹ֣א	3808	HTn
Jer 2:11	אֱלֹהִ֑ים	430	HNcmpa
Jer 2:11	וְ/עַמִּ֛/י	c/5971 a	HC/Ncmsc/Sp1cs
Jer 2:11	הֵמִ֥יר	4171	HVhp3ms
Jer 2:11	כְּבוֹד֖/וֹ	3519	HNcbsc/Sp3ms
Jer 2:11	בְּ/ל֥וֹא	b/3808	HR/Tn
Jer 2:11	יוֹעִֽיל	3276	HVhi3ms
Jer 2:12	שֹׁ֥מּוּ	8074	HVqv2mp
Jer 2:12	שָׁמַ֖יִם	8064	HNcmpa
Jer 2:12	עַל	5921 a	HR
Jer 2:12	זֹ֑את	2063	HPdxfs
Jer 2:12	וְ/שַׂעֲר֛וּ	c/8175 a	HC/Vqv2mp
Jer 2:12	חָרְב֥וּ	2717 b	HVqv2mp
Jer 2:12	מְאֹ֖ד	3966	HD
Jer 2:12	נְאֻם	5002	HNcmsc
Jer 2:12	יְהוָֽה	3068	HNp
Jer 2:13	כִּֽי	3588 a	HC
Jer 2:13	שְׁתַּ֥יִם	8147	HAcfda
Jer 2:13	רָע֖וֹת	7451 c	HNcfpa
Jer 2:13	עָשָׂ֣ה	6213 a	HVqp3ms
Jer 2:13	עַמִּ֑/י	5971 a	HNcmsc/Sp1cs
Jer 2:13	אֹתִ֨/י	853	HTo/Sp1cs
Jer 2:13	עָזְב֜וּ	5800 a	HVqp3cp
Jer 2:13	מְק֣וֹר	4726	HNcmsc
Jer 2:13	מַ֣יִם	4325	HNcmpa
Jer 2:13	חַיִּ֗ים	2416 a	HAampa
Jer 2:13	לַ/חְצֹ֤ב	l/2672	HR/Vqc
Jer 2:13	לָ/הֶם֙	l	HR/Sp3mp
Jer 2:13	בֹּאר֔וֹת	877	HNcmpa
Jer 2:13	בֹּארֹת֙	877	HNcmpa
Jer 2:13	נִשְׁבָּרִ֔ים	7665	HVNsmpa
Jer 2:13	אֲשֶׁ֥ר	834 a	HTr
Jer 2:13	לֹא	3808	HTn
Jer 2:13	יָכִ֖לוּ	3557	HVhi3mp
Jer 2:13	הַ/מָּֽיִם	d/4325	HTd/Ncmpa
Jer 2:14	הַ/עֶ֨בֶד֙	i/5650	HTi/Ncmsa
Jer 2:14	יִשְׂרָאֵ֔ל	3478	HNp
Jer 2:14	אִם	518 a	HC
Jer 2:14	יְלִ֥יד	3211	HNcmsc
Jer 2:14	בַּ֖יִת	1004 b	HNcmsa
Jer 2:14	ה֑וּא	1931	HPp3ms
Jer 2:14	מַדּ֖וּעַ	4069	HTi
Jer 2:14	הָיָ֥ה	1961	HVqp3ms
Jer 2:14	לָ/בַֽז	l/957	HR/Ncmsa
Jer 2:15	עָלָי/ו֙	5921 a	HR/Sp3ms
Jer 2:15	יִשְׁאֲג֣וּ	7580	HVqi3mp
Jer 2:15	כְפִרִ֔ים	3715 a	HNcmpa
Jer 2:15	נָתְנ֖וּ	5414	HVqp3cp
Jer 2:15	קוֹלָ֑/ם	6963 a	HNcmsc/Sp3mp
Jer 2:15	וַ/יָּשִׁ֤יתוּ	c/7896	HC/Vqw3mp
Jer 2:15	אַרְצ/וֹ֙	776	HNcbsc/Sp3ms
Jer 2:15	לְ/שַׁמָּ֔ה	l/8047	HR/Ncfsa
Jer 2:15	עָרָ֥י/ו	5892 b	HNcfpc/Sp3ms
Jer 2:15	נצתה	3341	HVNp3fs
Jer 2:15	מִ/בְּלִ֥י	m/1097	HR/Ncmsc
Jer 2:15	יֹשֵֽׁב	3427	HVqrmsa
Jer 2:16	גַּם	1571	HTa
Jer 2:16	בְּנֵי	1121 a	HNcmpc
Jer 2:16	נֹ֖ף	5297	HNp
Jer 2:16	ו/תחפנס	c/8471	HC/Np
Jer 2:16	יִרְע֖וּ/ךְ	7462 b	HVqi3mp/Sp2fs
Jer 2:16	קָדְקֹֽד	6936	HNcmsa
Jer 2:17	הֲ/לוֹא	i/3808	HTi/Tn
Jer 2:17	זֹ֖את	2063	HPdxfs
Jer 2:17	תַּעֲשֶׂה	6213 a	HVqi2ms
Jer 2:17	לָּ֑/ךְ	l	HR/Sp2fs
Jer 2:17	עָזְבֵ/ךְ֙	5800 a	HVqc/Sp2fs
Jer 2:17	אֶת	853	HTo
Jer 2:17	יְהוָ֣ה	3068	HNp
Jer 2:17	אֱלֹהַ֔יִ/ךְ	430	HNcmpc/Sp2fs
Jer 2:17	בְּ/עֵ֖ת	b/6256	HR/Ncbsc
Jer 2:17	מוֹלִיכֵ֥/ךְ	3212	HVhrmsc/Sp2fs
Jer 2:17	בַּ/דָּֽרֶךְ	b/1870	HRd/Ncbsa
Jer 2:18	וְ/עַתָּ֗ה	c/6258	HC/D
Jer 2:18	מַה	4100	HTi
Jer 2:18	לָּ/ךְ֙	l	HR/Sp2fs
Jer 2:18	לְ/דֶ֣רֶךְ	l/1870	HR/Ncbsc
Jer 2:18	מִצְרַ֔יִם	4714	HNp
Jer 2:18	לִ/שְׁתּ֖וֹת	l/8354	HR/Vqc
Jer 2:18	מֵ֣י	4325	HNcmpc
Jer 2:18	שִׁח֑וֹר	7883	HNp
Jer 2:18	וּ/מַה	c/4100	HC/Ti
Jer 2:18	לָּ/ךְ֙	l	HR/Sp2fs
Jer 2:18	לְ/דֶ֣רֶךְ	l/1870	HR/Ncbsc
Jer 2:18	אַשּׁ֔וּר	804	HNp
Jer 2:18	לִ/שְׁתּ֖וֹת	l/8354	HR/Vqc
Jer 2:18	מֵ֥י	4325	HNcmpc
Jer 2:18	נָהָֽר	5104	HNcmsa
Jer 2:19	תְּיַסְּרֵ֣/ךְ	3256	HVpi3fs/Sp2fs
Jer 2:19	רָעָתֵ֗/ךְ	7451 c	HNcfsc/Sp2fs
Jer 2:19	וּ/מְשֻֽׁבוֹתַ֨יִ/ךְ֙	c/4878	HC/Ncfpc/Sp2fs
Jer 2:19	תּוֹכִחֻ֔/ךְ	3198	HVhi3fp/Sp2fs
Jer 2:19	וּ/דְעִ֤י	c/3045	HC/Vqv2fs
Jer 2:19	וּ/רְאִי֙	c/7200	HC/Vqv2fs
Jer 2:19	כִּי	3588 a	HC
Jer 2:19	רַ֣ע	7451 a	HAamsa
Jer 2:19	וָ/מָ֔ר	c/4751	HC/Aamsa
Jer 2:19	עָזְבֵ֖/ךְ	5800 a	HVqc/Sp2fs
Jer 2:19	אֶת	853	HTo
Jer 2:19	יְהוָ֣ה	3068	HNp
Jer 2:19	אֱלֹהָ֑יִ/ךְ	430	HNcmpc/Sp2fs
Jer 2:19	וְ/לֹ֤א	c/3808	HC/Tn
Jer 2:19	פַחְדָּתִ/י֙	6345	HNcfsc/Sp1cs
Jer 2:19	אֵלַ֔יִ/ךְ	413	HR/Sp2fs
Jer 2:19	נְאֻם	5002	HNcmsc
Jer 2:19	אֲדֹנָ֥/י	136	HNcmpc/Sp1cs
Jer 2:19	יְהוִ֖ה	3069	HNp
Jer 2:19	צְבָאֽוֹת	6635 b	HNcbpa
Jer 2:20	כִּ֣י	3588 a	HC
Jer 2:20	מֵ/עוֹלָ֞ם	m/5769	HR/Ncmsa
Jer 2:20	שָׁבַ֣רְתִּי	7665	HVqp1cs
Jer 2:20	עֻלֵּ֗/ךְ	5923	HNcmsc/Sp2fs
Jer 2:20	נִתַּ֨קְתִּי֙	5423	HVpp1cs
Jer 2:20	מוֹסְרֹתַ֔יִ/ךְ	4147	HNcbpc/Sp2fs
Jer 2:20	וַ/תֹּאמְרִ֖י	c/559	HC/Vqw2fs
Jer 2:20	לֹ֣א	3808	HTn
Jer 2:20	אעבד	5647	HVqi1cs
Jer 2:20	כִּ֣י	3588 a	HC
Jer 2:20	עַֽל	5921 a	HR
Jer 2:20	כָּל	3605	HNcmsc
Jer 2:20	גִּבְעָ֞ה	1389	HNcfsa
Jer 2:20	גְּבֹהָ֗ה	1364	HAafsa
Jer 2:20	וְ/תַ֨חַת֙	c/8478	HC/R
Jer 2:20	כָּל	3605	HNcmsc
Jer 2:20	עֵ֣ץ	6086	HNcmsa
Jer 2:20	רַעֲנָ֔ן	7488 b	HAamsa
Jer 2:20	אַ֖תְּ	859 c	HPp2fs
Jer 2:20	צֹעָ֥ה	6808	HVqrfsa
Jer 2:20	זֹנָֽה	2181	HVqrfsa
Jer 2:21	וְ/אָֽנֹכִי֙	c/595	HC/Pp1cs
Jer 2:21	נְטַעְתִּ֣י/ךְ	5193	HVqp1cs/Sp2fs
Jer 2:21	שֹׂרֵ֔ק	8321 a	HNcmsa
Jer 2:21	כֻּלֹּ֖/ה	3605	HNcmsc/Sp3ms
Jer 2:21	זֶ֣רַע	2233	HNcmsc
Jer 2:21	אֱמֶ֑ת	571	HNcfsa
Jer 2:21	וְ/אֵיךְ֙	c/349 a	HC/Ti
Jer 2:21	נֶהְפַּ֣כְתְּ	2015	HVNp2fs
Jer 2:21	לִ֔/י	l	HR/Sp1cs
Jer 2:21	סוּרֵ֖י	5494	HAampc
Jer 2:21	הַ/גֶּ֥פֶן	d/1612	HTd/Ncbsa
Jer 2:21	נָכְרִיָּֽה	5237	HAafsa
Jer 2:22	כִּ֤י	3588 b	HC
Jer 2:22	אִם	518 b	HC
Jer 2:22	תְּכַבְּסִי֙	3526	HVpi2fs
Jer 2:22	בַּ/נֶּ֔תֶר	b/5427	HRd/Ncmsa
Jer 2:22	וְ/תַרְבִּי	c/7235 a	HC/Vhi2fs
Jer 2:22	לָ֖/ךְ	l	HR/Sp2fs
Jer 2:22	בֹּרִ֑ית	1287	HNcfsa
Jer 2:22	נִכְתָּ֤ם	3799	HVNsmsa
Jer 2:22	עֲוֺנֵ/ךְ֙	5771	HNcbsc/Sp2fs
Jer 2:22	לְ/פָנַ֔/י	l/6440	HR/Ncbpc/Sp1cs
Jer 2:22	נְאֻ֖ם	5002	HNcmsc
Jer 2:22	אֲדֹנָ֥/י	136	HNcmpc/Sp1cs
Jer 2:22	יְהוִֽה	3069	HNp
Jer 2:23	אֵ֣יךְ	349 a	HTi
Jer 2:23	תֹּאמְרִ֞י	559	HVqi2fs
Jer 2:23	לֹ֣א	3808	HTn
Jer 2:23	נִטְמֵ֗אתִי	2930 a	HVNp1cs
Jer 2:23	אַחֲרֵ֤י	310 a	HR
Jer 2:23	הַ/בְּעָלִים֙	d/1168 a	HTd/Np
Jer 2:23	לֹ֣א	3808	HTn
Jer 2:23	הָלַ֔כְתִּי	1980	HVqp1cs
Jer 2:23	רְאִ֤י	7200	HVqv2fs
Jer 2:23	דַרְכֵּ/ךְ֙	1870	HNcbsc/Sp2fs
Jer 2:23	בַּ/גַּ֔יְא	b/1516	HRd/Ncbsa
Jer 2:23	דְּעִ֖י	3045	HVqv2fs
Jer 2:23	מֶ֣ה	4100	HTi
Jer 2:23	עָשִׂ֑ית	6213 a	HVqp2fs
Jer 2:23	בִּכְרָ֥ה	1072	HNcfsa
Jer 2:23	קַלָּ֖ה	7031	HAafsa
Jer 2:23	מְשָׂרֶ֥כֶת	8308	HVprfsa
Jer 2:23	דְּרָכֶֽי/הָ	1870	HNcbpc/Sp3fs
Jer 2:24	פֶּ֣רֶה	6501	HNcmsa
Jer 2:24	לִמֻּ֣ד	3928	HAamsc
Jer 2:24	מִדְבָּ֗ר	4057 b	HNcmsa
Jer 2:24	בְּ/אַוַּ֤ת	b/185	HR/Ncfsc
Jer 2:24	נפש/ו	5315	HNcbsc/Sp3ms
Jer 2:24	שָׁאֲפָ֣ה	7602 a	HVqp3fs
Jer 2:24	ר֔וּחַ	7307	HNcbsa
Jer 2:24	תַּאֲנָתָ֖/הּ	8385 a	HNcfsc/Sp3fs
Jer 2:24	מִ֣י	4310	HTi
Jer 2:24	יְשִׁיבֶ֑/נָּה	7725	HVhi3ms/Sp3fs
Jer 2:24	כָּל	3605	HNcmsc
Jer 2:24	מְבַקְשֶׁ֨י/הָ֙	1245	HVprmpc/Sp3fs
Jer 2:24	לֹ֣א	3808	HTn
Jer 2:24	יִיעָ֔פוּ	3286	HVqi3mp
Jer 2:24	בְּ/חָדְשָׁ֖/הּ	b/2320	HR/Ncmsc/Sp3fs
Jer 2:24	יִמְצָאֽוּ/נְהָ	4672	HVqi3mp/Sp3fs
Jer 2:25	מִנְעִ֤י	4513	HVqv2fs
Jer 2:25	רַגְלֵ/ךְ֙	7272	HNcfsc/Sp2fs
Jer 2:25	מִ/יָּחֵ֔ף	m/3182	HR/Aamsa
Jer 2:25	ו/גורנ/ך	c/1637	HC/Ncbsc/Sp2fs
Jer 2:25	מִ/צִּמְאָ֑ה	m/6773	HR/Ncfsa
Jer 2:25	וַ/תֹּאמְרִ֣י	c/559	HC/Vqw2fs
Jer 2:25	נוֹאָ֔שׁ	2976	HVNrmsa
Jer 2:25	ל֕וֹא	3808	HTn
Jer 2:25	כִּֽי	3588 a	HC
Jer 2:25	אָהַ֥בְתִּי	157	HVqp1cs
Jer 2:25	זָרִ֖ים	2114 a	HAampa
Jer 2:25	וְ/אַחֲרֵי/הֶ֥ם	c/310 a	HC/R/Sp3mp
Jer 2:25	אֵלֵֽךְ	3212	HVqi1cs
Jer 2:26	כְּ/בֹ֤שֶׁת	k/1322	HR/Ncfsc
Jer 2:26	גַּנָּב֙	1590	HNcmsa
Jer 2:26	כִּ֣י	3588 a	HC
Jer 2:26	יִמָּצֵ֔א	4672	HVNi3ms
Jer 2:26	כֵּ֥ן	3651 c	HTm
Jer 2:26	הֹבִ֖ישׁוּ	954	HVhp3cp
Jer 2:26	בֵּ֣ית	1004 b	HNcmsc
Jer 2:26	יִשְׂרָאֵ֑ל	3478	HNp
Jer 2:26	הֵ֤מָּה	1992	HPp3mp
Jer 2:26	מַלְכֵי/הֶם֙	4428	HNcmpc/Sp3mp
Jer 2:26	שָֽׂרֵי/הֶ֔ם	8269	HNcmpc/Sp3mp
Jer 2:26	וְ/כֹהֲנֵי/הֶ֖ם	c/3548	HC/Ncmpc/Sp3mp
Jer 2:26	וּ/נְבִיאֵי/הֶֽם	c/5030	HC/Ncmpc/Sp3mp
Jer 2:27	אֹמְרִ֨ים	559	HVqrmpa
Jer 2:27	לָ/עֵ֜ץ	l/6086	HRd/Ncmsa
Jer 2:27	אָ֣בִ/י	1	HNcmsc/Sp1cs
Jer 2:27	אַ֗תָּה	859 a	HPp2ms
Jer 2:27	וְ/לָ/אֶ֨בֶן֙	c/l/68	HC/Rd/Ncfsa
Jer 2:27	אַ֣תְּ	859 c	HPp2fs
Jer 2:27	ילדת/ני	3205	HVqp2fs/Sp1cs
Jer 2:27	כִּֽי	3588 a	HC
Jer 2:27	פָנ֥וּ	6437	HVqp3cp
Jer 2:27	אֵלַ֛/י	413	HR/Sp1cs
Jer 2:27	עֹ֖רֶף	6203	HNcmsa
Jer 2:27	וְ/לֹ֣א	c/3808	HC/Tn
Jer 2:27	פָנִ֑ים	6440	HNcbpa
Jer 2:27	וּ/בְ/עֵ֤ת	c/b/6256	HC/R/Ncbsc
Jer 2:27	רָֽעָתָ/ם֙	7451 c	HNcfsc/Sp3mp
Jer 2:27	יֹֽאמְר֔וּ	559	HVqi3mp
Jer 2:27	ק֖וּמָ/ה	6965 b	HVqv2ms/Sh
Jer 2:27	וְ/הוֹשִׁיעֵֽ/נוּ	c/3467	HC/Vhv2ms/Sp1cp
Jer 2:28	וְ/אַיֵּ֤ה	c/346	HC/Ti
Jer 2:28	אֱלֹהֶ֨י/ךָ֙	430	HNcmpc/Sp2ms
Jer 2:28	אֲשֶׁ֣ר	834 a	HTr
Jer 2:28	עָשִׂ֣יתָ	6213 a	HVqp2ms
Jer 2:28	לָּ֔/ךְ	l	HR/Sp2fs
Jer 2:28	יָק֕וּמוּ	6965 b	HVqj3mp
Jer 2:28	אִם	518 a	HC
Jer 2:28	יוֹשִׁיע֖וּ/ךָ	3467	HVhi3mp/Sp2ms
Jer 2:28	בְּ/עֵ֣ת	b/6256	HR/Ncbsc
Jer 2:28	רָעָתֶ֑/ךָ	7451 c	HNcfsc/Sp2ms
Jer 2:28	כִּ֚י	3588 a	HC
Jer 2:28	מִסְפַּ֣ר	4557	HNcmsc
Jer 2:28	עָרֶ֔י/ךָ	5892 b	HNcfpc/Sp2ms
Jer 2:28	הָי֥וּ	1961	HVqp3cp
Jer 2:28	אֱלֹהֶ֖י/ךָ	430	HNcmpc/Sp2ms
Jer 2:28	יְהוּדָֽה	3063	HNp
Jer 2:29	לָ֥/מָּה	l/4100	HR/Ti
Jer 2:29	תָרִ֖יבוּ	7378	HVqi2mp
Jer 2:29	אֵלָ֑/י	413	HR/Sp1cs
Jer 2:29	כֻּלְּ/כֶ֛ם	3605	HNcmsc/Sp2mp
Jer 2:29	פְּשַׁעְתֶּ֥ם	6586	HVqp2mp
Jer 2:29	בִּ֖/י	b	HR/Sp1cs
Jer 2:29	נְאֻם	5002	HNcmsc
Jer 2:29	יְהוָֽה	3068	HNp
Jer 2:30	לַ/שָּׁוְא֙	l/7723	HRd/Ncmsa
Jer 2:30	הִכֵּ֣יתִי	5221	HVhp1cs
Jer 2:30	אֶת	853	HTo
Jer 2:30	בְּנֵי/כֶ֔ם	1121 a	HNcmpc/Sp2mp
Jer 2:30	מוּסָ֖ר	4148	HNcmsa
Jer 2:30	לֹ֣א	3808	HTn
Jer 2:30	לָקָ֑חוּ	3947	HVqp3cp
Jer 2:30	אָכְלָ֧ה	398	HVqp3fs
Jer 2:30	חַרְבְּ/כֶ֛ם	2719	HNcfsc/Sp2mp
Jer 2:30	נְבִֽיאֵי/כֶ֖ם	5030	HNcmpc/Sp2mp
Jer 2:30	כְּ/אַרְיֵ֥ה	k/738 b	HR/Ncmsa
Jer 2:30	מַשְׁחִֽית	7843	HVhrmsa
Jer 2:31	הַ/דּ֗וֹר	d/1755	HTd/Ncmsa
Jer 2:31	אַתֶּם֙	859 d	HPp2mp
Jer 2:31	רְא֣וּ	7200	HVqv2mp
Jer 2:31	דְבַר	1697	HNcmsc
Jer 2:31	יְהוָ֔ה	3068	HNp
Jer 2:31	הֲ/מִדְבָּ֤ר	i/4057 b	HTi/Ncmsa
Jer 2:31	הָיִ֨יתִי֙	1961	HVqp1cs
Jer 2:31	לְ/יִשְׂרָאֵ֔ל	l/3478	HR/Np
Jer 2:31	אִ֛ם	518 a	HC
Jer 2:31	אֶ֥רֶץ	776	HNcbsc
Jer 2:31	מַאְפֵּ֖לְיָ֑ה	3991	HNcfsa
Jer 2:31	מַדּ֜וּעַ	4069	HTi
Jer 2:31	אָמְר֤וּ	559	HVqp3cp
Jer 2:31	עַמִּ/י֙	5971 a	HNcmsc/Sp1cs
Jer 2:31	רַ֔דְנוּ	7300	HVqp1cp
Jer 2:31	לֽוֹא	3808	HTn
Jer 2:31	נָב֥וֹא	935	HVqi1cp
Jer 2:31	ע֖וֹד	5750	HD
Jer 2:31	אֵלֶֽי/ךָ	413	HR/Sp2ms
Jer 2:32	הֲ/תִשְׁכַּ֤ח	i/7911	HTi/Vqi3fs
Jer 2:32	בְּתוּלָה֙	1330	HNcfsa
Jer 2:32	עֶדְיָ֔/הּ	5716	HNcmsc/Sp3fs
Jer 2:32	כַּלָּ֖ה	3618	HNcfsa
Jer 2:32	קִשֻּׁרֶ֑י/הָ	7196	HNcmpc/Sp3fs
Jer 2:32	וְ/עַמִּ֣/י	c/5971 a	HC/Ncmsc/Sp1cs
Jer 2:32	שְׁכֵח֔וּ/נִי	7911	HVqp3cp/Sp1cs
Jer 2:32	יָמִ֖ים	3117	HNcmpa
Jer 2:32	אֵ֥ין	369	HTn
Jer 2:32	מִסְפָּֽר	4557	HNcmsa
Jer 2:33	מַה	4100	HTi
Jer 2:33	תֵּיטִ֥בִי	3190	HVhi2fs
Jer 2:33	דַּרְכֵּ֖/ךְ	1870	HNcbsc/Sp2fs
Jer 2:33	לְ/בַקֵּ֣שׁ	l/1245	HR/Vpc
Jer 2:33	אַהֲבָ֑ה	160	HNcfsa
Jer 2:33	לָ/כֵן֙	l/3651 c	HR/D
Jer 2:33	גַּ֣ם	1571	HTa
Jer 2:33	אֶת	853	HTo
Jer 2:33	הָ/רָע֔וֹת	d/7451 a	HTd/Ncfpa
Jer 2:33	למדתי	3925	HVpp1cs
Jer 2:33	אֶת	853	HTo
Jer 2:33	דְּרָכָֽיִ/ךְ	1870	HNcbpc/Sp2fs
Jer 2:34	גַּ֤ם	1571	HTa
Jer 2:34	בִּ/כְנָפַ֨יִ/ךְ֙	b/3671	HR/Ncfdc/Sp2fs
Jer 2:34	נִמְצְא֔וּ	4672	HVNp3cp
Jer 2:34	דַּ֛ם	1818	HNcmsc
Jer 2:34	נַפְשׁ֥וֹת	5315	HNcbpc
Jer 2:34	אֶבְיוֹנִ֖ים	34	HAampa
Jer 2:34	נְקִיִּ֑ים	5355 a	HAampa
Jer 2:34	לֹֽא	3808	HTn
Jer 2:34	בַ/מַּחְתֶּ֥רֶת	b/4290	HRd/Ncfsa
Jer 2:34	מְצָאתִ֖י/ם	4672	HVqp2fs/Sp3mp
Jer 2:34	כִּ֥י	3588 a	HC
Jer 2:34	עַל	5921 a	HR
Jer 2:34	כָּל	3605	HNcmsc
Jer 2:34	אֵֽלֶּה	428	HPdxcp
Jer 2:35	וַ/תֹּֽאמְרִי֙	c/559	HC/Vqw2fs
Jer 2:35	כִּ֣י	3588 a	HC
Jer 2:35	נִקֵּ֔יתִי	5352	HVNp1cs
Jer 2:35	אַ֛ךְ	389	HTa
Jer 2:35	שָׁ֥ב	7725	HVqp3ms
Jer 2:35	אַפּ֖/וֹ	639	HNcmsc/Sp3ms
Jer 2:35	מִמֶּ֑/נִּי	4480 a	HR/Sp1cs
Jer 2:35	הִנְ/נִי֙	2005	HTm/Sp1cs
Jer 2:35	נִשְׁפָּ֣ט	8199	HVNrmsa
Jer 2:35	אוֹתָ֔/ךְ	853	HTo/Sp2fs
Jer 2:35	עַל	5921 a	HR
Jer 2:35	אָמְרֵ֖/ךְ	559	HVqc/Sp2fs
Jer 2:35	לֹ֥א	3808	HTn
Jer 2:35	חָטָֽאתִי	2398	HVqp1cs
Jer 2:36	מַה	4100	HTi
Jer 2:36	תֵּזְלִ֥י	235	HVqi2fs
Jer 2:36	מְאֹ֖ד	3966	HD
Jer 2:36	לְ/שַׁנּ֣וֹת	l/8138 a	HR/Vpc
Jer 2:36	אֶת	853	HTo
Jer 2:36	דַּרְכֵּ֑/ךְ	1870	HNcbsc/Sp2fs
Jer 2:36	גַּ֤ם	1571	HTa
Jer 2:36	מִ/מִּצְרַ֨יִם֙	m/4714	HR/Np
Jer 2:36	תֵּב֔וֹשִׁי	954	HVqi2fs
Jer 2:36	כַּ/אֲשֶׁר	k/834 d	HR/Tr
Jer 2:36	בֹּ֖שְׁתְּ	954	HVqp2fs
Jer 2:36	מֵ/אַשּֽׁוּר	m/804	HR/Np
Jer 2:37	גַּ֣ם	1571	HTa
Jer 2:37	מֵ/אֵ֥ת	m/854	HR/R
Jer 2:37	זֶה֙	2088	HPdxms
Jer 2:37	תֵּֽצְאִ֔י	3318	HVqi2fs
Jer 2:37	וְ/יָדַ֖יִ/ךְ	c/3027	HC/Ncbdc/Sp2fs
Jer 2:37	עַל	5921 a	HR
Jer 2:37	רֹאשֵׁ֑/ךְ	7218 a	HNcmsc/Sp2fs
Jer 2:37	כִּֽי	3588 a	HC
Jer 2:37	מָאַ֤ס	3988 a	HVqp3ms
Jer 2:37	יְהֹוָה֙	3068	HNp
Jer 2:37	בְּ/מִבְטַחַ֔יִ/ךְ	b/4009	HR/Ncmpc/Sp2fs
Jer 2:37	וְ/לֹ֥א	c/3808	HC/Tn
Jer 2:37	תַצְלִ֖יחִי	6743 b	HVhi2fs
Jer 2:37	לָ/הֶֽם	l	HR/Sp3mp
Jer 3:1	לֵ/אמֹ֡ר	l/559	HR/Vqc
Jer 3:1	הֵ֣ן	2005	HTm
Jer 3:1	יְשַׁלַּ֣ח	7971	HVpi3ms
Jer 3:1	אִ֣ישׁ	376	HNcmsa
Jer 3:1	אֶת	853	HTo
Jer 3:1	אִשְׁתּ/וֹ֩	802	HNcfsc/Sp3ms
Jer 3:1	וְ/הָלְכָ֨ה	c/1980	HC/Vqq3fs
Jer 3:1	מֵ/אִתּ֜/וֹ	m/854	HR/R/Sp3ms
Jer 3:1	וְ/הָיְתָ֣ה	c/1961	HC/Vqq3fs
Jer 3:1	לְ/אִישׁ	l/376	HR/Ncmsa
Jer 3:1	אַחֵ֗ר	312	HAamsa
Jer 3:1	הֲ/יָשׁ֤וּב	i/7725	HTi/Vqi3ms
Jer 3:1	אֵלֶ֨י/הָ֙	413	HR/Sp3fs
Jer 3:1	ע֔וֹד	5750	HD
Jer 3:1	הֲ/ל֛וֹא	i/3808	HTi/Tn
Jer 3:1	חָנ֥וֹף	2610	HVqa
Jer 3:1	תֶּחֱנַ֖ף	2610	HVqi3fs
Jer 3:1	הָ/אָ֣רֶץ	d/776	HTd/Ncbsa
Jer 3:1	הַ/הִ֑יא	d/1931	HTd/Pp3fs
Jer 3:1	וְ/אַ֗תְּ	c/859 c	HC/Pp2fs
Jer 3:1	זָנִית֙	2181	HVqp2fs
Jer 3:1	רֵעִ֣ים	7453	HNcmpa
Jer 3:1	רַבִּ֔ים	7227 a	HAampa
Jer 3:1	וְ/שׁ֥וֹב	c/7725	HC/Vqa
Jer 3:1	אֵלַ֖/י	413	HR/Sp1cs
Jer 3:1	נְאֻם	5002	HNcmsc
Jer 3:1	יְהֹוָֽה	3068	HNp
Jer 3:2	שְׂאִֽי	5375	HVqv2fs
Jer 3:2	עֵינַ֨יִ/ךְ	5869 a	HNcbdc/Sp2fs
Jer 3:2	עַל	5921 a	HR
Jer 3:2	שְׁפָיִ֜ם	8205	HNcmpa
Jer 3:2	וּ/רְאִ֗י	c/7200	HC/Vqv2fs
Jer 3:2	אֵיפֹה֙	375	HTi
Jer 3:2	לֹ֣א	3808	HTn
Jer 3:2	שגלת	7693	HVPp2fs
Jer 3:2	עַל	5921 a	HR
Jer 3:2	דְּרָכִים֙	1870	HNcbpa
Jer 3:2	יָשַׁ֣בְתְּ	3427	HVqp2fs
Jer 3:2	לָ/הֶ֔ם	l	HR/Sp3mp
Jer 3:2	כַּ/עֲרָבִ֖י	k/6163 a	HR/Ngmsa
Jer 3:2	בַּ/מִּדְבָּ֑ר	b/4057 b	HRd/Ncmsa
Jer 3:2	וַ/תַּחֲנִ֣יפִי	c/2610	HC/Vhw2fs
Jer 3:2	אֶ֔רֶץ	776	HNcbsa
Jer 3:2	בִּ/זְנוּתַ֖יִ/ךְ	b/2184	HR/Ncfpc/Sp2fs
Jer 3:2	וּ/בְ/רָעָתֵֽ/ךְ	c/b/7451 c	HC/R/Ncfsc/Sp2fs
Jer 3:3	וַ/יִּמָּנְע֣וּ	c/4513	HC/VNw3mp
Jer 3:3	רְבִבִ֔ים	7241	HNcmpa
Jer 3:3	וּ/מַלְק֖וֹשׁ	c/4456	HC/Ncmsa
Jer 3:3	ל֣וֹא	3808	HTn
Jer 3:3	הָיָ֑ה	1961	HVqp3ms
Jer 3:3	וּ/מֵ֨צַח	c/4696	HC/Ncmsc
Jer 3:3	אִשָּׁ֤ה	802	HNcfsa
Jer 3:3	זוֹנָה֙	2181	HVqrfsa
Jer 3:3	הָ֣יָה	1961	HVqp3ms
Jer 3:3	לָ֔/ךְ	l	HR/Sp2fs
Jer 3:3	מֵאַ֖נְתְּ	3985	HVpp2fs
Jer 3:3	הִכָּלֵֽם	3637	HVNc
Jer 3:4	הֲ/ל֣וֹא	i/3808	HTi/Tn
Jer 3:4	מֵ/עַ֔תָּה	m/6258	HR/D
Jer 3:4	קראתי	7121	HVqp2fs
Jer 3:4	לִ֖/י	l	HR/Sp1cs
Jer 3:4	אָבִ֑/י	1	HNcmsc/Sp1cs
Jer 3:4	אַלּ֥וּף	441 a	HNcmsc
Jer 3:4	נְעֻרַ֖/י	5271 a	HNcbpc/Sp1cs
Jer 3:4	אָֽתָּה	859 a	HPp2ms
Jer 3:5	הֲ/יִנְטֹ֣ר	i/5201	HTi/Vqi3ms
Jer 3:5	לְ/עוֹלָ֔ם	l/5769	HR/Ncmsa
Jer 3:5	אִם	518 a	HC
Jer 3:5	יִשְׁמֹ֖ר	8104	HVqi3ms
Jer 3:5	לָ/נֶ֑צַח	l/5331	HR/Ncmsa
Jer 3:5	הִנֵּ֥ה	2009	HTm
Jer 3:5	דברתי	1696	HVpp1cs
Jer 3:5	וַ/תַּעֲשִׂ֥י	c/6213 a	HC/Vqw2fs
Jer 3:5	הָ/רָע֖וֹת	d/7451 a	HTd/Ncfpa
Jer 3:5	וַ/תּוּכָֽל	c/3201	HC/Vqw2ms
Jer 3:6	וַ/יֹּ֨אמֶר	c/559	HC/Vqw3ms
Jer 3:6	יְהוָ֜ה	3068	HNp
Jer 3:6	אֵלַ֗/י	413	HR/Sp1cs
Jer 3:6	בִּ/ימֵי֙	b/3117	HR/Ncmpc
Jer 3:6	יֹאשִׁיָּ֣הוּ	2977	HNp
Jer 3:6	הַ/מֶּ֔לֶךְ	d/4428	HTd/Ncmsa
Jer 3:6	הֲֽ/רָאִ֔יתָ	i/7200	HTi/Vqp2ms
Jer 3:6	אֲשֶׁ֥ר	834 a	HTr
Jer 3:6	עָשְׂתָ֖ה	6213 a	HVqp3fs
Jer 3:6	מְשֻׁבָ֣ה	4878	HNcfsa
Jer 3:6	יִשְׂרָאֵ֑ל	3478	HNp
Jer 3:6	הֹלְכָ֨ה	1980	HVqrfsa
Jer 3:6	הִ֜יא	1931	HPp3fs
Jer 3:6	עַל	5921 a	HR
Jer 3:6	כָּל	3605	HNcmsc
Jer 3:6	הַ֣ר	2022	HNcmsa
Jer 3:6	גָּבֹ֗הַּ	1364	HAamsa
Jer 3:6	וְ/אֶל	c/413	HC/R
Jer 3:6	תַּ֛חַת	8478	HR
Jer 3:6	כָּל	3605	HNcmsc
Jer 3:6	עֵ֥ץ	6086	HNcmsa
Jer 3:6	רַעֲנָ֖ן	7488 b	HAamsa
Jer 3:6	וַ/תִּזְנִי	c/2181	HC/Vqw2fs
Jer 3:6	שָֽׁם	8033	HD
Jer 3:7	וָ/אֹמַ֗ר	c/559	HC/Vqw1cs
Jer 3:7	אַחֲרֵ֨י	310 a	HR
Jer 3:7	עֲשׂוֹתָ֧/הּ	6213 a	HVqc/Sp3fs
Jer 3:7	אֶת	853	HTo
Jer 3:7	כָּל	3605	HNcmsc
Jer 3:7	אֵ֛לֶּה	428	HPdxcp
Jer 3:7	אֵלַ֥/י	413	HR/Sp1cs
Jer 3:7	תָּשׁ֖וּב	7725	HVqi3fs
Jer 3:7	וְ/לֹא	c/3808	HC/Tn
Jer 3:7	שָׁ֑בָה	7725	HVqp3fs
Jer 3:7	ו/תראה	c/7200	HC/Vqw3fs
Jer 3:7	בָּגוֹדָ֥ה	901	HAafsa
Jer 3:7	אֲחוֹתָ֖/הּ	269	HNcfsc/Sp3fs
Jer 3:7	יְהוּדָֽה	3063	HNp
Jer 3:8	וָ/אֵ֗רֶא	c/7200	HC/Vqw1cs
Jer 3:8	כִּ֤י	3588 a	HC
Jer 3:8	עַל	5921 a	HR
Jer 3:8	כָּל	3605	HNcmsc
Jer 3:8	אֹדוֹת֙	182	HNcfpa
Jer 3:8	אֲשֶׁ֤ר	834 a	HTr
Jer 3:8	נִֽאֲפָה֙	5003	HVpp3fs
Jer 3:8	מְשֻׁבָ֣ה	4878	HNcfsa
Jer 3:8	יִשְׂרָאֵ֔ל	3478	HNp
Jer 3:8	שִׁלַּחְתִּ֕י/הָ	7971	HVpp1cs/Sp3fs
Jer 3:8	וָ/אֶתֵּ֛ן	c/5414	HC/Vqw1cs
Jer 3:8	אֶת	853	HTo
Jer 3:8	סֵ֥פֶר	5612 a	HNcmsc
Jer 3:8	כְּרִיתֻתֶ֖י/הָ	3748	HNcfpc/Sp3fs
Jer 3:8	אֵלֶ֑י/הָ	413	HR/Sp3fs
Jer 3:8	וְ/לֹ֨א	c/3808	HC/Tn
Jer 3:8	יָֽרְאָ֜ה	3372	HVqp3fs
Jer 3:8	בֹּֽגֵדָ֤ה	898	HVqrfsa
Jer 3:8	יְהוּדָה֙	3063	HNp
Jer 3:8	אֲחוֹתָ֔/הּ	269	HNcfsc/Sp3fs
Jer 3:8	וַ/תֵּ֖לֶךְ	c/3212	HC/Vqw3fs
Jer 3:8	וַ/תִּ֥זֶן	c/2181	HC/Vqw3fs
Jer 3:8	גַּם	1571	HTa
Jer 3:8	הִֽיא	1931	HPp3fs
Jer 3:9	וְ/הָיָה֙	c/1961	HC/Vqq3ms
Jer 3:9	מִ/קֹּ֣ל	m/6963 b	HR/Ncmsc
Jer 3:9	זְנוּתָ֔/הּ	2184	HNcfsc/Sp3fs
Jer 3:9	וַ/תֶּחֱנַ֖ף	c/2610	HC/Vqw3fs
Jer 3:9	אֶת	853	HTo
Jer 3:9	הָ/אָ֑רֶץ	d/776	HTd/Ncbsa
Jer 3:9	וַ/תִּנְאַ֥ף	c/5003	HC/Vqw3fs
Jer 3:9	אֶת	853	HTo
Jer 3:9	הָ/אֶ֖בֶן	d/68	HTd/Ncfsa
Jer 3:9	וְ/אֶת	c/853	HC/To
Jer 3:9	הָ/עֵֽץ	d/6086	HTd/Ncmsa
Jer 3:10	וְ/גַם	c/1571	HC/Ta
Jer 3:10	בְּ/כָל	b/3605	HR/Ncmsc
Jer 3:10	זֹ֗את	2063	HPdxfs
Jer 3:10	לֹא	3808	HTn
Jer 3:10	שָׁ֨בָה	7725	HVqp3fs
Jer 3:10	אֵלַ֜/י	413	HR/Sp1cs
Jer 3:10	בָּגוֹדָ֧ה	901	HAafsa
Jer 3:10	אֲחוֹתָ֛/הּ	269	HNcfsc/Sp3fs
Jer 3:10	יְהוּדָ֖ה	3063	HNp
Jer 3:10	בְּ/כָל	b/3605	HR/Ncmsc
Jer 3:10	לִבָּ֑/הּ	3820 a	HNcmsc/Sp3fs
Jer 3:10	כִּ֥י	3588 b	HC
Jer 3:10	אִם	518 b	HC
Jer 3:10	בְּ/שֶׁ֖קֶר	b/8267	HR/Ncmsa
Jer 3:10	נְאֻם	5002	HNcmsc
Jer 3:10	יְהוָֽה	3068	HNp
Jer 3:11	וַ/יֹּ֤אמֶר	c/559	HC/Vqw3ms
Jer 3:11	יְהוָה֙	3068	HNp
Jer 3:11	אֵלַ֔/י	413	HR/Sp1cs
Jer 3:11	צִדְּקָ֥ה	6663	HVpp3fs
Jer 3:11	נַפְשָׁ֖/הּ	5315	HNcbsc/Sp3fs
Jer 3:11	מְשֻׁבָ֣ה	4878	HNcfsa
Jer 3:11	יִשְׂרָאֵ֑ל	3478	HNp
Jer 3:11	מִ/בֹּגֵדָ֖ה	m/898	HR/Vqrfsa
Jer 3:11	יְהוּדָֽה	3063	HNp
Jer 3:12	הָלֹ֡ךְ	1980	HVqa
Jer 3:12	וְ/קָֽרָאתָ֩	c/7121	HC/Vqq2ms
Jer 3:12	אֶת	853	HTo
Jer 3:12	הַ/דְּבָרִ֨ים	d/1697	HTd/Ncmpa
Jer 3:12	הָ/אֵ֜לֶּה	d/428	HTd/Pdxcp
Jer 3:12	צָפ֗וֹנָ/ה	6828	HNcfsa/Sd
Jer 3:12	וְ֠/אָמַרְתָּ	c/559	HC/Vqq2ms
Jer 3:12	שׁ֣וּבָ/ה	7725	HVqv2ms/Sh
Jer 3:12	מְשֻׁבָ֤ה	4878	HNcfsa
Jer 3:12	יִשְׂרָאֵל֙	3478	HNp
Jer 3:12	נְאֻם	5002	HNcmsc
Jer 3:12	יְהוָ֔ה	3068	HNp
Jer 3:12	לֽוֹא	3808	HTn
Jer 3:12	אַפִּ֥יל	5307	HVhi1cs
Jer 3:12	פָּנַ֖/י	6440	HNcbpc/Sp1cs
Jer 3:12	בָּ/כֶ֑ם	b	HR/Sp2mp
Jer 3:12	כִּֽי	3588 a	HC
Jer 3:12	חָסִ֤יד	2623	HAamsa
Jer 3:12	אֲנִי֙	589	HPp1cs
Jer 3:12	נְאֻם	5002	HNcmsc
Jer 3:12	יְהוָ֔ה	3068	HNp
Jer 3:12	לֹ֥א	3808	HTn
Jer 3:12	אֶטּ֖וֹר	5201	HVqi1cs
Jer 3:12	לְ/עוֹלָֽם	l/5769	HR/Ncmsa
Jer 3:13	אַ֚ךְ	389	HTa
Jer 3:13	דְּעִ֣י	3045	HVqv2fs
Jer 3:13	עֲוֺנֵ֔/ךְ	5771	HNcbsc/Sp2fs
Jer 3:13	כִּ֛י	3588 a	HC
Jer 3:13	בַּ/יהוָ֥ה	b/3068	HR/Np
Jer 3:13	אֱלֹהַ֖יִ/ךְ	430	HNcmpc/Sp2fs
Jer 3:13	פָּשָׁ֑עַתְּ	6586	HVqp2fs
Jer 3:13	וַ/תְּפַזְּרִ֨י	c/6340	HC/Vpw2fs
Jer 3:13	אֶת	853	HTo
Jer 3:13	דְּרָכַ֜יִ/ךְ	1870	HNcbpc/Sp2fs
Jer 3:13	לַ/זָּרִ֗ים	l/2114 a	HRd/Aampa
Jer 3:13	תַּ֚חַת	8478	HR
Jer 3:13	כָּל	3605	HNcmsc
Jer 3:13	עֵ֣ץ	6086	HNcmsa
Jer 3:13	רַעֲנָ֔ן	7488 b	HAamsa
Jer 3:13	וּ/בְ/קוֹלִ֥/י	c/b/6963 a	HC/R/Ncmsc/Sp1cs
Jer 3:13	לֹא	3808	HTn
Jer 3:13	שְׁמַעְתֶּ֖ם	8085	HVqp2mp
Jer 3:13	נְאֻם	5002	HNcmsc
Jer 3:13	יְהֹוָֽה	3068	HNp
Jer 3:14	שׁ֣וּבוּ	7725	HVqv2mp
Jer 3:14	בָנִ֤ים	1121 a	HNcmpa
Jer 3:14	שׁוֹבָבִים֙	7726	HAampa
Jer 3:14	נְאֻם	5002	HNcmsc
Jer 3:14	יְהוָ֔ה	3068	HNp
Jer 3:14	כִּ֥י	3588 a	HC
Jer 3:14	אָנֹכִ֖י	595	HPp1cs
Jer 3:14	בָּעַ֣לְתִּי	1166	HVqp1cs
Jer 3:14	בָ/כֶ֑ם	b	HR/Sp2mp
Jer 3:14	וְ/לָקַחְתִּ֨י	c/3947	HC/Vqq1cs
Jer 3:14	אֶתְ/כֶ֜ם	853	HTo/Sp2mp
Jer 3:14	אֶחָ֣ד	259	HAcmsa
Jer 3:14	מֵ/עִ֗יר	m/5892 b	HR/Ncfsa
Jer 3:14	וּ/שְׁנַ֨יִם֙	c/8147	HC/Acmda
Jer 3:14	מִ/מִּשְׁפָּחָ֔ה	m/4940	HR/Ncfsa
Jer 3:14	וְ/הֵבֵאתִ֥י	c/935	HC/Vhq1cs
Jer 3:14	אֶתְ/כֶ֖ם	853	HTo/Sp2mp
Jer 3:14	צִיּֽוֹן	6726	HNp
Jer 3:15	וְ/נָתַתִּ֥י	c/5414	HC/Vqq1cs
Jer 3:15	לָ/כֶ֛ם	l	HR/Sp2mp
Jer 3:15	רֹעִ֖ים	7462 b	HVqrmpa
Jer 3:15	כְּ/לִבִּ֑/י	k/3820 a	HR/Ncmsc/Sp1cs
Jer 3:15	וְ/רָע֥וּ	c/7462 b	HC/Vqq3cp
Jer 3:15	אֶתְ/כֶ֖ם	853	HTo/Sp2mp
Jer 3:15	דֵּעָ֥ה	1844	HNcfsa
Jer 3:15	וְ/הַשְׂכֵּֽיל	c/7919 a	HC/Vha
Jer 3:16	וְ/הָיָ֡ה	c/1961	HC/Vqq3ms
Jer 3:16	כִּ֣י	3588 a	HC
Jer 3:16	תִרְבּוּ֩	7235 a	HVqi2mp
Jer 3:16	וּ/פְרִיתֶ֨ם	c/6509	HC/Vqq2mp
Jer 3:16	בָּ/אָ֜רֶץ	b/776	HRd/Ncbsa
Jer 3:16	בַּ/יָּמִ֤ים	b/3117	HRd/Ncmpa
Jer 3:16	הָ/הֵ֨מָּה֙	d/1992	HTd/Pp3mp
Jer 3:16	נְאֻם	5002	HNcmsc
Jer 3:16	יְהוָ֔ה	3068	HNp
Jer 3:16	לֹא	3808	HTn
Jer 3:16	יֹ֣אמְרוּ	559	HVqi3mp
Jer 3:16	ע֗וֹד	5750	HD
Jer 3:16	אֲרוֹן֙	727	HNcbsc
Jer 3:16	בְּרִית	1285	HNcfsc
Jer 3:16	יְהוָ֔ה	3068	HNp
Jer 3:16	וְ/לֹ֥א	c/3808	HC/Tn
Jer 3:16	יַעֲלֶ֖ה	5927	HVqi3ms
Jer 3:16	עַל	5921 a	HR
Jer 3:16	לֵ֑ב	3820 a	HNcmsa
Jer 3:16	וְ/לֹ֤א	c/3808	HC/Tn
Jer 3:16	יִזְכְּרוּ	2142	HVqi3mp
Jer 3:16	ב/וֹ֙	b	HR/Sp3ms
Jer 3:16	וְ/לֹ֣א	c/3808	HC/Tn
Jer 3:16	יִפְקֹ֔דוּ	6485 a	HVqi3mp
Jer 3:16	וְ/לֹ֥א	c/3808	HC/Tn
Jer 3:16	יֵעָשֶׂ֖ה	6213 a	HVNi3ms
Jer 3:16	עֽוֹד	5750	HD
Jer 3:17	בָּ/עֵ֣ת	b/6256	HRd/Ncbsa
Jer 3:17	הַ/הִ֗יא	d/1931	HTd/Pp3fs
Jer 3:17	יִקְרְא֤וּ	7121	HVqi3mp
Jer 3:17	לִ/ירוּשָׁלִַ֨ם֙	l/3389	HR/Np
Jer 3:17	כִּסֵּ֣א	3678	HNcmsc
Jer 3:17	יְהוָ֔ה	3068	HNp
Jer 3:17	וְ/נִקְוּ֨וּ	c/6960 b	HC/VNq3cp
Jer 3:17	אֵלֶ֧י/הָ	413	HR/Sp3fs
Jer 3:17	כָֽל	3605	HNcmsc
Jer 3:17	הַ/גּוֹיִ֛ם	d/1471 a	HTd/Ncmpa
Jer 3:17	לְ/שֵׁ֥ם	l/8034	HR/Ncmsc
Jer 3:17	יְהוָ֖ה	3068	HNp
Jer 3:17	לִ/ירוּשָׁלִָ֑ם	l/3389	HR/Np
Jer 3:17	וְ/לֹא	c/3808	HC/Tn
Jer 3:17	יֵלְכ֣וּ	3212	HVqi3mp
Jer 3:17	ע֔וֹד	5750	HD
Jer 3:17	אַחֲרֵ֕י	310 a	HR
Jer 3:17	שְׁרִר֖וּת	8307	HNcfsc
Jer 3:17	לִבָּ֥/ם	3820 a	HNcmsc/Sp3mp
Jer 3:17	הָ/רָֽע	d/7451 a	HTd/Aamsa
Jer 3:18	בַּ/יָּמִ֣ים	b/3117	HRd/Ncmpa
Jer 3:18	הָ/הֵ֔מָּה	d/1992	HTd/Pp3mp
Jer 3:18	יֵלְכ֥וּ	3212	HVqi3mp
Jer 3:18	בֵית	1004 b	HNcmsc
Jer 3:18	יְהוּדָ֖ה	3063	HNp
Jer 3:18	עַל	5921 a	HR
Jer 3:18	בֵּ֣ית	1004 b	HNcmsc
Jer 3:18	יִשְׂרָאֵ֑ל	3478	HNp
Jer 3:18	וְ/יָבֹ֤אוּ	c/935	HC/Vqi3mp
Jer 3:18	יַחְדָּו֙	3162 b	HD
Jer 3:18	מֵ/אֶ֣רֶץ	m/776	HR/Ncbsc
Jer 3:18	צָפ֔וֹן	6828	HNcfsa
Jer 3:18	עַל	5921 a	HR
Jer 3:18	הָ/אָ֕רֶץ	d/776	HTd/Ncbsa
Jer 3:18	אֲשֶׁ֥ר	834 a	HTr
Jer 3:18	הִנְחַ֖לְתִּי	5157	HVhp1cs
Jer 3:18	אֶת	853	HTo
Jer 3:18	אֲבוֹתֵי/כֶֽם	1	HNcmpc/Sp2mp
Jer 3:19	וְ/אָנֹכִ֣י	c/595	HC/Pp1cs
Jer 3:19	אָמַ֗רְתִּי	559	HVqp1cs
Jer 3:19	אֵ֚יךְ	349 a	HTi
Jer 3:19	אֲשִׁיתֵ֣/ךְ	7896	HVqi1cs/Sp2fs
Jer 3:19	בַּ/בָּנִ֔ים	b/1121 a	HRd/Ncmpa
Jer 3:19	וְ/אֶתֶּן	c/5414	HC/Vqi1cs
Jer 3:19	לָ/ךְ֙	l	HR/Sp2fs
Jer 3:19	אֶ֣רֶץ	776	HNcbsc
Jer 3:19	חֶמְדָּ֔ה	2532 a	HNcfsa
Jer 3:19	נַחֲלַ֥ת	5159	HNcfsc
Jer 3:19	צְבִ֖י	6643 a	HNcmsa
Jer 3:19	צִבְא֣וֹת	6635 a	HNcbpc
Jer 3:19	גּוֹיִ֑ם	1471 a	HNcmpa
Jer 3:19	וָ/אֹמַ֗ר	c/559	HC/Vqw1cs
Jer 3:19	אָבִ/י֙	1	HNcmsc/Sp1cs
Jer 3:19	תקראו	7121	HVqi2mp
Jer 3:19	לִ֔/י	l/7121	HR/Sp1cs
Jer 3:19	וּ/מֵ/אַחֲרַ֖/י	c/m/310 a	HC/R/R/Sp1cs
Jer 3:19	לֹ֥א	3808	HTn
Jer 3:19	תשובו	7725	HVqi2mp
Jer 3:20	אָכֵ֛ן	403	HD
Jer 3:20	בָּגְדָ֥ה	898	HVqp3fs
Jer 3:20	אִשָּׁ֖ה	802	HNcfsa
Jer 3:20	מֵ/רֵעָ֑/הּ	m/7453	HR/Ncmsc/Sp3fs
Jer 3:20	כֵּ֣ן	3651 c	HTm
Jer 3:20	בְּגַדְתֶּ֥ם	898	HVqp2mp
Jer 3:20	בִּ֛/י	b	HR/Sp1cs
Jer 3:20	בֵּ֥ית	1004 b	HNcmsc
Jer 3:20	יִשְׂרָאֵ֖ל	3478	HNp
Jer 3:20	נְאֻם	5002	HNcmsc
Jer 3:20	יְהוָֽה	3068	HNp
Jer 3:21	ק֚וֹל	6963 a	HNcmsa
Jer 3:21	עַל	5921 a	HR
Jer 3:21	שְׁפָיִ֣ים	8205	HNcmpa
Jer 3:21	נִשְׁמָ֔ע	8085	HVNp3ms
Jer 3:21	בְּכִ֥י	1065	HNcmsa
Jer 3:21	תַחֲנוּנֵ֖י	8469	HNcmpc
Jer 3:21	בְּנֵ֣י	1121 a	HNcmpc
Jer 3:21	יִשְׂרָאֵ֑ל	3478	HNp
Jer 3:21	כִּ֤י	3588 a	HC
Jer 3:21	הֶעֱוּוּ֙	5753 a	HVhp3cp
Jer 3:21	אֶת	853	HTo
Jer 3:21	דַּרְכָּ֔/ם	1870	HNcbsc/Sp3mp
Jer 3:21	שָׁכְח֖וּ	7911	HVqp3cp
Jer 3:21	אֶת	853	HTo
Jer 3:21	יְהֹוָ֥ה	3068	HNp
Jer 3:21	אֱלֹהֵי/הֶֽם	430	HNcmpc/Sp3mp
Jer 3:22	שׁ֚וּבוּ	7725	HVqv2mp
Jer 3:22	בָּנִ֣ים	1121 a	HNcmpa
Jer 3:22	שׁוֹבָבִ֔ים	7726	HAampa
Jer 3:22	אֶרְפָּ֖ה	7495	HVqi1cs
Jer 3:22	מְשׁוּבֹֽתֵי/כֶ֑ם	4878	HNcfpc/Sp2mp
Jer 3:22	הִנְ/נוּ֙	2005	HTj/Sp1cp
Jer 3:22	אָתָ֣נוּ	857	HVqp1cp
Jer 3:22	לָ֔/ךְ	l	HR/Sp2fs
Jer 3:22	כִּ֥י	3588 a	HC
Jer 3:22	אַתָּ֖ה	859 a	HPp2ms
Jer 3:22	יְהֹוָ֥ה	3068	HNp
Jer 3:22	אֱלֹהֵֽי/נוּ	430	HNcmpc/Sp1cp
Jer 3:23	אָכֵ֥ן	403	HD
Jer 3:23	לַ/שֶּׁ֛קֶר	l/8267	HRd/Ncmsa
Jer 3:23	מִ/גְּבָע֖וֹת	m/1389	HR/Ncfpa
Jer 3:23	הָמ֣וֹן	1995 a	HNcmsa
Jer 3:23	הָרִ֑ים	2022	HNcmpa
Jer 3:23	אָכֵן֙	403	HD
Jer 3:23	בַּ/יהֹוָ֣ה	b/3068	HR/Np
Jer 3:23	אֱלֹהֵ֔י/נוּ	430	HNcmpc/Sp1cp
Jer 3:23	תְּשׁוּעַ֖ת	8668	HNcfsc
Jer 3:23	יִשְׂרָאֵֽל	3478	HNp
Jer 3:24	וְ/הַ/בֹּ֗שֶׁת	c/d/1322	HC/Td/Ncfsa
Jer 3:24	אָֽכְלָ֛ה	398	HVqp3fs
Jer 3:24	אֶת	853	HTo
Jer 3:24	יְגִ֥יעַ	3018	HNcmsc
Jer 3:24	אֲבוֹתֵ֖י/נוּ	1	HNcmpc/Sp1cp
Jer 3:24	מִ/נְּעוּרֵ֑י/נוּ	m/5271 a	HR/Ncbpc/Sp1cp
Jer 3:24	אֶת	853	HTo
Jer 3:24	צֹאנָ/ם֙	6629	HNcbsc/Sp3mp
Jer 3:24	וְ/אֶת	c/853	HC/To
Jer 3:24	בְּקָרָ֔/ם	1241	HNcbsc/Sp3mp
Jer 3:24	אֶת	853	HTo
Jer 3:24	בְּנֵי/הֶ֖ם	1121 a	HNcmpc/Sp3mp
Jer 3:24	וְ/אֶת	c/853	HC/To
Jer 3:24	בְּנוֹתֵי/הֶֽם	1323	HNcfpc/Sp3mp
Jer 3:25	נִשְׁכְּבָ֣ה	7901	HVqh1cp
Jer 3:25	בְּ/בָשְׁתֵּ֗/נוּ	b/1322	HR/Ncfsc/Sp1cp
Jer 3:25	וּֽ/תְכַסֵּ/נוּ֮	c/3680	HC/Vpi3fs/Sp1cp
Jer 3:25	כְּלִמָּתֵ/נוּ֒	3639	HNcfsc/Sp1cp
Jer 3:25	כִּי֩	3588 a	HC
Jer 3:25	לַ/יהוָ֨ה	l/3068	HR/Np
Jer 3:25	אֱלֹהֵ֜י/נוּ	430	HNcmpc/Sp1cp
Jer 3:25	חָטָ֗אנוּ	2398	HVqp1cp
Jer 3:25	אֲנַ֨חְנוּ֙	587	HPp1cp
Jer 3:25	וַ/אֲבוֹתֵ֔י/נוּ	c/1	HC/Ncmpc/Sp1cp
Jer 3:25	מִ/נְּעוּרֵ֖י/נוּ	m/5271 a	HR/Ncbpc/Sp1cp
Jer 3:25	וְ/עַד	c/5704	HC/R
Jer 3:25	הַ/יּ֣וֹם	d/3117	HTd/Ncmsa
Jer 3:25	הַ/זֶּ֑ה	d/2088	HTd/Pdxms
Jer 3:25	וְ/לֹ֣א	c/3808	HC/Tn
Jer 3:25	שָׁמַ֔עְנוּ	8085	HVqp1cp
Jer 3:25	בְּ/ק֖וֹל	b/6963 a	HR/Ncmsc
Jer 3:25	יְהֹוָ֥ה	3068	HNp
Jer 3:25	אֱלֹהֵֽי/נוּ	430	HNcmpc/Sp1cp
Jer 4:1	אִם	518 a	HC
Jer 4:1	תָּשׁ֨וּב	7725	HVqi2ms
Jer 4:1	יִשְׂרָאֵ֧ל	3478	HNp
Jer 4:1	נְאֻם	5002	HNcmsc
Jer 4:1	יְהוָ֛ה	3068	HNp
Jer 4:1	אֵלַ֖/י	413	HR/Sp1cs
Jer 4:1	תָּשׁ֑וּב	7725	HVqi2ms
Jer 4:1	וְ/אִם	c/518 a	HC/C
Jer 4:1	תָּסִ֧יר	5493	HVhi2ms
Jer 4:1	שִׁקּוּצֶ֛י/ךָ	8251	HNcmpc/Sp2ms
Jer 4:1	מִ/פָּנַ֖/י	m/6440	HR/Ncbpc/Sp1cs
Jer 4:1	וְ/לֹ֥א	c/3808	HC/Tn
Jer 4:1	תָנֽוּד	5110	HVqi2ms
Jer 4:2	וְ/נִשְׁבַּ֨עְתָּ֙	c/7650	HC/VNq2ms
Jer 4:2	חַי	2416 a	HAamsa
Jer 4:2	יְהוָ֔ה	3068	HNp
Jer 4:2	בֶּ/אֱמֶ֖ת	b/571	HR/Ncfsa
Jer 4:2	בְּ/מִשְׁפָּ֣ט	b/4941	HR/Ncmsa
Jer 4:2	וּ/בִ/צְדָקָ֑ה	c/b/6666	HC/R/Ncfsa
Jer 4:2	וְ/הִתְבָּ֥רְכוּ	c/1288	HC/Vtq3cp
Jer 4:2	ב֛/וֹ	b	HR/Sp3ms
Jer 4:2	גּוֹיִ֖ם	1471 a	HNcmpa
Jer 4:2	וּ/ב֥/וֹ	c/b	HC/R/Sp3ms
Jer 4:2	יִתְהַלָּֽלוּ	1984 b	HVti3mp
Jer 4:3	כִּי	3588 a	HC
Jer 4:3	כֹ֣ה	3541	HD
Jer 4:3	אָמַ֣ר	559	HVqp3ms
Jer 4:3	יְהֹוָ֗ה	3068	HNp
Jer 4:3	לְ/אִ֤ישׁ	l/376	HR/Ncmsc
Jer 4:3	יְהוּדָה֙	3063	HNp
Jer 4:3	וְ/לִ/יר֣וּשָׁלִַ֔ם	c/l/3389	HC/R/Np
Jer 4:3	נִ֥ירוּ	5214	HVqv2mp
Jer 4:3	לָ/כֶ֖ם	l	HR/Sp2mp
Jer 4:3	נִ֑יר	5215	HNcmsa
Jer 4:3	וְ/אַֽל	c/408	HC/Tn
Jer 4:3	תִּזְרְע֖וּ	2232	HVqj2mp
Jer 4:3	אֶל	413	HR
Jer 4:3	קוֹצִֽים	6975	HNcmpa
Jer 4:4	הִמֹּ֣לוּ	4135 a	HVNv2mp
Jer 4:4	לַ/יהֹוָ֗ה	l/3068	HR/Np
Jer 4:4	וְ/הָסִ֨רוּ֙	c/5493	HC/Vhv2mp
Jer 4:4	עָרְל֣וֹת	6190	HNcfpc
Jer 4:4	לְבַבְ/כֶ֔ם	3824	HNcmsc/Sp2mp
Jer 4:4	אִ֥ישׁ	376	HNcmsc
Jer 4:4	יְהוּדָ֖ה	3063	HNp
Jer 4:4	וְ/יֹשְׁבֵ֣י	c/3427	HC/Vqrmpc
Jer 4:4	יְרוּשָׁלִָ֑ם	3389	HNp
Jer 4:4	פֶּן	6435	HC
Jer 4:4	תֵּצֵ֨א	3318	HVqi3fs
Jer 4:4	כָ/אֵ֜שׁ	k/784	HRd/Ncbsa
Jer 4:4	חֲמָתִ֗/י	2534	HNcfsc/Sp1cs
Jer 4:4	וּ/בָעֲרָה֙	c/1197 a	HC/Vqq3fs
Jer 4:4	וְ/אֵ֣ין	c/369	HC/Tn
Jer 4:4	מְכַבֶּ֔ה	3518	HVprmsa
Jer 4:4	מִ/פְּנֵ֖י	m/6440	HR/Ncbpc
Jer 4:4	רֹ֥עַ	7455	HNcmsc
Jer 4:4	מַעַלְלֵי/כֶֽם	4611	HNcmpc/Sp2mp
Jer 4:5	הַגִּ֣ידוּ	5046	HVhv2mp
Jer 4:5	בִֽ/יהוּדָ֗ה	b/3063	HR/Np
Jer 4:5	וּ/בִ/ירוּשָׁלִַ֨ם֙	c/b/3389	HC/R/Np
Jer 4:5	הַשְׁמִ֔יעוּ	8085	HVhv2mp
Jer 4:5	וְ/אִמְר֕וּ	c/559	HC/Vqv2mp
Jer 4:5	ו/תקעו	c/8628	HC/Vqv2mp
Jer 4:5	שׁוֹפָ֖ר	7782	HNcmsa
Jer 4:5	בָּ/אָ֑רֶץ	b/776	HRd/Ncbsa
Jer 4:5	קִרְא֤וּ	7121	HVqv2mp
Jer 4:5	מַלְאוּ֙	4390	HVpv2mp
Jer 4:5	וְ/אִמְר֔וּ	c/559	HC/Vqv2mp
Jer 4:5	הֵאָסְפ֥וּ	622	HVNv2mp
Jer 4:5	וְ/נָב֖וֹאָה	c/935	HC/Vqh1cp
Jer 4:5	אֶל	413	HR
Jer 4:5	עָרֵ֥י	5892 b	HNcfpc
Jer 4:5	הַ/מִּבְצָֽר	d/4013	HTd/Ncmsa
Jer 4:6	שְׂאוּ	5375	HVqv2mp
Jer 4:6	נֵ֣ס	5251	HNcmsa
Jer 4:6	צִיּ֔וֹנָ/ה	6726	HNp/Sd
Jer 4:6	הָעִ֖יזוּ	5756	HVhv2mp
Jer 4:6	אַֽל	408	HTn
Jer 4:6	תַּעֲמֹ֑דוּ	5975	HVqj2mp
Jer 4:6	כִּ֣י	3588 a	HC
Jer 4:6	רָעָ֗ה	7451 c	HNcfsa
Jer 4:6	אָנֹכִ֛י	595	HPp1cs
Jer 4:6	מֵבִ֥יא	935	HVhrmsa
Jer 4:6	מִ/צָּפ֖וֹן	m/6828	HR/Ncfsa
Jer 4:6	וְ/שֶׁ֥בֶר	c/7667	HC/Ncmsa
Jer 4:6	גָּדֽוֹל	1419 a	HAamsa
Jer 4:7	עָלָ֤ה	5927	HVqp3ms
Jer 4:7	אַרְיֵה֙	738 b	HNcmsa
Jer 4:7	מִֽ/סֻּבְּכ֔/וֹ	m/5441	HR/Ncmsc/Sp3ms
Jer 4:7	וּ/מַשְׁחִ֣ית	c/7843	HC/Vhrmsc
Jer 4:7	גּוֹיִ֔ם	1471 a	HNcmpa
Jer 4:7	נָסַ֖ע	5265	HVqp3ms
Jer 4:7	יָצָ֣א	3318	HVqp3ms
Jer 4:7	מִ/מְּקֹמ֑/וֹ	m/4725	HR/Ncmsc/Sp3ms
Jer 4:7	לָ/שׂ֤וּם	l/7760 a	HR/Vqc
Jer 4:7	אַרְצֵ/ךְ֙	776	HNcbsc/Sp2fs
Jer 4:7	לְ/שַׁמָּ֔ה	l/8047	HR/Ncfsa
Jer 4:7	עָרַ֥יִ/ךְ	5892 b	HNcfpc/Sp2fs
Jer 4:7	תִּצֶּ֖ינָה	5327 b	HVqi3fp
Jer 4:7	מֵ/אֵ֥ין	m/369	HR/Tn
Jer 4:7	יוֹשֵֽׁב	3427	HVqrmsa
Jer 4:8	עַל	5921 a	HR
Jer 4:8	זֹ֛את	2063	HPdxfs
Jer 4:8	חִגְר֥וּ	2296	HVqv2mp
Jer 4:8	שַׂקִּ֖ים	8242	HNcmpa
Jer 4:8	סִפְד֣וּ	5594	HVqv2mp
Jer 4:8	וְ/הֵילִ֑ילוּ	c/3213	HC/Vhv2mp
Jer 4:8	כִּ֥י	3588 a	HC
Jer 4:8	לֹא	3808	HTn
Jer 4:8	שָׁ֛ב	7725	HVqp3ms
Jer 4:8	חֲר֥וֹן	2740	HNcmsc
Jer 4:8	אַף	639	HTa
Jer 4:8	יְהֹוָ֖ה	3068	HNp
Jer 4:8	מִמֶּֽ/נּוּ	4480 a	HR/Sp1cp
Jer 4:9	וְ/הָיָ֤ה	c/1961	HC/Vqq3ms
Jer 4:9	בַ/יּוֹם	b/3117	HRd/Ncmsa
Jer 4:9	הַ/הוּא֙	d/1931	HTd/Pp3ms
Jer 4:9	נְאֻם	5002	HNcmsc
Jer 4:9	יְהוָ֔ה	3068	HNp
Jer 4:9	יֹאבַ֥ד	6	HVqi3ms
Jer 4:9	לֵב	3820 a	HNcmsc
Jer 4:9	הַ/מֶּ֖לֶךְ	d/4428	HTd/Ncmsa
Jer 4:9	וְ/לֵ֣ב	c/3820 a	HC/Ncmsc
Jer 4:9	הַ/שָּׂרִ֑ים	d/8269	HTd/Ncmpa
Jer 4:9	וְ/נָשַׁ֨מּוּ֙	c/8074	HC/VNq3cp
Jer 4:9	הַ/כֹּ֣הֲנִ֔ים	d/3548	HTd/Ncmpa
Jer 4:9	וְ/הַ/נְּבִיאִ֖ים	c/d/5030	HC/Td/Ncmpa
Jer 4:9	יִתְמָֽהוּ	8539	HVqi3mp
Jer 4:10	וָ/אֹמַ֞ר	c/559	HC/Vqw1cs
Jer 4:10	אֲהָ֣הּ	162	HTj
Jer 4:10	אֲדֹנָ֣/י	136	HNcmpc/Sp1cs
Jer 4:10	יְהוִ֗ה	3069	HNp
Jer 4:10	אָכֵן֩	403	HD
Jer 4:10	הַשֵּׁ֨א	5377	HVha
Jer 4:10	הִשֵּׁ֜אתָ	5377	HVhp2ms
Jer 4:10	לָ/עָ֤ם	l/5971 a	HRd/Ncmsa
Jer 4:10	הַ/זֶּה֙	d/2088	HTd/Pdxms
Jer 4:10	וְ/לִ/ירוּשָׁלִַ֣ם	c/l/3389	HC/R/Np
Jer 4:10	לֵ/אמֹ֔ר	l/559	HR/Vqc
Jer 4:10	שָׁל֖וֹם	7965	HNcmsa
Jer 4:10	יִהְיֶ֣ה	1961	HVqi3ms
Jer 4:10	לָ/כֶ֑ם	l	HR/Sp2mp
Jer 4:10	וְ/נָגְעָ֥ה	c/5060	HC/Vqq3fs
Jer 4:10	חֶ֖רֶב	2719	HNcfsa
Jer 4:10	עַד	5704	HR
Jer 4:10	הַ/נָּֽפֶשׁ	d/5315	HTd/Ncbsa
Jer 4:11	בָּ/עֵ֣ת	b/6256	HRd/Ncbsa
Jer 4:11	הַ/הִ֗יא	d/1931	HTd/Pp3fs
Jer 4:11	יֵאָמֵ֤ר	559	HVNi3ms
Jer 4:11	לָֽ/עָם	l/5971 a	HRd/Ncmsa
Jer 4:11	הַ/זֶּה֙	d/2088	HTd/Pdxms
Jer 4:11	וְ/לִ/יר֣וּשָׁלִַ֔ם	c/l/3389	HC/R/Np
Jer 4:11	ר֣וּחַ	7307	HNcbsa
Jer 4:11	צַ֤ח	6703	HAamsa
Jer 4:11	שְׁפָיִים֙	8205	HNcmpa
Jer 4:11	בַּ/מִּדְבָּ֔ר	b/4057 b	HRd/Ncmsa
Jer 4:11	דֶּ֖רֶךְ	1870	HNcbsc
Jer 4:11	בַּת	1323	HNcfsc
Jer 4:11	עַמִּ֑/י	5971 a	HNcmsc/Sp1cs
Jer 4:11	ל֥וֹא	3808	HTn
Jer 4:11	לִ/זְר֖וֹת	l/2219	HR/Vqc
Jer 4:11	וְ/ל֥וֹא	c/3808	HC/Tn
Jer 4:11	לְ/הָבַֽר	l/1305	HR/Vhc
Jer 4:12	ר֧וּחַ	7307	HNcbsa
Jer 4:12	מָלֵ֛א	4392	HAamsa
Jer 4:12	מֵ/אֵ֖לֶּה	m/428	HR/Pdxcp
Jer 4:12	יָ֣בוֹא	935	HVqi3ms
Jer 4:12	לִ֑/י	l	HR/Sp1cs
Jer 4:12	עַתָּ֕ה	6258	HD
Jer 4:12	גַּם	1571	HTa
Jer 4:12	אֲנִ֛י	589	HPp1cs
Jer 4:12	אֲדַבֵּ֥ר	1696	HVpi1cs
Jer 4:12	מִשְׁפָּטִ֖ים	4941	HNcmpa
Jer 4:12	אוֹתָֽ/ם	853	HTo/Sp3mp
Jer 4:13	הִנֵּ֣ה	2009	HTm
Jer 4:13	כַּ/עֲנָנִ֣ים	k/6051	HR/Ncmpa
Jer 4:13	יַעֲלֶ֗ה	5927	HVqi3ms
Jer 4:13	וְ/כַ/סּוּפָה֙	c/k/5492 a	HC/Rd/Ncfsa
Jer 4:13	מַרְכְּבוֹתָ֔י/ו	4818	HNcfpc/Sp3ms
Jer 4:13	קַלּ֥וּ	7043	HVqp3cp
Jer 4:13	מִ/נְּשָׁרִ֖ים	m/5404	HR/Ncmpa
Jer 4:13	סוּסָ֑י/ו	5483 b	HNcmpc/Sp3ms
Jer 4:13	א֥וֹי	188	HTj
Jer 4:13	לָ֖/נוּ	l	HR/Sp1cp
Jer 4:13	כִּ֥י	3588 a	HC
Jer 4:13	שֻׁדָּֽדְנוּ	7703	HVPp1cp
Jer 4:14	כַּבְּסִ֨י	3526	HVpv2fs
Jer 4:14	מֵ/רָעָ֤ה	m/7451 c	HR/Ncfsa
Jer 4:14	לִבֵּ/ךְ֙	3820 a	HNcmsc/Sp2fs
Jer 4:14	יְר֣וּשָׁלִַ֔ם	3389	HNp
Jer 4:14	לְמַ֖עַן	4616	HR
Jer 4:14	תִּוָּשֵׁ֑עִי	3467	HVNi2fs
Jer 4:14	עַד	5704	HR
Jer 4:14	מָתַ֛י	4970	HTi
Jer 4:14	תָּלִ֥ין	3885 a	HVqi3fs
Jer 4:14	בְּ/קִרְבֵּ֖/ךְ	b/7130	HR/Ncmsc/Sp2fs
Jer 4:14	מַחְשְׁב֥וֹת	4284	HNcfpc
Jer 4:14	אוֹנֵֽ/ךְ	205	HNcmsc/Sp2fs
Jer 4:15	כִּ֛י	3588 a	HC
Jer 4:15	ק֥וֹל	6963 a	HNcmsa
Jer 4:15	מַגִּ֖יד	5046	HVhrmsa
Jer 4:15	מִ/דָּ֑ן	m/1835	HR/Np
Jer 4:15	וּ/מַשְׁמִ֥יעַ	c/8085	HC/Vhrmsa
Jer 4:15	אָ֖וֶן	205	HNcmsa
Jer 4:15	מֵ/הַ֥ר	m/2022	HR/Ncmsc
Jer 4:15	אֶפְרָֽיִם	669	HNp
Jer 4:16	הַזְכִּ֣ירוּ	2142	HVhv2mp
Jer 4:16	לַ/גּוֹיִ֗ם	l/1471 a	HRd/Ncmpa
Jer 4:16	הִנֵּה֙	2009	HTm
Jer 4:16	הַשְׁמִ֣יעוּ	8085	HVhv2mp
Jer 4:16	עַל	5921 a	HR
Jer 4:16	יְרוּשָׁלִַ֔ם	3389	HNp
Jer 4:16	נֹצְרִ֥ים	5341	HVqrmpa
Jer 4:16	בָּאִ֖ים	935	HVqrmpa
Jer 4:16	מֵ/אֶ֣רֶץ	m/776	HR/Ncbsc
Jer 4:16	הַ/מֶּרְחָ֑ק	d/4801	HTd/Ncmsa
Jer 4:16	וַֽ/יִּתְּנ֛וּ	c/5414	HC/Vqw3mp
Jer 4:16	עַל	5921 a	HR
Jer 4:16	עָרֵ֥י	5892 b	HNcfpc
Jer 4:16	יְהוּדָ֖ה	3063	HNp
Jer 4:16	קוֹלָֽ/ם	6963 a	HNcmsc/Sp3mp
Jer 4:17	כְּ/שֹׁמְרֵ֣י	k/8104	HR/Vqrmpc
Jer 4:17	שָׂדַ֔י	7704 a	HNcmsa
Jer 4:17	הָי֥וּ	1961	HVqp3cp
Jer 4:17	עָלֶ֖י/הָ	5921 a	HR/Sp3fs
Jer 4:17	מִ/סָּבִ֑יב	m/5439	HR/Ncbsa
Jer 4:17	כִּי	3588 a	HC
Jer 4:17	אֹתִ֥/י	853	HTo/Sp1cs
Jer 4:17	מָרָ֖תָה	4784	HVqp3fs
Jer 4:17	נְאֻם	5002	HNcmsc
Jer 4:17	יְהוָֽה	3068	HNp
Jer 4:18	דַּרְכֵּ/ךְ֙	1870	HNcbsc/Sp2fs
Jer 4:18	וּ/מַ֣עֲלָלַ֔יִ/ךְ	c/4611	HC/Ncmpc/Sp2fs
Jer 4:18	עָשׂ֥וֹ	6213 a	HVqa
Jer 4:18	אֵ֖לֶּה	428	HPdxcp
Jer 4:18	לָ֑/ךְ	l	HR/Sp2fs
Jer 4:18	זֹ֤את	2063	HPdxfs
Jer 4:18	רָעָתֵ/ךְ֙	7451 c	HNcfsc/Sp2fs
Jer 4:18	כִּ֣י	3588 a	HC
Jer 4:18	מָ֔ר	4751	HAamsa
Jer 4:18	כִּ֥י	3588 a	HC
Jer 4:18	נָגַ֖ע	5060	HVqp3ms
Jer 4:18	עַד	5704	HR
Jer 4:18	לִבֵּֽ/ךְ	3820 a	HNcmsc/Sp2fs
Jer 4:19	מֵעַ֣/י	4578	HNcmpc/Sp1cs
Jer 4:19	מֵעַ֨/י	4578	HNcmpc/Sp1cs
Jer 4:19	אחולה	2342 a	HVqh1cs
Jer 4:19	קִיר֥וֹת	7023	HNcmpc
Jer 4:19	לִבִּ֛/י	3820 a	HNcmsc/Sp1cs
Jer 4:19	הֹֽמֶה	1993	HVqrmsa
Jer 4:19	לִּ֥/י	l	HR/Sp1cs
Jer 4:19	לִבִּ֖/י	3820 a	HNcmsc/Sp1cs
Jer 4:19	לֹ֣א	3808	HTn
Jer 4:19	אַחֲרִ֑ישׁ	2790 b	HVhi1cs
Jer 4:19	כִּ֣י	3588 a	HC
Jer 4:19	ק֤וֹל	6963 a	HNcmsc
Jer 4:19	שׁוֹפָר֙	7782	HNcmsa
Jer 4:19	שמעתי	8085	HVqp1cs
Jer 4:19	נַפְשִׁ֔/י	5315	HNcbsc/Sp1cs
Jer 4:19	תְּרוּעַ֖ת	8643	HNcfsc
Jer 4:19	מִלְחָמָֽה	4421	HNcfsa
Jer 4:20	שֶׁ֤בֶר	7667	HNcmsa
Jer 4:20	עַל	5921 a	HR
Jer 4:20	שֶׁ֨בֶר֙	7667	HNcmsa
Jer 4:20	נִקְרָ֔א	7121	HVNp3ms
Jer 4:20	כִּ֥י	3588 a	HC
Jer 4:20	שֻׁדְּדָ֖ה	7703	HVPp3fs
Jer 4:20	כָּל	3605	HNcmsc
Jer 4:20	הָ/אָ֑רֶץ	d/776	HTd/Ncbsa
Jer 4:20	פִּתְאֹם֙	6597	HD
Jer 4:20	שֻׁדְּד֣וּ	7703	HVPp3cp
Jer 4:20	אֹהָלַ֔/י	168	HNcmpc/Sp1cs
Jer 4:20	רֶ֖גַע	7281	HNcmsa
Jer 4:20	יְרִיעֹתָֽ/י	3407	HNcfpc/Sp1cs
Jer 4:21	עַד	5704	HR
Jer 4:21	מָתַ֖י	4970	HTi
Jer 4:21	אֶרְאֶה	7200	HVqi1cs
Jer 4:21	נֵּ֑ס	5251	HNcmsa
Jer 4:21	אֶשְׁמְעָ֖ה	8085	HVqh1cs
Jer 4:21	ק֥וֹל	6963 a	HNcmsc
Jer 4:21	שׁוֹפָֽר	7782	HNcmsa
Jer 4:22	כִּ֣י	3588 a	HC
Jer 4:22	אֱוִ֣יל	191	HAamsa
Jer 4:22	עַמִּ֗/י	5971 a	HNcmsc/Sp1cs
Jer 4:22	אוֹתִ/י֙	853	HTo/Sp1cs
Jer 4:22	לֹ֣א	3808	HTn
Jer 4:22	יָדָ֔עוּ	3045	HVqp3cp
Jer 4:22	בָּנִ֤ים	1121 a	HNcmpa
Jer 4:22	סְכָלִים֙	5530	HNcmpa
Jer 4:22	הֵ֔מָּה	1992	HPp3mp
Jer 4:22	וְ/לֹ֥א	c/3808	HC/Tn
Jer 4:22	נְבוֹנִ֖ים	995	HVNsmpa
Jer 4:22	הֵ֑מָּה	1992	HPp3mp
Jer 4:22	חֲכָמִ֥ים	2450	HAampa
Jer 4:22	הֵ֨מָּה֙	1992	HPp3mp
Jer 4:22	לְ/הָרַ֔ע	l/7489 a	HR/Vhc
Jer 4:22	וּ/לְ/הֵיטִ֖יב	c/l/3190	HC/R/Vhc
Jer 4:22	לֹ֥א	3808	HTn
Jer 4:22	יָדָֽעוּ	3045	HVqp3cp
Jer 4:23	רָאִ֨יתִי֙	7200	HVqp1cs
Jer 4:23	אֶת	853	HTo
Jer 4:23	הָ/אָ֔רֶץ	d/776	HTd/Ncbsa
Jer 4:23	וְ/הִנֵּה	c/2009	HC/Tm
Jer 4:23	תֹ֖הוּ	8414	HNcmsa
Jer 4:23	וָ/בֹ֑הוּ	c/922	HC/Ncmsa
Jer 4:23	וְ/אֶל	c/413	HC/R
Jer 4:23	הַ/שָּׁמַ֖יִם	d/8064	HTd/Ncmpa
Jer 4:23	וְ/אֵ֥ין	c/369	HC/Tn
Jer 4:23	אוֹרָֽ/ם	216	HNcbsc/Sp3mp
Jer 4:24	רָאִ֨יתִי֙	7200	HVqp1cs
Jer 4:24	הֶֽ/הָרִ֔ים	d/2022	HTd/Ncmpa
Jer 4:24	וְ/הִנֵּ֖ה	c/2009	HC/Tm
Jer 4:24	רֹעֲשִׁ֑ים	7493	HVqrmpa
Jer 4:24	וְ/כָל	c/3605	HC/Ncmsc
Jer 4:24	הַ/גְּבָע֖וֹת	d/1389	HTd/Ncfpa
Jer 4:24	הִתְקַלְקָֽלוּ	7043	HVfp3cp
Jer 4:25	רָאִ֕יתִי	7200	HVqp1cs
Jer 4:25	וְ/הִנֵּ֖ה	c/2009	HC/Tm
Jer 4:25	אֵ֣ין	369	HTn
Jer 4:25	הָ/אָדָ֑ם	d/120	HTd/Ncmsa
Jer 4:25	וְ/כָל	c/3605	HC/Ncmsc
Jer 4:25	ע֥וֹף	5775	HNcmsc
Jer 4:25	הַ/שָּׁמַ֖יִם	d/8064	HTd/Ncmpa
Jer 4:25	נָדָֽדוּ	5074	HVqp3cp
Jer 4:26	רָאִ֕יתִי	7200	HVqp1cs
Jer 4:26	וְ/הִנֵּ֥ה	c/2009	HC/Tm
Jer 4:26	הַ/כַּרְמֶ֖ל	d/3759	HTd/Ncmsa
Jer 4:26	הַ/מִּדְבָּ֑ר	d/4057 b	HTd/Ncmsa
Jer 4:26	וְ/כָל	c/3605	HC/Ncmsc
Jer 4:26	עָרָ֗י/ו	5892 b	HNcfpc/Sp3ms
Jer 4:26	נִתְּצוּ֙	5422	HVNp3cp
Jer 4:26	מִ/פְּנֵ֣י	m/6440	HR/Ncbpc
Jer 4:26	יְהוָ֔ה	3068	HNp
Jer 4:26	מִ/פְּנֵ֖י	m/6440	HR/Ncbpc
Jer 4:26	חֲר֥וֹן	2740	HNcmsc
Jer 4:26	אַפּֽ/וֹ	639	HNcmsc/Sp3ms
Jer 4:27	כִּי	3588 a	HC
Jer 4:27	כֹה֙	3541	HD
Jer 4:27	אָמַ֣ר	559	HVqp3ms
Jer 4:27	יְהוָ֔ה	3068	HNp
Jer 4:27	שְׁמָמָ֥ה	8077 a	HNcfsa
Jer 4:27	תִהְיֶ֖ה	1961	HVqi3fs
Jer 4:27	כָּל	3605	HNcmsc
Jer 4:27	הָ/אָ֑רֶץ	d/776	HTd/Ncbsa
Jer 4:27	וְ/כָלָ֖ה	c/3617	HC/Ncfsa
Jer 4:27	לֹ֥א	3808	HTn
Jer 4:27	אֶעֱשֶֽׂה	6213 a	HVqi1cs
Jer 4:28	עַל	5921 a	HR
Jer 4:28	זֹאת֙	2063	HPdxfs
Jer 4:28	תֶּאֱבַ֣ל	56	HVqi3fs
Jer 4:28	הָ/אָ֔רֶץ	d/776	HTd/Ncbsa
Jer 4:28	וְ/קָדְר֥וּ	c/6937	HC/Vqq3cp
Jer 4:28	הַ/שָּׁמַ֖יִם	d/8064	HTd/Ncmpa
Jer 4:28	מִ/מָּ֑עַל	m/4605	HR/D
Jer 4:28	עַ֤ל	5921 a	HR
Jer 4:28	כִּי	3588 a	HC
Jer 4:28	דִבַּ֨רְתִּי֙	1696	HVpp1cs
Jer 4:28	זַמֹּ֔תִי	2161	HVqp1cs
Jer 4:28	וְ/לֹ֥א	c/3808	HC/Tn
Jer 4:28	נִחַ֖מְתִּי	5162	HVNp1cs
Jer 4:28	וְ/לֹא	c/3808	HC/Tn
Jer 4:28	אָשׁ֥וּב	7725	HVqi1cs
Jer 4:28	מִמֶּֽ/נָּה	4480 a	HR/Sp3fs
Jer 4:29	מִ/קּ֨וֹל	m/6963 a	HR/Ncmsc
Jer 4:29	פָּרָ֜שׁ	6571 b	HNcmsa
Jer 4:29	וְ/רֹ֣מֵה	c/7411 a	HC/Vqrmsc
Jer 4:29	קֶ֗שֶׁת	7198	HNcfsa
Jer 4:29	בֹּרַ֨חַת֙	1272	HVqrfsa
Jer 4:29	כָּל	3605	HNcmsc
Jer 4:29	הָ/עִ֔יר	d/5892 b	HTd/Ncfsa
Jer 4:29	בָּ֚אוּ	935	HVqp3cp
Jer 4:29	בֶּ/עָבִ֔ים	b/5645	HRd/Ncbpa
Jer 4:29	וּ/בַ/כֵּפִ֖ים	c/b/3710	HC/Rd/Ncmpa
Jer 4:29	עָל֑וּ	5927	HVqp3cp
Jer 4:29	כָּל	3605	HNcmsc
Jer 4:29	הָ/עִ֣יר	d/5892 b	HTd/Ncfsa
Jer 4:29	עֲזוּבָ֔ה	5800 a	HVqsfsa
Jer 4:29	וְ/אֵין	c/369	HC/Tn
Jer 4:29	יוֹשֵׁ֥ב	3427	HVqrmsa
Jer 4:29	בָּ/הֵ֖ן	b/2004	HR/Sp3fp
Jer 4:29	אִֽישׁ	376	HNcmsa
Jer 4:30	ו/אתי	c/859 b	HC/Pp2fs
Jer 4:30	שָׁד֜וּד	7703	HVqsmsa
Jer 4:30	מַֽה	4100	HTi
Jer 4:30	תַּעֲשִׂ֗י	6213 a	HVqi2fs
Jer 4:30	כִּֽי	3588 a	HC
Jer 4:30	תִלְבְּשִׁ֨י	3847	HVqi2fs
Jer 4:30	שָׁנִ֜י	8144	HNcmsa
Jer 4:30	כִּי	3588 a	HC
Jer 4:30	תַעְדִּ֣י	5710 b	HVqi2fs
Jer 4:30	עֲדִי	5716	HNcmsc
Jer 4:30	זָהָ֗ב	2091	HNcmsa
Jer 4:30	כִּֽי	3588 a	HC
Jer 4:30	תִקְרְעִ֤י	7167	HVqi2fs
Jer 4:30	בַ/פּוּךְ֙	b/6320	HRd/Ncmsa
Jer 4:30	עֵינַ֔יִ/ךְ	5869 a	HNcbdc/Sp2fs
Jer 4:30	לַ/שָּׁ֖וְא	l/7723	HRd/Ncmsa
Jer 4:30	תִּתְיַפִּ֑י	3302	HVti2fs
Jer 4:30	מָאֲסוּ	3988 a	HVqp3cp
Jer 4:30	בָ֥/ךְ	b	HR/Sp2fs
Jer 4:30	עֹגְבִ֖ים	5689	HVqrmpa
Jer 4:30	נַפְשֵׁ֥/ךְ	5315	HNcbsc/Sp2fs
Jer 4:30	יְבַקֵּֽשׁוּ	1245	HVpi3mp
Jer 4:31	כִּי֩	3588 a	HC
Jer 4:31	ק֨וֹל	6963 a	HNcmsa
Jer 4:31	כְּ/חוֹלָ֜ה	k/2470 a	HR/Vqrfsa
Jer 4:31	שָׁמַ֗עְתִּי	8085	HVqp1cs
Jer 4:31	צָרָה֙	6869 b	HNcfsa
Jer 4:31	כְּ/מַבְכִּירָ֔ה	k/1069	HR/Vhrfsa
Jer 4:31	ק֧וֹל	6963 a	HNcmsc
Jer 4:31	בַּת	1323	HNcfsc
Jer 4:31	צִיּ֛וֹן	6726	HNp
Jer 4:31	תִּתְיַפֵּ֖חַ	3306	HVti3fs
Jer 4:31	תְּפָרֵ֣שׂ	6566	HVpi3fs
Jer 4:31	כַּפֶּ֑י/הָ	3709	HNcfdc/Sp3fs
Jer 4:31	אֽוֹי	188	HTj
Jer 4:31	נָ֣א	4994	HTe
Jer 4:31	לִ֔/י	l	HR/Sp1cs
Jer 4:31	כִּֽי	3588 a	HC
Jer 4:31	עָיְפָ֥ה	5888	HVqp3fs
Jer 4:31	נַפְשִׁ֖/י	5315	HNcbsc/Sp1cs
Jer 4:31	לְ/הֹרְגִֽים	l/2026	HR/Vqrmpa
Jer 5:1	שׁוֹטְט֞וּ	7751 a	HVov2mp
Jer 5:1	בְּ/חוּצ֣וֹת	b/2351	HR/Ncmpc
Jer 5:1	יְרוּשָׁלִַ֗ם	3389	HNp
Jer 5:1	וּ/רְאוּ	c/7200	HC/Vqv2mp
Jer 5:1	נָ֤א	4994	HTe
Jer 5:1	וּ/דְעוּ֙	c/3045	HC/Vqv2mp
Jer 5:1	וּ/בַקְשׁ֣וּ	c/1245	HC/Vpv2mp
Jer 5:1	בִ/רְחוֹבוֹתֶ֔י/הָ	b/7339	HR/Ncfpc/Sp3fs
Jer 5:1	אִם	518 a	HC
Jer 5:1	תִּמְצְא֣וּ	4672	HVqi2mp
Jer 5:1	אִ֔ישׁ	376	HNcmsa
Jer 5:1	אִם	518 a	HC
Jer 5:1	יֵ֛שׁ	3426	HTm
Jer 5:1	עֹשֶׂ֥ה	6213 a	HVqrmsa
Jer 5:1	מִשְׁפָּ֖ט	4941	HNcmsa
Jer 5:1	מְבַקֵּ֣שׁ	1245	HVprmsa
Jer 5:1	אֱמוּנָ֑ה	530	HNcfsa
Jer 5:1	וְ/אֶסְלַ֖ח	c/5545	HC/Vqi1cs
Jer 5:1	לָֽ/הּ	l	HR/Sp3fs
Jer 5:2	וְ/אִ֥ם	c/518 a	HC/C
Jer 5:2	חַי	2416 a	HAamsa
Jer 5:2	יְהֹוָ֖ה	3068	HNp
Jer 5:2	יֹאמֵ֑רוּ	559	HVqi3mp
Jer 5:2	לָ/כֵ֥ן	l/3651 c	HR/D
Jer 5:2	לַ/שֶּׁ֖קֶר	l/8267	HRd/Ncmsa
Jer 5:2	יִשָּׁבֵֽעוּ	7650	HVNi3mp
Jer 5:3	יְהֹוָ֗ה	3068	HNp
Jer 5:3	עֵינֶי/ךָ֮	5869 a	HNcbdc/Sp2ms
Jer 5:3	הֲ/ל֣וֹא	i/3808	HTi/Tn
Jer 5:3	לֶ/אֱמוּנָה֒	l/530	HR/Ncfsa
Jer 5:3	הִכִּ֤יתָה	5221	HVhp2ms
Jer 5:3	אֹתָ/ם֙	853	HTo/Sp3mp
Jer 5:3	וְֽ/לֹא	c/3808	HC/Tn
Jer 5:3	חָ֔לוּ	2342 a	HVqp3cp
Jer 5:3	כִּלִּיתָ֕/ם	3615	HVpp2ms/Sp3mp
Jer 5:3	מֵאֲנ֖וּ	3985	HVpp3cp
Jer 5:3	קַ֣חַת	3947	HVqc
Jer 5:3	מוּסָ֑ר	4148	HNcmsa
Jer 5:3	חִזְּק֤וּ	2388	HVpp3cp
Jer 5:3	פְנֵי/הֶם֙	6440	HNcbpc/Sp3mp
Jer 5:3	מִ/סֶּ֔לַע	m/5553	HR/Ncmsa
Jer 5:3	מֵאֲנ֖וּ	3985	HVpp3cp
Jer 5:3	לָ/שֽׁוּב	l/7725	HR/Vqc
Jer 5:4	וַ/אֲנִ֣י	c/589	HC/Pp1cs
Jer 5:4	אָמַ֔רְתִּי	559	HVqp1cs
Jer 5:4	אַךְ	389	HTa
Jer 5:4	דַּלִּ֖ים	1800	HAampa
Jer 5:4	הֵ֑ם	1992	HPp3mp
Jer 5:4	נוֹאֲל֕וּ	2973	HVNp3cp
Jer 5:4	כִּ֣י	3588 a	HC
Jer 5:4	לֹ֤א	3808	HTn
Jer 5:4	יָדְעוּ֙	3045	HVqp3cp
Jer 5:4	דֶּ֣רֶךְ	1870	HNcbsc
Jer 5:4	יְהוָ֔ה	3068	HNp
Jer 5:4	מִשְׁפַּ֖ט	4941	HNcmsc
Jer 5:4	אֱלֹהֵי/הֶֽם	430	HNcmpc/Sp3mp
Jer 5:5	אֵֽלֲכָה	3212	HVqh1cs
Jer 5:5	לִּ֤/י	l	HR/Sp1cs
Jer 5:5	אֶל	413	HR
Jer 5:5	הַ/גְּדֹלִים֙	d/1419 a	HTd/Aampa
Jer 5:5	וַ/אֲדַבְּרָ֣ה	c/1696	HC/Vph1cs
Jer 5:5	אוֹתָ֔/ם	853	HTo/Sp3mp
Jer 5:5	כִּ֣י	3588 a	HC
Jer 5:5	הֵ֗מָּה	1992	HPp3mp
Jer 5:5	יָדְעוּ֙	3045	HVqp3cp
Jer 5:5	דֶּ֣רֶךְ	1870	HNcbsc
Jer 5:5	יְהוָ֔ה	3068	HNp
Jer 5:5	מִשְׁפַּ֖ט	4941	HNcmsc
Jer 5:5	אֱלֹהֵי/הֶ֑ם	430	HNcmpc/Sp3mp
Jer 5:5	אַ֣ךְ	389	HTa
Jer 5:5	הֵ֤מָּה	1992	HPp3mp
Jer 5:5	יַחְדָּו֙	3162 b	HD
Jer 5:5	שָׁ֣בְרוּ	7665	HVqp3cp
Jer 5:5	עֹ֔ל	5923	HNcmsa
Jer 5:5	נִתְּק֖וּ	5423	HVpp3cp
Jer 5:5	מוֹסֵרֽוֹת	4147	HNcbpa
Jer 5:6	עַל	5921 a	HR
Jer 5:6	כֵּן֩	3651 c	HTm
Jer 5:6	הִכָּ֨/ם	5221	HVhp3ms/Sp3mp
Jer 5:6	אַרְיֵ֜ה	738 b	HNcmsa
Jer 5:6	מִ/יַּ֗עַר	m/3293 a	HR/Ncmsa
Jer 5:6	זְאֵ֤ב	2061	HNcmsc
Jer 5:6	עֲרָבוֹת֙	6160	HNcfpa
Jer 5:6	יְשָׁדְדֵ֔/ם	7703	HVqi3ms/Sp3mp
Jer 5:6	נָמֵ֤ר	5246	HNcmsa
Jer 5:6	שֹׁקֵד֙	8245	HVqrmsa
Jer 5:6	עַל	5921 a	HR
Jer 5:6	עָ֣רֵי/הֶ֔ם	5892 b	HNcfpc/Sp3mp
Jer 5:6	כָּל	3605	HNcmsc
Jer 5:6	הַ/יּוֹצֵ֥א	d/3318	HTd/Vqrmsa
Jer 5:6	מֵ/הֵ֖נָּה	m/2007	HR/Pp3fp
Jer 5:6	יִטָּרֵ֑ף	2963	HVNi3ms
Jer 5:6	כִּ֤י	3588 a	HC
Jer 5:6	רַבּוּ֙	7231	HVqp3cp
Jer 5:6	פִּשְׁעֵי/הֶ֔ם	6588	HNcmpc/Sp3mp
Jer 5:6	עָצְמ֖וּ	6105 a	HVqp3cp
Jer 5:6	משבותי/הם	4878	HNcfpc/Sp3mp
Jer 5:7	אֵ֤י	335	HTi
Jer 5:7	לָ/זֹאת֙	l/2063	HR/Pdxfs
Jer 5:7	אסלוח	5545	HVqi1cs
Jer 5:7	לָ֔/ךְ	l/5545	HR/Sp2fs
Jer 5:7	בָּנַ֣יִ/ךְ	1121 a	HNcmpc/Sp2fs
Jer 5:7	עֲזָב֔וּ/נִי	5800 a	HVqp3cp/Sp1cs
Jer 5:7	וַ/יִּשָּׁבְע֖וּ	c/7650	HC/VNw3mp
Jer 5:7	בְּ/לֹ֣א	b/3808	HR/Tn
Jer 5:7	אֱלֹהִ֑ים	430	HNcmpa
Jer 5:7	וָ/אַשְׂבִּ֤עַ	c/7646	HC/Vhw1cs
Jer 5:7	אוֹתָ/ם֙	853	HTo/Sp3mp
Jer 5:7	וַ/יִּנְאָ֔פוּ	c/5003	HC/Vqw3mp
Jer 5:7	וּ/בֵ֥ית	c/1004 b	HC/Ncmsc
Jer 5:7	זוֹנָ֖ה	2181	HVqrfsa
Jer 5:7	יִתְגֹּדָֽדוּ	1413	HVri3mp
Jer 5:8	סוּסִ֥ים	5483 b	HNcmpa
Jer 5:8	מְיֻזָּנִ֖ים	2109 a	HVPsmpa
Jer 5:8	מַשְׁכִּ֣ים	7904	HVhrmpa
Jer 5:8	הָי֑וּ	1961	HVqp3cp
Jer 5:8	אִ֛ישׁ	376	HNcmsa
Jer 5:8	אֶל	413	HR
Jer 5:8	אֵ֥שֶׁת	802	HNcfsc
Jer 5:8	רֵעֵ֖/הוּ	7453	HNcmsc/Sp3ms
Jer 5:8	יִצְהָֽלוּ	6670 a	HVqi3mp
Jer 5:9	הַֽ/עַל	i/5921 a	HTi/R
Jer 5:9	אֵ֥לֶּה	428	HPdxcp
Jer 5:9	לוֹא	3808	HTn
Jer 5:9	אֶפְקֹ֖ד	6485 a	HVqi1cs
Jer 5:9	נְאֻם	5002	HNcmsc
Jer 5:9	יְהֹוָ֑ה	3068	HNp
Jer 5:9	וְ/אִם֙	c/518 a	HC/C
Jer 5:9	בְּ/ג֣וֹי	b/1471 a	HR/Ncmsa
Jer 5:9	אֲשֶׁר	834 a	HTr
Jer 5:9	כָּ/זֶ֔ה	k/2088	HR/Pdxms
Jer 5:9	לֹ֥א	3808	HTn
Jer 5:9	תִתְנַקֵּ֖ם	5358	HVti3fs
Jer 5:9	נַפְשִֽׁ/י	5315	HNcbsc/Sp1cs
Jer 5:10	עֲל֤וּ	5927	HVqv2mp
Jer 5:10	בְ/שָׁרוֹתֶ֨י/הָ֙	b/8284	HR/Ncfpc/Sp3fs
Jer 5:10	וְ/שַׁחֵ֔תוּ	c/7843	HC/Vpv2mp
Jer 5:10	וְ/כָלָ֖ה	c/3617	HC/Ncfsa
Jer 5:10	אַֽל	408	HTn
Jer 5:10	תַּעֲשׂ֑וּ	6213 a	HVqj2mp
Jer 5:10	הָסִ֨ירוּ֙	5493	HVhv2mp
Jer 5:10	נְטִ֣ישׁוֹתֶ֔י/הָ	5189	HNcfpc/Sp3fs
Jer 5:10	כִּ֛י	3588 a	HC
Jer 5:10	ל֥וֹא	3808	HTn
Jer 5:10	לַ/יהוָ֖ה	l/3068	HR/Np
Jer 5:10	הֵֽמָּה	1992	HPp3mp
Jer 5:11	כִּי֩	3588 a	HC
Jer 5:11	בָג֨וֹד	898	HVqa
Jer 5:11	בָּגְד֜וּ	898	HVqp3cp
Jer 5:11	בִּ֗/י	b	HR/Sp1cs
Jer 5:11	בֵּ֧ית	1004 b	HNcmsc
Jer 5:11	יִשְׂרָאֵ֛ל	3478	HNp
Jer 5:11	וּ/בֵ֥ית	c/1004 b	HC/Ncmsc
Jer 5:11	יְהוּדָ֖ה	3063	HNp
Jer 5:11	נְאֻם	5002	HNcmsc
Jer 5:11	יְהוָֽה	3068	HNp
Jer 5:12	כִּֽחֲשׁוּ֙	3584	HVpp3cp
Jer 5:12	בַּ/יהוָ֔ה	b/3068	HR/Np
Jer 5:12	וַ/יֹּאמְר֖וּ	c/559	HC/Vqw3mp
Jer 5:12	לֹא	3808	HTn
Jer 5:12	ה֑וּא	1931	HPp3ms
Jer 5:12	וְ/לֹא	c/3808	HC/Tn
Jer 5:12	תָב֤וֹא	935	HVqi3fs
Jer 5:12	עָלֵ֨י/נוּ֙	5921 a	HR/Sp1cp
Jer 5:12	רָעָ֔ה	7451 c	HNcfsa
Jer 5:12	וְ/חֶ֥רֶב	c/2719	HC/Ncfsa
Jer 5:12	וְ/רָעָ֖ב	c/7458	HC/Ncmsa
Jer 5:12	ל֥וֹא	3808	HTn
Jer 5:12	נִרְאֶֽה	7200	HVqi1cp
Jer 5:13	וְ/הַ/נְּבִיאִים֙	c/d/5030	HC/Td/Ncmpa
Jer 5:13	יִֽהְי֣וּ	1961	HVqi3mp
Jer 5:13	לְ/ר֔וּחַ	l/7307	HR/Ncbsa
Jer 5:13	וְ/הַ/דִּבֵּ֖ר	c/d/1699 b	HC/Td/Ncmsa
Jer 5:13	אֵ֣ין	369	HTn
Jer 5:13	בָּ/הֶ֑ם	b	HR/Sp3mp
Jer 5:13	כֹּ֥ה	3541	HD
Jer 5:13	יֵעָשֶׂ֖ה	6213 a	HVNi3ms
Jer 5:13	לָ/הֶֽם	l	HR/Sp3mp
Jer 5:14	לָ/כֵ֗ן	l/3651 c	HR/D
Jer 5:14	כֹּֽה	3541	HD
Jer 5:14	אָמַ֤ר	559	HVqp3ms
Jer 5:14	יְהוָה֙	3068	HNp
Jer 5:14	אֱלֹהֵ֣י	430	HNcmpc
Jer 5:14	צְבָא֔וֹת	6635 b	HNcbpa
Jer 5:14	יַ֚עַן	3282	HC
Jer 5:14	דַּבֶּרְ/כֶ֔ם	1696	HVpc/Sp2mp
Jer 5:14	אֶת	853	HTo
Jer 5:14	הַ/דָּבָ֖ר	d/1697	HTd/Ncmsa
Jer 5:14	הַ/זֶּ֑ה	d/2088	HTd/Pdxms
Jer 5:14	הִנְ/נִ֣י	2005	HTm/Sp1cs
Jer 5:14	נֹתֵן֩	5414	HVqrmsa
Jer 5:14	דְּבָרַ֨/י	1697	HNcmpc/Sp1cs
Jer 5:14	בְּ/פִ֜י/ךָ	b/6310	HR/Ncmsc/Sp2ms
Jer 5:14	לְ/אֵ֗שׁ	l/784	HR/Ncbsa
Jer 5:14	וְ/הָ/עָ֥ם	c/d/5971 a	HC/Td/Ncmsa
Jer 5:14	הַ/זֶּ֛ה	d/2088	HTd/Pdxms
Jer 5:14	עֵצִ֖ים	6086	HNcmpa
Jer 5:14	וַ/אֲכָלָֽתַ/ם	c/398	HC/Vqq3fs/Sp3mp
Jer 5:15	הִנְ/נִ֣י	2005	HTm/Sp1cs
Jer 5:15	מֵבִיא֩	935	HVhrmsa
Jer 5:15	עֲלֵי/כֶ֨ם	5921 a	HR/Sp2mp
Jer 5:15	גּ֧וֹי	1471 a	HNcmsa
Jer 5:15	מִ/מֶּרְחָ֛ק	m/4801	HR/Ncmsa
Jer 5:15	בֵּ֥ית	1004 b	HNcmsc
Jer 5:15	יִשְׂרָאֵ֖ל	3478	HNp
Jer 5:15	נְאֻם	5002	HNcmsc
Jer 5:15	יְהֹוָ֑ה	3068	HNp
Jer 5:15	גּ֣וֹי	1471 a	HNcmsa
Jer 5:15	אֵיתָ֣ן	386	HAamsa
Jer 5:15	ה֗וּא	1931	HPp3ms
Jer 5:15	גּ֤וֹי	1471 a	HNcmsa
Jer 5:15	מֵ/עוֹלָם֙	m/5769	HR/Ncmsa
Jer 5:15	ה֔וּא	1931	HPp3ms
Jer 5:15	גּ֚וֹי	1471 a	HNcmsa
Jer 5:15	לֹא	3808	HTn
Jer 5:15	תֵדַ֣ע	3045	HVqi2ms
Jer 5:15	לְשֹׁנ֔/וֹ	3956	HNcbsc/Sp3ms
Jer 5:15	וְ/לֹ֥א	c/3808	HC/Tn
Jer 5:15	תִשְׁמַ֖ע	8085	HVqi2ms
Jer 5:15	מַה	4100	HTi
Jer 5:15	יְדַבֵּֽר	1696	HVpi3ms
Jer 5:16	אַשְׁפָּת֖/וֹ	827	HNcfsc/Sp3ms
Jer 5:16	כְּ/קֶ֣בֶר	k/6913	HR/Ncmsa
Jer 5:16	פָּת֑וּחַ	6605 a	HVqsmsa
Jer 5:16	כֻּלָּ֖/ם	3605	HNcmsc/Sp3mp
Jer 5:16	גִּבּוֹרִֽים	1368	HAampa
Jer 5:17	וְ/אָכַ֨ל	c/398	HC/Vqq3ms
Jer 5:17	קְצִֽירְ/ךָ֜	7105 a	HNcmsc/Sp2ms
Jer 5:17	וְ/לַחְמֶ֗/ךָ	c/3899	HC/Ncbsc/Sp2ms
Jer 5:17	יֹאכְלוּ֙	398	HVqi3mp
Jer 5:17	בָּנֶ֣י/ךָ	1121 a	HNcmpc/Sp2ms
Jer 5:17	וּ/בְנוֹתֶ֔י/ךָ	c/1323	HC/Ncfpc/Sp2ms
Jer 5:17	יֹאכַ֤ל	398	HVqi3ms
Jer 5:17	צֹאנְ/ךָ֙	6629	HNcbsc/Sp2ms
Jer 5:17	וּ/בְקָרֶ֔/ךָ	c/1241	HC/Ncbsc/Sp2ms
Jer 5:17	יֹאכַ֥ל	398	HVqi3ms
Jer 5:17	גַּפְנְ/ךָ֖	1612	HNcbsc/Sp2ms
Jer 5:17	וּ/תְאֵנָתֶ֑/ךָ	c/8384	HC/Ncfsc/Sp2ms
Jer 5:17	יְרֹשֵׁ֞שׁ	7567	HVmi3ms
Jer 5:17	עָרֵ֣י	5892 b	HNcfpc
Jer 5:17	מִבְצָרֶ֗י/ךָ	4013	HNcmpc/Sp2ms
Jer 5:17	אֲשֶׁ֥ר	834 a	HTr
Jer 5:17	אַתָּ֛ה	859 a	HPp2ms
Jer 5:17	בּוֹטֵ֥חַ	982	HVqrmsa
Jer 5:17	בָּ/הֵ֖נָּה	b/2007	HR/Pp3fp
Jer 5:17	בֶּ/חָֽרֶב	b/2719	HRd/Ncfsa
Jer 5:18	וְ/גַ֛ם	c/1571	HC/Ta
Jer 5:18	בַּ/יָּמִ֥ים	b/3117	HRd/Ncmpa
Jer 5:18	הָ/הֵ֖מָּה	d/1992	HTd/Pp3mp
Jer 5:18	נְאֻם	5002	HNcmsc
Jer 5:18	יְהֹוָ֑ה	3068	HNp
Jer 5:18	לֹֽא	3808	HTn
Jer 5:18	אֶעֱשֶׂ֥ה	6213 a	HVqi1cs
Jer 5:18	אִתְּ/כֶ֖ם	854	HR/Sp2mp
Jer 5:18	כָּלָֽה	3617	HNcfsa
Jer 5:19	וְ/הָיָה֙	c/1961	HC/Vqq3ms
Jer 5:19	כִּ֣י	3588 a	HC
Jer 5:19	תֹאמְר֔וּ	559	HVqi2mp
Jer 5:19	תַּ֣חַת	8478	HR
Jer 5:19	מֶ֗ה	4100	HTi
Jer 5:19	עָשָׂ֨ה	6213 a	HVqp3ms
Jer 5:19	יְהֹוָ֧ה	3068	HNp
Jer 5:19	אֱלֹהֵ֛י/נוּ	430	HNcmpc/Sp1cp
Jer 5:19	לָ֖/נוּ	l	HR/Sp1cp
Jer 5:19	אֶת	853	HTo
Jer 5:19	כָּל	3605	HNcmsc
Jer 5:19	אֵ֑לֶּה	428	HPdxcp
Jer 5:19	וְ/אָמַרְתָּ֣	c/559	HC/Vqq2ms
Jer 5:19	אֲלֵי/הֶ֗ם	413	HR/Sp3mp
Jer 5:19	כַּ/אֲשֶׁ֨ר	k/834 d	HR/Tr
Jer 5:19	עֲזַבְתֶּ֤ם	5800 a	HVqp2mp
Jer 5:19	אוֹתִ/י֙	853	HTo/Sp1cs
Jer 5:19	וַ/תַּעַבְד֞וּ	c/5647	HC/Vqw2mp
Jer 5:19	אֱלֹהֵ֤י	430	HNcmpc
Jer 5:19	נֵכָר֙	5236	HNcmsa
Jer 5:19	בְּ/אַרְצְ/כֶ֔ם	b/776	HR/Ncbsc/Sp2mp
Jer 5:19	כֵּ֚ן	3651 c	HTm
Jer 5:19	תַּעַבְד֣וּ	5647	HVqi2mp
Jer 5:19	זָרִ֔ים	2114 a	HAampa
Jer 5:19	בְּ/אֶ֖רֶץ	b/776	HR/Ncbsa
Jer 5:19	לֹ֥א	3808	HTn
Jer 5:19	לָ/כֶֽם	l	HR/Sp2mp
Jer 5:20	הַגִּ֥ידוּ	5046	HVhv2mp
Jer 5:20	זֹ֖את	2063	HPdxfs
Jer 5:20	בְּ/בֵ֣ית	b/1004 b	HR/Ncmsc
Jer 5:20	יַעֲקֹ֑ב	3290	HNp
Jer 5:20	וְ/הַשְׁמִיע֥וּ/הָ	c/8085	HC/Vhv2mp/Sp3fs
Jer 5:20	בִ/יהוּדָ֖ה	b/3063	HR/Np
Jer 5:20	לֵ/אמֹֽר	l/559	HR/Vqc
Jer 5:21	שִׁמְעוּ	8085	HVqv2mp
Jer 5:21	נָ֣א	4994	HTe
Jer 5:21	זֹ֔את	2063	HPdxfs
Jer 5:21	עַ֥ם	5971 a	HNcmsa
Jer 5:21	סָכָ֖ל	5530	HNcmsa
Jer 5:21	וְ/אֵ֣ין	c/369	HC/Tn
Jer 5:21	לֵ֑ב	3820 a	HNcmsa
Jer 5:21	עֵינַ֤יִם	5869 a	HNcbda
Jer 5:21	לָ/הֶם֙	l	HR/Sp3mp
Jer 5:21	וְ/לֹ֣א	c/3808	HC/Tn
Jer 5:21	יִרְא֔וּ	7200	HVqi3mp
Jer 5:21	אָזְנַ֥יִם	241	HNcfda
Jer 5:21	לָ/הֶ֖ם	l	HR/Sp3mp
Jer 5:21	וְ/לֹ֥א	c/3808	HC/Tn
Jer 5:21	יִשְׁמָֽעוּ	8085	HVqi3mp
Jer 5:22	הַ/אוֹתִ֨/י	i/853	HTi/To/Sp1cs
Jer 5:22	לֹא	3808	HTn
Jer 5:22	תִירָ֜אוּ	3372	HVqi2mp
Jer 5:22	נְאֻם	5002	HNcmsc
Jer 5:22	יְהֹוָ֗ה	3068	HNp
Jer 5:22	אִ֤ם	518 a	HC
Jer 5:22	מִ/פָּנַ/י֙	m/6440	HR/Ncbpc/Sp1cs
Jer 5:22	לֹ֣א	3808	HTn
Jer 5:22	תָחִ֔ילוּ	2342 a	HVqi2mp
Jer 5:22	אֲשֶׁר	834 a	HTr
Jer 5:22	שַׂ֤מְתִּי	7760 a	HVqp1cs
Jer 5:22	חוֹל֙	2344	HNcmsa
Jer 5:22	גְּב֣וּל	1366	HNcmsa
Jer 5:22	לַ/יָּ֔ם	l/3220	HRd/Ncmsa
Jer 5:22	חָק	2706	HNcmsc
Jer 5:22	עוֹלָ֖ם	5769	HNcmsa
Jer 5:22	וְ/לֹ֣א	c/3808	HC/Tn
Jer 5:22	יַעַבְרֶ֑/נְהוּ	5674 a	HVqi3ms/Sp3ms
Jer 5:22	וַ/יִּֽתְגָּעֲשׁוּ֙	c/1607	HC/Vtw3mp
Jer 5:22	וְ/לֹ֣א	c/3808	HC/Tn
Jer 5:22	יוּכָ֔לוּ	3201	HVqi3mp
Jer 5:22	וְ/הָמ֥וּ	c/1993	HC/Vqq3cp
Jer 5:22	גַלָּ֖י/ו	1530	HNcmpc/Sp3ms
Jer 5:22	וְ/לֹ֥א	c/3808	HC/Tn
Jer 5:22	יַעַבְרֻֽ/נְהוּ	5674 a	HVqi3mp/Sp3ms
Jer 5:23	וְ/לָ/עָ֤ם	c/l/5971 a	HC/Rd/Ncmsa
Jer 5:23	הַ/זֶּה֙	d/2088	HTd/Pdxms
Jer 5:23	הָיָ֔ה	1961	HVqp3ms
Jer 5:23	לֵ֖ב	3820 a	HNcmsa
Jer 5:23	סוֹרֵ֣ר	5637	HVqrmsa
Jer 5:23	וּ/מוֹרֶ֑ה	c/4784	HC/Vqrmsa
Jer 5:23	סָ֖רוּ	5493	HVqp3cp
Jer 5:23	וַ/יֵּלֵֽכוּ	c/3212	HC/Vqw3mp
Jer 5:24	וְ/לֹֽא	c/3808	HC/Tn
Jer 5:24	אָמְר֣וּ	559	HVqp3cp
Jer 5:24	בִ/לְבָבָ֗/ם	b/3824	HR/Ncmsc/Sp3mp
Jer 5:24	נִ֤ירָא	3372	HVqh1cp
Jer 5:24	נָא֙	4994	HTe
Jer 5:24	אֶת	853	HTo
Jer 5:24	יְהוָ֣ה	3068	HNp
Jer 5:24	אֱלֹהֵ֔י/נוּ	430	HNcmpc/Sp1cp
Jer 5:24	הַ/נֹּתֵ֗ן	d/5414	HTd/Vqrmsa
Jer 5:24	גֶּ֛שֶׁם	1653	HNcmsa
Jer 5:24	ו/ירה	c/3138	HC/Ncmsa
Jer 5:24	וּ/מַלְק֖וֹשׁ	c/4456	HC/Ncmsa
Jer 5:24	בְּ/עִתּ֑/וֹ	b/6256	HR/Ncbsc/Sp3ms
Jer 5:24	שְׁבֻע֛וֹת	7620	HNcmpc
Jer 5:24	חֻקּ֥וֹת	2708	HNcbpc
Jer 5:24	קָצִ֖יר	7105 a	HNcmsa
Jer 5:24	יִשְׁמָר	8104	HVqi3ms
Jer 5:24	לָֽ/נוּ	l	HR/Sp1cp
Jer 5:25	עֲוֺנוֹתֵי/כֶ֖ם	5771	HNcbpc/Sp2mp
Jer 5:25	הִטּוּ	5186	HVhp3cp
Jer 5:25	אֵ֑לֶּה	428	HPdxcp
Jer 5:25	וְ/חַטֹּ֣אותֵי/כֶ֔ם	c/2403 b	HC/Ncfpc/Sp2mp
Jer 5:25	מָנְע֥וּ	4513	HVqp3cp
Jer 5:25	הַ/טּ֖וֹב	d/2896 b	HTd/Aamsa
Jer 5:25	מִ/כֶּֽם	m/4480 a	HR/Sp2mp
Jer 5:26	כִּי	3588 a	HC
Jer 5:26	נִמְצְא֥וּ	4672	HVNp3cp
Jer 5:26	בְ/עַמִּ֖/י	b/5971 a	HR/Ncmsc/Sp1cs
Jer 5:26	רְשָׁעִ֑ים	7563	HAampa
Jer 5:26	יָשׁוּר֙	7789	HVqi3ms
Jer 5:26	כְּ/שַׁ֣ךְ	k/7918	HR/Vqc
Jer 5:26	יְקוּשִׁ֔ים	3353	HNcmpa
Jer 5:26	הִצִּ֥יבוּ	5324	HVhp3cp
Jer 5:26	מַשְׁחִ֖ית	4889	HNcmsa
Jer 5:26	אֲנָשִׁ֥ים	376	HNcmpa
Jer 5:26	יִלְכֹּֽדוּ	3920	HVqi3mp
Jer 5:27	כִּ/כְלוּב֙	k/3619	HR/Ncmsa
Jer 5:27	מָ֣לֵא	4392	HAamsa
Jer 5:27	ע֔וֹף	5775	HNcmsa
Jer 5:27	כֵּ֥ן	3651 c	HTm
Jer 5:27	בָּתֵּי/הֶ֖ם	1004 b	HNcmpc/Sp3mp
Jer 5:27	מְלֵאִ֣ים	4392	HAampa
Jer 5:27	מִרְמָ֑ה	4820	HNcfsa
Jer 5:27	עַל	5921 a	HR
Jer 5:27	כֵּ֥ן	3651 c	HTm
Jer 5:27	גָּדְל֖וּ	1431	HVqp3cp
Jer 5:27	וַֽ/יַּעֲשִֽׁירוּ	c/6238	HC/Vhw3mp
Jer 5:28	שָׁמְנ֣וּ	8080	HVqp3cp
Jer 5:28	עָשְׁת֗וּ	6245 a	HVqp3cp
Jer 5:28	גַּ֚ם	1571	HTa
Jer 5:28	עָֽבְר֣וּ	5674 a	HVqp3cp
Jer 5:28	דִבְרֵי	1697	HNcmpc
Jer 5:28	רָ֔ע	7451 b	HAamsa
Jer 5:28	דִּ֣ין	1779	HNcmsa
Jer 5:28	לֹא	3808	HTn
Jer 5:28	דָ֔נוּ	1777	HVqp3cp
Jer 5:28	דִּ֥ין	1779	HNcmsc
Jer 5:28	יָת֖וֹם	3490	HNcmsa
Jer 5:28	וְ/יַצְלִ֑יחוּ	c/6743 b	HC/Vqw3mp
Jer 5:28	וּ/מִשְׁפַּ֥ט	c/4941	HC/Ncmsc
Jer 5:28	אֶבְיוֹנִ֖ים	34	HAampa
Jer 5:28	לֹ֥א	3808	HTn
Jer 5:28	שָׁפָֽטוּ	8199	HVqp3cp
Jer 5:29	הַֽ/עַל	i/5921 a	HTi/R
Jer 5:29	אֵ֥לֶּה	428	HPdxcp
Jer 5:29	לֹֽא	3808	HTn
Jer 5:29	אֶפְקֹ֖ד	6485 a	HVqi1cs
Jer 5:29	נְאֻם	5002	HNcmsc
Jer 5:29	יְהֹוָ֑ה	3068	HNp
Jer 5:29	אִ֚ם	518 a	HC
Jer 5:29	בְּ/ג֣וֹי	b/1471 a	HR/Ncmsa
Jer 5:29	אֲשֶׁר	834 a	HTr
Jer 5:29	כָּ/זֶ֔ה	k/2088	HR/Pdxms
Jer 5:29	לֹ֥א	3808	HTn
Jer 5:29	תִתְנַקֵּ֖ם	5358	HVti3fs
Jer 5:29	נַפְשִֽׁ/י	5315	HNcbsc/Sp1cs
Jer 5:30	שַׁמָּה֙	8047	HNcfsa
Jer 5:30	וְ/שַׁ֣עֲרוּרָ֔ה	c/8186 a	HC/Ncfsa
Jer 5:30	נִהְיְתָ֖ה	1961	HVNp3fs
Jer 5:30	בָּ/אָֽרֶץ	b/776	HRd/Ncbsa
Jer 5:31	הַ/נְּבִיאִ֞ים	d/5030	HTd/Ncmpa
Jer 5:31	נִבְּא֣וּ	5012	HVNp3cp
Jer 5:31	בַ/שֶּׁ֗קֶר	b/8267	HRd/Ncmsa
Jer 5:31	וְ/הַ/כֹּהֲנִים֙	c/d/3548	HC/Td/Ncmpa
Jer 5:31	יִרְדּ֣וּ	7287 b	HVqi3mp
Jer 5:31	עַל	5921 a	HR
Jer 5:31	יְדֵי/הֶ֔ם	3027	HNcbdc/Sp3mp
Jer 5:31	וְ/עַמִּ֖/י	c/5971 a	HC/Ncmsc/Sp1cs
Jer 5:31	אָ֣הֲבוּ	157	HVqp3cp
Jer 5:31	כֵ֑ן	3651 c	HD
Jer 5:31	וּ/מַֽה	c/4100	HC/Ti
Jer 5:31	תַּעֲשׂ֖וּ	6213 a	HVqi2mp
Jer 5:31	לְ/אַחֲרִיתָֽ/הּ	l/319	HR/Ncfsc/Sp3fs
Jer 6:1	הָעִ֣זוּ	5756	HVhv2mp
Jer 6:1	בְּנֵ֣י	1121 a	HNcmpc
Jer 6:1	בִניָמִ֗ן	1144	HNp
Jer 6:1	מִ/קֶּ֨רֶב֙	m/7130	HR/Ncmsc
Jer 6:1	יְר֣וּשָׁלִַ֔ם	3389	HNp
Jer 6:1	וּ/בִ/תְק֨וֹעַ֙	c/b/8620	HC/R/Np
Jer 6:1	תִּקְע֣וּ	8628	HVqv2mp
Jer 6:1	שׁוֹפָ֔ר	7782	HNcmsa
Jer 6:1	וְ/עַל	c/5921 a	HC/R
Jer 6:1	בֵּ֥ית	1021+	HNp
Jer 6:1	הַכֶּ֖רֶם	1021	HNp
Jer 6:1	שְׂא֣וּ	5375	HVqv2mp
Jer 6:1	מַשְׂאֵ֑ת	4864	HNcfsa
Jer 6:1	כִּ֥י	3588 a	HC
Jer 6:1	רָעָ֛ה	7451 c	HNcfsa
Jer 6:1	נִשְׁקְפָ֥ה	8259	HVNp3fs
Jer 6:1	מִ/צָּפ֖וֹן	m/6828	HR/Ncfsa
Jer 6:1	וְ/שֶׁ֥בֶר	c/7667	HC/Ncmsa
Jer 6:1	גָּדֽוֹל	1419 a	HAamsa
Jer 6:2	הַ/נָּוָה֙	d/5000	HTd/Aafsa
Jer 6:2	וְ/הַ/מְּעֻנָּגָ֔ה	c/d/6026	HC/Td/VPsfsa
Jer 6:2	דָּמִ֖יתִי	1820	HVqp1cs
Jer 6:2	בַּת	1323	HNcfsc
Jer 6:2	צִיּֽוֹן	6726	HNp
Jer 6:3	אֵלֶ֛י/הָ	413	HR/Sp3fs
Jer 6:3	יָבֹ֥אוּ	935	HVqi3mp
Jer 6:3	רֹעִ֖ים	7462 b	HVqrmpa
Jer 6:3	וְ/עֶדְרֵי/הֶ֑ם	c/5739	HC/Ncmpc/Sp3mp
Jer 6:3	תָּקְע֨וּ	8628	HVqp3cp
Jer 6:3	עָלֶ֤י/הָ	5921 a	HR/Sp3fs
Jer 6:3	אֹהָלִים֙	168	HNcmpa
Jer 6:3	סָבִ֔יב	5439	HNcbsa
Jer 6:3	רָע֖וּ	7462 b	HVqp3cp
Jer 6:3	אִ֥ישׁ	376	HNcmsa
Jer 6:3	אֶת	853	HTo
Jer 6:3	יָדֽ/וֹ	3027	HNcbsc/Sp3ms
Jer 6:4	קַדְּשׁ֤וּ	6942	HVpv2mp
Jer 6:4	עָלֶ֨י/הָ֙	5921 a	HR/Sp3fs
Jer 6:4	מִלְחָמָ֔ה	4421	HNcfsa
Jer 6:4	ק֖וּמוּ	6965 b	HVqv2mp
Jer 6:4	וְ/נַעֲלֶ֣ה	c/5927	HC/Vqh1cp
Jer 6:4	בַֽ/צָּהֳרָ֑יִם	b/6672 a	HRd/Ncmpa
Jer 6:4	א֥וֹי	188	HTj
Jer 6:4	לָ֨/נוּ֙	l	HR/Sp1cp
Jer 6:4	כִּי	3588 a	HC
Jer 6:4	פָנָ֣ה	6437	HVqp3ms
Jer 6:4	הַ/יּ֔וֹם	d/3117	HTd/Ncmsa
Jer 6:4	כִּ֥י	3588 a	HC
Jer 6:4	יִנָּט֖וּ	5186	HVNi3mp
Jer 6:4	צִלְלֵי	6752	HNcmpc
Jer 6:4	עָֽרֶב	6153	HNcmsa
Jer 6:5	ק֚וּמוּ	6965 b	HVqv2mp
Jer 6:5	וְ/נַעֲלֶ֣ה	c/5927	HC/Vqh1cp
Jer 6:5	בַ/לָּ֔יְלָה	b/3915	HRd/Ncmsa
Jer 6:5	וְ/נַשְׁחִ֖יתָה	c/7843	HC/Vhh1cp
Jer 6:5	אַרְמְנוֹתֶֽי/הָ	759	HNcmpc/Sp3fs
Jer 6:6	כִּ֣י	3588 a	HC
Jer 6:6	כֹ֤ה	3541	HD
Jer 6:6	אָמַר֙	559	HVqp3ms
Jer 6:6	יְהוָ֣ה	3068	HNp
Jer 6:6	צְבָא֔וֹת	6635 b	HNcbpa
Jer 6:6	כִּרְת֣וּ	3772	HVqv2mp
Jer 6:6	עֵצָ֔ה	6097	HNcfsa
Jer 6:6	וְ/שִׁפְכ֥וּ	c/8210	HC/Vqv2mp
Jer 6:6	עַל	5921 a	HR
Jer 6:6	יְרוּשָׁלִַ֖ם	3389	HNp
Jer 6:6	סֹלְלָ֑ה	5550	HNcfsa
Jer 6:6	הִ֚יא	1931	HPp3fs
Jer 6:6	הָ/עִ֣יר	d/5892 b	HTd/Ncfsa
Jer 6:6	הָפְקַ֔ד	6485 a	HVHp3ms
Jer 6:6	כֻּלָּ֖/הּ	3605	HNcmsc/Sp3fs
Jer 6:6	עֹ֥שֶׁק	6233	HNcmsa
Jer 6:6	בְּ/קִרְבָּֽ/הּ	b/7130	HR/Ncmsc/Sp3fs
Jer 6:7	כְּ/הָקִ֥יר	k/6979 b	HR/Vhc
Jer 6:7	בור	953 a	HNcmsa
Jer 6:7	מֵימֶ֔י/הָ	4325	HNcmpc/Sp3fs
Jer 6:7	כֵּ֖ן	3651 c	HTm
Jer 6:7	הֵקֵ֣רָה	6979 b	HVhp3fs
Jer 6:7	רָעָתָ֑/הּ	7451 c	HNcfsc/Sp3fs
Jer 6:7	חָמָ֣ס	2555	HNcmsa
Jer 6:7	וָ֠/שֹׁד	c/7701	HC/Ncmsa
Jer 6:7	יִשָּׁ֨מַע	8085	HVNi3ms
Jer 6:7	בָּ֧/הּ	b	HR/Sp3fs
Jer 6:7	עַל	5921 a	HR
Jer 6:7	פָּנַ֛/י	6440	HNcbpc/Sp1cs
Jer 6:7	תָּמִ֖יד	8548	HNcmsa
Jer 6:7	חֳלִ֥י	2483	HNcmsa
Jer 6:7	וּ/מַכָּֽה	c/4347	HC/Ncfsa
Jer 6:8	הִוָּסְרִי֙	3256	HVNv2fs
Jer 6:8	יְר֣וּשָׁלִַ֔ם	3389	HNp
Jer 6:8	פֶּן	6435	HC
Jer 6:8	תֵּקַ֥ע	3363	HVqi3fs
Jer 6:8	נַפְשִׁ֖/י	5315	HNcbsc/Sp1cs
Jer 6:8	מִמֵּ֑/ךְ	4480 a	HR/Sp2fs
Jer 6:8	פֶּן	6435	HC
Jer 6:8	אֲשִׂימֵ֣/ךְ	7760 a	HVqi1cs/Sp2fs
Jer 6:8	שְׁמָמָ֔ה	8077 a	HNcfsa
Jer 6:8	אֶ֖רֶץ	776	HNcbsa
Jer 6:8	ל֥וֹא	3808	HTn
Jer 6:8	נוֹשָֽׁבָה	3427	HVNp3fs
Jer 6:9	כֹּ֤ה	3541	HD
Jer 6:9	אָמַר֙	559	HVqp3ms
Jer 6:9	יְהֹוָ֣ה	3068	HNp
Jer 6:9	צְבָא֔וֹת	6635 b	HNcbpa
Jer 6:9	עוֹלֵ֛ל	5953 b	HVma
Jer 6:9	יְעוֹלְל֥וּ	5953 b	HVmi3mp
Jer 6:9	כַ/גֶּ֖פֶן	k/1612	HRd/Ncbsa
Jer 6:9	שְׁאֵרִ֣ית	7611	HNcfsc
Jer 6:9	יִשְׂרָאֵ֑ל	3478	HNp
Jer 6:9	הָשֵׁב֙	7725	HVhv2ms
Jer 6:9	יָדְ/ךָ֔	3027	HNcbsc/Sp2ms
Jer 6:9	כְּ/בוֹצֵ֖ר	k/1219	HR/Vqrmsa
Jer 6:9	עַל	5921 a	HR
Jer 6:9	סַלְסִלּֽוֹת	5552	HNcfpa
Jer 6:10	עַל	5921 a	HR
Jer 6:10	מִ֨י	4310	HTi
Jer 6:10	אֲדַבְּרָ֤ה	1696	HVph1cs
Jer 6:10	וְ/אָעִ֨ידָה֙	c/5749 b	HC/Vhh1cs
Jer 6:10	וְ/יִשְׁמָ֔עוּ	c/8085	HC/Vqi3mp
Jer 6:10	הִנֵּה֙	2009	HTm
Jer 6:10	עֲרֵלָ֣ה	6189	HAafsa
Jer 6:10	אָזְנָ֔/ם	241	HNcfsc/Sp3mp
Jer 6:10	וְ/לֹ֥א	c/3808	HC/Tn
Jer 6:10	יוּכְל֖וּ	3201	HVqi3mp
Jer 6:10	לְ/הַקְשִׁ֑יב	l/7181	HR/Vhc
Jer 6:10	הִנֵּ֣ה	2009	HTm
Jer 6:10	דְבַר	1697	HNcmsc
Jer 6:10	יְהוָ֗ה	3068	HNp
Jer 6:10	הָיָ֥ה	1961	HVqp3ms
Jer 6:10	לָ/הֶ֛ם	l	HR/Sp3mp
Jer 6:10	לְ/חֶרְפָּ֖ה	l/2781	HR/Ncfsa
Jer 6:10	לֹ֥א	3808	HTn
Jer 6:10	יַחְפְּצוּ	2654 a	HVqi3mp
Jer 6:10	בֽ/וֹ	b	HR/Sp3ms
Jer 6:11	וְ/אֵת֩	c/853	HC/To
Jer 6:11	חֲמַ֨ת	2534	HNcfsc
Jer 6:11	יְהוָ֤ה	3068	HNp
Jer 6:11	מָלֵ֨אתִי֙	4392	HVqp1cs
Jer 6:11	נִלְאֵ֣יתִי	3811	HVNp1cs
Jer 6:11	הָכִ֔יל	3557	HVhc
Jer 6:11	שְׁפֹ֤ךְ	8210	HVqv2ms
Jer 6:11	עַל	5921 a	HR
Jer 6:11	עוֹלָל֙	5768	HNcmsa
Jer 6:11	בַּ/ח֔וּץ	b/2351	HRd/Ncmsa
Jer 6:11	וְ/עַ֛ל	c/5921 a	HC/R
Jer 6:11	ס֥וֹד	5475	HNcmsc
Jer 6:11	בַּחוּרִ֖ים	970	HNcmpa
Jer 6:11	יַחְדָּ֑ו	3162 b	HD
Jer 6:11	כִּֽי	3588 a	HC
Jer 6:11	גַם	1571	HD
Jer 6:11	אִ֤ישׁ	376	HNcmsa
Jer 6:11	עִם	5973 a	HR
Jer 6:11	אִשָּׁה֙	802	HNcfsa
Jer 6:11	יִלָּכֵ֔דוּ	3920	HVNi3mp
Jer 6:11	זָקֵ֖ן	2205	HAamsa
Jer 6:11	עִם	5973 a	HR
Jer 6:11	מְלֵ֥א	4390	HAamsc
Jer 6:11	יָמִֽים	3117	HNcmpa
Jer 6:12	וְ/נָסַ֤בּוּ	c/5437	HC/VNq3cp
Jer 6:12	בָֽתֵּי/הֶם֙	1004 b	HNcmpc/Sp3mp
Jer 6:12	לַ/אֲחֵרִ֔ים	l/312	HR/Aampa
Jer 6:12	שָׂד֥וֹת	7704 b	HNcmpa
Jer 6:12	וְ/נָשִׁ֖ים	c/802	HC/Ncfpa
Jer 6:12	יַחְדָּ֑ו	3162 b	HD
Jer 6:12	כִּֽי	3588 a	HC
Jer 6:12	אַטֶּ֧ה	5186	HVhi1cs
Jer 6:12	אֶת	853	HTo
Jer 6:12	יָדִ֛/י	3027	HNcbsc/Sp1cs
Jer 6:12	עַל	5921 a	HR
Jer 6:12	יֹשְׁבֵ֥י	3427	HVqrmpc
Jer 6:12	הָ/אָ֖רֶץ	d/776	HTd/Ncbsa
Jer 6:12	נְאֻם	5002	HNcmsc
Jer 6:12	יְהוָֽה	3068	HNp
Jer 6:13	כִּ֤י	3588 a	HC
Jer 6:13	מִ/קְּטַנָּ/ם֙	m/6996 a	HR/Aamsc/Sp3mp
Jer 6:13	וְ/עַד	c/5704	HC/R
Jer 6:13	גְּדוֹלָ֔/ם	1419 a	HAamsc/Sp3mp
Jer 6:13	כֻּלּ֖/וֹ	3605	HNcmsc/Sp3ms
Jer 6:13	בּוֹצֵ֣עַ	1214	HVqrmsa
Jer 6:13	בָּ֑צַע	1215	HNcmsa
Jer 6:13	וּ/מִ/נָּבִיא֙	c/m/5030	HC/R/Ncmsa
Jer 6:13	וְ/עַד	c/5704	HC/R
Jer 6:13	כֹּהֵ֔ן	3548	HNcmsa
Jer 6:13	כֻּלּ֖/וֹ	3605	HNcmsc/Sp3ms
Jer 6:13	עֹ֥שֶׂה	6213 a	HVqrmsa
Jer 6:13	שָּֽׁקֶר	8267	HNcmsa
Jer 6:14	וַֽ/יְרַפְּא֞וּ	c/7495	HC/Vpw3mp
Jer 6:14	אֶת	853	HTo
Jer 6:14	שֶׁ֤בֶר	7667	HNcmsc
Jer 6:14	עַמִּ/י֙	5971 a	HNcmsc/Sp1cs
Jer 6:14	עַל	5921 a	HR
Jer 6:14	נְקַלָּ֔ה	7043	HVNsfsa
Jer 6:14	לֵ/אמֹ֖ר	l/559	HR/Vqc
Jer 6:14	שָׁל֣וֹם	7965	HNcmsa
Jer 6:14	שָׁל֑וֹם	7965	HNcmsa
Jer 6:14	וְ/אֵ֖ין	c/369	HC/Tn
Jer 6:14	שָׁלֽוֹם	7965	HNcmsa
Jer 6:15	הֹבִ֕ישׁוּ	3001	HVhp3cp
Jer 6:15	כִּ֥י	3588 a	HC
Jer 6:15	תוֹעֵבָ֖ה	8441	HNcfsa
Jer 6:15	עָשׂ֑וּ	6213 a	HVqp3cp
Jer 6:15	גַּם	1571	HTa
Jer 6:15	בּ֣וֹשׁ	954	HVqa
Jer 6:15	לֹֽא	3808	HTn
Jer 6:15	יֵב֗וֹשׁוּ	954	HVqi3mp
Jer 6:15	גַּם	1571	HTa
Jer 6:15	הַכְלִים֙	3637	HVhc
Jer 6:15	לֹ֣א	3808	HTn
Jer 6:15	יָדָ֔עוּ	3045	HVqp3cp
Jer 6:15	לָ/כֵ֞ן	l/3651 c	HR/D
Jer 6:15	יִפְּל֧וּ	5307	HVqi3mp
Jer 6:15	בַ/נֹּפְלִ֛ים	b/5307	HRd/Vqrmpa
Jer 6:15	בְּ/עֵת	b/6256	HR/Ncbsc
Jer 6:15	פְּקַדְתִּ֥י/ם	6485 a	HVqp1cs/Sp3mp
Jer 6:15	יִכָּשְׁל֖וּ	3782	HVNi3mp
Jer 6:15	אָמַ֥ר	559	HVqp3ms
Jer 6:15	יְהוָֽה	3068	HNp
Jer 6:16	כֹּ֣ה	3541	HD
Jer 6:16	אָמַ֣ר	559	HVqp3ms
Jer 6:16	יְהוָ֡ה	3068	HNp
Jer 6:16	עִמְדוּ֩	5975	HVqv2mp
Jer 6:16	עַל	5921 a	HR
Jer 6:16	דְּרָכִ֨ים	1870	HNcbpa
Jer 6:16	וּ/רְא֜וּ	c/7200	HC/Vqv2mp
Jer 6:16	וְ/שַׁאֲל֣וּ	c/7592	HC/Vqv2mp
Jer 6:16	לִ/נְתִב֣וֹת	l/5410 b	HR/Ncbpc
Jer 6:16	עוֹלָ֗ם	5769	HNcmsa
Jer 6:16	אֵי	335	HTi
Jer 6:16	זֶ֨ה	2088	HPdxms
Jer 6:16	דֶ֤רֶךְ	1870	HNcbsc
Jer 6:16	הַ/טּוֹב֙	d/2896 a	HTd/Aamsa
Jer 6:16	וּ/לְכוּ	c/3212	HC/Vqv2mp
Jer 6:16	בָ֔/הּ	b	HR/Sp3fs
Jer 6:16	וּ/מִצְא֥וּ	c/4672	HC/Vqv2mp
Jer 6:16	מַרְגּ֖וֹעַ	4771	HNcmsa
Jer 6:16	לְ/נַפְשְׁ/כֶ֑ם	l/5315	HR/Ncbsc/Sp2mp
Jer 6:16	וַ/יֹּאמְר֖וּ	c/559	HC/Vqw3mp
Jer 6:16	לֹ֥א	3808	HTn
Jer 6:16	נֵלֵֽךְ	3212	HVqi1cp
Jer 6:17	וַ/הֲקִמֹתִ֤י	c/6965 b	HC/Vhq1cs
Jer 6:17	עֲלֵי/כֶם֙	5921 a	HR/Sp2mp
Jer 6:17	צֹפִ֔ים	6822	HVqrmpa
Jer 6:17	הַקְשִׁ֖יבוּ	7181	HVhv2mp
Jer 6:17	לְ/ק֣וֹל	l/6963 a	HR/Ncmsc
Jer 6:17	שׁוֹפָ֑ר	7782	HNcmsa
Jer 6:17	וַ/יֹּאמְר֖וּ	c/559	HC/Vqw3mp
Jer 6:17	לֹ֥א	3808	HTn
Jer 6:17	נַקְשִֽׁיב	7181	HVhi1cp
Jer 6:18	לָ/כֵ֖ן	l/3651 c	HR/D
Jer 6:18	שִׁמְע֣וּ	8085	HVqv2mp
Jer 6:18	הַ/גּוֹיִ֑ם	d/1471 a	HTd/Ncmpa
Jer 6:18	וּ/דְעִ֥י	c/3045	HC/Vqv2fs
Jer 6:18	עֵדָ֖ה	5712	HNcfsa
Jer 6:18	אֶת	853	HTo
Jer 6:18	אֲשֶׁר	834 a	HTr
Jer 6:18	בָּֽ/ם	b	HR/Sp3mp
Jer 6:19	שִׁמְעִ֣י	8085	HVqv2fs
Jer 6:19	הָ/אָ֔רֶץ	d/776	HTd/Ncbsa
Jer 6:19	הִנֵּ֨ה	2009	HTm
Jer 6:19	אָנֹכִ֜י	595	HPp1cs
Jer 6:19	מֵבִ֥יא	935	HVhrmsa
Jer 6:19	רָעָ֛ה	7451 c	HNcfsa
Jer 6:19	אֶל	413	HR
Jer 6:19	הָ/עָ֥ם	d/5971 a	HTd/Ncmsa
Jer 6:19	הַ/זֶּ֖ה	d/2088	HTd/Pdxms
Jer 6:19	פְּרִ֣י	6529	HNcmsc
Jer 6:19	מַחְשְׁבוֹתָ֑/ם	4284	HNcfpc/Sp3mp
Jer 6:19	כִּ֤י	3588 a	HC
Jer 6:19	עַל	5921 a	HR
Jer 6:19	דְּבָרַ/י֙	1697	HNcmpc/Sp1cs
Jer 6:19	לֹ֣א	3808	HTn
Jer 6:19	הִקְשִׁ֔יבוּ	7181	HVhp3cp
Jer 6:19	וְ/תוֹרָתִ֖/י	c/8451	HC/Ncfsc/Sp1cs
Jer 6:19	וַ/יִּמְאֲסוּ	c/3988 a	HC/Vqw3mp
Jer 6:19	בָֽ/הּ	b	HR/Sp3fs
Jer 6:20	לָ/מָּה	l/4100	HR/Ti
Jer 6:20	זֶּ֨ה	2088	HPdxms
Jer 6:20	לִ֤/י	l	HR/Sp1cs
Jer 6:20	לְבוֹנָה֙	3828	HNcfsa
Jer 6:20	מִ/שְּׁבָ֣א	m/7614	HR/Np
Jer 6:20	תָב֔וֹא	935	HVqi3fs
Jer 6:20	וְ/קָנֶ֥ה	c/7070	HC/Ncmsa
Jer 6:20	הַ/טּ֖וֹב	d/2896 a	HTd/Aamsa
Jer 6:20	מֵ/אֶ֣רֶץ	m/776	HR/Ncbsc
Jer 6:20	מֶרְחָ֑ק	4801	HNcmsa
Jer 6:20	עֹלֽוֹתֵי/כֶם֙	5930 a	HNcfpc/Sp2mp
Jer 6:20	לֹ֣א	3808	HTn
Jer 6:20	לְ/רָצ֔וֹן	l/7522	HR/Ncmsa
Jer 6:20	וְ/זִבְחֵי/כֶ֖ם	c/2077	HC/Ncmpc/Sp2mp
Jer 6:20	לֹא	3808	HTn
Jer 6:20	עָ֥רְבוּ	6149	HVqp3cp
Jer 6:20	לִֽ/י	l	HR/Sp1cs
Jer 6:21	לָ/כֵ֗ן	l/3651 c	HR/D
Jer 6:21	כֹּ֚ה	3541	HD
Jer 6:21	אָמַ֣ר	559	HVqp3ms
Jer 6:21	יְהוָ֔ה	3068	HNp
Jer 6:21	הִנְ/נִ֥י	2005	HTm/Sp1cs
Jer 6:21	נֹתֵ֛ן	5414	HVqrmsa
Jer 6:21	אֶל	413	HR
Jer 6:21	הָ/עָ֥ם	d/5971 a	HTd/Ncmsa
Jer 6:21	הַ/זֶּ֖ה	d/2088	HTd/Pdxms
Jer 6:21	מִכְשֹׁלִ֑ים	4383	HNcmpa
Jer 6:21	וְ/כָ֣שְׁלוּ	c/3782	HC/Vqq3cp
Jer 6:21	בָ֠/ם	b	HR/Sp3mp
Jer 6:21	אָב֨וֹת	1	HNcmpa
Jer 6:21	וּ/בָנִ֥ים	c/1121 a	HC/Ncmpa
Jer 6:21	יַחְדָּ֛ו	3162 b	HD
Jer 6:21	שָׁכֵ֥ן	7934	HAamsa
Jer 6:21	וְ/רֵע֖/וֹ	c/7453	HC/Ncmsc/Sp3ms
Jer 6:21	יאבדו	6	HVqi3mp
Jer 6:22	כֹּ֚ה	3541	HD
Jer 6:22	אָמַ֣ר	559	HVqp3ms
Jer 6:22	יְהוָ֔ה	3068	HNp
Jer 6:22	הִנֵּ֛ה	2009	HTm
Jer 6:22	עַ֥ם	5971 a	HNcmsa
Jer 6:22	בָּ֖א	935	HVqp3ms
Jer 6:22	מֵ/אֶ֣רֶץ	m/776	HR/Ncbsc
Jer 6:22	צָפ֑וֹן	6828	HNcfsa
Jer 6:22	וְ/ג֣וֹי	c/1471 a	HC/Ncmsa
Jer 6:22	גָּד֔וֹל	1419 a	HAamsa
Jer 6:22	יֵע֖וֹר	5782	HVNi3ms
Jer 6:22	מִ/יַּרְכְּתֵי	m/3411	HR/Ncfdc
Jer 6:22	אָֽרֶץ	776	HNcbsa
Jer 6:23	קֶ֣שֶׁת	7198	HNcfsa
Jer 6:23	וְ/כִיד֞וֹן	c/3591	HC/Ncmsa
Jer 6:23	יַחֲזִ֗יקוּ	2388	HVhi3mp
Jer 6:23	אַכְזָרִ֥י	394	HAamsa
Jer 6:23	הוּא֙	1931	HPp3ms
Jer 6:23	וְ/לֹ֣א	c/3808	HC/Tn
Jer 6:23	יְרַחֵ֔מוּ	7355	HVpi3mp
Jer 6:23	קוֹלָ/ם֙	6963 a	HNcmsc/Sp3mp
Jer 6:23	כַּ/יָּ֣ם	k/3220	HRd/Ncmsa
Jer 6:23	יֶהֱמֶ֔ה	1993	HVqi3ms
Jer 6:23	וְ/עַל	c/5921 a	HC/R
Jer 6:23	סוּסִ֖ים	5483 b	HNcmpa
Jer 6:23	יִרְכָּ֑בוּ	7392	HVqi3mp
Jer 6:23	עָר֗וּךְ	6186 a	HVqsmsa
Jer 6:23	כְּ/אִישׁ֙	k/376	HR/Ncmsa
Jer 6:23	לַ/מִּלְחָמָ֔ה	l/4421	HRd/Ncfsa
Jer 6:23	עָלַ֖יִ/ךְ	5921 a	HR/Sp2fs
Jer 6:23	בַּת	1323	HNcfsc
Jer 6:23	צִיּֽוֹן	6726	HNp
Jer 6:24	שָׁמַ֥עְנוּ	8085	HVqp1cp
Jer 6:24	אֶת	853	HTo
Jer 6:24	שָׁמְע֖/וֹ	8089	HNcmsc/Sp3ms
Jer 6:24	רָפ֣וּ	7503	HVqp3cp
Jer 6:24	יָדֵ֑י/נוּ	3027	HNcbdc/Sp1cp
Jer 6:24	צָרָה֙	6869 b	HNcfsa
Jer 6:24	הֶחֱזִיקַ֔תְ/נוּ	2388	HVhp3fs/Sp1cp
Jer 6:24	חִ֖יל	2427 a	HNcmsa
Jer 6:24	כַּ/יּוֹלֵדָֽה	k/3205	HRd/Vqrfsa
Jer 6:25	אַל	408	HTn
Jer 6:25	תצאי	3318	HVqj2fs
Jer 6:25	הַ/שָּׂדֶ֔ה	d/7704 b	HTd/Ncmsa
Jer 6:25	וּ/בַ/דֶּ֖רֶךְ	c/b/1870	HC/Rd/Ncbsa
Jer 6:25	אַל	408	HTn
Jer 6:25	תלכי	3212	HVqj2fs
Jer 6:25	כִּ֚י	3588 a	HC
Jer 6:25	חֶ֣רֶב	2719	HNcfsa
Jer 6:25	לְ/אֹיֵ֔ב	l/341	HR/Vqrmsa
Jer 6:25	מָג֖וֹר	4032	HNcmsa
Jer 6:25	מִ/סָּבִֽיב	m/5439	HR/Ncbsa
Jer 6:26	בַּת	1323	HNcfsc
Jer 6:26	עַמִּ֤/י	5971 a	HNcmsc/Sp1cs
Jer 6:26	חִגְרִי	2296	HVqv2fs
Jer 6:26	שָׂק֙	8242	HNcmsa
Jer 6:26	וְ/הִתְפַּלְּשִׁ֣י	c/6428	HC/Vtv2fs
Jer 6:26	בָ/אֵ֔פֶר	b/665	HRd/Ncmsa
Jer 6:26	אֵ֤בֶל	60	HNcmsa
Jer 6:26	יָחִיד֙	3173	HAamsa
Jer 6:26	עֲשִׂ֣י	6213 a	HVqv2fs
Jer 6:26	לָ֔/ךְ	l	HR/Sp2fs
Jer 6:26	מִסְפַּ֖ד	4553	HNcmsc
Jer 6:26	תַּמְרוּרִ֑ים	8563	HNcmpa
Jer 6:26	כִּ֣י	3588 a	HC
Jer 6:26	פִתְאֹ֔ם	6597	HD
Jer 6:26	יָבֹ֥א	935	HVqi3ms
Jer 6:26	הַ/שֹּׁדֵ֖ד	d/7703	HTd/Vqrmsa
Jer 6:26	עָלֵֽי/נוּ	5921 a	HR/Sp1cp
Jer 6:27	בָּח֛וֹן	969	HNcmsa
Jer 6:27	נְתַתִּ֥י/ךָ	5414	HVqp1cs/Sp2ms
Jer 6:27	בְ/עַמִּ֖/י	b/5971 a	HR/Ncmsc/Sp1cs
Jer 6:27	מִבְצָ֑ר	4013	HNcmsa
Jer 6:27	וְ/תֵדַ֕ע	c/3045	HC/Vqi2ms
Jer 6:27	וּ/בָחַנְתָּ֖	c/974	HC/Vqq2ms
Jer 6:27	אֶת	853	HTo
Jer 6:27	דַּרְכָּֽ/ם	1870	HNcbsc/Sp3mp
Jer 6:28	כֻּלָּ/ם֙	3605	HNcmsc/Sp3mp
Jer 6:28	סָרֵ֣י	5493	HVqrmsc
Jer 6:28	סֽוֹרְרִ֔ים	5637	HVqrmpa
Jer 6:28	הֹלְכֵ֥י	1980	HVqrmpc
Jer 6:28	רָכִ֖יל	7400	HNcmsa
Jer 6:28	נְחֹ֣שֶׁת	5178 a	HNcfsa
Jer 6:28	וּ/בַרְזֶ֑ל	c/1270	HC/Ncmsa
Jer 6:28	כֻּלָּ֥/ם	3605	HNcmsc/Sp3mp
Jer 6:28	מַשְׁחִיתִ֖ים	7843	HVhrmpa
Jer 6:28	הֵֽמָּה	1992	HPp3mp
Jer 6:29	נָחַ֣ר	2787	HVqp3ms
Jer 6:29	מַפֻּ֔חַ	4647	HNcmsa
Jer 6:29	מ/אשת/ם	m/800	HR/Ncfsc/Sp3mp
Jer 6:29	עֹפָ֑רֶת	5777	HNcfsa
Jer 6:29	לַ/שָּׁוְא֙	l/7723	HRd/Ncmsa
Jer 6:29	צָרַ֣ף	6884	HVqp3ms
Jer 6:29	צָר֔וֹף	6884	HVqa
Jer 6:29	וְ/רָעִ֖ים	c/7451 a	HC/Aampa
Jer 6:29	לֹ֥א	3808	HTn
Jer 6:29	נִתָּֽקוּ	5423	HVNp3cp
Jer 6:30	כֶּ֣סֶף	3701	HNcmsa
Jer 6:30	נִמְאָ֔ס	3988 a	HVNrmsa
Jer 6:30	קָרְא֖וּ	7121	HVqp3cp
Jer 6:30	לָ/הֶ֑ם	l	HR/Sp3mp
Jer 6:30	כִּֽי	3588 a	HC
Jer 6:30	מָאַ֥ס	3988 a	HVqp3ms
Jer 6:30	יְהוָ֖ה	3068	HNp
Jer 6:30	בָּ/הֶֽם	b	HR/Sp3mp
Jer 7:1	הַ/דָּבָר֙	d/1697	HTd/Ncmsa
Jer 7:1	אֲשֶׁ֣ר	834 a	HTr
Jer 7:1	הָיָ֣ה	1961	HVqp3ms
Jer 7:1	אֶֽל	413	HR
Jer 7:1	יִרְמְיָ֔הוּ	3414	HNp
Jer 7:1	מֵ/אֵ֥ת	m/854	HR/R
Jer 7:1	יְהוָ֖ה	3068	HNp
Jer 7:1	לֵ/אמֹֽר	l/559	HR/Vqc
Jer 7:2	עֲמֹ֗ד	5975	HVqv2ms
Jer 7:2	בְּ/שַׁ֨עַר֙	b/8179	HR/Ncmsc
Jer 7:2	בֵּ֣ית	1004 b	HNcmsc
Jer 7:2	יְהוָ֔ה	3068	HNp
Jer 7:2	וְ/קָרָ֣אתָ	c/7121	HC/Vqq2ms
Jer 7:2	שָּׁ֔ם	8033	HD
Jer 7:2	אֶת	853	HTo
Jer 7:2	הַ/דָּבָ֖ר	d/1697	HTd/Ncmsa
Jer 7:2	הַ/זֶּ֑ה	d/2088	HTd/Pdxms
Jer 7:2	וְ/אָמַרְתָּ֞	c/559	HC/Vqq2ms
Jer 7:2	שִׁמְע֣וּ	8085	HVqv2mp
Jer 7:2	דְבַר	1697	HNcmsc
Jer 7:2	יְהוָ֗ה	3068	HNp
Jer 7:2	כָּל	3605	HNcmsc
Jer 7:2	יְהוּדָה֙	3063	HNp
Jer 7:2	הַ/בָּאִים֙	d/935	HTd/Vqrmpa
Jer 7:2	בַּ/שְּׁעָרִ֣ים	b/8179	HRd/Ncmpa
Jer 7:2	הָ/אֵ֔לֶּה	d/428	HTd/Pdxcp
Jer 7:2	לְ/הִֽשְׁתַּחֲוֺ֖ת	l/7812	HR/Vtc
Jer 7:2	לַ/יהוָֽה	l/3068	HR/Np
Jer 7:3	כֹּֽה	3541	HD
Jer 7:3	אָמַ֞ר	559	HVqp3ms
Jer 7:3	יְהוָ֤ה	3068	HNp
Jer 7:3	צְבָאוֹת֙	6635 b	HNcbpa
Jer 7:3	אֱלֹהֵ֣י	430	HNcmpc
Jer 7:3	יִשְׂרָאֵ֔ל	3478	HNp
Jer 7:3	הֵיטִ֥יבוּ	3190	HVhv2mp
Jer 7:3	דַרְכֵי/כֶ֖ם	1870	HNcbpc/Sp2mp
Jer 7:3	וּ/מַֽעַלְלֵי/כֶ֑ם	c/4611	HC/Ncmpc/Sp2mp
Jer 7:3	וַ/אֲשַׁכְּנָ֣ה	c/7931	HC/Vph1cs
Jer 7:3	אֶתְ/כֶ֔ם	853	HTo/Sp2mp
Jer 7:3	בַּ/מָּק֥וֹם	b/4725	HRd/Ncmsa
Jer 7:3	הַ/זֶּֽה	d/2088	HTd/Pdxms
Jer 7:4	אַל	408	HTn
Jer 7:4	תִּבְטְח֣וּ	982	HVqj2mp
Jer 7:4	לָ/כֶ֔ם	l	HR/Sp2mp
Jer 7:4	אֶל	413	HR
Jer 7:4	דִּבְרֵ֥י	1697	HNcmpc
Jer 7:4	הַ/שֶּׁ֖קֶר	d/8267	HTd/Ncmsa
Jer 7:4	לֵ/אמֹ֑ר	l/559	HR/Vqc
Jer 7:4	הֵיכַ֤ל	1964	HNcmsc
Jer 7:4	יְהוָה֙	3068	HNp
Jer 7:4	הֵיכַ֣ל	1964	HNcmsc
Jer 7:4	יְהוָ֔ה	3068	HNp
Jer 7:4	הֵיכַ֥ל	1964	HNcmsc
Jer 7:4	יְהוָ֖ה	3068	HNp
Jer 7:4	הֵֽמָּה	1992	HPp3mp
Jer 7:5	כִּ֤י	3588 b	HC
Jer 7:5	אִם	518 b	HC
Jer 7:5	הֵיטֵיב֙	3190	HVha
Jer 7:5	תֵּיטִ֔יבוּ	3190	HVhi2mp
Jer 7:5	אֶת	853	HTo
Jer 7:5	דַּרְכֵי/כֶ֖ם	1870	HNcbpc/Sp2mp
Jer 7:5	וְ/אֶת	c/853	HC/To
Jer 7:5	מַֽעַלְלֵי/כֶ֑ם	4611	HNcmpc/Sp2mp
Jer 7:5	אִם	518 a	HC
Jer 7:5	עָשׂ֤וֹ	6213 a	HVqa
Jer 7:5	תַֽעֲשׂוּ֙	6213 a	HVqi2mp
Jer 7:5	מִשְׁפָּ֔ט	4941	HNcmsa
Jer 7:5	בֵּ֥ין	996	HR
Jer 7:5	אִ֖ישׁ	376	HNcmsa
Jer 7:5	וּ/בֵ֥ין	c/996	HC/R
Jer 7:5	רֵעֵֽ/הוּ	7453	HNcmsc/Sp3ms
Jer 7:6	גֵּ֣ר	1616	HNcmsa
Jer 7:6	יָת֤וֹם	3490	HNcmsa
Jer 7:6	וְ/אַלְמָנָה֙	c/490	HC/Ncfsa
Jer 7:6	לֹ֣א	3808	HTn
Jer 7:6	תַֽעֲשֹׁ֔קוּ	6231	HVqi2mp
Jer 7:6	וְ/דָ֣ם	c/1818	HC/Ncmsa
Jer 7:6	נָקִ֔י	5355 a	HAamsa
Jer 7:6	אַֽל	408	HTn
Jer 7:6	תִּשְׁפְּכ֖וּ	8210	HVqj2mp
Jer 7:6	בַּ/מָּק֣וֹם	b/4725	HRd/Ncmsa
Jer 7:6	הַ/זֶּ֑ה	d/2088	HTd/Pdxms
Jer 7:6	וְ/אַחֲרֵ֨י	c/310 a	HC/R
Jer 7:6	אֱלֹהִ֧ים	430	HNcmpa
Jer 7:6	אֲחֵרִ֛ים	312	HAampa
Jer 7:6	לֹ֥א	3808	HTn
Jer 7:6	תֵלְכ֖וּ	3212	HVqi2mp
Jer 7:6	לְ/רַ֥ע	l/7451 b	HR/Aamsa
Jer 7:6	לָ/כֶֽם	l	HR/Sp2mp
Jer 7:7	וְ/שִׁכַּנְתִּ֤י	c/7931	HC/Vpq1cs
Jer 7:7	אֶתְ/כֶם֙	853	HTo/Sp2mp
Jer 7:7	בַּ/מָּק֣וֹם	b/4725	HRd/Ncmsa
Jer 7:7	הַ/זֶּ֔ה	d/2088	HTd/Pdxms
Jer 7:7	בָּ/אָ֕רֶץ	b/776	HRd/Ncbsa
Jer 7:7	אֲשֶׁ֥ר	834 a	HTr
Jer 7:7	נָתַ֖תִּי	5414	HVqp1cs
Jer 7:7	לַ/אֲבֽוֹתֵי/כֶ֑ם	l/1	HR/Ncmpc/Sp2mp
Jer 7:7	לְ/מִן	l/4480 a	HR/R
Jer 7:7	עוֹלָ֖ם	5769	HNcmsa
Jer 7:7	וְ/עַד	c/5704	HC/R
Jer 7:7	עוֹלָֽם	5769	HNcmsa
Jer 7:8	הִנֵּ֤ה	2009	HTm
Jer 7:8	אַתֶּם֙	859 d	HPp2mp
Jer 7:8	בֹּטְחִ֣ים	982	HVqrmpa
Jer 7:8	לָ/כֶ֔ם	l	HR/Sp2mp
Jer 7:8	עַל	5921 a	HR
Jer 7:8	דִּבְרֵ֖י	1697	HNcmpc
Jer 7:8	הַ/שָּׁ֑קֶר	d/8267	HTd/Ncmsa
Jer 7:8	לְ/בִלְתִּ֖י	l/1115	HR/C
Jer 7:8	הוֹעִֽיל	3276	HVhc
Jer 7:9	הֲ/גָנֹ֤ב	i/1589	HTi/Vqa
Jer 7:9	רָצֹ֨חַ֙	7523	HVqa
Jer 7:9	וְֽ/נָאֹ֔ף	c/5003	HC/Vqa
Jer 7:9	וְ/הִשָּׁבֵ֥עַ	c/7650	HC/VNa
Jer 7:9	לַ/שֶּׁ֖קֶר	l/8267	HRd/Ncmsa
Jer 7:9	וְ/קַטֵּ֣ר	c/6999 a	HC/Vpa
Jer 7:9	לַ/בָּ֑עַל	l/1168 a	HRd/Np
Jer 7:9	וְ/הָלֹ֗ךְ	c/1980	HC/Vqa
Jer 7:9	אַחֲרֵ֛י	310 a	HR
Jer 7:9	אֱלֹהִ֥ים	430	HNcmpa
Jer 7:9	אֲחֵרִ֖ים	312	HAampa
Jer 7:9	אֲשֶׁ֥ר	834 a	HTr
Jer 7:9	לֹֽא	3808	HTn
Jer 7:9	יְדַעְתֶּֽם	3045	HVqp2mp
Jer 7:10	וּ/בָאתֶ֞ם	c/935	HC/Vqq2mp
Jer 7:10	וַ/עֲמַדְתֶּ֣ם	c/5975	HC/Vqq2mp
Jer 7:10	לְ/פָנַ֗/י	l/6440	HR/Ncbpc/Sp1cs
Jer 7:10	בַּ/בַּ֤יִת	b/1004 b	HRd/Ncmsa
Jer 7:10	הַ/זֶּה֙	d/2088	HTd/Pdxms
Jer 7:10	אֲשֶׁ֣ר	834 a	HTr
Jer 7:10	נִקְרָא	7121	HVNp3ms
Jer 7:10	שְׁמִ֣/י	8034	HNcmsc/Sp1cs
Jer 7:10	עָלָ֔י/ו	5921 a	HR/Sp3ms
Jer 7:10	וַ/אֲמַרְתֶּ֖ם	c/559	HC/Vqq2mp
Jer 7:10	נִצַּ֑לְנוּ	5337	HVNp1cp
Jer 7:10	לְמַ֣עַן	4616	HR
Jer 7:10	עֲשׂ֔וֹת	6213 a	HVqc
Jer 7:10	אֵ֥ת	853	HTo
Jer 7:10	כָּל	3605	HNcmsc
Jer 7:10	הַ/תּוֹעֵב֖וֹת	d/8441	HTd/Ncfpa
Jer 7:10	הָ/אֵֽלֶּה	d/428	HTd/Pdxcp
Jer 7:11	הַ/מְעָרַ֣ת	d/4631	HTi/Ncfsc
Jer 7:11	פָּרִצִ֗ים	6530	HNcmpa
Jer 7:11	הָיָ֨ה	1961	HVqp3ms
Jer 7:11	הַ/בַּ֧יִת	d/1004 b	HTd/Ncmsa
Jer 7:11	הַ/זֶּ֛ה	d/2088	HTd/Pdxms
Jer 7:11	אֲשֶׁר	834 a	HTr
Jer 7:11	נִקְרָֽא	7121	HVNp3ms
Jer 7:11	שְׁמִ֥/י	8034	HNcmsc/Sp1cs
Jer 7:11	עָלָ֖י/ו	5921 a	HR/Sp3ms
Jer 7:11	בְּ/עֵינֵי/כֶ֑ם	b/5869 a	HR/Ncbdc/Sp2mp
Jer 7:11	גַּ֧ם	1571	HTa
Jer 7:11	אָנֹכִ֛י	595	HPp1cs
Jer 7:11	הִנֵּ֥ה	2009	HTm
Jer 7:11	רָאִ֖יתִי	7200	HVqp1cs
Jer 7:11	נְאֻם	5002	HNcmsc
Jer 7:11	יְהוָֽה	3068	HNp
Jer 7:12	כִּ֣י	3588 a	HC
Jer 7:12	לְכוּ	3212	HVqv2mp
Jer 7:12	נָ֗א	4994	HTe
Jer 7:12	אֶל	413	HR
Jer 7:12	מְקוֹמִ/י֙	4725	HNcmsc/Sp1cs
Jer 7:12	אֲשֶׁ֣ר	834 a	HTr
Jer 7:12	בְּ/שִׁיל֔וֹ	b/7887	HR/Np
Jer 7:12	אֲשֶׁ֨ר	834 a	HTr
Jer 7:12	שִׁכַּ֧נְתִּֽי	7931	HVpp1cs
Jer 7:12	שְׁמִ֛/י	8034	HNcmsc/Sp1cs
Jer 7:12	שָׁ֖ם	8033	HD
Jer 7:12	בָּ/רִֽאשׁוֹנָ֑ה	b/7223	HRd/Aafsa
Jer 7:12	וּ/רְאוּ֙	c/7200	HC/Vqv2mp
Jer 7:12	אֵ֣ת	853	HTo
Jer 7:12	אֲשֶׁר	834 a	HTr
Jer 7:12	עָשִׂ֣יתִי	6213 a	HVqp1cs
Jer 7:12	ל֔/וֹ	l	HR/Sp3ms
Jer 7:12	מִ/פְּנֵ֕י	m/6440	HR/Ncbpc
Jer 7:12	רָעַ֖ת	7451 c	HNcfsc
Jer 7:12	עַמִּ֥/י	5971 a	HNcmsc/Sp1cs
Jer 7:12	יִשְׂרָאֵֽל	3478	HNp
Jer 7:13	וְ/עַתָּ֗ה	c/6258	HC/D
Jer 7:13	יַ֧עַן	3282	HC
Jer 7:13	עֲשׂוֹתְ/כֶ֛ם	6213 a	HVqc/Sp2mp
Jer 7:13	אֶת	853	HTo
Jer 7:13	כָּל	3605	HNcmsc
Jer 7:13	הַ/מַּֽעֲשִׂ֥ים	d/4639	HTd/Ncmpa
Jer 7:13	הָ/אֵ֖לֶּה	d/428	HTd/Pdxcp
Jer 7:13	נְאֻם	5002	HNcmsc
Jer 7:13	יְהוָ֑ה	3068	HNp
Jer 7:13	וָ/אֲדַבֵּ֨ר	c/1696	HC/Vpw1cs
Jer 7:13	אֲלֵי/כֶ֜ם	413	HR/Sp2mp
Jer 7:13	הַשְׁכֵּ֤ם	7925	HVha
Jer 7:13	וְ/דַבֵּר֙	c/1696	HC/Vpa
Jer 7:13	וְ/לֹ֣א	c/3808	HC/Tn
Jer 7:13	שְׁמַעְתֶּ֔ם	8085	HVqp2mp
Jer 7:13	וָ/אֶקְרָ֥א	c/7121	HC/Vqw1cs
Jer 7:13	אֶתְ/כֶ֖ם	853	HTo/Sp2mp
Jer 7:13	וְ/לֹ֥א	c/3808	HC/Tn
Jer 7:13	עֲנִיתֶֽם	6030 b	HVqp2mp
Jer 7:14	וְ/עָשִׂ֜יתִי	c/6213 a	HC/Vqq1cs
Jer 7:14	לַ/בַּ֣יִת	l/1004 b	HRd/Ncmsa
Jer 7:14	אֲשֶׁ֧ר	834 a	HTr
Jer 7:14	נִֽקְרָא	7121	HVNp3ms
Jer 7:14	שְׁמִ֣/י	8034	HNcmsc/Sp1cs
Jer 7:14	עָלָ֗י/ו	5921 a	HR/Sp3ms
Jer 7:14	אֲשֶׁ֤ר	834 a	HTr
Jer 7:14	אַתֶּם֙	859 d	HPp2mp
Jer 7:14	בֹּטְחִ֣ים	982	HVqrmpa
Jer 7:14	בּ֔/וֹ	b	HR/Sp3ms
Jer 7:14	וְ/לַ֨/מָּק֔וֹם	c/l/4725	HC/Rd/Ncmsa
Jer 7:14	אֲשֶׁר	834 a	HTr
Jer 7:14	נָתַ֥תִּי	5414	HVqp1cs
Jer 7:14	לָ/כֶ֖ם	l	HR/Sp2mp
Jer 7:14	וְ/לַ/אֲבֽוֹתֵי/כֶ֑ם	c/l/1	HC/R/Ncmpc/Sp2mp
Jer 7:14	כַּ/אֲשֶׁ֥ר	k/834 d	HR/Tr
Jer 7:14	עָשִׂ֖יתִי	6213 a	HVqp1cs
Jer 7:14	לְ/שִׁלֽוֹ	l/7887	HR/Np
Jer 7:15	וְ/הִשְׁלַכְתִּ֥י	c/7993	HC/Vhq1cs
Jer 7:15	אֶתְ/כֶ֖ם	853	HTo/Sp2mp
Jer 7:15	מֵ/עַ֣ל	m/5921 a	HR/R
Jer 7:15	פָּנָ֑/י	6440	HNcbpc/Sp1cs
Jer 7:15	כַּ/אֲשֶׁ֤ר	k/834 d	HR/Tr
Jer 7:15	הִשְׁלַ֨כְתִּי֙	7993	HVhp1cs
Jer 7:15	אֶת	853	HTo
Jer 7:15	כָּל	3605	HNcmsc
Jer 7:15	אֲחֵי/כֶ֔ם	251	HNcmpc/Sp2mp
Jer 7:15	אֵ֖ת	853	HTo
Jer 7:15	כָּל	3605	HNcmsc
Jer 7:15	זֶ֥רַע	2233	HNcmsc
Jer 7:15	אֶפְרָֽיִם	669	HNp
Jer 7:16	וְ/אַתָּ֞ה	c/859 a	HC/Pp2ms
Jer 7:16	אַל	408	HTn
Jer 7:16	תִּתְפַּלֵּ֣ל	6419	HVtj2ms
Jer 7:16	בְּעַד	1157	HR
Jer 7:16	הָ/עָ֣ם	d/5971 a	HTd/Ncmsa
Jer 7:16	הַ/זֶּ֗ה	d/2088	HTd/Pdxms
Jer 7:16	וְ/אַל	c/408	HC/Tn
Jer 7:16	תִּשָּׂ֧א	5375	HVqj2ms
Jer 7:16	בַעֲדָ֛/ם	1157	HR/Sp3mp
Jer 7:16	רִנָּ֥ה	7440	HNcfsa
Jer 7:16	וּ/תְפִלָּ֖ה	c/8605	HC/Ncfsa
Jer 7:16	וְ/אַל	c/408	HC/Tn
Jer 7:16	תִּפְגַּע	6293	HVqj2ms
Jer 7:16	בִּ֑/י	b	HR/Sp1cs
Jer 7:16	כִּי	3588 a	HC
Jer 7:16	אֵינֶ֥/נִּי	369	HTn/Sp1cs
Jer 7:16	שֹׁמֵ֖עַ	8085	HVqrmsa
Jer 7:16	אֹתָֽ/ךְ	853	HTo/Sp2fs
Jer 7:17	הַֽ/אֵינְ/ךָ֣	i/369	HTi/Tn/Sp2ms
Jer 7:17	רֹאֶ֔ה	7200	HVqrmsa
Jer 7:17	מָ֛ה	4100	HTi
Jer 7:17	הֵ֥מָּה	1992	HPp3mp
Jer 7:17	עֹשִׂ֖ים	6213 a	HVqrmpa
Jer 7:17	בְּ/עָרֵ֣י	b/5892 b	HR/Ncfpc
Jer 7:17	יְהוּדָ֑ה	3063	HNp
Jer 7:17	וּ/בְ/חֻצ֖וֹת	c/b/2351	HC/R/Ncmpc
Jer 7:17	יְרוּשָׁלִָֽם	3389	HNp
Jer 7:18	הַ/בָּנִ֞ים	d/1121 a	HTd/Ncmpa
Jer 7:18	מְלַקְּטִ֣ים	3950	HVprmpa
Jer 7:18	עֵצִ֗ים	6086	HNcmpa
Jer 7:18	וְ/הָֽ/אָבוֹת֙	c/d/1	HC/Td/Ncmpa
Jer 7:18	מְבַעֲרִ֣ים	1197 a	HVprmpa
Jer 7:18	אֶת	853	HTo
Jer 7:18	הָ/אֵ֔שׁ	d/784	HTd/Ncbsa
Jer 7:18	וְ/הַ/נָּשִׁ֖ים	c/d/802	HC/Td/Ncfpa
Jer 7:18	לָשׁ֣וֹת	3888	HVqrfpa
Jer 7:18	בָּצֵ֑ק	1217	HNcmsa
Jer 7:18	לַ/עֲשׂ֨וֹת	l/6213 a	HR/Vqc
Jer 7:18	כַּוָּנִ֜ים	3561	HNcmpa
Jer 7:18	לִ/מְלֶ֣כֶת	l/4446	HR/Ncfsc
Jer 7:18	הַ/שָּׁמַ֗יִם	d/8064	HTd/Ncmpa
Jer 7:18	וְ/הַסֵּ֤ךְ	c/5258 a	HC/Vha
Jer 7:18	נְסָכִים֙	5262	HNcmpa
Jer 7:18	לֵ/אלֹהִ֣ים	l/430	HR/Ncmpa
Jer 7:18	אֲחֵרִ֔ים	312	HAampa
Jer 7:18	לְמַ֖עַן	4616	HR
Jer 7:18	הַכְעִסֵֽ/נִי	3707	HVhc/Sp1cs
Jer 7:19	הַ/אֹתִ֛/י	i/853	HTi/To/Sp1cs
Jer 7:19	הֵ֥ם	1992	HPp3mp
Jer 7:19	מַכְעִסִ֖ים	3707	HVhrmpa
Jer 7:19	נְאֻם	5002	HNcmsc
Jer 7:19	יְהוָ֑ה	3068	HNp
Jer 7:19	הֲ/ל֣וֹא	i/3808	HTi/Tn
Jer 7:19	אֹתָ֔/ם	853	HTo/Sp3mp
Jer 7:19	לְמַ֖עַן	4616	HR
Jer 7:19	בֹּ֥שֶׁת	1322	HNcfsc
Jer 7:19	פְּנֵי/הֶֽם	6440	HNcbpc/Sp3mp
Jer 7:20	לָ/כֵ֞ן	l/3651 c	HR/D
Jer 7:20	כֹּה	3541	HD
Jer 7:20	אָמַ֣ר	559	HVqp3ms
Jer 7:20	אֲדֹנָ֣/י	136	HNcmpc/Sp1cs
Jer 7:20	יְהֹוִ֗ה	3069	HNp
Jer 7:20	הִנֵּ֨ה	2009	HTm
Jer 7:20	אַפִּ֤/י	639	HNcmsc/Sp1cs
Jer 7:20	וַֽ/חֲמָתִ/י֙	c/2534	HC/Ncfsc/Sp1cs
Jer 7:20	נִתֶּ֨כֶת֙	5413	HVNsfsa
Jer 7:20	אֶל	413	HR
Jer 7:20	הַ/מָּק֣וֹם	d/4725	HTd/Ncmsa
Jer 7:20	הַ/זֶּ֔ה	d/2088	HTd/Pdxms
Jer 7:20	עַל	5921 a	HR
Jer 7:20	הָֽ/אָדָם֙	d/120	HTd/Ncmsa
Jer 7:20	וְ/עַל	c/5921 a	HC/R
Jer 7:20	הַ/בְּהֵמָ֔ה	d/929	HTd/Ncfsa
Jer 7:20	וְ/עַל	c/5921 a	HC/R
Jer 7:20	עֵ֥ץ	6086	HNcmsc
Jer 7:20	הַ/שָּׂדֶ֖ה	d/7704 b	HTd/Ncmsa
Jer 7:20	וְ/עַל	c/5921 a	HC/R
Jer 7:20	פְּרִ֣י	6529	HNcmsc
Jer 7:20	הָֽ/אֲדָמָ֑ה	d/127	HTd/Ncfsa
Jer 7:20	וּ/בָעֲרָ֖ה	c/1197 a	HC/Vqq3fs
Jer 7:20	וְ/לֹ֥א	c/3808	HC/Tn
Jer 7:20	תִכְבֶּֽה	3518	HVqi3fs
Jer 7:21	כֹּ֥ה	3541	HD
Jer 7:21	אָמַ֛ר	559	HVqp3ms
Jer 7:21	יְהוָ֥ה	3068	HNp
Jer 7:21	צְבָא֖וֹת	6635 b	HNcbpa
Jer 7:21	אֱלֹהֵ֣י	430	HNcmpc
Jer 7:21	יִשְׂרָאֵ֑ל	3478	HNp
Jer 7:21	עֹלוֹתֵי/כֶ֛ם	5930 a	HNcfpc/Sp2mp
Jer 7:21	סְפ֥וּ	5595	HVqv2mp
Jer 7:21	עַל	5921 a	HR
Jer 7:21	זִבְחֵי/כֶ֖ם	2077	HNcmpc/Sp2mp
Jer 7:21	וְ/אִכְל֥וּ	c/398	HC/Vqv2mp
Jer 7:21	בָשָֽׂר	1320	HNcmsa
Jer 7:22	כִּ֠י	3588 a	HC
Jer 7:22	לֹֽא	3808	HTn
Jer 7:22	דִבַּ֤רְתִּי	1696	HVpp1cs
Jer 7:22	אֶת	854	HR
Jer 7:22	אֲבֽוֹתֵי/כֶם֙	1	HNcmpc/Sp2mp
Jer 7:22	וְ/לֹ֣א	c/3808	HC/Tn
Jer 7:22	צִוִּיתִ֔י/ם	6680	HVpp1cs/Sp3mp
Jer 7:22	בְּ/י֛וֹם	b/3117	HR/Ncmsc
Jer 7:22	הוציא	3318	HVhc
Jer 7:22	אוֹתָ֖/ם	853	HTo/Sp3mp
Jer 7:22	מֵ/אֶ֣רֶץ	m/776	HR/Ncbsc
Jer 7:22	מִצְרָ֑יִם	4714	HNp
Jer 7:22	עַל	5921 a	HR
Jer 7:22	דִּבְרֵ֥י	1697	HNcmpc
Jer 7:22	עוֹלָ֖ה	5930 a	HNcfsa
Jer 7:22	וָ/זָֽבַח	c/2077	HC/Ncmsa
Jer 7:23	כִּ֣י	3588 b	HC
Jer 7:23	אִֽם	518 b	HC
Jer 7:23	אֶת	853	HTo
Jer 7:23	הַ/דָּבָ֣ר	d/1697	HTd/Ncmsa
Jer 7:23	הַ֠/זֶּה	d/2088	HTd/Pdxms
Jer 7:23	צִוִּ֨יתִי	6680	HVpp1cs
Jer 7:23	אוֹתָ֤/ם	853	HTo/Sp3mp
Jer 7:23	לֵ/אמֹר֙	l/559	HR/Vqc
Jer 7:23	שִׁמְע֣וּ	8085	HVqv2mp
Jer 7:23	בְ/קוֹלִ֔/י	b/6963 a	HR/Ncmsc/Sp1cs
Jer 7:23	וְ/הָיִ֤יתִי	c/1961	HC/Vqq1cs
Jer 7:23	לָ/כֶם֙	l	HR/Sp2mp
Jer 7:23	לֵֽ/אלֹהִ֔ים	l/430	HR/Ncmpa
Jer 7:23	וְ/אַתֶּ֖ם	c/859 d	HC/Pp2mp
Jer 7:23	תִּֽהְיוּ	1961	HVqi2mp
Jer 7:23	לִ֣/י	l	HR/Sp1cs
Jer 7:23	לְ/עָ֑ם	l/5971 a	HR/Ncmsa
Jer 7:23	וַ/הֲלַכְתֶּ֗ם	c/1980	HC/Vqq2mp
Jer 7:23	בְּ/כָל	b/3605	HR/Ncmsc
Jer 7:23	הַ/דֶּ֨רֶךְ֙	d/1870	HTd/Ncbsa
Jer 7:23	אֲשֶׁ֣ר	834 a	HTr
Jer 7:23	אֲצַוֶּ֣ה	6680	HVpi1cs
Jer 7:23	אֶתְ/כֶ֔ם	853	HTo/Sp2mp
Jer 7:23	לְמַ֖עַן	4616	HR
Jer 7:23	יִיטַ֥ב	3190	HVqi3ms
Jer 7:23	לָ/כֶֽם	l	HR/Sp2mp
Jer 7:24	וְ/לֹ֤א	c/3808	HC/Tn
Jer 7:24	שָֽׁמְעוּ֙	8085	HVqp3cp
Jer 7:24	וְ/לֹֽא	c/3808	HC/Tn
Jer 7:24	הִטּ֣וּ	5186	HVhp3cp
Jer 7:24	אֶת	853	HTo
Jer 7:24	אָזְנָ֔/ם	241	HNcfsc/Sp3mp
Jer 7:24	וַ/יֵּֽלְכוּ֙	c/3212	HC/Vqw3mp
Jer 7:24	בְּ/מֹ֣עֵצ֔וֹת	b/4156	HR/Ncfpa
Jer 7:24	בִּ/שְׁרִר֖וּת	b/8307	HR/Ncfsc
Jer 7:24	לִבָּ֣/ם	3820 a	HNcmsc/Sp3mp
Jer 7:24	הָ/רָ֑ע	d/7451 a	HTd/Aamsa
Jer 7:24	וַ/יִּהְי֥וּ	c/1961	HC/Vqw3mp
Jer 7:24	לְ/אָח֖וֹר	l/268	HR/Ncmsa
Jer 7:24	וְ/לֹ֥א	c/3808	HC/Tn
Jer 7:24	לְ/פָנִֽים	l/6440	HR/Ncbpa
Jer 7:25	לְ/מִן	l/4480 a	HR/R
Jer 7:25	הַ/יּ֗וֹם	d/3117	HTd/Ncmsa
Jer 7:25	אֲשֶׁ֨ר	834 a	HTr
Jer 7:25	יָצְא֤וּ	3318	HVqp3cp
Jer 7:25	אֲבֽוֹתֵי/כֶם֙	1	HNcmpc/Sp2mp
Jer 7:25	מֵ/אֶ֣רֶץ	m/776	HR/Ncbsc
Jer 7:25	מִצְרַ֔יִם	4714	HNp
Jer 7:25	עַ֖ד	5704	HR
Jer 7:25	הַ/יּ֣וֹם	d/3117	HTd/Ncmsa
Jer 7:25	הַ/זֶּ֑ה	d/2088	HTd/Pdxms
Jer 7:25	וָ/אֶשְׁלַ֤ח	c/7971	HC/Vqw1cs
Jer 7:25	אֲלֵי/כֶם֙	413	HR/Sp2mp
Jer 7:25	אֶת	853	HTo
Jer 7:25	כָּל	3605	HNcmsc
Jer 7:25	עֲבָדַ֣/י	5650	HNcmpc/Sp1cs
Jer 7:25	הַ/נְּבִיאִ֔ים	d/5030	HTd/Ncmpa
Jer 7:25	י֖וֹם	3117	HNcmsa
Jer 7:25	הַשְׁכֵּ֥ם	7925	HVha
Jer 7:25	וְ/שָׁלֹֽחַ	c/7971	HC/Vqa
Jer 7:26	וְ/ל֤וֹא	c/3808	HC/Tn
Jer 7:26	שָׁמְעוּ֙	8085	HVqp3cp
Jer 7:26	אֵלַ֔/י	413	HR/Sp1cs
Jer 7:26	וְ/לֹ֥א	c/3808	HC/Tn
Jer 7:26	הִטּ֖וּ	5186	HVhp3cp
Jer 7:26	אֶת	853	HTo
Jer 7:26	אָזְנָ֑/ם	241	HNcfsc/Sp3mp
Jer 7:26	וַ/יַּקְשׁוּ֙	c/7185	HC/Vhw3mp
Jer 7:26	אֶת	853	HTo
Jer 7:26	עָרְפָּ֔/ם	6203	HNcmsc/Sp3mp
Jer 7:26	הֵרֵ֖עוּ	7489 a	HVhp3cp
Jer 7:26	מֵ/אֲבוֹתָֽ/ם	m/1	HR/Ncmpc/Sp3mp
Jer 7:27	וְ/דִבַּרְתָּ֤	c/1696	HC/Vpq2ms
Jer 7:27	אֲלֵי/הֶם֙	413	HR/Sp3mp
Jer 7:27	אֶת	853	HTo
Jer 7:27	כָּל	3605	HNcmsc
Jer 7:27	הַ/דְּבָרִ֣ים	d/1697	HTd/Ncmpa
Jer 7:27	הָ/אֵ֔לֶּה	d/428	HTd/Pdxcp
Jer 7:27	וְ/לֹ֥א	c/3808	HC/Tn
Jer 7:27	יִשְׁמְע֖וּ	8085	HVqi3mp
Jer 7:27	אֵלֶ֑י/ךָ	413	HR/Sp2ms
Jer 7:27	וְ/קָרָ֥אתָ	c/7121	HC/Vqq2ms
Jer 7:27	אֲלֵי/הֶ֖ם	413	HR/Sp3mp
Jer 7:27	וְ/לֹ֥א	c/3808	HC/Tn
Jer 7:27	יַעֲנֽוּ/כָה	6030 b	HVqi3mp/Sp2ms
Jer 7:28	וְ/אָמַרְתָּ֣	c/559	HC/Vqq2ms
Jer 7:28	אֲלֵי/הֶ֗ם	413	HR/Sp3mp
Jer 7:28	זֶ֤ה	2088	HPdxms
Jer 7:28	הַ/גּוֹי֙	d/1471 a	HTd/Ncmsa
Jer 7:28	אֲשֶׁ֣ר	834 a	HTr
Jer 7:28	לֽוֹא	3808	HTn
Jer 7:28	שָׁמְע֗וּ	8085	HVqp3cp
Jer 7:28	בְּ/קוֹל֙	b/6963 a	HR/Ncmsc
Jer 7:28	יְהוָ֣ה	3068	HNp
Jer 7:28	אֱלֹהָ֔י/ו	430	HNcmpc/Sp3ms
Jer 7:28	וְ/לֹ֥א	c/3808	HC/Tn
Jer 7:28	לָקְח֖וּ	3947	HVqp3cp
Jer 7:28	מוּסָ֑ר	4148	HNcmsa
Jer 7:28	אָֽבְדָה֙	6	HVqp3fs
Jer 7:28	הָֽ/אֱמוּנָ֔ה	d/530	HTd/Ncfsa
Jer 7:28	וְ/נִכְרְתָ֖ה	c/3772	HC/VNp3fs
Jer 7:28	מִ/פִּי/הֶֽם	m/6310	HR/Ncmsc/Sp3mp
Jer 7:29	גָּזִּ֤י	1494	HVqv2fs
Jer 7:29	נִזְרֵ/ךְ֙	5145	HNcmsc/Sp2fs
Jer 7:29	וְֽ/הַשְׁלִ֔יכִי	c/7993	HC/Vhv2fs
Jer 7:29	וּ/שְׂאִ֥י	c/5375	HC/Vqv2fs
Jer 7:29	עַל	5921 a	HR
Jer 7:29	שְׁפָיִ֖ם	8205	HNcmpa
Jer 7:29	קִינָ֑ה	7015	HNcfsa
Jer 7:29	כִּ֚י	3588 a	HC
Jer 7:29	מָאַ֣ס	3988 a	HVqp3ms
Jer 7:29	יְהוָ֔ה	3068	HNp
Jer 7:29	וַ/יִּטֹּ֖שׁ	c/5203	HC/Vqw3ms
Jer 7:29	אֶת	853	HTo
Jer 7:29	דּ֥וֹר	1755	HNcmsc
Jer 7:29	עֶבְרָתֽ/וֹ	5678	HNcfsc/Sp3ms
Jer 7:30	כִּֽי	3588 a	HC
Jer 7:30	עָשׂ֨וּ	6213 a	HVqp3cp
Jer 7:30	בְנֵי	1121 a	HNcmpc
Jer 7:30	יְהוּדָ֥ה	3063	HNp
Jer 7:30	הָ/רַ֛ע	d/7451 a	HTd/Aamsa
Jer 7:30	בְּ/עֵינַ֖/י	b/5869 a	HR/Ncbdc/Sp1cs
Jer 7:30	נְאֻום	5002	HNcmsc
Jer 7:30	יְהוָ֑ה	3068	HNp
Jer 7:30	שָׂ֣מוּ	7760 a	HVqp3cp
Jer 7:30	שִׁקּֽוּצֵי/הֶ֗ם	8251	HNcmpc/Sp3mp
Jer 7:30	בַּ/בַּ֛יִת	b/1004 b	HRd/Ncmsa
Jer 7:30	אֲשֶׁר	834 a	HTr
Jer 7:30	נִקְרָא	7121	HVNp3ms
Jer 7:30	שְׁמִ֥/י	8034	HNcmsc/Sp1cs
Jer 7:30	עָלָ֖י/ו	5921 a	HR/Sp3ms
Jer 7:30	לְ/טַמְּאֽ/וֹ	l/2930 a	HR/Vpc/Sp3ms
Jer 7:31	וּ/בָנ֞וּ	c/1129	HC/Vqp3cp
Jer 7:31	בָּמ֣וֹת	1116	HNcfpc
Jer 7:31	הַ/תֹּ֗פֶת	d/8612	HTd/Np
Jer 7:31	אֲשֶׁר֙	834 a	HTr
Jer 7:31	בְּ/גֵ֣יא	b/1516	HR/Ncbsc
Jer 7:31	בֶן	1121 a	HNp
Jer 7:31	הִנֹּ֔ם	2011	HNp
Jer 7:31	לִ/שְׂרֹ֛ף	l/8313	HR/Vqc
Jer 7:31	אֶת	853	HTo
Jer 7:31	בְּנֵי/הֶ֥ם	1323	HNcfpc/Sp3mp
Jer 7:31	וְ/אֶת	c/853	HC/To
Jer 7:31	בְּנֹתֵי/הֶ֖ם	1121 a	HNcmpc/Sp3mp
Jer 7:31	בָּ/אֵ֑שׁ	b/784	HRd/Ncbsa
Jer 7:31	אֲשֶׁר֙	834 a	HTr
Jer 7:31	לֹ֣א	3808	HTn
Jer 7:31	צִוִּ֔יתִי	6680	HVpp1cs
Jer 7:31	וְ/לֹ֥א	c/3808	HC/Tn
Jer 7:31	עָלְתָ֖ה	5927	HVqp3fs
Jer 7:31	עַל	5921 a	HR
Jer 7:31	לִבִּֽ/י	3820 a	HNcmsc/Sp1cs
Jer 7:32	לָ/כֵ֞ן	l/3651 c	HR/D
Jer 7:32	הִנֵּֽה	2009	HTm
Jer 7:32	יָמִ֤ים	3117	HNcmpa
Jer 7:32	בָּאִים֙	935	HVqrmpa
Jer 7:32	נְאֻם	5002	HNcmsc
Jer 7:32	יְהוָ֔ה	3068	HNp
Jer 7:32	וְ/לֹא	c/3808	HC/Tn
Jer 7:32	יֵאָמֵ֨ר	559	HVNi3ms
Jer 7:32	ע֤וֹד	5750	HD
Jer 7:32	הַ/תֹּ֨פֶת֙	d/8612	HTd/Np
Jer 7:32	וְ/גֵ֣יא	c/1516	HC/Ncbsc
Jer 7:32	בֶן	1121 a	HNp
Jer 7:32	הִנֹּ֔ם	2011	HNp
Jer 7:32	כִּ֖י	3588 b	HC
Jer 7:32	אִם	518 b	HC
Jer 7:32	גֵּ֣יא	1516	HNcbsc
Jer 7:32	הַ/הֲרֵגָ֑ה	d/2028	HTd/Ncfsa
Jer 7:32	וְ/קָבְר֥וּ	c/6912	HC/Vqq3cp
Jer 7:32	בְ/תֹ֖פֶת	b/8612	HR/Np
Jer 7:32	מֵ/אֵ֥ין	m/369	HR/Tn
Jer 7:32	מָקֽוֹם	4725	HNcmsa
Jer 7:33	וְֽ/הָ֨יְתָ֜ה	c/1961	HC/Vqq3fs
Jer 7:33	נִבְלַ֨ת	5038	HNcfsc
Jer 7:33	הָ/עָ֤ם	d/5971 a	HTd/Ncmsa
Jer 7:33	הַ/זֶּה֙	d/2088	HTd/Pdxms
Jer 7:33	לְ/מַֽאֲכָ֔ל	l/3978	HR/Ncmsa
Jer 7:33	לְ/ע֥וֹף	l/5775	HR/Ncmsc
Jer 7:33	הַ/שָּׁמַ֖יִם	d/8064	HTd/Ncmpa
Jer 7:33	וּ/לְ/בֶהֱמַ֣ת	c/l/929	HC/R/Ncfsc
Jer 7:33	הָ/אָ֑רֶץ	d/776	HTd/Ncbsa
Jer 7:33	וְ/אֵ֖ין	c/369	HC/Tn
Jer 7:33	מַחֲרִֽיד	2729	HVhrmsa
Jer 7:34	וְ/הִשְׁבַּתִּ֣י	c/7673 a	HC/Vhq1cs
Jer 7:34	מֵ/עָרֵ֣י	m/5892 b	HR/Ncfpc
Jer 7:34	יְהוּדָ֗ה	3063	HNp
Jer 7:34	וּ/מֵֽ/חֻצוֹת֙	c/m/2351	HC/R/Ncmpc
Jer 7:34	יְר֣וּשָׁלִַ֔ם	3389	HNp
Jer 7:34	ק֤וֹל	6963 a	HNcmsc
Jer 7:34	שָׂשׂוֹן֙	8342	HNcmsa
Jer 7:34	וְ/ק֣וֹל	c/6963 a	HC/Ncmsc
Jer 7:34	שִׂמְחָ֔ה	8057	HNcfsa
Jer 7:34	ק֥וֹל	6963 a	HNcmsc
Jer 7:34	חָתָ֖ן	2860	HNcmsa
Jer 7:34	וְ/ק֣וֹל	c/6963 a	HC/Ncmsc
Jer 7:34	כַּלָּ֑ה	3618	HNcfsa
Jer 7:34	כִּ֥י	3588 a	HC
Jer 7:34	לְ/חָרְבָּ֖ה	l/2723	HR/Ncfsa
Jer 7:34	תִּהְיֶ֥ה	1961	HVqi3fs
Jer 7:34	הָ/אָֽרֶץ	d/776	HTd/Ncbsa
Jer 8:1	בָּ/עֵ֣ת	b/6256	HRd/Ncbsa
Jer 8:1	הַ/הִ֣יא	d/1931	HTd/Pp3fs
Jer 8:1	נְאֻם	5002	HNcmsc
Jer 8:1	יְהוָ֡ה	3068	HNp
Jer 8:1	ו/יציאו	c/3318	HC/Vhi3mp
Jer 8:1	אֶת	853	HTo
Jer 8:1	עַצְמ֣וֹת	6106	HNcfpc
Jer 8:1	מַלְכֵֽי	4428	HNcmpc
Jer 8:1	יְהוּדָ֣ה	3063	HNp
Jer 8:1	וְ/אֶת	c/853	HC/To
Jer 8:1	עַצְמוֹת	6106	HNcfpc
Jer 8:1	שָׂרָי/ו֩	8269	HNcmpc/Sp3ms
Jer 8:1	וְ/אֶת	c/853	HC/To
Jer 8:1	עַצְמ֨וֹת	6106	HNcfpc
Jer 8:1	הַ/כֹּהֲנִ֜ים	d/3548	HTd/Ncmpa
Jer 8:1	וְ/אֵ֣ת	c/853	HC/To
Jer 8:1	עַצְמ֣וֹת	6106	HNcfpc
Jer 8:1	הַ/נְּבִיאִ֗ים	d/5030	HTd/Ncmpa
Jer 8:1	וְ/אֵ֛ת	c/853	HC/To
Jer 8:1	עַצְמ֥וֹת	6106	HNcfpc
Jer 8:1	יוֹשְׁבֵֽי	3427	HVqrmpc
Jer 8:1	יְרוּשָׁלִָ֖ם	3389	HNp
Jer 8:1	מִ/קִּבְרֵי/הֶֽם	m/6913	HR/Ncmpc/Sp3mp
Jer 8:2	וּ/שְׁטָחוּ/ם֩	c/7849	HC/Vqq3cp/Sp3mp
Jer 8:2	לַ/שֶּׁ֨מֶשׁ	l/8121	HRd/Ncbsa
Jer 8:2	וְ/לַ/יָּרֵ֜חַ	c/l/3394	HC/Rd/Ncmsa
Jer 8:2	וּ/לְ/כֹ֣ל	c/l/3605	HC/R/Ncmsc
Jer 8:2	צְבָ֣א	6635 a	HNcbsc
Jer 8:2	הַ/שָּׁמַ֗יִם	d/8064	HTd/Ncmpa
Jer 8:2	אֲשֶׁ֨ר	834 a	HTr
Jer 8:2	אֲהֵב֜וּ/ם	157	HVqp3cp/Sp3mp
Jer 8:2	וַ/אֲשֶׁ֤ר	c/834 a	HC/Tr
Jer 8:2	עֲבָדוּ/ם֙	5647	HVqp3cp/Sp3mp
Jer 8:2	וַֽ/אֲשֶׁר֙	c/834 a	HC/Tr
Jer 8:2	הָלְכ֣וּ	1980	HVqp3cp
Jer 8:2	אַֽחֲרֵי/הֶ֔ם	310 a	HR/Sp3mp
Jer 8:2	וַ/אֲשֶׁ֣ר	c/834 a	HC/Tr
Jer 8:2	דְּרָשׁ֔וּ/ם	1875	HVqp3cp/Sp3mp
Jer 8:2	וַ/אֲשֶׁ֥ר	c/834 a	HC/Tr
Jer 8:2	הִֽשְׁתַּחֲו֖וּ	7812	HVvp3cp
Jer 8:2	לָ/הֶ֑ם	l	HR/Sp3mp
Jer 8:2	לֹ֤א	3808	HTn
Jer 8:2	יֵאָֽסְפוּ֙	622	HVNi3mp
Jer 8:2	וְ/לֹ֣א	c/3808	HC/Tn
Jer 8:2	יִקָּבֵ֔רוּ	6912	HVNi3mp
Jer 8:2	לְ/דֹ֛מֶן	l/1828	HR/Ncmsa
Jer 8:2	עַל	5921 a	HR
Jer 8:2	פְּנֵ֥י	6440	HNcbpc
Jer 8:2	הָ/אֲדָמָ֖ה	d/127	HTd/Ncfsa
Jer 8:2	יִֽהְיֽוּ	1961	HVqi3mp
Jer 8:3	וְ/נִבְחַ֥ר	c/977	HC/VNq3ms
Jer 8:3	מָ֨וֶת֙	4194	HNcmsa
Jer 8:3	מֵֽ/חַיִּ֔ים	m/2416 e	HR/Ncmpa
Jer 8:3	לְ/כֹ֗ל	l/3605	HR/Ncmsc
Jer 8:3	הַ/שְּׁאֵרִית֙	d/7611	HTd/Ncfsa
Jer 8:3	הַ/נִּשְׁאָרִ֔ים	d/7604	HTd/VNrmpa
Jer 8:3	מִן	4480 a	HR
Jer 8:3	הַ/מִּשְׁפָּחָ֥ה	d/4940	HTd/Ncfsa
Jer 8:3	הָֽ/רָעָ֖ה	d/7451 a	HTd/Aafsa
Jer 8:3	הַ/זֹּ֑את	d/2063	HTd/Pdxfs
Jer 8:3	בְּ/כָל	b/3605	HR/Ncmsc
Jer 8:3	הַ/מְּקֹמ֤וֹת	d/4725	HTd/Ncmpa
Jer 8:3	הַ/נִּשְׁאָרִים֙	d/7604	HTd/VNrmpa
Jer 8:3	אֲשֶׁ֣ר	834 a	HTr
Jer 8:3	הִדַּחְתִּ֣י/ם	5080	HVhp1cs/Sp3mp
Jer 8:3	שָׁ֔ם	8033	HD
Jer 8:3	נְאֻ֖ם	5002	HNcmsc
Jer 8:3	יְהוָ֥ה	3068	HNp
Jer 8:3	צְבָאֽוֹת	6635 b	HNcbpa
Jer 8:4	וְ/אָמַרְתָּ֣	c/559	HC/Vqq2ms
Jer 8:4	אֲלֵי/הֶ֗ם	413	HR/Sp3mp
Jer 8:4	כֹּ֚ה	3541	HD
Jer 8:4	אָמַ֣ר	559	HVqp3ms
Jer 8:4	יְהוָ֔ה	3068	HNp
Jer 8:4	הֲ/יִפְּל֖וּ	i/5307	HTi/Vqi3mp
Jer 8:4	וְ/לֹ֣א	c/3808	HC/Tn
Jer 8:4	יָק֑וּמוּ	6965 b	HVqi3mp
Jer 8:4	אִם	518 a	HC
Jer 8:4	יָשׁ֖וּב	7725	HVqi3ms
Jer 8:4	וְ/לֹ֥א	c/3808	HC/Tn
Jer 8:4	יָשֽׁוּב	7725	HVqi3ms
Jer 8:5	מַדּ֨וּעַ	4069	HTi
Jer 8:5	שׁוֹבְבָ֜ה	7725	HVop3fs
Jer 8:5	הָ/עָ֥ם	d/5971 a	HTd/Ncmsa
Jer 8:5	הַ/זֶּ֛ה	d/2088	HTd/Pdxms
Jer 8:5	יְרוּשָׁלִַ֖ם	3389	HNp
Jer 8:5	מְשֻׁבָ֣ה	4878	HNcfsa
Jer 8:5	נִצַּ֑חַת	5329	HVNsfsa
Jer 8:5	הֶחֱזִ֨יקוּ֙	2388	HVhp3cp
Jer 8:5	בַּ/תַּרְמִ֔ית	b/8649 b	HRd/Ncfsa
Jer 8:5	מֵאֲנ֖וּ	3985	HVpp3cp
Jer 8:5	לָ/שֽׁוּב	l/7725	HR/Vqc
Jer 8:6	הִקְשַׁ֤בְתִּי	7181	HVhp1cs
Jer 8:6	וָֽ/אֶשְׁמָע֙	c/8085	HC/Vqw1cs
Jer 8:6	לוֹא	3808	HTn
Jer 8:6	כֵ֣ן	3651 a	HAamsa
Jer 8:6	יְדַבֵּ֔רוּ	1696	HVpi3mp
Jer 8:6	אֵ֣ין	369	HTn
Jer 8:6	אִ֗ישׁ	376	HNcmsa
Jer 8:6	נִחָם֙	5162	HVNsmsa
Jer 8:6	עַל	5921 a	HR
Jer 8:6	רָ֣עָת֔/וֹ	7451 c	HNcfsc/Sp3ms
Jer 8:6	לֵ/אמֹ֖ר	l/559	HR/Vqc
Jer 8:6	מֶ֣ה	4100	HTi
Jer 8:6	עָשִׂ֑יתִי	6213 a	HVqp1cs
Jer 8:6	כֻּלֹּ֗/ה	3605	HNcmsc/Sp3ms
Jer 8:6	שָׁ֚ב	7725	HVqrmsa
Jer 8:6	ב/מרצות/ם	b/4794	HR/Ncfpc/Sp3mp
Jer 8:6	כְּ/ס֥וּס	k/5483 b	HR/Ncmsa
Jer 8:6	שׁוֹטֵ֖ף	7857	HVqrmsa
Jer 8:6	בַּ/מִּלְחָמָֽה	b/4421	HRd/Ncfsa
Jer 8:7	גַּם	1571	HTa
Jer 8:7	חֲסִידָ֣ה	2624	HNcfsa
Jer 8:7	בַ/שָּׁמַ֗יִם	b/8064	HRd/Ncmda
Jer 8:7	יָֽדְעָה֙	3045	HVqp3fs
Jer 8:7	מֽוֹעֲדֶ֔י/הָ	4150	HNcmpc/Sp3fs
Jer 8:7	וְ/תֹ֤ר	c/8449	HC/Ncbsa
Jer 8:7	ו/סוס	c/5483 a	HC/Ncmsa
Jer 8:7	וְ/עָג֔וּר	c/5693	HC/Ncmsa
Jer 8:7	שָׁמְר֖וּ	8104	HVqp3cp
Jer 8:7	אֶת	853	HTo
Jer 8:7	עֵ֣ת	6256	HNcbsc
Jer 8:7	בֹּאָ֑/נָה	935	HVqc/Sp3fp
Jer 8:7	וְ/עַמִּ֕/י	c/5971 a	HC/Ncmsc/Sp1cs
Jer 8:7	לֹ֣א	3808	HTn
Jer 8:7	יָֽדְע֔וּ	3045	HVqp3cp
Jer 8:7	אֵ֖ת	853	HTo
Jer 8:7	מִשְׁפַּ֥ט	4941	HNcmsc
Jer 8:7	יְהוָֽה	3068	HNp
Jer 8:8	אֵיכָ֤ה	349 b	HTi
Jer 8:8	תֹֽאמְרוּ֙	559	HVqi2mp
Jer 8:8	חֲכָמִ֣ים	2450	HAampa
Jer 8:8	אֲנַ֔חְנוּ	587	HPp1cp
Jer 8:8	וְ/תוֹרַ֥ת	c/8451	HC/Ncfsc
Jer 8:8	יְהוָ֖ה	3068	HNp
Jer 8:8	אִתָּ֑/נוּ	854	HR/Sp1cp
Jer 8:8	אָכֵן֙	403	HD
Jer 8:8	הִנֵּ֣ה	2009	HTm
Jer 8:8	לַ/שֶּׁ֣קֶר	l/8267	HRd/Ncmsa
Jer 8:8	עָשָׂ֔ה	6213 a	HVqp3ms
Jer 8:8	עֵ֖ט	5842	HNcmsc
Jer 8:8	שֶׁ֥קֶר	8267	HNcmsc
Jer 8:8	סֹפְרִֽים	5608 b	HNcmpa
Jer 8:9	הֹבִ֣ישׁוּ	954	HVhp3cp
Jer 8:9	חֲכָמִ֔ים	2450	HAampa
Jer 8:9	חַ֖תּוּ	2865	HVqp3cp
Jer 8:9	וַ/יִּלָּכֵ֑דוּ	c/3920	HC/VNw3mp
Jer 8:9	הִנֵּ֤ה	2009	HTm
Jer 8:9	בִ/דְבַר	b/1697	HR/Ncmsc
Jer 8:9	יְהוָה֙	3068	HNp
Jer 8:9	מָאָ֔סוּ	3988 a	HVqp3cp
Jer 8:9	וְ/חָכְמַֽת	c/2451	HC/Ncfsc
Jer 8:9	מֶ֖ה	4100	HTi
Jer 8:9	לָ/הֶֽם	l	HR/Sp3mp
Jer 8:10	לָ/כֵן֩	l/3651 c	HR/D
Jer 8:10	אֶתֵּ֨ן	5414	HVqi1cs
Jer 8:10	אֶת	853	HTo
Jer 8:10	נְשֵׁי/הֶ֜ם	802	HNcfpc/Sp3mp
Jer 8:10	לַ/אֲחֵרִ֗ים	l/312	HR/Aampa
Jer 8:10	שְׂדֽוֹתֵי/הֶם֙	7704 b	HNcmpc/Sp3mp
Jer 8:10	לְ/י֣וֹרְשִׁ֔ים	l/3423	HR/Vqrmpa
Jer 8:10	כִּ֤י	3588 a	HC
Jer 8:10	מִ/קָּטֹן֙	m/6996 b	HR/Aamsa
Jer 8:10	וְ/עַד	c/5704	HC/R
Jer 8:10	גָּד֔וֹל	1419 a	HAamsa
Jer 8:10	כֻּלֹּ֖/ה	3605	HNcmsc/Sp3ms
Jer 8:10	בֹּצֵ֣עַ	1214	HVqrmsa
Jer 8:10	בָּ֑צַע	1215	HNcmsa
Jer 8:10	מִ/נָּבִיא֙	m/5030	HR/Ncmsa
Jer 8:10	וְ/עַד	c/5704	HC/R
Jer 8:10	כֹּהֵ֔ן	3548	HNcmsa
Jer 8:10	כֻּלֹּ֖/ה	3605	HNcmsc/Sp3ms
Jer 8:10	עֹ֥שֶׂה	6213 a	HVqrmsa
Jer 8:10	שָּֽׁקֶר	8267	HNcmsa
Jer 8:11	וַ/יְרַפּ֞וּ	c/7495	HC/Vpw3mp
Jer 8:11	אֶת	853	HTo
Jer 8:11	שֶׁ֤בֶר	7667	HNcmsc
Jer 8:11	בַּת	1323	HNcfsc
Jer 8:11	עַמִּ/י֙	5971 a	HNcmsc/Sp1cs
Jer 8:11	עַל	5921 a	HR
Jer 8:11	נְקַלָּ֔ה	7043	HVNsfsa
Jer 8:11	לֵ/אמֹ֖ר	l/559	HR/Vqc
Jer 8:11	שָׁל֣וֹם	7965	HNcmsa
Jer 8:11	שָׁל֑וֹם	7965	HNcmsa
Jer 8:11	וְ/אֵ֖ין	c/369	HC/Tn
Jer 8:11	שָׁלֽוֹם	7965	HNcmsa
Jer 8:12	הֹבִ֕שׁוּ	3001	HVhp3cp
Jer 8:12	כִּ֥י	3588 a	HC
Jer 8:12	תוֹעֵבָ֖ה	8441	HNcfsa
Jer 8:12	עָשׂ֑וּ	6213 a	HVqp3cp
Jer 8:12	גַּם	1571	HTa
Jer 8:12	בּ֣וֹשׁ	954	HVqa
Jer 8:12	לֹֽא	3808	HTn
Jer 8:12	יֵבֹ֗שׁוּ	954	HVqi3mp
Jer 8:12	וְ/הִכָּלֵם֙	c/3637	HC/VNc
Jer 8:12	לֹ֣א	3808	HTn
Jer 8:12	יָדָ֔עוּ	3045	HVqp3cp
Jer 8:12	לָ/כֵ֞ן	l/3651 c	HR/D
Jer 8:12	יִפְּל֣וּ	5307	HVqi3mp
Jer 8:12	בַ/נֹּפְלִ֗ים	b/5307	HRd/Vqrmpa
Jer 8:12	בְּ/עֵ֧ת	b/6256	HR/Ncbsc
Jer 8:12	פְּקֻדָּתָ֛/ם	6486	HNcfsc/Sp3mp
Jer 8:12	יִכָּשְׁל֖וּ	3782	HVNi3mp
Jer 8:12	אָמַ֥ר	559	HVqp3ms
Jer 8:12	יְהוָֽה	3068	HNp
Jer 8:13	אָסֹ֥ף	622	HVqa
Jer 8:13	אֲסִיפֵ֖/ם	5486	HVhi1cs/Sp3mp
Jer 8:13	נְאֻם	5002	HNcmsc
Jer 8:13	יְהֹוָ֑ה	3068	HNp
Jer 8:13	אֵין֩	369	HTn
Jer 8:13	עֲנָבִ֨ים	6025	HNcmpa
Jer 8:13	בַּ/גֶּ֜פֶן	b/1612	HRd/Ncbsa
Jer 8:13	וְ/אֵ֧ין	c/369	HC/Tn
Jer 8:13	תְּאֵנִ֣ים	8384	HNcfpa
Jer 8:13	בַּ/תְּאֵנָ֗ה	b/8384	HRd/Ncfsa
Jer 8:13	וְ/הֶֽ/עָלֶה֙	c/d/5929	HC/Td/Ncmsa
Jer 8:13	נָבֵ֔ל	5034 b	HVqp3ms
Jer 8:13	וָ/אֶתֵּ֥ן	c/5414	HC/Vqw1cs
Jer 8:13	לָ/הֶ֖ם	l	HR/Sp3mp
Jer 8:13	יַעַבְרֽוּ/ם	5674 a	HVqi3mp/Sp3mp
Jer 8:14	עַל	5921 a	HR
Jer 8:14	מָה֙	4100	HTi
Jer 8:14	אֲנַ֣חְנוּ	587	HPp1cp
Jer 8:14	יֹֽשְׁבִ֔ים	3427	HVqrmpa
Jer 8:14	הֵֽאָסְפ֗וּ	622	HVNv2mp
Jer 8:14	וְ/נָב֛וֹא	c/935	HC/Vqh1cp
Jer 8:14	אֶל	413	HR
Jer 8:14	עָרֵ֥י	5892 b	HNcfpc
Jer 8:14	הַ/מִּבְצָ֖ר	d/4013	HTd/Ncmsa
Jer 8:14	וְ/נִדְּמָה	c/1826 a	HC/Vqh1cp
Jer 8:14	שָּׁ֑ם	8033	HD
Jer 8:14	כִּי֩	3588 a	HC
Jer 8:14	יְהוָ֨ה	3068	HNp
Jer 8:14	אֱלֹהֵ֤י/נוּ	430	HNcmpc/Sp1cp
Jer 8:14	הֲדִמָּ֨/נוּ֙	1826 a	HVhp3ms/Sp1cp
Jer 8:14	וַ/יַּשְׁקֵ֣/נוּ	c/8248	HC/Vhw3ms/Sp1cp
Jer 8:14	מֵי	4325	HNcmpc
Jer 8:14	רֹ֔אשׁ	7219	HNcmsa
Jer 8:14	כִּ֥י	3588 a	HC
Jer 8:14	חָטָ֖אנוּ	2398	HVqp1cp
Jer 8:14	לַ/יהוָֽה	l/3068	HR/Np
Jer 8:15	קַוֵּ֥ה	6960 a	HVpv2ms
Jer 8:15	לְ/שָׁל֖וֹם	l/7965	HR/Ncmsa
Jer 8:15	וְ/אֵ֣ין	c/369	HC/Tn
Jer 8:15	ט֑וֹב	2896 b	HAamsa
Jer 8:15	לְ/עֵ֥ת	l/6256	HR/Ncbsc
Jer 8:15	מַרְפֵּ֖ה	4832	HNcmsa
Jer 8:15	וְ/הִנֵּ֥ה	c/2009	HC/Tm
Jer 8:15	בְעָתָֽה	1205	HNcfsa
Jer 8:16	מִ/דָּ֤ן	m/1835	HR/Np
Jer 8:16	נִשְׁמַע֙	8085	HVNp3ms
Jer 8:16	נַחְרַ֣ת	5170 b	HNcfsc
Jer 8:16	סוּסָ֗י/ו	5483 b	HNcmpc/Sp3ms
Jer 8:16	מִ/קּוֹל֙	m/6963 a	HR/Ncmsc
Jer 8:16	מִצְהֲל֣וֹת	4684	HNcfpc
Jer 8:16	אַבִּירָ֔י/ו	47	HAampc/Sp3ms
Jer 8:16	רָעֲשָׁ֖ה	7493	HVqp3fs
Jer 8:16	כָּל	3605	HNcmsc
Jer 8:16	הָ/אָ֑רֶץ	d/776	HTd/Ncbsa
Jer 8:16	וַ/יָּב֗וֹאוּ	c/935	HC/Vqw3mp
Jer 8:16	וַ/יֹּֽאכְלוּ֙	c/398	HC/Vqw3mp
Jer 8:16	אֶ֣רֶץ	776	HNcbsa
Jer 8:16	וּ/מְלוֹאָ֔/הּ	c/4393	HC/Ncmsc/Sp3fs
Jer 8:16	עִ֖יר	5892 b	HNcfsa
Jer 8:16	וְ/יֹ֥שְׁבֵי	c/3427	HC/Vqrmpc
Jer 8:16	בָֽ/הּ	b	HR/Sp3fs
Jer 8:17	כִּי֩	3588 a	HC
Jer 8:17	הִנְ/נִ֨י	2005	HTm/Sp1cs
Jer 8:17	מְשַׁלֵּ֜חַ	7971	HVprmsa
Jer 8:17	בָּ/כֶ֗ם	b	HR/Sp2mp
Jer 8:17	נְחָשִׁים֙	5175	HNcmpa
Jer 8:17	צִפְעֹנִ֔ים	6848 b	HNcmpa
Jer 8:17	אֲשֶׁ֥ר	834 a	HTr
Jer 8:17	אֵין	369	HTn
Jer 8:17	לָ/הֶ֖ם	l	HR/Sp3mp
Jer 8:17	לָ֑חַשׁ	3908	HNcmsa
Jer 8:17	וְ/נִשְּׁכ֥וּ	c/5391 a	HC/Vpq3cp
Jer 8:17	אֶתְ/כֶ֖ם	853	HTo/Sp2mp
Jer 8:17	נְאֻם	5002	HNcmsc
Jer 8:17	יְהוָֽה	3068	HNp
Jer 8:18	מַבְלִ֥יגִיתִ֖/י	4010	HNcfsc/Sp1cs
Jer 8:18	עֲלֵ֣י	5921 a	HR
Jer 8:18	יָג֑וֹן	3015	HNcmsa
Jer 8:18	עָלַ֖/י	5921 a	HR/Sp1cs
Jer 8:18	לִבִּ֥/י	3820 a	HNcmsc/Sp1cs
Jer 8:18	דַוָּֽי	1742	HAamsa
Jer 8:19	הִנֵּה	2009	HTm
Jer 8:19	ק֞וֹל	6963 a	HNcmsc
Jer 8:19	שַֽׁוְעַ֣ת	7775	HNcfsc
Jer 8:19	בַּת	1323	HNcfsc
Jer 8:19	עַמִּ֗/י	5971 a	HNcmsc/Sp1cs
Jer 8:19	מֵ/אֶ֨רֶץ֙	m/776	HR/Ncbsc
Jer 8:19	מַרְחַקִּ֔ים	4801	HNcmpa
Jer 8:19	הַֽ/יהוָה֙	i/3068	HTi/Np
Jer 8:19	אֵ֣ין	369	HTn
Jer 8:19	בְּ/צִיּ֔וֹן	b/6726	HR/Np
Jer 8:19	אִם	518 a	HC
Jer 8:19	מַלְכָּ֖/הּ	4428	HNcmsc/Sp3fs
Jer 8:19	אֵ֣ין	369	HTn
Jer 8:19	בָּ֑/הּ	b	HR/Sp3fs
Jer 8:19	מַדּ֗וּעַ	4069	HTi
Jer 8:19	הִכְעִס֛וּ/נִי	3707	HVhp3cp/Sp1cs
Jer 8:19	בִּ/פְסִלֵי/הֶ֖ם	b/6456	HR/Ncmpc/Sp3mp
Jer 8:19	בְּ/הַבְלֵ֥י	b/1892	HR/Ncmpc
Jer 8:19	נֵכָֽר	5236	HNcmsa
Jer 8:20	עָבַ֥ר	5674 a	HVqp3ms
Jer 8:20	קָצִ֖יר	7105 a	HNcmsa
Jer 8:20	כָּ֣לָה	3615	HVqp3ms
Jer 8:20	קָ֑יִץ	7019	HNcmsa
Jer 8:20	וַ/אֲנַ֖חְנוּ	c/587	HC/Pp1cp
Jer 8:20	ל֥וֹא	3808	HTn
Jer 8:20	נוֹשָֽׁעְנוּ	3467	HVNp1cp
Jer 8:21	עַל	5921 a	HR
Jer 8:21	שֶׁ֥בֶר	7667	HNcmsc
Jer 8:21	בַּת	1323	HNcfsc
Jer 8:21	עַמִּ֖/י	5971 a	HNcmsc/Sp1cs
Jer 8:21	הָשְׁבָּ֑רְתִּי	7665	HVHp1cs
Jer 8:21	קָדַ֕רְתִּי	6937	HVqp1cs
Jer 8:21	שַׁמָּ֖ה	8047	HNcfsa
Jer 8:21	הֶחֱזִקָֽתְ/נִי	2388	HVhp3fs/Sp1cs
Jer 8:22	הַ/צֳרִי֙	d/6875	HTi/Ncmsa
Jer 8:22	אֵ֣ין	369	HTn
Jer 8:22	בְּ/גִלְעָ֔ד	b/1568	HR/Np
Jer 8:22	אִם	518 a	HC
Jer 8:22	רֹפֵ֖א	7495	HVqrmsa
Jer 8:22	אֵ֣ין	369	HTn
Jer 8:22	שָׁ֑ם	8033	HD
Jer 8:22	כִּ֗י	3588 a	HC
Jer 8:22	מַדּ֨וּעַ֙	4069	HTi
Jer 8:22	לֹ֣א	3808	HTn
Jer 8:22	עָֽלְתָ֔ה	5927	HVqp3fs
Jer 8:22	אֲרֻכַ֖ת	724	HNcfsc
Jer 8:22	בַּת	1323	HNcfsc
Jer 8:22	עַמִּֽ/י	5971 a	HNcmsc/Sp1cs
Jer 8:23	מִֽי	4310	HTi
Jer 8:23	יִתֵּ֤ן	5414	HVqi3ms
Jer 8:23	רֹאשִׁ/י֙	7218 a	HNcmsc/Sp1cs
Jer 8:23	מַ֔יִם	4325	HNcmpa
Jer 8:23	וְ/עֵינִ֖/י	c/5869 a	HC/Ncbsc/Sp1cs
Jer 8:23	מְק֣וֹר	4726	HNcmsc
Jer 8:23	דִּמְעָ֑ה	1832	HNcfsa
Jer 8:23	וְ/אֶבְכֶּה֙	c/1058	HC/Vqh1cs
Jer 8:23	יוֹמָ֣ם	3119	HD
Jer 8:23	וָ/לַ֔יְלָה	c/3915	HC/Ncmsa
Jer 8:23	אֵ֖ת	853	HTo
Jer 8:23	חַֽלְלֵ֥י	2491 a	HAampc
Jer 8:23	בַת	1323	HNcfsc
Jer 8:23	עַמִּֽ/י	5971 a	HNcmsc/Sp1cs
Jer 9:1	מִֽי	4310	HTi
Jer 9:1	יִתְּנֵ֣/נִי	5414	HVqi3ms/Sp1cs
Jer 9:1	בַ/מִּדְבָּ֗ר	b/4057 b	HRd/Ncmsa
Jer 9:1	מְלוֹן֙	4411	HNcmsc
Jer 9:1	אֹֽרְחִ֔ים	732	HVqrmpa
Jer 9:1	וְ/אֶֽעֶזְבָה֙	c/5800 a	HC/Vqh1cs
Jer 9:1	אֶת	853	HTo
Jer 9:1	עַמִּ֔/י	5971 a	HNcmsc/Sp1cs
Jer 9:1	וְ/אֵלְכָ֖ה	c/3212	HC/Vqh1cs
Jer 9:1	מֵֽ/אִתָּ֑/ם	m/854	HR/R/Sp3mp
Jer 9:1	כִּ֤י	3588 a	HC
Jer 9:1	כֻלָּ/ם֙	3605	HNcmsc/Sp3mp
Jer 9:1	מְנָ֣אֲפִ֔ים	5003	HVprmpa
Jer 9:1	עֲצֶ֖רֶת	6116	HNcfsc
Jer 9:1	בֹּגְדִֽים	898	HVqrmpa
Jer 9:2	וַֽ/יַּדְרְכ֤וּ	c/1869	HC/Vhw3mp
Jer 9:2	אֶת	853	HTo
Jer 9:2	לְשׁוֹנָ/ם֙	3956	HNcbsc/Sp3mp
Jer 9:2	קַשְׁתָּ֣/ם	7198	HNcfsc/Sp3mp
Jer 9:2	שֶׁ֔קֶר	8267	HNcmsa
Jer 9:2	וְ/לֹ֥א	c/3808	HC/Tn
Jer 9:2	לֶ/אֱמוּנָ֖ה	l/530	HR/Ncfsa
Jer 9:2	גָּבְר֣וּ	1396	HVqp3cp
Jer 9:2	בָ/אָ֑רֶץ	b/776	HRd/Ncbsa
Jer 9:2	כִּי֩	3588 a	HC
Jer 9:2	מֵ/רָעָ֨ה	m/7451 c	HR/Ncfsa
Jer 9:2	אֶל	413	HR
Jer 9:2	רָעָ֧ה	7451 c	HNcfsa
Jer 9:2	יָצָ֛אוּ	3318	HVqp3cp
Jer 9:2	וְ/אֹתִ֥/י	c/853	HC/To/Sp1cs
Jer 9:2	לֹֽא	3808	HTn
Jer 9:2	יָדָ֖עוּ	3045	HVqp3cp
Jer 9:2	נְאֻם	5002	HNcmsc
Jer 9:2	יְהוָֽה	3068	HNp
Jer 9:3	אִ֤ישׁ	376	HNcmsa
Jer 9:3	מֵ/רֵעֵ֨/הוּ֙	m/7453	HR/Ncmsc/Sp3ms
Jer 9:3	הִשָּׁמֵ֔רוּ	8104	HVNv2mp
Jer 9:3	וְ/עַל	c/5921 a	HC/R
Jer 9:3	כָּל	3605	HNcmsc
Jer 9:3	אָ֖ח	251	HNcmsa
Jer 9:3	אַל	408	HTn
Jer 9:3	תִּבְטָ֑חוּ	982	HVqj2mp
Jer 9:3	כִּ֤י	3588 a	HC
Jer 9:3	כָל	3605	HNcmsc
Jer 9:3	אָח֙	251	HNcmsa
Jer 9:3	עָק֣וֹב	6117	HVqa
Jer 9:3	יַעְקֹ֔ב	6117	HVqi3ms
Jer 9:3	וְ/כָל	c/3605	HC/Ncmsc
Jer 9:3	רֵ֖עַ	7453	HNcmsa
Jer 9:3	רָכִ֥יל	7400	HNcmsa
Jer 9:3	יַהֲלֹֽךְ	1980	HVqi3ms
Jer 9:4	וְ/אִ֤ישׁ	c/376	HC/Ncmsa
Jer 9:4	בְּ/רֵעֵ֨/הוּ֙	b/7453	HR/Ncmsc/Sp3ms
Jer 9:4	יְהָתֵ֔לּוּ	2048 b	HVhi3mp
Jer 9:4	וֶ/אֱמֶ֖ת	c/571	HC/Ncfsa
Jer 9:4	לֹ֣א	3808	HTn
Jer 9:4	יְדַבֵּ֑רוּ	1696	HVpi3mp
Jer 9:4	לִמְּד֧וּ	3925	HVpp3cp
Jer 9:4	לְשׁוֹנָ֛/ם	3956	HNcbsc/Sp3mp
Jer 9:4	דַּבֶּר	1696	HVpc
Jer 9:4	שֶׁ֖קֶר	8267	HNcmsa
Jer 9:4	הַעֲוֵ֥ה	5753 b	HVha
Jer 9:4	נִלְאֽוּ	3811	HVNp3cp
Jer 9:5	שִׁבְתְּ/ךָ֖	3427	HVqc/Sp2ms
Jer 9:5	בְּ/ת֣וֹךְ	b/8432	HR/Ncmsc
Jer 9:5	מִרְמָ֑ה	4820	HNcfsa
Jer 9:5	בְּ/מִרְמָ֛ה	b/4820	HR/Ncfsa
Jer 9:5	מֵאֲנ֥וּ	3985	HVpp3cp
Jer 9:5	דַֽעַת	3045	HVqc
Jer 9:5	אוֹתִ֖/י	853	HTo/Sp1cs
Jer 9:5	נְאֻם	5002	HNcmsc
Jer 9:5	יְהוָֽה	3068	HNp
Jer 9:6	לָ/כֵ֗ן	l/3651 c	HR/D
Jer 9:6	כֹּ֤ה	3541	HD
Jer 9:6	אָמַר֙	559	HVqp3ms
Jer 9:6	יְהוָ֣ה	3068	HNp
Jer 9:6	צְבָא֔וֹת	6635 b	HNcbpa
Jer 9:6	הִנְ/נִ֥י	2005	HTm/Sp1cs
Jer 9:6	צוֹרְפָ֖/ם	6884	HVqrmsc/Sp3mp
Jer 9:6	וּ/בְחַנְתִּ֑י/ם	c/974	HC/Vqq1cs/Sp3mp
Jer 9:6	כִּֽי	3588 a	HC
Jer 9:6	אֵ֣יךְ	349 a	HTi
Jer 9:6	אֶעֱשֶׂ֔ה	6213 a	HVqi1cs
Jer 9:6	מִ/פְּנֵ֖י	m/6440	HR/Ncbpc
Jer 9:6	בַּת	1323	HNcfsc
Jer 9:6	עַמִּֽ/י	5971 a	HNcmsc/Sp1cs
Jer 9:7	חֵ֥ץ	2671	HNcmsa
Jer 9:7	שוחט	7819 a	HVqrmsa
Jer 9:7	לְשׁוֹנָ֖/ם	3956	HNcbsc/Sp3mp
Jer 9:7	מִרְמָ֣ה	4820	HNcfsa
Jer 9:7	דִבֵּ֑ר	1696	HVpp3ms
Jer 9:7	בְּ/פִ֗י/ו	b/6310	HR/Ncmsc/Sp3ms
Jer 9:7	שָׁל֤וֹם	7965	HNcmsa
Jer 9:7	אֶת	854	HR
Jer 9:7	רֵעֵ֨/הוּ֙	7453	HNcmsc/Sp3ms
Jer 9:7	יְדַבֵּ֔ר	1696	HVpi3ms
Jer 9:7	וּ/בְ/קִרְבּ֖/וֹ	c/b/7130	HC/R/Ncmsc/Sp3ms
Jer 9:7	יָשִׂ֥ים	7760 a	HVqi3ms
Jer 9:7	אָרְבּֽ/וֹ	696	HNcmsc/Sp3ms
Jer 9:8	הַ/עַל	i/5921 a	HTi/R
Jer 9:8	אֵ֥לֶּה	428	HPdxcp
Jer 9:8	לֹֽא	3808	HTn
Jer 9:8	אֶפְקָד	6485 a	HVqi1cs
Jer 9:8	בָּ֖/ם	b	HR/Sp3mp
Jer 9:8	נְאֻם	5002	HNcmsc
Jer 9:8	יְהוָ֑ה	3068	HNp
Jer 9:8	אִ֚ם	518 a	HC
Jer 9:8	בְּ/ג֣וֹי	b/1471 a	HR/Ncmsa
Jer 9:8	אֲשֶׁר	834 a	HTr
Jer 9:8	כָּ/זֶ֔ה	k/2088	HR/Pdxms
Jer 9:8	לֹ֥א	3808	HTn
Jer 9:8	תִתְנַקֵּ֖ם	5358	HVti3fs
Jer 9:8	נַפְשִֽׁ/י	5315	HNcbsc/Sp1cs
Jer 9:9	עַל	5921 a	HR
Jer 9:9	הֶ֨/הָרִ֜ים	d/2022	HTd/Ncmpa
Jer 9:9	אֶשָּׂ֧א	5375	HVqi1cs
Jer 9:9	בְכִ֣י	1065	HNcmsa
Jer 9:9	וָ/נֶ֗הִי	c/5092	HC/Ncmsa
Jer 9:9	וְ/עַל	c/5921 a	HC/R
Jer 9:9	נְא֤וֹת	4999	HNcfpc
Jer 9:9	מִדְבָּר֙	4057 b	HNcmsa
Jer 9:9	קִינָ֔ה	7015	HNcfsa
Jer 9:9	כִּ֤י	3588 a	HC
Jer 9:9	נִצְּתוּ֙	3341	HVNp3cp
Jer 9:9	מִ/בְּלִי	m/1097	HR/Ncmsc
Jer 9:9	אִ֣ישׁ	376	HNcmsa
Jer 9:9	עֹבֵ֔ר	5674 a	HVqrmsa
Jer 9:9	וְ/לֹ֥א	c/3808	HC/Tn
Jer 9:9	שָׁמְע֖וּ	8085	HVqp3cp
Jer 9:9	ק֣וֹל	6963 a	HNcmsc
Jer 9:9	מִקְנֶ֑ה	4735	HNcmsa
Jer 9:9	מֵ/ע֤וֹף	m/5775	HR/Ncmsc
Jer 9:9	הַ/שָּׁמַ֨יִם֙	d/8064	HTd/Ncmpa
Jer 9:9	וְ/עַד	c/5704	HC/R
Jer 9:9	בְּהֵמָ֔ה	929	HNcfsa
Jer 9:9	נָדְד֖וּ	5074	HVqp3cp
Jer 9:9	הָלָֽכוּ	1980	HVqp3cp
Jer 9:10	וְ/נָתַתִּ֧י	c/5414	HC/Vqq1cs
Jer 9:10	אֶת	853	HTo
Jer 9:10	יְרוּשָׁלִַ֛ם	3389	HNp
Jer 9:10	לְ/גַלִּ֖ים	l/1530	HR/Ncmpa
Jer 9:10	מְע֣וֹן	4583	HNcbsc
Jer 9:10	תַּנִּ֑ים	8577 a	HNcmpa
Jer 9:10	וְ/אֶת	c/853	HC/To
Jer 9:10	עָרֵ֧י	5892 b	HNcfpc
Jer 9:10	יְהוּדָ֛ה	3063	HNp
Jer 9:10	אֶתֵּ֥ן	5414	HVqi1cs
Jer 9:10	שְׁמָמָ֖ה	8077 a	HNcfsa
Jer 9:10	מִ/בְּלִ֖י	m/1097	HR/Ncmsc
Jer 9:10	יוֹשֵֽׁב	3427	HVqrmsa
Jer 9:11	מִֽי	4310	HTi
Jer 9:11	הָ/אִ֤ישׁ	d/376	HTd/Ncmsa
Jer 9:11	הֶֽ/חָכָם֙	d/2450	HTd/Aamsa
Jer 9:11	וְ/יָבֵ֣ן	c/995	HC/Vqj3ms
Jer 9:11	אֶת	853	HTo
Jer 9:11	זֹ֔את	2063	HPdxfs
Jer 9:11	וַ/אֲשֶׁ֨ר	c/834 a	HC/Tr
Jer 9:11	דִּבֶּ֧ר	1696	HVpp3ms
Jer 9:11	פִּֽי	6310	HNcmsc
Jer 9:11	יְהוָ֛ה	3068	HNp
Jer 9:11	אֵלָ֖י/ו	413	HR/Sp3ms
Jer 9:11	וְ/יַגִּדָ֑/הּ	c/5046	HC/Vhi3ms/Sp3fs
Jer 9:11	עַל	5921 a	HR
Jer 9:11	מָה֙	4100	HTi
Jer 9:11	אָבְדָ֣ה	6	HVqp3fs
Jer 9:11	הָ/אָ֔רֶץ	d/776	HTd/Ncbsa
Jer 9:11	נִצְּתָ֥ה	3341	HVNp3fs
Jer 9:11	כַ/מִּדְבָּ֖ר	k/4057 b	HRd/Ncmsa
Jer 9:11	מִ/בְּלִ֖י	m/1097	HR/Ncmsc
Jer 9:11	עֹבֵֽר	5674 a	HVqrmsa
Jer 9:12	וַ/יֹּ֣אמֶר	c/559	HC/Vqw3ms
Jer 9:12	יְהוָ֔ה	3068	HNp
Jer 9:12	עַל	5921 a	HR
Jer 9:12	עָזְבָ/ם֙	5800 a	HVqc/Sp3mp
Jer 9:12	אֶת	853	HTo
Jer 9:12	תּ֣וֹרָתִ֔/י	8451	HNcfsc/Sp1cs
Jer 9:12	אֲשֶׁ֥ר	834 a	HTr
Jer 9:12	נָתַ֖תִּי	5414	HVqp1cs
Jer 9:12	לִ/פְנֵי/הֶ֑ם	l/6440	HR/Ncbpc/Sp3mp
Jer 9:12	וְ/לֹא	c/3808	HC/Tn
Jer 9:12	שָׁמְע֥וּ	8085	HVqp3cp
Jer 9:12	בְ/קוֹלִ֖/י	b/6963 a	HR/Ncmsc/Sp1cs
Jer 9:12	וְ/לֹא	c/3808	HC/Tn
Jer 9:12	הָ֥לְכוּ	1980	HVqp3cp
Jer 9:12	בָֽ/הּ	b	HR/Sp3fs
Jer 9:13	וַ/יֵּ֣לְכ֔וּ	c/3212	HC/Vqw3mp
Jer 9:13	אַחֲרֵ֖י	310 a	HR
Jer 9:13	שְׁרִר֣וּת	8307	HNcfsc
Jer 9:13	לִבָּ֑/ם	3820 a	HNcmsc/Sp3mp
Jer 9:13	וְ/אַחֲרֵי֙	c/310 a	HC/R
Jer 9:13	הַ/בְּעָלִ֔ים	d/1168 a	HTd/Np
Jer 9:13	אֲשֶׁ֥ר	834 a	HTr
Jer 9:13	לִמְּד֖וּ/ם	3925	HVpp3cp/Sp3mp
Jer 9:13	אֲבוֹתָֽ/ם	1	HNcmpc/Sp3mp
Jer 9:14	לָ/כֵ֗ן	l/3651 c	HR/D
Jer 9:14	כֹּֽה	3541	HD
Jer 9:14	אָמַ֞ר	559	HVqp3ms
Jer 9:14	יְהוָ֤ה	3068	HNp
Jer 9:14	צְבָאוֹת֙	6635 b	HNcbpa
Jer 9:14	אֱלֹהֵ֣י	430	HNcmpc
Jer 9:14	יִשְׂרָאֵ֔ל	3478	HNp
Jer 9:14	הִנְ/נִ֧י	2005	HTm/Sp1cs
Jer 9:14	מַאֲכִילָ֛/ם	398	HVhrmsc/Sp3mp
Jer 9:14	אֶת	853	HTo
Jer 9:14	הָ/עָ֥ם	d/5971 a	HTd/Ncmsa
Jer 9:14	הַ/זֶּ֖ה	d/2088	HTd/Pdxms
Jer 9:14	לַֽעֲנָ֑ה	3939	HNcfsa
Jer 9:14	וְ/הִשְׁקִיתִ֖י/ם	c/8248	HC/Vhq1cs/Sp3mp
Jer 9:14	מֵי	4325	HNcmpc
Jer 9:14	רֹֽאשׁ	7219	HNcmsa
Jer 9:15	וַ/הֲפִֽצוֹתִי/ם֙	c/6327 a	HC/Vhq1cs/Sp3mp
Jer 9:15	בַּ/גּוֹיִ֔ם	b/1471 a	HRd/Ncmpa
Jer 9:15	אֲשֶׁר֙	834 a	HTr
Jer 9:15	לֹ֣א	3808	HTn
Jer 9:15	יָֽדְע֔וּ	3045	HVqp3cp
Jer 9:15	הֵ֖מָּה	1992	HPp3mp
Jer 9:15	וַֽ/אֲבוֹתָ֑/ם	c/1	HC/Ncmpc/Sp3mp
Jer 9:15	וְ/שִׁלַּחְתִּ֤י	c/7971	HC/Vpq1cs
Jer 9:15	אַֽחֲרֵי/הֶם֙	310 a	HR/Sp3mp
Jer 9:15	אֶת	853	HTo
Jer 9:15	הַ/חֶ֔רֶב	d/2719	HTd/Ncfsa
Jer 9:15	עַ֥ד	5704	HR
Jer 9:15	כַּלּוֹתִ֖/י	3615	HVpc/Sp1cs
Jer 9:15	אוֹתָֽ/ם	853	HTo/Sp3mp
Jer 9:16	כֹּ֤ה	3541	HD
Jer 9:16	אָמַר֙	559	HVqp3ms
Jer 9:16	יְהוָ֣ה	3068	HNp
Jer 9:16	צְבָא֔וֹת	6635 b	HNcbpa
Jer 9:16	הִתְבּֽוֹנְנ֛וּ	995	HVrv2mp
Jer 9:16	וְ/קִרְא֥וּ	c/7121	HC/Vqv2mp
Jer 9:16	לַ/מְקוֹנְנ֖וֹת	l/6969	HRd/Vorfpa
Jer 9:16	וּ/תְבוֹאֶ֑ינָה	c/935	HC/Vqi3fp
Jer 9:16	וְ/אֶל	c/413	HC/R
Jer 9:16	הַ/חֲכָמ֥וֹת	d/2450	HTd/Aafpa
Jer 9:16	שִׁלְח֖וּ	7971	HVqv2mp
Jer 9:16	וְ/תָבֽוֹאנָה	c/935	HC/Vqi3fp
Jer 9:17	וּ/תְמַהֵ֕רְנָה	c/4116 a	HC/Vpi3fp
Jer 9:17	וְ/תִשֶּׂ֥נָה	c/5375	HC/Vqi3fp
Jer 9:17	עָלֵ֖י/נוּ	5921 a	HR/Sp1cp
Jer 9:17	נֶ֑הִי	5092	HNcmsa
Jer 9:17	וְ/תֵרַ֤דְנָה	c/3381	HC/Vqi3fp
Jer 9:17	עֵינֵ֨י/נוּ֙	5869 a	HNcbdc/Sp1cp
Jer 9:17	דִּמְעָ֔ה	1832	HNcfsa
Jer 9:17	וְ/עַפְעַפֵּ֖י/נוּ	c/6079	HC/Ncmdc/Sp1cp
Jer 9:17	יִזְּלוּ	5140	HVqi3mp
Jer 9:17	מָֽיִם	4325	HNcmpa
Jer 9:18	כִּ֣י	3588 a	HC
Jer 9:18	ק֥וֹל	6963 a	HNcmsc
Jer 9:18	נְהִ֛י	5092	HNcmsa
Jer 9:18	נִשְׁמַ֥ע	8085	HVNp3ms
Jer 9:18	מִ/צִּיּ֖וֹן	m/6726	HR/Np
Jer 9:18	אֵ֣יךְ	349 a	HTi
Jer 9:18	שֻׁדָּ֑דְנוּ	7703	HVPp1cp
Jer 9:18	בֹּ֤שְׁנֽוּ	954	HVqp1cp
Jer 9:18	מְאֹד֙	3966	HD
Jer 9:18	כִּֽי	3588 a	HC
Jer 9:18	עָזַ֣בְנוּ	5800 a	HVqp1cp
Jer 9:18	אָ֔רֶץ	776	HNcbsa
Jer 9:18	כִּ֥י	3588 a	HC
Jer 9:18	הִשְׁלִ֖יכוּ	7993	HVhp3cp
Jer 9:18	מִשְׁכְּנוֹתֵֽי/נוּ	4908	HNcmpc/Sp1cp
Jer 9:19	כִּֽי	3588 a	HC
Jer 9:19	שְׁמַ֤עְנָה	8085	HVqv2fp
Jer 9:19	נָשִׁים֙	802	HNcfpa
Jer 9:19	דְּבַר	1697	HNcmsc
Jer 9:19	יְהוָ֔ה	3068	HNp
Jer 9:19	וְ/תִקַּ֥ח	c/3947	HC/Vqi3fs
Jer 9:19	אָזְנְ/כֶ֖ם	241	HNcfsc/Sp2mp
Jer 9:19	דְּבַר	1697	HNcmsc
Jer 9:19	פִּ֑י/ו	6310	HNcmsc/Sp3ms
Jer 9:19	וְ/לַמֵּ֤דְנָה	c/3925	HC/Vpv2fp
Jer 9:19	בְנֽוֹתֵי/כֶם֙	1323	HNcfpc/Sp2mp
Jer 9:19	נֶ֔הִי	5092	HNcmsa
Jer 9:19	וְ/אִשָּׁ֥ה	c/802	HC/Ncfsa
Jer 9:19	רְעוּתָ֖/הּ	7468	HNcfsc/Sp3fs
Jer 9:19	קִינָֽה	7015	HNcfsa
Jer 9:20	כִּֽי	3588 a	HC
Jer 9:20	עָ֤לָה	5927	HVqp3ms
Jer 9:20	מָ֨וֶת֙	4194	HNcmsa
Jer 9:20	בְּ/חַלּוֹנֵ֔י/נוּ	b/2474	HR/Ncbpc/Sp1cp
Jer 9:20	בָּ֖א	935	HVqp3ms
Jer 9:20	בְּ/אַרְמְנוֹתֵ֑י/נוּ	b/759	HR/Ncmpc/Sp1cp
Jer 9:20	לְ/הַכְרִ֤ית	l/3772	HR/Vhc
Jer 9:20	עוֹלָל֙	5768	HNcmsa
Jer 9:20	מִ/ח֔וּץ	m/2351	HR/Ncmsa
Jer 9:20	בַּחוּרִ֖ים	970	HNcmpa
Jer 9:20	מֵ/רְחֹבֽוֹת	m/7339	HR/Ncfpa
Jer 9:21	דַּבֵּ֗ר	1696	HVpv2ms
Jer 9:21	כֹּ֚ה	3541	HD
Jer 9:21	נְאֻם	5002	HNcmsc
Jer 9:21	יְהוָ֔ה	3068	HNp
Jer 9:21	וְ/נָֽפְלָה֙	c/5307	HC/Vqq3fs
Jer 9:21	נִבְלַ֣ת	5038	HNcfsc
Jer 9:21	הָֽ/אָדָ֔ם	d/120	HTd/Ncmsa
Jer 9:21	כְּ/דֹ֖מֶן	k/1828	HR/Ncmsa
Jer 9:21	עַל	5921 a	HR
Jer 9:21	פְּנֵ֣י	6440	HNcbpc
Jer 9:21	הַ/שָּׂדֶ֑ה	d/7704 b	HTd/Ncmsa
Jer 9:21	וּ/כְ/עָמִ֛יר	c/k/5995	HC/R/Ncmsa
Jer 9:21	מֵ/אַחֲרֵ֥י	m/310 a	HR/R
Jer 9:21	הַ/קֹּצֵ֖ר	d/7114 b	HTd/Vqrmsa
Jer 9:21	וְ/אֵ֥ין	c/369	HC/Tn
Jer 9:21	מְאַסֵּֽף	622	HVprmsa
Jer 9:22	כֹּ֣ה	3541	HD
Jer 9:22	אָמַ֣ר	559	HVqp3ms
Jer 9:22	יְהוָ֗ה	3068	HNp
Jer 9:22	אַל	408	HTn
Jer 9:22	יִתְהַלֵּ֤ל	1984 b	HVtj3ms
Jer 9:22	חָכָם֙	2450	HAamsa
Jer 9:22	בְּ/חָכְמָת֔/וֹ	b/2451	HR/Ncfsc/Sp3ms
Jer 9:22	וְ/אַל	c/408	HC/Tn
Jer 9:22	יִתְהַלֵּ֥ל	1984 b	HVtj3ms
Jer 9:22	הַ/גִּבּ֖וֹר	d/1368	HTd/Aamsa
Jer 9:22	בִּ/גְבֽוּרָת֑/וֹ	b/1369	HR/Ncfsc/Sp3ms
Jer 9:22	אַל	408	HTn
Jer 9:22	יִתְהַלֵּ֥ל	1984 b	HVtj3ms
Jer 9:22	עָשִׁ֖יר	6223	HAamsa
Jer 9:22	בְּ/עָשְׁרֽ/וֹ	b/6239	HR/Ncmsc/Sp3ms
Jer 9:23	כִּ֣י	3588 b	HC
Jer 9:23	אִם	518 b	HC
Jer 9:23	בְּ/זֹ֞את	b/2063	HR/Pdxfs
Jer 9:23	יִתְהַלֵּ֣ל	1984 b	HVti3ms
Jer 9:23	הַ/מִּתְהַלֵּ֗ל	d/1984 b	HTd/Vtrmsa
Jer 9:23	הַשְׂכֵּל֮	7919 a	HVha
Jer 9:23	וְ/יָדֹ֣עַ	c/3045	HC/Vqa
Jer 9:23	אוֹתִ/י֒	853	HTo/Sp1cs
Jer 9:23	כִּ֚י	3588 a	HC
Jer 9:23	אֲנִ֣י	589	HPp1cs
Jer 9:23	יְהוָ֔ה	3068	HNp
Jer 9:23	עֹ֥שֶׂה	6213 a	HVqrmsa
Jer 9:23	חֶ֛סֶד	2617 a	HNcmsa
Jer 9:23	מִשְׁפָּ֥ט	4941	HNcmsa
Jer 9:23	וּ/צְדָקָ֖ה	c/6666	HC/Ncfsa
Jer 9:23	בָּ/אָ֑רֶץ	b/776	HRd/Ncbsa
Jer 9:23	כִּֽי	3588 a	HC
Jer 9:23	בְ/אֵ֥לֶּה	b/428	HR/Pdxcp
Jer 9:23	חָפַ֖צְתִּי	2654 a	HVqp1cs
Jer 9:23	נְאֻם	5002	HNcmsc
Jer 9:23	יְהוָֽה	3068	HNp
Jer 9:24	הִנֵּ֛ה	2009	HTm
Jer 9:24	יָמִ֥ים	3117	HNcmpa
Jer 9:24	בָּאִ֖ים	935	HVqrmpa
Jer 9:24	נְאֻם	5002	HNcmsc
Jer 9:24	יְהוָ֑ה	3068	HNp
Jer 9:24	וּ/פָ֣קַדְתִּ֔י	c/6485 a	HC/Vqq1cs
Jer 9:24	עַל	5921 a	HR
Jer 9:24	כָּל	3605	HNcmsc
Jer 9:24	מ֖וּל	4135 a	HR
Jer 9:24	בְּ/עָרְלָֽה	b/6190	HR/Ncfsa
Jer 9:25	עַל	5921 a	HR
Jer 9:25	מִצְרַ֣יִם	4714	HNp
Jer 9:25	וְ/עַל	c/5921 a	HC/R
Jer 9:25	יְהוּדָ֗ה	3063	HNp
Jer 9:25	וְ/עַל	c/5921 a	HC/R
Jer 9:25	אֱד֞וֹם	123	HNp
Jer 9:25	וְ/עַל	c/5921 a	HC/R
Jer 9:25	בְּנֵ֤י	1121 a	HNcmpc
Jer 9:25	עַמּוֹן֙	5983	HNp
Jer 9:25	וְ/עַל	c/5921 a	HC/R
Jer 9:25	מוֹאָ֔ב	4124	HNp
Jer 9:25	וְ/עַל֙	c/5921 a	HC/R
Jer 9:25	כָּל	3605	HNcmsc
Jer 9:25	קְצוּצֵ֣י	7112	HVqsmpc
Jer 9:25	פֵאָ֔ה	6285	HNcfsa
Jer 9:25	הַ/יֹּשְׁבִ֖ים	d/3427	HTd/Vqrmpa
Jer 9:25	בַּ/מִּדְבָּ֑ר	b/4057 b	HRd/Ncmsa
Jer 9:25	כִּ֤י	3588 a	HC
Jer 9:25	כָל	3605	HNcmsc
Jer 9:25	הַ/גּוֹיִם֙	d/1471 a	HTd/Ncmpa
Jer 9:25	עֲרֵלִ֔ים	6189	HAampa
Jer 9:25	וְ/כָל	c/3605	HC/Ncmsc
Jer 9:25	בֵּ֥ית	1004 b	HNcmsc
Jer 9:25	יִשְׂרָאֵ֖ל	3478	HNp
Jer 9:25	עַרְלֵי	6189	HAampc
Jer 9:25	לֵֽב	3820 a	HNcmsa
Jer 10:1	שִׁמְע֣וּ	8085	HVqv2mp
Jer 10:1	אֶת	853	HTo
Jer 10:1	הַ/דָּבָ֗ר	d/1697	HTd/Ncmsa
Jer 10:1	אֲשֶׁ֨ר	834 a	HTr
Jer 10:1	דִּבֶּ֧ר	1696	HVpp3ms
Jer 10:1	יְהוָ֛ה	3068	HNp
Jer 10:1	עֲלֵי/כֶ֖ם	5921 a	HR/Sp2mp
Jer 10:1	בֵּ֥ית	1004 b	HNcmsc
Jer 10:1	יִשְׂרָאֵֽל	3478	HNp
Jer 10:2	כֹּ֣ה	3541	HD
Jer 10:2	אָמַ֣ר	559	HVqp3ms
Jer 10:2	יְהוָ֗ה	3068	HNp
Jer 10:2	אֶל	413	HR
Jer 10:2	דֶּ֤רֶךְ	1870	HNcbsc
Jer 10:2	הַ/גּוֹיִם֙	d/1471 a	HTd/Ncmpa
Jer 10:2	אַל	408	HTn
Jer 10:2	תִּלְמָ֔דוּ	3925	HVqj2mp
Jer 10:2	וּ/מֵ/אֹת֥וֹת	c/m/226	HC/R/Ncbpc
Jer 10:2	הַ/שָּׁמַ֖יִם	d/8064	HTd/Ncmpa
Jer 10:2	אַל	408	HTn
Jer 10:2	תֵּחָ֑תּוּ	2865	HVNj2mp
Jer 10:2	כִּֽי	3588 a	HC
Jer 10:2	יֵחַ֥תּוּ	2865	HVqi3mp
Jer 10:2	הַ/גּוֹיִ֖ם	d/1471 a	HTd/Ncmpa
Jer 10:2	מֵ/הֵֽמָּה	m/1992	HR/Pp3mp
Jer 10:3	כִּֽי	3588 a	HC
Jer 10:3	חֻקּ֥וֹת	2708	HNcbpc
Jer 10:3	הָֽ/עַמִּ֖ים	d/5971 a	HTd/Ncmpa
Jer 10:3	הֶ֣בֶל	1892	HNcmsa
Jer 10:3	ה֑וּא	1931	HPp3ms
Jer 10:3	כִּֽי	3588 a	HC
Jer 10:3	עֵץ֙	6086	HNcmsa
Jer 10:3	מִ/יַּ֣עַר	m/3293 a	HR/Ncmsa
Jer 10:3	כְּרָת֔/וֹ	3772	HVqp3ms/Sp3ms
Jer 10:3	מַעֲשֵׂ֥ה	4639	HNcmsc
Jer 10:3	יְדֵ֥י	3027	HNcbdc
Jer 10:3	חָרָ֖שׁ	2796	HNcmsa
Jer 10:3	בַּֽ/מַּעֲצָֽד	b/4621	HRd/Ncmsa
Jer 10:4	בְּ/כֶ֥סֶף	b/3701	HR/Ncmsa
Jer 10:4	וּ/בְ/זָהָ֖ב	c/b/2091	HC/R/Ncmsa
Jer 10:4	יְיַפֵּ֑/הוּ	3302	HVpi3ms/Sp3ms
Jer 10:4	בְּ/מַסְמְר֧וֹת	b/4548	HR/Ncbpa
Jer 10:4	וּ/בְ/מַקָּב֛וֹת	c/b/4717	HC/R/Ncfpa
Jer 10:4	יְחַזְּק֖וּ/ם	2388	HVpi3mp/Sp3mp
Jer 10:4	וְ/ל֥וֹא	c/3808	HC/Tn
Jer 10:4	יָפִֽיק	6328	HVhi3ms
Jer 10:5	כְּ/תֹ֨מֶר	k/8560	HR/Ncmsc
Jer 10:5	מִקְשָׁ֥ה	4749	HNcfsa
Jer 10:5	הֵ֨מָּה֙	1992	HPp3mp
Jer 10:5	וְ/לֹ֣א	c/3808	HC/Tn
Jer 10:5	יְדַבֵּ֔רוּ	1696	HVpi3mp
Jer 10:5	נָשׂ֥וֹא	5375	HVqa
Jer 10:5	יִנָּשׂ֖וּא	5375	HVNi3mp
Jer 10:5	כִּ֣י	3588 a	HC
Jer 10:5	לֹ֣א	3808	HTn
Jer 10:5	יִצְעָ֑דוּ	6805	HVqi3mp
Jer 10:5	אַל	408	HTn
Jer 10:5	תִּֽירְא֤וּ	3372	HVqj2mp
Jer 10:5	מֵ/הֶם֙	m	HR/Sp3mp
Jer 10:5	כִּי	3588 a	HC
Jer 10:5	לֹ֣א	3808	HTn
Jer 10:5	יָרֵ֔עוּ	7489 a	HVhi3mp
Jer 10:5	וְ/גַם	c/1571	HC/Ta
Jer 10:5	הֵיטֵ֖יב	3190	HVha
Jer 10:5	אֵ֥ין	369	HTn
Jer 10:5	אוֹתָֽ/ם	853	HTo/Sp3mp
Jer 10:6	מֵ/אֵ֥ין	m/369	HR/Tn
Jer 10:6	כָּמ֖וֹ/ךָ	3644	HR/Sp2ms
Jer 10:6	יְהוָ֑ה	3068	HNp
Jer 10:6	גָּד֥וֹל	1419 a	HAamsa
Jer 10:6	אַתָּ֛ה	859 a	HPp2ms
Jer 10:6	וְ/גָד֥וֹל	c/1419 a	HC/Aamsa
Jer 10:6	שִׁמְ/ךָ֖	8034	HNcmsc/Sp2ms
Jer 10:6	בִּ/גְבוּרָֽה	b/1369	HR/Ncfsa
Jer 10:7	מִ֣י	4310	HTi
Jer 10:7	לֹ֤א	3808	HTn
Jer 10:7	יִֽרָאֲ/ךָ֙	3372	HVqi3ms/Sp2ms
Jer 10:7	מֶ֣לֶךְ	4428	HNcmsc
Jer 10:7	הַ/גּוֹיִ֔ם	d/1471 a	HTd/Ncmpa
Jer 10:7	כִּ֥י	3588 a	HC
Jer 10:7	לְ/ךָ֖	l	HR/Sp2ms
Jer 10:7	יָאָ֑תָה	2969	HVqp3fs
Jer 10:7	כִּ֣י	3588 a	HC
Jer 10:7	בְ/כָל	b/3605	HR/Ncmsc
Jer 10:7	חַכְמֵ֧י	2450	HAampc
Jer 10:7	הַ/גּוֹיִ֛ם	d/1471 a	HTd/Ncmpa
Jer 10:7	וּ/בְ/כָל	c/b/3605	HC/R/Ncmsc
Jer 10:7	מַלְכוּתָ֖/ם	4438	HNcfsc/Sp3mp
Jer 10:7	מֵ/אֵ֥ין	m/369	HR/Tn
Jer 10:7	כָּמֽוֹ/ךָ	3644	HR/Sp2ms
Jer 10:8	וּ/בְ/אַחַ֖ת	c/b/259	HC/R/Acfsa
Jer 10:8	יִבְעֲר֣וּ	1197 b	HVqi3mp
Jer 10:8	וְ/יִכְסָ֑לוּ	c/3688	HC/Vqi3mp
Jer 10:8	מוּסַ֥ר	4148	HNcmsc
Jer 10:8	הֲבָלִ֖ים	1892	HNcmpa
Jer 10:8	עֵ֥ץ	6086	HNcmsa
Jer 10:8	הֽוּא	1931	HPp3ms
Jer 10:9	כֶּ֣סֶף	3701	HNcmsa
Jer 10:9	מְרֻקָּ֞ע	7554	HVPsmsa
Jer 10:9	מִ/תַּרְשִׁ֣ישׁ	m/8659	HR/Np
Jer 10:9	יוּבָ֗א	935	HVHi3ms
Jer 10:9	וְ/זָהָב֙	c/2091	HC/Ncmsa
Jer 10:9	מֵֽ/אוּפָ֔ז	m/210	HR/Np
Jer 10:9	מַעֲשֵׂ֥ה	4639	HNcmsc
Jer 10:9	חָרָ֖שׁ	2796	HNcmsa
Jer 10:9	וִ/ידֵ֣י	c/3027	HC/Ncbdc
Jer 10:9	צוֹרֵ֑ף	6884	HVqrmsa
Jer 10:9	תְּכֵ֤לֶת	8504	HNcfsc
Jer 10:9	וְ/אַרְגָּמָן֙	c/713	HC/Ncmsa
Jer 10:9	לְבוּשָׁ֔/ם	3830	HNcmsc/Sp3mp
Jer 10:9	מַעֲשֵׂ֥ה	4639	HNcmsc
Jer 10:9	חֲכָמִ֖ים	2450	HAampa
Jer 10:9	כֻּלָּֽ/ם	3605	HNcmsc/Sp3mp
Jer 10:10	וַֽ/יהוָ֤ה	c/3068	HC/Np
Jer 10:10	אֱלֹהִים֙	430	HNcmpa
Jer 10:10	אֱמֶ֔ת	571	HNcfsa
Jer 10:10	הֽוּא	1931	HPp3ms
Jer 10:10	אֱלֹהִ֥ים	430	HNcmpa
Jer 10:10	חַיִּ֖ים	2416 a	HAampa
Jer 10:10	וּ/מֶ֣לֶךְ	c/4428	HC/Ncmsc
Jer 10:10	עוֹלָ֑ם	5769	HNcmsa
Jer 10:10	מִ/קִּצְפּ/וֹ֙	m/7110 a	HR/Ncmsc/Sp3ms
Jer 10:10	תִּרְעַ֣שׁ	7493	HVqi3fs
Jer 10:10	הָ/אָ֔רֶץ	d/776	HTd/Ncbsa
Jer 10:10	וְ/לֹֽא	c/3808	HC/Tn
Jer 10:10	יָכִ֥לוּ	3557	HVhi3mp
Jer 10:10	גוֹיִ֖ם	1471 a	HNcmpa
Jer 10:10	זַעְמֽ/וֹ	2195	HNcmsc/Sp3ms
Jer 10:11	כִּ/דְנָה֙	k/1836	AR/Pdxcs
Jer 10:11	תֵּאמְר֣וּן	560	AVqi2mp
Jer 10:11	לְ/ה֔וֹם	l	AR/Sp3mp
Jer 10:11	אֱלָ֣הַיָּ֔/א	426	ANcmpd/Td
Jer 10:11	דִּֽי	1768	ATr
Jer 10:11	שְׁמַיָּ֥/א	8065	ANcmpd/Td
Jer 10:11	וְ/אַרְקָ֖/א	c/778	AC/Ncfsd/Td
Jer 10:11	לָ֣א	3809	ATn
Jer 10:11	עֲבַ֑דוּ	5648	AVqp3mp
Jer 10:11	יֵאבַ֧דוּ	7	AVqi3mp
Jer 10:11	מֵֽ/אַרְעָ֛/א	m/772	AR/Ncfsd/Td
Jer 10:11	וּ/מִן	c/4481	AC/R
Jer 10:11	תְּח֥וֹת	8460	AR
Jer 10:11	שְׁמַיָּ֖/א	8065	ANcmpd/Td
Jer 10:11	אֵֽלֶּה	429	APdxcp
Jer 10:12	עֹשֵׂ֥ה	6213 a	HVqrmsc
Jer 10:12	אֶ֨רֶץ֙	776	HNcbsa
Jer 10:12	בְּ/כֹח֔/וֹ	b/3581 b	HR/Ncmsc/Sp3ms
Jer 10:12	מֵכִ֥ין	3559 a	HVhrmsa
Jer 10:12	תֵּבֵ֖ל	8398	HNcfsa
Jer 10:12	בְּ/חָכְמָת֑/וֹ	b/2451	HR/Ncfsc/Sp3ms
Jer 10:12	וּ/בִ/תְבוּנָת֖/וֹ	c/b/8394	HC/R/Ncfsc/Sp3ms
Jer 10:12	נָטָ֥ה	5186	HVqp3ms
Jer 10:12	שָׁמָֽיִם	8064	HNcmpa
Jer 10:13	לְ/ק֨וֹל	l/6963 a	HR/Ncmsc
Jer 10:13	תִּתּ֜/וֹ	5414	HVqc/Sp3ms
Jer 10:13	הֲמ֥וֹן	1995 a	HNcmsc
Jer 10:13	מַ֨יִם֙	4325	HNcmpa
Jer 10:13	בַּ/שָּׁמַ֔יִם	b/8064	HRd/Ncmpa
Jer 10:13	וַ/יַּעֲלֶ֥ה	c/5927	HC/Vhw3ms
Jer 10:13	נְשִׂאִ֖ים	5387 b	HNcmpa
Jer 10:13	מִ/קְצֵ֣ה	m/7097 a	HR/Ncbsc
Jer 10:13	ארץ	776	HNcbsa
Jer 10:13	בְּרָקִ֤ים	1300 b	HNcmpa
Jer 10:13	לַ/מָּטָר֙	l/4306	HRd/Ncmsa
Jer 10:13	עָשָׂ֔ה	6213 a	HVqp3ms
Jer 10:13	וַ/יּ֥וֹצֵא	c/3318	HC/Vhw3ms
Jer 10:13	ר֖וּחַ	7307	HNcbsa
Jer 10:13	מֵ/אֹצְרֹתָֽי/ו	m/214	HR/Ncmpc/Sp3ms
Jer 10:14	נִבְעַ֤ר	1197 b	HVNp3ms
Jer 10:14	כָּל	3605	HNcmsc
Jer 10:14	אָדָם֙	120	HNcmsa
Jer 10:14	מִ/דַּ֔עַת	m/1847	HR/Ncfsa
Jer 10:14	הֹבִ֥ישׁ	3001	HVhp3ms
Jer 10:14	כָּל	3605	HNcmsc
Jer 10:14	צוֹרֵ֖ף	6884	HVqrmsa
Jer 10:14	מִ/פָּ֑סֶל	m/6459	HR/Ncmsa
Jer 10:14	כִּ֛י	3588 a	HC
Jer 10:14	שֶׁ֥קֶר	8267	HNcmsa
Jer 10:14	נִסְכּ֖/וֹ	5262	HNcmsc/Sp3ms
Jer 10:14	וְ/לֹא	c/3808	HC/Tn
Jer 10:14	ר֥וּחַ	7307	HNcbsa
Jer 10:14	בָּֽ/ם	b	HR/Sp3mp
Jer 10:15	הֶ֣בֶל	1892	HNcmsa
Jer 10:15	הֵ֔מָּה	1992	HPp3mp
Jer 10:15	מַעֲשֵׂ֖ה	4639	HNcmsc
Jer 10:15	תַּעְתֻּעִ֑ים	8595	HNcmpa
Jer 10:15	בְּ/עֵ֥ת	b/6256	HR/Ncbsc
Jer 10:15	פְּקֻדָּתָ֖/ם	6486	HNcfsc/Sp3mp
Jer 10:15	יֹאבֵֽדוּ	6	HVqi3mp
Jer 10:16	לֹֽא	3808	HTn
Jer 10:16	כְ/אֵ֜לֶּה	k/428	HR/Pdxcp
Jer 10:16	חֵ֣לֶק	2506 a	HNcmsc
Jer 10:16	יַעֲקֹ֗ב	3290	HNp
Jer 10:16	כִּֽי	3588 a	HC
Jer 10:16	יוֹצֵ֤ר	3335	HVqrmsc
Jer 10:16	הַ/כֹּל֙	d/3605	HTd/Ncmsa
Jer 10:16	ה֔וּא	1931	HPp3ms
Jer 10:16	וְ/יִ֨שְׂרָאֵ֔ל	c/3478	HC/Np
Jer 10:16	שֵׁ֖בֶט	7626	HNcmsc
Jer 10:16	נַֽחֲלָת֑/וֹ	5159	HNcfsc/Sp3ms
Jer 10:16	יְהוָ֥ה	3068	HNp
Jer 10:16	צְבָא֖וֹת	6635 b	HNcbpa
Jer 10:16	שְׁמֽ/וֹ	8034	HNcmsc/Sp3ms
Jer 10:17	אִסְפִּ֥י	622	HVqv2fs
Jer 10:17	מֵ/אֶ֖רֶץ	m/776	HR/Ncbsc
Jer 10:17	כִּנְעָתֵ֑/ךְ	3666	HNcfsc/Sp2fs
Jer 10:17	ישבתי	3427	HVqrfsa
Jer 10:17	בַּ/מָּצֽוֹר	b/4692	HRd/Ncmsa
Jer 10:18	כִּֽי	3588 a	HC
Jer 10:18	כֹה֙	3541	HD
Jer 10:18	אָמַ֣ר	559	HVqp3ms
Jer 10:18	יְהוָ֔ה	3068	HNp
Jer 10:18	הִנְ/נִ֥י	2005	HTm/Sp1cs
Jer 10:18	קוֹלֵ֛עַ	7049 a	HVqrmsa
Jer 10:18	אֶת	853	HTo
Jer 10:18	יוֹשְׁבֵ֥י	3427	HVqrmpc
Jer 10:18	הָ/אָ֖רֶץ	d/776	HTd/Ncbsa
Jer 10:18	בַּ/פַּ֣עַם	b/6471	HRd/Ncfsa
Jer 10:18	הַ/זֹּ֑את	d/2063	HTd/Pdxfs
Jer 10:18	וַ/הֲצֵר֥וֹתִי	c/6887 b	HC/Vhq1cs
Jer 10:18	לָ/הֶ֖ם	l	HR/Sp3mp
Jer 10:18	לְמַ֥עַן	4616	HR
Jer 10:18	יִמְצָֽאוּ	4672	HVqi3mp
Jer 10:19	א֥וֹי	188	HTj
Jer 10:19	לִ/י֙	l	HR/Sp1cs
Jer 10:19	עַל	5921 a	HR
Jer 10:19	שִׁבְרִ֔/י	7667	HNcmsc/Sp1cs
Jer 10:19	נַחְלָ֖ה	2470 a	HVNrfsa
Jer 10:19	מַכָּתִ֑/י	4347	HNcfsc/Sp1cs
Jer 10:19	וַ/אֲנִ֣י	c/589	HC/Pp1cs
Jer 10:19	אָמַ֔רְתִּי	559	HVqp1cs
Jer 10:19	אַ֛ךְ	389	HTa
Jer 10:19	זֶ֥ה	2088	HPdxms
Jer 10:19	חֳלִ֖י	2483	HNcmsc
Jer 10:19	וְ/אֶשָּׂאֶֽ/נּוּ	c/5375	HC/Vqi1cs/Sp3ms
Jer 10:20	אָהֳלִ֣/י	168	HNcmsc/Sp1cs
Jer 10:20	שֻׁדָּ֔ד	7703	HVPp3ms
Jer 10:20	וְ/כָל	c/3605	HC/Ncmsc
Jer 10:20	מֵיתָרַ֖/י	4340	HNcmpc/Sp1cs
Jer 10:20	נִתָּ֑קוּ	5423	HVNp3cp
Jer 10:20	בָּנַ֤/י	1121 a	HNcmpc/Sp1cs
Jer 10:20	יְצָאֻ֨/נִי֙	3318	HVqp3cp/Sp1cs
Jer 10:20	וְ/אֵינָ֔/ם	c/369	HC/Tn/Sp3mp
Jer 10:20	אֵין	369	HTn
Jer 10:20	נֹטֶ֥ה	5186	HVqrmsa
Jer 10:20	עוֹד֙	5750	HD
Jer 10:20	אָהֳלִ֔/י	168	HNcmsc/Sp1cs
Jer 10:20	וּ/מֵקִ֖ים	c/6965 b	HC/Vhrmsa
Jer 10:20	יְרִיעוֹתָֽ/י	3407	HNcfpc/Sp1cs
Jer 10:21	כִּ֤י	3588 a	HC
Jer 10:21	נִבְעֲרוּ֙	1197 b	HVNp3cp
Jer 10:21	הָֽ/רֹעִ֔ים	d/7462 b	HTd/Vqrmpa
Jer 10:21	וְ/אֶת	c/853	HC/To
Jer 10:21	יְהוָ֖ה	3068	HNp
Jer 10:21	לֹ֣א	3808	HTn
Jer 10:21	דָרָ֑שׁוּ	1875	HVqp3cp
Jer 10:21	עַל	5921 a	HR
Jer 10:21	כֵּן֙	3651 c	HTm
Jer 10:21	לֹ֣א	3808	HTn
Jer 10:21	הִשְׂכִּ֔ילוּ	7919 a	HVhp3cp
Jer 10:21	וְ/כָל	c/3605	HC/Ncmsc
Jer 10:21	מַרְעִיתָ֖/ם	4830	HNcfsc/Sp3mp
Jer 10:21	נָפֽוֹצָה	6327 a	HVNp3fs
Jer 10:22	ק֤וֹל	6963 a	HNcmsc
Jer 10:22	שְׁמוּעָה֙	8052	HNcfsa
Jer 10:22	הִנֵּ֣ה	2009	HTm
Jer 10:22	בָאָ֔ה	935	HVqrfsa
Jer 10:22	וְ/רַ֥עַשׁ	c/7494	HC/Ncmsa
Jer 10:22	גָּד֖וֹל	1419 a	HAamsa
Jer 10:22	מֵ/אֶ֣רֶץ	m/776	HR/Ncbsc
Jer 10:22	צָפ֑וֹן	6828	HNcfsa
Jer 10:22	לָ/שׂ֞וּם	l/7760 a	HR/Vqc
Jer 10:22	אֶת	853	HTo
Jer 10:22	עָרֵ֧י	5892 b	HNcfpc
Jer 10:22	יְהוּדָ֛ה	3063	HNp
Jer 10:22	שְׁמָמָ֖ה	8077 a	HNcfsa
Jer 10:22	מְע֥וֹן	4583	HNcbsc
Jer 10:22	תַּנִּֽים	8577 a	HNcmpa
Jer 10:23	יָדַ֣עְתִּי	3045	HVqp1cs
Jer 10:23	יְהוָ֔ה	3068	HNp
Jer 10:23	כִּ֛י	3588 a	HC
Jer 10:23	לֹ֥א	3808	HTn
Jer 10:23	לָ/אָדָ֖ם	l/120	HRd/Ncmsa
Jer 10:23	דַּרְכּ֑/וֹ	1870	HNcbsc/Sp3ms
Jer 10:23	לֹֽא	3808	HTn
Jer 10:23	לְ/אִ֣ישׁ	l/376	HR/Ncmsa
Jer 10:23	הֹלֵ֔ךְ	1980	HVqrmsa
Jer 10:23	וְ/הָכִ֖ין	c/3559 a	HC/Vhc
Jer 10:23	אֶֽת	853	HTo
Jer 10:23	צַעֲדֽ/וֹ	6806	HNcmsc/Sp3ms
Jer 10:24	יַסְּרֵ֥/נִי	3256	HVpv2ms/Sp1cs
Jer 10:24	יְהוָ֖ה	3068	HNp
Jer 10:24	אַךְ	389	HTa
Jer 10:24	בְּ/מִשְׁפָּ֑ט	b/4941	HR/Ncmsa
Jer 10:24	אַל	408	HTn
Jer 10:24	בְּ/אַפְּ/ךָ֖	b/639	HR/Ncmsc/Sp2ms
Jer 10:24	פֶּן	6435	HC
Jer 10:24	תַּמְעִטֵֽ/נִי	4591	HVhi2ms/Sp1cs
Jer 10:25	שְׁפֹ֣ךְ	8210	HVqv2ms
Jer 10:25	חֲמָתְ/ךָ֗	2534	HNcfsc/Sp2ms
Jer 10:25	עַל	5921 a	HR
Jer 10:25	הַ/גּוֹיִם֙	d/1471 a	HTd/Ncmpa
Jer 10:25	אֲשֶׁ֣ר	834 a	HTr
Jer 10:25	לֹֽא	3808	HTn
Jer 10:25	יְדָע֔וּ/ךָ	3045	HVqp3cp/Sp2ms
Jer 10:25	וְ/עַל֙	c/5921 a	HC/R
Jer 10:25	מִשְׁפָּח֔וֹת	4940	HNcfpa
Jer 10:25	אֲשֶׁ֥ר	834 a	HTr
Jer 10:25	בְּ/שִׁמְ/ךָ֖	b/8034	HR/Ncmsc/Sp2ms
Jer 10:25	לֹ֣א	3808	HTn
Jer 10:25	קָרָ֑אוּ	7121	HVqp3cp
Jer 10:25	כִּֽי	3588 a	HC
Jer 10:25	אָכְל֣וּ	398	HVqp3cp
Jer 10:25	אֶֽת	853	HTo
Jer 10:25	יַעֲקֹ֗ב	3290	HNp
Jer 10:25	וַ/אֲכָלֻ֨/הוּ֙	c/398	HC/Vqp3cp/Sp3ms
Jer 10:25	וַ/יְכַלֻּ֔/הוּ	c/3615	HC/Vpw3mp/Sp3ms
Jer 10:25	וְ/אֶת	c/853	HC/To
Jer 10:25	נָוֵ֖/הוּ	5116 a	HNcbsc/Sp3ms
Jer 10:25	הֵשַֽׁמּוּ	8074	HVhp3cp
Jer 11:1	הַ/דָּבָר֙	d/1697	HTd/Ncmsa
Jer 11:1	אֲשֶׁ֣ר	834 a	HTr
Jer 11:1	הָיָ֣ה	1961	HVqp3ms
Jer 11:1	אֶֽל	413	HR
Jer 11:1	יִרְמְיָ֔הוּ	3414	HNp
Jer 11:1	מֵ/אֵ֥ת	m/854	HR/R
Jer 11:1	יְהוָ֖ה	3068	HNp
Jer 11:1	לֵ/אמֹֽר	l/559	HR/Vqc
Jer 11:2	שִׁמְע֕וּ	8085	HVqv2mp
Jer 11:2	אֶת	853	HTo
Jer 11:2	דִּבְרֵ֖י	1697	HNcmpc
Jer 11:2	הַ/בְּרִ֣ית	d/1285	HTd/Ncfsa
Jer 11:2	הַ/זֹּ֑את	d/2063	HTd/Pdxfs
Jer 11:2	וְ/דִבַּרְתָּ/ם֙	c/1696	HC/Vpq2ms/Sp3mp
Jer 11:2	אֶל	413	HR
Jer 11:2	אִ֣ישׁ	376	HNcmsc
Jer 11:2	יְהוּדָ֔ה	3063	HNp
Jer 11:2	וְ/עַל	c/5921 a	HC/R
Jer 11:2	יֹשְׁבֵ֖י	3427	HVqrmpc
Jer 11:2	יְרוּשָׁלִָֽם	3389	HNp
Jer 11:3	וְ/אָמַרְתָּ֣	c/559	HC/Vqq2ms
Jer 11:3	אֲלֵי/הֶ֔ם	413	HR/Sp3mp
Jer 11:3	כֹּֽה	3541	HD
Jer 11:3	אָמַ֥ר	559	HVqp3ms
Jer 11:3	יְהוָ֖ה	3068	HNp
Jer 11:3	אֱלֹהֵ֣י	430	HNcmpc
Jer 11:3	יִשְׂרָאֵ֑ל	3478	HNp
Jer 11:3	אָר֣וּר	779	HVqsmsa
Jer 11:3	הָ/אִ֔ישׁ	d/376	HTd/Ncmsa
Jer 11:3	אֲשֶׁר֙	834 a	HTr
Jer 11:3	לֹ֣א	3808	HTn
Jer 11:3	יִשְׁמַ֔ע	8085	HVqi3ms
Jer 11:3	אֶת	853	HTo
Jer 11:3	דִּבְרֵ֖י	1697	HNcmpc
Jer 11:3	הַ/בְּרִ֥ית	d/1285	HTd/Ncfsa
Jer 11:3	הַ/זֹּֽאת	d/2063	HTd/Pdxfs
Jer 11:4	אֲשֶׁ֣ר	834 a	HTr
Jer 11:4	צִוִּ֣יתִי	6680	HVpp1cs
Jer 11:4	אֶת	853	HTo
Jer 11:4	אֲבֽוֹתֵי/כֶ֡ם	1	HNcmpc/Sp2mp
Jer 11:4	בְּ/י֣וֹם	b/3117	HR/Ncmsc
Jer 11:4	הוֹצִיאִֽ/י	3318	HVhc/Sp1cs
Jer 11:4	אוֹתָ֣/ם	853	HTo/Sp3mp
Jer 11:4	מֵ/אֶֽרֶץ	m/776	HR/Ncbsc
Jer 11:4	מִצְרַיִם֩	4714	HNp
Jer 11:4	מִ/כּ֨וּר	m/3564	HR/Ncmsc
Jer 11:4	הַ/בַּרְזֶ֜ל	d/1270	HTd/Ncmsa
Jer 11:4	לֵ/אמֹ֗ר	l/559	HR/Vqc
Jer 11:4	שִׁמְע֤וּ	8085	HVqv2mp
Jer 11:4	בְ/קוֹלִ/י֙	b/6963 a	HR/Ncmsc/Sp1cs
Jer 11:4	וַ/עֲשִׂיתֶ֣ם	c/6213 a	HC/Vqq2mp
Jer 11:4	אוֹתָ֔/ם	853	HTo/Sp3mp
Jer 11:4	כְּ/כֹ֥ל	k/3605	HR/Ncmsa
Jer 11:4	אֲשֶׁר	834 a	HTr
Jer 11:4	אֲצַוֶּ֖ה	6680	HVpi1cs
Jer 11:4	אֶתְ/כֶ֑ם	853	HTo/Sp2mp
Jer 11:4	וִ/הְיִ֤יתֶם	c/1961	HC/Vqq2mp
Jer 11:4	לִ/י֙	l	HR/Sp1cs
Jer 11:4	לְ/עָ֔ם	l/5971 a	HR/Ncmsa
Jer 11:4	וְ/אָ֣נֹכִ֔י	c/595	HC/Pp1cs
Jer 11:4	אֶהְיֶ֥ה	1961	HVqi1cs
Jer 11:4	לָ/כֶ֖ם	l	HR/Sp2mp
Jer 11:4	לֵ/אלֹהִֽים	l/430	HR/Ncmpa
Jer 11:5	לְמַעַן֩	4616	HR
Jer 11:5	הָקִ֨ים	6965 b	HVhc
Jer 11:5	אֶת	853	HTo
Jer 11:5	הַ/שְּׁבוּעָ֜ה	d/7621	HTd/Ncfsa
Jer 11:5	אֲשֶׁר	834 a	HTr
Jer 11:5	נִשְׁבַּ֣עְתִּי	7650	HVNp1cs
Jer 11:5	לַ/אֲבֽוֹתֵי/כֶ֗ם	l/1	HR/Ncmpc/Sp2mp
Jer 11:5	לָ/תֵ֤ת	l/5414	HR/Vqc
Jer 11:5	לָ/הֶם֙	l	HR/Sp3mp
Jer 11:5	אֶ֣רֶץ	776	HNcbsa
Jer 11:5	זָבַ֥ת	2100	HVqrfsc
Jer 11:5	חָלָ֛ב	2461	HNcmsa
Jer 11:5	וּ/דְבַ֖שׁ	c/1706	HC/Ncmsa
Jer 11:5	כַּ/יּ֣וֹם	k/3117	HRd/Ncmsa
Jer 11:5	הַ/זֶּ֑ה	d/2088	HTd/Pdxms
Jer 11:5	וָ/אַ֥עַן	c/6030 b	HC/Vqw1cs
Jer 11:5	וָ/אֹמַ֖ר	c/559	HC/Vqw1cs
Jer 11:5	אָמֵ֥ן	543	HD
Jer 11:5	יְהוָֽה	3068	HNp
Jer 11:6	וַ/יֹּ֤אמֶר	c/559	HC/Vqw3ms
Jer 11:6	יְהוָה֙	3068	HNp
Jer 11:6	אֵלַ֔/י	413	HR/Sp1cs
Jer 11:6	קְרָ֨א	7121	HVqv2ms
Jer 11:6	אֶת	853	HTo
Jer 11:6	כָּל	3605	HNcmsc
Jer 11:6	הַ/דְּבָרִ֤ים	d/1697	HTd/Ncmpa
Jer 11:6	הָ/אֵ֨לֶּה֙	d/428	HTd/Pdxcp
Jer 11:6	בְּ/עָרֵ֣י	b/5892 b	HR/Ncfpc
Jer 11:6	יְהוּדָ֔ה	3063	HNp
Jer 11:6	וּ/בְ/חֻצ֥וֹת	c/b/2351	HC/R/Ncmpc
Jer 11:6	יְרוּשָׁלִַ֖ם	3389	HNp
Jer 11:6	לֵ/אמֹ֑ר	l/559	HR/Vqc
Jer 11:6	שִׁמְע֗וּ	8085	HVqv2mp
Jer 11:6	אֶת	853	HTo
Jer 11:6	דִּבְרֵי֙	1697	HNcmpc
Jer 11:6	הַ/בְּרִ֣ית	d/1285	HTd/Ncfsa
Jer 11:6	הַ/זֹּ֔את	d/2063	HTd/Pdxfs
Jer 11:6	וַ/עֲשִׂיתֶ֖ם	c/6213 a	HC/Vqq2mp
Jer 11:6	אוֹתָֽ/ם	853	HTo/Sp3mp
Jer 11:7	כִּי֩	3588 a	HC
Jer 11:7	הָעֵ֨ד	5749 b	HVha
Jer 11:7	הַעִדֹ֜תִי	5749 b	HVhp1cs
Jer 11:7	בַּ/אֲבֽוֹתֵי/כֶ֗ם	b/1	HR/Ncmpc/Sp2mp
Jer 11:7	בְּ/יוֹם֩	b/3117	HR/Ncmsc
Jer 11:7	הַעֲלוֹתִ֨/י	5927	HVhc/Sp1cs
Jer 11:7	אוֹתָ֜/ם	853	HTo/Sp3mp
Jer 11:7	מֵ/אֶ֤רֶץ	m/776	HR/Ncbsc
Jer 11:7	מִצְרַ֨יִם֙	4714	HNp
Jer 11:7	וְ/עַד	c/5704	HC/R
Jer 11:7	הַ/יּ֣וֹם	d/3117	HTd/Ncmsa
Jer 11:7	הַ/זֶּ֔ה	d/2088	HTd/Pdxms
Jer 11:7	הַשְׁכֵּ֥ם	7925	HVha
Jer 11:7	וְ/הָעֵ֖ד	c/5749 b	HC/Vha
Jer 11:7	לֵ/אמֹ֑ר	l/559	HR/Vqc
Jer 11:7	שִׁמְע֖וּ	8085	HVqv2mp
Jer 11:7	בְּ/קוֹלִֽ/י	b/6963 a	HR/Ncmsc/Sp1cs
Jer 11:8	וְ/לֹ֤א	c/3808	HC/Tn
Jer 11:8	שָֽׁמְעוּ֙	8085	HVqp3cp
Jer 11:8	וְ/לֹֽא	c/3808	HC/Tn
Jer 11:8	הִטּ֣וּ	5186	HVhp3cp
Jer 11:8	אֶת	853	HTo
Jer 11:8	אָזְנָ֔/ם	241	HNcfsc/Sp3mp
Jer 11:8	וַ/יֵּ֣לְכ֔וּ	c/3212	HC/Vqw3mp
Jer 11:8	אִ֕ישׁ	376	HNcmsa
Jer 11:8	בִּ/שְׁרִיר֖וּת	b/8307	HR/Ncfsc
Jer 11:8	לִבָּ֣/ם	3820 a	HNcmsc/Sp3mp
Jer 11:8	הָ/רָ֑ע	d/7451 a	HTd/Aamsa
Jer 11:8	וָ/אָבִ֨יא	c/935	HC/Vhw1cs
Jer 11:8	עֲלֵי/הֶ֜ם	5921 a	HR/Sp3mp
Jer 11:8	אֶֽת	853	HTo
Jer 11:8	כָּל	3605	HNcmsc
Jer 11:8	דִּבְרֵ֧י	1697	HNcmpc
Jer 11:8	הַ/בְּרִית	d/1285	HTd/Ncfsa
Jer 11:8	הַ/זֹּ֛את	d/2063	HTd/Pdxfs
Jer 11:8	אֲשֶׁר	834 a	HTr
Jer 11:8	צִוִּ֥יתִי	6680	HVpp1cs
Jer 11:8	לַ/עֲשׂ֖וֹת	l/6213 a	HR/Vqc
Jer 11:8	וְ/לֹ֥א	c/3808	HC/Tn
Jer 11:8	עָשֽׂוּ	6213 a	HVqp3cp
Jer 11:9	וַ/יֹּ֥אמֶר	c/559	HC/Vqw3ms
Jer 11:9	יְהוָ֖ה	3068	HNp
Jer 11:9	אֵלָ֑/י	413	HR/Sp1cs
Jer 11:9	נִֽמְצָא	4672	HVNp3ms
Jer 11:9	קֶ֨שֶׁר֙	7195	HNcmsa
Jer 11:9	בְּ/אִ֣ישׁ	b/376	HR/Ncmsc
Jer 11:9	יְהוּדָ֔ה	3063	HNp
Jer 11:9	וּ/בְ/יֹשְׁבֵ֖י	c/b/3427	HC/R/Vqrmpc
Jer 11:9	יְרוּשָׁלִָֽם	3389	HNp
Jer 11:10	שָׁ֩בוּ֩	7725	HVqp3cp
Jer 11:10	עַל	5921 a	HR
Jer 11:10	עֲוֺנֹ֨ת	5771	HNcbpc
Jer 11:10	אֲבוֹתָ֜/ם	1	HNcmpc/Sp3mp
Jer 11:10	הָ/רִֽאשֹׁנִ֗ים	d/7223	HTd/Aampa
Jer 11:10	אֲשֶׁ֤ר	834 a	HTr
Jer 11:10	מֵֽאֲנוּ֙	3985	HVpp3cp
Jer 11:10	לִ/שְׁמ֣וֹעַ	l/8085	HR/Vqc
Jer 11:10	אֶת	853	HTo
Jer 11:10	דְּבָרַ֔/י	1697	HNcmpc/Sp1cs
Jer 11:10	וְ/הֵ֣מָּה	c/1992	HC/Pp3mp
Jer 11:10	הָלְכ֗וּ	1980	HVqp3cp
Jer 11:10	אַחֲרֵ֛י	310 a	HR
Jer 11:10	אֱלֹהִ֥ים	430	HNcmpa
Jer 11:10	אֲחֵרִ֖ים	312	HAampa
Jer 11:10	לְ/עָבְדָ֑/ם	l/5647	HR/Vqc/Sp3mp
Jer 11:10	הֵפֵ֤רוּ	6565 a	HVhp3cp
Jer 11:10	בֵֽית	1004 b	HNcmsc
Jer 11:10	יִשְׂרָאֵל֙	3478	HNp
Jer 11:10	וּ/בֵ֣ית	c/1004 b	HC/Ncmsc
Jer 11:10	יְהוּדָ֔ה	3063	HNp
Jer 11:10	אֶת	853	HTo
Jer 11:10	בְּרִיתִ֕/י	1285	HNcfsc/Sp1cs
Jer 11:10	אֲשֶׁ֥ר	834 a	HTr
Jer 11:10	כָּרַ֖תִּי	3772	HVqp1cs
Jer 11:10	אֶת	854	HR
Jer 11:10	אֲבוֹתָֽ/ם	1	HNcmpc/Sp3mp
Jer 11:11	לָ/כֵ֗ן	l/3651 c	HR/D
Jer 11:11	כֹּ֚ה	3541	HD
Jer 11:11	אָמַ֣ר	559	HVqp3ms
Jer 11:11	יְהוָ֔ה	3068	HNp
Jer 11:11	הִנְ/נִ֨י	2005	HTm/Sp1cs
Jer 11:11	מֵבִ֤יא	935	HVhrmsa
Jer 11:11	אֲלֵי/הֶם֙	413	HR/Sp3mp
Jer 11:11	רָעָ֔ה	7451 c	HNcfsa
Jer 11:11	אֲשֶׁ֥ר	834 a	HTr
Jer 11:11	לֹֽא	3808	HTn
Jer 11:11	יוּכְל֖וּ	3201	HVqi3mp
Jer 11:11	לָ/צֵ֣את	l/3318	HR/Vqc
Jer 11:11	מִמֶּ֑/נָּה	4480 a	HR/Sp3fs
Jer 11:11	וְ/זָעֲק֣וּ	c/2199	HC/Vqq3cp
Jer 11:11	אֵלַ֔/י	413	HR/Sp1cs
Jer 11:11	וְ/לֹ֥א	c/3808	HC/Tn
Jer 11:11	אֶשְׁמַ֖ע	8085	HVqi1cs
Jer 11:11	אֲלֵי/הֶֽם	413	HR/Sp3mp
Jer 11:12	וְ/הָֽלְכ֞וּ	c/1980	HC/Vqq3cp
Jer 11:12	עָרֵ֣י	5892 b	HNcfpc
Jer 11:12	יְהוּדָ֗ה	3063	HNp
Jer 11:12	וְ/יֹשְׁבֵי֙	c/3427	HC/Vqrmpc
Jer 11:12	יְר֣וּשָׁלִַ֔ם	3389	HNp
Jer 11:12	וְ/זָֽעֲקוּ֙	c/2199	HC/Vqq3cp
Jer 11:12	אֶל	413	HR
Jer 11:12	הָ֣/אֱלֹהִ֔ים	d/430	HTd/Ncmpa
Jer 11:12	אֲשֶׁ֛ר	834 a	HTr
Jer 11:12	הֵ֥ם	1992	HPp3mp
Jer 11:12	מְקַטְּרִ֖ים	6999 a	HVprmpa
Jer 11:12	לָ/הֶ֑ם	l	HR/Sp3mp
Jer 11:12	וְ/הוֹשֵׁ֛עַ	c/3467	HC/Vha
Jer 11:12	לֹֽא	3808	HTn
Jer 11:12	יוֹשִׁ֥יעוּ	3467	HVhi3mp
Jer 11:12	לָ/הֶ֖ם	l	HR/Sp3mp
Jer 11:12	בְּ/עֵ֥ת	b/6256	HR/Ncbsc
Jer 11:12	רָעָתָֽ/ם	7451 c	HNcfsc/Sp3mp
Jer 11:13	כִּ֚י	3588 a	HC
Jer 11:13	מִסְפַּ֣ר	4557	HNcmsc
Jer 11:13	עָרֶ֔י/ךָ	5892 b	HNcfpc/Sp2ms
Jer 11:13	הָי֥וּ	1961	HVqp3cp
Jer 11:13	אֱלֹהֶ֖י/ךָ	430	HNcmpc/Sp2ms
Jer 11:13	יְהוּדָ֑ה	3063	HNp
Jer 11:13	וּ/מִסְפַּ֞ר	c/4557	HC/Ncmsc
Jer 11:13	חֻצ֣וֹת	2351	HNcmpc
Jer 11:13	יְרוּשָׁלִַ֗ם	3389	HNp
Jer 11:13	שַׂמְתֶּ֤ם	7760 a	HVqp2mp
Jer 11:13	מִזְבְּחוֹת֙	4196	HNcmpa
Jer 11:13	לַ/בֹּ֔שֶׁת	l/1322	HRd/Ncfsa
Jer 11:13	מִזְבְּח֖וֹת	4196	HNcmpa
Jer 11:13	לְ/קַטֵּ֥ר	l/6999 a	HR/Vpc
Jer 11:13	לַ/בָּֽעַל	l/1168 a	HRd/Np
Jer 11:14	וְ/אַתָּ֗ה	c/859 a	HC/Pp2ms
Jer 11:14	אַל	408	HTn
Jer 11:14	תִּתְפַּלֵּל֙	6419	HVtj2ms
Jer 11:14	בְּעַד	1157	HR
Jer 11:14	הָ/עָ֣ם	d/5971 a	HTd/Ncmsa
Jer 11:14	הַ/זֶּ֔ה	d/2088	HTd/Pdxms
Jer 11:14	וְ/אַל	c/408	HC/Tn
Jer 11:14	תִּשָּׂ֥א	5375	HVqj2ms
Jer 11:14	בַעֲדָ֖/ם	1157	HR/Sp3mp
Jer 11:14	רִנָּ֣ה	7440	HNcfsa
Jer 11:14	וּ/תְפִלָּ֑ה	c/8605	HC/Ncfsa
Jer 11:14	כִּ֣י	3588 a	HC
Jer 11:14	אֵינֶ֣/נִּי	369	HTi/Sp1cs
Jer 11:14	שֹׁמֵ֗עַ	8085	HVqrmsa
Jer 11:14	בְּ/עֵ֛ת	b/6256	HR/Ncbsc
Jer 11:14	קָרְאָ֥/ם	7121	HVqc/Sp3mp
Jer 11:14	אֵלַ֖/י	413	HR/Sp1cs
Jer 11:14	בְּעַ֥ד	1157	HR
Jer 11:14	רָעָתָֽ/ם	7451 c	HNcfsc/Sp3mp
Jer 11:15	מֶ֣ה	4100	HTi
Jer 11:15	לִֽ/ידִידִ֞/י	l/3039 a	HR/Aamsc/Sp1cs
Jer 11:15	בְּ/בֵיתִ֗/י	b/1004 b	HR/Ncmsc/Sp1cs
Jer 11:15	עֲשׂוֹתָ֤/הּ	6213 a	HVqc/Sp3fs
Jer 11:15	הַֽ/מְזִמָּ֨תָ/ה֙	d/4209	HTd/Ncfsa/Sh
Jer 11:15	הָֽ/רַבִּ֔ים	d/7227 a	HTd/Aampa
Jer 11:15	וּ/בְשַׂר	c/1320	HC/Ncmsc
Jer 11:15	קֹ֖דֶשׁ	6944	HNcmsa
Jer 11:15	יַעַבְר֣וּ	5674 a	HVqi3mp
Jer 11:15	מֵֽ/עָלָ֑יִ/ךְ	m/5921 a	HR/R/Sp2fs
Jer 11:15	כִּ֥י	3588 a	HC
Jer 11:15	רָעָתֵ֖/כִי	7451 c	HAafsc/Sp2fs
Jer 11:15	אָ֥ז	227 a	HD
Jer 11:15	תַּעֲלֹֽזִי	5937	HVqi2fs
Jer 11:16	זַ֤יִת	2132	HNcmsa
Jer 11:16	רַֽעֲנָן֙	7488 b	HAamsa
Jer 11:16	יְפֵ֣ה	3303	HAamsc
Jer 11:16	פְרִי	6529	HNcmsc
Jer 11:16	תֹ֔אַר	8389	HNcmsa
Jer 11:16	קָרָ֥א	7121	HVqp3ms
Jer 11:16	יְהוָ֖ה	3068	HNp
Jer 11:16	שְׁמֵ֑/ךְ	8034	HNcmsc/Sp2fs
Jer 11:16	לְ/ק֣וֹל	l/6963 a	HR/Ncmsc
Jer 11:16	הֲמוּלָּ֣ה	1999	HNcfsa
Jer 11:16	גְדֹלָ֗ה	1419 a	HAafsa
Jer 11:16	הִצִּ֥ית	3341	HVhp3ms
Jer 11:16	אֵשׁ֙	784	HNcbsa
Jer 11:16	עָלֶ֔י/הָ	5921 a	HR/Sp3fs
Jer 11:16	וְ/רָע֖וּ	c/7489 b	HC/Vqp3cp
Jer 11:16	דָּלִיּוֹתָֽי/ו	1808	HNcfpc/Sp3ms
Jer 11:17	וַ/יהוָ֤ה	c/3068	HC/Np
Jer 11:17	צְבָאוֹת֙	6635 b	HNcbpa
Jer 11:17	הַ/נּוֹטֵ֣עַ	d/5193	HTd/Vqrmsa
Jer 11:17	אוֹתָ֔/ךְ	853	HTo/Sp2fs
Jer 11:17	דִּבֶּ֥ר	1696	HVpp3ms
Jer 11:17	עָלַ֖יִ/ךְ	5921 a	HR/Sp2fs
Jer 11:17	רָעָ֑ה	7451 c	HNcfsa
Jer 11:17	בִּ֠/גְלַל	b/1558	HR/Ncmsc
Jer 11:17	רָעַ֨ת	7451 c	HNcfsc
Jer 11:17	בֵּֽית	1004 b	HNcmsc
Jer 11:17	יִשְׂרָאֵ֜ל	3478	HNp
Jer 11:17	וּ/בֵ֣ית	c/1004 b	HC/Ncmsc
Jer 11:17	יְהוּדָ֗ה	3063	HNp
Jer 11:17	אֲשֶׁ֨ר	834 a	HTr
Jer 11:17	עָשׂ֥וּ	6213 a	HVqp3cp
Jer 11:17	לָ/הֶ֛ם	l	HR/Sp3mp
Jer 11:17	לְ/הַכְעִסֵ֖/נִי	l/3707	HR/Vhc/Sp1cs
Jer 11:17	לְ/קַטֵּ֥ר	l/6999 a	HR/Vpc
Jer 11:17	לַ/בָּֽעַל	l/1168 a	HRd/Np
Jer 11:18	וַֽ/יהוָ֥ה	c/3068	HC/Np
Jer 11:18	הֽוֹדִיעַ֖/נִי	3045	HVhp3ms/Sp1cs
Jer 11:18	וָֽ/אֵדָ֑עָ/ה	c/3045	HC/Vqw1cs/Sh
Jer 11:18	אָ֖ז	227 a	HD
Jer 11:18	הִרְאִיתַ֥/נִי	7200	HVhp2ms/Sp1cs
Jer 11:18	מַעַלְלֵי/הֶֽם	4611	HNcmpc/Sp3mp
Jer 11:19	וַ/אֲנִ֕י	c/589	HC/Pp1cs
Jer 11:19	כְּ/כֶ֥בֶשׂ	k/3532	HR/Ncmsa
Jer 11:19	אַלּ֖וּף	441 a	HAamsa
Jer 11:19	יוּבַ֣ל	2986	HVHi3ms
Jer 11:19	לִ/טְב֑וֹחַ	l/2873	HR/Vqc
Jer 11:19	וְ/לֹֽא	c/3808	HC/Tn
Jer 11:19	יָדַ֜עְתִּי	3045	HVqp1cs
Jer 11:19	כִּֽי	3588 a	HC
Jer 11:19	עָלַ֣/י	5921 a	HR/Sp1cs
Jer 11:19	חָשְׁב֣וּ	2803	HVqp3cp
Jer 11:19	מַחֲשָׁב֗וֹת	4284	HNcfpa
Jer 11:19	נַשְׁחִ֨יתָה	7843	HVhh1cp
Jer 11:19	עֵ֤ץ	6086	HNcmsa
Jer 11:19	בְּ/לַחְמ/וֹ֙	b/3899	HR/Ncbsc/Sp3ms
Jer 11:19	וְ/נִכְרְתֶ֨/נּוּ֙	c/3772	HC/Vqh1cp/Sp3ms
Jer 11:19	מֵ/אֶ֣רֶץ	m/776	HR/Ncbsc
Jer 11:19	חַיִּ֔ים	2416 a	HAampa
Jer 11:19	וּ/שְׁמ֖/וֹ	c/8034	HC/Ncmsc/Sp3ms
Jer 11:19	לֹֽא	3808	HTn
Jer 11:19	יִזָּכֵ֥ר	2142	HVNi3ms
Jer 11:19	עֽוֹד	5750	HD
Jer 11:20	וַֽ/יהוָ֤ה	c/3068	HC/Np
Jer 11:20	צְבָאוֹת֙	6635 b	HNcbpa
Jer 11:20	שֹׁפֵ֣ט	8199	HVqrmsc
Jer 11:20	צֶ֔דֶק	6664	HNcmsa
Jer 11:20	בֹּחֵ֥ן	974	HVqrmsa
Jer 11:20	כְּלָי֖וֹת	3629	HNcfpa
Jer 11:20	וָ/לֵ֑ב	c/3820 a	HC/Ncmsa
Jer 11:20	אֶרְאֶ֤ה	7200	HVqi1cs
Jer 11:20	נִקְמָֽתְ/ךָ֙	5360	HNcfsc/Sp2ms
Jer 11:20	מֵ/הֶ֔ם	m	HR/Sp3mp
Jer 11:20	כִּ֥י	3588 a	HC
Jer 11:20	אֵלֶ֖י/ךָ	413	HR/Sp2ms
Jer 11:20	גִּלִּ֥יתִי	1540	HVpp1cs
Jer 11:20	אֶת	853	HTo
Jer 11:20	רִיבִֽ/י	7379	HNcbsc/Sp1cs
Jer 11:21	לָ/כֵ֗ן	l/3651 c	HR/D
Jer 11:21	כֹּֽה	3541	HD
Jer 11:21	אָמַ֤ר	559	HVqp3ms
Jer 11:21	יְהוָה֙	3068	HNp
Jer 11:21	עַל	5921 a	HR
Jer 11:21	אַנְשֵׁ֣י	376	HNcmpc
Jer 11:21	עֲנָת֔וֹת	6068	HNp
Jer 11:21	הַֽ/מְבַקְשִׁ֥ים	d/1245	HTd/Vprmpa
Jer 11:21	אֶֽת	853	HTo
Jer 11:21	נַפְשְׁ/ךָ֖	5315	HNcbsc/Sp2ms
Jer 11:21	לֵ/אמֹ֑ר	l/559	HR/Vqc
Jer 11:21	לֹ֤א	3808	HTn
Jer 11:21	תִנָּבֵא֙	5012	HVNi2ms
Jer 11:21	בְּ/שֵׁ֣ם	b/8034	HR/Ncmsc
Jer 11:21	יְהוָ֔ה	3068	HNp
Jer 11:21	וְ/לֹ֥א	c/3808	HC/Tn
Jer 11:21	תָמ֖וּת	4191	HVqi2ms
Jer 11:21	בְּ/יָדֵֽ/נוּ	b/3027	HR/Ncbsc/Sp1cp
Jer 11:22	לָ/כֵ֗ן	l/3651 c	HR/D
Jer 11:22	כֹּ֤ה	3541	HD
Jer 11:22	אָמַר֙	559	HVqp3ms
Jer 11:22	יְהוָ֣ה	3068	HNp
Jer 11:22	צְבָא֔וֹת	6635 b	HNcbpa
Jer 11:22	הִנְ/נִ֥י	2005	HTm/Sp1cs
Jer 11:22	פֹקֵ֖ד	6485 a	HVqrmsa
Jer 11:22	עֲלֵי/הֶ֑ם	5921 a	HR/Sp3mp
Jer 11:22	הַ/בַּֽחוּרִים֙	d/970	HTd/Ncmpa
Jer 11:22	יָמֻ֣תוּ	4191	HVqi3mp
Jer 11:22	בַ/חֶ֔רֶב	b/2719	HRd/Ncfsa
Jer 11:22	בְּנֵי/הֶם֙	1121 a	HNcmpc/Sp3mp
Jer 11:22	וּ/בְנ֣וֹתֵי/הֶ֔ם	c/1323	HC/Ncfpc/Sp3mp
Jer 11:22	יָמֻ֖תוּ	4191	HVqi3mp
Jer 11:22	בָּ/רָעָֽב	b/7458	HRd/Ncmsa
Jer 11:23	וּ/שְׁאֵרִ֕ית	c/7611	HC/Ncfsa
Jer 11:23	לֹ֥א	3808	HTn
Jer 11:23	תִֽהְיֶ֖ה	1961	HVqi3fs
Jer 11:23	לָ/הֶ֑ם	l	HR/Sp3mp
Jer 11:23	כִּֽי	3588 a	HC
Jer 11:23	אָבִ֥יא	935	HVhi1cs
Jer 11:23	רָעָ֛ה	7451 c	HNcfsa
Jer 11:23	אֶל	413	HR
Jer 11:23	אַנְשֵׁ֥י	376	HNcmpc
Jer 11:23	עֲנָת֖וֹת	6068	HNp
Jer 11:23	שְׁנַ֥ת	8141	HNcfsc
Jer 11:23	פְּקֻדָּתָֽ/ם	6486	HNcfsc/Sp3mp
Jer 12:1	צַדִּ֤יק	6662	HAamsa
Jer 12:1	אַתָּה֙	859 a	HPp2ms
Jer 12:1	יְהוָ֔ה	3068	HNp
Jer 12:1	כִּ֥י	3588 a	HC
Jer 12:1	אָרִ֖יב	7378	HVqi1cs
Jer 12:1	אֵלֶ֑י/ךָ	413	HR/Sp2ms
Jer 12:1	אַ֤ךְ	389	HTa
Jer 12:1	מִשְׁפָּטִים֙	4941	HNcmpa
Jer 12:1	אֲדַבֵּ֣ר	1696	HVpi1cs
Jer 12:1	אוֹתָ֔/ךְ	853	HTo/Sp2fs
Jer 12:1	מַדּ֗וּעַ	4069	HTi
Jer 12:1	דֶּ֤רֶךְ	1870	HNcbsc
Jer 12:1	רְשָׁעִים֙	7563	HAampa
Jer 12:1	צָלֵ֔חָה	6743 b	HVqp3fs
Jer 12:1	שָׁל֖וּ	7951	HVqp3cp
Jer 12:1	כָּל	3605	HNcmsc
Jer 12:1	בֹּ֥גְדֵי	898	HVqrmpc
Jer 12:1	בָֽגֶד	899 a	HNcmsa
Jer 12:2	נְטַעְתָּ/ם֙	5193	HVqp2ms/Sp3mp
Jer 12:2	גַּם	1571	HTa
Jer 12:2	שֹׁרָ֔שׁוּ	8327	HVMp3cp
Jer 12:2	יֵלְכ֖וּ	3212	HVqi3mp
Jer 12:2	גַּם	1571	HTa
Jer 12:2	עָ֣שׂוּ	6213 a	HVqp3cp
Jer 12:2	פֶ֑רִי	6529	HNcmsa
Jer 12:2	קָר֤וֹב	7138	HAamsa
Jer 12:2	אַתָּה֙	859 a	HPp2ms
Jer 12:2	בְּ/פִי/הֶ֔ם	b/6310	HR/Ncmsc/Sp3mp
Jer 12:2	וְ/רָח֖וֹק	c/7350	HC/Aamsa
Jer 12:2	מִ/כִּלְיוֹתֵי/הֶֽם	m/3629	HR/Ncfpc/Sp3mp
Jer 12:3	וְ/אַתָּ֤ה	c/859 a	HC/Pp2ms
Jer 12:3	יְהוָה֙	3068	HNp
Jer 12:3	יְדַעְתָּ֔/נִי	3045	HVqp2ms/Sp1cs
Jer 12:3	תִּרְאֵ֕/נִי	7200	HVqi2ms/Sp1cs
Jer 12:3	וּ/בָחַנְתָּ֥	c/974	HC/Vqq2ms
Jer 12:3	לִבִּ֖/י	3820 a	HNcmsc/Sp1cs
Jer 12:3	אִתָּ֑/ךְ	854	HR/Sp2fs
Jer 12:3	הַתִּקֵ/ם֙	5423	HVhv2ms/Sp3mp
Jer 12:3	כְּ/צֹ֣אן	k/6629	HR/Ncbsa
Jer 12:3	לְ/טִבְחָ֔ה	l/2878	HR/Ncfsa
Jer 12:3	וְ/הַקְדִּשֵׁ֖/ם	c/6942	HC/Vhv2ms/Sp3mp
Jer 12:3	לְ/י֥וֹם	l/3117	HR/Ncmsc
Jer 12:3	הֲרֵגָֽה	2028	HNcfsa
Jer 12:4	עַד	5704	HR
Jer 12:4	מָתַי֙	4970	HTi
Jer 12:4	תֶּאֱבַ֣ל	56	HVqi3fs
Jer 12:4	הָ/אָ֔רֶץ	d/776	HTd/Ncbsa
Jer 12:4	וְ/עֵ֥שֶׂב	c/6212	HC/Ncmsc
Jer 12:4	כָּל	3605	HNcmsc
Jer 12:4	הַ/שָּׂדֶ֖ה	d/7704 b	HTd/Ncmsa
Jer 12:4	יִיבָ֑שׁ	3001	HVqi3ms
Jer 12:4	מֵ/רָעַ֣ת	m/7451 c	HR/Ncfsc
Jer 12:4	יֹֽשְׁבֵי	3427	HVqrmpc
Jer 12:4	בָ֗/הּ	b	HR/Sp3fs
Jer 12:4	סָפְתָ֤ה	5595	HVqp3fs
Jer 12:4	בְהֵמוֹת֙	929	HNcfpa
Jer 12:4	וָ/ע֔וֹף	c/5775	HC/Ncmsa
Jer 12:4	כִּ֣י	3588 a	HC
Jer 12:4	אָמְר֔וּ	559	HVqp3cp
Jer 12:4	לֹ֥א	3808	HTn
Jer 12:4	יִרְאֶ֖ה	7200	HVqi3ms
Jer 12:4	אֶת	853	HTo
Jer 12:4	אַחֲרִיתֵֽ/נוּ	319	HNcfsc/Sp1cp
Jer 12:5	כִּ֣י	3588 a	HC
Jer 12:5	אֶת	854	HR
Jer 12:5	רַגְלִ֥ים	7273	HAampa
Jer 12:5	רַ֨צְתָּה֙	7323	HVqp2ms
Jer 12:5	וַ/יַּלְא֔וּ/ךָ	c/3811	HC/Vhw3mp/Sp2ms
Jer 12:5	וְ/אֵ֥יךְ	c/349 a	HC/Ti
Jer 12:5	תְּתַֽחֲרֶ֖ה	8474	HVci2ms
Jer 12:5	אֶת	854	HR
Jer 12:5	הַ/סּוּסִ֑ים	d/5483 b	HTd/Ncmpa
Jer 12:5	וּ/בְ/אֶ֤רֶץ	c/b/776	HC/R/Ncbsc
Jer 12:5	שָׁלוֹם֙	7965	HNcmsa
Jer 12:5	אַתָּ֣ה	859 a	HPp2ms
Jer 12:5	בוֹטֵ֔חַ	982	HVqrmsa
Jer 12:5	וְ/אֵ֥יךְ	c/349 a	HC/Ti
Jer 12:5	תַּעֲשֶׂ֖ה	6213 a	HVqi2ms
Jer 12:5	בִּ/גְא֥וֹן	b/1347	HR/Ncmsc
Jer 12:5	הַ/יַּרְדֵּֽן	d/3383	HTd/Np
Jer 12:6	כִּ֧י	3588 a	HC
Jer 12:6	גַם	1571	HD
Jer 12:6	אַחֶ֣י/ךָ	251	HNcmpc/Sp2ms
Jer 12:6	וּ/בֵית	c/1004 b	HC/Ncmsc
Jer 12:6	אָבִ֗י/ךָ	1	HNcmsc/Sp2ms
Jer 12:6	גַּם	1571	HTa
Jer 12:6	הֵ֨מָּה֙	1992	HPp3mp
Jer 12:6	בָּ֣גְדוּ	898	HVqp3cp
Jer 12:6	בָ֔/ךְ	b	HR/Sp2fs
Jer 12:6	גַּם	1571	HTa
Jer 12:6	הֵ֛מָּה	1992	HPp3mp
Jer 12:6	קָרְא֥וּ	7121	HVqp3cp
Jer 12:6	אַחֲרֶ֖י/ךָ	310 a	HR/Sp2ms
Jer 12:6	מָלֵ֑א	4392	HAamsa
Jer 12:6	אַל	408	HTn
Jer 12:6	תַּאֲמֵ֣ן	539	HVhj2ms
Jer 12:6	בָּ֔/ם	b	HR/Sp3mp
Jer 12:6	כִּֽי	3588 a	HC
Jer 12:6	יְדַבְּר֥וּ	1696	HVpi3mp
Jer 12:6	אֵלֶ֖י/ךָ	413	HR/Sp2ms
Jer 12:6	טוֹבֽוֹת	2896 c	HAafpa
Jer 12:7	עָזַ֨בְתִּי֙	5800 a	HVqp1cs
Jer 12:7	אֶת	853	HTo
Jer 12:7	בֵּיתִ֔/י	1004 b	HNcmsc/Sp1cs
Jer 12:7	נָטַ֖שְׁתִּי	5203	HVqp1cs
Jer 12:7	אֶת	853	HTo
Jer 12:7	נַחֲלָתִ֑/י	5159	HNcfsc/Sp1cs
Jer 12:7	נָתַ֛תִּי	5414	HVqp1cs
Jer 12:7	אֶת	853	HTo
Jer 12:7	יְדִד֥וּת	3033	HNcfsc
Jer 12:7	נַפְשִׁ֖/י	5315	HNcbsc/Sp1cs
Jer 12:7	בְּ/כַ֥ף	b/3709	HR/Ncfsc
Jer 12:7	אֹיְבֶֽי/הָ	341	HVqrmpc/Sp3fs
Jer 12:8	הָיְתָה	1961	HVqp3fs
Jer 12:8	לִּ֥/י	l	HR/Sp1cs
Jer 12:8	נַחֲלָתִ֖/י	5159	HNcfsc/Sp1cs
Jer 12:8	כְּ/אַרְיֵ֣ה	k/738 b	HR/Ncmsa
Jer 12:8	בַ/יָּ֑עַר	b/3293 a	HRd/Ncmsa
Jer 12:8	נָתְנָ֥ה	5414	HVqp3fs
Jer 12:8	עָלַ֛/י	5921 a	HR/Sp1cs
Jer 12:8	בְּ/קוֹלָ֖/הּ	b/6963 a	HR/Ncmsc/Sp3fs
Jer 12:8	עַל	5921 a	HR
Jer 12:8	כֵּ֥ן	3651 c	HTm
Jer 12:8	שְׂנֵאתִֽי/הָ	8130	HVqp1cs/Sp3fs
Jer 12:9	הַ/עַ֨יִט	i/5861	HTd/Ncmsa
Jer 12:9	צָב֤וּעַ	6641	HAamsa
Jer 12:9	נַחֲלָתִ/י֙	5159	HNcfsc/Sp1cs
Jer 12:9	לִ֔/י	l	HR/Sp1cs
Jer 12:9	הַ/עַ֖יִט	d/5861	HTd/Ncmsa
Jer 12:9	סָבִ֣יב	5439	HNcbsa
Jer 12:9	עָלֶ֑י/הָ	5921 a	HR/Sp3fs
Jer 12:9	לְכ֗וּ	3212	HVqv2mp
Jer 12:9	אִסְפ֛וּ	622	HVqv2mp
Jer 12:9	כָּל	3605	HNcmsc
Jer 12:9	חַיַּ֥ת	2416 c	HNcfsc
Jer 12:9	הַ/שָּׂדֶ֖ה	d/7704 b	HTd/Ncmsa
Jer 12:9	הֵתָ֥יוּ	857	HVhv2mp
Jer 12:9	לְ/אָכְלָֽה	l/402	HR/Ncfsa
Jer 12:10	רֹעִ֤ים	7462 b	HVqrmpa
Jer 12:10	רַבִּים֙	7227 a	HAampa
Jer 12:10	שִֽׁחֲת֣וּ	7843	HVpp3cp
Jer 12:10	כַרְמִ֔/י	3754	HNcbsc/Sp1cs
Jer 12:10	בֹּסְס֖וּ	947	HVop3cp
Jer 12:10	אֶת	853	HTo
Jer 12:10	חֶלְקָתִ֑/י	2513 a	HNcfsc/Sp1cs
Jer 12:10	נָֽתְנ֛וּ	5414	HVqp3cp
Jer 12:10	אֶת	853	HTo
Jer 12:10	חֶלְקַ֥ת	2513 a	HNcfsc
Jer 12:10	חֶמְדָּתִ֖/י	2532 a	HNcfsc/Sp1cs
Jer 12:10	לְ/מִדְבַּ֥ר	l/4057 b	HR/Ncmsc
Jer 12:10	שְׁמָמָֽה	8077 a	HNcfsa
Jer 12:11	שָׂמָ/הּ֙	7760 a	HVqp3ms/Sp3fs
Jer 12:11	לִ/שְׁמָמָ֔ה	l/8077 a	HR/Ncfsa
Jer 12:11	אָבְלָ֥ה	56	HVqp3fs
Jer 12:11	עָלַ֖/י	5921 a	HR/Sp1cs
Jer 12:11	שְׁמֵמָ֑ה	8076	HAafsa
Jer 12:11	נָשַׁ֨מָּה֙	8074	HVNp3fs
Jer 12:11	כָּל	3605	HNcmsc
Jer 12:11	הָ/אָ֔רֶץ	d/776	HTd/Ncbsa
Jer 12:11	כִּ֛י	3588 a	HC
Jer 12:11	אֵ֥ין	369	HTn
Jer 12:11	אִ֖ישׁ	376	HNcmsa
Jer 12:11	שָׂ֥ם	7760 a	HVqrmsa
Jer 12:11	עַל	5921 a	HR
Jer 12:11	לֵֽב	3820 a	HNcmsa
Jer 12:12	עַֽל	5921 a	HR
Jer 12:12	כָּל	3605	HNcmsc
Jer 12:12	שְׁפָיִ֣ם	8205	HNcmpa
Jer 12:12	בַּ/מִּדְבָּ֗ר	b/4057 b	HRd/Ncmsa
Jer 12:12	בָּ֚אוּ	935	HVqp3cp
Jer 12:12	שֹֽׁדְדִ֔ים	7703	HVqrmpa
Jer 12:12	כִּ֣י	3588 a	HC
Jer 12:12	חֶ֤רֶב	2719	HNcfsa
Jer 12:12	לַֽ/יהוָה֙	l/3068	HR/Np
Jer 12:12	אֹֽכְלָ֔ה	398	HVqrfsa
Jer 12:12	מִ/קְצֵה	m/7097 a	HR/Ncbsc
Jer 12:12	אֶ֖רֶץ	776	HNcbsa
Jer 12:12	וְ/עַד	c/5704	HC/R
Jer 12:12	קְצֵ֣ה	7097 a	HNcbsc
Jer 12:12	הָ/אָ֑רֶץ	d/776	HTd/Ncbsa
Jer 12:12	אֵ֥ין	369	HTn
Jer 12:12	שָׁל֖וֹם	7965	HNcmsa
Jer 12:12	לְ/כָל	l/3605	HR/Ncmsc
Jer 12:12	בָּשָֽׂר	1320	HNcmsa
Jer 12:13	זָרְע֤וּ	2232	HVqp3cp
Jer 12:13	חִטִּים֙	2406	HNcfpa
Jer 12:13	וְ/קֹצִ֣ים	c/6975	HC/Ncmpa
Jer 12:13	קָצָ֔רוּ	7114 b	HVqp3cp
Jer 12:13	נֶחְל֖וּ	2470 a	HVNp3cp
Jer 12:13	לֹ֣א	3808	HTn
Jer 12:13	יוֹעִ֑לוּ	3276	HVhi3mp
Jer 12:13	וּ/בֹ֨שׁוּ֙	c/954	HC/Vqv2mp
Jer 12:13	מִ/תְּבוּאֹ֣תֵי/כֶ֔ם	m/8393	HR/Ncfpc/Sp2mp
Jer 12:13	מֵ/חֲר֖וֹן	m/2740	HR/Ncmsc
Jer 12:13	אַף	639	HTa
Jer 12:13	יְהוָֽה	3068	HNp
Jer 12:14	כֹּ֣ה	3541	HD
Jer 12:14	אָמַ֣ר	559	HVqp3ms
Jer 12:14	יְהוָ֗ה	3068	HNp
Jer 12:14	עַל	5921 a	HR
Jer 12:14	כָּל	3605	HNcmsc
Jer 12:14	שְׁכֵנַ/י֙	7934	HAampc/Sp1cs
Jer 12:14	הָֽ/רָעִ֔ים	d/7451 a	HTd/Aampa
Jer 12:14	הַ/נֹּֽגְעִים֙	d/5060	HTd/Vqrmpa
Jer 12:14	בַּֽ/נַּחֲלָ֔ה	b/5159	HRd/Ncfsa
Jer 12:14	אֲשֶׁר	834 a	HTr
Jer 12:14	הִנְחַ֥לְתִּי	5157	HVhp1cs
Jer 12:14	אֶת	853	HTo
Jer 12:14	עַמִּ֖/י	5971 a	HNcmsc/Sp1cs
Jer 12:14	אֶת	853	HTo
Jer 12:14	יִשְׂרָאֵ֑ל	3478	HNp
Jer 12:14	הִנְ/נִ֤י	2005	HTm/Sp1cs
Jer 12:14	נֹֽתְשָׁ/ם֙	5428	HVqrmsc/Sp3mp
Jer 12:14	מֵ/עַ֣ל	m/5921 a	HR/R
Jer 12:14	אַדְמָתָ֔/ם	127	HNcfsc/Sp3mp
Jer 12:14	וְ/אֶת	c/853	HC/To
Jer 12:14	בֵּ֥ית	1004 b	HNcmsc
Jer 12:14	יְהוּדָ֖ה	3063	HNp
Jer 12:14	אֶתּ֥וֹשׁ	5428	HVqi1cs
Jer 12:14	מִ/תּוֹכָֽ/ם	m/8432	HR/Ncmsc/Sp3mp
Jer 12:15	וְ/הָיָ֗ה	c/1961	HC/Vqq3ms
Jer 12:15	אַֽחֲרֵי֙	310 a	HR
Jer 12:15	נָתְשִׁ֣/י	5428	HVqc/Sp1cs
Jer 12:15	אוֹתָ֔/ם	853	HTo/Sp3mp
Jer 12:15	אָשׁ֖וּב	7725	HVqi1cs
Jer 12:15	וְ/רִֽחַמְתִּ֑י/ם	c/7355	HC/Vpq1cs/Sp3mp
Jer 12:15	וַ/הֲשִׁבֹתִ֛י/ם	c/7725	HC/Vhq1cs/Sp3mp
Jer 12:15	אִ֥ישׁ	376	HNcmsa
Jer 12:15	לְ/נַחֲלָת֖/וֹ	l/5159	HR/Ncfsc/Sp3ms
Jer 12:15	וְ/אִ֥ישׁ	c/376	HC/Ncmsa
Jer 12:15	לְ/אַרְצֽ/וֹ	l/776	HR/Ncbsc/Sp3ms
Jer 12:16	וְ/הָיָ֡ה	c/1961	HC/Vqq3ms
Jer 12:16	אִם	518 a	HC
Jer 12:16	לָמֹ֣ד	3925	HVqa
Jer 12:16	יִלְמְדוּ֩	3925	HVqi3mp
Jer 12:16	אֶת	853	HTo
Jer 12:16	דַּֽרְכֵ֨י	1870	HNcbpc
Jer 12:16	עַמִּ֜/י	5971 a	HNcmsc/Sp1cs
Jer 12:16	לְ/הִשָּׁבֵ֤עַ	l/7650	HR/VNc
Jer 12:16	בִּ/שְׁמִ/י֙	b/8034	HR/Ncmsc/Sp1cs
Jer 12:16	חַי	2416 a	HAamsa
Jer 12:16	יְהוָ֔ה	3068	HNp
Jer 12:16	כַּ/אֲשֶׁ֤ר	k/834 d	HR/Tr
Jer 12:16	לִמְּדוּ֙	3925	HVpp3cp
Jer 12:16	אֶת	853	HTo
Jer 12:16	עַמִּ֔/י	5971 a	HNcmsc/Sp1cs
Jer 12:16	לְ/הִשָּׁבֵ֖עַ	l/7650	HR/VNc
Jer 12:16	בַּ/בָּ֑עַל	b/1168 a	HRd/Np
Jer 12:16	וְ/נִבְנ֖וּ	c/1129	HC/VNq3cp
Jer 12:16	בְּ/ת֥וֹךְ	b/8432	HR/Ncmsc
Jer 12:16	עַמִּֽ/י	5971 a	HNcmsc/Sp1cs
Jer 12:17	וְ/אִ֖ם	c/518 a	HC/C
Jer 12:17	לֹ֣א	3808	HTn
Jer 12:17	יִשְׁמָ֑עוּ	8085	HVqi3mp
Jer 12:17	וְ/נָ֨תַשְׁתִּ֜י	c/5428	HC/Vqq1cs
Jer 12:17	אֶת	853	HTo
Jer 12:17	הַ/גּ֥וֹי	d/1471 a	HTd/Ncmsa
Jer 12:17	הַ/ה֛וּא	d/1931	HTd/Pp3ms
Jer 12:17	נָת֥וֹשׁ	5428	HVqa
Jer 12:17	וְ/אַבֵּ֖ד	c/6	HC/Vpa
Jer 12:17	נְאֻם	5002	HNcmsc
Jer 12:17	יְהוָֽה	3068	HNp
Jer 13:1	כֹּֽה	3541	HD
Jer 13:1	אָמַ֨ר	559	HVqp3ms
Jer 13:1	יְהוָ֜ה	3068	HNp
Jer 13:1	אֵלַ֗/י	413	HR/Sp1cs
Jer 13:1	הָל֞וֹךְ	1980	HVqa
Jer 13:1	וְ/קָנִ֤יתָ	c/7069	HC/Vqq2ms
Jer 13:1	לְּ/ךָ֙	l	HR/Sp2ms
Jer 13:1	אֵז֣וֹר	232	HNcmsc
Jer 13:1	פִּשְׁתִּ֔ים	6593	HNcmpa
Jer 13:1	וְ/שַׂמְתּ֖/וֹ	c/7760 a	HC/Vqq2ms/Sp3ms
Jer 13:1	עַל	5921 a	HR
Jer 13:1	מָתְנֶ֑י/ךָ	4975	HNcmdc/Sp2ms
Jer 13:1	וּ/בַ/מַּ֖יִם	c/b/4325	HC/Rd/Ncmpa
Jer 13:1	לֹ֥א	3808	HTn
Jer 13:1	תְבִאֵֽ/הוּ	935	HVhi2ms/Sp3ms
Jer 13:2	וָ/אֶקְנֶ֥ה	c/7069	HC/Vqw1cs
Jer 13:2	אֶת	853	HTo
Jer 13:2	הָ/אֵז֖וֹר	d/232	HTd/Ncmsa
Jer 13:2	כִּ/דְבַ֣ר	k/1697	HR/Ncmsc
Jer 13:2	יְהוָ֑ה	3068	HNp
Jer 13:2	וָ/אָשִׂ֖ם	c/7760 a	HC/Vqw1cs
Jer 13:2	עַל	5921 a	HR
Jer 13:2	מָתְנָֽ/י	4975	HNcmdc/Sp1cs
Jer 13:3	וַ/יְהִ֧י	c/1961	HC/Vqw3ms
Jer 13:3	דְבַר	1697	HNcmsc
Jer 13:3	יְהוָ֛ה	3068	HNp
Jer 13:3	אֵלַ֖/י	413	HR/Sp1cs
Jer 13:3	שֵׁנִ֥ית	8145	HAofsa
Jer 13:3	לֵ/אמֹֽר	l/559	HR/Vqc
Jer 13:4	קַ֧ח	3947	HVqv2ms
Jer 13:4	אֶת	853	HTo
Jer 13:4	הָ/אֵז֛וֹר	d/232	HTd/Ncmsa
Jer 13:4	אֲשֶׁ֥ר	834 a	HTr
Jer 13:4	קָנִ֖יתָ	7069	HVqp2ms
Jer 13:4	אֲשֶׁ֣ר	834 a	HTr
Jer 13:4	עַל	5921 a	HR
Jer 13:4	מָתְנֶ֑י/ךָ	4975	HNcmdc/Sp2ms
Jer 13:4	וְ/קוּם֙	c/6965 b	HC/Vqv2ms
Jer 13:4	לֵ֣ךְ	3212	HVqv2ms
Jer 13:4	פְּרָ֔תָ/ה	6578	HNp/Sd
Jer 13:4	וְ/טָמְנֵ֥/הוּ	c/2934	HC/Vqv2ms/Sp3ms
Jer 13:4	שָׁ֖ם	8033	HD
Jer 13:4	בִּ/נְקִ֥יק	b/5357	HR/Ncmsc
Jer 13:4	הַ/סָּֽלַע	d/5553	HTd/Ncmsa
Jer 13:5	וָ/אֵלֵ֕ךְ	c/3212	HC/Vqw1cs
Jer 13:5	וָ/אֶטְמְנֵ֖/הוּ	c/2934	HC/Vqw1cs/Sp3ms
Jer 13:5	בִּ/פְרָ֑ת	b/6578	HR/Np
Jer 13:5	כַּ/אֲשֶׁ֛ר	k/834 d	HR/Tr
Jer 13:5	צִוָּ֥ה	6680	HVpp3ms
Jer 13:5	יְהוָ֖ה	3068	HNp
Jer 13:5	אוֹתִֽ/י	853	HTo/Sp1cs
Jer 13:6	וַ/יְהִ֕י	c/1961	HC/Vqw3ms
Jer 13:6	מִ/קֵּ֖ץ	m/7093	HR/Ncmsc
Jer 13:6	יָמִ֣ים	3117	HNcmpa
Jer 13:6	רַבִּ֑ים	7227 a	HAampa
Jer 13:6	וַ/יֹּ֨אמֶר	c/559	HC/Vqw3ms
Jer 13:6	יְהוָ֜ה	3068	HNp
Jer 13:6	אֵלַ֗/י	413	HR/Sp1cs
Jer 13:6	ק֚וּם	6965 b	HVqv2ms
Jer 13:6	לֵ֣ךְ	3212	HVqv2ms
Jer 13:6	פְּרָ֔תָ/ה	6578	HNp/Sd
Jer 13:6	וְ/קַ֤ח	c/3947	HC/Vqv2ms
Jer 13:6	מִ/שָּׁם֙	m/8033	HR/D
Jer 13:6	אֶת	853	HTo
Jer 13:6	הָ֣/אֵז֔וֹר	d/232	HTd/Ncmsa
Jer 13:6	אֲשֶׁ֥ר	834 a	HTr
Jer 13:6	צִוִּיתִ֖י/ךָ	6680	HVpp1cs/Sp2ms
Jer 13:6	לְ/טָמְנ/וֹ	l/2934	HR/Vqc/Sp3ms
Jer 13:6	שָֽׁם	8033	HD
Jer 13:7	וָ/אֵלֵ֣ךְ	c/3212	HC/Vqw1cs
Jer 13:7	פְּרָ֔תָ/ה	6578	HNp/Sd
Jer 13:7	וָ/אֶחְפֹּ֗ר	c/2658	HC/Vqw1cs
Jer 13:7	וָֽ/אֶקַּח֙	c/3947	HC/Vqw1cs
Jer 13:7	אֶת	853	HTo
Jer 13:7	הָ֣/אֵז֔וֹר	d/232	HTd/Ncmsa
Jer 13:7	מִן	4480 a	HR
Jer 13:7	הַ/מָּק֖וֹם	d/4725	HTd/Ncmsa
Jer 13:7	אֲשֶׁר	834 a	HTr
Jer 13:7	טְמַנְתִּ֣י/ו	2934	HVqp1cs/Sp3ms
Jer 13:7	שָׁ֑מָּ/ה	8033	HD/Sd
Jer 13:7	וְ/הִנֵּה֙	c/2009	HC/Tm
Jer 13:7	נִשְׁחַ֣ת	7843	HVNp3ms
Jer 13:7	הָ/אֵז֔וֹר	d/232	HTd/Ncmsa
Jer 13:7	לֹ֥א	3808	HTn
Jer 13:7	יִצְלַ֖ח	6743 b	HVqi3ms
Jer 13:7	לַ/כֹּֽל	l/3605	HRd/Ncmsa
Jer 13:8	וַ/יְהִ֥י	c/1961	HC/Vqw3ms
Jer 13:8	דְבַר	1697	HNcmsc
Jer 13:8	יְהוָ֖ה	3068	HNp
Jer 13:8	אֵלַ֥/י	413	HR/Sp1cs
Jer 13:8	לֵ/אמֹֽר	l/559	HR/Vqc
Jer 13:9	כֹּ֖ה	3541	HD
Jer 13:9	אָמַ֣ר	559	HVqp3ms
Jer 13:9	יְהוָ֑ה	3068	HNp
Jer 13:9	כָּ֠כָה	3602	HD
Jer 13:9	אַשְׁחִ֞ית	7843	HVhi1cs
Jer 13:9	אֶת	853	HTo
Jer 13:9	גְּא֧וֹן	1347	HNcmsc
Jer 13:9	יְהוּדָ֛ה	3063	HNp
Jer 13:9	וְ/אֶת	c/853	HC/To
Jer 13:9	גְּא֥וֹן	1347	HNcmsc
Jer 13:9	יְרוּשָׁלִַ֖ם	3389	HNp
Jer 13:9	הָ/רָֽב	d/7227 a	HTd/Aamsa
Jer 13:10	הָ/עָם֩	d/5971 a	HTd/Ncmsa
Jer 13:10	הַ/זֶּ֨ה	d/2088	HTd/Pdxms
Jer 13:10	הָ/רָ֜ע	d/7451 a	HTd/Aamsa
Jer 13:10	הַֽ/מֵּאֲנִ֣ים	d/3987	HTd/Vprmpa
Jer 13:10	לִ/שְׁמ֣וֹעַ	l/8085	HR/Vqc
Jer 13:10	אֶת	853	HTo
Jer 13:10	דְּבָרַ֗/י	1697	HNcmpc/Sp1cs
Jer 13:10	הַ/הֹֽלְכִים֙	d/1980	HTd/Vqrmpa
Jer 13:10	בִּ/שְׁרִר֣וּת	b/8307	HR/Ncfsc
Jer 13:10	לִבָּ֔/ם	3820 a	HNcmsc/Sp3mp
Jer 13:10	וַ/יֵּלְכ֗וּ	c/3212	HC/Vqw3mp
Jer 13:10	אַֽחֲרֵי֙	310 a	HR
Jer 13:10	אֱלֹהִ֣ים	430	HNcmpa
Jer 13:10	אֲחֵרִ֔ים	312	HAampa
Jer 13:10	לְ/עָבְדָ֖/ם	l/5647	HR/Vqc/Sp3mp
Jer 13:10	וּ/לְ/הִשְׁתַּחֲוֺ֣ת	c/l/7812	HC/R/Vvc
Jer 13:10	לָ/הֶ֑ם	l	HR/Sp3mp
Jer 13:10	וִ/יהִי֙	c/1961	HC/Vqj3ms
Jer 13:10	כָּ/אֵז֣וֹר	k/232	HRd/Ncmsa
Jer 13:10	הַ/זֶּ֔ה	d/2088	HTd/Pdxms
Jer 13:10	אֲשֶׁ֥ר	834 a	HTr
Jer 13:10	לֹא	3808	HTn
Jer 13:10	יִצְלַ֖ח	6743 b	HVqi3ms
Jer 13:10	לַ/כֹּֽל	l/3605	HRd/Ncmsa
Jer 13:11	כִּ֡י	3588 a	HC
Jer 13:11	כַּ/אֲשֶׁר֩	k/834 d	HR/Tr
Jer 13:11	יִדְבַּ֨ק	1692	HVqi3ms
Jer 13:11	הָ/אֵז֜וֹר	d/232	HTd/Ncmsa
Jer 13:11	אֶל	413	HR
Jer 13:11	מָתְנֵי	4975	HNcmdc
Jer 13:11	אִ֗ישׁ	376	HNcmsa
Jer 13:11	כֵּ֣ן	3651 c	HTm
Jer 13:11	הִדְבַּ֣קְתִּי	1692	HVhp1cs
Jer 13:11	אֵ֠לַ/י	413	HR/Sp1cs
Jer 13:11	אֶת	853	HTo
Jer 13:11	כָּל	3605	HNcmsc
Jer 13:11	בֵּ֨ית	1004 b	HNcmsc
Jer 13:11	יִשְׂרָאֵ֜ל	3478	HNp
Jer 13:11	וְ/אֶת	c/853	HC/To
Jer 13:11	כָּל	3605	HNcmsc
Jer 13:11	בֵּ֤ית	1004 b	HNcmsc
Jer 13:11	יְהוּדָה֙	3063	HNp
Jer 13:11	נְאֻם	5002	HNcmsc
Jer 13:11	יְהוָ֔ה	3068	HNp
Jer 13:11	לִֽ/הְי֥וֹת	l/1961	HR/Vqc
Jer 13:11	לִ/י֙	l	HR/Sp1cs
Jer 13:11	לְ/עָ֔ם	l/5971 a	HR/Ncmsa
Jer 13:11	וּ/לְ/שֵׁ֥ם	c/l/8034	HC/R/Ncmsa
Jer 13:11	וְ/לִ/תְהִלָּ֖ה	c/l/8416	HC/R/Ncfsa
Jer 13:11	וּ/לְ/תִפְאָ֑רֶת	c/l/8597	HC/R/Ncfsa
Jer 13:11	וְ/לֹ֖א	c/3808	HC/Tn
Jer 13:11	שָׁמֵֽעוּ	8085	HVqp3cp
Jer 13:12	וְ/אָמַרְתָּ֨	c/559	HC/Vqq2ms
Jer 13:12	אֲלֵי/הֶ֜ם	413	HR/Sp3mp
Jer 13:12	אֶת	853	HTo
Jer 13:12	הַ/דָּבָ֣ר	d/1697	HTd/Ncmsa
Jer 13:12	הַ/זֶּ֗ה	d/2088	HTd/Pdxms
Jer 13:12	כֹּֽה	3541	HD
Jer 13:12	אָמַ֤ר	559	HVqp3ms
Jer 13:12	יְהוָה֙	3068	HNp
Jer 13:12	אֱלֹהֵ֣י	430	HNcmpc
Jer 13:12	יִשְׂרָאֵ֔ל	3478	HNp
Jer 13:12	כָּל	3605	HNcmsc
Jer 13:12	נֵ֖בֶל	5035 a	HNcmsa
Jer 13:12	יִמָּ֣לֵא	4390	HVNi3ms
Jer 13:12	יָ֑יִן	3196	HNcmsa
Jer 13:12	וְ/אָמְר֣וּ	c/559	HC/Vqq3cp
Jer 13:12	אֵלֶ֔י/ךָ	413	HR/Sp2ms
Jer 13:12	הֲ/יָדֹ֨עַ֙	i/3045	HTi/Vqa
Jer 13:12	לֹ֣א	3808	HTn
Jer 13:12	נֵדַ֔ע	3045	HVqi1cp
Jer 13:12	כִּ֥י	3588 a	HC
Jer 13:12	כָל	3605	HNcmsc
Jer 13:12	נֵ֖בֶל	5035 a	HNcmsa
Jer 13:12	יִמָּ֥לֵא	4390	HVNi3ms
Jer 13:12	יָֽיִן	3196	HNcmsa
Jer 13:13	וְ/אָמַרְתָּ֨	c/559	HC/Vqq2ms
Jer 13:13	אֲלֵי/הֶ֜ם	413	HR/Sp3mp
Jer 13:13	כֹּֽה	3541	HD
Jer 13:13	אָמַ֣ר	559	HVqp3ms
Jer 13:13	יְהוָ֗ה	3068	HNp
Jer 13:13	הִנְ/נִ֣י	2005	HTm/Sp1cs
Jer 13:13	מְמַלֵּ֣א	4390	HVprmsa
Jer 13:13	אֶת	853	HTo
Jer 13:13	כָּל	3605	HNcmsc
Jer 13:13	יֹשְׁבֵ֣י	3427	HVqrmpc
Jer 13:13	הָ/אָ֪רֶץ	d/776	HTd/Ncbsa
Jer 13:13	הַ/זֹּ֟את	d/2063	HTd/Pdxfs
Jer 13:13	וְ/אֶת	c/853	HC/To
Jer 13:13	הַ/מְּלָכִ֣ים	d/4428	HTd/Ncmpa
Jer 13:13	הַ/יֹּשְׁבִים֩	d/3427	HTd/Vqrmpa
Jer 13:13	לְ/דָוִ֨ד	l/1732	HR/Np
Jer 13:13	עַל	5921 a	HR
Jer 13:13	כִּסְא֜/וֹ	3678	HNcmsc/Sp3ms
Jer 13:13	וְ/אֶת	c/853	HC/To
Jer 13:13	הַ/כֹּהֲנִ֣ים	d/3548	HTd/Ncmpa
Jer 13:13	וְ/אֶת	c/853	HC/To
Jer 13:13	הַ/נְּבִיאִ֗ים	d/5030	HTd/Ncmpa
Jer 13:13	וְ/אֵ֛ת	c/853	HC/To
Jer 13:13	כָּל	3605	HNcmsc
Jer 13:13	יֹשְׁבֵ֥י	3427	HVqrmpc
Jer 13:13	יְרוּשָׁלִָ֖ם	3389	HNp
Jer 13:13	שִׁכָּרֽוֹן	7943	HNcmsa
Jer 13:14	וְ/נִפַּצְתִּי/ם֩	c/5310 a	HC/Vpq1cs/Sp3mp
Jer 13:14	אִ֨ישׁ	376	HNcmsa
Jer 13:14	אֶל	413	HR
Jer 13:14	אָחִ֜י/ו	251	HNcmsc/Sp3ms
Jer 13:14	וְ/הָ/אָב֧וֹת	c/d/1	HC/Td/Ncmpa
Jer 13:14	וְ/הַ/בָּנִ֛ים	c/d/1121 a	HC/Td/Ncmpa
Jer 13:14	יַחְדָּ֖ו	3162 b	HD
Jer 13:14	נְאֻם	5002	HNcmsc
Jer 13:14	יְהוָ֑ה	3068	HNp
Jer 13:14	לֹֽא	3808	HTn
Jer 13:14	אֶחְמ֧וֹל	2550	HVqi1cs
Jer 13:14	וְ/לֹֽא	c/3808	HC/Tn
Jer 13:14	אָח֛וּס	2347	HVqi1cs
Jer 13:14	וְ/לֹ֥א	c/3808	HC/Tn
Jer 13:14	אֲרַחֵ֖ם	7355	HVpi1cs
Jer 13:14	מֵ/הַשְׁחִיתָֽ/ם	m/7843	HR/Vhc/Sp3mp
Jer 13:15	שִׁמְע֥וּ	8085	HVqv2mp
Jer 13:15	וְ/הַאֲזִ֖ינוּ	c/238	HC/Vhv2mp
Jer 13:15	אַל	408	HTn
Jer 13:15	תִּגְבָּ֑הוּ	1361	HVqj2mp
Jer 13:15	כִּ֥י	3588 a	HC
Jer 13:15	יְהוָ֖ה	3068	HNp
Jer 13:15	דִּבֵּֽר	1696	HVpp3ms
Jer 13:16	תְּנוּ֩	5414	HVqv2mp
Jer 13:16	לַ/יהוָ֨ה	l/3068	HR/Np
Jer 13:16	אֱלֹהֵי/כֶ֤ם	430	HNcmpc/Sp2mp
Jer 13:16	כָּבוֹד֙	3519	HNcbsa
Jer 13:16	בְּ/טֶ֣רֶם	b/2962	HR/D
Jer 13:16	יַחְשִׁ֔ךְ	2821	HVhi3ms
Jer 13:16	וּ/בְ/טֶ֛רֶם	c/b/2962	HC/R/D
Jer 13:16	יִֽתְנַגְּפ֥וּ	5062	HVti3mp
Jer 13:16	רַגְלֵי/כֶ֖ם	7272	HNcfdc/Sp2mp
Jer 13:16	עַל	5921 a	HR
Jer 13:16	הָ֣רֵי	2022	HNcmpc
Jer 13:16	נָ֑שֶׁף	5399	HNcmsa
Jer 13:16	וְ/קִוִּיתֶ֤ם	c/6960 a	HC/Vpq2mp
Jer 13:16	לְ/אוֹר֙	l/216	HR/Ncbsa
Jer 13:16	וְ/שָׂמָ֣/הּ	c/7760 a	HC/Vqq3ms/Sp3fs
Jer 13:16	לְ/צַלְמָ֔וֶת	l/6757	HR/Ncmsa
Jer 13:16	ישית	7896	HVqi3ms
Jer 13:16	לַ/עֲרָפֶֽל	l/6205	HR/Ncmsa
Jer 13:17	וְ/אִם֙	c/518 a	HC/C
Jer 13:17	לֹ֣א	3808	HTn
Jer 13:17	תִשְׁמָע֔וּ/הָ	8085	HVqi2mp/Sp3fs
Jer 13:17	בְּ/מִסְתָּרִ֥ים	b/4565	HR/Ncmpa
Jer 13:17	תִּבְכֶּֽה	1058	HVqi3fs
Jer 13:17	נַפְשִׁ֖/י	5315	HNcbsc/Sp1cs
Jer 13:17	מִ/פְּנֵ֣י	m/6440	HR/Ncbpc
Jer 13:17	גֵוָ֑ה	1466	HNcfsa
Jer 13:17	וְ/דָמֹ֨עַ	c/1830	HC/Vqa
Jer 13:17	תִּדְמַ֜ע	1830	HVqi3fs
Jer 13:17	וְ/תֵרַ֤ד	c/3381	HC/Vqi3fs
Jer 13:17	עֵינִ/י֙	5869 a	HNcbsc/Sp1cs
Jer 13:17	דִּמְעָ֔ה	1832	HNcfsa
Jer 13:17	כִּ֥י	3588 a	HC
Jer 13:17	נִשְׁבָּ֖ה	7617	HVNp3ms
Jer 13:17	עֵ֥דֶר	5739	HNcmsc
Jer 13:17	יְהוָֽה	3068	HNp
Jer 13:18	אֱמֹ֥ר	559	HVqv2ms
Jer 13:18	לַ/מֶּ֛לֶךְ	l/4428	HRd/Ncmsa
Jer 13:18	וְ/לַ/גְּבִירָ֖ה	c/l/1377	HC/Rd/Ncfsa
Jer 13:18	הַשְׁפִּ֣ילוּ	8213	HVhv2mp
Jer 13:18	שֵׁ֑בוּ	3427	HVqv2mp
Jer 13:18	כִּ֤י	3588 a	HC
Jer 13:18	יָרַד֙	3381	HVqp3ms
Jer 13:18	מַרְאֲשׁ֣וֹתֵי/כֶ֔ם	4761	HNcfpc/Sp2mp
Jer 13:18	עֲטֶ֖רֶת	5850	HNcfsc
Jer 13:18	תִּֽפְאַרְתְּ/כֶֽם	8597	HNcfsc/Sp2mp
Jer 13:19	עָרֵ֥י	5892 b	HNcfpc
Jer 13:19	הַ/נֶּ֛גֶב	d/5045	HTd/Ncmsa
Jer 13:19	סֻגְּר֖וּ	5462	HVPp3cp
Jer 13:19	וְ/אֵ֣ין	c/369	HC/Tn
Jer 13:19	פֹּתֵ֑חַ	6605 a	HVqrmsa
Jer 13:19	הָגְלָ֧ת	1540	HVHp3fs
Jer 13:19	יְהוּדָ֛ה	3063	HNp
Jer 13:19	כֻּלָּ֖/הּ	3605	HNcmsc/Sp3fs
Jer 13:19	הָגְלָ֥ת	1540	HVHp3fs
Jer 13:19	שְׁלוֹמִֽים	7965	HNcmpa
Jer 13:20	שאי	5375	HVqv2fs
Jer 13:20	עֵֽינֵי/כֶם֙	5869 a	HNcbdc/Sp2mp
Jer 13:20	ו/ראי	c/7200	HC/Vqv2fs
Jer 13:20	הַ/בָּאִ֖ים	d/935	HTd/Vqrmpa
Jer 13:20	מִ/צָּפ֑וֹן	m/6828	HR/Ncfsa
Jer 13:20	אַיֵּ֗ה	346	HTi
Jer 13:20	הָ/עֵ֨דֶר֙	d/5739	HTd/Ncmsa
Jer 13:20	נִתַּן	5414	HVNp3ms
Jer 13:20	לָ֔/ךְ	l	HR/Sp2fs
Jer 13:20	צֹ֖אן	6629	HNcbsc
Jer 13:20	תִּפְאַרְתֵּֽ/ךְ	8597	HNcfsc/Sp2fs
Jer 13:21	מַה	4100	HTi
Jer 13:21	תֹּֽאמְרִי֙	559	HVqi2fs
Jer 13:21	כִּֽי	3588 a	HC
Jer 13:21	יִפְקֹ֣ד	6485 a	HVqi3ms
Jer 13:21	עָלַ֔יִ/ךְ	5921 a	HR/Sp2fs
Jer 13:21	וְ֠/אַתְּ	c/859 c	HC/Pp2fs
Jer 13:21	לִמַּ֨דְתְּ	3925	HVpp2fs
Jer 13:21	אֹתָ֥/ם	853	HTo/Sp3mp
Jer 13:21	עָלַ֛יִ/ךְ	5921 a	HR/Sp2fs
Jer 13:21	אַלֻּפִ֖ים	441 a	HNcmpa
Jer 13:21	לְ/רֹ֑אשׁ	l/7218 a	HR/Ncmsa
Jer 13:21	הֲ/ל֤וֹא	i/3808	HTi/Tn
Jer 13:21	חֲבָלִים֙	2256 b	HNcmpa
Jer 13:21	יֹאחֱז֔וּ/ךְ	270	HVqi3mp/Sp2fs
Jer 13:21	כְּמ֖וֹ	3644	HR
Jer 13:21	אֵ֥שֶׁת	802	HNcfsc
Jer 13:21	לֵדָֽה	3205	HNcfsa
Jer 13:22	וְ/כִ֤י	c/3588 a	HC/C
Jer 13:22	תֹאמְרִי֙	559	HVqi2fs
Jer 13:22	בִּ/לְבָבֵ֔/ךְ	b/3824	HR/Ncmsc/Sp2fs
Jer 13:22	מַדּ֖וּעַ	4069	HTi
Jer 13:22	קְרָאֻ֣/נִי	7122	HVqp3cp/Sp1cs
Jer 13:22	אֵ֑לֶּה	428	HPdxcp
Jer 13:22	בְּ/רֹ֧ב	b/7230	HR/Ncbsc
Jer 13:22	עֲוֺנֵ֛/ךְ	5771	HNcbsc/Sp2fs
Jer 13:22	נִגְל֥וּ	1540	HVNp3cp
Jer 13:22	שׁוּלַ֖יִ/ךְ	7757	HNcmpc/Sp2fs
Jer 13:22	נֶחְמְס֥וּ	2554	HVNp3cp
Jer 13:22	עֲקֵבָֽיִ/ךְ	6119	HNcmpc/Sp2fs
Jer 13:23	הֲ/יַהֲפֹ֤ךְ	i/2015	HTi/Vqi3ms
Jer 13:23	כּוּשִׁי֙	3569	HNgmsa
Jer 13:23	עוֹר֔/וֹ	5785	HNcmsc/Sp3ms
Jer 13:23	וְ/נָמֵ֖ר	c/5246	HC/Ncmsa
Jer 13:23	חֲבַרְבֻּרֹתָ֑י/ו	2272	HNcfpc/Sp3ms
Jer 13:23	גַּם	1571	HTa
Jer 13:23	אַתֶּם֙	859 d	HPp2mp
Jer 13:23	תּוּכְל֣וּ	3201	HVqi2mp
Jer 13:23	לְ/הֵיטִ֔יב	l/3190	HR/Vhc
Jer 13:23	לִמֻּדֵ֖י	3928	HAampc
Jer 13:23	הָרֵֽעַ	7489 a	HVhc
Jer 13:24	וַ/אֲפִיצֵ֖/ם	c/6327 a	HC/Vhi1cs/Sp3mp
Jer 13:24	כְּ/קַשׁ	k/7179	HR/Ncmsa
Jer 13:24	עוֹבֵ֑ר	5674 a	HVqrmsa
Jer 13:24	לְ/ר֖וּחַ	l/7307	HR/Ncbsc
Jer 13:24	מִדְבָּֽר	4057 b	HNcmsa
Jer 13:25	זֶ֣ה	2088	HPdxms
Jer 13:25	גוֹרָלֵ֧/ךְ	1486	HNcmsc/Sp2fs
Jer 13:25	מְנָת	4490	HNcfsc
Jer 13:25	מִדַּ֛יִ/ךְ	4055	HNcmpc/Sp2fs
Jer 13:25	מֵֽ/אִתִּ֖/י	m/854	HR/R/Sp1cs
Jer 13:25	נְאֻם	5002	HNcmsc
Jer 13:25	יְהוָ֑ה	3068	HNp
Jer 13:25	אֲשֶׁר֙	834 a	HTr
Jer 13:25	שָׁכַ֣חַתְּ	7911	HVqp2fs
Jer 13:25	אוֹתִ֔/י	853	HTo/Sp1cs
Jer 13:25	וַֽ/תִּבְטְחִ֖י	c/982	HC/Vqw2fs
Jer 13:25	בַּ/שָּֽׁקֶר	b/8267	HRd/Ncmsa
Jer 13:26	וְ/גַם	c/1571	HC/Ta
Jer 13:26	אֲנִ֛י	589	HPp1cs
Jer 13:26	חָשַׂ֥פְתִּי	2834	HVqp1cs
Jer 13:26	שׁוּלַ֖יִ/ךְ	7757	HNcmpc/Sp2fs
Jer 13:26	עַל	5921 a	HR
Jer 13:26	פָּנָ֑יִ/ךְ	6440	HNcbpc/Sp2fs
Jer 13:26	וְ/נִרְאָ֖ה	c/7200	HC/VNq3ms
Jer 13:26	קְלוֹנֵֽ/ךְ	7036	HNcmsc/Sp2fs
Jer 13:27	נִֽאֻפַ֤יִ/ךְ	5004	HNcmpc/Sp2fs
Jer 13:27	וּ/מִצְהֲלוֹתַ֨יִ/ךְ֙	c/4684	HC/Ncfpc/Sp2fs
Jer 13:27	זִמַּ֣ת	2154	HNcfsc
Jer 13:27	זְנוּתֵ֔/ךְ	2184	HNcfsc/Sp2fs
Jer 13:27	עַל	5921 a	HR
Jer 13:27	גְּבָעוֹת֙	1389	HNcfpa
Jer 13:27	בַּ/שָּׂדֶ֔ה	b/7704 b	HRd/Ncmsa
Jer 13:27	רָאִ֖יתִי	7200	HVqp1cs
Jer 13:27	שִׁקּוּצָ֑יִ/ךְ	8251	HNcmpc/Sp2fs
Jer 13:27	א֥וֹי	188	HTj
Jer 13:27	לָ/ךְ֙	l	HR/Sp2fs
Jer 13:27	יְר֣וּשָׁלִַ֔ם	3389	HNp
Jer 13:27	לֹ֣א	3808	HTn
Jer 13:27	תִטְהֲרִ֔י	2891	HVqi2fs
Jer 13:27	אַחֲרֵ֥י	310 a	HR
Jer 13:27	מָתַ֖י	4970	HTi
Jer 13:27	עֹֽד	5750	HD
Jer 14:1	אֲשֶׁ֨ר	834 a	HTr
Jer 14:1	הָיָ֤ה	1961	HVqp3ms
Jer 14:1	דְבַר	1697	HNcmsc
Jer 14:1	יְהוָה֙	3068	HNp
Jer 14:1	אֶֽל	413	HR
Jer 14:1	יִרְמְיָ֔הוּ	3414	HNp
Jer 14:1	עַל	5921 a	HR
Jer 14:1	דִּבְרֵ֖י	1697	HNcmpc
Jer 14:1	הַ/בַּצָּרֽוֹת	d/1226	HTd/Ncfpa
Jer 14:2	אָבְלָ֣ה	56	HVqp3fs
Jer 14:2	יְהוּדָ֔ה	3063	HNp
Jer 14:2	וּ/שְׁעָרֶ֥י/הָ	c/8179	HC/Ncmpc/Sp3fs
Jer 14:2	אֻמְלְל֖וּ	535	HVKp3cp
Jer 14:2	קָדְר֣וּ	6937	HVqp3cp
Jer 14:2	לָ/אָ֑רֶץ	l/776	HRd/Ncbsa
Jer 14:2	וְ/צִוְחַ֥ת	c/6682	HC/Ncfsc
Jer 14:2	יְרוּשָׁלִַ֖ם	3389	HNp
Jer 14:2	עָלָֽתָה	5927	HVqp3fs
Jer 14:3	וְ/אַדִּ֣רֵי/הֶ֔ם	c/117	HC/Aampc/Sp3mp
Jer 14:3	שָׁלְח֥וּ	7971	HVqp3cp
Jer 14:3	צעורי/הם	6810	HAampc/Sp3mp
Jer 14:3	לַ/מָּ֑יִם	l/4325	HRd/Ncmpa
Jer 14:3	בָּ֣אוּ	935	HVqp3cp
Jer 14:3	עַל	5921 a	HR
Jer 14:3	גֵּבִ֞ים	1356 a	HNcmpa
Jer 14:3	לֹא	3808	HTn
Jer 14:3	מָ֣צְאוּ	4672	HVqp3cp
Jer 14:3	מַ֗יִם	4325	HNcmpa
Jer 14:3	שָׁ֤בוּ	7725	HVqp3cp
Jer 14:3	כְלֵי/הֶם֙	3627	HNcmpc/Sp3mp
Jer 14:3	רֵיקָ֔ם	7387	HD
Jer 14:3	בֹּ֥שׁוּ	954	HVqp3cp
Jer 14:3	וְ/הָכְלְמ֖וּ	c/3637	HC/VHp3cp
Jer 14:3	וְ/חָפ֥וּ	c/2645	HC/Vqp3cp
Jer 14:3	רֹאשָֽׁ/ם	7218 a	HNcmsc/Sp3mp
Jer 14:4	בַּ/עֲב֤וּר	b/5668	HR/Ncmsc
Jer 14:4	הָ/אֲדָמָה֙	d/127	HTd/Ncfsa
Jer 14:4	חַ֔תָּה	2865	HVqp3fs
Jer 14:4	כִּ֛י	3588 a	HC
Jer 14:4	לֹא	3808	HTn
Jer 14:4	הָיָ֥ה	1961	HVqp3ms
Jer 14:4	גֶ֖שֶׁם	1653	HNcmsa
Jer 14:4	בָּ/אָ֑רֶץ	b/776	HRd/Ncbsa
Jer 14:4	בֹּ֥שׁוּ	954	HVqp3cp
Jer 14:4	אִכָּרִ֖ים	406	HNcmpa
Jer 14:4	חָפ֥וּ	2645	HVqp3cp
Jer 14:4	רֹאשָֽׁ/ם	7218 a	HNcmsc/Sp3mp
Jer 14:5	כִּ֤י	3588 a	HC
Jer 14:5	גַם	1571	HD
Jer 14:5	אַיֶּ֨לֶת֙	365	HNcfsa
Jer 14:5	בַּ/שָּׂדֶ֔ה	b/7704 b	HRd/Ncmsa
Jer 14:5	יָלְדָ֖ה	3205	HVqp3fs
Jer 14:5	וְ/עָז֑וֹב	c/5800 a	HC/Vqa
Jer 14:5	כִּ֥י	3588 a	HC
Jer 14:5	לֹֽא	3808	HTn
Jer 14:5	הָיָ֖ה	1961	HVqp3ms
Jer 14:5	דֶּֽשֶׁא	1877	HNcmsa
Jer 14:6	וּ/פְרָאִים֙	c/6501	HC/Ncmpa
Jer 14:6	עָמְד֣וּ	5975	HVqp3cp
Jer 14:6	עַל	5921 a	HR
Jer 14:6	שְׁפָיִ֔ם	8205	HNcmpa
Jer 14:6	שָׁאֲפ֥וּ	7602 a	HVqp3cp
Jer 14:6	ר֖וּחַ	7307	HNcbsa
Jer 14:6	כַּ/תַּנִּ֑ים	k/8577 a	HRd/Ncmpa
Jer 14:6	כָּל֥וּ	3615	HVqp3cp
Jer 14:6	עֵינֵי/הֶ֖ם	5869 a	HNcbdc/Sp3mp
Jer 14:6	כִּי	3588 a	HC
Jer 14:6	אֵ֥ין	369	HTn
Jer 14:6	עֵֽשֶׂב	6212	HNcmsa
Jer 14:7	אִם	518 a	HC
Jer 14:7	עֲוֺנֵ֨י/נוּ֙	5771	HNcbpc/Sp1cp
Jer 14:7	עָ֣נוּ	6030 b	HVqp3cp
Jer 14:7	בָ֔/נוּ	b	HR/Sp1cp
Jer 14:7	יְהוָ֕ה	3068	HNp
Jer 14:7	עֲשֵׂ֖ה	6213 a	HVqv2ms
Jer 14:7	לְמַ֣עַן	4616	HR
Jer 14:7	שְׁמֶ֑/ךָ	8034	HNcmsc/Sp2ms
Jer 14:7	כִּֽי	3588 a	HC
Jer 14:7	רַבּ֥וּ	7231	HVqp3cp
Jer 14:7	מְשׁוּבֹתֵ֖י/נוּ	4878	HNcfpc/Sp1cp
Jer 14:7	לְ/ךָ֥	l	HR/Sp2ms
Jer 14:7	חָטָֽאנוּ	2398	HVqp1cp
Jer 14:8	מִקְוֵה֙	4723 b	HNcmsc
Jer 14:8	יִשְׂרָאֵ֔ל	3478	HNp
Jer 14:8	מֽוֹשִׁיע֖/וֹ	3467	HVhrmsc/Sp3ms
Jer 14:8	בְּ/עֵ֣ת	b/6256	HR/Ncbsc
Jer 14:8	צָרָ֑ה	6869 b	HNcfsa
Jer 14:8	לָ֤/מָּה	l/4100	HR/Ti
Jer 14:8	תִֽהְיֶה֙	1961	HVqi2ms
Jer 14:8	כְּ/גֵ֣ר	k/1616	HR/Ncmsa
Jer 14:8	בָּ/אָ֔רֶץ	b/776	HRd/Ncbsa
Jer 14:8	וּ/כְ/אֹרֵ֖חַ	c/k/732	HC/R/Vqrmsa
Jer 14:8	נָטָ֥ה	5186	HVqp3ms
Jer 14:8	לָ/לֽוּן	l/3885 a	HR/Vqc
Jer 14:9	לָ֤/מָּה	l/4100	HR/Ti
Jer 14:9	תִֽהְיֶה֙	1961	HVqi2ms
Jer 14:9	כְּ/אִ֣ישׁ	k/376	HR/Ncmsa
Jer 14:9	נִדְהָ֔ם	1724	HVNrmsa
Jer 14:9	כְּ/גִבּ֖וֹר	k/1368	HR/Aamsa
Jer 14:9	לֹא	3808	HTn
Jer 14:9	יוּכַ֣ל	3201	HVqi3ms
Jer 14:9	לְ/הוֹשִׁ֑יעַ	l/3467	HR/Vhc
Jer 14:9	וְ/אַתָּ֧ה	c/859 a	HC/Pp2ms
Jer 14:9	בְ/קִרְבֵּ֣/נוּ	b/7130	HR/Ncmsc/Sp1cp
Jer 14:9	יְהוָ֗ה	3068	HNp
Jer 14:9	וְ/שִׁמְ/ךָ֛	c/8034	HC/Ncmsc/Sp2ms
Jer 14:9	עָלֵ֥י/נוּ	5921 a	HR/Sp1cp
Jer 14:9	נִקְרָ֖א	7121	HVNp3ms
Jer 14:9	אַל	408	HTn
Jer 14:9	תַּנִּחֵֽ/נוּ	3240	HVhj2ms/Sp1cp
Jer 14:10	כֹּֽה	3541	HD
Jer 14:10	אָמַ֨ר	559	HVqp3ms
Jer 14:10	יְהוָ֜ה	3068	HNp
Jer 14:10	לָ/עָ֣ם	l/5971 a	HRd/Ncmsa
Jer 14:10	הַ/זֶּ֗ה	d/2088	HTd/Pdxms
Jer 14:10	כֵּ֤ן	3651 c	HTm
Jer 14:10	אָֽהֲבוּ֙	157	HVqp3cp
Jer 14:10	לָ/נ֔וּעַ	l/5128	HR/Vqc
Jer 14:10	רַגְלֵי/הֶ֖ם	7272	HNcfdc/Sp3mp
Jer 14:10	לֹ֣א	3808	HTn
Jer 14:10	חָשָׂ֑כוּ	2820	HVqp3cp
Jer 14:10	וַ/יהוָה֙	c/3068	HC/Np
Jer 14:10	לֹ֣א	3808	HTn
Jer 14:10	רָצָ֔/ם	7521	HVqp3ms/Sp3mp
Jer 14:10	עַתָּה֙	6258	HD
Jer 14:10	יִזְכֹּ֣ר	2142	HVqi3ms
Jer 14:10	עֲוֺנָ֔/ם	5771	HNcbsc/Sp3mp
Jer 14:10	וְ/יִפְקֹ֖ד	c/6485 a	HC/Vqi3ms
Jer 14:10	חַטֹּאתָֽ/ם	2403 b	HNcfpc/Sp3mp
Jer 14:11	וַ/יֹּ֥אמֶר	c/559	HC/Vqw3ms
Jer 14:11	יְהוָ֖ה	3068	HNp
Jer 14:11	אֵלָ֑/י	413	HR/Sp1cs
Jer 14:11	אַל	408	HTn
Jer 14:11	תִּתְפַּלֵּ֛ל	6419	HVtj2ms
Jer 14:11	בְּעַד	1157	HR
Jer 14:11	הָ/עָ֥ם	d/5971 a	HTd/Ncmsa
Jer 14:11	הַ/זֶּ֖ה	d/2088	HTd/Pdxms
Jer 14:11	לְ/טוֹבָֽה	l/2896 c	HR/Aafsa
Jer 14:12	כִּ֣י	3588 a	HC
Jer 14:12	יָצֻ֗מוּ	6684	HVqi3mp
Jer 14:12	אֵינֶ֤/נִּי	369	HTn/Sp1cs
Jer 14:12	שֹׁמֵ֨עַ֙	8085	HVqrmsa
Jer 14:12	אֶל	413	HR
Jer 14:12	רִנָּתָ֔/ם	7440	HNcfsc/Sp3mp
Jer 14:12	וְ/כִ֧י	c/3588 a	HC/C
Jer 14:12	יַעֲל֛וּ	5927	HVhi3mp
Jer 14:12	עֹלָ֥ה	5930 a	HNcfsa
Jer 14:12	וּ/מִנְחָ֖ה	c/4503	HC/Ncfsa
Jer 14:12	אֵינֶ֣/נִּי	369	HTn/Sp1cs
Jer 14:12	רֹצָ֑/ם	7521	HVqrmsc/Sp3mp
Jer 14:12	כִּ֗י	3588 a	HC
Jer 14:12	בַּ/חֶ֨רֶב֙	b/2719	HRd/Ncfsa
Jer 14:12	וּ/בָ/רָעָ֣ב	c/b/7458	HC/Rd/Ncmsa
Jer 14:12	וּ/בַ/דֶּ֔בֶר	c/b/1698	HC/Rd/Ncmsa
Jer 14:12	אָנֹכִ֖י	595	HPp1cs
Jer 14:12	מְכַלֶּ֥ה	3615	HVprmsa
Jer 14:12	אוֹתָֽ/ם	853	HTo/Sp3mp
Jer 14:13	וָ/אֹמַ֞ר	c/559	HC/Vqw1cs
Jer 14:13	אֲהָ֣הּ	162	HTj
Jer 14:13	אֲדֹנָ֣/י	136	HNcmpc/Sp1cs
Jer 14:13	יְהוִ֗ה	3069	HNp
Jer 14:13	הִנֵּ֨ה	2009	HTm
Jer 14:13	הַ/נְּבִאִ֜ים	d/5030	HTd/Ncmpa
Jer 14:13	אֹמְרִ֤ים	559	HVqrmpa
Jer 14:13	לָ/הֶם֙	l	HR/Sp3mp
Jer 14:13	לֹֽא	3808	HTn
Jer 14:13	תִרְא֣וּ	7200	HVqi2mp
Jer 14:13	חֶ֔רֶב	2719	HNcfsa
Jer 14:13	וְ/רָעָ֖ב	c/7458	HC/Ncmsa
Jer 14:13	לֹֽא	3808	HTn
Jer 14:13	יִהְיֶ֣ה	1961	HVqi3ms
Jer 14:13	לָ/כֶ֑ם	l	HR/Sp2mp
Jer 14:13	כִּֽי	3588 a	HC
Jer 14:13	שְׁל֤וֹם	7965	HNcmsc
Jer 14:13	אֱמֶת֙	571	HNcfsa
Jer 14:13	אֶתֵּ֣ן	5414	HVqi1cs
Jer 14:13	לָ/כֶ֔ם	l	HR/Sp2mp
Jer 14:13	בַּ/מָּק֖וֹם	b/4725	HRd/Ncmsa
Jer 14:13	הַ/זֶּֽה	d/2088	HTd/Pdxms
Jer 14:14	וַ/יֹּ֨אמֶר	c/559	HC/Vqw3ms
Jer 14:14	יְהוָ֜ה	3068	HNp
Jer 14:14	אֵלַ֗/י	413	HR/Sp1cs
Jer 14:14	שֶׁ֚קֶר	8267	HNcmsa
Jer 14:14	הַ/נְּבִאִים֙	d/5030	HTd/Ncmpa
Jer 14:14	נִבְּאִ֣ים	5012	HVNrmpa
Jer 14:14	בִּ/שְׁמִ֔/י	b/8034	HR/Ncmsc/Sp1cs
Jer 14:14	לֹ֤א	3808	HTn
Jer 14:14	שְׁלַחְתִּי/ם֙	7971	HVqp1cs/Sp3mp
Jer 14:14	וְ/לֹ֣א	c/3808	HC/Tn
Jer 14:14	צִוִּיתִ֔י/ם	6680	HVpp1cs/Sp3mp
Jer 14:14	וְ/לֹ֥א	c/3808	HC/Tn
Jer 14:14	דִבַּ֖רְתִּי	1696	HVpp1cs
Jer 14:14	אֲלֵי/הֶ֑ם	413	HR/Sp3mp
Jer 14:14	חֲז֨וֹן	2377	HNcmsc
Jer 14:14	שֶׁ֜קֶר	8267	HNcmsa
Jer 14:14	וְ/קֶ֤סֶם	c/7081	HC/Ncmsa
Jer 14:14	ו/אלול	c/434	HC/Np
Jer 14:14	ו/תרמות	c/8649 b	HC/Ncfsc
Jer 14:14	לִבָּ֔/ם	3820 a	HNcmsc/Sp3mp
Jer 14:14	הֵ֖מָּה	1992	HPp3mp
Jer 14:14	מִֽתְנַבְּאִ֥ים	5012	HVtrmpa
Jer 14:14	לָ/כֶֽם	l	HR/Sp2mp
Jer 14:15	לָ/כֵ֞ן	l/3651 c	HR/D
Jer 14:15	כֹּֽה	3541	HD
Jer 14:15	אָמַ֣ר	559	HVqp3ms
Jer 14:15	יְהוָ֗ה	3068	HNp
Jer 14:15	עַֽל	5921 a	HR
Jer 14:15	הַ/נְּבִאִ֞ים	d/5030	HTd/Ncmpa
Jer 14:15	הַ/נִּבְּאִ֣ים	d/5012	HTd/VNrmpa
Jer 14:15	בִּ/שְׁמִ/י֮	b/8034	HR/Ncmsc/Sp1cs
Jer 14:15	וַ/אֲנִ֣י	c/589	HC/Pp1cs
Jer 14:15	לֹֽא	3808	HTn
Jer 14:15	שְׁלַחְתִּי/ם֒	7971	HVqp1cs/Sp3mp
Jer 14:15	וְ/הֵ֨מָּה֙	c/1992	HC/Pp3mp
Jer 14:15	אֹֽמְרִ֔ים	559	HVqrmpa
Jer 14:15	חֶ֣רֶב	2719	HNcfsa
Jer 14:15	וְ/רָעָ֔ב	c/7458	HC/Ncmsa
Jer 14:15	לֹ֥א	3808	HTn
Jer 14:15	יִהְיֶ֖ה	1961	HVqi3ms
Jer 14:15	בָּ/אָ֣רֶץ	b/776	HRd/Ncbsa
Jer 14:15	הַ/זֹּ֑את	d/2063	HTd/Pdxfs
Jer 14:15	בַּ/חֶ֤רֶב	b/2719	HRd/Ncfsa
Jer 14:15	וּ/בָֽ/רָעָב֙	c/b/7458	HC/Rd/Ncmsa
Jer 14:15	יִתַּ֔מּוּ	8552	HVqi3mp
Jer 14:15	הַ/נְּבִאִ֖ים	d/5030	HTd/Ncmpa
Jer 14:15	הָ/הֵֽמָּה	d/1992	HTd/Pp3mp
Jer 14:16	וְ/הָ/עָ֣ם	c/d/5971 a	HC/Td/Ncmsa
Jer 14:16	אֲשֶׁר	834 a	HTr
Jer 14:16	הֵ֣מָּה	1992	HPp3mp
Jer 14:16	נִבְּאִ֣ים	5012	HVNrmpa
Jer 14:16	לָ/הֶ֡ם	l	HR/Sp3mp
Jer 14:16	יִֽהְי֣וּ	1961	HVqi3mp
Jer 14:16	מֻשְׁלָכִים֩	7993	HVHsmpa
Jer 14:16	בְּ/חֻצ֨וֹת	b/2351	HR/Ncmpc
Jer 14:16	יְרוּשָׁלִַ֜ם	3389	HNp
Jer 14:16	מִ/פְּנֵ֣י	m/6440	HR/Ncbpc
Jer 14:16	הָ/רָעָ֣ב	d/7458	HTd/Ncmsa
Jer 14:16	וְ/הַ/חֶ֗רֶב	c/d/2719	HC/Td/Ncfsa
Jer 14:16	וְ/אֵ֤ין	c/369	HC/Tn
Jer 14:16	מְקַבֵּר֙	6912	HVprmsa
Jer 14:16	לָ/הֵ֔מָּה	l/1992	HR/Pp3mp
Jer 14:16	הֵ֣מָּה	1992	HPp3mp
Jer 14:16	נְשֵׁי/הֶ֔ם	802	HNcfpc/Sp3mp
Jer 14:16	וּ/בְנֵי/הֶ֖ם	c/1121 a	HC/Ncmpc/Sp3mp
Jer 14:16	וּ/בְנֹֽתֵי/הֶ֑ם	c/1323	HC/Ncfpc/Sp3mp
Jer 14:16	וְ/שָׁפַכְתִּ֥י	c/8210	HC/Vqq1cs
Jer 14:16	עֲלֵי/הֶ֖ם	5921 a	HR/Sp3mp
Jer 14:16	אֶת	853	HTo
Jer 14:16	רָעָתָֽ/ם	7451 c	HNcfsc/Sp3mp
Jer 14:17	וְ/אָמַרְתָּ֤	c/559	HC/Vqq2ms
Jer 14:17	אֲלֵי/הֶם֙	413	HR/Sp3mp
Jer 14:17	אֶת	853	HTo
Jer 14:17	הַ/דָּבָ֣ר	d/1697	HTd/Ncmsa
Jer 14:17	הַ/זֶּ֔ה	d/2088	HTd/Pdxms
Jer 14:17	תֵּרַ֨דְנָה	3381	HVqi3fp
Jer 14:17	עֵינַ֥/י	5869 a	HNcbdc/Sp1cs
Jer 14:17	דִּמְעָ֛ה	1832	HNcfsa
Jer 14:17	לַ֥יְלָה	3915	HNcmsa
Jer 14:17	וְ/יוֹמָ֖ם	c/3119	HC/D
Jer 14:17	וְ/אַל	c/408	HC/Tn
Jer 14:17	תִּדְמֶ֑ינָה	1820	HVqj3fp
Jer 14:17	כִּי֩	3588 a	HC
Jer 14:17	שֶׁ֨בֶר	7667	HNcmsa
Jer 14:17	גָּד֜וֹל	1419 a	HAamsa
Jer 14:17	נִשְׁבְּרָ֗ה	7665	HVNp3fs
Jer 14:17	בְּתוּלַת֙	1330	HNcfsc
Jer 14:17	בַּת	1323	HNcfsc
Jer 14:17	עַמִּ֔/י	5971 a	HNcmsc/Sp1cs
Jer 14:17	מַכָּ֖ה	4347	HNcfsa
Jer 14:17	נַחְלָ֥ה	2470 a	HVNrfsa
Jer 14:17	מְאֹֽד	3966	HD
Jer 14:18	אִם	518 a	HC
Jer 14:18	יָצָ֣אתִי	3318	HVqp1cs
Jer 14:18	הַ/שָּׂדֶ֗ה	d/7704 b	HTd/Ncmsa
Jer 14:18	וְ/הִנֵּה֙	c/2009	HC/Tm
Jer 14:18	חַלְלֵי	2491 a	HAampc
Jer 14:18	חֶ֔רֶב	2719	HNcfsa
Jer 14:18	וְ/אִם֙	c/518 a	HC/C
Jer 14:18	בָּ֣אתִי	935	HVqp1cs
Jer 14:18	הָ/עִ֔יר	d/5892 b	HTd/Ncfsa
Jer 14:18	וְ/הִנֵּ֖ה	c/2009	HC/Tm
Jer 14:18	תַּחֲלוּאֵ֣י	8463	HNcmpc
Jer 14:18	רָעָ֑ב	7458	HNcmsa
Jer 14:18	כִּֽי	3588 a	HC
Jer 14:18	גַם	1571	HD
Jer 14:18	נָבִ֧יא	5030	HNcmsa
Jer 14:18	גַם	1571	HD
Jer 14:18	כֹּהֵ֛ן	3548	HNcmsa
Jer 14:18	סָחֲר֥וּ	5503	HVqp3cp
Jer 14:18	אֶל	413	HR
Jer 14:18	אֶ֖רֶץ	776	HNcbsa
Jer 14:18	וְ/לֹ֥א	c/3808	HC/Tn
Jer 14:18	יָדָֽעוּ	3045	HVqp3cp
Jer 14:19	הֲ/מָאֹ֨ס	i/3988 a	HTi/Vqa
Jer 14:19	מָאַ֜סְתָּ	3988 a	HVqp2ms
Jer 14:19	אֶת	853	HTo
Jer 14:19	יְהוּדָ֗ה	3063	HNp
Jer 14:19	אִם	518 a	HC
Jer 14:19	בְּ/צִיּוֹן֙	b/6726	HR/Np
Jer 14:19	גָּעֲלָ֣ה	1602	HVqp3fs
Jer 14:19	נַפְשֶׁ֔/ךָ	5315	HNcbsc/Sp2ms
Jer 14:19	מַדּ֨וּעַ֙	4069	HTi
Jer 14:19	הִכִּיתָ֔/נוּ	5221	HVhp2ms/Sp1cp
Jer 14:19	וְ/אֵ֥ין	c/369	HC/Tn
Jer 14:19	לָ֖/נוּ	l	HR/Sp1cp
Jer 14:19	מַרְפֵּ֑א	4832	HNcmsa
Jer 14:19	קַוֵּ֤ה	6960 a	HVpa
Jer 14:19	לְ/שָׁלוֹם֙	l/7965	HR/Ncmsa
Jer 14:19	וְ/אֵ֣ין	c/369	HC/Tn
Jer 14:19	ט֔וֹב	2896 b	HAamsa
Jer 14:19	וּ/לְ/עֵ֥ת	c/l/6256	HC/R/Ncbsc
Jer 14:19	מַרְפֵּ֖א	4832	HNcmsa
Jer 14:19	וְ/הִנֵּ֥ה	c/2009	HC/Tm
Jer 14:19	בְעָתָֽה	1205	HNcfsa
Jer 14:20	יָדַ֧עְנוּ	3045	HVqp1cp
Jer 14:20	יְהוָ֛ה	3068	HNp
Jer 14:20	רִשְׁעֵ֖/נוּ	7562	HNcmsc/Sp1cp
Jer 14:20	עֲוֺ֣ן	5771	HNcbsc
Jer 14:20	אֲבוֹתֵ֑י/נוּ	1	HNcmpc/Sp1cp
Jer 14:20	כִּ֥י	3588 a	HC
Jer 14:20	חָטָ֖אנוּ	2398	HVqp1cp
Jer 14:20	לָֽ/ךְ	l	HR/Sp2fs
Jer 14:21	אַל	408	HTn
Jer 14:21	תִּנְאַץ֙	5006	HVqj2ms
Jer 14:21	לְמַ֣עַן	4616	HR
Jer 14:21	שִׁמְ/ךָ֔	8034	HNcmsc/Sp2ms
Jer 14:21	אַל	408	HTn
Jer 14:21	תְּנַבֵּ֖ל	5034 a	HVpj2ms
Jer 14:21	כִּסֵּ֣א	3678	HNcmsc
Jer 14:21	כְבוֹדֶ֑/ךָ	3519	HNcbsc/Sp2ms
Jer 14:21	זְכֹ֕ר	2142	HVqv2ms
Jer 14:21	אַל	408	HTn
Jer 14:21	תָּפֵ֥ר	6565 a	HVhj2ms
Jer 14:21	בְּרִֽיתְ/ךָ֖	1285	HNcfsc/Sp2ms
Jer 14:21	אִתָּֽ/נוּ	854	HR/Sp1cp
Jer 14:22	הֲ/יֵ֨שׁ	i/3426	HTi/Tm
Jer 14:22	בְּ/הַבְלֵ֤י	b/1892	HR/Ncmpc
Jer 14:22	הַ/גּוֹיִם֙	d/1471 a	HTd/Ncmpa
Jer 14:22	מַגְשִׁמִ֔ים	1652	HVhrmpa
Jer 14:22	וְ/אִם	c/518 a	HC/C
Jer 14:22	הַ/שָּׁמַ֖יִם	d/8064	HTd/Ncmpa
Jer 14:22	יִתְּנ֣וּ	5414	HVqi3mp
Jer 14:22	רְבִבִ֑ים	7241	HNcmpa
Jer 14:22	הֲ/לֹ֨א	i/3808	HTi/Tn
Jer 14:22	אַתָּה	859 a	HPp2ms
Jer 14:22	ה֜וּא	1931	HPp3ms
Jer 14:22	יְהוָ֤ה	3068	HNp
Jer 14:22	אֱלֹהֵ֨י/נוּ֙	430	HNcmpc/Sp1cp
Jer 14:22	וּ֨/נְקַוֶּה	c/6960 a	HC/Vpi1cp
Jer 14:22	לָּ֔/ךְ	l	HR/Sp2fs
Jer 14:22	כִּֽי	3588 a	HC
Jer 14:22	אַתָּ֥ה	859 a	HPp2ms
Jer 14:22	עָשִׂ֖יתָ	6213 a	HVqp2ms
Jer 14:22	אֶת	853	HTo
Jer 14:22	כָּל	3605	HNcmsc
Jer 14:22	אֵֽלֶּה	428	HPdxcp
Jer 15:1	וַ/יֹּ֤אמֶר	c/559	HC/Vqw3ms
Jer 15:1	יְהוָה֙	3068	HNp
Jer 15:1	אֵלַ֔/י	413	HR/Sp1cs
Jer 15:1	אִם	518 a	HC
Jer 15:1	יַעֲמֹ֨ד	5975	HVqi3ms
Jer 15:1	מֹשֶׁ֤ה	4872	HNp
Jer 15:1	וּ/שְׁמוּאֵל֙	c/8050	HC/Np
Jer 15:1	לְ/פָנַ֔/י	l/6440	HR/Ncbpc/Sp1cs
Jer 15:1	אֵ֥ין	369	HTn
Jer 15:1	נַפְשִׁ֖/י	5315	HNcbsc/Sp1cs
Jer 15:1	אֶל	413	HR
Jer 15:1	הָ/עָ֣ם	d/5971 a	HTd/Ncmsa
Jer 15:1	הַ/זֶּ֑ה	d/2088	HTd/Pdxms
Jer 15:1	שַׁלַּ֥ח	7971	HVpv2ms
Jer 15:1	מֵֽ/עַל	m/5921 a	HR/R
Jer 15:1	פָּנַ֖/י	6440	HNcbpc/Sp1cs
Jer 15:1	וְ/יֵצֵֽאוּ	c/3318	HC/Vqi3mp
Jer 15:2	וְ/הָיָ֛ה	c/1961	HC/Vqq3ms
Jer 15:2	כִּֽי	3588 a	HC
Jer 15:2	יֹאמְר֥וּ	559	HVqi3mp
Jer 15:2	אֵלֶ֖י/ךָ	413	HR/Sp2ms
Jer 15:2	אָ֣נָה	575	HD
Jer 15:2	נֵצֵ֑א	3318	HVqi1cp
Jer 15:2	וְ/אָמַרְתָּ֨	c/559	HC/Vqq2ms
Jer 15:2	אֲלֵי/הֶ֜ם	413	HR/Sp3mp
Jer 15:2	כֹּֽה	3541	HD
Jer 15:2	אָמַ֣ר	559	HVqp3ms
Jer 15:2	יְהוָ֗ה	3068	HNp
Jer 15:2	אֲשֶׁ֨ר	834 a	HTr
Jer 15:2	לַ/מָּ֤וֶת	l/4194	HRd/Ncmsa
Jer 15:2	לַ/מָּ֨וֶת֙	l/4194	HRd/Ncmsa
Jer 15:2	וַ/אֲשֶׁ֤ר	c/834 a	HC/Tr
Jer 15:2	לַ/חֶ֨רֶב֙	l/2719	HRd/Ncfsa
Jer 15:2	לַ/חֶ֔רֶב	l/2719	HRd/Ncfsa
Jer 15:2	וַ/אֲשֶׁ֤ר	c/834 a	HC/Tr
Jer 15:2	לָֽ/רָעָב֙	l/7458	HRd/Ncmsa
Jer 15:2	לָֽ/רָעָ֔ב	l/7458	HRd/Ncmsa
Jer 15:2	וַ/אֲשֶׁ֥ר	c/834 a	HC/Tr
Jer 15:2	לַ/שְּׁבִ֖י	l/7628 a	HRd/Ncbsa
Jer 15:2	לַ/שֶּֽׁבִי	l/7628 a	HRd/Ncbsa
Jer 15:3	וּ/פָקַדְתִּ֨י	c/6485 a	HC/Vqq1cs
Jer 15:3	עֲלֵי/הֶ֜ם	5921 a	HR/Sp3mp
Jer 15:3	אַרְבַּ֤ע	702	HAcfsa
Jer 15:3	מִשְׁפָּחוֹת֙	4940	HNcfpa
Jer 15:3	נְאֻם	5002	HNcmsc
Jer 15:3	יְהוָ֔ה	3068	HNp
Jer 15:3	אֶת	853	HTo
Jer 15:3	הַ/חֶ֣רֶב	d/2719	HTd/Ncfsa
Jer 15:3	לַֽ/הֲרֹ֔ג	l/2026	HR/Vqc
Jer 15:3	וְ/אֶת	c/853	HC/To
Jer 15:3	הַ/כְּלָבִ֖ים	d/3611	HTd/Ncmpa
Jer 15:3	לִ/סְחֹ֑ב	l/5498	HR/Vqc
Jer 15:3	וְ/אֶת	c/853	HC/To
Jer 15:3	ע֧וֹף	5775	HNcmsc
Jer 15:3	הַ/שָּׁמַ֛יִם	d/8064	HTd/Ncmpa
Jer 15:3	וְ/אֶת	c/853	HC/To
Jer 15:3	בֶּהֱמַ֥ת	929	HNcfsc
Jer 15:3	הָ/אָ֖רֶץ	d/776	HTd/Ncbsa
Jer 15:3	לֶ/אֱכֹ֥ל	l/398	HR/Vqc
Jer 15:3	וּ/לְ/הַשְׁחִֽית	c/l/7843	HC/R/Vhc
Jer 15:4	וּ/נְתַתִּ֣י/ם	c/5414	HC/Vqq1cs/Sp3mp
Jer 15:4	ל/זועה	l/2113	HR/Ncfsa
Jer 15:4	לְ/כֹ֖ל	l/3605	HR/Ncmsc
Jer 15:4	מַמְלְכ֣וֹת	4467	HNcfpc
Jer 15:4	הָ/אָ֑רֶץ	d/776	HTd/Ncbsa
Jer 15:4	בִּ֠/גְלַל	b/1558	HR/Ncmsc
Jer 15:4	מְנַשֶּׁ֤ה	4519	HNp
Jer 15:4	בֶן	1121 a	HNcmsc
Jer 15:4	יְחִזְקִיָּ֨הוּ֙	2396	HNp
Jer 15:4	מֶ֣לֶךְ	4428	HNcmsc
Jer 15:4	יְהוּדָ֔ה	3063	HNp
Jer 15:4	עַ֥ל	5921 a	HR
Jer 15:4	אֲשֶׁר	834 a	HTr
Jer 15:4	עָשָׂ֖ה	6213 a	HVqp3ms
Jer 15:4	בִּ/ירוּשָׁלִָֽם	b/3389	HR/Np
Jer 15:5	כִּ֠י	3588 a	HC
Jer 15:5	מִֽי	4310	HTi
Jer 15:5	יַחְמֹ֤ל	2550	HVqi3ms
Jer 15:5	עָלַ֨יִ/ךְ֙	5921 a	HR/Sp2fs
Jer 15:5	יְר֣וּשָׁלִַ֔ם	3389	HNp
Jer 15:5	וּ/מִ֖י	c/4310	HC/Ti
Jer 15:5	יָנ֣וּד	5110	HVqi3ms
Jer 15:5	לָ֑/ךְ	l	HR/Sp2fs
Jer 15:5	וּ/מִ֣י	c/4310	HC/Ti
Jer 15:5	יָס֔וּר	5493	HVqi3ms
Jer 15:5	לִ/שְׁאֹ֥ל	l/7592	HR/Vqc
Jer 15:5	לְ/שָׁלֹ֖ם	l/7965	HR/Ncmsa
Jer 15:5	לָֽ/ךְ	l	HR/Sp2fs
Jer 15:6	אַ֣תְּ	859 c	HPp2fs
Jer 15:6	נָטַ֥שְׁתְּ	5203	HVqp2fs
Jer 15:6	אֹתִ֛/י	853	HTo/Sp1cs
Jer 15:6	נְאֻם	5002	HNcmsc
Jer 15:6	יְהוָ֖ה	3068	HNp
Jer 15:6	אָח֣וֹר	268	HNcmsa
Jer 15:6	תֵּלֵ֑כִי	3212	HVqi2fs
Jer 15:6	וָ/אַ֨ט	c/5186	HC/Vhw1cs
Jer 15:6	אֶת	853	HTo
Jer 15:6	יָדִ֤/י	3027	HNcbsc/Sp1cs
Jer 15:6	עָלַ֨יִ/ךְ֙	5921 a	HR/Sp2fs
Jer 15:6	וָֽ/אַשְׁחִיתֵ֔/ךְ	c/7843	HC/Vhw1cs/Sp2fs
Jer 15:6	נִלְאֵ֖יתִי	3811	HVNp1cs
Jer 15:6	הִנָּחֵֽם	5162	HVNc
Jer 15:7	וָ/אֶזְרֵ֥/ם	c/2219	HC/Vqw1cs/Sp3mp
Jer 15:7	בְּ/מִזְרֶ֖ה	b/4214	HR/Ncmsa
Jer 15:7	בְּ/שַׁעֲרֵ֣י	b/8179	HR/Ncmpc
Jer 15:7	הָ/אָ֑רֶץ	d/776	HTd/Ncbsa
Jer 15:7	שִׁכַּ֤לְתִּי	7921 a	HVpp1cs
Jer 15:7	אִבַּ֨דְתִּי֙	6	HVpp1cs
Jer 15:7	אֶת	853	HTo
Jer 15:7	עַמִּ֔/י	5971 a	HNcmsc/Sp1cs
Jer 15:7	מִ/דַּרְכֵי/הֶ֖ם	m/1870	HR/Ncbpc/Sp3mp
Jer 15:7	לוֹא	3808	HTn
Jer 15:7	שָֽׁבוּ	7725	HVqp3cp
Jer 15:8	עָֽצְמוּ	6105 a	HVqp3cp
Jer 15:8	לִ֤/י	l	HR/Sp1cs
Jer 15:8	אַלְמְנֹתָ/ו֙	490	HNcfpc/Sp3ms
Jer 15:8	מֵ/ח֣וֹל	m/2344	HR/Ncmsc
Jer 15:8	יַמִּ֔ים	3220	HNcmpa
Jer 15:8	הֵבֵ֨אתִי	935	HVhp1cs
Jer 15:8	לָ/הֶ֥ם	l	HR/Sp3mp
Jer 15:8	עַל	5921 a	HR
Jer 15:8	אֵ֛ם	517	HNcfsa
Jer 15:8	בָּח֖וּר	970	HNcmsa
Jer 15:8	שֹׁדֵ֣ד	7703	HVqrmsa
Jer 15:8	בַּֽ/צָּהֳרָ֑יִם	b/6672 a	HRd/Ncmpa
Jer 15:8	הִפַּ֤לְתִּי	5307	HVhp1cs
Jer 15:8	עָלֶ֨י/הָ֙	5921 a	HR/Sp3fs
Jer 15:8	פִּתְאֹ֔ם	6597	HD
Jer 15:8	עִ֖יר	5892 a	HNcmsa
Jer 15:8	וּ/בֶהָלֽוֹת	c/928	HC/Ncfpa
Jer 15:9	אֻמְלְלָ֞ה	535	HVKp3fs
Jer 15:9	יֹלֶ֣דֶת	3205	HVqrfsc
Jer 15:9	הַ/שִּׁבְעָ֗ה	d/7651	HTd/Acmsa
Jer 15:9	נָפְחָ֥ה	5301	HVqp3fs
Jer 15:9	נַפְשָׁ֛/הּ	5315	HNcbsc/Sp3fs
Jer 15:9	באה	935	HVqp3fs
Jer 15:9	שִׁמְשָׁ֛/הּ	8121	HNcbsc/Sp3fs
Jer 15:9	בְּ/עֹ֥ד	b/5750	HR/D
Jer 15:9	יוֹמָ֖ם	3119	HD
Jer 15:9	בּ֣וֹשָׁה	954	HVqp3fs
Jer 15:9	וְ/חָפֵ֑רָה	c/2659	HC/Vqp3fs
Jer 15:9	וּ/שְׁאֵֽרִיתָ֗/ם	c/7611	HC/Ncfsc/Sp3mp
Jer 15:9	לַ/חֶ֧רֶב	l/2719	HRd/Ncfsa
Jer 15:9	אֶתֵּ֛ן	5414	HVqi1cs
Jer 15:9	לִ/פְנֵ֥י	l/6440	HR/Ncbpc
Jer 15:9	אֹיְבֵי/הֶ֖ם	341	HVqrmpc/Sp3mp
Jer 15:9	נְאֻם	5002	HNcmsc
Jer 15:9	יְהוָֽה	3068	HNp
Jer 15:10	אֽוֹי	188	HTj
Jer 15:10	לִ֣/י	l	HR/Sp1cs
Jer 15:10	אִמִּ֔/י	517	HNcfsc/Sp1cs
Jer 15:10	כִּ֣י	3588 a	HC
Jer 15:10	יְלִדְתִּ֗/נִי	3205	HVqp2fs/Sp1cs
Jer 15:10	אִ֥ישׁ	376	HNcmsc
Jer 15:10	רִ֛יב	7379	HNcbsa
Jer 15:10	וְ/אִ֥ישׁ	c/376	HC/Ncmsc
Jer 15:10	מָד֖וֹן	4066	HNcmsa
Jer 15:10	לְ/כָל	l/3605	HR/Ncmsc
Jer 15:10	הָ/אָ֑רֶץ	d/776	HTd/Ncbsa
Jer 15:10	לֹֽא	3808	HTn
Jer 15:10	נָשִׁ֥יתִי	5383	HVqp1cs
Jer 15:10	וְ/לֹא	c/3808	HC/Tn
Jer 15:10	נָֽשׁוּ	5383	HVqp3cp
Jer 15:10	בִ֖/י	b	HR/Sp1cs
Jer 15:10	כֻּלֹּ֥/ה	3605	HNcmsc/Sp3ms
Jer 15:10	מְקַלְלַֽו/נִי	7043	HVprmpc/Sp1cs
Jer 15:11	אָמַ֣ר	559	HVqp3ms
Jer 15:11	יְהוָ֔ה	3068	HNp
Jer 15:11	אִם	518 a	HC
Jer 15:11	לֹ֥א	3808	HTn
Jer 15:11	שרות/ך	8293	HVqp1cs/Sp2ms
Jer 15:11	לְ/ט֑וֹב	l/2896 b	HR/Aamsa
Jer 15:11	אִם	518 a	HC
Jer 15:11	ל֣וֹא	3808	HTn
Jer 15:11	הִפְגַּ֣עְתִּֽי	6293	HVhp1cs
Jer 15:11	בְ/ךָ֗	b	HR/Sp2ms
Jer 15:11	בְּ/עֵ֥ת	b/6256	HR/Ncbsc
Jer 15:11	רָעָ֛ה	7451 a	HAafsa
Jer 15:11	וּ/בְ/עֵ֥ת	c/b/6256	HC/R/Ncbsc
Jer 15:11	צָרָ֖ה	6869 b	HNcfsa
Jer 15:11	אֶת	853	HTo
Jer 15:11	הָ/אֹיֵֽב	d/341	HTd/Vqrmsa
Jer 15:12	הֲ/יָרֹ֨עַ	i/7489 b	HTi/Vqi3ms
Jer 15:12	בַּרְזֶ֧ל	1270	HNcmsa
Jer 15:12	בַּרְזֶ֛ל	1270	HNcmsa
Jer 15:12	מִ/צָּפ֖וֹן	m/6828	HR/Ncfsa
Jer 15:12	וּ/נְחֹֽשֶׁת	c/5178 a	HC/Ncfsa
Jer 15:13	חֵילְ/ךָ֧	2428	HNcmsc/Sp2ms
Jer 15:13	וְ/אוֹצְרוֹתֶ֛י/ךָ	c/214	HC/Ncmpc/Sp2ms
Jer 15:13	לָ/בַ֥ז	l/957	HR/Ncmsa
Jer 15:13	אֶתֵּ֖ן	5414	HVqi1cs
Jer 15:13	לֹ֣א	3808	HTn
Jer 15:13	בִ/מְחִ֑יר	b/4242	HR/Ncmsa
Jer 15:13	וּ/בְ/כָל	c/b/3605	HC/R/Ncmsc
Jer 15:13	חַטֹּאותֶ֖י/ךָ	2403 b	HNcfpc/Sp2ms
Jer 15:13	וּ/בְ/כָל	c/b/3605	HC/R/Ncmsc
Jer 15:13	גְּבוּלֶֽי/ךָ	1366	HNcmpc/Sp2ms
Jer 15:14	וְ/הַֽעֲבַרְתִּי֙	c/5674 a	HC/Vhq1cs
Jer 15:14	אֶת	853	HTo
Jer 15:14	אֹ֣יְבֶ֔י/ךָ	341	HVqrmpc/Sp2ms
Jer 15:14	בְּ/אֶ֖רֶץ	b/776	HR/Ncbsa
Jer 15:14	לֹ֣א	3808	HTn
Jer 15:14	יָדָ֑עְתָּ	3045	HVqp2ms
Jer 15:14	כִּֽי	3588 a	HC
Jer 15:14	אֵ֛שׁ	784	HNcbsa
Jer 15:14	קָדְחָ֥ה	6919	HVqp3fs
Jer 15:14	בְ/אַפִּ֖/י	b/639	HR/Ncmsc/Sp1cs
Jer 15:14	עֲלֵי/כֶ֥ם	5921 a	HR/Sp2mp
Jer 15:14	תּוּקָֽד	3344	HVHi3fs
Jer 15:15	אַתָּ֧ה	859 a	HPp2ms
Jer 15:15	יָדַ֣עְתָּ	3045	HVqp2ms
Jer 15:15	יְהוָ֗ה	3068	HNp
Jer 15:15	זָכְרֵ֤/נִי	2142	HVqv2ms/Sp1cs
Jer 15:15	וּ/פָקְדֵ֨/נִי֙	c/6485 a	HC/Vqv2ms/Sp1cs
Jer 15:15	וְ/הִנָּ֤קֶם	c/5358	HC/VNv2ms
Jer 15:15	לִ/י֙	l	HR/Sp1cs
Jer 15:15	מֵ/רֹ֣דְפַ֔/י	m/7291	HR/Vqrmpc/Sp1cs
Jer 15:15	אַל	408	HTn
Jer 15:15	לְ/אֶ֥רֶךְ	l/750	HR/Aamsc
Jer 15:15	אַפְּ/ךָ֖	639	HNcmsc/Sp2ms
Jer 15:15	תִּקָּחֵ֑/נִי	3947	HVqi2ms/Sp1cs
Jer 15:15	דַּ֕ע	3045	HVqv2ms
Jer 15:15	שְׂאֵתִ֥/י	5375	HVqc/Sp1cs
Jer 15:15	עָלֶ֖י/ךָ	5921 a	HR/Sp2ms
Jer 15:15	חֶרְפָּֽה	2781	HNcfsa
Jer 15:16	נִמְצְא֤וּ	4672	HVNp3cp
Jer 15:16	דְבָרֶ֨י/ךָ֙	1697	HNcmpc/Sp2ms
Jer 15:16	וָ/אֹ֣כְלֵ֔/ם	c/398	HC/Vqw1cs/Sp3mp
Jer 15:16	וַ/יְהִ֤י	c/1961	HC/Vqw3ms
Jer 15:16	דברי/ך	1697	HNcmpc/Sp2ms
Jer 15:16	לִ֔/י	l	HR/Sp1cs
Jer 15:16	לְ/שָׂשׂ֖וֹן	l/8342	HR/Ncmsa
Jer 15:16	וּ/לְ/שִׂמְחַ֣ת	c/l/8057	HC/R/Ncfsc
Jer 15:16	לְבָבִ֑/י	3824	HNcmsc/Sp1cs
Jer 15:16	כִּֽי	3588 a	HC
Jer 15:16	נִקְרָ֤א	7121	HVNp3ms
Jer 15:16	שִׁמְ/ךָ֙	8034	HNcmsc/Sp2ms
Jer 15:16	עָלַ֔/י	5921 a	HR/Sp1cs
Jer 15:16	יְהוָ֖ה	3068	HNp
Jer 15:16	אֱלֹהֵ֥י	430	HNcmpc
Jer 15:16	צְבָאֽוֹת	6635 b	HNcbpa
Jer 15:17	לֹֽא	3808	HTn
Jer 15:17	יָשַׁ֥בְתִּי	3427	HVqp1cs
Jer 15:17	בְ/סוֹד	b/5475	HR/Ncmsc
Jer 15:17	מְשַׂחֲקִ֖ים	7832	HVprmpa
Jer 15:17	וָֽ/אֶעְלֹ֑ז	c/5937	HC/Vqw1cs
Jer 15:17	מִ/פְּנֵ֤י	m/6440	HR/Ncbpc
Jer 15:17	יָֽדְ/ךָ֙	3027	HNcbsc/Sp2ms
Jer 15:17	בָּדָ֣ד	910	HNcmsa
Jer 15:17	יָשַׁ֔בְתִּי	3427	HVqp1cs
Jer 15:17	כִּֽי	3588 a	HC
Jer 15:17	זַ֖עַם	2195	HNcmsa
Jer 15:17	מִלֵּאתָֽ/נִי	4390	HVpp2ms/Sp1cs
Jer 15:18	לָ֣/מָּה	l/4100	HR/Ti
Jer 15:18	הָיָ֤ה	1961	HVqp3ms
Jer 15:18	כְאֵבִ/י֙	3511	HNcmsc/Sp1cs
Jer 15:18	נֶ֔צַח	5331	HNcmsa
Jer 15:18	וּ/מַכָּתִ֖/י	c/4347	HC/Ncfsc/Sp1cs
Jer 15:18	אֲנוּשָׁ֑ה֙	605	HAafsa
Jer 15:18	מֵֽאֲנָה֙	3985	HVpp3fs
Jer 15:18	הֵֽרָפֵ֔א	7495	HVNc
Jer 15:18	הָי֨וֹ	1961	HVqa
Jer 15:18	תִֽהְיֶ֥ה	1961	HVqi2ms
Jer 15:18	לִ/י֙	l	HR/Sp1cs
Jer 15:18	כְּמ֣וֹ	3644	HR
Jer 15:18	אַכְזָ֔ב	391	HAamsa
Jer 15:18	מַ֖יִם	4325	HNcmpa
Jer 15:18	לֹ֥א	3808	HTn
Jer 15:18	נֶאֱמָֽנוּ	539	HVNp3cp
Jer 15:19	לָ/כֵ֞ן	l/3651 c	HR/D
Jer 15:19	כֹּֽה	3541	HD
Jer 15:19	אָמַ֣ר	559	HVqp3ms
Jer 15:19	יְהוָ֗ה	3068	HNp
Jer 15:19	אִם	518 a	HC
Jer 15:19	תָּשׁ֤וּב	7725	HVqi2ms
Jer 15:19	וַ/אֲשִֽׁיבְ/ךָ֙	c/7725	HC/Vhi1cs/Sp2ms
Jer 15:19	לְ/פָנַ֣/י	l/6440	HR/Ncbpc/Sp1cs
Jer 15:19	תַּֽעֲמֹ֔ד	5975	HVqi2ms
Jer 15:19	וְ/אִם	c/518 a	HC/C
Jer 15:19	תּוֹצִ֥יא	3318	HVhi2ms
Jer 15:19	יָקָ֛ר	3368	HAamsa
Jer 15:19	מִ/זּוֹלֵ֖ל	m/2151 b	HR/Vqrmsa
Jer 15:19	כְּ/פִ֣/י	k/6310	HR/Ncmsc/Sp1cs
Jer 15:19	תִֽהְיֶ֑ה	1961	HVqi2ms
Jer 15:19	יָשֻׁ֤בוּ	7725	HVqi3mp
Jer 15:19	הֵ֨מָּה֙	1992	HPp3mp
Jer 15:19	אֵלֶ֔י/ךָ	413	HR/Sp2ms
Jer 15:19	וְ/אַתָּ֖ה	c/859 a	HC/Pp2ms
Jer 15:19	לֹֽא	3808	HTn
Jer 15:19	תָשׁ֥וּב	7725	HVqi2ms
Jer 15:19	אֲלֵי/הֶֽם	413	HR/Sp3mp
Jer 15:20	וּ/נְתַתִּ֜י/ךָ	c/5414	HC/Vqq1cs/Sp2ms
Jer 15:20	לָ/עָ֣ם	l/5971 a	HRd/Ncmsa
Jer 15:20	הַ/זֶּ֗ה	d/2088	HTd/Pdxms
Jer 15:20	לְ/חוֹמַ֤ת	l/2346	HR/Ncfsc
Jer 15:20	נְחֹ֨שֶׁת֙	5178 a	HNcfsa
Jer 15:20	בְּצוּרָ֔ה	1219	HAafsa
Jer 15:20	וְ/נִלְחֲמ֥וּ	c/3898 a	HC/VNq3cp
Jer 15:20	אֵלֶ֖י/ךָ	413	HR/Sp2ms
Jer 15:20	וְ/לֹא	c/3808	HC/Tn
Jer 15:20	י֣וּכְלוּ	3201	HVqi3mp
Jer 15:20	לָ֑/ךְ	l	HR/Sp2fs
Jer 15:20	כִּֽי	3588 a	HC
Jer 15:20	אִתְּ/ךָ֥	854	HR/Sp2ms
Jer 15:20	אֲנִ֛י	589	HPp1cs
Jer 15:20	לְ/הוֹשִֽׁיעֲ/ךָ֥	l/3467	HR/Vhc/Sp2ms
Jer 15:20	וּ/לְ/הַצִּילֶ֖/ךָ	c/l/5337	HC/R/Vhc/Sp2ms
Jer 15:20	נְאֻם	5002	HNcmsc
Jer 15:20	יְהוָֽה	3068	HNp
Jer 15:21	וְ/הִצַּלְתִּ֖י/ךָ	c/5337	HC/Vhq1cs/Sp2ms
Jer 15:21	מִ/יַּ֣ד	m/3027	HR/Ncbsc
Jer 15:21	רָעִ֑ים	7451 a	HAampa
Jer 15:21	וּ/פְדִתִ֖י/ךָ	c/6299	HC/Vqp1cs/Sp2ms
Jer 15:21	מִ/כַּ֥ף	m/3709	HR/Ncfsc
Jer 15:21	עָרִצִֽים	6184	HAampa
Jer 16:1	וַ/יְהִ֥י	c/1961	HC/Vqw3ms
Jer 16:1	דְבַר	1697	HNcmsc
Jer 16:1	יְהוָ֖ה	3068	HNp
Jer 16:1	אֵלַ֥/י	413	HR/Sp1cs
Jer 16:1	לֵ/אמֹֽר	l/559	HR/Vqc
Jer 16:2	לֹֽא	3808	HTn
Jer 16:2	תִקַּ֥ח	3947	HVqi2ms
Jer 16:2	לְ/ךָ֖	l	HR/Sp2ms
Jer 16:2	אִשָּׁ֑ה	802	HNcfsa
Jer 16:2	וְ/לֹֽא	c/3808	HC/Tn
Jer 16:2	יִהְי֤וּ	1961	HVqi3mp
Jer 16:2	לְ/ךָ֙	l	HR/Sp2ms
Jer 16:2	בָּנִ֣ים	1121 a	HNcmpa
Jer 16:2	וּ/בָנ֔וֹת	c/1323	HC/Ncfpa
Jer 16:2	בַּ/מָּק֖וֹם	b/4725	HRd/Ncmsa
Jer 16:2	הַ/זֶּֽה	d/2088	HTd/Pdxms
Jer 16:3	כִּי	3588 a	HC
Jer 16:3	כֹ֣ה	3541	HD
Jer 16:3	אָמַ֣ר	559	HVqp3ms
Jer 16:3	יְהוָ֗ה	3068	HNp
Jer 16:3	עַל	5921 a	HR
Jer 16:3	הַ/בָּנִים֙	d/1121 a	HTd/Ncmpa
Jer 16:3	וְ/עַל	c/5921 a	HC/R
Jer 16:3	הַ/בָּנ֔וֹת	d/1323	HTd/Ncfpa
Jer 16:3	הַ/יִּלּוֹדִ֖ים	d/3205	HTd/Aampa
Jer 16:3	בַּ/מָּק֣וֹם	b/4725	HRd/Ncmsa
Jer 16:3	הַ/זֶּ֑ה	d/2088	HTd/Pdxms
Jer 16:3	וְ/עַֽל	c/5921 a	HC/R
Jer 16:3	אִמֹּתָ֞/ם	517	HNcfpc/Sp3mp
Jer 16:3	הַ/יֹּלְד֣וֹת	d/3205	HTd/Vqrfpa
Jer 16:3	אוֹתָ֗/ם	853	HTo/Sp3mp
Jer 16:3	וְ/עַל	c/5921 a	HC/R
Jer 16:3	אֲבוֹתָ֛/ם	1	HNcmpc/Sp3mp
Jer 16:3	הַ/מּוֹלִדִ֥ים	d/3205	HTd/Vhrmpa
Jer 16:3	אוֹתָ֖/ם	853	HTo/Sp3mp
Jer 16:3	בָּ/אָ֥רֶץ	b/776	HRd/Ncbsa
Jer 16:3	הַ/זֹּֽאת	d/2063	HTd/Pdxfs
Jer 16:4	מְמוֹתֵ֨י	4463	HNcmpc
Jer 16:4	תַחֲלֻאִ֜ים	8463	HNcmpa
Jer 16:4	יָמֻ֗תוּ	4191	HVqi3mp
Jer 16:4	לֹ֤א	3808	HTn
Jer 16:4	יִסָּֽפְדוּ֙	5594	HVNi3mp
Jer 16:4	וְ/לֹ֣א	c/3808	HC/Tn
Jer 16:4	יִקָּבֵ֔רוּ	6912	HVNi3mp
Jer 16:4	לְ/דֹ֛מֶן	l/1828	HR/Ncmsa
Jer 16:4	עַל	5921 a	HR
Jer 16:4	פְּנֵ֥י	6440	HNcbpc
Jer 16:4	הָ/אֲדָמָ֖ה	d/127	HTd/Ncfsa
Jer 16:4	יִֽהְי֑וּ	1961	HVqi3mp
Jer 16:4	וּ/בַ/חֶ֤רֶב	c/b/2719	HC/Rd/Ncfsa
Jer 16:4	וּ/בָֽ/רָעָב֙	c/b/7458	HC/Rd/Ncmsa
Jer 16:4	יִכְל֔וּ	3615	HVqi3mp
Jer 16:4	וְ/הָיְתָ֤ה	c/1961	HC/Vqq3fs
Jer 16:4	נִבְלָתָ/ם֙	5038	HNcfsc/Sp3mp
Jer 16:4	לְ/מַאֲכָ֔ל	l/3978	HR/Ncmsa
Jer 16:4	לְ/ע֥וֹף	l/5775	HR/Ncmsc
Jer 16:4	הַ/שָּׁמַ֖יִם	d/8064	HTd/Ncmpa
Jer 16:4	וּ/לְ/בֶהֱמַ֥ת	c/l/929	HC/R/Ncfsc
Jer 16:4	הָ/אָֽרֶץ	d/776	HTd/Ncbsa
Jer 16:5	כִּֽי	3588 a	HC
Jer 16:5	כֹ֣ה	3541	HD
Jer 16:5	אָמַ֣ר	559	HVqp3ms
Jer 16:5	יְהוָ֗ה	3068	HNp
Jer 16:5	אַל	408	HTn
Jer 16:5	תָּבוֹא֙	935	HVqj2ms
Jer 16:5	בֵּ֣ית	1004 b	HNcmsc
Jer 16:5	מַרְזֵ֔חַ	4798	HNcmsa
Jer 16:5	וְ/אַל	c/408	HC/Tn
Jer 16:5	תֵּלֵ֣ךְ	3212	HVqj2ms
Jer 16:5	לִ/סְפּ֔וֹד	l/5594	HR/Vqc
Jer 16:5	וְ/אַל	c/408	HC/Tn
Jer 16:5	תָּנֹ֖ד	5110	HVqj2ms
Jer 16:5	לָ/הֶ֑ם	l	HR/Sp3mp
Jer 16:5	כִּֽי	3588 a	HC
Jer 16:5	אָסַ֨פְתִּי	622	HVqp1cs
Jer 16:5	אֶת	853	HTo
Jer 16:5	שְׁלוֹמִ֜/י	7965	HNcmsc/Sp1cs
Jer 16:5	מֵ/אֵ֨ת	m/854	HR/R
Jer 16:5	הָ/עָ֤ם	d/5971 a	HTd/Ncmsa
Jer 16:5	הַ/זֶּה֙	d/2088	HTd/Pdxms
Jer 16:5	נְאֻם	5002	HNcmsc
Jer 16:5	יְהוָ֔ה	3068	HNp
Jer 16:5	אֶת	853	HTo
Jer 16:5	הַ/חֶ֖סֶד	d/2617 a	HTd/Ncmsa
Jer 16:5	וְ/אֶת	c/853	HC/To
Jer 16:5	הָֽ/רַחֲמִֽים	d/7356 b	HTd/Ncmpa
Jer 16:6	וּ/מֵ֨תוּ	c/4191	HC/Vqq3cp
Jer 16:6	גְדֹלִ֧ים	1419 a	HAampa
Jer 16:6	וּ/קְטַנִּ֛ים	c/6996 a	HC/Aampa
Jer 16:6	בָּ/אָ֥רֶץ	b/776	HRd/Ncbsa
Jer 16:6	הַ/זֹּ֖את	d/2063	HTd/Pdxfs
Jer 16:6	לֹ֣א	3808	HTn
Jer 16:6	יִקָּבֵ֑רוּ	6912	HVNi3mp
Jer 16:6	וְ/לֹֽא	c/3808	HC/Tn
Jer 16:6	יִסְפְּד֣וּ	5594	HVqi3mp
Jer 16:6	לָ/הֶ֔ם	l	HR/Sp3mp
Jer 16:6	וְ/לֹ֣א	c/3808	HC/Tn
Jer 16:6	יִתְגֹּדַ֔ד	1413	HVri3ms
Jer 16:6	וְ/לֹ֥א	c/3808	HC/Tn
Jer 16:6	יִקָּרֵ֖חַ	7139	HVNi3ms
Jer 16:6	לָ/הֶֽם	l	HR/Sp3mp
Jer 16:7	וְ/לֹֽא	c/3808	HC/Tn
Jer 16:7	יִפְרְס֥וּ	6536	HVqi3mp
Jer 16:7	לָ/הֶ֛ם	l	HR/Sp3mp
Jer 16:7	עַל	5921 a	HR
Jer 16:7	אֵ֖בֶל	60	HNcmsa
Jer 16:7	לְ/נַחֲמ֣/וֹ	l/5162	HR/Vpc/Sp3ms
Jer 16:7	עַל	5921 a	HR
Jer 16:7	מֵ֑ת	4191	HVqrmsa
Jer 16:7	וְ/לֹֽא	c/3808	HC/Tn
Jer 16:7	יַשְׁק֤וּ	8248	HVhi3mp
Jer 16:7	אוֹתָ/ם֙	853	HTo/Sp3mp
Jer 16:7	כּ֣וֹס	3563 a	HNcfsc
Jer 16:7	תַּנְחוּמִ֔ים	8575	HNcbpa
Jer 16:7	עַל	5921 a	HR
Jer 16:7	אָבִ֖י/ו	1	HNcmsc/Sp3ms
Jer 16:7	וְ/עַל	c/5921 a	HC/R
Jer 16:7	אִמּֽ/וֹ	517	HNcfsc/Sp3ms
Jer 16:8	וּ/בֵית	c/1004 b	HC/Ncmsc
Jer 16:8	מִשְׁתֶּ֥ה	4960	HNcmsa
Jer 16:8	לֹא	3808	HTn
Jer 16:8	תָב֖וֹא	935	HVqi2ms
Jer 16:8	לָ/שֶׁ֣בֶת	l/3427	HR/Vqc
Jer 16:8	אוֹתָ֑/ם	853	HTo/Sp3mp
Jer 16:8	לֶ/אֱכֹ֖ל	l/398	HR/Vqc
Jer 16:8	וְ/לִ/שְׁתּֽוֹת	c/l/8354	HC/R/Vqc
Jer 16:9	כִּי֩	3588 a	HC
Jer 16:9	כֹ֨ה	3541	HD
Jer 16:9	אָמַ֜ר	559	HVqp3ms
Jer 16:9	יְהוָ֤ה	3068	HNp
Jer 16:9	צְבָאוֹת֙	6635 b	HNcbpa
Jer 16:9	אֱלֹהֵ֣י	430	HNcmpc
Jer 16:9	יִשְׂרָאֵ֔ל	3478	HNp
Jer 16:9	הִנְ/נִ֨י	2005	HTm/Sp1cs
Jer 16:9	מַשְׁבִּ֜ית	7673 a	HVhrmsa
Jer 16:9	מִן	4480 a	HR
Jer 16:9	הַ/מָּק֥וֹם	d/4725	HTd/Ncmsa
Jer 16:9	הַ/זֶּ֛ה	d/2088	HTd/Pdxms
Jer 16:9	לְ/עֵינֵי/כֶ֖ם	l/5869 a	HR/Ncbdc/Sp2mp
Jer 16:9	וּ/בִֽ/ימֵי/כֶ֑ם	c/b/3117	HC/R/Ncmpc/Sp2mp
Jer 16:9	ק֤וֹל	6963 a	HNcmsc
Jer 16:9	שָׂשׂוֹן֙	8342	HNcmsa
Jer 16:9	וְ/ק֣וֹל	c/6963 a	HC/Ncmsc
Jer 16:9	שִׂמְחָ֔ה	8057	HNcfsa
Jer 16:9	ק֥וֹל	6963 a	HNcmsc
Jer 16:9	חָתָ֖ן	2860	HNcmsa
Jer 16:9	וְ/ק֥וֹל	c/6963 a	HC/Ncmsc
Jer 16:9	כַּלָּֽה	3618	HNcfsa
Jer 16:10	וְ/הָיָ֗ה	c/1961	HC/Vqq3ms
Jer 16:10	כִּ֤י	3588 a	HC
Jer 16:10	תַגִּיד֙	5046	HVhi2ms
Jer 16:10	לָ/עָ֣ם	l/5971 a	HRd/Ncmsa
Jer 16:10	הַ/זֶּ֔ה	d/2088	HTd/Pdxms
Jer 16:10	אֵ֥ת	853	HTo
Jer 16:10	כָּל	3605	HNcmsc
Jer 16:10	הַ/דְּבָרִ֖ים	d/1697	HTd/Ncmpa
Jer 16:10	הָ/אֵ֑לֶּה	d/428	HTd/Pdxcp
Jer 16:10	וְ/אָמְר֣וּ	c/559	HC/Vqq3cp
Jer 16:10	אֵלֶ֗י/ךָ	413	HR/Sp2ms
Jer 16:10	עַל	5921 a	HR
Jer 16:10	מֶה֩	4100	HTi
Jer 16:10	דִבֶּ֨ר	1696	HVpp3ms
Jer 16:10	יְהוָ֤ה	3068	HNp
Jer 16:10	עָלֵ֨י/נוּ֙	5921 a	HR/Sp1cp
Jer 16:10	אֵ֣ת	853	HTo
Jer 16:10	כָּל	3605	HNcmsc
Jer 16:10	הָ/רָעָ֤ה	d/7451 c	HTd/Ncfsa
Jer 16:10	הַ/גְּדוֹלָה֙	d/1419 a	HTd/Aafsa
Jer 16:10	הַ/זֹּ֔את	d/2063	HTd/Pdxfs
Jer 16:10	וּ/מֶ֤ה	c/4100	HC/Ti
Jer 16:10	עֲוֺנֵ֨/נוּ֙	5771	HNcbsc/Sp1cp
Jer 16:10	וּ/מֶ֣ה	c/4100	HC/Ti
Jer 16:10	חַטָּאתֵ֔/נוּ	2403 b	HNcfsc/Sp1cp
Jer 16:10	אֲשֶׁ֥ר	834 a	HTr
Jer 16:10	חָטָ֖אנוּ	2398	HVqp1cp
Jer 16:10	לַֽ/יהוָ֥ה	l/3068	HR/Np
Jer 16:10	אֱלֹהֵֽי/נוּ	430	HNcmpc/Sp1cp
Jer 16:11	וְ/אָמַרְתָּ֣	c/559	HC/Vqq2ms
Jer 16:11	אֲלֵי/הֶ֗ם	413	HR/Sp3mp
Jer 16:11	עַל֩	5921 a	HR
Jer 16:11	אֲשֶׁר	834 a	HTr
Jer 16:11	עָזְב֨וּ	5800 a	HVqp3cp
Jer 16:11	אֲבוֹתֵי/כֶ֤ם	1	HNcmpc/Sp2mp
Jer 16:11	אוֹתִ/י֙	853	HTo/Sp1cs
Jer 16:11	נְאֻם	5002	HNcmsc
Jer 16:11	יְהוָ֔ה	3068	HNp
Jer 16:11	וַ/יֵּלְכ֗וּ	c/3212	HC/Vqw3mp
Jer 16:11	אַֽחֲרֵי֙	310 a	HR
Jer 16:11	אֱלֹהִ֣ים	430	HNcmpa
Jer 16:11	אֲחֵרִ֔ים	312	HAampa
Jer 16:11	וַ/יַּעַבְד֖וּ/ם	c/5647	HC/Vqw3mp/Sp3mp
Jer 16:11	וַ/יִּשְׁתַּחֲו֣וּ	c/7812	HC/Vtw3mp
Jer 16:11	לָ/הֶ֑ם	l	HR/Sp3mp
Jer 16:11	וְ/אֹתִ֣/י	c/853	HC/To/Sp1cs
Jer 16:11	עָזָ֔בוּ	5800 a	HVqp3cp
Jer 16:11	וְ/אֶת	c/853	HC/To
Jer 16:11	תּוֹרָתִ֖/י	8451	HNcfsc/Sp1cs
Jer 16:11	לֹ֥א	3808	HTn
Jer 16:11	שָׁמָֽרוּ	8104	HVqp3cp
Jer 16:12	וְ/אַתֶּ֛ם	c/859 d	HC/Pp2mp
Jer 16:12	הֲרֵעֹתֶ֥ם	7489 a	HVhp2mp
Jer 16:12	לַ/עֲשׂ֖וֹת	l/6213 a	HR/Vqc
Jer 16:12	מֵ/אֲבֽוֹתֵי/כֶ֑ם	m/1	HR/Ncmpc/Sp2mp
Jer 16:12	וְ/הִנְּ/כֶ֣ם	c/2005	HC/Tm/Sp2mp
Jer 16:12	הֹלְכִ֗ים	1980	HVqrmpa
Jer 16:12	אִ֚ישׁ	376	HNcmsa
Jer 16:12	אַֽחֲרֵי֙	310 a	HR
Jer 16:12	שְׁרִר֣וּת	8307	HNcfsc
Jer 16:12	לִבּֽ/וֹ	3820 a	HNcmsc/Sp3ms
Jer 16:12	הָ/רָ֔ע	d/7451 a	HTd/Aamsa
Jer 16:12	לְ/בִלְתִּ֖י	l/1115	HR/C
Jer 16:12	שְׁמֹ֥עַ	8085	HVqc
Jer 16:12	אֵלָֽ/י	413	HR/Sp1cs
Jer 16:13	וְ/הֵטַלְתִּ֣י	c/2904	HC/Vhq1cs
Jer 16:13	אֶתְ/כֶ֗ם	853	HTo/Sp2mp
Jer 16:13	מֵ/עַל֙	m/5921 a	HR/R
Jer 16:13	הָ/אָ֣רֶץ	d/776	HTd/Ncbsa
Jer 16:13	הַ/זֹּ֔את	d/2063	HTd/Pdxfs
Jer 16:13	עַל	5921 a	HR
Jer 16:13	הָ/אָ֕רֶץ	d/776	HTd/Ncbsa
Jer 16:13	אֲשֶׁר֙	834 a	HTr
Jer 16:13	לֹ֣א	3808	HTn
Jer 16:13	יְדַעְתֶּ֔ם	3045	HVqp2mp
Jer 16:13	אַתֶּ֖ם	859 d	HPp2mp
Jer 16:13	וַ/אֲבֽוֹתֵי/כֶ֑ם	c/1	HC/Ncmpc/Sp2mp
Jer 16:13	וַ/עֲבַדְתֶּם	c/5647	HC/Vqq2mp
Jer 16:13	שָׁ֞ם	8033	HD
Jer 16:13	אֶת	853	HTo
Jer 16:13	אֱלֹהִ֤ים	430	HNcmpa
Jer 16:13	אֲחֵרִים֙	312	HAampa
Jer 16:13	יוֹמָ֣ם	3119	HD
Jer 16:13	וָ/לַ֔יְלָה	c/3915	HC/Ncmsa
Jer 16:13	אֲשֶׁ֛ר	834 a	HTr
Jer 16:13	לֹֽא	3808	HTn
Jer 16:13	אֶתֵּ֥ן	5414	HVqi1cs
Jer 16:13	לָ/כֶ֖ם	l	HR/Sp2mp
Jer 16:13	חֲנִינָֽה	2594	HNcfsa
Jer 16:14	לָ/כֵ֛ן	l/3651 c	HR/D
Jer 16:14	הִנֵּֽה	2009	HTm
Jer 16:14	יָמִ֥ים	3117	HNcmpa
Jer 16:14	בָּאִ֖ים	935	HVqrmpa
Jer 16:14	נְאֻם	5002	HNcmsc
Jer 16:14	יְהוָ֑ה	3068	HNp
Jer 16:14	וְ/לֹֽא	c/3808	HC/Tn
Jer 16:14	יֵאָמֵ֥ר	559	HVNi3ms
Jer 16:14	עוֹד֙	5750	HD
Jer 16:14	חַי	2416 a	HAamsa
Jer 16:14	יְהוָ֔ה	3068	HNp
Jer 16:14	אֲשֶׁ֧ר	834 a	HTr
Jer 16:14	הֶעֱלָ֛ה	5927	HVhp3ms
Jer 16:14	אֶת	853	HTo
Jer 16:14	בְּנֵ֥י	1121 a	HNcmpc
Jer 16:14	יִשְׂרָאֵ֖ל	3478	HNp
Jer 16:14	מֵ/אֶ֥רֶץ	m/776	HR/Ncbsc
Jer 16:14	מִצְרָֽיִם	4714	HNp
Jer 16:15	כִּ֣י	3588 b	HC
Jer 16:15	אִם	518 b	HC
Jer 16:15	חַי	2416 a	HAamsa
Jer 16:15	יְהוָ֗ה	3068	HNp
Jer 16:15	אֲשֶׁ֨ר	834 a	HTr
Jer 16:15	הֶעֱלָ֜ה	5927	HVhp3ms
Jer 16:15	אֶת	853	HTo
Jer 16:15	בְּנֵ֤י	1121 a	HNcmpc
Jer 16:15	יִשְׂרָאֵל֙	3478	HNp
Jer 16:15	מֵ/אֶ֣רֶץ	m/776	HR/Ncbsc
Jer 16:15	צָפ֔וֹן	6828	HNcfsa
Jer 16:15	וּ/מִ/כֹּל֙	c/m/3605	HC/R/Ncmsc
Jer 16:15	הָֽ/אֲרָצ֔וֹת	d/776	HTd/Ncbpa
Jer 16:15	אֲשֶׁ֥ר	834 a	HTr
Jer 16:15	הִדִּיחָ֖/ם	5080	HVhp3ms/Sp3mp
Jer 16:15	שָׁ֑מָּ/ה	8033	HD/Sd
Jer 16:15	וַ/הֲשִֽׁבֹתִי/ם֙	c/7725	HC/Vhq1cs/Sp3mp
Jer 16:15	עַל	5921 a	HR
Jer 16:15	אַדְמָתָ֔/ם	127	HNcfsc/Sp3mp
Jer 16:15	אֲשֶׁ֥ר	834 a	HTr
Jer 16:15	נָתַ֖תִּי	5414	HVqp1cs
Jer 16:15	לַ/אֲבוֹתָֽ/ם	l/1	HR/Ncmpc/Sp3mp
Jer 16:16	הִנְ/נִ֨י	2005	HTm/Sp1cs
Jer 16:16	שֹׁלֵ֜חַ	7971	HVqrmsa
Jer 16:16	ל/דוגים	l/1728	HR/Ncmpa
Jer 16:16	רַבִּ֛ים	7227 a	HAampa
Jer 16:16	נְאֻם	5002	HNcmsc
Jer 16:16	יְהוָ֖ה	3068	HNp
Jer 16:16	וְ/דִיג֑וּ/ם	c/1770	HC/Vqq3cp/Sp3mp
Jer 16:16	וְ/אַֽחֲרֵי	c/310 a	HC/R
Jer 16:16	כֵ֗ן	3651 c	HD
Jer 16:16	אֶשְׁלַח֙	7971	HVqi1cs
Jer 16:16	לְ/רַבִּ֣ים	l/7227 a	HR/Aampa
Jer 16:16	צַיָּדִ֔ים	6719	HNcmpa
Jer 16:16	וְ/צָד֞וּ/ם	c/6679 a	HC/Vqq3cp/Sp3mp
Jer 16:16	מֵ/עַ֤ל	m/5921 a	HR/R
Jer 16:16	כָּל	3605	HNcmsc
Jer 16:16	הַר֙	2022	HNcmsa
Jer 16:16	וּ/מֵ/עַ֣ל	c/m/5921 a	HC/R/R
Jer 16:16	כָּל	3605	HNcmsc
Jer 16:16	גִּבְעָ֔ה	1389	HNcfsa
Jer 16:16	וּ/מִ/נְּקִיקֵ֖י	c/m/5357	HC/R/Ncmpc
Jer 16:16	הַ/סְּלָעִֽים	d/5553	HTd/Ncmpa
Jer 16:17	כִּ֤י	3588 a	HC
Jer 16:17	עֵינַ/י֙	5869 a	HNcbdc/Sp1cs
Jer 16:17	עַל	5921 a	HR
Jer 16:17	כָּל	3605	HNcmsc
Jer 16:17	דַּרְכֵי/הֶ֔ם	1870	HNcbpc/Sp3mp
Jer 16:17	לֹ֥א	3808	HTn
Jer 16:17	נִסְתְּר֖וּ	5641	HVNp3cp
Jer 16:17	מִ/לְּ/פָנָ֑/י	m/l/6440	HR/R/Ncbpc/Sp1cs
Jer 16:17	וְ/לֹֽא	c/3808	HC/Tn
Jer 16:17	נִצְפַּ֥ן	6845	HVNp3ms
Jer 16:17	עֲוֺנָ֖/ם	5771	HNcbsc/Sp3mp
Jer 16:17	מִ/נֶּ֥גֶד	m/5048	HR/R
Jer 16:17	עֵינָֽ/י	5869 a	HNcbdc/Sp1cs
Jer 16:18	וְ/שִׁלַּמְתִּ֣י	c/7999 a	HC/Vpq1cs
Jer 16:18	רִֽאשׁוֹנָ֗ה	7223	HAafsa
Jer 16:18	מִשְׁנֵ֤ה	4932	HNcmsc
Jer 16:18	עֲוֺנָ/ם֙	5771	HNcbsc/Sp3mp
Jer 16:18	וְ/חַטָּאתָ֔/ם	c/2403 b	HC/Ncfsc/Sp3mp
Jer 16:18	עַ֖ל	5921 a	HR
Jer 16:18	חַלְּלָ֣/ם	2490 c	HVpc/Sp3mp
Jer 16:18	אֶת	853	HTo
Jer 16:18	אַרְצִ֑/י	776	HNcbsc/Sp1cs
Jer 16:18	בְּ/נִבְלַ֤ת	b/5038	HR/Ncfsc
Jer 16:18	שִׁקּֽוּצֵי/הֶם֙	8251	HNcmpc/Sp3mp
Jer 16:18	וְ/תוֹעֲב֣וֹתֵי/הֶ֔ם	c/8441	HC/Ncfpc/Sp3mp
Jer 16:18	מָלְא֖וּ	4390	HVqp3cp
Jer 16:18	אֶת	853	HTo
Jer 16:18	נַחֲלָתִֽ/י	5159	HNcfsc/Sp1cs
Jer 16:19	יְהוָ֞ה	3068	HNp
Jer 16:19	עֻזִּ֧/י	5797	HNcmsc/Sp1cs
Jer 16:19	וּ/מָעֻזִּ֛/י	c/4581	HC/Ncmsc/Sp1cs
Jer 16:19	וּ/מְנוּסִ֖/י	c/4498	HC/Ncmsc/Sp1cs
Jer 16:19	בְּ/י֣וֹם	b/3117	HR/Ncmsc
Jer 16:19	צָרָ֑ה	6869 b	HNcfsa
Jer 16:19	אֵלֶ֗י/ךָ	413	HR/Sp2ms
Jer 16:19	גּוֹיִ֤ם	1471 a	HNcmpa
Jer 16:19	יָבֹ֨אוּ֙	935	HVqi3mp
Jer 16:19	מֵֽ/אַפְסֵי	m/657 a	HR/D
Jer 16:19	אָ֔רֶץ	776	HNcbsa
Jer 16:19	וְ/יֹאמְר֗וּ	c/559	HC/Vqi3mp
Jer 16:19	אַךְ	389	HTa
Jer 16:19	שֶׁ֨קֶר֙	8267	HNcmsa
Jer 16:19	נָחֲל֣וּ	5157	HVqp3cp
Jer 16:19	אֲבוֹתֵ֔י/נוּ	1	HNcmpc/Sp1cp
Jer 16:19	הֶ֖בֶל	1892	HNcmsa
Jer 16:19	וְ/אֵֽין	c/369	HC/Tn
Jer 16:19	בָּ֥/ם	b	HR/Sp3mp
Jer 16:19	מוֹעִֽיל	3276	HVhrmsa
Jer 16:20	הֲ/יַעֲשֶׂה	i/6213 a	HTi/Vqi3ms
Jer 16:20	לּ֥/וֹ	l	HR/Sp3ms
Jer 16:20	אָדָ֖ם	120	HNcmsa
Jer 16:20	אֱלֹהִ֑ים	430	HNcmpa
Jer 16:20	וְ/הֵ֖מָּה	c/1992	HC/Pp3mp
Jer 16:20	לֹ֥א	3808	HTn
Jer 16:20	אֱלֹהִֽים	430	HNcmpa
Jer 16:21	לָ/כֵן֙	l/3651 c	HR/D
Jer 16:21	הִנְ/נִ֣י	2005	HTm/Sp1cs
Jer 16:21	מֽוֹדִיעָ֔/ם	3045	HVhrmsc/Sp3mp
Jer 16:21	בַּ/פַּ֣עַם	b/6471	HRd/Ncfsa
Jer 16:21	הַ/זֹּ֔את	d/2063	HTd/Pdxfs
Jer 16:21	אוֹדִיעֵ֥/ם	3045	HVhi1cs/Sp3mp
Jer 16:21	אֶת	853	HTo
Jer 16:21	יָדִ֖/י	3027	HNcbsc/Sp1cs
Jer 16:21	וְ/אֶת	c/853	HC/To
Jer 16:21	גְּבֽוּרָתִ֑/י	1369	HNcfsc/Sp1cs
Jer 16:21	וְ/יָדְע֖וּ	c/3045	HC/Vqq3cp
Jer 16:21	כִּֽי	3588 a	HC
Jer 16:21	שְׁמִ֥/י	8034	HNcmsc/Sp1cs
Jer 16:21	יְהוָֽה	3068	HNp
Jer 17:1	חַטַּ֣את	2403 b	HNcfsc
Jer 17:1	יְהוּדָ֗ה	3063	HNp
Jer 17:1	כְּתוּבָ֛ה	3789	HVqsfsa
Jer 17:1	בְּ/עֵ֥ט	b/5842	HR/Ncmsc
Jer 17:1	בַּרְזֶ֖ל	1270	HNcmsa
Jer 17:1	בְּ/צִפֹּ֣רֶן	b/6856	HR/Ncmsc
Jer 17:1	שָׁמִ֑יר	8068	HNcmsa
Jer 17:1	חֲרוּשָׁה֙	2790 a	HVqsfsa
Jer 17:1	עַל	5921 a	HR
Jer 17:1	ל֣וּחַ	3871	HNcmsc
Jer 17:1	לִבָּ֔/ם	3820 a	HNcmsc/Sp3mp
Jer 17:1	וּ/לְ/קַרְנ֖וֹת	c/l/7161 a	HC/R/Ncbpc
Jer 17:1	מִזְבְּחוֹתֵי/כֶֽם	4196	HNcmpc/Sp2mp
Jer 17:2	כִּ/זְכֹּ֤ר	k/2142	HR/Vqc
Jer 17:2	בְּנֵי/הֶם֙	1121 a	HNcmpc/Sp3mp
Jer 17:2	מִזְבְּחוֹתָ֔/ם	4196	HNcmpc/Sp3mp
Jer 17:2	וַ/אֲשֵׁרֵי/הֶ֖ם	c/842	HC/Np/Sp3mp
Jer 17:2	עַל	5921 a	HR
Jer 17:2	עֵ֣ץ	6086	HNcmsa
Jer 17:2	רַֽעֲנָ֑ן	7488 b	HAamsa
Jer 17:2	עַ֖ל	5921 a	HR
Jer 17:2	גְּבָע֥וֹת	1389	HNcfpa
Jer 17:2	הַ/גְּבֹהֽוֹת	d/1364	HTd/Aafpa
Jer 17:3	הֲרָרִ/י֙	2042	HNcmsc/Sp1cs
Jer 17:3	בַּ/שָּׂדֶ֔ה	b/7704 b	HRd/Ncmsa
Jer 17:3	חֵילְ/ךָ֥	2428	HNcmsc/Sp2ms
Jer 17:3	כָל	3605	HNcmsc
Jer 17:3	אוֹצְרוֹתֶ֖י/ךָ	214	HNcmpc/Sp2ms
Jer 17:3	לָ/בַ֣ז	l/957	HR/Ncmsa
Jer 17:3	אֶתֵּ֑ן	5414	HVqi1cs
Jer 17:3	בָּמֹתֶ֕י/ךָ	1116	HNcfpc/Sp2ms
Jer 17:3	בְּ/חַטָּ֖את	b/2403 b	HR/Ncfsa
Jer 17:3	בְּ/כָל	b/3605	HR/Ncmsc
Jer 17:3	גְּבוּלֶֽי/ךָ	1366	HNcmpc/Sp2ms
Jer 17:4	וְ/שָׁמַטְתָּ֗ה	c/8058	HC/Vqq2ms
Jer 17:4	וּ/בְ/ךָ֙	c/b	HC/R/Sp2ms
Jer 17:4	מִ/נַּחֲלָֽתְ/ךָ֙	m/5159	HR/Ncfsc/Sp2ms
Jer 17:4	אֲשֶׁ֣ר	834 a	HTr
Jer 17:4	נָתַ֣תִּי	5414	HVqp1cs
Jer 17:4	לָ֔/ךְ	l	HR/Sp2fs
Jer 17:4	וְ/הַעֲבַדְתִּ֨י/ךָ֙	c/5647	HC/Vhq1cs/Sp2ms
Jer 17:4	אֶת	853	HTo
Jer 17:4	אֹ֣יְבֶ֔י/ךָ	341	HVqrmpc/Sp2ms
Jer 17:4	בָּ/אָ֖רֶץ	b/776	HRd/Ncbsa
Jer 17:4	אֲשֶׁ֣ר	834 a	HTr
Jer 17:4	לֹֽא	3808	HTn
Jer 17:4	יָדָ֑עְתָּ	3045	HVqp2ms
Jer 17:4	כִּֽי	3588 a	HC
Jer 17:4	אֵ֛שׁ	784	HNcbsa
Jer 17:4	קְדַחְתֶּ֥ם	6919	HVqp2mp
Jer 17:4	בְּ/אַפִּ֖/י	b/639	HR/Ncmsc/Sp1cs
Jer 17:4	עַד	5704	HR
Jer 17:4	עוֹלָ֥ם	5769	HNcmsa
Jer 17:4	תּוּקָֽד	3344	HVHi3fs
Jer 17:5	כֹּ֣ה	3541	HD
Jer 17:5	אָמַ֣ר	559	HVqp3ms
Jer 17:5	יְהוָ֗ה	3068	HNp
Jer 17:5	אָר֤וּר	779	HVqsmsa
Jer 17:5	הַ/גֶּ֨בֶר֙	d/1397	HTd/Ncmsa
Jer 17:5	אֲשֶׁ֣ר	834 a	HTr
Jer 17:5	יִבְטַ֣ח	982	HVqi3ms
Jer 17:5	בָּֽ/אָדָ֔ם	b/120	HRd/Ncmsa
Jer 17:5	וְ/שָׂ֥ם	c/7760 a	HC/Vqq3ms
Jer 17:5	בָּשָׂ֖ר	1320	HNcmsa
Jer 17:5	זְרֹע֑/וֹ	2220	HNcbsc/Sp3ms
Jer 17:5	וּ/מִן	c/4480 a	HC/R
Jer 17:5	יְהוָ֖ה	3068	HNp
Jer 17:5	יָס֥וּר	5493	HVqi3ms
Jer 17:5	לִבּֽ/וֹ	3820 a	HNcmsc/Sp3ms
Jer 17:6	וְ/הָיָה֙	c/1961	HC/Vqq3ms
Jer 17:6	כְּ/עַרְעָ֣ר	k/6176	HR/Ncmsa
Jer 17:6	בָּֽ/עֲרָבָ֔ה	b/6160	HRd/Ncfsa
Jer 17:6	וְ/לֹ֥א	c/3808	HC/Tn
Jer 17:6	יִרְאֶ֖ה	7200	HVqi3ms
Jer 17:6	כִּי	3588 a	HC
Jer 17:6	יָב֣וֹא	935	HVqi3ms
Jer 17:6	ט֑וֹב	2896 b	HAamsa
Jer 17:6	וְ/שָׁכַ֤ן	c/7931	HC/Vqq3ms
Jer 17:6	חֲרֵרִים֙	2788	HNcmpa
Jer 17:6	בַּ/מִּדְבָּ֔ר	b/4057 b	HRd/Ncmsa
Jer 17:6	אֶ֥רֶץ	776	HNcbsc
Jer 17:6	מְלֵחָ֖ה	4420	HNcfsa
Jer 17:6	וְ/לֹ֥א	c/3808	HC/Tn
Jer 17:6	תֵשֵֽׁב	3427	HVqi3fs
Jer 17:7	בָּר֣וּךְ	1288	HVqsmsa
Jer 17:7	הַ/גֶּ֔בֶר	d/1397	HTd/Ncmsa
Jer 17:7	אֲשֶׁ֥ר	834 a	HTr
Jer 17:7	יִבְטַ֖ח	982	HVqi3ms
Jer 17:7	בַּֽ/יהוָ֑ה	b/3068	HR/Np
Jer 17:7	וְ/הָיָ֥ה	c/1961	HC/Vqq3ms
Jer 17:7	יְהוָ֖ה	3068	HNp
Jer 17:7	מִבְטַחֽ/וֹ	4009	HNcmsc/Sp3ms
Jer 17:8	וְ/הָיָ֞ה	c/1961	HC/Vqq3ms
Jer 17:8	כְּ/עֵ֣ץ	k/6086	HR/Ncmsa
Jer 17:8	שָׁת֣וּל	8362	HVqsmsa
Jer 17:8	עַל	5921 a	HR
Jer 17:8	מַ֗יִם	4325	HNcmpa
Jer 17:8	וְ/עַל	c/5921 a	HC/R
Jer 17:8	יוּבַל֙	3105	HNcmsa
Jer 17:8	יְשַׁלַּ֣ח	7971	HVpi3ms
Jer 17:8	שָֽׁרָשָׁ֔י/ו	8328	HNcmpc/Sp3ms
Jer 17:8	וְ/לֹ֤א	c/3808	HC/Tn
Jer 17:8	ירא	3372	HVqi3ms
Jer 17:8	כִּֽי	3588 a	HC
Jer 17:8	יָבֹ֣א	935	HVqi3ms
Jer 17:8	חֹ֔ם	2527	HNcmsa
Jer 17:8	וְ/הָיָ֥ה	c/1961	HC/Vqq3ms
Jer 17:8	עָלֵ֖/הוּ	5929	HNcmsc/Sp3ms
Jer 17:8	רַֽעֲנָ֑ן	7488 b	HAamsa
Jer 17:8	וּ/בִ/שְׁנַ֤ת	c/b/8141	HC/R/Ncfsc
Jer 17:8	בַּצֹּ֨רֶת֙	1226	HNcfsa
Jer 17:8	לֹ֣א	3808	HTn
Jer 17:8	יִדְאָ֔ג	1672	HVqi3ms
Jer 17:8	וְ/לֹ֥א	c/3808	HC/Tn
Jer 17:8	יָמִ֖ישׁ	4185	HVqi3ms
Jer 17:8	מֵ/עֲשׂ֥וֹת	m/6213 a	HR/Vqc
Jer 17:8	פֶּֽרִי	6529	HNcmsa
Jer 17:9	עָקֹ֥ב	6121 a	HAamsa
Jer 17:9	הַ/לֵּ֛ב	d/3820 a	HTd/Ncmsa
Jer 17:9	מִ/כֹּ֖ל	m/3605	HR/Ncmsa
Jer 17:9	וְ/אָנֻ֣שׁ	c/605	HC/Aamsa
Jer 17:9	ה֑וּא	1931	HPp3ms
Jer 17:9	מִ֖י	4310	HTi
Jer 17:9	יֵדָעֶֽ/נּוּ	3045	HVqi3ms/Sp3ms
Jer 17:10	אֲנִ֧י	589	HPp1cs
Jer 17:10	יְהוָ֛ה	3068	HNp
Jer 17:10	חֹקֵ֥ר	2713	HVqrmsa
Jer 17:10	לֵ֖ב	3820 a	HNcmsa
Jer 17:10	בֹּחֵ֣ן	974	HVqrmsa
Jer 17:10	כְּלָי֑וֹת	3629	HNcfpa
Jer 17:10	וְ/לָ/תֵ֤ת	c/l/5414	HC/R/Vqc
Jer 17:10	לְ/אִישׁ֙	l/376	HR/Ncmsa
Jer 17:10	כ/דרכ/ו	k/1870	HR/Ncbpc/Sp3ms
Jer 17:10	כִּ/פְרִ֖י	k/6529	HR/Ncmsc
Jer 17:10	מַעֲלָלָֽי/ו	4611	HNcmpc/Sp3ms
Jer 17:11	קֹרֵ֤א	7124	HNcmsa
Jer 17:11	דָגַר֙	1716	HVqp3ms
Jer 17:11	וְ/לֹ֣א	c/3808	HC/Tn
Jer 17:11	יָלָ֔ד	3205	HVqp3ms
Jer 17:11	עֹ֥שֶׂה	6213 a	HVqrmsa
Jer 17:11	עֹ֖שֶׁר	6239	HNcmsa
Jer 17:11	וְ/לֹ֣א	c/3808	HC/Tn
Jer 17:11	בְ/מִשְׁפָּ֑ט	b/4941	HR/Ncmsa
Jer 17:11	בַּ/חֲצִ֤י	b/2677	HR/Ncmsc
Jer 17:11	ימ/ו	3117	HNcmpc/Sp3ms
Jer 17:11	יַעַזְבֶ֔/נּוּ	5800 a	HVqi3ms/Sp3ms
Jer 17:11	וּ/בְ/אַחֲרִית֖/וֹ	c/b/319	HC/R/Ncfsc/Sp3ms
Jer 17:11	יִהְיֶ֥ה	1961	HVqi3ms
Jer 17:11	נָבָֽל	5036	HAamsa
Jer 17:12	כִּסֵּ֣א	3678	HNcmsc
Jer 17:12	כָב֔וֹד	3519	HNcbsa
Jer 17:12	מָר֖וֹם	4791	HNcmsa
Jer 17:12	מֵֽ/רִאשׁ֑וֹן	m/7223	HR/Aamsa
Jer 17:12	מְק֖וֹם	4725	HNcmsc
Jer 17:12	מִקְדָּשֵֽׁ/נוּ	4720	HNcmsc/Sp1cp
Jer 17:13	מִקְוֵ֤ה	4723 b	HNcmsc
Jer 17:13	יִשְׂרָאֵל֙	3478	HNp
Jer 17:13	יְהוָ֔ה	3068	HNp
Jer 17:13	כָּל	3605	HNcmsc
Jer 17:13	עֹזְבֶ֖י/ךָ	5800 a	HVqrmpc/Sp2ms
Jer 17:13	יֵבֹ֑שׁוּ	954	HVqi3mp
Jer 17:13	יסור/י	3249	HNcmpc/Sp1cs
Jer 17:13	בָּ/אָ֣רֶץ	b/776	HRd/Ncbsa
Jer 17:13	יִכָּתֵ֔בוּ	3789	HVNi3mp
Jer 17:13	כִּ֥י	3588 a	HC
Jer 17:13	עָזְב֛וּ	5800 a	HVqp3cp
Jer 17:13	מְק֥וֹר	4726	HNcmsc
Jer 17:13	מַֽיִם	4325	HNcmpa
Jer 17:13	חַיִּ֖ים	2416 a	HAampa
Jer 17:13	אֶת	853	HTo
Jer 17:13	יְהוָֽה	3068	HNp
Jer 17:14	רְפָאֵ֤/נִי	7495	HVqv2ms/Sp1cs
Jer 17:14	יְהוָה֙	3068	HNp
Jer 17:14	וְ/אֵ֣רָפֵ֔א	c/7495	HC/VNh1cs
Jer 17:14	הוֹשִׁיעֵ֖/נִי	3467	HVhv2ms/Sp1cs
Jer 17:14	וְ/אִוָּשֵׁ֑עָה	c/3467	HC/VNh1cs
Jer 17:14	כִּ֥י	3588 a	HC
Jer 17:14	תְהִלָּתִ֖/י	8416	HNcfsc/Sp1cs
Jer 17:14	אָֽתָּה	859 a	HPp2ms
Jer 17:15	הִנֵּה	2009	HTm
Jer 17:15	הֵ֕מָּה	1992	HPp3mp
Jer 17:15	אֹמְרִ֖ים	559	HVqrmpa
Jer 17:15	אֵלָ֑/י	413	HR/Sp1cs
Jer 17:15	אַיֵּ֥ה	346	HTi
Jer 17:15	דְבַר	1697	HNcmsc
Jer 17:15	יְהוָ֖ה	3068	HNp
Jer 17:15	יָ֥בוֹא	935	HVqj3ms
Jer 17:15	נָֽא	4994	HTe
Jer 17:16	וַ/אֲנִ֞י	c/589	HC/Pp1cs
Jer 17:16	לֹא	3808	HTn
Jer 17:16	אַ֣צְתִּי	213	HVqp1cs
Jer 17:16	מֵ/רֹעֶ֣ה	m/7462 b	HR/Vqrmsa
Jer 17:16	אַחֲרֶ֗י/ךָ	310 a	HR/Sp2ms
Jer 17:16	וְ/י֥וֹם	c/3117	HC/Ncmsa
Jer 17:16	אָנ֛וּשׁ	605	HAamsa
Jer 17:16	לֹ֥א	3808	HTn
Jer 17:16	הִתְאַוֵּ֖יתִי	183	HVtp1cs
Jer 17:16	אַתָּ֣ה	859 a	HPp2ms
Jer 17:16	יָדָ֑עְתָּ	3045	HVqp2ms
Jer 17:16	מוֹצָ֣א	4161	HNcmsc
Jer 17:16	שְׂפָתַ֔/י	8193	HNcfdc/Sp1cs
Jer 17:16	נֹ֥כַח	5227	HR
Jer 17:16	פָּנֶ֖י/ךָ	6440	HNcbpc/Sp2ms
Jer 17:16	הָיָֽה	1961	HVqp3ms
Jer 17:17	אַל	408	HTn
Jer 17:17	תִּֽהְיֵה	1961	HVqj2ms
Jer 17:17	לִ֖/י	l	HR/Sp1cs
Jer 17:17	לִ/מְחִתָּ֑ה	l/4288	HR/Ncfsa
Jer 17:17	מַֽחֲסִ/י	4268	HNcmsc/Sp1cs
Jer 17:17	אַ֖תָּה	859 a	HPp2ms
Jer 17:17	בְּ/י֥וֹם	b/3117	HR/Ncmsc
Jer 17:17	רָעָֽה	7451 c	HNcfsa
Jer 17:18	יֵבֹ֤שׁוּ	954	HVqj3mp
Jer 17:18	רֹדְפַ/י֙	7291	HVqrmpc/Sp1cs
Jer 17:18	וְ/אַל	c/408	HC/Tn
Jer 17:18	אֵבֹ֣שָׁה	954	HVqh1cs
Jer 17:18	אָ֔נִי	589	HPp1cs
Jer 17:18	יֵחַ֣תּוּ	2865	HVNj3mp
Jer 17:18	הֵ֔מָּה	1992	HPp3mp
Jer 17:18	וְ/אַל	c/408	HC/Tn
Jer 17:18	אֵחַ֖תָּה	2865	HVNh1cs
Jer 17:18	אָ֑נִי	589	HPp1cs
Jer 17:18	הָבִ֤יא	935	HVhv2ms
Jer 17:18	עֲלֵי/הֶם֙	5921 a	HR/Sp3mp
Jer 17:18	י֣וֹם	3117	HNcmsc
Jer 17:18	רָעָ֔ה	7451 c	HNcfsa
Jer 17:18	וּ/מִשְׁנֶ֥ה	c/4932	HC/Ncmsa
Jer 17:18	שִׁבָּר֖וֹן	7670	HNcmsa
Jer 17:18	שָׁבְרֵֽ/ם	7665	HVqv2ms/Sp3mp
Jer 17:19	כֹּה	3541	HD
Jer 17:19	אָמַ֨ר	559	HVqp3ms
Jer 17:19	יְהוָ֜ה	3068	HNp
Jer 17:19	אֵלַ֗/י	413	HR/Sp1cs
Jer 17:19	הָלֹ֤ךְ	1980	HVqa
Jer 17:19	וְ/עָֽמַדְתָּ֙	c/5975	HC/Vqq2ms
Jer 17:19	בְּ/שַׁ֣עַר	b/8179	HR/Ncmsc
Jer 17:19	בְּנֵֽי	1121 a	HNcmpc
Jer 17:19	עם	5971 a	HNcmsa
Jer 17:19	אֲשֶׁ֨ר	834 a	HTr
Jer 17:19	יָבֹ֤אוּ	935	HVqi3mp
Jer 17:19	ב/וֹ֙	b	HR/Sp3ms
Jer 17:19	מַלְכֵ֣י	4428	HNcmpc
Jer 17:19	יְהוּדָ֔ה	3063	HNp
Jer 17:19	וַ/אֲשֶׁ֖ר	c/834 a	HC/Tr
Jer 17:19	יֵ֣צְאוּ	3318	HVqi3mp
Jer 17:19	ב֑/וֹ	b	HR/Sp3ms
Jer 17:19	וּ/בְ/כֹ֖ל	c/b/3605	HC/R/Ncmsc
Jer 17:19	שַׁעֲרֵ֥י	8179	HNcmpc
Jer 17:19	יְרוּשָׁלִָֽם	3389	HNp
Jer 17:20	וְ/אָמַרְתָּ֣	c/559	HC/Vqq2ms
Jer 17:20	אֲ֠לֵי/הֶם	413	HR/Sp3mp
Jer 17:20	שִׁמְע֨וּ	8085	HVqv2mp
Jer 17:20	דְבַר	1697	HNcmsc
Jer 17:20	יְהוָ֜ה	3068	HNp
Jer 17:20	מַלְכֵ֤י	4428	HNcmpc
Jer 17:20	יְהוּדָה֙	3063	HNp
Jer 17:20	וְ/כָל	c/3605	HC/Ncmsc
Jer 17:20	יְהוּדָ֔ה	3063	HNp
Jer 17:20	וְ/כֹ֖ל	c/3605	HC/Ncmsc
Jer 17:20	יֹשְׁבֵ֣י	3427	HVqrmpc
Jer 17:20	יְרוּשָׁלִָ֑ם	3389	HNp
Jer 17:20	הַ/בָּאִ֖ים	d/935	HTd/Vqrmpa
Jer 17:20	בַּ/שְּׁעָרִ֥ים	b/8179	HRd/Ncmpa
Jer 17:20	הָ/אֵֽלֶּה	d/428	HTd/Pdxcp
Jer 17:21	כֹּ֚ה	3541	HD
Jer 17:21	אָמַ֣ר	559	HVqp3ms
Jer 17:21	יְהוָ֔ה	3068	HNp
Jer 17:21	הִשָּׁמְר֖וּ	8104	HVNv2mp
Jer 17:21	בְּ/נַפְשֽׁוֹתֵי/כֶ֑ם	b/5315	HR/Ncbpc/Sp2mp
Jer 17:21	וְ/אַל	c/408	HC/Tn
Jer 17:21	תִּשְׂא֤וּ	5375	HVqj2mp
Jer 17:21	מַשָּׂא֙	4853 a	HNcmsa
Jer 17:21	בְּ/י֣וֹם	b/3117	HR/Ncmsc
Jer 17:21	הַ/שַּׁבָּ֔ת	d/7676	HTd/Ncbsa
Jer 17:21	וַ/הֲבֵאתֶ֖ם	c/935	HC/Vhq2mp
Jer 17:21	בְּ/שַׁעֲרֵ֥י	b/8179	HR/Ncmpc
Jer 17:21	יְרוּשָׁלִָֽם	3389	HNp
Jer 17:22	וְ/לֹא	c/3808	HC/Tn
Jer 17:22	תוֹצִ֨יאוּ	3318	HVhi2mp
Jer 17:22	מַשָּׂ֤א	4853 a	HNcmsa
Jer 17:22	מִ/בָּֽתֵּי/כֶם֙	m/1004 b	HR/Ncmpc/Sp2mp
Jer 17:22	בְּ/י֣וֹם	b/3117	HR/Ncmsc
Jer 17:22	הַ/שַּׁבָּ֔ת	d/7676	HTd/Ncbsa
Jer 17:22	וְ/כָל	c/3605	HC/Ncmsc
Jer 17:22	מְלָאכָ֖ה	4399	HNcfsa
Jer 17:22	לֹ֣א	3808	HTn
Jer 17:22	תַֽעֲשׂ֑וּ	6213 a	HVqi2mp
Jer 17:22	וְ/קִדַּשְׁתֶּם֙	c/6942	HC/Vpq2mp
Jer 17:22	אֶת	853	HTo
Jer 17:22	י֣וֹם	3117	HNcmsc
Jer 17:22	הַ/שַּׁבָּ֔ת	d/7676	HTd/Ncbsa
Jer 17:22	כַּ/אֲשֶׁ֥ר	k/834 d	HR/Tr
Jer 17:22	צִוִּ֖יתִי	6680	HVpp1cs
Jer 17:22	אֶת	853	HTo
Jer 17:22	אֲבוֹתֵי/כֶֽם	1	HNcmpc/Sp2mp
Jer 17:23	וְ/לֹ֣א	c/3808	HC/Tn
Jer 17:23	שָֽׁמְע֔וּ	8085	HVqp3cp
Jer 17:23	וְ/לֹ֥א	c/3808	HC/Tn
Jer 17:23	הִטּ֖וּ	5186	HVhp3cp
Jer 17:23	אֶת	853	HTo
Jer 17:23	אָזְנָ֑/ם	241	HNcfsc/Sp3mp
Jer 17:23	וַ/יַּקְשׁוּ֙	c/7185	HC/Vhw3mp
Jer 17:23	אֶת	853	HTo
Jer 17:23	עָרְפָּ֔/ם	6203	HNcmsc/Sp3mp
Jer 17:23	לְ/בִלְתִּ֣י	l/1115	HR/C
Jer 17:23	שומע	8085	HVqrmsa
Jer 17:23	וּ/לְ/בִלְתִּ֖י	c/l/1115	HC/R/Tn
Jer 17:23	קַ֥חַת	3947	HVqc
Jer 17:23	מוּסָֽר	4148	HNcmsa
Jer 17:24	וְ֠/הָיָה	c/1961	HC/Vqq3ms
Jer 17:24	אִם	518 a	HC
Jer 17:24	שָׁמֹ֨עַ	8085	HVqa
Jer 17:24	תִּשְׁמְע֤וּ/ן	8085	HVqi2mp/Sn
Jer 17:24	אֵלַ/י֙	413	HR/Sp1cs
Jer 17:24	נְאֻם	5002	HNcmsc
Jer 17:24	יְהוָ֔ה	3068	HNp
Jer 17:24	לְ/בִלְתִּ֣י	l/1115	HR/C
Jer 17:24	הָבִ֣יא	935	HVhc
Jer 17:24	מַשָּׂ֗א	4853 a	HNcmsa
Jer 17:24	בְּ/שַׁעֲרֵ֛י	b/8179	HR/Ncmpc
Jer 17:24	הָ/עִ֥יר	d/5892 b	HTd/Ncfsa
Jer 17:24	הַ/זֹּ֖את	d/2063	HTd/Pdxfs
Jer 17:24	בְּ/י֣וֹם	b/3117	HR/Ncmsc
Jer 17:24	הַ/שַּׁבָּ֑ת	d/7676	HTd/Ncbsa
Jer 17:24	וּ/לְ/קַדֵּשׁ֙	c/l/6942	HC/R/Vpc
Jer 17:24	אֶת	853	HTo
Jer 17:24	י֣וֹם	3117	HNcmsc
Jer 17:24	הַ/שַּׁבָּ֔ת	d/7676	HTd/Ncbsa
Jer 17:24	לְ/בִלְתִּ֥י	l/1115	HR/C
Jer 17:24	עֲשֽׂוֹת	6213 a	HVqc
Jer 17:24	ב/ה	b	HR/Sp3fs
Jer 17:24	כָּל	3605	HNcmsc
Jer 17:24	מְלָאכָֽה	4399	HNcfsa
Jer 17:25	וּ/בָ֣אוּ	c/935	HC/Vqq3cp
Jer 17:25	בְ/שַׁעֲרֵ֣י	b/8179	HR/Ncmpc
Jer 17:25	הָ/עִ֣יר	d/5892 b	HTd/Ncfsa
Jer 17:25	הַ/זֹּ֡את	d/2063	HTd/Pdxfs
Jer 17:25	מְלָכִ֣ים	4428	HNcmpa
Jer 17:25	וְ/שָׂרִ֡ים	c/8269	HC/Ncmpa
Jer 17:25	יֹשְׁבִים֩	3427	HVqrmpa
Jer 17:25	עַל	5921 a	HR
Jer 17:25	כִּסֵּ֨א	3678	HNcmsc
Jer 17:25	דָוִ֜ד	1732	HNp
Jer 17:25	רֹכְבִ֣ים	7392	HVqrmpa
Jer 17:25	בָּ/רֶ֣כֶב	b/7393	HRd/Ncmsa
Jer 17:25	וּ/בַ/סּוּסִ֗ים	c/b/5483 b	HC/Rd/Ncmpa
Jer 17:25	הֵ֚מָּה	1992	HPp3mp
Jer 17:25	וְ/שָׂ֣רֵי/הֶ֔ם	c/8269	HC/Ncmpc/Sp3mp
Jer 17:25	אִ֥ישׁ	376	HNcmsc
Jer 17:25	יְהוּדָ֖ה	3063	HNp
Jer 17:25	וְ/יֹשְׁבֵ֣י	c/3427	HC/Vqrmpc
Jer 17:25	יְרוּשָׁלִָ֑ם	3389	HNp
Jer 17:25	וְ/יָשְׁבָ֥ה	c/3427	HC/Vqq3fs
Jer 17:25	הָֽ/עִיר	d/5892 b	HTd/Ncfsa
Jer 17:25	הַ/זֹּ֖את	d/2063	HTd/Pdxfs
Jer 17:25	לְ/עוֹלָֽם	l/5769	HR/Ncmsa
Jer 17:26	וּ/בָ֣אוּ	c/935	HC/Vqp3cp
Jer 17:26	מֵ/עָרֵֽי	m/5892 b	HR/Ncfpc
Jer 17:26	יְ֠הוּדָה	3063	HNp
Jer 17:26	וּ/מִ/סְּבִיב֨וֹת	c/m/5439	HC/R/Ncbpc
Jer 17:26	יְרוּשָׁלִַ֜ם	3389	HNp
Jer 17:26	וּ/מֵ/אֶ֣רֶץ	c/m/776	HC/R/Ncbsc
Jer 17:26	בִּנְיָמִ֗ן	1144	HNp
Jer 17:26	וּ/מִן	c/4480 a	HC/R
Jer 17:26	הַ/שְּׁפֵלָ֤ה	d/8219	HTd/Ncfsa
Jer 17:26	וּ/מִן	c/4480 a	HC/R
Jer 17:26	הָ/הָר֙	d/2022	HTd/Ncmsa
Jer 17:26	וּ/מִן	c/4480 a	HC/R
Jer 17:26	הַ/נֶּ֔גֶב	d/5045	HTd/Ncmsa
Jer 17:26	מְבִאִ֛ים	935	HVhrmpa
Jer 17:26	עוֹלָ֥ה	5930 a	HNcfsa
Jer 17:26	וְ/זֶ֖בַח	c/2077	HC/Ncmsa
Jer 17:26	וּ/מִנְחָ֣ה	c/4503	HC/Ncfsa
Jer 17:26	וּ/לְבוֹנָ֑ה	c/3828	HC/Ncfsa
Jer 17:26	וּ/מְבִאֵ֥י	c/935	HC/Vhrmpc
Jer 17:26	תוֹדָ֖ה	8426	HNcfsa
Jer 17:26	בֵּ֥ית	1004 b	HNcmsc
Jer 17:26	יְהוָֽה	3068	HNp
Jer 17:27	וְ/אִם	c/518 a	HC/C
Jer 17:27	לֹ֨א	3808	HTn
Jer 17:27	תִשְׁמְע֜וּ	8085	HVqi2mp
Jer 17:27	אֵלַ֗/י	413	HR/Sp1cs
Jer 17:27	לְ/קַדֵּשׁ֙	l/6942	HR/Vpc
Jer 17:27	אֶת	853	HTo
Jer 17:27	י֣וֹם	3117	HNcmsc
Jer 17:27	הַ/שַּׁבָּ֔ת	d/7676	HTd/Ncbsa
Jer 17:27	וּ/לְ/בִלְתִּ֣י	c/l/1115	HC/R/Tn
Jer 17:27	שְׂאֵ֣ת	5375	HVqc
Jer 17:27	מַשָּׂ֗א	4853 a	HNcmsa
Jer 17:27	וּ/בֹ֛א	c/935	HC/Vqc
Jer 17:27	בְּ/שַׁעֲרֵ֥י	b/8179	HR/Ncmpc
Jer 17:27	יְרוּשָׁלִַ֖ם	3389	HNp
Jer 17:27	בְּ/י֣וֹם	b/3117	HR/Ncmsc
Jer 17:27	הַ/שַּׁבָּ֑ת	d/7676	HTd/Ncbsa
Jer 17:27	וְ/הִצַּ֧תִּי	c/3341	HC/Vhq1cs
Jer 17:27	אֵ֣שׁ	784	HNcbsa
Jer 17:27	בִּ/שְׁעָרֶ֗י/הָ	b/8179	HR/Ncmpc/Sp3fs
Jer 17:27	וְ/אָֽכְלָ֛ה	c/398	HC/Vqq3fs
Jer 17:27	אַרְמְנ֥וֹת	759	HNcmpc
Jer 17:27	יְרוּשָׁלִַ֖ם	3389	HNp
Jer 17:27	וְ/לֹ֥א	c/3808	HC/Tn
Jer 17:27	תִכְבֶּֽה	3518	HVqi3fs
Jer 18:1	הַ/דָּבָר֙	d/1697	HTd/Ncmsa
Jer 18:1	אֲשֶׁ֣ר	834 a	HTr
Jer 18:1	הָיָ֣ה	1961	HVqp3ms
Jer 18:1	אֶֽל	413	HR
Jer 18:1	יִרְמְיָ֔הוּ	3414	HNp
Jer 18:1	מֵ/אֵ֥ת	m/854	HR/R
Jer 18:1	יְהוָ֖ה	3068	HNp
Jer 18:1	לֵ/אמֹֽר	l/559	HR/Vqc
Jer 18:2	ק֥וּם	6965 b	HVqv2ms
Jer 18:2	וְ/יָרַדְתָּ֖	c/3381	HC/Vqq2ms
Jer 18:2	בֵּ֣ית	1004 b	HNcmsc
Jer 18:2	הַ/יּוֹצֵ֑ר	d/3335	HTd/Vqrmsa
Jer 18:2	וְ/שָׁ֖מָּ/ה	c/8033	HC/D/Sd
Jer 18:2	אַשְׁמִֽיעֲ/ךָ֥	8085	HVhi1cs/Sp2ms
Jer 18:2	אֶת	853	HTo
Jer 18:2	דְּבָרָֽ/י	1697	HNcmpc/Sp1cs
Jer 18:3	וָ/אֵרֵ֖ד	c/3381	HC/Vqw1cs
Jer 18:3	בֵּ֣ית	1004 b	HNcmsc
Jer 18:3	הַ/יּוֹצֵ֑ר	d/3335	HTd/Vqrmsa
Jer 18:3	ו/הנ/הו	c/2009	HC/Tm/Sp3ms
Jer 18:3	עֹשֶׂ֥ה	6213 a	HVqrmsa
Jer 18:3	מְלָאכָ֖ה	4399	HNcfsa
Jer 18:3	עַל	5921 a	HR
Jer 18:3	הָ/אָבְנָֽיִם	d/70	HTd/Ncmda
Jer 18:4	וְ/נִשְׁחַ֣ת	c/7843	HC/VNp3ms
Jer 18:4	הַ/כְּלִ֗י	d/3627	HTd/Ncmsa
Jer 18:4	אֲשֶׁ֨ר	834 a	HTr
Jer 18:4	ה֥וּא	1931	HPp3ms
Jer 18:4	עֹשֶׂ֛ה	6213 a	HVqrmsa
Jer 18:4	בַּ/חֹ֖מֶר	b/2563 a	HRd/Ncmsa
Jer 18:4	בְּ/יַ֣ד	b/3027	HR/Ncbsc
Jer 18:4	הַ/יּוֹצֵ֑ר	d/3335	HTd/Vqrmsa
Jer 18:4	וְ/שָׁ֗ב	c/7725	HC/Vqp3ms
Jer 18:4	וַֽ/יַּעֲשֵׂ֨/הוּ֙	c/6213 a	HC/Vqw3ms/Sp3ms
Jer 18:4	כְּלִ֣י	3627	HNcmsa
Jer 18:4	אַחֵ֔ר	312	HAamsa
Jer 18:4	כַּ/אֲשֶׁ֥ר	k/834 d	HR/Tr
Jer 18:4	יָשַׁ֛ר	3474	HVqp3ms
Jer 18:4	בְּ/עֵינֵ֥י	b/5869 a	HR/Ncbdc
Jer 18:4	הַ/יּוֹצֵ֖ר	d/3335	HTd/Vqrmsa
Jer 18:4	לַ/עֲשֽׂוֹת	l/6213 a	HR/Vqc
Jer 18:5	וַ/יְהִ֥י	c/1961	HC/Vqw3ms
Jer 18:5	דְבַר	1697	HNcmsc
Jer 18:5	יְהוָ֖ה	3068	HNp
Jer 18:5	אֵלַ֥/י	413	HR/Sp1cs
Jer 18:5	לֵ/אמֽוֹר	l/559	HR/Vqc
Jer 18:6	הֲ/כַ/יּוֹצֵ֨ר	i/k/3335	HTi/Rd/Vqrmsa
Jer 18:6	הַ/זֶּ֜ה	d/2088	HTd/Pdxms
Jer 18:6	לֹא	3808	HTn
Jer 18:6	אוּכַ֨ל	3201	HVqi1cs
Jer 18:6	לַ/עֲשׂ֥וֹת	l/6213 a	HR/Vqc
Jer 18:6	לָ/כֶ֛ם	l	HR/Sp2mp
Jer 18:6	בֵּ֥ית	1004 b	HNcmsc
Jer 18:6	יִשְׂרָאֵ֖ל	3478	HNp
Jer 18:6	נְאֻם	5002	HNcmsc
Jer 18:6	יְהוָ֑ה	3068	HNp
Jer 18:6	הִנֵּ֤ה	2009	HTm
Jer 18:6	כַ/חֹ֨מֶר֙	k/2563 a	HRd/Ncmsa
Jer 18:6	בְּ/יַ֣ד	b/3027	HR/Ncbsc
Jer 18:6	הַ/יּוֹצֵ֔ר	d/3335	HTd/Vqrmsa
Jer 18:6	כֵּן	3651 c	HTm
Jer 18:6	אַתֶּ֥ם	859 d	HPp2mp
Jer 18:6	בְּ/יָדִ֖/י	b/3027	HR/Ncbsc/Sp1cs
Jer 18:6	בֵּ֥ית	1004 b	HNcmsc
Jer 18:6	יִשְׂרָאֵֽל	3478	HNp
Jer 18:7	רֶ֣גַע	7281	HNcmsa
Jer 18:7	אֲדַבֵּ֔ר	1696	HVpi1cs
Jer 18:7	עַל	5921 a	HR
Jer 18:7	גּ֖וֹי	1471 a	HNcmsa
Jer 18:7	וְ/עַל	c/5921 a	HC/R
Jer 18:7	מַמְלָכָ֑ה	4467	HNcfsa
Jer 18:7	לִ/נְת֥וֹשׁ	l/5428	HR/Vqc
Jer 18:7	וְ/לִ/נְת֖וֹץ	c/l/5422	HC/R/Vqc
Jer 18:7	וּֽ/לְ/הַאֲבִֽיד	c/l/6	HC/R/Vhc
Jer 18:8	וְ/שָׁב֙	c/7725	HC/Vqq3ms
Jer 18:8	הַ/גּ֣וֹי	d/1471 a	HTd/Ncmsa
Jer 18:8	הַ/ה֔וּא	d/1931	HTd/Pp3ms
Jer 18:8	מֵ/רָ֣עָת֔/וֹ	m/7451 c	HR/Ncfsc/Sp3ms
Jer 18:8	אֲשֶׁ֥ר	834 a	HTr
Jer 18:8	דִּבַּ֖רְתִּי	1696	HVpp1cs
Jer 18:8	עָלָ֑י/ו	5921 a	HR/Sp3ms
Jer 18:8	וְ/נִֽחַמְתִּי֙	c/5162	HC/VNq1cs
Jer 18:8	עַל	5921 a	HR
Jer 18:8	הָ֣/רָעָ֔ה	d/7451 c	HTd/Ncfsa
Jer 18:8	אֲשֶׁ֥ר	834 a	HTr
Jer 18:8	חָשַׁ֖בְתִּי	2803	HVqp1cs
Jer 18:8	לַ/עֲשׂ֥וֹת	l/6213 a	HR/Vqc
Jer 18:8	לֽ/וֹ	l	HR/Sp3ms
Jer 18:9	וְ/רֶ֣גַע	c/7281	HC/Ncmsa
Jer 18:9	אֲדַבֵּ֔ר	1696	HVpi1cs
Jer 18:9	עַל	5921 a	HR
Jer 18:9	גּ֖וֹי	1471 a	HNcmsa
Jer 18:9	וְ/עַל	c/5921 a	HC/R
Jer 18:9	מַמְלָכָ֑ה	4467	HNcfsa
Jer 18:9	לִ/בְנֹ֖ת	l/1129	HR/Vqc
Jer 18:9	וְ/לִ/נְטֹֽעַ	c/l/5193	HC/R/Vqc
Jer 18:10	וְ/עָשָׂ֤ה	c/6213 a	HC/Vqq3ms
Jer 18:10	ה/רעה	d/7451 c	HTd/Ncfsa
Jer 18:10	בְּ/עֵינַ֔/י	b/5869 a	HR/Ncbdc/Sp1cs
Jer 18:10	לְ/בִלְתִּ֖י	l/1115	HR/C
Jer 18:10	שְׁמֹ֣עַ	8085	HVqc
Jer 18:10	בְּ/קוֹלִ֑/י	b/6963 a	HR/Ncmsc/Sp1cs
Jer 18:10	וְ/נִֽחַמְתִּי֙	c/5162	HC/VNq1cs
Jer 18:10	עַל	5921 a	HR
Jer 18:10	הַ/טּוֹבָ֔ה	d/2896 c	HTd/Aafsa
Jer 18:10	אֲשֶׁ֥ר	834 a	HTr
Jer 18:10	אָמַ֖רְתִּי	559	HVqp1cs
Jer 18:10	לְ/הֵיטִ֥יב	l/3190	HR/Vhc
Jer 18:10	אוֹתֽ/וֹ	853	HTo/Sp3ms
Jer 18:11	וְ/עַתָּ֡ה	c/6258	HC/D
Jer 18:11	אֱמָר	559	HVqv2ms
Jer 18:11	נָ֣א	4994	HTe
Jer 18:11	אֶל	413	HR
Jer 18:11	אִישׁ	376	HNcmsc
Jer 18:11	יְהוּדָה֩	3063	HNp
Jer 18:11	וְ/עַל	c/5921 a	HC/R
Jer 18:11	יוֹשְׁבֵ֨י	3427	HVqrmpc
Jer 18:11	יְרוּשָׁלִַ֜ם	3389	HNp
Jer 18:11	לֵ/אמֹ֗ר	l/559	HR/Vqc
Jer 18:11	כֹּ֚ה	3541	HD
Jer 18:11	אָמַ֣ר	559	HVqp3ms
Jer 18:11	יְהוָ֔ה	3068	HNp
Jer 18:11	הִנֵּ֨ה	2009	HTm
Jer 18:11	אָנֹכִ֜י	595	HPp1cs
Jer 18:11	יוֹצֵ֤ר	3335	HVqrmsa
Jer 18:11	עֲלֵי/כֶם֙	5921 a	HR/Sp2mp
Jer 18:11	רָעָ֔ה	7451 c	HNcfsa
Jer 18:11	וְ/חֹשֵׁ֥ב	c/2803	HC/Vqrmsa
Jer 18:11	עֲלֵי/כֶ֖ם	5921 a	HR/Sp2mp
Jer 18:11	מַֽחֲשָׁבָ֑ה	4284	HNcfsa
Jer 18:11	שׁ֣וּבוּ	7725	HVqv2mp
Jer 18:11	נָ֗א	4994	HTe
Jer 18:11	אִ֚ישׁ	376	HNcmsa
Jer 18:11	מִ/דַּרְכּ֣/וֹ	m/1870	HR/Ncbsc/Sp3ms
Jer 18:11	הָֽ/רָעָ֔ה	d/7451 a	HTd/Aafsa
Jer 18:11	וְ/הֵיטִ֥יבוּ	c/3190	HC/Vhv2mp
Jer 18:11	דַרְכֵי/כֶ֖ם	1870	HNcbpc/Sp2mp
Jer 18:11	וּ/מַעַלְלֵי/כֶֽם	c/4611	HC/Ncmpc/Sp2mp
Jer 18:12	וְ/אָמְר֖וּ	c/559	HC/Vqq3cp
Jer 18:12	נוֹאָ֑שׁ	2976	HVNrmsa
Jer 18:12	כִּֽי	3588 a	HC
Jer 18:12	אַחֲרֵ֤י	310 a	HR
Jer 18:12	מַחְשְׁבוֹתֵ֨י/נוּ֙	4284	HNcfpc/Sp1cp
Jer 18:12	נֵלֵ֔ךְ	3212	HVqi1cp
Jer 18:12	וְ/אִ֛ישׁ	c/376	HC/Ncmsa
Jer 18:12	שְׁרִר֥וּת	8307	HNcfsc
Jer 18:12	לִבּֽ/וֹ	3820 a	HNcmsc/Sp3ms
Jer 18:12	הָ/רָ֖ע	d/7451 a	HTd/Aamsa
Jer 18:12	נַעֲשֶֽׂה	6213 a	HVqi1cp
Jer 18:13	לָ/כֵ֗ן	l/3651 c	HR/D
Jer 18:13	כֹּ֚ה	3541	HD
Jer 18:13	אָמַ֣ר	559	HVqp3ms
Jer 18:13	יְהוָ֔ה	3068	HNp
Jer 18:13	שַֽׁאֲלוּ	7592	HVqv2mp
Jer 18:13	נָא֙	4994	HTe
Jer 18:13	בַּ/גּוֹיִ֔ם	b/1471 a	HRd/Ncmpa
Jer 18:13	מִ֥י	4310	HTi
Jer 18:13	שָׁמַ֖ע	8085	HVqp3ms
Jer 18:13	כָּ/אֵ֑לֶּה	k/428	HR/Pdxcp
Jer 18:13	שַֽׁעֲרֻרִת֙	8186 b	HNcfsa
Jer 18:13	עָשְׂתָ֣ה	6213 a	HVqp3fs
Jer 18:13	מְאֹ֔ד	3966	HD
Jer 18:13	בְּתוּלַ֖ת	1330	HNcfsc
Jer 18:13	יִשְׂרָאֵֽל	3478	HNp
Jer 18:14	הֲ/יַעֲזֹ֥ב	i/5800 a	HTi/Vqi3ms
Jer 18:14	מִ/צּ֛וּר	m/6697	HR/Ncmsc
Jer 18:14	שָׂדַ֖י	7704 a	HNcmsa
Jer 18:14	שֶׁ֣לֶג	7950	HNcmsc
Jer 18:14	לְבָנ֑וֹן	3844	HNp
Jer 18:14	אִם	518 a	HC
Jer 18:14	יִנָּתְשׁ֗וּ	5428	HVNi3mp
Jer 18:14	מַ֛יִם	4325	HNcmpa
Jer 18:14	זָרִ֥ים	2114 a	HAampa
Jer 18:14	קָרִ֖ים	7119	HAampa
Jer 18:14	נוֹזְלִֽים	5140	HVqrmpa
Jer 18:15	כִּֽי	3588 a	HC
Jer 18:15	שְׁכֵחֻ֥/נִי	7911	HVqp3cp/Sp1cs
Jer 18:15	עַמִּ֖/י	5971 a	HNcmsc/Sp1cs
Jer 18:15	לַ/שָּׁ֣וְא	l/7723	HRd/Ncmsa
Jer 18:15	יְקַטֵּ֑רוּ	6999 a	HVpi3mp
Jer 18:15	וַ/יַּכְשִׁל֤וּ/ם	c/3782	HC/Vhw3mp/Sp3mp
Jer 18:15	בְּ/דַרְכֵי/הֶם֙	b/1870	HR/Ncbpc/Sp3mp
Jer 18:15	שְׁבִילֵ֣י	7635	HNcmpc
Jer 18:15	עוֹלָ֔ם	5769	HNcmsa
Jer 18:15	לָ/לֶ֣כֶת	l/3212	HR/Vqc
Jer 18:15	נְתִיב֔וֹת	5410 b	HNcbpa
Jer 18:15	דֶּ֖רֶךְ	1870	HNcbsa
Jer 18:15	לֹ֥א	3808	HTn
Jer 18:15	סְלוּלָֽה	5549	HVqsfsa
Jer 18:16	לָ/שׂ֥וּם	l/7760 a	HR/Vqc
Jer 18:16	אַרְצָ֛/ם	776	HNcbsc/Sp3mp
Jer 18:16	לְ/שַׁמָּ֖ה	l/8047	HR/Ncfsa
Jer 18:16	שרוקת	8292	HNcfsc
Jer 18:16	עוֹלָ֑ם	5769	HNcmsa
Jer 18:16	כֹּ֚ל	3605	HNcmsc
Jer 18:16	עוֹבֵ֣ר	5674 a	HVqrmsa
Jer 18:16	עָלֶ֔י/הָ	5921 a	HR/Sp3fs
Jer 18:16	יִשֹּׁ֖ם	8074	HVqi3ms
Jer 18:16	וְ/יָנִ֥יד	c/5110	HC/Vhi3ms
Jer 18:16	בְּ/רֹאשֽׁ/וֹ	b/7218 a	HR/Ncmsc/Sp3ms
Jer 18:17	כְּ/רֽוּחַ	k/7307	HR/Ncbsc
Jer 18:17	קָדִ֥ים	6921	HNcmsa
Jer 18:17	אֲפִיצֵ֖/ם	6327 a	HVhi1cs/Sp3mp
Jer 18:17	לִ/פְנֵ֣י	l/6440	HR/Ncbpc
Jer 18:17	אוֹיֵ֑ב	341	HVqrmsa
Jer 18:17	עֹ֧רֶף	6203	HNcmsa
Jer 18:17	וְ/לֹֽא	c/3808	HC/Tn
Jer 18:17	פָנִ֛ים	6440	HNcbpa
Jer 18:17	אֶרְאֵ֖/ם	7200	HVqi1cs/Sp3mp
Jer 18:17	בְּ/י֥וֹם	b/3117	HR/Ncmsc
Jer 18:17	אֵידָֽ/ם	343	HNcmsc/Sp3mp
Jer 18:18	וַ/יֹּאמְר֗וּ	c/559	HC/Vqw3mp
Jer 18:18	לְכ֨וּ	3212	HVqv2mp
Jer 18:18	וְ/נַחְשְׁבָ֣ה	c/2803	HC/Vqh1cp
Jer 18:18	עַֽל	5921 a	HR
Jer 18:18	יִרְמְיָהוּ֮	3414	HNp
Jer 18:18	מַחֲשָׁבוֹת֒	4284	HNcfpa
Jer 18:18	כִּי֩	3588 a	HC
Jer 18:18	לֹא	3808	HTn
Jer 18:18	תֹאבַ֨ד	6	HVqi3fs
Jer 18:18	תּוֹרָ֜ה	8451	HNcfsa
Jer 18:18	מִ/כֹּהֵ֗ן	m/3548	HR/Ncmsa
Jer 18:18	וְ/עֵצָה֙	c/6098	HC/Ncfsa
Jer 18:18	מֵֽ/חָכָ֔ם	m/2450	HR/Aamsa
Jer 18:18	וְ/דָבָ֖ר	c/1697	HC/Ncmsa
Jer 18:18	מִ/נָּבִ֑יא	m/5030	HR/Ncmsa
Jer 18:18	לְכוּ֙	3212	HVqv2mp
Jer 18:18	וְ/נַכֵּ֣/הוּ	c/5221	HC/Vhh1cp/Sp3ms
Jer 18:18	בַ/לָּשׁ֔וֹן	b/3956	HRd/Ncbsa
Jer 18:18	וְ/אַל	c/408	HC/Tn
Jer 18:18	נַקְשִׁ֖יבָה	7181	HVhh1cp
Jer 18:18	אֶל	413	HR
Jer 18:18	כָּל	3605	HNcmsc
Jer 18:18	דְּבָרָֽי/ו	1697	HNcmpc/Sp3ms
Jer 18:19	הַקְשִׁ֥יבָ/ה	7181	HVhv2ms/Sh
Jer 18:19	יְהוָ֖ה	3068	HNp
Jer 18:19	אֵלָ֑/י	413	HR/Sp1cs
Jer 18:19	וּ/שְׁמַ֖ע	c/8085	HC/Vqv2ms
Jer 18:19	לְ/ק֥וֹל	l/6963 a	HR/Ncmsc
Jer 18:19	יְרִיבָֽ/י	3401	HNcmpc/Sp1cs
Jer 18:20	הַ/יְשֻׁלַּ֤ם	d/7999 a	HTi/VPi3ms
Jer 18:20	תַּֽחַת	8478	HR
Jer 18:20	טוֹבָה֙	2896 c	HAafsa
Jer 18:20	רָעָ֔ה	7451 c	HNcfsa
Jer 18:20	כִּֽי	3588 a	HC
Jer 18:20	כָר֥וּ	3738 b	HVqp3cp
Jer 18:20	שׁוּחָ֖ה	7745	HNcfsa
Jer 18:20	לְ/נַפְשִׁ֑/י	l/5315	HR/Ncbsc/Sp1cs
Jer 18:20	זְכֹ֣ר	2142	HVqv2ms
Jer 18:20	עָמְדִ֣/י	5975	HVqc/Sp1cs
Jer 18:20	לְ/פָנֶ֗י/ךָ	l/6440	HR/Ncbpc/Sp2ms
Jer 18:20	לְ/דַבֵּ֤ר	l/1696	HR/Vpc
Jer 18:20	עֲלֵי/הֶם֙	5921 a	HR/Sp3mp
Jer 18:20	טוֹבָ֔ה	2896 c	HAafsa
Jer 18:20	לְ/הָשִׁ֥יב	l/7725	HR/Vhc
Jer 18:20	אֶת	853	HTo
Jer 18:20	חֲמָתְ/ךָ֖	2534	HNcfsc/Sp2ms
Jer 18:20	מֵ/הֶֽם	m	HR/Sp3mp
Jer 18:21	לָ/כֵן֩	l/3651 c	HR/D
Jer 18:21	תֵּ֨ן	5414	HVqv2ms
Jer 18:21	אֶת	853	HTo
Jer 18:21	בְּנֵי/הֶ֜ם	1121 a	HNcmpc/Sp3mp
Jer 18:21	לָ/רָעָ֗ב	l/7458	HRd/Ncmsa
Jer 18:21	וְ/הַגִּרֵ/ם֮	c/5064	HC/Vhv2ms/Sp3mp
Jer 18:21	עַל	5921 a	HR
Jer 18:21	יְדֵי	3027	HNcbdc
Jer 18:21	חֶרֶב֒	2719	HNcfsa
Jer 18:21	וְ/תִֽהְיֶ֨נָה	c/1961	HC/Vqj3fp
Jer 18:21	נְשֵׁי/הֶ֤ם	802	HNcfpc/Sp3mp
Jer 18:21	שַׁכֻּלוֹת֙	7909	HAafpa
Jer 18:21	וְ/אַלְמָנ֔וֹת	c/490	HC/Ncfpa
Jer 18:21	וְ/אַ֨נְשֵׁי/הֶ֔ם	c/376	HC/Ncmpc/Sp3mp
Jer 18:21	יִֽהְי֖וּ	1961	HVqi3mp
Jer 18:21	הֲרֻ֣גֵי	2026	HVqsmpc
Jer 18:21	מָ֑וֶת	4194	HNcmsa
Jer 18:21	בַּח֣וּרֵי/הֶ֔ם	970	HNcmpc/Sp3mp
Jer 18:21	מֻכֵּי	5221	HVHsmpc
Jer 18:21	חֶ֖רֶב	2719	HNcfsa
Jer 18:21	בַּ/מִּלְחָמָֽה	b/4421	HRd/Ncfsa
Jer 18:22	תִּשָּׁמַ֤ע	8085	HVNi3fs
Jer 18:22	זְעָקָה֙	2201	HNcfsa
Jer 18:22	מִ/בָּ֣תֵּי/הֶ֔ם	m/1004 b	HR/Ncmpc/Sp3mp
Jer 18:22	כִּֽי	3588 a	HC
Jer 18:22	תָבִ֧יא	935	HVhi2ms
Jer 18:22	עֲלֵי/הֶ֛ם	5921 a	HR/Sp3mp
Jer 18:22	גְּד֖וּד	1416	HNcmsa
Jer 18:22	פִּתְאֹ֑ם	6597	HD
Jer 18:22	כִּֽי	3588 a	HC
Jer 18:22	כָר֤וּ	3738 b	HVqp3cp
Jer 18:22	שיחה	7882	HNcfsa
Jer 18:22	לְ/לָכְדֵ֔/נִי	l/3920	HR/Vqc/Sp1cs
Jer 18:22	וּ/פַחִ֖ים	c/6341 a	HC/Ncmpa
Jer 18:22	טָמְנ֥וּ	2934	HVqp3cp
Jer 18:22	לְ/רַגְלָֽ/י	l/7272	HR/Ncfdc/Sp1cs
Jer 18:23	וְ/אַתָּ֣ה	c/859 a	HC/Pp2ms
Jer 18:23	יְ֠הוָה	3068	HNp
Jer 18:23	יָדַ֜עְתָּ	3045	HVqp2ms
Jer 18:23	אֶֽת	853	HTo
Jer 18:23	כָּל	3605	HNcmsc
Jer 18:23	עֲצָתָ֤/ם	6098	HNcfsc/Sp3mp
Jer 18:23	עָלַ/י֙	5921 a	HR/Sp1cs
Jer 18:23	לַ/מָּ֔וֶת	l/4194	HRd/Ncmsa
Jer 18:23	אַל	408	HTn
Jer 18:23	תְּכַפֵּר֙	3722 a	HVpj2ms
Jer 18:23	עַל	5921 a	HR
Jer 18:23	עֲוֺנָ֔/ם	5771	HNcbsc/Sp3mp
Jer 18:23	וְ/חַטָּאתָ֖/ם	c/2403 b	HC/Ncfsc/Sp3mp
Jer 18:23	מִ/לְּ/פָנֶ֣י/ךָ	m/l/6440	HR/R/Ncbpc/Sp2ms
Jer 18:23	אַל	408	HTn
Jer 18:23	תֶּ֑מְחִי	4229 a	HVhj2ms
Jer 18:23	ו/היו	c/1961	HC/Vqq3cp
Jer 18:23	מֻכְשָׁלִים֙	3782	HVHsmpa
Jer 18:23	לְ/פָנֶ֔י/ךָ	l/6440	HR/Ncbpc/Sp2ms
Jer 18:23	בְּ/עֵ֥ת	b/6256	HR/Ncbsc
Jer 18:23	אַפְּ/ךָ֖	639	HNcmsc/Sp2ms
Jer 18:23	עֲשֵׂ֥ה	6213 a	HVqv2ms
Jer 18:23	בָ/הֶֽם	b	HR/Sp3mp
Jer 19:1	כֹּ֚ה	3541	HD
Jer 19:1	אָמַ֣ר	559	HVqp3ms
Jer 19:1	יְהוָ֔ה	3068	HNp
Jer 19:1	הָל֛וֹךְ	1980	HVqa
Jer 19:1	וְ/קָנִ֥יתָ	c/7069	HC/Vqq2ms
Jer 19:1	בַקְבֻּ֖ק	1228	HNcmsc
Jer 19:1	יוֹצֵ֣ר	3335	HVqrmsc
Jer 19:1	חָ֑רֶשׂ	2789	HNcmsa
Jer 19:1	וּ/מִ/זִּקְנֵ֣י	c/m/2205	HC/R/Aampc
Jer 19:1	הָ/עָ֔ם	d/5971 a	HTd/Ncmsa
Jer 19:1	וּ/מִ/זִּקְנֵ֖י	c/m/2205	HC/R/Aampc
Jer 19:1	הַ/כֹּהֲנִֽים	d/3548	HTd/Ncmpa
Jer 19:2	וְ/יָצָ֨אתָ֙	c/3318	HC/Vqq2ms
Jer 19:2	אֶל	413	HR
Jer 19:2	גֵּ֣יא	1516	HNp
Jer 19:2	בֶן	1121 a	HNp
Jer 19:2	הִנֹּ֔ם	2011	HNp
Jer 19:2	אֲשֶׁ֕ר	834 a	HTr
Jer 19:2	פֶּ֖תַח	6607	HNcmsc
Jer 19:2	שַׁ֣עַר	8179	HNcmsc
Jer 19:2	ה/חרסות	d/2777	HTd/Ncfsa
Jer 19:2	וְ/קָרָ֣אתָ	c/7121	HC/Vqq2ms
Jer 19:2	שָּׁ֔ם	8033	HD
Jer 19:2	אֶת	853	HTo
Jer 19:2	הַ/דְּבָרִ֖ים	d/1697	HTd/Ncmpa
Jer 19:2	אֲשֶׁר	834 a	HTr
Jer 19:2	אֲדַבֵּ֥ר	1696	HVpi1cs
Jer 19:2	אֵלֶֽי/ךָ	413	HR/Sp2ms
Jer 19:3	וְ/אָֽמַרְתָּ֙	c/559	HC/Vqq2ms
Jer 19:3	שִׁמְע֣וּ	8085	HVqv2mp
Jer 19:3	דְבַר	1697	HNcmsc
Jer 19:3	יְהוָ֔ה	3068	HNp
Jer 19:3	מַלְכֵ֣י	4428	HNcmpc
Jer 19:3	יְהוּדָ֔ה	3063	HNp
Jer 19:3	וְ/יֹשְׁבֵ֖י	c/3427	HC/Vqrmpc
Jer 19:3	יְרֽוּשָׁלִָ֑ם	3389	HNp
Jer 19:3	כֹּֽה	3541	HD
Jer 19:3	אָמַר֩	559	HVqp3ms
Jer 19:3	יְהוָ֨ה	3068	HNp
Jer 19:3	צְבָא֜וֹת	6635 b	HNcbpa
Jer 19:3	אֱלֹהֵ֣י	430	HNcmpc
Jer 19:3	יִשְׂרָאֵ֗ל	3478	HNp
Jer 19:3	הִנְ/נִ֨י	2005	HTm/Sp1cs
Jer 19:3	מֵבִ֤יא	935	HVhrmsa
Jer 19:3	רָעָה֙	7451 c	HNcfsa
Jer 19:3	עַל	5921 a	HR
Jer 19:3	הַ/מָּק֣וֹם	d/4725	HTd/Ncmsa
Jer 19:3	הַ/זֶּ֔ה	d/2088	HTd/Pdxms
Jer 19:3	אֲשֶׁ֥ר	834 a	HTr
Jer 19:3	כָּל	3605	HNcmsc
Jer 19:3	שֹׁמְעָ֖/הּ	8085	HVqrmsc/Sp3fs
Jer 19:3	תִּצַּ֥לְנָה	6750	HVqi3fp
Jer 19:3	אָזְנָֽי/ו	241	HNcfdc/Sp3ms
Jer 19:4	יַ֣עַן	3282	HC
Jer 19:4	אֲשֶׁ֣ר	834 a	HTr
Jer 19:4	עֲזָבֻ֗/נִי	5800 a	HVqp3cp/Sp1cs
Jer 19:4	וַֽ/יְנַכְּר֞וּ	c/5234 b	HC/Vpw3mp
Jer 19:4	אֶת	853	HTo
Jer 19:4	הַ/מָּק֤וֹם	d/4725	HTd/Ncmsa
Jer 19:4	הַ/זֶּה֙	d/2088	HTd/Pdxms
Jer 19:4	וַ/יְקַטְּרוּ	c/6999 a	HC/Vpw3mp
Jer 19:4	ב/וֹ֙	b	HR/Sp3ms
Jer 19:4	לֵ/אלֹהִ֣ים	l/430	HR/Ncmpa
Jer 19:4	אֲחֵרִ֔ים	312	HAampa
Jer 19:4	אֲשֶׁ֧ר	834 a	HTr
Jer 19:4	לֹֽא	3808	HTn
Jer 19:4	יְדָע֛וּ/ם	3045	HVqp3cp/Sp3mp
Jer 19:4	הֵ֥מָּה	1992	HPp3mp
Jer 19:4	וַ/אֲבֽוֹתֵי/הֶ֖ם	c/1	HC/Ncmpc/Sp3mp
Jer 19:4	וּ/מַלְכֵ֣י	c/4428	HC/Ncmpc
Jer 19:4	יְהוּדָ֑ה	3063	HNp
Jer 19:4	וּ/מָֽלְא֛וּ	c/4390	HC/Vqp3cp
Jer 19:4	אֶת	853	HTo
Jer 19:4	הַ/מָּק֥וֹם	d/4725	HTd/Ncmsa
Jer 19:4	הַ/זֶּ֖ה	d/2088	HTd/Pdxms
Jer 19:4	דַּ֥ם	1818	HNcmsc
Jer 19:4	נְקִיִּֽם	5355 a	HAampa
Jer 19:5	וּ/בָנ֞וּ	c/1129	HC/Vqq3cp
Jer 19:5	אֶת	853	HTo
Jer 19:5	בָּמ֣וֹת	1116	HNcfpc
Jer 19:5	הַ/בַּ֗עַל	d/1168 a	HTd/Np
Jer 19:5	לִ/שְׂרֹ֧ף	l/8313	HR/Vqc
Jer 19:5	אֶת	853	HTo
Jer 19:5	בְּנֵי/הֶ֛ם	1121 a	HNcmpc/Sp3mp
Jer 19:5	בָּ/אֵ֖שׁ	b/784	HRd/Ncbsa
Jer 19:5	עֹל֣וֹת	5930 a	HNcfpa
Jer 19:5	לַ/בָּ֑עַל	l/1168 a	HRd/Np
Jer 19:5	אֲשֶׁ֤ר	834 a	HTr
Jer 19:5	לֹֽא	3808	HTn
Jer 19:5	צִוִּ֨יתִי֙	6680	HVpp1cs
Jer 19:5	וְ/לֹ֣א	c/3808	HC/Tn
Jer 19:5	דִבַּ֔רְתִּי	1696	HVpp1cs
Jer 19:5	וְ/לֹ֥א	c/3808	HC/Tn
Jer 19:5	עָלְתָ֖ה	5927	HVqp3fs
Jer 19:5	עַל	5921 a	HR
Jer 19:5	לִבִּֽ/י	3820 a	HNcmsc/Sp1cs
Jer 19:6	לָ/כֵ֞ן	l/3651 c	HR/D
Jer 19:6	הִנֵּֽה	2009	HTm
Jer 19:6	יָמִ֤ים	3117	HNcmpa
Jer 19:6	בָּאִים֙	935	HVqrmpa
Jer 19:6	נְאֻם	5002	HNcmsc
Jer 19:6	יְהוָ֔ה	3068	HNp
Jer 19:6	וְ/לֹא	c/3808	HC/Tn
Jer 19:6	יִקָּרֵא֩	7121	HVNi3ms
Jer 19:6	לַ/מָּק֨וֹם	l/4725	HRd/Ncmsa
Jer 19:6	הַ/זֶּ֥ה	d/2088	HTd/Pdxms
Jer 19:6	ע֛וֹד	5750	HD
Jer 19:6	הַ/תֹּ֖פֶת	d/8612	HTd/Np
Jer 19:6	וְ/גֵ֣יא	c/1516	HC/Np
Jer 19:6	בֶן	1121 a	HNp
Jer 19:6	הִנֹּ֑ם	2011	HNp
Jer 19:6	כִּ֖י	3588 b	HC
Jer 19:6	אִם	518 b	HC
Jer 19:6	גֵּ֥יא	1516	HNcbsc
Jer 19:6	הַ/הֲרֵגָֽה	d/2028	HTd/Ncfsa
Jer 19:7	וּ֠/בַקֹּתִי	c/1238 b	HC/Vqq1cs
Jer 19:7	אֶת	853	HTo
Jer 19:7	עֲצַ֨ת	6098	HNcfsc
Jer 19:7	יְהוּדָ֤ה	3063	HNp
Jer 19:7	וִ/ירוּשָׁלִַ֨ם֙	c/3389	HC/Np
Jer 19:7	בַּ/מָּק֣וֹם	b/4725	HRd/Ncmsa
Jer 19:7	הַ/זֶּ֔ה	d/2088	HTd/Pdxms
Jer 19:7	וְ/הִפַּלְתִּ֤י/ם	c/5307	HC/Vhq1cs/Sp3mp
Jer 19:7	בַּ/חֶ֨רֶב֙	b/2719	HRd/Ncfsa
Jer 19:7	לִ/פְנֵ֣י	l/6440	HR/Ncbpc
Jer 19:7	אֹֽיְבֵי/הֶ֔ם	341	HVqrmpc/Sp3mp
Jer 19:7	וּ/בְ/יַ֖ד	c/b/3027	HC/R/Ncbsc
Jer 19:7	מְבַקְשֵׁ֣י	1245	HVprmpc
Jer 19:7	נַפְשָׁ֑/ם	5315	HNcbsc/Sp3mp
Jer 19:7	וְ/נָתַתִּ֤י	c/5414	HC/Vqq1cs
Jer 19:7	אֶת	853	HTo
Jer 19:7	נִבְלָתָ/ם֙	5038	HNcfsc/Sp3mp
Jer 19:7	לְ/מַֽאֲכָ֔ל	l/3978	HR/Ncmsa
Jer 19:7	לְ/ע֥וֹף	l/5775	HR/Ncmsc
Jer 19:7	הַ/שָּׁמַ֖יִם	d/8064	HTd/Ncmpa
Jer 19:7	וּ/לְ/בֶהֱמַ֥ת	c/l/929	HC/R/Ncfsc
Jer 19:7	הָ/אָֽרֶץ	d/776	HTd/Ncbsa
Jer 19:8	וְ/שַׂמְתִּי֙	c/7760 a	HC/Vqq1cs
Jer 19:8	אֶת	853	HTo
Jer 19:8	הָ/עִ֣יר	d/5892 b	HTd/Ncfsa
Jer 19:8	הַ/זֹּ֔את	d/2063	HTd/Pdxfs
Jer 19:8	לְ/שַׁמָּ֖ה	l/8047	HR/Ncfsa
Jer 19:8	וְ/לִ/שְׁרֵקָ֑ה	c/l/8322	HC/R/Ncfsa
Jer 19:8	כֹּ֚ל	3605	HNcmsc
Jer 19:8	עֹבֵ֣ר	5674 a	HVqrmsa
Jer 19:8	עָלֶ֔י/הָ	5921 a	HR/Sp3fs
Jer 19:8	יִשֹּׁ֥ם	8074	HVqi3ms
Jer 19:8	וְ/יִשְׁרֹ֖ק	c/8319	HC/Vqi3ms
Jer 19:8	עַל	5921 a	HR
Jer 19:8	כָּל	3605	HNcmsc
Jer 19:8	מַכֹּתֶֽ/הָ	4347	HNcfpc/Sp3fs
Jer 19:9	וְ/הַֽאֲכַלְתִּ֞י/ם	c/398	HC/Vhq1cs/Sp3mp
Jer 19:9	אֶת	853	HTo
Jer 19:9	בְּשַׂ֣ר	1320	HNcmsc
Jer 19:9	בְּנֵי/הֶ֗ם	1121 a	HNcmpc/Sp3mp
Jer 19:9	וְ/אֵת֙	c/853	HC/To
Jer 19:9	בְּשַׂ֣ר	1320	HNcmsc
Jer 19:9	בְּנֹתֵי/הֶ֔ם	1323	HNcfpc/Sp3mp
Jer 19:9	וְ/אִ֥ישׁ	c/376	HC/Ncmsa
Jer 19:9	בְּשַׂר	1320	HNcmsc
Jer 19:9	רֵעֵ֖/הוּ	7453	HNcmsc/Sp3ms
Jer 19:9	יֹאכֵ֑לוּ	398	HVqi3mp
Jer 19:9	בְּ/מָצוֹר֙	b/4692	HR/Ncmsa
Jer 19:9	וּ/בְ/מָצ֔וֹק	c/b/4689	HC/R/Ncmsa
Jer 19:9	אֲשֶׁ֨ר	834 a	HTr
Jer 19:9	יָצִ֧יקוּ	6693	HVhi3mp
Jer 19:9	לָ/הֶ֛ם	l	HR/Sp3mp
Jer 19:9	אֹיְבֵי/הֶ֖ם	341	HVqrmpc/Sp3mp
Jer 19:9	וּ/מְבַקְשֵׁ֥י	c/1245	HC/Vprmpc
Jer 19:9	נַפְשָֽׁ/ם	5315	HNcbsc/Sp3mp
Jer 19:10	וְ/שָׁבַרְתָּ֖	c/7665	HC/Vqq2ms
Jer 19:10	הַ/בַּקְבֻּ֑ק	d/1228	HTd/Ncmsa
Jer 19:10	לְ/עֵינֵי֙	l/5869 a	HR/Ncbdc
Jer 19:10	הָֽ/אֲנָשִׁ֔ים	d/376	HTd/Ncmpa
Jer 19:10	הַ/הֹלְכִ֖ים	d/1980	HTd/Vqrmpa
Jer 19:10	אוֹתָֽ/ךְ	853	HTo/Sp2fs
Jer 19:11	וְ/אָמַרְתָּ֨	c/559	HC/Vqq2ms
Jer 19:11	אֲלֵי/הֶ֜ם	413	HR/Sp3mp
Jer 19:11	כֹּה	3541	HD
Jer 19:11	אָמַ֣ר	559	HVqp3ms
Jer 19:11	יְהוָ֣ה	3068	HNp
Jer 19:11	צְבָא֗וֹת	6635 b	HNcbpa
Jer 19:11	כָּ֣כָה	3602	HD
Jer 19:11	אֶשְׁבֹּ֞ר	7665	HVqi1cs
Jer 19:11	אֶת	853	HTo
Jer 19:11	הָ/עָ֤ם	d/5971 a	HTd/Ncmsa
Jer 19:11	הַ/זֶּה֙	d/2088	HTd/Pdxms
Jer 19:11	וְ/אֶת	c/853	HC/To
Jer 19:11	הָ/עִ֣יר	d/5892 b	HTd/Ncfsa
Jer 19:11	הַ/זֹּ֔את	d/2063	HTd/Pdxfs
Jer 19:11	כַּ/אֲשֶׁ֤ר	k/834 d	HR/Tr
Jer 19:11	יִשְׁבֹּר֙	7665	HVqi3ms
Jer 19:11	אֶת	853	HTo
Jer 19:11	כְּלִ֣י	3627	HNcmsc
Jer 19:11	הַ/יּוֹצֵ֔ר	d/3335	HTd/Vqrmsa
Jer 19:11	אֲשֶׁ֛ר	834 a	HTr
Jer 19:11	לֹֽא	3808	HTn
Jer 19:11	יוּכַ֥ל	3201	HVqi3ms
Jer 19:11	לְ/הֵרָפֵ֖ה	l/7495	HR/VNc
Jer 19:11	ע֑וֹד	5750	HD
Jer 19:11	וּ/בְ/תֹ֣פֶת	c/b/8612	HC/R/Np
Jer 19:11	יִקְבְּר֔וּ	6912	HVqi3mp
Jer 19:11	מֵ/אֵ֥ין	m/369	HR/Tn
Jer 19:11	מָק֖וֹם	4725	HNcmsa
Jer 19:11	לִ/קְבּֽוֹר	l/6912	HR/Vqc
Jer 19:12	כֵּֽן	3651 c	HTm
Jer 19:12	אֶעֱשֶׂ֞ה	6213 a	HVqi1cs
Jer 19:12	לַ/מָּק֥וֹם	l/4725	HRd/Ncmsa
Jer 19:12	הַ/זֶּ֛ה	d/2088	HTd/Pdxms
Jer 19:12	נְאֻם	5002	HNcmsc
Jer 19:12	יְהוָ֖ה	3068	HNp
Jer 19:12	וּ/לְ/יֽוֹשְׁבָ֑י/ו	c/l/3427	HC/R/Vqrmpc/Sp3ms
Jer 19:12	וְ/לָ/תֵ֛ת	c/l/5414	HC/R/Vqc
Jer 19:12	אֶת	853	HTo
Jer 19:12	הָ/עִ֥יר	d/5892 b	HTd/Ncfsa
Jer 19:12	הַ/זֹּ֖את	d/2063	HTd/Pdxfs
Jer 19:12	כְּ/תֹֽפֶת	k/8612	HR/Np
Jer 19:13	וְ/הָי֞וּ	c/1961	HC/Vqq3cp
Jer 19:13	בָּתֵּ֣י	1004 b	HNcmpc
Jer 19:13	יְרוּשָׁלִַ֗ם	3389	HNp
Jer 19:13	וּ/בָתֵּי֙	c/1004 b	HC/Ncmpc
Jer 19:13	מַלְכֵ֣י	4428	HNcmpc
Jer 19:13	יְהוּדָ֔ה	3063	HNp
Jer 19:13	כִּ/מְק֥וֹם	k/4725	HR/Ncmsc
Jer 19:13	הַ/תֹּ֖פֶת	d/8612	HTd/Np
Jer 19:13	הַ/טְּמֵאִ֑ים	d/2931	HTd/Aampa
Jer 19:13	לְ/כֹ֣ל	l/3605	HR/Ncmsc
Jer 19:13	הַ/בָּתִּ֗ים	d/1004 b	HTd/Ncmpa
Jer 19:13	אֲשֶׁ֨ר	834 a	HTr
Jer 19:13	קִטְּר֜וּ	6999 a	HVpp3cp
Jer 19:13	עַל	5921 a	HR
Jer 19:13	גַּגֹּֽתֵי/הֶם֙	1406	HNcmpc/Sp3mp
Jer 19:13	לְ/כֹל֙	l/3605	HR/Ncmsc
Jer 19:13	צְבָ֣א	6635 a	HNcbsc
Jer 19:13	הַ/שָּׁמַ֔יִם	d/8064	HTd/Ncmpa
Jer 19:13	וְ/הַסֵּ֥ךְ	c/5258 a	HC/Vha
Jer 19:13	נְסָכִ֖ים	5262	HNcmpa
Jer 19:13	לֵ/אלֹהִ֥ים	l/430	HR/Ncmpa
Jer 19:13	אֲחֵרִֽים	312	HAampa
Jer 19:14	וַ/יָּבֹ֤א	c/935	HC/Vqw3ms
Jer 19:14	יִרְמְיָ֨הוּ֙	3414	HNp
Jer 19:14	מֵֽ/הַ/תֹּ֔פֶת	m/d/8612	HR/Td/Np
Jer 19:14	אֲשֶׁ֨ר	834 a	HTr
Jer 19:14	שְׁלָח֧/וֹ	7971	HVqp3ms/Sp3ms
Jer 19:14	יְהוָ֛ה	3068	HNp
Jer 19:14	שָׁ֖ם	8033	HD
Jer 19:14	לְ/הִנָּבֵ֑א	l/5012	HR/VNc
Jer 19:14	וַֽ/יַּעֲמֹד֙	c/5975	HC/Vqw3ms
Jer 19:14	בַּ/חֲצַ֣ר	b/2691 a	HR/Ncbsc
Jer 19:14	בֵּית	1004 b	HNcmsc
Jer 19:14	יְהוָ֔ה	3068	HNp
Jer 19:14	וַ/יֹּ֖אמֶר	c/559	HC/Vqw3ms
Jer 19:14	אֶל	413	HR
Jer 19:14	כָּל	3605	HNcmsc
Jer 19:14	הָ/עָֽם	d/5971 a	HTd/Ncmsa
Jer 19:15	כֹּֽה	3541	HD
Jer 19:15	אָמַ֞ר	559	HVqp3ms
Jer 19:15	יְהוָ֤ה	3068	HNp
Jer 19:15	צְבָאוֹת֙	6635 b	HNcbpa
Jer 19:15	אֱלֹהֵ֣י	430	HNcmpc
Jer 19:15	יִשְׂרָאֵ֔ל	3478	HNp
Jer 19:15	הִנְ/נִ֨י	2005	HTm/Sp1cs
Jer 19:15	מבי	935	HVhrmsa
Jer 19:15	אֶל	413	HR
Jer 19:15	הָ/עִ֤יר	d/5892 b	HTd/Ncfsa
Jer 19:15	הַ/זֹּאת֙	d/2063	HTd/Pdxfs
Jer 19:15	וְ/עַל	c/5921 a	HC/R
Jer 19:15	כָּל	3605	HNcmsc
Jer 19:15	עָרֶ֔י/הָ	5892 b	HNcfpc/Sp3fs
Jer 19:15	אֵ֚ת	853	HTo
Jer 19:15	כָּל	3605	HNcmsc
Jer 19:15	הָ֣/רָעָ֔ה	d/7451 c	HTd/Ncfsa
Jer 19:15	אֲשֶׁ֥ר	834 a	HTr
Jer 19:15	דִּבַּ֖רְתִּי	1696	HVpp1cs
Jer 19:15	עָלֶ֑י/הָ	5921 a	HR/Sp3fs
Jer 19:15	כִּ֤י	3588 a	HC
Jer 19:15	הִקְשׁוּ֙	7185	HVhp3cp
Jer 19:15	אֶת	853	HTo
Jer 19:15	עָרְפָּ֔/ם	6203	HNcmsc/Sp3mp
Jer 19:15	לְ/בִלְתִּ֖י	l/1115	HR/C
Jer 19:15	שְׁמ֥וֹעַ	8085	HVqc
Jer 19:15	אֶת	853	HTo
Jer 19:15	דְּבָרָֽ/י	1697	HNcmpc/Sp1cs
Jer 20:1	וַ/יִּשְׁמַ֤ע	c/8085	HC/Vqw3ms
Jer 20:1	פַּשְׁחוּר֙	6583	HNp
Jer 20:1	בֶּן	1121 a	HNcmsc
Jer 20:1	אִמֵּ֣ר	564	HNp
Jer 20:1	הַ/כֹּהֵ֔ן	d/3548	HTd/Ncmsa
Jer 20:1	וְ/הֽוּא	c/1931	HC/Pp3ms
Jer 20:1	פָקִ֥יד	6496	HNcmsa
Jer 20:1	נָגִ֖יד	5057	HNcmsa
Jer 20:1	בְּ/בֵ֣ית	b/1004 b	HR/Ncmsc
Jer 20:1	יְהוָ֑ה	3068	HNp
Jer 20:1	אֶֽת	853	HTo
Jer 20:1	יִרְמְיָ֔הוּ	3414	HNp
Jer 20:1	נִבָּ֖א	5012	HVNsmsa
Jer 20:1	אֶת	853	HTo
Jer 20:1	הַ/דְּבָרִ֥ים	d/1697	HTd/Ncmpa
Jer 20:1	הָ/אֵֽלֶּה	d/428	HTd/Pdxcp
Jer 20:2	וַ/יַּכֶּ֣ה	c/5221	HC/Vhw3ms
Jer 20:2	פַשְׁח֔וּר	6583	HNp
Jer 20:2	אֵ֖ת	853	HTo
Jer 20:2	יִרְמְיָ֣הוּ	3414	HNp
Jer 20:2	הַ/נָּבִ֑יא	d/5030	HTd/Ncmsa
Jer 20:2	וַ/יִּתֵּ֨ן	c/5414	HC/Vqw3ms
Jer 20:2	אֹת֜/וֹ	853	HTo/Sp3ms
Jer 20:2	עַל	5921 a	HR
Jer 20:2	הַ/מַּהְפֶּ֗כֶת	d/4115	HTd/Ncfsa
Jer 20:2	אֲשֶׁ֨ר	834 a	HTr
Jer 20:2	בְּ/שַׁ֤עַר	b/8179	HR/Ncmsc
Jer 20:2	בִּנְיָמִן֙	1144	HNp
Jer 20:2	הָֽ/עֶלְי֔וֹן	d/5945 a	HTd/Aamsa
Jer 20:2	אֲשֶׁ֖ר	834 a	HTr
Jer 20:2	בְּ/בֵ֥ית	b/1004 b	HR/Ncmsc
Jer 20:2	יְהוָֽה	3068	HNp
Jer 20:3	וַֽ/יְהִי֙	c/1961	HC/Vqw3ms
Jer 20:3	מִֽ/מָּחֳרָ֔ת	m/4283	HR/Ncfsa
Jer 20:3	וַ/יֹּצֵ֥א	c/3318	HC/Vhw3ms
Jer 20:3	פַשְׁח֛וּר	6583	HNp
Jer 20:3	אֶֽת	853	HTo
Jer 20:3	יִרְמְיָ֖הוּ	3414	HNp
Jer 20:3	מִן	4480 a	HR
Jer 20:3	הַ/מַּהְפָּ֑כֶת	d/4115	HTd/Ncfsa
Jer 20:3	וַ/יֹּ֨אמֶר	c/559	HC/Vqw3ms
Jer 20:3	אֵלָ֜י/ו	413	HR/Sp3ms
Jer 20:3	יִרְמְיָ֗הוּ	3414	HNp
Jer 20:3	לֹ֤א	3808	HTn
Jer 20:3	פַשְׁחוּר֙	6583	HNp
Jer 20:3	קָרָ֤א	7121	HVqp3ms
Jer 20:3	יְהוָה֙	3068	HNp
Jer 20:3	שְׁמֶ֔/ךָ	8034	HNcmsc/Sp2ms
Jer 20:3	כִּ֖י	3588 b	HC
Jer 20:3	אִם	518 b	HC
Jer 20:3	מָג֥וֹר	4036+	HNcmsa
Jer 20:3	מִ/סָּבִֽיב	m/4036	HR/D
Jer 20:4	כִּ֣י	3588 a	HC
Jer 20:4	כֹ֣ה	3541	HD
Jer 20:4	אָמַ֣ר	559	HVqp3ms
Jer 20:4	יְהוָ֡ה	3068	HNp
Jer 20:4	הִנְ/נִי֩	2005	HTm/Sp1cs
Jer 20:4	נֹתֶנְ/ךָ֨	5414	HVqrmsc/Sp2ms
Jer 20:4	לְ/מָג֜וֹר	l/4032	HR/Ncmsa
Jer 20:4	לְ/ךָ֣	l	HR/Sp2ms
Jer 20:4	וּ/לְ/כָל	c/l/3605	HC/R/Ncmsc
Jer 20:4	אֹהֲבֶ֗י/ךָ	157	HVqrmpc/Sp2ms
Jer 20:4	וְ/נָֽפְל֛וּ	c/5307	HC/Vqq3cp
Jer 20:4	בְּ/חֶ֥רֶב	b/2719	HR/Ncfsc
Jer 20:4	אֹיְבֵי/הֶ֖ם	341	HVqrmpc/Sp3mp
Jer 20:4	וְ/עֵינֶ֣י/ךָ	c/5869 a	HC/Ncbdc/Sp2ms
Jer 20:4	רֹא֑וֹת	7200	HVqrfpa
Jer 20:4	וְ/אֶת	c/853	HC/To
Jer 20:4	כָּל	3605	HNcmsc
Jer 20:4	יְהוּדָ֗ה	3063	HNp
Jer 20:4	אֶתֵּן֙	5414	HVqi1cs
Jer 20:4	בְּ/יַ֣ד	b/3027	HR/Ncbsc
Jer 20:4	מֶֽלֶךְ	4428	HNcmsc
Jer 20:4	בָּבֶ֔ל	894	HNp
Jer 20:4	וְ/הִגְלָ֥/ם	c/1540	HC/Vhq3ms/Sp3mp
Jer 20:4	בָּבֶ֖לָ/ה	894	HNp/Sd
Jer 20:4	וְ/הִכָּ֥/ם	c/5221	HC/Vhq3ms/Sp3mp
Jer 20:4	בֶּ/חָֽרֶב	b/2719	HRd/Ncfsa
Jer 20:5	וְ/נָתַתִּ֗י	c/5414	HC/Vqq1cs
Jer 20:5	אֶת	853	HTo
Jer 20:5	כָּל	3605	HNcmsc
Jer 20:5	חֹ֨סֶן֙	2633	HNcmsc
Jer 20:5	הָ/עִ֣יר	d/5892 b	HTd/Ncfsa
Jer 20:5	הַ/זֹּ֔את	d/2063	HTd/Pdxfs
Jer 20:5	וְ/אֶת	c/853	HC/To
Jer 20:5	כָּל	3605	HNcmsc
Jer 20:5	יְגִיעָ֖/הּ	3018	HNcmsc/Sp3fs
Jer 20:5	וְ/אֶת	c/853	HC/To
Jer 20:5	כָּל	3605	HNcmsc
Jer 20:5	יְקָרָ֑/הּ	3366	HNcmsc/Sp3fs
Jer 20:5	וְ/אֵ֨ת	c/853	HC/To
Jer 20:5	כָּל	3605	HNcmsc
Jer 20:5	אוֹצְר֜וֹת	214	HNcmpc
Jer 20:5	מַלְכֵ֣י	4428	HNcmpc
Jer 20:5	יְהוּדָ֗ה	3063	HNp
Jer 20:5	אֶתֵּן֙	5414	HVqi1cs
Jer 20:5	בְּ/יַ֣ד	b/3027	HR/Ncbsc
Jer 20:5	אֹֽיְבֵי/הֶ֔ם	341	HVqrmpc/Sp3mp
Jer 20:5	וּ/בְזָזוּ/ם֙	c/962	HC/Vqq3cp/Sp3mp
Jer 20:5	וּ/לְקָח֔וּ/ם	c/3947	HC/Vqq3cp/Sp3mp
Jer 20:5	וֶ/הֱבִיא֖וּ/ם	c/935	HC/Vhq3cp/Sp3mp
Jer 20:5	בָּבֶֽלָ/ה	894	HNp/Sd
Jer 20:6	וְ/אַתָּ֣ה	c/859 a	HC/Pp2ms
Jer 20:6	פַשְׁח֗וּר	6583	HNp
Jer 20:6	וְ/כֹל֙	c/3605	HC/Ncmsc
Jer 20:6	יֹשְׁבֵ֣י	3427	HVqrmpc
Jer 20:6	בֵיתֶ֔/ךָ	1004 b	HNcmsc/Sp2ms
Jer 20:6	תֵּלְכ֖וּ	3212	HVqi2mp
Jer 20:6	בַּ/שֶּׁ֑בִי	b/7628 a	HRd/Ncbsa
Jer 20:6	וּ/בָבֶ֣ל	c/894	HC/Np
Jer 20:6	תָּב֗וֹא	935	HVqi2ms
Jer 20:6	וְ/שָׁ֤ם	c/8033	HC/D
Jer 20:6	תָּמוּת֙	4191	HVqi2ms
Jer 20:6	וְ/שָׁ֣ם	c/8033	HC/D
Jer 20:6	תִּקָּבֵ֔ר	6912	HVNi2ms
Jer 20:6	אַתָּה֙	859 a	HPp2ms
Jer 20:6	וְ/כָל	c/3605	HC/Ncmsc
Jer 20:6	אֹ֣הֲבֶ֔י/ךָ	157	HVqrmpc/Sp2ms
Jer 20:6	אֲשֶׁר	834 a	HTr
Jer 20:6	נִבֵּ֥אתָ	5012	HVNp2ms
Jer 20:6	לָ/הֶ֖ם	l	HR/Sp3mp
Jer 20:6	בַּ/שָּֽׁקֶר	b/8267	HRd/Ncmsa
Jer 20:7	פִּתִּיתַ֤/נִי	6601 b	HVpp2ms/Sp1cs
Jer 20:7	יְהוָה֙	3068	HNp
Jer 20:7	וָֽ/אֶפָּ֔ת	c/6601 b	HC/VNw1cs
Jer 20:7	חֲזַקְתַּ֖/נִי	2388	HVqp2ms/Sp1cs
Jer 20:7	וַ/תּוּכָ֑ל	c/3201	HC/Vqw2ms
Jer 20:7	הָיִ֤יתִי	1961	HVqp1cs
Jer 20:7	לִ/שְׂחוֹק֙	l/7814	HR/Ncmsa
Jer 20:7	כָּל	3605	HNcmsc
Jer 20:7	הַ/יּ֔וֹם	d/3117	HTd/Ncmsa
Jer 20:7	כֻּלֹּ֖/ה	3605	HNcmsc/Sp3ms
Jer 20:7	לֹעֵ֥ג	3932	HVqrmsa
Jer 20:7	לִֽ/י	l	HR/Sp1cs
Jer 20:8	כִּֽי	3588 a	HC
Jer 20:8	מִ/דֵּ֤י	m/1767	HR/Ncmsc
Jer 20:8	אֲדַבֵּר֙	1696	HVpi1cs
Jer 20:8	אֶזְעָ֔ק	2199	HVqi1cs
Jer 20:8	חָמָ֥ס	2555	HNcmsa
Jer 20:8	וָ/שֹׁ֖ד	c/7701	HC/Ncmsa
Jer 20:8	אֶקְרָ֑א	7121	HVqi1cs
Jer 20:8	כִּֽי	3588 a	HC
Jer 20:8	הָיָ֨ה	1961	HVqp3ms
Jer 20:8	דְבַר	1697	HNcmsc
Jer 20:8	יְהוָ֥ה	3068	HNp
Jer 20:8	לִ֛/י	l	HR/Sp1cs
Jer 20:8	לְ/חֶרְפָּ֥ה	l/2781	HR/Ncfsa
Jer 20:8	וּ/לְ/קֶ֖לֶס	c/l/7047	HC/R/Ncmsa
Jer 20:8	כָּל	3605	HNcmsc
Jer 20:8	הַ/יּֽוֹם	d/3117	HTd/Ncmsa
Jer 20:9	וְ/אָמַרְתִּ֣י	c/559	HC/Vqq1cs
Jer 20:9	לֹֽא	3808	HTn
Jer 20:9	אֶזְכְּרֶ֗/נּוּ	2142	HVqi1cs/Sp3ms
Jer 20:9	וְ/לֹֽא	c/3808	HC/Tn
Jer 20:9	אֲדַבֵּ֥ר	1696	HVpi1cs
Jer 20:9	עוֹד֙	5750	HD
Jer 20:9	בִּ/שְׁמ֔/וֹ	b/8034	HR/Ncmsc/Sp3ms
Jer 20:9	וְ/הָיָ֤ה	c/1961	HC/Vqq3ms
Jer 20:9	בְ/לִבִּ/י֙	b/3820 a	HR/Ncmsc/Sp1cs
Jer 20:9	כְּ/אֵ֣שׁ	k/784	HR/Ncbsa
Jer 20:9	בֹּעֶ֔רֶת	1197 a	HVqrfsa
Jer 20:9	עָצֻ֖ר	6113	HVqsmsa
Jer 20:9	בְּ/עַצְמֹתָ֑/י	b/6106	HR/Ncfpc/Sp1cs
Jer 20:9	וְ/נִלְאֵ֥יתִי	c/3811	HC/VNq1cs
Jer 20:9	כַּֽלְכֵ֖ל	3557	HVlc
Jer 20:9	וְ/לֹ֥א	c/3808	HC/Tn
Jer 20:9	אוּכָֽל	3201	HVqi1cs
Jer 20:10	כִּ֣י	3588 a	HC
Jer 20:10	שָׁמַ֜עְתִּי	8085	HVqp1cs
Jer 20:10	דִּבַּ֣ת	1681	HNcfsc
Jer 20:10	רַבִּים֮	7227 a	HAampa
Jer 20:10	מָג֣וֹר	4032	HNcmsa
Jer 20:10	מִ/סָּבִיב֒	m/5439	HR/Ncbsa
Jer 20:10	הַגִּ֨ידוּ֙	5046	HVhv2mp
Jer 20:10	וְ/נַגִּידֶ֔/נּוּ	c/5046	HC/Vhi1cp/Sp3ms
Jer 20:10	כֹּ֚ל	3605	HNcmsc
Jer 20:10	אֱנ֣וֹשׁ	582	HNcmsc
Jer 20:10	שְׁלוֹמִ֔/י	7965	HNcmsc/Sp1cs
Jer 20:10	שֹׁמְרֵ֖י	8104	HVqrmpc
Jer 20:10	צַלְעִ֑/י	6761	HNcmsc/Sp1cs
Jer 20:10	אוּלַ֤י	194	HD
Jer 20:10	יְפֻתֶּה֙	6601 b	HVPi3ms
Jer 20:10	וְ/נ֣וּכְלָה	c/3201	HC/Vqh1cp
Jer 20:10	ל֔/וֹ	l	HR/Sp3ms
Jer 20:10	וְ/נִקְחָ֥ה	c/3947	HC/Vqh1cp
Jer 20:10	נִקְמָתֵ֖/נוּ	5360	HNcfsc/Sp1cp
Jer 20:10	מִמֶּֽ/נּוּ	4480 a	HR/Sp3ms
Jer 20:11	וַֽ/יהוָ֤ה	c/3068	HC/Np
Jer 20:11	אוֹתִ/י֙	853	HTo/Sp1cs
Jer 20:11	כְּ/גִבּ֣וֹר	k/1368	HR/Aamsa
Jer 20:11	עָרִ֔יץ	6184	HAamsa
Jer 20:11	עַל	5921 a	HR
Jer 20:11	כֵּ֛ן	3651 c	HTm
Jer 20:11	רֹדְפַ֥/י	7291	HVqrmpc/Sp1cs
Jer 20:11	יִכָּשְׁל֖וּ	3782	HVNi3mp
Jer 20:11	וְ/לֹ֣א	c/3808	HC/Tn
Jer 20:11	יֻכָ֑לוּ	3201	HVqi3mp
Jer 20:11	בֹּ֤שׁוּ	954	HVqp3cp
Jer 20:11	מְאֹד֙	3966	HD
Jer 20:11	כִּֽי	3588 a	HC
Jer 20:11	לֹ֣א	3808	HTn
Jer 20:11	הִשְׂכִּ֔ילוּ	7919 a	HVhp3cp
Jer 20:11	כְּלִמַּ֥ת	3639	HNcfsc
Jer 20:11	עוֹלָ֖ם	5769	HNcmsa
Jer 20:11	לֹ֥א	3808	HTn
Jer 20:11	תִשָּׁכֵֽחַ	7911	HVNi3fs
Jer 20:12	וַ/יהוָ֤ה	c/3068	HC/Np
Jer 20:12	צְבָאוֹת֙	6635 b	HNcbpa
Jer 20:12	בֹּחֵ֣ן	974	HVqrmsa
Jer 20:12	צַדִּ֔יק	6662	HAamsa
Jer 20:12	רֹאֶ֥ה	7200	HVqrmsa
Jer 20:12	כְלָי֖וֹת	3629	HNcfpa
Jer 20:12	וָ/לֵ֑ב	c/3820 a	HC/Ncmsa
Jer 20:12	אֶרְאֶ֤ה	7200	HVqh1cs
Jer 20:12	נִקְמָֽתְ/ךָ֙	5360	HNcfsc/Sp2ms
Jer 20:12	מֵ/הֶ֔ם	m	HR/Sp3mp
Jer 20:12	כִּ֥י	3588 a	HC
Jer 20:12	אֵלֶ֖י/ךָ	413	HR/Sp2ms
Jer 20:12	גִּלִּ֥יתִי	1540	HVpp1cs
Jer 20:12	אֶת	853	HTo
Jer 20:12	רִיבִֽ/י	7379	HNcbsc/Sp1cs
Jer 20:13	שִׁ֚ירוּ	7891	HVqv2mp
Jer 20:13	לַֽ/יהוָ֔ה	l/3068	HR/Np
Jer 20:13	הַֽלְל֖וּ	1984 b	HVpv2mp
Jer 20:13	אֶת	853	HTo
Jer 20:13	יְהוָ֑ה	3068	HNp
Jer 20:13	כִּ֥י	3588 a	HC
Jer 20:13	הִצִּ֛יל	5337	HVhp3ms
Jer 20:13	אֶת	853	HTo
Jer 20:13	נֶ֥פֶשׁ	5315	HNcbsc
Jer 20:13	אֶבְי֖וֹן	34	HAamsa
Jer 20:13	מִ/יַּ֥ד	m/3027	HR/Ncbsc
Jer 20:13	מְרֵעִֽים	7489 a	HVhrmpa
Jer 20:14	אָר֣וּר	779	HVqsmsa
Jer 20:14	הַ/יּ֔וֹם	d/3117	HTd/Ncmsa
Jer 20:14	אֲשֶׁ֥ר	834 a	HTr
Jer 20:14	יֻלַּ֖דְתִּי	3205	HVQp1cs
Jer 20:14	בּ֑/וֹ	b	HR/Sp3ms
Jer 20:14	י֛וֹם	3117	HNcmsa
Jer 20:14	אֲשֶׁר	834 a	HTr
Jer 20:14	יְלָדַ֥תְ/נִי	3205	HVqp3fs/Sp1cs
Jer 20:14	אִמִּ֖/י	517	HNcfsc/Sp1cs
Jer 20:14	אַל	408	HTn
Jer 20:14	יְהִ֥י	1961	HVqj3ms
Jer 20:14	בָרֽוּךְ	1288	HVqsmsa
Jer 20:15	אָר֣וּר	779	HVqsmsa
Jer 20:15	הָ/אִ֗ישׁ	d/376	HTd/Ncmsa
Jer 20:15	אֲשֶׁ֨ר	834 a	HTr
Jer 20:15	בִּשַּׂ֤ר	1319	HVpp3ms
Jer 20:15	אֶת	853	HTo
Jer 20:15	אָבִ/י֙	1	HNcmsc/Sp1cs
Jer 20:15	לֵ/אמֹ֔ר	l/559	HR/Vqc
Jer 20:15	יֻֽלַּד	3205	HVPp3ms
Jer 20:15	לְ/ךָ֖	l	HR/Sp2ms
Jer 20:15	בֵּ֣ן	1121 a	HNcmsa
Jer 20:15	זָכָ֑ר	2145	HAamsa
Jer 20:15	שַׂמֵּ֖חַ	8055	HVpa
Jer 20:15	שִׂמֳּחָֽ/הוּ	8055	HVpp3ms/Sp3ms
Jer 20:16	וְ/הָיָה֙	c/1961	HC/Vqq3ms
Jer 20:16	הָ/אִ֣ישׁ	d/376	HTd/Ncmsa
Jer 20:16	הַ/ה֔וּא	d/1931	HTd/Pp3ms
Jer 20:16	כֶּֽ/עָרִ֛ים	k/5892 b	HRd/Ncfpa
Jer 20:16	אֲשֶׁר	834 a	HTr
Jer 20:16	הָפַ֥ךְ	2015	HVqp3ms
Jer 20:16	יְהוָ֖ה	3068	HNp
Jer 20:16	וְ/לֹ֣א	c/3808	HC/Tn
Jer 20:16	נִחָ֑ם	5162	HVNp3ms
Jer 20:16	וְ/שָׁמַ֤ע	c/8085	HC/Vqq3ms
Jer 20:16	זְעָקָה֙	2201	HNcfsa
Jer 20:16	בַּ/בֹּ֔קֶר	b/1242	HRd/Ncmsa
Jer 20:16	וּ/תְרוּעָ֖ה	c/8643	HC/Ncfsa
Jer 20:16	בְּ/עֵ֥ת	b/6256	HR/Ncbsc
Jer 20:16	צָהֳרָֽיִם	6672 a	HNcmpa
Jer 20:17	אֲשֶׁ֥ר	834 a	HTr
Jer 20:17	לֹא	3808	HTn
Jer 20:17	מוֹתְתַ֖/נִי	4191	HVop3ms/Sp1cs
Jer 20:17	מֵ/רָ֑חֶם	m/7358	HR/Ncmsa
Jer 20:17	וַ/תְּהִי	c/1961	HC/Vqw3fs
Jer 20:17	לִ֤/י	l	HR/Sp1cs
Jer 20:17	אִמִּ/י֙	517	HNcfsc/Sp1cs
Jer 20:17	קִבְרִ֔/י	6913	HNcmsc/Sp1cs
Jer 20:17	וְ/רַחְמָ֖/הֿ	c/7358	HC/Ncmsc/Sp3fs
Jer 20:17	הֲרַ֥ת	2030 a	HAafsc
Jer 20:17	עוֹלָֽם	5769	HNcmsa
Jer 20:18	לָ֤/מָּה	l/4100	HR/Ti
Jer 20:18	זֶּה֙	2088	HPdxms
Jer 20:18	מֵ/רֶ֣חֶם	m/7358	HR/Ncmsa
Jer 20:18	יָצָ֔אתִי	3318	HVqp1cs
Jer 20:18	לִ/רְא֥וֹת	l/7200	HR/Vqc
Jer 20:18	עָמָ֖ל	5999	HNcbsa
Jer 20:18	וְ/יָג֑וֹן	c/3015	HC/Ncmsa
Jer 20:18	וַ/יִּכְל֥וּ	c/3615	HC/Vqw3mp
Jer 20:18	בְּ/בֹ֖שֶׁת	b/1322	HR/Ncfsa
Jer 20:18	יָמָֽ/י	3117	HNcmpc/Sp1cs
Jer 21:1	הַ/דָּבָ֛ר	d/1697	HTd/Ncmsa
Jer 21:1	אֲשֶׁר	834 a	HTr
Jer 21:1	הָיָ֥ה	1961	HVqp3ms
Jer 21:1	אֶֽל	413	HR
Jer 21:1	יִרְמְיָ֖הוּ	3414	HNp
Jer 21:1	מֵ/אֵ֣ת	m/854	HR/R
Jer 21:1	יְהוָ֑ה	3068	HNp
Jer 21:1	בִּ/שְׁלֹ֨חַ	b/7971	HR/Vqc
Jer 21:1	אֵלָ֜י/ו	413	HR/Sp3ms
Jer 21:1	הַ/מֶּ֣לֶךְ	d/4428	HTd/Ncmsa
Jer 21:1	צִדְקִיָּ֗הוּ	6667	HNp
Jer 21:1	אֶת	853	HTo
Jer 21:1	פַּשְׁחוּר֙	6583	HNp
Jer 21:1	בֶּן	1121 a	HNcmsc
Jer 21:1	מַלְכִּיָּ֔ה	4441	HNp
Jer 21:1	וְ/אֶת	c/853	HC/To
Jer 21:1	צְפַנְיָ֧ה	6846	HNp
Jer 21:1	בֶן	1121 a	HNcmsc
Jer 21:1	מַעֲשֵׂיָ֛ה	4641	HNp
Jer 21:1	הַ/כֹּהֵ֖ן	d/3548	HTd/Ncmsa
Jer 21:1	לֵ/אמֹֽר	l/559	HR/Vqc
Jer 21:2	דְּרָשׁ	1875	HVqv2ms
Jer 21:2	נָ֤א	4994	HTe
Jer 21:2	בַעֲדֵ֨/נוּ֙	1157	HR/Sp1cp
Jer 21:2	אֶת	853	HTo
Jer 21:2	יְהוָ֔ה	3068	HNp
Jer 21:2	כִּ֛י	3588 a	HC
Jer 21:2	נְבוּכַדְרֶאצַּ֥ר	5019	HNp
Jer 21:2	מֶֽלֶךְ	4428	HNcmsc
Jer 21:2	בָּבֶ֖ל	894	HNp
Jer 21:2	נִלְחָ֣ם	3898 a	HVNrmsa
Jer 21:2	עָלֵ֑י/נוּ	5921 a	HR/Sp1cp
Jer 21:2	אוּלַי֩	194	HD
Jer 21:2	יַעֲשֶׂ֨ה	6213 a	HVqi3ms
Jer 21:2	יְהוָ֤ה	3068	HNp
Jer 21:2	אוֹתָ֨/נוּ֙	854	HR/Sp1cp
Jer 21:2	כְּ/כָל	k/3605	HR/Ncmsc
Jer 21:2	נִפְלְאֹתָ֔י/ו	6381	HVNrfpc/Sp3ms
Jer 21:2	וְ/יַעֲלֶ֖ה	c/5927	HC/Vqi3ms
Jer 21:2	מֵ/עָלֵֽי/נוּ	m/5921 a	HR/R/Sp1cp
Jer 21:3	וַ/יֹּ֥אמֶר	c/559	HC/Vqw3ms
Jer 21:3	יִרְמְיָ֖הוּ	3414	HNp
Jer 21:3	אֲלֵי/הֶ֑ם	413	HR/Sp3mp
Jer 21:3	כֹּ֥ה	3541	HD
Jer 21:3	תֹאמְרֻ֖/ן	559	HVqi2mp/Sn
Jer 21:3	אֶל	413	HR
Jer 21:3	צִדְקִיָּֽהוּ	6667	HNp
Jer 21:4	כֹּֽה	3541	HD
Jer 21:4	אָמַ֨ר	559	HVqp3ms
Jer 21:4	יְהוָ֜ה	3068	HNp
Jer 21:4	אֱלֹהֵ֣י	430	HNcmpc
Jer 21:4	יִשְׂרָאֵ֗ל	3478	HNp
Jer 21:4	הִנְ/נִ֣י	2005	HTm/Sp1cs
Jer 21:4	מֵסֵב֮	5437	HVhrmsa
Jer 21:4	אֶת	853	HTo
Jer 21:4	כְּלֵ֣י	3627	HNcmpc
Jer 21:4	הַ/מִּלְחָמָה֮	d/4421	HTd/Ncfsa
Jer 21:4	אֲשֶׁ֣ר	834 a	HTr
Jer 21:4	בְּ/יֶדְ/כֶם֒	b/3027	HR/Ncbsc/Sp2mp
Jer 21:4	אֲשֶׁ֨ר	834 a	HTr
Jer 21:4	אַתֶּ֜ם	859 d	HPp2mp
Jer 21:4	נִלְחָמִ֣ים	3898 a	HVNrmpa
Jer 21:4	בָּ֗/ם	b	HR/Sp3mp
Jer 21:4	אֶת	854	HR
Jer 21:4	מֶ֤לֶךְ	4428	HNcmsc
Jer 21:4	בָּבֶל֙	894	HNp
Jer 21:4	וְ/אֶת	c/854	HC/R
Jer 21:4	הַ/כַּשְׂדִּ֔ים	d/3778	HTd/Np
Jer 21:4	הַ/צָּרִ֣ים	d/6696 a	HTd/Vqrmpa
Jer 21:4	עֲלֵי/כֶ֔ם	5921 a	HR/Sp2mp
Jer 21:4	מִ/ח֖וּץ	m/2351	HR/Ncmsa
Jer 21:4	לַֽ/חוֹמָ֑ה	l/2346	HRd/Ncfsa
Jer 21:4	וְ/אָסַפְתִּ֣י	c/622	HC/Vqq1cs
Jer 21:4	אוֹתָ֔/ם	853	HTo/Sp3mp
Jer 21:4	אֶל	413	HR
Jer 21:4	תּ֖וֹךְ	8432	HNcmsc
Jer 21:4	הָ/עִ֥יר	d/5892 b	HTd/Ncfsa
Jer 21:4	הַ/זֹּֽאת	d/2063	HTd/Pdxfs
Jer 21:5	וְ/נִלְחַמְתִּ֤י	c/3898 a	HC/VNq1cs
Jer 21:5	אֲנִי֙	589	HPp1cs
Jer 21:5	אִתְּ/כֶ֔ם	854	HR/Sp2mp
Jer 21:5	בְּ/יָ֥ד	b/3027	HR/Ncbsa
Jer 21:5	נְטוּיָ֖ה	5186	HVqsfsa
Jer 21:5	וּ/בִ/זְר֣וֹעַ	c/b/2220	HC/R/Ncbsa
Jer 21:5	חֲזָקָ֑ה	2389	HAafsa
Jer 21:5	וּ/בְ/אַ֥ף	c/b/639	HC/R/Ncmsa
Jer 21:5	וּ/בְ/חֵמָ֖ה	c/b/2534	HC/R/Ncfsa
Jer 21:5	וּ/בְ/קֶ֥צֶף	c/b/7110 a	HC/R/Ncmsa
Jer 21:5	גָּדֽוֹל	1419 a	HAamsa
Jer 21:6	וְ/הִכֵּיתִ֗י	c/5221	HC/Vhq1cs
Jer 21:6	אֶת	853	HTo
Jer 21:6	יֽוֹשְׁבֵי֙	3427	HVqrmpc
Jer 21:6	הָ/עִ֣יר	d/5892 b	HTd/Ncfsa
Jer 21:6	הַ/זֹּ֔את	d/2063	HTd/Pdxfs
Jer 21:6	וְ/אֶת	c/853	HC/To
Jer 21:6	הָ/אָדָ֖ם	d/120	HTd/Ncmsa
Jer 21:6	וְ/אֶת	c/853	HC/To
Jer 21:6	הַ/בְּהֵמָ֑ה	d/929	HTd/Ncfsa
Jer 21:6	בְּ/דֶ֥בֶר	b/1698	HR/Ncmsa
Jer 21:6	גָּד֖וֹל	1419 a	HAamsa
Jer 21:6	יָמֻֽתוּ	4191	HVqi3mp
Jer 21:7	וְ/אַחֲרֵי	c/310 a	HC/R
Jer 21:7	כֵ֣ן	3651 c	HD
Jer 21:7	נְאֻם	5002	HNcmsc
Jer 21:7	יְהוָ֡ה	3068	HNp
Jer 21:7	אֶתֵּ֣ן	5414	HVqi1cs
Jer 21:7	אֶת	853	HTo
Jer 21:7	צִדְקִיָּ֣הוּ	6667	HNp
Jer 21:7	מֶֽלֶךְ	4428	HNcmsc
Jer 21:7	יְהוּדָ֣ה	3063	HNp
Jer 21:7	וְ/אֶת	c/853	HC/To
Jer 21:7	עֲבָדָ֣י/ו	5650	HNcmpc/Sp3ms
Jer 21:7	וְ/אֶת	c/853	HC/To
Jer 21:7	הָ/עָ֡ם	d/5971 a	HTd/Ncmsa
Jer 21:7	וְ/אֶת	c/853	HC/To
Jer 21:7	הַ/נִּשְׁאָרִים֩	d/7604	HTd/VNrmpa
Jer 21:7	בָּ/עִ֨יר	b/5892 b	HRd/Ncfsa
Jer 21:7	הַ/זֹּ֜את	d/2063	HTd/Pdxfs
Jer 21:7	מִן	4480 a	HR
Jer 21:7	הַ/דֶּ֣בֶר	d/1698	HTd/Ncmsa
Jer 21:7	מִן	4480 a	HR
Jer 21:7	הַ/חֶ֣רֶב	d/2719	HTd/Ncfsa
Jer 21:7	וּ/מִן	c/4480 a	HC/R
Jer 21:7	הָ/רָעָ֗ב	d/7458	HTd/Ncmsa
Jer 21:7	בְּ/יַד֙	b/3027	HR/Ncbsc
Jer 21:7	נְבוּכַדְרֶאצַּ֣ר	5019	HNp
Jer 21:7	מֶֽלֶךְ	4428	HNcmsc
Jer 21:7	בָּבֶ֔ל	894	HNp
Jer 21:7	וּ/בְ/יַד֙	c/b/3027	HC/R/Ncbsc
Jer 21:7	אֹֽיְבֵי/הֶ֔ם	341	HVqrmpc/Sp3mp
Jer 21:7	וּ/בְ/יַ֖ד	c/b/3027	HC/R/Ncbsc
Jer 21:7	מְבַקְשֵׁ֣י	1245	HVprmpc
Jer 21:7	נַפְשָׁ֑/ם	5315	HNcbsc/Sp3mp
Jer 21:7	וְ/הִכָּ֣/ם	c/5221	HC/Vhq3ms/Sp3mp
Jer 21:7	לְ/פִי	l/6310	HR/Ncmsc
Jer 21:7	חֶ֔רֶב	2719	HNcfsa
Jer 21:7	לֹֽא	3808	HTn
Jer 21:7	יָח֣וּס	2347	HVqi3ms
Jer 21:7	עֲלֵי/הֶ֔ם	5921 a	HR/Sp3mp
Jer 21:7	וְ/לֹ֥א	c/3808	HC/Tn
Jer 21:7	יַחְמֹ֖ל	2550	HVqi3ms
Jer 21:7	וְ/לֹ֥א	c/3808	HC/Tn
Jer 21:7	יְרַחֵֽם	7355	HVpi3ms
Jer 21:8	וְ/אֶל	c/413	HC/R
Jer 21:8	הָ/עָ֤ם	d/5971 a	HTd/Ncmsa
Jer 21:8	הַ/זֶּה֙	d/2088	HTd/Pdxms
Jer 21:8	תֹּאמַ֔ר	559	HVqi2ms
Jer 21:8	כֹּ֖ה	3541	HD
Jer 21:8	אָמַ֣ר	559	HVqp3ms
Jer 21:8	יְהוָ֑ה	3068	HNp
Jer 21:8	הִנְ/נִ֤י	2005	HTm/Sp1cs
Jer 21:8	נֹתֵן֙	5414	HVqrmsa
Jer 21:8	לִ/פְנֵי/כֶ֔ם	l/6440	HR/Ncbpc/Sp2mp
Jer 21:8	אֶת	853	HTo
Jer 21:8	דֶּ֥רֶךְ	1870	HNcbsc
Jer 21:8	הַ/חַיִּ֖ים	d/2416 e	HTd/Ncmpa
Jer 21:8	וְ/אֶת	c/853	HC/To
Jer 21:8	דֶּ֥רֶךְ	1870	HNcbsc
Jer 21:8	הַ/מָּֽוֶת	d/4194	HTd/Ncmsa
Jer 21:9	הַ/יֹּשֵׁב֙	d/3427	HTd/Vqrmsa
Jer 21:9	בָּ/עִ֣יר	b/5892 b	HRd/Ncfsa
Jer 21:9	הַ/זֹּ֔את	d/2063	HTd/Pdxfs
Jer 21:9	יָמ֕וּת	4191	HVqi3ms
Jer 21:9	בַּ/חֶ֖רֶב	b/2719	HRd/Ncfsa
Jer 21:9	וּ/בָ/רָעָ֣ב	c/b/7458	HC/Rd/Ncmsa
Jer 21:9	וּ/בַ/דָּ֑בֶר	c/b/1698	HC/Rd/Ncmsa
Jer 21:9	וְ/הַ/יּוֹצֵא֩	c/d/3318	HC/Td/Vqrmsa
Jer 21:9	וְ/נָפַ֨ל	c/5307	HC/Vqq3ms
Jer 21:9	עַל	5921 a	HR
Jer 21:9	הַ/כַּשְׂדִּ֜ים	d/3778	HTd/Np
Jer 21:9	הַ/צָּרִ֤ים	d/6696 a	HTd/Vqrmpa
Jer 21:9	עֲלֵי/כֶם֙	5921 a	HR/Sp2mp
Jer 21:9	יחיה	2421	HVqi3ms
Jer 21:9	וְ/הָֽיְתָה	c/1961	HC/Vqq3fs
Jer 21:9	לּ֥/וֹ	l	HR/Sp3ms
Jer 21:9	נַפְשׁ֖/וֹ	5315	HNcbsc/Sp3ms
Jer 21:9	לְ/שָׁלָֽל	l/7998	HR/Ncmsa
Jer 21:10	כִּ֣י	3588 a	HC
Jer 21:10	שַׂ֣מְתִּי	7760 a	HVqp1cs
Jer 21:10	פָ֠נַ/י	6440	HNcbpc/Sp1cs
Jer 21:10	בָּ/עִ֨יר	b/5892 b	HRd/Ncfsa
Jer 21:10	הַ/זֹּ֧את	d/2063	HTd/Pdxfs
Jer 21:10	לְ/רָעָ֛ה	l/7451 c	HR/Ncfsa
Jer 21:10	וְ/לֹ֥א	c/3808	HC/Tn
Jer 21:10	לְ/טוֹבָ֖ה	l/2896 c	HR/Aafsa
Jer 21:10	נְאֻם	5002	HNcmsc
Jer 21:10	יְהוָ֑ה	3068	HNp
Jer 21:10	בְּ/יַד	b/3027	HR/Ncbsc
Jer 21:10	מֶ֤לֶךְ	4428	HNcmsc
Jer 21:10	בָּבֶל֙	894	HNp
Jer 21:10	תִּנָּתֵ֔ן	5414	HVNi3fs
Jer 21:10	וּ/שְׂרָפָ֖/הּ	c/8313	HC/Vqq3ms/Sp3fs
Jer 21:10	בָּ/אֵֽשׁ	b/784	HRd/Ncbsa
Jer 21:11	וּ/לְ/בֵית֙	c/l/1004 b	HC/R/Ncmsc
Jer 21:11	מֶ֣לֶךְ	4428	HNcmsc
Jer 21:11	יְהוּדָ֔ה	3063	HNp
Jer 21:11	שִׁמְע֖וּ	8085	HVqv2mp
Jer 21:11	דְּבַר	1697	HNcmsc
Jer 21:11	יְהוָֽה	3068	HNp
Jer 21:12	בֵּ֣ית	1004 b	HNcmsc
Jer 21:12	דָּוִ֗ד	1732	HNp
Jer 21:12	כֹּ֚ה	3541	HD
Jer 21:12	אָמַ֣ר	559	HVqp3ms
Jer 21:12	יְהוָ֔ה	3068	HNp
Jer 21:12	דִּ֤ינוּ	1777	HVqv2mp
Jer 21:12	לַ/בֹּ֨קֶר֙	l/1242	HRd/Ncmsa
Jer 21:12	מִשְׁפָּ֔ט	4941	HNcmsa
Jer 21:12	וְ/הַצִּ֥ילוּ	c/5337	HC/Vhv2mp
Jer 21:12	גָז֖וּל	1497	HVqsmsa
Jer 21:12	מִ/יַּ֣ד	m/3027	HR/Ncbsc
Jer 21:12	עוֹשֵׁ֑ק	6231	HVqrmsa
Jer 21:12	פֶּן	6435	HC
Jer 21:12	תֵּצֵ֨א	3318	HVqi3fs
Jer 21:12	כָ/אֵ֜שׁ	k/784	HRd/Ncbsa
Jer 21:12	חֲמָתִ֗/י	2534	HNcfsc/Sp1cs
Jer 21:12	וּ/בָעֲרָה֙	c/1197 a	HC/Vqq3fs
Jer 21:12	וְ/אֵ֣ין	c/369	HC/Tn
Jer 21:12	מְכַבֶּ֔ה	3518	HVprmsa
Jer 21:12	מִ/פְּנֵ֖י	m/6440	HR/Ncbpc
Jer 21:12	רֹ֥עַ	7455	HNcmsc
Jer 21:12	מעללי/הם	4611	HNcmpc/Sp3mp
Jer 21:13	הִנְ/נִ֨י	2005	HTm/Sp1cs
Jer 21:13	אֵלַ֜יִ/ךְ	413	HR/Sp2fs
Jer 21:13	יֹשֶׁ֧בֶת	3427	HVqrfsc
Jer 21:13	הָ/עֵ֛מֶק	d/6010	HTd/Ncmsa
Jer 21:13	צ֥וּר	6697	HNcmsc
Jer 21:13	הַ/מִּישֹׁ֖ר	d/4334	HTd/Ncmsa
Jer 21:13	נְאֻם	5002	HNcmsc
Jer 21:13	יְהוָ֑ה	3068	HNp
Jer 21:13	הָ/אֹֽמְרִים֙	d/559	HTd/Vqrmpa
Jer 21:13	מִֽי	4310	HTi
Jer 21:13	יֵחַ֣ת	5181	HVqi3ms
Jer 21:13	עָלֵ֔י/נוּ	5921 a	HR/Sp1cp
Jer 21:13	וּ/מִ֥י	c/4310	HC/Ti
Jer 21:13	יָב֖וֹא	935	HVqi3ms
Jer 21:13	בִּ/מְעוֹנוֹתֵֽי/נוּ	b/4585	HR/Ncbpc/Sp1cp
Jer 21:14	וּ/פָקַדְתִּ֧י	c/6485 a	HC/Vqq1cs
Jer 21:14	עֲלֵי/כֶ֛ם	5921 a	HR/Sp2mp
Jer 21:14	כִּ/פְרִ֥י	k/6529	HR/Ncmsc
Jer 21:14	מַעַלְלֵי/כֶ֖ם	4611	HNcmpc/Sp2mp
Jer 21:14	נְאֻם	5002	HNcmsc
Jer 21:14	יְהוָ֑ה	3068	HNp
Jer 21:14	וְ/הִצַּ֤תִּי	c/3341	HC/Vhq1cs
Jer 21:14	אֵשׁ֙	784	HNcbsa
Jer 21:14	בְּ/יַעְרָ֔/הּ	b/3293 a	HR/Ncmsc/Sp3fs
Jer 21:14	וְ/אָכְלָ֖ה	c/398	HC/Vqq3fs
Jer 21:14	כָּל	3605	HNcmsc
Jer 21:14	סְבִיבֶֽי/הָ	5439	HNcbsc/Sp3fs
Jer 22:1	כֹּ֚ה	3541	HD
Jer 22:1	אָמַ֣ר	559	HVqp3ms
Jer 22:1	יְהוָ֔ה	3068	HNp
Jer 22:1	רֵ֖ד	3381	HVqv2ms
Jer 22:1	בֵּֽית	1004 b	HNcmsc
Jer 22:1	מֶ֣לֶךְ	4428	HNcmsc
Jer 22:1	יְהוּדָ֑ה	3063	HNp
Jer 22:1	וְ/דִבַּרְתָּ֣	c/1696	HC/Vpq2ms
Jer 22:1	שָׁ֔ם	8033	HD
Jer 22:1	אֶת	853	HTo
Jer 22:1	הַ/דָּבָ֖ר	d/1697	HTd/Ncmsa
Jer 22:1	הַ/זֶּֽה	d/2088	HTd/Pdxms
Jer 22:2	וְ/אָֽמַרְתָּ֙	c/559	HC/Vqq2ms
Jer 22:2	שְׁמַ֣ע	8085	HVqv2ms
Jer 22:2	דְּבַר	1697	HNcmsc
Jer 22:2	יְהוָ֔ה	3068	HNp
Jer 22:2	מֶ֣לֶךְ	4428	HNcmsc
Jer 22:2	יְהוּדָ֔ה	3063	HNp
Jer 22:2	הַ/יֹּשֵׁ֖ב	d/3427	HTd/Vqrmsa
Jer 22:2	עַל	5921 a	HR
Jer 22:2	כִּסֵּ֣א	3678	HNcmsc
Jer 22:2	דָוִ֑ד	1732	HNp
Jer 22:2	אַתָּ֤ה	859 a	HPp2ms
Jer 22:2	וַ/עֲבָדֶ֨י/ךָ֙	c/5650	HC/Ncmpc/Sp2ms
Jer 22:2	וְ/עַמְּ/ךָ֔	c/5971 a	HC/Ncmsc/Sp2ms
Jer 22:2	הַ/בָּאִ֖ים	d/935	HTd/Vqrmpa
Jer 22:2	בַּ/שְּׁעָרִ֥ים	b/8179	HRd/Ncmpa
Jer 22:2	הָ/אֵֽלֶּה	d/428	HTd/Pdxcp
Jer 22:3	כֹּ֣ה	3541	HD
Jer 22:3	אָמַ֣ר	559	HVqp3ms
Jer 22:3	יְהוָ֗ה	3068	HNp
Jer 22:3	עֲשׂ֤וּ	6213 a	HVqv2mp
Jer 22:3	מִשְׁפָּט֙	4941	HNcmsa
Jer 22:3	וּ/צְדָקָ֔ה	c/6666	HC/Ncfsa
Jer 22:3	וְ/הַצִּ֥ילוּ	c/5337	HC/Vhv2mp
Jer 22:3	גָז֖וּל	1497	HVqsmsa
Jer 22:3	מִ/יַּ֣ד	m/3027	HR/Ncbsc
Jer 22:3	עָשׁ֑וֹק	6216	HNcmsa
Jer 22:3	וְ/גֵר֩	c/1616	HC/Ncmsa
Jer 22:3	יָת֨וֹם	3490	HNcmsa
Jer 22:3	וְ/אַלְמָנָ֤ה	c/490	HC/Ncfsa
Jer 22:3	אַל	408	HTn
Jer 22:3	תֹּנוּ֙	3238	HVhj2mp
Jer 22:3	אַל	408	HTn
Jer 22:3	תַּחְמֹ֔סוּ	2554	HVqj2mp
Jer 22:3	וְ/דָ֣ם	c/1818	HC/Ncmsa
Jer 22:3	נָקִ֔י	5355 a	HAamsa
Jer 22:3	אַֽל	408	HTn
Jer 22:3	תִּשְׁפְּכ֖וּ	8210	HVqj2mp
Jer 22:3	בַּ/מָּק֥וֹם	b/4725	HRd/Ncmsa
Jer 22:3	הַ/זֶּֽה	d/2088	HTd/Pdxms
Jer 22:4	כִּ֤י	3588 b	HC
Jer 22:4	אִם	518 b	HC
Jer 22:4	עָשׂוֹ֙	6213 a	HVqa
Jer 22:4	תַּֽעֲשׂ֔וּ	6213 a	HVqi2mp
Jer 22:4	אֶת	853	HTo
Jer 22:4	הַ/דָּבָ֖ר	d/1697	HTd/Ncmsa
Jer 22:4	הַ/זֶּ֑ה	d/2088	HTd/Pdxms
Jer 22:4	וּ/בָ֣אוּ	c/935	HC/Vqq3cp
Jer 22:4	בְ/שַׁעֲרֵ֣י	b/8179	HR/Ncmpc
Jer 22:4	הַ/בַּ֣יִת	d/1004 b	HTd/Ncmsa
Jer 22:4	הַ/זֶּ֡ה	d/2088	HTd/Pdxms
Jer 22:4	מְלָכִים֩	4428	HNcmpa
Jer 22:4	יֹשְׁבִ֨ים	3427	HVqrmpa
Jer 22:4	לְ/דָוִ֜ד	l/1732	HR/Np
Jer 22:4	עַל	5921 a	HR
Jer 22:4	כִּסְא֗/וֹ	3678	HNcmsc/Sp3ms
Jer 22:4	רֹֽכְבִים֙	7392	HVqrmpa
Jer 22:4	בָּ/רֶ֣כֶב	b/7393	HRd/Ncmsa
Jer 22:4	וּ/בַ/סּוּסִ֔ים	c/b/5483 b	HC/Rd/Ncmpa
Jer 22:4	ה֥וּא	1931	HPp3ms
Jer 22:4	ו/עבד/ו	c/5650	HC/Ncmsc/Sp3ms
Jer 22:4	וְ/עַמּֽ/וֹ	c/5971 a	HC/Ncmsc/Sp3ms
Jer 22:5	וְ/אִם֙	c/518 a	HC/C
Jer 22:5	לֹ֣א	3808	HTn
Jer 22:5	תִשְׁמְע֔וּ	8085	HVqi2mp
Jer 22:5	אֶת	853	HTo
Jer 22:5	הַ/דְּבָרִ֖ים	d/1697	HTd/Ncmpa
Jer 22:5	הָ/אֵ֑לֶּה	d/428	HTd/Pdxcp
Jer 22:5	בִּ֤/י	b	HR/Sp1cs
Jer 22:5	נִשְׁבַּ֨עְתִּי֙	7650	HVNp1cs
Jer 22:5	נְאֻם	5002	HNcmsc
Jer 22:5	יְהוָ֔ה	3068	HNp
Jer 22:5	כִּי	3588 a	HC
Jer 22:5	לְ/חָרְבָּ֥ה	l/2723	HR/Ncfsa
Jer 22:5	יִֽהְיֶ֖ה	1961	HVqi3ms
Jer 22:5	הַ/בַּ֥יִת	d/1004 b	HTd/Ncmsa
Jer 22:5	הַ/זֶּֽה	d/2088	HTd/Pdxms
Jer 22:6	כִּֽי	3588 a	HC
Jer 22:6	כֹ֣ה	3541	HD
Jer 22:6	אָמַ֣ר	559	HVqp3ms
Jer 22:6	יְהוָ֗ה	3068	HNp
Jer 22:6	עַל	5921 a	HR
Jer 22:6	בֵּית֙	1004 b	HNcmsc
Jer 22:6	מֶ֣לֶךְ	4428	HNcmsc
Jer 22:6	יְהוּדָ֔ה	3063	HNp
Jer 22:6	גִּלְעָ֥ד	1568	HNp
Jer 22:6	אַתָּ֛ה	859 a	HPp2ms
Jer 22:6	לִ֖/י	l	HR/Sp1cs
Jer 22:6	רֹ֣אשׁ	7218 a	HNcmsc
Jer 22:6	הַ/לְּבָנ֑וֹן	d/3844	HTd/Np
Jer 22:6	אִם	518 a	HC
Jer 22:6	לֹ֤א	3808	HTn
Jer 22:6	אֲשִֽׁיתְ/ךָ֙	7896	HVqi1cs/Sp2ms
Jer 22:6	מִדְבָּ֔ר	4057 b	HNcmsa
Jer 22:6	עָרִ֖ים	5892 b	HNcfpa
Jer 22:6	לֹ֥א	3808	HTn
Jer 22:6	נושבה	3427	HVNsfsa
Jer 22:7	וְ/קִדַּשְׁתִּ֥י	c/6942	HC/Vpq1cs
Jer 22:7	עָלֶ֛י/ךָ	5921 a	HR/Sp2ms
Jer 22:7	מַשְׁחִתִ֖ים	7843	HVhrmpa
Jer 22:7	אִ֣ישׁ	376	HNcmsa
Jer 22:7	וְ/כֵלָ֑י/ו	c/3627	HC/Ncmpc/Sp3ms
Jer 22:7	וְ/כָֽרְתוּ֙	c/3772	HC/Vqq3cp
Jer 22:7	מִבְחַ֣ר	4005	HNcmsc
Jer 22:7	אֲרָזֶ֔י/ךָ	730	HNcmpc/Sp2ms
Jer 22:7	וְ/הִפִּ֖ילוּ	c/5307	HC/Vhq3cp
Jer 22:7	עַל	5921 a	HR
Jer 22:7	הָ/אֵֽשׁ	d/784	HTd/Ncbsa
Jer 22:8	וְ/עָֽבְרוּ֙	c/5674 a	HC/Vqq3cp
Jer 22:8	גּוֹיִ֣ם	1471 a	HNcmpa
Jer 22:8	רַבִּ֔ים	7227 a	HAampa
Jer 22:8	עַ֖ל	5921 a	HR
Jer 22:8	הָ/עִ֣יר	d/5892 b	HTd/Ncfsa
Jer 22:8	הַ/זֹּ֑את	d/2063	HTd/Pdxfs
Jer 22:8	וְ/אָֽמְרוּ֙	c/559	HC/Vqq3cp
Jer 22:8	אִ֣ישׁ	376	HNcmsa
Jer 22:8	אֶל	413	HR
Jer 22:8	רֵעֵ֔/הוּ	7453	HNcmsc/Sp3ms
Jer 22:8	עַל	5921 a	HR
Jer 22:8	מֶ֨ה	4100	HTi
Jer 22:8	עָשָׂ֤ה	6213 a	HVqp3ms
Jer 22:8	יְהוָה֙	3068	HNp
Jer 22:8	כָּ֔כָה	3602	HD
Jer 22:8	לָ/עִ֥יר	l/5892 b	HRd/Ncfsa
Jer 22:8	הַ/גְּדוֹלָ֖ה	d/1419 a	HTd/Aafsa
Jer 22:8	הַ/זֹּֽאת	d/2063	HTd/Pdxfs
Jer 22:9	וְ/אָ֣מְר֔וּ	c/559	HC/Vqq3cp
Jer 22:9	עַ֚ל	5921 a	HR
Jer 22:9	אֲשֶׁ֣ר	834 a	HTr
Jer 22:9	עָֽזְב֔וּ	5800 a	HVqp3cp
Jer 22:9	אֶת	853	HTo
Jer 22:9	בְּרִ֥ית	1285	HNcfsc
Jer 22:9	יְהוָ֖ה	3068	HNp
Jer 22:9	אֱלֹֽהֵי/הֶ֑ם	430	HNcmpc/Sp3mp
Jer 22:9	וַ/יִּֽשְׁתַּחֲו֛וּ	c/7812	HC/Vtw3mp
Jer 22:9	לֵ/אלֹהִ֥ים	l/430	HR/Ncmpa
Jer 22:9	אֲחֵרִ֖ים	312	HAampa
Jer 22:9	וַ/יַּעַבְדֽוּ/ם	c/5647	HC/Vqw3mp/Sp3mp
Jer 22:10	אַל	408	HTn
Jer 22:10	תִּבְכּ֣וּ	1058	HVqj2mp
Jer 22:10	לְ/מֵ֔ת	l/4191	HR/Vqrmsa
Jer 22:10	וְ/אַל	c/408	HC/Tn
Jer 22:10	תָּנֻ֖דוּ	5110	HVqj2mp
Jer 22:10	ל֑/וֹ	l	HR/Sp3ms
Jer 22:10	בְּכ֤וּ	1058	HVqv2mp
Jer 22:10	בָכוֹ֙	1058	HVqa
Jer 22:10	לַֽ/הֹלֵ֔ךְ	l/1980	HRd/Vqrmsa
Jer 22:10	כִּ֣י	3588 a	HC
Jer 22:10	לֹ֤א	3808	HTn
Jer 22:10	יָשׁוּב֙	7725	HVqi3ms
Jer 22:10	ע֔וֹד	5750	HD
Jer 22:10	וְ/רָאָ֖ה	c/7200	HC/Vqq3ms
Jer 22:10	אֶת	853	HTo
Jer 22:10	אֶ֥רֶץ	776	HNcbsc
Jer 22:10	מוֹלַדְתּֽ/וֹ	4138	HNcfsc/Sp3ms
Jer 22:11	כִּ֣י	3588 a	HC
Jer 22:11	כֹ֣ה	3541	HD
Jer 22:11	אָֽמַר	559	HVqp3ms
Jer 22:11	יְ֠הוָה	3068	HNp
Jer 22:11	אֶל	413	HR
Jer 22:11	שַׁלֻּ֨ם	7967	HNp
Jer 22:11	בֶּן	1121 a	HNcmsc
Jer 22:11	יֹאשִׁיָּ֜הוּ	2977	HNp
Jer 22:11	מֶ֣לֶךְ	4428	HNcmsc
Jer 22:11	יְהוּדָ֗ה	3063	HNp
Jer 22:11	הַ/מֹּלֵךְ֙	d/4427 a	HTd/Vqrmsa
Jer 22:11	תַּ֚חַת	8478	HR
Jer 22:11	יֹאשִׁיָּ֣הוּ	2977	HNp
Jer 22:11	אָבִ֔י/ו	1	HNcmsc/Sp3ms
Jer 22:11	אֲשֶׁ֥ר	834 a	HTr
Jer 22:11	יָצָ֖א	3318	HVqp3ms
Jer 22:11	מִן	4480 a	HR
Jer 22:11	הַ/מָּק֣וֹם	d/4725	HTd/Ncmsa
Jer 22:11	הַ/זֶּ֑ה	d/2088	HTd/Pdxms
Jer 22:11	לֹֽא	3808	HTn
Jer 22:11	יָשׁ֥וּב	7725	HVqi3ms
Jer 22:11	שָׁ֖ם	8033	HD
Jer 22:11	עֽוֹד	5750	HD
Jer 22:12	כִּ֗י	3588 a	HC
Jer 22:12	בִּ/מְק֛וֹם	b/4725	HR/Ncmsc
Jer 22:12	אֲשֶׁר	834 a	HTr
Jer 22:12	הִגְל֥וּ	1540	HVhp3cp
Jer 22:12	אֹת֖/וֹ	853	HTo/Sp3ms
Jer 22:12	שָׁ֣ם	8033	HD
Jer 22:12	יָמ֑וּת	4191	HVqi3ms
Jer 22:12	וְ/אֶת	c/853	HC/To
Jer 22:12	הָ/אָ֥רֶץ	d/776	HTd/Ncbsa
Jer 22:12	הַ/זֹּ֖את	d/2063	HTd/Pdxfs
Jer 22:12	לֹֽא	3808	HTn
Jer 22:12	יִרְאֶ֥ה	7200	HVqi3ms
Jer 22:12	עֽוֹד	5750	HD
Jer 22:13	ה֣וֹי	1945	HTj
Jer 22:13	בֹּנֶ֤ה	1129	HVqrmsa
Jer 22:13	בֵית/וֹ֙	1004 b	HNcmsc/Sp3ms
Jer 22:13	בְּֽ/לֹא	b/3808	HR/Tn
Jer 22:13	צֶ֔דֶק	6664	HNcmsa
Jer 22:13	וַ/עֲלִיּוֹתָ֖י/ו	c/5944	HC/Ncfpc/Sp3ms
Jer 22:13	בְּ/לֹ֣א	b/3808	HR/Tn
Jer 22:13	מִשְׁפָּ֑ט	4941	HNcmsa
Jer 22:13	בְּ/רֵעֵ֨/הוּ֙	b/7453	HR/Ncmsc/Sp3ms
Jer 22:13	יַעֲבֹ֣ד	5647	HVqi3ms
Jer 22:13	חִנָּ֔ם	2600	HD
Jer 22:13	וּ/פֹעֲל֖/וֹ	c/6467	HC/Ncmsc/Sp3ms
Jer 22:13	לֹ֥א	3808	HTn
Jer 22:13	יִתֶּן	5414	HVqi3ms
Jer 22:13	לֽ/וֹ	l	HR/Sp3ms
Jer 22:14	הָ/אֹמֵ֗ר	d/559	HTd/Vqrmsa
Jer 22:14	אֶבְנֶה	1129	HVqi1cs
Jer 22:14	לִּ/י֙	l	HR/Sp1cs
Jer 22:14	בֵּ֣ית	1004 b	HNcmsc
Jer 22:14	מִדּ֔וֹת	4060 a	HNcfpa
Jer 22:14	וַ/עֲלִיּ֖וֹת	c/5944	HC/Ncfpc
Jer 22:14	מְרֻוָּחִ֑ים	7304	HVPsmpa
Jer 22:14	וְ/קָ֤רַֽע	c/7167	HC/Vqq3ms
Jer 22:14	ל/וֹ֙	l	HR/Sp3ms
Jer 22:14	חַלּוֹנָ֔/י	2474	HNcbpc/Sp1cs
Jer 22:14	וְ/סָפ֣וּן	c/5603	HC/Vqsmsa
Jer 22:14	בָּ/אָ֔רֶז	b/730	HRd/Ncmsa
Jer 22:14	וּ/מָשׁ֖וֹחַ	c/4886	HC/Vqa
Jer 22:14	בַּ/שָּׁשַֽׁר	b/8350	HRd/Ncmsa
Jer 22:15	הֲ/תִֽמְלֹ֔ךְ	i/4427 a	HTi/Vqi2ms
Jer 22:15	כִּ֥י	3588 a	HC
Jer 22:15	אַתָּ֖ה	859 a	HPp2ms
Jer 22:15	מְתַחֲרֶ֣ה	8474	HVcrmsa
Jer 22:15	בָ/אָ֑רֶז	b/730	HRd/Ncmsa
Jer 22:15	אָבִ֜י/ךָ	1	HNcmsc/Sp2ms
Jer 22:15	הֲ/ל֧וֹא	i/3808	HTi/Tn
Jer 22:15	אָכַ֣ל	398	HVqp3ms
Jer 22:15	וְ/שָׁתָ֗ה	c/8354	HC/Vqp3ms
Jer 22:15	וְ/עָשָׂ֤ה	c/6213 a	HC/Vqp3ms
Jer 22:15	מִשְׁפָּט֙	4941	HNcmsa
Jer 22:15	וּ/צְדָקָ֔ה	c/6666	HC/Ncfsa
Jer 22:15	אָ֖ז	227 a	HD
Jer 22:15	ט֥וֹב	2896 a	HAamsa
Jer 22:15	לֽ/וֹ	l	HR/Sp3ms
Jer 22:16	דָּ֛ן	1777	HVqp3ms
Jer 22:16	דִּין	1779	HNcmsc
Jer 22:16	עָנִ֥י	6041	HAamsa
Jer 22:16	וְ/אֶבְי֖וֹן	c/34	HC/Aamsa
Jer 22:16	אָ֣ז	227 a	HD
Jer 22:16	ט֑וֹב	2896 a	HAamsa
Jer 22:16	הֲ/לוֹא	i/3808	HTi/Tn
Jer 22:16	הִ֛יא	1931	HPp3fs
Jer 22:16	הַ/דַּ֥עַת	d/1847	HTd/Ncfsa
Jer 22:16	אֹתִ֖/י	853	HTo/Sp1cs
Jer 22:16	נְאֻם	5002	HNcmsc
Jer 22:16	יְהוָֽה	3068	HNp
Jer 22:17	כִּ֣י	3588 a	HC
Jer 22:17	אֵ֤ין	369	HTn
Jer 22:17	עֵינֶ֨י/ךָ֙	5869 a	HNcbdc/Sp2ms
Jer 22:17	וְ/לִבְּ/ךָ֔	c/3820 a	HC/Ncmsc/Sp2ms
Jer 22:17	כִּ֖י	3588 b	HC
Jer 22:17	אִם	518 b	HC
Jer 22:17	עַל	5921 a	HR
Jer 22:17	בִּצְעֶ֑/ךָ	1215	HNcmsc/Sp2ms
Jer 22:17	וְ/עַ֤ל	c/5921 a	HC/R
Jer 22:17	דַּֽם	1818	HNcmsc
Jer 22:17	הַ/נָּקִי֙	d/5355 a	HTd/Aamsa
Jer 22:17	לִ/שְׁפּ֔וֹךְ	l/8210	HR/Vqc
Jer 22:17	וְ/עַל	c/5921 a	HC/R
Jer 22:17	הָ/עֹ֥שֶׁק	d/6233	HTd/Ncmsa
Jer 22:17	וְ/עַל	c/5921 a	HC/R
Jer 22:17	הַ/מְּרוּצָ֖ה	d/4835	HTd/Ncfsa
Jer 22:17	לַ/עֲשֽׂוֹת	l/6213 a	HR/Vqc
Jer 22:18	לָ/כֵ֞ן	l/3651 c	HR/D
Jer 22:18	כֹּֽה	3541	HD
Jer 22:18	אָמַ֣ר	559	HVqp3ms
Jer 22:18	יְהוָ֗ה	3068	HNp
Jer 22:18	אֶל	413	HR
Jer 22:18	יְהוֹיָקִ֤ים	3079	HNp
Jer 22:18	בֶּן	1121 a	HNcmsc
Jer 22:18	יֹאשִׁיָּ֨הוּ֙	2977	HNp
Jer 22:18	מֶ֣לֶךְ	4428	HNcmsc
Jer 22:18	יְהוּדָ֔ה	3063	HNp
Jer 22:18	לֹא	3808	HTn
Jer 22:18	יִסְפְּד֣וּ	5594	HVqi3mp
Jer 22:18	ל֔/וֹ	l	HR/Sp3ms
Jer 22:18	ה֥וֹי	1945	HTj
Jer 22:18	אָחִ֖/י	251	HNcmsc/Sp1cs
Jer 22:18	וְ/ה֣וֹי	c/1945	HC/Tj
Jer 22:18	אָח֑וֹת	269	HNcfsa
Jer 22:18	לֹא	3808	HTn
Jer 22:18	יִסְפְּד֣וּ	5594	HVqi3mp
Jer 22:18	ל֔/וֹ	l	HR/Sp3ms
Jer 22:18	ה֥וֹי	1945	HTj
Jer 22:18	אָד֖וֹן	113	HNcmsa
Jer 22:18	וְ/ה֥וֹי	c/1945	HC/Tj
Jer 22:18	הֹדֹֽ/ה	1935	HNcmsc/Sp3ms
Jer 22:19	קְבוּרַ֥ת	6900	HNcfsc
Jer 22:19	חֲמ֖וֹר	2543	HNcbsa
Jer 22:19	יִקָּבֵ֑ר	6912	HVNi3ms
Jer 22:19	סָח֣וֹב	5498	HVqa
Jer 22:19	וְ/הַשְׁלֵ֔ךְ	c/7993	HC/Vha
Jer 22:19	מֵ/הָ֖לְאָה	m/1973	HR/D
Jer 22:19	לְ/שַׁעֲרֵ֥י	l/8179	HR/Ncmpc
Jer 22:19	יְרוּשָׁלִָֽם	3389	HNp
Jer 22:20	עֲלִ֤י	5927	HVqv2fs
Jer 22:20	הַ/לְּבָנוֹן֙	d/3844	HTd/Np
Jer 22:20	וּֽ/צְעָ֔קִי	c/6817	HC/Vqv2fs
Jer 22:20	וּ/בַ/בָּשָׁ֖ן	c/b/1316	HC/Rd/Np
Jer 22:20	תְּנִ֣י	5414	HVqv2fs
Jer 22:20	קוֹלֵ֑/ךְ	6963 a	HNcmsc/Sp2fs
Jer 22:20	וְ/צַֽעֲקִי֙	c/6817	HC/Vqv2fs
Jer 22:20	מֵֽ/עֲבָרִ֔ים	m/5682	HR/Np
Jer 22:20	כִּ֥י	3588 a	HC
Jer 22:20	נִשְׁבְּר֖וּ	7665	HVNp3cp
Jer 22:20	כָּל	3605	HNcmsc
Jer 22:20	מְאַהֲבָֽיִ/ךְ	157	HVprmpc/Sp2fs
Jer 22:21	דִּבַּ֤רְתִּי	1696	HVpp1cs
Jer 22:21	אֵלַ֨יִ/ךְ֙	413	HR/Sp2fs
Jer 22:21	בְּ/שַׁלְוֺתַ֔יִ/ךְ	b/7962	HR/Ncfpc/Sp2fs
Jer 22:21	אָמַ֖רְתְּ	559	HVqp2fs
Jer 22:21	לֹ֣א	3808	HTn
Jer 22:21	אֶשְׁמָ֑ע	8085	HVqi1cs
Jer 22:21	זֶ֤ה	2088	HPdxms
Jer 22:21	דַרְכֵּ/ךְ֙	1870	HNcbsc/Sp2fs
Jer 22:21	מִ/נְּעוּרַ֔יִ/ךְ	m/5271 a	HR/Ncbpc/Sp2fs
Jer 22:21	כִּ֥י	3588 a	HC
Jer 22:21	לֹֽא	3808	HTn
Jer 22:21	שָׁמַ֖עַתְּ	8085	HVqp2fs
Jer 22:21	בְּ/קוֹלִֽ/י	b/6963 a	HR/Ncmsc/Sp1cs
Jer 22:22	כָּל	3605	HNcmsc
Jer 22:22	רֹעַ֨יִ/ךְ֙	7462 b	HVqrmpc/Sp2fs
Jer 22:22	תִּרְעֶה	7462 b	HVqi3fs
Jer 22:22	ר֔וּחַ	7307	HNcbsa
Jer 22:22	וּֽ/מְאַהֲבַ֖יִ/ךְ	c/157	HC/Vprmpc/Sp2fs
Jer 22:22	בַּ/שְּׁבִ֣י	b/7628 a	HRd/Ncbsa
Jer 22:22	יֵלֵ֑כוּ	3212	HVqi3mp
Jer 22:22	כִּ֣י	3588 a	HC
Jer 22:22	אָ֤ז	227 a	HD
Jer 22:22	תֵּבֹ֨שִׁי֙	954	HVqi2fs
Jer 22:22	וְ/נִכְלַ֔מְתְּ	c/3637	HC/VNq2fs
Jer 22:22	מִ/כֹּ֖ל	m/3605	HR/Ncmsc
Jer 22:22	רָעָתֵֽ/ךְ	7451 c	HNcfsc/Sp2fs
Jer 22:23	ישבתי	3427	HVqrfsa
Jer 22:23	בַּ/לְּבָנ֔וֹן	b/3844	HRd/Np
Jer 22:23	מקננתי	7077	HVPsfsa
Jer 22:23	בָּֽ/אֲרָזִ֑ים	b/730	HRd/Ncmpa
Jer 22:23	מַה	4100	HTi
Jer 22:23	נֵּחַנְתְּ֙	2603 a	HVNp2fs
Jer 22:23	בְּ/בֹא	b/935	HR/Vqc
Jer 22:23	לָ֣/ךְ	l	HR/Sp2fs
Jer 22:23	חֲבָלִ֔ים	2256 b	HNcmpa
Jer 22:23	חִ֖יל	2427 a	HNcmsa
Jer 22:23	כַּ/יֹּלֵדָֽה	k/3205	HRd/Vqrfsa
Jer 22:24	חַי	2416 a	HAamsa
Jer 22:24	אָנִי֮	589	HPp1cs
Jer 22:24	נְאֻם	5002	HNcmsc
Jer 22:24	יְהוָה֒	3068	HNp
Jer 22:24	כִּ֣י	3588 b	HC
Jer 22:24	אִם	518 b	HC
Jer 22:24	יִהְיֶ֞ה	1961	HVqi3ms
Jer 22:24	כָּנְיָ֤הוּ	3659	HNp
Jer 22:24	בֶן	1121 a	HNcmsc
Jer 22:24	יְהֽוֹיָקִים֙	3079	HNp
Jer 22:24	מֶ֣לֶךְ	4428	HNcmsc
Jer 22:24	יְהוּדָ֔ה	3063	HNp
Jer 22:24	חוֹתָ֖ם	2368	HNcmsa
Jer 22:24	עַל	5921 a	HR
Jer 22:24	יַ֣ד	3027	HNcbsc
Jer 22:24	יְמִינִ֑/י	3225	HNcfsc/Sp1cs
Jer 22:24	כִּ֥י	3588 a	HC
Jer 22:24	מִ/שָּׁ֖ם	m/8033	HR/D
Jer 22:24	אֶתְּקֶֽ/נְךָּ	5423	HVqi1cs/Sp2ms
Jer 22:25	וּ/נְתַתִּ֗י/ךָ	c/5414	HC/Vqq1cs/Sp2ms
Jer 22:25	בְּ/יַד֙	b/3027	HR/Ncbsc
Jer 22:25	מְבַקְשֵׁ֣י	1245	HVprmpc
Jer 22:25	נַפְשֶׁ֔/ךָ	5315	HNcbsc/Sp2ms
Jer 22:25	וּ/בְ/יַ֛ד	c/b/3027	HC/R/Ncbsc
Jer 22:25	אֲשֶׁר	834 a	HTr
Jer 22:25	אַתָּ֥ה	859 a	HPp2ms
Jer 22:25	יָג֖וֹר	3016	HAamsa
Jer 22:25	מִ/פְּנֵי/הֶ֑ם	m/6440	HR/Ncbpc/Sp3mp
Jer 22:25	וּ/בְ/יַ֛ד	c/b/3027	HC/R/Ncbsc
Jer 22:25	נְבוּכַדְרֶאצַּ֥ר	5019	HNp
Jer 22:25	מֶֽלֶךְ	4428	HNcmsc
Jer 22:25	בָּבֶ֖ל	894	HNp
Jer 22:25	וּ/בְ/יַ֥ד	c/b/3027	HC/R/Ncbsc
Jer 22:25	הַ/כַּשְׂדִּֽים	d/3778	HTd/Np
Jer 22:26	וְ/הֵֽטַלְתִּ֣י	c/2904	HC/Vhq1cs
Jer 22:26	אֹתְ/ךָ֗	853	HTo/Sp2ms
Jer 22:26	וְ/אֶֽת	c/853	HC/To
Jer 22:26	אִמְּ/ךָ֙	517	HNcfsc/Sp2ms
Jer 22:26	אֲשֶׁ֣ר	834 a	HTr
Jer 22:26	יְלָדַ֔תְ/ךָ	3205	HVqp3fs/Sp2ms
Jer 22:26	עַ֚ל	5921 a	HR
Jer 22:26	הָ/אָ֣רֶץ	d/776	HTd/Ncbsa
Jer 22:26	אַחֶ֔רֶת	312	HAafsa
Jer 22:26	אֲשֶׁ֥ר	834 a	HTr
Jer 22:26	לֹֽא	3808	HTn
Jer 22:26	יֻלַּדְתֶּ֖ם	3205	HVPp2mp
Jer 22:26	שָׁ֑ם	8033	HD
Jer 22:26	וְ/שָׁ֖ם	c/8033	HC/D
Jer 22:26	תָּמֽוּתוּ	4191	HVqi2mp
Jer 22:27	וְ/עַל	c/5921 a	HC/R
Jer 22:27	הָ/אָ֗רֶץ	d/776	HTd/Ncbsa
Jer 22:27	אֲשֶׁר	834 a	HTr
Jer 22:27	הֵ֛ם	1992	HPp3mp
Jer 22:27	מְנַשְּׂאִ֥ים	5375	HVprmpa
Jer 22:27	אֶת	853	HTo
Jer 22:27	נַפְשָׁ֖/ם	5315	HNcbsc/Sp3mp
Jer 22:27	לָ/שׁ֣וּב	l/7725	HR/Vqc
Jer 22:27	שָׁ֑ם	8033	HD
Jer 22:27	שָׁ֖מָּ/ה	8033	HD/Sd
Jer 22:27	לֹ֥א	3808	HTn
Jer 22:27	יָשֽׁוּבוּ	7725	HVqi3mp
Jer 22:28	הַ/עֶ֨צֶב	i/6089 b	HTi/Ncmsa
Jer 22:28	נִבְזֶ֜ה	959	HVNrmsa
Jer 22:28	נָפ֗וּץ	5310 a	HVqsmsa
Jer 22:28	הָ/אִ֤ישׁ	d/376	HTd/Ncmsa
Jer 22:28	הַ/זֶּה֙	d/2088	HTd/Pdxms
Jer 22:28	כָּנְיָ֔הוּ	3659	HNp
Jer 22:28	אִ֨ם	518 a	HC
Jer 22:28	כְּלִ֔י	3627	HNcmsa
Jer 22:28	אֵ֥ין	369	HTn
Jer 22:28	חֵ֖פֶץ	2656	HNcmsa
Jer 22:28	בּ֑/וֹ	b	HR/Sp3ms
Jer 22:28	מַדּ֤וּעַ	4069	HTi
Jer 22:28	הֽוּטֲלוּ֙	2904	HVHp3cp
Jer 22:28	ה֣וּא	1931	HPp3ms
Jer 22:28	וְ/זַרְע֔/וֹ	c/2233	HC/Ncmsc/Sp3ms
Jer 22:28	וְ/הֻ֨שְׁלְכ֔וּ	c/7993	HC/VHq3cp
Jer 22:28	עַל	5921 a	HR
Jer 22:28	הָ/אָ֖רֶץ	d/776	HTd/Ncbsa
Jer 22:28	אֲשֶׁ֥ר	834 a	HTr
Jer 22:28	לֹא	3808	HTn
Jer 22:28	יָדָֽעוּ	3045	HVqp3cp
Jer 22:29	אֶ֥רֶץ	776	HNcbsa
Jer 22:29	אֶ֖רֶץ	776	HNcbsa
Jer 22:29	אָ֑רֶץ	776	HNcbsa
Jer 22:29	שִׁמְעִ֖י	8085	HVqv2fs
Jer 22:29	דְּבַר	1697	HNcmsc
Jer 22:29	יְהוָֽה	3068	HNp
Jer 22:30	כֹּ֣ה	3541	HD
Jer 22:30	אָמַ֣ר	559	HVqp3ms
Jer 22:30	יְהוָ֗ה	3068	HNp
Jer 22:30	כִּתְב֞וּ	3789	HVqv2mp
Jer 22:30	אֶת	853	HTo
Jer 22:30	הָ/אִ֤ישׁ	d/376	HTd/Ncmsa
Jer 22:30	הַ/זֶּה֙	d/2088	HTd/Pdxms
Jer 22:30	עֲרִירִ֔י	6185	HAamsa
Jer 22:30	גֶּ֖בֶר	1397	HNcmsa
Jer 22:30	לֹא	3808	HTn
Jer 22:30	יִצְלַ֣ח	6743 b	HVqi3ms
Jer 22:30	בְּ/יָמָ֑י/ו	b/3117	HR/Ncmpc/Sp3ms
Jer 22:30	כִּי֩	3588 a	HC
Jer 22:30	לֹ֨א	3808	HTn
Jer 22:30	יִצְלַ֜ח	6743 b	HVqi3ms
Jer 22:30	מִ/זַּרְע֗/וֹ	m/2233	HR/Ncmsc/Sp3ms
Jer 22:30	אִ֚ישׁ	376	HNcmsa
Jer 22:30	יֹשֵׁב֙	3427	HVqrmsa
Jer 22:30	עַל	5921 a	HR
Jer 22:30	כִּסֵּ֣א	3678	HNcmsc
Jer 22:30	דָוִ֔ד	1732	HNp
Jer 22:30	וּ/מֹשֵׁ֥ל	c/4910	HC/Vqrmsa
Jer 22:30	ע֖וֹד	5750	HD
Jer 22:30	בִּ/יהוּדָֽה	b/3063	HR/Np
Jer 23:1	ה֣וֹי	1945	HTj
Jer 23:1	רֹעִ֗ים	7462 b	HVqrmpa
Jer 23:1	מְאַבְּדִ֧ים	6	HVprmpa
Jer 23:1	וּ/מְפִצִ֛ים	c/6327 a	HC/Vhrmpa
Jer 23:1	אֶת	853	HTo
Jer 23:1	צֹ֥אן	6629	HNcbsc
Jer 23:1	מַרְעִיתִ֖/י	4830	HNcfsc/Sp1cs
Jer 23:1	נְאֻם	5002	HNcmsc
Jer 23:1	יְהוָֽה	3068	HNp
Jer 23:2	לָ֠/כֵן	l/3651 c	HR/D
Jer 23:2	כֹּֽה	3541	HD
Jer 23:2	אָמַ֨ר	559	HVqp3ms
Jer 23:2	יְהוָ֜ה	3068	HNp
Jer 23:2	אֱלֹהֵ֣י	430	HNcmpc
Jer 23:2	יִשְׂרָאֵ֗ל	3478	HNp
Jer 23:2	עַֽל	5921 a	HR
Jer 23:2	הָ/רֹעִים֮	d/7462 b	HTd/Vqrmpa
Jer 23:2	הָ/רֹעִ֣ים	d/7462 b	HTd/Vqrmpa
Jer 23:2	אֶת	853	HTo
Jer 23:2	עַמִּ/י֒	5971 a	HNcmsc/Sp1cs
Jer 23:2	אַתֶּ֞ם	859 d	HPp2mp
Jer 23:2	הֲפִצֹתֶ֤ם	6327 a	HVhp2mp
Jer 23:2	אֶת	853	HTo
Jer 23:2	צֹאנִ/י֙	6629	HNcbsc/Sp1cs
Jer 23:2	וַ/תַּדִּח֔וּ/ם	c/5080	HC/Vhw2mp/Sp3mp
Jer 23:2	וְ/לֹ֥א	c/3808	HC/Tn
Jer 23:2	פְקַדְתֶּ֖ם	6485 a	HVqp2mp
Jer 23:2	אֹתָ֑/ם	853	HTo/Sp3mp
Jer 23:2	הִנְ/נִ֨י	2005	HTm/Sp1cs
Jer 23:2	פֹקֵ֧ד	6485 a	HVqrmsa
Jer 23:2	עֲלֵי/כֶ֛ם	5921 a	HR/Sp2mp
Jer 23:2	אֶת	853	HTo
Jer 23:2	רֹ֥עַ	7455	HNcmsc
Jer 23:2	מַעַלְלֵי/כֶ֖ם	4611	HNcmpc/Sp2mp
Jer 23:2	נְאֻם	5002	HNcmsc
Jer 23:2	יְהוָֽה	3068	HNp
Jer 23:3	וַ/אֲנִ֗י	c/589	HC/Pp1cs
Jer 23:3	אֲקַבֵּץ֙	6908	HVpi1cs
Jer 23:3	אֶת	853	HTo
Jer 23:3	שְׁאֵרִ֣ית	7611	HNcfsc
Jer 23:3	צֹאנִ֔/י	6629	HNcbsc/Sp1cs
Jer 23:3	מִ/כֹּל֙	m/3605	HR/Ncmsc
Jer 23:3	הָ/אֲרָצ֔וֹת	d/776	HTd/Ncbpa
Jer 23:3	אֲשֶׁר	834 a	HTr
Jer 23:3	הִדַּ֥חְתִּי	5080	HVhp1cs
Jer 23:3	אֹתָ֖/ם	853	HTo/Sp3mp
Jer 23:3	שָׁ֑ם	8033	HD
Jer 23:3	וַ/הֲשִׁבֹתִ֥י	c/7725	HC/Vhq1cs
Jer 23:3	אֶתְ/הֶ֛ן	853	HTo/Sp3fp
Jer 23:3	עַל	5921 a	HR
Jer 23:3	נְוֵ/הֶ֖ן	5116 a	HNcbsc/Sp3fp
Jer 23:3	וּ/פָר֥וּ	c/6509	HC/Vqq3cp
Jer 23:3	וְ/רָבֽוּ	c/7235 a	HC/Vqq3cp
Jer 23:4	וַ/הֲקִמֹתִ֧י	c/6965 b	HC/Vhq1cs
Jer 23:4	עֲלֵי/הֶ֛ם	5921 a	HR/Sp3mp
Jer 23:4	רֹעִ֖ים	7462 b	HVqrmpa
Jer 23:4	וְ/רָע֑וּ/ם	c/7462 b	HC/Vqq3cp/Sp3mp
Jer 23:4	וְ/לֹא	c/3808	HC/Tn
Jer 23:4	יִֽירְא֨וּ	3372	HVqi3mp
Jer 23:4	ע֧וֹד	5750	HD
Jer 23:4	וְ/לֹא	c/3808	HC/Tn
Jer 23:4	יֵחַ֛תּוּ	2865	HVNi3mp
Jer 23:4	וְ/לֹ֥א	c/3808	HC/Tn
Jer 23:4	יִפָּקֵ֖דוּ	6485 a	HVNi3mp
Jer 23:4	נְאֻם	5002	HNcmsc
Jer 23:4	יְהוָֽה	3068	HNp
Jer 23:5	הִנֵּ֨ה	2009	HTm
Jer 23:5	יָמִ֤ים	3117	HNcmpa
Jer 23:5	בָּאִים֙	935	HVqrmpa
Jer 23:5	נְאֻם	5002	HNcmsc
Jer 23:5	יְהוָ֔ה	3068	HNp
Jer 23:5	וַ/הֲקִמֹתִ֥י	c/6965 b	HC/Vhq1cs
Jer 23:5	לְ/דָוִ֖ד	l/1732	HR/Np
Jer 23:5	צֶ֣מַח	6780	HNcmsa
Jer 23:5	צַדִּ֑יק	6662	HAamsa
Jer 23:5	וּ/מָ֤לַךְ	c/4427 a	HC/Vqq3ms
Jer 23:5	מֶ֨לֶךְ֙	4428	HNcmsa
Jer 23:5	וְ/הִשְׂכִּ֔יל	c/7919 a	HC/Vhq3ms
Jer 23:5	וְ/עָשָׂ֛ה	c/6213 a	HC/Vqq3ms
Jer 23:5	מִשְׁפָּ֥ט	4941	HNcmsa
Jer 23:5	וּ/צְדָקָ֖ה	c/6666	HC/Ncfsa
Jer 23:5	בָּ/אָֽרֶץ	b/776	HRd/Ncbsa
Jer 23:6	בְּ/יָמָי/ו֙	b/3117	HR/Ncmpc/Sp3ms
Jer 23:6	תִּוָּשַׁ֣ע	3467	HVNi3fs
Jer 23:6	יְהוּדָ֔ה	3063	HNp
Jer 23:6	וְ/יִשְׂרָאֵ֖ל	c/3478	HC/Np
Jer 23:6	יִשְׁכֹּ֣ן	7931	HVqi3ms
Jer 23:6	לָ/בֶ֑טַח	l/983	HR/Ncmsa
Jer 23:6	וְ/זֶה	c/2088	HC/Pdxms
Jer 23:6	שְּׁמ֥/וֹ	8034	HNcmsc/Sp3ms
Jer 23:6	אֲֽשֶׁר	834 a	HTr
Jer 23:6	יִקְרְא֖/וֹ	7121	HVqi3ms/Sp3ms
Jer 23:6	יְהוָ֥ה	3068	HNp
Jer 23:6	צִדְקֵֽ/נוּ	6664	HNcmsc/Sp1cp
Jer 23:7	לָ/כֵ֛ן	l/3651 c	HR/D
Jer 23:7	הִנֵּֽה	2009	HTm
Jer 23:7	יָמִ֥ים	3117	HNcmpa
Jer 23:7	בָּאִ֖ים	935	HVqrmpa
Jer 23:7	נְאֻם	5002	HNcmsc
Jer 23:7	יְהוָ֑ה	3068	HNp
Jer 23:7	וְ/לֹא	c/3808	HC/Tn
Jer 23:7	יֹ֤אמְרוּ	559	HVqi3mp
Jer 23:7	עוֹד֙	5750	HD
Jer 23:7	חַי	2416 a	HAamsa
Jer 23:7	יְהוָ֔ה	3068	HNp
Jer 23:7	אֲשֶׁ֧ר	834 a	HTr
Jer 23:7	הֶעֱלָ֛ה	5927	HVhp3ms
Jer 23:7	אֶת	853	HTo
Jer 23:7	בְּנֵ֥י	1121 a	HNcmpc
Jer 23:7	יִשְׂרָאֵ֖ל	3478	HNp
Jer 23:7	מֵ/אֶ֥רֶץ	m/776	HR/Ncbsc
Jer 23:7	מִצְרָֽיִם	4714	HNp
Jer 23:8	כִּ֣י	3588 b	HC
Jer 23:8	אִם	518 b	HC
Jer 23:8	חַי	2416 a	HAamsa
Jer 23:8	יְהוָ֗ה	3068	HNp
Jer 23:8	אֲשֶׁ֣ר	834 a	HTr
Jer 23:8	הֶעֱלָה֩	5927	HVhp3ms
Jer 23:8	וַ/אֲשֶׁ֨ר	c/834 a	HC/Tr
Jer 23:8	הֵבִ֜יא	935	HVhp3ms
Jer 23:8	אֶת	853	HTo
Jer 23:8	זֶ֨רַע	2233	HNcmsc
Jer 23:8	בֵּ֤ית	1004 b	HNcmsc
Jer 23:8	יִשְׂרָאֵל֙	3478	HNp
Jer 23:8	מֵ/אֶ֣רֶץ	m/776	HR/Ncbsa
Jer 23:8	צָפ֔וֹנָ/ה	6828	HNcfsa/Sd
Jer 23:8	וּ/מִ/כֹּל֙	c/m/3605	HC/R/Ncmsc
Jer 23:8	הָֽ/אֲרָצ֔וֹת	d/776	HTd/Ncbpa
Jer 23:8	אֲשֶׁ֥ר	834 a	HTr
Jer 23:8	הִדַּחְתִּ֖י/ם	5080	HVhp1cs/Sp3mp
Jer 23:8	שָׁ֑ם	8033	HD
Jer 23:8	וְ/יָשְׁב֖וּ	c/3427	HC/Vqq3cp
Jer 23:8	עַל	5921 a	HR
Jer 23:8	אַדְמָתָֽ/ם	127	HNcfsc/Sp3mp
Jer 23:9	לַ/נְּבִאִ֞ים	l/5030	HRd/Ncmpa
Jer 23:9	נִשְׁבַּ֧ר	7665	HVNp3ms
Jer 23:9	לִבִּ֣/י	3820 a	HNcmsc/Sp1cs
Jer 23:9	בְ/קִרְבִּ֗/י	b/7130	HR/Ncmsc/Sp1cs
Jer 23:9	רָֽחֲפוּ֙	7363 a	HVqp3cp
Jer 23:9	כָּל	3605	HNcmsc
Jer 23:9	עַצְמוֹתַ֔/י	6106	HNcfpc/Sp1cs
Jer 23:9	הָיִ֨יתִי֙	1961	HVqp1cs
Jer 23:9	כְּ/אִ֣ישׁ	k/376	HR/Ncmsa
Jer 23:9	שִׁכּ֔וֹר	7910	HAamsa
Jer 23:9	וּ/כְ/גֶ֖בֶר	c/k/1397	HC/R/Ncmsa
Jer 23:9	עֲבָ֣ר/וֹ	5674 a	HVqp3ms/Sp3ms
Jer 23:9	יָ֑יִן	3196	HNcmsa
Jer 23:9	מִ/פְּנֵ֣י	m/6440	HR/Ncbpc
Jer 23:9	יְהוָ֔ה	3068	HNp
Jer 23:9	וּ/מִ/פְּנֵ֖י	c/m/6440	HC/R/Ncbpc
Jer 23:9	דִּבְרֵ֥י	1697	HNcmpc
Jer 23:9	קָדְשֽׁ/וֹ	6944	HNcmsc/Sp3ms
Jer 23:10	כִּ֤י	3588 a	HC
Jer 23:10	מְנָֽאֲפִים֙	5003	HVprmpa
Jer 23:10	מָלְאָ֣ה	4390	HVqp3fs
Jer 23:10	הָ/אָ֔רֶץ	d/776	HTd/Ncbsa
Jer 23:10	כִּֽי	3588 a	HC
Jer 23:10	מִ/פְּנֵ֤י	m/6440	HR/Ncbpc
Jer 23:10	אָלָה֙	423	HNcfsa
Jer 23:10	אָבְלָ֣ה	56	HVqp3fs
Jer 23:10	הָ/אָ֔רֶץ	d/776	HTd/Ncbsa
Jer 23:10	יָבְשׁ֖וּ	3001	HVqp3cp
Jer 23:10	נְא֣וֹת	4999	HNcfpc
Jer 23:10	מִדְבָּ֑ר	4057 b	HNcmsa
Jer 23:10	וַ/תְּהִ֤י	c/1961	HC/Vqw3fs
Jer 23:10	מְרֽוּצָתָ/ם֙	4794	HNcfsc/Sp3mp
Jer 23:10	רָעָ֔ה	7451 a	HAafsa
Jer 23:10	וּ/גְבוּרָתָ֖/ם	c/1369	HC/Ncfsc/Sp3mp
Jer 23:10	לֹא	3808	HTn
Jer 23:10	כֵֽן	3651 a	HAamsa
Jer 23:11	כִּֽי	3588 a	HC
Jer 23:11	גַם	1571	HD
Jer 23:11	נָבִ֥יא	5030	HNcmsa
Jer 23:11	גַם	1571	HD
Jer 23:11	כֹּהֵ֖ן	3548	HNcmsa
Jer 23:11	חָנֵ֑פוּ	2610	HVqp3cp
Jer 23:11	גַּם	1571	HTa
Jer 23:11	בְּ/בֵיתִ֛/י	b/1004 b	HR/Ncmsc/Sp1cs
Jer 23:11	מָצָ֥אתִי	4672	HVqp1cs
Jer 23:11	רָעָתָ֖/ם	7451 c	HNcfsc/Sp3mp
Jer 23:11	נְאֻם	5002	HNcmsc
Jer 23:11	יְהוָֽה	3068	HNp
Jer 23:12	לָ/כֵן֩	l/3651 c	HR/D
Jer 23:12	יִֽהְיֶ֨ה	1961	HVqi3ms
Jer 23:12	דַרְכָּ֜/ם	1870	HNcbsc/Sp3mp
Jer 23:12	לָ/הֶ֗ם	l	HR/Sp3mp
Jer 23:12	כַּ/חֲלַקְלַקּוֹת֙	k/2519	HR/Ncfpa
Jer 23:12	בָּֽ/אֲפֵלָ֔ה	b/653	HRd/Ncfsa
Jer 23:12	יִדַּ֖חוּ	1760 b	HVNi3mp
Jer 23:12	וְ/נָ֣פְלוּ	c/5307	HC/Vqq3cp
Jer 23:12	בָ֑/הּ	b	HR/Sp3fs
Jer 23:12	כִּֽי	3588 a	HC
Jer 23:12	אָבִ֨יא	935	HVhi1cs
Jer 23:12	עֲלֵי/הֶ֥ם	5921 a	HR/Sp3mp
Jer 23:12	רָעָ֛ה	7451 c	HNcfsa
Jer 23:12	שְׁנַ֥ת	8141	HNcfsc
Jer 23:12	פְּקֻדָּתָ֖/ם	6486	HNcfsc/Sp3mp
Jer 23:12	נְאֻם	5002	HNcmsc
Jer 23:12	יְהוָֽה	3068	HNp
Jer 23:13	וּ/בִ/נְבִיאֵ֥י	c/b/5030	HC/R/Ncmpc
Jer 23:13	שֹׁמְר֖וֹן	8111	HNp
Jer 23:13	רָאִ֣יתִי	7200	HVqp1cs
Jer 23:13	תִפְלָ֑ה	8604	HNcfsa
Jer 23:13	הִנַּבְּא֣וּ	5012	HVtp3cp
Jer 23:13	בַ/בַּ֔עַל	b/1168 a	HRd/Np
Jer 23:13	וַ/יַּתְע֥וּ	c/8582	HC/Vhw3mp
Jer 23:13	אֶת	853	HTo
Jer 23:13	עַמִּ֖/י	5971 a	HNcmsc/Sp1cs
Jer 23:13	אֶת	853	HTo
Jer 23:13	יִשְׂרָאֵֽל	3478	HNp
Jer 23:14	וּ/בִ/נְבִאֵ֨י	c/b/5030	HC/R/Ncmpc
Jer 23:14	יְרוּשָׁלִַ֜ם	3389	HNp
Jer 23:14	רָאִ֣יתִי	7200	HVqp1cs
Jer 23:14	שַׁעֲרוּרָ֗ה	8186 a	HNcfsa
Jer 23:14	נָא֞וֹף	5003	HVqa
Jer 23:14	וְ/הָלֹ֤ךְ	c/1980	HC/Vqa
Jer 23:14	בַּ/שֶּׁ֨קֶר֙	b/8267	HRd/Ncmsa
Jer 23:14	וְ/חִזְּקוּ֙	c/2388	HC/Vpp3cp
Jer 23:14	יְדֵ֣י	3027	HNcbdc
Jer 23:14	מְרֵעִ֔ים	7489 a	HVhrmpa
Jer 23:14	לְ/בִ֨לְתִּי	l/1115	HR/C
Jer 23:14	שָׁ֔בוּ	7725	HVqp3cp
Jer 23:14	אִ֖ישׁ	376	HNcmsa
Jer 23:14	מֵ/רָֽעָת֑/וֹ	m/7451 c	HR/Ncfsc/Sp3ms
Jer 23:14	הָֽיוּ	1961	HVqp3cp
Jer 23:14	לִ֤/י	l	HR/Sp1cs
Jer 23:14	כֻלָּ/ם֙	3605	HNcmsc/Sp3mp
Jer 23:14	כִּ/סְדֹ֔ם	k/5467	HR/Np
Jer 23:14	וְ/יֹשְׁבֶ֖י/הָ	c/3427	HC/Vqrmpc/Sp3fs
Jer 23:14	כַּ/עֲמֹרָֽה	k/6017	HR/Np
Jer 23:15	לָ/כֵ֞ן	l/3651 c	HR/D
Jer 23:15	כֹּֽה	3541	HD
Jer 23:15	אָמַ֨ר	559	HVqp3ms
Jer 23:15	יְהוָ֤ה	3068	HNp
Jer 23:15	צְבָאוֹת֙	6635 b	HNcbpa
Jer 23:15	עַל	5921 a	HR
Jer 23:15	הַ/נְּבִאִ֔ים	d/5030	HTd/Ncmpa
Jer 23:15	הִנְ/נִ֨י	2005	HTm/Sp1cs
Jer 23:15	מַאֲכִ֤יל	398	HVhrmsa
Jer 23:15	אוֹתָ/ם֙	853	HTo/Sp3mp
Jer 23:15	לַֽעֲנָ֔ה	3939	HNcfsa
Jer 23:15	וְ/הִשְׁקִתִ֖י/ם	c/8248	HC/Vhq1cs/Sp3mp
Jer 23:15	מֵי	4325	HNcmpc
Jer 23:15	רֹ֑אשׁ	7219	HNcmsa
Jer 23:15	כִּ֗י	3588 a	HC
Jer 23:15	מֵ/אֵת֙	m/854	HR/R
Jer 23:15	נְבִיאֵ֣י	5030	HNcmpc
Jer 23:15	יְרוּשָׁלִַ֔ם	3389	HNp
Jer 23:15	יָצְאָ֥ה	3318	HVqp3fs
Jer 23:15	חֲנֻפָּ֖ה	2613	HNcfsa
Jer 23:15	לְ/כָל	l/3605	HR/Ncmsc
Jer 23:15	הָ/אָֽרֶץ	d/776	HTd/Ncbsa
Jer 23:16	כֹּֽה	3541	HD
Jer 23:16	אָמַ֞ר	559	HVqp3ms
Jer 23:16	יְהוָ֣ה	3068	HNp
Jer 23:16	צְבָא֗וֹת	6635 b	HNcbpa
Jer 23:16	אַֽל	408	HTn
Jer 23:16	תִּשְׁמְע֞וּ	8085	HVqj2mp
Jer 23:16	עַל	5921 a	HR
Jer 23:16	דִּבְרֵ֤י	1697	HNcmpc
Jer 23:16	הַ/נְּבִאִים֙	d/5030	HTd/Ncmpa
Jer 23:16	הַ/נִּבְּאִ֣ים	d/5012	HTd/VNrmpa
Jer 23:16	לָ/כֶ֔ם	l	HR/Sp2mp
Jer 23:16	מַהְבִּלִ֥ים	1891	HVhrmpa
Jer 23:16	הֵ֖מָּה	1992	HPp3mp
Jer 23:16	אֶתְ/כֶ֑ם	853	HTo/Sp2mp
Jer 23:16	חֲז֤וֹן	2377	HNcmsc
Jer 23:16	לִבָּ/ם֙	3820 a	HNcmsc/Sp3mp
Jer 23:16	יְדַבֵּ֔רוּ	1696	HVpi3mp
Jer 23:16	לֹ֖א	3808	HTn
Jer 23:16	מִ/פִּ֥י	m/6310	HR/Ncmsc
Jer 23:16	יְהוָֽה	3068	HNp
Jer 23:17	אֹמְרִ֤ים	559	HVqrmpa
Jer 23:17	אָמוֹר֙	559	HVqa
Jer 23:17	לִֽ/מְנַאֲצַ֔/י	l/5006	HR/Vprmpc/Sp1cs
Jer 23:17	דִּבֶּ֣ר	1696	HVpp3ms
Jer 23:17	יְהוָ֔ה	3068	HNp
Jer 23:17	שָׁל֖וֹם	7965	HNcmsa
Jer 23:17	יִֽהְיֶ֣ה	1961	HVqi3ms
Jer 23:17	לָ/כֶ֑ם	l	HR/Sp2mp
Jer 23:17	וְ֠/כֹל	c/3605	HC/Ncmsa
Jer 23:17	הֹלֵ֞ךְ	1980	HVqrmsa
Jer 23:17	בִּ/שְׁרִר֤וּת	b/8307	HR/Ncfsc
Jer 23:17	לִבּ/וֹ֙	3820 a	HNcmsc/Sp3ms
Jer 23:17	אָֽמְר֔וּ	559	HVqp3cp
Jer 23:17	לֹֽא	3808	HTn
Jer 23:17	תָב֥וֹא	935	HVqi3fs
Jer 23:17	עֲלֵי/כֶ֖ם	5921 a	HR/Sp2mp
Jer 23:17	רָעָֽה	7451 c	HNcfsa
Jer 23:18	כִּ֣י	3588 a	HC
Jer 23:18	מִ֤י	4310	HTi
Jer 23:18	עָמַד֙	5975	HVqp3ms
Jer 23:18	בְּ/ס֣וֹד	b/5475	HR/Ncmsc
Jer 23:18	יְהוָ֔ה	3068	HNp
Jer 23:18	וְ/יֵ֖רֶא	c/7200	HC/Vqj3ms
Jer 23:18	וְ/יִשְׁמַ֣ע	c/8085	HC/Vqj3ms
Jer 23:18	אֶת	853	HTo
Jer 23:18	דְּבָר֑/וֹ	1697	HNcmsc/Sp3ms
Jer 23:18	מִֽי	4310	HTi
Jer 23:18	הִקְשִׁ֥יב	7181	HVhp3ms
Jer 23:18	דבר/י	1697	HNcmsc/Sp1cs
Jer 23:18	וַ/יִּשְׁמָֽע	c/8085	HC/Vqw3ms
Jer 23:19	הִנֵּ֣ה	2009	HTm
Jer 23:19	סַעֲרַ֣ת	5591 b	HNcfsc
Jer 23:19	יְהוָ֗ה	3068	HNp
Jer 23:19	חֵמָה֙	2534	HNcfsa
Jer 23:19	יָֽצְאָ֔ה	3318	HVqp3fs
Jer 23:19	וְ/סַ֖עַר	c/5591 a	HC/Ncmsa
Jer 23:19	מִתְחוֹלֵ֑ל	2342 a	HVrrmsa
Jer 23:19	עַ֛ל	5921 a	HR
Jer 23:19	רֹ֥אשׁ	7218 a	HNcmsc
Jer 23:19	רְשָׁעִ֖ים	7563	HAampa
Jer 23:19	יָחֽוּל	2342 a	HVqi3ms
Jer 23:20	לֹ֤א	3808	HTn
Jer 23:20	יָשׁוּב֙	7725	HVqi3ms
Jer 23:20	אַף	639	HTa
Jer 23:20	יְהוָ֔ה	3068	HNp
Jer 23:20	עַד	5704	HR
Jer 23:20	עֲשֹׂת֥/וֹ	6213 a	HVqc/Sp3ms
Jer 23:20	וְ/עַד	c/5704	HC/R
Jer 23:20	הֲקִימ֖/וֹ	6965 b	HVhc/Sp3ms
Jer 23:20	מְזִמּ֣וֹת	4209	HNcfpc
Jer 23:20	לִבּ֑/וֹ	3820 a	HNcmsc/Sp3ms
Jer 23:20	בְּ/אַֽחֲרִית֙	b/319	HR/Ncfsc
Jer 23:20	הַ/יָּמִ֔ים	d/3117	HTd/Ncmpa
Jer 23:20	תִּתְבּ֥וֹנְנוּ	995	HVri2mp
Jer 23:20	בָ֖/הּ	b	HR/Sp3fs
Jer 23:20	בִּינָֽה	998	HNcfsa
Jer 23:21	לֹא	3808	HTn
Jer 23:21	שָׁלַ֥חְתִּי	7971	HVqp1cs
Jer 23:21	אֶת	853	HTo
Jer 23:21	הַ/נְּבִאִ֖ים	d/5030	HTd/Ncmpa
Jer 23:21	וְ/הֵ֣ם	c/1992	HC/Pp3mp
Jer 23:21	רָ֑צוּ	7323	HVqp3cp
Jer 23:21	לֹא	3808	HTn
Jer 23:21	דִבַּ֥רְתִּי	1696	HVpp1cs
Jer 23:21	אֲלֵי/הֶ֖ם	413	HR/Sp3mp
Jer 23:21	וְ/הֵ֥ם	c/1992	HC/Pp3mp
Jer 23:21	נִבָּֽאוּ	5012	HVNp3cp
Jer 23:22	וְ/אִֽם	c/518 a	HC/C
Jer 23:22	עָמְד֖וּ	5975	HVqp3cp
Jer 23:22	בְּ/סוֹדִ֑/י	b/5475	HR/Ncmsc/Sp1cs
Jer 23:22	וְ/יַשְׁמִ֤עוּ	c/8085	HC/Vhi3mp
Jer 23:22	דְבָרַ/י֙	1697	HNcmpc/Sp1cs
Jer 23:22	אֶת	853	HTo
Jer 23:22	עַמִּ֔/י	5971 a	HNcmsc/Sp1cs
Jer 23:22	וִֽ/ישִׁבוּ/ם֙	c/7725	HC/Vhi3mp/Sp3mp
Jer 23:22	מִ/דַּרְכָּ֣/ם	m/1870	HR/Ncbsc/Sp3mp
Jer 23:22	הָ/רָ֔ע	d/7451 a	HTd/Aamsa
Jer 23:22	וּ/מֵ/רֹ֖עַ	c/m/7455	HC/R/Ncmsc
Jer 23:22	מַֽעַלְלֵי/הֶֽם	4611	HNcmpc/Sp3mp
Jer 23:23	הַ/אֱלֹהֵ֧י	i/430	HTi/Ncmpc
Jer 23:23	מִ/קָּרֹ֛ב	m/7138	HR/Aamsa
Jer 23:23	אָ֖נִי	589	HPp1cs
Jer 23:23	נְאֻם	5002	HNcmsc
Jer 23:23	יְהוָ֑ה	3068	HNp
Jer 23:23	וְ/לֹ֥א	c/3808	HC/Tn
Jer 23:23	אֱלֹהֵ֖י	430	HNcmpc
Jer 23:23	מֵ/רָחֹֽק	m/7350	HR/Aamsa
Jer 23:24	אִם	518 a	HC
Jer 23:24	יִסָּתֵ֨ר	5641	HVNi3ms
Jer 23:24	אִ֧ישׁ	376	HNcmsa
Jer 23:24	בַּ/מִּסְתָּרִ֛ים	b/4565	HRd/Ncmpa
Jer 23:24	וַ/אֲנִ֥י	c/589	HC/Pp1cs
Jer 23:24	לֹֽא	3808	HTn
Jer 23:24	אֶרְאֶ֖/נּוּ	7200	HVqi1cs/Sp3ms
Jer 23:24	נְאֻם	5002	HNcmsc
Jer 23:24	יְהוָ֑ה	3068	HNp
Jer 23:24	הֲ/ל֨וֹא	i/3808	HTi/Tn
Jer 23:24	אֶת	853	HTo
Jer 23:24	הַ/שָּׁמַ֧יִם	d/8064	HTd/Ncmpa
Jer 23:24	וְ/אֶת	c/853	HC/To
Jer 23:24	הָ/אָ֛רֶץ	d/776	HTd/Ncbsa
Jer 23:24	אֲנִ֥י	589	HPp1cs
Jer 23:24	מָלֵ֖א	4390	HVqrmsa
Jer 23:24	נְאֻם	5002	HNcmsc
Jer 23:24	יְהוָֽה	3068	HNp
Jer 23:25	שָׁמַ֗עְתִּי	8085	HVqp1cs
Jer 23:25	אֵ֤ת	853	HTo
Jer 23:25	אֲשֶׁר	834 a	HTr
Jer 23:25	אָֽמְרוּ֙	559	HVqp3cp
Jer 23:25	הַ/נְּבִאִ֔ים	d/5030	HTd/Ncmpa
Jer 23:25	הַֽ/נִּבְּאִ֥ים	d/5012	HTd/VNrmpa
Jer 23:25	בִּ/שְׁמִ֛/י	b/8034	HR/Ncmsc/Sp1cs
Jer 23:25	שֶׁ֖קֶר	8267	HNcmsa
Jer 23:25	לֵ/אמֹ֑ר	l/559	HR/Vqc
Jer 23:25	חָלַ֖מְתִּי	2492 b	HVqp1cs
Jer 23:25	חָלָֽמְתִּי	2492 b	HVqp1cs
Jer 23:26	עַד	5704	HR
Jer 23:26	מָתַ֗י	4970	HTi
Jer 23:26	הֲ/יֵ֛שׁ	i/3426	HTi/Tm
Jer 23:26	בְּ/לֵ֥ב	b/3820 a	HR/Ncmsc
Jer 23:26	הַ/נְּבִאִ֖ים	d/5030	HTd/Ncmpa
Jer 23:26	נִבְּאֵ֣י	5012	HVNrmpc
Jer 23:26	הַ/שָּׁ֑קֶר	d/8267	HTd/Ncmsa
Jer 23:26	וּ/נְבִיאֵ֖י	c/5030	HC/Ncmpc
Jer 23:26	תַּרְמִ֥ת	8649 b	HNcfsc
Jer 23:26	לִבָּֽ/ם	3820 a	HNcmsc/Sp3mp
Jer 23:27	הַ/חֹשְׁבִ֗ים	d/2803	HTd/Vqrmpa
Jer 23:27	לְ/הַשְׁכִּ֤יחַ	l/7911	HR/Vhc
Jer 23:27	אֶת	853	HTo
Jer 23:27	עַמִּ/י֙	5971 a	HNcmsc/Sp1cs
Jer 23:27	שְׁמִ֔/י	8034	HNcmsc/Sp1cs
Jer 23:27	בַּ/חֲל֣וֹמֹתָ֔/ם	b/2472	HR/Ncmpc/Sp3mp
Jer 23:27	אֲשֶׁ֥ר	834 a	HTr
Jer 23:27	יְסַפְּר֖וּ	5608 a	HVpi3mp
Jer 23:27	אִ֣ישׁ	376	HNcmsa
Jer 23:27	לְ/רֵעֵ֑/הוּ	l/7453	HR/Ncmsc/Sp3ms
Jer 23:27	כַּ/אֲשֶׁ֨ר	k/834 d	HR/Tr
Jer 23:27	שָׁכְח֧וּ	7911	HVqp3cp
Jer 23:27	אֲבוֹתָ֛/ם	1	HNcmpc/Sp3mp
Jer 23:27	אֶת	853	HTo
Jer 23:27	שְׁמִ֖/י	8034	HNcmsc/Sp1cs
Jer 23:27	בַּ/בָּֽעַל	b/1168 a	HRd/Np
Jer 23:28	הַ/נָּבִ֞יא	d/5030	HTd/Ncmsa
Jer 23:28	אֲשֶׁר	834 a	HTr
Jer 23:28	אִתּ֤/וֹ	854	HR/Sp3ms
Jer 23:28	חֲלוֹם֙	2472	HNcmsa
Jer 23:28	יְסַפֵּ֣ר	5608 a	HVpj3ms
Jer 23:28	חֲל֔וֹם	2472	HNcmsa
Jer 23:28	וַ/אֲשֶׁ֤ר	c/834 a	HC/Tr
Jer 23:28	דְּבָרִ/י֙	1697	HNcmsc/Sp1cs
Jer 23:28	אִתּ֔/וֹ	854	HR/Sp3ms
Jer 23:28	יְדַבֵּ֥ר	1696	HVpj3ms
Jer 23:28	דְּבָרִ֖/י	1697	HNcmsc/Sp1cs
Jer 23:28	אֱמֶ֑ת	571	HNcfsa
Jer 23:28	מַה	4100	HTi
Jer 23:28	לַ/תֶּ֥בֶן	l/8401	HRd/Ncmsa
Jer 23:28	אֶת	854	HR
Jer 23:28	הַ/בָּ֖ר	d/1250 a	HTd/Ncmsa
Jer 23:28	נְאֻם	5002	HNcmsc
Jer 23:28	יְהוָֽה	3068	HNp
Jer 23:29	הֲ/ל֨וֹא	i/3808	HTi/Tn
Jer 23:29	כֹ֧ה	3541	HD
Jer 23:29	דְבָרִ֛/י	1697	HNcmsc/Sp1cs
Jer 23:29	כָּ/אֵ֖שׁ	k/784	HRd/Ncbsa
Jer 23:29	נְאֻם	5002	HNcmsc
Jer 23:29	יְהוָ֑ה	3068	HNp
Jer 23:29	וּ/כְ/פַטִּ֖ישׁ	c/k/6360	HC/R/Ncmsa
Jer 23:29	יְפֹ֥צֵֽץ	6327 d	HVmi3ms
Jer 23:29	סָֽלַע	5553	HNcmsa
Jer 23:30	לָ/כֵ֛ן	l/3651 c	HR/D
Jer 23:30	הִנְ/נִ֥י	2005	HTm/Sp1cs
Jer 23:30	עַל	5921 a	HR
Jer 23:30	הַ/נְּבִאִ֖ים	d/5030	HTd/Ncmpa
Jer 23:30	נְאֻם	5002	HNcmsc
Jer 23:30	יְהוָ֑ה	3068	HNp
Jer 23:30	מְגַנְּבֵ֣י	1589	HVprmpc
Jer 23:30	דְבָרַ֔/י	1697	HNcmpc/Sp1cs
Jer 23:30	אִ֖ישׁ	376	HNcmsa
Jer 23:30	מֵ/אֵ֥ת	m/854	HR/R
Jer 23:30	רֵעֵֽ/הוּ	7453	HNcmsc/Sp3ms
Jer 23:31	הִנְ/נִ֥י	2005	HTm/Sp1cs
Jer 23:31	עַל	5921 a	HR
Jer 23:31	הַ/נְּבִיאִ֖ם	d/5030	HTd/Ncmpa
Jer 23:31	נְאֻם	5002	HNcmsc
Jer 23:31	יְהוָ֑ה	3068	HNp
Jer 23:31	הַ/לֹּקְחִ֣ים	d/3947	HTd/Vqrmpa
Jer 23:31	לְשׁוֹנָ֔/ם	3956	HNcbsc/Sp3mp
Jer 23:31	וַֽ/יִּנְאֲמ֖וּ	c/5001	HC/Vqw3mp
Jer 23:31	נְאֻֽם	5002	HNcmsa
Jer 23:32	הִ֠נְ/נִי	2005	HTm/Sp1cs
Jer 23:32	עַֽל	5921 a	HR
Jer 23:32	נִבְּאֵ֞י	5012	HVNrmpc
Jer 23:32	חֲלֹמ֥וֹת	2472	HNcmpc
Jer 23:32	שֶׁ֨קֶר֙	8267	HNcmsa
Jer 23:32	נְאֻם	5002	HNcmsc
Jer 23:32	יְהוָ֔ה	3068	HNp
Jer 23:32	וַֽ/יְסַפְּרוּ/ם֙	c/5608 a	HC/Vpw3mp/Sp3mp
Jer 23:32	וַ/יַּתְע֣וּ	c/8582	HC/Vhw3mp
Jer 23:32	אֶת	853	HTo
Jer 23:32	עַמִּ֔/י	5971 a	HNcmsc/Sp1cs
Jer 23:32	בְּ/שִׁקְרֵי/הֶ֖ם	b/8267	HR/Ncmpc/Sp3mp
Jer 23:32	וּ/בְ/פַחֲזוּתָ֑/ם	c/b/6350	HC/R/Ncfsc/Sp3mp
Jer 23:32	וְ/אָנֹכִ֨י	c/595	HC/Pp1cs
Jer 23:32	לֹֽא	3808	HTn
Jer 23:32	שְׁלַחְתִּ֜י/ם	7971	HVqp1cs/Sp3mp
Jer 23:32	וְ/לֹ֣א	c/3808	HC/Tn
Jer 23:32	צִוִּיתִ֗י/ם	6680	HVpp1cs/Sp3mp
Jer 23:32	וְ/הוֹעֵ֛יל	c/3276	HC/Vha
Jer 23:32	לֹֽא	3808	HTn
Jer 23:32	יוֹעִ֥ילוּ	3276	HVhi3mp
Jer 23:32	לָֽ/עָם	l/5971 a	HRd/Ncmsa
Jer 23:32	הַ/זֶּ֖ה	d/2088	HTd/Pdxms
Jer 23:32	נְאֻם	5002	HNcmsc
Jer 23:32	יְהוָֽה	3068	HNp
Jer 23:33	וְ/כִי	c/3588 a	HC/C
Jer 23:33	יִשְׁאָלְ/ךָ֩	7592	HVqi3ms/Sp2ms
Jer 23:33	הָ/עָ֨ם	d/5971 a	HTd/Ncmsa
Jer 23:33	הַ/זֶּ֜ה	d/2088	HTd/Pdxms
Jer 23:33	אֽוֹ	176 a	HC
Jer 23:33	הַ/נָּבִ֤יא	d/5030	HTd/Ncmsa
Jer 23:33	אֽוֹ	176 a	HC
Jer 23:33	כֹהֵן֙	3548	HNcmsa
Jer 23:33	לֵ/אמֹ֔ר	l/559	HR/Vqc
Jer 23:33	מַה	4100	HTi
Jer 23:33	מַשָּׂ֖א	4853 b	HNcmsc
Jer 23:33	יְהוָ֑ה	3068	HNp
Jer 23:33	וְ/אָמַרְתָּ֤	c/559	HC/Vqq2ms
Jer 23:33	אֲלֵי/הֶם֙	413	HR/Sp3mp
Jer 23:33	אֶת	853	HTo
Jer 23:33	מַה	4100	HTi
Jer 23:33	מַשָּׂ֔א	4853 b	HNcmsa
Jer 23:33	וְ/נָטַשְׁתִּ֥י	c/5203	HC/Vqq1cs
Jer 23:33	אֶתְ/כֶ֖ם	853	HTo/Sp2mp
Jer 23:33	נְאֻם	5002	HNcmsc
Jer 23:33	יְהוָֽה	3068	HNp
Jer 23:34	וְ/הַ/נָּבִ֤יא	c/d/5030	HC/Td/Ncmsa
Jer 23:34	וְ/הַ/כֹּהֵן֙	c/d/3548	HC/Td/Ncmsa
Jer 23:34	וְ/הָ/עָ֔ם	c/d/5971 a	HC/Td/Ncmsa
Jer 23:34	אֲשֶׁ֥ר	834 a	HTr
Jer 23:34	יֹאמַ֖ר	559	HVqi3ms
Jer 23:34	מַשָּׂ֣א	4853 b	HNcmsc
Jer 23:34	יְהוָ֑ה	3068	HNp
Jer 23:34	וּ/פָקַדְתִּ֛י	c/6485 a	HC/Vqq1cs
Jer 23:34	עַל	5921 a	HR
Jer 23:34	הָ/אִ֥ישׁ	d/376	HTd/Ncmsa
Jer 23:34	הַ/ה֖וּא	d/1931	HTd/Pp3ms
Jer 23:34	וְ/עַל	c/5921 a	HC/R
Jer 23:34	בֵּיתֽ/וֹ	1004 b	HNcmsc/Sp3ms
Jer 23:35	כֹּ֥ה	3541	HD
Jer 23:35	תֹאמְר֛וּ	559	HVqi2mp
Jer 23:35	אִ֥ישׁ	376	HNcmsa
Jer 23:35	עַל	5921 a	HR
Jer 23:35	רֵעֵ֖/הוּ	7453	HNcmsc/Sp3ms
Jer 23:35	וְ/אִ֣ישׁ	c/376	HC/Ncmsa
Jer 23:35	אֶל	413	HR
Jer 23:35	אָחִ֑י/ו	251	HNcmsc/Sp3ms
Jer 23:35	מֶה	4100	HTi
Jer 23:35	עָנָ֣ה	6030 b	HVqp3ms
Jer 23:35	יְהוָ֔ה	3068	HNp
Jer 23:35	וּ/מַה	c/4100	HC/Ti
Jer 23:35	דִּבֶּ֖ר	1696	HVpp3ms
Jer 23:35	יְהוָֽה	3068	HNp
Jer 23:36	וּ/מַשָּׂ֥א	c/4853 b	HC/Ncmsc
Jer 23:36	יְהוָ֖ה	3068	HNp
Jer 23:36	לֹ֣א	3808	HTn
Jer 23:36	תִזְכְּרוּ	2142	HVqi2ms
Jer 23:36	ע֑וֹד	5750	HD
Jer 23:36	כִּ֣י	3588 a	HC
Jer 23:36	הַ/מַּשָּׂ֗א	d/4853 b	HTd/Ncmsa
Jer 23:36	יִֽהְיֶה֙	1961	HVqi3ms
Jer 23:36	לְ/אִ֣ישׁ	l/376	HR/Ncmsa
Jer 23:36	דְּבָר֔/וֹ	1697	HNcmsc/Sp3ms
Jer 23:36	וַ/הֲפַכְתֶּ֗ם	c/2015	HC/Vqp2mp
Jer 23:36	אֶת	853	HTo
Jer 23:36	דִּבְרֵי֙	1697	HNcmpc
Jer 23:36	אֱלֹהִ֣ים	430	HNcmpa
Jer 23:36	חַיִּ֔ים	2416 a	HAampa
Jer 23:36	יְהוָ֥ה	3068	HNp
Jer 23:36	צְבָא֖וֹת	6635 b	HNcbpa
Jer 23:36	אֱלֹהֵֽי/נוּ	430	HNcmpc/Sp1cp
Jer 23:37	כֹּ֥ה	3541	HD
Jer 23:37	תֹאמַ֖ר	559	HVqi2ms
Jer 23:37	אֶל	413	HR
Jer 23:37	הַ/נָּבִ֑יא	d/5030	HTd/Ncmsa
Jer 23:37	מֶה	4100	HTi
Jer 23:37	עָנָ֣/ךְ	6030 b	HVqp3ms/Sp2fs
Jer 23:37	יְהוָ֔ה	3068	HNp
Jer 23:37	וּ/מַה	c/4100	HC/Ti
Jer 23:37	דִּבֶּ֖ר	1696	HVpp3ms
Jer 23:37	יְהוָֽה	3068	HNp
Jer 23:38	וְ/אִם	c/518 a	HC/C
Jer 23:38	מַשָּׂ֣א	4853 b	HNcmsc
Jer 23:38	יְהוָה֮	3068	HNp
Jer 23:38	תֹּאמֵרוּ֒	559	HVqi2mp
Jer 23:38	לָ/כֵ֗ן	l/3651 c	HR/D
Jer 23:38	כֹּ֚ה	3541	HD
Jer 23:38	אָמַ֣ר	559	HVqp3ms
Jer 23:38	יְהוָ֔ה	3068	HNp
Jer 23:38	יַ֧עַן	3282	HC
Jer 23:38	אֲמָרְ/כֶ֛ם	559	HVqc/Sp2mp
Jer 23:38	אֶת	853	HTo
Jer 23:38	הַ/דָּבָ֥ר	d/1697	HTd/Ncmsa
Jer 23:38	הַ/זֶּ֖ה	d/2088	HTd/Pdxms
Jer 23:38	מַשָּׂ֣א	4853 b	HNcmsc
Jer 23:38	יְהוָ֑ה	3068	HNp
Jer 23:38	וָ/אֶשְׁלַ֤ח	c/7971	HC/Vqw1cs
Jer 23:38	אֲלֵי/כֶם֙	413	HR/Sp2mp
Jer 23:38	לֵ/אמֹ֔ר	l/559	HR/Vqc
Jer 23:38	לֹ֥א	3808	HTn
Jer 23:38	תֹאמְר֖וּ	559	HVqi2mp
Jer 23:38	מַשָּׂ֥א	4853 b	HNcmsc
Jer 23:38	יְהוָֽה	3068	HNp
Jer 23:39	לָ/כֵ֣ן	l/3651 c	HR/D
Jer 23:39	הִנְ/נִ֔י	2005	HTm/Sp1cs
Jer 23:39	וְ/נָשִׁ֥יתִי	c/5382	HC/Vqq1cs
Jer 23:39	אֶתְ/כֶ֖ם	853	HTo/Sp2mp
Jer 23:39	נָשֹׁ֑א	5377	HVqa
Jer 23:39	וְ/נָטַשְׁתִּ֣י	c/5203	HC/Vqq1cs
Jer 23:39	אֶתְ/כֶ֗ם	853	HTo/Sp2mp
Jer 23:39	וְ/אֶת	c/853	HC/To
Jer 23:39	הָ/עִיר֙	d/5892 b	HTd/Ncfsa
Jer 23:39	אֲשֶׁ֨ר	834 a	HTr
Jer 23:39	נָתַ֧תִּי	5414	HVqp1cs
Jer 23:39	לָ/כֶ֛ם	l	HR/Sp2mp
Jer 23:39	וְ/לַ/אֲבוֹתֵי/כֶ֖ם	c/l/1	HC/R/Ncmpc/Sp2mp
Jer 23:39	מֵ/עַ֥ל	m/5921 a	HR/R
Jer 23:39	פָּנָֽ/י	6440	HNcbpc/Sp1cs
Jer 23:40	וְ/נָתַתִּ֥י	c/5414	HC/Vqq1cs
Jer 23:40	עֲלֵי/כֶ֖ם	5921 a	HR/Sp2mp
Jer 23:40	חֶרְפַּ֣ת	2781	HNcfsc
Jer 23:40	עוֹלָ֑ם	5769	HNcmsa
Jer 23:40	וּ/כְלִמּ֣וּת	c/3640	HC/Ncfsc
Jer 23:40	עוֹלָ֔ם	5769	HNcmsa
Jer 23:40	אֲשֶׁ֖ר	834 a	HTr
Jer 23:40	לֹ֥א	3808	HTn
Jer 23:40	תִשָּׁכֵֽחַ	7911	HVNi3fs
Jer 24:1	הִרְאַ/נִי֮	7200	HVhp3ms/Sp1cs
Jer 24:1	יְהוָה֒	3068	HNp
Jer 24:1	וְ/הִנֵּ֗ה	c/2009	HC/Tm
Jer 24:1	שְׁנֵי֙	8147	HAcmdc
Jer 24:1	דּוּדָאֵ֣י	1736	HNcmpc
Jer 24:1	תְאֵנִ֔ים	8384	HNcfpa
Jer 24:1	מוּעָדִ֕ים	3259	HVHsmpa
Jer 24:1	לִ/פְנֵ֖י	l/6440	HR/Ncbpc
Jer 24:1	הֵיכַ֣ל	1964	HNcmsc
Jer 24:1	יְהוָ֑ה	3068	HNp
Jer 24:1	אַחֲרֵ֣י	310 a	HR
Jer 24:1	הַגְל֣וֹת	1540	HVhc
Jer 24:1	נְבוּכַדְרֶאצַּ֣ר	5019	HNp
Jer 24:1	מֶֽלֶךְ	4428	HNcmsc
Jer 24:1	בָּבֶ֡ל	894	HNp
Jer 24:1	אֶת	853	HTo
Jer 24:1	יְכָנְיָ֣הוּ	3204	HNp
Jer 24:1	בֶן	1121 a	HNcmsc
Jer 24:1	יְהוֹיָקִ֣ים	3079	HNp
Jer 24:1	מֶֽלֶךְ	4428	HNcmsc
Jer 24:1	יְהוּדָה֩	3063	HNp
Jer 24:1	וְ/אֶת	c/853	HC/To
Jer 24:1	שָׂרֵ֨י	8269	HNcmpc
Jer 24:1	יְהוּדָ֜ה	3063	HNp
Jer 24:1	וְ/אֶת	c/853	HC/To
Jer 24:1	הֶ/חָרָ֤שׁ	d/2796	HTd/Ncmsa
Jer 24:1	וְ/אֶת	c/853	HC/To
Jer 24:1	הַ/מַּסְגֵּר֙	d/4525	HTd/Ncmsa
Jer 24:1	מִ/יר֣וּשָׁלִַ֔ם	m/3389	HR/Np
Jer 24:1	וַ/יְבִאֵ֖/ם	c/935	HC/Vhw3ms/Sp3mp
Jer 24:1	בָּבֶֽל	894	HNp
Jer 24:2	הַ/דּ֣וּד	d/1731	HTd/Ncmsa
Jer 24:2	אֶחָ֗ד	259	HAcmsa
Jer 24:2	תְּאֵנִים֙	8384	HNcfpa
Jer 24:2	טֹב֣וֹת	2896 a	HAafpa
Jer 24:2	מְאֹ֔ד	3966	HD
Jer 24:2	כִּ/תְאֵנֵ֖י	k/8384	HR/Ncfpc
Jer 24:2	הַ/בַּכֻּר֑וֹת	d/1073	HTd/Ncfpa
Jer 24:2	וְ/הַ/דּ֣וּד	c/d/1731	HC/Td/Ncmsa
Jer 24:2	אֶחָ֗ד	259	HAcmsa
Jer 24:2	תְּאֵנִים֙	8384	HNcfpa
Jer 24:2	רָע֣וֹת	7451 a	HAafpa
Jer 24:2	מְאֹ֔ד	3966	HD
Jer 24:2	אֲשֶׁ֥ר	834 a	HTr
Jer 24:2	לֹא	3808	HTn
Jer 24:2	תֵֽאָכַ֖לְנָה	398	HVNi3fp
Jer 24:2	מֵ/רֹֽעַ	m/7455	HR/Ncmsa
Jer 24:3	וַ/יֹּ֨אמֶר	c/559	HC/Vqw3ms
Jer 24:3	יְהוָ֜ה	3068	HNp
Jer 24:3	אֵלַ֗/י	413	HR/Sp1cs
Jer 24:3	מָֽה	4100	HTi
Jer 24:3	אַתָּ֤ה	859 a	HPp2ms
Jer 24:3	רֹאֶה֙	7200	HVqrmsa
Jer 24:3	יִרְמְיָ֔הוּ	3414	HNp
Jer 24:3	וָ/אֹמַ֖ר	c/559	HC/Vqw1cs
Jer 24:3	תְּאֵנִ֑ים	8384	HNcfpa
Jer 24:3	הַ/תְּאֵנִ֤ים	d/8384	HTd/Ncfpa
Jer 24:3	הַ/טֹּבוֹת֙	d/2896 a	HTd/Aafpa
Jer 24:3	טֹב֣וֹת	2896 a	HAafpa
Jer 24:3	מְאֹ֔ד	3966	HD
Jer 24:3	וְ/הָֽ/רָעוֹת֙	c/d/7451 a	HC/Td/Aafpa
Jer 24:3	רָע֣וֹת	7451 a	HAafpa
Jer 24:3	מְאֹ֔ד	3966	HD
Jer 24:3	אֲשֶׁ֥ר	834 a	HTr
Jer 24:3	לֹא	3808	HTn
Jer 24:3	תֵאָכַ֖לְנָה	398	HVNi3fp
Jer 24:3	מֵ/רֹֽעַ	m/7455	HR/Ncmsa
Jer 24:4	וַ/יְהִ֥י	c/1961	HC/Vqw3ms
Jer 24:4	דְבַר	1697	HNcmsc
Jer 24:4	יְהוָ֖ה	3068	HNp
Jer 24:4	אֵלַ֥/י	413	HR/Sp1cs
Jer 24:4	לֵ/אמֹֽר	l/559	HR/Vqc
Jer 24:5	כֹּֽה	3541	HD
Jer 24:5	אָמַ֤ר	559	HVqp3ms
Jer 24:5	יְהוָה֙	3068	HNp
Jer 24:5	אֱלֹהֵ֣י	430	HNcmpc
Jer 24:5	יִשְׂרָאֵ֔ל	3478	HNp
Jer 24:5	כַּ/תְּאֵנִ֥ים	k/8384	HRd/Ncfpa
Jer 24:5	הַ/טֹּב֖וֹת	d/2896 a	HTd/Aafpa
Jer 24:5	הָ/אֵ֑לֶּה	d/428	HTd/Pdxcp
Jer 24:5	כֵּֽן	3651 c	HTm
Jer 24:5	אַכִּ֞יר	5234 a	HVhi1cs
Jer 24:5	אֶת	853	HTo
Jer 24:5	גָּל֣וּת	1546	HNcfsc
Jer 24:5	יְהוּדָ֗ה	3063	HNp
Jer 24:5	אֲשֶׁ֨ר	834 a	HTr
Jer 24:5	שִׁלַּ֜חְתִּי	7971	HVpp1cs
Jer 24:5	מִן	4480 a	HR
Jer 24:5	הַ/מָּק֥וֹם	d/4725	HTd/Ncmsa
Jer 24:5	הַ/זֶּ֛ה	d/2088	HTd/Pdxms
Jer 24:5	אֶ֥רֶץ	776	HNcbsc
Jer 24:5	כַּשְׂדִּ֖ים	3778	HNp
Jer 24:5	לְ/טוֹבָֽה	l/2896 c	HR/Aafsa
Jer 24:6	וְ/שַׂמְתִּ֨י	c/7760 a	HC/Vqq1cs
Jer 24:6	עֵינִ֤/י	5869 a	HNcbsc/Sp1cs
Jer 24:6	עֲלֵי/הֶם֙	5921 a	HR/Sp3mp
Jer 24:6	לְ/טוֹבָ֔ה	l/2896 c	HR/Aafsa
Jer 24:6	וַ/הֲשִׁבֹתִ֖י/ם	c/7725	HC/Vhq1cs/Sp3mp
Jer 24:6	עַל	5921 a	HR
Jer 24:6	הָ/אָ֣רֶץ	d/776	HTd/Ncbsa
Jer 24:6	הַ/זֹּ֑את	d/2063	HTd/Pdxfs
Jer 24:6	וּ/בְנִיתִי/ם֙	c/1129	HC/Vqq1cs/Sp3mp
Jer 24:6	וְ/לֹ֣א	c/3808	HC/Tn
Jer 24:6	אֶהֱרֹ֔ס	2040	HVqi1cs
Jer 24:6	וּ/נְטַעְתִּ֖י/ם	c/5193	HC/Vqq1cs/Sp3mp
Jer 24:6	וְ/לֹ֥א	c/3808	HC/Tn
Jer 24:6	אֶתּֽוֹשׁ	5428	HVqi1cs
Jer 24:7	וְ/נָתַתִּי֩	c/5414	HC/Vqq1cs
Jer 24:7	לָ/הֶ֨ם	l	HR/Sp3mp
Jer 24:7	לֵ֜ב	3820 a	HNcmsa
Jer 24:7	לָ/דַ֣עַת	l/3045	HR/Vqc
Jer 24:7	אֹתִ֗/י	853	HTo/Sp1cs
Jer 24:7	כִּ֚י	3588 a	HC
Jer 24:7	אֲנִ֣י	589	HPp1cs
Jer 24:7	יְהוָ֔ה	3068	HNp
Jer 24:7	וְ/הָיוּ	c/1961	HC/Vqq3cp
Jer 24:7	לִ֣/י	l	HR/Sp1cs
Jer 24:7	לְ/עָ֔ם	l/5971 a	HR/Ncmsa
Jer 24:7	וְ/אָ֣נֹכִ֔י	c/595	HC/Pp1cs
Jer 24:7	אֶהְיֶ֥ה	1961	HVqi1cs
Jer 24:7	לָ/הֶ֖ם	l	HR/Sp3mp
Jer 24:7	לֵ/אלֹהִ֑ים	l/430	HR/Ncmpa
Jer 24:7	כִּֽי	3588 a	HC
Jer 24:7	יָשֻׁ֥בוּ	7725	HVqi3mp
Jer 24:7	אֵלַ֖/י	413	HR/Sp1cs
Jer 24:7	בְּ/כָל	b/3605	HR/Ncmsc
Jer 24:7	לִבָּֽ/ם	3820 a	HNcmsc/Sp3mp
Jer 24:8	וְ/כַ/תְּאֵנִים֙	c/k/8384	HC/Rd/Ncfpa
Jer 24:8	הָֽ/רָע֔וֹת	d/7451 a	HTd/Aafpa
Jer 24:8	אֲשֶׁ֥ר	834 a	HTr
Jer 24:8	לֹא	3808	HTn
Jer 24:8	תֵאָכַ֖לְנָה	398	HVNi3fp
Jer 24:8	מֵ/רֹ֑עַ	m/7455	HR/Ncmsa
Jer 24:8	כִּי	3588 a	HC
Jer 24:8	כֹ֣ה	3541	HD
Jer 24:8	אָמַ֣ר	559	HVqp3ms
Jer 24:8	יְהוָ֗ה	3068	HNp
Jer 24:8	כֵּ֣ן	3651 c	HTm
Jer 24:8	אֶ֠תֵּן	5414	HVqi1cs
Jer 24:8	אֶת	853	HTo
Jer 24:8	צִדְקִיָּ֨הוּ	6667	HNp
Jer 24:8	מֶֽלֶךְ	4428	HNcmsc
Jer 24:8	יְהוּדָ֤ה	3063	HNp
Jer 24:8	וְ/אֶת	c/853	HC/To
Jer 24:8	שָׂרָי/ו֙	8269	HNcmpc/Sp3ms
Jer 24:8	וְ/אֵ֣ת	c/853	HC/To
Jer 24:8	שְׁאֵרִ֣ית	7611	HNcfsc
Jer 24:8	יְרוּשָׁלִַ֗ם	3389	HNp
Jer 24:8	הַ/נִּשְׁאָרִים֙	d/7604	HTd/VNrmpa
Jer 24:8	בָּ/אָ֣רֶץ	b/776	HRd/Ncbsa
Jer 24:8	הַ/זֹּ֔את	d/2063	HTd/Pdxfs
Jer 24:8	וְ/הַ/יֹּשְׁבִ֖ים	c/d/3427	HC/Td/Vqrmpa
Jer 24:8	בְּ/אֶ֥רֶץ	b/776	HR/Ncbsc
Jer 24:8	מִצְרָֽיִם	4714	HNp
Jer 24:9	וּ/נְתַתִּי/ם֙	c/5414	HC/Vqq1cs/Sp3mp
Jer 24:9	ל/זועה	l/2113	HR/Ncfsa
Jer 24:9	לְ/רָעָ֔ה	l/7451 c	HR/Ncfsa
Jer 24:9	לְ/כֹ֖ל	l/3605	HR/Ncmsc
Jer 24:9	מַמְלְכ֣וֹת	4467	HNcfpc
Jer 24:9	הָ/אָ֑רֶץ	d/776	HTd/Ncbsa
Jer 24:9	לְ/חֶרְפָּ֤ה	l/2781	HR/Ncfsa
Jer 24:9	וּ/לְ/מָשָׁל֙	c/l/4912	HC/R/Ncmsa
Jer 24:9	לִ/שְׁנִינָ֣ה	l/8148	HR/Ncfsa
Jer 24:9	וְ/לִ/קְלָלָ֔ה	c/l/7045	HC/R/Ncfsa
Jer 24:9	בְּ/כָל	b/3605	HR/Ncmsc
Jer 24:9	הַ/מְּקֹמ֖וֹת	d/4725	HTd/Ncmpa
Jer 24:9	אֲשֶֽׁר	834 a	HTr
Jer 24:9	אַדִּיחֵ֥/ם	5080	HVhi1cs/Sp3mp
Jer 24:9	שָֽׁם	8033	HD
Jer 24:10	וְ/שִׁלַּ֣חְתִּי	c/7971	HC/Vpq1cs
Jer 24:10	בָ֔/ם	b	HR/Sp3mp
Jer 24:10	אֶת	853	HTo
Jer 24:10	הַ/חֶ֖רֶב	d/2719	HTd/Ncfsa
Jer 24:10	אֶת	853	HTo
Jer 24:10	הָ/רָעָ֣ב	d/7458	HTd/Ncmsa
Jer 24:10	וְ/אֶת	c/853	HC/To
Jer 24:10	הַ/דָּ֑בֶר	d/1698	HTd/Ncmsa
Jer 24:10	עַד	5704	HR
Jer 24:10	תֻּמָּ/ם֙	8552	HVqc/Sp3mp
Jer 24:10	מֵ/עַ֣ל	m/5921 a	HR/R
Jer 24:10	הָ/אֲדָמָ֔ה	d/127	HTd/Ncfsa
Jer 24:10	אֲשֶׁר	834 a	HTr
Jer 24:10	נָתַ֥תִּי	5414	HVqp1cs
Jer 24:10	לָ/הֶ֖ם	l	HR/Sp3mp
Jer 24:10	וְ/לַ/אֲבוֹתֵי/הֶֽם	c/l/1	HC/R/Ncmpc/Sp3mp
Jer 25:1	הַ/דָּבָ֞ר	d/1697	HTd/Ncmsa
Jer 25:1	אֲשֶׁר	834 a	HTr
Jer 25:1	הָיָ֤ה	1961	HVqp3ms
Jer 25:1	עַֽל	5921 a	HR
Jer 25:1	יִרְמְיָ֨הוּ֙	3414	HNp
Jer 25:1	עַל	5921 a	HR
Jer 25:1	כָּל	3605	HNcmsc
Jer 25:1	עַ֣ם	5971 a	HNcmsc
Jer 25:1	יְהוּדָ֔ה	3063	HNp
Jer 25:1	בַּ/שָּׁנָה֙	b/8141	HRd/Ncfsa
Jer 25:1	הָֽ/רְבִעִ֔ית	d/7243	HTd/Aofsa
Jer 25:1	לִ/יהוֹיָקִ֥ים	l/3079	HR/Np
Jer 25:1	בֶּן	1121 a	HNcmsc
Jer 25:1	יֹאשִׁיָּ֖הוּ	2977	HNp
Jer 25:1	מֶ֣לֶךְ	4428	HNcmsc
Jer 25:1	יְהוּדָ֑ה	3063	HNp
Jer 25:1	הִ֗יא	1931	HPp3fs
Jer 25:1	הַ/שָּׁנָה֙	d/8141	HTd/Ncfsa
Jer 25:1	הָ/רִ֣אשֹׁנִ֔ית	d/7224	HTd/Aafsa
Jer 25:1	לִ/נְבֽוּכַדְרֶאצַּ֖ר	l/5019	HR/Np
Jer 25:1	מֶ֥לֶךְ	4428	HNcmsc
Jer 25:1	בָּבֶֽל	894	HNp
Jer 25:2	אֲשֶׁ֨ר	834 a	HTr
Jer 25:2	דִּבֶּ֜ר	1696	HVpp3ms
Jer 25:2	יִרְמְיָ֤הוּ	3414	HNp
Jer 25:2	הַ/נָּבִיא֙	d/5030	HTd/Ncmsa
Jer 25:2	עַל	5921 a	HR
Jer 25:2	כָּל	3605	HNcmsc
Jer 25:2	עַ֣ם	5971 a	HNcmsc
Jer 25:2	יְהוּדָ֔ה	3063	HNp
Jer 25:2	וְ/אֶ֛ל	c/413	HC/R
Jer 25:2	כָּל	3605	HNcmsc
Jer 25:2	יֹשְׁבֵ֥י	3427	HVqrmpc
Jer 25:2	יְרוּשָׁלִַ֖ם	3389	HNp
Jer 25:2	לֵ/אמֹֽר	l/559	HR/Vqc
Jer 25:3	מִן	4480 a	HR
Jer 25:3	שְׁלֹ֣שׁ	7969	HAcfsa
Jer 25:3	עֶשְׂרֵ֣ה	6240	HAcfsa
Jer 25:3	שָׁנָ֡ה	8141	HNcfsa
Jer 25:3	לְ/יֹאשִׁיָּ֣הוּ	l/2977	HR/Np
Jer 25:3	בֶן	1121 a	HNcmsc
Jer 25:3	אָמוֹן֩	526	HNp
Jer 25:3	מֶ֨לֶךְ	4428	HNcmsc
Jer 25:3	יְהוּדָ֜ה	3063	HNp
Jer 25:3	וְ/עַ֣ד	c/5704	HC/R
Jer 25:3	הַ/יּ֣וֹם	d/3117	HTd/Ncmsa
Jer 25:3	הַ/זֶּ֗ה	d/2088	HTd/Pdxms
Jer 25:3	זֶ֚ה	2088	HPdxms
Jer 25:3	שָׁלֹ֤שׁ	7969	HAcfsa
Jer 25:3	וְ/עֶשְׂרִים֙	c/6242	HC/Acbpa
Jer 25:3	שָׁנָ֔ה	8141	HNcfsa
Jer 25:3	הָיָ֥ה	1961	HVqp3ms
Jer 25:3	דְבַר	1697	HNcmsc
Jer 25:3	יְהוָ֖ה	3068	HNp
Jer 25:3	אֵלָ֑/י	413	HR/Sp1cs
Jer 25:3	וָ/אֲדַבֵּ֧ר	c/1696	HC/Vpw1cs
Jer 25:3	אֲלֵי/כֶ֛ם	413	HR/Sp2mp
Jer 25:3	אַשְׁכֵּ֥ים	7925	HVha
Jer 25:3	וְ/דַבֵּ֖ר	c/1696	HC/Vpa
Jer 25:3	וְ/לֹ֥א	c/3808	HC/Tn
Jer 25:3	שְׁמַעְתֶּֽם	8085	HVqp2mp
Jer 25:4	וְ/שָׁלַח֩	c/7971	HC/Vqp3ms
Jer 25:4	יְהוָ֨ה	3068	HNp
Jer 25:4	אֲלֵי/כֶ֜ם	413	HR/Sp2mp
Jer 25:4	אֶֽת	853	HTo
Jer 25:4	כָּל	3605	HNcmsc
Jer 25:4	עֲבָדָ֧י/ו	5650	HNcmpc/Sp3ms
Jer 25:4	הַ/נְּבִאִ֛ים	d/5030	HTd/Ncmpa
Jer 25:4	הַשְׁכֵּ֥ם	7925	HVha
Jer 25:4	וְ/שָׁלֹ֖חַ	c/7971	HC/Vqa
Jer 25:4	וְ/לֹ֣א	c/3808	HC/Tn
Jer 25:4	שְׁמַעְתֶּ֑ם	8085	HVqp2mp
Jer 25:4	וְ/לֹֽא	c/3808	HC/Tn
Jer 25:4	הִטִּיתֶ֥ם	5186	HVhp2mp
Jer 25:4	אֶֽת	853	HTo
Jer 25:4	אָזְנְ/כֶ֖ם	241	HNcfsc/Sp2mp
Jer 25:4	לִ/שְׁמֹֽעַ	l/8085	HR/Vqc
Jer 25:5	לֵ/אמֹ֗ר	l/559	HR/Vqc
Jer 25:5	שֽׁוּבוּ	7725	HVqv2mp
Jer 25:5	נָ֞א	4994	HTe
Jer 25:5	אִ֣ישׁ	376	HNcmsa
Jer 25:5	מִ/דַּרְכּ֤/וֹ	m/1870	HR/Ncbsc/Sp3ms
Jer 25:5	הָֽ/רָעָה֙	d/7451 a	HTd/Aafsa
Jer 25:5	וּ/מֵ/רֹ֣עַ	c/m/7455	HC/R/Ncmsc
Jer 25:5	מַעַלְלֵי/כֶ֔ם	4611	HNcmpc/Sp2mp
Jer 25:5	וּ/שְׁבוּ֙	c/3427	HC/Vqv2mp
Jer 25:5	עַל	5921 a	HR
Jer 25:5	הָ֣/אֲדָמָ֔ה	d/127	HTd/Ncfsa
Jer 25:5	אֲשֶׁ֨ר	834 a	HTr
Jer 25:5	נָתַ֧ן	5414	HVqp3ms
Jer 25:5	יְהוָ֛ה	3068	HNp
Jer 25:5	לָ/כֶ֖ם	l	HR/Sp2mp
Jer 25:5	וְ/לַ/אֲבֽוֹתֵי/כֶ֑ם	c/l/1	HC/R/Ncmpc/Sp2mp
Jer 25:5	לְ/מִן	l/4480 a	HR/R
Jer 25:5	עוֹלָ֖ם	5769	HNcmsa
Jer 25:5	וְ/עַד	c/5704	HC/R
Jer 25:5	עוֹלָֽם	5769	HNcmsa
Jer 25:6	וְ/אַל	c/408	HC/Tn
Jer 25:6	תֵּלְכ֗וּ	3212	HVqj2mp
Jer 25:6	אַֽחֲרֵי֙	310 a	HR
Jer 25:6	אֱלֹהִ֣ים	430	HNcmpa
Jer 25:6	אֲחֵרִ֔ים	312	HAampa
Jer 25:6	לְ/עָבְדָ֖/ם	l/5647	HR/Vqc/Sp3mp
Jer 25:6	וּ/לְ/הִשְׁתַּחֲוֺ֣ת	c/l/7812	HC/R/Vvc
Jer 25:6	לָ/הֶ֑ם	l	HR/Sp3mp
Jer 25:6	וְ/לֹֽא	c/3808	HC/Tn
Jer 25:6	תַכְעִ֤יסוּ	3707	HVhi2mp
Jer 25:6	אוֹתִ/י֙	853	HTo/Sp1cs
Jer 25:6	בְּ/מַעֲשֵׂ֣ה	b/4639	HR/Ncmsc
Jer 25:6	יְדֵי/כֶ֔ם	3027	HNcbdc/Sp2mp
Jer 25:6	וְ/לֹ֥א	c/3808	HC/Tn
Jer 25:6	אָרַ֖ע	7489 a	HVhi1cs
Jer 25:6	לָ/כֶֽם	l	HR/Sp2mp
Jer 25:7	וְ/לֹֽא	c/3808	HC/Tn
Jer 25:7	שְׁמַעְתֶּ֥ם	8085	HVqp2mp
Jer 25:7	אֵלַ֖/י	413	HR/Sp1cs
Jer 25:7	נְאֻם	5002	HNcmsc
Jer 25:7	יְהוָ֑ה	3068	HNp
Jer 25:7	לְמַ֧עַן	4616	HR
Jer 25:7	הכעסו/ני	3707	HVhp3cp/Sp1cs
Jer 25:7	בְּ/מַעֲשֵׂ֥ה	b/4639	HR/Ncmsc
Jer 25:7	יְדֵי/כֶ֖ם	3027	HNcbdc/Sp2mp
Jer 25:7	לְ/רַ֥ע	l/7451 b	HR/Aamsa
Jer 25:7	לָ/כֶֽם	l	HR/Sp2mp
Jer 25:8	לָ/כֵ֕ן	l/3651 c	HR/D
Jer 25:8	כֹּ֥ה	3541	HD
Jer 25:8	אָמַ֖ר	559	HVqp3ms
Jer 25:8	יְהוָ֣ה	3068	HNp
Jer 25:8	צְבָא֑וֹת	6635 b	HNcbpa
Jer 25:8	יַ֕עַן	3282	HC
Jer 25:8	אֲשֶׁ֥ר	834 a	HTr
Jer 25:8	לֹֽא	3808	HTn
Jer 25:8	שְׁמַעְתֶּ֖ם	8085	HVqp2mp
Jer 25:8	אֶת	853	HTo
Jer 25:8	דְּבָרָֽ/י	1697	HNcmpc/Sp1cs
Jer 25:9	הִנְ/נִ֣י	2005	HTm/Sp1cs
Jer 25:9	שֹׁלֵ֡חַ	7971	HVqrmsa
Jer 25:9	וְ/לָקַחְתִּי֩	c/3947	HC/Vqq1cs
Jer 25:9	אֶת	853	HTo
Jer 25:9	כָּל	3605	HNcmsc
Jer 25:9	מִשְׁפְּח֨וֹת	4940	HNcfpc
Jer 25:9	צָפ֜וֹן	6828	HNcfsa
Jer 25:9	נְאֻם	5002	HNcmsc
Jer 25:9	יְהוָ֗ה	3068	HNp
Jer 25:9	וְ/אֶל	c/413	HC/R
Jer 25:9	נְבֽוּכַדְרֶאצַּ֣ר	5019	HNp
Jer 25:9	מֶֽלֶךְ	4428	HNcmsc
Jer 25:9	בָּבֶל֮	894	HNp
Jer 25:9	עַבְדִּ/י֒	5650	HNcmsc/Sp1cs
Jer 25:9	וַ/הֲבִ֨אֹתִ֜י/ם	c/935	HC/Vhq1cs/Sp3mp
Jer 25:9	עַל	5921 a	HR
Jer 25:9	הָ/אָ֤רֶץ	d/776	HTd/Ncbsa
Jer 25:9	הַ/זֹּאת֙	d/2063	HTd/Pdxfs
Jer 25:9	וְ/עַל	c/5921 a	HC/R
Jer 25:9	יֹ֣שְׁבֶ֔י/הָ	3427	HVqrmpc/Sp3fs
Jer 25:9	וְ/עַ֛ל	c/5921 a	HC/R
Jer 25:9	כָּל	3605	HNcmsc
Jer 25:9	הַ/גּוֹיִ֥ם	d/1471 a	HTd/Ncmpa
Jer 25:9	הָ/אֵ֖לֶּה	d/428	HTd/Pdxcp
Jer 25:9	סָבִ֑יב	5439	HNcbsa
Jer 25:9	וְ/הַ֣חֲרַמְתִּ֔י/ם	c/2763 a	HC/Vhq1cs/Sp3mp
Jer 25:9	וְ/שַׂמְתִּי/ם֙	c/7760 a	HC/Vqq1cs/Sp3mp
Jer 25:9	לְ/שַׁמָּ֣ה	l/8047	HR/Ncfsa
Jer 25:9	וְ/לִ/שְׁרֵקָ֔ה	c/l/8322	HC/R/Ncfsa
Jer 25:9	וּ/לְ/חָרְב֖וֹת	c/l/2723	HC/R/Ncfpc
Jer 25:9	עוֹלָֽם	5769	HNcmsa
Jer 25:10	וְ/הַאֲבַדְתִּ֣י	c/6	HC/Vhq1cs
Jer 25:10	מֵ/הֶ֗ם	m	HR/Sp3mp
Jer 25:10	ק֤וֹל	6963 a	HNcmsc
Jer 25:10	שָׂשׂוֹן֙	8342	HNcmsa
Jer 25:10	וְ/ק֣וֹל	c/6963 a	HC/Ncmsc
Jer 25:10	שִׂמְחָ֔ה	8057	HNcfsa
Jer 25:10	ק֥וֹל	6963 a	HNcmsc
Jer 25:10	חָתָ֖ן	2860	HNcmsa
Jer 25:10	וְ/ק֣וֹל	c/6963 a	HC/Ncmsc
Jer 25:10	כַּלָּ֑ה	3618	HNcfsa
Jer 25:10	ק֥וֹל	6963 a	HNcmsc
Jer 25:10	רֵחַ֖יִם	7347	HNcmda
Jer 25:10	וְ/א֥וֹר	c/216	HC/Ncbsc
Jer 25:10	נֵֽר	5216 a	HNcmsa
Jer 25:11	וְ/הָֽיְתָה֙	c/1961	HC/Vqq3fs
Jer 25:11	כָּל	3605	HNcmsc
Jer 25:11	הָ/אָ֣רֶץ	d/776	HTd/Ncbsa
Jer 25:11	הַ/זֹּ֔את	d/2063	HTd/Pdxfs
Jer 25:11	לְ/חָרְבָּ֖ה	l/2723	HR/Ncfsa
Jer 25:11	לְ/שַׁמָּ֑ה	l/8047	HR/Ncfsa
Jer 25:11	וְ/עָ֨בְד֜וּ	c/5647	HC/Vqq3cp
Jer 25:11	הַ/גּוֹיִ֥ם	d/1471 a	HTd/Ncmpa
Jer 25:11	הָ/אֵ֛לֶּה	d/428	HTd/Pdxcp
Jer 25:11	אֶת	853	HTo
Jer 25:11	מֶ֥לֶךְ	4428	HNcmsc
Jer 25:11	בָּבֶ֖ל	894	HNp
Jer 25:11	שִׁבְעִ֥ים	7657	HAcbpa
Jer 25:11	שָׁנָֽה	8141	HNcfsa
Jer 25:12	וְ/הָיָ֣ה	c/1961	HC/Vqq3ms
Jer 25:12	כִ/מְלֹ֣אות	k/4390	HR/Vqc
Jer 25:12	שִׁבְעִ֣ים	7657	HAcbpa
Jer 25:12	שָׁנָ֡ה	8141	HNcfsa
Jer 25:12	אֶפְקֹ֣ד	6485 a	HVqi1cs
Jer 25:12	עַל	5921 a	HR
Jer 25:12	מֶֽלֶךְ	4428	HNcmsc
Jer 25:12	בָּבֶל֩	894	HNp
Jer 25:12	וְ/עַל	c/5921 a	HC/R
Jer 25:12	הַ/גּ֨וֹי	d/1471 a	HTd/Ncmsa
Jer 25:12	הַ/ה֧וּא	d/1931	HTd/Pp3ms
Jer 25:12	נְאֻם	5002	HNcmsc
Jer 25:12	יְהוָ֛ה	3068	HNp
Jer 25:12	אֶת	853	HTo
Jer 25:12	עֲוֺנָ֖/ם	5771	HNcbsc/Sp3mp
Jer 25:12	וְ/עַל	c/5921 a	HC/R
Jer 25:12	אֶ֣רֶץ	776	HNcbsc
Jer 25:12	כַּשְׂדִּ֑ים	3778	HNp
Jer 25:12	וְ/שַׂמְתִּ֥י	c/7760 a	HC/Vqq1cs
Jer 25:12	אֹת֖/וֹ	853	HTo/Sp3ms
Jer 25:12	לְ/שִֽׁמְמ֥וֹת	l/8077 a	HR/Ncfpc
Jer 25:12	עוֹלָֽם	5769	HNcmsa
Jer 25:13	ו/הבאיתי	c/935	HC/Vhq1cs
Jer 25:13	עַל	5921 a	HR
Jer 25:13	הָ/אָ֣רֶץ	d/776	HTd/Ncbsa
Jer 25:13	הַ/הִ֔יא	d/1931	HTd/Pp3fs
Jer 25:13	אֶת	853	HTo
Jer 25:13	כָּל	3605	HNcmsc
Jer 25:13	דְּבָרַ֖/י	1697	HNcmpc/Sp1cs
Jer 25:13	אֲשֶׁר	834 a	HTr
Jer 25:13	דִּבַּ֣רְתִּי	1696	HVpp1cs
Jer 25:13	עָלֶ֑י/הָ	5921 a	HR/Sp3fs
Jer 25:13	אֵ֤ת	853	HTo
Jer 25:13	כָּל	3605	HNcmsc
Jer 25:13	הַ/כָּתוּב֙	d/3789	HTd/Vqsmsa
Jer 25:13	בַּ/סֵּ֣פֶר	b/5612 a	HRd/Ncmsa
Jer 25:13	הַ/זֶּ֔ה	d/2088	HTd/Pdxms
Jer 25:13	אֲשֶׁר	834 a	HTr
Jer 25:13	נִבָּ֥א	5012	HVNp3ms
Jer 25:13	יִרְמְיָ֖הוּ	3414	HNp
Jer 25:13	עַל	5921 a	HR
Jer 25:13	כָּל	3605	HNcmsc
Jer 25:13	הַ/גּוֹיִֽם	d/1471 a	HTd/Ncmpa
Jer 25:14	כִּ֣י	3588 a	HC
Jer 25:14	עָֽבְדוּ	5647	HVqp3cp
Jer 25:14	בָ֤/ם	b	HR/Sp3mp
Jer 25:14	גַּם	1571	HTa
Jer 25:14	הֵ֨מָּה֙	1992	HPp3mp
Jer 25:14	גּוֹיִ֣ם	1471 a	HNcmpa
Jer 25:14	רַבִּ֔ים	7227 a	HAampa
Jer 25:14	וּ/מְלָכִ֖ים	c/4428	HC/Ncmpa
Jer 25:14	גְּדוֹלִ֑ים	1419 a	HAampa
Jer 25:14	וְ/שִׁלַּמְתִּ֥י	c/7999 a	HC/Vpq1cs
Jer 25:14	לָ/הֶ֛ם	l	HR/Sp3mp
Jer 25:14	כְּ/פָעֳלָ֖/ם	k/6467	HR/Ncmsc/Sp3mp
Jer 25:14	וּ/כְ/מַעֲשֵׂ֥ה	c/k/4639	HC/R/Ncmsc
Jer 25:14	יְדֵי/הֶֽם	3027	HNcbdc/Sp3mp
Jer 25:15	כִּ֣י	3588 a	HC
Jer 25:15	כֹה֩	3541	HD
Jer 25:15	אָמַ֨ר	559	HVqp3ms
Jer 25:15	יְהוָ֜ה	3068	HNp
Jer 25:15	אֱלֹהֵ֤י	430	HNcmpc
Jer 25:15	יִשְׂרָאֵל֙	3478	HNp
Jer 25:15	אֵלַ֔/י	413	HR/Sp1cs
Jer 25:15	קַ֠ח	3947	HVqv2ms
Jer 25:15	אֶת	853	HTo
Jer 25:15	כּ֨וֹס	3563 a	HNcfsc
Jer 25:15	הַ/יַּ֧יִן	d/3196	HTd/Ncmsa
Jer 25:15	הַ/חֵמָ֛ה	d/2534	HTd/Ncfsa
Jer 25:15	הַ/זֹּ֖את	d/2063	HTd/Pdxfs
Jer 25:15	מִ/יָּדִ֑/י	m/3027	HR/Ncbsc/Sp1cs
Jer 25:15	וְ/הִשְׁקִיתָ֤ה	c/8248	HC/Vhq2ms
Jer 25:15	אֹת/וֹ֙	853	HTo/Sp3ms
Jer 25:15	אֶת	853	HTo
Jer 25:15	כָּל	3605	HNcmsc
Jer 25:15	הַ/גּוֹיִ֔ם	d/1471 a	HTd/Ncmpa
Jer 25:15	אֲשֶׁ֧ר	834 a	HTr
Jer 25:15	אָנֹכִ֛י	595	HPp1cs
Jer 25:15	שֹׁלֵ֥חַ	7971	HVqrmsa
Jer 25:15	אוֹתְ/ךָ֖	853	HTo/Sp2ms
Jer 25:15	אֲלֵי/הֶֽם	413	HR/Sp3mp
Jer 25:16	וְ/שָׁת֕וּ	c/8354	HC/Vqq3cp
Jer 25:16	וְ/הִֽתְגֹּֽעֲשׁ֖וּ	c/1607	HC/Vrq3cp
Jer 25:16	וְ/הִתְהֹלָ֑לוּ	c/1984 c	HC/Vrq3cp
Jer 25:16	מִ/פְּנֵ֣י	m/6440	HR/Ncbpc
Jer 25:16	הַ/חֶ֔רֶב	d/2719	HTd/Ncfsa
Jer 25:16	אֲשֶׁ֛ר	834 a	HTr
Jer 25:16	אָנֹכִ֥י	595	HPp1cs
Jer 25:16	שֹׁלֵ֖חַ	7971	HVqrmsa
Jer 25:16	בֵּינֹתָֽ/ם	996	HR/Sp3mp
Jer 25:17	וָ/אֶקַּ֥ח	c/3947	HC/Vqw1cs
Jer 25:17	אֶת	853	HTo
Jer 25:17	הַ/כּ֖וֹס	d/3563 a	HTd/Ncfsa
Jer 25:17	מִ/יַּ֣ד	m/3027	HR/Ncbsc
Jer 25:17	יְהוָ֑ה	3068	HNp
Jer 25:17	וָֽ/אַשְׁקֶה֙	c/8248	HC/Vhw1cs
Jer 25:17	אֶת	853	HTo
Jer 25:17	כָּל	3605	HNcmsc
Jer 25:17	הַ/גּוֹיִ֔ם	d/1471 a	HTd/Ncmpa
Jer 25:17	אֲשֶׁר	834 a	HTr
Jer 25:17	שְׁלָחַ֥/נִי	7971	HVqp3ms/Sp1cs
Jer 25:17	יְהוָ֖ה	3068	HNp
Jer 25:17	אֲלֵי/הֶֽם	413	HR/Sp3mp
Jer 25:18	אֶת	853	HTo
Jer 25:18	יְרוּשָׁלִַ֨ם֙	3389	HNp
Jer 25:18	וְ/אֶת	c/853	HC/To
Jer 25:18	עָרֵ֣י	5892 b	HNcfpc
Jer 25:18	יְהוּדָ֔ה	3063	HNp
Jer 25:18	וְ/אֶת	c/853	HC/To
Jer 25:18	מְלָכֶ֖י/הָ	4428	HNcmpc/Sp3fs
Jer 25:18	אֶת	853	HTo
Jer 25:18	שָׂרֶ֑י/הָ	8269	HNcmpc/Sp3fs
Jer 25:18	לָ/תֵ֨ת	l/5414	HR/Vqc
Jer 25:18	אֹתָ֜/ם	853	HTo/Sp3mp
Jer 25:18	לְ/חָרְבָּ֧ה	l/2723	HR/Ncfsa
Jer 25:18	לְ/שַׁמָּ֛ה	l/8047	HR/Ncfsa
Jer 25:18	לִ/שְׁרֵקָ֥ה	l/8322	HR/Ncfsa
Jer 25:18	וְ/לִ/קְלָלָ֖ה	c/l/7045	HC/R/Ncfsa
Jer 25:18	כַּ/יּ֥וֹם	k/3117	HRd/Ncmsa
Jer 25:18	הַ/זֶּֽה	d/2088	HTd/Pdxms
Jer 25:19	אֶת	853	HTo
Jer 25:19	פַּרְעֹ֧ה	6547	HNp
Jer 25:19	מֶֽלֶךְ	4428	HNcmsc
Jer 25:19	מִצְרַ֛יִם	4714	HNp
Jer 25:19	וְ/אֶת	c/853	HC/To
Jer 25:19	עֲבָדָ֥י/ו	5650	HNcmpc/Sp3ms
Jer 25:19	וְ/אֶת	c/853	HC/To
Jer 25:19	שָׂרָ֖י/ו	8269	HNcmpc/Sp3ms
Jer 25:19	וְ/אֶת	c/853	HC/To
Jer 25:19	כָּל	3605	HNcmsc
Jer 25:19	עַמּֽ/וֹ	5971 a	HNcmsc/Sp3ms
Jer 25:20	וְ/אֵת֙	c/853	HC/To
Jer 25:20	כָּל	3605	HNcmsc
Jer 25:20	הָ/עֶ֔רֶב	d/6154 a	HTd/Ncmsa
Jer 25:20	וְ/אֵ֕ת	c/853	HC/To
Jer 25:20	כָּל	3605	HNcmsc
Jer 25:20	מַלְכֵ֖י	4428	HNcmpc
Jer 25:20	אֶ֣רֶץ	776	HNcbsc
Jer 25:20	הָ/ע֑וּץ	d/5780	HTd/Np
Jer 25:20	וְ/אֵ֗ת	c/853	HC/To
Jer 25:20	כָּל	3605	HNcmsc
Jer 25:20	מַלְכֵי֙	4428	HNcmpc
Jer 25:20	אֶ֣רֶץ	776	HNcbsc
Jer 25:20	פְּלִשְׁתִּ֔ים	6430	HNgmpa
Jer 25:20	וְ/אֶת	c/853	HC/To
Jer 25:20	אַשְׁקְל֤וֹן	831	HNp
Jer 25:20	וְ/אֶת	c/853	HC/To
Jer 25:20	עַזָּה֙	5804	HNp
Jer 25:20	וְ/אֶת	c/853	HC/To
Jer 25:20	עֶקְר֔וֹן	6138	HNp
Jer 25:20	וְ/אֵ֖ת	c/853	HC/To
Jer 25:20	שְׁאֵרִ֥ית	7611	HNcfsc
Jer 25:20	אַשְׁדּֽוֹד	795	HNp
Jer 25:21	אֶת	853	HTo
Jer 25:21	אֱד֥וֹם	123	HNp
Jer 25:21	וְ/אֶת	c/853	HC/To
Jer 25:21	מוֹאָ֖ב	4124	HNp
Jer 25:21	וְ/אֶת	c/853	HC/To
Jer 25:21	בְּנֵ֥י	1121 a	HNcmpc
Jer 25:21	עַמּֽוֹן	5983	HNp
Jer 25:22	וְ/אֵת֙	c/853	HC/To
Jer 25:22	כָּל	3605	HNcmsc
Jer 25:22	מַלְכֵי	4428	HNcmpc
Jer 25:22	צֹ֔ר	6865	HNp
Jer 25:22	וְ/אֵ֖ת	c/853	HC/To
Jer 25:22	כָּל	3605	HNcmsc
Jer 25:22	מַלְכֵ֣י	4428	HNcmpc
Jer 25:22	צִיד֑וֹן	6721	HNp
Jer 25:22	וְ/אֵת֙	c/853	HC/To
Jer 25:22	מַלְכֵ֣י	4428	HNcmpc
Jer 25:22	הָ/אִ֔י	d/339	HTd/Ncmsa
Jer 25:22	אֲשֶׁ֖ר	834 a	HTr
Jer 25:22	בְּ/עֵ֥בֶר	b/5676	HR/Ncmsc
Jer 25:22	הַ/יָּֽם	d/3220	HTd/Ncmsa
Jer 25:23	וְ/אֶת	c/853	HC/To
Jer 25:23	דְּדָ֤ן	1719 a	HNp
Jer 25:23	וְ/אֶת	c/853	HC/To
Jer 25:23	תֵּימָא֙	8485	HNp
Jer 25:23	וְ/אֶת	c/853	HC/To
Jer 25:23	בּ֔וּז	938	HNp
Jer 25:23	וְ/אֵ֖ת	c/853	HC/To
Jer 25:23	כָּל	3605	HNcmsc
Jer 25:23	קְצוּצֵ֥י	7112	HVqsmpc
Jer 25:23	פֵאָֽה	6285	HNcfsa
Jer 25:24	וְ/אֵ֖ת	c/853	HC/To
Jer 25:24	כָּל	3605	HNcmsc
Jer 25:24	מַלְכֵ֣י	4428	HNcmpc
Jer 25:24	עֲרָ֑ב	6152 b	HNp
Jer 25:24	וְ/אֵת֙	c/853	HC/To
Jer 25:24	כָּל	3605	HNcmsc
Jer 25:24	מַלְכֵ֣י	4428	HNcmpc
Jer 25:24	הָ/עֶ֔רֶב	d/6154 a	HTd/Ncmsa
Jer 25:24	הַ/שֹּׁכְנִ֖ים	d/7931	HTd/Vqrmpa
Jer 25:24	בַּ/מִּדְבָּֽר	b/4057 b	HRd/Ncmsa
Jer 25:25	וְ/אֵ֣ת	c/853	HC/To
Jer 25:25	כָּל	3605	HNcmsc
Jer 25:25	מַלְכֵ֣י	4428	HNcmpc
Jer 25:25	זִמְרִ֗י	2174 b	HNp
Jer 25:25	וְ/אֵת֙	c/853	HC/To
Jer 25:25	כָּל	3605	HNcmsc
Jer 25:25	מַלְכֵ֣י	4428	HNcmpc
Jer 25:25	עֵילָ֔ם	5867 a	HNp
Jer 25:25	וְ/אֵ֖ת	c/853	HC/To
Jer 25:25	כָּל	3605	HNcmsc
Jer 25:25	מַלְכֵ֥י	4428	HNcmpc
Jer 25:25	מָדָֽי	4074	HNp
Jer 25:26	וְ/אֵ֣ת	c/853	HC/To
Jer 25:26	כָּל	3605	HNcmsc
Jer 25:26	מַלְכֵ֣י	4428	HNcmpc
Jer 25:26	הַ/צָּפ֗וֹן	d/6828	HTd/Ncfsa
Jer 25:26	הַ/קְּרֹבִ֤ים	d/7138	HTd/Aampa
Jer 25:26	וְ/הָֽ/רְחֹקִים֙	c/d/7350	HC/Td/Aampa
Jer 25:26	אִ֣ישׁ	376	HNcmsa
Jer 25:26	אֶל	413	HR
Jer 25:26	אָחִ֔י/ו	251	HNcmsc/Sp3ms
Jer 25:26	וְ/אֵת֙	c/853	HC/To
Jer 25:26	כָּל	3605	HNcmsc
Jer 25:26	הַ/מַּמְלְכ֣וֹת	d/4467	HTd/Ncfpc
Jer 25:26	הָ/אָ֔רֶץ	d/776	HTd/Ncbsa
Jer 25:26	אֲשֶׁ֖ר	834 a	HTr
Jer 25:26	עַל	5921 a	HR
Jer 25:26	פְּנֵ֣י	6440	HNcbpc
Jer 25:26	הָ/אֲדָמָ֑ה	d/127	HTd/Ncfsa
Jer 25:26	וּ/מֶ֥לֶךְ	c/4428	HC/Ncmsc
Jer 25:26	שֵׁשַׁ֖ךְ	8347	HNp
Jer 25:26	יִשְׁתֶּ֥ה	8354	HVqi3ms
Jer 25:26	אַחֲרֵי/הֶֽם	310 a	HR/Sp3mp
Jer 25:27	וְ/אָמַרְתָּ֣	c/559	HC/Vqq2ms
Jer 25:27	אֲלֵי/הֶ֡ם	413	HR/Sp3mp
Jer 25:27	כֹּֽה	3541	HD
Jer 25:27	אָמַר֩	559	HVqp3ms
Jer 25:27	יְהוָ֨ה	3068	HNp
Jer 25:27	צְבָא֜וֹת	6635 b	HNcbpa
Jer 25:27	אֱלֹהֵ֣י	430	HNcmpc
Jer 25:27	יִשְׂרָאֵ֗ל	3478	HNp
Jer 25:27	שְׁת֤וּ	8354	HVqv2mp
Jer 25:27	וְ/שִׁכְרוּ֙	c/7937	HC/Vqv2mp
Jer 25:27	וּ/קְי֔וּ	c/7006	HC/Vqv2mp
Jer 25:27	וְ/נִפְל֖וּ	c/5307	HC/Vqv2mp
Jer 25:27	וְ/לֹ֣א	c/3808	HC/Tn
Jer 25:27	תָק֑וּמוּ	6965 b	HVqi2mp
Jer 25:27	מִ/פְּנֵ֣י	m/6440	HR/Ncbpc
Jer 25:27	הַ/חֶ֔רֶב	d/2719	HTd/Ncfsa
Jer 25:27	אֲשֶׁ֛ר	834 a	HTr
Jer 25:27	אָנֹכִ֥י	595	HPp1cs
Jer 25:27	שֹׁלֵ֖חַ	7971	HVqrmsa
Jer 25:27	בֵּינֵי/כֶֽם	996	HR/Sp2ms
Jer 25:28	וְ/הָיָ֗ה	c/1961	HC/Vqq3ms
Jer 25:28	כִּ֧י	3588 a	HC
Jer 25:28	יְמָאֲנ֛וּ	3985	HVpi3mp
Jer 25:28	לָ/קַֽחַת	l/3947	HR/Vqc
Jer 25:28	הַ/כּ֥וֹס	d/3563 a	HTd/Ncfsa
Jer 25:28	מִ/יָּדְ/ךָ֖	m/3027	HR/Ncbsc/Sp2ms
Jer 25:28	לִ/שְׁתּ֑וֹת	l/8354	HR/Vqc
Jer 25:28	וְ/אָמַרְתָּ֣	c/559	HC/Vqq2ms
Jer 25:28	אֲלֵי/הֶ֗ם	413	HR/Sp3mp
Jer 25:28	כֹּ֥ה	3541	HD
Jer 25:28	אָמַ֛ר	559	HVqp3ms
Jer 25:28	יְהוָ֥ה	3068	HNp
Jer 25:28	צְבָא֖וֹת	6635 b	HNcbpa
Jer 25:28	שָׁת֥וֹ	8354	HVqa
Jer 25:28	תִשְׁתּֽוּ	8354	HVqi2mp
Jer 25:29	כִּי֩	3588 a	HC
Jer 25:29	הִנֵּ֨ה	2009	HTm
Jer 25:29	בָ/עִ֜יר	b/5892 b	HRd/Ncfsa
Jer 25:29	אֲשֶׁ֧ר	834 a	HTr
Jer 25:29	נִֽקְרָא	7121	HVNp3ms
Jer 25:29	שְׁמִ֣/י	8034	HNcmsc/Sp1cs
Jer 25:29	עָלֶ֗י/הָ	5921 a	HR/Sp3fs
Jer 25:29	אָֽנֹכִי֙	595	HPp1cs
Jer 25:29	מֵחֵ֣ל	2490 c	HVhrmsa
Jer 25:29	לְ/הָרַ֔ע	l/7489 a	HR/Vhc
Jer 25:29	וְ/אַתֶּ֖ם	c/859 d	HC/Pp2mp
Jer 25:29	הִנָּקֵ֣ה	5352	HVNa
Jer 25:29	תִנָּק֑וּ	5352	HVNi2mp
Jer 25:29	לֹ֣א	3808	HTn
Jer 25:29	תִנָּק֔וּ	5352	HVNi2mp
Jer 25:29	כִּ֣י	3588 a	HC
Jer 25:29	חֶ֗רֶב	2719	HNcfsa
Jer 25:29	אֲנִ֤י	589	HPp1cs
Jer 25:29	קֹרֵא֙	7121	HVqrmsa
Jer 25:29	עַל	5921 a	HR
Jer 25:29	כָּל	3605	HNcmsc
Jer 25:29	יֹשְׁבֵ֣י	3427	HVqrmpc
Jer 25:29	הָ/אָ֔רֶץ	d/776	HTd/Ncbsa
Jer 25:29	נְאֻ֖ם	5002	HNcmsc
Jer 25:29	יְהוָ֥ה	3068	HNp
Jer 25:29	צְבָאֽוֹת	6635 b	HNcbpa
Jer 25:30	וְ/אַתָּה֙	c/859 a	HC/Pp2ms
Jer 25:30	תִּנָּבֵ֣א	5012	HVNi2ms
Jer 25:30	אֲלֵי/הֶ֔ם	413	HR/Sp3mp
Jer 25:30	אֵ֥ת	853	HTo
Jer 25:30	כָּל	3605	HNcmsc
Jer 25:30	הַ/דְּבָרִ֖ים	d/1697	HTd/Ncmpa
Jer 25:30	הָ/אֵ֑לֶּה	d/428	HTd/Pdxcp
Jer 25:30	וְ/אָמַרְתָּ֣	c/559	HC/Vqq2ms
Jer 25:30	אֲלֵי/הֶ֗ם	413	HR/Sp3mp
Jer 25:30	יְהוָ֞ה	3068	HNp
Jer 25:30	מִ/מָּר֤וֹם	m/4791	HR/Ncmsa
Jer 25:30	יִשְׁאָג֙	7580	HVqi3ms
Jer 25:30	וּ/מִ/מְּע֤וֹן	c/m/4583	HC/R/Ncbsc
Jer 25:30	קָדְשׁ/וֹ֙	6944	HNcmsc/Sp3ms
Jer 25:30	יִתֵּ֣ן	5414	HVqi3ms
Jer 25:30	קוֹל֔/וֹ	6963 a	HNcmsc/Sp3ms
Jer 25:30	שָׁאֹ֤ג	7580	HVqa
Jer 25:30	יִשְׁאַג֙	7580	HVqi3ms
Jer 25:30	עַל	5921 a	HR
Jer 25:30	נָוֵ֔/הוּ	5116 a	HNcbsc/Sp3ms
Jer 25:30	הֵידָד֙	1959	HNcmsa
Jer 25:30	כְּ/דֹרְכִ֣ים	k/1869	HR/Vqrmpa
Jer 25:30	יַֽעֲנֶ֔ה	6030 c	HVqi3ms
Jer 25:30	אֶ֥ל	413	HR
Jer 25:30	כָּל	3605	HNcmsc
Jer 25:30	יֹשְׁבֵ֖י	3427	HVqrmpc
Jer 25:30	הָ/אָֽרֶץ	d/776	HTd/Ncbsa
Jer 25:31	בָּ֤א	935	HVqp3ms
Jer 25:31	שָׁאוֹן֙	7588	HNcmsa
Jer 25:31	עַד	5704	HR
Jer 25:31	קְצֵ֣ה	7097 a	HNcbsc
Jer 25:31	הָ/אָ֔רֶץ	d/776	HTd/Ncbsa
Jer 25:31	כִּ֣י	3588 a	HC
Jer 25:31	רִ֤יב	7379	HNcbsa
Jer 25:31	לַֽ/יהוָה֙	l/3068	HR/Np
Jer 25:31	בַּ/גּוֹיִ֔ם	b/1471 a	HRd/Ncmpa
Jer 25:31	נִשְׁפָּ֥ט	8199	HVNrmsa
Jer 25:31	ה֖וּא	1931	HPp3ms
Jer 25:31	לְ/כָל	l/3605	HR/Ncmsc
Jer 25:31	בָּשָׂ֑ר	1320	HNcmsa
Jer 25:31	הָ/רְשָׁעִ֛ים	d/7563	HTd/Aampa
Jer 25:31	נְתָנָ֥/ם	5414	HVqp3ms/Sp3mp
Jer 25:31	לַ/חֶ֖רֶב	l/2719	HRd/Ncfsa
Jer 25:31	נְאֻם	5002	HNcmsc
Jer 25:31	יְהוָֽה	3068	HNp
Jer 25:32	כֹּ֤ה	3541	HD
Jer 25:32	אָמַר֙	559	HVqp3ms
Jer 25:32	יְהוָ֣ה	3068	HNp
Jer 25:32	צְבָא֔וֹת	6635 b	HNcbpa
Jer 25:32	הִנֵּ֥ה	2009	HTm
Jer 25:32	רָעָ֛ה	7451 c	HNcfsa
Jer 25:32	יֹצֵ֖את	3318	HVqrfsa
Jer 25:32	מִ/גּ֣וֹי	m/1471 a	HR/Ncmsa
Jer 25:32	אֶל	413	HR
Jer 25:32	גּ֑וֹי	1471 a	HNcmsa
Jer 25:32	וְ/סַ֣עַר	c/5591 a	HC/Ncmsa
Jer 25:32	גָּד֔וֹל	1419 a	HAamsa
Jer 25:32	יֵע֖וֹר	5782	HVNi3ms
Jer 25:32	מִ/יַּרְכְּתֵי	m/3411	HR/Ncfdc
Jer 25:32	אָֽרֶץ	776	HNcbsa
Jer 25:33	וְ/הָי֞וּ	c/1961	HC/Vqq3cp
Jer 25:33	חַֽלְלֵ֤י	2491 a	HAampc
Jer 25:33	יְהוָה֙	3068	HNp
Jer 25:33	בַּ/יּ֣וֹם	b/3117	HRd/Ncmsa
Jer 25:33	הַ/ה֔וּא	d/1931	HTd/Pp3ms
Jer 25:33	מִ/קְצֵ֥ה	m/7097 a	HR/Ncbsc
Jer 25:33	הָ/אָ֖רֶץ	d/776	HTd/Ncbsa
Jer 25:33	וְ/עַד	c/5704	HC/R
Jer 25:33	קְצֵ֣ה	7097 a	HNcbsc
Jer 25:33	הָ/אָ֑רֶץ	d/776	HTd/Ncbsa
Jer 25:33	לֹ֣א	3808	HTn
Jer 25:33	יִסָּפְד֗וּ	5594	HVNi3mp
Jer 25:33	וְ/לֹ֤א	c/3808	HC/Tn
Jer 25:33	יֵאָֽסְפוּ֙	622	HVNi3mp
Jer 25:33	וְ/לֹ֣א	c/3808	HC/Tn
Jer 25:33	יִקָּבֵ֔רוּ	6912	HVNi3mp
Jer 25:33	לְ/דֹ֛מֶן	l/1828	HR/Ncmsa
Jer 25:33	עַל	5921 a	HR
Jer 25:33	פְּנֵ֥י	6440	HNcbpc
Jer 25:33	הָ/אֲדָמָ֖ה	d/127	HTd/Ncfsa
Jer 25:33	יִֽהְיֽוּ	1961	HVqi3mp
Jer 25:34	הֵילִ֨ילוּ	3213	HVhv2mp
Jer 25:34	הָ/רֹעִ֜ים	d/7462 b	HTd/Vqrmpa
Jer 25:34	וְ/זַעֲק֗וּ	c/2199	HC/Vqv2mp
Jer 25:34	וְ/הִֽתְפַּלְּשׁוּ֙	c/6428	HC/Vtv2mp
Jer 25:34	אַדִּירֵ֣י	117	HAampc
Jer 25:34	הַ/צֹּ֔אן	d/6629	HTd/Ncbsa
Jer 25:34	כִּֽי	3588 a	HC
Jer 25:34	מָלְא֥וּ	4390	HVqp3cp
Jer 25:34	יְמֵי/כֶ֖ם	3117	HNcmpc/Sp2mp
Jer 25:34	לִ/טְב֑וֹחַ	l/2873	HR/Vqc
Jer 25:34	וּ/תְפוֹצ֣וֹתִי/כֶ֔ם	c/8600	HC/Ncfpc/Sp2mp
Jer 25:34	וּ/נְפַלְתֶּ֖ם	c/5307	HC/Vqq2mp
Jer 25:34	כִּ/כְלִ֥י	k/3627	HR/Ncmsc
Jer 25:34	חֶמְדָּֽה	2532 a	HNcfsa
Jer 25:35	וְ/אָבַ֥ד	c/6	HC/Vqq3ms
Jer 25:35	מָנ֖וֹס	4498	HNcmsa
Jer 25:35	מִן	4480 a	HR
Jer 25:35	הָֽ/רֹעִ֑ים	d/7462 b	HTd/Vqrmpa
Jer 25:35	וּ/פְלֵיטָ֖ה	c/6413	HC/Ncfsa
Jer 25:35	מֵ/אַדִּירֵ֥י	m/117	HR/Aampc
Jer 25:35	הַ/צֹּֽאן	d/6629	HTd/Ncbsa
Jer 25:36	ק֚וֹל	6963 a	HNcmsc
Jer 25:36	צַעֲקַ֣ת	6818	HNcfsc
Jer 25:36	הָֽ/רֹעִ֔ים	d/7462 b	HTd/Vqrmpa
Jer 25:36	וִֽ/ילְלַ֖ת	c/3215	HC/Ncfsc
Jer 25:36	אַדִּירֵ֣י	117	HAampc
Jer 25:36	הַ/צֹּ֑אן	d/6629	HTd/Ncbsa
Jer 25:36	כִּֽי	3588 a	HC
Jer 25:36	שֹׁדֵ֥ד	7703	HVqrmsa
Jer 25:36	יְהוָ֖ה	3068	HNp
Jer 25:36	אֶת	853	HTo
Jer 25:36	מַרְעִיתָֽ/ם	4830	HNcfsc/Sp3mp
Jer 25:37	וְ/נָדַ֖מּוּ	c/1826 a	HC/VNq3cp
Jer 25:37	נְא֣וֹת	4999	HNcfpc
Jer 25:37	הַ/שָּׁל֑וֹם	d/7965	HTd/Ncmsa
Jer 25:37	מִ/פְּנֵ֖י	m/6440	HR/Ncbpc
Jer 25:37	חֲר֥וֹן	2740	HNcmsc
Jer 25:37	אַף	639	HTa
Jer 25:37	יְהוָֽה	3068	HNp
Jer 25:38	עָזַ֥ב	5800 a	HVqp3ms
Jer 25:38	כַּ/כְּפִ֖יר	k/3715 a	HRd/Ncmsa
Jer 25:38	סֻכּ֑/וֹ	5520	HNcmsc/Sp3ms
Jer 25:38	כִּֽי	3588 a	HC
Jer 25:38	הָיְתָ֤ה	1961	HVqp3fs
Jer 25:38	אַרְצָ/ם֙	776	HNcbsc/Sp3mp
Jer 25:38	לְ/שַׁמָּ֔ה	l/8047	HR/Ncfsa
Jer 25:38	מִ/פְּנֵי֙	m/6440	HR/Ncbpc
Jer 25:38	חֲר֣וֹן	2740	HNcmsc
Jer 25:38	הַ/יּוֹנָ֔ה	d/3238	HTd/Vqrfsa
Jer 25:38	וּ/מִ/פְּנֵ֖י	c/m/6440	HC/R/Ncbpc
Jer 25:38	חֲר֥וֹן	2740	HNcmsc
Jer 25:38	אַפּֽ/וֹ	639	HNcmsc/Sp3ms
Jer 26:1	בְּ/רֵאשִׁ֗ית	b/7225	HR/Ncfsc
Jer 26:1	מַמְלְכ֛וּת	4468	HNcfsc
Jer 26:1	יְהוֹיָקִ֥ים	3079	HNp
Jer 26:1	בֶּן	1121 a	HNcmsc
Jer 26:1	יֹאשִׁיָּ֖הוּ	2977	HNp
Jer 26:1	מֶ֣לֶךְ	4428	HNcmsc
Jer 26:1	יְהוּדָ֑ה	3063	HNp
Jer 26:1	הָיָה֙	1961	HVqp3ms
Jer 26:1	הַ/דָּבָ֣ר	d/1697	HTd/Ncmsa
Jer 26:1	הַ/זֶּ֔ה	d/2088	HTd/Pdxms
Jer 26:1	מֵ/אֵ֥ת	m/854	HR/R
Jer 26:1	יְהוָ֖ה	3068	HNp
Jer 26:1	לֵ/אמֹֽר	l/559	HR/Vqc
Jer 26:2	כֹּ֣ה	3541	HD
Jer 26:2	אָמַ֣ר	559	HVqp3ms
Jer 26:2	יְהוָ֗ה	3068	HNp
Jer 26:2	עֲמֹד֮	5975	HVqv2ms
Jer 26:2	בַּ/חֲצַ֣ר	b/2691 a	HR/Ncbsc
Jer 26:2	בֵּית	1004 b	HNcmsc
Jer 26:2	יְהוָה֒	3068	HNp
Jer 26:2	וְ/דִבַּרְתָּ֞	c/1696	HC/Vpq2ms
Jer 26:2	עַל	5921 a	HR
Jer 26:2	כָּל	3605	HNcmsc
Jer 26:2	עָרֵ֣י	5892 b	HNcfpc
Jer 26:2	יְהוּדָ֗ה	3063	HNp
Jer 26:2	הַ/בָּאִים֙	d/935	HTd/Vqrmpa
Jer 26:2	לְ/הִשְׁתַּחֲוֺ֣ת	l/7812	HR/Vtc
Jer 26:2	בֵּית	1004 b	HNcmsc
Jer 26:2	יְהוָ֔ה	3068	HNp
Jer 26:2	אֵ֚ת	853	HTo
Jer 26:2	כָּל	3605	HNcmsc
Jer 26:2	הַ/דְּבָרִ֔ים	d/1697	HTd/Ncmpa
Jer 26:2	אֲשֶׁ֥ר	834 a	HTr
Jer 26:2	צִוִּיתִ֖י/ךָ	6680	HVpp1cs/Sp2ms
Jer 26:2	לְ/דַבֵּ֣ר	l/1696	HR/Vpc
Jer 26:2	אֲלֵי/הֶ֑ם	413	HR/Sp3mp
Jer 26:2	אַל	408	HTn
Jer 26:2	תִּגְרַ֖ע	1639	HVqj2ms
Jer 26:2	דָּבָֽר	1697	HNcmsa
Jer 26:3	אוּלַ֣י	194	HD
Jer 26:3	יִשְׁמְע֔וּ	8085	HVqi3mp
Jer 26:3	וְ/יָשֻׁ֕בוּ	c/7725	HC/Vqi3mp
Jer 26:3	אִ֖ישׁ	376	HNcmsa
Jer 26:3	מִ/דַּרְכּ֣/וֹ	m/1870	HR/Ncbsc/Sp3ms
Jer 26:3	הָ/רָעָ֑ה	d/7451 a	HTd/Aafsa
Jer 26:3	וְ/נִחַמְתִּ֣י	c/5162	HC/VNq1cs
Jer 26:3	אֶל	413	HR
Jer 26:3	הָ/רָעָ֗ה	d/7451 c	HTd/Ncfsa
Jer 26:3	אֲשֶׁ֨ר	834 a	HTr
Jer 26:3	אָנֹכִ֤י	595	HPp1cs
Jer 26:3	חֹשֵׁב֙	2803	HVqrmsa
Jer 26:3	לַ/עֲשׂ֣וֹת	l/6213 a	HR/Vqc
Jer 26:3	לָ/הֶ֔ם	l	HR/Sp3mp
Jer 26:3	מִ/פְּנֵ֖י	m/6440	HR/Ncbpc
Jer 26:3	רֹ֥עַ	7455	HNcmsc
Jer 26:3	מַעַלְלֵי/הֶֽם	4611	HNcmpc/Sp3mp
Jer 26:4	וְ/אָמַרְתָּ֣	c/559	HC/Vqq2ms
Jer 26:4	אֲלֵי/הֶ֔ם	413	HR/Sp3mp
Jer 26:4	כֹּ֖ה	3541	HD
Jer 26:4	אָמַ֣ר	559	HVqp3ms
Jer 26:4	יְהוָ֑ה	3068	HNp
Jer 26:4	אִם	518 a	HC
Jer 26:4	לֹ֤א	3808	HTn
Jer 26:4	תִשְׁמְעוּ֙	8085	HVqi2mp
Jer 26:4	אֵלַ֔/י	413	HR/Sp1cs
Jer 26:4	לָ/לֶ֨כֶת֙	l/3212	HR/Vqc
Jer 26:4	בְּ/ת֣וֹרָתִ֔/י	b/8451	HR/Ncfsc/Sp1cs
Jer 26:4	אֲשֶׁ֥ר	834 a	HTr
Jer 26:4	נָתַ֖תִּי	5414	HVqp1cs
Jer 26:4	לִ/פְנֵי/כֶֽם	l/6440	HR/Ncbpc/Sp2mp
Jer 26:5	לִ/שְׁמֹ֗עַ	l/8085	HR/Vqc
Jer 26:5	עַל	5921 a	HR
Jer 26:5	דִּבְרֵ֨י	1697	HNcmpc
Jer 26:5	עֲבָדַ֣/י	5650	HNcmpc/Sp1cs
Jer 26:5	הַ/נְּבִאִ֔ים	d/5030	HTd/Ncmpa
Jer 26:5	אֲשֶׁ֥ר	834 a	HTr
Jer 26:5	אָנֹכִ֖י	595	HPp1cs
Jer 26:5	שֹׁלֵ֣חַ	7971	HVqrmsa
Jer 26:5	אֲלֵי/כֶ֑ם	413	HR/Sp2mp
Jer 26:5	וְ/הַשְׁכֵּ֥ם	c/7925	HC/Vha
Jer 26:5	וְ/שָׁלֹ֖חַ	c/7971	HC/Vqa
Jer 26:5	וְ/לֹ֥א	c/3808	HC/Tn
Jer 26:5	שְׁמַעְתֶּֽם	8085	HVqp2mp
Jer 26:6	וְ/נָתַתִּ֛י	c/5414	HC/Vqq1cs
Jer 26:6	אֶת	853	HTo
Jer 26:6	הַ/בַּ֥יִת	d/1004 b	HTd/Ncmsa
Jer 26:6	הַ/זֶּ֖ה	d/2088	HTd/Pdxms
Jer 26:6	כְּ/שִׁלֹ֑ה	k/7887	HR/Np
Jer 26:6	וְ/אֶת	c/853	HC/To
Jer 26:6	הָ/עִ֤יר	d/5892 b	HTd/Ncfsa
Jer 26:6	ה/זאתה	d/2063	HTd/Pdxfs
Jer 26:6	אֶתֵּ֣ן	5414	HVqi1cs
Jer 26:6	לִ/קְלָלָ֔ה	l/7045	HR/Ncfsa
Jer 26:6	לְ/כֹ֖ל	l/3605	HR/Ncmsc
Jer 26:6	גּוֹיֵ֥י	1471 a	HNcmpc
Jer 26:6	הָ/אָֽרֶץ	d/776	HTd/Ncbsa
Jer 26:7	וַֽ/יִּשְׁמְע֛וּ	c/8085	HC/Vqw3mp
Jer 26:7	הַ/כֹּהֲנִ֥ים	d/3548	HTd/Ncmpa
Jer 26:7	וְ/הַ/נְּבִאִ֖ים	c/d/5030	HC/Td/Ncmpa
Jer 26:7	וְ/כָל	c/3605	HC/Ncmsc
Jer 26:7	הָ/עָ֑ם	d/5971 a	HTd/Ncmsa
Jer 26:7	אֶֽת	853	HTo
Jer 26:7	יִרְמְיָ֔הוּ	3414	HNp
Jer 26:7	מְדַבֵּ֛ר	1696	HVprmsa
Jer 26:7	אֶת	853	HTo
Jer 26:7	הַ/דְּבָרִ֥ים	d/1697	HTd/Ncmpa
Jer 26:7	הָ/אֵ֖לֶּה	d/428	HTd/Pdxcp
Jer 26:7	בְּ/בֵ֥ית	b/1004 b	HR/Ncmsc
Jer 26:7	יְהוָֽה	3068	HNp
Jer 26:8	וַ/יְהִ֣י	c/1961	HC/Vqw3ms
Jer 26:8	כְּ/כַלּ֣וֹת	k/3615	HR/Vpc
Jer 26:8	יִרְמְיָ֗הוּ	3414	HNp
Jer 26:8	לְ/דַבֵּר֙	l/1696	HR/Vpc
Jer 26:8	אֵ֣ת	853	HTo
Jer 26:8	כָּל	3605	HNcmsc
Jer 26:8	אֲשֶׁר	834 a	HTr
Jer 26:8	צִוָּ֣ה	6680	HVpp3ms
Jer 26:8	יְהוָ֔ה	3068	HNp
Jer 26:8	לְ/דַבֵּ֖ר	l/1696	HR/Vpc
Jer 26:8	אֶל	413	HR
Jer 26:8	כָּל	3605	HNcmsc
Jer 26:8	הָ/עָ֑ם	d/5971 a	HTd/Ncmsa
Jer 26:8	וַ/יִּתְפְּשׂ֨וּ	c/8610	HC/Vqw3mp
Jer 26:8	אֹת֜/וֹ	853	HTo/Sp3ms
Jer 26:8	הַ/כֹּהֲנִ֧ים	d/3548	HTd/Ncmpa
Jer 26:8	וְ/הַ/נְּבִאִ֛ים	c/d/5030	HC/Td/Ncmpa
Jer 26:8	וְ/כָל	c/3605	HC/Ncmsc
Jer 26:8	הָ/עָ֥ם	d/5971 a	HTd/Ncmsa
Jer 26:8	לֵ/אמֹ֖ר	l/559	HR/Vqc
Jer 26:8	מ֥וֹת	4191	HVqa
Jer 26:8	תָּמֽוּת	4191	HVqi2ms
Jer 26:9	מַדּוּעַ֩	4069	HTi
Jer 26:9	נִבֵּ֨יתָ	5012	HVNp2ms
Jer 26:9	בְ/שֵׁם	b/8034	HR/Ncmsc
Jer 26:9	יְהוָ֜ה	3068	HNp
Jer 26:9	לֵ/אמֹ֗ר	l/559	HR/Vqc
Jer 26:9	כְּ/שִׁלוֹ֙	k/7887	HR/Np
Jer 26:9	יִֽהְיֶה֙	1961	HVqi3ms
Jer 26:9	הַ/בַּ֣יִת	d/1004 b	HTd/Ncmsa
Jer 26:9	הַ/זֶּ֔ה	d/2088	HTd/Pdxms
Jer 26:9	וְ/הָ/עִ֥יר	c/d/5892 b	HC/Td/Ncfsa
Jer 26:9	הַ/זֹּ֛את	d/2063	HTd/Pdxfs
Jer 26:9	תֶּחֱרַ֖ב	2717 b	HVqi3fs
Jer 26:9	מֵ/אֵ֣ין	m/369	HR/Tn
Jer 26:9	יוֹשֵׁ֑ב	3427	HVqrmsa
Jer 26:9	וַ/יִּקָּהֵ֧ל	c/6950	HC/VNw3ms
Jer 26:9	כָּל	3605	HNcmsc
Jer 26:9	הָ/עָ֛ם	d/5971 a	HTd/Ncmsa
Jer 26:9	אֶֽל	413	HR
Jer 26:9	יִרְמְיָ֖הוּ	3414	HNp
Jer 26:9	בְּ/בֵ֥ית	b/1004 b	HR/Ncmsc
Jer 26:9	יְהוָֽה	3068	HNp
Jer 26:10	וַֽ/יִּשְׁמְע֣וּ	c/8085	HC/Vqw3mp
Jer 26:10	שָׂרֵ֣י	8269	HNcmpc
Jer 26:10	יְהוּדָ֗ה	3063	HNp
Jer 26:10	אֵ֚ת	853	HTo
Jer 26:10	הַ/דְּבָרִ֣ים	d/1697	HTd/Ncmpa
Jer 26:10	הָ/אֵ֔לֶּה	d/428	HTd/Pdxcp
Jer 26:10	וַ/יַּעֲל֥וּ	c/5927	HC/Vqw3mp
Jer 26:10	מִ/בֵּית	m/1004 b	HR/Ncmsc
Jer 26:10	הַ/מֶּ֖לֶךְ	d/4428	HTd/Ncmsa
Jer 26:10	בֵּ֣ית	1004 b	HNcmsc
Jer 26:10	יְהוָ֑ה	3068	HNp
Jer 26:10	וַ/יֵּֽשְׁב֛וּ	c/3427	HC/Vqw3mp
Jer 26:10	בְּ/פֶ֥תַח	b/6607	HR/Ncmsc
Jer 26:10	שַֽׁעַר	8179	HNcmsc
Jer 26:10	יְהוָ֖ה	3068	HNp
Jer 26:10	הֶ/חָדָֽשׁ	d/2319	HTd/Aamsa
Jer 26:11	וַ/יֹּ֨אמְר֜וּ	c/559	HC/Vqw3mp
Jer 26:11	הַ/כֹּהֲנִ֤ים	d/3548	HTd/Ncmpa
Jer 26:11	וְ/הַ/נְּבִאִים֙	c/d/5030	HC/Td/Ncmpa
Jer 26:11	אֶל	413	HR
Jer 26:11	הַ/שָּׂרִ֔ים	d/8269	HTd/Ncmpa
Jer 26:11	וְ/אֶל	c/413	HC/R
Jer 26:11	כָּל	3605	HNcmsc
Jer 26:11	הָ/עָ֖ם	d/5971 a	HTd/Ncmsa
Jer 26:11	לֵ/אמֹ֑ר	l/559	HR/Vqc
Jer 26:11	מִשְׁפַּט	4941	HNcmsc
Jer 26:11	מָ֨וֶת֙	4194	HNcmsa
Jer 26:11	לָ/אִ֣ישׁ	l/376	HRd/Ncmsa
Jer 26:11	הַ/זֶּ֔ה	d/2088	HTd/Pdxms
Jer 26:11	כִּ֤י	3588 a	HC
Jer 26:11	נִבָּא֙	5012	HVNp3ms
Jer 26:11	אֶל	413	HR
Jer 26:11	הָ/עִ֣יר	d/5892 b	HTd/Ncfsa
Jer 26:11	הַ/זֹּ֔את	d/2063	HTd/Pdxfs
Jer 26:11	כַּ/אֲשֶׁ֥ר	k/834 d	HR/Tr
Jer 26:11	שְׁמַעְתֶּ֖ם	8085	HVqp2mp
Jer 26:11	בְּ/אָזְנֵי/כֶֽם	b/241	HR/Ncfdc/Sp2mp
Jer 26:12	וַ/יֹּ֤אמֶר	c/559	HC/Vqw3ms
Jer 26:12	יִרְמְיָ֨הוּ֙	3414	HNp
Jer 26:12	אֶל	413	HR
Jer 26:12	כָּל	3605	HNcmsc
Jer 26:12	הַ/שָּׂרִ֔ים	d/8269	HTd/Ncmpa
Jer 26:12	וְ/אֶל	c/413	HC/R
Jer 26:12	כָּל	3605	HNcmsc
Jer 26:12	הָ/עָ֖ם	d/5971 a	HTd/Ncmsa
Jer 26:12	לֵ/אמֹ֑ר	l/559	HR/Vqc
Jer 26:12	יְהוָ֣ה	3068	HNp
Jer 26:12	שְׁלָחַ֗/נִי	7971	HVqp3ms/Sp1cs
Jer 26:12	לְ/הִנָּבֵ֞א	l/5012	HR/VNc
Jer 26:12	אֶל	413	HR
Jer 26:12	הַ/בַּ֤יִת	d/1004 b	HTd/Ncmsa
Jer 26:12	הַ/זֶּה֙	d/2088	HTd/Pdxms
Jer 26:12	וְ/אֶל	c/413	HC/R
Jer 26:12	הָ/עִ֣יר	d/5892 b	HTd/Ncfsa
Jer 26:12	הַ/זֹּ֔את	d/2063	HTd/Pdxfs
Jer 26:12	אֵ֥ת	853	HTo
Jer 26:12	כָּל	3605	HNcmsc
Jer 26:12	הַ/דְּבָרִ֖ים	d/1697	HTd/Ncmpa
Jer 26:12	אֲשֶׁ֥ר	834 a	HTr
Jer 26:12	שְׁמַעְתֶּֽם	8085	HVqp2mp
Jer 26:13	וְ/עַתָּ֗ה	c/6258	HC/D
Jer 26:13	הֵיטִ֤יבוּ	3190	HVhv2mp
Jer 26:13	דַרְכֵי/כֶם֙	1870	HNcbpc/Sp2mp
Jer 26:13	וּ/מַ֣עַלְלֵי/כֶ֔ם	c/4611	HC/Ncmpc/Sp2mp
Jer 26:13	וְ/שִׁמְע֕וּ	c/8085	HC/Vqv2mp
Jer 26:13	בְּ/ק֖וֹל	b/6963 a	HR/Ncmsc
Jer 26:13	יְהוָ֣ה	3068	HNp
Jer 26:13	אֱלֹהֵי/כֶ֑ם	430	HNcmpc/Sp2mp
Jer 26:13	וְ/יִנָּחֵ֣ם	c/5162	HC/VNi3ms
Jer 26:13	יְהוָ֔ה	3068	HNp
Jer 26:13	אֶל	413	HR
Jer 26:13	הָ֣/רָעָ֔ה	d/7451 c	HTd/Ncfsa
Jer 26:13	אֲשֶׁ֥ר	834 a	HTr
Jer 26:13	דִּבֶּ֖ר	1696	HVpp3ms
Jer 26:13	עֲלֵי/כֶֽם	5921 a	HR/Sp2mp
Jer 26:14	וַ/אֲנִ֖י	c/589	HC/Pp1cs
Jer 26:14	הִנְ/נִ֣י	2005	HTm/Sp1cs
Jer 26:14	בְ/יֶדְ/כֶ֑ם	b/3027	HR/Ncbsc/Sp2mp
Jer 26:14	עֲשׂוּ	6213 a	HVqv2mp
Jer 26:14	לִ֛/י	l	HR/Sp1cs
Jer 26:14	כַּ/טּ֥וֹב	k/2896 a	HRd/Aamsa
Jer 26:14	וְ/כַ/יָּשָׁ֖ר	c/k/3477	HC/Rd/Aamsa
Jer 26:14	בְּ/עֵינֵי/כֶֽם	b/5869 a	HR/Ncbdc/Sp2mp
Jer 26:15	אַ֣ךְ	389	HTa
Jer 26:15	יָדֹ֣עַ	3045	HVqa
Jer 26:15	תֵּדְע֗וּ	3045	HVqi2mp
Jer 26:15	כִּ֣י	3588 b	HC
Jer 26:15	אִם	518 b	HC
Jer 26:15	מְמִתִ֣ים	4191	HVhrmpa
Jer 26:15	אַתֶּם֮	859 d	HPp2mp
Jer 26:15	אֹתִ/י֒	853	HTo/Sp1cs
Jer 26:15	כִּי	3588 a	HC
Jer 26:15	דָ֣ם	1818	HNcmsa
Jer 26:15	נָקִ֗י	5355 a	HAamsa
Jer 26:15	אַתֶּם֙	859 d	HPp2mp
Jer 26:15	נֹתְנִ֣ים	5414	HVqrmpa
Jer 26:15	עֲלֵי/כֶ֔ם	5921 a	HR/Sp2mp
Jer 26:15	וְ/אֶל	c/413	HC/R
Jer 26:15	הָ/עִ֥יר	d/5892 b	HTd/Ncfsa
Jer 26:15	הַ/זֹּ֖את	d/2063	HTd/Pdxfs
Jer 26:15	וְ/אֶל	c/413	HC/R
Jer 26:15	יֹשְׁבֶ֑י/הָ	3427	HVqrmpc/Sp3fs
Jer 26:15	כִּ֣י	3588 a	HC
Jer 26:15	בֶ/אֱמֶ֗ת	b/571	HR/Ncfsa
Jer 26:15	שְׁלָחַ֤/נִי	7971	HVqp3ms/Sp1cs
Jer 26:15	יְהוָה֙	3068	HNp
Jer 26:15	עֲלֵי/כֶ֔ם	5921 a	HR/Sp2mp
Jer 26:15	לְ/דַבֵּר֙	l/1696	HR/Vpc
Jer 26:15	בְּ/אָזְנֵי/כֶ֔ם	b/241	HR/Ncfdc/Sp2mp
Jer 26:15	אֵ֥ת	853	HTo
Jer 26:15	כָּל	3605	HNcmsc
Jer 26:15	הַ/דְּבָרִ֖ים	d/1697	HTd/Ncmpa
Jer 26:15	הָ/אֵֽלֶּה	d/428	HTd/Pdxcp
Jer 26:16	וַ/יֹּאמְר֤וּ	c/559	HC/Vqw3mp
Jer 26:16	הַ/שָּׂרִים֙	d/8269	HTd/Ncmpa
Jer 26:16	וְ/כָל	c/3605	HC/Ncmsc
Jer 26:16	הָ/עָ֔ם	d/5971 a	HTd/Ncmsa
Jer 26:16	אֶל	413	HR
Jer 26:16	הַ/כֹּהֲנִ֖ים	d/3548	HTd/Ncmpa
Jer 26:16	וְ/אֶל	c/413	HC/R
Jer 26:16	הַ/נְּבִיאִ֑ים	d/5030	HTd/Ncmpa
Jer 26:16	אֵין	369	HTn
Jer 26:16	לָ/אִ֤ישׁ	l/376	HRd/Ncmsa
Jer 26:16	הַ/זֶּה֙	d/2088	HTd/Pdxms
Jer 26:16	מִשְׁפַּט	4941	HNcmsc
Jer 26:16	מָ֔וֶת	4194	HNcmsa
Jer 26:16	כִּ֗י	3588 a	HC
Jer 26:16	בְּ/שֵׁ֛ם	b/8034	HR/Ncmsc
Jer 26:16	יְהוָ֥ה	3068	HNp
Jer 26:16	אֱלֹהֵ֖י/נוּ	430	HNcmpc/Sp1cp
Jer 26:16	דִּבֶּ֥ר	1696	HVpp3ms
Jer 26:16	אֵלֵֽי/נוּ	413	HR/Sp1cp
Jer 26:17	וַ/יָּקֻ֣מוּ	c/6965 b	HC/Vqw3mp
Jer 26:17	אֲנָשִׁ֔ים	376	HNcmpa
Jer 26:17	מִ/זִּקְנֵ֖י	m/2205	HR/Aampc
Jer 26:17	הָ/אָ֑רֶץ	d/776	HTd/Ncbsa
Jer 26:17	וַ/יֹּ֣אמְר֔וּ	c/559	HC/Vqw3mp
Jer 26:17	אֶל	413	HR
Jer 26:17	כָּל	3605	HNcmsc
Jer 26:17	קְהַ֥ל	6951	HNcmsc
Jer 26:17	הָ/עָ֖ם	d/5971 a	HTd/Ncmsa
Jer 26:17	לֵ/אמֹֽר	l/559	HR/Vqc
Jer 26:18	מיכיה	4320	HNp
Jer 26:18	הַ/מּ֣וֹרַשְׁתִּ֔י	d/4183	HTd/Ngmsa
Jer 26:18	הָיָ֣ה	1961	HVqp3ms
Jer 26:18	נִבָּ֔א	5012	HVNrmsa
Jer 26:18	בִּ/ימֵ֖י	b/3117	HR/Ncmpc
Jer 26:18	חִזְקִיָּ֣הוּ	2396	HNp
Jer 26:18	מֶֽלֶךְ	4428	HNcmsc
Jer 26:18	יְהוּדָ֑ה	3063	HNp
Jer 26:18	וַ/יֹּ֣אמֶר	c/559	HC/Vqw3ms
Jer 26:18	אֶל	413	HR
Jer 26:18	כָּל	3605	HNcmsc
Jer 26:18	עַם֩	5971 a	HNcmsc
Jer 26:18	יְהוּדָ֨ה	3063	HNp
Jer 26:18	לֵ/אמֹ֜ר	l/559	HR/Vqc
Jer 26:18	כֹּֽה	3541	HD
Jer 26:18	אָמַ֣ר	559	HVqp3ms
Jer 26:18	יְהוָ֣ה	3068	HNp
Jer 26:18	צְבָא֗וֹת	6635 b	HNcbpa
Jer 26:18	צִיּ֞וֹן	6726	HNp
Jer 26:18	שָׂדֶ֤ה	7704 b	HNcmsa
Jer 26:18	תֵֽחָרֵשׁ֙	2790 a	HVNi3fs
Jer 26:18	וִ/ירוּשָׁלַ֨יִם֙	c/3389	HC/Np
Jer 26:18	עִיִּ֣ים	5856	HNcmpa
Jer 26:18	תִּֽהְיֶ֔ה	1961	HVqi3fs
Jer 26:18	וְ/הַ֥ר	c/2022	HC/Ncmsc
Jer 26:18	הַ/בַּ֖יִת	d/1004 b	HTd/Ncmsa
Jer 26:18	לְ/בָמ֥וֹת	l/1116	HR/Ncfpc
Jer 26:18	יָֽעַר	3293 a	HNcmsa
Jer 26:19	הֶ/הָמֵ֣ת	d/4191	HTi/Vha
Jer 26:19	הֱ֠מִתֻ/הוּ	4191	HVhp3cp/Sp3ms
Jer 26:19	חִזְקִיָּ֨הוּ	2396	HNp
Jer 26:19	מֶֽלֶךְ	4428	HNcmsc
Jer 26:19	יְהוּדָ֜ה	3063	HNp
Jer 26:19	וְ/כָל	c/3605	HC/Ncmsc
Jer 26:19	יְהוּדָ֗ה	3063	HNp
Jer 26:19	הֲ/לֹא֮	i/3808	HTi/Tn
Jer 26:19	יָרֵ֣א	3373	HAamsa
Jer 26:19	אֶת	853	HTo
Jer 26:19	יְהוָה֒	3068	HNp
Jer 26:19	וַ/יְחַל֙	c/2470 b	HC/Vpw3ms
Jer 26:19	אֶת	853	HTo
Jer 26:19	פְּנֵ֣י	6440	HNcbpc
Jer 26:19	יְהוָ֔ה	3068	HNp
Jer 26:19	וַ/יִּנָּ֣חֶם	c/5162	HC/VNw3ms
Jer 26:19	יְהוָ֔ה	3068	HNp
Jer 26:19	אֶל	413	HR
Jer 26:19	הָ/רָעָ֖ה	d/7451 c	HTd/Ncfsa
Jer 26:19	אֲשֶׁר	834 a	HTr
Jer 26:19	דִּבֶּ֣ר	1696	HVpp3ms
Jer 26:19	עֲלֵי/הֶ֑ם	5921 a	HR/Sp3mp
Jer 26:19	וַ/אֲנַ֗חְנוּ	c/587	HC/Pp1cp
Jer 26:19	עֹשִׂ֛ים	6213 a	HVqrmpa
Jer 26:19	רָעָ֥ה	7451 c	HNcfsa
Jer 26:19	גְדוֹלָ֖ה	1419 a	HAafsa
Jer 26:19	עַל	5921 a	HR
Jer 26:19	נַפְשׁוֹתֵֽי/נוּ	5315	HNcbpc/Sp1cp
Jer 26:20	וְ/גַם	c/1571	HC/Ta
Jer 26:20	אִ֗ישׁ	376	HNcmsa
Jer 26:20	הָיָ֤ה	1961	HVqp3ms
Jer 26:20	מִתְנַבֵּא֙	5012	HVtrmsa
Jer 26:20	בְּ/שֵׁ֣ם	b/8034	HR/Ncmsc
Jer 26:20	יְהוָ֔ה	3068	HNp
Jer 26:20	אֽוּרִיָּ֨הוּ֙	223 b	HNp
Jer 26:20	בֶּֽן	1121 a	HNcmsc
Jer 26:20	שְׁמַעְיָ֔הוּ	8098	HNp
Jer 26:20	מִ/קִּרְיַ֖ת	m/7157+	HR/Np
Jer 26:20	הַיְּעָרִ֑ים	7157	HNp
Jer 26:20	וַ/יִּנָּבֵ֞א	c/5012	HC/VNw3ms
Jer 26:20	עַל	5921 a	HR
Jer 26:20	הָ/עִ֤יר	d/5892 b	HTd/Ncfsa
Jer 26:20	הַ/זֹּאת֙	d/2063	HTd/Pdxfs
Jer 26:20	וְ/עַל	c/5921 a	HC/R
Jer 26:20	הָ/אָ֣רֶץ	d/776	HTd/Ncbsa
Jer 26:20	הַ/זֹּ֔את	d/2063	HTd/Pdxfs
Jer 26:20	כְּ/כֹ֖ל	k/3605	HR/Ncmsc
Jer 26:20	דִּבְרֵ֥י	1697	HNcmpc
Jer 26:20	יִרְמְיָֽהוּ	3414	HNp
Jer 26:21	וַ/יִּשְׁמַ֣ע	c/8085	HC/Vqw3ms
Jer 26:21	הַ/מֶּֽלֶךְ	d/4428	HTd/Ncmsa
Jer 26:21	יְ֠הוֹיָקִים	3079	HNp
Jer 26:21	וְ/כָל	c/3605	HC/Ncmsc
Jer 26:21	גִּבּוֹרָ֤י/ו	1368	HAampc/Sp3ms
Jer 26:21	וְ/כָל	c/3605	HC/Ncmsc
Jer 26:21	הַ/שָּׂרִים֙	d/8269	HTd/Ncmpa
Jer 26:21	אֶת	853	HTo
Jer 26:21	דְּבָרָ֔י/ו	1697	HNcmpc/Sp3ms
Jer 26:21	וַ/יְבַקֵּ֥שׁ	c/1245	HC/Vpw3ms
Jer 26:21	הַ/מֶּ֖לֶךְ	d/4428	HTd/Ncmsa
Jer 26:21	הֲמִית֑/וֹ	4191	HVhc/Sp3ms
Jer 26:21	וַ/יִּשְׁמַ֤ע	c/8085	HC/Vqw3ms
Jer 26:21	אוּרִיָּ֨הוּ֙	223 a	HNp
Jer 26:21	וַ/יִּרָ֔א	c/3372	HC/Vqw3ms
Jer 26:21	וַ/יִּבְרַ֖ח	c/1272	HC/Vqw3ms
Jer 26:21	וַ/יָּבֹ֥א	c/935	HC/Vqw3ms
Jer 26:21	מִצְרָֽיִם	4714	HNp
Jer 26:22	וַ/יִּשְׁלַ֞ח	c/7971	HC/Vqw3ms
Jer 26:22	הַ/מֶּ֧לֶךְ	d/4428	HTd/Ncmsa
Jer 26:22	יְהוֹיָקִ֛ים	3079	HNp
Jer 26:22	אֲנָשִׁ֖ים	376	HNcmpa
Jer 26:22	מִצְרָ֑יִם	4714	HNp
Jer 26:22	אֵ֣ת	853	HTo
Jer 26:22	אֶלְנָתָ֧ן	494	HNp
Jer 26:22	בֶּן	1121 a	HNcmsc
Jer 26:22	עַכְבּ֛וֹר	5907	HNp
Jer 26:22	וַ/אֲנָשִׁ֥ים	c/376	HC/Ncmpa
Jer 26:22	אִתּ֖/וֹ	854	HR/Sp3ms
Jer 26:22	אֶל	413	HR
Jer 26:22	מִצְרָֽיִם	4714	HNp
Jer 26:23	וַ/יּוֹצִ֨יאוּ	c/3318	HC/Vhw3mp
Jer 26:23	אֶת	853	HTo
Jer 26:23	אוּרִיָּ֜הוּ	223 a	HNp
Jer 26:23	מִ/מִּצְרַ֗יִם	m/4714	HR/Np
Jer 26:23	וַ/יְבִאֻ֨/הוּ֙	c/935	HC/Vhw3mp/Sp3ms
Jer 26:23	אֶל	413	HR
Jer 26:23	הַ/מֶּ֣לֶךְ	d/4428	HTd/Ncmsa
Jer 26:23	יְהוֹיָקִ֔ים	3079	HNp
Jer 26:23	וַ/יַּכֵּ֖/הוּ	c/5221	HC/Vhw3ms/Sp3ms
Jer 26:23	בֶּ/חָ֑רֶב	b/2719	HRd/Ncfsa
Jer 26:23	וַ/יַּשְׁלֵךְ֙	c/7993	HC/Vhw3ms
Jer 26:23	אֶת	853	HTo
Jer 26:23	נִבְלָת֔/וֹ	5038	HNcfsc/Sp3ms
Jer 26:23	אֶל	413	HR
Jer 26:23	קִבְרֵ֖י	6913	HNcmpc
Jer 26:23	בְּנֵ֥י	1121 a	HNcmpc
Jer 26:23	הָ/עָֽם	d/5971 a	HTd/Ncmsa
Jer 26:24	אַ֗ךְ	389	HTa
Jer 26:24	יַ֚ד	3027	HNcbsc
Jer 26:24	אֲחִיקָ֣ם	296	HNp
Jer 26:24	בֶּן	1121 a	HNcmsc
Jer 26:24	שָׁפָ֔ן	8227 b	HNp
Jer 26:24	הָיְתָ֖ה	1961	HVqp3fs
Jer 26:24	אֶֽת	854	HR
Jer 26:24	יִרְמְיָ֑הוּ	3414	HNp
Jer 26:24	לְ/בִלְתִּ֛י	l/1115	HR/C
Jer 26:24	תֵּת	5414	HVqc
Jer 26:24	אֹת֥/וֹ	853	HTo/Sp3ms
Jer 26:24	בְ/יַד	b/3027	HR/Ncbsc
Jer 26:24	הָ/עָ֖ם	d/5971 a	HTd/Ncmsa
Jer 26:24	לַ/הֲמִיתֽ/וֹ	l/4191	HR/Vhc/Sp3ms
Jer 27:1	בְּ/רֵאשִׁ֗ית	b/7225	HR/Ncfsc
Jer 27:1	מַמְלֶ֛כֶת	4467	HNcfsc
Jer 27:1	יְהוֹיָקִ֥ם	3079	HNp
Jer 27:1	בֶּן	1121 a	HNcmsc
Jer 27:1	יֹאושִׁיָּ֖הוּ	2977	HNp
Jer 27:1	מֶ֣לֶךְ	4428	HNcmsc
Jer 27:1	יְהוּדָ֑ה	3063	HNp
Jer 27:1	הָיָ֞ה	1961	HVqp3ms
Jer 27:1	הַ/דָּבָ֤ר	d/1697	HTd/Ncmsa
Jer 27:1	הַ/זֶּה֙	d/2088	HTd/Pdxms
Jer 27:1	אֶֽל	413	HR
Jer 27:1	יִרְמְיָ֔ה	3414	HNp
Jer 27:1	מֵ/אֵ֥ת	m/854	HR/R
Jer 27:1	יְהוָ֖ה	3068	HNp
Jer 27:1	לֵ/אמֹֽר	l/559	HR/Vqc
Jer 27:2	כֹּֽה	3541	HD
Jer 27:2	אָמַ֤ר	559	HVqp3ms
Jer 27:2	יְהוָה֙	3068	HNp
Jer 27:2	אֵלַ֔/י	413	HR/Sp1cs
Jer 27:2	עֲשֵׂ֣ה	6213 a	HVqv2ms
Jer 27:2	לְ/ךָ֔	l	HR/Sp2ms
Jer 27:2	מוֹסֵר֖וֹת	4147	HNcbpa
Jer 27:2	וּ/מֹט֑וֹת	c/4133	HC/Ncfpc
Jer 27:2	וּ/נְתַתָּ֖/ם	c/5414	HC/Vqq2ms/Sp3mp
Jer 27:2	עַל	5921 a	HR
Jer 27:2	צַוָּארֶֽ/ךָ	6677 a	HNcmsc/Sp2ms
Jer 27:3	וְ/שִׁלַּחְתָּ/ם֩	c/7971	HC/Vpq2ms/Sp3mp
Jer 27:3	אֶל	413	HR
Jer 27:3	מֶ֨לֶךְ	4428	HNcmsc
Jer 27:3	אֱד֜וֹם	123	HNp
Jer 27:3	וְ/אֶל	c/413	HC/R
Jer 27:3	מֶ֣לֶךְ	4428	HNcmsc
Jer 27:3	מוֹאָ֗ב	4124	HNp
Jer 27:3	וְ/אֶל	c/413	HC/R
Jer 27:3	מֶ֨לֶךְ֙	4428	HNcmsc
Jer 27:3	בְּנֵ֣י	1121 a	HNcmpc
Jer 27:3	עַמּ֔וֹן	5983	HNp
Jer 27:3	וְ/אֶל	c/413	HC/R
Jer 27:3	מֶ֥לֶךְ	4428	HNcmsc
Jer 27:3	צֹ֖ר	6865	HNp
Jer 27:3	וְ/אֶל	c/413	HC/R
Jer 27:3	מֶ֣לֶךְ	4428	HNcmsc
Jer 27:3	צִיד֑וֹן	6721	HNp
Jer 27:3	בְּ/יַ֤ד	b/3027	HR/Ncbsc
Jer 27:3	מַלְאָכִים֙	4397	HNcmpa
Jer 27:3	הַ/בָּאִ֣ים	d/935	HTd/Vqrmpa
Jer 27:3	יְרוּשָׁלִַ֔ם	3389	HNp
Jer 27:3	אֶל	413	HR
Jer 27:3	צִדְקִיָּ֖הוּ	6667	HNp
Jer 27:3	מֶ֥לֶךְ	4428	HNcmsc
Jer 27:3	יְהוּדָֽה	3063	HNp
Jer 27:4	וְ/צִוִּיתָ֣	c/6680	HC/Vpq2ms
Jer 27:4	אֹתָ֔/ם	853	HTo/Sp3mp
Jer 27:4	אֶל	413	HR
Jer 27:4	אֲדֹֽנֵי/הֶ֖ם	113	HNcmpc/Sp3mp
Jer 27:4	לֵ/אמֹ֑ר	l/559	HR/Vqc
Jer 27:4	כֹּֽה	3541	HD
Jer 27:4	אָמַ֞ר	559	HVqp3ms
Jer 27:4	יְהוָ֤ה	3068	HNp
Jer 27:4	צְבָאוֹת֙	6635 b	HNcbpa
Jer 27:4	אֱלֹהֵ֣י	430	HNcmpc
Jer 27:4	יִשְׂרָאֵ֔ל	3478	HNp
Jer 27:4	כֹּ֥ה	3541	HD
Jer 27:4	תֹֽאמְר֖וּ	559	HVqi2mp
Jer 27:4	אֶל	413	HR
Jer 27:4	אֲדֹֽנֵי/כֶֽם	113	HNcmpc/Sp2mp
Jer 27:5	אָנֹכִ֞י	595	HPp1cs
Jer 27:5	עָשִׂ֣יתִי	6213 a	HVqp1cs
Jer 27:5	אֶת	853	HTo
Jer 27:5	הָ/אָ֗רֶץ	d/776	HTd/Ncbsa
Jer 27:5	אֶת	853	HTo
Jer 27:5	הָ/אָדָ֤ם	d/120	HTd/Ncmsa
Jer 27:5	וְ/אֶת	c/853	HC/To
Jer 27:5	הַ/בְּהֵמָה֙	d/929	HTd/Ncfsa
Jer 27:5	אֲשֶׁר֙	834 a	HTr
Jer 27:5	עַל	5921 a	HR
Jer 27:5	פְּנֵ֣י	6440	HNcbpc
Jer 27:5	הָ/אָ֔רֶץ	d/776	HTd/Ncbsa
Jer 27:5	בְּ/כֹחִ/י֙	b/3581 b	HR/Ncmsc/Sp1cs
Jer 27:5	הַ/גָּד֔וֹל	d/1419 a	HTd/Aamsa
Jer 27:5	וּ/בִ/זְרוֹעִ֖/י	c/b/2220	HC/R/Ncbsc/Sp1cs
Jer 27:5	הַ/נְּטוּיָ֑ה	d/5186	HTd/Vqsfsa
Jer 27:5	וּ/נְתַתִּ֕י/הָ	c/5414	HC/Vqq1cs/Sp3fs
Jer 27:5	לַ/אֲשֶׁ֖ר	l/834 a	HR/Tr
Jer 27:5	יָשַׁ֥ר	3474	HVqp3ms
Jer 27:5	בְּ/עֵינָֽ/י	b/5869 a	HR/Ncbdc/Sp1cs
Jer 27:6	וְ/עַתָּ֗ה	c/6258	HC/D
Jer 27:6	אָֽנֹכִי֙	595	HPp1cs
Jer 27:6	נָתַ֨תִּי֙	5414	HVqp1cs
Jer 27:6	אֶת	853	HTo
Jer 27:6	כָּל	3605	HNcmsc
Jer 27:6	הָ/אֲרָצ֣וֹת	d/776	HTd/Ncbpa
Jer 27:6	הָ/אֵ֔לֶּה	d/428	HTd/Pdxcp
Jer 27:6	בְּ/יַ֛ד	b/3027	HR/Ncbsc
Jer 27:6	נְבוּכַדְנֶאצַּ֥ר	5019	HNp
Jer 27:6	מֶֽלֶךְ	4428	HNcmsc
Jer 27:6	בָּבֶ֖ל	894	HNp
Jer 27:6	עַבְדִּ֑/י	5650	HNcmsc/Sp1cs
Jer 27:6	וְ/גַם֙	c/1571	HC/Ta
Jer 27:6	אֶת	853	HTo
Jer 27:6	חַיַּ֣ת	2416 c	HNcfsc
Jer 27:6	הַ/שָּׂדֶ֔ה	d/7704 b	HTd/Ncmsa
Jer 27:6	נָתַ֥תִּי	5414	HVqp1cs
Jer 27:6	ל֖/וֹ	l	HR/Sp3ms
Jer 27:6	לְ/עָבְדֽ/וֹ	l/5647	HR/Vqc/Sp3ms
Jer 27:7	וְ/עָבְד֤וּ	c/5647	HC/Vqq3cp
Jer 27:7	אֹת/וֹ֙	853	HTo/Sp3ms
Jer 27:7	כָּל	3605	HNcmsc
Jer 27:7	הַ/גּוֹיִ֔ם	d/1471 a	HTd/Ncmpa
Jer 27:7	וְ/אֶת	c/853	HC/To
Jer 27:7	בְּנ֖/וֹ	1121 a	HNcmsc/Sp3ms
Jer 27:7	וְ/אֶֽת	c/853	HC/To
Jer 27:7	בֶּן	1121 a	HNcmsc
Jer 27:7	בְּנ֑/וֹ	1121 a	HNcmsc/Sp3ms
Jer 27:7	עַ֣ד	5704	HR
Jer 27:7	בֹּא	935	HVqc
Jer 27:7	עֵ֤ת	6256	HNcbsc
Jer 27:7	אַרְצ/וֹ֙	776	HNcbsc/Sp3ms
Jer 27:7	גַּם	1571	HTa
Jer 27:7	ה֔וּא	1931	HPp3ms
Jer 27:7	וְ/עָ֤בְדוּ	c/5647	HC/Vqq3cp
Jer 27:7	ב/וֹ֙	b	HR/Sp3ms
Jer 27:7	גּוֹיִ֣ם	1471 a	HNcmpa
Jer 27:7	רַבִּ֔ים	7227 a	HAampa
Jer 27:7	וּ/מְלָכִ֖ים	c/4428	HC/Ncmpa
Jer 27:7	גְּדֹלִֽים	1419 a	HAampa
Jer 27:8	וְ/הָיָ֨ה	c/1961	HC/Vqq3ms
Jer 27:8	הַ/גּ֜וֹי	d/1471 a	HTd/Ncmsa
Jer 27:8	וְ/הַ/מַּמְלָכָ֗ה	c/d/4467	HC/Td/Ncfsa
Jer 27:8	אֲשֶׁ֨ר	834 a	HTr
Jer 27:8	לֹֽא	3808	HTn
Jer 27:8	יַעַבְד֤וּ	5647	HVqi3mp
Jer 27:8	אֹת/וֹ֙	853	HTo/Sp3ms
Jer 27:8	אֶת	853	HTo
Jer 27:8	נְבוּכַדְנֶאצַּ֣ר	5019	HNp
Jer 27:8	מֶֽלֶךְ	4428	HNcmsc
Jer 27:8	בָּבֶ֔ל	894	HNp
Jer 27:8	וְ/אֵ֨ת	c/853	HC/To
Jer 27:8	אֲשֶׁ֤ר	834 a	HTr
Jer 27:8	לֹֽא	3808	HTn
Jer 27:8	יִתֵּן֙	5414	HVqi3ms
Jer 27:8	אֶת	853	HTo
Jer 27:8	צַוָּאר֔/וֹ	6677 a	HNcmsc/Sp3ms
Jer 27:8	בְּ/עֹ֖ל	b/5923	HR/Ncmsc
Jer 27:8	מֶ֣לֶךְ	4428	HNcmsc
Jer 27:8	בָּבֶ֑ל	894	HNp
Jer 27:8	בַּ/חֶרֶב֩	b/2719	HRd/Ncfsa
Jer 27:8	וּ/בָ/רָעָ֨ב	c/b/7458	HC/Rd/Ncmsa
Jer 27:8	וּ/בַ/דֶּ֜בֶר	c/b/1698	HC/Rd/Ncmsa
Jer 27:8	אֶפְקֹ֨ד	6485 a	HVqi1cs
Jer 27:8	עַל	5921 a	HR
Jer 27:8	הַ/גּ֤וֹי	d/1471 a	HTd/Ncmsa
Jer 27:8	הַ/הוּא֙	d/1931	HTd/Pp3ms
Jer 27:8	נְאֻם	5002	HNcmsc
Jer 27:8	יְהוָ֔ה	3068	HNp
Jer 27:8	עַד	5704	HR
Jer 27:8	תֻּמִּ֥/י	8552	HVqc/Sp1cs
Jer 27:8	אֹתָ֖/ם	853	HTo/Sp3mp
Jer 27:8	בְּ/יָדֽ/וֹ	b/3027	HR/Ncbsc/Sp3ms
Jer 27:9	וְ֠/אַתֶּם	c/859 d	HC/Pp2mp
Jer 27:9	אַל	408	HTn
Jer 27:9	תִּשְׁמְע֨וּ	8085	HVqj2mp
Jer 27:9	אֶל	413	HR
Jer 27:9	נְבִיאֵי/כֶ֜ם	5030	HNcmpc/Sp2mp
Jer 27:9	וְ/אֶל	c/413	HC/R
Jer 27:9	קֹֽסְמֵי/כֶ֗ם	7080	HVqrmpc/Sp2mp
Jer 27:9	וְ/אֶל֙	c/413	HC/R
Jer 27:9	חֲלֹמֹ֣תֵי/כֶ֔ם	2472	HNcmpc/Sp2mp
Jer 27:9	וְ/אֶל	c/413	HC/R
Jer 27:9	עֹֽנְנֵי/כֶ֖ם	6049 b	HVmrmpc/Sp2mp
Jer 27:9	וְ/אֶל	c/413	HC/R
Jer 27:9	כַּשָּׁפֵי/כֶ֑ם	3786	HNcmpc/Sp2mp
Jer 27:9	אֲשֶׁר	834 a	HTr
Jer 27:9	הֵ֞ם	1992	HPp3mp
Jer 27:9	אֹמְרִ֤ים	559	HVqrmpa
Jer 27:9	אֲלֵי/כֶם֙	413	HR/Sp2mp
Jer 27:9	לֵ/אמֹ֔ר	l/559	HR/Vqc
Jer 27:9	לֹ֥א	3808	HTn
Jer 27:9	תַעַבְד֖וּ	5647	HVqi2mp
Jer 27:9	אֶת	853	HTo
Jer 27:9	מֶ֥לֶךְ	4428	HNcmsc
Jer 27:9	בָּבֶֽל	894	HNp
Jer 27:10	כִּ֣י	3588 a	HC
Jer 27:10	שֶׁ֔קֶר	8267	HNcmsa
Jer 27:10	הֵ֖ם	1992	HPp3mp
Jer 27:10	נִבְּאִ֣ים	5012	HVNrmpa
Jer 27:10	לָ/כֶ֑ם	l	HR/Sp2mp
Jer 27:10	לְמַ֨עַן	4616	HR
Jer 27:10	הַרְחִ֤יק	7368	HVhc
Jer 27:10	אֶתְ/כֶם֙	853	HTo/Sp2mp
Jer 27:10	מֵ/עַ֣ל	m/5921 a	HR/R
Jer 27:10	אַדְמַתְ/כֶ֔ם	127	HNcfsc/Sp2mp
Jer 27:10	וְ/הִדַּחְתִּ֥י	c/5080	HC/Vhq1cs
Jer 27:10	אֶתְ/כֶ֖ם	853	HTo/Sp2mp
Jer 27:10	וַ/אֲבַדְתֶּֽם	c/6	HC/Vqq2mp
Jer 27:11	וְ/הַ/גּ֗וֹי	c/d/1471 a	HC/Td/Ncmsa
Jer 27:11	אֲשֶׁ֨ר	834 a	HTr
Jer 27:11	יָבִ֧יא	935	HVhi3ms
Jer 27:11	אֶת	853	HTo
Jer 27:11	צַוָּאר֛/וֹ	6677 a	HNcmsc/Sp3ms
Jer 27:11	בְּ/עֹ֥ל	b/5923	HR/Ncmsc
Jer 27:11	מֶֽלֶךְ	4428	HNcmsc
Jer 27:11	בָּבֶ֖ל	894	HNp
Jer 27:11	וַֽ/עֲבָד֑/וֹ	c/5647	HC/Vqq3ms/Sp3ms
Jer 27:11	וְ/הִנַּחְתִּ֤י/ו	c/3240	HC/Vhq1cs/Sp3ms
Jer 27:11	עַל	5921 a	HR
Jer 27:11	אַדְמָת/וֹ֙	127	HNcfsc/Sp3ms
Jer 27:11	נְאֻם	5002	HNcmsc
Jer 27:11	יְהוָ֔ה	3068	HNp
Jer 27:11	וַֽ/עֲבָדָ֖/הּ	c/5647	HC/Vqq3ms/Sp3fs
Jer 27:11	וְ/יָ֥שַׁב	c/3427	HC/Vqq3ms
Jer 27:11	בָּֽ/הּ	b	HR/Sp3fs
Jer 27:12	וְ/אֶל	c/413	HC/R
Jer 27:12	צִדְקִיָּ֤ה	6667	HNp
Jer 27:12	מֶֽלֶךְ	4428	HNcmsc
Jer 27:12	יְהוּדָה֙	3063	HNp
Jer 27:12	דִּבַּ֔רְתִּי	1696	HVpp1cs
Jer 27:12	כְּ/כָל	k/3605	HR/Ncmsc
Jer 27:12	הַ/דְּבָרִ֥ים	d/1697	HTd/Ncmpa
Jer 27:12	הָ/אֵ֖לֶּה	d/428	HTd/Pdxcp
Jer 27:12	לֵ/אמֹ֑ר	l/559	HR/Vqc
Jer 27:12	הָבִ֨יאוּ	935	HVhv2mp
Jer 27:12	אֶת	853	HTo
Jer 27:12	צַוְּארֵי/כֶ֜ם	6677 a	HNcmpc/Sp2mp
Jer 27:12	בְּ/עֹ֣ל	b/5923	HR/Ncmsc
Jer 27:12	מֶֽלֶךְ	4428	HNcmsc
Jer 27:12	בָּבֶ֗ל	894	HNp
Jer 27:12	וְ/עִבְד֥וּ	c/5647	HC/Vqv2mp
Jer 27:12	אֹת֛/וֹ	853	HTo/Sp3ms
Jer 27:12	וְ/עַמּ֖/וֹ	c/5971 a	HC/Ncmsc/Sp3ms
Jer 27:12	וִֽ/חְיֽוּ	c/2421	HC/Vqv2mp
Jer 27:13	לָ֤/מָּה	l/4100	HR/Ti
Jer 27:13	תָמ֨וּתוּ֙	4191	HVqi2mp
Jer 27:13	אַתָּ֣ה	859 a	HPp2ms
Jer 27:13	וְ/עַמֶּ֔/ךָ	c/5971 a	HC/Ncmsc/Sp2ms
Jer 27:13	בַּ/חֶ֖רֶב	b/2719	HRd/Ncfsa
Jer 27:13	בָּ/רָעָ֣ב	b/7458	HRd/Ncmsa
Jer 27:13	וּ/בַ/דָּ֑בֶר֙	c/b/1698	HC/Rd/Ncmsa
Jer 27:13	כַּֽ/אֲשֶׁר֙	k/834 d	HR/Tr
Jer 27:13	דִּבֶּ֣ר	1696	HVpp3ms
Jer 27:13	יְהוָ֔ה	3068	HNp
Jer 27:13	אֶל	413	HR
Jer 27:13	הַ/גּ֕וֹי	d/1471 a	HTd/Ncmsa
Jer 27:13	אֲשֶׁ֥ר	834 a	HTr
Jer 27:13	לֹֽא	3808	HTn
Jer 27:13	יַעֲבֹ֖ד	5647	HVqi3ms
Jer 27:13	אֶת	853	HTo
Jer 27:13	מֶ֥לֶךְ	4428	HNcmsc
Jer 27:13	בָּבֶֽל	894	HNp
Jer 27:14	וְ/אַֽל	c/408	HC/Tn
Jer 27:14	תִּשְׁמְע֞וּ	8085	HVqj2mp
Jer 27:14	אֶל	413	HR
Jer 27:14	דִּבְרֵ֣י	1697	HNcmpc
Jer 27:14	הַ/נְּבִאִ֗ים	d/5030	HTd/Ncmpa
Jer 27:14	הָ/אֹמְרִ֤ים	d/559	HTd/Vqrmpa
Jer 27:14	אֲלֵי/כֶם֙	413	HR/Sp2mp
Jer 27:14	לֵ/אמֹ֔ר	l/559	HR/Vqc
Jer 27:14	לֹ֥א	3808	HTn
Jer 27:14	תַעַבְד֖וּ	5647	HVqi2mp
Jer 27:14	אֶת	853	HTo
Jer 27:14	מֶ֣לֶךְ	4428	HNcmsc
Jer 27:14	בָּבֶ֑ל	894	HNp
Jer 27:14	כִּ֣י	3588 a	HC
Jer 27:14	שֶׁ֔קֶר	8267	HNcmsa
Jer 27:14	הֵ֖ם	1992	HPp3mp
Jer 27:14	נִבְּאִ֥ים	5012	HVNrmpa
Jer 27:14	לָ/כֶֽם	l	HR/Sp2mp
Jer 27:15	כִּ֣י	3588 a	HC
Jer 27:15	לֹ֤א	3808	HTn
Jer 27:15	שְׁלַחְתִּי/ם֙	7971	HVqp1cs/Sp3mp
Jer 27:15	נְאֻם	5002	HNcmsc
Jer 27:15	יְהוָ֔ה	3068	HNp
Jer 27:15	וְ/הֵ֛ם	c/1992	HC/Pp3mp
Jer 27:15	נִבְּאִ֥ים	5012	HVNrmpa
Jer 27:15	בִּ/שְׁמִ֖/י	b/8034	HR/Ncmsc/Sp1cs
Jer 27:15	לַ/שָּׁ֑קֶר	l/8267	HRd/Ncmsa
Jer 27:15	לְמַ֨עַן	4616	HR
Jer 27:15	הַדִּיחִ֤/י	5080	HVhc/Sp1cs
Jer 27:15	אֶתְ/כֶם֙	853	HTo/Sp2mp
Jer 27:15	וַ/אֲבַדְתֶּ֔ם	c/6	HC/Vqq2mp
Jer 27:15	אַתֶּ֕ם	859 d	HPp2mp
Jer 27:15	וְ/הַ/נְּבִאִ֖ים	c/d/5030	HC/Td/Ncmpa
Jer 27:15	הַֽ/נִּבְּאִ֥ים	d/5012	HTd/VNrmpa
Jer 27:15	לָ/כֶֽם	l	HR/Sp2mp
Jer 27:16	וְ/אֶל	c/413	HC/R
Jer 27:16	הַ/כֹּהֲנִים֩	d/3548	HTd/Ncmpa
Jer 27:16	וְ/אֶל	c/413	HC/R
Jer 27:16	כָּל	3605	HNcmsc
Jer 27:16	הָ/עָ֨ם	d/5971 a	HTd/Ncmsa
Jer 27:16	הַ/זֶּ֜ה	d/2088	HTd/Pdxms
Jer 27:16	דִּבַּ֣רְתִּי	1696	HVpp1cs
Jer 27:16	לֵ/אמֹ֗ר	l/559	HR/Vqc
Jer 27:16	כֹּה֮	3541	HD
Jer 27:16	אָמַ֣ר	559	HVqp3ms
Jer 27:16	יְהוָה֒	3068	HNp
Jer 27:16	אַֽל	408	HTn
Jer 27:16	תִּשְׁמְע֞וּ	8085	HVqj2mp
Jer 27:16	אֶל	413	HR
Jer 27:16	דִּבְרֵ֣י	1697	HNcmpc
Jer 27:16	נְבִֽיאֵי/כֶ֗ם	5030	HNcmpc/Sp2mp
Jer 27:16	הַֽ/נִּבְּאִ֤ים	d/5012	HTd/VNrmpa
Jer 27:16	לָ/כֶם֙	l	HR/Sp2mp
Jer 27:16	לֵ/אמֹ֔ר	l/559	HR/Vqc
Jer 27:16	הִנֵּ֨ה	2009	HTm
Jer 27:16	כְלֵ֧י	3627	HNcmpc
Jer 27:16	בֵית	1004 b	HNcmsc
Jer 27:16	יְהוָ֛ה	3068	HNp
Jer 27:16	מוּשָׁבִ֥ים	7725	HVHsmpa
Jer 27:16	מִ/בָּבֶ֖לָ/ה	m/894	HR/Np/Sd
Jer 27:16	עַתָּ֣ה	6258	HD
Jer 27:16	מְהֵרָ֑ה	4120	HNcfsa
Jer 27:16	כִּ֣י	3588 a	HC
Jer 27:16	שֶׁ֔קֶר	8267	HNcmsa
Jer 27:16	הֵ֖מָּה	1992	HPp3mp
Jer 27:16	נִבְּאִ֥ים	5012	HVNrmpa
Jer 27:16	לָ/כֶֽם	l	HR/Sp2mp
Jer 27:17	אַל	408	HTn
Jer 27:17	תִּשְׁמְע֣וּ	8085	HVqj2mp
Jer 27:17	אֲלֵי/הֶ֔ם	413	HR/Sp3mp
Jer 27:17	עִבְד֥וּ	5647	HVqv2mp
Jer 27:17	אֶת	853	HTo
Jer 27:17	מֶֽלֶךְ	4428	HNcmsc
Jer 27:17	בָּבֶ֖ל	894	HNp
Jer 27:17	וִֽ/חְי֑וּ	c/2421	HC/Vqv2mp
Jer 27:17	לָ֧/מָּה	l/4100	HR/Ti
Jer 27:17	תִֽהְיֶ֛ה	1961	HVqi3fs
Jer 27:17	הָ/עִ֥יר	d/5892 b	HTd/Ncfsa
Jer 27:17	הַ/זֹּ֖את	d/2063	HTd/Pdxfs
Jer 27:17	חָרְבָּֽה	2723	HNcfsa
Jer 27:18	וְ/אִם	c/518 a	HC/C
Jer 27:18	נְבִאִ֣ים	5030	HNcmpa
Jer 27:18	הֵ֔ם	1992	HPp3mp
Jer 27:18	וְ/אִם	c/518 a	HC/C
Jer 27:18	יֵ֥שׁ	3426	HTm
Jer 27:18	דְּבַר	1697	HNcmsc
Jer 27:18	יְהוָ֖ה	3068	HNp
Jer 27:18	אִתָּ֑/ם	854	HR/Sp3mp
Jer 27:18	יִפְגְּעוּ	6293	HVqj3mp
Jer 27:18	נָא֙	4994	HTe
Jer 27:18	בַּֽ/יהוָ֣ה	b/3068	HR/Np
Jer 27:18	צְבָא֔וֹת	6635 b	HNcbpa
Jer 27:18	לְ/בִלְתִּי	l/1115	HR/C
Jer 27:18	בֹ֜אוּ	935	HVqv2mp
Jer 27:18	הַ/כֵּלִ֣ים	d/3627	HTd/Ncmpa
Jer 27:18	הַ/נּוֹתָרִ֣ים	d/3498	HTd/VNrmpa
Jer 27:18	בְּ/בֵית	b/1004 b	HR/Ncmsc
Jer 27:18	יְהוָ֗ה	3068	HNp
Jer 27:18	וּ/בֵ֨ית	c/1004 b	HC/Ncmsc
Jer 27:18	מֶ֧לֶךְ	4428	HNcmsc
Jer 27:18	יְהוּדָ֛ה	3063	HNp
Jer 27:18	וּ/בִ/ירוּשָׁלִַ֖ם	c/b/3389	HC/R/Np
Jer 27:18	בָּבֶֽלָ/ה	894	HNp/Sd
Jer 27:19	כִּ֣י	3588 a	HC
Jer 27:19	כֹ֤ה	3541	HD
Jer 27:19	אָמַר֙	559	HVqp3ms
Jer 27:19	יְהוָ֣ה	3068	HNp
Jer 27:19	צְבָא֔וֹת	6635 b	HNcbpa
Jer 27:19	אֶל	413	HR
Jer 27:19	הָֽ/עַמֻּדִ֔ים	d/5982	HTd/Ncmpa
Jer 27:19	וְ/עַל	c/5921 a	HC/R
Jer 27:19	הַ/יָּ֖ם	d/3220	HTd/Ncmsa
Jer 27:19	וְ/עַל	c/5921 a	HC/R
Jer 27:19	הַ/מְּכֹנ֑וֹת	d/4350	HTd/Ncfpa
Jer 27:19	וְ/עַל֙	c/5921 a	HC/R
Jer 27:19	יֶ֣תֶר	3499 a	HNcmsc
Jer 27:19	הַ/כֵּלִ֔ים	d/3627	HTd/Ncmpa
Jer 27:19	הַ/נּוֹתָרִ֖ים	d/3498	HTd/VNrmpa
Jer 27:19	בָּ/עִ֥יר	b/5892 b	HRd/Ncfsa
Jer 27:19	הַ/זֹּֽאת	d/2063	HTd/Pdxfs
Jer 27:20	אֲשֶׁ֣ר	834 a	HTr
Jer 27:20	לֹֽא	3808	HTn
Jer 27:20	לְקָחָ֗/ם	3947	HVqp3ms/Sp3mp
Jer 27:20	נְבֽוּכַדְנֶאצַּר֙	5019	HNp
Jer 27:20	מֶ֣לֶךְ	4428	HNcmsc
Jer 27:20	בָּבֶ֔ל	894	HNp
Jer 27:20	בַּ֠/גְלוֹת/וֹ	b/1540	HR/Vhc/Sp3ms
Jer 27:20	אֶת	853	HTo
Jer 27:20	יְכָונְיָ֨ה	3204	HNp
Jer 27:20	בֶן	1121 a	HNcmsc
Jer 27:20	יְהוֹיָקִ֧ים	3079	HNp
Jer 27:20	מֶֽלֶךְ	4428	HNcmsc
Jer 27:20	יְהוּדָ֛ה	3063	HNp
Jer 27:20	מִ/ירֽוּשָׁלִַ֖ם	m/3389	HR/Np
Jer 27:20	בָּבֶ֑לָ/ה	894	HNp/Sd
Jer 27:20	וְ/אֵ֛ת	c/853	HC/To
Jer 27:20	כָּל	3605	HNcmsc
Jer 27:20	חֹרֵ֥י	2715	HNcmpc
Jer 27:20	יְהוּדָ֖ה	3063	HNp
Jer 27:20	וִ/ירוּשָׁלִָֽם	c/3389	HC/Np
Jer 27:21	כִּ֣י	3588 a	HC
Jer 27:21	כֹ֥ה	3541	HD
Jer 27:21	אָמַ֛ר	559	HVqp3ms
Jer 27:21	יְהוָ֥ה	3068	HNp
Jer 27:21	צְבָא֖וֹת	6635 b	HNcbpa
Jer 27:21	אֱלֹהֵ֣י	430	HNcmpc
Jer 27:21	יִשְׂרָאֵ֑ל	3478	HNp
Jer 27:21	עַל	5921 a	HR
Jer 27:21	הַ/כֵּלִ֗ים	d/3627	HTd/Ncmpa
Jer 27:21	הַ/נּֽוֹתָרִים֙	d/3498	HTd/VNrmpa
Jer 27:21	בֵּ֣ית	1004 b	HNcmsc
Jer 27:21	יְהוָ֔ה	3068	HNp
Jer 27:21	וּ/בֵ֥ית	c/1004 b	HC/Ncmsc
Jer 27:21	מֶֽלֶךְ	4428	HNcmsc
Jer 27:21	יְהוּדָ֖ה	3063	HNp
Jer 27:21	וִ/ירוּשָׁלִָֽם	c/3389	HC/Np
Jer 27:22	בָּבֶ֥לָ/ה	894	HNp/Sd
Jer 27:22	יוּבָ֖אוּ	935	HVHi3mp
Jer 27:22	וְ/שָׁ֣מָּ/ה	c/8033	HC/D/Sd
Jer 27:22	יִֽהְי֑וּ	1961	HVqi3mp
Jer 27:22	עַ֠ד	5704	HR
Jer 27:22	י֣וֹם	3117	HNcmsc
Jer 27:22	פָּקְדִ֤/י	6485 a	HVqc/Sp1cs
Jer 27:22	אֹתָ/ם֙	853	HTo/Sp3mp
Jer 27:22	נְאֻם	5002	HNcmsc
Jer 27:22	יְהוָ֔ה	3068	HNp
Jer 27:22	וְ/הַֽעֲלִיתִי/ם֙	c/5927	HC/Vhq1cs/Sp3mp
Jer 27:22	וַ/הֲשִׁ֣יבֹתִ֔י/ם	c/7725	HC/Vhq1cs/Sp3mp
Jer 27:22	אֶל	413	HR
Jer 27:22	הַ/מָּק֖וֹם	d/4725	HTd/Ncmsa
Jer 27:22	הַ/זֶּֽה	d/2088	HTd/Pdxms
Jer 28:1	וַ/יְהִ֣י	c/1961	HC/Vqw3ms
Jer 28:1	בַּ/שָּׁנָ֣ה	b/8141	HRd/Ncfsa
Jer 28:1	הַ/הִ֗יא	d/1931	HTd/Pp3fs
Jer 28:1	בְּ/רֵאשִׁית֙	b/7225	HR/Ncfsc
Jer 28:1	מַמְלֶ֨כֶת֙	4467	HNcfsc
Jer 28:1	צִדְקִיָּ֣ה	6667	HNp
Jer 28:1	מֶֽלֶךְ	4428	HNcmsc
Jer 28:1	יְהוּדָ֔ה	3063	HNp
Jer 28:1	ב/שנת	b/8141	HRd/Ncfsa
Jer 28:1	הָֽ/רְבִעִ֔ית	d/7243	HTd/Aofsa
Jer 28:1	בַּ/חֹ֖דֶשׁ	b/2320	HRd/Ncmsa
Jer 28:1	הַ/חֲמִישִׁ֑י	d/2549	HTd/Aomsa
Jer 28:1	אָמַ֣ר	559	HVqp3ms
Jer 28:1	אֵלַ֡/י	413	HR/Sp1cs
Jer 28:1	חֲנַנְיָה֩	2608 a	HNp
Jer 28:1	בֶן	1121 a	HNcmsc
Jer 28:1	עַזּ֨וּר	5809	HNp
Jer 28:1	הַ/נָּבִ֜יא	d/5030	HTd/Ncmsa
Jer 28:1	אֲשֶׁ֤ר	834 a	HTr
Jer 28:1	מִ/גִּבְעוֹן֙	m/1391	HR/Np
Jer 28:1	בְּ/בֵ֣ית	b/1004 b	HR/Ncmsc
Jer 28:1	יְהוָ֔ה	3068	HNp
Jer 28:1	לְ/עֵינֵ֧י	l/5869 a	HR/Ncbdc
Jer 28:1	הַ/כֹּהֲנִ֛ים	d/3548	HTd/Ncmpa
Jer 28:1	וְ/כָל	c/3605	HC/Ncmsc
Jer 28:1	הָ/עָ֖ם	d/5971 a	HTd/Ncmsa
Jer 28:1	לֵ/אמֹֽר	l/559	HR/Vqc
Jer 28:2	כֹּֽה	3541	HD
Jer 28:2	אָמַ֞ר	559	HVqp3ms
Jer 28:2	יְהוָ֧ה	3068	HNp
Jer 28:2	צְבָא֛וֹת	6635 b	HNcbpa
Jer 28:2	אֱלֹהֵ֥י	430	HNcmpc
Jer 28:2	יִשְׂרָאֵ֖ל	3478	HNp
Jer 28:2	לֵ/אמֹ֑ר	l/559	HR/Vqc
Jer 28:2	שָׁבַ֞רְתִּי	7665	HVqp1cs
Jer 28:2	אֶת	853	HTo
Jer 28:2	עֹ֖ל	5923	HNcmsc
Jer 28:2	מֶ֥לֶךְ	4428	HNcmsc
Jer 28:2	בָּבֶֽל	894	HNp
Jer 28:3	בְּ/ע֣וֹד	b/5750	HR/D
Jer 28:3	שְׁנָתַ֣יִם	8141	HNcfda
Jer 28:3	יָמִ֗ים	3117	HNcmpa
Jer 28:3	אֲנִ֤י	589	HPp1cs
Jer 28:3	מֵשִׁיב֙	7725	HVhrmsa
Jer 28:3	אֶל	413	HR
Jer 28:3	הַ/מָּק֣וֹם	d/4725	HTd/Ncmsa
Jer 28:3	הַ/זֶּ֔ה	d/2088	HTd/Pdxms
Jer 28:3	אֶֽת	853	HTo
Jer 28:3	כָּל	3605	HNcmsc
Jer 28:3	כְּלֵ֖י	3627	HNcmpc
Jer 28:3	בֵּ֣ית	1004 b	HNcmsc
Jer 28:3	יְהוָ֑ה	3068	HNp
Jer 28:3	אֲשֶׁ֨ר	834 a	HTr
Jer 28:3	לָקַ֜ח	3947	HVqp3ms
Jer 28:3	נְבוּכַדנֶאצַּ֤ר	5019	HNp
Jer 28:3	מֶֽלֶךְ	4428	HNcmsc
Jer 28:3	בָּבֶל֙	894	HNp
Jer 28:3	מִן	4480 a	HR
Jer 28:3	הַ/מָּק֣וֹם	d/4725	HTd/Ncmsa
Jer 28:3	הַ/זֶּ֔ה	d/2088	HTd/Pdxms
Jer 28:3	וַ/יְבִיאֵ֖/ם	c/935	HC/Vhw3ms/Sp3mp
Jer 28:3	בָּבֶֽל	894	HNp
Jer 28:4	וְ/אֶת	c/853	HC/To
Jer 28:4	יְכָנְיָ֣ה	3204	HNp
Jer 28:4	בֶן	1121 a	HNcmsc
Jer 28:4	יְהוֹיָקִ֣ים	3079	HNp
Jer 28:4	מֶֽלֶךְ	4428	HNcmsc
Jer 28:4	יְ֠הוּדָה	3063	HNp
Jer 28:4	וְ/אֶת	c/853	HC/To
Jer 28:4	כָּל	3605	HNcmsc
Jer 28:4	גָּל֨וּת	1546	HNcfsc
Jer 28:4	יְהוּדָ֜ה	3063	HNp
Jer 28:4	הַ/בָּאִ֣ים	d/935	HTd/Vqrmpa
Jer 28:4	בָּבֶ֗לָ/ה	894	HNp/Sd
Jer 28:4	אֲנִ֥י	589	HPp1cs
Jer 28:4	מֵשִׁ֛יב	7725	HVhrmsa
Jer 28:4	אֶל	413	HR
Jer 28:4	הַ/מָּק֥וֹם	d/4725	HTd/Ncmsa
Jer 28:4	הַ/זֶּ֖ה	d/2088	HTd/Pdxms
Jer 28:4	נְאֻם	5002	HNcmsc
Jer 28:4	יְהוָ֑ה	3068	HNp
Jer 28:4	כִּ֣י	3588 a	HC
Jer 28:4	אֶשְׁבֹּ֔ר	7665	HVqi1cs
Jer 28:4	אֶת	853	HTo
Jer 28:4	עֹ֖ל	5923	HNcmsc
Jer 28:4	מֶ֥לֶךְ	4428	HNcmsc
Jer 28:4	בָּבֶֽל	894	HNp
Jer 28:5	וַ/יֹּ֨אמֶר֙	c/559	HC/Vqw3ms
Jer 28:5	יִרְמְיָ֣ה	3414	HNp
Jer 28:5	הַ/נָּבִ֔יא	d/5030	HTd/Ncmsa
Jer 28:5	אֶל	413	HR
Jer 28:5	חֲנַנְיָ֖ה	2608 a	HNp
Jer 28:5	הַ/נָּבִ֑יא	d/5030	HTd/Ncmsa
Jer 28:5	לְ/עֵינֵ֤י	l/5869 a	HR/Ncbdc
Jer 28:5	הַ/כֹּֽהֲנִים֙	d/3548	HTd/Ncmpa
Jer 28:5	וּ/לְ/עֵינֵ֣י	c/l/5869 a	HC/R/Ncbdc
Jer 28:5	כָל	3605	HNcmsc
Jer 28:5	הָ/עָ֔ם	d/5971 a	HTd/Ncmsa
Jer 28:5	הָ/עֹמְדִ֖ים	d/5975	HTd/Vqrmpa
Jer 28:5	בְּ/בֵ֥ית	b/1004 b	HR/Ncmsc
Jer 28:5	יְהוָֽה	3068	HNp
Jer 28:6	וַ/יֹּ֨אמֶר֙	c/559	HC/Vqw3ms
Jer 28:6	יִרְמְיָ֣ה	3414	HNp
Jer 28:6	הַ/נָּבִ֔יא	d/5030	HTd/Ncmsa
Jer 28:6	אָמֵ֕ן	543	HD
Jer 28:6	כֵּ֖ן	3651 c	HTm
Jer 28:6	יַעֲשֶׂ֣ה	6213 a	HVqi3ms
Jer 28:6	יְהוָ֑ה	3068	HNp
Jer 28:6	יָקֵ֤ם	6965 b	HVhj3ms
Jer 28:6	יְהוָה֙	3068	HNp
Jer 28:6	אֶת	853	HTo
Jer 28:6	דְּבָרֶ֔י/ךָ	1697	HNcmpc/Sp2ms
Jer 28:6	אֲשֶׁ֣ר	834 a	HTr
Jer 28:6	נִבֵּ֗אתָ	5012	HVNp2ms
Jer 28:6	לְ/הָשִׁ֞יב	l/7725	HR/Vhc
Jer 28:6	כְּלֵ֤י	3627	HNcmpc
Jer 28:6	בֵית	1004 b	HNcmsc
Jer 28:6	יְהוָה֙	3068	HNp
Jer 28:6	וְ/כָל	c/3605	HC/Ncmsc
Jer 28:6	הַ/גּוֹלָ֔ה	d/1473	HTd/Ncfsa
Jer 28:6	מִ/בָּבֶ֖ל	m/894	HR/Np
Jer 28:6	אֶל	413	HR
Jer 28:6	הַ/מָּק֥וֹם	d/4725	HTd/Ncmsa
Jer 28:6	הַ/זֶּֽה	d/2088	HTd/Pdxms
Jer 28:7	אַךְ	389	HTa
Jer 28:7	שְׁמַֽע	8085	HVqv2ms
Jer 28:7	נָא֙	4994	HTe
Jer 28:7	הַ/דָּבָ֣ר	d/1697	HTd/Ncmsa
Jer 28:7	הַ/זֶּ֔ה	d/2088	HTd/Pdxms
Jer 28:7	אֲשֶׁ֥ר	834 a	HTr
Jer 28:7	אָנֹכִ֖י	595	HPp1cs
Jer 28:7	דֹּבֵ֣ר	1696	HVqrmsa
Jer 28:7	בְּ/אָזְנֶ֑י/ךָ	b/241	HR/Ncfdc/Sp2ms
Jer 28:7	וּ/בְ/אָזְנֵ֖י	c/b/241	HC/R/Ncfdc
Jer 28:7	כָּל	3605	HNcmsc
Jer 28:7	הָ/עָֽם	d/5971 a	HTd/Ncmsa
Jer 28:8	הַ/נְּבִיאִ֗ים	d/5030	HTd/Ncmpa
Jer 28:8	אֲשֶׁ֨ר	834 a	HTr
Jer 28:8	הָי֧וּ	1961	HVqp3cp
Jer 28:8	לְ/פָנַ֛/י	l/6440	HR/Ncbpc/Sp1cs
Jer 28:8	וּ/לְ/פָנֶ֖י/ךָ	c/l/6440	HC/R/Ncbpc/Sp2ms
Jer 28:8	מִן	4480 a	HR
Jer 28:8	הָֽ/עוֹלָ֑ם	d/5769	HTd/Ncmsa
Jer 28:8	וַ/יִּנָּ֨בְא֜וּ	c/5012	HC/VNw3mp
Jer 28:8	אֶל	413	HR
Jer 28:8	אֲרָצ֤וֹת	776	HNcbpa
Jer 28:8	רַבּוֹת֙	7227 a	HAafpa
Jer 28:8	וְ/עַל	c/5921 a	HC/R
Jer 28:8	מַמְלָכ֣וֹת	4467	HNcfpa
Jer 28:8	גְּדֹל֔וֹת	1419 a	HAafpa
Jer 28:8	לְ/מִלְחָמָ֖ה	l/4421	HR/Ncfsa
Jer 28:8	וּ/לְ/רָעָ֥ה	c/l/7451 c	HC/R/Aafsa
Jer 28:8	וּ/לְ/דָֽבֶר	c/l/1698	HC/R/Ncmsa
Jer 28:9	הַ/נָּבִ֕יא	d/5030	HTd/Ncmsa
Jer 28:9	אֲשֶׁ֥ר	834 a	HTr
Jer 28:9	יִנָּבֵ֖א	5012	HVNi3ms
Jer 28:9	לְ/שָׁל֑וֹם	l/7965	HR/Ncmsa
Jer 28:9	בְּ/בֹא֙	b/935	HR/Vqc
Jer 28:9	דְּבַ֣ר	1697	HNcmsc
Jer 28:9	הַ/נָּבִ֗יא	d/5030	HTd/Ncmsa
Jer 28:9	יִוָּדַע֙	3045	HVNi3ms
Jer 28:9	הַ/נָּבִ֔יא	d/5030	HTd/Ncmsa
Jer 28:9	אֲשֶׁר	834 a	HTr
Jer 28:9	שְׁלָח֥/וֹ	7971	HVqp3ms/Sp3ms
Jer 28:9	יְהוָ֖ה	3068	HNp
Jer 28:9	בֶּ/אֱמֶֽת	b/571	HR/Ncfsa
Jer 28:10	וַ/יִּקַּ֞ח	c/3947	HC/Vqw3ms
Jer 28:10	חֲנַנְיָ֤ה	2608 a	HNp
Jer 28:10	הַ/נָּבִיא֙	d/5030	HTd/Ncmsa
Jer 28:10	אֶת	853	HTo
Jer 28:10	הַ/מּוֹטָ֔ה	d/4133	HTd/Ncfsa
Jer 28:10	מֵ/עַ֕ל	m/5921 a	HR/R
Jer 28:10	צַוַּ֖אר	6677 a	HNcmsc
Jer 28:10	יִרְמְיָ֣ה	3414	HNp
Jer 28:10	הַ/נָּבִ֑יא	d/5030	HTd/Ncmsa
Jer 28:10	וַֽ/יִּשְׁבְּרֵֽ/הוּ	c/7665	HC/Vqw3ms/Sp3ms
Jer 28:11	וַ/יֹּ֣אמֶר	c/559	HC/Vqw3ms
Jer 28:11	חֲנַנְיָה֩	2608 a	HNp
Jer 28:11	לְ/עֵינֵ֨י	l/5869 a	HR/Ncbdc
Jer 28:11	כָל	3605	HNcmsc
Jer 28:11	הָ/עָ֜ם	d/5971 a	HTd/Ncmsa
Jer 28:11	לֵ/אמֹ֗ר	l/559	HR/Vqc
Jer 28:11	כֹּה֮	3541	HD
Jer 28:11	אָמַ֣ר	559	HVqp3ms
Jer 28:11	יְהוָה֒	3068	HNp
Jer 28:11	כָּ֣כָה	3602	HD
Jer 28:11	אֶשְׁבֹּ֞ר	7665	HVqi1cs
Jer 28:11	אֶת	853	HTo
Jer 28:11	עֹ֣ל	5923	HNcmsc
Jer 28:11	נְבֻֽכַדְנֶאצַּ֣ר	5019	HNp
Jer 28:11	מֶֽלֶךְ	4428	HNcmsc
Jer 28:11	בָּבֶ֗ל	894	HNp
Jer 28:11	בְּ/עוֹד֙	b/5750	HR/D
Jer 28:11	שְׁנָתַ֣יִם	8141	HNcfda
Jer 28:11	יָמִ֔ים	3117	HNcmpa
Jer 28:11	מֵ/עַ֕ל	m/5921 a	HR/R
Jer 28:11	צַוַּ֖אר	6677 a	HNcmsc
Jer 28:11	כָּל	3605	HNcmsc
Jer 28:11	הַ/גּוֹיִ֑ם	d/1471 a	HTd/Ncmpa
Jer 28:11	וַ/יֵּ֛לֶךְ	c/3212	HC/Vqw3ms
Jer 28:11	יִרְמְיָ֥ה	3414	HNp
Jer 28:11	הַ/נָּבִ֖יא	d/5030	HTd/Ncmsa
Jer 28:11	לְ/דַרְכּֽ/וֹ	l/1870	HR/Ncbsc/Sp3ms
Jer 28:12	וַ/יְהִ֥י	c/1961	HC/Vqw3ms
Jer 28:12	דְבַר	1697	HNcmsc
Jer 28:12	יְהוָ֖ה	3068	HNp
Jer 28:12	אֶֽל	413	HR
Jer 28:12	יִרְמְיָ֑ה	3414	HNp
Jer 28:12	אַ֠חֲרֵי	310 a	HR
Jer 28:12	שְׁב֞וֹר	7665	HVqc
Jer 28:12	חֲנַנְיָ֤ה	2608 a	HNp
Jer 28:12	הַ/נָּבִיא֙	d/5030	HTd/Ncmsa
Jer 28:12	אֶת	853	HTo
Jer 28:12	הַ/מּוֹטָ֔ה	d/4133	HTd/Ncfsa
Jer 28:12	מֵ/עַ֗ל	m/5921 a	HR/R
Jer 28:12	צַוַּ֛אר	6677 a	HNcmsc
Jer 28:12	יִרְמְיָ֥ה	3414	HNp
Jer 28:12	הַ/נָּבִ֖יא	d/5030	HTd/Ncmsa
Jer 28:12	לֵ/אמֹֽר	l/559	HR/Vqc
Jer 28:13	הָלוֹךְ֩	1980	HVqa
Jer 28:13	וְ/אָמַרְתָּ֨	c/559	HC/Vqq2ms
Jer 28:13	אֶל	413	HR
Jer 28:13	חֲנַנְיָ֜ה	2608 a	HNp
Jer 28:13	לֵ/אמֹ֗ר	l/559	HR/Vqc
Jer 28:13	כֹּ֚ה	3541	HD
Jer 28:13	אָמַ֣ר	559	HVqp3ms
Jer 28:13	יְהוָ֔ה	3068	HNp
Jer 28:13	מוֹטֹ֥ת	4133	HNcfpc
Jer 28:13	עֵ֖ץ	6086	HNcmsa
Jer 28:13	שָׁבָ֑רְתָּ	7665	HVqp2ms
Jer 28:13	וְ/עָשִׂ֥יתָ	c/6213 a	HC/Vqq2ms
Jer 28:13	תַחְתֵּי/הֶ֖ן	8478	HR/Sp3fp
Jer 28:13	מֹט֥וֹת	4133	HNcfpc
Jer 28:13	בַּרְזֶֽל	1270	HNcmsa
Jer 28:14	כִּ֣י	3588 a	HC
Jer 28:14	כֹֽה	3541	HD
Jer 28:14	אָמַר֩	559	HVqp3ms
Jer 28:14	יְהוָ֨ה	3068	HNp
Jer 28:14	צְבָא֜וֹת	6635 b	HNcbpa
Jer 28:14	אֱלֹהֵ֣י	430	HNcmpc
Jer 28:14	יִשְׂרָאֵ֗ל	3478	HNp
Jer 28:14	עֹ֣ל	5923	HNcmsc
Jer 28:14	בַּרְזֶ֡ל	1270	HNcmsa
Jer 28:14	נָתַ֜תִּי	5414	HVqp1cs
Jer 28:14	עַל	5921 a	HR
Jer 28:14	צַוַּ֣אר	6677 a	HNcmsc
Jer 28:14	כָּל	3605	HNcmsc
Jer 28:14	הַ/גּוֹיִ֣ם	d/1471 a	HTd/Ncmpa
Jer 28:14	הָ/אֵ֗לֶּה	d/428	HTd/Pdxcp
Jer 28:14	לַ/עֲבֹ֛ד	l/5647	HR/Vqc
Jer 28:14	אֶת	853	HTo
Jer 28:14	נְבֻכַדְנֶאצַּ֥ר	5019	HNp
Jer 28:14	מֶֽלֶךְ	4428	HNcmsc
Jer 28:14	בָּבֶ֖ל	894	HNp
Jer 28:14	וַ/עֲבָדֻ֑/הוּ	c/5647	HC/Vqq3cp/Sp3ms
Jer 28:14	וְ/גַ֛ם	c/1571	HC/Ta
Jer 28:14	אֶת	853	HTo
Jer 28:14	חַיַּ֥ת	2416 c	HNcfsc
Jer 28:14	הַ/שָּׂדֶ֖ה	d/7704 b	HTd/Ncmsa
Jer 28:14	נָתַ֥תִּי	5414	HVqp1cs
Jer 28:14	לֽ/וֹ	l	HR/Sp3ms
Jer 28:15	וַ/יֹּ֨אמֶר	c/559	HC/Vqw3ms
Jer 28:15	יִרְמְיָ֧ה	3414	HNp
Jer 28:15	הַ/נָּבִ֛יא	d/5030	HTd/Ncmsa
Jer 28:15	אֶל	413	HR
Jer 28:15	חֲנַנְיָ֥ה	2608 a	HNp
Jer 28:15	הַ/נָּבִ֖יא	d/5030	HTd/Ncmsa
Jer 28:15	שְׁמַֽע	8085	HVqv2ms
Jer 28:15	נָ֣א	4994	HTe
Jer 28:15	חֲנַנְיָ֑ה	2608 a	HNp
Jer 28:15	לֹֽא	3808	HTn
Jer 28:15	שְׁלָחֲ/ךָ֣	7971	HVqp3ms/Sp2ms
Jer 28:15	יְהוָ֔ה	3068	HNp
Jer 28:15	וְ/אַתָּ֗ה	c/859 a	HC/Pp2ms
Jer 28:15	הִבְטַ֛חְתָּ	982	HVhp2ms
Jer 28:15	אֶת	853	HTo
Jer 28:15	הָ/עָ֥ם	d/5971 a	HTd/Ncmsa
Jer 28:15	הַ/זֶּ֖ה	d/2088	HTd/Pdxms
Jer 28:15	עַל	5921 a	HR
Jer 28:15	שָֽׁקֶר	8267	HNcmsa
Jer 28:16	לָ/כֵ֗ן	l/3651 c	HR/D
Jer 28:16	כֹּ֚ה	3541	HD
Jer 28:16	אָמַ֣ר	559	HVqp3ms
Jer 28:16	יְהוָ֔ה	3068	HNp
Jer 28:16	הִנְ/נִי֙	2005	HTm/Sp1cs
Jer 28:16	מְשַֽׁלֵּֽחֲ/ךָ֔	7971	HVprmsc/Sp2ms
Jer 28:16	מֵ/עַ֖ל	m/5921 a	HR/R
Jer 28:16	פְּנֵ֣י	6440	HNcbpc
Jer 28:16	הָ/אֲדָמָ֑ה	d/127	HTd/Ncfsa
Jer 28:16	הַ/שָּׁנָה֙	d/8141	HTd/Ncfsa
Jer 28:16	אַתָּ֣ה	859 a	HPp2ms
Jer 28:16	מֵ֔ת	4191	HVqrmsa
Jer 28:16	כִּֽי	3588 a	HC
Jer 28:16	סָרָ֥ה	5627	HNcfsa
Jer 28:16	דִבַּ֖רְתָּ	1696	HVpp2ms
Jer 28:16	אֶל	413	HR
Jer 28:16	יְהוָֽה	3068	HNp
Jer 28:17	וַ/יָּ֛מָת	c/4191	HC/Vqw3ms
Jer 28:17	חֲנַנְיָ֥ה	2608 a	HNp
Jer 28:17	הַ/נָּבִ֖יא	d/5030	HTd/Ncmsa
Jer 28:17	בַּ/שָּׁנָ֣ה	b/8141	HRd/Ncfsa
Jer 28:17	הַ/הִ֑יא	d/1931	HTd/Pp3fs
Jer 28:17	בַּ/חֹ֖דֶשׁ	b/2320	HRd/Ncmsa
Jer 28:17	הַ/שְּׁבִיעִֽי	d/7637	HTd/Aomsa
Jer 29:1	וְ/אֵ֨לֶּה֙	c/428	HC/Pdxcp
Jer 29:1	דִּבְרֵ֣י	1697	HNcmpc
Jer 29:1	הַ/סֵּ֔פֶר	d/5612 a	HTd/Ncmsa
Jer 29:1	אֲשֶׁ֥ר	834 a	HTr
Jer 29:1	שָׁלַ֛ח	7971	HVqp3ms
Jer 29:1	יִרְמְיָ֥ה	3414	HNp
Jer 29:1	הַ/נָּבִ֖יא	d/5030	HTd/Ncmsa
Jer 29:1	מִ/ירוּשָׁלִָ֑ם	m/3389	HR/Np
Jer 29:1	אֶל	413	HR
Jer 29:1	יֶ֜תֶר	3499 a	HNcmsc
Jer 29:1	זִקְנֵ֣י	2205	HAampc
Jer 29:1	הַ/גּוֹלָ֗ה	d/1473	HTd/Ncfsa
Jer 29:1	וְ/אֶל	c/413	HC/R
Jer 29:1	הַ/כֹּהֲנִ֤ים	d/3548	HTd/Ncmpa
Jer 29:1	וְ/אֶל	c/413	HC/R
Jer 29:1	הַ/נְּבִיאִים֙	d/5030	HTd/Ncmpa
Jer 29:1	וְ/אֶל	c/413	HC/R
Jer 29:1	כָּל	3605	HNcmsc
Jer 29:1	הָ/עָ֔ם	d/5971 a	HTd/Ncmsa
Jer 29:1	אֲשֶׁ֨ר	834 a	HTr
Jer 29:1	הֶגְלָ֧ה	1540	HVhp3ms
Jer 29:1	נְבֽוּכַדְנֶאצַּ֛ר	5019	HNp
Jer 29:1	מִ/ירוּשָׁלִַ֖ם	m/3389	HR/Np
Jer 29:1	בָּבֶֽלָ/ה	894	HNp/Sd
Jer 29:2	אַחֲרֵ֣י	310 a	HR
Jer 29:2	צֵ֣את	3318	HVqc
Jer 29:2	יְכָנְיָֽה	3204	HNp
Jer 29:2	הַ֠/מֶּלֶךְ	d/4428	HTd/Ncmsa
Jer 29:2	וְ/הַ/גְּבִירָ֨ה	c/d/1377	HC/Td/Ncfsa
Jer 29:2	וְ/הַ/סָּרִיסִ֜ים	c/d/5631	HC/Td/Ncmpa
Jer 29:2	שָׂרֵ֨י	8269	HNcmpc
Jer 29:2	יְהוּדָ֧ה	3063	HNp
Jer 29:2	וִ/ירוּשָׁלִַ֛ם	c/3389	HC/Np
Jer 29:2	וְ/הֶ/חָרָ֥שׁ	c/d/2796	HC/Td/Ncmsa
Jer 29:2	וְ/הַ/מַּסְגֵּ֖ר	c/d/4525	HC/Td/Ncmsa
Jer 29:2	מִ/ירוּשָׁלִָֽם	m/3389	HR/Np
Jer 29:3	בְּ/יַד֙	b/3027	HR/Ncbsc
Jer 29:3	אֶלְעָשָׂ֣ה	501	HNp
Jer 29:3	בֶן	1121 a	HNcmsc
Jer 29:3	שָׁפָ֔ן	8227 b	HNp
Jer 29:3	וּ/גְמַרְיָ֖ה	c/1587	HC/Np
Jer 29:3	בֶּן	1121 a	HNcmsc
Jer 29:3	חִלְקִיָּ֑ה	2518	HNp
Jer 29:3	אֲשֶׁ֨ר	834 a	HTr
Jer 29:3	שָׁלַ֜ח	7971	HVqp3ms
Jer 29:3	צִדְקִיָּ֣ה	6667	HNp
Jer 29:3	מֶֽלֶךְ	4428	HNcmsc
Jer 29:3	יְהוּדָ֗ה	3063	HNp
Jer 29:3	אֶל	413	HR
Jer 29:3	נְבוּכַדְנֶאצַּ֛ר	5019	HNp
Jer 29:3	מֶ֥לֶךְ	4428	HNcmsc
Jer 29:3	בָּבֶ֖ל	894	HNp
Jer 29:3	בָּבֶ֥לָ/ה	894	HNp/Sd
Jer 29:3	לֵ/אמֹֽר	l/559	HR/Vqc
Jer 29:4	כֹּ֥ה	3541	HD
Jer 29:4	אָמַ֛ר	559	HVqp3ms
Jer 29:4	יְהוָ֥ה	3068	HNp
Jer 29:4	צְבָא֖וֹת	6635 b	HNcbpa
Jer 29:4	אֱלֹהֵ֣י	430	HNcmpc
Jer 29:4	יִשְׂרָאֵ֑ל	3478	HNp
Jer 29:4	לְ/כָל	l/3605	HR/Ncmsc
Jer 29:4	הַ֨/גּוֹלָ֔ה	d/1473	HTd/Ncfsa
Jer 29:4	אֲשֶׁר	834 a	HTr
Jer 29:4	הִגְלֵ֥יתִי	1540	HVhp1cs
Jer 29:4	מִ/ירוּשָׁלִַ֖ם	m/3389	HR/Np
Jer 29:4	בָּבֶֽלָ/ה	894	HNp/Sd
Jer 29:5	בְּנ֥וּ	1129	HVqv2mp
Jer 29:5	בָתִּ֖ים	1004 b	HNcmpa
Jer 29:5	וְ/שֵׁ֑בוּ	c/3427	HC/Vqv2mp
Jer 29:5	וְ/נִטְע֣וּ	c/5193	HC/Vqv2mp
Jer 29:5	גַנּ֔וֹת	1593	HNcfpa
Jer 29:5	וְ/אִכְל֖וּ	c/398	HC/Vqv2mp
Jer 29:5	אֶת	853	HTo
Jer 29:5	פִּרְיָֽ/ן	6529	HNcmsc/Sp3fp
Jer 29:6	קְח֣וּ	3947	HVqv2mp
Jer 29:6	נָשִׁ֗ים	802	HNcfpa
Jer 29:6	וְ/הוֹלִידוּ֮	c/3205	HC/Vhv2mp
Jer 29:6	בָּנִ֣ים	1121 a	HNcmpa
Jer 29:6	וּ/בָנוֹת֒	c/1323	HC/Ncfpa
Jer 29:6	וּ/קְח֨וּ	c/3947	HC/Vqv2mp
Jer 29:6	לִ/בְנֵי/כֶ֜ם	l/1121 a	HR/Ncmpc/Sp2mp
Jer 29:6	נָשִׁ֗ים	802	HNcfpa
Jer 29:6	וְ/אֶת	c/853	HC/To
Jer 29:6	בְּנֽוֹתֵי/כֶם֙	1323	HNcfpc/Sp2mp
Jer 29:6	תְּנ֣וּ	5414	HVqv2mp
Jer 29:6	לַֽ/אֲנָשִׁ֔ים	l/376	HR/Ncmpa
Jer 29:6	וְ/תֵלַ֖דְנָה	c/3205	HC/Vqi3fp
Jer 29:6	בָּנִ֣ים	1121 a	HNcmpa
Jer 29:6	וּ/בָנ֑וֹת	c/1323	HC/Ncfpa
Jer 29:6	וּ/רְבוּ	c/7235 a	HC/Vqv2mp
Jer 29:6	שָׁ֖ם	8033	HD
Jer 29:6	וְ/אַל	c/408	HC/Tn
Jer 29:6	תִּמְעָֽטוּ	4591	HVqj2mp
Jer 29:7	וְ/דִרְשׁ֞וּ	c/1875	HC/Vqv2mp
Jer 29:7	אֶת	853	HTo
Jer 29:7	שְׁל֣וֹם	7965	HNcmsc
Jer 29:7	הָ/עִ֗יר	d/5892 b	HTd/Ncfsa
Jer 29:7	אֲשֶׁ֨ר	834 a	HTr
Jer 29:7	הִגְלֵ֤יתִי	1540	HVhp1cs
Jer 29:7	אֶתְ/כֶם֙	853	HTo/Sp2mp
Jer 29:7	שָׁ֔מָּ/ה	8033	HD/Sd
Jer 29:7	וְ/הִתְפַּֽלְל֥וּ	c/6419	HC/Vtv2mp
Jer 29:7	בַעֲדָ֖/הּ	1157	HR/Sp3fs
Jer 29:7	אֶל	413	HR
Jer 29:7	יְהוָ֑ה	3068	HNp
Jer 29:7	כִּ֣י	3588 a	HC
Jer 29:7	בִ/שְׁלוֹמָ֔/הּ	b/7965	HR/Ncmsc/Sp3fs
Jer 29:7	יִהְיֶ֥ה	1961	HVqi3ms
Jer 29:7	לָ/כֶ֖ם	l	HR/Sp2mp
Jer 29:7	שָׁלֽוֹם	7965	HNcmsa
Jer 29:8	כִּי֩	3588 a	HC
Jer 29:8	כֹ֨ה	3541	HD
Jer 29:8	אָמַ֜ר	559	HVqp3ms
Jer 29:8	יְהוָ֤ה	3068	HNp
Jer 29:8	צְבָאוֹת֙	6635 b	HNcbpa
Jer 29:8	אֱלֹהֵ֣י	430	HNcmpc
Jer 29:8	יִשְׂרָאֵ֔ל	3478	HNp
Jer 29:8	אַל	408	HTn
Jer 29:8	יַשִּׁ֧יאוּ	5377	HVhj3mp
Jer 29:8	לָ/כֶ֛ם	l	HR/Sp2mp
Jer 29:8	נְבִֽיאֵי/כֶ֥ם	5030	HNcmpc/Sp2mp
Jer 29:8	אֲשֶׁר	834 a	HTr
Jer 29:8	בְּ/קִרְבְּ/כֶ֖ם	b/7130	HR/Ncmsc/Sp2mp
Jer 29:8	וְ/קֹֽסְמֵי/כֶ֑ם	c/7080	HC/Vqrmpc/Sp2mp
Jer 29:8	וְ/אַֽל	c/408	HC/Tn
Jer 29:8	תִּשְׁמְעוּ֙	8085	HVqj2mp
Jer 29:8	אֶל	413	HR
Jer 29:8	חֲלֹמֹ֣תֵי/כֶ֔ם	2472	HNcmpc/Sp2mp
Jer 29:8	אֲשֶׁ֥ר	834 a	HTr
Jer 29:8	אַתֶּ֖ם	859 d	HPp2mp
Jer 29:8	מַחְלְמִֽים	2492 b	HVhrmpa
Jer 29:9	כִּ֣י	3588 a	HC
Jer 29:9	בְ/שֶׁ֔קֶר	b/8267	HR/Ncmsa
Jer 29:9	הֵ֛ם	1992	HPp3mp
Jer 29:9	נִבְּאִ֥ים	5012	HVNrmpa
Jer 29:9	לָ/כֶ֖ם	l	HR/Sp2mp
Jer 29:9	בִּ/שְׁמִ֑/י	b/8034	HR/Ncmsc/Sp1cs
Jer 29:9	לֹ֥א	3808	HTn
Jer 29:9	שְׁלַחְתִּ֖י/ם	7971	HVqp1cs/Sp3mp
Jer 29:9	נְאֻם	5002	HNcmsc
Jer 29:9	יְהוָֽה	3068	HNp
Jer 29:10	כִּֽי	3588 a	HC
Jer 29:10	כֹה֙	3541	HD
Jer 29:10	אָמַ֣ר	559	HVqp3ms
Jer 29:10	יְהוָ֔ה	3068	HNp
Jer 29:10	כִּ֠י	3588 a	HC
Jer 29:10	לְ/פִ֞י	l/6310	HR/Ncmsc
Jer 29:10	מְלֹ֧את	4390	HVqc
Jer 29:10	לְ/בָבֶ֛ל	l/894	HR/Np
Jer 29:10	שִׁבְעִ֥ים	7657	HAcbpa
Jer 29:10	שָׁנָ֖ה	8141	HNcfsa
Jer 29:10	אֶפְקֹ֣ד	6485 a	HVqi1cs
Jer 29:10	אֶתְ/כֶ֑ם	853	HTo/Sp2mp
Jer 29:10	וַ/הֲקִמֹתִ֤י	c/6965 b	HC/Vhq1cs
Jer 29:10	עֲלֵי/כֶם֙	5921 a	HR/Sp2mp
Jer 29:10	אֶת	853	HTo
Jer 29:10	דְּבָרִ֣/י	1697	HNcmsc/Sp1cs
Jer 29:10	הַ/טּ֔וֹב	d/2896 a	HTd/Aamsa
Jer 29:10	לְ/הָשִׁ֣יב	l/7725	HR/Vhc
Jer 29:10	אֶתְ/כֶ֔ם	853	HTo/Sp2mp
Jer 29:10	אֶל	413	HR
Jer 29:10	הַ/מָּק֖וֹם	d/4725	HTd/Ncmsa
Jer 29:10	הַ/זֶּֽה	d/2088	HTd/Pdxms
Jer 29:11	כִּי֩	3588 a	HC
Jer 29:11	אָנֹכִ֨י	595	HPp1cs
Jer 29:11	יָדַ֜עְתִּי	3045	HVqp1cs
Jer 29:11	אֶת	853	HTo
Jer 29:11	הַ/מַּחֲשָׁבֹ֗ת	d/4284	HTd/Ncfpa
Jer 29:11	אֲשֶׁ֧ר	834 a	HTr
Jer 29:11	אָנֹכִ֛י	595	HPp1cs
Jer 29:11	חֹשֵׁ֥ב	2803	HVqrmsa
Jer 29:11	עֲלֵי/כֶ֖ם	5921 a	HR/Sp2mp
Jer 29:11	נְאֻם	5002	HNcmsc
Jer 29:11	יְהוָ֑ה	3068	HNp
Jer 29:11	מַחְשְׁב֤וֹת	4284	HNcfpc
Jer 29:11	שָׁלוֹם֙	7965	HNcmsa
Jer 29:11	וְ/לֹ֣א	c/3808	HC/Tn
Jer 29:11	לְ/רָעָ֔ה	l/7451 c	HR/Ncfsa
Jer 29:11	לָ/תֵ֥ת	l/5414	HR/Vqc
Jer 29:11	לָ/כֶ֖ם	l	HR/Sp2mp
Jer 29:11	אַחֲרִ֥ית	319	HNcfsa
Jer 29:11	וְ/תִקְוָֽה	c/8615 b	HC/Ncfsa
Jer 29:12	וּ/קְרָאתֶ֤ם	c/7121	HC/Vqq2mp
Jer 29:12	אֹתִ/י֙	853	HTo/Sp1cs
Jer 29:12	וַֽ/הֲלַכְתֶּ֔ם	c/1980	HC/Vqq2mp
Jer 29:12	וְ/הִתְפַּלַּלְתֶּ֖ם	c/6419	HC/Vtq2mp
Jer 29:12	אֵלָ֑/י	413	HR/Sp1cs
Jer 29:12	וְ/שָׁמַעְתִּ֖י	c/8085	HC/Vqq1cs
Jer 29:12	אֲלֵי/כֶֽם	413	HR/Sp2mp
Jer 29:13	וּ/בִקַּשְׁתֶּ֥ם	c/1245	HC/Vpq2mp
Jer 29:13	אֹתִ֖/י	853	HTo/Sp1cs
Jer 29:13	וּ/מְצָאתֶ֑ם	c/4672	HC/Vqq2mp
Jer 29:13	כִּ֥י	3588 a	HC
Jer 29:13	תִדְרְשֻׁ֖/נִי	1875	HVqi2mp/Sp1cs
Jer 29:13	בְּ/כָל	b/3605	HR/Ncmsc
Jer 29:13	לְבַבְ/כֶֽם	3824	HNcmsc/Sp2mp
Jer 29:14	וְ/נִמְצֵ֣אתִי	c/4672	HC/VNq1cs
Jer 29:14	לָ/כֶם֮	l	HR/Sp2mp
Jer 29:14	נְאֻם	5002	HNcmsc
Jer 29:14	יְהוָה֒	3068	HNp
Jer 29:14	וְ/שַׁבְתִּ֣י	c/7725	HC/Vqq1cs
Jer 29:14	אֶת	853	HTo
Jer 29:14	שבית/כם	7622	HNcfsc/Sp2mp
Jer 29:14	וְ/קִבַּצְתִּ֣י	c/6908	HC/Vpq1cs
Jer 29:14	אֶ֠תְ/כֶם	853	HTo/Sp2mp
Jer 29:14	מִֽ/כָּל	m/3605	HR/Ncmsc
Jer 29:14	הַ/גּוֹיִ֞ם	d/1471 a	HTd/Ncmpa
Jer 29:14	וּ/מִ/כָּל	c/m/3605	HC/R/Ncmsc
Jer 29:14	הַ/מְּקוֹמ֗וֹת	d/4725	HTd/Ncmpa
Jer 29:14	אֲשֶׁ֨ר	834 a	HTr
Jer 29:14	הִדַּ֧חְתִּי	5080	HVhp1cs
Jer 29:14	אֶתְ/כֶ֛ם	853	HTo/Sp2mp
Jer 29:14	שָׁ֖ם	8033	HD
Jer 29:14	נְאֻם	5002	HNcmsc
Jer 29:14	יְהוָ֑ה	3068	HNp
Jer 29:14	וַ/הֲשִׁבֹתִ֣י	c/7725	HC/Vhq1cs
Jer 29:14	אֶתְ/כֶ֔ם	853	HTo/Sp2mp
Jer 29:14	אֶל	413	HR
Jer 29:14	הַ֨/מָּק֔וֹם	d/4725	HTd/Ncmsa
Jer 29:14	אֲשֶׁר	834 a	HTr
Jer 29:14	הִגְלֵ֥יתִי	1540	HVhp1cs
Jer 29:14	אֶתְ/כֶ֖ם	853	HTo/Sp2mp
Jer 29:14	מִ/שָּֽׁם	m/8033	HR/D
Jer 29:15	כִּ֖י	3588 a	HC
Jer 29:15	אֲמַרְתֶּ֑ם	559	HVqp2mp
Jer 29:15	הֵקִ֨ים	6965 b	HVhp3ms
Jer 29:15	לָ֧/נוּ	l	HR/Sp1cp
Jer 29:15	יְהוָ֛ה	3068	HNp
Jer 29:15	נְבִאִ֖ים	5030	HNcmpa
Jer 29:15	בָּבֶֽלָ/ה	894	HNp/Sd
Jer 29:16	כִּי	3588 a	HC
Jer 29:16	כֹ֣ה	3541	HD
Jer 29:16	אָמַ֣ר	559	HVqp3ms
Jer 29:16	יְהוָ֗ה	3068	HNp
Jer 29:16	אֶל	413	HR
Jer 29:16	הַ/מֶּ֨לֶךְ֙	d/4428	HTd/Ncmsa
Jer 29:16	הַ/יּוֹשֵׁב֙	d/3427	HTd/Vqrmsa
Jer 29:16	אֶל	413	HR
Jer 29:16	כִּסֵּ֣א	3678	HNcmsc
Jer 29:16	דָוִ֔ד	1732	HNp
Jer 29:16	וְ/אֶל	c/413	HC/R
Jer 29:16	כָּל	3605	HNcmsc
Jer 29:16	הָ/עָ֔ם	d/5971 a	HTd/Ncmsa
Jer 29:16	הַ/יּוֹשֵׁ֖ב	d/3427	HTd/Vqrmsa
Jer 29:16	בָּ/עִ֣יר	b/5892 b	HRd/Ncfsa
Jer 29:16	הַ/זֹּ֑את	d/2063	HTd/Pdxfs
Jer 29:16	אֲחֵי/כֶ֕ם	251	HNcmpc/Sp2mp
Jer 29:16	אֲשֶׁ֛ר	834 a	HTr
Jer 29:16	לֹֽא	3808	HTn
Jer 29:16	יָצְא֥וּ	3318	HVqp3cp
Jer 29:16	אִתְּ/כֶ֖ם	854	HR/Sp2mp
Jer 29:16	בַּ/גּוֹלָֽה	b/1473	HRd/Ncfsa
Jer 29:17	כֹּ֤ה	3541	HD
Jer 29:17	אָמַר֙	559	HVqp3ms
Jer 29:17	יְהוָ֣ה	3068	HNp
Jer 29:17	צְבָא֔וֹת	6635 b	HNcbpa
Jer 29:17	הִנְ/נִי֙	2005	HTm/Sp1cs
Jer 29:17	מְשַׁלֵּ֣חַ	7971	HVprmsa
Jer 29:17	בָּ֔/ם	b	HR/Sp3mp
Jer 29:17	אֶת	853	HTo
Jer 29:17	הַ/חֶ֖רֶב	d/2719	HTd/Ncfsa
Jer 29:17	אֶת	853	HTo
Jer 29:17	הָ/רָעָ֣ב	d/7458	HTd/Ncmsa
Jer 29:17	וְ/אֶת	c/853	HC/To
Jer 29:17	הַ/דָּ֑בֶר	d/1698	HTd/Ncmsa
Jer 29:17	וְ/נָתַתִּ֣י	c/5414	HC/Vqq1cs
Jer 29:17	אוֹתָ֗/ם	853	HTo/Sp3mp
Jer 29:17	כַּ/תְּאֵנִים֙	k/8384	HRd/Ncfpa
Jer 29:17	הַ/שֹּׁ֣עָרִ֔ים	d/8182	HTd/Aampa
Jer 29:17	אֲשֶׁ֥ר	834 a	HTr
Jer 29:17	לֹא	3808	HTn
Jer 29:17	תֵאָכַ֖לְנָה	398	HVNi3fp
Jer 29:17	מֵ/רֹֽעַ	m/7455	HR/Ncmsa
Jer 29:18	וְ/רָֽדַפְתִּי֙	c/7291	HC/Vqq1cs
Jer 29:18	אַֽחֲרֵי/הֶ֔ם	310 a	HR/Sp3mp
Jer 29:18	בַּ/חֶ֖רֶב	b/2719	HRd/Ncfsa
Jer 29:18	בָּ/רָעָ֣ב	b/7458	HRd/Ncmsa
Jer 29:18	וּ/בַ/דָּ֑בֶר	c/b/1698	HC/Rd/Ncmsa
Jer 29:18	וּ/נְתַתִּ֨י/ם	c/5414	HC/Vqq1cs/Sp3mp
Jer 29:18	ל/זועה	l/2113	HR/Ncfsa
Jer 29:18	לְ/כֹ֣ל	l/3605	HR/Ncmsc
Jer 29:18	מַמְלְכ֣וֹת	4467	HNcfpc
Jer 29:18	הָ/אָ֗רֶץ	d/776	HTd/Ncbsa
Jer 29:18	לְ/אָלָ֤ה	l/423	HR/Ncfsa
Jer 29:18	וּ/לְ/שַׁמָּה֙	c/l/8047	HC/R/Ncfsa
Jer 29:18	וְ/לִ/שְׁרֵקָ֣ה	c/l/8322	HC/R/Ncfsa
Jer 29:18	וּ/לְ/חֶרְפָּ֔ה	c/l/2781	HC/R/Ncfsa
Jer 29:18	בְּ/כָל	b/3605	HR/Ncmsc
Jer 29:18	הַ/גּוֹיִ֖ם	d/1471 a	HTd/Ncmpa
Jer 29:18	אֲשֶׁר	834 a	HTr
Jer 29:18	הִדַּחְתִּ֥י/ם	5080	HVhp1cs/Sp3mp
Jer 29:18	שָֽׁם	8033	HD
Jer 29:19	תַּ֛חַת	8478	HR
Jer 29:19	אֲשֶֽׁר	834 a	HTr
Jer 29:19	לֹא	3808	HTn
Jer 29:19	שָׁמְע֥וּ	8085	HVqp3cp
Jer 29:19	אֶל	413	HR
Jer 29:19	דְּבָרַ֖/י	1697	HNcmpc/Sp1cs
Jer 29:19	נְאֻם	5002	HNcmsc
Jer 29:19	יְהוָ֑ה	3068	HNp
Jer 29:19	אֲשֶׁר֩	834 a	HTr
Jer 29:19	שָׁלַ֨חְתִּי	7971	HVqp1cs
Jer 29:19	אֲלֵי/הֶ֜ם	413	HR/Sp3mp
Jer 29:19	אֶת	853	HTo
Jer 29:19	עֲבָדַ֤/י	5650	HNcmpc/Sp1cs
Jer 29:19	הַ/נְּבִאִים֙	d/5030	HTd/Ncmpa
Jer 29:19	הַשְׁכֵּ֣ם	7925	HVha
Jer 29:19	וְ/שָׁלֹ֔חַ	c/7971	HC/Vqa
Jer 29:19	וְ/לֹ֥א	c/3808	HC/Tn
Jer 29:19	שְׁמַעְתֶּ֖ם	8085	HVqp2mp
Jer 29:19	נְאֻם	5002	HNcmsc
Jer 29:19	יְהוָֽה	3068	HNp
Jer 29:20	וְ/אַתֶּ֖ם	c/859 d	HC/Pp2mp
Jer 29:20	שִׁמְע֣וּ	8085	HVqv2mp
Jer 29:20	דְבַר	1697	HNcmsc
Jer 29:20	יְהוָ֑ה	3068	HNp
Jer 29:20	כָּל	3605	HNcmsc
Jer 29:20	הַ֨/גּוֹלָ֔ה	d/1473	HTd/Ncfsa
Jer 29:20	אֲשֶׁר	834 a	HTr
Jer 29:20	שִׁלַּ֥חְתִּי	7971	HVpp1cs
Jer 29:20	מִ/ירוּשָׁלִַ֖ם	m/3389	HR/Np
Jer 29:20	בָּבֶֽלָ/ה	894	HNp/Sd
Jer 29:21	כֹּֽה	3541	HD
Jer 29:21	אָמַר֩	559	HVqp3ms
Jer 29:21	יְהוָ֨ה	3068	HNp
Jer 29:21	צְבָא֜וֹת	6635 b	HNcbpa
Jer 29:21	אֱלֹהֵ֣י	430	HNcmpc
Jer 29:21	יִשְׂרָאֵ֗ל	3478	HNp
Jer 29:21	אֶל	413	HR
Jer 29:21	אַחְאָ֤ב	256	HNp
Jer 29:21	בֶּן	1121 a	HNcmsc
Jer 29:21	קֽוֹלָיָה֙	6964	HNp
Jer 29:21	וְ/אֶל	c/413	HC/R
Jer 29:21	צִדְקִיָּ֣הוּ	6667	HNp
Jer 29:21	בֶן	1121 a	HNcmsc
Jer 29:21	מַֽעֲשֵׂיָ֔ה	4641	HNp
Jer 29:21	הַֽ/נִּבְּאִ֥ים	d/5012	HTd/VNrmpa
Jer 29:21	לָ/כֶ֛ם	l	HR/Sp2mp
Jer 29:21	בִּ/שְׁמִ֖/י	b/8034	HR/Ncmsc/Sp1cs
Jer 29:21	שָׁ֑קֶר	8267	HNcmsa
Jer 29:21	הִנְ/נִ֣י	2005	HTm/Sp1cs
Jer 29:21	נֹתֵ֣ן	5414	HVqrmsa
Jer 29:21	אֹתָ֗/ם	853	HTo/Sp3mp
Jer 29:21	בְּ/יַד֙	b/3027	HR/Ncbsc
Jer 29:21	נְבֽוּכַדְרֶאצַּ֣ר	5019	HNp
Jer 29:21	מֶֽלֶךְ	4428	HNcmsc
Jer 29:21	בָּבֶ֔ל	894	HNp
Jer 29:21	וְ/הִכָּ֖/ם	c/5221	HC/Vhq3ms/Sp3mp
Jer 29:21	לְ/עֵינֵי/כֶֽם	l/5869 a	HR/Ncbdc/Sp2mp
Jer 29:22	וְ/לֻקַּ֤ח	c/3947	HC/VPq3ms
Jer 29:22	מֵ/הֶם֙	m	HR/Sp3mp
Jer 29:22	קְלָלָ֔ה	7045	HNcfsa
Jer 29:22	לְ/כֹל֙	l/3605	HR/Ncmsc
Jer 29:22	גָּל֣וּת	1546	HNcfsc
Jer 29:22	יְהוּדָ֔ה	3063	HNp
Jer 29:22	אֲשֶׁ֥ר	834 a	HTr
Jer 29:22	בְּ/בָבֶ֖ל	b/894	HR/Np
Jer 29:22	לֵ/אמֹ֑ר	l/559	HR/Vqc
Jer 29:22	יְשִֽׂמְ/ךָ֤	7760 a	HVqi3ms/Sp2ms
Jer 29:22	יְהוָה֙	3068	HNp
Jer 29:22	כְּ/צִדְקִיָּ֣הוּ	k/6667	HR/Np
Jer 29:22	וּ/כְ/אֶחָ֔ב	c/k/256	HC/R/Np
Jer 29:22	אֲשֶׁר	834 a	HTr
Jer 29:22	קָלָ֥/ם	7033	HVqp3ms/Sp3mp
Jer 29:22	מֶֽלֶךְ	4428	HNcmsc
Jer 29:22	בָּבֶ֖ל	894	HNp
Jer 29:22	בָּ/אֵֽשׁ	b/784	HRd/Ncbsa
Jer 29:23	יַ֡עַן	3282	HC
Jer 29:23	אֲשֶׁר֩	834 a	HTr
Jer 29:23	עָשׂ֨וּ	6213 a	HVqp3cp
Jer 29:23	נְבָלָ֜ה	5039	HNcfsa
Jer 29:23	בְּ/יִשְׂרָאֵ֗ל	b/3478	HR/Np
Jer 29:23	וַ/יְנַֽאֲפוּ֙	c/5003	HC/Vpw3mp
Jer 29:23	אֶת	853	HTo
Jer 29:23	נְשֵׁ֣י	802	HNcfpc
Jer 29:23	רֵֽעֵי/הֶ֔ם	7453	HNcmpc/Sp3mp
Jer 29:23	וַ/יְדַבְּר֨וּ	c/1696	HC/Vpw3mp
Jer 29:23	דָבָ֤ר	1697	HNcmsa
Jer 29:23	בִּ/שְׁמִ/י֙	b/8034	HR/Ncmsc/Sp1cs
Jer 29:23	שֶׁ֔קֶר	8267	HNcmsa
Jer 29:23	אֲשֶׁ֖ר	834 a	HTr
Jer 29:23	ל֣וֹא	3808	HTn
Jer 29:23	צִוִּיתִ֑/ם	6680	HVpp1cs/Sp3mp
Jer 29:23	וְ/אָנֹכִ֛י	c/595	HC/Pp1cs
Jer 29:23	הו	1931	HPp3ms
Jer 29:23	ידע	3045	HVqrmsa
Jer 29:23	וָ/עֵ֖ד	c/5707	HC/Ncmsa
Jer 29:23	נְאֻם	5002	HNcmsc
Jer 29:23	יְהוָֽה	3068	HNp
Jer 29:24	וְ/אֶל	c/413	HC/R
Jer 29:24	שְׁמַעְיָ֥הוּ	8098	HNp
Jer 29:24	הַ/נֶּחֱלָמִ֖י	d/5161	HTd/Ngmsa
Jer 29:24	תֹּאמַ֥ר	559	HVqi2ms
Jer 29:24	לֵ/אמֹֽר	l/559	HR/Vqc
Jer 29:25	כֹּֽה	3541	HD
Jer 29:25	אָמַ֞ר	559	HVqp3ms
Jer 29:25	יְהוָ֧ה	3068	HNp
Jer 29:25	צְבָא֛וֹת	6635 b	HNcbpa
Jer 29:25	אֱלֹהֵ֥י	430	HNcmpc
Jer 29:25	יִשְׂרָאֵ֖ל	3478	HNp
Jer 29:25	לֵ/אמֹ֑ר	l/559	HR/Vqc
Jer 29:25	יַ֡עַן	3282	HC
Jer 29:25	אֲשֶׁ֣ר	834 a	HTr
Jer 29:25	אַתָּה֩	859 a	HPp2ms
Jer 29:25	שָׁלַ֨חְתָּ	7971	HVqp2ms
Jer 29:25	בְ/שִׁמְ/כָ֜ה	b/8034	HR/Ncmsc/Sp2ms
Jer 29:25	סְפָרִ֗ים	5612 a	HNcmpa
Jer 29:25	אֶל	413	HR
Jer 29:25	כָּל	3605	HNcmsc
Jer 29:25	הָ/עָם֙	d/5971 a	HTd/Ncmsa
Jer 29:25	אֲשֶׁ֣ר	834 a	HTr
Jer 29:25	בִּ/ירוּשָׁלִַ֔ם	b/3389	HR/Np
Jer 29:25	וְ/אֶל	c/413	HC/R
Jer 29:25	צְפַנְיָ֤ה	6846	HNp
Jer 29:25	בֶן	1121 a	HNcmsc
Jer 29:25	מַֽעֲשֵׂיָה֙	4641	HNp
Jer 29:25	הַ/כֹּהֵ֔ן	d/3548	HTd/Ncmsa
Jer 29:25	וְ/אֶ֥ל	c/413	HC/R
Jer 29:25	כָּל	3605	HNcmsc
Jer 29:25	הַ/כֹּהֲנִ֖ים	d/3548	HTd/Ncmpa
Jer 29:25	לֵ/אמֹֽר	l/559	HR/Vqc
Jer 29:26	יְהוָ֞ה	3068	HNp
Jer 29:26	נְתָנְ/ךָ֣	5414	HVqp3ms/Sp2ms
Jer 29:26	כֹהֵ֗ן	3548	HNcmsa
Jer 29:26	תַּ֚חַת	8478	HR
Jer 29:26	יְהוֹיָדָ֣ע	3077	HNp
Jer 29:26	הַ/כֹּהֵ֔ן	d/3548	HTd/Ncmsa
Jer 29:26	לִֽ/הְי֤וֹת	l/1961	HR/Vqc
Jer 29:26	פְּקִדִים֙	6496	HNcmpa
Jer 29:26	בֵּ֣ית	1004 b	HNcmsc
Jer 29:26	יְהוָ֔ה	3068	HNp
Jer 29:26	לְ/כָל	l/3605	HR/Ncmsc
Jer 29:26	אִ֥ישׁ	376	HNcmsa
Jer 29:26	מְשֻׁגָּ֖ע	7696	HVPsmsa
Jer 29:26	וּ/מִתְנַבֵּ֑א	c/5012	HC/Vtrmsa
Jer 29:26	וְ/נָתַתָּ֥ה	c/5414	HC/Vqq2ms
Jer 29:26	אֹת֛/וֹ	853	HTo/Sp3ms
Jer 29:26	אֶל	413	HR
Jer 29:26	הַ/מַּהְפֶּ֖כֶת	d/4115	HTd/Ncfsa
Jer 29:26	וְ/אֶל	c/413	HC/R
Jer 29:26	הַ/צִּינֹֽק	d/6729	HTd/Ncmsa
Jer 29:27	וְ/עַתָּ֗ה	c/6258	HC/D
Jer 29:27	לָ֚/מָּה	l/4100	HR/Ti
Jer 29:27	לֹ֣א	3808	HTn
Jer 29:27	גָעַ֔רְתָּ	1605	HVqp2ms
Jer 29:27	בְּ/יִרְמְיָ֖הוּ	b/3414	HR/Np
Jer 29:27	הָֽ/עֲנְּתֹתִ֑י	d/6069	HTd/Ngmsa
Jer 29:27	הַ/מִּתְנַבֵּ֖א	d/5012	HTd/Vtrmsa
Jer 29:27	לָ/כֶֽם	l	HR/Sp2mp
Jer 29:28	כִּ֣י	3588 c	HC
Jer 29:28	עַל	5921 b	HR
Jer 29:28	כֵּ֞ן	3651 b	HTm
Jer 29:28	שָׁלַ֥ח	7971	HVqp3ms
Jer 29:28	אֵלֵ֛י/נוּ	413	HR/Sp1cp
Jer 29:28	בָּבֶ֥ל	894	HNp
Jer 29:28	לֵ/אמֹ֖ר	l/559	HR/Vqc
Jer 29:28	אֲרֻכָּ֣ה	752	HAafsa
Jer 29:28	הִ֑יא	1931	HPp3fs
Jer 29:28	בְּנ֤וּ	1129	HVqv2mp
Jer 29:28	בָתִּים֙	1004 b	HNcmpa
Jer 29:28	וְ/שֵׁ֔בוּ	c/3427	HC/Vqv2mp
Jer 29:28	וְ/נִטְע֣וּ	c/5193	HC/Vqv2mp
Jer 29:28	גַנּ֔וֹת	1593	HNcfpa
Jer 29:28	וְ/אִכְל֖וּ	c/398	HC/Vqv2mp
Jer 29:28	אֶת	853	HTo
Jer 29:28	פְּרִי/הֶֽן	6529	HNcmsc/Sp3fp
Jer 29:29	וַ/יִּקְרָ֛א	c/7121	HC/Vqw3ms
Jer 29:29	צְפַנְיָ֥ה	6846	HNp
Jer 29:29	הַ/כֹּהֵ֖ן	d/3548	HTd/Ncmsa
Jer 29:29	אֶת	853	HTo
Jer 29:29	הַ/סֵּ֣פֶר	d/5612 a	HTd/Ncmsa
Jer 29:29	הַ/זֶּ֑ה	d/2088	HTd/Pdxms
Jer 29:29	בְּ/אָזְנֵ֖י	b/241	HR/Ncfdc
Jer 29:29	יִרְמְיָ֥הוּ	3414	HNp
Jer 29:29	הַ/נָּבִֽיא	d/5030	HTd/Ncmsa
Jer 29:30	וַֽ/יְהִי֙	c/1961	HC/Vqw3ms
Jer 29:30	דְּבַר	1697	HNcmsc
Jer 29:30	יְהוָ֔ה	3068	HNp
Jer 29:30	אֶֽל	413	HR
Jer 29:30	יִרְמְיָ֖הוּ	3414	HNp
Jer 29:30	לֵ/אמֹֽר	l/559	HR/Vqc
Jer 29:31	שְׁלַ֤ח	7971	HVqv2ms
Jer 29:31	עַל	5921 a	HR
Jer 29:31	כָּל	3605	HNcmsc
Jer 29:31	הַ/גּוֹלָה֙	d/1473	HTd/Ncfsa
Jer 29:31	לֵ/אמֹ֔ר	l/559	HR/Vqc
Jer 29:31	כֹּ֚ה	3541	HD
Jer 29:31	אָמַ֣ר	559	HVqp3ms
Jer 29:31	יְהוָ֔ה	3068	HNp
Jer 29:31	אֶל	413	HR
Jer 29:31	שְׁמַעְיָ֖ה	8098	HNp
Jer 29:31	הַ/נֶּחֱלָמִ֑י	d/5161	HTd/Ngmsa
Jer 29:31	יַ֡עַן	3282	HC
Jer 29:31	אֲשֶׁר֩	834 a	HTr
Jer 29:31	נִבָּ֨א	5012	HVNp3ms
Jer 29:31	לָ/כֶ֜ם	l	HR/Sp2mp
Jer 29:31	שְׁמַעְיָ֗ה	8098	HNp
Jer 29:31	וַֽ/אֲנִי֙	c/589	HC/Pp1cs
Jer 29:31	לֹ֣א	3808	HTn
Jer 29:31	שְׁלַחְתִּ֔י/ו	7971	HVqp1cs/Sp3ms
Jer 29:31	וַ/יַּבְטַ֥ח	c/982	HC/Vhw3ms
Jer 29:31	אֶתְ/כֶ֖ם	853	HTo/Sp2mp
Jer 29:31	עַל	5921 a	HR
Jer 29:31	שָֽׁקֶר	8267	HNcmsa
Jer 29:32	לָ/כֵ֞ן	l/3651 c	HR/D
Jer 29:32	כֹּֽה	3541	HD
Jer 29:32	אָמַ֣ר	559	HVqp3ms
Jer 29:32	יְהוָ֗ה	3068	HNp
Jer 29:32	הִנְ/נִ֨י	2005	HTm/Sp1cs
Jer 29:32	פֹקֵ֜ד	6485 a	HVqrmsa
Jer 29:32	עַל	5921 a	HR
Jer 29:32	שְׁמַעְיָ֣ה	8098	HNp
Jer 29:32	הַ/נֶּחֱלָמִי֮	d/5161	HTd/Ngmsa
Jer 29:32	וְ/עַל	c/5921 a	HC/R
Jer 29:32	זַרְע/וֹ֒	2233	HNcmsc/Sp3ms
Jer 29:32	לֹא	3808	HTn
Jer 29:32	יִהְיֶ֨ה	1961	HVqi3ms
Jer 29:32	ל֜/וֹ	l	HR/Sp3ms
Jer 29:32	אִ֣ישׁ	376	HNcmsa
Jer 29:32	יוֹשֵׁ֣ב	3427	HVqrmsa
Jer 29:32	בְּ/תוֹךְ	b/8432	HR/Ncmsc
Jer 29:32	הָ/עָ֣ם	d/5971 a	HTd/Ncmsa
Jer 29:32	הַ/זֶּ֗ה	d/2088	HTd/Pdxms
Jer 29:32	וְ/לֹֽא	c/3808	HC/Tn
Jer 29:32	יִרְאֶ֥ה	7200	HVqi3ms
Jer 29:32	בַ/טּ֛וֹב	b/2896 b	HRd/Aamsa
Jer 29:32	אֲשֶׁר	834 a	HTr
Jer 29:32	אֲנִ֥י	589	HPp1cs
Jer 29:32	עֹשֶֽׂה	6213 a	HVqrmsa
Jer 29:32	לְ/עַמִּ֖/י	l/5971 a	HR/Ncmsc/Sp1cs
Jer 29:32	נְאֻם	5002	HNcmsc
Jer 29:32	יְהוָ֑ה	3068	HNp
Jer 29:32	כִּֽי	3588 a	HC
Jer 29:32	סָרָ֥ה	5627	HNcfsa
Jer 29:32	דִבֶּ֖ר	1696	HVpp3ms
Jer 29:32	עַל	5921 a	HR
Jer 29:32	יְהוָֽה	3068	HNp
Jer 30:1	הַ/דָּבָר֙	d/1697	HTd/Ncmsa
Jer 30:1	אֲשֶׁ֣ר	834 a	HTr
Jer 30:1	הָיָ֣ה	1961	HVqp3ms
Jer 30:1	אֶֽל	413	HR
Jer 30:1	יִרְמְיָ֔הוּ	3414	HNp
Jer 30:1	מֵ/אֵ֥ת	m/854	HR/R
Jer 30:1	יְהוָ֖ה	3068	HNp
Jer 30:1	לֵ/אמֹֽר	l/559	HR/Vqc
Jer 30:2	כֹּֽה	3541	HD
Jer 30:2	אָמַ֧ר	559	HVqp3ms
Jer 30:2	יְהוָ֛ה	3068	HNp
Jer 30:2	אֱלֹהֵ֥י	430	HNcmpc
Jer 30:2	יִשְׂרָאֵ֖ל	3478	HNp
Jer 30:2	לֵ/אמֹ֑ר	l/559	HR/Vqc
Jer 30:2	כְּתָב	3789	HVqv2ms
Jer 30:2	לְ/ךָ֗	l	HR/Sp2ms
Jer 30:2	אֵ֧ת	853	HTo
Jer 30:2	כָּל	3605	HNcmsc
Jer 30:2	הַ/דְּבָרִ֛ים	d/1697	HTd/Ncmpa
Jer 30:2	אֲשֶׁר	834 a	HTr
Jer 30:2	דִּבַּ֥רְתִּי	1696	HVpp1cs
Jer 30:2	אֵלֶ֖י/ךָ	413	HR/Sp2ms
Jer 30:2	אֶל	413	HR
Jer 30:2	סֵֽפֶר	5612 a	HNcmsa
Jer 30:3	כִּ֠י	3588 a	HC
Jer 30:3	הִנֵּ֨ה	2009	HTm
Jer 30:3	יָמִ֤ים	3117	HNcmpa
Jer 30:3	בָּאִים֙	935	HVqrmpa
Jer 30:3	נְאֻם	5002	HNcmsc
Jer 30:3	יְהוָ֔ה	3068	HNp
Jer 30:3	וְ֠/שַׁבְתִּי	c/7725	HC/Vqq1cs
Jer 30:3	אֶת	853	HTo
Jer 30:3	שְׁב֨וּת	7622	HNcfsc
Jer 30:3	עַמִּ֧/י	5971 a	HNcmsc/Sp1cs
Jer 30:3	יִשְׂרָאֵ֛ל	3478	HNp
Jer 30:3	וִֽ/יהוּדָ֖ה	c/3063	HC/Np
Jer 30:3	אָמַ֣ר	559	HVqp3ms
Jer 30:3	יְהוָ֑ה	3068	HNp
Jer 30:3	וַ/הֲשִׁבֹתִ֗י/ם	c/7725	HC/Vhp1cs/Sp3mp
Jer 30:3	אֶל	413	HR
Jer 30:3	הָ/אָ֛רֶץ	d/776	HTd/Ncbsa
Jer 30:3	אֲשֶׁר	834 a	HTr
Jer 30:3	נָתַ֥תִּי	5414	HVqp1cs
Jer 30:3	לַ/אֲבוֹתָ֖/ם	l/1	HR/Ncmpc/Sp3mp
Jer 30:3	וִֽ/ירֵשֽׁוּ/הָ	c/3423	HC/Vqq3cp/Sp3fs
Jer 30:4	וְ/אֵ֣לֶּה	c/428	HC/Pdxcp
Jer 30:4	הַ/דְּבָרִ֗ים	d/1697	HTd/Ncmpa
Jer 30:4	אֲשֶׁ֨ר	834 a	HTr
Jer 30:4	דִּבֶּ֧ר	1696	HVpp3ms
Jer 30:4	יְהוָ֛ה	3068	HNp
Jer 30:4	אֶל	413	HR
Jer 30:4	יִשְׂרָאֵ֖ל	3478	HNp
Jer 30:4	וְ/אֶל	c/413	HC/R
Jer 30:4	יְהוּדָֽה	3063	HNp
Jer 30:5	כִּי	3588 a	HC
Jer 30:5	כֹה֙	3541	HD
Jer 30:5	אָמַ֣ר	559	HVqp3ms
Jer 30:5	יְהוָ֔ה	3068	HNp
Jer 30:5	ק֥וֹל	6963 a	HNcmsc
Jer 30:5	חֲרָדָ֖ה	2731	HNcfsa
Jer 30:5	שָׁמָ֑עְנוּ	8085	HVqp1cp
Jer 30:5	פַּ֖חַד	6343	HNcmsa
Jer 30:5	וְ/אֵ֥ין	c/369	HC/Tn
Jer 30:5	שָׁלֽוֹם	7965	HNcmsa
Jer 30:6	שַׁאֲלוּ	7592	HVqv2mp
Jer 30:6	נָ֣א	4994	HTe
Jer 30:6	וּ/רְא֔וּ	c/7200	HC/Vqv2mp
Jer 30:6	אִם	518 a	HC
Jer 30:6	יֹלֵ֖ד	3205	HVqrmsa
Jer 30:6	זָכָ֑ר	2145	HAamsa
Jer 30:6	מַדּוּעַ֩	4069	HTi
Jer 30:6	רָאִ֨יתִי	7200	HVqp1cs
Jer 30:6	כָל	3605	HNcmsc
Jer 30:6	גֶּ֜בֶר	1397	HNcmsa
Jer 30:6	יָדָ֤י/ו	3027	HNcbdc/Sp3ms
Jer 30:6	עַל	5921 a	HR
Jer 30:6	חֲלָצָי/ו֙	2504	HNcbdc/Sp3ms
Jer 30:6	כַּ/יּ֣וֹלֵדָ֔ה	k/3205	HRd/Vqrfsa
Jer 30:6	וְ/נֶהֶפְכ֥וּ	c/2015	HC/VNq3cp
Jer 30:6	כָל	3605	HNcmsc
Jer 30:6	פָּנִ֖ים	6440	HNcbpa
Jer 30:6	לְ/יֵרָקֽוֹן	l/3420	HR/Ncmsa
Jer 30:7	ה֗וֹי	1945	HTj
Jer 30:7	כִּ֥י	3588 a	HC
Jer 30:7	גָד֛וֹל	1419 a	HAamsa
Jer 30:7	הַ/יּ֥וֹם	d/3117	HTd/Ncmsa
Jer 30:7	הַ/ה֖וּא	d/1931	HTd/Pp3ms
Jer 30:7	מֵ/אַ֣יִן	m/369	HR/Tn
Jer 30:7	כָּמֹ֑/הוּ	3644	HR/Sp3ms
Jer 30:7	וְ/עֵֽת	c/6256	HC/Ncbsc
Jer 30:7	צָרָ֥ה	6869 b	HNcfsa
Jer 30:7	הִיא֙	1931	HPp3fs
Jer 30:7	לְ/יַֽעֲקֹ֔ב	l/3290	HR/Np
Jer 30:7	וּ/מִמֶּ֖/נָּה	c/4480 a	HC/R/Sp3fs
Jer 30:7	יִוָּשֵֽׁעַ	3467	HVNi3ms
Jer 30:8	וְ/הָיָה֩	c/1961	HC/Vqq3ms
Jer 30:8	בַ/יּ֨וֹם	b/3117	HRd/Ncmsa
Jer 30:8	הַ/ה֜וּא	d/1931	HTd/Pp3ms
Jer 30:8	נְאֻ֣ם	5002	HNcmsc
Jer 30:8	יְהוָ֣ה	3068	HNp
Jer 30:8	צְבָא֗וֹת	6635 b	HNcbpa
Jer 30:8	אֶשְׁבֹּ֤ר	7665	HVqi1cs
Jer 30:8	עֻלּ/וֹ֙	5923	HNcmsc/Sp3ms
Jer 30:8	מֵ/עַ֣ל	m/5921 a	HR/R
Jer 30:8	צַוָּארֶ֔/ךָ	6677 a	HNcmsc/Sp2ms
Jer 30:8	וּ/מוֹסְרוֹתֶ֖י/ךָ	c/4147	HC/Ncbpc/Sp2ms
Jer 30:8	אֲנַתֵּ֑ק	5423	HVpi1cs
Jer 30:8	וְ/לֹא	c/3808	HC/Tn
Jer 30:8	יַעַבְדוּ	5647	HVqi3mp
Jer 30:8	ב֥/וֹ	b	HR/Sp3ms
Jer 30:8	ע֖וֹד	5750	HD
Jer 30:8	זָרִֽים	2114 a	HAampa
Jer 30:9	וְ/עָ֣בְד֔וּ	c/5647	HC/Vqq3cp
Jer 30:9	אֵ֖ת	853	HTo
Jer 30:9	יְהוָ֣ה	3068	HNp
Jer 30:9	אֱלֹֽהֵי/הֶ֑ם	430	HNcmpc/Sp3mp
Jer 30:9	וְ/אֵת֙	c/853	HC/To
Jer 30:9	דָּוִ֣ד	1732	HNp
Jer 30:9	מַלְכָּ֔/ם	4428	HNcmsc/Sp3mp
Jer 30:9	אֲשֶׁ֥ר	834 a	HTr
Jer 30:9	אָקִ֖ים	6965 b	HVhi1cs
Jer 30:9	לָ/הֶֽם	l	HR/Sp3mp
Jer 30:10	וְ/אַתָּ֡ה	c/859 a	HC/Pp2ms
Jer 30:10	אַל	408	HTn
Jer 30:10	תִּירָא֩	3372	HVqj2ms
Jer 30:10	עַבְדִּ֨/י	5650	HNcmsc/Sp1cs
Jer 30:10	יַעֲקֹ֤ב	3290	HNp
Jer 30:10	נְאֻם	5002	HNcmsc
Jer 30:10	יְהֹוָה֙	3068	HNp
Jer 30:10	וְ/אַל	c/408	HC/Tn
Jer 30:10	תֵּחַ֣ת	2865	HVNj2ms
Jer 30:10	יִשְׂרָאֵ֔ל	3478	HNp
Jer 30:10	כִּ֠י	3588 a	HC
Jer 30:10	הִנְ/נִ֤י	2005	HTm/Sp1cs
Jer 30:10	מוֹשִֽׁיעֲ/ךָ֙	3467	HVhrmsc/Sp2ms
Jer 30:10	מֵֽ/רָח֔וֹק	m/7350	HR/Aamsa
Jer 30:10	וְ/אֶֽת	c/853	HC/To
Jer 30:10	זַרְעֲ/ךָ֖	2233	HNcmsc/Sp2ms
Jer 30:10	מֵ/אֶ֣רֶץ	m/776	HR/Ncbsc
Jer 30:10	שִׁבְיָ֑/ם	7628 a	HNcbsc/Sp3mp
Jer 30:10	וְ/שָׁ֧ב	c/7725	HC/Vqq3ms
Jer 30:10	יַעֲקֹ֛ב	3290	HNp
Jer 30:10	וְ/שָׁקַ֥ט	c/8252	HC/Vqq3ms
Jer 30:10	וְ/שַׁאֲנַ֖ן	c/7599	HC/Vkq3ms
Jer 30:10	וְ/אֵ֥ין	c/369	HC/Tn
Jer 30:10	מַחֲרִֽיד	2729	HVhrmsa
Jer 30:11	כִּֽי	3588 a	HC
Jer 30:11	אִתְּ/ךָ֥	854	HR/Sp2ms
Jer 30:11	אֲנִ֛י	589	HPp1cs
Jer 30:11	נְאֻם	5002	HNcmsc
Jer 30:11	יְהוָ֖ה	3068	HNp
Jer 30:11	לְ/הֽוֹשִׁיעֶ֑/ךָ	l/3467	HR/Vhc/Sp2ms
Jer 30:11	כִּי֩	3588 a	HC
Jer 30:11	אֶעֱשֶׂ֨ה	6213 a	HVqi1cs
Jer 30:11	כָלָ֜ה	3617	HNcfsa
Jer 30:11	בְּ/כָֽל	b/3605	HR/Ncmsc
Jer 30:11	הַ/גּוֹיִ֣ם	d/1471 a	HTd/Ncmpa
Jer 30:11	אֲשֶׁ֧ר	834 a	HTr
Jer 30:11	הֲפִצוֹתִ֣י/ךָ	6327 a	HVhp1cs/Sp2ms
Jer 30:11	שָּׁ֗ם	8033	HD
Jer 30:11	אַ֤ךְ	389	HTa
Jer 30:11	אֹֽתְ/ךָ֙	853	HTo/Sp2ms
Jer 30:11	לֹֽא	3808	HTn
Jer 30:11	אֶעֱשֶׂ֣ה	6213 a	HVqi1cs
Jer 30:11	כָלָ֔ה	3617	HNcfsa
Jer 30:11	וְ/יִסַּרְתִּ֨י/ךָ֙	c/3256	HC/Vpq1cs/Sp2ms
Jer 30:11	לַ/מִּשְׁפָּ֔ט	l/4941	HRd/Ncmsa
Jer 30:11	וְ/נַקֵּ֖ה	c/5352	HC/Vpa
Jer 30:11	לֹ֥א	3808	HTn
Jer 30:11	אֲנַקֶּֽ/ךָּ	5352	HVpi1cs/Sp2ms
Jer 30:12	כִּ֣י	3588 a	HC
Jer 30:12	כֹ֥ה	3541	HD
Jer 30:12	אָמַ֛ר	559	HVqp3ms
Jer 30:12	יְהוָ֖ה	3068	HNp
Jer 30:12	אָנ֣וּשׁ	605	HAamsa
Jer 30:12	לְ/שִׁבְרֵ֑/ךְ	l/7667	HR/Ncmsc/Sp2fs
Jer 30:12	נַחְלָ֖ה	2470 a	HVNrfsa
Jer 30:12	מַכָּתֵֽ/ךְ	4347	HNcfsc/Sp2fs
Jer 30:13	אֵֽין	369	HTn
Jer 30:13	דָּ֥ן	1777	HVqrmsa
Jer 30:13	דִּינֵ֖/ךְ	1779	HNcmsc/Sp2fs
Jer 30:13	לְ/מָז֑וֹר	l/4205	HR/Ncmsa
Jer 30:13	רְפֻא֥וֹת	7499	HNcfpc
Jer 30:13	תְּעָלָ֖ה	8585 b	HNcfsa
Jer 30:13	אֵ֥ין	369	HTn
Jer 30:13	לָֽ/ךְ	l	HR/Sp2fs
Jer 30:14	כָּל	3605	HNcmsc
Jer 30:14	מְאַהֲבַ֣יִ/ךְ	157	HVprmpc/Sp2fs
Jer 30:14	שְׁכֵח֔וּ/ךְ	7911	HVqp3cp/Sp2fs
Jer 30:14	אוֹתָ֖/ךְ	853	HTo/Sp2fs
Jer 30:14	לֹ֣א	3808	HTn
Jer 30:14	יִדְרֹ֑שׁוּ	1875	HVqi3mp
Jer 30:14	כִּי֩	3588 a	HC
Jer 30:14	מַכַּ֨ת	4347	HNcfsc
Jer 30:14	אוֹיֵ֤ב	341	HVqrmsa
Jer 30:14	הִכִּיתִי/ךְ֙	5221	HVhp1cs/Sp2fs
Jer 30:14	מוּסַ֣ר	4148	HNcmsc
Jer 30:14	אַכְזָרִ֔י	394	HAamsa
Jer 30:14	עַ֚ל	5921 a	HR
Jer 30:14	רֹ֣ב	7230	HNcbsc
Jer 30:14	עֲוֺנֵ֔/ךְ	5771	HNcbsc/Sp2fs
Jer 30:14	עָצְמ֖וּ	6105 a	HVqp3cp
Jer 30:14	חַטֹּאתָֽיִ/ךְ	2403 b	HNcfpc/Sp2fs
Jer 30:15	מַה	4100	HTi
Jer 30:15	תִּזְעַק֙	2199	HVqi2ms
Jer 30:15	עַל	5921 a	HR
Jer 30:15	שִׁבְרֵ֔/ךְ	7667	HNcmsc/Sp2fs
Jer 30:15	אָנ֖וּשׁ	605	HAamsa
Jer 30:15	מַכְאֹבֵ֑/ךְ	4341	HNcmsc/Sp2fs
Jer 30:15	עַ֣ל	5921 a	HR
Jer 30:15	רֹ֣ב	7230	HNcbsc
Jer 30:15	עֲוֺנֵ֗/ךְ	5771	HNcbsc/Sp2fs
Jer 30:15	עָֽצְמוּ֙	6105 a	HVqp3cp
Jer 30:15	חַטֹּאתַ֔יִ/ךְ	2403 b	HNcfpc/Sp2fs
Jer 30:15	עָשִׂ֥יתִי	6213 a	HVqp1cs
Jer 30:15	אֵ֖לֶּה	428	HPdxcp
Jer 30:15	לָֽ/ךְ	l	HR/Sp2fs
Jer 30:16	לָ/כֵ֞ן	l/3651 c	HR/D
Jer 30:16	כָּל	3605	HNcmsc
Jer 30:16	אֹכְלַ֨יִ/ךְ֙	398	HVqrmpc/Sp2fs
Jer 30:16	יֵאָכֵ֔לוּ	398	HVNi3mp
Jer 30:16	וְ/כָל	c/3605	HC/Ncmsc
Jer 30:16	צָרַ֥יִ/ךְ	6862 c	HNcmpc/Sp2fs
Jer 30:16	כֻּלָּ֖/ם	3605	HNcmsc/Sp3mp
Jer 30:16	בַּ/שְּׁבִ֣י	b/7628 a	HRd/Ncbsa
Jer 30:16	יֵלֵ֑כוּ	3212	HVqi3mp
Jer 30:16	וְ/הָי֤וּ	c/1961	HC/Vqq3cp
Jer 30:16	שֹׁאסַ֨יִ/ךְ֙	7601	HVqrmpc/Sp2fs
Jer 30:16	לִ/מְשִׁסָּ֔ה	l/4933	HR/Ncfsa
Jer 30:16	וְ/כָל	c/3605	HC/Ncmsc
Jer 30:16	בֹּזְזַ֖יִ/ךְ	962	HVqrmpc/Sp2fs
Jer 30:16	אֶתֵּ֥ן	5414	HVqi1cs
Jer 30:16	לָ/בַֽז	l/957	HR/Ncmsa
Jer 30:17	כִּי֩	3588 a	HC
Jer 30:17	אַעֲלֶ֨ה	5927	HVhi1cs
Jer 30:17	אֲרֻכָ֥ה	724	HNcfsa
Jer 30:17	לָ֛/ךְ	l	HR/Sp2fs
Jer 30:17	וּ/מִ/מַּכּוֹתַ֥יִ/ךְ	c/m/4347	HC/R/Ncfpc/Sp2fs
Jer 30:17	אֶרְפָּאֵ֖/ךְ	7495	HVqi1cs/Sp2fs
Jer 30:17	נְאֻם	5002	HNcmsc
Jer 30:17	יְהוָ֑ה	3068	HNp
Jer 30:17	כִּ֤י	3588 a	HC
Jer 30:17	נִדָּחָה֙	5080	HVNsfsa
Jer 30:17	קָ֣רְאוּ	7121	HVqp3cp
Jer 30:17	לָ֔/ךְ	l	HR/Sp2fs
Jer 30:17	צִיּ֣וֹן	6726	HNp
Jer 30:17	הִ֔יא	1931	HPp3fs
Jer 30:17	דֹּרֵ֖שׁ	1875	HVqrmsa
Jer 30:17	אֵ֥ין	369	HTn
Jer 30:17	לָֽ/הּ	l	HR/Sp3fs
Jer 30:18	כֹּ֣ה	3541	HD
Jer 30:18	אָמַ֣ר	559	HVqp3ms
Jer 30:18	יְהוָ֗ה	3068	HNp
Jer 30:18	הִנְ/נִי	2005	HTm/Sp1cs
Jer 30:18	שָׁב֙	7725	HVqrmsa
Jer 30:18	שְׁבוּת֙	7622	HNcfsc
Jer 30:18	אָהֳלֵ֣י	168	HNcmpc
Jer 30:18	יַֽעֲק֔וֹב	3290	HNp
Jer 30:18	וּ/מִשְׁכְּנֹתָ֖י/ו	c/4908	HC/Ncmpc/Sp3ms
Jer 30:18	אֲרַחֵ֑ם	7355	HVpi1cs
Jer 30:18	וְ/נִבְנְתָ֥ה	c/1129	HC/VNq3fs
Jer 30:18	עִיר֙	5892 b	HNcfsa
Jer 30:18	עַל	5921 a	HR
Jer 30:18	תִּלָּ֔/הּ	8510	HNcmsc/Sp3fs
Jer 30:18	וְ/אַרְמ֖וֹן	c/759	HC/Ncmsa
Jer 30:18	עַל	5921 a	HR
Jer 30:18	מִשְׁפָּט֥/וֹ	4941	HNcmsc/Sp3ms
Jer 30:18	יֵשֵֽׁב	3427	HVqi3ms
Jer 30:19	וְ/יָצָ֥א	c/3318	HC/Vqq3ms
Jer 30:19	מֵ/הֶ֛ם	m	HR/Sp3mp
Jer 30:19	תּוֹדָ֖ה	8426	HNcfsa
Jer 30:19	וְ/ק֣וֹל	c/6963 a	HC/Ncmsc
Jer 30:19	מְשַׂחֲקִ֑ים	7832	HVprmpa
Jer 30:19	וְ/הִרְבִּתִי/ם֙	c/7235 a	HC/Vhq1cs/Sp3mp
Jer 30:19	וְ/לֹ֣א	c/3808	HC/Tn
Jer 30:19	יִמְעָ֔טוּ	4591	HVqi3mp
Jer 30:19	וְ/הִכְבַּדְתִּ֖י/ם	c/3513	HC/Vhq1cs/Sp3mp
Jer 30:19	וְ/לֹ֥א	c/3808	HC/Tn
Jer 30:19	יִצְעָֽרוּ	6819	HVqi3mp
Jer 30:20	וְ/הָי֤וּ	c/1961	HC/Vqq3cp
Jer 30:20	בָנָי/ו֙	1121 a	HNcmpc/Sp3ms
Jer 30:20	כְּ/קֶ֔דֶם	k/6924 a	HR/Ncmsa
Jer 30:20	וַ/עֲדָת֖/וֹ	c/5712	HC/Ncfsc/Sp3ms
Jer 30:20	לְ/פָנַ֣/י	l/6440	HR/Ncbpc/Sp1cs
Jer 30:20	תִּכּ֑וֹן	3559 a	HVNi3fs
Jer 30:20	וּ/פָ֣קַדְתִּ֔י	c/6485 a	HC/Vqq1cs
Jer 30:20	עַ֖ל	5921 a	HR
Jer 30:20	כָּל	3605	HNcmsc
Jer 30:20	לֹחֲצָֽי/ו	3905	HVqrmpc/Sp3ms
Jer 30:21	וְ/הָיָ֨ה	c/1961	HC/Vqq3ms
Jer 30:21	אַדִּיר֜/וֹ	117	HAamsc/Sp3ms
Jer 30:21	מִמֶּ֗/נּוּ	4480 a	HR/Sp1cp
Jer 30:21	וּ/מֹֽשְׁל/וֹ֙	c/4910	HC/Vqrmsc/Sp3ms
Jer 30:21	מִ/קִּרְבּ֣/וֹ	m/7130	HR/Ncmsc/Sp3ms
Jer 30:21	יֵצֵ֔א	3318	HVqi3ms
Jer 30:21	וְ/הִקְרַבְתִּ֖י/ו	c/7126	HC/Vhq1cs/Sp3ms
Jer 30:21	וְ/נִגַּ֣שׁ	c/5066	HC/VNq3ms
Jer 30:21	אֵלָ֑/י	413	HR/Sp1cs
Jer 30:21	כִּי֩	3588 a	HC
Jer 30:21	מִ֨י	4310	HTi
Jer 30:21	הוּא	1931	HPp3ms
Jer 30:21	זֶ֜ה	2088	HPdxms
Jer 30:21	עָרַ֧ב	6148	HVqp3ms
Jer 30:21	אֶת	853	HTo
Jer 30:21	לִבּ֛/וֹ	3820 a	HNcmsc/Sp3ms
Jer 30:21	לָ/גֶ֥שֶׁת	l/5066	HR/Vqc
Jer 30:21	אֵלַ֖/י	413	HR/Sp1cs
Jer 30:21	נְאֻם	5002	HNcmsc
Jer 30:21	יְהוָֽה	3068	HNp
Jer 30:22	וִ/הְיִ֥יתֶם	c/1961	HC/Vqq2mp
Jer 30:22	לִ֖/י	l	HR/Sp1cs
Jer 30:22	לְ/עָ֑ם	l/5971 a	HR/Ncmsa
Jer 30:22	וְ/אָ֣נֹכִ֔י	c/595	HC/Pp1cs
Jer 30:22	אֶהְיֶ֥ה	1961	HVqi1cs
Jer 30:22	לָ/כֶ֖ם	l	HR/Sp2mp
Jer 30:22	לֵ/אלֹהִֽים	l/430	HR/Ncmpa
Jer 30:23	הִנֵּ֣ה	2009	HTm
Jer 30:23	סַעֲרַ֣ת	5591 b	HNcfsc
Jer 30:23	יְהוָ֗ה	3068	HNp
Jer 30:23	חֵמָה֙	2534	HNcfsa
Jer 30:23	יָֽצְאָ֔ה	3318	HVqp3fs
Jer 30:23	סַ֖עַר	5591 a	HNcmsa
Jer 30:23	מִתְגּוֹרֵ֑ר	1641	HVrrmsa
Jer 30:23	עַ֛ל	5921 a	HR
Jer 30:23	רֹ֥אשׁ	7218 a	HNcmsc
Jer 30:23	רְשָׁעִ֖ים	7563	HAampa
Jer 30:23	יָחֽוּל	2342 a	HVqi3ms
Jer 30:24	לֹ֣א	3808	HTn
Jer 30:24	יָשׁ֗וּב	7725	HVqi3ms
Jer 30:24	חֲרוֹן֙	2740	HNcmsc
Jer 30:24	אַף	639	HTa
Jer 30:24	יְהוָ֔ה	3068	HNp
Jer 30:24	עַד	5704	HR
Jer 30:24	עֲשֹׂת֥/וֹ	6213 a	HVqc/Sp3ms
Jer 30:24	וְ/עַד	c/5704	HC/R
Jer 30:24	הֲקִימ֖/וֹ	6965 b	HVhc/Sp3ms
Jer 30:24	מְזִמּ֣וֹת	4209	HNcfpc
Jer 30:24	לִבּ֑/וֹ	3820 a	HNcmsc/Sp3ms
Jer 30:24	בְּ/אַחֲרִ֥ית	b/319	HR/Ncfsc
Jer 30:24	הַ/יָּמִ֖ים	d/3117	HTd/Ncmpa
Jer 30:24	תִּתְבּ֥וֹנְנוּ	995	HVri2mp
Jer 30:24	בָֽ/הּ	b	HR/Sp3fs
Jer 31:1	בָּ/עֵ֤ת	b/6256	HRd/Ncbsa
Jer 31:1	הַ/הִיא֙	d/1931	HTd/Pp3fs
Jer 31:1	נְאֻם	5002	HNcmsc
Jer 31:1	יְהוָ֔ה	3068	HNp
Jer 31:1	אֶֽהְיֶה֙	1961	HVqi1cs
Jer 31:1	לֵֽ/אלֹהִ֔ים	l/430	HR/Ncmpa
Jer 31:1	לְ/כֹ֖ל	l/3605	HR/Ncmsc
Jer 31:1	מִשְׁפְּח֣וֹת	4940	HNcfpc
Jer 31:1	יִשְׂרָאֵ֑ל	3478	HNp
Jer 31:1	וְ/הֵ֖מָּה	c/1992	HC/Pp3mp
Jer 31:1	יִֽהְיוּ	1961	HVqi3mp
Jer 31:1	לִ֥/י	l	HR/Sp1cs
Jer 31:1	לְ/עָֽם	l/5971 a	HR/Ncmsa
Jer 31:2	כֹּ֚ה	3541	HD
Jer 31:2	אָמַ֣ר	559	HVqp3ms
Jer 31:2	יְהוָ֔ה	3068	HNp
Jer 31:2	מָצָ֥א	4672	HVqp3ms
Jer 31:2	חֵן֙	2580	HNcmsa
Jer 31:2	בַּ/מִּדְבָּ֔ר	b/4057 b	HRd/Ncmsa
Jer 31:2	עַ֖ם	5971 a	HNcmsc
Jer 31:2	שְׂרִ֣ידֵי	8300	HNcmpc
Jer 31:2	חָ֑רֶב	2719	HNcfsa
Jer 31:2	הָל֥וֹךְ	1980	HVqa
Jer 31:2	לְ/הַרְגִּיע֖/וֹ	l/7280 b	HR/Vhc/Sp3ms
Jer 31:2	יִשְׂרָאֵֽל	3478	HNp
Jer 31:3	מֵ/רָח֕וֹק	m/7350	HR/Aamsa
Jer 31:3	יְהוָ֖ה	3068	HNp
Jer 31:3	נִרְאָ֣ה	7200	HVNp3ms
Jer 31:3	לִ֑/י	l	HR/Sp1cs
Jer 31:3	וְ/אַהֲבַ֤ת	c/160	HC/Ncfsc
Jer 31:3	עוֹלָם֙	5769	HNcmsa
Jer 31:3	אֲהַבְתִּ֔י/ךְ	157	HVqp1cs/Sp2fs
Jer 31:3	עַל	5921 a	HR
Jer 31:3	כֵּ֖ן	3651 c	HTm
Jer 31:3	מְשַׁכְתִּ֥י/ךְ	4900	HVqp1cs/Sp2fs
Jer 31:3	חָֽסֶד	2617 a	HNcmsa
Jer 31:4	ע֤וֹד	5750	HD
Jer 31:4	אֶבְנֵ/ךְ֙	1129	HVqi1cs/Sp2fs
Jer 31:4	וְֽ/נִבְנֵ֔ית	c/1129	HC/VNq2fs
Jer 31:4	בְּתוּלַ֖ת	1330	HNcfsc
Jer 31:4	יִשְׂרָאֵ֑ל	3478	HNp
Jer 31:4	ע֚וֹד	5750	HD
Jer 31:4	תַּעְדִּ֣י	5710 b	HVqi2fs
Jer 31:4	תֻפַּ֔יִ/ךְ	8596	HNcmpc/Sp2fs
Jer 31:4	וְ/יָצָ֖את	c/3318	HC/Vqq2fs
Jer 31:4	בִּ/מְח֥וֹל	b/4234	HR/Ncmsc
Jer 31:4	מְשַׂחֲקִֽים	7832	HVprmpa
Jer 31:5	ע֚וֹד	5750	HD
Jer 31:5	תִּטְּעִ֣י	5193	HVqi2fs
Jer 31:5	כְרָמִ֔ים	3754	HNcbpa
Jer 31:5	בְּ/הָרֵ֖י	b/2022	HR/Ncmpc
Jer 31:5	שֹֽׁמְר֑וֹן	8111	HNp
Jer 31:5	נָטְע֥וּ	5193	HVqp3cp
Jer 31:5	נֹטְעִ֖ים	5193	HVqrmpa
Jer 31:5	וְ/חִלֵּֽלוּ	c/2490 c	HC/Vpq3cp
Jer 31:6	כִּ֣י	3588 a	HC
Jer 31:6	יֶשׁ	3426	HTm
Jer 31:6	י֔וֹם	3117	HNcmsa
Jer 31:6	קָרְא֥וּ	7121	HVqp3cp
Jer 31:6	נֹצְרִ֖ים	5341	HVqrmpa
Jer 31:6	בְּ/הַ֣ר	b/2022	HR/Ncmsc
Jer 31:6	אֶפְרָ֑יִם	669	HNp
Jer 31:6	ק֚וּמוּ	6965 b	HVqv2mp
Jer 31:6	וְ/נַעֲלֶ֣ה	c/5927	HC/Vqh1cp
Jer 31:6	צִיּ֔וֹן	6726	HNp
Jer 31:6	אֶל	413	HR
Jer 31:6	יְהוָ֖ה	3068	HNp
Jer 31:6	אֱלֹהֵֽי/נוּ	430	HNcmpc/Sp1cp
Jer 31:7	כִּי	3588 a	HC
Jer 31:7	כֹ֣ה	3541	HD
Jer 31:7	אָמַ֣ר	559	HVqp3ms
Jer 31:7	יְהוָ֗ה	3068	HNp
Jer 31:7	רָנּ֤וּ	7442 b	HVqv2mp
Jer 31:7	לְ/יַֽעֲקֹב֙	l/3290	HR/Np
Jer 31:7	שִׂמְחָ֔ה	8057	HNcfsa
Jer 31:7	וְ/צַהֲל֖וּ	c/6670 a	HC/Vqv2mp
Jer 31:7	בְּ/רֹ֣אשׁ	b/7218 a	HR/Ncmsc
Jer 31:7	הַ/גּוֹיִ֑ם	d/1471 a	HTd/Ncmpa
Jer 31:7	הַשְׁמִ֤יעוּ	8085	HVhv2mp
Jer 31:7	הַֽלְלוּ֙	1984 b	HVpv2mp
Jer 31:7	וְ/אִמְר֔וּ	c/559	HC/Vqv2mp
Jer 31:7	הוֹשַׁ֤ע	3467	HVhv2ms
Jer 31:7	יְהוָה֙	3068	HNp
Jer 31:7	אֶֽת	853	HTo
Jer 31:7	עַמְּ/ךָ֔	5971 a	HNcmsc/Sp2ms
Jer 31:7	אֵ֖ת	853	HTo
Jer 31:7	שְׁאֵרִ֥ית	7611	HNcfsc
Jer 31:7	יִשְׂרָאֵֽל	3478	HNp
Jer 31:8	הִנְ/נִי֩	2005	HTm/Sp1cs
Jer 31:8	מֵבִ֨יא	935	HVhrmsa
Jer 31:8	אוֹתָ֜/ם	853	HTo/Sp3mp
Jer 31:8	מֵ/אֶ֣רֶץ	m/776	HR/Ncbsc
Jer 31:8	צָפ֗וֹן	6828	HNcfsa
Jer 31:8	וְ/קִבַּצְתִּי/ם֮	c/6908	HC/Vpq1cs/Sp3mp
Jer 31:8	מִ/יַּרְכְּתֵי	m/3411	HR/Ncfdc
Jer 31:8	אָרֶץ֒	776	HNcbsa
Jer 31:8	בָּ֚/ם	b	HR/Sp3mp
Jer 31:8	עִוֵּ֣ר	5787	HAamsa
Jer 31:8	וּ/פִסֵּ֔חַ	c/6455	HC/Aamsa
Jer 31:8	הָרָ֥ה	2030 a	HAafsa
Jer 31:8	וְ/יֹלֶ֖דֶת	c/3205	HC/Vqrfsa
Jer 31:8	יַחְדָּ֑ו	3162 b	HD
Jer 31:8	קָהָ֥ל	6951	HNcmsa
Jer 31:8	גָּד֖וֹל	1419 a	HAamsa
Jer 31:8	יָשׁ֥וּבוּ	7725	HVqi3mp
Jer 31:8	הֵֽנָּה	2008	HD
Jer 31:9	בִּ/בְכִ֣י	b/1065	HR/Ncmsa
Jer 31:9	יָבֹ֗אוּ	935	HVqi3mp
Jer 31:9	וּֽ/בְ/תַחֲנוּנִים֮	c/b/8469	HC/R/Ncmpa
Jer 31:9	אֽוֹבִילֵ/ם֒	2986	HVhi1cs/Sp3mp
Jer 31:9	אֽוֹלִיכֵ/ם֙	3212	HVhi1cs/Sp3mp
Jer 31:9	אֶל	413	HR
Jer 31:9	נַ֣חֲלֵי	5158 a	HNcmpc
Jer 31:9	מַ֔יִם	4325	HNcmpa
Jer 31:9	בְּ/דֶ֣רֶךְ	b/1870	HR/Ncbsa
Jer 31:9	יָשָׁ֔ר	3477	HAamsa
Jer 31:9	לֹ֥א	3808	HTn
Jer 31:9	יִכָּשְׁל֖וּ	3782	HVNi3mp
Jer 31:9	בָּ֑/הּ	b	HR/Sp3fs
Jer 31:9	כִּֽי	3588 a	HC
Jer 31:9	הָיִ֤יתִי	1961	HVqp1cs
Jer 31:9	לְ/יִשְׂרָאֵל֙	l/3478	HR/Np
Jer 31:9	לְ/אָ֔ב	l/1	HR/Ncmsa
Jer 31:9	וְ/אֶפְרַ֖יִם	c/669	HC/Np
Jer 31:9	בְּכֹ֥רִ/י	1060	HNcmsc/Sp1cs
Jer 31:9	הֽוּא	1931	HPp3ms
Jer 31:10	שִׁמְע֤וּ	8085	HVqv2mp
Jer 31:10	דְבַר	1697	HNcmsc
Jer 31:10	יְהוָה֙	3068	HNp
Jer 31:10	גּוֹיִ֔ם	1471 a	HNcmpa
Jer 31:10	וְ/הַגִּ֥ידוּ	c/5046	HC/Vhv2mp
Jer 31:10	בָ/אִיִּ֖ים	b/339	HRd/Ncmpa
Jer 31:10	מִ/מֶּרְחָ֑ק	m/4801	HR/Ncmsa
Jer 31:10	וְ/אִמְר֗וּ	c/559	HC/Vqv2mp
Jer 31:10	מְזָרֵ֤ה	2219	HVprmsc
Jer 31:10	יִשְׂרָאֵל֙	3478	HNp
Jer 31:10	יְקַבְּצֶ֔/נּוּ	6908	HVpi3ms/Sp3ms
Jer 31:10	וּ/שְׁמָר֖/וֹ	c/8104	HC/Vqq3ms/Sp3ms
Jer 31:10	כְּ/רֹעֶ֥ה	k/7462 b	HR/Vqrmsa
Jer 31:10	עֶדְרֽ/וֹ	5739	HNcmsc/Sp3ms
Jer 31:11	כִּֽי	3588 a	HC
Jer 31:11	פָדָ֥ה	6299	HVqp3ms
Jer 31:11	יְהוָ֖ה	3068	HNp
Jer 31:11	אֶֽת	853	HTo
Jer 31:11	יַעֲקֹ֑ב	3290	HNp
Jer 31:11	וּ/גְאָל֕/וֹ	c/1350 a	HC/Vqp3ms/Sp3ms
Jer 31:11	מִ/יַּ֖ד	m/3027	HR/Ncbsc
Jer 31:11	חָזָ֥ק	2389	HAamsa
Jer 31:11	מִמֶּֽ/נּוּ	4480 a	HR/Sp3ms
Jer 31:12	וּ/בָאוּ֮	c/935	HC/Vqq3cp
Jer 31:12	וְ/רִנְּנ֣וּ	c/7442 b	HC/Vpq3cp
Jer 31:12	בִ/מְרוֹם	b/4791	HR/Ncmsc
Jer 31:12	צִיּוֹן֒	6726	HNp
Jer 31:12	וְ/נָהֲר֞וּ	c/5102 a	HC/Vqq3cp
Jer 31:12	אֶל	413	HR
Jer 31:12	ט֣וּב	2898	HNcmsc
Jer 31:12	יְהוָ֗ה	3068	HNp
Jer 31:12	עַל	5921 a	HR
Jer 31:12	דָּגָן֙	1715	HNcmsa
Jer 31:12	וְ/עַל	c/5921 a	HC/R
Jer 31:12	תִּירֹ֣שׁ	8492	HNcmsa
Jer 31:12	וְ/עַל	c/5921 a	HC/R
Jer 31:12	יִצְהָ֔ר	3323	HNcmsa
Jer 31:12	וְ/עַל	c/5921 a	HC/R
Jer 31:12	בְּנֵי	1121 a	HNcmpc
Jer 31:12	צֹ֖אן	6629	HNcbsa
Jer 31:12	וּ/בָקָ֑ר	c/1241	HC/Ncbsa
Jer 31:12	וְ/הָיְתָ֤ה	c/1961	HC/Vqq3fs
Jer 31:12	נַפְשָׁ/ם֙	5315	HNcbsc/Sp3mp
Jer 31:12	כְּ/גַ֣ן	k/1588	HR/Ncbsa
Jer 31:12	רָוֶ֔ה	7302	HAamsa
Jer 31:12	וְ/לֹא	c/3808	HC/Tn
Jer 31:12	יוֹסִ֥יפוּ	3254	HVhi3mp
Jer 31:12	לְ/דַאֲבָ֖ה	l/1669	HR/Vqc
Jer 31:12	עֽוֹד	5750	HD
Jer 31:13	אָ֣ז	227 a	HD
Jer 31:13	תִּשְׂמַ֤ח	8055	HVqi3fs
Jer 31:13	בְּתוּלָה֙	1330	HNcfsa
Jer 31:13	בְּ/מָח֔וֹל	b/4234	HR/Ncmsa
Jer 31:13	וּ/בַחֻרִ֥ים	c/970	HC/Ncmpa
Jer 31:13	וּ/זְקֵנִ֖ים	c/2205	HC/Aampa
Jer 31:13	יַחְדָּ֑ו	3162 b	HD
Jer 31:13	וְ/הָפַכְתִּ֨י	c/2015	HC/Vqq1cs
Jer 31:13	אֶבְלָ֤/ם	60	HNcmsc/Sp3mp
Jer 31:13	לְ/שָׂשׂוֹן֙	l/8342	HR/Ncmsa
Jer 31:13	וְ/נִ֣חַמְתִּ֔י/ם	c/5162	HC/Vpq1cs/Sp3mp
Jer 31:13	וְ/שִׂמַּחְתִּ֖י/ם	c/8055	HC/Vpp1cs/Sp3mp
Jer 31:13	מִ/יגוֹנָֽ/ם	m/3015	HR/Ncmsc/Sp3mp
Jer 31:14	וְ/רִוֵּיתִ֛י	c/7301	HC/Vpq1cs
Jer 31:14	נֶ֥פֶשׁ	5315	HNcbsc
Jer 31:14	הַ/כֹּהֲנִ֖ים	d/3548	HTd/Ncmpa
Jer 31:14	דָּ֑שֶׁן	1880	HNcmsa
Jer 31:14	וְ/עַמִּ֛/י	c/5971 a	HC/Ncmsc/Sp1cs
Jer 31:14	אֶת	853	HTo
Jer 31:14	טוּבִ֥/י	2898	HNcmsc/Sp1cs
Jer 31:14	יִשְׂבָּ֖עוּ	7646	HVqi3mp
Jer 31:14	נְאֻם	5002	HNcmsc
Jer 31:14	יְהוָֽה	3068	HNp
Jer 31:15	כֹּ֣ה	3541	HD
Jer 31:15	אָמַ֣ר	559	HVqp3ms
Jer 31:15	יְהוָ֗ה	3068	HNp
Jer 31:15	ק֣וֹל	6963 a	HNcmsa
Jer 31:15	בְּ/רָמָ֤ה	b/7414	HR/Np
Jer 31:15	נִשְׁמָע֙	8085	HVNsmsa
Jer 31:15	נְהִי֙	5092	HNcmsa
Jer 31:15	בְּכִ֣י	1065	HNcmsc
Jer 31:15	תַמְרוּרִ֔ים	8563	HNcmpa
Jer 31:15	רָחֵ֖ל	7354	HNp
Jer 31:15	מְבַכָּ֣ה	1058	HVprfsa
Jer 31:15	עַל	5921 a	HR
Jer 31:15	בָּנֶ֑י/הָ	1121 a	HNcmpc/Sp3fs
Jer 31:15	מֵאֲנָ֛ה	3985	HVpp3fs
Jer 31:15	לְ/הִנָּחֵ֥ם	l/5162	HR/VNc
Jer 31:15	עַל	5921 a	HR
Jer 31:15	בָּנֶ֖י/הָ	1121 a	HNcmpc/Sp3fs
Jer 31:15	כִּ֥י	3588 a	HC
Jer 31:15	אֵינֶֽ/נּוּ	369	HTn/Sp3ms
Jer 31:16	כֹּ֣ה	3541	HD
Jer 31:16	אָמַ֣ר	559	HVqp3ms
Jer 31:16	יְהוָ֗ה	3068	HNp
Jer 31:16	מִנְעִ֤י	4513	HVqv2fs
Jer 31:16	קוֹלֵ/ךְ֙	6963 a	HNcmsc/Sp2fs
Jer 31:16	מִ/בֶּ֔כִי	m/1065	HR/Ncmsa
Jer 31:16	וְ/עֵינַ֖יִ/ךְ	c/5869 a	HC/Ncbdc/Sp2fs
Jer 31:16	מִ/דִּמְעָ֑ה	m/1832	HR/Ncfsa
Jer 31:16	כִּי֩	3588 a	HC
Jer 31:16	יֵ֨שׁ	3426	HTm
Jer 31:16	שָׂכָ֤ר	7939	HNcmsa
Jer 31:16	לִ/פְעֻלָּתֵ/ךְ֙	l/6468	HR/Ncfsc/Sp2fs
Jer 31:16	נְאֻם	5002	HNcmsc
Jer 31:16	יְהוָ֔ה	3068	HNp
Jer 31:16	וְ/שָׁ֖בוּ	c/7725	HC/Vqq3cp
Jer 31:16	מֵ/אֶ֥רֶץ	m/776	HR/Ncbsa
Jer 31:16	אוֹיֵֽב	341	HVqrmsa
Jer 31:17	וְ/יֵשׁ	c/3426	HC/Tm
Jer 31:17	תִּקְוָ֥ה	8615 b	HNcfsa
Jer 31:17	לְ/אַחֲרִיתֵ֖/ךְ	l/319	HR/Ncfsc/Sp2fs
Jer 31:17	נְאֻם	5002	HNcmsc
Jer 31:17	יְהוָ֑ה	3068	HNp
Jer 31:17	וְ/שָׁ֥בוּ	c/7725	HC/Vqq3cp
Jer 31:17	בָנִ֖ים	1121 a	HNcmpa
Jer 31:17	לִ/גְבוּלָֽ/ם	l/1366	HR/Ncmsc/Sp3mp
Jer 31:18	שָׁמ֣וֹעַ	8085	HVqa
Jer 31:18	שָׁמַ֗עְתִּי	8085	HVqp1cs
Jer 31:18	אֶפְרַ֨יִם֙	669	HNp
Jer 31:18	מִתְנוֹדֵ֔ד	5110	HVrrmsa
Jer 31:18	יִסַּרְתַּ֨/נִי֙	3256	HVpp2ms/Sp1cs
Jer 31:18	וָֽ/אִוָּסֵ֔ר	c/3256	HC/VNw1cs
Jer 31:18	כְּ/עֵ֖גֶל	k/5695	HR/Ncmsa
Jer 31:18	לֹ֣א	3808	HTn
Jer 31:18	לֻמָּ֑ד	3925	HVPp3ms
Jer 31:18	הֲשִׁיבֵ֣/נִי	7725	HVhv2ms/Sp1cs
Jer 31:18	וְ/אָשׁ֔וּבָה	c/7725	HC/Vqh1cs
Jer 31:18	כִּ֥י	3588 a	HC
Jer 31:18	אַתָּ֖ה	859 a	HPp2ms
Jer 31:18	יְהוָ֥ה	3068	HNp
Jer 31:18	אֱלֹהָֽ/י	430	HNcmpc/Sp1cs
Jer 31:19	כִּֽי	3588 a	HC
Jer 31:19	אַחֲרֵ֤י	310 a	HR
Jer 31:19	שׁוּבִ/י֙	7725	HVqc/Sp1cs
Jer 31:19	נִחַ֔מְתִּי	5162	HVNp1cs
Jer 31:19	וְ/אַֽחֲרֵי֙	c/310 a	HC/R
Jer 31:19	הִוָּ֣דְעִ֔/י	3045	HVNc/Sp1cs
Jer 31:19	סָפַ֖קְתִּי	5606 a	HVqp1cs
Jer 31:19	עַל	5921 a	HR
Jer 31:19	יָרֵ֑ךְ	3409	HNcfsa
Jer 31:19	בֹּ֚שְׁתִּי	954	HVqp1cs
Jer 31:19	וְ/גַם	c/1571	HC/Ta
Jer 31:19	נִכְלַ֔מְתִּי	3637	HVNp1cs
Jer 31:19	כִּ֥י	3588 a	HC
Jer 31:19	נָשָׂ֖אתִי	5375	HVqp1cs
Jer 31:19	חֶרְפַּ֥ת	2781	HNcfsc
Jer 31:19	נְעוּרָֽ/י	5271 a	HNcbpc/Sp1cs
Jer 31:20	הֲ/בֵן֩	i/1121 a	HTi/Ncmsa
Jer 31:20	יַקִּ֨יר	3357	HAamsa
Jer 31:20	לִ֜/י	l	HR/Sp1cs
Jer 31:20	אֶפְרַ֗יִם	669	HNp
Jer 31:20	אִ֚ם	518 a	HC
Jer 31:20	יֶ֣לֶד	3206	HNcmsc
Jer 31:20	שַׁעֲשֻׁעִ֔ים	8191	HNcmpa
Jer 31:20	כִּֽי	3588 a	HC
Jer 31:20	מִ/דֵּ֤י	m/1767	HR/Ncmsc
Jer 31:20	דַבְּרִ/י֙	1696	HVpc/Sp1cs
Jer 31:20	בּ֔/וֹ	b	HR/Sp3ms
Jer 31:20	זָכֹ֥ר	2142	HVqa
Jer 31:20	אֶזְכְּרֶ֖/נּוּ	2142	HVqi1cs/Sp3ms
Jer 31:20	ע֑וֹד	5750	HD
Jer 31:20	עַל	5921 a	HR
Jer 31:20	כֵּ֗ן	3651 c	HTm
Jer 31:20	הָמ֤וּ	1993	HVqp3cp
Jer 31:20	מֵעַ/י֙	4578	HNcmpc/Sp1cs
Jer 31:20	ל֔/וֹ	l	HR/Sp3ms
Jer 31:20	רַחֵ֥ם	7355	HVpa
Jer 31:20	אֲֽרַחֲמֶ֖/נּוּ	7355	HVpi1cs/Sp3ms
Jer 31:20	נְאֻם	5002	HNcmsc
Jer 31:20	יְהוָֽה	3068	HNp
Jer 31:21	הַצִּ֧יבִי	5324	HVhv2fs
Jer 31:21	לָ֣/ךְ	l	HR/Sp2fs
Jer 31:21	צִיֻּנִ֗ים	6725	HNcmpa
Jer 31:21	שִׂ֤מִי	7760 a	HVqv2fs
Jer 31:21	לָ/ךְ֙	l	HR/Sp2fs
Jer 31:21	תַּמְרוּרִ֔ים	8564	HNcmpa
Jer 31:21	שִׁ֣תִי	7896	HVqv2fs
Jer 31:21	לִבֵּ֔/ךְ	3820 a	HNcmsc/Sp2fs
Jer 31:21	לַֽ/מְסִלָּ֖ה	l/4546	HRd/Ncfsa
Jer 31:21	דֶּ֣רֶךְ	1870	HNcbsa
Jer 31:21	הלכתי	1980	HVqp2fs
Jer 31:21	שׁ֚וּבִי	7725	HVqv2fs
Jer 31:21	בְּתוּלַ֣ת	1330	HNcfsc
Jer 31:21	יִשְׂרָאֵ֔ל	3478	HNp
Jer 31:21	שֻׁ֖בִי	7725	HVqv2fs
Jer 31:21	אֶל	413	HR
Jer 31:21	עָרַ֥יִ/ךְ	5892 b	HNcfpc/Sp2fs
Jer 31:21	אֵֽלֶּה	428	HPdxcp
Jer 31:22	עַד	5704	HR
Jer 31:22	מָתַי֙	4970	HTi
Jer 31:22	תִּתְחַמָּקִ֔י/ן	2559	HVti2fs/Sn
Jer 31:22	הַ/בַּ֖ת	d/1323	HTd/Ncfsa
Jer 31:22	הַ/שּֽׁוֹבֵבָ֑ה	d/7728	HTd/Aafsa
Jer 31:22	כִּֽי	3588 a	HC
Jer 31:22	בָרָ֨א	1254 a	HVqp3ms
Jer 31:22	יְהוָ֤ה	3068	HNp
Jer 31:22	חֲדָשָׁה֙	2319	HAafsa
Jer 31:22	בָּ/אָ֔רֶץ	b/776	HRd/Ncbsa
Jer 31:22	נְקֵבָ֖ה	5347	HNcfsa
Jer 31:22	תְּס֥וֹבֵֽב	5437	HVmi3fs
Jer 31:22	גָּֽבֶר	1397	HNcmsa
Jer 31:23	כֹּֽה	3541	HD
Jer 31:23	אָמַ֞ר	559	HVqp3ms
Jer 31:23	יְהוָ֤ה	3068	HNp
Jer 31:23	צְבָאוֹת֙	6635 b	HNcbpa
Jer 31:23	אֱלֹהֵ֣י	430	HNcmpc
Jer 31:23	יִשְׂרָאֵ֔ל	3478	HNp
Jer 31:23	ע֣וֹד	5750	HD
Jer 31:23	יֹאמְר֞וּ	559	HVqi3mp
Jer 31:23	אֶת	853	HTo
Jer 31:23	הַ/דָּבָ֣ר	d/1697	HTd/Ncmsa
Jer 31:23	הַ/זֶּ֗ה	d/2088	HTd/Pdxms
Jer 31:23	בְּ/אֶ֤רֶץ	b/776	HR/Ncbsc
Jer 31:23	יְהוּדָה֙	3063	HNp
Jer 31:23	וּ/בְ/עָרָ֔י/ו	c/b/5892 b	HC/R/Ncfpc/Sp3ms
Jer 31:23	בְּ/שׁוּבִ֖/י	b/7725	HR/Vqc/Sp1cs
Jer 31:23	אֶת	853	HTo
Jer 31:23	שְׁבוּתָ֑/ם	7622	HNcfsc/Sp3mp
Jer 31:23	יְבָרֶכְ/ךָ֧	1288	HVpi3ms/Sp2ms
Jer 31:23	יְהוָ֛ה	3068	HNp
Jer 31:23	נְוֵה	5116 a	HNcbsc
Jer 31:23	צֶ֖דֶק	6664	HNcmsa
Jer 31:23	הַ֥ר	2022	HNcmsc
Jer 31:23	הַ/קֹּֽדֶשׁ	d/6944	HTd/Ncmsa
Jer 31:24	וְ/יָ֥שְׁבוּ	c/3427	HC/Vqq3cp
Jer 31:24	בָ֛/הּ	b	HR/Sp3fs
Jer 31:24	יְהוּדָ֥ה	3063	HNp
Jer 31:24	וְ/כָל	c/3605	HC/Ncmsc
Jer 31:24	עָרָ֖י/ו	5892 b	HNcfpc/Sp3ms
Jer 31:24	יַחְדָּ֑ו	3162 b	HD
Jer 31:24	אִכָּרִ֕ים	406	HNcmpa
Jer 31:24	וְ/נָסְע֖וּ	c/5265	HC/Vqq3cp
Jer 31:24	בַּ/עֵֽדֶר	b/5739	HRd/Ncmsa
Jer 31:25	כִּ֥י	3588 a	HC
Jer 31:25	הִרְוֵ֖יתִי	7301	HVhp1cs
Jer 31:25	נֶ֣פֶשׁ	5315	HNcbsa
Jer 31:25	עֲיֵפָ֑ה	5889	HAafsa
Jer 31:25	וְ/כָל	c/3605	HC/Ncmsc
Jer 31:25	נֶ֥פֶשׁ	5315	HNcbsa
Jer 31:25	דָּאֲבָ֖ה	1669	HVqp3fs
Jer 31:25	מִלֵּֽאתִי	4390	HVpp1cs
Jer 31:26	עַל	5921 a	HR
Jer 31:26	זֹ֖את	2063	HPdxfs
Jer 31:26	הֱקִיצֹ֣תִי	6974	HVhp1cs
Jer 31:26	וָ/אֶרְאֶ֑ה	c/7200	HC/Vqw1cs
Jer 31:26	וּ/שְׁנָתִ֖/י	c/8142	HC/Ncfsc/Sp1cs
Jer 31:26	עָ֥רְבָה	6149	HVqp3fs
Jer 31:26	לִּֽ/י	l	HR/Sp1cs
Jer 31:27	הִנֵּ֛ה	2009	HTm
Jer 31:27	יָמִ֥ים	3117	HNcmpa
Jer 31:27	בָּאִ֖ים	935	HVqrmpa
Jer 31:27	נְאֻם	5002	HNcmsc
Jer 31:27	יְהוָ֑ה	3068	HNp
Jer 31:27	וְ/זָרַעְתִּ֗י	c/2232	HC/Vqq1cs
Jer 31:27	אֶת	853	HTo
Jer 31:27	בֵּ֤ית	1004 b	HNcmsc
Jer 31:27	יִשְׂרָאֵל֙	3478	HNp
Jer 31:27	וְ/אֶת	c/853	HC/To
Jer 31:27	בֵּ֣ית	1004 b	HNcmsc
Jer 31:27	יְהוּדָ֔ה	3063	HNp
Jer 31:27	זֶ֥רַע	2233	HNcmsc
Jer 31:27	אָדָ֖ם	120	HNcmsa
Jer 31:27	וְ/זֶ֥רַע	c/2233	HC/Ncmsc
Jer 31:27	בְּהֵמָֽה	929	HNcfsa
Jer 31:28	וְ/הָיָ֞ה	c/1961	HC/Vqq3ms
Jer 31:28	כַּ/אֲשֶׁ֧ר	k/834 d	HR/Tr
Jer 31:28	שָׁקַ֣דְתִּי	8245	HVqp1cs
Jer 31:28	עֲלֵי/הֶ֗ם	5921 a	HR/Sp3mp
Jer 31:28	לִ/נְת֧וֹשׁ	l/5428	HR/Vqc
Jer 31:28	וְ/לִ/נְת֛וֹץ	c/l/5422	HC/R/Vqc
Jer 31:28	וְ/לַ/הֲרֹ֖ס	c/l/2040	HC/R/Vqc
Jer 31:28	וּ/לְ/הַאֲבִ֣יד	c/l/6	HC/R/Vhc
Jer 31:28	וּ/לְ/הָרֵ֑עַ	c/l/7489 a	HC/R/Vhc
Jer 31:28	כֵּ֣ן	3651 c	HTm
Jer 31:28	אֶשְׁקֹ֧ד	8245	HVqi1cs
Jer 31:28	עֲלֵי/הֶ֛ם	5921 a	HR/Sp3mp
Jer 31:28	לִ/בְנ֥וֹת	l/1129	HR/Vqc
Jer 31:28	וְ/לִ/נְט֖וֹעַ	c/l/5193	HC/R/Vqc
Jer 31:28	נְאֻם	5002	HNcmsc
Jer 31:28	יְהוָֽה	3068	HNp
Jer 31:29	בַּ/יָּמִ֣ים	b/3117	HRd/Ncmpa
Jer 31:29	הָ/הֵ֔ם	d/1992	HTd/Pp3mp
Jer 31:29	לֹא	3808	HTn
Jer 31:29	יֹאמְר֣וּ	559	HVqi3mp
Jer 31:29	ע֔וֹד	5750	HD
Jer 31:29	אָב֖וֹת	1	HNcmpa
Jer 31:29	אָ֣כְלוּ	398	HVqp3cp
Jer 31:29	בֹ֑סֶר	1155	HNcmsa
Jer 31:29	וְ/שִׁנֵּ֥י	c/8127	HC/Ncbdc
Jer 31:29	בָנִ֖ים	1121 a	HNcmpa
Jer 31:29	תִּקְהֶֽינָה	6949	HVqi3fp
Jer 31:30	כִּ֛י	3588 b	HC
Jer 31:30	אִם	518 b	HC
Jer 31:30	אִ֥ישׁ	376	HNcmsa
Jer 31:30	בַּ/עֲוֺנ֖/וֹ	b/5771	HR/Ncbsc/Sp3ms
Jer 31:30	יָמ֑וּת	4191	HVqi3ms
Jer 31:30	כָּל	3605	HNcmsc
Jer 31:30	הָֽ/אָדָ֛ם	d/120	HTd/Ncmsa
Jer 31:30	הָ/אֹכֵ֥ל	d/398	HTd/Vqrmsa
Jer 31:30	הַ/בֹּ֖סֶר	d/1155	HTd/Ncmsa
Jer 31:30	תִּקְהֶ֥ינָה	6949	HVqi3fp
Jer 31:30	שִׁנָּֽי/ו	8127	HNcbdc/Sp3ms
Jer 31:31	הִנֵּ֛ה	2009	HTm
Jer 31:31	יָמִ֥ים	3117	HNcmpa
Jer 31:31	בָּאִ֖ים	935	HVqrmpa
Jer 31:31	נְאֻם	5002	HNcmsc
Jer 31:31	יְהוָ֑ה	3068	HNp
Jer 31:31	וְ/כָרַתִּ֗י	c/3772	HC/Vqq1cs
Jer 31:31	אֶת	854	HR
Jer 31:31	בֵּ֧ית	1004 b	HNcmsc
Jer 31:31	יִשְׂרָאֵ֛ל	3478	HNp
Jer 31:31	וְ/אֶת	c/854	HC/R
Jer 31:31	בֵּ֥ית	1004 b	HNcmsc
Jer 31:31	יְהוּדָ֖ה	3063	HNp
Jer 31:31	בְּרִ֥ית	1285	HNcfsa
Jer 31:31	חֲדָשָֽׁה	2319	HAafsa
Jer 31:32	לֹ֣א	3808	HTn
Jer 31:32	כַ/בְּרִ֗ית	k/1285	HRd/Ncfsa
Jer 31:32	אֲשֶׁ֤ר	834 a	HTr
Jer 31:32	כָּרַ֨תִּי֙	3772	HVqp1cs
Jer 31:32	אֶת	854	HR
Jer 31:32	אֲבוֹתָ֔/ם	1	HNcmpc/Sp3mp
Jer 31:32	בְּ/יוֹם֙	b/3117	HR/Ncmsc
Jer 31:32	הֶחֱזִיקִ֣/י	2388	HVhc/Sp1cs
Jer 31:32	בְ/יָדָ֔/ם	b/3027	HR/Ncbsc/Sp3mp
Jer 31:32	לְ/הוֹצִיאָ֖/ם	l/3318	HR/Vhc/Sp3mp
Jer 31:32	מֵ/אֶ֖רֶץ	m/776	HR/Ncbsc
Jer 31:32	מִצְרָ֑יִם	4714	HNp
Jer 31:32	אֲשֶׁר	834 a	HTr
Jer 31:32	הֵ֜מָּה	1992	HPp3mp
Jer 31:32	הֵפֵ֣רוּ	6565 a	HVhp3cp
Jer 31:32	אֶת	853	HTo
Jer 31:32	בְּרִיתִ֗/י	1285	HNcfsc/Sp1cs
Jer 31:32	וְ/אָנֹכִ֛י	c/595	HC/Pp1cs
Jer 31:32	בָּעַ֥לְתִּי	1166	HVqp1cs
Jer 31:32	בָ֖/ם	b	HR/Sp3mp
Jer 31:32	נְאֻם	5002	HNcmsc
Jer 31:32	יְהוָֽה	3068	HNp
Jer 31:33	כִּ֣י	3588 a	HC
Jer 31:33	זֹ֣את	2063	HPdxfs
Jer 31:33	הַ/בְּרִ֡ית	d/1285	HTd/Ncfsa
Jer 31:33	אֲשֶׁ֣ר	834 a	HTr
Jer 31:33	אֶכְרֹת֩	3772	HVqi1cs
Jer 31:33	אֶת	854	HR
Jer 31:33	בֵּ֨ית	1004 b	HNcmsc
Jer 31:33	יִשְׂרָאֵ֜ל	3478	HNp
Jer 31:33	אַחֲרֵ֨י	310 a	HR
Jer 31:33	הַ/יָּמִ֤ים	d/3117	HTd/Ncmpa
Jer 31:33	הָ/הֵם֙	d/1992	HTd/Pp3mp
Jer 31:33	נְאֻם	5002	HNcmsc
Jer 31:33	יְהוָ֔ה	3068	HNp
Jer 31:33	נָתַ֤תִּי	5414	HVqp1cs
Jer 31:33	אֶת	853	HTo
Jer 31:33	תּֽוֹרָתִ/י֙	8451	HNcfsc/Sp1cs
Jer 31:33	בְּ/קִרְבָּ֔/ם	b/7130	HR/Ncmsc/Sp3mp
Jer 31:33	וְ/עַל	c/5921 a	HC/R
Jer 31:33	לִבָּ֖/ם	3820 a	HNcmsc/Sp3mp
Jer 31:33	אֶכְתֲּבֶ֑/נָּה	3789	HVqi1cs/Sp3fs
Jer 31:33	וְ/הָיִ֤יתִי	c/1961	HC/Vqp1cs
Jer 31:33	לָ/הֶם֙	l	HR/Sp3mp
Jer 31:33	לֵֽ/אלֹהִ֔ים	l/430	HR/Ncmpa
Jer 31:33	וְ/הֵ֖מָּה	c/1992	HC/Pp3mp
Jer 31:33	יִֽהְיוּ	1961	HVqi3mp
Jer 31:33	לִ֥/י	l	HR/Sp1cs
Jer 31:33	לְ/עָֽם	l/5971 a	HR/Ncmsa
Jer 31:34	וְ/לֹ֧א	c/3808	HC/Tn
Jer 31:34	יְלַמְּד֣וּ	3925	HVpi3mp
Jer 31:34	ע֗וֹד	5750	HD
Jer 31:34	אִ֣ישׁ	376	HNcmsa
Jer 31:34	אֶת	853	HTo
Jer 31:34	רֵעֵ֜/הוּ	7453	HNcmsc/Sp3ms
Jer 31:34	וְ/אִ֤ישׁ	c/376	HC/Ncmsa
Jer 31:34	אֶת	853	HTo
Jer 31:34	אָחִי/ו֙	251	HNcmsc/Sp3ms
Jer 31:34	לֵ/אמֹ֔ר	l/559	HR/Vqc
Jer 31:34	דְּע֖וּ	3045	HVqv2mp
Jer 31:34	אֶת	853	HTo
Jer 31:34	יְהוָ֑ה	3068	HNp
Jer 31:34	כִּֽי	3588 a	HC
Jer 31:34	כוּלָּ/ם֩	3605	HNcmsc/Sp3mp
Jer 31:34	יֵדְע֨וּ	3045	HVqi3mp
Jer 31:34	אוֹתִ֜/י	853	HTo/Sp1cs
Jer 31:34	לְ/מִ/קְטַנָּ֤/ם	l/m/6996 a	HR/R/Aamsc/Sp3mp
Jer 31:34	וְ/עַד	c/5704	HC/R
Jer 31:34	גְּדוֹלָ/ם֙	1419 a	HAamsc/Sp3mp
Jer 31:34	נְאֻם	5002	HNcmsc
Jer 31:34	יְהוָ֔ה	3068	HNp
Jer 31:34	כִּ֤י	3588 a	HC
Jer 31:34	אֶסְלַח֙	5545	HVqi1cs
Jer 31:34	לַֽ/עֲוֺנָ֔/ם	l/5771	HR/Ncbsc/Sp3mp
Jer 31:34	וּ/לְ/חַטָּאתָ֖/ם	c/l/2403 b	HC/R/Ncfsc/Sp3mp
Jer 31:34	לֹ֥א	3808	HTn
Jer 31:34	אֶזְכָּר	2142	HVqi1cs
Jer 31:34	עֽוֹד	5750	HD
Jer 31:35	כֹּ֣ה	3541	HD
Jer 31:35	אָמַ֣ר	559	HVqp3ms
Jer 31:35	יְהוָ֗ה	3068	HNp
Jer 31:35	נֹתֵ֥ן	5414	HVqrmsa
Jer 31:35	שֶׁ֨מֶשׁ֙	8121	HNcbsa
Jer 31:35	לְ/א֣וֹר	l/216	HR/Ncbsa
Jer 31:35	יוֹמָ֔ם	3119	HD
Jer 31:35	חֻקֹּ֛ת	2708	HNcbpc
Jer 31:35	יָרֵ֥חַ	3394	HNcmsa
Jer 31:35	וְ/כוֹכָבִ֖ים	c/3556	HC/Ncmpa
Jer 31:35	לְ/א֣וֹר	l/216	HR/Ncbsa
Jer 31:35	לָ֑יְלָה	3915	HNcmsa
Jer 31:35	רֹגַ֤ע	7280 a	HVqrmsa
Jer 31:35	הַ/יָּם֙	d/3220	HTd/Ncmsa
Jer 31:35	וַ/יֶּהֱמ֣וּ	c/1993	HC/Vqw3mp
Jer 31:35	גַלָּ֔י/ו	1530	HNcmpc/Sp3ms
Jer 31:35	יְהוָ֥ה	3068	HNp
Jer 31:35	צְבָא֖וֹת	6635 b	HNcbpa
Jer 31:35	שְׁמֽ/וֹ	8034	HNcmsc/Sp3ms
Jer 31:36	אִם	518 a	HC
Jer 31:36	יָמֻ֜שׁוּ	4185	HVqi3mp
Jer 31:36	הַ/חֻקִּ֥ים	d/2706	HTd/Ncmpa
Jer 31:36	הָ/אֵ֛לֶּה	d/428	HTd/Pdxcp
Jer 31:36	מִ/לְּ/פָנַ֖/י	m/l/6440	HR/R/Ncbpc/Sp1cs
Jer 31:36	נְאֻם	5002	HNcmsc
Jer 31:36	יְהוָ֑ה	3068	HNp
Jer 31:36	גַּם֩	1571	HTa
Jer 31:36	זֶ֨רַע	2233	HNcmsc
Jer 31:36	יִשְׂרָאֵ֜ל	3478	HNp
Jer 31:36	יִשְׁבְּת֗וּ	7673 a	HVqi3mp
Jer 31:36	מִֽ/הְי֥וֹת	m/1961	HR/Vqc
Jer 31:36	גּ֛וֹי	1471 a	HNcmsa
Jer 31:36	לְ/פָנַ֖/י	l/6440	HR/Ncbpc/Sp1cs
Jer 31:36	כָּל	3605	HNcmsc
Jer 31:36	הַ/יָּמִֽים	d/3117	HTd/Ncmpa
Jer 31:37	כֹּ֣ה	3541	HD
Jer 31:37	אָמַ֣ר	559	HVqp3ms
Jer 31:37	יְהוָ֗ה	3068	HNp
Jer 31:37	אִם	518 a	HC
Jer 31:37	יִמַּ֤דּוּ	4058	HVNi3mp
Jer 31:37	שָׁמַ֨יִם֙	8064	HNcmpa
Jer 31:37	מִ/לְ/מַ֔עְלָ/ה	m/l/4605	HR/R/D/Sd
Jer 31:37	וְ/יֵחָקְר֥וּ	c/2713	HC/VNi3mp
Jer 31:37	מֽוֹסְדֵי	4146	HNcbpc
Jer 31:37	אֶ֖רֶץ	776	HNcbsa
Jer 31:37	לְ/מָ֑טָּה	l/4295	HR/D
Jer 31:37	גַּם	1571	HTa
Jer 31:37	אֲנִ֞י	589	HPp1cs
Jer 31:37	אֶמְאַ֨ס	3988 a	HVqi1cs
Jer 31:37	בְּ/כָל	b/3605	HR/Ncmsc
Jer 31:37	זֶ֧רַע	2233	HNcmsc
Jer 31:37	יִשְׂרָאֵ֛ל	3478	HNp
Jer 31:37	עַֽל	5921 a	HR
Jer 31:37	כָּל	3605	HNcmsc
Jer 31:37	אֲשֶׁ֥ר	834 a	HTr
Jer 31:37	עָשׂ֖וּ	6213 a	HVqp3cp
Jer 31:37	נְאֻם	5002	HNcmsc
Jer 31:37	יְהוָֽה	3068	HNp
Jer 31:38	הִנֵּ֛ה	2009	HTm
Jer 31:38	יָמִ֥ים	3117	HNcmpa
Jer 31:38	נְאֻם	5002	HNcmsc
Jer 31:38	יְהוָ֑ה	3068	HNp
Jer 31:38	וְ/נִבְנְתָ֤ה	c/1129	HC/VNq3fs
Jer 31:38	הָ/עִיר֙	d/5892 b	HTd/Ncfsa
Jer 31:38	לַֽ/יהוָ֔ה	l/3068	HR/Np
Jer 31:38	מִ/מִּגְדַּ֥ל	m/4026	HR/Ncbsc
Jer 31:38	חֲנַנְאֵ֖ל	2606	HNp
Jer 31:38	שַׁ֥עַר	8179	HNcmsc
Jer 31:38	הַ/פִּנָּֽה	d/6438	HTd/Ncfsa
Jer 31:39	וְ/יָצָ֨א	c/3318	HC/Vqq3ms
Jer 31:39	ע֜וֹד	5750	HD
Jer 31:39	קוה	6961	HNcmsc
Jer 31:39	הַ/מִּדָּה֙	d/4060 a	HTd/Ncfsa
Jer 31:39	נֶגְדּ֔/וֹ	5048	HR/Sp3ms
Jer 31:39	עַ֖ל	5921 a	HR
Jer 31:39	גִּבְעַ֣ת	1389	HNcfsc
Jer 31:39	גָּרֵ֑ב	1619	HNp
Jer 31:39	וְ/נָסַ֖ב	c/5437	HC/VNq3ms
Jer 31:39	גֹּעָֽתָ/ה	1601	HNp/Sd
Jer 31:40	וְ/כָל	c/3605	HC/Ncmsc
Jer 31:40	הָ/עֵ֣מֶק	d/6010	HTd/Ncmsa
Jer 31:40	הַ/פְּגָרִ֣ים	d/6297	HTd/Ncmpa
Jer 31:40	וְ/הַ/דֶּ֡שֶׁן	c/d/1880	HC/Td/Ncmsa
Jer 31:40	וְ/כָֽל	c/3605	HC/Ncmsc
Jer 31:40	ה/שרמות	d/8309	HTd/Ncfpa
Jer 31:40	עַד	5704	HR
Jer 31:40	נַ֨חַל	5158 a	HNcmsc
Jer 31:40	קִדְר֜וֹן	6939	HNp
Jer 31:40	עַד	5704	HR
Jer 31:40	פִּנַּ֨ת	6438	HNcfsc
Jer 31:40	שַׁ֤עַר	8179	HNcmsc
Jer 31:40	הַ/סּוּסִים֙	d/5483 b	HTd/Ncmpa
Jer 31:40	מִזְרָ֔חָ/ה	4217	HNcmsa/Sd
Jer 31:40	קֹ֖דֶשׁ	6944	HNcmsa
Jer 31:40	לַֽ/יהוָ֑ה	l/3068	HR/Np
Jer 31:40	לֹֽא	3808	HTn
Jer 31:40	יִנָּתֵ֧שׁ	5428	HVNi3ms
Jer 31:40	וְֽ/לֹא	c/3808	HC/Tn
Jer 31:40	יֵהָרֵ֛ס	2040	HVNi3ms
Jer 31:40	ע֖וֹד	5750	HD
Jer 31:40	לְ/עוֹלָֽם	l/5769	HR/Ncmsa
Jer 32:1	הַ/דָּבָ֞ר	d/1697	HTd/Ncmsa
Jer 32:1	אֲשֶׁר	834 a	HTr
Jer 32:1	הָיָ֤ה	1961	HVqp3ms
Jer 32:1	אֶֽל	413	HR
Jer 32:1	יִרְמְיָ֨הוּ֙	3414	HNp
Jer 32:1	מֵ/אֵ֣ת	m/854	HR/R
Jer 32:1	יְהוָ֔ה	3068	HNp
Jer 32:1	ב/שנת	b/8141	HRd/Ncfsa
Jer 32:1	הָ/עֲשִׂרִ֔ית	d/6224	HTd/Aofsa
Jer 32:1	לְ/צִדְקִיָּ֖הוּ	l/6667	HR/Np
Jer 32:1	מֶ֣לֶךְ	4428	HNcmsc
Jer 32:1	יְהוּדָ֑ה	3063	HNp
Jer 32:1	הִ֧יא	1931	HPp3fs
Jer 32:1	הַ/שָּׁנָ֛ה	d/8141	HTd/Ncfsa
Jer 32:1	שְׁמֹנֶֽה	8083	HAcfsa
Jer 32:1	עֶשְׂרֵ֥ה	6240	HAcfsa
Jer 32:1	שָׁנָ֖ה	8141	HNcfsa
Jer 32:1	לִ/נְבֽוּכַדְרֶאצַּֽר	l/5019	HR/Np
Jer 32:2	וְ/אָ֗ז	c/227 a	HC/D
Jer 32:2	חֵ֚יל	2428	HNcmsc
Jer 32:2	מֶ֣לֶךְ	4428	HNcmsc
Jer 32:2	בָּבֶ֔ל	894	HNp
Jer 32:2	צָרִ֖ים	6696 a	HVqrmpa
Jer 32:2	עַל	5921 a	HR
Jer 32:2	יְרוּשָׁלִָ֑ם	3389	HNp
Jer 32:2	וְ/יִרְמְיָ֣הוּ	c/3414	HC/Np
Jer 32:2	הַ/נָּבִ֗יא	d/5030	HTd/Ncmsa
Jer 32:2	הָיָ֤ה	1961	HVqp3ms
Jer 32:2	כָלוּא֙	3607	HVqsmsa
Jer 32:2	בַּ/חֲצַ֣ר	b/2691 a	HR/Ncbsc
Jer 32:2	הַ/מַּטָּרָ֔ה	d/4307	HTd/Ncfsa
Jer 32:2	אֲשֶׁ֖ר	834 a	HTr
Jer 32:2	בֵּֽית	1004 b	HNcmsc
Jer 32:2	מֶ֥לֶךְ	4428	HNcmsc
Jer 32:2	יְהוּדָֽה	3063	HNp
Jer 32:3	אֲשֶׁ֣ר	834 a	HTr
Jer 32:3	כְּלָא֔/וֹ	3607	HVqp3ms/Sp3ms
Jer 32:3	צִדְקִיָּ֥הוּ	6667	HNp
Jer 32:3	מֶֽלֶךְ	4428	HNcmsc
Jer 32:3	יְהוּדָ֖ה	3063	HNp
Jer 32:3	לֵ/אמֹ֑ר	l/559	HR/Vqc
Jer 32:3	מַדּוּעַ֩	4069	HTi
Jer 32:3	אַתָּ֨ה	859 a	HPp2ms
Jer 32:3	נִבָּ֜א	5012	HVNrmsa
Jer 32:3	לֵ/אמֹ֗ר	l/559	HR/Vqc
Jer 32:3	כֹּ֚ה	3541	HD
Jer 32:3	אָמַ֣ר	559	HVqp3ms
Jer 32:3	יְהוָ֔ה	3068	HNp
Jer 32:3	הִנְ/נִ֨י	2005	HTm/Sp1cs
Jer 32:3	נֹתֵ֜ן	5414	HVqrmsa
Jer 32:3	אֶת	853	HTo
Jer 32:3	הָ/עִ֥יר	d/5892 b	HTd/Ncfsa
Jer 32:3	הַ/זֹּ֛את	d/2063	HTd/Pdxfs
Jer 32:3	בְּ/יַ֥ד	b/3027	HR/Ncbsc
Jer 32:3	מֶֽלֶךְ	4428	HNcmsc
Jer 32:3	בָּבֶ֖ל	894	HNp
Jer 32:3	וּ/לְכָדָֽ/הּ	c/3920	HC/Vqq3ms/Sp3fs
Jer 32:4	וְ/צִדְקִיָּ֨הוּ֙	c/6667	HC/Np
Jer 32:4	מֶ֣לֶךְ	4428	HNcmsc
Jer 32:4	יְהוּדָ֔ה	3063	HNp
Jer 32:4	לֹ֥א	3808	HTn
Jer 32:4	יִמָּלֵ֖ט	4422	HVNi3ms
Jer 32:4	מִ/יַּ֣ד	m/3027	HR/Ncbsc
Jer 32:4	הַ/כַּשְׂדִּ֑ים	d/3778	HTd/Np
Jer 32:4	כִּ֣י	3588 a	HC
Jer 32:4	הִנָּתֹ֤ן	5414	HVNa
Jer 32:4	יִנָּתֵן֙	5414	HVNi3ms
Jer 32:4	בְּ/יַ֣ד	b/3027	HR/Ncbsc
Jer 32:4	מֶֽלֶךְ	4428	HNcmsc
Jer 32:4	בָּבֶ֔ל	894	HNp
Jer 32:4	וְ/דִבֶּר	c/1696	HC/Vpq3ms
Jer 32:4	פִּ֣י/ו	6310	HNcmsc/Sp3ms
Jer 32:4	עִם	5973 a	HR
Jer 32:4	פִּ֔י/ו	6310	HNcmsc/Sp3ms
Jer 32:4	וְ/עֵינָ֖י/ו	c/5869 a	HC/Ncbdc/Sp3ms
Jer 32:4	אֶת	853	HTo
Jer 32:4	עינ/ו	5869 a	HNcbdc/Sp3ms
Jer 32:4	תִּרְאֶֽינָה	7200	HVqi3fp
Jer 32:5	וּ/בָבֶ֞ל	c/894	HC/Np
Jer 32:5	יוֹלִ֤ךְ	3212	HVhi3ms
Jer 32:5	אֶת	853	HTo
Jer 32:5	צִדְקִיָּ֨הוּ֙	6667	HNp
Jer 32:5	וְ/שָׁ֣ם	c/8033	HC/D
Jer 32:5	יִֽהְיֶ֔ה	1961	HVqi3ms
Jer 32:5	עַד	5704	HR
Jer 32:5	פָּקְדִ֥/י	6485 a	HVqc/Sp1cs
Jer 32:5	אֹת֖/וֹ	853	HTo/Sp3ms
Jer 32:5	נְאֻם	5002	HNcmsc
Jer 32:5	יְהוָ֑ה	3068	HNp
Jer 32:5	כִּ֧י	3588 a	HC
Jer 32:5	תִֽלָּחֲמ֛וּ	3898 a	HVNi2mp
Jer 32:5	אֶת	854	HR
Jer 32:5	הַ/כַּשְׂדִּ֖ים	d/3778	HTd/Np
Jer 32:5	לֹ֥א	3808	HTn
Jer 32:5	תַצְלִֽיחוּ	6743 b	HVhi2mp
Jer 32:6	וַ/יֹּ֖אמֶר	c/559	HC/Vqw3ms
Jer 32:6	יִרְמְיָ֑הוּ	3414	HNp
Jer 32:6	הָיָ֥ה	1961	HVqp3ms
Jer 32:6	דְּבַר	1697	HNcmsc
Jer 32:6	יְהוָ֖ה	3068	HNp
Jer 32:6	אֵלַ֥/י	413	HR/Sp1cs
Jer 32:6	לֵ/אמֹֽר	l/559	HR/Vqc
Jer 32:7	הִנֵּ֣ה	2009	HTm
Jer 32:7	חֲנַמְאֵ֗ל	2601	HNp
Jer 32:7	בֶּן	1121 a	HNcmsc
Jer 32:7	שַׁלֻּם֙	7967	HNp
Jer 32:7	דֹּֽדְ/ךָ֔	1730	HNcmsc/Sp2ms
Jer 32:7	בָּ֥א	935	HVqrmsa
Jer 32:7	אֵלֶ֖י/ךָ	413	HR/Sp2ms
Jer 32:7	לֵ/אמֹ֑ר	l/559	HR/Vqc
Jer 32:7	קְנֵ֣ה	7069	HVqv2ms
Jer 32:7	לְ/ךָ֗	l	HR/Sp2ms
Jer 32:7	אֶת	853	HTo
Jer 32:7	שָׂדִ/י֙	7704 b	HNcmsc/Sp1cs
Jer 32:7	אֲשֶׁ֣ר	834 a	HTr
Jer 32:7	בַּ/עֲנָת֔וֹת	b/6068	HR/Np
Jer 32:7	כִּ֥י	3588 a	HC
Jer 32:7	לְ/ךָ֛	l	HR/Sp2ms
Jer 32:7	מִשְׁפַּ֥ט	4941	HNcmsc
Jer 32:7	הַ/גְּאֻלָּ֖ה	d/1353	HTd/Ncfsa
Jer 32:7	לִ/קְנֽוֹת	l/7069	HR/Vqc
Jer 32:8	וַ/יָּבֹ֣א	c/935	HC/Vqw3ms
Jer 32:8	אֵ֠לַ/י	413	HR/Sp1cs
Jer 32:8	חֲנַמְאֵ֨ל	2601	HNp
Jer 32:8	בֶּן	1121 a	HNcmsc
Jer 32:8	דֹּדִ֜/י	1730	HNcmsc/Sp1cs
Jer 32:8	כִּ/דְבַ֣ר	k/1697	HR/Ncmsc
Jer 32:8	יְהוָה֮	3068	HNp
Jer 32:8	אֶל	413	HR
Jer 32:8	חֲצַ֣ר	2691 a	HNcbsc
Jer 32:8	הַ/מַּטָּרָה֒	d/4307	HTd/Ncfsa
Jer 32:8	וַ/יֹּ֣אמֶר	c/559	HC/Vqw3ms
Jer 32:8	אֵלַ֡/י	413	HR/Sp1cs
Jer 32:8	קְנֵ֣ה	7069	HVqv2ms
Jer 32:8	נָ֠א	4994	HTe
Jer 32:8	אֶת	853	HTo
Jer 32:8	שָׂדִ֨/י	7704 b	HNcmsc/Sp1cs
Jer 32:8	אֲשֶׁר	834 a	HTr
Jer 32:8	בַּ/עֲנָת֜וֹת	b/6068	HR/Np
Jer 32:8	אֲשֶׁ֣ר	834 a	HTr
Jer 32:8	בְּ/אֶ֣רֶץ	b/776	HR/Ncbsc
Jer 32:8	בִּנְיָמִ֗ין	1144	HNp
Jer 32:8	כִּֽי	3588 a	HC
Jer 32:8	לְ/ךָ֞	l	HR/Sp2ms
Jer 32:8	מִשְׁפַּ֧ט	4941	HNcmsc
Jer 32:8	הַ/יְרֻשָּׁ֛ה	d/3425	HTd/Ncfsa
Jer 32:8	וּ/לְ/ךָ֥	c/l	HC/R/Sp2ms
Jer 32:8	הַ/גְּאֻלָּ֖ה	d/1353	HTd/Ncfsa
Jer 32:8	קְנֵה	7069	HVqv2ms
Jer 32:8	לָ֑/ךְ	l	HR/Sp2fs
Jer 32:8	וָ/אֵדַ֕ע	c/3045	HC/Vqw1cs
Jer 32:8	כִּ֥י	3588 a	HC
Jer 32:8	דְבַר	1697	HNcmsc
Jer 32:8	יְהוָ֖ה	3068	HNp
Jer 32:8	הֽוּא	1931	HPp3ms
Jer 32:9	וָֽ/אֶקְנֶה֙	c/7069	HC/Vqw1cs
Jer 32:9	אֶת	853	HTo
Jer 32:9	הַ/שָּׂדֶ֔ה	d/7704 b	HTd/Ncmsa
Jer 32:9	מֵ/אֵ֛ת	m/854	HR/R
Jer 32:9	חֲנַמְאֵ֥ל	2601	HNp
Jer 32:9	בֶּן	1121 a	HNcmsc
Jer 32:9	דֹּדִ֖/י	1730	HNcmsc/Sp1cs
Jer 32:9	אֲשֶׁ֣ר	834 a	HTr
Jer 32:9	בַּ/עֲנָת֑וֹת	b/6068	HR/Np
Jer 32:9	וָֽ/אֶשְׁקֲלָ/ה	c/8254	HC/Vqw1cs/Sh
Jer 32:9	לּ/וֹ֙	l	HR/Sp3ms
Jer 32:9	אֶת	853	HTo
Jer 32:9	הַ/כֶּ֔סֶף	d/3701	HTd/Ncmsa
Jer 32:9	שִׁבְעָ֥ה	7651	HAcmsa
Jer 32:9	שְׁקָלִ֖ים	8255	HNcmpa
Jer 32:9	וַ/עֲשָׂרָ֥ה	c/6235	HC/Acmsa
Jer 32:9	הַ/כָּֽסֶף	d/3701	HTd/Ncmsa
Jer 32:10	וָ/אֶכְתֹּ֤ב	c/3789	HC/Vqw1cs
Jer 32:10	בַּ/סֵּ֨פֶר֙	b/5612 a	HRd/Ncmsa
Jer 32:10	וָֽ/אֶחְתֹּ֔ם	c/2856	HC/Vqw1cs
Jer 32:10	וָ/אָעֵ֖ד	c/5749 b	HC/Vhw1cs
Jer 32:10	עֵדִ֑ים	5707	HNcmpa
Jer 32:10	וָ/אֶשְׁקֹ֥ל	c/8254	HC/Vqw1cs
Jer 32:10	הַ/כֶּ֖סֶף	d/3701	HTd/Ncmsa
Jer 32:10	בְּ/מֹאזְנָֽיִם	b/3976	HR/Ncmda
Jer 32:11	וָ/אֶקַּ֖ח	c/3947	HC/Vqw1cs
Jer 32:11	אֶת	853	HTo
Jer 32:11	סֵ֣פֶר	5612 a	HNcmsc
Jer 32:11	הַ/מִּקְנָ֑ה	d/4736	HTd/Ncfsa
Jer 32:11	אֶת	853	HTo
Jer 32:11	הֶֽ/חָת֛וּם	d/2856	HTd/Vqsmsa
Jer 32:11	הַ/מִּצְוָ֥ה	d/4687	HTd/Ncfsa
Jer 32:11	וְ/הַ/חֻקִּ֖ים	c/d/2706	HC/Td/Ncmpa
Jer 32:11	וְ/אֶת	c/853	HC/To
Jer 32:11	הַ/גָּלֽוּי	d/1540	HTd/Vqsmsa
Jer 32:12	וָ/אֶתֵּ֞ן	c/5414	HC/Vqw1cs
Jer 32:12	אֶת	853	HTo
Jer 32:12	הַ/סֵּ֣פֶר	d/5612 a	HTd/Ncmsa
Jer 32:12	הַ/מִּקְנָ֗ה	d/4736	HTd/Ncfsa
Jer 32:12	אֶל	413	HR
Jer 32:12	בָּר֣וּךְ	1263	HNp
Jer 32:12	בֶּן	1121 a	HNcmsc
Jer 32:12	נֵרִיָּה֮	5374	HNp
Jer 32:12	בֶּן	1121 a	HNcmsc
Jer 32:12	מַחְסֵיָה֒	4271	HNp
Jer 32:12	לְ/עֵינֵי֙	l/5869 a	HR/Ncbdc
Jer 32:12	חֲנַמְאֵ֣ל	2601	HNp
Jer 32:12	דֹּדִ֔/י	1730	HNcmsc/Sp1cs
Jer 32:12	וּ/לְ/עֵינֵי֙	c/l/5869 a	HC/R/Ncbdc
Jer 32:12	הָֽ/עֵדִ֔ים	d/5707	HTd/Ncmpa
Jer 32:12	הַ/כֹּתְבִ֖ים	d/3789	HTd/Vqrmpa
Jer 32:12	בְּ/סֵ֣פֶר	b/5612 a	HR/Ncmsc
Jer 32:12	הַ/מִּקְנָ֑ה	d/4736	HTd/Ncfsa
Jer 32:12	לְ/עֵינֵי֙	l/5869 a	HR/Ncbdc
Jer 32:12	כָּל	3605	HNcmsc
Jer 32:12	הַ/יְּהוּדִ֔ים	d/3064	HTd/Ngmpa
Jer 32:12	הַ/יֹּשְׁבִ֖ים	d/3427	HTd/Vqrmpa
Jer 32:12	בַּ/חֲצַ֥ר	b/2691 a	HR/Ncbsc
Jer 32:12	הַ/מַּטָּרָֽה	d/4307	HTd/Ncfsa
Jer 32:13	וָֽ/אֲצַוֶּה֙	c/6680	HC/Vpw1cs
Jer 32:13	אֶת	853	HTo
Jer 32:13	בָּר֔וּךְ	1263	HNp
Jer 32:13	לְ/עֵינֵי/הֶ֖ם	l/5869 a	HR/Ncbdc/Sp3mp
Jer 32:13	לֵ/אמֹֽר	l/559	HR/Vqc
Jer 32:14	כֹּֽה	3541	HD
Jer 32:14	אָמַר֩	559	HVqp3ms
Jer 32:14	יְהוָ֨ה	3068	HNp
Jer 32:14	צְבָא֜וֹת	6635 b	HNcbpa
Jer 32:14	אֱלֹהֵ֣י	430	HNcmpc
Jer 32:14	יִשְׂרָאֵ֗ל	3478	HNp
Jer 32:14	לָק֣וֹחַ	3947	HVqa
Jer 32:14	אֶת	853	HTo
Jer 32:14	הַ/סְּפָרִ֣ים	d/5612 a	HTd/Ncmpa
Jer 32:14	הָ/אֵ֡לֶּה	d/428	HTd/Pdxcp
Jer 32:14	אֵ֣ת	853	HTo
Jer 32:14	סֵפֶר֩	5612 a	HNcmsc
Jer 32:14	הַ/מִּקְנָ֨ה	d/4736	HTd/Ncfsa
Jer 32:14	הַ/זֶּ֜ה	d/2088	HTd/Pdxms
Jer 32:14	וְ/אֵ֣ת	c/853	HC/To
Jer 32:14	הֶ/חָת֗וּם	d/2856	HTd/Vqsmsa
Jer 32:14	וְ/אֵ֨ת	c/853	HC/To
Jer 32:14	סֵ֤פֶר	5612 a	HNcmsc
Jer 32:14	הַ/גָּלוּי֙	d/1540	HTd/Vqsmsa
Jer 32:14	הַ/זֶּ֔ה	d/2088	HTd/Pdxms
Jer 32:14	וּ/נְתַתָּ֖/ם	c/5414	HC/Vqq2ms/Sp3mp
Jer 32:14	בִּ/כְלִי	b/3627	HR/Ncmsc
Jer 32:14	חָ֑רֶשׂ	2789	HNcmsa
Jer 32:14	לְמַ֥עַן	4616	HR
Jer 32:14	יַעַמְד֖וּ	5975	HVqi3mp
Jer 32:14	יָמִ֥ים	3117	HNcmpa
Jer 32:14	רַבִּֽים	7227 a	HAampa
Jer 32:15	כִּ֣י	3588 a	HC
Jer 32:15	כֹ֥ה	3541	HD
Jer 32:15	אָמַ֛ר	559	HVqp3ms
Jer 32:15	יְהוָ֥ה	3068	HNp
Jer 32:15	צְבָא֖וֹת	6635 b	HNcbpa
Jer 32:15	אֱלֹהֵ֣י	430	HNcmpc
Jer 32:15	יִשְׂרָאֵ֑ל	3478	HNp
Jer 32:15	ע֣וֹד	5750	HD
Jer 32:15	יִקָּנ֥וּ	7069	HVNi3mp
Jer 32:15	בָתִּ֛ים	1004 b	HNcmpa
Jer 32:15	וְ/שָׂד֥וֹת	c/7704 b	HC/Ncmpa
Jer 32:15	וּ/כְרָמִ֖ים	c/3754	HC/Ncbpa
Jer 32:15	בָּ/אָ֥רֶץ	b/776	HRd/Ncbsa
Jer 32:15	הַ/זֹּֽאת	d/2063	HTd/Pdxfs
Jer 32:16	וָ/אֶתְפַּלֵּ֖ל	c/6419	HC/Vtw1cs
Jer 32:16	אֶל	413	HR
Jer 32:16	יְהוָ֑ה	3068	HNp
Jer 32:16	אַחֲרֵ֤י	310 a	HR
Jer 32:16	תִתִּ/י֙	5414	HVqc/Sp1cs
Jer 32:16	אֶת	853	HTo
Jer 32:16	סֵ֣פֶר	5612 a	HNcmsc
Jer 32:16	הַ/מִּקְנָ֔ה	d/4736	HTd/Ncfsa
Jer 32:16	אֶל	413	HR
Jer 32:16	בָּר֥וּךְ	1263	HNp
Jer 32:16	בֶּן	1121 a	HNcmsc
Jer 32:16	נֵרִיָּ֖ה	5374	HNp
Jer 32:16	לֵ/אמֹֽר	l/559	HR/Vqc
Jer 32:17	אֲהָהּ֮	162	HTj
Jer 32:17	אֲדֹנָ֣/י	136	HNcmpc/Sp1cs
Jer 32:17	יְהוִה֒	3069	HNp
Jer 32:17	הִנֵּ֣ה	2009	HTm
Jer 32:17	אַתָּ֣ה	859 a	HPp2ms
Jer 32:17	עָשִׂ֗יתָ	6213 a	HVqp2ms
Jer 32:17	אֶת	853	HTo
Jer 32:17	הַ/שָּׁמַ֨יִם֙	d/8064	HTd/Ncmpa
Jer 32:17	וְ/אֶת	c/853	HC/To
Jer 32:17	הָ/אָ֔רֶץ	d/776	HTd/Ncbsa
Jer 32:17	בְּ/כֹֽחֲ/ךָ֙	b/3581 b	HR/Ncmsc/Sp2ms
Jer 32:17	הַ/גָּד֔וֹל	d/1419 a	HTd/Aamsa
Jer 32:17	וּ/בִֽ/זְרֹעֲ/ךָ֖	c/b/2220	HC/R/Ncbsc/Sp2ms
Jer 32:17	הַ/נְּטוּיָ֑ה	d/5186	HTd/Vqsfsa
Jer 32:17	לֹֽא	3808	HTn
Jer 32:17	יִפָּלֵ֥א	6381	HVNi3ms
Jer 32:17	מִמְּ/ךָ֖	4480 a	HR/Sp2ms
Jer 32:17	כָּל	3605	HNcmsc
Jer 32:17	דָּבָֽר	1697	HNcmsa
Jer 32:18	עֹ֤שֶׂה	6213 a	HVqrmsa
Jer 32:18	חֶ֨סֶד֙	2617 a	HNcmsa
Jer 32:18	לַֽ/אֲלָפִ֔ים	l/505	HR/Acbpa
Jer 32:18	וּ/מְשַׁלֵּם֙	c/7999 a	HC/Vprmsa
Jer 32:18	עֲוֺ֣ן	5771	HNcbsc
Jer 32:18	אָב֔וֹת	1	HNcmpa
Jer 32:18	אֶל	413	HR
Jer 32:18	חֵ֥יק	2436	HNcmsc
Jer 32:18	בְּנֵי/הֶ֖ם	1121 a	HNcmpc/Sp3mp
Jer 32:18	אַחֲרֵי/הֶ֑ם	310 a	HR/Sp3mp
Jer 32:18	הָ/אֵ֤ל	d/410	HTd/Ncmsa
Jer 32:18	הַ/גָּדוֹל֙	d/1419 a	HTd/Aamsa
Jer 32:18	הַ/גִּבּ֔וֹר	d/1368	HTd/Aamsa
Jer 32:18	יְהוָ֥ה	3068	HNp
Jer 32:18	צְבָא֖וֹת	6635 b	HNcbpa
Jer 32:18	שְׁמֽ/וֹ	8034	HNcmsc/Sp3ms
Jer 32:19	גְּדֹל֙	1419 a	HAamsc
Jer 32:19	הָֽ/עֵצָ֔ה	d/6098	HTd/Ncfsa
Jer 32:19	וְ/רַ֖ב	c/7227 a	HC/Aamsc
Jer 32:19	הָ/עֲלִֽילִיָּ֑ה	d/5950	HTd/Ncfsa
Jer 32:19	אֲשֶׁר	834 a	HTr
Jer 32:19	עֵינֶ֣י/ךָ	5869 a	HNcbdc/Sp2ms
Jer 32:19	פְקֻח֗וֹת	6491	HVqsfpa
Jer 32:19	עַל	5921 a	HR
Jer 32:19	כָּל	3605	HNcmsc
Jer 32:19	דַּרְכֵי֙	1870	HNcbpc
Jer 32:19	בְּנֵ֣י	1121 a	HNcmpc
Jer 32:19	אָדָ֔ם	120	HNcmsa
Jer 32:19	לָ/תֵ֤ת	l/5414	HR/Vqc
Jer 32:19	לְ/אִישׁ֙	l/376	HR/Ncmsa
Jer 32:19	כִּ/דְרָכָ֔י/ו	k/1870	HR/Ncbpc/Sp3ms
Jer 32:19	וְ/כִ/פְרִ֖י	c/k/6529	HC/R/Ncmsc
Jer 32:19	מַעֲלָלָֽי/ו	4611	HNcmpc/Sp3ms
Jer 32:20	אֲשֶׁר	834 a	HTr
Jer 32:20	שַׂ֠מְתָּ	7760 a	HVqp2ms
Jer 32:20	אֹת֨וֹת	226	HNcbpa
Jer 32:20	וּ/מֹפְתִ֤ים	c/4159	HC/Ncmpa
Jer 32:20	בְּ/אֶֽרֶץ	b/776	HR/Ncbsc
Jer 32:20	מִצְרַ֨יִם֙	4714	HNp
Jer 32:20	עַד	5704	HR
Jer 32:20	הַ/יּ֣וֹם	d/3117	HTd/Ncmsa
Jer 32:20	הַ/זֶּ֔ה	d/2088	HTd/Pdxms
Jer 32:20	וּ/בְ/יִשְׂרָאֵ֖ל	c/b/3478	HC/R/Np
Jer 32:20	וּ/בָֽ/אָדָ֑ם	c/b/120	HC/Rd/Ncmsa
Jer 32:20	וַ/תַּעֲשֶׂה	c/6213 a	HC/Vqw2ms
Jer 32:20	לְּ/ךָ֥	l	HR/Sp2ms
Jer 32:20	שֵׁ֖ם	8034	HNcmsa
Jer 32:20	כַּ/יּ֥וֹם	k/3117	HRd/Ncmsa
Jer 32:20	הַ/זֶּֽה	d/2088	HTd/Pdxms
Jer 32:21	וַ/תֹּצֵ֛א	c/3318	HC/Vhw2ms
Jer 32:21	אֶת	853	HTo
Jer 32:21	עַמְּ/ךָ֥	5971 a	HNcmsc/Sp2ms
Jer 32:21	אֶת	853	HTo
Jer 32:21	יִשְׂרָאֵ֖ל	3478	HNp
Jer 32:21	מֵ/אֶ֣רֶץ	m/776	HR/Ncbsc
Jer 32:21	מִצְרָ֑יִם	4714	HNp
Jer 32:21	בְּ/אֹת֣וֹת	b/226	HR/Ncbpa
Jer 32:21	וּ/בְ/מוֹפְתִ֗ים	c/b/4159	HC/R/Ncmpa
Jer 32:21	וּ/בְ/יָ֤ד	c/b/3027	HC/R/Ncbsa
Jer 32:21	חֲזָקָה֙	2389	HAafsa
Jer 32:21	וּ/בְ/אֶזְר֣וֹעַ	c/b/248	HC/R/Ncfsa
Jer 32:21	נְטוּיָ֔ה	5186	HVqsfsa
Jer 32:21	וּ/בְ/מוֹרָ֖א	c/b/4172 a	HC/R/Ncmsa
Jer 32:21	גָּדֽוֹל	1419 a	HAamsa
Jer 32:22	וַ/תִּתֵּ֤ן	c/5414	HC/Vqw2ms
Jer 32:22	לָ/הֶם֙	l	HR/Sp3mp
Jer 32:22	אֶת	853	HTo
Jer 32:22	הָ/אָ֣רֶץ	d/776	HTd/Ncbsa
Jer 32:22	הַ/זֹּ֔את	d/2063	HTd/Pdxfs
Jer 32:22	אֲשֶׁר	834 a	HTr
Jer 32:22	נִשְׁבַּ֥עְתָּ	7650	HVNp2ms
Jer 32:22	לַ/אֲבוֹתָ֖/ם	l/1	HR/Ncmpc/Sp3mp
Jer 32:22	לָ/תֵ֣ת	l/5414	HR/Vqc
Jer 32:22	לָ/הֶ֑ם	l	HR/Sp3mp
Jer 32:22	אֶ֛רֶץ	776	HNcbsa
Jer 32:22	זָבַ֥ת	2100	HVqrfsc
Jer 32:22	חָלָ֖ב	2461	HNcmsa
Jer 32:22	וּ/דְבָֽשׁ	c/1706	HC/Ncmsa
Jer 32:23	וַ/יָּבֹ֜אוּ	c/935	HC/Vqw3mp
Jer 32:23	וַ/יִּֽרְשׁ֣וּ	c/3423	HC/Vqw3mp
Jer 32:23	אֹתָ֗/הּ	853	HTo/Sp3fs
Jer 32:23	וְ/לֹֽא	c/3808	HC/Tn
Jer 32:23	שָׁמְע֤וּ	8085	HVqp3cp
Jer 32:23	בְ/קוֹלֶ֨/ךָ֙	b/6963 a	HR/Ncmsc/Sp2ms
Jer 32:23	ו/ב/תרות/ך	c/b/8451	HC/R/Ncfpc/Sp2ms
Jer 32:23	לֹא	3808	HTn
Jer 32:23	הָלָ֔כוּ	1980	HVqp3cp
Jer 32:23	אֵת֩	853	HTo
Jer 32:23	כָּל	3605	HNcmsc
Jer 32:23	אֲשֶׁ֨ר	834 a	HTr
Jer 32:23	צִוִּ֧יתָה	6680	HVpp2ms
Jer 32:23	לָ/הֶ֛ם	l	HR/Sp3mp
Jer 32:23	לַ/עֲשׂ֖וֹת	l/6213 a	HR/Vqc
Jer 32:23	לֹ֣א	3808	HTn
Jer 32:23	עָשׂ֑וּ	6213 a	HVqp3cp
Jer 32:23	וַ/תַּקְרֵ֣א	c/7122	HC/Vhw2ms
Jer 32:23	אֹתָ֔/ם	853	HTo/Sp3mp
Jer 32:23	אֵ֥ת	853	HTo
Jer 32:23	כָּל	3605	HNcmsc
Jer 32:23	הָ/רָעָ֖ה	d/7451 c	HTd/Ncfsa
Jer 32:23	הַ/זֹּֽאת	d/2063	HTd/Pdxfs
Jer 32:24	הִנֵּ֣ה	2009	HTm
Jer 32:24	הַ/סֹּלְל֗וֹת	d/5550	HTd/Ncfpa
Jer 32:24	בָּ֣אוּ	935	HVqp3cp
Jer 32:24	הָ/עִיר֮	d/5892 b	HTd/Ncfsa
Jer 32:24	לְ/לָכְדָ/הּ֒	l/3920	HR/Vqc/Sp3fs
Jer 32:24	וְ/הָ/עִ֣יר	c/d/5892 b	HC/Td/Ncfsa
Jer 32:24	נִתְּנָ֗ה	5414	HVNp3fs
Jer 32:24	בְּ/יַ֤ד	b/3027	HR/Ncbsc
Jer 32:24	הַ/כַּשְׂדִּים֙	d/3778	HTd/Np
Jer 32:24	הַ/נִּלְחָמִ֣ים	d/3898 a	HTd/VNrmpa
Jer 32:24	עָלֶ֔י/הָ	5921 a	HR/Sp3fs
Jer 32:24	מִ/פְּנֵ֛י	m/6440	HR/Ncbpc
Jer 32:24	הַ/חֶ֥רֶב	d/2719	HTd/Ncfsa
Jer 32:24	וְ/הָ/רָעָ֖ב	c/d/7458	HC/Td/Ncmsa
Jer 32:24	וְ/הַ/דָּ֑בֶר	c/d/1698	HC/Td/Ncmsa
Jer 32:24	וַ/אֲשֶׁ֥ר	c/834 a	HC/Tr
Jer 32:24	דִּבַּ֛רְתָּ	1696	HVpp2ms
Jer 32:24	הָיָ֖ה	1961	HVqp3ms
Jer 32:24	וְ/הִנְּ/ךָ֥	c/2005	HC/Tj/Sp2ms
Jer 32:24	רֹאֶֽה	7200	HVqrmsa
Jer 32:25	וְ/אַתָּ֞ה	c/859 a	HC/Pp2ms
Jer 32:25	אָמַ֤רְתָּ	559	HVqp2ms
Jer 32:25	אֵלַ/י֙	413	HR/Sp1cs
Jer 32:25	אֲדֹנָ֣/י	136	HNcmpc/Sp1cs
Jer 32:25	יְהוִ֔ה	3069	HNp
Jer 32:25	קְנֵֽה	7069	HVqv2ms
Jer 32:25	לְ/ךָ֧	l	HR/Sp2ms
Jer 32:25	הַ/שָּׂדֶ֛ה	d/7704 b	HTd/Ncmsa
Jer 32:25	בַּ/כֶּ֖סֶף	b/3701	HRd/Ncmsa
Jer 32:25	וְ/הָעֵ֣ד	c/5749 b	HC/Vhv2ms
Jer 32:25	עֵדִ֑ים	5707	HNcmpa
Jer 32:25	וְ/הָ/עִ֥יר	c/d/5892 b	HC/Td/Ncfsa
Jer 32:25	נִתְּנָ֖ה	5414	HVNp3fs
Jer 32:25	בְּ/יַ֥ד	b/3027	HR/Ncbsc
Jer 32:25	הַ/כַּשְׂדִּֽים	d/3778	HTd/Np
Jer 32:26	וַ/יְהִי֙	c/1961	HC/Vqw3ms
Jer 32:26	דְּבַר	1697	HNcmsc
Jer 32:26	יְהוָ֔ה	3068	HNp
Jer 32:26	אֶֽל	413	HR
Jer 32:26	יִרְמְיָ֖הוּ	3414	HNp
Jer 32:26	לֵ/אמֹֽר	l/559	HR/Vqc
Jer 32:27	הִנֵּה֙	2009	HTm
Jer 32:27	אֲנִ֣י	589	HPp1cs
Jer 32:27	יְהוָ֔ה	3068	HNp
Jer 32:27	אֱלֹהֵ֖י	430	HNcmpc
Jer 32:27	כָּל	3605	HNcmsc
Jer 32:27	בָּשָׂ֑ר	1320	HNcmsa
Jer 32:27	הֲֽ/מִמֶּ֔/נִּי	i/4480 a	HTi/R/Sp1cs
Jer 32:27	יִפָּלֵ֖א	6381	HVNi3ms
Jer 32:27	כָּל	3605	HNcmsc
Jer 32:27	דָּבָֽר	1697	HNcmsa
Jer 32:28	לָ/כֵ֕ן	l/3651 c	HR/D
Jer 32:28	כֹּ֖ה	3541	HD
Jer 32:28	אָמַ֣ר	559	HVqp3ms
Jer 32:28	יְהוָ֑ה	3068	HNp
Jer 32:28	הִנְ/נִ֣י	2005	HTm/Sp1cs
Jer 32:28	נֹתֵן֩	5414	HVqrmsa
Jer 32:28	אֶת	853	HTo
Jer 32:28	הָ/עִ֨יר	d/5892 b	HTd/Ncfsa
Jer 32:28	הַ/זֹּ֜את	d/2063	HTd/Pdxfs
Jer 32:28	בְּ/יַ֣ד	b/3027	HR/Ncbsc
Jer 32:28	הַ/כַּשְׂדִּ֗ים	d/3778	HTd/Np
Jer 32:28	וּ/בְ/יַ֛ד	c/b/3027	HC/R/Ncbsc
Jer 32:28	נְבֽוּכַדְרֶאצַּ֥ר	5019	HNp
Jer 32:28	מֶֽלֶךְ	4428	HNcmsc
Jer 32:28	בָּבֶ֖ל	894	HNp
Jer 32:28	וּ/לְכָדָֽ/הּ	c/3920	HC/Vqq3ms/Sp3fs
Jer 32:29	וּ/בָ֣אוּ	c/935	HC/Vqq3cp
Jer 32:29	הַ/כַּשְׂדִּ֗ים	d/3778	HTd/Np
Jer 32:29	הַ/נִּלְחָמִים֙	d/3898 a	HTd/VNrmpa
Jer 32:29	עַל	5921 a	HR
Jer 32:29	הָ/עִ֣יר	d/5892 b	HTd/Ncfsa
Jer 32:29	הַ/זֹּ֔את	d/2063	HTd/Pdxfs
Jer 32:29	וְ/הִצִּ֜יתוּ	c/3341	HC/Vhp3cp
Jer 32:29	אֶת	853	HTo
Jer 32:29	הָ/עִ֥יר	d/5892 b	HTd/Ncfsa
Jer 32:29	הַ/זֹּ֛את	d/2063	HTd/Pdxfs
Jer 32:29	בָּ/אֵ֖שׁ	b/784	HRd/Ncbsa
Jer 32:29	וּ/שְׂרָפ֑וּ/הָ	c/8313	HC/Vqq3cp/Sp3fs
Jer 32:29	וְ/אֵ֣ת	c/853	HC/To
Jer 32:29	הַ/בָּתִּ֡ים	d/1004 b	HTd/Ncmpa
Jer 32:29	אֲשֶׁר֩	834 a	HTr
Jer 32:29	קִטְּר֨וּ	6999 a	HVpp3cp
Jer 32:29	עַל	5921 a	HR
Jer 32:29	גַּגּֽוֹתֵי/הֶ֜ם	1406	HNcmpc/Sp3mp
Jer 32:29	לַ/בַּ֗עַל	l/1168 a	HRd/Np
Jer 32:29	וְ/הִסִּ֤כוּ	c/5258 a	HC/Vhp3cp
Jer 32:29	נְסָכִים֙	5262	HNcmpa
Jer 32:29	לֵ/אלֹהִ֣ים	l/430	HR/Ncmpa
Jer 32:29	אֲחֵרִ֔ים	312	HAampa
Jer 32:29	לְמַ֖עַן	4616	HR
Jer 32:29	הַכְעִסֵֽ/נִי	3707	HVhc/Sp1cs
Jer 32:30	כִּֽי	3588 a	HC
Jer 32:30	הָי֨וּ	1961	HVqp3cp
Jer 32:30	בְנֵֽי	1121 a	HNcmpc
Jer 32:30	יִשְׂרָאֵ֜ל	3478	HNp
Jer 32:30	וּ/בְנֵ֣י	c/1121 a	HC/Ncmpc
Jer 32:30	יְהוּדָ֗ה	3063	HNp
Jer 32:30	אַ֣ךְ	389	HTa
Jer 32:30	עֹשִׂ֥ים	6213 a	HVqrmpa
Jer 32:30	הָ/רַ֛ע	d/7451 a	HTd/Aamsa
Jer 32:30	בְּ/עֵינַ֖/י	b/5869 a	HR/Ncbdc/Sp1cs
Jer 32:30	מִ/נְּעֻרֹֽתֵי/הֶ֑ם	m/5271 b	HR/Ncbpc/Sp3mp
Jer 32:30	כִּ֣י	3588 a	HC
Jer 32:30	בְנֵֽי	1121 a	HNcmpc
Jer 32:30	יִשְׂרָאֵ֗ל	3478	HNp
Jer 32:30	אַ֣ךְ	389	HTa
Jer 32:30	מַכְעִסִ֥ים	3707	HVhrmpa
Jer 32:30	אֹתִ֛/י	853	HTo/Sp1cs
Jer 32:30	בְּ/מַעֲשֵׂ֥ה	b/4639	HR/Ncmsc
Jer 32:30	יְדֵי/הֶ֖ם	3027	HNcbdc/Sp3mp
Jer 32:30	נְאֻם	5002	HNcmsc
Jer 32:30	יְהוָֽה	3068	HNp
Jer 32:31	כִּ֧י	3588 a	HC
Jer 32:31	עַל	5921 a	HR
Jer 32:31	אַפִּ֣/י	639	HNcmsc/Sp1cs
Jer 32:31	וְ/עַל	c/5921 a	HC/R
Jer 32:31	חֲמָתִ֗/י	2534	HNcfsc/Sp1cs
Jer 32:31	הָ֤יְתָה	1961	HVqp3fs
Jer 32:31	לִּ/י֙	l	HR/Sp1cs
Jer 32:31	הָ/עִ֣יר	d/5892 b	HTd/Ncfsa
Jer 32:31	הַ/זֹּ֔את	d/2063	HTd/Pdxfs
Jer 32:31	לְ/מִן	l/4480 a	HR/R
Jer 32:31	הַ/יּוֹם֙	d/3117	HTd/Ncmsa
Jer 32:31	אֲשֶׁ֣ר	834 a	HTr
Jer 32:31	בָּנ֣וּ	1129	HVqp3cp
Jer 32:31	אוֹתָ֔/הּ	853	HTo/Sp3fs
Jer 32:31	וְ/עַ֖ד	c/5704	HC/R
Jer 32:31	הַ/יּ֣וֹם	d/3117	HTd/Ncmsa
Jer 32:31	הַ/זֶּ֑ה	d/2088	HTd/Pdxms
Jer 32:31	לַ/הֲסִירָ֖/הּ	l/5493	HR/Vhc/Sp3fs
Jer 32:31	מֵ/עַ֥ל	m/5921 a	HR/R
Jer 32:31	פָּנָֽ/י	6440	HNcbpc/Sp1cs
Jer 32:32	עַל֩	5921 a	HR
Jer 32:32	כָּל	3605	HNcmsc
Jer 32:32	רָעַ֨ת	7451 c	HNcfsc
Jer 32:32	בְּנֵֽי	1121 a	HNcmpc
Jer 32:32	יִשְׂרָאֵ֜ל	3478	HNp
Jer 32:32	וּ/בְנֵ֣י	c/1121 a	HC/Ncmpc
Jer 32:32	יְהוּדָ֗ה	3063	HNp
Jer 32:32	אֲשֶׁ֤ר	834 a	HTr
Jer 32:32	עָשׂוּ֙	6213 a	HVqp3cp
Jer 32:32	לְ/הַכְעִסֵ֔/נִי	l/3707	HR/Vhc/Sp1cs
Jer 32:32	הֵ֤מָּה	1992	HPp3mp
Jer 32:32	מַלְכֵי/הֶם֙	4428	HNcmpc/Sp3mp
Jer 32:32	שָֽׂרֵי/הֶ֔ם	8269	HNcmpc/Sp3mp
Jer 32:32	כֹּהֲנֵי/הֶ֖ם	3548	HNcmpc/Sp3mp
Jer 32:32	וּ/נְבִֽיאֵי/הֶ֑ם	c/5030	HC/Ncmpc/Sp3mp
Jer 32:32	וְ/אִ֣ישׁ	c/376	HC/Ncmsc
Jer 32:32	יְהוּדָ֔ה	3063	HNp
Jer 32:32	וְ/יֹשְׁבֵ֖י	c/3427	HC/Vqrmpc
Jer 32:32	יְרוּשָׁלִָֽם	3389	HNp
Jer 32:33	וַ/יִּפְנ֥וּ	c/6437	HC/Vqw3mp
Jer 32:33	אֵלַ֛/י	413	HR/Sp1cs
Jer 32:33	עֹ֖רֶף	6203	HNcmsa
Jer 32:33	וְ/לֹ֣א	c/3808	HC/Tn
Jer 32:33	פָנִ֑ים	6440	HNcbpa
Jer 32:33	וְ/לַמֵּ֤ד	c/3925	HC/Vpa
Jer 32:33	אֹתָ/ם֙	853	HTo/Sp3mp
Jer 32:33	הַשְׁכֵּ֣ם	7925	HVha
Jer 32:33	וְ/לַמֵּ֔ד	c/3925	HC/Vpa
Jer 32:33	וְ/אֵינָ֥/ם	c/369	HC/Tn/Sp3mp
Jer 32:33	שֹׁמְעִ֖ים	8085	HVqrmpa
Jer 32:33	לָ/קַ֥חַת	l/3947	HR/Vqc
Jer 32:33	מוּסָֽר	4148	HNcmsa
Jer 32:34	וַ/יָּשִׂ֣ימוּ	c/7760 a	HC/Vqw3mp
Jer 32:34	שִׁקּֽוּצֵי/הֶ֗ם	8251	HNcmpc/Sp3mp
Jer 32:34	בַּ/בַּ֛יִת	b/1004 b	HRd/Ncmsa
Jer 32:34	אֲשֶׁר	834 a	HTr
Jer 32:34	נִקְרָֽא	7121	HVNp3ms
Jer 32:34	שְׁמִ֥/י	8034	HNcmsc/Sp1cs
Jer 32:34	עָלָ֖י/ו	5921 a	HR/Sp3ms
Jer 32:34	לְ/טַמְּאֽ/וֹ	l/2930 a	HR/Vpc/Sp3ms
Jer 32:35	וַ/יִּבְנוּ֩	c/1129	HC/Vqw3mp
Jer 32:35	אֶת	853	HTo
Jer 32:35	בָּמ֨וֹת	1116	HNcfpc
Jer 32:35	הַ/בַּ֜עַל	d/1168 a	HTd/Np
Jer 32:35	אֲשֶׁ֣ר	834 a	HTr
Jer 32:35	בְּ/גֵ֣יא	b/1516	HR/Ncbsc
Jer 32:35	בֶן	1121 a	HNp
Jer 32:35	הִנֹּ֗ם	2011	HNp
Jer 32:35	לְ֠/הַעֲבִיר	l/5674 a	HR/Vhc
Jer 32:35	אֶת	853	HTo
Jer 32:35	בְּנֵי/הֶ֣ם	1121 a	HNcmpc/Sp3mp
Jer 32:35	וְ/אֶת	c/853	HC/To
Jer 32:35	בְּנוֹתֵי/הֶם֮	1323	HNcfpc/Sp3mp
Jer 32:35	לַ/מֹּלֶךְ֒	l/4432	HRd/Np
Jer 32:35	אֲשֶׁ֣ר	834 a	HTr
Jer 32:35	לֹֽא	3808	HTn
Jer 32:35	צִוִּיתִ֗י/ם	6680	HVpp1cs/Sp3mp
Jer 32:35	וְ/לֹ֤א	c/3808	HC/Tn
Jer 32:35	עָֽלְתָה֙	5927	HVqp3fs
Jer 32:35	עַל	5921 a	HR
Jer 32:35	לִבִּ֔/י	3820 a	HNcmsc/Sp1cs
Jer 32:35	לַ/עֲשׂ֖וֹת	l/6213 a	HR/Vqc
Jer 32:35	הַ/תּוֹעֵבָ֣ה	d/8441	HTd/Ncfsa
Jer 32:35	הַ/זֹּ֑את	d/2063	HTd/Pdxfs
Jer 32:35	לְמַ֖עַן	4616	HR
Jer 32:35	החטי	2398	HVhc
Jer 32:35	אֶת	853	HTo
Jer 32:35	יְהוּדָֽה	3063	HNp
Jer 32:36	וְ/עַתָּ֕ה	c/6258	HC/D
Jer 32:36	לָ/כֵ֛ן	l/3651 c	HR/D
Jer 32:36	כֹּֽה	3541	HD
Jer 32:36	אָמַ֥ר	559	HVqp3ms
Jer 32:36	יְהוָ֖ה	3068	HNp
Jer 32:36	אֱלֹהֵ֣י	430	HNcmpc
Jer 32:36	יִשְׂרָאֵ֑ל	3478	HNp
Jer 32:36	אֶל	413	HR
Jer 32:36	הָ/עִ֨יר	d/5892 b	HTd/Ncfsa
Jer 32:36	הַ/זֹּ֜את	d/2063	HTd/Pdxfs
Jer 32:36	אֲשֶׁ֣ר	834 a	HTr
Jer 32:36	אַתֶּ֣ם	859 d	HPp2mp
Jer 32:36	אֹמְרִ֗ים	559	HVqrmpa
Jer 32:36	נִתְּנָה֙	5414	HVNp3fs
Jer 32:36	בְּ/יַ֣ד	b/3027	HR/Ncbsc
Jer 32:36	מֶֽלֶךְ	4428	HNcmsc
Jer 32:36	בָּבֶ֔ל	894	HNp
Jer 32:36	בַּ/חֶ֖רֶב	b/2719	HRd/Ncfsa
Jer 32:36	וּ/בָ/רָעָ֥ב	c/b/7458	HC/Rd/Ncmsa
Jer 32:36	וּ/בַ/דָּֽבֶר	c/b/1698	HC/Rd/Ncmsa
Jer 32:37	הִנְ/נִ֤י	2005	HTm/Sp1cs
Jer 32:37	מְקַבְּצָ/ם֙	6908	HVprmsc/Sp3mp
Jer 32:37	מִ/כָּל	m/3605	HR/Ncmsc
Jer 32:37	הָ֣/אֲרָצ֔וֹת	d/776	HTd/Ncbpa
Jer 32:37	אֲשֶׁ֨ר	834 a	HTr
Jer 32:37	הִדַּחְתִּ֥י/ם	5080	HVhp1cs/Sp3mp
Jer 32:37	שָׁ֛ם	8033	HD
Jer 32:37	בְּ/אַפִּ֥/י	b/639	HR/Ncmsc/Sp1cs
Jer 32:37	וּ/בַ/חֲמָתִ֖/י	c/b/2534	HC/R/Ncfsc/Sp1cs
Jer 32:37	וּ/בְ/קֶ֣צֶף	c/b/7110 a	HC/R/Ncmsa
Jer 32:37	גָּד֑וֹל	1419 a	HAamsa
Jer 32:37	וַ/הֲשִֽׁבֹתִי/ם֙	c/7725	HC/Vhq1cs/Sp3mp
Jer 32:37	אֶל	413	HR
Jer 32:37	הַ/מָּק֣וֹם	d/4725	HTd/Ncmsa
Jer 32:37	הַ/זֶּ֔ה	d/2088	HTd/Pdxms
Jer 32:37	וְ/הֹשַׁבְתִּ֖י/ם	c/3427	HC/Vhq1cs/Sp3mp
Jer 32:37	לָ/בֶֽטַח	l/983	HR/Ncmsa
Jer 32:38	וְ/הָ֥יוּ	c/1961	HC/Vqq3cp
Jer 32:38	לִ֖/י	l	HR/Sp1cs
Jer 32:38	לְ/עָ֑ם	l/5971 a	HR/Ncmsa
Jer 32:38	וַ/אֲנִ֕י	c/589	HC/Pp1cs
Jer 32:38	אֶהְיֶ֥ה	1961	HVqi1cs
Jer 32:38	לָ/הֶ֖ם	l	HR/Sp3mp
Jer 32:38	לֵ/אלֹהִֽים	l/430	HR/Ncmpa
Jer 32:39	וְ/נָתַתִּ֨י	c/5414	HC/Vqq1cs
Jer 32:39	לָ/הֶ֜ם	l	HR/Sp3mp
Jer 32:39	לֵ֤ב	3820 a	HNcmsa
Jer 32:39	אֶחָד֙	259	HAcmsa
Jer 32:39	וְ/דֶ֣רֶךְ	c/1870	HC/Ncbsa
Jer 32:39	אֶחָ֔ד	259	HAcmsa
Jer 32:39	לְ/יִרְאָ֥ה	l/3372	HR/Vqc
Jer 32:39	אוֹתִ֖/י	853	HTo/Sp1cs
Jer 32:39	כָּל	3605	HNcmsc
Jer 32:39	הַ/יָּמִ֑ים	d/3117	HTd/Ncmpa
Jer 32:39	לְ/ט֣וֹב	l/2896 b	HR/Aamsa
Jer 32:39	לָ/הֶ֔ם	l	HR/Sp3mp
Jer 32:39	וְ/לִ/בְנֵי/הֶ֖ם	c/l/1121 a	HC/R/Ncmpc/Sp3mp
Jer 32:39	אַחֲרֵי/הֶֽם	310 a	HR/Sp3mp
Jer 32:40	וְ/כָרַתִּ֤י	c/3772	HC/Vqq1cs
Jer 32:40	לָ/הֶם֙	l	HR/Sp3mp
Jer 32:40	בְּרִ֣ית	1285	HNcfsc
Jer 32:40	עוֹלָ֔ם	5769	HNcmsa
Jer 32:40	אֲשֶׁ֤ר	834 a	HTr
Jer 32:40	לֹֽא	3808	HTn
Jer 32:40	אָשׁוּב֙	7725	HVqi1cs
Jer 32:40	מֵ/אַ֣חֲרֵי/הֶ֔ם	m/310 a	HR/R/Sp3mp
Jer 32:40	לְ/הֵיטִיבִ֖/י	l/3190	HR/Vhc/Sp1cs
Jer 32:40	אוֹתָ֑/ם	853	HTo/Sp3mp
Jer 32:40	וְ/אֶת	c/853	HC/To
Jer 32:40	יִרְאָתִ/י֙	3374	HNcfsc/Sp1cs
Jer 32:40	אֶתֵּ֣ן	5414	HVqi1cs
Jer 32:40	בִּ/לְבָבָ֔/ם	b/3824	HR/Ncmsc/Sp3mp
Jer 32:40	לְ/בִלְתִּ֖י	l/1115	HR/C
Jer 32:40	ס֥וּר	5493	HVqc
Jer 32:40	מֵ/עָלָֽ/י	m/5921 a	HR/R/Sp1cs
Jer 32:41	וְ/שַׂשְׂתִּ֥י	c/7797	HC/Vqq1cs
Jer 32:41	עֲלֵי/הֶ֖ם	5921 a	HR/Sp3mp
Jer 32:41	לְ/הֵטִ֣יב	l/2895	HR/Vhc
Jer 32:41	אוֹתָ֑/ם	853	HTo/Sp3mp
Jer 32:41	וּ/נְטַעְתִּ֞י/ם	c/5193	HC/Vqq1cs/Sp3mp
Jer 32:41	בָּ/אָ֤רֶץ	b/776	HRd/Ncbsa
Jer 32:41	הַ/זֹּאת֙	d/2063	HTd/Pdxfs
Jer 32:41	בֶּ/אֱמֶ֔ת	b/571	HR/Ncfsa
Jer 32:41	בְּ/כָל	b/3605	HR/Ncmsc
Jer 32:41	לִבִּ֖/י	3820 a	HNcmsc/Sp1cs
Jer 32:41	וּ/בְ/כָל	c/b/3605	HC/R/Ncmsc
Jer 32:41	נַפְשִֽׁ/י	5315	HNcbsc/Sp1cs
Jer 32:42	כִּֽי	3588 a	HC
Jer 32:42	כֹה֙	3541	HD
Jer 32:42	אָמַ֣ר	559	HVqp3ms
Jer 32:42	יְהוָ֔ה	3068	HNp
Jer 32:42	כַּ/אֲשֶׁ֤ר	k/834 d	HR/Tr
Jer 32:42	הֵבֵ֨אתִי֙	935	HVhp1cs
Jer 32:42	אֶל	413	HR
Jer 32:42	הָ/עָ֣ם	d/5971 a	HTd/Ncmsa
Jer 32:42	הַ/זֶּ֔ה	d/2088	HTd/Pdxms
Jer 32:42	אֵ֛ת	853	HTo
Jer 32:42	כָּל	3605	HNcmsc
Jer 32:42	הָ/רָעָ֥ה	d/7451 c	HTd/Ncfsa
Jer 32:42	הַ/גְּדוֹלָ֖ה	d/1419 a	HTd/Aafsa
Jer 32:42	הַ/זֹּ֑את	d/2063	HTd/Pdxfs
Jer 32:42	כֵּ֣ן	3651 c	HTm
Jer 32:42	אָנֹכִ֞י	595	HPp1cs
Jer 32:42	מֵבִ֤יא	935	HVhrmsa
Jer 32:42	עֲלֵי/הֶם֙	5921 a	HR/Sp3mp
Jer 32:42	אֶת	853	HTo
Jer 32:42	כָּל	3605	HNcmsc
Jer 32:42	הַ/טּוֹבָ֔ה	d/2896 c	HTd/Aafsa
Jer 32:42	אֲשֶׁ֥ר	834 a	HTr
Jer 32:42	אָנֹכִ֖י	595	HPp1cs
Jer 32:42	דֹּבֵ֥ר	1696	HVqrmsa
Jer 32:42	עֲלֵי/הֶֽם	5921 a	HR/Sp3mp
Jer 32:43	וְ/נִקְנָ֥ה	c/7069	HC/VNq3ms
Jer 32:43	הַ/שָּׂדֶ֖ה	d/7704 b	HTd/Ncmsa
Jer 32:43	בָּ/אָ֣רֶץ	b/776	HRd/Ncbsa
Jer 32:43	הַ/זֹּ֑את	d/2063	HTd/Pdxfs
Jer 32:43	אֲשֶׁ֣ר	834 a	HTr
Jer 32:43	אַתֶּ֣ם	859 d	HPp2mp
Jer 32:43	אֹמְרִ֗ים	559	HVqrmpa
Jer 32:43	שְׁמָמָ֥ה	8077 a	HNcfsa
Jer 32:43	הִיא֙	1931	HPp3fs
Jer 32:43	מֵ/אֵ֤ין	m/369	HR/Tn
Jer 32:43	אָדָם֙	120	HNcmsa
Jer 32:43	וּ/בְהֵמָ֔ה	c/929	HC/Ncfsa
Jer 32:43	נִתְּנָ֖ה	5414	HVNp3fs
Jer 32:43	בְּ/יַ֥ד	b/3027	HR/Ncbsc
Jer 32:43	הַ/כַּשְׂדִּֽים	d/3778	HTd/Np
Jer 32:44	שָׂד֞וֹת	7704 b	HNcmpa
Jer 32:44	בַּ/כֶּ֣סֶף	b/3701	HRd/Ncmsa
Jer 32:44	יִקְנ֗וּ	7069	HVqi3mp
Jer 32:44	וְ/כָת֨וֹב	c/3789	HC/Vqa
Jer 32:44	בַּ/סֵּ֥פֶר	b/5612 a	HRd/Ncmsa
Jer 32:44	וְ/חָתוֹם֮	c/2856	HC/Vqa
Jer 32:44	וְ/הָעֵ֣ד	c/5749 b	HC/Vha
Jer 32:44	עֵדִים֒	5707	HNcmpa
Jer 32:44	בְּ/אֶ֨רֶץ	b/776	HR/Ncbsc
Jer 32:44	בִּנְיָמִ֜ן	1144	HNp
Jer 32:44	וּ/בִ/סְבִיבֵ֣י	c/b/5439	HC/R/Ncbpc
Jer 32:44	יְרוּשָׁלִַ֗ם	3389	HNp
Jer 32:44	וּ/בְ/עָרֵ֤י	c/b/5892 b	HC/R/Ncfpc
Jer 32:44	יְהוּדָה֙	3063	HNp
Jer 32:44	וּ/בְ/עָרֵ֣י	c/b/5892 b	HC/R/Ncfpc
Jer 32:44	הָ/הָ֔ר	d/2022	HTd/Ncmsa
Jer 32:44	וּ/בְ/עָרֵ֥י	c/b/5892 b	HC/R/Ncfpc
Jer 32:44	הַ/שְּׁפֵלָ֖ה	d/8219	HTd/Ncfsa
Jer 32:44	וּ/בְ/עָרֵ֣י	c/b/5892 b	HC/R/Ncfpc
Jer 32:44	הַ/נֶּ֑גֶב	d/5045	HTd/Ncmsa
Jer 32:44	כִּֽי	3588 a	HC
Jer 32:44	אָשִׁ֥יב	7725	HVhi1cs
Jer 32:44	אֶת	853	HTo
Jer 32:44	שְׁבוּתָ֖/ם	7622	HNcfsc/Sp3mp
Jer 32:44	נְאֻם	5002	HNcmsc
Jer 32:44	יְהוָֽה	3068	HNp
Jer 33:1	וַ/יְהִ֧י	c/1961	HC/Vqw3ms
Jer 33:1	דְבַר	1697	HNcmsc
Jer 33:1	יְהוָ֛ה	3068	HNp
Jer 33:1	אֶֽל	413	HR
Jer 33:1	יִרְמְיָ֖הוּ	3414	HNp
Jer 33:1	שֵׁנִ֑ית	8145	HAofsa
Jer 33:1	וְ/הוּא֙	c/1931	HC/Pp3ms
Jer 33:1	עוֹדֶ֣/נּוּ	5750	HD/Sp3ms
Jer 33:1	עָצ֔וּר	6113	HVqsmsa
Jer 33:1	בַּ/חֲצַ֥ר	b/2691 a	HR/Ncbsc
Jer 33:1	הַ/מַּטָּרָ֖ה	d/4307	HTd/Ncfsa
Jer 33:1	לֵ/אמֹֽר	l/559	HR/Vqc
Jer 33:2	כֹּֽה	3541	HD
Jer 33:2	אָמַ֥ר	559	HVqp3ms
Jer 33:2	יְהוָ֖ה	3068	HNp
Jer 33:2	עֹשָׂ֑/הּ	6213 a	HVqrmsc/Sp3fs
Jer 33:2	יְהוָ֗ה	3068	HNp
Jer 33:2	יוֹצֵ֥ר	3335	HVqrmsa
Jer 33:2	אוֹתָ֛/הּ	853	HTo/Sp3fs
Jer 33:2	לַ/הֲכִינָ֖/הּ	l/3559 a	HR/Vhc/Sp3fs
Jer 33:2	יְהוָ֥ה	3068	HNp
Jer 33:2	שְׁמֽ/וֹ	8034	HNcmsc/Sp3ms
Jer 33:3	קְרָ֥א	7121	HVqv2ms
Jer 33:3	אֵלַ֖/י	413	HR/Sp1cs
Jer 33:3	וְ/אֶעֱנֶ֑/ךָּ	c/6030 b	HC/Vqh1cs/Sp2ms
Jer 33:3	וְ/אַגִּ֧ידָה	c/5046	HC/Vhh1cs
Jer 33:3	לְּ/ךָ֛	l	HR/Sp2ms
Jer 33:3	גְּדֹל֥וֹת	1419 a	HAafpa
Jer 33:3	וּ/בְצֻר֖וֹת	c/1219	HC/Aafpa
Jer 33:3	לֹ֥א	3808	HTn
Jer 33:3	יְדַעְתָּֽ/ם	3045	HVqp2ms/Sp3mp
Jer 33:4	כִּי֩	3588 a	HC
Jer 33:4	כֹ֨ה	3541	HD
Jer 33:4	אָמַ֤ר	559	HVqp3ms
Jer 33:4	יְהוָה֙	3068	HNp
Jer 33:4	אֱלֹהֵ֣י	430	HNcmpc
Jer 33:4	יִשְׂרָאֵ֔ל	3478	HNp
Jer 33:4	עַל	5921 a	HR
Jer 33:4	בָּתֵּי֙	1004 b	HNcmpc
Jer 33:4	הָ/עִ֣יר	d/5892 b	HTd/Ncfsa
Jer 33:4	הַ/זֹּ֔את	d/2063	HTd/Pdxfs
Jer 33:4	וְ/עַל	c/5921 a	HC/R
Jer 33:4	בָּתֵּ֖י	1004 b	HNcmpc
Jer 33:4	מַלְכֵ֣י	4428	HNcmpc
Jer 33:4	יְהוּדָ֑ה	3063	HNp
Jer 33:4	הַ/נְּתֻצִ֕ים	d/5422	HTd/Vqsmpa
Jer 33:4	אֶל	413	HR
Jer 33:4	הַ/סֹּלְל֖וֹת	d/5550	HTd/Ncfpa
Jer 33:4	וְ/אֶל	c/413	HC/R
Jer 33:4	הֶ/חָֽרֶב	d/2719	HTd/Ncfsa
Jer 33:5	בָּאִ֗ים	935	HVqrmpa
Jer 33:5	לְ/הִלָּחֵם֙	l/3898 a	HR/VNc
Jer 33:5	אֶת	853	HTo
Jer 33:5	הַ/כַּשְׂדִּ֔ים	d/3778	HTd/Np
Jer 33:5	וּ/לְ/מַלְאָ/ם֙	c/l/4390	HC/R/Vpc/Sp3mp
Jer 33:5	אֶת	854	HR
Jer 33:5	פִּגְרֵ֣י	6297	HNcmpc
Jer 33:5	הָ/אָדָ֔ם	d/120	HTd/Ncmsa
Jer 33:5	אֲשֶׁר	834 a	HTr
Jer 33:5	הִכֵּ֥יתִי	5221	HVhp1cs
Jer 33:5	בְ/אַפִּ֖/י	b/639	HR/Ncmsc/Sp1cs
Jer 33:5	וּ/בַ/חֲמָתִ֑/י	c/b/2534	HC/R/Ncfsc/Sp1cs
Jer 33:5	וַ/אֲשֶׁ֨ר	c/834 a	HC/Tr
Jer 33:5	הִסְתַּ֤רְתִּי	5641	HVhp1cs
Jer 33:5	פָנַ/י֙	6440	HNcbpc/Sp1cs
Jer 33:5	מֵ/הָ/עִ֣יר	m/d/5892 b	HR/Td/Ncfsa
Jer 33:5	הַ/זֹּ֔את	d/2063	HTd/Pdxfs
Jer 33:5	עַ֖ל	5921 a	HR
Jer 33:5	כָּל	3605	HNcmsc
Jer 33:5	רָעָתָֽ/ם	7451 c	HNcfsc/Sp3mp
Jer 33:6	הִנְ/נִ֧י	2005	HTm/Sp1cs
Jer 33:6	מַעֲלֶה	5927	HVhrmsa
Jer 33:6	לָּ֛/הּ	l	HR/Sp3fs
Jer 33:6	אֲרֻכָ֥ה	724	HNcfsa
Jer 33:6	וּ/מַרְפֵּ֖א	c/4832	HC/Ncmsa
Jer 33:6	וּ/רְפָאתִ֑י/ם	c/7495	HC/Vqq1cs/Sp3mp
Jer 33:6	וְ/גִלֵּיתִ֣י	c/1540	HC/Vpq1cs
Jer 33:6	לָ/הֶ֔ם	l	HR/Sp3mp
Jer 33:6	עֲתֶ֥רֶת	6283	HNcfsc
Jer 33:6	שָׁל֖וֹם	7965	HNcmsa
Jer 33:6	וֶ/אֱמֶֽת	c/571	HC/Ncfsa
Jer 33:7	וַ/הֲשִֽׁבֹתִי֙	c/7725	HC/Vhq1cs
Jer 33:7	אֶת	853	HTo
Jer 33:7	שְׁב֣וּת	7622	HNcfsc
Jer 33:7	יְהוּדָ֔ה	3063	HNp
Jer 33:7	וְ/אֵ֖ת	c/853	HC/To
Jer 33:7	שְׁב֣וּת	7622	HNcfsc
Jer 33:7	יִשְׂרָאֵ֑ל	3478	HNp
Jer 33:7	וּ/בְנִתִ֖י/ם	c/1129	HC/Vqq1cs/Sp3mp
Jer 33:7	כְּ/בָ/רִֽאשֹׁנָֽה	k/b/7223	HR/Rd/Aafsa
Jer 33:8	וְ/טִ֣הַרְתִּ֔י/ם	c/2891	HC/Vpq1cs/Sp3mp
Jer 33:8	מִ/כָּל	m/3605	HR/Ncmsc
Jer 33:8	עֲוֺנָ֖/ם	5771	HNcbsc/Sp3mp
Jer 33:8	אֲשֶׁ֣ר	834 a	HTr
Jer 33:8	חָֽטְאוּ	2398	HVqp3cp
Jer 33:8	לִ֑/י	l	HR/Sp1cs
Jer 33:8	וְ/סָלַחְתִּ֗י	c/5545	HC/Vqq1cs
Jer 33:8	ל/כול	l/3605	HR/Ncmsc
Jer 33:8	עֲוֺנֽוֹתֵי/הֶם֙	5771	HNcbpc/Sp3mp
Jer 33:8	אֲשֶׁ֣ר	834 a	HTr
Jer 33:8	חָֽטְאוּ	2398	HVqp3cp
Jer 33:8	לִ֔/י	l	HR/Sp1cs
Jer 33:8	וַ/אֲשֶׁ֖ר	c/834 a	HC/Tr
Jer 33:8	פָּ֥שְׁעוּ	6586	HVqp3cp
Jer 33:8	בִֽ/י	b	HR/Sp1cs
Jer 33:9	וְ/הָ֣יְתָה	c/1961	HC/Vqq3fs
Jer 33:9	לִּ֗/י	l	HR/Sp1cs
Jer 33:9	לְ/שֵׁ֤ם	l/8034	HR/Ncmsc
Jer 33:9	שָׂשׂוֹן֙	8342	HNcmsa
Jer 33:9	לִ/תְהִלָּ֣ה	l/8416	HR/Ncfsa
Jer 33:9	וּ/לְ/תִפְאֶ֔רֶת	c/l/8597	HC/R/Ncfsa
Jer 33:9	לְ/כֹ֖ל	l/3605	HR/Ncmsc
Jer 33:9	גּוֹיֵ֣י	1471 a	HNcmpc
Jer 33:9	הָ/אָ֑רֶץ	d/776	HTd/Ncbsa
Jer 33:9	אֲשֶׁ֨ר	834 a	HTr
Jer 33:9	יִשְׁמְע֜וּ	8085	HVqi3mp
Jer 33:9	אֶת	853	HTo
Jer 33:9	כָּל	3605	HNcmsc
Jer 33:9	הַ/טּוֹבָ֗ה	d/2896 c	HTd/Aafsa
Jer 33:9	אֲשֶׁ֤ר	834 a	HTr
Jer 33:9	אָֽנֹכִי֙	595	HPp1cs
Jer 33:9	עֹשֶׂ֣ה	6213 a	HVqrmsa
Jer 33:9	אֹתָ֔/ם	853	HTo/Sp3mp
Jer 33:9	וּ/פָחֲד֣וּ	c/6342	HC/Vqq3cp
Jer 33:9	וְ/רָֽגְז֗וּ	c/7264	HC/Vqq3cp
Jer 33:9	עַ֤ל	5921 a	HR
Jer 33:9	כָּל	3605	HNcmsc
Jer 33:9	הַ/טּוֹבָה֙	d/2896 c	HTd/Aafsa
Jer 33:9	וְ/עַ֣ל	c/5921 a	HC/R
Jer 33:9	כָּל	3605	HNcmsc
Jer 33:9	הַ/שָּׁל֔וֹם	d/7965	HTd/Ncmsa
Jer 33:9	אֲשֶׁ֥ר	834 a	HTr
Jer 33:9	אָֽנֹכִ֖י	595	HPp1cs
Jer 33:9	עֹ֥שֶׂה	6213 a	HVqrmsa
Jer 33:9	לָּֽ/הּ	l	HR/Sp3fs
Jer 33:10	כֹּ֣ה	3541	HD
Jer 33:10	אָמַ֣ר	559	HVqp3ms
Jer 33:10	יְהוָ֗ה	3068	HNp
Jer 33:10	עוֹד֮	5750	HD
Jer 33:10	יִשָּׁמַ֣ע	8085	HVNi3ms
Jer 33:10	בַּ/מָּקוֹם	b/4725	HRd/Ncmsa
Jer 33:10	הַ/זֶּה֒	d/2088	HTd/Pdxms
Jer 33:10	אֲשֶׁר֙	834 a	HTr
Jer 33:10	אַתֶּ֣ם	859 d	HPp2mp
Jer 33:10	אֹֽמְרִ֔ים	559	HVqrmpa
Jer 33:10	חָרֵ֣ב	2720 b	HAamsa
Jer 33:10	ה֔וּא	1931	HPp3ms
Jer 33:10	מֵ/אֵ֥ין	m/369	HR/Tn
Jer 33:10	אָדָ֖ם	120	HNcmsa
Jer 33:10	וּ/מֵ/אֵ֣ין	c/m/369	HC/R/Tn
Jer 33:10	בְּהֵמָ֑ה	929	HNcfsa
Jer 33:10	בְּ/עָרֵ֤י	b/5892 b	HR/Ncfpc
Jer 33:10	יְהוּדָה֙	3063	HNp
Jer 33:10	וּ/בְ/חֻצ֣וֹת	c/b/2351	HC/R/Ncmpc
Jer 33:10	יְרוּשָׁלִַ֔ם	3389	HNp
Jer 33:10	הַֽ/נְשַׁמּ֗וֹת	d/8074	HTd/VNrfpa
Jer 33:10	מֵ/אֵ֥ין	m/369	HR/Tn
Jer 33:10	אָדָ֛ם	120	HNcmsa
Jer 33:10	וּ/מֵ/אֵ֥ין	c/m/369	HC/R/Tn
Jer 33:10	יוֹשֵׁ֖ב	3427	HVqrmsa
Jer 33:10	וּ/מֵ/אֵ֥ין	c/m/369	HC/R/Tn
Jer 33:10	בְּהֵמָֽה	929	HNcfsa
Jer 33:11	ק֣וֹל	6963 a	HNcmsc
Jer 33:11	שָׂשׂ֞וֹן	8342	HNcmsa
Jer 33:11	וְ/ק֣וֹל	c/6963 a	HC/Ncmsc
Jer 33:11	שִׂמְחָ֗ה	8057	HNcfsa
Jer 33:11	ק֣וֹל	6963 a	HNcmsc
Jer 33:11	חָתָן֮	2860	HNcmsa
Jer 33:11	וְ/ק֣וֹל	c/6963 a	HC/Ncmsc
Jer 33:11	כַּלָּה֒	3618	HNcfsa
Jer 33:11	ק֣וֹל	6963 a	HNcmsc
Jer 33:11	אֹמְרִ֡ים	559	HVqrmpa
Jer 33:11	הוֹדוּ֩	3034	HVhv2mp
Jer 33:11	אֶת	853	HTo
Jer 33:11	יְהוָ֨ה	3068	HNp
Jer 33:11	צְבָא֜וֹת	6635 b	HNcbpa
Jer 33:11	כִּֽי	3588 a	HC
Jer 33:11	ט֤וֹב	2896 a	HAamsa
Jer 33:11	יְהוָה֙	3068	HNp
Jer 33:11	כִּֽי	3588 a	HC
Jer 33:11	לְ/עוֹלָ֣ם	l/5769	HR/Ncmsa
Jer 33:11	חַסְדּ֔/וֹ	2617 a	HNcmsc/Sp3ms
Jer 33:11	מְבִאִ֥ים	935	HVhrmpa
Jer 33:11	תּוֹדָ֖ה	8426	HNcfsa
Jer 33:11	בֵּ֣ית	1004 b	HNcmsc
Jer 33:11	יְהוָ֑ה	3068	HNp
Jer 33:11	כִּֽי	3588 a	HC
Jer 33:11	אָשִׁ֧יב	7725	HVhi1cs
Jer 33:11	אֶת	853	HTo
Jer 33:11	שְׁבוּת	7622	HNcfsc
Jer 33:11	הָ/אָ֛רֶץ	d/776	HTd/Ncbsa
Jer 33:11	כְּ/בָ/רִאשֹׁנָ֖ה	k/b/7223	HR/Rd/Aafsa
Jer 33:11	אָמַ֥ר	559	HVqp3ms
Jer 33:11	יְהוָֽה	3068	HNp
Jer 33:12	כֹּֽה	3541	HD
Jer 33:12	אָמַר֮	559	HVqp3ms
Jer 33:12	יְהוָ֣ה	3068	HNp
Jer 33:12	צְבָאוֹת֒	6635 b	HNcbpa
Jer 33:12	ע֞וֹד	5750	HD
Jer 33:12	יִֽהְיֶ֣ה	1961	HVqi3ms
Jer 33:12	בַּ/מָּק֣וֹם	b/4725	HRd/Ncmsa
Jer 33:12	הַ/זֶּ֗ה	d/2088	HTd/Pdxms
Jer 33:12	הֶ/חָרֵ֛ב	d/2720 b	HTd/Aamsa
Jer 33:12	מֵֽ/אֵין	m/369	HR/Tn
Jer 33:12	אָדָ֥ם	120	HNcmsa
Jer 33:12	וְ/עַד	c/5704	HC/R
Jer 33:12	בְּהֵמָ֖ה	929	HNcfsa
Jer 33:12	וּ/בְ/כָל	c/b/3605	HC/R/Ncmsc
Jer 33:12	עָרָ֑י/ו	5892 b	HNcfpc/Sp3ms
Jer 33:12	נְוֵ֣ה	5116 a	HNcbsc
Jer 33:12	רֹעִ֔ים	7462 b	HVqrmpa
Jer 33:12	מַרְבִּצִ֖ים	7257	HVhrmpa
Jer 33:12	צֹֽאן	6629	HNcbsa
Jer 33:13	בְּ/עָרֵ֨י	b/5892 b	HR/Ncfpc
Jer 33:13	הָ/הָ֜ר	d/2022	HTd/Ncmsa
Jer 33:13	בְּ/עָרֵ֤י	b/5892 b	HR/Ncfpc
Jer 33:13	הַ/שְּׁפֵלָה֙	d/8219	HTd/Ncfsa
Jer 33:13	וּ/בְ/עָרֵ֣י	c/b/5892 b	HC/R/Ncfpc
Jer 33:13	הַ/נֶּ֔גֶב	d/5045	HTd/Ncmsa
Jer 33:13	וּ/בְ/אֶ֧רֶץ	c/b/776	HC/R/Ncbsc
Jer 33:13	בִּנְיָמִ֛ן	1144	HNp
Jer 33:13	וּ/בִ/סְבִיבֵ֥י	c/b/5439	HC/R/Ncbpc
Jer 33:13	יְרוּשָׁלִַ֖ם	3389	HNp
Jer 33:13	וּ/בְ/עָרֵ֣י	c/b/5892 b	HC/R/Ncfpc
Jer 33:13	יְהוּדָ֑ה	3063	HNp
Jer 33:13	עֹ֣ד	5750	HD
Jer 33:13	תַּעֲבֹ֧רְנָה	5674 a	HVqi3fp
Jer 33:13	הַ/צֹּ֛אן	d/6629	HTd/Ncbsa
Jer 33:13	עַל	5921 a	HR
Jer 33:13	יְדֵ֥י	3027	HNcbdc
Jer 33:13	מוֹנֶ֖ה	4487	HVqrmsa
Jer 33:13	אָמַ֥ר	559	HVqp3ms
Jer 33:13	יְהוָֽה	3068	HNp
Jer 33:14	הִנֵּ֛ה	2009	HTm
Jer 33:14	יָמִ֥ים	3117	HNcmpa
Jer 33:14	בָּאִ֖ים	935	HVqrmpa
Jer 33:14	נְאֻם	5002	HNcmsc
Jer 33:14	יְהוָ֑ה	3068	HNp
Jer 33:14	וַ/הֲקִֽמֹתִי֙	c/6965 b	HC/Vhq1cs
Jer 33:14	אֶת	853	HTo
Jer 33:14	הַ/דָּבָ֣ר	d/1697	HTd/Ncmsa
Jer 33:14	הַ/טּ֔וֹב	d/2896 a	HTd/Aamsa
Jer 33:14	אֲשֶׁ֥ר	834 a	HTr
Jer 33:14	דִּבַּ֛רְתִּי	1696	HVpp1cs
Jer 33:14	אֶל	413	HR
Jer 33:14	בֵּ֥ית	1004 b	HNcmsc
Jer 33:14	יִשְׂרָאֵ֖ל	3478	HNp
Jer 33:14	וְ/עַל	c/5921 a	HC/R
Jer 33:14	בֵּ֥ית	1004 b	HNcmsc
Jer 33:14	יְהוּדָֽה	3063	HNp
Jer 33:15	בַּ/יָּמִ֤ים	b/3117	HRd/Ncmpa
Jer 33:15	הָ/הֵם֙	d/1992	HTd/Pp3mp
Jer 33:15	וּ/בָ/עֵ֣ת	c/b/6256	HC/Rd/Ncbsa
Jer 33:15	הַ/הִ֔יא	d/1931	HTd/Pp3fs
Jer 33:15	אַצְמִ֥יחַ	6779	HVhi1cs
Jer 33:15	לְ/דָוִ֖ד	l/1732	HR/Np
Jer 33:15	צֶ֣מַח	6780	HNcmsc
Jer 33:15	צְדָקָ֑ה	6666	HNcfsa
Jer 33:15	וְ/עָשָׂ֛ה	c/6213 a	HC/Vqq3ms
Jer 33:15	מִשְׁפָּ֥ט	4941	HNcmsa
Jer 33:15	וּ/צְדָקָ֖ה	c/6666	HC/Ncfsa
Jer 33:15	בָּ/אָֽרֶץ	b/776	HRd/Ncbsa
Jer 33:16	בַּ/יָּמִ֤ים	b/3117	HRd/Ncmpa
Jer 33:16	הָ/הֵם֙	d/1992	HTd/Pp3mp
Jer 33:16	תִּוָּשַׁ֣ע	3467	HVNi3fs
Jer 33:16	יְהוּדָ֔ה	3063	HNp
Jer 33:16	וִ/ירוּשָׁלִַ֖ם	c/3389	HC/Np
Jer 33:16	תִּשְׁכּ֣וֹן	7931	HVqi3fs
Jer 33:16	לָ/בֶ֑טַח	l/983	HR/Ncmsa
Jer 33:16	וְ/זֶ֥ה	c/2088	HC/Pdxms
Jer 33:16	אֲשֶׁר	834 a	HTr
Jer 33:16	יִקְרָא	7121	HVqi3ms
Jer 33:16	לָ֖/הּ	l	HR/Sp3fs
Jer 33:16	יְהוָ֥ה	3068	HNp
Jer 33:16	צִדְקֵֽ/נוּ	6664	HNcmsc/Sp1cp
Jer 33:17	כִּי	3588 a	HC
Jer 33:17	כֹ֖ה	3541	HD
Jer 33:17	אָמַ֣ר	559	HVqp3ms
Jer 33:17	יְהוָ֑ה	3068	HNp
Jer 33:17	לֹֽא	3808	HTn
Jer 33:17	יִכָּרֵ֣ת	3772	HVNi3ms
Jer 33:17	לְ/דָוִ֔ד	l/1732	HR/Np
Jer 33:17	אִ֕ישׁ	376	HNcmsa
Jer 33:17	יֹשֵׁ֖ב	3427	HVqrmsa
Jer 33:17	עַל	5921 a	HR
Jer 33:17	כִּסֵּ֥א	3678	HNcmsc
Jer 33:17	בֵֽית	1004 b	HNcmsc
Jer 33:17	יִשְׂרָאֵֽל	3478	HNp
Jer 33:18	וְ/לַ/כֹּהֲנִים֙	c/l/3548	HC/Rd/Ncmpa
Jer 33:18	הַ/לְוִיִּ֔ם	d/3881	HTd/Ngmpa
Jer 33:18	לֹֽא	3808	HTn
Jer 33:18	יִכָּרֵ֥ת	3772	HVNi3ms
Jer 33:18	אִ֖ישׁ	376	HNcmsa
Jer 33:18	מִ/לְּ/פָנָ֑/י	m/l/6440	HR/R/Ncbpc/Sp1cs
Jer 33:18	מַעֲלֶ֨ה	5927	HVhrmsa
Jer 33:18	עוֹלָ֜ה	5930 a	HNcfsa
Jer 33:18	וּ/מַקְטִ֥יר	c/6999 a	HC/Vhrmsa
Jer 33:18	מִנְחָ֛ה	4503	HNcfsa
Jer 33:18	וְ/עֹ֥שֶׂה	c/6213 a	HC/Vqrmsa
Jer 33:18	זֶּ֖בַח	2077	HNcmsa
Jer 33:18	כָּל	3605	HNcmsc
Jer 33:18	הַ/יָּמִֽים	d/3117	HTd/Ncmpa
Jer 33:19	וַֽ/יְהִי֙	c/1961	HC/Vqw3ms
Jer 33:19	דְּבַר	1697	HNcmsc
Jer 33:19	יְהוָ֔ה	3068	HNp
Jer 33:19	אֶֽל	413	HR
Jer 33:19	יִרְמְיָ֖הוּ	3414	HNp
Jer 33:19	לֵ/אמֽוֹר	l/559	HR/Vqc
Jer 33:20	כֹּ֚ה	3541	HD
Jer 33:20	אָמַ֣ר	559	HVqp3ms
Jer 33:20	יְהוָ֔ה	3068	HNp
Jer 33:20	אִם	518 a	HC
Jer 33:20	תָּפֵ֨רוּ֙	6565 a	HVhi2mp
Jer 33:20	אֶת	853	HTo
Jer 33:20	בְּרִיתִ֣/י	1285	HNcfsc/Sp1cs
Jer 33:20	הַ/יּ֔וֹם	d/3117	HTd/Ncmsa
Jer 33:20	וְ/אֶת	c/853	HC/To
Jer 33:20	בְּרִיתִ֖/י	1285	HNcfsc/Sp1cs
Jer 33:20	הַ/לָּ֑יְלָה	d/3915	HTd/Ncmsa
Jer 33:20	וּ/לְ/בִלְתִּ֛י	c/l/1115	HC/R/R
Jer 33:20	הֱי֥וֹת	1961	HVqc
Jer 33:20	יֽוֹמָם	3119	HD
Jer 33:20	וָ/לַ֖יְלָה	c/3915	HC/Ncmsa
Jer 33:20	בְּ/עִתָּֽ/ם	b/6256	HR/Ncbsc/Sp3mp
Jer 33:21	גַּם	1571	HTa
Jer 33:21	בְּרִיתִ֤/י	1285	HNcfsc/Sp1cs
Jer 33:21	תֻפַר֙	6565 a	HVHi3fs
Jer 33:21	אֶת	854	HR
Jer 33:21	דָּוִ֣ד	1732	HNp
Jer 33:21	עַבְדִּ֔/י	5650	HNcmsc/Sp1cs
Jer 33:21	מִ/הְיֽוֹת	m/1961	HR/Vqc
Jer 33:21	ל֥/וֹ	l	HR/Sp3ms
Jer 33:21	בֵ֖ן	1121 a	HNcmsa
Jer 33:21	מֹלֵ֣ךְ	4427 a	HVqrmsa
Jer 33:21	עַל	5921 a	HR
Jer 33:21	כִּסְא֑/וֹ	3678	HNcmsc/Sp3ms
Jer 33:21	וְ/אֶת	c/854	HC/R
Jer 33:21	הַ/לְוִיִּ֥ם	d/3881	HTd/Ngmpa
Jer 33:21	הַ/כֹּהֲנִ֖ים	d/3548	HTd/Ncmpa
Jer 33:21	מְשָׁרְתָֽ/י	8334	HVprmpc/Sp1cs
Jer 33:22	אֲשֶׁ֤ר	834 a	HTr
Jer 33:22	לֹֽא	3808	HTn
Jer 33:22	יִסָּפֵר֙	5608 a	HVNi3ms
Jer 33:22	צְבָ֣א	6635 a	HNcbsc
Jer 33:22	הַ/שָּׁמַ֔יִם	d/8064	HTd/Ncmpa
Jer 33:22	וְ/לֹ֥א	c/3808	HC/Tn
Jer 33:22	יִמַּ֖ד	4058	HVNi3ms
Jer 33:22	ח֣וֹל	2344	HNcmsc
Jer 33:22	הַ/יָּ֑ם	d/3220	HTd/Ncmsa
Jer 33:22	כֵּ֣ן	3651 c	HTm
Jer 33:22	אַרְבֶּ֗ה	7235 a	HVhi1cs
Jer 33:22	אֶת	853	HTo
Jer 33:22	זֶ֨רַע֙	2233	HNcmsc
Jer 33:22	דָּוִ֣ד	1732	HNp
Jer 33:22	עַבְדִּ֔/י	5650	HNcmsc/Sp1cs
Jer 33:22	וְ/אֶת	c/853	HC/To
Jer 33:22	הַ/לְוִיִּ֖ם	d/3881	HTd/Ngmpa
Jer 33:22	מְשָׁרְתֵ֥י	8334	HVprmpc
Jer 33:22	אֹתִֽ/י	853	HTo/Sp1cs
Jer 33:23	וַֽ/יְהִי֙	c/1961	HC/Vqw3ms
Jer 33:23	דְּבַר	1697	HNcmsc
Jer 33:23	יְהוָ֔ה	3068	HNp
Jer 33:23	אֶֽל	413	HR
Jer 33:23	יִרְמְיָ֖הוּ	3414	HNp
Jer 33:23	לֵ/אמֹֽר	l/559	HR/Vqc
Jer 33:24	הֲ/ל֣וֹא	i/3808	HTi/Tn
Jer 33:24	רָאִ֗יתָ	7200	HVqp2ms
Jer 33:24	מָֽה	4100	HTi
Jer 33:24	הָ/עָ֤ם	d/5971 a	HTd/Ncmsa
Jer 33:24	הַ/זֶּה֙	d/2088	HTd/Pdxms
Jer 33:24	דִּבְּר֣וּ	1696	HVpp3cp
Jer 33:24	לֵ/אמֹ֔ר	l/559	HR/Vqc
Jer 33:24	שְׁתֵּ֣י	8147	HAcfdc
Jer 33:24	הַ/מִּשְׁפָּח֗וֹת	d/4940	HTd/Ncfpa
Jer 33:24	אֲשֶׁ֨ר	834 a	HTr
Jer 33:24	בָּחַ֧ר	977	HVqp3ms
Jer 33:24	יְהוָ֛ה	3068	HNp
Jer 33:24	בָּ/הֶ֖ם	b	HR/Sp3mp
Jer 33:24	וַ/יִּמְאָסֵ֑/ם	c/3988 a	HC/Vqw3ms/Sp3mp
Jer 33:24	וְ/אֶת	c/853	HC/To
Jer 33:24	עַמִּ/י֙	5971 a	HNcmsc/Sp1cs
Jer 33:24	יִנְאָצ֔וּ/ן	5006	HVqi3mp/Sn
Jer 33:24	מִֽ/הְי֥וֹת	m/1961	HR/Vqc
Jer 33:24	ע֖וֹד	5750	HD
Jer 33:24	גּ֥וֹי	1471 a	HNcmsa
Jer 33:24	לִ/פְנֵי/הֶֽם	l/6440	HR/Ncbpc/Sp3mp
Jer 33:25	כֹּ֚ה	3541	HD
Jer 33:25	אָמַ֣ר	559	HVqp3ms
Jer 33:25	יְהוָ֔ה	3068	HNp
Jer 33:25	אִם	518 a	HC
Jer 33:25	לֹ֥א	3808	HTn
Jer 33:25	בְרִיתִ֖/י	1285	HNcfsc/Sp1cs
Jer 33:25	יוֹמָ֣ם	3119	HD
Jer 33:25	וָ/לָ֑יְלָה	c/3915	HC/Ncmsa
Jer 33:25	חֻקּ֛וֹת	2708	HNcbpc
Jer 33:25	שָׁמַ֥יִם	8064	HNcmpa
Jer 33:25	וָ/אָ֖רֶץ	c/776	HC/Ncbsa
Jer 33:25	לֹא	3808	HTn
Jer 33:25	שָֽׂמְתִּי	7760 a	HVqp1cs
Jer 33:26	גַּם	1571	HTa
Jer 33:26	זֶ֣רַע	2233	HNcmsc
Jer 33:26	יַעֲקוֹב֩	3290	HNp
Jer 33:26	וְ/דָוִ֨ד	c/1732	HC/Np
Jer 33:26	עַבְדִּ֜/י	5650	HNcmsc/Sp1cs
Jer 33:26	אֶמְאַ֗ס	3988 a	HVqi1cs
Jer 33:26	מִ/קַּ֤חַת	m/3947	HR/Vqc
Jer 33:26	מִ/זַּרְע/וֹ֙	m/2233	HR/Ncmsc/Sp3ms
Jer 33:26	מֹֽשְׁלִ֔ים	4910	HVqrmpa
Jer 33:26	אֶל	413	HR
Jer 33:26	זֶ֥רַע	2233	HNcmsc
Jer 33:26	אַבְרָהָ֖ם	85	HNp
Jer 33:26	יִשְׂחָ֣ק	3446	HNp
Jer 33:26	וְ/יַעֲקֹ֑ב	c/3290	HC/Np
Jer 33:26	כִּֽי	3588 a	HC
Jer 33:26	אשוב	7725	HVqi1cs
Jer 33:26	אֶת	853	HTo
Jer 33:26	שְׁבוּתָ֖/ם	7622	HNcfsc/Sp3mp
Jer 33:26	וְ/רִחַמְתִּֽי/ם	c/7355	HC/Vpq1cs/Sp3mp
Jer 34:1	הַ/דָּבָ֛ר	d/1697	HTd/Ncmsa
Jer 34:1	אֲשֶׁר	834 a	HTr
Jer 34:1	הָיָ֥ה	1961	HVqp3ms
Jer 34:1	אֶֽל	413	HR
Jer 34:1	יִרְמְיָ֖הוּ	3414	HNp
Jer 34:1	מֵ/אֵ֣ת	m/854	HR/R
Jer 34:1	יְהוָ֑ה	3068	HNp
Jer 34:1	וּ/נְבוּכַדְרֶאצַּ֣ר	c/5019	HC/Np
Jer 34:1	מֶֽלֶךְ	4428	HNcmsc
Jer 34:1	בָּבֶ֣ל	894	HNp
Jer 34:1	וְ/כָל	c/3605	HC/Ncmsc
Jer 34:1	חֵיל֡/וֹ	2428	HNcmsc/Sp3ms
Jer 34:1	וְ/כָל	c/3605	HC/Ncmsc
Jer 34:1	מַמְלְכ֣וֹת	4467	HNcfpc
Jer 34:1	אֶרֶץ֩	776	HNcbsa
Jer 34:1	מֶמְשֶׁ֨לֶת	4475	HNcbsc
Jer 34:1	יָד֜/וֹ	3027	HNcbsc/Sp3ms
Jer 34:1	וְ/כָל	c/3605	HC/Ncmsc
Jer 34:1	הָ/עַמִּ֗ים	d/5971 a	HTd/Ncmpa
Jer 34:1	נִלְחָמִ֧ים	3898 a	HVNrmpa
Jer 34:1	עַל	5921 a	HR
Jer 34:1	יְרוּשָׁלִַ֛ם	3389	HNp
Jer 34:1	וְ/עַל	c/5921 a	HC/R
Jer 34:1	כָּל	3605	HNcmsc
Jer 34:1	עָרֶ֖י/הָ	5892 b	HNcfpc/Sp3fs
Jer 34:1	לֵ/אמֹֽר	l/559	HR/Vqc
Jer 34:2	כֹּֽה	3541	HD
Jer 34:2	אָמַ֤ר	559	HVqp3ms
Jer 34:2	יְהוָה֙	3068	HNp
Jer 34:2	אֱלֹהֵ֣י	430	HNcmpc
Jer 34:2	יִשְׂרָאֵ֔ל	3478	HNp
Jer 34:2	הָלֹךְ֙	1980	HVqa
Jer 34:2	וְ/אָ֣מַרְתָּ֔	c/559	HC/Vqq2ms
Jer 34:2	אֶל	413	HR
Jer 34:2	צִדְקִיָּ֖הוּ	6667	HNp
Jer 34:2	מֶ֣לֶךְ	4428	HNcmsc
Jer 34:2	יְהוּדָ֑ה	3063	HNp
Jer 34:2	וְ/אָמַרְתָּ֣	c/559	HC/Vqq2ms
Jer 34:2	אֵלָ֗י/ו	413	HR/Sp3ms
Jer 34:2	כֹּ֚ה	3541	HD
Jer 34:2	אָמַ֣ר	559	HVqp3ms
Jer 34:2	יְהוָ֔ה	3068	HNp
Jer 34:2	הִנְ/נִ֨י	2005	HTm/Sp1cs
Jer 34:2	נֹתֵ֜ן	5414	HVqrmsa
Jer 34:2	אֶת	853	HTo
Jer 34:2	הָ/עִ֤יר	d/5892 b	HTd/Ncfsa
Jer 34:2	הַ/זֹּאת֙	d/2063	HTd/Pdxfs
Jer 34:2	בְּ/יַ֣ד	b/3027	HR/Ncbsc
Jer 34:2	מֶֽלֶךְ	4428	HNcmsc
Jer 34:2	בָּבֶ֔ל	894	HNp
Jer 34:2	וּ/שְׂרָפָ֖/הּ	c/8313	HC/Vqq3ms/Sp3fs
Jer 34:2	בָּ/אֵֽשׁ	b/784	HRd/Ncbsa
Jer 34:3	וְ/אַתָּ֗ה	c/859 a	HC/Pp2ms
Jer 34:3	לֹ֚א	3808	HTn
Jer 34:3	תִמָּלֵט֙	4422	HVNi2ms
Jer 34:3	מִ/יָּד֔/וֹ	m/3027	HR/Ncbsc/Sp3ms
Jer 34:3	כִּ֚י	3588 a	HC
Jer 34:3	תָּפֹ֣שׂ	8610	HVqa
Jer 34:3	תִּתָּפֵ֔שׂ	8610	HVNi2ms
Jer 34:3	וּ/בְ/יָד֖/וֹ	c/b/3027	HC/R/Ncbsc/Sp3ms
Jer 34:3	תִּנָּתֵ֑ן	5414	HVNi2ms
Jer 34:3	וְֽ֠/עֵינֶי/ךָ	c/5869 a	HC/Ncbdc/Sp2ms
Jer 34:3	אֶת	853	HTo
Jer 34:3	עֵינֵ֨י	5869 a	HNcbdc
Jer 34:3	מֶֽלֶךְ	4428	HNcmsc
Jer 34:3	בָּבֶ֜ל	894	HNp
Jer 34:3	תִּרְאֶ֗ינָה	7200	HVqi3fp
Jer 34:3	וּ/פִ֛י/הוּ	c/6310	HC/Ncmsc/Sp3ms
Jer 34:3	אֶת	854	HR
Jer 34:3	פִּ֥י/ךָ	6310	HNcmsc/Sp2ms
Jer 34:3	יְדַבֵּ֖ר	1696	HVpi3ms
Jer 34:3	וּ/בָבֶ֥ל	c/894	HC/Np
Jer 34:3	תָּבֽוֹא	935	HVqi2ms
Jer 34:4	אַ֚ךְ	389	HTa
Jer 34:4	שְׁמַ֣ע	8085	HVqv2ms
Jer 34:4	דְּבַר	1697	HNcmsc
Jer 34:4	יְהוָ֔ה	3068	HNp
Jer 34:4	צִדְקִיָּ֖הוּ	6667	HNp
Jer 34:4	מֶ֣לֶךְ	4428	HNcmsc
Jer 34:4	יְהוּדָ֑ה	3063	HNp
Jer 34:4	כֹּֽה	3541	HD
Jer 34:4	אָמַ֤ר	559	HVqp3ms
Jer 34:4	יְהוָה֙	3068	HNp
Jer 34:4	עָלֶ֔י/ךָ	5921 a	HR/Sp2ms
Jer 34:4	לֹ֥א	3808	HTn
Jer 34:4	תָמ֖וּת	4191	HVqi2ms
Jer 34:4	בֶּ/חָֽרֶב	b/2719	HRd/Ncfsa
Jer 34:5	בְּ/שָׁל֣וֹם	b/7965	HR/Ncmsa
Jer 34:5	תָּמ֗וּת	4191	HVqi2ms
Jer 34:5	וּֽ/כְ/מִשְׂרְפ֣וֹת	c/k/4955	HC/R/Ncfpc
Jer 34:5	אֲ֠בוֹתֶי/ךָ	1	HNcmpc/Sp2ms
Jer 34:5	הַ/מְּלָכִ֨ים	d/4428	HTd/Ncmpa
Jer 34:5	הָ/רִֽאשֹׁנִ֜ים	d/7223	HTd/Aampa
Jer 34:5	אֲשֶׁר	834 a	HTr
Jer 34:5	הָי֣וּ	1961	HVqp3cp
Jer 34:5	לְ/פָנֶ֗י/ךָ	l/6440	HR/Ncbpc/Sp2ms
Jer 34:5	כֵּ֚ן	3651 c	HTm
Jer 34:5	יִשְׂרְפוּ	8313	HVqi3mp
Jer 34:5	לָ֔/ךְ	l	HR/Sp2fs
Jer 34:5	וְ/ה֥וֹי	c/1945	HC/Tj
Jer 34:5	אָד֖וֹן	113	HNcmsa
Jer 34:5	יִסְפְּדוּ	5594	HVqi3mp
Jer 34:5	לָ֑/ךְ	l	HR/Sp2fs
Jer 34:5	כִּֽי	3588 a	HC
Jer 34:5	דָבָ֥ר	1697	HNcmsa
Jer 34:5	אֲנִֽי	589	HPp1cs
Jer 34:5	דִבַּ֖רְתִּי	1696	HVpp1cs
Jer 34:5	נְאֻם	5002	HNcmsc
Jer 34:5	יְהוָֽה	3068	HNp
Jer 34:6	וַ/יְדַבֵּר֙	c/1696	HC/Vpw3ms
Jer 34:6	יִרְמְיָ֣הוּ	3414	HNp
Jer 34:6	הַ/נָּבִ֔יא	d/5030	HTd/Ncmsa
Jer 34:6	אֶל	413	HR
Jer 34:6	צִדְקִיָּ֖הוּ	6667	HNp
Jer 34:6	מֶ֣לֶךְ	4428	HNcmsc
Jer 34:6	יְהוּדָ֑ה	3063	HNp
Jer 34:6	אֵ֛ת	853	HTo
Jer 34:6	כָּל	3605	HNcmsc
Jer 34:6	הַ/דְּבָרִ֥ים	d/1697	HTd/Ncmpa
Jer 34:6	הָ/אֵ֖לֶּה	d/428	HTd/Pdxcp
Jer 34:6	בִּ/ירוּשָׁלִָֽם	b/3389	HR/Np
Jer 34:7	וְ/חֵ֣יל	c/2428	HC/Ncmsc
Jer 34:7	מֶֽלֶךְ	4428	HNcmsc
Jer 34:7	בָּבֶ֗ל	894	HNp
Jer 34:7	נִלְחָמִים֙	3898 a	HVNrmpa
Jer 34:7	עַל	5921 a	HR
Jer 34:7	יְר֣וּשָׁלִַ֔ם	3389	HNp
Jer 34:7	וְ/עַ֛ל	c/5921 a	HC/R
Jer 34:7	כָּל	3605	HNcmsc
Jer 34:7	עָרֵ֥י	5892 b	HNcfpc
Jer 34:7	יְהוּדָ֖ה	3063	HNp
Jer 34:7	הַ/נּֽוֹתָר֑וֹת	d/3498	HTd/VNrfpa
Jer 34:7	אֶל	413	HR
Jer 34:7	לָכִישׁ֙	3923	HNp
Jer 34:7	וְ/אֶל	c/413	HC/R
Jer 34:7	עֲזֵקָ֔ה	5825	HNp
Jer 34:7	כִּ֣י	3588 a	HC
Jer 34:7	הֵ֗נָּה	2007	HPp3fp
Jer 34:7	נִשְׁאֲר֛וּ	7604	HVNp3cp
Jer 34:7	בְּ/עָרֵ֥י	b/5892 b	HR/Ncfpc
Jer 34:7	יְהוּדָ֖ה	3063	HNp
Jer 34:7	עָרֵ֥י	5892 b	HNcfpc
Jer 34:7	מִבְצָֽר	4013	HNcmsa
Jer 34:8	הַ/דָּבָ֛ר	d/1697	HTd/Ncmsa
Jer 34:8	אֲשֶׁר	834 a	HTr
Jer 34:8	הָיָ֥ה	1961	HVqp3ms
Jer 34:8	אֶֽל	413	HR
Jer 34:8	יִרְמְיָ֖הוּ	3414	HNp
Jer 34:8	מֵ/אֵ֣ת	m/854	HR/R
Jer 34:8	יְהוָ֑ה	3068	HNp
Jer 34:8	אַחֲרֵ֡י	310 a	HR
Jer 34:8	כְּרֹת֩	3772	HVqc
Jer 34:8	הַ/מֶּ֨לֶךְ	d/4428	HTd/Ncmsa
Jer 34:8	צִדְקִיָּ֜הוּ	6667	HNp
Jer 34:8	בְּרִ֗ית	1285	HNcfsa
Jer 34:8	אֶת	854	HR
Jer 34:8	כָּל	3605	HNcmsc
Jer 34:8	הָ/עָם֙	d/5971 a	HTd/Ncmsa
Jer 34:8	אֲשֶׁ֣ר	834 a	HTr
Jer 34:8	בִּ/ירֽוּשָׁלִַ֔ם	b/3389	HR/Np
Jer 34:8	לִ/קְרֹ֥א	l/7121	HR/Vqc
Jer 34:8	לָ/הֶ֖ם	l	HR/Sp3mp
Jer 34:8	דְּרֽוֹר	1865	HNcmsa
Jer 34:9	לְ֠/שַׁלַּח	l/7971	HR/Vpc
Jer 34:9	אִ֣ישׁ	376	HNcmsa
Jer 34:9	אֶת	853	HTo
Jer 34:9	עַבְדּ֞/וֹ	5650	HNcmsc/Sp3ms
Jer 34:9	וְ/אִ֧ישׁ	c/376	HC/Ncmsa
Jer 34:9	אֶת	853	HTo
Jer 34:9	שִׁפְחָת֛/וֹ	8198	HNcfsc/Sp3ms
Jer 34:9	הָ/עִבְרִ֥י	d/5680	HTd/Ngmsa
Jer 34:9	וְ/הָ/עִבְרִיָּ֖ה	c/d/5680	HC/Td/Ngfsa
Jer 34:9	חָפְשִׁ֑ים	2670	HAampa
Jer 34:9	לְ/בִלְתִּ֧י	l/1115	HR/C
Jer 34:9	עֲבָד	5647	HVqc
Jer 34:9	בָּ֛/ם	b	HR/Sp3mp
Jer 34:9	בִּ/יהוּדִ֥י	b/3064	HR/Ngmsa
Jer 34:9	אָחִ֖י/הוּ	251	HNcmsc/Sp3ms
Jer 34:9	אִֽישׁ	376	HNcmsa
Jer 34:10	וַ/יִּשְׁמְעוּ֩	c/8085	HC/Vqw3mp
Jer 34:10	כָל	3605	HNcmsc
Jer 34:10	הַ/שָּׂרִ֨ים	d/8269	HTd/Ncmpa
Jer 34:10	וְ/כָל	c/3605	HC/Ncmsc
Jer 34:10	הָ/עָ֜ם	d/5971 a	HTd/Ncmsa
Jer 34:10	אֲשֶׁר	834 a	HTr
Jer 34:10	בָּ֣אוּ	935	HVqp3cp
Jer 34:10	בַ/בְּרִ֗ית	b/1285	HRd/Ncfsa
Jer 34:10	לְ֠/שַׁלַּח	l/7971	HR/Vpc
Jer 34:10	אִ֣ישׁ	376	HNcmsa
Jer 34:10	אֶת	853	HTo
Jer 34:10	עַבְדּ֞/וֹ	5650	HNcmsc/Sp3ms
Jer 34:10	וְ/אִ֤ישׁ	c/376	HC/Ncmsa
Jer 34:10	אֶת	853	HTo
Jer 34:10	שִׁפְחָת/וֹ֙	8198	HNcfsc/Sp3ms
Jer 34:10	חָפְשִׁ֔ים	2670	HAampa
Jer 34:10	לְ/בִלְתִּ֥י	l/1115	HR/C
Jer 34:10	עֲבָד	5647	HVqc
Jer 34:10	בָּ֖/ם	b	HR/Sp3mp
Jer 34:10	ע֑וֹד	5750	HD
Jer 34:10	וַֽ/יִּשְׁמְע֖וּ	c/8085	HC/Vqw3mp
Jer 34:10	וַ/יְשַׁלֵּֽחוּ	c/7971	HC/Vpw3mp
Jer 34:11	וַ/יָּשׁ֨וּבוּ֙	c/7725	HC/Vqw3mp
Jer 34:11	אַחֲרֵי	310 a	HR
Jer 34:11	כֵ֔ן	3651 c	HD
Jer 34:11	וַ/יָּשִׁ֗בוּ	c/7725	HC/Vhw3mp
Jer 34:11	אֶת	853	HTo
Jer 34:11	הָֽ/עֲבָדִים֙	d/5650	HTd/Ncmpa
Jer 34:11	וְ/אֶת	c/853	HC/To
Jer 34:11	הַ/שְּׁפָח֔וֹת	d/8198	HTd/Ncfpa
Jer 34:11	אֲשֶׁ֥ר	834 a	HTr
Jer 34:11	שִׁלְּח֖וּ	7971	HVpp3cp
Jer 34:11	חָפְשִׁ֑ים	2670	HAampa
Jer 34:11	ו/יכבישו/ם	c/3533	HC/Vhw3mp/Sp3mp
Jer 34:11	לַ/עֲבָדִ֖ים	l/5650	HR/Ncmpa
Jer 34:11	וְ/לִ/שְׁפָחֽוֹת	c/l/8198	HC/R/Ncfpa
Jer 34:12	וַ/יְהִ֤י	c/1961	HC/Vqw3ms
Jer 34:12	דְבַר	1697	HNcmsc
Jer 34:12	יְהוָה֙	3068	HNp
Jer 34:12	אֶֽל	413	HR
Jer 34:12	יִרְמְיָ֔הוּ	3414	HNp
Jer 34:12	מֵ/אֵ֥ת	m/854	HR/R
Jer 34:12	יְהוָ֖ה	3068	HNp
Jer 34:12	לֵ/אמֹֽר	l/559	HR/Vqc
Jer 34:13	כֹּֽה	3541	HD
Jer 34:13	אָמַ֥ר	559	HVqp3ms
Jer 34:13	יְהוָ֖ה	3068	HNp
Jer 34:13	אֱלֹהֵ֣י	430	HNcmpc
Jer 34:13	יִשְׂרָאֵ֑ל	3478	HNp
Jer 34:13	אָנֹכִ֗י	595	HPp1cs
Jer 34:13	כָּרַ֤תִּֽי	3772	HVqp1cs
Jer 34:13	בְרִית֙	1285	HNcfsa
Jer 34:13	אֶת	854	HR
Jer 34:13	אֲב֣וֹתֵי/כֶ֔ם	1	HNcmpc/Sp2mp
Jer 34:13	בְּ/י֨וֹם	b/3117	HR/Ncmsc
Jer 34:13	הוֹצִאִ֤/י	3318	HVhc/Sp1cs
Jer 34:13	אוֹתָ/ם֙	853	HTo/Sp3mp
Jer 34:13	מֵ/אֶ֣רֶץ	m/776	HR/Ncbsc
Jer 34:13	מִצְרַ֔יִם	4714	HNp
Jer 34:13	מִ/בֵּ֥ית	m/1004 b	HR/Ncmsc
Jer 34:13	עֲבָדִ֖ים	5650	HNcmpa
Jer 34:13	לֵ/אמֹֽר	l/559	HR/Vqc
Jer 34:14	מִ/קֵּ֣ץ	m/7093	HR/Ncmsc
Jer 34:14	שֶׁ֣בַע	7651	HAcfsa
Jer 34:14	שָׁנִ֡ים	8141	HNcfpa
Jer 34:14	תְּֽשַׁלְּח֡וּ	7971	HVpi2mp
Jer 34:14	אִישׁ֩	376	HNcmsa
Jer 34:14	אֶת	853	HTo
Jer 34:14	אָחִ֨י/ו	251	HNcmsc/Sp3ms
Jer 34:14	הָ/עִבְרִ֜י	d/5680	HTd/Ngmsa
Jer 34:14	אֲשֶֽׁר	834 a	HTr
Jer 34:14	יִמָּכֵ֣ר	4376	HVNi3ms
Jer 34:14	לְ/ךָ֗	l	HR/Sp2ms
Jer 34:14	וַ/עֲבָֽדְ/ךָ֙	c/5647	HC/Vqq3ms/Sp2ms
Jer 34:14	שֵׁ֣שׁ	8337	HAcfsa
Jer 34:14	שָׁנִ֔ים	8141	HNcfpa
Jer 34:14	וְ/שִׁלַּחְתּ֥/וֹ	c/7971	HC/Vpq2ms/Sp3ms
Jer 34:14	חָפְשִׁ֖י	2670	HAamsa
Jer 34:14	מֵֽ/עִמָּ֑/ךְ	m/5973 b	HR/R/Sp2fs
Jer 34:14	וְ/לֹֽא	c/3808	HC/Tn
Jer 34:14	שָׁמְע֤וּ	8085	HVqp3cp
Jer 34:14	אֲבֽוֹתֵי/כֶם֙	1	HNcmpc/Sp2mp
Jer 34:14	אֵלַ֔/י	413	HR/Sp1cs
Jer 34:14	וְ/לֹ֥א	c/3808	HC/Tn
Jer 34:14	הִטּ֖וּ	5186	HVhp3cp
Jer 34:14	אֶת	853	HTo
Jer 34:14	אָזְנָֽ/ם	241	HNcfsc/Sp3mp
Jer 34:15	וַ/תָּשֻׁ֨בוּ	c/7725	HC/Vqw2mp
Jer 34:15	אַתֶּ֜ם	859 d	HPp2mp
Jer 34:15	הַ/יּ֗וֹם	d/3117	HTd/Ncmsa
Jer 34:15	וַ/תַּעֲשׂ֤וּ	c/6213 a	HC/Vqw2mp
Jer 34:15	אֶת	853	HTo
Jer 34:15	הַ/יָּשָׁר֙	d/3477	HTd/Aamsa
Jer 34:15	בְּ/עֵינַ֔/י	b/5869 a	HR/Ncbdc/Sp1cs
Jer 34:15	לִ/קְרֹ֥א	l/7121	HR/Vqc
Jer 34:15	דְר֖וֹר	1865	HNcmsa
Jer 34:15	אִ֣ישׁ	376	HNcmsa
Jer 34:15	לְ/רֵעֵ֑/הוּ	l/7453	HR/Ncmsc/Sp3ms
Jer 34:15	וַ/תִּכְרְת֤וּ	c/3772	HC/Vqw2mp
Jer 34:15	בְרִית֙	1285	HNcfsa
Jer 34:15	לְ/פָנַ֔/י	l/6440	HR/Ncbpc/Sp1cs
Jer 34:15	בַּ/בַּ֕יִת	b/1004 b	HRd/Ncmsa
Jer 34:15	אֲשֶׁר	834 a	HTr
Jer 34:15	נִקְרָ֥א	7121	HVNp3ms
Jer 34:15	שְׁמִ֖/י	8034	HNcmsc/Sp1cs
Jer 34:15	עָלָֽי/ו	5921 a	HR/Sp3ms
Jer 34:16	וַ/תָּשֻׁ֨בוּ֙	c/7725	HC/Vqw2mp
Jer 34:16	וַ/תְּחַלְּל֣וּ	c/2490 c	HC/Vpw2mp
Jer 34:16	אֶת	853	HTo
Jer 34:16	שְׁמִ֔/י	8034	HNcmsc/Sp1cs
Jer 34:16	וַ/תָּשִׁ֗בוּ	c/7725	HC/Vhw2mp
Jer 34:16	אִ֤ישׁ	376	HNcmsa
Jer 34:16	אֶת	853	HTo
Jer 34:16	עַבְדּ/וֹ֙	5650	HNcmsc/Sp3ms
Jer 34:16	וְ/אִ֣ישׁ	c/376	HC/Ncmsa
Jer 34:16	אֶת	853	HTo
Jer 34:16	שִׁפְחָת֔/וֹ	8198	HNcfsc/Sp3ms
Jer 34:16	אֲשֶׁר	834 a	HTr
Jer 34:16	שִׁלַּחְתֶּ֥ם	7971	HVpp2mp
Jer 34:16	חָפְשִׁ֖ים	2670	HAampa
Jer 34:16	לְ/נַפְשָׁ֑/ם	l/5315	HR/Ncbsc/Sp3mp
Jer 34:16	וַ/תִּכְבְּשׁ֣וּ	c/3533	HC/Vqw2mp
Jer 34:16	אֹתָ֔/ם	853	HTo/Sp3mp
Jer 34:16	לִֽ/הְי֣וֹת	l/1961	HR/Vqc
Jer 34:16	לָ/כֶ֔ם	l	HR/Sp2mp
Jer 34:16	לַ/עֲבָדִ֖ים	l/5650	HR/Ncmpa
Jer 34:16	וְ/לִ/שְׁפָחֽוֹת	c/l/8198	HC/R/Ncfpa
Jer 34:17	לָ/כֵן֮	l/3651 c	HR/D
Jer 34:17	כֹּה	3541	HD
Jer 34:17	אָמַ֣ר	559	HVqp3ms
Jer 34:17	יְהוָה֒	3068	HNp
Jer 34:17	אַתֶּם֙	859 d	HPp2mp
Jer 34:17	לֹֽא	3808	HTn
Jer 34:17	שְׁמַעְתֶּ֣ם	8085	HVqp2mp
Jer 34:17	אֵלַ֔/י	413	HR/Sp1cs
Jer 34:17	לִ/קְרֹ֣א	l/7121	HR/Vqc
Jer 34:17	דְר֔וֹר	1865	HNcmsa
Jer 34:17	אִ֥ישׁ	376	HNcmsa
Jer 34:17	לְ/אָחִ֖י/ו	l/251	HR/Ncmsc/Sp3ms
Jer 34:17	וְ/אִ֣ישׁ	c/376	HC/Ncmsa
Jer 34:17	לְ/רֵעֵ֑/הוּ	l/7453	HR/Ncmsc/Sp3ms
Jer 34:17	הִנְ/נִ֣י	2005	HTm/Sp1cs
Jer 34:17	קֹרֵא֩	7121	HVqrmsa
Jer 34:17	לָ/כֶ֨ם	l	HR/Sp2mp
Jer 34:17	דְּר֜וֹר	1865	HNcmsa
Jer 34:17	נְאֻם	5002	HNcmsc
Jer 34:17	יְהוָ֗ה	3068	HNp
Jer 34:17	אֶל	413	HR
Jer 34:17	הַ/חֶ֨רֶב֙	d/2719	HTd/Ncfsa
Jer 34:17	אֶל	413	HR
Jer 34:17	הַ/דֶּ֣בֶר	d/1698	HTd/Ncmsa
Jer 34:17	וְ/אֶל	c/413	HC/R
Jer 34:17	הָ/רָעָ֔ב	d/7458	HTd/Ncmsa
Jer 34:17	וְ/נָתַתִּ֤י	c/5414	HC/Vqq1cs
Jer 34:17	אֶתְ/כֶם֙	853	HTo/Sp2mp
Jer 34:17	ל/זועה	l/2113	HR/Ncfsa
Jer 34:17	לְ/כֹ֖ל	l/3605	HR/Ncmsc
Jer 34:17	מַמְלְכ֥וֹת	4467	HNcfpc
Jer 34:17	הָ/אָֽרֶץ	d/776	HTd/Ncbsa
Jer 34:18	וְ/נָתַתִּ֣י	c/5414	HC/Vqq1cs
Jer 34:18	אֶת	853	HTo
Jer 34:18	הָ/אֲנָשִׁ֗ים	d/376	HTd/Ncmpa
Jer 34:18	הָ/עֹֽבְרִים֙	d/5674 a	HTd/Vqrmpa
Jer 34:18	אֶת	853	HTo
Jer 34:18	בְּרִתִ֔/י	1285	HNcfsc/Sp1cs
Jer 34:18	אֲשֶׁ֤ר	834 a	HTr
Jer 34:18	לֹֽא	3808	HTn
Jer 34:18	הֵקִ֨ימוּ֙	6965 b	HVhp3cp
Jer 34:18	אֶת	853	HTo
Jer 34:18	דִּבְרֵ֣י	1697	HNcmpc
Jer 34:18	הַ/בְּרִ֔ית	d/1285	HTd/Ncfsa
Jer 34:18	אֲשֶׁ֥ר	834 a	HTr
Jer 34:18	כָּרְת֖וּ	3772	HVqp3cp
Jer 34:18	לְ/פָנָ֑/י	l/6440	HR/Ncbpc/Sp1cs
Jer 34:18	הָ/עֵ֨גֶל֙	d/5695	HTd/Ncmsa
Jer 34:18	אֲשֶׁ֣ר	834 a	HTr
Jer 34:18	כָּרְת֣וּ	3772	HVqp3cp
Jer 34:18	לִ/שְׁנַ֔יִם	l/8147	HR/Acmda
Jer 34:18	וַ/יַּעַבְר֖וּ	c/5674 a	HC/Vqw3mp
Jer 34:18	בֵּ֥ין	996	HR
Jer 34:18	בְּתָרָֽי/ו	1335	HNcmpc/Sp3ms
Jer 34:19	שָׂרֵ֨י	8269	HNcmpc
Jer 34:19	יְהוּדָ֜ה	3063	HNp
Jer 34:19	וְ/שָׂרֵ֣י	c/8269	HC/Ncmpc
Jer 34:19	יְרוּשָׁלִַ֗ם	3389	HNp
Jer 34:19	הַ/סָּֽרִסִים֙	d/5631	HTd/Ncmpa
Jer 34:19	וְ/הַ/כֹּ֣הֲנִ֔ים	c/d/3548	HC/Td/Ncmpa
Jer 34:19	וְ/כֹ֖ל	c/3605	HC/Ncmsc
Jer 34:19	עַ֣ם	5971 a	HNcmsc
Jer 34:19	הָ/אָ֑רֶץ	d/776	HTd/Ncbsa
Jer 34:19	הָ/עֹ֣בְרִ֔ים	d/5674 a	HTd/Vqrmpa
Jer 34:19	בֵּ֖ין	996	HR
Jer 34:19	בִּתְרֵ֥י	1335	HNcmpc
Jer 34:19	הָ/עֵֽגֶל	d/5695	HTd/Ncmsa
Jer 34:20	וְ/נָתַתִּ֤י	c/5414	HC/Vqq1cs
Jer 34:20	אוֹתָ/ם֙	853	HTo/Sp3mp
Jer 34:20	בְּ/יַ֣ד	b/3027	HR/Ncbsc
Jer 34:20	אֹֽיְבֵי/הֶ֔ם	341	HVqrmpc/Sp3mp
Jer 34:20	וּ/בְ/יַ֖ד	c/b/3027	HC/R/Ncbsc
Jer 34:20	מְבַקְשֵׁ֣י	1245	HVprmpc
Jer 34:20	נַפְשָׁ֑/ם	5315	HNcbsc/Sp3mp
Jer 34:20	וְ/הָיְתָ֤ה	c/1961	HC/Vqq3fs
Jer 34:20	נִבְלָתָ/ם֙	5038	HNcfsc/Sp3mp
Jer 34:20	לְ/מַֽאֲכָ֔ל	l/3978	HR/Ncmsa
Jer 34:20	לְ/ע֥וֹף	l/5775	HR/Ncmsc
Jer 34:20	הַ/שָּׁמַ֖יִם	d/8064	HTd/Ncmpa
Jer 34:20	וּ/לְ/בֶהֱמַ֥ת	c/l/929	HC/R/Ncfsc
Jer 34:20	הָ/אָֽרֶץ	d/776	HTd/Ncbsa
Jer 34:21	וְ/אֶת	c/853	HC/To
Jer 34:21	צִדְקִיָּ֨הוּ	6667	HNp
Jer 34:21	מֶֽלֶךְ	4428	HNcmsc
Jer 34:21	יְהוּדָ֜ה	3063	HNp
Jer 34:21	וְ/אֶת	c/853	HC/To
Jer 34:21	שָׂרָ֗י/ו	8269	HNcmpc/Sp3ms
Jer 34:21	אֶתֵּן֙	5414	HVqi1cs
Jer 34:21	בְּ/יַ֣ד	b/3027	HR/Ncbsc
Jer 34:21	אֹֽיְבֵי/הֶ֔ם	341	HVqrmpc/Sp3mp
Jer 34:21	וּ/בְ/יַ֖ד	c/b/3027	HC/R/Ncbsc
Jer 34:21	מְבַקְשֵׁ֣י	1245	HVprmpc
Jer 34:21	נַפְשָׁ֑/ם	5315	HNcbsc/Sp3mp
Jer 34:21	וּ/בְ/יַד	c/b/3027	HC/R/Ncbsc
Jer 34:21	חֵ֚יל	2428	HNcmsc
Jer 34:21	מֶ֣לֶךְ	4428	HNcmsc
Jer 34:21	בָּבֶ֔ל	894	HNp
Jer 34:21	הָ/עֹלִ֖ים	d/5927	HTd/Vqrmpa
Jer 34:21	מֵ/עֲלֵי/כֶֽם	m/5921 a	HR/R/Sp2mp
Jer 34:22	הִנְ/נִ֨י	2005	HTm/Sp1cs
Jer 34:22	מְצַוֶּ֜ה	6680	HVprmsa
Jer 34:22	נְאֻם	5002	HNcmsc
Jer 34:22	יְהוָ֗ה	3068	HNp
Jer 34:22	וַ/הֲשִׁ֨בֹתִ֜י/ם	c/7725	HC/Vhq1cs/Sp3mp
Jer 34:22	אֶל	413	HR
Jer 34:22	הָ/עִ֤יר	d/5892 b	HTd/Ncfsa
Jer 34:22	הַ/זֹּאת֙	d/2063	HTd/Pdxfs
Jer 34:22	וְ/נִלְחֲמ֣וּ	c/3898 a	HC/VNq3cp
Jer 34:22	עָלֶ֔י/הָ	5921 a	HR/Sp3fs
Jer 34:22	וּ/לְכָד֖וּ/הָ	c/3920	HC/Vqq3cp/Sp3fs
Jer 34:22	וּ/שְׂרָפֻ֣/הָ	c/8313	HC/Vqq3cp/Sp3fs
Jer 34:22	בָ/אֵ֑שׁ	b/784	HRd/Ncbsa
Jer 34:22	וְ/אֶת	c/853	HC/To
Jer 34:22	עָרֵ֧י	5892 b	HNcfpc
Jer 34:22	יְהוּדָ֛ה	3063	HNp
Jer 34:22	אֶתֵּ֥ן	5414	HVqi1cs
Jer 34:22	שְׁמָמָ֖ה	8077 a	HNcfsa
Jer 34:22	מֵ/אֵ֥ין	m/369	HR/Tn
Jer 34:22	יֹשֵֽׁב	3427	HVqrmsa
Jer 35:1	הַ/דָּבָ֛ר	d/1697	HTd/Ncmsa
Jer 35:1	אֲשֶׁר	834 a	HTr
Jer 35:1	הָיָ֥ה	1961	HVqp3ms
Jer 35:1	אֶֽל	413	HR
Jer 35:1	יִרְמְיָ֖הוּ	3414	HNp
Jer 35:1	מֵ/אֵ֣ת	m/854	HR/R
Jer 35:1	יְהוָ֑ה	3068	HNp
Jer 35:1	בִּ/ימֵ֨י	b/3117	HR/Ncmpc
Jer 35:1	יְהוֹיָקִ֧ים	3079	HNp
Jer 35:1	בֶּן	1121 a	HNcmsc
Jer 35:1	יֹאשִׁיָּ֛הוּ	2977	HNp
Jer 35:1	מֶ֥לֶךְ	4428	HNcmsc
Jer 35:1	יְהוּדָ֖ה	3063	HNp
Jer 35:1	לֵ/אמֹֽר	l/559	HR/Vqc
Jer 35:2	הָלוֹךְ֮	1980	HVqa
Jer 35:2	אֶל	413	HR
Jer 35:2	בֵּ֣ית	1004 b	HNcmsc
Jer 35:2	הָ/רֵכָבִים֒	d/7397 a	HTd/Ngmpa
Jer 35:2	וְ/דִבַּרְתָּ֣	c/1696	HC/Vpq2ms
Jer 35:2	אוֹתָ֔/ם	853	HTo/Sp3mp
Jer 35:2	וַ/הֲבִֽאוֹתָ/ם֙	c/935	HC/Vhq2ms/Sp3mp
Jer 35:2	בֵּ֣ית	1004 b	HNcmsc
Jer 35:2	יְהוָ֔ה	3068	HNp
Jer 35:2	אֶל	413	HR
Jer 35:2	אַחַ֖ת	259	HAcfsa
Jer 35:2	הַ/לְּשָׁכ֑וֹת	d/3957	HTd/Ncfpa
Jer 35:2	וְ/הִשְׁקִיתָ֥	c/8248	HC/Vhq2ms
Jer 35:2	אוֹתָ֖/ם	853	HTo/Sp3mp
Jer 35:2	יָֽיִן	3196	HNcmsa
Jer 35:3	וָ/אֶקַּ֞ח	c/3947	HC/Vqw1cs
Jer 35:3	אֶת	853	HTo
Jer 35:3	יַאֲזַנְיָ֤ה	2970	HNp
Jer 35:3	בֶֽן	1121 a	HNcmsc
Jer 35:3	יִרְמְיָ֨הוּ֙	3414	HNp
Jer 35:3	בֶּן	1121 a	HNcmsc
Jer 35:3	חֲבַצִּנְיָ֔ה	2262	HNp
Jer 35:3	וְ/אֶת	c/853	HC/To
Jer 35:3	אֶחָ֖י/ו	251	HNcmpc/Sp3ms
Jer 35:3	וְ/אֶת	c/853	HC/To
Jer 35:3	כָּל	3605	HNcmsc
Jer 35:3	בָּנָ֑י/ו	1121 a	HNcmpc/Sp3ms
Jer 35:3	וְ/אֵ֖ת	c/853	HC/To
Jer 35:3	כָּל	3605	HNcmsc
Jer 35:3	בֵּ֥ית	1004 b	HNcmsc
Jer 35:3	הָ/רֵכָבִֽים	d/7397 a	HTd/Ngmpa
Jer 35:4	וָ/אָבִ֤א	c/935	HC/Vhw1cs
Jer 35:4	אֹתָ/ם֙	853	HTo/Sp3mp
Jer 35:4	בֵּ֣ית	1004 b	HNcmsc
Jer 35:4	יְהוָ֔ה	3068	HNp
Jer 35:4	אֶל	413	HR
Jer 35:4	לִשְׁכַּ֗ת	3957	HNcfsc
Jer 35:4	בְּנֵ֛י	1121 a	HNcmpc
Jer 35:4	חָנָ֥ן	2605	HNp
Jer 35:4	בֶּן	1121 a	HNcmsc
Jer 35:4	יִגְדַּלְיָ֖הוּ	3012	HNp
Jer 35:4	אִ֣ישׁ	376	HNcmsc
Jer 35:4	הָ/אֱלֹהִ֑ים	d/430	HTd/Ncmpa
Jer 35:4	אֲשֶׁר	834 a	HTr
Jer 35:4	אֵ֨צֶל֙	681	HR
Jer 35:4	לִשְׁכַּ֣ת	3957	HNcfsc
Jer 35:4	הַ/שָּׂרִ֔ים	d/8269	HTd/Ncmpa
Jer 35:4	אֲשֶׁ֣ר	834 a	HTr
Jer 35:4	מִ/מַּ֗עַל	m/4605	HR/D
Jer 35:4	לְ/לִשְׁכַּ֛ת	l/3957	HR/Ncfsc
Jer 35:4	מַעֲשֵׂיָ֥הוּ	4641	HNp
Jer 35:4	בֶן	1121 a	HNcmsc
Jer 35:4	שַׁלֻּ֖ם	7967	HNp
Jer 35:4	שֹׁמֵ֥ר	8104	HVqrmsc
Jer 35:4	הַ/סַּֽף	d/5592 b	HTd/Ncmsa
Jer 35:5	וָ/אֶתֵּ֞ן	c/5414	HC/Vqw1cs
Jer 35:5	לִ/פְנֵ֣י	l/6440	HR/Ncbpc
Jer 35:5	בְּנֵ֣י	1121 a	HNcmpc
Jer 35:5	בֵית	1004 b	HNcmsc
Jer 35:5	הָ/רֵכָבִ֗ים	d/7397 a	HTd/Ngmpa
Jer 35:5	גְּבִעִ֛ים	1375	HNcmpa
Jer 35:5	מְלֵאִ֥ים	4392	HAampa
Jer 35:5	יַ֖יִן	3196	HNcmsa
Jer 35:5	וְ/כֹס֑וֹת	c/3563 a	HC/Ncfpa
Jer 35:5	וָ/אֹמַ֥ר	c/559	HC/Vqw1cs
Jer 35:5	אֲלֵי/הֶ֖ם	413	HR/Sp3mp
Jer 35:5	שְׁתוּ	8354	HVqv2mp
Jer 35:5	יָֽיִן	3196	HNcmsa
Jer 35:6	וַ/יֹּאמְר֖וּ	c/559	HC/Vqw3mp
Jer 35:6	לֹ֣א	3808	HTn
Jer 35:6	נִשְׁתֶּה	8354	HVqi1cp
Jer 35:6	יָּ֑יִן	3196	HNcmsa
Jer 35:6	כִּי֩	3588 a	HC
Jer 35:6	יוֹנָדָ֨ב	3122	HNp
Jer 35:6	בֶּן	1121 a	HNcmsc
Jer 35:6	רֵכָ֜ב	7394	HNp
Jer 35:6	אָבִ֗י/נוּ	1	HNcmsc/Sp1cp
Jer 35:6	צִוָּ֤ה	6680	HVpp3ms
Jer 35:6	עָלֵ֨י/נוּ֙	5921 a	HR/Sp1cp
Jer 35:6	לֵ/אמֹ֔ר	l/559	HR/Vqc
Jer 35:6	לֹ֧א	3808	HTn
Jer 35:6	תִשְׁתּוּ	8354	HVqi2mp
Jer 35:6	יַ֛יִן	3196	HNcmsa
Jer 35:6	אַתֶּ֥ם	859 d	HPp2mp
Jer 35:6	וּ/בְנֵי/כֶ֖ם	c/1121 a	HC/Ncmpc/Sp2mp
Jer 35:6	עַד	5704	HR
Jer 35:6	עוֹלָֽם	5769	HNcmsa
Jer 35:7	וּ/בַ֣יִת	c/1004 b	HC/Ncmsa
Jer 35:7	לֹֽא	3808	HTn
Jer 35:7	תִבְנ֗וּ	1129	HVqi2mp
Jer 35:7	וְ/זֶ֤רַע	c/2233	HC/Ncmsa
Jer 35:7	לֹֽא	3808	HTn
Jer 35:7	תִזְרָ֨עוּ֙	2232	HVqi2mp
Jer 35:7	וְ/כֶ֣רֶם	c/3754	HC/Ncbsa
Jer 35:7	לֹֽא	3808	HTn
Jer 35:7	תִטָּ֔עוּ	5193	HVqi2mp
Jer 35:7	וְ/לֹ֥א	c/3808	HC/Tn
Jer 35:7	יִֽהְיֶ֖ה	1961	HVqi3ms
Jer 35:7	לָ/כֶ֑ם	l	HR/Sp2mp
Jer 35:7	כִּ֠י	3588 a	HC
Jer 35:7	בָּ/אֳהָלִ֤ים	b/168	HR/Ncmpa
Jer 35:7	תֵּֽשְׁבוּ֙	3427	HVqi2mp
Jer 35:7	כָּל	3605	HNcmsc
Jer 35:7	יְמֵי/כֶ֔ם	3117	HNcmpc/Sp2mp
Jer 35:7	לְמַ֨עַן	4616	HR
Jer 35:7	תִּֽחְי֜וּ	2421	HVqi2mp
Jer 35:7	יָמִ֤ים	3117	HNcmpa
Jer 35:7	רַבִּים֙	7227 a	HAampa
Jer 35:7	עַל	5921 a	HR
Jer 35:7	פְּנֵ֣י	6440	HNcbpc
Jer 35:7	הָ/אֲדָמָ֔ה	d/127	HTd/Ncfsa
Jer 35:7	אֲשֶׁ֥ר	834 a	HTr
Jer 35:7	אַתֶּ֖ם	859 d	HPp2mp
Jer 35:7	גָּרִ֥ים	1481 a	HVqrmpa
Jer 35:7	שָֽׁם	8033	HD
Jer 35:8	וַ/נִּשְׁמַ֗ע	c/8085	HC/Vqw1cp
Jer 35:8	בְּ/ק֨וֹל	b/6963 a	HR/Ncmsc
Jer 35:8	יְהוֹנָדָ֤ב	3082	HNp
Jer 35:8	בֶּן	1121 a	HNcmsc
Jer 35:8	רֵכָב֙	7394	HNp
Jer 35:8	אָבִ֔י/נוּ	1	HNcmsc/Sp1cp
Jer 35:8	לְ/כֹ֖ל	l/3605	HR/Ncmsa
Jer 35:8	אֲשֶׁ֣ר	834 a	HTr
Jer 35:8	צִוָּ֑/נוּ	6680	HVpp3ms/Sp1cp
Jer 35:8	לְ/בִלְתִּ֤י	l/1115	HR/C
Jer 35:8	שְׁתֽוֹת	8354	HVqc
Jer 35:8	יַ֨יִן֙	3196	HNcmsa
Jer 35:8	כָּל	3605	HNcmsc
Jer 35:8	יָמֵ֔י/נוּ	3117	HNcmpc/Sp1cp
Jer 35:8	אֲנַ֣חְנוּ	587	HPp1cp
Jer 35:8	נָשֵׁ֔י/נוּ	802	HNcfpc/Sp1cp
Jer 35:8	בָּנֵ֖י/נוּ	1121 a	HNcmpc/Sp1cp
Jer 35:8	וּ/בְנֹתֵֽי/נוּ	c/1323	HC/Ncfpc/Sp1cp
Jer 35:9	וּ/לְ/בִלְתִּ֛י	c/l/1115	HC/R/R
Jer 35:9	בְּנ֥וֹת	1129	HVqc
Jer 35:9	בָּתִּ֖ים	1004 b	HNcmpa
Jer 35:9	לְ/שִׁבְתֵּ֑/נוּ	l/3427	HR/Vqc/Sp1cp
Jer 35:9	וְ/כֶ֧רֶם	c/3754	HC/Ncbsa
Jer 35:9	וְ/שָׂדֶ֛ה	c/7704 b	HC/Ncmsa
Jer 35:9	וָ/זֶ֖רַע	c/2233	HC/Ncmsa
Jer 35:9	לֹ֥א	3808	HTn
Jer 35:9	יִֽהְיֶה	1961	HVqi3ms
Jer 35:9	לָּֽ/נוּ	l	HR/Sp1cp
Jer 35:10	וַ/נֵּ֖שֶׁב	c/3427	HC/Vqw1cp
Jer 35:10	בָּֽ/אֳהָלִ֑ים	b/168	HR/Ncmpa
Jer 35:10	וַ/נִּשְׁמַ֣ע	c/8085	HC/Vqw1cp
Jer 35:10	וַ/נַּ֔עַשׂ	c/6213 a	HC/Vqw1cp
Jer 35:10	כְּ/כֹ֥ל	k/3605	HR/Ncmsa
Jer 35:10	אֲשֶׁר	834 a	HTr
Jer 35:10	צִוָּ֖/נוּ	6680	HVpp3ms/Sp1cp
Jer 35:10	יוֹנָדָ֥ב	3122	HNp
Jer 35:10	אָבִֽי/נוּ	1	HNcmsc/Sp1cp
Jer 35:11	וַ/יְהִ֗י	c/1961	HC/Vqw3ms
Jer 35:11	בַּ/עֲל֨וֹת	b/5927	HR/Vqc
Jer 35:11	נְבוּכַדְרֶאצַּ֥ר	5019	HNp
Jer 35:11	מֶֽלֶךְ	4428	HNcmsc
Jer 35:11	בָּבֶל֮	894	HNp
Jer 35:11	אֶל	413	HR
Jer 35:11	הָ/אָרֶץ֒	d/776	HTd/Ncbsa
Jer 35:11	וַ/נֹּ֗אמֶר	c/559	HC/Vqw1cp
Jer 35:11	בֹּ֚אוּ	935	HVqv2mp
Jer 35:11	וְ/נָב֣וֹא	c/935	HC/Vqi1cp
Jer 35:11	יְרוּשָׁלִַ֔ם	3389	HNp
Jer 35:11	מִ/פְּנֵי֙	m/6440	HR/Ncbpc
Jer 35:11	חֵ֣יל	2428	HNcmsc
Jer 35:11	הַ/כַּשְׂדִּ֔ים	d/3778	HTd/Np
Jer 35:11	וּ/מִ/פְּנֵ֖י	c/m/6440	HC/R/Ncbpc
Jer 35:11	חֵ֣יל	2428	HNcmsc
Jer 35:11	אֲרָ֑ם	758	HNp
Jer 35:11	וַ/נֵּ֖שֶׁב	c/3427	HC/Vqw1cp
Jer 35:11	בִּ/ירוּשָׁלִָֽם	b/3389	HR/Np
Jer 35:12	וַֽ/יְהִי֙	c/1961	HC/Vqw3ms
Jer 35:12	דְּבַר	1697	HNcmsc
Jer 35:12	יְהוָ֔ה	3068	HNp
Jer 35:12	אֶֽל	413	HR
Jer 35:12	יִרְמְיָ֖הוּ	3414	HNp
Jer 35:12	לֵ/אמֹֽר	l/559	HR/Vqc
Jer 35:13	כֹּֽה	3541	HD
Jer 35:13	אָמַ֞ר	559	HVqp3ms
Jer 35:13	יְהוָ֤ה	3068	HNp
Jer 35:13	צְבָאוֹת֙	6635 b	HNcbpa
Jer 35:13	אֱלֹהֵ֣י	430	HNcmpc
Jer 35:13	יִשְׂרָאֵ֔ל	3478	HNp
Jer 35:13	הָלֹ֤ךְ	1980	HVqa
Jer 35:13	וְ/אָֽמַרְתָּ֙	c/559	HC/Vqq2ms
Jer 35:13	לְ/אִ֣ישׁ	l/376	HR/Ncmsc
Jer 35:13	יְהוּדָ֔ה	3063	HNp
Jer 35:13	וּ/לְ/יֽוֹשְׁבֵ֖י	c/l/3427	HC/R/Vqrmpc
Jer 35:13	יְרֽוּשָׁלִָ֑ם	3389	HNp
Jer 35:13	הֲ/ל֨וֹא	i/3808	HTi/Tn
Jer 35:13	תִקְח֥וּ	3947	HVqi2mp
Jer 35:13	מוּסָ֛ר	4148	HNcmsa
Jer 35:13	לִ/שְׁמֹ֥עַ	l/8085	HR/Vqc
Jer 35:13	אֶל	413	HR
Jer 35:13	דְּבָרַ֖/י	1697	HNcmpc/Sp1cs
Jer 35:13	נְאֻם	5002	HNcmsc
Jer 35:13	יְהוָֽה	3068	HNp
Jer 35:14	הוּקַ֡ם	6965 b	HVHp3ms
Jer 35:14	אֶת	853	HTo
Jer 35:14	דִּבְרֵ֣י	1697	HNcmpc
Jer 35:14	יְהוֹנָדָ֣ב	3082	HNp
Jer 35:14	בֶּן	1121 a	HNcmsc
Jer 35:14	רֵ֠כָב	7394	HNp
Jer 35:14	אֲשֶׁר	834 a	HTr
Jer 35:14	צִוָּ֨ה	6680	HVpp3ms
Jer 35:14	אֶת	853	HTo
Jer 35:14	בָּנָ֜י/ו	1121 a	HNcmpc/Sp3ms
Jer 35:14	לְ/בִלְתִּ֣י	l/1115	HR/C
Jer 35:14	שְׁתֽוֹת	8354	HVqc
Jer 35:14	יַ֗יִן	3196	HNcmsa
Jer 35:14	וְ/לֹ֤א	c/3808	HC/Tn
Jer 35:14	שָׁתוּ֙	8354	HVqp3cp
Jer 35:14	עַד	5704	HR
Jer 35:14	הַ/יּ֣וֹם	d/3117	HTd/Ncmsa
Jer 35:14	הַ/זֶּ֔ה	d/2088	HTd/Pdxms
Jer 35:14	כִּ֣י	3588 a	HC
Jer 35:14	שָֽׁמְע֔וּ	8085	HVqp3cp
Jer 35:14	אֵ֖ת	853	HTo
Jer 35:14	מִצְוַ֣ת	4687	HNcfsc
Jer 35:14	אֲבִי/הֶ֑ם	1	HNcmsc/Sp3mp
Jer 35:14	וְ/אָ֨נֹכִ֜י	c/595	HC/Pp1cs
Jer 35:14	דִּבַּ֤רְתִּי	1696	HVpp1cs
Jer 35:14	אֲלֵי/כֶם֙	413	HR/Sp2mp
Jer 35:14	הַשְׁכֵּ֣ם	7925	HVha
Jer 35:14	וְ/דַבֵּ֔ר	c/1696	HC/Vpa
Jer 35:14	וְ/לֹ֥א	c/3808	HC/Tn
Jer 35:14	שְׁמַעְתֶּ֖ם	8085	HVqp2mp
Jer 35:14	אֵלָֽ/י	413	HR/Sp1cs
Jer 35:15	וָ/אֶשְׁלַ֣ח	c/7971	HC/Vqw1cs
Jer 35:15	אֲלֵי/כֶ֣ם	413	HR/Sp2mp
Jer 35:15	אֶת	853	HTo
Jer 35:15	כָּל	3605	HNcmsc
Jer 35:15	עֲבָדַ֣/י	5650	HNcmpc/Sp1cs
Jer 35:15	הַ/נְּבִאִ֣ים	d/5030	HTd/Ncmpa
Jer 35:15	הַשְׁכֵּ֣ים	7925	HVha
Jer 35:15	וְ/שָׁלֹ֣חַ	c/7971	HC/Vqa
Jer 35:15	לֵ/אמֹ֡ר	l/559	HR/Vqc
Jer 35:15	שֻׁבוּ	7725	HVqv2mp
Jer 35:15	נָ֡א	4994	HTe
Jer 35:15	אִישׁ֩	376	HNcmsa
Jer 35:15	מִ/דַּרְכּ֨/וֹ	m/1870	HR/Ncbsc/Sp3ms
Jer 35:15	הָ/רָעָ֜ה	d/7451 a	HTd/Aafsa
Jer 35:15	וְ/הֵיטִ֣יבוּ	c/3190	HC/Vhv2mp
Jer 35:15	מַֽעַלְלֵי/כֶ֗ם	4611	HNcmpc/Sp2mp
Jer 35:15	וְ/אַל	c/408	HC/Tn
Jer 35:15	תֵּ֨לְכ֜וּ	3212	HVqj2mp
Jer 35:15	אַחֲרֵ֨י	310 a	HR
Jer 35:15	אֱלֹהִ֤ים	430	HNcmpa
Jer 35:15	אֲחֵרִים֙	312	HAampa
Jer 35:15	לְ/עָבְדָ֔/ם	l/5647	HR/Vqc/Sp3mp
Jer 35:15	וּ/שְׁבוּ֙	c/3427	HC/Vqv2mp
Jer 35:15	אֶל	413	HR
Jer 35:15	הָ֣/אֲדָמָ֔ה	d/127	HTd/Ncfsa
Jer 35:15	אֲשֶׁר	834 a	HTr
Jer 35:15	נָתַ֥תִּי	5414	HVqp1cs
Jer 35:15	לָ/כֶ֖ם	l	HR/Sp2mp
Jer 35:15	וְ/לַ/אֲבֹֽתֵי/כֶ֑ם	c/l/1	HC/R/Ncmpc/Sp2mp
Jer 35:15	וְ/לֹ֤א	c/3808	HC/Tn
Jer 35:15	הִטִּיתֶם֙	5186	HVhp2mp
Jer 35:15	אֶֽת	853	HTo
Jer 35:15	אָזְנְ/כֶ֔ם	241	HNcfsc/Sp2mp
Jer 35:15	וְ/לֹ֥א	c/3808	HC/Tn
Jer 35:15	שְׁמַעְתֶּ֖ם	8085	HVqp2mp
Jer 35:15	אֵלָֽ/י	413	HR/Sp1cs
Jer 35:16	כִּ֣י	3588 a	HC
Jer 35:16	הֵקִ֗ימוּ	6965 b	HVhp3cp
Jer 35:16	בְּנֵי֙	1121 a	HNcmpc
Jer 35:16	יְהוֹנָדָ֣ב	3082	HNp
Jer 35:16	בֶּן	1121 a	HNcmsc
Jer 35:16	רֵכָ֔ב	7394	HNp
Jer 35:16	אֶת	853	HTo
Jer 35:16	מִצְוַ֥ת	4687	HNcfsc
Jer 35:16	אֲבִי/הֶ֖ם	1	HNcmsc/Sp3mp
Jer 35:16	אֲשֶׁ֣ר	834 a	HTr
Jer 35:16	צִוָּ֑/ם	6680	HVpp3ms/Sp3mp
Jer 35:16	וְ/הָ/עָ֣ם	c/d/5971 a	HC/Td/Ncmsa
Jer 35:16	הַ/זֶּ֔ה	d/2088	HTd/Pdxms
Jer 35:16	לֹ֥א	3808	HTn
Jer 35:16	שָׁמְע֖וּ	8085	HVqp3cp
Jer 35:16	אֵלָֽ/י	413	HR/Sp1cs
Jer 35:17	לָ֠/כֵן	l/3651 c	HR/D
Jer 35:17	כֹּֽה	3541	HD
Jer 35:17	אָמַ֨ר	559	HVqp3ms
Jer 35:17	יְהוָ֜ה	3068	HNp
Jer 35:17	אֱלֹהֵ֤י	430	HNcmpc
Jer 35:17	צְבָאוֹת֙	6635 b	HNcbpa
Jer 35:17	אֱלֹהֵ֣י	430	HNcmpc
Jer 35:17	יִשְׂרָאֵ֔ל	3478	HNp
Jer 35:17	הִנְ/נִ֧י	2005	HTm/Sp1cs
Jer 35:17	מֵבִ֣יא	935	HVhrmsa
Jer 35:17	אֶל	413	HR
Jer 35:17	יְהוּדָ֗ה	3063	HNp
Jer 35:17	וְ/אֶ֤ל	c/413	HC/R
Jer 35:17	כָּל	3605	HNcmsc
Jer 35:17	יֽוֹשְׁבֵי֙	3427	HVqrmpc
Jer 35:17	יְר֣וּשָׁלִַ֔ם	3389	HNp
Jer 35:17	אֵ֚ת	853	HTo
Jer 35:17	כָּל	3605	HNcmsc
Jer 35:17	הָ֣/רָעָ֔ה	d/7451 c	HTd/Ncfsa
Jer 35:17	אֲשֶׁ֥ר	834 a	HTr
Jer 35:17	דִּבַּ֖רְתִּי	1696	HVpp1cs
Jer 35:17	עֲלֵי/הֶ֑ם	5921 a	HR/Sp3mp
Jer 35:17	יַ֣עַן	3282	HC
Jer 35:17	דִּבַּ֤רְתִּי	1696	HVpp1cs
Jer 35:17	אֲלֵי/הֶם֙	413	HR/Sp3mp
Jer 35:17	וְ/לֹ֣א	c/3808	HC/Tn
Jer 35:17	שָׁמֵ֔עוּ	8085	HVqp3cp
Jer 35:17	וָ/אֶקְרָ֥א	c/7121	HC/Vqw1cs
Jer 35:17	לָ/הֶ֖ם	l	HR/Sp3mp
Jer 35:17	וְ/לֹ֥א	c/3808	HC/Tn
Jer 35:17	עָנֽוּ	6030 b	HVqp3cp
Jer 35:18	וּ/לְ/בֵ֨ית	c/l/1004 b	HC/R/Ncmsc
Jer 35:18	הָ/רֵכָבִ֜ים	d/7397 a	HTd/Ngmsa
Jer 35:18	אָמַ֣ר	559	HVqp3ms
Jer 35:18	יִרְמְיָ֗הוּ	3414	HNp
Jer 35:18	כֹּֽה	3541	HD
Jer 35:18	אָמַ֞ר	559	HVqp3ms
Jer 35:18	יְהוָ֤ה	3068	HNp
Jer 35:18	צְבָאוֹת֙	6635 b	HNcbpa
Jer 35:18	אֱלֹהֵ֣י	430	HNcmpc
Jer 35:18	יִשְׂרָאֵ֔ל	3478	HNp
Jer 35:18	יַ֚עַן	3282	HC
Jer 35:18	אֲשֶׁ֣ר	834 a	HTr
Jer 35:18	שְׁמַעְתֶּ֔ם	8085	HVqp2mp
Jer 35:18	עַל	5921 a	HR
Jer 35:18	מִצְוַ֖ת	4687	HNcfsc
Jer 35:18	יְהוֹנָדָ֣ב	3082	HNp
Jer 35:18	אֲבִי/כֶ֑ם	1	HNcmsc/Sp2mp
Jer 35:18	וַֽ/תִּשְׁמְרוּ֙	c/8104	HC/Vqw2mp
Jer 35:18	אֶת	853	HTo
Jer 35:18	כָּל	3605	HNcmsc
Jer 35:18	מִצְוֺתָ֔י/ו	4687	HNcfpc/Sp3ms
Jer 35:18	וַֽ/תַּעֲשׂ֔וּ	c/6213 a	HC/Vqw2mp
Jer 35:18	כְּ/כֹ֥ל	k/3605	HR/Ncmsa
Jer 35:18	אֲשֶׁר	834 a	HTr
Jer 35:18	צִוָּ֖ה	6680	HVpp3ms
Jer 35:18	אֶתְ/כֶֽם	853	HTo/Sp2mp
Jer 35:19	לָ/כֵ֗ן	l/3651 c	HR/D
Jer 35:19	כֹּ֥ה	3541	HD
Jer 35:19	אָמַ֛ר	559	HVqp3ms
Jer 35:19	יְהוָ֥ה	3068	HNp
Jer 35:19	צְבָא֖וֹת	6635 b	HNcbpa
Jer 35:19	אֱלֹהֵ֣י	430	HNcmpc
Jer 35:19	יִשְׂרָאֵ֑ל	3478	HNp
Jer 35:19	לֹֽא	3808	HTn
Jer 35:19	יִכָּרֵ֨ת	3772	HVNi3ms
Jer 35:19	אִ֜ישׁ	376	HNcmsa
Jer 35:19	לְ/יוֹנָדָ֧ב	l/3122	HR/Np
Jer 35:19	בֶּן	1121 a	HNcmsc
Jer 35:19	רֵכָ֛ב	7394	HNp
Jer 35:19	עֹמֵ֥ד	5975	HVqrmsa
Jer 35:19	לְ/פָנַ֖/י	l/6440	HR/Ncbpc/Sp1cs
Jer 35:19	כָּל	3605	HNcmsc
Jer 35:19	הַ/יָּמִֽים	d/3117	HTd/Ncmpa
Jer 36:1	וַֽ/יְהִי֙	c/1961	HC/Vqw3ms
Jer 36:1	בַּ/שָּׁנָ֣ה	b/8141	HRd/Ncfsa
Jer 36:1	הָ/רְבִיעִ֔ת	d/7243	HTd/Aofsa
Jer 36:1	לִ/יהוֹיָקִ֥ים	l/3079	HR/Np
Jer 36:1	בֶּן	1121 a	HNcmsc
Jer 36:1	יֹאשִׁיָּ֖הוּ	2977	HNp
Jer 36:1	מֶ֣לֶךְ	4428	HNcmsc
Jer 36:1	יְהוּדָ֑ה	3063	HNp
Jer 36:1	הָיָ֞ה	1961	HVqp3ms
Jer 36:1	הַ/דָּבָ֤ר	d/1697	HTd/Ncmsa
Jer 36:1	הַ/זֶּה֙	d/2088	HTd/Pdxms
Jer 36:1	אֶֽל	413	HR
Jer 36:1	יִרְמְיָ֔הוּ	3414	HNp
Jer 36:1	מֵ/אֵ֥ת	m/854	HR/R
Jer 36:1	יְהוָ֖ה	3068	HNp
Jer 36:1	לֵ/אמֹֽר	l/559	HR/Vqc
Jer 36:2	קַח	3947	HVqv2ms
Jer 36:2	לְ/ךָ֮	l	HR/Sp2ms
Jer 36:2	מְגִלַּת	4039	HNcfsc
Jer 36:2	סֵפֶר֒	5612 a	HNcmsa
Jer 36:2	וְ/כָתַבְתָּ֣	c/3789	HC/Vqq2ms
Jer 36:2	אֵלֶ֗י/הָ	413	HR/Sp3fs
Jer 36:2	אֵ֣ת	853	HTo
Jer 36:2	כָּל	3605	HNcmsc
Jer 36:2	הַ/דְּבָרִ֞ים	d/1697	HTd/Ncmpa
Jer 36:2	אֲשֶׁר	834 a	HTr
Jer 36:2	דִּבַּ֧רְתִּי	1696	HVpp1cs
Jer 36:2	אֵלֶ֛י/ךָ	413	HR/Sp2ms
Jer 36:2	עַל	5921 a	HR
Jer 36:2	יִשְׂרָאֵ֥ל	3478	HNp
Jer 36:2	וְ/עַל	c/5921 a	HC/R
Jer 36:2	יְהוּדָ֖ה	3063	HNp
Jer 36:2	וְ/עַל	c/5921 a	HC/R
Jer 36:2	כָּל	3605	HNcmsc
Jer 36:2	הַ/גּוֹיִ֑ם	d/1471 a	HTd/Ncmpa
Jer 36:2	מִ/יּ֞וֹם	m/3117	HR/Ncmsa
Jer 36:2	דִּבַּ֤רְתִּי	1696	HVpp1cs
Jer 36:2	אֵלֶ֨י/ךָ֙	413	HR/Sp2ms
Jer 36:2	מִ/ימֵ֣י	m/3117	HR/Ncmpc
Jer 36:2	יֹאשִׁיָּ֔הוּ	2977	HNp
Jer 36:2	וְ/עַ֖ד	c/5704	HC/R
Jer 36:2	הַ/יּ֥וֹם	d/3117	HTd/Ncmsa
Jer 36:2	הַ/זֶּֽה	d/2088	HTd/Pdxms
Jer 36:3	אוּלַ֤י	194	HD
Jer 36:3	יִשְׁמְעוּ֙	8085	HVqi3mp
Jer 36:3	בֵּ֣ית	1004 b	HNcmsc
Jer 36:3	יְהוּדָ֔ה	3063	HNp
Jer 36:3	אֵ֚ת	853	HTo
Jer 36:3	כָּל	3605	HNcmsc
Jer 36:3	הָ֣/רָעָ֔ה	d/7451 c	HTd/Ncfsa
Jer 36:3	אֲשֶׁ֛ר	834 a	HTr
Jer 36:3	אָנֹכִ֥י	595	HPp1cs
Jer 36:3	חֹשֵׁ֖ב	2803	HVqrmsa
Jer 36:3	לַ/עֲשׂ֣וֹת	l/6213 a	HR/Vqc
Jer 36:3	לָ/הֶ֑ם	l	HR/Sp3mp
Jer 36:3	לְמַ֣עַן	4616	HR
Jer 36:3	יָשׁ֗וּבוּ	7725	HVqi3mp
Jer 36:3	אִ֚ישׁ	376	HNcmsa
Jer 36:3	מִ/דַּרְכּ֣/וֹ	m/1870	HR/Ncbsc/Sp3ms
Jer 36:3	הָ/רָעָ֔ה	d/7451 a	HTd/Aafsa
Jer 36:3	וְ/סָלַחְתִּ֥י	c/5545	HC/Vqq1cs
Jer 36:3	לַ/עֲוֺנָ֖/ם	l/5771	HR/Ncbsc/Sp3mp
Jer 36:3	וּ/לְ/חַטָּאתָֽ/ם	c/l/2403 b	HC/R/Ncfsc/Sp3mp
Jer 36:4	וַ/יִּקְרָ֣א	c/7121	HC/Vqw3ms
Jer 36:4	יִרְמְיָ֔הוּ	3414	HNp
Jer 36:4	אֶת	853	HTo
Jer 36:4	בָּר֖וּךְ	1263	HNp
Jer 36:4	בֶּן	1121 a	HNcmsc
Jer 36:4	נֵֽרִיָּ֑ה	5374	HNp
Jer 36:4	וַ/יִּכְתֹּ֨ב	c/3789	HC/Vqw3ms
Jer 36:4	בָּר֜וּךְ	1263	HNp
Jer 36:4	מִ/פִּ֣י	m/6310	HR/Ncmsc
Jer 36:4	יִרְמְיָ֗הוּ	3414	HNp
Jer 36:4	אֵ֣ת	853	HTo
Jer 36:4	כָּל	3605	HNcmsc
Jer 36:4	דִּבְרֵ֧י	1697	HNcmpc
Jer 36:4	יְהוָ֛ה	3068	HNp
Jer 36:4	אֲשֶׁר	834 a	HTr
Jer 36:4	דִּבֶּ֥ר	1696	HVpp3ms
Jer 36:4	אֵלָ֖י/ו	413	HR/Sp3ms
Jer 36:4	עַל	5921 a	HR
Jer 36:4	מְגִלַּת	4039	HNcfsc
Jer 36:4	סֵֽפֶר	5612 a	HNcmsa
Jer 36:5	וַ/יְצַוֶּ֣ה	c/6680	HC/Vpw3ms
Jer 36:5	יִרְמְיָ֔הוּ	3414	HNp
Jer 36:5	אֶת	853	HTo
Jer 36:5	בָּר֖וּךְ	1263	HNp
Jer 36:5	לֵ/אמֹ֑ר	l/559	HR/Vqc
Jer 36:5	אֲנִ֣י	589	HPp1cs
Jer 36:5	עָצ֔וּר	6113	HVqsmsa
Jer 36:5	לֹ֣א	3808	HTn
Jer 36:5	אוּכַ֔ל	3201	HVqi1cs
Jer 36:5	לָ/ב֖וֹא	l/935	HR/Vqc
Jer 36:5	בֵּ֥ית	1004 b	HNcmsc
Jer 36:5	יְהוָֽה	3068	HNp
Jer 36:6	וּ/בָאתָ֣	c/935	HC/Vqq2ms
Jer 36:6	אַתָּ֡ה	859 a	HPp2ms
Jer 36:6	וְ/קָרָ֣אתָ	c/7121	HC/Vqq2ms
Jer 36:6	בַ/מְּגִלָּ֣ה	b/4039	HRd/Ncfsa
Jer 36:6	אֲשֶׁר	834 a	HTr
Jer 36:6	כָּתַֽבְתָּ	3789	HVqp2ms
Jer 36:6	מִ/פִּ/י֩	m/6310	HR/Ncmsc/Sp1cs
Jer 36:6	אֶת	853	HTo
Jer 36:6	דִּבְרֵ֨י	1697	HNcmpc
Jer 36:6	יְהוָ֜ה	3068	HNp
Jer 36:6	בְּ/אָזְנֵ֥י	b/241	HR/Ncfdc
Jer 36:6	הָ/עָ֛ם	d/5971 a	HTd/Ncmsa
Jer 36:6	בֵּ֥ית	1004 b	HNcmsc
Jer 36:6	יְהוָ֖ה	3068	HNp
Jer 36:6	בְּ/י֣וֹם	b/3117	HR/Ncmsc
Jer 36:6	צ֑וֹם	6685	HNcmsa
Jer 36:6	וְ/גַ֨ם	c/1571	HC/Ta
Jer 36:6	בְּ/אָזְנֵ֧י	b/241	HR/Ncfdc
Jer 36:6	כָל	3605	HNcmsc
Jer 36:6	יְהוּדָ֛ה	3063	HNp
Jer 36:6	הַ/בָּאִ֥ים	d/935	HTd/Vqrmpa
Jer 36:6	מֵ/עָרֵי/הֶ֖ם	m/5892 b	HR/Ncfpc/Sp3mp
Jer 36:6	תִּקְרָאֵֽ/ם	7121	HVqi2ms/Sp3mp
Jer 36:7	אוּלַ֞י	194	HD
Jer 36:7	תִּפֹּ֤ל	5307	HVqi3fs
Jer 36:7	תְּחִנָּתָ/ם֙	8467	HNcfsc/Sp3mp
Jer 36:7	לִ/פְנֵ֣י	l/6440	HR/Ncbpc
Jer 36:7	יְהוָ֔ה	3068	HNp
Jer 36:7	וְ/יָשֻׁ֕בוּ	c/7725	HC/Vqi3mp
Jer 36:7	אִ֖ישׁ	376	HNcmsa
Jer 36:7	מִ/דַּרְכּ֣/וֹ	m/1870	HR/Ncbsc/Sp3ms
Jer 36:7	הָ/רָעָ֑ה	d/7451 a	HTd/Aafsa
Jer 36:7	כִּֽי	3588 a	HC
Jer 36:7	גָד֤וֹל	1419 a	HAamsa
Jer 36:7	הָ/אַף֙	d/639	HTd/Ncmsa
Jer 36:7	וְ/הַ֣/חֵמָ֔ה	c/d/2534	HC/Td/Ncfsa
Jer 36:7	אֲשֶׁר	834 a	HTr
Jer 36:7	דִּבֶּ֥ר	1696	HVpp3ms
Jer 36:7	יְהוָ֖ה	3068	HNp
Jer 36:7	אֶל	413	HR
Jer 36:7	הָ/עָ֥ם	d/5971 a	HTd/Ncmsa
Jer 36:7	הַ/זֶּֽה	d/2088	HTd/Pdxms
Jer 36:8	וַ/יַּ֗עַשׂ	c/6213 a	HC/Vqw3ms
Jer 36:8	בָּרוּךְ֙	1263	HNp
Jer 36:8	בֶּן	1121 a	HNcmsc
Jer 36:8	נֵ֣רִיָּ֔ה	5374	HNp
Jer 36:8	כְּ/כֹ֥ל	k/3605	HR/Ncmsa
Jer 36:8	אֲשֶׁר	834 a	HTr
Jer 36:8	צִוָּ֖/הוּ	6680	HVpp3ms/Sp3ms
Jer 36:8	יִרְמְיָ֣הוּ	3414	HNp
Jer 36:8	הַ/נָּבִ֑יא	d/5030	HTd/Ncmsa
Jer 36:8	לִ/קְרֹ֥א	l/7121	HR/Vqc
Jer 36:8	בַ/סֵּ֛פֶר	b/5612 a	HRd/Ncmsa
Jer 36:8	דִּבְרֵ֥י	1697	HNcmpc
Jer 36:8	יְהוָ֖ה	3068	HNp
Jer 36:8	בֵּ֥ית	1004 b	HNcmsc
Jer 36:8	יְהֹוָֽה	3068	HNp
Jer 36:9	וַ/יְהִ֣י	c/1961	HC/Vqw3ms
Jer 36:9	בַ/שָּׁנָ֣ה	b/8141	HRd/Ncfsa
Jer 36:9	הַ֠/חֲמִשִׁית	d/2549	HTd/Aofsa
Jer 36:9	לִ/יהוֹיָקִ֨ים	l/3079	HR/Np
Jer 36:9	בֶּן	1121 a	HNcmsc
Jer 36:9	יֹאשִׁיָּ֤הוּ	2977	HNp
Jer 36:9	מֶֽלֶךְ	4428	HNcmsc
Jer 36:9	יְהוּדָה֙	3063	HNp
Jer 36:9	בַּ/חֹ֣דֶשׁ	b/2320	HRd/Ncmsa
Jer 36:9	הַ/תְּשִׁעִ֔י	d/8671	HTd/Aomsa
Jer 36:9	קָרְא֨וּ	7121	HVqp3cp
Jer 36:9	צ֜וֹם	6685	HNcmsa
Jer 36:9	לִ/פְנֵ֧י	l/6440	HR/Ncbpc
Jer 36:9	יְהוָ֛ה	3068	HNp
Jer 36:9	כָּל	3605	HNcmsc
Jer 36:9	הָ/עָ֖ם	d/5971 a	HTd/Ncmsa
Jer 36:9	בִּ/ירֽוּשָׁלִָ֑ם	b/3389	HR/Np
Jer 36:9	וְ/כָל	c/3605	HC/Ncmsc
Jer 36:9	הָ/עָ֗ם	d/5971 a	HTd/Ncmsa
Jer 36:9	הַ/בָּאִ֛ים	d/935	HTd/Vqrmpa
Jer 36:9	מֵ/עָרֵ֥י	m/5892 b	HR/Ncfpc
Jer 36:9	יְהוּדָ֖ה	3063	HNp
Jer 36:9	בִּ/ירוּשָׁלִָֽם	b/3389	HR/Np
Jer 36:10	וַ/יִּקְרָ֨א	c/7121	HC/Vqw3ms
Jer 36:10	בָר֥וּךְ	1263	HNp
Jer 36:10	בַּ/סֵּ֛פֶר	b/5612 a	HRd/Ncmsa
Jer 36:10	אֶת	853	HTo
Jer 36:10	דִּבְרֵ֥י	1697	HNcmpc
Jer 36:10	יִרְמְיָ֖הוּ	3414	HNp
Jer 36:10	בֵּ֣ית	1004 b	HNcmsc
Jer 36:10	יְהוָ֑ה	3068	HNp
Jer 36:10	בְּ/לִשְׁכַּ֡ת	b/3957	HR/Ncfsc
Jer 36:10	גְּמַרְיָהוּ֩	1587	HNp
Jer 36:10	בֶן	1121 a	HNcmsc
Jer 36:10	שָׁפָ֨ן	8227 b	HNp
Jer 36:10	הַ/סֹּפֵ֜ר	d/5608 b	HTd/Ncmsa
Jer 36:10	בֶּ/חָצֵ֣ר	b/2691 a	HRd/Ncbsa
Jer 36:10	הָ/עֶלְי֗וֹן	d/5945 a	HTd/Aamsa
Jer 36:10	פֶּ֣תַח	6607	HNcmsc
Jer 36:10	שַׁ֤עַר	8179	HNcmsc
Jer 36:10	בֵּית	1004 b	HNcmsc
Jer 36:10	יְהוָה֙	3068	HNp
Jer 36:10	הֶֽ/חָדָ֔שׁ	d/2319	HTd/Aamsa
Jer 36:10	בְּ/אָזְנֵ֖י	b/241	HR/Ncfdc
Jer 36:10	כָּל	3605	HNcmsc
Jer 36:10	הָ/עָֽם	d/5971 a	HTd/Ncmsa
Jer 36:11	וַ֠/יִּשְׁמַ֗ע	c/8085	HC/Vqw3ms
Jer 36:11	מִכָ֨יְהוּ	4321	HNp
Jer 36:11	בֶן	1121 a	HNcmsc
Jer 36:11	גְּמַרְיָ֧הוּ	1587	HNp
Jer 36:11	בֶן	1121 a	HNcmsc
Jer 36:11	שָׁפָ֛ן	8227 b	HNp
Jer 36:11	אֶת	853	HTo
Jer 36:11	כָּל	3605	HNcmsc
Jer 36:11	דִּבְרֵ֥י	1697	HNcmpc
Jer 36:11	יְהוָ֖ה	3068	HNp
Jer 36:11	מֵ/עַ֥ל	m/5921 a	HR/R
Jer 36:11	הַ/סֵּֽפֶר	d/5612 a	HTd/Ncmsa
Jer 36:12	וַ/יֵּ֤רֶד	c/3381	HC/Vqw3ms
Jer 36:12	בֵּית	1004 b	HNcmsc
Jer 36:12	הַ/מֶּ֨לֶךְ֙	d/4428	HTd/Ncmsa
Jer 36:12	עַל	5921 a	HR
Jer 36:12	לִשְׁכַּ֣ת	3957	HNcfsc
Jer 36:12	הַ/סֹּפֵ֔ר	d/5608 b	HTd/Ncmsa
Jer 36:12	וְ/הִ֨נֵּה	c/2009	HC/Tm
Jer 36:12	שָׁ֔ם	8033	HD
Jer 36:12	כָּל	3605	HNcmsc
Jer 36:12	הַ/שָּׂרִ֖ים	d/8269	HTd/Ncmpa
Jer 36:12	יֽוֹשְׁבִ֑ים	3427	HVqrmpa
Jer 36:12	אֱלִישָׁמָ֣ע	476	HNp
Jer 36:12	הַ/סֹּפֵ֡ר	d/5608 b	HTd/Ncmsa
Jer 36:12	וּ/דְלָיָ֣הוּ	c/1806	HC/Np
Jer 36:12	בֶן	1121 a	HNcmsc
Jer 36:12	שְׁ֠מַעְיָהוּ	8098	HNp
Jer 36:12	וְ/אֶלְנָתָ֨ן	c/494	HC/Np
Jer 36:12	בֶּן	1121 a	HNcmsc
Jer 36:12	עַכְבּ֜וֹר	5907	HNp
Jer 36:12	וּ/גְמַרְיָ֧הוּ	c/1587	HC/Np
Jer 36:12	בֶן	1121 a	HNcmsc
Jer 36:12	שָׁפָ֛ן	8227 b	HNp
Jer 36:12	וְ/צִדְקִיָּ֥הוּ	c/6667	HC/Np
Jer 36:12	בֶן	1121 a	HNcmsc
Jer 36:12	חֲנַנְיָ֖הוּ	2608 a	HNp
Jer 36:12	וְ/כָל	c/3605	HC/Ncmsc
Jer 36:12	הַ/שָּׂרִֽים	d/8269	HTd/Ncmpa
Jer 36:13	וַ/יַּגֵּ֤ד	c/5046	HC/Vhw3ms
Jer 36:13	לָ/הֶם֙	l	HR/Sp3mp
Jer 36:13	מִכָ֔יְהוּ	4321	HNp
Jer 36:13	אֵ֥ת	853	HTo
Jer 36:13	כָּל	3605	HNcmsc
Jer 36:13	הַ/דְּבָרִ֖ים	d/1697	HTd/Ncmpa
Jer 36:13	אֲשֶׁ֣ר	834 a	HTr
Jer 36:13	שָׁמֵ֑עַ	8085	HVqp3ms
Jer 36:13	בִּ/קְרֹ֥א	b/7121	HR/Vqc
Jer 36:13	בָר֛וּךְ	1263	HNp
Jer 36:13	בַּ/סֵּ֖פֶר	b/5612 a	HRd/Ncmsa
Jer 36:13	בְּ/אָזְנֵ֥י	b/241	HR/Ncfdc
Jer 36:13	הָ/עָֽם	d/5971 a	HTd/Ncmsa
Jer 36:14	וַ/יִּשְׁלְח֨וּ	c/7971	HC/Vqw3mp
Jer 36:14	כָל	3605	HNcmsc
Jer 36:14	הַ/שָּׂרִ֜ים	d/8269	HTd/Ncmpa
Jer 36:14	אֶל	413	HR
Jer 36:14	בָּר֗וּךְ	1263	HNp
Jer 36:14	אֶת	853	HTo
Jer 36:14	יְהוּדִ֡י	3065	HNp
Jer 36:14	בֶּן	1121 a	HNcmsc
Jer 36:14	נְ֠תַנְיָהוּ	5418	HNp
Jer 36:14	בֶּן	1121 a	HNcmsc
Jer 36:14	שֶׁלֶמְיָ֣הוּ	8018	HNp
Jer 36:14	בֶן	1121 a	HNcmsc
Jer 36:14	כּוּשִׁי֮	3570	HNp
Jer 36:14	לֵ/אמֹר֒	l/559	HR/Vqc
Jer 36:14	הַ/מְּגִלָּ֗ה	d/4039	HTd/Ncfsa
Jer 36:14	אֲשֶׁ֨ר	834 a	HTr
Jer 36:14	קָרָ֤אתָ	7121	HVqp2ms
Jer 36:14	בָּ/הּ֙	b	HR/Sp3fs
Jer 36:14	בְּ/אָזְנֵ֣י	b/241	HR/Ncfdc
Jer 36:14	הָ/עָ֔ם	d/5971 a	HTd/Ncmsa
Jer 36:14	קָחֶ֥/נָּה	3947	HVqv2ms/Sp3fs
Jer 36:14	בְ/יָדְ/ךָ֖	b/3027	HR/Ncbsc/Sp2ms
Jer 36:14	וָ/לֵ֑ךְ	c/3212	HC/Vqv2ms
Jer 36:14	וַ֠/יִּקַּח	c/3947	HC/Vqw3ms
Jer 36:14	בָּר֨וּךְ	1263	HNp
Jer 36:14	בֶּן	1121 a	HNcmsc
Jer 36:14	נֵרִיָּ֤הוּ	5374	HNp
Jer 36:14	אֶת	853	HTo
Jer 36:14	הַ/מְּגִלָּה֙	d/4039	HTd/Ncfsa
Jer 36:14	בְּ/יָד֔/וֹ	b/3027	HR/Ncbsc/Sp3ms
Jer 36:14	וַ/יָּבֹ֖א	c/935	HC/Vqw3ms
Jer 36:14	אֲלֵי/הֶֽם	413	HR/Sp3mp
Jer 36:15	וַ/יֹּאמְר֣וּ	c/559	HC/Vqw3mp
Jer 36:15	אֵלָ֔י/ו	413	HR/Sp3ms
Jer 36:15	שֵׁ֣ב	3427	HVqv2ms
Jer 36:15	נָ֔א	4994	HTe
Jer 36:15	וּ/קְרָאֶ֖/נָּה	c/7121	HC/Vqv2ms/Sp3fs
Jer 36:15	בְּ/אָזְנֵ֑י/נוּ	b/241	HR/Ncfdc/Sp1cp
Jer 36:15	וַ/יִּקְרָ֥א	c/7121	HC/Vqw3ms
Jer 36:15	בָר֖וּךְ	1263	HNp
Jer 36:15	בְּ/אָזְנֵי/הֶֽם	b/241	HR/Ncfdc/Sp3mp
Jer 36:16	וַ/יְהִ֗י	c/1961	HC/Vqw3ms
Jer 36:16	כְּ/שָׁמְעָ/ם֙	k/8085	HR/Vqc/Sp3mp
Jer 36:16	אֶת	853	HTo
Jer 36:16	כָּל	3605	HNcmsc
Jer 36:16	הַ/דְּבָרִ֔ים	d/1697	HTd/Ncmpa
Jer 36:16	פָּחֲד֖וּ	6342	HVqp3cp
Jer 36:16	אִ֣ישׁ	376	HNcmsa
Jer 36:16	אֶל	413	HR
Jer 36:16	רֵעֵ֑/הוּ	7453	HNcmsc/Sp3ms
Jer 36:16	וַ/יֹּֽאמְרוּ֙	c/559	HC/Vqw3mp
Jer 36:16	אֶל	413	HR
Jer 36:16	בָּר֔וּךְ	1263	HNp
Jer 36:16	הַגֵּ֤יד	5046	HVha
Jer 36:16	נַגִּיד֙	5046	HVhi1cp
Jer 36:16	לַ/מֶּ֔לֶךְ	l/4428	HRd/Ncmsa
Jer 36:16	אֵ֥ת	853	HTo
Jer 36:16	כָּל	3605	HNcmsc
Jer 36:16	הַ/דְּבָרִ֖ים	d/1697	HTd/Ncmpa
Jer 36:16	הָ/אֵֽלֶּה	d/428	HTd/Pdxcp
Jer 36:17	וְ/אֶ֨ת	c/853	HC/To
Jer 36:17	בָּר֔וּךְ	1263	HNp
Jer 36:17	שָׁאֲל֖וּ	7592	HVqp3cp
Jer 36:17	לֵ/אמֹ֑ר	l/559	HR/Vqc
Jer 36:17	הַגֶּד	5046	HVhv2ms
Jer 36:17	נָ֣א	4994	HTe
Jer 36:17	לָ֔/נוּ	l	HR/Sp1cp
Jer 36:17	אֵ֗יךְ	349 a	HTi
Jer 36:17	כָּתַ֛בְתָּ	3789	HVqp2ms
Jer 36:17	אֶת	853	HTo
Jer 36:17	כָּל	3605	HNcmsc
Jer 36:17	הַ/דְּבָרִ֥ים	d/1697	HTd/Ncmpa
Jer 36:17	הָ/אֵ֖לֶּה	d/428	HTd/Pdxcp
Jer 36:17	מִ/פִּֽי/ו	m/6310	HR/Ncmsc/Sp3ms
Jer 36:18	וַ/יֹּ֤אמֶר	c/559	HC/Vqw3ms
Jer 36:18	לָ/הֶם֙	l	HR/Sp3mp
Jer 36:18	בָּר֔וּךְ	1263	HNp
Jer 36:18	מִ/פִּי/ו֙	m/6310	HR/Ncmsc/Sp3ms
Jer 36:18	יִקְרָ֣א	7121	HVqi3ms
Jer 36:18	אֵלַ֔/י	413	HR/Sp1cs
Jer 36:18	אֵ֥ת	853	HTo
Jer 36:18	כָּל	3605	HNcmsc
Jer 36:18	הַ/דְּבָרִ֖ים	d/1697	HTd/Ncmpa
Jer 36:18	הָ/אֵ֑לֶּה	d/428	HTd/Pdxcp
Jer 36:18	וַ/אֲנִ֛י	c/589	HC/Pp1cs
Jer 36:18	כֹּתֵ֥ב	3789	HVqrmsa
Jer 36:18	עַל	5921 a	HR
Jer 36:18	הַ/סֵּ֖פֶר	d/5612 a	HTd/Ncmsa
Jer 36:18	בַּ/דְּיֽוֹ	b/1773	HRd/Ncfsa
Jer 36:19	וַ/יֹּאמְר֤וּ	c/559	HC/Vqw3mp
Jer 36:19	הַ/שָּׂרִים֙	d/8269	HTd/Ncmpa
Jer 36:19	אֶל	413	HR
Jer 36:19	בָּר֔וּךְ	1263	HNp
Jer 36:19	לֵ֥ךְ	3212	HVqv2ms
Jer 36:19	הִסָּתֵ֖ר	5641	HVNv2ms
Jer 36:19	אַתָּ֣ה	859 a	HPp2ms
Jer 36:19	וְ/יִרְמְיָ֑הוּ	c/3414	HC/Np
Jer 36:19	וְ/אִ֥ישׁ	c/376	HC/Ncmsa
Jer 36:19	אַל	408	HTn
Jer 36:19	יֵדַ֖ע	3045	HVqj3ms
Jer 36:19	אֵיפֹ֥ה	375	HTi
Jer 36:19	אַתֶּֽם	859 d	HPp2mp
Jer 36:20	וַ/יָּבֹ֤אוּ	c/935	HC/Vqw3mp
Jer 36:20	אֶל	413	HR
Jer 36:20	הַ/מֶּ֨לֶךְ֙	d/4428	HTd/Ncmsa
Jer 36:20	חָצֵ֔רָ/ה	2691 a	HNcbsa/Sd
Jer 36:20	וְ/אֶת	c/853	HC/To
Jer 36:20	הַ/מְּגִלָּ֣ה	d/4039	HTd/Ncfsa
Jer 36:20	הִפְקִ֔דוּ	6485 a	HVhp3cp
Jer 36:20	בְּ/לִשְׁכַּ֖ת	b/3957	HR/Ncfsc
Jer 36:20	אֱלִישָׁמָ֣ע	476	HNp
Jer 36:20	הַ/סֹּפֵ֑ר	d/5608 b	HTd/Ncmsa
Jer 36:20	וַ/יַּגִּ֨ידוּ֙	c/5046	HC/Vhw3mp
Jer 36:20	בְּ/אָזְנֵ֣י	b/241	HR/Ncfdc
Jer 36:20	הַ/מֶּ֔לֶךְ	d/4428	HTd/Ncmsa
Jer 36:20	אֵ֖ת	853	HTo
Jer 36:20	כָּל	3605	HNcmsc
Jer 36:20	הַ/דְּבָרִֽים	d/1697	HTd/Ncmpa
Jer 36:21	וַ/יִּשְׁלַ֨ח	c/7971	HC/Vqw3ms
Jer 36:21	הַ/מֶּ֜לֶךְ	d/4428	HTd/Ncmsa
Jer 36:21	אֶת	853	HTo
Jer 36:21	יְהוּדִ֗י	3065	HNp
Jer 36:21	לָ/קַ֨חַת֙	l/3947	HR/Vqc
Jer 36:21	אֶת	853	HTo
Jer 36:21	הַ/מְּגִלָּ֔ה	d/4039	HTd/Ncfsa
Jer 36:21	וַ/יִּ֨קָּחֶ֔/הָ	c/3947	HC/Vqw3ms/Sp3fs
Jer 36:21	מִ/לִּשְׁכַּ֖ת	m/3957	HR/Ncfsc
Jer 36:21	אֱלִישָׁמָ֣ע	476	HNp
Jer 36:21	הַ/סֹּפֵ֑ר	d/5608 b	HTd/Ncmsa
Jer 36:21	וַ/יִּקְרָאֶ֤/הָ	c/7121	HC/Vqw3ms/Sp3fs
Jer 36:21	יְהוּדִי֙	3065	HNp
Jer 36:21	בְּ/אָזְנֵ֣י	b/241	HR/Ncfdc
Jer 36:21	הַ/מֶּ֔לֶךְ	d/4428	HTd/Ncmsa
Jer 36:21	וּ/בְ/אָזְנֵי֙	c/b/241	HC/R/Ncfdc
Jer 36:21	כָּל	3605	HNcmsc
Jer 36:21	הַ/שָּׂרִ֔ים	d/8269	HTd/Ncmpa
Jer 36:21	הָ/עֹמְדִ֖ים	d/5975	HTd/Vqrmpa
Jer 36:21	מֵ/עַ֥ל	m/5921 a	HR/R
Jer 36:21	הַ/מֶּֽלֶךְ	d/4428	HTd/Ncmsa
Jer 36:22	וְ/הַ/מֶּ֗לֶךְ	c/d/4428	HC/Td/Ncmsa
Jer 36:22	יוֹשֵׁב֙	3427	HVqrmsa
Jer 36:22	בֵּ֣ית	1004 b	HNcmsc
Jer 36:22	הַ/חֹ֔רֶף	d/2779	HTd/Ncmsa
Jer 36:22	בַּ/חֹ֖דֶשׁ	b/2320	HRd/Ncmsa
Jer 36:22	הַ/תְּשִׁיעִ֑י	d/8671	HTd/Aomsa
Jer 36:22	וְ/אֶת	c/853	HC/To
Jer 36:22	הָ/אָ֖ח	d/254	HTd/Ncmsa
Jer 36:22	לְ/פָנָ֥י/ו	l/6440	HR/Ncbpc/Sp3ms
Jer 36:22	מְבֹעָֽרֶת	1197 a	HVPsfsa
Jer 36:23	וַ/יְהִ֣י	c/1961	HC/Vqw3ms
Jer 36:23	כִּ/קְר֣וֹא	k/7121	HR/Vqc
Jer 36:23	יְהוּדִ֗י	3065	HNp
Jer 36:23	שָׁלֹ֣שׁ	7969	HAcfsa
Jer 36:23	דְּלָתוֹת֮	1817 c	HNcfpa
Jer 36:23	וְ/אַרְבָּעָה֒	c/702	HC/Acmsa
Jer 36:23	יִֽקְרָעֶ֨/הָ֙	7167	HVqi3ms/Sp3fs
Jer 36:23	בְּ/תַ֣עַר	b/8593	HR/Ncbsc
Jer 36:23	הַ/סֹּפֵ֔ר	d/5608 b	HTd/Ncmsa
Jer 36:23	וְ/הַשְׁלֵ֕ךְ	c/7993	HC/Vha
Jer 36:23	אֶל	413	HR
Jer 36:23	הָ/אֵ֖שׁ	d/784	HTd/Ncbsa
Jer 36:23	אֲשֶׁ֣ר	834 a	HTr
Jer 36:23	אֶל	413	HR
Jer 36:23	הָ/אָ֑ח	d/254	HTd/Ncmsa
Jer 36:23	עַד	5704	HR
Jer 36:23	תֹּם֙	8552	HVqc
Jer 36:23	כָּל	3605	HNcmsc
Jer 36:23	הַ/מְּגִלָּ֔ה	d/4039	HTd/Ncfsa
Jer 36:23	עַל	5921 a	HR
Jer 36:23	הָ/אֵ֖שׁ	d/784	HTd/Ncbsa
Jer 36:23	אֲשֶׁ֥ר	834 a	HTr
Jer 36:23	עַל	5921 a	HR
Jer 36:23	הָ/אָֽח	d/254	HTd/Ncmsa
Jer 36:24	וְ/לֹ֣א	c/3808	HC/Tn
Jer 36:24	פָחֲד֔וּ	6342	HVqp3cp
Jer 36:24	וְ/לֹ֥א	c/3808	HC/Tn
Jer 36:24	קָרְע֖וּ	7167	HVqp3cp
Jer 36:24	אֶת	853	HTo
Jer 36:24	בִּגְדֵי/הֶ֑ם	899 b	HNcmpc/Sp3mp
Jer 36:24	הַ/מֶּ֨לֶךְ֙	d/4428	HTd/Ncmsa
Jer 36:24	וְ/כָל	c/3605	HC/Ncmsc
Jer 36:24	עֲבָדָ֔י/ו	5650	HNcmpc/Sp3ms
Jer 36:24	הַ/שֹּׁ֣מְעִ֔ים	d/8085	HTd/Vqrmpa
Jer 36:24	אֵ֥ת	853	HTo
Jer 36:24	כָּל	3605	HNcmsc
Jer 36:24	הַ/דְּבָרִ֖ים	d/1697	HTd/Ncmpa
Jer 36:24	הָ/אֵֽלֶּה	d/428	HTd/Pdxcp
Jer 36:25	וְ/גַם֩	c/1571	HC/Ta
Jer 36:25	אֶלְנָתָ֨ן	494	HNp
Jer 36:25	וּ/דְלָיָ֤הוּ	c/1806	HC/Np
Jer 36:25	וּ/גְמַרְיָ֨הוּ֙	c/1587	HC/Np
Jer 36:25	הִפְגִּ֣עוּ	6293	HVhp3cp
Jer 36:25	בַ/מֶּ֔לֶךְ	b/4428	HRd/Ncmsa
Jer 36:25	לְ/בִלְתִּ֥י	l/1115	HR/C
Jer 36:25	שְׂרֹ֖ף	8313	HVqc
Jer 36:25	אֶת	853	HTo
Jer 36:25	הַ/מְּגִלָּ֑ה	d/4039	HTd/Ncfsa
Jer 36:25	וְ/לֹ֥א	c/3808	HC/Tn
Jer 36:25	שָׁמַ֖ע	8085	HVqp3ms
Jer 36:25	אֲלֵי/הֶֽם	413	HR/Sp3mp
Jer 36:26	וַ/יְצַוֶּ֣ה	c/6680	HC/Vpw3ms
Jer 36:26	הַ֠/מֶּלֶךְ	d/4428	HTd/Ncmsa
Jer 36:26	אֶת	853	HTo
Jer 36:26	יְרַחְמְאֵ֨ל	3396	HNp
Jer 36:26	בֶּן	1121 a	HNcmsc
Jer 36:26	הַ/מֶּ֜לֶךְ	d/4429	HTd/Ncmsa
Jer 36:26	וְ/אֶת	c/853	HC/To
Jer 36:26	שְׂרָיָ֣הוּ	8304	HNp
Jer 36:26	בֶן	1121 a	HNcmsc
Jer 36:26	עַזְרִיאֵ֗ל	5837	HNp
Jer 36:26	וְ/אֶת	c/853	HC/To
Jer 36:26	שֶֽׁלֶמְיָ֨הוּ֙	8018	HNp
Jer 36:26	בֶּֽן	1121 a	HNcmsc
Jer 36:26	עַבְדְּאֵ֔ל	5655	HNp
Jer 36:26	לָ/קַ֨חַת֙	l/3947	HR/Vqc
Jer 36:26	אֶת	853	HTo
Jer 36:26	בָּר֣וּךְ	1263	HNp
Jer 36:26	הַ/סֹּפֵ֔ר	d/5608 b	HTd/Ncmsa
Jer 36:26	וְ/אֵ֖ת	c/853	HC/To
Jer 36:26	יִרְמְיָ֣הוּ	3414	HNp
Jer 36:26	הַ/נָּבִ֑יא	d/5030	HTd/Ncmsa
Jer 36:26	וַ/יַּסְתִּרֵ֖/ם	c/5641	HC/Vhw3ms/Sp3mp
Jer 36:26	יְהוָֽה	3068	HNp
Jer 36:27	וַ/יְהִ֥י	c/1961	HC/Vqw3ms
Jer 36:27	דְבַר	1697	HNcmsc
Jer 36:27	יְהוָ֖ה	3068	HNp
Jer 36:27	אֶֽל	413	HR
Jer 36:27	יִרְמְיָ֑הוּ	3414	HNp
Jer 36:27	אַחֲרֵ֣י	310 a	HR
Jer 36:27	שְׂרֹ֣ף	8313	HVqc
Jer 36:27	הַ/מֶּ֗לֶךְ	d/4428	HTd/Ncmsa
Jer 36:27	אֶת	853	HTo
Jer 36:27	הַ/מְּגִלָּה֙	d/4039	HTd/Ncfsa
Jer 36:27	וְ/אֶת	c/853	HC/To
Jer 36:27	הַ/דְּבָרִ֔ים	d/1697	HTd/Ncmpa
Jer 36:27	אֲשֶׁ֨ר	834 a	HTr
Jer 36:27	כָּתַ֥ב	3789	HVqp3ms
Jer 36:27	בָּר֛וּךְ	1263	HNp
Jer 36:27	מִ/פִּ֥י	m/6310	HR/Ncmsc
Jer 36:27	יִרְמְיָ֖הוּ	3414	HNp
Jer 36:27	לֵ/אמֹֽר	l/559	HR/Vqc
Jer 36:28	שׁ֥וּב	7725	HVqv2ms
Jer 36:28	קַח	3947	HVqv2ms
Jer 36:28	לְ/ךָ֖	l	HR/Sp2ms
Jer 36:28	מְגִלָּ֣ה	4039	HNcfsa
Jer 36:28	אַחֶ֑רֶת	312	HAafsa
Jer 36:28	וּ/כְתֹ֣ב	c/3789	HC/Vqv2ms
Jer 36:28	עָלֶ֗י/הָ	5921 a	HR/Sp3fs
Jer 36:28	אֵ֤ת	853	HTo
Jer 36:28	כָּל	3605	HNcmsc
Jer 36:28	הַ/דְּבָרִים֙	d/1697	HTd/Ncmpa
Jer 36:28	הָ/רִ֣אשֹׁנִ֔ים	d/7223	HTd/Aampa
Jer 36:28	אֲשֶׁ֣ר	834 a	HTr
Jer 36:28	הָי֗וּ	1961	HVqp3cp
Jer 36:28	עַל	5921 a	HR
Jer 36:28	הַ/מְּגִלָּה֙	d/4039	HTd/Ncfsa
Jer 36:28	הָ/רִ֣אשֹׁנָ֔ה	d/7223	HTd/Aafsa
Jer 36:28	אֲשֶׁ֥ר	834 a	HTr
Jer 36:28	שָׂרַ֖ף	8313	HVqp3ms
Jer 36:28	יְהוֹיָקִ֥ים	3079	HNp
Jer 36:28	מֶֽלֶךְ	4428	HNcmsc
Jer 36:28	יְהוּדָֽה	3063	HNp
Jer 36:29	וְ/עַל	c/5921 a	HC/R
Jer 36:29	יְהוֹיָקִ֤ים	3079	HNp
Jer 36:29	מֶֽלֶךְ	4428	HNcmsc
Jer 36:29	יְהוּדָה֙	3063	HNp
Jer 36:29	תֹּאמַ֔ר	559	HVqi2ms
Jer 36:29	כֹּ֖ה	3541	HD
Jer 36:29	אָמַ֣ר	559	HVqp3ms
Jer 36:29	יְהוָ֑ה	3068	HNp
Jer 36:29	אַ֠תָּה	859 a	HPp2ms
Jer 36:29	שָׂרַ֜פְתָּ	8313	HVqp2ms
Jer 36:29	אֶת	853	HTo
Jer 36:29	הַ/מְּגִלָּ֤ה	d/4039	HTd/Ncfsa
Jer 36:29	הַ/זֹּאת֙	d/2063	HTd/Pdxfs
Jer 36:29	לֵ/אמֹ֔ר	l/559	HR/Vqc
Jer 36:29	מַדּוּעַ֩	4069	HTi
Jer 36:29	כָּתַ֨בְתָּ	3789	HVqp2ms
Jer 36:29	עָלֶ֜י/הָ	5921 a	HR/Sp3fs
Jer 36:29	לֵ/אמֹ֗ר	l/559	HR/Vqc
Jer 36:29	בֹּֽא	935	HVqa
Jer 36:29	יָב֤וֹא	935	HVqi3ms
Jer 36:29	מֶֽלֶךְ	4428	HNcmsc
Jer 36:29	בָּבֶל֙	894	HNp
Jer 36:29	וְ/הִשְׁחִית֙	c/7843	HC/Vhq3ms
Jer 36:29	אֶת	853	HTo
Jer 36:29	הָ/אָ֣רֶץ	d/776	HTd/Ncbsa
Jer 36:29	הַ/זֹּ֔את	d/2063	HTd/Pdxfs
Jer 36:29	וְ/הִשְׁבִּ֥ית	c/7673 a	HC/Vhq3ms
Jer 36:29	מִמֶּ֖/נָּה	4480 a	HR/Sp3fs
Jer 36:29	אָדָ֥ם	120	HNcmsa
Jer 36:29	וּ/בְהֵמָֽה	c/929	HC/Ncfsa
Jer 36:30	לָ/כֵ֞ן	l/3651 c	HR/D
Jer 36:30	כֹּֽה	3541	HD
Jer 36:30	אָמַ֣ר	559	HVqp3ms
Jer 36:30	יְהוָ֗ה	3068	HNp
Jer 36:30	עַל	5921 a	HR
Jer 36:30	יְהֽוֹיָקִים֙	3079	HNp
Jer 36:30	מֶ֣לֶךְ	4428	HNcmsc
Jer 36:30	יְהוּדָ֔ה	3063	HNp
Jer 36:30	לֹא	3808	HTn
Jer 36:30	יִֽהְיֶה	1961	HVqi3ms
Jer 36:30	לּ֥/וֹ	l	HR/Sp3ms
Jer 36:30	יוֹשֵׁ֖ב	3427	HVqrmsa
Jer 36:30	עַל	5921 a	HR
Jer 36:30	כִּסֵּ֣א	3678	HNcmsc
Jer 36:30	דָוִ֑ד	1732	HNp
Jer 36:30	וְ/נִבְלָת/וֹ֙	c/5038	HC/Ncfsc/Sp3ms
Jer 36:30	תִּֽהְיֶ֣ה	1961	HVqi3fs
Jer 36:30	מֻשְׁלֶ֔כֶת	7993	HVHsfsa
Jer 36:30	לַ/חֹ֥רֶב	l/2721 a	HRd/Ncmsa
Jer 36:30	בַּ/יּ֖וֹם	b/3117	HRd/Ncmsa
Jer 36:30	וְ/לַ/קֶּ֥רַח	c/l/7140	HC/Rd/Ncmsa
Jer 36:30	בַּ/לָּֽיְלָה	b/3915	HRd/Ncmsa
Jer 36:31	וּ/פָקַדְתִּ֨י	c/6485 a	HC/Vqq1cs
Jer 36:31	עָלָ֧י/ו	5921 a	HR/Sp3ms
Jer 36:31	וְ/עַל	c/5921 a	HC/R
Jer 36:31	זַרְע֛/וֹ	2233	HNcmsc/Sp3ms
Jer 36:31	וְ/עַל	c/5921 a	HC/R
Jer 36:31	עֲבָדָ֖י/ו	5650	HNcmpc/Sp3ms
Jer 36:31	אֶת	853	HTo
Jer 36:31	עֲוֺנָ֑/ם	5771	HNcbsc/Sp3mp
Jer 36:31	וְ/הֵבֵאתִ֣י	c/935	HC/Vhq1cs
Jer 36:31	עֲ֠לֵי/הֶם	5921 a	HR/Sp3mp
Jer 36:31	וְ/עַל	c/5921 a	HC/R
Jer 36:31	יֹשְׁבֵ֨י	3427	HVqrmpc
Jer 36:31	יְרוּשָׁלִַ֜ם	3389	HNp
Jer 36:31	וְ/אֶל	c/413	HC/R
Jer 36:31	אִ֣ישׁ	376	HNcmsc
Jer 36:31	יְהוּדָ֗ה	3063	HNp
Jer 36:31	אֵ֧ת	853	HTo
Jer 36:31	כָּל	3605	HNcmsc
Jer 36:31	הָ/רָעָ֛ה	d/7451 c	HTd/Ncfsa
Jer 36:31	אֲשֶׁר	834 a	HTr
Jer 36:31	דִּבַּ֥רְתִּי	1696	HVpp1cs
Jer 36:31	אֲלֵי/הֶ֖ם	413	HR/Sp3mp
Jer 36:31	וְ/לֹ֥א	c/3808	HC/Tn
Jer 36:31	שָׁמֵֽעוּ	8085	HVqp3cp
Jer 36:32	וְ/יִרְמְיָ֜הוּ	c/3414	HC/Np
Jer 36:32	לָקַ֣ח	3947	HVqp3ms
Jer 36:32	מְגִלָּ֣ה	4039	HNcfsa
Jer 36:32	אַחֶ֗רֶת	312	HAafsa
Jer 36:32	וַֽ/יִּתְּנָ/הּ֮	c/5414	HC/Vqw3ms/Sp3fs
Jer 36:32	אֶל	413	HR
Jer 36:32	בָּר֣וּךְ	1263	HNp
Jer 36:32	בֶּן	1121 a	HNcmsc
Jer 36:32	נֵרִיָּהוּ֮	5374	HNp
Jer 36:32	הַ/סֹּפֵר֒	d/5608 b	HTd/Ncmsa
Jer 36:32	וַ/יִּכְתֹּ֤ב	c/3789	HC/Vqw3ms
Jer 36:32	עָלֶ֨י/הָ֙	5921 a	HR/Sp3fs
Jer 36:32	מִ/פִּ֣י	m/6310	HR/Ncmsc
Jer 36:32	יִרְמְיָ֔הוּ	3414	HNp
Jer 36:32	אֵ֚ת	853	HTo
Jer 36:32	כָּל	3605	HNcmsc
Jer 36:32	דִּבְרֵ֣י	1697	HNcmpc
Jer 36:32	הַ/סֵּ֔פֶר	d/5612 a	HTd/Ncmsa
Jer 36:32	אֲשֶׁ֥ר	834 a	HTr
Jer 36:32	שָׂרַ֛ף	8313	HVqp3ms
Jer 36:32	יְהוֹיָקִ֥ים	3079	HNp
Jer 36:32	מֶֽלֶךְ	4428	HNcmsc
Jer 36:32	יְהוּדָ֖ה	3063	HNp
Jer 36:32	בָּ/אֵ֑שׁ	b/784	HRd/Ncbsa
Jer 36:32	וְ/ע֨וֹד	c/5750	HC/D
Jer 36:32	נוֹסַ֧ף	3254	HVNp3ms
Jer 36:32	עֲלֵי/הֶ֛ם	5921 a	HR/Sp3mp
Jer 36:32	דְּבָרִ֥ים	1697	HNcmpa
Jer 36:32	רַבִּ֖ים	7227 a	HAampa
Jer 36:32	כָּ/הֵֽמָּה	k/1992	HR/Sp3mp
Jer 37:1	וַ/יִּ֨מְלָךְ	c/4427 a	HC/Vqw3ms
Jer 37:1	מֶ֔לֶךְ	4428	HNcmsa
Jer 37:1	צִדְקִיָּ֖הוּ	6667	HNp
Jer 37:1	בֶּן	1121 a	HNcmsc
Jer 37:1	יֹֽאשִׁיָּ֑הוּ	2977	HNp
Jer 37:1	תַּ֗חַת	8478	HR
Jer 37:1	כָּנְיָ֨הוּ֙	3659	HNp
Jer 37:1	בֶּן	1121 a	HNcmsc
Jer 37:1	יְה֣וֹיָקִ֔ים	3079	HNp
Jer 37:1	אֲשֶׁ֥ר	834 a	HTr
Jer 37:1	הִמְלִ֛יךְ	4427 a	HVhp3ms
Jer 37:1	נְבוּכַדְרֶאצַּ֥ר	5019	HNp
Jer 37:1	מֶֽלֶךְ	4428	HNcmsc
Jer 37:1	בָּבֶ֖ל	894	HNp
Jer 37:1	בְּ/אֶ֥רֶץ	b/776	HR/Ncbsc
Jer 37:1	יְהוּדָֽה	3063	HNp
Jer 37:2	וְ/לֹ֥א	c/3808	HC/Tn
Jer 37:2	שָׁמַ֛ע	8085	HVqp3ms
Jer 37:2	ה֥וּא	1931	HPp3ms
Jer 37:2	וַ/עֲבָדָ֖י/ו	c/5650	HC/Ncmpc/Sp3ms
Jer 37:2	וְ/עַ֣ם	c/5971 a	HC/Ncmsc
Jer 37:2	הָ/אָ֑רֶץ	d/776	HTd/Ncbsa
Jer 37:2	אֶל	413	HR
Jer 37:2	דִּבְרֵ֣י	1697	HNcmpc
Jer 37:2	יְהוָ֔ה	3068	HNp
Jer 37:2	אֲשֶׁ֣ר	834 a	HTr
Jer 37:2	דִּבֶּ֔ר	1696	HVpp3ms
Jer 37:2	בְּ/יַ֖ד	b/3027	HR/Ncbsc
Jer 37:2	יִרְמְיָ֥הוּ	3414	HNp
Jer 37:2	הַ/נָּבִֽיא	d/5030	HTd/Ncmsa
Jer 37:3	וַ/יִּשְׁלַח֩	c/7971	HC/Vqw3ms
Jer 37:3	הַ/מֶּ֨לֶךְ	d/4428	HTd/Ncmsa
Jer 37:3	צִדְקִיָּ֜הוּ	6667	HNp
Jer 37:3	אֶת	853	HTo
Jer 37:3	יְהוּכַ֣ל	3081	HNp
Jer 37:3	בֶּן	1121 a	HNcmsc
Jer 37:3	שֶֽׁלֶמְיָ֗ה	8018	HNp
Jer 37:3	וְ/אֶת	c/853	HC/To
Jer 37:3	צְפַנְיָ֤הוּ	6846	HNp
Jer 37:3	בֶן	1121 a	HNcmsc
Jer 37:3	מַֽעֲשֵׂיָה֙	4641	HNp
Jer 37:3	הַ/כֹּהֵ֔ן	d/3548	HTd/Ncmsa
Jer 37:3	אֶל	413	HR
Jer 37:3	יִרְמְיָ֥הוּ	3414	HNp
Jer 37:3	הַ/נָּבִ֖יא	d/5030	HTd/Ncmsa
Jer 37:3	לֵ/אמֹ֑ר	l/559	HR/Vqc
Jer 37:3	הִתְפַּלֶּל	6419	HVtv2ms
Jer 37:3	נָ֣א	4994	HTe
Jer 37:3	בַעֲדֵ֔/נוּ	1157	HR/Sp1cp
Jer 37:3	אֶל	413	HR
Jer 37:3	יְהוָ֖ה	3068	HNp
Jer 37:3	אֱלֹהֵֽי/נוּ	430	HNcmpc/Sp1cp
Jer 37:4	וְ/יִרְמְיָ֕הוּ	c/3414	HC/Np
Jer 37:4	בָּ֥א	935	HVqrmsa
Jer 37:4	וְ/יֹצֵ֖א	c/3318	HC/Vqrmsa
Jer 37:4	בְּ/ת֣וֹךְ	b/8432	HR/Ncmsc
Jer 37:4	הָ/עָ֑ם	d/5971 a	HTd/Ncmsa
Jer 37:4	וְ/לֹֽא	c/3808	HC/Tn
Jer 37:4	נָתְנ֥וּ	5414	HVqp3cp
Jer 37:4	אֹת֖/וֹ	853	HTo/Sp3ms
Jer 37:4	בֵּ֥ית	1004 b	HNcmsc
Jer 37:4	ה/כליא	d/3628	HTd/Ncmsa
Jer 37:5	וְ/חֵ֥יל	c/2428	HC/Ncmsc
Jer 37:5	פַּרְעֹ֖ה	6547	HNp
Jer 37:5	יָצָ֣א	3318	HVqp3ms
Jer 37:5	מִ/מִּצְרָ֑יִם	m/4714	HR/Np
Jer 37:5	וַ/יִּשְׁמְע֨וּ	c/8085	HC/Vqw3mp
Jer 37:5	הַ/כַּשְׂדִּ֜ים	d/3778	HTd/Np
Jer 37:5	הַ/צָּרִ֤ים	d/6696 a	HTd/Vqrmpa
Jer 37:5	עַל	5921 a	HR
Jer 37:5	יְרוּשָׁלִַ֨ם֙	3389	HNp
Jer 37:5	אֶת	853	HTo
Jer 37:5	שִׁמְעָ֔/ם	8088 b	HNcmsc/Sp3mp
Jer 37:5	וַ/יֵּ֣עָל֔וּ	c/5927	HC/VNw3mp
Jer 37:5	מֵ/עַ֖ל	m/5921 a	HR/R
Jer 37:5	יְרוּשָׁלִָֽם	3389	HNp
Jer 37:6	וַֽ/יְהִי֙	c/1961	HC/Vqw3ms
Jer 37:6	דְּבַר	1697	HNcmsc
Jer 37:6	יְהוָ֔ה	3068	HNp
Jer 37:6	אֶל	413	HR
Jer 37:6	יִרְמְיָ֥הוּ	3414	HNp
Jer 37:6	הַ/נָּבִ֖יא	d/5030	HTd/Ncmsa
Jer 37:6	לֵ/אמֹֽר	l/559	HR/Vqc
Jer 37:7	כֹּֽה	3541	HD
Jer 37:7	אָמַ֤ר	559	HVqp3ms
Jer 37:7	יְהוָה֙	3068	HNp
Jer 37:7	אֱלֹהֵ֣י	430	HNcmpc
Jer 37:7	יִשְׂרָאֵ֔ל	3478	HNp
Jer 37:7	כֹּ֤ה	3541	HD
Jer 37:7	תֹֽאמְרוּ֙	559	HVqi2mp
Jer 37:7	אֶל	413	HR
Jer 37:7	מֶ֣לֶךְ	4428	HNcmsc
Jer 37:7	יְהוּדָ֔ה	3063	HNp
Jer 37:7	הַ/שֹּׁלֵ֧חַ	d/7971	HTd/Vqrmsa
Jer 37:7	אֶתְ/כֶ֛ם	853	HTo/Sp2mp
Jer 37:7	אֵלַ֖/י	413	HR/Sp1cs
Jer 37:7	לְ/דָרְשֵׁ֑/נִי	l/1875	HR/Vqc/Sp1cs
Jer 37:7	הִנֵּ֣ה	2009	HTm
Jer 37:7	חֵ֣יל	2428	HNcmsc
Jer 37:7	פַּרְעֹ֗ה	6547	HNp
Jer 37:7	הַ/יֹּצֵ֤א	d/3318	HTd/Vqrmsa
Jer 37:7	לָ/כֶם֙	l	HR/Sp2mp
Jer 37:7	לְ/עֶזְרָ֔ה	l/5833	HR/Ncfsa
Jer 37:7	שָׁ֥ב	7725	HVqp3ms
Jer 37:7	לְ/אַרְצ֖/וֹ	l/776	HR/Ncbsc/Sp3ms
Jer 37:7	מִצְרָֽיִם	4714	HNp
Jer 37:8	וְ/שָׁ֨בוּ֙	c/7725	HC/Vqq3cp
Jer 37:8	הַ/כַּשְׂדִּ֔ים	d/3778	HTd/Np
Jer 37:8	וְ/נִלְחֲמ֖וּ	c/3898 a	HC/VNq3cp
Jer 37:8	עַל	5921 a	HR
Jer 37:8	הָ/עִ֣יר	d/5892 b	HTd/Ncfsa
Jer 37:8	הַ/זֹּ֑את	d/2063	HTd/Pdxfs
Jer 37:8	וּ/לְכָדֻ֖/הָ	c/3920	HC/Vqq3cp/Sp3fs
Jer 37:8	וּ/שְׂרָפֻ֥/הָ	c/8313	HC/Vqq3cp/Sp3fs
Jer 37:8	בָ/אֵֽשׁ	b/784	HRd/Ncbsa
Jer 37:9	כֹּ֣ה	3541	HD
Jer 37:9	אָמַ֣ר	559	HVqp3ms
Jer 37:9	יְהוָ֗ה	3068	HNp
Jer 37:9	אַל	408	HTn
Jer 37:9	תַּשִּׁ֤אוּ	5377	HVhj2mp
Jer 37:9	נַפְשֹֽׁתֵי/כֶם֙	5315	HNcbpc/Sp2mp
Jer 37:9	לֵ/אמֹ֔ר	l/559	HR/Vqc
Jer 37:9	הָלֹ֛ךְ	1980	HVqa
Jer 37:9	יֵלְכ֥וּ	3212	HVqi3mp
Jer 37:9	מֵ/עָלֵ֖י/נוּ	m/5921 a	HR/R/Sp1cp
Jer 37:9	הַ/כַּשְׂדִּ֑ים	d/3778	HTd/Np
Jer 37:9	כִּי	3588 a	HC
Jer 37:9	לֹ֖א	3808	HTn
Jer 37:9	יֵלֵֽכוּ	3212	HVqi3mp
Jer 37:10	כִּ֣י	3588 b	HC
Jer 37:10	אִם	518 b	HC
Jer 37:10	הִכִּיתֶ֞ם	5221	HVhp2mp
Jer 37:10	כָּל	3605	HNcmsc
Jer 37:10	חֵ֤יל	2428	HNcmsc
Jer 37:10	כַּשְׂדִּים֙	3778	HNp
Jer 37:10	הַ/נִּלְחָמִ֣ים	d/3898 a	HTd/VNrmpa
Jer 37:10	אִתְּ/כֶ֔ם	854	HR/Sp2mp
Jer 37:10	וְ/נִ֨שְׁאֲרוּ	c/7604	HC/VNp3cp
Jer 37:10	בָ֔/ם	b	HR/Sp3mp
Jer 37:10	אֲנָשִׁ֖ים	376	HNcmpa
Jer 37:10	מְדֻקָּרִ֑ים	1856	HVPsmpa
Jer 37:10	אִ֤ישׁ	376	HNcmsa
Jer 37:10	בְּ/אָהֳל/וֹ֙	b/168	HR/Ncmsc/Sp3ms
Jer 37:10	יָק֔וּמוּ	6965 b	HVqi3mp
Jer 37:10	וְ/שָֽׂרְפ֛וּ	c/8313	HC/Vqq3cp
Jer 37:10	אֶת	853	HTo
Jer 37:10	הָ/עִ֥יר	d/5892 b	HTd/Ncfsa
Jer 37:10	הַ/זֹּ֖את	d/2063	HTd/Pdxfs
Jer 37:10	בָּ/אֵֽשׁ	b/784	HRd/Ncbsa
Jer 37:11	וְ/הָיָ֗ה	c/1961	HC/Vqq3ms
Jer 37:11	בְּ/הֵֽעָלוֹת֙	b/5927	HR/VNc
Jer 37:11	חֵ֣יל	2428	HNcmsc
Jer 37:11	הַ/כַּשְׂדִּ֔ים	d/3778	HTd/Np
Jer 37:11	מֵ/עַ֖ל	m/5921 a	HR/R
Jer 37:11	יְרֽוּשָׁלִָ֑ם	3389	HNp
Jer 37:11	מִ/פְּנֵ֖י	m/6440	HR/Ncbpc
Jer 37:11	חֵ֥יל	2428	HNcmsc
Jer 37:11	פַּרְעֹֽה	6547	HNp
Jer 37:12	וַ/יֵּצֵ֤א	c/3318	HC/Vqw3ms
Jer 37:12	יִרְמְיָ֨הוּ֙	3414	HNp
Jer 37:12	מִ/יר֣וּשָׁלִַ֔ם	m/3389	HR/Np
Jer 37:12	לָ/לֶ֖כֶת	l/3212	HR/Vqc
Jer 37:12	אֶ֣רֶץ	776	HNcbsc
Jer 37:12	בִּנְיָמִ֑ן	1144	HNp
Jer 37:12	לַ/חֲלִ֥ק	l/2505 a	HR/Vhc
Jer 37:12	מִ/שָּׁ֖ם	m/8033	HR/D
Jer 37:12	בְּ/ת֥וֹךְ	b/8432	HR/Ncmsc
Jer 37:12	הָ/עָֽם	d/5971 a	HTd/Ncmsa
Jer 37:13	וַ/יְהִי	c/1961	HC/Vqw3ms
Jer 37:13	ה֞וּא	1931	HPp3ms
Jer 37:13	בְּ/שַׁ֣עַר	b/8179	HR/Ncmsc
Jer 37:13	בִּנְיָמִ֗ן	1144	HNp
Jer 37:13	וְ/שָׁם֙	c/8033	HC/D
Jer 37:13	בַּ֣עַל	1167	HNcmsc
Jer 37:13	פְּקִדֻ֔ת	6488	HNcfsa
Jer 37:13	וּ/שְׁמ/וֹ֙	c/8034	HC/Ncmsc/Sp3ms
Jer 37:13	יִרְאִיָּ֔יה	3376	HNp
Jer 37:13	בֶּן	1121 a	HNcmsc
Jer 37:13	שֶֽׁלֶמְיָ֖ה	8018	HNp
Jer 37:13	בֶּן	1121 a	HNcmsc
Jer 37:13	חֲנַנְיָ֑ה	2608 a	HNp
Jer 37:13	וַ/יִּתְפֹּ֞שׂ	c/8610	HC/Vqw3ms
Jer 37:13	אֶֽת	853	HTo
Jer 37:13	יִרְמְיָ֤הוּ	3414	HNp
Jer 37:13	הַ/נָּבִיא֙	d/5030	HTd/Ncmsa
Jer 37:13	לֵ/אמֹ֔ר	l/559	HR/Vqc
Jer 37:13	אֶל	413	HR
Jer 37:13	הַ/כַּשְׂדִּ֖ים	d/3778	HTd/Np
Jer 37:13	אַתָּ֥ה	859 a	HPp2ms
Jer 37:13	נֹפֵֽל	5307	HVqrmsa
Jer 37:14	וַ/יֹּ֨אמֶר	c/559	HC/Vqw3ms
Jer 37:14	יִרְמְיָ֜הוּ	3414	HNp
Jer 37:14	שֶׁ֗קֶר	8267	HNcmsa
Jer 37:14	אֵינֶ֤/נִּי	369	HTn/Sp1cs
Jer 37:14	נֹפֵל֙	5307	HVqrmsa
Jer 37:14	עַל	5921 a	HR
Jer 37:14	הַ/כַּשְׂדִּ֔ים	d/3778	HTd/Np
Jer 37:14	וְ/לֹ֥א	c/3808	HC/Tn
Jer 37:14	שָׁמַ֖ע	8085	HVqp3ms
Jer 37:14	אֵלָ֑י/ו	413	HR/Sp3ms
Jer 37:14	וַ/יִּתְפֹּ֤שׂ	c/8610	HC/Vqw3ms
Jer 37:14	יִרְאִיָּיה֙	3376	HNp
Jer 37:14	בְּ/יִרְמְיָ֔הוּ	b/3414	HR/Np
Jer 37:14	וַ/יְבִאֵ֖/הוּ	c/935	HC/Vhw3ms/Sp3ms
Jer 37:14	אֶל	413	HR
Jer 37:14	הַ/שָּׂרִֽים	d/8269	HTd/Ncmpa
Jer 37:15	וַ/יִּקְצְפ֧וּ	c/7107	HC/Vqw3mp
Jer 37:15	הַ/שָּׂרִ֛ים	d/8269	HTd/Ncmpa
Jer 37:15	עַֽל	5921 a	HR
Jer 37:15	יִרְמְיָ֖הוּ	3414	HNp
Jer 37:15	וְ/הִכּ֣וּ	c/5221	HC/Vhp3cp
Jer 37:15	אֹת֑/וֹ	853	HTo/Sp3ms
Jer 37:15	וְ/נָתְנ֨וּ	c/5414	HC/Vqp3cp
Jer 37:15	אוֹת֜/וֹ	853	HTo/Sp3ms
Jer 37:15	בֵּ֣ית	1004 b	HNcmsc
Jer 37:15	הָ/אֵס֗וּר	d/612	HTd/Ncmsa
Jer 37:15	בֵּ֚ית	1004 b	HNcmsc
Jer 37:15	יְהוֹנָתָ֣ן	3083	HNp
Jer 37:15	הַ/סֹּפֵ֔ר	d/5608 b	HTd/Ncmsa
Jer 37:15	כִּֽי	3588 a	HC
Jer 37:15	אֹת֥/וֹ	853	HTo/Sp3ms
Jer 37:15	עָשׂ֖וּ	6213 a	HVqp3cp
Jer 37:15	לְ/בֵ֥ית	l/1004 b	HR/Ncmsc
Jer 37:15	הַ/כֶּֽלֶא	d/3608	HTd/Ncmsa
Jer 37:16	כִּ֣י	3588 a	HC
Jer 37:16	בָ֧א	935	HVqp3ms
Jer 37:16	יִרְמְיָ֛הוּ	3414	HNp
Jer 37:16	אֶל	413	HR
Jer 37:16	בֵּ֥ית	1004 b	HNcmsc
Jer 37:16	הַ/בּ֖וֹר	d/953 a	HTd/Ncmsa
Jer 37:16	וְ/אֶל	c/413	HC/R
Jer 37:16	הַֽ/חֲנֻ֑יוֹת	d/2588	HTd/Ncfpa
Jer 37:16	וַ/יֵּֽשֶׁב	c/3427	HC/Vqw3ms
Jer 37:16	שָׁ֥ם	8033	HD
Jer 37:16	יִרְמְיָ֖הוּ	3414	HNp
Jer 37:16	יָמִ֥ים	3117	HNcmpa
Jer 37:16	רַבִּֽים	7227 a	HAampa
Jer 37:17	וַ/יִּשְׁלַח֩	c/7971	HC/Vqw3ms
Jer 37:17	הַ/מֶּ֨לֶךְ	d/4428	HTd/Ncmsa
Jer 37:17	צִדְקִיָּ֜הוּ	6667	HNp
Jer 37:17	וַ/יִּקָּחֵ֗/הוּ	c/3947	HC/Vqw3ms/Sp3ms
Jer 37:17	וַ/יִּשְׁאָלֵ֨/הוּ	c/7592	HC/Vqw3ms/Sp3ms
Jer 37:17	הַ/מֶּ֤לֶךְ	d/4428	HTd/Ncmsa
Jer 37:17	בְּ/בֵית/וֹ֙	b/1004 b	HR/Ncmsc/Sp3ms
Jer 37:17	בַּ/סֵּ֔תֶר	b/5643 a	HRd/Ncmsa
Jer 37:17	וַ/יֹּ֕אמֶר	c/559	HC/Vqw3ms
Jer 37:17	הֲ/יֵ֥שׁ	i/3426	HTi/Tm
Jer 37:17	דָּבָ֖ר	1697	HNcmsa
Jer 37:17	מֵ/אֵ֣ת	m/854	HR/R
Jer 37:17	יְהוָ֑ה	3068	HNp
Jer 37:17	וַ/יֹּ֤אמֶר	c/559	HC/Vqw3ms
Jer 37:17	יִרְמְיָ֨הוּ֙	3414	HNp
Jer 37:17	יֵ֔שׁ	3426	HTm
Jer 37:17	וַ/יֹּ֕אמֶר	c/559	HC/Vqw3ms
Jer 37:17	בְּ/יַ֥ד	b/3027	HR/Ncbsc
Jer 37:17	מֶֽלֶךְ	4428	HNcmsc
Jer 37:17	בָּבֶ֖ל	894	HNp
Jer 37:17	תִּנָּתֵֽן	5414	HVNi2ms
Jer 37:18	וַ/יֹּ֣אמֶר	c/559	HC/Vqw3ms
Jer 37:18	יִרְמְיָ֔הוּ	3414	HNp
Jer 37:18	אֶל	413	HR
Jer 37:18	הַ/מֶּ֖לֶךְ	d/4428	HTd/Ncmsa
Jer 37:18	צִדְקִיָּ֑הוּ	6667	HNp
Jer 37:18	מֶה֩	4100	HTi
Jer 37:18	חָטָ֨אתִֽי	2398	HVqp1cs
Jer 37:18	לְ/ךָ֤	l	HR/Sp2ms
Jer 37:18	וְ/לַ/עֲבָדֶ֨י/ךָ֙	c/l/5650	HC/R/Ncmpc/Sp2ms
Jer 37:18	וְ/לָ/עָ֣ם	c/l/5971 a	HC/Rd/Ncmsa
Jer 37:18	הַ/זֶּ֔ה	d/2088	HTd/Pdxms
Jer 37:18	כִּֽי	3588 a	HC
Jer 37:18	נְתַתֶּ֥ם	5414	HVqp2mp
Jer 37:18	אוֹתִ֖/י	853	HTo/Sp1cs
Jer 37:18	אֶל	413	HR
Jer 37:18	בֵּ֥ית	1004 b	HNcmsc
Jer 37:18	הַ/כֶּֽלֶא	d/3608	HTd/Ncmsa
Jer 37:19	ו/אי/ו	c/335	HC/Ti/Sp3ms
Jer 37:19	נְבִ֣יאֵי/כֶ֔ם	5030	HNcmpc/Sp2mp
Jer 37:19	אֲשֶׁר	834 a	HTr
Jer 37:19	נִבְּא֥וּ	5012	HVNp3cp
Jer 37:19	לָ/כֶ֖ם	l	HR/Sp2mp
Jer 37:19	לֵ/אמֹ֑ר	l/559	HR/Vqc
Jer 37:19	לֹֽא	3808	HTn
Jer 37:19	יָבֹ֤א	935	HVqi3ms
Jer 37:19	מֶֽלֶךְ	4428	HNcmsc
Jer 37:19	בָּבֶל֙	894	HNp
Jer 37:19	עֲלֵי/כֶ֔ם	5921 a	HR/Sp2mp
Jer 37:19	וְ/עַ֖ל	c/5921 a	HC/R
Jer 37:19	הָ/אָ֥רֶץ	d/776	HTd/Ncbsa
Jer 37:19	הַ/זֹּֽאת	d/2063	HTd/Pdxfs
Jer 37:20	וְ/עַתָּ֕ה	c/6258	HC/D
Jer 37:20	שְֽׁמַֽע	8085	HVqv2ms
Jer 37:20	נָ֖א	4994	HTe
Jer 37:20	אֲדֹנִ֣/י	113	HNcmsc/Sp1cs
Jer 37:20	הַ/מֶּ֑לֶךְ	d/4428	HTd/Ncmsa
Jer 37:20	תִּפָּל	5307	HVqj3fs
Jer 37:20	נָ֤א	4994	HTe
Jer 37:20	תְחִנָּתִ/י֙	8467	HNcfsc/Sp1cs
Jer 37:20	לְ/פָנֶ֔י/ךָ	l/6440	HR/Ncbpc/Sp2ms
Jer 37:20	וְ/אַל	c/408	HC/Tn
Jer 37:20	תְּשִׁבֵ֗/נִי	7725	HVhj2ms/Sp1cs
Jer 37:20	בֵּ֚ית	1004 b	HNcmsc
Jer 37:20	יְהוֹנָתָ֣ן	3083	HNp
Jer 37:20	הַ/סֹּפֵ֔ר	d/5608 b	HTd/Ncmsa
Jer 37:20	וְ/לֹ֥א	c/3808	HC/Tn
Jer 37:20	אָמ֖וּת	4191	HVqi1cs
Jer 37:20	שָֽׁם	8033	HD
Jer 37:21	וַ/יְצַוֶּ֞ה	c/6680	HC/Vpw3ms
Jer 37:21	הַ/מֶּ֣לֶךְ	d/4428	HTd/Ncmsa
Jer 37:21	צִדְקִיָּ֗הוּ	6667	HNp
Jer 37:21	וַ/יַּפְקִ֣דוּ	c/6485 a	HC/Vhw3mp
Jer 37:21	אֶֽת	853	HTo
Jer 37:21	יִרְמְיָהוּ֮	3414	HNp
Jer 37:21	בַּ/חֲצַ֣ר	b/2691 a	HR/Ncbsc
Jer 37:21	הַ/מַּטָּרָה֒	d/4307	HTd/Ncfsa
Jer 37:21	וְ/נָתֹן֩	c/5414	HC/Vqa
Jer 37:21	ל֨/וֹ	l	HR/Sp3ms
Jer 37:21	כִכַּר	3603	HNcbsc
Jer 37:21	לֶ֤חֶם	3899	HNcbsa
Jer 37:21	לַ/יּוֹם֙	l/3117	HRd/Ncmsa
Jer 37:21	מִ/ח֣וּץ	m/2351	HR/Ncmsc
Jer 37:21	הָ/אֹפִ֔ים	d/644	HTd/Vqrmpa
Jer 37:21	עַד	5704	HR
Jer 37:21	תֹּ֥ם	8552	HVqc
Jer 37:21	כָּל	3605	HNcmsc
Jer 37:21	הַ/לֶּ֖חֶם	d/3899	HTd/Ncbsa
Jer 37:21	מִן	4480 a	HR
Jer 37:21	הָ/עִ֑יר	d/5892 b	HTd/Ncfsa
Jer 37:21	וַ/יֵּ֣שֶׁב	c/3427	HC/Vqw3ms
Jer 37:21	יִרְמְיָ֔הוּ	3414	HNp
Jer 37:21	בַּ/חֲצַ֖ר	b/2691 a	HR/Ncbsc
Jer 37:21	הַ/מַּטָּרָֽה	d/4307	HTd/Ncfsa
Jer 38:1	וַ/יִּשְׁמַ֞ע	c/8085	HC/Vqw3ms
Jer 38:1	שְׁפַטְיָ֣ה	8203	HNp
Jer 38:1	בֶן	1121 a	HNcmsc
Jer 38:1	מַתָּ֗ן	4977	HNp
Jer 38:1	וּ/גְדַלְיָ֨הוּ֙	c/1436 b	HC/Np
Jer 38:1	בֶּן	1121 a	HNcmsc
Jer 38:1	פַּשְׁח֔וּר	6583	HNp
Jer 38:1	וְ/יוּכַל֙	c/3116	HC/Np
Jer 38:1	בֶּן	1121 a	HNcmsc
Jer 38:1	שֶׁ֣לֶמְיָ֔הוּ	8018	HNp
Jer 38:1	וּ/פַשְׁח֖וּר	c/6583	HC/Np
Jer 38:1	בֶּן	1121 a	HNcmsc
Jer 38:1	מַלְכִּיָּ֑ה	4441	HNp
Jer 38:1	אֶ֨ת	853	HTo
Jer 38:1	הַ/דְּבָרִ֔ים	d/1697	HTd/Ncmpa
Jer 38:1	אֲשֶׁ֧ר	834 a	HTr
Jer 38:1	יִרְמְיָ֛הוּ	3414	HNp
Jer 38:1	מְדַבֵּ֥ר	1696	HVprmsa
Jer 38:1	אֶל	413	HR
Jer 38:1	כָּל	3605	HNcmsc
Jer 38:1	הָ/עָ֖ם	d/5971 a	HTd/Ncmsa
Jer 38:1	לֵ/אמֹֽר	l/559	HR/Vqc
Jer 38:2	כֹּה֮	3541	HD
Jer 38:2	אָמַ֣ר	559	HVqp3ms
Jer 38:2	יְהוָה֒	3068	HNp
Jer 38:2	הַ/יֹּשֵׁב֙	d/3427	HTd/Vqrmsa
Jer 38:2	בָּ/עִ֣יר	b/5892 b	HRd/Ncfsa
Jer 38:2	הַ/זֹּ֔את	d/2063	HTd/Pdxfs
Jer 38:2	יָמ֕וּת	4191	HVqi3ms
Jer 38:2	בַּ/חֶ֖רֶב	b/2719	HRd/Ncfsa
Jer 38:2	בָּ/רָעָ֣ב	b/7458	HRd/Ncmsa
Jer 38:2	וּ/בַ/דָּ֑בֶר	c/b/1698	HC/Rd/Ncmsa
Jer 38:2	וְ/הַ/יֹּצֵ֤א	c/d/3318	HC/Td/Vqrmsa
Jer 38:2	אֶל	413	HR
Jer 38:2	הַ/כַּשְׂדִּים֙	d/3778	HTd/Np
Jer 38:2	יחיה	2421	HVqi3ms
Jer 38:2	וְ/הָיְתָה	c/1961	HC/Vqq3fs
Jer 38:2	לּ֥/וֹ	l	HR/Sp3ms
Jer 38:2	נַפְשׁ֛/וֹ	5315	HNcbsc/Sp3ms
Jer 38:2	לְ/שָׁלָ֖ל	l/7998	HR/Ncmsa
Jer 38:2	וָ/חָֽי	c/2421	HC/Vqq3ms
Jer 38:3	כֹּ֖ה	3541	HD
Jer 38:3	אָמַ֣ר	559	HVqp3ms
Jer 38:3	יְהוָ֑ה	3068	HNp
Jer 38:3	הִנָּתֹ֨ן	5414	HVNa
Jer 38:3	תִּנָּתֵ֜ן	5414	HVNi3fs
Jer 38:3	הָ/עִ֣יר	d/5892 b	HTd/Ncfsa
Jer 38:3	הַ/זֹּ֗את	d/2063	HTd/Pdxfs
Jer 38:3	בְּ/יַ֛ד	b/3027	HR/Ncbsc
Jer 38:3	חֵ֥יל	2428	HNcmsc
Jer 38:3	מֶֽלֶךְ	4428	HNcmsa
Jer 38:3	בָּבֶ֖ל	894	HNp
Jer 38:3	וּ/לְכָדָֽ/הּ	c/3920	HC/Vqq3ms/Sp3fs
Jer 38:4	וַ/יֹּאמְר֨וּ	c/559	HC/Vqw3mp
Jer 38:4	הַ/שָּׂרִ֜ים	d/8269	HTd/Ncmpa
Jer 38:4	אֶל	413	HR
Jer 38:4	הַ/מֶּ֗לֶךְ	d/4428	HTd/Ncmsa
Jer 38:4	י֣וּמַת	4191	HVHj3ms
Jer 38:4	נָא֮	4994	HTe
Jer 38:4	אֶת	853	HTo
Jer 38:4	הָ/אִ֣ישׁ	d/376	HTd/Ncmsa
Jer 38:4	הַ/זֶּה֒	d/2088	HTd/Pdxms
Jer 38:4	כִּֽי	3588 c	HC
Jer 38:4	עַל	5921 b	HR
Jer 38:4	כֵּ֡ן	3651 b	HTm
Jer 38:4	הֽוּא	1931	HPp3ms
Jer 38:4	מְרַפֵּ֡א	7503	HVprmsa
Jer 38:4	אֶת	853	HTo
Jer 38:4	יְדֵי֩	3027	HNcbdc
Jer 38:4	אַנְשֵׁ֨י	376	HNcmpc
Jer 38:4	הַ/מִּלְחָמָ֜ה	d/4421	HTd/Ncfsa
Jer 38:4	הַֽ/נִּשְׁאָרִ֣ים	d/7604	HTd/VNrmpa
Jer 38:4	בָּ/עִ֣יר	b/5892 b	HRd/Ncfsa
Jer 38:4	הַ/זֹּ֗את	d/2063	HTd/Pdxfs
Jer 38:4	וְ/אֵת֙	c/853	HC/To
Jer 38:4	יְדֵ֣י	3027	HNcbdc
Jer 38:4	כָל	3605	HNcmsc
Jer 38:4	הָ/עָ֔ם	d/5971 a	HTd/Ncmsa
Jer 38:4	לְ/דַבֵּ֣ר	l/1696	HR/Vpc
Jer 38:4	אֲלֵי/הֶ֔ם	413	HR/Sp3mp
Jer 38:4	כַּ/דְּבָרִ֖ים	k/1697	HRd/Ncmpa
Jer 38:4	הָ/אֵ֑לֶּה	d/428	HTd/Pdxcp
Jer 38:4	כִּ֣י	3588 a	HC
Jer 38:4	הָ/אִ֣ישׁ	d/376	HTd/Ncmsa
Jer 38:4	הַ/זֶּ֗ה	d/2088	HTd/Pdxms
Jer 38:4	אֵינֶ֨/נּוּ	369	HTn/Sp3ms
Jer 38:4	דֹרֵ֧שׁ	1875	HVqrmsa
Jer 38:4	לְ/שָׁל֛וֹם	l/7965	HR/Ncmsa
Jer 38:4	לָ/עָ֥ם	l/5971 a	HRd/Ncmsa
Jer 38:4	הַ/זֶּ֖ה	d/2088	HTd/Pdxms
Jer 38:4	כִּ֥י	3588 b	HC
Jer 38:4	אִם	518 b	HC
Jer 38:4	לְ/רָעָֽה	l/7451 c	HR/Ncfsa
Jer 38:5	וַ/יֹּ֨אמֶר֙	c/559	HC/Vqw3ms
Jer 38:5	הַ/מֶּ֣לֶךְ	d/4428	HTd/Ncmsa
Jer 38:5	צִדְקִיָּ֔הוּ	6667	HNp
Jer 38:5	הִנֵּה	2009	HTm
Jer 38:5	ה֖וּא	1931	HPp3ms
Jer 38:5	בְּ/יֶדְ/כֶ֑ם	b/3027	HR/Ncbsc/Sp2mp
Jer 38:5	כִּֽי	3588 a	HC
Jer 38:5	אֵ֣ין	369	HTn
Jer 38:5	הַ/מֶּ֔לֶךְ	d/4428	HTd/Ncmsa
Jer 38:5	יוּכַ֥ל	3201	HVqi3ms
Jer 38:5	אֶתְ/כֶ֖ם	853	HTo/Sp2mp
Jer 38:5	דָּבָֽר	1697	HNcmsa
Jer 38:6	וַ/יִּקְח֣וּ	c/3947	HC/Vqw3mp
Jer 38:6	אֶֽת	853	HTo
Jer 38:6	יִרְמְיָ֗הוּ	3414	HNp
Jer 38:6	וַ/יַּשְׁלִ֨כוּ	c/7993	HC/Vhw3mp
Jer 38:6	אֹת֜/וֹ	853	HTo/Sp3ms
Jer 38:6	אֶל	413	HR
Jer 38:6	הַ/בּ֣וֹר	d/953 a	HTd/Ncmsa
Jer 38:6	מַלְכִּיָּ֣הוּ	4441	HNp
Jer 38:6	בֶן	1121 a	HNcmsc
Jer 38:6	הַ/מֶּ֗לֶךְ	d/4429	HTd/Ncmsa
Jer 38:6	אֲשֶׁר֙	834 a	HTr
Jer 38:6	בַּ/חֲצַ֣ר	b/2691 a	HR/Ncbsc
Jer 38:6	הַ/מַּטָּרָ֔ה	d/4307	HTd/Ncfsa
Jer 38:6	וַ/יְשַׁלְּח֥וּ	c/7971	HC/Vpw3mp
Jer 38:6	אֶֽת	853	HTo
Jer 38:6	יִרְמְיָ֖הוּ	3414	HNp
Jer 38:6	בַּ/חֲבָלִ֑ים	b/2256 a	HR/Ncbpa
Jer 38:6	וּ/בַ/בּ֤וֹר	c/b/953 a	HC/Rd/Ncmsa
Jer 38:6	אֵֽין	369	HTn
Jer 38:6	מַ֨יִם֙	4325	HNcmpa
Jer 38:6	כִּ֣י	3588 b	HC
Jer 38:6	אִם	518 b	HC
Jer 38:6	טִ֔יט	2916	HNcmsa
Jer 38:6	וַ/יִּטְבַּ֥ע	c/2883	HC/Vqw3ms
Jer 38:6	יִרְמְיָ֖הוּ	3414	HNp
Jer 38:6	בַּ/טִּֽיט	b/2916	HRd/Ncmsa
Jer 38:7	וַ/יִּשְׁמַ֡ע	c/8085	HC/Vqw3ms
Jer 38:7	עֶֽבֶד	5663+	HNp
Jer 38:7	מֶ֨לֶךְ	5663	HNp
Jer 38:7	הַ/כּוּשִׁ֜י	d/3569	HTd/Ngmsa
Jer 38:7	אִ֣ישׁ	376	HNcmsc
Jer 38:7	סָרִ֗יס	5631	HNcmsa
Jer 38:7	וְ/הוּא֙	c/1931	HC/Pp3ms
Jer 38:7	בְּ/בֵ֣ית	b/1004 b	HR/Ncmsc
Jer 38:7	הַ/מֶּ֔לֶךְ	d/4428	HTd/Ncmsa
Jer 38:7	כִּֽי	3588 a	HC
Jer 38:7	נָתְנ֥וּ	5414	HVqp3cp
Jer 38:7	אֶֽת	853	HTo
Jer 38:7	יִרְמְיָ֖הוּ	3414	HNp
Jer 38:7	אֶל	413	HR
Jer 38:7	הַ/בּ֑וֹר	d/953 a	HTd/Ncmsa
Jer 38:7	וְ/הַ/מֶּ֥לֶךְ	c/d/4428	HC/Td/Ncmsa
Jer 38:7	יוֹשֵׁ֖ב	3427	HVqrmsa
Jer 38:7	בְּ/שַׁ֥עַר	b/8179	HR/Ncmsc
Jer 38:7	בִּנְיָמִֽן	1144	HNp
Jer 38:8	וַ/יֵּצֵ֥א	c/3318	HC/Vqw3ms
Jer 38:8	עֶֽבֶד	5663+	HNp
Jer 38:8	מֶ֖לֶךְ	5663	HNp
Jer 38:8	מִ/בֵּ֣ית	m/1004 b	HR/Ncmsc
Jer 38:8	הַ/מֶּ֑לֶךְ	d/4428	HTd/Ncmsa
Jer 38:8	וַ/יְדַבֵּ֥ר	c/1696	HC/Vpw3ms
Jer 38:8	אֶל	413	HR
Jer 38:8	הַ/מֶּ֖לֶךְ	d/4428	HTd/Ncmsa
Jer 38:8	לֵ/אמֹֽר	l/559	HR/Vqc
Jer 38:9	אֲדֹנִ֣/י	113	HNcmsc/Sp1cs
Jer 38:9	הַ/מֶּ֗לֶךְ	d/4428	HTd/Ncmsa
Jer 38:9	הֵרֵ֜עוּ	7489 a	HVhp3cp
Jer 38:9	הָ/אֲנָשִׁ֤ים	d/376	HTd/Ncmpa
Jer 38:9	הָ/אֵ֨לֶּה֙	d/428	HTd/Pdxcp
Jer 38:9	אֵ֣ת	853	HTo
Jer 38:9	כָּל	3605	HNcmsc
Jer 38:9	אֲשֶׁ֤ר	834 a	HTr
Jer 38:9	עָשׂוּ֙	6213 a	HVqp3cp
Jer 38:9	לְ/יִרְמְיָ֣הוּ	l/3414	HR/Np
Jer 38:9	הַ/נָּבִ֔יא	d/5030	HTd/Ncmsa
Jer 38:9	אֵ֥ת	853	HTo
Jer 38:9	אֲשֶׁר	834 a	HTr
Jer 38:9	הִשְׁלִ֖יכוּ	7993	HVhp3cp
Jer 38:9	אֶל	413	HR
Jer 38:9	הַ/בּ֑וֹר	d/953 a	HTd/Ncmsa
Jer 38:9	וַ/יָּ֤מָת	c/4191	HC/Vqw3ms
Jer 38:9	תַּחְתָּי/ו֙	8478	HR/Sp3ms
Jer 38:9	מִ/פְּנֵ֣י	m/6440	HR/Ncbpc
Jer 38:9	הָֽ/רָעָ֔ב	d/7458	HTd/Ncmsa
Jer 38:9	כִּ֣י	3588 a	HC
Jer 38:9	אֵ֥ין	369	HTn
Jer 38:9	הַ/לֶּ֛חֶם	d/3899	HTd/Ncbsa
Jer 38:9	ע֖וֹד	5750	HD
Jer 38:9	בָּ/עִֽיר	b/5892 b	HRd/Ncfsa
Jer 38:10	וַ/יְצַוֶּ֣ה	c/6680	HC/Vpw3ms
Jer 38:10	הַ/מֶּ֔לֶךְ	d/4428	HTd/Ncmsa
Jer 38:10	אֵ֛ת	853	HTo
Jer 38:10	עֶֽבֶד	5663+	HNp
Jer 38:10	מֶ֥לֶךְ	5663	HNp
Jer 38:10	הַ/כּוּשִׁ֖י	d/3569	HTd/Ngmsa
Jer 38:10	לֵ/אמֹ֑ר	l/559	HR/Vqc
Jer 38:10	קַ֣ח	3947	HVqv2ms
Jer 38:10	בְּ/יָדְ/ךָ֤	b/3027	HR/Ncbsc/Sp2ms
Jer 38:10	מִ/זֶּה֙	m/2088	HR/Pdxms
Jer 38:10	שְׁלֹשִׁ֣ים	7970	HAcbpa
Jer 38:10	אֲנָשִׁ֔ים	376	HNcmpa
Jer 38:10	וְֽ/הַעֲלִ֜יתָ	c/5927	HC/Vhq2ms
Jer 38:10	אֶֽת	853	HTo
Jer 38:10	יִרְמְיָ֧הוּ	3414	HNp
Jer 38:10	הַ/נָּבִ֛יא	d/5030	HTd/Ncmsa
Jer 38:10	מִן	4480 a	HR
Jer 38:10	הַ/בּ֖וֹר	d/953 a	HTd/Ncmsa
Jer 38:10	בְּ/טֶ֥רֶם	b/2962	HR/D
Jer 38:10	יָמֽוּת	4191	HVqi3ms
Jer 38:11	וַ/יִּקַּ֣ח	c/3947	HC/Vqw3ms
Jer 38:11	עֶֽבֶד	5663+	HNp
Jer 38:11	מֶ֨לֶךְ	5663	HNp
Jer 38:11	אֶת	853	HTo
Jer 38:11	הָ/אֲנָשִׁ֜ים	d/376	HTd/Ncmpa
Jer 38:11	בְּ/יָד֗/וֹ	b/3027	HR/Ncbsc/Sp3ms
Jer 38:11	וַ/יָּבֹ֤א	c/935	HC/Vqw3ms
Jer 38:11	בֵית	1004 b	HNcmsc
Jer 38:11	הַ/מֶּ֨לֶךְ֙	d/4428	HTd/Ncmsa
Jer 38:11	אֶל	413	HR
Jer 38:11	תַּ֣חַת	8478	HR
Jer 38:11	הָ/אוֹצָ֔ר	d/214	HTd/Ncmsa
Jer 38:11	וַ/יִּקַּ֤ח	c/3947	HC/Vqw3ms
Jer 38:11	מִ/שָּׁם֙	m/8033	HR/D
Jer 38:11	בְּלוֹיֵ֣	1094	HNcmpc
Jer 38:11	ה/סחבות	d/5499	HTd/Ncfpa
Jer 38:11	וּ/בְלוֹיֵ֖	c/1094	HC/Ncmpc
Jer 38:11	מְלָחִ֑ים	4418	HNcmpa
Jer 38:11	וַ/יְשַׁלְּחֵ֧/ם	c/7971	HC/Vpw3ms/Sp3mp
Jer 38:11	אֶֽל	413	HR
Jer 38:11	יִרְמְיָ֛הוּ	3414	HNp
Jer 38:11	אֶל	413	HR
Jer 38:11	הַ/בּ֖וֹר	d/953 a	HTd/Ncmsa
Jer 38:11	בַּ/חֲבָלִֽים	b/2256 a	HR/Ncbpa
Jer 38:12	וַ/יֹּ֡אמֶר	c/559	HC/Vqw3ms
Jer 38:12	עֶבֶד	5663+	HNp
Jer 38:12	מֶ֨לֶךְ	5663	HNp
Jer 38:12	הַ/כּוּשִׁ֜י	d/3569	HTd/Ngmsa
Jer 38:12	אֶֽל	413	HR
Jer 38:12	יִרְמְיָ֗הוּ	3414	HNp
Jer 38:12	שִׂ֣ים	7760 a	HVqv2ms
Jer 38:12	נָ֠א	4994	HTe
Jer 38:12	בְּלוֹאֵ֨י	1094	HNcmpc
Jer 38:12	הַ/סְּחָב֤וֹת	d/5499	HTd/Ncfpa
Jer 38:12	וְ/הַ/מְּלָחִים֙	c/d/4418	HC/Td/Ncmpa
Jer 38:12	תַּ֚חַת	8478	HR
Jer 38:12	אַצִּל֣וֹת	679	HNcfpc
Jer 38:12	יָדֶ֔י/ךָ	3027	HNcbdc/Sp2ms
Jer 38:12	מִ/תַּ֖חַת	m/8478	HR/R
Jer 38:12	לַ/חֲבָלִ֑ים	l/2256 a	HR/Ncbpa
Jer 38:12	וַ/יַּ֥עַשׂ	c/6213 a	HC/Vqw3ms
Jer 38:12	יִרְמְיָ֖הוּ	3414	HNp
Jer 38:12	כֵּֽן	3651 c	HTm
Jer 38:13	וַ/יִּמְשְׁכ֤וּ	c/4900	HC/Vqw3mp
Jer 38:13	אֶֽת	853	HTo
Jer 38:13	יִרְמְיָ֨הוּ֙	3414	HNp
Jer 38:13	בַּֽ/חֲבָלִ֔ים	b/2256 a	HR/Ncbpa
Jer 38:13	וַ/יַּעֲל֥וּ	c/5927	HC/Vhw3mp
Jer 38:13	אֹת֖/וֹ	853	HTo/Sp3ms
Jer 38:13	מִן	4480 a	HR
Jer 38:13	הַ/בּ֑וֹר	d/953 a	HTd/Ncmsa
Jer 38:13	וַ/יֵּ֣שֶׁב	c/3427	HC/Vqw3ms
Jer 38:13	יִרְמְיָ֔הוּ	3414	HNp
Jer 38:13	בַּ/חֲצַ֖ר	b/2691 a	HR/Ncbsc
Jer 38:13	הַ/מַּטָּרָֽה	d/4307	HTd/Ncfsa
Jer 38:14	וַ/יִּשְׁלַ֞ח	c/7971	HC/Vqw3ms
Jer 38:14	הַ/מֶּ֣לֶךְ	d/4428	HTd/Ncmsa
Jer 38:14	צִדְקִיָּ֗הוּ	6667	HNp
Jer 38:14	וַ/יִּקַּ֞ח	c/3947	HC/Vqw3ms
Jer 38:14	אֶֽת	853	HTo
Jer 38:14	יִרְמְיָ֤הוּ	3414	HNp
Jer 38:14	הַ/נָּבִיא֙	d/5030	HTd/Ncmsa
Jer 38:14	אֵלָ֔י/ו	413	HR/Sp3ms
Jer 38:14	אֶל	413	HR
Jer 38:14	מָבוֹא֙	3996	HNcmsa
Jer 38:14	הַ/שְּׁלִישִׁ֔י	d/7992	HTd/Aomsa
Jer 38:14	אֲשֶׁ֖ר	834 a	HTr
Jer 38:14	בְּ/בֵ֣ית	b/1004 b	HR/Ncmsc
Jer 38:14	יְהוָ֑ה	3068	HNp
Jer 38:14	וַ/יֹּ֨אמֶר	c/559	HC/Vqw3ms
Jer 38:14	הַ/מֶּ֜לֶךְ	d/4428	HTd/Ncmsa
Jer 38:14	אֶֽל	413	HR
Jer 38:14	יִרְמְיָ֗הוּ	3414	HNp
Jer 38:14	שֹׁאֵ֨ל	7592	HVqrmsa
Jer 38:14	אֲנִ֤י	589	HPp1cs
Jer 38:14	אֹֽתְ/ךָ֙	853	HTo/Sp2ms
Jer 38:14	דָּבָ֔ר	1697	HNcmsa
Jer 38:14	אַל	408	HTn
Jer 38:14	תְּכַחֵ֥ד	3582	HVpj2ms
Jer 38:14	מִמֶּ֖/נִּי	4480 a	HR/Sp1cs
Jer 38:14	דָּבָֽר	1697	HNcmsa
Jer 38:15	וַ/יֹּ֤אמֶר	c/559	HC/Vqw3ms
Jer 38:15	יִרְמְיָ֨הוּ֙	3414	HNp
Jer 38:15	אֶל	413	HR
Jer 38:15	צִדְקִיָּ֔הוּ	6667	HNp
Jer 38:15	כִּ֚י	3588 a	HC
Jer 38:15	אַגִּ֣יד	5046	HVhi1cs
Jer 38:15	לְ/ךָ֔	l	HR/Sp2ms
Jer 38:15	הֲ/ל֖וֹא	i/3808	HTi/Tn
Jer 38:15	הָמֵ֣ת	4191	HVha
Jer 38:15	תְּמִיתֵ֑/נִי	4191	HVhi2ms/Sp1cs
Jer 38:15	וְ/כִי֙	c/3588 a	HC/C
Jer 38:15	אִיעָ֣צְ/ךָ֔	3289	HVqi1cs/Sp2ms
Jer 38:15	לֹ֥א	3808	HTn
Jer 38:15	תִשְׁמַ֖ע	8085	HVqi2ms
Jer 38:15	אֵלָֽ/י	413	HR/Sp1cs
Jer 38:16	וַ/יִּשָּׁבַ֞ע	c/7650	HC/VNw3ms
Jer 38:16	הַ/מֶּ֧לֶךְ	d/4428	HTd/Ncmsa
Jer 38:16	צִדְקִיָּ֛הוּ	6667	HNp
Jer 38:16	אֶֽל	413	HR
Jer 38:16	יִרְמְיָ֖הוּ	3414	HNp
Jer 38:16	בַּ/סֵּ֣תֶר	b/5643 a	HRd/Ncmsa
Jer 38:16	לֵ/אמֹ֑ר	l/559	HR/Vqc
Jer 38:16	חַי	2416 a	HAamsa
Jer 38:16	יְהוָ֞ה	3068	HNp
Jer 38:16	את	853	HTo
Jer 38:16	אֲשֶׁר֩	834 a	HTr
Jer 38:16	עָשָׂה	6213 a	HVqp3ms
Jer 38:16	לָ֨/נוּ	l	HR/Sp1cp
Jer 38:16	אֶת	853	HTo
Jer 38:16	הַ/נֶּ֤פֶשׁ	d/5315	HTd/Ncbsa
Jer 38:16	הַ/זֹּאת֙	d/2063	HTd/Pdxfs
Jer 38:16	אִם	518 a	HC
Jer 38:16	אֲמִיתֶ֔/ךָ	4191	HVhi1cs/Sp2ms
Jer 38:16	וְ/אִם	c/518 a	HC/C
Jer 38:16	אֶתֶּנְ/ךָ֗	5414	HVqi1cs/Sp2ms
Jer 38:16	בְּ/יַד֙	b/3027	HR/Ncbsc
Jer 38:16	הָ/אֲנָשִׁ֣ים	d/376	HTd/Ncmpa
Jer 38:16	הָ/אֵ֔לֶּה	d/428	HTd/Pdxcp
Jer 38:16	אֲשֶׁ֥ר	834 a	HTr
Jer 38:16	מְבַקְשִׁ֖ים	1245	HVprmpa
Jer 38:16	אֶת	853	HTo
Jer 38:16	נַפְשֶֽׁ/ךָ	5315	HNcbsc/Sp2ms
Jer 38:17	וַ/יֹּ֣אמֶר	c/559	HC/Vqw3ms
Jer 38:17	יִרְמְיָ֣הוּ	3414	HNp
Jer 38:17	אֶל	413	HR
Jer 38:17	צִדְקִיָּ֡הוּ	6667	HNp
Jer 38:17	כֹּֽה	3541	HD
Jer 38:17	אָמַ֣ר	559	HVqp3ms
Jer 38:17	יְהוָה֩	3068	HNp
Jer 38:17	אֱלֹהֵ֨י	430	HNcmpc
Jer 38:17	צְבָא֜וֹת	6635 b	HNcbpa
Jer 38:17	אֱלֹהֵ֣י	430	HNcmpc
Jer 38:17	יִשְׂרָאֵ֗ל	3478	HNp
Jer 38:17	אִם	518 a	HC
Jer 38:17	יָצֹ֨א	3318	HVqa
Jer 38:17	תֵצֵ֜א	3318	HVqi2ms
Jer 38:17	אֶל	413	HR
Jer 38:17	שָׂרֵ֤י	8269	HNcmpc
Jer 38:17	מֶֽלֶךְ	4428	HNcmsc
Jer 38:17	בָּבֶל֙	894	HNp
Jer 38:17	וְ/חָיְתָ֣ה	c/2421	HC/Vqq3fs
Jer 38:17	נַפְשֶׁ֔/ךָ	5315	HNcbsc/Sp2ms
Jer 38:17	וְ/הָ/עִ֣יר	c/d/5892 b	HC/Td/Ncfsa
Jer 38:17	הַ/זֹּ֔את	d/2063	HTd/Pdxfs
Jer 38:17	לֹ֥א	3808	HTn
Jer 38:17	תִשָּׂרֵ֖ף	8313	HVNi3fs
Jer 38:17	בָּ/אֵ֑שׁ	b/784	HRd/Ncbsa
Jer 38:17	וְ/חָיִ֖תָה	c/2421	HC/Vqq2ms
Jer 38:17	אַתָּ֥ה	859 a	HPp2ms
Jer 38:17	וּ/בֵיתֶֽ/ךָ	c/1004 b	HC/Ncmsc/Sp2ms
Jer 38:18	וְ/אִ֣ם	c/518 a	HC/C
Jer 38:18	לֹֽא	3808	HTn
Jer 38:18	תֵצֵ֗א	3318	HVqi2ms
Jer 38:18	אֶל	413	HR
Jer 38:18	שָׂרֵי֙	8269	HNcmpc
Jer 38:18	מֶ֣לֶךְ	4428	HNcmsc
Jer 38:18	בָּבֶ֔ל	894	HNp
Jer 38:18	וְ/נִתְּנָ֞ה	c/5414	HC/VNq3fs
Jer 38:18	הָ/עִ֤יר	d/5892 b	HTd/Ncfsa
Jer 38:18	הַ/זֹּאת֙	d/2063	HTd/Pdxfs
Jer 38:18	בְּ/יַ֣ד	b/3027	HR/Ncbsc
Jer 38:18	הַ/כַּשְׂדִּ֔ים	d/3778	HTd/Np
Jer 38:18	וּ/שְׂרָפ֖וּ/הָ	c/8313	HC/Vqq3cp/Sp3fs
Jer 38:18	בָּ/אֵ֑שׁ	b/784	HRd/Ncbsa
Jer 38:18	וְ/אַתָּ֖ה	c/859 a	HC/Pp2ms
Jer 38:18	לֹֽא	3808	HTn
Jer 38:18	תִמָּלֵ֥ט	4422	HVNi2ms
Jer 38:18	מִ/יָּדָֽ/ם	m/3027	HR/Ncbsc/Sp3mp
Jer 38:19	וַ/יֹּ֛אמֶר	c/559	HC/Vqw3ms
Jer 38:19	הַ/מֶּ֥לֶךְ	d/4428	HTd/Ncmsa
Jer 38:19	צִדְקִיָּ֖הוּ	6667	HNp
Jer 38:19	אֶֽל	413	HR
Jer 38:19	יִרְמְיָ֑הוּ	3414	HNp
Jer 38:19	אֲנִ֧י	589	HPp1cs
Jer 38:19	דֹאֵ֣ג	1672	HVqrmsa
Jer 38:19	אֶת	853	HTo
Jer 38:19	הַ/יְּהוּדִ֗ים	d/3064	HTd/Ngmpa
Jer 38:19	אֲשֶׁ֤ר	834 a	HTr
Jer 38:19	נָֽפְלוּ֙	5307	HVqp3cp
Jer 38:19	אֶל	413	HR
Jer 38:19	הַ/כַּשְׂדִּ֔ים	d/3778	HTd/Np
Jer 38:19	פֶּֽן	6435	HC
Jer 38:19	יִתְּנ֥וּ	5414	HVqi3mp
Jer 38:19	אֹתִ֛/י	853	HTo/Sp1cs
Jer 38:19	בְּ/יָדָ֖/ם	b/3027	HR/Ncbsc/Sp3mp
Jer 38:19	וְ/הִתְעַלְּלוּ	c/5953 a	HC/Vtq3cp
Jer 38:19	בִֽ/י	b	HR/Sp1cs
Jer 38:20	וַ/יֹּ֥אמֶר	c/559	HC/Vqw3ms
Jer 38:20	יִרְמְיָ֖הוּ	3414	HNp
Jer 38:20	לֹ֣א	3808	HTn
Jer 38:20	יִתֵּ֑נוּ	5414	HVqi3mp
Jer 38:20	שְֽׁמַֽע	8085	HVqv2ms
Jer 38:20	נָ֣א	4994	HTe
Jer 38:20	בְּ/ק֣וֹל	b/6963 a	HR/Ncmsc
Jer 38:20	יְהוָ֗ה	3068	HNp
Jer 38:20	לַ/אֲשֶׁ֤ר	l/834 a	HR/Tr
Jer 38:20	אֲנִי֙	589	HPp1cs
Jer 38:20	דֹּבֵ֣ר	1696	HVqrmsa
Jer 38:20	אֵלֶ֔י/ךָ	413	HR/Sp2ms
Jer 38:20	וְ/יִ֥יטַב	c/3190	HC/Vqi3ms
Jer 38:20	לְ/ךָ֖	l	HR/Sp2ms
Jer 38:20	וּ/תְחִ֥י	c/2421	HC/Vqj3fs
Jer 38:20	נַפְשֶֽׁ/ךָ	5315	HNcbsc/Sp2ms
Jer 38:21	וְ/אִם	c/518 a	HC/C
Jer 38:21	מָאֵ֥ן	3986	HVprmsa
Jer 38:21	אַתָּ֖ה	859 a	HPp2ms
Jer 38:21	לָ/צֵ֑את	l/3318	HR/Vqc
Jer 38:21	זֶ֣ה	2088	HPdxms
Jer 38:21	הַ/דָּבָ֔ר	d/1697	HTd/Ncmsa
Jer 38:21	אֲשֶׁ֥ר	834 a	HTr
Jer 38:21	הִרְאַ֖/נִי	7200	HVhp3ms/Sp1cs
Jer 38:21	יְהוָֽה	3068	HNp
Jer 38:22	וְ/הִנֵּ֣ה	c/2009	HC/Tm
Jer 38:22	כָל	3605	HNcmsc
Jer 38:22	הַ/נָּשִׁ֗ים	d/802	HTd/Ncfpa
Jer 38:22	אֲשֶׁ֤ר	834 a	HTr
Jer 38:22	נִשְׁאֲרוּ֙	7604	HVNp3cp
Jer 38:22	בְּ/בֵ֣ית	b/1004 b	HR/Ncmsc
Jer 38:22	מֶֽלֶךְ	4428	HNcmsc
Jer 38:22	יְהוּדָ֔ה	3063	HNp
Jer 38:22	מוּצָא֕וֹת	3318	HVHsfpa
Jer 38:22	אֶל	413	HR
Jer 38:22	שָׂרֵ֖י	8269	HNcmpc
Jer 38:22	מֶ֣לֶךְ	4428	HNcmsc
Jer 38:22	בָּבֶ֑ל	894	HNp
Jer 38:22	וְ/הֵ֣נָּה	c/2007	HC/Pp3fp
Jer 38:22	אֹמְר֗וֹת	559	HVqrfpa
Jer 38:22	הִסִּית֜וּ/ךָ	5496	HVhp3cp/Sp2ms
Jer 38:22	וְ/יָכְל֤וּ	c/3201	HC/Vqp3cp
Jer 38:22	לְ/ךָ֙	l	HR/Sp2ms
Jer 38:22	אַנְשֵׁ֣י	376	HNcmpc
Jer 38:22	שְׁלֹמֶ֔/ךָ	7965	HNcmsc/Sp2ms
Jer 38:22	הָטְבְּע֥וּ	2883	HVHp3cp
Jer 38:22	בַ/בֹּ֛ץ	b/1206	HRd/Ncmsa
Jer 38:22	רַגְלֶ֖/ךָ	7272	HNcfdc/Sp2ms
Jer 38:22	נָסֹ֥גוּ	5472	HVNp3cp
Jer 38:22	אָחֽוֹר	268	HNcmsa
Jer 38:23	וְ/אֶת	c/853	HC/To
Jer 38:23	כָּל	3605	HNcmsc
Jer 38:23	נָשֶׁ֣י/ךָ	802	HNcfpc/Sp2ms
Jer 38:23	וְ/אֶת	c/853	HC/To
Jer 38:23	בָּנֶ֗י/ךָ	1121 a	HNcmpc/Sp2ms
Jer 38:23	מֽוֹצִאִים֙	3318	HVhrmpa
Jer 38:23	אֶל	413	HR
Jer 38:23	הַ/כַּשְׂדִּ֔ים	d/3778	HTd/Np
Jer 38:23	וְ/אַתָּ֖ה	c/859 a	HC/Pp2ms
Jer 38:23	לֹא	3808	HTn
Jer 38:23	תִמָּלֵ֣ט	4422	HVNi2ms
Jer 38:23	מִ/יָּדָ֑/ם	m/3027	HR/Ncbsc/Sp3mp
Jer 38:23	כִּ֣י	3588 a	HC
Jer 38:23	בְ/יַ֤ד	b/3027	HR/Ncbsc
Jer 38:23	מֶֽלֶךְ	4428	HNcmsc
Jer 38:23	בָּבֶל֙	894	HNp
Jer 38:23	תִּתָּפֵ֔שׂ	8610	HVNi2ms
Jer 38:23	וְ/אֶת	c/853	HC/To
Jer 38:23	הָ/עִ֥יר	d/5892 b	HTd/Ncfsa
Jer 38:23	הַ/זֹּ֖את	d/2063	HTd/Pdxfs
Jer 38:23	תִּשְׂרֹ֥ף	8313	HVqi3fs
Jer 38:23	בָּ/אֵֽשׁ	b/784	HRd/Ncbsa
Jer 38:24	וַ/יֹּ֨אמֶר	c/559	HC/Vqw3ms
Jer 38:24	צִדְקִיָּ֜הוּ	6667	HNp
Jer 38:24	אֶֽל	413	HR
Jer 38:24	יִרְמְיָ֗הוּ	3414	HNp
Jer 38:24	אִ֛ישׁ	376	HNcmsa
Jer 38:24	אַל	408	HTn
Jer 38:24	יֵדַ֥ע	3045	HVqj3ms
Jer 38:24	בַּ/דְּבָֽרִים	b/1697	HRd/Ncmpa
Jer 38:24	הָ/אֵ֖לֶּה	d/428	HTd/Pdxcp
Jer 38:24	וְ/לֹ֥א	c/3808	HC/Tn
Jer 38:24	תָמֽוּת	4191	HVqi2ms
Jer 38:25	וְ/כִֽי	c/3588 a	HC/C
Jer 38:25	יִשְׁמְע֣וּ	8085	HVqi3mp
Jer 38:25	הַ/שָּׂרִים֮	d/8269	HTd/Ncmpa
Jer 38:25	כִּֽי	3588 a	HC
Jer 38:25	דִבַּ֣רְתִּי	1696	HVpp1cs
Jer 38:25	אִתָּ/ךְ֒	854	HR/Sp2fs
Jer 38:25	וּ/בָ֣אוּ	c/935	HC/Vqq3cp
Jer 38:25	אֵלֶ֣י/ךָ	413	HR/Sp2ms
Jer 38:25	וְֽ/אָמְר֪וּ	c/559	HC/Vqq3cp
Jer 38:25	אֵלֶ֟י/ךָ	413	HR/Sp2ms
Jer 38:25	הַגִּֽידָ/ה	5046	HVhv2ms/Sh
Jer 38:25	נָּ֨א	4994	HTj
Jer 38:25	לָ֜/נוּ	l	HR/Sp1cp
Jer 38:25	מַה	4100	HTi
Jer 38:25	דִּבַּ֧רְתָּ	1696	HVpp2ms
Jer 38:25	אֶל	413	HR
Jer 38:25	הַ/מֶּ֛לֶךְ	d/4428	HTd/Ncmsa
Jer 38:25	אַל	408	HTn
Jer 38:25	תְּכַחֵ֥ד	3582	HVpj2ms
Jer 38:25	מִמֶּ֖/נּוּ	4480 a	HR/Sp1cp
Jer 38:25	וְ/לֹ֣א	c/3808	HC/Tn
Jer 38:25	נְמִיתֶ֑/ךָ	4191	HVhi1cp/Sp2ms
Jer 38:25	וּ/מַה	c/4100	HC/Ti
Jer 38:25	דִּבֶּ֥ר	1696	HVpp3ms
Jer 38:25	אֵלֶ֖י/ךָ	413	HR/Sp2ms
Jer 38:25	הַ/מֶּֽלֶךְ	d/4428	HTd/Ncmsa
Jer 38:26	וְ/אָמַרְתָּ֣	c/559	HC/Vqq2ms
Jer 38:26	אֲלֵי/הֶ֔ם	413	HR/Sp3mp
Jer 38:26	מַפִּיל	5307	HVhrmsa
Jer 38:26	אֲנִ֥י	589	HPp1cs
Jer 38:26	תְחִנָּתִ֖/י	8467	HNcfsc/Sp1cs
Jer 38:26	לִ/פְנֵ֣י	l/6440	HR/Ncbpc
Jer 38:26	הַ/מֶּ֑לֶךְ	d/4428	HTd/Ncmsa
Jer 38:26	לְ/בִלְתִּ֧י	l/1115	HR/C
Jer 38:26	הֲשִׁיבֵ֛/נִי	7725	HVhc/Sp1cs
Jer 38:26	בֵּ֥ית	1004 b	HNcmsc
Jer 38:26	יְהוֹנָתָ֖ן	3083	HNp
Jer 38:26	לָ/מ֥וּת	l/4191	HR/Vqc
Jer 38:26	שָֽׁם	8033	HD
Jer 38:27	וַ/יָּבֹ֨אוּ	c/935	HC/Vqw3mp
Jer 38:27	כָל	3605	HNcmsc
Jer 38:27	הַ/שָּׂרִ֤ים	d/8269	HTd/Ncmpa
Jer 38:27	אֶֽל	413	HR
Jer 38:27	יִרְמְיָ֨הוּ֙	3414	HNp
Jer 38:27	וַ/יִּשְׁאֲל֣וּ	c/7592	HC/Vqw3mp
Jer 38:27	אֹת֔/וֹ	853	HTo/Sp3ms
Jer 38:27	וַ/יַּגֵּ֤ד	c/5046	HC/Vhw3ms
Jer 38:27	לָ/הֶם֙	l	HR/Sp3mp
Jer 38:27	כְּ/כָל	k/3605	HR/Ncmsc
Jer 38:27	הַ/דְּבָרִ֣ים	d/1697	HTd/Ncmpa
Jer 38:27	הָ/אֵ֔לֶּה	d/428	HTd/Pdxcp
Jer 38:27	אֲשֶׁ֥ר	834 a	HTr
Jer 38:27	צִוָּ֖ה	6680	HVpp3ms
Jer 38:27	הַ/מֶּ֑לֶךְ	d/4428	HTd/Ncmsa
Jer 38:27	וַ/יַּחֲרִ֣שׁוּ	c/2790 b	HC/Vhw3mp
Jer 38:27	מִמֶּ֔/נּוּ	4480 a	HR/Sp1cp
Jer 38:27	כִּ֥י	3588 a	HC
Jer 38:27	לֹֽא	3808	HTn
Jer 38:27	נִשְׁמַ֖ע	8085	HVNp3ms
Jer 38:27	הַ/דָּבָֽר	d/1697	HTd/Ncmsa
Jer 38:28	וַ/יֵּ֤שֶׁב	c/3427	HC/Vqw3ms
Jer 38:28	יִרְמְיָ֨הוּ֙	3414	HNp
Jer 38:28	בַּ/חֲצַ֣ר	b/2691 a	HR/Ncbsc
Jer 38:28	הַ/מַּטָּרָ֔ה	d/4307	HTd/Ncfsa
Jer 38:28	עַד	5704	HR
Jer 38:28	י֖וֹם	3117	HNcmsa
Jer 38:28	אֲשֶׁר	834 a	HTr
Jer 38:28	נִלְכְּדָ֣ה	3920	HVNp3fs
Jer 38:28	יְרוּשָׁלִָ֑ם	3389	HNp
Jer 38:28	וְ/הָיָ֕ה	c/1961	HC/Vqq3ms
Jer 38:28	כַּ/אֲשֶׁ֥ר	k/834 d	HR/Tr
Jer 38:28	נִלְכְּדָ֖ה	3920	HVNp3fs
Jer 38:28	יְרוּשָׁלִָֽם	3389	HNp
Jer 39:1	בַּ/שָּׁנָ֣ה	b/8141	HRd/Ncfsa
Jer 39:1	הַ֠/תְּשִׁעִית	d/8671	HTd/Aofsa
Jer 39:1	לְ/צִדְקִיָּ֨הוּ	l/6667	HR/Np
Jer 39:1	מֶלֶךְ	4428	HNcmsc
Jer 39:1	יְהוּדָ֜ה	3063	HNp
Jer 39:1	בַּ/חֹ֣דֶשׁ	b/2320	HRd/Ncmsa
Jer 39:1	הָ/עֲשִׂרִ֗י	d/6224	HTd/Aomsa
Jer 39:1	בָּ֠א	935	HVqp3ms
Jer 39:1	נְבוּכַדְרֶאצַּ֨ר	5019	HNp
Jer 39:1	מֶֽלֶךְ	4428	HNcmsc
Jer 39:1	בָּבֶ֤ל	894	HNp
Jer 39:1	וְ/כָל	c/3605	HC/Ncmsc
Jer 39:1	חֵיל/וֹ֙	2428	HNcmsc/Sp3ms
Jer 39:1	אֶל	413	HR
Jer 39:1	יְר֣וּשָׁלִַ֔ם	3389	HNp
Jer 39:1	וַ/יָּצֻ֖רוּ	c/6696 a	HC/Vqw3mp
Jer 39:1	עָלֶֽי/הָ	5921 a	HR/Sp3fs
Jer 39:2	בְּ/עַשְׁתֵּֽי	b/6249	HR/Acbsc
Jer 39:2	עֶשְׂרֵ֤ה	6240	HAcfsa
Jer 39:2	שָׁנָה֙	8141	HNcfsa
Jer 39:2	לְ/צִדְקִיָּ֔הוּ	l/6667	HR/Np
Jer 39:2	בַּ/חֹ֥דֶשׁ	b/2320	HRd/Ncmsa
Jer 39:2	הָ/רְבִיעִ֖י	d/7243	HTd/Aomsa
Jer 39:2	בְּ/תִשְׁעָ֣ה	b/8672	HR/Acmsa
Jer 39:2	לַ/חֹ֑דֶשׁ	l/2320	HRd/Ncmsa
Jer 39:2	הָבְקְעָ֖ה	1234	HVHp3fs
Jer 39:2	הָ/עִֽיר	d/5892 b	HTd/Ncfsa
Jer 39:3	וַ/יָּבֹ֗אוּ	c/935	HC/Vqw3mp
Jer 39:3	כֹּ֚ל	3605	HNcmsc
Jer 39:3	שָׂרֵ֣י	8269	HNcmpc
Jer 39:3	מֶֽלֶךְ	4428	HNcmsc
Jer 39:3	בָּבֶ֔ל	894	HNp
Jer 39:3	וַ/יֵּשְׁב֖וּ	c/3427	HC/Vqw3mp
Jer 39:3	בְּ/שַׁ֣עַר	b/8179	HR/Ncmsc
Jer 39:3	הַ/תָּ֑וֶךְ	d/8432	HTd/Ncmsa
Jer 39:3	נֵרְגַ֣ל	5371+	HNp
Jer 39:3	שַׂר	5371+	HNp
Jer 39:3	אֶ֠צֶר	5371	HNp
Jer 39:3	סַֽמְגַּר	5562+	HNp
Jer 39:3	נְב֞וּ	5562	HNp
Jer 39:3	שַׂר	8310+	HNp
Jer 39:3	סְכִ֣ים	8310	HNp
Jer 39:3	רַב	7249+	HNcmsc
Jer 39:3	סָרִ֗יס	7249	HNcmsa
Jer 39:3	נֵרְגַ֤ל	5371+	HNp
Jer 39:3	שַׂר	5371+	HNp
Jer 39:3	אֶ֨צֶר֙	5371	HNp
Jer 39:3	רַב	7248+	HNcmsa
Jer 39:3	מָ֔ג	7248	HNcmsa
Jer 39:3	וְ/כָל	c/3605	HC/Ncmsc
Jer 39:3	שְׁאֵרִ֔ית	7611	HNcfsc
Jer 39:3	שָׂרֵ֖י	8269	HNcmpc
Jer 39:3	מֶ֥לֶךְ	4428	HNcmsc
Jer 39:3	בָּבֶֽל	894	HNp
Jer 39:4	וַ/יְהִ֡י	c/1961	HC/Vqw3ms
Jer 39:4	כַּ/אֲשֶׁ֣ר	k/834 d	HR/Tr
Jer 39:4	רָ֠אָ/ם	7200	HVqp3ms/Sp3mp
Jer 39:4	צִדְקִיָּ֨הוּ	6667	HNp
Jer 39:4	מֶֽלֶךְ	4428	HNcmsc
Jer 39:4	יְהוּדָ֜ה	3063	HNp
Jer 39:4	וְ/כֹ֣ל	c/3605	HC/Ncmsc
Jer 39:4	אַנְשֵׁ֣י	376	HNcmpc
Jer 39:4	הַ/מִּלְחָמָ֗ה	d/4421	HTd/Ncfsa
Jer 39:4	וַֽ֠/יִּבְרְחוּ	c/1272	HC/Vqw3mp
Jer 39:4	וַ/יֵּצְא֨וּ	c/3318	HC/Vqw3mp
Jer 39:4	לַ֤יְלָה	3915	HNcmsa
Jer 39:4	מִן	4480 a	HR
Jer 39:4	הָ/עִיר֙	d/5892 b	HTd/Ncfsa
Jer 39:4	דֶּ֚רֶךְ	1870	HNcbsc
Jer 39:4	גַּ֣ן	1588	HNcbsc
Jer 39:4	הַ/מֶּ֔לֶךְ	d/4428	HTd/Ncmsa
Jer 39:4	בְּ/שַׁ֖עַר	b/8179	HR/Ncmsa
Jer 39:4	בֵּ֣ין	996	HR
Jer 39:4	הַ/חֹמֹתָ֑יִם	d/2346	HTd/Ncfda
Jer 39:4	וַ/יֵּצֵ֖א	c/3318	HC/Vqw3ms
Jer 39:4	דֶּ֥רֶךְ	1870	HNcbsc
Jer 39:4	הָ/עֲרָבָֽה	d/6160	HTd/Ncfsa
Jer 39:5	וַ/יִּרְדְּפ֨וּ	c/7291	HC/Vqw3mp
Jer 39:5	חֵיל	2428	HNcmsc
Jer 39:5	כַּשְׂדִּ֜ים	3778	HNp
Jer 39:5	אַחֲרֵי/הֶ֗ם	310 a	HR/Sp3mp
Jer 39:5	וַ/יַּשִּׂ֣גוּ	c/5381	HC/Vhw3mp
Jer 39:5	אֶת	853	HTo
Jer 39:5	צִדְקִיָּהוּ֮	6667	HNp
Jer 39:5	בְּ/עַֽרְב֣וֹת	b/6160	HR/Ncfpc
Jer 39:5	יְרֵחוֹ֒	3405	HNp
Jer 39:5	וַ/יִּקְח֣וּ	c/3947	HC/Vqw3mp
Jer 39:5	אֹת֗/וֹ	853	HTo/Sp3ms
Jer 39:5	וַֽ֠/יַּעֲלֻ/הוּ	c/5927	HC/Vhw3mp/Sp3ms
Jer 39:5	אֶל	413	HR
Jer 39:5	נְבוּכַדְרֶאצַּ֧ר	5019	HNp
Jer 39:5	מֶֽלֶךְ	4428	HNcmsc
Jer 39:5	בָּבֶ֛ל	894	HNp
Jer 39:5	רִבְלָ֖תָ/ה	7247	HNp/Sd
Jer 39:5	בְּ/אֶ֣רֶץ	b/776	HR/Ncbsc
Jer 39:5	חֲמָ֑ת	2574	HNp
Jer 39:5	וַ/יְדַבֵּ֥ר	c/1696	HC/Vpw3ms
Jer 39:5	אִתּ֖/וֹ	854	HR/Sp3ms
Jer 39:5	מִשְׁפָּטִֽים	4941	HNcmpa
Jer 39:6	וַ/יִּשְׁחַט֩	c/7819 a	HC/Vqw3ms
Jer 39:6	מֶ֨לֶךְ	4428	HNcmsc
Jer 39:6	בָּבֶ֜ל	894	HNp
Jer 39:6	אֶת	853	HTo
Jer 39:6	בְּנֵ֧י	1121 a	HNcmpc
Jer 39:6	צִדְקִיָּ֛הוּ	6667	HNp
Jer 39:6	בְּ/רִבְלָ֖ה	b/7247	HR/Np
Jer 39:6	לְ/עֵינָ֑י/ו	l/5869 a	HR/Ncbdc/Sp3ms
Jer 39:6	וְ/אֵת֙	c/853	HC/To
Jer 39:6	כָּל	3605	HNcmsc
Jer 39:6	חֹרֵ֣י	2715	HNcmpc
Jer 39:6	יְהוּדָ֔ה	3063	HNp
Jer 39:6	שָׁחַ֖ט	7819 a	HVqp3ms
Jer 39:6	מֶ֥לֶךְ	4428	HNcmsc
Jer 39:6	בָּבֶֽל	894	HNp
Jer 39:7	וְ/אֶת	c/853	HC/To
Jer 39:7	עֵינֵ֥י	5869 a	HNcbdc
Jer 39:7	צִדְקִיָּ֖הוּ	6667	HNp
Jer 39:7	עִוֵּ֑ר	5786	HVpp3ms
Jer 39:7	וַ/יַּאַסְרֵ֨/הוּ֙	c/631	HC/Vqw3ms/Sp3ms
Jer 39:7	בַּֽ/נְחֻשְׁתַּ֔יִם	b/5178 a	HRd/Ncfda
Jer 39:7	לָ/בִ֥יא	l/935	HR/Vhc
Jer 39:7	אֹת֖/וֹ	853	HTo/Sp3ms
Jer 39:7	בָּבֶֽלָ/ה	894	HNp/Sd
Jer 39:8	וְ/אֶת	c/853	HC/To
Jer 39:8	בֵּ֤ית	1004 b	HNcmsc
Jer 39:8	הַ/מֶּ֨לֶךְ֙	d/4428	HTd/Ncmsa
Jer 39:8	וְ/אֶת	c/853	HC/To
Jer 39:8	בֵּ֣ית	1004 b	HNcmsc
Jer 39:8	הָ/עָ֔ם	d/5971 a	HTd/Ncmsa
Jer 39:8	שָׂרְפ֥וּ	8313	HVqp3cp
Jer 39:8	הַ/כַּשְׂדִּ֖ים	d/3778	HTd/Np
Jer 39:8	בָּ/אֵ֑שׁ	b/784	HRd/Ncbsa
Jer 39:8	וְ/אֶת	c/853	HC/To
Jer 39:8	חֹמ֥וֹת	2346	HNcfpc
Jer 39:8	יְרוּשָׁלִַ֖ם	3389	HNp
Jer 39:8	נָתָֽצוּ	5422	HVqp3cp
Jer 39:9	וְ/אֵת֩	c/853	HC/To
Jer 39:9	יֶ֨תֶר	3499 a	HNcmsc
Jer 39:9	הָ/עָ֜ם	d/5971 a	HTd/Ncmsa
Jer 39:9	הַ/נִּשְׁאָרִ֣ים	d/7604	HTd/VNrmpa
Jer 39:9	בָּ/עִ֗יר	b/5892 b	HRd/Ncfsa
Jer 39:9	וְ/אֶת	c/853	HC/To
Jer 39:9	הַ/נֹּֽפְלִים֙	d/5307	HTd/Vqrmpa
Jer 39:9	אֲשֶׁ֣ר	834 a	HTr
Jer 39:9	נָפְל֣וּ	5307	HVqp3cp
Jer 39:9	עָלָ֔י/ו	5921 a	HR/Sp3ms
Jer 39:9	וְ/אֵ֛ת	c/853	HC/To
Jer 39:9	יֶ֥תֶר	3499 a	HNcmsc
Jer 39:9	הָ/עָ֖ם	d/5971 a	HTd/Ncmsa
Jer 39:9	הַ/נִּשְׁאָרִ֑ים	d/7604	HTd/VNrmpa
Jer 39:9	הֶגְלָ֛ה	1540	HVhp3ms
Jer 39:9	נְבֽוּזַר	5018+	HNp
Jer 39:9	אֲדָ֥ן	5018	HNp
Jer 39:9	רַב	7227 b	HNcmsc
Jer 39:9	טַבָּחִ֖ים	2876	HNcmpa
Jer 39:9	בָּבֶֽל	894	HNp
Jer 39:10	וּ/מִן	c/4480 a	HC/R
Jer 39:10	הָ/עָ֣ם	d/5971 a	HTd/Ncmsa
Jer 39:10	הַ/דַּלִּ֗ים	d/1800	HTd/Aampa
Jer 39:10	אֲשֶׁ֤ר	834 a	HTr
Jer 39:10	אֵין	369	HTn
Jer 39:10	לָ/הֶם֙	l	HR/Sp3mp
Jer 39:10	מְא֔וּמָה	3972	HNcfsa
Jer 39:10	הִשְׁאִ֛יר	7604	HVhp3ms
Jer 39:10	נְבוּזַרְאֲדָ֥ן	5018	HNp
Jer 39:10	רַב	7227 b	HNcmsc
Jer 39:10	טַבָּחִ֖ים	2876	HNcmpa
Jer 39:10	בְּ/אֶ֣רֶץ	b/776	HR/Ncbsc
Jer 39:10	יְהוּדָ֑ה	3063	HNp
Jer 39:10	וַ/יִּתֵּ֥ן	c/5414	HC/Vqw3ms
Jer 39:10	לָ/הֶ֛ם	l	HR/Sp3mp
Jer 39:10	כְּרָמִ֥ים	3754	HNcbpa
Jer 39:10	וִֽ/יגֵבִ֖ים	c/3010	HC/Ncmpa
Jer 39:10	בַּ/יּ֥וֹם	b/3117	HRd/Ncmsa
Jer 39:10	הַ/הֽוּא	d/1931	HTd/Pp3ms
Jer 39:11	וַ/יְצַ֛ו	c/6680	HC/Vpw3ms
Jer 39:11	נְבוּכַדְרֶאצַּ֥ר	5019	HNp
Jer 39:11	מֶֽלֶךְ	4428	HNcmsc
Jer 39:11	בָּבֶ֖ל	894	HNp
Jer 39:11	עַֽל	5921 a	HR
Jer 39:11	יִרְמְיָ֑הוּ	3414	HNp
Jer 39:11	בְּ/יַ֛ד	b/3027	HR/Ncbsc
Jer 39:11	נְבוּזַרְאֲדָ֥ן	5018	HNp
Jer 39:11	רַב	7227 b	HNcmsc
Jer 39:11	טַבָּחִ֖ים	2876	HNcmpa
Jer 39:11	לֵ/אמֹֽר	l/559	HR/Vqc
Jer 39:12	קָחֶ֗/נּוּ	3947	HVqv2ms/Sp3ms
Jer 39:12	וְ/עֵינֶ֨י/ךָ֙	c/5869 a	HC/Ncbdc/Sp2ms
Jer 39:12	שִׂ֣ים	7760 a	HVqv2ms
Jer 39:12	עָלָ֔י/ו	5921 a	HR/Sp3ms
Jer 39:12	וְ/אַל	c/408	HC/Tn
Jer 39:12	תַּ֥עַשׂ	6213 a	HVqj2ms
Jer 39:12	ל֖/וֹ	l	HR/Sp3ms
Jer 39:12	מְא֣וּמָה	3972	HNcfsa
Jer 39:12	רָּ֑ע	7451 b	HAamsa
Jer 39:12	כִּ֗י	3588 a	HC
Jer 39:12	אם	518 a	HC
Jer 39:12	כַּֽ/אֲשֶׁר֙	k/834 d	HR/Tr
Jer 39:12	יְדַבֵּ֣ר	1696	HVpi3ms
Jer 39:12	אֵלֶ֔י/ךָ	413	HR/Sp2ms
Jer 39:12	כֵּ֖ן	3651 c	HTm
Jer 39:12	עֲשֵׂ֥ה	6213 a	HVqv2ms
Jer 39:12	עִמּֽ/וֹ	5973 a	HR/Sp3ms
Jer 39:13	וַ/יִּשְׁלַ֞ח	c/7971	HC/Vqw3ms
Jer 39:13	נְבֽוּזַרְאֲדָ֣ן	5018	HNp
Jer 39:13	רַב	7227 b	HNcmsc
Jer 39:13	טַבָּחִ֗ים	2876	HNcmpa
Jer 39:13	וּ/נְבֽוּשַׁזְבָּן֙	c/5021	HC/Np
Jer 39:13	רַב	7249+	HNcmsc
Jer 39:13	סָרִ֔יס	7249	HNcmsa
Jer 39:13	וְ/נֵרְגַ֥ל	c/5371+	HC/Np
Jer 39:13	שַׂר	5371+	HNp
Jer 39:13	אֶ֖צֶר	5371	HNp
Jer 39:13	רַב	7248+	HNcmsc
Jer 39:13	מָ֑ג	7248	HNcmsa
Jer 39:13	וְ/כֹ֖ל	c/3605	HC/Ncmsc
Jer 39:13	רַבֵּ֥י	7227 b	HNcmpc
Jer 39:13	מֶֽלֶךְ	4428	HNcmsc
Jer 39:13	בָּבֶֽל	894	HNp
Jer 39:14	וַ/יִּשְׁלְחוּ֩	c/7971	HC/Vqw3mp
Jer 39:14	וַ/יִּקְח֨וּ	c/3947	HC/Vqw3mp
Jer 39:14	אֶֽת	853	HTo
Jer 39:14	יִרְמְיָ֜הוּ	3414	HNp
Jer 39:14	מֵ/חֲצַ֣ר	m/2691 a	HR/Ncbsc
Jer 39:14	הַ/מַּטָּרָ֗ה	d/4307	HTd/Ncfsa
Jer 39:14	וַ/יִּתְּנ֤וּ	c/5414	HC/Vqw3mp
Jer 39:14	אֹת/וֹ֙	853	HTo/Sp3ms
Jer 39:14	אֶל	413	HR
Jer 39:14	גְּדַלְיָ֨הוּ֙	1436 b	HNp
Jer 39:14	בֶּן	1121 a	HNcmsc
Jer 39:14	אֲחִיקָ֣ם	296	HNp
Jer 39:14	בֶּן	1121 a	HNcmsc
Jer 39:14	שָׁפָ֔ן	8227 b	HNp
Jer 39:14	לְ/הוֹצִאֵ֖/הוּ	l/3318	HR/Vhc/Sp3ms
Jer 39:14	אֶל	413	HR
Jer 39:14	הַ/בָּ֑יִת	d/1004 b	HTd/Ncmsa
Jer 39:14	וַ/יֵּ֖שֶׁב	c/3427	HC/Vqw3ms
Jer 39:14	בְּ/ת֥וֹךְ	b/8432	HR/Ncmsc
Jer 39:14	הָ/עָֽם	d/5971 a	HTd/Ncmsa
Jer 39:15	וְ/אֶֽל	c/413	HC/R
Jer 39:15	יִרְמְיָ֖הוּ	3414	HNp
Jer 39:15	הָיָ֣ה	1961	HVqp3ms
Jer 39:15	דְבַר	1697	HNcmsc
Jer 39:15	יְהוָ֑ה	3068	HNp
Jer 39:15	בִּֽ/הְיֹת֣/וֹ	b/1961	HR/Vqc/Sp3ms
Jer 39:15	עָצ֔וּר	6113	HVqsmsa
Jer 39:15	בַּ/חֲצַ֥ר	b/2691 a	HR/Ncbsc
Jer 39:15	הַ/מַּטָּרָ֖ה	d/4307	HTd/Ncfsa
Jer 39:15	לֵ/אמֹֽר	l/559	HR/Vqc
Jer 39:16	הָל֣וֹךְ	1980	HVqa
Jer 39:16	וְ/אָמַרְתָּ֡	c/559	HC/Vqq2ms
Jer 39:16	לְ/עֶבֶד	l/5663+	HR/Np
Jer 39:16	מֶ֨לֶךְ	5663	HNp
Jer 39:16	הַ/כּוּשִׁ֜י	d/3569	HTd/Ngmsa
Jer 39:16	לֵ/אמֹ֗ר	l/559	HR/Vqc
Jer 39:16	כֹּֽה	3541	HD
Jer 39:16	אָמַ֞ר	559	HVqp3ms
Jer 39:16	יְהוָ֤ה	3068	HNp
Jer 39:16	צְבָאוֹת֙	6635 b	HNcbpa
Jer 39:16	אֱלֹהֵ֣י	430	HNcmpc
Jer 39:16	יִשְׂרָאֵ֔ל	3478	HNp
Jer 39:16	הִנְ/נִי֩	2005	HTm/Sp1cs
Jer 39:16	מבי	935	HVhrmsa
Jer 39:16	אֶת	853	HTo
Jer 39:16	דְּבָרַ֜/י	1697	HNcmpc/Sp1cs
Jer 39:16	אֶל	413	HR
Jer 39:16	הָ/עִ֥יר	d/5892 b	HTd/Ncfsa
Jer 39:16	הַ/זֹּ֛את	d/2063	HTd/Pdxfs
Jer 39:16	לְ/רָעָ֖ה	l/7451 c	HR/Ncfsa
Jer 39:16	וְ/לֹ֣א	c/3808	HC/Tn
Jer 39:16	לְ/טוֹבָ֑ה	l/2896 c	HR/Aafsa
Jer 39:16	וְ/הָי֥וּ	c/1961	HC/Vqq3cp
Jer 39:16	לְ/פָנֶ֖י/ךָ	l/6440	HR/Ncbpc/Sp2ms
Jer 39:16	בַּ/יּ֥וֹם	b/3117	HRd/Ncmsa
Jer 39:16	הַ/הֽוּא	d/1931	HTd/Pp3ms
Jer 39:17	וְ/הִצַּלְתִּ֥י/ךָ	c/5337	HC/Vhq1cs/Sp2ms
Jer 39:17	בַ/יּוֹם	b/3117	HRd/Ncmsa
Jer 39:17	הַ/ה֖וּא	d/1931	HTd/Pp3ms
Jer 39:17	נְאֻם	5002	HNcmsc
Jer 39:17	יְהוָ֑ה	3068	HNp
Jer 39:17	וְ/לֹ֤א	c/3808	HC/Tn
Jer 39:17	תִנָּתֵן֙	5414	HVNi2ms
Jer 39:17	בְּ/יַ֣ד	b/3027	HR/Ncbsc
Jer 39:17	הָֽ/אֲנָשִׁ֔ים	d/376	HTd/Ncmpa
Jer 39:17	אֲשֶׁר	834 a	HTr
Jer 39:17	אַתָּ֥ה	859 a	HPp2ms
Jer 39:17	יָג֖וֹר	3016	HAamsa
Jer 39:17	מִ/פְּנֵי/הֶֽם	m/6440	HR/Ncbpc/Sp3mp
Jer 39:18	כִּ֤י	3588 a	HC
Jer 39:18	מַלֵּט֙	4422	HVpa
Jer 39:18	אֲמַלֶּטְ/ךָ֔	4422	HVpi1cs/Sp2ms
Jer 39:18	וּ/בַ/חֶ֖רֶב	c/b/2719	HC/Rd/Ncfsa
Jer 39:18	לֹ֣א	3808	HTn
Jer 39:18	תִפֹּ֑ל	5307	HVqi2ms
Jer 39:18	וְ/הָיְתָ֨ה	c/1961	HC/Vqq3fs
Jer 39:18	לְ/ךָ֤	l	HR/Sp2ms
Jer 39:18	נַפְשְׁ/ךָ֙	5315	HNcbsc/Sp2ms
Jer 39:18	לְ/שָׁלָ֔ל	l/7998	HR/Ncmsa
Jer 39:18	כִּֽי	3588 a	HC
Jer 39:18	בָטַ֥חְתָּ	982	HVqp2ms
Jer 39:18	בִּ֖/י	b	HR/Sp1cs
Jer 39:18	נְאֻם	5002	HNcmsc
Jer 39:18	יְהוָֽה	3068	HNp
Jer 40:1	הַ/דָּבָ֞ר	d/1697	HTd/Ncmsa
Jer 40:1	אֲשֶׁר	834 a	HTr
Jer 40:1	הָיָ֤ה	1961	HVqp3ms
Jer 40:1	אֶֽל	413	HR
Jer 40:1	יִרְמְיָ֨הוּ֙	3414	HNp
Jer 40:1	מֵ/אֵ֣ת	m/854	HR/R
Jer 40:1	יְהוָ֔ה	3068	HNp
Jer 40:1	אַחַ֣ר	310 a	HR
Jer 40:1	שַׁלַּ֣ח	7971	HVpc
Jer 40:1	אֹת֗/וֹ	853	HTo/Sp3ms
Jer 40:1	נְבוּזַרְאֲדָ֛ן	5018	HNp
Jer 40:1	רַב	7227 b	HNcmsc
Jer 40:1	טַבָּחִ֖ים	2876	HNcmpa
Jer 40:1	מִן	4480 a	HR
Jer 40:1	הָֽ/רָמָ֑ה	d/7414	HTd/Np
Jer 40:1	בְּ/קַחְתּ֣/וֹ	b/3947	HR/Vqc/Sp3ms
Jer 40:1	אֹת֗/וֹ	853	HTo/Sp3ms
Jer 40:1	וְ/הֽוּא	c/1931	HC/Pp3ms
Jer 40:1	אָס֤וּר	631	HVqsmsa
Jer 40:1	בָּֽ/אזִקִּים֙	b/246	HRd/Ncmpa
Jer 40:1	בְּ/ת֨וֹךְ	b/8432	HR/Ncmsc
Jer 40:1	כָּל	3605	HNcmsc
Jer 40:1	גָּל֤וּת	1546	HNcfsc
Jer 40:1	יְרוּשָׁלִַ֨ם֙	3389	HNp
Jer 40:1	וִֽ/יהוּדָ֔ה	c/3063	HC/Np
Jer 40:1	הַ/מֻּגְלִ֖ים	d/1540	HTd/VHsmpa
Jer 40:1	בָּבֶֽלָ/ה	894	HNp/Sd
Jer 40:2	וַ/יִּקַּ֥ח	c/3947	HC/Vqw3ms
Jer 40:2	רַב	7227 b	HNcmsc
Jer 40:2	טַבָּחִ֖ים	2876	HNcmpa
Jer 40:2	לְ/יִרְמְיָ֑הוּ	l/3414	HR/Np
Jer 40:2	וַ/יֹּ֣אמֶר	c/559	HC/Vqw3ms
Jer 40:2	אֵלָ֔י/ו	413	HR/Sp3ms
Jer 40:2	יְהוָ֣ה	3068	HNp
Jer 40:2	אֱלֹהֶ֗י/ךָ	430	HNcmpc/Sp2ms
Jer 40:2	דִּבֶּר֙	1696	HVpp3ms
Jer 40:2	אֶת	853	HTo
Jer 40:2	הָ/רָעָ֣ה	d/7451 c	HTd/Ncfsa
Jer 40:2	הַ/זֹּ֔את	d/2063	HTd/Pdxfs
Jer 40:2	אֶל	413	HR
Jer 40:2	הַ/מָּק֖וֹם	d/4725	HTd/Ncmsa
Jer 40:2	הַ/זֶּֽה	d/2088	HTd/Pdxms
Jer 40:3	וַ/יָּבֵ֥א	c/935	HC/Vhw3ms
Jer 40:3	וַ/יַּ֛עַשׂ	c/6213 a	HC/Vqw3ms
Jer 40:3	יְהוָ֖ה	3068	HNp
Jer 40:3	כַּ/אֲשֶׁ֣ר	k/834 d	HR/Tr
Jer 40:3	דִּבֵּ֑ר	1696	HVpp3ms
Jer 40:3	כִּֽי	3588 a	HC
Jer 40:3	חֲטָאתֶ֤ם	2398	HVqp2mp
Jer 40:3	לַֽ/יהוָה֙	l/3068	HR/Np
Jer 40:3	וְ/לֹֽא	c/3808	HC/Tn
Jer 40:3	שְׁמַעְתֶּ֣ם	8085	HVqp2mp
Jer 40:3	בְּ/קוֹל֔/וֹ	b/6963 a	HR/Ncmsc/Sp3ms
Jer 40:3	וְ/הָיָ֥ה	c/1961	HC/Vqp3ms
Jer 40:3	לָ/כֶ֖ם	l	HR/Sp2mp
Jer 40:3	דבר	1697	HNcmsa
Jer 40:3	הַ/זֶּֽה	d/2088	HTd/Pdxms
Jer 40:4	וְ/עַתָּ֞ה	c/6258	HC/D
Jer 40:4	הִנֵּ֧ה	2009	HTm
Jer 40:4	פִתַּחְתִּ֣י/ךָ	6605 a	HVpp1cs/Sp2ms
Jer 40:4	הַ/יּ֗וֹם	d/3117	HTd/Ncmsa
Jer 40:4	מִֽן	4480 a	HR
Jer 40:4	הָ/אזִקִּים֮	d/246	HTd/Ncmpa
Jer 40:4	אֲשֶׁ֣ר	834 a	HTr
Jer 40:4	עַל	5921 a	HR
Jer 40:4	יָדֶ/ךָ֒	3027	HNcbsc/Sp2ms
Jer 40:4	אִם	518 a	HC
Jer 40:4	ט֨וֹב	2896 a	HAamsa
Jer 40:4	בְּ/עֵינֶ֜י/ךָ	b/5869 a	HR/Ncbdc/Sp2ms
Jer 40:4	לָ/ב֧וֹא	l/935	HR/Vqc
Jer 40:4	אִתִּ֣/י	854	HR/Sp1cs
Jer 40:4	בָבֶ֗ל	894	HNp
Jer 40:4	בֹּ֚א	935	HVqv2ms
Jer 40:4	וְ/אָשִׂ֤ים	c/7760 a	HC/Vqi1cs
Jer 40:4	אֶת	853	HTo
Jer 40:4	עֵינִ/י֙	5869 a	HNcbsc/Sp1cs
Jer 40:4	עָלֶ֔י/ךָ	5921 a	HR/Sp2ms
Jer 40:4	וְ/אִם	c/518 a	HC/C
Jer 40:4	רַ֧ע	7489 a	HVqp3ms
Jer 40:4	בְּ/עֵינֶ֛י/ךָ	b/5869 a	HR/Ncbdc/Sp2ms
Jer 40:4	לָ/בֽוֹא	l/935	HR/Vqc
Jer 40:4	אִתִּ֥/י	854	HR/Sp1cs
Jer 40:4	בָבֶ֖ל	894	HNp
Jer 40:4	חֲדָ֑ל	2308	HVqv2ms
Jer 40:4	רְאֵה֙	7200	HVqv2ms
Jer 40:4	כָּל	3605	HNcmsc
Jer 40:4	הָ/אָ֣רֶץ	d/776	HTd/Ncbsa
Jer 40:4	לְ/פָנֶ֔י/ךָ	l/6440	HR/Ncbpc/Sp2ms
Jer 40:4	אֶל	413	HR
Jer 40:4	ט֨וֹב	2896 a	HAamsa
Jer 40:4	וְ/אֶל	c/413	HC/R
Jer 40:4	הַ/יָּשָׁ֧ר	d/3477	HTd/Aamsa
Jer 40:4	בְּ/עֵינֶ֛י/ךָ	b/5869 a	HR/Ncbdc/Sp2ms
Jer 40:4	לָ/לֶ֥כֶת	l/3212	HR/Vqc
Jer 40:4	שָׁ֖מָּ/ה	8033	HD/Sd
Jer 40:4	לֵֽךְ	3212	HVqv2ms
Jer 40:5	וְ/עוֹדֶ֣/נּוּ	c/5750	HC/D/Sp3ms
Jer 40:5	לֹֽא	3808	HTn
Jer 40:5	יָשׁ֗וּב	7725	HVqi3ms
Jer 40:5	וְ/שֻׁ֡בָ/ה	c/7725	HC/Vqv2ms/Sh
Jer 40:5	אֶל	413	HR
Jer 40:5	גְּדַלְיָ֣ה	1436 a	HNp
Jer 40:5	בֶן	1121 a	HNcmsc
Jer 40:5	אֲחִיקָ֣ם	296	HNp
Jer 40:5	בֶּן	1121 a	HNcmsc
Jer 40:5	שָׁפָ֡ן	8227 b	HNp
Jer 40:5	אֲשֶׁר֩	834 a	HTr
Jer 40:5	הִפְקִ֨יד	6485 a	HVhp3ms
Jer 40:5	מֶֽלֶךְ	4428	HNcmsc
Jer 40:5	בָּבֶ֜ל	894	HNp
Jer 40:5	בְּ/עָרֵ֣י	b/5892 b	HR/Ncfpc
Jer 40:5	יְהוּדָ֗ה	3063	HNp
Jer 40:5	וְ/שֵׁ֤ב	c/3427	HC/Vqv2ms
Jer 40:5	אִתּ/וֹ֙	854	HR/Sp3ms
Jer 40:5	בְּ/ת֣וֹךְ	b/8432	HR/Ncmsc
Jer 40:5	הָ/עָ֔ם	d/5971 a	HTd/Ncmsa
Jer 40:5	א֠וֹ	176 a	HC
Jer 40:5	אֶל	413	HR
Jer 40:5	כָּל	3605	HNcmsc
Jer 40:5	הַ/יָּשָׁ֧ר	d/3477	HTd/Aamsa
Jer 40:5	בְּ/עֵינֶ֛י/ךָ	b/5869 a	HR/Ncbdc/Sp2ms
Jer 40:5	לָ/לֶ֖כֶת	l/3212	HR/Vqc
Jer 40:5	לֵ֑ךְ	3212	HVqv2ms
Jer 40:5	וַ/יִּתֶּן	c/5414	HC/Vqw3ms
Jer 40:5	ל֧/וֹ	l	HR/Sp3ms
Jer 40:5	רַב	7227 b	HNcmsc
Jer 40:5	טַבָּחִ֛ים	2876	HNcmpa
Jer 40:5	אֲרֻחָ֥ה	737	HNcfsa
Jer 40:5	וּ/מַשְׂאֵ֖ת	c/4864	HC/Ncfsa
Jer 40:5	וַֽ/יְשַׁלְּחֵֽ/הוּ	c/7971	HC/Vpw3ms/Sp3ms
Jer 40:6	וַ/יָּבֹ֧א	c/935	HC/Vqw3ms
Jer 40:6	יִרְמְיָ֛הוּ	3414	HNp
Jer 40:6	אֶל	413	HR
Jer 40:6	גְּדַלְיָ֥ה	1436 a	HNp
Jer 40:6	בֶן	1121 a	HNcmsc
Jer 40:6	אֲחִיקָ֖ם	296	HNp
Jer 40:6	הַ/מִּצְפָּ֑תָ/ה	d/4708	HTd/Np/Sd
Jer 40:6	וַ/יֵּ֤שֶׁב	c/3427	HC/Vqw3ms
Jer 40:6	אִתּ/וֹ֙	854	HR/Sp3ms
Jer 40:6	בְּ/ת֣וֹךְ	b/8432	HR/Ncmsc
Jer 40:6	הָ/עָ֔ם	d/5971 a	HTd/Ncmsa
Jer 40:6	הַ/נִּשְׁאָרִ֖ים	d/7604	HTd/VNrmpa
Jer 40:6	בָּ/אָֽרֶץ	b/776	HRd/Ncbsa
Jer 40:7	וַ/יִּשְׁמְעוּ֩	c/8085	HC/Vqw3mp
Jer 40:7	כָל	3605	HNcmsc
Jer 40:7	שָׂרֵ֨י	8269	HNcmpc
Jer 40:7	הַ/חֲיָלִ֜ים	d/2428	HTd/Ncmpa
Jer 40:7	אֲשֶׁ֣ר	834 a	HTr
Jer 40:7	בַּ/שָּׂדֶ֗ה	b/7704 b	HRd/Ncmsa
Jer 40:7	הֵ֚מָּה	1992	HPp3mp
Jer 40:7	וְ/אַנְשֵׁי/הֶ֔ם	c/376	HC/Ncmpc/Sp3mp
Jer 40:7	כִּֽי	3588 a	HC
Jer 40:7	הִפְקִ֧יד	6485 a	HVhp3ms
Jer 40:7	מֶֽלֶךְ	4428	HNcmsc
Jer 40:7	בָּבֶ֛ל	894	HNp
Jer 40:7	אֶת	853	HTo
Jer 40:7	גְּדַלְיָ֥הוּ	1436 b	HNp
Jer 40:7	בֶן	1121 a	HNcmsc
Jer 40:7	אֲחִיקָ֖ם	296	HNp
Jer 40:7	בָּ/אָ֑רֶץ	b/776	HRd/Ncbsa
Jer 40:7	וְ/כִ֣י	c/3588 a	HC/C
Jer 40:7	הִפְקִ֣יד	6485 a	HVhp3ms
Jer 40:7	אִתּ֗/וֹ	854	HR/Sp3ms
Jer 40:7	אֲנָשִׁ֤ים	376	HNcmpa
Jer 40:7	וְ/נָשִׁים֙	c/802	HC/Ncfpa
Jer 40:7	וָ/טָ֔ף	c/2945	HC/Ncmsa
Jer 40:7	וּ/מִ/דַּלַּ֣ת	c/m/1803 b	HC/R/Ncfsc
Jer 40:7	הָ/אָ֔רֶץ	d/776	HTd/Ncbsa
Jer 40:7	מֵ/אֲשֶׁ֥ר	m/834 c	HR/Tr
Jer 40:7	לֹֽא	3808	HTn
Jer 40:7	הָגְל֖וּ	1540	HVHp3cp
Jer 40:7	בָּבֶֽלָ/ה	894	HNp/Sd
Jer 40:8	וַ/יָּבֹ֥אוּ	c/935	HC/Vqw3mp
Jer 40:8	אֶל	413	HR
Jer 40:8	גְּדַלְיָ֖ה	1436 a	HNp
Jer 40:8	הַ/מִּצְפָּ֑תָ/ה	d/4708	HTd/Np/Sd
Jer 40:8	וְ/יִשְׁמָעֵ֣אל	c/3458	HC/Np
Jer 40:8	בֶּן	1121 a	HNcmsc
Jer 40:8	נְתַנְיָ֡הוּ	5418	HNp
Jer 40:8	וְ/יוֹחָנָ֣ן	c/3110	HC/Np
Jer 40:8	וְ/יוֹנָתָ֣ן	c/3129	HC/Np
Jer 40:8	בְּנֵֽי	1121 a	HNcmpc
Jer 40:8	קָ֠רֵחַ	7143	HNp
Jer 40:8	וּ/שְׂרָיָ֨ה	c/8304	HC/Np
Jer 40:8	בֶן	1121 a	HNcmsc
Jer 40:8	תַּנְחֻ֜מֶת	8576	HNp
Jer 40:8	וּ/בְנֵ֣י	c/1121 a	HC/Ncmpc
Jer 40:8	עופי	5778	HNp
Jer 40:8	הַ/נְּטֹפָתִ֗י	d/5200	HTd/Ngmsa
Jer 40:8	וִֽ/יזַנְיָ֨הוּ֙	c/3153	HC/Np
Jer 40:8	בֶּן	1121 a	HNcmsc
Jer 40:8	הַ/מַּ֣עֲכָתִ֔י	d/4602	HTd/Ngmsa
Jer 40:8	הֵ֖מָּה	1992	HPp3mp
Jer 40:8	וְ/אַנְשֵׁי/הֶֽם	c/376	HC/Ncmpc/Sp3mp
Jer 40:9	וַ/יִּשָּׁבַ֨ע	c/7650	HC/VNw3ms
Jer 40:9	לָ/הֶ֜ם	l	HR/Sp3mp
Jer 40:9	גְּדַלְיָ֨הוּ	1436 b	HNp
Jer 40:9	בֶן	1121 a	HNcmsc
Jer 40:9	אֲחִיקָ֤ם	296	HNp
Jer 40:9	בֶּן	1121 a	HNcmsc
Jer 40:9	שָׁפָן֙	8227 b	HNp
Jer 40:9	וּ/לְ/אַנְשֵׁי/הֶ֣ם	c/l/376	HC/R/Ncmpc/Sp3mp
Jer 40:9	לֵ/אמֹ֔ר	l/559	HR/Vqc
Jer 40:9	אַל	408	HTn
Jer 40:9	תִּֽירְא֖וּ	3372	HVqj2mp
Jer 40:9	מֵ/עֲב֣וֹד	m/5647	HR/Vqc
Jer 40:9	הַ/כַּשְׂדִּ֑ים	d/3778	HTd/Np
Jer 40:9	שְׁב֣וּ	3427	HVqv2mp
Jer 40:9	בָ/אָ֗רֶץ	b/776	HRd/Ncbsa
Jer 40:9	וְ/עִבְד֛וּ	c/5647	HC/Vqv2mp
Jer 40:9	אֶת	853	HTo
Jer 40:9	מֶ֥לֶךְ	4428	HNcmsc
Jer 40:9	בָּבֶ֖ל	894	HNp
Jer 40:9	וְ/יִיטַ֥ב	c/3190	HC/Vqi3ms
Jer 40:9	לָ/כֶֽם	l	HR/Sp2mp
Jer 40:10	וַ/אֲנִ֗י	c/589	HC/Pp1cs
Jer 40:10	הִנְ/נִ֤י	2005	HTm/Sp1cs
Jer 40:10	יֹשֵׁב֙	3427	HVqrmsa
Jer 40:10	בַּ/מִּצְפָּ֔ה	b/4709	HRd/Np
Jer 40:10	לַֽ/עֲמֹד֙	l/5975	HR/Vqc
Jer 40:10	לִ/פְנֵ֣י	l/6440	HR/Ncbpc
Jer 40:10	הַ/כַּשְׂדִּ֔ים	d/3778	HTd/Np
Jer 40:10	אֲשֶׁ֥ר	834 a	HTr
Jer 40:10	יָבֹ֖אוּ	935	HVqi3mp
Jer 40:10	אֵלֵ֑י/נוּ	413	HR/Sp1cp
Jer 40:10	וְ/אַתֶּ֡ם	c/859 d	HC/Pp2mp
Jer 40:10	אִסְפוּ֩	622	HVqv2mp
Jer 40:10	יַ֨יִן	3196	HNcmsa
Jer 40:10	וְ/קַ֜יִץ	c/7019	HC/Ncmsa
Jer 40:10	וְ/שֶׁ֗מֶן	c/8081	HC/Ncmsa
Jer 40:10	וְ/שִׂ֨מוּ֙	c/7760 a	HC/Vqv2mp
Jer 40:10	בִּ/כְלֵי/כֶ֔ם	b/3627	HR/Ncmpc/Sp2mp
Jer 40:10	וּ/שְׁב֖וּ	c/3427	HC/Vqv2mp
Jer 40:10	בְּ/עָרֵי/כֶ֥ם	b/5892 b	HR/Ncfpc/Sp2mp
Jer 40:10	אֲשֶׁר	834 a	HTr
Jer 40:10	תְּפַשְׂתֶּֽם	8610	HVqp2mp
Jer 40:11	וְ/גַ֣ם	c/1571	HC/Ta
Jer 40:11	כָּֽל	3605	HNcmsc
Jer 40:11	הַ/יְּהוּדִ֡ים	d/3064	HTd/Ngmpa
Jer 40:11	אֲשֶׁר	834 a	HTr
Jer 40:11	בְּ/מוֹאָ֣ב	b/4124	HR/Np
Jer 40:11	וּ/בִ/בְנֵֽי	c/b/1121 a	HC/R/Ncmpc
Jer 40:11	עַמּ֨וֹן	5983	HNp
Jer 40:11	וּ/בֶ/אֱד֜וֹם	c/b/123	HC/R/Np
Jer 40:11	וַ/אֲשֶׁ֤ר	c/834 a	HC/Tr
Jer 40:11	בְּ/כָל	b/3605	HR/Ncmsc
Jer 40:11	הָֽ/אֲרָצוֹת֙	d/776	HTd/Ncbpa
Jer 40:11	שָֽׁמְע֔וּ	8085	HVqp3cp
Jer 40:11	כִּֽי	3588 a	HC
Jer 40:11	נָתַ֧ן	5414	HVqp3ms
Jer 40:11	מֶֽלֶךְ	4428	HNcmsc
Jer 40:11	בָּבֶ֛ל	894	HNp
Jer 40:11	שְׁאֵרִ֖ית	7611	HNcfsa
Jer 40:11	לִֽ/יהוּדָ֑ה	l/3063	HR/Np
Jer 40:11	וְ/כִי֙	c/3588 a	HC/C
Jer 40:11	הִפְקִ֣יד	6485 a	HVhp3ms
Jer 40:11	עֲלֵי/הֶ֔ם	5921 a	HR/Sp3mp
Jer 40:11	אֶת	853	HTo
Jer 40:11	גְּדַלְיָ֖הוּ	1436 b	HNp
Jer 40:11	בֶּן	1121 a	HNcmsc
Jer 40:11	אֲחִיקָ֥ם	296	HNp
Jer 40:11	בֶּן	1121 a	HNcmsc
Jer 40:11	שָׁפָֽן	8227 b	HNp
Jer 40:12	וַ/יָּשֻׁ֣בוּ	c/7725	HC/Vqw3mp
Jer 40:12	כָל	3605	HNcmsc
Jer 40:12	הַ/יְּהוּדִ֗ים	d/3064	HTd/Ngmpa
Jer 40:12	מִ/כָּל	m/3605	HR/Ncmsc
Jer 40:12	הַ/מְּקֹמוֹת֙	d/4725	HTd/Ncmpa
Jer 40:12	אֲשֶׁ֣ר	834 a	HTr
Jer 40:12	נִדְּחוּ	5080	HVNp3cp
Jer 40:12	שָׁ֔ם	8033	HD
Jer 40:12	וַ/יָּבֹ֧אוּ	c/935	HC/Vqw3mp
Jer 40:12	אֶֽרֶץ	776	HNcbsc
Jer 40:12	יְהוּדָ֛ה	3063	HNp
Jer 40:12	אֶל	413	HR
Jer 40:12	גְּדַלְיָ֖הוּ	1436 b	HNp
Jer 40:12	הַ/מִּצְפָּ֑תָ/ה	d/4708	HTd/Np/Sd
Jer 40:12	וַ/יַּאַסְפ֛וּ	c/622	HC/Vqw3mp
Jer 40:12	יַ֥יִן	3196	HNcmsa
Jer 40:12	וָ/קַ֖יִץ	c/7019	HC/Ncmsa
Jer 40:12	הַרְבֵּ֥ה	7235 a	HVha
Jer 40:12	מְאֹֽד	3966	HD
Jer 40:13	וְ/יֽוֹחָנָן֙	c/3110	HC/Np
Jer 40:13	בֶּן	1121 a	HNcmsc
Jer 40:13	קָרֵ֔חַ	7143	HNp
Jer 40:13	וְ/כָל	c/3605	HC/Ncmsc
Jer 40:13	שָׂרֵ֥י	8269	HNcmpc
Jer 40:13	הַ/חֲיָלִ֖ים	d/2428	HTd/Ncmpa
Jer 40:13	אֲשֶׁ֣ר	834 a	HTr
Jer 40:13	בַּ/שָּׂדֶ֑ה	b/7704 b	HRd/Ncmsa
Jer 40:13	בָּ֥אוּ	935	HVqp3cp
Jer 40:13	אֶל	413	HR
Jer 40:13	גְּדַלְיָ֖הוּ	1436 b	HNp
Jer 40:13	הַ/מִּצְפָּֽתָ/ה	d/4708	HTd/Np/Sd
Jer 40:14	וַ/יֹּאמְר֣וּ	c/559	HC/Vqw3mp
Jer 40:14	אֵלָ֗י/ו	413	HR/Sp3ms
Jer 40:14	הֲ/יָדֹ֤עַ	i/3045	HTi/Vqa
Jer 40:14	תֵּדַע֙	3045	HVqi2ms
Jer 40:14	כִּ֞י	3588 a	HC
Jer 40:14	בַּעֲלִ֣יס	1185	HNp
Jer 40:14	מֶ֣לֶךְ	4428	HNcmsc
Jer 40:14	בְּנֵֽי	1121 a	HNcmpc
Jer 40:14	עַמּ֗וֹן	5983	HNp
Jer 40:14	שָׁלַח֙	7971	HVqp3ms
Jer 40:14	אֶת	853	HTo
Jer 40:14	יִשְׁמָעֵ֣אל	3458	HNp
Jer 40:14	בֶּן	1121 a	HNcmsc
Jer 40:14	נְתַנְיָ֔ה	5418	HNp
Jer 40:14	לְ/הַכֹּתְ/ךָ֖	l/5221	HR/Vhc/Sp2ms
Jer 40:14	נָ֑פֶשׁ	5315	HNcbsa
Jer 40:14	וְ/לֹא	c/3808	HC/Tn
Jer 40:14	הֶאֱמִ֣ין	539	HVhp3ms
Jer 40:14	לָ/הֶ֔ם	l	HR/Sp3mp
Jer 40:14	גְּדַלְיָ֖הוּ	1436 b	HNp
Jer 40:14	בֶּן	1121 a	HNcmsc
Jer 40:14	אֲחִיקָֽם	296	HNp
Jer 40:15	וְ/יוֹחָנָ֣ן	c/3110	HC/Np
Jer 40:15	בֶּן	1121 a	HNcmsc
Jer 40:15	קָרֵ֡חַ	7143	HNp
Jer 40:15	אָמַ֣ר	559	HVqp3ms
Jer 40:15	אֶל	413	HR
Jer 40:15	גְּדַלְיָהוּ֩	1436 b	HNp
Jer 40:15	בַ/סֵּ֨תֶר	b/5643 a	HRd/Ncmsa
Jer 40:15	בַּ/מִּצְפָּ֜ה	b/4709	HRd/Np
Jer 40:15	לֵ/אמֹ֗ר	l/559	HR/Vqc
Jer 40:15	אֵ֤לְכָה	3212	HVqh1cs
Jer 40:15	נָּא֙	4994	HTj
Jer 40:15	וְ/אַכֶּה֙	c/5221	HC/Vhh1cs
Jer 40:15	אֶת	853	HTo
Jer 40:15	יִשְׁמָעֵ֣אל	3458	HNp
Jer 40:15	בֶּן	1121 a	HNcmsc
Jer 40:15	נְתַנְיָ֔ה	5418	HNp
Jer 40:15	וְ/אִ֖ישׁ	c/376	HC/Ncmsa
Jer 40:15	לֹ֣א	3808	HTn
Jer 40:15	יֵדָ֑ע	3045	HVqi3ms
Jer 40:15	לָ֧/מָּה	l/4100	HR/Ti
Jer 40:15	יַכֶּ֣/כָּה	5221	HVhi3ms/Sp2ms
Jer 40:15	נֶּ֗פֶשׁ	5315	HNcbsa
Jer 40:15	וְ/נָפֹ֨צוּ֙	c/6327 a	HC/VNq3cp
Jer 40:15	כָּל	3605	HNcmsc
Jer 40:15	יְהוּדָ֔ה	3063	HNp
Jer 40:15	הַ/נִּקְבָּצִ֣ים	d/6908	HTd/VNsmpa
Jer 40:15	אֵלֶ֔י/ךָ	413	HR/Sp2ms
Jer 40:15	וְ/אָבְדָ֖ה	c/6	HC/Vqq3fs
Jer 40:15	שְׁאֵרִ֥ית	7611	HNcfsc
Jer 40:15	יְהוּדָֽה	3063	HNp
Jer 40:16	וַ/יֹּ֨אמֶר	c/559	HC/Vqw3ms
Jer 40:16	גְּדַלְיָ֤הוּ	1436 b	HNp
Jer 40:16	בֶן	1121 a	HNcmsc
Jer 40:16	אֲחִיקָם֙	296	HNp
Jer 40:16	אֶל	413	HR
Jer 40:16	יוֹחָנָ֣ן	3110	HNp
Jer 40:16	בֶּן	1121 a	HNcmsc
Jer 40:16	קָרֵ֔חַ	7143	HNp
Jer 40:16	אַֽל	408	HTn
Jer 40:16	תעש	6213 a	HVqj2ms
Jer 40:16	אֶת	853	HTo
Jer 40:16	הַ/דָּבָ֣ר	d/1697	HTd/Ncmsa
Jer 40:16	הַ/זֶּ֑ה	d/2088	HTd/Pdxms
Jer 40:16	כִּֽי	3588 a	HC
Jer 40:16	שֶׁ֛קֶר	8267	HNcmsa
Jer 40:16	אַתָּ֥ה	859 a	HPp2ms
Jer 40:16	דֹבֵ֖ר	1696	HVqrmsa
Jer 40:16	אֶל	413	HR
Jer 40:16	יִשְׁמָעֵֽאל	3458	HNp
Jer 41:1	וַ/יְהִ֣י	c/1961	HC/Vqw3ms
Jer 41:1	בַּ/חֹ֣דֶשׁ	b/2320	HRd/Ncmsa
Jer 41:1	הַ/שְּׁבִיעִ֗י	d/7637	HTd/Aomsa
Jer 41:1	בָּ֣א	935	HVqp3ms
Jer 41:1	יִשְׁמָעֵ֣אל	3458	HNp
Jer 41:1	בֶּן	1121 a	HNcmsc
Jer 41:1	נְתַנְיָ֣ה	5418	HNp
Jer 41:1	בֶן	1121 a	HNcmsc
Jer 41:1	אֱלִישָׁמָ֣ע	476	HNp
Jer 41:1	מִ/זֶּ֣רַע	m/2233	HR/Ncmsc
Jer 41:1	הַ֠/מְּלוּכָה	d/4410	HTd/Ncfsa
Jer 41:1	וְ/רַבֵּ֨י	c/7227 b	HC/Ncmpc
Jer 41:1	הַ/מֶּ֜לֶךְ	d/4428	HTd/Ncmsa
Jer 41:1	וַ/עֲשָׂרָ֨ה	c/6235	HC/Acmsa
Jer 41:1	אֲנָשִׁ֥ים	376	HNcmpa
Jer 41:1	אִתּ֛/וֹ	854	HR/Sp3ms
Jer 41:1	אֶל	413	HR
Jer 41:1	גְּדַלְיָ֥הוּ	1436 b	HNp
Jer 41:1	בֶן	1121 a	HNcmsc
Jer 41:1	אֲחִיקָ֖ם	296	HNp
Jer 41:1	הַ/מִּצְפָּ֑תָ/ה	d/4709	HTd/Np/Sd
Jer 41:1	וַ/יֹּ֨אכְלוּ	c/398	HC/Vqw3mp
Jer 41:1	שָׁ֥ם	8033	HD
Jer 41:1	לֶ֛חֶם	3899	HNcbsa
Jer 41:1	יַחְדָּ֖ו	3162 b	HD
Jer 41:1	בַּ/מִּצְפָּֽה	b/4709	HRd/Np
Jer 41:2	וַ/יָּקָם֩	c/6965 b	HC/Vqw3ms
Jer 41:2	יִשְׁמָעֵ֨אל	3458	HNp
Jer 41:2	בֶּן	1121 a	HNcmsc
Jer 41:2	נְתַנְיָ֜ה	5418	HNp
Jer 41:2	וַ/עֲשֶׂ֥רֶת	c/6235	HC/Acmsc
Jer 41:2	הָ/אֲנָשִׁ֣ים	d/376	HTd/Ncmpa
Jer 41:2	אֲשֶׁר	834 a	HTr
Jer 41:2	הָי֣וּ	1961	HVqp3cp
Jer 41:2	אִתּ֗/וֹ	854	HR/Sp3ms
Jer 41:2	וַ֠/יַּכּוּ	c/5221	HC/Vhw3mp
Jer 41:2	אֶת	853	HTo
Jer 41:2	גְּדַלְיָ֨הוּ	1436 b	HNp
Jer 41:2	בֶן	1121 a	HNcmsc
Jer 41:2	אֲחִיקָ֧ם	296	HNp
Jer 41:2	בֶּן	1121 a	HNcmsc
Jer 41:2	שָׁפָ֛ן	8227 b	HNp
Jer 41:2	בַּ/חֶ֖רֶב	b/2719	HRd/Ncfsa
Jer 41:2	וַ/יָּ֣מֶת	c/4191	HC/Vhw3ms
Jer 41:2	אֹת֑/וֹ	853	HTo/Sp3ms
Jer 41:2	אֲשֶׁר	834 a	HTr
Jer 41:2	הִפְקִ֥יד	6485 a	HVhp3ms
Jer 41:2	מֶֽלֶךְ	4428	HNcmsc
Jer 41:2	בָּבֶ֖ל	894	HNp
Jer 41:2	בָּ/אָֽרֶץ	b/776	HRd/Ncbsa
Jer 41:3	וְ/אֵ֣ת	c/853	HC/To
Jer 41:3	כָּל	3605	HNcmsc
Jer 41:3	הַ/יְּהוּדִ֗ים	d/3064	HTd/Ngmpa
Jer 41:3	אֲשֶׁר	834 a	HTr
Jer 41:3	הָי֨וּ	1961	HVqp3cp
Jer 41:3	אִתּ֤/וֹ	854	HR/Sp3ms
Jer 41:3	אֶת	854	HR
Jer 41:3	גְּדַלְיָ֨הוּ֙	1436 b	HNp
Jer 41:3	בַּ/מִּצְפָּ֔ה	b/4709	HRd/Np
Jer 41:3	וְ/אֶת	c/853	HC/To
Jer 41:3	הַ/כַּשְׂדִּ֖ים	d/3778	HTd/Np
Jer 41:3	אֲשֶׁ֣ר	834 a	HTr
Jer 41:3	נִמְצְאוּ	4672	HVNp3cp
Jer 41:3	שָׁ֑ם	8033	HD
Jer 41:3	אֵ֚ת	853	HTo
Jer 41:3	אַנְשֵׁ֣י	376	HNcmpc
Jer 41:3	הַ/מִּלְחָמָ֔ה	d/4421	HTd/Ncfsa
Jer 41:3	הִכָּ֖ה	5221	HVhp3ms
Jer 41:3	יִשְׁמָעֵֽאל	3458	HNp
Jer 41:4	וַ/יְהִ֛י	c/1961	HC/Vqw3ms
Jer 41:4	בַּ/יּ֥וֹם	b/3117	HRd/Ncmsa
Jer 41:4	הַ/שֵּׁנִ֖י	d/8145	HTd/Aomsa
Jer 41:4	לְ/הָמִ֣ית	l/4191	HR/Vhc
Jer 41:4	אֶת	853	HTo
Jer 41:4	גְּדַלְיָ֑הוּ	1436 b	HNp
Jer 41:4	וְ/אִ֖ישׁ	c/376	HC/Ncmsa
Jer 41:4	לֹ֥א	3808	HTn
Jer 41:4	יָדָֽע	3045	HVqp3ms
Jer 41:5	וַ/יָּבֹ֣אוּ	c/935	HC/Vqw3mp
Jer 41:5	אֲ֠נָשִׁים	376	HNcmpa
Jer 41:5	מִ/שְּׁכֶ֞ם	m/7927	HR/Np
Jer 41:5	מִ/שִּׁל֤וֹ	m/7887	HR/Np
Jer 41:5	וּ/מִ/שֹּֽׁמְרוֹן֙	c/m/8111	HC/R/Np
Jer 41:5	שְׁמֹנִ֣ים	8084	HAcbpa
Jer 41:5	אִ֔ישׁ	376	HNcmsa
Jer 41:5	מְגֻלְּחֵ֥י	1548	HVPsmpc
Jer 41:5	זָקָ֛ן	2206	HNcbsa
Jer 41:5	וּ/קְרֻעֵ֥י	c/7167	HC/Vqsmpc
Jer 41:5	בְגָדִ֖ים	899 b	HNcmpa
Jer 41:5	וּ/מִתְגֹּֽדְדִ֑ים	c/1413	HC/Vzrmpa
Jer 41:5	וּ/מִנְחָ֤ה	c/4503	HC/Ncfsa
Jer 41:5	וּ/לְבוֹנָה֙	c/3828	HC/Ncfsa
Jer 41:5	בְּ/יָדָ֔/ם	b/3027	HR/Ncbsc/Sp3mp
Jer 41:5	לְ/הָבִ֖יא	l/935	HR/Vhc
Jer 41:5	בֵּ֥ית	1004 b	HNcmsc
Jer 41:5	יְהוָֽה	3068	HNp
Jer 41:6	וַ֠/יֵּצֵא	c/3318	HC/Vqw3ms
Jer 41:6	יִשְׁמָעֵ֨אל	3458	HNp
Jer 41:6	בֶּן	1121 a	HNcmsc
Jer 41:6	נְתַנְיָ֤ה	5418	HNp
Jer 41:6	לִ/קְרָאתָ/ם֙	l/7125	HR/Vqc/Sp3mp
Jer 41:6	מִן	4480 a	HR
Jer 41:6	הַ/מִּצְפָּ֔ה	d/4709	HTd/Np
Jer 41:6	הֹלֵ֥ךְ	1980	HVqrmsa
Jer 41:6	הָלֹ֖ךְ	1980	HVqa
Jer 41:6	וּ/בֹכֶ֑ה	c/1058	HC/Vqrmsa
Jer 41:6	וַֽ/יְהִי֙	c/1961	HC/Vqw3ms
Jer 41:6	כִּ/פְגֹ֣שׁ	k/6298	HR/Vqc
Jer 41:6	אֹתָ֔/ם	853	HTo/Sp3mp
Jer 41:6	וַ/יֹּ֣אמֶר	c/559	HC/Vqw3ms
Jer 41:6	אֲלֵי/הֶ֔ם	413	HR/Sp3mp
Jer 41:6	בֹּ֖אוּ	935	HVqv2mp
Jer 41:6	אֶל	413	HR
Jer 41:6	גְּדַלְיָ֥הוּ	1436 b	HNp
Jer 41:6	בֶן	1121 a	HNcmsc
Jer 41:6	אֲחִיקָֽם	296	HNp
Jer 41:7	וַ/יְהִ֕י	c/1961	HC/Vqw3ms
Jer 41:7	כְּ/בוֹאָ֖/ם	k/935	HR/Vqc/Sp3mp
Jer 41:7	אֶל	413	HR
Jer 41:7	תּ֣וֹךְ	8432	HNcmsc
Jer 41:7	הָ/עִ֑יר	d/5892 b	HTd/Ncfsa
Jer 41:7	וַ/יִּשְׁחָטֵ֞/ם	c/7819 a	HC/Vqw3ms/Sp3mp
Jer 41:7	יִשְׁמָעֵ֤אל	3458	HNp
Jer 41:7	בֶּן	1121 a	HNcmsc
Jer 41:7	נְתַנְיָה֙	5418	HNp
Jer 41:7	אֶל	413	HR
Jer 41:7	תּ֣וֹךְ	8432	HNcmsc
Jer 41:7	הַ/בּ֔וֹר	d/953 a	HTd/Ncmsa
Jer 41:7	ה֖וּא	1931	HPp3ms
Jer 41:7	וְ/הָ/אֲנָשִׁ֥ים	c/d/376	HC/Td/Ncmpa
Jer 41:7	אֲשֶׁר	834 a	HTr
Jer 41:7	אִתּֽ/וֹ	854	HR/Sp3ms
Jer 41:8	וַ/עֲשָׂרָ֨ה	c/6235	HC/Acmsa
Jer 41:8	אֲנָשִׁ֜ים	376	HNcmpa
Jer 41:8	נִמְצְאוּ	4672	HVNp3cp
Jer 41:8	בָ֗/ם	b	HR/Sp3mp
Jer 41:8	וַ/יֹּאמְר֤וּ	c/559	HC/Vqw3mp
Jer 41:8	אֶל	413	HR
Jer 41:8	יִשְׁמָעֵאל֙	3458	HNp
Jer 41:8	אַל	408	HTn
Jer 41:8	תְּמִתֵ֔/נוּ	4191	HVhj2ms/Sp1cp
Jer 41:8	כִּֽי	3588 a	HC
Jer 41:8	יֶשׁ	3426	HTm
Jer 41:8	לָ֤/נוּ	l	HR/Sp1cp
Jer 41:8	מַטְמֹנִים֙	4301	HNcmpa
Jer 41:8	בַּ/שָּׂדֶ֔ה	b/7704 b	HRd/Ncmsa
Jer 41:8	חִטִּ֥ים	2406	HNcfpa
Jer 41:8	וּ/שְׂעֹרִ֖ים	c/8184	HC/Ncfpa
Jer 41:8	וְ/שֶׁ֣מֶן	c/8081	HC/Ncmsa
Jer 41:8	וּ/דְבָ֑שׁ	c/1706	HC/Ncmsa
Jer 41:8	וַ/יֶּחְדַּ֕ל	c/2308	HC/Vqw3ms
Jer 41:8	וְ/לֹ֥א	c/3808	HC/Tn
Jer 41:8	הֱמִיתָ֖/ם	4191	HVhp3ms/Sp3mp
Jer 41:8	בְּ/ת֥וֹךְ	b/8432	HR/Ncmsc
Jer 41:8	אֲחֵי/הֶֽם	251	HNcmpc/Sp3mp
Jer 41:9	וְ/הַ/בּ֗וֹר	c/d/953 a	HC/Td/Ncmsa
Jer 41:9	אֲשֶׁר֩	834 a	HTr
Jer 41:9	הִשְׁלִ֨יךְ	7993	HVhp3ms
Jer 41:9	שָׁ֤ם	8033	HD
Jer 41:9	יִשְׁמָעֵאל֙	3458	HNp
Jer 41:9	אֵ֣ת	853	HTo
Jer 41:9	כָּל	3605	HNcmsc
Jer 41:9	פִּגְרֵ֣י	6297	HNcmpc
Jer 41:9	הָ/אֲנָשִׁ֗ים	d/376	HTd/Ncmpa
Jer 41:9	אֲשֶׁ֤ר	834 a	HTr
Jer 41:9	הִכָּה֙	5221	HVhp3ms
Jer 41:9	בְּ/יַד	b/3027	HR/Ncbsc
Jer 41:9	גְּדַלְיָ֔הוּ	1436 b	HNp
Jer 41:9	ה֗וּא	1931	HPp3ms
Jer 41:9	אֲשֶׁ֤ר	834 a	HTr
Jer 41:9	עָשָׂה֙	6213 a	HVqp3ms
Jer 41:9	הַ/מֶּ֣לֶךְ	d/4428	HTd/Ncmsa
Jer 41:9	אָסָ֔א	609	HNp
Jer 41:9	מִ/פְּנֵ֖י	m/6440	HR/Ncbpc
Jer 41:9	בַּעְשָׁ֣א	1201	HNp
Jer 41:9	מֶֽלֶךְ	4428	HNcmsc
Jer 41:9	יִשְׂרָאֵ֑ל	3478	HNp
Jer 41:9	אֹת֗/וֹ	853	HTo/Sp3ms
Jer 41:9	מִלֵּ֛א	4390	HVpp3ms
Jer 41:9	יִשְׁמָעֵ֥אל	3458	HNp
Jer 41:9	בֶּן	1121 a	HNcmsc
Jer 41:9	נְתַנְיָ֖הוּ	5418	HNp
Jer 41:9	חֲלָלִֽים	2491 a	HAampa
Jer 41:10	וַ/יִּ֣שְׁבְּ	c/7617	HC/Vqw3ms
Jer 41:10	יִ֠שְׁמָעֵאל	3458	HNp
Jer 41:10	אֶת	853	HTo
Jer 41:10	כָּל	3605	HNcmsc
Jer 41:10	שְׁאֵרִ֨ית	7611	HNcfsc
Jer 41:10	הָ/עָ֜ם	d/5971 a	HTd/Ncmsa
Jer 41:10	אֲשֶׁ֣ר	834 a	HTr
Jer 41:10	בַּ/מִּצְפָּ֗ה	b/4709	HRd/Np
Jer 41:10	אֶת	853	HTo
Jer 41:10	בְּנ֤וֹת	1323	HNcfpc
Jer 41:10	הַ/מֶּ֨לֶךְ֙	d/4428	HTd/Ncmsa
Jer 41:10	וְ/אֶת	c/853	HC/To
Jer 41:10	כָּל	3605	HNcmsc
Jer 41:10	הָ/עָם֙	d/5971 a	HTd/Ncmsa
Jer 41:10	הַ/נִּשְׁאָרִ֣ים	d/7604	HTd/VNrmpa
Jer 41:10	בַּ/מִּצְפָּ֔ה	b/4709	HRd/Np
Jer 41:10	אֲשֶׁ֣ר	834 a	HTr
Jer 41:10	הִפְקִ֗יד	6485 a	HVhp3ms
Jer 41:10	נְבֽוּזַרְאֲדָן֙	5018	HNp
Jer 41:10	רַב	7227 b	HNcmsc
Jer 41:10	טַבָּחִ֔ים	2876	HNcmpa
Jer 41:10	אֶת	853	HTo
Jer 41:10	גְּדַלְיָ֖הוּ	1436 b	HNp
Jer 41:10	בֶּן	1121 a	HNcmsc
Jer 41:10	אֲחִיקָ֑ם	296	HNp
Jer 41:10	וַ/יִּשְׁבֵּ/ם֙	c/7617	HC/Vqw3ms/Sp3mp
Jer 41:10	יִשְׁמָעֵ֣אל	3458	HNp
Jer 41:10	בֶּן	1121 a	HNcmsc
Jer 41:10	נְתַנְיָ֔ה	5418	HNp
Jer 41:10	וַ/יֵּ֕לֶךְ	c/3212	HC/Vqw3ms
Jer 41:10	לַ/עֲבֹ֖ר	l/5674 a	HR/Vqc
Jer 41:10	אֶל	413	HR
Jer 41:10	בְּנֵ֥י	1121 a	HNcmpc
Jer 41:10	עַמּֽוֹן	5983	HNp
Jer 41:11	וַ/יִּשְׁמַע֙	c/8085	HC/Vqw3ms
Jer 41:11	יוֹחָנָ֣ן	3110	HNp
Jer 41:11	בֶּן	1121 a	HNcmsc
Jer 41:11	קָרֵ֔חַ	7143	HNp
Jer 41:11	וְ/כָל	c/3605	HC/Ncmsc
Jer 41:11	שָׂרֵ֥י	8269	HNcmpc
Jer 41:11	הַ/חֲיָלִ֖ים	d/2428	HTd/Ncmpa
Jer 41:11	אֲשֶׁ֣ר	834 a	HTr
Jer 41:11	אִתּ֑/וֹ	854	HR/Sp3ms
Jer 41:11	אֵ֤ת	853	HTo
Jer 41:11	כָּל	3605	HNcmsc
Jer 41:11	הָֽ/רָעָה֙	d/7451 c	HTd/Ncfsa
Jer 41:11	אֲשֶׁ֣ר	834 a	HTr
Jer 41:11	עָשָׂ֔ה	6213 a	HVqp3ms
Jer 41:11	יִשְׁמָעֵ֖אל	3458	HNp
Jer 41:11	בֶּן	1121 a	HNcmsc
Jer 41:11	נְתַנְיָֽה	5418	HNp
Jer 41:12	וַ/יִּקְחוּ֙	c/3947	HC/Vqw3mp
Jer 41:12	אֶת	853	HTo
Jer 41:12	כָּל	3605	HNcmsc
Jer 41:12	הָ֣/אֲנָשִׁ֔ים	d/376	HTd/Ncmpa
Jer 41:12	וַ/יֵּ֣לְכ֔וּ	c/3212	HC/Vqw3mp
Jer 41:12	לְ/הִלָּחֵ֖ם	l/3898 a	HR/VNc
Jer 41:12	עִם	5973 a	HR
Jer 41:12	יִשְׁמָעֵ֣אל	3458	HNp
Jer 41:12	בֶּן	1121 a	HNcmsc
Jer 41:12	נְתַנְיָ֑ה	5418	HNp
Jer 41:12	וַ/יִּמְצְא֣וּ	c/4672	HC/Vqw3mp
Jer 41:12	אֹת֔/וֹ	853	HTo/Sp3ms
Jer 41:12	אֶל	413	HR
Jer 41:12	מַ֥יִם	4325	HNcmpa
Jer 41:12	רַבִּ֖ים	7227 a	HAampa
Jer 41:12	אֲשֶׁ֥ר	834 a	HTr
Jer 41:12	בְּ/גִבְעֽוֹן	b/1391	HR/Np
Jer 41:13	וַ/יְהִ֗י	c/1961	HC/Vqw3ms
Jer 41:13	כִּ/רְא֤וֹת	k/7200	HR/Vqc
Jer 41:13	כָּל	3605	HNcmsc
Jer 41:13	הָ/עָם֙	d/5971 a	HTd/Ncmsa
Jer 41:13	אֲשֶׁ֣ר	834 a	HTr
Jer 41:13	אֶת	854	HR
Jer 41:13	יִשְׁמָעֵ֔אל	3458	HNp
Jer 41:13	אֶת	853	HTo
Jer 41:13	יֽוֹחָנָן֙	3110	HNp
Jer 41:13	בֶּן	1121 a	HNcmsc
Jer 41:13	קָרֵ֔חַ	7143	HNp
Jer 41:13	וְ/אֵ֛ת	c/853	HC/To
Jer 41:13	כָּל	3605	HNcmsc
Jer 41:13	שָׂרֵ֥י	8269	HNcmpc
Jer 41:13	הַ/חֲיָלִ֖ים	d/2428	HTd/Ncmpa
Jer 41:13	אֲשֶׁ֣ר	834 a	HTr
Jer 41:13	אִתּ֑/וֹ	854	HR/Sp3ms
Jer 41:13	וַ/יִּשְׂמָֽחוּ	c/8055	HC/Vqw3mp
Jer 41:14	וַ/יָּסֹ֨בּוּ֙	c/5437	HC/Vqw3mp
Jer 41:14	כָּל	3605	HNcmsc
Jer 41:14	הָ/עָ֔ם	d/5971 a	HTd/Ncmsa
Jer 41:14	אֲשֶׁר	834 a	HTr
Jer 41:14	שָׁבָ֥ה	7617	HVqp3ms
Jer 41:14	יִשְׁמָעֵ֖אל	3458	HNp
Jer 41:14	מִן	4480 a	HR
Jer 41:14	הַ/מִּצְפָּ֑ה	d/4709	HTd/Np
Jer 41:14	וַ/יָּשֻׁ֨בוּ֙	c/7725	HC/Vqw3mp
Jer 41:14	וַ/יֵּ֣לְכ֔וּ	c/3212	HC/Vqw3mp
Jer 41:14	אֶל	413	HR
Jer 41:14	יֽוֹחָנָ֖ן	3110	HNp
Jer 41:14	בֶּן	1121 a	HNcmsc
Jer 41:14	קָרֵֽחַ	7143	HNp
Jer 41:15	וְ/יִשְׁמָעֵ֣אל	c/3458	HC/Np
Jer 41:15	בֶּן	1121 a	HNcmsc
Jer 41:15	נְתַנְיָ֗ה	5418	HNp
Jer 41:15	נִמְלַט֙	4422	HVNp3ms
Jer 41:15	בִּ/שְׁמֹנָ֣ה	b/8083	HR/Acmsa
Jer 41:15	אֲנָשִׁ֔ים	376	HNcmpa
Jer 41:15	מִ/פְּנֵ֖י	m/6440	HR/Ncbpc
Jer 41:15	יֽוֹחָנָ֑ן	3110	HNp
Jer 41:15	וַ/יֵּ֖לֶךְ	c/3212	HC/Vqw3ms
Jer 41:15	אֶל	413	HR
Jer 41:15	בְּנֵ֥י	1121 a	HNcmpc
Jer 41:15	עַמּֽוֹן	5983	HNp
Jer 41:16	וַ/יִּקַּח֩	c/3947	HC/Vqw3ms
Jer 41:16	יוֹחָנָ֨ן	3110	HNp
Jer 41:16	בֶּן	1121 a	HNcmsc
Jer 41:16	קָרֵ֜חַ	7143	HNp
Jer 41:16	וְ/כָל	c/3605	HC/Ncmsc
Jer 41:16	שָׂרֵ֧י	8269	HNcmpc
Jer 41:16	הַ/חֲיָלִ֣ים	d/2428	HTd/Ncmpa
Jer 41:16	אֲשֶׁר	834 a	HTr
Jer 41:16	אִתּ֗/וֹ	854	HR/Sp3ms
Jer 41:16	אֵ֣ת	853	HTo
Jer 41:16	כָּל	3605	HNcmsc
Jer 41:16	שְׁאֵרִ֤ית	7611	HNcfsc
Jer 41:16	הָ/עָם֙	d/5971 a	HTd/Ncmsa
Jer 41:16	אֲשֶׁ֣ר	834 a	HTr
Jer 41:16	הֵ֠שִׁיב	7725	HVhp3ms
Jer 41:16	מֵ/אֵ֨ת	m/854	HR/R
Jer 41:16	יִשְׁמָעֵ֤אל	3458	HNp
Jer 41:16	בֶּן	1121 a	HNcmsc
Jer 41:16	נְתַנְיָה֙	5418	HNp
Jer 41:16	מִן	4480 a	HR
Jer 41:16	הַ/מִּצְפָּ֔ה	d/4709	HTd/Np
Jer 41:16	אַחַ֣ר	310 a	HR
Jer 41:16	הִכָּ֔ה	5221	HVhp3ms
Jer 41:16	אֶת	853	HTo
Jer 41:16	גְּדַלְיָ֖ה	1436 a	HNp
Jer 41:16	בֶּן	1121 a	HNcmsc
Jer 41:16	אֲחִיקָ֑ם	296	HNp
Jer 41:16	גְּבָרִ֞ים	1397	HNcmpa
Jer 41:16	אַנְשֵׁ֣י	376	HNcmpc
Jer 41:16	הַ/מִּלְחָמָ֗ה	d/4421	HTd/Ncfsa
Jer 41:16	וְ/נָשִׁ֤ים	c/802	HC/Ncfpa
Jer 41:16	וְ/טַף֙	c/2945	HC/Ncmsa
Jer 41:16	וְ/סָ֣רִסִ֔ים	c/5631	HC/Ncmpa
Jer 41:16	אֲשֶׁ֥ר	834 a	HTr
Jer 41:16	הֵשִׁ֖יב	7725	HVhp3ms
Jer 41:16	מִ/גִּבְעֽוֹן	m/1391	HR/Np
Jer 41:17	וַ/יֵּלְכ֗וּ	c/3212	HC/Vqw3mp
Jer 41:17	וַ/יֵּֽשְׁבוּ֙	c/3427	HC/Vqw3mp
Jer 41:17	בְּ/גֵר֣וּת	b/1628	HR/Ncfsc
Jer 41:17	כמו/הם	3643	HR/Sp3mp
Jer 41:17	אֲשֶׁר	834 a	HTr
Jer 41:17	אֵ֖צֶל	681	HR
Jer 41:17	בֵּ֣ית	1035+	HNp
Jer 41:17	לָ֑חֶם	1035	HNp
Jer 41:17	לָ/לֶ֖כֶת	l/3212	HR/Vqc
Jer 41:17	לָ/ב֥וֹא	l/935	HR/Vqc
Jer 41:17	מִצְרָֽיִם	4714	HNp
Jer 41:18	מִ/פְּנֵי֙	m/6440	HR/Ncbpc
Jer 41:18	הַ/כַּשְׂדִּ֔ים	d/3778	HTd/Np
Jer 41:18	כִּ֥י	3588 a	HC
Jer 41:18	יָרְא֖וּ	3372	HVqp3cp
Jer 41:18	מִ/פְּנֵי/הֶ֑ם	m/6440	HR/Ncbpc/Sp3mp
Jer 41:18	כִּֽי	3588 a	HC
Jer 41:18	הִכָּ֞ה	5221	HVhp3ms
Jer 41:18	יִשְׁמָעֵ֣אל	3458	HNp
Jer 41:18	בֶּן	1121 a	HNcmsc
Jer 41:18	נְתַנְיָ֗ה	5418	HNp
Jer 41:18	אֶת	853	HTo
Jer 41:18	גְּדַלְיָ֨הוּ֙	1436 b	HNp
Jer 41:18	בֶּן	1121 a	HNcmsc
Jer 41:18	אֲחִיקָ֔ם	296	HNp
Jer 41:18	אֲשֶׁר	834 a	HTr
Jer 41:18	הִפְקִ֥יד	6485 a	HVhp3ms
Jer 41:18	מֶֽלֶךְ	4428	HNcmsc
Jer 41:18	בָּבֶ֖ל	894	HNp
Jer 41:18	בָּ/אָֽרֶץ	b/776	HRd/Ncbsa
Jer 42:1	וַֽ/יִּגְּשׁוּ֙	c/5066	HC/Vqw3mp
Jer 42:1	כָּל	3605	HNcmsc
Jer 42:1	שָׂרֵ֣י	8269	HNcmpc
Jer 42:1	הַ/חֲיָלִ֔ים	d/2428	HTd/Ncmpa
Jer 42:1	וְ/יֽוֹחָנָן֙	c/3110	HC/Np
Jer 42:1	בֶּן	1121 a	HNcmsc
Jer 42:1	קָרֵ֔חַ	7143	HNp
Jer 42:1	וִֽ/יזַנְיָ֖ה	c/3153	HC/Np
Jer 42:1	בֶּן	1121 a	HNcmsc
Jer 42:1	הוֹשַֽׁעְיָ֑ה	1955	HNp
Jer 42:1	וְ/כָל	c/3605	HC/Ncmsc
Jer 42:1	הָ/עָ֖ם	d/5971 a	HTd/Ncmsa
Jer 42:1	מִ/קָּטֹ֥ן	m/6996 b	HR/Aamsa
Jer 42:1	וְ/עַד	c/5704	HC/R
Jer 42:1	גָּדֽוֹל	1419 a	HAamsa
Jer 42:2	וַ/יֹּאמְר֞וּ	c/559	HC/Vqw3mp
Jer 42:2	אֶֽל	413	HR
Jer 42:2	יִרְמְיָ֣הוּ	3414	HNp
Jer 42:2	הַ/נָּבִ֗יא	d/5030	HTd/Ncmsa
Jer 42:2	תִּפָּל	5307	HVqj3fs
Jer 42:2	נָ֤א	4994	HTe
Jer 42:2	תְחִנָּתֵ֨/נוּ֙	8467	HNcfsc/Sp1cp
Jer 42:2	לְ/פָנֶ֔י/ךָ	l/6440	HR/Ncbpc/Sp2ms
Jer 42:2	וְ/הִתְפַּלֵּ֤ל	c/6419	HC/Vtv2ms
Jer 42:2	בַּעֲדֵ֨/נוּ֙	5704	HR/Sp1cp
Jer 42:2	אֶל	413	HR
Jer 42:2	יְהוָ֣ה	3068	HNp
Jer 42:2	אֱלֹהֶ֔י/ךָ	430	HNcmpc/Sp2ms
Jer 42:2	בְּעַ֖ד	1157	HR
Jer 42:2	כָּל	3605	HNcmsc
Jer 42:2	הַ/שְּׁאֵרִ֣ית	d/7611	HTd/Ncfsa
Jer 42:2	הַ/זֹּ֑את	d/2063	HTd/Pdxfs
Jer 42:2	כִּֽי	3588 a	HC
Jer 42:2	נִשְׁאַ֤רְנוּ	7604	HVNp1cp
Jer 42:2	מְעַט֙	4592	HNcmsa
Jer 42:2	מֵֽ/הַרְבֵּ֔ה	m/7235 a	HR/Vha
Jer 42:2	כַּ/אֲשֶׁ֥ר	k/834 d	HR/Tr
Jer 42:2	עֵינֶ֖י/ךָ	5869 a	HNcbdc/Sp2ms
Jer 42:2	רֹא֥וֹת	7200	HVqrfpa
Jer 42:2	אֹתָֽ/נוּ	853	HTo/Sp1cp
Jer 42:3	וְ/יַגֶּד	c/5046	HC/Vhj3ms
Jer 42:3	לָ֨/נוּ֙	l	HR/Sp1cp
Jer 42:3	יְהוָ֣ה	3068	HNp
Jer 42:3	אֱלֹהֶ֔י/ךָ	430	HNcmpc/Sp2ms
Jer 42:3	אֶת	853	HTo
Jer 42:3	הַ/דֶּ֖רֶךְ	d/1870	HTd/Ncbsa
Jer 42:3	אֲשֶׁ֣ר	834 a	HTr
Jer 42:3	נֵֽלֶךְ	3212	HVqi1cp
Jer 42:3	בָּ֑/הּ	b	HR/Sp3fs
Jer 42:3	וְ/אֶת	c/853	HC/To
Jer 42:3	הַ/דָּבָ֖ר	d/1697	HTd/Ncmsa
Jer 42:3	אֲשֶׁ֥ר	834 a	HTr
Jer 42:3	נַעֲשֶֽׂה	6213 a	HVqi1cp
Jer 42:4	וַ/יֹּ֨אמֶר	c/559	HC/Vqw3ms
Jer 42:4	אֲלֵי/הֶ֜ם	413	HR/Sp3mp
Jer 42:4	יִרְמְיָ֤הוּ	3414	HNp
Jer 42:4	הַ/נָּבִיא֙	d/5030	HTd/Ncmsa
Jer 42:4	שָׁמַ֔עְתִּי	8085	HVqp1cs
Jer 42:4	הִנְ/נִ֧י	2005	HTm/Sp1cs
Jer 42:4	מִתְפַּלֵּ֛ל	6419	HVtrmsa
Jer 42:4	אֶל	413	HR
Jer 42:4	יְהוָ֥ה	3068	HNp
Jer 42:4	אֱלֹהֵי/כֶ֖ם	430	HNcmpc/Sp2mp
Jer 42:4	כְּ/דִבְרֵי/כֶ֑ם	k/1697	HR/Ncmpc/Sp2mp
Jer 42:4	וְֽ/הָיָ֡ה	c/1961	HC/Vqq3ms
Jer 42:4	כָּֽל	3605	HNcmsc
Jer 42:4	הַ/דָּבָר֩	d/1697	HTd/Ncmsa
Jer 42:4	אֲשֶׁר	834 a	HTr
Jer 42:4	יַעֲנֶ֨ה	6030 b	HVqi3ms
Jer 42:4	יְהוָ֤ה	3068	HNp
Jer 42:4	אֶתְ/כֶם֙	853	HTo/Sp2mp
Jer 42:4	אַגִּ֣יד	5046	HVhi1cs
Jer 42:4	לָ/כֶ֔ם	l	HR/Sp2mp
Jer 42:4	לֹֽא	3808	HTn
Jer 42:4	אֶמְנַ֥ע	4513	HVqi1cs
Jer 42:4	מִ/כֶּ֖ם	m/4480 a	HR/Sp2mp
Jer 42:4	דָּבָֽר	1697	HNcmsa
Jer 42:5	וְ/הֵ֨מָּה֙	c/1992	HC/Pp3mp
Jer 42:5	אָמְר֣וּ	559	HVqp3cp
Jer 42:5	אֶֽל	413	HR
Jer 42:5	יִרְמְיָ֔הוּ	3414	HNp
Jer 42:5	יְהִ֤י	1961	HVqj3ms
Jer 42:5	יְהוָה֙	3068	HNp
Jer 42:5	בָּ֔/נוּ	b	HR/Sp1cp
Jer 42:5	לְ/עֵ֖ד	l/5707	HR/Ncmsc
Jer 42:5	אֱמֶ֣ת	571	HNcfsa
Jer 42:5	וְ/נֶאֱמָ֑ן	c/539	HC/VNsmsa
Jer 42:5	אִם	518 a	HC
Jer 42:5	לֹ֡א	3808	HTn
Jer 42:5	כְּֽ/כָל	k/3605	HR/Ncmsc
Jer 42:5	הַ֠/דָּבָר	d/1697	HTd/Ncmsa
Jer 42:5	אֲשֶׁ֨ר	834 a	HTr
Jer 42:5	יִֽשְׁלָחֲ/ךָ֜	7971	HVqi3ms/Sp2ms
Jer 42:5	יְהוָ֧ה	3068	HNp
Jer 42:5	אֱלֹהֶ֛י/ךָ	430	HNcmpc/Sp2ms
Jer 42:5	אֵלֵ֖י/נוּ	413	HR/Sp1cp
Jer 42:5	כֵּ֥ן	3651 c	HTm
Jer 42:5	נַעֲשֶֽׂה	6213 a	HVqi1cp
Jer 42:6	אִם	518 a	HC
Jer 42:6	ט֣וֹב	2896 b	HAamsa
Jer 42:6	וְ/אִם	c/518 a	HC/C
Jer 42:6	רָ֔ע	7451 b	HAamsa
Jer 42:6	בְּ/ק֣וֹל	b/6963 a	HR/Ncmsc
Jer 42:6	יְהוָ֣ה	3068	HNp
Jer 42:6	אֱלֹהֵ֗י/נוּ	430	HNcmpc/Sp1cp
Jer 42:6	אֲשֶׁ֨ר	834 a	HTr
Jer 42:6	אנו	580	HPp1cp
Jer 42:6	שֹׁלְחִ֥ים	7971	HVqrmpa
Jer 42:6	אֹתְ/ךָ֛	853	HTo/Sp2ms
Jer 42:6	אֵלָ֖י/ו	413	HR/Sp3ms
Jer 42:6	נִשְׁמָ֑ע	8085	HVqi1cp
Jer 42:6	לְמַ֨עַן֙	4616	HR
Jer 42:6	אֲשֶׁ֣ר	834 a	HTr
Jer 42:6	יִֽיטַב	3190	HVqi3ms
Jer 42:6	לָ֔/נוּ	l	HR/Sp1cp
Jer 42:6	כִּ֣י	3588 a	HC
Jer 42:6	נִשְׁמַ֔ע	8085	HVqi1cp
Jer 42:6	בְּ/ק֖וֹל	b/6963 a	HR/Ncmsc
Jer 42:6	יְהוָ֥ה	3068	HNp
Jer 42:6	אֱלֹהֵֽי/נוּ	430	HNcmpc/Sp1cp
Jer 42:7	וַ/יְהִ֕י	c/1961	HC/Vqw3ms
Jer 42:7	מִ/קֵּ֖ץ	m/7093	HR/Ncmsc
Jer 42:7	עֲשֶׂ֣רֶת	6235	HAcmsc
Jer 42:7	יָמִ֑ים	3117	HNcmpa
Jer 42:7	וַ/יְהִ֥י	c/1961	HC/Vqw3ms
Jer 42:7	דְבַר	1697	HNcmsc
Jer 42:7	יְהוָ֖ה	3068	HNp
Jer 42:7	אֶֽל	413	HR
Jer 42:7	יִרְמְיָֽהוּ	3414	HNp
Jer 42:8	וַ/יִּקְרָ֗א	c/7121	HC/Vqw3ms
Jer 42:8	אֶל	413	HR
Jer 42:8	יֽוֹחָנָן֙	3110	HNp
Jer 42:8	בֶּן	1121 a	HNcmsc
Jer 42:8	קָרֵ֔חַ	7143	HNp
Jer 42:8	וְ/אֶ֛ל	c/413	HC/R
Jer 42:8	כָּל	3605	HNcmsc
Jer 42:8	שָׂרֵ֥י	8269	HNcmpc
Jer 42:8	הַ/חֲיָלִ֖ים	d/2428	HTd/Ncmpa
Jer 42:8	אֲשֶׁ֣ר	834 a	HTr
Jer 42:8	אִתּ֑/וֹ	854	HR/Sp3ms
Jer 42:8	וּ/לְ/כָ֨ל	c/l/3605	HC/R/Ncmsc
Jer 42:8	הָ/עָ֔ם	d/5971 a	HTd/Ncmsa
Jer 42:8	לְ/מִ/קָּטֹ֥ן	l/m/6996 b	HR/R/Aamsa
Jer 42:8	וְ/עַד	c/5704	HC/R
Jer 42:8	גָּדֽוֹל	1419 a	HAamsa
Jer 42:9	וַ/יֹּ֣אמֶר	c/559	HC/Vqw3ms
Jer 42:9	אֲלֵי/הֶ֔ם	413	HR/Sp3mp
Jer 42:9	כֹּֽה	3541	HD
Jer 42:9	אָמַ֥ר	559	HVqp3ms
Jer 42:9	יְהוָ֖ה	3068	HNp
Jer 42:9	אֱלֹהֵ֣י	430	HNcmpc
Jer 42:9	יִשְׂרָאֵ֑ל	3478	HNp
Jer 42:9	אֲשֶׁ֨ר	834 a	HTr
Jer 42:9	שְׁלַחְתֶּ֤ם	7971	HVqp2mp
Jer 42:9	אֹתִ/י֙	853	HTo/Sp1cs
Jer 42:9	אֵלָ֔י/ו	413	HR/Sp3ms
Jer 42:9	לְ/הַפִּ֥יל	l/5307	HR/Vhc
Jer 42:9	תְּחִנַּתְ/כֶ֖ם	8467	HNcfsc/Sp2mp
Jer 42:9	לְ/פָנָֽי/ו	l/6440	HR/Ncbpc/Sp3ms
Jer 42:10	אִם	518 a	HC
Jer 42:10	שׁ֤וֹב	7725	HVqa
Jer 42:10	תֵּֽשְׁבוּ֙	3427	HVqi2mp
Jer 42:10	בָּ/אָ֣רֶץ	b/776	HRd/Ncbsa
Jer 42:10	הַ/זֹּ֔את	d/2063	HTd/Pdxfs
Jer 42:10	וּ/בָנִ֤יתִי	c/1129	HC/Vqq1cs
Jer 42:10	אֶתְ/כֶם֙	853	HTo/Sp2mp
Jer 42:10	וְ/לֹ֣א	c/3808	HC/Tn
Jer 42:10	אֶהֱרֹ֔ס	2040	HVqi1cs
Jer 42:10	וְ/נָטַעְתִּ֥י	c/5193	HC/Vqq1cs
Jer 42:10	אֶתְ/כֶ֖ם	853	HTo/Sp2mp
Jer 42:10	וְ/לֹ֣א	c/3808	HC/Tn
Jer 42:10	אֶתּ֑וֹשׁ	5428	HVqi1cs
Jer 42:10	כִּ֤י	3588 a	HC
Jer 42:10	נִחַ֨מְתִּי֙	5162	HVNp1cs
Jer 42:10	אֶל	413	HR
Jer 42:10	הָ֣/רָעָ֔ה	d/7451 c	HTd/Ncfsa
Jer 42:10	אֲשֶׁ֥ר	834 a	HTr
Jer 42:10	עָשִׂ֖יתִי	6213 a	HVqp1cs
Jer 42:10	לָ/כֶֽם	l	HR/Sp2mp
Jer 42:11	אַל	408	HTn
Jer 42:11	תִּֽירְא֗וּ	3372	HVqj2mp
Jer 42:11	מִ/פְּנֵי֙	m/6440	HR/Ncbpc
Jer 42:11	מֶ֣לֶךְ	4428	HNcmsc
Jer 42:11	בָּבֶ֔ל	894	HNp
Jer 42:11	אֲשֶׁר	834 a	HTr
Jer 42:11	אַתֶּ֥ם	859 d	HPp2mp
Jer 42:11	יְרֵאִ֖ים	3373	HAampa
Jer 42:11	מִ/פָּנָ֑י/ו	m/6440	HR/Ncbpc/Sp3ms
Jer 42:11	אַל	408	HTn
Jer 42:11	תִּֽירְא֤וּ	3372	HVqj2mp
Jer 42:11	מִמֶּ֨/נּוּ֙	4480 a	HR/Sp1cp
Jer 42:11	נְאֻם	5002	HNcmsc
Jer 42:11	יְהוָ֔ה	3068	HNp
Jer 42:11	כִּֽי	3588 a	HC
Jer 42:11	אִתְּ/כֶ֣ם	854	HR/Sp2mp
Jer 42:11	אָ֔נִי	589	HPp1cs
Jer 42:11	לְ/הוֹשִׁ֧יעַ	l/3467	HR/Vhc
Jer 42:11	אֶתְ/כֶ֛ם	853	HTo/Sp2mp
Jer 42:11	וּ/לְ/הַצִּ֥יל	c/l/5337	HC/R/Vhc
Jer 42:11	אֶתְ/כֶ֖ם	853	HTo/Sp2mp
Jer 42:11	מִ/יָּדֽ/וֹ	m/3027	HR/Ncbsc/Sp3ms
Jer 42:12	וְ/אֶתֵּ֥ן	c/5414	HC/Vqi1cs
Jer 42:12	לָ/כֶ֛ם	l	HR/Sp2mp
Jer 42:12	רַחֲמִ֖ים	7356 b	HNcmpa
Jer 42:12	וְ/רִחַ֣ם	c/7355	HC/Vpq3ms
Jer 42:12	אֶתְ/כֶ֑ם	853	HTo/Sp2mp
Jer 42:12	וְ/הֵשִׁ֥יב	c/7725	HC/Vhq3ms
Jer 42:12	אֶתְ/כֶ֖ם	853	HTo/Sp2mp
Jer 42:12	אֶל	413	HR
Jer 42:12	אַדְמַתְ/כֶֽם	127	HNcfsc/Sp2mp
Jer 42:13	וְ/אִם	c/518 a	HC/C
Jer 42:13	אֹמְרִ֣ים	559	HVqrmpa
Jer 42:13	אַתֶּ֔ם	859 d	HPp2mp
Jer 42:13	לֹ֥א	3808	HTn
Jer 42:13	נֵשֵׁ֖ב	3427	HVqi1cp
Jer 42:13	בָּ/אָ֣רֶץ	b/776	HRd/Ncbsa
Jer 42:13	הַ/זֹּ֑את	d/2063	HTd/Pdxfs
Jer 42:13	לְ/בִלְתִּ֣י	l/1115	HR/C
Jer 42:13	שְׁמֹ֔עַ	8085	HVqc
Jer 42:13	בְּ/ק֖וֹל	b/6963 a	HR/Ncmsc
Jer 42:13	יְהוָ֥ה	3068	HNp
Jer 42:13	אֱלֹהֵי/כֶֽם	430	HNcmpc/Sp2mp
Jer 42:14	לֵ/אמֹ֗ר	l/559	HR/Vqc
Jer 42:14	לֹ֚א	3808	HTn
Jer 42:14	כִּ֣י	3588 a	HC
Jer 42:14	אֶ֤רֶץ	776	HNcbsc
Jer 42:14	מִצְרַ֨יִם֙	4714	HNp
Jer 42:14	נָב֔וֹא	935	HVqi1cp
Jer 42:14	אֲשֶׁ֤ר	834 a	HTr
Jer 42:14	לֹֽא	3808	HTn
Jer 42:14	נִרְאֶה֙	7200	HVqi1cp
Jer 42:14	מִלְחָמָ֔ה	4421	HNcfsa
Jer 42:14	וְ/ק֥וֹל	c/6963 a	HC/Ncmsc
Jer 42:14	שׁוֹפָ֖ר	7782	HNcmsa
Jer 42:14	לֹ֣א	3808	HTn
Jer 42:14	נִשְׁמָ֑ע	8085	HVqi1cp
Jer 42:14	וְ/לַ/לֶּ֥חֶם	c/l/3899	HC/Rd/Ncbsa
Jer 42:14	לֹֽא	3808	HTn
Jer 42:14	נִרְעָ֖ב	7456	HVqi1cp
Jer 42:14	וְ/שָׁ֥ם	c/8033	HC/D
Jer 42:14	נֵשֵֽׁב	3427	HVqi1cp
Jer 42:15	וְ/עַתָּ֕ה	c/6258	HC/D
Jer 42:15	לָ/כֵ֛ן	l/3651 c	HR/D
Jer 42:15	שִׁמְע֥וּ	8085	HVqv2mp
Jer 42:15	דְבַר	1697	HNcmsc
Jer 42:15	יְהוָ֖ה	3068	HNp
Jer 42:15	שְׁאֵרִ֣ית	7611	HNcfsc
Jer 42:15	יְהוּדָ֑ה	3063	HNp
Jer 42:15	כֹּֽה	3541	HD
Jer 42:15	אָמַר֩	559	HVqp3ms
Jer 42:15	יְהוָ֨ה	3068	HNp
Jer 42:15	צְבָא֜וֹת	6635 b	HNcbpa
Jer 42:15	אֱלֹהֵ֣י	430	HNcmpc
Jer 42:15	יִשְׂרָאֵ֗ל	3478	HNp
Jer 42:15	אִם	518 a	HC
Jer 42:15	אַ֠תֶּם	859 d	HPp2mp
Jer 42:15	שׂ֣וֹם	7760 a	HVqa
Jer 42:15	תְּשִׂמ֤וּ/ן	7760 a	HVqi2mp/Sn
Jer 42:15	פְּנֵי/כֶם֙	6440	HNcbpc/Sp2mp
Jer 42:15	לָ/בֹ֣א	l/935	HR/Vqc
Jer 42:15	מִצְרַ֔יִם	4714	HNp
Jer 42:15	וּ/בָאתֶ֖ם	c/935	HC/Vqq2mp
Jer 42:15	לָ/ג֥וּר	l/1481 a	HR/Vqc
Jer 42:15	שָֽׁם	8033	HD
Jer 42:16	וְ/הָיְתָ֣ה	c/1961	HC/Vqq3fs
Jer 42:16	הַ/חֶ֗רֶב	d/2719	HTd/Ncfsa
Jer 42:16	אֲשֶׁ֤ר	834 a	HTr
Jer 42:16	אַתֶּם֙	859 d	HPp2mp
Jer 42:16	יְרֵאִ֣ים	3372	HAampa
Jer 42:16	מִמֶּ֔/נָּה	4480 a	HR/Sp3fs
Jer 42:16	שָׁ֛ם	8033	HD
Jer 42:16	תַּשִּׂ֥יג	5381	HVhi3fs
Jer 42:16	אֶתְ/כֶ֖ם	853	HTo/Sp2mp
Jer 42:16	בְּ/אֶ֣רֶץ	b/776	HR/Ncbsc
Jer 42:16	מִצְרָ֑יִם	4714	HNp
Jer 42:16	וְ/הָ/רָעָ֞ב	c/d/7458	HC/Td/Ncmsa
Jer 42:16	אֲשֶׁר	834 a	HTr
Jer 42:16	אַתֶּ֣ם	859 d	HPp2mp
Jer 42:16	דֹּאֲגִ֣ים	1672	HVqrmpa
Jer 42:16	מִמֶּ֗/נּוּ	4480 a	HR/Sp1cp
Jer 42:16	שָׁ֣ם	8033	HD
Jer 42:16	יִדְבַּ֧ק	1692	HVqi3ms
Jer 42:16	אַחֲרֵי/כֶ֛ם	310 a	HR/Sp2mp
Jer 42:16	מִצְרַ֖יִם	4714	HNp
Jer 42:16	וְ/שָׁ֥ם	c/8033	HC/D
Jer 42:16	תָּמֻֽתוּ	4191	HVqi2mp
Jer 42:17	וְ/יִֽהְי֣וּ	c/1961	HC/Vqi3mp
Jer 42:17	כָל	3605	HNcmsc
Jer 42:17	הָ/אֲנָשִׁ֗ים	d/376	HTd/Ncmpa
Jer 42:17	אֲשֶׁר	834 a	HTr
Jer 42:17	שָׂ֨מוּ	7760 a	HVqp3cp
Jer 42:17	אֶת	853	HTo
Jer 42:17	פְּנֵי/הֶ֜ם	6440	HNcbpc/Sp3mp
Jer 42:17	לָ/ב֤וֹא	l/935	HR/Vqc
Jer 42:17	מִצְרַ֨יִם֙	4714	HNp
Jer 42:17	לָ/ג֣וּר	l/1481 a	HR/Vqc
Jer 42:17	שָׁ֔ם	8033	HD
Jer 42:17	יָמ֕וּתוּ	4191	HVqi3mp
Jer 42:17	בַּ/חֶ֖רֶב	b/2719	HRd/Ncfsa
Jer 42:17	בָּ/רָעָ֣ב	b/7458	HRd/Ncmsa
Jer 42:17	וּ/בַ/דָּ֑בֶר	c/b/1698	HC/Rd/Ncmsa
Jer 42:17	וְ/לֹֽא	c/3808	HC/Tn
Jer 42:17	יִהְיֶ֤ה	1961	HVqi3ms
Jer 42:17	לָ/הֶם֙	l	HR/Sp3mp
Jer 42:17	שָׂרִ֣יד	8300	HNcmsa
Jer 42:17	וּ/פָלִ֔יט	c/6412 a	HC/Ncmsa
Jer 42:17	מִ/פְּנֵי֙	m/6440	HR/Ncbpc
Jer 42:17	הָֽ/רָעָ֔ה	d/7451 c	HTd/Ncfsa
Jer 42:17	אֲשֶׁ֥ר	834 a	HTr
Jer 42:17	אֲנִ֖י	589	HPp1cs
Jer 42:17	מֵבִ֥יא	935	HVhrmsa
Jer 42:17	עֲלֵי/הֶֽם	5921 a	HR/Sp3mp
Jer 42:18	כִּי֩	3588 a	HC
Jer 42:18	כֹ֨ה	3541	HD
Jer 42:18	אָמַ֜ר	559	HVqp3ms
Jer 42:18	יְהוָ֣ה	3068	HNp
Jer 42:18	צְבָאוֹת֮	6635 b	HNcbpa
Jer 42:18	אֱלֹהֵ֣י	430	HNcmpc
Jer 42:18	יִשְׂרָאֵל֒	3478	HNp
Jer 42:18	כַּ/אֲשֶׁר֩	k/834 d	HR/Tr
Jer 42:18	נִתַּ֨ךְ	5413	HVNp3ms
Jer 42:18	אַפִּ֜/י	639	HNcmsc/Sp1cs
Jer 42:18	וַ/חֲמָתִ֗/י	c/2534	HC/Ncfsc/Sp1cs
Jer 42:18	עַל	5921 a	HR
Jer 42:18	יֹֽשְׁבֵי֙	3427	HVqrmpc
Jer 42:18	יְר֣וּשָׁלִַ֔ם	3389	HNp
Jer 42:18	כֵּ֣ן	3651 c	HTm
Jer 42:18	תִּתַּ֤ךְ	5413	HVqi3fs
Jer 42:18	חֲמָתִ/י֙	2534	HNcfsc/Sp1cs
Jer 42:18	עֲלֵי/כֶ֔ם	5921 a	HR/Sp2mp
Jer 42:18	בְּ/בֹאֲ/כֶ֖ם	b/935	HR/Vqc/Sp2mp
Jer 42:18	מִצְרָ֑יִם	4714	HNp
Jer 42:18	וִ/הְיִיתֶ֞ם	c/1961	HC/Vqq2mp
Jer 42:18	לְ/אָלָ֤ה	l/423	HR/Ncfsa
Jer 42:18	וּ/לְ/שַׁמָּה֙	c/l/8047	HC/R/Ncfsa
Jer 42:18	וְ/לִ/קְלָלָ֣ה	c/l/7045	HC/R/Ncfsa
Jer 42:18	וּ/לְ/חֶרְפָּ֔ה	c/l/2781	HC/R/Ncfsa
Jer 42:18	וְ/לֹֽא	c/3808	HC/Tn
Jer 42:18	תִרְא֣וּ	7200	HVqi2mp
Jer 42:18	ע֔וֹד	5750	HD
Jer 42:18	אֶת	853	HTo
Jer 42:18	הַ/מָּק֖וֹם	d/4725	HTd/Ncmsa
Jer 42:18	הַ/זֶּֽה	d/2088	HTd/Pdxms
Jer 42:19	דִּבֶּ֨ר	1696	HVpp3ms
Jer 42:19	יְהוָ֤ה	3068	HNp
Jer 42:19	עֲלֵי/כֶם֙	5921 a	HR/Sp2mp
Jer 42:19	שְׁאֵרִ֣ית	7611	HNcfsc
Jer 42:19	יְהוּדָ֔ה	3063	HNp
Jer 42:19	אַל	408	HTn
Jer 42:19	תָּבֹ֖אוּ	935	HVqj2mp
Jer 42:19	מִצְרָ֑יִם	4714	HNp
Jer 42:19	יָדֹ֨עַ֙	3045	HVqa
Jer 42:19	תֵּֽדְע֔וּ	3045	HVqi2mp
Jer 42:19	כִּי	3588 a	HC
Jer 42:19	הַעִידֹ֥תִי	5749 b	HVhp1cs
Jer 42:19	בָ/כֶ֖ם	b	HR/Sp2mp
Jer 42:19	הַ/יּֽוֹם	d/3117	HTd/Ncmsa
Jer 42:20	כִּ֣י	3588 a	HC
Jer 42:20	התעתי/ם	8582	HVhp1cs/Sp3mp
Jer 42:20	בְּ/נַפְשֽׁוֹתֵי/כֶם֒	b/5315	HR/Ncbpc/Sp2mp
Jer 42:20	כִּֽי	3588 a	HC
Jer 42:20	אַתֶּ֞ם	859 d	HPp2mp
Jer 42:20	שְׁלַחְתֶּ֣ם	7971	HVqp2mp
Jer 42:20	אֹתִ֗/י	853	HTo/Sp1cs
Jer 42:20	אֶל	413	HR
Jer 42:20	יְהוָ֤ה	3068	HNp
Jer 42:20	אֱלֹֽהֵי/כֶם֙	430	HNcmpc/Sp2mp
Jer 42:20	לֵ/אמֹ֔ר	l/559	HR/Vqc
Jer 42:20	הִתְפַּלֵּ֣ל	6419	HVtv2ms
Jer 42:20	בַּעֲדֵ֔/נוּ	5704	HR/Sp1cp
Jer 42:20	אֶל	413	HR
Jer 42:20	יְהוָ֖ה	3068	HNp
Jer 42:20	אֱלֹהֵ֑י/נוּ	430	HNcmpc/Sp1cp
Jer 42:20	וּ/כְ/כֹל֩	c/k/3605	HC/R/Ncmsa
Jer 42:20	אֲשֶׁ֨ר	834 a	HTr
Jer 42:20	יֹאמַ֜ר	559	HVqi3ms
Jer 42:20	יְהוָ֧ה	3068	HNp
Jer 42:20	אֱלֹהֵ֛י/נוּ	430	HNcmpc/Sp1cp
Jer 42:20	כֵּ֥ן	3651 c	HTm
Jer 42:20	הַגֶּד	5046	HVhv2ms
Jer 42:20	לָ֖/נוּ	l	HR/Sp1cp
Jer 42:20	וְ/עָשִֽׂינוּ	c/6213 a	HC/Vqq1cp
Jer 42:21	וָ/אַגִּ֥ד	c/5046	HC/Vhw1cs
Jer 42:21	לָ/כֶ֖ם	l	HR/Sp2mp
Jer 42:21	הַ/יּ֑וֹם	d/3117	HTd/Ncmsa
Jer 42:21	וְ/לֹ֣א	c/3808	HC/Tn
Jer 42:21	שְׁמַעְתֶּ֗ם	8085	HVqp2mp
Jer 42:21	בְּ/קוֹל֙	b/6963 a	HR/Ncmsc
Jer 42:21	יְהוָ֣ה	3068	HNp
Jer 42:21	אֱלֹֽהֵי/כֶ֔ם	430	HNcmpc/Sp2mp
Jer 42:21	וּ/לְ/כֹ֖ל	c/l/3605	HC/R/Ncmsa
Jer 42:21	אֲשֶׁר	834 a	HTr
Jer 42:21	שְׁלָחַ֥/נִי	7971	HVqp3ms/Sp1cs
Jer 42:21	אֲלֵי/כֶֽם	413	HR/Sp2mp
Jer 42:22	וְ/עַתָּה֙	c/6258	HC/D
Jer 42:22	יָדֹ֣עַ	3045	HVqa
Jer 42:22	תֵּֽדְע֔וּ	3045	HVqi2mp
Jer 42:22	כִּ֗י	3588 a	HC
Jer 42:22	בַּ/חֶ֛רֶב	b/2719	HRd/Ncfsa
Jer 42:22	בָּ/רָעָ֥ב	b/7458	HRd/Ncmsa
Jer 42:22	וּ/בַ/דֶּ֖בֶר	c/b/1698	HC/Rd/Ncmsa
Jer 42:22	תָּמ֑וּתוּ	4191	HVqi2mp
Jer 42:22	בַּ/מָּקוֹם֙	b/4725	HRd/Ncmsa
Jer 42:22	אֲשֶׁ֣ר	834 a	HTr
Jer 42:22	חֲפַצְתֶּ֔ם	2654 a	HVqp2mp
Jer 42:22	לָ/ב֖וֹא	l/935	HR/Vqc
Jer 42:22	לָ/ג֥וּר	l/1481 a	HR/Vqc
Jer 42:22	שָֽׁם	8033	HD
Jer 43:1	וַ/יְהִי֩	c/1961	HC/Vqw3ms
Jer 43:1	כְּ/כַלּ֨וֹת	k/3615	HR/Vpc
Jer 43:1	יִרְמְיָ֜הוּ	3414	HNp
Jer 43:1	לְ/דַבֵּ֣ר	l/1696	HR/Vpc
Jer 43:1	אֶל	413	HR
Jer 43:1	כָּל	3605	HNcmsc
Jer 43:1	הָ/עָ֗ם	d/5971 a	HTd/Ncmsa
Jer 43:1	אֶת	853	HTo
Jer 43:1	כָּל	3605	HNcmsc
Jer 43:1	דִּבְרֵי֙	1697	HNcmpc
Jer 43:1	יְהוָ֣ה	3068	HNp
Jer 43:1	אֱלֹהֵי/הֶ֔ם	430	HNcmpc/Sp3mp
Jer 43:1	אֲשֶׁ֧ר	834 a	HTr
Jer 43:1	שְׁלָח֛/וֹ	7971	HVqp3ms/Sp3ms
Jer 43:1	יְהוָ֥ה	3068	HNp
Jer 43:1	אֱלֹהֵי/הֶ֖ם	430	HNcmpc/Sp3mp
Jer 43:1	אֲלֵי/הֶ֑ם	413	HR/Sp3mp
Jer 43:1	אֵ֥ת	853	HTo
Jer 43:1	כָּל	3605	HNcmsc
Jer 43:1	הַ/דְּבָרִ֖ים	d/1697	HTd/Ncmpa
Jer 43:1	הָ/אֵֽלֶּה	d/428	HTd/Pdxcp
Jer 43:2	וַ/יֹּ֨אמֶר	c/559	HC/Vqw3ms
Jer 43:2	עֲזַרְיָ֤ה	5838	HNp
Jer 43:2	בֶן	1121 a	HNcmsc
Jer 43:2	הוֹשַֽׁעְיָה֙	1955	HNp
Jer 43:2	וְ/יוֹחָנָ֣ן	c/3110	HC/Np
Jer 43:2	בֶּן	1121 a	HNcmsc
Jer 43:2	קָרֵ֔חַ	7143	HNp
Jer 43:2	וְ/כָל	c/3605	HC/Ncmsc
Jer 43:2	הָ/אֲנָשִׁ֖ים	d/376	HTd/Ncmpa
Jer 43:2	הַ/זֵּדִ֑ים	d/2086	HTd/Aampa
Jer 43:2	אֹמְרִ֣ים	559	HVqrmpa
Jer 43:2	אֶֽל	413	HR
Jer 43:2	יִרְמְיָ֗הוּ	3414	HNp
Jer 43:2	שֶׁ֚קֶר	8267	HNcmsa
Jer 43:2	אַתָּ֣ה	859 a	HPp2ms
Jer 43:2	מְדַבֵּ֔ר	1696	HVprmsa
Jer 43:2	לֹ֣א	3808	HTn
Jer 43:2	שְׁלָחֲ/ךָ֞	7971	HVqp3ms/Sp2ms
Jer 43:2	יְהוָ֤ה	3068	HNp
Jer 43:2	אֱלֹהֵ֨י/נוּ֙	430	HNcmpc/Sp1cp
Jer 43:2	לֵ/אמֹ֔ר	l/559	HR/Vqc
Jer 43:2	לֹֽא	3808	HTn
Jer 43:2	תָבֹ֥אוּ	935	HVqi2mp
Jer 43:2	מִצְרַ֖יִם	4714	HNp
Jer 43:2	לָ/ג֥וּר	l/1481 a	HR/Vqc
Jer 43:2	שָֽׁם	8033	HD
Jer 43:3	כִּ֗י	3588 a	HC
Jer 43:3	בָּרוּךְ֙	1263	HNp
Jer 43:3	בֶּן	1121 a	HNcmsc
Jer 43:3	נֵ֣רִיָּ֔ה	5374	HNp
Jer 43:3	מַסִּ֥ית	5496	HVhrmsa
Jer 43:3	אֹתְ/ךָ֖	853	HTo/Sp2ms
Jer 43:3	בָּ֑/נוּ	b	HR/Sp1cp
Jer 43:3	לְמַעַן֩	4616	HR
Jer 43:3	תֵּ֨ת	5414	HVqc
Jer 43:3	אֹתָ֤/נוּ	853	HTo/Sp1cp
Jer 43:3	בְ/יַֽד	b/3027	HR/Ncbsc
Jer 43:3	הַ/כַּשְׂדִּים֙	d/3778	HTd/Np
Jer 43:3	לְ/הָמִ֣ית	l/4191	HR/Vhc
Jer 43:3	אֹתָ֔/נוּ	853	HTo/Sp1cp
Jer 43:3	וּ/לְ/הַגְל֥וֹת	c/l/1540	HC/R/Vhc
Jer 43:3	אֹתָ֖/נוּ	853	HTo/Sp1cp
Jer 43:3	בָּבֶֽל	894	HNp
Jer 43:4	וְ/לֹֽא	c/3808	HC/Tn
Jer 43:4	שָׁמַע֩	8085	HVqp3ms
Jer 43:4	יוֹחָנָ֨ן	3110	HNp
Jer 43:4	בֶּן	1121 a	HNcmsc
Jer 43:4	קָרֵ֜חַ	7143	HNp
Jer 43:4	וְ/כָל	c/3605	HC/Ncmsc
Jer 43:4	שָׂרֵ֧י	8269	HNcmpc
Jer 43:4	הַ/חֲיָלִ֛ים	d/2428	HTd/Ncmpa
Jer 43:4	וְ/כָל	c/3605	HC/Ncmsc
Jer 43:4	הָ/עָ֖ם	d/5971 a	HTd/Ncmsa
Jer 43:4	בְּ/ק֣וֹל	b/6963 a	HR/Ncmsc
Jer 43:4	יְהוָ֑ה	3068	HNp
Jer 43:4	לָ/שֶׁ֖בֶת	l/3427	HR/Vqc
Jer 43:4	בְּ/אֶ֥רֶץ	b/776	HR/Ncbsc
Jer 43:4	יְהוּדָֽה	3063	HNp
Jer 43:5	וַ/יִּקַּ֞ח	c/3947	HC/Vqw3ms
Jer 43:5	יוֹחָנָ֤ן	3110	HNp
Jer 43:5	בֶּן	1121 a	HNcmsc
Jer 43:5	קָרֵ֨חַ֙	7143	HNp
Jer 43:5	וְ/כָל	c/3605	HC/Ncmsc
Jer 43:5	שָׂרֵ֣י	8269	HNcmpc
Jer 43:5	הַ/חֲיָלִ֔ים	d/2428	HTd/Ncmpa
Jer 43:5	אֵ֖ת	853	HTo
Jer 43:5	כָּל	3605	HNcmsc
Jer 43:5	שְׁאֵרִ֣ית	7611	HNcfsc
Jer 43:5	יְהוּדָ֑ה	3063	HNp
Jer 43:5	אֲשֶׁר	834 a	HTr
Jer 43:5	שָׁ֗בוּ	7725	HVqp3cp
Jer 43:5	מִ/כָּל	m/3605	HR/Ncmsc
Jer 43:5	הַ/גּוֹיִם֙	d/1471 a	HTd/Ncmpa
Jer 43:5	אֲשֶׁ֣ר	834 a	HTr
Jer 43:5	נִדְּחוּ	5080	HVNp3cp
Jer 43:5	שָׁ֔ם	8033	HD
Jer 43:5	לָ/ג֖וּר	l/1481 a	HR/Vqc
Jer 43:5	בְּ/אֶ֥רֶץ	b/776	HR/Ncbsc
Jer 43:5	יְהוּדָֽה	3063	HNp
Jer 43:6	אֶֽת	853	HTo
Jer 43:6	הַ֠/גְּבָרִים	d/1397	HTd/Ncmpa
Jer 43:6	וְ/אֶת	c/853	HC/To
Jer 43:6	הַ/נָּשִׁ֣ים	d/802	HTd/Ncfpa
Jer 43:6	וְ/אֶת	c/853	HC/To
Jer 43:6	הַ/טַּף֮	d/2945	HTd/Ncmsa
Jer 43:6	וְ/אֶת	c/853	HC/To
Jer 43:6	בְּנ֣וֹת	1323	HNcfpc
Jer 43:6	הַ/מֶּלֶךְ֒	d/4428	HTd/Ncmsa
Jer 43:6	וְ/אֵ֣ת	c/853	HC/To
Jer 43:6	כָּל	3605	HNcmsc
Jer 43:6	הַ/נֶּ֗פֶשׁ	d/5315	HTd/Ncbsa
Jer 43:6	אֲשֶׁ֤ר	834 a	HTr
Jer 43:6	הִנִּ֨יחַ֙	3240	HVhp3ms
Jer 43:6	נְבוּזַרְאֲדָ֣ן	5018	HNp
Jer 43:6	רַב	7227 b	HNcmsc
Jer 43:6	טַבָּחִ֔ים	2876	HNcmpa
Jer 43:6	אֶת	854	HR
Jer 43:6	גְּדַלְיָ֖הוּ	1436 b	HNp
Jer 43:6	בֶּן	1121 a	HNcmsc
Jer 43:6	אֲחִיקָ֣ם	296	HNp
Jer 43:6	בֶּן	1121 a	HNcmsc
Jer 43:6	שָׁפָ֑ן	8227 b	HNp
Jer 43:6	וְ/אֵת֙	c/853	HC/To
Jer 43:6	יִרְמְיָ֣הוּ	3414	HNp
Jer 43:6	הַ/נָּבִ֔יא	d/5030	HTd/Ncmsa
Jer 43:6	וְ/אֶת	c/853	HC/To
Jer 43:6	בָּר֖וּךְ	1263	HNp
Jer 43:6	בֶּן	1121 a	HNcmsc
Jer 43:6	נֵרִיָּֽהוּ	5374	HNp
Jer 43:7	וַ/יָּבֹ֨אוּ֙	c/935	HC/Vqw3mp
Jer 43:7	אֶ֣רֶץ	776	HNcbsc
Jer 43:7	מִצְרַ֔יִם	4714	HNp
Jer 43:7	כִּ֛י	3588 a	HC
Jer 43:7	לֹ֥א	3808	HTn
Jer 43:7	שָׁמְע֖וּ	8085	HVqp3cp
Jer 43:7	בְּ/ק֣וֹל	b/6963 a	HR/Ncmsc
Jer 43:7	יְהוָ֑ה	3068	HNp
Jer 43:7	וַ/יָּבֹ֖אוּ	c/935	HC/Vqw3mp
Jer 43:7	עַד	5704	HR
Jer 43:7	תַּחְפַּנְחֵֽס	8471	HNp
Jer 43:8	וַ/יְהִ֤י	c/1961	HC/Vqw3ms
Jer 43:8	דְבַר	1697	HNcmsc
Jer 43:8	יְהוָה֙	3068	HNp
Jer 43:8	אֶֽל	413	HR
Jer 43:8	יִרְמְיָ֔הוּ	3414	HNp
Jer 43:8	בְּ/תַחְפַּנְחֵ֖ס	b/8471	HR/Np
Jer 43:8	לֵ/אמֹֽר	l/559	HR/Vqc
Jer 43:9	קַ֣ח	3947	HVqv2ms
Jer 43:9	בְּ/יָדְ/ךָ֞	b/3027	HR/Ncbsc/Sp2ms
Jer 43:9	אֲבָנִ֣ים	68	HNcfpa
Jer 43:9	גְּדֹל֗וֹת	1419 a	HAafpa
Jer 43:9	וּ/טְמַנְתָּ֤/ם	c/2934	HC/Vqq2ms/Sp3mp
Jer 43:9	בַּ/מֶּ֨לֶט֙	b/4423	HRd/Ncmsa
Jer 43:9	בַּ/מַּלְבֵּ֔ן	b/4404	HRd/Ncmsa
Jer 43:9	אֲשֶׁ֛ר	834 a	HTr
Jer 43:9	בְּ/פֶ֥תַח	b/6607	HR/Ncmsc
Jer 43:9	בֵּית	1004 b	HNcmsc
Jer 43:9	פַּרְעֹ֖ה	6547	HNp
Jer 43:9	בְּ/תַחְפַּנְחֵ֑ס	b/8471	HR/Np
Jer 43:9	לְ/עֵינֵ֖י	l/5869 a	HR/Ncbdc
Jer 43:9	אֲנָשִׁ֥ים	376	HNcmpa
Jer 43:9	יְהוּדִֽים	3064	HNgmpa
Jer 43:10	וְ/אָמַרְתָּ֣	c/559	HC/Vqq2ms
Jer 43:10	אֲלֵי/הֶ֡ם	413	HR/Sp3mp
Jer 43:10	כֹּֽה	3541	HD
Jer 43:10	אָמַר֩	559	HVqp3ms
Jer 43:10	יְהוָ֨ה	3068	HNp
Jer 43:10	צְבָא֜וֹת	6635 b	HNcbpa
Jer 43:10	אֱלֹהֵ֣י	430	HNcmpc
Jer 43:10	יִשְׂרָאֵ֗ל	3478	HNp
Jer 43:10	הִנְ/נִ֤י	2005	HTm/Sp1cs
Jer 43:10	שֹׁלֵ֨חַ֙	7971	HVqrmsa
Jer 43:10	וְ֠/לָקַחְתִּי	c/3947	HC/Vqq1cs
Jer 43:10	אֶת	853	HTo
Jer 43:10	נְבוּכַדְרֶאצַּ֤ר	5019	HNp
Jer 43:10	מֶֽלֶךְ	4428	HNcmsc
Jer 43:10	בָּבֶל֙	894	HNp
Jer 43:10	עַבְדִּ֔/י	5650	HNcmsc/Sp1cs
Jer 43:10	וְ/שַׂמְתִּ֣י	c/7760 a	HC/Vqq1cs
Jer 43:10	כִסְא֔/וֹ	3678	HNcmsc/Sp3ms
Jer 43:10	מִ/מַּ֛עַל	m/4605	HR/D
Jer 43:10	לָ/אֲבָנִ֥ים	l/68	HRd/Ncfpa
Jer 43:10	הָ/אֵ֖לֶּה	d/428	HTd/Pdxcp
Jer 43:10	אֲשֶׁ֣ר	834 a	HTr
Jer 43:10	טָמָ֑נְתִּי	2934	HVqp1cs
Jer 43:10	וְ/נָטָ֥ה	c/5186	HC/Vqq3ms
Jer 43:10	אֶת	853	HTo
Jer 43:10	שפרור/ו	8237	HNcmsc/Sp3ms
Jer 43:10	עֲלֵי/הֶֽם	5921 a	HR/Sp3mp
Jer 43:11	ו/בא/ה	c/935	HC/Vqrmsc/Sd
Jer 43:11	וְ/הִכָּ֖ה	c/5221	HC/Vhq3ms
Jer 43:11	אֶת	853	HTo
Jer 43:11	אֶ֣רֶץ	776	HNcbsc
Jer 43:11	מִצְרָ֑יִם	4714	HNp
Jer 43:11	אֲשֶׁ֧ר	834 a	HTr
Jer 43:11	לַ/מָּ֣וֶת	l/4194	HRd/Ncmsa
Jer 43:11	לַ/מָּ֗וֶת	l/4194	HRd/Ncmsa
Jer 43:11	וַ/אֲשֶׁ֤ר	c/834 a	HC/Tr
Jer 43:11	לַ/שְּׁבִי֙	l/7628 a	HRd/Ncbsa
Jer 43:11	לַ/שֶּׁ֔בִי	l/7628 a	HRd/Ncbsa
Jer 43:11	וַ/אֲשֶׁ֥ר	c/834 a	HC/Tr
Jer 43:11	לַ/חֶ֖רֶב	l/2719	HRd/Ncfsa
Jer 43:11	לֶ/חָֽרֶב	l/2719	HRd/Ncfsa
Jer 43:12	וְ/הִצַּ֣תִּי	c/3341	HC/Vhq1cs
Jer 43:12	אֵ֗שׁ	784	HNcbsa
Jer 43:12	בְּ/בָתֵּי֙	b/1004 b	HR/Ncmpc
Jer 43:12	אֱלֹהֵ֣י	430	HNcmpc
Jer 43:12	מִצְרַ֔יִם	4714	HNp
Jer 43:12	וּ/שְׂרָפָ֖/ם	c/8313	HC/Vqq3ms/Sp3mp
Jer 43:12	וְ/שָׁבָ֑/ם	c/7617	HC/Vqq3ms/Sp3mp
Jer 43:12	וְ/עָטָה֩	c/5844 a	HC/Vqq3ms
Jer 43:12	אֶת	853	HTo
Jer 43:12	אֶ֨רֶץ	776	HNcbsc
Jer 43:12	מִצְרַ֜יִם	4714	HNp
Jer 43:12	כַּ/אֲשֶׁר	k/834 d	HR/Tr
Jer 43:12	יַעְטֶ֤ה	5844 a	HVqi3ms
Jer 43:12	הָֽ/רֹעֶה֙	d/7462 b	HTd/Vqrmsa
Jer 43:12	אֶת	853	HTo
Jer 43:12	בִּגְד֔/וֹ	899 b	HNcmsc/Sp3ms
Jer 43:12	וְ/יָצָ֥א	c/3318	HC/Vqq3ms
Jer 43:12	מִ/שָּׁ֖ם	m/8033	HR/D
Jer 43:12	בְּ/שָׁלֽוֹם	b/7965	HR/Ncmsa
Jer 43:13	וְ/שִׁבַּ֗ר	c/7665	HC/Vpq3ms
Jer 43:13	אֶֽת	853	HTo
Jer 43:13	מַצְּבוֹת֙	4676	HNcfpc
Jer 43:13	בֵּ֣ית	1053+	HNp
Jer 43:13	שֶׁ֔מֶשׁ	1053	HNp
Jer 43:13	אֲשֶׁ֖ר	834 a	HTr
Jer 43:13	בְּ/אֶ֣רֶץ	b/776	HR/Ncbsc
Jer 43:13	מִצְרָ֑יִם	4714	HNp
Jer 43:13	וְ/אֶת	c/853	HC/To
Jer 43:13	בָּתֵּ֥י	1004 b	HNcmpc
Jer 43:13	אֱלֹהֵֽי	430	HNcmpc
Jer 43:13	מִצְרַ֖יִם	4714	HNp
Jer 43:13	יִשְׂרֹ֥ף	8313	HVqi3ms
Jer 43:13	בָּ/אֵֽשׁ	b/784	HRd/Ncbsa
Jer 44:1	הַ/דָּבָר֙	d/1697	HTd/Ncmsa
Jer 44:1	אֲשֶׁ֣ר	834 a	HTr
Jer 44:1	הָיָ֣ה	1961	HVqp3ms
Jer 44:1	אֶֽל	413	HR
Jer 44:1	יִרְמְיָ֔הוּ	3414	HNp
Jer 44:1	אֶ֚ל	413	HR
Jer 44:1	כָּל	3605	HNcmsc
Jer 44:1	הַ/יְּהוּדִ֔ים	d/3064	HTd/Ngmpa
Jer 44:1	הַ/יֹּשְׁבִ֖ים	d/3427	HTd/Vqrmpa
Jer 44:1	בְּ/אֶ֣רֶץ	b/776	HR/Ncbsc
Jer 44:1	מִצְרָ֑יִם	4714	HNp
Jer 44:1	הַ/יֹּשְׁבִ֤ים	d/3427	HTd/Vqrmpa
Jer 44:1	בְּ/מִגְדֹּל֙	b/4024 b	HR/Np
Jer 44:1	וּ/בְ/תַחְפַּנְחֵ֣ס	c/b/8471	HC/R/Np
Jer 44:1	וּ/בְ/נֹ֔ף	c/b/5297	HC/R/Np
Jer 44:1	וּ/בְ/אֶ֥רֶץ	c/b/776	HC/R/Ncbsc
Jer 44:1	פַּתְר֖וֹס	6624	HNp
Jer 44:1	לֵ/אמֹֽר	l/559	HR/Vqc
Jer 44:2	כֹּה	3541	HD
Jer 44:2	אָמַ֞ר	559	HVqp3ms
Jer 44:2	יְהוָ֤ה	3068	HNp
Jer 44:2	צְבָאוֹת֙	6635 b	HNcbpa
Jer 44:2	אֱלֹהֵ֣י	430	HNcmpc
Jer 44:2	יִשְׂרָאֵ֔ל	3478	HNp
Jer 44:2	אַתֶּ֣ם	859 d	HPp2mp
Jer 44:2	רְאִיתֶ֗ם	7200	HVqp2mp
Jer 44:2	אֵ֤ת	853	HTo
Jer 44:2	כָּל	3605	HNcmsc
Jer 44:2	הָֽ/רָעָה֙	d/7451 c	HTd/Ncfsa
Jer 44:2	אֲשֶׁ֤ר	834 a	HTr
Jer 44:2	הֵבֵ֨אתִי֙	935	HVhp1cs
Jer 44:2	עַל	5921 a	HR
Jer 44:2	יְר֣וּשָׁלִַ֔ם	3389	HNp
Jer 44:2	וְ/עַ֖ל	c/5921 a	HC/R
Jer 44:2	כָּל	3605	HNcmsc
Jer 44:2	עָרֵ֣י	5892 b	HNcfpc
Jer 44:2	יְהוּדָ֑ה	3063	HNp
Jer 44:2	וְ/הִנָּ֤/ם	c/2005	HC/Tm/Sp3mp
Jer 44:2	חָרְבָּה֙	2723	HNcfsa
Jer 44:2	הַ/יּ֣וֹם	d/3117	HTd/Ncmsa
Jer 44:2	הַ/זֶּ֔ה	d/2088	HTd/Pdxms
Jer 44:2	וְ/אֵ֥ין	c/369	HC/Tn
Jer 44:2	בָּ/הֶ֖ם	b	HR/Sp3mp
Jer 44:2	יוֹשֵֽׁב	3427	HVqrmsa
Jer 44:3	מִ/פְּנֵ֣י	m/6440	HR/Ncbpc
Jer 44:3	רָעָתָ֗/ם	7451 c	HNcfsc/Sp3mp
Jer 44:3	אֲשֶׁ֤ר	834 a	HTr
Jer 44:3	עָשׂוּ֙	6213 a	HVqp3cp
Jer 44:3	לְ/הַכְעִסֵ֔/נִי	l/3707	HR/Vhc/Sp1cs
Jer 44:3	לָ/לֶ֣כֶת	l/3212	HR/Vqc
Jer 44:3	לְ/קַטֵּ֔ר	l/6999 a	HR/Vpc
Jer 44:3	לַ/עֲבֹ֖ד	l/5647	HR/Vqc
Jer 44:3	לֵ/אלֹהִ֣ים	l/430	HR/Ncmpa
Jer 44:3	אֲחֵרִ֑ים	312	HAampa
Jer 44:3	אֲשֶׁר֙	834 a	HTr
Jer 44:3	לֹ֣א	3808	HTn
Jer 44:3	יְדָע֔וּ/ם	3045	HVqp3cp/Sp3mp
Jer 44:3	הֵ֖מָּה	1992	HPp3mp
Jer 44:3	אַתֶּ֥ם	859 d	HPp2mp
Jer 44:3	וַ/אֲבֹתֵי/כֶֽם	c/1	HC/Ncmpc/Sp2mp
Jer 44:4	וָ/אֶשְׁלַ֤ח	c/7971	HC/Vqw1cs
Jer 44:4	אֲלֵי/כֶם֙	413	HR/Sp2mp
Jer 44:4	אֶת	853	HTo
Jer 44:4	כָּל	3605	HNcmsc
Jer 44:4	עֲבָדַ֣/י	5650	HNcmpc/Sp1cs
Jer 44:4	הַ/נְּבִיאִ֔ים	d/5030	HTd/Ncmpa
Jer 44:4	הַשְׁכֵּ֥ים	7925	HVha
Jer 44:4	וְ/שָׁלֹ֖חַ	c/7971	HC/Vqa
Jer 44:4	לֵ/אמֹ֑ר	l/559	HR/Vqc
Jer 44:4	אַל	408	HTn
Jer 44:4	נָ֣א	4994	HTe
Jer 44:4	תַעֲשׂ֗וּ	6213 a	HVqj2mp
Jer 44:4	אֵ֛ת	853	HTo
Jer 44:4	דְּבַֽר	1697	HNcmsc
Jer 44:4	הַ/תֹּעֵבָ֥ה	d/8441	HTd/Ncfsa
Jer 44:4	הַ/זֹּ֖את	d/2063	HTd/Pdxfs
Jer 44:4	אֲשֶׁ֥ר	834 a	HTr
Jer 44:4	שָׂנֵֽאתִי	8130	HVqp1cs
Jer 44:5	וְ/לֹ֤א	c/3808	HC/Tn
Jer 44:5	שָֽׁמְעוּ֙	8085	HVqp3cp
Jer 44:5	וְ/לֹא	c/3808	HC/Tn
Jer 44:5	הִטּ֣וּ	5186	HVhp3cp
Jer 44:5	אֶת	853	HTo
Jer 44:5	אָזְנָ֔/ם	241	HNcfsc/Sp3mp
Jer 44:5	לָ/שׁ֖וּב	l/7725	HR/Vqc
Jer 44:5	מֵ/רָֽעָתָ֑/ם	m/7451 c	HR/Ncfsc/Sp3mp
Jer 44:5	לְ/בִלְתִּ֥י	l/1115	HR/C
Jer 44:5	קַטֵּ֖ר	6999 a	HVpc
Jer 44:5	לֵ/אלֹהִ֥ים	l/430	HR/Ncmpa
Jer 44:5	אֲחֵרִֽים	312	HAampa
Jer 44:6	וַ/תִּתַּ֤ךְ	c/5413	HC/Vqw3fs
Jer 44:6	חֲמָתִ/י֙	2534	HNcfsc/Sp1cs
Jer 44:6	וְ/אַפִּ֔/י	c/639	HC/Ncmsc/Sp1cs
Jer 44:6	וַ/תִּבְעַר֙	c/1197 a	HC/Vqw3fs
Jer 44:6	בְּ/עָרֵ֣י	b/5892 b	HR/Ncfpc
Jer 44:6	יְהוּדָ֔ה	3063	HNp
Jer 44:6	וּ/בְ/חֻצ֖וֹת	c/b/2351	HC/R/Ncmpc
Jer 44:6	יְרֽוּשָׁלִָ֑ם	3389	HNp
Jer 44:6	וַ/תִּהְיֶ֛ינָה	c/1961	HC/Vqw3fp
Jer 44:6	לְ/חָרְבָּ֥ה	l/2723	HR/Ncfsa
Jer 44:6	לִ/שְׁמָמָ֖ה	l/8077 a	HR/Ncfsa
Jer 44:6	כַּ/יּ֥וֹם	k/3117	HRd/Ncmsa
Jer 44:6	הַ/זֶּֽה	d/2088	HTd/Pdxms
Jer 44:7	וְ/עַתָּ֡ה	c/6258	HC/D
Jer 44:7	כֹּֽה	3541	HD
Jer 44:7	אָמַ֣ר	559	HVqp3ms
Jer 44:7	יְהוָה֩	3068	HNp
Jer 44:7	אֱלֹהֵ֨י	430	HNcmpc
Jer 44:7	צְבָא֜וֹת	6635 b	HNcbpa
Jer 44:7	אֱלֹהֵ֣י	430	HNcmpc
Jer 44:7	יִשְׂרָאֵ֗ל	3478	HNp
Jer 44:7	לָ/מָה֩	l/4100	HR/Ti
Jer 44:7	אַתֶּ֨ם	859 d	HPp2mp
Jer 44:7	עֹשִׂ֜ים	6213 a	HVqrmpa
Jer 44:7	רָעָ֤ה	7451 c	HNcfsa
Jer 44:7	גְדוֹלָה֙	1419 a	HAafsa
Jer 44:7	אֶל	413	HR
Jer 44:7	נַפְשֹׁ֣תֵ/כֶ֔ם	5315	HNcbpc/Sp2mp
Jer 44:7	לְ/הַכְרִ֨ית	l/3772	HR/Vhc
Jer 44:7	לָ/כֶ֧ם	l	HR/Sp2mp
Jer 44:7	אִישׁ	376	HNcmsa
Jer 44:7	וְ/אִשָּׁ֛ה	c/802	HC/Ncfsa
Jer 44:7	עוֹלֵ֥ל	5768	HNcmsa
Jer 44:7	וְ/יוֹנֵ֖ק	c/3243	HC/Vqrmsa
Jer 44:7	מִ/תּ֣וֹךְ	m/8432	HR/Ncmsc
Jer 44:7	יְהוּדָ֑ה	3063	HNp
Jer 44:7	לְ/בִלְתִּ֛י	l/1115	HR/C
Jer 44:7	הוֹתִ֥יר	3498	HVhc
Jer 44:7	לָ/כֶ֖ם	l	HR/Sp2mp
Jer 44:7	שְׁאֵרִֽית	7611	HNcfsa
Jer 44:8	לְ/הַכְעִסֵ֨/נִי֙	l/3707	HR/Vhc/Sp1cs
Jer 44:8	בְּ/מַעֲשֵׂ֣י	b/4639	HR/Ncmpc
Jer 44:8	יְדֵי/כֶ֔ם	3027	HNcbdc/Sp2mp
Jer 44:8	לְ/קַטֵּ֞ר	l/6999 a	HR/Vpc
Jer 44:8	לֵ/אלֹהִ֤ים	l/430	HR/Ncmpa
Jer 44:8	אֲחֵרִים֙	312	HAampa
Jer 44:8	בְּ/אֶ֣רֶץ	b/776	HR/Ncbsc
Jer 44:8	מִצְרַ֔יִם	4714	HNp
Jer 44:8	אֲשֶׁר	834 a	HTr
Jer 44:8	אַתֶּ֥ם	859 d	HPp2mp
Jer 44:8	בָּאִ֖ים	935	HVqrmpa
Jer 44:8	לָ/ג֣וּר	l/1481 a	HR/Vqc
Jer 44:8	שָׁ֑ם	8033	HD
Jer 44:8	לְמַ֨עַן֙	4616	HR
Jer 44:8	הַכְרִ֣ית	3772	HVhc
Jer 44:8	לָ/כֶ֔ם	l	HR/Sp2mp
Jer 44:8	וּ/לְמַ֤עַן	c/4616	HC/R
Jer 44:8	הֱיֽוֹתְ/כֶם֙	1961	HVqc/Sp2mp
Jer 44:8	לִ/קְלָלָ֣ה	l/7045	HR/Ncfsa
Jer 44:8	וּ/לְ/חֶרְפָּ֔ה	c/l/2781	HC/R/Ncfsa
Jer 44:8	בְּ/כֹ֖ל	b/3605	HR/Ncmsc
Jer 44:8	גּוֹיֵ֥י	1471 a	HNcmpc
Jer 44:8	הָ/אָֽרֶץ	d/776	HTd/Ncbsa
Jer 44:9	הַֽ/שְׁכַחְתֶּם֩	d/7911	HTi/Vqp2mp
Jer 44:9	אֶת	853	HTo
Jer 44:9	רָע֨וֹת	7451 c	HNcfpc
Jer 44:9	אֲבוֹתֵי/כֶ֜ם	1	HNcmpc/Sp2mp
Jer 44:9	וְ/אֶת	c/853	HC/To
Jer 44:9	רָע֣וֹת	7451 c	HNcfpc
Jer 44:9	מַלְכֵ֣י	4428	HNcmpc
Jer 44:9	יְהוּדָ֗ה	3063	HNp
Jer 44:9	וְ/אֵת֙	c/853	HC/To
Jer 44:9	רָע֣וֹת	7451 c	HNcfpc
Jer 44:9	נָשָׁ֔י/ו	802	HNcfpc/Sp3ms
Jer 44:9	וְ/אֵת֙	c/853	HC/To
Jer 44:9	רָעֹ֣תֵ/כֶ֔ם	7451 c	HNcfpc/Sp2mp
Jer 44:9	וְ/אֵ֖ת	c/853	HC/To
Jer 44:9	רָעֹ֣ת	7451 c	HNcfpc
Jer 44:9	נְשֵׁי/כֶ֑ם	802	HNcfpc/Sp2mp
Jer 44:9	אֲשֶׁ֤ר	834 a	HTr
Jer 44:9	עָשׂוּ֙	6213 a	HVqp3cp
Jer 44:9	בְּ/אֶ֣רֶץ	b/776	HR/Ncbsc
Jer 44:9	יְהוּדָ֔ה	3063	HNp
Jer 44:9	וּ/בְ/חֻצ֖וֹת	c/b/2351	HC/R/Ncmpc
Jer 44:9	יְרוּשָׁלִָֽם	3389	HNp
Jer 44:10	לֹ֣א	3808	HTn
Jer 44:10	דֻכְּא֔וּ	1792	HVPp3cp
Jer 44:10	עַ֖ד	5704	HR
Jer 44:10	הַ/יּ֣וֹם	d/3117	HTd/Ncmsa
Jer 44:10	הַ/זֶּ֑ה	d/2088	HTd/Pdxms
Jer 44:10	וְ/לֹ֣א	c/3808	HC/Tn
Jer 44:10	יָרְא֗וּ	3372	HVqp3cp
Jer 44:10	וְ/לֹֽא	c/3808	HC/Tn
Jer 44:10	הָלְכ֤וּ	1980	HVqp3cp
Jer 44:10	בְ/תֽוֹרָתִ/י֙	b/8451	HR/Ncfsc/Sp1cs
Jer 44:10	וּ/בְ/חֻקֹּתַ֔/י	c/b/2708	HC/R/Ncbpc/Sp1cs
Jer 44:10	אֲשֶׁר	834 a	HTr
Jer 44:10	נָתַ֥תִּי	5414	HVqp1cs
Jer 44:10	לִ/פְנֵי/כֶ֖ם	l/6440	HR/Ncbpc/Sp2mp
Jer 44:10	וְ/לִ/פְנֵ֥י	c/l/6440	HC/R/Ncbpc
Jer 44:10	אֲבוֹתֵי/כֶֽם	1	HNcmpc/Sp2mp
Jer 44:11	לָ/כֵ֗ן	l/3651 c	HR/D
Jer 44:11	כֹּֽה	3541	HD
Jer 44:11	אָמַ֞ר	559	HVqp3ms
Jer 44:11	יְהוָ֤ה	3068	HNp
Jer 44:11	צְבָאוֹת֙	6635 b	HNcbpa
Jer 44:11	אֱלֹהֵ֣י	430	HNcmpc
Jer 44:11	יִשְׂרָאֵ֔ל	3478	HNp
Jer 44:11	הִנְ/נִ֨י	2005	HTm/Sp1cs
Jer 44:11	שָׂ֥ם	7760 a	HVqrmsa
Jer 44:11	פָּנַ֛/י	6440	HNcbpc/Sp1cs
Jer 44:11	בָּ/כֶ֖ם	b	HR/Sp2mp
Jer 44:11	לְ/רָעָ֑ה	l/7451 c	HR/Ncfsa
Jer 44:11	וּ/לְ/הַכְרִ֖ית	c/l/3772	HC/R/Vhc
Jer 44:11	אֶת	853	HTo
Jer 44:11	כָּל	3605	HNcmsc
Jer 44:11	יְהוּדָֽה	3063	HNp
Jer 44:12	וְ/לָקַחְתִּ֞י	c/3947	HC/Vqq1cs
Jer 44:12	אֶת	853	HTo
Jer 44:12	שְׁאֵרִ֣ית	7611	HNcfsc
Jer 44:12	יְהוּדָ֗ה	3063	HNp
Jer 44:12	אֲשֶׁר	834 a	HTr
Jer 44:12	שָׂ֨מוּ	7760 a	HVqp3cp
Jer 44:12	פְנֵי/הֶ֜ם	6440	HNcbpc/Sp3mp
Jer 44:12	לָ/ב֣וֹא	l/935	HR/Vqc
Jer 44:12	אֶֽרֶץ	776	HNcbsc
Jer 44:12	מִצְרַיִם֮	4714	HNp
Jer 44:12	לָ/ג֣וּר	l/1481 a	HR/Vqc
Jer 44:12	שָׁם֒	8033	HD
Jer 44:12	וְ/תַ֨מּוּ	c/8552	HC/Vqq3cp
Jer 44:12	כֹ֜ל	3605	HNcmsa
Jer 44:12	בְּ/אֶ֧רֶץ	b/776	HR/Ncbsc
Jer 44:12	מִצְרַ֣יִם	4714	HNp
Jer 44:12	יִפֹּ֗לוּ	5307	HVqi3mp
Jer 44:12	בַּ/חֶ֤רֶב	b/2719	HRd/Ncfsa
Jer 44:12	בָּֽ/רָעָב֙	b/7458	HRd/Ncmsa
Jer 44:12	יִתַּ֔מּוּ	8552	HVqi3mp
Jer 44:12	מִ/קָּטֹן֙	m/6996 b	HR/Aamsa
Jer 44:12	וְ/עַד	c/5704	HC/R
Jer 44:12	גָּד֔וֹל	1419 a	HAamsa
Jer 44:12	בַּ/חֶ֥רֶב	b/2719	HRd/Ncfsa
Jer 44:12	וּ/בָ/רָעָ֖ב	c/b/7458	HC/Rd/Ncmsa
Jer 44:12	יָמֻ֑תוּ	4191	HVqi3mp
Jer 44:12	וְ/הָיוּ֙	c/1961	HC/Vqq3cp
Jer 44:12	לְ/אָלָ֣ה	l/423	HR/Ncfsa
Jer 44:12	לְ/שַׁמָּ֔ה	l/8047	HR/Ncfsa
Jer 44:12	וְ/לִ/קְלָלָ֖ה	c/l/7045	HC/R/Ncfsa
Jer 44:12	וּ/לְ/חֶרְפָּֽה	c/l/2781	HC/R/Ncfsa
Jer 44:13	וּ/פָקַדְתִּ֗י	c/6485 a	HC/Vqq1cs
Jer 44:13	עַ֤ל	5921 a	HR
Jer 44:13	הַ/יּֽוֹשְׁבִים֙	d/3427	HTd/Vqrmpa
Jer 44:13	בְּ/אֶ֣רֶץ	b/776	HR/Ncbsc
Jer 44:13	מִצְרַ֔יִם	4714	HNp
Jer 44:13	כַּ/אֲשֶׁ֥ר	k/834 d	HR/Tr
Jer 44:13	פָּקַ֖דְתִּי	6485 a	HVqp1cs
Jer 44:13	עַל	5921 a	HR
Jer 44:13	יְרֽוּשָׁלִָ֑ם	3389	HNp
Jer 44:13	בַּ/חֶ֥רֶב	b/2719	HRd/Ncfsa
Jer 44:13	בָּ/רָעָ֖ב	b/7458	HRd/Ncmsa
Jer 44:13	וּ/בַ/דָּֽבֶר	c/b/1698	HC/Rd/Ncmsa
Jer 44:14	וְ/לֹ֨א	c/3808	HC/Tn
Jer 44:14	יִהְיֶ֜ה	1961	HVqi3ms
Jer 44:14	פָּלִ֤יט	6412 a	HNcmsa
Jer 44:14	וְ/שָׂרִיד֙	c/8300	HC/Ncmsa
Jer 44:14	לִ/שְׁאֵרִ֣ית	l/7611	HR/Ncfsc
Jer 44:14	יְהוּדָ֔ה	3063	HNp
Jer 44:14	הַ/בָּאִ֥ים	d/935	HTd/Vqrmpa
Jer 44:14	לָ/גֽוּר	l/1481 a	HR/Vqc
Jer 44:14	שָׁ֖ם	8033	HD
Jer 44:14	בְּ/אֶ֣רֶץ	b/776	HR/Ncbsc
Jer 44:14	מִצְרָ֑יִם	4714	HNp
Jer 44:14	וְ/לָ/שׁ֣וּב	c/l/7725	HC/R/Vqc
Jer 44:14	אֶ֣רֶץ	776	HNcbsc
Jer 44:14	יְהוּדָ֗ה	3063	HNp
Jer 44:14	אֲשֶׁר	834 a	HTr
Jer 44:14	הֵ֜מָּה	1992	HPp3mp
Jer 44:14	מְנַשְּׂאִ֤ים	5375	HVprmpa
Jer 44:14	אֶת	853	HTo
Jer 44:14	נַפְשָׁ/ם֙	5315	HNcbsc/Sp3mp
Jer 44:14	לָ/שׁוּב֙	l/7725	HR/Vqc
Jer 44:14	לָ/שֶׁ֣בֶת	l/3427	HR/Vqc
Jer 44:14	שָׁ֔ם	8033	HD
Jer 44:14	כִּ֥י	3588 a	HC
Jer 44:14	לֹֽא	3808	HTn
Jer 44:14	יָשׁ֖וּבוּ	7725	HVqi3mp
Jer 44:14	כִּ֥י	3588 b	HC
Jer 44:14	אִם	518 b	HC
Jer 44:14	פְּלֵטִֽים	6412 b	HNcmpa
Jer 44:15	וַ/יַּעֲנ֣וּ	c/6030 b	HC/Vqw3mp
Jer 44:15	אֶֽת	853	HTo
Jer 44:15	יִרְמְיָ֗הוּ	3414	HNp
Jer 44:15	כָּל	3605	HNcmsc
Jer 44:15	הָ/אֲנָשִׁ֤ים	d/376	HTd/Ncmpa
Jer 44:15	הַ/יֹּֽדְעִים֙	d/3045	HTd/Vqrmpa
Jer 44:15	כִּֽי	3588 a	HC
Jer 44:15	מְקַטְּר֤וֹת	6999 a	HVprfpa
Jer 44:15	נְשֵׁי/הֶם֙	802	HNcfpc/Sp3mp
Jer 44:15	לֵ/אלֹהִ֣ים	l/430	HR/Ncmpa
Jer 44:15	אֲחֵרִ֔ים	312	HAampa
Jer 44:15	וְ/כָל	c/3605	HC/Ncmsc
Jer 44:15	הַ/נָּשִׁ֥ים	d/802	HTd/Ncfpa
Jer 44:15	הָ/עֹמְד֖וֹת	d/5975	HTd/Vqrfpa
Jer 44:15	קָהָ֣ל	6951	HNcmsa
Jer 44:15	גָּד֑וֹל	1419 a	HAamsa
Jer 44:15	וְ/כָל	c/3605	HC/Ncmsc
Jer 44:15	הָ/עָ֛ם	d/5971 a	HTd/Ncmsa
Jer 44:15	הַ/יֹּשְׁבִ֥ים	d/3427	HTd/Vqrmpa
Jer 44:15	בְּ/אֶֽרֶץ	b/776	HR/Ncbsc
Jer 44:15	מִצְרַ֖יִם	4714	HNp
Jer 44:15	בְּ/פַתְר֥וֹס	b/6624	HR/Np
Jer 44:15	לֵ/אמֹֽר	l/559	HR/Vqc
Jer 44:16	הַ/דָּבָ֛ר	d/1697	HTd/Ncmsa
Jer 44:16	אֲשֶׁר	834 a	HTr
Jer 44:16	דִּבַּ֥רְתָּ	1696	HVpp2ms
Jer 44:16	אֵלֵ֖י/נוּ	413	HR/Sp1cp
Jer 44:16	בְּ/שֵׁ֣ם	b/8034	HR/Ncmsc
Jer 44:16	יְהוָ֑ה	3068	HNp
Jer 44:16	אֵינֶ֥/נּוּ	369	HTn/Sp1cp
Jer 44:16	שֹׁמְעִ֖ים	8085	HVqrmpa
Jer 44:16	אֵלֶֽי/ךָ	413	HR/Sp2ms
Jer 44:17	כִּ֩י	3588 a	HC
Jer 44:17	עָשֹׂ֨ה	6213 a	HVqa
Jer 44:17	נַעֲשֶׂ֜ה	6213 a	HVqi1cp
Jer 44:17	אֶֽת	853	HTo
Jer 44:17	כָּל	3605	HNcmsc
Jer 44:17	הַ/דָּבָ֣ר	d/1697	HTd/Ncmsa
Jer 44:17	אֲשֶׁר	834 a	HTr
Jer 44:17	יָצָ֣א	3318	HVqp3ms
Jer 44:17	מִ/פִּ֗י/נוּ	m/6310	HR/Ncmsc/Sp1cp
Jer 44:17	לְ/קַטֵּ֞ר	l/6999 a	HR/Vpc
Jer 44:17	לִ/מְלֶ֣כֶת	l/4446	HR/Ncfsc
Jer 44:17	הַ/שָּׁמַיִם֮	d/8064	HTd/Ncmpa
Jer 44:17	וְ/הַסֵּֽיךְ	c/5258 a	HC/Vha
Jer 44:17	לָ֣/הּ	l	HR/Sp3fs
Jer 44:17	נְסָכִים֒	5262	HNcmpa
Jer 44:17	כַּ/אֲשֶׁ֨ר	k/834 d	HR/Tr
Jer 44:17	עָשִׂ֜ינוּ	6213 a	HVqp1cp
Jer 44:17	אֲנַ֤חְנוּ	587	HPp1cp
Jer 44:17	וַ/אֲבֹתֵ֨י/נוּ֙	c/1	HC/Ncmpc/Sp1cp
Jer 44:17	מְלָכֵ֣י/נוּ	4428	HNcmpc/Sp1cp
Jer 44:17	וְ/שָׂרֵ֔י/נוּ	c/8269	HC/Ncmpc/Sp1cp
Jer 44:17	בְּ/עָרֵ֣י	b/5892 b	HR/Ncfpc
Jer 44:17	יְהוּדָ֔ה	3063	HNp
Jer 44:17	וּ/בְ/חֻצ֖וֹת	c/b/2351	HC/R/Ncmpc
Jer 44:17	יְרוּשָׁלִָ֑ם	3389	HNp
Jer 44:17	וַ/נִּֽשְׂבַּֽע	c/7646	HC/Vqw1cp
Jer 44:17	לֶ֨חֶם֙	3899	HNcbsa
Jer 44:17	וַ/נִּֽהְיֶ֣ה	c/1961	HC/Vqw1cp
Jer 44:17	טוֹבִ֔ים	2896 a	HAampa
Jer 44:17	וְ/רָעָ֖ה	c/7451 c	HC/Ncfsa
Jer 44:17	לֹ֥א	3808	HTn
Jer 44:17	רָאִֽינוּ	7200	HVqp1cp
Jer 44:18	וּ/מִן	c/4480 a	HC/R
Jer 44:18	אָ֡ז	227 b	HD
Jer 44:18	חָדַ֜לְנוּ	2308	HVqp1cp
Jer 44:18	לְ/קַטֵּ֨ר	l/6999 a	HR/Vpc
Jer 44:18	לִ/מְלֶ֧כֶת	l/4446	HR/Ncfsc
Jer 44:18	הַ/שָּׁמַ֛יִם	d/8064	HTd/Ncmpa
Jer 44:18	וְ/הַסֵּֽךְ	c/5258 a	HC/Vha
Jer 44:18	לָ֥/הּ	l	HR/Sp3fs
Jer 44:18	נְסָכִ֖ים	5262	HNcmpa
Jer 44:18	חָסַ֣רְנוּ	2637	HVqp1cp
Jer 44:18	כֹ֑ל	3605	HNcmsa
Jer 44:18	וּ/בַ/חֶ֥רֶב	c/b/2719	HC/Rd/Ncfsa
Jer 44:18	וּ/בָ/רָעָ֖ב	c/b/7458	HC/Rd/Ncmsa
Jer 44:18	תָּֽמְנוּ	8552	HVqp1cp
Jer 44:19	וְ/כִֽי	c/3588 a	HC/C
Jer 44:19	אֲנַ֤חְנוּ	587	HPp1cp
Jer 44:19	מְקַטְּרִים֙	6999 a	HVprmpa
Jer 44:19	לִ/מְלֶ֣כֶת	l/4446	HR/Ncfsc
Jer 44:19	הַ/שָּׁמַ֔יִם	d/8064	HTd/Ncmpa
Jer 44:19	וּ/לְ/הַסֵּ֥ךְ	c/l/5258 a	HC/R/Vhc
Jer 44:19	לָ֖/הּ	l	HR/Sp3fs
Jer 44:19	נְסָכִ֑ים	5262	HNcmpa
Jer 44:19	הֲ/מִֽ/בַּלְעֲדֵ֣י	i/m/1107	HTi/R/R
Jer 44:19	אֲנָשֵׁ֗י/נוּ	376	HNcmpc/Sp1cp
Jer 44:19	עָשִׂ֨ינוּ	6213 a	HVqp1cp
Jer 44:19	לָ֤/הּ	l	HR/Sp3fs
Jer 44:19	כַּוָּנִים֙	3561	HNcmpa
Jer 44:19	לְ/הַ֣עֲצִבָ֔/ה	l/6087 b	HR/Vhc/Sp3fs
Jer 44:19	וְ/הַסֵּ֥ךְ	c/5258 a	HC/Vha
Jer 44:19	לָ֖/הּ	l	HR/Sp3fs
Jer 44:19	נְסָכִֽים	5262	HNcmpa
Jer 44:20	וַ/יֹּ֥אמֶר	c/559	HC/Vqw3ms
Jer 44:20	יִרְמְיָ֖הוּ	3414	HNp
Jer 44:20	אֶל	413	HR
Jer 44:20	כָּל	3605	HNcmsc
Jer 44:20	הָ/עָ֑ם	d/5971 a	HTd/Ncmsa
Jer 44:20	עַל	5921 a	HR
Jer 44:20	הַ/גְּבָרִ֤ים	d/1397	HTd/Ncmpa
Jer 44:20	וְ/עַל	c/5921 a	HC/R
Jer 44:20	הַ/נָּשִׁים֙	d/802	HTd/Ncfpa
Jer 44:20	וְ/עַל	c/5921 a	HC/R
Jer 44:20	כָּל	3605	HNcmsc
Jer 44:20	הָ/עָ֔ם	d/5971 a	HTd/Ncmsa
Jer 44:20	הָ/עֹנִ֥ים	d/6030 b	HTd/Vqrmpa
Jer 44:20	אֹת֛/וֹ	853	HTo/Sp3ms
Jer 44:20	דָּבָ֖ר	1697	HNcmsa
Jer 44:20	לֵ/אמֹֽר	l/559	HR/Vqc
Jer 44:21	הֲ/ל֣וֹא	i/3808	HTi/Tn
Jer 44:21	אֶת	853	HTo
Jer 44:21	הַ/קִּטֵּ֗ר	d/7002	HTd/Ncfsa
Jer 44:21	אֲשֶׁ֨ר	834 a	HTr
Jer 44:21	קִטַּרְתֶּ֜ם	6999 a	HVpp2mp
Jer 44:21	בְּ/עָרֵ֤י	b/5892 b	HR/Ncfpc
Jer 44:21	יְהוּדָה֙	3063	HNp
Jer 44:21	וּ/בְ/חֻצ֣וֹת	c/b/2351	HC/R/Ncmpc
Jer 44:21	יְרוּשָׁלִַ֔ם	3389	HNp
Jer 44:21	אַתֶּ֧ם	859 d	HPp2mp
Jer 44:21	וַ/אֲבֽוֹתֵי/כֶ֛ם	c/1	HC/Ncmpc/Sp2mp
Jer 44:21	מַלְכֵי/כֶ֥ם	4428	HNcmpc/Sp2mp
Jer 44:21	וְ/שָׂרֵי/כֶ֖ם	c/8269	HC/Ncmpc/Sp2mp
Jer 44:21	וְ/עַ֣ם	c/5971 a	HC/Ncmsc
Jer 44:21	הָ/אָ֑רֶץ	d/776	HTd/Ncbsa
Jer 44:21	אֹתָ/ם֙	853	HTo/Sp3mp
Jer 44:21	זָכַ֣ר	2142	HVqp3ms
Jer 44:21	יְהוָ֔ה	3068	HNp
Jer 44:21	וַֽ/תַּעֲלֶ֖ה	c/5927	HC/Vqw3fs
Jer 44:21	עַל	5921 a	HR
Jer 44:21	לִבּֽ/וֹ	3820 a	HNcmsc/Sp3ms
Jer 44:22	וְ/לֹֽא	c/3808	HC/Tn
Jer 44:22	יוּכַל֩	3201	HVqi3ms
Jer 44:22	יְהוָ֨ה	3068	HNp
Jer 44:22	ע֜וֹד	5750	HD
Jer 44:22	לָ/שֵׂ֗את	l/5375	HR/Vqc
Jer 44:22	מִ/פְּנֵי֙	m/6440	HR/Ncbpc
Jer 44:22	רֹ֣עַ	7455	HNcmsc
Jer 44:22	מַעַלְלֵי/כֶ֔ם	4611	HNcmpc/Sp2mp
Jer 44:22	מִ/פְּנֵ֥י	m/6440	HR/Ncbpc
Jer 44:22	הַ/תּוֹעֵבֹ֖ת	d/8441	HTd/Ncfpa
Jer 44:22	אֲשֶׁ֣ר	834 a	HTr
Jer 44:22	עֲשִׂיתֶ֑ם	6213 a	HVqp2mp
Jer 44:22	וַ/תְּהִ֣י	c/1961	HC/Vqw3fs
Jer 44:22	אַ֠רְצְ/כֶם	776	HNcbsc/Sp2mp
Jer 44:22	לְ/חָרְבָּ֨ה	l/2723	HR/Ncfsa
Jer 44:22	וּ/לְ/שַׁמָּ֧ה	c/l/8047	HC/R/Ncfsa
Jer 44:22	וְ/לִ/קְלָלָ֛ה	c/l/7045	HC/R/Ncfsa
Jer 44:22	מֵ/אֵ֥ין	m/369	HR/Tn
Jer 44:22	יוֹשֵׁ֖ב	3427	HVqrmsa
Jer 44:22	כְּ/הַ/יּ֥וֹם	k/d/3117	HR/Td/Ncmsa
Jer 44:22	הַ/זֶּֽה	d/2088	HTd/Pdxms
Jer 44:23	מִ/פְּנֵי֩	m/6440	HR/Ncbpc
Jer 44:23	אֲשֶׁ֨ר	834 a	HTr
Jer 44:23	קִטַּרְתֶּ֜ם	6999 a	HVpp2mp
Jer 44:23	וַ/אֲשֶׁ֧ר	c/834 a	HC/Tr
Jer 44:23	חֲטָאתֶ֣ם	2398	HVqp2mp
Jer 44:23	לַ/יהוָ֗ה	l/3068	HR/Np
Jer 44:23	וְ/לֹ֤א	c/3808	HC/Tn
Jer 44:23	שְׁמַעְתֶּם֙	8085	HVqp2mp
Jer 44:23	בְּ/ק֣וֹל	b/6963 a	HR/Ncmsc
Jer 44:23	יְהוָ֔ה	3068	HNp
Jer 44:23	וּ/בְ/תֹרָת֧/וֹ	c/b/8451	HC/R/Ncfsc/Sp3ms
Jer 44:23	וּ/בְ/חֻקֹּתָ֛י/ו	c/b/2708	HC/R/Ncbpc/Sp3ms
Jer 44:23	וּ/בְ/עֵדְוֺתָ֖י/ו	c/b/5715	HC/R/Ncfpc/Sp3ms
Jer 44:23	לֹ֣א	3808	HTn
Jer 44:23	הֲלַכְתֶּ֑ם	1980	HVqp2mp
Jer 44:23	עַל	5921 a	HR
Jer 44:23	כֵּ֞ן	3651 c	HTm
Jer 44:23	קָרָ֥את	7122	HVqp3fs
Jer 44:23	אֶתְ/כֶ֛ם	853	HTo/Sp2mp
Jer 44:23	הָ/רָעָ֥ה	d/7451 c	HTd/Ncfsa
Jer 44:23	הַ/זֹּ֖את	d/2063	HTd/Pdxfs
Jer 44:23	כַּ/יּ֥וֹם	k/3117	HRd/Ncmsa
Jer 44:23	הַ/זֶּֽה	d/2088	HTd/Pdxms
Jer 44:24	וַ/יֹּ֤אמֶר	c/559	HC/Vqw3ms
Jer 44:24	יִרְמְיָ֨הוּ֙	3414	HNp
Jer 44:24	אֶל	413	HR
Jer 44:24	כָּל	3605	HNcmsc
Jer 44:24	הָ/עָ֔ם	d/5971 a	HTd/Ncmsa
Jer 44:24	וְ/אֶ֖ל	c/413	HC/R
Jer 44:24	כָּל	3605	HNcmsc
Jer 44:24	הַ/נָּשִׁ֑ים	d/802	HTd/Ncfpa
Jer 44:24	שִׁמְעוּ֙	8085	HVqv2mp
Jer 44:24	דְּבַר	1697	HNcmsc
Jer 44:24	יְהוָ֔ה	3068	HNp
Jer 44:24	כָּל	3605	HNcmsc
Jer 44:24	יְהוּדָ֕ה	3063	HNp
Jer 44:24	אֲשֶׁ֖ר	834 a	HTr
Jer 44:24	בְּ/אֶ֥רֶץ	b/776	HR/Ncbsc
Jer 44:24	מִצְרָֽיִם	4714	HNp
Jer 44:25	כֹּֽה	3541	HD
Jer 44:25	אָמַ֣ר	559	HVqp3ms
Jer 44:25	יְהוָֽה	3068	HNp
Jer 44:25	צְבָאוֹת֩	6635 b	HNcbpa
Jer 44:25	אֱלֹהֵ֨י	430	HNcmpc
Jer 44:25	יִשְׂרָאֵ֜ל	3478	HNp
Jer 44:25	לֵ/אמֹ֗ר	l/559	HR/Vqc
Jer 44:25	אַתֶּ֨ם	859 d	HPp2mp
Jer 44:25	וּ/נְשֵׁי/כֶ֜ם	c/802	HC/Ncfpc/Sp2mp
Jer 44:25	וַ/תְּדַבֵּ֣רְנָה	c/1696	HC/Vpw3fp
Jer 44:25	בְּ/פִי/כֶם֮	b/6310	HR/Ncmsc/Sp2mp
Jer 44:25	וּ/בִ/ידֵי/כֶ֣ם	c/b/3027	HC/R/Ncbdc/Sp2mp
Jer 44:25	מִלֵּאתֶ֣ם	4390	HVpp2mp
Jer 44:25	לֵ/אמֹר֒	l/559	HR/Vqc
Jer 44:25	עָשֹׂ֨ה	6213 a	HVqa
Jer 44:25	נַעֲשֶׂ֜ה	6213 a	HVqi1cp
Jer 44:25	אֶת	853	HTo
Jer 44:25	נְדָרֵ֗י/נוּ	5088	HNcmpc/Sp1cp
Jer 44:25	אֲשֶׁ֤ר	834 a	HTr
Jer 44:25	נָדַ֨רְנוּ֙	5087	HVqp1cp
Jer 44:25	לְ/קַטֵּר֙	l/6999 a	HR/Vpc
Jer 44:25	לִ/מְלֶ֣כֶת	l/4446	HR/Ncfsc
Jer 44:25	הַ/שָּׁמַ֔יִם	d/8064	HTd/Ncmpa
Jer 44:25	וּ/לְ/הַסֵּ֥ךְ	c/l/5258 a	HC/R/Vhc
Jer 44:25	לָ֖/הּ	l	HR/Sp3fs
Jer 44:25	נְסָכִ֑ים	5262	HNcmpa
Jer 44:25	הָקֵ֤ים	6965 b	HVha
Jer 44:25	תָּקִ֨ימְנָה֙	6965 b	HVhi2fp
Jer 44:25	אֶת	853	HTo
Jer 44:25	נִדְרֵי/כֶ֔ם	5088	HNcmpc/Sp2mp
Jer 44:25	וְ/עָשֹׂ֥ה	c/6213 a	HC/Vqa
Jer 44:25	תַעֲשֶׂ֖ינָה	6213 a	HVqi2fp
Jer 44:25	אֶת	853	HTo
Jer 44:25	נִדְרֵי/כֶֽם	5088	HNcmpc/Sp2mp
Jer 44:26	לָ/כֵן֙	l/3651 c	HR/D
Jer 44:26	שִׁמְע֣וּ	8085	HVqv2mp
Jer 44:26	דְבַר	1697	HNcmsc
Jer 44:26	יְהוָ֔ה	3068	HNp
Jer 44:26	כָּל	3605	HNcmsc
Jer 44:26	יְהוּדָ֕ה	3063	HNp
Jer 44:26	הַ/יֹּשְׁבִ֖ים	d/3427	HTd/Vqrmpa
Jer 44:26	בְּ/אֶ֣רֶץ	b/776	HR/Ncbsc
Jer 44:26	מִצְרָ֑יִם	4714	HNp
Jer 44:26	הִנְ/נִ֨י	2005	HTm/Sp1cs
Jer 44:26	נִשְׁבַּ֜עְתִּי	7650	HVNp1cs
Jer 44:26	בִּ/שְׁמִ֤/י	b/8034	HR/Ncmsc/Sp1cs
Jer 44:26	הַ/גָּדוֹל֙	d/1419 a	HTd/Aamsa
Jer 44:26	אָמַ֣ר	559	HVqp3ms
Jer 44:26	יְהוָ֔ה	3068	HNp
Jer 44:26	אִם	518 a	HC
Jer 44:26	יִהְיֶה֩	1961	HVqi3ms
Jer 44:26	ע֨וֹד	5750	HD
Jer 44:26	שְׁמִ֜/י	8034	HNcmsc/Sp1cs
Jer 44:26	נִקְרָ֣א	7121	HVNsmsa
Jer 44:26	בְּ/פִ֣י	b/6310	HR/Ncmsc
Jer 44:26	כָּל	3605	HNcmsc
Jer 44:26	אִ֣ישׁ	376	HNcmsc
Jer 44:26	יְהוּדָ֗ה	3063	HNp
Jer 44:26	אֹמֵ֛ר	559	HVqrmsa
Jer 44:26	חַי	2416 a	HAamsa
Jer 44:26	אֲדֹנָ֥/י	136	HNcmpc/Sp1cs
Jer 44:26	יְהוִ֖ה	3069	HNp
Jer 44:26	בְּ/כָל	b/3605	HR/Ncmsc
Jer 44:26	אֶ֥רֶץ	776	HNcbsc
Jer 44:26	מִצְרָֽיִם	4714	HNp
Jer 44:27	הִנְ/נִ֨י	2005	HTm/Sp1cs
Jer 44:27	שֹׁקֵ֧ד	8245	HVqrmsa
Jer 44:27	עֲלֵי/הֶ֛ם	5921 a	HR/Sp3mp
Jer 44:27	לְ/רָעָ֖ה	l/7451 c	HR/Ncfsa
Jer 44:27	וְ/לֹ֣א	c/3808	HC/Tn
Jer 44:27	לְ/טוֹבָ֑ה	l/2896 c	HR/Aafsa
Jer 44:27	וְ/תַמּוּ֩	c/8552	HC/Vqq3cp
Jer 44:27	כָל	3605	HNcmsc
Jer 44:27	אִ֨ישׁ	376	HNcmsc
Jer 44:27	יְהוּדָ֜ה	3063	HNp
Jer 44:27	אֲשֶׁ֧ר	834 a	HTr
Jer 44:27	בְּ/אֶֽרֶץ	b/776	HR/Ncbsc
Jer 44:27	מִצְרַ֛יִם	4714	HNp
Jer 44:27	בַּ/חֶ֥רֶב	b/2719	HRd/Ncfsa
Jer 44:27	וּ/בָ/רָעָ֖ב	c/b/7458	HC/Rd/Ncmsa
Jer 44:27	עַד	5704	HR
Jer 44:27	כְּלוֹתָֽ/ם	3615	HVqc/Sp3mp
Jer 44:28	וּ/פְלִיטֵ֨י	c/6412 a	HC/Ncmpc
Jer 44:28	חֶ֜רֶב	2719	HNcfsa
Jer 44:28	יְשֻׁב֨וּ/ן	7725	HVqi3mp/Sn
Jer 44:28	מִן	4480 a	HR
Jer 44:28	אֶ֧רֶץ	776	HNcbsc
Jer 44:28	מִצְרַ֛יִם	4714	HNp
Jer 44:28	אֶ֥רֶץ	776	HNcbsc
Jer 44:28	יְהוּדָ֖ה	3063	HNp
Jer 44:28	מְתֵ֣י	4962	HNcmpc
Jer 44:28	מִסְפָּ֑ר	4557	HNcmsa
Jer 44:28	וְֽ/יָדְע֞וּ	c/3045	HC/Vqq3cp
Jer 44:28	כָּל	3605	HNcmsc
Jer 44:28	שְׁאֵרִ֣ית	7611	HNcfsc
Jer 44:28	יְהוּדָ֗ה	3063	HNp
Jer 44:28	הַ/בָּאִ֤ים	d/935	HTd/Vqrmpa
Jer 44:28	לְ/אֶֽרֶץ	l/776	HR/Ncbsc
Jer 44:28	מִצְרַ֨יִם֙	4714	HNp
Jer 44:28	לָ/ג֣וּר	l/1481 a	HR/Vqc
Jer 44:28	שָׁ֔ם	8033	HD
Jer 44:28	דְּבַר	1697	HNcmsc
Jer 44:28	מִ֥י	4310	HTi
Jer 44:28	יָק֖וּם	6965 b	HVqi3ms
Jer 44:28	מִמֶּ֥/נִּי	4480 a	HR/Sp1cs
Jer 44:28	וּ/מֵ/הֶֽם	c/m	HC/R/Sp3mp
Jer 44:29	וְ/זֹאת	c/2063	HC/Pdxfs
Jer 44:29	לָ/כֶ֤ם	l	HR/Sp2mp
Jer 44:29	הָ/אוֹת֙	d/226	HTd/Ncbsa
Jer 44:29	נְאֻם	5002	HNcmsc
Jer 44:29	יְהוָ֔ה	3068	HNp
Jer 44:29	כִּֽי	3588 a	HC
Jer 44:29	פֹקֵ֥ד	6485 a	HVqrmsa
Jer 44:29	אֲנִ֛י	589	HPp1cs
Jer 44:29	עֲלֵי/כֶ֖ם	5921 a	HR/Sp2mp
Jer 44:29	בַּ/מָּק֣וֹם	b/4725	HRd/Ncmsa
Jer 44:29	הַ/זֶּ֑ה	d/2088	HTd/Pdxms
Jer 44:29	לְמַ֨עַן֙	4616	HR
Jer 44:29	תֵּֽדְע֔וּ	3045	HVqi2mp
Jer 44:29	כִּי֩	3588 a	HC
Jer 44:29	ק֨וֹם	6965 b	HVqa
Jer 44:29	יָק֧וּמוּ	6965 b	HVqi3mp
Jer 44:29	דְבָרַ֛/י	1697	HNcmpc/Sp1cs
Jer 44:29	עֲלֵי/כֶ֖ם	5921 a	HR/Sp2mp
Jer 44:29	לְ/רָעָֽה	l/7451 c	HR/Ncfsa
Jer 44:30	כֹּ֣ה	3541	HD
Jer 44:30	אָמַ֣ר	559	HVqp3ms
Jer 44:30	יְהוָ֗ה	3068	HNp
Jer 44:30	הִנְ/נִ֣י	2005	HTm/Sp1cs
Jer 44:30	נֹ֠תֵן	5414	HVqrmsa
Jer 44:30	אֶת	853	HTo
Jer 44:30	פַּרְעֹ֨ה	6548+	HNp
Jer 44:30	חָפְרַ֤ע	6548	HNp
Jer 44:30	מֶֽלֶךְ	4428	HNcmsc
Jer 44:30	מִצְרַ֨יִם֙	4714	HNp
Jer 44:30	בְּ/יַ֣ד	b/3027	HR/Ncbsc
Jer 44:30	אֹֽיְבָ֔י/ו	341	HVqrmpc/Sp3ms
Jer 44:30	וּ/בְ/יַ֖ד	c/b/3027	HC/R/Ncbsc
Jer 44:30	מְבַקְשֵׁ֣י	1245	HVprmpc
Jer 44:30	נַפְשׁ֑/וֹ	5315	HNcbsc/Sp3ms
Jer 44:30	כַּ/אֲשֶׁ֨ר	k/834 d	HR/Tr
Jer 44:30	נָתַ֜תִּי	5414	HVqp1cs
Jer 44:30	אֶת	853	HTo
Jer 44:30	צִדְקִיָּ֣הוּ	6667	HNp
Jer 44:30	מֶֽלֶךְ	4428	HNcmsc
Jer 44:30	יְהוּדָ֗ה	3063	HNp
Jer 44:30	בְּ/יַ֨ד	b/3027	HR/Ncbsc
Jer 44:30	נְבוּכַדְרֶאצַּ֧ר	5019	HNp
Jer 44:30	מֶֽלֶךְ	4428	HNcmsc
Jer 44:30	בָּבֶ֛ל	894	HNp
Jer 44:30	אֹיְב֖/וֹ	341	HVqrmsc/Sp3ms
Jer 44:30	וּ/מְבַקֵּ֥שׁ	c/1245	HC/Vprmsa
Jer 44:30	נַפְשֽׁ/וֹ	5315	HNcbsc/Sp3ms
Jer 45:1	הַ/דָּבָ֗ר	d/1697	HTd/Ncmsa
Jer 45:1	אֲשֶׁ֤ר	834 a	HTr
Jer 45:1	דִּבֶּר֙	1696	HVpp3ms
Jer 45:1	יִרְמְיָ֣הוּ	3414	HNp
Jer 45:1	הַ/נָּבִ֔יא	d/5030	HTd/Ncmsa
Jer 45:1	אֶל	413	HR
Jer 45:1	בָּר֖וּךְ	1263	HNp
Jer 45:1	בֶּֽן	1121 a	HNcmsc
Jer 45:1	נֵֽרִיָּ֑ה	5374	HNp
Jer 45:1	בְּ/כָתְב/וֹ֩	b/3789	HR/Vqc/Sp3ms
Jer 45:1	אֶת	853	HTo
Jer 45:1	הַ/דְּבָרִ֨ים	d/1697	HTd/Ncmpa
Jer 45:1	הָ/אֵ֤לֶּה	d/428	HTd/Pdxcp
Jer 45:1	עַל	5921 a	HR
Jer 45:1	סֵ֨פֶר֙	5612 a	HNcmsa
Jer 45:1	מִ/פִּ֣י	m/6310	HR/Ncmsc
Jer 45:1	יִרְמְיָ֔הוּ	3414	HNp
Jer 45:1	בַּ/שָּׁנָה֙	b/8141	HRd/Ncfsa
Jer 45:1	הָֽ/רְבִעִ֔ית	d/7243	HTd/Aofsa
Jer 45:1	לִ/יהוֹיָקִ֧ים	l/3079	HR/Np
Jer 45:1	בֶּן	1121 a	HNcmsc
Jer 45:1	יֹאשִׁיָּ֛הוּ	2977	HNp
Jer 45:1	מֶ֥לֶךְ	4428	HNcmsc
Jer 45:1	יְהוּדָ֖ה	3063	HNp
Jer 45:1	לֵ/אמֹֽר	l/559	HR/Vqc
Jer 45:2	כֹּֽה	3541	HD
Jer 45:2	אָמַ֥ר	559	HVqp3ms
Jer 45:2	יְהוָ֖ה	3068	HNp
Jer 45:2	אֱלֹהֵ֣י	430	HNcmpc
Jer 45:2	יִשְׂרָאֵ֑ל	3478	HNp
Jer 45:2	עָלֶ֖י/ךָ	5921 a	HR/Sp2ms
Jer 45:2	בָּרֽוּךְ	1263	HNp
Jer 45:3	אָמַ֨רְתָּ֙	559	HVqp2ms
Jer 45:3	אֽוֹי	188	HTj
Jer 45:3	נָ֣א	4994	HTe
Jer 45:3	לִ֔/י	l	HR/Sp1cs
Jer 45:3	כִּֽי	3588 a	HC
Jer 45:3	יָסַ֧ף	3254	HVqp3ms
Jer 45:3	יְהוָ֛ה	3068	HNp
Jer 45:3	יָג֖וֹן	3015	HNcmsa
Jer 45:3	עַל	5921 a	HR
Jer 45:3	מַכְאֹבִ֑/י	4341	HNcmsc/Sp1cs
Jer 45:3	יָגַ֨עְתִּי֙	3021	HVqp1cs
Jer 45:3	בְּ/אַנְחָתִ֔/י	b/585	HR/Ncfsc/Sp1cs
Jer 45:3	וּ/מְנוּחָ֖ה	c/4496	HC/Ncbsa
Jer 45:3	לֹ֥א	3808	HTn
Jer 45:3	מָצָֽאתִי	4672	HVqp1cs
Jer 45:4	כֹּ֣ה	3541	HD
Jer 45:4	תֹּאמַ֣ר	559	HVqi2ms
Jer 45:4	אֵלָ֗י/ו	413	HR/Sp3ms
Jer 45:4	כֹּ֚ה	3541	HD
Jer 45:4	אָמַ֣ר	559	HVqp3ms
Jer 45:4	יְהוָ֔ה	3068	HNp
Jer 45:4	הִנֵּ֤ה	2009	HTm
Jer 45:4	אֲשֶׁר	834 a	HTr
Jer 45:4	בָּנִ֨יתִי֙	1129	HVqp1cs
Jer 45:4	אֲנִ֣י	589	HPp1cs
Jer 45:4	הֹרֵ֔ס	2040	HVqrmsa
Jer 45:4	וְ/אֵ֥ת	c/853	HC/To
Jer 45:4	אֲשֶׁר	834 a	HTr
Jer 45:4	נָטַ֖עְתִּי	5193	HVqp1cs
Jer 45:4	אֲנִ֣י	589	HPp1cs
Jer 45:4	נֹתֵ֑שׁ	5428	HVqrmsa
Jer 45:4	וְ/אֶת	c/853	HC/To
Jer 45:4	כָּל	3605	HNcmsc
Jer 45:4	הָ/אָ֖רֶץ	d/776	HTd/Ncbsa
Jer 45:4	הִֽיא	1931	HPp3fs
Jer 45:5	וְ/אַתָּ֛ה	c/859 a	HC/Pp2ms
Jer 45:5	תְּבַקֶּשׁ	1245	HVpi2ms
Jer 45:5	לְ/ךָ֥	l	HR/Sp2ms
Jer 45:5	גְדֹל֖וֹת	1419 a	HAafpa
Jer 45:5	אַל	408	HTn
Jer 45:5	תְּבַקֵּ֑שׁ	1245	HVpj2ms
Jer 45:5	כִּ֡י	3588 a	HC
Jer 45:5	הִנְ/נִי֩	2005	HTm/Sp1cs
Jer 45:5	מֵבִ֨יא	935	HVhrmsa
Jer 45:5	רָעָ֤ה	7451 c	HNcfsa
Jer 45:5	עַל	5921 a	HR
Jer 45:5	כָּל	3605	HNcmsc
Jer 45:5	בָּשָׂר֙	1320	HNcmsa
Jer 45:5	נְאֻם	5002	HNcmsc
Jer 45:5	יְהוָ֔ה	3068	HNp
Jer 45:5	וְ/נָתַתִּ֨י	c/5414	HC/Vqq1cs
Jer 45:5	לְ/ךָ֤	l	HR/Sp2ms
Jer 45:5	אֶֽת	853	HTo
Jer 45:5	נַפְשְׁ/ךָ֙	5315	HNcbsc/Sp2ms
Jer 45:5	לְ/שָׁלָ֔ל	l/7998	HR/Ncmsa
Jer 45:5	עַ֥ל	5921 a	HR
Jer 45:5	כָּל	3605	HNcmsc
Jer 45:5	הַ/מְּקֹמ֖וֹת	d/4725	HTd/Ncmpa
Jer 45:5	אֲשֶׁ֥ר	834 a	HTr
Jer 45:5	תֵּֽלֶךְ	3212	HVqi2ms
Jer 45:5	שָֽׁם	8033	HD
Jer 46:1	אֲשֶׁ֨ר	834 a	HTr
Jer 46:1	הָיָ֧ה	1961	HVqp3ms
Jer 46:1	דְבַר	1697	HNcmsc
Jer 46:1	יְהוָ֛ה	3068	HNp
Jer 46:1	אֶל	413	HR
Jer 46:1	יִרְמְיָ֥הוּ	3414	HNp
Jer 46:1	הַ/נָּבִ֖יא	d/5030	HTd/Ncmsa
Jer 46:1	עַל	5921 a	HR
Jer 46:1	הַ/גּוֹיִֽם	d/1471 a	HTd/Ncmpa
Jer 46:2	לְ/מִצְרַ֗יִם	l/4714	HR/Np
Jer 46:2	עַל	5921 a	HR
Jer 46:2	חֵ֨יל	2428	HNcmsc
Jer 46:2	פַּרְעֹ֤ה	6549+	HNp
Jer 46:2	נְכוֹ֙	6549	HNp
Jer 46:2	מֶ֣לֶךְ	4428	HNcmsc
Jer 46:2	מִצְרַ֔יִם	4714	HNp
Jer 46:2	אֲשֶׁר	834 a	HTr
Jer 46:2	הָיָ֥ה	1961	HVqp3ms
Jer 46:2	עַל	5921 a	HR
Jer 46:2	נְהַר	5104	HNcmsc
Jer 46:2	פְּרָ֖ת	6578	HNp
Jer 46:2	בְּ/כַרְכְּמִ֑שׁ	b/3751	HR/Np
Jer 46:2	אֲשֶׁ֣ר	834 a	HTr
Jer 46:2	הִכָּ֗ה	5221	HVhp3ms
Jer 46:2	נְבֽוּכַדְרֶאצַּר֙	5019	HNp
Jer 46:2	מֶ֣לֶךְ	4428	HNcmsc
Jer 46:2	בָּבֶ֔ל	894	HNp
Jer 46:2	בִּ/שְׁנַת֙	b/8141	HR/Ncfsc
Jer 46:2	הָֽ/רְבִיעִ֔ית	d/7243	HTd/Aofsa
Jer 46:2	לִ/יהוֹיָקִ֥ים	l/3079	HR/Np
Jer 46:2	בֶּן	1121 a	HNcmsc
Jer 46:2	יֹאשִׁיָּ֖הוּ	2977	HNp
Jer 46:2	מֶ֥לֶךְ	4428	HNcmsc
Jer 46:2	יְהוּדָֽה	3063	HNp
Jer 46:3	עִרְכ֤וּ	6186 a	HVqv2mp
Jer 46:3	מָגֵן֙	4043	HNcbsa
Jer 46:3	וְ/צִנָּ֔ה	c/6793 c	HC/Ncfsa
Jer 46:3	וּ/גְשׁ֖וּ	c/5066	HC/Vqv2mp
Jer 46:3	לַ/מִּלְחָמָֽה	l/4421	HRd/Ncfsa
Jer 46:4	אִסְר֣וּ	631	HVqv2mp
Jer 46:4	הַ/סּוּסִ֗ים	d/5483 b	HTd/Ncmpa
Jer 46:4	וַֽ/עֲלוּ֙	c/5927	HC/Vqv2mp
Jer 46:4	הַ/פָּ֣רָשִׁ֔ים	d/6571 a	HTd/Ncmpa
Jer 46:4	וְ/הִֽתְיַצְּב֖וּ	c/3320	HC/Vtv2mp
Jer 46:4	בְּ/כ֥וֹבָעִ֑ים	b/3553	HR/Ncmpa
Jer 46:4	מִרְקוּ֙	4838	HVqv2mp
Jer 46:4	הָֽ/רְמָחִ֔ים	d/7420	HTd/Ncmpa
Jer 46:4	לִבְשׁ֖וּ	3847	HVqv2mp
Jer 46:4	הַ/סִּרְיֹנֹֽת	d/5630	HTd/Ncmpa
Jer 46:5	מַדּ֣וּעַ	4069	HTi
Jer 46:5	רָאִ֗יתִי	7200	HVqp1cs
Jer 46:5	הֵ֣מָּה	1992	HPp3mp
Jer 46:5	חַתִּים֮	2844 b	HAampa
Jer 46:5	נְסֹגִ֣ים	5472	HVNrmpa
Jer 46:5	אָחוֹר֒	268	HNcmsa
Jer 46:5	וְ/גִבּוֹרֵי/הֶ֣ם	c/1368	HC/Aampc/Sp3mp
Jer 46:5	יֻכַּ֔תּוּ	3807	HVHi3mp
Jer 46:5	וּ/מָנ֥וֹס	c/4498	HC/Ncmsa
Jer 46:5	נָ֖סוּ	5127	HVqp3cp
Jer 46:5	וְ/לֹ֣א	c/3808	HC/Tn
Jer 46:5	הִפְנ֑וּ	6437	HVhp3cp
Jer 46:5	מָג֥וֹר	4032	HNcmsa
Jer 46:5	מִ/סָּבִ֖יב	m/5439	HR/Ncbsa
Jer 46:5	נְאֻם	5002	HNcmsc
Jer 46:5	יְהוָֽה	3068	HNp
Jer 46:6	אַל	408	HTn
Jer 46:6	יָנ֣וּס	5127	HVqj3ms
Jer 46:6	הַ/קַּ֔ל	d/7031	HTd/Aamsa
Jer 46:6	וְ/אַל	c/408	HC/Tn
Jer 46:6	יִמָּלֵ֖ט	4422	HVNj3ms
Jer 46:6	הַ/גִּבּ֑וֹר	d/1368	HTd/Aamsa
Jer 46:6	צָפ֨וֹנָ/ה֙	6828	HNcfsa/Sd
Jer 46:6	עַל	5921 a	HR
Jer 46:6	יַ֣ד	3027	HNcbsc
Jer 46:6	נְהַר	5104	HNcmsc
Jer 46:6	פְּרָ֔ת	6578	HNp
Jer 46:6	כָּשְׁל֖וּ	3782	HVqp3cp
Jer 46:6	וְ/נָפָֽלוּ	c/5307	HC/Vqp3cp
Jer 46:7	מִי	4310	HTi
Jer 46:7	זֶ֖ה	2088	HPdxms
Jer 46:7	כַּ/יְאֹ֣ר	k/2975	HRd/Np
Jer 46:7	יַֽעֲלֶ֑ה	5927	HVqi3ms
Jer 46:7	כַּ/נְּהָר֕וֹת	k/5104	HRd/Ncmpa
Jer 46:7	יִֽתְגָּעֲשׁ֖וּ	1607	HVti3mp
Jer 46:7	מֵימָֽי/ו	4325	HNcmpc/Sp3ms
Jer 46:8	מִצְרַ֨יִם֙	4714	HNp
Jer 46:8	כַּ/יְאֹ֣ר	k/2975	HRd/Np
Jer 46:8	יַֽעֲלֶ֔ה	5927	HVqi3ms
Jer 46:8	וְ/כַ/נְּהָר֖וֹת	c/k/5104	HC/Rd/Ncmpa
Jer 46:8	יִתְגֹּ֣עֲשׁוּ	1607	HVri3mp
Jer 46:8	מָ֑יִם	4325	HNcmpa
Jer 46:8	וַ/יֹּ֗אמֶר	c/559	HC/Vqw3ms
Jer 46:8	אַֽעֲלֶה֙	5927	HVqi1cs
Jer 46:8	אֲכַסֶּה	3680	HVpi1cs
Jer 46:8	אֶ֔רֶץ	776	HNcbsa
Jer 46:8	אֹבִ֥ידָה	6	HVhh1cs
Jer 46:8	עִ֖יר	5892 b	HNcfsa
Jer 46:8	וְ/יֹ֥שְׁבֵי	c/3427	HC/Vqrmpc
Jer 46:8	בָֽ/הּ	b	HR/Sp3fs
Jer 46:9	עֲל֤וּ	5927	HVqv2mp
Jer 46:9	הַ/סּוּסִים֙	d/5483 b	HTd/Ncmpa
Jer 46:9	וְ/הִתְהֹלְל֣וּ	c/1984 b	HC/Vrv2mp
Jer 46:9	הָ/רֶ֔כֶב	d/7393	HTd/Ncmsa
Jer 46:9	וְ/יֵצְא֖וּ	c/3318	HC/Vqi3mp
Jer 46:9	הַ/גִּבּוֹרִ֑ים	d/1368	HTd/Aampa
Jer 46:9	כּ֤וּשׁ	3568 a	HNp
Jer 46:9	וּ/פוּט֙	c/6316	HC/Np
Jer 46:9	תֹּפְשֵׂ֣י	8610	HVqrmpc
Jer 46:9	מָגֵ֔ן	4043	HNcbsa
Jer 46:9	וְ/לוּדִ֕ים	c/3866	HC/Np
Jer 46:9	תֹּפְשֵׂ֖י	8610	HVqrmpc
Jer 46:9	דֹּ֥רְכֵי	1869	HVqrmpc
Jer 46:9	קָֽשֶׁת	7198	HNcfsa
Jer 46:10	וְֽ/הַ/יּ֨וֹם	c/d/3117	HC/Td/Ncmsa
Jer 46:10	הַ/ה֜וּא	d/1931	HTd/Pp3ms
Jer 46:10	לַ/אדֹנָ֧/י	l/136	HR/Ncmpc/Sp1cs
Jer 46:10	יְהוִ֣ה	3069	HNp
Jer 46:10	צְבָא֗וֹת	6635 b	HNcbpa
Jer 46:10	י֤וֹם	3117	HNcmsc
Jer 46:10	נְקָמָה֙	5360	HNcfsa
Jer 46:10	לְ/הִנָּקֵ֣ם	l/5358	HR/VNc
Jer 46:10	מִ/צָּרָ֔י/ו	m/6862 c	HR/Ncmpc/Sp3ms
Jer 46:10	וְ/אָכְלָ֥ה	c/398	HC/Vqq3fs
Jer 46:10	חֶ֨רֶב֙	2719	HNcfsa
Jer 46:10	וְ/שָׂ֣בְעָ֔ה	c/7646	HC/Vqq3fs
Jer 46:10	וְ/רָוְתָ֖ה	c/7301	HC/Vqq3fs
Jer 46:10	מִ/דָּמָ֑/ם	m/1818	HR/Ncmsc/Sp3mp
Jer 46:10	כִּ֣י	3588 a	HC
Jer 46:10	זֶ֠בַח	2077	HNcmsa
Jer 46:10	לַ/אדֹנָ֨/י	l/136	HR/Ncmpc/Sp1cs
Jer 46:10	יְהוִ֧ה	3069	HNp
Jer 46:10	צְבָא֛וֹת	6635 b	HNcbpa
Jer 46:10	בְּ/אֶ֥רֶץ	b/776	HR/Ncbsc
Jer 46:10	צָפ֖וֹן	6828	HNcfsa
Jer 46:10	אֶל	413	HR
Jer 46:10	נְהַר	5104	HNcmsc
Jer 46:10	פְּרָֽת	6578	HNp
Jer 46:11	עֲלִ֤י	5927	HVqv2fs
Jer 46:11	גִלְעָד֙	1568	HNp
Jer 46:11	וּ/קְחִ֣י	c/3947	HC/Vqv2fs
Jer 46:11	צֳרִ֔י	6875	HNcmsa
Jer 46:11	בְּתוּלַ֖ת	1330	HNcfsc
Jer 46:11	בַּת	1323	HNcfsc
Jer 46:11	מִצְרָ֑יִם	4714	HNp
Jer 46:11	לַ/שָּׁוְא֙	l/7723	HRd/Ncmsa
Jer 46:11	הרביתי	7235 a	HVhp1cs
Jer 46:11	רְפֻא֔וֹת	7499	HNcfpa
Jer 46:11	תְּעָלָ֖ה	8585 b	HNcfsa
Jer 46:11	אֵ֥ין	369	HTn
Jer 46:11	לָֽ/ךְ	l	HR/Sp2fs
Jer 46:12	שָׁמְע֤וּ	8085	HVqp3cp
Jer 46:12	גוֹיִם֙	1471 a	HNcmpa
Jer 46:12	קְלוֹנֵ֔/ךְ	7036	HNcmsc/Sp2fs
Jer 46:12	וְ/צִוְחָתֵ֖/ךְ	c/6682	HC/Ncfsc/Sp2fs
Jer 46:12	מָלְאָ֣ה	4390	HVqp3fs
Jer 46:12	הָ/אָ֑רֶץ	d/776	HTd/Ncbsa
Jer 46:12	כִּֽי	3588 a	HC
Jer 46:12	גִבּ֤וֹר	1368	HAamsa
Jer 46:12	בְּ/גִבּוֹר֙	b/1368	HR/Aamsa
Jer 46:12	כָּשָׁ֔לוּ	3782	HVqp3cp
Jer 46:12	יַחְדָּ֖יו	3162 b	HD
Jer 46:12	נָפְל֥וּ	5307	HVqp3cp
Jer 46:12	שְׁנֵי/הֶֽם	8147	HAcmdc/Sp3mp
Jer 46:13	הַ/דָּבָר֙	d/1697	HTd/Ncmsa
Jer 46:13	אֲשֶׁ֣ר	834 a	HTr
Jer 46:13	דִּבֶּ֣ר	1696	HVpp3ms
Jer 46:13	יְהוָ֔ה	3068	HNp
Jer 46:13	אֶֽל	413	HR
Jer 46:13	יִרְמְיָ֖הוּ	3414	HNp
Jer 46:13	הַ/נָּבִ֑יא	d/5030	HTd/Ncmsa
Jer 46:13	לָ/ב֗וֹא	l/935	HR/Vqc
Jer 46:13	נְבֽוּכַדְרֶאצַּר֙	5019	HNp
Jer 46:13	מֶ֣לֶךְ	4428	HNcmsc
Jer 46:13	בָּבֶ֔ל	894	HNp
Jer 46:13	לְ/הַכּ֖וֹת	l/5221	HR/Vhc
Jer 46:13	אֶת	853	HTo
Jer 46:13	אֶ֥רֶץ	776	HNcbsc
Jer 46:13	מִצְרָֽיִם	4714	HNp
Jer 46:14	הַגִּ֤ידוּ	5046	HVhv2mp
Jer 46:14	בְ/מִצְרַ֨יִם֙	b/4714	HR/Np
Jer 46:14	וְ/הַשְׁמִ֣יעוּ	c/8085	HC/Vhv2mp
Jer 46:14	בְ/מִגְדּ֔וֹל	b/4024 b	HR/Np
Jer 46:14	וְ/הַשְׁמִ֥יעוּ	c/8085	HC/Vhv2mp
Jer 46:14	בְ/נֹ֖ף	b/5297	HR/Np
Jer 46:14	וּ/בְ/תַחְפַּנְחֵ֑ס	c/b/8471	HC/R/Np
Jer 46:14	אִמְר֗וּ	559	HVqv2mp
Jer 46:14	הִתְיַצֵּב֙	3320	HVtv2ms
Jer 46:14	וְ/הָכֵ֣ן	c/3559 a	HC/Vhv2ms
Jer 46:14	לָ֔/ךְ	l	HR/Sp2fs
Jer 46:14	כִּֽי	3588 a	HC
Jer 46:14	אָכְלָ֥ה	398	HVqp3fs
Jer 46:14	חֶ֖רֶב	2719	HNcfsa
Jer 46:14	סְבִיבֶֽי/ךָ	5439	HNcbpc/Sp2ms
Jer 46:15	מַדּ֖וּעַ	4069	HTi
Jer 46:15	נִסְחַ֣ף	5502	HVNp3ms
Jer 46:15	אַבִּירֶ֑י/ךָ	47	HAampc/Sp2ms
Jer 46:15	לֹ֣א	3808	HTn
Jer 46:15	עָמַ֔ד	5975	HVqp3ms
Jer 46:15	כִּ֥י	3588 a	HC
Jer 46:15	יְהוָ֖ה	3068	HNp
Jer 46:15	הֲדָפֽ/וֹ	1920	HVqp3ms/Sp3ms
Jer 46:16	הִרְבָּ֖ה	7235 a	HVhp3ms
Jer 46:16	כּוֹשֵׁ֑ל	3782	HVqrmsa
Jer 46:16	גַּם	1571	HTa
Jer 46:16	נָפַ֞ל	5307	HVqp3ms
Jer 46:16	אִ֣ישׁ	376	HNcmsa
Jer 46:16	אֶל	413	HR
Jer 46:16	רֵעֵ֗/הוּ	7453	HNcmsc/Sp3ms
Jer 46:16	וַ/יֹּֽאמְרוּ֙	c/559	HC/Vqw3mp
Jer 46:16	ק֣וּמָ/ה	6965 b	HVqv2ms/Sh
Jer 46:16	וְ/נָשֻׁ֣בָה	c/7725	HC/Vqh1cp
Jer 46:16	אֶל	413	HR
Jer 46:16	עַמֵּ֗/נוּ	5971 a	HNcmsc/Sp1cp
Jer 46:16	וְ/אֶל	c/413	HC/R
Jer 46:16	אֶ֨רֶץ֙	776	HNcbsc
Jer 46:16	מֽוֹלַדְתֵּ֔/נוּ	4138	HNcfsc/Sp1cp
Jer 46:16	מִ/פְּנֵ֖י	m/6440	HR/Ncbpc
Jer 46:16	חֶ֥רֶב	2719	HNcfsc
Jer 46:16	הַ/יּוֹנָֽה	d/3238	HTd/Vqrfsa
Jer 46:17	קָרְא֖וּ	7121	HVqp3cp
Jer 46:17	שָׁ֑ם	8033	HD
Jer 46:17	פַּרְעֹ֤ה	6547	HNp
Jer 46:17	מֶֽלֶךְ	4428	HNcmsc
Jer 46:17	מִצְרַ֨יִם֙	4714	HNp
Jer 46:17	שָׁא֔וֹן	7588	HNcmsa
Jer 46:17	הֶעֱבִ֖יר	5674 a	HVhp3ms
Jer 46:17	הַ/מּוֹעֵֽד	d/4150	HTd/Ncmsa
Jer 46:18	חַי	2416 a	HAamsa
Jer 46:18	אָ֨נִי֙	589	HPp1cs
Jer 46:18	נְאֻם	5002	HNcmsc
Jer 46:18	הַ/מֶּ֔לֶךְ	d/4428	HTd/Ncmsa
Jer 46:18	יְהוָ֥ה	3068	HNp
Jer 46:18	צְבָא֖וֹת	6635 b	HNcbpa
Jer 46:18	שְׁמ֑/וֹ	8034	HNcmsc/Sp3ms
Jer 46:18	כִּ֚י	3588 a	HC
Jer 46:18	כְּ/תָב֣וֹר	k/8396	HR/Np
Jer 46:18	בֶּֽ/הָרִ֔ים	b/2022	HRd/Ncmpa
Jer 46:18	וּ/כְ/כַרְמֶ֖ל	c/k/3760	HC/R/Np
Jer 46:18	בַּ/יָּ֥ם	b/3220	HRd/Ncmsa
Jer 46:18	יָבֽוֹא	935	HVqi3ms
Jer 46:19	כְּלֵ֤י	3627	HNcmpc
Jer 46:19	גוֹלָה֙	1473	HNcfsa
Jer 46:19	עֲשִׂ֣י	6213 a	HVqv2fs
Jer 46:19	לָ֔/ךְ	l	HR/Sp2fs
Jer 46:19	יוֹשֶׁ֖בֶת	3427	HVqrfsc
Jer 46:19	בַּת	1323	HNcfsc
Jer 46:19	מִצְרָ֑יִם	4714	HNp
Jer 46:19	כִּֽי	3588 a	HC
Jer 46:19	נֹף֙	5297	HNp
Jer 46:19	לְ/שַׁמָּ֣ה	l/8047	HR/Ncfsa
Jer 46:19	תִֽהְיֶ֔ה	1961	HVqi3fs
Jer 46:19	וְ/נִצְּתָ֖ה	c/3341	HC/VNq3fs
Jer 46:19	מֵ/אֵ֥ין	m/369	HR/Tn
Jer 46:19	יוֹשֵֽׁב	3427	HVqrmsa
Jer 46:20	עֶגְלָ֥ה	5697 a	HNcfsa
Jer 46:20	יְפֵֽה	3304+	HAafsa
Jer 46:20	פִיָּ֖ה	3304	HAafsa
Jer 46:20	מִצְרָ֑יִם	4714	HNp
Jer 46:20	קֶ֥רֶץ	7171	HNcmsa
Jer 46:20	מִ/צָּפ֖וֹן	m/6828	HR/Ncfsa
Jer 46:20	בָּ֥א	935	HVqp3ms
Jer 46:20	בָֽא	935	HVqp3ms
Jer 46:21	גַּם	1571	HTa
Jer 46:21	שְׂכִרֶ֤י/הָ	7916	HAampc/Sp3fs
Jer 46:21	בְ/קִרְבָּ/הּ֙	b/7130	HR/Ncmsc/Sp3fs
Jer 46:21	כְּ/עֶגְלֵ֣י	k/5695	HR/Ncmpc
Jer 46:21	מַרְבֵּ֔ק	4770	HNcmsa
Jer 46:21	כִּֽי	3588 a	HC
Jer 46:21	גַם	1571	HD
Jer 46:21	הֵ֧מָּה	1992	HPp3mp
Jer 46:21	הִפְנ֛וּ	6437	HVhp3cp
Jer 46:21	נָ֥סוּ	5127	HVqp3cp
Jer 46:21	יַחְדָּ֖יו	3162 b	HD
Jer 46:21	לֹ֣א	3808	HTn
Jer 46:21	עָמָ֑דוּ	5975	HVqp3cp
Jer 46:21	כִּ֣י	3588 a	HC
Jer 46:21	י֥וֹם	3117	HNcmsc
Jer 46:21	אֵידָ֛/ם	343	HNcmsc/Sp3mp
Jer 46:21	בָּ֥א	935	HVqp3ms
Jer 46:21	עֲלֵי/הֶ֖ם	5921 a	HR/Sp3mp
Jer 46:21	עֵ֥ת	6256	HNcbsc
Jer 46:21	פְּקֻדָּתָֽ/ם	6486	HNcfsc/Sp3mp
Jer 46:22	קוֹלָ֖/הּ	6963 a	HNcmsc/Sp3fs
Jer 46:22	כַּ/נָּחָ֣שׁ	k/5175	HRd/Ncmsa
Jer 46:22	יֵלֵ֑ךְ	3212	HVqi3ms
Jer 46:22	כִּֽי	3588 a	HC
Jer 46:22	בְ/חַ֣יִל	b/2428	HR/Ncmsa
Jer 46:22	יֵלֵ֔כוּ	3212	HVqi3mp
Jer 46:22	וּ/בְ/קַרְדֻּמּוֹת֙	c/b/7134	HC/R/Ncbpa
Jer 46:22	בָּ֣אוּ	935	HVqp3cp
Jer 46:22	לָ֔/הּ	l	HR/Sp3fs
Jer 46:22	כְּ/חֹטְבֵ֖י	k/2404	HR/Vqrmpc
Jer 46:22	עֵצִֽים	6086	HNcmpa
Jer 46:23	כָּרְת֤וּ	3772	HVqp3cp
Jer 46:23	יַעְרָ/הּ֙	3293 a	HNcmsc/Sp3fs
Jer 46:23	נְאֻם	5002	HNcmsc
Jer 46:23	יְהוָ֔ה	3068	HNp
Jer 46:23	כִּ֖י	3588 a	HC
Jer 46:23	לֹ֣א	3808	HTn
Jer 46:23	יֵֽחָקֵ֑ר	2713	HVNi3ms
Jer 46:23	כִּ֤י	3588 a	HC
Jer 46:23	רַבּוּ֙	7231	HVqp3cp
Jer 46:23	מֵֽ/אַרְבֶּ֔ה	m/697	HR/Ncmsa
Jer 46:23	וְ/אֵ֥ין	c/369	HC/Tn
Jer 46:23	לָ/הֶ֖ם	l	HR/Sp3mp
Jer 46:23	מִסְפָּֽר	4557	HNcmsa
Jer 46:24	הֹבִ֖ישָׁה	3001	HVhp3fs
Jer 46:24	בַּת	1323	HNcfsc
Jer 46:24	מִצְרָ֑יִם	4714	HNp
Jer 46:24	נִתְּנָ֖ה	5414	HVNp3fs
Jer 46:24	בְּ/יַ֥ד	b/3027	HR/Ncbsc
Jer 46:24	עַם	5971 a	HNcmsa
Jer 46:24	צָפֽוֹן	6828	HNcfsa
Jer 46:25	אָמַר֩	559	HVqp3ms
Jer 46:25	יְהוָ֨ה	3068	HNp
Jer 46:25	צְבָא֜וֹת	6635 b	HNcbpa
Jer 46:25	אֱלֹהֵ֣י	430	HNcmpc
Jer 46:25	יִשְׂרָאֵ֗ל	3478	HNp
Jer 46:25	הִנְ/נִ֤י	2005	HTm/Sp1cs
Jer 46:25	פוֹקֵד֙	6485 a	HVqrmsa
Jer 46:25	אֶל	413	HR
Jer 46:25	אָמ֣וֹן	528	HNp
Jer 46:25	מִ/נֹּ֔א	m/4996	HR/Np
Jer 46:25	וְ/עַל	c/5921 a	HC/R
Jer 46:25	פַּרְעֹה֙	6547	HNp
Jer 46:25	וְ/עַל	c/5921 a	HC/R
Jer 46:25	מִצְרַ֔יִם	4714	HNp
Jer 46:25	וְ/עַל	c/5921 a	HC/R
Jer 46:25	אֱלֹהֶ֖י/הָ	430	HNcmpc/Sp3fs
Jer 46:25	וְ/עַל	c/5921 a	HC/R
Jer 46:25	מְלָכֶ֑י/הָ	4428	HNcmpc/Sp3fs
Jer 46:25	וְ/עַ֨ל	c/5921 a	HC/R
Jer 46:25	פַּרְעֹ֔ה	6547	HNp
Jer 46:25	וְ/עַ֥ל	c/5921 a	HC/R
Jer 46:25	הַ/בֹּטְחִ֖ים	d/982	HTd/Vqrmpa
Jer 46:25	בּֽ/וֹ	b	HR/Sp3ms
Jer 46:26	וּ/נְתַתִּ֗י/ם	c/5414	HC/Vqq1cs/Sp3mp
Jer 46:26	בְּ/יַד֙	b/3027	HR/Ncbsc
Jer 46:26	מְבַקְשֵׁ֣י	1245	HVprmpc
Jer 46:26	נַפְשָׁ֔/ם	5315	HNcbsc/Sp3mp
Jer 46:26	וּ/בְ/יַ֛ד	c/b/3027	HC/R/Ncbsc
Jer 46:26	נְבֽוּכַדְרֶאצַּ֥ר	5019	HNp
Jer 46:26	מֶֽלֶךְ	4428	HNcmsc
Jer 46:26	בָּבֶ֖ל	894	HNp
Jer 46:26	וּ/בְ/יַד	c/b/3027	HC/R/Ncbsc
Jer 46:26	עֲבָדָ֑י/ו	5650	HNcmpc/Sp3ms
Jer 46:26	וְ/אַחֲרֵי	c/310 a	HC/R
Jer 46:26	כֵ֛ן	3651 c	HD
Jer 46:26	תִּשְׁכֹּ֥ן	7931	HVqi3fs
Jer 46:26	כִּֽ/ימֵי	k/3117	HR/Ncmpc
Jer 46:26	קֶ֖דֶם	6924 a	HNcmsa
Jer 46:26	נְאֻם	5002	HNcmsc
Jer 46:26	יְהוָֽה	3068	HNp
Jer 46:27	וְ֠/אַתָּה	c/859 a	HC/Pp2ms
Jer 46:27	אַל	408	HTn
Jer 46:27	תִּירָ֞א	3372	HVqj2ms
Jer 46:27	עַבְדִּ֤/י	5650	HNcmsc/Sp1cs
Jer 46:27	יַֽעֲקֹב֙	3290	HNp
Jer 46:27	וְ/אַל	c/408	HC/Tn
Jer 46:27	תֵּחַ֣ת	2865	HVNj2ms
Jer 46:27	יִשְׂרָאֵ֔ל	3478	HNp
Jer 46:27	כִּ֠י	3588 a	HC
Jer 46:27	הִנְ/נִ֤י	2005	HTm/Sp1cs
Jer 46:27	מוֹשִֽׁעֲ/ךָ֙	3467	HVhrmsc/Sp2ms
Jer 46:27	מֵֽ/רָח֔וֹק	m/7350	HR/Aamsa
Jer 46:27	וְ/אֶֽת	c/853	HC/To
Jer 46:27	זַרְעֲ/ךָ֖	2233	HNcmsc/Sp2ms
Jer 46:27	מֵ/אֶ֣רֶץ	m/776	HR/Ncbsc
Jer 46:27	שִׁבְיָ֑/ם	7628 a	HNcbsc/Sp3mp
Jer 46:27	וְ/שָׁ֧ב	c/7725	HC/Vqq3ms
Jer 46:27	יַעֲק֛וֹב	3290	HNp
Jer 46:27	וְ/שָׁקַ֥ט	c/8252	HC/Vqq3ms
Jer 46:27	וְ/שַׁאֲנַ֖ן	c/7599	HC/Vkp3ms
Jer 46:27	וְ/אֵ֥ין	c/369	HC/Tn
Jer 46:27	מַחֲרִֽיד	2729	HVhrmsa
Jer 46:28	אַ֠תָּה	859 a	HPp2ms
Jer 46:28	אַל	408	HTn
Jer 46:28	תִּירָ֞א	3372	HVqj2ms
Jer 46:28	עַבְדִּ֤/י	5650	HNcmsc/Sp1cs
Jer 46:28	יַֽעֲקֹב֙	3290	HNp
Jer 46:28	נְאֻם	5002	HNcmsc
Jer 46:28	יְהוָ֔ה	3068	HNp
Jer 46:28	כִּ֥י	3588 a	HC
Jer 46:28	אִתְּ/ךָ֖	854	HR/Sp2ms
Jer 46:28	אָ֑נִי	589	HPp1cs
Jer 46:28	כִּי֩	3588 a	HC
Jer 46:28	אֶעֱשֶׂ֨ה	6213 a	HVqi1cs
Jer 46:28	כָלָ֜ה	3617	HNcfsa
Jer 46:28	בְּ/כָֽל	b/3605	HR/Ncmsc
Jer 46:28	הַ/גּוֹיִ֣ם	d/1471 a	HTd/Ncmpa
Jer 46:28	אֲשֶׁ֧ר	834 a	HTr
Jer 46:28	הִדַּחְתִּ֣י/ךָ	5080	HVhp1cs/Sp2ms
Jer 46:28	שָׁ֗מָּ/ה	8033	HD/Sd
Jer 46:28	וְ/אֹֽתְ/ךָ֙	c/853	HC/To/Sp2ms
Jer 46:28	לֹא	3808	HTn
Jer 46:28	אֶעֱשֶׂ֣ה	6213 a	HVqi1cs
Jer 46:28	כָלָ֔ה	3617	HNcfsa
Jer 46:28	וְ/יִסַּרְתִּ֨י/ךָ֙	c/3256	HC/Vpq1cs/Sp2ms
Jer 46:28	לַ/מִּשְׁפָּ֔ט	l/4941	HRd/Ncmsa
Jer 46:28	וְ/נַקֵּ֖ה	c/5352	HC/Vpa
Jer 46:28	לֹ֥א	3808	HTn
Jer 46:28	אֲנַקֶּֽ/ךָּ	5352	HVpi1cs/Sp2ms
Jer 47:1	אֲשֶׁ֨ר	834 a	HTr
Jer 47:1	הָיָ֧ה	1961	HVqp3ms
Jer 47:1	דְבַר	1697	HNcmsc
Jer 47:1	יְהוָ֛ה	3068	HNp
Jer 47:1	אֶל	413	HR
Jer 47:1	יִרְמְיָ֥הוּ	3414	HNp
Jer 47:1	הַ/נָּבִ֖יא	d/5030	HTd/Ncmsa
Jer 47:1	אֶל	413	HR
Jer 47:1	פְּלִשְׁתִּ֑ים	6430	HNgmpa
Jer 47:1	בְּ/טֶ֛רֶם	b/2962	HR/D
Jer 47:1	יַכֶּ֥ה	5221	HVhi3ms
Jer 47:1	פַרְעֹ֖ה	6547	HNp
Jer 47:1	אֶת	853	HTo
Jer 47:1	עַזָּֽה	5804	HNp
Jer 47:2	כֹּ֣ה	3541	HD
Jer 47:2	אָמַ֣ר	559	HVqp3ms
Jer 47:2	יְהוָ֗ה	3068	HNp
Jer 47:2	הִנֵּה	2009	HTm
Jer 47:2	מַ֜יִם	4325	HNcmpa
Jer 47:2	עֹלִ֤ים	5927	HVqrmpa
Jer 47:2	מִ/צָּפוֹן֙	m/6828	HR/Ncfsa
Jer 47:2	וְ/הָיוּ֙	c/1961	HC/Vqq3cp
Jer 47:2	לְ/נַ֣חַל	l/5158 a	HR/Ncmsa
Jer 47:2	שׁוֹטֵ֔ף	7857	HVqrmsa
Jer 47:2	וְ/יִשְׁטְפוּ֙	c/7857	HC/Vqi3mp
Jer 47:2	אֶ֣רֶץ	776	HNcbsa
Jer 47:2	וּ/מְלוֹאָ֔/הּ	c/4393	HC/Ncmsc/Sp3fs
Jer 47:2	עִ֖יר	5892 b	HNcfsa
Jer 47:2	וְ/יֹ֣שְׁבֵי	c/3427	HC/Vqrmpc
Jer 47:2	בָ֑/הּ	b	HR/Sp3fs
Jer 47:2	וְ/זָֽעֲקוּ֙	c/2199	HC/Vqq3cp
Jer 47:2	הָֽ/אָדָ֔ם	d/120	HTd/Ncmsa
Jer 47:2	וְ/הֵילִ֕ל	c/3213	HC/Vhq3ms
Jer 47:2	כֹּ֖ל	3605	HNcmsc
Jer 47:2	יוֹשֵׁ֥ב	3427	HVqrmsc
Jer 47:2	הָ/אָֽרֶץ	d/776	HTd/Ncbsa
Jer 47:3	מִ/קּ֗וֹל	m/6963 a	HR/Ncmsc
Jer 47:3	שַֽׁעֲטַת֙	8161	HNcfsc
Jer 47:3	פַּרְס֣וֹת	6541	HNcfpc
Jer 47:3	אַבִּירָ֔י/ו	47	HAampc/Sp3ms
Jer 47:3	מֵ/רַ֣עַשׁ	m/7494	HR/Ncmsc
Jer 47:3	לְ/רִכְבּ֔/וֹ	l/7393	HR/Ncmsc/Sp3ms
Jer 47:3	הֲמ֖וֹן	1995 a	HNcmsc
Jer 47:3	גַּלְגִּלָּ֑י/ו	1534	HNcmpc/Sp3ms
Jer 47:3	לֹֽא	3808	HTn
Jer 47:3	הִפְנ֤וּ	6437	HVhp3cp
Jer 47:3	אָבוֹת֙	1	HNcmpa
Jer 47:3	אֶל	413	HR
Jer 47:3	בָּנִ֔ים	1121 a	HNcmpa
Jer 47:3	מֵֽ/רִפְי֖וֹן	m/7510	HR/Ncmsc
Jer 47:3	יָדָֽיִם	3027	HNcbda
Jer 47:4	עַל	5921 a	HR
Jer 47:4	הַ/יּ֗וֹם	d/3117	HTd/Ncmsa
Jer 47:4	הַ/בָּא֙	d/935	HTd/Vqrmsa
Jer 47:4	לִ/שְׁד֣וֹד	l/7703	HR/Vqc
Jer 47:4	אֶת	853	HTo
Jer 47:4	כָּל	3605	HNcmsc
Jer 47:4	פְּלִשְׁתִּ֔ים	6430	HNgmpa
Jer 47:4	לְ/הַכְרִ֤ית	l/3772	HR/Vhc
Jer 47:4	לְ/צֹר֙	l/6865	HR/Np
Jer 47:4	וּ/לְ/צִיד֔וֹן	c/l/6721	HC/R/Np
Jer 47:4	כֹּ֖ל	3605	HNcmsa
Jer 47:4	שָׂרִ֣יד	8300	HNcmsa
Jer 47:4	עֹזֵ֑ר	5826	HVqrmsa
Jer 47:4	כִּֽי	3588 a	HC
Jer 47:4	שֹׁדֵ֤ד	7703	HVqrmsa
Jer 47:4	יְהוָה֙	3068	HNp
Jer 47:4	אֶת	853	HTo
Jer 47:4	פְּלִשְׁתִּ֔ים	6430	HNgmpa
Jer 47:4	שְׁאֵרִ֖ית	7611	HNcfsc
Jer 47:4	אִ֥י	339	HTj
Jer 47:4	כַפְתּֽוֹר	3731	HNp
Jer 47:5	בָּ֤אָה	935	HVqp3fs
Jer 47:5	קָרְחָה֙	7144	HNcfsa
Jer 47:5	אֶל	413	HR
Jer 47:5	עַזָּ֔ה	5804	HNp
Jer 47:5	נִדְמְתָ֥ה	1820	HVNp3fs
Jer 47:5	אַשְׁקְל֖וֹן	831	HNp
Jer 47:5	שְׁאֵרִ֣ית	7611	HNcfsc
Jer 47:5	עִמְקָ֑/ם	6010	HNcmsc/Sp3mp
Jer 47:5	עַד	5704	HR
Jer 47:5	מָתַ֖י	4970	HTi
Jer 47:5	תִּתְגּוֹדָֽדִי	1413	HVri2fs
Jer 47:6	ה֗וֹי	1945	HTj
Jer 47:6	חֶ֚רֶב	2719	HNcfsa
Jer 47:6	לַֽ/יהוָ֔ה	l/3068	HR/Np
Jer 47:6	עַד	5704	HR
Jer 47:6	אָ֖נָה	575	HD
Jer 47:6	לֹ֣א	3808	HTn
Jer 47:6	תִשְׁקֹ֑טִי	8252	HVqi2fs
Jer 47:6	הֵאָֽסְפִי֙	622	HVNv2fs
Jer 47:6	אַל	413	HTn
Jer 47:6	תַּעְרֵ֔/ךְ	8593	HNcbsc/Sp2fs
Jer 47:6	הֵרָגְעִ֖י	7280 b	HVNv2fs
Jer 47:6	וָ/דֹֽמִּי	c/1826 a	HC/Vqv2fs
Jer 47:7	אֵ֣יךְ	349 a	HTi
Jer 47:7	תִּשְׁקֹ֔טִי	8252	HVqi2fs
Jer 47:7	וַֽ/יהוָ֖ה	c/3068	HC/Np
Jer 47:7	צִוָּה	6680	HVpp3ms
Jer 47:7	לָ֑/הּ	l	HR/Sp3fs
Jer 47:7	אֶֽל	413	HR
Jer 47:7	אַשְׁקְל֛וֹן	831	HNp
Jer 47:7	וְ/אֶל	c/413	HC/R
Jer 47:7	ח֥וֹף	2348	HNcmsc
Jer 47:7	הַ/יָּ֖ם	d/3220	HTd/Ncmsa
Jer 47:7	שָׁ֥ם	8033	HD
Jer 47:7	יְעָדָֽ/הּ	3259	HVqp3ms/Sp3fs
Jer 48:1	לְ/מוֹאָ֡ב	l/4124	HR/Np
Jer 48:1	כֹּֽה	3541	HD
Jer 48:1	אָמַר֩	559	HVqp3ms
Jer 48:1	יְהוָ֨ה	3068	HNp
Jer 48:1	צְבָא֜וֹת	6635 b	HNcbpa
Jer 48:1	אֱלֹהֵ֣י	430	HNcmpc
Jer 48:1	יִשְׂרָאֵ֗ל	3478	HNp
Jer 48:1	ה֤וֹי	1945	HTj
Jer 48:1	אֶל	413	HR
Jer 48:1	נְבוֹ֙	5015 a	HNp
Jer 48:1	כִּ֣י	3588 a	HC
Jer 48:1	שֻׁדָּ֔דָה	7703	HVPp3fs
Jer 48:1	הֹבִ֥ישָׁה	3001	HVhp3fs
Jer 48:1	נִלְכְּדָ֖ה	3920	HVNp3fs
Jer 48:1	קִרְיָתָ֑יִם	7156	HNp
Jer 48:1	הֹבִ֥ישָׁה	3001	HVhp3fs
Jer 48:1	הַ/מִּשְׂגָּ֖ב	d/4869 b	HTd/Ncmsa
Jer 48:1	וָ/חָֽתָּה	c/2865	HC/Vqp3fs
Jer 48:2	אֵ֣ין	369	HTn
Jer 48:2	עוֹד֮	5750	HD
Jer 48:2	תְּהִלַּ֣ת	8416	HNcfsc
Jer 48:2	מוֹאָב֒	4124	HNp
Jer 48:2	בְּ/חֶשְׁבּ֗וֹן	b/2809	HR/Np
Jer 48:2	חָשְׁב֤וּ	2803	HVqp3cp
Jer 48:2	עָלֶ֨י/הָ֙	5921 a	HR/Sp3fs
Jer 48:2	רָעָ֔ה	7451 c	HNcfsa
Jer 48:2	לְכ֖וּ	3212	HVqv2mp
Jer 48:2	וְ/נַכְרִיתֶ֣/נָּה	c/3772	HC/Vhh1cp/Sp3fs
Jer 48:2	מִ/גּ֑וֹי	m/1471 a	HR/Ncmsa
Jer 48:2	גַּם	1571	HTa
Jer 48:2	מַדְמֵ֣ן	4086	HNp
Jer 48:2	תִּדֹּ֔מִּי	1826 a	HVqi2fs
Jer 48:2	אַחֲרַ֖יִ/ךְ	310 a	HR/Sp2fs
Jer 48:2	תֵּ֥לֶךְ	3212	HVqi3fs
Jer 48:2	חָֽרֶב	2719	HNcfsa
Jer 48:3	ק֥וֹל	6963 a	HNcmsc
Jer 48:3	צְעָקָ֖ה	6818	HNcfsa
Jer 48:3	מֵ/חֹֽרוֹנָ֑יִם	m/2773	HR/Np
Jer 48:3	שֹׁ֖ד	7701	HNcmsa
Jer 48:3	וָ/שֶׁ֥בֶר	c/7667	HC/Ncmsa
Jer 48:3	גָּדֽוֹל	1419 a	HAamsa
Jer 48:4	נִשְׁבְּרָ֖ה	7665	HVNp3fs
Jer 48:4	מוֹאָ֑ב	4124	HNp
Jer 48:4	הִשְׁמִ֥יעוּ	8085	HVhp3cp
Jer 48:4	זְּעָקָ֖ה	2201	HNcfsa
Jer 48:4	צעורי/ה	6810	HAampc/Sp3fs
Jer 48:5	כִּ֚י	3588 a	HC
Jer 48:5	מַעֲלֵ֣ה	4608	HNcmsc
Jer 48:5	ה/לחות	d/3872	HTd/Np
Jer 48:5	בִּ/בְכִ֖י	b/1065	HR/Ncmsa
Jer 48:5	יַֽעֲלֶה	5927	HVqi3ms
Jer 48:5	בֶּ֑כִי	1065	HNcmsa
Jer 48:5	כִּ֚י	3588 a	HC
Jer 48:5	בְּ/מוֹרַ֣ד	b/4174	HR/Ncmsc
Jer 48:5	חוֹרֹנַ֔יִם	2773	HNp
Jer 48:5	צָרֵ֥י	6862 c	HNcmpc
Jer 48:5	צַֽעֲקַת	6818	HNcfsc
Jer 48:5	שֶׁ֖בֶר	7667	HNcmsa
Jer 48:5	שָׁמֵֽעוּ	8085	HVqp3cp
Jer 48:6	נֻ֖סוּ	5127	HVqv2mp
Jer 48:6	מַלְּט֣וּ	4422	HVpv2mp
Jer 48:6	נַפְשְׁ/כֶ֑ם	5315	HNcbsc/Sp2mp
Jer 48:6	וְ/תִֽהְיֶ֕ינָה	c/1961	HC/Vqi2fp
Jer 48:6	כַּ/עֲרוֹעֵ֖ר	k/6176	HR/Ncmsa
Jer 48:6	בַּ/מִּדְבָּֽר	b/4057 b	HRd/Ncmsa
Jer 48:7	כִּ֠י	3588 a	HC
Jer 48:7	יַ֣עַן	3282	HC
Jer 48:7	בִּטְחֵ֤/ךְ	982	HVqc/Sp2fs
Jer 48:7	בְּ/מַעֲשַׂ֨יִ/ךְ֙	b/4639	HR/Ncmpc/Sp2fs
Jer 48:7	וּ/בְ/א֣וֹצְרוֹתַ֔יִ/ךְ	c/b/214	HC/R/Ncmpc/Sp2fs
Jer 48:7	גַּם	1571	HTa
Jer 48:7	אַ֖תְּ	859 c	HPp2fs
Jer 48:7	תִּלָּכֵ֑דִי	3920	HVNi2fs
Jer 48:7	וְ/יָצָ֤א	c/3318	HC/Vqq3ms
Jer 48:7	כמיש	3645	HNp
Jer 48:7	בַּ/גּוֹלָ֔ה	b/1473	HRd/Ncfsa
Jer 48:7	כֹּהֲנָ֥י/ו	3548	HNcmpc/Sp3ms
Jer 48:7	וְ/שָׂרָ֖י/ו	c/8269	HC/Ncmpc/Sp3ms
Jer 48:7	יחד	3162 a	HD
Jer 48:8	וְ/יָבֹ֨א	c/935	HC/Vqi3ms
Jer 48:8	שֹׁדֵ֜ד	7703	HVqrmsa
Jer 48:8	אֶל	413	HR
Jer 48:8	כָּל	3605	HNcmsc
Jer 48:8	עִ֗יר	5892 b	HNcfsa
Jer 48:8	וְ/עִיר֙	c/5892 b	HC/Ncfsa
Jer 48:8	לֹ֣א	3808	HTn
Jer 48:8	תִמָּלֵ֔ט	4422	HVNi3fs
Jer 48:8	וְ/אָבַ֥ד	c/6	HC/Vqq3ms
Jer 48:8	הָ/עֵ֖מֶק	d/6010	HTd/Ncmsa
Jer 48:8	וְ/נִשְׁמַ֣ד	c/8045	HC/VNq3ms
Jer 48:8	הַ/מִּישֹׁ֑ר	d/4334	HTd/Ncmsa
Jer 48:8	אֲשֶׁ֖ר	834 a	HTr
Jer 48:8	אָמַ֥ר	559	HVqp3ms
Jer 48:8	יְהוָֽה	3068	HNp
Jer 48:9	תְּנוּ	5414	HVqv2mp
Jer 48:9	צִ֣יץ	6731 b	HNcmsa
Jer 48:9	לְ/מוֹאָ֔ב	l/4124	HR/Np
Jer 48:9	כִּ֥י	3588 a	HC
Jer 48:9	נָצֹ֖א	5323	HVqa
Jer 48:9	תֵּצֵ֑א	3318	HVqi3fs
Jer 48:9	וְ/עָרֶ֨י/הָ֙	c/5892 b	HC/Ncfpc/Sp3fs
Jer 48:9	לְ/שַׁמָּ֣ה	l/8047	HR/Ncfsa
Jer 48:9	תִֽהְיֶ֔ינָה	1961	HVqi3fp
Jer 48:9	מֵ/אֵ֥ין	m/369	HR/Tn
Jer 48:9	יוֹשֵׁ֖ב	3427	HVqrmsa
Jer 48:9	בָּ/הֵֽן	b/2004	HR/Sp3fp
Jer 48:10	אָר֗וּר	779	HVqsmsa
Jer 48:10	עֹשֶׂ֛ה	6213 a	HVqrmsa
Jer 48:10	מְלֶ֥אכֶת	4399	HNcfsc
Jer 48:10	יְהוָ֖ה	3068	HNp
Jer 48:10	רְמִיָּ֑ה	7423 b	HNcfsa
Jer 48:10	וְ/אָר֕וּר	c/779	HC/Vqsmsa
Jer 48:10	מֹנֵ֥עַ	4513	HVqrmsa
Jer 48:10	חַרְבּ֖/וֹ	2719	HNcfsc/Sp3ms
Jer 48:10	מִ/דָּֽם	m/1818	HR/Ncmsa
Jer 48:11	שַׁאֲנַ֨ן	7599	HVkp3ms
Jer 48:11	מוֹאָ֜ב	4124	HNp
Jer 48:11	מִ/נְּעוּרָ֗י/ו	m/5271 a	HR/Ncbpc/Sp3ms
Jer 48:11	וְ/שֹׁקֵ֥ט	c/8252	HC/Vqrmsa
Jer 48:11	הוּא֙	1931	HPp3ms
Jer 48:11	אֶל	413	HR
Jer 48:11	שְׁמָרָ֔י/ו	8105	HNcmpc/Sp3ms
Jer 48:11	וְ/לֹֽא	c/3808	HC/Tn
Jer 48:11	הוּרַ֤ק	7324	HVHp3ms
Jer 48:11	מִ/כְּלִי֙	m/3627	HR/Ncmsa
Jer 48:11	אֶל	413	HR
Jer 48:11	כֶּ֔לִי	3627	HNcmsa
Jer 48:11	וּ/בַ/גּוֹלָ֖ה	c/b/1473	HC/Rd/Ncfsa
Jer 48:11	לֹ֣א	3808	HTn
Jer 48:11	הָלָ֑ךְ	1980	HVqp3ms
Jer 48:11	עַל	5921 a	HR
Jer 48:11	כֵּ֗ן	3651 c	HTm
Jer 48:11	עָמַ֤ד	5975	HVqp3ms
Jer 48:11	טַעְמ/וֹ֙	2940	HNcmsc/Sp3ms
Jer 48:11	בּ֔/וֹ	b	HR/Sp3ms
Jer 48:11	וְ/רֵיח֖/וֹ	c/7381	HC/Ncmsc/Sp3ms
Jer 48:11	לֹ֥א	3808	HTn
Jer 48:11	נָמָֽר	4171	HVNp3ms
Jer 48:12	לָ/כֵ֞ן	l/3651 c	HR/D
Jer 48:12	הִנֵּ֖ה	2009	HTm
Jer 48:12	יָמִ֤ים	3117	HNcmpa
Jer 48:12	בָּאִים֙	935	HVqrmpa
Jer 48:12	נְאֻם	5002	HNcmsc
Jer 48:12	יְהוָ֔ה	3068	HNp
Jer 48:12	וְ/שִׁלַּחְתִּי	c/7971	HC/Vpq1cs
Jer 48:12	ל֥/וֹ	l	HR/Sp3ms
Jer 48:12	צֹעִ֖ים	6808	HVqrmpa
Jer 48:12	וְ/צֵעֻ֑/הוּ	c/6808	HC/Vpq3cp/Sp3ms
Jer 48:12	וְ/כֵלָ֣י/ו	c/3627	HC/Ncmpc/Sp3ms
Jer 48:12	יָרִ֔יקוּ	7324	HVhi3mp
Jer 48:12	וְ/נִבְלֵי/הֶ֖ם	c/5035 a	HC/Ncmpc/Sp3mp
Jer 48:12	יְנַפֵּֽצוּ	5310 a	HVpi3mp
Jer 48:13	וּ/בֹ֥שׁ	c/954	HC/Vqq3ms
Jer 48:13	מוֹאָ֖ב	4124	HNp
Jer 48:13	מִ/כְּמ֑וֹשׁ	m/3645	HR/Np
Jer 48:13	כַּ/אֲשֶׁר	k/834 d	HR/Tr
Jer 48:13	בֹּ֨שׁוּ֙	954	HVqp3cp
Jer 48:13	בֵּ֣ית	1004 b	HNcmsc
Jer 48:13	יִשְׂרָאֵ֔ל	3478	HNp
Jer 48:13	מִ/בֵּ֥ית	m/1008+	HR/Np
Jer 48:13	אֵ֖ל	1008	HNp
Jer 48:13	מִבְטֶחָֽ/ם	4009	HNcmsc/Sp3mp
Jer 48:14	אֵ֚יךְ	349 a	HTi
Jer 48:14	תֹּֽאמְר֔וּ	559	HVqi2mp
Jer 48:14	גִּבּוֹרִ֖ים	1368	HAampa
Jer 48:14	אֲנָ֑חְנוּ	587	HPp1cp
Jer 48:14	וְ/אַנְשֵׁי	c/376	HC/Ncmpc
Jer 48:14	חַ֖יִל	2428	HNcmsa
Jer 48:14	לַ/מִּלְחָמָֽה	l/4421	HRd/Ncfsa
Jer 48:15	שֻׁדַּ֤ד	7703	HVPp3ms
Jer 48:15	מוֹאָב֙	4124	HNp
Jer 48:15	וְ/עָרֶ֣י/הָ	c/5892 b	HC/Ncfpc/Sp3fs
Jer 48:15	עָלָ֔ה	5927	HVqp3ms
Jer 48:15	וּ/מִבְחַ֥ר	c/4005	HC/Ncmsc
Jer 48:15	בַּֽחוּרָ֖י/ו	970	HNcmpc/Sp3ms
Jer 48:15	יָרְד֣וּ	3381	HVqp3cp
Jer 48:15	לַ/טָּ֑בַח	l/2874	HRd/Ncmsa
Jer 48:15	נְאֻ֨ם	5002	HNcmsc
Jer 48:15	הַ/מֶּ֔לֶךְ	d/4428	HTd/Ncmsa
Jer 48:15	יְהוָ֥ה	3068	HNp
Jer 48:15	צְבָא֖וֹת	6635 b	HNcbpa
Jer 48:15	שְׁמֽ/וֹ	8034	HNcmsc/Sp3ms
Jer 48:16	קָר֥וֹב	7138	HAamsa
Jer 48:16	אֵיד	343	HNcmsc
Jer 48:16	מוֹאָ֖ב	4124	HNp
Jer 48:16	לָ/ב֑וֹא	l/935	HR/Vqc
Jer 48:16	וְ/רָ֣עָת֔/וֹ	c/7451 c	HC/Ncfsc/Sp3ms
Jer 48:16	מִהֲרָ֖ה	4116 a	HVpp3fs
Jer 48:16	מְאֹֽד	3966	HD
Jer 48:17	נֻ֤דוּ	5110	HVqv2mp
Jer 48:17	ל/וֹ֙	l	HR/Sp3ms
Jer 48:17	כָּל	3605	HNcmsc
Jer 48:17	סְבִיבָ֔י/ו	5439	HNcbpc/Sp3ms
Jer 48:17	וְ/כֹ֖ל	c/3605	HC/Ncmsc
Jer 48:17	יֹדְעֵ֣י	3045	HVqrmpc
Jer 48:17	שְׁמ֑/וֹ	8034	HNcmsc/Sp3ms
Jer 48:17	אִמְר֗וּ	559	HVqv2mp
Jer 48:17	אֵיכָ֤ה	349 b	HTi
Jer 48:17	נִשְׁבַּר֙	7665	HVNp3ms
Jer 48:17	מַטֵּה	4294	HNcmsc
Jer 48:17	עֹ֔ז	5797	HNcmsa
Jer 48:17	מַקֵּ֖ל	4731	HNcmsc
Jer 48:17	תִּפְאָרָֽה	8597	HNcfsa
Jer 48:18	רְדִ֤י	3381	HVqv2fs
Jer 48:18	מִ/כָּבוֹד֙	m/3519	HR/Ncbsa
Jer 48:18	ישבי	3427	HVqrmpc
Jer 48:18	בַ/צָּמָ֔א	b/6772	HRd/Ncmsa
Jer 48:18	יֹשֶׁ֖בֶת	3427	HVqrfsa
Jer 48:18	בַּת	1323	HNcfsc
Jer 48:18	דִּיב֑וֹן	1769	HNp
Jer 48:18	כִּֽי	3588 a	HC
Jer 48:18	שֹׁדֵ֤ד	7703	HVqrmsc
Jer 48:18	מוֹאָב֙	4124	HNp
Jer 48:18	עָ֣לָה	5927	HVqp3ms
Jer 48:18	בָ֔/ךְ	b	HR/Sp2fs
Jer 48:18	שִׁחֵ֖ת	7843	HVpp3ms
Jer 48:18	מִבְצָרָֽיִ/ךְ	4013	HNcmpc/Sp2fs
Jer 48:19	אֶל	413	HR
Jer 48:19	דֶּ֛רֶךְ	1870	HNcbsa
Jer 48:19	עִמְדִ֥י	5975	HVqv2fs
Jer 48:19	וְ/צַפִּ֖י	c/6822	HC/Vpv2fs
Jer 48:19	יוֹשֶׁ֣בֶת	3427	HVqrfsc
Jer 48:19	עֲרוֹעֵ֑ר	6177	HNp
Jer 48:19	שַׁאֲלִי	7592	HVqv2fs
Jer 48:19	נָ֣ס	5127	HVqrmsa
Jer 48:19	וְ/נִמְלָ֔טָה	c/4422	HC/VNsfsa
Jer 48:19	אִמְרִ֖י	559	HVqv2fs
Jer 48:19	מַה	4100	HTi
Jer 48:19	נִּֽהְיָֽתָה	1961	HVNp3fs
Jer 48:20	הֹבִ֥ישׁ	3001	HVhp3ms
Jer 48:20	מוֹאָ֛ב	4124	HNp
Jer 48:20	כִּֽי	3588 a	HC
Jer 48:20	חַ֖תָּה	2865	HVqp3fs
Jer 48:20	הילילי	3213	HVhv2fs
Jer 48:20	ו/זעקי	c/2199	HC/Vqv2fs
Jer 48:20	הַגִּ֣ידוּ	5046	HVhv2mp
Jer 48:20	בְ/אַרְנ֔וֹן	b/769	HR/Np
Jer 48:20	כִּ֥י	3588 a	HC
Jer 48:20	שֻׁדַּ֖ד	7703	HVPp3ms
Jer 48:20	מוֹאָֽב	4124	HNp
Jer 48:21	וּ/מִשְׁפָּ֥ט	c/4941	HC/Ncmsa
Jer 48:21	בָּ֖א	935	HVqp3ms
Jer 48:21	אֶל	413	HR
Jer 48:21	אֶ֣רֶץ	776	HNcbsc
Jer 48:21	הַ/מִּישֹׁ֑ר	d/4334	HTd/Ncmsa
Jer 48:21	אֶל	413	HR
Jer 48:21	חֹל֥וֹן	2473	HNp
Jer 48:21	וְ/אֶל	c/413	HC/R
Jer 48:21	יַ֖הְצָ/ה	3096	HNp/Sd
Jer 48:21	וְ/עַל	c/5921 a	HC/R
Jer 48:21	מופעת	4158	HNp
Jer 48:22	וְ/עַל	c/5921 a	HC/R
Jer 48:22	דִּיב֣וֹן	1769	HNp
Jer 48:22	וְ/עַל	c/5921 a	HC/R
Jer 48:22	נְב֔וֹ	5015 a	HNp
Jer 48:22	וְ/עַל	c/5921 a	HC/R
Jer 48:22	בֵּ֖ית	1015+	HNp
Jer 48:22	דִּבְלָתָֽיִם	1015	HNp
Jer 48:23	וְ/עַ֧ל	c/5921 a	HC/R
Jer 48:23	קִרְיָתַ֛יִם	7156	HNp
Jer 48:23	וְ/עַל	c/5921 a	HC/R
Jer 48:23	בֵּ֥ית	1014+	HNp
Jer 48:23	גָּמ֖וּל	1014	HNp
Jer 48:23	וְ/עַל	c/5921 a	HC/R
Jer 48:23	בֵּ֥ית	1010+	HNp
Jer 48:23	מְעֽוֹן	1010	HNp
Jer 48:24	וְ/עַל	c/5921 a	HC/R
Jer 48:24	קְרִיּ֖וֹת	7152	HNp
Jer 48:24	וְ/עַל	c/5921 a	HC/R
Jer 48:24	בָּצְרָ֑ה	1224	HNp
Jer 48:24	וְ/עַ֗ל	c/5921 a	HC/R
Jer 48:24	כָּל	3605	HNcmsc
Jer 48:24	עָרֵי֙	5892 b	HNcfpc
Jer 48:24	אֶ֣רֶץ	776	HNcbsc
Jer 48:24	מוֹאָ֔ב	4124	HNp
Jer 48:24	הָ/רְחֹק֖וֹת	d/7350	HTd/Aafpa
Jer 48:24	וְ/הַ/קְּרֹבֽוֹת	c/d/7138	HC/Td/Aafpa
Jer 48:25	נִגְדְּעָה֙	1438	HVNp3fs
Jer 48:25	קֶ֣רֶן	7161 a	HNcbsc
Jer 48:25	מוֹאָ֔ב	4124	HNp
Jer 48:25	וּ/זְרֹע֖/וֹ	c/2220	HC/Ncbsc/Sp3ms
Jer 48:25	נִשְׁבָּ֑רָה	7665	HVNp3fs
Jer 48:25	נְאֻ֖ם	5002	HNcmsc
Jer 48:25	יְהוָֽה	3068	HNp
Jer 48:26	הַשְׁכִּירֻ֕/הוּ	7937	HVhv2mp/Sp3ms
Jer 48:26	כִּ֥י	3588 a	HC
Jer 48:26	עַל	5921 a	HR
Jer 48:26	יְהוָ֖ה	3068	HNp
Jer 48:26	הִגְדִּ֑יל	1431	HVhp3ms
Jer 48:26	וְ/סָפַ֤ק	c/5606 a	HC/Vqq3ms
Jer 48:26	מוֹאָב֙	4124	HNp
Jer 48:26	בְּ/קִיא֔/וֹ	b/6892 b	HR/Ncmsc/Sp3ms
Jer 48:26	וְ/הָיָ֥ה	c/1961	HC/Vqq3ms
Jer 48:26	לִ/שְׂחֹ֖ק	l/7814	HR/Ncmsa
Jer 48:26	גַּם	1571	HTa
Jer 48:26	הֽוּא	1931	HPp3ms
Jer 48:27	וְ/אִ֣ם	c/518 a	HC/C
Jer 48:27	ל֣וֹא	3808	HTn
Jer 48:27	הַ/שְּׂחֹ֗ק	d/7814	HTd/Ncmsa
Jer 48:27	הָיָ֤ה	1961	HVqp3ms
Jer 48:27	לְ/ךָ֙	l	HR/Sp2ms
Jer 48:27	יִשְׂרָאֵ֔ל	3478	HNp
Jer 48:27	אִם	518 a	HC
Jer 48:27	בְּ/גַנָּבִ֖ים	b/1590	HR/Ncmpa
Jer 48:27	נמצאה	4672	HVNp3fs
Jer 48:27	כִּֽי	3588 a	HC
Jer 48:27	מִ/דֵּ֧י	m/1767	HR/Ncmsc
Jer 48:27	דְבָרֶ֥י/ךָ	1697	HNcmpc/Sp2ms
Jer 48:27	בּ֖/וֹ	b	HR/Sp3ms
Jer 48:27	תִּתְנוֹדָֽד	5110	HVri2ms
Jer 48:28	עִזְב֤וּ	5800 a	HVqv2mp
Jer 48:28	עָרִים֙	5892 b	HNcfpa
Jer 48:28	וְ/שִׁכְנ֣וּ	c/7931	HC/Vqv2mp
Jer 48:28	בַּ/סֶּ֔לַע	b/5553	HRd/Ncmsa
Jer 48:28	יֹשְׁבֵ֖י	3427	HVqrmpc
Jer 48:28	מוֹאָ֑ב	4124	HNp
Jer 48:28	וִֽ/הְי֣וּ	c/1961	HC/Vqv2mp
Jer 48:28	כְ/יוֹנָ֔ה	k/3123	HR/Ncfsa
Jer 48:28	תְּקַנֵּ֖ן	7077	HVpi3fs
Jer 48:28	בְּ/עֶבְרֵ֥י	b/5676	HR/Ncmpc
Jer 48:28	פִי	6310	HNcmsc
Jer 48:28	פָֽחַת	6354	HNcmsa
Jer 48:29	שָׁמַ֥עְנוּ	8085	HVqp1cp
Jer 48:29	גְאוֹן	1347	HNcmsc
Jer 48:29	מוֹאָ֖ב	4124	HNp
Jer 48:29	גֵּאֶ֣ה	1343	HAamsa
Jer 48:29	מְאֹ֑ד	3966	HD
Jer 48:29	גָּבְה֧/וֹ	1363	HNcmsc/Sp3ms
Jer 48:29	וּ/גְאוֹנ֛/וֹ	c/1347	HC/Ncmsc/Sp3ms
Jer 48:29	וְ/גַאֲוָת֖/וֹ	c/1346	HC/Ncfsc/Sp3ms
Jer 48:29	וְ/רֻ֥ם	c/7312	HC/Ncmsc
Jer 48:29	לִבּֽ/וֹ	3820 a	HNcmsc/Sp3ms
Jer 48:30	אֲנִ֤י	589	HPp1cs
Jer 48:30	יָדַ֨עְתִּי֙	3045	HVqp1cs
Jer 48:30	נְאֻם	5002	HNcmsc
Jer 48:30	יְהוָ֔ה	3068	HNp
Jer 48:30	עֶבְרָת֖/וֹ	5678	HNcfsc/Sp3ms
Jer 48:30	וְ/לֹא	c/3808	HC/Tn
Jer 48:30	כֵ֑ן	3651 a	HAamsa
Jer 48:30	בַּדָּ֖י/ו	907	HNcmpc/Sp3ms
Jer 48:30	לֹא	3808	HTn
Jer 48:30	כֵ֥ן	3651 a	HAamsa
Jer 48:30	עָשֽׂוּ	6213 a	HVqp3cp
Jer 48:31	עַל	5921 a	HR
Jer 48:31	כֵּן֙	3651 c	HTm
Jer 48:31	עַל	5921 a	HR
Jer 48:31	מוֹאָ֣ב	4124	HNp
Jer 48:31	אֲיֵלִ֔יל	3213	HVhi1cs
Jer 48:31	וּ/לְ/מוֹאָ֥ב	c/l/4124	HC/R/Np
Jer 48:31	כֻּלֹּ֖/ה	3605	HNcmsc/Sp3ms
Jer 48:31	אֶזְעָ֑ק	2199	HVqi1cs
Jer 48:31	אֶל	413	HR
Jer 48:31	אַנְשֵׁ֥י	376	HNcmpc
Jer 48:31	קִֽיר	7025+	HNp
Jer 48:31	חֶ֖רֶשׂ	7025	HNp
Jer 48:31	יֶהְגֶּֽה	1897	HVqi3ms
Jer 48:32	מִ/בְּכִ֨י	m/1065	HR/Ncmsc
Jer 48:32	יַעְזֵ֤ר	3270	HNp
Jer 48:32	אֶבְכֶּה	1058	HVqi1cs
Jer 48:32	לָּ/ךְ֙	l	HR/Sp2fs
Jer 48:32	הַ/גֶּ֣פֶן	d/1612	HTd/Ncbsa
Jer 48:32	שִׂבְמָ֔ה	7643	HNp
Jer 48:32	נְטִֽישֹׁתַ֨יִ/ךְ֙	5189	HNcfpc/Sp2fs
Jer 48:32	עָ֣בְרוּ	5674 a	HVqp3cp
Jer 48:32	יָ֔ם	3220	HNcmsa
Jer 48:32	עַ֛ד	5704	HR
Jer 48:32	יָ֥ם	3220	HNcmsc
Jer 48:32	יַעְזֵ֖ר	3270	HNp
Jer 48:32	נָגָ֑עוּ	5060	HVqp3cp
Jer 48:32	עַל	5921 a	HR
Jer 48:32	קֵיצֵ֥/ךְ	7019	HNcmsc/Sp2fs
Jer 48:32	וְ/עַל	c/5921 a	HC/R
Jer 48:32	בְּצִירֵ֖/ךְ	1210	HNcmsc/Sp2fs
Jer 48:32	שֹׁדֵ֥ד	7703	HVqrmsa
Jer 48:32	נָפָֽל	5307	HVqp3ms
Jer 48:33	וְ/נֶאֶסְפָ֨ה	c/622	HC/VNp3fs
Jer 48:33	שִׂמְחָ֥ה	8057	HNcfsa
Jer 48:33	וָ/גִ֛יל	c/1524 a	HC/Ncmsa
Jer 48:33	מִ/כַּרְמֶ֖ל	m/3759	HR/Ncmsa
Jer 48:33	וּ/מֵ/אֶ֣רֶץ	c/m/776	HC/R/Ncbsc
Jer 48:33	מוֹאָ֑ב	4124	HNp
Jer 48:33	וְ/יַ֨יִן֙	c/3196	HC/Ncmsa
Jer 48:33	מִ/יקָבִ֣ים	m/3342	HR/Ncmpa
Jer 48:33	הִשְׁבַּ֔תִּי	7673 a	HVhp1cs
Jer 48:33	לֹֽא	3808	HTn
Jer 48:33	יִדְרֹ֣ךְ	1869	HVqi3ms
Jer 48:33	הֵידָ֔ד	1959	HNcmsa
Jer 48:33	הֵידָ֖ד	1959	HNcmsa
Jer 48:33	לֹ֥א	3808	HTn
Jer 48:33	הֵידָֽד	1959	HNcmsa
Jer 48:34	מִ/זַּעֲקַ֨ת	m/2201	HR/Ncfsc
Jer 48:34	חֶשְׁבּ֜וֹן	2809	HNp
Jer 48:34	עַד	5704	HR
Jer 48:34	אֶלְעָלֵ֗ה	500	HNp
Jer 48:34	עַד	5704	HR
Jer 48:34	יַ֨הַץ֙	3096	HNp
Jer 48:34	נָתְנ֣וּ	5414	HVqp3cp
Jer 48:34	קוֹלָ֔/ם	6963 a	HNcmsc/Sp3mp
Jer 48:34	מִ/צֹּ֨עַר֙	m/6820	HR/Np
Jer 48:34	עַד	5704	HR
Jer 48:34	חֹ֣רֹנַ֔יִם	2773	HNp
Jer 48:34	עֶגְלַ֖ת	5697 b	HNp
Jer 48:34	שְׁלִֽשִׁיָּ֑ה	7992	HNp
Jer 48:34	כִּ֚י	3588 a	HC
Jer 48:34	גַּם	1571	HTa
Jer 48:34	מֵ֣י	4325	HNcmpc
Jer 48:34	נִמְרִ֔ים	5249	HNp
Jer 48:34	לִ/מְשַׁמּ֖וֹת	l/4923	HR/Ncfpa
Jer 48:34	יִהְיֽוּ	1961	HVqi3mp
Jer 48:35	וְ/הִשְׁבַּתִּ֥י	c/7673 a	HC/Vhq1cs
Jer 48:35	לְ/מוֹאָ֖ב	l/4124	HR/Np
Jer 48:35	נְאֻם	5002	HNcmsc
Jer 48:35	יְהוָ֑ה	3068	HNp
Jer 48:35	מַעֲלֶ֣ה	5927	HVhrmsa
Jer 48:35	בָמָ֔ה	1116	HNcfsa
Jer 48:35	וּ/מַקְטִ֖יר	c/6999 a	HC/Vhrmsa
Jer 48:35	לֵ/אלֹהָֽי/ו	l/430	HR/Ncmpc/Sp3ms
Jer 48:36	עַל	5921 a	HR
Jer 48:36	כֵּ֞ן	3651 c	HTm
Jer 48:36	לִבִּ֤/י	3820 a	HNcmsc/Sp1cs
Jer 48:36	לְ/מוֹאָב֙	l/4124	HR/Np
Jer 48:36	כַּ/חֲלִלִ֣ים	k/2485	HR/Ncmpa
Jer 48:36	יֶהֱמֶ֔ה	1993	HVqi3ms
Jer 48:36	וְ/לִבִּ/י֙	c/3820 a	HC/Ncmsc/Sp1cs
Jer 48:36	אֶל	413	HR
Jer 48:36	אַנְשֵׁ֣י	376	HNcmpc
Jer 48:36	קִֽיר	7025+	HNp
Jer 48:36	חֶ֔רֶשׂ	7025	HNp
Jer 48:36	כַּ/חֲלִילִ֖ים	k/2485	HR/Ncmpa
Jer 48:36	יֶהֱמֶ֑ה	1993	HVqi3ms
Jer 48:36	עַל	5921 a	HR
Jer 48:36	כֵּ֛ן	3651 c	HTm
Jer 48:36	יִתְרַ֥ת	3502	HNcfsc
Jer 48:36	עָשָׂ֖ה	6213 a	HVqp3ms
Jer 48:36	אָבָֽדוּ	6	HVqp3cp
Jer 48:37	כִּ֤י	3588 a	HC
Jer 48:37	כָל	3605	HNcmsc
Jer 48:37	רֹאשׁ֙	7218 a	HNcmsa
Jer 48:37	קָרְחָ֔ה	7144	HNcfsa
Jer 48:37	וְ/כָל	c/3605	HC/Ncmsc
Jer 48:37	זָקָ֖ן	2206	HNcbsa
Jer 48:37	גְּרֻעָ֑ה	1639	HVqsfsa
Jer 48:37	עַ֤ל	5921 a	HR
Jer 48:37	כָּל	3605	HNcmsc
Jer 48:37	יָדַ֨יִם֙	3027	HNcbda
Jer 48:37	גְּדֻדֹ֔ת	1417	HNcfpa
Jer 48:37	וְ/עַל	c/5921 a	HC/R
Jer 48:37	מָתְנַ֖יִם	4975	HNcmda
Jer 48:37	שָֽׂק	8242	HNcmsa
Jer 48:38	עַ֣ל	5921 a	HR
Jer 48:38	כָּל	3605	HNcmsc
Jer 48:38	גַּגּ֥וֹת	1406	HNcmpc
Jer 48:38	מוֹאָ֛ב	4124	HNp
Jer 48:38	וּ/בִ/רְחֹבֹתֶ֖י/הָ	c/b/7339	HC/R/Ncfpc/Sp3fs
Jer 48:38	כֻּלֹּ֣/ה	3605	HNcmsc/Sp3ms
Jer 48:38	מִסְפֵּ֑ד	4553	HNcmsa
Jer 48:38	כִּֽי	3588 a	HC
Jer 48:38	שָׁבַ֣רְתִּי	7665	HVqp1cs
Jer 48:38	אֶת	853	HTo
Jer 48:38	מוֹאָ֗ב	4124	HNp
Jer 48:38	כִּ/כְלִ֛י	k/3627	HR/Ncmsa
Jer 48:38	אֵֽין	369	HTn
Jer 48:38	חֵ֥פֶץ	2656	HNcmsa
Jer 48:38	בּ֖/וֹ	b	HR/Sp3ms
Jer 48:38	נְאֻם	5002	HNcmsc
Jer 48:38	יְהוָֽה	3068	HNp
Jer 48:39	אֵ֥יךְ	349 a	HTi
Jer 48:39	חַ֨תָּה֙	2865	HVqp3fs
Jer 48:39	הֵילִ֔ילוּ	3213	HVhp3cp
Jer 48:39	אֵ֛יךְ	349 a	HTi
Jer 48:39	הִפְנָה	6437	HVhp3ms
Jer 48:39	עֹ֥רֶף	6203	HNcmsa
Jer 48:39	מוֹאָ֖ב	4124	HNp
Jer 48:39	בּ֑וֹשׁ	954	HVqc
Jer 48:39	וְ/הָיָ֥ה	c/1961	HC/Vqq3ms
Jer 48:39	מוֹאָ֛ב	4124	HNp
Jer 48:39	לִ/שְׂחֹ֥ק	l/7814	HR/Ncmsa
Jer 48:39	וְ/לִ/מְחִתָּ֖ה	c/l/4288	HC/R/Ncfsa
Jer 48:39	לְ/כָל	l/3605	HR/Ncmsc
Jer 48:39	סְבִיבָֽי/ו	5439	HNcbpc/Sp3ms
Jer 48:40	כִּי	3588 a	HC
Jer 48:40	כֹה֙	3541	HD
Jer 48:40	אָמַ֣ר	559	HVqp3ms
Jer 48:40	יְהוָ֔ה	3068	HNp
Jer 48:40	הִנֵּ֥ה	2009	HTm
Jer 48:40	כַ/נֶּ֖שֶׁר	k/5404	HRd/Ncmsa
Jer 48:40	יִדְאֶ֑ה	1675	HVqi3ms
Jer 48:40	וּ/פָרַ֥שׂ	c/6566	HC/Vqq3ms
Jer 48:40	כְּנָפָ֖י/ו	3671	HNcfpc/Sp3ms
Jer 48:40	אֶל	413	HR
Jer 48:40	מוֹאָֽב	4124	HNp
Jer 48:41	נִלְכְּדָה֙	3920	HVNp3fs
Jer 48:41	הַ/קְּרִיּ֔וֹת	d/7152	HTd/Ncfpa
Jer 48:41	וְ/הַ/מְּצָד֖וֹת	c/d/4679	HC/Td/Ncfpa
Jer 48:41	נִתְפָּ֑שָׂה	8610	HVNp3fs
Jer 48:41	וְֽ֠/הָיָה	c/1961	HC/Vqq3ms
Jer 48:41	לֵ֞ב	3820 a	HNcmsc
Jer 48:41	גִּבּוֹרֵ֤י	1368	HAampc
Jer 48:41	מוֹאָב֙	4124	HNp
Jer 48:41	בַּ/יּ֣וֹם	b/3117	HRd/Ncmsa
Jer 48:41	הַ/ה֔וּא	d/1931	HTd/Pp3ms
Jer 48:41	כְּ/לֵ֖ב	k/3820 a	HR/Ncmsc
Jer 48:41	אִשָּׁ֥ה	802	HNcfsa
Jer 48:41	מְצֵרָֽה	6887 c	HVhrfsa
Jer 48:42	וְ/נִשְׁמַ֥ד	c/8045	HC/VNq3ms
Jer 48:42	מוֹאָ֖ב	4124	HNp
Jer 48:42	מֵ/עָ֑ם	m/5971 a	HR/Ncmsa
Jer 48:42	כִּ֥י	3588 a	HC
Jer 48:42	עַל	5921 a	HR
Jer 48:42	יְהוָ֖ה	3068	HNp
Jer 48:42	הִגְדִּֽיל	1431	HVhp3ms
Jer 48:43	פַּ֥חַד	6343	HNcmsa
Jer 48:43	וָ/פַ֖חַת	c/6354	HC/Ncmsa
Jer 48:43	וָ/פָ֑ח	c/6341 a	HC/Ncmsa
Jer 48:43	עָלֶ֛י/ךָ	5921 a	HR/Sp2ms
Jer 48:43	יוֹשֵׁ֥ב	3427	HVqrmsc
Jer 48:43	מוֹאָ֖ב	4124	HNp
Jer 48:43	נְאֻם	5002	HNcmsc
Jer 48:43	יְהוָֽה	3068	HNp
Jer 48:44	ה/ניס	d/5211	HTd/Vqrmsa
Jer 48:44	מִ/פְּנֵ֤י	m/6440	HR/Ncbpc
Jer 48:44	הַ/פַּ֨חַד֙	d/6343	HTd/Ncmsa
Jer 48:44	יִפֹּ֣ל	5307	HVqi3ms
Jer 48:44	אֶל	413	HR
Jer 48:44	הַ/פַּ֔חַת	d/6354	HTd/Ncmsa
Jer 48:44	וְ/הָֽ/עֹלֶה֙	c/d/5927	HC/Td/Vqrmsa
Jer 48:44	מִן	4480 a	HR
Jer 48:44	הַ/פַּ֔חַת	d/6354	HTd/Ncmsa
Jer 48:44	יִלָּכֵ֖ד	3920	HVNi3ms
Jer 48:44	בַּ/פָּ֑ח	b/6341 a	HRd/Ncmsa
Jer 48:44	כִּֽי	3588 a	HC
Jer 48:44	אָבִ֨יא	935	HVhi1cs
Jer 48:44	אֵלֶ֧י/הָ	413	HR/Sp3fs
Jer 48:44	אֶל	413	HR
Jer 48:44	מוֹאָ֛ב	4124	HNp
Jer 48:44	שְׁנַ֥ת	8141	HNcfsc
Jer 48:44	פְּקֻדָּתָ֖/ם	6486	HNcfsc/Sp3mp
Jer 48:44	נְאֻם	5002	HNcmsc
Jer 48:44	יְהוָֽה	3068	HNp
Jer 48:45	בְּ/צֵ֥ל	b/6738	HR/Ncmsc
Jer 48:45	חֶשְׁבּ֛וֹן	2809	HNp
Jer 48:45	עָמְד֖וּ	5975	HVqp3cp
Jer 48:45	מִ/כֹּ֣חַ	m/3581 b	HR/Ncmsa
Jer 48:45	נָסִ֑ים	5127	HVqrmpa
Jer 48:45	כִּֽי	3588 a	HC
Jer 48:45	אֵ֞שׁ	784	HNcbsa
Jer 48:45	יָצָ֣א	3318	HVqp3ms
Jer 48:45	מֵ/חֶשְׁבּ֗וֹן	m/2809	HR/Np
Jer 48:45	וְ/לֶֽהָבָה֙	c/3852	HC/Ncfsa
Jer 48:45	מִ/בֵּ֣ין	m/996	HR/R
Jer 48:45	סִיח֔וֹן	5511	HNp
Jer 48:45	וַ/תֹּ֨אכַל֙	c/398	HC/Vqw3fs
Jer 48:45	פְּאַ֣ת	6285	HNcfsc
Jer 48:45	מוֹאָ֔ב	4124	HNp
Jer 48:45	וְ/קָדְקֹ֖ד	c/6936	HC/Ncmsc
Jer 48:45	בְּנֵ֥י	1121 a	HNcmpc
Jer 48:45	שָׁאֽוֹן	7588	HNcmsa
Jer 48:46	אוֹי	188	HTj
Jer 48:46	לְ/ךָ֣	l	HR/Sp2ms
Jer 48:46	מוֹאָ֔ב	4124	HNp
Jer 48:46	אָבַ֖ד	6	HVqp3ms
Jer 48:46	עַם	5971 a	HNcmsc
Jer 48:46	כְּמ֑וֹשׁ	3645	HNp
Jer 48:46	כִּֽי	3588 a	HC
Jer 48:46	לֻקְּח֤וּ	3947	HVPp3cp
Jer 48:46	בָנֶ֨י/ךָ֙	1121 a	HNcmpc/Sp2ms
Jer 48:46	בַּ/שֶּׁ֔בִי	b/7628 a	HRd/Ncbsa
Jer 48:46	וּ/בְנֹתֶ֖י/ךָ	c/1323	HC/Ncfpc/Sp2ms
Jer 48:46	בַּ/שִּׁבְיָֽה	b/7633	HRd/Ncbsa
Jer 48:47	וְ/שַׁבְתִּ֧י	c/7725	HC/Vqq1cs
Jer 48:47	שְׁבוּת	7622	HNcfsc
Jer 48:47	מוֹאָ֛ב	4124	HNp
Jer 48:47	בְּ/אַחֲרִ֥ית	b/319	HR/Ncfsc
Jer 48:47	הַ/יָּמִ֖ים	d/3117	HTd/Ncmpa
Jer 48:47	נְאֻם	5002	HNcmsc
Jer 48:47	יְהוָ֑ה	3068	HNp
Jer 48:47	עַד	5704	HR
Jer 48:47	הֵ֖נָּה	2008	HD
Jer 48:47	מִשְׁפַּ֥ט	4941	HNcmsc
Jer 48:47	מוֹאָֽב	4124	HNp
Jer 49:1	לִ/בְנֵ֣י	l/1121 a	HR/Ncmpc
Jer 49:1	עַמּ֗וֹן	5983	HNp
Jer 49:1	כֹּ֚ה	3541	HD
Jer 49:1	אָמַ֣ר	559	HVqp3ms
Jer 49:1	יְהוָ֔ה	3068	HNp
Jer 49:1	הֲ/בָנִ֥ים	i/1121 a	HTi/Ncmpa
Jer 49:1	אֵין֙	369	HTn
Jer 49:1	לְ/יִשְׂרָאֵ֔ל	l/3478	HR/Np
Jer 49:1	אִם	518 a	HC
Jer 49:1	יוֹרֵ֖שׁ	3423	HVqrmsa
Jer 49:1	אֵ֣ין	369	HTn
Jer 49:1	ל֑/וֹ	l	HR/Sp3ms
Jer 49:1	מַדּ֗וּעַ	4069	HTi
Jer 49:1	יָרַ֤שׁ	3423	HVqp3ms
Jer 49:1	מַלְכָּ/ם֙	4428	HNcmsc/Sp3mp
Jer 49:1	אֶת	853	HTo
Jer 49:1	גָּ֔ד	1410	HNp
Jer 49:1	וְ/עַמּ֖/וֹ	c/5971 a	HC/Ncmsc/Sp3ms
Jer 49:1	בְּ/עָרָ֥י/ו	b/5892 b	HR/Ncfpc/Sp3ms
Jer 49:1	יָשָֽׁב	3427	HVqp3ms
Jer 49:2	לָ/כֵ֡ן	l/3651 c	HR/D
Jer 49:2	הִנֵּה֩	2009	HTm
Jer 49:2	יָמִ֨ים	3117	HNcmpa
Jer 49:2	בָּאִ֜ים	935	HVqrmpa
Jer 49:2	נְאֻם	5002	HNcmsc
Jer 49:2	יְהוָ֗ה	3068	HNp
Jer 49:2	וְ֠/הִשְׁמַעְתִּי	c/8085	HC/Vhq1cs
Jer 49:2	אֶל	413	HR
Jer 49:2	רַבַּ֨ת	7237	HNp
Jer 49:2	בְּנֵי	1121 a	HNcmpc
Jer 49:2	עַמּ֜וֹן	5983	HNp
Jer 49:2	תְּרוּעַ֣ת	8643	HNcfsc
Jer 49:2	מִלְחָמָ֗ה	4421	HNcfsa
Jer 49:2	וְ/הָֽיְתָה֙	c/1961	HC/Vqq3fs
Jer 49:2	לְ/תֵ֣ל	l/8510	HR/Ncmsc
Jer 49:2	שְׁמָמָ֔ה	8077 a	HNcfsa
Jer 49:2	וּ/בְנֹתֶ֖י/הָ	c/1323	HC/Ncfpc/Sp3fs
Jer 49:2	בָּ/אֵ֣שׁ	b/784	HRd/Ncbsa
Jer 49:2	תִּצַּ֑תְנָה	3341	HVqi3fp
Jer 49:2	וְ/יָרַ֧שׁ	c/3423	HC/Vqq3ms
Jer 49:2	יִשְׂרָאֵ֛ל	3478	HNp
Jer 49:2	אֶת	853	HTo
Jer 49:2	יֹרְשָׁ֖י/ו	3423	HVqrmpc/Sp3ms
Jer 49:2	אָמַ֥ר	559	HVqp3ms
Jer 49:2	יְהוָֽה	3068	HNp
Jer 49:3	הֵילִ֨ילִי	3213	HVhv2fs
Jer 49:3	חֶשְׁבּ֜וֹן	2809	HNp
Jer 49:3	כִּ֣י	3588 a	HC
Jer 49:3	שֻׁדְּדָה	7703	HVPp3fs
Jer 49:3	עַ֗י	5857	HNp
Jer 49:3	צְעַקְנָה֮	6817	HVqv2fp
Jer 49:3	בְּנ֣וֹת	1323	HNcfpc
Jer 49:3	רַבָּה֒	7237	HNp
Jer 49:3	חֲגֹ֣רְנָה	2296	HVqv2fp
Jer 49:3	שַׂקִּ֔ים	8242	HNcmpa
Jer 49:3	סְפֹ֕דְנָה	5594	HVqv2fp
Jer 49:3	וְ/הִתְשׁוֹטַ֖טְנָה	c/7751 a	HC/Vrv2fp
Jer 49:3	בַּ/גְּדֵר֑וֹת	b/1448	HRd/Ncfpa
Jer 49:3	כִּ֤י	3588 a	HC
Jer 49:3	מַלְכָּ/ם֙	4428	HNcmsc/Sp3mp
Jer 49:3	בַּ/גּוֹלָ֣ה	b/1473	HRd/Ncfsa
Jer 49:3	יֵלֵ֔ךְ	3212	HVqi3ms
Jer 49:3	כֹּהֲנָ֥י/ו	3548	HNcmpc/Sp3ms
Jer 49:3	וְ/שָׂרָ֖י/ו	c/8269	HC/Ncmpc/Sp3ms
Jer 49:3	יַחְדָּֽיו	3162 b	HD
Jer 49:4	מַה	4100	HTi
Jer 49:4	תִּתְהַֽלְלִי֙	1984 b	HVti2fs
Jer 49:4	בָּֽ/עֲמָקִ֔ים	b/6010	HRd/Ncmpa
Jer 49:4	זָ֣ב	2100	HVqrmsa
Jer 49:4	עִמְקֵ֔/ךְ	6010	HNcmsc/Sp2fs
Jer 49:4	הַ/בַּ֖ת	d/1323	HTd/Ncfsa
Jer 49:4	הַ/שּֽׁוֹבֵבָ֑ה	d/7728	HTd/Aafsa
Jer 49:4	הַ/בֹּֽטְחָה֙	d/982	HTd/Vqrfsa
Jer 49:4	בְּ/אֹ֣צְרֹתֶ֔י/הָ	b/214	HR/Ncmpc/Sp3fs
Jer 49:4	מִ֖י	4310	HTi
Jer 49:4	יָב֥וֹא	935	HVqi3ms
Jer 49:4	אֵלָֽ/י	413	HR/Sp1cs
Jer 49:5	הִנְ/נִי֩	2005	HTm/Sp1cs
Jer 49:5	מֵבִ֨יא	935	HVhrmsa
Jer 49:5	עָלַ֜יִ/ךְ	5921 a	HR/Sp2fs
Jer 49:5	פַּ֗חַד	6343	HNcmsa
Jer 49:5	נְאֻם	5002	HNcmsc
Jer 49:5	אֲדֹנָ֧/י	136	HNcmpc/Sp1cs
Jer 49:5	יְהוִ֛ה	3069	HNp
Jer 49:5	צְבָא֖וֹת	6635 b	HNcbpa
Jer 49:5	מִ/כָּל	m/3605	HR/Ncmsc
Jer 49:5	סְבִיבָ֑יִ/ךְ	5439	HNcbpc/Sp2fs
Jer 49:5	וְ/נִדַּחְתֶּם֙	c/5080	HC/VNq2mp
Jer 49:5	אִ֣ישׁ	376	HNcmsa
Jer 49:5	לְ/פָנָ֔י/ו	l/6440	HR/Ncbpc/Sp3ms
Jer 49:5	וְ/אֵ֥ין	c/369	HC/Tn
Jer 49:5	מְקַבֵּ֖ץ	6908	HVprmsa
Jer 49:5	לַ/נֹּדֵֽד	l/5074	HRd/Vqrmsa
Jer 49:6	וְ/אַחֲרֵי	c/310 a	HC/R
Jer 49:6	כֵ֗ן	3651 c	HD
Jer 49:6	אָשִׁ֛יב	7725	HVhi1cs
Jer 49:6	אֶת	853	HTo
Jer 49:6	שְׁב֥וּת	7622	HNcfsc
Jer 49:6	בְּנֵֽי	1121 a	HNcmpc
Jer 49:6	עַמּ֖וֹן	5983	HNp
Jer 49:6	נְאֻם	5002	HNcmsc
Jer 49:6	יְהוָֽה	3068	HNp
Jer 49:7	לֶ/אֱד֗וֹם	l/123	HR/Np
Jer 49:7	כֹּ֤ה	3541	HD
Jer 49:7	אָמַר֙	559	HVqp3ms
Jer 49:7	יְהוָ֣ה	3068	HNp
Jer 49:7	צְבָא֔וֹת	6635 b	HNcbpa
Jer 49:7	הַ/אֵ֥ין	i/369	HTi/Tn
Jer 49:7	ע֛וֹד	5750	HD
Jer 49:7	חָכְמָ֖ה	2451	HNcfsa
Jer 49:7	בְּ/תֵימָ֑ן	b/8487	HR/Np
Jer 49:7	אָבְדָ֤ה	6	HVqp3fs
Jer 49:7	עֵצָה֙	6098	HNcfsa
Jer 49:7	מִ/בָּנִ֔ים	m/995	HR/Vqrmpa
Jer 49:7	נִסְרְחָ֖ה	5628	HVNp3fs
Jer 49:7	חָכְמָתָֽ/ם	2451	HNcfsc/Sp3mp
Jer 49:8	נֻ֤סוּ	5127	HVqv2mp
Jer 49:8	הָפְנוּ֙	6437	HVHv2mp
Jer 49:8	הֶעְמִ֣יקוּ	6009	HVhv2mp
Jer 49:8	לָ/שֶׁ֔בֶת	l/3427	HR/Vqc
Jer 49:8	יֹשְׁבֵ֖י	3427	HVqrmpc
Jer 49:8	דְּדָ֑ן	1719 a	HNp
Jer 49:8	כִּ֣י	3588 a	HC
Jer 49:8	אֵ֥יד	343	HNcmsc
Jer 49:8	עֵשָׂ֛ו	6215	HNp
Jer 49:8	הֵבֵ֥אתִי	935	HVhp1cs
Jer 49:8	עָלָ֖י/ו	5921 a	HR/Sp3ms
Jer 49:8	עֵ֥ת	6256	HNcbsa
Jer 49:8	פְּקַדְתִּֽי/ו	6485 a	HVqp1cs/Sp3ms
Jer 49:9	אִם	518 a	HC
Jer 49:9	בֹּֽצְרִים֙	1219	HVqrmpa
Jer 49:9	בָּ֣אוּ	935	HVqp3cp
Jer 49:9	לָ֔/ךְ	l	HR/Sp2fs
Jer 49:9	לֹ֥א	3808	HTn
Jer 49:9	יַשְׁאִ֖רוּ	7604	HVhi3mp
Jer 49:9	עֽוֹלֵל֑וֹת	5955	HNcfpa
Jer 49:9	אִם	518 a	HC
Jer 49:9	גַּנָּבִ֥ים	1590	HNcmpa
Jer 49:9	בַּ/לַּ֖יְלָה	b/3915	HRd/Ncmsa
Jer 49:9	הִשְׁחִ֥יתוּ	7843	HVhp3cp
Jer 49:9	דַיָּֽ/ם	1767	HNcmsc/Sp3mp
Jer 49:10	כִּֽי	3588 a	HC
Jer 49:10	אֲנִ֞י	589	HPp1cs
Jer 49:10	חָשַׂ֣פְתִּי	2834	HVqp1cs
Jer 49:10	אֶת	853	HTo
Jer 49:10	עֵשָׂ֗ו	6215	HNp
Jer 49:10	גִּלֵּ֨יתִי֙	1540	HVpp1cs
Jer 49:10	אֶת	853	HTo
Jer 49:10	מִסְתָּרָ֔י/ו	4565	HNcmpc/Sp3ms
Jer 49:10	וְ/נֶחְבָּ֖ה	c/2247	HC/VNq3ms
Jer 49:10	לֹ֣א	3808	HTn
Jer 49:10	יוּכָ֑ל	3201	HVqi3ms
Jer 49:10	שֻׁדַּ֥ד	7703	HVPp3ms
Jer 49:10	זַרְע֛/וֹ	2233	HNcmsc/Sp3ms
Jer 49:10	וְ/אֶחָ֥י/ו	c/251	HC/Ncmpc/Sp3ms
Jer 49:10	וּ/שְׁכֵנָ֖י/ו	c/7934	HC/Aampc/Sp3ms
Jer 49:10	וְ/אֵינֶֽ/נּוּ	c/369	HC/Tn/Sp3ms
Jer 49:11	עָזְבָ֥/ה	5800 a	HVqv2ms/Sh
Jer 49:11	יְתֹמֶ֖י/ךָ	3490	HNcmpc/Sp2ms
Jer 49:11	אֲנִ֣י	589	HPp1cs
Jer 49:11	אֲחַיֶּ֑ה	2421	HVpi1cs
Jer 49:11	וְ/אַלְמְנֹתֶ֖י/ךָ	c/490	HC/Ncfpc/Sp2ms
Jer 49:11	עָלַ֥/י	5921 a	HR/Sp1cs
Jer 49:11	תִּבְטָֽחוּ	982	HVqj3fp
Jer 49:12	כִּי	3588 a	HC
Jer 49:12	כֹ֣ה	3541	HD
Jer 49:12	אָמַ֣ר	559	HVqp3ms
Jer 49:12	יְהוָ֗ה	3068	HNp
Jer 49:12	הִ֠נֵּה	2009	HTm
Jer 49:12	אֲשֶׁר	834 a	HTr
Jer 49:12	אֵ֨ין	369	HTn
Jer 49:12	מִשְׁפָּטָ֜/ם	4941	HNcmsc/Sp3mp
Jer 49:12	לִ/שְׁתּ֤וֹת	l/8354	HR/Vqc
Jer 49:12	הַ/כּוֹס֙	d/3563 a	HTd/Ncfsa
Jer 49:12	שָׁת֣וֹ	8354	HVqa
Jer 49:12	יִשְׁתּ֔וּ	8354	HVqi3mp
Jer 49:12	וְ/אַתָּ֣ה	c/859 a	HC/Pp2ms
Jer 49:12	ה֔וּא	1931	HPp3ms
Jer 49:12	נָקֹ֖ה	5352	HVqa
Jer 49:12	תִּנָּקֶ֑ה	5352	HVNi2ms
Jer 49:12	לֹ֣א	3808	HTn
Jer 49:12	תִנָּקֶ֔ה	5352	HVNi2ms
Jer 49:12	כִּ֥י	3588 a	HC
Jer 49:12	שָׁתֹ֖ה	8354	HVqa
Jer 49:12	תִּשְׁתֶּֽה	8354	HVqi2ms
Jer 49:13	כִּ֣י	3588 a	HC
Jer 49:13	בִ֤/י	b	HR/Sp1cs
Jer 49:13	נִשְׁבַּ֨עְתִּי֙	7650	HVNp1cs
Jer 49:13	נְאֻם	5002	HNcmsc
Jer 49:13	יְהוָ֔ה	3068	HNp
Jer 49:13	כִּֽי	3588 a	HC
Jer 49:13	לְ/שַׁמָּ֧ה	l/8047	HR/Ncfsa
Jer 49:13	לְ/חֶרְפָּ֛ה	l/2781	HR/Ncfsa
Jer 49:13	לְ/חֹ֥רֶב	l/2721 b	HR/Ncmsa
Jer 49:13	וְ/לִ/קְלָלָ֖ה	c/l/7045	HC/R/Ncfsa
Jer 49:13	תִּֽהְיֶ֣ה	1961	HVqi3fs
Jer 49:13	בָצְרָ֑ה	1224	HNp
Jer 49:13	וְ/כָל	c/3605	HC/Ncmsc
Jer 49:13	עָרֶ֥י/הָ	5892 b	HNcfpc/Sp3fs
Jer 49:13	תִהְיֶ֖ינָה	1961	HVqi3fp
Jer 49:13	לְ/חָרְב֥וֹת	l/2723	HR/Ncfpc
Jer 49:13	עוֹלָֽם	5769	HNcmsa
Jer 49:14	שְׁמוּעָ֤ה	8052	HNcfsa
Jer 49:14	שָׁמַ֨עְתִּי֙	8085	HVqp1cs
Jer 49:14	מֵ/אֵ֣ת	m/854	HR/R
Jer 49:14	יְהוָ֔ה	3068	HNp
Jer 49:14	וְ/צִ֖יר	c/6735 a	HC/Ncmsa
Jer 49:14	בַּ/גּוֹיִ֣ם	b/1471 a	HRd/Ncmpa
Jer 49:14	שָׁל֑וּחַ	7971	HVqsmsa
Jer 49:14	הִֽתְקַבְּצוּ֙	6908	HVtp3cp
Jer 49:14	וּ/בֹ֣אוּ	c/935	HC/Vqv2mp
Jer 49:14	עָלֶ֔י/הָ	5921 a	HR/Sp3fs
Jer 49:14	וְ/ק֖וּמוּ	c/6965 b	HC/Vqv2mp
Jer 49:14	לַ/מִּלְחָמָֽה	l/4421	HRd/Ncfsa
Jer 49:15	כִּֽי	3588 a	HC
Jer 49:15	הִנֵּ֥ה	2009	HTm
Jer 49:15	קָטֹ֛ן	6996 b	HAamsa
Jer 49:15	נְתַתִּ֖י/ךָ	5414	HVqp1cs/Sp2ms
Jer 49:15	בַּ/גּוֹיִ֑ם	b/1471 a	HRd/Ncmpa
Jer 49:15	בָּז֖וּי	959	HVqsmsa
Jer 49:15	בָּ/אָדָֽם	b/120	HRd/Ncmsa
Jer 49:16	תִּֽפְלַצְתְּ/ךָ֞	8606	HNcfsc/Sp2ms
Jer 49:16	הִשִּׁ֤יא	5377	HVhp3ms
Jer 49:16	אֹתָ/ךְ֙	853	HTo/Sp2fs
Jer 49:16	זְד֣וֹן	2087	HNcmsc
Jer 49:16	לִבֶּ֔/ךָ	3820 a	HNcmsc/Sp2ms
Jer 49:16	שֹֽׁכְנִי֙	7931	HVqrmsc
Jer 49:16	בְּ/חַגְוֵ֣י	b/2288	HR/Ncmpc
Jer 49:16	הַ/סֶּ֔לַע	d/5553	HTd/Ncmsa
Jer 49:16	תֹּפְשִׂ֖י	8610	HVqrmsc
Jer 49:16	מְר֣וֹם	4791	HNcmsc
Jer 49:16	גִּבְעָ֑ה	1389	HNcfsa
Jer 49:16	כִּֽי	3588 a	HC
Jer 49:16	תַגְבִּ֤יהַ	1361	HVhi2ms
Jer 49:16	כַּ/נֶּ֨שֶׁר֙	k/5404	HRd/Ncmsa
Jer 49:16	קִנֶּ֔/ךָ	7064	HNcmsc/Sp2ms
Jer 49:16	מִ/שָּׁ֥ם	m/8033	HR/D
Jer 49:16	אֽוֹרִידְ/ךָ֖	3381	HVhi1cs/Sp2ms
Jer 49:16	נְאֻם	5002	HNcmsc
Jer 49:16	יְהוָֽה	3068	HNp
Jer 49:17	וְ/הָיְתָ֥ה	c/1961	HC/Vqq3fs
Jer 49:17	אֱד֖וֹם	123	HNp
Jer 49:17	לְ/שַׁמָּ֑ה	l/8047	HR/Ncfsa
Jer 49:17	כֹּ֚ל	3605	HNcmsc
Jer 49:17	עֹבֵ֣ר	5674 a	HVqrmsa
Jer 49:17	עָלֶ֔י/הָ	5921 a	HR/Sp3fs
Jer 49:17	יִשֹּׁ֥ם	8074	HVqi3ms
Jer 49:17	וְ/יִשְׁרֹ֖ק	c/8319	HC/Vqi3ms
Jer 49:17	עַל	5921 a	HR
Jer 49:17	כָּל	3605	HNcmsc
Jer 49:17	מַכּוֹתֶֽ/הָ	4347	HNcfpc/Sp3fs
Jer 49:18	כְּֽ/מַהְפֵּכַ֞ת	k/4114	HR/Ncfsc
Jer 49:18	סְדֹ֧ם	5467	HNp
Jer 49:18	וַ/עֲמֹרָ֛ה	c/6017	HC/Np
Jer 49:18	וּ/שְׁכֵנֶ֖י/הָ	c/7934	HC/Aampc/Sp3fs
Jer 49:18	אָמַ֣ר	559	HVqp3ms
Jer 49:18	יְהוָ֑ה	3068	HNp
Jer 49:18	לֹֽא	3808	HTn
Jer 49:18	יֵשֵׁ֥ב	3427	HVqi3ms
Jer 49:18	שָׁם֙	8033	HD
Jer 49:18	אִ֔ישׁ	376	HNcmsa
Jer 49:18	וְ/לֹֽא	c/3808	HC/Tn
Jer 49:18	יָג֥וּר	1481 a	HVqi3ms
Jer 49:18	בָּ֖/הּ	b	HR/Sp3fs
Jer 49:18	בֶּן	1121 a	HNcmsc
Jer 49:18	אָדָֽם	120	HNcmsa
Jer 49:19	הִ֠נֵּה	2009	HTm
Jer 49:19	כְּ/אַרְיֵ֞ה	k/738 b	HR/Ncmsa
Jer 49:19	יַעֲלֶ֨ה	5927	HVqi3ms
Jer 49:19	מִ/גְּא֣וֹן	m/1347	HR/Ncmsc
Jer 49:19	הַ/יַּרְדֵּן֮	d/3383	HTd/Np
Jer 49:19	אֶל	413	HR
Jer 49:19	נְוֵ֣ה	5116 a	HNcbsc
Jer 49:19	אֵיתָן֒	386	HAamsa
Jer 49:19	כִּֽי	3588 a	HC
Jer 49:19	אַרְגִּ֤יעָה	7280 a	HVhh1cs
Jer 49:19	אֲרִיצֶ֨/נּוּ	7323	HVhi1cs/Sp3ms
Jer 49:19	מֵֽ/עָלֶ֔י/הָ	m/5921 a	HR/R/Sp3fs
Jer 49:19	וּ/מִ֥י	c/4310	HC/Ti
Jer 49:19	בָח֖וּר	977	HVQsmsa
Jer 49:19	אֵלֶ֣י/הָ	413	HR/Sp3fs
Jer 49:19	אֶפְקֹ֑ד	6485 a	HVqi1cs
Jer 49:19	כִּ֣י	3588 a	HC
Jer 49:19	מִ֤י	4310	HTi
Jer 49:19	כָמ֨וֹ/נִי֙	3644	HR/Sp1cs
Jer 49:19	וּ/מִ֣י	c/4310	HC/Ti
Jer 49:19	יֹעִידֶ֔/נִּי	3259	HVhi3ms/Sp1cs
Jer 49:19	וּ/מִי	c/4310	HC/Ti
Jer 49:19	זֶ֣ה	2088	HPdxms
Jer 49:19	רֹעֶ֔ה	7462 b	HVqrmsa
Jer 49:19	אֲשֶׁ֥ר	834 a	HTr
Jer 49:19	יַעֲמֹ֖ד	5975	HVqi3ms
Jer 49:19	לְ/פָנָֽ/י	l/6440	HR/Ncbpc/Sp1cs
Jer 49:20	לָ/כֵ֞ן	l/3651 c	HR/D
Jer 49:20	שִׁמְע֣וּ	8085	HVqv2mp
Jer 49:20	עֲצַת	6098	HNcfsc
Jer 49:20	יְהוָ֗ה	3068	HNp
Jer 49:20	אֲשֶׁ֤ר	834 a	HTr
Jer 49:20	יָעַץ֙	3289	HVqp3ms
Jer 49:20	אֶל	413	HR
Jer 49:20	אֱד֔וֹם	123	HNp
Jer 49:20	וּ/מַ֨חְשְׁבוֹתָ֔י/ו	c/4284	HC/Ncfpc/Sp3ms
Jer 49:20	אֲשֶׁ֥ר	834 a	HTr
Jer 49:20	חָשַׁ֖ב	2803	HVqp3ms
Jer 49:20	אֶל	413	HR
Jer 49:20	יֹשְׁבֵ֣י	3427	HVqrmpc
Jer 49:20	תֵימָ֑ן	8487	HNp
Jer 49:20	אִם	518 a	HC
Jer 49:20	לֹ֤א	3808	HTn
Jer 49:20	יִסְחָבוּ/ם֙	5498	HVqi3mp/Sp3mp
Jer 49:20	צְעִירֵ֣י	6810	HAampc
Jer 49:20	הַ/צֹּ֔אן	d/6629	HTd/Ncbsa
Jer 49:20	אִם	518 a	HC
Jer 49:20	לֹ֥א	3808	HTn
Jer 49:20	יַשִּׁ֛ים	8074	HVhi3ms
Jer 49:20	עֲלֵי/הֶ֖ם	5921 a	HR/Sp3mp
Jer 49:20	נְוֵ/הֶֽם	5116 a	HNcbsc/Sp3mp
Jer 49:21	מִ/קּ֣וֹל	m/6963 a	HR/Ncmsc
Jer 49:21	נִפְלָ֔/ם	5307	HVqc/Sp3mp
Jer 49:21	רָעֲשָׁ֖ה	7493	HVqp3fs
Jer 49:21	הָ/אָ֑רֶץ	d/776	HTd/Ncbsa
Jer 49:21	צְעָקָ֕ה	6818	HNcfsa
Jer 49:21	בְּ/יַם	b/3220	HR/Ncmsc
Jer 49:21	ס֖וּף	5488	HNcmsa
Jer 49:21	נִשְׁמַ֥ע	8085	HVNp3ms
Jer 49:21	קוֹלָֽ/הּ	6963 a	HNcmsc/Sp3fs
Jer 49:22	הִנֵּ֤ה	2009	HTm
Jer 49:22	כַ/נֶּ֨שֶׁר֙	k/5404	HRd/Ncmsa
Jer 49:22	יַעֲלֶ֣ה	5927	HVqi3ms
Jer 49:22	וְ/יִדְאֶ֔ה	c/1675	HC/Vqi3ms
Jer 49:22	וְ/יִפְרֹ֥שׂ	c/6566	HC/Vqi3ms
Jer 49:22	כְּנָפָ֖י/ו	3671	HNcfpc/Sp3ms
Jer 49:22	עַל	5921 a	HR
Jer 49:22	בָּצְרָ֑ה	1224	HNp
Jer 49:22	וְֽ֠/הָיָה	c/1961	HC/Vqq3ms
Jer 49:22	לֵ֞ב	3820 a	HNcmsc
Jer 49:22	גִּבּוֹרֵ֤י	1368	HAampc
Jer 49:22	אֱדוֹם֙	123	HNp
Jer 49:22	בַּ/יּ֣וֹם	b/3117	HRd/Ncmsa
Jer 49:22	הַ/ה֔וּא	d/1931	HTd/Pp3ms
Jer 49:22	כְּ/לֵ֖ב	k/3820 a	HR/Ncmsc
Jer 49:22	אִשָּׁ֥ה	802	HNcfsa
Jer 49:22	מְצֵרָֽה	6887 c	HVhrfsa
Jer 49:23	לְ/דַמֶּ֗שֶׂק	l/1834	HR/Np
Jer 49:23	בּ֤וֹשָֽׁה	954	HVqp3fs
Jer 49:23	חֲמָת֙	2574	HNp
Jer 49:23	וְ/אַרְפָּ֔ד	c/774	HC/Np
Jer 49:23	כִּי	3588 a	HC
Jer 49:23	שְׁמֻעָ֥ה	8052	HNcfsa
Jer 49:23	רָעָ֛ה	7451 a	HAafsa
Jer 49:23	שָׁמְע֖וּ	8085	HVqp3cp
Jer 49:23	נָמֹ֑גוּ	4127	HVNp3cp
Jer 49:23	בַּ/יָּ֣ם	b/3220	HRd/Ncmsa
Jer 49:23	דְּאָגָ֔ה	1674	HNcfsa
Jer 49:23	הַשְׁקֵ֖ט	8252	HVha
Jer 49:23	לֹ֥א	3808	HTn
Jer 49:23	יוּכָֽל	3201	HVqi3ms
Jer 49:24	רָפְתָ֥ה	7503	HVqp3fs
Jer 49:24	דַמֶּ֛שֶׂק	1834	HNp
Jer 49:24	הִפְנְתָ֥ה	6437	HVhp3fs
Jer 49:24	לָ/נ֖וּס	l/5127	HR/Vqc
Jer 49:24	וְ/רֶ֣טֶט	c/7374	HC/Ncmsa
Jer 49:24	הֶחֱזִ֑יקָה	2388	HVhp3fs
Jer 49:24	צָרָ֧ה	6869 b	HNcfsa
Jer 49:24	וַ/חֲבָלִ֛ים	c/2256 b	HC/Ncmpa
Jer 49:24	אֲחָזַ֖תָּ/ה	270	HVqp3fs/Sp3fs
Jer 49:24	כַּ/יּוֹלֵדָֽה	k/3205	HRd/Vqrfsa
Jer 49:25	אֵ֥יךְ	349 a	HTi
Jer 49:25	לֹֽא	3808	HTn
Jer 49:25	עֻזְּבָ֖ה	5800 a	HVQp3fs
Jer 49:25	עִ֣יר	5892 b	HNcfsc
Jer 49:25	תהלה	8416	HNcfsa
Jer 49:25	קִרְיַ֖ת	7151	HNcfsc
Jer 49:25	מְשׂוֹשִֽׂ/י	4885	HNcmsc/Sp1cs
Jer 49:26	לָ/כֵ֛ן	l/3651 c	HR/D
Jer 49:26	יִפְּל֥וּ	5307	HVqi3mp
Jer 49:26	בַחוּרֶ֖י/הָ	970	HNcmpc/Sp3fs
Jer 49:26	בִּ/רְחֹבֹתֶ֑י/הָ	b/7339	HR/Ncfpc/Sp3fs
Jer 49:26	וְ/כָל	c/3605	HC/Ncmsc
Jer 49:26	אַנְשֵׁ֨י	376	HNcmpc
Jer 49:26	הַ/מִּלְחָמָ֤ה	d/4421	HTd/Ncfsa
Jer 49:26	יִדַּ֨מּוּ֙	1826 a	HVNi3mp
Jer 49:26	בַּ/יּ֣וֹם	b/3117	HRd/Ncmsa
Jer 49:26	הַ/ה֔וּא	d/1931	HTd/Pp3ms
Jer 49:26	נְאֻ֖ם	5002	HNcmsc
Jer 49:26	יְהוָ֥ה	3068	HNp
Jer 49:26	צְבָאֽוֹת	6635 b	HNcbpa
Jer 49:27	וְ/הִצַּ֥תִּי	c/3341	HC/Vhq1cs
Jer 49:27	אֵ֖שׁ	784	HNcbsa
Jer 49:27	בְּ/חוֹמַ֣ת	b/2346	HR/Ncfsc
Jer 49:27	דַּמָּ֑שֶׂק	1834	HNp
Jer 49:27	וְ/אָכְלָ֖ה	c/398	HC/Vqq3fs
Jer 49:27	אַרְמְנ֥וֹת	759	HNcmpc
Jer 49:27	בֶּן	1130+	HNp
Jer 49:27	הֲדָֽד	1130	HNp
Jer 49:28	לְ/קֵדָ֣ר	l/6938	HR/Np
Jer 49:28	וּֽ/לְ/מַמְלְכ֣וֹת	c/l/4467	HC/R/Ncfpc
Jer 49:28	חָצ֗וֹר	2674	HNp
Jer 49:28	אֲשֶׁ֤ר	834 a	HTr
Jer 49:28	הִכָּה֙	5221	HVhp3ms
Jer 49:28	נבוכדראצור	5019	HNp
Jer 49:28	מֶֽלֶךְ	4428	HNcmsc
Jer 49:28	בָּבֶ֔ל	894	HNp
Jer 49:28	כֹּ֖ה	3541	HD
Jer 49:28	אָמַ֣ר	559	HVqp3ms
Jer 49:28	יְהוָ֑ה	3068	HNp
Jer 49:28	ק֚וּמוּ	6965 b	HVqv2mp
Jer 49:28	עֲל֣וּ	5927	HVqv2mp
Jer 49:28	אֶל	413	HR
Jer 49:28	קֵדָ֔ר	6938	HNp
Jer 49:28	וְ/שָׁדְד֖וּ	c/7703	HC/Vqv2mp
Jer 49:28	אֶת	853	HTo
Jer 49:28	בְּנֵי	1121 a	HNcmpc
Jer 49:28	קֶֽדֶם	6924 a	HNcmsa
Jer 49:29	אָהֳלֵי/הֶ֤ם	168	HNcmpc/Sp3mp
Jer 49:29	וְ/צֹאנָ/ם֙	c/6629	HC/Ncbsc/Sp3mp
Jer 49:29	יִקָּ֔חוּ	3947	HVqi3mp
Jer 49:29	יְרִיעוֹתֵי/הֶ֧ם	3407	HNcfpc/Sp3mp
Jer 49:29	וְ/כָל	c/3605	HC/Ncmsc
Jer 49:29	כְּלֵי/הֶ֛ם	3627	HNcmpc/Sp3mp
Jer 49:29	וּ/גְמַלֵּי/הֶ֖ם	c/1581	HC/Ncmpc/Sp3mp
Jer 49:29	יִשְׂא֣וּ	5375	HVqi3mp
Jer 49:29	לָ/הֶ֑ם	l	HR/Sp3mp
Jer 49:29	וְ/קָרְא֧וּ	c/7121	HC/Vqq3cp
Jer 49:29	עֲלֵי/הֶ֛ם	5921 a	HR/Sp3mp
Jer 49:29	מָג֖וֹר	4032	HNcmsa
Jer 49:29	מִ/סָּבִֽיב	m/5439	HR/Ncbsa
Jer 49:30	נֻסוּ֩	5127	HVqv2mp
Jer 49:30	נֻּ֨דוּ	5110	HVqv2mp
Jer 49:30	מְאֹ֜ד	3966	HD
Jer 49:30	הֶעְמִ֧יקוּ	6009	HVhv2mp
Jer 49:30	לָ/שֶׁ֛בֶת	l/3427	HR/Vqc
Jer 49:30	יֹשְׁבֵ֥י	3427	HVqrmpc
Jer 49:30	חָצ֖וֹר	2674	HNp
Jer 49:30	נְאֻם	5002	HNcmsc
Jer 49:30	יְהוָ֑ה	3068	HNp
Jer 49:30	כִּֽי	3588 a	HC
Jer 49:30	יָעַ֨ץ	3289	HVqp3ms
Jer 49:30	עֲלֵי/כֶ֜ם	5921 a	HR/Sp2mp
Jer 49:30	נְבוּכַדְרֶאצַּ֤ר	5019	HNp
Jer 49:30	מֶֽלֶךְ	4428	HNcmsc
Jer 49:30	בָּבֶל֙	894	HNp
Jer 49:30	עֵצָ֔ה	6098	HNcfsa
Jer 49:30	וְ/חָשַׁ֥ב	c/2803	HC/Vqp3ms
Jer 49:30	עלי/הם	5921 a	HR/Sp3mp
Jer 49:30	מַחֲשָׁבָֽה	4284	HNcfsa
Jer 49:31	ק֣וּמוּ	6965 b	HVqv2mp
Jer 49:31	עֲל֗וּ	5927	HVqv2mp
Jer 49:31	אֶל	413	HR
Jer 49:31	גּ֥וֹי	1471 a	HNcmsa
Jer 49:31	שְׁלֵ֛יו	7961	HAamsa
Jer 49:31	יוֹשֵׁ֥ב	3427	HVqrmsa
Jer 49:31	לָ/בֶ֖טַח	l/983	HR/Ncmsa
Jer 49:31	נְאֻם	5002	HNcmsc
Jer 49:31	יְהוָ֑ה	3068	HNp
Jer 49:31	לֹא	3808	HTn
Jer 49:31	דְלָתַ֧יִם	1817 c	HNcfda
Jer 49:31	וְ/לֹֽא	c/3808	HC/Tn
Jer 49:31	בְרִ֛יחַ	1280	HNcmsa
Jer 49:31	ל֖/וֹ	l	HR/Sp3ms
Jer 49:31	בָּדָ֥ד	910	HNcmsa
Jer 49:31	יִשְׁכֹּֽנוּ	7931	HVqi3mp
Jer 49:32	וְ/הָי֨וּ	c/1961	HC/Vqq3cp
Jer 49:32	גְמַלֵּי/הֶ֜ם	1581	HNcmpc/Sp3mp
Jer 49:32	לָ/בַ֗ז	l/957	HR/Ncmsa
Jer 49:32	וַ/הֲמ֤וֹן	c/1995 a	HC/Ncmsc
Jer 49:32	מִקְנֵי/הֶם֙	4735	HNcmsc/Sp3mp
Jer 49:32	לְ/שָׁלָ֔ל	l/7998	HR/Ncmsa
Jer 49:32	וְ/זֵרִתִ֥י/ם	c/2219	HC/Vpq1cs/Sp3mp
Jer 49:32	לְ/כָל	l/3605	HR/Ncmsc
Jer 49:32	ר֖וּחַ	7307	HNcbsa
Jer 49:32	קְצוּצֵ֣י	7112	HVqsmpc
Jer 49:32	פֵאָ֑ה	6285	HNcfsa
Jer 49:32	וּ/מִ/כָּל	c/m/3605	HC/R/Ncmsc
Jer 49:32	עֲבָרָ֛י/ו	5676	HNcmpc/Sp3ms
Jer 49:32	אָבִ֥יא	935	HVhi1cs
Jer 49:32	אֶת	853	HTo
Jer 49:32	אֵידָ֖/ם	343	HNcmsc/Sp3mp
Jer 49:32	נְאֻם	5002	HNcmsc
Jer 49:32	יְהוָֽה	3068	HNp
Jer 49:33	וְ/הָיְתָ֨ה	c/1961	HC/Vqq3fs
Jer 49:33	חָצ֜וֹר	2674	HNp
Jer 49:33	לִ/מְע֥וֹן	l/4583	HR/Ncbsc
Jer 49:33	תַּנִּ֛ים	8577 a	HNcmpa
Jer 49:33	שְׁמָמָ֖ה	8077 a	HNcfsa
Jer 49:33	עַד	5704	HR
Jer 49:33	עוֹלָ֑ם	5769	HNcmsa
Jer 49:33	לֹֽא	3808	HTn
Jer 49:33	יֵשֵׁ֥ב	3427	HVqi3ms
Jer 49:33	שָׁם֙	8033	HD
Jer 49:33	אִ֔ישׁ	376	HNcmsa
Jer 49:33	וְ/לֹֽא	c/3808	HC/Tn
Jer 49:33	יָג֥וּר	1481 a	HVqi3ms
Jer 49:33	בָּ֖/הּ	b	HR/Sp3fs
Jer 49:33	בֶּן	1121 a	HNcmsc
Jer 49:33	אָדָֽם	120	HNcmsa
Jer 49:34	אֲשֶׁ֨ר	834 a	HTr
Jer 49:34	הָיָ֧ה	1961	HVqp3ms
Jer 49:34	דְבַר	1697	HNcmsc
Jer 49:34	יְהוָ֛ה	3068	HNp
Jer 49:34	אֶל	413	HR
Jer 49:34	יִרְמְיָ֥הוּ	3414	HNp
Jer 49:34	הַ/נָּבִ֖יא	d/5030	HTd/Ncmsa
Jer 49:34	אֶל	413	HR
Jer 49:34	עֵילָ֑ם	5867 a	HNp
Jer 49:34	בְּ/רֵאשִׁ֗ית	b/7225	HR/Ncfsc
Jer 49:34	מַלְכ֛וּת	4438	HNcfsc
Jer 49:34	צִדְקִיָּ֥ה	6667	HNp
Jer 49:34	מֶֽלֶךְ	4428	HNcmsc
Jer 49:34	יְהוּדָ֖ה	3063	HNp
Jer 49:34	לֵ/אמֹֽר	l/559	HR/Vqc
Jer 49:35	כֹּ֤ה	3541	HD
Jer 49:35	אָמַר֙	559	HVqp3ms
Jer 49:35	יְהוָ֣ה	3068	HNp
Jer 49:35	צְבָא֔וֹת	6635 b	HNcbpa
Jer 49:35	הִנְ/נִ֥י	2005	HTm/Sp1cs
Jer 49:35	שֹׁבֵ֖ר	7665	HVqrmsa
Jer 49:35	אֶת	853	HTo
Jer 49:35	קֶ֣שֶׁת	7198	HNcfsc
Jer 49:35	עֵילָ֑ם	5867 a	HNp
Jer 49:35	רֵאשִׁ֖ית	7225	HNcfsc
Jer 49:35	גְּבוּרָתָֽ/ם	1369	HNcfsc/Sp3mp
Jer 49:36	וְ/הֵבֵאתִ֨י	c/935	HC/Vhq1cs
Jer 49:36	אֶל	413	HR
Jer 49:36	עֵילָ֜ם	5867 a	HNp
Jer 49:36	אַרְבַּ֣ע	702	HAcfsa
Jer 49:36	רוּח֗וֹת	7307	HNcbpa
Jer 49:36	מֵֽ/אַרְבַּע֙	m/702	HR/Acfsa
Jer 49:36	קְצ֣וֹת	7098	HNcbpc
Jer 49:36	הַ/שָּׁמַ֔יִם	d/8064	HTd/Ncmpa
Jer 49:36	וְ/זֵ֣רִתִ֔י/ם	c/2219	HC/Vpq1cs/Sp3mp
Jer 49:36	לְ/כֹ֖ל	l/3605	HR/Ncmsc
Jer 49:36	הָ/רֻח֣וֹת	d/7307	HTd/Ncbpa
Jer 49:36	הָ/אֵ֑לֶּה	d/428	HTd/Pdxcp
Jer 49:36	וְ/לֹֽא	c/3808	HC/Tn
Jer 49:36	יִהְיֶ֣ה	1961	HVqi3ms
Jer 49:36	הַ/גּ֔וֹי	d/1471 a	HTd/Ncmsa
Jer 49:36	אֲשֶׁ֛ר	834 a	HTr
Jer 49:36	לֹֽא	3808	HTn
Jer 49:36	יָב֥וֹא	935	HVqi3ms
Jer 49:36	שָׁ֖ם	8033	HD
Jer 49:36	נִדְּחֵ֥י	5080	HVNsmpc
Jer 49:36	עולם	5867 a	HNcmsa
Jer 49:37	וְ/הַחְתַּתִּ֣י	c/2865	HC/Vhq1cs
Jer 49:37	אֶת	853	HTo
Jer 49:37	עֵ֠ילָם	5867 a	HNp
Jer 49:37	לִ/פְנֵ֨י	l/6440	HR/Ncbpc
Jer 49:37	אֹיְבֵי/הֶ֜ם	341	HVqrmpc/Sp3mp
Jer 49:37	וְ/לִ/פְנֵ֣י	c/l/6440	HC/R/Ncbpc
Jer 49:37	מְבַקְשֵׁ֣י	1245	HVprmpc
Jer 49:37	נַפְשָׁ֗/ם	5315	HNcbsc/Sp3mp
Jer 49:37	וְ/הֵבֵאתִ֨י	c/935	HC/Vhq1cs
Jer 49:37	עֲלֵי/הֶ֧ם	5921 a	HR/Sp3mp
Jer 49:37	רָעָ֛ה	7451 c	HNcfsa
Jer 49:37	אֶת	853	HTo
Jer 49:37	חֲר֥וֹן	2740	HNcmsc
Jer 49:37	אַפִּ֖/י	639	HNcmsc/Sp1cs
Jer 49:37	נְאֻם	5002	HNcmsc
Jer 49:37	יְהוָ֑ה	3068	HNp
Jer 49:37	וְ/שִׁלַּחְתִּ֤י	c/7971	HR/Vpq1cs
Jer 49:37	אַֽחֲרֵי/הֶם֙	310 a	HR/Sp3mp
Jer 49:37	אֶת	853	HTo
Jer 49:37	הַ/חֶ֔רֶב	d/2719	HTd/Ncfsa
Jer 49:37	עַ֥ד	5704	HR
Jer 49:37	כַּלּוֹתִ֖/י	3615	HVpc/Sp1cs
Jer 49:37	אוֹתָֽ/ם	853	HTo/Sp3mp
Jer 49:38	וְ/שַׂמְתִּ֥י	c/7760 a	HC/Vqq1cs
Jer 49:38	כִסְאִ֖/י	3678	HNcmsc/Sp1cs
Jer 49:38	בְּ/עֵילָ֑ם	b/5867 a	HR/Np
Jer 49:38	וְ/הַאֲבַדְתִּ֥י	c/6	HC/Vhq1cs
Jer 49:38	מִ/שָּׁ֛ם	m/8033	HR/D
Jer 49:38	מֶ֥לֶךְ	4428	HNcmsa
Jer 49:38	וְ/שָׂרִ֖ים	c/8269	HC/Ncmpa
Jer 49:38	נְאֻם	5002	HNcmsc
Jer 49:38	יְהוָֽה	3068	HNp
Jer 49:39	וְ/הָיָ֣ה	c/1961	HC/Vqq3ms
Jer 49:39	בְּ/אַחֲרִ֣ית	b/319	HR/Ncfsc
Jer 49:39	הַ/יָּמִ֗ים	d/3117	HTd/Ncmpa
Jer 49:39	אשוב	7725	HVqi1cs
Jer 49:39	אֶת	853	HTo
Jer 49:39	שבית	7622	HNcfsc
Jer 49:39	עֵילָ֖ם	5867 a	HNp
Jer 49:39	נְאֻם	5002	HNcmsc
Jer 49:39	יְהוָֽה	3068	HNp
Jer 50:1	הַ/דָּבָ֗ר	d/1697	HTd/Ncmsa
Jer 50:1	אֲשֶׁ֨ר	834 a	HTr
Jer 50:1	דִּבֶּ֧ר	1696	HVpp3ms
Jer 50:1	יְהוָ֛ה	3068	HNp
Jer 50:1	אֶל	413	HR
Jer 50:1	בָּבֶ֖ל	894	HNp
Jer 50:1	אֶל	413	HR
Jer 50:1	אֶ֣רֶץ	776	HNcbsc
Jer 50:1	כַּשְׂדִּ֑ים	3778	HNp
Jer 50:1	בְּ/יַ֖ד	b/3027	HR/Ncbsc
Jer 50:1	יִרְמְיָ֥הוּ	3414	HNp
Jer 50:1	הַ/נָּבִֽיא	d/5030	HTd/Ncmsa
Jer 50:2	הַגִּ֨ידוּ	5046	HVhv2mp
Jer 50:2	בַ/גּוֹיִ֤ם	b/1471 a	HRd/Ncmpa
Jer 50:2	וְ/הַשְׁמִ֨יעוּ֙	c/8085	HC/Vhv2mp
Jer 50:2	וּֽ/שְׂאוּ	c/5375	HC/Vqv2mp
Jer 50:2	נֵ֔ס	5251	HNcmsa
Jer 50:2	הַשְׁמִ֖יעוּ	8085	HVhv2mp
Jer 50:2	אַל	408	HTn
Jer 50:2	תְּכַחֵ֑דוּ	3582	HVpj2mp
Jer 50:2	אִמְרוּ֩	559	HVqv2mp
Jer 50:2	נִלְכְּדָ֨ה	3920	HVNp3fs
Jer 50:2	בָבֶ֜ל	894	HNp
Jer 50:2	הֹבִ֥ישׁ	3001	HVhp3ms
Jer 50:2	בֵּל֙	1078	HNp
Jer 50:2	חַ֣ת	2865	HVqp3ms
Jer 50:2	מְרֹדָ֔ךְ	4781	HNp
Jer 50:2	הֹבִ֣ישׁוּ	3001	HVhp3cp
Jer 50:2	עֲצַבֶּ֔י/הָ	6091	HNcmpc/Sp3fs
Jer 50:2	חַ֖תּוּ	2865	HVqp3cp
Jer 50:2	גִּלּוּלֶֽי/הָ	1544	HNcmpc/Sp3fs
Jer 50:3	כִּ֣י	3588 a	HC
Jer 50:3	עָלָה֩	5927	HVqp3ms
Jer 50:3	עָלֶ֨י/הָ	5921 a	HR/Sp3fs
Jer 50:3	גּ֜וֹי	1471 a	HNcmsa
Jer 50:3	מִ/צָּפ֗וֹן	m/6828	HR/Ncfsa
Jer 50:3	הֽוּא	1931	HPp3ms
Jer 50:3	יָשִׁ֤ית	7896	HVqi3ms
Jer 50:3	אֶת	853	HTo
Jer 50:3	אַרְצָ/הּ֙	776	HNcbsc/Sp3fs
Jer 50:3	לְ/שַׁמָּ֔ה	l/8047	HR/Ncfsa
Jer 50:3	וְ/לֹֽא	c/3808	HC/Tn
Jer 50:3	יִהְיֶ֥ה	1961	HVqi3ms
Jer 50:3	יוֹשֵׁ֖ב	3427	HVqrmsa
Jer 50:3	בָּ֑/הּ	b	HR/Sp3fs
Jer 50:3	מֵ/אָדָ֥ם	m/120	HR/Ncmsa
Jer 50:3	וְ/עַד	c/5704	HC/R
Jer 50:3	בְּהֵמָ֖ה	929	HNcfsa
Jer 50:3	נָ֥דוּ	5110	HVqp3cp
Jer 50:3	הָלָֽכוּ	1980	HVqp3cp
Jer 50:4	בַּ/יָּמִ֨ים	b/3117	HRd/Ncmpa
Jer 50:4	הָ/הֵ֜מָּה	d/1992	HTd/Pp3mp
Jer 50:4	וּ/בָ/עֵ֤ת	c/b/6256	HC/Rd/Ncbsa
Jer 50:4	הַ/הִיא֙	d/1931	HTd/Pp3fs
Jer 50:4	נְאֻם	5002	HNcmsc
Jer 50:4	יְהוָ֔ה	3068	HNp
Jer 50:4	יָבֹ֧אוּ	935	HVqi3mp
Jer 50:4	בְנֵֽי	1121 a	HNcmpc
Jer 50:4	יִשְׂרָאֵ֛ל	3478	HNp
Jer 50:4	הֵ֥מָּה	1992	HPp3mp
Jer 50:4	וּ/בְנֵֽי	c/1121 a	HC/Ncmpc
Jer 50:4	יְהוּדָ֖ה	3063	HNp
Jer 50:4	יַחְדָּ֑ו	3162 b	HD
Jer 50:4	הָל֤וֹךְ	1980	HVqa
Jer 50:4	וּ/בָכוֹ֙	c/1058	HC/Vqa
Jer 50:4	יֵלֵ֔כוּ	3212	HVqi3mp
Jer 50:4	וְ/אֶת	c/853	HC/To
Jer 50:4	יְהוָ֥ה	3068	HNp
Jer 50:4	אֱלֹהֵי/הֶ֖ם	430	HNcmpc/Sp3mp
Jer 50:4	יְבַקֵּֽשׁוּ	1245	HVpi3mp
Jer 50:5	צִיּ֣וֹן	6726	HNp
Jer 50:5	יִשְׁאָ֔לוּ	7592	HVqi3mp
Jer 50:5	דֶּ֖רֶךְ	1870	HNcbsa
Jer 50:5	הֵ֣נָּה	2008	HD
Jer 50:5	פְנֵי/הֶ֑ם	6440	HNcbpc/Sp3mp
Jer 50:5	בֹּ֚אוּ	935	HVqv2mp
Jer 50:5	וְ/נִלְו֣וּ	c/3867 a	HC/VNq3cp
Jer 50:5	אֶל	413	HR
Jer 50:5	יְהוָ֔ה	3068	HNp
Jer 50:5	בְּרִ֥ית	1285	HNcfsc
Jer 50:5	עוֹלָ֖ם	5769	HNcmsa
Jer 50:5	לֹ֥א	3808	HTn
Jer 50:5	תִשָּׁכֵֽחַ	7911	HVNi3fs
Jer 50:6	צֹ֤אן	6629	HNcbsa
Jer 50:6	אֹֽבְדוֹת֙	6	HVqrfpa
Jer 50:6	היה	1961	HVqp3ms
Jer 50:6	עַמִּ֔/י	5971 a	HNcmsc/Sp1cs
Jer 50:6	רֹעֵי/הֶ֣ם	7462 b	HVqrmpc/Sp3mp
Jer 50:6	הִתְע֔וּ/ם	8582	HVhp3cp/Sp3mp
Jer 50:6	הָרִ֖ים	2022	HNcmpa
Jer 50:6	שובבים	7726	HAampa
Jer 50:6	מֵ/הַ֤ר	m/2022	HR/Ncmsa
Jer 50:6	אֶל	413	HR
Jer 50:6	גִּבְעָה֙	1389	HNcfsa
Jer 50:6	הָלָ֔כוּ	1980	HVqp3cp
Jer 50:6	שָׁכְח֖וּ	7911	HVqp3cp
Jer 50:6	רִבְצָֽ/ם	7258	HNcmsc/Sp3mp
Jer 50:7	כָּל	3605	HNcmsc
Jer 50:7	מוֹצְאֵי/הֶ֣ם	4672	HVqrmpc/Sp3mp
Jer 50:7	אֲכָל֔וּ/ם	398	HVqp3cp/Sp3mp
Jer 50:7	וְ/צָרֵי/הֶ֥ם	c/6862 c	HC/Ncmpc/Sp3mp
Jer 50:7	אָמְר֖וּ	559	HVqp3cp
Jer 50:7	לֹ֣א	3808	HTn
Jer 50:7	נֶאְשָׁ֑ם	816	HVqi1cp
Jer 50:7	תַּ֗חַת	8478	HR
Jer 50:7	אֲשֶׁ֨ר	834 a	HTr
Jer 50:7	חָטְא֤וּ	2398	HVqp3cp
Jer 50:7	לַֽ/יהוָה֙	l/3068	HR/Np
Jer 50:7	נְוֵה	5116 a	HNcbsc
Jer 50:7	צֶ֔דֶק	6664	HNcmsa
Jer 50:7	וּ/מִקְוֵ֥ה	c/4723 b	HC/Ncmsc
Jer 50:7	אֲבֽוֹתֵי/הֶ֖ם	1	HNcmpc/Sp3mp
Jer 50:7	יְהוָֽה	3068	HNp
Jer 50:8	נֻ֚דוּ	5110	HVqv2mp
Jer 50:8	מִ/תּ֣וֹךְ	m/8432	HR/Ncmsc
Jer 50:8	בָּבֶ֔ל	894	HNp
Jer 50:8	וּ/מֵ/אֶ֥רֶץ	c/m/776	HC/R/Ncbsc
Jer 50:8	כַּשְׂדִּ֖ים	3778	HNp
Jer 50:8	יצאו	3318	HVqp3cp
Jer 50:8	וִ/הְי֕וּ	c/1961	HC/Vqv2mp
Jer 50:8	כְּ/עַתּוּדִ֖ים	k/6260	HR/Ncmpa
Jer 50:8	לִ/פְנֵי	l/6440	HR/Ncbpc
Jer 50:8	צֹֽאן	6629	HNcbsa
Jer 50:9	כִּ֣י	3588 a	HC
Jer 50:9	הִנֵּ֣ה	2009	HTm
Jer 50:9	אָנֹכִ֡י	595	HPp1cs
Jer 50:9	מֵעִיר֩	5782	HVhrmsa
Jer 50:9	וּ/מַעֲלֶ֨ה	c/5927	HC/Vhrmsa
Jer 50:9	עַל	5921 a	HR
Jer 50:9	בָּבֶ֜ל	894	HNp
Jer 50:9	קְהַל	6951	HNcmsc
Jer 50:9	גּוֹיִ֤ם	1471 a	HNcmpa
Jer 50:9	גְּדֹלִים֙	1419 a	HAampa
Jer 50:9	מֵ/אֶ֣רֶץ	m/776	HR/Ncbsc
Jer 50:9	צָפ֔וֹן	6828	HNcfsa
Jer 50:9	וְ/עָ֣רְכוּ	c/6186 a	HC/Vqq3cp
Jer 50:9	לָ֔/הּ	l	HR/Sp3fs
Jer 50:9	מִ/שָּׁ֖ם	m/8033	HR/D
Jer 50:9	תִּלָּכֵ֑ד	3920	HVNi3fs
Jer 50:9	חִצָּי/ו֙	2671	HNcmpc/Sp3ms
Jer 50:9	כְּ/גִבּ֣וֹר	k/1368	HR/Aamsa
Jer 50:9	מַשְׁכִּ֔יל	7919 a	HVhrmsa
Jer 50:9	לֹ֥א	3808	HTn
Jer 50:9	יָשׁ֖וּב	7725	HVqi3ms
Jer 50:9	רֵיקָֽם	7387	HD
Jer 50:10	וְ/הָיְתָ֥ה	c/1961	HC/Vqq3fs
Jer 50:10	כַשְׂדִּ֖ים	3778	HNp
Jer 50:10	לְ/שָׁלָ֑ל	l/7998	HR/Ncmsa
Jer 50:10	כָּל	3605	HNcmsc
Jer 50:10	שֹׁלְלֶ֥י/הָ	7997 b	HVqrmpc/Sp3fs
Jer 50:10	יִשְׂבָּ֖עוּ	7646	HVqi3mp
Jer 50:10	נְאֻם	5002	HNcmsc
Jer 50:10	יְהוָֽה	3068	HNp
Jer 50:11	כִּ֤י	3588 a	HC
Jer 50:11	תשמחי	8055	HVqi2fs
Jer 50:11	כִּ֣י	3588 a	HC
Jer 50:11	תעלזי	5937	HVqi2fs
Jer 50:11	שֹׁסֵ֖י	8154	HVqrmpc
Jer 50:11	נַחֲלָתִ֑/י	5159	HNcfsc/Sp1cs
Jer 50:11	כִּ֤י	3588 a	HC
Jer 50:11	תפושי	6335 a	HVqi2fs
Jer 50:11	כְּ/עֶגְלָ֣ה	k/5697 a	HR/Ncfsa
Jer 50:11	דָשָׁ֔ה	1877	HVqrfsa
Jer 50:11	ו/תצהלי	c/6670 a	HC/Vqi2fs
Jer 50:11	כָּ/אֲבִּרִֽים	k/47	HRd/Aampa
Jer 50:12	בּ֤וֹשָׁה	954	HVqp3fs
Jer 50:12	אִמְּ/כֶם֙	517	HNcfsc/Sp2mp
Jer 50:12	מְאֹ֔ד	3966	HD
Jer 50:12	חָפְרָ֖ה	2659	HVqp3fs
Jer 50:12	יֽוֹלַדְתְּ/כֶ֑ם	3205	HVqrfsc/Sp2mp
Jer 50:12	הִנֵּה֙	2009	HTm
Jer 50:12	אַחֲרִ֣ית	319	HNcfsc
Jer 50:12	גּוֹיִ֔ם	1471 a	HNcmpa
Jer 50:12	מִדְבָּ֖ר	4057 b	HNcmsa
Jer 50:12	צִיָּ֥ה	6723	HNcfsa
Jer 50:12	וַ/עֲרָבָֽה	c/6160	HC/Ncfsa
Jer 50:13	מִ/קֶּ֤צֶף	m/7110 a	HR/Ncmsc
Jer 50:13	יְהוָה֙	3068	HNp
Jer 50:13	לֹ֣א	3808	HTn
Jer 50:13	תֵשֵׁ֔ב	3427	HVqi3fs
Jer 50:13	וְ/הָיְתָ֥ה	c/1961	HC/Vqq3fs
Jer 50:13	שְׁמָמָ֖ה	8077 a	HNcfsa
Jer 50:13	כֻּלָּ֑/הּ	3605	HNcmsc/Sp3fs
Jer 50:13	כֹּ֚ל	3605	HNcmsa
Jer 50:13	עֹבֵ֣ר	5674 a	HVqrmsa
Jer 50:13	עַל	5921 a	HR
Jer 50:13	בָּבֶ֔ל	894	HNp
Jer 50:13	יִשֹּׁ֥ם	8074	HVqi3ms
Jer 50:13	וְ/יִשְׁרֹ֖ק	c/8319	HC/Vqi3ms
Jer 50:13	עַל	5921 a	HR
Jer 50:13	כָּל	3605	HNcmsc
Jer 50:13	מַכּוֹתֶֽי/הָ	4347	HNcfpc/Sp3fs
Jer 50:14	עִרְכ֨וּ	6186 a	HVqv2mp
Jer 50:14	עַל	5921 a	HR
Jer 50:14	בָּבֶ֤ל	894	HNp
Jer 50:14	סָבִיב֙	5439	HNcbsa
Jer 50:14	כָּל	3605	HNcmsc
Jer 50:14	דֹּ֣רְכֵי	1869	HVqrmpc
Jer 50:14	קֶ֔שֶׁת	7198	HNcfsa
Jer 50:14	יְד֣וּ	3034	HVqv2mp
Jer 50:14	אֵלֶ֔י/הָ	413	HR/Sp3fs
Jer 50:14	אַֽל	408	HTn
Jer 50:14	תַּחְמְל֖וּ	2550	HVqj2mp
Jer 50:14	אֶל	413	HR
Jer 50:14	חֵ֑ץ	2671	HNcmsa
Jer 50:14	כִּ֥י	3588 a	HC
Jer 50:14	לַֽ/יהוָ֖ה	l/3068	HR/Np
Jer 50:14	חָטָֽאָה	2398	HVqp3fs
Jer 50:15	הָרִ֨יעוּ	7321	HVhv2mp
Jer 50:15	עָלֶ֤י/הָ	5921 a	HR/Sp3fs
Jer 50:15	סָבִיב֙	5439	HNcbsa
Jer 50:15	נָתְנָ֣ה	5414	HVqp3fs
Jer 50:15	יָדָ֔/הּ	3027	HNcbsc/Sp3fs
Jer 50:15	נָֽפְלוּ֙	5307	HVqp3cp
Jer 50:15	אשויתי/ה	803	HNcfpc/Sp3fs
Jer 50:15	נֶהֶרְס֖וּ	2040	HVNp3cp
Jer 50:15	חֽוֹמוֹתֶ֑י/הָ	2346	HNcfpc/Sp3fs
Jer 50:15	כִּי֩	3588 a	HC
Jer 50:15	נִקְמַ֨ת	5360	HNcfsc
Jer 50:15	יְהוָ֥ה	3068	HNp
Jer 50:15	הִיא֙	1931	HPp3fs
Jer 50:15	הִנָּ֣קְמוּ	5358	HVNv2mp
Jer 50:15	בָ֔/הּ	b	HR/Sp3fs
Jer 50:15	כַּ/אֲשֶׁ֥ר	k/834 d	HR/Tr
Jer 50:15	עָשְׂתָ֖ה	6213 a	HVqp3fs
Jer 50:15	עֲשׂוּ	6213 a	HVqv2mp
Jer 50:15	לָֽ/הּ	l	HR/Sp3fs
Jer 50:16	כִּרְת֤וּ	3772	HVqv2mp
Jer 50:16	זוֹרֵ֨עַ֙	2232	HVqrmsa
Jer 50:16	מִ/בָּבֶ֔ל	m/894	HR/Np
Jer 50:16	וְ/תֹפֵ֥שׂ	c/8610	HC/Vqrmsc
Jer 50:16	מַגָּ֖ל	4038	HNcmsa
Jer 50:16	בְּ/עֵ֣ת	b/6256	HR/Ncbsc
Jer 50:16	קָצִ֑יר	7105 a	HNcmsa
Jer 50:16	מִ/פְּנֵי֙	m/6440	HR/Ncbpc
Jer 50:16	חֶ֣רֶב	2719	HNcfsc
Jer 50:16	הַ/יּוֹנָ֔ה	d/3238	HTd/Vqrfsa
Jer 50:16	אִ֤ישׁ	376	HNcmsa
Jer 50:16	אֶל	413	HR
Jer 50:16	עַמּ/וֹ֙	5971 a	HNcmsc/Sp3ms
Jer 50:16	יִפְנ֔וּ	6437	HVqi3mp
Jer 50:16	וְ/אִ֥ישׁ	c/376	HC/Ncmsa
Jer 50:16	לְ/אַרְצ֖/וֹ	l/776	HR/Ncbsc/Sp3ms
Jer 50:16	יָנֻֽסוּ	5127	HVqi3mp
Jer 50:17	שֶׂ֧ה	7716	HNcbsa
Jer 50:17	פְזוּרָ֛ה	6340	HVqsfsa
Jer 50:17	יִשְׂרָאֵ֖ל	3478	HNp
Jer 50:17	אֲרָי֣וֹת	738 a	HNcmpa
Jer 50:17	הִדִּ֑יחוּ	5080	HVhp3cp
Jer 50:17	הָ/רִאשׁ֤וֹן	d/7223	HTd/Aamsa
Jer 50:17	אֲכָל/וֹ֙	398	HVqp3ms/Sp3ms
Jer 50:17	מֶ֣לֶךְ	4428	HNcmsc
Jer 50:17	אַשּׁ֔וּר	804	HNp
Jer 50:17	וְ/זֶ֤ה	c/2088	HC/Pdxms
Jer 50:17	הָ/אַחֲרוֹן֙	d/314	HTd/Aamsa
Jer 50:17	עִצְּמ֔/וֹ	6105 a	HVpp3ms/Sp3ms
Jer 50:17	נְבוּכַדְרֶאצַּ֖ר	5019	HNp
Jer 50:17	מֶ֥לֶךְ	4428	HNcmsc
Jer 50:17	בָּבֶֽל	894	HNp
Jer 50:18	לָ/כֵ֗ן	l/3651 c	HR/D
Jer 50:18	כֹּֽה	3541	HD
Jer 50:18	אָמַ֞ר	559	HVqp3ms
Jer 50:18	יְהוָ֤ה	3068	HNp
Jer 50:18	צְבָאוֹת֙	6635 b	HNcbpa
Jer 50:18	אֱלֹהֵ֣י	430	HNcmpc
Jer 50:18	יִשְׂרָאֵ֔ל	3478	HNp
Jer 50:18	הִנְ/נִ֥י	2005	HTm/Sp1cs
Jer 50:18	פֹקֵ֛ד	6485 a	HVqrmsa
Jer 50:18	אֶל	413	HR
Jer 50:18	מֶ֥לֶךְ	4428	HNcmsc
Jer 50:18	בָּבֶ֖ל	894	HNp
Jer 50:18	וְ/אֶל	c/413	HC/R
Jer 50:18	אַרְצ֑/וֹ	776	HNcbsc/Sp3ms
Jer 50:18	כַּ/אֲשֶׁ֥ר	k/834 d	HR/Tr
Jer 50:18	פָּקַ֖דְתִּי	6485 a	HVqp1cs
Jer 50:18	אֶל	413	HR
Jer 50:18	מֶ֥לֶךְ	4428	HNcmsc
Jer 50:18	אַשּֽׁוּר	804	HNp
Jer 50:19	וְ/שֹׁבַבְתִּ֤י	c/7725	HC/Voq1cs
Jer 50:19	אֶת	853	HTo
Jer 50:19	יִשְׂרָאֵל֙	3478	HNp
Jer 50:19	אֶל	413	HR
Jer 50:19	נָוֵ֔/הוּ	5116 a	HNcbsc/Sp3ms
Jer 50:19	וְ/רָעָ֥ה	c/7462 b	HC/Vqq3ms
Jer 50:19	הַ/כַּרְמֶ֖ל	d/3760	HTd/Np
Jer 50:19	וְ/הַ/בָּשָׁ֑ן	c/d/1316	HC/Td/Np
Jer 50:19	וּ/בְ/הַ֥ר	c/b/2022	HC/R/Ncmsc
Jer 50:19	אֶפְרַ֛יִם	669	HNp
Jer 50:19	וְ/הַ/גִּלְעָ֖ד	c/d/1568	HC/Td/Np
Jer 50:19	תִּשְׂבַּ֥ע	7646	HVqi3fs
Jer 50:19	נַפְשֽׁ/וֹ	5315	HNcbsc/Sp3ms
Jer 50:20	בַּ/יָּמִ֣ים	b/3117	HRd/Ncmpa
Jer 50:20	הָ/הֵם֩	d/1992	HTd/Pp3mp
Jer 50:20	וּ/בָ/עֵ֨ת	c/b/6256	HC/Rd/Ncbsa
Jer 50:20	הַ/הִ֜יא	d/1931	HTd/Pp3fs
Jer 50:20	נְאֻם	5002	HNcmsc
Jer 50:20	יְהוָ֗ה	3068	HNp
Jer 50:20	יְבֻקַּ֞שׁ	1245	HVPi3ms
Jer 50:20	אֶת	853	HTo
Jer 50:20	עֲוֺ֤ן	5771	HNcbsc
Jer 50:20	יִשְׂרָאֵל֙	3478	HNp
Jer 50:20	וְ/אֵינֶ֔/נּוּ	c/369	HC/Tn/Sp3ms
Jer 50:20	וְ/אֶת	c/853	HC/To
Jer 50:20	חַטֹּ֥את	2403 b	HNcfpc
Jer 50:20	יְהוּדָ֖ה	3063	HNp
Jer 50:20	וְ/לֹ֣א	c/3808	HC/Tn
Jer 50:20	תִמָּצֶ֑אינָה	4672	HVNi3fp
Jer 50:20	כִּ֥י	3588 a	HC
Jer 50:20	אֶסְלַ֖ח	5545	HVqi1cs
Jer 50:20	לַ/אֲשֶׁ֥ר	l/834 a	HR/Tr
Jer 50:20	אַשְׁאִֽיר	7604	HVhi1cs
Jer 50:21	עַל	5921 a	HR
Jer 50:21	הָ/אָ֤רֶץ	d/776	HTd/Ncbsa
Jer 50:21	מְרָתַ֨יִם֙	4850	HNp
Jer 50:21	עֲלֵ֣ה	5927	HVqv2ms
Jer 50:21	עָלֶ֔י/הָ	5921 a	HR/Sp3fs
Jer 50:21	וְ/אֶל	c/413	HC/R
Jer 50:21	יוֹשְׁבֵ֖י	3427	HVqrmpc
Jer 50:21	פְּק֑וֹד	6489	HNp
Jer 50:21	חֲרֹ֨ב	2717 c	HVqv2ms
Jer 50:21	וְ/הַחֲרֵ֤ם	c/2763 a	HC/Vhv2ms
Jer 50:21	אַֽחֲרֵי/הֶם֙	310 a	HR/Sp3mp
Jer 50:21	נְאֻם	5002	HNcmsc
Jer 50:21	יְהוָ֔ה	3068	HNp
Jer 50:21	וַ/עֲשֵׂ֕ה	c/6213 a	HC/Vqv2ms
Jer 50:21	כְּ/כֹ֖ל	k/3605	HR/Ncmsa
Jer 50:21	אֲשֶׁ֥ר	834 a	HTr
Jer 50:21	צִוִּיתִֽי/ךָ	6680	HVpp1cs/Sp2ms
Jer 50:22	ק֥וֹל	6963 a	HNcmsc
Jer 50:22	מִלְחָמָ֖ה	4421	HNcfsa
Jer 50:22	בָּ/אָ֑רֶץ	b/776	HRd/Ncbsa
Jer 50:22	וְ/שֶׁ֖בֶר	c/7667	HC/Ncmsa
Jer 50:22	גָּדֽוֹל	1419 a	HAamsa
Jer 50:23	אֵ֤יךְ	349 a	HTi
Jer 50:23	נִגְדַּע֙	1438	HVNp3ms
Jer 50:23	וַ/יִּשָּׁבֵ֔ר	c/7665	HC/VNw3ms
Jer 50:23	פַּטִּ֖ישׁ	6360	HNcmsc
Jer 50:23	כָּל	3605	HNcmsc
Jer 50:23	הָ/אָ֑רֶץ	d/776	HTd/Ncbsa
Jer 50:23	אֵ֣יךְ	349 a	HTi
Jer 50:23	הָיְתָ֧ה	1961	HVqp3fs
Jer 50:23	לְ/שַׁמָּ֛ה	l/8047	HR/Ncfsa
Jer 50:23	בָּבֶ֖ל	894	HNp
Jer 50:23	בַּ/גּוֹיִֽם	b/1471 a	HRd/Ncmpa
Jer 50:24	יָקֹ֨שְׁתִּי	3369	HVqp1cs
Jer 50:24	לָ֤/ךְ	l	HR/Sp2fs
Jer 50:24	וְ/גַם	c/1571	HC/Ta
Jer 50:24	נִלְכַּדְתְּ֙	3920	HVNp2fs
Jer 50:24	בָּבֶ֔ל	894	HNp
Jer 50:24	וְ/אַ֖תְּ	c/859 c	HC/Pp2fs
Jer 50:24	לֹ֣א	3808	HTn
Jer 50:24	יָדָ֑עַתְּ	3045	HVqp2fs
Jer 50:24	נִמְצֵאת֙	4672	HVNp2fs
Jer 50:24	וְ/גַם	c/1571	HC/Ta
Jer 50:24	נִתְפַּ֔שְׂתְּ	8610	HVNp2fs
Jer 50:24	כִּ֥י	3588 a	HC
Jer 50:24	בַֽ/יהוָ֖ה	b/3068	HR/Np
Jer 50:24	הִתְגָּרִֽית	1624	HVtp2fs
Jer 50:25	פָּתַ֤ח	6605 a	HVqp3ms
Jer 50:25	יְהוָה֙	3068	HNp
Jer 50:25	אֶת	853	HTo
Jer 50:25	א֣וֹצָר֔/וֹ	214	HNcmsc/Sp3ms
Jer 50:25	וַ/יּוֹצֵ֖א	c/3318	HC/Vhw3ms
Jer 50:25	אֶת	853	HTo
Jer 50:25	כְּלֵ֣י	3627	HNcmpc
Jer 50:25	זַעְמ֑/וֹ	2195	HNcmsc/Sp3ms
Jer 50:25	כִּי	3588 a	HC
Jer 50:25	מְלָאכָ֣ה	4399	HNcfsa
Jer 50:25	הִ֗יא	1931	HPp3fs
Jer 50:25	לַֽ/אדֹנָ֧/י	l/136	HR/Ncmpc/Sp1cs
Jer 50:25	יְהוִ֛ה	3069	HNp
Jer 50:25	צְבָא֖וֹת	6635 b	HNcbpa
Jer 50:25	בְּ/אֶ֥רֶץ	b/776	HR/Ncbsc
Jer 50:25	כַּשְׂדִּֽים	3778	HNp
Jer 50:26	בֹּֽאוּ	935	HVqv2mp
Jer 50:26	לָ֤/הּ	l	HR/Sp3fs
Jer 50:26	מִ/קֵּץ֙	m/7093	HR/Ncmsa
Jer 50:26	פִּתְח֣וּ	6605 a	HVqv2mp
Jer 50:26	מַאֲבֻסֶ֔י/הָ	3965	HNcmpc/Sp3fs
Jer 50:26	סָלּ֥וּ/הָ	5549	HVqv2mp/Sp3fs
Jer 50:26	כְמוֹ	3644	HR
Jer 50:26	עֲרֵמִ֖ים	6194	HNcfpa
Jer 50:26	וְ/הַחֲרִימ֑וּ/הָ	c/2763 a	HC/Vhv2mp/Sp3fs
Jer 50:26	אַל	408	HTn
Jer 50:26	תְּהִי	1961	HVqj3fs
Jer 50:26	לָ֖/הּ	l	HR/Sp3fs
Jer 50:26	שְׁאֵרִֽית	7611	HNcfsa
Jer 50:27	חִרְבוּ֙	2717 c	HVqv2mp
Jer 50:27	כָּל	3605	HNcmsc
Jer 50:27	פָּרֶ֔י/הָ	6499	HNcmpc/Sp3fs
Jer 50:27	יֵרְד֖וּ	3381	HVqi3mp
Jer 50:27	לַ/טָּ֑בַח	l/2874	HRd/Ncmsa
Jer 50:27	ה֣וֹי	1945	HTj
Jer 50:27	עֲלֵי/הֶ֔ם	5921 a	HR/Sp3mp
Jer 50:27	כִּֽי	3588 a	HC
Jer 50:27	בָ֥א	935	HVqp3ms
Jer 50:27	יוֹמָ֖/ם	3117	HNcmsc/Sp3mp
Jer 50:27	עֵ֥ת	6256	HNcbsc
Jer 50:27	פְּקֻדָּתָֽ/ם	6486	HNcfsc/Sp3mp
Jer 50:28	ק֥וֹל	6963 a	HNcmsc
Jer 50:28	נָסִ֛ים	5127	HVqrmpa
Jer 50:28	וּ/פְלֵטִ֖ים	c/6412 b	HC/Ncmpa
Jer 50:28	מֵ/אֶ֣רֶץ	m/776	HR/Ncbsc
Jer 50:28	בָּבֶ֑ל	894	HNp
Jer 50:28	לְ/הַגִּ֣יד	l/5046	HR/Vhc
Jer 50:28	בְּ/צִיּ֗וֹן	b/6726	HR/Np
Jer 50:28	אֶת	853	HTo
Jer 50:28	נִקְמַת֙	5360	HNcfsc
Jer 50:28	יְהוָ֣ה	3068	HNp
Jer 50:28	אֱלֹהֵ֔י/נוּ	430	HNcmpc/Sp1cp
Jer 50:28	נִקְמַ֖ת	5360	HNcfsc
Jer 50:28	הֵיכָלֽ/וֹ	1964	HNcmsc/Sp3ms
Jer 50:29	הַשְׁמִ֣יעוּ	8085	HVhv2mp
Jer 50:29	אֶל	413	HR
Jer 50:29	בָּבֶ֣ל	894	HNp
Jer 50:29	רַ֠בִּים	7228	HNcmpa
Jer 50:29	כָּל	3605	HNcmsc
Jer 50:29	דֹּ֨רְכֵי	1869	HVqrmpc
Jer 50:29	קֶ֜שֶׁת	7198	HNcfsa
Jer 50:29	חֲנ֧וּ	2583	HVqv2mp
Jer 50:29	עָלֶ֣י/הָ	5921 a	HR/Sp3fs
Jer 50:29	סָבִ֗יב	5439	HNcbsa
Jer 50:29	אַל	408	HTn
Jer 50:29	יְהִי	1961	HVqj3ms
Jer 50:29	פְּלֵטָ֔ה	6413	HNcfsa
Jer 50:29	שַׁלְּמוּ	7999 a	HVpv2mp
Jer 50:29	לָ֣/הּ	l	HR/Sp3fs
Jer 50:29	כְּ/פָעֳלָ֔/הּ	k/6467	HR/Ncmsc/Sp3fs
Jer 50:29	כְּ/כֹ֛ל	k/3605	HR/Ncmsa
Jer 50:29	אֲשֶׁ֥ר	834 a	HTr
Jer 50:29	עָשְׂתָ֖ה	6213 a	HVqp3fs
Jer 50:29	עֲשׂוּ	6213 a	HVqv2mp
Jer 50:29	לָ֑/הּ	l	HR/Sp3fs
Jer 50:29	כִּ֧י	3588 a	HC
Jer 50:29	אֶל	413	HR
Jer 50:29	יְהוָ֛ה	3068	HNp
Jer 50:29	זָ֖דָה	2102	HVqp3fs
Jer 50:29	אֶל	413	HR
Jer 50:29	קְד֥וֹשׁ	6918	HAamsc
Jer 50:29	יִשְׂרָאֵֽל	3478	HNp
Jer 50:30	לָ/כֵ֛ן	l/3651 c	HR/D
Jer 50:30	יִפְּל֥וּ	5307	HVqi3mp
Jer 50:30	בַחוּרֶ֖י/הָ	970	HNcmpc/Sp3fs
Jer 50:30	בִּ/רְחֹבֹתֶ֑י/הָ	b/7339	HR/Ncfpc/Sp3fs
Jer 50:30	וְ/כָל	c/3605	HC/Ncmsc
Jer 50:30	אַנְשֵׁ֨י	376	HNcmpc
Jer 50:30	מִלְחַמְתָּ֥/הּ	4421	HNcfsc/Sp3fs
Jer 50:30	יִדַּ֛מּוּ	1826 a	HVNi3mp
Jer 50:30	בַּ/יּ֥וֹם	b/3117	HRd/Ncmsa
Jer 50:30	הַ/ה֖וּא	d/1931	HTd/Pp3ms
Jer 50:30	נְאֻם	5002	HNcmsc
Jer 50:30	יְהוָֽה	3068	HNp
Jer 50:31	הִנְ/נִ֤י	2005	HTm/Sp1cs
Jer 50:31	אֵלֶ֨י/ךָ֙	413	HR/Sp2ms
Jer 50:31	זָד֔וֹן	2087	HNcmsa
Jer 50:31	נְאֻם	5002	HNcmsc
Jer 50:31	אֲדֹנָ֥/י	136	HNcmpc/Sp1cs
Jer 50:31	יְהוִ֖ה	3069	HNp
Jer 50:31	צְבָא֑וֹת	6635 b	HNcbpa
Jer 50:31	כִּ֛י	3588 a	HC
Jer 50:31	בָּ֥א	935	HVqp3ms
Jer 50:31	יוֹמְ/ךָ֖	3117	HNcmsc/Sp2ms
Jer 50:31	עֵ֥ת	6256	HNcbsa
Jer 50:31	פְּקַדְתִּֽי/ךָ	6485 a	HVqp1cs/Sp2ms
Jer 50:32	וְ/כָשַׁ֤ל	c/3782	HC/Vqq3ms
Jer 50:32	זָדוֹן֙	2087	HNcmsa
Jer 50:32	וְ/נָפַ֔ל	c/5307	HC/Vqq3ms
Jer 50:32	וְ/אֵ֥ין	c/369	HC/Tn
Jer 50:32	ל֖/וֹ	l	HR/Sp3ms
Jer 50:32	מֵקִ֑ים	6965 b	HVhrmsa
Jer 50:32	וְ/הִצַּ֤תִּי	c/3341	HC/Vhq1cs
Jer 50:32	אֵשׁ֙	784	HNcbsa
Jer 50:32	בְּ/עָרָ֔י/ו	b/5892 b	HR/Ncfpc/Sp3ms
Jer 50:32	וְ/אָכְלָ֖ה	c/398	HC/Vqq3fs
Jer 50:32	כָּל	3605	HNcmsc
Jer 50:32	סְבִיבֹתָֽי/ו	5439	HNcbpc/Sp3ms
Jer 50:33	כֹּ֤ה	3541	HD
Jer 50:33	אָמַר֙	559	HVqp3ms
Jer 50:33	יְהוָ֣ה	3068	HNp
Jer 50:33	צְבָא֔וֹת	6635 b	HNcbpa
Jer 50:33	עֲשׁוּקִ֛ים	6231	HVqsmpa
Jer 50:33	בְּנֵי	1121 a	HNcmpc
Jer 50:33	יִשְׂרָאֵ֥ל	3478	HNp
Jer 50:33	וּ/בְנֵי	c/1121 a	HC/Ncmpc
Jer 50:33	יְהוּדָ֖ה	3063	HNp
Jer 50:33	יַחְדָּ֑ו	3162 b	HD
Jer 50:33	וְ/כָל	c/3605	HC/Ncmsc
Jer 50:33	שֹֽׁבֵי/הֶם֙	7617	HVqrmpc/Sp3mp
Jer 50:33	הֶחֱזִ֣יקוּ	2388	HVhp3cp
Jer 50:33	בָ֔/ם	b	HR/Sp3mp
Jer 50:33	מֵאֲנ֖וּ	3985	HVpp3cp
Jer 50:33	שַׁלְּחָֽ/ם	7971	HVpc/Sp3mp
Jer 50:34	גֹּאֲלָ֣/ם	1350 a	HVqrmsc/Sp3mp
Jer 50:34	חָזָ֗ק	2389	HAamsa
Jer 50:34	יְהוָ֤ה	3068	HNp
Jer 50:34	צְבָאוֹת֙	6635 b	HNcbpa
Jer 50:34	שְׁמ֔/וֹ	8034	HNcmsc/Sp3ms
Jer 50:34	רִ֥יב	7378	HVqa
Jer 50:34	יָרִ֖יב	7378	HVqi3ms
Jer 50:34	אֶת	853	HTo
Jer 50:34	רִיבָ֑/ם	7379	HNcbsc/Sp3mp
Jer 50:34	לְמַ֨עַן֙	4616	HR
Jer 50:34	הִרְגִּ֣יעַ	7280 b	HVhc
Jer 50:34	אֶת	853	HTo
Jer 50:34	הָ/אָ֔רֶץ	d/776	HTd/Ncbsa
Jer 50:34	וְ/הִרְגִּ֖יז	c/7264	HC/Vhc
Jer 50:34	לְ/יֹשְׁבֵ֥י	l/3427	HR/Vqrmpc
Jer 50:34	בָבֶֽל	894	HNp
Jer 50:35	חֶ֥רֶב	2719	HNcfsa
Jer 50:35	עַל	5921 a	HR
Jer 50:35	כַּשְׂדִּ֖ים	3778	HNp
Jer 50:35	נְאֻם	5002	HNcmsc
Jer 50:35	יְהוָ֑ה	3068	HNp
Jer 50:35	וְ/אֶל	c/413	HC/R
Jer 50:35	יֹשְׁבֵ֣י	3427	HVqrmpc
Jer 50:35	בָבֶ֔ל	894	HNp
Jer 50:35	וְ/אֶל	c/413	HC/R
Jer 50:35	שָׂרֶ֖י/הָ	8269	HNcmpc/Sp3fs
Jer 50:35	וְ/אֶל	c/413	HC/R
Jer 50:35	חֲכָמֶֽי/הָ	2450	HAampc/Sp3fs
Jer 50:36	חֶ֥רֶב	2719	HNcfsa
Jer 50:36	אֶל	413	HR
Jer 50:36	הַ/בַּדִּ֖ים	d/907	HTd/Ncmpa
Jer 50:36	וְ/נֹאָ֑לוּ	c/2973	HC/VNq3cp
Jer 50:36	חֶ֥רֶב	2719	HNcfsa
Jer 50:36	אֶל	413	HR
Jer 50:36	גִּבּוֹרֶ֖י/הָ	1368	HAampc/Sp3fs
Jer 50:36	וָ/חָֽתּוּ	c/2865	HC/Vqq3cp
Jer 50:37	חֶ֜רֶב	2719	HNcfsa
Jer 50:37	אֶל	413	HR
Jer 50:37	סוּסָ֣י/ו	5483 b	HNcmpc/Sp3ms
Jer 50:37	וְ/אֶל	c/413	HC/R
Jer 50:37	רִכְבּ֗/וֹ	7393	HNcmsc/Sp3ms
Jer 50:37	וְ/אֶל	c/413	HC/R
Jer 50:37	כָּל	3605	HNcmsc
Jer 50:37	הָ/עֶ֛רֶב	d/6154 a	HTd/Ncmsa
Jer 50:37	אֲשֶׁ֥ר	834 a	HTr
Jer 50:37	בְּ/תוֹכָ֖/הּ	b/8432	HR/Ncmsc/Sp3fs
Jer 50:37	וְ/הָי֣וּ	c/1961	HC/Vqq3cp
Jer 50:37	לְ/נָשִׁ֑ים	l/802	HR/Ncfpa
Jer 50:37	חֶ֥רֶב	2719	HNcfsa
Jer 50:37	אֶל	413	HR
Jer 50:37	אוֹצְרֹתֶ֖י/הָ	214	HNcmpc/Sp3fs
Jer 50:37	וּ/בֻזָּֽזוּ	c/962	HC/VPq3cp
Jer 50:38	חֹ֥רֶב	2721 a	HNcmsa
Jer 50:38	אֶל	413	HR
Jer 50:38	מֵימֶ֖י/הָ	4325	HNcmpc/Sp3fs
Jer 50:38	וְ/יָבֵ֑שׁוּ	c/3001	HC/Vqq3cp
Jer 50:38	כִּ֣י	3588 a	HC
Jer 50:38	אֶ֤רֶץ	776	HNcbsc
Jer 50:38	פְּסִלִים֙	6456	HNcmpa
Jer 50:38	הִ֔יא	1931	HPp3fs
Jer 50:38	וּ/בָ/אֵימִ֖ים	c/b/367	HC/Rd/Ncfpa
Jer 50:38	יִתְהֹלָֽלוּ	1984 c	HVti3mp
Jer 50:39	לָ/כֵ֗ן	l/3651 c	HR/D
Jer 50:39	יֵשְׁב֤וּ	3427	HVqi3mp
Jer 50:39	צִיִּים֙	6728	HNcmpa
Jer 50:39	אֶת	854	HR
Jer 50:39	אִיִּ֔ים	338	HNcmpa
Jer 50:39	וְ/יָ֥שְׁבוּ	c/3427	HC/Vqq3cp
Jer 50:39	בָ֖/הּ	b	HR/Sp3fs
Jer 50:39	בְּנ֣וֹת	1323	HNcfpc
Jer 50:39	יַֽעֲנָ֑ה	3284	HNcfsa
Jer 50:39	וְ/לֹֽא	c/3808	HC/Tn
Jer 50:39	תֵשֵׁ֥ב	3427	HVqi3fs
Jer 50:39	עוֹד֙	5750	HD
Jer 50:39	לָ/נֶ֔צַח	l/5331	HR/Ncmsa
Jer 50:39	וְ/לֹ֥א	c/3808	HC/Tn
Jer 50:39	תִשְׁכּ֖וֹן	7931	HVqi3fs
Jer 50:39	עַד	5704	HR
Jer 50:39	דּ֥וֹר	1755	HNcmsa
Jer 50:39	וָ/דֽוֹר	c/1755	HC/Ncmsa
Jer 50:40	כְּ/מַהְפֵּכַ֨ת	k/4114	HR/Ncfsc
Jer 50:40	אֱלֹהִ֜ים	430	HNcmpa
Jer 50:40	אֶת	853	HTo
Jer 50:40	סְדֹ֧ם	5467	HNp
Jer 50:40	וְ/אֶת	c/853	HC/To
Jer 50:40	עֲמֹרָ֛ה	6017	HNp
Jer 50:40	וְ/אֶת	c/853	HC/To
Jer 50:40	שְׁכֵנֶ֖י/הָ	7934	HAampc/Sp3fs
Jer 50:40	נְאֻם	5002	HNcmsc
Jer 50:40	יְהוָ֑ה	3068	HNp
Jer 50:40	לֹֽא	3808	HTn
Jer 50:40	יֵשֵׁ֥ב	3427	HVqi3ms
Jer 50:40	שָׁם֙	8033	HD
Jer 50:40	אִ֔ישׁ	376	HNcmsa
Jer 50:40	וְ/לֹֽא	c/3808	HC/Tn
Jer 50:40	יָג֥וּר	1481 a	HVqi3ms
Jer 50:40	בָּ֖/הּ	b	HR/Sp3fs
Jer 50:40	בֶּן	1121 a	HNcmsc
Jer 50:40	אָדָֽם	120	HNcmsa
Jer 50:41	הִנֵּ֛ה	2009	HTm
Jer 50:41	עַ֥ם	5971 a	HNcmsa
Jer 50:41	בָּ֖א	935	HVqp3ms
Jer 50:41	מִ/צָּפ֑וֹן	m/6828	HR/Ncfsa
Jer 50:41	וְ/ג֤וֹי	c/1471 a	HC/Ncmsa
Jer 50:41	גָּדוֹל֙	1419 a	HAamsa
Jer 50:41	וּ/מְלָכִ֣ים	c/4428	HC/Ncmpa
Jer 50:41	רַבִּ֔ים	7227 a	HAampa
Jer 50:41	יֵעֹ֖רוּ	5782	HVNi3mp
Jer 50:41	מִ/יַּרְכְּתֵי	m/3411	HR/Ncfdc
Jer 50:41	אָֽרֶץ	776	HNcbsa
Jer 50:42	קֶ֣שֶׁת	7198	HNcfsa
Jer 50:42	וְ/כִידֹ֞ן	c/3591	HC/Ncmsa
Jer 50:42	יַחֲזִ֗יקוּ	2388	HVhi3mp
Jer 50:42	אַכְזָרִ֥י	394	HAamsa
Jer 50:42	הֵ֨מָּה֙	1992	HPp3mp
Jer 50:42	וְ/לֹ֣א	c/3808	HC/Tn
Jer 50:42	יְרַחֵ֔מוּ	7355	HVpi3mp
Jer 50:42	קוֹלָ/ם֙	6963 a	HNcmsc/Sp3mp
Jer 50:42	כַּ/יָּ֣ם	k/3220	HRd/Ncmsa
Jer 50:42	יֶהֱמֶ֔ה	1993	HVqi3ms
Jer 50:42	וְ/עַל	c/5921 a	HC/R
Jer 50:42	סוּסִ֖ים	5483 b	HNcmpa
Jer 50:42	יִרְכָּ֑בוּ	7392	HVqi3mp
Jer 50:42	עָר֗וּךְ	6186 a	HVqsmsa
Jer 50:42	כְּ/אִישׁ֙	k/376	HR/Ncmsa
Jer 50:42	לַ/מִּלְחָמָ֔ה	l/4421	HRd/Ncfsa
Jer 50:42	עָלַ֖יִ/ךְ	5921 a	HR/Sp2fs
Jer 50:42	בַּת	1323	HNcfsc
Jer 50:42	בָּבֶֽל	894	HNp
Jer 50:43	שָׁמַ֧ע	8085	HVqp3ms
Jer 50:43	מֶֽלֶךְ	4428	HNcmsc
Jer 50:43	בָּבֶ֛ל	894	HNp
Jer 50:43	אֶת	853	HTo
Jer 50:43	שִׁמְעָ֖/ם	8088 b	HNcmsc/Sp3mp
Jer 50:43	וְ/רָפ֣וּ	c/7503	HC/Vqp3cp
Jer 50:43	יָדָ֑י/ו	3027	HNcbdc/Sp3ms
Jer 50:43	צָרָה֙	6869 b	HNcfsa
Jer 50:43	הֶחֱזִיקַ֔תְ/הוּ	2388	HVhp3fs/Sp3ms
Jer 50:43	חִ֖יל	2427 a	HNcmsa
Jer 50:43	כַּ/יּוֹלֵדָֽה	k/3205	HRd/Vqrfsa
Jer 50:44	הִ֠נֵּה	2009	HTm
Jer 50:44	כְּ/אַרְיֵ֞ה	k/738 b	HR/Ncmsa
Jer 50:44	יַעֲלֶ֨ה	5927	HVqi3ms
Jer 50:44	מִ/גְּא֣וֹן	m/1347	HR/Ncmsc
Jer 50:44	הַ/יַּרְדֵּן֮	d/3383	HTd/Np
Jer 50:44	אֶל	413	HR
Jer 50:44	נְוֵ֣ה	5116 a	HNcbsc
Jer 50:44	אֵיתָן֒	386	HAamsa
Jer 50:44	כִּֽי	3588 a	HC
Jer 50:44	אַרְגִּ֤עָה	7280 a	HVhh1cs
Jer 50:44	ארוצ/ם	7323	HVqi1cs/Sp3mp
Jer 50:44	מֵֽ/עָלֶ֔י/הָ	m/5921 a	HR/R/Sp3fs
Jer 50:44	וּ/מִ֥י	c/4310	HC/Ti
Jer 50:44	בָח֖וּר	970	HVqsmsa
Jer 50:44	אֵלֶ֣י/הָ	413	HR/Sp3fs
Jer 50:44	אֶפְקֹ֑ד	6485 a	HVqi1cs
Jer 50:44	כִּ֣י	3588 a	HC
Jer 50:44	מִ֤י	4310	HTi
Jer 50:44	כָמ֨וֹ/נִי֙	3644	HR/Sp1cs
Jer 50:44	וּ/מִ֣י	c/4310	HC/Ti
Jer 50:44	יוֹעִדֶ֔/נִּי	3259	HVhi3ms/Sp1cs
Jer 50:44	וּ/מִֽי	c/4310	HC/Ti
Jer 50:44	זֶ֣ה	2088	HPdxms
Jer 50:44	רֹעֶ֔ה	7462 b	HVqrmsa
Jer 50:44	אֲשֶׁ֥ר	834 a	HTr
Jer 50:44	יַעֲמֹ֖ד	5975	HVqi3ms
Jer 50:44	לְ/פָנָֽ/י	l/6440	HR/Ncbpc/Sp1cs
Jer 50:45	לָ/כֵ֞ן	l/3651 c	HR/D
Jer 50:45	שִׁמְע֣וּ	8085	HVqv2mp
Jer 50:45	עֲצַת	6098	HNcfsc
Jer 50:45	יְהוָ֗ה	3068	HNp
Jer 50:45	אֲשֶׁ֤ר	834 a	HTr
Jer 50:45	יָעַץ֙	3289	HVqp3ms
Jer 50:45	אֶל	413	HR
Jer 50:45	בָּבֶ֔ל	894	HNp
Jer 50:45	וּ/מַ֨חְשְׁבוֹתָ֔י/ו	c/4284	HC/Ncfpc/Sp3ms
Jer 50:45	אֲשֶׁ֥ר	834 a	HTr
Jer 50:45	חָשַׁ֖ב	2803	HVqp3ms
Jer 50:45	אֶל	413	HR
Jer 50:45	אֶ֣רֶץ	776	HNcbsc
Jer 50:45	כַּשְׂדִּ֑ים	3778	HNp
Jer 50:45	אִם	518 a	HC
Jer 50:45	לֹ֤א	3808	HTn
Jer 50:45	יִסְחָבוּ/ם֙	5498	HVqi3mp/Sp3mp
Jer 50:45	צְעִירֵ֣י	6810	HAampc
Jer 50:45	הַ/צֹּ֔אן	d/6629	HTd/Ncbsa
Jer 50:45	אִם	518 a	HC
Jer 50:45	לֹ֥א	3808	HTn
Jer 50:45	יַשִּׁ֛ים	8074	HVhi3ms
Jer 50:45	עֲלֵי/הֶ֖ם	5921 a	HR/Sp3mp
Jer 50:45	נָוֶֽה	5116 a	HNcbsa
Jer 50:46	מִ/קּוֹל֙	m/6963 a	HR/Ncmsa
Jer 50:46	נִתְפְּשָׂ֣ה	8610	HVNp3fs
Jer 50:46	בָבֶ֔ל	894	HNp
Jer 50:46	נִרְעֲשָׁ֖ה	7493	HVNp3fs
Jer 50:46	הָ/אָ֑רֶץ	d/776	HTd/Ncbsa
Jer 50:46	וּ/זְעָקָ֖ה	c/2201	HC/Ncfsa
Jer 50:46	בַּ/גּוֹיִ֥ם	b/1471 a	HRd/Ncmpa
Jer 50:46	נִשְׁמָֽע	8085	HVNp3ms
Jer 51:1	כֹּ֚ה	3541	HD
Jer 51:1	אָמַ֣ר	559	HVqp3ms
Jer 51:1	יְהוָ֔ה	3068	HNp
Jer 51:1	הִנְ/נִי֙	2005	HTm/Sp1cs
Jer 51:1	מֵעִ֣יר	5782	HVhrmsa
Jer 51:1	עַל	5921 a	HR
Jer 51:1	בָּבֶ֔ל	894	HNp
Jer 51:1	וְ/אֶל	c/413	HC/R
Jer 51:1	יֹשְׁבֵ֖י	3427	HVqrmpc
Jer 51:1	לֵ֣ב	3820 b	HNp
Jer 51:1	קָמָ֑י	6965 a	HNp
Jer 51:1	ר֖וּחַ	7307	HNcbsa
Jer 51:1	מַשְׁחִֽית	7843	HVhrmsa
Jer 51:2	וְ/שִׁלַּחְתִּ֨י	c/7971	HC/Vpq1cs
Jer 51:2	לְ/בָבֶ֤ל	l/894	HR/Np
Jer 51:2	זָרִים֙	2114 a	HAampa
Jer 51:2	וְ/זֵר֔וּ/הָ	c/2219	HC/Vpq3cp/Sp3fs
Jer 51:2	וִ/יבֹקְק֖וּ	c/1238 b	HC/Vmi3mp
Jer 51:2	אֶת	853	HTo
Jer 51:2	אַרְצָ֑/הּ	776	HNcbsc/Sp3fs
Jer 51:2	כִּֽי	3588 a	HC
Jer 51:2	הָי֥וּ	1961	HVqp3cp
Jer 51:2	עָלֶ֛י/הָ	5921 a	HR/Sp3fs
Jer 51:2	מִ/סָּבִ֖יב	m/5439	HR/Ncbsa
Jer 51:2	בְּ/י֥וֹם	b/3117	HR/Ncmsc
Jer 51:2	רָעָֽה	7451 c	HNcfsa
Jer 51:3	אֶֽל	413	HR
Jer 51:3	יִדְרֹ֤ךְ	1869	HVqi3ms
Jer 51:3	ידרך	1869	HVqi3ms
Jer 51:3	הַ/דֹּרֵךְ֙	d/1869	HTd/Vqrmsa
Jer 51:3	קַשְׁתּ֔/וֹ	7198	HNcfsc/Sp3ms
Jer 51:3	וְ/אֶל	c/408	HC/R
Jer 51:3	יִתְעַ֖ל	5927	HVtj3ms
Jer 51:3	בְּ/סִרְיֹנ֑/וֹ	b/5630	HR/Ncmsc/Sp3ms
Jer 51:3	וְ/אַֽל	c/413	HC/Tn
Jer 51:3	תַּחְמְלוּ֙	2550	HVqi2mp
Jer 51:3	אֶל	413	HR
Jer 51:3	בַּ֣חֻרֶ֔י/הָ	970	HNcmpc/Sp3fs
Jer 51:3	הַחֲרִ֖ימוּ	2763 a	HVhv2mp
Jer 51:3	כָּל	3605	HNcmsc
Jer 51:3	צְבָאָֽ/הּ	6635 a	HNcbsc/Sp3fs
Jer 51:4	וְ/נָפְל֥וּ	c/5307	HC/Vqq3cp
Jer 51:4	חֲלָלִ֖ים	2491 a	HAampa
Jer 51:4	בְּ/אֶ֣רֶץ	b/776	HR/Ncbsc
Jer 51:4	כַּשְׂדִּ֑ים	3778	HNp
Jer 51:4	וּ/מְדֻקָּרִ֖ים	c/1856	HC/VPsmpa
Jer 51:4	בְּ/חוּצוֹתֶֽי/הָ	b/2351	HR/Ncmpc/Sp3fs
Jer 51:5	כִּ֠י	3588 a	HC
Jer 51:5	לֹֽא	3808	HTn
Jer 51:5	אַלְמָ֨ן	488	HAamsa
Jer 51:5	יִשְׂרָאֵ֤ל	3478	HNp
Jer 51:5	וִֽ/יהוּדָה֙	c/3063	HC/Np
Jer 51:5	מֵֽ/אֱלֹהָ֔י/ו	m/430	HR/Ncmpc/Sp3ms
Jer 51:5	מֵֽ/יְהוָ֖ה	m/3068	HR/Np
Jer 51:5	צְבָא֑וֹת	6635 b	HNcbpa
Jer 51:5	כִּ֤י	3588 a	HC
Jer 51:5	אַרְצָ/ם֙	776	HNcbsc/Sp3mp
Jer 51:5	מָלְאָ֣ה	4390	HVqp3fs
Jer 51:5	אָשָׁ֔ם	817	HNcmsa
Jer 51:5	מִ/קְּד֖וֹשׁ	m/6918	HR/Aamsc
Jer 51:5	יִשְׂרָאֵֽל	3478	HNp
Jer 51:6	נֻ֣סוּ	5127	HVqv2mp
Jer 51:6	מִ/תּ֣וֹךְ	m/8432	HR/Ncmsc
Jer 51:6	בָּבֶ֗ל	894	HNp
Jer 51:6	וּ/מַלְּטוּ֙	c/4422	HC/Vpv2mp
Jer 51:6	אִ֣ישׁ	376	HNcmsa
Jer 51:6	נַפְשׁ֔/וֹ	5315	HNcbsc/Sp3ms
Jer 51:6	אַל	408	HTn
Jer 51:6	תִּדַּ֖מּוּ	1826 a	HVNj2mp
Jer 51:6	בַּ/עֲוֺנָ֑/הּ	b/5771	HR/Ncbsc/Sp3fs
Jer 51:6	כִּי֩	3588 a	HC
Jer 51:6	עֵ֨ת	6256	HNcbsc
Jer 51:6	נְקָמָ֥ה	5360	HNcfsa
Jer 51:6	הִיא֙	1931	HPp3fs
Jer 51:6	לַֽ/יהוָ֔ה	l/3068	HR/Np
Jer 51:6	גְּמ֕וּל	1576	HNcmsa
Jer 51:6	ה֥וּא	1931	HPp3ms
Jer 51:6	מְשַׁלֵּ֖ם	7999 a	HVprmsa
Jer 51:6	לָֽ/הּ	l	HR/Sp3fs
Jer 51:7	כּוֹס	3563 a	HNcfsc
Jer 51:7	זָהָ֤ב	2091	HNcmsa
Jer 51:7	בָּבֶל֙	894	HNp
Jer 51:7	בְּ/יַד	b/3027	HR/Ncbsc
Jer 51:7	יְהוָ֔ה	3068	HNp
Jer 51:7	מְשַׁכֶּ֖רֶת	7937	HVprfsa
Jer 51:7	כָּל	3605	HNcmsc
Jer 51:7	הָ/אָ֑רֶץ	d/776	HTd/Ncbsa
Jer 51:7	מִ/יֵּינָ/הּ֙	m/3196	HR/Ncmsc/Sp3fs
Jer 51:7	שָׁת֣וּ	8354	HVqp3cp
Jer 51:7	גוֹיִ֔ם	1471 a	HNcmpa
Jer 51:7	עַל	5921 a	HR
Jer 51:7	כֵּ֖ן	3651 c	HTm
Jer 51:7	יִתְהֹלְל֥וּ	1984 c	HVti3mp
Jer 51:7	גוֹיִֽם	1471 a	HNcmpa
Jer 51:8	פִּתְאֹ֛ם	6597	HD
Jer 51:8	נָפְלָ֥ה	5307	HVqp3fs
Jer 51:8	בָבֶ֖ל	894	HNp
Jer 51:8	וַ/תִּשָּׁבֵ֑ר	c/7665	HC/VNw3fs
Jer 51:8	הֵילִ֣ילוּ	3213	HVhv2mp
Jer 51:8	עָלֶ֗י/הָ	5921 a	HR/Sp3fs
Jer 51:8	קְח֤וּ	3947	HVqv2mp
Jer 51:8	צֳרִי֙	6875	HNcmsa
Jer 51:8	לְ/מַכְאוֹבָ֔/הּ	l/4341	HR/Ncmsc/Sp3fs
Jer 51:8	אוּלַ֖י	194	HD
Jer 51:8	תֵּרָפֵֽא	7495	HVNi3fs
Jer 51:9	רפאנו	7495	HVpp1cp
Jer 51:9	אֶת	853	HTo
Jer 51:9	בָּבֶל֙	894	HNp
Jer 51:9	וְ/לֹ֣א	c/3808	HC/Tn
Jer 51:9	נִרְפָּ֔תָה	7495	HVNp3fs
Jer 51:9	עִזְב֕וּ/הָ	5800 a	HVqv2mp/Sp3fs
Jer 51:9	וְ/נֵלֵ֖ךְ	c/3212	HC/Vqi1cp
Jer 51:9	אִ֣ישׁ	376	HNcmsa
Jer 51:9	לְ/אַרְצ֑/וֹ	l/776	HR/Ncbsc/Sp3ms
Jer 51:9	כִּֽי	3588 a	HC
Jer 51:9	נָגַ֤ע	5060	HVqp3ms
Jer 51:9	אֶל	413	HR
Jer 51:9	הַ/שָּׁמַ֨יִם֙	d/8064	HTd/Ncmpa
Jer 51:9	מִשְׁפָּטָ֔/הּ	4941	HNcmsc/Sp3fs
Jer 51:9	וְ/נִשָּׂ֖א	c/5375	HC/VNp3ms
Jer 51:9	עַד	5704	HR
Jer 51:9	שְׁחָקִֽים	7834	HNcmpa
Jer 51:10	הוֹצִ֥יא	3318	HVhp3ms
Jer 51:10	יְהוָ֖ה	3068	HNp
Jer 51:10	אֶת	853	HTo
Jer 51:10	צִדְקֹתֵ֑י/נוּ	6666	HNcfpc/Sp1cp
Jer 51:10	בֹּ֚אוּ	935	HVqv2mp
Jer 51:10	וּ/נְסַפְּרָ֣ה	c/5608 a	HC/Vph1cp
Jer 51:10	בְ/צִיּ֔וֹן	b/6726	HR/Np
Jer 51:10	אֶֽת	853	HTo
Jer 51:10	מַעֲשֵׂ֖ה	4639	HNcmsc
Jer 51:10	יְהוָ֥ה	3068	HNp
Jer 51:10	אֱלֹהֵֽי/נוּ	430	HNcmpc/Sp1cp
Jer 51:11	הָבֵ֣רוּ	1305	HVhv2mp
Jer 51:11	הַ/חִצִּים֮	d/2671	HTd/Ncmpa
Jer 51:11	מִלְא֣וּ	4390	HVqv2mp
Jer 51:11	הַ/שְּׁלָטִים֒	d/7982	HTd/Ncmpa
Jer 51:11	הֵעִ֣יר	5782	HVhp3ms
Jer 51:11	יְהוָ֗ה	3068	HNp
Jer 51:11	אֶת	853	HTo
Jer 51:11	ר֨וּחַ֙	7307	HNcbsc
Jer 51:11	מַלְכֵ֣י	4428	HNcmpc
Jer 51:11	מָדַ֔י	4074	HNp
Jer 51:11	כִּֽי	3588 a	HC
Jer 51:11	עַל	5921 a	HR
Jer 51:11	בָּבֶ֥ל	894	HNp
Jer 51:11	מְזִמָּת֖/וֹ	4209	HNcfsc/Sp3ms
Jer 51:11	לְ/הַשְׁחִיתָ֑/הּ	l/7843	HR/Vhc/Sp3fs
Jer 51:11	כִּֽי	3588 a	HC
Jer 51:11	נִקְמַ֤ת	5360	HNcfsc
Jer 51:11	יְהוָה֙	3068	HNp
Jer 51:11	הִ֔יא	1931	HPp3fs
Jer 51:11	נִקְמַ֖ת	5360	HNcfsc
Jer 51:11	הֵיכָלֽ/וֹ	1964	HNcmsc/Sp3ms
Jer 51:12	אֶל	413	HR
Jer 51:12	חוֹמֹ֨ת	2346	HNcfpc
Jer 51:12	בָּבֶ֜ל	894	HNp
Jer 51:12	שְׂאוּ	5375	HVqv2mp
Jer 51:12	נֵ֗ס	5251	HNcmsa
Jer 51:12	הַחֲזִ֨יקוּ֙	2388	HVhv2mp
Jer 51:12	הַ/מִּשְׁמָ֔ר	d/4929	HTd/Ncmsa
Jer 51:12	הָקִ֨ימוּ֙	6965 b	HVhv2mp
Jer 51:12	שֹֽׁמְרִ֔ים	8104	HVqrmpa
Jer 51:12	הָכִ֖ינוּ	3559 a	HVhv2mp
Jer 51:12	הָ/אֹֽרְבִ֑ים	d/693	HTd/Vqrmpa
Jer 51:12	כִּ֚י	3588 a	HC
Jer 51:12	גַּם	1571	HTa
Jer 51:12	זָמַ֣ם	2161	HVqp3ms
Jer 51:12	יְהוָ֔ה	3068	HNp
Jer 51:12	גַּם	1571	HTa
Jer 51:12	עָשָׂ֕ה	6213 a	HVqp3ms
Jer 51:12	אֵ֥ת	853	HTo
Jer 51:12	אֲשֶׁר	834 a	HTr
Jer 51:12	דִּבֶּ֖ר	1696	HVpp3ms
Jer 51:12	אֶל	413	HR
Jer 51:12	יֹשְׁבֵ֥י	3427	HVqrmpc
Jer 51:12	בָבֶֽל	894	HNp
Jer 51:13	שכנתי	7931	HVqrfsc
Jer 51:13	עַל	5921 a	HR
Jer 51:13	מַ֣יִם	4325	HNcmpa
Jer 51:13	רַבִּ֔ים	7227 a	HAampa
Jer 51:13	רַבַּ֖ת	7227 a	HAafsc
Jer 51:13	אֽוֹצָרֹ֑ת	214	HNcmpa
Jer 51:13	בָּ֥א	935	HVqp3ms
Jer 51:13	קִצֵּ֖/ךְ	7093	HNcmsc/Sp2fs
Jer 51:13	אַמַּ֥ת	520 a	HNcfsc
Jer 51:13	בִּצְעֵֽ/ךְ	1215	HNcmsc/Sp2fs
Jer 51:14	נִשְׁבַּ֛ע	7650	HVNp3ms
Jer 51:14	יְהוָ֥ה	3068	HNp
Jer 51:14	צְבָא֖וֹת	6635 b	HNcbpa
Jer 51:14	בְּ/נַפְשׁ֑/וֹ	b/5315	HR/Ncbsc/Sp3ms
Jer 51:14	כִּ֣י	3588 b	HC
Jer 51:14	אִם	518 b	HC
Jer 51:14	מִלֵּאתִ֤י/ךְ	4390	HVpp1cs/Sp2fs
Jer 51:14	אָדָם֙	120	HNcmsa
Jer 51:14	כַּ/יֶּ֔לֶק	k/3218	HRd/Ncmsa
Jer 51:14	וְ/עָנ֥וּ	c/6030 c	HC/Vqq3cp
Jer 51:14	עָלַ֖יִ/ךְ	5921 a	HR/Sp2fs
Jer 51:14	הֵידָֽד	1959	HNcmsa
Jer 51:15	עֹשֵׂ֥ה	6213 a	HVqrmsc
Jer 51:15	אֶ֨רֶץ֙	776	HNcbsa
Jer 51:15	בְּ/כֹח֔/וֹ	b/3581 b	HR/Ncmsc/Sp3ms
Jer 51:15	מֵכִ֥ין	3559 a	HVhrmsc
Jer 51:15	תֵּבֵ֖ל	8398	HNcfsa
Jer 51:15	בְּ/חָכְמָת֑/וֹ	b/2451	HR/Ncfsc/Sp3ms
Jer 51:15	וּ/בִ/תְבוּנָת֖/וֹ	c/b/8394	HC/R/Ncfsc/Sp3ms
Jer 51:15	נָטָ֥ה	5186	HVqp3ms
Jer 51:15	שָׁמָֽיִם	8064	HNcmpa
Jer 51:16	לְ/ק֨וֹל	l/6963 a	HR/Ncmsc
Jer 51:16	תִּתּ֜/וֹ	5414	HVqc/Sp3ms
Jer 51:16	הֲמ֥וֹן	1995 a	HNcmsc
Jer 51:16	מַ֨יִם֙	4325	HNcmpa
Jer 51:16	בַּ/שָּׁמַ֔יִם	b/8064	HRd/Ncmpa
Jer 51:16	וַ/יַּ֥עַל	c/5927	HC/Vhw3ms
Jer 51:16	נְשִׂאִ֖ים	5387 b	HNcmpa
Jer 51:16	מִ/קְצֵה	m/7097 a	HR/Ncbsc
Jer 51:16	אָ֑רֶץ	776	HNcbsa
Jer 51:16	בְּרָקִ֤ים	1300 b	HNcmpa
Jer 51:16	לַ/מָּטָר֙	l/4306	HRd/Ncmsa
Jer 51:16	עָשָׂ֔ה	6213 a	HVqp3ms
Jer 51:16	וַ/יֹּ֥צֵא	c/3318	HC/Vhw3ms
Jer 51:16	ר֖וּחַ	7307	HNcbsa
Jer 51:16	מֵ/אֹצְרֹתָֽי/ו	m/214	HR/Ncmpc/Sp3ms
Jer 51:17	נִבְעַ֤ר	1197 b	HVNp3ms
Jer 51:17	כָּל	3605	HNcmsc
Jer 51:17	אָדָם֙	120	HNcmsa
Jer 51:17	מִ/דַּ֔עַת	m/1847	HR/Ncfsa
Jer 51:17	הֹבִ֥ישׁ	3001	HVhp3ms
Jer 51:17	כָּל	3605	HNcmsc
Jer 51:17	צֹרֵ֖ף	6884	HVqrmsa
Jer 51:17	מִ/פָּ֑סֶל	m/6459	HR/Ncmsa
Jer 51:17	כִּ֛י	3588 a	HC
Jer 51:17	שֶׁ֥קֶר	8267	HNcmsa
Jer 51:17	נִסְכּ֖/וֹ	5262	HNcmsc/Sp3ms
Jer 51:17	וְ/לֹא	c/3808	HC/Tn
Jer 51:17	ר֥וּחַ	7307	HNcbsa
Jer 51:17	בָּֽ/ם	b	HR/Sp3mp
Jer 51:18	הֶ֣בֶל	1892	HNcmsa
Jer 51:18	הֵ֔מָּה	1992	HPp3mp
Jer 51:18	מַעֲשֵׂ֖ה	4639	HNcmsc
Jer 51:18	תַּעְתֻּעִ֑ים	8595	HNcmpa
Jer 51:18	בְּ/עֵ֥ת	b/6256	HR/Ncbsc
Jer 51:18	פְּקֻדָּתָ֖/ם	6486	HNcfsc/Sp3mp
Jer 51:18	יֹאבֵֽדוּ	6	HVqi3mp
Jer 51:19	לֹֽא	3808	HTn
Jer 51:19	כְ/אֵ֜לֶּה	k/428	HR/Pdxcp
Jer 51:19	חֵ֣לֶק	2506 a	HNcmsc
Jer 51:19	יַעֲק֗וֹב	3290	HNp
Jer 51:19	כִּֽי	3588 a	HC
Jer 51:19	יוֹצֵ֤ר	3335	HVqrmsc
Jer 51:19	הַ/כֹּל֙	d/3605	HTd/Ncmsa
Jer 51:19	ה֔וּא	1931	HPp3ms
Jer 51:19	וְ/שֵׁ֖בֶט	c/7626	HC/Ncmsc
Jer 51:19	נַחֲלָת֑/וֹ	5159	HNcfsc/Sp3ms
Jer 51:19	יְהוָ֥ה	3068	HNp
Jer 51:19	צְבָא֖וֹת	6635 b	HNcbpa
Jer 51:19	שְׁמֽ/וֹ	8034	HNcmsc/Sp3ms
Jer 51:20	מַפֵּץ	4661	HNcmsa
Jer 51:20	אַתָּ֣ה	859 a	HPp2ms
Jer 51:20	לִ֔/י	l	HR/Sp1cs
Jer 51:20	כְּלֵ֖י	3627	HNcmpc
Jer 51:20	מִלְחָמָ֑ה	4421	HNcfsa
Jer 51:20	וְ/נִפַּצְתִּ֤י	c/5310 a	HC/Vpq1cs
Jer 51:20	בְ/ךָ֙	b	HR/Sp2ms
Jer 51:20	גּוֹיִ֔ם	1471 a	HNcmpa
Jer 51:20	וְ/הִשְׁחַתִּ֥י	c/7843	HC/Vhq1cs
Jer 51:20	בְ/ךָ֖	b	HR/Sp2ms
Jer 51:20	מַמְלָכֽוֹת	4467	HNcfpa
Jer 51:21	וְ/נִפַּצְתִּ֣י	c/5310 a	HC/Vpq1cs
Jer 51:21	בְ/ךָ֔	b	HR/Sp2ms
Jer 51:21	ס֖וּס	5483 b	HNcmsa
Jer 51:21	וְ/רֹֽכְב֑/וֹ	c/7392	HC/Vqrmsc/Sp3ms
Jer 51:21	וְ/נִפַּצְתִּ֣י	c/5310 a	HC/Vpq1cs
Jer 51:21	בְ/ךָ֔	b	HR/Sp2ms
Jer 51:21	רֶ֖כֶב	7393	HNcmsa
Jer 51:21	וְ/רֹכְבֽ/וֹ	c/7392	HC/Vqrmsc/Sp3ms
Jer 51:22	וְ/נִפַּצְתִּ֤י	c/5310 a	HC/Vpq1cs
Jer 51:22	בְ/ךָ֙	b	HR/Sp2ms
Jer 51:22	אִ֣ישׁ	376	HNcmsa
Jer 51:22	וְ/אִשָּׁ֔ה	c/802	HC/Ncfsa
Jer 51:22	וְ/נִפַּצְתִּ֥י	c/5310 a	HC/Vpq1cs
Jer 51:22	בְ/ךָ֖	b	HR/Sp2ms
Jer 51:22	זָקֵ֣ן	2205	HAamsa
Jer 51:22	וָ/נָ֑עַר	c/5288	HC/Ncmsa
Jer 51:22	וְ/נִפַּצְתִּ֣י	c/5310 a	HC/Vpq1cs
Jer 51:22	בְ/ךָ֔	b	HR/Sp2ms
Jer 51:22	בָּח֖וּר	970	HNcmsa
Jer 51:22	וּ/בְתוּלָֽה	c/1330	HC/Ncfsa
Jer 51:23	וְ/נִפַּצְתִּ֤י	c/5310 a	HC/Vpq1cs
Jer 51:23	בְ/ךָ֙	b	HR/Sp2ms
Jer 51:23	רֹעֶ֣ה	7462 b	HVqrmsa
Jer 51:23	וְ/עֶדְר֔/וֹ	c/5739	HC/Ncmsc/Sp3ms
Jer 51:23	וְ/נִפַּצְתִּ֥י	c/5310 a	HC/Vpq1cs
Jer 51:23	בְ/ךָ֖	b	HR/Sp2ms
Jer 51:23	אִכָּ֣ר	406	HNcmsa
Jer 51:23	וְ/צִמְדּ֑/וֹ	c/6776	HC/Ncmsc/Sp3ms
Jer 51:23	וְ/נִפַּצְתִּ֣י	c/5310 a	HC/Vpq1cs
Jer 51:23	בְ/ךָ֔	b	HR/Sp2ms
Jer 51:23	פַּח֖וֹת	6346	HNcmpa
Jer 51:23	וּ/סְגָנִֽים	c/5461	HC/Ncmpa
Jer 51:24	וְ/שִׁלַּמְתִּ֨י	c/7999 a	HC/Vpq1cs
Jer 51:24	לְ/בָבֶ֜ל	l/894	HR/Np
Jer 51:24	וּ/לְ/כֹ֣ל	c/l/3605	HC/R/Ncmsc
Jer 51:24	יוֹשְׁבֵ֣י	3427	HVqrmpc
Jer 51:24	כַשְׂדִּ֗ים	3778	HNp
Jer 51:24	אֵ֧ת	853	HTo
Jer 51:24	כָּל	3605	HNcmsc
Jer 51:24	רָעָתָ֛/ם	7451 c	HNcfsc/Sp3mp
Jer 51:24	אֲשֶׁר	834 a	HTr
Jer 51:24	עָשׂ֥וּ	6213 a	HVqp3cp
Jer 51:24	בְ/צִיּ֖וֹן	b/6726	HR/Np
Jer 51:24	לְ/עֵֽינֵי/כֶ֑ם	l/5869 a	HR/Ncbdc/Sp2mp
Jer 51:24	נְאֻ֖ם	5002	HNcmsc
Jer 51:24	יְהוָֽה	3068	HNp
Jer 51:25	הִנְ/נִ֨י	2005	HTm/Sp1cs
Jer 51:25	אֵלֶ֜י/ךָ	413	HR/Sp2ms
Jer 51:25	הַ֤ר	2022	HNcmsc
Jer 51:25	הַ/מַּשְׁחִית֙	d/4889	HTd/Ncmsa
Jer 51:25	נְאֻם	5002	HNcmsc
Jer 51:25	יְהוָ֔ה	3068	HNp
Jer 51:25	הַ/מַּשְׁחִ֖ית	d/7843	HTd/Vhrmsa
Jer 51:25	אֶת	853	HTo
Jer 51:25	כָּל	3605	HNcmsc
Jer 51:25	הָ/אָ֑רֶץ	d/776	HTd/Ncbsa
Jer 51:25	וְ/נָטִ֨יתִי	c/5186	HC/Vqq1cs
Jer 51:25	אֶת	853	HTo
Jer 51:25	יָדִ֜/י	3027	HNcbsc/Sp1cs
Jer 51:25	עָלֶ֗י/ךָ	5921 a	HR/Sp2ms
Jer 51:25	וְ/גִלְגַּלְתִּ֨י/ךָ֙	c/1556	HC/Vlq1cs/Sp2ms
Jer 51:25	מִן	4480 a	HR
Jer 51:25	הַ/סְּלָעִ֔ים	d/5553	HTd/Ncmpa
Jer 51:25	וּ/נְתַתִּ֖י/ךָ	c/5414	HC/Vqq1cs/Sp2ms
Jer 51:25	לְ/הַ֥ר	l/2022	HR/Ncmsc
Jer 51:25	שְׂרֵפָֽה	8316	HNcfsa
Jer 51:26	וְ/לֹֽא	c/3808	HC/Tn
Jer 51:26	יִקְח֤וּ	3947	HVqi3mp
Jer 51:26	מִמְּ/ךָ֙	4480 a	HR/Sp2ms
Jer 51:26	אֶ֣בֶן	68	HNcfsa
Jer 51:26	לְ/פִנָּ֔ה	l/6438	HR/Ncfsa
Jer 51:26	וְ/אֶ֖בֶן	c/68	HC/Ncfsa
Jer 51:26	לְ/מֽוֹסָד֑וֹת	l/4146	HR/Ncbpa
Jer 51:26	כִּֽי	3588 a	HC
Jer 51:26	שִׁמְמ֥וֹת	8077 a	HNcfpc
Jer 51:26	עוֹלָ֛ם	5769	HNcmsa
Jer 51:26	תִּֽהְיֶ֖ה	1961	HVqi2ms
Jer 51:26	נְאֻם	5002	HNcmsc
Jer 51:26	יְהוָֽה	3068	HNp
Jer 51:27	שְׂאוּ	5375	HVqv2mp
Jer 51:27	נֵ֣ס	5251	HNcmsa
Jer 51:27	בָּ/אָ֗רֶץ	b/776	HRd/Ncbsa
Jer 51:27	תִּקְע֨וּ	8628	HVqv2mp
Jer 51:27	שׁוֹפָ֤ר	7782	HNcmsa
Jer 51:27	בַּ/גּוֹיִם֙	b/1471 a	HRd/Ncmpa
Jer 51:27	קַדְּשׁ֤וּ	6942	HVpv2mp
Jer 51:27	עָלֶ֨י/הָ֙	5921 a	HR/Sp3fs
Jer 51:27	גּוֹיִ֔ם	1471 a	HNcmpa
Jer 51:27	הַשְׁמִ֧יעוּ	8085	HVhv2mp
Jer 51:27	עָלֶ֛י/הָ	5921 a	HR/Sp3fs
Jer 51:27	מַמְלְכ֥וֹת	4467	HNcfpc
Jer 51:27	אֲרָרַ֖ט	780	HNp
Jer 51:27	מִנִּ֣י	4508	HNp
Jer 51:27	וְ/אַשְׁכְּנָ֑ז	c/813	HC/Np
Jer 51:27	פִּקְד֤וּ	6485 a	HVqv2mp
Jer 51:27	עָלֶ֨י/הָ֙	5921 a	HR/Sp3fs
Jer 51:27	טִפְסָ֔ר	2951	HNcmsa
Jer 51:27	הַֽעֲלוּ	5927	HVhv2mp
Jer 51:27	ס֖וּס	5483 b	HNcmsa
Jer 51:27	כְּ/יֶ֥לֶק	k/3218	HR/Ncmsa
Jer 51:27	סָמָֽר	5569	HAamsa
Jer 51:28	קַדְּשׁ֨וּ	6942	HVpv2mp
Jer 51:28	עָלֶ֤י/הָ	5921 a	HR/Sp3fs
Jer 51:28	גוֹיִם֙	1471 a	HNcmpa
Jer 51:28	אֶת	853	HTo
Jer 51:28	מַלְכֵ֣י	4428	HNcmpc
Jer 51:28	מָדַ֔י	4074	HNp
Jer 51:28	אֶת	853	HTo
Jer 51:28	פַּחוֹתֶ֖י/הָ	6346	HNcmpc/Sp3fs
Jer 51:28	וְ/אֶת	c/853	HC/To
Jer 51:28	כָּל	3605	HNcmsc
Jer 51:28	סְגָנֶ֑י/הָ	5461	HNcmpc/Sp3fs
Jer 51:28	וְ/אֵ֖ת	c/853	HC/To
Jer 51:28	כָּל	3605	HNcmsc
Jer 51:28	אֶ֥רֶץ	776	HNcbsc
Jer 51:28	מֶמְשַׁלְתּֽ/וֹ	4475	HNcbsc/Sp3ms
Jer 51:29	וַ/תִּרְעַ֥שׁ	c/7493	HC/Vqw3fs
Jer 51:29	הָ/אָ֖רֶץ	d/776	HTd/Ncbsa
Jer 51:29	וַ/תָּחֹ֑ל	c/2342 a	HC/Vqw3fs
Jer 51:29	כִּ֣י	3588 a	HC
Jer 51:29	קָ֤מָה	6965 b	HVqp3fs
Jer 51:29	עַל	5921 a	HR
Jer 51:29	בָּבֶל֙	894	HNp
Jer 51:29	מַחְשְׁב֣וֹת	4284	HNcfpc
Jer 51:29	יְהוָ֔ה	3068	HNp
Jer 51:29	לָ/שׂ֞וּם	l/7760 a	HR/Vqc
Jer 51:29	אֶת	853	HTo
Jer 51:29	אֶ֧רֶץ	776	HNcbsc
Jer 51:29	בָּבֶ֛ל	894	HNp
Jer 51:29	לְ/שַׁמָּ֖ה	l/8047	HR/Ncfsa
Jer 51:29	מֵ/אֵ֥ין	m/369	HR/Tn
Jer 51:29	יוֹשֵֽׁב	3427	HVqrmsa
Jer 51:30	חָדְלוּ֩	2308	HVqp3cp
Jer 51:30	גִבּוֹרֵ֨י	1368	HAampc
Jer 51:30	בָבֶ֜ל	894	HNp
Jer 51:30	לְ/הִלָּחֵ֗ם	l/3898 a	HR/VNc
Jer 51:30	יָֽשְׁבוּ֙	3427	HVqp3cp
Jer 51:30	בַּ/מְּצָד֔וֹת	b/4679	HRd/Ncfpa
Jer 51:30	נָשְׁתָ֥ה	5405	HVqp3fs
Jer 51:30	גְבוּרָתָ֖/ם	1369	HNcfsc/Sp3mp
Jer 51:30	הָי֣וּ	1961	HVqp3cp
Jer 51:30	לְ/נָשִׁ֑ים	l/802	HR/Ncfpa
Jer 51:30	הִצִּ֥יתוּ	3341	HVhp3cp
Jer 51:30	מִשְׁכְּנֹתֶ֖י/הָ	4908	HNcmpc/Sp3fs
Jer 51:30	נִשְׁבְּר֥וּ	7665	HVNp3cp
Jer 51:30	בְרִיחֶֽי/הָ	1280	HNcmpc/Sp3fs
Jer 51:31	רָ֤ץ	7323	HVqrmsa
Jer 51:31	לִ/קְרַאת	l/7125	HR/Vqc
Jer 51:31	רָץ֙	7323	HVqrmsa
Jer 51:31	יָר֔וּץ	7323	HVqi3ms
Jer 51:31	וּ/מַגִּ֖יד	c/5046	HC/Vhrmsa
Jer 51:31	לִ/קְרַ֣את	l/7125	HR/Vqc
Jer 51:31	מַגִּ֑יד	5046	HVhrmsa
Jer 51:31	לְ/הַגִּיד֙	l/5046	HR/Vhc
Jer 51:31	לְ/מֶ֣לֶךְ	l/4428	HR/Ncmsc
Jer 51:31	בָּבֶ֔ל	894	HNp
Jer 51:31	כִּֽי	3588 a	HC
Jer 51:31	נִלְכְּדָ֥ה	3920	HVNp3fs
Jer 51:31	עִיר֖/וֹ	5892 b	HNcfsc/Sp3ms
Jer 51:31	מִ/קָּצֶֽה	m/7097 a	HR/Ncbsa
Jer 51:32	וְ/הַ/מַּעְבָּר֣וֹת	c/d/4569 b	HC/Td/Ncfpa
Jer 51:32	נִתְפָּ֔שׂוּ	8610	HVNp3cp
Jer 51:32	וְ/אֶת	c/853	HC/To
Jer 51:32	הָ/אֲגַמִּ֖ים	d/98	HTd/Ncmpa
Jer 51:32	שָׂרְפ֣וּ	8313	HVqp3cp
Jer 51:32	בָ/אֵ֑שׁ	b/784	HRd/Ncbsa
Jer 51:32	וְ/אַנְשֵׁ֥י	c/376	HC/Ncmpc
Jer 51:32	הַ/מִּלְחָמָ֖ה	d/4421	HTd/Ncfsa
Jer 51:32	נִבְהָֽלוּ	926	HVNp3cp
Jer 51:33	כִּי֩	3588 a	HC
Jer 51:33	כֹ֨ה	3541	HD
Jer 51:33	אָמַ֜ר	559	HVqp3ms
Jer 51:33	יְהוָ֤ה	3068	HNp
Jer 51:33	צְבָאוֹת֙	6635 b	HNcbpa
Jer 51:33	אֱלֹהֵ֣י	430	HNcmpc
Jer 51:33	יִשְׂרָאֵ֔ל	3478	HNp
Jer 51:33	בַּת	1323	HNcfsc
Jer 51:33	בָּבֶ֕ל	894	HNp
Jer 51:33	כְּ/גֹ֖רֶן	k/1637	HR/Ncbsa
Jer 51:33	עֵ֣ת	6256	HNcbsa
Jer 51:33	הִדְרִיכָ֑/הּ	1869	HVhp3ms/Sp3fs
Jer 51:33	ע֣וֹד	5750	HD
Jer 51:33	מְעַ֔ט	4592	HNcmsa
Jer 51:33	וּ/בָ֥אָה	c/935	HC/Vqq3fs
Jer 51:33	עֵֽת	6256	HNcbsc
Jer 51:33	הַ/קָּצִ֖יר	d/7105 a	HTd/Ncmsa
Jer 51:33	לָֽ/הּ	l	HR/Sp3fs
Jer 51:34	אכל/נו	398	HVqp3ms/Sp1cp
Jer 51:34	הממ/נו	2000	HVqp3ms/Sp1cp
Jer 51:34	נְבוּכַדְרֶאצַּר֮	5019	HNp
Jer 51:34	מֶ֣לֶךְ	4428	HNcmsc
Jer 51:34	בָּבֶל֒	894	HNp
Jer 51:34	הציג/נו	3322	HVhp3ms/Sp1cp
Jer 51:34	כְּלִ֣י	3627	HNcmsc
Jer 51:34	רִ֔יק	7385	HNcmsa
Jer 51:34	בלע/נו	1104	HVqp3ms/Sp1cp
Jer 51:34	כַּ/תַּנִּ֔ין	k/8577 b	HRd/Ncmsa
Jer 51:34	מִלָּ֥א	4390	HVpp3ms
Jer 51:34	כְרֵשׂ֖/וֹ	3770	HNcfsc/Sp3ms
Jer 51:34	מֵֽ/עֲדָנָ֑/י	m/5730 a	HR/Ncmpc/Sp1cs
Jer 51:34	הדיח/נו	1740	HVhp3ms/Sp1cp
Jer 51:35	חֲמָסִ֤/י	2555	HNcmsc/Sp1cs
Jer 51:35	וּ/שְׁאֵרִ/י֙	c/7607	HC/Ncmsc/Sp1cs
Jer 51:35	עַל	5921 a	HR
Jer 51:35	בָּבֶ֔ל	894	HNp
Jer 51:35	תֹּאמַ֖ר	559	HVqi3fs
Jer 51:35	יֹשֶׁ֣בֶת	3427	HVqrfsc
Jer 51:35	צִיּ֑וֹן	6726	HNp
Jer 51:35	וְ/דָמִ/י֙	c/1818	HC/Ncmsc/Sp1cs
Jer 51:35	אֶל	413	HR
Jer 51:35	יֹשְׁבֵ֣י	3427	HVqrmpc
Jer 51:35	כַשְׂדִּ֔ים	3778	HNp
Jer 51:35	תֹּאמַ֖ר	559	HVqi3fs
Jer 51:35	יְרוּשָׁלִָֽם	3389	HNp
Jer 51:36	לָ/כֵ֗ן	l/3651 c	HR/D
Jer 51:36	כֹּ֚ה	3541	HD
Jer 51:36	אָמַ֣ר	559	HVqp3ms
Jer 51:36	יְהוָ֔ה	3068	HNp
Jer 51:36	הִנְ/נִי	2005	HTm/Sp1cs
Jer 51:36	רָב֙	7378	HVqrmsa
Jer 51:36	אֶת	853	HTo
Jer 51:36	רִיבֵ֔/ךְ	7379	HNcbsc/Sp2fs
Jer 51:36	וְ/נִקַּמְתִּ֖י	c/5358	HC/Vpq1cs
Jer 51:36	אֶת	853	HTo
Jer 51:36	נִקְמָתֵ֑/ךְ	5360	HNcfsc/Sp2fs
Jer 51:36	וְ/הַחֲרַבְתִּי֙	c/2717 a	HC/Vhq1cs
Jer 51:36	אֶת	853	HTo
Jer 51:36	יַמָּ֔/הּ	3220	HNcmsc/Sp3fs
Jer 51:36	וְ/הֹבַשְׁתִּ֖י	c/3001	HC/Vhq1cs
Jer 51:36	אֶת	853	HTo
Jer 51:36	מְקוֹרָֽ/הּ	4726	HNcmsc/Sp3fs
Jer 51:37	וְ/הָיְתָה֩	c/1961	HC/Vqp3fs
Jer 51:37	בָבֶ֨ל	894	HNp
Jer 51:37	לְ/גַלִּ֧ים	l/1530	HR/Ncmpa
Jer 51:37	מְעוֹן	4583	HNcbsc
Jer 51:37	תַּנִּ֛ים	8577 a	HNcmpa
Jer 51:37	שַׁמָּ֥ה	8047	HNcfsa
Jer 51:37	וּ/שְׁרֵקָ֖ה	c/8322	HC/Ncfsa
Jer 51:37	מֵ/אֵ֥ין	m/369	HR/Tn
Jer 51:37	יוֹשֵֽׁב	3427	HVqrmsa
Jer 51:38	יַחְדָּ֖ו	3162 b	HD
Jer 51:38	כַּ/כְּפִרִ֣ים	k/3715 a	HRd/Ncmpa
Jer 51:38	יִשְׁאָ֑גוּ	7580	HVqi3mp
Jer 51:38	נָעֲר֖וּ	5286	HVqp3cp
Jer 51:38	כְּ/גוֹרֵ֥י	k/1484	HR/Ncmpc
Jer 51:38	אֲרָיֽוֹת	738 a	HNcmpa
Jer 51:39	בְּ/חֻמָּ֞/ם	b/2527	HR/Vqc/Sp3mp
Jer 51:39	אָשִׁ֣ית	7896	HVqi1cs
Jer 51:39	אֶת	853	HTo
Jer 51:39	מִשְׁתֵּי/הֶ֗ם	4960	HNcmsc/Sp3mp
Jer 51:39	וְ/הִשְׁכַּרְתִּי/ם֙	c/7937	HC/Vhq1cs/Sp3mp
Jer 51:39	לְמַ֣עַן	4616	HR
Jer 51:39	יַעֲלֹ֔זוּ	5937	HVqi3mp
Jer 51:39	וְ/יָשְׁנ֥וּ	c/3462	HC/Vqq3cp
Jer 51:39	שְׁנַת	8142	HNcfsc
Jer 51:39	עוֹלָ֖ם	5769	HNcmsa
Jer 51:39	וְ/לֹ֣א	c/3808	HC/Tn
Jer 51:39	יָקִ֑יצוּ	6974	HVhi3mp
Jer 51:39	נְאֻ֖ם	5002	HNcmsc
Jer 51:39	יְהוָֽה	3068	HNp
Jer 51:40	אֽוֹרִידֵ֖/ם	3381	HVhi1cs/Sp3mp
Jer 51:40	כְּ/כָרִ֣ים	k/3733 c	HR/Ncmpa
Jer 51:40	לִ/טְב֑וֹחַ	l/2873	HR/Vqc
Jer 51:40	כְּ/אֵילִ֖ים	k/352 a	HR/Ncmpa
Jer 51:40	עִם	5973 a	HR
Jer 51:40	עַתּוּדִֽים	6260	HNcmpa
Jer 51:41	אֵ֚יךְ	349 a	HTi
Jer 51:41	נִלְכְּדָ֣ה	3920	HVNp3fs
Jer 51:41	שֵׁשַׁ֔ךְ	8347	HNp
Jer 51:41	וַ/תִּתָּפֵ֖שׂ	c/8610	HC/VNw3fs
Jer 51:41	תְּהִלַּ֣ת	8416	HNcfsc
Jer 51:41	כָּל	3605	HNcmsc
Jer 51:41	הָ/אָ֑רֶץ	d/776	HTd/Ncbsa
Jer 51:41	אֵ֣יךְ	349 a	HTi
Jer 51:41	הָיְתָ֧ה	1961	HVqp3fs
Jer 51:41	לְ/שַׁמָּ֛ה	l/8047	HR/Ncfsa
Jer 51:41	בָּבֶ֖ל	894	HNp
Jer 51:41	בַּ/גּוֹיִֽם	b/1471 a	HRd/Ncmpa
Jer 51:42	עָלָ֥ה	5927	HVqp3ms
Jer 51:42	עַל	5921 a	HR
Jer 51:42	בָּבֶ֖ל	894	HNp
Jer 51:42	הַ/יָּ֑ם	d/3220	HTd/Ncmsa
Jer 51:42	בַּ/הֲמ֥וֹן	b/1995 a	HR/Ncmsc
Jer 51:42	גַּלָּ֖י/ו	1530	HNcmpc/Sp3ms
Jer 51:42	נִכְסָֽתָה	3680	HVNp3fs
Jer 51:43	הָי֤וּ	1961	HVqp3cp
Jer 51:43	עָרֶ֨י/הָ֙	5892 b	HNcfpc/Sp3fs
Jer 51:43	לְ/שַׁמָּ֔ה	l/8047	HR/Ncfsa
Jer 51:43	אֶ֖רֶץ	776	HNcbsc
Jer 51:43	צִיָּ֣ה	6723	HNcfsa
Jer 51:43	וַ/עֲרָבָ֑ה	c/6160	HC/Ncfsa
Jer 51:43	אֶ֗רֶץ	776	HNcbsa
Jer 51:43	לֹֽא	3808	HTn
Jer 51:43	יֵשֵׁ֤ב	3427	HVqi3ms
Jer 51:43	בָּ/הֵן֙	b	HR/Sp3fp
Jer 51:43	כָּל	3605	HNcmsc
Jer 51:43	אִ֔ישׁ	376	HNcmsa
Jer 51:43	וְ/לֹֽא	c/3808	HC/Tn
Jer 51:43	יַעֲבֹ֥ר	5674 a	HVqi3ms
Jer 51:43	בָּ/הֵ֖ן	b/2004	HR/Sp3fp
Jer 51:43	בֶּן	1121 a	HNcmsc
Jer 51:43	אָדָֽם	120	HNcmsa
Jer 51:44	וּ/פָקַדְתִּ֨י	c/6485 a	HC/Vqq1cs
Jer 51:44	עַל	5921 a	HR
Jer 51:44	בֵּ֜ל	1078	HNp
Jer 51:44	בְּ/בָבֶ֗ל	b/894	HR/Np
Jer 51:44	וְ/הֹצֵאתִ֤י	c/3318	HC/Vhq1cs
Jer 51:44	אֶת	853	HTo
Jer 51:44	בִּלְע/וֹ֙	1105	HNcmsc/Sp3ms
Jer 51:44	מִ/פִּ֔י/ו	m/6310	HR/Ncmsc/Sp3ms
Jer 51:44	וְ/לֹֽא	c/3808	HC/Tn
Jer 51:44	יִנְהֲר֥וּ	5102 a	HVqi3mp
Jer 51:44	אֵלָ֛י/ו	413	HR/Sp3ms
Jer 51:44	ע֖וֹד	5750	HD
Jer 51:44	גּוֹיִ֑ם	1471 a	HNcmpa
Jer 51:44	גַּם	1571	HTa
Jer 51:44	חוֹמַ֥ת	2346	HNcfsc
Jer 51:44	בָּבֶ֖ל	894	HNp
Jer 51:44	נָפָֽלָה	5307	HVqp3fs
Jer 51:45	צְא֤וּ	3318	HVqv2mp
Jer 51:45	מִ/תּוֹכָ/הּ֙	m/8432	HR/Ncmsc/Sp3fs
Jer 51:45	עַמִּ֔/י	5971 a	HNcmsc/Sp1cs
Jer 51:45	וּ/מַלְּט֖וּ	c/4422	HC/Vpv2mp
Jer 51:45	אִ֣ישׁ	376	HNcmsa
Jer 51:45	אֶת	853	HTo
Jer 51:45	נַפְשׁ֑/וֹ	5315	HNcbsc/Sp3ms
Jer 51:45	מֵ/חֲר֖וֹן	m/2740	HR/Ncmsc
Jer 51:45	אַף	639	HTa
Jer 51:45	יְהוָֽה	3068	HNp
Jer 51:46	וּ/פֶן	c/6435	HC/C
Jer 51:46	יֵרַ֤ךְ	7401	HVqi3ms
Jer 51:46	לְבַבְ/כֶם֙	3824	HNcmsc/Sp2mp
Jer 51:46	וְ/תִֽירְא֔וּ	c/3372	HC/Vqi2mp
Jer 51:46	בַּ/שְּׁמוּעָ֖ה	b/8052	HRd/Ncfsa
Jer 51:46	הַ/נִּשְׁמַ֣עַת	d/8085	HTd/VNrfsa
Jer 51:46	בָּ/אָ֑רֶץ	b/776	HRd/Ncbsa
Jer 51:46	וּ/בָ֧א	c/935	HC/Vqq3ms
Jer 51:46	בַ/שָּׁנָ֣ה	b/8141	HRd/Ncfsa
Jer 51:46	הַ/שְּׁמוּעָ֗ה	d/8052	HTd/Ncfsa
Jer 51:46	וְ/אַחֲרָ֤י/ו	c/310 a	HC/R/Sp3ms
Jer 51:46	בַּ/שָּׁנָה֙	b/8141	HRd/Ncfsa
Jer 51:46	הַ/שְּׁמוּעָ֔ה	d/8052	HTd/Ncfsa
Jer 51:46	וְ/חָמָ֣ס	c/2555	HC/Ncmsa
Jer 51:46	בָּ/אָ֔רֶץ	b/776	HRd/Ncbsa
Jer 51:46	וּ/מֹשֵׁ֖ל	c/4910	HC/Vqrmsa
Jer 51:46	עַל	5921 a	HR
Jer 51:46	מֹשֵֽׁל	4910	HVqrmsa
Jer 51:47	לָ/כֵן֙	l/3651 c	HR/D
Jer 51:47	הִנֵּ֣ה	2009	HTm
Jer 51:47	יָמִ֣ים	3117	HNcmpa
Jer 51:47	בָּאִ֔ים	935	HVqrmpa
Jer 51:47	וּ/פָקַדְתִּי֙	c/6485 a	HC/Vqq1cs
Jer 51:47	עַל	5921 a	HR
Jer 51:47	פְּסִילֵ֣י	6456	HNcmpc
Jer 51:47	בָבֶ֔ל	894	HNp
Jer 51:47	וְ/כָל	c/3605	HC/Ncmsc
Jer 51:47	אַרְצָ֖/הּ	776	HNcbsc/Sp3fs
Jer 51:47	תֵּב֑וֹשׁ	954	HVqi3fs
Jer 51:47	וְ/כָל	c/3605	HC/Ncmsc
Jer 51:47	חֲלָלֶ֖י/הָ	2491 a	HAampc/Sp3fs
Jer 51:47	יִפְּל֥וּ	5307	HVqi3mp
Jer 51:47	בְ/תוֹכָֽ/הּ	b/8432	HR/Ncmsc/Sp3fs
Jer 51:48	וְ/רִנְּנ֤וּ	c/7442 b	HC/Vpq3cp
Jer 51:48	עַל	5921 a	HR
Jer 51:48	בָּבֶל֙	894	HNp
Jer 51:48	שָׁמַ֣יִם	8064	HNcmpa
Jer 51:48	וָ/אָ֔רֶץ	c/776	HC/Ncbsa
Jer 51:48	וְ/כֹ֖ל	c/3605	HC/Ncmsa
Jer 51:48	אֲשֶׁ֣ר	834 a	HTr
Jer 51:48	בָּ/הֶ֑ם	b	HR/Sp3mp
Jer 51:48	כִּ֧י	3588 a	HC
Jer 51:48	מִ/צָּפ֛וֹן	m/6828	HR/Ncfsa
Jer 51:48	יָבוֹא	935	HVqi3ms
Jer 51:48	לָ֥/הּ	l	HR/Sp3fs
Jer 51:48	הַ/שּׁוֹדְדִ֖ים	d/7703	HTd/Vqrmpa
Jer 51:48	נְאֻם	5002	HNcmsc
Jer 51:48	יְהוָֽה	3068	HNp
Jer 51:49	גַּם	1571	HTa
Jer 51:49	בָּבֶ֕ל	894	HNp
Jer 51:49	לִ/נְפֹּ֖ל	l/5307	HR/Vqc
Jer 51:49	חַֽלְלֵ֣י	2491 a	HAampc
Jer 51:49	יִשְׂרָאֵ֑ל	3478	HNp
Jer 51:49	גַּם	1571	HTa
Jer 51:49	לְ/בָבֶ֥ל	l/894	HR/Np
Jer 51:49	נָפְל֖וּ	5307	HVqp3cp
Jer 51:49	חַֽלְלֵ֥י	2491 a	HAampc
Jer 51:49	כָל	3605	HNcmsc
Jer 51:49	הָ/אָֽרֶץ	d/776	HTd/Ncbsa
Jer 51:50	פְּלֵטִ֣ים	6412 b	HNcmpa
Jer 51:50	מֵ/חֶ֔רֶב	m/2719	HR/Ncfsa
Jer 51:50	הִלְכ֖וּ	1980	HVqv2mp
Jer 51:50	אַֽל	408	HTn
Jer 51:50	תַּעֲמֹ֑דוּ	5975	HVqj2mp
Jer 51:50	זִכְר֤וּ	2142	HVqv2mp
Jer 51:50	מֵֽ/רָחוֹק֙	m/7350	HR/Aamsa
Jer 51:50	אֶת	853	HTo
Jer 51:50	יְהוָ֔ה	3068	HNp
Jer 51:50	וִ/ירֽוּשָׁלִַ֖ם	c/3389	HC/Np
Jer 51:50	תַּעֲלֶ֥ה	5927	HVqi3fs
Jer 51:50	עַל	5921 a	HR
Jer 51:50	לְבַבְ/כֶֽם	3824	HNcmsc/Sp2mp
Jer 51:51	בֹּ֚שְׁנוּ	954	HVqp1cp
Jer 51:51	כִּֽי	3588 a	HC
Jer 51:51	שָׁמַ֣עְנוּ	8085	HVqp1cp
Jer 51:51	חֶרְפָּ֔ה	2781	HNcfsa
Jer 51:51	כִּסְּתָ֥ה	3680	HVpp3fs
Jer 51:51	כְלִמָּ֖ה	3639	HNcfsa
Jer 51:51	פָּנֵ֑י/נוּ	6440	HNcbpc/Sp1cp
Jer 51:51	כִּ֚י	3588 a	HC
Jer 51:51	בָּ֣אוּ	935	HVqp3cp
Jer 51:51	זָרִ֔ים	2114 a	HAampa
Jer 51:51	עַֽל	5921 a	HR
Jer 51:51	מִקְדְּשֵׁ֖י	4720	HNcmpc
Jer 51:51	בֵּ֥ית	1004 b	HNcmsc
Jer 51:51	יְהוָֽה	3068	HNp
Jer 51:52	לָ/כֵ֞ן	l/3651 c	HR/D
Jer 51:52	הִנֵּֽה	2009	HTm
Jer 51:52	יָמִ֤ים	3117	HNcmpa
Jer 51:52	בָּאִים֙	935	HVqrmpa
Jer 51:52	נְאֻם	5002	HNcmsc
Jer 51:52	יְהוָ֔ה	3068	HNp
Jer 51:52	וּ/פָקַדְתִּ֖י	c/6485 a	HC/Vqq1cs
Jer 51:52	עַל	5921 a	HR
Jer 51:52	פְּסִילֶ֑י/הָ	6456	HNcmpc/Sp3fs
Jer 51:52	וּ/בְ/כָל	c/b/3605	HC/R/Ncmsc
Jer 51:52	אַרְצָ֖/הּ	776	HNcbsc/Sp3fs
Jer 51:52	יֶאֱנֹ֥ק	602	HVqi3ms
Jer 51:52	חָלָֽל	2491 a	HAamsa
Jer 51:53	כִּֽי	3588 a	HC
Jer 51:53	תַעֲלֶ֤ה	5927	HVqi3fs
Jer 51:53	בָבֶל֙	894	HNp
Jer 51:53	הַ/שָּׁמַ֔יִם	d/8064	HTd/Ncmpa
Jer 51:53	וְ/כִ֥י	c/3588 a	HC/C
Jer 51:53	תְבַצֵּ֖ר	1219	HVpi3fs
Jer 51:53	מְר֣וֹם	4791	HNcmsc
Jer 51:53	עֻזָּ֑/הּ	5797	HNcmsc/Sp3fs
Jer 51:53	מֵ/אִתִּ֗/י	m/854	HR/R/Sp1cs
Jer 51:53	יָבֹ֧אוּ	935	HVqi3mp
Jer 51:53	שֹׁדְדִ֛ים	7703	HVqrmpa
Jer 51:53	לָ֖/הּ	l	HR/Sp3fs
Jer 51:53	נְאֻם	5002	HNcmsc
Jer 51:53	יְהוָֽה	3068	HNp
Jer 51:54	ק֥וֹל	6963 a	HNcmsc
Jer 51:54	זְעָקָ֖ה	2201	HNcfsa
Jer 51:54	מִ/בָּבֶ֑ל	m/894	HR/Np
Jer 51:54	וְ/שֶׁ֥בֶר	c/7667	HC/Ncmsa
Jer 51:54	גָּד֖וֹל	1419 a	HAamsa
Jer 51:54	מֵ/אֶ֥רֶץ	m/776	HR/Ncbsc
Jer 51:54	כַּשְׂדִּֽים	3778	HNp
Jer 51:55	כִּֽי	3588 a	HC
Jer 51:55	שֹׁדֵ֤ד	7703	HVqrmsa
Jer 51:55	יְהוָה֙	3068	HNp
Jer 51:55	אֶת	853	HTo
Jer 51:55	בָּבֶ֔ל	894	HNp
Jer 51:55	וְ/אִבַּ֥ד	c/6	HC/Vpq3ms
Jer 51:55	מִמֶּ֖/נָּה	4480 a	HR/Sp3fs
Jer 51:55	ק֣וֹל	6963 a	HNcmsa
Jer 51:55	גָּד֑וֹל	1419 a	HAamsa
Jer 51:55	וְ/הָמ֤וּ	c/1993	HC/Vqq3cp
Jer 51:55	גַלֵּי/הֶם֙	1530	HNcmpc/Sp3mp
Jer 51:55	כְּ/מַ֣יִם	k/4325	HR/Ncmpa
Jer 51:55	רַבִּ֔ים	7227 a	HAampa
Jer 51:55	נִתַּ֥ן	5414	HVNp3ms
Jer 51:55	שְׁא֖וֹן	7588	HNcmsc
Jer 51:55	קוֹלָֽ/ם	6963 a	HNcmsc/Sp3mp
Jer 51:56	כִּי֩	3588 a	HC
Jer 51:56	בָ֨א	935	HVqp3ms
Jer 51:56	עָלֶ֤י/הָ	5921 a	HR/Sp3fs
Jer 51:56	עַל	5921 a	HR
Jer 51:56	בָּבֶל֙	894	HNp
Jer 51:56	שׁוֹדֵ֔ד	7703	HVqrmsa
Jer 51:56	וְ/נִלְכְּדוּ֙	c/3920	HC/VNq3cp
Jer 51:56	גִּבּוֹרֶ֔י/הָ	1368	HAampc/Sp3fs
Jer 51:56	חִתְּתָ֖ה	2865	HVpp3fs
Jer 51:56	קַשְּׁתוֹתָ֑/ם	7198	HNcfpc/Sp3mp
Jer 51:56	כִּ֣י	3588 a	HC
Jer 51:56	אֵ֧ל	410	HNcmsc
Jer 51:56	גְּמֻל֛וֹת	1578	HNcfpa
Jer 51:56	יְהוָ֖ה	3068	HNp
Jer 51:56	שַׁלֵּ֥ם	7999 a	HVpa
Jer 51:56	יְשַׁלֵּֽם	7999 a	HVpi3ms
Jer 51:57	וְ֠/הִשְׁכַּרְתִּי	c/7937	HC/Vhq1cs
Jer 51:57	שָׂרֶ֨י/הָ	8269	HNcmpc/Sp3fs
Jer 51:57	וַ/חֲכָמֶ֜י/הָ	c/2450	HC/Aampc/Sp3fs
Jer 51:57	פַּחוֹתֶ֤י/הָ	6346	HNcmpc/Sp3fs
Jer 51:57	וּ/סְגָנֶ֨י/הָ֙	c/5461	HC/Ncmpc/Sp3fs
Jer 51:57	וְ/גִבּוֹרֶ֔י/הָ	c/1368	HC/Aampc/Sp3fs
Jer 51:57	וְ/יָשְׁנ֥וּ	c/3462	HC/Vqq3cp
Jer 51:57	שְׁנַת	8142	HNcfsc
Jer 51:57	עוֹלָ֖ם	5769	HNcmsa
Jer 51:57	וְ/לֹ֣א	c/3808	HC/Tn
Jer 51:57	יָקִ֑יצוּ	6974	HVhi3mp
Jer 51:57	נְאֻ֨ם	5002	HNcmsc
Jer 51:57	הַ/מֶּ֔לֶךְ	d/4428	HTd/Ncmsa
Jer 51:57	יְהוָ֥ה	3068	HNp
Jer 51:57	צְבָא֖וֹת	6635 b	HNcbpa
Jer 51:57	שְׁמֽ/וֹ	8034	HNcmsc/Sp3ms
Jer 51:58	כֹּֽה	3541	HD
Jer 51:58	אָמַ֞ר	559	HVqp3ms
Jer 51:58	יְהוָ֣ה	3068	HNp
Jer 51:58	צְבָא֗וֹת	6635 b	HNcbpa
Jer 51:58	חֹ֠מוֹת	2346	HNcfpc
Jer 51:58	בָּבֶ֤ל	894	HNp
Jer 51:58	הָֽ/רְחָבָה֙	d/7342	HTd/Aafsa
Jer 51:58	עַרְעֵ֣ר	6209	HVla
Jer 51:58	תִּתְעַרְעָ֔ר	6209	HVfi3fs
Jer 51:58	וּ/שְׁעָרֶ֥י/הָ	c/8179	HC/Ncmpc/Sp3fs
Jer 51:58	הַ/גְּבֹהִ֖ים	d/1364	HTd/Aampa
Jer 51:58	בָּ/אֵ֣שׁ	b/784	HRd/Ncbsa
Jer 51:58	יִצַּ֑תּוּ	3341	HVqi3mp
Jer 51:58	וְ/יִֽגְע֨וּ	c/3021	HC/Vqi3mp
Jer 51:58	עַמִּ֧ים	5971 a	HNcmpa
Jer 51:58	בְּ/דֵי	b/1767	HR/Ncmsc
Jer 51:58	רִ֛יק	7385	HNcmsa
Jer 51:58	וּ/לְאֻמִּ֥ים	c/3816	HC/Ncmpa
Jer 51:58	בְּ/דֵי	b/1767	HR/Ncmsc
Jer 51:58	אֵ֖שׁ	784	HNcbsa
Jer 51:58	וְ/יָעֵֽפוּ	c/3286	HC/Vqq3cp
Jer 51:59	הַ/דָּבָ֞ר	d/1697	HTd/Ncmsa
Jer 51:59	אֲשֶׁר	834 a	HTr
Jer 51:59	צִוָּ֣ה	6680	HVpp3ms
Jer 51:59	יִרְמְיָ֣הוּ	3414	HNp
Jer 51:59	הַ/נָּבִ֗יא	d/5030	HTd/Ncmsa
Jer 51:59	אֶת	853	HTo
Jer 51:59	שְׂרָיָ֣ה	8304	HNp
Jer 51:59	בֶן	1121 a	HNcmsc
Jer 51:59	נֵרִיָּה֮	5374	HNp
Jer 51:59	בֶּן	1121 a	HNcmsc
Jer 51:59	מַחְסֵיָה֒	4271	HNp
Jer 51:59	בְּ/לֶכְתּ֞/וֹ	b/3212	HR/Vqc/Sp3ms
Jer 51:59	אֶת	854	HR
Jer 51:59	צִדְקִיָּ֤הוּ	6667	HNp
Jer 51:59	מֶֽלֶךְ	4428	HNcmsc
Jer 51:59	יְהוּדָה֙	3063	HNp
Jer 51:59	בָּבֶ֔ל	894	HNp
Jer 51:59	בִּ/שְׁנַ֥ת	b/8141	HR/Ncfsc
Jer 51:59	הָ/רְבִעִ֖ית	d/7243	HTd/Aofsa
Jer 51:59	לְ/מָלְכ֑/וֹ	l/4427 a	HR/Vqc/Sp3ms
Jer 51:59	וּ/שְׂרָיָ֖ה	c/8304	HC/Np
Jer 51:59	שַׂ֥ר	8269	HNcmsc
Jer 51:59	מְנוּחָֽה	4496	HNcbsa
Jer 51:60	וַ/יִּכְתֹּ֣ב	c/3789	HC/Vqw3ms
Jer 51:60	יִרְמְיָ֗הוּ	3414	HNp
Jer 51:60	אֵ֧ת	853	HTo
Jer 51:60	כָּל	3605	HNcmsc
Jer 51:60	הָ/רָעָ֛ה	d/7451 c	HTd/Ncfsa
Jer 51:60	אֲשֶׁר	834 a	HTr
Jer 51:60	תָּב֥וֹא	935	HVqi3fs
Jer 51:60	אֶל	413	HR
Jer 51:60	בָּבֶ֖ל	894	HNp
Jer 51:60	אֶל	413	HR
Jer 51:60	סֵ֣פֶר	5612 a	HNcmsa
Jer 51:60	אֶחָ֑ד	259	HAcmsa
Jer 51:60	אֵ֚ת	853	HTo
Jer 51:60	כָּל	3605	HNcmsc
Jer 51:60	הַ/דְּבָרִ֣ים	d/1697	HTd/Ncmpa
Jer 51:60	הָ/אֵ֔לֶּה	d/428	HTd/Pdxcp
Jer 51:60	הַ/כְּתֻבִ֖ים	d/3789	HTd/Vqsmpa
Jer 51:60	אֶל	413	HR
Jer 51:60	בָּבֶֽל	894	HNp
Jer 51:61	וַ/יֹּ֥אמֶר	c/559	HC/Vqw3ms
Jer 51:61	יִרְמְיָ֖הוּ	3414	HNp
Jer 51:61	אֶל	413	HR
Jer 51:61	שְׂרָיָ֑ה	8304	HNp
Jer 51:61	כְּ/בֹאֲ/ךָ֣	k/935	HR/Vqc/Sp2ms
Jer 51:61	בָבֶ֔ל	894	HNp
Jer 51:61	וְֽ/רָאִ֔יתָ	c/7200	HC/Vqq2ms
Jer 51:61	וְֽ/קָרָ֔אתָ	c/7121	HC/Vqq2ms
Jer 51:61	אֵ֥ת	853	HTo
Jer 51:61	כָּל	3605	HNcmsc
Jer 51:61	הַ/דְּבָרִ֖ים	d/1697	HTd/Ncmpa
Jer 51:61	הָ/אֵֽלֶּה	d/428	HTd/Pdxcp
Jer 51:62	וְ/אָמַרְתָּ֗	c/559	HC/Vqq2ms
Jer 51:62	יְהוָה֙	3068	HNp
Jer 51:62	אַתָּ֨ה	859 a	HPp2ms
Jer 51:62	דִבַּ֜רְתָּ	1696	HVpp2ms
Jer 51:62	אֶל	413	HR
Jer 51:62	הַ/מָּק֤וֹם	d/4725	HTd/Ncmsa
Jer 51:62	הַ/זֶּה֙	d/2088	HTd/Pdxms
Jer 51:62	לְ/הַכְרִית֔/וֹ	l/3772	HR/Vhc/Sp3ms
Jer 51:62	לְ/בִלְתִּ֤י	l/1115	HR/C
Jer 51:62	הֱיֽוֹת	1961	HVqc
Jer 51:62	בּ/וֹ֙	b	HR/Sp3ms
Jer 51:62	יוֹשֵׁ֔ב	3427	HVqrmsa
Jer 51:62	לְ/מֵ/אָדָ֖ם	l/m/120	HR/R/Ncmsa
Jer 51:62	וְ/עַד	c/5704	HC/R
Jer 51:62	בְּהֵמָ֑ה	929	HNcfsa
Jer 51:62	כִּֽי	3588 a	HC
Jer 51:62	שִׁמְמ֥וֹת	8077 a	HNcfpc
Jer 51:62	עוֹלָ֖ם	5769	HNcmsa
Jer 51:62	תִּֽהְיֶֽה	1961	HVqi3fs
Jer 51:63	וְ/הָיָה֙	c/1961	HC/Vqq3ms
Jer 51:63	כְּ/כַלֹּ֣תְ/ךָ֔	k/3615	HR/Vpc/Sp2ms
Jer 51:63	לִ/קְרֹ֖א	l/7121	HR/Vqc
Jer 51:63	אֶת	853	HTo
Jer 51:63	הַ/סֵּ֣פֶר	d/5612 a	HTd/Ncmsa
Jer 51:63	הַ/זֶּ֑ה	d/2088	HTd/Pdxms
Jer 51:63	תִּקְשֹׁ֤ר	7194	HVqi2ms
Jer 51:63	עָלָי/ו֙	5921 a	HR/Sp3ms
Jer 51:63	אֶ֔בֶן	68	HNcfsa
Jer 51:63	וְ/הִשְׁלַכְתּ֖/וֹ	c/7993	HC/Vhq2ms/Sp3ms
Jer 51:63	אֶל	413	HR
Jer 51:63	תּ֥וֹךְ	8432	HNcmsc
Jer 51:63	פְּרָֽת	6578	HNp
Jer 51:64	וְ/אָמַרְתָּ֗	c/559	HC/Vqq2ms
Jer 51:64	כָּ֠כָה	3602	HD
Jer 51:64	תִּשְׁקַ֨ע	8257	HVqi3fs
Jer 51:64	בָּבֶ֤ל	894	HNp
Jer 51:64	וְ/לֹֽא	c/3808	HC/Tn
Jer 51:64	תָקוּם֙	6965 b	HVqi3fs
Jer 51:64	מִ/פְּנֵ֣י	m/6440	HR/Ncbpc
Jer 51:64	הָ/רָעָ֗ה	d/7451 c	HTd/Ncfsa
Jer 51:64	אֲשֶׁ֧ר	834 a	HTr
Jer 51:64	אָנֹכִ֛י	595	HPp1cs
Jer 51:64	מֵבִ֥יא	935	HVhrmsa
Jer 51:64	עָלֶ֖י/הָ	5921 a	HR/Sp3fs
Jer 51:64	וְ/יָעֵ֑פוּ	c/3286	HC/Vqq3cp
Jer 51:64	עַד	5704	HR
Jer 51:64	הֵ֖נָּה	2008	HD
Jer 51:64	דִּבְרֵ֥י	1697	HNcmpc
Jer 51:64	יִרְמְיָֽהוּ	3414	HNp
Jer 52:1	בֶּן	1121 a	HNcmsc
Jer 52:1	עֶשְׂרִ֨ים	6242	HAcbpa
Jer 52:1	וְ/אַחַ֤ת	c/259	HC/Acfsa
Jer 52:1	שָׁנָה֙	8141	HNcfsa
Jer 52:1	צִדְקִיָּ֣הוּ	6667	HNp
Jer 52:1	בְ/מָלְכ֔/וֹ	b/4427 a	HR/Vqc/Sp3ms
Jer 52:1	וְ/אַחַ֤ת	c/259	HC/Acfsa
Jer 52:1	עֶשְׂרֵה֙	6240	HAcfsa
Jer 52:1	שָׁנָ֔ה	8141	HNcfsa
Jer 52:1	מָלַ֖ךְ	4427 a	HVqp3ms
Jer 52:1	בִּ/ירֽוּשָׁלִָ֑ם	b/3389	HR/Np
Jer 52:1	וְ/שֵׁ֣ם	c/8034	HC/Ncmsc
Jer 52:1	אִמּ֔/וֹ	517	HNcfsc/Sp3ms
Jer 52:1	חמיטל	2537	HNp
Jer 52:1	בַּֽת	1323	HNcfsc
Jer 52:1	יִרְמְיָ֖הוּ	3414	HNp
Jer 52:1	מִ/לִּבְנָֽה	m/3841	HR/Np
Jer 52:2	וַ/יַּ֥עַשׂ	c/6213 a	HC/Vqw3ms
Jer 52:2	הָ/רַ֖ע	d/7451 a	HTd/Aamsa
Jer 52:2	בְּ/עֵינֵ֣י	b/5869 a	HR/Ncbdc
Jer 52:2	יְהוָ֑ה	3068	HNp
Jer 52:2	כְּ/כֹ֥ל	k/3605	HR/Ncmsa
Jer 52:2	אֲשֶׁר	834 a	HTr
Jer 52:2	עָשָׂ֖ה	6213 a	HVqp3ms
Jer 52:2	יְהוֹיָקִֽים	3079	HNp
Jer 52:3	כִּ֣י	3588 a	HC
Jer 52:3	עַל	5921 a	HR
Jer 52:3	אַ֣ף	639	HTa
Jer 52:3	יְהוָ֗ה	3068	HNp
Jer 52:3	הָֽיְתָה֙	1961	HVqp3fs
Jer 52:3	בִּ/ירוּשָׁלִַ֣ם	b/3389	HR/Np
Jer 52:3	וִֽ/יהוּדָ֔ה	c/3063	HC/Np
Jer 52:3	עַד	5704	HR
Jer 52:3	הִשְׁלִיכ֥/וֹ	7993	HVhc/Sp3ms
Jer 52:3	אוֹתָ֖/ם	853	HTo/Sp3mp
Jer 52:3	מֵ/עַ֣ל	m/5921 a	HR/R
Jer 52:3	פָּנָ֑י/ו	6440	HNcbpc/Sp3ms
Jer 52:3	וַ/יִּמְרֹ֥ד	c/4775	HC/Vqw3ms
Jer 52:3	צִדְקִיָּ֖הוּ	6667	HNp
Jer 52:3	בְּ/מֶ֥לֶךְ	b/4428	HR/Ncmsc
Jer 52:3	בָּבֶֽל	894	HNp
Jer 52:4	וַ/יְהִי֩	c/1961	HC/Vqw3ms
Jer 52:4	בַ/שָּׁנָ֨ה	b/8141	HRd/Ncfsa
Jer 52:4	הַ/תְּשִׁעִ֜ית	d/8671	HTd/Aofsa
Jer 52:4	לְ/מָלְכ֗/וֹ	l/4427 a	HR/Vqc/Sp3ms
Jer 52:4	בַּ/חֹ֣דֶשׁ	b/2320	HRd/Ncmsa
Jer 52:4	הָ/עֲשִׂירִי֮	d/6224	HTd/Aomsa
Jer 52:4	בֶּ/עָשׂ֣וֹר	b/6218	HRd/Ncmsa
Jer 52:4	לַ/חֹדֶשׁ֒	l/2320	HRd/Ncmsa
Jer 52:4	בָּ֠א	935	HVqp3ms
Jer 52:4	נְבוּכַדְרֶאצַּ֨ר	5019	HNp
Jer 52:4	מֶֽלֶךְ	4428	HNcmsc
Jer 52:4	בָּבֶ֜ל	894	HNp
Jer 52:4	ה֤וּא	1931	HPp3ms
Jer 52:4	וְ/כָל	c/3605	HC/Ncmsc
Jer 52:4	חֵיל/וֹ֙	2428	HNcmsc/Sp3ms
Jer 52:4	עַל	5921 a	HR
Jer 52:4	יְר֣וּשָׁלִַ֔ם	3389	HNp
Jer 52:4	וַֽ/יַּחֲנ֖וּ	c/2583	HC/Vqw3mp
Jer 52:4	עָלֶ֑י/הָ	5921 a	HR/Sp3fs
Jer 52:4	וַ/יִּבְנ֥וּ	c/1129	HC/Vqw3mp
Jer 52:4	עָלֶ֛י/הָ	5921 a	HR/Sp3fs
Jer 52:4	דָּיֵ֖ק	1785	HNcmsa
Jer 52:4	סָבִֽיב	5439	HNcbsa
Jer 52:5	וַ/תָּבֹ֥א	c/935	HC/Vqw3fs
Jer 52:5	הָ/עִ֖יר	d/5892 b	HTd/Ncfsa
Jer 52:5	בַּ/מָּצ֑וֹר	b/4692	HRd/Ncmsa
Jer 52:5	עַ֚ד	5704	HR
Jer 52:5	עַשְׁתֵּ֣י	6249	HAobpc
Jer 52:5	עֶשְׂרֵ֣ה	6240	HAcfsa
Jer 52:5	שָׁנָ֔ה	8141	HNcfsa
Jer 52:5	לַ/מֶּ֖לֶךְ	l/4428	HRd/Ncmsa
Jer 52:5	צִדְקִיָּֽהוּ	6667	HNp
Jer 52:6	בַּ/חֹ֤דֶשׁ	b/2320	HRd/Ncmsa
Jer 52:6	הָֽ/רְבִיעִי֙	d/7243	HTd/Aomsa
Jer 52:6	בְּ/תִשְׁעָ֣ה	b/8672	HR/Acmsa
Jer 52:6	לַ/חֹ֔דֶשׁ	l/2320	HRd/Ncmsa
Jer 52:6	וַ/יֶּחֱזַ֥ק	c/2388	HC/Vqw3ms
Jer 52:6	הָ/רָעָ֖ב	d/7458	HTd/Ncmsa
Jer 52:6	בָּ/עִ֑יר	b/5892 b	HRd/Ncfsa
Jer 52:6	וְ/לֹא	c/3808	HC/Tn
Jer 52:6	הָיָ֥ה	1961	HVqp3ms
Jer 52:6	לֶ֖חֶם	3899	HNcbsa
Jer 52:6	לְ/עַ֥ם	l/5971 a	HR/Ncmsc
Jer 52:6	הָ/אָֽרֶץ	d/776	HTd/Ncbsa
Jer 52:7	וַ/תִּבָּקַ֣ע	c/1234	HC/VNw3fs
Jer 52:7	הָ/עִ֗יר	d/5892 b	HTd/Ncfsa
Jer 52:7	וְ/כָל	c/3605	HC/Ncmsc
Jer 52:7	אַנְשֵׁ֣י	376	HNcmpc
Jer 52:7	הַ/מִּלְחָמָ֡ה	d/4421	HTd/Ncfsa
Jer 52:7	יִבְרְחוּ֩	1272	HVqi3mp
Jer 52:7	וַ/יֵּצְא֨וּ	c/3318	HC/Vqw3mp
Jer 52:7	מֵ/הָ/עִ֜יר	m/d/5892 b	HR/Td/Ncfsa
Jer 52:7	לַ֗יְלָה	3915	HNcmsa
Jer 52:7	דֶּ֜רֶךְ	1870	HNcbsc
Jer 52:7	שַׁ֤עַר	8179	HNcmsa
Jer 52:7	בֵּין	996	HR
Jer 52:7	הַ/חֹמֹתַ֨יִם֙	d/2346	HTd/Ncfda
Jer 52:7	אֲשֶׁר֙	834 a	HTr
Jer 52:7	עַל	5921 a	HR
Jer 52:7	גַּ֣ן	1588	HNcbsc
Jer 52:7	הַ/מֶּ֔לֶךְ	d/4428	HTd/Ncmsa
Jer 52:7	וְ/כַשְׂדִּ֥ים	c/3778	HC/Np
Jer 52:7	עַל	5921 a	HR
Jer 52:7	הָ/עִ֖יר	d/5892 b	HTd/Ncfsa
Jer 52:7	סָבִ֑יב	5439	HNcbsa
Jer 52:7	וַ/יֵּלְכ֖וּ	c/3212	HC/Vqw3mp
Jer 52:7	דֶּ֥רֶךְ	1870	HNcbsc
Jer 52:7	הָ/עֲרָבָֽה	d/6160	HTd/Ncfsa
Jer 52:8	וַ/יִּרְדְּפ֤וּ	c/7291	HC/Vqw3mp
Jer 52:8	חֵיל	2428	HNcmsc
Jer 52:8	כַּשְׂדִּים֙	3778	HNp
Jer 52:8	אַחֲרֵ֣י	310 a	HR
Jer 52:8	הַ/מֶּ֔לֶךְ	d/4428	HTd/Ncmsa
Jer 52:8	וַ/יַּשִּׂ֥יגוּ	c/5381	HC/Vhw3mp
Jer 52:8	אֶת	853	HTo
Jer 52:8	צִדְקִיָּ֖הוּ	6667	HNp
Jer 52:8	בְּ/עַֽרְבֹ֣ת	b/6160	HR/Ncfpc
Jer 52:8	יְרֵח֑וֹ	3405	HNp
Jer 52:8	וְ/כָל	c/3605	HC/Ncmsc
Jer 52:8	חֵיל֔/וֹ	2428	HNcmsc/Sp3ms
Jer 52:8	נָפֹ֖צוּ	6327 a	HVNp3cp
Jer 52:8	מֵ/עָלָֽי/ו	m/5921 a	HR/R/Sp3ms
Jer 52:9	וַֽ/יִּתְפְּשׂוּ֙	c/8610	HC/Vqw3mp
Jer 52:9	אֶת	853	HTo
Jer 52:9	הַ/מֶּ֔לֶךְ	d/4428	HTd/Ncmsa
Jer 52:9	וַ/יַּעֲל֨וּ	c/5927	HC/Vhw3mp
Jer 52:9	אֹת֜/וֹ	853	HTo/Sp3ms
Jer 52:9	אֶל	413	HR
Jer 52:9	מֶ֧לֶךְ	4428	HNcmsc
Jer 52:9	בָּבֶ֛ל	894	HNp
Jer 52:9	רִבְלָ֖תָ/ה	7247	HNp/Sd
Jer 52:9	בְּ/אֶ֣רֶץ	b/776	HR/Ncbsc
Jer 52:9	חֲמָ֑ת	2574	HNp
Jer 52:9	וַ/יְדַבֵּ֥ר	c/1696	HC/Vpw3ms
Jer 52:9	אִתּ֖/וֹ	854	HR/Sp3ms
Jer 52:9	מִשְׁפָּטִֽים	4941	HNcmpa
Jer 52:10	וַ/יִּשְׁחַ֧ט	c/7819 a	HC/Vqw3ms
Jer 52:10	מֶֽלֶךְ	4428	HNcmsc
Jer 52:10	בָּבֶ֛ל	894	HNp
Jer 52:10	אֶת	853	HTo
Jer 52:10	בְּנֵ֥י	1121 a	HNcmpc
Jer 52:10	צִדְקִיָּ֖הוּ	6667	HNp
Jer 52:10	לְ/עֵינָ֑י/ו	l/5869 a	HR/Ncbdc/Sp3ms
Jer 52:10	וְ/גַ֛ם	c/1571	HC/Ta
Jer 52:10	אֶת	853	HTo
Jer 52:10	כָּל	3605	HNcmsc
Jer 52:10	שָׂרֵ֥י	8269	HNcmpc
Jer 52:10	יְהוּדָ֖ה	3063	HNp
Jer 52:10	שָׁחַ֥ט	7819 a	HVqp3ms
Jer 52:10	בְּ/רִבְלָֽתָ/ה	b/7247	HR/Np/Sd
Jer 52:11	וְ/אֶת	c/853	HC/To
Jer 52:11	עֵינֵ֥י	5869 a	HNcbdc
Jer 52:11	צִדְקִיָּ֖הוּ	6667	HNp
Jer 52:11	עִוֵּ֑ר	5786	HVpp3ms
Jer 52:11	וַ/יַּאַסְרֵ֣/הוּ	c/631	HC/Vqw3ms/Sp3ms
Jer 52:11	בַֽ/נְחֻשְׁתַּ֗יִם	b/5178 a	HRd/Ncfda
Jer 52:11	וַ/יְבִאֵ֤/הוּ	c/935	HC/Vhw3ms/Sp3ms
Jer 52:11	מֶֽלֶךְ	4428	HNcmsc
Jer 52:11	בָּבֶל֙	894	HNp
Jer 52:11	בָּבֶ֔לָ/ה	894	HNp/Sd
Jer 52:11	וַ/יִּתְּנֵ֥/הוּ	c/5414	HC/Vqw3ms/Sp3ms
Jer 52:11	ב/בית	b/1004 b	HR/Ncmsc
Jer 52:11	הַ/פְּקֻדֹּ֖ת	d/6486	HTd/Ncfpa
Jer 52:11	עַד	5704	HR
Jer 52:11	י֥וֹם	3117	HNcmsc
Jer 52:11	מוֹתֽ/וֹ	4194	HNcmsc/Sp3ms
Jer 52:12	וּ/בַ/חֹ֤דֶשׁ	c/b/2320	HC/Rd/Ncmsa
Jer 52:12	הַֽ/חֲמִישִׁי֙	d/2549	HTd/Aomsa
Jer 52:12	בֶּ/עָשׂ֣וֹר	b/6218	HRd/Ncmsa
Jer 52:12	לַ/חֹ֔דֶשׁ	l/2320	HRd/Ncmsa
Jer 52:12	הִ֗יא	1931	HPp3fs
Jer 52:12	שְׁנַת֙	8141	HNcfsc
Jer 52:12	תְּשַֽׁע	8672	HAcfsa
Jer 52:12	עֶשְׂרֵ֣ה	6240	HAcfsa
Jer 52:12	שָׁנָ֔ה	8141	HNcfsa
Jer 52:12	לַ/מֶּ֖לֶךְ	l/4428	HRd/Ncmsa
Jer 52:12	נְבוּכַדְרֶאצַּ֣ר	5019	HNp
Jer 52:12	מֶֽלֶךְ	4428	HNcmsc
Jer 52:12	בָּבֶ֑ל	894	HNp
Jer 52:12	בָּ֗א	935	HVqp3ms
Jer 52:12	נְבֽוּזַרְאֲדָן֙	5018	HNp
Jer 52:12	רַב	7227 b	HNcmsc
Jer 52:12	טַבָּחִ֔ים	2876	HNcmpa
Jer 52:12	עָמַ֛ד	5975	HVqp3ms
Jer 52:12	לִ/פְנֵ֥י	l/6440	HR/Ncbpc
Jer 52:12	מֶֽלֶךְ	4428	HNcmsc
Jer 52:12	בָּבֶ֖ל	894	HNp
Jer 52:12	בִּ/ירוּשָׁלִָֽם	b/3389	HR/Np
Jer 52:13	וַ/יִּשְׂרֹ֥ף	c/8313	HC/Vqw3ms
Jer 52:13	אֶת	853	HTo
Jer 52:13	בֵּית	1004 b	HNcmsc
Jer 52:13	יְהוָ֖ה	3068	HNp
Jer 52:13	וְ/אֶת	c/853	HC/To
Jer 52:13	בֵּ֣ית	1004 b	HNcmsc
Jer 52:13	הַ/מֶּ֑לֶךְ	d/4428	HTd/Ncmsa
Jer 52:13	וְ/אֵ֨ת	c/853	HC/To
Jer 52:13	כָּל	3605	HNcmsc
Jer 52:13	בָּתֵּ֧י	1004 b	HNcmpc
Jer 52:13	יְרוּשָׁלִַ֛ם	3389	HNp
Jer 52:13	וְ/אֶת	c/853	HC/To
Jer 52:13	כָּל	3605	HNcmsc
Jer 52:13	בֵּ֥ית	1004 b	HNcmsc
Jer 52:13	הַ/גָּד֖וֹל	d/1419 a	HTd/Aamsa
Jer 52:13	שָׂרַ֥ף	8313	HVqp3ms
Jer 52:13	בָּ/אֵֽשׁ	b/784	HRd/Ncbsa
Jer 52:14	וְ/אֶת	c/853	HC/To
Jer 52:14	כָּל	3605	HNcmsc
Jer 52:14	חֹמ֥וֹת	2346	HNcfpc
Jer 52:14	יְרוּשָׁלִַ֖ם	3389	HNp
Jer 52:14	סָבִ֑יב	5439	HNcbsa
Jer 52:14	נָֽתְצוּ֙	5422	HVqp3cp
Jer 52:14	כָּל	3605	HNcmsc
Jer 52:14	חֵ֣יל	2428	HNcmsc
Jer 52:14	כַּשְׂדִּ֔ים	3778	HNp
Jer 52:14	אֲשֶׁ֖ר	834 a	HTr
Jer 52:14	אֶת	854	HR
Jer 52:14	רַב	7227 b	HNcmsc
Jer 52:14	טַבָּחִֽים	2876	HNcmpa
Jer 52:15	וּ/מִ/דַּלּ֨וֹת	c/m/1803 b	HC/R/Ncfpc
Jer 52:15	הָ/עָ֜ם	d/5971 a	HTd/Ncmsa
Jer 52:15	וְֽ/אֶת	c/853	HC/To
Jer 52:15	יֶ֥תֶר	3499 a	HNcmsc
Jer 52:15	הָ/עָ֣ם	d/5971 a	HTd/Ncmsa
Jer 52:15	הַ/נִּשְׁאָרִ֣ים	d/7604	HTd/VNrmpa
Jer 52:15	בָּ/עִ֗יר	b/5892 b	HRd/Ncfsa
Jer 52:15	וְ/אֶת	c/853	HC/To
Jer 52:15	הַ/נֹּֽפְלִים֙	d/5307	HTd/Vqrmpa
Jer 52:15	אֲשֶׁ֤ר	834 a	HTr
Jer 52:15	נָֽפְלוּ֙	5307	HVqp3cp
Jer 52:15	אֶל	413	HR
Jer 52:15	מֶ֣לֶךְ	4428	HNcmsc
Jer 52:15	בָּבֶ֔ל	894	HNp
Jer 52:15	וְ/אֵ֖ת	c/853	HC/To
Jer 52:15	יֶ֣תֶר	3499 a	HNcmsc
Jer 52:15	הָֽ/אָמ֑וֹן	d/527	HTd/Ncmsa
Jer 52:15	הֶגְלָ֕ה	1540	HVhp3ms
Jer 52:15	נְבוּזַרְאֲדָ֖ן	5018	HNp
Jer 52:15	רַב	7227 b	HNcmsc
Jer 52:15	טַבָּחִֽים	2876	HNcmpa
Jer 52:16	וּ/מִ/דַּלּ֣וֹת	c/m/1803 b	HC/R/Ncfpc
Jer 52:16	הָ/אָ֔רֶץ	d/776	HTd/Ncbsa
Jer 52:16	הִשְׁאִ֕יר	7604	HVhp3ms
Jer 52:16	נְבוּזַרְאֲדָ֖ן	5018	HNp
Jer 52:16	רַב	7227 b	HNcmsc
Jer 52:16	טַבָּחִ֑ים	2876	HNcmpa
Jer 52:16	לְ/כֹרְמִ֖ים	l/3755	HR/Ncmpa
Jer 52:16	וּ/לְ/יֹגְבִֽים	c/l/3009	HC/R/Vqrmpa
Jer 52:17	וְ/אֶת	c/853	HC/To
Jer 52:17	עַמּוּדֵ֨י	5982	HNcmpc
Jer 52:17	הַ/נְּחֹ֜שֶׁת	d/5178 a	HTd/Ncfsa
Jer 52:17	אֲשֶׁ֣ר	834 a	HTr
Jer 52:17	לְ/בֵית	l/1004 b	HR/Ncmsc
Jer 52:17	יְהוָ֗ה	3068	HNp
Jer 52:17	וְֽ/אֶת	c/853	HC/To
Jer 52:17	הַ/מְּכֹנ֞וֹת	d/4350	HTd/Ncfpa
Jer 52:17	וְ/אֶת	c/853	HC/To
Jer 52:17	יָ֧ם	3220	HNcmsc
Jer 52:17	הַ/נְּחֹ֛שֶׁת	d/5178 a	HTd/Ncfsa
Jer 52:17	אֲשֶׁ֥ר	834 a	HTr
Jer 52:17	בְּ/בֵית	b/1004 b	HR/Ncmsc
Jer 52:17	יְהוָ֖ה	3068	HNp
Jer 52:17	שִׁבְּר֣וּ	7665	HVpp3cp
Jer 52:17	כַשְׂדִּ֑ים	3778	HNp
Jer 52:17	וַ/יִּשְׂא֥וּ	c/5375	HC/Vqw3mp
Jer 52:17	אֶת	853	HTo
Jer 52:17	כָּל	3605	HNcmsc
Jer 52:17	נְחֻשְׁתָּ֖/ם	5178 a	HNcfsc/Sp3mp
Jer 52:17	בָּבֶֽלָ/ה	894	HNp/Sd
Jer 52:18	וְ/אֶת	c/853	HC/To
Jer 52:18	הַ֠/סִּרוֹת	d/5518 a	HTd/Ncbpa
Jer 52:18	וְ/אֶת	c/853	HC/To
Jer 52:18	הַ/יָּעִ֨ים	d/3257	HTd/Ncmpa
Jer 52:18	וְ/אֶת	c/853	HC/To
Jer 52:18	הַֽ/מְזַמְּר֜וֹת	d/4212	HTd/Ncfpa
Jer 52:18	וְ/אֶת	c/853	HC/To
Jer 52:18	הַ/מִּזְרָקֹ֣ת	d/4219	HTd/Ncmpa
Jer 52:18	וְ/אֶת	c/853	HC/To
Jer 52:18	הַ/כַּפּ֗וֹת	d/3709	HTd/Ncfpa
Jer 52:18	וְ/אֵ֨ת	c/853	HC/To
Jer 52:18	כָּל	3605	HNcmsc
Jer 52:18	כְּלֵ֧י	3627	HNcmpc
Jer 52:18	הַ/נְּחֹ֛שֶׁת	d/5178 a	HTd/Ncfsa
Jer 52:18	אֲשֶׁר	834 a	HTr
Jer 52:18	יְשָׁרְת֥וּ	8334	HVpi3mp
Jer 52:18	בָ/הֶ֖ם	b	HR/Sp3mp
Jer 52:18	לָקָֽחוּ	3947	HVqp3cp
Jer 52:19	וְ/אֶת	c/853	HC/To
Jer 52:19	הַ֠/סִּפִּים	d/5592 a	HTd/Ncmpa
Jer 52:19	וְ/אֶת	c/853	HC/To
Jer 52:19	הַ/מַּחְתּ֨וֹת	d/4289	HTd/Ncfpa
Jer 52:19	וְ/אֶת	c/853	HC/To
Jer 52:19	הַ/מִּזְרָק֜וֹת	d/4219	HTd/Ncmpa
Jer 52:19	וְ/אֶת	c/853	HC/To
Jer 52:19	הַ/סִּיר֣וֹת	d/5518 a	HTd/Ncbpa
Jer 52:19	וְ/אֶת	c/853	HC/To
Jer 52:19	הַ/מְּנֹר֗וֹת	d/4501	HTd/Ncfpa
Jer 52:19	וְ/אֶת	c/853	HC/To
Jer 52:19	הַ/כַּפּוֹת֙	d/3709	HTd/Ncfpa
Jer 52:19	וְ/אֶת	c/853	HC/To
Jer 52:19	הַ/מְּנַקִי֔וֹת	d/4518	HTd/Ncfpa
Jer 52:19	אֲשֶׁ֤ר	834 a	HTr
Jer 52:19	זָהָב֙	2091	HNcmsa
Jer 52:19	זָהָ֔ב	2091	HNcmsa
Jer 52:19	וַ/אֲשֶׁר	c/834 a	HC/Tr
Jer 52:19	כֶּ֖סֶף	3701	HNcmsa
Jer 52:19	כָּ֑סֶף	3701	HNcmsa
Jer 52:19	לָקַ֖ח	3947	HVqp3ms
Jer 52:19	רַב	7227 b	HNcmsc
Jer 52:19	טַבָּחִֽים	2876	HNcmpa
Jer 52:20	הָ/עַמּוּדִ֣ים	d/5982	HTd/Ncmpa
Jer 52:20	שְׁנַ֗יִם	8147	HAcmda
Jer 52:20	הַ/יָּ֤ם	d/3220	HTd/Ncmsa
Jer 52:20	אֶחָד֙	259	HAcmsa
Jer 52:20	וְ/הַ/בָּקָ֞ר	c/d/1241	HC/Td/Ncbsa
Jer 52:20	שְׁנֵים	8147	HAcmda
Jer 52:20	עָשָׂ֤ר	6240	HAcmsa
Jer 52:20	נְחֹ֨שֶׁת֙	5178 a	HNcfsa
Jer 52:20	אֲשֶׁר	834 a	HTr
Jer 52:20	תַּ֣חַת	8478	HR
Jer 52:20	הַ/מְּכֹנ֔וֹת	d/4350	HTd/Ncfpa
Jer 52:20	אֲשֶׁ֥ר	834 a	HTr
Jer 52:20	עָשָׂ֛ה	6213 a	HVqp3ms
Jer 52:20	הַ/מֶּ֥לֶךְ	d/4428	HTd/Ncmsa
Jer 52:20	שְׁלֹמֹ֖ה	8010	HNp
Jer 52:20	לְ/בֵ֣ית	l/1004 b	HR/Ncmsc
Jer 52:20	יְהוָ֑ה	3068	HNp
Jer 52:20	לֹא	3808	HTn
Jer 52:20	הָיָ֣ה	1961	HVqp3ms
Jer 52:20	מִשְׁקָ֔ל	4948	HNcmsa
Jer 52:20	לִ/נְחֻשְׁתָּ֖/ם	l/5178 a	HR/Ncfsc/Sp3mp
Jer 52:20	כָּל	3605	HNcmsc
Jer 52:20	הַ/כֵּלִ֥ים	d/3627	HTd/Ncmpa
Jer 52:20	הָ/אֵֽלֶּה	d/428	HTd/Pdxcp
Jer 52:21	וְ/הָ/עַמּוּדִ֗ים	c/d/5982	HC/Td/Ncmpa
Jer 52:21	שְׁמֹנֶ֨ה	8083	HAcfsa
Jer 52:21	עֶשְׂרֵ֤ה	6240	HAcfsa
Jer 52:21	אַמָּה֙	520 a	HNcfsa
Jer 52:21	קומה	6967	HNcfsc
Jer 52:21	הָ/עַמֻּ֣ד	d/5982	HTd/Ncmsa
Jer 52:21	הָ/אֶחָ֔ד	d/259	HTd/Acmsa
Jer 52:21	וְ/ח֛וּט	c/2339	HC/Ncmsc
Jer 52:21	שְׁתֵּים	8147	HAcfda
Jer 52:21	עֶשְׂרֵ֥ה	6240	HAcfsa
Jer 52:21	אַמָּ֖ה	520 a	HNcfsa
Jer 52:21	יְסֻבֶּ֑/נּוּ	5437	HVqi3ms/Sp3ms
Jer 52:21	וְ/עָבְי֛/וֹ	c/5672	HC/Ncmsc/Sp3ms
Jer 52:21	אַרְבַּ֥ע	702	HAcfsa
Jer 52:21	אַצְבָּע֖וֹת	676	HNcfpa
Jer 52:21	נָבֽוּב	5014	HVqsmsa
Jer 52:22	וְ/כֹתֶ֨רֶת	c/3805	HC/Ncfsa
Jer 52:22	עָלָ֜י/ו	5921 a	HR/Sp3ms
Jer 52:22	נְחֹ֗שֶׁת	5178 a	HNcfsa
Jer 52:22	וְ/קוֹמַ֨ת	c/6967	HC/Ncfsc
Jer 52:22	הַ/כֹּתֶ֥רֶת	d/3805	HTd/Ncfsa
Jer 52:22	הָ/אַחַת֮	d/259	HTd/Acfsa
Jer 52:22	חָמֵ֣שׁ	2568	HAcfsa
Jer 52:22	אַמּוֹת֒	520 a	HNcfpa
Jer 52:22	וּ/שְׂבָכָ֨ה	c/7639	HC/Ncfsa
Jer 52:22	וְ/רִמּוֹנִ֧ים	c/7416	HC/Ncmpa
Jer 52:22	עַֽל	5921 a	HR
Jer 52:22	הַ/כּוֹתֶ֛רֶת	d/3805	HTd/Ncfsa
Jer 52:22	סָבִ֖יב	5439	HNcbsa
Jer 52:22	הַ/כֹּ֣ל	d/3605	HTd/Ncmsa
Jer 52:22	נְחֹ֑שֶׁת	5178 a	HNcfsa
Jer 52:22	וְ/כָ/אֵ֛לֶּה	c/k/428	HC/R/Pdxcp
Jer 52:22	לַֽ/עַמּ֥וּד	l/5982	HRd/Ncmsa
Jer 52:22	הַ/שֵּׁנִ֖י	d/8145	HTd/Aomsa
Jer 52:22	וְ/רִמּוֹנִֽים	c/7416	HC/Ncmpa
Jer 52:23	וַ/יִּֽהְיוּ֙	c/1961	HC/Vqw3mp
Jer 52:23	הָֽ/רִמֹּנִ֔ים	d/7416	HTd/Ncmpa
Jer 52:23	תִּשְׁעִ֥ים	8673	HAcbpa
Jer 52:23	וְ/שִׁשָּׁ֖ה	c/8337	HC/Acmsa
Jer 52:23	ר֑וּחָ/ה	7307	HNcbsa/Sd
Jer 52:23	כָּל	3605	HNcmsc
Jer 52:23	הָ/רִמּוֹנִ֥ים	d/7416	HTd/Ncmpa
Jer 52:23	מֵאָ֛ה	3967	HAcbsa
Jer 52:23	עַל	5921 a	HR
Jer 52:23	הַ/שְּׂבָכָ֖ה	d/7639	HTd/Ncfsa
Jer 52:23	סָבִֽיב	5439	HNcbsa
Jer 52:24	וַ/יִּקַּ֣ח	c/3947	HC/Vqw3ms
Jer 52:24	רַב	7227 a	HNcmsc
Jer 52:24	טַבָּחִ֗ים	2876	HNcmpa
Jer 52:24	אֶת	853	HTo
Jer 52:24	שְׂרָיָה֙	8304	HNp
Jer 52:24	כֹּהֵ֣ן	3548	HNcmsc
Jer 52:24	הָ/רֹ֔אשׁ	d/7218 a	HTd/Ncmsa
Jer 52:24	וְ/אֶת	c/853	HC/To
Jer 52:24	צְפַנְיָ֖ה	6846	HNp
Jer 52:24	כֹּהֵ֣ן	3548	HNcmsc
Jer 52:24	הַ/מִּשְׁנֶ֑ה	d/4932	HTd/Ncmsa
Jer 52:24	וְ/אֶת	c/853	HC/To
Jer 52:24	שְׁלֹ֖שֶׁת	7969	HAcmsc
Jer 52:24	שֹׁמְרֵ֥י	8104	HVqrmpc
Jer 52:24	הַ/סַּֽף	d/5592 b	HTd/Ncmsa
Jer 52:25	וּ/מִן	c/4480 a	HC/R
Jer 52:25	הָ/עִ֡יר	d/5892 b	HTd/Ncfsa
Jer 52:25	לָקַח֩	3947	HVqp3ms
Jer 52:25	סָרִ֨יס	5631	HNcmsa
Jer 52:25	אֶחָ֜ד	259	HAcmsa
Jer 52:25	אֲֽשֶׁר	834 a	HTr
Jer 52:25	הָיָ֥ה	1961	HVqp3ms
Jer 52:25	פָקִ֣יד	6496	HNcmsa
Jer 52:25	עַל	5921 a	HR
Jer 52:25	אַנְשֵׁ֣י	376	HNcmpc
Jer 52:25	הַ/מִּלְחָמָ֗ה	d/4421	HTd/Ncfsa
Jer 52:25	וְ/שִׁבְעָ֨ה	c/7651	HC/Acmsa
Jer 52:25	אֲנָשִׁ֜ים	376	HNcmpa
Jer 52:25	מֵ/רֹאֵ֤י	m/7200	HR/Vqrmpc
Jer 52:25	פְנֵי	6440	HNcbpc
Jer 52:25	הַ/מֶּ֨לֶךְ֙	d/4428	HTd/Ncmsa
Jer 52:25	אֲשֶׁ֣ר	834 a	HTr
Jer 52:25	נִמְצְא֣וּ	4672	HVNp3cp
Jer 52:25	בָ/עִ֔יר	b/5892 b	HRd/Ncfsa
Jer 52:25	וְ/אֵ֗ת	c/853	HC/To
Jer 52:25	סֹפֵר֙	5608 b	HNcmsc
Jer 52:25	שַׂ֣ר	8269	HNcmsc
Jer 52:25	הַ/צָּבָ֔א	d/6635 a	HTd/Ncbsa
Jer 52:25	הַ/מַּצְבִּ֖א	d/6633	HTd/Vhrmsa
Jer 52:25	אֶת	853	HTo
Jer 52:25	עַ֣ם	5971 a	HNcmsc
Jer 52:25	הָ/אָ֑רֶץ	d/776	HTd/Ncbsa
Jer 52:25	וְ/שִׁשִּׁ֥ים	c/8346	HC/Acbpa
Jer 52:25	אִישׁ֙	376	HNcmsa
Jer 52:25	מֵ/עַ֣ם	m/5971 a	HR/Ncmsc
Jer 52:25	הָ/אָ֔רֶץ	d/776	HTd/Ncbsa
Jer 52:25	הַֽ/נִּמְצְאִ֖ים	d/4672	HTd/VNrmpa
Jer 52:25	בְּ/ת֥וֹךְ	b/8432	HR/Ncmsc
Jer 52:25	הָ/עִֽיר	d/5892 b	HTd/Ncfsa
Jer 52:26	וַ/יִּקַּ֣ח	c/3947	HC/Vqw3ms
Jer 52:26	אוֹתָ֔/ם	853	HTo/Sp3mp
Jer 52:26	נְבוּזַרְאֲדָ֖ן	5018	HNp
Jer 52:26	רַב	7227 b	HNcmsc
Jer 52:26	טַבָּחִ֑ים	2876	HNcmpa
Jer 52:26	וַ/יֹּ֧לֶךְ	c/3212	HC/Vhw3ms
Jer 52:26	אוֹתָ֛/ם	853	HTo/Sp3mp
Jer 52:26	אֶל	413	HR
Jer 52:26	מֶ֥לֶךְ	4428	HNcmsc
Jer 52:26	בָּבֶ֖ל	894	HNp
Jer 52:26	רִבְלָֽתָ/ה	7247	HNp/Sd
Jer 52:27	וַ/יַּכֶּ֣ה	c/5221	HC/Vhw3ms
Jer 52:27	אוֹתָ/ם֩	853	HTo/Sp3mp
Jer 52:27	מֶ֨לֶךְ	4428	HNcmsc
Jer 52:27	בָּבֶ֧ל	894	HNp
Jer 52:27	וַ/יְמִתֵ֛/ם	c/4191	HC/Vhw3ms/Sp3mp
Jer 52:27	בְּ/רִבְלָ֖ה	b/7247	HR/Np
Jer 52:27	בְּ/אֶ֣רֶץ	b/776	HR/Ncbsc
Jer 52:27	חֲמָ֑ת	2574	HNp
Jer 52:27	וַ/יִּ֥גֶל	c/1540	HC/Vqw3ms
Jer 52:27	יְהוּדָ֖ה	3063	HNp
Jer 52:27	מֵ/עַ֥ל	m/5921 a	HR/R
Jer 52:27	אַדְמָתֽ/וֹ	127	HNcfsc/Sp3ms
Jer 52:28	זֶ֣ה	2088	HPdxms
Jer 52:28	הָ/עָ֔ם	d/5971 a	HTd/Ncmsa
Jer 52:28	אֲשֶׁ֥ר	834 a	HTr
Jer 52:28	הֶגְלָ֖ה	1540	HVhp3ms
Jer 52:28	נְבֽוּכַדְרֶאצַּ֑ר	5019	HNp
Jer 52:28	בִּ/שְׁנַת	b/8141	HR/Ncfsc
Jer 52:28	שֶׁ֕בַע	7651	HAcfsa
Jer 52:28	יְהוּדִ֕ים	3064	HNgmpa
Jer 52:28	שְׁלֹ֥שֶׁת	7969	HAcmsc
Jer 52:28	אֲלָפִ֖ים	505	HAcbpa
Jer 52:28	וְ/עֶשְׂרִ֥ים	c/6242	HC/Acbpa
Jer 52:28	וּ/שְׁלֹשָֽׁה	c/7969	HC/Acmsa
Jer 52:29	בִּ/שְׁנַ֛ת	b/8141	HR/Ncfsc
Jer 52:29	שְׁמוֹנֶ֥ה	8083	HAcfsa
Jer 52:29	עֶשְׂרֵ֖ה	6240	HAcfsa
Jer 52:29	לִ/נְבֽוּכַדְרֶאצַּ֑ר	l/5019	HR/Np
Jer 52:29	מִ/יר֣וּשָׁלִַ֔ם	m/3389	HR/Np
Jer 52:29	נֶ֕פֶשׁ	5315	HNcbsa
Jer 52:29	שְׁמֹנֶ֥ה	8083	HAcfsa
Jer 52:29	מֵא֖וֹת	3967	HAcbpa
Jer 52:29	שְׁלֹשִׁ֥ים	7970	HAcbpa
Jer 52:29	וּ/שְׁנָֽיִם	c/8147	HC/Acmda
Jer 52:30	בִּ/שְׁנַ֨ת	b/8141	HR/Ncfsc
Jer 52:30	שָׁלֹ֣שׁ	7969	HAcfsa
Jer 52:30	וְ/עֶשְׂרִים֮	c/6242	HC/Acbpa
Jer 52:30	לִ/נְבֽוּכַדְרֶאצַּר֒	l/5019	HR/Np
Jer 52:30	הֶגְלָ֗ה	1540	HVhp3ms
Jer 52:30	נְבֽוּזַרְאֲדָן֙	5018	HNp
Jer 52:30	רַב	7227 b	HNcmsc
Jer 52:30	טַבָּחִ֔ים	2876	HNcmpa
Jer 52:30	יְהוּדִ֕ים	3064	HNgmpa
Jer 52:30	נֶ֕פֶשׁ	5315	HNcbsa
Jer 52:30	שְׁבַ֥ע	7651	HAcfsa
Jer 52:30	מֵא֖וֹת	3967	HAcbpa
Jer 52:30	אַרְבָּעִ֣ים	705	HAcbpa
Jer 52:30	וַ/חֲמִשָּׁ֑ה	c/2568	HC/Acmsa
Jer 52:30	כָּל	3605	HNcmsc
Jer 52:30	נֶ֕פֶשׁ	5315	HNcbsa
Jer 52:30	אַרְבַּ֥עַת	702	HAcmsc
Jer 52:30	אֲלָפִ֖ים	505	HAcbpa
Jer 52:30	וְ/שֵׁ֥שׁ	c/8337	HC/Acfsa
Jer 52:30	מֵאֽוֹת	3967	HAcbpa
Jer 52:31	וַ/יְהִי֩	c/1961	HC/Vqw3ms
Jer 52:31	בִ/שְׁלֹשִׁ֨ים	b/7970	HR/Acbpa
Jer 52:31	וָ/שֶׁ֜בַע	c/7651	HC/Acfsa
Jer 52:31	שָׁנָ֗ה	8141	HNcfsa
Jer 52:31	לְ/גָלוּת֙	l/1546	HR/Ncfsc
Jer 52:31	יְהוֹיָכִ֣ן	3078	HNp
Jer 52:31	מֶֽלֶךְ	4428	HNcmsc
Jer 52:31	יְהוּדָ֔ה	3063	HNp
Jer 52:31	בִּ/שְׁנֵ֤ים	b/8147	HR/Acmda
Jer 52:31	עָשָׂר֙	6240	HAcmsa
Jer 52:31	חֹ֔דֶשׁ	2320	HNcmsa
Jer 52:31	בְּ/עֶשְׂרִ֥ים	b/6242	HR/Acbpa
Jer 52:31	וַ/חֲמִשָּׁ֖ה	c/2568	HC/Acmsa
Jer 52:31	לַ/חֹ֑דֶשׁ	l/2320	HRd/Ncmsa
Jer 52:31	נָשָׂ֡א	5375	HVqp3ms
Jer 52:31	אֱוִ֣יל	192+	HAamsa
Jer 52:31	מְרֹדַךְ֩	192	HNp
Jer 52:31	מֶ֨לֶךְ	4428	HNcmsc
Jer 52:31	בָּבֶ֜ל	894	HNp
Jer 52:31	בִּ/שְׁנַ֣ת	b/8141	HR/Ncfsc
Jer 52:31	מַלְכֻת֗/וֹ	4438	HNcfsc/Sp3ms
Jer 52:31	אֶת	853	HTo
Jer 52:31	רֹאשׁ֙	7218 a	HNcmsc
Jer 52:31	יְהוֹיָכִ֣ין	3078	HNp
Jer 52:31	מֶֽלֶךְ	4428	HNcmsc
Jer 52:31	יְהוּדָ֔ה	3063	HNp
Jer 52:31	וַ/יֹּצֵ֥א	c/3318	HC/Vhw3ms
Jer 52:31	אוֹת֖/וֹ	853	HTo/Sp3ms
Jer 52:31	מִ/בֵּ֥ית	m/1004 b	HR/Ncmsc
Jer 52:31	ה/כליא	d/3628	HTd/Ncmsa
Jer 52:32	וַ/יְדַבֵּ֥ר	c/1696	HC/Vpw3ms
Jer 52:32	אִתּ֖/וֹ	854	HR/Sp3ms
Jer 52:32	טֹב֑וֹת	2896 c	HAafpa
Jer 52:32	וַ/יִּתֵּן֙	c/5414	HC/Vqw3ms
Jer 52:32	אֶת	853	HTo
Jer 52:32	כִּסְא֔/וֹ	3678	HNcmsc/Sp3ms
Jer 52:32	מִ/מַּ֗עַל	m/4605	HR/D
Jer 52:32	לְ/כִסֵּ֧א	l/3678	HR/Ncmsc
Jer 52:32	מלכים	4428	HNcmpa
Jer 52:32	אֲשֶׁ֥ר	834 a	HTr
Jer 52:32	אִתּ֖/וֹ	854	HR/Sp3ms
Jer 52:32	בְּ/בָבֶֽל	b/894	HR/Np
Jer 52:33	וְ/שִׁנָּ֕ה	c/8138 a	HC/Vpq3ms
Jer 52:33	אֵ֖ת	853	HTo
Jer 52:33	בִּגְדֵ֣י	899 b	HNcmpc
Jer 52:33	כִלְא֑/וֹ	3608	HNcmsc/Sp3ms
Jer 52:33	וְ/אָכַ֨ל	c/398	HC/Vqq3ms
Jer 52:33	לֶ֧חֶם	3899	HNcbsa
Jer 52:33	לְ/פָנָ֛י/ו	l/6440	HR/Ncbpc/Sp3ms
Jer 52:33	תָּמִ֖יד	8548	HNcmsa
Jer 52:33	כָּל	3605	HNcmsc
Jer 52:33	יְמֵ֥י	3117	HNcmpc
Jer 52:33	חַיָּֽ/ו	2416 e	HNcmpc/Sp3ms
Jer 52:34	וַ/אֲרֻחָת֗/וֹ	c/737	HC/Ncfsc/Sp3ms
Jer 52:34	אֲרֻחַת֩	737	HNcfsc
Jer 52:34	תָּמִ֨יד	8548	HNcmsa
Jer 52:34	נִתְּנָה	5414	HVNp3fs
Jer 52:34	לּ֜/וֹ	l	HR/Sp3ms
Jer 52:34	מֵ/אֵ֧ת	m/854	HR/R
Jer 52:34	מֶֽלֶךְ	4428	HNcmsc
Jer 52:34	בָּבֶ֛ל	894	HNp
Jer 52:34	דְּבַר	1697	HNcmsc
Jer 52:34	י֥וֹם	3117	HNcmsa
Jer 52:34	בְּ/יוֹמ֖/וֹ	b/3117	HR/Ncmsc/Sp3ms
Jer 52:34	עַד	5704	HR
Jer 52:34	י֣וֹם	3117	HNcmsc
Jer 52:34	מוֹת֑/וֹ	4194	HNcmsc/Sp3ms
Jer 52:34	כֹּ֖ל	3605	HNcmsc
Jer 52:34	יְמֵ֥י	3117	HNcmpc
Jer 52:34	חַיָּֽי/ו	2416 e	HNcmpc/Sp3ms
