ref	word	lemma	morph
Ezek 1:1	וַ/יְהִ֣י	c/1961	HC/Vqw3ms
Ezek 1:1	בִּ/שְׁלֹשִׁ֣ים	b/7970	HR/Acbpa
Ezek 1:1	שָׁנָ֗ה	8141	HNcfsa
Ezek 1:1	בָּֽ/רְבִיעִי֙	b/7243	HRd/Aomsa
Ezek 1:1	בַּ/חֲמִשָּׁ֣ה	b/2568	HR/Acmsa
Ezek 1:1	לַ/חֹ֔דֶשׁ	l/2320	HRd/Ncmsa
Ezek 1:1	וַ/אֲנִ֥י	c/589	HC/Pp1cs
Ezek 1:1	בְ/תֽוֹךְ	b/8432	HR/Ncmsc
Ezek 1:1	הַ/גּוֹלָ֖ה	d/1473	HTd/Ncfsa
Ezek 1:1	עַל	5921 a	HR
Ezek 1:1	נְהַר	5104	HNcmsc
Ezek 1:1	כְּבָ֑ר	3529	HNp
Ezek 1:1	נִפְתְּחוּ֙	6605 a	HVNp3cp
Ezek 1:1	הַ/שָּׁמַ֔יִם	d/8064	HTd/Ncmpa
Ezek 1:1	וָ/אֶרְאֶ֖ה	c/7200	HC/Vqw1cs
Ezek 1:1	מַרְא֥וֹת	4759 a	HNcfpc
Ezek 1:1	אֱלֹהִֽים	430	HNcmpa
Ezek 1:2	בַּ/חֲמִשָּׁ֖ה	b/2568	HR/Acmsa
Ezek 1:2	לַ/חֹ֑דֶשׁ	l/2320	HRd/Ncmsa
Ezek 1:2	הִ֚יא	1931	HPp3fs
Ezek 1:2	הַ/שָּׁנָ֣ה	d/8141	HTd/Ncfsa
Ezek 1:2	הַ/חֲמִישִׁ֔ית	d/2549	HTd/Aofsa
Ezek 1:2	לְ/גָל֖וּת	l/1546	HR/Ncfsc
Ezek 1:2	הַ/מֶּ֥לֶךְ	d/4428	HTd/Ncmsa
Ezek 1:2	יוֹיָכִֽין	3112	HNp
Ezek 1:3	הָיֹ֣ה	1961	HVqa
Ezek 1:3	הָיָ֣ה	1961	HVqp3ms
Ezek 1:3	דְבַר	1697	HNcmsc
Ezek 1:3	יְ֠הוָה	3068	HNp
Ezek 1:3	אֶל	413	HR
Ezek 1:3	יְחֶזְקֵ֨אל	3168	HNp
Ezek 1:3	בֶּן	1121 a	HNcmsc
Ezek 1:3	בּוּזִ֧י	941	HNp
Ezek 1:3	הַ/כֹּהֵ֛ן	d/3548	HTd/Ncmsa
Ezek 1:3	בְּ/אֶ֥רֶץ	b/776	HR/Ncbsc
Ezek 1:3	כַּשְׂדִּ֖ים	3778	HNp
Ezek 1:3	עַל	5921 a	HR
Ezek 1:3	נְהַר	5104	HNcmsc
Ezek 1:3	כְּבָ֑ר	3529	HNp
Ezek 1:3	וַ/תְּהִ֥י	c/1961	HC/Vqw3fs
Ezek 1:3	עָלָ֛י/ו	5921 a	HR/Sp3ms
Ezek 1:3	שָׁ֖ם	8033	HD
Ezek 1:3	יַד	3027	HNcbsc
Ezek 1:3	יְהוָֽה	3068	HNp
Ezek 1:4	וָ/אֵ֡רֶא	c/7200	HC/Vqw1cs
Ezek 1:4	וְ/הִנֵּה֩	c/2009	HC/Tm
Ezek 1:4	ר֨וּחַ	7307	HNcbsc
Ezek 1:4	סְעָרָ֜ה	5591 b	HNcfsa
Ezek 1:4	בָּאָ֣ה	935	HVqrfsa
Ezek 1:4	מִן	4480 a	HR
Ezek 1:4	הַ/צָּפ֗וֹן	d/6828	HTd/Ncfsa
Ezek 1:4	עָנָ֤ן	6051	HNcmsa
Ezek 1:4	גָּדוֹל֙	1419 a	HAamsa
Ezek 1:4	וְ/אֵ֣שׁ	c/784	HC/Ncbsa
Ezek 1:4	מִתְלַקַּ֔חַת	3947	HVtrfsa
Ezek 1:4	וְ/נֹ֥גַֽהּ	c/5051	HC/Ncfsa
Ezek 1:4	ל֖/וֹ	l	HR/Sp3ms
Ezek 1:4	סָבִ֑יב	5439	HNcbsa
Ezek 1:4	וּ/מִ֨/תּוֹכָ֔/הּ	c/m/8432	HC/R/Ncmsc/Sp3fs
Ezek 1:4	כְּ/עֵ֥ין	k/5869 a	HR/Ncbsc
Ezek 1:4	הַ/חַשְׁמַ֖ל	d/2830	HTd/Ncmsa
Ezek 1:4	מִ/תּ֥וֹךְ	m/8432	HR/Ncmsc
Ezek 1:4	הָ/אֵֽשׁ	d/784	HTd/Ncbsa
Ezek 1:5	וּ/מִ֨/תּוֹכָ֔/הּ	c/m/8432	HC/R/Ncmsc/Sp3fs
Ezek 1:5	דְּמ֖וּת	1823	HNcfsc
Ezek 1:5	אַרְבַּ֣ע	702	HAcfsa
Ezek 1:5	חַיּ֑וֹת	2416 c	HNcfpa
Ezek 1:5	וְ/זֶה֙	c/2088	HC/Pdxms
Ezek 1:5	מַרְאֵֽי/הֶ֔ן	4758	HNcmsc/Sp3fp
Ezek 1:5	דְּמ֥וּת	1823	HNcfsc
Ezek 1:5	אָדָ֖ם	120	HNcmsa
Ezek 1:5	לָ/הֵֽנָּה	l/2007	HR/Pp3fp
Ezek 1:6	וְ/אַרְבָּעָ֥ה	c/702	HC/Acmsa
Ezek 1:6	פָנִ֖ים	6440	HNcbpa
Ezek 1:6	לְ/אֶחָ֑ת	l/259	HR/Acfsa
Ezek 1:6	וְ/אַרְבַּ֥ע	c/702	HC/Acfsa
Ezek 1:6	כְּנָפַ֖יִם	3671	HNcfda
Ezek 1:6	לְ/אַחַ֥ת	l/259	HR/Acfsa
Ezek 1:6	לָ/הֶֽם	l	HR/Sp3mp
Ezek 1:7	וְ/רַגְלֵי/הֶ֖ם	c/7272	HC/Ncfdc/Sp3mp
Ezek 1:7	רֶ֣גֶל	7272	HNcfsa
Ezek 1:7	יְשָׁרָ֑ה	3477	HAafsa
Ezek 1:7	וְ/כַ֣ף	c/3709	HC/Ncfsc
Ezek 1:7	רַגְלֵי/הֶ֗ם	7272	HNcfdc/Sp3mp
Ezek 1:7	כְּ/כַף֙	k/3709	HR/Ncfsc
Ezek 1:7	רֶ֣גֶל	7272	HNcfsc
Ezek 1:7	עֵ֔גֶל	5695	HNcmsa
Ezek 1:7	וְ/נֹ֣צְצִ֔ים	c/5340	HC/Vqrmpa
Ezek 1:7	כְּ/עֵ֖ין	k/5869 a	HR/Ncbsc
Ezek 1:7	נְחֹ֥שֶׁת	5178 a	HNcfsa
Ezek 1:7	קָלָֽל	7044	HAamsa
Ezek 1:8	ו/יד/ו	c/3027	HC/Ncbdc/Sp3ms
Ezek 1:8	אָדָ֗ם	120	HNcmsa
Ezek 1:8	מִ/תַּ֨חַת֙	m/8478	HR/R
Ezek 1:8	כַּנְפֵי/הֶ֔ם	3671	HNcfdc/Sp3mp
Ezek 1:8	עַ֖ל	5921 a	HR
Ezek 1:8	אַרְבַּ֣עַת	702	HAcmsc
Ezek 1:8	רִבְעֵי/הֶ֑ם	7253	HNcmpc/Sp3mp
Ezek 1:8	וּ/פְנֵי/הֶ֥ם	c/6440	HC/Ncbpc/Sp3mp
Ezek 1:8	וְ/כַנְפֵי/הֶ֖ם	c/3671	HC/Ncfdc/Sp3mp
Ezek 1:8	לְ/אַרְבַּעְתָּֽ/ם	l/702	HR/Acmsc/Sp3mp
Ezek 1:9	חֹֽבְרֹ֛ת	2266	HVqrfpa
Ezek 1:9	אִשָּׁ֥ה	802	HNcfsa
Ezek 1:9	אֶל	413	HR
Ezek 1:9	אֲחוֹתָ֖/הּ	269	HNcfsc/Sp3fs
Ezek 1:9	כַּנְפֵי/הֶ֑ם	3671	HNcfdc/Sp3mp
Ezek 1:9	לֹא	3808	HTn
Ezek 1:9	יִסַּ֣בּוּ	5437	HVNi3mp
Ezek 1:9	בְ/לֶכְתָּ֔/ן	b/3212	HR/Vqc/Sp3fp
Ezek 1:9	אִ֛ישׁ	376	HNcmsa
Ezek 1:9	אֶל	413	HR
Ezek 1:9	עֵ֥בֶר	5676	HNcmsc
Ezek 1:9	פָּנָ֖י/ו	6440	HNcbpc/Sp3ms
Ezek 1:9	יֵלֵֽכוּ	3212	HVqi3mp
Ezek 1:10	וּ/דְמ֣וּת	c/1823	HC/Ncfsc
Ezek 1:10	פְּנֵי/הֶם֮	6440	HNcbpc/Sp3mp
Ezek 1:10	פְּנֵ֣י	6440	HNcbpc
Ezek 1:10	אָדָם֒	120	HNcmsa
Ezek 1:10	וּ/פְנֵ֨י	c/6440	HC/Ncbpc
Ezek 1:10	אַרְיֵ֤ה	738 b	HNcmsa
Ezek 1:10	אֶל	413	HR
Ezek 1:10	הַ/יָּמִין֙	d/3225	HTd/Ncfsa
Ezek 1:10	לְ/אַרְבַּעְתָּ֔/ם	l/702	HR/Acmsc/Sp3mp
Ezek 1:10	וּ/פְנֵי	c/6440	HC/Ncbpc
Ezek 1:10	שׁ֥וֹר	7794	HNcmsa
Ezek 1:10	מֵֽ/הַ/שְּׂמֹ֖אול	m/d/8040	HR/Td/Ncmsa
Ezek 1:10	לְ/אַרְבַּעְתָּ֑/ן	l/702	HR/Acmsc/Sp3fp
Ezek 1:10	וּ/פְנֵי	c/6440	HC/Ncbpc
Ezek 1:10	נֶ֖שֶׁר	5404	HNcmsa
Ezek 1:10	לְ/אַרְבַּעְתָּֽ/ן	l/702	HR/Acmsc/Sp3fp
Ezek 1:11	וּ/פְנֵי/הֶ֕ם	c/6440	HC/Ncbpc/Sp3mp
Ezek 1:11	וְ/כַנְפֵי/הֶ֥ם	c/3671	HC/Ncfdc/Sp3mp
Ezek 1:11	פְּרֻד֖וֹת	6504	HVqsfpa
Ezek 1:11	מִ/לְ/מָ֑עְלָ/ה	m/l/4605	HR/R/D/Sd
Ezek 1:11	לְ/אִ֗ישׁ	l/376	HR/Ncmsa
Ezek 1:11	שְׁ֚תַּיִם	8147	HAcfda
Ezek 1:11	חֹבְר֣וֹת	2266	HVqrfpa
Ezek 1:11	אִ֔ישׁ	376	HNcmsa
Ezek 1:11	וּ/שְׁתַּ֣יִם	c/8147	HC/Acfda
Ezek 1:11	מְכַסּ֔וֹת	3680	HVprfpa
Ezek 1:11	אֵ֖ת	853	HTo
Ezek 1:11	גְּוִיֹתֵי/הֶֽנָה	1472	HNcfpc/Sp3fp
Ezek 1:12	וְ/אִ֛ישׁ	c/376	HC/Ncmsa
Ezek 1:12	אֶל	413	HR
Ezek 1:12	עֵ֥בֶר	5676	HNcmsc
Ezek 1:12	פָּנָ֖י/ו	6440	HNcbpc/Sp3ms
Ezek 1:12	יֵלֵ֑כוּ	3212	HVqi3mp
Ezek 1:12	אֶ֣ל	413	HR
Ezek 1:12	אֲשֶׁר֩	834 a	HTr
Ezek 1:12	יִֽהְיֶה	1961	HVqi3ms
Ezek 1:12	שָׁ֨מָּ/ה	8033	HD/Sd
Ezek 1:12	הָ/ר֤וּחַ	d/7307	HTd/Ncbsa
Ezek 1:12	לָ/לֶ֨כֶת֙	l/3212	HR/Vqc
Ezek 1:12	יֵלֵ֔כוּ	3212	HVqi3mp
Ezek 1:12	לֹ֥א	3808	HTn
Ezek 1:12	יִסַּ֖בּוּ	5437	HVNi3mp
Ezek 1:12	בְּ/לֶכְתָּֽ/ן	b/3212	HR/Vqc/Sp3fp
Ezek 1:13	וּ/דְמ֨וּת	c/1823	HC/Ncfsc
Ezek 1:13	הַ/חַיּ֜וֹת	d/2416 c	HTd/Ncfpa
Ezek 1:13	מַרְאֵי/הֶ֣ם	4758	HNcmsc/Sp3mp
Ezek 1:13	כְּ/גַחֲלֵי	k/1513	HR/Ncbpc
Ezek 1:13	אֵ֗שׁ	784	HNcbsa
Ezek 1:13	בֹּֽעֲרוֹת֙	1197 a	HVqrfpa
Ezek 1:13	כְּ/מַרְאֵ֣ה	k/4758	HR/Ncmsc
Ezek 1:13	הַ/לַּפִּדִ֔ים	d/3940	HTd/Ncmpa
Ezek 1:13	הִ֕יא	1931	HPp3fs
Ezek 1:13	מִתְהַלֶּ֖כֶת	1980	HVtrfsa
Ezek 1:13	בֵּ֣ין	996	HR
Ezek 1:13	הַ/חַיּ֑וֹת	d/2416 c	HTd/Ncfpa
Ezek 1:13	וְ/נֹ֣גַהּ	c/5051	HC/Ncfsa
Ezek 1:13	לָ/אֵ֔שׁ	l/784	HRd/Ncbsa
Ezek 1:13	וּ/מִן	c/4480 a	HC/R
Ezek 1:13	הָ/אֵ֖שׁ	d/784	HTd/Ncbsa
Ezek 1:13	יוֹצֵ֥א	3318	HVqrmsa
Ezek 1:13	בָרָֽק	1300 b	HNcmsa
Ezek 1:14	וְ/הַ/חַיּ֖וֹת	c/d/2416 c	HC/Td/Ncfpa
Ezek 1:14	רָצ֣וֹא	7519	HVqa
Ezek 1:14	וָ/שׁ֑וֹב	c/7725	HC/Vqa
Ezek 1:14	כְּ/מַרְאֵ֖ה	k/4758	HR/Ncmsc
Ezek 1:14	הַ/בָּזָֽק	d/965	HTd/Ncmsa
Ezek 1:15	וָ/אֵ֖רֶא	c/7200	HC/Vqw1cs
Ezek 1:15	הַ/חַיּ֑וֹת	d/2416 c	HTd/Ncfpa
Ezek 1:15	וְ/הִנֵּה֩	c/2009	HC/Tm
Ezek 1:15	אוֹפַ֨ן	212	HNcmsa
Ezek 1:15	אֶחָ֥ד	259	HAcmsa
Ezek 1:15	בָּ/אָ֛רֶץ	b/776	HRd/Ncbsa
Ezek 1:15	אֵ֥צֶל	681	HR
Ezek 1:15	הַ/חַיּ֖וֹת	d/2416 c	HTd/Ncfpa
Ezek 1:15	לְ/אַרְבַּ֥עַת	l/702	HR/Acmsc
Ezek 1:15	פָּנָֽי/ו	6440	HNcbpc/Sp3ms
Ezek 1:16	מַרְאֵ֨ה	4758	HNcmsc
Ezek 1:16	הָ/אוֹפַנִּ֤ים	d/212	HTd/Ncmpa
Ezek 1:16	וּ/מַעֲשֵׂי/הֶם֙	c/4639	HC/Ncmpc/Sp3mp
Ezek 1:16	כְּ/עֵ֣ין	k/5869 a	HR/Ncbsc
Ezek 1:16	תַּרְשִׁ֔ישׁ	8658	HNcmsa
Ezek 1:16	וּ/דְמ֥וּת	c/1823	HC/Ncfsa
Ezek 1:16	אֶחָ֖ד	259	HAcmsa
Ezek 1:16	לְ/אַרְבַּעְתָּ֑/ן	l/702	HR/Acmsc/Sp3fp
Ezek 1:16	וּ/מַרְאֵי/הֶם֙	c/4758	HC/Ncmpc/Sp3mp
Ezek 1:16	וּ/מַ֣עֲשֵׂי/הֶ֔ם	c/4639	HC/Ncmpc/Sp3mp
Ezek 1:16	כַּ/אֲשֶׁ֛ר	k/834 d	HR/Tr
Ezek 1:16	יִהְיֶ֥ה	1961	HVqi3ms
Ezek 1:16	הָ/אוֹפַ֖ן	d/212	HTd/Ncmsa
Ezek 1:16	בְּ/ת֥וֹךְ	b/8432	HR/Ncmsc
Ezek 1:16	הָ/אוֹפָֽן	d/212	HTd/Ncmsa
Ezek 1:17	עַל	5921 a	HR
Ezek 1:17	אַרְבַּ֥עַת	702	HAcmsc
Ezek 1:17	רִבְעֵי/הֶ֖ן	7253	HNcmpc/Sp3fp
Ezek 1:17	בְּ/לֶכְתָּ֣/ם	b/3212	HR/Vqc/Sp3mp
Ezek 1:17	יֵלֵ֑כוּ	3212	HVqi3mp
Ezek 1:17	לֹ֥א	3808	HTn
Ezek 1:17	יִסַּ֖בּוּ	5437	HVNi3mp
Ezek 1:17	בְּ/לֶכְתָּֽ/ן	b/3212	HR/Vqc/Sp3fp
Ezek 1:18	וְ/גַ֨בֵּי/הֶ֔ן	c/1354	HC/Ncbpc/Sp3fp
Ezek 1:18	וְ/גֹ֥בַהּ	c/1363	HC/Ncmsa
Ezek 1:18	לָ/הֶ֖ם	l	HR/Sp3mp
Ezek 1:18	וְ/יִרְאָ֣ה	c/3374	HC/Ncfsa
Ezek 1:18	לָ/הֶ֑ם	l	HR/Sp3mp
Ezek 1:18	וְ/גַבֹּתָ֗/ם	c/1354	HC/Ncbpc/Sp3mp
Ezek 1:18	מְלֵאֹ֥ת	4392	HAafpa
Ezek 1:18	עֵינַ֛יִם	5869 a	HNcbda
Ezek 1:18	סָבִ֖יב	5439	HNcbsa
Ezek 1:18	לְ/אַרְבַּעְתָּֽ/ן	l/702	HR/Acmsc/Sp3fp
Ezek 1:19	וּ/בְ/לֶ֨כֶת֙	c/b/3212	HC/R/Vqc
Ezek 1:19	הַֽ/חַיּ֔וֹת	d/2416 c	HTd/Ncfpa
Ezek 1:19	יֵלְכ֥וּ	3212	HVqi3mp
Ezek 1:19	הָ/אוֹפַנִּ֖ים	d/212	HTd/Ncmpa
Ezek 1:19	אֶצְלָ֑/ם	681	HR/Sp3mp
Ezek 1:19	וּ/בְ/הִנָּשֵׂ֤א	c/b/5375	HC/R/VNc
Ezek 1:19	הַֽ/חַיּוֹת֙	d/2416 c	HTd/Ncfpa
Ezek 1:19	מֵ/עַ֣ל	m/5921 a	HR/R
Ezek 1:19	הָ/אָ֔רֶץ	d/776	HTd/Ncbsa
Ezek 1:19	יִנָּשְׂא֖וּ	5375	HVNi3mp
Ezek 1:19	הָ/אוֹפַנִּֽים	d/212	HTd/Ncmpa
Ezek 1:20	עַ֣ל	5921 a	HR
Ezek 1:20	אֲשֶׁר֩	834 a	HTr
Ezek 1:20	יִֽהְיֶה	1961	HVqi3ms
Ezek 1:20	שָּׁ֨ם	8033	HD
Ezek 1:20	הָ/ר֤וּחַ	d/7307	HTd/Ncbsa
Ezek 1:20	לָ/לֶ֨כֶת֙	l/3212	HR/Vqc
Ezek 1:20	יֵלֵ֔כוּ	3212	HVqi3mp
Ezek 1:20	שָׁ֥מָּ/ה	8033	HD/Sd
Ezek 1:20	הָ/ר֖וּחַ	d/7307	HTd/Ncbsa
Ezek 1:20	לָ/לֶ֑כֶת	l/3212	HR/Vqc
Ezek 1:20	וְ/הָ/אוֹפַנִּ֗ים	c/d/212	HC/Td/Ncmpa
Ezek 1:20	יִנָּשְׂאוּ֙	5375	HVNi3mp
Ezek 1:20	לְ/עֻמָּתָ֔/ם	l/5980	HR/Ncfsc/Sp3mp
Ezek 1:20	כִּ֛י	3588 a	HC
Ezek 1:20	ר֥וּחַ	7307	HNcbsc
Ezek 1:20	הַ/חַיָּ֖ה	d/2416 c	HTd/Ncfsa
Ezek 1:20	בָּ/אוֹפַנִּֽים	b/212	HRd/Ncmpa
Ezek 1:21	בְּ/לֶכְתָּ֣/ם	b/3212	HR/Vqc/Sp3mp
Ezek 1:21	יֵלֵ֔כוּ	3212	HVqi3mp
Ezek 1:21	וּ/בְ/עָמְדָ֖/ם	c/b/5975	HC/R/Vqc/Sp3mp
Ezek 1:21	יַֽעֲמֹ֑דוּ	5975	HVqi3mp
Ezek 1:21	וּֽ/בְ/הִנָּשְׂאָ֞/ם	c/b/5375	HC/R/VNc/Sp3mp
Ezek 1:21	מֵ/עַ֣ל	m/5921 a	HR/R
Ezek 1:21	הָ/אָ֗רֶץ	d/776	HTd/Ncbsa
Ezek 1:21	יִנָּשְׂא֤וּ	5375	HVNi3mp
Ezek 1:21	הָ/אֽוֹפַנִּים֙	d/212	HTd/Ncmpa
Ezek 1:21	לְ/עֻמָּתָ֔/ם	l/5980	HR/Ncfsc/Sp3mp
Ezek 1:21	כִּ֛י	3588 a	HC
Ezek 1:21	ר֥וּחַ	7307	HNcbsc
Ezek 1:21	הַ/חַיָּ֖ה	d/2416 c	HTd/Ncfsa
Ezek 1:21	בָּ/אוֹפַנִּֽים	b/212	HRd/Ncmpa
Ezek 1:22	וּ/דְמ֞וּת	c/1823	HC/Ncfsa
Ezek 1:22	עַל	5921 a	HR
Ezek 1:22	רָאשֵׁ֤י	7218 a	HNcmpc
Ezek 1:22	הַ/חַיָּה֙	d/2416 c	HTd/Ncfsa
Ezek 1:22	רָקִ֔יעַ	7549	HNcmsa
Ezek 1:22	כְּ/עֵ֖ין	k/5869 a	HR/Ncbsc
Ezek 1:22	הַ/קֶּ֣רַח	d/7140	HTd/Ncmsa
Ezek 1:22	הַ/נּוֹרָ֑א	d/3372	HTd/VNrmsa
Ezek 1:22	נָט֥וּי	5186	HVqsmsa
Ezek 1:22	עַל	5921 a	HR
Ezek 1:22	רָאשֵׁי/הֶ֖ם	7218 a	HNcmpc/Sp3mp
Ezek 1:22	מִ/לְ/מָֽעְלָ/ה	m/l/4605	HR/R/D/Sd
Ezek 1:23	וְ/תַ֨חַת֙	c/8478	HC/R
Ezek 1:23	הָ/רָקִ֔יעַ	d/7549	HTd/Ncmsa
Ezek 1:23	כַּנְפֵי/הֶ֣ם	3671	HNcfdc/Sp3mp
Ezek 1:23	יְשָׁר֔וֹת	3477	HAafpa
Ezek 1:23	אִשָּׁ֖ה	802	HNcfsa
Ezek 1:23	אֶל	413	HR
Ezek 1:23	אֲחוֹתָ֑/הּ	269	HNcfsc/Sp3fs
Ezek 1:23	לְ/אִ֗ישׁ	l/376	HR/Ncmsa
Ezek 1:23	שְׁתַּ֤יִם	8147	HAcfda
Ezek 1:23	מְכַסּוֹת֙	3680	HVprfpa
Ezek 1:23	לָ/הֵ֔נָּה	l/2007	HR/Pp3fp
Ezek 1:23	וּ/לְ/אִ֗ישׁ	c/l/376	HC/R/Ncmsa
Ezek 1:23	שְׁתַּ֤יִם	8147	HAcfda
Ezek 1:23	מְכַסּוֹת֙	3680	HVprfpa
Ezek 1:23	לָ/הֵ֔נָּה	l/2007	HR/Pp3fp
Ezek 1:23	אֵ֖ת	853	HTo
Ezek 1:23	גְּוִיֹּתֵי/הֶֽם	1472	HNcfpc/Sp3mp
Ezek 1:24	וָ/אֶשְׁמַ֣ע	c/8085	HC/Vqw1cs
Ezek 1:24	אֶת	853	HTo
Ezek 1:24	ק֣וֹל	6963 a	HNcmsc
Ezek 1:24	כַּנְפֵי/הֶ֡ם	3671	HNcfdc/Sp3mp
Ezek 1:24	כְּ/קוֹל֩	k/6963 a	HR/Ncmsc
Ezek 1:24	מַ֨יִם	4325	HNcmpa
Ezek 1:24	רַבִּ֤ים	7227 a	HAampa
Ezek 1:24	כְּ/קוֹל	k/6963 a	HR/Ncmsc
Ezek 1:24	שַׁדַּי֙	7706	HNp
Ezek 1:24	בְּ/לֶכְתָּ֔/ם	b/3212	HR/Vqc/Sp3mp
Ezek 1:24	ק֥וֹל	6963 a	HNcmsc
Ezek 1:24	הֲמֻלָּ֖ה	1999	HNcfsa
Ezek 1:24	כְּ/ק֣וֹל	k/6963 a	HR/Ncmsc
Ezek 1:24	מַחֲנֶ֑ה	4264	HNcbsa
Ezek 1:24	בְּ/עָמְדָ֖/ם	b/5975	HR/Vqc/Sp3mp
Ezek 1:24	תְּרַפֶּ֥ינָה	7503	HVpi3fp
Ezek 1:24	כַנְפֵי/הֶֽן	3671	HNcfdc/Sp3fp
Ezek 1:25	וַ/יְהִי	c/1961	HC/Vqw3ms
Ezek 1:25	ק֕וֹל	6963 a	HNcmsa
Ezek 1:25	מֵ/עַ֕ל	m/5921 a	HR/R
Ezek 1:25	לָ/רָקִ֖יעַ	l/7549	HRd/Ncmsa
Ezek 1:25	אֲשֶׁ֣ר	834 a	HTr
Ezek 1:25	עַל	5921 a	HR
Ezek 1:25	רֹאשָׁ֑/ם	7218 a	HNcmsc/Sp3mp
Ezek 1:25	בְּ/עָמְדָ֖/ם	b/5975	HR/Vqc/Sp3mp
Ezek 1:25	תְּרַפֶּ֥ינָה	7503	HVpi3fp
Ezek 1:25	כַנְפֵי/הֶֽן	3671	HNcfdc/Sp3fp
Ezek 1:26	וּ/מִ/מַּ֗עַל	c/m/4605	HC/R/D
Ezek 1:26	לָ/רָקִ֨יעַ֙	l/7549	HRd/Ncmsa
Ezek 1:26	אֲשֶׁ֣ר	834 a	HTr
Ezek 1:26	עַל	5921 a	HR
Ezek 1:26	רֹאשָׁ֔/ם	7218 a	HNcmsc/Sp3mp
Ezek 1:26	כְּ/מַרְאֵ֥ה	k/4758	HR/Ncmsc
Ezek 1:26	אֶֽבֶן	68	HNcfsc
Ezek 1:26	סַפִּ֖יר	5601	HNcmsa
Ezek 1:26	דְּמ֣וּת	1823	HNcfsc
Ezek 1:26	כִּסֵּ֑א	3678	HNcmsa
Ezek 1:26	וְ/עַל֙	c/5921 a	HC/R
Ezek 1:26	דְּמ֣וּת	1823	HNcfsc
Ezek 1:26	הַ/כִּסֵּ֔א	d/3678	HTd/Ncmsa
Ezek 1:26	דְּמ֞וּת	1823	HNcfsa
Ezek 1:26	כְּ/מַרְאֵ֥ה	k/4758	HR/Ncmsc
Ezek 1:26	אָדָ֛ם	120	HNcmsa
Ezek 1:26	עָלָ֖י/ו	5921 a	HR/Sp3ms
Ezek 1:26	מִ/לְ/מָֽעְלָ/ה	m/l/4605	HR/R/D/Sd
Ezek 1:27	וָ/אֵ֣רֶא	c/7200	HC/Vqw1cs
Ezek 1:27	כְּ/עֵ֣ין	k/5869 a	HR/Ncbsc
Ezek 1:27	חַשְׁמַ֗ל	2830	HNcmsa
Ezek 1:27	כְּ/מַרְאֵה	k/4758	HR/Ncmsc
Ezek 1:27	אֵ֤שׁ	784	HNcbsa
Ezek 1:27	בֵּֽית	1004 b	HNcmsc
Ezek 1:27	לָ/הּ֙	l	HR/Sp3fs
Ezek 1:27	סָבִ֔יב	5439	HNcbsa
Ezek 1:27	מִ/מַּרְאֵ֥ה	m/4758	HR/Ncmsc
Ezek 1:27	מָתְנָ֖י/ו	4975	HNcmdc/Sp3ms
Ezek 1:27	וּ/לְ/מָ֑עְלָ/ה	c/l/4605	HC/R/D/Sd
Ezek 1:27	וּ/מִ/מַּרְאֵ֤ה	c/m/4758	HC/R/Ncmsc
Ezek 1:27	מָתְנָי/ו֙	4975	HNcmdc/Sp3ms
Ezek 1:27	וּ/לְ/מַ֔טָּה	c/l/4295	HC/R/D
Ezek 1:27	רָאִ֨יתִי֙	7200	HVqp1cs
Ezek 1:27	כְּ/מַרְאֵה	k/4758	HR/Ncmsc
Ezek 1:27	אֵ֔שׁ	784	HNcbsa
Ezek 1:27	וְ/נֹ֥גַֽהּ	c/5051	HC/Ncfsa
Ezek 1:27	ל֖/וֹ	l	HR/Sp3ms
Ezek 1:27	סָבִֽיב	5439	HNcbsa
Ezek 1:28	כְּ/מַרְאֵ֣ה	k/4758	HR/Ncmsc
Ezek 1:28	הַ/קֶּ֡שֶׁת	d/7198	HTd/Ncfsa
Ezek 1:28	אֲשֶׁר֩	834 a	HTr
Ezek 1:28	יִֽהְיֶ֨ה	1961	HVqi3ms
Ezek 1:28	בֶ/עָנָ֜ן	b/6051	HRd/Ncmsa
Ezek 1:28	בְּ/י֣וֹם	b/3117	HR/Ncmsc
Ezek 1:28	הַ/גֶּ֗שֶׁם	d/1653	HTd/Ncmsa
Ezek 1:28	כֵּ֣ן	3651 c	HTm
Ezek 1:28	מַרְאֵ֤ה	4758	HNcmsc
Ezek 1:28	הַ/נֹּ֨גַהּ֙	d/5051	HTd/Ncfsa
Ezek 1:28	סָבִ֔יב	5439	HNcbsa
Ezek 1:28	ה֕וּא	1931	HPp3ms
Ezek 1:28	מַרְאֵ֖ה	4758	HNcmsc
Ezek 1:28	דְּמ֣וּת	1823	HNcfsc
Ezek 1:28	כְּבוֹד	3519	HNcbsc
Ezek 1:28	יְהוָ֑ה	3068	HNp
Ezek 1:28	וָֽ/אֶרְאֶה֙	c/7200	HC/Vqw1cs
Ezek 1:28	וָ/אֶפֹּ֣ל	c/5307	HC/Vqw1cs
Ezek 1:28	עַל	5921 a	HR
Ezek 1:28	פָּנַ֔/י	6440	HNcbpc/Sp1cs
Ezek 1:28	וָ/אֶשְׁמַ֖ע	c/8085	HC/Vqw1cs
Ezek 1:28	ק֥וֹל	6963 a	HNcmsa
Ezek 1:28	מְדַבֵּֽר	1696	HVprmsa
Ezek 2:1	וַ/יֹּ֖אמֶר	c/559	HC/Vqw3ms
Ezek 2:1	אֵלָ֑/י	413	HR/Sp1cs
Ezek 2:1	בֶּן	1121 a	HNcmsc
Ezek 2:1	אָדָם֙	120	HNcmsa
Ezek 2:1	עֲמֹ֣ד	5975	HVqv2ms
Ezek 2:1	עַל	5921 a	HR
Ezek 2:1	רַגְלֶ֔י/ךָ	7272	HNcfdc/Sp2ms
Ezek 2:1	וַ/אֲדַבֵּ֖ר	c/1696	HC/Vph1cs
Ezek 2:1	אֹתָֽ/ךְ	853	HTo/Sp2fs
Ezek 2:2	וַ/תָּ֧בֹא	c/935	HC/Vqw3fs
Ezek 2:2	בִ֣/י	b	HR/Sp1cs
Ezek 2:2	ר֗וּחַ	7307	HNcbsa
Ezek 2:2	כַּֽ/אֲשֶׁר֙	k/834 d	HR/Tr
Ezek 2:2	דִּבֶּ֣ר	1696	HVpp3ms
Ezek 2:2	אֵלַ֔/י	413	HR/Sp1cs
Ezek 2:2	וַ/תַּעֲמִדֵ֖/נִי	c/5975	HC/Vhw3fs/Sp1cs
Ezek 2:2	עַל	5921 a	HR
Ezek 2:2	רַגְלָ֑/י	7272	HNcfdc/Sp1cs
Ezek 2:2	וָ/אֶשְׁמַ֕ע	c/8085	HC/Vqw1cs
Ezek 2:2	אֵ֖ת	853	HTo
Ezek 2:2	מִדַּבֵּ֥ר	1696	HVtrmsa
Ezek 2:2	אֵלָֽ/י	413	HR/Sp1cs
Ezek 2:3	וַ/יֹּ֣אמֶר	c/559	HC/Vqw3ms
Ezek 2:3	אֵלַ֗/י	413	HR/Sp1cs
Ezek 2:3	בֶּן	1121 a	HNcmsc
Ezek 2:3	אָדָם֙	120	HNcmsa
Ezek 2:3	שׁוֹלֵ֨חַ	7971	HVqrmsa
Ezek 2:3	אֲנִ֤י	589	HPp1cs
Ezek 2:3	אֽוֹתְ/ךָ֙	853	HTo/Sp2ms
Ezek 2:3	אֶל	413	HR
Ezek 2:3	בְּנֵ֣י	1121 a	HNcmpc
Ezek 2:3	יִשְׂרָאֵ֔ל	3478	HNp
Ezek 2:3	אֶל	413	HR
Ezek 2:3	גּוֹיִ֥ם	1471 a	HNcmpa
Ezek 2:3	הַ/מּוֹרְדִ֖ים	d/4775	HTd/Vqrmpa
Ezek 2:3	אֲשֶׁ֣ר	834 a	HTr
Ezek 2:3	מָרְדוּ	4775	HVqp3cp
Ezek 2:3	בִ֑/י	b	HR/Sp1cs
Ezek 2:3	הֵ֤מָּה	1992	HPp3mp
Ezek 2:3	וַ/אֲבוֹתָ/ם֙	c/1	HC/Ncmpc/Sp3mp
Ezek 2:3	פָּ֣שְׁעוּ	6586	HVqp3cp
Ezek 2:3	בִ֔/י	b	HR/Sp1cs
Ezek 2:3	עַד	5704	HR
Ezek 2:3	עֶ֖צֶם	6106	HNcfsc
Ezek 2:3	הַ/יּ֥וֹם	d/3117	HTd/Ncmsa
Ezek 2:3	הַ/זֶּֽה	d/2088	HTd/Pdxms
Ezek 2:4	וְ/הַ/בָּנִ֗ים	c/d/1121 a	HC/Td/Ncmpa
Ezek 2:4	קְשֵׁ֤י	7186	HAampc
Ezek 2:4	פָנִים֙	6440	HNcbpa
Ezek 2:4	וְ/חִזְקֵי	c/2389	HC/Aampc
Ezek 2:4	לֵ֔ב	3820 a	HNcmsa
Ezek 2:4	אֲנִ֛י	589	HPp1cs
Ezek 2:4	שׁוֹלֵ֥חַ	7971	HVqrmsa
Ezek 2:4	אוֹתְ/ךָ֖	853	HTo/Sp2ms
Ezek 2:4	אֲלֵי/הֶ֑ם	413	HR/Sp3mp
Ezek 2:4	וְ/אָמַרְתָּ֣	c/559	HC/Vqp2ms
Ezek 2:4	אֲלֵי/הֶ֔ם	413	HR/Sp3mp
Ezek 2:4	כֹּ֥ה	3541	HD
Ezek 2:4	אָמַ֖ר	559	HVqp3ms
Ezek 2:4	אֲדֹנָ֥/י	136	HNcmpc/Sp1cs
Ezek 2:4	יְהֹוִֽה	3069	HNp
Ezek 2:5	וְ/הֵ֨מָּה֙	c/1992	HC/Pp3mp
Ezek 2:5	אִם	518 a	HC
Ezek 2:5	יִשְׁמְע֣וּ	8085	HVqi3mp
Ezek 2:5	וְ/אִם	c/518 a	HC/C
Ezek 2:5	יֶחְדָּ֔לוּ	2308	HVqi3mp
Ezek 2:5	כִּ֛י	3588 a	HC
Ezek 2:5	בֵּ֥ית	1004 b	HNcmsc
Ezek 2:5	מְרִ֖י	4805	HNcmsa
Ezek 2:5	הֵ֑מָּה	1992	HPp3mp
Ezek 2:5	וְ/יָ֣דְע֔וּ	c/3045	HC/Vqq3cp
Ezek 2:5	כִּ֥י	3588 a	HC
Ezek 2:5	נָבִ֖יא	5030	HNcmsa
Ezek 2:5	הָיָ֥ה	1961	HVqp3ms
Ezek 2:5	בְ/תוֹכָֽ/ם	b/8432	HR/Ncmsc/Sp3mp
Ezek 2:6	וְ/אַתָּ֣ה	c/859 a	HC/Pp2ms
Ezek 2:6	בֶן	1121 a	HNcmsc
Ezek 2:6	אָ֠דָם	120	HNcmsa
Ezek 2:6	אַל	408	HTn
Ezek 2:6	תִּירָ֨א	3372	HVqj2ms
Ezek 2:6	מֵ/הֶ֜ם	m	HR/Sp3mp
Ezek 2:6	וּ/מִ/דִּבְרֵי/הֶ֣ם	c/m/1697	HC/R/Ncmpc/Sp3mp
Ezek 2:6	אַל	408	HTn
Ezek 2:6	תִּירָ֗א	3372	HVqj2ms
Ezek 2:6	כִּ֣י	3588 a	HC
Ezek 2:6	סָרָבִ֤ים	5621	HNcmpa
Ezek 2:6	וְ/סַלּוֹנִים֙	c/5544	HC/Ncmpa
Ezek 2:6	אוֹתָ֔/ךְ	853	HTo/Sp2fs
Ezek 2:6	וְ/אֶל	c/413	HC/R
Ezek 2:6	עַקְרַבִּ֖ים	6137	HNcmpa
Ezek 2:6	אַתָּ֣ה	859 a	HPp2ms
Ezek 2:6	יוֹשֵׁ֑ב	3427	HVqrmsa
Ezek 2:6	מִ/דִּבְרֵי/הֶ֤ם	m/1697	HR/Ncmpc/Sp3mp
Ezek 2:6	אַל	408	HTn
Ezek 2:6	תִּירָא֙	3372	HVqj2ms
Ezek 2:6	וּ/מִ/פְּנֵי/הֶ֣ם	c/m/6440	HC/R/Ncbpc/Sp3mp
Ezek 2:6	אַל	408	HTn
Ezek 2:6	תֵּחָ֔ת	2865	HVNj2ms
Ezek 2:6	כִּ֛י	3588 a	HC
Ezek 2:6	בֵּ֥ית	1004 b	HNcmsc
Ezek 2:6	מְרִ֖י	4805	HNcmsa
Ezek 2:6	הֵֽמָּה	1992	HPp3mp
Ezek 2:7	וְ/דִבַּרְתָּ֤	c/1696	HC/Vpp2ms
Ezek 2:7	אֶת	853	HTo
Ezek 2:7	דְּבָרַ/י֙	1697	HNcmpc/Sp1cs
Ezek 2:7	אֲלֵי/הֶ֔ם	413	HR/Sp3mp
Ezek 2:7	אִֽם	518 a	HC
Ezek 2:7	יִשְׁמְע֖וּ	8085	HVqi3mp
Ezek 2:7	וְ/אִם	c/518 a	HC/C
Ezek 2:7	יֶחְדָּ֑לוּ	2308	HVqi3mp
Ezek 2:7	כִּ֥י	3588 a	HC
Ezek 2:7	מְרִ֖י	4805	HNcmsa
Ezek 2:7	הֵֽמָּה	1992	HPp3mp
Ezek 2:8	וְ/אַתָּ֣ה	c/859 a	HC/Pp2ms
Ezek 2:8	בֶן	1121 a	HNcmsc
Ezek 2:8	אָדָ֗ם	120	HNcmsa
Ezek 2:8	שְׁמַע֙	8085	HVqv2ms
Ezek 2:8	אֵ֤ת	853	HTo
Ezek 2:8	אֲשֶׁר	834 a	HTr
Ezek 2:8	אֲנִי֙	589	HPp1cs
Ezek 2:8	מְדַבֵּ֣ר	1696	HVprmsa
Ezek 2:8	אֵלֶ֔י/ךָ	413	HR/Sp2ms
Ezek 2:8	אַל	408	HTn
Ezek 2:8	תְּהִי	1961	HVqj2ms
Ezek 2:8	מֶ֖רִי	4805	HNcmsa
Ezek 2:8	כְּ/בֵ֣ית	k/1004 b	HR/Ncmsc
Ezek 2:8	הַ/מֶּ֑רִי	d/4805	HTd/Ncmsa
Ezek 2:8	פְּצֵ֣ה	6475	HVqv2ms
Ezek 2:8	פִ֔י/ךָ	6310	HNcmsc/Sp2ms
Ezek 2:8	וֶ/אֱכֹ֕ל	c/398	HC/Vqv2ms
Ezek 2:8	אֵ֥ת	853	HTo
Ezek 2:8	אֲשֶׁר	834 a	HTr
Ezek 2:8	אֲנִ֖י	589	HPp1cs
Ezek 2:8	נֹתֵ֥ן	5414	HVqrmsa
Ezek 2:8	אֵלֶֽי/ךָ	413	HR/Sp2ms
Ezek 2:9	וָ/אֶרְאֶ֕ה	c/7200	HC/Vqw1cs
Ezek 2:9	וְ/הִנֵּה	c/2009	HC/Tm
Ezek 2:9	יָ֖ד	3027	HNcbsa
Ezek 2:9	שְׁלוּחָ֣ה	7971	HVqsfsa
Ezek 2:9	אֵלָ֑/י	413	HR/Sp1cs
Ezek 2:9	וְ/הִנֵּה	c/2009	HC/Tm
Ezek 2:9	ב֖/וֹ	b	HR/Sp3ms
Ezek 2:9	מְגִלַּת	4039	HNcfsc
Ezek 2:9	סֵֽפֶר	5612 a	HNcmsa
Ezek 2:10	וַ/יִּפְרֹ֤שׂ	c/6566	HC/Vqw3ms
Ezek 2:10	אוֹתָ/הּ֙	853	HTo/Sp3fs
Ezek 2:10	לְ/פָנַ֔/י	l/6440	HR/Ncbpc/Sp1cs
Ezek 2:10	וְ/הִ֥יא	c/1931	HC/Pp3fs
Ezek 2:10	כְתוּבָ֖ה	3789	HVqsfsa
Ezek 2:10	פָּנִ֣ים	6440	HNcbpa
Ezek 2:10	וְ/אָח֑וֹר	c/268	HC/Ncmsa
Ezek 2:10	וְ/כָת֣וּב	c/3789	HC/Vqsmsa
Ezek 2:10	אֵלֶ֔י/הָ	413	HR/Sp3fs
Ezek 2:10	קִנִ֥ים	7015	HNcfpa
Ezek 2:10	וָ/הֶ֖גֶה	c/1899	HC/Ncmsa
Ezek 2:10	וָ/הִֽי	c/1958	HC/Ncmsa
Ezek 3:1	וַ/יֹּ֣אמֶר	c/559	HC/Vqw3ms
Ezek 3:1	אֵלַ֔/י	413	HR/Sp1cs
Ezek 3:1	בֶּן	1121 a	HNcmsc
Ezek 3:1	אָדָ֕ם	120	HNcmsa
Ezek 3:1	אֵ֥ת	853	HTo
Ezek 3:1	אֲשֶׁר	834 a	HTr
Ezek 3:1	תִּמְצָ֖א	4672	HVqi2ms
Ezek 3:1	אֱכ֑וֹל	398	HVqv2ms
Ezek 3:1	אֱכוֹל֙	398	HVqv2ms
Ezek 3:1	אֶת	853	HTo
Ezek 3:1	הַ/מְּגִלָּ֣ה	d/4039	HTd/Ncfsa
Ezek 3:1	הַ/זֹּ֔את	d/2063	HTd/Pdxfs
Ezek 3:1	וְ/לֵ֥ךְ	c/3212	HC/Vqv2ms
Ezek 3:1	דַּבֵּ֖ר	1696	HVpv2ms
Ezek 3:1	אֶל	413	HR
Ezek 3:1	בֵּ֥ית	1004 b	HNcmsc
Ezek 3:1	יִשְׂרָאֵֽל	3478	HNp
Ezek 3:2	וָ/אֶפְתַּ֖ח	c/6605 a	HC/Vqw1cs
Ezek 3:2	אֶת	853	HTo
Ezek 3:2	פִּ֑/י	6310	HNcmsc/Sp1cs
Ezek 3:2	וַ/יַּ֣אֲכִלֵ֔/נִי	c/398	HC/Vhw3ms/Sp1cs
Ezek 3:2	אֵ֖ת	853	HTo
Ezek 3:2	הַ/מְּגִלָּ֥ה	d/4039	HTd/Ncfsa
Ezek 3:2	הַ/זֹּֽאת	d/2063	HTd/Pdxfs
Ezek 3:3	וַ/יֹּ֣אמֶר	c/559	HC/Vqw3ms
Ezek 3:3	אֵלַ֗/י	413	HR/Sp1cs
Ezek 3:3	בֶּן	1121 a	HNcmsc
Ezek 3:3	אָדָם֙	120	HNcmsa
Ezek 3:3	בִּטְנְ/ךָ֤	990	HNcfsc/Sp2ms
Ezek 3:3	תַֽאֲכֵל֙	398	HVhi2ms
Ezek 3:3	וּ/מֵעֶ֣י/ךָ	c/4578	HC/Ncmpc/Sp2ms
Ezek 3:3	תְמַלֵּ֔א	4390	HVpi2ms
Ezek 3:3	אֵ֚ת	854	HR
Ezek 3:3	הַ/מְּגִלָּ֣ה	d/4039	HTd/Ncfsa
Ezek 3:3	הַ/זֹּ֔את	d/2063	HTd/Pdxfs
Ezek 3:3	אֲשֶׁ֥ר	834 a	HTr
Ezek 3:3	אֲנִ֖י	589	HPp1cs
Ezek 3:3	נֹתֵ֣ן	5414	HVqrmsa
Ezek 3:3	אֵלֶ֑י/ךָ	413	HR/Sp2ms
Ezek 3:3	וָ/אֹ֣כְלָ֔/ה	c/398	HC/Vqw1cs/Sh
Ezek 3:3	וַ/תְּהִ֥י	c/1961	HC/Vqw3fs
Ezek 3:3	בְּ/פִ֖/י	b/6310	HR/Ncmsc/Sp1cs
Ezek 3:3	כִּ/דְבַ֥שׁ	k/1706	HR/Ncmsa
Ezek 3:3	לְ/מָתֽוֹק	l/4966	HR/Aamsa
Ezek 3:4	וַ/יֹּ֖אמֶר	c/559	HC/Vqw3ms
Ezek 3:4	אֵלָ֑/י	413	HR/Sp1cs
Ezek 3:4	בֶּן	1121 a	HNcmsc
Ezek 3:4	אָדָ֗ם	120	HNcmsa
Ezek 3:4	לֶךְ	3212	HVqv2ms
Ezek 3:4	בֹּא֙	935	HVqv2ms
Ezek 3:4	אֶל	413	HR
Ezek 3:4	בֵּ֣ית	1004 b	HNcmsc
Ezek 3:4	יִשְׂרָאֵ֔ל	3478	HNp
Ezek 3:4	וְ/דִבַּרְתָּ֥	c/1696	HC/Vpq2ms
Ezek 3:4	בִ/דְבָרַ֖/י	b/1697	HR/Ncmpc/Sp1cs
Ezek 3:4	אֲלֵי/הֶֽם	413	HR/Sp3mp
Ezek 3:5	כִּ֡י	3588 a	HC
Ezek 3:5	לֹא֩	3808	HTn
Ezek 3:5	אֶל	413	HR
Ezek 3:5	עַ֨ם	5971 a	HNcmsa
Ezek 3:5	עִמְקֵ֥י	6012	HAampc
Ezek 3:5	שָׂפָ֛ה	8193	HNcfsa
Ezek 3:5	וְ/כִבְדֵ֥י	c/3515	HC/Aampc
Ezek 3:5	לָשׁ֖וֹן	3956	HNcbsa
Ezek 3:5	אַתָּ֣ה	859 a	HPp2ms
Ezek 3:5	שָׁל֑וּחַ	7971	HVqsmsa
Ezek 3:5	אֶל	413	HR
Ezek 3:5	בֵּ֖ית	1004 b	HNcmsc
Ezek 3:5	יִשְׂרָאֵֽל	3478	HNp
Ezek 3:6	לֹ֣א	3808	HTn
Ezek 3:6	אֶל	413	HR
Ezek 3:6	עַמִּ֣ים	5971 a	HNcmpa
Ezek 3:6	רַבִּ֗ים	7227 a	HAampa
Ezek 3:6	עִמְקֵ֤י	6012	HAampc
Ezek 3:6	שָׂפָה֙	8193	HNcfsa
Ezek 3:6	וְ/כִבְדֵ֣י	c/3515	HC/Aampc
Ezek 3:6	לָשׁ֔וֹן	3956	HNcbsa
Ezek 3:6	אֲשֶׁ֥ר	834 a	HTr
Ezek 3:6	לֹֽא	3808	HTn
Ezek 3:6	תִשְׁמַ֖ע	8085	HVqi2ms
Ezek 3:6	דִּבְרֵי/הֶ֑ם	1697	HNcmpc/Sp3mp
Ezek 3:6	אִם	518 a	HC
Ezek 3:6	לֹ֤א	3808	HTn
Ezek 3:6	אֲלֵי/הֶם֙	413	HR/Sp3mp
Ezek 3:6	שְׁלַחְתִּ֔י/ךָ	7971	HVqp1cs/Sp2ms
Ezek 3:6	הֵ֖מָּה	1992	HPp3mp
Ezek 3:6	יִשְׁמְע֥וּ	8085	HVqi3mp
Ezek 3:6	אֵלֶֽי/ךָ	413	HR/Sp2ms
Ezek 3:7	וּ/בֵ֣ית	c/1004 b	HC/Ncmsc
Ezek 3:7	יִשְׂרָאֵ֗ל	3478	HNp
Ezek 3:7	לֹ֤א	3808	HTn
Ezek 3:7	יֹאבוּ֙	14	HVqi3mp
Ezek 3:7	לִ/שְׁמֹ֣עַ	l/8085	HR/Vqc
Ezek 3:7	אֵלֶ֔י/ךָ	413	HR/Sp2ms
Ezek 3:7	כִּֽי	3588 a	HC
Ezek 3:7	אֵינָ֥/ם	369	HTn/Sp3mp
Ezek 3:7	אֹבִ֖ים	14	HVqrmpa
Ezek 3:7	לִ/שְׁמֹ֣עַ	l/8085	HR/Vqc
Ezek 3:7	אֵלָ֑/י	413	HR/Sp1cs
Ezek 3:7	כִּ֚י	3588 a	HC
Ezek 3:7	כָּל	3605	HNcmsc
Ezek 3:7	בֵּ֣ית	1004 b	HNcmsc
Ezek 3:7	יִשְׂרָאֵ֔ל	3478	HNp
Ezek 3:7	חִזְקֵי	2389	HAampc
Ezek 3:7	מֵ֥צַח	4696	HNcmsa
Ezek 3:7	וּ/קְשֵׁי	c/7186	HC/Aampc
Ezek 3:7	לֵ֖ב	3820 a	HNcmsa
Ezek 3:7	הֵֽמָּה	1992	HPp3mp
Ezek 3:8	הִנֵּ֨ה	2009	HTm
Ezek 3:8	נָתַ֧תִּי	5414	HVqp1cs
Ezek 3:8	אֶת	853	HTo
Ezek 3:8	פָּנֶ֛י/ךָ	6440	HNcbpc/Sp2ms
Ezek 3:8	חֲזָקִ֖ים	2389	HAampa
Ezek 3:8	לְ/עֻמַּ֣ת	l/5980	HR/Ncfsc
Ezek 3:8	פְּנֵי/הֶ֑ם	6440	HNcbpc/Sp3mp
Ezek 3:8	וְ/אֶֽת	c/853	HC/To
Ezek 3:8	מִצְחֲ/ךָ֥	4696	HNcmsc/Sp2ms
Ezek 3:8	חָזָ֖ק	2389	HAamsa
Ezek 3:8	לְ/עֻמַּ֥ת	l/5980	HR/Ncfsc
Ezek 3:8	מִצְחָֽ/ם	4696	HNcmsc/Sp3mp
Ezek 3:9	כְּ/שָׁמִ֛יר	k/8068	HR/Ncmsa
Ezek 3:9	חָזָ֥ק	2389	HAamsa
Ezek 3:9	מִ/צֹּ֖ר	m/6864	HR/Ncmsa
Ezek 3:9	נָתַ֣תִּי	5414	HVqp1cs
Ezek 3:9	מִצְחֶ֑/ךָ	4696	HNcmsc/Sp2ms
Ezek 3:9	לֹֽא	3808	HTn
Ezek 3:9	תִירָ֤א	3372	HVqi2ms
Ezek 3:9	אוֹתָ/ם֙	853	HTo/Sp3mp
Ezek 3:9	וְ/לֹא	c/3808	HC/Tn
Ezek 3:9	תֵחַ֣ת	2865	HVNi2ms
Ezek 3:9	מִ/פְּנֵי/הֶ֔ם	m/6440	HR/Ncbpc/Sp3mp
Ezek 3:9	כִּ֛י	3588 a	HC
Ezek 3:9	בֵּֽית	1004 b	HNcmsc
Ezek 3:9	מְרִ֖י	4805	HNcmsa
Ezek 3:9	הֵֽמָּה	1992	HPp3mp
Ezek 3:10	וַ/יֹּ֖אמֶר	c/559	HC/Vqw3ms
Ezek 3:10	אֵלָ֑/י	413	HR/Sp1cs
Ezek 3:10	בֶּן	1121 a	HNcmsc
Ezek 3:10	אָדָ֕ם	120	HNcmsa
Ezek 3:10	אֶת	853	HTo
Ezek 3:10	כָּל	3605	HNcmsc
Ezek 3:10	דְּבָרַ/י֙	1697	HNcmpc/Sp1cs
Ezek 3:10	אֲשֶׁ֣ר	834 a	HTr
Ezek 3:10	אֲדַבֵּ֣ר	1696	HVpi1cs
Ezek 3:10	אֵלֶ֔י/ךָ	413	HR/Sp2ms
Ezek 3:10	קַ֥ח	3947	HVqv2ms
Ezek 3:10	בִּֽ/לְבָבְ/ךָ֖	b/3824	HR/Ncmsc/Sp2ms
Ezek 3:10	וּ/בְ/אָזְנֶ֥י/ךָ	c/b/241	HC/R/Ncfdc/Sp2ms
Ezek 3:10	שְׁמָֽע	8085	HVqv2ms
Ezek 3:11	וְ/לֵ֨ךְ	c/3212	HC/Vqv2ms
Ezek 3:11	בֹּ֤א	935	HVqv2ms
Ezek 3:11	אֶל	413	HR
Ezek 3:11	הַ/גּוֹלָה֙	d/1473	HTd/Ncfsa
Ezek 3:11	אֶל	413	HR
Ezek 3:11	בְּנֵ֣י	1121 a	HNcmpc
Ezek 3:11	עַמֶּ֔/ךָ	5971 a	HNcmsc/Sp2ms
Ezek 3:11	וְ/דִבַּרְתָּ֤	c/1696	HC/Vpq2ms
Ezek 3:11	אֲלֵי/הֶם֙	413	HR/Sp3mp
Ezek 3:11	וְ/אָמַרְתָּ֣	c/559	HC/Vqq2ms
Ezek 3:11	אֲלֵי/הֶ֔ם	413	HR/Sp3mp
Ezek 3:11	כֹּ֥ה	3541	HD
Ezek 3:11	אָמַ֖ר	559	HVqp3ms
Ezek 3:11	אֲדֹנָ֣/י	136	HNcmpc/Sp1cs
Ezek 3:11	יְהֹוִ֑ה	3069	HNp
Ezek 3:11	אִֽם	518 a	HC
Ezek 3:11	יִשְׁמְע֖וּ	8085	HVqi3mp
Ezek 3:11	וְ/אִם	c/518 a	HC/C
Ezek 3:11	יֶחְדָּֽלוּ	2308	HVqi3mp
Ezek 3:12	וַ/תִּשָּׂאֵ֣/נִי	c/5375	HC/Vqw3fs/Sp1cs
Ezek 3:12	ר֔וּחַ	7307	HNcbsa
Ezek 3:12	וָ/אֶשְׁמַ֣ע	c/8085	HC/Vqw1cs
Ezek 3:12	אַחֲרַ֔/י	310 a	HR/Sp1cs
Ezek 3:12	ק֖וֹל	6963 a	HNcmsc
Ezek 3:12	רַ֣עַשׁ	7494	HNcmsa
Ezek 3:12	גָּד֑וֹל	1419 a	HAamsa
Ezek 3:12	בָּר֥וּךְ	1288	HVqsmsa
Ezek 3:12	כְּבוֹד	3519	HNcbsc
Ezek 3:12	יְהוָ֖ה	3068	HNp
Ezek 3:12	מִ/מְּקוֹמֽ/וֹ	m/4725	HR/Ncmsc/Sp3ms
Ezek 3:13	וְ/ק֣וֹל	c/6963 a	HC/Ncmsc
Ezek 3:13	כַּנְפֵ֣י	3671	HNcfdc
Ezek 3:13	הַ/חַיּ֗וֹת	d/2416 c	HTd/Ncfpa
Ezek 3:13	מַשִּׁיקוֹת֙	5401 a	HVhrfpa
Ezek 3:13	אִשָּׁ֣ה	802	HNcfsa
Ezek 3:13	אֶל	413	HR
Ezek 3:13	אֲחוֹתָ֔/הּ	269	HNcfsc/Sp3fs
Ezek 3:13	וְ/ק֥וֹל	c/6963 a	HC/Ncmsc
Ezek 3:13	הָ/אוֹפַנִּ֖ים	d/212	HTd/Ncmpa
Ezek 3:13	לְ/עֻמָּתָ֑/ם	l/5980	HR/Ncfsc/Sp3mp
Ezek 3:13	וְ/ק֖וֹל	c/6963 a	HC/Ncmsc
Ezek 3:13	רַ֥עַשׁ	7494	HNcmsa
Ezek 3:13	גָּדֽוֹל	1419 a	HAamsa
Ezek 3:14	וְ/ר֥וּחַ	c/7307	HC/Ncbsa
Ezek 3:14	נְשָׂאַ֖תְ/נִי	5375	HVqp3fs/Sp1cs
Ezek 3:14	וַ/תִּקָּחֵ֑/נִי	c/3947	HC/Vqw3fs/Sp1cs
Ezek 3:14	וָ/אֵלֵ֥ךְ	c/3212	HC/Vqw1cs
Ezek 3:14	מַר֙	4751	HAamsa
Ezek 3:14	בַּ/חֲמַ֣ת	b/2534	HR/Ncfsc
Ezek 3:14	רוּחִ֔/י	7307	HNcbsc/Sp1cs
Ezek 3:14	וְ/יַד	c/3027	HC/Ncbsc
Ezek 3:14	יְהוָ֥ה	3068	HNp
Ezek 3:14	עָלַ֖/י	5921 a	HR/Sp1cs
Ezek 3:14	חָזָֽקָה	2388	HVqp3fs
Ezek 3:15	וָ/אָב֨וֹא	c/935	HC/Vqw1cs
Ezek 3:15	אֶל	413	HR
Ezek 3:15	הַ/גּוֹלָ֜ה	d/1473	HTd/Ncfsa
Ezek 3:15	תֵּ֣ל	8512+	HNp
Ezek 3:15	אָ֠בִיב	8512	HNp
Ezek 3:15	הַ/יֹּשְׁבִ֤ים	d/3427	HTd/Vqrmpa
Ezek 3:15	אֶֽל	413	HR
Ezek 3:15	נְהַר	5104	HNcmsc
Ezek 3:15	כְּבָר֙	3529	HNp
Ezek 3:15	ו/אשר	c/834 a	HC/Tr
Ezek 3:15	הֵ֖מָּה	1992	HPp3mp
Ezek 3:15	יוֹשְׁבִ֣ים	3427	HVqrmpa
Ezek 3:15	שָׁ֑ם	8033	HD
Ezek 3:15	וָ/אֵשֵׁ֥ב	c/3427	HC/Vqw1cs
Ezek 3:15	שָׁ֛ם	8033	HD
Ezek 3:15	שִׁבְעַ֥ת	7651	HAcmsc
Ezek 3:15	יָמִ֖ים	3117	HNcmpa
Ezek 3:15	מַשְׁמִ֥ים	8074	HVhrmsa
Ezek 3:15	בְּ/תוֹכָֽ/ם	b/8432	HR/Ncmsc/Sp3mp
Ezek 3:16	וַ/יְהִ֕י	c/1961	HC/Vqw3ms
Ezek 3:16	מִ/קְצֵ֖ה	m/7097 a	HR/Ncbsc
Ezek 3:16	שִׁבְעַ֣ת	7651	HAcmsc
Ezek 3:16	יָמִ֑ים	3117	HNcmpa
Ezek 3:16	וַ/יְהִ֥י	c/1961	HC/Vqw3ms
Ezek 3:16	דְבַר	1697	HNcmsc
Ezek 3:16	יְהוָ֖ה	3068	HNp
Ezek 3:16	אֵלַ֥/י	413	HR/Sp1cs
Ezek 3:16	לֵ/אמֹֽר	l/559	HR/Vqc
Ezek 3:17	בֶּן	1121 a	HNcmsc
Ezek 3:17	אָדָ֕ם	120	HNcmsa
Ezek 3:17	צֹפֶ֥ה	6822	HVqrmsa
Ezek 3:17	נְתַתִּ֖י/ךָ	5414	HVqp1cs/Sp2ms
Ezek 3:17	לְ/בֵ֣ית	l/1004 b	HR/Ncmsc
Ezek 3:17	יִשְׂרָאֵ֑ל	3478	HNp
Ezek 3:17	וְ/שָׁמַעְתָּ֤	c/8085	HC/Vqq2ms
Ezek 3:17	מִ/פִּ/י֙	m/6310	HR/Ncmsc/Sp1cs
Ezek 3:17	דָּבָ֔ר	1697	HNcmsa
Ezek 3:17	וְ/הִזְהַרְתָּ֥	c/2094 b	HC/Vhq2ms
Ezek 3:17	אוֹתָ֖/ם	853	HTo/Sp3mp
Ezek 3:17	מִמֶּֽ/נִּי	4480 a	HR/Sp1cs
Ezek 3:18	בְּ/אָמְרִ֤/י	b/559	HR/Vqc/Sp1cs
Ezek 3:18	לָֽ/רָשָׁע֙	l/7563	HRd/Aamsa
Ezek 3:18	מ֣וֹת	4191	HVqa
Ezek 3:18	תָּמ֔וּת	4191	HVqi2ms
Ezek 3:18	וְ/לֹ֣א	c/3808	HC/Tn
Ezek 3:18	הִזְהַרְתּ֗/וֹ	2094 b	HVhp2ms/Sp3ms
Ezek 3:18	וְ/לֹ֥א	c/3808	HC/Tn
Ezek 3:18	דִבַּ֛רְתָּ	1696	HVpp2ms
Ezek 3:18	לְ/הַזְהִ֥יר	l/2094 b	HR/Vhc
Ezek 3:18	רָשָׁ֛ע	7563	HAamsa
Ezek 3:18	מִ/דַּרְכּ֥/וֹ	m/1870	HR/Ncbsc/Sp3ms
Ezek 3:18	הָ/רְשָׁעָ֖ה	d/7563	HTd/Aafsa
Ezek 3:18	לְ/חַיֹּת֑/וֹ	l/2421	HR/Vpc/Sp3ms
Ezek 3:18	ה֤וּא	1931	HPp3ms
Ezek 3:18	רָשָׁע֙	7563	HAamsa
Ezek 3:18	בַּ/עֲוֺנ֣/וֹ	b/5771	HR/Ncbsc/Sp3ms
Ezek 3:18	יָמ֔וּת	4191	HVqi3ms
Ezek 3:18	וְ/דָמ֖/וֹ	c/1818	HC/Ncmsc/Sp3ms
Ezek 3:18	מִ/יָּדְ/ךָ֥	m/3027	HR/Ncbsc/Sp2ms
Ezek 3:18	אֲבַקֵּֽשׁ	1245	HVpi1cs
Ezek 3:19	וְ/אַתָּה֙	c/859 a	HC/Pp2ms
Ezek 3:19	כִּֽי	3588 a	HC
Ezek 3:19	הִזְהַ֣רְתָּ	2094 b	HVhp2ms
Ezek 3:19	רָשָׁ֔ע	7563	HAamsa
Ezek 3:19	וְ/לֹא	c/3808	HC/Tn
Ezek 3:19	שָׁב֙	7725	HVqp3ms
Ezek 3:19	מֵֽ/רִשְׁע֔/וֹ	m/7562	HR/Ncmsc/Sp3ms
Ezek 3:19	וּ/מִ/דַּרְכּ֖/וֹ	c/m/1870	HC/R/Ncbsc/Sp3ms
Ezek 3:19	הָ/רְשָׁעָ֑ה	d/7563	HTd/Aafsa
Ezek 3:19	ה֚וּא	1931	HPp3ms
Ezek 3:19	בַּ/עֲוֺנ֣/וֹ	b/5771	HR/Ncbsc/Sp3ms
Ezek 3:19	יָמ֔וּת	4191	HVqi3ms
Ezek 3:19	וְ/אַתָּ֖ה	c/859 a	HC/Pp2ms
Ezek 3:19	אֶֽת	853	HTo
Ezek 3:19	נַפְשְׁ/ךָ֥	5315	HNcbsc/Sp2ms
Ezek 3:19	הִצַּֽלְתָּ	5337	HVhp2ms
Ezek 3:20	וּ/בְ/שׁ֨וּב	c/b/7725	HC/R/Vqc
Ezek 3:20	צַדִּ֤יק	6662	HAamsa
Ezek 3:20	מִ/צִּדְק/וֹ֙	m/6664	HR/Ncmsc/Sp3ms
Ezek 3:20	וְ/עָ֣שָׂה	c/6213 a	HC/Vqp3ms
Ezek 3:20	עָ֔וֶל	5766 a	HNcbsa
Ezek 3:20	וְ/נָתַתִּ֥י	c/5414	HC/Vqq1cs
Ezek 3:20	מִכְשׁ֛וֹל	4383	HNcmsa
Ezek 3:20	לְ/פָנָ֖י/ו	l/6440	HR/Ncbpc/Sp3ms
Ezek 3:20	ה֣וּא	1931	HPp3ms
Ezek 3:20	יָמ֑וּת	4191	HVqi3ms
Ezek 3:20	כִּ֣י	3588 a	HC
Ezek 3:20	לֹ֤א	3808	HTn
Ezek 3:20	הִזְהַרְתּ/וֹ֙	2094 b	HVhp2ms/Sp3ms
Ezek 3:20	בְּ/חַטָּאת֣/וֹ	b/2403 b	HR/Ncfsc/Sp3ms
Ezek 3:20	יָמ֔וּת	4191	HVqi3ms
Ezek 3:20	וְ/לֹ֣א	c/3808	HC/Tn
Ezek 3:20	תִזָּכַ֗רְןָ	2142	HVNi3fp
Ezek 3:20	צִדְקֹתָ/ו֙	6666	HNcfpc/Sp3ms
Ezek 3:20	אֲשֶׁ֣ר	834 a	HTr
Ezek 3:20	עָשָׂ֔ה	6213 a	HVqp3ms
Ezek 3:20	וְ/דָמ֖/וֹ	c/1818	HC/Ncmsc/Sp3ms
Ezek 3:20	מִ/יָּדְ/ךָ֥	m/3027	HR/Ncbsc/Sp2ms
Ezek 3:20	אֲבַקֵּֽשׁ	1245	HVpi1cs
Ezek 3:21	וְ/אַתָּ֞ה	c/859 a	HC/Pp2ms
Ezek 3:21	כִּ֧י	3588 a	HC
Ezek 3:21	הִזְהַרְתּ֣/וֹ	2094 b	HVhp2ms/Sp3ms
Ezek 3:21	צַדִּ֗יק	6662	HAamsa
Ezek 3:21	לְ/בִלְתִּ֥י	l/1115	HR/C
Ezek 3:21	חֲטֹ֛א	2398	HVqc
Ezek 3:21	צַדִּ֖יק	6662	HAamsa
Ezek 3:21	וְ/ה֣וּא	c/1931	HC/Pp3ms
Ezek 3:21	לֹא	3808	HTn
Ezek 3:21	חָטָ֑א	2398	HVqp3ms
Ezek 3:21	חָי֤וֹ	2421	HVqa
Ezek 3:21	יִֽחְיֶה֙	2421	HVqi3ms
Ezek 3:21	כִּ֣י	3588 a	HC
Ezek 3:21	נִזְהָ֔ר	2094 b	HVNrmsa
Ezek 3:21	וְ/אַתָּ֖ה	c/859 a	HC/Pp2ms
Ezek 3:21	אֶֽת	853	HTo
Ezek 3:21	נַפְשְׁ/ךָ֥	5315	HNcbsc/Sp2ms
Ezek 3:21	הִצַּֽלְתָּ	5337	HVhp2ms
Ezek 3:22	וַ/תְּהִ֥י	c/1961	HC/Vqw3fs
Ezek 3:22	עָלַ֛/י	5921 a	HR/Sp1cs
Ezek 3:22	שָׁ֖ם	8033	HD
Ezek 3:22	יַד	3027	HNcbsc
Ezek 3:22	יְהוָ֑ה	3068	HNp
Ezek 3:22	וַ/יֹּ֣אמֶר	c/559	HC/Vqw3ms
Ezek 3:22	אֵלַ֗/י	413	HR/Sp1cs
Ezek 3:22	ק֥וּם	6965 b	HVqv2ms
Ezek 3:22	צֵא֙	3318	HVqv2ms
Ezek 3:22	אֶל	413	HR
Ezek 3:22	הַ/בִּקְעָ֔ה	d/1237	HTd/Ncfsa
Ezek 3:22	וְ/שָׁ֖ם	c/8033	HC/D
Ezek 3:22	אֲדַבֵּ֥ר	1696	HVpi1cs
Ezek 3:22	אוֹתָֽ/ךְ	853	HTo/Sp2fs
Ezek 3:23	וָ/אָקוּם֮	c/6965 b	HC/Vqw1cs
Ezek 3:23	וָ/אֵצֵ֣א	c/3318	HC/Vqw1cs
Ezek 3:23	אֶל	413	HR
Ezek 3:23	הַ/בִּקְעָה֒	d/1237	HTd/Ncfsa
Ezek 3:23	וְ/הִנֵּה	c/2009	HC/Tm
Ezek 3:23	שָׁ֤ם	8033	HD
Ezek 3:23	כְּבוֹד	3519	HNcbsc
Ezek 3:23	יְהוָה֙	3068	HNp
Ezek 3:23	עֹמֵ֔ד	5975	HVqrmsa
Ezek 3:23	כַּ/כָּב֕וֹד	k/3519	HRd/Ncbsa
Ezek 3:23	אֲשֶׁ֥ר	834 a	HTr
Ezek 3:23	רָאִ֖יתִי	7200	HVqp1cs
Ezek 3:23	עַל	5921 a	HR
Ezek 3:23	נְהַר	5104	HNcmsc
Ezek 3:23	כְּבָ֑ר	3529	HNp
Ezek 3:23	וָ/אֶפֹּ֖ל	c/5307	HC/Vqw1cs
Ezek 3:23	עַל	5921 a	HR
Ezek 3:23	פָּנָֽ/י	6440	HNcbpc/Sp1cs
Ezek 3:24	וַ/תָּבֹא	c/935	HC/Vqw3fs
Ezek 3:24	בִ֣/י	b	HR/Sp1cs
Ezek 3:24	ר֔וּחַ	7307	HNcbsa
Ezek 3:24	וַ/תַּעֲמִדֵ֖/נִי	c/5975	HC/Vhw3fs/Sp1cs
Ezek 3:24	עַל	5921 a	HR
Ezek 3:24	רַגְלָ֑/י	7272	HNcfdc/Sp1cs
Ezek 3:24	וַ/יְדַבֵּ֤ר	c/1696	HC/Vpw3ms
Ezek 3:24	אֹתִ/י֙	853	HTo/Sp1cs
Ezek 3:24	וַ/יֹּ֣אמֶר	c/559	HC/Vqw3ms
Ezek 3:24	אֵלַ֔/י	413	HR/Sp1cs
Ezek 3:24	בֹּ֥א	935	HVqv2ms
Ezek 3:24	הִסָּגֵ֖ר	5462	HVNv2ms
Ezek 3:24	בְּ/ת֥וֹךְ	b/8432	HR/Ncmsc
Ezek 3:24	בֵּיתֶֽ/ךָ	1004 b	HNcmsc/Sp2ms
Ezek 3:25	וְ/אַתָּ֣ה	c/859 a	HC/Pp2ms
Ezek 3:25	בֶן	1121 a	HNcmsc
Ezek 3:25	אָדָ֗ם	120	HNcmsa
Ezek 3:25	הִנֵּ֨ה	2009	HTm
Ezek 3:25	נָתְנ֤וּ	5414	HVqp3cp
Ezek 3:25	עָלֶ֨י/ךָ֙	5921 a	HR/Sp2ms
Ezek 3:25	עֲבוֹתִ֔ים	5688	HNcbpa
Ezek 3:25	וַ/אֲסָר֖וּ/ךָ	c/631	HC/Vqq3cp/Sp2ms
Ezek 3:25	בָּ/הֶ֑ם	b	HR/Sp3mp
Ezek 3:25	וְ/לֹ֥א	c/3808	HC/Tn
Ezek 3:25	תֵצֵ֖א	3318	HVqi2ms
Ezek 3:25	בְּ/תוֹכָֽ/ם	b/8432	HR/Ncmsc/Sp3mp
Ezek 3:26	וּ/לְשֽׁוֹנְ/ךָ֙	c/3956	HC/Ncbsc/Sp2ms
Ezek 3:26	אַדְבִּ֣יק	1692	HVhi1cs
Ezek 3:26	אֶל	413	HR
Ezek 3:26	חִכֶּ֔/ךָ	2441	HNcmsc/Sp2ms
Ezek 3:26	וְ/נֶֽאֱלַ֔מְתָּ	c/481	HC/VNq2ms
Ezek 3:26	וְ/לֹא	c/3808	HC/Tn
Ezek 3:26	תִֽהְיֶ֥ה	1961	HVqi2ms
Ezek 3:26	לָ/הֶ֖ם	l	HR/Sp3mp
Ezek 3:26	לְ/אִ֣ישׁ	l/376	HR/Ncmsa
Ezek 3:26	מוֹכִ֑יחַ	3198	HVhrmsa
Ezek 3:26	כִּ֛י	3588 a	HC
Ezek 3:26	בֵּ֥ית	1004 b	HNcmsc
Ezek 3:26	מְרִ֖י	4805	HNcmsa
Ezek 3:26	הֵֽמָּה	1992	HPp3mp
Ezek 3:27	וּֽ/בְ/דַבְּרִ֤/י	c/b/1696	HC/R/Vpc/Sp1cs
Ezek 3:27	אֽוֹתְ/ךָ֙	853	HTo/Sp2ms
Ezek 3:27	אֶפְתַּ֣ח	6605 a	HVqi1cs
Ezek 3:27	אֶת	853	HTo
Ezek 3:27	פִּ֔י/ךָ	6310	HNcmsc/Sp2ms
Ezek 3:27	וְ/אָמַרְתָּ֣	c/559	HC/Vqq2ms
Ezek 3:27	אֲלֵי/הֶ֔ם	413	HR/Sp3mp
Ezek 3:27	כֹּ֥ה	3541	HD
Ezek 3:27	אָמַ֖ר	559	HVqp3ms
Ezek 3:27	אֲדֹנָ֣/י	136	HNcmpc/Sp1cs
Ezek 3:27	יְהֹוִ֑ה	3069	HNp
Ezek 3:27	הַ/שֹּׁמֵ֤עַ	d/8085	HTd/Vqrmsa
Ezek 3:27	יִשְׁמָע֙	8085	HVqi3ms
Ezek 3:27	וְ/הֶ/חָדֵ֣ל	c/d/2310	HC/Td/Aamsa
Ezek 3:27	יֶחְדָּ֔ל	2308	HVqi3ms
Ezek 3:27	כִּ֛י	3588 a	HC
Ezek 3:27	בֵּ֥ית	1004 b	HNcmsc
Ezek 3:27	מְרִ֖י	4805	HNcmsa
Ezek 3:27	הֵֽמָּה	1992	HPp3mp
Ezek 4:1	וְ/אַתָּ֤ה	c/859 a	HC/Pp2ms
Ezek 4:1	בֶן	1121 a	HNcmsc
Ezek 4:1	אָדָם֙	120	HNcmsa
Ezek 4:1	קַח	3947	HVqv2ms
Ezek 4:1	לְ/ךָ֣	l	HR/Sp2ms
Ezek 4:1	לְבֵנָ֔ה	3843	HNcfsa
Ezek 4:1	וְ/נָתַתָּ֥ה	c/5414	HC/Vqq2ms
Ezek 4:1	אוֹתָ֖/הּ	853	HTo/Sp3fs
Ezek 4:1	לְ/פָנֶ֑י/ךָ	l/6440	HR/Ncbpc/Sp2ms
Ezek 4:1	וְ/חַקּוֹתָ֥	c/2710	HC/Vqq2ms
Ezek 4:1	עָלֶ֛י/הָ	5921 a	HR/Sp3fs
Ezek 4:1	עִ֖יר	5892 b	HNcfsa
Ezek 4:1	אֶת	853	HTo
Ezek 4:1	יְרוּשָׁלִָֽם	3389	HNp
Ezek 4:2	וְ/נָתַתָּ֨ה	c/5414	HC/Vqq2ms
Ezek 4:2	עָלֶ֜י/הָ	5921 a	HR/Sp3fs
Ezek 4:2	מָצ֗וֹר	4692	HNcmsa
Ezek 4:2	וּ/בָנִ֤יתָ	c/1129	HC/Vqq2ms
Ezek 4:2	עָלֶ֨י/הָ֙	5921 a	HR/Sp3fs
Ezek 4:2	דָּיֵ֔ק	1785	HNcmsa
Ezek 4:2	וְ/שָׁפַכְתָּ֥	c/8210	HC/Vqq2ms
Ezek 4:2	עָלֶ֖י/הָ	5921 a	HR/Sp3fs
Ezek 4:2	סֹֽלְלָ֑ה	5550	HNcfsa
Ezek 4:2	וְ/נָתַתָּ֨ה	c/5414	HC/Vqq2ms
Ezek 4:2	עָלֶ֧י/הָ	5921 a	HR/Sp3fs
Ezek 4:2	מַחֲנ֛וֹת	4264	HNcbpa
Ezek 4:2	וְ/שִׂים	c/7760 a	HC/Vqv2ms
Ezek 4:2	עָלֶ֥י/הָ	5921 a	HR/Sp3fs
Ezek 4:2	כָּרִ֖ים	3733 c	HNcmpa
Ezek 4:2	סָבִֽיב	5439	HNcbsa
Ezek 4:3	וְ/אַתָּ֤ה	c/859 a	HC/Pp2ms
Ezek 4:3	קַח	3947	HVqv2ms
Ezek 4:3	לְ/ךָ֙	l	HR/Sp2ms
Ezek 4:3	מַחֲבַ֣ת	4227	HNcfsc
Ezek 4:3	בַּרְזֶ֔ל	1270	HNcmsa
Ezek 4:3	וְ/נָתַתָּ֤ה	c/5414	HC/Vqq2ms
Ezek 4:3	אוֹתָ/הּ֙	853	HTo/Sp3fs
Ezek 4:3	קִ֣יר	7023	HNcmsc
Ezek 4:3	בַּרְזֶ֔ל	1270	HNcmsa
Ezek 4:3	בֵּינְ/ךָ֖	996	HR/Sp2ms
Ezek 4:3	וּ/בֵ֣ין	c/996	HC/R
Ezek 4:3	הָ/עִ֑יר	d/5892 b	HTd/Ncfsa
Ezek 4:3	וַ/הֲכִינֹתָה֩	c/3559 a	HC/Vhq2ms
Ezek 4:3	אֶת	853	HTo
Ezek 4:3	פָּנֶ֨י/ךָ	6440	HNcbpc/Sp2ms
Ezek 4:3	אֵלֶ֜י/הָ	413	HR/Sp3fs
Ezek 4:3	וְ/הָיְתָ֤ה	c/1961	HC/Vqq3fs
Ezek 4:3	בַ/מָּצוֹר֙	b/4692	HRd/Ncmsa
Ezek 4:3	וְ/צַרְתָּ֣	c/6696 a	HC/Vqq2ms
Ezek 4:3	עָלֶ֔י/הָ	5921 a	HR/Sp3fs
Ezek 4:3	א֥וֹת	226	HNcbsa
Ezek 4:3	הִ֖יא	1931	HPp3fs
Ezek 4:3	לְ/בֵ֥ית	l/1004 b	HR/Ncmsc
Ezek 4:3	יִשְׂרָאֵֽל	3478	HNp
Ezek 4:4	וְ/אַתָּ֤ה	c/859 a	HC/Pp2ms
Ezek 4:4	שְׁכַב֙	7901	HVqv2ms
Ezek 4:4	עַל	5921 a	HR
Ezek 4:4	צִדְּ/ךָ֣	6654	HNcmsc/Sp2ms
Ezek 4:4	הַ/שְּׂמָאלִ֔י	d/8042	HTd/Aamsa
Ezek 4:4	וְ/שַׂמְתָּ֛	c/7760 a	HC/Vqq2ms
Ezek 4:4	אֶת	853	HTo
Ezek 4:4	עֲוֺ֥ן	5771	HNcbsc
Ezek 4:4	בֵּֽית	1004 b	HNcmsc
Ezek 4:4	יִשְׂרָאֵ֖ל	3478	HNp
Ezek 4:4	עָלָ֑י/ו	5921 a	HR/Sp3ms
Ezek 4:4	מִסְפַּ֤ר	4557	HNcmsc
Ezek 4:4	הַ/יָּמִים֙	d/3117	HTd/Ncmpa
Ezek 4:4	אֲשֶׁ֣ר	834 a	HTr
Ezek 4:4	תִּשְׁכַּ֣ב	7901	HVqi2ms
Ezek 4:4	עָלָ֔י/ו	5921 a	HR/Sp3ms
Ezek 4:4	תִּשָּׂ֖א	5375	HVqi2ms
Ezek 4:4	אֶת	853	HTo
Ezek 4:4	עֲוֺנָֽ/ם	5771	HNcbsc/Sp3mp
Ezek 4:5	וַ/אֲנִ֗י	c/589	HC/Pp1cs
Ezek 4:5	נָתַ֤תִּֽי	5414	HVqp1cs
Ezek 4:5	לְ/ךָ֙	l	HR/Sp2ms
Ezek 4:5	אֶת	853	HTo
Ezek 4:5	שְׁנֵ֣י	8141	HAcmdc
Ezek 4:5	עֲוֺנָ֔/ם	5771	HNcbsc/Sp3mp
Ezek 4:5	לְ/מִסְפַּ֣ר	l/4557	HR/Ncmsc
Ezek 4:5	יָמִ֔ים	3117	HNcmpa
Ezek 4:5	שְׁלֹשׁ	7969	HAcfsa
Ezek 4:5	מֵא֥וֹת	3967	HAcbpa
Ezek 4:5	וְ/תִשְׁעִ֖ים	c/8673	HC/Acbpa
Ezek 4:5	י֑וֹם	3117	HNcmsa
Ezek 4:5	וְ/נָשָׂ֖אתָ	c/5375	HC/Vqq2ms
Ezek 4:5	עֲוֺ֥ן	5771	HNcbsc
Ezek 4:5	בֵּֽית	1004 b	HNcmsc
Ezek 4:5	יִשְׂרָאֵֽל	3478	HNp
Ezek 4:6	וְ/כִלִּיתָ֣	c/3615	HC/Vpq2ms
Ezek 4:6	אֶת	853	HTo
Ezek 4:6	אֵ֗לֶּה	428	HPdxcp
Ezek 4:6	וְ/שָׁ֨כַבְתָּ֜	c/7901	HC/Vqq2ms
Ezek 4:6	עַל	5921 a	HR
Ezek 4:6	צִדְּ/ךָ֤	6654	HNcmsc/Sp2ms
Ezek 4:6	ה/ימיני	d/3227 a	HTd/Aamsa
Ezek 4:6	שֵׁנִ֔ית	8145	HAofsa
Ezek 4:6	וְ/נָשָׂ֖אתָ	c/5375	HC/Vqq2ms
Ezek 4:6	אֶת	853	HTo
Ezek 4:6	עֲוֺ֣ן	5771	HNcbsc
Ezek 4:6	בֵּית	1004 b	HNcmsc
Ezek 4:6	יְהוּדָ֑ה	3063	HNp
Ezek 4:6	אַרְבָּעִ֣ים	705	HAcbpa
Ezek 4:6	י֔וֹם	3117	HNcmsa
Ezek 4:6	י֧וֹם	3117	HNcmsa
Ezek 4:6	לַ/שָּׁנָ֛ה	l/8141	HRd/Ncfsa
Ezek 4:6	י֥וֹם	3117	HNcmsa
Ezek 4:6	לַ/שָּׁנָ֖ה	l/8141	HRd/Ncfsa
Ezek 4:6	נְתַתִּ֥י/ו	5414	HVqp1cs/Sp3ms
Ezek 4:6	לָֽ/ךְ	l	HR/Sp2fs
Ezek 4:7	וְ/אֶל	c/413	HC/R
Ezek 4:7	מְצ֤וֹר	4692	HNcmsc
Ezek 4:7	יְרוּשָׁלִַ֨ם֙	3389	HNp
Ezek 4:7	תָּכִ֣ין	3559 a	HVhi2ms
Ezek 4:7	פָּנֶ֔י/ךָ	6440	HNcbpc/Sp2ms
Ezek 4:7	וּֽ/זְרֹעֲ/ךָ֖	c/2220	HC/Ncbsc/Sp2ms
Ezek 4:7	חֲשׂוּפָ֑ה	2834	HVqsfsa
Ezek 4:7	וְ/נִבֵּאתָ֖	c/5012	HC/VNq2ms
Ezek 4:7	עָלֶֽי/הָ	5921 a	HR/Sp3fs
Ezek 4:8	וְ/הִנֵּ֛ה	c/2009	HC/Tm
Ezek 4:8	נָתַ֥תִּי	5414	HVqp1cs
Ezek 4:8	עָלֶ֖י/ךָ	5921 a	HR/Sp2ms
Ezek 4:8	עֲבוֹתִ֑ים	5688	HNcbpa
Ezek 4:8	וְ/לֹֽא	c/3808	HC/Tn
Ezek 4:8	תֵהָפֵ֤ךְ	2015	HVNi2ms
Ezek 4:8	מִֽ/צִּדְּ/ךָ֙	m/6654	HR/Ncmsc/Sp2ms
Ezek 4:8	אֶל	413	HR
Ezek 4:8	צִדֶּ֔/ךָ	6654	HNcmsc/Sp2ms
Ezek 4:8	עַד	5704	HR
Ezek 4:8	כַּלּוֹתְ/ךָ֖	3615	HVpc/Sp2ms
Ezek 4:8	יְמֵ֥י	3117	HNcmpc
Ezek 4:8	מְצוּרֶֽ/ךָ	4692	HNcmsc/Sp2ms
Ezek 4:9	וְ/אַתָּ֣ה	c/859 a	HC/Pp2ms
Ezek 4:9	קַח	3947	HVqv2ms
Ezek 4:9	לְ/ךָ֡	l	HR/Sp2ms
Ezek 4:9	חִטִּ֡ין	2406	HNcfpa
Ezek 4:9	וּ֠/שְׂעֹרִים	c/8184	HC/Ncfpa
Ezek 4:9	וּ/פ֨וֹל	c/6321	HC/Ncmsa
Ezek 4:9	וַ/עֲדָשִׁ֜ים	c/5742	HC/Ncfpa
Ezek 4:9	וְ/דֹ֣חַן	c/1764	HC/Ncmsa
Ezek 4:9	וְ/כֻסְּמִ֗ים	c/3698	HC/Ncfpa
Ezek 4:9	וְ/נָתַתָּ֤ה	c/5414	HC/Vqq2ms
Ezek 4:9	אוֹתָ/ם֙	853	HTo/Sp3mp
Ezek 4:9	בִּ/כְלִ֣י	b/3627	HR/Ncmsa
Ezek 4:9	אֶחָ֔ד	259	HAcmsa
Ezek 4:9	וְ/עָשִׂ֧יתָ	c/6213 a	HC/Vqq2ms
Ezek 4:9	אוֹתָ֛/ם	853	HTo/Sp3mp
Ezek 4:9	לְ/ךָ֖	l	HR/Sp2ms
Ezek 4:9	לְ/לָ֑חֶם	l/3899	HR/Ncbsa
Ezek 4:9	מִסְפַּ֨ר	4557	HNcmsc
Ezek 4:9	הַ/יָּמִ֜ים	d/3117	HTd/Ncmpa
Ezek 4:9	אֲשֶׁר	834 a	HTr
Ezek 4:9	אַתָּ֣ה	859 a	HPp2ms
Ezek 4:9	שׁוֹכֵ֣ב	7901	HVqrmsa
Ezek 4:9	עַֽל	5921 a	HR
Ezek 4:9	צִדְּ/ךָ֗	6654	HNcmsc/Sp2ms
Ezek 4:9	שְׁלֹשׁ	7969	HAcfsa
Ezek 4:9	מֵא֧וֹת	3967	HAcbpa
Ezek 4:9	וְ/תִשְׁעִ֛ים	c/8673	HC/Acbpa
Ezek 4:9	י֖וֹם	3117	HNcmsa
Ezek 4:9	תֹּאכֲלֶֽ/נּוּ	398	HVqi2ms/Sp3ms
Ezek 4:10	וּ/מַאֲכָֽלְ/ךָ֙	c/3978	HC/Ncmsc/Sp2ms
Ezek 4:10	אֲשֶׁ֣ר	834 a	HTr
Ezek 4:10	תֹּאכֲלֶ֔/נּוּ	398	HVqi2ms/Sp3ms
Ezek 4:10	בְּ/מִשְׁק֕וֹל	b/4946	HR/Ncmsa
Ezek 4:10	עֶשְׂרִ֥ים	6242	HAcbpa
Ezek 4:10	שֶׁ֖קֶל	8255	HNcmsa
Ezek 4:10	לַ/יּ֑וֹם	l/3117	HRd/Ncmsa
Ezek 4:10	מֵ/עֵ֥ת	m/6256	HR/Ncbsa
Ezek 4:10	עַד	5704	HR
Ezek 4:10	עֵ֖ת	6256	HNcbsa
Ezek 4:10	תֹּאכֲלֶֽ/נּוּ	398	HVqi2ms/Sp3ms
Ezek 4:11	וּ/מַ֛יִם	c/4325	HC/Ncmpa
Ezek 4:11	בִּ/מְשׂוּרָ֥ה	b/4884	HR/Ncfsa
Ezek 4:11	תִשְׁתֶּ֖ה	8354	HVqi2ms
Ezek 4:11	שִׁשִּׁ֣ית	8345	HAofsa
Ezek 4:11	הַ/הִ֑ין	d/1969	HTd/Ncmsa
Ezek 4:11	מֵ/עֵ֥ת	m/6256	HR/Ncbsa
Ezek 4:11	עַד	5704	HR
Ezek 4:11	עֵ֖ת	6256	HNcbsa
Ezek 4:11	תִּשְׁתֶּֽה	8354	HVqi2ms
Ezek 4:12	וְ/עֻגַ֥ת	c/5692	HC/Ncfsc
Ezek 4:12	שְׂעֹרִ֖ים	8184	HNcfpa
Ezek 4:12	תֹּֽאכֲלֶ֑/נָּה	398	HVqi2ms/Sp3fs
Ezek 4:12	וְ/הִ֗יא	c/1931	HC/Pp3fs
Ezek 4:12	בְּ/גֶֽלְלֵי֙	b/1561	HR/Ncmpc
Ezek 4:12	צֵאַ֣ת	6627	HNcfsc
Ezek 4:12	הָֽ/אָדָ֔ם	d/120	HTd/Ncmsa
Ezek 4:12	תְּעֻגֶ֖/נָה	5746	HVqi2ms/Sp3fs
Ezek 4:12	לְ/עֵינֵי/הֶֽם	l/5869 a	HR/Ncbdc/Sp3mp
Ezek 4:13	וַ/יֹּ֣אמֶר	c/559	HC/Vqw3ms
Ezek 4:13	יְהוָ֔ה	3068	HNp
Ezek 4:13	כָּ֣כָה	3602	HD
Ezek 4:13	יֹאכְל֧וּ	398	HVqi3mp
Ezek 4:13	בְנֵֽי	1121 a	HNcmpc
Ezek 4:13	יִשְׂרָאֵ֛ל	3478	HNp
Ezek 4:13	אֶת	853	HTo
Ezek 4:13	לַחְמָ֖/ם	3899	HNcbsc/Sp3mp
Ezek 4:13	טָמֵ֑א	2931	HAamsa
Ezek 4:13	בַּ/גּוֹיִ֕ם	b/1471 a	HRd/Ncmpa
Ezek 4:13	אֲשֶׁ֥ר	834 a	HTr
Ezek 4:13	אַדִּיחֵ֖/ם	5080	HVhi1cs/Sp3mp
Ezek 4:13	שָֽׁם	8033	HD
Ezek 4:14	וָ/אֹמַ֗ר	c/559	HC/Vqw1cs
Ezek 4:14	אֲהָהּ֙	162	HTj
Ezek 4:14	אֲדֹנָ֣/י	136	HNcmpc/Sp1cs
Ezek 4:14	יְהוִ֔ה	3069	HNp
Ezek 4:14	הִנֵּ֥ה	2009	HTm
Ezek 4:14	נַפְשִׁ֖/י	5315	HNcbsc/Sp1cs
Ezek 4:14	לֹ֣א	3808	HTn
Ezek 4:14	מְטֻמָּאָ֑ה	2930 a	HVPsfsa
Ezek 4:14	וּ/נְבֵלָ֨ה	c/5038	HC/Ncfsa
Ezek 4:14	וּ/טְרֵפָ֤ה	c/2966	HC/Ncfsa
Ezek 4:14	לֹֽא	3808	HTn
Ezek 4:14	אָכַ֨לְתִּי֙	398	HVqp1cs
Ezek 4:14	מִ/נְּעוּרַ֣/י	m/5271 a	HR/Ncbpc/Sp1cs
Ezek 4:14	וְ/עַד	c/5704	HC/R
Ezek 4:14	עַ֔תָּה	6258	HD
Ezek 4:14	וְ/לֹא	c/3808	HC/Tn
Ezek 4:14	בָ֥א	935	HVqp3ms
Ezek 4:14	בְּ/פִ֖/י	b/6310	HR/Ncmsc/Sp1cs
Ezek 4:14	בְּשַׂ֥ר	1320	HNcmsc
Ezek 4:14	פִּגּֽוּל	6292	HNcmsa
Ezek 4:15	וַ/יֹּ֣אמֶר	c/559	HC/Vqw3ms
Ezek 4:15	אֵלַ֔/י	413	HR/Sp1cs
Ezek 4:15	רְאֵ֗ה	7200	HVqv2ms
Ezek 4:15	נָתַ֤תִּֽי	5414	HVqp1cs
Ezek 4:15	לְ/ךָ֙	l	HR/Sp2ms
Ezek 4:15	אֶת	853	HTo
Ezek 4:15	צפועי	6832	HNcmpc
Ezek 4:15	הַ/בָּקָ֔ר	d/1241	HTd/Ncbsa
Ezek 4:15	תַּ֖חַת	8478	HR
Ezek 4:15	גֶּלְלֵ֣י	1561	HNcmpc
Ezek 4:15	הָֽ/אָדָ֑ם	d/120	HTd/Ncmsa
Ezek 4:15	וְ/עָשִׂ֥יתָ	c/6213 a	HC/Vqq2ms
Ezek 4:15	אֶֽת	853	HTo
Ezek 4:15	לַחְמְ/ךָ֖	3899	HNcbsc/Sp2ms
Ezek 4:15	עֲלֵי/הֶֽם	5921 a	HR/Sp3mp
Ezek 4:16	וַ/יֹּ֣אמֶר	c/559	HC/Vqw3ms
Ezek 4:16	אֵלַ֗/י	413	HR/Sp1cs
Ezek 4:16	בֶּן	1121 a	HNcmsc
Ezek 4:16	אָדָם֙	120	HNcmsa
Ezek 4:16	הִנְ/נִ֨י	2005	HTm/Sp1cs
Ezek 4:16	שֹׁבֵ֤ר	7665	HVqrmsa
Ezek 4:16	מַטֵּה	4294	HNcmsc
Ezek 4:16	לֶ֨חֶם֙	3899	HNcbsa
Ezek 4:16	בִּ/יר֣וּשָׁלִַ֔ם	b/3389	HR/Np
Ezek 4:16	וְ/אָכְלוּ	c/398	HC/Vqq3cp
Ezek 4:16	לֶ֥חֶם	3899	HNcbsa
Ezek 4:16	בְּ/מִשְׁקָ֖ל	b/4948	HR/Ncmsa
Ezek 4:16	וּ/בִ/דְאָגָ֑ה	c/b/1674	HC/R/Ncfsa
Ezek 4:16	וּ/מַ֕יִם	c/4325	HC/Ncmpa
Ezek 4:16	בִּ/מְשׂוּרָ֥ה	b/4884	HR/Ncfsa
Ezek 4:16	וּ/בְ/שִׁמָּמ֖וֹן	c/b/8078	HC/R/Ncmsa
Ezek 4:16	יִשְׁתּֽוּ	8354	HVqi3mp
Ezek 4:17	לְמַ֥עַן	4616	HR
Ezek 4:17	יַחְסְר֖וּ	2637	HVqi3mp
Ezek 4:17	לֶ֣חֶם	3899	HNcbsa
Ezek 4:17	וָ/מָ֑יִם	c/4325	HC/Ncmpa
Ezek 4:17	וְ/נָשַׁ֨מּוּ֙	c/8074	HC/VNq3cp
Ezek 4:17	אִ֣ישׁ	376	HNcmsa
Ezek 4:17	וְ/אָחִ֔י/ו	c/251	HC/Ncmsc/Sp3ms
Ezek 4:17	וְ/נָמַ֖קּוּ	c/4743	HC/VNq3cp
Ezek 4:17	בַּ/עֲוֺנָֽ/ם	b/5771	HR/Ncbsc/Sp3mp
Ezek 5:1	וְ/אַתָּ֨ה	c/859 a	HC/Pp2ms
Ezek 5:1	בֶן	1121 a	HNcmsc
Ezek 5:1	אָדָ֜ם	120	HNcmsa
Ezek 5:1	קַח	3947	HVqv2ms
Ezek 5:1	לְ/ךָ֣	l	HR/Sp2ms
Ezek 5:1	חֶ֣רֶב	2719	HNcfsa
Ezek 5:1	חַדָּ֗ה	2299	HAafsa
Ezek 5:1	תַּ֤עַר	8593	HNcbsc
Ezek 5:1	הַ/גַּלָּבִים֙	d/1532	HTd/Ncmpa
Ezek 5:1	תִּקָּחֶ֣/נָּה	3947	HVqi2ms/Sp3fs
Ezek 5:1	לָּ֔/ךְ	l	HR/Sp2fs
Ezek 5:1	וְ/הַעֲבַרְתָּ֥	c/5674 a	HC/Vhq2ms
Ezek 5:1	עַל	5921 a	HR
Ezek 5:1	רֹאשְׁ/ךָ֖	7218 a	HNcmsc/Sp2ms
Ezek 5:1	וְ/עַל	c/5921 a	HC/R
Ezek 5:1	זְקָנֶ֑/ךָ	2206	HNcbsc/Sp2ms
Ezek 5:1	וְ/לָקַחְתָּ֥	c/3947	HC/Vqq2ms
Ezek 5:1	לְ/ךָ֛	l	HR/Sp2ms
Ezek 5:1	מֹאזְנֵ֥י	3976	HNcmdc
Ezek 5:1	מִשְׁקָ֖ל	4948	HNcmsa
Ezek 5:1	וְ/חִלַּקְתָּֽ/ם	c/2505 a	HC/Vpq2ms/Sp3mp
Ezek 5:2	שְׁלִשִׁ֗ית	7992	HAofsa
Ezek 5:2	בָּ/א֤וּר	b/217 a	HRd/Ncmsa
Ezek 5:2	תַּבְעִיר֙	1197 a	HVhi2ms
Ezek 5:2	בְּ/ת֣וֹךְ	b/8432	HR/Ncmsc
Ezek 5:2	הָ/עִ֔יר	d/5892 b	HTd/Ncfsa
Ezek 5:2	כִּ/מְלֹ֖את	k/4390	HR/Vqc
Ezek 5:2	יְמֵ֣י	3117	HNcmpc
Ezek 5:2	הַ/מָּצ֑וֹר	d/4692	HTd/Ncmsa
Ezek 5:2	וְ/לָֽקַחְתָּ֣	c/3947	HC/Vqq2ms
Ezek 5:2	אֶת	853	HTo
Ezek 5:2	הַ/שְּׁלִשִׁ֗ית	d/7992	HTd/Ncfsa
Ezek 5:2	תַּכֶּ֤ה	5221	HVhi2ms
Ezek 5:2	בַ/חֶ֨רֶב֙	b/2719	HRd/Ncfsa
Ezek 5:2	סְבִ֣יבוֹתֶ֔י/הָ	5439	HNcbpc/Sp3fs
Ezek 5:2	וְ/הַ/שְּׁלִשִׁית֙	c/d/7992	HC/Td/Ncfsa
Ezek 5:2	תִּזְרֶ֣ה	2219	HVqi2ms
Ezek 5:2	לָ/ר֔וּחַ	l/7307	HRd/Ncbsa
Ezek 5:2	וְ/חֶ֖רֶב	c/2719	HC/Ncfsa
Ezek 5:2	אָרִ֥יק	7324	HVhi1cs
Ezek 5:2	אַחֲרֵי/הֶֽם	310 a	HR/Sp3mp
Ezek 5:3	וְ/לָקַחְתָּ֥	c/3947	HC/Vqq2ms
Ezek 5:3	מִ/שָּׁ֖ם	m/8033	HR/D
Ezek 5:3	מְעַ֣ט	4592	HNcmsa
Ezek 5:3	בְּ/מִסְפָּ֑ר	b/4557	HR/Ncmsa
Ezek 5:3	וְ/צַרְתָּ֥	c/6696 a	HC/Vqq2ms
Ezek 5:3	אוֹתָ֖/ם	853	HTo/Sp3mp
Ezek 5:3	בִּ/כְנָפֶֽי/ךָ	b/3671	HR/Ncfdc/Sp2ms
Ezek 5:4	וּ/מֵ/הֶם֙	c/m	HC/R/Sp3mp
Ezek 5:4	ע֣וֹד	5750	HD
Ezek 5:4	תִּקָּ֔ח	3947	HVqi2ms
Ezek 5:4	וְ/הִשְׁלַכְתָּ֤	c/7993	HC/Vhq2ms
Ezek 5:4	אוֹתָ/ם֙	853	HTo/Sp3mp
Ezek 5:4	אֶל	413	HR
Ezek 5:4	תּ֣וֹךְ	8432	HNcmsc
Ezek 5:4	הָ/אֵ֔שׁ	d/784	HTd/Ncbsa
Ezek 5:4	וְ/שָׂרַפְתָּ֥	c/8313	HC/Vqq2ms
Ezek 5:4	אֹתָ֖/ם	853	HTo/Sp3mp
Ezek 5:4	בָּ/אֵ֑שׁ	b/784	HRd/Ncbsa
Ezek 5:4	מִמֶּ֥/נּוּ	4480 a	HR/Sp1cp
Ezek 5:4	תֵצֵא	3318	HVqi3fs
Ezek 5:4	אֵ֖שׁ	784	HNcbsa
Ezek 5:4	אֶל	413	HR
Ezek 5:4	כָּל	3605	HNcmsc
Ezek 5:4	בֵּ֥ית	1004 b	HNcmsc
Ezek 5:4	יִשְׂרָאֵֽל	3478	HNp
Ezek 5:5	כֹּ֤ה	3541	HD
Ezek 5:5	אָמַר֙	559	HVqp3ms
Ezek 5:5	אֲדֹנָ֣/י	136	HNcmpc/Sp1cs
Ezek 5:5	יְהֹוִ֔ה	3069	HNp
Ezek 5:5	זֹ֚את	2063	HPdxfs
Ezek 5:5	יְר֣וּשָׁלִַ֔ם	3389	HNp
Ezek 5:5	בְּ/ת֥וֹךְ	b/8432	HR/Ncmsc
Ezek 5:5	הַ/גּוֹיִ֖ם	d/1471 a	HTd/Ncmpa
Ezek 5:5	שַׂמְתִּ֑י/הָ	7760 a	HVqp1cs/Sp3fs
Ezek 5:5	וּ/סְבִיבוֹתֶ֖י/הָ	c/5439	HC/Ncbpc/Sp3fs
Ezek 5:5	אֲרָצֽוֹת	776	HNcbpa
Ezek 5:6	וַ/תֶּ֨מֶר	c/4784	HC/Vhw3fs
Ezek 5:6	אֶת	853	HTo
Ezek 5:6	מִשְׁפָּטַ֤/י	4941	HNcmpc/Sp1cs
Ezek 5:6	לְ/רִשְׁעָה֙	l/7564	HR/Ncfsa
Ezek 5:6	מִן	4480 a	HR
Ezek 5:6	הַ/גּוֹיִ֔ם	d/1471 a	HTd/Ncmpa
Ezek 5:6	וְ/אֶ֨ת	c/853	HC/To
Ezek 5:6	חֻקּוֹתַ֔/י	2708	HNcbpc/Sp1cs
Ezek 5:6	מִן	4480 a	HR
Ezek 5:6	הָ/אֲרָצ֖וֹת	d/776	HTd/Ncbpa
Ezek 5:6	אֲשֶׁ֣ר	834 a	HTr
Ezek 5:6	סְבִיבוֹתֶ֑י/הָ	5439	HNcbpc/Sp3fs
Ezek 5:6	כִּ֤י	3588 a	HC
Ezek 5:6	בְ/מִשְׁפָּטַ/י֙	b/4941	HR/Ncmpc/Sp1cs
Ezek 5:6	מָאָ֔סוּ	3988 a	HVqp3cp
Ezek 5:6	וְ/חֻקּוֹתַ֖/י	c/2708	HC/Ncbpc/Sp1cs
Ezek 5:6	לֹא	3808	HTn
Ezek 5:6	הָלְכ֥וּ	1980	HVqp3cp
Ezek 5:6	בָ/הֶֽם	b	HR/Sp3mp
Ezek 5:7	לָ/כֵ֞ן	l/3651 c	HR/D
Ezek 5:7	כֹּֽה	3541	HD
Ezek 5:7	אָמַ֣ר	559	HVqp3ms
Ezek 5:7	אֲדֹנָ֣/י	136	HNcmpc/Sp1cs
Ezek 5:7	יְהוִ֗ה	3069	HNp
Ezek 5:7	יַ֤עַן	3282	HC
Ezek 5:7	הֲמָנְ/כֶם֙	1995 b	HNcmsc/Sp2mp
Ezek 5:7	מִן	4480 a	HR
Ezek 5:7	הַ/גּוֹיִם֙	d/1471 a	HTd/Ncmpa
Ezek 5:7	אֲשֶׁ֣ר	834 a	HTr
Ezek 5:7	סְבִיבֽוֹתֵי/כֶ֔ם	5439	HNcbpc/Sp2mp
Ezek 5:7	בְּ/חֻקּוֹתַ/י֙	b/2708	HR/Ncbpc/Sp1cs
Ezek 5:7	לֹ֣א	3808	HTn
Ezek 5:7	הֲלַכְתֶּ֔ם	1980	HVqp2mp
Ezek 5:7	וְ/אֶת	c/853	HC/To
Ezek 5:7	מִשְׁפָּטַ֖/י	4941	HNcmpc/Sp1cs
Ezek 5:7	לֹ֣א	3808	HTn
Ezek 5:7	עֲשִׂיתֶ֑ם	6213 a	HVqp2mp
Ezek 5:7	וּֽ/כְ/מִשְׁפְּטֵ֧י	c/k/4941	HC/R/Ncmpc
Ezek 5:7	הַ/גּוֹיִ֛ם	d/1471 a	HTd/Ncmpa
Ezek 5:7	אֲשֶׁ֥ר	834 a	HTr
Ezek 5:7	סְבִיבוֹתֵי/כֶ֖ם	5439	HNcbpc/Sp2mp
Ezek 5:7	לֹ֥א	3808	HTn
Ezek 5:7	עֲשִׂיתֶֽם	6213 a	HVqp2mp
Ezek 5:8	לָ/כֵ֗ן	l/3651 c	HR/D
Ezek 5:8	כֹּ֤ה	3541	HD
Ezek 5:8	אָמַר֙	559	HVqp3ms
Ezek 5:8	אֲדֹנָ֣/י	136	HNcmpc/Sp1cs
Ezek 5:8	יְהוִ֔ה	3069	HNp
Ezek 5:8	הִנְ/נִ֥י	2005	HTm/Sp1cs
Ezek 5:8	עָלַ֖יִ/ךְ	5921 a	HR/Sp2fs
Ezek 5:8	גַּם	1571	HTa
Ezek 5:8	אָ֑נִי	589	HPp1cs
Ezek 5:8	וְ/עָשִׂ֧יתִי	c/6213 a	HC/Vqq1cs
Ezek 5:8	בְ/תוֹכֵ֛/ךְ	b/8432	HR/Ncmsc/Sp2fs
Ezek 5:8	מִשְׁפָּטִ֖ים	4941	HNcmpa
Ezek 5:8	לְ/עֵינֵ֥י	l/5869 a	HR/Ncbdc
Ezek 5:8	הַ/גּוֹיִֽם	d/1471 a	HTd/Ncmpa
Ezek 5:9	וְ/עָשִׂ֣יתִי	c/6213 a	HC/Vqq1cs
Ezek 5:9	בָ֗/ךְ	b	HR/Sp2fs
Ezek 5:9	אֵ֚ת	853	HTo
Ezek 5:9	אֲשֶׁ֣ר	834 a	HTr
Ezek 5:9	לֹֽא	3808	HTn
Ezek 5:9	עָשִׂ֔יתִי	6213 a	HVqp1cs
Ezek 5:9	וְ/אֵ֛ת	c/853	HC/To
Ezek 5:9	אֲשֶֽׁר	834 a	HTr
Ezek 5:9	לֹֽא	3808	HTn
Ezek 5:9	אֶעֱשֶׂ֥ה	6213 a	HVqi1cs
Ezek 5:9	כָמֹ֖/הוּ	3644	HR/Sp3ms
Ezek 5:9	ע֑וֹד	5750	HD
Ezek 5:9	יַ֖עַן	3282	HC
Ezek 5:9	כָּל	3605	HNcmsc
Ezek 5:9	תּוֹעֲבֹתָֽיִ/ךְ	8441	HNcfpc/Sp2fs
Ezek 5:10	לָ/כֵ֗ן	l/3651 c	HR/D
Ezek 5:10	אָב֞וֹת	1	HNcmpa
Ezek 5:10	יֹאכְל֤וּ	398	HVqi3mp
Ezek 5:10	בָנִים֙	1121 a	HNcmpa
Ezek 5:10	בְּ/תוֹכֵ֔/ךְ	b/8432	HR/Ncmsc/Sp2fs
Ezek 5:10	וּ/בָנִ֖ים	c/1121 a	HC/Ncmpa
Ezek 5:10	יֹאכְל֣וּ	398	HVqi3mp
Ezek 5:10	אֲבוֹתָ֑/ם	1	HNcmpc/Sp3mp
Ezek 5:10	וְ/עָשִׂ֤יתִי	c/6213 a	HC/Vqq1cs
Ezek 5:10	בָ/ךְ֙	b	HR/Sp2fs
Ezek 5:10	שְׁפָטִ֔ים	8201	HNcmpa
Ezek 5:10	וְ/זֵרִיתִ֥י	c/2219	HC/Vpq1cs
Ezek 5:10	אֶת	853	HTo
Ezek 5:10	כָּל	3605	HNcmsc
Ezek 5:10	שְׁאֵרִיתֵ֖/ךְ	7611	HNcfsc/Sp2fs
Ezek 5:10	לְ/כָל	l/3605	HR/Ncmsc
Ezek 5:10	רֽוּחַ	7307	HNcbsa
Ezek 5:11	לָ/כֵ֣ן	l/3651 c	HR/D
Ezek 5:11	חַי	2416 a	HAamsa
Ezek 5:11	אָ֗נִי	589	HPp1cs
Ezek 5:11	נְאֻם֮	5002	HNcmsc
Ezek 5:11	אֲדֹנָ֣/י	136	HNcmpc/Sp1cs
Ezek 5:11	יְהוִה֒	3069	HNp
Ezek 5:11	אִם	518 a	HC
Ezek 5:11	לֹ֗א	3808	HTn
Ezek 5:11	יַ֚עַן	3282	HC
Ezek 5:11	אֶת	853	HTo
Ezek 5:11	מִקְדָּשִׁ֣/י	4720	HNcmsc/Sp1cs
Ezek 5:11	טִמֵּ֔את	2930 a	HVpp2fs
Ezek 5:11	בְּ/כָל	b/3605	HR/Ncmsc
Ezek 5:11	שִׁקּוּצַ֖יִ/ךְ	8251	HNcmpc/Sp2fs
Ezek 5:11	וּ/בְ/כָל	c/b/3605	HC/R/Ncmsc
Ezek 5:11	תּוֹעֲבֹתָ֑יִ/ךְ	8441	HNcfpc/Sp2fs
Ezek 5:11	וְ/גַם	c/1571	HC/Ta
Ezek 5:11	אֲנִ֤י	589	HPp1cs
Ezek 5:11	אֶגְרַע֙	1639	HVqi1cs
Ezek 5:11	וְ/לֹא	c/3808	HC/Tn
Ezek 5:11	תָח֣וֹס	2347	HVqi3fs
Ezek 5:11	עֵינִ֔/י	5869 a	HNcbsc/Sp1cs
Ezek 5:11	וְ/גַם	c/1571	HC/Ta
Ezek 5:11	אֲנִ֖י	589	HPp1cs
Ezek 5:11	לֹ֥א	3808	HTn
Ezek 5:11	אֶחְמֽוֹל	2550	HVqi1cs
Ezek 5:12	שְׁלִשִׁתֵ֞/יךְ	7992	HAofsc/Sp2fs
Ezek 5:12	בַּ/דֶּ֣בֶר	b/1698	HRd/Ncmsa
Ezek 5:12	יָמ֗וּתוּ	4191	HVqi3mp
Ezek 5:12	וּ/בָֽ/רָעָב֙	c/b/7458	HC/Rd/Ncmsa
Ezek 5:12	יִכְל֣וּ	3615	HVqi3mp
Ezek 5:12	בְ/תוֹכֵ֔/ךְ	b/8432	HR/Ncmsc/Sp2fs
Ezek 5:12	וְ/הַ֨/שְּׁלִשִׁ֔ית	c/d/7992	HC/Td/Ncfsa
Ezek 5:12	בַּ/חֶ֖רֶב	b/2719	HRd/Ncfsa
Ezek 5:12	יִפְּל֣וּ	5307	HVqi3mp
Ezek 5:12	סְבִיבוֹתָ֑יִ/ךְ	5439	HNcbpc/Sp2fs
Ezek 5:12	וְ/הַ/שְּׁלִישִׁית֙	c/d/7992	HC/Td/Aofsa
Ezek 5:12	לְ/כָל	l/3605	HR/Ncmsc
Ezek 5:12	ר֣וּחַ	7307	HNcbsa
Ezek 5:12	אֱזָרֶ֔ה	2219	HVpi1cs
Ezek 5:12	וְ/חֶ֖רֶב	c/2719	HC/Ncfsa
Ezek 5:12	אָרִ֥יק	7324	HVhi1cs
Ezek 5:12	אַחֲרֵי/הֶֽם	310 a	HR/Sp3mp
Ezek 5:13	וְ/כָלָ֣ה	c/3615	HC/Vqq3ms
Ezek 5:13	אַפִּ֗/י	639	HNcmsc/Sp1cs
Ezek 5:13	וַ/הֲנִחוֹתִ֧י	c/5117	HC/Vhq1cs
Ezek 5:13	חֲמָתִ֛/י	2534	HNcfsc/Sp1cs
Ezek 5:13	בָּ֖/ם	b	HR/Sp3mp
Ezek 5:13	וְ/הִנֶּחָ֑מְתִּי	c/5162	HC/Vtq1cs
Ezek 5:13	וְֽ/יָדְע֞וּ	c/3045	HC/Vqq3cp
Ezek 5:13	כִּי	3588 a	HC
Ezek 5:13	אֲנִ֣י	589	HPp1cs
Ezek 5:13	יְהוָ֗ה	3068	HNp
Ezek 5:13	דִּבַּ֨רְתִּי֙	1696	HVpp1cs
Ezek 5:13	בְּ/קִנְאָתִ֔/י	b/7068	HR/Ncfsc/Sp1cs
Ezek 5:13	בְּ/כַלּוֹתִ֥/י	b/3615	HR/Vpc/Sp1cs
Ezek 5:13	חֲמָתִ֖/י	2534	HNcfsc/Sp1cs
Ezek 5:13	בָּֽ/ם	b	HR/Sp3mp
Ezek 5:14	וְ/אֶתְּנֵ/ךְ֙	c/5414	HC/Vqi1cs/Sp2fs
Ezek 5:14	לְ/חָרְבָּ֣ה	l/2723	HR/Ncfsa
Ezek 5:14	וּ/לְ/חֶרְפָּ֔ה	c/l/2781	HC/R/Ncfsa
Ezek 5:14	בַּ/גּוֹיִ֖ם	b/1471 a	HRd/Ncmpa
Ezek 5:14	אֲשֶׁ֣ר	834 a	HTr
Ezek 5:14	סְבִיבוֹתָ֑יִ/ךְ	5439	HNcbpc/Sp2fs
Ezek 5:14	לְ/עֵינֵ֖י	l/5869 a	HR/Ncbdc
Ezek 5:14	כָּל	3605	HNcmsc
Ezek 5:14	עוֹבֵֽר	5674 a	HVqrmsa
Ezek 5:15	וְֽ/הָ֨יְתָ֜ה	c/1961	HC/Vqq3fs
Ezek 5:15	חֶרְפָּ֤ה	2781	HNcfsa
Ezek 5:15	וּ/גְדוּפָה֙	c/1422	HC/Ncfsa
Ezek 5:15	מוּסָ֣ר	4148	HNcmsa
Ezek 5:15	וּ/מְשַׁמָּ֔ה	c/4923	HC/Ncfsa
Ezek 5:15	לַ/גּוֹיִ֖ם	l/1471 a	HRd/Ncmpa
Ezek 5:15	אֲשֶׁ֣ר	834 a	HTr
Ezek 5:15	סְבִיבוֹתָ֑יִ/ךְ	5439	HNcbpc/Sp2fs
Ezek 5:15	בַּ/עֲשׂוֹתִ/י֩	b/6213 a	HR/Vqc/Sp1cs
Ezek 5:15	בָ֨/ךְ	b	HR/Sp2fs
Ezek 5:15	שְׁפָטִ֜ים	8201	HNcmpa
Ezek 5:15	בְּ/אַ֤ף	b/639	HR/Ncmsa
Ezek 5:15	וּ/בְ/חֵמָה֙	c/b/2534	HC/R/Ncfsa
Ezek 5:15	וּ/בְ/תֹכְח֣וֹת	c/b/8433 b	HC/R/Ncfpc
Ezek 5:15	חֵמָ֔ה	2534	HNcfsa
Ezek 5:15	אֲנִ֥י	589	HPp1cs
Ezek 5:15	יְהוָ֖ה	3068	HNp
Ezek 5:15	דִּבַּֽרְתִּי	1696	HVpp1cs
Ezek 5:16	בְּֽ/שַׁלְּחִ֡/י	b/7971	HR/Vpc/Sp1cs
Ezek 5:16	אֶת	853	HTo
Ezek 5:16	חִצֵּי֩	2671	HNcmpc
Ezek 5:16	הָ/רָעָ֨ב	d/7458	HTd/Ncmsa
Ezek 5:16	הָ/רָעִ֤ים	d/7451 a	HTd/Aampa
Ezek 5:16	בָּ/הֶם֙	b	HR/Sp3mp
Ezek 5:16	אֲשֶׁ֣ר	834 a	HTr
Ezek 5:16	הָי֣וּ	1961	HVqp3cp
Ezek 5:16	לְ/מַשְׁחִ֔ית	l/4889	HR/Ncmsa
Ezek 5:16	אֲשֶׁר	834 a	HTr
Ezek 5:16	אֲשַׁלַּ֥ח	7971	HVpi1cs
Ezek 5:16	אוֹתָ֖/ם	853	HTo/Sp3mp
Ezek 5:16	לְ/שַֽׁחֶתְ/כֶ֑ם	l/7843	HR/Vpc/Sp2mp
Ezek 5:16	וְ/רָעָב֙	c/7458	HC/Ncmsa
Ezek 5:16	אֹסֵ֣ף	3254	HVhi1cs
Ezek 5:16	עֲלֵי/כֶ֔ם	5921 a	HR/Sp2mp
Ezek 5:16	וְ/שָׁבַרְתִּ֥י	c/7665	HC/Vqq1cs
Ezek 5:16	לָ/כֶ֖ם	l	HR/Sp2mp
Ezek 5:16	מַטֵּה	4294	HNcmsc
Ezek 5:16	לָֽחֶם	3899	HNcbsa
Ezek 5:17	וְ/שִׁלַּחְתִּ֣י	c/7971	HC/Vpq1cs
Ezek 5:17	עֲ֠לֵי/כֶם	5921 a	HR/Sp2mp
Ezek 5:17	רָעָ֞ב	7458	HNcmsa
Ezek 5:17	וְ/חַיָּ֤ה	c/2416 c	HC/Ncfsa
Ezek 5:17	רָעָה֙	7451 a	HAafsa
Ezek 5:17	וְ/שִׁכְּלֻ֔/ךְ	c/7921 a	HC/Vpq3cp/Sp2fs
Ezek 5:17	וְ/דֶ֥בֶר	c/1698	HC/Ncmsa
Ezek 5:17	וָ/דָ֖ם	c/1818	HC/Ncmsa
Ezek 5:17	יַעֲבָר	5674 a	HVqi3ms
Ezek 5:17	בָּ֑/ךְ	b	HR/Sp2fs
Ezek 5:17	וְ/חֶ֨רֶב֙	c/2719	HC/Ncfsa
Ezek 5:17	אָבִ֣יא	935	HVhi1cs
Ezek 5:17	עָלַ֔יִ/ךְ	5921 a	HR/Sp2fs
Ezek 5:17	אֲנִ֥י	589	HPp1cs
Ezek 5:17	יְהוָ֖ה	3068	HNp
Ezek 5:17	דִּבַּֽרְתִּי	1696	HVpp1cs
Ezek 6:1	וַ/יְהִ֥י	c/1961	HC/Vqw3ms
Ezek 6:1	דְבַר	1697	HNcmsc
Ezek 6:1	יְהוָ֖ה	3068	HNp
Ezek 6:1	אֵלַ֥/י	413	HR/Sp1cs
Ezek 6:1	לֵ/אמֹֽר	l/559	HR/Vqc
Ezek 6:2	בֶּן	1121 a	HNcmsc
Ezek 6:2	אָדָ֕ם	120	HNcmsa
Ezek 6:2	שִׂ֥ים	7760 a	HVqv2ms
Ezek 6:2	פָּנֶ֖י/ךָ	6440	HNcbpc/Sp2ms
Ezek 6:2	אֶל	413	HR
Ezek 6:2	הָרֵ֣י	2022	HNcmpc
Ezek 6:2	יִשְׂרָאֵ֑ל	3478	HNp
Ezek 6:2	וְ/הִנָּבֵ֖א	c/5012	HC/VNv2ms
Ezek 6:2	אֲלֵי/הֶֽם	413	HR/Sp3mp
Ezek 6:3	וְ/אָ֣מַרְתָּ֔	c/559	HC/Vqq2ms
Ezek 6:3	הָרֵי֙	2022	HNcmpc
Ezek 6:3	יִשְׂרָאֵ֔ל	3478	HNp
Ezek 6:3	שִׁמְע֖וּ	8085	HVqv2mp
Ezek 6:3	דְּבַר	1697	HNcmsc
Ezek 6:3	אֲדֹנָ֣/י	136	HNcmpc/Sp1cs
Ezek 6:3	יְהוִ֑ה	3069	HNp
Ezek 6:3	כֹּה	3541	HD
Ezek 6:3	אָמַ֣ר	559	HVqp3ms
Ezek 6:3	אֲדֹנָ֣/י	136	HNcmpc/Sp1cs
Ezek 6:3	יְ֠הוִה	3069	HNp
Ezek 6:3	לֶ/הָרִ֨ים	l/2022	HRd/Ncmpa
Ezek 6:3	וְ/לַ/גְּבָע֜וֹת	c/l/1389	HC/Rd/Ncfpa
Ezek 6:3	לָ/אֲפִיקִ֣ים	l/650	HRd/Ncmpa
Ezek 6:3	ו/ל/גאית	c/l/1516	HC/Rd/Ncbpa
Ezek 6:3	הִנְ/נִ֨י	2009	HTm/Sp1cs
Ezek 6:3	אֲנִ֜י	589	HPp1cs
Ezek 6:3	מֵבִ֤יא	935	HVhrmsa
Ezek 6:3	עֲלֵי/כֶם֙	5921 a	HR/Sp2mp
Ezek 6:3	חֶ֔רֶב	2719	HNcfsa
Ezek 6:3	וְ/אִבַּדְתִּ֖י	c/6	HC/Vpq1cs
Ezek 6:3	בָּמֽוֹתֵי/כֶֽם	1116	HNcfpc/Sp2mp
Ezek 6:4	וְ/נָשַׁ֨מּוּ֙	c/8074	HC/VNq3cp
Ezek 6:4	מִזְבְּח֣וֹתֵי/כֶ֔ם	4196	HNcmpc/Sp2mp
Ezek 6:4	וְ/נִשְׁבְּר֖וּ	c/7665	HC/VNq3cp
Ezek 6:4	חַמָּֽנֵי/כֶ֑ם	2553	HNcmpc/Sp2mp
Ezek 6:4	וְ/הִפַּלְתִּי֙	c/5307	HC/Vhq1cs
Ezek 6:4	חַלְלֵי/כֶ֔ם	2491 a	HAampc/Sp2mp
Ezek 6:4	לִ/פְנֵ֖י	l/6440	HR/Ncbpc
Ezek 6:4	גִּלּוּלֵי/כֶֽם	1544	HNcmpc/Sp2mp
Ezek 6:5	וְ/נָתַתִּ֗י	c/5414	HC/Vqq1cs
Ezek 6:5	אֶת	853	HTo
Ezek 6:5	פִּגְרֵי֙	6297	HNcmpc
Ezek 6:5	בְּנֵ֣י	1121 a	HNcmpc
Ezek 6:5	יִשְׂרָאֵ֔ל	3478	HNp
Ezek 6:5	לִ/פְנֵ֖י	l/6440	HR/Ncbpc
Ezek 6:5	גִּלּֽוּלֵי/הֶ֑ם	1544	HNcmpc/Sp3mp
Ezek 6:5	וְ/זֵרִיתִי֙	c/2219	HC/Vpq1cs
Ezek 6:5	אֶת	853	HTo
Ezek 6:5	עַצְמ֣וֹתֵי/כֶ֔ם	6106	HNcfpc/Sp2mp
Ezek 6:5	סְבִיב֖וֹת	5439	HNcbpc
Ezek 6:5	מִזְבְּחוֹתֵי/כֶֽם	4196	HNcmpc/Sp2mp
Ezek 6:6	בְּ/כֹל֙	b/3605	HR/Ncmsc
Ezek 6:6	מוֹשְׁב֣וֹתֵי/כֶ֔ם	4186	HNcmpc/Sp2mp
Ezek 6:6	הֶ/עָרִ֣ים	d/5892 b	HTd/Ncfpa
Ezek 6:6	תֶּחֱרַ֔בְנָה	2717 b	HVqi3fp
Ezek 6:6	וְ/הַ/בָּמ֖וֹת	c/d/1116	HC/Td/Ncfpa
Ezek 6:6	תִּישָׁ֑מְנָה	3456	HVqi3fp
Ezek 6:6	לְמַעַן֩	4616	HR
Ezek 6:6	יֶחֶרְב֨וּ	2717 b	HVqi3mp
Ezek 6:6	וְ/יֶאְשְׁמ֜וּ	c/816	HC/Vqi3mp
Ezek 6:6	מִזְבְּחֽוֹתֵי/כֶ֗ם	4196	HNcmpc/Sp2mp
Ezek 6:6	וְ/נִשְׁבְּר֤וּ	c/7665	HC/VNq3cp
Ezek 6:6	וְ/נִשְׁבְּתוּ֙	c/7673 a	HC/VNq3cp
Ezek 6:6	גִּלּ֣וּלֵי/כֶ֔ם	1544	HNcmpc/Sp2mp
Ezek 6:6	וְ/נִגְדְּעוּ֙	c/1438	HC/VNq3cp
Ezek 6:6	חַמָּ֣נֵי/כֶ֔ם	2553	HNcmpc/Sp2mp
Ezek 6:6	וְ/נִמְח֖וּ	c/4229 a	HC/VNq3cp
Ezek 6:6	מַעֲשֵׂי/כֶֽם	4639	HNcmpc/Sp2mp
Ezek 6:7	וְ/נָפַ֥ל	c/5307	HC/Vqq3ms
Ezek 6:7	חָלָ֖ל	2491 a	HAamsa
Ezek 6:7	בְּ/תֽוֹכְ/כֶ֑ם	b/8432	HR/Ncmsc/Sp2mp
Ezek 6:7	וִֽ/ידַעְתֶּ֖ם	c/3045	HC/Vqq2mp
Ezek 6:7	כִּֽי	3588 a	HC
Ezek 6:7	אֲנִ֥י	589	HPp1cs
Ezek 6:7	יְהוָֽה	3068	HNp
Ezek 6:8	וְ/הוֹתַרְתִּ֗י	c/3498	HC/Vhq1cs
Ezek 6:8	בִּ/הְי֥וֹת	b/1961	HR/Vqc
Ezek 6:8	לָ/כֶ֛ם	l	HR/Sp2mp
Ezek 6:8	פְּלִ֥יטֵי	6412 a	HNcmpc
Ezek 6:8	חֶ֖רֶב	2719	HNcfsa
Ezek 6:8	בַּ/גּוֹיִ֑ם	b/1471 a	HRd/Ncmpa
Ezek 6:8	בְּ/הִזָּרֽוֹתֵי/כֶ֖ם	b/2219	HR/VNc/Sp2mp
Ezek 6:8	בָּ/אֲרָצֽוֹת	b/776	HRd/Ncbpa
Ezek 6:9	וְ/זָכְר֨וּ	c/2142	HC/Vqq3cp
Ezek 6:9	פְלִֽיטֵי/כֶ֜ם	6412 a	HNcmpc/Sp2mp
Ezek 6:9	אוֹתִ֗/י	853	HTo/Sp1cs
Ezek 6:9	בַּ/גּוֹיִם֮	b/1471 a	HRd/Ncmpa
Ezek 6:9	אֲשֶׁ֣ר	834 a	HTr
Ezek 6:9	נִשְׁבּוּ	7617	HVNp3cp
Ezek 6:9	שָׁם֒	8033	HD
Ezek 6:9	אֲשֶׁ֨ר	834 a	HTr
Ezek 6:9	נִשְׁבַּ֜רְתִּי	7665	HVNp1cs
Ezek 6:9	אֶת	853	HTo
Ezek 6:9	לִבָּ֣/ם	3820 a	HNcmsc/Sp3mp
Ezek 6:9	הַ/זּוֹנֶ֗ה	d/2181	HTd/Vqrmsa
Ezek 6:9	אֲשֶׁר	834 a	HTr
Ezek 6:9	סָר֙	5493	HVqp3ms
Ezek 6:9	מֵֽ/עָלַ֔/י	m/5921 a	HR/R/Sp1cs
Ezek 6:9	וְ/אֵת֙	c/853	HC/To
Ezek 6:9	עֵֽינֵי/הֶ֔ם	5869 a	HNcbdc/Sp3mp
Ezek 6:9	הַ/זֹּנ֕וֹת	d/2181	HTd/Vqrfpa
Ezek 6:9	אַחֲרֵ֖י	310 a	HR
Ezek 6:9	גִּלּֽוּלֵי/הֶ֑ם	1544	HNcmpc/Sp3mp
Ezek 6:9	וְ/נָקֹ֨טּוּ֙	c/6962	HC/VNq3cp
Ezek 6:9	בִּ/פְנֵי/הֶ֔ם	b/6440	HR/Ncbpc/Sp3mp
Ezek 6:9	אֶל	413	HR
Ezek 6:9	הָֽ/רָעוֹת֙	d/7451 c	HTd/Ncfpa
Ezek 6:9	אֲשֶׁ֣ר	834 a	HTr
Ezek 6:9	עָשׂ֔וּ	6213 a	HVqp3cp
Ezek 6:9	לְ/כֹ֖ל	l/3605	HR/Ncmsc
Ezek 6:9	תּוֹעֲבֹתֵי/הֶֽם	8441	HNcfpc/Sp3mp
Ezek 6:10	וְ/יָדְע֖וּ	c/3045	HC/Vqq3cp
Ezek 6:10	כִּֽי	3588 a	HC
Ezek 6:10	אֲנִ֣י	589	HPp1cs
Ezek 6:10	יְהוָ֑ה	3068	HNp
Ezek 6:10	לֹ֤א	3808	HTn
Ezek 6:10	אֶל	413	HR
Ezek 6:10	חִנָּם֙	2600	HD
Ezek 6:10	דִּבַּ֔רְתִּי	1696	HVpp1cs
Ezek 6:10	לַ/עֲשׂ֥וֹת	l/6213 a	HR/Vqc
Ezek 6:10	לָ/הֶ֖ם	l	HR/Sp3mp
Ezek 6:10	הָ/רָעָ֥ה	d/7451 c	HTd/Ncfsa
Ezek 6:10	הַ/זֹּֽאת	d/2063	HTd/Pdxfs
Ezek 6:11	כֹּֽה	3541	HD
Ezek 6:11	אָמַ֞ר	559	HVqp3ms
Ezek 6:11	אֲדֹנָ֣/י	136	HNcmpc/Sp1cs
Ezek 6:11	יְהוִ֗ה	3069	HNp
Ezek 6:11	הַכֵּ֨ה	5221	HVhv2ms
Ezek 6:11	בְ/כַפְּ/ךָ֜	b/3709	HR/Ncfsc/Sp2ms
Ezek 6:11	וּ/רְקַ֤ע	c/7554	HC/Vqv2ms
Ezek 6:11	בְּ/רַגְלְ/ךָ֙	b/7272	HR/Ncfsc/Sp2ms
Ezek 6:11	וֶֽ/אֱמָר	c/559	HC/Vqv2ms
Ezek 6:11	אָ֔ח	253	HTj
Ezek 6:11	אֶ֛ל	413	HR
Ezek 6:11	כָּל	3605	HNcmsc
Ezek 6:11	תּוֹעֲב֥וֹת	8441	HNcfpc
Ezek 6:11	רָע֖וֹת	7451 a	HAafpc
Ezek 6:11	בֵּ֣ית	1004 b	HNcmsc
Ezek 6:11	יִשְׂרָאֵ֑ל	3478	HNp
Ezek 6:11	אֲשֶׁ֗ר	834 a	HTr
Ezek 6:11	בַּ/חֶ֛רֶב	b/2719	HRd/Ncfsa
Ezek 6:11	בָּ/רָעָ֥ב	b/7458	HRd/Ncmsa
Ezek 6:11	וּ/בַ/דֶּ֖בֶר	c/b/1698	HC/Rd/Ncmsa
Ezek 6:11	יִפֹּֽלוּ	5307	HVqi3mp
Ezek 6:12	הָ/רָח֞וֹק	d/7350	HTd/Aamsa
Ezek 6:12	בַּ/דֶּ֣בֶר	b/1698	HRd/Ncmsa
Ezek 6:12	יָמ֗וּת	4191	HVqi3ms
Ezek 6:12	וְ/הַ/קָּרוֹב֙	c/d/7138	HC/Td/Aamsa
Ezek 6:12	בַּ/חֶ֣רֶב	b/2719	HRd/Ncfsa
Ezek 6:12	יִפּ֔וֹל	5307	HVqi3ms
Ezek 6:12	וְ/הַ/נִּשְׁאָר֙	c/d/7604	HC/Td/VNrmsa
Ezek 6:12	וְ/הַ/נָּצ֔וּר	c/d/5341	HC/Td/Vqsmsa
Ezek 6:12	בָּ/רָעָ֖ב	b/7458	HRd/Ncmsa
Ezek 6:12	יָמ֑וּת	4191	HVqi3ms
Ezek 6:12	וְ/כִלֵּיתִ֥י	c/3615	HC/Vpq1cs
Ezek 6:12	חֲמָתִ֖/י	2534	HNcfsc/Sp1cs
Ezek 6:12	בָּֽ/ם	b	HR/Sp3mp
Ezek 6:13	וִֽ/ידַעְתֶּם֙	c/3045	HC/Vqq2mp
Ezek 6:13	כִּֽי	3588 a	HC
Ezek 6:13	אֲנִ֣י	589	HPp1cs
Ezek 6:13	יְהוָ֔ה	3068	HNp
Ezek 6:13	בִּֽ/הְי֣וֹת	b/1961	HR/Vqc
Ezek 6:13	חַלְלֵי/הֶ֗ם	2491 a	HAampc/Sp3mp
Ezek 6:13	בְּ/תוֹךְ֙	b/8432	HR/Ncmsc
Ezek 6:13	גִּלּ֣וּלֵי/הֶ֔ם	1544	HNcmpc/Sp3mp
Ezek 6:13	סְבִיב֖וֹת	5439	HNcbpc
Ezek 6:13	מִזְבְּחֽוֹתֵי/הֶ֑ם	4196	HNcmpc/Sp3mp
Ezek 6:13	אֶל֩	413	HR
Ezek 6:13	כָּל	3605	HNcmsc
Ezek 6:13	גִּבְעָ֨ה	1389	HNcfsa
Ezek 6:13	רָמָ֜ה	7311 a	HVqrfsa
Ezek 6:13	בְּ/כֹ֣ל	b/3605	HR/Ncmsc
Ezek 6:13	רָאשֵׁ֣י	7218 a	HNcmpc
Ezek 6:13	הֶ/הָרִ֗ים	d/2022	HTd/Ncmpa
Ezek 6:13	וְ/תַ֨חַת	c/8478	HC/R
Ezek 6:13	כָּל	3605	HNcmsc
Ezek 6:13	עֵ֤ץ	6086	HNcmsa
Ezek 6:13	רַֽעֲנָן֙	7488 b	HAamsa
Ezek 6:13	וְ/תַ֨חַת֙	c/8478	HC/R
Ezek 6:13	כָּל	3605	HNcmsc
Ezek 6:13	אֵלָ֣ה	424	HNcfsa
Ezek 6:13	עֲבֻתָּ֔ה	5687	HAafsa
Ezek 6:13	מְק֗וֹם	4725	HNcmsc
Ezek 6:13	אֲשֶׁ֤ר	834 a	HTr
Ezek 6:13	נָֽתְנוּ	5414	HVqp3cp
Ezek 6:13	שָׁם֙	8033	HD
Ezek 6:13	רֵ֣יחַ	7381	HNcmsc
Ezek 6:13	נִיחֹ֔חַ	5207	HNcmsa
Ezek 6:13	לְ/כֹ֖ל	l/3605	HR/Ncmsc
Ezek 6:13	גִּלּוּלֵי/הֶֽם	1544	HNcmpc/Sp3mp
Ezek 6:14	וְ/נָטִ֤יתִי	c/5186	HC/Vqq1cs
Ezek 6:14	אֶת	853	HTo
Ezek 6:14	יָדִ/י֙	3027	HNcbsc/Sp1cs
Ezek 6:14	עֲלֵי/הֶ֔ם	5921 a	HR/Sp3mp
Ezek 6:14	וְ/נָתַתִּ֨י	c/5414	HC/Vqq1cs
Ezek 6:14	אֶת	853	HTo
Ezek 6:14	הָ/אָ֜רֶץ	d/776	HTd/Ncbsa
Ezek 6:14	שְׁמָמָ֤ה	8077 a	HNcfsa
Ezek 6:14	וּ/מְשַׁמָּה֙	c/4923	HC/Ncfsa
Ezek 6:14	מִ/מִּדְבַּ֣ר	m/4057 b	HR/Ncmsc
Ezek 6:14	דִּבְלָ֔תָ/ה	1689	HNp/Sd
Ezek 6:14	בְּ/כֹ֖ל	b/3605	HR/Ncmsc
Ezek 6:14	מוֹשְׁבֽוֹתֵי/הֶ֑ם	4186	HNcmpc/Sp3mp
Ezek 6:14	וְ/יָדְע֖וּ	c/3045	HC/Vqq3cp
Ezek 6:14	כִּֽי	3588 a	HC
Ezek 6:14	אֲנִ֥י	589	HPp1cs
Ezek 6:14	יְהוָֽה	3068	HNp
Ezek 7:1	וַ/יְהִ֥י	c/1961	HC/Vqw3ms
Ezek 7:1	דְבַר	1697	HNcmsc
Ezek 7:1	יְהוָ֖ה	3068	HNp
Ezek 7:1	אֵלַ֥/י	413	HR/Sp1cs
Ezek 7:1	לֵ/אמֹֽר	l/559	HR/Vqc
Ezek 7:2	וְ/אַתָּ֣ה	c/859 a	HC/Pp2ms
Ezek 7:2	בֶן	1121 a	HNcmsc
Ezek 7:2	אָדָ֗ם	120	HNcmsa
Ezek 7:2	כֹּה	3541	HD
Ezek 7:2	אָמַ֞ר	559	HVqp3ms
Ezek 7:2	אֲדֹנָ֧/י	136	HNcmpc/Sp1cs
Ezek 7:2	יְהוִ֛ה	3069	HNp
Ezek 7:2	לְ/אַדְמַ֥ת	l/127	HR/Ncfsc
Ezek 7:2	יִשְׂרָאֵ֖ל	3478	HNp
Ezek 7:2	קֵ֑ץ	7093	HNcmsa
Ezek 7:2	בָּ֣א	935	HVqp3ms
Ezek 7:2	הַ/קֵּ֔ץ	d/7093	HTd/Ncmsa
Ezek 7:2	עַל	5921 a	HR
Ezek 7:2	ארבעת	702	HAcmsc
Ezek 7:2	כַּנְפ֥וֹת	3671	HNcfpc
Ezek 7:2	הָ/אָֽרֶץ	d/776	HTd/Ncbsa
Ezek 7:3	עַתָּה֙	6258	HD
Ezek 7:3	הַ/קֵּ֣ץ	d/7093	HTd/Ncmsa
Ezek 7:3	עָלַ֔יִ/ךְ	5921 a	HR/Sp2fs
Ezek 7:3	וְ/שִׁלַּחְתִּ֤י	c/7971	HC/Vpq1cs
Ezek 7:3	אַפִּ/י֙	639	HNcmsc/Sp1cs
Ezek 7:3	בָּ֔/ךְ	b	HR/Sp2fs
Ezek 7:3	וּ/שְׁפַטְתִּ֖י/ךְ	c/8199	HC/Vqq1cs/Sp2fs
Ezek 7:3	כִּ/דְרָכָ֑יִ/ךְ	k/1870	HR/Ncbpc/Sp2fs
Ezek 7:3	וְ/נָתַתִּ֣י	c/5414	HC/Vqq1cs
Ezek 7:3	עָלַ֔יִ/ךְ	5921 a	HR/Sp2fs
Ezek 7:3	אֵ֖ת	853	HTo
Ezek 7:3	כָּל	3605	HNcmsc
Ezek 7:3	תּוֹעֲבֹתָֽיִ/ךְ	8441	HNcfpc/Sp2fs
Ezek 7:4	וְ/לֹא	c/3808	HC/Tn
Ezek 7:4	תָח֥וֹס	2347	HVqi3fs
Ezek 7:4	עֵינִ֛/י	5869 a	HNcbsc/Sp1cs
Ezek 7:4	עָלַ֖יִ/ךְ	5921 a	HR/Sp2fs
Ezek 7:4	וְ/לֹ֣א	c/3808	HC/Tn
Ezek 7:4	אֶחְמ֑וֹל	2550	HVqi1cs
Ezek 7:4	כִּ֣י	3588 a	HC
Ezek 7:4	דְרָכַ֜יִ/ךְ	1870	HNcbpc/Sp2fs
Ezek 7:4	עָלַ֣יִ/ךְ	5921 a	HR/Sp2fs
Ezek 7:4	אֶתֵּ֗ן	5414	HVqi1cs
Ezek 7:4	וְ/תוֹעֲבוֹתַ֨יִ/ךְ֙	c/8441	HC/Ncfpc/Sp2fs
Ezek 7:4	בְּ/תוֹכֵ֣/ךְ	b/8432	HR/Ncmsc/Sp2fs
Ezek 7:4	תִּֽהְיֶ֔יןָ	1961	HVqi3fp
Ezek 7:4	וִ/ידַעְתֶּ֖ם	c/3045	HC/Vqq2mp
Ezek 7:4	כִּֽי	3588 a	HC
Ezek 7:4	אֲנִ֥י	589	HPp1cs
Ezek 7:4	יְהוָֽה	3068	HNp
Ezek 7:5	כֹּ֥ה	3541	HD
Ezek 7:5	אָמַ֖ר	559	HVqp3ms
Ezek 7:5	אֲדֹנָ֣/י	136	HNcmpc/Sp1cs
Ezek 7:5	יְהוִ֑ה	3069	HNp
Ezek 7:5	רָעָ֛ה	7451 c	HNcfsa
Ezek 7:5	אַחַ֥ת	259	HAcfsa
Ezek 7:5	רָעָ֖ה	7451 c	HNcfsa
Ezek 7:5	הִנֵּ֥ה	2009	HTm
Ezek 7:5	בָאָֽה	935	HVqrfsa
Ezek 7:6	קֵ֣ץ	7093	HNcmsa
Ezek 7:6	בָּ֔א	935	HVqp3ms
Ezek 7:6	בָּ֥א	935	HVqp3ms
Ezek 7:6	הַ/קֵּ֖ץ	d/7093	HTd/Ncmsa
Ezek 7:6	הֵקִ֣יץ	6974	HVhp3ms
Ezek 7:6	אֵלָ֑יִ/ךְ	413	HR/Sp2fs
Ezek 7:6	הִנֵּ֖ה	2009	HTm
Ezek 7:6	בָּאָֽה	935	HVqrfsa
Ezek 7:7	בָּ֧אָה	935	HVqp3fs
Ezek 7:7	הַ/צְּפִירָ֛ה	d/6843	HTd/Ncfsa
Ezek 7:7	אֵלֶ֖י/ךָ	413	HR/Sp2ms
Ezek 7:7	יוֹשֵׁ֣ב	3427	HVqrmsc
Ezek 7:7	הָ/אָ֑רֶץ	d/776	HTd/Ncbsa
Ezek 7:7	בָּ֣א	935	HVqp3ms
Ezek 7:7	הָ/עֵ֗ת	d/6256	HTd/Ncbsa
Ezek 7:7	קָר֛וֹב	7138	HAamsa
Ezek 7:7	הַ/יּ֥וֹם	d/3117	HTd/Ncmsa
Ezek 7:7	מְהוּמָ֖ה	4103	HNcfsa
Ezek 7:7	וְ/לֹא	c/3808	HC/Tn
Ezek 7:7	הֵ֥ד	1906	HNcmsa
Ezek 7:7	הָרִֽים	2022	HNcmpa
Ezek 7:8	עַתָּ֣ה	6258	HD
Ezek 7:8	מִ/קָּר֗וֹב	m/7138	HR/Aamsa
Ezek 7:8	אֶשְׁפּ֤וֹךְ	8210	HVqi1cs
Ezek 7:8	חֲמָתִ/י֙	2534	HNcfsc/Sp1cs
Ezek 7:8	עָלַ֔יִ/ךְ	5921 a	HR/Sp2fs
Ezek 7:8	וְ/כִלֵּיתִ֤י	c/3615	HC/Vpq1cs
Ezek 7:8	אַפִּ/י֙	639	HNcmsc/Sp1cs
Ezek 7:8	בָּ֔/ךְ	b	HR/Sp2fs
Ezek 7:8	וּ/שְׁפַטְתִּ֖י/ךְ	c/8199	HC/Vqq1cs/Sp2fs
Ezek 7:8	כִּ/דְרָכָ֑יִ/ךְ	k/1870	HR/Ncbpc/Sp2fs
Ezek 7:8	וְ/נָתַתִּ֣י	c/5414	HC/Vqq1cs
Ezek 7:8	עָלַ֔יִ/ךְ	5921 a	HR/Sp2fs
Ezek 7:8	אֵ֖ת	853	HTo
Ezek 7:8	כָּל	3605	HNcmsc
Ezek 7:8	תּוֹעֲבוֹתָֽיִ/ךְ	8441	HNcfpc/Sp2fs
Ezek 7:9	וְ/לֹא	c/3808	HC/Tn
Ezek 7:9	תָח֥וֹס	2347	HVqi3fs
Ezek 7:9	עֵינִ֖/י	5869 a	HNcbsc/Sp1cs
Ezek 7:9	וְ/לֹ֣א	c/3808	HC/Tn
Ezek 7:9	אֶחְמ֑וֹל	2550	HVqi1cs
Ezek 7:9	כִּ/דְרָכַ֜יִ/ךְ	k/1870	HR/Ncbpc/Sp2fs
Ezek 7:9	עָלַ֣יִ/ךְ	5921 a	HR/Sp2fs
Ezek 7:9	אֶתֵּ֗ן	5414	HVqi1cs
Ezek 7:9	וְ/תוֹעֲבוֹתַ֨יִ/ךְ֙	c/8441	HC/Ncfpc/Sp2fs
Ezek 7:9	בְּ/תוֹכֵ֣/ךְ	b/8432	HR/Ncmsc/Sp2fs
Ezek 7:9	תִּֽהְיֶ֔יןָ	1961	HVqi3fp
Ezek 7:9	וִֽ/ידַעְתֶּ֕ם	c/3045	HC/Vqq2mp
Ezek 7:9	כִּ֛י	3588 a	HC
Ezek 7:9	אֲנִ֥י	589	HPp1cs
Ezek 7:9	יְהוָ֖ה	3068	HNp
Ezek 7:9	מַכֶּֽה	5221	HVhrmsa
Ezek 7:10	הִנֵּ֥ה	2009	HTm
Ezek 7:10	הַ/יּ֖וֹם	d/3117	HTd/Ncmsa
Ezek 7:10	הִנֵּ֣ה	2009	HTm
Ezek 7:10	בָאָ֑ה	935	HVqrfsa
Ezek 7:10	יָֽצְאָה֙	3318	HVqp3fs
Ezek 7:10	הַ/צְּפִרָ֔ה	d/6843	HTd/Ncfsa
Ezek 7:10	צָ֚ץ	6692 a	HVqp3ms
Ezek 7:10	הַ/מַּטֶּ֔ה	d/4294	HTd/Ncmsa
Ezek 7:10	פָּרַ֖ח	6524 a	HVqp3ms
Ezek 7:10	הַ/זָּדֽוֹן	d/2087	HTd/Ncmsa
Ezek 7:11	הֶ/חָמָ֥ס	d/2555	HTd/Ncmsa
Ezek 7:11	קָ֖ם	6965 b	HVqp3ms
Ezek 7:11	לְ/מַטֵּה	l/4294	HR/Ncmsc
Ezek 7:11	רֶ֑שַׁע	7562	HNcmsa
Ezek 7:11	לֹא	3808	HTn
Ezek 7:11	מֵ/הֶ֞ם	m	HR/Sp3mp
Ezek 7:11	וְ/לֹ֧א	c/3808	HC/Tn
Ezek 7:11	מֵ/הֲמוֹנָ֛/ם	m/1995 a	HR/Ncmsc/Sp3mp
Ezek 7:11	וְ/לֹ֥א	c/3808	HC/Tn
Ezek 7:11	מֶ/הֱמֵ/הֶ֖ם	m/1991	HR/Ncmsc/Sp3mp
Ezek 7:11	וְ/לֹא	c/3808	HC/Tn
Ezek 7:11	נֹ֥הַּ	5089	HNcmsa
Ezek 7:11	בָּ/הֶֽם	b	HR/Sp3mp
Ezek 7:12	בָּ֤א	935	HVqp3ms
Ezek 7:12	הָ/עֵת֙	d/6256	HTd/Ncbsa
Ezek 7:12	הִגִּ֣יעַ	5060	HVhp3ms
Ezek 7:12	הַ/יּ֔וֹם	d/3117	HTd/Ncmsa
Ezek 7:12	הַ/קּוֹנֶה֙	d/7069	HTd/Vqrmsa
Ezek 7:12	אַל	408	HTn
Ezek 7:12	יִשְׂמָ֔ח	8055	HVqj3ms
Ezek 7:12	וְ/הַ/מּוֹכֵ֖ר	c/d/4376	HC/Td/Vqrmsa
Ezek 7:12	אַל	408	HTn
Ezek 7:12	יִתְאַבָּ֑ל	56	HVtj3ms
Ezek 7:12	כִּ֥י	3588 a	HC
Ezek 7:12	חָר֖וֹן	2740	HNcmsa
Ezek 7:12	אֶל	413	HR
Ezek 7:12	כָּל	3605	HNcmsc
Ezek 7:12	הֲמוֹנָֽ/הּ	1995 a	HNcmsc/Sp3fs
Ezek 7:13	כִּ֣י	3588 a	HC
Ezek 7:13	הַ/מּוֹכֵ֗ר	d/4376	HTd/Vqrmsa
Ezek 7:13	אֶל	413	HR
Ezek 7:13	הַ/מִּמְכָּר֙	d/4465	HTd/Ncmsa
Ezek 7:13	לֹ֣א	3808	HTn
Ezek 7:13	יָשׁ֔וּב	7725	HVqi3ms
Ezek 7:13	וְ/ע֥וֹד	c/5750	HC/D
Ezek 7:13	בַּ/חַיִּ֖ים	b/2416 e	HRd/Ncmpa
Ezek 7:13	חַיָּתָ֑/ם	2416 c	HNcfsc/Sp3mp
Ezek 7:13	כִּֽי	3588 a	HC
Ezek 7:13	חָז֤וֹן	2377	HNcmsa
Ezek 7:13	אֶל	413	HR
Ezek 7:13	כָּל	3605	HNcmsc
Ezek 7:13	הֲמוֹנָ/הּ֙	1995 a	HNcmsc/Sp3fs
Ezek 7:13	לֹ֣א	3808	HTn
Ezek 7:13	יָשׁ֔וּב	7725	HVqi3ms
Ezek 7:13	וְ/אִ֧ישׁ	c/376	HC/Ncmsa
Ezek 7:13	בַּ/עֲוֺנ֛/וֹ	b/5771	HR/Ncbsc/Sp3ms
Ezek 7:13	חַיָּת֖/וֹ	2416 c	HNcfsc/Sp3ms
Ezek 7:13	לֹ֥א	3808	HTn
Ezek 7:13	יִתְחַזָּֽקוּ	2388	HVti3mp
Ezek 7:14	תָּקְע֤וּ	8628	HVqp3cp
Ezek 7:14	בַ/תָּק֨וֹעַ֙	b/8619	HRd/Ncmsa
Ezek 7:14	וְ/הָכִ֣ין	c/3559 a	HC/Vhc
Ezek 7:14	הַ/כֹּ֔ל	d/3605	HTd/Ncmsa
Ezek 7:14	וְ/אֵ֥ין	c/369	HC/Tn
Ezek 7:14	הֹלֵ֖ךְ	1980	HVqrmsa
Ezek 7:14	לַ/מִּלְחָמָ֑ה	l/4421	HRd/Ncfsa
Ezek 7:14	כִּ֥י	3588 a	HC
Ezek 7:14	חֲרוֹנִ֖/י	2740	HNcmsc/Sp1cs
Ezek 7:14	אֶל	413	HR
Ezek 7:14	כָּל	3605	HNcmsc
Ezek 7:14	הֲמוֹנָֽ/הּ	1995 a	HNcmsc/Sp3fs
Ezek 7:15	הַ/חֶ֣רֶב	d/2719	HTd/Ncfsa
Ezek 7:15	בַּ/ח֔וּץ	b/2351	HRd/Ncmsa
Ezek 7:15	וְ/הַ/דֶּ֥בֶר	c/d/1698	HC/Td/Ncmsa
Ezek 7:15	וְ/הָ/רָעָ֖ב	c/d/7458	HC/Td/Ncmsa
Ezek 7:15	מִ/בָּ֑יִת	m/1004 b	HR/Ncmsa
Ezek 7:15	אֲשֶׁ֤ר	834 a	HTr
Ezek 7:15	בַּ/שָּׂדֶה֙	b/7704 b	HRd/Ncmsa
Ezek 7:15	בַּ/חֶ֣רֶב	b/2719	HRd/Ncfsa
Ezek 7:15	יָמ֔וּת	4191	HVqi3ms
Ezek 7:15	וַ/אֲשֶׁ֣ר	c/834 a	HC/Tr
Ezek 7:15	בָּ/עִ֔יר	b/5892 b	HRd/Ncfsa
Ezek 7:15	רָעָ֥ב	7458	HNcmsa
Ezek 7:15	וָ/דֶ֖בֶר	c/1698	HC/Ncmsa
Ezek 7:15	יֹאכֲלֶֽ/נּוּ	398	HVqi3ms/Sp3ms
Ezek 7:16	וּ/פָֽלְטוּ֙	c/6403	HC/Vqq3cp
Ezek 7:16	פְּלִ֣יטֵי/הֶ֔ם	6412 a	HNcmpc/Sp3mp
Ezek 7:16	וְ/הָי֣וּ	c/1961	HC/Vqq3cp
Ezek 7:16	אֶל	413	HR
Ezek 7:16	הֶ/הָרִ֗ים	d/2022	HTd/Ncmpa
Ezek 7:16	כְּ/יוֹנֵ֧י	k/3123	HR/Ncfpc
Ezek 7:16	הַ/גֵּאָי֛וֹת	d/1516	HTd/Ncbpa
Ezek 7:16	כֻּלָּ֖/ם	3605	HNcmsc/Sp3mp
Ezek 7:16	הֹמ֑וֹת	1993	HVqrfpa
Ezek 7:16	אִ֖ישׁ	376	HNcmsa
Ezek 7:16	בַּ/עֲוֺנֽ/וֹ	b/5771	HR/Ncbsc/Sp3ms
Ezek 7:17	כָּל	3605	HNcmsc
Ezek 7:17	הַ/יָּדַ֖יִם	d/3027	HTd/Ncbda
Ezek 7:17	תִּרְפֶּ֑ינָה	7503	HVqi3fp
Ezek 7:17	וְ/כָל	c/3605	HC/Ncmsc
Ezek 7:17	בִּרְכַּ֖יִם	1290	HNcfda
Ezek 7:17	תֵּלַ֥כְנָה	3212	HVqi3fp
Ezek 7:17	מָּֽיִם	4325	HNcmpa
Ezek 7:18	וְ/חָגְר֣וּ	c/2296	HC/Vqq3cp
Ezek 7:18	שַׂקִּ֔ים	8242	HNcmpa
Ezek 7:18	וְ/כִסְּתָ֥ה	c/3680	HC/Vpp3fs
Ezek 7:18	אוֹתָ֖/ם	853	HTo/Sp3mp
Ezek 7:18	פַּלָּצ֑וּת	6427	HNcfsa
Ezek 7:18	וְ/אֶ֤ל	c/413	HC/R
Ezek 7:18	כָּל	3605	HNcmsc
Ezek 7:18	פָּנִים֙	6440	HNcbpa
Ezek 7:18	בּוּשָׁ֔ה	955	HNcfsa
Ezek 7:18	וּ/בְ/כָל	c/b/3605	HC/R/Ncmsc
Ezek 7:18	רָאשֵׁי/הֶ֖ם	7218 a	HNcmpc/Sp3mp
Ezek 7:18	קָרְחָֽה	7144	HNcfsa
Ezek 7:19	כַּסְפָּ֞/ם	3701	HNcmsc/Sp3mp
Ezek 7:19	בַּ/חוּצ֣וֹת	b/2351	HRd/Ncmpa
Ezek 7:19	יַשְׁלִ֗יכוּ	7993	HVhi3mp
Ezek 7:19	וּ/זְהָבָ/ם֮	c/2091	HC/Ncmsc/Sp3mp
Ezek 7:19	לְ/נִדָּ֣ה	l/5079	HR/Ncfsa
Ezek 7:19	יִֽהְיֶה֒	1961	HVqi3ms
Ezek 7:19	כַּסְפָּ֨/ם	3701	HNcmsc/Sp3mp
Ezek 7:19	וּ/זְהָבָ֜/ם	c/2091	HC/Ncmsc/Sp3mp
Ezek 7:19	לֹֽא	3808	HTn
Ezek 7:19	יוּכַ֣ל	3201	HVqi3ms
Ezek 7:19	לְ/הַצִּילָ֗/ם	l/5337	HR/Vhc/Sp3mp
Ezek 7:19	בְּ/יוֹם֙	b/3117	HR/Ncmsc
Ezek 7:19	עֶבְרַ֣ת	5678	HNcfsc
Ezek 7:19	יְהוָ֔ה	3068	HNp
Ezek 7:19	נַפְשָׁ/ם֙	5315	HNcbsc/Sp3mp
Ezek 7:19	לֹ֣א	3808	HTn
Ezek 7:19	יְשַׂבֵּ֔עוּ	7646	HVpi3mp
Ezek 7:19	וּ/מֵעֵי/הֶ֖ם	c/4578	HC/Ncmpc/Sp3mp
Ezek 7:19	לֹ֣א	3808	HTn
Ezek 7:19	יְמַלֵּ֑אוּ	4390	HVpi3mp
Ezek 7:19	כִּֽי	3588 a	HC
Ezek 7:19	מִכְשׁ֥וֹל	4383	HNcmsc
Ezek 7:19	עֲוֺנָ֖/ם	5771	HNcbsc/Sp3mp
Ezek 7:19	הָיָֽה	1961	HVqp3ms
Ezek 7:20	וּ/צְבִ֤י	c/6643 a	HC/Ncmsc
Ezek 7:20	עֶדְי/וֹ֙	5716	HNcmsc/Sp3ms
Ezek 7:20	לְ/גָא֣וֹן	l/1347	HR/Ncmsa
Ezek 7:20	שָׂמָ֔/הוּ	7760 a	HVqp3ms/Sp3ms
Ezek 7:20	וְ/צַלְמֵ֧י	c/6754	HC/Ncmpc
Ezek 7:20	תוֹעֲבֹתָ֛/ם	8441	HNcfpc/Sp3mp
Ezek 7:20	שִׁקּוּצֵי/הֶ֖ם	8251	HNcmpc/Sp3mp
Ezek 7:20	עָ֣שׂוּ	6213 a	HVqp3cp
Ezek 7:20	ב֑/וֹ	b	HR/Sp3ms
Ezek 7:20	עַל	5921 a	HR
Ezek 7:20	כֵּ֛ן	3651 c	HTm
Ezek 7:20	נְתַתִּ֥י/ו	5414	HVqp1cs/Sp3ms
Ezek 7:20	לָ/הֶ֖ם	l	HR/Sp3mp
Ezek 7:20	לְ/נִדָּֽה	l/5079	HR/Ncfsa
Ezek 7:21	וּ/נְתַתִּ֤י/ו	c/5414	HC/Vqq1cs/Sp3ms
Ezek 7:21	בְּ/יַֽד	b/3027	HR/Ncbsc
Ezek 7:21	הַ/זָּרִים֙	d/2114 a	HTd/Aampa
Ezek 7:21	לָ/בַ֔ז	l/957	HR/Ncmsa
Ezek 7:21	וּ/לְ/רִשְׁעֵ֥י	c/l/7563	HC/R/Aampc
Ezek 7:21	הָ/אָ֖רֶץ	d/776	HTd/Ncbsa
Ezek 7:21	לְ/שָׁלָ֑ל	l/7998	HR/Ncmsa
Ezek 7:21	ו/חלל/ה	c/2490 c	HC/Vpq3ms/Sp3fs
Ezek 7:22	וַ/הֲסִבּוֹתִ֤י	c/5437	HC/Vhq1cs
Ezek 7:22	פָנַ/י֙	6440	HNcbpc/Sp1cs
Ezek 7:22	מֵ/הֶ֔ם	m	HR/Sp3mp
Ezek 7:22	וְ/חִלְּל֖וּ	c/2490 c	HC/Vpq3cp
Ezek 7:22	אֶת	853	HTo
Ezek 7:22	צְפוּנִ֑/י	6845	HVqsmsc/Sp1cs
Ezek 7:22	וּ/בָאוּ	c/935	HC/Vqq3cp
Ezek 7:22	בָ֥/הּ	b	HR/Sp3fs
Ezek 7:22	פָּרִיצִ֖ים	6530	HNcmpa
Ezek 7:22	וְ/חִלְּלֽוּ/הָ	c/2490 c	HC/Vpq3cp/Sp3fs
Ezek 7:23	עֲשֵׂ֖ה	6213 a	HVqv2ms
Ezek 7:23	הָֽ/רַתּ֑וֹק	d/7569	HTd/Ncmsa
Ezek 7:23	כִּ֣י	3588 a	HC
Ezek 7:23	הָ/אָ֗רֶץ	d/776	HTd/Ncbsa
Ezek 7:23	מָֽלְאָה֙	4390	HVqp3fs
Ezek 7:23	מִשְׁפַּ֣ט	4941	HNcmsc
Ezek 7:23	דָּמִ֔ים	1818	HNcmpa
Ezek 7:23	וְ/הָ/עִ֖יר	c/d/5892 b	HC/Td/Ncfsa
Ezek 7:23	מָלְאָ֥ה	4390	HVqp3fs
Ezek 7:23	חָמָֽס	2555	HNcmsa
Ezek 7:24	וְ/הֵֽבֵאתִי֙	c/935	HC/Vhq1cs
Ezek 7:24	רָעֵ֣י	7451 a	HAampc
Ezek 7:24	גוֹיִ֔ם	1471 a	HNcmpa
Ezek 7:24	וְ/יָרְשׁ֖וּ	c/3423	HC/Vqq3cp
Ezek 7:24	אֶת	853	HTo
Ezek 7:24	בָּֽתֵּי/הֶ֑ם	1004 b	HNcmpc/Sp3mp
Ezek 7:24	וְ/הִשְׁבַּתִּי֙	c/7673 a	HC/Vhq1cs
Ezek 7:24	גְּא֣וֹן	1347	HNcmsc
Ezek 7:24	עַזִּ֔ים	5794	HAampa
Ezek 7:24	וְ/נִחֲל֖וּ	c/2490 c	HC/VNq3cp
Ezek 7:24	מְקַֽדְשֵׁי/הֶֽם	6942	HNcmpc/Sp3mp
Ezek 7:25	קְפָ֖דָה	7089	HNcfsa
Ezek 7:25	בָ֑א	935	HVqp3ms
Ezek 7:25	וּ/בִקְשׁ֥וּ	c/1245	HC/Vpq3cp
Ezek 7:25	שָׁל֖וֹם	7965	HNcmsa
Ezek 7:25	וָ/אָֽיִן	c/369	HC/Tn
Ezek 7:26	הֹוָ֤ה	1943	HNcfsa
Ezek 7:26	עַל	5921 a	HR
Ezek 7:26	הֹוָה֙	1943	HNcfsa
Ezek 7:26	תָּב֔וֹא	935	HVqi3fs
Ezek 7:26	וּ/שְׁמֻעָ֥ה	c/8052	HC/Ncfsa
Ezek 7:26	אֶל	413	HR
Ezek 7:26	שְׁמוּעָ֖ה	8052	HNcfsa
Ezek 7:26	תִּֽהְיֶ֑ה	1961	HVqi3fs
Ezek 7:26	וּ/בִקְשׁ֤וּ	c/1245	HC/Vpq3cp
Ezek 7:26	חָזוֹן֙	2377	HNcmsa
Ezek 7:26	מִ/נָּבִ֔יא	m/5030	HR/Ncmsa
Ezek 7:26	וְ/תוֹרָה֙	c/8451	HC/Ncfsa
Ezek 7:26	תֹּאבַ֣ד	6	HVqi3fs
Ezek 7:26	מִ/כֹּהֵ֔ן	m/3548	HR/Ncmsa
Ezek 7:26	וְ/עֵצָ֖ה	c/6098	HC/Ncfsa
Ezek 7:26	מִ/זְּקֵנִֽים	m/2205	HR/Aampa
Ezek 7:27	הַ/מֶּ֣לֶךְ	d/4428	HTd/Ncmsa
Ezek 7:27	יִתְאַבָּ֗ל	56	HVti3ms
Ezek 7:27	וְ/נָשִׂיא֙	c/5387 a	HC/Ncmsa
Ezek 7:27	יִלְבַּ֣שׁ	3847	HVqi3ms
Ezek 7:27	שְׁמָמָ֔ה	8077 a	HNcfsa
Ezek 7:27	וִ/ידֵ֥י	c/3027	HC/Ncbdc
Ezek 7:27	עַם	5971 a	HNcmsc
Ezek 7:27	הָ/אָ֖רֶץ	d/776	HTd/Ncbsa
Ezek 7:27	תִּבָּהַ֑לְנָה	926	HVNi3fp
Ezek 7:27	מִ/דַּרְכָּ֞/ם	m/1870	HR/Ncbsc/Sp3mp
Ezek 7:27	אֶעֱשֶׂ֤ה	6213 a	HVqi1cs
Ezek 7:27	אוֹתָ/ם֙	853	HTo/Sp3mp
Ezek 7:27	וּ/בְ/מִשְׁפְּטֵי/הֶ֣ם	c/b/4941	HC/R/Ncmpc/Sp3mp
Ezek 7:27	אֶשְׁפְּטֵ֔/ם	8199	HVqi1cs/Sp3mp
Ezek 7:27	וְ/יָדְע֖וּ	c/3045	HC/Vqq3cp
Ezek 7:27	כִּֽי	3588 a	HC
Ezek 7:27	אֲנִ֥י	589	HPp1cs
Ezek 7:27	יְהוָֽה	3068	HNp
Ezek 8:1	וַ/יְהִ֣י	c/1961	HC/Vqw3ms
Ezek 8:1	בַּ/שָּׁנָ֣ה	b/8141	HRd/Ncfsa
Ezek 8:1	הַ/שִּׁשִּׁ֗ית	d/8345	HTd/Aofsa
Ezek 8:1	בַּ/שִּׁשִּׁי֙	b/8345	HRd/Aomsa
Ezek 8:1	בַּ/חֲמִשָּׁ֣ה	b/2568	HR/Acmsa
Ezek 8:1	לַ/חֹ֔דֶשׁ	l/2320	HRd/Ncmsa
Ezek 8:1	אֲנִי֙	589	HPp1cs
Ezek 8:1	יוֹשֵׁ֣ב	3427	HVqrmsa
Ezek 8:1	בְּ/בֵיתִ֔/י	b/1004 b	HR/Ncmsc/Sp1cs
Ezek 8:1	וְ/זִקְנֵ֥י	c/2205	HC/Aampc
Ezek 8:1	יְהוּדָ֖ה	3063	HNp
Ezek 8:1	יוֹשְׁבִ֣ים	3427	HVqrmpa
Ezek 8:1	לְ/פָנָ֑/י	l/6440	HR/Ncbpc/Sp1cs
Ezek 8:1	וַ/תִּפֹּ֤ל	c/5307	HC/Vqw3fs
Ezek 8:1	עָלַ/י֙	5921 a	HR/Sp1cs
Ezek 8:1	שָׁ֔ם	8033	HD
Ezek 8:1	יַ֖ד	3027	HNcbsc
Ezek 8:1	אֲדֹנָ֥/י	136	HNcmpc/Sp1cs
Ezek 8:1	יְהֹוִֽה	3069	HNp
Ezek 8:2	וָ/אֶרְאֶ֗ה	c/7200	HC/Vqw1cs
Ezek 8:2	וְ/הִנֵּ֤ה	c/2009	HC/Tm
Ezek 8:2	דְמוּת֙	1823	HNcfsa
Ezek 8:2	כְּ/מַרְאֵה	k/4758	HR/Ncmsc
Ezek 8:2	אֵ֔שׁ	784	HNcbsa
Ezek 8:2	מִ/מַּרְאֵ֥ה	m/4758	HR/Ncmsc
Ezek 8:2	מָתְנָ֛י/ו	4975	HNcmdc/Sp3ms
Ezek 8:2	וּ/לְ/מַ֖טָּה	c/l/4295	HC/R/D
Ezek 8:2	אֵ֑שׁ	784	HNcbsa
Ezek 8:2	וּ/מִ/מָּתְנָ֣י/ו	c/m/4975	HC/R/Ncmdc/Sp3ms
Ezek 8:2	וּ/לְ/מַ֔עְלָ/ה	c/l/4605	HC/R/D/Sd
Ezek 8:2	כְּ/מַרְאֵה	k/4758	HR/Ncmsc
Ezek 8:2	זֹ֖הַר	2096	HNcmsa
Ezek 8:2	כְּ/עֵ֥ין	k/5869 a	HR/Ncbsc
Ezek 8:2	הַ/חַשְׁמַֽלָ/ה	d/2830	HTd/Ncmsa/Sh
Ezek 8:3	וַ/יִּשְׁלַח֙	c/7971	HC/Vqw3ms
Ezek 8:3	תַּבְנִ֣ית	8403	HNcfsc
Ezek 8:3	יָ֔ד	3027	HNcbsa
Ezek 8:3	וַ/יִּקָּחֵ֖/נִי	c/3947	HC/Vqw3ms/Sp1cs
Ezek 8:3	בְּ/צִיצִ֣ת	b/6734	HR/Ncfsc
Ezek 8:3	רֹאשִׁ֑/י	7218 a	HNcmsc/Sp1cs
Ezek 8:3	וַ/תִּשָּׂ֣א	c/5375	HC/Vqw3fs
Ezek 8:3	אֹתִ֣/י	853	HTo/Sp1cs
Ezek 8:3	ר֣וּחַ	7307	HNcbsa
Ezek 8:3	בֵּֽין	996	HR
Ezek 8:3	הָ/אָ֣רֶץ	d/776	HTd/Ncbsa
Ezek 8:3	וּ/בֵ֣ין	c/996	HC/R
Ezek 8:3	הַ/שָּׁמַ֡יִם	d/8064	HTd/Ncmpa
Ezek 8:3	וַ/תָּבֵא֩	c/935	HC/Vhw3fs
Ezek 8:3	אֹתִ֨/י	853	HTo/Sp1cs
Ezek 8:3	יְרוּשָׁלְַ֜מָ/ה	3389	HNp/Sd
Ezek 8:3	בְּ/מַרְא֣וֹת	b/4759 a	HR/Ncfpc
Ezek 8:3	אֱלֹהִ֗ים	430	HNcmpa
Ezek 8:3	אֶל	413	HR
Ezek 8:3	פֶּ֜תַח	6607	HNcmsc
Ezek 8:3	שַׁ֤עַר	8179	HNcmsc
Ezek 8:3	הַ/פְּנִימִית֙	d/6442	HTd/Aafsa
Ezek 8:3	הַ/פּוֹנֶ֣ה	d/6437	HTd/Vqrmsa
Ezek 8:3	צָפ֔וֹנָ/ה	6828	HNcfsa/Sd
Ezek 8:3	אֲשֶׁר	834 a	HTr
Ezek 8:3	שָׁ֣ם	8033	HD
Ezek 8:3	מוֹשַׁ֔ב	4186	HNcmsc
Ezek 8:3	סֵ֖מֶל	5566	HNcmsc
Ezek 8:3	הַ/קִּנְאָ֥ה	d/7068	HTd/Ncfsa
Ezek 8:3	הַ/מַּקְנֶֽה	d/7069	HTd/Vhrmsa
Ezek 8:4	וְ/הִ֨נֵּה	c/2009	HC/Tm
Ezek 8:4	שָׁ֔ם	8033	HD
Ezek 8:4	כְּב֖וֹד	3519	HNcbsc
Ezek 8:4	אֱלֹהֵ֣י	430	HNcmpc
Ezek 8:4	יִשְׂרָאֵ֑ל	3478	HNp
Ezek 8:4	כַּ/מַּרְאֶ֕ה	k/4758	HRd/Ncmsa
Ezek 8:4	אֲשֶׁ֥ר	834 a	HTr
Ezek 8:4	רָאִ֖יתִי	7200	HVqp1cs
Ezek 8:4	בַּ/בִּקְעָֽה	b/1237	HRd/Ncfsa
Ezek 8:5	וַ/יֹּ֣אמֶר	c/559	HC/Vqw3ms
Ezek 8:5	אֵלַ֔/י	413	HR/Sp1cs
Ezek 8:5	בֶּן	1121 a	HNcmsc
Ezek 8:5	אָדָ֕ם	120	HNcmsa
Ezek 8:5	שָׂא	5375	HVqv2ms
Ezek 8:5	נָ֥א	4994	HTe
Ezek 8:5	עֵינֶ֖י/ךָ	5869 a	HNcbdc/Sp2ms
Ezek 8:5	דֶּ֣רֶךְ	1870	HNcbsc
Ezek 8:5	צָפ֑וֹנָ/ה	6828	HNcfsa/Sd
Ezek 8:5	וָ/אֶשָּׂ֤א	c/5375	HC/Vqw1cs
Ezek 8:5	עֵינַ/י֙	5869 a	HNcbdc/Sp1cs
Ezek 8:5	דֶּ֣רֶךְ	1870	HNcbsc
Ezek 8:5	צָפ֔וֹנָ/ה	6828	HNcfsa/Sd
Ezek 8:5	וְ/הִנֵּ֤ה	c/2009	HC/Tm
Ezek 8:5	מִ/צָּפוֹן֙	m/6828	HR/Ncfsa
Ezek 8:5	לְ/שַׁ֣עַר	l/8179	HR/Ncmsc
Ezek 8:5	הַ/מִּזְבֵּ֔חַ	d/4196	HTd/Ncmsa
Ezek 8:5	סֵ֛מֶל	5566	HNcmsc
Ezek 8:5	הַ/קִּנְאָ֥ה	d/7068	HTd/Ncfsa
Ezek 8:5	הַ/זֶּ֖ה	d/2088	HTd/Pdxms
Ezek 8:5	בַּ/בִּאָֽה	b/872	HRd/Ncfsa
Ezek 8:6	וַ/יֹּ֣אמֶר	c/559	HC/Vqw3ms
Ezek 8:6	אֵלַ֔/י	413	HR/Sp1cs
Ezek 8:6	בֶּן	1121 a	HNcmsc
Ezek 8:6	אָדָ֕ם	120	HNcmsa
Ezek 8:6	הֲ/רֹאֶ֥ה	i/7200	HTi/Vqrmsa
Ezek 8:6	אַתָּ֖ה	859 a	HPp2ms
Ezek 8:6	מ/הם	m	HR/Sp3mp
Ezek 8:6	עֹשִׂ֑ים	6213 a	HVqrmpa
Ezek 8:6	תּוֹעֵב֨וֹת	8441	HNcfpa
Ezek 8:6	גְּדֹל֜וֹת	1419 a	HAafpa
Ezek 8:6	אֲשֶׁ֥ר	834 a	HTr
Ezek 8:6	בֵּֽית	1004 b	HNcmsc
Ezek 8:6	יִשְׂרָאֵ֣ל	3478	HNp
Ezek 8:6	עֹשִׂ֣ים	6213 a	HVqrmpa
Ezek 8:6	פֹּ֗ה	6311	HD
Ezek 8:6	לְ/רָֽחֳקָה֙	l/7368	HR/Vqc
Ezek 8:6	מֵ/עַ֣ל	m/5921 a	HR/R
Ezek 8:6	מִקְדָּשִׁ֔/י	4720	HNcmsc/Sp1cs
Ezek 8:6	וְ/עוֹד֙	c/5750	HC/D
Ezek 8:6	תָּשׁ֣וּב	7725	HVqi2ms
Ezek 8:6	תִּרְאֶ֔ה	7200	HVqi2ms
Ezek 8:6	תּוֹעֵב֖וֹת	8441	HNcfpa
Ezek 8:6	גְּדֹלֽוֹת	1419 a	HAafpa
Ezek 8:7	וַ/יָּבֵ֥א	c/935	HC/Vhw3ms
Ezek 8:7	אֹתִ֖/י	853	HTo/Sp1cs
Ezek 8:7	אֶל	413	HR
Ezek 8:7	פֶּ֣תַח	6607	HNcmsc
Ezek 8:7	הֶֽ/חָצֵ֑ר	d/2691 a	HTd/Ncbsa
Ezek 8:7	וָ/אֶרְאֶ֕ה	c/7200	HC/Vqw1cs
Ezek 8:7	וְ/הִנֵּ֥ה	c/2009	HC/Tm
Ezek 8:7	חֹר	2356	HNcmsa
Ezek 8:7	אֶחָ֖ד	259	HAcmsa
Ezek 8:7	בַּ/קִּֽיר	b/7023	HRd/Ncmsa
Ezek 8:8	וַ/יֹּ֣אמֶר	c/559	HC/Vqw3ms
Ezek 8:8	אֵלַ֔/י	413	HR/Sp1cs
Ezek 8:8	בֶּן	1121 a	HNcmsc
Ezek 8:8	אָדָ֖ם	120	HNcmsa
Ezek 8:8	חֲתָר	2864	HVqv2ms
Ezek 8:8	נָ֣א	4994	HTe
Ezek 8:8	בַ/קִּ֑יר	b/7023	HRd/Ncmsa
Ezek 8:8	וָ/אֶחְתֹּ֣ר	c/2864	HC/Vqw1cs
Ezek 8:8	בַּ/קִּ֔יר	b/7023	HRd/Ncmsa
Ezek 8:8	וְ/הִנֵּ֖ה	c/2009	HC/Tm
Ezek 8:8	פֶּ֥תַח	6607	HNcmsa
Ezek 8:8	אֶחָֽד	259	HAcmsa
Ezek 8:9	וַ/יֹּ֖אמֶר	c/559	HC/Vqw3ms
Ezek 8:9	אֵלָ֑/י	413	HR/Sp1cs
Ezek 8:9	בֹּ֤א	935	HVqv2ms
Ezek 8:9	וּ/רְאֵה֙	c/7200	HC/Vqv2ms
Ezek 8:9	אֶת	853	HTo
Ezek 8:9	הַ/תּוֹעֵב֣וֹת	d/8441	HTd/Ncfpa
Ezek 8:9	הָ/רָע֔וֹת	d/7451 a	HTd/Aafpa
Ezek 8:9	אֲשֶׁ֛ר	834 a	HTr
Ezek 8:9	הֵ֥ם	1992	HPp3mp
Ezek 8:9	עֹשִׂ֖ים	6213 a	HVqrmpa
Ezek 8:9	פֹּֽה	6311	HD
Ezek 8:10	וָ/אָבוֹא֮	c/935	HC/Vqw1cs
Ezek 8:10	וָֽ/אֶרְאֶה֒	c/7200	HC/Vqw1cs
Ezek 8:10	וְ/הִנֵּ֨ה	c/2009	HC/Tm
Ezek 8:10	כָל	3605	HNcmsc
Ezek 8:10	תַּבְנִ֜ית	8403	HNcfsc
Ezek 8:10	רֶ֤מֶשׂ	7431	HNcmsa
Ezek 8:10	וּ/בְהֵמָה֙	c/929	HC/Ncfsa
Ezek 8:10	שֶׁ֔קֶץ	8263	HNcmsa
Ezek 8:10	וְ/כָל	c/3605	HC/Ncmsc
Ezek 8:10	גִּלּוּלֵ֖י	1544	HNcmpc
Ezek 8:10	בֵּ֣ית	1004 b	HNcmsc
Ezek 8:10	יִשְׂרָאֵ֑ל	3478	HNp
Ezek 8:10	מְחֻקֶּ֥ה	2707	HVPsmsa
Ezek 8:10	עַל	5921 a	HR
Ezek 8:10	הַ/קִּ֖יר	d/7023	HTd/Ncmsa
Ezek 8:10	סָבִ֥יב	5439	HNcbsa
Ezek 8:10	סָבִֽיב	5439	HNcbsa
Ezek 8:11	וְ/שִׁבְעִ֣ים	c/7657	HC/Acbpa
Ezek 8:11	אִ֣ישׁ	376	HNcmsa
Ezek 8:11	מִ/זִּקְנֵ֣י	m/2205	HR/Aampc
Ezek 8:11	בֵֽית	1004 b	HNcmsc
Ezek 8:11	יִ֠שְׂרָאֵל	3478	HNp
Ezek 8:11	וְ/יַאֲזַנְיָ֨הוּ	c/2970	HC/Np
Ezek 8:11	בֶן	1121 a	HNcmsc
Ezek 8:11	שָׁפָ֜ן	8227 b	HNp
Ezek 8:11	עֹמֵ֤ד	5975	HVqrmsa
Ezek 8:11	בְּ/תוֹכָ/ם֙	b/8432	HR/Ncmsc/Sp3mp
Ezek 8:11	עֹמְדִ֣ים	5975	HVqrmpa
Ezek 8:11	לִ/פְנֵי/הֶ֔ם	l/6440	HR/Ncbpc/Sp3mp
Ezek 8:11	וְ/אִ֥ישׁ	c/376	HC/Ncmsa
Ezek 8:11	מִקְטַרְתּ֖/וֹ	4730	HNcfsc/Sp3ms
Ezek 8:11	בְּ/יָד֑/וֹ	b/3027	HR/Ncbsc/Sp3ms
Ezek 8:11	וַ/עֲתַ֥ר	c/6282 b	HC/Ncmsc
Ezek 8:11	עֲנַֽן	6051	HNcmsc
Ezek 8:11	הַ/קְּטֹ֖רֶת	d/7004	HTd/Ncfsa
Ezek 8:11	עֹלֶֽה	5927	HVqrmsa
Ezek 8:12	וַ/יֹּ֣אמֶר	c/559	HC/Vqw3ms
Ezek 8:12	אֵלַ/י֮	413	HR/Sp1cs
Ezek 8:12	הֲ/רָאִ֣יתָ	i/7200	HTi/Vqp2ms
Ezek 8:12	בֶן	1121 a	HNcmsc
Ezek 8:12	אָדָם֒	120	HNcmsa
Ezek 8:12	אֲשֶׁ֨ר	834 a	HTr
Ezek 8:12	זִקְנֵ֤י	2205	HAampc
Ezek 8:12	בֵֽית	1004 b	HNcmsc
Ezek 8:12	יִשְׂרָאֵל֙	3478	HNp
Ezek 8:12	עֹשִׂ֣ים	6213 a	HVqrmpa
Ezek 8:12	בַּ/חֹ֔שֶׁךְ	b/2822	HRd/Ncmsa
Ezek 8:12	אִ֖ישׁ	376	HNcmsa
Ezek 8:12	בְּ/חַדְרֵ֣י	b/2315	HR/Ncmpc
Ezek 8:12	מַשְׂכִּית֑/וֹ	4906	HNcfsc/Sp3ms
Ezek 8:12	כִּ֣י	3588 a	HC
Ezek 8:12	אֹמְרִ֗ים	559	HVqrmpa
Ezek 8:12	אֵ֤ין	369	HTn
Ezek 8:12	יְהוָה֙	3068	HNp
Ezek 8:12	רֹאֶ֣ה	7200	HVqrmsa
Ezek 8:12	אֹתָ֔/נוּ	853	HTo/Sp1cp
Ezek 8:12	עָזַ֥ב	5800 a	HVqp3ms
Ezek 8:12	יְהוָ֖ה	3068	HNp
Ezek 8:12	אֶת	853	HTo
Ezek 8:12	הָ/אָֽרֶץ	d/776	HTd/Ncbsa
Ezek 8:13	וַ/יֹּ֖אמֶר	c/559	HC/Vqw3ms
Ezek 8:13	אֵלָ֑/י	413	HR/Sp1cs
Ezek 8:13	ע֣וֹד	5750	HD
Ezek 8:13	תָּשׁ֥וּב	7725	HVqi2ms
Ezek 8:13	תִּרְאֶ֛ה	7200	HVqi2ms
Ezek 8:13	תּוֹעֵב֥וֹת	8441	HNcfpa
Ezek 8:13	גְּדֹל֖וֹת	1419 a	HAafpa
Ezek 8:13	אֲשֶׁר	834 a	HTr
Ezek 8:13	הֵ֥מָּה	1992	HPp3mp
Ezek 8:13	עֹשִֽׂים	6213 a	HVqrmpa
Ezek 8:14	וַ/יָּבֵ֣א	c/935	HC/Vhw3ms
Ezek 8:14	אֹתִ֗/י	853	HTo/Sp1cs
Ezek 8:14	אֶל	413	HR
Ezek 8:14	פֶּ֨תַח֙	6607	HNcmsc
Ezek 8:14	שַׁ֣עַר	8179	HNcmsc
Ezek 8:14	בֵּית	1004 b	HNcmsc
Ezek 8:14	יְהוָ֔ה	3068	HNp
Ezek 8:14	אֲשֶׁ֖ר	834 a	HTr
Ezek 8:14	אֶל	413	HR
Ezek 8:14	הַ/צָּפ֑וֹנָ/ה	d/6828	HTd/Ncfsa/Sd
Ezek 8:14	וְ/הִנֵּה	c/2009	HC/Tm
Ezek 8:14	שָׁם֙	8033	HD
Ezek 8:14	הַ/נָּשִׁ֣ים	d/802	HTd/Ncfpa
Ezek 8:14	יֹֽשְׁב֔וֹת	3427	HVqrfpa
Ezek 8:14	מְבַכּ֖וֹת	1058	HVprfpa
Ezek 8:14	אֶת	853	HTo
Ezek 8:14	הַ/תַּמּֽוּז	d/8542	HTd/Np
Ezek 8:15	וַ/יֹּ֥אמֶר	c/559	HC/Vqw3ms
Ezek 8:15	אֵלַ֖/י	413	HR/Sp1cs
Ezek 8:15	הֲ/רָאִ֣יתָ	i/7200	HTi/Vqp2ms
Ezek 8:15	בֶן	1121 a	HNcmsc
Ezek 8:15	אָדָ֑ם	120	HNcmsa
Ezek 8:15	ע֣וֹד	5750	HD
Ezek 8:15	תָּשׁ֥וּב	7725	HVqi2ms
Ezek 8:15	תִּרְאֶ֛ה	7200	HVqi2ms
Ezek 8:15	תּוֹעֵב֥וֹת	8441	HNcfpa
Ezek 8:15	גְּדֹל֖וֹת	1419 a	HAafpa
Ezek 8:15	מֵ/אֵֽלֶּה	m/428	HR/Pdxcp
Ezek 8:16	וַ/יָּבֵ֣א	c/935	HC/Vhw3ms
Ezek 8:16	אֹתִ֗/י	853	HTo/Sp1cs
Ezek 8:16	אֶל	413	HR
Ezek 8:16	חֲצַ֣ר	2691 a	HNcbsc
Ezek 8:16	בֵּית	1004 b	HNcmsc
Ezek 8:16	יְהוָה֮	3068	HNp
Ezek 8:16	הַ/פְּנִימִית֒	d/6442	HTd/Aafsa
Ezek 8:16	וְ/הִנֵּה	c/2009	HC/Tm
Ezek 8:16	פֶ֜תַח	6607	HNcmsc
Ezek 8:16	הֵיכַ֣ל	1964	HNcmsc
Ezek 8:16	יְהוָ֗ה	3068	HNp
Ezek 8:16	בֵּ֤ין	996	HR
Ezek 8:16	הָֽ/אוּלָם֙	d/197	HTd/Ncmsa
Ezek 8:16	וּ/בֵ֣ין	c/996	HC/R
Ezek 8:16	הַ/מִּזְבֵּ֔חַ	d/4196	HTd/Ncmsa
Ezek 8:16	כְּ/עֶשְׂרִ֥ים	k/6242	HR/Acbpa
Ezek 8:16	וַ/חֲמִשָּׁ֖ה	c/2568	HC/Acmsa
Ezek 8:16	אִ֑ישׁ	376	HNcmsa
Ezek 8:16	אֲחֹ֨רֵי/הֶ֜ם	268	HNcmpc/Sp3mp
Ezek 8:16	אֶל	413	HR
Ezek 8:16	הֵיכַ֤ל	1964	HNcmsc
Ezek 8:16	יְהוָה֙	3068	HNp
Ezek 8:16	וּ/פְנֵי/הֶ֣ם	c/6440	HC/Ncbpc/Sp3mp
Ezek 8:16	קֵ֔דְמָ/ה	6924 b	HNcmsa/Sd
Ezek 8:16	וְ/הֵ֛מָּה	c/1992	HC/Pp3mp
Ezek 8:16	מִשְׁתַּחֲוִיתֶ֥ם	7812	HVvrmpa
Ezek 8:16	קֵ֖דְמָ/ה	6924 b	HNcmsa/Sd
Ezek 8:16	לַ/שָּֽׁמֶשׁ	l/8121	HRd/Ncbsa
Ezek 8:17	וַ/יֹּ֣אמֶר	c/559	HC/Vqw3ms
Ezek 8:17	אֵלַ/י֮	413	HR/Sp1cs
Ezek 8:17	הֲ/רָאִ֣יתָ	i/7200	HTi/Vqp2ms
Ezek 8:17	בֶן	1121 a	HNcmsc
Ezek 8:17	אָדָם֒	120	HNcmsa
Ezek 8:17	הֲ/נָקֵל֙	i/7043	HTi/VNp3ms
Ezek 8:17	לְ/בֵ֣ית	l/1004 b	HR/Ncmsc
Ezek 8:17	יְהוּדָ֔ה	3063	HNp
Ezek 8:17	מֵ/עֲשׂ֕וֹת	m/6213 a	HR/Vqc
Ezek 8:17	אֶת	853	HTo
Ezek 8:17	הַ/תּוֹעֵב֖וֹת	d/8441	HTd/Ncfpa
Ezek 8:17	אֲשֶׁ֣ר	834 a	HTr
Ezek 8:17	עָֽשׂוּ	6213 a	HVqp3cp
Ezek 8:17	פֹ֑ה	6311	HD
Ezek 8:17	כִּֽי	3588 a	HC
Ezek 8:17	מָלְא֨וּ	4390	HVqp3cp
Ezek 8:17	אֶת	853	HTo
Ezek 8:17	הָ/אָ֜רֶץ	d/776	HTd/Ncbsa
Ezek 8:17	חָמָ֗ס	2555	HNcmsa
Ezek 8:17	וַ/יָּשֻׁ֨בוּ֙	c/7725	HC/Vqw3mp
Ezek 8:17	לְ/הַכְעִיסֵ֔/נִי	l/3707	HR/Vhc/Sp1cs
Ezek 8:17	וְ/הִנָּ֛/ם	c/2005	HC/Tm/Sp3mp
Ezek 8:17	שֹׁלְחִ֥ים	7971	HVqrmpa
Ezek 8:17	אֶת	853	HTo
Ezek 8:17	הַ/זְּמוֹרָ֖ה	d/2156	HTd/Ncfsa
Ezek 8:17	אֶל	413	HR
Ezek 8:17	אַפָּֽ/ם	639	HNcmsc/Sp3mp
Ezek 8:18	וְ/גַם	c/1571	HC/Ta
Ezek 8:18	אֲנִי֙	589	HPp1cs
Ezek 8:18	אֶעֱשֶׂ֣ה	6213 a	HVqi1cs
Ezek 8:18	בְ/חֵמָ֔ה	b/2534	HR/Ncfsa
Ezek 8:18	לֹֽא	3808	HTn
Ezek 8:18	תָח֥וֹס	2347	HVqi3fs
Ezek 8:18	עֵינִ֖/י	5869 a	HNcbsc/Sp1cs
Ezek 8:18	וְ/לֹ֣א	c/3808	HC/Tn
Ezek 8:18	אֶחְמֹ֑ל	2550	HVqi1cs
Ezek 8:18	וְ/קָרְא֤וּ	c/7121	HC/Vqq3cp
Ezek 8:18	בְ/אָזְנַ/י֙	b/241	HR/Ncfdc/Sp1cs
Ezek 8:18	ק֣וֹל	6963 a	HNcmsa
Ezek 8:18	גָּד֔וֹל	1419 a	HAamsa
Ezek 8:18	וְ/לֹ֥א	c/3808	HC/Tn
Ezek 8:18	אֶשְׁמַ֖ע	8085	HVqi1cs
Ezek 8:18	אוֹתָֽ/ם	853	HTo/Sp3mp
Ezek 9:1	וַ/יִּקְרָ֣א	c/7121	HC/Vqw3ms
Ezek 9:1	בְ/אָזְנַ֗/י	b/241	HR/Ncfdc/Sp1cs
Ezek 9:1	ק֤וֹל	6963 a	HNcmsa
Ezek 9:1	גָּדוֹל֙	1419 a	HAamsa
Ezek 9:1	לֵ/אמֹ֔ר	l/559	HR/Vqc
Ezek 9:1	קָרְב֖וּ	7126	HVqv2mp
Ezek 9:1	פְּקֻדּ֣וֹת	6486	HNcfpc
Ezek 9:1	הָ/עִ֑יר	d/5892 b	HTd/Ncfsa
Ezek 9:1	וְ/אִ֛ישׁ	c/376	HC/Ncmsa
Ezek 9:1	כְּלִ֥י	3627	HNcmsc
Ezek 9:1	מַשְׁחֵת֖/וֹ	4892	HNcmsc/Sp3ms
Ezek 9:1	בְּ/יָדֽ/וֹ	b/3027	HR/Ncbsc/Sp3ms
Ezek 9:2	וְ/הִנֵּ֣ה	c/2009	HC/Tm
Ezek 9:2	שִׁשָּׁ֣ה	8337	HAcmsa
Ezek 9:2	אֲנָשִׁ֡ים	376	HNcmpa
Ezek 9:2	בָּאִ֣ים	935	HVqrmpa
Ezek 9:2	מִ/דֶּרֶךְ	m/1870	HR/Ncbsc
Ezek 9:2	שַׁ֨עַר	8179	HNcmsc
Ezek 9:2	הָ/עֶלְי֜וֹן	d/5945 a	HTd/Aamsa
Ezek 9:2	אֲשֶׁ֣ר	834 a	HTr
Ezek 9:2	מָפְנֶ֣ה	6437	HVHsmsa
Ezek 9:2	צָפ֗וֹנָ/ה	6828	HNcfsa/Sd
Ezek 9:2	וְ/אִ֨ישׁ	c/376	HC/Ncmsa
Ezek 9:2	כְּלִ֤י	3627	HNcmsc
Ezek 9:2	מַפָּצ/וֹ֙	4660	HNcmsc/Sp3ms
Ezek 9:2	בְּ/יָד֔/וֹ	b/3027	HR/Ncbsc/Sp3ms
Ezek 9:2	וְ/אִישׁ	c/376	HC/Ncmsa
Ezek 9:2	אֶחָ֤ד	259	HAcmsa
Ezek 9:2	בְּ/תוֹכָ/ם֙	b/8432	HR/Ncmsc/Sp3mp
Ezek 9:2	לָבֻ֣שׁ	3847	HVqsmsa
Ezek 9:2	בַּדִּ֔ים	906	HNcmpa
Ezek 9:2	וְ/קֶ֥סֶת	c/7083	HC/Ncfsc
Ezek 9:2	הַ/סֹּפֵ֖ר	d/5608 b	HTd/Ncmsa
Ezek 9:2	בְּ/מָתְנָ֑י/ו	b/4975	HR/Ncmdc/Sp3ms
Ezek 9:2	וַ/יָּבֹ֨אוּ֙	c/935	HC/Vqw3mp
Ezek 9:2	וַ/יַּ֣עַמְד֔וּ	c/5975	HC/Vqw3mp
Ezek 9:2	אֵ֖צֶל	681	HR
Ezek 9:2	מִזְבַּ֥ח	4196	HNcmsc
Ezek 9:2	הַ/נְּחֹֽשֶׁת	d/5178 a	HTd/Ncfsa
Ezek 9:3	וּ/כְב֣וֹד	c/3519	HC/Ncbsc
Ezek 9:3	אֱלֹהֵ֣י	430	HNcmpc
Ezek 9:3	יִשְׂרָאֵ֗ל	3478	HNp
Ezek 9:3	נַעֲלָה֙	5927	HVNp3ms
Ezek 9:3	מֵ/עַ֤ל	m/5921 a	HR/R
Ezek 9:3	הַ/כְּרוּב֙	d/3742	HTd/Ncmsa
Ezek 9:3	אֲשֶׁ֣ר	834 a	HTr
Ezek 9:3	הָיָ֣ה	1961	HVqp3ms
Ezek 9:3	עָלָ֔י/ו	5921 a	HR/Sp3ms
Ezek 9:3	אֶ֖ל	413	HR
Ezek 9:3	מִפְתַּ֣ן	4670	HNcmsc
Ezek 9:3	הַ/בָּ֑יִת	d/1004 b	HTd/Ncmsa
Ezek 9:3	וַ/יִּקְרָ֗א	c/7121	HC/Vqw3ms
Ezek 9:3	אֶל	413	HR
Ezek 9:3	הָ/אִישׁ֙	d/376	HTd/Ncmsa
Ezek 9:3	הַ/לָּבֻ֣שׁ	d/3847	HTd/Vqsmsa
Ezek 9:3	הַ/בַּדִּ֔ים	d/906	HTd/Ncmpa
Ezek 9:3	אֲשֶׁ֛ר	834 a	HTr
Ezek 9:3	קֶ֥סֶת	7083	HNcfsc
Ezek 9:3	הַ/סֹּפֵ֖ר	d/5608 b	HTd/Ncmsa
Ezek 9:3	בְּ/מָתְנָֽי/ו	b/4975	HR/Ncmdc/Sp3ms
Ezek 9:4	וַ/יֹּ֤אמֶר	c/559	HC/Vqw3ms
Ezek 9:4	יְהוָה֙	3068	HNp
Ezek 9:4	אל/ו	413	HR/Sp3ms
Ezek 9:4	עֲבֹר֙	5674 a	HVqv2ms
Ezek 9:4	בְּ/ת֣וֹךְ	b/8432	HR/Ncmsc
Ezek 9:4	הָ/עִ֔יר	d/5892 b	HTd/Ncfsa
Ezek 9:4	בְּ/ת֖וֹךְ	b/8432	HR/Ncmsc
Ezek 9:4	יְרֽוּשָׁלִָ֑ם	3389	HNp
Ezek 9:4	וְ/הִתְוִ֨יתָ	c/8427	HC/Vhq2ms
Ezek 9:4	תָּ֜ו	8420	HNcmsa
Ezek 9:4	עַל	5921 a	HR
Ezek 9:4	מִצְח֣וֹת	4696	HNcmpc
Ezek 9:4	הָ/אֲנָשִׁ֗ים	d/376	HTd/Ncmpa
Ezek 9:4	הַ/נֶּֽאֱנָחִים֙	d/584	HTd/VNsmpa
Ezek 9:4	וְ/הַ/נֶּ֣אֱנָקִ֔ים	c/d/602	HC/Td/VNsmpa
Ezek 9:4	עַ֚ל	5921 a	HR
Ezek 9:4	כָּל	3605	HNcmsc
Ezek 9:4	הַ/תּ֣וֹעֵב֔וֹת	d/8441	HTd/Ncfpa
Ezek 9:4	הַֽ/נַּעֲשׂ֖וֹת	d/6213 a	HTd/VNsfpa
Ezek 9:4	בְּ/תוֹכָֽ/הּ	b/8432	HR/Ncmsc/Sp3fs
Ezek 9:5	וּ/לְ/אֵ֨לֶּה֙	c/l/428	HC/R/Pdxcp
Ezek 9:5	אָמַ֣ר	559	HVqp3ms
Ezek 9:5	בְּ/אָזְנַ֔/י	b/241	HR/Ncfdc/Sp1cs
Ezek 9:5	עִבְר֥וּ	5674 a	HVqv2mp
Ezek 9:5	בָ/עִ֛יר	b/5892 b	HRd/Ncfsa
Ezek 9:5	אַחֲרָ֖י/ו	310 a	HR/Sp3ms
Ezek 9:5	וְ/הַכּ֑וּ	c/5221	HC/Vhv2mp
Ezek 9:5	על	5921 a	HR
Ezek 9:5	תָּחֹ֥ס	2347	HVqj3fs
Ezek 9:5	עיני/כם	5869 a	HNcbdc/Sp2mp
Ezek 9:5	וְ/אַל	c/408	HC/Tn
Ezek 9:5	תַּחְמֹֽלוּ	2550	HVqj2mp
Ezek 9:6	זָקֵ֡ן	2205	HAamsa
Ezek 9:6	בָּח֣וּר	970	HNcmsa
Ezek 9:6	וּ/בְתוּלָה֩	c/1330	HC/Ncfsa
Ezek 9:6	וְ/טַ֨ף	c/2945	HC/Ncmsa
Ezek 9:6	וְ/נָשִׁ֜ים	c/802	HC/Ncfpa
Ezek 9:6	תַּהַרְג֣וּ	2026	HVqi2mp
Ezek 9:6	לְ/מַשְׁחִ֗ית	l/4889	HR/Ncmsa
Ezek 9:6	וְ/עַל	c/5921 a	HC/R
Ezek 9:6	כָּל	3605	HNcmsc
Ezek 9:6	אִ֨ישׁ	376	HNcmsa
Ezek 9:6	אֲשֶׁר	834 a	HTr
Ezek 9:6	עָלָ֤י/ו	5921 a	HR/Sp3ms
Ezek 9:6	הַ/תָּו֙	d/8420	HTd/Ncmsa
Ezek 9:6	אַל	408	HTn
Ezek 9:6	תִּגַּ֔שׁוּ	5066	HVqj2mp
Ezek 9:6	וּ/מִ/מִּקְדָּשִׁ֖/י	c/m/4720	HC/R/Ncmsc/Sp1cs
Ezek 9:6	תָּחֵ֑לּוּ	2490 c	HVhi2mp
Ezek 9:6	וַ/יָּחֵ֨לּוּ֙	c/2490 c	HC/Vhw3mp
Ezek 9:6	בָּ/אֲנָשִׁ֣ים	b/376	HRd/Ncmpa
Ezek 9:6	הַ/זְּקֵנִ֔ים	d/2205	HTd/Aampa
Ezek 9:6	אֲשֶׁ֖ר	834 a	HTr
Ezek 9:6	לִ/פְנֵ֥י	l/6440	HR/Ncbpc
Ezek 9:6	הַ/בָּֽיִת	d/1004 b	HTd/Ncmsa
Ezek 9:7	וַ/יֹּ֨אמֶר	c/559	HC/Vqw3ms
Ezek 9:7	אֲלֵי/הֶ֜ם	413	HR/Sp3mp
Ezek 9:7	טַמְּא֣וּ	2930 a	HVpv2mp
Ezek 9:7	אֶת	853	HTo
Ezek 9:7	הַ/בַּ֗יִת	d/1004 b	HTd/Ncmsa
Ezek 9:7	וּ/מַלְא֧וּ	c/4390	HC/Vpv2mp
Ezek 9:7	אֶת	853	HTo
Ezek 9:7	הַ/חֲצֵר֛וֹת	d/2691 a	HTd/Ncbpa
Ezek 9:7	חֲלָלִ֖ים	2491 a	HAampa
Ezek 9:7	צֵ֑אוּ	3318	HVqv2mp
Ezek 9:7	וְ/יָצְא֖וּ	c/3318	HC/Vqp3cp
Ezek 9:7	וְ/הִכּ֥וּ	c/5221	HC/Vhp3cp
Ezek 9:7	בָ/עִֽיר	b/5892 b	HRd/Ncfsa
Ezek 9:8	וַֽ/יְהִי֙	c/1961	HC/Vqw3ms
Ezek 9:8	כְּ/הַכּוֹתָ֔/ם	k/5221	HR/Vhc/Sp3mp
Ezek 9:8	וְ/נֵֽאשֲׁאַ֖ר	c/7604	HC/VNsmsa
Ezek 9:8	אָ֑נִי	589	HPp1cs
Ezek 9:8	וָ/אֶפְּלָ֨/ה	c/5307	HC/Vqw1cs/Sh
Ezek 9:8	עַל	5921 a	HR
Ezek 9:8	פָּנַ֜/י	6440	HNcbpc/Sp1cs
Ezek 9:8	וָ/אֶזְעַ֗ק	c/2199	HC/Vqw1cs
Ezek 9:8	וָֽ/אֹמַר֙	c/559	HC/Vqw1cs
Ezek 9:8	אֲהָהּ֙	162	HTj
Ezek 9:8	אֲדֹנָ֣/י	136	HNcmpc/Sp1cs
Ezek 9:8	יְהוִ֔ה	3069	HNp
Ezek 9:8	הֲ/מַשְׁחִ֣ית	i/7843	HTi/Vhrmsa
Ezek 9:8	אַתָּ֗ה	859 a	HPp2ms
Ezek 9:8	אֵ֚ת	853	HTo
Ezek 9:8	כָּל	3605	HNcmsc
Ezek 9:8	שְׁאֵרִ֣ית	7611	HNcfsc
Ezek 9:8	יִשְׂרָאֵ֔ל	3478	HNp
Ezek 9:8	בְּ/שָׁפְכְּ/ךָ֥	b/8210	HR/Vqc/Sp2ms
Ezek 9:8	אֶת	853	HTo
Ezek 9:8	חֲמָתְ/ךָ֖	2534	HNcfsc/Sp2ms
Ezek 9:8	עַל	5921 a	HR
Ezek 9:8	יְרוּשָׁלִָֽם	3389	HNp
Ezek 9:9	וַ/יֹּ֣אמֶר	c/559	HC/Vqw3ms
Ezek 9:9	אֵלַ֗/י	413	HR/Sp1cs
Ezek 9:9	עֲוֺ֨ן	5771	HNcbsc
Ezek 9:9	בֵּֽית	1004 b	HNcmsc
Ezek 9:9	יִשְׂרָאֵ֤ל	3478	HNp
Ezek 9:9	וִֽ/יהוּדָה֙	c/3063	HC/Np
Ezek 9:9	גָּדוֹל֙	1419 a	HAamsa
Ezek 9:9	בִּ/מְאֹ֣ד	b/3966	HR/D
Ezek 9:9	מְאֹ֔ד	3966	HD
Ezek 9:9	וַ/תִּמָּלֵ֤א	c/4390	HC/VNw3fs
Ezek 9:9	הָ/אָ֨רֶץ֙	d/776	HTd/Ncbsa
Ezek 9:9	דָּמִ֔ים	1818	HNcmpa
Ezek 9:9	וְ/הָ/עִ֖יר	c/d/5892 b	HC/Td/Ncfsa
Ezek 9:9	מָלְאָ֣ה	4390	HVqp3fs
Ezek 9:9	מֻטֶּ֑ה	4297	HNcmsa
Ezek 9:9	כִּ֣י	3588 a	HC
Ezek 9:9	אָמְר֗וּ	559	HVqp3cp
Ezek 9:9	עָזַ֤ב	5800 a	HVqp3ms
Ezek 9:9	יְהוָה֙	3068	HNp
Ezek 9:9	אֶת	853	HTo
Ezek 9:9	הָ/אָ֔רֶץ	d/776	HTd/Ncbsa
Ezek 9:9	וְ/אֵ֥ין	c/369	HC/Tn
Ezek 9:9	יְהוָ֖ה	3068	HNp
Ezek 9:9	רֹאֶֽה	7200	HVqrmsa
Ezek 9:10	וְ/גַ֨ם	c/1571	HC/Ta
Ezek 9:10	אֲנִ֔י	589	HPp1cs
Ezek 9:10	לֹא	3808	HTn
Ezek 9:10	תָח֥וֹס	2347	HVqi3fs
Ezek 9:10	עֵינִ֖/י	5869 a	HNcbsc/Sp1cs
Ezek 9:10	וְ/לֹ֣א	c/3808	HC/Tn
Ezek 9:10	אֶחְמֹ֑ל	2550	HVqi1cs
Ezek 9:10	דַּרְכָּ֖/ם	1870	HNcbsc/Sp3mp
Ezek 9:10	בְּ/רֹאשָׁ֥/ם	b/7218 a	HR/Ncmsc/Sp3mp
Ezek 9:10	נָתָֽתִּי	5414	HVqp1cs
Ezek 9:11	וְ/הִנֵּ֞ה	c/2009	HC/Tm
Ezek 9:11	הָ/אִ֣ישׁ	d/376	HTd/Ncmsa
Ezek 9:11	לְבֻ֣שׁ	3830	HVqsmsc
Ezek 9:11	הַ/בַּדִּ֗ים	d/906	HTd/Ncmpa
Ezek 9:11	אֲשֶׁ֤ר	834 a	HTr
Ezek 9:11	הַ/קֶּ֨סֶת֙	d/7083	HTd/Ncfsa
Ezek 9:11	בְּ/מָתְנָ֔י/ו	b/4975	HR/Ncmdc/Sp3ms
Ezek 9:11	מֵשִׁ֥יב	7725	HVhrmsa
Ezek 9:11	דָּבָ֖ר	1697	HNcmsa
Ezek 9:11	לֵ/אמֹ֑ר	l/559	HR/Vqc
Ezek 9:11	עָשִׂ֕יתִי	6213 a	HVqp1cs
Ezek 9:11	כ/אשר	k/834 d	HR/Tr
Ezek 9:11	צִוִּיתָֽ/נִי	6680	HVpp2ms/Sp1cs
Ezek 10:1	וָ/אֶרְאֶ֗ה	c/7200	HC/Vqw1cs
Ezek 10:1	וְ/הִנֵּ֤ה	c/2009	HC/Tm
Ezek 10:1	אֶל	413	HR
Ezek 10:1	הָ/רָקִ֨יעַ֙	d/7549	HTd/Ncmsa
Ezek 10:1	אֲשֶׁר֙	834 a	HTr
Ezek 10:1	עַל	5921 a	HR
Ezek 10:1	רֹ֣אשׁ	7218 a	HNcmsc
Ezek 10:1	הַ/כְּרֻבִ֔ים	d/3742	HTd/Ncmpa
Ezek 10:1	כְּ/אֶ֣בֶן	k/68	HR/Ncfsc
Ezek 10:1	סַפִּ֔יר	5601	HNcmsa
Ezek 10:1	כְּ/מַרְאֵ֖ה	k/4758	HR/Ncmsc
Ezek 10:1	דְּמ֣וּת	1823	HNcfsc
Ezek 10:1	כִּסֵּ֑א	3678	HNcmsa
Ezek 10:1	נִרְאָ֖ה	7200	HVNp3ms
Ezek 10:1	עֲלֵי/הֶֽם	5921 a	HR/Sp3mp
Ezek 10:2	וַ/יֹּ֜אמֶר	c/559	HC/Vqw3ms
Ezek 10:2	אֶל	413	HR
Ezek 10:2	הָ/אִ֣ישׁ	d/376	HTd/Ncmsa
Ezek 10:2	לְבֻ֣שׁ	3847	HVqsmsa
Ezek 10:2	הַ/בַּדִּ֗ים	d/906	HTd/Ncmpa
Ezek 10:2	וַ/יֹּ֡אמֶר	c/559	HC/Vqw3ms
Ezek 10:2	בֹּא֩	935	HVqv2ms
Ezek 10:2	אֶל	413	HR
Ezek 10:2	בֵּינ֨וֹת	996	HR
Ezek 10:2	לַ/גַּלְגַּ֜ל	l/1534	HRd/Ncmsa
Ezek 10:2	אֶל	413	HR
Ezek 10:2	תַּ֣חַת	8478	HR
Ezek 10:2	לַ/כְּר֗וּב	l/3742	HRd/Ncmsa
Ezek 10:2	וּ/מַלֵּ֨א	c/4390	HC/Vpv2ms
Ezek 10:2	חָפְנֶ֤י/ךָ	2651	HNcmdc/Sp2ms
Ezek 10:2	גַֽחֲלֵי	1513	HNcbpc
Ezek 10:2	אֵשׁ֙	784	HNcbsa
Ezek 10:2	מִ/בֵּינ֣וֹת	m/996	HR/R
Ezek 10:2	לַ/כְּרֻבִ֔ים	l/3742	HRd/Ncmpa
Ezek 10:2	וּ/זְרֹ֖ק	c/2236	HC/Vqv2ms
Ezek 10:2	עַל	5921 a	HR
Ezek 10:2	הָ/עִ֑יר	d/5892 b	HTd/Ncfsa
Ezek 10:2	וַ/יָּבֹ֖א	c/935	HC/Vqw3ms
Ezek 10:2	לְ/עֵינָֽ/י	l/5869 a	HR/Ncbdc/Sp1cs
Ezek 10:3	וְ/הַ/כְּרֻבִ֗ים	c/d/3742	HC/Td/Ncmpa
Ezek 10:3	עֹֽמְדִ֛ים	5975	HVqrmpa
Ezek 10:3	מִ/ימִ֥ין	m/3225	HR/Ncfsc
Ezek 10:3	לַ/בַּ֖יִת	l/1004 b	HRd/Ncmsa
Ezek 10:3	בְּ/בֹא֣/וֹ	b/935	HR/Vqc/Sp3ms
Ezek 10:3	הָ/אִ֑ישׁ	d/376	HTd/Ncmsa
Ezek 10:3	וְ/הֶ/עָנָ֣ן	c/d/6051	HC/Td/Ncmsa
Ezek 10:3	מָלֵ֔א	4390	HVqp3ms
Ezek 10:3	אֶת	853	HTo
Ezek 10:3	הֶ/חָצֵ֖ר	d/2691 a	HTd/Ncbsa
Ezek 10:3	הַ/פְּנִימִֽית	d/6442	HTd/Aafsa
Ezek 10:4	וַ/יָּ֤רָם	c/7311 a	HC/Vqw3ms
Ezek 10:4	כְּבוֹד	3519	HNcbsc
Ezek 10:4	יְהוָה֙	3068	HNp
Ezek 10:4	מֵ/עַ֣ל	m/5921 a	HR/R
Ezek 10:4	הַ/כְּר֔וּב	d/3742	HTd/Ncmsa
Ezek 10:4	עַ֖ל	5921 a	HR
Ezek 10:4	מִפְתַּ֣ן	4670	HNcmsc
Ezek 10:4	הַ/בָּ֑יִת	d/1004 b	HTd/Ncmsa
Ezek 10:4	וַ/יִּמָּלֵ֤א	c/4390	HC/VNw3ms
Ezek 10:4	הַ/בַּ֨יִת֙	d/1004 b	HTd/Ncmsa
Ezek 10:4	אֶת	853	HTo
Ezek 10:4	הֶ֣/עָנָ֔ן	d/6051	HTd/Ncmsa
Ezek 10:4	וְ/הֶֽ/חָצֵר֙	c/d/2691 a	HC/Td/Ncbsa
Ezek 10:4	מָֽלְאָ֔ה	4390	HVqp3fs
Ezek 10:4	אֶת	853	HTo
Ezek 10:4	נֹ֖גַהּ	5051	HNcfsc
Ezek 10:4	כְּב֥וֹד	3519	HNcbsc
Ezek 10:4	יְהוָֽה	3068	HNp
Ezek 10:5	וְ/קוֹל֙	c/6963 a	HC/Ncmsc
Ezek 10:5	כַּנְפֵ֣י	3671	HNcfdc
Ezek 10:5	הַ/כְּרוּבִ֔ים	d/3742	HTd/Ncmpa
Ezek 10:5	נִשְׁמַ֕ע	8085	HVNp3ms
Ezek 10:5	עַד	5704	HR
Ezek 10:5	הֶ/חָצֵ֖ר	d/2691 a	HTd/Ncbsa
Ezek 10:5	הַ/חִיצֹנָ֑ה	d/2435	HTd/Aafsa
Ezek 10:5	כְּ/ק֥וֹל	k/6963 a	HR/Ncmsc
Ezek 10:5	אֵל	410	HNcmsc
Ezek 10:5	שַׁדַּ֖י	7706	HNp
Ezek 10:5	בְּ/דַבְּרֽ/וֹ	b/1696	HR/Vpc/Sp3ms
Ezek 10:6	וַ/יְהִ֗י	c/1961	HC/Vqw3ms
Ezek 10:6	בְּ/צַוֺּת/וֹ֙	b/6680	HR/Vpc/Sp3ms
Ezek 10:6	אֶת	853	HTo
Ezek 10:6	הָ/אִ֤ישׁ	d/376	HTd/Ncmsa
Ezek 10:6	לְבֻֽשׁ	3847	HVqsmsc
Ezek 10:6	הַ/בַּדִּים֙	d/906	HTd/Ncmpa
Ezek 10:6	לֵ/אמֹ֔ר	l/559	HR/Vqc
Ezek 10:6	קַ֥ח	3947	HVqv2ms
Ezek 10:6	אֵשׁ֙	784	HNcbsa
Ezek 10:6	מִ/בֵּינ֣וֹת	m/996	HR/R
Ezek 10:6	לַ/גַּלְגַּ֔ל	l/1534	HRd/Ncmsa
Ezek 10:6	מִ/בֵּינ֖וֹת	m/996	HR/R
Ezek 10:6	לַ/כְּרוּבִ֑ים	l/3742	HRd/Ncmpa
Ezek 10:6	וַ/יָּבֹא֙	c/935	HC/Vqw3ms
Ezek 10:6	וַֽ/יַּעֲמֹ֔ד	c/5975	HC/Vqw3ms
Ezek 10:6	אֵ֖צֶל	681	HR
Ezek 10:6	הָ/אוֹפָֽן	d/212	HTd/Ncmsa
Ezek 10:7	וַ/יִּשְׁלַח֩	c/7971	HC/Vqw3ms
Ezek 10:7	הַ/כְּר֨וּב	d/3742	HTd/Ncmsa
Ezek 10:7	אֶת	853	HTo
Ezek 10:7	יָד֜/וֹ	3027	HNcbsc/Sp3ms
Ezek 10:7	מִ/בֵּינ֣וֹת	m/996	HR/R
Ezek 10:7	לַ/כְּרוּבִ֗ים	l/3742	HRd/Ncmpa
Ezek 10:7	אֶל	413	HR
Ezek 10:7	הָ/אֵשׁ֙	d/784	HTd/Ncbsa
Ezek 10:7	אֲשֶׁר֙	834 a	HTr
Ezek 10:7	בֵּינ֣וֹת	996	HR
Ezek 10:7	הַ/כְּרֻבִ֔ים	d/3742	HTd/Ncmpa
Ezek 10:7	וַ/יִּשָּׂא֙	c/5375	HC/Vqw3ms
Ezek 10:7	וַ/יִּתֵּ֔ן	c/5414	HC/Vqw3ms
Ezek 10:7	אֶל	413	HR
Ezek 10:7	חָפְנֵ֖י	2651	HNcmdc
Ezek 10:7	לְבֻ֣שׁ	3847	HVqsmsc
Ezek 10:7	הַ/בַּדִּ֑ים	d/906	HTd/Ncmpa
Ezek 10:7	וַ/יִּקַּ֖ח	c/3947	HC/Vqw3ms
Ezek 10:7	וַ/יֵּצֵֽא	c/3318	HC/Vqw3ms
Ezek 10:8	וַ/יֵּרָ֖א	c/7200	HC/VNw3ms
Ezek 10:8	לַ/כְּרֻבִ֑ים	l/3742	HRd/Ncmpa
Ezek 10:8	תַּבְנִית֙	8403	HNcfsc
Ezek 10:8	יַד	3027	HNcbsc
Ezek 10:8	אָדָ֔ם	120	HNcmsa
Ezek 10:8	תַּ֖חַת	8478	HR
Ezek 10:8	כַּנְפֵי/הֶֽם	3671	HNcfdc/Sp3mp
Ezek 10:9	וָ/אֶרְאֶ֗ה	c/7200	HC/Vqw1cs
Ezek 10:9	וְ/הִנֵּ֨ה	c/2009	HC/Tm
Ezek 10:9	אַרְבָּעָ֣ה	702	HAcmsa
Ezek 10:9	אוֹפַנִּים֮	212	HNcmpa
Ezek 10:9	אֵ֣צֶל	681	HR
Ezek 10:9	הַ/כְּרוּבִים֒	d/3742	HTd/Ncmpa
Ezek 10:9	אוֹפַ֣ן	212	HNcmsa
Ezek 10:9	אֶחָ֗ד	259	HAcmsa
Ezek 10:9	אֵ֚צֶל	681	HR
Ezek 10:9	הַ/כְּר֣וּב	d/3742	HTd/Ncmsa
Ezek 10:9	אֶחָ֔ד	259	HAcmsa
Ezek 10:9	וְ/אוֹפַ֣ן	c/212	HC/Ncmsa
Ezek 10:9	אֶחָ֔ד	259	HAcmsa
Ezek 10:9	אֵ֖צֶל	681	HR
Ezek 10:9	הַ/כְּר֣וּב	d/3742	HTd/Ncmsa
Ezek 10:9	אֶחָ֑ד	259	HAcmsa
Ezek 10:9	וּ/מַרְאֵה֙	c/4758	HC/Ncmsc
Ezek 10:9	הָ/א֣וֹפַנִּ֔ים	d/212	HTd/Ncmpa
Ezek 10:9	כְּ/עֵ֖ין	k/5869 a	HR/Ncbsc
Ezek 10:9	אֶ֥בֶן	68	HNcfsc
Ezek 10:9	תַּרְשִֽׁישׁ	8658	HNcmsa
Ezek 10:10	וּ/מַ֨רְאֵי/הֶ֔ם	c/4758	HC/Ncmpc/Sp3mp
Ezek 10:10	דְּמ֥וּת	1823	HNcfsa
Ezek 10:10	אֶחָ֖ד	259	HAcmsa
Ezek 10:10	לְ/אַרְבַּעְתָּ֑/ם	l/702	HR/Acmsc/Sp3mp
Ezek 10:10	כַּ/אֲשֶׁ֛ר	k/834 d	HR/Tr
Ezek 10:10	יִהְיֶ֥ה	1961	HVqi3ms
Ezek 10:10	הָ/אוֹפַ֖ן	d/212	HTd/Ncmsa
Ezek 10:10	בְּ/ת֥וֹךְ	b/8432	HR/Ncmsc
Ezek 10:10	הָ/אוֹפָֽן	d/212	HTd/Ncmsa
Ezek 10:11	בְּ/לֶכְתָּ֗/ם	b/3212	HR/Vqc/Sp3mp
Ezek 10:11	אֶל	413	HR
Ezek 10:11	אַרְבַּ֤עַת	702	HAcmsc
Ezek 10:11	רִבְעֵי/הֶם֙	7253	HNcmpc/Sp3mp
Ezek 10:11	יֵלֵ֔כוּ	3212	HVqi3mp
Ezek 10:11	לֹ֥א	3808	HTn
Ezek 10:11	יִסַּ֖בּוּ	5437	HVNi3mp
Ezek 10:11	בְּ/לֶכְתָּ֑/ם	b/3212	HR/Vqc/Sp3mp
Ezek 10:11	כִּ֣י	3588 a	HC
Ezek 10:11	הַ/מָּק֞וֹם	d/4725	HTd/Ncmsa
Ezek 10:11	אֲשֶׁר	834 a	HTr
Ezek 10:11	יִפְנֶ֤ה	6437	HVqi3ms
Ezek 10:11	הָ/רֹאשׁ֙	d/7218 a	HTd/Ncmsa
Ezek 10:11	אַחֲרָ֣י/ו	310 a	HR/Sp3ms
Ezek 10:11	יֵלֵ֔כוּ	3212	HVqi3mp
Ezek 10:11	לֹ֥א	3808	HTn
Ezek 10:11	יִסַּ֖בּוּ	5437	HVNi3mp
Ezek 10:11	בְּ/לֶכְתָּֽ/ם	b/3212	HR/Vqc/Sp3mp
Ezek 10:12	וְ/כָל	c/3605	HC/Ncmsc
Ezek 10:12	בְּשָׂרָ/ם֙	1320	HNcmsc/Sp3mp
Ezek 10:12	וְ/גַבֵּ/הֶ֔ם	c/1354	HC/Ncbpc/Sp3mp
Ezek 10:12	וִֽ/ידֵי/הֶ֖ם	c/3027	HC/Ncbdc/Sp3mp
Ezek 10:12	וְ/כַנְפֵי/הֶ֑ם	c/3671	HC/Ncfdc/Sp3mp
Ezek 10:12	וְ/הָ/אֽוֹפַנִּ֗ים	c/d/212	HC/Td/Ncmpa
Ezek 10:12	מְלֵאִ֤ים	4392	HAampa
Ezek 10:12	עֵינַ֨יִם֙	5869 a	HNcbda
Ezek 10:12	סָבִ֔יב	5439	HNcbsa
Ezek 10:12	לְ/אַרְבַּעְתָּ֖/ם	l/702	HR/Acmsc/Sp3mp
Ezek 10:12	אוֹפַנֵּי/הֶֽם	212	HNcmpc/Sp3mp
Ezek 10:13	לָ/א֖וֹפַנִּ֑ים	l/212	HRd/Ncmpa
Ezek 10:13	לָ/הֶ֛ם	l	HR/Sp3mp
Ezek 10:13	קוֹרָ֥א	7121	HVPp3ms
Ezek 10:13	הַ/גַּלְגַּ֖ל	d/1534	HTd/Ncmsa
Ezek 10:13	בְּ/אָזְנָֽ/י	b/241	HR/Ncfdc/Sp1cs
Ezek 10:14	וְ/אַרְבָּעָ֥ה	c/702	HC/Acmsa
Ezek 10:14	פָנִ֖ים	6440	HNcbpa
Ezek 10:14	לְ/אֶחָ֑ד	l/259	HR/Acmsa
Ezek 10:14	פְּנֵ֨י	6440	HNcbpc
Ezek 10:14	הָ/אֶחָ֜ד	d/259	HTd/Acmsa
Ezek 10:14	פְּנֵ֣י	6440	HNcbpc
Ezek 10:14	הַ/כְּר֗וּב	d/3742	HTd/Ncmsa
Ezek 10:14	וּ/פְנֵ֤י	c/6440	HC/Ncbpc
Ezek 10:14	הַ/שֵּׁנִי֙	d/8145	HTd/Aomsa
Ezek 10:14	פְּנֵ֣י	6440	HNcbpc
Ezek 10:14	אָדָ֔ם	120	HNcmsa
Ezek 10:14	וְ/הַ/שְּׁלִישִׁי֙	c/d/7992	HC/Td/Aomsa
Ezek 10:14	פְּנֵ֣י	6440	HNcbpc
Ezek 10:14	אַרְיֵ֔ה	738 b	HNcmsa
Ezek 10:14	וְ/הָ/רְבִיעִ֖י	c/d/7243	HC/Td/Aomsa
Ezek 10:14	פְּנֵי	6440	HNcbpc
Ezek 10:14	נָֽשֶׁר	5404	HNcmsa
Ezek 10:15	וַ/יֵּרֹ֖מּוּ	c/7426	HC/VNw3mp
Ezek 10:15	הַ/כְּרוּבִ֑ים	d/3742	HTd/Ncmpa
Ezek 10:15	הִ֣יא	1931	HPp3fs
Ezek 10:15	הַ/חַיָּ֔ה	d/2416 c	HTd/Ncfsa
Ezek 10:15	אֲשֶׁ֥ר	834 a	HTr
Ezek 10:15	רָאִ֖יתִי	7200	HVqp1cs
Ezek 10:15	בִּֽ/נְהַר	b/5104	HR/Ncmsc
Ezek 10:15	כְּבָֽר	3529	HNp
Ezek 10:16	וּ/בְ/לֶ֨כֶת֙	c/b/3212	HC/R/Vqc
Ezek 10:16	הַ/כְּרוּבִ֔ים	d/3742	HTd/Ncmpa
Ezek 10:16	יֵלְכ֥וּ	3212	HVqi3mp
Ezek 10:16	הָ/אוֹפַנִּ֖ים	d/212	HTd/Ncmpa
Ezek 10:16	אֶצְלָ֑/ם	681	HR/Sp3mp
Ezek 10:16	וּ/בִ/שְׂאֵ֨ת	c/b/5375	HC/R/Vqc
Ezek 10:16	הַ/כְּרוּבִ֜ים	d/3742	HTd/Ncmpa
Ezek 10:16	אֶת	853	HTo
Ezek 10:16	כַּנְפֵי/הֶ֗ם	3671	HNcfdc/Sp3mp
Ezek 10:16	לָ/רוּם֙	l/7311 a	HR/Vqc
Ezek 10:16	מֵ/עַ֣ל	m/5921 a	HR/R
Ezek 10:16	הָ/אָ֔רֶץ	d/776	HTd/Ncbsa
Ezek 10:16	לֹא	3808	HTn
Ezek 10:16	יִסַּ֧בּוּ	5437	HVNi3mp
Ezek 10:16	הָ/אוֹפַנִּ֛ים	d/212	HTd/Ncmpa
Ezek 10:16	גַּם	1571	HTa
Ezek 10:16	הֵ֖ם	1992	HPp3mp
Ezek 10:16	מֵ/אֶצְלָֽ/ם	m/681	HR/R/Sp3mp
Ezek 10:17	בְּ/עָמְדָ֣/ם	b/5975	HR/Vqc/Sp3mp
Ezek 10:17	יַעֲמֹ֔דוּ	5975	HVqi3mp
Ezek 10:17	וּ/בְ/רוֹמָ֖/ם	c/b/7311 a	HC/R/Vqc/Sp3mp
Ezek 10:17	יֵר֣וֹמּוּ	7426	HVNi3mp
Ezek 10:17	אוֹתָ֑/ם	853	HTo/Sp3mp
Ezek 10:17	כִּ֛י	3588 a	HC
Ezek 10:17	ר֥וּחַ	7307	HNcbsc
Ezek 10:17	הַ/חַיָּ֖ה	d/2416 c	HTd/Ncfsa
Ezek 10:17	בָּ/הֶֽם	b	HR/Sp3mp
Ezek 10:18	וַ/יֵּצֵא֙	c/3318	HC/Vqw3ms
Ezek 10:18	כְּב֣וֹד	3519	HNcbsc
Ezek 10:18	יְהוָ֔ה	3068	HNp
Ezek 10:18	מֵ/עַ֖ל	m/5921 a	HR/R
Ezek 10:18	מִפְתַּ֣ן	4670	HNcmsc
Ezek 10:18	הַ/בָּ֑יִת	d/1004 b	HTd/Ncmsa
Ezek 10:18	וַֽ/יַּעֲמֹ֖ד	c/5975	HC/Vqw3ms
Ezek 10:18	עַל	5921 a	HR
Ezek 10:18	הַ/כְּרוּבִֽים	d/3742	HTd/Ncmpa
Ezek 10:19	וַ/יִּשְׂא֣וּ	c/5375	HC/Vqw3mp
Ezek 10:19	הַ/כְּרוּבִ֣ים	d/3742	HTd/Ncmpa
Ezek 10:19	אֶת	853	HTo
Ezek 10:19	כַּ֠נְפֵי/הֶם	3671	HNcfdc/Sp3mp
Ezek 10:19	וַ/יֵּר֨וֹמּוּ	c/7426	HC/VNw3mp
Ezek 10:19	מִן	4480 a	HR
Ezek 10:19	הָ/אָ֤רֶץ	d/776	HTd/Ncbsa
Ezek 10:19	לְ/עֵינַ/י֙	l/5869 a	HR/Ncbdc/Sp1cs
Ezek 10:19	בְּ/צֵאתָ֔/ם	b/3318	HR/Vqc/Sp3mp
Ezek 10:19	וְ/הָ/אֽוֹפַנִּ֖ים	c/d/212	HC/Td/Ncmpa
Ezek 10:19	לְ/עֻמָּתָ֑/ם	l/5980	HR/Ncfsc/Sp3mp
Ezek 10:19	וַֽ/יַּעֲמֹ֗ד	c/5975	HC/Vqw3ms
Ezek 10:19	פֶּ֣תַח	6607	HNcmsc
Ezek 10:19	שַׁ֤עַר	8179	HNcmsc
Ezek 10:19	בֵּית	1004 b	HNcmsc
Ezek 10:19	יְהוָה֙	3068	HNp
Ezek 10:19	הַ/קַּדְמוֹנִ֔י	d/6931	HTd/Aamsa
Ezek 10:19	וּ/כְב֧וֹד	c/3519	HC/Ncbsc
Ezek 10:19	אֱלֹהֵֽי	430	HNcmpc
Ezek 10:19	יִשְׂרָאֵ֛ל	3478	HNp
Ezek 10:19	עֲלֵי/הֶ֖ם	5921 a	HR/Sp3mp
Ezek 10:19	מִ/לְ/מָֽעְלָ/ה	m/l/4605	HR/R/D/Sd
Ezek 10:20	הִ֣יא	1931	HPp3fs
Ezek 10:20	הַ/חַיָּ֗ה	d/2416 c	HTd/Ncfsa
Ezek 10:20	אֲשֶׁ֥ר	834 a	HTr
Ezek 10:20	רָאִ֛יתִי	7200	HVqp1cs
Ezek 10:20	תַּ֥חַת	8478	HR
Ezek 10:20	אֱלֹהֵֽי	430	HNcmpc
Ezek 10:20	יִשְׂרָאֵ֖ל	3478	HNp
Ezek 10:20	בִּֽ/נְהַר	b/5104	HR/Ncmsc
Ezek 10:20	כְּבָ֑ר	3529	HNp
Ezek 10:20	וָ/אֵדַ֕ע	c/3045	HC/Vqw1cs
Ezek 10:20	כִּ֥י	3588 a	HC
Ezek 10:20	כְרוּבִ֖ים	3742	HNcmpa
Ezek 10:20	הֵֽמָּה	1992	HPp3mp
Ezek 10:21	אַרְבָּעָ֨ה	702	HAcmsa
Ezek 10:21	אַרְבָּעָ֤ה	702	HAcmsa
Ezek 10:21	פָנִים֙	6440	HNcbpa
Ezek 10:21	לְ/אֶחָ֔ד	l/259	HR/Acmsa
Ezek 10:21	וְ/אַרְבַּ֥ע	c/702	HC/Acfsa
Ezek 10:21	כְּנָפַ֖יִם	3671	HNcfda
Ezek 10:21	לְ/אֶחָ֑ד	l/259	HR/Acmsa
Ezek 10:21	וּ/דְמוּת֙	c/1823	HC/Ncfsc
Ezek 10:21	יְדֵ֣י	3027	HNcbdc
Ezek 10:21	אָדָ֔ם	120	HNcmsa
Ezek 10:21	תַּ֖חַת	8478	HR
Ezek 10:21	כַּנְפֵי/הֶֽם	3671	HNcfdc/Sp3mp
Ezek 10:22	וּ/דְמ֣וּת	c/1823	HC/Ncfsc
Ezek 10:22	פְּנֵי/הֶ֔ם	6440	HNcbpc/Sp3mp
Ezek 10:22	הֵ֣מָּה	1992	HPp3mp
Ezek 10:22	הַ/פָּנִ֗ים	d/6440	HTd/Ncbpa
Ezek 10:22	אֲשֶׁ֤ר	834 a	HTr
Ezek 10:22	רָאִ֨יתִי֙	7200	HVqp1cs
Ezek 10:22	עַל	5921 a	HR
Ezek 10:22	נְהַר	5104	HNcmsc
Ezek 10:22	כְּבָ֔ר	3529	HNp
Ezek 10:22	מַרְאֵי/הֶ֖ם	4758	HNcmsc/Sp3mp
Ezek 10:22	וְ/אוֹתָ֑/ם	c/853	HC/To/Sp3mp
Ezek 10:22	אִ֛ישׁ	376	HNcmsa
Ezek 10:22	אֶל	413	HR
Ezek 10:22	עֵ֥בֶר	5676	HNcmsc
Ezek 10:22	פָּנָ֖י/ו	6440	HNcbpc/Sp3ms
Ezek 10:22	יֵלֵֽכוּ	3212	HVqi3mp
Ezek 11:1	וַ/תִּשָּׂ֨א	c/5375	HC/Vqw3fs
Ezek 11:1	אֹתִ֜/י	853	HTo/Sp1cs
Ezek 11:1	ר֗וּחַ	7307	HNcbsa
Ezek 11:1	וַ/תָּבֵ֣א	c/935	HC/Vhw3fs
Ezek 11:1	אֹ֠תִ/י	853	HTo/Sp1cs
Ezek 11:1	אֶל	413	HR
Ezek 11:1	שַׁ֨עַר	8179	HNcmsc
Ezek 11:1	בֵּית	1004 b	HNcmsc
Ezek 11:1	יְהוָ֤ה	3068	HNp
Ezek 11:1	הַ/קַּדְמוֹנִי֙	d/6931	HTd/Aamsa
Ezek 11:1	הַ/פּוֹנֶ֣ה	d/6437	HTd/Vqrmsa
Ezek 11:1	קָדִ֔ימָ/ה	6921	HNcmsa/Sd
Ezek 11:1	וְ/הִנֵּה֙	c/2009	HC/Tm
Ezek 11:1	בְּ/פֶ֣תַח	b/6607	HR/Ncmsc
Ezek 11:1	הַ/שַּׁ֔עַר	d/8179	HTd/Ncmsa
Ezek 11:1	עֶשְׂרִ֥ים	6242	HAcbpa
Ezek 11:1	וַ/חֲמִשָּׁ֖ה	c/2568	HC/Acmsa
Ezek 11:1	אִ֑ישׁ	376	HNcmsa
Ezek 11:1	וָ/אֶרְאֶ֨ה	c/7200	HC/Vqw1cs
Ezek 11:1	בְ/תוֹכָ֜/ם	b/8432	HR/Ncmsc/Sp3mp
Ezek 11:1	אֶת	853	HTo
Ezek 11:1	יַאֲזַנְיָ֧ה	2970	HNp
Ezek 11:1	בֶן	1121 a	HNcmsc
Ezek 11:1	עַזֻּ֛ר	5809	HNp
Ezek 11:1	וְ/אֶת	c/853	HC/To
Ezek 11:1	פְּלַטְיָ֥הוּ	6410	HNp
Ezek 11:1	בֶן	1121 a	HNcmsc
Ezek 11:1	בְּנָיָ֖הוּ	1141	HNp
Ezek 11:1	שָׂרֵ֖י	8269	HNcmpc
Ezek 11:1	הָ/עָֽם	d/5971 a	HTd/Ncmsa
Ezek 11:2	וַ/יֹּ֖אמֶר	c/559	HC/Vqw3ms
Ezek 11:2	אֵלָ֑/י	413	HR/Sp1cs
Ezek 11:2	בֶּן	1121 a	HNcmsc
Ezek 11:2	אָדָ֕ם	120	HNcmsa
Ezek 11:2	אֵ֣לֶּה	428	HPdxcp
Ezek 11:2	הָ/אֲנָשִׁ֞ים	d/376	HTd/Ncmpa
Ezek 11:2	הַ/חֹשְׁבִ֥ים	d/2803	HTd/Vqrmpa
Ezek 11:2	אָ֛וֶן	205	HNcmsa
Ezek 11:2	וְ/הַ/יֹּעֲצִ֥ים	c/d/3289	HC/Td/Vqrmpa
Ezek 11:2	עֲצַת	6098	HNcfsc
Ezek 11:2	רָ֖ע	7451 b	HAamsa
Ezek 11:2	בָּ/עִ֥יר	b/5892 b	HRd/Ncfsa
Ezek 11:2	הַ/זֹּֽאת	d/2063	HTd/Pdxfs
Ezek 11:3	הָ/אֹ֣מְרִ֔ים	d/559	HTd/Vqrmpa
Ezek 11:3	לֹ֥א	3808	HTn
Ezek 11:3	בְ/קָר֖וֹב	b/7138	HR/Aamsa
Ezek 11:3	בְּנ֣וֹת	1129	HVqc
Ezek 11:3	בָּתִּ֑ים	1004 b	HNcmpa
Ezek 11:3	הִ֣יא	1931	HPp3fs
Ezek 11:3	הַ/סִּ֔יר	d/5518 a	HTd/Ncbsa
Ezek 11:3	וַ/אֲנַ֖חְנוּ	c/587	HC/Pp1cp
Ezek 11:3	הַ/בָּשָֽׂר	d/1320	HTd/Ncmsa
Ezek 11:4	לָ/כֵ֖ן	l/3651 c	HR/D
Ezek 11:4	הִנָּבֵ֣א	5012	HVNv2ms
Ezek 11:4	עֲלֵי/הֶ֑ם	5921 a	HR/Sp3mp
Ezek 11:4	הִנָּבֵ֖א	5012	HVNv2ms
Ezek 11:4	בֶּן	1121 a	HNcmsc
Ezek 11:4	אָדָֽם	120	HNcmsa
Ezek 11:5	וַ/תִּפֹּ֣ל	c/5307	HC/Vqw3fs
Ezek 11:5	עָלַ/י֮	5921 a	HR/Sp1cs
Ezek 11:5	ר֣וּחַ	7307	HNcbsc
Ezek 11:5	יְהוָה֒	3068	HNp
Ezek 11:5	וַ/יֹּ֣אמֶר	c/559	HC/Vqw3ms
Ezek 11:5	אֵלַ֗/י	413	HR/Sp1cs
Ezek 11:5	אֱמֹר֙	559	HVqv2ms
Ezek 11:5	כֹּה	3541	HD
Ezek 11:5	אָמַ֣ר	559	HVqp3ms
Ezek 11:5	יְהוָ֔ה	3068	HNp
Ezek 11:5	כֵּ֥ן	3651 c	HTm
Ezek 11:5	אֲמַרְתֶּ֖ם	559	HVqp2mp
Ezek 11:5	בֵּ֣ית	1004 b	HNcmsc
Ezek 11:5	יִשְׂרָאֵ֑ל	3478	HNp
Ezek 11:5	וּ/מַעֲל֥וֹת	c/4609 a	HC/Ncfpc
Ezek 11:5	רֽוּחֲ/כֶ֖ם	7307	HNcbsc/Sp2mp
Ezek 11:5	אֲנִ֥י	589	HPp1cs
Ezek 11:5	יְדַעְתִּֽי/הָ	3045	HVqp1cs/Sp3fs
Ezek 11:6	הִרְבֵּיתֶ֥ם	7235 a	HVhp2mp
Ezek 11:6	חַלְלֵי/כֶ֖ם	2491 a	HAampc/Sp2mp
Ezek 11:6	בָּ/עִ֣יר	b/5892 b	HRd/Ncfsa
Ezek 11:6	הַ/זֹּ֑את	d/2063	HTd/Pdxfs
Ezek 11:6	וּ/מִלֵּאתֶ֥ם	c/4390	HC/Vpp2mp
Ezek 11:6	חוּצֹתֶ֖י/הָ	2351	HNcmpc/Sp3fs
Ezek 11:6	חָלָֽל	2491 a	HAamsa
Ezek 11:7	לָ/כֵ֗ן	l/3651 c	HR/D
Ezek 11:7	כֹּֽה	3541	HD
Ezek 11:7	אָמַר֮	559	HVqp3ms
Ezek 11:7	אֲדֹנָ֣/י	136	HNcmpc/Sp1cs
Ezek 11:7	יְהוִה֒	3069	HNp
Ezek 11:7	חַלְלֵי/כֶם֙	2491 a	HAampc/Sp2mp
Ezek 11:7	אֲשֶׁ֣ר	834 a	HTr
Ezek 11:7	שַׂמְתֶּ֣ם	7760 a	HVqp2mp
Ezek 11:7	בְּ/תוֹכָ֔/הּ	b/8432	HR/Ncmsc/Sp3fs
Ezek 11:7	הֵ֥מָּה	1992	HPp3mp
Ezek 11:7	הַ/בָּשָׂ֖ר	d/1320	HTd/Ncmsa
Ezek 11:7	וְ/הִ֣יא	c/1931	HC/Pp3fs
Ezek 11:7	הַ/סִּ֑יר	d/5518 a	HTd/Ncbsa
Ezek 11:7	וְ/אֶתְ/כֶ֖ם	c/853	HC/To/Sp2mp
Ezek 11:7	הוֹצִ֥יא	3318	HVhp3ms
Ezek 11:7	מִ/תּוֹכָֽ/הּ	m/8432	HR/Ncmsc/Sp3fs
Ezek 11:8	חֶ֖רֶב	2719	HNcfsa
Ezek 11:8	יְרֵאתֶ֑ם	3372	HVqp2mp
Ezek 11:8	וְ/חֶ֨רֶב֙	c/2719	HC/Ncfsa
Ezek 11:8	אָבִ֣יא	935	HVhi1cs
Ezek 11:8	עֲלֵי/כֶ֔ם	5921 a	HR/Sp2mp
Ezek 11:8	נְאֻ֖ם	5002	HNcmsc
Ezek 11:8	אֲדֹנָ֥/י	136	HNcmpc/Sp1cs
Ezek 11:8	יְהוִֽה	3069	HNp
Ezek 11:9	וְ/הוֹצֵאתִ֤י	c/3318	HC/Vhq1cs
Ezek 11:9	אֶתְ/כֶם֙	853	HTo/Sp2mp
Ezek 11:9	מִ/תּוֹכָ֔/הּ	m/8432	HR/Ncmsc/Sp3fs
Ezek 11:9	וְ/נָתַתִּ֥י	c/5414	HC/Vqq1cs
Ezek 11:9	אֶתְ/כֶ֖ם	853	HTo/Sp2mp
Ezek 11:9	בְּ/יַד	b/3027	HR/Ncbsc
Ezek 11:9	זָרִ֑ים	2114 a	HAampa
Ezek 11:9	וְ/עָשִׂ֛יתִי	c/6213 a	HC/Vqq1cs
Ezek 11:9	בָ/כֶ֖ם	b	HR/Sp2mp
Ezek 11:9	שְׁפָטִֽים	8201	HNcmpa
Ezek 11:10	בַּ/חֶ֣רֶב	b/2719	HRd/Ncfsa
Ezek 11:10	תִּפֹּ֔לוּ	5307	HVqi2mp
Ezek 11:10	עַל	5921 a	HR
Ezek 11:10	גְּב֥וּל	1366	HNcmsc
Ezek 11:10	יִשְׂרָאֵ֖ל	3478	HNp
Ezek 11:10	אֶשְׁפּ֣וֹט	8199	HVqi1cs
Ezek 11:10	אֶתְ/כֶ֑ם	853	HTo/Sp2mp
Ezek 11:10	וִֽ/ידַעְתֶּ֖ם	c/3045	HC/Vqq2mp
Ezek 11:10	כִּֽי	3588 a	HC
Ezek 11:10	אֲנִ֥י	589	HPp1cs
Ezek 11:10	יְהוָֽה	3068	HNp
Ezek 11:11	הִ֗יא	1931	HPp3fs
Ezek 11:11	לֹֽא	3808	HTn
Ezek 11:11	תִהְיֶ֤ה	1961	HVqi3fs
Ezek 11:11	לָ/כֶם֙	l	HR/Sp2mp
Ezek 11:11	לְ/סִ֔יר	l/5518 a	HR/Ncbsa
Ezek 11:11	וְ/אַתֶּ֛ם	c/859 d	HC/Pp2mp
Ezek 11:11	תִּהְי֥וּ	1961	HVqi2mp
Ezek 11:11	בְ/תוֹכָ֖/הּ	b/8432	HR/Ncmsc/Sp3fs
Ezek 11:11	לְ/בָשָׂ֑ר	l/1320	HR/Ncmsa
Ezek 11:11	אֶל	413	HR
Ezek 11:11	גְּב֥וּל	1366	HNcmsc
Ezek 11:11	יִשְׂרָאֵ֖ל	3478	HNp
Ezek 11:11	אֶשְׁפֹּ֥ט	8199	HVqi1cs
Ezek 11:11	אֶתְ/כֶֽם	853	HTo/Sp2mp
Ezek 11:12	וִֽ/ידַעְתֶּם֙	c/3045	HC/Vqq2mp
Ezek 11:12	כִּֽי	3588 a	HC
Ezek 11:12	אֲנִ֣י	589	HPp1cs
Ezek 11:12	יְהוָ֔ה	3068	HNp
Ezek 11:12	אֲשֶׁ֤ר	834 a	HTr
Ezek 11:12	בְּ/חֻקַּ/י֙	b/2706	HR/Ncmpc/Sp1cs
Ezek 11:12	לֹ֣א	3808	HTn
Ezek 11:12	הֲלַכְתֶּ֔ם	1980	HVqp2mp
Ezek 11:12	וּ/מִשְׁפָּטַ֖/י	c/4941	HC/Ncmpc/Sp1cs
Ezek 11:12	לֹ֣א	3808	HTn
Ezek 11:12	עֲשִׂיתֶ֑ם	6213 a	HVqp2mp
Ezek 11:12	וּֽ/כְ/מִשְׁפְּטֵ֧י	c/k/4941	HC/R/Ncmpc
Ezek 11:12	הַ/גּוֹיִ֛ם	d/1471 a	HTd/Ncmpa
Ezek 11:12	אֲשֶׁ֥ר	834 a	HTr
Ezek 11:12	סְבִיבוֹתֵי/כֶ֖ם	5439	HNcbpc/Sp2mp
Ezek 11:12	עֲשִׂיתֶֽם	6213 a	HVqp2mp
Ezek 11:13	וַֽ/יְהִי֙	c/1961	HC/Vqw3ms
Ezek 11:13	כְּ/הִנָּ֣בְאִ֔/י	k/5012	HR/VNc/Sp1cs
Ezek 11:13	וּ/פְלַטְיָ֥הוּ	c/6410	HC/Np
Ezek 11:13	בֶן	1121 a	HNcmsc
Ezek 11:13	בְּנָיָ֖ה	1141	HNp
Ezek 11:13	מֵ֑ת	4191	HVqp3ms
Ezek 11:13	וָ/אֶפֹּ֨ל	c/5307	HC/Vqw1cs
Ezek 11:13	עַל	5921 a	HR
Ezek 11:13	פָּנַ֜/י	6440	HNcbpc/Sp1cs
Ezek 11:13	וָ/אֶזְעַ֣ק	c/2199	HC/Vqw1cs
Ezek 11:13	קוֹל	6963 a	HNcmsa
Ezek 11:13	גָּד֗וֹל	1419 a	HAamsa
Ezek 11:13	וָ/אֹמַר֙	c/559	HC/Vqw1cs
Ezek 11:13	אֲהָהּ֙	162	HTj
Ezek 11:13	אֲדֹנָ֣/י	136	HNcmpc/Sp1cs
Ezek 11:13	יְהוִ֔ה	3069	HNp
Ezek 11:13	כָּלָה֙	3617	HNcfsa
Ezek 11:13	אַתָּ֣ה	859 a	HPp2ms
Ezek 11:13	עֹשֶׂ֔ה	6213 a	HVqrmsa
Ezek 11:13	אֵ֖ת	853	HTo
Ezek 11:13	שְׁאֵרִ֥ית	7611	HNcfsc
Ezek 11:13	יִשְׂרָאֵֽל	3478	HNp
Ezek 11:14	וַ/יְהִ֥י	c/1961	HC/Vqw3ms
Ezek 11:14	דְבַר	1697	HNcmsc
Ezek 11:14	יְהוָ֖ה	3068	HNp
Ezek 11:14	אֵלַ֥/י	413	HR/Sp1cs
Ezek 11:14	לֵ/אמֹֽר	l/559	HR/Vqc
Ezek 11:15	בֶּן	1121 a	HNcmsc
Ezek 11:15	אָדָ֗ם	120	HNcmsa
Ezek 11:15	אַחֶ֤י/ךָ	251	HNcmpc/Sp2ms
Ezek 11:15	אַחֶ֨י/ךָ֙	251	HNcmpc/Sp2ms
Ezek 11:15	אַנְשֵׁ֣י	376	HNcmpc
Ezek 11:15	גְאֻלָּתֶ֔/ךָ	1353	HNcfsc/Sp2ms
Ezek 11:15	וְ/כָל	c/3605	HC/Ncmsc
Ezek 11:15	בֵּ֥ית	1004 b	HNcmsc
Ezek 11:15	יִשְׂרָאֵ֖ל	3478	HNp
Ezek 11:15	כֻּלֹּ֑/ה	3605	HNcmsc/Sp3ms
Ezek 11:15	אֲשֶׁר֩	834 a	HTr
Ezek 11:15	אָמְר֨וּ	559	HVqp3cp
Ezek 11:15	לָ/הֶ֜ם	l	HR/Sp3mp
Ezek 11:15	יֹשְׁבֵ֣י	3427	HVqrmpc
Ezek 11:15	יְרוּשָׁלִַ֗ם	3389	HNp
Ezek 11:15	רַֽחֲקוּ֙	7368	HVqv2mp
Ezek 11:15	מֵ/עַ֣ל	m/5921 a	HR/R
Ezek 11:15	יְהוָ֔ה	3068	HNp
Ezek 11:15	לָ֥/נוּ	l	HR/Sp1cp
Ezek 11:15	הִ֛יא	1931	HPp3fs
Ezek 11:15	נִתְּנָ֥ה	5414	HVNp3fs
Ezek 11:15	הָ/אָ֖רֶץ	d/776	HTd/Ncbsa
Ezek 11:15	לְ/מוֹרָשָֽׁה	l/4181	HR/Ncfsa
Ezek 11:16	לָ/כֵ֣ן	l/3651 c	HR/D
Ezek 11:16	אֱמֹ֗ר	559	HVqv2ms
Ezek 11:16	כֹּֽה	3541	HD
Ezek 11:16	אָמַר֮	559	HVqp3ms
Ezek 11:16	אֲדֹנָ֣/י	136	HNcmpc/Sp1cs
Ezek 11:16	יְהוִה֒	3069	HNp
Ezek 11:16	כִּ֤י	3588 a	HC
Ezek 11:16	הִרְחַקְתִּי/ם֙	7368	HVhp1cs/Sp3mp
Ezek 11:16	בַּ/גּוֹיִ֔ם	b/1471 a	HRd/Ncmpa
Ezek 11:16	וְ/כִ֥י	c/3588 a	HC/C
Ezek 11:16	הֲפִֽיצוֹתִ֖י/ם	6327 a	HVhp1cs/Sp3mp
Ezek 11:16	בָּ/אֲרָצ֑וֹת	b/776	HRd/Ncbpa
Ezek 11:16	וָ/אֱהִ֤י	c/1961	HC/Vqw1cs
Ezek 11:16	לָ/הֶם֙	l	HR/Sp3mp
Ezek 11:16	לְ/מִקְדָּ֣שׁ	l/4720	HR/Ncmsa
Ezek 11:16	מְעַ֔ט	4592	HNcmsa
Ezek 11:16	בָּ/אֲרָצ֖וֹת	b/776	HRd/Ncbpa
Ezek 11:16	אֲשֶׁר	834 a	HTr
Ezek 11:16	בָּ֥אוּ	935	HVqp3cp
Ezek 11:16	שָֽׁם	8033	HD
Ezek 11:17	לָ/כֵ֣ן	l/3651 c	HR/D
Ezek 11:17	אֱמֹ֗ר	559	HVqv2ms
Ezek 11:17	כֹּֽה	3541	HD
Ezek 11:17	אָמַר֮	559	HVqp3ms
Ezek 11:17	אֲדֹנָ֣/י	136	HNcmpc/Sp1cs
Ezek 11:17	יְהוִה֒	3069	HNp
Ezek 11:17	וְ/קִבַּצְתִּ֤י	c/6908	HC/Vpq1cs
Ezek 11:17	אֶתְ/כֶם֙	853	HTo/Sp2mp
Ezek 11:17	מִן	4480 a	HR
Ezek 11:17	הָ֣/עַמִּ֔ים	d/5971 a	HTd/Ncmpa
Ezek 11:17	וְ/אָסַפְתִּ֣י	c/622	HC/Vqq1cs
Ezek 11:17	אֶתְ/כֶ֔ם	853	HTo/Sp2mp
Ezek 11:17	מִן	4480 a	HR
Ezek 11:17	הָ֣/אֲרָצ֔וֹת	d/776	HTd/Ncbpa
Ezek 11:17	אֲשֶׁ֥ר	834 a	HTr
Ezek 11:17	נְפֹצוֹתֶ֖ם	6327 a	HVNp2mp
Ezek 11:17	בָּ/הֶ֑ם	b	HR/Sp3mp
Ezek 11:17	וְ/נָתַתִּ֥י	c/5414	HC/Vqq1cs
Ezek 11:17	לָ/כֶ֖ם	l	HR/Sp2mp
Ezek 11:17	אֶת	853	HTo
Ezek 11:17	אַדְמַ֥ת	127	HNcfsc
Ezek 11:17	יִשְׂרָאֵֽל	3478	HNp
Ezek 11:18	וּ/בָ֖אוּ	c/935	HC/Vqq3cp
Ezek 11:18	שָׁ֑מָּ/ה	8033	HD/Sd
Ezek 11:18	וְ/הֵסִ֜ירוּ	c/5493	HC/Vhq3cp
Ezek 11:18	אֶת	853	HTo
Ezek 11:18	כָּל	3605	HNcmsc
Ezek 11:18	שִׁקּוּצֶ֛י/הָ	8251	HNcmpc/Sp3fs
Ezek 11:18	וְ/אֶת	c/853	HC/To
Ezek 11:18	כָּל	3605	HNcmsc
Ezek 11:18	תּוֹעֲבוֹתֶ֖י/הָ	8441	HNcfpc/Sp3fs
Ezek 11:18	מִמֶּֽ/נָּה	4480 a	HR/Sp3fs
Ezek 11:19	וְ/נָתַתִּ֤י	c/5414	HC/Vqq1cs
Ezek 11:19	לָ/הֶם֙	l	HR/Sp3mp
Ezek 11:19	לֵ֣ב	3820 a	HNcmsa
Ezek 11:19	אֶחָ֔ד	259	HAcmsa
Ezek 11:19	וְ/ר֥וּחַ	c/7307	HC/Ncbsa
Ezek 11:19	חֲדָשָׁ֖ה	2319	HAafsa
Ezek 11:19	אֶתֵּ֣ן	5414	HVqi1cs
Ezek 11:19	בְּ/קִרְבְּ/כֶ֑ם	b/7130	HR/Ncmsc/Sp2mp
Ezek 11:19	וַ/הֲסִ֨רֹתִ֜י	c/5493	HC/Vhq1cs
Ezek 11:19	לֵ֤ב	3820 a	HNcmsc
Ezek 11:19	הָ/אֶ֨בֶן֙	d/68	HTd/Ncfsa
Ezek 11:19	מִ/בְּשָׂרָ֔/ם	m/1320	HR/Ncmsc/Sp3mp
Ezek 11:19	וְ/נָתַתִּ֥י	c/5414	HC/Vqq1cs
Ezek 11:19	לָ/הֶ֖ם	l	HR/Sp3mp
Ezek 11:19	לֵ֥ב	3820 a	HNcmsc
Ezek 11:19	בָּשָֽׂר	1320	HNcmsa
Ezek 11:20	לְמַ֨עַן֙	4616	HR
Ezek 11:20	בְּ/חֻקֹּתַ֣/י	b/2708	HR/Ncbpc/Sp1cs
Ezek 11:20	יֵלֵ֔כוּ	3212	HVqi3mp
Ezek 11:20	וְ/אֶת	c/853	HC/To
Ezek 11:20	מִשְׁפָּטַ֥/י	4941	HNcmpc/Sp1cs
Ezek 11:20	יִשְׁמְר֖וּ	8104	HVqi3mp
Ezek 11:20	וְ/עָשׂ֣וּ	c/6213 a	HC/Vqq3cp
Ezek 11:20	אֹתָ֑/ם	853	HTo/Sp3mp
Ezek 11:20	וְ/הָיוּ	c/1961	HC/Vqq3cp
Ezek 11:20	לִ֣/י	l	HR/Sp1cs
Ezek 11:20	לְ/עָ֔ם	l/5971 a	HR/Ncmsa
Ezek 11:20	וַ/אֲנִ֕י	c/589	HC/Pp1cs
Ezek 11:20	אֶהְיֶ֥ה	1961	HVqi1cs
Ezek 11:20	לָ/הֶ֖ם	l	HR/Sp3mp
Ezek 11:20	לֵ/אלֹהִֽים	l/430	HR/Ncmpa
Ezek 11:21	וְ/אֶל	c/413	HC/R
Ezek 11:21	לֵ֧ב	3820 a	HNcmsc
Ezek 11:21	שִׁקּוּצֵי/הֶ֛ם	8251	HNcmpc/Sp3mp
Ezek 11:21	וְ/תוֹעֲבוֹתֵי/הֶ֖ם	c/8441	HC/Ncfpc/Sp3mp
Ezek 11:21	לִבָּ֣/ם	3820 a	HNcmsc/Sp3mp
Ezek 11:21	הֹלֵ֑ךְ	1980	HVqrmsa
Ezek 11:21	דַּרְכָּ/ם֙	1870	HNcbsc/Sp3mp
Ezek 11:21	בְּ/רֹאשָׁ֣/ם	b/7218 a	HR/Ncmsc/Sp3mp
Ezek 11:21	נָתַ֔תִּי	5414	HVqp1cs
Ezek 11:21	נְאֻ֖ם	5002	HNcmsc
Ezek 11:21	אֲדֹנָ֥/י	136	HNcmpc/Sp1cs
Ezek 11:21	יְהוִֽה	3069	HNp
Ezek 11:22	וַ/יִּשְׂא֤וּ	c/5375	HC/Vqw3mp
Ezek 11:22	הַ/כְּרוּבִים֙	d/3742	HTd/Ncmpa
Ezek 11:22	אֶת	853	HTo
Ezek 11:22	כַּנְפֵי/הֶ֔ם	3671	HNcfdc/Sp3mp
Ezek 11:22	וְ/הָ/אֽוֹפַנִּ֖ים	c/d/212	HC/Td/Ncmpa
Ezek 11:22	לְ/עֻמָּתָ֑/ם	l/5980	HR/Ncfsc/Sp3mp
Ezek 11:22	וּ/כְב֧וֹד	c/3519	HC/Ncbsc
Ezek 11:22	אֱלֹהֵֽי	430	HNcmpc
Ezek 11:22	יִשְׂרָאֵ֛ל	3478	HNp
Ezek 11:22	עֲלֵי/הֶ֖ם	5921 a	HR/Sp3mp
Ezek 11:22	מִ/לְ/מָֽעְלָ/ה	m/l/4605	HR/R/D/Sd
Ezek 11:23	וַ/יַּ֨עַל֙	c/5927	HC/Vqw3ms
Ezek 11:23	כְּב֣וֹד	3519	HNcbsc
Ezek 11:23	יְהוָ֔ה	3068	HNp
Ezek 11:23	מֵ/עַ֖ל	m/5921 a	HR/R
Ezek 11:23	תּ֣וֹךְ	8432	HNcmsc
Ezek 11:23	הָ/עִ֑יר	d/5892 b	HTd/Ncfsa
Ezek 11:23	וַֽ/יַּעֲמֹד֙	c/5975	HC/Vqw3ms
Ezek 11:23	עַל	5921 a	HR
Ezek 11:23	הָ/הָ֔ר	d/2022	HTd/Ncmsa
Ezek 11:23	אֲשֶׁ֖ר	834 a	HTr
Ezek 11:23	מִ/קֶּ֥דֶם	m/6924 a	HR/Ncmsa
Ezek 11:23	לָ/עִֽיר	l/5892 b	HRd/Ncfsa
Ezek 11:24	וְ/ר֣וּחַ	c/7307	HC/Ncbsa
Ezek 11:24	נְשָׂאַ֗תְ/נִי	5375	HVqp3fs/Sp1cs
Ezek 11:24	וַ/תְּבִיאֵ֤/נִי	c/935	HC/Vhw3fs/Sp1cs
Ezek 11:24	כַשְׂדִּ֨ימָ/ה֙	3778	HNp/Sd
Ezek 11:24	אֶל	413	HR
Ezek 11:24	הַ/גּוֹלָ֔ה	d/1473	HTd/Ncfsa
Ezek 11:24	בַּ/מַּרְאֶ֖ה	b/4758	HRd/Ncmsa
Ezek 11:24	בְּ/ר֣וּחַ	b/7307	HR/Ncbsc
Ezek 11:24	אֱלֹהִ֑ים	430	HNcmpa
Ezek 11:24	וַ/יַּ֨עַל֙	c/5927	HC/Vqw3ms
Ezek 11:24	מֵֽ/עָלַ֔/י	m/5921 a	HR/R/Sp1cs
Ezek 11:24	הַ/מַּרְאֶ֖ה	d/4758	HTd/Ncmsa
Ezek 11:24	אֲשֶׁ֥ר	834 a	HTr
Ezek 11:24	רָאִֽיתִי	7200	HVqp1cs
Ezek 11:25	וָ/אֲדַבֵּ֖ר	c/1696	HC/Vpw1cs
Ezek 11:25	אֶל	413	HR
Ezek 11:25	הַ/גּוֹלָ֑ה	d/1473	HTd/Ncfsa
Ezek 11:25	אֵ֛ת	853	HTo
Ezek 11:25	כָּל	3605	HNcmsc
Ezek 11:25	דִּבְרֵ֥י	1697	HNcmpc
Ezek 11:25	יְהוָ֖ה	3068	HNp
Ezek 11:25	אֲשֶׁ֥ר	834 a	HTr
Ezek 11:25	הֶרְאָֽ/נִי	7200	HVhp3ms/Sp1cs
Ezek 12:1	וַ/יְהִ֥י	c/1961	HC/Vqw3ms
Ezek 12:1	דְבַר	1697	HNcmsc
Ezek 12:1	יְהוָ֖ה	3068	HNp
Ezek 12:1	אֵלַ֥/י	413	HR/Sp1cs
Ezek 12:1	לֵ/אמֹֽר	l/559	HR/Vqc
Ezek 12:2	בֶּן	1121 a	HNcmsc
Ezek 12:2	אָדָ֕ם	120	HNcmsa
Ezek 12:2	בְּ/ת֥וֹךְ	b/8432	HR/Ncmsc
Ezek 12:2	בֵּית	1004 b	HNcmsc
Ezek 12:2	הַ/מֶּ֖רִי	d/4805	HTd/Ncmsa
Ezek 12:2	אַתָּ֣ה	859 a	HPp2ms
Ezek 12:2	יֹשֵׁ֑ב	3427	HVqrmsa
Ezek 12:2	אֲשֶׁ֣ר	834 a	HTr
Ezek 12:2	עֵינַיִם֩	5869 a	HNcbda
Ezek 12:2	לָ/הֶ֨ם	l	HR/Sp3mp
Ezek 12:2	לִ/רְא֜וֹת	l/7200	HR/Vqc
Ezek 12:2	וְ/לֹ֣א	c/3808	HC/Tn
Ezek 12:2	רָא֗וּ	7200	HVqp3cp
Ezek 12:2	אָזְנַ֨יִם	241	HNcfda
Ezek 12:2	לָ/הֶ֤ם	l	HR/Sp3mp
Ezek 12:2	לִ/שְׁמֹ֨עַ֙	l/8085	HR/Vqc
Ezek 12:2	וְ/לֹ֣א	c/3808	HC/Tn
Ezek 12:2	שָׁמֵ֔עוּ	8085	HVqp3cp
Ezek 12:2	כִּ֛י	3588 a	HC
Ezek 12:2	בֵּ֥ית	1004 b	HNcmsc
Ezek 12:2	מְרִ֖י	4805	HNcmsa
Ezek 12:2	הֵֽם	1992	HPp3mp
Ezek 12:3	וְ/אַתָּ֣ה	c/859 a	HC/Pp2ms
Ezek 12:3	בֶן	1121 a	HNcmsc
Ezek 12:3	אָדָ֗ם	120	HNcmsa
Ezek 12:3	עֲשֵׂ֤ה	6213 a	HVqv2ms
Ezek 12:3	לְ/ךָ֙	l	HR/Sp2ms
Ezek 12:3	כְּלֵ֣י	3627	HNcmpc
Ezek 12:3	גוֹלָ֔ה	1473	HNcfsa
Ezek 12:3	וּ/גְלֵ֥ה	c/1540	HC/Vqv2ms
Ezek 12:3	יוֹמָ֖ם	3119	HD
Ezek 12:3	לְ/עֵֽינֵי/הֶ֑ם	l/5869 a	HR/Ncbdc/Sp3mp
Ezek 12:3	וְ/גָלִ֨יתָ	c/1540	HC/Vqq2ms
Ezek 12:3	מִ/מְּקוֹמְ/ךָ֜	m/4725	HR/Ncmsc/Sp2ms
Ezek 12:3	אֶל	413	HR
Ezek 12:3	מָק֤וֹם	4725	HNcmsa
Ezek 12:3	אַחֵר֙	312	HAamsa
Ezek 12:3	לְ/עֵ֣ינֵי/הֶ֔ם	l/5869 a	HR/Ncbdc/Sp3mp
Ezek 12:3	אוּלַ֣י	194	HD
Ezek 12:3	יִרְא֔וּ	7200	HVqi3mp
Ezek 12:3	כִּ֛י	3588 a	HC
Ezek 12:3	בֵּ֥ית	1004 b	HNcmsc
Ezek 12:3	מְרִ֖י	4805	HNcmsa
Ezek 12:3	הֵֽמָּה	1992	HPp3mp
Ezek 12:4	וְ/הוֹצֵאתָ֨	c/3318	HC/Vhq2ms
Ezek 12:4	כֵלֶ֜י/ךָ	3627	HNcmpc/Sp2ms
Ezek 12:4	כִּ/כְלֵ֥י	k/3627	HR/Ncmpc
Ezek 12:4	גוֹלָ֛ה	1473	HNcfsa
Ezek 12:4	יוֹמָ֖ם	3119	HD
Ezek 12:4	לְ/עֵֽינֵי/הֶ֑ם	l/5869 a	HR/Ncbdc/Sp3mp
Ezek 12:4	וְ/אַתָּ֗ה	c/859 a	HC/Pp2ms
Ezek 12:4	תֵּצֵ֤א	3318	HVqi2ms
Ezek 12:4	בָ/עֶ֨רֶב֙	b/6153	HRd/Ncmsa
Ezek 12:4	לְ/עֵ֣ינֵי/הֶ֔ם	l/5869 a	HR/Ncbdc/Sp3mp
Ezek 12:4	כְּ/מוֹצָאֵ֖י	k/4161	HR/Ncmpc
Ezek 12:4	גּוֹלָֽה	1473	HNcfsa
Ezek 12:5	לְ/עֵינֵי/הֶ֖ם	l/5869 a	HR/Ncbdc/Sp3mp
Ezek 12:5	חֲתָר	2864	HVqv2ms
Ezek 12:5	לְ/ךָ֣	l	HR/Sp2ms
Ezek 12:5	בַ/קִּ֑יר	b/7023	HRd/Ncmsa
Ezek 12:5	וְ/הוֹצֵאתָ֖	c/3318	HC/Vhq2ms
Ezek 12:5	בּֽ/וֹ	b	HR/Sp3ms
Ezek 12:6	לְ/עֵ֨ינֵי/הֶ֜ם	l/5869 a	HR/Ncbdc/Sp3mp
Ezek 12:6	עַל	5921 a	HR
Ezek 12:6	כָּתֵ֤ף	3802	HNcfsa
Ezek 12:6	תִּשָּׂא֙	5375	HVqi2ms
Ezek 12:6	בָּ/עֲלָטָ֣ה	b/5939	HRd/Ncfsa
Ezek 12:6	תוֹצִ֔יא	3318	HVhi2ms
Ezek 12:6	פָּנֶ֣י/ךָ	6440	HNcbpc/Sp2ms
Ezek 12:6	תְכַסֶּ֔ה	3680	HVpi2ms
Ezek 12:6	וְ/לֹ֥א	c/3808	HC/Tn
Ezek 12:6	תִרְאֶ֖ה	7200	HVqi2ms
Ezek 12:6	אֶת	853	HTo
Ezek 12:6	הָ/אָ֑רֶץ	d/776	HTd/Ncbsa
Ezek 12:6	כִּֽי	3588 a	HC
Ezek 12:6	מוֹפֵ֥ת	4159	HNcmsa
Ezek 12:6	נְתַתִּ֖י/ךָ	5414	HVqp1cs/Sp2ms
Ezek 12:6	לְ/בֵ֥ית	l/1004 b	HR/Ncmsc
Ezek 12:6	יִשְׂרָאֵֽל	3478	HNp
Ezek 12:7	וָ/אַ֣עַשׂ	c/6213 a	HC/Vqw1cs
Ezek 12:7	כֵּן֮	3651 c	HTm
Ezek 12:7	כַּ/אֲשֶׁ֣ר	k/834 d	HR/Tr
Ezek 12:7	צֻוֵּיתִי֒	6680	HVPp1cs
Ezek 12:7	כֵּ֠לַ/י	3627	HNcmpc/Sp1cs
Ezek 12:7	הוֹצֵ֜אתִי	3318	HVhp1cs
Ezek 12:7	כִּ/כְלֵ֤י	k/3627	HR/Ncmpc
Ezek 12:7	גוֹלָה֙	1473	HNcfsa
Ezek 12:7	יוֹמָ֔ם	3119	HD
Ezek 12:7	וּ/בָ/עֶ֛רֶב	c/b/6153	HC/Rd/Ncmsa
Ezek 12:7	חָתַֽרְתִּי	2864	HVqp1cs
Ezek 12:7	לִ֥/י	l	HR/Sp1cs
Ezek 12:7	בַ/קִּ֖יר	b/7023	HRd/Ncmsa
Ezek 12:7	בְּ/יָ֑ד	b/3027	HR/Ncbsa
Ezek 12:7	בָּ/עֲלָטָ֥ה	b/5939	HRd/Ncfsa
Ezek 12:7	הוֹצֵ֛אתִי	3318	HVhp1cs
Ezek 12:7	עַל	5921 a	HR
Ezek 12:7	כָּתֵ֥ף	3802	HNcfsa
Ezek 12:7	נָשָׂ֖אתִי	5375	HVqp1cs
Ezek 12:7	לְ/עֵינֵי/הֶֽם	l/5869 a	HR/Ncbdc/Sp3mp
Ezek 12:8	וַ/יְהִ֧י	c/1961	HC/Vqw3ms
Ezek 12:8	דְבַר	1697	HNcmsc
Ezek 12:8	יְהוָ֛ה	3068	HNp
Ezek 12:8	אֵלַ֖/י	413	HR/Sp1cs
Ezek 12:8	בַּ/בֹּ֥קֶר	b/1242	HRd/Ncmsa
Ezek 12:8	לֵ/אמֹֽר	l/559	HR/Vqc
Ezek 12:9	בֶּן	1121 a	HNcmsc
Ezek 12:9	אָדָ֕ם	120	HNcmsa
Ezek 12:9	הֲ/לֹ֨א	i/3808	HTi/Tn
Ezek 12:9	אָמְר֥וּ	559	HVqp3cp
Ezek 12:9	אֵלֶ֛י/ךָ	413	HR/Sp2ms
Ezek 12:9	בֵּ֥ית	1004 b	HNcmsc
Ezek 12:9	יִשְׂרָאֵ֖ל	3478	HNp
Ezek 12:9	בֵּ֣ית	1004 b	HNcmsc
Ezek 12:9	הַ/מֶּ֑רִי	d/4805	HTd/Ncmsa
Ezek 12:9	מָ֖ה	4100	HTi
Ezek 12:9	אַתָּ֥ה	859 a	HPp2ms
Ezek 12:9	עֹשֶֽׂה	6213 a	HVqrmsa
Ezek 12:10	אֱמֹ֣ר	559	HVqv2ms
Ezek 12:10	אֲלֵי/הֶ֔ם	413	HR/Sp3mp
Ezek 12:10	כֹּ֥ה	3541	HD
Ezek 12:10	אָמַ֖ר	559	HVqp3ms
Ezek 12:10	אֲדֹנָ֣/י	136	HNcmpc/Sp1cs
Ezek 12:10	יְהֹוִ֑ה	3069	HNp
Ezek 12:10	הַ/נָּשִׂ֞יא	d/5387 a	HTd/Ncmsa
Ezek 12:10	הַ/מַּשָּׂ֤א	d/4853 b	HTd/Ncmsa
Ezek 12:10	הַ/זֶּה֙	d/2088	HTd/Pdxms
Ezek 12:10	בִּ/יר֣וּשָׁלִַ֔ם	b/3389	HR/Np
Ezek 12:10	וְ/כָל	c/3605	HC/Ncmsc
Ezek 12:10	בֵּ֥ית	1004 b	HNcmsc
Ezek 12:10	יִשְׂרָאֵ֖ל	3478	HNp
Ezek 12:10	אֲשֶׁר	834 a	HTr
Ezek 12:10	הֵ֥מָּה	1992	HPp3mp
Ezek 12:10	בְ/תוֹכָֽ/ם	b/8432	HR/Ncmsc/Sp3mp
Ezek 12:11	אֱמֹ֖ר	559	HVqv2ms
Ezek 12:11	אֲנִ֣י	589	HPp1cs
Ezek 12:11	מֽוֹפֶתְ/כֶ֑ם	4159	HNcmsc/Sp2mp
Ezek 12:11	כַּ/אֲשֶׁ֣ר	k/834 d	HR/Tr
Ezek 12:11	עָשִׂ֗יתִי	6213 a	HVqp1cs
Ezek 12:11	כֵּ֚ן	3651 c	HTm
Ezek 12:11	יֵעָשֶׂ֣ה	6213 a	HVNi3ms
Ezek 12:11	לָ/הֶ֔ם	l	HR/Sp3mp
Ezek 12:11	בַּ/גּוֹלָ֥ה	b/1473	HRd/Ncfsa
Ezek 12:11	בַ/שְּׁבִ֖י	b/7628 a	HRd/Ncbsa
Ezek 12:11	יֵלֵֽכוּ	3212	HVqi3mp
Ezek 12:12	וְ/הַ/נָּשִׂ֨יא	c/d/5387 a	HC/Td/Ncmsa
Ezek 12:12	אֲשֶׁר	834 a	HTr
Ezek 12:12	בְּ/תוֹכָ֜/ם	b/8432	HR/Ncmsc/Sp3mp
Ezek 12:12	אֶל	413	HR
Ezek 12:12	כָּתֵ֤ף	3802	HNcfsa
Ezek 12:12	יִשָּׂא֙	5375	HVqi3ms
Ezek 12:12	בָּ/עֲלָטָ֣ה	b/5939	HRd/Ncfsa
Ezek 12:12	וְ/יֵצֵ֔א	c/3318	HC/Vqi3ms
Ezek 12:12	בַּ/קִּ֥יר	b/7023	HRd/Ncmsa
Ezek 12:12	יַחְתְּר֖וּ	2864	HVqi3mp
Ezek 12:12	לְ/ה֣וֹצִיא	l/3318	HR/Vhc
Ezek 12:12	ב֑/וֹ	b	HR/Sp3ms
Ezek 12:12	פָּנָ֣י/ו	6440	HNcbpc/Sp3ms
Ezek 12:12	יְכַסֶּ֔ה	3680	HVpi3ms
Ezek 12:12	יַ֗עַן	3282	HC
Ezek 12:12	אֲשֶׁ֨ר	834 a	HTr
Ezek 12:12	לֹא	3808	HTn
Ezek 12:12	יִרְאֶ֥ה	7200	HVqi3ms
Ezek 12:12	לַ/עַ֛יִן	l/5869 a	HRd/Ncbsa
Ezek 12:12	ה֖וּא	1931	HPp3ms
Ezek 12:12	אֶת	853	HTo
Ezek 12:12	הָ/אָֽרֶץ	d/776	HTd/Ncbsa
Ezek 12:13	וּ/פָרַשְׂתִּ֤י	c/6566	HC/Vqq1cs
Ezek 12:13	אֶת	853	HTo
Ezek 12:13	רִשְׁתִּ/י֙	7568	HNcfsc/Sp1cs
Ezek 12:13	עָלָ֔י/ו	5921 a	HR/Sp3ms
Ezek 12:13	וְ/נִתְפַּ֖שׂ	c/8610	HC/VNq3ms
Ezek 12:13	בִּ/מְצֽוּדָתִ֑/י	b/4686 a	HR/Ncfsc/Sp1cs
Ezek 12:13	וְ/הֵבֵאתִ֨י	c/935	HC/Vhq1cs
Ezek 12:13	אֹת֤/וֹ	853	HTo/Sp3ms
Ezek 12:13	בָבֶ֨לָ/ה֙	894	HNp/Sd
Ezek 12:13	אֶ֣רֶץ	776	HNcbsc
Ezek 12:13	כַּשְׂדִּ֔ים	3778	HNp
Ezek 12:13	וְ/אוֹתָ֥/הּ	c/853	HC/To/Sp3fs
Ezek 12:13	לֹֽא	3808	HTn
Ezek 12:13	יִרְאֶ֖ה	7200	HVqi3ms
Ezek 12:13	וְ/שָׁ֥ם	c/8033	HC/D
Ezek 12:13	יָמֽוּת	4191	HVqi3ms
Ezek 12:14	וְ/כֹל֩	c/3605	HC/Ncmsa
Ezek 12:14	אֲשֶׁ֨ר	834 a	HTr
Ezek 12:14	סְבִיבֹתָ֥י/ו	5439	HNcbpc/Sp3ms
Ezek 12:14	עזר/ה	5828	HNcmsc/Sp3fs
Ezek 12:14	וְ/כָל	c/3605	HC/Ncmsc
Ezek 12:14	אֲגַפָּ֖י/ו	102	HNcmpc/Sp3ms
Ezek 12:14	אֱזָרֶ֣ה	2219	HVpi1cs
Ezek 12:14	לְ/כָל	l/3605	HR/Ncmsc
Ezek 12:14	ר֑וּחַ	7307	HNcbsa
Ezek 12:14	וְ/חֶ֖רֶב	c/2719	HC/Ncfsa
Ezek 12:14	אָרִ֥יק	7324	HVhi1cs
Ezek 12:14	אַחֲרֵי/הֶֽם	310 a	HR/Sp3mp
Ezek 12:15	וְ/יָדְע֖וּ	c/3045	HC/Vqq3cp
Ezek 12:15	כִּֽי	3588 a	HC
Ezek 12:15	אֲנִ֣י	589	HPp1cs
Ezek 12:15	יְהוָ֑ה	3068	HNp
Ezek 12:15	בַּ/הֲפִיצִ֤/י	b/6327 a	HR/Vhc/Sp1cs
Ezek 12:15	אוֹתָ/ם֙	853	HTo/Sp3mp
Ezek 12:15	בַּ/גּוֹיִ֔ם	b/1471 a	HRd/Ncmpa
Ezek 12:15	וְ/זֵרִיתִ֥י	c/2219	HC/Vpq1cs
Ezek 12:15	אוֹתָ֖/ם	853	HTo/Sp3mp
Ezek 12:15	בָּ/אֲרָצֽוֹת	b/776	HRd/Ncbpa
Ezek 12:16	וְ/הוֹתַרְתִּ֤י	c/3498	HC/Vhq1cs
Ezek 12:16	מֵ/הֶם֙	m	HR/Sp3mp
Ezek 12:16	אַנְשֵׁ֣י	376	HNcmpc
Ezek 12:16	מִסְפָּ֔ר	4557	HNcmsa
Ezek 12:16	מֵ/חֶ֖רֶב	m/2719	HR/Ncfsa
Ezek 12:16	מֵ/רָעָ֣ב	m/7458	HR/Ncmsa
Ezek 12:16	וּ/מִ/דָּ֑בֶר	c/m/1698	HC/R/Ncmsa
Ezek 12:16	לְמַ֨עַן	4616	HR
Ezek 12:16	יְסַפְּר֜וּ	5608 a	HVpi3mp
Ezek 12:16	אֶת	853	HTo
Ezek 12:16	כָּל	3605	HNcmsc
Ezek 12:16	תּוֹעֲבֽוֹתֵי/הֶ֗ם	8441	HNcfpc/Sp3mp
Ezek 12:16	בַּ/גּוֹיִם֙	b/1471 a	HRd/Ncmpa
Ezek 12:16	אֲשֶׁר	834 a	HTr
Ezek 12:16	בָּ֣אוּ	935	HVqp3cp
Ezek 12:16	שָׁ֔ם	8033	HD
Ezek 12:16	וְ/יָדְע֖וּ	c/3045	HC/Vqq3cp
Ezek 12:16	כִּֽי	3588 a	HC
Ezek 12:16	אֲנִ֥י	589	HPp1cs
Ezek 12:16	יְהוָֽה	3068	HNp
Ezek 12:17	וַ/יְהִ֥י	c/1961	HC/Vqw3ms
Ezek 12:17	דְבַר	1697	HNcmsc
Ezek 12:17	יְהוָ֖ה	3068	HNp
Ezek 12:17	אֵלַ֥/י	413	HR/Sp1cs
Ezek 12:17	לֵ/אמֹֽר	l/559	HR/Vqc
Ezek 12:18	בֶּן	1121 a	HNcmsc
Ezek 12:18	אָדָ֕ם	120	HNcmsa
Ezek 12:18	לַחְמְ/ךָ֖	3899	HNcbsc/Sp2ms
Ezek 12:18	בְּ/רַ֣עַשׁ	b/7494	HR/Ncmsa
Ezek 12:18	תֹּאכֵ֑ל	398	HVqi2ms
Ezek 12:18	וּ/מֵימֶ֕י/ךָ	c/4325	HC/Ncmpc/Sp2ms
Ezek 12:18	בְּ/רָגְזָ֥ה	b/7269	HR/Ncfsa
Ezek 12:18	וּ/בִ/דְאָגָ֖ה	c/b/1674	HC/R/Ncfsa
Ezek 12:18	תִּשְׁתֶּֽה	8354	HVqi2ms
Ezek 12:19	וְ/אָמַרְתָּ֣	c/559	HC/Vqq2ms
Ezek 12:19	אֶל	413	HR
Ezek 12:19	עַ֣ם	5971 a	HNcmsc
Ezek 12:19	הָ/אָ֡רֶץ	d/776	HTd/Ncbsa
Ezek 12:19	כֹּֽה	3541	HD
Ezek 12:19	אָמַר֩	559	HVqp3ms
Ezek 12:19	אֲדֹנָ֨/י	136	HNcmpc/Sp1cs
Ezek 12:19	יְהוִ֜ה	3069	HNp
Ezek 12:19	לְ/יוֹשְׁבֵ֤י	l/3427	HR/Vqrmpc
Ezek 12:19	יְרוּשָׁלִַ֨ם֙	3389	HNp
Ezek 12:19	אֶל	413	HR
Ezek 12:19	אַדְמַ֣ת	127	HNcfsc
Ezek 12:19	יִשְׂרָאֵ֔ל	3478	HNp
Ezek 12:19	לַחְמָ/ם֙	3899	HNcbsc/Sp3mp
Ezek 12:19	בִּ/דְאָגָ֣ה	b/1674	HR/Ncfsa
Ezek 12:19	יֹאכֵ֔לוּ	398	HVqi3mp
Ezek 12:19	וּ/מֵֽימֵי/הֶ֖ם	c/4325	HC/Ncmpc/Sp3mp
Ezek 12:19	בְּ/שִׁמָּמ֣וֹן	b/8078	HR/Ncmsa
Ezek 12:19	יִשְׁתּ֑וּ	8354	HVqi3mp
Ezek 12:19	לְמַ֜עַן	4616	HR
Ezek 12:19	תֵּשַׁ֤ם	3456	HVqi3fs
Ezek 12:19	אַרְצָ/הּ֙	776	HNcbsc/Sp3fs
Ezek 12:19	מִ/מְּלֹאָ֔/הּ	m/4393	HR/Ncmsc/Sp3fs
Ezek 12:19	מֵ/חֲמַ֖ס	m/2555	HR/Ncmsc
Ezek 12:19	כָּֽל	3605	HNcmsc
Ezek 12:19	הַ/יֹּשְׁבִ֥ים	d/3427	HTd/Vqrmpa
Ezek 12:19	בָּֽ/הּ	b	HR/Sp3fs
Ezek 12:20	וְ/הֶ/עָרִ֤ים	c/d/5892 b	HC/Td/Ncfpa
Ezek 12:20	הַ/נּֽוֹשָׁבוֹת֙	d/3427	HTd/VNsfpa
Ezek 12:20	תֶּחֱרַ֔בְנָה	2717 b	HVqi3fp
Ezek 12:20	וְ/הָ/אָ֖רֶץ	c/d/776	HC/Td/Ncbsa
Ezek 12:20	שְׁמָמָ֣ה	8077 a	HNcfsa
Ezek 12:20	תִֽהְיֶ֑ה	1961	HVqi3fs
Ezek 12:20	וִֽ/ידַעְתֶּ֖ם	c/3045	HC/Vqq2mp
Ezek 12:20	כִּֽי	3588 a	HC
Ezek 12:20	אֲנִ֥י	589	HPp1cs
Ezek 12:20	יְהוָֽה	3068	HNp
Ezek 12:21	וַ/יְהִ֥י	c/1961	HC/Vqw3ms
Ezek 12:21	דְבַר	1697	HNcmsc
Ezek 12:21	יְהוָ֖ה	3068	HNp
Ezek 12:21	אֵלַ֥/י	413	HR/Sp1cs
Ezek 12:21	לֵ/אמֹֽר	l/559	HR/Vqc
Ezek 12:22	בֶּן	1121 a	HNcmsc
Ezek 12:22	אָדָ֗ם	120	HNcmsa
Ezek 12:22	מָֽה	4100	HTi
Ezek 12:22	הַ/מָּשָׁ֤ל	d/4912	HTd/Ncmsa
Ezek 12:22	הַ/זֶּה֙	d/2088	HTd/Pdxms
Ezek 12:22	לָ/כֶ֔ם	l	HR/Sp2mp
Ezek 12:22	עַל	5921 a	HR
Ezek 12:22	אַדְמַ֥ת	127	HNcfsc
Ezek 12:22	יִשְׂרָאֵ֖ל	3478	HNp
Ezek 12:22	לֵ/אמֹ֑ר	l/559	HR/Vqc
Ezek 12:22	יַֽאַרְכוּ֙	748	HVqi3mp
Ezek 12:22	הַ/יָּמִ֔ים	d/3117	HTd/Ncmpa
Ezek 12:22	וְ/אָבַ֖ד	c/6	HC/Vqq3ms
Ezek 12:22	כָּל	3605	HNcmsc
Ezek 12:22	חָזֽוֹן	2377	HNcmsa
Ezek 12:23	לָ/כֵ֞ן	l/3651 c	HR/D
Ezek 12:23	אֱמֹ֣ר	559	HVqv2ms
Ezek 12:23	אֲלֵי/הֶ֗ם	413	HR/Sp3mp
Ezek 12:23	כֹּֽה	3541	HD
Ezek 12:23	אָמַר֮	559	HVqp3ms
Ezek 12:23	אֲדֹנָ֣/י	136	HNcmpc/Sp1cs
Ezek 12:23	יְהוִה֒	3069	HNp
Ezek 12:23	הִשְׁבַּ֨תִּי֙	7673 a	HVhp1cs
Ezek 12:23	אֶת	853	HTo
Ezek 12:23	הַ/מָּשָׁ֣ל	d/4912	HTd/Ncmsa
Ezek 12:23	הַ/זֶּ֔ה	d/2088	HTd/Pdxms
Ezek 12:23	וְ/לֹֽא	c/3808	HC/Tn
Ezek 12:23	יִמְשְׁל֥וּ	4911 b	HVqi3mp
Ezek 12:23	אֹת֛/וֹ	853	HTo/Sp3ms
Ezek 12:23	ע֖וֹד	5750	HD
Ezek 12:23	בְּ/יִשְׂרָאֵ֑ל	b/3478	HR/Np
Ezek 12:23	כִּ֚י	3588 b	HC
Ezek 12:23	אִם	518 b	HC
Ezek 12:23	דַּבֵּ֣ר	1696	HVpv2ms
Ezek 12:23	אֲלֵי/הֶ֔ם	413	HR/Sp3mp
Ezek 12:23	קָֽרְבוּ֙	7126	HVqp3cp
Ezek 12:23	הַ/יָּמִ֔ים	d/3117	HTd/Ncmpa
Ezek 12:23	וּ/דְבַ֖ר	c/1697	HC/Ncmsc
Ezek 12:23	כָּל	3605	HNcmsc
Ezek 12:23	חָזֽוֹן	2377	HNcmsa
Ezek 12:24	כִּ֠י	3588 a	HC
Ezek 12:24	לֹ֣א	3808	HTn
Ezek 12:24	יִֽהְיֶ֥ה	1961	HVqi3ms
Ezek 12:24	ע֛וֹד	5750	HD
Ezek 12:24	כָּל	3605	HNcmsc
Ezek 12:24	חֲז֥וֹן	2377	HNcmsc
Ezek 12:24	שָׁ֖וְא	7723	HNcmsa
Ezek 12:24	וּ/מִקְסַ֣ם	c/4738	HC/Ncmsc
Ezek 12:24	חָלָ֑ק	2509	HAamsa
Ezek 12:24	בְּ/ת֖וֹךְ	b/8432	HR/Ncmsc
Ezek 12:24	בֵּ֥ית	1004 b	HNcmsc
Ezek 12:24	יִשְׂרָאֵֽל	3478	HNp
Ezek 12:25	כִּ֣י	3588 a	HC
Ezek 12:25	אֲנִ֣י	589	HPp1cs
Ezek 12:25	יְהוָ֗ה	3068	HNp
Ezek 12:25	אֲדַבֵּר֙	1696	HVpi1cs
Ezek 12:25	אֵת֩	853	HTo
Ezek 12:25	אֲשֶׁ֨ר	834 a	HTr
Ezek 12:25	אֲדַבֵּ֤ר	1696	HVpi1cs
Ezek 12:25	דָּבָר֙	1697	HNcmsa
Ezek 12:25	וְ/יֵ֣עָשֶׂ֔ה	c/6213 a	HC/VNi3ms
Ezek 12:25	לֹ֥א	3808	HTn
Ezek 12:25	תִמָּשֵׁ֖ךְ	4900	HVNi3fs
Ezek 12:25	ע֑וֹד	5750	HD
Ezek 12:25	כִּ֣י	3588 a	HC
Ezek 12:25	בִֽ/ימֵי/כֶ֞ם	b/3117	HR/Ncmpc/Sp2mp
Ezek 12:25	בֵּ֣ית	1004 b	HNcmsc
Ezek 12:25	הַ/מֶּ֗רִי	d/4805	HTd/Ncmsa
Ezek 12:25	אֲדַבֵּ֤ר	1696	HVpi1cs
Ezek 12:25	דָּבָר֙	1697	HNcmsa
Ezek 12:25	וַ/עֲשִׂיתִ֔י/ו	c/6213 a	HC/Vqq1cs/Sp3ms
Ezek 12:25	נְאֻ֖ם	5002	HNcmsc
Ezek 12:25	אֲדֹנָ֥/י	136	HNcmpc/Sp1cs
Ezek 12:25	יְהוִֽה	3069	HNp
Ezek 12:26	וַ/יְהִ֥י	c/1961	HC/Vqw3ms
Ezek 12:26	דְבַר	1697	HNcmsc
Ezek 12:26	יְהוָ֖ה	3068	HNp
Ezek 12:26	אֵלַ֥/י	413	HR/Sp1cs
Ezek 12:26	לֵ/אמֹֽר	l/559	HR/Vqc
Ezek 12:27	בֶּן	1121 a	HNcmsc
Ezek 12:27	אָדָ֗ם	120	HNcmsa
Ezek 12:27	הִנֵּ֤ה	2009	HTm
Ezek 12:27	בֵֽית	1004 b	HNcmsc
Ezek 12:27	יִשְׂרָאֵל֙	3478	HNp
Ezek 12:27	אֹֽמְרִ֔ים	559	HVqrmpa
Ezek 12:27	הֶ/חָז֛וֹן	d/2377	HTd/Ncmsa
Ezek 12:27	אֲשֶׁר	834 a	HTr
Ezek 12:27	ה֥וּא	1931	HPp3ms
Ezek 12:27	חֹזֶ֖ה	2372	HVqrmsa
Ezek 12:27	לְ/יָמִ֣ים	l/3117	HR/Ncmpa
Ezek 12:27	רַבִּ֑ים	7227 a	HAampa
Ezek 12:27	וּ/לְ/עִתִּ֥ים	c/l/6256	HC/R/Ncbpa
Ezek 12:27	רְחוֹק֖וֹת	7350	HAafpa
Ezek 12:27	ה֥וּא	1931	HPp3ms
Ezek 12:27	נִבָּֽא	5012	HVNrmsa
Ezek 12:28	לָ/כֵ֞ן	l/3651 c	HR/D
Ezek 12:28	אֱמֹ֣ר	559	HVqv2ms
Ezek 12:28	אֲלֵי/הֶ֗ם	413	HR/Sp3mp
Ezek 12:28	כֹּ֤ה	3541	HD
Ezek 12:28	אָמַר֙	559	HVqp3ms
Ezek 12:28	אֲדֹנָ֣/י	136	HNcmpc/Sp1cs
Ezek 12:28	יְהוִ֔ה	3069	HNp
Ezek 12:28	לֹא	3808	HTn
Ezek 12:28	תִמָּשֵׁ֥ךְ	4900	HVNi3fs
Ezek 12:28	ע֖וֹד	5750	HD
Ezek 12:28	כָּל	3605	HNcmsc
Ezek 12:28	דְּבָרָ֑/י	1697	HNcmpc/Sp1cs
Ezek 12:28	אֲשֶׁ֨ר	834 a	HTr
Ezek 12:28	אֲדַבֵּ֤ר	1696	HVpi1cs
Ezek 12:28	דָּבָר֙	1697	HNcmsa
Ezek 12:28	וְ/יֵ֣עָשֶׂ֔ה	c/6213 a	HC/VNi3ms
Ezek 12:28	נְאֻ֖ם	5002	HNcmsc
Ezek 12:28	אֲדֹנָ֥/י	136	HNcmpc/Sp1cs
Ezek 12:28	יְהוִֽה	3069	HNp
Ezek 13:1	וַ/יְהִ֥י	c/1961	HC/Vqw3ms
Ezek 13:1	דְבַר	1697	HNcmsc
Ezek 13:1	יְהוָ֖ה	3068	HNp
Ezek 13:1	אֵלַ֥/י	413	HR/Sp1cs
Ezek 13:1	לֵ/אמֹֽר	l/559	HR/Vqc
Ezek 13:2	בֶּן	1121 a	HNcmsc
Ezek 13:2	אָדָ֕ם	120	HNcmsa
Ezek 13:2	הִנָּבֵ֛א	5012	HVNv2ms
Ezek 13:2	אֶל	413	HR
Ezek 13:2	נְבִיאֵ֥י	5030	HNcmpc
Ezek 13:2	יִשְׂרָאֵ֖ל	3478	HNp
Ezek 13:2	הַ/נִּבָּאִ֑ים	d/5012	HTd/VNrmpa
Ezek 13:2	וְ/אָֽמַרְתָּ֙	c/559	HC/Vqq2ms
Ezek 13:2	לִ/נְבִיאֵ֣י	l/5030	HR/Ncmpc
Ezek 13:2	מִ/לִּבָּ֔/ם	m/3820 a	HR/Ncmsc/Sp3mp
Ezek 13:2	שִׁמְע֖וּ	8085	HVqv2mp
Ezek 13:2	דְּבַר	1697	HNcmsc
Ezek 13:2	יְהוָֽה	3068	HNp
Ezek 13:3	כֹּ֤ה	3541	HD
Ezek 13:3	אָמַר֙	559	HVqp3ms
Ezek 13:3	אֲדֹנָ֣/י	136	HNcmpc/Sp1cs
Ezek 13:3	יְהוִ֔ה	3069	HNp
Ezek 13:3	ה֖וֹי	1945	HTj
Ezek 13:3	עַל	5921 a	HR
Ezek 13:3	הַ/נְּבִיאִ֣ים	d/5030	HTd/Ncmpa
Ezek 13:3	הַ/נְּבָלִ֑ים	d/5036	HTd/Aampa
Ezek 13:3	אֲשֶׁ֥ר	834 a	HTr
Ezek 13:3	הֹלְכִ֛ים	1980	HVqrmpa
Ezek 13:3	אַחַ֥ר	310 a	HR
Ezek 13:3	רוּחָ֖/ם	7307	HNcbsc/Sp3mp
Ezek 13:3	וּ/לְ/בִלְתִּ֥י	c/l/1115	HC/R/Tn
Ezek 13:3	רָאֽוּ	7200	HVqp3cp
Ezek 13:4	כְּ/שֻׁעָלִ֖ים	k/7776	HR/Ncmpa
Ezek 13:4	בָּ/חֳרָב֑וֹת	b/2723	HR/Ncfpa
Ezek 13:4	נְבִיאֶ֥י/ךָ	5030	HNcmpc/Sp2ms
Ezek 13:4	יִשְׂרָאֵ֖ל	3478	HNp
Ezek 13:4	הָיֽוּ	1961	HVqp3cp
Ezek 13:5	לֹ֤א	3808	HTn
Ezek 13:5	עֲלִיתֶם֙	5927	HVqp2mp
Ezek 13:5	בַּ/פְּרָצ֔וֹת	b/6556	HRd/Ncmpa
Ezek 13:5	וַ/תִּגְדְּר֥וּ	c/1443	HC/Vqw2mp
Ezek 13:5	גָדֵ֖ר	1447	HNcmsa
Ezek 13:5	עַל	5921 a	HR
Ezek 13:5	בֵּ֣ית	1004 b	HNcmsc
Ezek 13:5	יִשְׂרָאֵ֑ל	3478	HNp
Ezek 13:5	לַ/עֲמֹ֥ד	l/5975	HR/Vqc
Ezek 13:5	בַּ/מִּלְחָמָ֖ה	b/4421	HRd/Ncfsa
Ezek 13:5	בְּ/י֥וֹם	b/3117	HR/Ncmsc
Ezek 13:5	יְהוָֽה	3068	HNp
Ezek 13:6	חָ֤זוּ	2372	HVqp3cp
Ezek 13:6	שָׁוְא֙	7723	HNcmsa
Ezek 13:6	וְ/קֶ֣סֶם	c/7081	HC/Ncmsc
Ezek 13:6	כָּזָ֔ב	3577	HNcmsa
Ezek 13:6	הָ/אֹֽמְרִים֙	d/559	HTd/Vqrmpa
Ezek 13:6	נְאֻם	5002	HNcmsc
Ezek 13:6	יְהוָ֔ה	3068	HNp
Ezek 13:6	וַֽ/יהוָ֖ה	c/3068	HC/Np
Ezek 13:6	לֹ֣א	3808	HTn
Ezek 13:6	שְׁלָחָ֑/ם	7971	HVqp3ms/Sp3mp
Ezek 13:6	וְ/יִֽחֲל֖וּ	c/3176	HC/Vpq3cp
Ezek 13:6	לְ/קַיֵּ֥ם	l/6965 b	HR/Vpc
Ezek 13:6	דָּבָֽר	1697	HNcmsa
Ezek 13:7	הֲ/ל֤וֹא	i/3808	HTi/Tn
Ezek 13:7	מַֽחֲזֵה	4236	HNcmsc
Ezek 13:7	שָׁוְא֙	7723	HNcmsa
Ezek 13:7	חֲזִיתֶ֔ם	2372	HVqp2mp
Ezek 13:7	וּ/מִקְסַ֥ם	c/4738	HC/Ncmsc
Ezek 13:7	כָּזָ֖ב	3577	HNcmsa
Ezek 13:7	אֲמַרְתֶּ֑ם	559	HVqp2mp
Ezek 13:7	וְ/אֹֽמְרִים֙	c/559	HC/Vqrmpa
Ezek 13:7	נְאֻם	5002	HNcmsc
Ezek 13:7	יְהוָ֔ה	3068	HNp
Ezek 13:7	וַ/אֲנִ֖י	c/589	HC/Pp1cs
Ezek 13:7	לֹ֥א	3808	HTn
Ezek 13:7	דִבַּֽרְתִּי	1696	HVpp1cs
Ezek 13:8	לָ/כֵ֗ן	l/3651 c	HR/D
Ezek 13:8	כֹּ֤ה	3541	HD
Ezek 13:8	אָמַר֙	559	HVqp3ms
Ezek 13:8	אֲדֹנָ֣/י	136	HNcmpc/Sp1cs
Ezek 13:8	יְהוִ֔ה	3069	HNp
Ezek 13:8	יַ֚עַן	3282	HC
Ezek 13:8	דַּבֶּרְ/כֶ֣ם	1696	HVpc/Sp2mp
Ezek 13:8	שָׁ֔וְא	7723	HNcmsa
Ezek 13:8	וַ/חֲזִיתֶ֖ם	c/2372	HC/Vqp2mp
Ezek 13:8	כָּזָ֑ב	3577	HNcmsa
Ezek 13:8	לָ/כֵן֙	l/3651 c	HR/D
Ezek 13:8	הִנְ/נִ֣י	2005	HTm/Sp1cs
Ezek 13:8	אֲלֵי/כֶ֔ם	413	HR/Sp2mp
Ezek 13:8	נְאֻ֖ם	5002	HNcmsc
Ezek 13:8	אֲדֹנָ֥/י	136	HNcmpc/Sp1cs
Ezek 13:8	יְהוִֽה	3069	HNp
Ezek 13:9	וְ/הָיְתָ֣ה	c/1961	HC/Vqq3fs
Ezek 13:9	יָדִ֗/י	3027	HNcbsc/Sp1cs
Ezek 13:9	אֶֽל	413	HR
Ezek 13:9	הַ/נְּבִיאִ֞ים	d/5030	HTd/Ncmpa
Ezek 13:9	הַ/חֹזִ֣ים	d/2374	HTd/Vqrmpa
Ezek 13:9	שָׁוְא֮	7723	HNcmsa
Ezek 13:9	וְ/הַ/קֹּסְמִ֣ים	c/d/7080	HC/Td/Vqrmpa
Ezek 13:9	כָּזָב֒	3577	HNcmsa
Ezek 13:9	בְּ/ס֧וֹד	b/5475	HR/Ncmsc
Ezek 13:9	עַמִּ֣/י	5971 a	HNcmsc/Sp1cs
Ezek 13:9	לֹֽא	3808	HTn
Ezek 13:9	יִהְי֗וּ	1961	HVqi3mp
Ezek 13:9	וּ/בִ/כְתָ֤ב	c/b/3791	HC/R/Ncmsc
Ezek 13:9	בֵּֽית	1004 b	HNcmsc
Ezek 13:9	יִשְׂרָאֵל֙	3478	HNp
Ezek 13:9	לֹ֣א	3808	HTn
Ezek 13:9	יִכָּתֵ֔בוּ	3789	HVNi3mp
Ezek 13:9	וְ/אֶל	c/413	HC/R
Ezek 13:9	אַדְמַ֥ת	127	HNcfsc
Ezek 13:9	יִשְׂרָאֵ֖ל	3478	HNp
Ezek 13:9	לֹ֣א	3808	HTn
Ezek 13:9	יָבֹ֑אוּ	935	HVqi3mp
Ezek 13:9	וִ/ידַעְתֶּ֕ם	c/3045	HC/Vqq2mp
Ezek 13:9	כִּ֥י	3588 a	HC
Ezek 13:9	אֲנִ֖י	589	HPp1cs
Ezek 13:9	אֲדֹנָ֥/י	136	HNcmpc/Sp1cs
Ezek 13:9	יְהוִֽה	3069	HNp
Ezek 13:10	יַ֣עַן	3282	HC
Ezek 13:10	וּ/בְ/יַ֜עַן	c/b/3282	HC/R/C
Ezek 13:10	הִטְע֧וּ	2937	HVhp3cp
Ezek 13:10	אֶת	853	HTo
Ezek 13:10	עַמִּ֛/י	5971 a	HNcmsc/Sp1cs
Ezek 13:10	לֵ/אמֹ֥ר	l/559	HR/Vqc
Ezek 13:10	שָׁל֖וֹם	7965	HNcmsa
Ezek 13:10	וְ/אֵ֣ין	c/369	HC/Tn
Ezek 13:10	שָׁל֑וֹם	7965	HNcmsa
Ezek 13:10	וְ/הוּא֙	c/1931	HC/Pp3ms
Ezek 13:10	בֹּ֣נֶה	1129	HVqrmsa
Ezek 13:10	חַ֔יִץ	2434	HNcmsa
Ezek 13:10	וְ/הִנָּ֛/ם	c/2009	HC/Tm/Sp3mp
Ezek 13:10	טָחִ֥ים	2902 a	HVqrmpa
Ezek 13:10	אֹת֖/וֹ	853	HTo/Sp3ms
Ezek 13:10	תָּפֵֽל	8602 b	HNcmsa
Ezek 13:11	אֱמֹ֛ר	559	HVqv2ms
Ezek 13:11	אֶל	413	HR
Ezek 13:11	טָחֵ֥י	2902 a	HVqrmpc
Ezek 13:11	תָפֵ֖ל	8602 b	HNcmsa
Ezek 13:11	וְ/יִפֹּ֑ל	c/5307	HC/Vqi3ms
Ezek 13:11	הָיָ֣ה	1961	HVqp3ms
Ezek 13:11	גֶּ֣שֶׁם	1653	HNcmsa
Ezek 13:11	שׁוֹטֵ֗ף	7857	HVqrmsa
Ezek 13:11	וְ/אַתֵּ֜נָה	c/859 e	HC/Pp2fp
Ezek 13:11	אַבְנֵ֤י	68	HNcfpc
Ezek 13:11	אֶלְגָּבִישׁ֙	417	HNcmsa
Ezek 13:11	תִּפֹּ֔לְנָה	5307	HVqi2fp
Ezek 13:11	וְ/ר֥וּחַ	c/7307	HC/Ncbsc
Ezek 13:11	סְעָר֖וֹת	5591 b	HNcfpa
Ezek 13:11	תְּבַקֵּֽעַ	1234	HVpi3fs
Ezek 13:12	וְ/הִנֵּ֖ה	c/2009	HC/Tm
Ezek 13:12	נָפַ֣ל	5307	HVqp3ms
Ezek 13:12	הַ/קִּ֑יר	d/7023	HTd/Ncmsa
Ezek 13:12	הֲ/לוֹא֙	i/3808	HTi/Tn
Ezek 13:12	יֵאָמֵ֣ר	559	HVNi3ms
Ezek 13:12	אֲלֵי/כֶ֔ם	413	HR/Sp2mp
Ezek 13:12	אַיֵּ֥ה	346	HTi
Ezek 13:12	הַ/טִּ֖יחַ	d/2915	HTd/Ncmsa
Ezek 13:12	אֲשֶׁ֥ר	834 a	HTr
Ezek 13:12	טַחְתֶּֽם	2902 a	HVqp2mp
Ezek 13:13	לָ/כֵ֗ן	l/3651 c	HR/D
Ezek 13:13	כֹּ֤ה	3541	HD
Ezek 13:13	אָמַר֙	559	HVqp3ms
Ezek 13:13	אֲדֹנָ֣/י	136	HNcmpc/Sp1cs
Ezek 13:13	יְהוִ֔ה	3069	HNp
Ezek 13:13	וּ/בִקַּעְתִּ֥י	c/1234	HC/Vpq1cs
Ezek 13:13	רֽוּחַ	7307	HNcbsc
Ezek 13:13	סְעָר֖וֹת	5591 b	HNcfpa
Ezek 13:13	בַּֽ/חֲמָתִ֑/י	b/2534	HR/Ncfsc/Sp1cs
Ezek 13:13	וְ/גֶ֤שֶׁם	c/1653	HC/Ncmsa
Ezek 13:13	שֹׁטֵף֙	7857	HVqrmsa
Ezek 13:13	בְּ/אַפִּ֣/י	b/639	HR/Ncmsc/Sp1cs
Ezek 13:13	יִֽהְיֶ֔ה	1961	HVqi3ms
Ezek 13:13	וְ/אַבְנֵ֥י	c/68	HC/Ncfpc
Ezek 13:13	אֶלְגָּבִ֖ישׁ	417	HNcmsa
Ezek 13:13	בְּ/חֵמָ֥ה	b/2534	HR/Ncfsa
Ezek 13:13	לְ/כָלָֽה	l/3617	HR/Ncfsa
Ezek 13:14	וְ/הָ֨רַסְתִּ֜י	c/2040	HC/Vqq1cs
Ezek 13:14	אֶת	853	HTo
Ezek 13:14	הַ/קִּ֨יר	d/7023	HTd/Ncmsa
Ezek 13:14	אֲשֶׁר	834 a	HTr
Ezek 13:14	טַחְתֶּ֥ם	2902 a	HVqp2mp
Ezek 13:14	תָּפֵ֛ל	8602 b	HNcmsa
Ezek 13:14	וְ/הִגַּעְתִּ֥י/הוּ	c/5060	HC/Vhq1cs/Sp3ms
Ezek 13:14	אֶל	413	HR
Ezek 13:14	הָ/אָ֖רֶץ	d/776	HTd/Ncbsa
Ezek 13:14	וְ/נִגְלָ֣ה	c/1540	HC/VNq3ms
Ezek 13:14	יְסֹד֑/וֹ	3247	HNcmsc/Sp3ms
Ezek 13:14	וְ/נָֽפְלָה֙	c/5307	HC/Vqq3fs
Ezek 13:14	וּ/כְלִיתֶ֣ם	c/3615	HC/Vqq2mp
Ezek 13:14	בְּ/תוֹכָ֔/הּ	b/8432	HR/Ncmsc/Sp3fs
Ezek 13:14	וִֽ/ידַעְתֶּ֖ם	c/3045	HC/Vqq2mp
Ezek 13:14	כִּֽי	3588 a	HC
Ezek 13:14	אֲנִ֥י	589	HPp1cs
Ezek 13:14	יְהוָֽה	3068	HNp
Ezek 13:15	וְ/כִלֵּיתִ֤י	c/3615	HC/Vpq1cs
Ezek 13:15	אֶת	853	HTo
Ezek 13:15	חֲמָתִ/י֙	2534	HNcfsc/Sp1cs
Ezek 13:15	בַּ/קִּ֔יר	b/7023	HRd/Ncmsa
Ezek 13:15	וּ/בַ/טָּחִ֥ים	c/b/2902 a	HC/Rd/Vqrmpa
Ezek 13:15	אֹת֖/וֹ	853	HTo/Sp3ms
Ezek 13:15	תָּפֵ֑ל	8602 b	HNcmsa
Ezek 13:15	וְ/אֹמַ֤ר	c/559	HC/Vqi1cs
Ezek 13:15	לָ/כֶם֙	l	HR/Sp2mp
Ezek 13:15	אֵ֣ין	369	HTn
Ezek 13:15	הַ/קִּ֔יר	d/7023	HTd/Ncmsa
Ezek 13:15	וְ/אֵ֖ין	c/369	HC/Tn
Ezek 13:15	הַ/טָּחִ֥ים	d/2902 a	HTd/Vqrmpa
Ezek 13:15	אֹתֽ/וֹ	853	HTo/Sp3ms
Ezek 13:16	נְבִיאֵ֣י	5030	HNcmpc
Ezek 13:16	יִשְׂרָאֵ֗ל	3478	HNp
Ezek 13:16	הַֽ/נִבְּאִים֙	d/5012	HTd/VNrmpa
Ezek 13:16	אֶל	413	HR
Ezek 13:16	יְר֣וּשָׁלִַ֔ם	3389	HNp
Ezek 13:16	וְ/הַ/חֹזִ֥ים	c/d/2374	HC/Td/Vqrmpa
Ezek 13:16	לָ֖/הּ	l	HR/Sp3fs
Ezek 13:16	חֲז֣וֹן	2377	HNcmsc
Ezek 13:16	שָׁלֹ֑ם	7965	HNcmsa
Ezek 13:16	וְ/אֵ֣ין	c/369	HC/Tn
Ezek 13:16	שָׁלֹ֔ם	7965	HNcmsa
Ezek 13:16	נְאֻ֖ם	5002	HNcmsc
Ezek 13:16	אֲדֹנָ֥/י	136	HNcmpc/Sp1cs
Ezek 13:16	יְהֹוִֽה	3069	HNp
Ezek 13:17	וְ/אַתָּ֣ה	c/859 a	HC/Pp2ms
Ezek 13:17	בֶן	1121 a	HNcmsc
Ezek 13:17	אָדָ֗ם	120	HNcmsa
Ezek 13:17	שִׂ֤ים	7760 a	HVqv2ms
Ezek 13:17	פָּנֶ֨י/ךָ֙	6440	HNcbpc/Sp2ms
Ezek 13:17	אֶל	413	HR
Ezek 13:17	בְּנ֣וֹת	1323	HNcfpc
Ezek 13:17	עַמְּ/ךָ֔	5971 a	HNcmsc/Sp2ms
Ezek 13:17	הַ/מִּֽתְנַבְּא֖וֹת	d/5012	HTd/Vtrfpa
Ezek 13:17	מִֽ/לִּבְּ/הֶ֑ן	m/3820 a	HR/Ncmsc/Sp3fp
Ezek 13:17	וְ/הִנָּבֵ֖א	c/5012	HC/VNv2ms
Ezek 13:17	עֲלֵי/הֶֽן	5921 a	HR/Sp3fp
Ezek 13:18	וְ/אָמַרְתָּ֞	c/559	HC/Vqq2ms
Ezek 13:18	כֹּה	3541	HD
Ezek 13:18	אָמַ֣ר	559	HVqp3ms
Ezek 13:18	אֲדֹנָ֣/י	136	HNcmpc/Sp1cs
Ezek 13:18	יְהוִ֗ה	3069	HNp
Ezek 13:18	הוֹי֩	1945	HTj
Ezek 13:18	לִֽ/מְתַפְּר֨וֹת	l/8609	HR/Vprfpa
Ezek 13:18	כְּסָת֜וֹת	3704	HNcfpa
Ezek 13:18	עַ֣ל	5921 a	HR
Ezek 13:18	כָּל	3605	HNcmsc
Ezek 13:18	אַצִּילֵ֣י	679	HNcfpc
Ezek 13:18	יָדַ֗/י	3027	HNcbdc/Sp1cs
Ezek 13:18	וְ/עֹשׂ֧וֹת	c/6213 a	HC/Vqrfpa
Ezek 13:18	הַ/מִּסְפָּח֛וֹת	d/4555	HTd/Ncfpa
Ezek 13:18	עַל	5921 a	HR
Ezek 13:18	רֹ֥אשׁ	7218 a	HNcmsc
Ezek 13:18	כָּל	3605	HNcmsc
Ezek 13:18	קוֹמָ֖ה	6967	HNcfsa
Ezek 13:18	לְ/צוֹדֵ֣ד	l/6679 a	HR/Voc
Ezek 13:18	נְפָשׁ֑וֹת	5315	HNcbpa
Ezek 13:18	הַ/נְּפָשׁוֹת֙	d/5315	HTd/Ncbpa
Ezek 13:18	תְּצוֹדֵ֣דְנָה	6679 a	HVoi2fp
Ezek 13:18	לְ/עַמִּ֔/י	l/5971 a	HR/Ncmsc/Sp1cs
Ezek 13:18	וּ/נְפָשׁ֖וֹת	c/5315	HC/Ncbpa
Ezek 13:18	לָ/כֶ֥נָה	l	HR/Sp2fp
Ezek 13:18	תְחַיֶּֽינָה	2421	HVpi2fp
Ezek 13:19	וַ/תְּחַלֶּלְ֨נָה	c/2490 c	HC/Vpw2fp
Ezek 13:19	אֹתִ֜/י	853	HTo/Sp1cs
Ezek 13:19	אֶל	413	HR
Ezek 13:19	עַמִּ֗/י	5971 a	HNcmsc/Sp1cs
Ezek 13:19	בְּ/שַׁעֲלֵ֣י	b/8168	HR/Ncmpc
Ezek 13:19	שְׂעֹרִים֮	8184	HNcfpa
Ezek 13:19	וּ/בִ/פְת֣וֹתֵי	c/b/6595 b	HC/R/Ncmpc
Ezek 13:19	לֶחֶם֒	3899	HNcbsa
Ezek 13:19	לְ/הָמִ֤ית	l/4191	HR/Vhc
Ezek 13:19	נְפָשׁוֹת֙	5315	HNcbpa
Ezek 13:19	אֲשֶׁ֣ר	834 a	HTr
Ezek 13:19	לֹֽא	3808	HTn
Ezek 13:19	תְמוּתֶ֔נָה	4191	HVqi3fp
Ezek 13:19	וּ/לְ/חַיּ֥וֹת	c/l/2421	HC/R/Vpc
Ezek 13:19	נְפָשׁ֖וֹת	5315	HNcbpa
Ezek 13:19	אֲשֶׁ֣ר	834 a	HTr
Ezek 13:19	לֹא	3808	HTn
Ezek 13:19	תִֽחְיֶ֑ינָה	2421	HVqi3fp
Ezek 13:19	בְּ/כַ֨זֶּבְ/כֶ֔ם	b/3576	HR/Vpc/Sp2mp
Ezek 13:19	לְ/עַמִּ֖/י	l/5971 a	HR/Ncmsc/Sp1cs
Ezek 13:19	שֹׁמְעֵ֥י	8085	HVqrmpc
Ezek 13:19	כָזָֽב	3577	HNcmsa
Ezek 13:20	לָ/כֵ֞ן	l/3651 c	HR/D
Ezek 13:20	כֹּה	3541	HD
Ezek 13:20	אָמַ֣ר	559	HVqp3ms
Ezek 13:20	אֲדֹנָ֣/י	136	HNcmpc/Sp1cs
Ezek 13:20	יְהוִ֗ה	3069	HNp
Ezek 13:20	הִנְ/נִ֤י	2005	HTm/Sp1cs
Ezek 13:20	אֶל	413	HR
Ezek 13:20	כִּסְּתוֹתֵי/כֶ֨נָה֙	3704	HNcfpc/Sp2fp
Ezek 13:20	אֲשֶׁ֣ר	834 a	HTr
Ezek 13:20	אַ֠תֵּנָה	859 e	HPp2fp
Ezek 13:20	מְצֹדְד֨וֹת	6679 a	HVorfpa
Ezek 13:20	שָׁ֤ם	8033	HD
Ezek 13:20	אֶת	853	HTo
Ezek 13:20	הַ/נְּפָשׁוֹת֙	d/5315	HTd/Ncbpa
Ezek 13:20	לְ/פֹ֣רְח֔וֹת	l/6524 c	HR/Vqrfpa
Ezek 13:20	וְ/קָרַעְתִּ֣י	c/7167	HC/Vqq1cs
Ezek 13:20	אֹתָ֔/ם	853	HTo/Sp3mp
Ezek 13:20	מֵ/עַ֖ל	m/5921 a	HR/R
Ezek 13:20	זְרוֹעֹֽתֵי/כֶ֑ם	2220	HNcbpc/Sp2mp
Ezek 13:20	וְ/שִׁלַּחְתִּי֙	c/7971	HC/Vpq1cs
Ezek 13:20	אֶת	853	HTo
Ezek 13:20	הַ/נְּפָשׁ֔וֹת	d/5315	HTd/Ncbpa
Ezek 13:20	אֲשֶׁ֥ר	834 a	HTr
Ezek 13:20	אַתֶּ֛ם	859 d	HPp2mp
Ezek 13:20	מְצֹדְד֥וֹת	6679 a	HVorfpa
Ezek 13:20	אֶת	853	HTo
Ezek 13:20	נְפָשִׁ֖ים	5315	HNcbpa
Ezek 13:20	לְ/פֹרְחֹֽת	l/6524 c	HR/Vqrfpa
Ezek 13:21	וְ/קָרַעְתִּ֞י	c/7167	HC/Vqq1cs
Ezek 13:21	אֶת	853	HTo
Ezek 13:21	מִסְפְּחֹֽתֵי/כֶ֗ם	4555	HNcfpc/Sp2mp
Ezek 13:21	וְ/הִצַּלְתִּ֤י	c/5337	HC/Vhq1cs
Ezek 13:21	אֶת	853	HTo
Ezek 13:21	עַמִּ/י֙	5971 a	HNcmsc/Sp1cs
Ezek 13:21	מִ/יֶּדְ/כֶ֔ן	m/3027	HR/Ncbsc/Sp2fp
Ezek 13:21	וְ/לֹֽא	c/3808	HC/Tn
Ezek 13:21	יִהְי֥וּ	1961	HVqi3mp
Ezek 13:21	ע֛וֹד	5750	HD
Ezek 13:21	בְּ/יֶדְ/כֶ֖ן	b/3027	HR/Ncbsc/Sp2fp
Ezek 13:21	לִ/מְצוּדָ֑ה	l/4686 a	HR/Ncfsa
Ezek 13:21	וִֽ/ידַעְתֶּ֖ן	c/3045	HC/Vqq2fp
Ezek 13:21	כִּֽי	3588 a	HC
Ezek 13:21	אֲנִ֥י	589	HPp1cs
Ezek 13:21	יְהוָֽה	3068	HNp
Ezek 13:22	יַ֣עַן	3282	HC
Ezek 13:22	הַכְא֤וֹת	3512 a	HVhc
Ezek 13:22	לֵב	3820 a	HNcmsa
Ezek 13:22	צַדִּיק֙	6662	HAamsa
Ezek 13:22	שֶׁ֔קֶר	8267	HNcmsa
Ezek 13:22	וַ/אֲנִ֖י	c/589	HC/Pp1cs
Ezek 13:22	לֹ֣א	3808	HTn
Ezek 13:22	הִכְאַבְתִּ֑י/ו	3510	HVhp1cs/Sp3ms
Ezek 13:22	וּ/לְ/חַזֵּק֙	c/l/2388	HC/R/Vpc
Ezek 13:22	יְדֵ֣י	3027	HNcbdc
Ezek 13:22	רָשָׁ֔ע	7563	HAamsa
Ezek 13:22	לְ/בִלְתִּי	l/1115	HR/C
Ezek 13:22	שׁ֛וּב	7725	HVqc
Ezek 13:22	מִ/דַּרְכּ֥/וֹ	m/1870	HR/Ncbsc/Sp3ms
Ezek 13:22	הָ/רָ֖ע	d/7451 a	HTd/Aamsa
Ezek 13:22	לְ/הַחֲיֹתֽ/וֹ	l/2421	HR/Vhc/Sp3ms
Ezek 13:23	לָ/כֵ֗ן	l/3651 c	HR/D
Ezek 13:23	שָׁ֚וְא	7723	HNcmsa
Ezek 13:23	לֹ֣א	3808	HTn
Ezek 13:23	תֶחֱזֶ֔ינָה	2372	HVqi2fp
Ezek 13:23	וְ/קֶ֖סֶם	c/7081	HC/Ncmsa
Ezek 13:23	לֹא	3808	HTn
Ezek 13:23	תִקְסַ֣מְנָה	7080	HVqi2fp
Ezek 13:23	ע֑וֹד	5750	HD
Ezek 13:23	וְ/הִצַּלְתִּ֤י	c/5337	HC/Vhq1cs
Ezek 13:23	אֶת	853	HTo
Ezek 13:23	עַמִּ/י֙	5971 a	HNcmsc/Sp1cs
Ezek 13:23	מִ/יֶּדְ/כֶ֔ן	m/3027	HR/Ncbsc/Sp2fp
Ezek 13:23	וִֽ/ידַעְתֶּ֖ן	c/3045	HC/Vqq2fp
Ezek 13:23	כִּֽי	3588 a	HC
Ezek 13:23	אֲנִ֥י	589	HPp1cs
Ezek 13:23	יְהוָֽה	3068	HNp
Ezek 14:1	וַ/יָּב֤וֹא	c/935	HC/Vqw3ms
Ezek 14:1	אֵלַ/י֙	413	HR/Sp1cs
Ezek 14:1	אֲנָשִׁ֔ים	376	HNcmpa
Ezek 14:1	מִ/זִּקְנֵ֖י	m/2205	HR/Aampc
Ezek 14:1	יִשְׂרָאֵ֑ל	3478	HNp
Ezek 14:1	וַ/יֵּשְׁב֖וּ	c/3427	HC/Vqw3mp
Ezek 14:1	לְ/פָנָֽ/י	l/6440	HR/Ncbpc/Sp1cs
Ezek 14:2	וַ/יְהִ֥י	c/1961	HC/Vqw3ms
Ezek 14:2	דְבַר	1697	HNcmsc
Ezek 14:2	יְהוָ֖ה	3068	HNp
Ezek 14:2	אֵלַ֥/י	413	HR/Sp1cs
Ezek 14:2	לֵ/אמֹֽר	l/559	HR/Vqc
Ezek 14:3	בֶּן	1121 a	HNcmsc
Ezek 14:3	אָדָ֗ם	120	HNcmsa
Ezek 14:3	הָ/אֲנָשִׁ֤ים	d/376	HTd/Ncmpa
Ezek 14:3	הָ/אֵ֨לֶּה֙	d/428	HTd/Pdxcp
Ezek 14:3	הֶעֱל֤וּ	5927	HVhp3cp
Ezek 14:3	גִלּֽוּלֵי/הֶם֙	1544	HNcmpc/Sp3mp
Ezek 14:3	עַל	5921 a	HR
Ezek 14:3	לִבָּ֔/ם	3820 a	HNcmsc/Sp3mp
Ezek 14:3	וּ/מִכְשׁ֣וֹל	c/4383	HC/Ncmsc
Ezek 14:3	עֲוֺנָ֔/ם	5771	HNcbsc/Sp3mp
Ezek 14:3	נָתְנ֖וּ	5414	HVqp3cp
Ezek 14:3	נֹ֣כַח	5227	HR
Ezek 14:3	פְּנֵי/הֶ֑ם	6440	HNcbpc/Sp3mp
Ezek 14:3	הַ/אִדָּרֹ֥שׁ	i/1875	HTi/VNa
Ezek 14:3	אִדָּרֵ֖שׁ	1875	HVNi1cs
Ezek 14:3	לָ/הֶֽם	l	HR/Sp3mp
Ezek 14:4	לָ/כֵ֣ן	l/3651 c	HR/D
Ezek 14:4	דַּבֵּר	1696	HVpv2ms
Ezek 14:4	א֠וֹתָ/ם	853	HTo/Sp3mp
Ezek 14:4	וְ/אָמַרְתָּ֨	c/559	HC/Vqq2ms
Ezek 14:4	אֲלֵי/הֶ֜ם	413	HR/Sp3mp
Ezek 14:4	כֹּה	3541	HD
Ezek 14:4	אָמַ֣ר	559	HVqp3ms
Ezek 14:4	אֲדֹנָ֣/י	136	HNcmpc/Sp1cs
Ezek 14:4	יְהוִ֗ה	3069	HNp
Ezek 14:4	אִ֣ישׁ	376	HNcmsa
Ezek 14:4	אִ֣ישׁ	376	HNcmsa
Ezek 14:4	מִ/בֵּ֣ית	m/1004 b	HR/Ncmsc
Ezek 14:4	יִשְׂרָאֵ֡ל	3478	HNp
Ezek 14:4	אֲשֶׁר֩	834 a	HTr
Ezek 14:4	יַעֲלֶ֨ה	5927	HVhi3ms
Ezek 14:4	אֶת	853	HTo
Ezek 14:4	גִּלּוּלָ֜י/ו	1544	HNcmpc/Sp3ms
Ezek 14:4	אֶל	413	HR
Ezek 14:4	לִבּ֗/וֹ	3820 a	HNcmsc/Sp3ms
Ezek 14:4	וּ/מִכְשׁ֤וֹל	c/4383	HC/Ncmsc
Ezek 14:4	עֲוֺנ/וֹ֙	5771	HNcbsc/Sp3ms
Ezek 14:4	יָשִׂים֙	7760 a	HVqi3ms
Ezek 14:4	נֹ֣כַח	5227	HR
Ezek 14:4	פָּנָ֔י/ו	6440	HNcbpc/Sp3ms
Ezek 14:4	וּ/בָ֖א	c/935	HC/Vqq3ms
Ezek 14:4	אֶל	413	HR
Ezek 14:4	הַ/נָּבִ֑יא	d/5030	HTd/Ncmsa
Ezek 14:4	אֲנִ֣י	589	HPp1cs
Ezek 14:4	יְהוָ֗ה	3068	HNp
Ezek 14:4	נַעֲנֵ֧יתִי	6030 b	HVNp1cs
Ezek 14:4	ל֦/וֹ	l	HR/Sp3ms
Ezek 14:4	ב/ה	b	HR/Sp3fs
Ezek 14:4	בְּ/רֹ֥ב	b/7230	HR/Ncbsc
Ezek 14:4	גִּלּוּלָֽי/ו	1544	HNcmpc/Sp3ms
Ezek 14:5	לְמַ֛עַן	4616	HR
Ezek 14:5	תְּפֹ֥שׂ	8610	HVqc
Ezek 14:5	אֶת	853	HTo
Ezek 14:5	בֵּֽית	1004 b	HNcmsc
Ezek 14:5	יִשְׂרָאֵ֖ל	3478	HNp
Ezek 14:5	בְּ/לִבָּ֑/ם	b/3820 a	HR/Ncmsc/Sp3mp
Ezek 14:5	אֲשֶׁ֤ר	834 a	HTr
Ezek 14:5	נָזֹ֨רוּ֙	2114 a	HVNp3cp
Ezek 14:5	מֵֽ/עָלַ֔/י	m/5921 a	HR/R/Sp1cs
Ezek 14:5	בְּ/גִלּֽוּלֵי/הֶ֖ם	b/1544	HR/Ncmpc/Sp3mp
Ezek 14:5	כֻּלָּֽ/ם	3605	HNcmsc/Sp3mp
Ezek 14:6	לָ/כֵ֞ן	l/3651 c	HR/D
Ezek 14:6	אֱמֹ֣ר	559	HVqv2ms
Ezek 14:6	אֶל	413	HR
Ezek 14:6	בֵּ֣ית	1004 b	HNcmsc
Ezek 14:6	יִשְׂרָאֵ֗ל	3478	HNp
Ezek 14:6	כֹּ֤ה	3541	HD
Ezek 14:6	אָמַר֙	559	HVqp3ms
Ezek 14:6	אֲדֹנָ֣/י	136	HNcmpc/Sp1cs
Ezek 14:6	יְהוִ֔ה	3069	HNp
Ezek 14:6	שׁ֣וּבוּ	7725	HVqv2mp
Ezek 14:6	וְ/הָשִׁ֔יבוּ	c/7725	HC/Vhv2mp
Ezek 14:6	מֵ/עַ֖ל	m/5921 a	HR/R
Ezek 14:6	גִּלּֽוּלֵי/כֶ֑ם	1544	HNcmpc/Sp2mp
Ezek 14:6	וּ/מֵ/עַ֥ל	c/m/5921 a	HC/R/R
Ezek 14:6	כָּל	3605	HNcmsc
Ezek 14:6	תּוֹעֲבֹתֵי/כֶ֖ם	8441	HNcfpc/Sp2mp
Ezek 14:6	הָשִׁ֥יבוּ	7725	HVhv2mp
Ezek 14:6	פְנֵי/כֶֽם	6440	HNcbpc/Sp2mp
Ezek 14:7	כִּי֩	3588 a	HC
Ezek 14:7	אִ֨ישׁ	376	HNcmsa
Ezek 14:7	אִ֜ישׁ	376	HNcmsa
Ezek 14:7	מִ/בֵּ֣ית	m/1004 b	HR/Ncmsc
Ezek 14:7	יִשְׂרָאֵ֗ל	3478	HNp
Ezek 14:7	וּ/מֵ/הַ/גֵּר֮	c/m/d/1616	HC/R/Td/Ncmsa
Ezek 14:7	אֲשֶׁר	834 a	HTr
Ezek 14:7	יָג֣וּר	1481 a	HVqi3ms
Ezek 14:7	בְּ/יִשְׂרָאֵל֒	b/3478	HR/Np
Ezek 14:7	וְ/יִנָּזֵ֣ר	c/5144 a	HC/VNi3ms
Ezek 14:7	מֵֽ/אַחֲרַ֗/י	m/310 a	HR/R/Sp1cs
Ezek 14:7	וְ/יַ֤עַל	c/5927	HC/Vhj3ms
Ezek 14:7	גִּלּוּלָי/ו֙	1544	HNcmpc/Sp3ms
Ezek 14:7	אֶל	413	HR
Ezek 14:7	לִבּ֔/וֹ	3820 a	HNcmsc/Sp3ms
Ezek 14:7	וּ/מִכְשׁ֣וֹל	c/4383	HC/Ncmsc
Ezek 14:7	עֲוֺנ֔/וֹ	5771	HNcbsc/Sp3ms
Ezek 14:7	יָשִׂ֖ים	7760 a	HVqi3ms
Ezek 14:7	נֹ֣כַח	5227	HR
Ezek 14:7	פָּנָ֑י/ו	6440	HNcbpc/Sp3ms
Ezek 14:7	וּ/בָ֤א	c/935	HC/Vqq3ms
Ezek 14:7	אֶל	413	HR
Ezek 14:7	הַ/נָּבִיא֙	d/5030	HTd/Ncmsa
Ezek 14:7	לִ/דְרָשׁ	l/1875	HR/Vqc
Ezek 14:7	ל֣/וֹ	l	HR/Sp3ms
Ezek 14:7	בִ֔/י	b	HR/Sp1cs
Ezek 14:7	אֲנִ֣י	589	HPp1cs
Ezek 14:7	יְהוָ֔ה	3068	HNp
Ezek 14:7	נַֽעֲנֶה	6030 b	HVNrmsa
Ezek 14:7	לּ֖/וֹ	l	HR/Sp3ms
Ezek 14:7	בִּֽ/י	b	HR/Sp1cs
Ezek 14:8	וְ/נָתַתִּ֨י	c/5414	HC/Vqq1cs
Ezek 14:8	פָנַ֜/י	6440	HNcbpc/Sp1cs
Ezek 14:8	בָּ/אִ֣ישׁ	b/376	HRd/Ncmsa
Ezek 14:8	הַ/ה֗וּא	d/1931	HTd/Pp3ms
Ezek 14:8	וַ/הֲשִֽׂמֹתִ֨י/הוּ֙	c/8074	HC/Vhq1cs/Sp3ms
Ezek 14:8	לְ/א֣וֹת	l/226	HR/Ncbsa
Ezek 14:8	וְ/לִ/מְשָׁלִ֔ים	c/l/4912	HC/R/Ncmpa
Ezek 14:8	וְ/הִכְרַתִּ֖י/ו	c/3772	HC/Vhq1cs/Sp3ms
Ezek 14:8	מִ/תּ֣וֹךְ	m/8432	HR/Ncmsc
Ezek 14:8	עַמִּ֑/י	5971 a	HNcmsc/Sp1cs
Ezek 14:8	וִֽ/ידַעְתֶּ֖ם	c/3045	HC/Vqq2mp
Ezek 14:8	כִּֽי	3588 a	HC
Ezek 14:8	אֲנִ֥י	589	HPp1cs
Ezek 14:8	יְהוָֽה	3068	HNp
Ezek 14:9	וְ/הַ/נָּבִ֤יא	c/d/5030	HC/Td/Ncmsa
Ezek 14:9	כִֽי	3588 a	HC
Ezek 14:9	יְפֻתֶּה֙	6601 b	HVPi3ms
Ezek 14:9	וְ/דִבֶּ֣ר	c/1696	HC/Vpq3ms
Ezek 14:9	דָּבָ֔ר	1697	HNcmsa
Ezek 14:9	אֲנִ֤י	589	HPp1cs
Ezek 14:9	יְהוָה֙	3068	HNp
Ezek 14:9	פִּתֵּ֔יתִי	6601 b	HVpp1cs
Ezek 14:9	אֵ֖ת	853	HTo
Ezek 14:9	הַ/נָּבִ֣יא	d/5030	HTd/Ncmsa
Ezek 14:9	הַ/ה֑וּא	d/1931	HTd/Pp3ms
Ezek 14:9	וְ/נָטִ֤יתִי	c/5186	HC/Vqq1cs
Ezek 14:9	אֶת	853	HTo
Ezek 14:9	יָדִ/י֙	3027	HNcbsc/Sp1cs
Ezek 14:9	עָלָ֔י/ו	5921 a	HR/Sp3ms
Ezek 14:9	וְ/הִ֨שְׁמַדְתִּ֔י/ו	c/8045	HC/Vhq1cs/Sp3ms
Ezek 14:9	מִ/תּ֖וֹךְ	m/8432	HR/Ncmsc
Ezek 14:9	עַמִּ֥/י	5971 a	HNcmsc/Sp1cs
Ezek 14:9	יִשְׂרָאֵֽל	3478	HNp
Ezek 14:10	וְ/נָשְׂא֖וּ	c/5375	HC/Vqq3cp
Ezek 14:10	עֲוֺנָ֑/ם	5771	HNcbsc/Sp3mp
Ezek 14:10	כַּֽ/עֲוֺן֙	k/5771	HR/Ncbsc
Ezek 14:10	הַ/דֹּרֵ֔שׁ	d/1875	HTd/Vqrmsa
Ezek 14:10	כַּ/עֲוֺ֥ן	k/5771	HR/Ncbsc
Ezek 14:10	הַ/נָּבִ֖יא	d/5030	HTd/Ncmsa
Ezek 14:10	יִֽהְיֶֽה	1961	HVqi3ms
Ezek 14:11	לְ֠מַעַן	4616	HR
Ezek 14:11	לֹֽא	3808	HTn
Ezek 14:11	יִתְע֨וּ	8582	HVqi3mp
Ezek 14:11	ע֤וֹד	5750	HD
Ezek 14:11	בֵּֽית	1004 b	HNcmsc
Ezek 14:11	יִשְׂרָאֵל֙	3478	HNp
Ezek 14:11	מֵ/אַֽחֲרַ֔/י	m/310 a	HR/R/Sp1cs
Ezek 14:11	וְ/לֹֽא	c/3808	HC/Tn
Ezek 14:11	יִטַּמְּא֥וּ	2930 a	HVti3mp
Ezek 14:11	ע֖וֹד	5750	HD
Ezek 14:11	בְּ/כָל	b/3605	HR/Ncmsc
Ezek 14:11	פִּשְׁעֵי/הֶ֑ם	6588	HNcmpc/Sp3mp
Ezek 14:11	וְ/הָ֥יוּ	c/1961	HC/Vqq3cp
Ezek 14:11	לִ֣/י	l	HR/Sp1cs
Ezek 14:11	לְ/עָ֗ם	l/5971 a	HR/Ncmsa
Ezek 14:11	וַֽ/אֲנִי֙	c/589	HC/Pp1cs
Ezek 14:11	אֶהְיֶ֤ה	1961	HVqi1cs
Ezek 14:11	לָ/הֶם֙	l	HR/Sp3mp
Ezek 14:11	לֵֽ/אלֹהִ֔ים	l/430	HR/Ncmpa
Ezek 14:11	נְאֻ֖ם	5002	HNcmsc
Ezek 14:11	אֲדֹנָ֥/י	136	HNcmpc/Sp1cs
Ezek 14:11	יְהוִֽה	3069	HNp
Ezek 14:12	וַ/יְהִ֥י	c/1961	HC/Vqw3ms
Ezek 14:12	דְבַר	1697	HNcmsc
Ezek 14:12	יְהוָ֖ה	3068	HNp
Ezek 14:12	אֵלַ֥/י	413	HR/Sp1cs
Ezek 14:12	לֵ/אמֹֽר	l/559	HR/Vqc
Ezek 14:13	בֶּן	1121 a	HNcmsc
Ezek 14:13	אָדָ֗ם	120	HNcmsa
Ezek 14:13	אֶ֚רֶץ	776	HNcbsa
Ezek 14:13	כִּ֤י	3588 a	HC
Ezek 14:13	תֶחֱטָא	2398	HVqi3fs
Ezek 14:13	לִ/י֙	l	HR/Sp1cs
Ezek 14:13	לִ/מְעָל	l/4603	HR/Vqc
Ezek 14:13	מַ֔עַל	4604	HNcmsa
Ezek 14:13	וְ/נָטִ֤יתִי	c/5186	HC/Vqq1cs
Ezek 14:13	יָדִ/י֙	3027	HNcbsc/Sp1cs
Ezek 14:13	עָלֶ֔י/הָ	5921 a	HR/Sp3fs
Ezek 14:13	וְ/שָׁבַ֥רְתִּי	c/7665	HC/Vqq1cs
Ezek 14:13	לָ֖/הּ	l	HR/Sp3fs
Ezek 14:13	מַטֵּה	4294	HNcmsc
Ezek 14:13	לָ֑חֶם	3899	HNcbsa
Ezek 14:13	וְ/הִשְׁלַחְתִּי	c/7971	HC/Vhq1cs
Ezek 14:13	בָ֣/הּ	b	HR/Sp3fs
Ezek 14:13	רָעָ֔ב	7458	HNcmsa
Ezek 14:13	וְ/הִכְרַתִּ֥י	c/3772	HC/Vhq1cs
Ezek 14:13	מִמֶּ֖/נָּה	4480 a	HR/Sp3fs
Ezek 14:13	אָדָ֥ם	120	HNcmsa
Ezek 14:13	וּ/בְהֵמָֽה	c/929	HC/Ncfsa
Ezek 14:14	וְ֠/הָיוּ	c/1961	HC/Vqq3cp
Ezek 14:14	שְׁלֹ֨שֶׁת	7969	HAcmsc
Ezek 14:14	הָ/אֲנָשִׁ֤ים	d/376	HTd/Ncmpa
Ezek 14:14	הָ/אֵ֨לֶּה֙	d/428	HTd/Pdxcp
Ezek 14:14	בְּ/תוֹכָ֔/הּ	b/8432	HR/Ncmsc/Sp3fs
Ezek 14:14	נֹ֖חַ	5146	HNp
Ezek 14:14	דנאל	1840	HNp
Ezek 14:14	וְ/אִיּ֑וֹב	c/347	HC/Np
Ezek 14:14	הֵ֤מָּה	1992	HPp3mp
Ezek 14:14	בְ/צִדְקָתָ/ם֙	b/6666	HR/Ncfsc/Sp3mp
Ezek 14:14	יְנַצְּל֣וּ	5337	HVpi3mp
Ezek 14:14	נַפְשָׁ֔/ם	5315	HNcbsc/Sp3mp
Ezek 14:14	נְאֻ֖ם	5002	HNcmsc
Ezek 14:14	אֲדֹנָ֥/י	136	HNcmpc/Sp1cs
Ezek 14:14	יְהוִֽה	3069	HNp
Ezek 14:15	לֽוּ	3863	HC
Ezek 14:15	חַיָּ֥ה	2416 c	HNcfsa
Ezek 14:15	רָעָ֛ה	7451 a	HAafsa
Ezek 14:15	אַעֲבִ֥יר	5674 a	HVhi1cs
Ezek 14:15	בָּ/אָ֖רֶץ	b/776	HRd/Ncbsa
Ezek 14:15	וְ/שִׁכְּלָ֑תָּ/ה	c/7921 a	HC/Vpq3fs/Sp3fs
Ezek 14:15	וְ/הָיְתָ֤ה	c/1961	HC/Vqq3fs
Ezek 14:15	שְׁמָמָה֙	8077 a	HNcfsa
Ezek 14:15	מִ/בְּלִ֣י	m/1097	HR/Ncmsc
Ezek 14:15	עוֹבֵ֔ר	5674 a	HVqrmsa
Ezek 14:15	מִ/פְּנֵ֖י	m/6440	HR/Ncbpc
Ezek 14:15	הַ/חַיָּֽה	d/2416 c	HTd/Ncfsa
Ezek 14:16	שְׁלֹ֨שֶׁת	7969	HAcmsc
Ezek 14:16	הָ/אֲנָשִׁ֣ים	d/376	HTd/Ncmpa
Ezek 14:16	הָ/אֵלֶּה֮	d/428	HTd/Pdxcp
Ezek 14:16	בְּ/תוֹכָ/הּ֒	b/8432	HR/Ncmsc/Sp3fs
Ezek 14:16	חַי	2416 a	HAamsa
Ezek 14:16	אָ֗נִי	589	HPp1cs
Ezek 14:16	נְאֻם֙	5002	HNcmsc
Ezek 14:16	אֲדֹנָ֣/י	136	HNcmpc/Sp1cs
Ezek 14:16	יְהוִ֔ה	3069	HNp
Ezek 14:16	אִם	518 a	HC
Ezek 14:16	בָּנִ֥ים	1121 a	HNcmpa
Ezek 14:16	וְ/אִם	c/518 a	HC/C
Ezek 14:16	בָּנ֖וֹת	1323	HNcfpa
Ezek 14:16	יַצִּ֑ילוּ	5337	HVhi3mp
Ezek 14:16	הֵ֤מָּה	1992	HPp3mp
Ezek 14:16	לְ/בַדָּ/ם֙	l/905	HR/Ncmsc/Sp3mp
Ezek 14:16	יִנָּצֵ֔לוּ	5337	HVNi3mp
Ezek 14:16	וְ/הָ/אָ֖רֶץ	c/d/776	HC/Td/Ncbsa
Ezek 14:16	תִּהְיֶ֥ה	1961	HVqi3fs
Ezek 14:16	שְׁמָמָֽה	8077 a	HNcfsa
Ezek 14:17	א֛וֹ	176 a	HC
Ezek 14:17	חֶ֥רֶב	2719	HNcfsa
Ezek 14:17	אָבִ֖יא	935	HVhi1cs
Ezek 14:17	עַל	5921 a	HR
Ezek 14:17	הָ/אָ֣רֶץ	d/776	HTd/Ncbsa
Ezek 14:17	הַ/הִ֑יא	d/1931	HTd/Pp3fs
Ezek 14:17	וְ/אָמַרְתִּ֗י	c/559	HC/Vqq1cs
Ezek 14:17	חֶ֚רֶב	2719	HNcfsa
Ezek 14:17	תַּעֲבֹ֣ר	5674 a	HVqi3fs
Ezek 14:17	בָּ/אָ֔רֶץ	b/776	HRd/Ncbsa
Ezek 14:17	וְ/הִכְרַתִּ֥י	c/3772	HC/Vhq1cs
Ezek 14:17	מִמֶּ֖/נָּה	4480 a	HR/Sp3fs
Ezek 14:17	אָדָ֥ם	120	HNcmsa
Ezek 14:17	וּ/בְהֵמָֽה	c/929	HC/Ncfsa
Ezek 14:18	וּ/שְׁלֹ֨שֶׁת	c/7969	HC/Acmsc
Ezek 14:18	הָ/אֲנָשִׁ֣ים	d/376	HTd/Ncmpa
Ezek 14:18	הָ/אֵלֶּה֮	d/428	HTd/Pdxcp
Ezek 14:18	בְּ/תוֹכָ/הּ֒	b/8432	HR/Ncmsc/Sp3fs
Ezek 14:18	חַי	2416 a	HAamsa
Ezek 14:18	אָ֗נִי	589	HPp1cs
Ezek 14:18	נְאֻם֙	5002	HNcmsc
Ezek 14:18	אֲדֹנָ֣/י	136	HNcmpc/Sp1cs
Ezek 14:18	יְהוִ֔ה	3069	HNp
Ezek 14:18	לֹ֥א	3808	HTn
Ezek 14:18	יַצִּ֖ילוּ	5337	HVhi3mp
Ezek 14:18	בָּנִ֣ים	1121 a	HNcmpa
Ezek 14:18	וּ/בָנ֑וֹת	c/1323	HC/Ncfpa
Ezek 14:18	כִּ֛י	3588 a	HC
Ezek 14:18	הֵ֥ם	1992	HPp3mp
Ezek 14:18	לְ/בַדָּ֖/ם	l/905	HR/Ncmsc/Sp3mp
Ezek 14:18	יִנָּצֵֽלוּ	5337	HVNi3mp
Ezek 14:19	א֛וֹ	176 a	HC
Ezek 14:19	דֶּ֥בֶר	1698	HNcmsa
Ezek 14:19	אֲשַׁלַּ֖ח	7971	HVpi1cs
Ezek 14:19	אֶל	413	HR
Ezek 14:19	הָ/אָ֣רֶץ	d/776	HTd/Ncbsa
Ezek 14:19	הַ/הִ֑יא	d/1931	HTd/Pp3fs
Ezek 14:19	וְ/שָׁפַכְתִּ֨י	c/8210	HC/Vqq1cs
Ezek 14:19	חֲמָתִ֤/י	2534	HNcfsc/Sp1cs
Ezek 14:19	עָלֶ֨י/הָ֙	5921 a	HR/Sp3fs
Ezek 14:19	בְּ/דָ֔ם	b/1818	HR/Ncmsa
Ezek 14:19	לְ/הַכְרִ֥ית	l/3772	HR/Vhc
Ezek 14:19	מִמֶּ֖/נָּה	4480 a	HR/Sp3fs
Ezek 14:19	אָדָ֥ם	120	HNcmsa
Ezek 14:19	וּ/בְהֵמָֽה	c/929	HC/Ncfsa
Ezek 14:20	וְ/נֹ֨חַ	c/5146	HC/Np
Ezek 14:20	דנאל	1840	HNp
Ezek 14:20	וְ/אִיּוֹב֮	c/347	HC/Np
Ezek 14:20	בְּ/תוֹכָ/הּ֒	b/8432	HR/Ncmsc/Sp3fs
Ezek 14:20	חַי	2416 a	HAamsa
Ezek 14:20	אָ֗נִי	589	HPp1cs
Ezek 14:20	נְאֻם֙	5002	HNcmsc
Ezek 14:20	אֲדֹנָ֣/י	136	HNcmpc/Sp1cs
Ezek 14:20	יְהוִ֔ה	3069	HNp
Ezek 14:20	אִם	518 a	HC
Ezek 14:20	בֵּ֥ן	1121 a	HNcmsa
Ezek 14:20	אִם	518 a	HC
Ezek 14:20	בַּ֖ת	1323	HNcfsa
Ezek 14:20	יַצִּ֑ילוּ	5337	HVhi3mp
Ezek 14:20	הֵ֥מָּה	1992	HPp3mp
Ezek 14:20	בְ/צִדְקָתָ֖/ם	b/6666	HR/Ncfsc/Sp3mp
Ezek 14:20	יַצִּ֥ילוּ	5337	HVhi3mp
Ezek 14:20	נַפְשָֽׁ/ם	5315	HNcbsc/Sp3mp
Ezek 14:21	כִּי֩	3588 a	HC
Ezek 14:21	כֹ֨ה	3541	HD
Ezek 14:21	אָמַ֜ר	559	HVqp3ms
Ezek 14:21	אֲדֹנָ֣/י	136	HNcmpc/Sp1cs
Ezek 14:21	יְהֹוִ֗ה	3069	HNp
Ezek 14:21	אַ֣ף	637	HTa
Ezek 14:21	כִּֽי	3588 a	HC
Ezek 14:21	אַרְבַּ֣עַת	702	HAcmsc
Ezek 14:21	שְׁפָטַ֣/י	8201	HNcmpc/Sp1cs
Ezek 14:21	הָ/רָעִ֡ים	d/7451 a	HTd/Aampa
Ezek 14:21	חֶ֠רֶב	2719	HNcfsa
Ezek 14:21	וְ/רָעָ֞ב	c/7458	HC/Ncmsa
Ezek 14:21	וְ/חַיָּ֤ה	c/2416 c	HC/Ncfsa
Ezek 14:21	רָעָה֙	7451 a	HAafsa
Ezek 14:21	וָ/דֶ֔בֶר	c/1698	HC/Ncmsa
Ezek 14:21	שִׁלַּ֖חְתִּי	7971	HVpp1cs
Ezek 14:21	אֶל	413	HR
Ezek 14:21	יְרוּשָׁלִָ֑ם	3389	HNp
Ezek 14:21	לְ/הַכְרִ֥ית	l/3772	HR/Vhc
Ezek 14:21	מִמֶּ֖/נָּה	4480 a	HR/Sp3fs
Ezek 14:21	אָדָ֥ם	120	HNcmsa
Ezek 14:21	וּ/בְהֵמָֽה	c/929	HC/Ncfsa
Ezek 14:22	וְ/הִנֵּ֨ה	c/2009	HC/Tm
Ezek 14:22	נֽוֹתְרָה	3498	HVNp3fs
Ezek 14:22	בָּ֜/הּ	b	HR/Sp3fs
Ezek 14:22	פְּלֵטָ֗ה	6413	HNcfsa
Ezek 14:22	הַֽ/מּוּצָאִים֮	d/3318	HTd/VHsmpa
Ezek 14:22	בָּנִ֣ים	1121 a	HNcmpa
Ezek 14:22	וּ/בָנוֹת֒	c/1323	HC/Ncfpa
Ezek 14:22	הִנָּ/ם֙	2005	HTm/Sp3mp
Ezek 14:22	יוֹצְאִ֣ים	3318	HVqrmpa
Ezek 14:22	אֲלֵי/כֶ֔ם	413	HR/Sp2mp
Ezek 14:22	וּ/רְאִיתֶ֥ם	c/7200	HC/Vqq2mp
Ezek 14:22	אֶת	853	HTo
Ezek 14:22	דַּרְכָּ֖/ם	1870	HNcbsc/Sp3mp
Ezek 14:22	וְ/אֶת	c/853	HC/To
Ezek 14:22	עֲלִֽילוֹתָ֑/ם	5949	HNcfpc/Sp3mp
Ezek 14:22	וְ/נִחַמְתֶּ֗ם	c/5162	HC/VNq2mp
Ezek 14:22	עַל	5921 a	HR
Ezek 14:22	הָֽ/רָעָה֙	d/7451 c	HTd/Ncfsa
Ezek 14:22	אֲשֶׁ֤ר	834 a	HTr
Ezek 14:22	הֵבֵ֨אתִי֙	935	HVhp1cs
Ezek 14:22	עַל	5921 a	HR
Ezek 14:22	יְר֣וּשָׁלִַ֔ם	3389	HNp
Ezek 14:22	אֵ֛ת	853	HTo
Ezek 14:22	כָּל	3605	HNcmsc
Ezek 14:22	אֲשֶׁ֥ר	834 a	HTr
Ezek 14:22	הֵבֵ֖אתִי	935	HVhp1cs
Ezek 14:22	עָלֶֽי/הָ	5921 a	HR/Sp3fs
Ezek 14:23	וְ/נִחֲמ֣וּ	c/5162	HC/Vpq3cp
Ezek 14:23	אֶתְ/כֶ֔ם	853	HTo/Sp2mp
Ezek 14:23	כִּֽי	3588 a	HC
Ezek 14:23	תִרְא֥וּ	7200	HVqi2mp
Ezek 14:23	אֶת	853	HTo
Ezek 14:23	דַּרְכָּ֖/ם	1870	HNcbsc/Sp3mp
Ezek 14:23	וְ/אֶת	c/853	HC/To
Ezek 14:23	עֲלִֽילוֹתָ֑/ם	5949	HNcfpc/Sp3mp
Ezek 14:23	וִֽ/ידַעְתֶּ֗ם	c/3045	HC/Vqq2mp
Ezek 14:23	כִּי֩	3588 a	HC
Ezek 14:23	לֹ֨א	3808	HTn
Ezek 14:23	חִנָּ֤ם	2600	HD
Ezek 14:23	עָשִׂ֨יתִי֙	6213 a	HVqp1cs
Ezek 14:23	אֵ֣ת	853	HTo
Ezek 14:23	כָּל	3605	HNcmsc
Ezek 14:23	אֲשֶׁר	834 a	HTr
Ezek 14:23	עָשִׂ֣יתִי	6213 a	HVqp1cs
Ezek 14:23	בָ֔/הּ	b	HR/Sp3fs
Ezek 14:23	נְאֻ֖ם	5002	HNcmsc
Ezek 14:23	אֲדֹנָ֥/י	136	HNcmpc/Sp1cs
Ezek 14:23	יְהֹוִֽה	3069	HNp
Ezek 15:1	וַ/יְהִ֥י	c/1961	HC/Vqw3ms
Ezek 15:1	דְבַר	1697	HNcmsc
Ezek 15:1	יְהוָ֖ה	3068	HNp
Ezek 15:1	אֵלַ֥/י	413	HR/Sp1cs
Ezek 15:1	לֵ/אמֹֽר	l/559	HR/Vqc
Ezek 15:2	בֶּן	1121 a	HNcmsc
Ezek 15:2	אָדָ֕ם	120	HNcmsa
Ezek 15:2	מַה	4100	HTi
Ezek 15:2	יִּֽהְיֶ֥ה	1961	HVqi3ms
Ezek 15:2	עֵץ	6086	HNcmsc
Ezek 15:2	הַ/גֶּ֖פֶן	d/1612	HTd/Ncbsa
Ezek 15:2	מִ/כָּל	m/3605	HR/Ncmsc
Ezek 15:2	עֵ֑ץ	6086	HNcmsc
Ezek 15:2	הַ/זְּמוֹרָ֕ה	d/2156	HTd/Ncfsa
Ezek 15:2	אֲשֶׁ֥ר	834 a	HTr
Ezek 15:2	הָיָ֖ה	1961	HVqp3ms
Ezek 15:2	בַּ/עֲצֵ֥י	b/6086	HR/Ncmpc
Ezek 15:2	הַ/יָּֽעַר	d/3293 a	HTd/Ncmsa
Ezek 15:3	הֲ/יֻקַּ֤ח	i/3947	HTi/VQi3ms
Ezek 15:3	מִמֶּ֨/נּוּ֙	4480 a	HR/Sp1cp
Ezek 15:3	עֵ֔ץ	6086	HNcmsa
Ezek 15:3	לַ/עֲשׂ֖וֹת	l/6213 a	HR/Vqc
Ezek 15:3	לִ/מְלָאכָ֑ה	l/4399	HR/Ncfsa
Ezek 15:3	אִם	518 a	HC
Ezek 15:3	יִקְח֤וּ	3947	HVqi3mp
Ezek 15:3	מִמֶּ֨/נּוּ֙	4480 a	HR/Sp1cp
Ezek 15:3	יָתֵ֔ד	3489	HNcfsa
Ezek 15:3	לִ/תְל֥וֹת	l/8518	HR/Vqc
Ezek 15:3	עָלָ֖י/ו	5921 a	HR/Sp3ms
Ezek 15:3	כָּל	3605	HNcmsc
Ezek 15:3	כֶּֽלִי	3627	HNcmsa
Ezek 15:4	הִנֵּ֥ה	2009	HTm
Ezek 15:4	לָ/אֵ֖שׁ	l/784	HRd/Ncbsa
Ezek 15:4	נִתַּ֣ן	5414	HVNp3ms
Ezek 15:4	לְ/אָכְלָ֑ה	l/402	HR/Ncfsa
Ezek 15:4	אֵת֩	853	HTo
Ezek 15:4	שְׁנֵ֨י	8147	HAcmdc
Ezek 15:4	קְצוֹתָ֜י/ו	7098	HNcbpc/Sp3ms
Ezek 15:4	אָכְלָ֤ה	398	HVqp3fs
Ezek 15:4	הָ/אֵשׁ֙	d/784	HTd/Ncbsa
Ezek 15:4	וְ/תוֹכ֣/וֹ	c/8432	HC/Ncmsc/Sp3ms
Ezek 15:4	נָחָ֔ר	2787	HVNp3ms
Ezek 15:4	הֲ/יִצְלַ֖ח	i/6743 b	HTi/Vqi3ms
Ezek 15:4	לִ/מְלָאכָֽה	l/4399	HR/Ncfsa
Ezek 15:5	הִנֵּה֙	2009	HTm
Ezek 15:5	בִּֽ/הְיוֹת֣/וֹ	b/1961	HR/Vqc/Sp3ms
Ezek 15:5	תָמִ֔ים	8549	HAamsa
Ezek 15:5	לֹ֥א	3808	HTn
Ezek 15:5	יֵֽעָשֶׂ֖ה	6213 a	HVNi3ms
Ezek 15:5	לִ/מְלָאכָ֑ה	l/4399	HR/Ncfsa
Ezek 15:5	אַ֣ף	637	HTa
Ezek 15:5	כִּי	3588 a	HC
Ezek 15:5	אֵ֤שׁ	784	HNcbsa
Ezek 15:5	אֲכָלַ֨תְ/הוּ֙	398	HVqp3fs/Sp3ms
Ezek 15:5	וַ/יֵּחָ֔ר	c/2787	HC/VNw3ms
Ezek 15:5	וְ/נַעֲשָׂ֥ה	c/6213 a	HC/VNq3ms
Ezek 15:5	ע֖וֹד	5750	HD
Ezek 15:5	לִ/מְלָאכָֽה	l/4399	HR/Ncfsa
Ezek 15:6	לָ/כֵ֗ן	l/3651 c	HR/D
Ezek 15:6	כֹּ֤ה	3541	HD
Ezek 15:6	אָמַר֙	559	HVqp3ms
Ezek 15:6	אֲדֹנָ֣/י	136	HNcmpc/Sp1cs
Ezek 15:6	יְהוִ֔ה	3069	HNp
Ezek 15:6	כַּ/אֲשֶׁ֤ר	k/834 d	HR/Tr
Ezek 15:6	עֵץ	6086	HNcmsc
Ezek 15:6	הַ/גֶּ֨פֶן֙	d/1612	HTd/Ncbsa
Ezek 15:6	בְּ/עֵ֣ץ	b/6086	HR/Ncmsc
Ezek 15:6	הַ/יַּ֔עַר	d/3293 a	HTd/Ncmsa
Ezek 15:6	אֲשֶׁר	834 a	HTr
Ezek 15:6	נְתַתִּ֥י/ו	5414	HVqp1cs/Sp3ms
Ezek 15:6	לָ/אֵ֖שׁ	l/784	HRd/Ncbsa
Ezek 15:6	לְ/אָכְלָ֑ה	l/402	HR/Ncfsa
Ezek 15:6	כֵּ֣ן	3651 c	HTm
Ezek 15:6	נָתַ֔תִּי	5414	HVqp1cs
Ezek 15:6	אֶת	853	HTo
Ezek 15:6	יֹשְׁבֵ֖י	3427	HVqrmpc
Ezek 15:6	יְרוּשָׁלִָֽם	3389	HNp
Ezek 15:7	וְ/נָתַתִּ֤י	c/5414	HC/Vqq1cs
Ezek 15:7	אֶת	853	HTo
Ezek 15:7	פָּנַ/י֙	6440	HNcbpc/Sp1cs
Ezek 15:7	בָּ/הֶ֔ם	b	HR/Sp3mp
Ezek 15:7	מֵ/הָ/אֵ֣שׁ	m/d/784	HR/Td/Ncbsa
Ezek 15:7	יָצָ֔אוּ	3318	HVqp3cp
Ezek 15:7	וְ/הָ/אֵ֖שׁ	c/d/784	HC/Td/Ncbsa
Ezek 15:7	תֹּֽאכְלֵ֑/ם	398	HVqi3fs/Sp3mp
Ezek 15:7	וִֽ/ידַעְתֶּם֙	c/3045	HC/Vqq2mp
Ezek 15:7	כִּֽי	3588 a	HC
Ezek 15:7	אֲנִ֣י	589	HPp1cs
Ezek 15:7	יְהוָ֔ה	3068	HNp
Ezek 15:7	בְּ/שׂוּמִ֥/י	b/7760 a	HR/Vqc/Sp1cs
Ezek 15:7	אֶת	853	HTo
Ezek 15:7	פָּנַ֖/י	6440	HNcbpc/Sp1cs
Ezek 15:7	בָּ/הֶֽם	b	HR/Sp3mp
Ezek 15:8	וְ/נָתַתִּ֥י	c/5414	HC/Vqq1cs
Ezek 15:8	אֶת	853	HTo
Ezek 15:8	הָ/אָ֖רֶץ	d/776	HTd/Ncbsa
Ezek 15:8	שְׁמָמָ֑ה	8077 a	HNcfsa
Ezek 15:8	יַ֚עַן	3282	HC
Ezek 15:8	מָ֣עֲלוּ	4603	HVqp3cp
Ezek 15:8	מַ֔עַל	4604	HNcmsa
Ezek 15:8	נְאֻ֖ם	5002	HNcmsc
Ezek 15:8	אֲדֹנָ֥/י	136	HNcmpc/Sp1cs
Ezek 15:8	יְהוִֽה	3069	HNp
Ezek 16:1	וַ/יְהִ֥י	c/1961	HC/Vqw3ms
Ezek 16:1	דְבַר	1697	HNcmsc
Ezek 16:1	יְהוָ֖ה	3068	HNp
Ezek 16:1	אֵלַ֥/י	413	HR/Sp1cs
Ezek 16:1	לֵ/אמֹֽר	l/559	HR/Vqc
Ezek 16:2	בֶּן	1121 a	HNcmsc
Ezek 16:2	אָדָ֕ם	120	HNcmsa
Ezek 16:2	הוֹדַ֥ע	3045	HVhv2ms
Ezek 16:2	אֶת	853	HTo
Ezek 16:2	יְרוּשָׁלִַ֖ם	3389	HNp
Ezek 16:2	אֶת	853	HTo
Ezek 16:2	תּוֹעֲבֹתֶֽי/הָ	8441	HNcfpc/Sp3fs
Ezek 16:3	וְ/אָמַרְתָּ֞	c/559	HC/Vqq2ms
Ezek 16:3	כֹּה	3541	HD
Ezek 16:3	אָמַ֨ר	559	HVqp3ms
Ezek 16:3	אֲדֹנָ֤/י	136	HNcmpc/Sp1cs
Ezek 16:3	יְהוִה֙	3069	HNp
Ezek 16:3	לִ/יר֣וּשָׁלִַ֔ם	l/3389	HR/Np
Ezek 16:3	מְכֹרֹתַ֨יִ/ךְ֙	4351	HNcfpc/Sp2fs
Ezek 16:3	וּ/מֹ֣לְדֹתַ֔יִ/ךְ	c/4138	HC/Ncfpc/Sp2fs
Ezek 16:3	מֵ/אֶ֖רֶץ	m/776	HR/Ncbsc
Ezek 16:3	הַֽ/כְּנַעֲנִ֑י	d/3669 a	HTd/Ngmsa
Ezek 16:3	אָבִ֥י/ךְ	1	HNcmsc/Sp2fs
Ezek 16:3	הָ/אֱמֹרִ֖י	d/567	HTd/Ngmsa
Ezek 16:3	וְ/אִמֵּ֥/ךְ	c/517	HC/Ncfsc/Sp2fs
Ezek 16:3	חִתִּֽית	2850	HNgmsa
Ezek 16:4	וּ/מוֹלְדוֹתַ֗יִ/ךְ	c/4138	HC/Ncfpc/Sp2fs
Ezek 16:4	בְּ/י֨וֹם	b/3117	HR/Ncmsc
Ezek 16:4	הוּלֶּ֤דֶת	3205	HVHc
Ezek 16:4	אֹתָ/ךְ֙	853	HTo/Sp2fs
Ezek 16:4	לֹֽא	3808	HTn
Ezek 16:4	כָרַּ֣ת	3772	HVPp3ms
Ezek 16:4	שָׁרֵּ֔/ךְ	8270	HNcmsc/Sp2fs
Ezek 16:4	וּ/בְ/מַ֥יִם	c/b/4325	HC/R/Ncmpa
Ezek 16:4	לֹֽא	3808	HTn
Ezek 16:4	רֻחַ֖צְתְּ	7364	HVPp2fs
Ezek 16:4	לְ/מִשְׁעִ֑י	l/4935	HR/Ncfsa
Ezek 16:4	וְ/הָמְלֵ֨חַ֙	c/4414 b	HC/VHa
Ezek 16:4	לֹ֣א	3808	HTn
Ezek 16:4	הֻמְלַ֔חַתְּ	4414 b	HVHp2fs
Ezek 16:4	וְ/הָחְתֵּ֖ל	c/2853	HC/VHa
Ezek 16:4	לֹ֥א	3808	HTn
Ezek 16:4	חֻתָּֽלְתְּ	2853	HVPp2fs
Ezek 16:5	לֹא	3808	HTn
Ezek 16:5	חָ֨סָה	2347	HVqp3fs
Ezek 16:5	עָלַ֜יִ/ךְ	5921 a	HR/Sp2fs
Ezek 16:5	עַ֗יִן	5869 a	HNcbsa
Ezek 16:5	לַ/עֲשׂ֥וֹת	l/6213 a	HR/Vqc
Ezek 16:5	לָ֛/ךְ	l	HR/Sp2fs
Ezek 16:5	אַחַ֥ת	259	HAcfsa
Ezek 16:5	מֵ/אֵ֖לֶּה	m/428	HR/Pdxcp
Ezek 16:5	לְ/חֻמְלָ֣ה	l/2550	HR/Ncfsa
Ezek 16:5	עָלָ֑יִ/ךְ	5921 a	HR/Sp2fs
Ezek 16:5	וַֽ/תֻּשְׁלְכִ֞י	c/7993	HC/VHw2fs
Ezek 16:5	אֶל	413	HR
Ezek 16:5	פְּנֵ֤י	6440	HNcbpc
Ezek 16:5	הַ/שָּׂדֶה֙	d/7704 b	HTd/Ncmsa
Ezek 16:5	בְּ/גֹ֣עַל	b/1604	HR/Ncmsc
Ezek 16:5	נַפְשֵׁ֔/ךְ	5315	HNcbsc/Sp2fs
Ezek 16:5	בְּ/י֖וֹם	b/3117	HR/Ncmsc
Ezek 16:5	הֻלֶּ֥דֶת	3205	HVHc
Ezek 16:5	אֹתָֽ/ךְ	853	HTo/Sp2fs
Ezek 16:6	וָ/אֶעֱבֹ֤ר	c/5674 a	HC/Vqw1cs
Ezek 16:6	עָלַ֨יִ/ךְ֙	5921 a	HR/Sp2fs
Ezek 16:6	וָֽ/אֶרְאֵ֔/ךְ	c/7200	HC/Vqw1cs/Sp2fs
Ezek 16:6	מִתְבּוֹסֶ֖סֶת	947	HVrrfsa
Ezek 16:6	בְּ/דָמָ֑יִ/ךְ	b/1818	HR/Ncmpc/Sp2fs
Ezek 16:6	וָ/אֹ֤מַר	c/559	HC/Vqw1cs
Ezek 16:6	לָ/ךְ֙	l	HR/Sp2fs
Ezek 16:6	בְּ/דָמַ֣יִ/ךְ	b/1818	HR/Ncmpc/Sp2fs
Ezek 16:6	חֲיִ֔י	2421	HVqv2fs
Ezek 16:6	וָ/אֹ֥מַר	c/559	HC/Vqw1cs
Ezek 16:6	לָ֖/ךְ	l	HR/Sp2fs
Ezek 16:6	בְּ/דָמַ֥יִ/ךְ	b/1818	HR/Ncmpc/Sp2fs
Ezek 16:6	חֲיִֽי	2421	HVqv2fs
Ezek 16:7	רְבָבָ֗ה	7233	HNcfsa
Ezek 16:7	כְּ/צֶ֤מַח	k/6780	HR/Ncmsc
Ezek 16:7	הַ/שָּׂדֶה֙	d/7704 b	HTd/Ncmsa
Ezek 16:7	נְתַתִּ֔י/ךְ	5414	HVqp1cs/Sp2fs
Ezek 16:7	וַ/תִּרְבִּי֙	c/7235 a	HC/Vqw2fs
Ezek 16:7	וַֽ/תִּגְדְּלִ֔י	c/1431	HC/Vqw2fs
Ezek 16:7	וַ/תָּבֹ֖אִי	c/935	HC/Vqw2fs
Ezek 16:7	בַּ/עֲדִ֣י	b/5716	HR/Ncmsc
Ezek 16:7	עֲדָיִ֑ים	5716	HNcmpa
Ezek 16:7	שָׁדַ֤יִם	7699 a	HNcmda
Ezek 16:7	נָכֹ֨נוּ֙	3559 a	HVNp3cp
Ezek 16:7	וּ/שְׂעָרֵ֣/ךְ	c/8181	HC/Ncmsc/Sp2fs
Ezek 16:7	צִמֵּ֔חַ	6779	HVpp3ms
Ezek 16:7	וְ/אַ֖תְּ	c/859 c	HC/Pp2fs
Ezek 16:7	עֵרֹ֥ם	5903	HAamsa
Ezek 16:7	וְ/עֶרְיָֽה	c/6181	HC/Ncfsa
Ezek 16:8	וָ/אֶעֱבֹ֨ר	c/5674 a	HC/Vqw1cs
Ezek 16:8	עָלַ֜יִ/ךְ	5921 a	HR/Sp2fs
Ezek 16:8	וָ/אֶרְאֵ֗/ךְ	c/7200	HC/Vqw1cs/Sp2fs
Ezek 16:8	וְ/הִנֵּ֤ה	c/2009	HC/Tm
Ezek 16:8	עִתֵּ/ךְ֙	6256	HNcbsc/Sp2fs
Ezek 16:8	עֵ֣ת	6256	HNcbsc
Ezek 16:8	דֹּדִ֔ים	1730	HNcmpa
Ezek 16:8	וָ/אֶפְרֹ֤שׂ	c/6566	HC/Vqw1cs
Ezek 16:8	כְּנָפִ/י֙	3671	HNcfsc/Sp1cs
Ezek 16:8	עָלַ֔יִ/ךְ	5921 a	HR/Sp2fs
Ezek 16:8	וָ/אֲכַסֶּ֖ה	c/3680	HC/Vpw1cs
Ezek 16:8	עֶרְוָתֵ֑/ךְ	6172	HNcfsc/Sp2fs
Ezek 16:8	וָ/אֶשָּׁ֣בַֽע	c/7650	HC/VNw1cs
Ezek 16:8	לָ֠/ךְ	l	HR/Sp2fs
Ezek 16:8	וָ/אָב֨וֹא	c/935	HC/Vqw1cs
Ezek 16:8	בִ/בְרִ֜ית	b/1285	HR/Ncfsa
Ezek 16:8	אֹתָ֗/ךְ	853	HTo/Sp2fs
Ezek 16:8	נְאֻ֛ם	5002	HNcmsc
Ezek 16:8	אֲדֹנָ֥/י	136	HNcmpc/Sp1cs
Ezek 16:8	יְהוִ֖ה	3069	HNp
Ezek 16:8	וַ/תִּ֥הְיִי	c/1961	HC/Vqw2fs
Ezek 16:8	לִֽ/י	l	HR/Sp1cs
Ezek 16:9	וָ/אֶרְחָצֵ֣/ךְ	c/7364	HC/Vqw1cs/Sp2fs
Ezek 16:9	בַּ/מַּ֔יִם	b/4325	HRd/Ncmpa
Ezek 16:9	וָ/אֶשְׁטֹ֥ף	c/7857	HC/Vqw1cs
Ezek 16:9	דָּמַ֖יִ/ךְ	1818	HNcmpc/Sp2fs
Ezek 16:9	מֵֽ/עָלָ֑יִ/ךְ	m/5921 a	HR/R/Sp2fs
Ezek 16:9	וָ/אֲסֻכֵ֖/ךְ	c/5480	HC/Vqw1cs/Sp2fs
Ezek 16:9	בַּ/שָּֽׁמֶן	b/8081	HRd/Ncmsa
Ezek 16:10	וָ/אַלְבִּישֵׁ֣/ךְ	c/3847	HC/Vhw1cs/Sp2fs
Ezek 16:10	רִקְמָ֔ה	7553	HNcfsa
Ezek 16:10	וָ/אֶנְעֲלֵ֖/ךְ	c/5274 b	HC/Vqw1cs/Sp2fs
Ezek 16:10	תָּ֑חַשׁ	8476	HNcmsa
Ezek 16:10	וָ/אֶחְבְּשֵׁ֣/ךְ	c/2280	HC/Vqw1cs/Sp2fs
Ezek 16:10	בַּ/שֵּׁ֔שׁ	b/8336 b	HRd/Ncmsa
Ezek 16:10	וַ/אֲכַסֵּ֖/ךְ	c/3680	HC/Vpw1cs/Sp2fs
Ezek 16:10	מֶֽשִׁי	4897	HNcmsa
Ezek 16:11	וָ/אֶעְדֵּ֖/ךְ	c/5710 b	HC/Vqw1cs/Sp2fs
Ezek 16:11	עֶ֑דִי	5716	HNcmsa
Ezek 16:11	וָ/אֶתְּנָ֤/ה	c/5414	HC/Vqw1cs/Sh
Ezek 16:11	צְמִידִים֙	6781 a	HNcmpa
Ezek 16:11	עַל	5921 a	HR
Ezek 16:11	יָדַ֔יִ/ךְ	3027	HNcbdc/Sp2fs
Ezek 16:11	וְ/רָבִ֖יד	c/7242	HC/Ncmsa
Ezek 16:11	עַל	5921 a	HR
Ezek 16:11	גְּרוֹנֵֽ/ךְ	1627	HNcmsc/Sp2fs
Ezek 16:12	וָ/אֶתֵּ֥ן	c/5414	HC/Vqw1cs
Ezek 16:12	נֶ֨זֶם֙	5141	HNcmsa
Ezek 16:12	עַל	5921 a	HR
Ezek 16:12	אַפֵּ֔/ךְ	639	HNcmsc/Sp2fs
Ezek 16:12	וַ/עֲגִילִ֖ים	c/5694	HC/Ncmpa
Ezek 16:12	עַל	5921 a	HR
Ezek 16:12	אָזְנָ֑יִ/ךְ	241	HNcfdc/Sp2fs
Ezek 16:12	וַ/עֲטֶ֥רֶת	c/5850	HC/Ncfsc
Ezek 16:12	תִּפְאֶ֖רֶת	8597	HNcfsa
Ezek 16:12	בְּ/רֹאשֵֽׁ/ךְ	b/7218 a	HR/Ncmsc/Sp2fs
Ezek 16:13	וַ/תַּעְדִּ֞י	c/5710 b	HC/Vqw2fs
Ezek 16:13	זָהָ֣ב	2091	HNcmsa
Ezek 16:13	וָ/כֶ֗סֶף	c/3701	HC/Ncmsa
Ezek 16:13	וּ/מַלְבּוּשֵׁ/ךְ֙	c/4403	HC/Ncmsc/Sp2fs
Ezek 16:13	ששי	8336 b	HNcmsa
Ezek 16:13	וָ/מֶ֨שִׁי֙	c/4897	HC/Ncmsa
Ezek 16:13	וְ/רִקְמָ֔ה	c/7553	HC/Ncfsa
Ezek 16:13	סֹ֧לֶת	5560	HNcfsa
Ezek 16:13	וּ/דְבַ֛שׁ	c/1706	HC/Ncmsa
Ezek 16:13	וָ/שֶׁ֖מֶן	c/8081	HC/Ncmsa
Ezek 16:13	אכלתי	398	HVqp2fs
Ezek 16:13	וַ/תִּ֨יפִי֙	c/3302	HC/Vqw2fs
Ezek 16:13	בִּ/מְאֹ֣ד	b/3966	HR/D
Ezek 16:13	מְאֹ֔ד	3966	HD
Ezek 16:13	וַֽ/תִּצְלְחִ֖י	c/6743 b	HC/Vqw2fs
Ezek 16:13	לִ/מְלוּכָֽה	l/4410	HR/Ncfsa
Ezek 16:14	וַ/יֵּ֨צֵא	c/3318	HC/Vqw3ms
Ezek 16:14	לָ֥/ךְ	l	HR/Sp2fs
Ezek 16:14	שֵׁ֛ם	8034	HNcmsa
Ezek 16:14	בַּ/גּוֹיִ֖ם	b/1471 a	HRd/Ncmpa
Ezek 16:14	בְּ/יָפְיֵ֑/ךְ	b/3308	HR/Ncmsc/Sp2fs
Ezek 16:14	כִּ֣י	3588 a	HC
Ezek 16:14	כָּלִ֣יל	3632	HAamsa
Ezek 16:14	ה֗וּא	1931	HPp3ms
Ezek 16:14	בַּֽ/הֲדָרִ/י֙	b/1926	HR/Ncmsc/Sp1cs
Ezek 16:14	אֲשֶׁר	834 a	HTr
Ezek 16:14	שַׂ֣מְתִּי	7760 a	HVqp1cs
Ezek 16:14	עָלַ֔יִ/ךְ	5921 a	HR/Sp2fs
Ezek 16:14	נְאֻ֖ם	5002	HNcmsc
Ezek 16:14	אֲדֹנָ֥/י	136	HNcmpc/Sp1cs
Ezek 16:14	יְהוִֽה	3069	HNp
Ezek 16:15	וַ/תִּבְטְחִ֣י	c/982	HC/Vqw2fs
Ezek 16:15	בְ/יָפְיֵ֔/ךְ	b/3308	HR/Ncmsc/Sp2fs
Ezek 16:15	וַ/תִּזְנִ֖י	c/2181	HC/Vqw2fs
Ezek 16:15	עַל	5921 a	HR
Ezek 16:15	שְׁמֵ֑/ךְ	8034	HNcmsc/Sp2fs
Ezek 16:15	וַ/תִּשְׁפְּכִ֧י	c/8210	HC/Vqw2fs
Ezek 16:15	אֶת	853	HTo
Ezek 16:15	תַּזְנוּתַ֛יִ/ךְ	8457	HNcfpc/Sp2fs
Ezek 16:15	עַל	5921 a	HR
Ezek 16:15	כָּל	3605	HNcmsc
Ezek 16:15	עוֹבֵ֖ר	5674 a	HVqrmsa
Ezek 16:15	ל/וֹ	l	HR/Sp3ms
Ezek 16:15	יֶֽהִי	1961	HVqj3ms
Ezek 16:16	וַ/תִּקְחִ֣י	c/3947	HC/Vqw2fs
Ezek 16:16	מִ/בְּגָדַ֗יִ/ךְ	m/899 b	HR/Ncmpc/Sp2fs
Ezek 16:16	וַ/תַּֽעֲשִׂי	c/6213 a	HC/Vqw2fs
Ezek 16:16	לָ/ךְ֙	l	HR/Sp2fs
Ezek 16:16	בָּמ֣וֹת	1116	HNcfpa
Ezek 16:16	טְלֻא֔וֹת	2921	HVqsfpa
Ezek 16:16	וַ/תִּזְנִ֖י	c/2181	HC/Vqw2fs
Ezek 16:16	עֲלֵי/הֶ֑ם	5921 a	HR/Sp3mp
Ezek 16:16	לֹ֥א	3808	HTn
Ezek 16:16	בָא֖וֹת	935	HVqrfpa
Ezek 16:16	וְ/לֹ֥א	c/3808	HC/Tn
Ezek 16:16	יִהְיֶֽה	1961	HVqi3ms
Ezek 16:17	וַ/תִּקְחִ֞י	c/3947	HC/Vqw2fs
Ezek 16:17	כְּלֵ֣י	3627	HNcmpc
Ezek 16:17	תִפְאַרְתֵּ֗/ךְ	8597	HNcfsc/Sp2fs
Ezek 16:17	מִ/זְּהָבִ֤/י	m/2091	HR/Ncmsc/Sp1cs
Ezek 16:17	וּ/מִ/כַּסְפִּ/י֙	c/m/3701	HC/R/Ncmsc/Sp1cs
Ezek 16:17	אֲשֶׁ֣ר	834 a	HTr
Ezek 16:17	נָתַ֣תִּי	5414	HVqp1cs
Ezek 16:17	לָ֔/ךְ	l	HR/Sp2fs
Ezek 16:17	וַ/תַּעֲשִׂי	c/6213 a	HC/Vqw2fs
Ezek 16:17	לָ֖/ךְ	l	HR/Sp2fs
Ezek 16:17	צַלְמֵ֣י	6754	HNcmpc
Ezek 16:17	זָכָ֑ר	2145	HAamsa
Ezek 16:17	וַ/תִּזְנִי	c/2181	HC/Vqw2fs
Ezek 16:17	בָֽ/ם	b	HR/Sp3mp
Ezek 16:18	וַ/תִּקְחִ֛י	c/3947	HC/Vqw2fs
Ezek 16:18	אֶת	853	HTo
Ezek 16:18	בִּגְדֵ֥י	899 b	HNcmpc
Ezek 16:18	רִקְמָתֵ֖/ךְ	7553	HNcfsc/Sp2fs
Ezek 16:18	וַ/תְּכַסִּ֑י/ם	c/3680	HC/Vpw2fs/Sp3mp
Ezek 16:18	וְ/שַׁמְנִ/י֙	c/8081	HC/Ncmsc/Sp1cs
Ezek 16:18	וּ/קְטָרְתִּ֔/י	c/7004	HC/Ncfsc/Sp1cs
Ezek 16:18	נתתי	5414	HVqp2fs
Ezek 16:18	לִ/פְנֵי/הֶֽם	l/6440	HR/Ncbpc/Sp3mp
Ezek 16:19	וְ/לַחְמִ/י֩	c/3899	HC/Ncbsc/Sp1cs
Ezek 16:19	אֲשֶׁר	834 a	HTr
Ezek 16:19	נָתַ֨תִּי	5414	HVqp1cs
Ezek 16:19	לָ֜/ךְ	l	HR/Sp2fs
Ezek 16:19	סֹ֣לֶת	5560	HNcfsa
Ezek 16:19	וָ/שֶׁ֤מֶן	c/8081	HC/Ncmsa
Ezek 16:19	וּ/דְבַשׁ֙	c/1706	HC/Ncmsa
Ezek 16:19	הֶֽאֱכַלְתִּ֔י/ךְ	398	HVhp1cs/Sp2fs
Ezek 16:19	וּ/נְתַתִּ֧י/הוּ	c/5414	HC/Vqq2fs/Sp3ms
Ezek 16:19	לִ/פְנֵי/הֶ֛ם	l/6440	HR/Ncbpc/Sp3mp
Ezek 16:19	לְ/רֵ֥יחַ	l/7381	HR/Ncmsc
Ezek 16:19	נִיחֹ֖חַ	5207	HNcmsa
Ezek 16:19	וַ/יֶּ֑הִי	c/1961	HC/Vqw3ms
Ezek 16:19	נְאֻ֖ם	5002	HNcmsc
Ezek 16:19	אֲדֹנָ֥/י	136	HNcmpc/Sp1cs
Ezek 16:19	יְהוִֽה	3069	HNp
Ezek 16:20	וַ/תִּקְחִ֞י	c/3947	HC/Vqw2fs
Ezek 16:20	אֶת	853	HTo
Ezek 16:20	בָּנַ֤יִ/ךְ	1121 a	HNcmpc/Sp2fs
Ezek 16:20	וְ/אֶת	c/853	HC/To
Ezek 16:20	בְּנוֹתַ֨יִ/ךְ֙	1323	HNcfpc/Sp2fs
Ezek 16:20	אֲשֶׁ֣ר	834 a	HTr
Ezek 16:20	יָלַ֣דְתְּ	3205	HVqp2fs
Ezek 16:20	לִ֔/י	l	HR/Sp1cs
Ezek 16:20	וַ/תִּזְבָּחִ֥י/ם	c/2076	HC/Vqw2fs/Sp3mp
Ezek 16:20	לָ/הֶ֖ם	l	HR/Sp3mp
Ezek 16:20	לֶ/אֱכ֑וֹל	l/398	HR/Vqc
Ezek 16:20	הַ/מְעַ֖ט	d/4592	HTi/Ncmsa
Ezek 16:20	מ/תזנת/ך	m/8457	HR/Ncfsc/Sp2fs
Ezek 16:21	וַֽ/תִּשְׁחֲטִ֖י	c/7819 a	HC/Vqw2fs
Ezek 16:21	אֶת	853	HTo
Ezek 16:21	בָּנָ֑/י	1121 a	HNcmpc/Sp1cs
Ezek 16:21	וַֽ/תִּתְּנִ֔י/ם	c/5414	HC/Vqw2fs/Sp3mp
Ezek 16:21	בְּ/הַעֲבִ֥יר	b/5674 a	HR/Vhc
Ezek 16:21	אוֹתָ֖/ם	853	HTo/Sp3mp
Ezek 16:21	לָ/הֶֽם	l	HR/Sp3mp
Ezek 16:22	וְ/אֵ֤ת	c/854	HC/R
Ezek 16:22	כָּל	3605	HNcmsc
Ezek 16:22	תּוֹעֲבֹתַ֨יִ/ךְ֙	8441	HNcfpc/Sp2fs
Ezek 16:22	וְ/תַזְנֻתַ֔יִ/ךְ	c/8457	HC/Ncfpc/Sp2fs
Ezek 16:22	לֹ֥א	3808	HTn
Ezek 16:22	זכרתי	2142	HVqp2fs
Ezek 16:22	אֶת	853	HTo
Ezek 16:22	יְמֵ֣י	3117	HNcmpc
Ezek 16:22	נְעוּרָ֑יִ/ךְ	5271 a	HNcbpc/Sp2fs
Ezek 16:22	בִּֽ/הְיוֹתֵ/ךְ֙	b/1961	HR/Vqc/Sp2fs
Ezek 16:22	עֵרֹ֣ם	5903	HAamsa
Ezek 16:22	וְ/עֶרְיָ֔ה	c/6181	HC/Ncfsa
Ezek 16:22	מִתְבּוֹסֶ֥סֶת	947	HVrrfsa
Ezek 16:22	בְּ/דָמֵ֖/ךְ	b/1818	HR/Ncmsc/Sp2fs
Ezek 16:22	הָיִֽית	1961	HVqp2fs
Ezek 16:23	וַ/יְהִ֕י	c/1961	HC/Vqw3ms
Ezek 16:23	אַחֲרֵ֖י	310 a	HR
Ezek 16:23	כָּל	3605	HNcmsc
Ezek 16:23	רָעָתֵ֑/ךְ	7451 c	HNcfsc/Sp2fs
Ezek 16:23	א֣וֹי	188	HTj
Ezek 16:23	א֣וֹי	188	HTj
Ezek 16:23	לָ֔/ךְ	l	HR/Sp2fs
Ezek 16:23	נְאֻ֖ם	5002	HNcmsc
Ezek 16:23	אֲדֹנָ֥/י	136	HNcmpc/Sp1cs
Ezek 16:23	יְהוִֽה	3069	HNp
Ezek 16:24	וַ/תִּבְנִי	c/1129	HC/Vqw2fs
Ezek 16:24	לָ֖/ךְ	l	HR/Sp2fs
Ezek 16:24	גֶּ֑ב	1354	HNcbsa
Ezek 16:24	וַ/תַּעֲשִׂי	c/6213 a	HC/Vqw2fs
Ezek 16:24	לָ֥/ךְ	l	HR/Sp2fs
Ezek 16:24	רָמָ֖ה	7413	HNcfsa
Ezek 16:24	בְּ/כָל	b/3605	HR/Ncmsc
Ezek 16:24	רְחֽוֹב	7339	HNcfsa
Ezek 16:25	אֶל	413	HR
Ezek 16:25	כָּל	3605	HNcmsc
Ezek 16:25	רֹ֣אשׁ	7218 a	HNcmsc
Ezek 16:25	דֶּ֗רֶךְ	1870	HNcbsa
Ezek 16:25	בָּנִית֙	1129	HVqp2fs
Ezek 16:25	רָֽמָתֵ֔/ךְ	7413	HNcfsc/Sp2fs
Ezek 16:25	וַ/תְּתַֽעֲבִי֙	c/8581	HC/Vpw2fs
Ezek 16:25	אֶת	853	HTo
Ezek 16:25	יָפְיֵ֔/ךְ	3308	HNcmsc/Sp2fs
Ezek 16:25	וַ/תְּפַשְּׂקִ֥י	c/6589	HC/Vpw2fs
Ezek 16:25	אֶת	853	HTo
Ezek 16:25	רַגְלַ֖יִ/ךְ	7272	HNcfdc/Sp2fs
Ezek 16:25	לְ/כָל	l/3605	HR/Ncmsc
Ezek 16:25	עוֹבֵ֑ר	5674 a	HVqrmsa
Ezek 16:25	וַ/תַּרְבִּ֖י	c/7235 a	HC/Vhw2fs
Ezek 16:25	אֶת	853	HTo
Ezek 16:25	תזנת/ך	8457	HNcfsc/Sp2fs
Ezek 16:26	וַ/תִּזְנִ֧י	c/2181	HC/Vqw2fs
Ezek 16:26	אֶל	413	HR
Ezek 16:26	בְּנֵֽי	1121 a	HNcmpc
Ezek 16:26	מִצְרַ֛יִם	4714	HNp
Ezek 16:26	שְׁכֵנַ֖יִ/ךְ	7934	HAampc/Sp2fs
Ezek 16:26	גִּדְלֵ֣י	1432	HVqrmpc
Ezek 16:26	בָשָׂ֑ר	1320	HNcmsa
Ezek 16:26	וַ/תַּרְבִּ֥י	c/7235 a	HC/Vhw2fs
Ezek 16:26	אֶת	853	HTo
Ezek 16:26	תַּזְנֻתֵ֖/ךְ	8457	HNcfsc/Sp2fs
Ezek 16:26	לְ/הַכְעִיסֵֽ/נִי	l/3707	HR/Vhc/Sp1cs
Ezek 16:27	וְ/הִנֵּ֨ה	c/2009	HC/Tm
Ezek 16:27	נָטִ֤יתִי	5186	HVqp1cs
Ezek 16:27	יָדִ/י֙	3027	HNcbsc/Sp1cs
Ezek 16:27	עָלַ֔יִ/ךְ	5921 a	HR/Sp2fs
Ezek 16:27	וָ/אֶגְרַ֖ע	c/1639	HC/Vqw1cs
Ezek 16:27	חֻקֵּ֑/ךְ	2706	HNcmsc/Sp2fs
Ezek 16:27	וָ/אֶתְּנֵ֞/ךְ	c/5414	HC/Vqw1cs/Sp2fs
Ezek 16:27	בְּ/נֶ֤פֶשׁ	b/5315	HR/Ncbsc
Ezek 16:27	שֹׂנְאוֹתַ֨יִ/ךְ֙	8130	HVqrfpc/Sp2fs
Ezek 16:27	בְּנ֣וֹת	1323	HNcfpc
Ezek 16:27	פְּלִשְׁתִּ֔ים	6430	HNgmpa
Ezek 16:27	הַ/נִּכְלָמ֖וֹת	d/3637	HTd/VNsfpa
Ezek 16:27	מִ/דַּרְכֵּ֥/ךְ	m/1870	HR/Ncbsc/Sp2fs
Ezek 16:27	זִמָּֽה	2154	HNcfsa
Ezek 16:28	וַ/תִּזְנִי֙	c/2181	HC/Vqw2fs
Ezek 16:28	אֶל	413	HR
Ezek 16:28	בְּנֵ֣י	1121 a	HNcmpc
Ezek 16:28	אַשּׁ֔וּר	804	HNp
Ezek 16:28	מִ/בִּלְתִּ֖י	m/1115	HR/Tn
Ezek 16:28	שָׂבְעָתֵ֑/ךְ	7654	HNcfsc/Sp2fs
Ezek 16:28	וַ/תִּזְנִ֕י/ם	c/2181	HC/Vqw2fs/Sp3mp
Ezek 16:28	וְ/גַ֖ם	c/1571	HC/Ta
Ezek 16:28	לֹ֥א	3808	HTn
Ezek 16:28	שָׂבָֽעַתְּ	7646	HVqp2fs
Ezek 16:29	וַ/תַּרְבִּ֧י	c/7235 a	HC/Vhw2fs
Ezek 16:29	אֶת	853	HTo
Ezek 16:29	תַּזְנוּתֵ֛/ךְ	8457	HNcfsc/Sp2fs
Ezek 16:29	אֶל	413	HR
Ezek 16:29	אֶ֥רֶץ	776	HNcbsc
Ezek 16:29	כְּנַ֖עַן	3667 b	HNp
Ezek 16:29	כַּשְׂדִּ֑ימָ/ה	3778	HNp/Sd
Ezek 16:29	וְ/גַם	c/1571	HC/Ta
Ezek 16:29	בְּ/זֹ֖את	b/2063	HR/Pdxfs
Ezek 16:29	לֹ֥א	3808	HTn
Ezek 16:29	שָׂבָֽעַתְּ	7646	HVqp2fs
Ezek 16:30	מָ֤ה	4100	HTi
Ezek 16:30	אֲמֻלָה֙	535	HVqsfsa
Ezek 16:30	לִבָּתֵ֔/ךְ	3826	HNcfsc/Sp2fs
Ezek 16:30	נְאֻ֖ם	5002	HNcmsc
Ezek 16:30	אֲדֹנָ֣/י	136	HNcmpc/Sp1cs
Ezek 16:30	יְהוִ֑ה	3069	HNp
Ezek 16:30	בַּ/עֲשׂוֹתֵ/ךְ֙	b/6213 a	HR/Vqc/Sp2fs
Ezek 16:30	אֶת	853	HTo
Ezek 16:30	כָּל	3605	HNcmsc
Ezek 16:30	אֵ֔לֶּה	428	HPdxcp
Ezek 16:30	מַעֲשֵׂ֥ה	4639	HNcmsc
Ezek 16:30	אִשָּֽׁה	802	HNcfsa
Ezek 16:30	זוֹנָ֖ה	2181	HVqrfsa
Ezek 16:30	שַׁלָּֽטֶת	7986	HAafsa
Ezek 16:31	בִּ/בְנוֹתַ֤יִ/ךְ	b/1129	HR/Vqc/Sp2fs
Ezek 16:31	גַּבֵּ/ךְ֙	1354	HNcbsc/Sp2fs
Ezek 16:31	בְּ/רֹ֣אשׁ	b/7218 a	HR/Ncmsc
Ezek 16:31	כָּל	3605	HNcmsc
Ezek 16:31	דֶּ֔רֶךְ	1870	HNcbsa
Ezek 16:31	וְ/רָמָתֵ֥/ךְ	c/7413	HC/Ncfsc/Sp2fs
Ezek 16:31	עשיתי	6213 a	HVqp2fs
Ezek 16:31	בְּ/כָל	b/3605	HR/Ncmsc
Ezek 16:31	רְח֑וֹב	7339	HNcfsa
Ezek 16:31	וְ/לֹא	c/3808	HC/Tn
Ezek 16:31	הייתי	1961	HVqp2fs
Ezek 16:31	כַּ/זּוֹנָ֖ה	k/2181	HRd/Vqrfsa
Ezek 16:31	לְ/קַלֵּ֥ס	l/7046	HR/Vpc
Ezek 16:31	אֶתְנָֽן	868	HNcmsa
Ezek 16:32	הָ/אִשָּׁ֖ה	d/802	HTd/Ncfsa
Ezek 16:32	הַ/מְּנָאָ֑פֶת	d/5003	HTd/Vprfsa
Ezek 16:32	תַּ֣חַת	8478	HR
Ezek 16:32	אִישָׁ֔/הּ	376	HNcmsc/Sp3fs
Ezek 16:32	תִּקַּ֖ח	3947	HVqi3fs
Ezek 16:32	אֶת	853	HTo
Ezek 16:32	זָרִֽים	2114 a	HAampa
Ezek 16:33	לְ/כָל	l/3605	HR/Ncmsc
Ezek 16:33	זֹנ֖וֹת	2181	HVqrfpa
Ezek 16:33	יִתְּנוּ	5414	HVqi3mp
Ezek 16:33	נֵ֑דֶה	5078	HNcmsa
Ezek 16:33	וְ/אַ֨תְּ	c/859 c	HC/Pp2fs
Ezek 16:33	נָתַ֤תְּ	5414	HVqp2fs
Ezek 16:33	אֶת	853	HTo
Ezek 16:33	נְדָנַ֨יִ/ךְ֙	5083	HNcmpc/Sp2fs
Ezek 16:33	לְ/כָל	l/3605	HR/Ncmsc
Ezek 16:33	מְאַֽהֲבַ֔יִ/ךְ	157	HVprmpc/Sp2fs
Ezek 16:33	וַ/תִּשְׁחֳדִ֣י	c/7809	HC/Vqw2fs
Ezek 16:33	אוֹתָ֗/ם	853	HTo/Sp3mp
Ezek 16:33	לָ/ב֥וֹא	l/935	HR/Vqc
Ezek 16:33	אֵלַ֛יִ/ךְ	413	HR/Sp2fs
Ezek 16:33	מִ/סָּבִ֖יב	m/5439	HR/Ncbsa
Ezek 16:33	בְּ/תַזְנוּתָֽיִ/ךְ	b/8457	HR/Ncfpc/Sp2fs
Ezek 16:34	וַ/יְהִי	c/1961	HC/Vqw3ms
Ezek 16:34	בָ֨/ךְ	b	HR/Sp2fs
Ezek 16:34	הֵ֤פֶךְ	2016	HNcmsa
Ezek 16:34	מִן	4480 a	HR
Ezek 16:34	הַ/נָּשִׁים֙	d/802	HTd/Ncfpa
Ezek 16:34	בְּ/תַזְנוּתַ֔יִ/ךְ	b/8457	HR/Ncfpc/Sp2fs
Ezek 16:34	וְ/אַחֲרַ֖יִ/ךְ	c/310 a	HC/R/Sp2fs
Ezek 16:34	לֹ֣א	3808	HTn
Ezek 16:34	זוּנָּ֑ה	2181	HVPp3ms
Ezek 16:34	וּ/בְ/תִתֵּ֣/ךְ	c/b/5414	HC/R/Vqc/Sp2fs
Ezek 16:34	אֶתְנָ֗ן	868	HNcmsa
Ezek 16:34	וְ/אֶתְנַ֛ן	c/868	HC/Ncmsa
Ezek 16:34	לֹ֥א	3808	HTn
Ezek 16:34	נִתַּן	5414	HVNp3ms
Ezek 16:34	לָ֖/ךְ	l	HR/Sp2fs
Ezek 16:34	וַ/תְּהִ֥י	c/1961	HC/Vqw3fs
Ezek 16:34	לְ/הֶֽפֶךְ	l/2016	HR/Ncmsa
Ezek 16:35	לָ/כֵ֣ן	l/3651 c	HR/D
Ezek 16:35	זוֹנָ֔ה	2181	HVqrfsa
Ezek 16:35	שִׁמְעִ֖י	8085	HVqv2fs
Ezek 16:35	דְּבַר	1697	HNcmsc
Ezek 16:35	יְהוָֽה	3068	HNp
Ezek 16:36	כֹּֽה	3541	HD
Ezek 16:36	אָמַ֞ר	559	HVqp3ms
Ezek 16:36	אֲדֹנָ֣/י	136	HNcmpc/Sp1cs
Ezek 16:36	יְהֹוִ֗ה	3069	HNp
Ezek 16:36	יַ֣עַן	3282	HC
Ezek 16:36	הִשָּׁפֵ֤ךְ	8210	HVNc
Ezek 16:36	נְחֻשְׁתֵּ/ךְ֙	5178 b	HNcfsc/Sp2fs
Ezek 16:36	וַ/תִּגָּלֶ֣ה	c/1540	HC/VNw3fs
Ezek 16:36	עֶרְוָתֵ֔/ךְ	6172	HNcfsc/Sp2fs
Ezek 16:36	בְּ/תַזְנוּתַ֖יִ/ךְ	b/8457	HR/Ncfpc/Sp2fs
Ezek 16:36	עַל	5921 a	HR
Ezek 16:36	מְאַהֲבָ֑יִ/ךְ	157	HVprmpc/Sp2fs
Ezek 16:36	וְ/עַל֙	c/5921 a	HC/R
Ezek 16:36	כָּל	3605	HNcmsc
Ezek 16:36	גִּלּוּלֵ֣י	1544	HNcmpc
Ezek 16:36	תוֹעֲבוֹתַ֔יִ/ךְ	8441	HNcfpc/Sp2fs
Ezek 16:36	וְ/כִ/דְמֵ֣י	c/k/1818	HC/R/Ncmpc
Ezek 16:36	בָנַ֔יִ/ךְ	1121 a	HNcmpc/Sp2fs
Ezek 16:36	אֲשֶׁ֥ר	834 a	HTr
Ezek 16:36	נָתַ֖תְּ	5414	HVqp2fs
Ezek 16:36	לָ/הֶֽם	l	HR/Sp3mp
Ezek 16:37	לָ֠/כֵן	l/3651 c	HR/D
Ezek 16:37	הִנְ/נִ֨י	2005	HTm/Sp1cs
Ezek 16:37	מְקַבֵּ֤ץ	6908	HVprmsa
Ezek 16:37	אֶת	853	HTo
Ezek 16:37	כָּל	3605	HNcmsc
Ezek 16:37	מְאַהֲבַ֨יִ/ךְ֙	157	HVprmpc/Sp2fs
Ezek 16:37	אֲשֶׁ֣ר	834 a	HTr
Ezek 16:37	עָרַ֣בְתְּ	6149	HVqp2fs
Ezek 16:37	עֲלֵי/הֶ֔ם	5921 a	HR/Sp3mp
Ezek 16:37	וְ/אֵת֙	c/853	HC/To
Ezek 16:37	כָּל	3605	HNcmsc
Ezek 16:37	אֲשֶׁ֣ר	834 a	HTr
Ezek 16:37	אָהַ֔בְתְּ	157	HVqp2fs
Ezek 16:37	עַ֖ל	5921 a	HR
Ezek 16:37	כָּל	3605	HNcmsc
Ezek 16:37	אֲשֶׁ֣ר	834 a	HTr
Ezek 16:37	שָׂנֵ֑את	8130	HVqp2fs
Ezek 16:37	וְ/קִבַּצְתִּי֩	c/6908	HC/Vpq1cs
Ezek 16:37	אֹתָ֨/ם	853	HTo/Sp3mp
Ezek 16:37	עָלַ֜יִ/ךְ	5921 a	HR/Sp2fs
Ezek 16:37	מִ/סָּבִ֗יב	m/5439	HR/Ncbsa
Ezek 16:37	וְ/גִלֵּיתִ֤י	c/1540	HC/Vpq1cs
Ezek 16:37	עֶרְוָתֵ/ךְ֙	6172	HNcfsc/Sp2fs
Ezek 16:37	אֲלֵ/הֶ֔ם	413	HR/Sp3mp
Ezek 16:37	וְ/רָא֖וּ	c/7200	HC/Vqq3cp
Ezek 16:37	אֶת	853	HTo
Ezek 16:37	כָּל	3605	HNcmsc
Ezek 16:37	עֶרְוָתֵֽ/ךְ	6172	HNcfsc/Sp2fs
Ezek 16:38	וּ/שְׁפַטְתִּי/ךְ֙	c/8199	HC/Vqq1cs/Sp2fs
Ezek 16:38	מִשְׁפְּטֵ֣י	4941	HNcmpc
Ezek 16:38	נֹאֲפ֔וֹת	5003	HVqrfpa
Ezek 16:38	וְ/שֹׁפְכֹ֖ת	c/8210	HC/Vqrfpc
Ezek 16:38	דָּ֑ם	1818	HNcmsa
Ezek 16:38	וּ/נְתַתִּ֕י/ךְ	c/5414	HC/Vqq1cs/Sp2fs
Ezek 16:38	דַּ֥ם	1818	HNcmsc
Ezek 16:38	חֵמָ֖ה	2534	HNcfsa
Ezek 16:38	וְ/קִנְאָֽה	c/7068	HC/Ncfsa
Ezek 16:39	וְ/נָתַתִּ֨י	c/5414	HC/Vqq1cs
Ezek 16:39	אוֹתָ֜/ךְ	853	HTo/Sp2fs
Ezek 16:39	בְּ/יָדָ֗/ם	b/3027	HR/Ncbsc/Sp3mp
Ezek 16:39	וְ/הָרְס֤וּ	c/2040	HC/Vqq3cp
Ezek 16:39	גַבֵּ/ךְ֙	1354	HNcbsc/Sp2fs
Ezek 16:39	וְ/נִתְּצ֣וּ	c/5422	HC/Vpq3cp
Ezek 16:39	רָמֹתַ֔יִ/ךְ	7413	HNcfpc/Sp2fs
Ezek 16:39	וְ/הִפְשִׁ֤יטוּ	c/6584	HC/Vhq3cp
Ezek 16:39	אוֹתָ/ךְ֙	853	HTo/Sp2fs
Ezek 16:39	בְּגָדַ֔יִ/ךְ	899 b	HNcmpc/Sp2fs
Ezek 16:39	וְ/לָקְח֖וּ	c/3947	HC/Vqq3cp
Ezek 16:39	כְּלֵ֣י	3627	HNcmpc
Ezek 16:39	תִפְאַרְתֵּ֑/ךְ	8597	HNcfsc/Sp2fs
Ezek 16:39	וְ/הִנִּיח֖וּ/ךְ	c/3240	HC/Vhq3cp/Sp2fs
Ezek 16:39	עֵירֹ֥ם	5903	HAamsa
Ezek 16:39	וְ/עֶרְיָֽה	c/6181	HC/Ncfsa
Ezek 16:40	וְ/הֶעֱל֤וּ	c/5927	HC/Vhq3cp
Ezek 16:40	עָלַ֨יִ/ךְ֙	5921 a	HR/Sp2fs
Ezek 16:40	קָהָ֔ל	6951	HNcmsa
Ezek 16:40	וְ/רָגְמ֥וּ	c/7275	HC/Vqq3cp
Ezek 16:40	אוֹתָ֖/ךְ	853	HTo/Sp2fs
Ezek 16:40	בָּ/אָ֑בֶן	b/68	HRd/Ncfsa
Ezek 16:40	וּ/בִתְּק֖וּ/ךְ	c/1333	HC/Vpq3cp/Sp2fs
Ezek 16:40	בְּ/חַרְבוֹתָֽ/ם	b/2719	HR/Ncfpc/Sp3mp
Ezek 16:41	וְ/שָׂרְפ֤וּ	c/8313	HC/Vqq3cp
Ezek 16:41	בָתַּ֨יִ/ךְ֙	1004 b	HNcmpc/Sp2fs
Ezek 16:41	בָּ/אֵ֔שׁ	b/784	HRd/Ncbsa
Ezek 16:41	וְ/עָשׂוּ	c/6213 a	HC/Vqq3cp
Ezek 16:41	בָ֣/ךְ	b	HR/Sp2fs
Ezek 16:41	שְׁפָטִ֔ים	8201	HNcmpa
Ezek 16:41	לְ/עֵינֵ֖י	l/5869 a	HR/Ncbdc
Ezek 16:41	נָשִׁ֣ים	802	HNcfpa
Ezek 16:41	רַבּ֑וֹת	7227 a	HAafpa
Ezek 16:41	וְ/הִשְׁבַּתִּי/ךְ֙	c/7673 a	HC/Vhq1cs/Sp2fs
Ezek 16:41	מִ/זּוֹנָ֔ה	m/2181	HR/Vqrfsa
Ezek 16:41	וְ/גַם	c/1571	HC/Ta
Ezek 16:41	אֶתְנַ֖ן	868	HNcmsa
Ezek 16:41	לֹ֥א	3808	HTn
Ezek 16:41	תִתְּנִי	5414	HVqi2fs
Ezek 16:41	עֽוֹד	5750	HD
Ezek 16:42	וַ/הֲנִחֹתִ֤י	c/5117	HC/Vhq1cs
Ezek 16:42	חֲמָתִ/י֙	2534	HNcfsc/Sp1cs
Ezek 16:42	בָּ֔/ךְ	b	HR/Sp2fs
Ezek 16:42	וְ/סָ֥רָה	c/5493	HC/Vqq3fs
Ezek 16:42	קִנְאָתִ֖/י	7068	HNcfsc/Sp1cs
Ezek 16:42	מִמֵּ֑/ךְ	4480 a	HR/Sp2fs
Ezek 16:42	וְ/שָׁ֣קַטְתִּ֔י	c/8252	HC/Vqq1cs
Ezek 16:42	וְ/לֹ֥א	c/3808	HC/Tn
Ezek 16:42	אֶכְעַ֖ס	3707	HVqi1cs
Ezek 16:42	עֽוֹד	5750	HD
Ezek 16:43	יַ֗עַן	3282	HC
Ezek 16:43	אֲשֶׁ֤ר	834 a	HTr
Ezek 16:43	לֹֽא	3808	HTn
Ezek 16:43	זכרתי	2142	HVqp2fs
Ezek 16:43	אֶת	853	HTo
Ezek 16:43	יְמֵ֣י	3117	HNcmpc
Ezek 16:43	נְעוּרַ֔יִ/ךְ	5271 a	HNcbpc/Sp2fs
Ezek 16:43	וַ/תִּרְגְּזִי	c/7264	HC/Vqw2fs
Ezek 16:43	לִ֖/י	l	HR/Sp1cs
Ezek 16:43	בְּ/כָל	b/3605	HR/Ncmsc
Ezek 16:43	אֵ֑לֶּה	428	HPdxcp
Ezek 16:43	וְ/גַם	c/1571	HC/Ta
Ezek 16:43	אֲנִ֨י	589	HPp1cs
Ezek 16:43	הֵ֜א	1887	HTj
Ezek 16:43	דַּרְכֵּ֣/ךְ	1870	HNcbsc/Sp2fs
Ezek 16:43	בְּ/רֹ֣אשׁ	b/7218 a	HR/Ncmsa
Ezek 16:43	נָתַ֗תִּי	5414	HVqp1cs
Ezek 16:43	נְאֻם֙	5002	HNcmsc
Ezek 16:43	אֲדֹנָ֣/י	136	HNcmpc/Sp1cs
Ezek 16:43	יְהוִ֔ה	3069	HNp
Ezek 16:43	וְ/לֹ֤א	c/3808	HC/Tn
Ezek 16:43	עשיתי	6213 a	HVqp2fs
Ezek 16:43	אֶת	853	HTo
Ezek 16:43	הַ/זִּמָּ֔ה	d/2154	HTd/Ncfsa
Ezek 16:43	עַ֖ל	5921 a	HR
Ezek 16:43	כָּל	3605	HNcmsc
Ezek 16:43	תּוֹעֲבֹתָֽיִ/ךְ	8441	HNcfpc/Sp2fs
Ezek 16:44	הִנֵּה֙	2009	HTm
Ezek 16:44	כָּל	3605	HNcmsc
Ezek 16:44	הַ/מֹּשֵׁ֔ל	d/4911 b	HTd/Vqrmsa
Ezek 16:44	עָלַ֥יִ/ךְ	5921 a	HR/Sp2fs
Ezek 16:44	יִמְשֹׁ֖ל	4911 b	HVqi3ms
Ezek 16:44	לֵ/אמֹ֑ר	l/559	HR/Vqc
Ezek 16:44	כְּ/אִמָּ֖/ה	k/517	HR/Ncfsc/Sp3fs
Ezek 16:44	בִּתָּֽ/הּ	1323	HNcfsc/Sp3fs
Ezek 16:45	בַּת	1323	HNcfsc
Ezek 16:45	אִמֵּ֣/ךְ	517	HNcfsc/Sp2fs
Ezek 16:45	אַ֔תְּ	859 c	HPp2fs
Ezek 16:45	גֹּעֶ֥לֶת	1602	HVqrfsa
Ezek 16:45	אִישָׁ֖/הּ	376	HNcmsc/Sp3fs
Ezek 16:45	וּ/בָנֶ֑י/הָ	c/1121 a	HC/Ncmpc/Sp3fs
Ezek 16:45	וַ/אֲח֨וֹת	c/269	HC/Ncfsc
Ezek 16:45	אֲחוֹתֵ֜/ךְ	269	HNcfsc/Sp2fs
Ezek 16:45	אַ֗תְּ	859 c	HPp2fs
Ezek 16:45	אֲשֶׁ֤ר	834 a	HTr
Ezek 16:45	גָּֽעֲ֨לוּ֙	1602	HVqp3cp
Ezek 16:45	אַנְשֵׁי/הֶ֣ן	376	HNcmpc/Sp3fp
Ezek 16:45	וּ/בְנֵי/הֶ֔ן	c/1121 a	HC/Ncmpc/Sp3fp
Ezek 16:45	אִמְּ/כֶ֣ן	517	HNcfsc/Sp2fp
Ezek 16:45	חִתִּ֔ית	2850	HNgfsa
Ezek 16:45	וַ/אֲבִי/כֶ֖ן	c/1	HC/Ncmsc/Sp2fp
Ezek 16:45	אֱמֹרִֽי	567	HNgmsa
Ezek 16:46	וַ/אֲחוֹתֵ֨/ךְ	c/269	HC/Ncfsc/Sp2fs
Ezek 16:46	הַ/גְּדוֹלָ֤ה	d/1419 a	HTd/Aafsa
Ezek 16:46	שֹֽׁמְרוֹן֙	8111	HNp
Ezek 16:46	הִ֣יא	1931	HPp3fs
Ezek 16:46	וּ/בְנוֹתֶ֔י/הָ	c/1323	HC/Ncfpc/Sp3fs
Ezek 16:46	הַ/יּוֹשֶׁ֖בֶת	d/3427	HTd/Vqrfsa
Ezek 16:46	עַל	5921 a	HR
Ezek 16:46	שְׂמֹאולֵ֑/ךְ	8040	HNcmsc/Sp2fs
Ezek 16:46	וַ/אֲחוֹתֵ֞/ךְ	c/269	HC/Ncfsc/Sp2fs
Ezek 16:46	הַ/קְּטַנָּ֣ה	d/6996 a	HTd/Aafsa
Ezek 16:46	מִמֵּ֗/ךְ	4480 a	HR/Sp2fs
Ezek 16:46	הַ/יּוֹשֶׁ֨בֶת֙	d/3427	HTd/Vqrfsa
Ezek 16:46	מִֽ/ימִינֵ֔/ךְ	m/3225	HR/Ncfsc/Sp2fs
Ezek 16:46	סְדֹ֖ם	5467	HNp
Ezek 16:46	וּ/בְנוֹתֶֽי/הָ	c/1323	HC/Ncfpc/Sp3fs
Ezek 16:47	וְ/לֹ֤א	c/3808	HC/Tn
Ezek 16:47	בְ/דַרְכֵי/הֶן֙	b/1870	HR/Ncbpc/Sp3fp
Ezek 16:47	הָלַ֔כְתְּ	1980	HVqp2fs
Ezek 16:47	וּ/בְ/תוֹעֲבֽוֹתֵי/הֶ֖ן	c/b/8441	HC/R/Ncfpc/Sp3fp
Ezek 16:47	עשיתי	6213 a	HVqp2fs
Ezek 16:47	כִּ/מְעַ֣ט	k/4592	HR/Ncmsa
Ezek 16:47	קָ֔ט	6985	HAamsa
Ezek 16:47	וַ/תַּשְׁחִ֥תִי	c/7843	HC/Vhw2fs
Ezek 16:47	מֵ/הֵ֖ן	m/2004	HR/Sp3fp
Ezek 16:47	בְּ/כָל	b/3605	HR/Ncmsc
Ezek 16:47	דְּרָכָֽיִ/ךְ	1870	HNcbpc/Sp2fs
Ezek 16:48	חַי	2416 a	HAamsa
Ezek 16:48	אָ֗נִי	589	HPp1cs
Ezek 16:48	נְאֻם֙	5002	HNcmsc
Ezek 16:48	אֲדֹנָ֣/י	136	HNcmpc/Sp1cs
Ezek 16:48	יְהוִ֔ה	3069	HNp
Ezek 16:48	אִם	518 a	HC
Ezek 16:48	עָֽשְׂתָה֙	6213 a	HVqp3fs
Ezek 16:48	סְדֹ֣ם	5467	HNp
Ezek 16:48	אֲחוֹתֵ֔/ךְ	269	HNcfsc/Sp2fs
Ezek 16:48	הִ֖יא	1931	HPp3fs
Ezek 16:48	וּ/בְנוֹתֶ֑י/הָ	c/1323	HC/Ncfpc/Sp3fs
Ezek 16:48	כַּ/אֲשֶׁ֣ר	k/834 d	HR/Tr
Ezek 16:48	עָשִׂ֔ית	6213 a	HVqp2fs
Ezek 16:48	אַ֖תְּ	859 c	HPp2fs
Ezek 16:48	וּ/בְנוֹתָֽיִ/ךְ	c/1323	HC/Ncfpc/Sp2fs
Ezek 16:49	הִנֵּה	2009	HTm
Ezek 16:49	זֶ֣ה	2088	HPdxms
Ezek 16:49	הָיָ֔ה	1961	HVqp3ms
Ezek 16:49	עֲוֺ֖ן	5771	HNcbsc
Ezek 16:49	סְדֹ֣ם	5467	HNp
Ezek 16:49	אֲחוֹתֵ֑/ךְ	269	HNcfsc/Sp2fs
Ezek 16:49	גָּא֨וֹן	1347	HNcmsa
Ezek 16:49	שִׂבְעַת	7653	HNcfsc
Ezek 16:49	לֶ֜חֶם	3899	HNcbsa
Ezek 16:49	וְ/שַׁלְוַ֣ת	c/7962	HC/Ncfsc
Ezek 16:49	הַשְׁקֵ֗ט	8252	HVha
Ezek 16:49	הָ֤יָה	1961	HVqp3ms
Ezek 16:49	לָ/הּ֙	l	HR/Sp3fs
Ezek 16:49	וְ/לִ/בְנוֹתֶ֔י/הָ	c/l/1323	HC/R/Ncfpc/Sp3fs
Ezek 16:49	וְ/יַד	c/3027	HC/Ncbsc
Ezek 16:49	עָנִ֥י	6041	HAamsa
Ezek 16:49	וְ/אֶבְי֖וֹן	c/34	HC/Aamsa
Ezek 16:49	לֹ֥א	3808	HTn
Ezek 16:49	הֶחֱזִֽיקָה	2388	HVhp3fs
Ezek 16:50	וַֽ/תִּגְבְּהֶ֔ינָה	c/1361	HC/Vqw3fp
Ezek 16:50	וַ/תַּעֲשֶׂ֥ינָה	c/6213 a	HC/Vqw3fp
Ezek 16:50	תוֹעֵבָ֖ה	8441	HNcfsa
Ezek 16:50	לְ/פָנָ֑/י	l/6440	HR/Ncbpc/Sp1cs
Ezek 16:50	וָ/אָסִ֥יר	c/5493	HC/Vhw1cs
Ezek 16:50	אֶתְ/הֶ֖ן	853	HTo/Sp3fp
Ezek 16:50	כַּ/אֲשֶׁ֥ר	k/834 d	HR/Tr
Ezek 16:50	רָאִֽיתִי	7200	HVqp1cs
Ezek 16:51	וְ/שֹׁ֣מְר֔וֹן	c/8111	HC/Np
Ezek 16:51	כַּ/חֲצִ֥י	k/2677	HR/Ncmsc
Ezek 16:51	חַטֹּאתַ֖יִ/ךְ	2403 b	HNcfpc/Sp2fs
Ezek 16:51	לֹ֣א	3808	HTn
Ezek 16:51	חָטָ֑אָה	2398	HVqp3fs
Ezek 16:51	וַ/תַּרְבִּ֤י	c/7235 a	HC/Vhw2fs
Ezek 16:51	אֶת	853	HTo
Ezek 16:51	תּוֹעֲבוֹתַ֨יִ/ךְ֙	8441	HNcfpc/Sp2fs
Ezek 16:51	מֵ/הֵ֔נָּה	m/2007	HR/Pp3fp
Ezek 16:51	וַ/תְּצַדְּקִי֙	c/6663	HC/Vpw2fs
Ezek 16:51	אֶת	853	HTo
Ezek 16:51	אחות/ך	269	HNcfsc/Sp2fs
Ezek 16:51	בְּ/כָל	b/3605	HR/Ncmsc
Ezek 16:51	תּוֹעֲבוֹתַ֖יִ/ךְ	8441	HNcfpc/Sp2fs
Ezek 16:51	אֲשֶׁ֥ר	834 a	HTr
Ezek 16:51	עשיתי	6213 a	HVqp2fs
Ezek 16:52	גַּם	1571	HTa
Ezek 16:52	אַ֣תְּ	859 c	HPp2fs
Ezek 16:52	שְׂאִ֣י	5375	HVqv2fs
Ezek 16:52	כְלִמָּתֵ֗/ךְ	3639	HNcfsc/Sp2fs
Ezek 16:52	אֲשֶׁ֤ר	834 a	HTr
Ezek 16:52	פִּלַּלְתְּ֙	6419	HVpp2fs
Ezek 16:52	לַֽ/אֲחוֹתֵ֔/ךְ	l/269	HR/Ncfsc/Sp2fs
Ezek 16:52	בְּ/חַטֹּאתַ֛יִ/ךְ	b/2403 b	HR/Ncfpc/Sp2fs
Ezek 16:52	אֲשֶׁר	834 a	HTr
Ezek 16:52	הִתְעַ֥בְתְּ	8581	HVhp2fs
Ezek 16:52	מֵ/הֵ֖ן	m/2004	HR/Sp3fp
Ezek 16:52	תִּצְדַּ֣קְנָה	6663	HVqi3fp
Ezek 16:52	מִמֵּ֑/ךְ	4480 a	HR/Sp2fs
Ezek 16:52	וְ/גַם	c/1571	HC/Ta
Ezek 16:52	אַ֥תְּ	859 c	HPp2fs
Ezek 16:52	בּ֨וֹשִׁי֙	954	HVqv2fs
Ezek 16:52	וּ/שְׂאִ֣י	c/5375	HC/Vqv2fs
Ezek 16:52	כְלִמָּתֵ֔/ךְ	3639	HNcfsc/Sp2fs
Ezek 16:52	בְּ/צַדֶּקְתֵּ֖/ךְ	b/6663	HR/Vpc/Sp2fs
Ezek 16:52	אַחְיוֹתֵֽ/ךְ	269	HNcfpc/Sp2fs
Ezek 16:53	וְ/שַׁבְתִּי֙	c/7725	HC/Vqq1cs
Ezek 16:53	אֶת	853	HTo
Ezek 16:53	שְׁבִ֣יתְ/הֶ֔ן	7622	HNcfsc/Sp3fp
Ezek 16:53	אֶת	853	HTo
Ezek 16:53	שבית	7622	HNcfsc
Ezek 16:53	סְדֹם֙	5467	HNp
Ezek 16:53	וּ/בְנוֹתֶ֔י/הָ	c/1323	HC/Ncfpc/Sp3fs
Ezek 16:53	וְ/אֶת	c/853	HC/To
Ezek 16:53	שבית	7622	HNcfsc
Ezek 16:53	שֹׁמְר֖וֹן	8111	HNp
Ezek 16:53	וּ/בְנוֹתֶ֑י/הָ	c/1323	HC/Ncfpc/Sp3fs
Ezek 16:53	ו/שבית	c/7622	HC/Ncfsc
Ezek 16:53	שְׁבִיתַ֖יִ/ךְ	7628 a	HNcbpc/Sp2fs
Ezek 16:53	בְּ/תוֹכָֽ/הְנָה	b/8432	HR/Ncmsc/Sp3fp
Ezek 16:54	לְמַ֨עַן֙	4616	HR
Ezek 16:54	תִּשְׂאִ֣י	5375	HVqi2fs
Ezek 16:54	כְלִמָּתֵ֔/ךְ	3639	HNcfsc/Sp2fs
Ezek 16:54	וְ/נִכְלַ֕מְתְּ	c/3637	HC/VNq2fs
Ezek 16:54	מִ/כֹּ֖ל	m/3605	HR/Ncmsa
Ezek 16:54	אֲשֶׁ֣ר	834 a	HTr
Ezek 16:54	עָשִׂ֑ית	6213 a	HVqp2fs
Ezek 16:54	בְּ/נַחֲמֵ֖/ךְ	b/5162	HR/Vpc/Sp2fs
Ezek 16:54	אֹתָֽ/ן	853	HTo/Sp3fp
Ezek 16:55	וַ/אֲחוֹתַ֗יִ/ךְ	c/269	HC/Ncfpc/Sp2fs
Ezek 16:55	סְדֹ֤ם	5467	HNp
Ezek 16:55	וּ/בְנוֹתֶ֨י/הָ֙	c/1323	HC/Ncfpc/Sp3fs
Ezek 16:55	תָּשֹׁ֣בְןָ	7725	HVqi3fp
Ezek 16:55	לְ/קַדְמָתָ֔/ן	l/6927	HR/Ncfsc/Sp3fp
Ezek 16:55	וְ/שֹֽׁמְרוֹן֙	c/8111	HC/Np
Ezek 16:55	וּ/בְנוֹתֶ֔י/הָ	c/1323	HC/Ncfpc/Sp3fs
Ezek 16:55	תָּשֹׁ֖בְןָ	7725	HVqi3fp
Ezek 16:55	לְ/קַדְמָתָ֑/ן	l/6927	HR/Ncfsc/Sp3fp
Ezek 16:55	וְ/אַתְּ֙	c/859 c	HC/Pp2fs
Ezek 16:55	וּ/בְנוֹתַ֔יִ/ךְ	c/1323	HC/Ncfpc/Sp2fs
Ezek 16:55	תְּשֻׁבֶ֖ינָה	7725	HVqi2fp
Ezek 16:55	לְ/קַדְמַתְ/כֶֽן	l/6927	HR/Ncfsc/Sp2fp
Ezek 16:56	וְ/ל֤וֹא	c/3808	HC/Tn
Ezek 16:56	הָֽיְתָה֙	1961	HVqp3fs
Ezek 16:56	סְדֹ֣ם	5467	HNp
Ezek 16:56	אֲחוֹתֵ֔/ךְ	269	HNcfsc/Sp2fs
Ezek 16:56	לִ/שְׁמוּעָ֖ה	l/8052	HR/Ncfsa
Ezek 16:56	בְּ/פִ֑י/ךְ	b/6310	HR/Ncmsc/Sp2fs
Ezek 16:56	בְּ/י֖וֹם	b/3117	HR/Ncmsc
Ezek 16:56	גְּאוֹנָֽיִ/ךְ	1347	HNcmpc/Sp2fs
Ezek 16:57	בְּ/טֶרֶם֮	b/2962	HR/D
Ezek 16:57	תִּגָּלֶ֣ה	1540	HVNi3fs
Ezek 16:57	רָעָתֵ/ךְ֒	7451 c	HNcfsc/Sp2fs
Ezek 16:57	כְּמ֗וֹ	3644	HR
Ezek 16:57	עֵ֚ת	6256	HNcbsc
Ezek 16:57	חֶרְפַּ֣ת	2781	HNcfsc
Ezek 16:57	בְּנוֹת	1323	HNcfpc
Ezek 16:57	אֲרָ֔ם	758	HNp
Ezek 16:57	וְ/כָל	c/3605	HC/Ncmsc
Ezek 16:57	סְבִיבוֹתֶ֖י/הָ	5439	HNcbpc/Sp3fs
Ezek 16:57	בְּנ֣וֹת	1323	HNcfpc
Ezek 16:57	פְּלִשְׁתִּ֑ים	6430	HNgmpa
Ezek 16:57	הַ/שָּׁאט֥וֹת	d/7590	HTd/Vqrfpa
Ezek 16:57	אוֹתָ֖/ךְ	853	HTo/Sp2fs
Ezek 16:57	מִ/סָּבִֽיב	m/5439	HR/Ncbsa
Ezek 16:58	אֶת	853	HTo
Ezek 16:58	זִמָּתֵ֥/ךְ	2154	HNcfsc/Sp2fs
Ezek 16:58	וְ/אֶת	c/853	HC/To
Ezek 16:58	תּוֹעֲבוֹתַ֖יִ/ךְ	8441	HNcfpc/Sp2fs
Ezek 16:58	אַ֣תְּ	859 c	HPp2fs
Ezek 16:58	נְשָׂאתִ֑י/ם	5375	HVqp2fs/Sp3mp
Ezek 16:58	נְאֻ֖ם	5002	HNcmsc
Ezek 16:58	יְהוָֽה	3068	HNp
Ezek 16:59	כִּ֣י	3588 a	HC
Ezek 16:59	כֹ֤ה	3541	HD
Ezek 16:59	אָמַר֙	559	HVqp3ms
Ezek 16:59	אֲדֹנָ֣/י	136	HNcmpc/Sp1cs
Ezek 16:59	יְהוִ֔ה	3069	HNp
Ezek 16:59	ו/עשית	c/6213 a	HC/Vqq2fs
Ezek 16:59	אוֹתָ֖/ךְ	853	HTo/Sp2fs
Ezek 16:59	כַּ/אֲשֶׁ֣ר	k/834 d	HR/Tr
Ezek 16:59	עָשִׂ֑ית	6213 a	HVqp2fs
Ezek 16:59	אֲשֶׁר	834 a	HTr
Ezek 16:59	בָּזִ֥ית	959	HVqp2fs
Ezek 16:59	אָלָ֖ה	423	HNcfsa
Ezek 16:59	לְ/הָפֵ֥ר	l/6565 a	HR/Vhc
Ezek 16:59	בְּרִֽית	1285	HNcfsa
Ezek 16:60	וְ/זָכַרְתִּ֨י	c/2142	HC/Vqq1cs
Ezek 16:60	אֲנִ֧י	589	HPp1cs
Ezek 16:60	אֶת	853	HTo
Ezek 16:60	בְּרִיתִ֛/י	1285	HNcfsc/Sp1cs
Ezek 16:60	אוֹתָ֖/ךְ	853	HTo/Sp2fs
Ezek 16:60	בִּ/ימֵ֣י	b/3117	HR/Ncmpc
Ezek 16:60	נְעוּרָ֑יִ/ךְ	5271 a	HNcbpc/Sp2fs
Ezek 16:60	וַ/הֲקִמוֹתִ֥י	c/6965 b	HC/Vhq1cs
Ezek 16:60	לָ֖/ךְ	l	HR/Sp2fs
Ezek 16:60	בְּרִ֥ית	1285	HNcfsc
Ezek 16:60	עוֹלָֽם	5769	HNcmsa
Ezek 16:61	וְ/זָכַ֣רְתְּ	c/2142	HC/Vqq2fs
Ezek 16:61	אֶת	853	HTo
Ezek 16:61	דְּרָכַיִ/ךְ֮	1870	HNcbpc/Sp2fs
Ezek 16:61	וְ/נִכְלַמְתְּ֒	c/3637	HC/VNq2fs
Ezek 16:61	בְּ/קַחְתֵּ֗/ךְ	b/3947	HR/Vqc/Sp2fs
Ezek 16:61	אֶת	853	HTo
Ezek 16:61	אֲחוֹתַ֨יִ/ךְ֙	269	HNcfpc/Sp2fs
Ezek 16:61	הַ/גְּדֹל֣וֹת	d/1419 a	HTd/Aafpa
Ezek 16:61	מִמֵּ֔/ךְ	4480 a	HR/Sp2fs
Ezek 16:61	אֶל	413	HR
Ezek 16:61	הַ/קְּטַנּ֖וֹת	d/6996 a	HTd/Aafpa
Ezek 16:61	מִמֵּ֑/ךְ	4480 a	HR/Sp2fs
Ezek 16:61	וְ/נָתַתִּ֨י	c/5414	HC/Vqq1cs
Ezek 16:61	אֶתְ/הֶ֥ן	853	HTo/Sp3fp
Ezek 16:61	לָ֛/ךְ	l	HR/Sp2fs
Ezek 16:61	לְ/בָנ֖וֹת	l/1323	HR/Ncfpa
Ezek 16:61	וְ/לֹ֥א	c/3808	HC/Tn
Ezek 16:61	מִ/בְּרִיתֵֽ/ךְ	m/1285	HR/Ncfsc/Sp2fs
Ezek 16:62	וַ/הֲקִימוֹתִ֥י	c/6965 b	HC/Vhq1cs
Ezek 16:62	אֲנִ֛י	589	HPp1cs
Ezek 16:62	אֶת	853	HTo
Ezek 16:62	בְּרִיתִ֖/י	1285	HNcfsc/Sp1cs
Ezek 16:62	אִתָּ֑/ךְ	854	HR/Sp2fs
Ezek 16:62	וְ/יָדַ֖עַתְּ	c/3045	HC/Vqq2fs
Ezek 16:62	כִּֽי	3588 a	HC
Ezek 16:62	אֲנִ֥י	589	HPp1cs
Ezek 16:62	יְהוָֽה	3068	HNp
Ezek 16:63	לְמַ֤עַן	4616	HR
Ezek 16:63	תִּזְכְּרִי֙	2142	HVqi2fs
Ezek 16:63	וָ/בֹ֔שְׁתְּ	c/954	HC/Vqq2fs
Ezek 16:63	וְ/לֹ֨א	c/3808	HC/Tn
Ezek 16:63	יִֽהְיֶה	1961	HVqi3ms
Ezek 16:63	לָּ֥/ךְ	l	HR/Sp2fs
Ezek 16:63	עוֹד֙	5750	HD
Ezek 16:63	פִּתְח֣וֹן	6610	HNcmsc
Ezek 16:63	פֶּ֔ה	6310	HNcmsa
Ezek 16:63	מִ/פְּנֵ֖י	m/6440	HR/Ncbpc
Ezek 16:63	כְּלִמָּתֵ֑/ךְ	3639	HNcfsc/Sp2fs
Ezek 16:63	בְּ/כַפְּרִ/י	b/3722 a	HR/Vpc/Sp1cs
Ezek 16:63	לָ/ךְ֙	l	HR/Sp2fs
Ezek 16:63	לְ/כָל	l/3605	HR/Ncmsc
Ezek 16:63	אֲשֶׁ֣ר	834 a	HTr
Ezek 16:63	עָשִׂ֔ית	6213 a	HVqp2fs
Ezek 16:63	נְאֻ֖ם	5002	HNcmsc
Ezek 16:63	אֲדֹנָ֥/י	136	HNcmpc/Sp1cs
Ezek 16:63	יְהוִֽה	3069	HNp
Ezek 17:1	וַ/יְהִ֥י	c/1961	HC/Vqw3ms
Ezek 17:1	דְבַר	1697	HNcmsc
Ezek 17:1	יְהוָ֖ה	3068	HNp
Ezek 17:1	אֵלַ֥/י	413	HR/Sp1cs
Ezek 17:1	לֵ/אמֹֽר	l/559	HR/Vqc
Ezek 17:2	בֶּן	1121 a	HNcmsc
Ezek 17:2	אָדָ֕ם	120	HNcmsa
Ezek 17:2	ח֥וּד	2330	HVqv2ms
Ezek 17:2	חִידָ֖ה	2420	HNcfsa
Ezek 17:2	וּ/מְשֹׁ֣ל	c/4911 b	HC/Vqv2ms
Ezek 17:2	מָשָׁ֑ל	4912	HNcmsa
Ezek 17:2	אֶל	413	HR
Ezek 17:2	בֵּ֖ית	1004 b	HNcmsc
Ezek 17:2	יִשְׂרָאֵֽל	3478	HNp
Ezek 17:3	וְ/אָמַרְתָּ֞	c/559	HC/Vqq2ms
Ezek 17:3	כֹּה	3541	HD
Ezek 17:3	אָמַ֣ר	559	HVqp3ms
Ezek 17:3	אֲדֹנָ֣/י	136	HNcmpc/Sp1cs
Ezek 17:3	יְהוִ֗ה	3069	HNp
Ezek 17:3	הַ/נֶּ֤שֶׁר	d/5404	HTd/Ncmsa
Ezek 17:3	הַ/גָּדוֹל֙	d/1419 a	HTd/Aamsa
Ezek 17:3	גְּד֤וֹל	1419 a	HAamsc
Ezek 17:3	הַ/כְּנָפַ֨יִם֙	d/3671	HTd/Ncfda
Ezek 17:3	אֶ֣רֶךְ	750	HAamsc
Ezek 17:3	הָ/אֵ֔בֶר	d/83	HTd/Ncmsa
Ezek 17:3	מָלֵא֙	4392	HAamsa
Ezek 17:3	הַ/נּוֹצָ֔ה	d/5133	HTd/Ncfsa
Ezek 17:3	אֲשֶׁר	834 a	HTr
Ezek 17:3	ל֖/וֹ	l	HR/Sp3ms
Ezek 17:3	הָֽ/רִקְמָ֑ה	d/7553	HTd/Ncfsa
Ezek 17:3	בָּ֚א	935	HVqp3ms
Ezek 17:3	אֶל	413	HR
Ezek 17:3	הַ/לְּבָנ֔וֹן	d/3844	HTd/Np
Ezek 17:3	וַ/יִּקַּ֖ח	c/3947	HC/Vqw3ms
Ezek 17:3	אֶת	853	HTo
Ezek 17:3	צַמֶּ֥רֶת	6788	HNcfsc
Ezek 17:3	הָ/אָֽרֶז	d/730	HTd/Ncmsa
Ezek 17:4	אֵ֛ת	853	HTo
Ezek 17:4	רֹ֥אשׁ	7218 a	HNcmsc
Ezek 17:4	יְנִֽיקוֹתָ֖י/ו	3242	HNcfpc/Sp3ms
Ezek 17:4	קָטָ֑ף	6998	HVqp3ms
Ezek 17:4	וַ/יְבִיאֵ֨/הוּ֙	c/935	HC/Vhw3ms/Sp3ms
Ezek 17:4	אֶל	413	HR
Ezek 17:4	אֶ֣רֶץ	776	HNcbsc
Ezek 17:4	כְּנַ֔עַן	3667 b	HNp
Ezek 17:4	בְּ/עִ֥יר	b/5892 b	HR/Ncfsc
Ezek 17:4	רֹכְלִ֖ים	7402	HVqrmpa
Ezek 17:4	שָׂמֽ/וֹ	7760 a	HVqp3ms/Sp3ms
Ezek 17:5	וַ/יִּקַּח֙	c/3947	HC/Vqw3ms
Ezek 17:5	מִ/זֶּ֣רַע	m/2233	HR/Ncmsc
Ezek 17:5	הָ/אָ֔רֶץ	d/776	HTd/Ncbsa
Ezek 17:5	וַֽ/יִּתְּנֵ֖/הוּ	c/5414	HC/Vqw3ms/Sp3ms
Ezek 17:5	בִּ/שְׂדֵה	b/7704 b	HR/Ncmsc
Ezek 17:5	זָ֑רַע	2233	HNcmsa
Ezek 17:5	קָ֚ח	3947	HNcmsa
Ezek 17:5	עַל	5921 a	HR
Ezek 17:5	מַ֣יִם	4325	HNcmpa
Ezek 17:5	רַבִּ֔ים	7227 a	HAampa
Ezek 17:5	צַפְצָפָ֖ה	6851	HNcfsa
Ezek 17:5	שָׂמֽ/וֹ	7760 a	HVqp3ms/Sp3ms
Ezek 17:6	וַ/יִּצְמַ֡ח	c/6779	HC/Vqw3ms
Ezek 17:6	וַ/יְהִי֩	c/1961	HC/Vqw3ms
Ezek 17:6	לְ/גֶ֨פֶן	l/1612	HR/Ncbsa
Ezek 17:6	סֹרַ֜חַת	5628	HVqrfsa
Ezek 17:6	שִׁפְלַ֣ת	8217	HAafsc
Ezek 17:6	קוֹמָ֗ה	6967	HNcfsa
Ezek 17:6	לִ/פְנ֤וֹת	l/6437	HR/Vqc
Ezek 17:6	דָּלִיּוֹתָי/ו֙	1808	HNcfpc/Sp3ms
Ezek 17:6	אֵלָ֔י/ו	413	HR/Sp3ms
Ezek 17:6	וְ/שָׁרָשָׁ֖י/ו	c/8328	HC/Ncmpc/Sp3ms
Ezek 17:6	תַּחְתָּ֣י/ו	8478	HR/Sp3ms
Ezek 17:6	יִֽהְי֑וּ	1961	HVqi3mp
Ezek 17:6	וַ/תְּהִ֣י	c/1961	HC/Vqw3fs
Ezek 17:6	לְ/גֶ֔פֶן	l/1612	HR/Ncbsa
Ezek 17:6	וַ/תַּ֣עַשׂ	c/6213 a	HC/Vqw3fs
Ezek 17:6	בַּדִּ֔ים	905	HNcmpa
Ezek 17:6	וַ/תְּשַׁלַּ֖ח	c/7971	HC/Vpw3fs
Ezek 17:6	פֹּארֽוֹת	6288 a	HNcfpa
Ezek 17:7	וַ/יְהִ֤י	c/1961	HC/Vqw3ms
Ezek 17:7	נֶֽשֶׁר	5404	HNcmsa
Ezek 17:7	אֶחָד֙	259	HAcmsa
Ezek 17:7	גָּד֔וֹל	1419 a	HAamsa
Ezek 17:7	גְּד֥וֹל	1419 a	HAamsc
Ezek 17:7	כְּנָפַ֖יִם	3671	HNcfda
Ezek 17:7	וְ/רַב	c/7227 a	HC/Aamsc
Ezek 17:7	נוֹצָ֑ה	5133	HNcfsa
Ezek 17:7	וְ/הִנֵּה֩	c/2009	HC/Tm
Ezek 17:7	הַ/גֶּ֨פֶן	d/1612	HTd/Ncbsa
Ezek 17:7	הַ/זֹּ֜את	d/2063	HTd/Pdxfs
Ezek 17:7	כָּֽפְנָ֧ה	3719	HVqp3fs
Ezek 17:7	שָׁרֳשֶׁ֣י/הָ	8328	HNcmpc/Sp3fs
Ezek 17:7	עָלָ֗י/ו	5921 a	HR/Sp3ms
Ezek 17:7	וְ/דָֽלִיּוֹתָי/ו֙	c/1808	HC/Ncfpc/Sp3ms
Ezek 17:7	שִׁלְחָה	7971	HVpp3fs
Ezek 17:7	לּ֔/וֹ	l	HR/Sp3ms
Ezek 17:7	לְ/הַשְׁק֣וֹת	l/8248	HR/Vhc
Ezek 17:7	אוֹתָ֔/הּ	853	HTo/Sp3fs
Ezek 17:7	מֵ/עֲרֻג֖וֹת	m/6170	HR/Ncfpc
Ezek 17:7	מַטָּעָֽ/הּ	4302	HNcmsc/Sp3fs
Ezek 17:8	אֶל	413	HR
Ezek 17:8	שָׂ֥דֶה	7704 b	HNcmsa
Ezek 17:8	טּ֛וֹב	2896 a	HAamsa
Ezek 17:8	אֶל	413	HR
Ezek 17:8	מַ֥יִם	4325	HNcmpa
Ezek 17:8	רַבִּ֖ים	7227 a	HAampa
Ezek 17:8	הִ֣יא	1931	HPp3fs
Ezek 17:8	שְׁתוּלָ֑ה	8362	HVqsfsa
Ezek 17:8	לַ/עֲשׂ֤וֹת	l/6213 a	HR/Vqc
Ezek 17:8	עָנָף֙	6057	HNcmsa
Ezek 17:8	וְ/לָ/שֵׂ֣את	c/l/5375	HC/R/Vqc
Ezek 17:8	פֶּ֔רִי	6529	HNcmsa
Ezek 17:8	לִ/הְי֖וֹת	l/1961	HR/Vqc
Ezek 17:8	לְ/גֶ֥פֶן	l/1612	HR/Ncbsc
Ezek 17:8	אַדָּֽרֶת	155	HNcfsa
Ezek 17:9	אֱמֹ֗ר	559	HVqv2ms
Ezek 17:9	כֹּ֥ה	3541	HD
Ezek 17:9	אָמַ֛ר	559	HVqp3ms
Ezek 17:9	אֲדֹנָ֥/י	136	HNcmpc/Sp1cs
Ezek 17:9	יְהֹוִ֖ה	3069	HNp
Ezek 17:9	תִּצְלָ֑ח	6743 b	HVqi3fs
Ezek 17:9	הֲ/לוֹא֩	i/3808	HTi/Tn
Ezek 17:9	אֶת	853	HTo
Ezek 17:9	שָׁרָשֶׁ֨י/הָ	8328	HNcmpc/Sp3fs
Ezek 17:9	יְנַתֵּ֜ק	5423	HVpi3ms
Ezek 17:9	וְ/אֶת	c/853	HC/To
Ezek 17:9	פִּרְיָ֣/הּ	6529	HNcmsc/Sp3fs
Ezek 17:9	יְקוֹסֵ֣ס	7082	HVmi3ms
Ezek 17:9	וְ/יָבֵ֗שׁ	c/3001	HC/Vqq3ms
Ezek 17:9	כָּל	3605	HNcmsc
Ezek 17:9	טַרְפֵּ֤י	2964	HAampc
Ezek 17:9	צִמְחָ/הּ֙	6780	HNcmsc/Sp3fs
Ezek 17:9	תִּיבָ֔שׁ	3001	HVqi3fs
Ezek 17:9	וְ/לֹֽא	c/3808	HC/Tn
Ezek 17:9	בִ/זְרֹ֤עַ	b/2220	HR/Ncbsa
Ezek 17:9	גְּדוֹלָה֙	1419 a	HAafsa
Ezek 17:9	וּ/בְ/עַם	c/b/5971 a	HC/R/Ncmsa
Ezek 17:9	רָ֔ב	7227 a	HAamsa
Ezek 17:9	לְ/מַשְׂא֥וֹת	l/5375	HR/Vqc
Ezek 17:9	אוֹתָ֖/הּ	853	HTo/Sp3fs
Ezek 17:9	מִ/שָּׁרָשֶֽׁי/הָ	m/8328	HR/Ncmpc/Sp3fs
Ezek 17:10	וְ/הִנֵּ֥ה	c/2009	HC/Tm
Ezek 17:10	שְׁתוּלָ֖ה	8362	HVqsfsa
Ezek 17:10	הֲ/תִצְלָ֑ח	i/6743 b	HTi/Vqi3fs
Ezek 17:10	הֲ/לוֹא֩	i/3808	HTi/Tn
Ezek 17:10	כְ/גַ֨עַת	k/5060	HR/Vqc
Ezek 17:10	בָּ֜/הּ	b	HR/Sp3fs
Ezek 17:10	ר֤וּחַ	7307	HNcbsc
Ezek 17:10	הַ/קָּדִים֙	d/6921	HTd/Ncmsa
Ezek 17:10	תִּיבַ֣שׁ	3001	HVqi3fs
Ezek 17:10	יָבֹ֔שׁ	3001	HVqa
Ezek 17:10	עַל	5921 a	HR
Ezek 17:10	עֲרֻגֹ֥ת	6170	HNcfpc
Ezek 17:10	צִמְחָ֖/הּ	6780	HNcmsc/Sp3fs
Ezek 17:10	תִּיבָֽשׁ	3001	HVqi3fs
Ezek 17:11	וַ/יְהִ֥י	c/1961	HC/Vqw3ms
Ezek 17:11	דְבַר	1697	HNcmsc
Ezek 17:11	יְהוָ֖ה	3068	HNp
Ezek 17:11	אֵלַ֥/י	413	HR/Sp1cs
Ezek 17:11	לֵ/אמֹֽר	l/559	HR/Vqc
Ezek 17:12	אֱמָר	559	HVqv2ms
Ezek 17:12	נָא֙	4994	HTe
Ezek 17:12	לְ/בֵ֣ית	l/1004 b	HR/Ncmsc
Ezek 17:12	הַ/מֶּ֔רִי	d/4805	HTd/Ncmsa
Ezek 17:12	הֲ/לֹ֥א	i/3808	HTi/Tn
Ezek 17:12	יְדַעְתֶּ֖ם	3045	HVqp2mp
Ezek 17:12	מָה	4100	HTi
Ezek 17:12	אֵ֑לֶּה	428	HPdxcp
Ezek 17:12	אֱמֹ֗ר	559	HVqv2ms
Ezek 17:12	הִנֵּה	2009	HTm
Ezek 17:12	בָ֨א	935	HVqp3ms
Ezek 17:12	מֶֽלֶךְ	4428	HNcmsc
Ezek 17:12	בָּבֶ֤ל	894	HNp
Ezek 17:12	יְרוּשָׁלִַ֨ם֙	3389	HNp
Ezek 17:12	וַ/יִּקַּ֤ח	c/3947	HC/Vqw3ms
Ezek 17:12	אֶת	853	HTo
Ezek 17:12	מַלְכָּ/הּ֙	4428	HNcmsc/Sp3fs
Ezek 17:12	וְ/אֶת	c/853	HC/To
Ezek 17:12	שָׂרֶ֔י/הָ	8269	HNcmpc/Sp3fs
Ezek 17:12	וַ/יָּבֵ֥א	c/935	HC/Vhw3ms
Ezek 17:12	אוֹתָ֛/ם	853	HTo/Sp3mp
Ezek 17:12	אֵלָ֖י/ו	413	HR/Sp3ms
Ezek 17:12	בָּבֶֽלָ/ה	894	HNp/Sd
Ezek 17:13	וַ/יִּקַּח֙	c/3947	HC/Vqw3ms
Ezek 17:13	מִ/זֶּ֣רַע	m/2233	HR/Ncmsc
Ezek 17:13	הַ/מְּלוּכָ֔ה	d/4410	HTd/Ncfsa
Ezek 17:13	וַ/יִּכְרֹ֥ת	c/3772	HC/Vqw3ms
Ezek 17:13	אִתּ֖/וֹ	854	HR/Sp3ms
Ezek 17:13	בְּרִ֑ית	1285	HNcfsa
Ezek 17:13	וַ/יָּבֵ֤א	c/935	HC/Vhw3ms
Ezek 17:13	אֹת/וֹ֙	853	HTo/Sp3ms
Ezek 17:13	בְּ/אָלָ֔ה	b/423	HR/Ncfsa
Ezek 17:13	וְ/אֶת	c/853	HC/To
Ezek 17:13	אֵילֵ֥י	352 c	HNcmpc
Ezek 17:13	הָ/אָ֖רֶץ	d/776	HTd/Ncbsa
Ezek 17:13	לָקָֽח	3947	HVqp3ms
Ezek 17:14	לִֽ/הְיוֹת֙	l/1961	HR/Vqc
Ezek 17:14	מַמְלָכָ֣ה	4467	HNcfsa
Ezek 17:14	שְׁפָלָ֔ה	8217	HAafsa
Ezek 17:14	לְ/בִלְתִּ֖י	l/1115	HR/C
Ezek 17:14	הִתְנַשֵּׂ֑א	5375	HVtc
Ezek 17:14	לִ/שְׁמֹ֥ר	l/8104	HR/Vqc
Ezek 17:14	אֶת	853	HTo
Ezek 17:14	בְּרִית֖/וֹ	1285	HNcfsc/Sp3ms
Ezek 17:14	לְ/עָמְדָֽ/הּ	l/5975	HR/Vqc/Sp3fs
Ezek 17:15	וַ/יִּמְרָד	c/4775	HC/Vqw3ms
Ezek 17:15	בּ֗/וֹ	b	HR/Sp3ms
Ezek 17:15	לִ/שְׁלֹ֤חַ	l/7971	HR/Vqc
Ezek 17:15	מַלְאָכָי/ו֙	4397	HNcmpc/Sp3ms
Ezek 17:15	מִצְרַ֔יִם	4714	HNp
Ezek 17:15	לָֽ/תֶת	l/5414	HR/Vqc
Ezek 17:15	ל֥/וֹ	l	HR/Sp3ms
Ezek 17:15	סוּסִ֖ים	5483 b	HNcmpa
Ezek 17:15	וְ/עַם	c/5971 a	HC/Ncmsa
Ezek 17:15	רָ֑ב	7227 a	HAamsa
Ezek 17:15	הֲ/יִצְלָ֤ח	i/6743 b	HTi/Vqi3ms
Ezek 17:15	הֲ/יִמָּלֵט֙	i/4422	HTi/VNi3ms
Ezek 17:15	הָ/עֹשֵׂ֣ה	d/6213 a	HTd/Vqrmsc
Ezek 17:15	אֵ֔לֶּה	428	HPdxcp
Ezek 17:15	וְ/הֵפֵ֥ר	c/6565 a	HC/Vhp3ms
Ezek 17:15	בְּרִ֖ית	1285	HNcfsa
Ezek 17:15	וְ/נִמְלָֽט	c/4422	HC/VNq3ms
Ezek 17:16	חַי	2416 a	HAamsa
Ezek 17:16	אָ֗נִי	589	HPp1cs
Ezek 17:16	נְאֻם֮	5002	HNcmsc
Ezek 17:16	אֲדֹנָ֣/י	136	HNcmpc/Sp1cs
Ezek 17:16	יְהוִה֒	3069	HNp
Ezek 17:16	אִם	518 a	HC
Ezek 17:16	לֹ֗א	3808	HTn
Ezek 17:16	בִּ/מְקוֹם֙	b/4725	HR/Ncmsc
Ezek 17:16	הַ/מֶּ֨לֶךְ֙	d/4428	HTd/Ncmsa
Ezek 17:16	הַ/מַּמְלִ֣יךְ	d/4427 a	HTd/Vhrmsa
Ezek 17:16	אֹת֔/וֹ	853	HTo/Sp3ms
Ezek 17:16	אֲשֶׁ֤ר	834 a	HTr
Ezek 17:16	בָּזָה֙	959	HVqp3ms
Ezek 17:16	אֶת	853	HTo
Ezek 17:16	אָ֣לָת֔/וֹ	423	HNcfsc/Sp3ms
Ezek 17:16	וַ/אֲשֶׁ֥ר	c/834 a	HC/Tr
Ezek 17:16	הֵפֵ֖ר	6565 a	HVhp3ms
Ezek 17:16	אֶת	853	HTo
Ezek 17:16	בְּרִית֑/וֹ	1285	HNcfsc/Sp3ms
Ezek 17:16	אִתּ֥/וֹ	854	HR/Sp3ms
Ezek 17:16	בְ/תוֹךְ	b/8432	HR/Ncmsc
Ezek 17:16	בָּבֶ֖ל	894	HNp
Ezek 17:16	יָמֽוּת	4191	HVqi3ms
Ezek 17:17	וְ/לֹא֩	c/3808	HC/Tn
Ezek 17:17	בְ/חַ֨יִל	b/2428	HR/Ncmsa
Ezek 17:17	גָּד֜וֹל	1419 a	HAamsa
Ezek 17:17	וּ/בְ/קָהָ֣ל	c/b/6951	HC/R/Ncmsa
Ezek 17:17	רָ֗ב	7227 a	HAamsa
Ezek 17:17	יַעֲשֶׂ֨ה	6213 a	HVqi3ms
Ezek 17:17	אוֹת֤/וֹ	853	HTo/Sp3ms
Ezek 17:17	פַרְעֹה֙	6547	HNp
Ezek 17:17	בַּ/מִּלְחָמָ֔ה	b/4421	HRd/Ncfsa
Ezek 17:17	בִּ/שְׁפֹּ֥ךְ	b/8210	HR/Vqc
Ezek 17:17	סֹלְלָ֖ה	5550	HNcfsa
Ezek 17:17	וּ/בִ/בְנ֣וֹת	c/b/1129	HC/R/Vqc
Ezek 17:17	דָּיֵ֑ק	1785	HNcmsa
Ezek 17:17	לְ/הַכְרִ֖ית	l/3772	HR/Vhc
Ezek 17:17	נְפָשׁ֥וֹת	5315	HNcbpa
Ezek 17:17	רַבּֽוֹת	7227 a	HAafpa
Ezek 17:18	וּ/בָזָ֥ה	c/959	HC/Vqp3ms
Ezek 17:18	אָלָ֖ה	423	HNcfsa
Ezek 17:18	לְ/הָפֵ֣ר	l/6565 a	HR/Vhc
Ezek 17:18	בְּרִ֑ית	1285	HNcfsa
Ezek 17:18	וְ/הִנֵּ֨ה	c/2009	HC/Tm
Ezek 17:18	נָתַ֥ן	5414	HVqp3ms
Ezek 17:18	יָד֛/וֹ	3027	HNcbsc/Sp3ms
Ezek 17:18	וְ/כָל	c/3605	HC/Ncmsc
Ezek 17:18	אֵ֥לֶּה	428	HPdxcp
Ezek 17:18	עָשָׂ֖ה	6213 a	HVqp3ms
Ezek 17:18	לֹ֥א	3808	HTn
Ezek 17:18	יִמָּלֵֽט	4422	HVNi3ms
Ezek 17:19	לָ/כֵ֞ן	l/3651 c	HR/D
Ezek 17:19	כֹּה	3541	HD
Ezek 17:19	אָמַ֨ר	559	HVqp3ms
Ezek 17:19	אֲדֹנָ֣/י	136	HNcmpc/Sp1cs
Ezek 17:19	יְהוִה֮	3069	HNp
Ezek 17:19	חַי	2416 a	HAamsa
Ezek 17:19	אָנִי֒	589	HPp1cs
Ezek 17:19	אִם	518 a	HC
Ezek 17:19	לֹ֗א	3808	HTn
Ezek 17:19	אָֽלָתִ/י֙	423	HNcfsc/Sp1cs
Ezek 17:19	אֲשֶׁ֣ר	834 a	HTr
Ezek 17:19	בָּזָ֔ה	959	HVqp3ms
Ezek 17:19	וּ/בְרִיתִ֖/י	c/1285	HC/Ncfsc/Sp1cs
Ezek 17:19	אֲשֶׁ֣ר	834 a	HTr
Ezek 17:19	הֵפִ֑יר	6331	HVhp3ms
Ezek 17:19	וּ/נְתַתִּ֖י/ו	c/5414	HC/Vqq1cs/Sp3ms
Ezek 17:19	בְּ/רֹאשֽׁ/וֹ	b/7218 a	HR/Ncmsc/Sp3ms
Ezek 17:20	וּ/פָרַשְׂתִּ֤י	c/6566	HC/Vqq1cs
Ezek 17:20	עָלָי/ו֙	5921 a	HR/Sp3ms
Ezek 17:20	רִשְׁתִּ֔/י	7568	HNcfsc/Sp1cs
Ezek 17:20	וְ/נִתְפַּ֖שׂ	c/8610	HC/VNq3ms
Ezek 17:20	בִּ/מְצֽוּדָתִ֑/י	b/4686 a	HR/Ncfsc/Sp1cs
Ezek 17:20	וַ/הֲבִיאוֹתִ֣י/הוּ	c/935	HC/Vhq1cs/Sp3ms
Ezek 17:20	בָבֶ֗לָ/ה	894	HNp/Sd
Ezek 17:20	וְ/נִשְׁפַּטְתִּ֤י	c/8199	HC/VNq1cs
Ezek 17:20	אִתּ/וֹ֙	854	HR/Sp3ms
Ezek 17:20	שָׁ֔ם	8033	HD
Ezek 17:20	מַעֲל֖/וֹ	4604	HNcmsc/Sp3ms
Ezek 17:20	אֲשֶׁ֥ר	834 a	HTr
Ezek 17:20	מָֽעַל	4603	HVqp3ms
Ezek 17:20	בִּֽ/י	b	HR/Sp1cs
Ezek 17:21	וְ/אֵ֨ת	c/853	HC/To
Ezek 17:21	כָּל	3605	HNcmsc
Ezek 17:21	מברח/ו	4015	HNcmsc/Sp3ms
Ezek 17:21	בְּ/כָל	b/3605	HR/Ncmsc
Ezek 17:21	אֲגַפָּי/ו֙	102	HNcmpc/Sp3ms
Ezek 17:21	בַּ/חֶ֣רֶב	b/2719	HRd/Ncfsa
Ezek 17:21	יִפֹּ֔לוּ	5307	HVqi3mp
Ezek 17:21	וְ/הַ/נִּשְׁאָרִ֖ים	c/d/7604	HC/Td/VNrmpa
Ezek 17:21	לְ/כָל	l/3605	HR/Ncmsc
Ezek 17:21	ר֣וּחַ	7307	HNcbsa
Ezek 17:21	יִפָּרֵ֑שׂוּ	6566	HVNi3mp
Ezek 17:21	וִ/ידַעְתֶּ֕ם	c/3045	HC/Vqp2mp
Ezek 17:21	כִּ֛י	3588 a	HC
Ezek 17:21	אֲנִ֥י	589	HPp1cs
Ezek 17:21	יְהוָ֖ה	3068	HNp
Ezek 17:21	דִּבַּֽרְתִּי	1696	HVpp1cs
Ezek 17:22	כֹּ֤ה	3541	HD
Ezek 17:22	אָמַר֙	559	HVqp3ms
Ezek 17:22	אֲדֹנָ֣/י	136	HNcmpc/Sp1cs
Ezek 17:22	יְהוִ֔ה	3069	HNp
Ezek 17:22	וְ/לָקַ֣חְתִּי	c/3947	HC/Vqq1cs
Ezek 17:22	אָ֗נִי	589	HPp1cs
Ezek 17:22	מִ/צַּמֶּ֧רֶת	m/6788	HR/Ncfsc
Ezek 17:22	הָ/אֶ֛רֶז	d/730	HTd/Ncmsa
Ezek 17:22	הָ/רָמָ֖ה	d/7311 a	HTd/Vqrfsa
Ezek 17:22	וְ/נָתָ֑תִּי	c/5414	HC/Vqq1cs
Ezek 17:22	מֵ/רֹ֤אשׁ	m/7218 a	HR/Ncmsc
Ezek 17:22	יֹֽנְקוֹתָי/ו֙	3127	HNcfpc/Sp3ms
Ezek 17:22	רַ֣ךְ	7390	HAamsa
Ezek 17:22	אֶקְטֹ֔ף	6998	HVqi1cs
Ezek 17:22	וְ/שָׁתַ֣לְתִּי	c/8362	HC/Vqq1cs
Ezek 17:22	אָ֔נִי	589	HPp1cs
Ezek 17:22	עַ֥ל	5921 a	HR
Ezek 17:22	הַר	2022	HNcmsa
Ezek 17:22	גָּבֹ֖הַ	1364	HAamsa
Ezek 17:22	וְ/תָלֽוּל	c/8524	HC/Aamsa
Ezek 17:23	בְּ/הַ֨ר	b/2022	HR/Ncmsc
Ezek 17:23	מְר֤וֹם	4791	HNcmsc
Ezek 17:23	יִשְׂרָאֵל֙	3478	HNp
Ezek 17:23	אֶשְׁתֳּלֶ֔/נּוּ	8362	HVqi1cs/Sp3ms
Ezek 17:23	וְ/נָשָׂ֤א	c/5375	HC/Vqq3ms
Ezek 17:23	עָנָף֙	6057	HNcmsa
Ezek 17:23	וְ/עָ֣שָׂה	c/6213 a	HC/Vqq3ms
Ezek 17:23	פֶ֔רִי	6529	HNcmsa
Ezek 17:23	וְ/הָיָ֖ה	c/1961	HC/Vqq3ms
Ezek 17:23	לְ/אֶ֣רֶז	l/730	HR/Ncmsa
Ezek 17:23	אַדִּ֑יר	117	HAamsa
Ezek 17:23	וְ/שָׁכְנ֣וּ	c/7931	HC/Vqq3cp
Ezek 17:23	תַחְתָּ֗י/ו	8478	HR/Sp3ms
Ezek 17:23	כֹּ֚ל	3605	HNcmsc
Ezek 17:23	צִפּ֣וֹר	6833	HNcbsa
Ezek 17:23	כָּל	3605	HNcmsc
Ezek 17:23	כָּנָ֔ף	3671	HNcfsa
Ezek 17:23	בְּ/צֵ֥ל	b/6738	HR/Ncmsc
Ezek 17:23	דָּלִיּוֹתָ֖י/ו	1808	HNcfpc/Sp3ms
Ezek 17:23	תִּשְׁכֹּֽנָּה	7931	HVqi3fp
Ezek 17:24	וְֽ/יָדְע֞וּ	c/3045	HC/Vqq3cp
Ezek 17:24	כָּל	3605	HNcmsc
Ezek 17:24	עֲצֵ֣י	6086	HNcmpc
Ezek 17:24	הַ/שָּׂדֶ֗ה	d/7704 b	HTd/Ncmsa
Ezek 17:24	כִּ֣י	3588 a	HC
Ezek 17:24	אֲנִ֤י	589	HPp1cs
Ezek 17:24	יְהוָה֙	3068	HNp
Ezek 17:24	הִשְׁפַּ֣לְתִּי	8213	HVhp1cs
Ezek 17:24	עֵ֣ץ	6086	HNcmsa
Ezek 17:24	גָּבֹ֗הַ	1364	HAamsa
Ezek 17:24	הִגְבַּ֨הְתִּי֙	1361	HVhp1cs
Ezek 17:24	עֵ֣ץ	6086	HNcmsa
Ezek 17:24	שָׁפָ֔ל	8217	HAamsa
Ezek 17:24	הוֹבַ֨שְׁתִּי֙	3001	HVhp1cs
Ezek 17:24	עֵ֣ץ	6086	HNcmsa
Ezek 17:24	לָ֔ח	3892	HAamsa
Ezek 17:24	וְ/הִפְרַ֖חְתִּי	c/6524 a	HC/Vhp1cs
Ezek 17:24	עֵ֣ץ	6086	HNcmsa
Ezek 17:24	יָבֵ֑שׁ	3002	HAamsa
Ezek 17:24	אֲנִ֥י	589	HPp1cs
Ezek 17:24	יְהוָ֖ה	3068	HNp
Ezek 17:24	דִּבַּ֥רְתִּי	1696	HVpp1cs
Ezek 17:24	וְ/עָשִֽׂיתִי	c/6213 a	HC/Vqq1cs
Ezek 18:1	וַ/יְהִ֥י	c/1961	HC/Vqw3ms
Ezek 18:1	דְבַר	1697	HNcmsc
Ezek 18:1	יְהוָ֖ה	3068	HNp
Ezek 18:1	אֵלַ֥/י	413	HR/Sp1cs
Ezek 18:1	לֵ/אמֹֽר	l/559	HR/Vqc
Ezek 18:2	מַה	4100	HTi
Ezek 18:2	לָּ/כֶ֗ם	l	HR/Sp2mp
Ezek 18:2	אַתֶּם֙	859 d	HPp2mp
Ezek 18:2	מֹֽשְׁלִים֙	4911 b	HVqrmpa
Ezek 18:2	אֶת	853	HTo
Ezek 18:2	הַ/מָּשָׁ֣ל	d/4912	HTd/Ncmsa
Ezek 18:2	הַ/זֶּ֔ה	d/2088	HTd/Pdxms
Ezek 18:2	עַל	5921 a	HR
Ezek 18:2	אַדְמַ֥ת	127	HNcfsc
Ezek 18:2	יִשְׂרָאֵ֖ל	3478	HNp
Ezek 18:2	לֵ/אמֹ֑ר	l/559	HR/Vqc
Ezek 18:2	אָבוֹת֙	1	HNcmpa
Ezek 18:2	יֹ֣אכְלוּ	398	HVqi3mp
Ezek 18:2	בֹ֔סֶר	1155	HNcmsa
Ezek 18:2	וְ/שִׁנֵּ֥י	c/8127	HC/Ncbdc
Ezek 18:2	הַ/בָּנִ֖ים	d/1121 a	HTd/Ncmpa
Ezek 18:2	תִּקְהֶֽינָה	6949	HVqi3fp
Ezek 18:3	חַי	2416 a	HAamsa
Ezek 18:3	אָ֕נִי	589	HPp1cs
Ezek 18:3	נְאֻ֖ם	5002	HNcmsc
Ezek 18:3	אֲדֹנָ֣/י	136	HNcmpc/Sp1cs
Ezek 18:3	יְהוִ֑ה	3069	HNp
Ezek 18:3	אִם	518 a	HC
Ezek 18:3	יִֽהְיֶ֨ה	1961	HVqi3ms
Ezek 18:3	לָ/כֶ֜ם	l	HR/Sp2mp
Ezek 18:3	ע֗וֹד	5750	HD
Ezek 18:3	מְשֹׁ֛ל	4911 b	HVqc
Ezek 18:3	הַ/מָּשָׁ֥ל	d/4912	HTd/Ncmsa
Ezek 18:3	הַ/זֶּ֖ה	d/2088	HTd/Pdxms
Ezek 18:3	בְּ/יִשְׂרָאֵֽל	b/3478	HR/Np
Ezek 18:4	הֵ֤ן	2005	HTm
Ezek 18:4	כָּל	3605	HNcmsc
Ezek 18:4	הַ/נְּפָשׁוֹת֙	d/5315	HTd/Ncbpa
Ezek 18:4	לִ֣/י	l	HR/Sp1cs
Ezek 18:4	הֵ֔נָּה	2007	HPp3fp
Ezek 18:4	כְּ/נֶ֧פֶשׁ	k/5315	HR/Ncbsc
Ezek 18:4	הָ/אָ֛ב	d/1	HTd/Ncmsa
Ezek 18:4	וּ/כְ/נֶ֥פֶשׁ	c/k/5315	HC/R/Ncbsc
Ezek 18:4	הַ/בֵּ֖ן	d/1121 a	HTd/Ncmsa
Ezek 18:4	לִ/י	l	HR/Sp1cs
Ezek 18:4	הֵ֑נָּה	2007	HPp3fp
Ezek 18:4	הַ/נֶּ֥פֶשׁ	d/5315	HTd/Ncbsa
Ezek 18:4	הַ/חֹטֵ֖את	d/2398	HTd/Vqrfsa
Ezek 18:4	הִ֥יא	1931	HPp3fs
Ezek 18:4	תָמֽוּת	4191	HVqi3fs
Ezek 18:5	וְ/אִ֖ישׁ	c/376	HC/Ncmsa
Ezek 18:5	כִּי	3588 a	HC
Ezek 18:5	יִהְיֶ֣ה	1961	HVqi3ms
Ezek 18:5	צַדִּ֑יק	6662	HAamsa
Ezek 18:5	וְ/עָשָׂ֥ה	c/6213 a	HC/Vqq3ms
Ezek 18:5	מִשְׁפָּ֖ט	4941	HNcmsa
Ezek 18:5	וּ/צְדָקָֽה	c/6666	HC/Ncfsa
Ezek 18:6	אֶל	413	HR
Ezek 18:6	הֶֽ/הָרִים֙	d/2022	HTd/Ncmpa
Ezek 18:6	לֹ֣א	3808	HTn
Ezek 18:6	אָכָ֔ל	398	HVqp3ms
Ezek 18:6	וְ/עֵינָי/ו֙	c/5869 a	HC/Ncbdc/Sp3ms
Ezek 18:6	לֹ֣א	3808	HTn
Ezek 18:6	נָשָׂ֔א	5375	HVqp3ms
Ezek 18:6	אֶל	413	HR
Ezek 18:6	גִּלּוּלֵ֖י	1544	HNcmpc
Ezek 18:6	בֵּ֣ית	1004 b	HNcmsc
Ezek 18:6	יִשְׂרָאֵ֑ל	3478	HNp
Ezek 18:6	וְ/אֶת	c/853	HC/To
Ezek 18:6	אֵ֤שֶׁת	802	HNcfsc
Ezek 18:6	רֵעֵ֨/הוּ֙	7453	HNcmsc/Sp3ms
Ezek 18:6	לֹ֣א	3808	HTn
Ezek 18:6	טִמֵּ֔א	2930 a	HVpp3ms
Ezek 18:6	וְ/אֶל	c/413	HC/R
Ezek 18:6	אִשָּׁ֥ה	802	HNcfsa
Ezek 18:6	נִדָּ֖ה	5079	HNcfsa
Ezek 18:6	לֹ֥א	3808	HTn
Ezek 18:6	יִקְרָֽב	7126	HVqi3ms
Ezek 18:7	וְ/אִישׁ֙	c/376	HC/Ncmsa
Ezek 18:7	לֹ֣א	3808	HTn
Ezek 18:7	יוֹנֶ֔ה	3238	HVhi3ms
Ezek 18:7	חֲבֹלָת֥/וֹ	2258 b	HNcfsc/Sp3ms
Ezek 18:7	חוֹב֙	2326	HNcmsa
Ezek 18:7	יָשִׁ֔יב	7725	HVhi3ms
Ezek 18:7	גְּזֵלָ֖ה	1500	HNcfsa
Ezek 18:7	לֹ֣א	3808	HTn
Ezek 18:7	יִגְזֹ֑ל	1497	HVqi3ms
Ezek 18:7	לַחְמ/וֹ֙	3899	HNcbsc/Sp3ms
Ezek 18:7	לְ/רָעֵ֣ב	l/7457	HR/Aamsa
Ezek 18:7	יִתֵּ֔ן	5414	HVqi3ms
Ezek 18:7	וְ/עֵירֹ֖ם	c/5903	HC/Aamsa
Ezek 18:7	יְכַסֶּה	3680	HVpi3ms
Ezek 18:7	בָּֽגֶד	899 b	HNcmsa
Ezek 18:8	בַּ/נֶּ֣שֶׁךְ	b/5392	HRd/Ncmsa
Ezek 18:8	לֹֽא	3808	HTn
Ezek 18:8	יִתֵּ֗ן	5414	HVqi3ms
Ezek 18:8	וְ/תַרְבִּית֙	c/8636	HC/Ncfsa
Ezek 18:8	לֹ֣א	3808	HTn
Ezek 18:8	יִקָּ֔ח	3947	HVqi3ms
Ezek 18:8	מֵ/עָ֖וֶל	m/5766 a	HR/Ncbsa
Ezek 18:8	יָשִׁ֣יב	7725	HVhi3ms
Ezek 18:8	יָד֑/וֹ	3027	HNcbsc/Sp3ms
Ezek 18:8	מִשְׁפַּ֤ט	4941	HNcmsc
Ezek 18:8	אֱמֶת֙	571	HNcfsa
Ezek 18:8	יַֽעֲשֶׂ֔ה	6213 a	HVqi3ms
Ezek 18:8	בֵּ֥ין	996	HR
Ezek 18:8	אִ֖ישׁ	376	HNcmsa
Ezek 18:8	לְ/אִֽישׁ	l/376	HR/Ncmsa
Ezek 18:9	בְּ/חֻקּוֹתַ֧/י	b/2708	HR/Ncbpc/Sp1cs
Ezek 18:9	יְהַלֵּ֛ךְ	1980	HVpi3ms
Ezek 18:9	וּ/מִשְׁפָּטַ֥/י	c/4941	HC/Ncmpc/Sp1cs
Ezek 18:9	שָׁמַ֖ר	8104	HVqp3ms
Ezek 18:9	לַ/עֲשׂ֣וֹת	l/6213 a	HR/Vqc
Ezek 18:9	אֱמֶ֑ת	571	HNcfsa
Ezek 18:9	צַדִּ֥יק	6662	HAamsa
Ezek 18:9	הוּא֙	1931	HPp3ms
Ezek 18:9	חָיֹ֣ה	2421	HVqa
Ezek 18:9	יִֽחְיֶ֔ה	2421	HVqi3ms
Ezek 18:9	נְאֻ֖ם	5002	HNcmsc
Ezek 18:9	אֲדֹנָ֥/י	136	HNcmpc/Sp1cs
Ezek 18:9	יְהוִֽה	3069	HNp
Ezek 18:10	וְ/הוֹלִ֥יד	c/3205	HC/Vhq3ms
Ezek 18:10	בֵּן	1121 a	HNcmsa
Ezek 18:10	פָּרִ֖יץ	6530	HNcmsa
Ezek 18:10	שֹׁפֵ֣ךְ	8210	HVqrmsc
Ezek 18:10	דָּ֑ם	1818	HNcmsa
Ezek 18:10	וְ/עָ֣שָׂה	c/6213 a	HC/Vqq3ms
Ezek 18:10	אָ֔ח	251	HTj
Ezek 18:10	מֵ/אַחַ֖ד	m/259	HR/Acmsa
Ezek 18:10	מֵ/אֵֽלֶּה	m/428	HR/Pdxcp
Ezek 18:11	וְ/ה֕וּא	c/1931	HC/Pp3ms
Ezek 18:11	אֶת	853	HTo
Ezek 18:11	כָּל	3605	HNcmsc
Ezek 18:11	אֵ֖לֶּה	428	HPdxcp
Ezek 18:11	לֹ֣א	3808	HTn
Ezek 18:11	עָשָׂ֑ה	6213 a	HVqp3ms
Ezek 18:11	כִּ֣י	3588 a	HC
Ezek 18:11	גַ֤ם	1571	HD
Ezek 18:11	אֶל	413	HR
Ezek 18:11	הֶֽ/הָרִים֙	d/2022	HTd/Ncmpa
Ezek 18:11	אָכַ֔ל	398	HVqp3ms
Ezek 18:11	וְ/אֶת	c/853	HC/To
Ezek 18:11	אֵ֥שֶׁת	802	HNcfsc
Ezek 18:11	רֵעֵ֖/הוּ	7453	HNcmsc/Sp3ms
Ezek 18:11	טִמֵּֽא	2930 a	HVpp3ms
Ezek 18:12	עָנִ֤י	6041	HAamsa
Ezek 18:12	וְ/אֶבְיוֹן֙	c/34	HC/Aamsa
Ezek 18:12	הוֹנָ֔ה	3238	HVhp3ms
Ezek 18:12	גְּזֵל֣וֹת	1500	HNcfpa
Ezek 18:12	גָּזָ֔ל	1497	HVqp3ms
Ezek 18:12	חֲבֹ֖ל	2258 a	HNcmsa
Ezek 18:12	לֹ֣א	3808	HTn
Ezek 18:12	יָשִׁ֑יב	7725	HVhi3ms
Ezek 18:12	וְ/אֶל	c/413	HC/R
Ezek 18:12	הַ/גִּלּוּלִים֙	d/1544	HTd/Ncmpa
Ezek 18:12	נָשָׂ֣א	5375	HVqp3ms
Ezek 18:12	עֵינָ֔י/ו	5869 a	HNcbdc/Sp3ms
Ezek 18:12	תּוֹעֵבָ֖ה	8441	HNcfsa
Ezek 18:12	עָשָֽׂה	6213 a	HVqp3ms
Ezek 18:13	בַּ/נֶּ֧שֶׁךְ	b/5392	HRd/Ncmsa
Ezek 18:13	נָתַ֛ן	5414	HVqp3ms
Ezek 18:13	וְ/תַרְבִּ֥ית	c/8636	HC/Ncfsa
Ezek 18:13	לָקַ֖ח	3947	HVqp3ms
Ezek 18:13	וָ/חָ֑י	c/2425	HC/Vqq3ms
Ezek 18:13	לֹ֣א	3808	HTn
Ezek 18:13	יִֽחְיֶ֗ה	2421	HVqi3ms
Ezek 18:13	אֵ֣ת	853	HTo
Ezek 18:13	כָּל	3605	HNcmsc
Ezek 18:13	הַ/תּוֹעֵב֤וֹת	d/8441	HTd/Ncfpa
Ezek 18:13	הָ/אֵ֨לֶּה֙	d/428	HTd/Pdxcp
Ezek 18:13	עָשָׂ֔ה	6213 a	HVqp3ms
Ezek 18:13	מ֣וֹת	4191	HVqa
Ezek 18:13	יוּמָ֔ת	4191	HVHi3ms
Ezek 18:13	דָּמָ֖י/ו	1818	HNcmpc/Sp3ms
Ezek 18:13	בּ֥/וֹ	b	HR/Sp3ms
Ezek 18:13	יִהְיֶֽה	1961	HVqi3ms
Ezek 18:14	וְ/הִנֵּה֙	c/2009	HC/Tm
Ezek 18:14	הוֹלִ֣יד	3205	HVhp3ms
Ezek 18:14	בֵּ֔ן	1121 a	HNcmsa
Ezek 18:14	וַ/יַּ֕רְא	c/7200	HC/Vqw3ms
Ezek 18:14	אֶת	853	HTo
Ezek 18:14	כָּל	3605	HNcmsc
Ezek 18:14	חַטֹּ֥את	2403 b	HNcfpc
Ezek 18:14	אָבִ֖י/ו	1	HNcmsc/Sp3ms
Ezek 18:14	אֲשֶׁ֣ר	834 a	HTr
Ezek 18:14	עָשָׂ֑ה	6213 a	HVqp3ms
Ezek 18:14	וַ/יִּרְאֶ֕ה	c/7200	HC/Vqw3ms
Ezek 18:14	וְ/לֹ֥א	c/3808	HC/Tn
Ezek 18:14	יַעֲשֶׂ֖ה	6213 a	HVqi3ms
Ezek 18:14	כָּ/הֵֽן	k/2004	HR/Sp3fp
Ezek 18:15	עַל	5921 a	HR
Ezek 18:15	הֶֽ/הָרִים֙	d/2022	HTd/Ncmpa
Ezek 18:15	לֹ֣א	3808	HTn
Ezek 18:15	אָכָ֔ל	398	HVqp3ms
Ezek 18:15	וְ/עֵינָי/ו֙	c/5869 a	HC/Ncbdc/Sp3ms
Ezek 18:15	לֹ֣א	3808	HTn
Ezek 18:15	נָשָׂ֔א	5375	HVqp3ms
Ezek 18:15	אֶל	413	HR
Ezek 18:15	גִּלּוּלֵ֖י	1544	HNcmpc
Ezek 18:15	בֵּ֣ית	1004 b	HNcmsc
Ezek 18:15	יִשְׂרָאֵ֑ל	3478	HNp
Ezek 18:15	אֶת	853	HTo
Ezek 18:15	אֵ֥שֶׁת	802	HNcfsc
Ezek 18:15	רֵעֵ֖/הוּ	7453	HNcmsc/Sp3ms
Ezek 18:15	לֹ֥א	3808	HTn
Ezek 18:15	טִמֵּֽא	2930 a	HVpp3ms
Ezek 18:16	וְ/אִישׁ֙	c/376	HC/Ncmsa
Ezek 18:16	לֹ֣א	3808	HTn
Ezek 18:16	הוֹנָ֔ה	3238	HVhp3ms
Ezek 18:16	חֲבֹל֙	2258 a	HNcmsa
Ezek 18:16	לֹ֣א	3808	HTn
Ezek 18:16	חָבָ֔ל	2254 a	HVqp3ms
Ezek 18:16	וּ/גְזֵלָ֖ה	c/1500	HC/Ncfsa
Ezek 18:16	לֹ֣א	3808	HTn
Ezek 18:16	גָזָ֑ל	1497	HVqp3ms
Ezek 18:16	לַחְמ/וֹ֙	3899	HNcbsc/Sp3ms
Ezek 18:16	לְ/רָעֵ֣ב	l/7457	HR/Aamsa
Ezek 18:16	נָתָ֔ן	5414	HVqp3ms
Ezek 18:16	וְ/עֵר֖וֹם	c/5903	HC/Aamsa
Ezek 18:16	כִּסָּה	3680	HVpp3ms
Ezek 18:16	בָֽגֶד	899 b	HNcmsa
Ezek 18:17	מֵ/עָנִ֞י	m/6041	HR/Aamsa
Ezek 18:17	הֵשִׁ֣יב	7725	HVhp3ms
Ezek 18:17	יָד֗/וֹ	3027	HNcbsc/Sp3ms
Ezek 18:17	נֶ֤שֶׁךְ	5392	HNcmsa
Ezek 18:17	וְ/תַרְבִּית֙	c/8636	HC/Ncfsa
Ezek 18:17	לֹ֣א	3808	HTn
Ezek 18:17	לָקָ֔ח	3947	HVqp3ms
Ezek 18:17	מִשְׁפָּטַ֣/י	4941	HNcmpc/Sp1cs
Ezek 18:17	עָשָׂ֔ה	6213 a	HVqp3ms
Ezek 18:17	בְּ/חֻקּוֹתַ֖/י	b/2708	HR/Ncbpc/Sp1cs
Ezek 18:17	הָלָ֑ךְ	1980	HVqp3ms
Ezek 18:17	ה֗וּא	1931	HPp3ms
Ezek 18:17	לֹ֥א	3808	HTn
Ezek 18:17	יָמ֛וּת	4191	HVqi3ms
Ezek 18:17	בַּ/עֲוֺ֥ן	b/5771	HR/Ncbsc
Ezek 18:17	אָבִ֖י/ו	1	HNcmsc/Sp3ms
Ezek 18:17	חָיֹ֥ה	2421	HVqa
Ezek 18:17	יִחְיֶֽה	2421	HVqi3ms
Ezek 18:18	אָבִ֞י/ו	1	HNcmsc/Sp3ms
Ezek 18:18	כִּֽי	3588 a	HC
Ezek 18:18	עָ֣שַׁק	6231	HVqp3ms
Ezek 18:18	עֹ֗שֶׁק	6233	HNcmsa
Ezek 18:18	גָּזַל֙	1497	HVqp3ms
Ezek 18:18	גֵּ֣זֶל	1499	HNcmsc
Ezek 18:18	אָ֔ח	251	HNcmsa
Ezek 18:18	וַ/אֲשֶׁ֥ר	c/834 a	HC/Tr
Ezek 18:18	לֹא	3808	HTn
Ezek 18:18	ט֛וֹב	2896 a	HAamsa
Ezek 18:18	עָשָׂ֖ה	6213 a	HVqp3ms
Ezek 18:18	בְּ/ת֣וֹךְ	b/8432	HR/Ncmsc
Ezek 18:18	עַמָּ֑י/ו	5971 b	HNcmpc/Sp3ms
Ezek 18:18	וְ/הִנֵּה	c/2009	HC/Tm
Ezek 18:18	מֵ֖ת	4191	HVqp3ms
Ezek 18:18	בַּ/עֲוֺנֽ/וֹ	b/5771	HR/Ncbsc/Sp3ms
Ezek 18:19	וַ/אֲמַרְתֶּ֕ם	c/559	HC/Vqq2mp
Ezek 18:19	מַדֻּ֛עַ	4069	HTi
Ezek 18:19	לֹא	3808	HTn
Ezek 18:19	נָשָׂ֥א	5375	HVqp3ms
Ezek 18:19	הַ/בֵּ֖ן	d/1121 a	HTd/Ncmsa
Ezek 18:19	בַּ/עֲוֺ֣ן	b/5771	HR/Ncbsc
Ezek 18:19	הָ/אָ֑ב	d/1	HTd/Ncmsa
Ezek 18:19	וְ/הַ/בֵּ֞ן	c/d/1121 a	HC/Td/Ncmsa
Ezek 18:19	מִשְׁפָּ֧ט	4941	HNcmsa
Ezek 18:19	וּ/צְדָקָ֣ה	c/6666	HC/Ncfsa
Ezek 18:19	עָשָׂ֗ה	6213 a	HVqp3ms
Ezek 18:19	אֵ֣ת	853	HTo
Ezek 18:19	כָּל	3605	HNcmsc
Ezek 18:19	חֻקּוֹתַ֥/י	2708	HNcbpc/Sp1cs
Ezek 18:19	שָׁמַ֛ר	8104	HVqp3ms
Ezek 18:19	וַ/יַּעֲשֶׂ֥ה	c/6213 a	HC/Vqw3ms
Ezek 18:19	אֹתָ֖/ם	853	HTo/Sp3mp
Ezek 18:19	חָיֹ֥ה	2421	HVqa
Ezek 18:19	יִחְיֶֽה	2421	HVqi3ms
Ezek 18:20	הַ/נֶּ֥פֶשׁ	d/5315	HTd/Ncbsa
Ezek 18:20	הַ/חֹטֵ֖את	d/2398	HTd/Vqrfsa
Ezek 18:20	הִ֣יא	1931	HPp3fs
Ezek 18:20	תָמ֑וּת	4191	HVqi3fs
Ezek 18:20	בֵּ֞ן	1121 a	HNcmsa
Ezek 18:20	לֹא	3808	HTn
Ezek 18:20	יִשָּׂ֣א	5375	HVqi3ms
Ezek 18:20	בַּ/עֲוֺ֣ן	b/5771	HR/Ncbsc
Ezek 18:20	הָ/אָ֗ב	d/1	HTd/Ncmsa
Ezek 18:20	וְ/אָב֙	c/1	HC/Ncmsa
Ezek 18:20	לֹ֤א	3808	HTn
Ezek 18:20	יִשָּׂא֙	5375	HVqi3ms
Ezek 18:20	בַּ/עֲוֺ֣ן	b/5771	HR/Ncbsc
Ezek 18:20	הַ/בֵּ֔ן	d/1121 a	HTd/Ncmsa
Ezek 18:20	צִדְקַ֤ת	6666	HNcfsc
Ezek 18:20	הַ/צַּדִּיק֙	d/6662	HTd/Aamsa
Ezek 18:20	עָלָ֣י/ו	5921 a	HR/Sp3ms
Ezek 18:20	תִּֽהְיֶ֔ה	1961	HVqi3fs
Ezek 18:20	וְ/רִשְׁעַ֥ת	c/7564	HC/Ncfsc
Ezek 18:20	רשע	7563	HAamsa
Ezek 18:20	עָלָ֥י/ו	5921 a	HR/Sp3ms
Ezek 18:20	תִּֽהְיֶֽה	1961	HVqi3fs
Ezek 18:21	וְ/הָ/רָשָׁ֗ע	c/d/7563	HC/Td/Aamsa
Ezek 18:21	כִּ֤י	3588 a	HC
Ezek 18:21	יָשׁוּב֙	7725	HVqi3ms
Ezek 18:21	מִ/כָּל	m/3605	HR/Ncmsc
Ezek 18:21	חטאת/ו	2403 b	HNcfsc/Sp3ms
Ezek 18:21	אֲשֶׁ֣ר	834 a	HTr
Ezek 18:21	עָשָׂ֔ה	6213 a	HVqp3ms
Ezek 18:21	וְ/שָׁמַר֙	c/8104	HC/Vqq3ms
Ezek 18:21	אֶת	853	HTo
Ezek 18:21	כָּל	3605	HNcmsc
Ezek 18:21	חֻקּוֹתַ֔/י	2708	HNcbpc/Sp1cs
Ezek 18:21	וְ/עָשָׂ֥ה	c/6213 a	HC/Vqq3ms
Ezek 18:21	מִשְׁפָּ֖ט	4941	HNcmsa
Ezek 18:21	וּ/צְדָקָ֑ה	c/6666	HC/Ncfsa
Ezek 18:21	חָיֹ֥ה	2421	HVqa
Ezek 18:21	יִחְיֶ֖ה	2421	HVqi3ms
Ezek 18:21	לֹ֥א	3808	HTn
Ezek 18:21	יָמֽוּת	4191	HVqi3ms
Ezek 18:22	כָּל	3605	HNcmsc
Ezek 18:22	פְּשָׁעָי/ו֙	6588	HNcmpc/Sp3ms
Ezek 18:22	אֲשֶׁ֣ר	834 a	HTr
Ezek 18:22	עָשָׂ֔ה	6213 a	HVqp3ms
Ezek 18:22	לֹ֥א	3808	HTn
Ezek 18:22	יִזָּכְר֖וּ	2142	HVNi3mp
Ezek 18:22	ל֑/וֹ	l	HR/Sp3ms
Ezek 18:22	בְּ/צִדְקָת֥/וֹ	b/6666	HR/Ncfsc/Sp3ms
Ezek 18:22	אֲשֶׁר	834 a	HTr
Ezek 18:22	עָשָׂ֖ה	6213 a	HVqp3ms
Ezek 18:22	יִֽחְיֶֽה	2421	HVqi3ms
Ezek 18:23	הֶ/חָפֹ֤ץ	d/2654 a	HTi/Vqa
Ezek 18:23	אֶחְפֹּץ֙	2654 a	HVqi1cs
Ezek 18:23	מ֣וֹת	4194	HNcmsc
Ezek 18:23	רָשָׁ֔ע	7563	HAamsa
Ezek 18:23	נְאֻ֖ם	5002	HNcmsc
Ezek 18:23	אֲדֹנָ֣/י	136	HNcmpc/Sp1cs
Ezek 18:23	יְהוִ֑ה	3069	HNp
Ezek 18:23	הֲ/ל֛וֹא	i/3808	HTi/Tn
Ezek 18:23	בְּ/שׁוּב֥/וֹ	b/7725	HR/Vqc/Sp3ms
Ezek 18:23	מִ/דְּרָכָ֖י/ו	m/1870	HR/Ncbpc/Sp3ms
Ezek 18:23	וְ/חָיָֽה	c/2421	HC/Vqq3ms
Ezek 18:24	וּ/בְ/שׁ֨וּב	c/b/7725	HC/R/Vqc
Ezek 18:24	צַדִּ֤יק	6662	HAamsa
Ezek 18:24	מִ/צִּדְקָת/וֹ֙	m/6666	HR/Ncfsc/Sp3ms
Ezek 18:24	וְ/עָ֣שָׂה	c/6213 a	HC/Vqq3ms
Ezek 18:24	עָ֔וֶל	5766 a	HNcbsa
Ezek 18:24	כְּ/כֹ֨ל	k/3605	HR/Ncmsc
Ezek 18:24	הַ/תּוֹעֵב֜וֹת	d/8441	HTd/Ncfpa
Ezek 18:24	אֲשֶׁר	834 a	HTr
Ezek 18:24	עָשָׂ֧ה	6213 a	HVqp3ms
Ezek 18:24	הָ/רָשָׁ֛ע	d/7563	HTd/Aamsa
Ezek 18:24	יַעֲשֶׂ֖ה	6213 a	HVqi3ms
Ezek 18:24	וָ/חָ֑י	c/2425	HC/Vqq3ms
Ezek 18:24	כָּל	3605	HNcmsc
Ezek 18:24	צדקת/ו	6666	HNcfsc/Sp3ms
Ezek 18:24	אֲשֶׁר	834 a	HTr
Ezek 18:24	עָשָׂה֙	6213 a	HVqp3ms
Ezek 18:24	לֹ֣א	3808	HTn
Ezek 18:24	תִזָּכַ֔רְנָה	2142	HVNi3fp
Ezek 18:24	בְּ/מַעֲל֧/וֹ	b/4604	HR/Ncmsc/Sp3ms
Ezek 18:24	אֲשֶׁר	834 a	HTr
Ezek 18:24	מָעַ֛ל	4603	HVqp3ms
Ezek 18:24	וּ/בְ/חַטָּאת֥/וֹ	c/b/2403 b	HC/R/Ncfsc/Sp3ms
Ezek 18:24	אֲשֶׁר	834 a	HTr
Ezek 18:24	חָטָ֖א	2398	HVqp3ms
Ezek 18:24	בָּ֥/ם	b	HR/Sp3mp
Ezek 18:24	יָמֽוּת	4191	HVqi3ms
Ezek 18:25	וַ/אֲמַרְתֶּ֕ם	c/559	HC/Vqq2mp
Ezek 18:25	לֹ֥א	3808	HTn
Ezek 18:25	יִתָּכֵ֖ן	8505	HVNi3ms
Ezek 18:25	דֶּ֣רֶךְ	1870	HNcbsc
Ezek 18:25	אֲדֹנָ֑/י	136	HNcmpc/Sp1cs
Ezek 18:25	שִׁמְעוּ	8085	HVqv2mp
Ezek 18:25	נָא֙	4994	HTe
Ezek 18:25	בֵּ֣ית	1004 b	HNcmsc
Ezek 18:25	יִשְׂרָאֵ֔ל	3478	HNp
Ezek 18:25	הֲ/דַרְכִּ/י֙	i/1870	HTi/Ncbsc/Sp1cs
Ezek 18:25	לֹ֣א	3808	HTn
Ezek 18:25	יִתָּכֵ֔ן	8505	HVNi3ms
Ezek 18:25	הֲ/לֹ֥א	i/3808	HTi/Tn
Ezek 18:25	דַרְכֵי/כֶ֖ם	1870	HNcbpc/Sp2mp
Ezek 18:25	לֹ֥א	3808	HTn
Ezek 18:25	יִתָּכֵֽנוּ	8505	HVNi3mp
Ezek 18:26	בְּ/שׁוּב	b/7725	HR/Vqc
Ezek 18:26	צַדִּ֧יק	6662	HAamsa
Ezek 18:26	מִ/צִּדְקָת֛/וֹ	m/6666	HR/Ncfsc/Sp3ms
Ezek 18:26	וְ/עָ֥שָׂה	c/6213 a	HC/Vqq3ms
Ezek 18:26	עָ֖וֶל	5766 a	HNcbsa
Ezek 18:26	וּ/מֵ֣ת	c/4191	HC/Vqq3ms
Ezek 18:26	עֲלֵי/הֶ֑ם	5921 a	HR/Sp3mp
Ezek 18:26	בְּ/עַוְל֥/וֹ	b/5766 a	HR/Ncbsc/Sp3ms
Ezek 18:26	אֲשֶׁר	834 a	HTr
Ezek 18:26	עָשָׂ֖ה	6213 a	HVqp3ms
Ezek 18:26	יָמֽוּת	4191	HVqi3ms
Ezek 18:27	וּ/בְ/שׁ֣וּב	c/b/7725	HC/R/Vqc
Ezek 18:27	רָשָׁ֗ע	7563	HAamsa
Ezek 18:27	מֵֽ/רִשְׁעָת/וֹ֙	m/7564	HR/Ncfsc/Sp3ms
Ezek 18:27	אֲשֶׁ֣ר	834 a	HTr
Ezek 18:27	עָשָׂ֔ה	6213 a	HVqp3ms
Ezek 18:27	וַ/יַּ֥עַשׂ	c/6213 a	HC/Vqw3ms
Ezek 18:27	מִשְׁפָּ֖ט	4941	HNcmsa
Ezek 18:27	וּ/צְדָקָ֑ה	c/6666	HC/Ncfsa
Ezek 18:27	ה֖וּא	1931	HPp3ms
Ezek 18:27	אֶת	853	HTo
Ezek 18:27	נַפְשׁ֥/וֹ	5315	HNcbsc/Sp3ms
Ezek 18:27	יְחַיֶּֽה	2421	HVpi3ms
Ezek 18:28	וַ/יִּרְאֶ֣ה	c/7200	HC/Vqw3ms
Ezek 18:28	ו/ישוב	c/7725	HC/Vqw3ms
Ezek 18:28	מִ/כָּל	m/3605	HR/Ncmsc
Ezek 18:28	פְּשָׁעָ֖י/ו	6588	HNcmpc/Sp3ms
Ezek 18:28	אֲשֶׁ֣ר	834 a	HTr
Ezek 18:28	עָשָׂ֑ה	6213 a	HVqp3ms
Ezek 18:28	חָי֥וֹ	2421	HVqa
Ezek 18:28	יִחְיֶ֖ה	2421	HVqi3ms
Ezek 18:28	לֹ֥א	3808	HTn
Ezek 18:28	יָמֽוּת	4191	HVqi3ms
Ezek 18:29	וְ/אָֽמְרוּ֙	c/559	HC/Vqq3cp
Ezek 18:29	בֵּ֣ית	1004 b	HNcmsc
Ezek 18:29	יִשְׂרָאֵ֔ל	3478	HNp
Ezek 18:29	לֹ֥א	3808	HTn
Ezek 18:29	יִתָּכֵ֖ן	8505	HVNi3ms
Ezek 18:29	דֶּ֣רֶךְ	1870	HNcbsc
Ezek 18:29	אֲדֹנָ֑/י	136	HNcmpc/Sp1cs
Ezek 18:29	הַ/דְּרָכַ֞/י	d/1870	HTi/Ncbpc/Sp1cs
Ezek 18:29	לֹ֤א	3808	HTn
Ezek 18:29	יִתָּֽכְנּוּ֙	8505	HVNi3mp
Ezek 18:29	בֵּ֣ית	1004 b	HNcmsc
Ezek 18:29	יִשְׂרָאֵ֔ל	3478	HNp
Ezek 18:29	הֲ/לֹ֥א	i/3808	HTi/Tn
Ezek 18:29	דַרְכֵי/כֶ֖ם	1870	HNcbpc/Sp2mp
Ezek 18:29	לֹ֥א	3808	HTn
Ezek 18:29	יִתָּכֵֽן	8505	HVNi3ms
Ezek 18:30	לָ/כֵן֩	l/3651 c	HR/D
Ezek 18:30	אִ֨ישׁ	376	HNcmsa
Ezek 18:30	כִּ/דְרָכָ֜י/ו	k/1870	HR/Ncbpc/Sp3ms
Ezek 18:30	אֶשְׁפֹּ֤ט	8199	HVqi1cs
Ezek 18:30	אֶתְ/כֶם֙	853	HTo/Sp2mp
Ezek 18:30	בֵּ֣ית	1004 b	HNcmsc
Ezek 18:30	יִשְׂרָאֵ֔ל	3478	HNp
Ezek 18:30	נְאֻ֖ם	5002	HNcmsc
Ezek 18:30	אֲדֹנָ֣/י	136	HNcmpc/Sp1cs
Ezek 18:30	יְהוִ֑ה	3069	HNp
Ezek 18:30	שׁ֤וּבוּ	7725	HVqv2mp
Ezek 18:30	וְ/הָשִׁ֨יבוּ֙	c/7725	HC/Vhv2mp
Ezek 18:30	מִ/כָּל	m/3605	HR/Ncmsc
Ezek 18:30	פִּשְׁעֵי/כֶ֔ם	6588	HNcmpc/Sp2mp
Ezek 18:30	וְ/לֹֽא	c/3808	HC/Tn
Ezek 18:30	יִהְיֶ֥ה	1961	HVqi3ms
Ezek 18:30	לָ/כֶ֛ם	l	HR/Sp2mp
Ezek 18:30	לְ/מִכְשׁ֖וֹל	l/4383	HR/Ncmsc
Ezek 18:30	עָוֺֽן	5771	HNcbsa
Ezek 18:31	הַשְׁלִ֣יכוּ	7993	HVhv2mp
Ezek 18:31	מֵ/עֲלֵי/כֶ֗ם	m/5921 a	HR/R/Sp2mp
Ezek 18:31	אֶת	853	HTo
Ezek 18:31	כָּל	3605	HNcmsc
Ezek 18:31	פִּשְׁעֵי/כֶם֙	6588	HNcmpc/Sp2mp
Ezek 18:31	אֲשֶׁ֣ר	834 a	HTr
Ezek 18:31	פְּשַׁעְתֶּ֣ם	6586	HVqp2mp
Ezek 18:31	בָּ֔/ם	b	HR/Sp3mp
Ezek 18:31	וַ/עֲשׂ֥וּ	c/6213 a	HC/Vqv2mp
Ezek 18:31	לָ/כֶ֛ם	l	HR/Sp2mp
Ezek 18:31	לֵ֥ב	3820 a	HNcmsa
Ezek 18:31	חָדָ֖שׁ	2319	HAamsa
Ezek 18:31	וְ/ר֣וּחַ	c/7307	HC/Ncbsa
Ezek 18:31	חֲדָשָׁ֑ה	2319	HAafsa
Ezek 18:31	וְ/לָ֥/מָּה	c/l/4100	HC/R/Ti
Ezek 18:31	תָמֻ֖תוּ	4191	HVqi2mp
Ezek 18:31	בֵּ֥ית	1004 b	HNcmsc
Ezek 18:31	יִשְׂרָאֵֽל	3478	HNp
Ezek 18:32	כִּ֣י	3588 a	HC
Ezek 18:32	לֹ֤א	3808	HTn
Ezek 18:32	אֶחְפֹּץ֙	2654 a	HVqi1cs
Ezek 18:32	בְּ/מ֣וֹת	b/4194	HR/Ncmsc
Ezek 18:32	הַ/מֵּ֔ת	d/4191	HTd/Vqrmsa
Ezek 18:32	נְאֻ֖ם	5002	HNcmsc
Ezek 18:32	אֲדֹנָ֣/י	136	HNcmpc/Sp1cs
Ezek 18:32	יְהוִ֑ה	3069	HNp
Ezek 18:32	וְ/הָשִׁ֖יבוּ	c/7725	HC/Vhv2mp
Ezek 18:32	וִֽ/חְיֽוּ	c/2421	HC/Vqv2mp
Ezek 19:1	וְ/אַתָּה֙	c/859 a	HC/Pp2ms
Ezek 19:1	שָׂ֣א	5375	HVqv2ms
Ezek 19:1	קִינָ֔ה	7015	HNcfsa
Ezek 19:1	אֶל	413	HR
Ezek 19:1	נְשִׂיאֵ֖י	5387 a	HNcmpc
Ezek 19:1	יִשְׂרָאֵֽל	3478	HNp
Ezek 19:2	וְ/אָמַרְתָּ֗	c/559	HC/Vqq2ms
Ezek 19:2	מָ֤ה	4100	HTi
Ezek 19:2	אִמְּ/ךָ֙	517	HNcfsc/Sp2ms
Ezek 19:2	לְבִיָּ֔א	3833 b	HNcfsa
Ezek 19:2	בֵּ֥ין	996	HR
Ezek 19:2	אֲרָי֖וֹת	738 a	HNcmpa
Ezek 19:2	רָבָ֑צָה	7257	HVqp3fs
Ezek 19:2	בְּ/ת֥וֹךְ	b/8432	HR/Ncmsc
Ezek 19:2	כְּפִרִ֖ים	3715 a	HNcmpa
Ezek 19:2	רִבְּתָ֥ה	7235 a	HVpp3fs
Ezek 19:2	גוּרֶֽי/הָ	1482	HNcmpc/Sp3fs
Ezek 19:3	וַ/תַּ֛עַל	c/5927	HC/Vhw3fs
Ezek 19:3	אֶחָ֥ד	259	HAcmsa
Ezek 19:3	מִ/גֻּרֶ֖י/הָ	m/1482	HR/Ncmpc/Sp3fs
Ezek 19:3	כְּפִ֣יר	3715 a	HNcmsa
Ezek 19:3	הָיָ֑ה	1961	HVqp3ms
Ezek 19:3	וַ/יִּלְמַ֥ד	c/3925	HC/Vqw3ms
Ezek 19:3	לִ/טְרָף	l/2963	HR/Vqc
Ezek 19:3	טֶ֖רֶף	2964	HNcmsa
Ezek 19:3	אָדָ֥ם	120	HNcmsa
Ezek 19:3	אָכָֽל	398	HVqp3ms
Ezek 19:4	וַ/יִּשְׁמְע֥וּ	c/8085	HC/Vqw3mp
Ezek 19:4	אֵלָ֛י/ו	413	HR/Sp3ms
Ezek 19:4	גּוֹיִ֖ם	1471 a	HNcmpa
Ezek 19:4	בְּ/שַׁחְתָּ֣/ם	b/7845	HR/Ncfsc/Sp3mp
Ezek 19:4	נִתְפָּ֑שׂ	8610	HVNp3ms
Ezek 19:4	וַ/יְבִאֻ֥/הוּ	c/935	HC/Vhw3mp/Sp3ms
Ezek 19:4	בַֽ/חַחִ֖ים	b/2397	HRd/Ncmpa
Ezek 19:4	אֶל	413	HR
Ezek 19:4	אֶ֥רֶץ	776	HNcbsc
Ezek 19:4	מִצְרָֽיִם	4714	HNp
Ezek 19:5	וַ/תֵּ֨רֶא֙	c/7200	HC/Vqw3fs
Ezek 19:5	כִּ֣י	3588 a	HC
Ezek 19:5	נֽוֹחֲלָ֔ה	3176	HVNp3fs
Ezek 19:5	אָבְדָ֖ה	6	HVqp3fs
Ezek 19:5	תִּקְוָתָ֑/הּ	8615 b	HNcfsc/Sp3fs
Ezek 19:5	וַ/תִּקַּ֛ח	c/3947	HC/Vqw3fs
Ezek 19:5	אֶחָ֥ד	259	HAcmsa
Ezek 19:5	מִ/גֻּרֶ֖י/הָ	m/1482	HR/Ncmpc/Sp3fs
Ezek 19:5	כְּפִ֥יר	3715 a	HNcmsa
Ezek 19:5	שָׂמָֽתְ/הוּ	7760 a	HVqp3fs/Sp3ms
Ezek 19:6	וַ/יִּתְהַלֵּ֥ךְ	c/1980	HC/Vtw3ms
Ezek 19:6	בְּ/תוֹךְ	b/8432	HR/Ncmsc
Ezek 19:6	אֲרָי֖וֹת	738 a	HNcmpa
Ezek 19:6	כְּפִ֣יר	3715 a	HNcmsa
Ezek 19:6	הָיָ֑ה	1961	HVqp3ms
Ezek 19:6	וַ/יִּלְמַ֥ד	c/3925	HC/Vqw3ms
Ezek 19:6	לִ/טְרָף	l/2963	HR/Vqc
Ezek 19:6	טֶ֖רֶף	2964	HNcmsa
Ezek 19:6	אָדָ֥ם	120	HNcmsa
Ezek 19:6	אָכָֽל	398	HVqp3ms
Ezek 19:7	וַ/יֵּ֨דַע֙	c/3045	HC/Vqw3ms
Ezek 19:7	אַלְמְנוֹתָ֔י/ו	490	HNcfpc/Sp3ms
Ezek 19:7	וְ/עָרֵי/הֶ֖ם	c/5892 b	HC/Ncfpc/Sp3mp
Ezek 19:7	הֶחֱרִ֑יב	2717 b	HVhp3ms
Ezek 19:7	וַ/תֵּ֤שַׁם	c/3456	HC/Vqw3fs
Ezek 19:7	אֶ֨רֶץ֙	776	HNcbsa
Ezek 19:7	וּ/מְלֹאָ֔/הּ	c/4393	HC/Ncmsc/Sp3fs
Ezek 19:7	מִ/קּ֖וֹל	m/6963 a	HR/Ncmsc
Ezek 19:7	שַׁאֲגָתֽ/וֹ	7581	HNcfsc/Sp3ms
Ezek 19:8	וַ/יִּתְּנ֨וּ	c/5414	HC/Vqw3mp
Ezek 19:8	עָלָ֥י/ו	5921 a	HR/Sp3ms
Ezek 19:8	גּוֹיִ֛ם	1471 a	HNcmpa
Ezek 19:8	סָבִ֖יב	5439	HNcbsa
Ezek 19:8	מִ/מְּדִינ֑וֹת	m/4082	HR/Ncfpa
Ezek 19:8	וַֽ/יִּפְרְשׂ֥וּ	c/6566	HC/Vqw3mp
Ezek 19:8	עָלָ֛י/ו	5921 a	HR/Sp3ms
Ezek 19:8	רִשְׁתָּ֖/ם	7568	HNcfsc/Sp3mp
Ezek 19:8	בְּ/שַׁחְתָּ֥/ם	b/7845	HR/Ncfsc/Sp3mp
Ezek 19:8	נִתְפָּֽשׂ	8610	HVNp3ms
Ezek 19:9	וַֽ/יִּתְּנֻ֤/הוּ	c/5414	HC/Vqw3mp/Sp3ms
Ezek 19:9	בַ/סּוּגַר֙	b/5474	HRd/Ncmsa
Ezek 19:9	בַּֽ/חַחִ֔ים	b/2397	HRd/Ncmpa
Ezek 19:9	וַ/יְבִאֻ֖/הוּ	c/935	HC/Vhw3mp/Sp3ms
Ezek 19:9	אֶל	413	HR
Ezek 19:9	מֶ֣לֶךְ	4428	HNcmsc
Ezek 19:9	בָּבֶ֑ל	894	HNp
Ezek 19:9	יְבִאֻ֨/הוּ֙	935	HVhi3mp/Sp3ms
Ezek 19:9	בַּ/מְּצֹד֔וֹת	b/4685 d	HRd/Ncfpa
Ezek 19:9	לְמַ֗עַן	4616	HR
Ezek 19:9	לֹא	3808	HTn
Ezek 19:9	יִשָּׁמַ֥ע	8085	HVNi3ms
Ezek 19:9	קוֹל֛/וֹ	6963 a	HNcmsc/Sp3ms
Ezek 19:9	ע֖וֹד	5750	HD
Ezek 19:9	אֶל	413	HR
Ezek 19:9	הָרֵ֥י	2022	HNcmpc
Ezek 19:9	יִשְׂרָאֵֽל	3478	HNp
Ezek 19:10	אִמְּ/ךָ֥	517	HNcfsc/Sp2ms
Ezek 19:10	כַ/גֶּ֛פֶן	k/1612	HRd/Ncbsa
Ezek 19:10	בְּ/דָמְ/ךָ֖	b/1818	HR/Ncmsc/Sp2ms
Ezek 19:10	עַל	5921 a	HR
Ezek 19:10	מַ֣יִם	4325	HNcmpa
Ezek 19:10	שְׁתוּלָ֑ה	8362	HVqsfsa
Ezek 19:10	פֹּֽרִיָּה֙	6509	HVqrfsa
Ezek 19:10	וַֽ/עֲנֵפָ֔ה	c/6058	HC/Aafsa
Ezek 19:10	הָיְתָ֖ה	1961	HVqp3fs
Ezek 19:10	מִ/מַּ֥יִם	m/4325	HR/Ncmpa
Ezek 19:10	רַבִּֽים	7227 a	HAampa
Ezek 19:11	וַ/יִּֽהְיוּ	c/1961	HC/Vqw3mp
Ezek 19:11	לָ֞/הּ	l	HR/Sp3fs
Ezek 19:11	מַטּ֣וֹת	4294	HNcmpc
Ezek 19:11	עֹ֗ז	5797	HNcmsa
Ezek 19:11	אֶל	413	HR
Ezek 19:11	שִׁבְטֵי֙	7626	HNcmpc
Ezek 19:11	מֹֽשְׁלִ֔ים	4910	HVqrmpa
Ezek 19:11	וַ/תִּגְבַּ֥הּ	c/1361	HC/Vqw3fs
Ezek 19:11	קֽוֹמָת֖/וֹ	6967	HNcfsc/Sp3ms
Ezek 19:11	עַל	5921 a	HR
Ezek 19:11	בֵּ֣ין	996	HR
Ezek 19:11	עֲבֹתִ֑ים	5688	HNcbpa
Ezek 19:11	וַ/יֵּרָ֣א	c/7200	HC/VNw3ms
Ezek 19:11	בְ/גָבְה֔/וֹ	b/1363	HR/Ncmsc/Sp3ms
Ezek 19:11	בְּ/רֹ֖ב	b/7230	HR/Ncbsc
Ezek 19:11	דָּלִיֹּתָֽי/ו	1808	HNcfpc/Sp3ms
Ezek 19:12	וַ/תֻּתַּ֤שׁ	c/5428	HC/VHw3fs
Ezek 19:12	בְּ/חֵמָה֙	b/2534	HR/Ncfsa
Ezek 19:12	לָ/אָ֣רֶץ	l/776	HRd/Ncbsa
Ezek 19:12	הֻשְׁלָ֔כָה	7993	HVHp3fs
Ezek 19:12	וְ/ר֥וּחַ	c/7307	HC/Ncbsc
Ezek 19:12	הַ/קָּדִ֖ים	d/6921	HTd/Ncmsa
Ezek 19:12	הוֹבִ֣ישׁ	3001	HVhp3ms
Ezek 19:12	פִּרְיָ֑/הּ	6529	HNcmsc/Sp3fs
Ezek 19:12	הִתְפָּרְק֧וּ	6561	HVtp3cp
Ezek 19:12	וְ/יָבֵ֛שׁוּ	c/3001	HC/Vqp3cp
Ezek 19:12	מַטֵּ֥ה	4294	HNcmsc
Ezek 19:12	עֻזָּ֖/הּ	5797	HNcmsc/Sp3fs
Ezek 19:12	אֵ֥שׁ	784	HNcbsa
Ezek 19:12	אֲכָלָֽתְ/הוּ	398	HVqp3fs/Sp3ms
Ezek 19:13	וְ/עַתָּ֖ה	c/6258	HC/D
Ezek 19:13	שְׁתוּלָ֣ה	8362	HVqsfsa
Ezek 19:13	בַ/מִּדְבָּ֑ר	b/4057 b	HRd/Ncmsa
Ezek 19:13	בְּ/אֶ֖רֶץ	b/776	HR/Ncbsc
Ezek 19:13	צִיָּ֥ה	6723	HNcfsa
Ezek 19:13	וְ/צָמָֽא	c/6772	HC/Ncmsa
Ezek 19:14	וַ/תֵּצֵ֨א	c/3318	HC/Vqw3fs
Ezek 19:14	אֵ֜שׁ	784	HNcbsa
Ezek 19:14	מִ/מַּטֵּ֤ה	m/4294	HR/Ncmsc
Ezek 19:14	בַדֶּ֨י/הָ֙	905	HNcmpc/Sp3fs
Ezek 19:14	פִּרְיָ֣/הּ	6529	HNcmsc/Sp3fs
Ezek 19:14	אָכָ֔לָה	398	HVqp3fs
Ezek 19:14	וְ/לֹא	c/3808	HC/Tn
Ezek 19:14	הָ֥יָה	1961	HVqp3ms
Ezek 19:14	בָ֛/הּ	b	HR/Sp3fs
Ezek 19:14	מַטֵּה	4294	HNcmsc
Ezek 19:14	עֹ֖ז	5797	HNcmsa
Ezek 19:14	שֵׁ֣בֶט	7626	HNcmsa
Ezek 19:14	לִ/מְשׁ֑וֹל	l/4910	HR/Vqc
Ezek 19:14	קִ֥ינָה	7015	HNcfsa
Ezek 19:14	הִ֖יא	1931	HPp3fs
Ezek 19:14	וַ/תְּהִ֥י	c/1961	HC/Vqw3fs
Ezek 19:14	לְ/קִינָֽה	l/7015	HR/Ncfsa
Ezek 20:1	וַ/יְהִ֣י	c/1961	HC/Vqw3ms
Ezek 20:1	בַּ/שָּׁנָ֣ה	b/8141	HRd/Ncfsa
Ezek 20:1	הַ/שְּׁבִיעִ֗ית	d/7637	HTd/Aofsa
Ezek 20:1	בַּֽ/חֲמִשִׁי֙	b/2549	HRd/Aomsa
Ezek 20:1	בֶּ/עָשׂ֣וֹר	b/6218	HRd/Ncmsa
Ezek 20:1	לַ/חֹ֔דֶשׁ	l/2320	HRd/Ncmsa
Ezek 20:1	בָּ֧אוּ	935	HVqp3cp
Ezek 20:1	אֲנָשִׁ֛ים	376	HNcmpa
Ezek 20:1	מִ/זִּקְנֵ֥י	m/2205	HR/Aampc
Ezek 20:1	יִשְׂרָאֵ֖ל	3478	HNp
Ezek 20:1	לִ/דְרֹ֣שׁ	l/1875	HR/Vqc
Ezek 20:1	אֶת	853	HTo
Ezek 20:1	יְהוָ֑ה	3068	HNp
Ezek 20:1	וַ/יֵּשְׁב֖וּ	c/3427	HC/Vqw3mp
Ezek 20:1	לְ/פָנָֽ/י	l/6440	HR/Ncbpc/Sp1cs
Ezek 20:2	וַ/יְהִ֥י	c/1961	HC/Vqw3ms
Ezek 20:2	דְבַר	1697	HNcmsc
Ezek 20:2	יְהוָ֖ה	3068	HNp
Ezek 20:2	אֵלַ֥/י	413	HR/Sp1cs
Ezek 20:2	לֵ/אמֹֽר	l/559	HR/Vqc
Ezek 20:3	בֶּן	1121 a	HNcmsc
Ezek 20:3	אָדָ֗ם	120	HNcmsa
Ezek 20:3	דַּבֵּ֞ר	1696	HVpv2ms
Ezek 20:3	אֶת	854	HR
Ezek 20:3	זִקְנֵ֤י	2205	HAampc
Ezek 20:3	יִשְׂרָאֵל֙	3478	HNp
Ezek 20:3	וְ/אָמַרְתָּ֣	c/559	HC/Vqq2ms
Ezek 20:3	אֲלֵ/הֶ֔ם	413	HR/Sp3mp
Ezek 20:3	כֹּ֤ה	3541	HD
Ezek 20:3	אָמַר֙	559	HVqp3ms
Ezek 20:3	אֲדֹנָ֣/י	136	HNcmpc/Sp1cs
Ezek 20:3	יְהוִ֔ה	3069	HNp
Ezek 20:3	הֲ/לִ/דְרֹ֥שׁ	i/l/1875	HTi/R/Vqc
Ezek 20:3	אֹתִ֖/י	853	HTo/Sp1cs
Ezek 20:3	אַתֶּ֣ם	859 d	HPp2mp
Ezek 20:3	בָּאִ֑ים	935	HVqrmpa
Ezek 20:3	חַי	2416 a	HAamsa
Ezek 20:3	אָ֨נִי֙	589	HPp1cs
Ezek 20:3	אִם	518 a	HC
Ezek 20:3	אִדָּרֵ֣שׁ	1875	HVNi1cs
Ezek 20:3	לָ/כֶ֔ם	l	HR/Sp2mp
Ezek 20:3	נְאֻ֖ם	5002	HNcmsc
Ezek 20:3	אֲדֹנָ֥/י	136	HNcmpc/Sp1cs
Ezek 20:3	יְהוִֽה	3069	HNp
Ezek 20:4	הֲ/תִשְׁפֹּ֣ט	i/8199	HTi/Vqi2ms
Ezek 20:4	אֹתָ֔/ם	853	HTo/Sp3mp
Ezek 20:4	הֲ/תִשְׁפּ֖וֹט	i/8199	HTi/Vqi2ms
Ezek 20:4	בֶּן	1121 a	HNcmsc
Ezek 20:4	אָדָ֑ם	120	HNcmsa
Ezek 20:4	אֶת	853	HTo
Ezek 20:4	תּוֹעֲבֹ֥ת	8441	HNcfpc
Ezek 20:4	אֲבוֹתָ֖/ם	1	HNcmpc/Sp3mp
Ezek 20:4	הוֹדִיעֵֽ/ם	3045	HVhv2ms/Sp3mp
Ezek 20:5	וְ/אָמַרְתָּ֣	c/559	HC/Vqq2ms
Ezek 20:5	אֲלֵי/הֶ֗ם	413	HR/Sp3mp
Ezek 20:5	כֹּֽה	3541	HD
Ezek 20:5	אָמַר֮	559	HVqp3ms
Ezek 20:5	אֲדֹנָ֣/י	136	HNcmpc/Sp1cs
Ezek 20:5	יְהוִה֒	3069	HNp
Ezek 20:5	בְּ/יוֹם֙	b/3117	HR/Ncmsc
Ezek 20:5	בָּחֳרִ֣/י	977	HVqc/Sp1cs
Ezek 20:5	בְ/יִשְׂרָאֵ֔ל	b/3478	HR/Np
Ezek 20:5	וָ/אֶשָּׂ֣א	c/5375	HC/Vqw1cs
Ezek 20:5	יָדִ֗/י	3027	HNcbsc/Sp1cs
Ezek 20:5	לְ/זֶ֨רַע֙	l/2233	HR/Ncmsc
Ezek 20:5	בֵּ֣ית	1004 b	HNcmsc
Ezek 20:5	יַֽעֲקֹ֔ב	3290	HNp
Ezek 20:5	וָ/אִוָּדַ֥ע	c/3045	HC/VNw1cs
Ezek 20:5	לָ/הֶ֖ם	l	HR/Sp3mp
Ezek 20:5	בְּ/אֶ֣רֶץ	b/776	HR/Ncbsc
Ezek 20:5	מִצְרָ֑יִם	4714	HNp
Ezek 20:5	וָ/אֶשָּׂ֨א	c/5375	HC/Vqw1cs
Ezek 20:5	יָדִ֤/י	3027	HNcbsc/Sp1cs
Ezek 20:5	לָ/הֶם֙	l	HR/Sp3mp
Ezek 20:5	לֵ/אמֹ֔ר	l/559	HR/Vqc
Ezek 20:5	אֲנִ֖י	589	HPp1cs
Ezek 20:5	יְהוָ֥ה	3068	HNp
Ezek 20:5	אֱלֹהֵי/כֶֽם	430	HNcmpc/Sp2mp
Ezek 20:6	בַּ/יּ֣וֹם	b/3117	HRd/Ncmsa
Ezek 20:6	הַ/ה֗וּא	d/1931	HTd/Pp3ms
Ezek 20:6	נָשָׂ֤אתִי	5375	HVqp1cs
Ezek 20:6	יָדִ/י֙	3027	HNcbsc/Sp1cs
Ezek 20:6	לָ/הֶ֔ם	l	HR/Sp3mp
Ezek 20:6	לְ/הֽוֹצִיאָ֖/ם	l/3318	HR/Vhc/Sp3mp
Ezek 20:6	מֵ/אֶ֣רֶץ	m/776	HR/Ncbsc
Ezek 20:6	מִצְרָ֑יִם	4714	HNp
Ezek 20:6	אֶל	413	HR
Ezek 20:6	אֶ֜רֶץ	776	HNcbsa
Ezek 20:6	אֲשֶׁר	834 a	HTr
Ezek 20:6	תַּ֣רְתִּי	8446	HVqp1cs
Ezek 20:6	לָ/הֶ֗ם	l	HR/Sp3mp
Ezek 20:6	זָבַ֤ת	2100	HVqrfsc
Ezek 20:6	חָלָב֙	2461	HNcmsa
Ezek 20:6	וּ/דְבַ֔שׁ	c/1706	HC/Ncmsa
Ezek 20:6	צְבִ֥י	6643 a	HNcmsa
Ezek 20:6	הִ֖יא	1931	HPp3fs
Ezek 20:6	לְ/כָל	l/3605	HR/Ncmsc
Ezek 20:6	הָ/אֲרָצֽוֹת	d/776	HTd/Ncbpa
Ezek 20:7	וָ/אֹמַ֣ר	c/559	HC/Vqw1cs
Ezek 20:7	אֲלֵ/הֶ֗ם	413	HR/Sp3mp
Ezek 20:7	אִ֣ישׁ	376	HNcmsa
Ezek 20:7	שִׁקּוּצֵ֤י	8251	HNcmpc
Ezek 20:7	עֵינָי/ו֙	5869 a	HNcbdc/Sp3ms
Ezek 20:7	הַשְׁלִ֔יכוּ	7993	HVhv2mp
Ezek 20:7	וּ/בְ/גִלּוּלֵ֥י	c/b/1544	HC/R/Ncmpc
Ezek 20:7	מִצְרַ֖יִם	4714	HNp
Ezek 20:7	אַל	408	HTn
Ezek 20:7	תִּטַּמָּ֑אוּ	2930 a	HVtj2mp
Ezek 20:7	אֲנִ֖י	589	HPp1cs
Ezek 20:7	יְהוָ֥ה	3068	HNp
Ezek 20:7	אֱלֹהֵי/כֶֽם	430	HNcmpc/Sp2mp
Ezek 20:8	וַ/יַּמְרוּ	c/4784	HC/Vhw3mp
Ezek 20:8	בִ֗/י	b	HR/Sp1cs
Ezek 20:8	וְ/לֹ֤א	c/3808	HC/Tn
Ezek 20:8	אָבוּ֙	14	HVqp3cp
Ezek 20:8	לִּ/שְׁמֹ֣עַ	l/8085	HR/Vqc
Ezek 20:8	אֵלַ֔/י	413	HR/Sp1cs
Ezek 20:8	אִ֣ישׁ	376	HNcmsa
Ezek 20:8	אֶת	853	HTo
Ezek 20:8	שִׁקּוּצֵ֤י	8251	HNcmpc
Ezek 20:8	עֵֽינֵי/הֶם֙	5869 a	HNcbdc/Sp3mp
Ezek 20:8	לֹ֣א	3808	HTn
Ezek 20:8	הִשְׁלִ֔יכוּ	7993	HVhp3cp
Ezek 20:8	וְ/אֶת	c/853	HC/To
Ezek 20:8	גִּלּוּלֵ֥י	1544	HNcmpc
Ezek 20:8	מִצְרַ֖יִם	4714	HNp
Ezek 20:8	לֹ֣א	3808	HTn
Ezek 20:8	עָזָ֑בוּ	5800 a	HVqp3cp
Ezek 20:8	וָ/אֹמַ֞ר	c/559	HC/Vqw1cs
Ezek 20:8	לִ/שְׁפֹּ֧ךְ	l/8210	HR/Vqc
Ezek 20:8	חֲמָתִ֣/י	2534	HNcfsc/Sp1cs
Ezek 20:8	עֲלֵי/הֶ֗ם	5921 a	HR/Sp3mp
Ezek 20:8	לְ/כַלּ֤וֹת	l/3615	HR/Vpc
Ezek 20:8	אַפִּ/י֙	639	HNcmsc/Sp1cs
Ezek 20:8	בָּ/הֶ֔ם	b	HR/Sp3mp
Ezek 20:8	בְּ/ת֖וֹךְ	b/8432	HR/Ncmsc
Ezek 20:8	אֶ֥רֶץ	776	HNcbsc
Ezek 20:8	מִצְרָֽיִם	4714	HNp
Ezek 20:9	וָ/אַ֨עַשׂ֙	c/6213 a	HC/Vqw1cs
Ezek 20:9	לְמַ֣עַן	4616	HR
Ezek 20:9	שְׁמִ֔/י	8034	HNcmsc/Sp1cs
Ezek 20:9	לְ/בִלְתִּ֥י	l/1115	HR/C
Ezek 20:9	הֵחֵ֛ל	2490 c	HVNc
Ezek 20:9	לְ/עֵינֵ֥י	l/5869 a	HR/Ncbdc
Ezek 20:9	הַ/גּוֹיִ֖ם	d/1471 a	HTd/Ncmpa
Ezek 20:9	אֲשֶׁר	834 a	HTr
Ezek 20:9	הֵ֣מָּה	1992	HPp3mp
Ezek 20:9	בְ/תוֹכָ֑/ם	b/8432	HR/Ncmsc/Sp3mp
Ezek 20:9	אֲשֶׁ֨ר	834 a	HTr
Ezek 20:9	נוֹדַ֤עְתִּי	3045	HVNp1cs
Ezek 20:9	אֲלֵי/הֶם֙	413	HR/Sp3mp
Ezek 20:9	לְ/עֵ֣ינֵי/הֶ֔ם	l/5869 a	HR/Ncbdc/Sp3mp
Ezek 20:9	לְ/הוֹצִיאָ֖/ם	l/3318	HR/Vhc/Sp3mp
Ezek 20:9	מֵ/אֶ֥רֶץ	m/776	HR/Ncbsc
Ezek 20:9	מִצְרָֽיִם	4714	HNp
Ezek 20:10	וָ/אֽוֹצִיאֵ֖/ם	c/3318	HC/Vhw1cs/Sp3mp
Ezek 20:10	מֵ/אֶ֣רֶץ	m/776	HR/Ncbsc
Ezek 20:10	מִצְרָ֑יִם	4714	HNp
Ezek 20:10	וָ/אֲבִאֵ֖/ם	c/935	HC/Vhw1cs/Sp3mp
Ezek 20:10	אֶל	413	HR
Ezek 20:10	הַ/מִּדְבָּֽר	d/4057 b	HTd/Ncmsa
Ezek 20:11	וָ/אֶתֵּ֤ן	c/5414	HC/Vqw1cs
Ezek 20:11	לָ/הֶם֙	l	HR/Sp3mp
Ezek 20:11	אֶת	853	HTo
Ezek 20:11	חֻקּוֹתַ֔/י	2708	HNcbpc/Sp1cs
Ezek 20:11	וְ/אֶת	c/853	HC/To
Ezek 20:11	מִשְׁפָּטַ֖/י	4941	HNcmpc/Sp1cs
Ezek 20:11	הוֹדַ֣עְתִּי	3045	HVhp1cs
Ezek 20:11	אוֹתָ֑/ם	853	HTo/Sp3mp
Ezek 20:11	אֲשֶׁ֨ר	834 a	HTr
Ezek 20:11	יַעֲשֶׂ֥ה	6213 a	HVqi3ms
Ezek 20:11	אוֹתָ֛/ם	853	HTo/Sp3mp
Ezek 20:11	הָ/אָדָ֖ם	d/120	HTd/Ncmsa
Ezek 20:11	וָ/חַ֥י	c/2425	HC/Vqq3ms
Ezek 20:11	בָּ/הֶֽם	b	HR/Sp3mp
Ezek 20:12	וְ/גַ֤ם	c/1571	HC/Ta
Ezek 20:12	אֶת	853	HTo
Ezek 20:12	שַׁבְּתוֹתַ/י֙	7676	HNcbpc/Sp1cs
Ezek 20:12	נָתַ֣תִּי	5414	HVqp1cs
Ezek 20:12	לָ/הֶ֔ם	l	HR/Sp3mp
Ezek 20:12	לִ/הְי֣וֹת	l/1961	HR/Vqc
Ezek 20:12	לְ/א֔וֹת	l/226	HR/Ncbsa
Ezek 20:12	בֵּינִ֖/י	996	HR/Sp1cs
Ezek 20:12	וּ/בֵֽינֵי/הֶ֑ם	c/996	HC/R/Sp3mp
Ezek 20:12	לָ/דַ֕עַת	l/3045	HR/Vqc
Ezek 20:12	כִּ֛י	3588 a	HC
Ezek 20:12	אֲנִ֥י	589	HPp1cs
Ezek 20:12	יְהוָ֖ה	3068	HNp
Ezek 20:12	מְקַדְּשָֽׁ/ם	6942	HVprmsc/Sp3mp
Ezek 20:13	וַ/יַּמְרוּ	c/4784	HC/Vhw3mp
Ezek 20:13	בִ֨/י	b	HR/Sp1cs
Ezek 20:13	בֵֽית	1004 b	HNcmsc
Ezek 20:13	יִשְׂרָאֵ֜ל	3478	HNp
Ezek 20:13	בַּ/מִּדְבָּ֗ר	b/4057 b	HRd/Ncmsa
Ezek 20:13	בְּ/חֻקּוֹתַ֨/י	b/2708	HR/Ncbpc/Sp1cs
Ezek 20:13	לֹא	3808	HTn
Ezek 20:13	הָלָ֜כוּ	1980	HVqp3cp
Ezek 20:13	וְ/אֶת	c/853	HC/To
Ezek 20:13	מִשְׁפָּטַ֣/י	4941	HNcmpc/Sp1cs
Ezek 20:13	מָאָ֗סוּ	3988 a	HVqp3cp
Ezek 20:13	אֲשֶׁר֩	834 a	HTr
Ezek 20:13	יַעֲשֶׂ֨ה	6213 a	HVqi3ms
Ezek 20:13	אֹתָ֤/ם	853	HTo/Sp3mp
Ezek 20:13	הָֽ/אָדָם֙	d/120	HTd/Ncmsa
Ezek 20:13	וָ/חַ֣י	c/2425	HC/Vqq3ms
Ezek 20:13	בָּ/הֶ֔ם	b	HR/Sp3mp
Ezek 20:13	וְ/אֶת	c/853	HC/To
Ezek 20:13	שַׁבְּתֹתַ֖/י	7676	HNcbpc/Sp1cs
Ezek 20:13	חִלְּל֣וּ	2490 c	HVpp3cp
Ezek 20:13	מְאֹ֑ד	3966	HD
Ezek 20:13	וָ/אֹמַ֞ר	c/559	HC/Vqw1cs
Ezek 20:13	לִ/שְׁפֹּ֨ךְ	l/8210	HR/Vqc
Ezek 20:13	חֲמָתִ֧/י	2534	HNcfsc/Sp1cs
Ezek 20:13	עֲלֵי/הֶ֛ם	5921 a	HR/Sp3mp
Ezek 20:13	בַּ/מִּדְבָּ֖ר	b/4057 b	HRd/Ncmsa
Ezek 20:13	לְ/כַלּוֹתָֽ/ם	l/3615	HR/Vpc/Sp3mp
Ezek 20:14	וָ/אֶעֱשֶׂ֖ה	c/6213 a	HC/Vqw1cs
Ezek 20:14	לְמַ֣עַן	4616	HR
Ezek 20:14	שְׁמִ֑/י	8034	HNcmsc/Sp1cs
Ezek 20:14	לְ/בִלְתִּ֤י	l/1115	HR/C
Ezek 20:14	הֵחֵל֙	2490 c	HVNc
Ezek 20:14	לְ/עֵינֵ֣י	l/5869 a	HR/Ncbdc
Ezek 20:14	הַ/גּוֹיִ֔ם	d/1471 a	HTd/Ncmpa
Ezek 20:14	אֲשֶׁ֥ר	834 a	HTr
Ezek 20:14	הוֹצֵאתִ֖י/ם	3318	HVhp1cs/Sp3mp
Ezek 20:14	לְ/עֵינֵי/הֶֽם	l/5869 a	HR/Ncbdc/Sp3mp
Ezek 20:15	וְ/גַם	c/1571	HC/Ta
Ezek 20:15	אֲנִ֗י	589	HPp1cs
Ezek 20:15	נָשָׂ֧אתִי	5375	HVqp1cs
Ezek 20:15	יָדִ֛/י	3027	HNcbsc/Sp1cs
Ezek 20:15	לָ/הֶ֖ם	l	HR/Sp3mp
Ezek 20:15	בַּ/מִּדְבָּ֑ר	b/4057 b	HRd/Ncmsa
Ezek 20:15	לְ/בִלְתִּי֩	l/1115	HR/C
Ezek 20:15	הָבִ֨יא	935	HVhc
Ezek 20:15	אוֹתָ֜/ם	853	HTo/Sp3mp
Ezek 20:15	אֶל	413	HR
Ezek 20:15	הָ/אָ֣רֶץ	d/776	HTd/Ncbsa
Ezek 20:15	אֲשֶׁר	834 a	HTr
Ezek 20:15	נָתַ֗תִּי	5414	HVqp1cs
Ezek 20:15	זָבַ֤ת	2100	HVqrfsc
Ezek 20:15	חָלָב֙	2461	HNcmsa
Ezek 20:15	וּ/דְבַ֔שׁ	c/1706	HC/Ncmsa
Ezek 20:15	צְבִ֥י	6643 a	HNcmsa
Ezek 20:15	הִ֖יא	1931	HPp3fs
Ezek 20:15	לְ/כָל	l/3605	HR/Ncmsc
Ezek 20:15	הָ/אֲרָצֽוֹת	d/776	HTd/Ncbpa
Ezek 20:16	יַ֜עַן	3282	HC
Ezek 20:16	בְּ/מִשְׁפָּטַ֣/י	b/4941	HR/Ncmpc/Sp1cs
Ezek 20:16	מָאָ֗סוּ	3988 a	HVqp3cp
Ezek 20:16	וְ/אֶת	c/853	HC/To
Ezek 20:16	חֻקּוֹתַ/י֙	2708	HNcbpc/Sp1cs
Ezek 20:16	לֹא	3808	HTn
Ezek 20:16	הָלְכ֣וּ	1980	HVqp3cp
Ezek 20:16	בָ/הֶ֔ם	b	HR/Sp3mp
Ezek 20:16	וְ/אֶת	c/853	HC/To
Ezek 20:16	שַׁבְּתוֹתַ֖/י	7676	HNcbpc/Sp1cs
Ezek 20:16	חִלֵּ֑לוּ	2490 c	HVpp3cp
Ezek 20:16	כִּ֛י	3588 a	HC
Ezek 20:16	אַחֲרֵ֥י	310 a	HR
Ezek 20:16	גִלּוּלֵי/הֶ֖ם	1544	HNcmpc/Sp3mp
Ezek 20:16	לִבָּ֥/ם	3820 a	HNcmsc/Sp3mp
Ezek 20:16	הֹלֵֽךְ	1980	HVqrmsa
Ezek 20:17	וַ/תָּ֧חָס	c/2347	HC/Vqw3fs
Ezek 20:17	עֵינִ֛/י	5869 a	HNcbsc/Sp1cs
Ezek 20:17	עֲלֵי/הֶ֖ם	5921 a	HR/Sp3mp
Ezek 20:17	מִֽ/שַּׁחֲתָ֑/ם	m/7843	HR/Vpc/Sp3mp
Ezek 20:17	וְ/לֹֽא	c/3808	HC/Tn
Ezek 20:17	עָשִׂ֧יתִי	6213 a	HVqp1cs
Ezek 20:17	אוֹתָ֛/ם	853	HTo/Sp3mp
Ezek 20:17	כָּלָ֖ה	3617	HNcfsa
Ezek 20:17	בַּ/מִּדְבָּֽר	b/4057 b	HRd/Ncmsa
Ezek 20:18	וָ/אֹמַ֤ר	c/559	HC/Vqw1cs
Ezek 20:18	אֶל	413	HR
Ezek 20:18	בְּנֵי/הֶם֙	1121 a	HNcmpc/Sp3mp
Ezek 20:18	בַּ/מִּדְבָּ֔ר	b/4057 b	HRd/Ncmsa
Ezek 20:18	בְּ/חוּקֵּ֤י	b/2706	HR/Ncmpc
Ezek 20:18	אֲבֽוֹתֵי/כֶם֙	1	HNcmpc/Sp2mp
Ezek 20:18	אַל	408	HTn
Ezek 20:18	תֵּלֵ֔כוּ	3212	HVqj2mp
Ezek 20:18	וְ/אֶת	c/853	HC/To
Ezek 20:18	מִשְׁפְּטֵי/הֶ֖ם	4941	HNcmpc/Sp3mp
Ezek 20:18	אַל	408	HTn
Ezek 20:18	תִּשְׁמֹ֑רוּ	8104	HVqj2mp
Ezek 20:18	וּ/בְ/גִלּוּלֵי/הֶ֖ם	c/b/1544	HC/R/Ncmpc/Sp3mp
Ezek 20:18	אַל	408	HTn
Ezek 20:18	תִּטַּמָּֽאוּ	2930 a	HVtj2mp
Ezek 20:19	אֲנִי֙	589	HPp1cs
Ezek 20:19	יְהוָ֣ה	3068	HNp
Ezek 20:19	אֱלֹהֵי/כֶ֔ם	430	HNcmpc/Sp2mp
Ezek 20:19	בְּ/חֻקּוֹתַ֖/י	b/2708	HR/Ncbpc/Sp1cs
Ezek 20:19	לֵ֑כוּ	3212	HVqv2mp
Ezek 20:19	וְ/אֶת	c/853	HC/To
Ezek 20:19	מִשְׁפָּטַ֥/י	4941	HNcmpc/Sp1cs
Ezek 20:19	שִׁמְר֖וּ	8104	HVqv2mp
Ezek 20:19	וַ/עֲשׂ֥וּ	c/6213 a	HC/Vqv2mp
Ezek 20:19	אוֹתָֽ/ם	853	HTo/Sp3mp
Ezek 20:20	וְ/אֶת	c/853	HC/To
Ezek 20:20	שַׁבְּתוֹתַ֖/י	7676	HNcbpc/Sp1cs
Ezek 20:20	קַדֵּ֑שׁוּ	6942	HVpv2mp
Ezek 20:20	וְ/הָי֤וּ	c/1961	HC/Vqq3cp
Ezek 20:20	לְ/אוֹת֙	l/226	HR/Ncbsa
Ezek 20:20	בֵּינִ֣/י	996	HR/Sp1cs
Ezek 20:20	וּ/בֵֽינֵי/כֶ֔ם	c/996	HC/R/Sp2mp
Ezek 20:20	לָ/דַ֕עַת	l/3045	HR/Vqc
Ezek 20:20	כִּ֛י	3588 a	HC
Ezek 20:20	אֲנִ֥י	589	HPp1cs
Ezek 20:20	יְהוָ֖ה	3068	HNp
Ezek 20:20	אֱלֹהֵי/כֶֽם	430	HNcmpc/Sp2mp
Ezek 20:21	וַ/יַּמְרוּ	c/4784	HC/Vhw3mp
Ezek 20:21	בִ֣/י	b	HR/Sp1cs
Ezek 20:21	הַ/בָּנִ֗ים	d/1121 a	HTd/Ncmpa
Ezek 20:21	בְּ/חֻקּוֹתַ֣/י	b/2708	HR/Ncbpc/Sp1cs
Ezek 20:21	לֹֽא	3808	HTn
Ezek 20:21	הָ֠לָכוּ	1980	HVqp3cp
Ezek 20:21	וְ/אֶת	c/853	HC/To
Ezek 20:21	מִשְׁפָּטַ֨/י	4941	HNcmpc/Sp1cs
Ezek 20:21	לֹא	3808	HTn
Ezek 20:21	שָׁמְר֜וּ	8104	HVqp3cp
Ezek 20:21	לַ/עֲשׂ֣וֹת	l/6213 a	HR/Vqc
Ezek 20:21	אוֹתָ֗/ם	853	HTo/Sp3mp
Ezek 20:21	אֲשֶׁר֩	834 a	HTr
Ezek 20:21	יַעֲשֶׂ֨ה	6213 a	HVqi3ms
Ezek 20:21	אוֹתָ֤/ם	853	HTo/Sp3mp
Ezek 20:21	הָֽ/אָדָם֙	d/120	HTd/Ncmsa
Ezek 20:21	וָ/חַ֣י	c/2425	HC/Vqq3ms
Ezek 20:21	בָּ/הֶ֔ם	b	HR/Sp3mp
Ezek 20:21	אֶת	853	HTo
Ezek 20:21	שַׁבְּתוֹתַ֖/י	7676	HNcbpc/Sp1cs
Ezek 20:21	חִלֵּ֑לוּ	2490 c	HVpp3cp
Ezek 20:21	וָ/אֹמַ֞ר	c/559	HC/Vqw1cs
Ezek 20:21	לִ/שְׁפֹּ֧ךְ	l/8210	HR/Vqc
Ezek 20:21	חֲמָתִ֣/י	2534	HNcfsc/Sp1cs
Ezek 20:21	עֲלֵי/הֶ֗ם	5921 a	HR/Sp3mp
Ezek 20:21	לְ/כַלּ֥וֹת	l/3615	HR/Vpc
Ezek 20:21	אַפִּ֛/י	639	HNcmsc/Sp1cs
Ezek 20:21	בָּ֖/ם	b	HR/Sp3mp
Ezek 20:21	בַּ/מִּדְבָּֽר	b/4057 b	HRd/Ncmsa
Ezek 20:22	וַ/הֲשִׁבֹ֨תִי֙	c/7725	HC/Vhp1cs
Ezek 20:22	אֶת	853	HTo
Ezek 20:22	יָדִ֔/י	3027	HNcbsc/Sp1cs
Ezek 20:22	וָ/אַ֖עַשׂ	c/6213 a	HC/Vqw1cs
Ezek 20:22	לְמַ֣עַן	4616	HR
Ezek 20:22	שְׁמִ֑/י	8034	HNcmsc/Sp1cs
Ezek 20:22	לְ/בִלְתִּ֤י	l/1115	HR/C
Ezek 20:22	הֵחֵל֙	2490 c	HVNc
Ezek 20:22	לְ/עֵינֵ֣י	l/5869 a	HR/Ncbdc
Ezek 20:22	הַ/גּוֹיִ֔ם	d/1471 a	HTd/Ncmpa
Ezek 20:22	אֲשֶׁר	834 a	HTr
Ezek 20:22	הוֹצֵ֥אתִי	3318	HVhp1cs
Ezek 20:22	אוֹתָ֖/ם	853	HTo/Sp3mp
Ezek 20:22	לְ/עֵינֵי/הֶֽם	l/5869 a	HR/Ncbdc/Sp3mp
Ezek 20:23	גַּם	1571	HTa
Ezek 20:23	אֲנִ֗י	589	HPp1cs
Ezek 20:23	נָשָׂ֧אתִי	5375	HVqp1cs
Ezek 20:23	אֶת	853	HTo
Ezek 20:23	יָדִ֛/י	3027	HNcbsc/Sp1cs
Ezek 20:23	לָ/הֶ֖ם	l	HR/Sp3mp
Ezek 20:23	בַּ/מִּדְבָּ֑ר	b/4057 b	HRd/Ncmsa
Ezek 20:23	לְ/הָפִ֤יץ	l/6327 a	HR/Vhc
Ezek 20:23	אֹתָ/ם֙	853	HTo/Sp3mp
Ezek 20:23	בַּ/גּוֹיִ֔ם	b/1471 a	HRd/Ncmpa
Ezek 20:23	וּ/לְ/זָר֥וֹת	c/l/2219	HC/R/Vpc
Ezek 20:23	אוֹתָ֖/ם	853	HTo/Sp3mp
Ezek 20:23	בָּ/אֲרָצֽוֹת	b/776	HRd/Ncbpa
Ezek 20:24	יַ֜עַן	3282	HC
Ezek 20:24	מִשְׁפָּטַ֤/י	4941	HNcmpc/Sp1cs
Ezek 20:24	לֹֽא	3808	HTn
Ezek 20:24	עָשׂוּ֙	6213 a	HVqp3cp
Ezek 20:24	וְ/חֻקּוֹתַ֣/י	c/2708	HC/Ncbpc/Sp1cs
Ezek 20:24	מָאָ֔סוּ	3988 a	HVqp3cp
Ezek 20:24	וְ/אֶת	c/853	HC/To
Ezek 20:24	שַׁבְּתוֹתַ֖/י	7676	HNcbpc/Sp1cs
Ezek 20:24	חִלֵּ֑לוּ	2490 c	HVpp3cp
Ezek 20:24	וְ/אַחֲרֵי֙	c/310 a	HC/R
Ezek 20:24	גִּלּוּלֵ֣י	1544	HNcmpc
Ezek 20:24	אֲבוֹתָ֔/ם	1	HNcmpc/Sp3mp
Ezek 20:24	הָי֖וּ	1961	HVqp3cp
Ezek 20:24	עֵינֵי/הֶֽם	5869 a	HNcbdc/Sp3mp
Ezek 20:25	וְ/גַם	c/1571	HC/Ta
Ezek 20:25	אֲנִי֙	589	HPp1cs
Ezek 20:25	נָתַ֣תִּי	5414	HVqp1cs
Ezek 20:25	לָ/הֶ֔ם	l	HR/Sp3mp
Ezek 20:25	חֻקִּ֖ים	2706	HNcmpa
Ezek 20:25	לֹ֣א	3808	HTn
Ezek 20:25	טוֹבִ֑ים	2896 a	HAampa
Ezek 20:25	וּ/מִ֨שְׁפָּטִ֔ים	c/4941	HC/Ncmpa
Ezek 20:25	לֹ֥א	3808	HTn
Ezek 20:25	יִֽחְי֖וּ	2421	HVqi3mp
Ezek 20:25	בָּ/הֶֽם	b	HR/Sp3mp
Ezek 20:26	וָ/אֲטַמֵּ֤א	c/2930 a	HC/Vpw1cs
Ezek 20:26	אוֹתָ/ם֙	853	HTo/Sp3mp
Ezek 20:26	בְּ/מַתְּנוֹתָ֔/ם	b/4979	HR/Ncfpc/Sp3mp
Ezek 20:26	בְּ/הַעֲבִ֖יר	b/5674 a	HR/Vhc
Ezek 20:26	כָּל	3605	HNcmsc
Ezek 20:26	פֶּ֣טֶר	6363 a	HNcmsc
Ezek 20:26	רָ֑חַם	7356 a	HNcbsa
Ezek 20:26	לְמַ֣עַן	4616	HR
Ezek 20:26	אֲשִׁמֵּ֔/ם	8074	HVhi1cs/Sp3mp
Ezek 20:26	לְמַ֨עַן֙	4616	HR
Ezek 20:26	אֲשֶׁ֣ר	834 a	HTr
Ezek 20:26	יֵֽדְע֔וּ	3045	HVqi3mp
Ezek 20:26	אֲשֶׁ֖ר	834 a	HTr
Ezek 20:26	אֲנִ֥י	589	HPp1cs
Ezek 20:26	יְהוָֽה	3068	HNp
Ezek 20:27	לָ/כֵ֞ן	l/3651 c	HR/D
Ezek 20:27	דַּבֵּ֨ר	1696	HVpv2ms
Ezek 20:27	אֶל	413	HR
Ezek 20:27	בֵּ֤ית	1004 b	HNcmsc
Ezek 20:27	יִשְׂרָאֵל֙	3478	HNp
Ezek 20:27	בֶּן	1121 a	HNcmsc
Ezek 20:27	אָדָ֔ם	120	HNcmsa
Ezek 20:27	וְ/אָמַרְתָּ֣	c/559	HC/Vqq2ms
Ezek 20:27	אֲלֵי/הֶ֔ם	413	HR/Sp3mp
Ezek 20:27	כֹּ֥ה	3541	HD
Ezek 20:27	אָמַ֖ר	559	HVqp3ms
Ezek 20:27	אֲדֹנָ֣/י	136	HNcmpc/Sp1cs
Ezek 20:27	יְהוִ֑ה	3069	HNp
Ezek 20:27	ע֗וֹד	5750	HD
Ezek 20:27	זֹ֚את	2063	HPdxfs
Ezek 20:27	גִּדְּפ֤וּ	1442	HVpp3cp
Ezek 20:27	אוֹתִ/י֙	853	HTo/Sp1cs
Ezek 20:27	אֲב֣וֹתֵי/כֶ֔ם	1	HNcmpc/Sp2mp
Ezek 20:27	בְּ/מַעֲלָ֥/ם	b/4603	HR/Vqc/Sp3mp
Ezek 20:27	בִּ֖/י	b	HR/Sp1cs
Ezek 20:27	מָֽעַל	4604	HNcmsa
Ezek 20:28	וָ/אֲבִיאֵ/ם֙	c/935	HC/Vhw1cs/Sp3mp
Ezek 20:28	אֶל	413	HR
Ezek 20:28	הָ/אָ֔רֶץ	d/776	HTd/Ncbsa
Ezek 20:28	אֲשֶׁ֤ר	834 a	HTr
Ezek 20:28	נָשָׂ֨אתִי֙	5375	HVqp1cs
Ezek 20:28	אֶת	853	HTo
Ezek 20:28	יָדִ֔/י	3027	HNcbsc/Sp1cs
Ezek 20:28	לָ/תֵ֥ת	l/5414	HR/Vqc
Ezek 20:28	אוֹתָ֖/הּ	853	HTo/Sp3fs
Ezek 20:28	לָ/הֶ֑ם	l	HR/Sp3mp
Ezek 20:28	וַ/יִּרְאוּ֩	c/7200	HC/Vqw3mp
Ezek 20:28	כָל	3605	HNcmsc
Ezek 20:28	גִּבְעָ֨ה	1389	HNcfsa
Ezek 20:28	רָמָ֜ה	7311 a	HVqrfsa
Ezek 20:28	וְ/כָל	c/3605	HC/Ncmsc
Ezek 20:28	עֵ֣ץ	6086	HNcmsa
Ezek 20:28	עָבֹ֗ת	5687	HAamsa
Ezek 20:28	וַ/יִּזְבְּחוּ	c/2076	HC/Vqw3mp
Ezek 20:28	שָׁ֤ם	8033	HD
Ezek 20:28	אֶת	853	HTo
Ezek 20:28	זִבְחֵי/הֶם֙	2077	HNcmpc/Sp3mp
Ezek 20:28	וַ/יִּתְּנוּ	c/5414	HC/Vqw3mp
Ezek 20:28	שָׁם֙	8033	HD
Ezek 20:28	כַּ֣עַס	3708 a	HNcmsc
Ezek 20:28	קָרְבָּנָ֔/ם	7133 a	HNcmsc/Sp3mp
Ezek 20:28	וַ/יָּשִׂ֣ימוּ	c/7760 a	HC/Vqw3mp
Ezek 20:28	שָׁ֗ם	8033	HD
Ezek 20:28	רֵ֚יחַ	7381	HNcmsc
Ezek 20:28	נִיח֣וֹחֵי/הֶ֔ם	5207	HNcmpc/Sp3mp
Ezek 20:28	וַ/יַּסִּ֥יכוּ	c/5258 a	HC/Vhw3mp
Ezek 20:28	שָׁ֖ם	8033	HD
Ezek 20:28	אֶת	853	HTo
Ezek 20:28	נִסְכֵּי/הֶֽם	5262	HNcmpc/Sp3mp
Ezek 20:29	וָ/אֹמַ֣ר	c/559	HC/Vqw1cs
Ezek 20:29	אֲלֵ/הֶ֔ם	413	HR/Sp3mp
Ezek 20:29	מָ֣ה	4100	HTi
Ezek 20:29	הַ/בָּמָ֔ה	d/1116	HTd/Ncfsa
Ezek 20:29	אֲשֶׁר	834 a	HTr
Ezek 20:29	אַתֶּ֥ם	859 d	HPp2mp
Ezek 20:29	הַ/בָּאִ֖ים	d/935	HTd/Vqrmpa
Ezek 20:29	שָׁ֑ם	8033	HD
Ezek 20:29	וַ/יִּקָּרֵ֤א	c/7121	HC/VNw3ms
Ezek 20:29	שְׁמָ/הּ֙	8034	HNcmsc/Sp3fs
Ezek 20:29	בָּמָ֔ה	1117	HNp
Ezek 20:29	עַ֖ד	5704	HR
Ezek 20:29	הַ/יּ֥וֹם	d/3117	HTd/Ncmsa
Ezek 20:29	הַ/זֶּֽה	d/2088	HTd/Pdxms
Ezek 20:30	לָ/כֵ֞ן	l/3651 c	HR/D
Ezek 20:30	אֱמֹ֣ר	559	HVqv2ms
Ezek 20:30	אֶל	413	HR
Ezek 20:30	בֵּ֣ית	1004 b	HNcmsc
Ezek 20:30	יִשְׂרָאֵ֗ל	3478	HNp
Ezek 20:30	כֹּ֤ה	3541	HD
Ezek 20:30	אָמַר֙	559	HVqp3ms
Ezek 20:30	אֲדֹנָ֣/י	136	HNcmpc/Sp1cs
Ezek 20:30	יְהוִ֔ה	3069	HNp
Ezek 20:30	הַ/בְּ/דֶ֥רֶךְ	d/b/1870	HTi/R/Ncbsc
Ezek 20:30	אֲבֽוֹתֵי/כֶ֖ם	1	HNcmpc/Sp2mp
Ezek 20:30	אַתֶּ֣ם	859 d	HPp2mp
Ezek 20:30	נִטְמְאִ֑ים	2930 a	HVNsmpa
Ezek 20:30	וְ/אַחֲרֵ֥י	c/310 a	HC/R
Ezek 20:30	שִׁקּוּצֵי/הֶ֖ם	8251	HNcmpc/Sp3mp
Ezek 20:30	אַתֶּ֥ם	859 d	HPp2mp
Ezek 20:30	זֹנִֽים	2181	HVqrmpa
Ezek 20:31	וּ/בִ/שְׂאֵ֣ת	c/b/5375	HC/R/Vqc
Ezek 20:31	מַתְּנֹֽתֵי/כֶ֡ם	4979	HNcfpc/Sp2mp
Ezek 20:31	בְּֽ/הַעֲבִיר֩	b/5674 a	HR/Vhc
Ezek 20:31	בְּנֵי/כֶ֨ם	1121 a	HNcmpc/Sp2mp
Ezek 20:31	בָּ/אֵ֜שׁ	b/784	HRd/Ncbsa
Ezek 20:31	אַתֶּם֩	859 d	HPp2mp
Ezek 20:31	נִטְמְאִ֤֨ים	2930 a	HVNsmpa
Ezek 20:31	לְ/כָל	l/3605	HR/Ncmsc
Ezek 20:31	גִּלּֽוּלֵי/כֶם֙	1544	HNcmpc/Sp2mp
Ezek 20:31	עַד	5704	HR
Ezek 20:31	הַ/יּ֔וֹם	d/3117	HTd/Ncmsa
Ezek 20:31	וַ/אֲנִ֛י	c/589	HC/Pp1cs
Ezek 20:31	אִדָּרֵ֥שׁ	1875	HVNi1cs
Ezek 20:31	לָ/כֶ֖ם	l	HR/Sp2mp
Ezek 20:31	בֵּ֣ית	1004 b	HNcmsc
Ezek 20:31	יִשְׂרָאֵ֑ל	3478	HNp
Ezek 20:31	חַי	2416 a	HAamsa
Ezek 20:31	אָ֗נִי	589	HPp1cs
Ezek 20:31	נְאֻם֙	5002	HNcmsc
Ezek 20:31	אֲדֹנָ֣/י	136	HNcmpc/Sp1cs
Ezek 20:31	יְהוִ֔ה	3069	HNp
Ezek 20:31	אִם	518 a	HC
Ezek 20:31	אִדָּרֵ֖שׁ	1875	HVNi1cs
Ezek 20:31	לָ/כֶֽם	l	HR/Sp2mp
Ezek 20:32	וְ/הָֽ/עֹלָה֙	c/d/5927	HC/Td/Vqrfsa
Ezek 20:32	עַל	5921 a	HR
Ezek 20:32	ר֣וּחֲ/כֶ֔ם	7307	HNcbsc/Sp2mp
Ezek 20:32	הָי֖וֹ	1961	HVqa
Ezek 20:32	לֹ֣א	3808	HTn
Ezek 20:32	תִֽהְיֶ֑ה	1961	HVqi3fs
Ezek 20:32	אֲשֶׁ֣ר	834 a	HTr
Ezek 20:32	אַתֶּ֣ם	859 d	HPp2mp
Ezek 20:32	אֹמְרִ֗ים	559	HVqrmpa
Ezek 20:32	נִֽהְיֶ֤ה	1961	HVqi1cp
Ezek 20:32	כַ/גּוֹיִם֙	k/1471 a	HRd/Ncmpa
Ezek 20:32	כְּ/מִשְׁפְּח֣וֹת	k/4940	HR/Ncfpc
Ezek 20:32	הָ/אֲרָצ֔וֹת	d/776	HTd/Ncbpa
Ezek 20:32	לְ/שָׁרֵ֖ת	l/8334	HR/Vpc
Ezek 20:32	עֵ֥ץ	6086	HNcmsa
Ezek 20:32	וָ/אָֽבֶן	c/68	HC/Ncfsa
Ezek 20:33	חַי	2416 a	HAamsa
Ezek 20:33	אָ֕נִי	589	HPp1cs
Ezek 20:33	נְאֻ֖ם	5002	HNcmsc
Ezek 20:33	אֲדֹנָ֣/י	136	HNcmpc/Sp1cs
Ezek 20:33	יְהוִ֑ה	3069	HNp
Ezek 20:33	אִם	518 a	HC
Ezek 20:33	לֹ֠א	3808	HTn
Ezek 20:33	בְּ/יָ֨ד	b/3027	HR/Ncbsa
Ezek 20:33	חֲזָקָ֜ה	2389	HAafsa
Ezek 20:33	וּ/בִ/זְר֧וֹעַ	c/b/2220	HC/R/Ncbsa
Ezek 20:33	נְטוּיָ֛ה	5186	HVqsfsa
Ezek 20:33	וּ/בְ/חֵמָ֥ה	c/b/2534	HC/R/Ncfsa
Ezek 20:33	שְׁפוּכָ֖ה	8210	HVqsfsa
Ezek 20:33	אֶמְל֥וֹךְ	4427 a	HVqi1cs
Ezek 20:33	עֲלֵי/כֶֽם	5921 a	HR/Sp2mp
Ezek 20:34	וְ/הוֹצֵאתִ֤י	c/3318	HC/Vhq1cs
Ezek 20:34	אֶתְ/כֶם֙	853	HTo/Sp2mp
Ezek 20:34	מִן	4480 a	HR
Ezek 20:34	הָ֣/עַמִּ֔ים	d/5971 a	HTd/Ncmpa
Ezek 20:34	וְ/קִבַּצְתִּ֣י	c/6908	HC/Vpq1cs
Ezek 20:34	אֶתְ/כֶ֔ם	853	HTo/Sp2mp
Ezek 20:34	מִן	4480 a	HR
Ezek 20:34	הָ֣/אֲרָצ֔וֹת	d/776	HTd/Ncbpa
Ezek 20:34	אֲשֶׁ֥ר	834 a	HTr
Ezek 20:34	נְפוֹצֹתֶ֖ם	6327 a	HVNp2mp
Ezek 20:34	בָּ֑/ם	b	HR/Sp3mp
Ezek 20:34	בְּ/יָ֤ד	b/3027	HR/Ncbsa
Ezek 20:34	חֲזָקָה֙	2389	HAafsa
Ezek 20:34	וּ/בִ/זְר֣וֹעַ	c/b/2220	HC/R/Ncbsa
Ezek 20:34	נְטוּיָ֔ה	5186	HVqsfsa
Ezek 20:34	וּ/בְ/חֵמָ֖ה	c/b/2534	HC/R/Ncfsa
Ezek 20:34	שְׁפוּכָֽה	8210	HVqsfsa
Ezek 20:35	וְ/הֵבֵאתִ֣י	c/935	HC/Vhq1cs
Ezek 20:35	אֶתְ/כֶ֔ם	853	HTo/Sp2mp
Ezek 20:35	אֶל	413	HR
Ezek 20:35	מִדְבַּ֖ר	4057 b	HNcmsc
Ezek 20:35	הָֽ/עַמִּ֑ים	d/5971 a	HTd/Ncmpa
Ezek 20:35	וְ/נִשְׁפַּטְתִּ֤י	c/8199	HC/VNq1cs
Ezek 20:35	אִתְּ/כֶם֙	854	HR/Sp2mp
Ezek 20:35	שָׁ֔ם	8033	HD
Ezek 20:35	פָּנִ֖ים	6440	HNcbpa
Ezek 20:35	אֶל	413	HR
Ezek 20:35	פָּנִֽים	6440	HNcbpa
Ezek 20:36	כַּ/אֲשֶׁ֤ר	k/834 d	HR/Tr
Ezek 20:36	נִשְׁפַּ֨טְתִּי֙	8199	HVNp1cs
Ezek 20:36	אֶת	854	HR
Ezek 20:36	אֲב֣וֹתֵי/כֶ֔ם	1	HNcmpc/Sp2mp
Ezek 20:36	בְּ/מִדְבַּ֖ר	b/4057 b	HR/Ncmsc
Ezek 20:36	אֶ֣רֶץ	776	HNcbsc
Ezek 20:36	מִצְרָ֑יִם	4714	HNp
Ezek 20:36	כֵּ֚ן	3651 c	HTm
Ezek 20:36	אִשָּׁפֵ֣ט	8199	HVNi1cs
Ezek 20:36	אִתְּ/כֶ֔ם	854	HR/Sp2mp
Ezek 20:36	נְאֻ֖ם	5002	HNcmsc
Ezek 20:36	אֲדֹנָ֥/י	136	HNcmpc/Sp1cs
Ezek 20:36	יְהוִֽה	3069	HNp
Ezek 20:37	וְ/הַעֲבַרְתִּ֥י	c/5674 a	HC/Vhq1cs
Ezek 20:37	אֶתְ/כֶ֖ם	853	HTo/Sp2mp
Ezek 20:37	תַּ֣חַת	8478	HR
Ezek 20:37	הַ/שָּׁ֑בֶט	d/7626	HTd/Ncmsa
Ezek 20:37	וְ/הֵבֵאתִ֥י	c/935	HC/Vhq1cs
Ezek 20:37	אֶתְ/כֶ֖ם	853	HTo/Sp2mp
Ezek 20:37	בְּ/מָסֹ֥רֶת	b/4562	HR/Ncfsc
Ezek 20:37	הַ/בְּרִֽית	d/1285	HTd/Ncfsa
Ezek 20:38	וּ/בָרוֹתִ֣י	c/1305	HC/Vqq1cs
Ezek 20:38	מִ/כֶּ֗ם	m/4480 a	HR/Sp2mp
Ezek 20:38	הַ/מֹּרְדִ֤ים	d/4775	HTd/Vqrmpa
Ezek 20:38	וְ/הַ/פּֽוֹשְׁעִים֙	c/d/6586	HC/Td/Vqrmpa
Ezek 20:38	בִּ֔/י	b	HR/Sp1cs
Ezek 20:38	מֵ/אֶ֤רֶץ	m/776	HR/Ncbsc
Ezek 20:38	מְגֽוּרֵי/הֶם֙	4033	HNcmpc/Sp3mp
Ezek 20:38	אוֹצִ֣יא	3318	HVhi1cs
Ezek 20:38	אוֹתָ֔/ם	853	HTo/Sp3mp
Ezek 20:38	וְ/אֶל	c/413	HC/R
Ezek 20:38	אַדְמַ֥ת	127	HNcfsc
Ezek 20:38	יִשְׂרָאֵ֖ל	3478	HNp
Ezek 20:38	לֹ֣א	3808	HTn
Ezek 20:38	יָב֑וֹא	935	HVqi3ms
Ezek 20:38	וִֽ/ידַעְתֶּ֖ם	c/3045	HC/Vqq2mp
Ezek 20:38	כִּי	3588 a	HC
Ezek 20:38	אֲנִ֥י	589	HPp1cs
Ezek 20:38	יְהוָֽה	3068	HNp
Ezek 20:39	וְ/אַתֶּ֨ם	c/859 d	HC/Pp2mp
Ezek 20:39	בֵּֽית	1004 b	HNcmsc
Ezek 20:39	יִשְׂרָאֵ֜ל	3478	HNp
Ezek 20:39	כֹּֽה	3541	HD
Ezek 20:39	אָמַ֣ר	559	HVqp3ms
Ezek 20:39	אֲדֹנָ֣/י	136	HNcmpc/Sp1cs
Ezek 20:39	יְהֹוִ֗ה	3069	HNp
Ezek 20:39	אִ֤ישׁ	376	HNcmsa
Ezek 20:39	גִּלּוּלָי/ו֙	1544	HNcmpc/Sp3ms
Ezek 20:39	לְכ֣וּ	3212	HVqv2mp
Ezek 20:39	עֲבֹ֔דוּ	5647	HVqv2mp
Ezek 20:39	וְ/אַחַ֕ר	c/310 a	HC/D
Ezek 20:39	אִם	518 a	HC
Ezek 20:39	אֵינְ/כֶ֖ם	369	HTn/Sp2mp
Ezek 20:39	שֹׁמְעִ֣ים	8085	HVqrmpa
Ezek 20:39	אֵלָ֑/י	413	HR/Sp1cs
Ezek 20:39	וְ/אֶת	c/853	HC/To
Ezek 20:39	שֵׁ֤ם	8034	HNcmsc
Ezek 20:39	קָדְשִׁ/י֙	6944	HNcmsc/Sp1cs
Ezek 20:39	לֹ֣א	3808	HTn
Ezek 20:39	תְחַלְּלוּ	2490 c	HVpi2mp
Ezek 20:39	ע֔וֹד	5750	HD
Ezek 20:39	בְּ/מַתְּנֽוֹתֵי/כֶ֖ם	b/4979	HR/Ncfpc/Sp2mp
Ezek 20:39	וּ/בְ/גִלּוּלֵי/כֶֽם	c/b/1544	HC/R/Ncmpc/Sp2mp
Ezek 20:40	כִּ֣י	3588 a	HC
Ezek 20:40	בְ/הַר	b/2022	HR/Ncmsc
Ezek 20:40	קָדְשִׁ֞/י	6944	HNcmsc/Sp1cs
Ezek 20:40	בְּ/הַ֣ר	b/2022	HR/Ncmsc
Ezek 20:40	מְר֣וֹם	4791	HNcmsc
Ezek 20:40	יִשְׂרָאֵ֗ל	3478	HNp
Ezek 20:40	נְאֻם֙	5002	HNcmsc
Ezek 20:40	אֲדֹנָ֣/י	136	HNcmpc/Sp1cs
Ezek 20:40	יְהוִ֔ה	3069	HNp
Ezek 20:40	שָׁ֣ם	8033	HD
Ezek 20:40	יַעַבְדֻ֜/נִי	5647	HVqi3mp/Sp1cs
Ezek 20:40	כָּל	3605	HNcmsc
Ezek 20:40	בֵּ֧ית	1004 b	HNcmsc
Ezek 20:40	יִשְׂרָאֵ֛ל	3478	HNp
Ezek 20:40	כֻּלֹּ֖/ה	3605	HNcmsc/Sp3ms
Ezek 20:40	בָּ/אָ֑רֶץ	b/776	HRd/Ncbsa
Ezek 20:40	שָׁ֣ם	8033	HD
Ezek 20:40	אֶרְצֵ֔/ם	7521	HVqi1cs/Sp3mp
Ezek 20:40	וְ/שָׁ֞ם	c/8033	HC/D
Ezek 20:40	אֶדְר֣וֹשׁ	1875	HVqi1cs
Ezek 20:40	אֶת	853	HTo
Ezek 20:40	תְּרוּמֹֽתֵי/כֶ֗ם	8641	HNcfpc/Sp2mp
Ezek 20:40	וְ/אֶת	c/853	HC/To
Ezek 20:40	רֵאשִׁ֛ית	7225	HNcfsc
Ezek 20:40	מַשְׂאוֹתֵי/כֶ֖ם	4864	HNcfpc/Sp2mp
Ezek 20:40	בְּ/כָל	b/3605	HR/Ncmsc
Ezek 20:40	קָדְשֵׁי/כֶֽם	6944	HNcmpc/Sp2mp
Ezek 20:41	בְּ/רֵ֣יחַ	b/7381	HR/Ncmsc
Ezek 20:41	נִיחֹחַ֮	5207	HNcmsa
Ezek 20:41	אֶרְצֶ֣ה	7521	HVqi1cs
Ezek 20:41	אֶתְ/כֶם֒	853	HTo/Sp2mp
Ezek 20:41	בְּ/הוֹצִיאִ֤/י	b/3318	HR/Vhc/Sp1cs
Ezek 20:41	אֶתְ/כֶם֙	853	HTo/Sp2mp
Ezek 20:41	מִן	4480 a	HR
Ezek 20:41	הָ֣/עַמִּ֔ים	d/5971 a	HTd/Ncmpa
Ezek 20:41	וְ/קִבַּצְתִּ֣י	c/6908	HC/Vpq1cs
Ezek 20:41	אֶתְ/כֶ֔ם	853	HTo/Sp2mp
Ezek 20:41	מִן	4480 a	HR
Ezek 20:41	הָ֣/אֲרָצ֔וֹת	d/776	HTd/Ncbpa
Ezek 20:41	אֲשֶׁ֥ר	834 a	HTr
Ezek 20:41	נְפֹצֹתֶ֖ם	6327 a	HVNp2mp
Ezek 20:41	בָּ֑/ם	b	HR/Sp3mp
Ezek 20:41	וְ/נִקְדַּשְׁתִּ֥י	c/6942	HC/VNq1cs
Ezek 20:41	בָ/כֶ֖ם	b	HR/Sp2mp
Ezek 20:41	לְ/עֵינֵ֥י	l/5869 a	HR/Ncbdc
Ezek 20:41	הַ/גּוֹיִֽם	d/1471 a	HTd/Ncmpa
Ezek 20:42	וִֽ/ידַעְתֶּם֙	c/3045	HC/Vqq2mp
Ezek 20:42	כִּֽי	3588 a	HC
Ezek 20:42	אֲנִ֣י	589	HPp1cs
Ezek 20:42	יְהוָ֔ה	3068	HNp
Ezek 20:42	בַּ/הֲבִיאִ֥/י	b/935	HR/Vhc/Sp1cs
Ezek 20:42	אֶתְ/כֶ֖ם	853	HTo/Sp2mp
Ezek 20:42	אֶל	413	HR
Ezek 20:42	אַדְמַ֣ת	127	HNcfsc
Ezek 20:42	יִשְׂרָאֵ֑ל	3478	HNp
Ezek 20:42	אֶל	413	HR
Ezek 20:42	הָ/אָ֗רֶץ	d/776	HTd/Ncbsa
Ezek 20:42	אֲשֶׁ֤ר	834 a	HTr
Ezek 20:42	נָשָׂ֨אתִי֙	5375	HVqp1cs
Ezek 20:42	אֶת	853	HTo
Ezek 20:42	יָדִ֔/י	3027	HNcbsc/Sp1cs
Ezek 20:42	לָ/תֵ֥ת	l/5414	HR/Vqc
Ezek 20:42	אוֹתָ֖/הּ	853	HTo/Sp3fs
Ezek 20:42	לַ/אֲבֽוֹתֵי/כֶֽם	l/1	HR/Ncmpc/Sp2mp
Ezek 20:43	וּ/זְכַרְתֶּם	c/2142	HC/Vqq2mp
Ezek 20:43	שָׁ֗ם	8033	HD
Ezek 20:43	אֶת	853	HTo
Ezek 20:43	דַּרְכֵי/כֶם֙	1870	HNcbpc/Sp2mp
Ezek 20:43	וְ/אֵת֙	c/853	HC/To
Ezek 20:43	כָּל	3605	HNcmsc
Ezek 20:43	עֲלִיל֣וֹתֵי/כֶ֔ם	5949	HNcfpc/Sp2mp
Ezek 20:43	אֲשֶׁ֥ר	834 a	HTr
Ezek 20:43	נִטְמֵאתֶ֖ם	2930 a	HVNp2mp
Ezek 20:43	בָּ֑/ם	b	HR/Sp3mp
Ezek 20:43	וּ/נְקֹֽטֹתֶם֙	c/6962	HC/VNq2mp
Ezek 20:43	בִּ/פְנֵי/כֶ֔ם	b/6440	HR/Ncbpc/Sp2mp
Ezek 20:43	בְּ/כָל	b/3605	HR/Ncmsc
Ezek 20:43	רָעוֹתֵי/כֶ֖ם	7451 c	HNcfpc/Sp2mp
Ezek 20:43	אֲשֶׁ֥ר	834 a	HTr
Ezek 20:43	עֲשִׂיתֶֽם	6213 a	HVqp2mp
Ezek 20:44	וִֽ/ידַעְתֶּם֙	c/3045	HC/Vqq2mp
Ezek 20:44	כִּֽי	3588 a	HC
Ezek 20:44	אֲנִ֣י	589	HPp1cs
Ezek 20:44	יְהוָ֔ה	3068	HNp
Ezek 20:44	בַּ/עֲשׂוֹתִ֥/י	b/6213 a	HR/Vqc/Sp1cs
Ezek 20:44	אִתְּ/כֶ֖ם	854	HR/Sp2mp
Ezek 20:44	לְמַ֣עַן	4616	HR
Ezek 20:44	שְׁמִ֑/י	8034	HNcmsc/Sp1cs
Ezek 20:44	לֹא֩	3808	HTn
Ezek 20:44	כְ/דַרְכֵי/כֶ֨ם	k/1870	HR/Ncbpc/Sp2mp
Ezek 20:44	הָ/רָעִ֜ים	d/7451 a	HTd/Aampa
Ezek 20:44	וְ/כַ/עֲלִילֽוֹתֵי/כֶ֤ם	c/k/5949	HC/R/Ncfpc/Sp2mp
Ezek 20:44	הַ/נִּשְׁחָתוֹת֙	d/7843	HTd/VNsfpa
Ezek 20:44	בֵּ֣ית	1004 b	HNcmsc
Ezek 20:44	יִשְׂרָאֵ֔ל	3478	HNp
Ezek 20:44	נְאֻ֖ם	5002	HNcmsc
Ezek 20:44	אֲדֹנָ֥/י	136	HNcmpc/Sp1cs
Ezek 20:44	יְהוִֽה	3069	HNp
Ezek 21:1	וַ/יְהִ֥י	c/1961	HC/Vqw3ms
Ezek 21:1	דְבַר	1697	HNcmsc
Ezek 21:1	יְהוָ֖ה	3068	HNp
Ezek 21:1	אֵלַ֥/י	413	HR/Sp1cs
Ezek 21:1	לֵ/אמֹֽר	l/559	HR/Vqc
Ezek 21:2	בֶּן	1121 a	HNcmsc
Ezek 21:2	אָדָ֗ם	120	HNcmsa
Ezek 21:2	שִׂ֤ים	7760 a	HVqv2ms
Ezek 21:2	פָּנֶ֨י/ךָ֙	6440	HNcbpc/Sp2ms
Ezek 21:2	דֶּ֣רֶךְ	1870	HNcbsc
Ezek 21:2	תֵּימָ֔נָ/ה	8486	HNcfsa/Sd
Ezek 21:2	וְ/הַטֵּ֖ף	c/5197	HC/Vhv2ms
Ezek 21:2	אֶל	413	HR
Ezek 21:2	דָּר֑וֹם	1864	HNcmsa
Ezek 21:2	וְ/הִנָּבֵ֛א	c/5012	HC/VNv2ms
Ezek 21:2	אֶל	413	HR
Ezek 21:2	יַ֥עַר	3293 a	HNcmsc
Ezek 21:2	הַ/שָּׂדֶ֖ה	d/7704 b	HTd/Ncmsa
Ezek 21:2	נֶֽגֶב	5045	HNp
Ezek 21:3	וְ/אָֽמַרְתָּ֙	c/559	HC/Vqp2ms
Ezek 21:3	לְ/יַ֣עַר	l/3293 a	HR/Ncmsc
Ezek 21:3	הַ/נֶּ֔גֶב	d/5045	HTd/Ncmsa
Ezek 21:3	שְׁמַ֖ע	8085	HVqv2ms
Ezek 21:3	דְּבַר	1697	HNcmsc
Ezek 21:3	יְהוָ֑ה	3068	HNp
Ezek 21:3	כֹּֽה	3541	HD
Ezek 21:3	אָמַ֣ר	559	HVqp3ms
Ezek 21:3	אֲדֹנָ֣/י	136	HNcmpc/Sp1cs
Ezek 21:3	יְהוִ֡ה	3069	HNp
Ezek 21:3	הִנְ/נִ֣י	2005	HTm/Sp1cs
Ezek 21:3	מַֽצִּית	3341	HVhrmsa
Ezek 21:3	בְּ/ךָ֣	b	HR/Sp2ms
Ezek 21:3	אֵ֡שׁ	784	HNcbsa
Ezek 21:3	וְ/אָכְלָ֣ה	c/398	HC/Vqq3fs
Ezek 21:3	בְ/ךָ֣	b	HR/Sp2ms
Ezek 21:3	כָל	3605	HNcmsc
Ezek 21:3	עֵֽץ	6086	HNcmsa
Ezek 21:3	לַח֩	3892	HAamsa
Ezek 21:3	וְ/כָל	c/3605	HC/Ncmsc
Ezek 21:3	עֵ֨ץ	6086	HNcmsa
Ezek 21:3	יָבֵ֤שׁ	3002	HAamsa
Ezek 21:3	לֹֽא	3808	HTn
Ezek 21:3	תִכְבֶּה֙	3518	HVqi3fs
Ezek 21:3	לַהֶ֣בֶת	3852	HNcfsc
Ezek 21:3	שַׁלְהֶ֔בֶת	7957	HNcfsa
Ezek 21:3	וְ/נִצְרְבוּ	c/6866	HC/VNq3cp
Ezek 21:3	בָ֥/הּ	b	HR/Sp3fs
Ezek 21:3	כָּל	3605	HNcmsc
Ezek 21:3	פָּנִ֖ים	6440	HNcbpa
Ezek 21:3	מִ/נֶּ֥גֶב	m/5045	HR/Ncmsa
Ezek 21:3	צָפֽוֹנָ/ה	6828	HNcfsa/Sd
Ezek 21:4	וְ/רָאוּ֙	c/7200	HC/Vqq3cp
Ezek 21:4	כָּל	3605	HNcmsc
Ezek 21:4	בָּשָׂ֔ר	1320	HNcmsa
Ezek 21:4	כִּ֛י	3588 a	HC
Ezek 21:4	אֲנִ֥י	589	HPp1cs
Ezek 21:4	יְהוָ֖ה	3068	HNp
Ezek 21:4	בִּֽעַרְתִּ֑י/הָ	1197 a	HVpp1cs/Sp3fs
Ezek 21:4	לֹ֖א	3808	HTn
Ezek 21:4	תִּכְבֶּֽה	3518	HVqi3fs
Ezek 21:5	וָ/אֹמַ֕ר	c/559	HC/Vqw1cs
Ezek 21:5	אֲהָ֖הּ	162	HTj
Ezek 21:5	אֲדֹנָ֣/י	136	HNcmpc/Sp1cs
Ezek 21:5	יְהוִ֑ה	3069	HNp
Ezek 21:5	הֵ֚מָּה	1992	HPp3mp
Ezek 21:5	אֹמְרִ֣ים	559	HVqrmpa
Ezek 21:5	לִ֔/י	l	HR/Sp1cs
Ezek 21:5	הֲ/לֹ֛א	i/3808	HTi/Tn
Ezek 21:5	מְמַשֵּׁ֥ל	4911 b	HVprmsa
Ezek 21:5	מְשָׁלִ֖ים	4912	HNcmpa
Ezek 21:5	הֽוּא	1931	HPp3ms
Ezek 21:6	וַ/יְהִ֥י	c/1961	HC/Vqw3ms
Ezek 21:6	דְבַר	1697	HNcmsc
Ezek 21:6	יְהוָ֖ה	3068	HNp
Ezek 21:6	אֵלַ֥/י	413	HR/Sp1cs
Ezek 21:6	לֵ/אמֹֽר	l/559	HR/Vqc
Ezek 21:7	בֶּן	1121 a	HNcmsc
Ezek 21:7	אָדָ֗ם	120	HNcmsa
Ezek 21:7	שִׂ֤ים	7760 a	HVqv2ms
Ezek 21:7	פָּנֶ֨י/ךָ֙	6440	HNcbpc/Sp2ms
Ezek 21:7	אֶל	413	HR
Ezek 21:7	יְר֣וּשָׁלִַ֔ם	3389	HNp
Ezek 21:7	וְ/הַטֵּ֖ף	c/5197	HC/Vhv2ms
Ezek 21:7	אֶל	413	HR
Ezek 21:7	מִקְדָּשִׁ֑ים	4720	HNcmpa
Ezek 21:7	וְ/הִנָּבֵ֖א	c/5012	HC/VNv2ms
Ezek 21:7	אֶל	413	HR
Ezek 21:7	אַדְמַ֥ת	127	HNcfsc
Ezek 21:7	יִשְׂרָאֵֽל	3478	HNp
Ezek 21:8	וְ/אָמַרְתָּ֞	c/559	HC/Vqq2ms
Ezek 21:8	לְ/אַדְמַ֣ת	l/127	HR/Ncfsc
Ezek 21:8	יִשְׂרָאֵ֗ל	3478	HNp
Ezek 21:8	כֹּ֚ה	3541	HD
Ezek 21:8	אָמַ֣ר	559	HVqp3ms
Ezek 21:8	יְהוָ֔ה	3068	HNp
Ezek 21:8	הִנְ/נִ֣י	2005	HTm/Sp1cs
Ezek 21:8	אֵלַ֔יִ/ךְ	413	HR/Sp2fs
Ezek 21:8	וְ/הוֹצֵאתִ֥י	c/3318	HC/Vhq1cs
Ezek 21:8	חַרְבִּ֖/י	2719	HNcfsc/Sp1cs
Ezek 21:8	מִ/תַּעְרָ֑/הּ	m/8593	HR/Ncbsc/Sp3fs
Ezek 21:8	וְ/הִכְרַתִּ֥י	c/3772	HC/Vhq1cs
Ezek 21:8	מִמֵּ֖/ךְ	4480 a	HR/Sp2fs
Ezek 21:8	צַדִּ֥יק	6662	HAamsa
Ezek 21:8	וְ/רָשָֽׁע	c/7563	HC/Aamsa
Ezek 21:9	יַ֛עַן	3282	HC
Ezek 21:9	אֲשֶׁר	834 a	HTr
Ezek 21:9	הִכְרַ֥תִּי	3772	HVhp1cs
Ezek 21:9	מִמֵּ֖/ךְ	4480 a	HR/Sp2fs
Ezek 21:9	צַדִּ֣יק	6662	HAamsa
Ezek 21:9	וְ/רָשָׁ֑ע	c/7563	HC/Aamsa
Ezek 21:9	לָ֠/כֵן	l/3651 c	HR/D
Ezek 21:9	תֵּצֵ֨א	3318	HVqi3fs
Ezek 21:9	חַרְבִּ֧/י	2719	HNcfsc/Sp1cs
Ezek 21:9	מִ/תַּעְרָ֛/הּ	m/8593	HR/Ncbsc/Sp3fs
Ezek 21:9	אֶל	413	HR
Ezek 21:9	כָּל	3605	HNcmsc
Ezek 21:9	בָּשָׂ֖ר	1320	HNcmsa
Ezek 21:9	מִ/נֶּ֥גֶב	m/5045	HR/Ncmsa
Ezek 21:9	צָפֽוֹן	6828	HNcfsa
Ezek 21:10	וְ/יָֽדְעוּ֙	c/3045	HC/Vqq3cp
Ezek 21:10	כָּל	3605	HNcmsc
Ezek 21:10	בָּשָׂ֔ר	1320	HNcmsa
Ezek 21:10	כִּ֚י	3588 a	HC
Ezek 21:10	אֲנִ֣י	589	HPp1cs
Ezek 21:10	יְהוָ֔ה	3068	HNp
Ezek 21:10	הוֹצֵ֥אתִי	3318	HVhp1cs
Ezek 21:10	חַרְבִּ֖/י	2719	HNcfsc/Sp1cs
Ezek 21:10	מִ/תַּעְרָ֑/הּ	m/8593	HR/Ncbsc/Sp3fs
Ezek 21:10	לֹ֥א	3808	HTn
Ezek 21:10	תָשׁ֖וּב	7725	HVqi3fs
Ezek 21:10	עֽוֹד	5750	HD
Ezek 21:11	וְ/אַתָּ֥ה	c/859 a	HC/Pp2ms
Ezek 21:11	בֶן	1121 a	HNcmsc
Ezek 21:11	אָדָ֖ם	120	HNcmsa
Ezek 21:11	הֵֽאָנַ֑ח	584	HVNv2ms
Ezek 21:11	בְּ/שִׁבְר֤וֹן	b/7670	HR/Ncmsc
Ezek 21:11	מָתְנַ֨יִם֙	4975	HNcmda
Ezek 21:11	וּ/בִ/מְרִיר֔וּת	c/b/4814	HC/R/Ncfsa
Ezek 21:11	תֵּֽאָנַ֖ח	584	HVNi2ms
Ezek 21:11	לְ/עֵינֵי/הֶֽם	l/5869 a	HR/Ncbdc/Sp3mp
Ezek 21:12	וְ/הָיָה֙	c/1961	HC/Vqq3ms
Ezek 21:12	כִּֽי	3588 a	HC
Ezek 21:12	יֹאמְר֣וּ	559	HVqi3mp
Ezek 21:12	אֵלֶ֔י/ךָ	413	HR/Sp2ms
Ezek 21:12	עַל	5921 a	HR
Ezek 21:12	מָ֖ה	4100	HTi
Ezek 21:12	אַתָּ֣ה	859 a	HPp2ms
Ezek 21:12	נֶאֱנָ֑ח	584	HVNrmsa
Ezek 21:12	וְ/אָמַרְתָּ֡	c/559	HC/Vqq2ms
Ezek 21:12	אֶל	413	HR
Ezek 21:12	שְׁמוּעָ֣ה	8052	HNcfsa
Ezek 21:12	כִֽי	3588 a	HC
Ezek 21:12	בָאָ֡ה	935	HVqrfsa
Ezek 21:12	וְ/נָמֵ֣ס	c/4549	HC/VNq3ms
Ezek 21:12	כָּל	3605	HNcmsc
Ezek 21:12	לֵב֩	3820 a	HNcmsa
Ezek 21:12	וְ/רָפ֨וּ	c/7503	HC/Vqq3cp
Ezek 21:12	כָל	3605	HNcmsc
Ezek 21:12	יָדַ֜יִם	3027	HNcbda
Ezek 21:12	וְ/כִהֲתָ֣ה	c/3543 a	HC/Vpq3fs
Ezek 21:12	כָל	3605	HNcmsc
Ezek 21:12	ר֗וּחַ	7307	HNcbsa
Ezek 21:12	וְ/כָל	c/3605	HC/Ncmsc
Ezek 21:12	בִּרְכַּ֨יִם֙	1290	HNcfda
Ezek 21:12	תֵּלַ֣כְנָה	3212	HVqi3fp
Ezek 21:12	מַּ֔יִם	4325	HNcmpa
Ezek 21:12	הִנֵּ֤ה	2009	HTm
Ezek 21:12	בָאָה֙	935	HVqrfsa
Ezek 21:12	וְ/נִֽהְיָ֔תָה	c/1961	HC/VNq3fs
Ezek 21:12	נְאֻ֖ם	5002	HNcmsc
Ezek 21:12	אֲדֹנָ֥/י	136	HNcmpc/Sp1cs
Ezek 21:12	יְהוִֽה	3069	HNp
Ezek 21:13	וַ/יְהִ֥י	c/1961	HC/Vqw3ms
Ezek 21:13	דְבַר	1697	HNcmsc
Ezek 21:13	יְהוָ֖ה	3068	HNp
Ezek 21:13	אֵלַ֥/י	413	HR/Sp1cs
Ezek 21:13	לֵ/אמֹֽר	l/559	HR/Vqc
Ezek 21:14	בֶּן	1121 a	HNcmsc
Ezek 21:14	אָדָ֕ם	120	HNcmsa
Ezek 21:14	הִנָּבֵא֙	5012	HVNv2ms
Ezek 21:14	וְ/אָ֣מַרְתָּ֔	c/559	HC/Vqq2ms
Ezek 21:14	כֹּ֖ה	3541	HD
Ezek 21:14	אָמַ֣ר	559	HVqp3ms
Ezek 21:14	אֲדֹנָ֑/י	136	HNcmpc/Sp1cs
Ezek 21:14	אֱמֹ֕ר	559	HVqv2ms
Ezek 21:14	חֶ֥רֶב	2719	HNcfsa
Ezek 21:14	חֶ֛רֶב	2719	HNcfsa
Ezek 21:14	הוּחַ֖דָּה	2300 a	HVHp3fs
Ezek 21:14	וְ/גַם	c/1571	HC/Ta
Ezek 21:14	מְרוּטָֽה	4803	HVqsfsa
Ezek 21:15	לְמַ֨עַן	4616	HR
Ezek 21:15	טְבֹ֤חַ	2873	HVqc
Ezek 21:15	טֶ֨בַח֙	2874	HNcmsa
Ezek 21:15	הוּחַ֔דָּה	2300 a	HVHp3fs
Ezek 21:15	לְמַעַן	4616	HR
Ezek 21:15	הֱיֵה	1961	HVqv2ms
Ezek 21:15	לָ֥/הּ	l	HR/Sp3fs
Ezek 21:15	בָּ֖רָק	1300 b	HNcmsa
Ezek 21:15	מֹרָ֑טָּה	4803	HVPp3fs
Ezek 21:15	א֣וֹ	176 a	HC
Ezek 21:15	נָשִׂ֔ישׂ	7797	HVqi1cp
Ezek 21:15	שֵׁ֥בֶט	7626	HNcmsc
Ezek 21:15	בְּנִ֖/י	1121 a	HNcmsc/Sp1cs
Ezek 21:15	מֹאֶ֥סֶת	3988 a	HVqrfsc
Ezek 21:15	כָּל	3605	HNcmsc
Ezek 21:15	עֵֽץ	6086	HNcmsa
Ezek 21:16	וַ/יִּתֵּ֥ן	c/5414	HC/Vqw3ms
Ezek 21:16	אֹתָ֛/הּ	853	HTo/Sp3fs
Ezek 21:16	לְ/מָרְטָ֖ה	l/4803	HR/Vqc
Ezek 21:16	לִ/תְפֹּ֣שׂ	l/8610	HR/Vqc
Ezek 21:16	בַּ/כָּ֑ף	b/3709	HRd/Ncfsa
Ezek 21:16	הִֽיא	1931	HPp3fs
Ezek 21:16	הוּחַ֤דָּה	2300 a	HVHp3fs
Ezek 21:16	חֶ֨רֶב֙	2719	HNcfsa
Ezek 21:16	וְ/הִ֣יא	c/1931	HC/Pp3fs
Ezek 21:16	מֹרָ֔טָּה	4803	HVPp3fs
Ezek 21:16	לָ/תֵ֥ת	l/5414	HR/Vqc
Ezek 21:16	אוֹתָ֖/הּ	853	HTo/Sp3fs
Ezek 21:16	בְּ/יַד	b/3027	HR/Ncbsc
Ezek 21:16	הוֹרֵֽג	2026	HVqrmsa
Ezek 21:17	זְעַ֤ק	2199	HVqv2ms
Ezek 21:17	וְ/הֵילֵל֙	c/3213	HC/Vhv2ms
Ezek 21:17	בֶּן	1121 a	HNcmsc
Ezek 21:17	אָדָ֔ם	120	HNcmsa
Ezek 21:17	כִּי	3588 a	HC
Ezek 21:17	הִיא֙	1931	HPp3fs
Ezek 21:17	הָיתָ֣ה	1961	HVqp3fs
Ezek 21:17	בְ/עַמִּ֔/י	b/5971 a	HR/Ncmsc/Sp1cs
Ezek 21:17	הִ֖יא	1931	HPp3fs
Ezek 21:17	בְּ/כָל	b/3605	HR/Ncmsc
Ezek 21:17	נְשִׂיאֵ֣י	5387 a	HNcmpc
Ezek 21:17	יִשְׂרָאֵ֑ל	3478	HNp
Ezek 21:17	מְגוּרֵ֤י	4048	HVqsmpc
Ezek 21:17	אֶל	413	HR
Ezek 21:17	חֶ֨רֶב֙	2719	HNcfsa
Ezek 21:17	הָי֣וּ	1961	HVqp3cp
Ezek 21:17	אֶת	854	HR
Ezek 21:17	עַמִּ֔/י	5971 a	HNcmsc/Sp1cs
Ezek 21:17	לָ/כֵ֖ן	l/3651 c	HR/D
Ezek 21:17	סְפֹ֥ק	5606 a	HVqv2ms
Ezek 21:17	אֶל	413	HR
Ezek 21:17	יָרֵֽךְ	3409	HNcfsa
Ezek 21:18	כִּ֣י	3588 a	HC
Ezek 21:18	בֹ֔חַן	974	HVPp3ms
Ezek 21:18	וּ/מָ֕ה	c/4100	HC/Ti
Ezek 21:18	אִם	518 a	HC
Ezek 21:18	גַּם	1571	HTa
Ezek 21:18	שֵׁ֥בֶט	7626	HNcmsa
Ezek 21:18	מֹאֶ֖סֶת	3988 a	HVqrfsa
Ezek 21:18	לֹ֣א	3808	HTn
Ezek 21:18	יִֽהְיֶ֑ה	1961	HVqi3ms
Ezek 21:18	נְאֻ֖ם	5002	HNcmsc
Ezek 21:18	אֲדֹנָ֥/י	136	HNcmpc/Sp1cs
Ezek 21:18	יְהוִֽה	3069	HNp
Ezek 21:19	וְ/אַתָּ֣ה	c/859 a	HC/Pp2ms
Ezek 21:19	בֶן	1121 a	HNcmsc
Ezek 21:19	אָדָ֔ם	120	HNcmsa
Ezek 21:19	הִנָּבֵ֕א	5012	HVNv2ms
Ezek 21:19	וְ/הַ֖ךְ	c/5221	HC/Vhv2ms
Ezek 21:19	כַּ֣ף	3709	HNcfsa
Ezek 21:19	אֶל	413	HR
Ezek 21:19	כָּ֑ף	3709	HNcfsa
Ezek 21:19	וְ/תִכָּפֵ֞ל	c/3717	HC/VNj3fs
Ezek 21:19	חֶ֤רֶב	2719	HNcfsa
Ezek 21:19	שְׁלִישִׁ֨תָ/ה֙	7992	HAofsa/Sh
Ezek 21:19	חֶ֣רֶב	2719	HNcfsc
Ezek 21:19	חֲלָלִ֔ים	2491 a	HAampa
Ezek 21:19	הִ֗יא	1931	HPp3fs
Ezek 21:19	חֶ֚רֶב	2719	HNcfsc
Ezek 21:19	חָלָ֣ל	2491 a	HAamsa
Ezek 21:19	הַ/גָּד֔וֹל	d/1419 a	HTd/Aamsa
Ezek 21:19	הַ/חֹדֶ֖רֶת	d/2314	HTd/Vqrfsa
Ezek 21:19	לָ/הֶֽם	l	HR/Sp3mp
Ezek 21:20	לְמַ֣עַן	4616	HR
Ezek 21:20	לָ/מ֣וּג	l/4127	HR/Vqc
Ezek 21:20	לֵ֗ב	3820 a	HNcmsa
Ezek 21:20	וְ/הַרְבֵּה֙	c/7235 a	HC/Vha
Ezek 21:20	הַ/מִּכְשֹׁלִ֔ים	d/4383	HTd/Ncmpa
Ezek 21:20	עַ֚ל	5921 a	HR
Ezek 21:20	כָּל	3605	HNcmsc
Ezek 21:20	שַׁ֣עֲרֵי/הֶ֔ם	8179	HNcmpc/Sp3mp
Ezek 21:20	נָתַ֖תִּי	5414	HVqp1cs
Ezek 21:20	אִבְחַת	19	HNcfsc
Ezek 21:20	חָ֑רֶב	2719	HNcfsa
Ezek 21:20	אָ֛ח	253	HTj
Ezek 21:20	עֲשׂוּיָ֥ה	6213 a	HVqsfsa
Ezek 21:20	לְ/בָרָ֖ק	l/1300 b	HR/Ncmsa
Ezek 21:20	מְעֻטָּ֥ה	4593	HAafsa
Ezek 21:20	לְ/טָֽבַח	l/2874	HR/Ncmsa
Ezek 21:21	הִתְאַחֲדִ֥י	258	HVtv2fs
Ezek 21:21	הֵימִ֖נִי	3231	HVhv2fs
Ezek 21:21	הָשִׂ֣ימִי	7760 a	HVhv2fs
Ezek 21:21	הַשְׂמִ֑ילִי	8041	HVhv2fs
Ezek 21:21	אָ֖נָה	575	HD
Ezek 21:21	פָּנַ֥יִ/ךְ	6440	HNcbpc/Sp2fs
Ezek 21:21	מֻעָדֽוֹת	3259	HVHsfpa
Ezek 21:22	וְ/גַם	c/1571	HC/Ta
Ezek 21:22	אֲנִ֗י	589	HPp1cs
Ezek 21:22	אַכֶּ֤ה	5221	HVhi1cs
Ezek 21:22	כַפִּ/י֙	3709	HNcfsc/Sp1cs
Ezek 21:22	אֶל	413	HR
Ezek 21:22	כַּפִּ֔/י	3709	HNcfsc/Sp1cs
Ezek 21:22	וַ/הֲנִחֹתִ֖י	c/5117	HC/Vhq1cs
Ezek 21:22	חֲמָתִ֑/י	2534	HNcfsc/Sp1cs
Ezek 21:22	אֲנִ֥י	589	HPp1cs
Ezek 21:22	יְהוָ֖ה	3068	HNp
Ezek 21:22	דִּבַּֽרְתִּי	1696	HVpp1cs
Ezek 21:23	וַ/יְהִ֥י	c/1961	HC/Vqw3ms
Ezek 21:23	דְבַר	1697	HNcmsc
Ezek 21:23	יְהוָ֖ה	3068	HNp
Ezek 21:23	אֵלַ֥/י	413	HR/Sp1cs
Ezek 21:23	לֵ/אמֹֽר	l/559	HR/Vqc
Ezek 21:24	וְ/אַתָּ֨ה	c/859 a	HC/Pp2ms
Ezek 21:24	בֶן	1121 a	HNcmsc
Ezek 21:24	אָדָ֜ם	120	HNcmsa
Ezek 21:24	שִׂים	7760 a	HVqv2ms
Ezek 21:24	לְ/ךָ֣	l	HR/Sp2ms
Ezek 21:24	שְׁנַ֣יִם	8147	HAcmda
Ezek 21:24	דְּרָכִ֗ים	1870	HNcbpa
Ezek 21:24	לָ/בוֹא֙	l/935	HR/Vqc
Ezek 21:24	חֶ֣רֶב	2719	HNcfsc
Ezek 21:24	מֶֽלֶךְ	4428	HNcmsc
Ezek 21:24	בָּבֶ֔ל	894	HNp
Ezek 21:24	מֵ/אֶ֥רֶץ	m/776	HR/Ncbsa
Ezek 21:24	אֶחָ֖ד	259	HAcmsa
Ezek 21:24	יֵצְא֣וּ	3318	HVqi3mp
Ezek 21:24	שְׁנֵי/הֶ֑ם	8147	HAcmdc/Sp3mp
Ezek 21:24	וְ/יָ֣ד	c/3027	HC/Ncbsa
Ezek 21:24	בָּרֵ֔א	1254 a	HVpa
Ezek 21:24	בְּ/רֹ֥אשׁ	b/7218 a	HR/Ncmsc
Ezek 21:24	דֶּֽרֶךְ	1870	HNcbsc
Ezek 21:24	עִ֖יר	5892 b	HNcfsa
Ezek 21:24	בָּרֵֽא	1254 a	HVpa
Ezek 21:25	דֶּ֣רֶךְ	1870	HNcbsa
Ezek 21:25	תָּשִׂ֔ים	7760 a	HVqi2ms
Ezek 21:25	לָ/ב֣וֹא	l/935	HR/Vqc
Ezek 21:25	חֶ֔רֶב	2719	HNcfsa
Ezek 21:25	אֵ֖ת	853	HTo
Ezek 21:25	רַבַּ֣ת	7237	HNp
Ezek 21:25	בְּנֵֽי	1121 a	HNcmpc
Ezek 21:25	עַמּ֑וֹן	5983	HNp
Ezek 21:25	וְ/אֶת	c/853	HC/To
Ezek 21:25	יְהוּדָ֥ה	3063	HNp
Ezek 21:25	בִ/ירוּשָׁלִַ֖ם	b/3389	HR/Np
Ezek 21:25	בְּצוּרָֽה	1219	HAafsa
Ezek 21:26	כִּֽי	3588 a	HC
Ezek 21:26	עָמַ֨ד	5975	HVqp3ms
Ezek 21:26	מֶלֶךְ	4428	HNcmsc
Ezek 21:26	בָּבֶ֜ל	894	HNp
Ezek 21:26	אֶל	413	HR
Ezek 21:26	אֵ֣ם	517	HNcfsc
Ezek 21:26	הַ/דֶּ֗רֶךְ	d/1870	HTd/Ncbsa
Ezek 21:26	בְּ/רֹ֛אשׁ	b/7218 a	HR/Ncmsc
Ezek 21:26	שְׁנֵ֥י	8147	HAcmdc
Ezek 21:26	הַ/דְּרָכִ֖ים	d/1870	HTd/Ncbpa
Ezek 21:26	לִ/קְסָם	l/7080	HR/Vqc
Ezek 21:26	קָ֑סֶם	7081	HNcmsa
Ezek 21:26	קִלְקַ֤ל	7043	HVlp3ms
Ezek 21:26	בַּֽ/חִצִּים֙	b/2671	HRd/Ncmpa
Ezek 21:26	שָׁאַ֣ל	7592	HVqp3ms
Ezek 21:26	בַּ/תְּרָפִ֔ים	b/8655	HRd/Ncmpa
Ezek 21:26	רָאָ֖ה	7200	HVqp3ms
Ezek 21:26	בַּ/כָּבֵֽד	b/3516	HRd/Ncfsa
Ezek 21:27	בִּֽ/ימִינ֞/וֹ	b/3225	HR/Ncfsc/Sp3ms
Ezek 21:27	הָיָ֣ה	1961	HVqp3ms
Ezek 21:27	הַ/קֶּ֣סֶם	d/7081	HTd/Ncmsa
Ezek 21:27	יְרוּשָׁלִַ֗ם	3389	HNp
Ezek 21:27	לָ/שׂ֤וּם	l/7760 a	HR/Vqc
Ezek 21:27	כָּרִים֙	3733 c	HNcmpa
Ezek 21:27	לִ/פְתֹּ֤חַ	l/6605 a	HR/Vqc
Ezek 21:27	פֶּה֙	6310	HNcmsa
Ezek 21:27	בְּ/רֶ֔צַח	b/7524	HR/Ncmsa
Ezek 21:27	לְ/הָרִ֥ים	l/7311 a	HR/Vhc
Ezek 21:27	ק֖וֹל	6963 a	HNcmsa
Ezek 21:27	בִּ/תְרוּעָ֑ה	b/8643	HR/Ncfsa
Ezek 21:27	לָ/שׂ֤וּם	l/7760 a	HR/Vqc
Ezek 21:27	כָּרִים֙	3733 c	HNcmpa
Ezek 21:27	עַל	5921 a	HR
Ezek 21:27	שְׁעָרִ֔ים	8179	HNcmpa
Ezek 21:27	לִ/שְׁפֹּ֥ךְ	l/8210	HR/Vqc
Ezek 21:27	סֹלְלָ֖ה	5550	HNcfsa
Ezek 21:27	לִ/בְנ֥וֹת	l/1129	HR/Vqc
Ezek 21:27	דָּיֵֽק	1785	HNcmsa
Ezek 21:28	וְ/הָיָ֨ה	c/1961	HC/Vqq3ms
Ezek 21:28	לָ/הֶ֤ם	l	HR/Sp3mp
Ezek 21:28	כ/קסום	k/7080	HR/Vqc
Ezek 21:28	שָׁוְא֙	7723	HNcmsa
Ezek 21:28	בְּ/עֵ֣ינֵי/הֶ֔ם	b/5869 a	HR/Ncbdc/Sp3mp
Ezek 21:28	שְׁבֻעֵ֥י	7650	HNcfpc
Ezek 21:28	שְׁבֻע֖וֹת	7621	HNcfpa
Ezek 21:28	לָ/הֶ֑ם	l	HR/Sp3mp
Ezek 21:28	וְ/הֽוּא	c/1931	HC/Pp3ms
Ezek 21:28	מַזְכִּ֥יר	2142	HVhrmsa
Ezek 21:28	עָוֺ֖ן	5771	HNcbsa
Ezek 21:28	לְ/הִתָּפֵֽשׂ	l/8610	HR/VNc
Ezek 21:29	לָ/כֵ֗ן	l/3651 c	HR/D
Ezek 21:29	כֹּֽה	3541	HD
Ezek 21:29	אָמַר֮	559	HVqp3ms
Ezek 21:29	אֲדֹנָ֣/י	136	HNcmpc/Sp1cs
Ezek 21:29	יְהוִה֒	3069	HNp
Ezek 21:29	יַ֗עַן	3282	HC
Ezek 21:29	הַזְכַּרְ/כֶם֙	2142	HVhc/Sp2mp
Ezek 21:29	עֲוֺ֣נְ/כֶ֔ם	5771	HNcbsc/Sp2mp
Ezek 21:29	בְּ/הִגָּל֣וֹת	b/1540	HR/VNc
Ezek 21:29	פִּשְׁעֵי/כֶ֗ם	6588	HNcmpc/Sp2mp
Ezek 21:29	לְ/הֵֽרָאוֹת֙	l/7200	HR/VNc
Ezek 21:29	חַטֹּ֣אותֵי/כֶ֔ם	2403 b	HNcfpc/Sp2mp
Ezek 21:29	בְּ/כֹ֖ל	b/3605	HR/Ncmsc
Ezek 21:29	עֲלִילֽוֹתֵי/כֶ֑ם	5949	HNcfpc/Sp2mp
Ezek 21:29	יַ֚עַן	3282	HC
Ezek 21:29	הִזָּ֣כֶרְ/כֶ֔ם	2142	HVNc/Sp2mp
Ezek 21:29	בַּ/כַּ֖ף	b/3709	HRd/Ncfsa
Ezek 21:29	תִּתָּפֵֽשׂוּ	8610	HVNi2mp
Ezek 21:30	וְ/אַתָּה֙	c/859 a	HC/Pp2ms
Ezek 21:30	חָלָ֣ל	2491 b	HAamsa
Ezek 21:30	רָשָׁ֔ע	7563	HAamsa
Ezek 21:30	נְשִׂ֖יא	5387 a	HNcmsc
Ezek 21:30	יִשְׂרָאֵ֑ל	3478	HNp
Ezek 21:30	אֲשֶׁר	834 a	HTr
Ezek 21:30	בָּ֣א	935	HVqp3ms
Ezek 21:30	יוֹמ֔/וֹ	3117	HNcmsc/Sp3ms
Ezek 21:30	בְּ/עֵ֖ת	b/6256	HR/Ncbsc
Ezek 21:30	עֲוֺ֥ן	5771	HNcbsc
Ezek 21:30	קֵֽץ	7093	HNcmsa
Ezek 21:31	כֹּ֤ה	3541	HD
Ezek 21:31	אָמַר֙	559	HVqp3ms
Ezek 21:31	אֲדֹנָ֣/י	136	HNcmpc/Sp1cs
Ezek 21:31	יְהוִ֔ה	3069	HNp
Ezek 21:31	הָסִיר֙	5493	HVhv2ms
Ezek 21:31	הַ/מִּצְנֶ֔פֶת	d/4701	HTd/Ncfsa
Ezek 21:31	וְ/הָרִ֖ים	c/7311 a	HC/Vhv2ms
Ezek 21:31	הָֽ/עֲטָרָ֑ה	d/5850	HTd/Ncfsa
Ezek 21:31	זֹ֣את	2063	HPdxfs
Ezek 21:31	לֹא	3808	HTn
Ezek 21:31	זֹ֔את	2063	HPdxfs
Ezek 21:31	הַ/שָּׁפָ֣לָה	d/8217	HTd/Aafsa
Ezek 21:31	הַגְבֵּ֔הַ	1361	HVha
Ezek 21:31	וְ/הַ/גָּבֹ֖הַ	c/d/1364	HC/Td/Aamsa
Ezek 21:31	הַשְׁפִּֽיל	8213	HVhc
Ezek 21:32	עַוָּ֥ה	5754	HNcfsa
Ezek 21:32	עַוָּ֖ה	5754	HNcfsa
Ezek 21:32	עַוָּ֣ה	5754	HNcfsa
Ezek 21:32	אֲשִׂימֶ֑/נָּה	7760 a	HVqi1cs/Sp3fs
Ezek 21:32	גַּם	1571	HTa
Ezek 21:32	זֹאת֙	2063	HPdxfs
Ezek 21:32	לֹ֣א	3808	HTn
Ezek 21:32	הָיָ֔ה	1961	HVqp3ms
Ezek 21:32	עַד	5704	HR
Ezek 21:32	בֹּ֛א	935	HVqc
Ezek 21:32	אֲשֶׁר	834 a	HTr
Ezek 21:32	ל֥/וֹ	l	HR/Sp3ms
Ezek 21:32	הַ/מִּשְׁפָּ֖ט	d/4941	HTd/Ncmsa
Ezek 21:32	וּ/נְתַתִּֽי/ו	c/5414	HC/Vqq1cs/Sp3ms
Ezek 21:33	וְ/אַתָּ֣ה	c/859 a	HC/Pp2ms
Ezek 21:33	בֶן	1121 a	HNcmsc
Ezek 21:33	אָדָ֗ם	120	HNcmsa
Ezek 21:33	הִנָּבֵ֤א	5012	HVNv2ms
Ezek 21:33	וְ/אָֽמַרְתָּ֙	c/559	HC/Vqq2ms
Ezek 21:33	כֹּ֤ה	3541	HD
Ezek 21:33	אָמַר֙	559	HVqp3ms
Ezek 21:33	אֲדֹנָ֣/י	136	HNcmpc/Sp1cs
Ezek 21:33	יְהֹוִ֔ה	3069	HNp
Ezek 21:33	אֶל	413	HR
Ezek 21:33	בְּנֵ֥י	1121 a	HNcmpc
Ezek 21:33	עַמּ֖וֹן	5983	HNp
Ezek 21:33	וְ/אֶל	c/413	HC/R
Ezek 21:33	חֶרְפָּתָ֑/ם	2781	HNcfsc/Sp3mp
Ezek 21:33	וְ/אָמַרְתָּ֗	c/559	HC/Vqq2ms
Ezek 21:33	חֶ֣רֶב	2719	HNcfsa
Ezek 21:33	חֶ֤רֶב	2719	HNcfsa
Ezek 21:33	פְּתוּחָה֙	6605 a	HVqsfsa
Ezek 21:33	לְ/טֶ֣בַח	l/2874	HR/Ncmsa
Ezek 21:33	מְרוּטָ֔ה	4803	HVqsfsa
Ezek 21:33	לְ/הָכִ֖יל	l/398	HR/Vhc
Ezek 21:33	לְמַ֥עַן	4616	HR
Ezek 21:33	בָּרָֽק	1300 b	HNcmsa
Ezek 21:34	בַּ/חֲז֥וֹת	b/2372	HR/Vqc
Ezek 21:34	לָ/ךְ֙	l	HR/Sp2fs
Ezek 21:34	שָׁ֔וְא	7723	HNcmsa
Ezek 21:34	בִּ/קְסָם	b/7080	HR/Vqc
Ezek 21:34	לָ֖/ךְ	l	HR/Sp2fs
Ezek 21:34	כָּזָ֑ב	3577	HNcmsa
Ezek 21:34	לָ/תֵ֣ת	l/5414	HR/Vqc
Ezek 21:34	אוֹתָ֗/ךְ	853	HTo/Sp2fs
Ezek 21:34	אֶֽל	413	HR
Ezek 21:34	צַוְּארֵי֙	6677 a	HNcmpc
Ezek 21:34	חַֽלְלֵ֣י	2491 b	HAampc
Ezek 21:34	רְשָׁעִ֔ים	7563	HAampa
Ezek 21:34	אֲשֶׁר	834 a	HTr
Ezek 21:34	בָּ֣א	935	HVqp3ms
Ezek 21:34	יוֹמָ֔/ם	3117	HNcmsc/Sp3mp
Ezek 21:34	בְּ/עֵ֖ת	b/6256	HR/Ncbsc
Ezek 21:34	עֲוֺ֥ן	5771	HNcbsc
Ezek 21:34	קֵֽץ	7093	HNcmsa
Ezek 21:35	הָשַׁ֖ב	7725	HVhv2ms
Ezek 21:35	אֶל	413	HR
Ezek 21:35	תַּעְרָ֑/הּ	8593	HNcbsc/Sp3fs
Ezek 21:35	בִּ/מְק֧וֹם	b/4725	HR/Ncmsc
Ezek 21:35	אֲשֶׁר	834 a	HTr
Ezek 21:35	נִבְרֵ֛את	1254 a	HVNp2fs
Ezek 21:35	בְּ/אֶ֥רֶץ	b/776	HR/Ncbsc
Ezek 21:35	מְכֻרוֹתַ֖יִ/ךְ	4351	HNcfpc/Sp2fs
Ezek 21:35	אֶשְׁפֹּ֥ט	8199	HVqi1cs
Ezek 21:35	אֹתָֽ/ךְ	853	HTo/Sp2fs
Ezek 21:36	וְ/שָׁפַכְתִּ֤י	c/8210	HC/Vqq1cs
Ezek 21:36	עָלַ֨יִ/ךְ֙	5921 a	HR/Sp2fs
Ezek 21:36	זַעְמִ֔/י	2195	HNcmsc/Sp1cs
Ezek 21:36	בְּ/אֵ֥שׁ	b/784	HR/Ncbsc
Ezek 21:36	עֶבְרָתִ֖/י	5678	HNcfsc/Sp1cs
Ezek 21:36	אָפִ֣יחַ	6315	HVhi1cs
Ezek 21:36	עָלָ֑יִ/ךְ	5921 a	HR/Sp2fs
Ezek 21:36	וּ/נְתַתִּ֗י/ךְ	c/5414	HC/Vqq1cs/Sp2fs
Ezek 21:36	בְּ/יַד֙	b/3027	HR/Ncbsc
Ezek 21:36	אֲנָשִׁ֣ים	376	HNcmpa
Ezek 21:36	בֹּֽעֲרִ֔ים	1197 b	HVqrmpa
Ezek 21:36	חָרָשֵׁ֖י	2796	HNcmpc
Ezek 21:36	מַשְׁחִֽית	4889	HNcmsa
Ezek 21:37	לָ/אֵ֤שׁ	l/784	HRd/Ncbsa
Ezek 21:37	תִּֽהְיֶה֙	1961	HVqi2ms
Ezek 21:37	לְ/אָכְלָ֔ה	l/402	HR/Ncfsa
Ezek 21:37	דָּמֵ֥/ךְ	1818	HNcmsc/Sp2fs
Ezek 21:37	יִהְיֶ֖ה	1961	HVqi3ms
Ezek 21:37	בְּ/ת֣וֹךְ	b/8432	HR/Ncmsc
Ezek 21:37	הָ/אָ֑רֶץ	d/776	HTd/Ncbsa
Ezek 21:37	לֹ֣א	3808	HTn
Ezek 21:37	תִזָּכֵ֔רִי	2142	HVNi2fs
Ezek 21:37	כִּ֛י	3588 a	HC
Ezek 21:37	אֲנִ֥י	589	HPp1cs
Ezek 21:37	יְהוָ֖ה	3068	HNp
Ezek 21:37	דִּבַּֽרְתִּי	1696	HVpp1cs
Ezek 22:1	וַ/יְהִ֥י	c/1961	HC/Vqw3ms
Ezek 22:1	דְבַר	1697	HNcmsc
Ezek 22:1	יְהוָ֖ה	3068	HNp
Ezek 22:1	אֵלַ֥/י	413	HR/Sp1cs
Ezek 22:1	לֵ/אמֹֽר	l/559	HR/Vqc
Ezek 22:2	וְ/אַתָּ֣ה	c/859 a	HC/Pp2ms
Ezek 22:2	בֶן	1121 a	HNcmsc
Ezek 22:2	אָדָ֔ם	120	HNcmsa
Ezek 22:2	הֲ/תִשְׁפֹּ֥ט	i/8199	HTi/Vqi2ms
Ezek 22:2	הֲ/תִשְׁפֹּ֖ט	i/8199	HTi/Vqi2ms
Ezek 22:2	אֶת	853	HTo
Ezek 22:2	עִ֣יר	5892 b	HNcfsc
Ezek 22:2	הַ/דָּמִ֑ים	d/1818	HTd/Ncmpa
Ezek 22:2	וְ/ה֣וֹדַעְתָּ֔/הּ	c/3045	HC/Vhq2ms/Sp3fs
Ezek 22:2	אֵ֖ת	853	HTo
Ezek 22:2	כָּל	3605	HNcmsc
Ezek 22:2	תּוֹעֲבוֹתֶֽי/הָ	8441	HNcfpc/Sp3fs
Ezek 22:3	וְ/אָמַרְתָּ֗	c/559	HC/Vqq2ms
Ezek 22:3	כֹּ֤ה	3541	HD
Ezek 22:3	אָמַר֙	559	HVqp3ms
Ezek 22:3	אֲדֹנָ֣/י	136	HNcmpc/Sp1cs
Ezek 22:3	יְהוִ֔ה	3069	HNp
Ezek 22:3	עִ֣יר	5892 b	HNcfsa
Ezek 22:3	שֹׁפֶ֥כֶת	8210	HVqrfsa
Ezek 22:3	דָּ֛ם	1818	HNcmsa
Ezek 22:3	בְּ/תוֹכָ֖/הּ	b/8432	HR/Ncmsc/Sp3fs
Ezek 22:3	לָ/ב֣וֹא	l/935	HR/Vqc
Ezek 22:3	עִתָּ֑/הּ	6256	HNcbsc/Sp3fs
Ezek 22:3	וְ/עָשְׂתָ֧ה	c/6213 a	HC/Vqq3fs
Ezek 22:3	גִלּוּלִ֛ים	1544	HNcmpa
Ezek 22:3	עָלֶ֖י/הָ	5921 a	HR/Sp3fs
Ezek 22:3	לְ/טָמְאָֽה	l/2930 a	HR/Vqc
Ezek 22:4	בְּ/דָמֵ֨/ךְ	b/1818	HR/Ncmsc/Sp2fs
Ezek 22:4	אֲשֶׁר	834 a	HTr
Ezek 22:4	שָׁפַ֜כְתְּ	8210	HVqp2fs
Ezek 22:4	אָשַׁ֗מְתְּ	816	HVqp2fs
Ezek 22:4	וּ/בְ/גִלּוּלַ֤יִ/ךְ	c/b/1544	HC/R/Ncmpc/Sp2fs
Ezek 22:4	אֲשֶׁר	834 a	HTr
Ezek 22:4	עָשִׂית֙	6213 a	HVqp2fs
Ezek 22:4	טָמֵ֔את	2930 a	HVqp2fs
Ezek 22:4	וַ/תַּקְרִ֣יבִי	c/7126	HC/Vhw2fs
Ezek 22:4	יָמַ֔יִ/ךְ	3117	HNcmpc/Sp2fs
Ezek 22:4	וַ/תָּב֖וֹא	c/935	HC/Vqw3fs
Ezek 22:4	עַד	5704	HR
Ezek 22:4	שְׁנוֹתָ֑יִ/ךְ	8141	HNcfpc/Sp2fs
Ezek 22:4	עַל	5921 a	HR
Ezek 22:4	כֵּ֗ן	3651 c	HTm
Ezek 22:4	נְתַתִּ֤י/ךְ	5414	HVqp1cs/Sp2fs
Ezek 22:4	חֶרְפָּה֙	2781	HNcfsa
Ezek 22:4	לַ/גּוֹיִ֔ם	l/1471 a	HRd/Ncmpa
Ezek 22:4	וְ/קַלָּסָ֖ה	c/7048	HC/Ncfsa
Ezek 22:4	לְ/כָל	l/3605	HR/Ncmsc
Ezek 22:4	הָ/אֲרָצֽוֹת	d/776	HTd/Ncbpa
Ezek 22:5	הַ/קְּרֹב֛וֹת	d/7138	HTd/Aafpa
Ezek 22:5	וְ/הָ/רְחֹק֥וֹת	c/d/7350	HC/Td/Aafpa
Ezek 22:5	מִמֵּ֖/ךְ	4480 a	HR/Sp2fs
Ezek 22:5	יִתְקַלְּסוּ	7046	HVti3mp
Ezek 22:5	בָ֑/ךְ	b	HR/Sp2fs
Ezek 22:5	טְמֵאַ֣ת	2931	HAafsc
Ezek 22:5	הַ/שֵּׁ֔ם	d/8034	HTd/Ncmsa
Ezek 22:5	רַבַּ֖ת	7227 a	HAafsc
Ezek 22:5	הַ/מְּהוּמָֽה	d/4103	HTd/Ncfsa
Ezek 22:6	הִנֵּה֙	2009	HTm
Ezek 22:6	נְשִׂיאֵ֣י	5387 a	HNcmpc
Ezek 22:6	יִשְׂרָאֵ֔ל	3478	HNp
Ezek 22:6	אִ֥ישׁ	376	HNcmsa
Ezek 22:6	לִ/זְרֹע֖/וֹ	l/2220	HR/Ncbsc/Sp3ms
Ezek 22:6	הָ֣יוּ	1961	HVqp3cp
Ezek 22:6	בָ֑/ךְ	b	HR/Sp2fs
Ezek 22:6	לְמַ֖עַן	4616	HR
Ezek 22:6	שְׁפָךְ	8210	HVqc
Ezek 22:6	דָּֽם	1818	HNcmsa
Ezek 22:7	אָ֤ב	1	HNcmsa
Ezek 22:7	וָ/אֵם֙	c/517	HC/Ncfsa
Ezek 22:7	הֵקַ֣לּוּ	7043	HVhp3cp
Ezek 22:7	בָ֔/ךְ	b	HR/Sp2fs
Ezek 22:7	לַ/גֵּ֛ר	l/1616	HRd/Ncmsa
Ezek 22:7	עָשׂ֥וּ	6213 a	HVqp3cp
Ezek 22:7	בַ/עֹ֖שֶׁק	b/6233	HRd/Ncmsa
Ezek 22:7	בְּ/תוֹכֵ֑/ךְ	b/8432	HR/Ncmsc/Sp2fs
Ezek 22:7	יָת֥וֹם	3490	HNcmsa
Ezek 22:7	וְ/אַלְמָנָ֖ה	c/490	HC/Ncfsa
Ezek 22:7	ה֥וֹנוּ	3238	HVhp3cp
Ezek 22:7	בָֽ/ךְ	b	HR/Sp2fs
Ezek 22:8	קָדָשַׁ֖/י	6944	HNcmpc/Sp1cs
Ezek 22:8	בָּזִ֑ית	959	HVqp2fs
Ezek 22:8	וְ/אֶת	c/853	HC/To
Ezek 22:8	שַׁבְּתֹתַ֖/י	7676	HNcbpc/Sp1cs
Ezek 22:8	חִלָּֽלְתְּ	2490 c	HVpp2fs
Ezek 22:9	אַנְשֵׁ֥י	376	HNcmpc
Ezek 22:9	רָכִ֛יל	7400	HNcmsa
Ezek 22:9	הָ֥יוּ	1961	HVqp3cp
Ezek 22:9	בָ֖/ךְ	b	HR/Sp2fs
Ezek 22:9	לְמַ֣עַן	4616	HR
Ezek 22:9	שְׁפָךְ	8210	HVqc
Ezek 22:9	דָּ֑ם	1818	HNcmsa
Ezek 22:9	וְ/אֶל	c/413	HC/R
Ezek 22:9	הֶֽ/הָרִים֙	d/2022	HTd/Ncmpa
Ezek 22:9	אָ֣כְלוּ	398	HVqp3cp
Ezek 22:9	בָ֔/ךְ	b	HR/Sp2fs
Ezek 22:9	זִמָּ֖ה	2154	HNcfsa
Ezek 22:9	עָשׂ֥וּ	6213 a	HVqp3cp
Ezek 22:9	בְ/תוֹכֵֽ/ךְ	b/8432	HR/Ncmsc/Sp2fs
Ezek 22:10	עֶרְוַת	6172	HNcfsc
Ezek 22:10	אָ֖ב	1	HNcmsa
Ezek 22:10	גִּלָּה	1540	HVpp3ms
Ezek 22:10	בָ֑/ךְ	b	HR/Sp2fs
Ezek 22:10	טְמֵאַ֥ת	2931	HAafsc
Ezek 22:10	הַ/נִּדָּ֖ה	d/5079	HTd/Ncfsa
Ezek 22:10	עִנּוּ	6031 b	HVpp3cp
Ezek 22:10	בָֽ/ךְ	b	HR/Sp2fs
Ezek 22:11	וְ/אִ֣ישׁ	c/376	HC/Ncmsa
Ezek 22:11	אֶת	854	HR
Ezek 22:11	אֵ֣שֶׁת	802	HNcfsc
Ezek 22:11	רֵעֵ֗/הוּ	7453	HNcmsc/Sp3ms
Ezek 22:11	עָשָׂה֙	6213 a	HVqp3ms
Ezek 22:11	תּֽוֹעֵבָ֔ה	8441	HNcfsa
Ezek 22:11	וְ/אִ֥ישׁ	c/376	HC/Ncmsa
Ezek 22:11	אֶת	853	HTo
Ezek 22:11	כַּלָּת֖/וֹ	3618	HNcfsc/Sp3ms
Ezek 22:11	טִמֵּ֣א	2930 a	HVpp3ms
Ezek 22:11	בְ/זִמָּ֑ה	b/2154	HR/Ncfsa
Ezek 22:11	וְ/אִ֛ישׁ	c/376	HC/Ncmsa
Ezek 22:11	אֶת	853	HTo
Ezek 22:11	אֲחֹת֥/וֹ	269	HNcfsc/Sp3ms
Ezek 22:11	בַת	1323	HNcfsc
Ezek 22:11	אָבִ֖י/ו	1	HNcmsc/Sp3ms
Ezek 22:11	עִנָּה	6031 b	HVpp3ms
Ezek 22:11	בָֽ/ךְ	b	HR/Sp2fs
Ezek 22:12	שֹׁ֥חַד	7810	HNcmsa
Ezek 22:12	לָֽקְחוּ	3947	HVqp3cp
Ezek 22:12	בָ֖/ךְ	b	HR/Sp2fs
Ezek 22:12	לְמַ֣עַן	4616	HR
Ezek 22:12	שְׁפָךְ	8210	HVqc
Ezek 22:12	דָּ֑ם	1818	HNcmsa
Ezek 22:12	נֶ֧שֶׁךְ	5392	HNcmsa
Ezek 22:12	וְ/תַרְבִּ֣ית	c/8636	HC/Ncfsa
Ezek 22:12	לָקַ֗חַתְּ	3947	HVqp2fs
Ezek 22:12	וַ/תְּבַצְּעִ֤י	c/1214	HC/Vpw2fs
Ezek 22:12	רֵעַ֨יִ/ךְ֙	7453	HNcmpc/Sp2fs
Ezek 22:12	בַּ/עֹ֔שֶׁק	b/6233	HRd/Ncmsa
Ezek 22:12	וְ/אֹתִ֣/י	c/853	HC/To/Sp1cs
Ezek 22:12	שָׁכַ֔חַתְּ	7911	HVqp2fs
Ezek 22:12	נְאֻ֖ם	5002	HNcmsc
Ezek 22:12	אֲדֹנָ֥/י	136	HNcmpc/Sp1cs
Ezek 22:12	יְהוִֽה	3069	HNp
Ezek 22:13	וְ/הִנֵּה֙	c/2009	HC/Tm
Ezek 22:13	הִכֵּ֣יתִי	5221	HVhp1cs
Ezek 22:13	כַפִּ֔/י	3709	HNcfsc/Sp1cs
Ezek 22:13	אֶל	413	HR
Ezek 22:13	בִּצְעֵ֖/ךְ	1215	HNcmsc/Sp2fs
Ezek 22:13	אֲשֶׁ֣ר	834 a	HTr
Ezek 22:13	עָשִׂ֑ית	6213 a	HVqp2fs
Ezek 22:13	וְ/עַ֨ל	c/5921 a	HC/R
Ezek 22:13	דָּמֵ֔/ךְ	1818	HNcmsc/Sp2fs
Ezek 22:13	אֲשֶׁ֥ר	834 a	HTr
Ezek 22:13	הָי֖וּ	1961	HVqp3cp
Ezek 22:13	בְּ/תוֹכֵֽ/ךְ	b/8432	HR/Ncmsc/Sp2fs
Ezek 22:14	הֲ/יַעֲמֹ֤ד	i/5975	HTi/Vqi3ms
Ezek 22:14	לִבֵּ/ךְ֙	3820 a	HNcmsc/Sp2fs
Ezek 22:14	אִם	518 a	HC
Ezek 22:14	תֶּחֱזַ֣קְנָה	2388	HVqi3fp
Ezek 22:14	יָדַ֔יִ/ךְ	3027	HNcbdc/Sp2fs
Ezek 22:14	לַ/יָּמִ֕ים	l/3117	HRd/Ncmpa
Ezek 22:14	אֲשֶׁ֥ר	834 a	HTr
Ezek 22:14	אֲנִ֖י	589	HPp1cs
Ezek 22:14	עֹשֶׂ֣ה	6213 a	HVqrmsa
Ezek 22:14	אוֹתָ֑/ךְ	853	HTo/Sp2fs
Ezek 22:14	אֲנִ֥י	589	HPp1cs
Ezek 22:14	יְהוָ֖ה	3068	HNp
Ezek 22:14	דִּבַּ֥רְתִּי	1696	HVpp1cs
Ezek 22:14	וְ/עָשִֽׂיתִי	c/6213 a	HC/Vqq1cs
Ezek 22:15	וַ/הֲפִיצוֹתִ֤י	c/6327 a	HC/Vhq1cs
Ezek 22:15	אוֹתָ/ךְ֙	853	HTo/Sp2fs
Ezek 22:15	בַּ/גּוֹיִ֔ם	b/1471 a	HRd/Ncmpa
Ezek 22:15	וְ/זֵרִיתִ֖י/ךְ	c/2219	HC/Vpq1cs/Sp2fs
Ezek 22:15	בָּ/אֲרָצ֑וֹת	b/776	HRd/Ncbpa
Ezek 22:15	וַ/הֲתִמֹּתִ֥י	c/8552	HC/Vhq1cs
Ezek 22:15	טֻמְאָתֵ֖/ךְ	2932	HNcfsc/Sp2fs
Ezek 22:15	מִמֵּֽ/ךְ	4480 a	HR/Sp2fs
Ezek 22:16	וְ/נִחַ֥לְתְּ	c/2490 c	HC/VNq2fs
Ezek 22:16	בָּ֖/ךְ	b	HR/Sp2fs
Ezek 22:16	לְ/עֵינֵ֣י	l/5869 a	HR/Ncbdc
Ezek 22:16	גוֹיִ֑ם	1471 a	HNcmpa
Ezek 22:16	וְ/יָדַ֖עַתְּ	c/3045	HC/Vqq2fs
Ezek 22:16	כִּֽי	3588 a	HC
Ezek 22:16	אֲנִ֥י	589	HPp1cs
Ezek 22:16	יְהוָֽה	3068	HNp
Ezek 22:17	וַ/יְהִ֥י	c/1961	HC/Vqw3ms
Ezek 22:17	דְבַר	1697	HNcmsc
Ezek 22:17	יְהוָ֖ה	3068	HNp
Ezek 22:17	אֵלַ֥/י	413	HR/Sp1cs
Ezek 22:17	לֵ/אמֹֽר	l/559	HR/Vqc
Ezek 22:18	בֶּן	1121 a	HNcmsc
Ezek 22:18	אָדָ֕ם	120	HNcmsa
Ezek 22:18	הָיוּ	1961	HVqp3cp
Ezek 22:18	לִ֥/י	l	HR/Sp1cs
Ezek 22:18	בֵֽית	1004 b	HNcmsc
Ezek 22:18	יִשְׂרָאֵ֖ל	3478	HNp
Ezek 22:18	ל/סוג	l/5509	HR/Ncmsa
Ezek 22:18	כֻּלָּ֡/ם	3605	HNcmsc/Sp3mp
Ezek 22:18	נְ֠חֹשֶׁת	5178 a	HNcfsa
Ezek 22:18	וּ/בְדִ֨יל	c/913	HC/Ncmsa
Ezek 22:18	וּ/בַרְזֶ֤ל	c/1270	HC/Ncmsa
Ezek 22:18	וְ/עוֹפֶ֨רֶת֙	c/5777	HC/Ncfsa
Ezek 22:18	בְּ/ת֣וֹךְ	b/8432	HR/Ncmsc
Ezek 22:18	כּ֔וּר	3564	HNcmsa
Ezek 22:18	סִגִ֥ים	5509	HNcmpa
Ezek 22:18	כֶּ֖סֶף	3701	HNcmsa
Ezek 22:18	הָיֽוּ	1961	HVqp3cp
Ezek 22:19	לָ/כֵ֗ן	l/3651 c	HR/D
Ezek 22:19	כֹּ֤ה	3541	HD
Ezek 22:19	אָמַר֙	559	HVqp3ms
Ezek 22:19	אֲדֹנָ֣/י	136	HNcmpc/Sp1cs
Ezek 22:19	יְהוִ֔ה	3069	HNp
Ezek 22:19	יַ֛עַן	3282	HC
Ezek 22:19	הֱי֥וֹת	1961	HVqc
Ezek 22:19	כֻּלְּ/כֶ֖ם	3605	HNcmsc/Sp2mp
Ezek 22:19	לְ/סִגִ֑ים	l/5509	HR/Ncmpa
Ezek 22:19	לָ/כֵן֙	l/3651 c	HR/D
Ezek 22:19	הִנְ/נִ֣י	2005	HTm/Sp1cs
Ezek 22:19	קֹבֵ֣ץ	6908	HVqrmsa
Ezek 22:19	אֶתְ/כֶ֔ם	853	HTo/Sp2mp
Ezek 22:19	אֶל	413	HR
Ezek 22:19	תּ֖וֹךְ	8432	HNcmsc
Ezek 22:19	יְרוּשָׁלִָֽם	3389	HNp
Ezek 22:20	קְבֻ֣צַת	6910	HNcfsc
Ezek 22:20	כֶּ֡סֶף	3701	HNcmsa
Ezek 22:20	וּ֠/נְחֹשֶׁת	c/5178 a	HC/Ncfsa
Ezek 22:20	וּ/בַרְזֶ֨ל	c/1270	HC/Ncmsa
Ezek 22:20	וְ/עוֹפֶ֤רֶת	c/5777	HC/Ncfsa
Ezek 22:20	וּ/בְדִיל֙	c/913	HC/Ncmsa
Ezek 22:20	אֶל	413	HR
Ezek 22:20	תּ֣וֹךְ	8432	HNcmsc
Ezek 22:20	כּ֔וּר	3564	HNcmsa
Ezek 22:20	לָ/פַֽחַת	l/5301	HR/Vqc
Ezek 22:20	עָלָ֥י/ו	5921 a	HR/Sp3ms
Ezek 22:20	אֵ֖שׁ	784	HNcbsa
Ezek 22:20	לְ/הַנְתִּ֑יךְ	l/5413	HR/Vhc
Ezek 22:20	כֵּ֤ן	3651 c	HTm
Ezek 22:20	אֶקְבֹּץ֙	6908	HVqi1cs
Ezek 22:20	בְּ/אַפִּ֣/י	b/639	HR/Ncmsc/Sp1cs
Ezek 22:20	וּ/בַ/חֲמָתִ֔/י	c/b/2534	HC/R/Ncfsc/Sp1cs
Ezek 22:20	וְ/הִנַּחְתִּ֥י	c/3240	HC/Vhq1cs
Ezek 22:20	וְ/הִתַּכְתִּ֖י	c/5413	HC/Vhq1cs
Ezek 22:20	אֶתְ/כֶֽם	853	HTo/Sp2mp
Ezek 22:21	וְ/כִנַּסְתִּ֣י	c/3664	HC/Vpq1cs
Ezek 22:21	אֶתְ/כֶ֔ם	853	HTo/Sp2mp
Ezek 22:21	וְ/נָפַחְתִּ֥י	c/5301	HC/Vqq1cs
Ezek 22:21	עֲלֵי/כֶ֖ם	5921 a	HR/Sp2mp
Ezek 22:21	בְּ/אֵ֣שׁ	b/784	HR/Ncbsc
Ezek 22:21	עֶבְרָתִ֑/י	5678	HNcfsc/Sp1cs
Ezek 22:21	וְ/נִתַּכְתֶּ֖ם	c/5413	HC/VNq2mp
Ezek 22:21	בְּ/תוֹכָֽ/הּ	b/8432	HR/Ncmsc/Sp3fs
Ezek 22:22	כְּ/הִתּ֥וּךְ	k/2046	HR/Ncmsc
Ezek 22:22	כֶּ֨סֶף֙	3701	HNcmsa
Ezek 22:22	בְּ/ת֣וֹךְ	b/8432	HR/Ncmsc
Ezek 22:22	כּ֔וּר	3564	HNcmsa
Ezek 22:22	כֵּ֖ן	3651 c	HTm
Ezek 22:22	תֻּתְּכ֣וּ	5413	HVHi2mp
Ezek 22:22	בְ/תוֹכָ֑/הּ	b/8432	HR/Ncmsc/Sp3fs
Ezek 22:22	וִֽ/ידַעְתֶּם֙	c/3045	HC/Vqq2mp
Ezek 22:22	כִּֽי	3588 a	HC
Ezek 22:22	אֲנִ֣י	589	HPp1cs
Ezek 22:22	יְהוָ֔ה	3068	HNp
Ezek 22:22	שָׁפַ֥כְתִּי	8210	HVqp1cs
Ezek 22:22	חֲמָתִ֖/י	2534	HNcfsc/Sp1cs
Ezek 22:22	עֲלֵי/כֶֽם	5921 a	HR/Sp2mp
Ezek 22:23	וַ/יְהִ֥י	c/1961	HC/Vqw3ms
Ezek 22:23	דְבַר	1697	HNcmsc
Ezek 22:23	יְהוָ֖ה	3068	HNp
Ezek 22:23	אֵלַ֥/י	413	HR/Sp1cs
Ezek 22:23	לֵ/אמֹֽר	l/559	HR/Vqc
Ezek 22:24	בֶּן	1121 a	HNcmsc
Ezek 22:24	אָדָ֕ם	120	HNcmsa
Ezek 22:24	אֱמָר	559	HVqv2ms
Ezek 22:24	לָ֕/הּ	l	HR/Sp3fs
Ezek 22:24	אַ֣תְּ	859 c	HPp2fs
Ezek 22:24	אֶ֔רֶץ	776	HNcbsa
Ezek 22:24	לֹ֥א	3808	HTn
Ezek 22:24	מְטֹהָרָ֖ה	2891	HVPsfsa
Ezek 22:24	הִ֑יא	1931	HPp3fs
Ezek 22:24	לֹ֥א	3808	HTn
Ezek 22:24	גֻשְׁמָ֖/הּ	1656	HNcmsc/Sp3fs
Ezek 22:24	בְּ/י֥וֹם	b/3117	HR/Ncmsc
Ezek 22:24	זָֽעַם	2195	HNcmsa
Ezek 22:25	קֶ֤שֶׁר	7195	HNcmsc
Ezek 22:25	נְבִיאֶ֨י/הָ֙	5030	HNcmpc/Sp3fs
Ezek 22:25	בְּ/תוֹכָ֔/הּ	b/8432	HR/Ncmsc/Sp3fs
Ezek 22:25	כַּ/אֲרִ֥י	k/738 a	HR/Ncmsa
Ezek 22:25	שׁוֹאֵ֖ג	7580	HVqrmsa
Ezek 22:25	טֹ֣רֵֽף	2963	HVqrmsa
Ezek 22:25	טָ֑רֶף	2964	HNcmsa
Ezek 22:25	נֶ֣פֶשׁ	5315	HNcbsa
Ezek 22:25	אָכָ֗לוּ	398	HVqp3cp
Ezek 22:25	חֹ֤סֶן	2633	HNcmsa
Ezek 22:25	וִ/יקָר֙	c/3366	HC/Ncmsa
Ezek 22:25	יִקָּ֔חוּ	3947	HVqi3mp
Ezek 22:25	אַלְמְנוֹתֶ֖י/הָ	490	HNcfpc/Sp3fs
Ezek 22:25	הִרְבּ֥וּ	7235 a	HVhp3cp
Ezek 22:25	בְ/תוֹכָֽ/הּ	b/8432	HR/Ncmsc/Sp3fs
Ezek 22:26	כֹּהֲנֶ֜י/הָ	3548	HNcmpc/Sp3fs
Ezek 22:26	חָמְס֣וּ	2554	HVqp3cp
Ezek 22:26	תוֹרָתִ/י֮	8451	HNcfsc/Sp1cs
Ezek 22:26	וַ/יְחַלְּל֣וּ	c/2490 c	HC/Vpw3mp
Ezek 22:26	קָדָשַׁ/י֒	6944	HNcmpc/Sp1cs
Ezek 22:26	בֵּֽין	996	HR
Ezek 22:26	קֹ֤דֶשׁ	6944	HNcmsa
Ezek 22:26	לְ/חֹל֙	l/2455	HR/Ncmsa
Ezek 22:26	לֹ֣א	3808	HTn
Ezek 22:26	הִבְדִּ֔ילוּ	914	HVhp3cp
Ezek 22:26	וּ/בֵין	c/996	HC/R
Ezek 22:26	הַ/טָּמֵ֥א	d/2931	HTd/Aamsa
Ezek 22:26	לְ/טָה֖וֹר	l/2889	HR/Aamsa
Ezek 22:26	לֹ֣א	3808	HTn
Ezek 22:26	הוֹדִ֑יעוּ	3045	HVhp3cp
Ezek 22:26	וּ/מִ/שַׁבְּתוֹתַ/י֙	c/m/7676	HC/R/Ncbpc/Sp1cs
Ezek 22:26	הֶעְלִ֣ימוּ	5956	HVhp3cp
Ezek 22:26	עֵֽינֵי/הֶ֔ם	5869 a	HNcbdc/Sp3mp
Ezek 22:26	וָ/אֵחַ֖ל	c/2490 c	HC/VNw1cs
Ezek 22:26	בְּ/תוֹכָֽ/ם	b/8432	HR/Ncmsc/Sp3mp
Ezek 22:27	שָׂרֶ֣י/הָ	8269	HNcmpc/Sp3fs
Ezek 22:27	בְ/קִרְבָּ֔/הּ	b/7130	HR/Ncmsc/Sp3fs
Ezek 22:27	כִּ/זְאֵבִ֖ים	k/2061	HR/Ncmpa
Ezek 22:27	טֹ֣רְפֵי	2963	HVqrmpc
Ezek 22:27	טָ֑רֶף	2964	HNcmsa
Ezek 22:27	לִ/שְׁפָּךְ	l/8210	HR/Vqc
Ezek 22:27	דָּם֙	1818	HNcmsa
Ezek 22:27	לְ/אַבֵּ֣ד	l/6	HR/Vpc
Ezek 22:27	נְפָשׁ֔וֹת	5315	HNcbpa
Ezek 22:27	לְמַ֖עַן	4616	HR
Ezek 22:27	בְּצֹ֥עַ	1214	HVqc
Ezek 22:27	בָּֽצַע	1215	HNcmsa
Ezek 22:28	וּ/נְבִיאֶ֗י/הָ	c/5030	HC/Ncmpc/Sp3fs
Ezek 22:28	טָח֤וּ	2902 a	HVqp3cp
Ezek 22:28	לָ/הֶם֙	l	HR/Sp3mp
Ezek 22:28	תָּפֵ֔ל	8602 b	HNcmsa
Ezek 22:28	חֹזִ֣ים	2374	HVqrmpa
Ezek 22:28	שָׁ֔וְא	7723	HNcmsa
Ezek 22:28	וְ/קֹסְמִ֥ים	c/7080	HC/Vqrmpa
Ezek 22:28	לָ/הֶ֖ם	l	HR/Sp3mp
Ezek 22:28	כָּזָ֑ב	3577	HNcmsa
Ezek 22:28	אֹמְרִ֗ים	559	HVqrmpa
Ezek 22:28	כֹּ֤ה	3541	HD
Ezek 22:28	אָמַר֙	559	HVqp3ms
Ezek 22:28	אֲדֹנָ֣/י	136	HNcmpc/Sp1cs
Ezek 22:28	יְהוִ֔ה	3069	HNp
Ezek 22:28	וַֽ/יהוָ֖ה	c/3068	HC/Np
Ezek 22:28	לֹ֥א	3808	HTn
Ezek 22:28	דִבֵּֽר	1696	HVpp3ms
Ezek 22:29	עַ֤ם	5971 a	HNcmsc
Ezek 22:29	הָ/אָ֨רֶץ֙	d/776	HTd/Ncbsa
Ezek 22:29	עָ֣שְׁקוּ	6231	HVqp3cp
Ezek 22:29	עֹ֔שֶׁק	6233	HNcmsa
Ezek 22:29	וְ/גָזְל֖וּ	c/1497	HC/Vqp3cp
Ezek 22:29	גָּזֵ֑ל	1498	HNcmsa
Ezek 22:29	וְ/עָנִ֤י	c/6041	HC/Aamsa
Ezek 22:29	וְ/אֶבְיוֹן֙	c/34	HC/Aamsa
Ezek 22:29	הוֹנ֔וּ	3238	HVhp3cp
Ezek 22:29	וְ/אֶת	c/853	HC/To
Ezek 22:29	הַ/גֵּ֥ר	d/1616	HTd/Ncmsa
Ezek 22:29	עָשְׁק֖וּ	6231	HVqp3cp
Ezek 22:29	בְּ/לֹ֥א	b/3808	HR/Tn
Ezek 22:29	מִשְׁפָּֽט	4941	HNcmsa
Ezek 22:30	וָ/אֲבַקֵּ֣שׁ	c/1245	HC/Vpw1cs
Ezek 22:30	מֵ/הֶ֡ם	m	HR/Sp3mp
Ezek 22:30	אִ֣ישׁ	376	HNcmsa
Ezek 22:30	גֹּֽדֵר	1443	HVqrmsa
Ezek 22:30	גָּדֵר֩	1447	HNcmsa
Ezek 22:30	וְ/עֹמֵ֨ד	c/5975	HC/Vqrmsa
Ezek 22:30	בַּ/פֶּ֧רֶץ	b/6556	HRd/Ncmsa
Ezek 22:30	לְ/פָנַ֛/י	l/6440	HR/Ncbpc/Sp1cs
Ezek 22:30	בְּעַ֥ד	1157	HR
Ezek 22:30	הָ/אָ֖רֶץ	d/776	HTd/Ncbsa
Ezek 22:30	לְ/בִלְתִּ֣י	l/1115	HR/C
Ezek 22:30	שַׁחֲתָ֑/הּ	7843	HVpc/Sp3fs
Ezek 22:30	וְ/לֹ֖א	c/3808	HC/Tn
Ezek 22:30	מָצָֽאתִי	4672	HVqp1cs
Ezek 22:31	וָ/אֶשְׁפֹּ֤ךְ	c/8210	HC/Vqw1cs
Ezek 22:31	עֲלֵי/הֶם֙	5921 a	HR/Sp3mp
Ezek 22:31	זַעְמִ֔/י	2195	HNcmsc/Sp1cs
Ezek 22:31	בְּ/אֵ֥שׁ	b/784	HR/Ncbsc
Ezek 22:31	עֶבְרָתִ֖/י	5678	HNcfsc/Sp1cs
Ezek 22:31	כִּלִּיתִ֑י/ם	3615	HVpp1cs/Sp3mp
Ezek 22:31	דַּרְכָּ/ם֙	1870	HNcbsc/Sp3mp
Ezek 22:31	בְּ/רֹאשָׁ֣/ם	b/7218 a	HR/Ncmsc/Sp3mp
Ezek 22:31	נָתַ֔תִּי	5414	HVqp1cs
Ezek 22:31	נְאֻ֖ם	5002	HNcmsc
Ezek 22:31	אֲדֹנָ֥/י	136	HNcmpc/Sp1cs
Ezek 22:31	יְהֹוִֽה	3069	HNp
Ezek 23:1	וַ/יְהִ֥י	c/1961	HC/Vqw3ms
Ezek 23:1	דְבַר	1697	HNcmsc
Ezek 23:1	יְהוָ֖ה	3068	HNp
Ezek 23:1	אֵלַ֥/י	413	HR/Sp1cs
Ezek 23:1	לֵ/אמֹֽר	l/559	HR/Vqc
Ezek 23:2	בֶּן	1121 a	HNcmsc
Ezek 23:2	אָדָ֑ם	120	HNcmsa
Ezek 23:2	שְׁתַּ֣יִם	8147	HAcfda
Ezek 23:2	נָשִׁ֔ים	802	HNcfpa
Ezek 23:2	בְּנ֥וֹת	1323	HNcfpc
Ezek 23:2	אֵם	517	HNcfsa
Ezek 23:2	אַחַ֖ת	259	HAcfsa
Ezek 23:2	הָיֽוּ	1961	HVqp3cp
Ezek 23:3	וַ/תִּזְנֶ֣ינָה	c/2181	HC/Vqw3fp
Ezek 23:3	בְ/מִצְרַ֔יִם	b/4714	HR/Np
Ezek 23:3	בִּ/נְעוּרֵי/הֶ֖ן	b/5271 a	HR/Ncbpc/Sp3fp
Ezek 23:3	זָנ֑וּ	2181	HVqp3cp
Ezek 23:3	שָׁ֚מָּ/ה	8033	HD/Sd
Ezek 23:3	מֹעֲכ֣וּ	4600	HVPp3cp
Ezek 23:3	שְׁדֵי/הֶ֔ן	7699 a	HNcmdc/Sp3fp
Ezek 23:3	וְ/שָׁ֣ם	c/8033	HC/D
Ezek 23:3	עִשּׂ֔וּ	6213 b	HVpp3cp
Ezek 23:3	דַּדֵּ֖י	1717	HNcmdc
Ezek 23:3	בְּתוּלֵי/הֶֽן	1331	HNcbpc/Sp3fp
Ezek 23:4	וּ/שְׁמוֹתָ֗/ן	c/8034	HC/Ncmpc/Sp3fp
Ezek 23:4	אָהֳלָ֤ה	170	HNp
Ezek 23:4	הַ/גְּדוֹלָה֙	d/1419 a	HTd/Aafsa
Ezek 23:4	וְ/אָהֳלִיבָ֣ה	c/172	HC/Np
Ezek 23:4	אֲחוֹתָ֔/הּ	269	HNcfsc/Sp3fs
Ezek 23:4	וַ/תִּֽהְיֶ֣ינָה	c/1961	HC/Vqw3fp
Ezek 23:4	לִ֔/י	l	HR/Sp1cs
Ezek 23:4	וַ/תֵּלַ֖דְנָה	c/3205	HC/Vqw3fp
Ezek 23:4	בָּנִ֣ים	1121 a	HNcmpa
Ezek 23:4	וּ/בָנ֑וֹת	c/1323	HC/Ncfpa
Ezek 23:4	וּ/שְׁמוֹתָ֕/ן	c/8034	HC/Ncmpc/Sp3fp
Ezek 23:4	שֹׁמְר֣וֹן	8111	HNp
Ezek 23:4	אָהֳלָ֔ה	170	HNp
Ezek 23:4	וִ/ירוּשָׁלִַ֖ם	c/3389	HC/Np
Ezek 23:4	אָהֳלִיבָֽה	172	HNp
Ezek 23:5	וַ/תִּ֥זֶן	c/2181	HC/Vqw3fs
Ezek 23:5	אָהֳלָ֖ה	170	HNp
Ezek 23:5	תַּחְתָּ֑/י	8478	HR/Sp1cs
Ezek 23:5	וַ/תַּעְגַּב֙	c/5689	HC/Vqw3fs
Ezek 23:5	עַֽל	5921 a	HR
Ezek 23:5	מְאַהֲבֶ֔י/הָ	157	HVprmpc/Sp3fs
Ezek 23:5	אֶל	413	HR
Ezek 23:5	אַשּׁ֖וּר	804	HNp
Ezek 23:5	קְרוֹבִֽים	7138	HAampa
Ezek 23:6	לְבֻשֵׁ֤י	3847	HAampc
Ezek 23:6	תְכֵ֨לֶת֙	8504	HNcfsa
Ezek 23:6	פַּח֣וֹת	6346	HNcmpa
Ezek 23:6	וּ/סְגָנִ֔ים	c/5461	HC/Ncmpa
Ezek 23:6	בַּח֥וּרֵי	970	HNcmpc
Ezek 23:6	חֶ֖מֶד	2531	HNcmsa
Ezek 23:6	כֻּלָּ֑/ם	3605	HNcmsc/Sp3mp
Ezek 23:6	פָּרָשִׁ֕ים	6571 b	HNcmpa
Ezek 23:6	רֹכְבֵ֖י	7392	HVqrmpc
Ezek 23:6	סוּסִֽים	5483 b	HNcmpa
Ezek 23:7	וַ/תִּתֵּ֤ן	c/5414	HC/Vqw3fs
Ezek 23:7	תַּזְנוּתֶ֨י/הָ֙	8457	HNcfpc/Sp3fs
Ezek 23:7	עֲלֵי/הֶ֔ם	5921 a	HR/Sp3mp
Ezek 23:7	מִבְחַ֥ר	4005	HNcmsc
Ezek 23:7	בְּנֵֽי	1121 a	HNcmpc
Ezek 23:7	אַשּׁ֖וּר	804	HNp
Ezek 23:7	כֻּלָּ֑/ם	3605	HNcmsc/Sp3mp
Ezek 23:7	וּ/בְ/כֹ֧ל	c/b/3605	HC/R/Ncmsa
Ezek 23:7	אֲשֶׁר	834 a	HTr
Ezek 23:7	עָֽגְבָ֛ה	5689	HVqp3fs
Ezek 23:7	בְּ/כָל	b/3605	HR/Ncmsc
Ezek 23:7	גִּלּוּלֵי/הֶ֖ם	1544	HNcmpc/Sp3mp
Ezek 23:7	נִטְמָֽאָה	2930 a	HVNp3fs
Ezek 23:8	וְ/אֶת	c/853	HC/To
Ezek 23:8	תַּזְנוּתֶ֤י/הָ	8457	HNcfpc/Sp3fs
Ezek 23:8	מִ/מִּצְרַ֨יִם֙	m/4714	HR/Np
Ezek 23:8	לֹ֣א	3808	HTn
Ezek 23:8	עָזָ֔בָה	5800 a	HVqp3fs
Ezek 23:8	כִּ֤י	3588 a	HC
Ezek 23:8	אוֹתָ/הּ֙	853	HTo/Sp3fs
Ezek 23:8	שָׁכְב֣וּ	7901	HVqp3cp
Ezek 23:8	בִ/נְעוּרֶ֔י/הָ	b/5271 a	HR/Ncbpc/Sp3fs
Ezek 23:8	וְ/הֵ֥מָּה	c/1992	HC/Pp3mp
Ezek 23:8	עִשּׂ֖וּ	6213 b	HVpp3cp
Ezek 23:8	דַּדֵּ֣י	1717	HNcmdc
Ezek 23:8	בְתוּלֶ֑י/הָ	1331	HNcbpc/Sp3fs
Ezek 23:8	וַ/יִּשְׁפְּכ֥וּ	c/8210	HC/Vqw3mp
Ezek 23:8	תַזְנוּתָ֖/ם	8457	HNcfsc/Sp3mp
Ezek 23:8	עָלֶֽי/הָ	5921 a	HR/Sp3fs
Ezek 23:9	לָ/כֵ֥ן	l/3651 c	HR/D
Ezek 23:9	נְתַתִּ֖י/הָ	5414	HVqp1cs/Sp3fs
Ezek 23:9	בְּ/יַד	b/3027	HR/Ncbsc
Ezek 23:9	מְאַֽהֲבֶ֑י/הָ	157	HVprmpc/Sp3fs
Ezek 23:9	בְּ/יַד֙	b/3027	HR/Ncbsc
Ezek 23:9	בְּנֵ֣י	1121 a	HNcmpc
Ezek 23:9	אַשּׁ֔וּר	804	HNp
Ezek 23:9	אֲשֶׁ֥ר	834 a	HTr
Ezek 23:9	עָגְבָ֖ה	5689	HVqp3fs
Ezek 23:9	עֲלֵי/הֶֽם	5921 a	HR/Sp3mp
Ezek 23:10	הֵמָּה֮	1992	HPp3mp
Ezek 23:10	גִּלּ֣וּ	1540	HVpp3cp
Ezek 23:10	עֶרְוָתָ/הּ֒	6172	HNcfsc/Sp3fs
Ezek 23:10	בָּנֶ֤י/הָ	1121 a	HNcmpc/Sp3fs
Ezek 23:10	וּ/בְנוֹתֶ֨י/הָ֙	c/1323	HC/Ncfpc/Sp3fs
Ezek 23:10	לָקָ֔חוּ	3947	HVqp3cp
Ezek 23:10	וְ/אוֹתָ֖/הּ	c/853	HC/To/Sp3fs
Ezek 23:10	בַּ/חֶ֣רֶב	b/2719	HRd/Ncfsa
Ezek 23:10	הָרָ֑גוּ	2026	HVqp3cp
Ezek 23:10	וַ/תְּהִי	c/1961	HC/Vqw3fs
Ezek 23:10	שֵׁם֙	8034	HNcmsa
Ezek 23:10	לַ/נָּשִׁ֔ים	l/802	HRd/Ncfpa
Ezek 23:10	וּ/שְׁפוּטִ֖ים	c/8196	HC/Ncmpa
Ezek 23:10	עָ֥שׂוּ	6213 a	HVqp3cp
Ezek 23:10	בָֽ/הּ	b	HR/Sp3fs
Ezek 23:11	וַ/תֵּ֨רֶא֙	c/7200	HC/Vqw3fs
Ezek 23:11	אֲחוֹתָ֣/הּ	269	HNcfsc/Sp3fs
Ezek 23:11	אָהֳלִיבָ֔ה	172	HNp
Ezek 23:11	וַ/תַּשְׁחֵ֥ת	c/7843	HC/Vhw3fs
Ezek 23:11	עַגְבָתָ֖/הּ	5691	HNcfsc/Sp3fs
Ezek 23:11	מִמֶּ֑/נָּה	4480 a	HR/Sp3fs
Ezek 23:11	וְ/אֶת	c/853	HC/To
Ezek 23:11	תַּ֨זְנוּתֶ֔י/הָ	8457	HNcfpc/Sp3fs
Ezek 23:11	מִ/זְּנוּנֵ֖י	m/2183	HR/Ncmpc
Ezek 23:11	אֲחוֹתָֽ/הּ	269	HNcfsc/Sp3fs
Ezek 23:12	אֶל	413	HR
Ezek 23:12	בְּנֵי֩	1121 a	HNcmpc
Ezek 23:12	אַשּׁ֨וּר	804	HNp
Ezek 23:12	עָגָ֜בָה	5689	HVqp3fs
Ezek 23:12	פַּח֨וֹת	6346	HNcmpa
Ezek 23:12	וּ/סְגָנִ֤ים	c/5461	HC/Ncmpa
Ezek 23:12	קְרֹבִים֙	7138	HAampa
Ezek 23:12	לְבֻשֵׁ֣י	3847	HAampc
Ezek 23:12	מִכְל֔וֹל	4358	HNcmsa
Ezek 23:12	פָּרָשִׁ֖ים	6571 b	HNcmpa
Ezek 23:12	רֹכְבֵ֣י	7392	HVqrmpc
Ezek 23:12	סוּסִ֑ים	5483 b	HNcmpa
Ezek 23:12	בַּח֥וּרֵי	970	HNcmpc
Ezek 23:12	חֶ֖מֶד	2531	HNcmsa
Ezek 23:12	כֻּלָּֽ/ם	3605	HNcmsc/Sp3mp
Ezek 23:13	וָ/אֵ֖רֶא	c/7200	HC/Vqw1cs
Ezek 23:13	כִּ֣י	3588 a	HC
Ezek 23:13	נִטְמָ֑אָה	2930 a	HVNp3fs
Ezek 23:13	דֶּ֥רֶךְ	1870	HNcbsa
Ezek 23:13	אֶחָ֖ד	259	HAcmsa
Ezek 23:13	לִ/שְׁתֵּי/הֶֽן	l/8147	HR/Acmdc/Sp3fp
Ezek 23:14	וַ/תּ֖וֹסֶף	c/3254	HC/Vhw3fs
Ezek 23:14	אֶל	413	HR
Ezek 23:14	תַּזְנוּתֶ֑י/הָ	8457	HNcfpc/Sp3fs
Ezek 23:14	וַ/תֵּ֗רֶא	c/7200	HC/Vqw3fs
Ezek 23:14	אַנְשֵׁי֙	376	HNcmpc
Ezek 23:14	מְחֻקֶּ֣ה	2707	HVPsmsa
Ezek 23:14	עַל	5921 a	HR
Ezek 23:14	הַ/קִּ֔יר	d/7023	HTd/Ncmsa
Ezek 23:14	צַלְמֵ֣י	6754	HNcmpc
Ezek 23:14	כשדיים	3778	HNgmpa
Ezek 23:14	חֲקֻקִ֖ים	2710	HVqsmpa
Ezek 23:14	בַּ/שָּׁשַֽׁר	b/8350	HRd/Ncmsa
Ezek 23:15	חֲגוֹרֵ֨י	2289	HAampc
Ezek 23:15	אֵז֜וֹר	232	HNcmsa
Ezek 23:15	בְּ/מָתְנֵי/הֶ֗ם	b/4975	HR/Ncmdc/Sp3mp
Ezek 23:15	סְרוּחֵ֤י	5628	HVqsmpc
Ezek 23:15	טְבוּלִים֙	2871	HNcmpa
Ezek 23:15	בְּ/רָ֣אשֵׁי/הֶ֔ם	b/7218 a	HR/Ncmpc/Sp3mp
Ezek 23:15	מַרְאֵ֥ה	4758	HNcmsc
Ezek 23:15	שָׁלִשִׁ֖ים	7991 c	HNcmpa
Ezek 23:15	כֻּלָּ֑/ם	3605	HNcmsc/Sp3mp
Ezek 23:15	דְּמ֤וּת	1823	HNcfsc
Ezek 23:15	בְּנֵֽי	1121 a	HNcmpc
Ezek 23:15	בָבֶל֙	894	HNp
Ezek 23:15	כַּשְׂדִּ֔ים	3778	HNp
Ezek 23:15	אֶ֖רֶץ	776	HNcbsc
Ezek 23:15	מוֹלַדְתָּֽ/ם	4138	HNcfsc/Sp3mp
Ezek 23:16	ו/תעגב	c/5689	HC/Vqw3fs
Ezek 23:16	עֲלֵי/הֶ֖ם	5921 a	HR/Sp3mp
Ezek 23:16	לְ/מַרְאֵ֣ה	l/4758	HR/Ncmsc
Ezek 23:16	עֵינֶ֑י/הָ	5869 a	HNcbdc/Sp3fs
Ezek 23:16	וַ/תִּשְׁלַ֧ח	c/7971	HC/Vqw3fs
Ezek 23:16	מַלְאָכִ֛ים	4397	HNcmpa
Ezek 23:16	אֲלֵי/הֶ֖ם	413	HR/Sp3mp
Ezek 23:16	כַּשְׂדִּֽימָ/ה	3778	HNp/Sd
Ezek 23:17	וַ/יָּבֹ֨אוּ	c/935	HC/Vqw3mp
Ezek 23:17	אֵלֶ֤י/הָ	413	HR/Sp3fs
Ezek 23:17	בְנֵֽי	1121 a	HNcmpc
Ezek 23:17	בָבֶל֙	894	HNp
Ezek 23:17	לְ/מִשְׁכַּ֣ב	l/4904	HR/Ncmsc
Ezek 23:17	דֹּדִ֔ים	1730	HNcmpa
Ezek 23:17	וַ/יְטַמְּא֥וּ	c/2930 a	HC/Vpw3mp
Ezek 23:17	אוֹתָ֖/הּ	853	HTo/Sp3fs
Ezek 23:17	בְּ/תַזְנוּתָ֑/ם	b/8457	HR/Ncfsc/Sp3mp
Ezek 23:17	וַ/תִּ֨טְמָא	c/2930 a	HC/Vqw3fs
Ezek 23:17	בָ֔/ם	b	HR/Sp3mp
Ezek 23:17	וַ/תֵּ֥קַע	c/3363	HC/Vqw3fs
Ezek 23:17	נַפְשָׁ֖/הּ	5315	HNcbsc/Sp3fs
Ezek 23:17	מֵ/הֶֽם	m	HR/Sp3mp
Ezek 23:18	וַ/תְּגַל֙	c/1540	HC/Vpw3fs
Ezek 23:18	תַּזְנוּתֶ֔י/הָ	8457	HNcfpc/Sp3fs
Ezek 23:18	וַ/תְּגַ֖ל	c/1540	HC/Vpw3fs
Ezek 23:18	אֶת	853	HTo
Ezek 23:18	עֶרְוָתָ֑/הּ	6172	HNcfsc/Sp3fs
Ezek 23:18	וַ/תֵּ֤קַע	c/3363	HC/Vqw3fs
Ezek 23:18	נַפְשִׁ/י֙	5315	HNcbsc/Sp1cs
Ezek 23:18	מֵֽ/עָלֶ֔י/הָ	m/5921 a	HR/R/Sp3fs
Ezek 23:18	כַּ/אֲשֶׁ֛ר	k/834 d	HR/Tr
Ezek 23:18	נָקְעָ֥ה	5361	HVqp3fs
Ezek 23:18	נַפְשִׁ֖/י	5315	HNcbsc/Sp1cs
Ezek 23:18	מֵ/עַ֥ל	m/5921 a	HR/R
Ezek 23:18	אֲחוֹתָֽ/הּ	269	HNcfsc/Sp3fs
Ezek 23:19	וַ/תַּרְבֶּ֖ה	c/7235 a	HC/Vhw3fs
Ezek 23:19	אֶת	853	HTo
Ezek 23:19	תַּזְנוּתֶ֑י/הָ	8457	HNcfpc/Sp3fs
Ezek 23:19	לִ/זְכֹּר֙	l/2142	HR/Vqc
Ezek 23:19	אֶת	853	HTo
Ezek 23:19	יְמֵ֣י	3117	HNcmpc
Ezek 23:19	נְעוּרֶ֔י/הָ	5271 a	HNcbpc/Sp3fs
Ezek 23:19	אֲשֶׁ֥ר	834 a	HTr
Ezek 23:19	זָנְתָ֖ה	2181	HVqp3fs
Ezek 23:19	בְּ/אֶ֥רֶץ	b/776	HR/Ncbsc
Ezek 23:19	מִצְרָֽיִם	4714	HNp
Ezek 23:20	וַֽ/תַּעְגְּבָ֔/ה	c/5689	HC/Vqw3fs/Sh
Ezek 23:20	עַ֖ל	5921 a	HR
Ezek 23:20	פִּֽלַגְשֵׁי/הֶ֑ם	6370	HNcfpc/Sp3mp
Ezek 23:20	אֲשֶׁ֤ר	834 a	HTr
Ezek 23:20	בְּשַׂר	1320	HNcmsc
Ezek 23:20	חֲמוֹרִים֙	2543	HNcbpa
Ezek 23:20	בְּשָׂרָ֔/ם	1320	HNcmsc/Sp3mp
Ezek 23:20	וְ/זִרְמַ֥ת	c/2231	HC/Ncfsc
Ezek 23:20	סוּסִ֖ים	5483 b	HNcmpa
Ezek 23:20	זִרְמָתָֽ/ם	2231	HNcfsc/Sp3mp
Ezek 23:21	וַֽ/תִּפְקְדִ֔י	c/6485 a	HC/Vqw2fs
Ezek 23:21	אֵ֖ת	853	HTo
Ezek 23:21	זִמַּ֣ת	2154	HNcfsc
Ezek 23:21	נְעוּרָ֑יִ/ךְ	5271 a	HNcbpc/Sp2fs
Ezek 23:21	בַּ/עְשׂ֤וֹת	b/6213 b	HR/Vqc
Ezek 23:21	מִ/מִּצְרַ֨יִם֙	m/4714	HR/Np
Ezek 23:21	דַּדַּ֔יִ/ךְ	1717	HNcmdc/Sp2fs
Ezek 23:21	לְמַ֖עַן	4616	HR
Ezek 23:21	שְׁדֵ֥י	7699 a	HNcmdc
Ezek 23:21	נְעוּרָֽיִ/ךְ	5271 a	HNcbpc/Sp2fs
Ezek 23:22	לָ/כֵ֣ן	l/3651 c	HR/D
Ezek 23:22	אָהֳלִיבָ֗ה	172	HNp
Ezek 23:22	כֹּֽה	3541	HD
Ezek 23:22	אָמַר֮	559	HVqp3ms
Ezek 23:22	אֲדֹנָ֣/י	136	HNcmpc/Sp1cs
Ezek 23:22	יְהוִה֒	3069	HNp
Ezek 23:22	הִנְ/נִ֨י	2005	HTm/Sp1cs
Ezek 23:22	מֵעִ֤יר	5782	HVhrmsa
Ezek 23:22	אֶת	853	HTo
Ezek 23:22	מְאַהֲבַ֨יִ/ךְ֙	157	HVprmpc/Sp2fs
Ezek 23:22	עָלַ֔יִ/ךְ	5921 a	HR/Sp2fs
Ezek 23:22	אֵ֛ת	853	HTo
Ezek 23:22	אֲשֶׁר	834 a	HTr
Ezek 23:22	נָקְעָ֥ה	5361	HVqp3fs
Ezek 23:22	נַפְשֵׁ֖/ךְ	5315	HNcbsc/Sp2fs
Ezek 23:22	מֵ/הֶ֑ם	m	HR/Sp3mp
Ezek 23:22	וַ/הֲבֵאתִ֥י/ם	c/935	HC/Vhq1cs/Sp3mp
Ezek 23:22	עָלַ֖יִ/ךְ	5921 a	HR/Sp2fs
Ezek 23:22	מִ/סָּבִֽיב	m/5439	HR/Ncbsa
Ezek 23:23	בְּנֵ֧י	1121 a	HNcmpc
Ezek 23:23	בָבֶ֣ל	894	HNp
Ezek 23:23	וְ/כָל	c/3605	HC/Ncmsc
Ezek 23:23	כַּשְׂדִּ֗ים	3778	HNp
Ezek 23:23	פְּק֤וֹד	6489	HNp
Ezek 23:23	וְ/שׁ֨וֹעַ֙	c/7772	HC/Np
Ezek 23:23	וְ/ק֔וֹעַ	c/6970	HC/Np
Ezek 23:23	כָּל	3605	HNcmsc
Ezek 23:23	בְּנֵ֥י	1121 a	HNcmpc
Ezek 23:23	אַשּׁ֖וּר	804	HNp
Ezek 23:23	אוֹתָ֑/ם	853	HTo/Sp3mp
Ezek 23:23	בַּח֨וּרֵי	970	HNcmpc
Ezek 23:23	חֶ֜מֶד	2531	HNcmsa
Ezek 23:23	פַּח֤וֹת	6346	HNcmpa
Ezek 23:23	וּ/סְגָנִים֙	c/5461	HC/Ncmpa
Ezek 23:23	כֻּלָּ֔/ם	3605	HNcmsc/Sp3mp
Ezek 23:23	שָֽׁלִשִׁים֙	7991 c	HNcmpa
Ezek 23:23	וּ/קְרוּאִ֔ים	c/7121	HC/Vqsmpa
Ezek 23:23	רֹכְבֵ֥י	7392	HVqrmpc
Ezek 23:23	סוּסִ֖ים	5483 b	HNcmpa
Ezek 23:23	כֻּלָּֽ/ם	3605	HNcmsc/Sp3mp
Ezek 23:24	וּ/בָ֣אוּ	c/935	HC/Vqq3cp
Ezek 23:24	עָלַ֡יִ/ךְ	5921 a	HR/Sp2fs
Ezek 23:24	הֹ֠צֶן	2021	HNcmsc
Ezek 23:24	רֶ֤כֶב	7393	HNcmsa
Ezek 23:24	וְ/גַלְגַּל֙	c/1534	HC/Ncmsa
Ezek 23:24	וּ/בִ/קְהַ֣ל	c/b/6951	HC/R/Ncmsc
Ezek 23:24	עַמִּ֔ים	5971 a	HNcmpa
Ezek 23:24	צִנָּ֤ה	6793 c	HNcfsa
Ezek 23:24	וּ/מָגֵן֙	c/4043	HC/Ncbsa
Ezek 23:24	וְ/קוֹבַ֔ע	c/6959	HC/Ncmsa
Ezek 23:24	יָשִׂ֥ימוּ	7760 a	HVqi3mp
Ezek 23:24	עָלַ֖יִ/ךְ	5921 a	HR/Sp2fs
Ezek 23:24	סָבִ֑יב	5439	HNcbsa
Ezek 23:24	וְ/נָתַתִּ֤י	c/5414	HC/Vqq1cs
Ezek 23:24	לִ/פְנֵי/הֶם֙	l/6440	HR/Ncbpc/Sp3mp
Ezek 23:24	מִשְׁפָּ֔ט	4941	HNcmsa
Ezek 23:24	וּ/שְׁפָט֖וּ/ךְ	c/8199	HC/Vqq3cp/Sp2fs
Ezek 23:24	בְּ/מִשְׁפְּטֵי/הֶֽם	b/4941	HR/Ncmpc/Sp3mp
Ezek 23:25	וְ/נָתַתִּ֨י	c/5414	HC/Vqq1cs
Ezek 23:25	קִנְאָתִ֜/י	7068	HNcfsc/Sp1cs
Ezek 23:25	בָּ֗/ךְ	b	HR/Sp2fs
Ezek 23:25	וְ/עָשׂ֤וּ	c/6213 a	HC/Vqq3cp
Ezek 23:25	אוֹתָ/ךְ֙	853	HTo/Sp2fs
Ezek 23:25	בְּ/חֵמָ֔ה	b/2534	HR/Ncfsa
Ezek 23:25	אַפֵּ֤/ךְ	639	HNcmsc/Sp2fs
Ezek 23:25	וְ/אָזְנַ֨יִ/ךְ֙	c/241	HC/Ncfdc/Sp2fs
Ezek 23:25	יָסִ֔ירוּ	5493	HVhi3mp
Ezek 23:25	וְ/אַחֲרִיתֵ֖/ךְ	c/319	HC/Ncfsc/Sp2fs
Ezek 23:25	בַּ/חֶ֣רֶב	b/2719	HRd/Ncfsa
Ezek 23:25	תִּפּ֑וֹל	5307	HVqi3fs
Ezek 23:25	הֵ֗מָּה	1992	HPp3mp
Ezek 23:25	בָּנַ֤יִ/ךְ	1121 a	HNcmpc/Sp2fs
Ezek 23:25	וּ/בְנוֹתַ֨יִ/ךְ֙	c/1323	HC/Ncfpc/Sp2fs
Ezek 23:25	יִקָּ֔חוּ	3947	HVqi3mp
Ezek 23:25	וְ/אַחֲרִיתֵ֖/ךְ	c/319	HC/Ncfsc/Sp2fs
Ezek 23:25	תֵּאָכֵ֥ל	398	HVNi3fs
Ezek 23:25	בָּ/אֵֽשׁ	b/784	HRd/Ncbsa
Ezek 23:26	וְ/הִפְשִׁיט֖וּ/ךְ	c/6584	HC/Vhq3cp/Sp2fs
Ezek 23:26	אֶת	853	HTo
Ezek 23:26	בְּגָדָ֑יִ/ךְ	899 b	HNcmpc/Sp2fs
Ezek 23:26	וְ/לָקְח֖וּ	c/3947	HC/Vqq3cp
Ezek 23:26	כְּלֵ֥י	3627	HNcmpc
Ezek 23:26	תִפְאַרְתֵּֽ/ךְ	8597	HNcfsc/Sp2fs
Ezek 23:27	וְ/הִשְׁבַּתִּ֤י	c/7673 a	HC/Vhq1cs
Ezek 23:27	זִמָּתֵ/ךְ֙	2154	HNcfsc/Sp2fs
Ezek 23:27	מִמֵּ֔/ךְ	4480 a	HR/Sp2fs
Ezek 23:27	וְ/אֶת	c/853	HC/To
Ezek 23:27	זְנוּתֵ֖/ךְ	2184	HNcfsc/Sp2fs
Ezek 23:27	מֵ/אֶ֣רֶץ	m/776	HR/Ncbsc
Ezek 23:27	מִצְרָ֑יִם	4714	HNp
Ezek 23:27	וְ/לֹֽא	c/3808	HC/Tn
Ezek 23:27	תִשְׂאִ֤י	5375	HVqi2fs
Ezek 23:27	עֵינַ֨יִ/ךְ֙	5869 a	HNcbdc/Sp2fs
Ezek 23:27	אֲלֵי/הֶ֔ם	413	HR/Sp3mp
Ezek 23:27	וּ/מִצְרַ֖יִם	c/4714	HC/Np
Ezek 23:27	לֹ֥א	3808	HTn
Ezek 23:27	תִזְכְּרִי	2142	HVqi2fs
Ezek 23:27	עֽוֹד	5750	HD
Ezek 23:28	כִּ֣י	3588 a	HC
Ezek 23:28	כֹ֤ה	3541	HD
Ezek 23:28	אָמַר֙	559	HVqp3ms
Ezek 23:28	אֲדֹנָ֣/י	136	HNcmpc/Sp1cs
Ezek 23:28	יְהוִ֔ה	3069	HNp
Ezek 23:28	הִנְ/נִי֙	2005	HTm/Sp1cs
Ezek 23:28	נֹֽתְנָ֔/ךְ	5414	HVqrmsc/Sp2fs
Ezek 23:28	בְּ/יַ֖ד	b/3027	HR/Ncbsc
Ezek 23:28	אֲשֶׁ֣ר	834 a	HTr
Ezek 23:28	שָׂנֵ֑את	8130	HVqp2fs
Ezek 23:28	בְּ/יַ֛ד	b/3027	HR/Ncbsc
Ezek 23:28	אֲשֶׁר	834 a	HTr
Ezek 23:28	נָקְעָ֥ה	5361	HVqp3fs
Ezek 23:28	נַפְשֵׁ֖/ךְ	5315	HNcbsc/Sp2fs
Ezek 23:28	מֵ/הֶֽם	m	HR/Sp3mp
Ezek 23:29	וְ/עָשׂ֨וּ	c/6213 a	HC/Vqq3cp
Ezek 23:29	אוֹתָ֜/ךְ	853	HTo/Sp2fs
Ezek 23:29	בְּ/שִׂנְאָ֗ה	b/8135	HR/Ncfsa
Ezek 23:29	וְ/לָקְחוּ֙	c/3947	HC/Vqq3cp
Ezek 23:29	כָּל	3605	HNcmsc
Ezek 23:29	יְגִיעֵ֔/ךְ	3018	HNcmsc/Sp2fs
Ezek 23:29	וַ/עֲזָב֖וּ/ךְ	c/5800 a	HC/Vqq3cp/Sp2fs
Ezek 23:29	עֵירֹ֣ם	5903	HAamsa
Ezek 23:29	וְ/עֶרְיָ֑ה	c/6181	HC/Ncfsa
Ezek 23:29	וְ/נִגְלָה֙	c/1540	HC/VNq3ms
Ezek 23:29	עֶרְוַ֣ת	6172	HNcfsc
Ezek 23:29	זְנוּנַ֔יִ/ךְ	2183	HNcmpc/Sp2fs
Ezek 23:29	וְ/זִמָּתֵ֖/ךְ	c/2154	HC/Ncfsc/Sp2fs
Ezek 23:29	וְ/תַזְנוּתָֽיִ/ךְ	c/8457	HC/Ncfpc/Sp2fs
Ezek 23:30	עָשֹׂ֥ה	6213 a	HVqa
Ezek 23:30	אֵ֖לֶּה	428	HPdxcp
Ezek 23:30	לָ֑/ךְ	l	HR/Sp2fs
Ezek 23:30	בִּ/זְנוֹתֵ/ךְ֙	b/2181	HR/Vqc/Sp2fs
Ezek 23:30	אַחֲרֵ֣י	310 a	HR
Ezek 23:30	גוֹיִ֔ם	1471 a	HNcmpa
Ezek 23:30	עַ֥ל	5921 a	HR
Ezek 23:30	אֲשֶׁר	834 a	HTr
Ezek 23:30	נִטְמֵ֖את	2930 a	HVNp2fs
Ezek 23:30	בְּ/גִלּוּלֵי/הֶֽם	b/1544	HR/Ncmpc/Sp3mp
Ezek 23:31	בְּ/דֶ֥רֶךְ	b/1870	HR/Ncbsc
Ezek 23:31	אֲחוֹתֵ֖/ךְ	269	HNcfsc/Sp2fs
Ezek 23:31	הָלָ֑כְתְּ	1980	HVqp2fs
Ezek 23:31	וְ/נָתַתִּ֥י	c/5414	HC/Vqq1cs
Ezek 23:31	כוֹסָ֖/הּ	3563 a	HNcfsc/Sp3fs
Ezek 23:31	בְּ/יָדֵֽ/ךְ	b/3027	HR/Ncbsc/Sp2fs
Ezek 23:32	כֹּ֤ה	3541	HD
Ezek 23:32	אָמַר֙	559	HVqp3ms
Ezek 23:32	אֲדֹנָ֣/י	136	HNcmpc/Sp1cs
Ezek 23:32	יְהֹוִ֔ה	3069	HNp
Ezek 23:32	כּ֤וֹס	3563 a	HNcfsc
Ezek 23:32	אֲחוֹתֵ/ךְ֙	269	HNcfsc/Sp2fs
Ezek 23:32	תִּשְׁתִּ֔י	8354	HVqi2fs
Ezek 23:32	הָ/עֲמֻקָּ֖ה	d/6013	HTd/Aafsa
Ezek 23:32	וְ/הָ/רְחָבָ֑ה	c/d/7342	HC/Td/Aafsa
Ezek 23:32	תִּהְיֶ֥ה	1961	HVqi3fs
Ezek 23:32	לִ/צְחֹ֛ק	l/6712	HR/Ncmsa
Ezek 23:32	וּ/לְ/לַ֖עַג	c/l/3933	HC/R/Ncmsa
Ezek 23:32	מִרְבָּ֥ה	4767	HNcfsa
Ezek 23:32	לְ/הָכִֽיל	l/3557	HR/Vhc
Ezek 23:33	שִׁכָּר֥וֹן	7943	HNcmsa
Ezek 23:33	וְ/יָג֖וֹן	c/3015	HC/Ncmsa
Ezek 23:33	תִּמָּלֵ֑אִי	4390	HVNi2fs
Ezek 23:33	כּ֚וֹס	3563 a	HNcfsc
Ezek 23:33	שַׁמָּ֣ה	8047	HNcfsa
Ezek 23:33	וּ/שְׁמָמָ֔ה	c/8077 a	HC/Ncfsa
Ezek 23:33	כּ֖וֹס	3563 a	HNcfsc
Ezek 23:33	אֲחוֹתֵ֥/ךְ	269	HNcfsc/Sp2fs
Ezek 23:33	שֹׁמְרֽוֹן	8111	HNp
Ezek 23:34	וְ/שָׁתִ֨ית	c/8354	HC/Vqq2fs
Ezek 23:34	אוֹתָ֜/הּ	853	HTo/Sp3fs
Ezek 23:34	וּ/מָצִ֗ית	c/4680	HC/Vqq2fs
Ezek 23:34	וְ/אֶת	c/853	HC/To
Ezek 23:34	חֲרָשֶׂ֛י/הָ	2789	HNcmpc/Sp3fs
Ezek 23:34	תְּגָרֵ֖מִי	1633 b	HVpi2fs
Ezek 23:34	וְ/שָׁדַ֣יִ/ךְ	c/7699 a	HC/Ncmdc/Sp2fs
Ezek 23:34	תְּנַתֵּ֑קִי	5423	HVpi2fs
Ezek 23:34	כִּ֚י	3588 a	HC
Ezek 23:34	אֲנִ֣י	589	HPp1cs
Ezek 23:34	דִבַּ֔רְתִּי	1696	HVpp1cs
Ezek 23:34	נְאֻ֖ם	5002	HNcmsc
Ezek 23:34	אֲדֹנָ֥/י	136	HNcmpc/Sp1cs
Ezek 23:34	יְהוִֽה	3069	HNp
Ezek 23:35	לָ/כֵ֗ן	l/3651 c	HR/D
Ezek 23:35	כֹּ֤ה	3541	HD
Ezek 23:35	אָמַר֙	559	HVqp3ms
Ezek 23:35	אֲדֹנָ֣/י	136	HNcmpc/Sp1cs
Ezek 23:35	יְהוִ֔ה	3069	HNp
Ezek 23:35	יַ֚עַן	3282	HC
Ezek 23:35	שָׁכַ֣חַתְּ	7911	HVqp2fs
Ezek 23:35	אוֹתִ֔/י	853	HTo/Sp1cs
Ezek 23:35	וַ/תַּשְׁלִ֥יכִי	c/7993	HC/Vhw2fs
Ezek 23:35	אוֹתִ֖/י	853	HTo/Sp1cs
Ezek 23:35	אַחֲרֵ֣י	310 a	HR
Ezek 23:35	גַוֵּ֑/ךְ	1458	HNcmsc/Sp2fs
Ezek 23:35	וְ/גַם	c/1571	HC/Ta
Ezek 23:35	אַ֛תְּ	859 c	HPp2fs
Ezek 23:35	שְׂאִ֥י	5375	HVqv2fs
Ezek 23:35	זִמָּתֵ֖/ךְ	2154	HNcfsc/Sp2fs
Ezek 23:35	וְ/אֶת	c/853	HC/To
Ezek 23:35	תַּזְנוּתָֽיִ/ךְ	8457	HNcfpc/Sp2fs
Ezek 23:36	וַ/יֹּ֤אמֶר	c/559	HC/Vqw3ms
Ezek 23:36	יְהוָה֙	3068	HNp
Ezek 23:36	אֵלַ֔/י	413	HR/Sp1cs
Ezek 23:36	בֶּן	1121 a	HNcmsc
Ezek 23:36	אָדָ֕ם	120	HNcmsa
Ezek 23:36	הֲ/תִשְׁפּ֥וֹט	i/8199	HTi/Vqi2ms
Ezek 23:36	אֶֽת	853	HTo
Ezek 23:36	אָהֳלָ֖ה	170	HNp
Ezek 23:36	וְ/אֶת	c/853	HC/To
Ezek 23:36	אָהֳלִיבָ֑ה	172	HNp
Ezek 23:36	וְ/הַגֵּ֣ד	c/5046	HC/Vhv2ms
Ezek 23:36	לָ/הֶ֔ן	l	HR/Sp3fp
Ezek 23:36	אֵ֖ת	853	HTo
Ezek 23:36	תוֹעֲבוֹתֵי/הֶֽן	8441	HNcfpc/Sp3fp
Ezek 23:37	כִּ֣י	3588 a	HC
Ezek 23:37	נִאֵ֗פוּ	5003	HVpp3cp
Ezek 23:37	וְ/דָם֙	c/1818	HC/Ncmsa
Ezek 23:37	בִּֽ/ידֵי/הֶ֔ן	b/3027	HR/Ncbdc/Sp3fp
Ezek 23:37	וְ/אֶת	c/854	HC/R
Ezek 23:37	גִּלּֽוּלֵי/הֶ֖ן	1544	HNcmpc/Sp3fp
Ezek 23:37	נִאֵ֑פוּ	5003	HVpp3cp
Ezek 23:37	וְ/גַ֤ם	c/1571	HC/Ta
Ezek 23:37	אֶת	853	HTo
Ezek 23:37	בְּנֵי/הֶן֙	1121 a	HNcmpc/Sp3fp
Ezek 23:37	אֲשֶׁ֣ר	834 a	HTr
Ezek 23:37	יָֽלְדוּ	3205	HVqp3cp
Ezek 23:37	לִ֔/י	l	HR/Sp1cs
Ezek 23:37	הֶעֱבִ֥ירוּ	5674 a	HVhp3cp
Ezek 23:37	לָ/הֶ֖ם	l	HR/Sp3mp
Ezek 23:37	לְ/אָכְלָֽה	l/402	HR/Ncfsa
Ezek 23:38	ע֥וֹד	5750	HD
Ezek 23:38	זֹ֖את	2063	HPdxfs
Ezek 23:38	עָ֣שׂוּ	6213 a	HVqp3cp
Ezek 23:38	לִ֑/י	l	HR/Sp1cs
Ezek 23:38	טִמְּא֤וּ	2930 a	HVpp3cp
Ezek 23:38	אֶת	853	HTo
Ezek 23:38	מִקְדָּשִׁ/י֙	4720	HNcmsc/Sp1cs
Ezek 23:38	בַּ/יּ֣וֹם	b/3117	HRd/Ncmsa
Ezek 23:38	הַ/ה֔וּא	d/1931	HTd/Pp3ms
Ezek 23:38	וְ/אֶת	c/853	HC/To
Ezek 23:38	שַׁבְּתוֹתַ֖/י	7676	HNcbpc/Sp1cs
Ezek 23:38	חִלֵּֽלוּ	2490 c	HVpp3cp
Ezek 23:39	וּֽ/בְ/שַׁחֲטָ֤/ם	c/b/7819 a	HC/R/Vqc/Sp3mp
Ezek 23:39	אֶת	853	HTo
Ezek 23:39	בְּנֵי/הֶם֙	1121 a	HNcmpc/Sp3mp
Ezek 23:39	לְ/גִלּ֣וּלֵי/הֶ֔ם	l/1544	HR/Ncmpc/Sp3mp
Ezek 23:39	וַ/יָּבֹ֧אוּ	c/935	HC/Vqw3mp
Ezek 23:39	אֶל	413	HR
Ezek 23:39	מִקְדָּשִׁ֛/י	4720	HNcmsc/Sp1cs
Ezek 23:39	בַּ/יּ֥וֹם	b/3117	HRd/Ncmsa
Ezek 23:39	הַ/ה֖וּא	d/1931	HTd/Pp3ms
Ezek 23:39	לְ/חַלְּל֑/וֹ	l/2490 c	HR/Vpc/Sp3ms
Ezek 23:39	וְ/הִנֵּה	c/2009	HC/Tm
Ezek 23:39	כֹ֥ה	3541	HD
Ezek 23:39	עָשׂ֖וּ	6213 a	HVqp3cp
Ezek 23:39	בְּ/ת֥וֹךְ	b/8432	HR/Ncmsc
Ezek 23:39	בֵּיתִֽ/י	1004 b	HNcmsc/Sp1cs
Ezek 23:40	וְ/אַ֗ף	c/637	HC/D
Ezek 23:40	כִּ֤י	3588 a	HC
Ezek 23:40	תִשְׁלַ֨חְנָה֙	7971	HVqi3fp
Ezek 23:40	לַֽ/אֲנָשִׁ֔ים	l/376	HR/Ncmpa
Ezek 23:40	בָּאִ֖ים	935	HVqrmpa
Ezek 23:40	מִ/מֶּרְחָ֑ק	m/4801	HR/Ncmsa
Ezek 23:40	אֲשֶׁ֨ר	834 a	HTr
Ezek 23:40	מַלְאָ֜ךְ	4397	HNcmsa
Ezek 23:40	שָׁל֤וּחַ	7971	HVqsmsa
Ezek 23:40	אֲלֵי/הֶם֙	413	HR/Sp3mp
Ezek 23:40	וְ/הִנֵּה	c/2009	HC/Tm
Ezek 23:40	בָ֔אוּ	935	HVqp3cp
Ezek 23:40	לַ/אֲשֶׁ֥ר	l/834 a	HR/Tr
Ezek 23:40	רָחַ֛צְתְּ	7364	HVqp2fs
Ezek 23:40	כָּחַ֥לְתְּ	3583	HVqp2fs
Ezek 23:40	עֵינַ֖יִ/ךְ	5869 a	HNcbdc/Sp2fs
Ezek 23:40	וְ/עָ֥דִית	c/5710 b	HC/Vqp2fs
Ezek 23:40	עֶֽדִי	5716	HNcmsa
Ezek 23:41	וְ/יָשַׁבְתְּ֙	c/3427	HC/Vqp2fs
Ezek 23:41	עַל	5921 a	HR
Ezek 23:41	מִטָּ֣ה	4296	HNcfsa
Ezek 23:41	כְבוּדָּ֔ה	3520 a	HNcfsa
Ezek 23:41	וְ/שֻׁלְחָ֥ן	c/7979	HC/Ncmsa
Ezek 23:41	עָר֖וּךְ	6186 a	HVqsmsa
Ezek 23:41	לְ/פָנֶ֑י/הָ	l/6440	HR/Ncbpc/Sp3fs
Ezek 23:41	וּ/קְטָרְתִּ֥/י	c/7004	HC/Ncfsc/Sp1cs
Ezek 23:41	וְ/שַׁמְנִ֖/י	c/8081	HC/Ncmsc/Sp1cs
Ezek 23:41	שַׂ֥מְתְּ	7760 a	HVqp2fs
Ezek 23:41	עָלֶֽי/הָ	5921 a	HR/Sp3fs
Ezek 23:42	וְ/ק֣וֹל	c/6963 a	HC/Ncmsa
Ezek 23:42	הָמוֹן֮	1995 a	HNcmsa
Ezek 23:42	שָׁלֵ֣ו	7961	HAamsa
Ezek 23:42	בָ/הּ֒	b	HR/Sp3fs
Ezek 23:42	וְ/אֶל	c/413	HC/R
Ezek 23:42	אֲנָשִׁים֙	376	HNcmpa
Ezek 23:42	מֵ/רֹ֣ב	m/7230	HR/Ncbsc
Ezek 23:42	אָדָ֔ם	120	HNcmsa
Ezek 23:42	מוּבָאִ֥ים	935	HVHsmpa
Ezek 23:42	סובאים	5433 b	HVqrmpa
Ezek 23:42	מִ/מִּדְבָּ֑ר	m/4057 b	HR/Ncmsa
Ezek 23:42	וַֽ/יִּתְּנ֤וּ	c/5414	HC/Vqw3mp
Ezek 23:42	צְמִידִים֙	6781 a	HNcmpa
Ezek 23:42	אֶל	413	HR
Ezek 23:42	יְדֵי/הֶ֔ן	3027	HNcbdc/Sp3fp
Ezek 23:42	וַ/עֲטֶ֥רֶת	c/5850	HC/Ncfsc
Ezek 23:42	תִּפְאֶ֖רֶת	8597	HNcfsa
Ezek 23:42	עַל	5921 a	HR
Ezek 23:42	רָאשֵׁי/הֶֽן	7218 a	HNcmpc/Sp3fp
Ezek 23:43	וָ/אֹמַ֕ר	c/559	HC/Vqw1cs
Ezek 23:43	לַ/בָּלָ֖ה	l/1087	HRd/Aafsa
Ezek 23:43	נִֽאוּפִ֑ים	5004	HNcmpa
Ezek 23:43	עת	6258	HD
Ezek 23:43	יזנה	2181	HVqi3ms
Ezek 23:43	תַזְנוּתֶ֖/הָ	8457	HNcfpc/Sp3fs
Ezek 23:43	וָ/הִֽיא	c/1931	HC/Pp3fs
Ezek 23:44	וַ/יָּב֣וֹא	c/935	HC/Vqw3ms
Ezek 23:44	אֵלֶ֔י/הָ	413	HR/Sp3fs
Ezek 23:44	כְּ/ב֖וֹא	k/935	HR/Vqc
Ezek 23:44	אֶל	413	HR
Ezek 23:44	אִשָּׁ֣ה	802	HNcfsa
Ezek 23:44	זוֹנָ֑ה	2181	HVqrfsa
Ezek 23:44	כֵּ֣ן	3651 c	HTm
Ezek 23:44	בָּ֗אוּ	935	HVqp3cp
Ezek 23:44	אֶֽל	413	HR
Ezek 23:44	אָֽהֳלָה֙	170	HNp
Ezek 23:44	וְ/אֶל	c/413	HC/R
Ezek 23:44	אָ֣הֳלִיבָ֔ה	172	HNp
Ezek 23:44	אִשֹּׁ֖ת	802	HNcfpc
Ezek 23:44	הַ/זִּמָּֽה	d/2154	HTd/Ncfsa
Ezek 23:45	וַ/אֲנָשִׁ֣ים	c/376	HC/Ncmpa
Ezek 23:45	צַדִּיקִ֗ם	6662	HAampa
Ezek 23:45	הֵ֚מָּה	1992	HPp3mp
Ezek 23:45	יִשְׁפְּט֣וּ	8199	HVqi3mp
Ezek 23:45	אֽוֹתְ/הֶ֔ם	853	HTo/Sp3mp
Ezek 23:45	מִשְׁפַּט֙	4941	HNcmsc
Ezek 23:45	נֹֽאֲפ֔וֹת	5003	HVqrfpa
Ezek 23:45	וּ/מִשְׁפַּ֖ט	c/4941	HC/Ncmsc
Ezek 23:45	שֹׁפְכ֣וֹת	8210	HVqrfpc
Ezek 23:45	דָּ֑ם	1818	HNcmsa
Ezek 23:45	כִּ֤י	3588 a	HC
Ezek 23:45	נֹֽאֲפֹת֙	5003	HVqrfpa
Ezek 23:45	הֵ֔נָּה	2007	HPp3fp
Ezek 23:45	וְ/דָ֖ם	c/1818	HC/Ncmsa
Ezek 23:45	בִּֽ/ידֵי/הֶֽן	b/3027	HR/Ncbdc/Sp3fp
Ezek 23:46	כִּ֛י	3588 a	HC
Ezek 23:46	כֹּ֥ה	3541	HD
Ezek 23:46	אָמַ֖ר	559	HVqp3ms
Ezek 23:46	אֲדֹנָ֣/י	136	HNcmpc/Sp1cs
Ezek 23:46	יְהוִ֑ה	3069	HNp
Ezek 23:46	הַעֲלֵ֤ה	5927	HVha
Ezek 23:46	עֲלֵי/הֶם֙	5921 a	HR/Sp3mp
Ezek 23:46	קָהָ֔ל	6951	HNcmsa
Ezek 23:46	וְ/נָתֹ֥ן	c/5414	HC/Vqa
Ezek 23:46	אֶתְ/הֶ֖ן	853	HTo/Sp3fp
Ezek 23:46	לְ/זַעֲוָ֥ה	l/2189	HR/Ncfsa
Ezek 23:46	וְ/לָ/בַֽז	c/l/957	HC/R/Ncmsa
Ezek 23:47	וְ/רָגְמ֨וּ	c/7275	HC/Vqq3cp
Ezek 23:47	עֲלֵי/הֶ֥ן	5921 a	HR/Sp3fp
Ezek 23:47	אֶ֨בֶן֙	68	HNcfsa
Ezek 23:47	קָהָ֔ל	6951	HNcmsa
Ezek 23:47	וּ/בָרֵ֥א	c/1254 a	HC/Vpa
Ezek 23:47	אוֹתְ/הֶ֖ן	853	HTo/Sp3fp
Ezek 23:47	בְּ/חַרְבוֹתָ֑/ם	b/2719	HR/Ncfpc/Sp3mp
Ezek 23:47	בְּנֵי/הֶ֤ם	1121 a	HNcmpc/Sp3mp
Ezek 23:47	וּ/בְנֽוֹתֵי/הֶם֙	c/1323	HC/Ncfpc/Sp3mp
Ezek 23:47	יַהֲרֹ֔גוּ	2026	HVqi3mp
Ezek 23:47	וּ/בָתֵּי/הֶ֖ן	c/1004 b	HC/Ncmpc/Sp3fp
Ezek 23:47	בָּ/אֵ֥שׁ	b/784	HRd/Ncbsa
Ezek 23:47	יִשְׂרֹֽפוּ	8313	HVqi3mp
Ezek 23:48	וְ/הִשְׁבַּתִּ֥י	c/7673 a	HC/Vhq1cs
Ezek 23:48	זִמָּ֖ה	2154	HNcfsa
Ezek 23:48	מִן	4480 a	HR
Ezek 23:48	הָ/אָ֑רֶץ	d/776	HTd/Ncbsa
Ezek 23:48	וְ/נִֽוַּסְּרוּ֙	c/3256	HC/VDq3cp
Ezek 23:48	כָּל	3605	HNcmsc
Ezek 23:48	הַ/נָּשִׁ֔ים	d/802	HTd/Ncfpa
Ezek 23:48	וְ/לֹ֥א	c/3808	HC/Tn
Ezek 23:48	תַעֲשֶׂ֖ינָה	6213 a	HVqi3fp
Ezek 23:48	כְּ/זִמַּתְ/כֶֽנָה	k/2154	HR/Ncfsc/Sp2fp
Ezek 23:49	וְ/נָתְנ֤וּ	c/5414	HC/Vqq3cp
Ezek 23:49	זִמַּתְ/כֶ֨נָה֙	2154	HNcfsc/Sp2fp
Ezek 23:49	עֲלֵי/כֶ֔ן	5921 a	HR/Sp2fp
Ezek 23:49	וַ/חֲטָאֵ֥י	c/2399	HC/Ncmpc
Ezek 23:49	גִלּוּלֵי/כֶ֖ן	1544	HNcmpc/Sp2fp
Ezek 23:49	תִּשֶּׂ֑אינָה	5375	HVqi2fp
Ezek 23:49	וִ/ידַעְתֶּ֕ם	c/3045	HC/Vqq2mp
Ezek 23:49	כִּ֥י	3588 a	HC
Ezek 23:49	אֲנִ֖י	589	HPp1cs
Ezek 23:49	אֲדֹנָ֥/י	136	HNcmpc/Sp1cs
Ezek 23:49	יְהוִֽה	3069	HNp
Ezek 24:1	וַ/יְהִי֩	c/1961	HC/Vqw3ms
Ezek 24:1	דְבַר	1697	HNcmsc
Ezek 24:1	יְהוָ֨ה	3068	HNp
Ezek 24:1	אֵלַ֜/י	413	HR/Sp1cs
Ezek 24:1	בַּ/שָּׁנָ֤ה	b/8141	HRd/Ncfsa
Ezek 24:1	הַ/תְּשִׁיעִית֙	d/8671	HTd/Aofsa
Ezek 24:1	בַּ/חֹ֣דֶשׁ	b/2320	HRd/Ncmsa
Ezek 24:1	הָ/עֲשִׂירִ֔י	d/6224	HTd/Aomsa
Ezek 24:1	בֶּ/עָשׂ֥וֹר	b/6218	HRd/Ncmsa
Ezek 24:1	לַ/חֹ֖דֶשׁ	l/2320	HRd/Ncmsa
Ezek 24:1	לֵ/אמֹֽר	l/559	HR/Vqc
Ezek 24:2	בֶּן	1121 a	HNcmsc
Ezek 24:2	אָדָ֗ם	120	HNcmsa
Ezek 24:2	כתוב	3789	HVqa
Ezek 24:2	לְ/ךָ֙	l	HR/Sp2ms
Ezek 24:2	אֶת	853	HTo
Ezek 24:2	שֵׁ֣ם	8034	HNcmsc
Ezek 24:2	הַ/יּ֔וֹם	d/3117	HTd/Ncmsa
Ezek 24:2	אֶת	853	HTo
Ezek 24:2	עֶ֖צֶם	6106	HNcfsc
Ezek 24:2	הַ/יּ֣וֹם	d/3117	HTd/Ncmsa
Ezek 24:2	הַ/זֶּ֑ה	d/2088	HTd/Pdxms
Ezek 24:2	סָמַ֤ךְ	5564	HVqp3ms
Ezek 24:2	מֶֽלֶךְ	4428	HNcmsc
Ezek 24:2	בָּבֶל֙	894	HNp
Ezek 24:2	אֶל	413	HR
Ezek 24:2	יְר֣וּשָׁלִַ֔ם	3389	HNp
Ezek 24:2	בְּ/עֶ֖צֶם	b/6106	HR/Ncfsc
Ezek 24:2	הַ/יּ֥וֹם	d/3117	HTd/Ncmsa
Ezek 24:2	הַ/זֶּֽה	d/2088	HTd/Pdxms
Ezek 24:3	וּ/מְשֹׁ֤ל	c/4911 b	HC/Vqv2ms
Ezek 24:3	אֶל	413	HR
Ezek 24:3	בֵּית	1004 b	HNcmsc
Ezek 24:3	הַ/מֶּ֨רִי֙	d/4805	HTd/Ncmsa
Ezek 24:3	מָשָׁ֔ל	4912	HNcmsa
Ezek 24:3	וְ/אָמַרְתָּ֣	c/559	HC/Vqq2ms
Ezek 24:3	אֲלֵי/הֶ֔ם	413	HR/Sp3mp
Ezek 24:3	כֹּ֥ה	3541	HD
Ezek 24:3	אָמַ֖ר	559	HVqp3ms
Ezek 24:3	אֲדֹנָ֣/י	136	HNcmpc/Sp1cs
Ezek 24:3	יְהוִ֑ה	3069	HNp
Ezek 24:3	שְׁפֹ֤ת	8239	HVqv2ms
Ezek 24:3	הַ/סִּיר֙	d/5518 a	HTd/Ncbsa
Ezek 24:3	שְׁפֹ֔ת	8239	HVqv2ms
Ezek 24:3	וְ/גַם	c/1571	HC/Ta
Ezek 24:3	יְצֹ֥ק	3332	HVqv2ms
Ezek 24:3	בּ֖/וֹ	b	HR/Sp3ms
Ezek 24:3	מָֽיִם	4325	HNcmpa
Ezek 24:4	אֱסֹ֤ף	622	HVqv2ms
Ezek 24:4	נְתָחֶ֨י/הָ֙	5409	HNcmpc/Sp3fs
Ezek 24:4	אֵלֶ֔י/הָ	413	HR/Sp3fs
Ezek 24:4	כָּל	3605	HNcmsc
Ezek 24:4	נֵ֥תַח	5409	HNcmsa
Ezek 24:4	ט֖וֹב	2896 a	HAamsa
Ezek 24:4	יָרֵ֣ךְ	3409	HNcfsa
Ezek 24:4	וְ/כָתֵ֑ף	c/3802	HC/Ncfsa
Ezek 24:4	מִבְחַ֥ר	4005	HNcmsc
Ezek 24:4	עֲצָמִ֖ים	6106	HNcfpa
Ezek 24:4	מַלֵּֽא	4390	HVpv2ms
Ezek 24:5	מִבְחַ֤ר	4005	HNcmsc
Ezek 24:5	הַ/צֹּאן֙	d/6629	HTd/Ncbsa
Ezek 24:5	לָק֔וֹחַ	3947	HVqa
Ezek 24:5	וְ/גַ֛ם	c/1571	HC/Ta
Ezek 24:5	דּ֥וּר	1754 a	HVqv2ms
Ezek 24:5	הָ/עֲצָמִ֖ים	d/6106	HTd/Ncfpa
Ezek 24:5	תַּחְתֶּ֑י/הָ	8478	HR/Sp3fs
Ezek 24:5	רַתַּ֣ח	7570	HVpv2ms
Ezek 24:5	רְתָחֶ֔י/הָ	7571	HNcmpc/Sp3fs
Ezek 24:5	גַּם	1571	HTa
Ezek 24:5	בָּשְׁל֥וּ	1310	HVqp3cp
Ezek 24:5	עֲצָמֶ֖י/הָ	6106	HNcfpc/Sp3fs
Ezek 24:5	בְּ/תוֹכָֽ/הּ	b/8432	HR/Ncmsc/Sp3fs
Ezek 24:6	לָ/כֵ֞ן	l/3651 c	HR/D
Ezek 24:6	כֹּה	3541	HD
Ezek 24:6	אָמַ֣ר	559	HVqp3ms
Ezek 24:6	אֲדֹנָ֣/י	136	HNcmpc/Sp1cs
Ezek 24:6	יְהֹוִ֗ה	3069	HNp
Ezek 24:6	אוֹי֮	188	HTj
Ezek 24:6	עִ֣יר	5892 b	HNcfsc
Ezek 24:6	הַ/דָּמִים֒	d/1818	HTd/Ncmpa
Ezek 24:6	סִ֚יר	5518 a	HNcbsa
Ezek 24:6	אֲשֶׁ֣ר	834 a	HTr
Ezek 24:6	חֶלְאָתָ֣/ה	2457	HNcfsc/Sp3fs
Ezek 24:6	בָ֔/הּ	b	HR/Sp3fs
Ezek 24:6	וְ/חֶ֨לְאָתָ֔/הּ	c/2457	HC/Ncfsc/Sp3fs
Ezek 24:6	לֹ֥א	3808	HTn
Ezek 24:6	יָצְאָ֖ה	3318	HVqp3fs
Ezek 24:6	מִמֶּ֑/נָּה	4480 a	HR/Sp3fs
Ezek 24:6	לִ/נְתָחֶ֤י/הָ	l/5409	HR/Ncmpc/Sp3fs
Ezek 24:6	לִ/נְתָחֶ֨י/הָ֙	l/5409	HR/Ncmpc/Sp3fs
Ezek 24:6	הוֹצִיאָ֔/הּ	3318	HVhv2ms/Sp3fs
Ezek 24:6	לֹא	3808	HTn
Ezek 24:6	נָפַ֥ל	5307	HVqp3ms
Ezek 24:6	עָלֶ֖י/הָ	5921 a	HR/Sp3fs
Ezek 24:6	גּוֹרָֽל	1486	HNcmsa
Ezek 24:7	כִּ֤י	3588 a	HC
Ezek 24:7	דָמָ/הּ֙	1818	HNcmsc/Sp3fs
Ezek 24:7	בְּ/תוֹכָ֣/הּ	b/8432	HR/Ncmsc/Sp3fs
Ezek 24:7	הָיָ֔ה	1961	HVqp3ms
Ezek 24:7	עַל	5921 a	HR
Ezek 24:7	צְחִ֥יחַ	6706	HNcmsc
Ezek 24:7	סֶ֖לַע	5553	HNcmsa
Ezek 24:7	שָׂמָ֑תְ/הוּ	7760 a	HVqp3fs/Sp3ms
Ezek 24:7	לֹ֤א	3808	HTn
Ezek 24:7	שְׁפָכַ֨תְ/הוּ֙	8210	HVqp3fs/Sp3ms
Ezek 24:7	עַל	5921 a	HR
Ezek 24:7	הָ/אָ֔רֶץ	d/776	HTd/Ncbsa
Ezek 24:7	לְ/כַסּ֥וֹת	l/3680	HR/Vpc
Ezek 24:7	עָלָ֖י/ו	5921 a	HR/Sp3ms
Ezek 24:7	עָפָֽר	6083	HNcmsa
Ezek 24:8	לְ/הַעֲל֤וֹת	l/5927	HR/Vhc
Ezek 24:8	חֵמָה֙	2534	HNcfsa
Ezek 24:8	לִ/נְקֹ֣ם	l/5358	HR/Vqc
Ezek 24:8	נָקָ֔ם	5359	HNcmsa
Ezek 24:8	נָתַ֥תִּי	5414	HVqp1cs
Ezek 24:8	אֶת	853	HTo
Ezek 24:8	דָּמָ֖/הּ	1818	HNcmsc/Sp3fs
Ezek 24:8	עַל	5921 a	HR
Ezek 24:8	צְחִ֣יחַ	6706	HNcmsc
Ezek 24:8	סָ֑לַע	5553	HNcmsa
Ezek 24:8	לְ/בִלְתִּ֖י	l/1115	HR/C
Ezek 24:8	הִכָּסֽוֹת	3680	HVNc
Ezek 24:9	לָ/כֵ֗ן	l/3651 c	HR/D
Ezek 24:9	כֹּ֤ה	3541	HD
Ezek 24:9	אָמַר֙	559	HVqp3ms
Ezek 24:9	אֲדֹנָ֣/י	136	HNcmpc/Sp1cs
Ezek 24:9	יְהוִ֔ה	3069	HNp
Ezek 24:9	א֖וֹי	188	HTj
Ezek 24:9	עִ֣יר	5892 b	HNcfsc
Ezek 24:9	הַ/דָּמִ֑ים	d/1818	HTd/Ncmpa
Ezek 24:9	גַּם	1571	HTa
Ezek 24:9	אֲנִ֖י	589	HPp1cs
Ezek 24:9	אַגְדִּ֥יל	1431	HVhi1cs
Ezek 24:9	הַ/מְּדוּרָֽה	d/4071	HTd/Ncfsa
Ezek 24:10	הַרְבֵּ֤ה	7235 a	HVhv2ms
Ezek 24:10	הָ/עֵצִים֙	d/6086	HTd/Ncmpa
Ezek 24:10	הַדְלֵ֣ק	1814	HVhv2ms
Ezek 24:10	הָ/אֵ֔שׁ	d/784	HTd/Ncbsa
Ezek 24:10	הָתֵ֖ם	8552	HVha
Ezek 24:10	הַ/בָּשָׂ֑ר	d/1320	HTd/Ncmsa
Ezek 24:10	וְ/הַרְקַח֙	c/7543	HC/Vhv2ms
Ezek 24:10	הַ/מֶּרְקָחָ֔ה	d/4841	HTd/Ncfsa
Ezek 24:10	וְ/הָ/עֲצָמ֖וֹת	c/d/6106	HC/Td/Ncfpa
Ezek 24:10	יֵחָֽרוּ	2787	HVNi3mp
Ezek 24:11	וְ/הַעֲמִידֶ֥/הָ	c/5975	HC/Vhv2ms/Sp3fs
Ezek 24:11	עַל	5921 a	HR
Ezek 24:11	גֶּחָלֶ֖י/הָ	1513	HNcbpc/Sp3fs
Ezek 24:11	רֵקָ֑ה	7386	HAafsa
Ezek 24:11	לְמַ֨עַן	4616	HR
Ezek 24:11	תֵּחַ֜ם	3179	HVqi3fs
Ezek 24:11	וְ/חָ֣רָה	c/2787	HC/Vqq3fs
Ezek 24:11	נְחֻשְׁתָּ֗/הּ	5178 a	HNcfsc/Sp3fs
Ezek 24:11	וְ/נִתְּכָ֤ה	c/5413	HC/VNq3fs
Ezek 24:11	בְ/תוֹכָ/הּ֙	b/8432	HR/Ncmsc/Sp3fs
Ezek 24:11	טֻמְאָתָ֔/הּ	2932	HNcfsc/Sp3fs
Ezek 24:11	תִּתֻּ֖ם	8552	HVqi3fs
Ezek 24:11	חֶלְאָתָֽ/הּ	2457	HNcfsc/Sp3fs
Ezek 24:12	תְּאֻנִ֖ים	8383	HNcmpa
Ezek 24:12	הֶלְאָ֑ת	3811	HVhp3fs
Ezek 24:12	וְ/לֹֽא	c/3808	HC/Tn
Ezek 24:12	תֵצֵ֤א	3318	HVqi3fs
Ezek 24:12	מִמֶּ֨/נָּה֙	4480 a	HR/Sp3fs
Ezek 24:12	רַבַּ֣ת	7227 a	HAafsc
Ezek 24:12	חֶלְאָתָ֔/הּ	2457	HNcfsc/Sp3fs
Ezek 24:12	בְּ/אֵ֖שׁ	b/784	HR/Ncbsa
Ezek 24:12	חֶלְאָתָֽ/הּ	2457	HNcfsc/Sp3fs
Ezek 24:13	בְּ/טֻמְאָתֵ֖/ךְ	b/2932	HR/Ncfsc/Sp2fs
Ezek 24:13	זִמָּ֑ה	2154	HNcfsa
Ezek 24:13	יַ֤עַן	3282	HC
Ezek 24:13	טִֽהַרְתִּי/ךְ֙	2891	HVpp1cs/Sp2fs
Ezek 24:13	וְ/לֹ֣א	c/3808	HC/Tn
Ezek 24:13	טָהַ֔רְתְּ	2891	HVqp2fs
Ezek 24:13	מִ/טֻּמְאָתֵ/ךְ֙	m/2932	HR/Ncfsc/Sp2fs
Ezek 24:13	לֹ֣א	3808	HTn
Ezek 24:13	תִטְהֲרִי	2891	HVqi2fs
Ezek 24:13	ע֔וֹד	5750	HD
Ezek 24:13	עַד	5704	HR
Ezek 24:13	הֲנִיחִ֥/י	5117	HVhc/Sp1cs
Ezek 24:13	אֶת	853	HTo
Ezek 24:13	חֲמָתִ֖/י	2534	HNcfsc/Sp1cs
Ezek 24:13	בָּֽ/ךְ	b	HR/Sp2fs
Ezek 24:14	אֲנִ֨י	589	HPp1cs
Ezek 24:14	יְהוָ֤ה	3068	HNp
Ezek 24:14	דִּבַּ֨רְתִּי֙	1696	HVpp1cs
Ezek 24:14	בָּאָ֣ה	935	HVqrfsa
Ezek 24:14	וְ/עָשִׂ֔יתִי	c/6213 a	HC/Vqq1cs
Ezek 24:14	לֹֽא	3808	HTn
Ezek 24:14	אֶפְרַ֥ע	6544 b	HVqi1cs
Ezek 24:14	וְ/לֹא	c/3808	HC/Tn
Ezek 24:14	אָח֖וּס	2347	HVqi1cs
Ezek 24:14	וְ/לֹ֣א	c/3808	HC/Tn
Ezek 24:14	אֶנָּחֵ֑ם	5162	HVNi1cs
Ezek 24:14	כִּ/דְרָכַ֤יִ/ךְ	k/1870	HR/Ncbpc/Sp2fs
Ezek 24:14	וְ/כַ/עֲלִילוֹתַ֨יִ/ךְ֙	c/k/5949	HC/R/Ncfpc/Sp2fs
Ezek 24:14	שְׁפָט֔וּ/ךְ	8199	HVqp3cp/Sp2fs
Ezek 24:14	נְאֻ֖ם	5002	HNcmsc
Ezek 24:14	אֲדֹנָ֥/י	136	HNcmpc/Sp1cs
Ezek 24:14	יְהֹוִֽה	3069	HNp
Ezek 24:15	וַ/יְהִ֥י	c/1961	HC/Vqw3ms
Ezek 24:15	דְבַר	1697	HNcmsc
Ezek 24:15	יְהוָ֖ה	3068	HNp
Ezek 24:15	אֵלַ֥/י	413	HR/Sp1cs
Ezek 24:15	לֵ/אמֹֽר	l/559	HR/Vqc
Ezek 24:16	בֶּן	1121 a	HNcmsc
Ezek 24:16	אָדָ֕ם	120	HNcmsa
Ezek 24:16	הִנְ/נִ֨י	2005	HTm/Sp1cs
Ezek 24:16	לֹקֵ֧חַ	3947	HVqrmsa
Ezek 24:16	מִמְּ/ךָ֛	4480 a	HR/Sp2ms
Ezek 24:16	אֶת	853	HTo
Ezek 24:16	מַחְמַ֥ד	4261	HNcmsc
Ezek 24:16	עֵינֶ֖י/ךָ	5869 a	HNcbdc/Sp2ms
Ezek 24:16	בְּ/מַגֵּפָ֑ה	b/4046	HR/Ncfsa
Ezek 24:16	וְ/לֹ֤א	c/3808	HC/Tn
Ezek 24:16	תִסְפֹּד֙	5594	HVqi2ms
Ezek 24:16	וְ/לֹ֣א	c/3808	HC/Tn
Ezek 24:16	תִבְכֶּ֔ה	1058	HVqi2ms
Ezek 24:16	וְ/ל֥וֹא	c/3808	HC/Tn
Ezek 24:16	תָב֖וֹא	935	HVqi3fs
Ezek 24:16	דִּמְעָתֶֽ/ךָ	1832	HNcfsc/Sp2ms
Ezek 24:17	הֵאָנֵ֣ק	602	HVNv2ms
Ezek 24:17	דֹּ֗ם	1826 a	HVqv2ms
Ezek 24:17	מֵתִים֙	4191	HVqrmpa
Ezek 24:17	אֵ֣בֶל	60	HNcmsa
Ezek 24:17	לֹֽא	3808	HTn
Ezek 24:17	תַֽעֲשֶׂ֔ה	6213 a	HVqi2ms
Ezek 24:17	פְאֵֽרְ/ךָ֙	6287	HNcmsc/Sp2ms
Ezek 24:17	חֲב֣וֹשׁ	2280	HVqv2ms
Ezek 24:17	עָלֶ֔י/ךָ	5921 a	HR/Sp2ms
Ezek 24:17	וּ/נְעָלֶ֖י/ךָ	c/5275	HC/Ncfpc/Sp2ms
Ezek 24:17	תָּשִׂ֣ים	7760 a	HVqi2ms
Ezek 24:17	בְּ/רַגְלֶ֑י/ךָ	b/7272	HR/Ncfdc/Sp2ms
Ezek 24:17	וְ/לֹ֤א	c/3808	HC/Tn
Ezek 24:17	תַעְטֶה֙	5844 a	HVqi2ms
Ezek 24:17	עַל	5921 a	HR
Ezek 24:17	שָׂפָ֔ם	8222	HNcmsa
Ezek 24:17	וְ/לֶ֥חֶם	c/3899	HC/Ncbsc
Ezek 24:17	אֲנָשִׁ֖ים	376	HNcmpa
Ezek 24:17	לֹ֥א	3808	HTn
Ezek 24:17	תֹאכֵֽל	398	HVqi2ms
Ezek 24:18	וָ/אֲדַבֵּ֤ר	c/1696	HC/Vpw1cs
Ezek 24:18	אֶל	413	HR
Ezek 24:18	הָ/עָם֙	d/5971 a	HTd/Ncmsa
Ezek 24:18	בַּ/בֹּ֔קֶר	b/1242	HRd/Ncmsa
Ezek 24:18	וַ/תָּ֥מָת	c/4191	HC/Vqw3fs
Ezek 24:18	אִשְׁתִּ֖/י	802	HNcfsc/Sp1cs
Ezek 24:18	בָּ/עָ֑רֶב	b/6153	HRd/Ncmsa
Ezek 24:18	וָ/אַ֥עַשׂ	c/6213 a	HC/Vqw1cs
Ezek 24:18	בַּ/בֹּ֖קֶר	b/1242	HRd/Ncmsa
Ezek 24:18	כַּ/אֲשֶׁ֥ר	k/834 d	HR/Tr
Ezek 24:18	צֻוֵּֽיתִי	6680	HVPp1cs
Ezek 24:19	וַ/יֹּאמְר֥וּ	c/559	HC/Vqw3mp
Ezek 24:19	אֵלַ֖/י	413	HR/Sp1cs
Ezek 24:19	הָ/עָ֑ם	d/5971 a	HTd/Ncmsa
Ezek 24:19	הֲ/לֹֽא	i/3808	HTi/Tn
Ezek 24:19	תַגִּ֥יד	5046	HVhi2ms
Ezek 24:19	לָ֨/נוּ֙	l	HR/Sp1cp
Ezek 24:19	מָה	4100	HTi
Ezek 24:19	אֵ֣לֶּה	428	HPdxcp
Ezek 24:19	לָּ֔/נוּ	l	HR/Sp1cp
Ezek 24:19	כִּ֥י	3588 a	HC
Ezek 24:19	אַתָּ֖ה	859 a	HPp2ms
Ezek 24:19	עֹשֶֽׂה	6213 a	HVqrmsa
Ezek 24:20	וָ/אֹמַ֖ר	c/559	HC/Vqw1cs
Ezek 24:20	אֲלֵי/הֶ֑ם	413	HR/Sp3mp
Ezek 24:20	דְּבַ֨ר	1697	HNcmsc
Ezek 24:20	יְהוָ֔ה	3068	HNp
Ezek 24:20	הָיָ֥ה	1961	HVqp3ms
Ezek 24:20	אֵלַ֖/י	413	HR/Sp1cs
Ezek 24:20	לֵ/אמֹֽר	l/559	HR/Vqc
Ezek 24:21	אֱמֹ֣ר	559	HVqv2ms
Ezek 24:21	לְ/בֵ֣ית	l/1004 b	HR/Ncmsc
Ezek 24:21	יִשְׂרָאֵ֗ל	3478	HNp
Ezek 24:21	כֹּֽה	3541	HD
Ezek 24:21	אָמַר֮	559	HVqp3ms
Ezek 24:21	אֲדֹנָ֣/י	136	HNcmpc/Sp1cs
Ezek 24:21	יְהוִה֒	3069	HNp
Ezek 24:21	הִנְ/נִ֨י	2005	HTm/Sp1cs
Ezek 24:21	מְחַלֵּ֤ל	2490 c	HVprmsa
Ezek 24:21	אֶת	853	HTo
Ezek 24:21	מִקְדָּשִׁ/י֙	4720	HNcmsc/Sp1cs
Ezek 24:21	גְּא֣וֹן	1347	HNcmsc
Ezek 24:21	עֻזְּ/כֶ֔ם	5797	HNcmsc/Sp2mp
Ezek 24:21	מַחְמַ֥ד	4261	HNcmsc
Ezek 24:21	עֵֽינֵי/כֶ֖ם	5869 a	HNcbdc/Sp2mp
Ezek 24:21	וּ/מַחְמַ֣ל	c/4263	HC/Ncmsc
Ezek 24:21	נַפְשְׁ/כֶ֑ם	5315	HNcbsc/Sp2mp
Ezek 24:21	וּ/בְנֵי/כֶ֧ם	c/1121 a	HC/Ncmpc/Sp2mp
Ezek 24:21	וּ/בְנֽוֹתֵי/כֶ֛ם	c/1323	HC/Ncfpc/Sp2mp
Ezek 24:21	אֲשֶׁ֥ר	834 a	HTr
Ezek 24:21	עֲזַבְתֶּ֖ם	5800 a	HVqp2mp
Ezek 24:21	בַּ/חֶ֥רֶב	b/2719	HRd/Ncfsa
Ezek 24:21	יִפֹּֽלוּ	5307	HVqi3mp
Ezek 24:22	וַ/עֲשִׂיתֶ֖ם	c/6213 a	HC/Vqq2mp
Ezek 24:22	כַּ/אֲשֶׁ֣ר	k/834 d	HR/Tr
Ezek 24:22	עָשִׂ֑יתִי	6213 a	HVqp1cs
Ezek 24:22	עַל	5921 a	HR
Ezek 24:22	שָׂפָם֙	8222	HNcmsa
Ezek 24:22	לֹ֣א	3808	HTn
Ezek 24:22	תַעְט֔וּ	5844 a	HVqi2mp
Ezek 24:22	וְ/לֶ֥חֶם	c/3899	HC/Ncbsc
Ezek 24:22	אֲנָשִׁ֖ים	376	HNcmpa
Ezek 24:22	לֹ֥א	3808	HTn
Ezek 24:22	תֹאכֵֽלוּ	398	HVqi2mp
Ezek 24:23	וּ/פְאֵרֵ/כֶ֣ם	c/6287	HC/Ncmpc/Sp2mp
Ezek 24:23	עַל	5921 a	HR
Ezek 24:23	רָאשֵׁי/כֶ֗ם	7218 a	HNcmpc/Sp2mp
Ezek 24:23	וְ/נַֽעֲלֵי/כֶם֙	c/5275	HC/Ncfpc/Sp2mp
Ezek 24:23	בְּ/רַגְלֵי/כֶ֔ם	b/7272	HR/Ncfdc/Sp2mp
Ezek 24:23	לֹ֥א	3808	HTn
Ezek 24:23	תִסְפְּד֖וּ	5594	HVqi2mp
Ezek 24:23	וְ/לֹ֣א	c/3808	HC/Tn
Ezek 24:23	תִבְכּ֑וּ	1058	HVqi2mp
Ezek 24:23	וּ/נְמַקֹּתֶם֙	c/4743	HC/VNq2mp
Ezek 24:23	בַּ/עֲוֺנֹ֣תֵי/כֶ֔ם	b/5771	HR/Ncbpc/Sp2mp
Ezek 24:23	וּ/נְהַמְתֶּ֖ם	c/5098	HC/Vqq2mp
Ezek 24:23	אִ֥ישׁ	376	HNcmsa
Ezek 24:23	אֶל	413	HR
Ezek 24:23	אָחִֽי/ו	251	HNcmsc/Sp3ms
Ezek 24:24	וְ/הָיָ֨ה	c/1961	HC/Vqq3ms
Ezek 24:24	יְחֶזְקֵ֤אל	3168	HNp
Ezek 24:24	לָ/כֶם֙	l	HR/Sp2mp
Ezek 24:24	לְ/מוֹפֵ֔ת	l/4159	HR/Ncmsa
Ezek 24:24	כְּ/כֹ֥ל	k/3605	HR/Ncmsa
Ezek 24:24	אֲשֶׁר	834 a	HTr
Ezek 24:24	עָשָׂ֖ה	6213 a	HVqp3ms
Ezek 24:24	תַּעֲשׂ֑וּ	6213 a	HVqi2mp
Ezek 24:24	בְּ/בֹאָ֕/הּ	b/935	HR/Vqc/Sp3fs
Ezek 24:24	וִֽ/ידַעְתֶּ֕ם	c/3045	HC/Vqq2mp
Ezek 24:24	כִּ֥י	3588 a	HC
Ezek 24:24	אֲנִ֖י	589	HPp1cs
Ezek 24:24	אֲדֹנָ֥/י	136	HNcmpc/Sp1cs
Ezek 24:24	יְהוִֽה	3069	HNp
Ezek 24:25	וְ/אַתָּ֣ה	c/859 a	HC/Pp2ms
Ezek 24:25	בֶן	1121 a	HNcmsc
Ezek 24:25	אָדָ֔ם	120	HNcmsa
Ezek 24:25	הֲ/ל֗וֹא	i/3808	HTi/Tn
Ezek 24:25	בְּ/י֨וֹם	b/3117	HR/Ncmsc
Ezek 24:25	קַחְתִּ֤/י	3947	HVqc/Sp1cs
Ezek 24:25	מֵ/הֶם֙	m	HR/Sp3mp
Ezek 24:25	אֶת	853	HTo
Ezek 24:25	מָ֣עוּזָּ֔/ם	4581	HNcmsc/Sp3mp
Ezek 24:25	מְשׂ֖וֹשׂ	4885	HNcmsc
Ezek 24:25	תִּפְאַרְתָּ֑/ם	8597	HNcfsc/Sp3mp
Ezek 24:25	אֶת	853	HTo
Ezek 24:25	מַחְמַ֤ד	4261	HNcmsc
Ezek 24:25	עֵֽינֵי/הֶם֙	5869 a	HNcbdc/Sp3mp
Ezek 24:25	וְ/אֶת	c/853	HC/To
Ezek 24:25	מַשָּׂ֣א	4853 a	HNcmsc
Ezek 24:25	נַפְשָׁ֔/ם	5315	HNcbsc/Sp3mp
Ezek 24:25	בְּנֵי/הֶ֖ם	1121 a	HNcmpc/Sp3mp
Ezek 24:25	וּ/בְנוֹתֵי/הֶֽם	c/1323	HC/Ncfpc/Sp3mp
Ezek 24:26	בַּ/יּ֣וֹם	b/3117	HRd/Ncmsa
Ezek 24:26	הַ/ה֔וּא	d/1931	HTd/Pp3ms
Ezek 24:26	יָב֥וֹא	935	HVqi3ms
Ezek 24:26	הַ/פָּלִ֖יט	d/6412 a	HTd/Ncmsa
Ezek 24:26	אֵלֶ֑י/ךָ	413	HR/Sp2ms
Ezek 24:26	לְ/הַשְׁמָע֖וּת	l/2045	HR/Ncfsc
Ezek 24:26	אָזְנָֽיִם	241	HNcfda
Ezek 24:27	בַּ/יּ֣וֹם	b/3117	HRd/Ncmsa
Ezek 24:27	הַ/ה֗וּא	d/1931	HTd/Pp3ms
Ezek 24:27	יִפָּ֤תַח	6605 a	HVNi3ms
Ezek 24:27	פִּ֨י/ךָ֙	6310	HNcmsc/Sp2ms
Ezek 24:27	אֶת	853	HTo
Ezek 24:27	הַ/פָּלִ֔יט	d/6412 a	HTd/Ncmsa
Ezek 24:27	וּ/תְדַבֵּ֕ר	c/1696	HC/Vpi2ms
Ezek 24:27	וְ/לֹ֥א	c/3808	HC/Tn
Ezek 24:27	תֵֽאָלֵ֖ם	481	HVNi2ms
Ezek 24:27	ע֑וֹד	5750	HD
Ezek 24:27	וְ/הָיִ֤יתָ	c/1961	HC/Vqq2ms
Ezek 24:27	לָ/הֶם֙	l	HR/Sp3mp
Ezek 24:27	לְ/מוֹפֵ֔ת	l/4159	HR/Ncmsa
Ezek 24:27	וְ/יָדְע֖וּ	c/3045	HC/Vqq3cp
Ezek 24:27	כִּֽי	3588 a	HC
Ezek 24:27	אֲנִ֥י	589	HPp1cs
Ezek 24:27	יְהוָֽה	3068	HNp
Ezek 25:1	וַ/יְהִ֥י	c/1961	HC/Vqw3ms
Ezek 25:1	דְבַר	1697	HNcmsc
Ezek 25:1	יְהוָ֖ה	3068	HNp
Ezek 25:1	אֵלַ֥/י	413	HR/Sp1cs
Ezek 25:1	לֵ/אמֹֽר	l/559	HR/Vqc
Ezek 25:2	בֶּן	1121 a	HNcmsc
Ezek 25:2	אָדָ֕ם	120	HNcmsa
Ezek 25:2	שִׂ֥ים	7760 a	HVqv2ms
Ezek 25:2	פָּנֶ֖י/ךָ	6440	HNcbpc/Sp2ms
Ezek 25:2	אֶל	413	HR
Ezek 25:2	בְּנֵ֣י	1121 a	HNcmpc
Ezek 25:2	עַמּ֑וֹן	5983	HNp
Ezek 25:2	וְ/הִנָּבֵ֖א	c/5012	HC/VNv2ms
Ezek 25:2	עֲלֵי/הֶֽם	5921 a	HR/Sp3mp
Ezek 25:3	וְ/אָֽמַרְתָּ֙	c/559	HC/Vqq2ms
Ezek 25:3	לִ/בְנֵ֣י	l/1121 a	HR/Ncmpc
Ezek 25:3	עַמּ֔וֹן	5983	HNp
Ezek 25:3	שִׁמְע֖וּ	8085	HVqv2mp
Ezek 25:3	דְּבַר	1697	HNcmsc
Ezek 25:3	אֲדֹנָ֣/י	136	HNcmpc/Sp1cs
Ezek 25:3	יְהוִ֑ה	3069	HNp
Ezek 25:3	כֹּה	3541	HD
Ezek 25:3	אָמַ֣ר	559	HVqp3ms
Ezek 25:3	אֲדֹנָ֣/י	136	HNcmpc/Sp1cs
Ezek 25:3	יְהוִ֡ה	3069	HNp
Ezek 25:3	יַעַן֩	3282	HC
Ezek 25:3	אָמְרֵ֨/ךְ	559	HVqc/Sp2fs
Ezek 25:3	הֶאָ֜ח	1889	HTj
Ezek 25:3	אֶל	413	HR
Ezek 25:3	מִקְדָּשִׁ֣/י	4720	HNcmsc/Sp1cs
Ezek 25:3	כִֽי	3588 a	HC
Ezek 25:3	נִחָ֗ל	2490 c	HVNp3ms
Ezek 25:3	וְ/אֶל	c/413	HC/R
Ezek 25:3	אַדְמַ֤ת	127	HNcfsc
Ezek 25:3	יִשְׂרָאֵל֙	3478	HNp
Ezek 25:3	כִּ֣י	3588 a	HC
Ezek 25:3	נָשַׁ֔מָּה	8074	HVNp3fs
Ezek 25:3	וְ/אֶל	c/413	HC/R
Ezek 25:3	בֵּ֣ית	1004 b	HNcmsc
Ezek 25:3	יְהוּדָ֔ה	3063	HNp
Ezek 25:3	כִּ֥י	3588 a	HC
Ezek 25:3	הָלְכ֖וּ	1980	HVqp3cp
Ezek 25:3	בַּ/גּוֹלָֽה	b/1473	HRd/Ncfsa
Ezek 25:4	לָ/כֵ֡ן	l/3651 c	HR/D
Ezek 25:4	הִנְ/נִי֩	2005	HTm/Sp1cs
Ezek 25:4	נֹתְנָ֨/ךְ	5414	HVqrmsc/Sp2fs
Ezek 25:4	לִ/בְנֵי	l/1121 a	HR/Ncmpc
Ezek 25:4	קֶ֜דֶם	6924 a	HNcmsa
Ezek 25:4	לְ/מֽוֹרָשָׁ֗ה	l/4181	HR/Ncfsa
Ezek 25:4	וְ/יִשְּׁב֤וּ	c/3427	HC/Vpq3cp
Ezek 25:4	טִירֽוֹתֵי/הֶם֙	2918	HNcfpc/Sp3mp
Ezek 25:4	בָּ֔/ךְ	b	HR/Sp2fs
Ezek 25:4	וְ/נָ֥תְנוּ	c/5414	HC/Vqq3cp
Ezek 25:4	בָ֖/ךְ	b	HR/Sp2fs
Ezek 25:4	מִשְׁכְּנֵי/הֶ֑ם	4908	HNcmpc/Sp3mp
Ezek 25:4	הֵ֚מָּה	1992	HPp3mp
Ezek 25:4	יֹאכְל֣וּ	398	HVqi3mp
Ezek 25:4	פִרְיֵ֔/ךְ	6529	HNcmsc/Sp2fs
Ezek 25:4	וְ/הֵ֖מָּה	c/1992	HC/Pp3mp
Ezek 25:4	יִשְׁתּ֥וּ	8354	HVqi3mp
Ezek 25:4	חֲלָבֵֽ/ךְ	2461	HNcmsc/Sp2fs
Ezek 25:5	וְ/נָתַתִּ֤י	c/5414	HC/Vqq1cs
Ezek 25:5	אֶת	853	HTo
Ezek 25:5	רַבָּה֙	7237	HNp
Ezek 25:5	לִ/נְוֵ֣ה	l/5116 a	HR/Ncbsc
Ezek 25:5	גְמַלִּ֔ים	1581	HNcmpa
Ezek 25:5	וְ/אֶת	c/853	HC/To
Ezek 25:5	בְּנֵ֥י	1121 a	HNcmpc
Ezek 25:5	עַמּ֖וֹן	5983	HNp
Ezek 25:5	לְ/מִרְבַּץ	l/4769	HR/Ncmsc
Ezek 25:5	צֹ֑אן	6629	HNcbsa
Ezek 25:5	וִֽ/ידַעְתֶּ֖ם	c/3045	HC/Vqq2mp
Ezek 25:5	כִּֽי	3588 a	HC
Ezek 25:5	אֲנִ֥י	589	HPp1cs
Ezek 25:5	יְהוָֽה	3068	HNp
Ezek 25:6	כִּ֣י	3588 a	HC
Ezek 25:6	כֹ֤ה	3541	HD
Ezek 25:6	אָמַר֙	559	HVqp3ms
Ezek 25:6	אֲדֹנָ֣/י	136	HNcmpc/Sp1cs
Ezek 25:6	יְהוִ֔ה	3069	HNp
Ezek 25:6	יַ֚עַן	3282	HC
Ezek 25:6	מַחְאֲ/ךָ֣	4222	HVqc/Sp2ms
Ezek 25:6	יָ֔ד	3027	HNcbsa
Ezek 25:6	וְ/רַקְעֲ/ךָ֖	c/7554	HC/Vqc/Sp2ms
Ezek 25:6	בְּ/רָ֑גֶל	b/7272	HR/Ncfsa
Ezek 25:6	וַ/תִּשְׂמַ֤ח	c/8055	HC/Vqw2ms
Ezek 25:6	בְּ/כָל	b/3605	HR/Ncmsc
Ezek 25:6	שָֽׁאטְ/ךָ֙	7589	HNcmsc/Sp2ms
Ezek 25:6	בְּ/נֶ֔פֶשׁ	b/5315	HR/Ncbsa
Ezek 25:6	אֶל	413	HR
Ezek 25:6	אַדְמַ֖ת	127	HNcfsc
Ezek 25:6	יִשְׂרָאֵֽל	3478	HNp
Ezek 25:7	לָ/כֵ֡ן	l/3651 c	HR/D
Ezek 25:7	הִנְ/נִי֩	2005	HTm/Sp1cs
Ezek 25:7	נָטִ֨יתִי	5186	HVqp1cs
Ezek 25:7	אֶת	853	HTo
Ezek 25:7	יָדִ֜/י	3027	HNcbsc/Sp1cs
Ezek 25:7	עָלֶ֗י/ךָ	5921 a	HR/Sp2ms
Ezek 25:7	וּ/נְתַתִּ֤י/ךָֽ	c/5414	HC/Vqp1cs/Sp2ms
Ezek 25:7	ל/בג	l/897	HR/Ncmsa
Ezek 25:7	לַ/גּוֹיִ֔ם	l/1471 a	HRd/Ncmpa
Ezek 25:7	וְ/הִכְרַתִּ֨י/ךָ֙	c/3772	HC/Vhq1cs/Sp2ms
Ezek 25:7	מִן	4480 a	HR
Ezek 25:7	הָ֣/עַמִּ֔ים	d/5971 a	HTd/Ncmpa
Ezek 25:7	וְ/הַאֲבַדְתִּ֖י/ךָ	c/6	HC/Vhq1cs/Sp2ms
Ezek 25:7	מִן	4480 a	HR
Ezek 25:7	הָ/אֲרָצ֑וֹת	d/776	HTd/Ncbpa
Ezek 25:7	אַשְׁמִ֣ידְ/ךָ֔	8045	HVhi1cs/Sp2ms
Ezek 25:7	וְ/יָדַעְתָּ֖	c/3045	HC/Vqq2ms
Ezek 25:7	כִּֽי	3588 a	HC
Ezek 25:7	אֲנִ֥י	589	HPp1cs
Ezek 25:7	יְהוָֽה	3068	HNp
Ezek 25:8	כֹּ֥ה	3541	HD
Ezek 25:8	אָמַ֖ר	559	HVqp3ms
Ezek 25:8	אֲדֹנָ֣/י	136	HNcmpc/Sp1cs
Ezek 25:8	יְהוִ֑ה	3069	HNp
Ezek 25:8	יַ֗עַן	3282	HC
Ezek 25:8	אֲמֹ֤ר	559	HVqc
Ezek 25:8	מוֹאָב֙	4124	HNp
Ezek 25:8	וְ/שֵׂעִ֔יר	c/8165 a	HC/Np
Ezek 25:8	הִנֵּ֥ה	2009	HTm
Ezek 25:8	כְּ/כָֽל	k/3605	HR/Ncmsc
Ezek 25:8	הַ/גּוֹיִ֖ם	d/1471 a	HTd/Ncmpa
Ezek 25:8	בֵּ֥ית	1004 b	HNcmsc
Ezek 25:8	יְהוּדָֽה	3063	HNp
Ezek 25:9	לָ/כֵן֩	l/3651 c	HR/D
Ezek 25:9	הִנְ/נִ֨י	2005	HTm/Sp1cs
Ezek 25:9	פֹתֵ֜חַ	6605 a	HVqrmsa
Ezek 25:9	אֶת	853	HTo
Ezek 25:9	כֶּ֤תֶף	3802	HNcfsc
Ezek 25:9	מוֹאָב֙	4124	HNp
Ezek 25:9	מֵ/הֶ֣/עָרִ֔ים	m/d/5892 b	HR/Td/Ncfpa
Ezek 25:9	מֵֽ/עָרָ֖י/ו	m/5892 b	HR/Ncfpc/Sp3ms
Ezek 25:9	מִ/קָּצֵ֑/הוּ	m/7097 a	HR/Ncbsc/Sp3ms
Ezek 25:9	צְבִ֗י	6643 a	HNcmsc
Ezek 25:9	אֶ֚רֶץ	776	HNcbsa
Ezek 25:9	בֵּ֣ית	1020+	HNp
Ezek 25:9	הַיְשִׁימֹ֔ת	1020	HNp
Ezek 25:9	בַּ֥עַל	1186+	HNp
Ezek 25:9	מְע֖וֹן	1186	HNp
Ezek 25:9	ו/קריתמ/ה	c/7156	HC/Np/Sd
Ezek 25:10	לִ/בְנֵי	l/1121 a	HR/Ncmpc
Ezek 25:10	קֶ֨דֶם֙	6924 a	HNcmsa
Ezek 25:10	עַל	5921 a	HR
Ezek 25:10	בְּנֵ֣י	1121 a	HNcmpc
Ezek 25:10	עַמּ֔וֹן	5983	HNp
Ezek 25:10	וּ/נְתַתִּ֖י/הָ	c/5414	HC/Vqq1cs/Sp3fs
Ezek 25:10	לְ/מֽוֹרָשָׁ֑ה	l/4181	HR/Ncfsa
Ezek 25:10	לְמַ֛עַן	4616	HR
Ezek 25:10	לֹֽא	3808	HTn
Ezek 25:10	תִזָּכֵ֥ר	2142	HVNi3fs
Ezek 25:10	בְּנֵֽי	1121 a	HNcmpc
Ezek 25:10	עַמּ֖וֹן	5983	HNp
Ezek 25:10	בַּ/גּוֹיִֽם	b/1471 a	HRd/Ncmpa
Ezek 25:11	וּ/בְ/מוֹאָ֖ב	c/b/4124	HC/R/Np
Ezek 25:11	אֶעֱשֶׂ֣ה	6213 a	HVqi1cs
Ezek 25:11	שְׁפָטִ֑ים	8201	HNcmpa
Ezek 25:11	וְ/יָדְע֖וּ	c/3045	HC/Vqq3cp
Ezek 25:11	כִּֽי	3588 a	HC
Ezek 25:11	אֲנִ֥י	589	HPp1cs
Ezek 25:11	יְהוָֽה	3068	HNp
Ezek 25:12	כֹּ֤ה	3541	HD
Ezek 25:12	אָמַר֙	559	HVqp3ms
Ezek 25:12	אֲדֹנָ֣/י	136	HNcmpc/Sp1cs
Ezek 25:12	יְהוִ֔ה	3069	HNp
Ezek 25:12	יַ֣עַן	3282	HC
Ezek 25:12	עֲשׂ֥וֹת	6213 a	HVqc
Ezek 25:12	אֱד֛וֹם	123	HNp
Ezek 25:12	בִּ/נְקֹ֥ם	b/5358	HR/Vqc
Ezek 25:12	נָקָ֖ם	5359	HNcmsa
Ezek 25:12	לְ/בֵ֣ית	l/1004 b	HR/Ncmsc
Ezek 25:12	יְהוּדָ֑ה	3063	HNp
Ezek 25:12	וַ/יֶּאְשְׁמ֥וּ	c/816	HC/Vqw3mp
Ezek 25:12	אָשׁ֖וֹם	816	HVqa
Ezek 25:12	וְ/נִקְּמ֥וּ	c/5358	HC/VNp3cp
Ezek 25:12	בָ/הֶֽם	b	HR/Sp3mp
Ezek 25:13	לָ/כֵ֗ן	l/3651 c	HR/D
Ezek 25:13	כֹּ֤ה	3541	HD
Ezek 25:13	אָמַר֙	559	HVqp3ms
Ezek 25:13	אֲדֹנָ֣/י	136	HNcmpc/Sp1cs
Ezek 25:13	יְהוִ֔ה	3069	HNp
Ezek 25:13	וְ/נָטִ֤תִי	c/5186	HC/Vqq1cs
Ezek 25:13	יָדִ/י֙	3027	HNcbsc/Sp1cs
Ezek 25:13	עַל	5921 a	HR
Ezek 25:13	אֱד֔וֹם	123	HNp
Ezek 25:13	וְ/הִכְרַתִּ֥י	c/3772	HC/Vhq1cs
Ezek 25:13	מִמֶּ֖/נָּה	4480 a	HR/Sp3fs
Ezek 25:13	אָדָ֣ם	120	HNcmsa
Ezek 25:13	וּ/בְהֵמָ֑ה	c/929	HC/Ncfsa
Ezek 25:13	וּ/נְתַתִּ֤י/הָ	c/5414	HC/Vqq1cs/Sp3fs
Ezek 25:13	חָרְבָּה֙	2723	HNcfsa
Ezek 25:13	מִ/תֵּימָ֔ן	m/8487	HR/Np
Ezek 25:13	וּ/דְדָ֖נֶ/ה	c/1719 a	HC/Np/Sd
Ezek 25:13	בַּ/חֶ֥רֶב	b/2719	HRd/Ncfsa
Ezek 25:13	יִפֹּֽלוּ	5307	HVqi3mp
Ezek 25:14	וְ/נָתַתִּ֨י	c/5414	HC/Vqq1cs
Ezek 25:14	אֶת	853	HTo
Ezek 25:14	נִקְמָתִ֜/י	5360	HNcfsc/Sp1cs
Ezek 25:14	בֶּ/אֱד֗וֹם	b/123	HR/Np
Ezek 25:14	בְּ/יַד֙	b/3027	HR/Ncbsc
Ezek 25:14	עַמִּ֣/י	5971 a	HNcmsc/Sp1cs
Ezek 25:14	יִשְׂרָאֵ֔ל	3478	HNp
Ezek 25:14	וְ/עָשׂ֣וּ	c/6213 a	HC/Vqq3cp
Ezek 25:14	בֶ/אֱד֔וֹם	b/123	HR/Np
Ezek 25:14	כְּ/אַפִּ֖/י	k/639	HR/Ncmsc/Sp1cs
Ezek 25:14	וְ/כַ/חֲמָתִ֑/י	c/k/2534	HC/R/Ncfsc/Sp1cs
Ezek 25:14	וְ/יָֽדְעוּ֙	c/3045	HC/Vqq3cp
Ezek 25:14	אֶת	853	HTo
Ezek 25:14	נִקְמָתִ֔/י	5360	HNcfsc/Sp1cs
Ezek 25:14	נְאֻ֖ם	5002	HNcmsc
Ezek 25:14	אֲדֹנָ֥/י	136	HNcmpc/Sp1cs
Ezek 25:14	יְהוִֽה	3069	HNp
Ezek 25:15	כֹּ֤ה	3541	HD
Ezek 25:15	אָמַר֙	559	HVqp3ms
Ezek 25:15	אֲדֹנָ֣/י	136	HNcmpc/Sp1cs
Ezek 25:15	יְהוִ֔ה	3069	HNp
Ezek 25:15	יַ֛עַן	3282	HC
Ezek 25:15	עֲשׂ֥וֹת	6213 a	HVqc
Ezek 25:15	פְּלִשְׁתִּ֖ים	6430	HNgmpa
Ezek 25:15	בִּ/נְקָמָ֑ה	b/5360	HR/Ncfsa
Ezek 25:15	וַ/יִּנָּקְמ֤וּ	c/5358	HC/VNw3mp
Ezek 25:15	נָקָם֙	5359	HNcmsa
Ezek 25:15	בִּ/שְׁאָ֣ט	b/7589	HR/Ncmsa
Ezek 25:15	בְּ/נֶ֔פֶשׁ	b/5315	HR/Ncbsa
Ezek 25:15	לְ/מַשְׁחִ֖ית	l/4889	HR/Ncmsa
Ezek 25:15	אֵיבַ֥ת	342	HNcfsc
Ezek 25:15	עוֹלָֽם	5769	HNcmsa
Ezek 25:16	לָ/כֵ֗ן	l/3651 c	HR/D
Ezek 25:16	כֹּ֤ה	3541	HD
Ezek 25:16	אָמַר֙	559	HVqp3ms
Ezek 25:16	אֲדֹנָ֣/י	136	HNcmpc/Sp1cs
Ezek 25:16	יְהוִ֔ה	3069	HNp
Ezek 25:16	הִנְ/נִ֨י	2005	HTm/Sp1cs
Ezek 25:16	נוֹטֶ֤ה	5186	HVqrmsa
Ezek 25:16	יָדִ/י֙	3027	HNcbsc/Sp1cs
Ezek 25:16	עַל	5921 a	HR
Ezek 25:16	פְּלִשְׁתִּ֔ים	6430	HNgmpa
Ezek 25:16	וְ/הִכְרַתִּ֖י	c/3772	HC/Vhq1cs
Ezek 25:16	אֶת	853	HTo
Ezek 25:16	כְּרֵתִ֑ים	3774	HNgmpa
Ezek 25:16	וְ/הַ֣אֲבַדְתִּ֔י	c/6	HC/Vhq1cs
Ezek 25:16	אֶת	853	HTo
Ezek 25:16	שְׁאֵרִ֖ית	7611	HNcfsc
Ezek 25:16	ח֥וֹף	2348	HNcmsc
Ezek 25:16	הַ/יָּֽם	d/3220	HTd/Ncmsa
Ezek 25:17	וְ/עָשִׂ֤יתִי	c/6213 a	HC/Vqq1cs
Ezek 25:17	בָ/ם֙	b	HR/Sp3mp
Ezek 25:17	נְקָמ֣וֹת	5360	HNcfpa
Ezek 25:17	גְּדֹל֔וֹת	1419 a	HAafpa
Ezek 25:17	בְּ/תוֹכְח֖וֹת	b/8433 b	HR/Ncfpc
Ezek 25:17	חֵמָ֑ה	2534	HNcfsa
Ezek 25:17	וְ/יָֽדְעוּ֙	c/3045	HC/Vqq3cp
Ezek 25:17	כִּֽי	3588 a	HC
Ezek 25:17	אֲנִ֣י	589	HPp1cs
Ezek 25:17	יְהוָ֔ה	3068	HNp
Ezek 25:17	בְּ/תִתִּ֥/י	b/5414	HR/Vqc/Sp1cs
Ezek 25:17	אֶת	853	HTo
Ezek 25:17	נִקְמָתִ֖/י	5360	HNcfsc/Sp1cs
Ezek 25:17	בָּֽ/ם	b	HR/Sp3mp
Ezek 26:1	וַ/יְהִ֛י	c/1961	HC/Vqw3ms
Ezek 26:1	בְּ/עַשְׁתֵּֽי	b/6249	HR/Aobpc
Ezek 26:1	עֶשְׂרֵ֥ה	6240	HAcfsa
Ezek 26:1	שָׁנָ֖ה	8141	HNcfsa
Ezek 26:1	בְּ/אֶחָ֣ד	b/259	HR/Acmsa
Ezek 26:1	לַ/חֹ֑דֶשׁ	l/2320	HRd/Ncmsa
Ezek 26:1	הָיָ֥ה	1961	HVqp3ms
Ezek 26:1	דְבַר	1697	HNcmsc
Ezek 26:1	יְהוָ֖ה	3068	HNp
Ezek 26:1	אֵלַ֥/י	413	HR/Sp1cs
Ezek 26:1	לֵ/אמֹֽר	l/559	HR/Vqc
Ezek 26:2	בֶּן	1121 a	HNcmsc
Ezek 26:2	אָדָ֗ם	120	HNcmsa
Ezek 26:2	יַ֠עַן	3282	HC
Ezek 26:2	אֲשֶׁר	834 a	HTr
Ezek 26:2	אָ֨מְרָה	559	HVqp3fs
Ezek 26:2	צֹּ֤ר	6865	HNp
Ezek 26:2	עַל	5921 a	HR
Ezek 26:2	יְרוּשָׁלִַ֨ם֙	3389	HNp
Ezek 26:2	הֶאָ֔ח	1889	HTj
Ezek 26:2	נִשְׁבְּרָ֛ה	7665	HVNp3fs
Ezek 26:2	דַּלְת֥וֹת	1817 c	HNcfpc
Ezek 26:2	הָ/עַמִּ֖ים	d/5971 a	HTd/Ncmpa
Ezek 26:2	נָסֵ֣בָּה	5437	HVNp3fs
Ezek 26:2	אֵלָ֑/י	413	HR/Sp1cs
Ezek 26:2	אִמָּלְאָ֖ה	4390	HVNh1cs
Ezek 26:2	הָחֳרָֽבָה	2717 b	HVHp3fs
Ezek 26:3	לָ/כֵ֗ן	l/3651 c	HR/D
Ezek 26:3	כֹּ֤ה	3541	HD
Ezek 26:3	אָמַר֙	559	HVqp3ms
Ezek 26:3	אֲדֹנָ֣/י	136	HNcmpc/Sp1cs
Ezek 26:3	יְהוִ֔ה	3069	HNp
Ezek 26:3	הִנְ/נִ֥י	2005	HTm/Sp1cs
Ezek 26:3	עָלַ֖יִ/ךְ	5921 a	HR/Sp2fs
Ezek 26:3	צֹ֑ר	6865	HNp
Ezek 26:3	וְ/הַעֲלֵיתִ֤י	c/5927	HC/Vhq1cs
Ezek 26:3	עָלַ֨יִ/ךְ֙	5921 a	HR/Sp2fs
Ezek 26:3	גּוֹיִ֣ם	1471 a	HNcmpa
Ezek 26:3	רַבִּ֔ים	7227 a	HAampa
Ezek 26:3	כְּ/הַעֲל֥וֹת	k/5927	HR/Vhc
Ezek 26:3	הַ/יָּ֖ם	d/3220	HTd/Ncmsa
Ezek 26:3	לְ/גַלָּֽי/ו	l/1530	HR/Ncmpc/Sp3ms
Ezek 26:4	וְ/שִׁחֲת֞וּ	c/7843	HC/Vpq3cp
Ezek 26:4	חֹמ֣וֹת	2346	HNcfpc
Ezek 26:4	צֹ֗ר	6865	HNp
Ezek 26:4	וְ/הָֽרְסוּ֙	c/2040	HC/Vqq3cp
Ezek 26:4	מִגְדָּלֶ֔י/הָ	4026	HNcbpc/Sp3fs
Ezek 26:4	וְ/סִֽחֵיתִ֥י	c/5500	HC/Vpq1cs
Ezek 26:4	עֲפָרָ֖/הּ	6083	HNcmsc/Sp3fs
Ezek 26:4	מִמֶּ֑/נָּה	4480 a	HR/Sp3fs
Ezek 26:4	וְ/נָתַתִּ֥י	c/5414	HC/Vqq1cs
Ezek 26:4	אוֹתָ֖/הּ	853	HTo/Sp3fs
Ezek 26:4	לִ/צְחִ֥יחַ	l/6706	HR/Ncmsc
Ezek 26:4	סָֽלַע	5553	HNcmsa
Ezek 26:5	מִשְׁטַ֨ח	4894 a	HNcmsc
Ezek 26:5	חֲרָמִ֤ים	2764 b	HNcmpa
Ezek 26:5	תִּֽהְיֶה֙	1961	HVqi3fs
Ezek 26:5	בְּ/ת֣וֹךְ	b/8432	HR/Ncmsc
Ezek 26:5	הַ/יָּ֔ם	d/3220	HTd/Ncmsa
Ezek 26:5	כִּ֚י	3588 a	HC
Ezek 26:5	אֲנִ֣י	589	HPp1cs
Ezek 26:5	דִבַּ֔רְתִּי	1696	HVpp1cs
Ezek 26:5	נְאֻ֖ם	5002	HNcmsc
Ezek 26:5	אֲדֹנָ֣/י	136	HNcmpc/Sp1cs
Ezek 26:5	יְהוִ֑ה	3069	HNp
Ezek 26:5	וְ/הָיְתָ֥ה	c/1961	HC/Vqq3fs
Ezek 26:5	לְ/בַ֖ז	l/957	HR/Ncmsa
Ezek 26:5	לַ/גּוֹיִֽם	l/1471 a	HRd/Ncmpa
Ezek 26:6	וּ/בְנוֹתֶ֨י/הָ֙	c/1323	HC/Ncfpc/Sp3fs
Ezek 26:6	אֲשֶׁ֣ר	834 a	HTr
Ezek 26:6	בַּ/שָּׂדֶ֔ה	b/7704 b	HRd/Ncmsa
Ezek 26:6	בַּ/חֶ֖רֶב	b/2719	HRd/Ncfsa
Ezek 26:6	תֵּהָרַ֑גְנָה	2026	HVNi3fp
Ezek 26:6	וְ/יָדְע֖וּ	c/3045	HC/Vqq3cp
Ezek 26:6	כִּי	3588 a	HC
Ezek 26:6	אֲנִ֥י	589	HPp1cs
Ezek 26:6	יְהוָֽה	3068	HNp
Ezek 26:7	כִּ֣י	3588 a	HC
Ezek 26:7	כֹ֤ה	3541	HD
Ezek 26:7	אָמַר֙	559	HVqp3ms
Ezek 26:7	אֲדֹנָ֣/י	136	HNcmpc/Sp1cs
Ezek 26:7	יְהוִ֔ה	3069	HNp
Ezek 26:7	הִנְ/נִ֧י	2005	HTm/Sp1cs
Ezek 26:7	מֵבִ֣יא	935	HVhrmsa
Ezek 26:7	אֶל	413	HR
Ezek 26:7	צֹ֗ר	6865	HNp
Ezek 26:7	נְבוּכַדְרֶאצַּ֧ר	5019	HNp
Ezek 26:7	מֶֽלֶךְ	4428	HNcmsc
Ezek 26:7	בָּבֶ֛ל	894	HNp
Ezek 26:7	מִ/צָּפ֖וֹן	m/6828	HR/Ncfsa
Ezek 26:7	מֶ֣לֶךְ	4428	HNcmsc
Ezek 26:7	מְלָכִ֑ים	4428	HNcmpa
Ezek 26:7	בְּ/ס֛וּס	b/5483 b	HR/Ncmsa
Ezek 26:7	וּ/בְ/רֶ֥כֶב	c/b/7393	HC/R/Ncmsa
Ezek 26:7	וּ/בְ/פָרָשִׁ֖ים	c/b/6571 b	HC/R/Ncmpa
Ezek 26:7	וְ/קָהָ֥ל	c/6951	HC/Ncmsa
Ezek 26:7	וְ/עַם	c/5971 a	HC/Ncmsa
Ezek 26:7	רָֽב	7227 a	HAamsa
Ezek 26:8	בְּנוֹתַ֥יִ/ךְ	1323	HNcfpc/Sp2fs
Ezek 26:8	בַּ/שָּׂדֶ֖ה	b/7704 b	HRd/Ncmsa
Ezek 26:8	בַּ/חֶ֣רֶב	b/2719	HRd/Ncfsa
Ezek 26:8	יַהֲרֹ֑ג	2026	HVqi3ms
Ezek 26:8	וְ/נָתַ֨ן	c/5414	HC/Vqq3ms
Ezek 26:8	עָלַ֜יִ/ךְ	5921 a	HR/Sp2fs
Ezek 26:8	דָּיֵ֗ק	1785	HNcmsa
Ezek 26:8	וְ/שָׁפַ֤ךְ	c/8210	HC/Vqq3ms
Ezek 26:8	עָלַ֨יִ/ךְ֙	5921 a	HR/Sp2fs
Ezek 26:8	סֹֽלְלָ֔ה	5550	HNcfsa
Ezek 26:8	וְ/הֵקִ֥ים	c/6965 b	HC/Vhq3ms
Ezek 26:8	עָלַ֖יִ/ךְ	5921 a	HR/Sp2fs
Ezek 26:8	צִנָּֽה	6793 c	HNcfsa
Ezek 26:9	וּ/מְחִ֣י	c/4239	HC/Ncmsc
Ezek 26:9	קָֽבָלּ֔/וֹ	6904	HNcmsc/Sp3ms
Ezek 26:9	יִתֵּ֖ן	5414	HVqi3ms
Ezek 26:9	בְּ/חֹֽמוֹתָ֑יִ/ךְ	b/2346	HR/Ncfpc/Sp2fs
Ezek 26:9	וּ/מִ֨גְדְּלֹתַ֔יִ/ךְ	c/4026	HC/Ncbpc/Sp2fs
Ezek 26:9	יִתֹּ֖ץ	5422	HVqi3ms
Ezek 26:9	בְּ/חַרְבוֹתָֽי/ו	b/2719	HR/Ncfpc/Sp3ms
Ezek 26:10	מִ/שִּׁפְעַ֥ת	m/8229	HR/Ncfsc
Ezek 26:10	סוּסָ֖י/ו	5483 b	HNcmpc/Sp3ms
Ezek 26:10	יְכַסֵּ֣/ךְ	3680	HVpi3ms/Sp2fs
Ezek 26:10	אֲבָקָ֑/ם	80	HNcmsc/Sp3mp
Ezek 26:10	מִ/קּוֹל֩	m/6963 a	HR/Ncmsc
Ezek 26:10	פָּרַ֨שׁ	6571 b	HNcmsa
Ezek 26:10	וְ/גַלְגַּ֜ל	c/1534	HC/Ncmsa
Ezek 26:10	וָ/רֶ֗כֶב	c/7393	HC/Ncmsa
Ezek 26:10	תִּרְעַ֨שְׁנָה֙	7493	HVqi3fp
Ezek 26:10	חֽוֹמוֹתַ֔יִ/ךְ	2346	HNcfpc/Sp2fs
Ezek 26:10	בְּ/בֹא/וֹ֙	b/935	HR/Vqc/Sp3ms
Ezek 26:10	בִּ/שְׁעָרַ֔יִ/ךְ	b/8179	HR/Ncmpc/Sp2fs
Ezek 26:10	כִּ/מְבוֹאֵ֖י	k/3996	HR/Ncmpc
Ezek 26:10	עִ֥יר	5892 b	HNcfsa
Ezek 26:10	מְבֻקָּעָֽה	1234	HVPsfsa
Ezek 26:11	בְּ/פַרְס֣וֹת	b/6541	HR/Ncfpc
Ezek 26:11	סוּסָ֔י/ו	5483 b	HNcmpc/Sp3ms
Ezek 26:11	יִרְמֹ֖ס	7429	HVqi3ms
Ezek 26:11	אֶת	853	HTo
Ezek 26:11	כָּל	3605	HNcmsc
Ezek 26:11	חֽוּצוֹתָ֑יִ/ךְ	2351	HNcmpc/Sp2fs
Ezek 26:11	עַמֵּ/ךְ֙	5971 a	HNcmsc/Sp2fs
Ezek 26:11	בַּ/חֶ֣רֶב	b/2719	HRd/Ncfsa
Ezek 26:11	יַהֲרֹ֔ג	2026	HVqi3ms
Ezek 26:11	וּ/מַצְּב֥וֹת	c/4676	HC/Ncfpc
Ezek 26:11	עֻזֵּ֖/ךְ	5797	HNcmsc/Sp2fs
Ezek 26:11	לָ/אָ֥רֶץ	l/776	HRd/Ncbsa
Ezek 26:11	תֵּרֵֽד	3381	HVqi3fs
Ezek 26:12	וְ/שָׁלְל֣וּ	c/7997 b	HC/Vqq3cp
Ezek 26:12	חֵילֵ֗/ךְ	2428	HNcmsc/Sp2fs
Ezek 26:12	וּ/בָֽזְזוּ֙	c/962	HC/Vqq3cp
Ezek 26:12	רְכֻלָּתֵ֔/ךְ	7404	HNcfsc/Sp2fs
Ezek 26:12	וְ/הָֽרְסוּ֙	c/2040	HC/Vqq3cp
Ezek 26:12	חוֹמוֹתַ֔יִ/ךְ	2346	HNcfpc/Sp2fs
Ezek 26:12	וּ/בָתֵּ֥י	c/1004 b	HC/Ncmpc
Ezek 26:12	חֶמְדָּתֵ֖/ךְ	2532 a	HNcfsc/Sp2fs
Ezek 26:12	יִתֹּ֑צוּ	5422	HVqi3mp
Ezek 26:12	וַ/אֲבָנַ֤יִ/ךְ	c/68	HC/Ncfpc/Sp2fs
Ezek 26:12	וְ/עֵצַ֨יִ/ךְ֙	c/6086	HC/Ncmpc/Sp2fs
Ezek 26:12	וַֽ/עֲפָרֵ֔/ךְ	c/6083	HC/Ncmsc/Sp2fs
Ezek 26:12	בְּ/ת֥וֹךְ	b/8432	HR/Ncmsc
Ezek 26:12	מַ֖יִם	4325	HNcmpa
Ezek 26:12	יָשִֽׂימוּ	7760 a	HVqi3mp
Ezek 26:13	וְ/הִשְׁבַּתִּ֖י	c/7673 a	HC/Vhq1cs
Ezek 26:13	הֲמ֣וֹן	1995 a	HNcmsc
Ezek 26:13	שִׁירָ֑יִ/ךְ	7892 a	HNcbpc/Sp2fs
Ezek 26:13	וְ/ק֣וֹל	c/6963 a	HC/Ncmsc
Ezek 26:13	כִּנּוֹרַ֔יִ/ךְ	3658	HNcmpc/Sp2fs
Ezek 26:13	לֹ֥א	3808	HTn
Ezek 26:13	יִשָּׁמַ֖ע	8085	HVNi3ms
Ezek 26:13	עֽוֹד	5750	HD
Ezek 26:14	וּ/נְתַתִּ֞י/ךְ	c/5414	HC/Vqq1cs/Sp2fs
Ezek 26:14	לִ/צְחִ֣יחַ	l/6706	HR/Ncmsc
Ezek 26:14	סֶ֗לַע	5553	HNcmsa
Ezek 26:14	מִשְׁטַ֤ח	4894 a	HNcmsc
Ezek 26:14	חֲרָמִים֙	2764 b	HNcmpa
Ezek 26:14	תִּֽהְיֶ֔ה	1961	HVqi2ms
Ezek 26:14	לֹ֥א	3808	HTn
Ezek 26:14	תִבָּנֶ֖ה	1129	HVNi3fs
Ezek 26:14	ע֑וֹד	5750	HD
Ezek 26:14	כִּ֣י	3588 a	HC
Ezek 26:14	אֲנִ֤י	589	HPp1cs
Ezek 26:14	יְהוָה֙	3068	HNp
Ezek 26:14	דִּבַּ֔רְתִּי	1696	HVpp1cs
Ezek 26:14	נְאֻ֖ם	5002	HNcmsc
Ezek 26:14	אֲדֹנָ֥/י	136	HNcmpc/Sp1cs
Ezek 26:14	יְהוִֽה	3069	HNp
Ezek 26:15	כֹּ֥ה	3541	HD
Ezek 26:15	אָמַ֛ר	559	HVqp3ms
Ezek 26:15	אֲדֹנָ֥/י	136	HNcmpc/Sp1cs
Ezek 26:15	יְהוִ֖ה	3069	HNp
Ezek 26:15	לְ/צ֑וֹר	l/6865	HR/Np
Ezek 26:15	הֲ/לֹ֣א	i/3808	HTi/Tn
Ezek 26:15	מִ/קּ֣וֹל	m/6963 a	HR/Ncmsc
Ezek 26:15	מַפַּלְתֵּ֗/ךְ	4658	HNcfsc/Sp2fs
Ezek 26:15	בֶּ/אֱנֹ֨ק	b/602	HR/Vqc
Ezek 26:15	חָלָ֜ל	2491 a	HAamsa
Ezek 26:15	בֵּ/הָ֤רֵֽג	b/2026	HR/VNc
Ezek 26:15	הֶ֨רֶג֙	2027	HNcmsa
Ezek 26:15	בְּ/תוֹכֵ֔/ךְ	b/8432	HR/Ncmsc/Sp2fs
Ezek 26:15	יִרְעֲשׁ֖וּ	7493	HVqi3mp
Ezek 26:15	הָ/אִיִּֽים	d/339	HTd/Ncmpa
Ezek 26:16	וְֽ/יָרְד֞וּ	c/3381	HC/Vqq3cp
Ezek 26:16	מֵ/עַ֣ל	m/5921 a	HR/R
Ezek 26:16	כִּסְאוֹתָ֗/ם	3678	HNcmpc/Sp3mp
Ezek 26:16	כֹּ֚ל	3605	HNcmsc
Ezek 26:16	נְשִׂיאֵ֣י	5387 a	HNcmpc
Ezek 26:16	הַ/יָּ֔ם	d/3220	HTd/Ncmsa
Ezek 26:16	וְ/הֵסִ֨ירוּ֙	c/5493	HC/Vhq3cp
Ezek 26:16	אֶת	853	HTo
Ezek 26:16	מְעִ֣ילֵי/הֶ֔ם	4598	HNcmpc/Sp3mp
Ezek 26:16	וְ/אֶת	c/853	HC/To
Ezek 26:16	בִּגְדֵ֥י	899 b	HNcmpc
Ezek 26:16	רִקְמָתָ֖/ם	7553	HNcfsc/Sp3mp
Ezek 26:16	יִפְשֹׁ֑טוּ	6584	HVqi3mp
Ezek 26:16	חֲרָד֤וֹת	2731	HNcfpa
Ezek 26:16	יִלְבָּ֨שׁוּ֙	3847	HVqi3mp
Ezek 26:16	עַל	5921 a	HR
Ezek 26:16	הָ/אָ֣רֶץ	d/776	HTd/Ncbsa
Ezek 26:16	יֵשֵׁ֔בוּ	3427	HVqi3mp
Ezek 26:16	וְ/חָֽרְדוּ֙	c/2729	HC/Vqq3cp
Ezek 26:16	לִ/רְגָעִ֔ים	l/7281	HR/Ncmpa
Ezek 26:16	וְ/שָׁמְמ֖וּ	c/8074	HC/Vqq3cp
Ezek 26:16	עָלָֽיִ/ךְ	5921 a	HR/Sp2fs
Ezek 26:17	וְ/נָשְׂא֨וּ	c/5375	HC/Vqq3cp
Ezek 26:17	עָלַ֤יִ/ךְ	5921 a	HR/Sp2fs
Ezek 26:17	קִינָה֙	7015	HNcfsa
Ezek 26:17	וְ/אָ֣מְרוּ	c/559	HC/Vqq3cp
Ezek 26:17	לָ֔/ךְ	l	HR/Sp2fs
Ezek 26:17	אֵ֣יךְ	349 a	HTi
Ezek 26:17	אָבַ֔דְתְּ	6	HVqp2fs
Ezek 26:17	נוֹשֶׁ֖בֶת	3427	HVNsfsa
Ezek 26:17	מִ/יַּמִּ֑ים	m/3220	HR/Ncmpa
Ezek 26:17	הָ/עִ֣יר	d/5892 b	HTd/Ncfsa
Ezek 26:17	הַ/הֻלָּ֗לָה	d/1984 b	HTd/VPp3fs
Ezek 26:17	אֲשֶׁר֩	834 a	HTr
Ezek 26:17	הָיְתָ֨ה	1961	HVqp3fs
Ezek 26:17	חֲזָקָ֤ה	2389	HAafsa
Ezek 26:17	בַ/יָּם֙	b/3220	HRd/Ncmsa
Ezek 26:17	הִ֣יא	1931	HPp3fs
Ezek 26:17	וְ/יֹשְׁבֶ֔י/הָ	c/3427	HC/Vqrmpc/Sp3fs
Ezek 26:17	אֲשֶׁר	834 a	HTr
Ezek 26:17	נָתְנ֥וּ	5414	HVqp3cp
Ezek 26:17	חִתִּיתָ֖/ם	2851	HNcfsc/Sp3mp
Ezek 26:17	לְ/כָל	l/3605	HR/Ncmsc
Ezek 26:17	יוֹשְׁבֶֽי/הָ	3427	HVqrmpc/Sp3fs
Ezek 26:18	עַתָּה֙	6258	HD
Ezek 26:18	יֶחְרְד֣וּ	2729	HVqi3mp
Ezek 26:18	הָֽ/אִיִּ֔ן	d/339	HTd/Ncmpa
Ezek 26:18	י֖וֹם	3117	HNcmsc
Ezek 26:18	מַפַּלְתֵּ֑/ךְ	4658	HNcfsc/Sp2fs
Ezek 26:18	וְ/נִבְהֲל֛וּ	c/926	HC/VNq3cp
Ezek 26:18	הָ/אִיִּ֥ים	d/339	HTd/Ncmpa
Ezek 26:18	אֲשֶׁר	834 a	HTr
Ezek 26:18	בַּ/יָּ֖ם	b/3220	HRd/Ncmsa
Ezek 26:18	מִ/צֵּאתֵֽ/ךְ	m/3318	HR/Vqc/Sp2fs
Ezek 26:19	כִּ֣י	3588 a	HC
Ezek 26:19	כֹ֤ה	3541	HD
Ezek 26:19	אָמַר֙	559	HVqp3ms
Ezek 26:19	אֲדֹנָ֣/י	136	HNcmpc/Sp1cs
Ezek 26:19	יְהוִ֔ה	3069	HNp
Ezek 26:19	בְּ/תִתִּ֤/י	b/5414	HR/Vqc/Sp1cs
Ezek 26:19	אֹתָ/ךְ֙	853	HTo/Sp2fs
Ezek 26:19	עִ֣יר	5892 b	HNcfsa
Ezek 26:19	נֶחֱרֶ֔בֶת	2717 b	HVNsfsa
Ezek 26:19	כֶּ/עָרִ֖ים	k/5892 b	HRd/Ncfpa
Ezek 26:19	אֲשֶׁ֣ר	834 a	HTr
Ezek 26:19	לֹֽא	3808	HTn
Ezek 26:19	נוֹשָׁ֑בוּ	3427	HVNp3cp
Ezek 26:19	בְּ/הַעֲל֤וֹת	b/5927	HR/Vhc
Ezek 26:19	עָלַ֨יִ/ךְ֙	5921 a	HR/Sp2fs
Ezek 26:19	אֶת	853	HTo
Ezek 26:19	תְּה֔וֹם	8415	HNcbsa
Ezek 26:19	וְ/כִסּ֖וּ/ךְ	c/3680	HC/Vpq3cp/Sp2fs
Ezek 26:19	הַ/מַּ֥יִם	d/4325	HTd/Ncmpa
Ezek 26:19	הָ/רַבִּֽים	d/7227 a	HTd/Aampa
Ezek 26:20	וְ/הוֹרַדְתִּי/ךְ֩	c/3381	HC/Vhq1cs/Sp2fs
Ezek 26:20	אֶת	854	HR
Ezek 26:20	י֨וֹרְדֵי	3381	HVqrmpc
Ezek 26:20	ב֜וֹר	953 a	HNcmsa
Ezek 26:20	אֶל	413	HR
Ezek 26:20	עַ֣ם	5971 a	HNcmsc
Ezek 26:20	עוֹלָ֗ם	5769	HNcmsa
Ezek 26:20	וְ֠/הוֹשַׁבְתִּי/ךְ	c/3427	HC/Vhq1cs/Sp2fs
Ezek 26:20	בְּ/אֶ֨רֶץ	b/776	HR/Ncbsa
Ezek 26:20	תַּחְתִּיּ֜וֹת	8482	HAafpa
Ezek 26:20	כָּ/חֳרָב֤וֹת	k/2723	HR/Ncfpa
Ezek 26:20	מֵֽ/עוֹלָם֙	m/5769	HR/Ncmsa
Ezek 26:20	אֶת	854	HR
Ezek 26:20	י֣וֹרְדֵי	3381	HVqrmpc
Ezek 26:20	ב֔וֹר	953 a	HNcmsa
Ezek 26:20	לְמַ֖עַן	4616	HR
Ezek 26:20	לֹ֣א	3808	HTn
Ezek 26:20	תֵשֵׁ֑בִי	3427	HVqi2fs
Ezek 26:20	וְ/נָתַתִּ֥י	c/5414	HC/Vqq1cs
Ezek 26:20	צְבִ֖י	6643 a	HNcmsa
Ezek 26:20	בְּ/אֶ֥רֶץ	b/776	HR/Ncbsc
Ezek 26:20	חַיִּֽים	2416 a	HAampa
Ezek 26:21	בַּלָּה֥וֹת	1091	HNcfpa
Ezek 26:21	אֶתְּנֵ֖/ךְ	5414	HVqi1cs/Sp2fs
Ezek 26:21	וְ/אֵינֵ֑/ךְ	c/369	HC/Tn/Sp2fs
Ezek 26:21	וּֽ/תְבֻקְשִׁ֗י	c/1245	HC/VPi2fs
Ezek 26:21	וְ/לֹֽא	c/3808	HC/Tn
Ezek 26:21	תִמָּצְאִ֥י	4672	HVNi2fs
Ezek 26:21	עוֹד֙	5750	HD
Ezek 26:21	לְ/עוֹלָ֔ם	l/5769	HR/Ncmsa
Ezek 26:21	נְאֻ֖ם	5002	HNcmsc
Ezek 26:21	אֲדֹנָ֥/י	136	HNcmpc/Sp1cs
Ezek 26:21	יְהֹוִֽה	3069	HNp
Ezek 27:1	וַ/יְהִ֥י	c/1961	HC/Vqw3ms
Ezek 27:1	דְבַר	1697	HNcmsc
Ezek 27:1	יְהוָ֖ה	3068	HNp
Ezek 27:1	אֵלַ֥/י	413	HR/Sp1cs
Ezek 27:1	לֵ/אמֹֽר	l/559	HR/Vqc
Ezek 27:2	וְ/אַתָּ֣ה	c/859 a	HC/Pp2ms
Ezek 27:2	בֶן	1121 a	HNcmsc
Ezek 27:2	אָדָ֔ם	120	HNcmsa
Ezek 27:2	שָׂ֥א	5375	HVqv2ms
Ezek 27:2	עַל	5921 a	HR
Ezek 27:2	צֹ֖ר	6865	HNp
Ezek 27:2	קִינָֽה	7015	HNcfsa
Ezek 27:3	וְ/אָמַרְתָּ֣	c/559	HC/Vqq2ms
Ezek 27:3	לְ/צ֗וֹר	l/6865	HR/Np
Ezek 27:3	ה/ישבתי	d/3427	HTd/Vqrfsa
Ezek 27:3	עַל	5921 a	HR
Ezek 27:3	מְבוֹאֹ֣ת	3997	HNcmpc
Ezek 27:3	יָ֔ם	3220	HNcmsa
Ezek 27:3	רֹכֶ֨לֶת֙	7402	HVqrfsc
Ezek 27:3	הָֽ/עַמִּ֔ים	d/5971 a	HTd/Ncmpa
Ezek 27:3	אֶל	413	HR
Ezek 27:3	אִיִּ֖ים	339	HNcmpa
Ezek 27:3	רַבִּ֑ים	7227 a	HAampa
Ezek 27:3	כֹּ֤ה	3541	HD
Ezek 27:3	אָמַר֙	559	HVqp3ms
Ezek 27:3	אֲדֹנָ֣/י	136	HNcmpc/Sp1cs
Ezek 27:3	יְהוִ֔ה	3069	HNp
Ezek 27:3	צ֕וֹר	6865	HNp
Ezek 27:3	אַ֣תְּ	859 c	HPp2fs
Ezek 27:3	אָמַ֔רְתְּ	559	HVqp2fs
Ezek 27:3	אֲנִ֖י	589	HPp1cs
Ezek 27:3	כְּלִ֥ילַת	3632	HAafsc
Ezek 27:3	יֹֽפִי	3308	HNcmsa
Ezek 27:4	בְּ/לֵ֥ב	b/3820 a	HR/Ncmsc
Ezek 27:4	יַמִּ֖ים	3220	HNcmpa
Ezek 27:4	גְּבוּלָ֑יִ/ךְ	1366	HNcmpc/Sp2fs
Ezek 27:4	בֹּנַ֕יִ/ךְ	1129	HVqrmpc/Sp2fs
Ezek 27:4	כָּלְל֖וּ	3634	HVqp3cp
Ezek 27:4	יָפְיֵֽ/ךְ	3308	HNcmsc/Sp2fs
Ezek 27:5	בְּרוֹשִׁ֤ים	1265	HNcmpa
Ezek 27:5	מִ/שְּׂנִיר֙	m/8149	HR/Np
Ezek 27:5	בָּ֣נוּ	1129	HVqp3cp
Ezek 27:5	לָ֔/ךְ	l	HR/Sp2fs
Ezek 27:5	אֵ֖ת	853	HTo
Ezek 27:5	כָּל	3605	HNcmsc
Ezek 27:5	לֻֽחֹתָ֑יִם	3871	HNcmda
Ezek 27:5	אֶ֤רֶז	730	HNcmsa
Ezek 27:5	מִ/לְּבָנוֹן֙	m/3844	HR/Np
Ezek 27:5	לָקָ֔חוּ	3947	HVqp3cp
Ezek 27:5	לַ/עֲשׂ֥וֹת	l/6213 a	HR/Vqc
Ezek 27:5	תֹּ֖רֶן	8650	HNcmsa
Ezek 27:5	עָלָֽיִ/ךְ	5921 a	HR/Sp2fs
Ezek 27:6	אַלּוֹנִים֙	437	HNcmpa
Ezek 27:6	מִ/בָּ֔שָׁן	m/1316	HR/Np
Ezek 27:6	עָשׂ֖וּ	6213 a	HVqp3cp
Ezek 27:6	מִשּׁוֹטָ֑יִ/ךְ	4880 b	HNcmpc/Sp2fs
Ezek 27:6	קַרְשֵׁ֤/ךְ	7175	HNcmsc/Sp2fs
Ezek 27:6	עָֽשׂוּ	6213 a	HVqp3cp
Ezek 27:6	שֵׁן֙	8127	HNcbsa
Ezek 27:6	בַּת	1323	HNcfsc
Ezek 27:6	אֲשֻׁרִ֔ים	839	HNp
Ezek 27:6	מֵ/אִיֵּ֖י	m/339	HR/Ncmpc
Ezek 27:6	כתים	3794	HNgmpa
Ezek 27:7	שֵׁשׁ	8336 b	HAcfsa
Ezek 27:7	בְּ/רִקְמָ֤ה	b/7553	HR/Ncfsa
Ezek 27:7	מִ/מִּצְרַ֨יִם֙	m/4714	HR/Np
Ezek 27:7	הָיָ֣ה	1961	HVqp3ms
Ezek 27:7	מִפְרָשֵׂ֔/ךְ	4666	HNcmsc/Sp2fs
Ezek 27:7	לִ/הְי֥וֹת	l/1961	HR/Vqc
Ezek 27:7	לָ֖/ךְ	l	HR/Sp2fs
Ezek 27:7	לְ/נֵ֑ס	l/5251	HR/Ncmsa
Ezek 27:7	תְּכֵ֧לֶת	8504	HNcfsa
Ezek 27:7	וְ/אַרְגָּמָ֛ן	c/713	HC/Ncmsa
Ezek 27:7	מֵ/אִיֵּ֥י	m/339	HR/Ncmpc
Ezek 27:7	אֱלִישָׁ֖ה	473	HNp
Ezek 27:7	הָיָ֥ה	1961	HVqp3ms
Ezek 27:7	מְכַסֵּֽ/ךְ	4374	HNcmsc/Sp2fs
Ezek 27:8	יֹשְׁבֵ֤י	3427	HVqrmpc
Ezek 27:8	צִידוֹן֙	6721	HNp
Ezek 27:8	וְ/אַרְוַ֔ד	c/719	HC/Np
Ezek 27:8	הָי֥וּ	1961	HVqp3cp
Ezek 27:8	שָׁטִ֖ים	7751 b	HVqrmpa
Ezek 27:8	לָ֑/ךְ	l	HR/Sp2fs
Ezek 27:8	חֲכָמַ֤יִ/ךְ	2450	HAampc/Sp2fs
Ezek 27:8	צוֹר֙	6865	HNp
Ezek 27:8	הָ֣יוּ	1961	HVqp3cp
Ezek 27:8	בָ֔/ךְ	b	HR/Sp2fs
Ezek 27:8	הֵ֖מָּה	1992	HPp3mp
Ezek 27:8	חֹבְלָֽיִ/ךְ	2259	HNcmpc/Sp2fs
Ezek 27:9	זִקְנֵ֨י	2205	HAampc
Ezek 27:9	גְבַ֤ל	1380	HNp
Ezek 27:9	וַ/חֲכָמֶ֨י/הָ֙	c/2450	HC/Aampc/Sp3fs
Ezek 27:9	הָ֣יוּ	1961	HVqp3cp
Ezek 27:9	בָ֔/ךְ	b	HR/Sp2fs
Ezek 27:9	מַחֲזִיקֵ֖י	2388	HVhrmpc
Ezek 27:9	בִּדְקֵ֑/ךְ	919	HNcmsc/Sp2fs
Ezek 27:9	כָּל	3605	HNcmsc
Ezek 27:9	אֳנִיּ֨וֹת	591	HNcfpc
Ezek 27:9	הַ/יָּ֤ם	d/3220	HTd/Ncmsa
Ezek 27:9	וּ/מַלָּֽחֵי/הֶם֙	c/4419	HC/Ncmpc/Sp3mp
Ezek 27:9	הָ֣יוּ	1961	HVqp3cp
Ezek 27:9	בָ֔/ךְ	b	HR/Sp2fs
Ezek 27:9	לַ/עֲרֹ֖ב	l/6148	HR/Vqc
Ezek 27:9	מַעֲרָבֵֽ/ךְ	4627	HNcmsc/Sp2fs
Ezek 27:10	פָּרַ֨ס	6539	HNp
Ezek 27:10	וְ/ל֤וּד	c/3865	HC/Np
Ezek 27:10	וּ/פוּט֙	c/6316	HC/Np
Ezek 27:10	הָי֣וּ	1961	HVqp3cp
Ezek 27:10	בְ/חֵילֵ֔/ךְ	b/2428	HR/Ncmsc/Sp2fs
Ezek 27:10	אַנְשֵׁ֖י	376	HNcmpc
Ezek 27:10	מִלְחַמְתֵּ֑/ךְ	4421	HNcfsc/Sp2fs
Ezek 27:10	מָגֵ֤ן	4043	HNcbsa
Ezek 27:10	וְ/כוֹבַע֙	c/3553	HC/Ncmsa
Ezek 27:10	תִּלּוּ	8518	HVpp3cp
Ezek 27:10	בָ֔/ךְ	b	HR/Sp2fs
Ezek 27:10	הֵ֖מָּה	1992	HPp3mp
Ezek 27:10	נָתְנ֥וּ	5414	HVqp3cp
Ezek 27:10	הֲדָרֵֽ/ךְ	1926	HNcmsc/Sp2fs
Ezek 27:11	בְּנֵ֧י	1121 a	HNcmpc
Ezek 27:11	אַרְוַ֣ד	719	HNp
Ezek 27:11	וְ/חֵילֵ֗ךְ	c/2428	HC/Np
Ezek 27:11	עַל	5921 a	HR
Ezek 27:11	חוֹמוֹתַ֨יִ/ךְ֙	2346	HNcfpc/Sp2fs
Ezek 27:11	סָבִ֔יב	5439	HNcbsa
Ezek 27:11	וְ/גַ֨מָּדִ֔ים	c/1575	HC/Np
Ezek 27:11	בְּ/מִגְדְּלוֹתַ֖יִ/ךְ	b/4026	HR/Ncbpc/Sp2fs
Ezek 27:11	הָי֑וּ	1961	HVqp3cp
Ezek 27:11	שִׁלְטֵי/הֶ֞ם	7982	HNcmpc/Sp3mp
Ezek 27:11	תִּלּ֤וּ	8518	HVpp3cp
Ezek 27:11	עַל	5921 a	HR
Ezek 27:11	חוֹמוֹתַ֨יִ/ךְ֙	2346	HNcfpc/Sp2fs
Ezek 27:11	סָבִ֔יב	5439	HNcbsa
Ezek 27:11	הֵ֖מָּה	1992	HPp3mp
Ezek 27:11	כָּלְל֥וּ	3634	HVqp3cp
Ezek 27:11	יָפְיֵֽ/ךְ	3308	HNcmsc/Sp2fs
Ezek 27:12	תַּרְשִׁ֥ישׁ	8659	HNp
Ezek 27:12	סֹחַרְתֵּ֖/ךְ	5503	HVqrfsc/Sp2fs
Ezek 27:12	מֵ/רֹ֣ב	m/7230	HR/Ncbsc
Ezek 27:12	כָּל	3605	HNcmsc
Ezek 27:12	ה֑וֹן	1952	HNcmsa
Ezek 27:12	בְּ/כֶ֤סֶף	b/3701	HR/Ncmsa
Ezek 27:12	בַּרְזֶל֙	1270	HNcmsa
Ezek 27:12	בְּדִ֣יל	913	HNcmsa
Ezek 27:12	וְ/עוֹפֶ֔רֶת	c/5777	HC/Ncfsa
Ezek 27:12	נָתְנ֖וּ	5414	HVqp3cp
Ezek 27:12	עִזְבוֹנָֽיִ/ךְ	5801	HNcmpc/Sp2fs
Ezek 27:13	יָוָ֤ן	3120	HNp
Ezek 27:13	תֻּבַל֙	8422	HNp
Ezek 27:13	וָ/מֶ֔שֶׁךְ	c/4902	HC/Np
Ezek 27:13	הֵ֖מָּה	1992	HPp3mp
Ezek 27:13	רֹֽכְלָ֑יִ/ךְ	7402	HVqrmpc/Sp2fs
Ezek 27:13	בְּ/נֶ֤פֶשׁ	b/5315	HR/Ncbsc
Ezek 27:13	אָדָם֙	120	HNcmsa
Ezek 27:13	וּ/כְלֵ֣י	c/3627	HC/Ncmpc
Ezek 27:13	נְחֹ֔שֶׁת	5178 a	HNcfsa
Ezek 27:13	נָתְנ֖וּ	5414	HVqp3cp
Ezek 27:13	מַעֲרָבֵֽ/ךְ	4627	HNcmsc/Sp2fs
Ezek 27:14	מִ/בֵּ֖ית	m/1004 b	HR/Ncmsc
Ezek 27:14	תּוֹגַרְמָ֑ה	8425	HNp
Ezek 27:14	סוּסִ֤ים	5483 b	HNcmpa
Ezek 27:14	וּ/פָֽרָשִׁים֙	c/6571 a	HC/Ncmpa
Ezek 27:14	וּ/פְרָדִ֔ים	c/6505	HC/Ncmpa
Ezek 27:14	נָתְנ֖וּ	5414	HVqp3cp
Ezek 27:14	עִזְבוֹנָֽיִ/ךְ	5801	HNcmpc/Sp2fs
Ezek 27:15	בְּנֵ֤י	1121 a	HNcmpc
Ezek 27:15	דְדָן֙	1719 b	HNp
Ezek 27:15	רֹֽכְלַ֔יִ/ךְ	7402	HVqrmpc/Sp2fs
Ezek 27:15	אִיִּ֥ים	339	HNcmpa
Ezek 27:15	רַבִּ֖ים	7227 a	HAampa
Ezek 27:15	סְחֹרַ֣ת	5506	HNcfsc
Ezek 27:15	יָדֵ֑/ךְ	3027	HNcbsc/Sp2fs
Ezek 27:15	קַרְנ֥וֹת	7161 a	HNcbpc
Ezek 27:15	שֵׁן֙	8127	HNcbsa
Ezek 27:15	ו/הובנים	c/1894	HC/Ncmpa
Ezek 27:15	הֵשִׁ֖יבוּ	7725	HVhp3cp
Ezek 27:15	אֶשְׁכָּרֵֽ/ךְ	814	HNcmsc/Sp2fs
Ezek 27:16	אֲרָ֥ם	758	HNp
Ezek 27:16	סֹחַרְתֵּ֖/ךְ	5503	HVqrfsc/Sp2fs
Ezek 27:16	מֵ/רֹ֣ב	m/7230	HR/Ncbsc
Ezek 27:16	מַעֲשָׂ֑יִ/ךְ	4639	HNcmpc/Sp2fs
Ezek 27:16	בְּ֠/נֹפֶךְ	b/5306	HR/Ncmsa
Ezek 27:16	אַרְגָּמָ֨ן	713	HNcmsa
Ezek 27:16	וְ/רִקְמָ֤ה	c/7553	HC/Ncfsa
Ezek 27:16	וּ/בוּץ֙	c/948	HC/Ncmsa
Ezek 27:16	וְ/רָאמֹ֣ת	c/7215	HC/Ncfpa
Ezek 27:16	וְ/כַדְכֹּ֔ד	c/3539	HC/Ncmsa
Ezek 27:16	נָתְנ֖וּ	5414	HVqp3cp
Ezek 27:16	בְּ/עִזְבוֹנָֽיִ/ךְ	b/5801	HR/Ncmpc/Sp2fs
Ezek 27:17	יְהוּדָה֙	3063	HNp
Ezek 27:17	וְ/אֶ֣רֶץ	c/776	HC/Ncbsc
Ezek 27:17	יִשְׂרָאֵ֔ל	3478	HNp
Ezek 27:17	הֵ֖מָּה	1992	HPp3mp
Ezek 27:17	רֹכְלָ֑יִ/ךְ	7402	HVqrmpc/Sp2fs
Ezek 27:17	בְּ/חִטֵּ֣י	b/2406	HR/Ncfpc
Ezek 27:17	מִ֠נִּית	4511	HNp
Ezek 27:17	וּ/פַנַּ֨ג	c/6436	HC/Ncmsa
Ezek 27:17	וּ/דְבַ֤שׁ	c/1706	HC/Ncmsa
Ezek 27:17	וָ/שֶׁ֨מֶן֙	c/8081	HC/Ncmsa
Ezek 27:17	וָ/צֹ֔רִי	c/6875	HC/Ncmsa
Ezek 27:17	נָתְנ֖וּ	5414	HVqp3cp
Ezek 27:17	מַעֲרָבֵֽ/ךְ	4627	HNcmsc/Sp2fs
Ezek 27:18	דַּמֶּ֧שֶׂק	1834	HNp
Ezek 27:18	סֹחַרְתֵּ֛/ךְ	5503	HVqrfsc/Sp2fs
Ezek 27:18	בְּ/רֹ֥ב	b/7230	HR/Ncbsc
Ezek 27:18	מַעֲשַׂ֖יִ/ךְ	4639	HNcmpc/Sp2fs
Ezek 27:18	מֵ/רֹ֣ב	m/7230	HR/Ncbsc
Ezek 27:18	כָּל	3605	HNcmsc
Ezek 27:18	ה֑וֹן	1952	HNcmsa
Ezek 27:18	בְּ/יֵ֥ין	b/3196	HR/Ncmsc
Ezek 27:18	חֶלְבּ֖וֹן	2463	HNp
Ezek 27:18	וְ/צֶ֥מֶר	c/6785	HC/Ncmsc
Ezek 27:18	צָֽחַר	6713	HNcmsa
Ezek 27:19	וְדָ֤ן	2051	HNp
Ezek 27:19	וְ/יָוָן֙	c/3120	HC/Np
Ezek 27:19	מְ/אוּזָּ֔ל	m/187	HR/Np
Ezek 27:19	בְּ/עִזְבוֹנַ֖יִ/ךְ	b/5801	HR/Ncmpc/Sp2fs
Ezek 27:19	נָתָ֑נּוּ	5414	HVqp3cp
Ezek 27:19	בַּרְזֶ֤ל	1270	HNcmsa
Ezek 27:19	עָשׁוֹת֙	6219	HAamsa
Ezek 27:19	קִדָּ֣ה	6916	HNcfsa
Ezek 27:19	וְ/קָנֶ֔ה	c/7070	HC/Ncmsa
Ezek 27:19	בְּ/מַעֲרָבֵ֖/ךְ	b/4627	HR/Ncmsc/Sp2fs
Ezek 27:19	הָיָֽה	1961	HVqp3ms
Ezek 27:20	דְּדָן֙	1719 a	HNp
Ezek 27:20	רֹֽכַלְתֵּ֔/ךְ	7402	HVqrfsc/Sp2fs
Ezek 27:20	בְ/בִגְדֵי	b/899 b	HR/Ncmpc
Ezek 27:20	חֹ֖פֶשׁ	2667	HNcmsa
Ezek 27:20	לְ/רִכְבָּֽה	l/7396	HR/Ncfsa
Ezek 27:21	עֲרַב֙	6152 b	HNp
Ezek 27:21	וְ/כָל	c/3605	HC/Ncmsc
Ezek 27:21	נְשִׂיאֵ֣י	5387 a	HNcmpc
Ezek 27:21	קֵדָ֔ר	6938	HNp
Ezek 27:21	הֵ֖מָּה	1992	HPp3mp
Ezek 27:21	סֹחֲרֵ֣י	5503	HVqrmpc
Ezek 27:21	יָדֵ֑/ךְ	3027	HNcbsc/Sp2fs
Ezek 27:21	בְּ/כָרִ֤ים	b/3733 c	HR/Ncmpa
Ezek 27:21	וְ/אֵילִים֙	c/352 a	HC/Ncmpa
Ezek 27:21	וְ/עַתּוּדִ֔ים	c/6260	HC/Ncmpa
Ezek 27:21	בָּ֖/ם	b	HR/Sp3mp
Ezek 27:21	סֹחֲרָֽיִ/ךְ	5503	HVqrmpc/Sp2fs
Ezek 27:22	רֹכְלֵ֤י	7402	HVqrmpc
Ezek 27:22	שְׁבָא֙	7614	HNp
Ezek 27:22	וְ/רַעְמָ֔ה	c/7484	HC/Np
Ezek 27:22	הֵ֖מָּה	1992	HPp3mp
Ezek 27:22	רֹכְלָ֑יִ/ךְ	7402	HVqrmpc/Sp2fs
Ezek 27:22	בְּ/רֹ֨אשׁ	b/7218 a	HR/Ncmsc
Ezek 27:22	כָּל	3605	HNcmsc
Ezek 27:22	בֹּ֜שֶׂם	1314	HNcmsa
Ezek 27:22	וּ/בְ/כָל	c/b/3605	HC/R/Ncmsc
Ezek 27:22	אֶ֤בֶן	68	HNcfsa
Ezek 27:22	יְקָרָה֙	3368	HAafsa
Ezek 27:22	וְ/זָהָ֔ב	c/2091	HC/Ncmsa
Ezek 27:22	נָתְנ֖וּ	5414	HVqp3cp
Ezek 27:22	עִזְבוֹנָֽיִ/ךְ	5801	HNcmpc/Sp2fs
Ezek 27:23	חָרָ֤ן	2771 a	HNp
Ezek 27:23	וְ/כַנֵּה֙	c/3656	HC/Np
Ezek 27:23	וָ/עֶ֔דֶן	c/5729	HC/Np
Ezek 27:23	רֹכְלֵ֖י	7402	HVqrmpc
Ezek 27:23	שְׁבָ֑א	7614	HNp
Ezek 27:23	אַשּׁ֖וּר	804	HNp
Ezek 27:23	כִּלְמַ֥ד	3638	HNp
Ezek 27:23	רֹכַלְתֵּֽ/ךְ	7402	HVqrfsc/Sp2fs
Ezek 27:24	הֵ֤מָּה	1992	HPp3mp
Ezek 27:24	רֹכְלַ֨יִ/ךְ֙	7402	HVqrmpc/Sp2fs
Ezek 27:24	בְּ/מַכְלֻלִ֔ים	b/4360	HR/Ncmpa
Ezek 27:24	בִּ/גְלוֹמֵי֙	b/1545	HR/Ncmpc
Ezek 27:24	תְּכֵ֣לֶת	8504	HNcfsa
Ezek 27:24	וְ/רִקְמָ֔ה	c/7553	HC/Ncfsa
Ezek 27:24	וּ/בְ/גִנְזֵ֖י	c/b/1595	HC/R/Ncmpc
Ezek 27:24	בְּרֹמִ֑ים	1264	HNcmpa
Ezek 27:24	בַּ/חֲבָלִ֧ים	b/2256 a	HR/Ncbpa
Ezek 27:24	חֲבֻשִׁ֛ים	2280	HVqsmpa
Ezek 27:24	וַ/אֲרֻזִ֖ים	c/729	HC/Aampa
Ezek 27:24	בְּ/מַרְכֻלְתֵּֽ/ךְ	b/4819	HR/Ncfsc/Sp2fs
Ezek 27:25	אֳנִיּ֣וֹת	591	HNcfpc
Ezek 27:25	תַּרְשִׁ֔ישׁ	8659	HNp
Ezek 27:25	שָׁרוֹתַ֖יִ/ךְ	7788	HVqrfpc/Sp2fs
Ezek 27:25	מַעֲרָבֵ֑/ךְ	4627	HNcmsc/Sp2fs
Ezek 27:25	וַ/תִּמָּלְאִ֧י	c/4390	HC/VNw2fs
Ezek 27:25	וַֽ/תִּכְבְּדִ֛י	c/3513	HC/Vqw2fs
Ezek 27:25	מְאֹ֖ד	3966	HD
Ezek 27:25	בְּ/לֵ֥ב	b/3820 a	HR/Ncmsc
Ezek 27:25	יַמִּֽים	3220	HNcmpa
Ezek 27:26	בְּ/מַ֤יִם	b/4325	HR/Ncmpa
Ezek 27:26	רַבִּים֙	7227 a	HAampa
Ezek 27:26	הֱבִיא֔וּ/ךְ	935	HVhp3cp/Sp2fs
Ezek 27:26	הַ/שָּׁטִ֖ים	d/7751 b	HTd/Vqrmpa
Ezek 27:26	אֹתָ֑/ךְ	853	HTo/Sp2fs
Ezek 27:26	ר֚וּחַ	7307	HNcbsc
Ezek 27:26	הַ/קָּדִ֔ים	d/6921	HTd/Ncmsa
Ezek 27:26	שְׁבָרֵ֖/ךְ	7665	HVqp3ms/Sp2fs
Ezek 27:26	בְּ/לֵ֥ב	b/3820 a	HR/Ncmsc
Ezek 27:26	יַמִּֽים	3220	HNcmpa
Ezek 27:27	הוֹנֵ/ךְ֙	1952	HNcmsc/Sp2fs
Ezek 27:27	וְ/עִזְבוֹנַ֔יִ/ךְ	c/5801	HC/Ncmpc/Sp2fs
Ezek 27:27	מַעֲרָבֵ֕/ךְ	4627	HNcmsc/Sp2fs
Ezek 27:27	מַלָּחַ֖יִ/ךְ	4419	HNcmpc/Sp2fs
Ezek 27:27	וְ/חֹבְלָ֑יִ/ךְ	c/2259	HC/Ncmpc/Sp2fs
Ezek 27:27	מַחֲזִיקֵ֣י	2388	HVhrmpc
Ezek 27:27	בִדְקֵ֣/ך	919	HNcmsc/Sp2fs
Ezek 27:27	וְֽ/עֹרְבֵ֣י	c/6148	HC/Vqrmpc
Ezek 27:27	מַ֠עֲרָבֵ/ךְ	4627	HNcmsc/Sp2fs
Ezek 27:27	וְ/כָל	c/3605	HC/Ncmsc
Ezek 27:27	אַנְשֵׁ֨י	376	HNcmpc
Ezek 27:27	מִלְחַמְתֵּ֜/ךְ	4421	HNcfsc/Sp2fs
Ezek 27:27	אֲשֶׁר	834 a	HTr
Ezek 27:27	בָּ֗/ךְ	b	HR/Sp2fs
Ezek 27:27	וּ/בְ/כָל	c/b/3605	HC/R/Ncmsc
Ezek 27:27	קְהָלֵ/ךְ֙	6951	HNcmsc/Sp2fs
Ezek 27:27	אֲשֶׁ֣ר	834 a	HTr
Ezek 27:27	בְּ/תוֹכֵ֔/ךְ	b/8432	HR/Ncmsc/Sp2fs
Ezek 27:27	יִפְּלוּ֙	5307	HVqi3mp
Ezek 27:27	בְּ/לֵ֣ב	b/3820 a	HR/Ncmsc
Ezek 27:27	יַמִּ֔ים	3220	HNcmpa
Ezek 27:27	בְּ/י֖וֹם	b/3117	HR/Ncmsc
Ezek 27:27	מַפַּלְתֵּֽ/ךְ	4658	HNcfsc/Sp2fs
Ezek 27:28	לְ/ק֖וֹל	l/6963 a	HR/Ncmsc
Ezek 27:28	זַעֲקַ֣ת	2201	HNcfsc
Ezek 27:28	חֹבְלָ֑יִ/ךְ	2259	HNcmpc/Sp2fs
Ezek 27:28	יִרְעֲשׁ֖וּ	7493	HVqi3mp
Ezek 27:28	מִגְרֹשֽׁוֹת	4054	HNcmpa
Ezek 27:29	וְֽ/יָרְד֞וּ	c/3381	HC/Vqq3cp
Ezek 27:29	מֵ/אָנִיּֽוֹתֵי/הֶ֗ם	m/591	HR/Ncfpc/Sp3mp
Ezek 27:29	כֹּ֚ל	3605	HNcmsc
Ezek 27:29	תֹּפְשֵׂ֣י	8610	HVqrmpc
Ezek 27:29	מָשׁ֔וֹט	4880 a	HNcmsa
Ezek 27:29	מַלָּחִ֕ים	4419	HNcmpa
Ezek 27:29	כֹּ֖ל	3605	HNcmsc
Ezek 27:29	חֹבְלֵ֣י	2259	HNcmpc
Ezek 27:29	הַ/יָּ֑ם	d/3220	HTd/Ncmsa
Ezek 27:29	אֶל	413	HR
Ezek 27:29	הָ/אָ֖רֶץ	d/776	HTd/Ncbsa
Ezek 27:29	יַעֲמֹֽדוּ	5975	HVqi3mp
Ezek 27:30	וְ/הִשְׁמִ֤יעוּ	c/8085	HC/Vhq3cp
Ezek 27:30	עָלַ֨יִ/ךְ֙	5921 a	HR/Sp2fs
Ezek 27:30	בְּ/קוֹלָ֔/ם	b/6963 a	HR/Ncmsc/Sp3mp
Ezek 27:30	וְ/יִזְעֲק֖וּ	c/2199	HC/Vqi3mp
Ezek 27:30	מָרָ֑ה	4751	HAafsa
Ezek 27:30	וְ/יַעֲל֤וּ	c/5927	HC/Vhi3mp
Ezek 27:30	עָֽפָר֙	6083	HNcmsa
Ezek 27:30	עַל	5921 a	HR
Ezek 27:30	רָ֣אשֵׁי/הֶ֔ם	7218 a	HNcmpc/Sp3mp
Ezek 27:30	בָּ/אֵ֖פֶר	b/665	HRd/Ncmsa
Ezek 27:30	יִתְפַּלָּֽשׁוּ	6428	HVti3mp
Ezek 27:31	וְ/הִקְרִ֤יחוּ	c/7139	HC/Vhq3cp
Ezek 27:31	אֵלַ֨יִ/ךְ֙	413	HR/Sp2fs
Ezek 27:31	קָרְחָ֔ה	7144	HNcfsa
Ezek 27:31	וְ/חָגְר֖וּ	c/2296	HC/Vqq3cp
Ezek 27:31	שַׂקִּ֑ים	8242	HNcmpa
Ezek 27:31	וּ/בָכ֥וּ	c/1058	HC/Vqq3cp
Ezek 27:31	אֵלַ֛יִ/ךְ	413	HR/Sp2fs
Ezek 27:31	בְּ/מַר	b/4751	HR/Aamsc
Ezek 27:31	נֶ֖פֶשׁ	5315	HNcbsa
Ezek 27:31	מִסְפֵּ֥ד	4553	HNcmsa
Ezek 27:31	מָֽר	4751	HAamsa
Ezek 27:32	וְ/נָשְׂא֨וּ	c/5375	HC/Vqq3cp
Ezek 27:32	אֵלַ֤יִ/ךְ	413	HR/Sp2fs
Ezek 27:32	בְּ/נִי/הֶם֙	b/5204	HR/Ncmsc/Sp3mp
Ezek 27:32	קִינָ֔ה	7015	HNcfsa
Ezek 27:32	וְ/קוֹנְנ֖וּ	c/6969	HC/Voq3cp
Ezek 27:32	עָלָ֑יִ/ךְ	5921 a	HR/Sp2fs
Ezek 27:32	מִ֣י	4310	HTi
Ezek 27:32	כְ/צ֔וֹר	k/6865	HR/Np
Ezek 27:32	כְּ/דֻמָ֖ה	k/1822	HR/Ncfsa
Ezek 27:32	בְּ/ת֥וֹךְ	b/8432	HR/Ncmsc
Ezek 27:32	הַ/יָּֽם	d/3220	HTd/Ncmsa
Ezek 27:33	בְּ/צֵ֤את	b/3318	HR/Vqc
Ezek 27:33	עִזְבוֹנַ֨יִ/ךְ֙	5801	HNcmpc/Sp2fs
Ezek 27:33	מִ/יַּמִּ֔ים	m/3220	HR/Ncmpa
Ezek 27:33	הִשְׂבַּ֖עַתְּ	7646	HVhp2fs
Ezek 27:33	עַמִּ֣ים	5971 a	HNcmpa
Ezek 27:33	רַבִּ֑ים	7227 a	HAampa
Ezek 27:33	בְּ/רֹ֤ב	b/7230	HR/Ncbsc
Ezek 27:33	הוֹנַ֨יִ/ךְ֙	1952	HNcmpc/Sp2fs
Ezek 27:33	וּ/מַ֣עֲרָבַ֔יִ/ךְ	c/4627	HC/Ncmpc/Sp2fs
Ezek 27:33	הֶעֱשַׁ֖רְתְּ	6238	HVhp2fs
Ezek 27:33	מַלְכֵי	4428	HNcmpc
Ezek 27:33	אָֽרֶץ	776	HNcbsa
Ezek 27:34	עֵ֛ת	6256	HNcbsc
Ezek 27:34	נִשְׁבֶּ֥רֶת	7665	HVNsfsa
Ezek 27:34	מִ/יַּמִּ֖ים	m/3220	HR/Ncmpa
Ezek 27:34	בְּ/מַֽעֲמַקֵּי	b/4615	HR/Ncmpc
Ezek 27:34	מָ֑יִם	4325	HNcmpa
Ezek 27:34	מַעֲרָבֵ֥/ךְ	4627	HNcmsc/Sp2fs
Ezek 27:34	וְ/כָל	c/3605	HC/Ncmsc
Ezek 27:34	קְהָלֵ֖/ךְ	6951	HNcmsc/Sp2fs
Ezek 27:34	בְּ/תוֹכֵ֥/ךְ	b/8432	HR/Ncmsc/Sp2fs
Ezek 27:34	נָפָֽלוּ	5307	HVqp3cp
Ezek 27:35	כֹּ֚ל	3605	HNcmsc
Ezek 27:35	יֹשְׁבֵ֣י	3427	HVqrmpc
Ezek 27:35	הָ/אִיִּ֔ים	d/339	HTd/Ncmpa
Ezek 27:35	שָׁמְמ֖וּ	8074	HVqp3cp
Ezek 27:35	עָלָ֑יִ/ךְ	5921 a	HR/Sp2fs
Ezek 27:35	וּ/מַלְכֵי/הֶם֙	c/4428	HC/Ncmpc/Sp3mp
Ezek 27:35	שָׂ֣עֲרוּ	8175 a	HVqp3cp
Ezek 27:35	שַׂ֔עַר	8178 a	HNcmsa
Ezek 27:35	רָעֲמ֖וּ	7481	HVqp3cp
Ezek 27:35	פָּנִֽים	6440	HNcbpa
Ezek 27:36	סֹֽחֲרִים֙	5503	HVqrmpa
Ezek 27:36	בָּ֣/עַמִּ֔ים	b/5971 a	HRd/Ncmpa
Ezek 27:36	שָׁרְק֖וּ	8319	HVqp3cp
Ezek 27:36	עָלָ֑יִ/ךְ	5921 a	HR/Sp2fs
Ezek 27:36	בַּלָּה֣וֹת	1091	HNcfpa
Ezek 27:36	הָיִ֔ית	1961	HVqp2fs
Ezek 27:36	וְ/אֵינֵ֖/ךְ	c/369	HC/Tn/Sp2fs
Ezek 27:36	עַד	5704	HR
Ezek 27:36	עוֹלָֽם	5769	HNcmsa
Ezek 28:1	וַ/יְהִ֥י	c/1961	HC/Vqw3ms
Ezek 28:1	דְבַר	1697	HNcmsc
Ezek 28:1	יְהוָ֖ה	3068	HNp
Ezek 28:1	אֵלַ֥/י	413	HR/Sp1cs
Ezek 28:1	לֵ/אמֹֽר	l/559	HR/Vqc
Ezek 28:2	בֶּן	1121 a	HNcmsc
Ezek 28:2	אָדָ֡ם	120	HNcmsa
Ezek 28:2	אֱמֹר֩	559	HVqv2ms
Ezek 28:2	לִ/נְגִ֨יד	l/5057	HR/Ncmsc
Ezek 28:2	צֹ֜ר	6865	HNp
Ezek 28:2	כֹּֽה	3541	HD
Ezek 28:2	אָמַ֣ר	559	HVqp3ms
Ezek 28:2	אֲדֹנָ֣/י	136	HNcmpc/Sp1cs
Ezek 28:2	יְהֹוִ֗ה	3069	HNp
Ezek 28:2	יַ֣עַן	3282	HC
Ezek 28:2	גָּבַ֤הּ	1361	HVqp3ms
Ezek 28:2	לִבְּ/ךָ֙	3820 a	HNcmsc/Sp2ms
Ezek 28:2	וַ/תֹּ֨אמֶר֙	c/559	HC/Vqw2ms
Ezek 28:2	אֵ֣ל	410	HNcmsa
Ezek 28:2	אָ֔נִי	589	HPp1cs
Ezek 28:2	מוֹשַׁ֧ב	4186	HNcmsc
Ezek 28:2	אֱלֹהִ֛ים	430	HNcmpa
Ezek 28:2	יָשַׁ֖בְתִּי	3427	HVqp1cs
Ezek 28:2	בְּ/לֵ֣ב	b/3820 a	HR/Ncmsc
Ezek 28:2	יַמִּ֑ים	3220	HNcmpa
Ezek 28:2	וְ/אַתָּ֤ה	c/859 a	HC/Pp2ms
Ezek 28:2	אָדָם֙	120	HNcmsa
Ezek 28:2	וְֽ/לֹא	c/3808	HC/Tn
Ezek 28:2	אֵ֔ל	410	HNcmsa
Ezek 28:2	וַ/תִּתֵּ֥ן	c/5414	HC/Vqw2ms
Ezek 28:2	לִבְּ/ךָ֖	3820 a	HNcmsc/Sp2ms
Ezek 28:2	כְּ/לֵ֥ב	k/3820 a	HR/Ncmsc
Ezek 28:2	אֱלֹהִֽים	430	HNcmpa
Ezek 28:3	הִנֵּ֥ה	2009	HTm
Ezek 28:3	חָכָ֛ם	2450	HAamsa
Ezek 28:3	אַתָּ֖ה	859 a	HPp2ms
Ezek 28:3	מ/דנאל	m/1840	HR/Np
Ezek 28:3	כָּל	3605	HNcmsc
Ezek 28:3	סָת֖וּם	5640 a	HVqsmsa
Ezek 28:3	לֹ֥א	3808	HTn
Ezek 28:3	עֲמָמֽוּ/ךָ	6004	HVqp3cp/Sp2ms
Ezek 28:4	בְּ/חָכְמָֽתְ/ךָ֙	b/2451	HR/Ncfsc/Sp2ms
Ezek 28:4	וּ/בִ/תְבוּנָ֣תְ/ךָ֔	c/b/8394	HC/R/Ncfsc/Sp2ms
Ezek 28:4	עָשִׂ֥יתָ	6213 a	HVqp2ms
Ezek 28:4	לְּ/ךָ֖	l	HR/Sp2ms
Ezek 28:4	חָ֑יִל	2428	HNcmsa
Ezek 28:4	וַ/תַּ֛עַשׂ	c/6213 a	HC/Vqw2ms
Ezek 28:4	זָהָ֥ב	2091	HNcmsa
Ezek 28:4	וָ/כֶ֖סֶף	c/3701	HC/Ncmsa
Ezek 28:4	בְּ/אוֹצְרוֹתֶֽי/ךָ	b/214	HR/Ncmpc/Sp2ms
Ezek 28:5	בְּ/רֹ֧ב	b/7230	HR/Ncbsc
Ezek 28:5	חָכְמָתְ/ךָ֛	2451	HNcfsc/Sp2ms
Ezek 28:5	בִּ/רְכֻלָּתְ/ךָ֖	b/7404	HR/Ncfsc/Sp2ms
Ezek 28:5	הִרְבִּ֣יתָ	7235 a	HVhp2ms
Ezek 28:5	חֵילֶ֑/ךָ	2428	HNcmsc/Sp2ms
Ezek 28:5	וַ/יִּגְבַּ֥הּ	c/1361	HC/Vqw3ms
Ezek 28:5	לְבָבְ/ךָ֖	3824	HNcmsc/Sp2ms
Ezek 28:5	בְּ/חֵילֶֽ/ךָ	b/2428	HR/Ncmsc/Sp2ms
Ezek 28:6	לָ/כֵ֕ן	l/3651 c	HR/D
Ezek 28:6	כֹּ֥ה	3541	HD
Ezek 28:6	אָמַ֖ר	559	HVqp3ms
Ezek 28:6	אֲדֹנָ֣/י	136	HNcmpc/Sp1cs
Ezek 28:6	יְהוִ֑ה	3069	HNp
Ezek 28:6	יַ֛עַן	3282	HC
Ezek 28:6	תִּתְּ/ךָ֥	5414	HVqc/Sp2ms
Ezek 28:6	אֶת	853	HTo
Ezek 28:6	לְבָבְ/ךָ֖	3824	HNcmsc/Sp2ms
Ezek 28:6	כְּ/לֵ֥ב	k/3820 a	HR/Ncmsc
Ezek 28:6	אֱלֹהִֽים	430	HNcmpa
Ezek 28:7	לָ/כֵ֗ן	l/3651 c	HR/D
Ezek 28:7	הִנְ/נִ֨י	2005	HTm/Sp1cs
Ezek 28:7	מֵבִ֤יא	935	HVhrmsa
Ezek 28:7	עָלֶ֨י/ךָ֙	5921 a	HR/Sp2ms
Ezek 28:7	זָרִ֔ים	2114 a	HAampa
Ezek 28:7	עָרִיצֵ֖י	6184	HAampc
Ezek 28:7	גּוֹיִ֑ם	1471 a	HNcmpa
Ezek 28:7	וְ/הֵרִ֤יקוּ	c/7324	HC/Vhq3cp
Ezek 28:7	חַרְבוֹתָ/ם֙	2719	HNcfpc/Sp3mp
Ezek 28:7	עַל	5921 a	HR
Ezek 28:7	יְפִ֣י	3308	HNcmsc
Ezek 28:7	חָכְמָתֶ֔/ךָ	2451	HNcfsc/Sp2ms
Ezek 28:7	וְ/חִלְּל֖וּ	c/2490 c	HC/Vpq3cp
Ezek 28:7	יִפְעָתֶֽ/ךָ	3314	HNcfsc/Sp2ms
Ezek 28:8	לַ/שַּׁ֖חַת	l/7845	HRd/Ncfsa
Ezek 28:8	יֽוֹרִד֑וּ/ךָ	3381	HVhi3mp/Sp2ms
Ezek 28:8	וָ/מַ֛תָּה	c/4191	HC/Vqq2ms
Ezek 28:8	מְמוֹתֵ֥י	4463	HNcmpc
Ezek 28:8	חָלָ֖ל	2491 a	HAamsa
Ezek 28:8	בְּ/לֵ֥ב	b/3820 a	HR/Ncmsc
Ezek 28:8	יַמִּֽים	3220	HNcmpa
Ezek 28:9	הֶ/אָמֹ֤ר	d/559	HTi/Vqa
Ezek 28:9	תֹּאמַר֙	559	HVqi2ms
Ezek 28:9	אֱלֹהִ֣ים	430	HNcmpa
Ezek 28:9	אָ֔נִי	589	HPp1cs
Ezek 28:9	לִ/פְנֵ֖י	l/6440	HR/Ncbpc
Ezek 28:9	הֹֽרְגֶ֑/ךָ	2026	HVqrmpc/Sp2ms
Ezek 28:9	וְ/אַתָּ֥ה	c/859 a	HC/Pp2ms
Ezek 28:9	אָדָ֛ם	120	HNcmsa
Ezek 28:9	וְ/לֹא	c/3808	HC/Tn
Ezek 28:9	אֵ֖ל	410	HNcmsa
Ezek 28:9	בְּ/יַ֥ד	b/3027	HR/Ncbsc
Ezek 28:9	מְחַלְלֶֽי/ךָ	2490 a	HVprmpc/Sp2ms
Ezek 28:10	מוֹתֵ֧י	4194	HNcmpc
Ezek 28:10	עֲרֵלִ֛ים	6189	HAampa
Ezek 28:10	תָּמ֖וּת	4191	HVqi2ms
Ezek 28:10	בְּ/יַד	b/3027	HR/Ncbsc
Ezek 28:10	זָרִ֑ים	2114 a	HAampa
Ezek 28:10	כִּ֚י	3588 a	HC
Ezek 28:10	אֲנִ֣י	589	HPp1cs
Ezek 28:10	דִבַּ֔רְתִּי	1696	HVpp1cs
Ezek 28:10	נְאֻ֖ם	5002	HNcmsc
Ezek 28:10	אֲדֹנָ֥/י	136	HNcmpc/Sp1cs
Ezek 28:10	יְהוִֽה	3069	HNp
Ezek 28:11	וַ/יְהִ֥י	c/1961	HC/Vqw3ms
Ezek 28:11	דְבַר	1697	HNcmsc
Ezek 28:11	יְהוָ֖ה	3068	HNp
Ezek 28:11	אֵלַ֥/י	413	HR/Sp1cs
Ezek 28:11	לֵ/אמֹֽר	l/559	HR/Vqc
Ezek 28:12	בֶּן	1121 a	HNcmsc
Ezek 28:12	אָדָ֕ם	120	HNcmsa
Ezek 28:12	שָׂ֥א	5375	HVqv2ms
Ezek 28:12	קִינָ֖ה	7015	HNcfsa
Ezek 28:12	עַל	5921 a	HR
Ezek 28:12	מֶ֣לֶךְ	4428	HNcmsc
Ezek 28:12	צ֑וֹר	6865	HNp
Ezek 28:12	וְ/אָמַ֣רְתָּ	c/559	HC/Vqq2ms
Ezek 28:12	לּ֗/וֹ	l	HR/Sp3ms
Ezek 28:12	כֹּ֤ה	3541	HD
Ezek 28:12	אָמַר֙	559	HVqp3ms
Ezek 28:12	אֲדֹנָ֣/י	136	HNcmpc/Sp1cs
Ezek 28:12	יְהוִ֔ה	3069	HNp
Ezek 28:12	אַתָּה֙	859 a	HPp2ms
Ezek 28:12	חוֹתֵ֣ם	2856	HVqrmsc
Ezek 28:12	תָּכְנִ֔ית	8508	HNcfsa
Ezek 28:12	מָלֵ֥א	4392	HAamsa
Ezek 28:12	חָכְמָ֖ה	2451	HNcfsa
Ezek 28:12	וּ/כְלִ֥יל	c/3632	HC/Aamsc
Ezek 28:12	יֹֽפִי	3308	HNcmsa
Ezek 28:13	בְּ/עֵ֨דֶן	b/5731 b	HR/Np
Ezek 28:13	גַּן	1588	HNcbsc
Ezek 28:13	אֱלֹהִ֜ים	430	HNcmpa
Ezek 28:13	הָיִ֗יתָ	1961	HVqp2ms
Ezek 28:13	כָּל	3605	HNcmsc
Ezek 28:13	אֶ֨בֶן	68	HNcfsa
Ezek 28:13	יְקָרָ֤ה	3368	HAafsa
Ezek 28:13	מְסֻכָתֶ֨/ךָ֙	4540	HNcfsc/Sp2ms
Ezek 28:13	אֹ֣דֶם	124	HNcmsa
Ezek 28:13	פִּטְדָ֞ה	6357	HNcfsa
Ezek 28:13	וְ/יָהֲלֹ֗ם	c/3095	HC/Ncmsa
Ezek 28:13	תַּרְשִׁ֥ישׁ	8658	HNcmsa
Ezek 28:13	שֹׁ֨הַם֙	7718	HNcmsa
Ezek 28:13	וְ/יָ֣שְׁפֵ֔ה	c/3471	HC/Ncmsa
Ezek 28:13	סַפִּ֣יר	5601	HNcmsa
Ezek 28:13	נֹ֔פֶךְ	5306	HNcmsa
Ezek 28:13	וּ/בָרְקַ֖ת	c/1304 b	HC/Ncfsa
Ezek 28:13	וְ/זָהָ֑ב	c/2091	HC/Ncmsa
Ezek 28:13	מְלֶ֨אכֶת	4399	HNcfsc
Ezek 28:13	תֻּפֶּ֤י/ךָ	8596	HNcmpc/Sp2ms
Ezek 28:13	וּ/נְקָבֶ֨י/ךָ֙	c/5345	HC/Ncmpc/Sp2ms
Ezek 28:13	בָּ֔/ךְ	b	HR/Sp2fs
Ezek 28:13	בְּ/י֥וֹם	b/3117	HR/Ncmsc
Ezek 28:13	הִבָּרַאֲ/ךָ֖	1254 a	HVNc/Sp2ms
Ezek 28:13	כּוֹנָֽנוּ	3559 a	HVOp3cp
Ezek 28:14	אַ֨תְּ	859 c	HPp2fs
Ezek 28:14	כְּר֔וּב	3742	HNcmsc
Ezek 28:14	מִמְשַׁ֖ח	4473	HNcmsc
Ezek 28:14	הַ/סּוֹכֵ֑ךְ	d/5526 b	HTd/Vqrmsa
Ezek 28:14	וּ/נְתַתִּ֗י/ךָ	c/5414	HC/Vqp1cs/Sp2ms
Ezek 28:14	בְּ/הַ֨ר	b/2022	HR/Ncmsc
Ezek 28:14	קֹ֤דֶשׁ	6944	HNcmsa
Ezek 28:14	אֱלֹהִים֙	430	HNcmpa
Ezek 28:14	הָיִ֔יתָ	1961	HVqp2ms
Ezek 28:14	בְּ/ת֥וֹךְ	b/8432	HR/Ncmsc
Ezek 28:14	אַבְנֵי	68	HNcfpc
Ezek 28:14	אֵ֖שׁ	784	HNcbsa
Ezek 28:14	הִתְהַלָּֽכְתָּ	1980	HVtp2ms
Ezek 28:15	תָּמִ֤ים	8549	HAamsa
Ezek 28:15	אַתָּה֙	859 a	HPp2ms
Ezek 28:15	בִּ/דְרָכֶ֔י/ךָ	b/1870	HR/Ncbpc/Sp2ms
Ezek 28:15	מִ/יּ֖וֹם	m/3117	HR/Ncmsc
Ezek 28:15	הִבָּֽרְאָ֑/ךְ	1254 a	HVNc/Sp2fs
Ezek 28:15	עַד	5704	HR
Ezek 28:15	נִמְצָ֥א	4672	HVNp3ms
Ezek 28:15	עַוְלָ֖תָ/ה	5766 a	HNcbsa/Sh
Ezek 28:15	בָּֽ/ךְ	b	HR/Sp2fs
Ezek 28:16	בְּ/רֹ֣ב	b/7230	HR/Ncbsc
Ezek 28:16	רְכֻלָּתְ/ךָ֗	7404	HNcfsc/Sp2ms
Ezek 28:16	מָל֧וּ	4390	HVqp3cp
Ezek 28:16	תוֹכְ/ךָ֛	8432	HNcmsc/Sp2ms
Ezek 28:16	חָמָ֖ס	2555	HNcmsa
Ezek 28:16	וַֽ/תֶּחֱטָ֑א	c/2398	HC/Vqw2ms
Ezek 28:16	וָ/אֶחַלֶּלְ/ךָ֩	c/2490 c	HC/Vpw1cs/Sp2ms
Ezek 28:16	מֵ/הַ֨ר	m/2022	HR/Ncmsc
Ezek 28:16	אֱלֹהִ֤ים	430	HNcmpa
Ezek 28:16	וָֽ/אַבֶּדְ/ךָ֙	c/6	HC/Vpw1cs/Sp2ms
Ezek 28:16	כְּר֣וּב	3742	HNcmsa
Ezek 28:16	הַ/סֹּכֵ֔ךְ	d/5526 b	HTd/Vqrmsa
Ezek 28:16	מִ/תּ֖וֹךְ	m/8432	HR/Ncmsc
Ezek 28:16	אַבְנֵי	68	HNcfpc
Ezek 28:16	אֵֽשׁ	784	HNcbsa
Ezek 28:17	גָּבַ֤הּ	1361	HVqp3ms
Ezek 28:17	לִבְּ/ךָ֙	3820 a	HNcmsc/Sp2ms
Ezek 28:17	בְּ/יָפְיֶ֔/ךָ	b/3308	HR/Ncmsc/Sp2ms
Ezek 28:17	שִׁחַ֥תָּ	7843	HVpp2ms
Ezek 28:17	חָכְמָתְ/ךָ֖	2451	HNcfsc/Sp2ms
Ezek 28:17	עַל	5921 a	HR
Ezek 28:17	יִפְעָתֶ֑/ךָ	3314	HNcfsc/Sp2ms
Ezek 28:17	עַל	5921 a	HR
Ezek 28:17	אֶ֣רֶץ	776	HNcbsa
Ezek 28:17	הִשְׁלַכְתִּ֗י/ךָ	7993	HVhp1cs/Sp2ms
Ezek 28:17	לִ/פְנֵ֧י	l/6440	HR/Ncbpc
Ezek 28:17	מְלָכִ֛ים	4428	HNcmpa
Ezek 28:17	נְתַתִּ֖י/ךָ	5414	HVqp1cs/Sp2ms
Ezek 28:17	לְ/רַ֥אֲוָה	l/7200	HR/Vqc
Ezek 28:17	בָֽ/ךְ	b	HR/Sp2fs
Ezek 28:18	מֵ/רֹ֣ב	m/7230	HR/Ncbsc
Ezek 28:18	עֲוֺנֶ֗י/ךָ	5771	HNcbpc/Sp2ms
Ezek 28:18	בְּ/עֶ֨וֶל֙	b/5766 a	HR/Ncbsc
Ezek 28:18	רְכֻלָּ֣תְ/ךָ֔	7404	HNcfsc/Sp2ms
Ezek 28:18	חִלַּ֖לְתָּ	2490 c	HVpp2ms
Ezek 28:18	מִקְדָּשֶׁ֑י/ךָ	4720	HNcmpc/Sp2ms
Ezek 28:18	וָֽ/אוֹצִא	c/3318	HC/Vhw1cs
Ezek 28:18	אֵ֤שׁ	784	HNcbsa
Ezek 28:18	מִ/תּֽוֹכְ/ךָ֙	m/8432	HR/Ncmsc/Sp2ms
Ezek 28:18	הִ֣יא	1931	HPp3fs
Ezek 28:18	אֲכָלַ֔תְ/ךָ	398	HVqp3fs/Sp2ms
Ezek 28:18	וָ/אֶתֶּנְ/ךָ֤	c/5414	HC/Vqw1cs/Sp2ms
Ezek 28:18	לְ/אֵ֨פֶר֙	l/665	HR/Ncmsa
Ezek 28:18	עַל	5921 a	HR
Ezek 28:18	הָ/אָ֔רֶץ	d/776	HTd/Ncbsa
Ezek 28:18	לְ/עֵינֵ֖י	l/5869 a	HR/Ncbdc
Ezek 28:18	כָּל	3605	HNcmsc
Ezek 28:18	רֹאֶֽי/ךָ	7200	HVqrmpc/Sp2ms
Ezek 28:19	כָּל	3605	HNcmsc
Ezek 28:19	יוֹדְעֶ֨י/ךָ֙	3045	HVqrmpc/Sp2ms
Ezek 28:19	בָּֽ/עַמִּ֔ים	b/5971 a	HRd/Ncmpa
Ezek 28:19	שָׁמְמ֖וּ	8074	HVqp3cp
Ezek 28:19	עָלֶ֑י/ךָ	5921 a	HR/Sp2ms
Ezek 28:19	בַּלָּה֣וֹת	1091	HNcfpa
Ezek 28:19	הָיִ֔יתָ	1961	HVqp2ms
Ezek 28:19	וְ/אֵינְ/ךָ֖	c/369	HC/Tn/Sp2ms
Ezek 28:19	עַד	5704	HR
Ezek 28:19	עוֹלָֽם	5769	HNcmsa
Ezek 28:20	וַ/יְהִ֥י	c/1961	HC/Vqw3ms
Ezek 28:20	דְבַר	1697	HNcmsc
Ezek 28:20	יְהוָ֖ה	3068	HNp
Ezek 28:20	אֵלַ֥/י	413	HR/Sp1cs
Ezek 28:20	לֵ/אמֹֽר	l/559	HR/Vqc
Ezek 28:21	בֶּן	1121 a	HNcmsc
Ezek 28:21	אָדָ֕ם	120	HNcmsa
Ezek 28:21	שִׂ֥ים	7760 a	HVqv2ms
Ezek 28:21	פָּנֶ֖י/ךָ	6440	HNcbpc/Sp2ms
Ezek 28:21	אֶל	413	HR
Ezek 28:21	צִיד֑וֹן	6721	HNp
Ezek 28:21	וְ/הִנָּבֵ֖א	c/5012	HC/VNv2ms
Ezek 28:21	עָלֶֽי/הָ	5921 a	HR/Sp3fs
Ezek 28:22	וְ/אָמַרְתָּ֗	c/559	HC/Vqq2ms
Ezek 28:22	כֹּ֤ה	3541	HD
Ezek 28:22	אָמַר֙	559	HVqp3ms
Ezek 28:22	אֲדֹנָ֣/י	136	HNcmpc/Sp1cs
Ezek 28:22	יְהוִ֔ה	3069	HNp
Ezek 28:22	הִנְ/נִ֤י	2005	HTm/Sp1cs
Ezek 28:22	עָלַ֨יִ/ךְ֙	5921 a	HR/Sp2fs
Ezek 28:22	צִיד֔וֹן	6721	HNp
Ezek 28:22	וְ/נִכְבַּדְתִּ֖י	c/3513	HC/VNq1cs
Ezek 28:22	בְּ/תוֹכֵ֑/ךְ	b/8432	HR/Ncmsc/Sp2fs
Ezek 28:22	וְֽ/יָדְע֞וּ	c/3045	HC/Vqq3cp
Ezek 28:22	כִּֽי	3588 a	HC
Ezek 28:22	אֲנִ֣י	589	HPp1cs
Ezek 28:22	יְהוָ֗ה	3068	HNp
Ezek 28:22	בַּ/עֲשׂ֥וֹתִ/י	b/6213 a	HR/Vqc/Sp1cs
Ezek 28:22	בָ֛/הּ	b	HR/Sp3fs
Ezek 28:22	שְׁפָטִ֖ים	8201	HNcmpa
Ezek 28:22	וְ/נִקְדַּ֥שְׁתִּי	c/6942	HC/VNq1cs
Ezek 28:22	בָֽ/הּ	b	HR/Sp3fs
Ezek 28:23	וְ/שִׁלַּחְתִּי	c/7971	HC/Vpq1cs
Ezek 28:23	בָ֞/הּ	b	HR/Sp3fs
Ezek 28:23	דֶּ֤בֶר	1698	HNcmsa
Ezek 28:23	וָ/דָם֙	c/1818	HC/Ncmsa
Ezek 28:23	בְּ/ח֣וּצוֹתֶ֔י/הָ	b/2351	HR/Ncmpc/Sp3fs
Ezek 28:23	וְ/נִפְלַ֤ל	c/5307	HC/Vlq3ms
Ezek 28:23	חָלָל֙	2491 a	HAamsa
Ezek 28:23	בְּ/תוֹכָ֔/הּ	b/8432	HR/Ncmsc/Sp3fs
Ezek 28:23	בְּ/חֶ֥רֶב	b/2719	HR/Ncfsa
Ezek 28:23	עָלֶ֖י/הָ	5921 a	HR/Sp3fs
Ezek 28:23	מִ/סָּבִ֑יב	m/5439	HR/Ncbsa
Ezek 28:23	וְ/יָדְע֖וּ	c/3045	HC/Vqq3cp
Ezek 28:23	כִּֽי	3588 a	HC
Ezek 28:23	אֲנִ֥י	589	HPp1cs
Ezek 28:23	יְהוָֽה	3068	HNp
Ezek 28:24	וְ/לֹֽא	c/3808	HC/Tn
Ezek 28:24	יִהְיֶ֨ה	1961	HVqi3ms
Ezek 28:24	ע֜וֹד	5750	HD
Ezek 28:24	לְ/בֵ֣ית	l/1004 b	HR/Ncmsc
Ezek 28:24	יִשְׂרָאֵ֗ל	3478	HNp
Ezek 28:24	סִלּ֤וֹן	5544	HNcmsa
Ezek 28:24	מַמְאִיר֙	3992	HVhrmsa
Ezek 28:24	וְ/ק֣וֹץ	c/6975	HC/Ncmsa
Ezek 28:24	מַכְאִ֔ב	3510	HVhrmsa
Ezek 28:24	מִ/כֹּל֙	m/3605	HR/Ncmsc
Ezek 28:24	סְבִ֣יבֹתָ֔/ם	5439	HNcbpc/Sp3mp
Ezek 28:24	הַ/שָּׁאטִ֖ים	d/7590	HTd/Vqrmpa
Ezek 28:24	אוֹתָ֑/ם	853	HTo/Sp3mp
Ezek 28:24	וְ/יָ֣דְע֔וּ	c/3045	HC/Vqq3cp
Ezek 28:24	כִּ֥י	3588 a	HC
Ezek 28:24	אֲנִ֖י	589	HPp1cs
Ezek 28:24	אֲדֹנָ֥/י	136	HNcmpc/Sp1cs
Ezek 28:24	יְהוִֽה	3069	HNp
Ezek 28:25	כֹּֽה	3541	HD
Ezek 28:25	אָמַר֮	559	HVqp3ms
Ezek 28:25	אֲדֹנָ֣/י	136	HNcmpc/Sp1cs
Ezek 28:25	יְהוִה֒	3069	HNp
Ezek 28:25	בְּ/קַבְּצִ֣/י	b/6908	HR/Vpc/Sp1cs
Ezek 28:25	אֶת	853	HTo
Ezek 28:25	בֵּ֣ית	1004 b	HNcmsc
Ezek 28:25	יִשְׂרָאֵ֗ל	3478	HNp
Ezek 28:25	מִן	4480 a	HR
Ezek 28:25	הָֽ/עַמִּים֙	d/5971 a	HTd/Ncmpa
Ezek 28:25	אֲשֶׁ֣ר	834 a	HTr
Ezek 28:25	נָפֹ֣צוּ	6327 a	HVNp3cp
Ezek 28:25	בָ֔/ם	b	HR/Sp3mp
Ezek 28:25	וְ/נִקְדַּ֥שְׁתִּי	c/6942	HC/VNq1cs
Ezek 28:25	בָ֖/ם	b	HR/Sp3mp
Ezek 28:25	לְ/עֵינֵ֣י	l/5869 a	HR/Ncbdc
Ezek 28:25	הַ/גּוֹיִ֑ם	d/1471 a	HTd/Ncmpa
Ezek 28:25	וְ/יָֽשְׁבוּ֙	c/3427	HC/Vqq3cp
Ezek 28:25	עַל	5921 a	HR
Ezek 28:25	אַדְמָתָ֔/ם	127	HNcfsc/Sp3mp
Ezek 28:25	אֲשֶׁ֥ר	834 a	HTr
Ezek 28:25	נָתַ֖תִּי	5414	HVqp1cs
Ezek 28:25	לְ/עַבְדִּ֥/י	l/5650	HR/Ncmsc/Sp1cs
Ezek 28:25	לְ/יַעֲקֹֽב	l/3290	HR/Np
Ezek 28:26	וְ/יָשְׁב֣וּ	c/3427	HC/Vqq3cp
Ezek 28:26	עָלֶי/הָ֮	5921 a	HR/Sp3fs
Ezek 28:26	לָ/בֶטַח֒	l/983	HR/Ncmsa
Ezek 28:26	וּ/בָנ֤וּ	c/1129	HC/Vqq3cp
Ezek 28:26	בָתִּים֙	1004 b	HNcmpa
Ezek 28:26	וְ/נָטְע֣וּ	c/5193	HC/Vqq3cp
Ezek 28:26	כְרָמִ֔ים	3754	HNcbpa
Ezek 28:26	וְ/יָשְׁב֖וּ	c/3427	HC/Vqq3cp
Ezek 28:26	לָ/בֶ֑טַח	l/983	HR/Ncmsa
Ezek 28:26	בַּ/עֲשׂוֹתִ֣/י	b/6213 a	HR/Vqc/Sp1cs
Ezek 28:26	שְׁפָטִ֗ים	8201	HNcmpa
Ezek 28:26	בְּ/כֹ֨ל	b/3605	HR/Ncmsc
Ezek 28:26	הַ/שָּׁאטִ֤ים	d/7590	HTd/Vqrmpa
Ezek 28:26	אֹתָ/ם֙	853	HTo/Sp3mp
Ezek 28:26	מִ/סְּבִ֣יבוֹתָ֔/ם	m/5439	HR/Ncbpc/Sp3mp
Ezek 28:26	וְ/יָ֣דְע֔וּ	c/3045	HC/Vqq3cp
Ezek 28:26	כִּ֛י	3588 a	HC
Ezek 28:26	אֲנִ֥י	589	HPp1cs
Ezek 28:26	יְהוָ֖ה	3068	HNp
Ezek 28:26	אֱלֹהֵי/הֶֽם	430	HNcmpc/Sp3mp
Ezek 29:1	בַּ/שָּׁנָה֙	b/8141	HRd/Ncfsa
Ezek 29:1	הָ/עֲשִׂירִ֔ית	d/6224	HTd/Aofsa
Ezek 29:1	בָּ/עֲשִׂרִ֕י	b/6224	HRd/Aomsa
Ezek 29:1	בִּ/שְׁנֵ֥ים	b/8147	HR/Acmda
Ezek 29:1	עָשָׂ֖ר	6240	HAcmsa
Ezek 29:1	לַ/חֹ֑דֶשׁ	l/2320	HRd/Ncmsa
Ezek 29:1	הָיָ֥ה	1961	HVqp3ms
Ezek 29:1	דְבַר	1697	HNcmsc
Ezek 29:1	יְהוָ֖ה	3068	HNp
Ezek 29:1	אֵלַ֥/י	413	HR/Sp1cs
Ezek 29:1	לֵ/אמֹֽר	l/559	HR/Vqc
Ezek 29:2	בֶּן	1121 a	HNcmsc
Ezek 29:2	אָדָ֕ם	120	HNcmsa
Ezek 29:2	שִׂ֣ים	7760 a	HVqv2ms
Ezek 29:2	פָּנֶ֔י/ךָ	6440	HNcbpc/Sp2ms
Ezek 29:2	עַל	5921 a	HR
Ezek 29:2	פַּרְעֹ֖ה	6547	HNp
Ezek 29:2	מֶ֣לֶךְ	4428	HNcmsc
Ezek 29:2	מִצְרָ֑יִם	4714	HNp
Ezek 29:2	וְ/הִנָּבֵ֣א	c/5012	HC/VNv2ms
Ezek 29:2	עָלָ֔י/ו	5921 a	HR/Sp3ms
Ezek 29:2	וְ/עַל	c/5921 a	HC/R
Ezek 29:2	מִצְרַ֖יִם	4714	HNp
Ezek 29:2	כֻּלָּֽ/הּ	3605	HNcmsc/Sp3fs
Ezek 29:3	דַּבֵּ֨ר	1696	HVpv2ms
Ezek 29:3	וְ/אָמַרְתָּ֜	c/559	HC/Vqq2ms
Ezek 29:3	כֹּֽה	3541	HD
Ezek 29:3	אָמַ֣ר	559	HVqp3ms
Ezek 29:3	אֲדֹנָ֣/י	136	HNcmpc/Sp1cs
Ezek 29:3	יְהוִ֗ה	3069	HNp
Ezek 29:3	הִנְ/נִ֤י	2005	HTm/Sp1cs
Ezek 29:3	עָלֶ֨י/ךָ֙	5921 a	HR/Sp2ms
Ezek 29:3	פַּרְעֹ֣ה	6547	HNp
Ezek 29:3	מֶֽלֶךְ	4428	HNcmsc
Ezek 29:3	מִצְרַ֔יִם	4714	HNp
Ezek 29:3	הַ/תַּנִּים֙	d/8577 b	HTd/Ncmsa
Ezek 29:3	הַ/גָּד֔וֹל	d/1419 a	HTd/Aamsa
Ezek 29:3	הָ/רֹבֵ֖ץ	d/7257	HTd/Vqrmsa
Ezek 29:3	בְּ/ת֣וֹךְ	b/8432	HR/Ncmsc
Ezek 29:3	יְאֹרָ֑י/ו	2975	HNcmpc/Sp3ms
Ezek 29:3	אֲשֶׁ֥ר	834 a	HTr
Ezek 29:3	אָמַ֛ר	559	HVqp3ms
Ezek 29:3	לִ֥/י	l	HR/Sp1cs
Ezek 29:3	יְאֹרִ֖/י	2975	HNp/Sp1cs
Ezek 29:3	וַ/אֲנִ֥י	c/589	HC/Pp1cs
Ezek 29:3	עֲשִׂיתִֽ/נִי	6213 a	HVqp1cs/Sp1cs
Ezek 29:4	וְ/נָתַתִּ֤י	c/5414	HC/Vqq1cs
Ezek 29:4	חחיים	2397	HNcmpa
Ezek 29:4	בִּ/לְחָיֶ֔י/ךָ	b/3895	HR/Ncbdc/Sp2ms
Ezek 29:4	וְ/הִדְבַּקְתִּ֥י	c/1692	HC/Vhq1cs
Ezek 29:4	דְגַת	1710	HNcfsc
Ezek 29:4	יְאֹרֶ֖י/ךָ	2975	HNcmpc/Sp2ms
Ezek 29:4	בְּ/קַשְׂקְשֹׂתֶ֑י/ךָ	b/7193	HR/Ncfpc/Sp2ms
Ezek 29:4	וְ/הַעֲלִיתִ֨י/ךָ֙	c/5927	HC/Vhq1cs/Sp2ms
Ezek 29:4	מִ/תּ֣וֹךְ	m/8432	HR/Ncmsc
Ezek 29:4	יְאֹרֶ֔י/ךָ	2975	HNcmpc/Sp2ms
Ezek 29:4	וְ/אֵת֙	c/853	HC/To
Ezek 29:4	כָּל	3605	HNcmsc
Ezek 29:4	דְּגַ֣ת	1710	HNcfsc
Ezek 29:4	יְאֹרֶ֔י/ךָ	2975	HNcmpc/Sp2ms
Ezek 29:4	בְּ/קַשְׂקְשֹׂתֶ֖י/ךָ	b/7193	HR/Ncfpc/Sp2ms
Ezek 29:4	תִּדְבָּֽק	1692	HVqi3fs
Ezek 29:5	וּ/נְטַשְׁתִּ֣י/ךָ	c/5203	HC/Vqq1cs/Sp2ms
Ezek 29:5	הַ/מִּדְבָּ֗רָ/ה	d/4057 b	HTd/Ncmsa/Sd
Ezek 29:5	אוֹתְ/ךָ֙	853	HTo/Sp2ms
Ezek 29:5	וְ/אֵת֙	c/853	HC/To
Ezek 29:5	כָּל	3605	HNcmsc
Ezek 29:5	דְּגַ֣ת	1710	HNcfsc
Ezek 29:5	יְאֹרֶ֔י/ךָ	2975	HNcmpc/Sp2ms
Ezek 29:5	עַל	5921 a	HR
Ezek 29:5	פְּנֵ֤י	6440	HNcbpc
Ezek 29:5	הַ/שָּׂדֶה֙	d/7704 b	HTd/Ncmsa
Ezek 29:5	תִּפּ֔וֹל	5307	HVqi2ms
Ezek 29:5	לֹ֥א	3808	HTn
Ezek 29:5	תֵאָסֵ֖ף	622	HVNi2ms
Ezek 29:5	וְ/לֹ֣א	c/3808	HC/Tn
Ezek 29:5	תִקָּבֵ֑ץ	6908	HVNi2ms
Ezek 29:5	לְ/חַיַּ֥ת	l/2416 c	HR/Ncfsc
Ezek 29:5	הָ/אָ֛רֶץ	d/776	HTd/Ncbsa
Ezek 29:5	וּ/לְ/ע֥וֹף	c/l/5775	HC/R/Ncmsc
Ezek 29:5	הַ/שָּׁמַ֖יִם	d/8064	HTd/Ncmpa
Ezek 29:5	נְתַתִּ֥י/ךָ	5414	HVqp1cs/Sp2ms
Ezek 29:5	לְ/אָכְלָֽה	l/402	HR/Ncfsa
Ezek 29:6	וְ/יָֽדְעוּ֙	c/3045	HC/Vqq3cp
Ezek 29:6	כָּל	3605	HNcmsc
Ezek 29:6	יֹשְׁבֵ֣י	3427	HVqrmpc
Ezek 29:6	מִצְרַ֔יִם	4714	HNp
Ezek 29:6	כִּ֖י	3588 a	HC
Ezek 29:6	אֲנִ֣י	589	HPp1cs
Ezek 29:6	יְהוָ֑ה	3068	HNp
Ezek 29:6	יַ֧עַן	3282	HC
Ezek 29:6	הֱיוֹתָ֛/ם	1961	HVqc/Sp3mp
Ezek 29:6	מִשְׁעֶ֥נֶת	4938 b	HNcfsc
Ezek 29:6	קָנֶ֖ה	7070	HNcmsa
Ezek 29:6	לְ/בֵ֥ית	l/1004 b	HR/Ncmsc
Ezek 29:6	יִשְׂרָאֵֽל	3478	HNp
Ezek 29:7	בְּ/תָפְשָׂ֨/ם	b/8610	HR/Vqc/Sp3mp
Ezek 29:7	בְּ/ךָ֤	b	HR/Sp2ms
Ezek 29:7	ב/כפ/ך	b/3709	HR/Ncfsc/Sp2ms
Ezek 29:7	תֵּר֔וֹץ	7533	HVNi2ms
Ezek 29:7	וּ/בָקַעְתָּ֥	c/1234	HC/Vqq2ms
Ezek 29:7	לָ/הֶ֖ם	l	HR/Sp3mp
Ezek 29:7	כָּל	3605	HNcmsc
Ezek 29:7	כָּתֵ֑ף	3802	HNcfsa
Ezek 29:7	וּ/בְ/הִֽשָּׁעֲנָ֤/ם	c/b/8172	HC/R/VNc/Sp3mp
Ezek 29:7	עָלֶ֨י/ךָ֙	5921 a	HR/Sp2ms
Ezek 29:7	תִּשָּׁבֵ֔ר	7665	HVNi2ms
Ezek 29:7	וְ/הַעֲמַדְתָּ֥	c/5976	HC/Vhq2ms
Ezek 29:7	לָ/הֶ֖ם	l	HR/Sp3mp
Ezek 29:7	כָּל	3605	HNcmsc
Ezek 29:7	מָתְנָֽיִם	4975	HNcmda
Ezek 29:8	לָ/כֵ֗ן	l/3651 c	HR/D
Ezek 29:8	כֹּ֤ה	3541	HD
Ezek 29:8	אָמַר֙	559	HVqp3ms
Ezek 29:8	אֲדֹנָ֣/י	136	HNcmpc/Sp1cs
Ezek 29:8	יְהוִ֔ה	3069	HNp
Ezek 29:8	הִנְ/נִ֛י	2005	HTm/Sp1cs
Ezek 29:8	מֵבִ֥יא	935	HVhrmsa
Ezek 29:8	עָלַ֖יִ/ךְ	5921 a	HR/Sp2fs
Ezek 29:8	חָ֑רֶב	2719	HNcfsa
Ezek 29:8	וְ/הִכְרַתִּ֥י	c/3772	HC/Vhq1cs
Ezek 29:8	מִמֵּ֖/ךְ	4480 a	HR/Sp2fs
Ezek 29:8	אָדָ֥ם	120	HNcmsa
Ezek 29:8	וּ/בְהֵמָֽה	c/929	HC/Ncfsa
Ezek 29:9	וְ/הָיְתָ֤ה	c/1961	HC/Vqq3fs
Ezek 29:9	אֶֽרֶץ	776	HNcbsc
Ezek 29:9	מִצְרַ֨יִם֙	4714	HNp
Ezek 29:9	לִ/שְׁמָמָ֣ה	l/8077 a	HR/Ncfsa
Ezek 29:9	וְ/חָרְבָּ֔ה	c/2723	HC/Ncfsa
Ezek 29:9	וְ/יָדְע֖וּ	c/3045	HC/Vqq3cp
Ezek 29:9	כִּֽי	3588 a	HC
Ezek 29:9	אֲנִ֣י	589	HPp1cs
Ezek 29:9	יְהוָ֑ה	3068	HNp
Ezek 29:9	יַ֧עַן	3282	HC
Ezek 29:9	אָמַ֛ר	559	HVqp3ms
Ezek 29:9	יְאֹ֥ר	2975	HNp
Ezek 29:9	לִ֖/י	l	HR/Sp1cs
Ezek 29:9	וַ/אֲנִ֥י	c/589	HC/Pp1cs
Ezek 29:9	עָשִֽׂיתִי	6213 a	HVqp1cs
Ezek 29:10	לָ/כֵ֛ן	l/3651 c	HR/D
Ezek 29:10	הִנְ/נִ֥י	2005	HTm/Sp1cs
Ezek 29:10	אֵלֶ֖י/ךָ	413	HR/Sp2ms
Ezek 29:10	וְ/אֶל	c/413	HC/R
Ezek 29:10	יְאֹרֶ֑י/ךָ	2975	HNcmpc/Sp2ms
Ezek 29:10	וְ/נָתַתִּ֞י	c/5414	HC/Vqq1cs
Ezek 29:10	אֶת	853	HTo
Ezek 29:10	אֶ֣רֶץ	776	HNcbsc
Ezek 29:10	מִצְרַ֗יִם	4714	HNp
Ezek 29:10	לְ/חָרְבוֹת֙	l/2723	HR/Ncfpc
Ezek 29:10	חֹ֣רֶב	2721 b	HNcmsa
Ezek 29:10	שְׁמָמָ֔ה	8077 a	HNcfsa
Ezek 29:10	מִ/מִּגְדֹּ֥ל	m/4024 b	HR/Np
Ezek 29:10	סְוֵנֵ֖ה	5482	HNp
Ezek 29:10	וְ/עַד	c/5704	HC/R
Ezek 29:10	גְּב֥וּל	1366	HNcmsc
Ezek 29:10	כּֽוּשׁ	3568 a	HNp
Ezek 29:11	לֹ֤א	3808	HTn
Ezek 29:11	תַעֲבָר	5674 a	HVqi3fs
Ezek 29:11	בָּ/הּ֙	b	HR/Sp3fs
Ezek 29:11	רֶ֣גֶל	7272	HNcfsc
Ezek 29:11	אָדָ֔ם	120	HNcmsa
Ezek 29:11	וְ/רֶ֥גֶל	c/7272	HC/Ncfsc
Ezek 29:11	בְּהֵמָ֖ה	929	HNcfsa
Ezek 29:11	לֹ֣א	3808	HTn
Ezek 29:11	תַעֲבָר	5674 a	HVqi3fs
Ezek 29:11	בָּ֑/הּ	b	HR/Sp3fs
Ezek 29:11	וְ/לֹ֥א	c/3808	HC/Tn
Ezek 29:11	תֵשֵׁ֖ב	3427	HVqi3fs
Ezek 29:11	אַרְבָּעִ֥ים	705	HAcbpa
Ezek 29:11	שָׁנָֽה	8141	HNcfsa
Ezek 29:12	וְ/נָתַתִּ֣י	c/5414	HC/Vqq1cs
Ezek 29:12	אֶת	853	HTo
Ezek 29:12	אֶרֶץ֩	776	HNcbsc
Ezek 29:12	מִצְרַ֨יִם	4714	HNp
Ezek 29:12	שְׁמָמָ֜ה	8077 a	HNcfsa
Ezek 29:12	בְּ/ת֣וֹךְ	b/8432	HR/Ncmsc
Ezek 29:12	אֲרָצ֣וֹת	776	HNcbpa
Ezek 29:12	נְשַׁמּ֗וֹת	8074	HVNrfpa
Ezek 29:12	וְ/עָרֶ֨י/הָ֙	c/5892 b	HC/Ncfpc/Sp3fs
Ezek 29:12	בְּ/ת֨וֹךְ	b/8432	HR/Ncmsc
Ezek 29:12	עָרִ֤ים	5892 b	HNcfpa
Ezek 29:12	מָֽחֳרָבוֹת֙	2717 b	HVHsfpa
Ezek 29:12	תִּֽהְיֶ֣יןָ	1961	HVqi3fp
Ezek 29:12	שְׁמָמָ֔ה	8077 a	HNcfsa
Ezek 29:12	אַרְבָּעִ֖ים	705	HAcbpa
Ezek 29:12	שָׁנָ֑ה	8141	HNcfsa
Ezek 29:12	וַ/הֲפִצֹתִ֤י	c/6327 a	HC/Vhq1cs
Ezek 29:12	אֶת	853	HTo
Ezek 29:12	מִצְרַ֨יִם֙	4714	HNp
Ezek 29:12	בַּ/גּוֹיִ֔ם	b/1471 a	HRd/Ncmpa
Ezek 29:12	וְֽ/זֵרִיתִ֖י/ם	c/2219	HC/Vpq1cs/Sp3mp
Ezek 29:12	בָּ/אֲרָצֽוֹת	b/776	HRd/Ncbpa
Ezek 29:13	כִּ֛י	3588 a	HC
Ezek 29:13	כֹּ֥ה	3541	HD
Ezek 29:13	אָמַ֖ר	559	HVqp3ms
Ezek 29:13	אֲדֹנָ֣/י	136	HNcmpc/Sp1cs
Ezek 29:13	יְהוִ֑ה	3069	HNp
Ezek 29:13	מִ/קֵּ֞ץ	m/7093	HR/Ncmsc
Ezek 29:13	אַרְבָּעִ֤ים	705	HAcbpa
Ezek 29:13	שָׁנָה֙	8141	HNcfsa
Ezek 29:13	אֲקַבֵּ֣ץ	6908	HVpi1cs
Ezek 29:13	אֶת	853	HTo
Ezek 29:13	מִצְרַ֔יִם	4714	HNp
Ezek 29:13	מִן	4480 a	HR
Ezek 29:13	הָ/עַמִּ֖ים	d/5971 a	HTd/Ncmpa
Ezek 29:13	אֲשֶׁר	834 a	HTr
Ezek 29:13	נָפֹ֥צוּ	6327 a	HVNp3cp
Ezek 29:13	שָֽׁמָּ/ה	8033	HD/Sd
Ezek 29:14	וְ/שַׁבְתִּי֙	c/7725	HC/Vqp1cs
Ezek 29:14	אֶת	853	HTo
Ezek 29:14	שְׁב֣וּת	7622	HNcfsc
Ezek 29:14	מִצְרַ֔יִם	4714	HNp
Ezek 29:14	וַ/הֲשִׁבֹתִ֤י	c/7725	HC/Vhq1cs
Ezek 29:14	אֹתָ/ם֙	853	HTo/Sp3mp
Ezek 29:14	אֶ֣רֶץ	776	HNcbsc
Ezek 29:14	פַּתְר֔וֹס	6624	HNp
Ezek 29:14	עַל	5921 a	HR
Ezek 29:14	אֶ֖רֶץ	776	HNcbsc
Ezek 29:14	מְכֽוּרָתָ֑/ם	4351	HNcfsc/Sp3mp
Ezek 29:14	וְ/הָ֥יוּ	c/1961	HC/Vqq3cp
Ezek 29:14	שָׁ֖ם	8033	HD
Ezek 29:14	מַמְלָכָ֥ה	4467	HNcfsa
Ezek 29:14	שְׁפָלָֽה	8217	HAafsa
Ezek 29:15	מִן	4480 a	HR
Ezek 29:15	הַ/מַּמְלָכוֹת֙	d/4467	HTd/Ncfpa
Ezek 29:15	תִּהְיֶ֣ה	1961	HVqi3fs
Ezek 29:15	שְׁפָלָ֔ה	8217	HAafsa
Ezek 29:15	וְ/לֹֽא	c/3808	HC/Tn
Ezek 29:15	תִתְנַשֵּׂ֥א	5375	HVti3fs
Ezek 29:15	ע֖וֹד	5750	HD
Ezek 29:15	עַל	5921 a	HR
Ezek 29:15	הַ/גּוֹיִ֑ם	d/1471 a	HTd/Ncmpa
Ezek 29:15	וְ/הִ֨מְעַטְתִּ֔י/ם	c/4591	HC/Vhq1cs/Sp3mp
Ezek 29:15	לְ/בִלְתִּ֖י	l/1115	HR/C
Ezek 29:15	רְד֥וֹת	7287 a	HVqc
Ezek 29:15	בַּ/גּוֹיִֽם	b/1471 a	HRd/Ncmpa
Ezek 29:16	וְ/לֹ֣א	c/3808	HC/Tn
Ezek 29:16	יִֽהְיֶה	1961	HVqi3ms
Ezek 29:16	עוֹד֩	5750	HD
Ezek 29:16	לְ/בֵ֨ית	l/1004 b	HR/Ncmsc
Ezek 29:16	יִשְׂרָאֵ֤ל	3478	HNp
Ezek 29:16	לְ/מִבְטָח֙	l/4009	HR/Ncmsa
Ezek 29:16	מַזְכִּ֣יר	2142	HVhrmsa
Ezek 29:16	עָוֺ֔ן	5771	HNcbsa
Ezek 29:16	בִּ/פְנוֹתָ֖/ם	b/6437	HR/Vqc/Sp3mp
Ezek 29:16	אַחֲרֵי/הֶ֑ם	310 a	HR/Sp3mp
Ezek 29:16	וְ/יָ֣דְע֔וּ	c/3045	HC/Vqq3cp
Ezek 29:16	כִּ֥י	3588 a	HC
Ezek 29:16	אֲנִ֖י	589	HPp1cs
Ezek 29:16	אֲדֹנָ֥/י	136	HNcmpc/Sp1cs
Ezek 29:16	יְהוִֽה	3069	HNp
Ezek 29:17	וַ/יְהִ֗י	c/1961	HC/Vqw3ms
Ezek 29:17	בְּ/עֶשְׂרִ֤ים	b/6242	HR/Acbpa
Ezek 29:17	וָ/שֶׁ֨בַע֙	c/7651	HC/Acfsa
Ezek 29:17	שָׁנָ֔ה	8141	HNcfsa
Ezek 29:17	בָּֽ/רִאשׁ֖וֹן	b/7223	HRd/Aamsa
Ezek 29:17	בְּ/אֶחָ֣ד	b/259	HR/Acmsa
Ezek 29:17	לַ/חֹ֑דֶשׁ	l/2320	HRd/Ncmsa
Ezek 29:17	הָיָ֥ה	1961	HVqp3ms
Ezek 29:17	דְבַר	1697	HNcmsc
Ezek 29:17	יְהוָ֖ה	3068	HNp
Ezek 29:17	אֵלַ֥/י	413	HR/Sp1cs
Ezek 29:17	לֵ/אמֹֽר	l/559	HR/Vqc
Ezek 29:18	בֶּן	1121 a	HNcmsc
Ezek 29:18	אָדָ֗ם	120	HNcmsa
Ezek 29:18	נְבוּכַדְרֶאצַּ֣ר	5019	HNp
Ezek 29:18	מֶֽלֶךְ	4428	HNcmsc
Ezek 29:18	בָּ֠בֶל	894	HNp
Ezek 29:18	הֶעֱבִ֨יד	5647	HVhp3ms
Ezek 29:18	אֶת	853	HTo
Ezek 29:18	חֵיל֜/וֹ	2428	HNcmsc/Sp3ms
Ezek 29:18	עֲבֹדָ֤ה	5656	HNcfsa
Ezek 29:18	גְדֹלָה֙	1419 a	HAafsa
Ezek 29:18	אֶל	413	HR
Ezek 29:18	צֹ֔ר	6865	HNp
Ezek 29:18	כָּל	3605	HNcmsc
Ezek 29:18	רֹ֣אשׁ	7218 a	HNcmsa
Ezek 29:18	מֻקְרָ֔ח	7139	HVHsmsa
Ezek 29:18	וְ/כָל	c/3605	HC/Ncmsc
Ezek 29:18	כָּתֵ֖ף	3802	HNcfsa
Ezek 29:18	מְרוּטָ֑ה	4803	HVqsfsa
Ezek 29:18	וְ֠/שָׂכָר	c/7939	HC/Ncmsa
Ezek 29:18	לֹא	3808	HTn
Ezek 29:18	הָ֨יָה	1961	HVqp3ms
Ezek 29:18	ל֤/וֹ	l	HR/Sp3ms
Ezek 29:18	וּ/לְ/חֵיל/וֹ֙	c/l/2428	HC/R/Ncmsc/Sp3ms
Ezek 29:18	מִ/צֹּ֔ר	m/6865	HR/Np
Ezek 29:18	עַל	5921 a	HR
Ezek 29:18	הָ/עֲבֹדָ֖ה	d/5656	HTd/Ncfsa
Ezek 29:18	אֲשֶׁר	834 a	HTr
Ezek 29:18	עָבַ֥ד	5647	HVqp3ms
Ezek 29:18	עָלֶֽי/הָ	5921 a	HR/Sp3fs
Ezek 29:19	לָ/כֵ֗ן	l/3651 c	HR/D
Ezek 29:19	כֹּ֤ה	3541	HD
Ezek 29:19	אָמַר֙	559	HVqp3ms
Ezek 29:19	אֲדֹנָ֣/י	136	HNcmpc/Sp1cs
Ezek 29:19	יְהוִ֔ה	3069	HNp
Ezek 29:19	הִנְ/נִ֥י	2005	HTm/Sp1cs
Ezek 29:19	נֹתֵ֛ן	5414	HVqrmsa
Ezek 29:19	לִ/נְבוּכַדְרֶאצַּ֥ר	l/5019	HR/Np
Ezek 29:19	מֶֽלֶךְ	4428	HNcmsc
Ezek 29:19	בָּבֶ֖ל	894	HNp
Ezek 29:19	אֶת	853	HTo
Ezek 29:19	אֶ֣רֶץ	776	HNcbsc
Ezek 29:19	מִצְרָ֑יִם	4714	HNp
Ezek 29:19	וְ/נָשָׂ֨א	c/5375	HC/Vqq3ms
Ezek 29:19	הֲמֹנָ֜/הּ	1995 a	HNcmsc/Sp3fs
Ezek 29:19	וְ/שָׁלַ֤ל	c/7997 b	HC/Vqq3ms
Ezek 29:19	שְׁלָלָ/הּ֙	7998	HNcmsc/Sp3fs
Ezek 29:19	וּ/בָזַ֣ז	c/962	HC/Vqq3ms
Ezek 29:19	בִּזָּ֔/הּ	957	HNcmsc/Sp3fs
Ezek 29:19	וְ/הָיְתָ֥ה	c/1961	HC/Vqq3fs
Ezek 29:19	שָׂכָ֖ר	7939	HNcmsa
Ezek 29:19	לְ/חֵילֽ/וֹ	l/2428	HR/Ncmsc/Sp3ms
Ezek 29:20	פְּעֻלָּת/וֹ֙	6468	HNcfsc/Sp3ms
Ezek 29:20	אֲשֶׁר	834 a	HTr
Ezek 29:20	עָ֣בַד	5647	HVqp3ms
Ezek 29:20	בָּ֔/הּ	b	HR/Sp3fs
Ezek 29:20	נָתַ֥תִּי	5414	HVqp1cs
Ezek 29:20	ל֖/וֹ	l	HR/Sp3ms
Ezek 29:20	אֶת	853	HTo
Ezek 29:20	אֶ֣רֶץ	776	HNcbsc
Ezek 29:20	מִצְרָ֑יִם	4714	HNp
Ezek 29:20	אֲשֶׁר֙	834 a	HTr
Ezek 29:20	עָ֣שׂוּ	6213 a	HVqp3cp
Ezek 29:20	לִ֔/י	l	HR/Sp1cs
Ezek 29:20	נְאֻ֖ם	5002	HNcmsc
Ezek 29:20	אֲדֹנָ֥/י	136	HNcmpc/Sp1cs
Ezek 29:20	יְהוִֽה	3069	HNp
Ezek 29:21	בַּ/יּ֣וֹם	b/3117	HRd/Ncmsa
Ezek 29:21	הַ/ה֗וּא	d/1931	HTd/Pp3ms
Ezek 29:21	אַצְמִ֤יחַ	6779	HVhi1cs
Ezek 29:21	קֶ֨רֶן֙	7161 a	HNcbsa
Ezek 29:21	לְ/בֵ֣ית	l/1004 b	HR/Ncmsc
Ezek 29:21	יִשְׂרָאֵ֔ל	3478	HNp
Ezek 29:21	וּ/לְ/ךָ֛	c/l	HC/R/Sp2ms
Ezek 29:21	אֶתֵּ֥ן	5414	HVqi1cs
Ezek 29:21	פִּתְחֽוֹן	6610	HNcmsc
Ezek 29:21	פֶּ֖ה	6310	HNcmsa
Ezek 29:21	בְּ/תוֹכָ֑/ם	b/8432	HR/Ncmsc/Sp3mp
Ezek 29:21	וְ/יָדְע֖וּ	c/3045	HC/Vqq3cp
Ezek 29:21	כִּי	3588 a	HC
Ezek 29:21	אֲנִ֥י	589	HPp1cs
Ezek 29:21	יְהוָֽה	3068	HNp
Ezek 30:1	וַ/יְהִ֥י	c/1961	HC/Vqw3ms
Ezek 30:1	דְבַר	1697	HNcmsc
Ezek 30:1	יְהוָ֖ה	3068	HNp
Ezek 30:1	אֵלַ֥/י	413	HR/Sp1cs
Ezek 30:1	לֵ/אמֹֽר	l/559	HR/Vqc
Ezek 30:2	בֶּן	1121 a	HNcmsc
Ezek 30:2	אָדָ֕ם	120	HNcmsa
Ezek 30:2	הִנָּבֵא֙	5012	HVNv2ms
Ezek 30:2	וְ/אָ֣מַרְתָּ֔	c/559	HC/Vqq2ms
Ezek 30:2	כֹּ֥ה	3541	HD
Ezek 30:2	אָמַ֖ר	559	HVqp3ms
Ezek 30:2	אֲדֹנָ֣/י	136	HNcmpc/Sp1cs
Ezek 30:2	יְהוִ֑ה	3069	HNp
Ezek 30:2	הֵילִ֖ילוּ	3213	HVhv2mp
Ezek 30:2	הָ֥הּ	1929	HTj
Ezek 30:2	לַ/יּֽוֹם	l/3117	HRd/Ncmsa
Ezek 30:3	כִּֽי	3588 a	HC
Ezek 30:3	קָר֣וֹב	7138	HAamsa
Ezek 30:3	י֔וֹם	3117	HNcmsa
Ezek 30:3	וְ/קָר֥וֹב	c/7138	HC/Aamsa
Ezek 30:3	י֖וֹם	3117	HNcmsa
Ezek 30:3	לַֽ/יהוָ֑ה	l/3068	HR/Np
Ezek 30:3	י֣וֹם	3117	HNcmsc
Ezek 30:3	עָנָ֔ן	6051	HNcmsa
Ezek 30:3	עֵ֥ת	6256	HNcbsc
Ezek 30:3	גּוֹיִ֖ם	1471 a	HNcmpa
Ezek 30:3	יִֽהְיֶֽה	1961	HVqi3ms
Ezek 30:4	וּ/בָאָ֥ה	c/935	HC/Vqq3fs
Ezek 30:4	חֶ֨רֶב֙	2719	HNcfsa
Ezek 30:4	בְּ/מִצְרַ֔יִם	b/4714	HR/Np
Ezek 30:4	וְ/הָיְתָ֤ה	c/1961	HC/Vqq3fs
Ezek 30:4	חַלְחָלָה֙	2479	HNcfsa
Ezek 30:4	בְּ/כ֔וּשׁ	b/3568 a	HR/Np
Ezek 30:4	בִּ/נְפֹ֥ל	b/5307	HR/Vqc
Ezek 30:4	חָלָ֖ל	2491 a	HAamsa
Ezek 30:4	בְּ/מִצְרָ֑יִם	b/4714	HR/Np
Ezek 30:4	וְ/לָקְח֣וּ	c/3947	HC/Vqq3cp
Ezek 30:4	הֲמוֹנָ֔/הּ	1995 a	HNcmsc/Sp3fs
Ezek 30:4	וְ/נֶהֶרְס֖וּ	c/2040	HC/VNq3cp
Ezek 30:4	יְסוֹדֹתֶֽי/הָ	3247	HNcmpc/Sp3fs
Ezek 30:5	כּ֣וּשׁ	3568 a	HNp
Ezek 30:5	וּ/פ֤וּט	c/6316	HC/Np
Ezek 30:5	וְ/לוּד֙	c/3865	HC/Np
Ezek 30:5	וְ/כָל	c/3605	HC/Ncmsc
Ezek 30:5	הָ/עֶ֣רֶב	d/6154 a	HTd/Ncmsa
Ezek 30:5	וְ/כ֔וּב	c/3552	HC/Np
Ezek 30:5	וּ/בְנֵ֖י	c/1121 a	HC/Ncmpc
Ezek 30:5	אֶ֣רֶץ	776	HNcbsc
Ezek 30:5	הַ/בְּרִ֑ית	d/1285	HTd/Ncfsa
Ezek 30:5	אִתָּ֖/ם	854	HR/Sp3mp
Ezek 30:5	בַּ/חֶ֥רֶב	b/2719	HRd/Ncfsa
Ezek 30:5	יִפֹּֽלוּ	5307	HVqi3mp
Ezek 30:6	כֹּ֚ה	3541	HD
Ezek 30:6	אָמַ֣ר	559	HVqp3ms
Ezek 30:6	יְהוָ֔ה	3068	HNp
Ezek 30:6	וְ/נָֽפְלוּ֙	c/5307	HC/Vqq3cp
Ezek 30:6	סֹמְכֵ֣י	5564	HVqrmpc
Ezek 30:6	מִצְרַ֔יִם	4714	HNp
Ezek 30:6	וְ/יָרַ֖ד	c/3381	HC/Vqq3ms
Ezek 30:6	גְּא֣וֹן	1347	HNcmsc
Ezek 30:6	עֻזָּ֑/הּ	5797	HNcmsc/Sp3fs
Ezek 30:6	מִ/מִּגְדֹּ֣ל	m/4024 b	HR/Np
Ezek 30:6	סְוֵנֵ֗ה	5482	HNp
Ezek 30:6	בַּ/חֶ֨רֶב֙	b/2719	HRd/Ncfsa
Ezek 30:6	יִפְּלוּ	5307	HVqi3mp
Ezek 30:6	בָ֔/הּ	b	HR/Sp3fs
Ezek 30:6	נְאֻ֖ם	5002	HNcmsc
Ezek 30:6	אֲדֹנָ֥/י	136	HNcmpc/Sp1cs
Ezek 30:6	יְהוִֽה	3069	HNp
Ezek 30:7	וְ/נָשַׁ֕מּוּ	c/8074	HC/VNq3cp
Ezek 30:7	בְּ/ת֖וֹךְ	b/8432	HR/Ncmsc
Ezek 30:7	אֲרָצ֣וֹת	776	HNcbpa
Ezek 30:7	נְשַׁמּ֑וֹת	8074	HVNrfpa
Ezek 30:7	וְ/עָרָ֕י/ו	c/5892 b	HC/Ncfpc/Sp3ms
Ezek 30:7	בְּ/תוֹךְ	b/8432	HR/Ncmsc
Ezek 30:7	עָרִ֥ים	5892 b	HNcfpa
Ezek 30:7	נַחֲרָב֖וֹת	2717 b	HVNsfpa
Ezek 30:7	תִּֽהְיֶֽינָה	1961	HVqi3fp
Ezek 30:8	וְ/יָדְע֖וּ	c/3045	HC/Vqq3cp
Ezek 30:8	כִּֽי	3588 a	HC
Ezek 30:8	אֲנִ֣י	589	HPp1cs
Ezek 30:8	יְהוָ֑ה	3068	HNp
Ezek 30:8	בְּ/תִתִּ/י	b/5414	HR/Vqc/Sp1cs
Ezek 30:8	אֵ֣שׁ	784	HNcbsa
Ezek 30:8	בְּ/מִצְרַ֔יִם	b/4714	HR/Np
Ezek 30:8	וְ/נִשְׁבְּר֖וּ	c/7665	HC/VNq3cp
Ezek 30:8	כָּל	3605	HNcmsc
Ezek 30:8	עֹזְרֶֽי/הָ	5826	HVqrmpc/Sp3fs
Ezek 30:9	בַּ/יּ֣וֹם	b/3117	HRd/Ncmsa
Ezek 30:9	הַ/ה֗וּא	d/1931	HTd/Pp3ms
Ezek 30:9	יֵצְא֨וּ	3318	HVqi3mp
Ezek 30:9	מַלְאָכִ֤ים	4397	HNcmpa
Ezek 30:9	מִ/לְּ/פָנַ/י֙	m/l/6440	HR/R/Ncbpc/Sp1cs
Ezek 30:9	בַּ/צִּ֔ים	b/6716	HRd/Ncmpa
Ezek 30:9	לְ/הַחֲרִ֖יד	l/2729	HR/Vhc
Ezek 30:9	אֶת	853	HTo
Ezek 30:9	כּ֣וּשׁ	3568 a	HNp
Ezek 30:9	בֶּ֑טַח	983	HNcmsa
Ezek 30:9	וְ/הָיְתָ֨ה	c/1961	HC/Vqq3fs
Ezek 30:9	חַלְחָלָ֤ה	2479	HNcfsa
Ezek 30:9	בָ/הֶם֙	b	HR/Sp3mp
Ezek 30:9	בְּ/י֣וֹם	b/3117	HR/Ncmsc
Ezek 30:9	מִצְרַ֔יִם	4714	HNp
Ezek 30:9	כִּ֥י	3588 a	HC
Ezek 30:9	הִנֵּ֖ה	2009	HTm
Ezek 30:9	בָּאָֽה	935	HVqrfsa
Ezek 30:10	כֹּ֥ה	3541	HD
Ezek 30:10	אָמַ֖ר	559	HVqp3ms
Ezek 30:10	אֲדֹנָ֣/י	136	HNcmpc/Sp1cs
Ezek 30:10	יְהוִ֑ה	3069	HNp
Ezek 30:10	וְ/הִשְׁבַּתִּי֙	c/7673 a	HC/Vhq1cs
Ezek 30:10	אֶת	853	HTo
Ezek 30:10	הֲמ֣וֹן	1995 a	HNcmsc
Ezek 30:10	מִצְרַ֔יִם	4714	HNp
Ezek 30:10	בְּ/יַ֖ד	b/3027	HR/Ncbsc
Ezek 30:10	נְבוּכַדְרֶאצַּ֥ר	5019	HNp
Ezek 30:10	מֶלֶךְ	4428	HNcmsc
Ezek 30:10	בָּבֶֽל	894	HNp
Ezek 30:11	ה֠וּא	1931	HPp3ms
Ezek 30:11	וְ/עַמּ֤/וֹ	c/5971 a	HC/Ncmsc/Sp3ms
Ezek 30:11	אִתּ/וֹ֙	854	HR/Sp3ms
Ezek 30:11	עָרִיצֵ֣י	6184	HAampc
Ezek 30:11	גוֹיִ֔ם	1471 a	HNcmpa
Ezek 30:11	מֽוּבָאִ֖ים	935	HVHsmpa
Ezek 30:11	לְ/שַׁחֵ֣ת	l/7843	HR/Vpc
Ezek 30:11	הָ/אָ֑רֶץ	d/776	HTd/Ncbsa
Ezek 30:11	וְ/הֵרִ֤יקוּ	c/7324	HC/Vhq3cp
Ezek 30:11	חַרְבוֹתָ/ם֙	2719	HNcfpc/Sp3mp
Ezek 30:11	עַל	5921 a	HR
Ezek 30:11	מִצְרַ֔יִם	4714	HNp
Ezek 30:11	וּ/מָלְא֥וּ	c/4390	HC/Vqq3cp
Ezek 30:11	אֶת	853	HTo
Ezek 30:11	הָ/אָ֖רֶץ	d/776	HTd/Ncbsa
Ezek 30:11	חָלָֽל	2491 a	HAamsa
Ezek 30:12	וְ/נָתַתִּ֤י	c/5414	HC/Vqq1cs
Ezek 30:12	יְאֹרִים֙	2975	HNcmpa
Ezek 30:12	חָֽרָבָ֔ה	2724	HNcfsa
Ezek 30:12	וּ/מָכַרְתִּ֥י	c/4376	HC/Vqq1cs
Ezek 30:12	אֶת	853	HTo
Ezek 30:12	הָ/אָ֖רֶץ	d/776	HTd/Ncbsa
Ezek 30:12	בְּ/יַד	b/3027	HR/Ncbsc
Ezek 30:12	רָעִ֑ים	7451 a	HAampa
Ezek 30:12	וַ/הֲשִׁמֹּתִ֞י	c/8074	HC/Vhq1cs
Ezek 30:12	אֶ֤רֶץ	776	HNcbsa
Ezek 30:12	וּ/מְלֹאָ/הּ֙	c/4393	HC/Ncmsc/Sp3fs
Ezek 30:12	בְּ/יַד	b/3027	HR/Ncbsc
Ezek 30:12	זָרִ֔ים	2114 a	HAampa
Ezek 30:12	אֲנִ֥י	589	HPp1cs
Ezek 30:12	יְהוָ֖ה	3068	HNp
Ezek 30:12	דִּבַּֽרְתִּי	1696	HVpp1cs
Ezek 30:13	כֹּֽה	3541	HD
Ezek 30:13	אָמַ֞ר	559	HVqp3ms
Ezek 30:13	אֲדֹנָ֣/י	136	HNcmpc/Sp1cs
Ezek 30:13	יְהוִ֗ה	3069	HNp
Ezek 30:13	וְ/הַאֲבַדְתִּ֨י	c/6	HC/Vhq1cs
Ezek 30:13	גִלּוּלִ֜ים	1544	HNcmpa
Ezek 30:13	וְ/הִשְׁבַּתִּ֤י	c/7673 a	HC/Vhq1cs
Ezek 30:13	אֱלִילִים֙	457	HNcmpa
Ezek 30:13	מִ/נֹּ֔ף	m/5297	HR/Np
Ezek 30:13	וְ/נָשִׂ֥יא	c/5387 a	HC/Ncmsa
Ezek 30:13	מֵ/אֶֽרֶץ	m/776	HR/Ncbsc
Ezek 30:13	מִצְרַ֖יִם	4714	HNp
Ezek 30:13	לֹ֣א	3808	HTn
Ezek 30:13	יִֽהְיֶה	1961	HVqi3ms
Ezek 30:13	ע֑וֹד	5750	HD
Ezek 30:13	וְ/נָתַתִּ֥י	c/5414	HC/Vqq1cs
Ezek 30:13	יִרְאָ֖ה	3374	HNcfsa
Ezek 30:13	בְּ/אֶ֥רֶץ	b/776	HR/Ncbsc
Ezek 30:13	מִצְרָֽיִם	4714	HNp
Ezek 30:14	וַ/הֲשִׁמֹּתִי֙	c/8074	HC/Vhq1cs
Ezek 30:14	אֶת	853	HTo
Ezek 30:14	פַּתְר֔וֹס	6624	HNp
Ezek 30:14	וְ/נָתַ֥תִּי	c/5414	HC/Vqq1cs
Ezek 30:14	אֵ֖שׁ	784	HNcbsa
Ezek 30:14	בְּ/צֹ֑עַן	b/6814	HR/Np
Ezek 30:14	וְ/עָשִׂ֥יתִי	c/6213 a	HC/Vqq1cs
Ezek 30:14	שְׁפָטִ֖ים	8201	HNcmpa
Ezek 30:14	בְּ/נֹֽא	b/4996	HR/Np
Ezek 30:15	וְ/שָׁפַכְתִּ֣י	c/8210	HC/Vqq1cs
Ezek 30:15	חֲמָתִ֔/י	2534	HNcfsc/Sp1cs
Ezek 30:15	עַל	5921 a	HR
Ezek 30:15	סִ֖ין	5512 a	HNp
Ezek 30:15	מָע֣וֹז	4581	HNcmsc
Ezek 30:15	מִצְרָ֑יִם	4714	HNp
Ezek 30:15	וְ/הִכְרַתִּ֖י	c/3772	HC/Vhq1cs
Ezek 30:15	אֶת	853	HTo
Ezek 30:15	הֲמ֥וֹן	1995 a	HNcmsc
Ezek 30:15	נֹֽא	4996	HNp
Ezek 30:16	וְ/נָתַ֤תִּי	c/5414	HC/Vqq1cs
Ezek 30:16	אֵשׁ֙	784	HNcbsa
Ezek 30:16	בְּ/מִצְרַ֔יִם	b/4714	HR/Np
Ezek 30:16	ח֤וּל	2342 a	HVqc
Ezek 30:16	תחיל	2342 a	HVqi3fs
Ezek 30:16	סִ֔ין	5512 a	HNp
Ezek 30:16	וְ/נֹ֖א	c/4996	HC/Np
Ezek 30:16	תִּהְיֶ֣ה	1961	HVqi3fs
Ezek 30:16	לְ/הִבָּקֵ֑עַ	l/1234	HR/VNc
Ezek 30:16	וְ/נֹ֖ף	c/5297	HC/Np
Ezek 30:16	צָרֵ֥י	6862 c	HNcmpc
Ezek 30:16	יוֹמָֽם	3119	HD
Ezek 30:17	בַּח֥וּרֵי	970	HNcmpc
Ezek 30:17	אָ֛וֶן	206	HNp
Ezek 30:17	וּ/פִי	c/6364+	HC/Np
Ezek 30:17	בֶ֖סֶת	6364	HNp
Ezek 30:17	בַּ/חֶ֣רֶב	b/2719	HRd/Ncfsa
Ezek 30:17	יִפֹּ֑לוּ	5307	HVqi3mp
Ezek 30:17	וְ/הֵ֖נָּה	c/2007	HC/Pp3fp
Ezek 30:17	בַּ/שְּׁבִ֥י	b/7628 a	HRd/Ncbsa
Ezek 30:17	תֵלַֽכְנָה	3212	HVqi3fp
Ezek 30:18	וּ/בִֽ/תְחַפְנְחֵס֙	c/b/8471	HC/R/Np
Ezek 30:18	חָשַׂ֣ךְ	2821	HVqp3ms
Ezek 30:18	הַ/יּ֔וֹם	d/3117	HTd/Ncmsa
Ezek 30:18	בְּ/שִׁבְרִ/י	b/7665	HR/Vqc/Sp1cs
Ezek 30:18	שָׁם֙	8033	HD
Ezek 30:18	אֶת	853	HTo
Ezek 30:18	מֹט֣וֹת	4133	HNcfpc
Ezek 30:18	מִצְרַ֔יִם	4714	HNp
Ezek 30:18	וְ/נִשְׁבַּת	c/7673 a	HC/VNq3ms
Ezek 30:18	בָּ֖/הּ	b	HR/Sp3fs
Ezek 30:18	גְּא֣וֹן	1347	HNcmsc
Ezek 30:18	עֻזָּ֑/הּ	5797	HNcmsc/Sp3fs
Ezek 30:18	הִ֚יא	1931	HPp3fs
Ezek 30:18	עָנָ֣ן	6051	HNcmsa
Ezek 30:18	יְכַסֶּ֔/נָּה	3680	HVpi3ms/Sp3fs
Ezek 30:18	וּ/בְנוֹתֶ֖י/הָ	c/1323	HC/Ncfpc/Sp3fs
Ezek 30:18	בַּ/שְּׁבִ֥י	b/7628 a	HRd/Ncbsa
Ezek 30:18	תֵלַֽכְנָה	3212	HVqi3fp
Ezek 30:19	וְ/עָשִׂ֥יתִי	c/6213 a	HC/Vqq1cs
Ezek 30:19	שְׁפָטִ֖ים	8201	HNcmpa
Ezek 30:19	בְּ/מִצְרָ֑יִם	b/4714	HR/Np
Ezek 30:19	וְ/יָדְע֖וּ	c/3045	HC/Vqq3cp
Ezek 30:19	כִּֽי	3588 a	HC
Ezek 30:19	אֲנִ֥י	589	HPp1cs
Ezek 30:19	יְהוָֽה	3068	HNp
Ezek 30:20	וַ/יְהִ֗י	c/1961	HC/Vqw3ms
Ezek 30:20	בְּ/אַחַ֤ת	b/259	HR/Acfsa
Ezek 30:20	עֶשְׂרֵה֙	6240	HAcfsa
Ezek 30:20	שָׁנָ֔ה	8141	HNcfsa
Ezek 30:20	בָּֽ/רִאשׁ֖וֹן	b/7223	HRd/Aamsa
Ezek 30:20	בְּ/שִׁבְעָ֣ה	b/7651	HR/Acmsa
Ezek 30:20	לַ/חֹ֑דֶשׁ	l/2320	HRd/Ncmsa
Ezek 30:20	הָיָ֥ה	1961	HVqp3ms
Ezek 30:20	דְבַר	1697	HNcmsc
Ezek 30:20	יְהוָ֖ה	3068	HNp
Ezek 30:20	אֵלַ֥/י	413	HR/Sp1cs
Ezek 30:20	לֵ/אמֹֽר	l/559	HR/Vqc
Ezek 30:21	בֶּן	1121 a	HNcmsc
Ezek 30:21	אָדָ֕ם	120	HNcmsa
Ezek 30:21	אֶת	853	HTo
Ezek 30:21	זְר֛וֹעַ	2220	HNcbsc
Ezek 30:21	פַּרְעֹ֥ה	6547	HNp
Ezek 30:21	מֶֽלֶךְ	4428	HNcmsc
Ezek 30:21	מִצְרַ֖יִם	4714	HNp
Ezek 30:21	שָׁבָ֑רְתִּי	7665	HVqp1cs
Ezek 30:21	וְ/הִנֵּ֣ה	c/2009	HC/Tm
Ezek 30:21	לֹֽא	3808	HTn
Ezek 30:21	חֻ֠בְּשָׁה	2280	HVPp3fs
Ezek 30:21	לָ/תֵ֨ת	l/5414	HR/Vqc
Ezek 30:21	רְפֻא֜וֹת	7499	HNcfpa
Ezek 30:21	לָ/שׂ֥וּם	l/7760 a	HR/Vqc
Ezek 30:21	חִתּ֛וּל	2848	HNcmsa
Ezek 30:21	לְ/חָבְשָׁ֥/הּ	l/2280	HR/Vqc/Sp3fs
Ezek 30:21	לְ/חָזְקָ֖/הּ	l/2388	HR/Vqc/Sp3fs
Ezek 30:21	לִ/תְפֹּ֥שׂ	l/8610	HR/Vqc
Ezek 30:21	בֶּ/חָֽרֶב	b/2719	HRd/Ncfsa
Ezek 30:22	לָ/כֵ֞ן	l/3651 c	HR/D
Ezek 30:22	כֹּה	3541	HD
Ezek 30:22	אָמַ֣ר	559	HVqp3ms
Ezek 30:22	אֲדֹנָ֣/י	136	HNcmpc/Sp1cs
Ezek 30:22	יְהֹוִ֗ה	3069	HNp
Ezek 30:22	הִנְ/נִי֙	2005	HTm/Sp1cs
Ezek 30:22	אֶל	413	HR
Ezek 30:22	פַּרְעֹ֣ה	6547	HNp
Ezek 30:22	מֶֽלֶךְ	4428	HNcmsc
Ezek 30:22	מִצְרַ֔יִם	4714	HNp
Ezek 30:22	וְ/שָֽׁבַרְתִּי֙	c/7665	HC/Vqq1cs
Ezek 30:22	אֶת	853	HTo
Ezek 30:22	זְרֹ֣עֹתָ֔י/ו	2220	HNcbpc/Sp3ms
Ezek 30:22	אֶת	853	HTo
Ezek 30:22	הַ/חֲזָקָ֖ה	d/2389	HTd/Aafsa
Ezek 30:22	וְ/אֶת	c/853	HC/To
Ezek 30:22	הַ/נִּשְׁבָּ֑רֶת	d/7665	HTd/VNsfsa
Ezek 30:22	וְ/הִפַּלְתִּ֥י	c/5307	HC/Vhq1cs
Ezek 30:22	אֶת	853	HTo
Ezek 30:22	הַ/חֶ֖רֶב	d/2719	HTd/Ncfsa
Ezek 30:22	מִ/יָּדֽ/וֹ	m/3027	HR/Ncbsc/Sp3ms
Ezek 30:23	וַ/הֲפִצוֹתִ֥י	c/6327 a	HC/Vhq1cs
Ezek 30:23	אֶת	853	HTo
Ezek 30:23	מִצְרַ֖יִם	4714	HNp
Ezek 30:23	בַּ/גּוֹיִ֑ם	b/1471 a	HRd/Ncmpa
Ezek 30:23	וְ/זֵרִיתִ֖/ם	c/2219	HC/Vpq1cs/Sp3mp
Ezek 30:23	בָּ/אֲרָצֽוֹת	b/776	HRd/Ncbpa
Ezek 30:24	וְ/חִזַּקְתִּ֗י	c/2388	HC/Vpq1cs
Ezek 30:24	אֶת	853	HTo
Ezek 30:24	זְרֹעוֹת֙	2220	HNcbpc
Ezek 30:24	מֶ֣לֶךְ	4428	HNcmsc
Ezek 30:24	בָּבֶ֔ל	894	HNp
Ezek 30:24	וְ/נָתַתִּ֥י	c/5414	HC/Vqq1cs
Ezek 30:24	אֶת	853	HTo
Ezek 30:24	חַרְבִּ֖/י	2719	HNcfsc/Sp1cs
Ezek 30:24	בְּ/יָד֑/וֹ	b/3027	HR/Ncbsc/Sp3ms
Ezek 30:24	וְ/שָׁבַרְתִּי֙	c/7665	HC/Vqq1cs
Ezek 30:24	אֶת	853	HTo
Ezek 30:24	זְרֹע֣וֹת	2220	HNcbpc
Ezek 30:24	פַּרְעֹ֔ה	6547	HNp
Ezek 30:24	וְ/נָאַ֛ק	c/5008	HC/Vqp3ms
Ezek 30:24	נַאֲק֥וֹת	5009	HNcfpc
Ezek 30:24	חָלָ֖ל	2491 a	HAamsa
Ezek 30:24	לְ/פָנָֽי/ו	l/6440	HR/Ncbpc/Sp3ms
Ezek 30:25	וְ/הַחֲזַקְתִּ֗י	c/2388	HC/Vhq1cs
Ezek 30:25	אֶת	853	HTo
Ezek 30:25	זְרֹעוֹת֙	2220	HNcbpc
Ezek 30:25	מֶ֣לֶךְ	4428	HNcmsc
Ezek 30:25	בָּבֶ֔ל	894	HNp
Ezek 30:25	וּ/זְרֹע֥וֹת	c/2220	HC/Ncbpc
Ezek 30:25	פַּרְעֹ֖ה	6547	HNp
Ezek 30:25	תִּפֹּ֑לְנָה	5307	HVqi3fp
Ezek 30:25	וְֽ/יָדְע֞וּ	c/3045	HC/Vqq3cp
Ezek 30:25	כִּֽי	3588 a	HC
Ezek 30:25	אֲנִ֣י	589	HPp1cs
Ezek 30:25	יְהוָ֗ה	3068	HNp
Ezek 30:25	בְּ/תִתִּ֤/י	b/5414	HR/Vqc/Sp1cs
Ezek 30:25	חַרְבִּ/י֙	2719	HNcfsc/Sp1cs
Ezek 30:25	בְּ/יַ֣ד	b/3027	HR/Ncbsc
Ezek 30:25	מֶֽלֶךְ	4428	HNcmsc
Ezek 30:25	בָּבֶ֔ל	894	HNp
Ezek 30:25	וְ/נָטָ֥ה	c/5186	HC/Vqq3ms
Ezek 30:25	אוֹתָ֖/הּ	853	HTo/Sp3fs
Ezek 30:25	אֶל	413	HR
Ezek 30:25	אֶ֥רֶץ	776	HNcbsc
Ezek 30:25	מִצְרָֽיִם	4714	HNp
Ezek 30:26	וַ/הֲפִצוֹתִ֤י	c/6327 a	HC/Vhq1cs
Ezek 30:26	אֶת	853	HTo
Ezek 30:26	מִצְרַ֨יִם֙	4714	HNp
Ezek 30:26	בַּ/גּוֹיִ֔ם	b/1471 a	HRd/Ncmpa
Ezek 30:26	וְ/זֵרִיתִ֥י	c/2219	HC/Vpq1cs
Ezek 30:26	אוֹתָ֖/ם	853	HTo/Sp3mp
Ezek 30:26	בָּ/אֲרָצ֑וֹת	b/776	HRd/Ncbpa
Ezek 30:26	וְ/יָדְע֖וּ	c/3045	HC/Vqq3cp
Ezek 30:26	כִּֽי	3588 a	HC
Ezek 30:26	אֲנִ֥י	589	HPp1cs
Ezek 30:26	יְהוָֽה	3068	HNp
Ezek 31:1	וַ/יְהִ֗י	c/1961	HC/Vqw3ms
Ezek 31:1	בְּ/אַחַ֤ת	b/259	HR/Acfsa
Ezek 31:1	עֶשְׂרֵה֙	6240	HAcfsa
Ezek 31:1	שָׁנָ֔ה	8141	HNcfsa
Ezek 31:1	בַּ/שְּׁלִישִׁ֖י	b/7992	HRd/Aomsa
Ezek 31:1	בְּ/אֶחָ֣ד	b/259	HR/Acmsa
Ezek 31:1	לַ/חֹ֑דֶשׁ	l/2320	HRd/Ncmsa
Ezek 31:1	הָיָ֥ה	1961	HVqp3ms
Ezek 31:1	דְבַר	1697	HNcmsc
Ezek 31:1	יְהוָ֖ה	3068	HNp
Ezek 31:1	אֵלַ֥/י	413	HR/Sp1cs
Ezek 31:1	לֵ/אמֹֽר	l/559	HR/Vqc
Ezek 31:2	בֶּן	1121 a	HNcmsc
Ezek 31:2	אָדָ֕ם	120	HNcmsa
Ezek 31:2	אֱמֹ֛ר	559	HVqv2ms
Ezek 31:2	אֶל	413	HR
Ezek 31:2	פַּרְעֹ֥ה	6547	HNp
Ezek 31:2	מֶֽלֶךְ	4428	HNcmsc
Ezek 31:2	מִצְרַ֖יִם	4714	HNp
Ezek 31:2	וְ/אֶל	c/413	HC/R
Ezek 31:2	הֲמוֹנ֑/וֹ	1995 a	HNcmsc/Sp3ms
Ezek 31:2	אֶל	413	HR
Ezek 31:2	מִ֖י	4310	HTi
Ezek 31:2	דָּמִ֥יתָ	1819	HVqp2ms
Ezek 31:2	בְ/גָדְלֶֽ/ךָ	b/1433	HR/Ncmsc/Sp2ms
Ezek 31:3	הִנֵּ֨ה	2009	HTm
Ezek 31:3	אַשּׁ֜וּר	804	HNp
Ezek 31:3	אֶ֣רֶז	730	HNcmsa
Ezek 31:3	בַּ/לְּבָנ֗וֹן	b/3844	HRd/Np
Ezek 31:3	יְפֵ֥ה	3303	HAamsc
Ezek 31:3	עָנָ֛ף	6057	HNcmsa
Ezek 31:3	וְ/חֹ֥רֶשׁ	c/2793	HC/Ncmsa
Ezek 31:3	מֵצַ֖ל	6751	HVhrmsa
Ezek 31:3	וּ/גְבַ֣הּ	c/1362	HC/Aamsc
Ezek 31:3	קוֹמָ֑ה	6967	HNcfsa
Ezek 31:3	וּ/בֵ֣ין	c/996	HC/R
Ezek 31:3	עֲבֹתִ֔ים	5688	HNcbpa
Ezek 31:3	הָיְתָ֖ה	1961	HVqp3fs
Ezek 31:3	צַמַּרְתּֽ/וֹ	6788	HNcfsc/Sp3ms
Ezek 31:4	מַ֣יִם	4325	HNcmpa
Ezek 31:4	גִּדְּל֔וּ/הוּ	1431	HVpp3cp/Sp3ms
Ezek 31:4	תְּה֖וֹם	8415	HNcbsa
Ezek 31:4	רֹֽמְמָ֑תְ/הוּ	7311 a	HVop3fs/Sp3ms
Ezek 31:4	אֶת	854	HR
Ezek 31:4	נַהֲרֹתֶ֗י/הָ	5104	HNcmpc/Sp3fs
Ezek 31:4	הֹלֵךְ֙	1980	HVqrmsa
Ezek 31:4	סְבִיב֣וֹת	5439	HNcbpc
Ezek 31:4	מַטָּעָ֔/הּ	4302	HNcmsc/Sp3fs
Ezek 31:4	וְ/אֶת	c/853	HC/To
Ezek 31:4	תְּעָלֹתֶ֣י/הָ	8585 a	HNcfpc/Sp3fs
Ezek 31:4	שִׁלְחָ֔ה	7971	HVpp3fs
Ezek 31:4	אֶ֖ל	413	HR
Ezek 31:4	כָּל	3605	HNcmsc
Ezek 31:4	עֲצֵ֥י	6086	HNcmpc
Ezek 31:4	הַ/שָּׂדֶֽה	d/7704 b	HTd/Ncmsa
Ezek 31:5	עַל	5921 a	HR
Ezek 31:5	כֵּן֙	3651 c	HTm
Ezek 31:5	גָּבְהָ֣א	1361	HVqp3fs
Ezek 31:5	קֹמָת֔/וֹ	6967	HNcfsc/Sp3ms
Ezek 31:5	מִ/כֹּ֖ל	m/3605	HR/Ncmsc
Ezek 31:5	עֲצֵ֣י	6086	HNcmpc
Ezek 31:5	הַ/שָּׂדֶ֑ה	d/7704 b	HTd/Ncmsa
Ezek 31:5	וַ/תִּרְבֶּ֨ינָה	c/7235 a	HC/Vqw3fp
Ezek 31:5	סַֽרְעַפֹּתָ֜י/ו	5634	HNcfpc/Sp3ms
Ezek 31:5	וַ/תֶּאֱרַ֧כְנָה	c/748	HC/Vqw3fp
Ezek 31:5	פארת/ו	6288 a	HNcfpc/Sp3ms
Ezek 31:5	מִ/מַּ֥יִם	m/4325	HR/Ncmpa
Ezek 31:5	רַבִּ֖ים	7227 a	HAampa
Ezek 31:5	בְּ/שַׁלְּחֽ/וֹ	b/7971	HR/Vpc/Sp3ms
Ezek 31:6	בִּ/סְעַפֹּתָ֤י/ו	b/5589	HR/Ncfpc/Sp3ms
Ezek 31:6	קִֽנְנוּ֙	7077	HVpp3cp
Ezek 31:6	כָּל	3605	HNcmsc
Ezek 31:6	ע֣וֹף	5775	HNcmsc
Ezek 31:6	הַ/שָּׁמַ֔יִם	d/8064	HTd/Ncmpa
Ezek 31:6	וְ/תַ֤חַת	c/8478	HC/R
Ezek 31:6	פֹּֽארֹתָי/ו֙	6288 a	HNcfpc/Sp3ms
Ezek 31:6	יָֽלְד֔וּ	3205	HVqp3cp
Ezek 31:6	כֹּ֖ל	3605	HNcmsc
Ezek 31:6	חַיַּ֣ת	2416 c	HNcfsc
Ezek 31:6	הַ/שָּׂדֶ֑ה	d/7704 b	HTd/Ncmsa
Ezek 31:6	וּ/בְ/צִלּ/וֹ֙	c/b/6738	HC/R/Ncmsc/Sp3ms
Ezek 31:6	יֵֽשְׁב֔וּ	3427	HVqi3mp
Ezek 31:6	כֹּ֖ל	3605	HNcmsc
Ezek 31:6	גּוֹיִ֥ם	1471 a	HNcmpa
Ezek 31:6	רַבִּֽים	7227 a	HAampa
Ezek 31:7	וַ/יְּיִ֣ף	c/3302	HC/Vqw3ms
Ezek 31:7	בְּ/גָדְל֔/וֹ	b/1433	HR/Ncmsc/Sp3ms
Ezek 31:7	בְּ/אֹ֖רֶךְ	b/753	HR/Ncmsc
Ezek 31:7	דָּֽלִיּוֹתָ֑י/ו	1808	HNcfpc/Sp3ms
Ezek 31:7	כִּֽי	3588 a	HC
Ezek 31:7	הָיָ֥ה	1961	HVqp3ms
Ezek 31:7	שָׁרְשׁ֖/וֹ	8328	HNcmsc/Sp3ms
Ezek 31:7	אֶל	413	HR
Ezek 31:7	מַ֥יִם	4325	HNcmpa
Ezek 31:7	רַבִּֽים	7227 a	HAampa
Ezek 31:8	אֲרָזִ֣ים	730	HNcmpa
Ezek 31:8	לֹֽא	3808	HTn
Ezek 31:8	עֲמָמֻ/הוּ֮	6004	HVqp3cp/Sp3ms
Ezek 31:8	בְּ/גַן	b/1588	HR/Ncbsc
Ezek 31:8	אֱלֹהִים֒	430	HNcmpa
Ezek 31:8	בְּרוֹשִׁ֗ים	1265	HNcmpa
Ezek 31:8	לֹ֤א	3808	HTn
Ezek 31:8	דָמוּ֙	1819	HVqp3cp
Ezek 31:8	אֶל	413	HR
Ezek 31:8	סְעַפֹּתָ֔י/ו	5589	HNcfpc/Sp3ms
Ezek 31:8	וְ/עַרְמֹנִ֥ים	c/6196	HC/Ncmpa
Ezek 31:8	לֹֽא	3808	HTn
Ezek 31:8	הָי֖וּ	1961	HVqp3cp
Ezek 31:8	כְּ/פֹֽארֹתָ֑י/ו	k/6288 a	HR/Ncfpc/Sp3ms
Ezek 31:8	כָּל	3605	HNcmsc
Ezek 31:8	עֵץ֙	6086	HNcmsa
Ezek 31:8	בְּ/גַן	b/1588	HR/Ncbsc
Ezek 31:8	אֱלֹהִ֔ים	430	HNcmpa
Ezek 31:8	לֹא	3808	HTn
Ezek 31:8	דָמָ֥ה	1819	HVqp3ms
Ezek 31:8	אֵלָ֖י/ו	413	HR/Sp3ms
Ezek 31:8	בְּ/יָפְיֽ/וֹ	b/3308	HR/Ncmsc/Sp3ms
Ezek 31:9	יָפֶ֣ה	3303	HAamsa
Ezek 31:9	עֲשִׂיתִ֔י/ו	6213 a	HVqp1cs/Sp3ms
Ezek 31:9	בְּ/רֹ֖ב	b/7230	HR/Ncbsc
Ezek 31:9	דָּֽלִיּוֹתָ֑י/ו	1808	HNcfpc/Sp3ms
Ezek 31:9	וַ/יְקַנְאֻ֨/הוּ֙	c/7065	HC/Vpw3mp/Sp3ms
Ezek 31:9	כָּל	3605	HNcmsc
Ezek 31:9	עֲצֵי	6086	HNcmpc
Ezek 31:9	עֵ֔דֶן	5731 b	HNp
Ezek 31:9	אֲשֶׁ֖ר	834 a	HTr
Ezek 31:9	בְּ/גַ֥ן	b/1588	HR/Ncbsc
Ezek 31:9	הָ/אֱלֹהִֽים	d/430	HTd/Ncmpa
Ezek 31:10	לָ/כֵ֗ן	l/3651 c	HR/D
Ezek 31:10	כֹּ֤ה	3541	HD
Ezek 31:10	אָמַר֙	559	HVqp3ms
Ezek 31:10	אֲדֹנָ֣/י	136	HNcmpc/Sp1cs
Ezek 31:10	יְהוִ֔ה	3069	HNp
Ezek 31:10	יַ֕עַן	3282	HC
Ezek 31:10	אֲשֶׁ֥ר	834 a	HTr
Ezek 31:10	גָּבַ֖הְתָּ	1361	HVqp2ms
Ezek 31:10	בְּ/קוֹמָ֑ה	b/6967	HR/Ncfsa
Ezek 31:10	וַ/יִּתֵּ֤ן	c/5414	HC/Vqw3ms
Ezek 31:10	צַמַּרְתּ/וֹ֙	6788	HNcfsc/Sp3ms
Ezek 31:10	אֶל	413	HR
Ezek 31:10	בֵּ֣ין	996	HR
Ezek 31:10	עֲבוֹתִ֔ים	5688	HNcbpa
Ezek 31:10	וְ/רָ֥ם	c/7311 a	HC/Vqp3ms
Ezek 31:10	לְבָב֖/וֹ	3824	HNcmsc/Sp3ms
Ezek 31:10	בְּ/גָבְהֽ/וֹ	b/1363	HR/Ncmsc/Sp3ms
Ezek 31:11	וְ/אֶ֨תְּנֵ֔/הוּ	c/5414	HC/Vqi1cs/Sp3ms
Ezek 31:11	בְּ/יַ֖ד	b/3027	HR/Ncbsc
Ezek 31:11	אֵ֣יל	352 c	HNcmsc
Ezek 31:11	גּוֹיִ֑ם	1471 a	HNcmpa
Ezek 31:11	עָשׂ֤וֹ	6213 a	HVqa
Ezek 31:11	יַֽעֲשֶׂה֙	6213 a	HVqi3ms
Ezek 31:11	ל֔/וֹ	l	HR/Sp3ms
Ezek 31:11	כְּ/רִשְׁע֖/וֹ	k/7562	HR/Ncmsc/Sp3ms
Ezek 31:11	גֵּרַשְׁתִּֽ/הוּ	1644	HVpp1cs/Sp3ms
Ezek 31:12	וַ/יִּכְרְתֻ֧/הוּ	c/3772	HC/Vqw3mp/Sp3ms
Ezek 31:12	זָרִ֛ים	2114 a	HAampa
Ezek 31:12	עָרִיצֵ֥י	6184	HAampc
Ezek 31:12	גוֹיִ֖ם	1471 a	HNcmpa
Ezek 31:12	וַֽ/יִּטְּשֻׁ֑/הוּ	c/5203	HC/Vqw3mp/Sp3ms
Ezek 31:12	אֶל	413	HR
Ezek 31:12	הֶ֠/הָרִים	d/2022	HTd/Ncmpa
Ezek 31:12	וּ/בְ/כָל	c/b/3605	HC/R/Ncmsc
Ezek 31:12	גֵּ֨אָי֜וֹת	1516	HNcbpa
Ezek 31:12	נָפְל֣וּ	5307	HVqp3cp
Ezek 31:12	דָלִיּוֹתָ֗י/ו	1808	HNcfpc/Sp3ms
Ezek 31:12	וַ/תִּשָּׁבַ֤רְנָה	c/7665	HC/VNw3fp
Ezek 31:12	פֹֽארֹתָי/ו֙	6288 a	HNcfpc/Sp3ms
Ezek 31:12	בְּ/כֹל֙	b/3605	HR/Ncmsc
Ezek 31:12	אֲפִיקֵ֣י	650	HNcmpc
Ezek 31:12	הָ/אָ֔רֶץ	d/776	HTd/Ncbsa
Ezek 31:12	וַ/יֵּרְד֧וּ	c/3381	HC/Vqw3mp
Ezek 31:12	מִ/צִּלּ֛/וֹ	m/6738	HR/Ncmsc/Sp3ms
Ezek 31:12	כָּל	3605	HNcmsc
Ezek 31:12	עַמֵּ֥י	5971 a	HNcmpc
Ezek 31:12	הָ/אָ֖רֶץ	d/776	HTd/Ncbsa
Ezek 31:12	וַֽ/יִּטְּשֻֽׁ/הוּ	c/5203	HC/Vqw3mp/Sp3ms
Ezek 31:13	עַל	5921 a	HR
Ezek 31:13	מַפַּלְתּ֥/וֹ	4658	HNcfsc/Sp3ms
Ezek 31:13	יִשְׁכְּנ֖וּ	7931	HVqi3mp
Ezek 31:13	כָּל	3605	HNcmsc
Ezek 31:13	ע֣וֹף	5775	HNcmsc
Ezek 31:13	הַ/שָּׁמָ֑יִם	d/8064	HTd/Ncmpa
Ezek 31:13	וְ/אֶל	c/413	HC/R
Ezek 31:13	פֹּארֹתָ֣י/ו	6288 a	HNcfpc/Sp3ms
Ezek 31:13	הָי֔וּ	1961	HVqp3cp
Ezek 31:13	כֹּ֖ל	3605	HNcmsc
Ezek 31:13	חַיַּ֥ת	2416 c	HNcfsc
Ezek 31:13	הַ/שָּׂדֶֽה	d/7704 b	HTd/Ncmsa
Ezek 31:14	לְמַ֡עַן	4616	HR
Ezek 31:14	אֲשֶׁר֩	834 a	HTr
Ezek 31:14	לֹא	3808	HTn
Ezek 31:14	יִגְבְּה֨וּ	1361	HVqi3mp
Ezek 31:14	בְ/קוֹמָתָ֜/ם	b/6967	HR/Ncfsc/Sp3mp
Ezek 31:14	כָּל	3605	HNcmsc
Ezek 31:14	עֲצֵי	6086	HNcmpc
Ezek 31:14	מַ֗יִם	4325	HNcmpa
Ezek 31:14	וְ/לֹֽא	c/3808	HC/Tn
Ezek 31:14	יִתְּנ֤וּ	5414	HVqi3mp
Ezek 31:14	אֶת	853	HTo
Ezek 31:14	צַמַּרְתָּ/ם֙	6788	HNcfsc/Sp3mp
Ezek 31:14	אֶל	413	HR
Ezek 31:14	בֵּ֣ין	996	HR
Ezek 31:14	עֲבֹתִ֔ים	5688	HNcbpa
Ezek 31:14	וְ/לֹֽא	c/3808	HC/Tn
Ezek 31:14	יַעַמְד֧וּ	5975	HVqi3mp
Ezek 31:14	אֵלֵי/הֶ֛ם	352 d	HNcmpc/Sp3mp
Ezek 31:14	בְּ/גָבְהָ֖/ם	b/1363	HR/Ncmsc/Sp3mp
Ezek 31:14	כָּל	3605	HNcmsc
Ezek 31:14	שֹׁ֣תֵי	8354	HVqrmpc
Ezek 31:14	מָ֑יִם	4325	HNcmpa
Ezek 31:14	כִּֽי	3588 a	HC
Ezek 31:14	כֻלָּ/ם֩	3605	HNcmsc/Sp3mp
Ezek 31:14	נִתְּנ֨וּ	5414	HVNp3cp
Ezek 31:14	לַ/מָּ֜וֶת	l/4194	HRd/Ncmsa
Ezek 31:14	אֶל	413	HR
Ezek 31:14	אֶ֣רֶץ	776	HNcbsa
Ezek 31:14	תַּחְתִּ֗ית	8482	HAafsa
Ezek 31:14	בְּ/ת֛וֹךְ	b/8432	HR/Ncmsc
Ezek 31:14	בְּנֵ֥י	1121 a	HNcmpc
Ezek 31:14	אָדָ֖ם	120	HNcmsa
Ezek 31:14	אֶל	413	HR
Ezek 31:14	י֥וֹרְדֵי	3381	HVqrmpc
Ezek 31:14	בֽוֹר	953 a	HNcmsa
Ezek 31:15	כֹּֽה	3541	HD
Ezek 31:15	אָמַ֞ר	559	HVqp3ms
Ezek 31:15	אֲדֹנָ֣/י	136	HNcmpc/Sp1cs
Ezek 31:15	יְהוִ֗ה	3069	HNp
Ezek 31:15	בְּ/י֨וֹם	b/3117	HR/Ncmsc
Ezek 31:15	רִדְתּ֤/וֹ	3381	HVqc/Sp3ms
Ezek 31:15	שְׁא֨וֹלָ/ה֙	7585	HNp/Sd
Ezek 31:15	הֶאֱבַ֜לְתִּי	56	HVhp1cs
Ezek 31:15	כִּסֵּ֤תִי	3680	HVpp1cs
Ezek 31:15	עָלָי/ו֙	5921 a	HR/Sp3ms
Ezek 31:15	אֶת	853	HTo
Ezek 31:15	תְּה֔וֹם	8415	HNcbsa
Ezek 31:15	וָֽ/אֶמְנַע֙	c/4513	HC/Vqw1cs
Ezek 31:15	נַהֲרוֹתֶ֔י/הָ	5104	HNcmpc/Sp3fs
Ezek 31:15	וַ/יִּכָּלְא֖וּ	c/3607	HC/VNw3mp
Ezek 31:15	מַ֣יִם	4325	HNcmpa
Ezek 31:15	רַבִּ֑ים	7227 a	HAampa
Ezek 31:15	וָ/אַקְדִּ֤ר	c/6937	HC/Vhw1cs
Ezek 31:15	עָלָי/ו֙	5921 a	HR/Sp3ms
Ezek 31:15	לְבָנ֔וֹן	3844	HNp
Ezek 31:15	וְ/כָל	c/3605	HC/Ncmsc
Ezek 31:15	עֲצֵ֥י	6086	HNcmpc
Ezek 31:15	הַ/שָּׂדֶ֖ה	d/7704 b	HTd/Ncmsa
Ezek 31:15	עָלָ֥י/ו	5921 a	HR/Sp3ms
Ezek 31:15	עֻלְפֶּֽה	5969	HNcmsa
Ezek 31:16	מִ/קּ֤וֹל	m/6963 a	HR/Ncmsc
Ezek 31:16	מַפַּלְתּ/וֹ֙	4658	HNcfsc/Sp3ms
Ezek 31:16	הִרְעַ֣שְׁתִּי	7493	HVhp1cs
Ezek 31:16	גוֹיִ֔ם	1471 a	HNcmpa
Ezek 31:16	בְּ/הוֹרִדִ֥/י	b/3381	HR/Vhc/Sp1cs
Ezek 31:16	אֹת֛/וֹ	853	HTo/Sp3ms
Ezek 31:16	שְׁא֖וֹלָ/ה	7585	HNp/Sd
Ezek 31:16	אֶת	854	HR
Ezek 31:16	י֣וֹרְדֵי	3381	HVqrmpc
Ezek 31:16	ב֑וֹר	953 a	HNcmsa
Ezek 31:16	וַ/יִּנָּ֨חֲמ֜וּ	c/5162	HC/VNw3mp
Ezek 31:16	בְּ/אֶ֤רֶץ	b/776	HR/Ncbsa
Ezek 31:16	תַּחְתִּית֙	8482	HAafsa
Ezek 31:16	כָּל	3605	HNcmsc
Ezek 31:16	עֲצֵי	6086	HNcmpc
Ezek 31:16	עֵ֔דֶן	5731 b	HNp
Ezek 31:16	מִבְחַ֥ר	4005	HNcmsc
Ezek 31:16	וְ/טוֹב	c/2896 a	HC/Aamsc
Ezek 31:16	לְבָנ֖וֹן	3844	HNp
Ezek 31:16	כָּל	3605	HNcmsc
Ezek 31:16	שֹׁ֥תֵי	8354	HVqrmpc
Ezek 31:16	מָֽיִם	4325	HNcmpa
Ezek 31:17	גַּם	1571	HTa
Ezek 31:17	הֵ֗ם	1992	HPp3mp
Ezek 31:17	אִתּ֛/וֹ	854	HR/Sp3ms
Ezek 31:17	יָרְד֥וּ	3381	HVqp3cp
Ezek 31:17	שְׁא֖וֹלָ/ה	7585	HNp/Sd
Ezek 31:17	אֶל	413	HR
Ezek 31:17	חַלְלֵי	2491 a	HAampc
Ezek 31:17	חָ֑רֶב	2719	HNcfsa
Ezek 31:17	וּ/זְרֹע֛/וֹ	c/2220	HC/Ncbsc/Sp3ms
Ezek 31:17	יָשְׁב֥וּ	3427	HVqp3cp
Ezek 31:17	בְ/צִלּ֖/וֹ	b/6738	HR/Ncmsc/Sp3ms
Ezek 31:17	בְּ/ת֥וֹךְ	b/8432	HR/Ncmsc
Ezek 31:17	גּוֹיִֽם	1471 a	HNcmpa
Ezek 31:18	אֶל	413	HR
Ezek 31:18	מִ֨י	4310	HTi
Ezek 31:18	דָמִ֥יתָ	1819	HVqp2ms
Ezek 31:18	כָּ֛כָה	3602	HD
Ezek 31:18	בְּ/כָב֥וֹד	b/3519	HR/Ncbsa
Ezek 31:18	וּ/בְ/גֹ֖דֶל	c/b/1433	HC/R/Ncmsa
Ezek 31:18	בַּ/עֲצֵי	b/6086	HR/Ncmpc
Ezek 31:18	עֵ֑דֶן	5731 b	HNp
Ezek 31:18	וְ/הוּרַדְתָּ֨	c/3381	HC/VHq2ms
Ezek 31:18	אֶת	854	HR
Ezek 31:18	עֲצֵי	6086	HNcmpc
Ezek 31:18	עֵ֜דֶן	5731 b	HNp
Ezek 31:18	אֶל	413	HR
Ezek 31:18	אֶ֣רֶץ	776	HNcbsa
Ezek 31:18	תַּחְתִּ֗ית	8482	HAafsa
Ezek 31:18	בְּ/ת֨וֹךְ	b/8432	HR/Ncmsc
Ezek 31:18	עֲרֵלִ֤ים	6189	HAampa
Ezek 31:18	תִּשְׁכַּב֙	7901	HVqi2ms
Ezek 31:18	אֶת	854	HR
Ezek 31:18	חַלְלֵי	2491 a	HAampc
Ezek 31:18	חֶ֔רֶב	2719	HNcfsa
Ezek 31:18	ה֤וּא	1931	HPp3ms
Ezek 31:18	פַרְעֹה֙	6547	HNp
Ezek 31:18	וְ/כָל	c/3605	HC/Ncmsc
Ezek 31:18	הֲמוֹנֹ֔/ה	1995 a	HNcmsc/Sp3ms
Ezek 31:18	נְאֻ֖ם	5002	HNcmsc
Ezek 31:18	אֲדֹנָ֥/י	136	HNcmpc/Sp1cs
Ezek 31:18	יְהוִֽה	3069	HNp
Ezek 32:1	וַֽ/יְהִי֙	c/1961	HC/Vqw3ms
Ezek 32:1	בִּ/שְׁתֵּ֣י	b/8147	HR/Acfdc
Ezek 32:1	עֶשְׂרֵ֣ה	6240	HAcfsa
Ezek 32:1	שָׁנָ֔ה	8141	HNcfsa
Ezek 32:1	בִּ/שְׁנֵי	b/8147	HR/Acmdc
Ezek 32:1	עָשָׂ֥ר	6240	HAcmsa
Ezek 32:1	חֹ֖דֶשׁ	2320	HNcmsa
Ezek 32:1	בְּ/אֶחָ֣ד	b/259	HR/Acmsa
Ezek 32:1	לַ/חֹ֑דֶשׁ	l/2320	HRd/Ncmsa
Ezek 32:1	הָיָ֥ה	1961	HVqp3ms
Ezek 32:1	דְבַר	1697	HNcmsc
Ezek 32:1	יְהוָ֖ה	3068	HNp
Ezek 32:1	אֵלַ֥/י	413	HR/Sp1cs
Ezek 32:1	לֵ/אמֹֽר	l/559	HR/Vqc
Ezek 32:2	בֶּן	1121 a	HNcmsc
Ezek 32:2	אָדָ֗ם	120	HNcmsa
Ezek 32:2	שָׂ֤א	5375	HVqv2ms
Ezek 32:2	קִינָה֙	7015	HNcfsa
Ezek 32:2	עַל	5921 a	HR
Ezek 32:2	פַּרְעֹ֣ה	6547	HNp
Ezek 32:2	מֶֽלֶךְ	4428	HNcmsc
Ezek 32:2	מִצְרַ֔יִם	4714	HNp
Ezek 32:2	וְ/אָמַרְתָּ֣	c/559	HC/Vqp2ms
Ezek 32:2	אֵלָ֔י/ו	413	HR/Sp3ms
Ezek 32:2	כְּפִ֥יר	3715 a	HNcmsc
Ezek 32:2	גּוֹיִ֖ם	1471 a	HNcmpa
Ezek 32:2	נִדְמֵ֑יתָ	1819	HVNp2ms
Ezek 32:2	וְ/אַתָּה֙	c/859 a	HC/Pp2ms
Ezek 32:2	כַּ/תַּנִּ֣ים	k/8565	HRd/Ncmsa
Ezek 32:2	בַּ/יַּמִּ֔ים	b/3220	HRd/Ncmpa
Ezek 32:2	וַ/תָּ֣גַח	c/1518	HC/Vhw2ms
Ezek 32:2	בְּ/נַהֲרוֹתֶ֗י/ךָ	b/5104	HR/Ncmpc/Sp2ms
Ezek 32:2	וַ/תִּדְלַח	c/1804	HC/Vqw2ms
Ezek 32:2	מַ֨יִם֙	4325	HNcmpa
Ezek 32:2	בְּ/רַגְלֶ֔י/ךָ	b/7272	HR/Ncfdc/Sp2ms
Ezek 32:2	וַ/תִּרְפֹּ֖ס	c/7515	HC/Vqw2ms
Ezek 32:2	נַהֲרוֹתָֽ/ם	5104	HNcmpc/Sp3mp
Ezek 32:3	כֹּ֤ה	3541	HD
Ezek 32:3	אָמַר֙	559	HVqp3ms
Ezek 32:3	אֲדֹנָ֣/י	136	HNcmpc/Sp1cs
Ezek 32:3	יְהוִ֔ה	3069	HNp
Ezek 32:3	וּ/פָרַשְׂתִּ֤י	c/6566	HC/Vqq1cs
Ezek 32:3	עָלֶ֨י/ךָ֙	5921 a	HR/Sp2ms
Ezek 32:3	אֶת	853	HTo
Ezek 32:3	רִשְׁתִּ֔/י	7568	HNcfsc/Sp1cs
Ezek 32:3	בִּ/קְהַ֖ל	b/6951	HR/Ncmsc
Ezek 32:3	עַמִּ֣ים	5971 a	HNcmpa
Ezek 32:3	רַבִּ֑ים	7227 a	HAampa
Ezek 32:3	וְ/הֶעֱל֖וּ/ךָ	c/5927	HC/Vhq3cp/Sp2ms
Ezek 32:3	בְּ/חֶרְמִֽ/י	b/2764 b	HR/Ncmsc/Sp1cs
Ezek 32:4	וּ/נְטַשְׁתִּ֣י/ךָ	c/5203	HC/Vqq1cs/Sp2ms
Ezek 32:4	בָ/אָ֔רֶץ	b/776	HRd/Ncbsa
Ezek 32:4	עַל	5921 a	HR
Ezek 32:4	פְּנֵ֥י	6440	HNcbpc
Ezek 32:4	הַ/שָּׂדֶ֖ה	d/7704 b	HTd/Ncmsa
Ezek 32:4	אֲטִילֶ֑/ךָ	2904	HVhi1cs/Sp2ms
Ezek 32:4	וְ/הִשְׁכַּנְתִּ֤י	c/7931	HC/Vhq1cs
Ezek 32:4	עָלֶ֨י/ךָ֙	5921 a	HR/Sp2ms
Ezek 32:4	כָּל	3605	HNcmsc
Ezek 32:4	ע֣וֹף	5775	HNcmsc
Ezek 32:4	הַ/שָּׁמַ֔יִם	d/8064	HTd/Ncmpa
Ezek 32:4	וְ/הִשְׂבַּעְתִּ֥י	c/7646	HC/Vhq1cs
Ezek 32:4	מִמְּ/ךָ֖	4480 a	HR/Sp2ms
Ezek 32:4	חַיַּ֥ת	2416 c	HNcfsc
Ezek 32:4	כָּל	3605	HNcmsc
Ezek 32:4	הָ/אָֽרֶץ	d/776	HTd/Ncbsa
Ezek 32:5	וְ/נָתַתִּ֥י	c/5414	HC/Vqq1cs
Ezek 32:5	אֶת	853	HTo
Ezek 32:5	בְּשָׂרְ/ךָ֖	1320	HNcmsc/Sp2ms
Ezek 32:5	עַל	5921 a	HR
Ezek 32:5	הֶֽ/הָרִ֑ים	d/2022	HTd/Ncmpa
Ezek 32:5	וּ/מִלֵּאתִ֥י	c/4390	HC/Vpq1cs
Ezek 32:5	הַ/גֵּאָי֖וֹת	d/1516	HTd/Ncbpa
Ezek 32:5	רָמוּתֶֽ/ךָ	7419	HNcfsc/Sp2ms
Ezek 32:6	וְ/הִשְׁקֵיתִ֨י	c/8248	HC/Vhq1cs
Ezek 32:6	אֶ֧רֶץ	776	HNcbsc
Ezek 32:6	צָפָתְ/ךָ֛	6824	HNcfsc/Sp2ms
Ezek 32:6	מִ/דָּמְ/ךָ֖	m/1818	HR/Ncmsc/Sp2ms
Ezek 32:6	אֶל	413	HR
Ezek 32:6	הֶֽ/הָרִ֑ים	d/2022	HTd/Ncmpa
Ezek 32:6	וַ/אֲפִקִ֖ים	c/650	HC/Ncmpa
Ezek 32:6	יִמָּלְא֥וּ/ן	4390	HVNi3mp/Sn
Ezek 32:6	מִמֶּֽ/ךָּ	4480 a	HR/Sp2ms
Ezek 32:7	וְ/כִסֵּיתִ֤י	c/3680	HC/Vpq1cs
Ezek 32:7	בְ/כַבּֽוֹתְ/ךָ֙	b/3518	HR/Vpc/Sp2ms
Ezek 32:7	שָׁמַ֔יִם	8064	HNcmpa
Ezek 32:7	וְ/הִקְדַּרְתִּ֖י	c/6937	HC/Vhq1cs
Ezek 32:7	אֶת	853	HTo
Ezek 32:7	כֹּֽכְבֵי/הֶ֑ם	3556	HNcmpc/Sp3mp
Ezek 32:7	שֶׁ֚מֶשׁ	8121	HNcbsa
Ezek 32:7	בֶּ/עָנָ֣ן	b/6051	HRd/Ncmsa
Ezek 32:7	אֲכַסֶּ֔/נּוּ	3680	HVpi1cs/Sp3ms
Ezek 32:7	וְ/יָרֵ֖חַ	c/3394	HC/Ncmsa
Ezek 32:7	לֹא	3808	HTn
Ezek 32:7	יָאִ֥יר	215	HVhi3ms
Ezek 32:7	אוֹרֽ/וֹ	216	HNcbsc/Sp3ms
Ezek 32:8	כָּל	3605	HNcmsc
Ezek 32:8	מְא֤וֹרֵי	3974	HNcmpc
Ezek 32:8	אוֹר֙	216	HNcbsa
Ezek 32:8	בַּ/שָּׁמַ֔יִם	b/8064	HRd/Ncmpa
Ezek 32:8	אַקְדִּירֵ֖/ם	6937	HVhi1cs/Sp3mp
Ezek 32:8	עָלֶ֑י/ךָ	5921 a	HR/Sp2ms
Ezek 32:8	וְ/נָתַ֤תִּי	c/5414	HC/Vqq1cs
Ezek 32:8	חֹ֨שֶׁךְ֙	2822	HNcmsa
Ezek 32:8	עַֽל	5921 a	HR
Ezek 32:8	אַרְצְ/ךָ֔	776	HNcbsc/Sp2ms
Ezek 32:8	נְאֻ֖ם	5002	HNcmsc
Ezek 32:8	אֲדֹנָ֥/י	136	HNcmpc/Sp1cs
Ezek 32:8	יְהוִֽה	3069	HNp
Ezek 32:9	וְ/הִ֨כְעַסְתִּ֔י	c/3707	HC/Vhq1cs
Ezek 32:9	לֵ֖ב	3820 a	HNcmsc
Ezek 32:9	עַמִּ֣ים	5971 a	HNcmpa
Ezek 32:9	רַבִּ֑ים	7227 a	HAampa
Ezek 32:9	בַּ/הֲבִיאִ֤/י	b/935	HR/Vhc/Sp1cs
Ezek 32:9	שִׁבְרְ/ךָ֙	7667	HNcmsc/Sp2ms
Ezek 32:9	בַּ/גּוֹיִ֔ם	b/1471 a	HRd/Ncmpa
Ezek 32:9	עַל	5921 a	HR
Ezek 32:9	אֲרָצ֖וֹת	776	HNcbpa
Ezek 32:9	אֲשֶׁ֥ר	834 a	HTr
Ezek 32:9	לֹֽא	3808	HTn
Ezek 32:9	יְדַעְתָּֽ/ם	3045	HVqp2ms/Sp3mp
Ezek 32:10	וַ/הֲשִׁמּוֹתִ֨י	c/8074	HC/Vhq1cs
Ezek 32:10	עָלֶ֜י/ךָ	5921 a	HR/Sp2ms
Ezek 32:10	עַמִּ֣ים	5971 a	HNcmpa
Ezek 32:10	רַבִּ֗ים	7227 a	HAampa
Ezek 32:10	וּ/מַלְכֵי/הֶם֙	c/4428	HC/Ncmpc/Sp3mp
Ezek 32:10	יִשְׂעֲר֤וּ	8175 a	HVqi3mp
Ezek 32:10	עָלֶ֨י/ךָ֙	5921 a	HR/Sp2ms
Ezek 32:10	שַׂ֔עַר	8178 a	HNcmsa
Ezek 32:10	בְּ/עוֹפְפִ֥/י	b/5774 a	HR/Voc/Sp1cs
Ezek 32:10	חַרְבִּ֖/י	2719	HNcfsc/Sp1cs
Ezek 32:10	עַל	5921 a	HR
Ezek 32:10	פְּנֵי/הֶ֑ם	6440	HNcbpc/Sp3mp
Ezek 32:10	וְ/חָרְד֤וּ	c/2729	HC/Vqq3cp
Ezek 32:10	לִ/רְגָעִים֙	l/7281	HR/Ncmpa
Ezek 32:10	אִ֣ישׁ	376	HNcmsa
Ezek 32:10	לְ/נַפְשׁ֔/וֹ	l/5315	HR/Ncbsc/Sp3ms
Ezek 32:10	בְּ/י֖וֹם	b/3117	HR/Ncmsc
Ezek 32:10	מַפַּלְתֶּֽ/ךָ	4658	HNcfsc/Sp2ms
Ezek 32:11	כִּ֛י	3588 a	HC
Ezek 32:11	כֹּ֥ה	3541	HD
Ezek 32:11	אָמַ֖ר	559	HVqp3ms
Ezek 32:11	אֲדֹנָ֣/י	136	HNcmpc/Sp1cs
Ezek 32:11	יְהוִ֑ה	3069	HNp
Ezek 32:11	חֶ֥רֶב	2719	HNcfsc
Ezek 32:11	מֶֽלֶךְ	4428	HNcmsc
Ezek 32:11	בָּבֶ֖ל	894	HNp
Ezek 32:11	תְּבוֹאֶֽ/ךָ	935	HVqi3fs/Sp2ms
Ezek 32:12	בְּ/חַרְב֤וֹת	b/2719	HR/Ncfpc
Ezek 32:12	גִּבּוֹרִים֙	1368	HAampa
Ezek 32:12	אַפִּ֣יל	5307	HVhi1cs
Ezek 32:12	הֲמוֹנֶ֔/ךָ	1995 a	HNcmsc/Sp2ms
Ezek 32:12	עָרִיצֵ֥י	6184	HAampc
Ezek 32:12	גוֹיִ֖ם	1471 a	HNcmpa
Ezek 32:12	כֻּלָּ֑/ם	3605	HNcmsc/Sp3mp
Ezek 32:12	וְ/שָֽׁדְדוּ֙	c/7703	HC/Vqq3cp
Ezek 32:12	אֶת	853	HTo
Ezek 32:12	גְּא֣וֹן	1347	HNcmsc
Ezek 32:12	מִצְרַ֔יִם	4714	HNp
Ezek 32:12	וְ/נִשְׁמַ֖ד	c/8045	HC/VNq3ms
Ezek 32:12	כָּל	3605	HNcmsc
Ezek 32:12	הֲמוֹנָֽ/הּ	1995 a	HNcmsc/Sp3fs
Ezek 32:13	וְ/הַֽאֲבַדְתִּי֙	c/6	HC/Vhq1cs
Ezek 32:13	אֶת	853	HTo
Ezek 32:13	כָּל	3605	HNcmsc
Ezek 32:13	בְּהֶמְתָּ֔/הּ	929	HNcfsc/Sp3fs
Ezek 32:13	מֵ/עַ֖ל	m/5921 a	HR/R
Ezek 32:13	מַ֣יִם	4325	HNcmpa
Ezek 32:13	רַבִּ֑ים	7227 a	HAampa
Ezek 32:13	וְ/לֹ֨א	c/3808	HC/Tn
Ezek 32:13	תִדְלָחֵ֤/ם	1804	HVqi3fs/Sp3mp
Ezek 32:13	רֶֽגֶל	7272	HNcfsc
Ezek 32:13	אָדָם֙	120	HNcmsa
Ezek 32:13	ע֔וֹד	5750	HD
Ezek 32:13	וּ/פַרְס֥וֹת	c/6541	HC/Ncfpc
Ezek 32:13	בְּהֵמָ֖ה	929	HNcfsa
Ezek 32:13	לֹ֥א	3808	HTn
Ezek 32:13	תִדְלָחֵֽ/ם	1804	HVqi3fs/Sp3mp
Ezek 32:14	אָ֚ז	227 a	HD
Ezek 32:14	אַשְׁקִ֣יעַ	8257	HVhi1cs
Ezek 32:14	מֵֽימֵי/הֶ֔ם	4325	HNcmpc/Sp3mp
Ezek 32:14	וְ/נַהֲרוֹתָ֖/ם	c/5104	HC/Ncmpc/Sp3mp
Ezek 32:14	כַּ/שֶּׁ֣מֶן	k/8081	HRd/Ncmsa
Ezek 32:14	אוֹלִ֑יךְ	3212	HVhi1cs
Ezek 32:14	נְאֻ֖ם	5002	HNcmsc
Ezek 32:14	אֲדֹנָ֥/י	136	HNcmpc/Sp1cs
Ezek 32:14	יְהוִֽה	3069	HNp
Ezek 32:15	בְּ/תִתִּ/י֩	b/5414	HR/Vqc/Sp1cs
Ezek 32:15	אֶת	853	HTo
Ezek 32:15	אֶ֨רֶץ	776	HNcbsc
Ezek 32:15	מִצְרַ֜יִם	4714	HNp
Ezek 32:15	שְׁמָמָ֣ה	8077 a	HNcfsa
Ezek 32:15	וּ/נְשַׁמָּ֗ה	c/8074	HC/VNsfsa
Ezek 32:15	אֶ֚רֶץ	776	HNcbsa
Ezek 32:15	מִ/מְּלֹאָ֔/הּ	m/4393	HR/Ncmsc/Sp3fs
Ezek 32:15	בְּ/הַכּוֹתִ֖/י	b/5221	HR/Vhc/Sp1cs
Ezek 32:15	אֶת	853	HTo
Ezek 32:15	כָּל	3605	HNcmsc
Ezek 32:15	י֣וֹשְׁבֵי	3427	HVqrmpc
Ezek 32:15	בָ֑/הּ	b	HR/Sp3fs
Ezek 32:15	וְ/יָדְע֖וּ	c/3045	HC/Vqq3cp
Ezek 32:15	כִּֽי	3588 a	HC
Ezek 32:15	אֲנִ֥י	589	HPp1cs
Ezek 32:15	יְהוָֽה	3068	HNp
Ezek 32:16	קִינָ֥ה	7015	HNcfsa
Ezek 32:16	הִיא֙	1931	HPp3fs
Ezek 32:16	וְ/ק֣וֹנְנ֔וּ/הָ	c/6969	HC/Voq3cp/Sp3fs
Ezek 32:16	בְּנ֥וֹת	1323	HNcfpc
Ezek 32:16	הַ/גּוֹיִ֖ם	d/1471 a	HTd/Ncmpa
Ezek 32:16	תְּקוֹנֵ֣נָּה	6969	HVoi3fp
Ezek 32:16	אוֹתָ֑/הּ	853	HTo/Sp3fs
Ezek 32:16	עַל	5921 a	HR
Ezek 32:16	מִצְרַ֤יִם	4714	HNp
Ezek 32:16	וְ/עַל	c/5921 a	HC/R
Ezek 32:16	כָּל	3605	HNcmsc
Ezek 32:16	הֲמוֹנָ/הּ֙	1995 a	HNcmsc/Sp3fs
Ezek 32:16	תְּקוֹנֵ֣נָּה	6969	HVoi3fp
Ezek 32:16	אוֹתָ֔/הּ	853	HTo/Sp3fs
Ezek 32:16	נְאֻ֖ם	5002	HNcmsc
Ezek 32:16	אֲדֹנָ֥/י	136	HNcmpc/Sp1cs
Ezek 32:16	יְהוִֽה	3069	HNp
Ezek 32:17	וַֽ/יְהִי֙	c/1961	HC/Vqw3ms
Ezek 32:17	בִּ/שְׁתֵּ֣י	b/8147	HR/Acfdc
Ezek 32:17	עֶשְׂרֵ֣ה	6240	HAcfsa
Ezek 32:17	שָׁנָ֔ה	8141	HNcfsa
Ezek 32:17	בַּ/חֲמִשָּׁ֥ה	b/2568	HR/Acmsa
Ezek 32:17	עָשָׂ֖ר	6240	HAcmsa
Ezek 32:17	לַ/חֹ֑דֶשׁ	l/2320	HRd/Ncmsa
Ezek 32:17	הָיָ֥ה	1961	HVqp3ms
Ezek 32:17	דְבַר	1697	HNcmsc
Ezek 32:17	יְהוָ֖ה	3068	HNp
Ezek 32:17	אֵלַ֥/י	413	HR/Sp1cs
Ezek 32:17	לֵ/אמֹֽר	l/559	HR/Vqc
Ezek 32:18	בֶּן	1121 a	HNcmsc
Ezek 32:18	אָדָ֕ם	120	HNcmsa
Ezek 32:18	נְהֵ֛ה	5091	HVqv2ms
Ezek 32:18	עַל	5921 a	HR
Ezek 32:18	הֲמ֥וֹן	1995 a	HNcmsc
Ezek 32:18	מִצְרַ֖יִם	4714	HNp
Ezek 32:18	וְ/הוֹרִדֵ֑/הוּ	c/3381	HC/Vhv2ms/Sp3ms
Ezek 32:18	א֠וֹתָ/הּ	853	HTo/Sp3fs
Ezek 32:18	וּ/בְנ֨וֹת	c/1323	HC/Ncfpc
Ezek 32:18	גּוֹיִ֧ם	1471 a	HNcmpa
Ezek 32:18	אַדִּרִ֛ם	117	HAampa
Ezek 32:18	אֶל	413	HR
Ezek 32:18	אֶ֥רֶץ	776	HNcbsa
Ezek 32:18	תַּחְתִּיּ֖וֹת	8482	HAafpa
Ezek 32:18	אֶת	854	HR
Ezek 32:18	י֥וֹרְדֵי	3381	HVqrmpc
Ezek 32:18	בֽוֹר	953 a	HNcmsa
Ezek 32:19	מִ/מִּ֖י	m/4310	HR/Ti
Ezek 32:19	נָעָ֑מְתָּ	5276	HVqp2ms
Ezek 32:19	רְדָ֥/ה	3381	HVqv2ms/Sh
Ezek 32:19	וְ/הָשְׁכְּבָ֖/ה	c/7901	HC/VHv2ms/Sh
Ezek 32:19	אֶת	854	HR
Ezek 32:19	עֲרֵלִֽים	6189	HAampa
Ezek 32:20	בְּ/ת֥וֹךְ	b/8432	HR/Ncmsc
Ezek 32:20	חַלְלֵי	2491 a	HAampc
Ezek 32:20	חֶ֖רֶב	2719	HNcfsa
Ezek 32:20	יִפֹּ֑לוּ	5307	HVqi3mp
Ezek 32:20	חֶ֣רֶב	2719	HNcfsa
Ezek 32:20	נִתָּ֔נָה	5414	HVNp3fs
Ezek 32:20	מָשְׁכ֥וּ	4900	HVqv2mp
Ezek 32:20	אוֹתָ֖/הּ	853	HTo/Sp3fs
Ezek 32:20	וְ/כָל	c/3605	HC/Ncmsc
Ezek 32:20	הֲמוֹנֶֽי/הָ	1995 a	HNcmpc/Sp3fs
Ezek 32:21	יְדַבְּרוּ	1696	HVpi3mp
Ezek 32:21	ל֞/וֹ	l	HR/Sp3ms
Ezek 32:21	אֵלֵ֧י	410	HNcmpc
Ezek 32:21	גִבּוֹרִ֛ים	1368	HAampa
Ezek 32:21	מִ/תּ֥וֹךְ	m/8432	HR/Ncmsc
Ezek 32:21	שְׁא֖וֹל	7585	HNp
Ezek 32:21	אֶת	854	HR
Ezek 32:21	עֹֽזְרָ֑י/ו	5826	HVqrmpc/Sp3ms
Ezek 32:21	יָֽרְד֛וּ	3381	HVqp3cp
Ezek 32:21	שָׁכְב֥וּ	7901	HVqp3cp
Ezek 32:21	הָ/עֲרֵלִ֖ים	d/6189	HTd/Aampa
Ezek 32:21	חַלְלֵי	2491 a	HAampc
Ezek 32:21	חָֽרֶב	2719	HNcfsa
Ezek 32:22	שָׁ֤ם	8033	HD
Ezek 32:22	אַשּׁוּר֙	804	HNp
Ezek 32:22	וְ/כָל	c/3605	HC/Ncmsc
Ezek 32:22	קְהָלָ֔/הּ	6951	HNcmsc/Sp3fs
Ezek 32:22	סְבִֽיבוֹתָ֖י/ו	5439	HNcbpc/Sp3ms
Ezek 32:22	קִבְרֹתָ֑י/ו	6913	HNcmpc/Sp3ms
Ezek 32:22	כֻּלָּ֣/ם	3605	HNcmsc/Sp3mp
Ezek 32:22	חֲלָלִ֔ים	2491 a	HAampa
Ezek 32:22	הַ/נֹּפְלִ֖ים	d/5307	HTd/Vqrmpa
Ezek 32:22	בֶּ/חָֽרֶב	b/2719	HRd/Ncfsa
Ezek 32:23	אֲשֶׁ֨ר	834 a	HTr
Ezek 32:23	נִתְּנ֤וּ	5414	HVNp3cp
Ezek 32:23	קִבְרֹתֶ֨י/הָ֙	6913	HNcmpc/Sp3fs
Ezek 32:23	בְּ/יַרְכְּתֵי	b/3411	HR/Ncfdc
Ezek 32:23	ב֔וֹר	953 a	HNcmsa
Ezek 32:23	וַ/יְהִ֣י	c/1961	HC/Vqw3ms
Ezek 32:23	קְהָלָ֔/הּ	6951	HNcmsc/Sp3fs
Ezek 32:23	סְבִיב֖וֹת	5439	HNcbpc
Ezek 32:23	קְבֻרָתָ֑/הּ	6900	HNcfsc/Sp3fs
Ezek 32:23	כֻּלָּ֤/ם	3605	HNcmsc/Sp3mp
Ezek 32:23	חֲלָלִים֙	2491 a	HAampa
Ezek 32:23	נֹפְלִ֣ים	5307	HVqrmpa
Ezek 32:23	בַּ/חֶ֔רֶב	b/2719	HRd/Ncfsa
Ezek 32:23	אֲשֶׁר	834 a	HTr
Ezek 32:23	נָתְנ֥וּ	5414	HVqp3cp
Ezek 32:23	חִתִּ֖ית	2851	HNcfsa
Ezek 32:23	בְּ/אֶ֥רֶץ	b/776	HR/Ncbsc
Ezek 32:23	חַיִּֽים	2416 a	HAampa
Ezek 32:24	שָׁ֤ם	8033	HD
Ezek 32:24	עֵילָם֙	5867 a	HNp
Ezek 32:24	וְ/כָל	c/3605	HC/Ncmsc
Ezek 32:24	הֲמוֹנָ֔/הּ	1995 a	HNcmsc/Sp3fs
Ezek 32:24	סְבִיב֖וֹת	5439	HNcbpc
Ezek 32:24	קְבֻרָתָ֑/הּ	6900	HNcfsc/Sp3fs
Ezek 32:24	כֻּלָּ֣/ם	3605	HNcmsc/Sp3mp
Ezek 32:24	חֲלָלִים֩	2491 a	HAampa
Ezek 32:24	הַ/נֹּפְלִ֨ים	d/5307	HTd/Vqrmpa
Ezek 32:24	בַּ/חֶ֜רֶב	b/2719	HRd/Ncfsa
Ezek 32:24	אֲֽשֶׁר	834 a	HTr
Ezek 32:24	יָרְד֥וּ	3381	HVqp3cp
Ezek 32:24	עֲרֵלִ֣ים	6189	HAampa
Ezek 32:24	אֶל	413	HR
Ezek 32:24	אֶ֣רֶץ	776	HNcbsa
Ezek 32:24	תַּחְתִּיּ֗וֹת	8482	HAafpa
Ezek 32:24	אֲשֶׁ֨ר	834 a	HTr
Ezek 32:24	נָתְנ֤וּ	5414	HVqp3cp
Ezek 32:24	חִתִּיתָ/ם֙	2851	HNcfsc/Sp3mp
Ezek 32:24	בְּ/אֶ֣רֶץ	b/776	HR/Ncbsc
Ezek 32:24	חַיִּ֔ים	2416 a	HAampa
Ezek 32:24	וַ/יִּשְׂא֥וּ	c/5375	HC/Vqw3mp
Ezek 32:24	כְלִמָּתָ֖/ם	3639	HNcfsc/Sp3mp
Ezek 32:24	אֶת	854	HR
Ezek 32:24	י֥וֹרְדֵי	3381	HVqrmpc
Ezek 32:24	בֽוֹר	953 a	HNcmsa
Ezek 32:25	בְּ/ת֣וֹךְ	b/8432	HR/Ncmsc
Ezek 32:25	חֲ֠לָלִים	2491 a	HAampa
Ezek 32:25	נָתְנ֨וּ	5414	HVqp3cp
Ezek 32:25	מִשְׁכָּ֥ב	4904	HNcmsa
Ezek 32:25	לָ/הּ֙	l	HR/Sp3fs
Ezek 32:25	בְּ/כָל	b/3605	HR/Ncmsc
Ezek 32:25	הֲמוֹנָ֔/הּ	1995 a	HNcmsc/Sp3fs
Ezek 32:25	סְבִֽיבוֹתָ֖י/ו	5439	HNcbpc/Sp3ms
Ezek 32:25	קִבְרֹתֶ֑/הָ	6913	HNcmpc/Sp3fs
Ezek 32:25	כֻּלָּ֣/ם	3605	HNcmsc/Sp3mp
Ezek 32:25	עֲרֵלִ֣ים	6189	HAampa
Ezek 32:25	חַלְלֵי	2491 a	HAampc
Ezek 32:25	חֶ֡רֶב	2719	HNcfsa
Ezek 32:25	כִּֽי	3588 a	HC
Ezek 32:25	נִתַּ֨ן	5414	HVNp3ms
Ezek 32:25	חִתִּיתָ֜/ם	2851	HNcfsc/Sp3mp
Ezek 32:25	בְּ/אֶ֣רֶץ	b/776	HR/Ncbsc
Ezek 32:25	חַיִּ֗ים	2416 a	HAampa
Ezek 32:25	וַ/יִּשְׂא֤וּ	c/5375	HC/Vqw3mp
Ezek 32:25	כְלִמָּתָ/ם֙	3639	HNcfsc/Sp3mp
Ezek 32:25	אֶת	854	HR
Ezek 32:25	י֣וֹרְדֵי	3381	HVqrmpc
Ezek 32:25	ב֔וֹר	953 a	HNcmsa
Ezek 32:25	בְּ/ת֥וֹךְ	b/8432	HR/Ncmsc
Ezek 32:25	חֲלָלִ֖ים	2491 a	HAampa
Ezek 32:25	נִתָּֽן	5414	HVNrmsa
Ezek 32:26	שָׁ֣ם	8033	HD
Ezek 32:26	מֶ֤שֶׁךְ	4902	HNp
Ezek 32:26	תֻּבַל֙	8422	HNp
Ezek 32:26	וְ/כָל	c/3605	HC/Ncmsc
Ezek 32:26	הֲמוֹנָ֔/הּ	1995 a	HNcmsc/Sp3fs
Ezek 32:26	סְבִֽיבוֹתָ֖י/ו	5439	HNcbpc/Sp3ms
Ezek 32:26	קִבְרוֹתֶ֑י/הָ	6913	HNcmpc/Sp3fs
Ezek 32:26	כֻּלָּ֤/ם	3605	HNcmsc/Sp3mp
Ezek 32:26	עֲרֵלִים֙	6189	HAampa
Ezek 32:26	מְחֻ֣לְלֵי	2490 a	HVPsmpc
Ezek 32:26	חֶ֔רֶב	2719	HNcfsa
Ezek 32:26	כִּֽי	3588 a	HC
Ezek 32:26	נָתְנ֥וּ	5414	HVqp3cp
Ezek 32:26	חִתִּיתָ֖/ם	2851	HNcfsc/Sp3mp
Ezek 32:26	בְּ/אֶ֥רֶץ	b/776	HR/Ncbsc
Ezek 32:26	חַיִּֽים	2416 a	HAampa
Ezek 32:27	וְ/לֹ֤א	c/3808	HC/Tn
Ezek 32:27	יִשְׁכְּבוּ֙	7901	HVqi3mp
Ezek 32:27	אֶת	854	HR
Ezek 32:27	גִּבּוֹרִ֔ים	1368	HAampa
Ezek 32:27	נֹפְלִ֖ים	5307	HVqrmpa
Ezek 32:27	מֵ/עֲרֵלִ֑ים	m/6189	HR/Aampa
Ezek 32:27	אֲשֶׁ֣ר	834 a	HTr
Ezek 32:27	יָרְדֽוּ	3381	HVqp3cp
Ezek 32:27	שְׁא֣וֹל	7585	HNp
Ezek 32:27	בִּ/כְלֵֽי	b/3627	HR/Ncmpc
Ezek 32:27	מִלְחַמְתָּ/ם֩	4421	HNcfsc/Sp3mp
Ezek 32:27	וַ/יִּתְּנ֨וּ	c/5414	HC/Vqw3mp
Ezek 32:27	אֶת	853	HTo
Ezek 32:27	חַרְבוֹתָ֜/ם	2719	HNcfpc/Sp3mp
Ezek 32:27	תַּ֣חַת	8478	HR
Ezek 32:27	רָאשֵׁי/הֶ֗ם	7218 a	HNcmpc/Sp3mp
Ezek 32:27	וַ/תְּהִ֤י	c/1961	HC/Vqw3fs
Ezek 32:27	עֲוֺֽנֹתָ/ם֙	5771	HNcbpc/Sp3mp
Ezek 32:27	עַל	5921 a	HR
Ezek 32:27	עַצְמוֹתָ֔/ם	6106	HNcfpc/Sp3mp
Ezek 32:27	כִּֽי	3588 a	HC
Ezek 32:27	חִתִּ֥ית	2851	HNcfsc
Ezek 32:27	גִּבּוֹרִ֖ים	1368	HAampa
Ezek 32:27	בְּ/אֶ֥רֶץ	b/776	HR/Ncbsc
Ezek 32:27	חַיִּֽים	2416 a	HAampa
Ezek 32:28	וְ/אַתָּ֗ה	c/859 a	HC/Pp2ms
Ezek 32:28	בְּ/ת֧וֹךְ	b/8432	HR/Ncmsc
Ezek 32:28	עֲרֵלִ֛ים	6189	HAampa
Ezek 32:28	תִּשָּׁבַ֥ר	7665	HVNi2ms
Ezek 32:28	וְ/תִשְׁכַּ֖ב	c/7901	HC/Vqi2ms
Ezek 32:28	אֶת	854	HR
Ezek 32:28	חַלְלֵי	2491 a	HAampc
Ezek 32:28	חָֽרֶב	2719	HNcfsa
Ezek 32:29	שָׁ֣מָּ/ה	8033	HD/Sd
Ezek 32:29	אֱד֗וֹם	123	HNp
Ezek 32:29	מְלָכֶ֨י/הָ֙	4428	HNcmpc/Sp3fs
Ezek 32:29	וְ/כָל	c/3605	HC/Ncmsc
Ezek 32:29	נְשִׂיאֶ֔י/הָ	5387 a	HNcmpc/Sp3fs
Ezek 32:29	אֲשֶׁר	834 a	HTr
Ezek 32:29	נִתְּנ֥וּ	5414	HVNp3cp
Ezek 32:29	בִ/גְבוּרָתָ֖/ם	b/1369	HR/Ncfsc/Sp3mp
Ezek 32:29	אֶת	854	HR
Ezek 32:29	חַלְלֵי	2491 a	HAampc
Ezek 32:29	חָ֑רֶב	2719	HNcfsa
Ezek 32:29	הֵ֛מָּה	1992	HPp3mp
Ezek 32:29	אֶת	854	HR
Ezek 32:29	עֲרֵלִ֥ים	6189	HAampa
Ezek 32:29	יִשְׁכָּ֖בוּ	7901	HVqi3mp
Ezek 32:29	וְ/אֶת	c/854	HC/R
Ezek 32:29	יֹ֥רְדֵי	3381	HVqrmpc
Ezek 32:29	בֽוֹר	953 a	HNcmsa
Ezek 32:30	שָׁ֣מָּ/ה	8033	HD/Sd
Ezek 32:30	נְסִיכֵ֥י	5257 b	HNcmpc
Ezek 32:30	צָפ֛וֹן	6828	HNcfsa
Ezek 32:30	כֻּלָּ֖/ם	3605	HNcmsc/Sp3mp
Ezek 32:30	וְ/כָל	c/3605	HC/Ncmsc
Ezek 32:30	צִֽדֹנִ֑י	6722	HNgmsa
Ezek 32:30	אֲשֶׁר	834 a	HTr
Ezek 32:30	יָרְד֣וּ	3381	HVqp3cp
Ezek 32:30	אֶת	854	HR
Ezek 32:30	חֲלָלִ֗ים	2491 a	HAampa
Ezek 32:30	בְּ/חִתִּיתָ֤/ם	b/2851	HR/Ncfsc/Sp3mp
Ezek 32:30	מִ/גְבֽוּרָתָ/ם֙	m/1369	HR/Ncfsc/Sp3mp
Ezek 32:30	בּוֹשִׁ֔ים	954	HVqrmpa
Ezek 32:30	וַ/יִּשְׁכְּב֤וּ	c/7901	HC/Vqw3mp
Ezek 32:30	עֲרֵלִים֙	6189	HAampa
Ezek 32:30	אֶת	854	HR
Ezek 32:30	חַלְלֵי	2491 a	HAampc
Ezek 32:30	חֶ֔רֶב	2719	HNcfsa
Ezek 32:30	וַ/יִּשְׂא֥וּ	c/5375	HC/Vqw3mp
Ezek 32:30	כְלִמָּתָ֖/ם	3639	HNcfsc/Sp3mp
Ezek 32:30	אֶת	854	HR
Ezek 32:30	י֥וֹרְדֵי	3381	HVqrmpc
Ezek 32:30	בֽוֹר	953 a	HNcmsa
Ezek 32:31	אוֹתָ/ם֙	853	HTo/Sp3mp
Ezek 32:31	יִרְאֶ֣ה	7200	HVqi3ms
Ezek 32:31	פַרְעֹ֔ה	6547	HNp
Ezek 32:31	וְ/נִחַ֖ם	c/5162	HC/VNq3ms
Ezek 32:31	עַל	5921 a	HR
Ezek 32:31	כָּל	3605	HNcmsc
Ezek 32:31	המונ/ה	1995 a	HNcmsc/Sp3fs
Ezek 32:31	חַלְלֵי	2491 a	HAampc
Ezek 32:31	חֶ֨רֶב֙	2719	HNcfsa
Ezek 32:31	פַּרְעֹ֣ה	6547	HNp
Ezek 32:31	וְ/כָל	c/3605	HC/Ncmsc
Ezek 32:31	חֵיל֔/וֹ	2428	HNcmsc/Sp3ms
Ezek 32:31	נְאֻ֖ם	5002	HNcmsc
Ezek 32:31	אֲדֹנָ֥/י	136	HNcmpc/Sp1cs
Ezek 32:31	יְהוִֽה	3069	HNp
Ezek 32:32	כִּֽי	3588 a	HC
Ezek 32:32	נָתַ֥תִּי	5414	HVqp1cs
Ezek 32:32	אֶת	853	HTo
Ezek 32:32	חתית/ו	2851	HNcfsc/Sp3ms
Ezek 32:32	בְּ/אֶ֣רֶץ	b/776	HR/Ncbsc
Ezek 32:32	חַיִּ֑ים	2416 a	HAampa
Ezek 32:32	וְ/הֻשְׁכַּב֩	c/7901	HC/VHq3ms
Ezek 32:32	בְּ/ת֨וֹךְ	b/8432	HR/Ncmsc
Ezek 32:32	עֲרֵלִ֜ים	6189	HAampa
Ezek 32:32	אֶת	854	HR
Ezek 32:32	חַלְלֵי	2491 a	HAampc
Ezek 32:32	חֶ֗רֶב	2719	HNcfsa
Ezek 32:32	פַּרְעֹה֙	6547	HNp
Ezek 32:32	וְ/כָל	c/3605	HC/Ncmsc
Ezek 32:32	הֲמוֹנֹ֔/ה	1995 a	HNcmsc/Sp3ms
Ezek 32:32	נְאֻ֖ם	5002	HNcmsc
Ezek 32:32	אֲדֹנָ֥/י	136	HNcmpc/Sp1cs
Ezek 32:32	יְהוִֽה	3069	HNp
Ezek 33:1	וַ/יְהִ֥י	c/1961	HC/Vqw3ms
Ezek 33:1	דְבַר	1697	HNcmsc
Ezek 33:1	יְהוָ֖ה	3068	HNp
Ezek 33:1	אֵלַ֥/י	413	HR/Sp1cs
Ezek 33:1	לֵ/אמֹֽר	l/559	HR/Vqc
Ezek 33:2	בֶּן	1121 a	HNcmsc
Ezek 33:2	אָדָ֗ם	120	HNcmsa
Ezek 33:2	דַּבֵּ֤ר	1696	HVpv2ms
Ezek 33:2	אֶל	413	HR
Ezek 33:2	בְּנֵֽי	1121 a	HNcmpc
Ezek 33:2	עַמְּ/ךָ֙	5971 a	HNcmsc/Sp2ms
Ezek 33:2	וְ/אָמַרְתָּ֣	c/559	HC/Vqq2ms
Ezek 33:2	אֲלֵי/הֶ֔ם	413	HR/Sp3mp
Ezek 33:2	אֶ֕רֶץ	776	HNcbsa
Ezek 33:2	כִּֽי	3588 a	HC
Ezek 33:2	אָבִ֥יא	935	HVhi1cs
Ezek 33:2	עָלֶ֖י/הָ	5921 a	HR/Sp3fs
Ezek 33:2	חָ֑רֶב	2719	HNcfsa
Ezek 33:2	וְ/לָקְח֨וּ	c/3947	HC/Vqq3cp
Ezek 33:2	עַם	5971 a	HNcmsc
Ezek 33:2	הָ/אָ֜רֶץ	d/776	HTd/Ncbsa
Ezek 33:2	אִ֤ישׁ	376	HNcmsa
Ezek 33:2	אֶחָד֙	259	HAcmsa
Ezek 33:2	מִ/קְצֵי/הֶ֔ם	m/7097 a	HR/Ncbpc/Sp3mp
Ezek 33:2	וְ/נָתְנ֥וּ	c/5414	HC/Vqq3cp
Ezek 33:2	אֹת֛/וֹ	853	HTo/Sp3ms
Ezek 33:2	לָ/הֶ֖ם	l	HR/Sp3mp
Ezek 33:2	לְ/צֹפֶֽה	l/6822	HR/Vqrmsa
Ezek 33:3	וְ/רָאָ֥ה	c/7200	HC/Vqq3ms
Ezek 33:3	אֶת	853	HTo
Ezek 33:3	הַ/חֶ֖רֶב	d/2719	HTd/Ncfsa
Ezek 33:3	בָּאָ֣ה	935	HVqrfsa
Ezek 33:3	עַל	5921 a	HR
Ezek 33:3	הָ/אָ֑רֶץ	d/776	HTd/Ncbsa
Ezek 33:3	וְ/תָקַ֥ע	c/8628	HC/Vqq3ms
Ezek 33:3	בַּ/שּׁוֹפָ֖ר	b/7782	HRd/Ncmsa
Ezek 33:3	וְ/הִזְהִ֥יר	c/2094 b	HC/Vhq3ms
Ezek 33:3	אֶת	853	HTo
Ezek 33:3	הָ/עָֽם	d/5971 a	HTd/Ncmsa
Ezek 33:4	וְ/שָׁמַ֨ע	c/8085	HC/Vqq3ms
Ezek 33:4	הַ/שֹּׁמֵ֜עַ	d/8085	HTd/Vqrmsa
Ezek 33:4	אֶת	853	HTo
Ezek 33:4	ק֤וֹל	6963 a	HNcmsc
Ezek 33:4	הַ/שּׁוֹפָר֙	d/7782	HTd/Ncmsa
Ezek 33:4	וְ/לֹ֣א	c/3808	HC/Tn
Ezek 33:4	נִזְהָ֔ר	2094 b	HVNp3ms
Ezek 33:4	וַ/תָּ֥בוֹא	c/935	HC/Vqw3fs
Ezek 33:4	חֶ֖רֶב	2719	HNcfsa
Ezek 33:4	וַ/תִּקָּחֵ֑/הוּ	c/3947	HC/Vqw3fs/Sp3ms
Ezek 33:4	דָּמ֥/וֹ	1818	HNcmsc/Sp3ms
Ezek 33:4	בְ/רֹאשׁ֖/וֹ	b/7218 a	HR/Ncmsc/Sp3ms
Ezek 33:4	יִֽהְיֶֽה	1961	HVqi3ms
Ezek 33:5	אֵת֩	853	HTo
Ezek 33:5	ק֨וֹל	6963 a	HNcmsc
Ezek 33:5	הַ/שּׁוֹפָ֤ר	d/7782	HTd/Ncmsa
Ezek 33:5	שָׁמַע֙	8085	HVqp3ms
Ezek 33:5	וְ/לֹ֣א	c/3808	HC/Tn
Ezek 33:5	נִזְהָ֔ר	2094 b	HVNp3ms
Ezek 33:5	דָּמ֖/וֹ	1818	HNcmsc/Sp3ms
Ezek 33:5	בּ֣/וֹ	b	HR/Sp3ms
Ezek 33:5	יִֽהְיֶ֑ה	1961	HVqi3ms
Ezek 33:5	וְ/ה֥וּא	c/1931	HC/Pp3ms
Ezek 33:5	נִזְהָ֖ר	2094 b	HVNrmsa
Ezek 33:5	נַפְשׁ֥/וֹ	5315	HNcbsc/Sp3ms
Ezek 33:5	מִלֵּֽט	4422	HVpp3ms
Ezek 33:6	וְ֠/הַ/צֹּפֶה	c/d/6822	HC/Td/Vqrmsa
Ezek 33:6	כִּֽי	3588 a	HC
Ezek 33:6	יִרְאֶ֨ה	7200	HVqi3ms
Ezek 33:6	אֶת	853	HTo
Ezek 33:6	הַ/חֶ֜רֶב	d/2719	HTd/Ncfsa
Ezek 33:6	בָּאָ֗ה	935	HVqrfsa
Ezek 33:6	וְ/לֹֽא	c/3808	HC/Tn
Ezek 33:6	תָקַ֤ע	8628	HVqp3ms
Ezek 33:6	בַּ/שּׁוֹפָר֙	b/7782	HRd/Ncmsa
Ezek 33:6	וְ/הָ/עָ֣ם	c/d/5971 a	HC/Td/Ncmsa
Ezek 33:6	לֹֽא	3808	HTn
Ezek 33:6	נִזְהָ֔ר	2094 b	HVNp3ms
Ezek 33:6	וַ/תָּב֣וֹא	c/935	HC/Vqw3fs
Ezek 33:6	חֶ֔רֶב	2719	HNcfsa
Ezek 33:6	וַ/תִּקַּ֥ח	c/3947	HC/Vqw3fs
Ezek 33:6	מֵ/הֶ֖ם	m	HR/Sp3mp
Ezek 33:6	נָ֑פֶשׁ	5315	HNcbsa
Ezek 33:6	ה֚וּא	1931	HPp3ms
Ezek 33:6	בַּ/עֲוֺנ֣/וֹ	b/5771	HR/Ncbsc/Sp3ms
Ezek 33:6	נִלְקָ֔ח	3947	HVNp3ms
Ezek 33:6	וְ/דָמ֖/וֹ	c/1818	HC/Ncmsc/Sp3ms
Ezek 33:6	מִ/יַּֽד	m/3027	HR/Ncbsc
Ezek 33:6	הַ/צֹּפֶ֥ה	d/6822	HTd/Vqrmsa
Ezek 33:6	אֶדְרֹֽשׁ	1875	HVqi1cs
Ezek 33:7	וְ/אַתָּ֣ה	c/859 a	HC/Pp2ms
Ezek 33:7	בֶן	1121 a	HNcmsc
Ezek 33:7	אָדָ֔ם	120	HNcmsa
Ezek 33:7	צֹפֶ֥ה	6822	HVqrmsa
Ezek 33:7	נְתַתִּ֖י/ךָ	5414	HVqp1cs/Sp2ms
Ezek 33:7	לְ/בֵ֣ית	l/1004 b	HR/Ncmsc
Ezek 33:7	יִשְׂרָאֵ֑ל	3478	HNp
Ezek 33:7	וְ/שָׁמַעְתָּ֤	c/8085	HC/Vqq2ms
Ezek 33:7	מִ/פִּ/י֙	m/6310	HR/Ncmsc/Sp1cs
Ezek 33:7	דָּבָ֔ר	1697	HNcmsa
Ezek 33:7	וְ/הִזְהַרְתָּ֥	c/2094 b	HC/Vhq2ms
Ezek 33:7	אֹתָ֖/ם	853	HTo/Sp3mp
Ezek 33:7	מִמֶּֽ/נִּי	4480 a	HR/Sp1cs
Ezek 33:8	בְּ/אָמְרִ֣/י	b/559	HR/Vqc/Sp1cs
Ezek 33:8	לָ/רָשָׁ֗ע	l/7563	HRd/Aamsa
Ezek 33:8	רָשָׁע֙	7563	HAamsa
Ezek 33:8	מ֣וֹת	4191	HVqa
Ezek 33:8	תָּמ֔וּת	4191	HVqi2ms
Ezek 33:8	וְ/לֹ֣א	c/3808	HC/Tn
Ezek 33:8	דִבַּ֔רְתָּ	1696	HVpp2ms
Ezek 33:8	לְ/הַזְהִ֥יר	l/2094 b	HR/Vhc
Ezek 33:8	רָשָׁ֖ע	7563	HAamsa
Ezek 33:8	מִ/דַּרְכּ֑/וֹ	m/1870	HR/Ncbsc/Sp3ms
Ezek 33:8	ה֤וּא	1931	HPp3ms
Ezek 33:8	רָשָׁע֙	7563	HAamsa
Ezek 33:8	בַּ/עֲוֺנ֣/וֹ	b/5771	HR/Ncbsc/Sp3ms
Ezek 33:8	יָמ֔וּת	4191	HVqi3ms
Ezek 33:8	וְ/דָמ֖/וֹ	c/1818	HC/Ncmsc/Sp3ms
Ezek 33:8	מִ/יָּדְ/ךָ֥	m/3027	HR/Ncbsc/Sp2ms
Ezek 33:8	אֲבַקֵּֽשׁ	1245	HVpi1cs
Ezek 33:9	וְ֠/אַתָּה	c/859 a	HC/Pp2ms
Ezek 33:9	כִּֽי	3588 a	HC
Ezek 33:9	הִזְהַ֨רְתָּ	2094 b	HVhp2ms
Ezek 33:9	רָשָׁ֤ע	7563	HAamsa
Ezek 33:9	מִ/דַּרְכּ/וֹ֙	m/1870	HR/Ncbsc/Sp3ms
Ezek 33:9	לָ/שׁ֣וּב	l/7725	HR/Vqc
Ezek 33:9	מִמֶּ֔/נָּה	4480 a	HR/Sp3fs
Ezek 33:9	וְ/לֹא	c/3808	HC/Tn
Ezek 33:9	שָׁ֖ב	7725	HVqp3ms
Ezek 33:9	מִ/דַּרְכּ֑/וֹ	m/1870	HR/Ncbsc/Sp3ms
Ezek 33:9	ה֚וּא	1931	HPp3ms
Ezek 33:9	בַּ/עֲוֺנ֣/וֹ	b/5771	HR/Ncbsc/Sp3ms
Ezek 33:9	יָמ֔וּת	4191	HVqi3ms
Ezek 33:9	וְ/אַתָּ֖ה	c/859 a	HC/Pp2ms
Ezek 33:9	נַפְשְׁ/ךָ֥	5315	HNcbsc/Sp2ms
Ezek 33:9	הִצַּֽלְתָּ	5337	HVhp2ms
Ezek 33:10	וְ/אַתָּ֣ה	c/859 a	HC/Pp2ms
Ezek 33:10	בֶן	1121 a	HNcmsc
Ezek 33:10	אָדָ֗ם	120	HNcmsa
Ezek 33:10	אֱמֹר֙	559	HVqv2ms
Ezek 33:10	אֶל	413	HR
Ezek 33:10	בֵּ֣ית	1004 b	HNcmsc
Ezek 33:10	יִשְׂרָאֵ֔ל	3478	HNp
Ezek 33:10	כֵּ֤ן	3651 c	HTm
Ezek 33:10	אֲמַרְתֶּם֙	559	HVqp2mp
Ezek 33:10	לֵ/אמֹ֔ר	l/559	HR/Vqc
Ezek 33:10	כִּֽי	3588 a	HC
Ezek 33:10	פְשָׁעֵ֥י/נוּ	6588	HNcmpc/Sp1cp
Ezek 33:10	וְ/חַטֹּאתֵ֖י/נוּ	c/2403 b	HC/Ncfpc/Sp1cp
Ezek 33:10	עָלֵ֑י/נוּ	5921 a	HR/Sp1cp
Ezek 33:10	וּ/בָ֛/ם	c/b	HC/R/Sp3mp
Ezek 33:10	אֲנַ֥חְנוּ	587	HPp1cp
Ezek 33:10	נְמַקִּ֖ים	4743	HVNsmpa
Ezek 33:10	וְ/אֵ֥יךְ	c/349 a	HC/Ti
Ezek 33:10	נִֽחְיֶֽה	2421	HVqi1cp
Ezek 33:11	אֱמֹ֨ר	559	HVqv2ms
Ezek 33:11	אֲלֵי/הֶ֜ם	413	HR/Sp3mp
Ezek 33:11	חַי	2416 a	HAamsa
Ezek 33:11	אָ֣נִי	589	HPp1cs
Ezek 33:11	נְאֻ֣ם	5002	HNcmsc
Ezek 33:11	אֲדֹנָ֣/י	136	HNcmpc/Sp1cs
Ezek 33:11	יְהוִ֗ה	3069	HNp
Ezek 33:11	אִם	518 a	HC
Ezek 33:11	אֶחְפֹּץ֙	2654 a	HVqi1cs
Ezek 33:11	בְּ/מ֣וֹת	b/4194	HR/Ncmsc
Ezek 33:11	הָ/רָשָׁ֔ע	d/7563	HTd/Aamsa
Ezek 33:11	כִּ֣י	3588 b	HC
Ezek 33:11	אִם	518 b	HC
Ezek 33:11	בְּ/שׁ֥וּב	b/7725	HR/Vqc
Ezek 33:11	רָשָׁ֛ע	7563	HAamsa
Ezek 33:11	מִ/דַּרְכּ֖/וֹ	m/1870	HR/Ncbsc/Sp3ms
Ezek 33:11	וְ/חָיָ֑ה	c/2421	HC/Vqq3ms
Ezek 33:11	שׁ֣וּבוּ	7725	HVqv2mp
Ezek 33:11	שׁ֜וּבוּ	7725	HVqv2mp
Ezek 33:11	מִ/דַּרְכֵי/כֶ֧ם	m/1870	HR/Ncbpc/Sp2mp
Ezek 33:11	הָ/רָעִ֛ים	d/7451 a	HTd/Aampa
Ezek 33:11	וְ/לָ֥/מָּה	c/l/4100	HC/R/Ti
Ezek 33:11	תָמ֖וּתוּ	4191	HVqi2mp
Ezek 33:11	בֵּ֥ית	1004 b	HNcmsc
Ezek 33:11	יִשְׂרָאֵֽל	3478	HNp
Ezek 33:12	וְ/אַתָּ֣ה	c/859 a	HC/Pp2ms
Ezek 33:12	בֶן	1121 a	HNcmsc
Ezek 33:12	אָדָ֗ם	120	HNcmsa
Ezek 33:12	אֱמֹ֤ר	559	HVqv2ms
Ezek 33:12	אֶל	413	HR
Ezek 33:12	בְּנֵֽי	1121 a	HNcmpc
Ezek 33:12	עַמְּ/ךָ֙	5971 a	HNcmsc/Sp2ms
Ezek 33:12	צִדְקַ֣ת	6666	HNcfsc
Ezek 33:12	הַ/צַּדִּ֗יק	d/6662	HTd/Aamsa
Ezek 33:12	לֹ֤א	3808	HTn
Ezek 33:12	תַצִּילֶ֨/נּוּ֙	5337	HVhi3fs/Sp3ms
Ezek 33:12	בְּ/י֣וֹם	b/3117	HR/Ncmsc
Ezek 33:12	פִּשְׁע֔/וֹ	6588	HNcmsc/Sp3ms
Ezek 33:12	וְ/רִשְׁעַ֤ת	c/7564	HC/Ncfsc
Ezek 33:12	הָֽ/רָשָׁע֙	d/7563	HTd/Aamsa
Ezek 33:12	לֹֽא	3808	HTn
Ezek 33:12	יִכָּ֣שֶׁל	3782	HVNi3ms
Ezek 33:12	בָּ֔/הּ	b	HR/Sp3fs
Ezek 33:12	בְּ/י֖וֹם	b/3117	HR/Ncmsc
Ezek 33:12	שׁוּב֣/וֹ	7725	HVqc/Sp3ms
Ezek 33:12	מֵֽ/רִשְׁע֑/וֹ	m/7562	HR/Ncmsc/Sp3ms
Ezek 33:12	וְ/צַדִּ֗יק	c/6662	HC/Aamsa
Ezek 33:12	לֹ֥א	3808	HTn
Ezek 33:12	יוּכַ֛ל	3201	HVqi3ms
Ezek 33:12	לִֽ/חְי֥וֹת	l/2421	HR/Vqc
Ezek 33:12	בָּ֖/הּ	b	HR/Sp3fs
Ezek 33:12	בְּ/י֥וֹם	b/3117	HR/Ncmsc
Ezek 33:12	חֲטֹאתֽ/וֹ	2398	HVqc/Sp3ms
Ezek 33:13	בְּ/אָמְרִ֤/י	b/559	HR/Vqc/Sp1cs
Ezek 33:13	לַ/צַּדִּיק֙	l/6662	HRd/Aamsa
Ezek 33:13	חָיֹ֣ה	2421	HVqa
Ezek 33:13	יִֽחְיֶ֔ה	2421	HVqi3ms
Ezek 33:13	וְ/הֽוּא	c/1931	HC/Pp3ms
Ezek 33:13	בָטַ֥ח	982	HVqp3ms
Ezek 33:13	עַל	5921 a	HR
Ezek 33:13	צִדְקָת֖/וֹ	6666	HNcfsc/Sp3ms
Ezek 33:13	וְ/עָ֣שָׂה	c/6213 a	HC/Vqq3ms
Ezek 33:13	עָ֑וֶל	5766 a	HNcbsa
Ezek 33:13	כָּל	3605	HNcmsc
Ezek 33:13	צדקת/ו	6666	HNcfsc/Sp3ms
Ezek 33:13	לֹ֣א	3808	HTn
Ezek 33:13	תִזָּכַ֔רְנָה	2142	HVNi3fp
Ezek 33:13	וּ/בְ/עַוְל֥/וֹ	c/b/5766 a	HC/R/Ncbsc/Sp3ms
Ezek 33:13	אֲשֶׁר	834 a	HTr
Ezek 33:13	עָשָׂ֖ה	6213 a	HVqp3ms
Ezek 33:13	בּ֥/וֹ	b	HR/Sp3ms
Ezek 33:13	יָמֽוּת	4191	HVqi3ms
Ezek 33:14	וּ/בְ/אָמְרִ֥/י	c/b/559	HC/R/Vqc/Sp1cs
Ezek 33:14	לָֽ/רָשָׁ֖ע	l/7563	HRd/Aamsa
Ezek 33:14	מ֣וֹת	4191	HVqa
Ezek 33:14	תָּמ֑וּת	4191	HVqi2ms
Ezek 33:14	וְ/שָׁב֙	c/7725	HC/Vqq3ms
Ezek 33:14	מֵֽ/חַטָּאת֔/וֹ	m/2403 b	HR/Ncfsc/Sp3ms
Ezek 33:14	וְ/עָשָׂ֥ה	c/6213 a	HC/Vqq3ms
Ezek 33:14	מִשְׁפָּ֖ט	4941	HNcmsa
Ezek 33:14	וּ/צְדָקָֽה	c/6666	HC/Ncfsa
Ezek 33:15	חֲבֹ֨ל	2258 a	HNcmsa
Ezek 33:15	יָשִׁ֤יב	7725	HVhi3ms
Ezek 33:15	רָשָׁע֙	7563	HAamsa
Ezek 33:15	גְּזֵלָ֣ה	1500	HNcfsa
Ezek 33:15	יְשַׁלֵּ֔ם	7999 a	HVpi3ms
Ezek 33:15	בְּ/חֻקּ֤וֹת	b/2708	HR/Ncbpc
Ezek 33:15	הַֽ/חַיִּים֙	d/2416 e	HTd/Ncmpa
Ezek 33:15	הָלַ֔ךְ	1980	HVqp3ms
Ezek 33:15	לְ/בִלְתִּ֖י	l/1115	HR/C
Ezek 33:15	עֲשׂ֣וֹת	6213 a	HVqc
Ezek 33:15	עָ֑וֶל	5766 a	HNcbsa
Ezek 33:15	חָי֥וֹ	2421	HVqa
Ezek 33:15	יִֽחְיֶ֖ה	2421	HVqi3ms
Ezek 33:15	לֹ֥א	3808	HTn
Ezek 33:15	יָמֽוּת	4191	HVqi3ms
Ezek 33:16	כָּל	3605	HNcmsc
Ezek 33:16	חטאת/ו	2403 b	HNcfsc/Sp3ms
Ezek 33:16	אֲשֶׁ֣ר	834 a	HTr
Ezek 33:16	חָטָ֔א	2398	HVqp3ms
Ezek 33:16	לֹ֥א	3808	HTn
Ezek 33:16	תִזָּכַ֖רְנָה	2142	HVNi3fp
Ezek 33:16	ל֑/וֹ	l	HR/Sp3ms
Ezek 33:16	מִשְׁפָּ֧ט	4941	HNcmsa
Ezek 33:16	וּ/צְדָקָ֛ה	c/6666	HC/Ncfsa
Ezek 33:16	עָשָׂ֖ה	6213 a	HVqp3ms
Ezek 33:16	חָי֥וֹ	2421	HVqa
Ezek 33:16	יִֽחְיֶֽה	2421	HVqi3ms
Ezek 33:17	וְ/אָמְרוּ֙	c/559	HC/Vqq3cp
Ezek 33:17	בְּנֵ֣י	1121 a	HNcmpc
Ezek 33:17	עַמְּ/ךָ֔	5971 a	HNcmsc/Sp2ms
Ezek 33:17	לֹ֥א	3808	HTn
Ezek 33:17	יִתָּכֵ֖ן	8505	HVNi3ms
Ezek 33:17	דֶּ֣רֶךְ	1870	HNcbsc
Ezek 33:17	אֲדֹנָ֑/י	136	HNcmpc/Sp1cs
Ezek 33:17	וְ/הֵ֖מָּה	c/1992	HC/Pp3mp
Ezek 33:17	דַּרְכָּ֥/ם	1870	HNcbsc/Sp3mp
Ezek 33:17	לֹֽא	3808	HTn
Ezek 33:17	יִתָּכֵֽן	8505	HVNi3ms
Ezek 33:18	בְּ/שׁוּב	b/7725	HR/Vqc
Ezek 33:18	צַדִּ֥יק	6662	HAamsa
Ezek 33:18	מִ/צִּדְקָת֖/וֹ	m/6666	HR/Ncfsc/Sp3ms
Ezek 33:18	וְ/עָ֣שָׂה	c/6213 a	HC/Vqq3ms
Ezek 33:18	עָ֑וֶל	5766 a	HNcbsa
Ezek 33:18	וּ/מֵ֖ת	c/4191	HC/Vqq3ms
Ezek 33:18	בָּ/הֶֽם	b	HR/Sp3mp
Ezek 33:19	וּ/בְ/שׁ֤וּב	c/b/7725	HC/R/Vqc
Ezek 33:19	רָשָׁע֙	7563	HAamsa
Ezek 33:19	מֵֽ/רִשְׁעָת֔/וֹ	m/7564	HR/Ncfsc/Sp3ms
Ezek 33:19	וְ/עָשָׂ֥ה	c/6213 a	HC/Vqq3ms
Ezek 33:19	מִשְׁפָּ֖ט	4941	HNcmsa
Ezek 33:19	וּ/צְדָקָ֑ה	c/6666	HC/Ncfsa
Ezek 33:19	עֲלֵי/הֶ֖ם	5921 a	HR/Sp3mp
Ezek 33:19	ה֥וּא	1931	HPp3ms
Ezek 33:19	יִֽחְיֶֽה	2421	HVqi3ms
Ezek 33:20	וַ/אֲמַרְתֶּ֕ם	c/559	HC/Vqq2mp
Ezek 33:20	לֹ֥א	3808	HTn
Ezek 33:20	יִתָּכֵ֖ן	8505	HVNi3ms
Ezek 33:20	דֶּ֣רֶךְ	1870	HNcbsc
Ezek 33:20	אֲדֹנָ֑/י	136	HNcmpc/Sp1cs
Ezek 33:20	אִ֧ישׁ	376	HNcmsa
Ezek 33:20	כִּ/דְרָכָ֛י/ו	k/1870	HR/Ncbpc/Sp3ms
Ezek 33:20	אֶשְׁפּ֥וֹט	8199	HVqi1cs
Ezek 33:20	אֶתְ/כֶ֖ם	853	HTo/Sp2mp
Ezek 33:20	בֵּ֥ית	1004 b	HNcmsc
Ezek 33:20	יִשְׂרָאֵֽל	3478	HNp
Ezek 33:21	וַ/יְהִ֞י	c/1961	HC/Vqw3ms
Ezek 33:21	בִּ/שְׁתֵּ֧י	b/8147	HR/Acfdc
Ezek 33:21	עֶשְׂרֵ֣ה	6240	HAcfsa
Ezek 33:21	שָׁנָ֗ה	8141	HNcfsa
Ezek 33:21	בָּ/עֲשִׂרִ֛י	b/6224	HRd/Aomsa
Ezek 33:21	בַּ/חֲמִשָּׁ֥ה	b/2568	HR/Acmsa
Ezek 33:21	לַ/חֹ֖דֶשׁ	l/2320	HRd/Ncmsa
Ezek 33:21	לְ/גָלוּתֵ֑/נוּ	l/1546	HR/Ncfsc/Sp1cp
Ezek 33:21	בָּא	935	HVqp3ms
Ezek 33:21	אֵלַ֨/י	413	HR/Sp1cs
Ezek 33:21	הַ/פָּלִ֧יט	d/6412 a	HTd/Ncmsa
Ezek 33:21	מִ/ירוּשָׁלִַ֛ם	m/3389	HR/Np
Ezek 33:21	לֵ/אמֹ֖ר	l/559	HR/Vqc
Ezek 33:21	הֻכְּתָ֥ה	5221	HVHp3fs
Ezek 33:21	הָ/עִֽיר	d/5892 b	HTd/Ncfsa
Ezek 33:22	וְ/יַד	c/3027	HC/Ncbsc
Ezek 33:22	יְהוָה֩	3068	HNp
Ezek 33:22	הָיְתָ֨ה	1961	HVqp3fs
Ezek 33:22	אֵלַ֜/י	413	HR/Sp1cs
Ezek 33:22	בָּ/עֶ֗רֶב	b/6153	HRd/Ncmsa
Ezek 33:22	לִ/פְנֵי֙	l/6440	HR/Ncbpc
Ezek 33:22	בּ֣וֹא	935	HVqc
Ezek 33:22	הַ/פָּלִ֔יט	d/6412 a	HTd/Ncmsa
Ezek 33:22	וַ/יִּפְתַּ֣ח	c/6605 a	HC/Vqw3ms
Ezek 33:22	אֶת	853	HTo
Ezek 33:22	פִּ֔/י	6310	HNcmsc/Sp1cs
Ezek 33:22	עַד	5704	HR
Ezek 33:22	בּ֥וֹא	935	HVqc
Ezek 33:22	אֵלַ֖/י	413	HR/Sp1cs
Ezek 33:22	בַּ/בֹּ֑קֶר	b/1242	HRd/Ncmsa
Ezek 33:22	וַ/יִּפָּ֣תַח	c/6605 a	HC/VNw3ms
Ezek 33:22	פִּ֔/י	6310	HNcmsc/Sp1cs
Ezek 33:22	וְ/לֹ֥א	c/3808	HC/Tn
Ezek 33:22	נֶאֱלַ֖מְתִּי	481	HVNp1cs
Ezek 33:22	עֽוֹד	5750	HD
Ezek 33:23	וַ/יְהִ֥י	c/1961	HC/Vqw3ms
Ezek 33:23	דְבַר	1697	HNcmsc
Ezek 33:23	יְהֹוָ֖ה	3068	HNp
Ezek 33:23	אֵלַ֥/י	413	HR/Sp1cs
Ezek 33:23	לֵ/אמֹֽר	l/559	HR/Vqc
Ezek 33:24	בֶּן	1121 a	HNcmsc
Ezek 33:24	אָדָ֗ם	120	HNcmsa
Ezek 33:24	יֹ֠שְׁבֵי	3427	HVqrmpc
Ezek 33:24	הֶ/חֳרָב֨וֹת	d/2723	HTd/Ncfpa
Ezek 33:24	הָ/אֵ֜לֶּה	d/428	HTd/Pdxcp
Ezek 33:24	עַל	5921 a	HR
Ezek 33:24	אַדְמַ֤ת	127	HNcfsc
Ezek 33:24	יִשְׂרָאֵל֙	3478	HNp
Ezek 33:24	אֹמְרִ֣ים	559	HVqrmpa
Ezek 33:24	לֵ/אמֹ֔ר	l/559	HR/Vqc
Ezek 33:24	אֶחָד֙	259	HAcmsa
Ezek 33:24	הָיָ֣ה	1961	HVqp3ms
Ezek 33:24	אַבְרָהָ֔ם	85	HNp
Ezek 33:24	וַ/יִּירַ֖שׁ	c/3423	HC/Vqw3ms
Ezek 33:24	אֶת	853	HTo
Ezek 33:24	הָ/אָ֑רֶץ	d/776	HTd/Ncbsa
Ezek 33:24	וַ/אֲנַ֣חְנוּ	c/587	HC/Pp1cp
Ezek 33:24	רַבִּ֔ים	7227 a	HAampa
Ezek 33:24	לָ֛/נוּ	l	HR/Sp1cp
Ezek 33:24	נִתְּנָ֥ה	5414	HVNp3fs
Ezek 33:24	הָ/אָ֖רֶץ	d/776	HTd/Ncbsa
Ezek 33:24	לְ/מוֹרָשָֽׁה	l/4181	HR/Ncfsa
Ezek 33:25	לָ/כֵן֩	l/3651 c	HR/D
Ezek 33:25	אֱמֹ֨ר	559	HVqv2ms
Ezek 33:25	אֲלֵי/הֶ֜ם	413	HR/Sp3mp
Ezek 33:25	כֹּֽה	3541	HD
Ezek 33:25	אָמַ֣ר	559	HVqp3ms
Ezek 33:25	אֲדֹנָ֣/י	136	HNcmpc/Sp1cs
Ezek 33:25	יְהֹוִ֗ה	3069	HNp
Ezek 33:25	עַל	5921 a	HR
Ezek 33:25	הַ/דָּ֧ם	d/1818	HTd/Ncmsa
Ezek 33:25	תֹּאכֵ֛לוּ	398	HVqi2mp
Ezek 33:25	וְ/עֵינֵ/כֶ֛ם	c/5869 a	HC/Ncbdc/Sp2mp
Ezek 33:25	תִּשְׂא֥וּ	5375	HVqi2mp
Ezek 33:25	אֶל	413	HR
Ezek 33:25	גִּלּוּלֵי/כֶ֖ם	1544	HNcmpc/Sp2mp
Ezek 33:25	וְ/דָ֣ם	c/1818	HC/Ncmsa
Ezek 33:25	תִּשְׁפֹּ֑כוּ	8210	HVqi2mp
Ezek 33:25	וְ/הָ/אָ֖רֶץ	c/d/776	HC/Td/Ncbsa
Ezek 33:25	תִּירָֽשׁוּ	3423	HVqi2mp
Ezek 33:26	עֲמַדְתֶּ֤ם	5975	HVqp2mp
Ezek 33:26	עַֽל	5921 a	HR
Ezek 33:26	חַרְבְּ/כֶם֙	2719	HNcfsc/Sp2mp
Ezek 33:26	עֲשִׂיתֶ֣ן	6213 a	HVqp2fp
Ezek 33:26	תּוֹעֵבָ֔ה	8441	HNcfsa
Ezek 33:26	וְ/אִ֛ישׁ	c/376	HC/Ncmsa
Ezek 33:26	אֶת	853	HTo
Ezek 33:26	אֵ֥שֶׁת	802	HNcfsc
Ezek 33:26	רֵעֵ֖/הוּ	7453	HNcmsc/Sp3ms
Ezek 33:26	טִמֵּאתֶ֑ם	2930 a	HVpp2mp
Ezek 33:26	וְ/הָ/אָ֖רֶץ	c/d/776	HC/Td/Ncbsa
Ezek 33:26	תִּירָֽשׁוּ	3423	HVqi2mp
Ezek 33:27	כֹּֽה	3541	HD
Ezek 33:27	תֹאמַ֨ר	559	HVqi2ms
Ezek 33:27	אֲלֵ/הֶ֜ם	413	HR/Sp3mp
Ezek 33:27	כֹּה	3541	HD
Ezek 33:27	אָמַ֨ר	559	HVqp3ms
Ezek 33:27	אֲדֹנָ֣/י	136	HNcmpc/Sp1cs
Ezek 33:27	יְהוִה֮	3069	HNp
Ezek 33:27	חַי	2416 a	HAamsa
Ezek 33:27	אָנִי֒	589	HPp1cs
Ezek 33:27	אִם	518 a	HC
Ezek 33:27	לֹ֞א	3808	HTn
Ezek 33:27	אֲשֶׁ֤ר	834 a	HTr
Ezek 33:27	בֶּֽ/חֳרָבוֹת֙	b/2723	HRd/Ncfpa
Ezek 33:27	בַּ/חֶ֣רֶב	b/2719	HRd/Ncfsa
Ezek 33:27	יִפֹּ֔לוּ	5307	HVqi3mp
Ezek 33:27	וַֽ/אֲשֶׁר֙	c/834 a	HC/Tr
Ezek 33:27	עַל	5921 a	HR
Ezek 33:27	פְּנֵ֣י	6440	HNcbpc
Ezek 33:27	הַ/שָּׂדֶ֔ה	d/7704 b	HTd/Ncmsa
Ezek 33:27	לַ/חַיָּ֥ה	l/2416 c	HRd/Ncfsa
Ezek 33:27	נְתַתִּ֖י/ו	5414	HVqp1cs/Sp3ms
Ezek 33:27	לְ/אָכְל֑/וֹ	l/398	HR/Vqc/Sp3ms
Ezek 33:27	וַ/אֲשֶׁ֛ר	c/834 a	HC/Tr
Ezek 33:27	בַּ/מְּצָד֥וֹת	b/4686 b	HRd/Ncbpa
Ezek 33:27	וּ/בַ/מְּעָר֖וֹת	c/b/4631	HC/Rd/Ncfpa
Ezek 33:27	בַּ/דֶּ֥בֶר	b/1698	HRd/Ncmsa
Ezek 33:27	יָמֽוּתוּ	4191	HVqi3mp
Ezek 33:28	וְ/נָתַתִּ֤י	c/5414	HC/Vqq1cs
Ezek 33:28	אֶת	853	HTo
Ezek 33:28	הָ/אָ֨רֶץ֙	d/776	HTd/Ncbsa
Ezek 33:28	שְׁמָמָ֣ה	8077 a	HNcfsa
Ezek 33:28	וּ/מְשַׁמָּ֔ה	c/4923	HC/Ncfsa
Ezek 33:28	וְ/נִשְׁבַּ֖ת	c/7673 a	HC/VNq3ms
Ezek 33:28	גְּא֣וֹן	1347	HNcmsc
Ezek 33:28	עֻזָּ֑/הּ	5797	HNcmsc/Sp3fs
Ezek 33:28	וְ/שָֽׁמְמ֛וּ	c/8074	HC/Vqq3cp
Ezek 33:28	הָרֵ֥י	2022	HNcmpc
Ezek 33:28	יִשְׂרָאֵ֖ל	3478	HNp
Ezek 33:28	מֵ/אֵ֥ין	m/369	HR/Tn
Ezek 33:28	עוֹבֵֽר	5674 a	HVqrmsa
Ezek 33:29	וְ/יָדְע֖וּ	c/3045	HC/Vqq3cp
Ezek 33:29	כִּֽי	3588 a	HC
Ezek 33:29	אֲנִ֣י	589	HPp1cs
Ezek 33:29	יְהוָ֑ה	3068	HNp
Ezek 33:29	בְּ/תִתִּ֤/י	b/5414	HR/Vqc/Sp1cs
Ezek 33:29	אֶת	853	HTo
Ezek 33:29	הָ/אָ֨רֶץ֙	d/776	HTd/Ncbsa
Ezek 33:29	שְׁמָמָ֣ה	8077 a	HNcfsa
Ezek 33:29	וּ/מְשַׁמָּ֔ה	c/4923	HC/Ncfsa
Ezek 33:29	עַ֥ל	5921 a	HR
Ezek 33:29	כָּל	3605	HNcmsc
Ezek 33:29	תּוֹעֲבֹתָ֖/ם	8441	HNcfpc/Sp3mp
Ezek 33:29	אֲשֶׁ֥ר	834 a	HTr
Ezek 33:29	עָשֽׂוּ	6213 a	HVqp3cp
Ezek 33:30	וְ/אַתָּ֣ה	c/859 a	HC/Pp2ms
Ezek 33:30	בֶן	1121 a	HNcmsc
Ezek 33:30	אָדָ֔ם	120	HNcmsa
Ezek 33:30	בְּנֵ֣י	1121 a	HNcmpc
Ezek 33:30	עַמְּ/ךָ֗	5971 a	HNcmsc/Sp2ms
Ezek 33:30	הַ/נִּדְבָּרִ֤ים	d/1696	HTd/VNrmpa
Ezek 33:30	בְּ/ךָ֙	b	HR/Sp2ms
Ezek 33:30	אֵ֣צֶל	681	HR
Ezek 33:30	הַ/קִּיר֔וֹת	d/7023	HTd/Ncmpa
Ezek 33:30	וּ/בְ/פִתְחֵ֖י	c/b/6607	HC/R/Ncmpc
Ezek 33:30	הַ/בָּתִּ֑ים	d/1004 b	HTd/Ncmpa
Ezek 33:30	וְ/דִבֶּר	c/1696	HC/Vpq3ms
Ezek 33:30	חַ֣ד	2297	HAcmsa
Ezek 33:30	אֶת	854	HR
Ezek 33:30	אַחַ֗ד	259	HAcmsa
Ezek 33:30	אִ֤ישׁ	376	HNcmsa
Ezek 33:30	אֶת	854	HR
Ezek 33:30	אָחִי/ו֙	251	HNcmsc/Sp3ms
Ezek 33:30	לֵ/אמֹ֔ר	l/559	HR/Vqc
Ezek 33:30	בֹּֽאוּ	935	HVqv2mp
Ezek 33:30	נָ֣א	4994	HTe
Ezek 33:30	וְ/שִׁמְע֔וּ	c/8085	HC/Vqv2mp
Ezek 33:30	מָ֣ה	4100	HTi
Ezek 33:30	הַ/דָּבָ֔ר	d/1697	HTd/Ncmsa
Ezek 33:30	הַ/יּוֹצֵ֖א	d/3318	HTd/Vqrmsa
Ezek 33:30	מֵ/אֵ֥ת	m/854	HR/R
Ezek 33:30	יְהוָֽה	3068	HNp
Ezek 33:31	וְ/יָב֣וֹאוּ	c/935	HC/Vqi3mp
Ezek 33:31	אֵ֠לֶי/ךָ	413	HR/Sp2ms
Ezek 33:31	כִּ/מְבוֹא	k/3996	HR/Ncmsc
Ezek 33:31	עָ֞ם	5971 a	HNcmsa
Ezek 33:31	וְ/יֵשְׁב֤וּ	c/3427	HC/Vqi3mp
Ezek 33:31	לְ/פָנֶ֨י/ךָ֙	l/6440	HR/Ncbpc/Sp2ms
Ezek 33:31	עַמִּ֔/י	5971 a	HNcmsc/Sp1cs
Ezek 33:31	וְ/שָֽׁמְעוּ֙	c/8085	HC/Vqq3cp
Ezek 33:31	אֶת	853	HTo
Ezek 33:31	דְּבָרֶ֔י/ךָ	1697	HNcmpc/Sp2ms
Ezek 33:31	וְ/אוֹתָ֖/ם	c/853	HC/To/Sp3mp
Ezek 33:31	לֹ֣א	3808	HTn
Ezek 33:31	יַֽעֲשׂ֑וּ	6213 a	HVqi3mp
Ezek 33:31	כִּֽי	3588 a	HC
Ezek 33:31	עֲגָבִ֤ים	5690	HNcmpa
Ezek 33:31	בְּ/פִי/הֶם֙	b/6310	HR/Ncmsc/Sp3mp
Ezek 33:31	הֵ֣מָּה	1992	HPp3mp
Ezek 33:31	עֹשִׂ֔ים	6213 a	HVqrmpa
Ezek 33:31	אַחֲרֵ֥י	310 a	HR
Ezek 33:31	בִצְעָ֖/ם	1215	HNcmsc/Sp3mp
Ezek 33:31	לִבָּ֥/ם	3820 a	HNcmsc/Sp3mp
Ezek 33:31	הֹלֵֽךְ	1980	HVqrmsa
Ezek 33:32	וְ/הִנְּ/ךָ֤	c/2005	HC/Tj/Sp2ms
Ezek 33:32	לָ/הֶם֙	l	HR/Sp3mp
Ezek 33:32	כְּ/שִׁ֣יר	k/7892 a	HR/Ncbsc
Ezek 33:32	עֲגָבִ֔ים	5690	HNcmpa
Ezek 33:32	יְפֵ֥ה	3303	HAamsc
Ezek 33:32	ק֖וֹל	6963 a	HNcmsa
Ezek 33:32	וּ/מֵטִ֣ב	c/2895	HC/Vhrmsa
Ezek 33:32	נַגֵּ֑ן	5059	HVpc
Ezek 33:32	וְ/שָֽׁמְעוּ֙	c/8085	HC/Vqq3cp
Ezek 33:32	אֶת	853	HTo
Ezek 33:32	דְּבָרֶ֔י/ךָ	1697	HNcmpc/Sp2ms
Ezek 33:32	וְ/עֹשִׂ֥ים	c/6213 a	HC/Vqrmpa
Ezek 33:32	אֵינָ֖/ם	369	HTn/Sp3mp
Ezek 33:32	אוֹתָֽ/ם	853	HTo/Sp3mp
Ezek 33:33	וּ/בְ/בֹאָ֑/הּ	c/b/935	HC/R/Vqc/Sp3fs
Ezek 33:33	הִנֵּ֣ה	2009	HTm
Ezek 33:33	בָאָ֔ה	935	HVqrfsa
Ezek 33:33	וְ/יָ֣דְע֔וּ	c/3045	HC/Vqq3cp
Ezek 33:33	כִּ֥י	3588 a	HC
Ezek 33:33	נָבִ֖יא	5030	HNcmsa
Ezek 33:33	הָיָ֥ה	1961	HVqp3ms
Ezek 33:33	בְ/תוֹכָֽ/ם	b/8432	HR/Ncmsc/Sp3mp
Ezek 34:1	וַ/יְהִ֥י	c/1961	HC/Vqw3ms
Ezek 34:1	דְבַר	1697	HNcmsc
Ezek 34:1	יְהוָ֖ה	3068	HNp
Ezek 34:1	אֵלַ֥/י	413	HR/Sp1cs
Ezek 34:1	לֵ/אמֹֽר	l/559	HR/Vqc
Ezek 34:2	בֶּן	1121 a	HNcmsc
Ezek 34:2	אָדָ֕ם	120	HNcmsa
Ezek 34:2	הִנָּבֵ֖א	5012	HVNv2ms
Ezek 34:2	עַל	5921 a	HR
Ezek 34:2	רוֹעֵ֣י	7462 b	HVqrmpc
Ezek 34:2	יִשְׂרָאֵ֑ל	3478	HNp
Ezek 34:2	הִנָּבֵ֣א	5012	HVNv2ms
Ezek 34:2	וְ/אָמַרְתָּ֩	c/559	HC/Vqq2ms
Ezek 34:2	אֲלֵי/הֶ֨ם	413	HR/Sp3mp
Ezek 34:2	לָ/רֹעִ֜ים	l/7462 b	HRd/Vqrmpa
Ezek 34:2	כֹּ֥ה	3541	HD
Ezek 34:2	אָמַ֣ר	559	HVqp3ms
Ezek 34:2	אֲדֹנָ֣/י	136	HNcmpc/Sp1cs
Ezek 34:2	יְהוִ֗ה	3069	HNp
Ezek 34:2	ה֤וֹי	1945	HTj
Ezek 34:2	רֹעֵֽי	7462 b	HVqrmpc
Ezek 34:2	יִשְׂרָאֵל֙	3478	HNp
Ezek 34:2	אֲשֶׁ֤ר	834 a	HTr
Ezek 34:2	הָיוּ֙	1961	HVqp3cp
Ezek 34:2	רֹעִ֣ים	7462 b	HVqrmpa
Ezek 34:2	אוֹתָ֔/ם	853	HTo/Sp3mp
Ezek 34:2	הֲ/ל֣וֹא	i/3808	HTi/Tn
Ezek 34:2	הַ/צֹּ֔אן	d/6629	HTd/Ncbsa
Ezek 34:2	יִרְע֖וּ	7462 b	HVqi3mp
Ezek 34:2	הָ/רֹעִֽים	d/7462 b	HTd/Vqrmpa
Ezek 34:3	אֶת	853	HTo
Ezek 34:3	הַ/חֵ֤לֶב	d/2459	HTd/Ncmsa
Ezek 34:3	תֹּאכֵ֨לוּ֙	398	HVqi2mp
Ezek 34:3	וְ/אֶת	c/853	HC/To
Ezek 34:3	הַ/צֶּ֣מֶר	d/6785	HTd/Ncmsa
Ezek 34:3	תִּלְבָּ֔שׁוּ	3847	HVqi2mp
Ezek 34:3	הַ/בְּרִיאָ֖ה	d/1277	HTd/Aafsa
Ezek 34:3	תִּזְבָּ֑חוּ	2076	HVqi2mp
Ezek 34:3	הַ/צֹּ֖אן	d/6629	HTd/Ncbsa
Ezek 34:3	לֹ֥א	3808	HTn
Ezek 34:3	תִרְעֽוּ	7462 b	HVqi2mp
Ezek 34:4	אֶֽת	853	HTo
Ezek 34:4	הַ/נַּחְלוֹת֩	d/2470 a	HTd/VNsfpa
Ezek 34:4	לֹ֨א	3808	HTn
Ezek 34:4	חִזַּקְתֶּ֜ם	2388	HVpp2mp
Ezek 34:4	וְ/אֶת	c/853	HC/To
Ezek 34:4	הַ/חוֹלָ֣ה	d/2470 a	HTd/Vqrfsa
Ezek 34:4	לֹֽא	3808	HTn
Ezek 34:4	רִפֵּאתֶ֗ם	7495	HVpp2mp
Ezek 34:4	וְ/לַ/נִּשְׁבֶּ֨רֶת֙	c/l/7665	HC/Rd/VNsfsa
Ezek 34:4	לֹ֣א	3808	HTn
Ezek 34:4	חֲבַשְׁתֶּ֔ם	2280	HVqp2mp
Ezek 34:4	וְ/אֶת	c/853	HC/To
Ezek 34:4	הַ/נִּדַּ֨חַת֙	d/5080	HTd/VNsfsa
Ezek 34:4	לֹ֣א	3808	HTn
Ezek 34:4	הֲשֵׁבֹתֶ֔ם	7725	HVhp2mp
Ezek 34:4	וְ/אֶת	c/853	HC/To
Ezek 34:4	הָ/אֹבֶ֖דֶת	d/6	HTd/Vqrfsa
Ezek 34:4	לֹ֣א	3808	HTn
Ezek 34:4	בִקַּשְׁתֶּ֑ם	1245	HVpp2mp
Ezek 34:4	וּ/בְ/חָזְקָ֛ה	c/b/2394	HC/R/Ncfsa
Ezek 34:4	רְדִיתֶ֥ם	7287 a	HVqp2mp
Ezek 34:4	אֹתָ֖/ם	853	HTo/Sp3mp
Ezek 34:4	וּ/בְ/פָֽרֶךְ	c/b/6531	HC/R/Ncmsa
Ezek 34:5	וַ/תְּפוּצֶ֖ינָה	c/6327 a	HC/Vqw3fp
Ezek 34:5	מִ/בְּלִ֣י	m/1097	HR/Ncmsc
Ezek 34:5	רֹעֶ֑ה	7462 b	HVqrmsa
Ezek 34:5	וַ/תִּהְיֶ֧ינָה	c/1961	HC/Vqw3fp
Ezek 34:5	לְ/אָכְלָ֛ה	l/402	HR/Ncfsa
Ezek 34:5	לְ/כָל	l/3605	HR/Ncmsc
Ezek 34:5	חַיַּ֥ת	2416 c	HNcfsc
Ezek 34:5	הַ/שָּׂדֶ֖ה	d/7704 b	HTd/Ncmsa
Ezek 34:5	וַ/תְּפוּצֶֽינָה	c/6327 a	HC/Vqw3fp
Ezek 34:6	יִשְׁגּ֤וּ	7686	HVqi3mp
Ezek 34:6	צֹאנִ/י֙	6629	HNcbsc/Sp1cs
Ezek 34:6	בְּ/כָל	b/3605	HR/Ncmsc
Ezek 34:6	הֶ֣/הָרִ֔ים	d/2022	HTd/Ncmpa
Ezek 34:6	וְ/עַ֖ל	c/5921 a	HC/R
Ezek 34:6	כָּל	3605	HNcmsc
Ezek 34:6	גִּבְעָ֣ה	1389	HNcfsa
Ezek 34:6	רָמָ֑ה	7311 a	HVqrfsa
Ezek 34:6	וְ/עַ֨ל	c/5921 a	HC/R
Ezek 34:6	כָּל	3605	HNcmsc
Ezek 34:6	פְּנֵ֤י	6440	HNcbpc
Ezek 34:6	הָ/אָ֨רֶץ֙	d/776	HTd/Ncbsa
Ezek 34:6	נָפֹ֣צוּ	6327 a	HVNp3cp
Ezek 34:6	צֹאנִ֔/י	6629	HNcbsc/Sp1cs
Ezek 34:6	וְ/אֵ֥ין	c/369	HC/Tn
Ezek 34:6	דּוֹרֵ֖שׁ	1875	HVqrmsa
Ezek 34:6	וְ/אֵ֥ין	c/369	HC/Tn
Ezek 34:6	מְבַקֵּֽשׁ	1245	HVprmsa
Ezek 34:7	לָ/כֵ֣ן	l/3651 c	HR/D
Ezek 34:7	רֹעִ֔ים	7462 b	HVqrmpa
Ezek 34:7	שִׁמְע֖וּ	8085	HVqv2mp
Ezek 34:7	אֶת	853	HTo
Ezek 34:7	דְּבַ֥ר	1697	HNcmsc
Ezek 34:7	יְהוָֽה	3068	HNp
Ezek 34:8	חַי	2416 a	HAamsa
Ezek 34:8	אָ֜נִי	589	HPp1cs
Ezek 34:8	נְאֻ֣ם	5002	HNcmsc
Ezek 34:8	אֲדֹנָ֣/י	136	HNcmpc/Sp1cs
Ezek 34:8	יְהוִ֗ה	3069	HNp
Ezek 34:8	אִם	518 a	HC
Ezek 34:8	לֹ֣א	3808	HTn
Ezek 34:8	יַ֣עַן	3282	HC
Ezek 34:8	הֱיֽוֹת	1961	HVqc
Ezek 34:8	צֹאנִ֣/י	6629	HNcbsc/Sp1cs
Ezek 34:8	לָ/בַ֡ז	l/957	HR/Ncmsa
Ezek 34:8	וַ/תִּֽהְיֶינָה֩	c/1961	HC/Vqw3fp
Ezek 34:8	צֹאנִ֨/י	6629	HNcbsc/Sp1cs
Ezek 34:8	לְ/אָכְלָ֜ה	l/402	HR/Ncfsa
Ezek 34:8	לְ/כָל	l/3605	HR/Ncmsc
Ezek 34:8	חַיַּ֤ת	2416 c	HNcfsc
Ezek 34:8	הַ/שָּׂדֶה֙	d/7704 b	HTd/Ncmsa
Ezek 34:8	מֵ/אֵ֣ין	m/369	HR/Tn
Ezek 34:8	רֹעֶ֔ה	7462 b	HVqrmsa
Ezek 34:8	וְ/לֹֽא	c/3808	HC/Tn
Ezek 34:8	דָרְשׁ֥וּ	1875	HVqp3cp
Ezek 34:8	רֹעַ֖/י	7462 b	HVqrmpc/Sp1cs
Ezek 34:8	אֶת	853	HTo
Ezek 34:8	צֹאנִ֑/י	6629	HNcbsc/Sp1cs
Ezek 34:8	וַ/יִּרְע֤וּ	c/7462 b	HC/Vqw3mp
Ezek 34:8	הָֽ/רֹעִים֙	d/7462 b	HTd/Vqrmpa
Ezek 34:8	אוֹתָ֔/ם	853	HTo/Sp3mp
Ezek 34:8	וְ/אֶת	c/853	HC/To
Ezek 34:8	צֹאנִ֖/י	6629	HNcbsc/Sp1cs
Ezek 34:8	לֹ֥א	3808	HTn
Ezek 34:8	רָעֽוּ	7462 b	HVqp3cp
Ezek 34:9	לָ/כֵן֙	l/3651 c	HR/D
Ezek 34:9	הָֽ/רֹעִ֔ים	d/7462 b	HTd/Vqrmpa
Ezek 34:9	שִׁמְע֖וּ	8085	HVqv2mp
Ezek 34:9	דְּבַר	1697	HNcmsc
Ezek 34:9	יְהוָֽה	3068	HNp
Ezek 34:10	כֹּה	3541	HD
Ezek 34:10	אָמַ֞ר	559	HVqp3ms
Ezek 34:10	אֲדֹנָ֣/י	136	HNcmpc/Sp1cs
Ezek 34:10	יְהוִ֗ה	3069	HNp
Ezek 34:10	הִנְ/נִ֨י	2005	HTm/Sp1cs
Ezek 34:10	אֶֽל	413	HR
Ezek 34:10	הָ/רֹעִ֜ים	d/7462 b	HTd/Vqrmpa
Ezek 34:10	וְֽ/דָרַשְׁתִּ֧י	c/1875	HC/Vqq1cs
Ezek 34:10	אֶת	853	HTo
Ezek 34:10	צֹאנִ֣/י	6629	HNcbsc/Sp1cs
Ezek 34:10	מִ/יָּדָ֗/ם	m/3027	HR/Ncbsc/Sp3mp
Ezek 34:10	וְ/הִשְׁבַּתִּי/ם֙	c/7673 a	HC/Vhq1cs/Sp3mp
Ezek 34:10	מֵ/רְע֣וֹת	m/7462 b	HR/Vqc
Ezek 34:10	צֹ֔אן	6629	HNcbsa
Ezek 34:10	וְ/לֹא	c/3808	HC/Tn
Ezek 34:10	יִרְע֥וּ	7462 b	HVqi3mp
Ezek 34:10	ע֛וֹד	5750	HD
Ezek 34:10	הָ/רֹעִ֖ים	d/7462 b	HTd/Vqrmpa
Ezek 34:10	אוֹתָ֑/ם	853	HTo/Sp3mp
Ezek 34:10	וְ/הִצַּלְתִּ֤י	c/5337	HC/Vhq1cs
Ezek 34:10	צֹאנִ/י֙	6629	HNcbsc/Sp1cs
Ezek 34:10	מִ/פִּי/הֶ֔ם	m/6310	HR/Ncmsc/Sp3mp
Ezek 34:10	וְ/לֹֽא	c/3808	HC/Tn
Ezek 34:10	תִהְיֶ֥יןָ	1961	HVqi3fp
Ezek 34:10	לָ/הֶ֖ם	l	HR/Sp3mp
Ezek 34:10	לְ/אָכְלָֽה	l/402	HR/Ncfsa
Ezek 34:11	כִּ֛י	3588 a	HC
Ezek 34:11	כֹּ֥ה	3541	HD
Ezek 34:11	אָמַ֖ר	559	HVqp3ms
Ezek 34:11	אֲדֹנָ֣/י	136	HNcmpc/Sp1cs
Ezek 34:11	יְהוִ֑ה	3069	HNp
Ezek 34:11	הִנְ/נִי	2005	HTm/Sp1cs
Ezek 34:11	אָ֕נִי	589	HPp1cs
Ezek 34:11	וְ/דָרַשְׁתִּ֥י	c/1875	HC/Vqq1cs
Ezek 34:11	אֶת	853	HTo
Ezek 34:11	צֹאנִ֖/י	6629	HNcbsc/Sp1cs
Ezek 34:11	וּ/בִקַּרְתִּֽי/ם	c/1239	HC/Vpq1cs/Sp3mp
Ezek 34:12	כְּ/בַקָּרַת֩	k/1243	HR/Ncfsc
Ezek 34:12	רֹעֶ֨ה	7462 b	HVqrmsa
Ezek 34:12	עֶדְר֜/וֹ	5739	HNcmsc/Sp3ms
Ezek 34:12	בְּ/יוֹם	b/3117	HR/Ncmsc
Ezek 34:12	הֱיוֹת֤/וֹ	1961	HVqc/Sp3ms
Ezek 34:12	בְ/תוֹךְ	b/8432	HR/Ncmsc
Ezek 34:12	צֹאנ/וֹ֙	6629	HNcbsc/Sp3ms
Ezek 34:12	נִפְרָשׁ֔וֹת	6567 a	HVNsfpa
Ezek 34:12	כֵּ֖ן	3651 c	HTm
Ezek 34:12	אֲבַקֵּ֣ר	1239	HVpi1cs
Ezek 34:12	אֶת	853	HTo
Ezek 34:12	צֹאנִ֑/י	6629	HNcbsc/Sp1cs
Ezek 34:12	וְ/הִצַּלְתִּ֣י	c/5337	HC/Vhq1cs
Ezek 34:12	אֶתְ/הֶ֗ם	853	HTo/Sp3mp
Ezek 34:12	מִ/כָּל	m/3605	HR/Ncmsc
Ezek 34:12	הַ/מְּקוֹמֹת֙	d/4725	HTd/Ncmpa
Ezek 34:12	אֲשֶׁ֣ר	834 a	HTr
Ezek 34:12	נָפֹ֣צוּ	6327 a	HVNp3cp
Ezek 34:12	שָׁ֔ם	8033	HD
Ezek 34:12	בְּ/י֥וֹם	b/3117	HR/Ncmsc
Ezek 34:12	עָנָ֖ן	6051	HNcmsa
Ezek 34:12	וַ/עֲרָפֶֽל	c/6205	HC/Ncmsa
Ezek 34:13	וְ/הוֹצֵאתִ֣י/ם	c/3318	HC/Vhq1cs/Sp3mp
Ezek 34:13	מִן	4480 a	HR
Ezek 34:13	הָ/עַמִּ֗ים	d/5971 a	HTd/Ncmpa
Ezek 34:13	וְ/קִבַּצְתִּי/ם֙	c/6908	HC/Vpq1cs/Sp3mp
Ezek 34:13	מִן	4480 a	HR
Ezek 34:13	הָ֣/אֲרָצ֔וֹת	d/776	HTd/Ncbpa
Ezek 34:13	וַ/הֲבִיאֹתִ֖י/ם	c/935	HC/Vhq1cs/Sp3mp
Ezek 34:13	אֶל	413	HR
Ezek 34:13	אַדְמָתָ֑/ם	127	HNcfsc/Sp3mp
Ezek 34:13	וּ/רְעִיתִי/ם֙	c/7462 b	HC/Vqq1cs/Sp3mp
Ezek 34:13	אֶל	413	HR
Ezek 34:13	הָרֵ֣י	2022	HNcmpc
Ezek 34:13	יִשְׂרָאֵ֔ל	3478	HNp
Ezek 34:13	בָּ/אֲפִיקִ֕ים	b/650	HRd/Ncmpa
Ezek 34:13	וּ/בְ/כֹ֖ל	c/b/3605	HC/R/Ncmsc
Ezek 34:13	מוֹשְׁבֵ֥י	4186	HNcmpc
Ezek 34:13	הָ/אָֽרֶץ	d/776	HTd/Ncbsa
Ezek 34:14	בְּ/מִרְעֶה	b/4829	HR/Ncmsa
Ezek 34:14	טּוֹב֙	2896 a	HAamsa
Ezek 34:14	אֶרְעֶ֣ה	7462 b	HVqi1cs
Ezek 34:14	אֹתָ֔/ם	853	HTo/Sp3mp
Ezek 34:14	וּ/בְ/הָרֵ֥י	c/b/2022	HC/R/Ncmpc
Ezek 34:14	מְרֽוֹם	4791	HNcmsc
Ezek 34:14	יִשְׂרָאֵ֖ל	3478	HNp
Ezek 34:14	יִהְיֶ֣ה	1961	HVqi3ms
Ezek 34:14	נְוֵ/הֶ֑ם	5116 a	HNcbsc/Sp3mp
Ezek 34:14	שָׁ֤ם	8033	HD
Ezek 34:14	תִּרְבַּ֨צְנָה֙	7257	HVqi3fp
Ezek 34:14	בְּ/נָ֣וֶה	b/5116 a	HR/Ncbsa
Ezek 34:14	טּ֔וֹב	2896 a	HAamsa
Ezek 34:14	וּ/מִרְעֶ֥ה	c/4829	HC/Ncmsa
Ezek 34:14	שָׁמֵ֛ן	8082	HAamsa
Ezek 34:14	תִּרְעֶ֖ינָה	7462 b	HVqi3fp
Ezek 34:14	אֶל	413	HR
Ezek 34:14	הָרֵ֥י	2022	HNcmpc
Ezek 34:14	יִשְׂרָאֵֽל	3478	HNp
Ezek 34:15	אֲנִ֨י	589	HPp1cs
Ezek 34:15	אֶרְעֶ֤ה	7462 b	HVqi1cs
Ezek 34:15	צֹאנִ/י֙	6629	HNcbsc/Sp1cs
Ezek 34:15	וַ/אֲנִ֣י	c/589	HC/Pp1cs
Ezek 34:15	אַרְבִּיצֵ֔/ם	7257	HVhi1cs/Sp3mp
Ezek 34:15	נְאֻ֖ם	5002	HNcmsc
Ezek 34:15	אֲדֹנָ֥/י	136	HNcmpc/Sp1cs
Ezek 34:15	יְהוִֽה	3069	HNp
Ezek 34:16	אֶת	853	HTo
Ezek 34:16	הָ/אֹבֶ֤דֶת	d/6	HTd/Vqrfsa
Ezek 34:16	אֲבַקֵּשׁ֙	1245	HVpi1cs
Ezek 34:16	וְ/אֶת	c/853	HC/To
Ezek 34:16	הַ/נִּדַּ֣חַת	d/5080	HTd/VNsfsa
Ezek 34:16	אָשִׁ֔יב	7725	HVhi1cs
Ezek 34:16	וְ/לַ/נִּשְׁבֶּ֣רֶת	c/l/7665	HC/Rd/VNsfsa
Ezek 34:16	אֶחֱבֹ֔שׁ	2280	HVqi1cs
Ezek 34:16	וְ/אֶת	c/853	HC/To
Ezek 34:16	הַ/חוֹלָ֖ה	d/2470 a	HTd/Vqrfsa
Ezek 34:16	אֲחַזֵּ֑ק	2388	HVpi1cs
Ezek 34:16	וְ/אֶת	c/853	HC/To
Ezek 34:16	הַ/שְּׁמֵנָ֧ה	d/8082	HTd/Aafsa
Ezek 34:16	וְ/אֶת	c/853	HC/To
Ezek 34:16	הַ/חֲזָקָ֛ה	d/2389	HTd/Aafsa
Ezek 34:16	אַשְׁמִ֖יד	8045	HVhi1cs
Ezek 34:16	אֶרְעֶ֥/נָּה	7462 b	HVqi1cs/Sp3fs
Ezek 34:16	בְ/מִשְׁפָּֽט	b/4941	HR/Ncmsa
Ezek 34:17	וְ/אַתֵּ֣נָה	c/859 e	HC/Pp2fp
Ezek 34:17	צֹאנִ֔/י	6629	HNcbsc/Sp1cs
Ezek 34:17	כֹּ֥ה	3541	HD
Ezek 34:17	אָמַ֖ר	559	HVqp3ms
Ezek 34:17	אֲדֹנָ֣/י	136	HNcmpc/Sp1cs
Ezek 34:17	יְהוִ֑ה	3069	HNp
Ezek 34:17	הִנְ/נִ֤י	2005	HTm/Sp1cs
Ezek 34:17	שֹׁפֵט֙	8199	HVqrmsa
Ezek 34:17	בֵּֽין	996	HR
Ezek 34:17	שֶׂ֣ה	7716	HNcbsa
Ezek 34:17	לָ/שֶׂ֔ה	l/7716	HR/Ncbsa
Ezek 34:17	לָ/אֵילִ֖ים	l/352 a	HRd/Ncmpa
Ezek 34:17	וְ/לָ/עַתּוּדִֽים	c/l/6260	HC/Rd/Ncmpa
Ezek 34:18	הַ/מְעַ֣ט	d/4592	HTi/Ncmsa
Ezek 34:18	מִ/כֶּ֗ם	m/4480 a	HR/Sp2mp
Ezek 34:18	הַ/מִּרְעֶ֤ה	d/4829	HTd/Ncmsa
Ezek 34:18	הַ/טּוֹב֙	d/2896 a	HTd/Aamsa
Ezek 34:18	תִּרְע֔וּ	7462 b	HVqi2mp
Ezek 34:18	וְ/יֶ֨תֶר֙	c/3499 a	HC/Ncmsc
Ezek 34:18	מִרְעֵי/כֶ֔ם	4829	HNcmpc/Sp2mp
Ezek 34:18	תִּרְמְס֖וּ	7429	HVqi2mp
Ezek 34:18	בְּ/רַגְלֵי/כֶ֑ם	b/7272	HR/Ncfdc/Sp2mp
Ezek 34:18	וּ/מִשְׁקַע	c/4950	HC/Ncmsc
Ezek 34:18	מַ֣יִם	4325	HNcmpa
Ezek 34:18	תִּשְׁתּ֔וּ	8354	HVqi2mp
Ezek 34:18	וְ/אֵת֙	c/853	HC/To
Ezek 34:18	הַ/נּ֣וֹתָרִ֔ים	d/3498	HTd/VNrmpa
Ezek 34:18	בְּ/רַגְלֵי/כֶ֖ם	b/7272	HR/Ncfdc/Sp2mp
Ezek 34:18	תִּרְפֹּשֽׂוּ/ן	7515	HVqi2mp/Sn
Ezek 34:19	וְ/צֹאנִ֑/י	c/6629	HC/Ncbsc/Sp1cs
Ezek 34:19	מִרְמַ֤ס	4823	HNcmsc
Ezek 34:19	רַגְלֵי/כֶם֙	7272	HNcfdc/Sp2mp
Ezek 34:19	תִּרְעֶ֔ינָה	7462 b	HVqi3fp
Ezek 34:19	וּ/מִרְפַּ֥שׂ	c/4833	HC/Ncmsc
Ezek 34:19	רַגְלֵי/כֶ֖ם	7272	HNcfdc/Sp2mp
Ezek 34:19	תִּשְׁתֶּֽינָה	8354	HVqi3fp
Ezek 34:20	לָ/כֵ֗ן	l/3651 c	HR/D
Ezek 34:20	כֹּ֥ה	3541	HD
Ezek 34:20	אָמַ֛ר	559	HVqp3ms
Ezek 34:20	אֲדֹנָ֥/י	136	HNcmpc/Sp1cs
Ezek 34:20	יְהוִ֖ה	3069	HNp
Ezek 34:20	אֲלֵי/הֶ֑ם	413	HR/Sp3mp
Ezek 34:20	הִנְ/נִי	2005	HTm/Sp1cs
Ezek 34:20	אָ֕נִי	589	HPp1cs
Ezek 34:20	וְ/שָֽׁפַטְתִּי֙	c/8199	HC/Vqq1cs
Ezek 34:20	בֵּֽין	996	HR
Ezek 34:20	שֶׂ֣ה	7716	HNcbsa
Ezek 34:20	בִרְיָ֔ה	1274	HAafsa
Ezek 34:20	וּ/בֵ֥ין	c/996	HC/R
Ezek 34:20	שֶׂ֖ה	7716	HNcbsa
Ezek 34:20	רָזָֽה	7330	HAafsa
Ezek 34:21	יַ֗עַן	3282	HC
Ezek 34:21	בְּ/צַ֤ד	b/6654	HR/Ncmsa
Ezek 34:21	וּ/בְ/כָתֵף֙	c/b/3802	HC/R/Ncfsa
Ezek 34:21	תֶּהְדֹּ֔פוּ	1920	HVqi2mp
Ezek 34:21	וּ/בְ/קַרְנֵי/כֶ֥ם	c/b/7161 a	HC/R/Ncbdc/Sp2mp
Ezek 34:21	תְּנַגְּח֖וּ	5055	HVpi2mp
Ezek 34:21	כָּל	3605	HNcmsc
Ezek 34:21	הַ/נַּחְל֑וֹת	d/2470 a	HTd/VNsfpa
Ezek 34:21	עַ֣ד	5704	HR
Ezek 34:21	אֲשֶׁ֧ר	834 a	HTr
Ezek 34:21	הֲפִיצוֹתֶ֛ם	6327 a	HVhp2mp
Ezek 34:21	אוֹתָ֖/נָה	853	HTo/Sp3fp
Ezek 34:21	אֶל	413	HR
Ezek 34:21	הַ/חֽוּצָ/ה	d/2351	HTd/Ncmsa/Sd
Ezek 34:22	וְ/הוֹשַׁעְתִּ֣י	c/3467	HC/Vhq1cs
Ezek 34:22	לְ/צֹאנִ֔/י	l/6629	HR/Ncbsc/Sp1cs
Ezek 34:22	וְ/לֹֽא	c/3808	HC/Tn
Ezek 34:22	תִהְיֶ֥ינָה	1961	HVqi3fp
Ezek 34:22	ע֖וֹד	5750	HD
Ezek 34:22	לָ/בַ֑ז	l/957	HR/Ncmsa
Ezek 34:22	וְ/שָׁ֣פַטְתִּ֔י	c/8199	HC/Vqq1cs
Ezek 34:22	בֵּ֥ין	996	HR
Ezek 34:22	שֶׂ֖ה	7716	HNcbsa
Ezek 34:22	לָ/שֶֽׂה	l/7716	HR/Ncbsa
Ezek 34:23	וַ/הֲקִמֹתִ֨י	c/6965 b	HC/Vhq1cs
Ezek 34:23	עֲלֵי/הֶ֜ם	5921 a	HR/Sp3mp
Ezek 34:23	רֹעֶ֤ה	7462 b	HVqrmsa
Ezek 34:23	אֶחָד֙	259	HAcmsa
Ezek 34:23	וְ/רָעָ֣ה	c/7462 b	HC/Vqq3ms
Ezek 34:23	אֶתְ/הֶ֔ן	853	HTo/Sp3fp
Ezek 34:23	אֵ֖ת	853	HTo
Ezek 34:23	עַבְדִּ֣/י	5650	HNcmsc/Sp1cs
Ezek 34:23	דָוִ֑יד	1732	HNp
Ezek 34:23	ה֚וּא	1931	HPp3ms
Ezek 34:23	יִרְעֶ֣ה	7462 b	HVqi3ms
Ezek 34:23	אֹתָ֔/ם	853	HTo/Sp3mp
Ezek 34:23	וְ/הֽוּא	c/1931	HC/Pp3ms
Ezek 34:23	יִהְיֶ֥ה	1961	HVqi3ms
Ezek 34:23	לָ/הֶ֖ן	l	HR/Sp3fp
Ezek 34:23	לְ/רֹעֶֽה	l/7462 b	HR/Vqrmsa
Ezek 34:24	וַ/אֲנִ֣י	c/589	HC/Pp1cs
Ezek 34:24	יְהוָ֗ה	3068	HNp
Ezek 34:24	אֶהְיֶ֤ה	1961	HVqi1cs
Ezek 34:24	לָ/הֶם֙	l	HR/Sp3mp
Ezek 34:24	לֵֽ/אלֹהִ֔ים	l/430	HR/Ncmpa
Ezek 34:24	וְ/עַבְדִּ֥/י	c/5650	HC/Ncmsc/Sp1cs
Ezek 34:24	דָוִ֖ד	1732	HNp
Ezek 34:24	נָשִׂ֣יא	5387 a	HNcmsa
Ezek 34:24	בְ/תוֹכָ֑/ם	b/8432	HR/Ncmsc/Sp3mp
Ezek 34:24	אֲנִ֥י	589	HPp1cs
Ezek 34:24	יְהוָ֖ה	3068	HNp
Ezek 34:24	דִּבַּֽרְתִּי	1696	HVpp1cs
Ezek 34:25	וְ/כָרַתִּ֤י	c/3772	HC/Vqq1cs
Ezek 34:25	לָ/הֶם֙	l	HR/Sp3mp
Ezek 34:25	בְּרִ֣ית	1285	HNcfsc
Ezek 34:25	שָׁל֔וֹם	7965	HNcmsa
Ezek 34:25	וְ/הִשְׁבַּתִּ֥י	c/7673 a	HC/Vhq1cs
Ezek 34:25	חַיָּֽה	2416 c	HNcfsa
Ezek 34:25	רָעָ֖ה	7451 a	HAafsa
Ezek 34:25	מִן	4480 a	HR
Ezek 34:25	הָ/אָ֑רֶץ	d/776	HTd/Ncbsa
Ezek 34:25	וְ/יָשְׁב֤וּ	c/3427	HC/Vqq3cp
Ezek 34:25	בַ/מִּדְבָּר֙	b/4057 b	HRd/Ncmsa
Ezek 34:25	לָ/בֶ֔טַח	l/983	HR/Ncmsa
Ezek 34:25	וְ/יָשְׁנ֖וּ	c/3462	HC/Vqq3cp
Ezek 34:25	בַּ/יְּעָרִֽים	b/3293 a	HRd/Ncmpa
Ezek 34:26	וְ/נָתַתִּ֥י	c/5414	HC/Vqq1cs
Ezek 34:26	אוֹתָ֛/ם	853	HTo/Sp3mp
Ezek 34:26	וּ/סְבִיב֥וֹת	c/5439	HC/Ncbpc
Ezek 34:26	גִּבְעָתִ֖/י	1389	HNcfsc/Sp1cs
Ezek 34:26	בְּרָכָ֑ה	1293	HNcfsa
Ezek 34:26	וְ/הוֹרַדְתִּ֤י	c/3381	HC/Vhq1cs
Ezek 34:26	הַ/גֶּ֨שֶׁם֙	d/1653	HTd/Ncmsa
Ezek 34:26	בְּ/עִתּ֔/וֹ	b/6256	HR/Ncbsc/Sp3ms
Ezek 34:26	גִּשְׁמֵ֥י	1653	HNcmpc
Ezek 34:26	בְרָכָ֖ה	1293	HNcfsa
Ezek 34:26	יִֽהְיֽוּ	1961	HVqi3mp
Ezek 34:27	וְ/נָתַן֩	c/5414	HC/Vqq3ms
Ezek 34:27	עֵ֨ץ	6086	HNcmsc
Ezek 34:27	הַ/שָּׂדֶ֜ה	d/7704 b	HTd/Ncmsa
Ezek 34:27	אֶת	853	HTo
Ezek 34:27	פִּרְי֗/וֹ	6529	HNcmsc/Sp3ms
Ezek 34:27	וְ/הָ/אָ֨רֶץ֙	c/d/776	HC/Td/Ncbsa
Ezek 34:27	תִּתֵּ֣ן	5414	HVqi3fs
Ezek 34:27	יְבוּלָ֔/הּ	2981	HNcmsc/Sp3fs
Ezek 34:27	וְ/הָי֥וּ	c/1961	HC/Vqq3cp
Ezek 34:27	עַל	5921 a	HR
Ezek 34:27	אַדְמָתָ֖/ם	127	HNcfsc/Sp3mp
Ezek 34:27	לָ/בֶ֑טַח	l/983	HR/Ncmsa
Ezek 34:27	וְֽ/יָדְע֞וּ	c/3045	HC/Vqq3cp
Ezek 34:27	כִּי	3588 a	HC
Ezek 34:27	אֲנִ֣י	589	HPp1cs
Ezek 34:27	יְהוָ֗ה	3068	HNp
Ezek 34:27	בְּ/שִׁבְרִ/י֙	b/7665	HR/Vqc/Sp1cs
Ezek 34:27	אֶת	853	HTo
Ezek 34:27	מֹט֣וֹת	4133	HNcfpc
Ezek 34:27	עֻלָּ֔/ם	5923	HNcmsc/Sp3mp
Ezek 34:27	וְ/הִ֨צַּלְתִּ֔י/ם	c/5337	HC/Vhq1cs/Sp3mp
Ezek 34:27	מִ/יַּ֖ד	m/3027	HR/Ncbsc
Ezek 34:27	הָ/עֹבְדִ֥ים	d/5647	HTd/Vqrmpa
Ezek 34:27	בָּ/הֶֽם	b	HR/Sp3mp
Ezek 34:28	וְ/לֹא	c/3808	HC/Tn
Ezek 34:28	יִהְי֨וּ	1961	HVqi3mp
Ezek 34:28	ע֥וֹד	5750	HD
Ezek 34:28	בַּז֙	957	HNcmsa
Ezek 34:28	לַ/גּוֹיִ֔ם	l/1471 a	HRd/Ncmpa
Ezek 34:28	וְ/חַיַּ֥ת	c/2416 c	HC/Ncfsc
Ezek 34:28	הָ/אָ֖רֶץ	d/776	HTd/Ncbsa
Ezek 34:28	לֹ֣א	3808	HTn
Ezek 34:28	תֹאכְלֵ֑/ם	398	HVqi3fs/Sp3mp
Ezek 34:28	וְ/יָשְׁב֥וּ	c/3427	HC/Vqq3cp
Ezek 34:28	לָ/בֶ֖טַח	l/983	HR/Ncmsa
Ezek 34:28	וְ/אֵ֥ין	c/369	HC/Tn
Ezek 34:28	מַחֲרִֽיד	2729	HVhrmsa
Ezek 34:29	וַ/הֲקִמֹתִ֥י	c/6965 b	HC/Vhq1cs
Ezek 34:29	לָ/הֶ֛ם	l	HR/Sp3mp
Ezek 34:29	מַטָּ֖ע	4302	HNcmsa
Ezek 34:29	לְ/שֵׁ֑ם	l/8034	HR/Ncmsa
Ezek 34:29	וְ/לֹֽא	c/3808	HC/Tn
Ezek 34:29	יִהְי֨וּ	1961	HVqi3mp
Ezek 34:29	ע֜וֹד	5750	HD
Ezek 34:29	אֲסֻפֵ֤י	622	HVqsmpc
Ezek 34:29	רָעָב֙	7458	HNcmsa
Ezek 34:29	בָּ/אָ֔רֶץ	b/776	HRd/Ncbsa
Ezek 34:29	וְ/לֹֽא	c/3808	HC/Tn
Ezek 34:29	יִשְׂא֥וּ	5375	HVqi3mp
Ezek 34:29	ע֖וֹד	5750	HD
Ezek 34:29	כְּלִמַּ֥ת	3639	HNcfsc
Ezek 34:29	הַ/גּוֹיִֽם	d/1471 a	HTd/Ncmpa
Ezek 34:30	וְ/יָדְע֗וּ	c/3045	HC/Vqq3cp
Ezek 34:30	כִּ֣י	3588 a	HC
Ezek 34:30	אֲנִ֧י	589	HPp1cs
Ezek 34:30	יְהוָ֛ה	3068	HNp
Ezek 34:30	אֱלֹהֵי/הֶ֖ם	430	HNcmpc/Sp3mp
Ezek 34:30	אִתָּ֑/ם	854	HR/Sp3mp
Ezek 34:30	וְ/הֵ֗מָּה	c/1992	HC/Pp3mp
Ezek 34:30	עַמִּ/י֙	5971 a	HNcmsc/Sp1cs
Ezek 34:30	בֵּ֣ית	1004 b	HNcmsc
Ezek 34:30	יִשְׂרָאֵ֔ל	3478	HNp
Ezek 34:30	נְאֻ֖ם	5002	HNcmsc
Ezek 34:30	אֲדֹנָ֥/י	136	HNcmpc/Sp1cs
Ezek 34:30	יְהוִֽה	3069	HNp
Ezek 34:31	וְ/אַתֵּ֥ן	c/859 e	HC/Pp2fp
Ezek 34:31	צֹאנִ֛/י	6629	HNcbsc/Sp1cs
Ezek 34:31	צֹ֥אן	6629	HNcbsc
Ezek 34:31	מַרְעִיתִ֖/י	4830	HNcfsc/Sp1cs
Ezek 34:31	אָדָ֣ם	120	HNcmsa
Ezek 34:31	אַתֶּ֑ם	859 d	HPp2mp
Ezek 34:31	אֲנִי֙	589	HPp1cs
Ezek 34:31	אֱלֹ֣הֵי/כֶ֔ם	430	HNcmpc/Sp2mp
Ezek 34:31	נְאֻ֖ם	5002	HNcmsc
Ezek 34:31	אֲדֹנָ֥/י	136	HNcmpc/Sp1cs
Ezek 34:31	יְהוִֽה	3069	HNp
Ezek 35:1	וַ/יְהִ֥י	c/1961	HC/Vqw3ms
Ezek 35:1	דְבַר	1697	HNcmsc
Ezek 35:1	יְהוָ֖ה	3068	HNp
Ezek 35:1	אֵלַ֥/י	413	HR/Sp1cs
Ezek 35:1	לֵ/אמֹֽר	l/559	HR/Vqc
Ezek 35:2	בֶּן	1121 a	HNcmsc
Ezek 35:2	אָדָ֕ם	120	HNcmsa
Ezek 35:2	שִׂ֥ים	7760 a	HVqv2ms
Ezek 35:2	פָּנֶ֖י/ךָ	6440	HNcbpc/Sp2ms
Ezek 35:2	עַל	5921 a	HR
Ezek 35:2	הַ֣ר	2022	HNcmsc
Ezek 35:2	שֵׂעִ֑יר	8165 a	HNp
Ezek 35:2	וְ/הִנָּבֵ֖א	c/5012	HC/VNv2ms
Ezek 35:2	עָלָֽי/ו	5921 a	HR/Sp3ms
Ezek 35:3	וְ/אָמַ֣רְתָּ	c/559	HC/Vqq2ms
Ezek 35:3	לּ֗/וֹ	l	HR/Sp3ms
Ezek 35:3	כֹּ֤ה	3541	HD
Ezek 35:3	אָמַר֙	559	HVqp3ms
Ezek 35:3	אֲדֹנָ֣/י	136	HNcmpc/Sp1cs
Ezek 35:3	יְהוִ֔ה	3069	HNp
Ezek 35:3	הִנְ/נִ֥י	2005	HTm/Sp1cs
Ezek 35:3	אֵלֶ֖י/ךָ	413	HR/Sp2ms
Ezek 35:3	הַר	2022	HNcmsc
Ezek 35:3	שֵׂעִ֑יר	8165 a	HNp
Ezek 35:3	וְ/נָטִ֤יתִי	c/5186	HC/Vqq1cs
Ezek 35:3	יָדִ/י֙	3027	HNcbsc/Sp1cs
Ezek 35:3	עָלֶ֔י/ךָ	5921 a	HR/Sp2ms
Ezek 35:3	וּ/נְתַתִּ֖י/ךָ	c/5414	HC/Vqq1cs/Sp2ms
Ezek 35:3	שְׁמָמָ֥ה	8077 a	HNcfsa
Ezek 35:3	וּ/מְשַׁמָּֽה	c/4923	HC/Ncfsa
Ezek 35:4	עָרֶ֨י/ךָ֙	5892 b	HNcfpc/Sp2ms
Ezek 35:4	חָרְבָּ֣ה	2723	HNcfsa
Ezek 35:4	אָשִׂ֔ים	7760 a	HVqi1cs
Ezek 35:4	וְ/אַתָּ֖ה	c/859 a	HC/Pp2ms
Ezek 35:4	שְׁמָמָ֣ה	8077 a	HNcfsa
Ezek 35:4	תִֽהְיֶ֑ה	1961	HVqi2ms
Ezek 35:4	וְ/יָדַעְתָּ֖	c/3045	HC/Vqq2ms
Ezek 35:4	כִּֽי	3588 a	HC
Ezek 35:4	אֲנִ֥י	589	HPp1cs
Ezek 35:4	יְהוָֽה	3068	HNp
Ezek 35:5	יַ֗עַן	3282	HC
Ezek 35:5	הֱי֤וֹת	1961	HVqc
Ezek 35:5	לְ/ךָ֙	l	HR/Sp2ms
Ezek 35:5	אֵיבַ֣ת	342	HNcfsc
Ezek 35:5	עוֹלָ֔ם	5769	HNcmsa
Ezek 35:5	וַ/תַּגֵּ֥ר	c/5064	HC/Vhw2ms
Ezek 35:5	אֶת	853	HTo
Ezek 35:5	בְּנֵֽי	1121 a	HNcmpc
Ezek 35:5	יִשְׂרָאֵ֖ל	3478	HNp
Ezek 35:5	עַל	5921 a	HR
Ezek 35:5	יְדֵי	3027	HNcbdc
Ezek 35:5	חָ֑רֶב	2719	HNcfsa
Ezek 35:5	בְּ/עֵ֣ת	b/6256	HR/Ncbsc
Ezek 35:5	אֵידָ֔/ם	343	HNcmsc/Sp3mp
Ezek 35:5	בְּ/עֵ֖ת	b/6256	HR/Ncbsc
Ezek 35:5	עֲוֺ֥ן	5771	HNcbsc
Ezek 35:5	קֵֽץ	7093	HNcmsa
Ezek 35:6	לָ/כֵ֣ן	l/3651 c	HR/D
Ezek 35:6	חַי	2416 a	HAamsa
Ezek 35:6	אָ֗נִי	589	HPp1cs
Ezek 35:6	נְאֻם֙	5002	HNcmsc
Ezek 35:6	אֲדֹנָ֣/י	136	HNcmpc/Sp1cs
Ezek 35:6	יְהוִ֔ה	3069	HNp
Ezek 35:6	כִּֽי	3588 a	HC
Ezek 35:6	לְ/דָ֥ם	l/1818	HR/Ncmsa
Ezek 35:6	אֶעֶשְׂ/ךָ֖	6213 a	HVqi1cs/Sp2ms
Ezek 35:6	וְ/דָ֣ם	c/1818	HC/Ncmsa
Ezek 35:6	יִרְדֲּפֶ֑/ךָ	7291	HVqi3ms/Sp2ms
Ezek 35:6	אִם	518 a	HC
Ezek 35:6	לֹ֥א	3808	HTn
Ezek 35:6	דָ֛ם	1818	HNcmsa
Ezek 35:6	שָׂנֵ֖אתָ	8130	HVqp2ms
Ezek 35:6	וְ/דָ֥ם	c/1818	HC/Ncmsa
Ezek 35:6	יִרְדֲּפֶֽ/ךָ	7291	HVqi3ms/Sp2ms
Ezek 35:7	וְ/נָֽתַתִּי֙	c/5414	HC/Vqq1cs
Ezek 35:7	אֶת	853	HTo
Ezek 35:7	הַ֣ר	2022	HNcmsc
Ezek 35:7	שֵׂעִ֔יר	8165 a	HNp
Ezek 35:7	לְ/שִֽׁמְמָ֖ה	l/8077 b	HR/Ncfsa
Ezek 35:7	וּ/שְׁמָמָ֑ה	c/8077 a	HC/Ncfsa
Ezek 35:7	וְ/הִכְרַתִּ֥י	c/3772	HC/Vhq1cs
Ezek 35:7	מִמֶּ֖/נּוּ	4480 a	HR/Sp1cp
Ezek 35:7	עֹבֵ֥ר	5674 a	HVqrmsa
Ezek 35:7	וָ/שָֽׁב	c/7725	HC/Vqrmsa
Ezek 35:8	וּ/מִלֵּאתִ֥י	c/4390	HC/Vpq1cs
Ezek 35:8	אֶת	853	HTo
Ezek 35:8	הָרָ֖י/ו	2022	HNcmpc/Sp3ms
Ezek 35:8	חֲלָלָ֑י/ו	2491 a	HAampc/Sp3ms
Ezek 35:8	גִּבְעוֹתֶ֤י/ךָ	1389	HNcfpc/Sp2ms
Ezek 35:8	וְ/גֵאוֹתֶ֨י/ךָ֙	c/1516	HC/Ncbpc/Sp2ms
Ezek 35:8	וְ/כָל	c/3605	HC/Ncmsc
Ezek 35:8	אֲפִיקֶ֔י/ךָ	650	HNcmpc/Sp2ms
Ezek 35:8	חַלְלֵי	2491 a	HAampc
Ezek 35:8	חֶ֖רֶב	2719	HNcfsa
Ezek 35:8	יִפְּל֥וּ	5307	HVqi3mp
Ezek 35:8	בָ/הֶֽם	b	HR/Sp3mp
Ezek 35:9	שִֽׁמְמ֤וֹת	8077 a	HNcfpc
Ezek 35:9	עוֹלָם֙	5769	HNcmsa
Ezek 35:9	אֶתֶּנְ/ךָ֔	5414	HVqi1cs/Sp2ms
Ezek 35:9	וְ/עָרֶ֖י/ךָ	c/5892 b	HC/Ncfpc/Sp2ms
Ezek 35:9	לֹ֣א	3808	HTn
Ezek 35:9	תישבנה	3427	HVqi3fp
Ezek 35:9	וִֽ/ידַעְתֶּ֖ם	c/3045	HC/Vqq2mp
Ezek 35:9	כִּֽי	3588 a	HC
Ezek 35:9	אֲנִ֥י	589	HPp1cs
Ezek 35:9	יְהוָֽה	3068	HNp
Ezek 35:10	יַ֣עַן	3282	HC
Ezek 35:10	אֲ֠מָרְ/ךָ	559	HVqc/Sp2ms
Ezek 35:10	אֶת	853	HTo
Ezek 35:10	שְׁנֵ֨י	8147	HAcmdc
Ezek 35:10	הַ/גּוֹיִ֜ם	d/1471 a	HTd/Ncmpa
Ezek 35:10	וְ/אֶת	c/853	HC/To
Ezek 35:10	שְׁתֵּ֧י	8147	HAcfdc
Ezek 35:10	הָ/אֲרָצ֛וֹת	d/776	HTd/Ncbpa
Ezek 35:10	לִ֥/י	l	HR/Sp1cs
Ezek 35:10	תִהְיֶ֖ינָה	1961	HVqi3fp
Ezek 35:10	וִֽ/ירַשְׁנ֑וּ/הָ	c/3423	HC/Vqq1cp/Sp3fs
Ezek 35:10	וַֽ/יהוָ֖ה	c/3068	HC/Np
Ezek 35:10	שָׁ֥ם	8033	HD
Ezek 35:10	הָיָֽה	1961	HVqp3ms
Ezek 35:11	לָ/כֵ֣ן	l/3651 c	HR/D
Ezek 35:11	חַי	2416 a	HAamsa
Ezek 35:11	אָ֗נִי	589	HPp1cs
Ezek 35:11	נְאֻם֮	5002	HNcmsc
Ezek 35:11	אֲדֹנָ֣/י	136	HNcmpc/Sp1cs
Ezek 35:11	יְהוִה֒	3069	HNp
Ezek 35:11	וְ/עָשִׂ֗יתִי	c/6213 a	HC/Vqq1cs
Ezek 35:11	כְּ/אַפְּ/ךָ֙	k/639	HR/Ncmsc/Sp2ms
Ezek 35:11	וּ/כְ/קִנְאָ֣תְ/ךָ֔	c/k/7068	HC/R/Ncfsc/Sp2ms
Ezek 35:11	אֲשֶׁ֣ר	834 a	HTr
Ezek 35:11	עָשִׂ֔יתָה	6213 a	HVqp2ms
Ezek 35:11	מִ/שִּׂנְאָתֶ֖י/ךָ	m/8135	HR/Ncfpc/Sp2ms
Ezek 35:11	בָּ֑/ם	b	HR/Sp3mp
Ezek 35:11	וְ/נוֹדַ֥עְתִּי	c/3045	HC/VNq1cs
Ezek 35:11	בָ֖/ם	b	HR/Sp3mp
Ezek 35:11	כַּ/אֲשֶׁ֥ר	k/834 d	HR/Tr
Ezek 35:11	אֶשְׁפְּטֶֽ/ךָ	8199	HVqi1cs/Sp2ms
Ezek 35:12	וְֽ/יָדַעְתָּ֮	c/3045	HC/Vqq2ms
Ezek 35:12	כִּֽי	3588 a	HC
Ezek 35:12	אֲנִ֣י	589	HPp1cs
Ezek 35:12	יְהוָה֒	3068	HNp
Ezek 35:12	שָׁמַ֣עְתִּי	8085	HVqp1cs
Ezek 35:12	אֶת	853	HTo
Ezek 35:12	כָּל	3605	HNcmsc
Ezek 35:12	נָאָֽצוֹתֶ֗י/ךָ	5007 b	HNcfpc/Sp2ms
Ezek 35:12	אֲשֶׁ֥ר	834 a	HTr
Ezek 35:12	אָמַ֛רְתָּ	559	HVqp2ms
Ezek 35:12	עַל	5921 a	HR
Ezek 35:12	הָרֵ֥י	2022	HNcmpc
Ezek 35:12	יִשְׂרָאֵ֖ל	3478	HNp
Ezek 35:12	לֵ/אמֹ֣ר	l/559	HR/Vqc
Ezek 35:12	שממה	8074	HVqp3fs
Ezek 35:12	לָ֥/נוּ	l	HR/Sp1cp
Ezek 35:12	נִתְּנ֖וּ	5414	HVNp3cp
Ezek 35:12	לְ/אָכְלָֽה	l/402	HR/Ncfsa
Ezek 35:13	וַ/תַּגְדִּ֤ילוּ	c/1431	HC/Vhw2mp
Ezek 35:13	עָלַ/י֙	5921 a	HR/Sp1cs
Ezek 35:13	בְּ/פִי/כֶ֔ם	b/6310	HR/Ncmsc/Sp2mp
Ezek 35:13	וְ/הַעְתַּרְתֶּ֥ם	c/6280	HC/Vhq2mp
Ezek 35:13	עָלַ֖/י	5921 a	HR/Sp1cs
Ezek 35:13	דִּבְרֵי/כֶ֑ם	1697	HNcmpc/Sp2mp
Ezek 35:13	אֲנִ֖י	589	HPp1cs
Ezek 35:13	שָׁמָֽעְתִּי	8085	HVqp1cs
Ezek 35:14	כֹּ֥ה	3541	HD
Ezek 35:14	אָמַ֖ר	559	HVqp3ms
Ezek 35:14	אֲדֹנָ֣/י	136	HNcmpc/Sp1cs
Ezek 35:14	יְהוִ֑ה	3069	HNp
Ezek 35:14	כִּ/שְׂמֹ֨חַ֙	k/8055	HR/Vqc
Ezek 35:14	כָּל	3605	HNcmsc
Ezek 35:14	הָ/אָ֔רֶץ	d/776	HTd/Ncbsa
Ezek 35:14	שְׁמָמָ֖ה	8077 a	HNcfsa
Ezek 35:14	אֶעֱשֶׂה	6213 a	HVqi1cs
Ezek 35:14	לָּֽ/ךְ	l	HR/Sp2fs
Ezek 35:15	כְּ/שִׂמְחָ֨תְ/ךָ֜	k/8057	HR/Ncfsc/Sp2ms
Ezek 35:15	לְ/נַחְלַ֧ת	l/5159	HR/Ncfsc
Ezek 35:15	בֵּֽית	1004 b	HNcmsc
Ezek 35:15	יִשְׂרָאֵ֛ל	3478	HNp
Ezek 35:15	עַ֥ל	5921 a	HR
Ezek 35:15	אֲשֶׁר	834 a	HTr
Ezek 35:15	שָׁמֵ֖מָה	8074	HVqp3fs
Ezek 35:15	כֵּ֣ן	3651 c	HTm
Ezek 35:15	אֶעֱשֶׂה	6213 a	HVqi1cs
Ezek 35:15	לָּ֑/ךְ	l	HR/Sp2fs
Ezek 35:15	שְׁמָמָ֨ה	8077 a	HNcfsa
Ezek 35:15	תִֽהְיֶ֤ה	1961	HVqi2ms
Ezek 35:15	הַר	2022	HNcmsc
Ezek 35:15	שֵׂעִיר֙	8165 a	HNp
Ezek 35:15	וְ/כָל	c/3605	HC/Ncmsc
Ezek 35:15	אֱד֣וֹם	123	HNp
Ezek 35:15	כֻּלָּ֔/הּ	3605	HNcmsc/Sp3fs
Ezek 35:15	וְ/יָדְע֖וּ	c/3045	HC/Vqq3cp
Ezek 35:15	כִּֽי	3588 a	HC
Ezek 35:15	אֲנִ֥י	589	HPp1cs
Ezek 35:15	יְהוָֽה	3068	HNp
Ezek 36:1	וְ/אַתָּ֣ה	c/859 a	HC/Pp2ms
Ezek 36:1	בֶן	1121 a	HNcmsc
Ezek 36:1	אָדָ֔ם	120	HNcmsa
Ezek 36:1	הִנָּבֵ֖א	5012	HVNv2ms
Ezek 36:1	אֶל	413	HR
Ezek 36:1	הָרֵ֣י	2022	HNcmpc
Ezek 36:1	יִשְׂרָאֵ֑ל	3478	HNp
Ezek 36:1	וְ/אָ֣מַרְתָּ֔	c/559	HC/Vqq2ms
Ezek 36:1	הָרֵי֙	2022	HNcmpc
Ezek 36:1	יִשְׂרָאֵ֔ל	3478	HNp
Ezek 36:1	שִׁמְע֖וּ	8085	HVqv2mp
Ezek 36:1	דְּבַר	1697	HNcmsc
Ezek 36:1	יְהוָֽה	3068	HNp
Ezek 36:2	כֹּ֤ה	3541	HD
Ezek 36:2	אָמַר֙	559	HVqp3ms
Ezek 36:2	אֲדֹנָ֣/י	136	HNcmpc/Sp1cs
Ezek 36:2	יְהוִ֔ה	3069	HNp
Ezek 36:2	יַ֣עַן	3282	HC
Ezek 36:2	אָמַ֧ר	559	HVqp3ms
Ezek 36:2	הָ/אוֹיֵ֛ב	d/341	HTd/Vqrmsa
Ezek 36:2	עֲלֵי/כֶ֖ם	5921 a	HR/Sp2mp
Ezek 36:2	הֶאָ֑ח	1889	HTj
Ezek 36:2	וּ/בָמ֣וֹת	c/1116	HC/Ncfpc
Ezek 36:2	עוֹלָ֔ם	5769	HNcmsa
Ezek 36:2	לְ/מֽוֹרָשָׁ֖ה	l/4181	HR/Ncfsa
Ezek 36:2	הָ֥יְתָה	1961	HVqp3fs
Ezek 36:2	לָּֽ/נוּ	l	HR/Sp1cp
Ezek 36:3	לָ/כֵן֙	l/3651 c	HR/D
Ezek 36:3	הִנָּבֵ֣א	5012	HVNv2ms
Ezek 36:3	וְ/אָמַרְתָּ֔	c/559	HC/Vqq2ms
Ezek 36:3	כֹּ֥ה	3541	HD
Ezek 36:3	אָמַ֖ר	559	HVqp3ms
Ezek 36:3	אֲדֹנָ֣/י	136	HNcmpc/Sp1cs
Ezek 36:3	יְהוִ֑ה	3069	HNp
Ezek 36:3	יַ֣עַן	3282	HC
Ezek 36:3	בְּ/יַ֡עַן	b/3282	HR/C
Ezek 36:3	שַׁמּוֹת֩	8074	HVqc
Ezek 36:3	וְ/שָׁאֹ֨ף	c/7602 b	HC/Vqa
Ezek 36:3	אֶתְ/כֶ֜ם	853	HTo/Sp2mp
Ezek 36:3	מִ/סָּבִ֗יב	m/5439	HR/Ncbsa
Ezek 36:3	לִֽ/הְיוֹתְ/כֶ֤ם	l/1961	HR/Vqc/Sp2mp
Ezek 36:3	מֽוֹרָשָׁה֙	4181	HNcfsa
Ezek 36:3	לִ/שְׁאֵרִ֣ית	l/7611	HR/Ncfsc
Ezek 36:3	הַ/גּוֹיִ֔ם	d/1471 a	HTd/Ncmpa
Ezek 36:3	וַ/תֵּֽעֲל֛וּ	c/5927	HC/VNw2mp
Ezek 36:3	עַל	5921 a	HR
Ezek 36:3	שְׂפַ֥ת	8193	HNcfsc
Ezek 36:3	לָשׁ֖וֹן	3956	HNcbsa
Ezek 36:3	וְ/דִבַּת	c/1681	HC/Ncfsc
Ezek 36:3	עָֽם	5971 a	HNcmsa
Ezek 36:4	לָ/כֵן֙	l/3651 c	HR/D
Ezek 36:4	הָרֵ֣י	2022	HNcmpc
Ezek 36:4	יִשְׂרָאֵ֔ל	3478	HNp
Ezek 36:4	שִׁמְע֖וּ	8085	HVqv2mp
Ezek 36:4	דְּבַר	1697	HNcmsc
Ezek 36:4	אֲדֹנָ֣/י	136	HNcmpc/Sp1cs
Ezek 36:4	יְהוִ֑ה	3069	HNp
Ezek 36:4	כֹּֽה	3541	HD
Ezek 36:4	אָמַ֣ר	559	HVqp3ms
Ezek 36:4	אֲדֹנָ֣/י	136	HNcmpc/Sp1cs
Ezek 36:4	יְ֠הוִה	3069	HNp
Ezek 36:4	לֶ/הָרִ֨ים	l/2022	HRd/Ncmpa
Ezek 36:4	וְ/לַ/גְּבָע֜וֹת	c/l/1389	HC/Rd/Ncfpa
Ezek 36:4	לָ/אֲפִיקִ֣ים	l/650	HRd/Ncmpa
Ezek 36:4	וְ/לַ/גֵּאָי֗וֹת	c/l/1516	HC/Rd/Ncbpa
Ezek 36:4	וְ/לֶ/חֳרָב֤וֹת	c/l/2723	HC/Rd/Ncfpa
Ezek 36:4	הַ/שֹּֽׁמְמוֹת֙	d/8076	HTd/Vqrfpa
Ezek 36:4	וְ/לֶ/עָרִ֣ים	c/l/5892 b	HC/Rd/Ncfpa
Ezek 36:4	הַ/נֶּעֱזָב֔וֹת	d/5800 a	HTd/VNsfpa
Ezek 36:4	אֲשֶׁ֨ר	834 a	HTr
Ezek 36:4	הָי֤וּ	1961	HVqp3cp
Ezek 36:4	לְ/בַז֙	l/957	HR/Ncmsa
Ezek 36:4	וּ/לְ/לַ֔עַג	c/l/3933	HC/R/Ncmsa
Ezek 36:4	לִ/שְׁאֵרִ֥ית	l/7611	HR/Ncfsc
Ezek 36:4	הַ/גּוֹיִ֖ם	d/1471 a	HTd/Ncmpa
Ezek 36:4	אֲשֶׁ֥ר	834 a	HTr
Ezek 36:4	מִ/סָּבִֽיב	m/5439	HR/Ncbsa
Ezek 36:5	לָ/כֵ֗ן	l/3651 c	HR/D
Ezek 36:5	כֹּֽה	3541	HD
Ezek 36:5	אָמַר֮	559	HVqp3ms
Ezek 36:5	אֲדֹנָ֣/י	136	HNcmpc/Sp1cs
Ezek 36:5	יְהוִה֒	3069	HNp
Ezek 36:5	אִם	518 a	HC
Ezek 36:5	לֹ֠א	3808	HTn
Ezek 36:5	בְּ/אֵ֨שׁ	b/784	HR/Ncbsc
Ezek 36:5	קִנְאָתִ֥/י	7068	HNcfsc/Sp1cs
Ezek 36:5	דִבַּ֛רְתִּי	1696	HVpp1cs
Ezek 36:5	עַל	5921 a	HR
Ezek 36:5	שְׁאֵרִ֥ית	7611	HNcfsc
Ezek 36:5	הַ/גּוֹיִ֖ם	d/1471 a	HTd/Ncmpa
Ezek 36:5	וְ/עַל	c/5921 a	HC/R
Ezek 36:5	אֱד֣וֹם	123	HNp
Ezek 36:5	כֻּלָּ֑/א	3605	HNcmsc/Sp3fs
Ezek 36:5	אֲשֶׁ֣ר	834 a	HTr
Ezek 36:5	נָתְנֽוּ	5414	HVqp3cp
Ezek 36:5	אֶת	853	HTo
Ezek 36:5	אַרְצִ֣/י	776	HNcbsc/Sp1cs
Ezek 36:5	לָ֠/הֶם	l	HR/Sp3mp
Ezek 36:5	לְ/מ֨וֹרָשָׁ֜ה	l/4181	HR/Ncfsa
Ezek 36:5	בְּ/שִׂמְחַ֤ת	b/8057	HR/Ncfsc
Ezek 36:5	כָּל	3605	HNcmsc
Ezek 36:5	לֵבָב֙	3824	HNcmsa
Ezek 36:5	בִּ/שְׁאָ֣ט	b/7589	HR/Ncmsc
Ezek 36:5	נֶ֔פֶשׁ	5315	HNcbsa
Ezek 36:5	לְמַ֥עַן	4616	HR
Ezek 36:5	מִגְרָשָׁ֖/הּ	4054	HNcmsc/Sp3fs
Ezek 36:5	לָ/בַֽז	l/957	HR/Ncmsa
Ezek 36:6	לָ/כֵ֕ן	l/3651 c	HR/D
Ezek 36:6	הִנָּבֵ֖א	5012	HVNv2ms
Ezek 36:6	עַל	5921 a	HR
Ezek 36:6	אַדְמַ֣ת	127	HNcfsc
Ezek 36:6	יִשְׂרָאֵ֑ל	3478	HNp
Ezek 36:6	וְ/אָמַרְתָּ֡	c/559	HC/Vqq2ms
Ezek 36:6	לֶ/הָרִ֣ים	l/2022	HRd/Ncmpa
Ezek 36:6	וְ֠/לַ/גְּבָעוֹת	c/l/1389	HC/Rd/Ncfpa
Ezek 36:6	לָ/אֲפִיקִ֨ים	l/650	HRd/Ncmpa
Ezek 36:6	וְ/לַ/גֵּאָי֜וֹת	c/l/1516	HC/Rd/Ncbpa
Ezek 36:6	כֹּֽה	3541	HD
Ezek 36:6	אָמַ֣ר	559	HVqp3ms
Ezek 36:6	אֲדֹנָ֣/י	136	HNcmpc/Sp1cs
Ezek 36:6	יְהוִ֗ה	3069	HNp
Ezek 36:6	הִנְ/נִ֨י	2005	HTm/Sp1cs
Ezek 36:6	בְ/קִנְאָתִ֤/י	b/7068	HR/Ncfsc/Sp1cs
Ezek 36:6	וּ/בַ/חֲמָתִ/י֙	c/b/2534	HC/R/Ncfsc/Sp1cs
Ezek 36:6	דִּבַּ֔רְתִּי	1696	HVpp1cs
Ezek 36:6	יַ֛עַן	3282	HC
Ezek 36:6	כְּלִמַּ֥ת	3639	HNcfsc
Ezek 36:6	גּוֹיִ֖ם	1471 a	HNcmpa
Ezek 36:6	נְשָׂאתֶֽם	5375	HVqp2mp
Ezek 36:7	לָ/כֵ֗ן	l/3651 c	HR/D
Ezek 36:7	כֹּ֤ה	3541	HD
Ezek 36:7	אָמַר֙	559	HVqp3ms
Ezek 36:7	אֲדֹנָ֣/י	136	HNcmpc/Sp1cs
Ezek 36:7	יְהוִ֔ה	3069	HNp
Ezek 36:7	אֲנִ֖י	589	HPp1cs
Ezek 36:7	נָשָׂ֣אתִי	5375	HVqp1cs
Ezek 36:7	אֶת	853	HTo
Ezek 36:7	יָדִ֑/י	3027	HNcbsc/Sp1cs
Ezek 36:7	אִם	518 a	HC
Ezek 36:7	לֹ֤א	3808	HTn
Ezek 36:7	הַ/גּוֹיִם֙	d/1471 a	HTd/Ncmpa
Ezek 36:7	אֲשֶׁ֣ר	834 a	HTr
Ezek 36:7	לָ/כֶ֣ם	l	HR/Sp2mp
Ezek 36:7	מִ/סָּבִ֔יב	m/5439	HR/Ncbsa
Ezek 36:7	הֵ֖מָּה	1992	HPp3mp
Ezek 36:7	כְּלִמָּתָ֥/ם	3639	HNcfsc/Sp3mp
Ezek 36:7	יִשָּֽׂאוּ	5375	HVqi3mp
Ezek 36:8	וְ/אַתֶּ֞ם	c/859 d	HC/Pp2mp
Ezek 36:8	הָרֵ֤י	2022	HNcmpc
Ezek 36:8	יִשְׂרָאֵל֙	3478	HNp
Ezek 36:8	עַנְפְּ/כֶ֣ם	6057	HNcmsc/Sp2mp
Ezek 36:8	תִּתֵּ֔נוּ	5414	HVqi2mp
Ezek 36:8	וּ/פֶרְיְ/כֶ֥ם	c/6529	HC/Ncmsc/Sp2mp
Ezek 36:8	תִּשְׂא֖וּ	5375	HVqi2mp
Ezek 36:8	לְ/עַמִּ֣/י	l/5971 a	HR/Ncmsc/Sp1cs
Ezek 36:8	יִשְׂרָאֵ֑ל	3478	HNp
Ezek 36:8	כִּ֥י	3588 a	HC
Ezek 36:8	קֵרְב֖וּ	7126	HVpp3cp
Ezek 36:8	לָ/בֽוֹא	l/935	HR/Vqc
Ezek 36:9	כִּ֖י	3588 a	HC
Ezek 36:9	הִנְ/נִ֣י	2005	HTm/Sp1cs
Ezek 36:9	אֲלֵי/כֶ֑ם	413	HR/Sp2mp
Ezek 36:9	וּ/פָנִ֣יתִי	c/6437	HC/Vqq1cs
Ezek 36:9	אֲלֵי/כֶ֔ם	413	HR/Sp2mp
Ezek 36:9	וְ/נֶעֱבַדְתֶּ֖ם	c/5647	HC/VNq2mp
Ezek 36:9	וְ/נִזְרַעְתֶּֽם	c/2232	HC/VNq2mp
Ezek 36:10	וְ/הִרְבֵּיתִ֤י	c/7235 a	HC/Vhq1cs
Ezek 36:10	עֲלֵי/כֶם֙	5921 a	HR/Sp2mp
Ezek 36:10	אָדָ֔ם	120	HNcmsa
Ezek 36:10	כָּל	3605	HNcmsc
Ezek 36:10	בֵּ֥ית	1004 b	HNcmsc
Ezek 36:10	יִשְׂרָאֵ֖ל	3478	HNp
Ezek 36:10	כֻּלֹּ֑/ה	3605	HNcmsc/Sp3ms
Ezek 36:10	וְ/נֹֽשְׁבוּ֙	c/3427	HC/VNq3cp
Ezek 36:10	הֶֽ/עָרִ֔ים	d/5892 b	HTd/Ncfpa
Ezek 36:10	וְ/הֶ/חֳרָב֖וֹת	c/d/2723	HC/Td/Ncfpa
Ezek 36:10	תִּבָּנֶֽינָה	1129	HVNi3fp
Ezek 36:11	וְ/הִרְבֵּיתִ֧י	c/7235 a	HC/Vhq1cs
Ezek 36:11	עֲלֵי/כֶ֛ם	5921 a	HR/Sp2mp
Ezek 36:11	אָדָ֥ם	120	HNcmsa
Ezek 36:11	וּ/בְהֵמָ֖ה	c/929	HC/Ncfsa
Ezek 36:11	וְ/רָב֣וּ	c/7235 a	HC/Vqq3cp
Ezek 36:11	וּ/פָר֑וּ	c/6509	HC/Vqq3cp
Ezek 36:11	וְ/הוֹשַׁבְתִּ֨י	c/3427	HC/Vhq1cs
Ezek 36:11	אֶתְ/כֶ֜ם	853	HTo/Sp2mp
Ezek 36:11	כְּ/קַדְמֽוֹתֵי/כֶ֗ם	k/6927	HR/Ncfpc/Sp2mp
Ezek 36:11	וְ/הֵטִֽבֹתִי֙	c/2895	HC/Vhq1cs
Ezek 36:11	מֵ/רִאשֹׁ֣תֵי/כֶ֔ם	m/7221	HR/Ncfpc/Sp2mp
Ezek 36:11	וִֽ/ידַעְתֶּ֖ם	c/3045	HC/Vqq2mp
Ezek 36:11	כִּֽי	3588 a	HC
Ezek 36:11	אֲנִ֥י	589	HPp1cs
Ezek 36:11	יְהוָֽה	3068	HNp
Ezek 36:12	וְ/הוֹלַכְתִּי֩	c/3212	HC/Vhq1cs
Ezek 36:12	עֲלֵי/כֶ֨ם	5921 a	HR/Sp2mp
Ezek 36:12	אָדָ֜ם	120	HNcmsa
Ezek 36:12	אֶת	853	HTo
Ezek 36:12	עַמִּ֤/י	5971 a	HNcmsc/Sp1cs
Ezek 36:12	יִשְׂרָאֵל֙	3478	HNp
Ezek 36:12	וִֽ/ירֵשׁ֔וּ/ךָ	c/3423	HC/Vqq3cp/Sp2ms
Ezek 36:12	וְ/הָיִ֥יתָ	c/1961	HC/Vqq2ms
Ezek 36:12	לָ/הֶ֖ם	l	HR/Sp3mp
Ezek 36:12	לְ/נַחֲלָ֑ה	l/5159	HR/Ncfsa
Ezek 36:12	וְ/לֹא	c/3808	HC/Tn
Ezek 36:12	תוֹסִ֥ף	3254	HVhi2ms
Ezek 36:12	ע֖וֹד	5750	HD
Ezek 36:12	לְ/שַׁכְּלָֽ/ם	l/7921 a	HR/Vpc/Sp3mp
Ezek 36:13	כֹּ֤ה	3541	HD
Ezek 36:13	אָמַר֙	559	HVqp3ms
Ezek 36:13	אֲדֹנָ֣/י	136	HNcmpc/Sp1cs
Ezek 36:13	יְהוִ֔ה	3069	HNp
Ezek 36:13	יַ֚עַן	3282	HC
Ezek 36:13	אֹמְרִ֣ים	559	HVqrmpa
Ezek 36:13	לָ/כֶ֔ם	l	HR/Sp2mp
Ezek 36:13	אֹכֶ֥לֶת	398	HVqrfsc
Ezek 36:13	אָדָ֖ם	120	HNcmsa
Ezek 36:13	אתי	859 b	HPp2fs
Ezek 36:13	וּ/מְשַׁכֶּ֥לֶת	c/7921 a	HC/Vprfsc
Ezek 36:13	גוי/ך	1471 a	HNcmsc/Sp2fs
Ezek 36:13	הָיִֽית	1961	HVqp2fs
Ezek 36:14	לָ/כֵ֗ן	l/3651 c	HR/D
Ezek 36:14	אָדָם֙	120	HNcmsa
Ezek 36:14	לֹא	3808	HTn
Ezek 36:14	תֹ֣אכְלִי	398	HVqi2fs
Ezek 36:14	ע֔וֹד	5750	HD
Ezek 36:14	ו/גוי/ך	c/1471 a	HC/Ncmsc/Sp2fs
Ezek 36:14	לֹ֣א	3808	HTn
Ezek 36:14	תכשלי	3782	HVpi2fs
Ezek 36:14	ע֑וֹד	5750	HD
Ezek 36:14	נְאֻ֖ם	5002	HNcmsc
Ezek 36:14	אֲדֹנָ֥/י	136	HNcmpc/Sp1cs
Ezek 36:14	יְהוִֽה	3069	HNp
Ezek 36:15	וְ/לֹא	c/3808	HC/Tn
Ezek 36:15	אַשְׁמִ֨יעַ	8085	HVhi1cs
Ezek 36:15	אֵלַ֤יִ/ךְ	413	HR/Sp2fs
Ezek 36:15	עוֹד֙	5750	HD
Ezek 36:15	כְּלִמַּ֣ת	3639	HNcfsc
Ezek 36:15	הַ/גּוֹיִ֔ם	d/1471 a	HTd/Ncmpa
Ezek 36:15	וְ/חֶרְפַּ֥ת	c/2781	HC/Ncfsc
Ezek 36:15	עַמִּ֖ים	5971 a	HNcmpa
Ezek 36:15	לֹ֣א	3808	HTn
Ezek 36:15	תִשְׂאִי	5375	HVqi2fs
Ezek 36:15	ע֑וֹד	5750	HD
Ezek 36:15	ו/גוי/ך	c/1471 a	HC/Ncmsc/Sp2fs
Ezek 36:15	לֹא	3808	HTn
Ezek 36:15	תַכְשִׁ֣לִי	3782	HVhi2fs
Ezek 36:15	ע֔וֹד	5750	HD
Ezek 36:15	נְאֻ֖ם	5002	HNcmsc
Ezek 36:15	אֲדֹנָ֥/י	136	HNcmpc/Sp1cs
Ezek 36:15	יְהוִֽה	3069	HNp
Ezek 36:16	וַ/יְהִ֥י	c/1961	HC/Vqw3ms
Ezek 36:16	דְבַר	1697	HNcmsc
Ezek 36:16	יְהוָ֖ה	3068	HNp
Ezek 36:16	אֵלַ֥/י	413	HR/Sp1cs
Ezek 36:16	לֵ/אמֹֽר	l/559	HR/Vqc
Ezek 36:17	בֶּן	1121 a	HNcmsc
Ezek 36:17	אָדָ֗ם	120	HNcmsa
Ezek 36:17	בֵּ֤ית	1004 b	HNcmsc
Ezek 36:17	יִשְׂרָאֵל֙	3478	HNp
Ezek 36:17	יֹשְׁבִ֣ים	3427	HVqrmpa
Ezek 36:17	עַל	5921 a	HR
Ezek 36:17	אַדְמָתָ֔/ם	127	HNcfsc/Sp3mp
Ezek 36:17	וַ/יְטַמְּא֣וּ	c/2930 a	HC/Vpw3mp
Ezek 36:17	אוֹתָ֔/הּ	853	HTo/Sp3fs
Ezek 36:17	בְּ/דַרְכָּ֖/ם	b/1870	HR/Ncbsc/Sp3mp
Ezek 36:17	וּ/בַ/עֲלִֽילוֹתָ֑/ם	c/b/5949	HC/R/Ncfpc/Sp3mp
Ezek 36:17	כְּ/טֻמְאַת֙	k/2932	HR/Ncfsc
Ezek 36:17	הַ/נִּדָּ֔ה	d/5079	HTd/Ncfsa
Ezek 36:17	הָיְתָ֥ה	1961	HVqp3fs
Ezek 36:17	דַרְכָּ֖/ם	1870	HNcbsc/Sp3mp
Ezek 36:17	לְ/פָנָֽ/י	l/6440	HR/Ncbpc/Sp1cs
Ezek 36:18	וָ/אֶשְׁפֹּ֤ךְ	c/8210	HC/Vqw1cs
Ezek 36:18	חֲמָתִ/י֙	2534	HNcfsc/Sp1cs
Ezek 36:18	עֲלֵי/הֶ֔ם	5921 a	HR/Sp3mp
Ezek 36:18	עַל	5921 a	HR
Ezek 36:18	הַ/דָּ֖ם	d/1818	HTd/Ncmsa
Ezek 36:18	אֲשֶׁר	834 a	HTr
Ezek 36:18	שָׁפְכ֣וּ	8210	HVqp3cp
Ezek 36:18	עַל	5921 a	HR
Ezek 36:18	הָ/אָ֑רֶץ	d/776	HTd/Ncbsa
Ezek 36:18	וּ/בְ/גִלּוּלֵי/הֶ֖ם	c/b/1544	HC/R/Ncmpc/Sp3mp
Ezek 36:18	טִמְּאֽוּ/הָ	2930 a	HVpp3cp/Sp3fs
Ezek 36:19	וָ/אָפִ֤יץ	c/6327 a	HC/Vhw1cs
Ezek 36:19	אֹתָ/ם֙	853	HTo/Sp3mp
Ezek 36:19	בַּ/גּוֹיִ֔ם	b/1471 a	HRd/Ncmpa
Ezek 36:19	וַ/יִּזָּר֖וּ	c/2219	HC/VNw3mp
Ezek 36:19	בָּ/אֲרָצ֑וֹת	b/776	HRd/Ncbpa
Ezek 36:19	כְּ/דַרְכָּ֥/ם	k/1870	HR/Ncbsc/Sp3mp
Ezek 36:19	וְ/כַ/עֲלִילוֹתָ֖/ם	c/k/5949	HC/R/Ncfpc/Sp3mp
Ezek 36:19	שְׁפַטְתִּֽי/ם	8199	HVqp1cs/Sp3mp
Ezek 36:20	וַ/יָּב֗וֹא	c/935	HC/Vqw3ms
Ezek 36:20	אֶל	413	HR
Ezek 36:20	הַ/גּוֹיִם֙	d/1471 a	HTd/Ncmpa
Ezek 36:20	אֲשֶׁר	834 a	HTr
Ezek 36:20	בָּ֣אוּ	935	HVqp3cp
Ezek 36:20	שָׁ֔ם	8033	HD
Ezek 36:20	וַֽ/יְחַלְּל֖וּ	c/2490 c	HC/Vpw3mp
Ezek 36:20	אֶת	853	HTo
Ezek 36:20	שֵׁ֣ם	8034	HNcmsc
Ezek 36:20	קָדְשִׁ֑/י	6944	HNcmsc/Sp1cs
Ezek 36:20	בֶּ/אֱמֹ֤ר	b/559	HR/Vqc
Ezek 36:20	לָ/הֶם֙	l	HR/Sp3mp
Ezek 36:20	עַם	5971 a	HNcmsc
Ezek 36:20	יְהוָ֣ה	3068	HNp
Ezek 36:20	אֵ֔לֶּה	428	HPdxcp
Ezek 36:20	וּ/מֵ/אַרְצ֖/וֹ	c/m/776	HC/R/Ncbsc/Sp3ms
Ezek 36:20	יָצָֽאוּ	3318	HVqp3cp
Ezek 36:21	וָ/אֶחְמֹ֖ל	c/2550	HC/Vqw1cs
Ezek 36:21	עַל	5921 a	HR
Ezek 36:21	שֵׁ֣ם	8034	HNcmsc
Ezek 36:21	קָדְשִׁ֑/י	6944	HNcmsc/Sp1cs
Ezek 36:21	אֲשֶׁ֤ר	834 a	HTr
Ezek 36:21	חִלְּל֨וּ/הוּ֙	2490 c	HVpp3cp/Sp3ms
Ezek 36:21	בֵּ֣ית	1004 b	HNcmsc
Ezek 36:21	יִשְׂרָאֵ֔ל	3478	HNp
Ezek 36:21	בַּ/גּוֹיִ֖ם	b/1471 a	HRd/Ncmpa
Ezek 36:21	אֲשֶׁר	834 a	HTr
Ezek 36:21	בָּ֥אוּ	935	HVqp3cp
Ezek 36:21	שָֽׁמָּ/ה	8033	HD/Sd
Ezek 36:22	לָ/כֵ֞ן	l/3651 c	HR/D
Ezek 36:22	אֱמֹ֣ר	559	HVqv2ms
Ezek 36:22	לְ/בֵֽית	l/1004 b	HR/Ncmsc
Ezek 36:22	יִשְׂרָאֵ֗ל	3478	HNp
Ezek 36:22	כֹּ֤ה	3541	HD
Ezek 36:22	אָמַר֙	559	HVqp3ms
Ezek 36:22	אֲדֹנָ֣/י	136	HNcmpc/Sp1cs
Ezek 36:22	יְהוִ֔ה	3069	HNp
Ezek 36:22	לֹ֧א	3808	HTn
Ezek 36:22	לְמַעַנְ/כֶ֛ם	4616	HR/Sp2mp
Ezek 36:22	אֲנִ֥י	589	HPp1cs
Ezek 36:22	עֹשֶׂ֖ה	6213 a	HVqrmsa
Ezek 36:22	בֵּ֣ית	1004 b	HNcmsc
Ezek 36:22	יִשְׂרָאֵ֑ל	3478	HNp
Ezek 36:22	כִּ֤י	3588 b	HC
Ezek 36:22	אִם	518 b	HC
Ezek 36:22	לְ/שֵׁם	l/8034	HR/Ncmsc
Ezek 36:22	קָדְשִׁ/י֙	6944	HNcmsc/Sp1cs
Ezek 36:22	אֲשֶׁ֣ר	834 a	HTr
Ezek 36:22	חִלַּלְתֶּ֔ם	2490 c	HVpp2mp
Ezek 36:22	בַּ/גּוֹיִ֖ם	b/1471 a	HRd/Ncmpa
Ezek 36:22	אֲשֶׁר	834 a	HTr
Ezek 36:22	בָּ֥אתֶם	935	HVqp2mp
Ezek 36:22	שָֽׁם	8033	HD
Ezek 36:23	וְ/קִדַּשְׁתִּ֞י	c/6942	HC/Vpq1cs
Ezek 36:23	אֶת	853	HTo
Ezek 36:23	שְׁמִ֣/י	8034	HNcmsc/Sp1cs
Ezek 36:23	הַ/גָּד֗וֹל	d/1419 a	HTd/Aamsa
Ezek 36:23	הַֽ/מְחֻלָּל֙	d/2490 c	HTd/VPsmsa
Ezek 36:23	בַּ/גּוֹיִ֔ם	b/1471 a	HRd/Ncmpa
Ezek 36:23	אֲשֶׁ֥ר	834 a	HTr
Ezek 36:23	חִלַּלְתֶּ֖ם	2490 c	HVpp2mp
Ezek 36:23	בְּ/תוֹכָ֑/ם	b/8432	HR/Ncmsc/Sp3mp
Ezek 36:23	וְ/יָדְע֨וּ	c/3045	HC/Vqq3cp
Ezek 36:23	הַ/גּוֹיִ֜ם	d/1471 a	HTd/Ncmpa
Ezek 36:23	כִּי	3588 a	HC
Ezek 36:23	אֲנִ֣י	589	HPp1cs
Ezek 36:23	יְהוָ֗ה	3068	HNp
Ezek 36:23	נְאֻם֙	5002	HNcmsc
Ezek 36:23	אֲדֹנָ֣/י	136	HNcmpc/Sp1cs
Ezek 36:23	יְהוִ֔ה	3069	HNp
Ezek 36:23	בְּ/הִקָּדְשִׁ֥/י	b/6942	HR/VNc/Sp1cs
Ezek 36:23	בָ/כֶ֖ם	b	HR/Sp2mp
Ezek 36:23	לְ/עֵינֵי/הֶֽם	l/5869 a	HR/Ncbdc/Sp3mp
Ezek 36:24	וְ/לָקַחְתִּ֤י	c/3947	HC/Vqq1cs
Ezek 36:24	אֶתְ/כֶם֙	853	HTo/Sp2mp
Ezek 36:24	מִן	4480 a	HR
Ezek 36:24	הַ/גּוֹיִ֔ם	d/1471 a	HTd/Ncmpa
Ezek 36:24	וְ/קִבַּצְתִּ֥י	c/6908	HC/Vpq1cs
Ezek 36:24	אֶתְ/כֶ֖ם	853	HTo/Sp2mp
Ezek 36:24	מִ/כָּל	m/3605	HR/Ncmsc
Ezek 36:24	הָ/אֲרָצ֑וֹת	d/776	HTd/Ncbpa
Ezek 36:24	וְ/הֵבֵאתִ֥י	c/935	HC/Vhq1cs
Ezek 36:24	אֶתְ/כֶ֖ם	853	HTo/Sp2mp
Ezek 36:24	אֶל	413	HR
Ezek 36:24	אַדְמַתְ/כֶֽם	127	HNcfsc/Sp2mp
Ezek 36:25	וְ/זָרַקְתִּ֧י	c/2236	HC/Vqq1cs
Ezek 36:25	עֲלֵי/כֶ֛ם	5921 a	HR/Sp2mp
Ezek 36:25	מַ֥יִם	4325	HNcmpa
Ezek 36:25	טְהוֹרִ֖ים	2889	HAampa
Ezek 36:25	וּ/טְהַרְתֶּ֑ם	c/2891	HC/Vqq2mp
Ezek 36:25	מִ/כֹּ֧ל	m/3605	HR/Ncmsc
Ezek 36:25	טֻמְאוֹתֵי/כֶ֛ם	2932	HNcfpc/Sp2mp
Ezek 36:25	וּ/מִ/כָּל	c/m/3605	HC/R/Ncmsc
Ezek 36:25	גִּלּ֥וּלֵי/כֶ֖ם	1544	HNcmpc/Sp2mp
Ezek 36:25	אֲטַהֵ֥ר	2891	HVpi1cs
Ezek 36:25	אֶתְ/כֶֽם	853	HTo/Sp2mp
Ezek 36:26	וְ/נָתַתִּ֤י	c/5414	HC/Vqq1cs
Ezek 36:26	לָ/כֶם֙	l	HR/Sp2mp
Ezek 36:26	לֵ֣ב	3820 a	HNcmsa
Ezek 36:26	חָדָ֔שׁ	2319	HAamsa
Ezek 36:26	וְ/ר֥וּחַ	c/7307	HC/Ncbsa
Ezek 36:26	חֲדָשָׁ֖ה	2319	HAafsa
Ezek 36:26	אֶתֵּ֣ן	5414	HVqi1cs
Ezek 36:26	בְּ/קִרְבְּ/כֶ֑ם	b/7130	HR/Ncmsc/Sp2mp
Ezek 36:26	וַ/הֲסִ֨רֹתִ֜י	c/5493	HC/Vhq1cs
Ezek 36:26	אֶת	853	HTo
Ezek 36:26	לֵ֤ב	3820 a	HNcmsc
Ezek 36:26	הָ/אֶ֨בֶן֙	d/68	HTd/Ncfsa
Ezek 36:26	מִ/בְּשַׂרְ/כֶ֔ם	m/1320	HR/Ncmsc/Sp2mp
Ezek 36:26	וְ/נָתַתִּ֥י	c/5414	HC/Vqq1cs
Ezek 36:26	לָ/כֶ֖ם	l	HR/Sp2mp
Ezek 36:26	לֵ֥ב	3820 a	HNcmsc
Ezek 36:26	בָּשָֽׂר	1320	HNcmsa
Ezek 36:27	וְ/אֶת	c/853	HC/To
Ezek 36:27	רוּחִ֖/י	7307	HNcbsc/Sp1cs
Ezek 36:27	אֶתֵּ֣ן	5414	HVqi1cs
Ezek 36:27	בְּ/קִרְבְּ/כֶ֑ם	b/7130	HR/Ncmsc/Sp2mp
Ezek 36:27	וְ/עָשִׂ֗יתִי	c/6213 a	HC/Vqq1cs
Ezek 36:27	אֵ֤ת	853	HTo
Ezek 36:27	אֲשֶׁר	834 a	HTr
Ezek 36:27	בְּ/חֻקַּ/י֙	b/2706	HR/Ncmpc/Sp1cs
Ezek 36:27	תֵּלֵ֔כוּ	3212	HVqi2mp
Ezek 36:27	וּ/מִשְׁפָּטַ֥/י	c/4941	HC/Ncmpc/Sp1cs
Ezek 36:27	תִּשְׁמְר֖וּ	8104	HVqi2mp
Ezek 36:27	וַ/עֲשִׂיתֶֽם	c/6213 a	HC/Vqq2mp
Ezek 36:28	וִ/ישַׁבְתֶּ֣ם	c/3427	HC/Vqq2mp
Ezek 36:28	בָּ/אָ֔רֶץ	b/776	HRd/Ncbsa
Ezek 36:28	אֲשֶׁ֥ר	834 a	HTr
Ezek 36:28	נָתַ֖תִּי	5414	HVqp1cs
Ezek 36:28	לַ/אֲבֹֽתֵי/כֶ֑ם	l/1	HR/Ncmpc/Sp2mp
Ezek 36:28	וִ/הְיִ֤יתֶם	c/1961	HC/Vqq2mp
Ezek 36:28	לִ/י֙	l	HR/Sp1cs
Ezek 36:28	לְ/עָ֔ם	l/5971 a	HR/Ncmsa
Ezek 36:28	וְ/אָ֣נֹכִ֔י	c/595	HC/Pp1cs
Ezek 36:28	אֶהְיֶ֥ה	1961	HVqi1cs
Ezek 36:28	לָ/כֶ֖ם	l	HR/Sp2mp
Ezek 36:28	לֵ/אלֹהִֽים	l/430	HR/Ncmpa
Ezek 36:29	וְ/הוֹשַׁעְתִּ֣י	c/3467	HC/Vhq1cs
Ezek 36:29	אֶתְ/כֶ֔ם	853	HTo/Sp2mp
Ezek 36:29	מִ/כֹּ֖ל	m/3605	HR/Ncmsc
Ezek 36:29	טֻמְאֽוֹתֵי/כֶ֑ם	2932	HNcfpc/Sp2mp
Ezek 36:29	וְ/קָרָ֤אתִי	c/7121	HC/Vqq1cs
Ezek 36:29	אֶל	413	HR
Ezek 36:29	הַ/דָּגָן֙	d/1715	HTd/Ncmsa
Ezek 36:29	וְ/הִרְבֵּיתִ֣י	c/7235 a	HC/Vhq1cs
Ezek 36:29	אֹת֔/וֹ	853	HTo/Sp3ms
Ezek 36:29	וְ/לֹא	c/3808	HC/Tn
Ezek 36:29	אֶתֵּ֥ן	5414	HVqi1cs
Ezek 36:29	עֲלֵי/כֶ֖ם	5921 a	HR/Sp2mp
Ezek 36:29	רָעָֽב	7458	HNcmsa
Ezek 36:30	וְ/הִרְבֵּיתִי֙	c/7235 a	HC/Vhq1cs
Ezek 36:30	אֶת	853	HTo
Ezek 36:30	פְּרִ֣י	6529	HNcmsc
Ezek 36:30	הָ/עֵ֔ץ	d/6086	HTd/Ncmsa
Ezek 36:30	וּ/תְנוּבַ֖ת	c/8570	HC/Ncfsc
Ezek 36:30	הַ/שָּׂדֶ֑ה	d/7704 b	HTd/Ncmsa
Ezek 36:30	לְמַ֗עַן	4616	HR
Ezek 36:30	אֲ֠שֶׁר	834 a	HTr
Ezek 36:30	לֹ֣א	3808	HTn
Ezek 36:30	תִקְח֥וּ	3947	HVqi2mp
Ezek 36:30	ע֛וֹד	5750	HD
Ezek 36:30	חֶרְפַּ֥ת	2781	HNcfsc
Ezek 36:30	רָעָ֖ב	7458	HNcmsa
Ezek 36:30	בַּ/גּוֹיִֽם	b/1471 a	HRd/Ncmpa
Ezek 36:31	וּ/זְכַרְתֶּם֙	c/2142	HC/Vqq2mp
Ezek 36:31	אֶת	853	HTo
Ezek 36:31	דַּרְכֵי/כֶ֣ם	1870	HNcbpc/Sp2mp
Ezek 36:31	הָ/רָעִ֔ים	d/7451 a	HTd/Aampa
Ezek 36:31	וּ/מַעַלְלֵי/כֶ֖ם	c/4611	HC/Ncmpc/Sp2mp
Ezek 36:31	אֲשֶׁ֣ר	834 a	HTr
Ezek 36:31	לֹֽא	3808	HTn
Ezek 36:31	טוֹבִ֑ים	2896 a	HAampa
Ezek 36:31	וּ/נְקֹֽטֹתֶם֙	c/6962	HC/VNq2mp
Ezek 36:31	בִּ/פְנֵי/כֶ֔ם	b/6440	HR/Ncbpc/Sp2mp
Ezek 36:31	עַ֚ל	5921 a	HR
Ezek 36:31	עֲוֺנֹ֣תֵי/כֶ֔ם	5771	HNcbpc/Sp2mp
Ezek 36:31	וְ/עַ֖ל	c/5921 a	HC/R
Ezek 36:31	תּוֹעֲבֽוֹתֵי/כֶֽם	8441	HNcfpc/Sp2mp
Ezek 36:32	לֹ֧א	3808	HTn
Ezek 36:32	לְמַעַנְ/כֶ֣ם	4616	HR/Sp2mp
Ezek 36:32	אֲנִֽי	589	HPp1cs
Ezek 36:32	עֹשֶׂ֗ה	6213 a	HVqrmsa
Ezek 36:32	נְאֻם֙	5002	HNcmsc
Ezek 36:32	אֲדֹנָ֣/י	136	HNcmpc/Sp1cs
Ezek 36:32	יְהוִ֔ה	3069	HNp
Ezek 36:32	יִוָּדַ֖ע	3045	HVNi3ms
Ezek 36:32	לָ/כֶ֑ם	l	HR/Sp2mp
Ezek 36:32	בּ֧וֹשׁוּ	954	HVqv2mp
Ezek 36:32	וְ/הִכָּלְמ֛וּ	c/3637	HC/VNv2mp
Ezek 36:32	מִ/דַּרְכֵי/כֶ֖ם	m/1870	HR/Ncbpc/Sp2mp
Ezek 36:32	בֵּ֥ית	1004 b	HNcmsc
Ezek 36:32	יִשְׂרָאֵֽל	3478	HNp
Ezek 36:33	כֹּ֤ה	3541	HD
Ezek 36:33	אָמַר֙	559	HVqp3ms
Ezek 36:33	אֲדֹנָ֣/י	136	HNcmpc/Sp1cs
Ezek 36:33	יְהוִ֔ה	3069	HNp
Ezek 36:33	בְּ/יוֹם֙	b/3117	HR/Ncmsc
Ezek 36:33	טַהֲרִ֣/י	2891	HVpc/Sp1cs
Ezek 36:33	אֶתְ/כֶ֔ם	853	HTo/Sp2mp
Ezek 36:33	מִ/כֹּ֖ל	m/3605	HR/Ncmsc
Ezek 36:33	עֲוֺנֽוֹתֵי/כֶ֑ם	5771	HNcbpc/Sp2mp
Ezek 36:33	וְ/הֽוֹשַׁבְתִּי֙	c/3427	HC/Vhq1cs
Ezek 36:33	אֶת	853	HTo
Ezek 36:33	הֶ֣/עָרִ֔ים	d/5892 b	HTd/Ncfpa
Ezek 36:33	וְ/נִבְנ֖וּ	c/1129	HC/VNq3cp
Ezek 36:33	הֶ/חֳרָבֽוֹת	d/2723	HTd/Ncfpa
Ezek 36:34	וְ/הָ/אָ֥רֶץ	c/d/776	HC/Td/Ncbsa
Ezek 36:34	הַ/נְּשַׁמָּ֖ה	d/8074	HTd/VNsfsa
Ezek 36:34	תֵּֽעָבֵ֑ד	5647	HVNi3fs
Ezek 36:34	תַּ֚חַת	8478	HR
Ezek 36:34	אֲשֶׁ֣ר	834 a	HTr
Ezek 36:34	הָיְתָ֣ה	1961	HVqp3fs
Ezek 36:34	שְׁמָמָ֔ה	8077 a	HNcfsa
Ezek 36:34	לְ/עֵינֵ֖י	l/5869 a	HR/Ncbdc
Ezek 36:34	כָּל	3605	HNcmsc
Ezek 36:34	עוֹבֵֽר	5674 a	HVqrmsa
Ezek 36:35	וְ/אָמְר֗וּ	c/559	HC/Vqq3cp
Ezek 36:35	הָ/אָ֤רֶץ	d/776	HTd/Ncbsa
Ezek 36:35	הַלֵּ֨זוּ֙	1977	HPdxfs
Ezek 36:35	הַ/נְּשַׁמָּ֔ה	d/8074	HTd/VNsfsa
Ezek 36:35	הָיְתָ֖ה	1961	HVqp3fs
Ezek 36:35	כְּ/גַן	k/1588	HR/Ncbsc
Ezek 36:35	עֵ֑דֶן	5731 b	HNp
Ezek 36:35	וְ/הֶ/עָרִ֧ים	c/d/5892 b	HC/Td/Ncfpa
Ezek 36:35	הֶ/חֳרֵב֛וֹת	d/2720 b	HTd/Aafpa
Ezek 36:35	וְ/הַֽ/נְשַׁמּ֥וֹת	c/d/8074	HC/Td/VNsfpa
Ezek 36:35	וְ/הַ/נֶּהֱרָס֖וֹת	c/d/2040	HC/Td/VNsfpa
Ezek 36:35	בְּצוּר֥וֹת	1219	HAafpa
Ezek 36:35	יָשָֽׁבוּ	3427	HVqp3cp
Ezek 36:36	וְ/יָדְע֣וּ	c/3045	HC/Vqq3cp
Ezek 36:36	הַ/גּוֹיִ֗ם	d/1471 a	HTd/Ncmpa
Ezek 36:36	אֲשֶׁ֣ר	834 a	HTr
Ezek 36:36	יִֽשָּׁאֲרוּ֮	7604	HVNi3mp
Ezek 36:36	סְבִיבוֹתֵי/כֶם֒	5439	HNcbpc/Sp2mp
Ezek 36:36	כִּ֣י	3588 a	HC
Ezek 36:36	אֲנִ֣י	589	HPp1cs
Ezek 36:36	יְהוָ֗ה	3068	HNp
Ezek 36:36	בָּנִ֨יתִי֙	1129	HVqp1cs
Ezek 36:36	הַ/נֶּ֣הֱרָס֔וֹת	d/2040	HTd/VNsfpa
Ezek 36:36	נָטַ֖עְתִּי	5193	HVqp1cs
Ezek 36:36	הַ/נְּשַׁמָּ֑ה	d/8074	HTd/VNsfsa
Ezek 36:36	אֲנִ֥י	589	HPp1cs
Ezek 36:36	יְהוָ֖ה	3068	HNp
Ezek 36:36	דִּבַּ֥רְתִּי	1696	HVpp1cs
Ezek 36:36	וְ/עָשִֽׂיתִי	c/6213 a	HC/Vqq1cs
Ezek 36:37	כֹּ֤ה	3541	HD
Ezek 36:37	אָמַר֙	559	HVqp3ms
Ezek 36:37	אֲדֹנָ֣/י	136	HNcmpc/Sp1cs
Ezek 36:37	יְהוִ֔ה	3069	HNp
Ezek 36:37	ע֗וֹד	5750	HD
Ezek 36:37	זֹ֛את	2063	HPdxfs
Ezek 36:37	אִדָּרֵ֥שׁ	1875	HVNi1cs
Ezek 36:37	לְ/בֵֽית	l/1004 b	HR/Ncmsc
Ezek 36:37	יִשְׂרָאֵ֖ל	3478	HNp
Ezek 36:37	לַ/עֲשׂ֣וֹת	l/6213 a	HR/Vqc
Ezek 36:37	לָ/הֶ֑ם	l	HR/Sp3mp
Ezek 36:37	אַרְבֶּ֥ה	7235 a	HVhi1cs
Ezek 36:37	אֹתָ֛/ם	853	HTo/Sp3mp
Ezek 36:37	כַּ/צֹּ֖אן	k/6629	HRd/Ncbsa
Ezek 36:37	אָדָֽם	120	HNcmsa
Ezek 36:38	כְּ/צֹ֣אן	k/6629	HR/Ncbsc
Ezek 36:38	קָֽדָשִׁ֗ים	6944	HNcmpa
Ezek 36:38	כְּ/צֹ֤אן	k/6629	HR/Ncbsc
Ezek 36:38	יְרוּשָׁלִַ֨ם֙	3389	HNp
Ezek 36:38	בְּ/מ֣וֹעֲדֶ֔י/הָ	b/4150	HR/Ncmpc/Sp3fs
Ezek 36:38	כֵּ֤ן	3651 c	HTm
Ezek 36:38	תִּהְיֶ֨ינָה֙	1961	HVqi3fp
Ezek 36:38	הֶ/עָרִ֣ים	d/5892 b	HTd/Ncfpa
Ezek 36:38	הֶ/חֳרֵב֔וֹת	d/2720 b	HTd/Aafpa
Ezek 36:38	מְלֵא֖וֹת	4392	HAafpa
Ezek 36:38	צֹ֣אן	6629	HNcbsc
Ezek 36:38	אָדָ֑ם	120	HNcmsa
Ezek 36:38	וְ/יָדְע֖וּ	c/3045	HC/Vqq3cp
Ezek 36:38	כִּֽי	3588 a	HC
Ezek 36:38	אֲנִ֥י	589	HPp1cs
Ezek 36:38	יְהוָֽה	3068	HNp
Ezek 37:1	הָיְתָ֣ה	1961	HVqp3fs
Ezek 37:1	עָלַ/י֮	5921 a	HR/Sp1cs
Ezek 37:1	יַד	3027	HNcbsc
Ezek 37:1	יְהוָה֒	3068	HNp
Ezek 37:1	וַ/יּוֹצִאֵ֤/נִי	c/3318	HC/Vhw3ms/Sp1cs
Ezek 37:1	בְ/ר֨וּחַ֙	b/7307	HR/Ncbsc
Ezek 37:1	יְהוָ֔ה	3068	HNp
Ezek 37:1	וַ/יְנִיחֵ֖/נִי	c/5117	HC/Vhw3ms/Sp1cs
Ezek 37:1	בְּ/ת֣וֹךְ	b/8432	HR/Ncmsc
Ezek 37:1	הַ/בִּקְעָ֑ה	d/1237	HTd/Ncfsa
Ezek 37:1	וְ/הִ֖יא	c/1931	HC/Pp3fs
Ezek 37:1	מְלֵאָ֥ה	4392	HAafsa
Ezek 37:1	עֲצָמֽוֹת	6106	HNcfpa
Ezek 37:2	וְ/הֶעֱבִירַ֥/נִי	c/5674 a	HC/Vhp3ms/Sp1cs
Ezek 37:2	עֲלֵי/הֶ֖ם	5921 a	HR/Sp3mp
Ezek 37:2	סָבִ֣יב	5439	HNcbsa
Ezek 37:2	סָבִ֑יב	5439	HNcbsa
Ezek 37:2	וְ/הִנֵּ֨ה	c/2009	HC/Tm
Ezek 37:2	רַבּ֤וֹת	7227 a	HAafpa
Ezek 37:2	מְאֹד֙	3966	HD
Ezek 37:2	עַל	5921 a	HR
Ezek 37:2	פְּנֵ֣י	6440	HNcbpc
Ezek 37:2	הַ/בִּקְעָ֔ה	d/1237	HTd/Ncfsa
Ezek 37:2	וְ/הִנֵּ֖ה	c/2009	HC/Tm
Ezek 37:2	יְבֵשׁ֥וֹת	3002	HAafpa
Ezek 37:2	מְאֹֽד	3966	HD
Ezek 37:3	וַ/יֹּ֣אמֶר	c/559	HC/Vqw3ms
Ezek 37:3	אֵלַ֔/י	413	HR/Sp1cs
Ezek 37:3	בֶּן	1121 a	HNcmsc
Ezek 37:3	אָדָ֕ם	120	HNcmsa
Ezek 37:3	הֲ/תִחְיֶ֖ינָה	i/2421	HTi/Vqi3fp
Ezek 37:3	הָ/עֲצָמ֣וֹת	d/6106	HTd/Ncfpa
Ezek 37:3	הָ/אֵ֑לֶּה	d/428	HTd/Pdxcp
Ezek 37:3	וָ/אֹמַ֕ר	c/559	HC/Vqw1cs
Ezek 37:3	אֲדֹנָ֥/י	136	HNcmpc/Sp1cs
Ezek 37:3	יְהוִ֖ה	3069	HNp
Ezek 37:3	אַתָּ֥ה	859 a	HPp2ms
Ezek 37:3	יָדָֽעְתָּ	3045	HVqp2ms
Ezek 37:4	וַ/יֹּ֣אמֶר	c/559	HC/Vqw3ms
Ezek 37:4	אֵלַ֔/י	413	HR/Sp1cs
Ezek 37:4	הִנָּבֵ֖א	5012	HVNv2ms
Ezek 37:4	עַל	5921 a	HR
Ezek 37:4	הָ/עֲצָמ֣וֹת	d/6106	HTd/Ncfpa
Ezek 37:4	הָ/אֵ֑לֶּה	d/428	HTd/Pdxcp
Ezek 37:4	וְ/אָמַרְתָּ֣	c/559	HC/Vqq2ms
Ezek 37:4	אֲלֵי/הֶ֔ם	413	HR/Sp3mp
Ezek 37:4	הָ/עֲצָמוֹת֙	d/6106	HTd/Ncfpa
Ezek 37:4	הַ/יְבֵשׁ֔וֹת	d/3002	HTd/Aafpa
Ezek 37:4	שִׁמְע֖וּ	8085	HVqv2mp
Ezek 37:4	דְּבַר	1697	HNcmsc
Ezek 37:4	יְהוָֽה	3068	HNp
Ezek 37:5	כֹּ֤ה	3541	HD
Ezek 37:5	אָמַר֙	559	HVqp3ms
Ezek 37:5	אֲדֹנָ֣/י	136	HNcmpc/Sp1cs
Ezek 37:5	יְהוִ֔ה	3069	HNp
Ezek 37:5	לָ/עֲצָמ֖וֹת	l/6106	HRd/Ncfpa
Ezek 37:5	הָ/אֵ֑לֶּה	d/428	HTd/Pdxcp
Ezek 37:5	הִנֵּ֨ה	2009	HTm
Ezek 37:5	אֲנִ֜י	589	HPp1cs
Ezek 37:5	מֵבִ֥יא	935	HVhrmsa
Ezek 37:5	בָ/כֶ֛ם	b	HR/Sp2mp
Ezek 37:5	ר֖וּחַ	7307	HNcbsa
Ezek 37:5	וִ/חְיִיתֶֽם	c/2421	HC/Vqq2mp
Ezek 37:6	וְ/נָתַתִּי֩	c/5414	HC/Vqq1cs
Ezek 37:6	עֲלֵי/כֶ֨ם	5921 a	HR/Sp2mp
Ezek 37:6	גִּדִ֜ים	1517	HNcmpa
Ezek 37:6	וְֽ/הַעֲלֵתִ֧י	c/5927	HC/Vhq1cs
Ezek 37:6	עֲלֵי/כֶ֣ם	5921 a	HR/Sp2mp
Ezek 37:6	בָּשָׂ֗ר	1320	HNcmsa
Ezek 37:6	וְ/קָרַמְתִּ֤י	c/7159	HC/Vqq1cs
Ezek 37:6	עֲלֵי/כֶם֙	5921 a	HR/Sp2mp
Ezek 37:6	ע֔וֹר	5785	HNcmsa
Ezek 37:6	וְ/נָתַתִּ֥י	c/5414	HC/Vqq1cs
Ezek 37:6	בָ/כֶ֛ם	b	HR/Sp2mp
Ezek 37:6	ר֖וּחַ	7307	HNcbsa
Ezek 37:6	וִ/חְיִיתֶ֑ם	c/2421	HC/Vqq2mp
Ezek 37:6	וִ/ידַעְתֶּ֖ם	c/3045	HC/Vqq2mp
Ezek 37:6	כִּֽי	3588 a	HC
Ezek 37:6	אֲנִ֥י	589	HPp1cs
Ezek 37:6	יְהוָֽה	3068	HNp
Ezek 37:7	וְ/נִבֵּ֖אתִי	c/5012	HC/VNp1cs
Ezek 37:7	כַּ/אֲשֶׁ֣ר	k/834 d	HR/Tr
Ezek 37:7	צֻוֵּ֑יתִי	6680	HVPp1cs
Ezek 37:7	וַֽ/יְהִי	c/1961	HC/Vqw3ms
Ezek 37:7	ק֤וֹל	6963 a	HNcmsa
Ezek 37:7	כְּ/הִנָּֽבְאִ/י֙	k/5012	HR/VNc/Sp1cs
Ezek 37:7	וְ/הִנֵּה	c/2009	HC/Tm
Ezek 37:7	רַ֔עַשׁ	7494	HNcmsa
Ezek 37:7	וַ/תִּקְרְב֣וּ	c/7126	HC/Vqw3fp
Ezek 37:7	עֲצָמ֔וֹת	6106	HNcfpa
Ezek 37:7	עֶ֖צֶם	6106	HNcfsa
Ezek 37:7	אֶל	413	HR
Ezek 37:7	עַצְמֽ/וֹ	6106	HNcfsc/Sp3ms
Ezek 37:8	וְ/רָאִ֜יתִי	c/7200	HC/Vqp1cs
Ezek 37:8	וְ/הִנֵּֽה	c/2009	HC/Tm
Ezek 37:8	עֲלֵי/הֶ֤ם	5921 a	HR/Sp3mp
Ezek 37:8	גִּדִים֙	1517	HNcmpa
Ezek 37:8	וּ/בָשָׂ֣ר	c/1320	HC/Ncmsa
Ezek 37:8	עָלָ֔ה	5927	HVqp3ms
Ezek 37:8	וַ/יִּקְרַ֧ם	c/7159	HC/Vqw3ms
Ezek 37:8	עֲלֵי/הֶ֛ם	5921 a	HR/Sp3mp
Ezek 37:8	ע֖וֹר	5785	HNcmsa
Ezek 37:8	מִ/לְ/מָ֑עְלָ/ה	m/l/4605	HR/R/D/Sd
Ezek 37:8	וְ/ר֖וּחַ	c/7307	HC/Ncbsa
Ezek 37:8	אֵ֥ין	369	HTn
Ezek 37:8	בָּ/הֶֽם	b	HR/Sp3mp
Ezek 37:9	וַ/יֹּ֣אמֶר	c/559	HC/Vqw3ms
Ezek 37:9	אֵלַ֔/י	413	HR/Sp1cs
Ezek 37:9	הִנָּבֵ֖א	5012	HVNv2ms
Ezek 37:9	אֶל	413	HR
Ezek 37:9	הָ/ר֑וּחַ	d/7307	HTd/Ncbsa
Ezek 37:9	הִנָּבֵ֣א	5012	HVNv2ms
Ezek 37:9	בֶן	1121 a	HNcmsc
Ezek 37:9	אָ֠דָם	120	HNcmsa
Ezek 37:9	וְ/אָמַרְתָּ֨	c/559	HC/Vqq2ms
Ezek 37:9	אֶל	413	HR
Ezek 37:9	הָ/ר֜וּחַ	d/7307	HTd/Ncbsa
Ezek 37:9	כֹּֽה	3541	HD
Ezek 37:9	אָמַ֣ר	559	HVqp3ms
Ezek 37:9	אֲדֹנָ֣/י	136	HNcmpc/Sp1cs
Ezek 37:9	יְהוִ֗ה	3069	HNp
Ezek 37:9	מֵ/אַרְבַּ֤ע	m/702	HR/Acfsa
Ezek 37:9	רוּחוֹת֙	7307	HNcbpa
Ezek 37:9	בֹּ֣אִי	935	HVqv2fs
Ezek 37:9	הָ/ר֔וּחַ	d/7307	HTd/Ncbsa
Ezek 37:9	וּ/פְחִ֛י	c/5301	HC/Vqv2fs
Ezek 37:9	בַּ/הֲרוּגִ֥ים	b/2026	HRd/Vqsmpa
Ezek 37:9	הָ/אֵ֖לֶּה	d/428	HTd/Pdxcp
Ezek 37:9	וְ/יִֽחְיֽוּ	c/2421	HC/Vqi3mp
Ezek 37:10	וְ/הִנַּבֵּ֖אתִי	c/5012	HC/Vtp1cs
Ezek 37:10	כַּ/אֲשֶׁ֣ר	k/834 d	HR/Tr
Ezek 37:10	צִוָּ֑/נִי	6680	HVpp3ms/Sp1cs
Ezek 37:10	וַ/תָּבוֹא֩	c/935	HC/Vqw3fs
Ezek 37:10	בָ/הֶ֨ם	b	HR/Sp3mp
Ezek 37:10	הָ/ר֜וּחַ	d/7307	HTd/Ncbsa
Ezek 37:10	וַ/יִּֽחְי֗וּ	c/2421	HC/Vqw3mp
Ezek 37:10	וַ/יַּֽעַמְדוּ֙	c/5975	HC/Vqw3mp
Ezek 37:10	עַל	5921 a	HR
Ezek 37:10	רַגְלֵי/הֶ֔ם	7272	HNcfdc/Sp3mp
Ezek 37:10	חַ֖יִל	2428	HNcmsa
Ezek 37:10	גָּד֥וֹל	1419 a	HAamsa
Ezek 37:10	מְאֹד	3966	HD
Ezek 37:10	מְאֹֽד	3966	HD
Ezek 37:11	וַ/יֹּאמֶר֮	c/559	HC/Vqw3ms
Ezek 37:11	אֵלַ/י֒	413	HR/Sp1cs
Ezek 37:11	בֶּן	1121 a	HNcmsc
Ezek 37:11	אָדָ֕ם	120	HNcmsa
Ezek 37:11	הָ/עֲצָמ֣וֹת	d/6106	HTd/Ncfpa
Ezek 37:11	הָ/אֵ֔לֶּה	d/428	HTd/Pdxcp
Ezek 37:11	כָּל	3605	HNcmsc
Ezek 37:11	בֵּ֥ית	1004 b	HNcmsc
Ezek 37:11	יִשְׂרָאֵ֖ל	3478	HNp
Ezek 37:11	הֵ֑מָּה	1992	HPp3mp
Ezek 37:11	הִנֵּ֣ה	2009	HTm
Ezek 37:11	אֹמְרִ֗ים	559	HVqrmpa
Ezek 37:11	יָבְשׁ֧וּ	3001	HVqp3cp
Ezek 37:11	עַצְמוֹתֵ֛י/נוּ	6106	HNcfpc/Sp1cp
Ezek 37:11	וְ/אָבְדָ֥ה	c/6	HC/Vqp3fs
Ezek 37:11	תִקְוָתֵ֖/נוּ	8615 b	HNcfsc/Sp1cp
Ezek 37:11	נִגְזַ֥רְנוּ	1504	HVNp1cp
Ezek 37:11	לָֽ/נוּ	l	HR/Sp1cp
Ezek 37:12	לָ/כֵן֩	l/3651 c	HR/D
Ezek 37:12	הִנָּבֵ֨א	5012	HVNv2ms
Ezek 37:12	וְ/אָמַרְתָּ֜	c/559	HC/Vqq2ms
Ezek 37:12	אֲלֵי/הֶ֗ם	413	HR/Sp3mp
Ezek 37:12	כֹּֽה	3541	HD
Ezek 37:12	אָמַר֮	559	HVqp3ms
Ezek 37:12	אֲדֹנָ֣/י	136	HNcmpc/Sp1cs
Ezek 37:12	יְהוִה֒	3069	HNp
Ezek 37:12	הִנֵּה֩	2009	HTm
Ezek 37:12	אֲנִ֨י	589	HPp1cs
Ezek 37:12	פֹתֵ֜חַ	6605 a	HVqrmsa
Ezek 37:12	אֶת	853	HTo
Ezek 37:12	קִבְרֽוֹתֵי/כֶ֗ם	6913	HNcmpc/Sp2mp
Ezek 37:12	וְ/הַעֲלֵיתִ֥י	c/5927	HC/Vhq1cs
Ezek 37:12	אֶתְ/כֶ֛ם	853	HTo/Sp2mp
Ezek 37:12	מִ/קִּבְרוֹתֵי/כֶ֖ם	m/6913	HR/Ncmpc/Sp2mp
Ezek 37:12	עַמִּ֑/י	5971 a	HNcmsc/Sp1cs
Ezek 37:12	וְ/הֵבֵאתִ֥י	c/935	HC/Vhq1cs
Ezek 37:12	אֶתְ/כֶ֖ם	853	HTo/Sp2mp
Ezek 37:12	אֶל	413	HR
Ezek 37:12	אַדְמַ֥ת	127	HNcfsc
Ezek 37:12	יִשְׂרָאֵֽל	3478	HNp
Ezek 37:13	וִֽ/ידַעְתֶּ֖ם	c/3045	HC/Vqq2mp
Ezek 37:13	כִּֽי	3588 a	HC
Ezek 37:13	אֲנִ֣י	589	HPp1cs
Ezek 37:13	יְהוָ֑ה	3068	HNp
Ezek 37:13	בְּ/פִתְחִ֣/י	b/6605 a	HR/Vqc/Sp1cs
Ezek 37:13	אֶת	853	HTo
Ezek 37:13	קִבְרֽוֹתֵי/כֶ֗ם	6913	HNcmpc/Sp2mp
Ezek 37:13	וּ/בְ/הַעֲלוֹתִ֥/י	c/b/5927	HC/R/Vhc/Sp1cs
Ezek 37:13	אֶתְ/כֶ֛ם	853	HTo/Sp2mp
Ezek 37:13	מִ/קִּבְרוֹתֵי/כֶ֖ם	m/6913	HR/Ncmpc/Sp2mp
Ezek 37:13	עַמִּֽ/י	5971 a	HNcmsc/Sp1cs
Ezek 37:14	וְ/נָתַתִּ֨י	c/5414	HC/Vqq1cs
Ezek 37:14	רוּחִ֤/י	7307	HNcbsc/Sp1cs
Ezek 37:14	בָ/כֶם֙	b	HR/Sp2mp
Ezek 37:14	וִ/חְיִיתֶ֔ם	c/2421	HC/Vqq2mp
Ezek 37:14	וְ/הִנַּחְתִּ֥י	c/3240	HC/Vhq1cs
Ezek 37:14	אֶתְ/כֶ֖ם	853	HTo/Sp2mp
Ezek 37:14	עַל	5921 a	HR
Ezek 37:14	אַדְמַתְ/כֶ֑ם	127	HNcfsc/Sp2mp
Ezek 37:14	וִ/ידַעְתֶּ֞ם	c/3045	HC/Vqq2mp
Ezek 37:14	כִּי	3588 a	HC
Ezek 37:14	אֲנִ֧י	589	HPp1cs
Ezek 37:14	יְהוָ֛ה	3068	HNp
Ezek 37:14	דִּבַּ֥רְתִּי	1696	HVpp1cs
Ezek 37:14	וְ/עָשִׂ֖יתִי	c/6213 a	HC/Vqp1cs
Ezek 37:14	נְאֻם	5002	HNcmsc
Ezek 37:14	יְהוָֽה	3068	HNp
Ezek 37:15	וַ/יְהִ֥י	c/1961	HC/Vqw3ms
Ezek 37:15	דְבַר	1697	HNcmsc
Ezek 37:15	יְהוָ֖ה	3068	HNp
Ezek 37:15	אֵלַ֥/י	413	HR/Sp1cs
Ezek 37:15	לֵ/אמֹֽר	l/559	HR/Vqc
Ezek 37:16	וְ/אַתָּ֣ה	c/859 a	HC/Pp2ms
Ezek 37:16	בֶן	1121 a	HNcmsc
Ezek 37:16	אָדָ֗ם	120	HNcmsa
Ezek 37:16	קַח	3947	HVqv2ms
Ezek 37:16	לְ/ךָ֙	l	HR/Sp2ms
Ezek 37:16	עֵ֣ץ	6086	HNcmsa
Ezek 37:16	אֶחָ֔ד	259	HAcmsa
Ezek 37:16	וּ/כְתֹ֤ב	c/3789	HC/Vqv2ms
Ezek 37:16	עָלָי/ו֙	5921 a	HR/Sp3ms
Ezek 37:16	לִֽ/יהוּדָ֔ה	l/3063	HR/Np
Ezek 37:16	וְ/לִ/בְנֵ֥י	c/l/1121 a	HC/R/Ncmpc
Ezek 37:16	יִשְׂרָאֵ֖ל	3478	HNp
Ezek 37:16	חבר/ו	2270	HNcmsc/Sp3ms
Ezek 37:16	וּ/לְקַח֙	c/3947	HC/Vqv2ms
Ezek 37:16	עֵ֣ץ	6086	HNcmsa
Ezek 37:16	אֶחָ֔ד	259	HAcmsa
Ezek 37:16	וּ/כְת֣וֹב	c/3789	HC/Vqv2ms
Ezek 37:16	עָלָ֗י/ו	5921 a	HR/Sp3ms
Ezek 37:16	לְ/יוֹסֵף֙	l/3130	HR/Np
Ezek 37:16	עֵ֣ץ	6086	HNcmsc
Ezek 37:16	אֶפְרַ֔יִם	669	HNp
Ezek 37:16	וְ/כָל	c/3605	HC/Ncmsc
Ezek 37:16	בֵּ֥ית	1004 b	HNcmsc
Ezek 37:16	יִשְׂרָאֵ֖ל	3478	HNp
Ezek 37:16	חבר/ו	2270	HNcmsc/Sp3ms
Ezek 37:17	וְ/קָרַ֨ב	c/7126	HC/Vpv2ms
Ezek 37:17	אֹתָ֜/ם	853	HTo/Sp3mp
Ezek 37:17	אֶחָ֧ד	259	HAcmsa
Ezek 37:17	אֶל	413	HR
Ezek 37:17	אֶחָ֛ד	259	HAcmsa
Ezek 37:17	לְ/ךָ֖	l	HR/Sp2ms
Ezek 37:17	לְ/עֵ֣ץ	l/6086	HR/Ncmsa
Ezek 37:17	אֶחָ֑ד	259	HAcmsa
Ezek 37:17	וְ/הָי֥וּ	c/1961	HC/Vqq3cp
Ezek 37:17	לַ/אֲחָדִ֖ים	l/259	HR/Acmpa
Ezek 37:17	בְּ/יָדֶֽ/ךָ	b/3027	HR/Ncbsc/Sp2ms
Ezek 37:18	וְ/כַֽ/אֲשֶׁר֙	c/k/834 d	HC/R/Tr
Ezek 37:18	יֹאמְר֣וּ	559	HVqi3mp
Ezek 37:18	אֵלֶ֔י/ךָ	413	HR/Sp2ms
Ezek 37:18	בְּנֵ֥י	1121 a	HNcmpc
Ezek 37:18	עַמְּ/ךָ֖	5971 a	HNcmsc/Sp2ms
Ezek 37:18	לֵ/אמֹ֑ר	l/559	HR/Vqc
Ezek 37:18	הֲ/לֽוֹא	i/3808	HTi/Tn
Ezek 37:18	תַגִּ֥יד	5046	HVhi2ms
Ezek 37:18	לָ֖/נוּ	l	HR/Sp1cp
Ezek 37:18	מָה	4100	HTi
Ezek 37:18	אֵ֥לֶּה	428	HPdxcp
Ezek 37:18	לָּֽ/ךְ	l	HR/Sp2fs
Ezek 37:19	דַּבֵּ֣ר	1696	HVpv2ms
Ezek 37:19	אֲלֵ/הֶ֗ם	413	HR/Sp3mp
Ezek 37:19	כֹּֽה	3541	HD
Ezek 37:19	אָמַר֮	559	HVqp3ms
Ezek 37:19	אֲדֹנָ֣/י	136	HNcmpc/Sp1cs
Ezek 37:19	יְהוִה֒	3069	HNp
Ezek 37:19	הִנֵּה֩	2009	HTm
Ezek 37:19	אֲנִ֨י	589	HPp1cs
Ezek 37:19	לֹקֵ֜חַ	3947	HVqrmsa
Ezek 37:19	אֶת	853	HTo
Ezek 37:19	עֵ֤ץ	6086	HNcmsc
Ezek 37:19	יוֹסֵף֙	3130	HNp
Ezek 37:19	אֲשֶׁ֣ר	834 a	HTr
Ezek 37:19	בְּ/יַד	b/3027	HR/Ncbsc
Ezek 37:19	אֶפְרַ֔יִם	669	HNp
Ezek 37:19	וְ/שִׁבְטֵ֥י	c/7626	HC/Ncmpc
Ezek 37:19	יִשְׂרָאֵ֖ל	3478	HNp
Ezek 37:19	חבר/ו	2270	HNcmsc/Sp3ms
Ezek 37:19	וְ/נָתַתִּי֩	c/5414	HC/Vqq1cs
Ezek 37:19	אוֹתָ֨/ם	853	HTo/Sp3mp
Ezek 37:19	עָלָ֜י/ו	5921 a	HR/Sp3ms
Ezek 37:19	אֶת	854	HR
Ezek 37:19	עֵ֣ץ	6086	HNcmsc
Ezek 37:19	יְהוּדָ֗ה	3063	HNp
Ezek 37:19	וַֽ/עֲשִׂיתִ/ם֙	c/6213 a	HC/Vqq1cs/Sp3mp
Ezek 37:19	לְ/עֵ֣ץ	l/6086	HR/Ncmsa
Ezek 37:19	אֶחָ֔ד	259	HAcmsa
Ezek 37:19	וְ/הָי֥וּ	c/1961	HC/Vqq3cp
Ezek 37:19	אֶחָ֖ד	259	HAcmsa
Ezek 37:19	בְּ/יָדִֽ/י	b/3027	HR/Ncbsc/Sp1cs
Ezek 37:20	וְ/הָי֨וּ	c/1961	HC/Vqq3cp
Ezek 37:20	הָ/עֵצִ֜ים	d/6086	HTd/Ncmpa
Ezek 37:20	אֲֽשֶׁר	834 a	HTr
Ezek 37:20	תִּכְתֹּ֧ב	3789	HVqi2ms
Ezek 37:20	עֲלֵי/הֶ֛ם	5921 a	HR/Sp3mp
Ezek 37:20	בְּ/יָדְ/ךָ֖	b/3027	HR/Ncbsc/Sp2ms
Ezek 37:20	לְ/עֵינֵי/הֶֽם	l/5869 a	HR/Ncbdc/Sp3mp
Ezek 37:21	וְ/דַבֵּ֣ר	c/1696	HC/Vpv2ms
Ezek 37:21	אֲלֵי/הֶ֗ם	413	HR/Sp3mp
Ezek 37:21	כֹּֽה	3541	HD
Ezek 37:21	אָמַר֮	559	HVqp3ms
Ezek 37:21	אֲדֹנָ֣/י	136	HNcmpc/Sp1cs
Ezek 37:21	יְהוִה֒	3069	HNp
Ezek 37:21	הִנֵּ֨ה	2009	HTm
Ezek 37:21	אֲנִ֤י	589	HPp1cs
Ezek 37:21	לֹקֵ֨חַ֙	3947	HVqrmsa
Ezek 37:21	אֶת	853	HTo
Ezek 37:21	בְּנֵ֣י	1121 a	HNcmpc
Ezek 37:21	יִשְׂרָאֵ֔ל	3478	HNp
Ezek 37:21	מִ/בֵּ֥ין	m/996	HR/R
Ezek 37:21	הַ/גּוֹיִ֖ם	d/1471 a	HTd/Ncmpa
Ezek 37:21	אֲשֶׁ֣ר	834 a	HTr
Ezek 37:21	הָֽלְכוּ	1980	HVqp3cp
Ezek 37:21	שָׁ֑ם	8033	HD
Ezek 37:21	וְ/קִבַּצְתִּ֤י	c/6908	HC/Vpq1cs
Ezek 37:21	אֹתָ/ם֙	853	HTo/Sp3mp
Ezek 37:21	מִ/סָּבִ֔יב	m/5439	HR/Ncbsa
Ezek 37:21	וְ/הֵבֵאתִ֥י	c/935	HC/Vhq1cs
Ezek 37:21	אוֹתָ֖/ם	853	HTo/Sp3mp
Ezek 37:21	אֶל	413	HR
Ezek 37:21	אַדְמָתָֽ/ם	127	HNcfsc/Sp3mp
Ezek 37:22	וְ/עָשִׂ֣יתִי	c/6213 a	HC/Vqq1cs
Ezek 37:22	אֹ֠תָ/ם	853	HTo/Sp3mp
Ezek 37:22	לְ/ג֨וֹי	l/1471 a	HR/Ncmsa
Ezek 37:22	אֶחָ֤ד	259	HAcmsa
Ezek 37:22	בָּ/אָ֨רֶץ֙	b/776	HRd/Ncbsa
Ezek 37:22	בְּ/הָרֵ֣י	b/2022	HR/Ncmpc
Ezek 37:22	יִשְׂרָאֵ֔ל	3478	HNp
Ezek 37:22	וּ/מֶ֧לֶךְ	c/4428	HC/Ncmsa
Ezek 37:22	אֶחָ֛ד	259	HAcmsa
Ezek 37:22	יִֽהְיֶ֥ה	1961	HVqi3ms
Ezek 37:22	לְ/כֻלָּ֖/ם	l/3605	HR/Ncmsc/Sp3mp
Ezek 37:22	לְ/מֶ֑לֶךְ	l/4428	HR/Ncmsa
Ezek 37:22	וְ/לֹ֤א	c/3808	HC/Tn
Ezek 37:22	יהיה	1961	HVqi3ms
Ezek 37:22	עוֹד֙	5750	HD
Ezek 37:22	לִ/שְׁנֵ֣י	l/8147	HR/Acmdc
Ezek 37:22	גוֹיִ֔ם	1471 a	HNcmpa
Ezek 37:22	וְ/לֹ֨א	c/3808	HC/Tn
Ezek 37:22	יֵחָ֥צוּ	2673	HVNi3mp
Ezek 37:22	ע֛וֹד	5750	HD
Ezek 37:22	לִ/שְׁתֵּ֥י	l/8147	HR/Acfdc
Ezek 37:22	מַמְלָכ֖וֹת	4467	HNcfpa
Ezek 37:22	עֽוֹד	5750	HD
Ezek 37:23	וְ/לֹ֧א	c/3808	HC/Tn
Ezek 37:23	יִֽטַמְּא֣וּ	2930 a	HVti3mp
Ezek 37:23	ע֗וֹד	5750	HD
Ezek 37:23	בְּ/גִלּֽוּלֵי/הֶם֙	b/1544	HR/Ncmpc/Sp3mp
Ezek 37:23	וּ/בְ/שִׁקּ֣וּצֵי/הֶ֔ם	c/b/8251	HC/R/Ncmpc/Sp3mp
Ezek 37:23	וּ/בְ/כֹ֖ל	c/b/3605	HC/R/Ncmsc
Ezek 37:23	פִּשְׁעֵי/הֶ֑ם	6588	HNcmpc/Sp3mp
Ezek 37:23	וְ/הוֹשַׁעְתִּ֣י	c/3467	HC/Vhq1cs
Ezek 37:23	אֹתָ֗/ם	853	HTo/Sp3mp
Ezek 37:23	מִ/כֹּ֤ל	m/3605	HR/Ncmsc
Ezek 37:23	מוֹשְׁבֹֽתֵי/הֶם֙	4186	HNcmpc/Sp3mp
Ezek 37:23	אֲשֶׁ֣ר	834 a	HTr
Ezek 37:23	חָטְא֣וּ	2398	HVqp3cp
Ezek 37:23	בָ/הֶ֔ם	b	HR/Sp3mp
Ezek 37:23	וְ/טִהַרְתִּ֤י	c/2891	HC/Vpq1cs
Ezek 37:23	אוֹתָ/ם֙	853	HTo/Sp3mp
Ezek 37:23	וְ/הָיוּ	c/1961	HC/Vqq3cp
Ezek 37:23	לִ֣/י	l	HR/Sp1cs
Ezek 37:23	לְ/עָ֔ם	l/5971 a	HR/Ncmsa
Ezek 37:23	וַ/אֲנִ֕י	c/589	HC/Pp1cs
Ezek 37:23	אֶהְיֶ֥ה	1961	HVqi1cs
Ezek 37:23	לָ/הֶ֖ם	l	HR/Sp3mp
Ezek 37:23	לֵ/אלֹהִֽים	l/430	HR/Ncmpa
Ezek 37:24	וְ/עַבְדִּ֤/י	c/5650	HC/Ncmsc/Sp1cs
Ezek 37:24	דָוִד֙	1732	HNp
Ezek 37:24	מֶ֣לֶךְ	4428	HNcmsa
Ezek 37:24	עֲלֵי/הֶ֔ם	5921 a	HR/Sp3mp
Ezek 37:24	וְ/רוֹעֶ֥ה	c/7462 b	HC/Vqrmsa
Ezek 37:24	אֶחָ֖ד	259	HAcmsa
Ezek 37:24	יִהְיֶ֣ה	1961	HVqi3ms
Ezek 37:24	לְ/כֻלָּ֑/ם	l/3605	HR/Ncmsc/Sp3mp
Ezek 37:24	וּ/בְ/מִשְׁפָּטַ֣/י	c/b/4941	HC/R/Ncmpc/Sp1cs
Ezek 37:24	יֵלֵ֔כוּ	3212	HVqi3mp
Ezek 37:24	וְ/חֻקֹּתַ֥/י	c/2708	HC/Ncbpc/Sp1cs
Ezek 37:24	יִשְׁמְר֖וּ	8104	HVqi3mp
Ezek 37:24	וְ/עָשׂ֥וּ	c/6213 a	HC/Vqq3cp
Ezek 37:24	אוֹתָֽ/ם	853	HTo/Sp3mp
Ezek 37:25	וְ/יָשְׁב֣וּ	c/3427	HC/Vqq3cp
Ezek 37:25	עַל	5921 a	HR
Ezek 37:25	הָ/אָ֗רֶץ	d/776	HTd/Ncbsa
Ezek 37:25	אֲשֶׁ֤ר	834 a	HTr
Ezek 37:25	נָתַ֨תִּי֙	5414	HVqp1cs
Ezek 37:25	לְ/עַבְדִּ֣/י	l/5650	HR/Ncmsc/Sp1cs
Ezek 37:25	לְ/יַֽעֲקֹ֔ב	l/3290	HR/Np
Ezek 37:25	אֲשֶׁ֥ר	834 a	HTr
Ezek 37:25	יָֽשְׁבוּ	3427	HVqp3cp
Ezek 37:25	בָ֖/הּ	b	HR/Sp3fs
Ezek 37:25	אֲבֽוֹתֵי/כֶ֑ם	1	HNcmpc/Sp2mp
Ezek 37:25	וְ/יָשְׁב֣וּ	c/3427	HC/Vqq3cp
Ezek 37:25	עָלֶ֡י/הָ	5921 a	HR/Sp3fs
Ezek 37:25	הֵ֠מָּה	1992	HPp3mp
Ezek 37:25	וּ/בְנֵי/הֶ֞ם	c/1121 a	HC/Ncmpc/Sp3mp
Ezek 37:25	וּ/בְנֵ֤י	c/1121 a	HC/Ncmpc
Ezek 37:25	בְנֵי/הֶם֙	1121 a	HNcmpc/Sp3mp
Ezek 37:25	עַד	5704	HR
Ezek 37:25	עוֹלָ֔ם	5769	HNcmsa
Ezek 37:25	וְ/דָוִ֣ד	c/1732	HC/Np
Ezek 37:25	עַבְדִּ֔/י	5650	HNcmsc/Sp1cs
Ezek 37:25	נָשִׂ֥יא	5387 a	HNcmsa
Ezek 37:25	לָ/הֶ֖ם	l	HR/Sp3mp
Ezek 37:25	לְ/עוֹלָֽם	l/5769	HR/Ncmsa
Ezek 37:26	וְ/כָרַתִּ֤י	c/3772	HC/Vqq1cs
Ezek 37:26	לָ/הֶם֙	l	HR/Sp3mp
Ezek 37:26	בְּרִ֣ית	1285	HNcfsc
Ezek 37:26	שָׁל֔וֹם	7965	HNcmsa
Ezek 37:26	בְּרִ֥ית	1285	HNcfsc
Ezek 37:26	עוֹלָ֖ם	5769	HNcmsa
Ezek 37:26	יִהְיֶ֣ה	1961	HVqi3ms
Ezek 37:26	אוֹתָ֑/ם	853	HTo/Sp3mp
Ezek 37:26	וּ/נְתַתִּי/ם֙	c/5414	HC/Vqq1cs/Sp3mp
Ezek 37:26	וְ/הִרְבֵּיתִ֣י	c/7235 a	HC/Vhq1cs
Ezek 37:26	אוֹתָ֔/ם	853	HTo/Sp3mp
Ezek 37:26	וְ/נָתַתִּ֧י	c/5414	HC/Vqq1cs
Ezek 37:26	אֶת	853	HTo
Ezek 37:26	מִקְדָּשִׁ֛/י	4720	HNcmsc/Sp1cs
Ezek 37:26	בְּ/תוֹכָ֖/ם	b/8432	HR/Ncmsc/Sp3mp
Ezek 37:26	לְ/עוֹלָֽם	l/5769	HR/Ncmsa
Ezek 37:27	וְ/הָיָ֤ה	c/1961	HC/Vqq3ms
Ezek 37:27	מִשְׁכָּנִ/י֙	4908	HNcmsc/Sp1cs
Ezek 37:27	עֲלֵי/הֶ֔ם	5921 a	HR/Sp3mp
Ezek 37:27	וְ/הָיִ֥יתִי	c/1961	HC/Vqq1cs
Ezek 37:27	לָ/הֶ֖ם	l	HR/Sp3mp
Ezek 37:27	לֵֽ/אלֹהִ֑ים	l/430	HR/Ncmpa
Ezek 37:27	וְ/הֵ֖מָּה	c/1992	HC/Pp3mp
Ezek 37:27	יִֽהְיוּ	1961	HVqi3mp
Ezek 37:27	לִ֥/י	l	HR/Sp1cs
Ezek 37:27	לְ/עָֽם	l/5971 a	HR/Ncmsa
Ezek 37:28	וְ/יָֽדְעוּ֙	c/3045	HC/Vqq3cp
Ezek 37:28	הַ/גּוֹיִ֔ם	d/1471 a	HTd/Ncmpa
Ezek 37:28	כִּ֚י	3588 a	HC
Ezek 37:28	אֲנִ֣י	589	HPp1cs
Ezek 37:28	יְהוָ֔ה	3068	HNp
Ezek 37:28	מְקַדֵּ֖שׁ	6942	HVprmsa
Ezek 37:28	אֶת	853	HTo
Ezek 37:28	יִשְׂרָאֵ֑ל	3478	HNp
Ezek 37:28	בִּ/הְי֧וֹת	b/1961	HR/Vqc
Ezek 37:28	מִקְדָּשִׁ֛/י	4720	HNcmsc/Sp1cs
Ezek 37:28	בְּ/תוֹכָ֖/ם	b/8432	HR/Ncmsc/Sp3mp
Ezek 37:28	לְ/עוֹלָֽם	l/5769	HR/Ncmsa
Ezek 38:1	וַ/יְהִ֥י	c/1961	HC/Vqw3ms
Ezek 38:1	דְבַר	1697	HNcmsc
Ezek 38:1	יְהוָ֖ה	3068	HNp
Ezek 38:1	אֵלַ֥/י	413	HR/Sp1cs
Ezek 38:1	לֵ/אמֹֽר	l/559	HR/Vqc
Ezek 38:2	בֶּן	1121 a	HNcmsc
Ezek 38:2	אָדָ֗ם	120	HNcmsa
Ezek 38:2	שִׂ֤ים	7760 a	HVqv2ms
Ezek 38:2	פָּנֶ֨י/ךָ֙	6440	HNcbpc/Sp2ms
Ezek 38:2	אֶל	413	HR
Ezek 38:2	גּוֹג֙	1463	HNp
Ezek 38:2	אֶ֣רֶץ	776	HNcbsc
Ezek 38:2	הַ/מָּג֔וֹג	d/4031	HTd/Np
Ezek 38:2	נְשִׂ֕יא	5387 a	HNcmsc
Ezek 38:2	רֹ֖אשׁ	7218 b	HNcmsc
Ezek 38:2	מֶ֣שֶׁךְ	4902	HNp
Ezek 38:2	וְ/תֻבָ֑ל	c/8422	HC/Np
Ezek 38:2	וְ/הִנָּבֵ֖א	c/5012	HC/VNv2ms
Ezek 38:2	עָלָֽי/ו	5921 a	HR/Sp3ms
Ezek 38:3	וְ/אָ֣מַרְתָּ֔	c/559	HC/Vqq2ms
Ezek 38:3	כֹּ֥ה	3541	HD
Ezek 38:3	אָמַ֖ר	559	HVqp3ms
Ezek 38:3	אֲדֹנָ֣/י	136	HNcmpc/Sp1cs
Ezek 38:3	יְהוִ֑ה	3069	HNp
Ezek 38:3	הִנְ/נִ֤י	2005	HTm/Sp1cs
Ezek 38:3	אֵלֶ֨י/ךָ֙	413	HR/Sp2ms
Ezek 38:3	גּ֔וֹג	1463	HNp
Ezek 38:3	נְשִׂ֕יא	5387 a	HNcmsc
Ezek 38:3	רֹ֖אשׁ	7218 b	HNcmsc
Ezek 38:3	מֶ֥שֶׁךְ	4902	HNp
Ezek 38:3	וְ/תֻבָֽל	c/8422	HC/Np
Ezek 38:4	וְ/שׁ֣וֹבַבְתִּ֔י/ךָ	c/7725	HC/Voq1cs/Sp2ms
Ezek 38:4	וְ/נָתַתִּ֥י	c/5414	HC/Vqq1cs
Ezek 38:4	חַחִ֖ים	2397	HNcmpa
Ezek 38:4	בִּ/לְחָיֶ֑י/ךָ	b/3895	HR/Ncbdc/Sp2ms
Ezek 38:4	וְ/הוֹצֵאתִי֩	c/3318	HC/Vhq1cs
Ezek 38:4	אוֹתְ/ךָ֨	853	HTo/Sp2ms
Ezek 38:4	וְ/אֶת	c/853	HC/To
Ezek 38:4	כָּל	3605	HNcmsc
Ezek 38:4	חֵילֶ֜/ךָ	2428	HNcmsc/Sp2ms
Ezek 38:4	סוּסִ֣ים	5483 b	HNcmpa
Ezek 38:4	וּ/פָרָשִׁ֗ים	c/6571 b	HC/Ncmpa
Ezek 38:4	לְבֻשֵׁ֤י	3847	HAampc
Ezek 38:4	מִכְלוֹל֙	4358	HNcmsa
Ezek 38:4	כֻּלָּ֔/ם	3605	HNcmsc/Sp3mp
Ezek 38:4	קָהָ֥ל	6951	HNcmsa
Ezek 38:4	רָב֙	7227 a	HAamsa
Ezek 38:4	צִנָּ֣ה	6793 c	HNcfsa
Ezek 38:4	וּ/מָגֵ֔ן	c/4043	HC/Ncbsa
Ezek 38:4	תֹּפְשֵׂ֥י	8610	HVqrmpc
Ezek 38:4	חֲרָב֖וֹת	2719	HNcfpa
Ezek 38:4	כֻּלָּֽ/ם	3605	HNcmsc/Sp3mp
Ezek 38:5	פָּרַ֛ס	6539	HNp
Ezek 38:5	כּ֥וּשׁ	3568 a	HNp
Ezek 38:5	וּ/פ֖וּט	c/6316	HC/Np
Ezek 38:5	אִתָּ֑/ם	854	HR/Sp3mp
Ezek 38:5	כֻּלָּ֖/ם	3605	HNcmsc/Sp3mp
Ezek 38:5	מָגֵ֥ן	4043	HNcbsa
Ezek 38:5	וְ/כוֹבָֽע	c/3553	HC/Ncmsa
Ezek 38:6	גֹּ֚מֶר	1586	HNp
Ezek 38:6	וְ/כָל	c/3605	HC/Ncmsc
Ezek 38:6	אֲגַפֶּ֔י/הָ	102	HNcmpc/Sp3fs
Ezek 38:6	בֵּ֚ית	1004 b	HNcmsc
Ezek 38:6	תּֽוֹגַרְמָ֔ה	8425	HNp
Ezek 38:6	יַרְכְּתֵ֥י	3411	HNcfdc
Ezek 38:6	צָפ֖וֹן	6828	HNcfsa
Ezek 38:6	וְ/אֶת	c/853	HC/To
Ezek 38:6	כָּל	3605	HNcmsc
Ezek 38:6	אֲגַפָּ֑י/ו	102	HNcmpc/Sp3ms
Ezek 38:6	עַמִּ֥ים	5971 a	HNcmpa
Ezek 38:6	רַבִּ֖ים	7227 a	HAampa
Ezek 38:6	אִתָּֽ/ךְ	854	HR/Sp2fs
Ezek 38:7	הִכֹּן֙	3559 a	HVNv2ms
Ezek 38:7	וְ/הָכֵ֣ן	c/3559 a	HC/Vhv2ms
Ezek 38:7	לְ/ךָ֔	l	HR/Sp2ms
Ezek 38:7	אַתָּ֕ה	859 a	HPp2ms
Ezek 38:7	וְ/כָל	c/3605	HC/Ncmsc
Ezek 38:7	קְהָלֶ֖/ךָ	6951	HNcmsc/Sp2ms
Ezek 38:7	הַ/נִּקְהָלִ֣ים	d/6950	HTd/VNsmpa
Ezek 38:7	עָלֶ֑י/ךָ	5921 a	HR/Sp2ms
Ezek 38:7	וְ/הָיִ֥יתָ	c/1961	HC/Vqq2ms
Ezek 38:7	לָ/הֶ֖ם	l	HR/Sp3mp
Ezek 38:7	לְ/מִשְׁמָֽר	l/4929	HR/Ncmsa
Ezek 38:8	מִ/יָּמִ֣ים	m/3117	HR/Ncmpa
Ezek 38:8	רַבִּים֮	7227 a	HAampa
Ezek 38:8	תִּפָּקֵד֒	6485 a	HVNi2ms
Ezek 38:8	בְּ/אַחֲרִ֨ית	b/319	HR/Ncfsc
Ezek 38:8	הַ/שָּׁנִ֜ים	d/8141	HTd/Ncfpa
Ezek 38:8	תָּב֣וֹא	935	HVqi2ms
Ezek 38:8	אֶל	413	HR
Ezek 38:8	אֶ֣רֶץ	776	HNcbsa
Ezek 38:8	מְשׁוֹבֶ֣בֶת	7725	HVosfsa
Ezek 38:8	מֵ/חֶ֗רֶב	m/2719	HR/Ncfsa
Ezek 38:8	מְקֻבֶּ֨צֶת֙	6908	HVPsfsa
Ezek 38:8	מֵ/עַמִּ֣ים	m/5971 a	HR/Ncmpa
Ezek 38:8	רַבִּ֔ים	7227 a	HAampa
Ezek 38:8	עַ֚ל	5921 a	HR
Ezek 38:8	הָרֵ֣י	2022	HNcmpc
Ezek 38:8	יִשְׂרָאֵ֔ל	3478	HNp
Ezek 38:8	אֲשֶׁר	834 a	HTr
Ezek 38:8	הָי֥וּ	1961	HVqp3cp
Ezek 38:8	לְ/חָרְבָּ֖ה	l/2723	HR/Ncfsa
Ezek 38:8	תָּמִ֑יד	8548	HNcmsa
Ezek 38:8	וְ/הִיא֙	c/1931	HC/Pp3fs
Ezek 38:8	מֵ/עַמִּ֣ים	m/5971 a	HR/Ncmpa
Ezek 38:8	הוּצָ֔אָה	3318	HVHp3fs
Ezek 38:8	וְ/יָשְׁב֥וּ	c/3427	HC/Vqq3cp
Ezek 38:8	לָ/בֶ֖טַח	l/983	HR/Ncmsa
Ezek 38:8	כֻּלָּֽ/ם	3605	HNcmsc/Sp3mp
Ezek 38:9	וְ/עָלִ֨יתָ֙	c/5927	HC/Vqq2ms
Ezek 38:9	כַּ/שֹּׁאָ֣ה	k/7722 b	HRd/Ncfsa
Ezek 38:9	תָב֔וֹא	935	HVqi2ms
Ezek 38:9	כֶּ/עָנָ֛ן	k/6051	HRd/Ncmsa
Ezek 38:9	לְ/כַסּ֥וֹת	l/3680	HR/Vpc
Ezek 38:9	הָ/אָ֖רֶץ	d/776	HTd/Ncbsa
Ezek 38:9	תִּֽהְיֶ֑ה	1961	HVqi2ms
Ezek 38:9	אַתָּה֙	859 a	HPp2ms
Ezek 38:9	וְ/כָל	c/3605	HC/Ncmsc
Ezek 38:9	אֲגַפֶּ֔י/ךָ	102	HNcmpc/Sp2ms
Ezek 38:9	וְ/עַמִּ֥ים	c/5971 a	HC/Ncmpa
Ezek 38:9	רַבִּ֖ים	7227 a	HAampa
Ezek 38:9	אוֹתָֽ/ךְ	853	HTo/Sp2fs
Ezek 38:10	כֹּ֥ה	3541	HD
Ezek 38:10	אָמַ֖ר	559	HVqp3ms
Ezek 38:10	אֲדֹנָ֣/י	136	HNcmpc/Sp1cs
Ezek 38:10	יְהוִ֑ה	3069	HNp
Ezek 38:10	וְ/הָיָ֣ה	c/1961	HC/Vqq3ms
Ezek 38:10	בַּ/יּ֣וֹם	b/3117	HRd/Ncmsa
Ezek 38:10	הַ/ה֗וּא	d/1931	HTd/Pp3ms
Ezek 38:10	יַעֲל֤וּ	5927	HVqi3mp
Ezek 38:10	דְבָרִים֙	1697	HNcmpa
Ezek 38:10	עַל	5921 a	HR
Ezek 38:10	לְבָבֶ֔/ךָ	3824	HNcmsc/Sp2ms
Ezek 38:10	וְ/חָשַׁבְתָּ֖	c/2803	HC/Vqq2ms
Ezek 38:10	מַחֲשֶׁ֥בֶת	4284	HNcfsc
Ezek 38:10	רָעָֽה	7451 a	HAafsa
Ezek 38:11	וְ/אָמַרְתָּ֗	c/559	HC/Vqq2ms
Ezek 38:11	אֶֽעֱלֶה֙	5927	HVqi1cs
Ezek 38:11	עַל	5921 a	HR
Ezek 38:11	אֶ֣רֶץ	776	HNcbsc
Ezek 38:11	פְּרָז֔וֹת	6519	HNcfpa
Ezek 38:11	אָבוֹא֙	935	HVqi1cs
Ezek 38:11	הַ/שֹּׁ֣קְטִ֔ים	d/8252	HTd/Vqrmpa
Ezek 38:11	יֹשְׁבֵ֖י	3427	HVqrmpc
Ezek 38:11	לָ/בֶ֑טַח	l/983	HR/Ncmsa
Ezek 38:11	כֻּלָּ֗/ם	3605	HNcmsc/Sp3mp
Ezek 38:11	יֹֽשְׁבִים֙	3427	HVqrmpa
Ezek 38:11	בְּ/אֵ֣ין	b/369	HR/Tn
Ezek 38:11	חוֹמָ֔ה	2346	HNcfsa
Ezek 38:11	וּ/בְרִ֥יחַ	c/1280	HC/Ncmsa
Ezek 38:11	וּ/דְלָתַ֖יִם	c/1817 c	HC/Ncfda
Ezek 38:11	אֵ֥ין	369	HTn
Ezek 38:11	לָ/הֶֽם	l	HR/Sp3mp
Ezek 38:12	לִ/שְׁלֹ֥ל	l/7997 b	HR/Vqc
Ezek 38:12	שָׁלָ֖ל	7998	HNcmsa
Ezek 38:12	וְ/לָ/בֹ֣ז	c/l/962	HC/R/Vqc
Ezek 38:12	בַּ֑ז	957	HNcmsa
Ezek 38:12	לְ/הָשִׁ֨יב	l/7725	HR/Vhc
Ezek 38:12	יָדְ/ךָ֜	3027	HNcbsc/Sp2ms
Ezek 38:12	עַל	5921 a	HR
Ezek 38:12	חֳרָב֣וֹת	2723	HNcfpa
Ezek 38:12	נוֹשָׁבֹ֗ת	3427	HVNsfpa
Ezek 38:12	וְ/אֶל	c/413	HC/R
Ezek 38:12	עַם֙	5971 a	HNcmsa
Ezek 38:12	מְאֻסָּ֣ף	622	HVPsmsa
Ezek 38:12	מִ/גּוֹיִ֔ם	m/1471 a	HR/Ncmpa
Ezek 38:12	עֹשֶׂה֙	6213 a	HVqrmsa
Ezek 38:12	מִקְנֶ֣ה	4735	HNcmsa
Ezek 38:12	וְ/קִנְיָ֔ן	c/7075	HC/Ncmsa
Ezek 38:12	יֹשְׁבֵ֖י	3427	HVqrmpc
Ezek 38:12	עַל	5921 a	HR
Ezek 38:12	טַבּ֥וּר	2872	HNcmsc
Ezek 38:12	הָ/אָֽרֶץ	d/776	HTd/Ncbsa
Ezek 38:13	שְׁבָ֡א	7614	HNp
Ezek 38:13	וּ֠/דְדָן	c/1719 a	HC/Np
Ezek 38:13	וְ/סֹחֲרֵ֨י	c/5503	HC/Vqrmpc
Ezek 38:13	תַרְשִׁ֤ישׁ	8659	HNp
Ezek 38:13	וְ/כָל	c/3605	HC/Ncmsc
Ezek 38:13	כְּפִרֶ֨י/הָ֙	3715 a	HNcmpc/Sp3fs
Ezek 38:13	יֹאמְר֣וּ	559	HVqi3mp
Ezek 38:13	לְ/ךָ֔	l	HR/Sp2ms
Ezek 38:13	הֲ/לִ/שְׁלֹ֤ל	i/l/7997 b	HTi/R/Vqc
Ezek 38:13	שָׁלָל֙	7998	HNcmsa
Ezek 38:13	אַתָּ֣ה	859 a	HPp2ms
Ezek 38:13	בָ֔א	935	HVqrmsa
Ezek 38:13	הֲ/לָ/בֹ֥ז	i/l/962	HTi/R/Vqc
Ezek 38:13	בַּ֖ז	957	HNcmsa
Ezek 38:13	הִקְהַ֣לְתָּ	6950	HVhp2ms
Ezek 38:13	קְהָלֶ֑/ךָ	6951	HNcmsc/Sp2ms
Ezek 38:13	לָ/שֵׂ֣את	l/5375	HR/Vqc
Ezek 38:13	כֶּ֣סֶף	3701	HNcmsa
Ezek 38:13	וְ/זָהָ֗ב	c/2091	HC/Ncmsa
Ezek 38:13	לָ/קַ֨חַת֙	l/3947	HR/Vqc
Ezek 38:13	מִקְנֶ֣ה	4735	HNcmsa
Ezek 38:13	וְ/קִנְיָ֔ן	c/7075	HC/Ncmsa
Ezek 38:13	לִ/שְׁלֹ֖ל	l/7997 b	HR/Vqc
Ezek 38:13	שָׁלָ֥ל	7998	HNcmsa
Ezek 38:13	גָּדֽוֹל	1419 a	HAamsa
Ezek 38:14	לָ/כֵן֙	l/3651 c	HR/D
Ezek 38:14	הִנָּבֵ֣א	5012	HVNv2ms
Ezek 38:14	בֶן	1121 a	HNcmsc
Ezek 38:14	אָדָ֔ם	120	HNcmsa
Ezek 38:14	וְ/אָמַרְתָּ֣	c/559	HC/Vqq2ms
Ezek 38:14	לְ/ג֔וֹג	l/1463	HR/Np
Ezek 38:14	כֹּ֥ה	3541	HD
Ezek 38:14	אָמַ֖ר	559	HVqp3ms
Ezek 38:14	אֲדֹנָ֣/י	136	HNcmpc/Sp1cs
Ezek 38:14	יְהוִ֑ה	3069	HNp
Ezek 38:14	הֲ/ל֣וֹא	i/3808	HTi/Tn
Ezek 38:14	בַּ/יּ֣וֹם	b/3117	HRd/Ncmsa
Ezek 38:14	הַ/ה֗וּא	d/1931	HTd/Pp3ms
Ezek 38:14	בְּ/שֶׁ֨בֶת	b/3427	HR/Vqc
Ezek 38:14	עַמִּ֧/י	5971 a	HNcmsc/Sp1cs
Ezek 38:14	יִשְׂרָאֵ֛ל	3478	HNp
Ezek 38:14	לָ/בֶ֖טַח	l/983	HR/Ncmsa
Ezek 38:14	תֵּדָֽע	3045	HVqi2ms
Ezek 38:15	וּ/בָ֤אתָ	c/935	HC/Vqq2ms
Ezek 38:15	מִ/מְּקֽוֹמְ/ךָ֙	m/4725	HR/Ncmsc/Sp2ms
Ezek 38:15	מִ/יַּרְכְּתֵ֣י	m/3411	HR/Ncfdc
Ezek 38:15	צָפ֔וֹן	6828	HNcfsa
Ezek 38:15	אַתָּ֕ה	859 a	HPp2ms
Ezek 38:15	וְ/עַמִּ֥ים	c/5971 a	HC/Ncmpa
Ezek 38:15	רַבִּ֖ים	7227 a	HAampa
Ezek 38:15	אִתָּ֑/ךְ	854	HR/Sp2fs
Ezek 38:15	רֹכְבֵ֤י	7392	HVqrmpc
Ezek 38:15	סוּסִים֙	5483 b	HNcmpa
Ezek 38:15	כֻּלָּ֔/ם	3605	HNcmsc/Sp3mp
Ezek 38:15	קָהָ֥ל	6951	HNcmsa
Ezek 38:15	גָּד֖וֹל	1419 a	HAamsa
Ezek 38:15	וְ/חַ֥יִל	c/2428	HC/Ncmsa
Ezek 38:15	רָֽב	7227 a	HAamsa
Ezek 38:16	וְ/עָלִ֨יתָ֙	c/5927	HC/Vqq2ms
Ezek 38:16	עַל	5921 a	HR
Ezek 38:16	עַמִּ֣/י	5971 a	HNcmsc/Sp1cs
Ezek 38:16	יִשְׂרָאֵ֔ל	3478	HNp
Ezek 38:16	כֶּֽ/עָנָ֖ן	k/6051	HRd/Ncmsa
Ezek 38:16	לְ/כַסּ֣וֹת	l/3680	HR/Vpc
Ezek 38:16	הָ/אָ֑רֶץ	d/776	HTd/Ncbsa
Ezek 38:16	בְּ/אַחֲרִ֨ית	b/319	HR/Ncfsc
Ezek 38:16	הַ/יָּמִ֜ים	d/3117	HTd/Ncmpa
Ezek 38:16	תִּֽהְיֶ֗ה	1961	HVqi3fs
Ezek 38:16	וַ/הֲבִאוֹתִ֨י/ךָ֙	c/935	HC/Vhq1cs/Sp2ms
Ezek 38:16	עַל	5921 a	HR
Ezek 38:16	אַרְצִ֔/י	776	HNcbsc/Sp1cs
Ezek 38:16	לְמַעַן֩	4616	HR
Ezek 38:16	דַּ֨עַת	3045	HVqc
Ezek 38:16	הַ/גּוֹיִ֜ם	d/1471 a	HTd/Ncmpa
Ezek 38:16	אֹתִ֗/י	853	HTo/Sp1cs
Ezek 38:16	בְּ/הִקָּדְשִׁ֥/י	b/6942	HR/VNc/Sp1cs
Ezek 38:16	בְ/ךָ֛	b	HR/Sp2ms
Ezek 38:16	לְ/עֵינֵי/הֶ֖ם	l/5869 a	HR/Ncbdc/Sp3mp
Ezek 38:16	גּֽוֹג	1463	HNp
Ezek 38:17	כֹּֽה	3541	HD
Ezek 38:17	אָמַ֞ר	559	HVqp3ms
Ezek 38:17	אֲדֹנָ֣/י	136	HNcmpc/Sp1cs
Ezek 38:17	יְהוִ֗ה	3069	HNp
Ezek 38:17	הַֽ/אַתָּה	i/859 a	HTi/Pp2ms
Ezek 38:17	ה֨וּא	1931	HPp3ms
Ezek 38:17	אֲשֶׁר	834 a	HTr
Ezek 38:17	דִּבַּ֜רְתִּי	1696	HVpp1cs
Ezek 38:17	בְּ/יָמִ֣ים	b/3117	HR/Ncmpa
Ezek 38:17	קַדְמוֹנִ֗ים	6931	HAampa
Ezek 38:17	בְּ/יַד֙	b/3027	HR/Ncbsc
Ezek 38:17	עֲבָדַ/י֙	5650	HNcmpc/Sp1cs
Ezek 38:17	נְבִיאֵ֣י	5030	HNcmpc
Ezek 38:17	יִשְׂרָאֵ֔ל	3478	HNp
Ezek 38:17	הַֽ/נִּבְּאִ֛ים	d/5012	HTd/VNrmpa
Ezek 38:17	בַּ/יָּמִ֥ים	b/3117	HRd/Ncmpa
Ezek 38:17	הָ/הֵ֖ם	d/1992	HTd/Pp3mp
Ezek 38:17	שָׁנִ֑ים	8141	HNcfpa
Ezek 38:17	לְ/הָבִ֥יא	l/935	HR/Vhc
Ezek 38:17	אֹתְ/ךָ֖	853	HTo/Sp2ms
Ezek 38:17	עֲלֵי/הֶֽם	5921 a	HR/Sp3mp
Ezek 38:18	וְ/הָיָ֣ה	c/1961	HC/Vqq3ms
Ezek 38:18	בַּ/יּ֣וֹם	b/3117	HRd/Ncmsa
Ezek 38:18	הַ/ה֗וּא	d/1931	HTd/Pp3ms
Ezek 38:18	בְּ/י֨וֹם	b/3117	HR/Ncmsc
Ezek 38:18	בּ֥וֹא	935	HVqc
Ezek 38:18	גוֹג֙	1463	HNp
Ezek 38:18	עַל	5921 a	HR
Ezek 38:18	אַדְמַ֣ת	127	HNcfsc
Ezek 38:18	יִשְׂרָאֵ֔ל	3478	HNp
Ezek 38:18	נְאֻ֖ם	5002	HNcmsc
Ezek 38:18	אֲדֹנָ֣/י	136	HNcmpc/Sp1cs
Ezek 38:18	יְהוִ֑ה	3069	HNp
Ezek 38:18	תַּעֲלֶ֥ה	5927	HVqi3fs
Ezek 38:18	חֲמָתִ֖/י	2534	HNcfsc/Sp1cs
Ezek 38:18	בְּ/אַפִּֽ/י	b/639	HR/Ncmsc/Sp1cs
Ezek 38:19	וּ/בְ/קִנְאָתִ֥/י	c/b/7068	HC/R/Ncfsc/Sp1cs
Ezek 38:19	בְ/אֵשׁ	b/784	HR/Ncbsc
Ezek 38:19	עֶבְרָתִ֖/י	5678	HNcfsc/Sp1cs
Ezek 38:19	דִּבַּ֑רְתִּי	1696	HVpp1cs
Ezek 38:19	אִם	518 a	HC
Ezek 38:19	לֹ֣א	3808	HTn
Ezek 38:19	בַּ/יּ֣וֹם	b/3117	HRd/Ncmsa
Ezek 38:19	הַ/ה֗וּא	d/1931	HTd/Pp3ms
Ezek 38:19	יִֽהְיֶה֙	1961	HVqi3ms
Ezek 38:19	רַ֣עַשׁ	7494	HNcmsa
Ezek 38:19	גָּד֔וֹל	1419 a	HAamsa
Ezek 38:19	עַ֖ל	5921 a	HR
Ezek 38:19	אַדְמַ֥ת	127	HNcfsc
Ezek 38:19	יִשְׂרָאֵֽל	3478	HNp
Ezek 38:20	וְ/רָעֲשׁ֣וּ	c/7493	HC/Vqq3cp
Ezek 38:20	מִ/פָּנַ֡/י	m/6440	HR/Ncbpc/Sp1cs
Ezek 38:20	דְּגֵ֣י	1709	HNcmpc
Ezek 38:20	הַ/יָּם֩	d/3220	HTd/Ncmsa
Ezek 38:20	וְ/ע֨וֹף	c/5775	HC/Ncmsc
Ezek 38:20	הַ/שָּׁמַ֜יִם	d/8064	HTd/Ncmpa
Ezek 38:20	וְ/חַיַּ֣ת	c/2416 c	HC/Ncfsc
Ezek 38:20	הַ/שָּׂדֶ֗ה	d/7704 b	HTd/Ncmsa
Ezek 38:20	וְ/כָל	c/3605	HC/Ncmsc
Ezek 38:20	הָ/רֶ֨מֶשׂ֙	d/7431	HTd/Ncmsa
Ezek 38:20	הָ/רֹמֵ֣שׂ	d/7430	HTd/Vqrmsa
Ezek 38:20	עַל	5921 a	HR
Ezek 38:20	הָֽ/אֲדָמָ֔ה	d/127	HTd/Ncfsa
Ezek 38:20	וְ/כֹל֙	c/3605	HC/Ncmsc
Ezek 38:20	הָֽ/אָדָ֔ם	d/120	HTd/Ncmsa
Ezek 38:20	אֲשֶׁ֖ר	834 a	HTr
Ezek 38:20	עַל	5921 a	HR
Ezek 38:20	פְּנֵ֣י	6440	HNcbpc
Ezek 38:20	הָ/אֲדָמָ֑ה	d/127	HTd/Ncfsa
Ezek 38:20	וְ/נֶהֶרְס֣וּ	c/2040	HC/VNq3cp
Ezek 38:20	הֶ/הָרִ֗ים	d/2022	HTd/Ncmpa
Ezek 38:20	וְ/נָֽפְלוּ֙	c/5307	HC/Vqq3cp
Ezek 38:20	הַ/מַּדְרֵג֔וֹת	d/4095	HTd/Ncfpa
Ezek 38:20	וְ/כָל	c/3605	HC/Ncmsc
Ezek 38:20	חוֹמָ֖ה	2346	HNcfsa
Ezek 38:20	לָ/אָ֥רֶץ	l/776	HRd/Ncbsa
Ezek 38:20	תִּפּֽוֹל	5307	HVqi3fs
Ezek 38:21	וְ/קָרָ֨אתִי	c/7121	HC/Vqq1cs
Ezek 38:21	עָלָ֤י/ו	5921 a	HR/Sp3ms
Ezek 38:21	לְ/כָל	l/3605	HR/Ncmsc
Ezek 38:21	הָרַ/י֙	2022	HNcmpc/Sp1cs
Ezek 38:21	חֶ֔רֶב	2719	HNcfsa
Ezek 38:21	נְאֻ֖ם	5002	HNcmsc
Ezek 38:21	אֲדֹנָ֣/י	136	HNcmpc/Sp1cs
Ezek 38:21	יְהוִ֑ה	3069	HNp
Ezek 38:21	חֶ֥רֶב	2719	HNcfsc
Ezek 38:21	אִ֖ישׁ	376	HNcmsa
Ezek 38:21	בְּ/אָחִ֥י/ו	b/251	HR/Ncmsc/Sp3ms
Ezek 38:21	תִּֽהְיֶֽה	1961	HVqi3fs
Ezek 38:22	וְ/נִשְׁפַּטְתִּ֥י	c/8199	HC/VNq1cs
Ezek 38:22	אִתּ֖/וֹ	854	HR/Sp3ms
Ezek 38:22	בְּ/דֶ֣בֶר	b/1698	HR/Ncmsa
Ezek 38:22	וּ/בְ/דָ֑ם	c/b/1818	HC/R/Ncmsa
Ezek 38:22	וְ/גֶ֣שֶׁם	c/1653	HC/Ncmsa
Ezek 38:22	שׁוֹטֵף֩	7857	HVqrmsa
Ezek 38:22	וְ/אַבְנֵ֨י	c/68	HC/Ncfpc
Ezek 38:22	אֶלְגָּבִ֜ישׁ	417	HNcmsa
Ezek 38:22	אֵ֣שׁ	784	HNcbsa
Ezek 38:22	וְ/גָפְרִ֗ית	c/1614	HC/Ncfsa
Ezek 38:22	אַמְטִ֤יר	4305	HVhi1cs
Ezek 38:22	עָלָי/ו֙	5921 a	HR/Sp3ms
Ezek 38:22	וְ/עַל	c/5921 a	HC/R
Ezek 38:22	אֲגַפָּ֔י/ו	102	HNcmpc/Sp3ms
Ezek 38:22	וְ/עַל	c/5921 a	HC/R
Ezek 38:22	עַמִּ֥ים	5971 a	HNcmpa
Ezek 38:22	רַבִּ֖ים	7227 a	HAampa
Ezek 38:22	אֲשֶׁ֥ר	834 a	HTr
Ezek 38:22	אִתּֽ/וֹ	854	HR/Sp3ms
Ezek 38:23	וְ/הִתְגַּדִּלְתִּי֙	c/1431	HC/Vtq1cs
Ezek 38:23	וְ/הִתְקַדִּשְׁתִּ֔י	c/6942	HC/Vtq1cs
Ezek 38:23	וְ/נ֣וֹדַעְתִּ֔י	c/3045	HC/VNq1cs
Ezek 38:23	לְ/עֵינֵ֖י	l/5869 a	HR/Ncbdc
Ezek 38:23	גּוֹיִ֣ם	1471 a	HNcmpa
Ezek 38:23	רַבִּ֑ים	7227 a	HAampa
Ezek 38:23	וְ/יָדְע֖וּ	c/3045	HC/Vqq3cp
Ezek 38:23	כִּֽי	3588 a	HC
Ezek 38:23	אֲנִ֥י	589	HPp1cs
Ezek 38:23	יְהוָֽה	3068	HNp
Ezek 39:1	וְ/אַתָּ֤ה	c/859 a	HC/Pp2ms
Ezek 39:1	בֶן	1121 a	HNcmsc
Ezek 39:1	אָדָם֙	120	HNcmsa
Ezek 39:1	הִנָּבֵ֣א	5012	HVNv2ms
Ezek 39:1	עַל	5921 a	HR
Ezek 39:1	גּ֔וֹג	1463	HNp
Ezek 39:1	וְ/אָ֣מַרְתָּ֔	c/559	HC/Vqq2ms
Ezek 39:1	כֹּ֥ה	3541	HD
Ezek 39:1	אָמַ֖ר	559	HVqp3ms
Ezek 39:1	אֲדֹנָ֣/י	136	HNcmpc/Sp1cs
Ezek 39:1	יְהוִ֑ה	3069	HNp
Ezek 39:1	הִנְ/נִ֤י	2005	HTm/Sp1cs
Ezek 39:1	אֵלֶ֨י/ךָ֙	413	HR/Sp2ms
Ezek 39:1	גּ֔וֹג	1463	HNp
Ezek 39:1	נְשִׂ֕יא	5387 a	HNcmsc
Ezek 39:1	רֹ֖אשׁ	7218 b	HNcmsc
Ezek 39:1	מֶ֥שֶׁךְ	4902	HNp
Ezek 39:1	וְ/תֻבָֽל	c/8422	HC/Np
Ezek 39:2	וְ/שֹׁבַבְתִּ֨י/ךָ֙	c/7725	HC/Voq1cs/Sp2ms
Ezek 39:2	וְ/שִׁשֵּׁאתִ֔י/ךָ	c/8338	HC/Vpq1cs/Sp2ms
Ezek 39:2	וְ/הַעֲלִיתִ֖י/ךָ	c/5927	HC/Vhq1cs/Sp2ms
Ezek 39:2	מִ/יַּרְכְּתֵ֣י	m/3411	HR/Ncfdc
Ezek 39:2	צָפ֑וֹן	6828	HNcfsa
Ezek 39:2	וַ/הֲבִאוֹתִ֖/ךָ	c/935	HC/Vhq1cs/Sp2ms
Ezek 39:2	עַל	5921 a	HR
Ezek 39:2	הָרֵ֥י	2022	HNcmpc
Ezek 39:2	יִשְׂרָאֵֽל	3478	HNp
Ezek 39:3	וְ/הִכֵּיתִ֥י	c/5221	HC/Vhq1cs
Ezek 39:3	קַשְׁתְּ/ךָ֖	7198	HNcfsc/Sp2ms
Ezek 39:3	מִ/יַּ֣ד	m/3027	HR/Ncbsc
Ezek 39:3	שְׂמֹאולֶ֑/ךָ	8040	HNcmsc/Sp2ms
Ezek 39:3	וְ/חִצֶּ֕י/ךָ	c/2671	HC/Ncmpc/Sp2ms
Ezek 39:3	מִ/יַּ֥ד	m/3027	HR/Ncbsc
Ezek 39:3	יְמִינְ/ךָ֖	3225	HNcfsc/Sp2ms
Ezek 39:3	אַפִּֽיל	5307	HVhi1cs
Ezek 39:4	עַל	5921 a	HR
Ezek 39:4	הָרֵ֨י	2022	HNcmpc
Ezek 39:4	יִשְׂרָאֵ֜ל	3478	HNp
Ezek 39:4	תִּפּ֗וֹל	5307	HVqi2ms
Ezek 39:4	אַתָּה֙	859 a	HPp2ms
Ezek 39:4	וְ/כָל	c/3605	HC/Ncmsc
Ezek 39:4	אֲגַפֶּ֔י/ךָ	102	HNcmpc/Sp2ms
Ezek 39:4	וְ/עַמִּ֖ים	c/5971 a	HC/Ncmpa
Ezek 39:4	אֲשֶׁ֣ר	834 a	HTr
Ezek 39:4	אִתָּ֑/ךְ	854	HR/Sp2fs
Ezek 39:4	לְ/עֵ֨יט	l/5861	HR/Ncmsc
Ezek 39:4	צִפּ֧וֹר	6833	HNcbsa
Ezek 39:4	כָּל	3605	HNcmsc
Ezek 39:4	כָּנָ֛ף	3671	HNcfsa
Ezek 39:4	וְ/חַיַּ֥ת	c/2416 c	HC/Ncfsc
Ezek 39:4	הַ/שָּׂדֶ֖ה	d/7704 b	HTd/Ncmsa
Ezek 39:4	נְתַתִּ֥י/ךָ	5414	HVqp1cs/Sp2ms
Ezek 39:4	לְ/אָכְלָֽה	l/402	HR/Ncfsa
Ezek 39:5	עַל	5921 a	HR
Ezek 39:5	פְּנֵ֥י	6440	HNcbpc
Ezek 39:5	הַ/שָּׂדֶ֖ה	d/7704 b	HTd/Ncmsa
Ezek 39:5	תִּפּ֑וֹל	5307	HVqi2ms
Ezek 39:5	כִּ֚י	3588 a	HC
Ezek 39:5	אֲנִ֣י	589	HPp1cs
Ezek 39:5	דִבַּ֔רְתִּי	1696	HVpp1cs
Ezek 39:5	נְאֻ֖ם	5002	HNcmsc
Ezek 39:5	אֲדֹנָ֥/י	136	HNcmpc/Sp1cs
Ezek 39:5	יְהוִֽה	3069	HNp
Ezek 39:6	וְ/שִׁלַּחְתִּי	c/7971	HC/Vpq1cs
Ezek 39:6	אֵ֣שׁ	784	HNcbsa
Ezek 39:6	בְּ/מָג֔וֹג	b/4031	HR/Np
Ezek 39:6	וּ/בְ/יֹשְׁבֵ֥י	c/b/3427	HC/R/Vqrmpc
Ezek 39:6	הָ/אִיִּ֖ים	d/339	HTd/Ncmpa
Ezek 39:6	לָ/בֶ֑טַח	l/983	HR/Ncmsa
Ezek 39:6	וְ/יָדְע֖וּ	c/3045	HC/Vqq3cp
Ezek 39:6	כִּי	3588 a	HC
Ezek 39:6	אֲנִ֥י	589	HPp1cs
Ezek 39:6	יְהוָֽה	3068	HNp
Ezek 39:7	וְ/אֶת	c/853	HC/To
Ezek 39:7	שֵׁ֨ם	8034	HNcmsc
Ezek 39:7	קָדְשִׁ֜/י	6944	HNcmsc/Sp1cs
Ezek 39:7	אוֹדִ֗יעַ	3045	HVhi1cs
Ezek 39:7	בְּ/תוֹךְ֙	b/8432	HR/Ncmsc
Ezek 39:7	עַמִּ֣/י	5971 a	HNcmsc/Sp1cs
Ezek 39:7	יִשְׂרָאֵ֔ל	3478	HNp
Ezek 39:7	וְ/לֹֽא	c/3808	HC/Tn
Ezek 39:7	אַחֵ֥ל	2490 c	HVhi1cs
Ezek 39:7	אֶת	853	HTo
Ezek 39:7	שֵׁם	8034	HNcmsc
Ezek 39:7	קָדְשִׁ֖/י	6944	HNcmsc/Sp1cs
Ezek 39:7	ע֑וֹד	5750	HD
Ezek 39:7	וְ/יָדְע֤וּ	c/3045	HC/Vqq3cp
Ezek 39:7	הַ/גּוֹיִם֙	d/1471 a	HTd/Ncmpa
Ezek 39:7	כִּי	3588 a	HC
Ezek 39:7	אֲנִ֣י	589	HPp1cs
Ezek 39:7	יְהוָ֔ה	3068	HNp
Ezek 39:7	קָד֖וֹשׁ	6918	HAamsa
Ezek 39:7	בְּ/יִשְׂרָאֵֽל	b/3478	HR/Np
Ezek 39:8	הִנֵּ֤ה	2009	HTm
Ezek 39:8	בָאָה֙	935	HVqrfsa
Ezek 39:8	וְ/נִֽהְיָ֔תָה	c/1961	HC/VNq3fs
Ezek 39:8	נְאֻ֖ם	5002	HNcmsc
Ezek 39:8	אֲדֹנָ֣/י	136	HNcmpc/Sp1cs
Ezek 39:8	יְהוִ֑ה	3069	HNp
Ezek 39:8	ה֥וּא	1931	HPp3ms
Ezek 39:8	הַ/יּ֖וֹם	d/3117	HTd/Ncmsa
Ezek 39:8	אֲשֶׁ֥ר	834 a	HTr
Ezek 39:8	דִּבַּֽרְתִּי	1696	HVpp1cs
Ezek 39:9	וְֽ/יָצְא֞וּ	c/3318	HC/Vqq3cp
Ezek 39:9	יֹשְׁבֵ֣י	3427	HVqrmpc
Ezek 39:9	עָרֵ֣י	5892 b	HNcfpc
Ezek 39:9	יִשְׂרָאֵ֗ל	3478	HNp
Ezek 39:9	וּ/בִעֲר֡וּ	c/1197 a	HC/Vpq3cp
Ezek 39:9	וְ֠/הִשִּׂיקוּ	c/5400	HC/Vhq3cp
Ezek 39:9	בְּ/נֶ֨שֶׁק	b/5402	HR/Ncmsa
Ezek 39:9	וּ/מָגֵ֤ן	c/4043	HC/Ncbsa
Ezek 39:9	וְ/צִנָּה֙	c/6793 c	HC/Ncfsa
Ezek 39:9	בְּ/קֶ֣שֶׁת	b/7198	HR/Ncfsa
Ezek 39:9	וּ/בְ/חִצִּ֔ים	c/b/2671	HC/R/Ncmpa
Ezek 39:9	וּ/בְ/מַקֵּ֥ל	c/b/4731	HC/R/Ncmsc
Ezek 39:9	יָ֖ד	3027	HNcbsa
Ezek 39:9	וּ/בְ/רֹ֑מַח	c/b/7420	HC/R/Ncmsa
Ezek 39:9	וּ/בִעֲר֥וּ	c/1197 a	HC/Vpq3cp
Ezek 39:9	בָ/הֶ֛ם	b	HR/Sp3mp
Ezek 39:9	אֵ֖שׁ	784	HNcbsa
Ezek 39:9	שֶׁ֥בַע	7651	HAcfsa
Ezek 39:9	שָׁנִֽים	8141	HNcfpa
Ezek 39:10	וְ/לֹֽא	c/3808	HC/Tn
Ezek 39:10	יִשְׂא֨וּ	5375	HVqi3mp
Ezek 39:10	עֵצִ֜ים	6086	HNcmpa
Ezek 39:10	מִן	4480 a	HR
Ezek 39:10	הַ/שָּׂדֶ֗ה	d/7704 b	HTd/Ncmsa
Ezek 39:10	וְ/לֹ֤א	c/3808	HC/Tn
Ezek 39:10	יַחְטְבוּ֙	2404	HVqi3mp
Ezek 39:10	מִן	4480 a	HR
Ezek 39:10	הַ/יְּעָרִ֔ים	d/3293 a	HTd/Ncmpa
Ezek 39:10	כִּ֥י	3588 a	HC
Ezek 39:10	בַ/נֶּ֖שֶׁק	b/5402	HRd/Ncmsa
Ezek 39:10	יְבַֽעֲרוּ	1197 a	HVpi3mp
Ezek 39:10	אֵ֑שׁ	784	HNcbsa
Ezek 39:10	וְ/שָׁלְל֣וּ	c/7997 b	HC/Vqq3cp
Ezek 39:10	אֶת	853	HTo
Ezek 39:10	שֹׁלְלֵי/הֶ֗ם	7997 b	HVqrmpc/Sp3mp
Ezek 39:10	וּ/בָֽזְזוּ֙	c/962	HC/Vqq3cp
Ezek 39:10	אֶת	853	HTo
Ezek 39:10	בֹּ֣זְזֵי/הֶ֔ם	962	HVqrmpc/Sp3mp
Ezek 39:10	נְאֻ֖ם	5002	HNcmsc
Ezek 39:10	אֲדֹנָ֥/י	136	HNcmpc/Sp1cs
Ezek 39:10	יְהוִֽה	3069	HNp
Ezek 39:11	וְ/הָיָ֣ה	c/1961	HC/Vqq3ms
Ezek 39:11	בַ/יּ֣וֹם	b/3117	HRd/Ncmsa
Ezek 39:11	הַ/ה֡וּא	d/1931	HTd/Pp3ms
Ezek 39:11	אֶתֵּ֣ן	5414	HVqi1cs
Ezek 39:11	לְ/גוֹג֩	l/1463	HR/Np
Ezek 39:11	מְקֽוֹם	4725	HNcmsc
Ezek 39:11	שָׁ֨ם	8033	HD
Ezek 39:11	קֶ֜בֶר	6913	HNcmsa
Ezek 39:11	בְּ/יִשְׂרָאֵ֗ל	b/3478	HR/Np
Ezek 39:11	גֵּ֤י	1516	HNcbsc
Ezek 39:11	הָ/עֹֽבְרִים֙	d/5674 a	HTd/Vqrmpa
Ezek 39:11	קִדְמַ֣ת	6926	HNcfsc
Ezek 39:11	הַ/יָּ֔ם	d/3220	HTd/Ncmsa
Ezek 39:11	וְ/חֹסֶ֥מֶת	c/2629	HC/Vqrfsa
Ezek 39:11	הִ֖יא	1931	HPp3fs
Ezek 39:11	אֶת	853	HTo
Ezek 39:11	הָ/עֹֽבְרִ֑ים	d/5674 a	HTd/Vqrmpa
Ezek 39:11	וְ/קָ֣בְרוּ	c/6912	HC/Vqq3cp
Ezek 39:11	שָׁ֗ם	8033	HD
Ezek 39:11	אֶת	853	HTo
Ezek 39:11	גּוֹג֙	1463	HNp
Ezek 39:11	וְ/אֶת	c/853	HC/To
Ezek 39:11	כָּל	3605	HNcmsc
Ezek 39:11	הֲמוֹנֹ֔/ה	1995 a	HNcmsc/Sp3ms
Ezek 39:11	וְ/קָ֣רְא֔וּ	c/7121	HC/Vqq3cp
Ezek 39:11	גֵּ֖יא	1516	HNcbsc
Ezek 39:11	הֲמ֥וֹן	1996+	HNp
Ezek 39:11	גּֽוֹג	1996	HNp
Ezek 39:12	וּ/קְבָרוּ/ם֙	c/6912	HC/Vqq3cp/Sp3mp
Ezek 39:12	בֵּ֣ית	1004 b	HNcmsc
Ezek 39:12	יִשְׂרָאֵ֔ל	3478	HNp
Ezek 39:12	לְמַ֖עַן	4616	HR
Ezek 39:12	טַהֵ֣ר	2891	HVpc
Ezek 39:12	אֶת	853	HTo
Ezek 39:12	הָ/אָ֑רֶץ	d/776	HTd/Ncbsa
Ezek 39:12	שִׁבְעָ֖ה	7651	HAcmsa
Ezek 39:12	חֳדָשִֽׁים	2320	HNcmpa
Ezek 39:13	וְ/קָֽבְרוּ֙	c/6912	HC/Vqq3cp
Ezek 39:13	כָּל	3605	HNcmsc
Ezek 39:13	עַ֣ם	5971 a	HNcmsc
Ezek 39:13	הָ/אָ֔רֶץ	d/776	HTd/Ncbsa
Ezek 39:13	וְ/הָיָ֥ה	c/1961	HC/Vqq3ms
Ezek 39:13	לָ/הֶ֖ם	l	HR/Sp3mp
Ezek 39:13	לְ/שֵׁ֑ם	l/8034	HR/Ncmsa
Ezek 39:13	י֚וֹם	3117	HNcmsc
Ezek 39:13	הִכָּ֣בְדִ֔/י	3513	HVNc/Sp1cs
Ezek 39:13	נְאֻ֖ם	5002	HNcmsc
Ezek 39:13	אֲדֹנָ֥/י	136	HNcmpc/Sp1cs
Ezek 39:13	יְהוִֽה	3069	HNp
Ezek 39:14	וְ/אַנְשֵׁ֨י	c/376	HC/Ncmpc
Ezek 39:14	תָמִ֤יד	8548	HNcmsa
Ezek 39:14	יַבְדִּ֨ילוּ֙	914	HVhi3mp
Ezek 39:14	עֹבְרִ֣ים	5674 a	HVqrmpa
Ezek 39:14	בָּ/אָ֔רֶץ	b/776	HRd/Ncbsa
Ezek 39:14	מְקַבְּרִ֣ים	6912	HVprmpa
Ezek 39:14	אֶת	853	HTo
Ezek 39:14	הָ/עֹבְרִ֗ים	d/5674 a	HTd/Vqrmpa
Ezek 39:14	אֶת	853	HTo
Ezek 39:14	הַ/נּוֹתָרִ֛ים	d/3498	HTd/VNrmpa
Ezek 39:14	עַל	5921 a	HR
Ezek 39:14	פְּנֵ֥י	6440	HNcbpc
Ezek 39:14	הָ/אָ֖רֶץ	d/776	HTd/Ncbsa
Ezek 39:14	לְ/טַֽהֲרָ֑/הּ	l/2891	HR/Vpc/Sp3fs
Ezek 39:14	מִ/קְצֵ֥ה	m/7097 a	HR/Ncbsc
Ezek 39:14	שִׁבְעָֽה	7651	HAcmsa
Ezek 39:14	חֳדָשִׁ֖ים	2320	HNcmpa
Ezek 39:14	יַחְקֹֽרוּ	2713	HVqi3mp
Ezek 39:15	וְ/עָבְר֤וּ	c/5674 a	HC/Vqq3cp
Ezek 39:15	הָ/עֹֽבְרִים֙	d/5674 a	HTd/Vqrmpa
Ezek 39:15	בָּ/אָ֔רֶץ	b/776	HRd/Ncbsa
Ezek 39:15	וְ/רָאָה֙	c/7200	HC/Vqq3ms
Ezek 39:15	עֶ֣צֶם	6106	HNcfsc
Ezek 39:15	אָדָ֔ם	120	HNcmsa
Ezek 39:15	וּ/בָנָ֥ה	c/1129	HC/Vqq3ms
Ezek 39:15	אֶצְל֖/וֹ	681	HR/Sp3ms
Ezek 39:15	צִיּ֑וּן	6725	HNcmsa
Ezek 39:15	עַ֣ד	5704	HR
Ezek 39:15	קָבְר֤וּ	6912	HVqp3cp
Ezek 39:15	אֹת/וֹ֙	853	HTo/Sp3ms
Ezek 39:15	הַֽ/מְקַבְּרִ֔ים	d/6912	HTd/Vprmpa
Ezek 39:15	אֶל	413	HR
Ezek 39:15	גֵּ֖יא	1516	HNcbsc
Ezek 39:15	הֲמ֥וֹן	1996+	HNp
Ezek 39:15	גּֽוֹג	1996	HNp
Ezek 39:16	וְ/גַ֥ם	c/1571	HC/Ta
Ezek 39:16	שֶׁם	8034	HNcmsc
Ezek 39:16	עִ֛יר	5892 b	HNcfsa
Ezek 39:16	הֲמוֹנָ֖ה	1997	HNp
Ezek 39:16	וְ/טִהֲר֥וּ	c/2891	HC/Vpq3cp
Ezek 39:16	הָ/אָֽרֶץ	d/776	HTd/Ncbsa
Ezek 39:17	וְ/אַתָּ֨ה	c/859 a	HC/Pp2ms
Ezek 39:17	בֶן	1121 a	HNcmsc
Ezek 39:17	אָדָ֜ם	120	HNcmsa
Ezek 39:17	כֹּֽה	3541	HD
Ezek 39:17	אָמַ֣ר	559	HVqp3ms
Ezek 39:17	אֲדֹנָ֣/י	136	HNcmpc/Sp1cs
Ezek 39:17	יְהֹוִ֗ה	3069	HNp
Ezek 39:17	אֱמֹר֩	559	HVqv2ms
Ezek 39:17	לְ/צִפּ֨וֹר	l/6833	HR/Ncbsc
Ezek 39:17	כָּל	3605	HNcmsc
Ezek 39:17	כָּנָ֜ף	3671	HNcfsa
Ezek 39:17	וּ/לְ/כֹ֣ל	c/l/3605	HC/R/Ncmsc
Ezek 39:17	חַיַּ֣ת	2416 c	HNcfsc
Ezek 39:17	הַ/שָּׂדֶ֗ה	d/7704 b	HTd/Ncmsa
Ezek 39:17	הִקָּבְצ֤וּ	6908	HVNv2mp
Ezek 39:17	וָ/בֹ֨אוּ֙	c/935	HC/Vqv2mp
Ezek 39:17	הֵאָסְפ֣וּ	622	HVNv2mp
Ezek 39:17	מִ/סָּבִ֔יב	m/5439	HR/Ncbsa
Ezek 39:17	עַל	5921 a	HR
Ezek 39:17	זִבְחִ֗/י	2077	HNcmsc/Sp1cs
Ezek 39:17	אֲשֶׁ֨ר	834 a	HTr
Ezek 39:17	אֲנִ֜י	589	HPp1cs
Ezek 39:17	זֹבֵ֤חַ	2076	HVqrmsa
Ezek 39:17	לָ/כֶם֙	l	HR/Sp2mp
Ezek 39:17	זֶ֣בַח	2077	HNcmsa
Ezek 39:17	גָּד֔וֹל	1419 a	HAamsa
Ezek 39:17	עַ֖ל	5921 a	HR
Ezek 39:17	הָרֵ֣י	2022	HNcmpc
Ezek 39:17	יִשְׂרָאֵ֑ל	3478	HNp
Ezek 39:17	וַ/אֲכַלְתֶּ֥ם	c/398	HC/Vqq2mp
Ezek 39:17	בָּשָׂ֖ר	1320	HNcmsa
Ezek 39:17	וּ/שְׁתִ֥יתֶם	c/8354	HC/Vqq2mp
Ezek 39:17	דָּֽם	1818	HNcmsa
Ezek 39:18	בְּשַׂ֤ר	1320	HNcmsc
Ezek 39:18	גִּבּוֹרִים֙	1368	HAampa
Ezek 39:18	תֹּאכֵ֔לוּ	398	HVqi2mp
Ezek 39:18	וְ/דַם	c/1818	HC/Ncmsc
Ezek 39:18	נְשִׂיאֵ֥י	5387 a	HNcmpc
Ezek 39:18	הָ/אָ֖רֶץ	d/776	HTd/Ncbsa
Ezek 39:18	תִּשְׁתּ֑וּ	8354	HVqi2mp
Ezek 39:18	אֵילִ֨ים	352 a	HNcmpa
Ezek 39:18	כָּרִ֤ים	3733 c	HNcmpa
Ezek 39:18	וְ/עַתּוּדִים֙	c/6260	HC/Ncmpa
Ezek 39:18	פָּרִ֔ים	6499	HNcmpa
Ezek 39:18	מְרִיאֵ֥י	4806	HNcmpc
Ezek 39:18	בָשָׁ֖ן	1316	HNp
Ezek 39:18	כֻּלָּֽ/ם	3605	HNcmsc/Sp3mp
Ezek 39:19	וַ/אֲכַלְתֶּם	c/398	HC/Vqq2mp
Ezek 39:19	חֵ֣לֶב	2459	HNcmsa
Ezek 39:19	לְ/שָׂבְעָ֔ה	l/7654	HR/Ncfsa
Ezek 39:19	וּ/שְׁתִ֥יתֶם	c/8354	HC/Vqq2mp
Ezek 39:19	דָּ֖ם	1818	HNcmsa
Ezek 39:19	לְ/שִׁכָּר֑וֹן	l/7943	HR/Ncmsa
Ezek 39:19	מִ/זִּבְחִ֖/י	m/2077	HR/Ncmsc/Sp1cs
Ezek 39:19	אֲשֶׁר	834 a	HTr
Ezek 39:19	זָבַ֥חְתִּי	2076	HVqp1cs
Ezek 39:19	לָ/כֶֽם	l	HR/Sp2mp
Ezek 39:20	וּ/שְׂבַעְתֶּ֤ם	c/7646	HC/Vqq2mp
Ezek 39:20	עַל	5921 a	HR
Ezek 39:20	שֻׁלְחָנִ/י֙	7979	HNcmsc/Sp1cs
Ezek 39:20	ס֣וּס	5483 b	HNcmsa
Ezek 39:20	וָ/רֶ֔כֶב	c/7393	HC/Ncmsa
Ezek 39:20	גִּבּ֖וֹר	1368	HAamsa
Ezek 39:20	וְ/כָל	c/3605	HC/Ncmsc
Ezek 39:20	אִ֣ישׁ	376	HNcmsc
Ezek 39:20	מִלְחָמָ֑ה	4421	HNcfsa
Ezek 39:20	נְאֻ֖ם	5002	HNcmsc
Ezek 39:20	אֲדֹנָ֥/י	136	HNcmpc/Sp1cs
Ezek 39:20	יְהוִֽה	3069	HNp
Ezek 39:21	וְ/נָתַתִּ֥י	c/5414	HC/Vqq1cs
Ezek 39:21	אֶת	853	HTo
Ezek 39:21	כְּבוֹדִ֖/י	3519	HNcbsc/Sp1cs
Ezek 39:21	בַּ/גּוֹיִ֑ם	b/1471 a	HRd/Ncmpa
Ezek 39:21	וְ/רָא֣וּ	c/7200	HC/Vqq3cp
Ezek 39:21	כָל	3605	HNcmsc
Ezek 39:21	הַ/גּוֹיִ֗ם	d/1471 a	HTd/Ncmpa
Ezek 39:21	אֶת	853	HTo
Ezek 39:21	מִשְׁפָּטִ/י֙	4941	HNcmsc/Sp1cs
Ezek 39:21	אֲשֶׁ֣ר	834 a	HTr
Ezek 39:21	עָשִׂ֔יתִי	6213 a	HVqp1cs
Ezek 39:21	וְ/אֶת	c/853	HC/To
Ezek 39:21	יָדִ֖/י	3027	HNcbsc/Sp1cs
Ezek 39:21	אֲשֶׁר	834 a	HTr
Ezek 39:21	שַׂ֥מְתִּי	7760 a	HVqp1cs
Ezek 39:21	בָ/הֶֽם	b	HR/Sp3mp
Ezek 39:22	וְ/יָֽדְעוּ֙	c/3045	HC/Vqq3cp
Ezek 39:22	בֵּ֣ית	1004 b	HNcmsc
Ezek 39:22	יִשְׂרָאֵ֔ל	3478	HNp
Ezek 39:22	כִּ֛י	3588 a	HC
Ezek 39:22	אֲנִ֥י	589	HPp1cs
Ezek 39:22	יְהוָ֖ה	3068	HNp
Ezek 39:22	אֱלֹֽהֵי/הֶ֑ם	430	HNcmpc/Sp3mp
Ezek 39:22	מִן	4480 a	HR
Ezek 39:22	הַ/יּ֥וֹם	d/3117	HTd/Ncmsa
Ezek 39:22	הַ/ה֖וּא	d/1931	HTd/Pp3ms
Ezek 39:22	וָ/הָֽלְאָה	c/1973	HC/D
Ezek 39:23	וְ/יָדְע֣וּ	c/3045	HC/Vqq3cp
Ezek 39:23	הַ֠/גּוֹיִם	d/1471 a	HTd/Ncmpa
Ezek 39:23	כִּ֣י	3588 a	HC
Ezek 39:23	בַ/עֲוֺנָ֞/ם	b/5771	HR/Ncbsc/Sp3mp
Ezek 39:23	גָּל֣וּ	1540	HVqp3cp
Ezek 39:23	בֵֽית	1004 b	HNcmsc
Ezek 39:23	יִשְׂרָאֵ֗ל	3478	HNp
Ezek 39:23	עַ֚ל	5921 a	HR
Ezek 39:23	אֲשֶׁ֣ר	834 a	HTr
Ezek 39:23	מָֽעֲלוּ	4603	HVqp3cp
Ezek 39:23	בִ֔/י	b	HR/Sp1cs
Ezek 39:23	וָ/אַסְתִּ֥ר	c/5641	HC/Vhw1cs
Ezek 39:23	פָּנַ֖/י	6440	HNcbpc/Sp1cs
Ezek 39:23	מֵ/הֶ֑ם	m	HR/Sp3mp
Ezek 39:23	וָֽ/אֶתְּנֵ/ם֙	c/5414	HC/Vqw1cs/Sp3mp
Ezek 39:23	בְּ/יַ֣ד	b/3027	HR/Ncbsc
Ezek 39:23	צָרֵי/הֶ֔ם	6862 c	HNcmpc/Sp3mp
Ezek 39:23	וַ/יִּפְּל֥וּ	c/5307	HC/Vqw3mp
Ezek 39:23	בַ/חֶ֖רֶב	b/2719	HRd/Ncfsa
Ezek 39:23	כֻּלָּֽ/ם	3605	HNcmsc/Sp3mp
Ezek 39:24	כְּ/טֻמְאָתָ֥/ם	k/2932	HR/Ncfsc/Sp3mp
Ezek 39:24	וּ/כְ/פִשְׁעֵי/הֶ֖ם	c/k/6588	HC/R/Ncmpc/Sp3mp
Ezek 39:24	עָשִׂ֣יתִי	6213 a	HVqp1cs
Ezek 39:24	אֹתָ֑/ם	853	HTo/Sp3mp
Ezek 39:24	וָ/אַסְתִּ֥ר	c/5641	HC/Vhw1cs
Ezek 39:24	פָּנַ֖/י	6440	HNcbpc/Sp1cs
Ezek 39:24	מֵ/הֶֽם	m	HR/Sp3mp
Ezek 39:25	לָ/כֵ֗ן	l/3651 c	HR/D
Ezek 39:25	כֹּ֤ה	3541	HD
Ezek 39:25	אָמַר֙	559	HVqp3ms
Ezek 39:25	אֲדֹנָ֣/י	136	HNcmpc/Sp1cs
Ezek 39:25	יְהוִ֔ה	3069	HNp
Ezek 39:25	עַתָּ֗ה	6258	HD
Ezek 39:25	אָשִׁיב֙	7725	HVhi1cs
Ezek 39:25	אֶת	853	HTo
Ezek 39:25	שבית	7622	HNcfsc
Ezek 39:25	יַֽעֲקֹ֔ב	3290	HNp
Ezek 39:25	וְ/רִֽחַמְתִּ֖י	c/7355	HC/Vpq1cs
Ezek 39:25	כָּל	3605	HNcmsc
Ezek 39:25	בֵּ֣ית	1004 b	HNcmsc
Ezek 39:25	יִשְׂרָאֵ֑ל	3478	HNp
Ezek 39:25	וְ/קִנֵּאתִ֖י	c/7065	HC/Vpq1cs
Ezek 39:25	לְ/שֵׁ֥ם	l/8034	HR/Ncmsc
Ezek 39:25	קָדְשִֽׁ/י	6944	HNcmsc/Sp1cs
Ezek 39:26	וְ/נָשׂוּ֙	c/5375	HC/Vqq3cp
Ezek 39:26	אֶת	853	HTo
Ezek 39:26	כְּלִמָּתָ֔/ם	3639	HNcfsc/Sp3mp
Ezek 39:26	וְ/אֶת	c/853	HC/To
Ezek 39:26	כָּל	3605	HNcmsc
Ezek 39:26	מַעֲלָ֖/ם	4604	HNcmsc/Sp3mp
Ezek 39:26	אֲשֶׁ֣ר	834 a	HTr
Ezek 39:26	מָעֲלוּ	4603	HVqp3cp
Ezek 39:26	בִ֑/י	b	HR/Sp1cs
Ezek 39:26	בְּ/שִׁבְתָּ֧/ם	b/3427	HR/Vqc/Sp3mp
Ezek 39:26	עַל	5921 a	HR
Ezek 39:26	אַדְמָתָ֛/ם	127	HNcfsc/Sp3mp
Ezek 39:26	לָ/בֶ֖טַח	l/983	HR/Ncmsa
Ezek 39:26	וְ/אֵ֥ין	c/369	HC/Tn
Ezek 39:26	מַחֲרִֽיד	2729	HVhrmsa
Ezek 39:27	בְּ/שׁוֹבְבִ֤/י	b/7725	HR/Voc/Sp1cs
Ezek 39:27	אוֹתָ/ם֙	853	HTo/Sp3mp
Ezek 39:27	מִן	4480 a	HR
Ezek 39:27	הָ֣/עַמִּ֔ים	d/5971 a	HTd/Ncmpa
Ezek 39:27	וְ/קִבַּצְתִּ֣י	c/6908	HC/Vpq1cs
Ezek 39:27	אֹתָ֔/ם	853	HTo/Sp3mp
Ezek 39:27	מֵֽ/אַרְצ֖וֹת	m/776	HR/Ncbpc
Ezek 39:27	אֹֽיְבֵי/הֶ֑ם	341	HVqrmpc/Sp3mp
Ezek 39:27	וְ/נִקְדַּ֣שְׁתִּי	c/6942	HC/VNq1cs
Ezek 39:27	בָ֔/ם	b	HR/Sp3mp
Ezek 39:27	לְ/עֵינֵ֖י	l/5869 a	HR/Ncbdc
Ezek 39:27	הַ/גּוֹיִ֥ם	d/1471 a	HTd/Ncmpa
Ezek 39:27	רַבִּֽים	7227 a	HAampa
Ezek 39:28	וְ/יָדְע֗וּ	c/3045	HC/Vqq3cp
Ezek 39:28	כִּ֣י	3588 a	HC
Ezek 39:28	אֲנִ֤י	589	HPp1cs
Ezek 39:28	יְהוָה֙	3068	HNp
Ezek 39:28	אֱלֹ֣הֵי/הֶ֔ם	430	HNcmpc/Sp3mp
Ezek 39:28	בְּ/הַגְלוֹתִ֤/י	b/1540	HR/Vhc/Sp1cs
Ezek 39:28	אֹתָ/ם֙	853	HTo/Sp3mp
Ezek 39:28	אֶל	413	HR
Ezek 39:28	הַ/גּוֹיִ֔ם	d/1471 a	HTd/Ncmpa
Ezek 39:28	וְ/כִנַּסְתִּ֖י/ם	c/3664	HC/Vpq1cs/Sp3mp
Ezek 39:28	עַל	5921 a	HR
Ezek 39:28	אַדְמָתָ֑/ם	127	HNcfsc/Sp3mp
Ezek 39:28	וְ/לֹֽא	c/3808	HC/Tn
Ezek 39:28	אוֹתִ֥יר	3498	HVhi1cs
Ezek 39:28	ע֛וֹד	5750	HD
Ezek 39:28	מֵ/הֶ֖ם	m	HR/Sp3mp
Ezek 39:28	שָֽׁם	8033	HD
Ezek 39:29	וְ/לֹֽא	c/3808	HC/Tn
Ezek 39:29	אַסְתִּ֥יר	5641	HVhi1cs
Ezek 39:29	ע֛וֹד	5750	HD
Ezek 39:29	פָּנַ֖/י	6440	HNcbpc/Sp1cs
Ezek 39:29	מֵ/הֶ֑ם	m	HR/Sp3mp
Ezek 39:29	אֲשֶׁ֨ר	834 a	HTr
Ezek 39:29	שָׁפַ֤כְתִּי	8210	HVqp1cs
Ezek 39:29	אֶת	853	HTo
Ezek 39:29	רוּחִ/י֙	7307	HNcbsc/Sp1cs
Ezek 39:29	עַל	5921 a	HR
Ezek 39:29	בֵּ֣ית	1004 b	HNcmsc
Ezek 39:29	יִשְׂרָאֵ֔ל	3478	HNp
Ezek 39:29	נְאֻ֖ם	5002	HNcmsc
Ezek 39:29	אֲדֹנָ֥/י	136	HNcmpc/Sp1cs
Ezek 39:29	יְהוִֽה	3069	HNp
Ezek 40:1	בְּ/עֶשְׂרִ֣ים	b/6242	HR/Acbpa
Ezek 40:1	וְ/חָמֵ֣שׁ	c/2568	HC/Acfsa
Ezek 40:1	שָׁנָ֣ה	8141	HNcfsa
Ezek 40:1	לְ֠/גָלוּתֵ/נוּ	l/1546	HR/Ncfsc/Sp1cp
Ezek 40:1	בְּ/רֹ֨אשׁ	b/7218 a	HR/Ncmsc
Ezek 40:1	הַ/שָּׁנָ֜ה	d/8141	HTd/Ncfsa
Ezek 40:1	בֶּ/עָשׂ֣וֹר	b/6218	HRd/Ncmsa
Ezek 40:1	לַ/חֹ֗דֶשׁ	l/2320	HRd/Ncmsa
Ezek 40:1	בְּ/אַרְבַּ֤ע	b/702	HR/Acfsa
Ezek 40:1	עֶשְׂרֵה֙	6240	HAcfsa
Ezek 40:1	שָׁנָ֔ה	8141	HNcfsa
Ezek 40:1	אַחַ֕ר	310 a	HR
Ezek 40:1	אֲשֶׁ֥ר	834 a	HTr
Ezek 40:1	הֻכְּתָ֖ה	5221	HVHp3fs
Ezek 40:1	הָ/עִ֑יר	d/5892 b	HTd/Ncfsa
Ezek 40:1	בְּ/עֶ֣צֶם	b/6106	HR/Ncfsc
Ezek 40:1	הַ/יּ֣וֹם	d/3117	HTd/Ncmsa
Ezek 40:1	הַ/זֶּ֗ה	d/2088	HTd/Pdxms
Ezek 40:1	הָיְתָ֤ה	1961	HVqp3fs
Ezek 40:1	עָלַ/י֙	5921 a	HR/Sp1cs
Ezek 40:1	יַד	3027	HNcbsc
Ezek 40:1	יְהוָ֔ה	3068	HNp
Ezek 40:1	וַ/יָּבֵ֥א	c/935	HC/Vhw3ms
Ezek 40:1	אֹתִ֖/י	853	HTo/Sp1cs
Ezek 40:1	שָֽׁמָּ/ה	8033	HD/Sd
Ezek 40:2	בְּ/מַרְא֣וֹת	b/4759 a	HR/Ncfpc
Ezek 40:2	אֱלֹהִ֔ים	430	HNcmpa
Ezek 40:2	הֱבִיאַ֖/נִי	935	HVhp3ms/Sp1cs
Ezek 40:2	אֶל	413	HR
Ezek 40:2	אֶ֣רֶץ	776	HNcbsc
Ezek 40:2	יִשְׂרָאֵ֑ל	3478	HNp
Ezek 40:2	וַ/יְנִיחֵ֗/נִי	c/5117	HC/Vhw3ms/Sp1cs
Ezek 40:2	אֶל	413	HR
Ezek 40:2	הַ֤ר	2022	HNcmsa
Ezek 40:2	גָּבֹ֨הַּ֙	1364	HAamsa
Ezek 40:2	מְאֹ֔ד	3966	HD
Ezek 40:2	וְ/עָלָ֥י/ו	c/5921 a	HC/R/Sp3ms
Ezek 40:2	כְּ/מִבְנֵה	k/4011	HR/Ncmsc
Ezek 40:2	עִ֖יר	5892 b	HNcfsa
Ezek 40:2	מִ/נֶּֽגֶב	m/5045	HR/Ncmsa
Ezek 40:3	וַ/יָּבֵ֨יא	c/935	HC/Vhw3ms
Ezek 40:3	אוֹתִ֜/י	853	HTo/Sp1cs
Ezek 40:3	שָׁ֗מָּ/ה	8033	HD/Sd
Ezek 40:3	וְ/הִנֵּה	c/2009	HC/Tm
Ezek 40:3	אִישׁ֙	376	HNcmsa
Ezek 40:3	מַרְאֵ֨/הוּ֙	4758	HNcmsc/Sp3ms
Ezek 40:3	כְּ/מַרְאֵ֣ה	k/4758	HR/Ncmsc
Ezek 40:3	נְחֹ֔שֶׁת	5178 a	HNcfsa
Ezek 40:3	וּ/פְתִיל	c/6616	HC/Ncmsc
Ezek 40:3	פִּשְׁתִּ֥ים	6593	HNcmpa
Ezek 40:3	בְּ/יָד֖/וֹ	b/3027	HR/Ncbsc/Sp3ms
Ezek 40:3	וּ/קְנֵ֣ה	c/7070	HC/Ncmsc
Ezek 40:3	הַ/מִּדָּ֑ה	d/4060 a	HTd/Ncfsa
Ezek 40:3	וְ/ה֥וּא	c/1931	HC/Pp3ms
Ezek 40:3	עֹמֵ֖ד	5975	HVqrmsa
Ezek 40:3	בַּ/שָּֽׁעַר	b/8179	HRd/Ncmsa
Ezek 40:4	וַ/יְדַבֵּ֨ר	c/1696	HC/Vpw3ms
Ezek 40:4	אֵלַ֜/י	413	HR/Sp1cs
Ezek 40:4	הָ/אִ֗ישׁ	d/376	HTd/Ncmsa
Ezek 40:4	בֶּן	1121 a	HNcmsc
Ezek 40:4	אָדָ֡ם	120	HNcmsa
Ezek 40:4	רְאֵ֣ה	7200	HVqv2ms
Ezek 40:4	בְ/עֵינֶי/ךָ֩	b/5869 a	HR/Ncbdc/Sp2ms
Ezek 40:4	וּ/בְ/אָזְנֶ֨י/ךָ	c/b/241	HC/R/Ncfdc/Sp2ms
Ezek 40:4	שְּׁמָ֜ע	8085	HVqv2ms
Ezek 40:4	וְ/שִׂ֣ים	c/7760 a	HC/Vqv2ms
Ezek 40:4	לִבְּ/ךָ֗	3820 a	HNcmsc/Sp2ms
Ezek 40:4	לְ/כֹ֤ל	l/3605	HR/Ncmsa
Ezek 40:4	אֲשֶׁר	834 a	HTr
Ezek 40:4	אֲנִי֙	589	HPp1cs
Ezek 40:4	מַרְאֶ֣ה	7200	HVhrmsa
Ezek 40:4	אוֹתָ֔/ךְ	853	HTo/Sp2fs
Ezek 40:4	כִּ֛י	3588 a	HC
Ezek 40:4	לְמַ֥עַן	4616	HR
Ezek 40:4	הַרְאוֹתְ/כָ֖ה	7200	HVhc/Sp2ms
Ezek 40:4	הֻבָ֣אתָה	935	HVHp2ms
Ezek 40:4	הֵ֑נָּה	2008	HD
Ezek 40:4	הַגֵּ֛ד	5046	HVhv2ms
Ezek 40:4	אֶת	853	HTo
Ezek 40:4	כָּל	3605	HNcmsc
Ezek 40:4	אֲשֶׁר	834 a	HTr
Ezek 40:4	אַתָּ֥ה	859 a	HPp2ms
Ezek 40:4	רֹאֶ֖ה	7200	HVqrmsa
Ezek 40:4	לְ/בֵ֥ית	l/1004 b	HR/Ncmsc
Ezek 40:4	יִשְׂרָאֵֽל	3478	HNp
Ezek 40:5	וְ/הִנֵּ֥ה	c/2009	HC/Tm
Ezek 40:5	חוֹמָ֛ה	2346	HNcfsa
Ezek 40:5	מִ/ח֥וּץ	m/2351	HR/Ncmsa
Ezek 40:5	לַ/בַּ֖יִת	l/1004 b	HRd/Ncmsa
Ezek 40:5	סָבִ֣יב	5439	HNcbsa
Ezek 40:5	סָבִ֑יב	5439	HNcbsa
Ezek 40:5	וּ/בְ/יַ֨ד	c/b/3027	HC/R/Ncbsc
Ezek 40:5	הָ/אִ֜ישׁ	d/376	HTd/Ncmsa
Ezek 40:5	קְנֵ֣ה	7070	HNcmsc
Ezek 40:5	הַ/מִּדָּ֗ה	d/4060 a	HTd/Ncfsa
Ezek 40:5	שֵׁשׁ	8337	HAcfsa
Ezek 40:5	אַמּ֤וֹת	520 a	HNcfpa
Ezek 40:5	בָּֽ/אַמָּה֙	b/520 a	HRd/Ncfsa
Ezek 40:5	וָ/טֹ֔פַח	c/2948	HC/Ncmsa
Ezek 40:5	וַ/יָּ֜מָד	c/4058	HC/Vqw3ms
Ezek 40:5	אֶת	853	HTo
Ezek 40:5	רֹ֤חַב	7341	HNcmsc
Ezek 40:5	הַ/בִּנְיָן֙	d/1146	HTd/Ncmsa
Ezek 40:5	קָנֶ֣ה	7070	HNcmsa
Ezek 40:5	אֶחָ֔ד	259	HAcmsa
Ezek 40:5	וְ/קוֹמָ֖ה	c/6967	HC/Ncfsa
Ezek 40:5	קָנֶ֥ה	7070	HNcmsa
Ezek 40:5	אֶחָֽד	259	HAcmsa
Ezek 40:6	וַ/יָּב֗וֹא	c/935	HC/Vqw3ms
Ezek 40:6	אֶל	413	HR
Ezek 40:6	שַׁ֨עַר֙	8179	HNcmsa
Ezek 40:6	אֲשֶׁ֤ר	834 a	HTr
Ezek 40:6	פָּנָי/ו֙	6440	HNcbpc/Sp3ms
Ezek 40:6	דֶּ֣רֶךְ	1870	HNcbsc
Ezek 40:6	הַ/קָּדִ֔ימָ/ה	d/6921	HTd/Ncmsa/Sd
Ezek 40:6	וַ/יַּ֖עַל	c/5927	HC/Vqw3ms
Ezek 40:6	ב/מעלות/ו	b/4609 b	HR/Ncfpc/Sp3ms
Ezek 40:6	וַ/יָּ֣מָד	c/4058	HC/Vqw3ms
Ezek 40:6	אֶת	853	HTo
Ezek 40:6	סַ֣ף	5592 b	HNcmsc
Ezek 40:6	הַ/שַּׁ֗עַר	d/8179	HTd/Ncmsa
Ezek 40:6	קָנֶ֤ה	7070	HNcmsa
Ezek 40:6	אֶחָד֙	259	HAcmsa
Ezek 40:6	רֹ֔חַב	7341	HNcmsa
Ezek 40:6	וְ/אֵת֙	c/853	HC/To
Ezek 40:6	סַ֣ף	5592 b	HNcmsa
Ezek 40:6	אֶחָ֔ד	259	HAcmsa
Ezek 40:6	קָנֶ֥ה	7070	HNcmsa
Ezek 40:6	אֶחָ֖ד	259	HAcmsa
Ezek 40:6	רֹֽחַב	7341	HNcmsa
Ezek 40:7	וְ/הַ/תָּ֗א	c/d/8372	HC/Td/Ncmsa
Ezek 40:7	קָנֶ֨ה	7070	HNcmsa
Ezek 40:7	אֶחָ֥ד	259	HAcmsa
Ezek 40:7	אֹ֨רֶךְ֙	753	HNcmsa
Ezek 40:7	וְ/קָנֶ֤ה	c/7070	HC/Ncmsa
Ezek 40:7	אֶחָד֙	259	HAcmsa
Ezek 40:7	רֹ֔חַב	7341	HNcmsa
Ezek 40:7	וּ/בֵ֥ין	c/996	HC/R
Ezek 40:7	הַ/תָּאִ֖ים	d/8372	HTd/Ncmpa
Ezek 40:7	חָמֵ֣שׁ	2568	HAcfsa
Ezek 40:7	אַמּ֑וֹת	520 a	HNcfpa
Ezek 40:7	וְ/סַ֣ף	c/5592 b	HC/Ncmsc
Ezek 40:7	הַ֠/שַּׁעַר	d/8179	HTd/Ncmsa
Ezek 40:7	מֵ/אֵ֨צֶל	m/681	HR/R
Ezek 40:7	אוּלָ֥ם	197	HNcmsc
Ezek 40:7	הַ/שַּׁ֛עַר	d/8179	HTd/Ncmsa
Ezek 40:7	מֵֽ/הַ/בַּ֖יִת	m/d/1004 b	HR/Td/Ncmsa
Ezek 40:7	קָנֶ֥ה	7070	HNcmsa
Ezek 40:7	אֶחָֽד	259	HAcmsa
Ezek 40:8	וַ/יָּ֜מָד	c/4058	HC/Vqw3ms
Ezek 40:8	אֶת	853	HTo
Ezek 40:8	אֻלָ֥ם	197	HNcmsc
Ezek 40:8	הַ/שַּׁ֛עַר	d/8179	HTd/Ncmsa
Ezek 40:8	מֵ/הַ/בַּ֖יִת	m/d/1004 b	HR/Td/Ncmsa
Ezek 40:8	קָנֶ֥ה	7070	HNcmsa
Ezek 40:8	אֶחָֽד	259	HAcmsa
Ezek 40:9	וַ/יָּ֜מָד	c/4058	HC/Vqw3ms
Ezek 40:9	אֶת	853	HTo
Ezek 40:9	אֻלָ֤ם	197	HNcmsc
Ezek 40:9	הַ/שַּׁ֨עַר֙	d/8179	HTd/Ncmsa
Ezek 40:9	שְׁמֹנֶ֣ה	8083	HAcfsa
Ezek 40:9	אַמּ֔וֹת	520 a	HNcfpa
Ezek 40:9	ו/איל/ו	c/352 b	HC/Ncmsc/Sp3ms
Ezek 40:9	שְׁתַּ֣יִם	8147	HAcfda
Ezek 40:9	אַמּ֑וֹת	520 a	HNcfpa
Ezek 40:9	וְ/אֻלָ֥ם	c/197	HC/Ncmsc
Ezek 40:9	הַ/שַּׁ֖עַר	d/8179	HTd/Ncmsa
Ezek 40:9	מֵ/הַ/בָּֽיִת	m/d/1004 b	HR/Td/Ncmsa
Ezek 40:10	וְ/תָאֵ֨י	c/8372	HC/Ncmpc
Ezek 40:10	הַ/שַּׁ֜עַר	d/8179	HTd/Ncmsa
Ezek 40:10	דֶּ֣רֶךְ	1870	HNcbsc
Ezek 40:10	הַ/קָּדִ֗ים	d/6921	HTd/Ncmsa
Ezek 40:10	שְׁלֹשָׁ֤ה	7969	HAcmsa
Ezek 40:10	מִ/פֹּה֙	m/6311	HR/D
Ezek 40:10	וּ/שְׁלֹשָׁ֣ה	c/7969	HC/Acmsa
Ezek 40:10	מִ/פֹּ֔ה	m/6311	HR/D
Ezek 40:10	מִדָּ֥ה	4060 a	HNcfsa
Ezek 40:10	אַחַ֖ת	259	HAcfsa
Ezek 40:10	לִ/שְׁלָשְׁתָּ֑/ם	l/7969	HR/Acmsc/Sp3mp
Ezek 40:10	וּ/מִדָּ֥ה	c/4060 a	HC/Ncfsa
Ezek 40:10	אַחַ֛ת	259	HAcfsa
Ezek 40:10	לָ/אֵילִ֖ם	l/352 b	HRd/Ncmpa
Ezek 40:10	מִ/פֹּ֥ה	m/6311	HR/D
Ezek 40:10	וּ/מִ/פּֽוֹ	c/m/6311	HC/R/D
Ezek 40:11	וַ/יָּ֛מָד	c/4058	HC/Vqw3ms
Ezek 40:11	אֶת	853	HTo
Ezek 40:11	רֹ֥חַב	7341	HNcmsc
Ezek 40:11	פֶּֽתַח	6607	HNcmsc
Ezek 40:11	הַ/שַּׁ֖עַר	d/8179	HTd/Ncmsa
Ezek 40:11	עֶ֣שֶׂר	6235	HAcfsa
Ezek 40:11	אַמּ֑וֹת	520 a	HNcfpa
Ezek 40:11	אֹ֣רֶךְ	753	HNcmsc
Ezek 40:11	הַ/שַּׁ֔עַר	d/8179	HTd/Ncmsa
Ezek 40:11	שְׁל֥וֹשׁ	7969	HAcfsa
Ezek 40:11	עֶשְׂרֵ֖ה	6240	HAcfsa
Ezek 40:11	אַמּֽוֹת	520 a	HNcfpa
Ezek 40:12	וּ/גְב֞וּל	c/1366	HC/Ncmsa
Ezek 40:12	לִ/פְנֵ֤י	l/6440	HR/Ncbpc
Ezek 40:12	הַ/תָּאוֹת֙	d/8372	HTd/Ncmpa
Ezek 40:12	אַמָּ֣ה	520 a	HNcfsa
Ezek 40:12	אֶחָ֔ת	259	HAcfsa
Ezek 40:12	וְ/אַמָּה	c/520 a	HC/Ncfsa
Ezek 40:12	אַחַ֥ת	259	HAcfsa
Ezek 40:12	גְּב֖וּל	1366	HNcmsa
Ezek 40:12	מִ/פֹּ֑ה	m/6311	HR/D
Ezek 40:12	וְ/הַ/תָּ֕א	c/d/8372	HC/Td/Ncmsa
Ezek 40:12	שֵׁשׁ	8337	HAcfsa
Ezek 40:12	אַמּ֣וֹת	520 a	HNcfpa
Ezek 40:12	מִ/פּ֔וֹ	m/6311	HR/D
Ezek 40:12	וְ/שֵׁ֥שׁ	c/8337	HC/Acfsa
Ezek 40:12	אַמּ֖וֹת	520 a	HNcfpa
Ezek 40:12	מִ/פּֽוֹ	m/6311	HR/D
Ezek 40:13	וַ/יָּ֣מָד	c/4058	HC/Vqw3ms
Ezek 40:13	אֶת	853	HTo
Ezek 40:13	הַ/שַּׁ֗עַר	d/8179	HTd/Ncmsa
Ezek 40:13	מִ/גַּ֤ג	m/1406	HR/Ncmsc
Ezek 40:13	הַ/תָּא֙	d/8372	HTd/Ncmsa
Ezek 40:13	לְ/גַגּ֔/וֹ	l/1406	HR/Ncmsc/Sp3ms
Ezek 40:13	רֹ֕חַב	7341	HNcmsa
Ezek 40:13	עֶשְׂרִ֥ים	6242	HAcbpa
Ezek 40:13	וְ/חָמֵ֖שׁ	c/2568	HC/Acfsa
Ezek 40:13	אַמּ֑וֹת	520 a	HNcfpa
Ezek 40:13	פֶּ֖תַח	6607	HNcmsa
Ezek 40:13	נֶ֥גֶד	5048	HR
Ezek 40:13	פָּֽתַח	6607	HNcmsa
Ezek 40:14	וַ/יַּ֥עַשׂ	c/6213 a	HC/Vqw3ms
Ezek 40:14	אֶת	853	HTo
Ezek 40:14	אֵילִ֖ים	352 b	HNcmpa
Ezek 40:14	שִׁשִּׁ֣ים	8346	HAcbpa
Ezek 40:14	אַמָּ֑ה	520 a	HNcfsa
Ezek 40:14	וְ/אֶל	c/413	HC/R
Ezek 40:14	אֵיל֙	352 b	HNcmsc
Ezek 40:14	הֶֽ/חָצֵ֔ר	d/2691 a	HTd/Ncbsa
Ezek 40:14	הַ/שַּׁ֖עַר	d/8179	HTd/Ncmsa
Ezek 40:14	סָבִ֥יב	5439	HNcbsa
Ezek 40:14	סָבִֽיב	5439	HNcbsa
Ezek 40:15	וְ/עַ֗ל	c/5921 a	HC/R
Ezek 40:15	פְּנֵי֙	6440	HNcbpc
Ezek 40:15	הַ/שַּׁ֣עַר	d/8179	HTd/Ncmsa
Ezek 40:15	ה/יאתון	d/2978	HTd/Ncmsa
Ezek 40:15	עַל	5921 a	HR
Ezek 40:15	לִ/פְנֵ֕י	l/6440	HR/Ncbpc
Ezek 40:15	אֻלָ֥ם	197	HNcmsc
Ezek 40:15	הַ/שַּׁ֖עַר	d/8179	HTd/Ncmsa
Ezek 40:15	הַ/פְּנִימִ֑י	d/6442	HTd/Aamsa
Ezek 40:15	חֲמִשִּׁ֖ים	2572	HAcbpa
Ezek 40:15	אַמָּֽה	520 a	HNcfsa
Ezek 40:16	וְ/חַלֹּנ֣וֹת	c/2474	HC/Ncbpa
Ezek 40:16	אֲטֻמ֣וֹת	331	HVqsfpa
Ezek 40:16	אֶֽל	413	HR
Ezek 40:16	הַ/תָּאִ֡ים	d/8372	HTd/Ncmpa
Ezek 40:16	וְ/אֶל֩	c/413	HC/R
Ezek 40:16	אֵלֵי/הֵ֨מָה	352 b	HNcmpc/Sp3mp
Ezek 40:16	לִ/פְנִ֤ימָה	l/6441	HR/D
Ezek 40:16	לַ/שַּׁ֨עַר֙	l/8179	HRd/Ncmsa
Ezek 40:16	סָבִ֣יב	5439	HNcbsa
Ezek 40:16	סָבִ֔יב	5439	HNcbsa
Ezek 40:16	וְ/כֵ֖ן	c/3651 c	HC/Tm
Ezek 40:16	לָ/אֵֽלַמּ֑וֹת	l/361	HRd/Ncmpa
Ezek 40:16	וְ/חַלּוֹנ֞וֹת	c/2474	HC/Ncbpa
Ezek 40:16	סָבִ֤יב	5439	HNcbsa
Ezek 40:16	סָבִיב֙	5439	HNcbsa
Ezek 40:16	לִ/פְנִ֔ימָה	l/6441	HR/D
Ezek 40:16	וְ/אֶל	c/413	HC/R
Ezek 40:16	אַ֖יִל	352 b	HNcmsa
Ezek 40:16	תִּמֹרִֽים	8561	HNcfpa
Ezek 40:17	וַ/יְבִיאֵ֗/נִי	c/935	HC/Vhw3ms/Sp1cs
Ezek 40:17	אֶל	413	HR
Ezek 40:17	הֶֽ/חָצֵר֙	d/2691 a	HTd/Ncbsa
Ezek 40:17	הַ/חִ֣יצוֹנָ֔ה	d/2435	HTd/Aafsa
Ezek 40:17	וְ/הִנֵּ֤ה	c/2009	HC/Tm
Ezek 40:17	לְשָׁכוֹת֙	3957	HNcfpa
Ezek 40:17	וְ/רִֽצְפָ֔ה	c/7531 a	HC/Ncfsa
Ezek 40:17	עָשׂ֥וּי	6213 a	HVqsmsa
Ezek 40:17	לֶ/חָצֵ֖ר	l/2691 a	HRd/Ncbsa
Ezek 40:17	סָבִ֣יב	5439	HNcbsa
Ezek 40:17	סָבִ֑יב	5439	HNcbsa
Ezek 40:17	שְׁלֹשִׁ֥ים	7970	HAcbpa
Ezek 40:17	לְשָׁכ֖וֹת	3957	HNcfpa
Ezek 40:17	אֶל	413	HR
Ezek 40:17	הָ/רִֽצְפָֽה	d/7531 a	HTd/Ncfsa
Ezek 40:18	וְ/הָ/רִֽצְפָה֙	c/d/7531 a	HC/Td/Ncfsa
Ezek 40:18	אֶל	413	HR
Ezek 40:18	כֶּ֣תֶף	3802	HNcfsc
Ezek 40:18	הַ/שְּׁעָרִ֔ים	d/8179	HTd/Ncmpa
Ezek 40:18	לְ/עֻמַּ֖ת	l/5980	HR/Ncfsc
Ezek 40:18	אֹ֣רֶךְ	753	HNcmsc
Ezek 40:18	הַ/שְּׁעָרִ֑ים	d/8179	HTd/Ncmpa
Ezek 40:18	הָ/רִֽצְפָ֖ה	d/7531 a	HTd/Ncfsa
Ezek 40:18	הַ/תַּחְתּוֹנָֽה	d/8481	HTd/Aafsa
Ezek 40:19	וַ/יָּ֣מָד	c/4058	HC/Vqw3ms
Ezek 40:19	רֹ֡חַב	7341	HNcmsa
Ezek 40:19	מִ/לִּ/פְנֵי֩	m/l/6440	HR/R/Ncbpc
Ezek 40:19	הַ/שַּׁ֨עַר	d/8179	HTd/Ncmsa
Ezek 40:19	הַ/תַּחְתּ֜וֹנָ/ה	d/8481	HTd/Aamsa/Sh
Ezek 40:19	לִ/פְנֵ֨י	l/6440	HR/Ncbpc
Ezek 40:19	הֶ/חָצֵ֧ר	d/2691 a	HTd/Ncbsa
Ezek 40:19	הַ/פְּנִימִ֛י	d/6442	HTd/Aamsa
Ezek 40:19	מִ/ח֖וּץ	m/2351	HR/Ncmsa
Ezek 40:19	מֵאָ֣ה	3967	HAcbsa
Ezek 40:19	אַמָּ֑ה	520 a	HNcfsa
Ezek 40:19	הַ/קָּדִ֖ים	d/6921	HTd/Ncmsa
Ezek 40:19	וְ/הַ/צָּפֽוֹן	c/d/6828	HC/Td/Ncfsa
Ezek 40:20	וְ/הַ/שַּׁ֗עַר	c/d/8179	HC/Td/Ncmsa
Ezek 40:20	אֲשֶׁ֤ר	834 a	HTr
Ezek 40:20	פָּנָי/ו֙	6440	HNcbpc/Sp3ms
Ezek 40:20	דֶּ֣רֶךְ	1870	HNcbsc
Ezek 40:20	הַ/צָּפ֔וֹן	d/6828	HTd/Ncfsa
Ezek 40:20	לֶ/חָצֵ֖ר	l/2691 a	HRd/Ncbsa
Ezek 40:20	הַ/חִֽיצוֹנָ֑ה	d/2435	HTd/Aafsa
Ezek 40:20	מָדַ֥ד	4058	HVqp3ms
Ezek 40:20	אָרְכּ֖/וֹ	753	HNcmsc/Sp3ms
Ezek 40:20	וְ/רָחְבּֽ/וֹ	c/7341	HC/Ncmsc/Sp3ms
Ezek 40:21	ו/תא/ו	c/8372	HC/Ncmsc/Sp3ms
Ezek 40:21	שְׁלוֹשָׁ֤ה	7969	HAcmsa
Ezek 40:21	מִ/פּוֹ֙	m/6311	HR/D
Ezek 40:21	וּ/שְׁלֹשָׁ֣ה	c/7969	HC/Acmsa
Ezek 40:21	מִ/פּ֔וֹ	m/6311	HR/D
Ezek 40:21	ו/איל/ו	c/352 b	HC/Ncmsc/Sp3ms
Ezek 40:21	ו/אלמ/ו	c/361	HC/Ncmsc/Sp3ms
Ezek 40:21	הָיָ֔ה	1961	HVqp3ms
Ezek 40:21	כְּ/מִדַּ֖ת	k/4060 a	HR/Ncfsc
Ezek 40:21	הַ/שַּׁ֣עַר	d/8179	HTd/Ncmsa
Ezek 40:21	הָ/רִאשׁ֑וֹן	d/7223	HTd/Aomsa
Ezek 40:21	חֲמִשִּׁ֤ים	2572	HAcbpa
Ezek 40:21	אַמָּה֙	520 a	HNcfsa
Ezek 40:21	אָרְכּ֔/וֹ	753	HNcmsc/Sp3ms
Ezek 40:21	וְ/רֹ֕חַב	c/7341	HC/Ncmsa
Ezek 40:21	חָמֵ֥שׁ	2568	HAcfsa
Ezek 40:21	וְ/עֶשְׂרִ֖ים	c/6242	HC/Acbpa
Ezek 40:21	בָּ/אַמָּֽה	b/520 a	HRd/Ncfsa
Ezek 40:22	ו/חלונ/ו	c/2474	HC/Ncbsc/Sp3ms
Ezek 40:22	ו/אלמ/ו	c/361	HC/Ncmsc/Sp3ms
Ezek 40:22	ו/תמר/ו	c/8561	HC/Ncfsc/Sp3ms
Ezek 40:22	כְּ/מִדַּ֣ת	k/4060 a	HR/Ncfsc
Ezek 40:22	הַ/שַּׁ֔עַר	d/8179	HTd/Ncmsa
Ezek 40:22	אֲשֶׁ֥ר	834 a	HTr
Ezek 40:22	פָּנָ֖י/ו	6440	HNcbpc/Sp3ms
Ezek 40:22	דֶּ֣רֶךְ	1870	HNcbsc
Ezek 40:22	הַ/קָּדִ֑ים	d/6921	HTd/Ncmsa
Ezek 40:22	וּ/בְ/מַעֲל֥וֹת	c/b/4609 b	HC/R/Ncfpa
Ezek 40:22	שֶׁ֨בַע֙	7651	HAcfsa
Ezek 40:22	יַֽעֲלוּ	5927	HVqi3mp
Ezek 40:22	ב֔/וֹ	b	HR/Sp3ms
Ezek 40:22	ו/אילמ/ו	c/361	HC/Ncmsc/Sp3ms
Ezek 40:22	לִ/פְנֵי/הֶֽם	l/6440	HR/Ncbpc/Sp3mp
Ezek 40:23	וְ/שַׁ֨עַר֙	c/8179	HC/Ncmsa
Ezek 40:23	לֶ/חָצֵ֣ר	l/2691 a	HRd/Ncbsa
Ezek 40:23	הַ/פְּנִימִ֔י	d/6442	HTd/Aamsa
Ezek 40:23	נֶ֣גֶד	5048	HR
Ezek 40:23	הַ/שַּׁ֔עַר	d/8179	HTd/Ncmsa
Ezek 40:23	לַ/צָּפ֖וֹן	l/6828	HRd/Ncfsa
Ezek 40:23	וְ/לַ/קָּדִ֑ים	c/l/6921	HC/Rd/Ncmsa
Ezek 40:23	וַ/יָּ֧מָד	c/4058	HC/Vqw3ms
Ezek 40:23	מִ/שַּׁ֛עַר	m/8179	HR/Ncmsa
Ezek 40:23	אֶל	413	HR
Ezek 40:23	שַׁ֖עַר	8179	HNcmsa
Ezek 40:23	מֵאָ֥ה	3967	HAcbsa
Ezek 40:23	אַמָּֽה	520 a	HNcfsa
Ezek 40:24	וַ/יּוֹלִכֵ֨/נִי֙	c/3212	HC/Vhw3ms/Sp1cs
Ezek 40:24	דֶּ֣רֶךְ	1870	HNcbsc
Ezek 40:24	הַ/דָּר֔וֹם	d/1864	HTd/Ncmsa
Ezek 40:24	וְ/הִנֵּה	c/2009	HC/Tm
Ezek 40:24	שַׁ֖עַר	8179	HNcmsc
Ezek 40:24	דֶּ֣רֶךְ	1870	HNcbsc
Ezek 40:24	הַ/דָּר֑וֹם	d/1864	HTd/Ncmsa
Ezek 40:24	וּ/מָדַ֤ד	c/4058	HC/Vqq3ms
Ezek 40:24	איל/ו	352 b	HNcmsc/Sp3ms
Ezek 40:24	ו/אילמ/ו	c/361	HC/Ncmsc/Sp3ms
Ezek 40:24	כַּ/מִּדּ֖וֹת	k/4060 a	HRd/Ncfpa
Ezek 40:24	הָ/אֵֽלֶּה	d/428	HTd/Pdxcp
Ezek 40:25	וְ/חַלּוֹנִ֨ים	c/2474	HC/Ncbpa
Ezek 40:25	ל֤/וֹ	l	HR/Sp3ms
Ezek 40:25	ו/ל/אילמ/ו	c/l/361	HC/R/Ncmsc/Sp3ms
Ezek 40:25	סָבִ֣יב	5439	HNcbsa
Ezek 40:25	סָבִ֔יב	5439	HNcbsa
Ezek 40:25	כְּ/הַ/חֲלֹּנ֖וֹת	k/d/2474	HR/Td/Ncbpa
Ezek 40:25	הָ/אֵ֑לֶּה	d/428	HTd/Pdxcp
Ezek 40:25	חֲמִשִּׁ֤ים	2572	HAcbpa
Ezek 40:25	אַמָּה֙	520 a	HNcfsa
Ezek 40:25	אֹ֔רֶךְ	753	HNcmsa
Ezek 40:25	וְ/רֹ֕חַב	c/7341	HC/Ncmsa
Ezek 40:25	חָמֵ֥שׁ	2568	HAcfsa
Ezek 40:25	וְ/עֶשְׂרִ֖ים	c/6242	HC/Acbpa
Ezek 40:25	אַמָּֽה	520 a	HNcfsa
Ezek 40:26	וּ/מַעֲל֤וֹת	c/4609 b	HC/Ncfpa
Ezek 40:26	שִׁבְעָה֙	7651	HAcmsa
Ezek 40:26	עלות/ו	5930 b	HNcfsc/Sp3ms
Ezek 40:26	ו/אלמ/ו	c/361	HC/Ncmsc/Sp3ms
Ezek 40:26	לִ/פְנֵי/הֶ֑ם	l/6440	HR/Ncbpc/Sp3mp
Ezek 40:26	וְ/תִמֹרִ֣ים	c/8561	HC/Ncfpa
Ezek 40:26	ל֗/וֹ	l	HR/Sp3ms
Ezek 40:26	אֶחָ֥ד	259	HAcmsa
Ezek 40:26	מִ/פּ֛וֹ	m/6311	HR/D
Ezek 40:26	וְ/אֶחָ֥ד	c/259	HC/Acmsa
Ezek 40:26	מִ/פּ֖וֹ	m/6311	HR/D
Ezek 40:26	אֶל	413	HR
Ezek 40:26	איל/ו	352 b	HNcmsc/Sp3ms
Ezek 40:27	וְ/שַׁ֛עַר	c/8179	HC/Ncmsa
Ezek 40:27	לֶ/חָצֵ֥ר	l/2691 a	HRd/Ncbsa
Ezek 40:27	הַ/פְּנִימִ֖י	d/6442	HTd/Aamsa
Ezek 40:27	דֶּ֣רֶךְ	1870	HNcbsc
Ezek 40:27	הַ/דָּר֑וֹם	d/1864	HTd/Ncmsa
Ezek 40:27	וַ/יָּ֨מָד	c/4058	HC/Vqw3ms
Ezek 40:27	מִ/שַּׁ֧עַר	m/8179	HR/Ncmsa
Ezek 40:27	אֶל	413	HR
Ezek 40:27	הַ/שַּׁ֛עַר	d/8179	HTd/Ncmsa
Ezek 40:27	דֶּ֥רֶךְ	1870	HNcbsc
Ezek 40:27	הַ/דָּר֖וֹם	d/1864	HTd/Ncmsa
Ezek 40:27	מֵאָ֥ה	3967	HAcbsa
Ezek 40:27	אַמּֽוֹת	520 a	HNcfpa
Ezek 40:28	וַ/יְבִיאֵ֛/נִי	c/935	HC/Vhw3ms/Sp1cs
Ezek 40:28	אֶל	413	HR
Ezek 40:28	חָצֵ֥ר	2691 a	HNcbsa
Ezek 40:28	הַ/פְּנִימִ֖י	d/6442	HTd/Aamsa
Ezek 40:28	בְּ/שַׁ֣עַר	b/8179	HR/Ncmsc
Ezek 40:28	הַ/דָּר֑וֹם	d/1864	HTd/Ncmsa
Ezek 40:28	וַ/יָּ֨מָד֙	c/4058	HC/Vqw3ms
Ezek 40:28	אֶת	853	HTo
Ezek 40:28	הַ/שַּׁ֣עַר	d/8179	HTd/Ncmsa
Ezek 40:28	הַ/דָּר֔וֹם	d/1864	HTd/Ncmsa
Ezek 40:28	כַּ/מִּדּ֖וֹת	k/4060 a	HRd/Ncfpa
Ezek 40:28	הָ/אֵֽלֶּה	d/428	HTd/Pdxcp
Ezek 40:29	ו/תא/ו	c/8372	HC/Ncmsc/Sp3ms
Ezek 40:29	ו/איל/ו	c/352 b	HC/Ncmsc/Sp3ms
Ezek 40:29	ו/אלמ/ו	c/361	HC/Ncmsc/Sp3ms
Ezek 40:29	כַּ/מִּדּ֣וֹת	k/4060 a	HRd/Ncfpa
Ezek 40:29	הָ/אֵ֔לֶּה	d/428	HTd/Pdxcp
Ezek 40:29	וְ/חַלּוֹנ֥וֹת	c/2474	HC/Ncbpa
Ezek 40:29	ל֛/וֹ	l	HR/Sp3ms
Ezek 40:29	ו/ל/אלמ/ו	c/l/361	HC/R/Ncmsc/Sp3ms
Ezek 40:29	סָבִ֣יב	5439	HNcbsa
Ezek 40:29	סָבִ֑יב	5439	HNcbsa
Ezek 40:29	חֲמִשִּׁ֤ים	2572	HAcbpa
Ezek 40:29	אַמָּה֙	520 a	HNcfsa
Ezek 40:29	אֹ֔רֶךְ	753	HNcmsa
Ezek 40:29	וְ/רֹ֕חַב	c/7341	HC/Ncmsa
Ezek 40:29	עֶשְׂרִ֥ים	6242	HAcbpa
Ezek 40:29	וְ/חָמֵ֖שׁ	c/2568	HC/Acfsa
Ezek 40:29	אַמּֽוֹת	520 a	HNcfpa
Ezek 40:30	וְ/אֵֽלַמּ֖וֹת	c/361	HC/Ncmpa
Ezek 40:30	סָבִ֣יב	5439	HNcbsa
Ezek 40:30	סָבִ֑יב	5439	HNcbsa
Ezek 40:30	אֹ֗רֶךְ	753	HNcmsa
Ezek 40:30	חָמֵ֤שׁ	2568	HAcfsa
Ezek 40:30	וְ/עֶשְׂרִים֙	c/6242	HC/Acbpa
Ezek 40:30	אַמָּ֔ה	520 a	HNcfsa
Ezek 40:30	וְ/רֹ֖חַב	c/7341	HC/Ncmsa
Ezek 40:30	חָמֵ֥שׁ	2568	HAcfsa
Ezek 40:30	אַמּֽוֹת	520 a	HNcfpa
Ezek 40:31	וְ/אֵלַמָּ֗/ו	c/361	HC/Ncmpc/Sp3ms
Ezek 40:31	אֶל	413	HR
Ezek 40:31	חָצֵר֙	2691 a	HNcbsa
Ezek 40:31	הַ/חִ֣צוֹנָ֔ה	d/2435	HTd/Aafsa
Ezek 40:31	וְ/תִמֹרִ֖ים	c/8561	HC/Ncfpa
Ezek 40:31	אֶל	413	HR
Ezek 40:31	איל/ו	352 b	HNcmsc/Sp3ms
Ezek 40:31	וּ/מַעֲל֥וֹת	c/4609 b	HC/Ncfpa
Ezek 40:31	שְׁמוֹנֶ֖ה	8083	HAcfsa
Ezek 40:31	מעל/ו	4608	HNcmsc/Sp3ms
Ezek 40:32	וַ/יְבִיאֵ֛/נִי	c/935	HC/Vhw3ms/Sp1cs
Ezek 40:32	אֶל	413	HR
Ezek 40:32	הֶ/חָצֵ֥ר	d/2691 a	HTd/Ncbsa
Ezek 40:32	הַ/פְּנִימִ֖י	d/6442	HTd/Aamsa
Ezek 40:32	דֶּ֣רֶךְ	1870	HNcbsc
Ezek 40:32	הַ/קָּדִ֑ים	d/6921	HTd/Ncmsa
Ezek 40:32	וַ/יָּ֣מָד	c/4058	HC/Vqw3ms
Ezek 40:32	אֶת	853	HTo
Ezek 40:32	הַ/שַּׁ֔עַר	d/8179	HTd/Ncmsa
Ezek 40:32	כַּ/מִּדּ֖וֹת	k/4060 a	HRd/Ncfpa
Ezek 40:32	הָ/אֵֽלֶּה	d/428	HTd/Pdxcp
Ezek 40:33	ו/תא/ו	c/8372	HC/Ncmsc/Sp3ms
Ezek 40:33	ו/אל/ו	c/352 b	HC/Ncmsc/Sp3ms
Ezek 40:33	ו/אלמ/ו	c/361	HC/Ncmsc/Sp3ms
Ezek 40:33	כַּ/מִּדּ֣וֹת	k/4060 a	HRd/Ncfpa
Ezek 40:33	הָ/אֵ֔לֶּה	d/428	HTd/Pdxcp
Ezek 40:33	וְ/חַלּוֹנ֥וֹת	c/2474	HC/Ncbpa
Ezek 40:33	ל֛/וֹ	l	HR/Sp3ms
Ezek 40:33	ו/ל/אלמ/ו	c/l/361	HC/R/Ncmsc/Sp3ms
Ezek 40:33	סָבִ֣יב	5439	HNcbsa
Ezek 40:33	סָבִ֑יב	5439	HNcbsa
Ezek 40:33	אֹ֚רֶךְ	753	HNcmsa
Ezek 40:33	חֲמִשִּׁ֣ים	2572	HAcbpa
Ezek 40:33	אַמָּ֔ה	520 a	HNcfsa
Ezek 40:33	וְ/רֹ֕חַב	c/7341	HC/Ncmsa
Ezek 40:33	חָמֵ֥שׁ	2568	HAcfsa
Ezek 40:33	וְ/עֶשְׂרִ֖ים	c/6242	HC/Acbpa
Ezek 40:33	אַמָּֽה	520 a	HNcfsa
Ezek 40:34	ו/אלמ/ו	c/361	HC/Ncmsc/Sp3ms
Ezek 40:34	לֶֽ/חָצֵר֙	l/2691 a	HRd/Ncbsa
Ezek 40:34	הַ/חִ֣יצוֹנָ֔ה	d/2435	HTd/Aafsa
Ezek 40:34	וְ/תִמֹרִ֥ים	c/8561	HC/Ncfpa
Ezek 40:34	אֶל	413	HR
Ezek 40:34	אל/ו	352 b	HNcmsc/Sp3ms
Ezek 40:34	מִ/פּ֣וֹ	m/6311	HR/D
Ezek 40:34	וּ/מִ/פּ֑וֹ	c/m/6311	HC/R/D
Ezek 40:34	וּ/שְׁמֹנֶ֥ה	c/8083	HC/Acfsa
Ezek 40:34	מַעֲל֖וֹת	4609 b	HNcfpa
Ezek 40:34	מעל/ו	4608	HNcmsc/Sp3ms
Ezek 40:35	וַ/יְבִיאֵ֖/נִי	c/935	HC/Vhw3ms/Sp1cs
Ezek 40:35	אֶל	413	HR
Ezek 40:35	שַׁ֣עַר	8179	HNcmsc
Ezek 40:35	הַ/צָּפ֑וֹן	d/6828	HTd/Ncfsa
Ezek 40:35	וּ/מָדַ֖ד	c/4058	HC/Vqp3ms
Ezek 40:35	כַּ/מִּדּ֥וֹת	k/4060 a	HRd/Ncfpa
Ezek 40:35	הָ/אֵֽלֶּה	d/428	HTd/Pdxcp
Ezek 40:36	תא/ו	8372	HNcmsc/Sp3ms
Ezek 40:36	אל/ו	352 b	HNcmsc/Sp3ms
Ezek 40:36	ו/אלמ/ו	c/361	HC/Ncmsc/Sp3ms
Ezek 40:36	וְ/חַלּוֹנ֥וֹת	c/2474	HC/Ncbpa
Ezek 40:36	ל֖/וֹ	l	HR/Sp3ms
Ezek 40:36	סָבִ֣יב	5439	HNcbsa
Ezek 40:36	סָבִ֑יב	5439	HNcbsa
Ezek 40:36	אֹ֚רֶךְ	753	HNcmsa
Ezek 40:36	חֲמִשִּׁ֣ים	2572	HAcbpa
Ezek 40:36	אַמָּ֔ה	520 a	HNcfsa
Ezek 40:36	וְ/רֹ֕חַב	c/7341	HC/Ncmsa
Ezek 40:36	חָמֵ֥שׁ	2568	HAcfsa
Ezek 40:36	וְ/עֶשְׂרִ֖ים	c/6242	HC/Acbpa
Ezek 40:36	אַמָּֽה	520 a	HNcfsa
Ezek 40:37	ו/איל/ו	c/352 b	HC/Ncmsc/Sp3ms
Ezek 40:37	לֶֽ/חָצֵר֙	l/2691 a	HRd/Ncbsa
Ezek 40:37	הַ/חִ֣יצוֹנָ֔ה	d/2435	HTd/Aafsa
Ezek 40:37	וְ/תִמֹרִ֥ים	c/8561	HC/Ncfpa
Ezek 40:37	אֶל	413	HR
Ezek 40:37	איל/ו	352 b	HNcmsc/Sp3ms
Ezek 40:37	מִ/פּ֣וֹ	m/6311	HR/D
Ezek 40:37	וּ/מִ/פּ֑וֹ	c/m/6311	HC/R/D
Ezek 40:37	וּ/שְׁמֹנֶ֥ה	c/8083	HC/Acfsa
Ezek 40:37	מַעֲל֖וֹת	4609 b	HNcfpa
Ezek 40:37	מעל/ו	4608	HNcmsc/Sp3ms
Ezek 40:38	וְ/לִשְׁכָּ֣ה	c/3957	HC/Ncfsa
Ezek 40:38	וּ/פִתְחָ֔/הּ	c/6607	HC/Ncmsc/Sp3fs
Ezek 40:38	בְּ/אֵילִ֖ים	b/352 b	HR/Ncmpa
Ezek 40:38	הַ/שְּׁעָרִ֑ים	d/8179	HTd/Ncmpa
Ezek 40:38	שָׁ֖ם	8033	HD
Ezek 40:38	יָדִ֥יחוּ	1740	HVhi3mp
Ezek 40:38	אֶת	853	HTo
Ezek 40:38	הָ/עֹלָֽה	d/5930 a	HTd/Ncfsa
Ezek 40:39	וּ/בְ/אֻלָ֣ם	c/b/197	HC/R/Ncmsc
Ezek 40:39	הַ/שַּׁ֗עַר	d/8179	HTd/Ncmsa
Ezek 40:39	שְׁנַ֤יִם	8147	HAcmda
Ezek 40:39	שֻׁלְחָנוֹת֙	7979	HNcmpa
Ezek 40:39	מִ/פּ֔וֹ	m/6311	HR/D
Ezek 40:39	וּ/שְׁנַ֥יִם	c/8147	HC/Acmda
Ezek 40:39	שֻׁלְחָנ֖וֹת	7979	HNcmpa
Ezek 40:39	מִ/פֹּ֑ה	m/6311	HR/D
Ezek 40:39	לִ/שְׁח֤וֹט	l/7819 a	HR/Vqc
Ezek 40:39	אֲלֵי/הֶם֙	413	HR/Sp3mp
Ezek 40:39	הָ/עוֹלָ֔ה	d/5930 a	HTd/Ncfsa
Ezek 40:39	וְ/הַ/חַטָּ֖את	c/d/2403 b	HC/Td/Ncfsa
Ezek 40:39	וְ/הָ/אָשָֽׁם	c/d/817	HC/Td/Ncmsa
Ezek 40:40	וְ/אֶל	c/413	HC/R
Ezek 40:40	הַ/כָּתֵ֣ף	d/3802	HTd/Ncfsa
Ezek 40:40	מִ/ח֗וּצָ/ה	m/2351	HR/Ncmsa/Sd
Ezek 40:40	לָ/עוֹלֶה֙	l/5927	HRd/Vqrmsa
Ezek 40:40	לְ/פֶ֨תַח֙	l/6607	HR/Ncmsc
Ezek 40:40	הַ/שַּׁ֣עַר	d/8179	HTd/Ncmsa
Ezek 40:40	הַ/צָּפ֔וֹנָ/ה	d/6828	HTd/Ncfsa/Sd
Ezek 40:40	שְׁנַ֖יִם	8147	HAcmda
Ezek 40:40	שֻׁלְחָנ֑וֹת	7979	HNcmpa
Ezek 40:40	וְ/אֶל	c/413	HC/R
Ezek 40:40	הַ/כָּתֵ֣ף	d/3802	HTd/Ncfsa
Ezek 40:40	הָ/אַחֶ֗רֶת	d/312	HTd/Aafsa
Ezek 40:40	אֲשֶׁר֙	834 a	HTr
Ezek 40:40	לְ/אֻלָ֣ם	l/197	HR/Ncmsc
Ezek 40:40	הַ/שַּׁ֔עַר	d/8179	HTd/Ncmsa
Ezek 40:40	שְׁנַ֖יִם	8147	HAcmda
Ezek 40:40	שֻׁלְחָנֽוֹת	7979	HNcmpa
Ezek 40:41	אַרְבָּעָ֨ה	702	HAcmsa
Ezek 40:41	שֻׁלְחָנ֜וֹת	7979	HNcmpa
Ezek 40:41	מִ/פֹּ֗ה	m/6311	HR/D
Ezek 40:41	וְ/אַרְבָּעָ֧ה	c/702	HC/Acmsa
Ezek 40:41	שֻׁלְחָנ֛וֹת	7979	HNcmpa
Ezek 40:41	מִ/פֹּ֖ה	m/6311	HR/D
Ezek 40:41	לְ/כֶ֣תֶף	l/3802	HR/Ncfsc
Ezek 40:41	הַ/שָּׁ֑עַר	d/8179	HTd/Ncmsa
Ezek 40:41	שְׁמוֹנָ֥ה	8083	HAcmsa
Ezek 40:41	שֻׁלְחָנ֖וֹת	7979	HNcmpa
Ezek 40:41	אֲלֵי/הֶ֥ם	413	HR/Sp3mp
Ezek 40:41	יִשְׁחָֽטוּ	7819 a	HVqi3mp
Ezek 40:42	וְ/אַרְבָּעָה֩	c/702	HC/Acmsa
Ezek 40:42	שֻׁלְחָנ֨וֹת	7979	HNcmpa
Ezek 40:42	לָ/עוֹלָ֜ה	l/5930 a	HRd/Ncfsa
Ezek 40:42	אַבְנֵ֣י	68	HNcfpc
Ezek 40:42	גָזִ֗ית	1496	HNcfsa
Ezek 40:42	אֹרֶךְ֩	753	HNcmsa
Ezek 40:42	אַמָּ֨ה	520 a	HNcfsa
Ezek 40:42	אַחַ֤ת	259	HAcfsa
Ezek 40:42	וָ/חֵ֨צִי֙	c/2677	HC/Ncmsa
Ezek 40:42	וְ/רֹ֨חַב	c/7341	HC/Ncmsa
Ezek 40:42	אַמָּ֤ה	520 a	HNcfsa
Ezek 40:42	אַחַת֙	259	HAcfsa
Ezek 40:42	וָ/חֵ֔צִי	c/2677	HC/Ncmsa
Ezek 40:42	וְ/גֹ֖בַהּ	c/1363	HC/Ncmsa
Ezek 40:42	אַמָּ֣ה	520 a	HNcfsa
Ezek 40:42	אֶחָ֑ת	259	HAcfsa
Ezek 40:42	אֲלֵי/הֶ֗ם	413	HR/Sp3mp
Ezek 40:42	וְ/יַנִּ֤יחוּ	c/3240	HC/Vhi3mp
Ezek 40:42	אֶת	853	HTo
Ezek 40:42	הַ/כֵּלִים֙	d/3627	HTd/Ncmpa
Ezek 40:42	אֲשֶׁ֨ר	834 a	HTr
Ezek 40:42	יִשְׁחֲט֧וּ	7819 a	HVqi3mp
Ezek 40:42	אֶת	853	HTo
Ezek 40:42	הָ/עוֹלָ֛ה	d/5930 a	HTd/Ncfsa
Ezek 40:42	בָּ֖/ם	b	HR/Sp3mp
Ezek 40:42	וְ/הַ/זָּֽבַח	c/d/2077	HC/Td/Ncmsa
Ezek 40:43	וְ/הַֽ/שְׁפַתַּ֗יִם	c/d/8240 b	HC/Td/Ncmda
Ezek 40:43	טֹ֧פַח	2948	HNcmsa
Ezek 40:43	אֶחָ֛ד	259	HAcmsa
Ezek 40:43	מוּכָנִ֥ים	3559 a	HVHsmpa
Ezek 40:43	בַּ/בַּ֖יִת	b/1004 b	HRd/Ncmsa
Ezek 40:43	סָבִ֣יב	5439	HNcbsa
Ezek 40:43	סָבִ֑יב	5439	HNcbsa
Ezek 40:43	וְ/אֶל	c/413	HC/R
Ezek 40:43	הַ/שֻּׁלְחָנ֖וֹת	d/7979	HTd/Ncmpa
Ezek 40:43	בְּשַׂ֥ר	1320	HNcmsc
Ezek 40:43	הַ/קָּרְבָֽן	d/7133 a	HTd/Ncmsa
Ezek 40:44	וּ/מִ/חוּצָ/ה֩	c/m/2351	HC/R/Ncmsa/Sd
Ezek 40:44	לַ/שַּׁ֨עַר	l/8179	HRd/Ncmsa
Ezek 40:44	הַ/פְּנִימִ֜י	d/6442	HTd/Aamsa
Ezek 40:44	לִֽשְׁכ֣וֹת	3957	HNcfpc
Ezek 40:44	שָׁרִ֗ים	7891	HVqrmpa
Ezek 40:44	בֶּ/חָצֵ֤ר	b/2691 a	HRd/Ncbsa
Ezek 40:44	הַ/פְּנִימִי֙	d/6442	HTd/Aamsa
Ezek 40:44	אֲשֶׁ֗ר	834 a	HTr
Ezek 40:44	אֶל	413	HR
Ezek 40:44	כֶּ֨תֶף֙	3802	HNcfsc
Ezek 40:44	שַׁ֣עַר	8179	HNcmsc
Ezek 40:44	הַ/צָּפ֔וֹן	d/6828	HTd/Ncfsa
Ezek 40:44	וּ/פְנֵי/הֶ֖ם	c/6440	HC/Ncbpc/Sp3mp
Ezek 40:44	דֶּ֣רֶךְ	1870	HNcbsc
Ezek 40:44	הַ/דָּר֑וֹם	d/1864	HTd/Ncmsa
Ezek 40:44	אֶחָ֗ד	259	HAcmsa
Ezek 40:44	אֶל	413	HR
Ezek 40:44	כֶּ֨תֶף֙	3802	HNcfsc
Ezek 40:44	שַׁ֣עַר	8179	HNcmsc
Ezek 40:44	הַ/קָּדִ֔ים	d/6921	HTd/Ncmsa
Ezek 40:44	פְּנֵ֖י	6440	HNcbpc
Ezek 40:44	דֶּ֥רֶךְ	1870	HNcbsc
Ezek 40:44	הַ/צָּפֹֽן	d/6828	HTd/Ncfsa
Ezek 40:45	וַ/יְדַבֵּ֖ר	c/1696	HC/Vpw3ms
Ezek 40:45	אֵלָ֑/י	413	HR/Sp1cs
Ezek 40:45	זֹ֣ה	2090	HPdxms
Ezek 40:45	הַ/לִּשְׁכָּ֗ה	d/3957	HTd/Ncfsa
Ezek 40:45	אֲשֶׁ֤ר	834 a	HTr
Ezek 40:45	פָּנֶ֨י/הָ֙	6440	HNcbpc/Sp3fs
Ezek 40:45	דֶּ֣רֶךְ	1870	HNcbsc
Ezek 40:45	הַ/דָּר֔וֹם	d/1864	HTd/Ncmsa
Ezek 40:45	לַ/כֹּ֣הֲנִ֔ים	l/3548	HRd/Ncmpa
Ezek 40:45	שֹׁמְרֵ֖י	8104	HVqrmpc
Ezek 40:45	מִשְׁמֶ֥רֶת	4931	HNcfsc
Ezek 40:45	הַ/בָּֽיִת	d/1004 b	HTd/Ncmsa
Ezek 40:46	וְ/הַ/לִּשְׁכָּ֗ה	c/d/3957	HC/Td/Ncfsa
Ezek 40:46	אֲשֶׁ֤ר	834 a	HTr
Ezek 40:46	פָּנֶ֨י/הָ֙	6440	HNcbpc/Sp3fs
Ezek 40:46	דֶּ֣רֶךְ	1870	HNcbsc
Ezek 40:46	הַ/צָּפ֔וֹן	d/6828	HTd/Ncfsa
Ezek 40:46	לַ/כֹּ֣הֲנִ֔ים	l/3548	HRd/Ncmpa
Ezek 40:46	שֹׁמְרֵ֖י	8104	HVqrmpc
Ezek 40:46	מִשְׁמֶ֣רֶת	4931	HNcfsc
Ezek 40:46	הַ/מִּזְבֵּ֑חַ	d/4196	HTd/Ncmsa
Ezek 40:46	הֵ֣מָּה	1992	HPp3mp
Ezek 40:46	בְנֵֽי	1121 a	HNcmpc
Ezek 40:46	צָד֗וֹק	6659	HNp
Ezek 40:46	הַ/קְּרֵבִ֧ים	d/7131	HTd/Aampa
Ezek 40:46	מִ/בְּנֵֽי	m/1121 a	HR/Ncmpc
Ezek 40:46	לֵוִ֛י	3878	HNp
Ezek 40:46	אֶל	413	HR
Ezek 40:46	יְהוָ֖ה	3068	HNp
Ezek 40:46	לְ/שָׁרְתֽ/וֹ	l/8334	HR/Vpc/Sp3ms
Ezek 40:47	וַ/יָּ֨מָד	c/4058	HC/Vqw3ms
Ezek 40:47	אֶת	853	HTo
Ezek 40:47	הֶ/חָצֵ֜ר	d/2691 a	HTd/Ncbsa
Ezek 40:47	אֹ֣רֶךְ	753	HNcmsa
Ezek 40:47	מֵאָ֣ה	3967	HAcbsa
Ezek 40:47	אַמָּ֗ה	520 a	HNcfsa
Ezek 40:47	וְ/רֹ֛חַב	c/7341	HC/Ncmsa
Ezek 40:47	מֵאָ֥ה	3967	HAcbsa
Ezek 40:47	אַמָּ֖ה	520 a	HNcfsa
Ezek 40:47	מְרֻבָּ֑עַת	7251	HVPsfsa
Ezek 40:47	וְ/הַ/מִּזְבֵּ֖חַ	c/d/4196	HC/Td/Ncmsa
Ezek 40:47	לִ/פְנֵ֥י	l/6440	HR/Ncbpc
Ezek 40:47	הַ/בָּֽיִת	d/1004 b	HTd/Ncmsa
Ezek 40:48	וַ/יְבִאֵ/נִי֮	c/935	HC/Vhw3ms/Sp1cs
Ezek 40:48	אֶל	413	HR
Ezek 40:48	אֻלָ֣ם	197	HNcmsc
Ezek 40:48	הַ/בַּיִת֒	d/1004 b	HTd/Ncmsa
Ezek 40:48	וַ/יָּ֨מָד֙	c/4058	HC/Vqw3ms
Ezek 40:48	אֵ֣ל	352 b	HNcmsc
Ezek 40:48	אֻלָ֔ם	197	HNcmsa
Ezek 40:48	חָמֵ֤שׁ	2568	HAcfsa
Ezek 40:48	אַמּוֹת֙	520 a	HNcfpa
Ezek 40:48	מִ/פֹּ֔ה	m/6311	HR/D
Ezek 40:48	וְ/חָמֵ֥שׁ	c/2568	HC/Acfsa
Ezek 40:48	אַמּ֖וֹת	520 a	HNcfpa
Ezek 40:48	מִ/פֹּ֑ה	m/6311	HR/D
Ezek 40:48	וְ/רֹ֣חַב	c/7341	HC/Ncmsc
Ezek 40:48	הַ/שַּׁ֔עַר	d/8179	HTd/Ncmsa
Ezek 40:48	שָׁלֹ֤שׁ	7969	HAcfsa
Ezek 40:48	אַמּוֹת֙	520 a	HNcfpa
Ezek 40:48	מִ/פּ֔וֹ	m/6311	HR/D
Ezek 40:48	וְ/שָׁלֹ֥שׁ	c/7969	HC/Acfsa
Ezek 40:48	אַמּ֖וֹת	520 a	HNcfpa
Ezek 40:48	מִ/פּֽוֹ	m/6311	HR/D
Ezek 40:49	אֹ֣רֶךְ	753	HNcmsc
Ezek 40:49	הָ/אֻלָ֞ם	d/197	HTd/Ncmsa
Ezek 40:49	עֶשְׂרִ֣ים	6242	HAcbpa
Ezek 40:49	אַמָּ֗ה	520 a	HNcfsa
Ezek 40:49	וְ/רֹ֨חַב֙	c/7341	HC/Ncmsa
Ezek 40:49	עַשְׁתֵּ֣י	6249	HAcbpc
Ezek 40:49	עֶשְׂרֵ֣ה	6240	HAcfsa
Ezek 40:49	אַמָּ֔ה	520 a	HNcfsa
Ezek 40:49	וּ/בַֽ/מַּעֲל֔וֹת	c/b/4609 b	HC/Rd/Ncfpa
Ezek 40:49	אֲשֶׁ֥ר	834 a	HTr
Ezek 40:49	יַעֲל֖וּ	5927	HVqi3mp
Ezek 40:49	אֵלָ֑י/ו	413	HR/Sp3ms
Ezek 40:49	וְ/עַמֻּדִים֙	c/5982	HC/Ncmpa
Ezek 40:49	אֶל	413	HR
Ezek 40:49	הָ֣/אֵילִ֔ים	d/352 b	HTd/Ncmpa
Ezek 40:49	אֶחָ֥ד	259	HAcmsa
Ezek 40:49	מִ/פֹּ֖ה	m/6311	HR/D
Ezek 40:49	וְ/אֶחָ֥ד	c/259	HC/Acmsa
Ezek 40:49	מִ/פֹּֽה	m/6311	HR/D
Ezek 41:1	וַ/יְבִיאֵ֖/נִי	c/935	HC/Vhw3ms/Sp1cs
Ezek 41:1	אֶל	413	HR
Ezek 41:1	הַ/הֵיכָ֑ל	d/1964	HTd/Ncmsa
Ezek 41:1	וַ/יָּ֣מָד	c/4058	HC/Vqw3ms
Ezek 41:1	אֶת	853	HTo
Ezek 41:1	הָ/אֵילִ֗ים	d/352 b	HTd/Ncmpa
Ezek 41:1	שֵׁשׁ	8337	HAcfsa
Ezek 41:1	אַמּ֨וֹת	520 a	HNcfpa
Ezek 41:1	רֹ֧חַב	7341	HNcmsa
Ezek 41:1	מִ/פּ֛וֹ	m/6311	HR/D
Ezek 41:1	וְ/שֵׁשׁ	c/8337	HC/Acfsa
Ezek 41:1	אַמּֽוֹת	520 a	HNcfpa
Ezek 41:1	רֹ֥חַב	7341	HNcmsa
Ezek 41:1	מִ/פּ֖וֹ	m/6311	HR/D
Ezek 41:1	רֹ֥חַב	7341	HNcmsc
Ezek 41:1	הָ/אֹֽהֶל	d/168	HTd/Ncmsa
Ezek 41:2	וְ/רֹ֣חַב	c/7341	HC/Ncmsc
Ezek 41:2	הַ/פֶּתַח֮	d/6607	HTd/Ncmsa
Ezek 41:2	עֶ֣שֶׂר	6235	HAcfsa
Ezek 41:2	אַמּוֹת֒	520 a	HNcfpa
Ezek 41:2	וְ/כִתְפ֣וֹת	c/3802	HC/Ncfpc
Ezek 41:2	הַ/פֶּ֔תַח	d/6607	HTd/Ncmsa
Ezek 41:2	חָמֵ֤שׁ	2568	HAcfsa
Ezek 41:2	אַמּוֹת֙	520 a	HNcfpa
Ezek 41:2	מִ/פּ֔וֹ	m/6311	HR/D
Ezek 41:2	וְ/חָמֵ֥שׁ	c/2568	HC/Acfsa
Ezek 41:2	אַמּ֖וֹת	520 a	HNcfpa
Ezek 41:2	מִ/פּ֑וֹ	m/6311	HR/D
Ezek 41:2	וַ/יָּ֤מָד	c/4058	HC/Vqw3ms
Ezek 41:2	אָרְכּ/וֹ֙	753	HNcmsc/Sp3ms
Ezek 41:2	אַרְבָּעִ֣ים	705	HAcbpa
Ezek 41:2	אַמָּ֔ה	520 a	HNcfsa
Ezek 41:2	וְ/רֹ֖חַב	c/7341	HC/Ncmsa
Ezek 41:2	עֶשְׂרִ֥ים	6242	HAcbpa
Ezek 41:2	אַמָּֽה	520 a	HNcfsa
Ezek 41:3	וּ/בָ֣א	c/935	HC/Vqq3ms
Ezek 41:3	לִ/פְנִ֔ימָה	l/6441	HR/D
Ezek 41:3	וַ/יָּ֥מָד	c/4058	HC/Vqw3ms
Ezek 41:3	אֵֽיל	352 b	HNcmsc
Ezek 41:3	הַ/פֶּ֖תַח	d/6607	HTd/Ncmsa
Ezek 41:3	שְׁתַּ֣יִם	8147	HAcfda
Ezek 41:3	אַמּ֑וֹת	520 a	HNcfpa
Ezek 41:3	וְ/הַ/פֶּ֨תַח֙	c/d/6607	HC/Td/Ncmsa
Ezek 41:3	שֵׁ֣שׁ	8337	HAcfsa
Ezek 41:3	אַמּ֔וֹת	520 a	HNcfpa
Ezek 41:3	וְ/רֹ֥חַב	c/7341	HC/Ncmsc
Ezek 41:3	הַ/פֶּ֖תַח	d/6607	HTd/Ncmsa
Ezek 41:3	שֶׁ֥בַע	7651	HAcfsa
Ezek 41:3	אַמּֽוֹת	520 a	HNcfpa
Ezek 41:4	וַ/יָּ֨מָד	c/4058	HC/Vqw3ms
Ezek 41:4	אֶת	853	HTo
Ezek 41:4	אָרְכּ֜/וֹ	753	HNcmsc/Sp3ms
Ezek 41:4	עֶשְׂרִ֣ים	6242	HAcbpa
Ezek 41:4	אַמָּ֗ה	520 a	HNcfsa
Ezek 41:4	וְ/רֹ֛חַב	c/7341	HC/Ncmsa
Ezek 41:4	עֶשְׂרִ֥ים	6242	HAcbpa
Ezek 41:4	אַמָּ֖ה	520 a	HNcfsa
Ezek 41:4	אֶל	413	HR
Ezek 41:4	פְּנֵ֣י	6440	HNcbpc
Ezek 41:4	הַֽ/הֵיכָ֑ל	d/1964	HTd/Ncmsa
Ezek 41:4	וַ/יֹּ֣אמֶר	c/559	HC/Vqw3ms
Ezek 41:4	אֵלַ֔/י	413	HR/Sp1cs
Ezek 41:4	זֶ֖ה	2088	HPdxms
Ezek 41:4	קֹ֥דֶשׁ	6944	HNcmsc
Ezek 41:4	הַ/קֳּדָשִֽׁים	d/6944	HTd/Ncmpa
Ezek 41:5	וַ/יָּ֥מָד	c/4058	HC/Vqw3ms
Ezek 41:5	קִֽיר	7023	HNcmsc
Ezek 41:5	הַ/בַּ֖יִת	d/1004 b	HTd/Ncmsa
Ezek 41:5	שֵׁ֣שׁ	8337	HAcfsa
Ezek 41:5	אַמּ֑וֹת	520 a	HNcfpa
Ezek 41:5	וְ/רֹ֣חַב	c/7341	HC/Ncmsc
Ezek 41:5	הַ/צֵּלָע֩	d/6763	HTd/Ncbsa
Ezek 41:5	אַרְבַּ֨ע	702	HAcfsa
Ezek 41:5	אַמּ֜וֹת	520 a	HNcfpa
Ezek 41:5	סָבִ֧יב	5439	HNcbsa
Ezek 41:5	סָבִ֛יב	5439	HNcbsa
Ezek 41:5	לַ/בַּ֖יִת	l/1004 b	HRd/Ncmsa
Ezek 41:5	סָבִֽיב	5439	HNcbsa
Ezek 41:6	וְ/הַ/צְּלָעוֹת֩	c/d/6763	HC/Td/Ncbpa
Ezek 41:6	צֵלָ֨ע	6763	HNcbsa
Ezek 41:6	אֶל	413	HR
Ezek 41:6	צֵלָ֜ע	6763	HNcbsa
Ezek 41:6	שָׁל֧וֹשׁ	7969	HAcfsa
Ezek 41:6	וּ/שְׁלֹשִׁ֣ים	c/7970	HC/Acbpa
Ezek 41:6	פְּעָמִ֗ים	6471	HNcfpa
Ezek 41:6	וּ֠/בָאוֹת	c/935	HC/Vqrfpa
Ezek 41:6	בַּ/קִּ֨יר	b/7023	HRd/Ncmsa
Ezek 41:6	אֲשֶׁר	834 a	HTr
Ezek 41:6	לַ/בַּ֧יִת	l/1004 b	HRd/Ncmsa
Ezek 41:6	לַ/צְּלָע֛וֹת	l/6763	HRd/Ncbpa
Ezek 41:6	סָבִ֥יב	5439	HNcbsa
Ezek 41:6	סָבִ֖יב	5439	HNcbsa
Ezek 41:6	לִ/הְי֣וֹת	l/1961	HR/Vqc
Ezek 41:6	אֲחוּזִ֑ים	270	HVqsmpa
Ezek 41:6	וְ/לֹֽא	c/3808	HC/Tn
Ezek 41:6	יִהְי֥וּ	1961	HVqi3mp
Ezek 41:6	אֲחוּזִ֖ים	270	HVqsmpa
Ezek 41:6	בְּ/קִ֥יר	b/7023	HR/Ncmsc
Ezek 41:6	הַ/בָּֽיִת	d/1004 b	HTd/Ncmsa
Ezek 41:7	וְֽ/רָחֲבָ֡ה	c/7337	HC/Vqp3fs
Ezek 41:7	וְֽ/נָסְבָה֩	c/5437	HC/VNp3fs
Ezek 41:7	לְ/מַ֨עְלָ/ה	l/4605	HR/D/Sd
Ezek 41:7	לְ/מַ֜עְלָ/ה	l/4605	HR/D/Sd
Ezek 41:7	לַ/צְּלָע֗וֹת	l/6763	HRd/Ncbpa
Ezek 41:7	כִּ֣י	3588 a	HC
Ezek 41:7	מֽוּסַב	4141	HNcmsc
Ezek 41:7	הַ֠/בַּיִת	d/1004 b	HTd/Ncmsa
Ezek 41:7	לְ/מַ֨עְלָ/ה	l/4605	HR/D/Sd
Ezek 41:7	לְ/מַ֜עְלָ/ה	l/4605	HR/D/Sd
Ezek 41:7	סָבִ֤יב	5439	HNcbsa
Ezek 41:7	סָבִיב֙	5439	HNcbsa
Ezek 41:7	לַ/בַּ֔יִת	l/1004 b	HRd/Ncmsa
Ezek 41:7	עַל	5921 a	HR
Ezek 41:7	כֵּ֥ן	3651 c	HTm
Ezek 41:7	רֹֽחַב	7341	HNcmsa
Ezek 41:7	לַ/בַּ֖יִת	l/1004 b	HRd/Ncmsa
Ezek 41:7	לְ/מָ֑עְלָ/ה	l/4605	HR/D/Sd
Ezek 41:7	וְ/כֵ֧ן	c/3651 c	HC/Tm
Ezek 41:7	הַ/תַּחְתּוֹנָ֛ה	d/8481	HTd/Aafsa
Ezek 41:7	יַעֲלֶ֥ה	5927	HVqi3ms
Ezek 41:7	עַל	5921 a	HR
Ezek 41:7	הָ/עֶלְיוֹנָ֖ה	d/5945 a	HTd/Aafsa
Ezek 41:7	לַ/תִּיכוֹנָֽה	l/8484	HRd/Aafsa
Ezek 41:8	וְ/רָאִ֧יתִי	c/7200	HC/Vqp1cs
Ezek 41:8	לַ/בַּ֛יִת	l/1004 b	HRd/Ncmsa
Ezek 41:8	גֹּ֖בַהּ	1363	HNcmsa
Ezek 41:8	סָבִ֣יב	5439	HNcbsa
Ezek 41:8	סָבִ֑יב	5439	HNcbsa
Ezek 41:8	מיסדות	4328	HNcfpc
Ezek 41:8	הַ/צְּלָעוֹת֙	d/6763	HTd/Ncbpa
Ezek 41:8	מְל֣וֹ	4393	HNcmsc
Ezek 41:8	הַ/קָּנֶ֔ה	d/7070	HTd/Ncmsa
Ezek 41:8	שֵׁ֥שׁ	8337	HAcfsa
Ezek 41:8	אַמּ֖וֹת	520 a	HNcfpa
Ezek 41:8	אַצִּֽילָה	679	HNcfsa
Ezek 41:9	רֹ֣חַב	7341	HNcmsc
Ezek 41:9	הַ/קִּ֧יר	d/7023	HTd/Ncmsa
Ezek 41:9	אֲֽשֶׁר	834 a	HTr
Ezek 41:9	לַ/צֵּלָ֛ע	l/6763	HRd/Ncbsa
Ezek 41:9	אֶל	413	HR
Ezek 41:9	הַ/ח֖וּץ	d/2351	HTd/Ncmsa
Ezek 41:9	חָמֵ֣שׁ	2568	HAcfsa
Ezek 41:9	אַמּ֑וֹת	520 a	HNcfpa
Ezek 41:9	וַ/אֲשֶׁ֣ר	c/834 a	HC/Tr
Ezek 41:9	מֻנָּ֔ח	3240	HVHsmsa
Ezek 41:9	בֵּ֥ית	1004 a	HNcmsc
Ezek 41:9	צְלָע֖וֹת	6763	HNcbpa
Ezek 41:9	אֲשֶׁ֥ר	834 a	HTr
Ezek 41:9	לַ/בָּֽיִת	l/1004 b	HRd/Ncmsa
Ezek 41:10	וּ/בֵ֨ין	c/996	HC/R
Ezek 41:10	הַ/לְּשָׁכ֜וֹת	d/3957	HTd/Ncfpa
Ezek 41:10	רֹ֣חַב	7341	HNcmsc
Ezek 41:10	עֶשְׂרִ֥ים	6242	HAcbpa
Ezek 41:10	אַמָּ֛ה	520 a	HNcfsa
Ezek 41:10	סָבִ֥יב	5439	HNcbsa
Ezek 41:10	לַ/בַּ֖יִת	l/1004 b	HRd/Ncmsa
Ezek 41:10	סָבִ֥יב	5439	HNcbsa
Ezek 41:10	סָבִֽיב	5439	HNcbsa
Ezek 41:11	וּ/פֶ֤תַח	c/6607	HC/Ncmsc
Ezek 41:11	הַ/צֵּלָע֙	d/6763	HTd/Ncbsa
Ezek 41:11	לַ/מֻּנָּ֔ח	l/3240	HRd/VHsmsa
Ezek 41:11	פֶּ֤תַח	6607	HNcmsa
Ezek 41:11	אֶחָד֙	259	HAcmsa
Ezek 41:11	דֶּ֣רֶךְ	1870	HNcbsc
Ezek 41:11	הַ/צָּפ֔וֹן	d/6828	HTd/Ncfsa
Ezek 41:11	וּ/פֶ֥תַח	c/6607	HC/Ncmsa
Ezek 41:11	אֶחָ֖ד	259	HAcmsa
Ezek 41:11	לַ/דָּר֑וֹם	l/1864	HRd/Ncmsa
Ezek 41:11	וְ/רֹ֨חַב֙	c/7341	HC/Ncmsc
Ezek 41:11	מְק֣וֹם	4725	HNcmsc
Ezek 41:11	הַ/מֻּנָּ֔ח	d/3240	HTd/VHsmsa
Ezek 41:11	חָמֵ֥שׁ	2568	HAcfsa
Ezek 41:11	אַמּ֖וֹת	520 a	HNcfpa
Ezek 41:11	סָבִ֥יב	5439	HNcbsa
Ezek 41:11	סָבִֽיב	5439	HNcbsa
Ezek 41:12	וְ/הַ/בִּנְיָ֡ן	c/d/1146	HC/Td/Ncmsa
Ezek 41:12	אֲשֶׁר֩	834 a	HTr
Ezek 41:12	אֶל	413	HR
Ezek 41:12	פְּנֵ֨י	6440	HNcbpc
Ezek 41:12	הַ/גִּזְרָ֜ה	d/1508	HTd/Ncfsa
Ezek 41:12	פְּאַ֣ת	6285	HNcfsc
Ezek 41:12	דֶּֽרֶךְ	1870	HNcbsc
Ezek 41:12	הַ/יָּ֗ם	d/3220	HTd/Ncmsa
Ezek 41:12	רֹ֚חַב	7341	HNcmsc
Ezek 41:12	שִׁבְעִ֣ים	7657	HAcbpa
Ezek 41:12	אַמָּ֔ה	520 a	HNcfsa
Ezek 41:12	וְ/קִ֧יר	c/7023	HC/Ncmsc
Ezek 41:12	הַ/בִּנְיָ֛ן	d/1146	HTd/Ncmsa
Ezek 41:12	חָֽמֵשׁ	2568	HAcfsa
Ezek 41:12	אַמּ֥וֹת	520 a	HNcfpa
Ezek 41:12	רֹ֖חַב	7341	HNcmsa
Ezek 41:12	סָבִ֣יב	5439	HNcbsa
Ezek 41:12	סָבִ֑יב	5439	HNcbsa
Ezek 41:12	וְ/אָרְכּ֖/וֹ	c/753	HC/Ncmsc/Sp3ms
Ezek 41:12	תִּשְׁעִ֥ים	8673	HAcbpa
Ezek 41:12	אַמָּֽה	520 a	HNcfsa
Ezek 41:13	וּ/מָדַ֣ד	c/4058	HC/Vqq3ms
Ezek 41:13	אֶת	853	HTo
Ezek 41:13	הַ/בַּ֔יִת	d/1004 b	HTd/Ncmsa
Ezek 41:13	אֹ֖רֶךְ	753	HNcmsa
Ezek 41:13	מֵאָ֣ה	3967	HAcbsa
Ezek 41:13	אַמָּ֑ה	520 a	HNcfsa
Ezek 41:13	וְ/הַ/גִּזְרָ֤ה	c/d/1508	HC/Td/Ncfsa
Ezek 41:13	וְ/הַ/בִּנְיָה֙	c/d/1140	HC/Td/Ncfsa
Ezek 41:13	וְ/קִ֣ירוֹתֶ֔י/הָ	c/7023	HC/Ncmpc/Sp3fs
Ezek 41:13	אֹ֖רֶךְ	753	HNcmsa
Ezek 41:13	מֵאָ֥ה	3967	HAcbsa
Ezek 41:13	אַמָּֽה	520 a	HNcfsa
Ezek 41:14	וְ/רֹחַב֩	c/7341	HC/Ncmsc
Ezek 41:14	פְּנֵ֨י	6440	HNcbpc
Ezek 41:14	הַ/בַּ֧יִת	d/1004 b	HTd/Ncmsa
Ezek 41:14	וְ/הַ/גִּזְרָ֛ה	c/d/1508	HC/Td/Ncfsa
Ezek 41:14	לַ/קָּדִ֖ים	l/6921	HRd/Ncmsa
Ezek 41:14	מֵאָ֥ה	3967	HAcbsa
Ezek 41:14	אַמָּֽה	520 a	HNcfsa
Ezek 41:15	וּ/מָדַ֣ד	c/4058	HC/Vqq3ms
Ezek 41:15	אֹֽרֶךְ	753	HNcmsc
Ezek 41:15	הַ֠/בִּנְיָן	d/1146	HTd/Ncmsa
Ezek 41:15	אֶל	413	HR
Ezek 41:15	פְּנֵ֨י	6440	HNcbpc
Ezek 41:15	הַ/גִּזְרָ֜ה	d/1508	HTd/Ncfsa
Ezek 41:15	אֲשֶׁ֨ר	834 a	HTr
Ezek 41:15	עַל	5921 a	HR
Ezek 41:15	אַחֲרֶ֧י/הָ	310 a	HR/Sp3fs
Ezek 41:15	ו/אתוקי/הא	c/862 a	HC/Ncmpc/Sp3fs
Ezek 41:15	מִ/פּ֥וֹ	m/6311	HR/D
Ezek 41:15	וּ/מִ/פּ֖וֹ	c/m/6311	HC/R/D
Ezek 41:15	מֵאָ֣ה	3967	HAcbsa
Ezek 41:15	אַמָּ֑ה	520 a	HNcfsa
Ezek 41:15	וְ/הַֽ/הֵיכָל֙	c/d/1964	HC/Td/Ncmsa
Ezek 41:15	הַ/פְּנִימִ֔י	d/6442	HTd/Aamsa
Ezek 41:15	וְ/אֻֽלַמֵּ֖י	c/197	HC/Ncmpc
Ezek 41:15	הֶ/חָצֵֽר	d/2691 a	HTd/Ncbsa
Ezek 41:16	הַ/סִּפִּ֡ים	d/5592 b	HTd/Ncmpa
Ezek 41:16	וְ/הַ/חַלּוֹנִ֣ים	c/d/2474	HC/Td/Ncbpa
Ezek 41:16	הָ֠/אֲטֻמוֹת	d/331	HTd/Vqsfpa
Ezek 41:16	וְ/הָ/אַתִּיקִ֤ים	c/d/862 b	HC/Td/Ncmpa
Ezek 41:16	סָבִיב֙	5439	HNcbsa
Ezek 41:16	לִ/שְׁלָשְׁתָּ֔/ם	l/7969	HR/Acmsc/Sp3mp
Ezek 41:16	נֶ֧גֶד	5048	HR
Ezek 41:16	הַ/סַּ֛ף	d/5592 b	HTd/Ncmsa
Ezek 41:16	שְׂחִ֥יף	7824	HAamsc
Ezek 41:16	עֵ֖ץ	6086	HNcmsa
Ezek 41:16	סָבִ֣יב	5439	HNcbsa
Ezek 41:16	סָבִ֑יב	5439	HNcbsa
Ezek 41:16	וְ/הָ/אָ֨רֶץ֙	c/d/776	HC/Td/Ncbsa
Ezek 41:16	עַד	5704	HR
Ezek 41:16	הַֽ/חַלֹּנ֔וֹת	d/2474	HTd/Ncbpa
Ezek 41:16	וְ/הַֽ/חַלֹּנ֖וֹת	c/d/2474	HC/Td/Ncbpa
Ezek 41:16	מְכֻסּֽוֹת	3680	HVPsfpa
Ezek 41:17	עַל	5921 a	HR
Ezek 41:17	מֵ/עַ֣ל	m/5921 a	HR/R
Ezek 41:17	הַ/פֶּ֡תַח	d/6607	HTd/Ncmsa
Ezek 41:17	וְ/עַד	c/5704	HC/R
Ezek 41:17	הַ/בַּיִת֩	d/1004 b	HTd/Ncmsa
Ezek 41:17	הַ/פְּנִימִ֨י	d/6442	HTd/Aamsa
Ezek 41:17	וְ/לַ/ח֜וּץ	c/l/2351	HC/Rd/Ncmsa
Ezek 41:17	וְ/אֶל	c/413	HC/R
Ezek 41:17	כָּל	3605	HNcmsc
Ezek 41:17	הַ/קִּ֨יר	d/7023	HTd/Ncmsa
Ezek 41:17	סָבִ֧יב	5439	HNcbsa
Ezek 41:17	סָבִ֛יב	5439	HNcbsa
Ezek 41:17	בַּ/פְּנִימִ֥י	b/6442	HRd/Aamsa
Ezek 41:17	וּ/בַ/חִיצ֖וֹן	c/b/2435	HC/Rd/Aamsa
Ezek 41:17	מִדּֽוֹת	4060 a	HNcfpa
Ezek 41:18	וְ/עָשׂ֥וּי	c/6213 a	HC/Vqsmsa
Ezek 41:18	כְּרוּבִ֖ים	3742	HNcmpa
Ezek 41:18	וְ/תִֽמֹרִ֑ים	c/8561	HC/Ncfpa
Ezek 41:18	וְ/תִֽמֹרָה֙	c/8561	HC/Ncfsa
Ezek 41:18	בֵּין	996	HR
Ezek 41:18	כְּר֣וּב	3742	HNcmsa
Ezek 41:18	לִ/כְר֔וּב	l/3742	HR/Ncmsa
Ezek 41:18	וּ/שְׁנַ֥יִם	c/8147	HC/Acmda
Ezek 41:18	פָּנִ֖ים	6440	HNcbpa
Ezek 41:18	לַ/כְּרֽוּב	l/3742	HRd/Ncmsa
Ezek 41:19	וּ/פְנֵ֨י	c/6440	HC/Ncbpc
Ezek 41:19	אָדָ֤ם	120	HNcmsa
Ezek 41:19	אֶל	413	HR
Ezek 41:19	הַ/תִּֽמֹרָה֙	d/8561	HTd/Ncfsa
Ezek 41:19	מִ/פּ֔וֹ	m/6311	HR/D
Ezek 41:19	וּ/פְנֵֽי	c/6440	HC/Ncbpc
Ezek 41:19	כְפִ֥יר	3715 a	HNcmsa
Ezek 41:19	אֶל	413	HR
Ezek 41:19	הַ/תִּֽמֹרָ֖ה	d/8561	HTd/Ncfsa
Ezek 41:19	מִ/פּ֑וֹ	m/6311	HR/D
Ezek 41:19	עָשׂ֥וּי	6213 a	HVqsmsa
Ezek 41:19	אֶל	413	HR
Ezek 41:19	כָּל	3605	HNcmsc
Ezek 41:19	הַ/בַּ֖יִת	d/1004 b	HTd/Ncmsa
Ezek 41:19	סָבִ֥יב	5439	HNcbsa
Ezek 41:19	סָבִֽיב	5439	HNcbsa
Ezek 41:20	מֵ/הָ/אָ֨רֶץ֙	m/d/776	HR/Td/Ncbsa
Ezek 41:20	עַד	5704	HR
Ezek 41:20	מֵ/עַ֣ל	m/5921 a	HR/R
Ezek 41:20	הַ/פֶּ֔תַח	d/6607	HTd/Ncmsa
Ezek 41:20	הַ/כְּרוּבִ֥ים	d/3742	HTd/Ncmpa
Ezek 41:20	וְ/הַ/תִּֽמֹרִ֖ים	c/d/8561	HC/Td/Ncfpa
Ezek 41:20	עֲשׂוּיִ֑ם	6213 a	HVqsmpa
Ezek 41:20	וְ/קִ֖יר	c/7023	HC/Ncmsc
Ezek 41:20	הַׄ/הֵׄיׄכָֽׄלׄ	d/1964	HTd/Ncmsa
Ezek 41:21	הַֽ/הֵיכָ֖ל	d/1964	HTd/Ncmsa
Ezek 41:21	מְזוּזַ֣ת	4201	HNcfsc
Ezek 41:21	רְבֻעָ֑ה	7251	HVqsfsa
Ezek 41:21	וּ/פְנֵ֣י	c/6440	HC/Ncbpc
Ezek 41:21	הַ/קֹּ֔דֶשׁ	d/6944	HTd/Ncmsa
Ezek 41:21	הַ/מַּרְאֶ֖ה	d/4758	HTd/Ncmsa
Ezek 41:21	כַּ/מַּרְאֶֽה	k/4758	HRd/Ncmsa
Ezek 41:22	הַ/מִּזְבֵּ֡חַ	d/4196	HTd/Ncmsa
Ezek 41:22	עֵ֣ץ	6086	HNcmsa
Ezek 41:22	שָׁלוֹשׁ֩	7969	HAcfsa
Ezek 41:22	אַמּ֨וֹת	520 a	HNcfpa
Ezek 41:22	גָּבֹ֜הַּ	1364	HAamsa
Ezek 41:22	וְ/אָרְכּ֣/וֹ	c/753	HC/Ncmsc/Sp3ms
Ezek 41:22	שְׁתַּֽיִם	8147	HAcfda
Ezek 41:22	אַמּ֗וֹת	520 a	HNcfpa
Ezek 41:22	וּ/מִקְצֹֽעוֹתָי/ו֙	c/4740	HC/Ncmpc/Sp3ms
Ezek 41:22	ל֔/וֹ	l	HR/Sp3ms
Ezek 41:22	וְ/אָרְכּ֥/וֹ	c/753	HC/Ncmsc/Sp3ms
Ezek 41:22	וְ/קִֽירֹתָ֖י/ו	c/7023	HC/Ncmpc/Sp3ms
Ezek 41:22	עֵ֑ץ	6086	HNcmsa
Ezek 41:22	וַ/יְדַבֵּ֣ר	c/1696	HC/Vpw3ms
Ezek 41:22	אֵלַ֔/י	413	HR/Sp1cs
Ezek 41:22	זֶ֚ה	2088	HPdxms
Ezek 41:22	הַ/שֻּׁלְחָ֔ן	d/7979	HTd/Ncmsa
Ezek 41:22	אֲשֶׁ֖ר	834 a	HTr
Ezek 41:22	לִ/פְנֵ֥י	l/6440	HR/Ncbpc
Ezek 41:22	יְהוָֽה	3068	HNp
Ezek 41:23	וּ/שְׁתַּ֧יִם	c/8147	HC/Acfda
Ezek 41:23	דְּלָת֛וֹת	1817 c	HNcfpa
Ezek 41:23	לַֽ/הֵיכָ֖ל	l/1964	HRd/Ncmsa
Ezek 41:23	וְ/לַ/קֹּֽדֶשׁ	c/l/6944	HC/Rd/Ncmsa
Ezek 41:24	וּ/שְׁתַּ֥יִם	c/8147	HC/Acfda
Ezek 41:24	דְּלָת֖וֹת	1817 c	HNcfpa
Ezek 41:24	לַ/דְּלָת֑וֹת	l/1817 c	HRd/Ncfpa
Ezek 41:24	שְׁ֚תַּיִם	8147	HAcfda
Ezek 41:24	מוּסַבּ֣וֹת	4142	HVHsfpa
Ezek 41:24	דְּלָת֔וֹת	1817 c	HNcfpa
Ezek 41:24	שְׁ֚תַּיִם	8147	HAcfda
Ezek 41:24	לְ/דֶ֣לֶת	l/1817 c	HR/Ncfsa
Ezek 41:24	אֶחָ֔ת	259	HAcfsa
Ezek 41:24	וּ/שְׁתֵּ֥י	c/8147	HC/Acfdc
Ezek 41:24	דְלָת֖וֹת	1817 c	HNcfpa
Ezek 41:24	לָ/אַחֶֽרֶת	l/312	HRd/Aafsa
Ezek 41:25	וַ/עֲשׂוּיָ֨ה	c/6213 a	HC/Vqsfsa
Ezek 41:25	אֲלֵי/הֶ֜ן	413	HR/Sp3fp
Ezek 41:25	אֶל	413	HR
Ezek 41:25	דַּלְת֤וֹת	1817 c	HNcfpc
Ezek 41:25	הַֽ/הֵיכָל֙	d/1964	HTd/Ncmsa
Ezek 41:25	כְּרוּבִ֣ים	3742	HNcmpa
Ezek 41:25	וְ/תִֽמֹרִ֔ים	c/8561	HC/Ncfpa
Ezek 41:25	כַּ/אֲשֶׁ֥ר	k/834 d	HR/Tr
Ezek 41:25	עֲשׂוּיִ֖ם	6213 a	HVqsmpa
Ezek 41:25	לַ/קִּיר֑וֹת	l/7023	HRd/Ncmpa
Ezek 41:25	וְ/עָ֥ב	c/5646	HC/Ncmsc
Ezek 41:25	עֵ֛ץ	6086	HNcmsa
Ezek 41:25	אֶל	413	HR
Ezek 41:25	פְּנֵ֥י	6440	HNcbpc
Ezek 41:25	הָ/אוּלָ֖ם	d/197	HTd/Ncmsa
Ezek 41:25	מֵ/הַ/חֽוּץ	m/d/2351	HR/Td/Ncmsa
Ezek 41:26	וְ/חַלּוֹנִ֨ים	c/2474	HC/Ncbpa
Ezek 41:26	אֲטֻמ֤וֹת	331	HVqsfpa
Ezek 41:26	וְ/תִֽמֹרִים֙	c/8561	HC/Ncfpa
Ezek 41:26	מִ/פּ֣וֹ	m/6311	HR/D
Ezek 41:26	וּ/מִ/פּ֔וֹ	c/m/6311	HC/R/D
Ezek 41:26	אֶל	413	HR
Ezek 41:26	כִּתְפ֖וֹת	3802	HNcfpc
Ezek 41:26	הָֽ/אוּלָ֑ם	d/197	HTd/Ncmsa
Ezek 41:26	וְ/צַלְע֥וֹת	c/6763	HC/Ncbpc
Ezek 41:26	הַ/בַּ֖יִת	d/1004 b	HTd/Ncmsa
Ezek 41:26	וְ/הָ/עֻבִּֽים	c/d/5646	HC/Td/Ncmpa
Ezek 42:1	וַ/יּוֹצִאֵ֗/נִי	c/3318	HC/Vhw3ms/Sp1cs
Ezek 42:1	אֶל	413	HR
Ezek 42:1	הֶֽ/חָצֵר֙	d/2691 a	HTd/Ncbsa
Ezek 42:1	הַ/חִ֣יצוֹנָ֔ה	d/2435	HTd/Aafsa
Ezek 42:1	הַ/דֶּ֖רֶךְ	d/1870	HTd/Ncbsa
Ezek 42:1	דֶּ֣רֶךְ	1870	HNcbsc
Ezek 42:1	הַ/צָּפ֑וֹן	d/6828	HTd/Ncfsa
Ezek 42:1	וַ/יְבִאֵ֣/נִי	c/935	HC/Vhw3ms/Sp1cs
Ezek 42:1	אֶל	413	HR
Ezek 42:1	הַ/לִּשְׁכָּ֗ה	d/3957	HTd/Ncfsa
Ezek 42:1	אֲשֶׁ֨ר	834 a	HTr
Ezek 42:1	נֶ֧גֶד	5048	HR
Ezek 42:1	הַ/גִּזְרָ֛ה	d/1508	HTd/Ncfsa
Ezek 42:1	וַ/אֲשֶֽׁר	c/834 a	HC/Tr
Ezek 42:1	נֶ֥גֶד	5048	HR
Ezek 42:1	הַ/בִּנְיָ֖ן	d/1146	HTd/Ncmsa
Ezek 42:1	אֶל	413	HR
Ezek 42:1	הַ/צָּפֽוֹן	d/6828	HTd/Ncfsa
Ezek 42:2	אֶל	413	HR
Ezek 42:2	פְּנֵי	6440	HNcbpc
Ezek 42:2	אֹ֨רֶךְ֙	753	HNcmsa
Ezek 42:2	אַמּ֣וֹת	520 a	HNcfpc
Ezek 42:2	הַ/מֵּאָ֔ה	d/3967	HTd/Acbsa
Ezek 42:2	פֶּ֖תַח	6607	HNcmsc
Ezek 42:2	הַ/צָּפ֑וֹן	d/6828	HTd/Ncfsa
Ezek 42:2	וְ/הָ/רֹ֖חַב	c/d/7341	HC/Td/Ncmsa
Ezek 42:2	חֲמִשִּׁ֥ים	2572	HAcbpa
Ezek 42:2	אַמּֽוֹת	520 a	HNcfpa
Ezek 42:3	נֶ֣גֶד	5048	HR
Ezek 42:3	הָֽ/עֶשְׂרִ֗ים	d/6242	HTd/Acbpa
Ezek 42:3	אֲשֶׁר֙	834 a	HTr
Ezek 42:3	לֶ/חָצֵ֣ר	l/2691 a	HRd/Ncbsa
Ezek 42:3	הַ/פְּנִימִ֔י	d/6442	HTd/Aamsa
Ezek 42:3	וְ/נֶ֣גֶד	c/5048	HC/R
Ezek 42:3	רִֽצְפָ֔ה	7531 a	HNcfsa
Ezek 42:3	אֲשֶׁ֖ר	834 a	HTr
Ezek 42:3	לֶ/חָצֵ֣ר	l/2691 a	HRd/Ncbsa
Ezek 42:3	הַ/חִֽיצוֹנָ֑ה	d/2435	HTd/Aafsa
Ezek 42:3	אַתִּ֥יק	862 b	HNcmsa
Ezek 42:3	אֶל	413	HR
Ezek 42:3	פְּנֵֽי	6440	HNcbpc
Ezek 42:3	אַתִּ֖יק	862 b	HNcmsa
Ezek 42:3	בַּ/שְּׁלִשִֽׁים	b/7992	HRd/Aompa
Ezek 42:4	וְ/לִ/פְנֵ֨י	c/l/6440	HC/R/Ncbpc
Ezek 42:4	הַ/לְּשָׁכ֜וֹת	d/3957	HTd/Ncfpa
Ezek 42:4	מַהֲלַךְ֩	4109	HNcmsc
Ezek 42:4	עֶ֨שֶׂר	6235	HAcfsa
Ezek 42:4	אַמּ֥וֹת	520 a	HNcfpa
Ezek 42:4	רֹ֨חַב֙	7341	HNcmsa
Ezek 42:4	אֶל	413	HR
Ezek 42:4	הַ/פְּנִימִ֔ית	d/6442	HTd/Aafsa
Ezek 42:4	דֶּ֖רֶךְ	1870	HNcbsc
Ezek 42:4	אַמָּ֣ה	520 a	HNcfsa
Ezek 42:4	אֶחָ֑ת	259	HAcfsa
Ezek 42:4	וּ/פִתְחֵי/הֶ֖ם	c/6607	HC/Ncmpc/Sp3mp
Ezek 42:4	לַ/צָּפֽוֹן	l/6828	HRd/Ncfsa
Ezek 42:5	וְ/הַ/לְּשָׁכ֥וֹת	c/d/3957	HC/Td/Ncfpa
Ezek 42:5	הָ/עֶלְיוֹנֹ֖ת	d/5945 a	HTd/Aafpa
Ezek 42:5	קְצֻר֑וֹת	7114 a	HVqsfpa
Ezek 42:5	כִּֽי	3588 a	HC
Ezek 42:5	יוֹכְל֨וּ	398	HVqi3mp
Ezek 42:5	אַתִּיקִ֜ים	862 b	HNcmpa
Ezek 42:5	מֵ/הֵ֗נָה	m/2007	HR/Pp3fp
Ezek 42:5	מֵֽ/הַ/תַּחְתֹּנ֛וֹת	m/d/8481	HR/Td/Aafpa
Ezek 42:5	וּ/מֵ/הַ/תִּֽכֹנ֖וֹת	c/m/d/8484	HC/R/Td/Aafpa
Ezek 42:5	בִּנְיָֽן	1146	HNcmsa
Ezek 42:6	כִּ֤י	3588 a	HC
Ezek 42:6	מְשֻׁלָּשׁוֹת֙	8027	HVPsfpa
Ezek 42:6	הֵ֔נָּה	2007	HPp3fp
Ezek 42:6	וְ/אֵ֤ין	c/369	HC/Tn
Ezek 42:6	לָ/הֶן֙	l	HR/Sp3fp
Ezek 42:6	עַמּוּדִ֔ים	5982	HNcmpa
Ezek 42:6	כְּ/עַמּוּדֵ֖י	k/5982	HR/Ncmpc
Ezek 42:6	הַ/חֲצֵר֑וֹת	d/2691 a	HTd/Ncbpa
Ezek 42:6	עַל	5921 a	HR
Ezek 42:6	כֵּ֣ן	3651 c	HTm
Ezek 42:6	נֶאֱצַ֗ל	680	HVNp3ms
Ezek 42:6	מֵ/הַ/תַּחְתּוֹנ֛וֹת	m/d/8481	HR/Td/Aafpa
Ezek 42:6	וּ/מֵ/הַ/תִּֽיכֹנ֖וֹת	c/m/d/8484	HC/R/Td/Aafpa
Ezek 42:6	מֵ/הָ/אָֽרֶץ	m/d/776	HR/Td/Ncbsa
Ezek 42:7	וְ/גָדֵ֤ר	c/1447	HC/Ncmsa
Ezek 42:7	אֲשֶׁר	834 a	HTr
Ezek 42:7	לַ/חוּץ֙	l/2351	HRd/Ncmsa
Ezek 42:7	לְ/עֻמַּ֣ת	l/5980	HR/Ncfsc
Ezek 42:7	הַ/לְּשָׁכ֔וֹת	d/3957	HTd/Ncfpa
Ezek 42:7	דֶּ֛רֶךְ	1870	HNcbsc
Ezek 42:7	הֶ/חָצֵ֥ר	d/2691 a	HTd/Ncbsa
Ezek 42:7	הַ/חִֽצוֹנָ֖ה	d/2435	HTd/Aafsa
Ezek 42:7	אֶל	413	HR
Ezek 42:7	פְּנֵ֣י	6440	HNcbpc
Ezek 42:7	הַ/לְּשָׁכ֑וֹת	d/3957	HTd/Ncfpa
Ezek 42:7	אָרְכּ֖/וֹ	753	HNcmsc/Sp3ms
Ezek 42:7	חֲמִשִּׁ֥ים	2572	HAcbpa
Ezek 42:7	אַמָּֽה	520 a	HNcfsa
Ezek 42:8	כִּֽי	3588 a	HC
Ezek 42:8	אֹ֣רֶךְ	753	HNcmsc
Ezek 42:8	הַ/לְּשָׁכ֗וֹת	d/3957	HTd/Ncfpa
Ezek 42:8	אֲשֶׁ֛ר	834 a	HTr
Ezek 42:8	לֶ/חָצֵ֥ר	l/2691 a	HRd/Ncbsa
Ezek 42:8	הַ/חִֽצוֹנָ֖ה	d/2435	HTd/Aafsa
Ezek 42:8	חֲמִשִּׁ֣ים	2572	HAcbpa
Ezek 42:8	אַמָּ֑ה	520 a	HNcfsa
Ezek 42:8	וְ/הִנֵּ֛ה	c/2009	HC/Tm
Ezek 42:8	עַל	5921 a	HR
Ezek 42:8	פְּנֵ֥י	6440	HNcbpc
Ezek 42:8	הַ/הֵיכָ֖ל	d/1964	HTd/Ncmsa
Ezek 42:8	מֵאָ֥ה	3967	HAcbsa
Ezek 42:8	אַמָּֽה	520 a	HNcfsa
Ezek 42:9	ו/מ/תחת/ה	c/m/8478	HC/R/R/Sd
Ezek 42:9	לשכות	3957	HNcfpa
Ezek 42:9	הָ/אֵ֑לֶּה	d/428	HTd/Pdxcp
Ezek 42:9	ה/מבוא	d/3996	HTd/Ncmsa
Ezek 42:9	מֵֽ/הַ/קָּדִ֔ים	m/d/6921	HR/Td/Ncmsa
Ezek 42:9	בְּ/בֹא֣/וֹ	b/935	HR/Vqc/Sp3ms
Ezek 42:9	לָ/הֵ֔נָּה	l/2007	HR/Pp3fp
Ezek 42:9	מֵֽ/הֶ/חָצֵ֖ר	m/d/2691 a	HR/Td/Ncbsa
Ezek 42:9	הַ/חִצֹנָֽה	d/2435	HTd/Aafsa
Ezek 42:10	בְּ/רֹ֣חַב	b/7341	HR/Ncmsc
Ezek 42:10	גֶּ֣דֶר	1444	HNcmsc
Ezek 42:10	הֶ/חָצֵ֗ר	d/2691 a	HTd/Ncbsa
Ezek 42:10	דֶּ֧רֶךְ	1870	HNcbsc
Ezek 42:10	הַ/קָּדִ֛ים	d/6921	HTd/Ncmsa
Ezek 42:10	אֶל	413	HR
Ezek 42:10	פְּנֵ֧י	6440	HNcbpc
Ezek 42:10	הַ/גִּזְרָ֛ה	d/1508	HTd/Ncfsa
Ezek 42:10	וְ/אֶל	c/413	HC/R
Ezek 42:10	פְּנֵ֥י	6440	HNcbpc
Ezek 42:10	הַ/בִּנְיָ֖ן	d/1146	HTd/Ncmsa
Ezek 42:10	לְשָׁכֽוֹת	3957	HNcfpa
Ezek 42:11	וְ/דֶ֨רֶךְ֙	c/1870	HC/Ncbsa
Ezek 42:11	לִ/פְנֵי/הֶ֔ם	l/6440	HR/Ncbpc/Sp3mp
Ezek 42:11	כְּ/מַרְאֵ֣ה	k/4758	HR/Ncmsc
Ezek 42:11	הַ/לְּשָׁכ֗וֹת	d/3957	HTd/Ncfpa
Ezek 42:11	אֲשֶׁר֙	834 a	HTr
Ezek 42:11	דֶּ֣רֶךְ	1870	HNcbsc
Ezek 42:11	הַ/צָּפ֔וֹן	d/6828	HTd/Ncfsa
Ezek 42:11	כְּ/אָרְכָּ֖/ן	k/753	HR/Ncmsc/Sp3fp
Ezek 42:11	כֵּ֣ן	3651 c	HTm
Ezek 42:11	רָחְבָּ֑/ן	7341	HNcmsc/Sp3fp
Ezek 42:11	וְ/כֹל֙	c/3605	HC/Ncmsc
Ezek 42:11	מוֹצָ֣אֵי/הֶ֔ן	4161	HNcmpc/Sp3fp
Ezek 42:11	וּ/כְ/מִשְׁפְּטֵי/הֶ֖ן	c/k/4941	HC/R/Ncmpc/Sp3fp
Ezek 42:11	וּ/כְ/פִתְחֵי/הֶֽן	c/k/6607	HC/R/Ncmpc/Sp3fp
Ezek 42:12	וּ/כְ/פִתְחֵ֣י	c/k/6607	HC/R/Ncmpc
Ezek 42:12	הַ/לְּשָׁכ֗וֹת	d/3957	HTd/Ncfpa
Ezek 42:12	אֲשֶׁר֙	834 a	HTr
Ezek 42:12	דֶּ֣רֶךְ	1870	HNcbsc
Ezek 42:12	הַ/דָּר֔וֹם	d/1864	HTd/Ncmsa
Ezek 42:12	פֶּ֖תַח	6607	HNcmsa
Ezek 42:12	בְּ/רֹ֣אשׁ	b/7218 a	HR/Ncmsc
Ezek 42:12	דָּ֑רֶךְ	1870	HNcbsa
Ezek 42:12	דֶּ֗רֶךְ	1870	HNcbsa
Ezek 42:12	בִּ/פְנֵי֙	b/6440	HR/Ncbpc
Ezek 42:12	הַ/גְּדֶ֣רֶת	d/1448	HTd/Ncfsa
Ezek 42:12	הֲגִינָ֔ה	1903	HNcfsa
Ezek 42:12	דֶּ֥רֶךְ	1870	HNcbsc
Ezek 42:12	הַ/קָּדִ֖ים	d/6921	HTd/Ncmsa
Ezek 42:12	בְּ/בוֹאָֽ/ן	b/935	HR/Vqc/Sp3fp
Ezek 42:13	וַ/יֹּ֣אמֶר	c/559	HC/Vqw3ms
Ezek 42:13	אֵלַ֗/י	413	HR/Sp1cs
Ezek 42:13	לִֽשְׁכ֨וֹת	3957	HNcfpc
Ezek 42:13	הַ/צָּפ֜וֹן	d/6828	HTd/Ncfsa
Ezek 42:13	לִֽשְׁכ֣וֹת	3957	HNcfpc
Ezek 42:13	הַ/דָּרוֹם֮	d/1864	HTd/Ncmsa
Ezek 42:13	אֲשֶׁ֣ר	834 a	HTr
Ezek 42:13	אֶל	413	HR
Ezek 42:13	פְּנֵ֣י	6440	HNcbpc
Ezek 42:13	הַ/גִּזְרָה֒	d/1508	HTd/Ncfsa
Ezek 42:13	הֵ֣נָּה	2007	HPp3fp
Ezek 42:13	לִֽשְׁכ֣וֹת	3957	HNcfpc
Ezek 42:13	הַ/קֹּ֗דֶשׁ	d/6944	HTd/Ncmsa
Ezek 42:13	אֲשֶׁ֨ר	834 a	HTr
Ezek 42:13	יֹאכְלוּ	398	HVqi3mp
Ezek 42:13	שָׁ֧ם	8033	HD
Ezek 42:13	הַ/כֹּהֲנִ֛ים	d/3548	HTd/Ncmpa
Ezek 42:13	אֲשֶׁר	834 a	HTr
Ezek 42:13	קְרוֹבִ֥ים	7138	HAampa
Ezek 42:13	לַֽ/יהוָ֖ה	l/3068	HR/Np
Ezek 42:13	קָדְשֵׁ֣י	6944	HNcmpc
Ezek 42:13	הַ/קֳּדָשִׁ֑ים	d/6944	HTd/Ncmpa
Ezek 42:13	שָׁ֞ם	8033	HD
Ezek 42:13	יַנִּ֣יחוּ	3240	HVhi3mp
Ezek 42:13	קָדְשֵׁ֣י	6944	HNcmpc
Ezek 42:13	הַ/קֳּדָשִׁ֗ים	d/6944	HTd/Ncmpa
Ezek 42:13	וְ/הַ/מִּנְחָה֙	c/d/4503	HC/Td/Ncfsa
Ezek 42:13	וְ/הַ/חַטָּ֣את	c/d/2403 b	HC/Td/Ncfsa
Ezek 42:13	וְ/הָ/אָשָׁ֔ם	c/d/817	HC/Td/Ncmsa
Ezek 42:13	כִּ֥י	3588 a	HC
Ezek 42:13	הַ/מָּק֖וֹם	d/4725	HTd/Ncmsa
Ezek 42:13	קָדֹֽשׁ	6918	HAamsa
Ezek 42:14	בְּ/בֹאָ֣/ם	b/935	HR/Vqc/Sp3mp
Ezek 42:14	הַ/כֹּהֲנִ֗ים	d/3548	HTd/Ncmpa
Ezek 42:14	וְ/לֹֽא	c/3808	HC/Tn
Ezek 42:14	יֵצְא֤וּ	3318	HVqi3mp
Ezek 42:14	מֵ/הַ/קֹּ֨דֶשׁ֙	m/d/6944	HR/Td/Ncmsa
Ezek 42:14	אֶל	413	HR
Ezek 42:14	הֶ/חָצֵ֣ר	d/2691 a	HTd/Ncbsa
Ezek 42:14	הַ/חִיצוֹנָ֔ה	d/2435	HTd/Aafsa
Ezek 42:14	וְ/שָׁ֞ם	c/8033	HC/D
Ezek 42:14	יַנִּ֧יחוּ	3240	HVhi3mp
Ezek 42:14	בִגְדֵי/הֶ֛ם	899 b	HNcmpc/Sp3mp
Ezek 42:14	אֲשֶׁר	834 a	HTr
Ezek 42:14	יְשָׁרְת֥וּ	8334	HVpi3mp
Ezek 42:14	בָ/הֶ֖ן	b	HR/Sp3fp
Ezek 42:14	כִּֽי	3588 a	HC
Ezek 42:14	קֹ֣דֶשׁ	6944	HNcmsa
Ezek 42:14	הֵ֑נָּה	2007	HPp3fp
Ezek 42:14	ילבשו	3847	HVqi3mp
Ezek 42:14	בְּגָדִ֣ים	899 b	HNcmpa
Ezek 42:14	אֲחֵרִ֔ים	312	HAampa
Ezek 42:14	וְ/קָרְב֖וּ	c/7126	HC/Vqq3cp
Ezek 42:14	אֶל	413	HR
Ezek 42:14	אֲשֶׁ֥ר	834 a	HTr
Ezek 42:14	לָ/עָֽם	l/5971 a	HRd/Ncmsa
Ezek 42:15	וְ/כִלָּ֗ה	c/3615	HC/Vpp3ms
Ezek 42:15	אֶת	853	HTo
Ezek 42:15	מִדּוֹת֙	4060 a	HNcfpc
Ezek 42:15	הַ/בַּ֣יִת	d/1004 b	HTd/Ncmsa
Ezek 42:15	הַ/פְּנִימִ֔י	d/6442	HTd/Aamsa
Ezek 42:15	וְ/הוֹצִיאַ֨/נִי֙	c/3318	HC/Vhp3ms/Sp1cs
Ezek 42:15	דֶּ֣רֶךְ	1870	HNcbsc
Ezek 42:15	הַ/שַּׁ֔עַר	d/8179	HTd/Ncmsa
Ezek 42:15	אֲשֶׁ֥ר	834 a	HTr
Ezek 42:15	פָּנָ֖י/ו	6440	HNcbpc/Sp3ms
Ezek 42:15	דֶּ֣רֶךְ	1870	HNcbsc
Ezek 42:15	הַ/קָּדִ֑ים	d/6921	HTd/Ncmsa
Ezek 42:15	וּ/מְדָד֖/וֹ	c/4058	HC/Vqp3ms/Sp3ms
Ezek 42:15	סָבִ֥יב	5439	HNcbsa
Ezek 42:15	סָבִֽיב	5439	HNcbsa
Ezek 42:16	מָדַ֛ד	4058	HVqp3ms
Ezek 42:16	ר֥וּחַ	7307	HNcbsc
Ezek 42:16	הַ/קָּדִ֖ים	d/6921	HTd/Ncmsa
Ezek 42:16	בִּ/קְנֵ֣ה	b/7070	HR/Ncmsc
Ezek 42:16	הַ/מִּדָּ֑ה	d/4060 a	HTd/Ncfsa
Ezek 42:16	חֲמֵשׁ	2568	HAcfsa
Ezek 42:16	אמות	520 a	HNcfpc
Ezek 42:16	קָנִ֛ים	7070	HNcmpa
Ezek 42:16	בִּ/קְנֵ֥ה	b/7070	HR/Ncmsc
Ezek 42:16	הַ/מִּדָּ֖ה	d/4060 a	HTd/Ncfsa
Ezek 42:16	סָבִֽיב	5439	HNcbsa
Ezek 42:17	מָדַ֖ד	4058	HVqp3ms
Ezek 42:17	ר֣וּחַ	7307	HNcbsc
Ezek 42:17	הַ/צָּפ֑וֹן	d/6828	HTd/Ncfsa
Ezek 42:17	חֲמֵשׁ	2568	HAcfsa
Ezek 42:17	מֵא֥וֹת	3967	HAcbpa
Ezek 42:17	קָנִ֛ים	7070	HNcmpa
Ezek 42:17	בִּ/קְנֵ֥ה	b/7070	HR/Ncmsc
Ezek 42:17	הַ/מִּדָּ֖ה	d/4060 a	HTd/Ncfsa
Ezek 42:17	סָבִֽיב	5439	HNcbsa
Ezek 42:18	אֵ֛ת	853	HTo
Ezek 42:18	ר֥וּחַ	7307	HNcbsc
Ezek 42:18	הַ/דָּר֖וֹם	d/1864	HTd/Ncmsa
Ezek 42:18	מָדָ֑ד	4058	HVqp3ms
Ezek 42:18	חֲמֵשׁ	2568	HAcfsa
Ezek 42:18	מֵא֥וֹת	3967	HAcbpa
Ezek 42:18	קָנִ֖ים	7070	HNcmpa
Ezek 42:18	בִּ/קְנֵ֥ה	b/7070	HR/Ncmsc
Ezek 42:18	הַ/מִּדָּֽה	d/4060 a	HTd/Ncfsa
Ezek 42:19	סָבַ֖ב	5437	HVqp3ms
Ezek 42:19	אֶל	413	HR
Ezek 42:19	ר֣וּחַ	7307	HNcbsc
Ezek 42:19	הַ/יָּ֑ם	d/3220	HTd/Ncmsa
Ezek 42:19	מָדַ֛ד	4058	HVqp3ms
Ezek 42:19	חֲמֵשׁ	2568	HAcfsa
Ezek 42:19	מֵא֥וֹת	3967	HAcbpa
Ezek 42:19	קָנִ֖ים	7070	HNcmpa
Ezek 42:19	בִּ/קְנֵ֥ה	b/7070	HR/Ncmsc
Ezek 42:19	הַ/מִּדָּֽה	d/4060 a	HTd/Ncfsa
Ezek 42:20	לְ/אַרְבַּ֨ע	l/702	HR/Acfsa
Ezek 42:20	רוּח֜וֹת	7307	HNcbpa
Ezek 42:20	מְדָד֗/וֹ	4058	HVqp3ms/Sp3ms
Ezek 42:20	ח֤וֹמָה	2346	HNcfsa
Ezek 42:20	ל/וֹ֙	l	HR/Sp3ms
Ezek 42:20	סָבִ֣יב	5439	HNcbsa
Ezek 42:20	סָבִ֔יב	5439	HNcbsa
Ezek 42:20	אֹ֚רֶךְ	753	HNcmsa
Ezek 42:20	חֲמֵ֣שׁ	2568	HAcfsa
Ezek 42:20	מֵא֔וֹת	3967	HAcbpa
Ezek 42:20	וְ/רֹ֖חַב	c/7341	HC/Ncmsa
Ezek 42:20	חֲמֵ֣שׁ	2568	HAcfsa
Ezek 42:20	מֵא֑וֹת	3967	HAcbpa
Ezek 42:20	לְ/הַבְדִּ֕יל	l/914	HR/Vhc
Ezek 42:20	בֵּ֥ין	996	HR
Ezek 42:20	הַ/קֹּ֖דֶשׁ	d/6944	HTd/Ncmsa
Ezek 42:20	לְ/חֹֽל	l/2455	HR/Ncmsa
Ezek 43:1	וַ/יּוֹלִכֵ֖/נִי	c/3212	HC/Vhw3ms/Sp1cs
Ezek 43:1	אֶל	413	HR
Ezek 43:1	הַ/שָּׁ֑עַר	d/8179	HTd/Ncmsa
Ezek 43:1	שַׁ֕עַר	8179	HNcmsa
Ezek 43:1	אֲשֶׁ֥ר	834 a	HTr
Ezek 43:1	פֹּנֶ֖ה	6437	HVqrmsa
Ezek 43:1	דֶּ֥רֶךְ	1870	HNcbsc
Ezek 43:1	הַ/קָּדִֽים	d/6921	HTd/Ncmsa
Ezek 43:2	וְ/הִנֵּ֗ה	c/2009	HC/Tm
Ezek 43:2	כְּבוֹד֙	3519	HNcbsc
Ezek 43:2	אֱלֹהֵ֣י	430	HNcmpc
Ezek 43:2	יִשְׂרָאֵ֔ל	3478	HNp
Ezek 43:2	בָּ֖א	935	HVqp3ms
Ezek 43:2	מִ/דֶּ֣רֶךְ	m/1870	HR/Ncbsc
Ezek 43:2	הַ/קָּדִ֑ים	d/6921	HTd/Ncmsa
Ezek 43:2	וְ/קוֹל֗/וֹ	c/6963 a	HC/Ncmsc/Sp3ms
Ezek 43:2	כְּ/קוֹל֙	k/6963 a	HR/Ncmsc
Ezek 43:2	מַ֣יִם	4325	HNcmpa
Ezek 43:2	רַבִּ֔ים	7227 a	HAampa
Ezek 43:2	וְ/הָ/אָ֖רֶץ	c/d/776	HC/Td/Ncbsa
Ezek 43:2	הֵאִ֥ירָה	215	HVhp3fs
Ezek 43:2	מִ/כְּבֹדֽ/וֹ	m/3519	HR/Ncbsc/Sp3ms
Ezek 43:3	וּ/כְ/מַרְאֵ֨ה	c/k/4758	HC/R/Ncmsc
Ezek 43:3	הַ/מַּרְאֶ֜ה	d/4758	HTd/Ncmsa
Ezek 43:3	אֲשֶׁ֣ר	834 a	HTr
Ezek 43:3	רָאִ֗יתִי	7200	HVqp1cs
Ezek 43:3	כַּ/מַּרְאֶ֤ה	k/4758	HRd/Ncmsa
Ezek 43:3	אֲשֶׁר	834 a	HTr
Ezek 43:3	רָאִ֨יתִי֙	7200	HVqp1cs
Ezek 43:3	בְּ/בֹאִ/י֙	b/935	HR/Vqc/Sp1cs
Ezek 43:3	לְ/שַׁחֵ֣ת	l/7843	HR/Vpc
Ezek 43:3	אֶת	853	HTo
Ezek 43:3	הָ/עִ֔יר	d/5892 b	HTd/Ncfsa
Ezek 43:3	וּ/מַרְא֕וֹת	c/4758	HC/Ncmpa
Ezek 43:3	כַּ/מַּרְאֶ֕ה	k/4758	HRd/Ncmsa
Ezek 43:3	אֲשֶׁ֥ר	834 a	HTr
Ezek 43:3	רָאִ֖יתִי	7200	HVqp1cs
Ezek 43:3	אֶל	413	HR
Ezek 43:3	נְהַר	5104	HNcmsc
Ezek 43:3	כְּבָ֑ר	3529	HNp
Ezek 43:3	וָ/אֶפֹּ֖ל	c/5307	HC/Vqw1cs
Ezek 43:3	אֶל	413	HR
Ezek 43:3	פָּנָֽ/י	6440	HNcbpc/Sp1cs
Ezek 43:4	וּ/כְב֥וֹד	c/3519	HC/Ncbsc
Ezek 43:4	יְהוָ֖ה	3068	HNp
Ezek 43:4	בָּ֣א	935	HVqp3ms
Ezek 43:4	אֶל	413	HR
Ezek 43:4	הַ/בָּ֑יִת	d/1004 b	HTd/Ncmsa
Ezek 43:4	דֶּ֣רֶךְ	1870	HNcbsc
Ezek 43:4	שַׁ֔עַר	8179	HNcmsa
Ezek 43:4	אֲשֶׁ֥ר	834 a	HTr
Ezek 43:4	פָּנָ֖י/ו	6440	HNcbpc/Sp3ms
Ezek 43:4	דֶּ֥רֶךְ	1870	HNcbsc
Ezek 43:4	הַ/קָּדִֽים	d/6921	HTd/Ncmsa
Ezek 43:5	וַ/תִּשָּׂאֵ֣/נִי	c/5375	HC/Vqw3fs/Sp1cs
Ezek 43:5	ר֔וּחַ	7307	HNcbsa
Ezek 43:5	וַ/תְּבִיאֵ֕/נִי	c/935	HC/Vhw3fs/Sp1cs
Ezek 43:5	אֶל	413	HR
Ezek 43:5	הֶֽ/חָצֵ֖ר	d/2691 a	HTd/Ncbsa
Ezek 43:5	הַ/פְּנִימִ֑י	d/6442	HTd/Aamsa
Ezek 43:5	וְ/הִנֵּ֛ה	c/2009	HC/Tm
Ezek 43:5	מָלֵ֥א	4390	HVqp3ms
Ezek 43:5	כְבוֹד	3519	HNcbsc
Ezek 43:5	יְהוָ֖ה	3068	HNp
Ezek 43:5	הַ/בָּֽיִת	d/1004 b	HTd/Ncmsa
Ezek 43:6	וָ/אֶשְׁמַ֛ע	c/8085	HC/Vqw1cs
Ezek 43:6	מִדַּבֵּ֥ר	1696	HVtrmsa
Ezek 43:6	אֵלַ֖/י	413	HR/Sp1cs
Ezek 43:6	מֵ/הַ/בָּ֑יִת	m/d/1004 b	HR/Td/Ncmsa
Ezek 43:6	וְ/אִ֕ישׁ	c/376	HC/Ncmsa
Ezek 43:6	הָיָ֥ה	1961	HVqp3ms
Ezek 43:6	עֹמֵ֖ד	5975	HVqrmsa
Ezek 43:6	אֶצְלִֽ/י	681	HR/Sp1cs
Ezek 43:7	וַ/יֹּ֣אמֶר	c/559	HC/Vqw3ms
Ezek 43:7	אֵלַ֗/י	413	HR/Sp1cs
Ezek 43:7	בֶּן	1121 a	HNcmsc
Ezek 43:7	אָדָם֙	120	HNcmsa
Ezek 43:7	אֶת	853	HTo
Ezek 43:7	מְק֣וֹם	4725	HNcmsc
Ezek 43:7	כִּסְאִ֗/י	3678	HNcmsc/Sp1cs
Ezek 43:7	וְ/אֶת	c/853	HC/To
Ezek 43:7	מְקוֹם֙	4725	HNcmsc
Ezek 43:7	כַּפּ֣וֹת	3709	HNcfpc
Ezek 43:7	רַגְלַ֔/י	7272	HNcfdc/Sp1cs
Ezek 43:7	אֲשֶׁ֧ר	834 a	HTr
Ezek 43:7	אֶשְׁכָּן	7931	HVqi1cs
Ezek 43:7	שָׁ֛ם	8033	HD
Ezek 43:7	בְּ/ת֥וֹךְ	b/8432	HR/Ncmsc
Ezek 43:7	בְּנֵֽי	1121 a	HNcmpc
Ezek 43:7	יִשְׂרָאֵ֖ל	3478	HNp
Ezek 43:7	לְ/עוֹלָ֑ם	l/5769	HR/Ncmsa
Ezek 43:7	וְ/לֹ֣א	c/3808	HC/Tn
Ezek 43:7	יְטַמְּא֣וּ	2930 a	HVpi3mp
Ezek 43:7	ע֣וֹד	5750	HD
Ezek 43:7	בֵּֽית	1004 b	HNcmsc
Ezek 43:7	יִ֠שְׂרָאֵל	3478	HNp
Ezek 43:7	שֵׁ֣ם	8034	HNcmsc
Ezek 43:7	קָדְשִׁ֞/י	6944	HNcmsc/Sp1cs
Ezek 43:7	הֵ֤מָּה	1992	HPp3mp
Ezek 43:7	וּ/מַלְכֵי/הֶם֙	c/4428	HC/Ncmpc/Sp3mp
Ezek 43:7	בִּ/זְנוּתָ֔/ם	b/2184	HR/Ncfsc/Sp3mp
Ezek 43:7	וּ/בְ/פִגְרֵ֥י	c/b/6297	HC/R/Ncmpc
Ezek 43:7	מַלְכֵי/הֶ֖ם	4428	HNcmpc/Sp3mp
Ezek 43:7	בָּמוֹתָֽ/ם	1116	HNcfpc/Sp3mp
Ezek 43:8	בְּ/תִתָּ֨/ם	b/5414	HR/Vqc/Sp3mp
Ezek 43:8	סִפָּ֜/ם	5592 b	HNcmsc/Sp3mp
Ezek 43:8	אֶת	854	HR
Ezek 43:8	סִפִּ֗/י	5592 b	HNcmsc/Sp1cs
Ezek 43:8	וּ/מְזֽוּזָתָ/ם֙	c/4201	HC/Ncfsc/Sp3mp
Ezek 43:8	אֵ֣צֶל	681	HR
Ezek 43:8	מְזוּזָתִ֔/י	4201	HNcfsc/Sp1cs
Ezek 43:8	וְ/הַ/קִּ֖יר	c/d/7023	HC/Td/Ncmsa
Ezek 43:8	בֵּינִ֣/י	996	HR/Sp1cs
Ezek 43:8	וּ/בֵֽינֵי/הֶ֑ם	c/996	HC/R/Sp3mp
Ezek 43:8	וְ/טִמְּא֣וּ	c/2930 a	HC/Vpp3cp
Ezek 43:8	אֶת	853	HTo
Ezek 43:8	שֵׁ֣ם	8034	HNcmsc
Ezek 43:8	קָדְשִׁ֗/י	6944	HNcmsc/Sp1cs
Ezek 43:8	בְּ/תֽוֹעֲבוֹתָ/ם֙	b/8441	HR/Ncfpc/Sp3mp
Ezek 43:8	אֲשֶׁ֣ר	834 a	HTr
Ezek 43:8	עָשׂ֔וּ	6213 a	HVqp3cp
Ezek 43:8	וָ/אֲכַ֥ל	c/398	HC/Vpw1cs
Ezek 43:8	אֹתָ֖/ם	853	HTo/Sp3mp
Ezek 43:8	בְּ/אַפִּֽ/י	b/639	HR/Ncmsc/Sp1cs
Ezek 43:9	עַתָּ֞ה	6258	HD
Ezek 43:9	יְרַחֲק֧וּ	7368	HVpj3mp
Ezek 43:9	אֶת	853	HTo
Ezek 43:9	זְנוּתָ֛/ם	2184	HNcfsc/Sp3mp
Ezek 43:9	וּ/פִגְרֵ֥י	c/6297	HC/Ncmpc
Ezek 43:9	מַלְכֵי/הֶ֖ם	4428	HNcmpc/Sp3mp
Ezek 43:9	מִמֶּ֑/נִּי	4480 a	HR/Sp1cs
Ezek 43:9	וְ/שָׁכַנְתִּ֥י	c/7931	HC/Vqq1cs
Ezek 43:9	בְ/תוֹכָ֖/ם	b/8432	HR/Ncmsc/Sp3mp
Ezek 43:9	לְ/עוֹלָֽם	l/5769	HR/Ncmsa
Ezek 43:10	אַתָּ֣ה	859 a	HPp2ms
Ezek 43:10	בֶן	1121 a	HNcmsc
Ezek 43:10	אָדָ֗ם	120	HNcmsa
Ezek 43:10	הַגֵּ֤ד	5046	HVhv2ms
Ezek 43:10	אֶת	853	HTo
Ezek 43:10	בֵּֽית	1004 b	HNcmsc
Ezek 43:10	יִשְׂרָאֵל֙	3478	HNp
Ezek 43:10	אֶת	853	HTo
Ezek 43:10	הַ/בַּ֔יִת	d/1004 b	HTd/Ncmsa
Ezek 43:10	וְ/יִכָּלְמ֖וּ	c/3637	HC/VNj3mp
Ezek 43:10	מֵ/עֲוֺנֽוֹתֵי/הֶ֑ם	m/5771	HR/Ncbpc/Sp3mp
Ezek 43:10	וּ/מָדְד֖וּ	c/4058	HC/Vqq3cp
Ezek 43:10	אֶת	853	HTo
Ezek 43:10	תָּכְנִֽית	8508	HNcfsa
Ezek 43:11	וְ/אִֽם	c/518 a	HC/C
Ezek 43:11	נִכְלְמ֞וּ	3637	HVNp3cp
Ezek 43:11	מִ/כֹּ֣ל	m/3605	HR/Ncmsa
Ezek 43:11	אֲשֶׁר	834 a	HTr
Ezek 43:11	עָשׂ֗וּ	6213 a	HVqp3cp
Ezek 43:11	צוּרַ֣ת	6699	HNcfsc
Ezek 43:11	הַ/בַּ֡יִת	d/1004 b	HTd/Ncmsa
Ezek 43:11	וּ/תְכוּנָת֡/וֹ	c/8498	HC/Ncfsc/Sp3ms
Ezek 43:11	וּ/מוֹצָאָ֡י/ו	c/4161	HC/Ncmpc/Sp3ms
Ezek 43:11	וּ/מוֹבָאָ֣י/ו	c/4126	HC/Ncmpc/Sp3ms
Ezek 43:11	וְֽ/כָל	c/3605	HC/Ncmsc
Ezek 43:11	צֽוּרֹתָ֡/ו	6699	HNcfpc/Sp3ms
Ezek 43:11	וְ/אֵ֣ת	c/853	HC/To
Ezek 43:11	כָּל	3605	HNcmsc
Ezek 43:11	חֻקֹּתָי/ו֩	2708	HNcbpc/Sp3ms
Ezek 43:11	וְ/כָל	c/3605	HC/Ncmsc
Ezek 43:11	צורת/י	6699	HNcfpc/Sp1cs
Ezek 43:11	וְ/כָל	c/3605	HC/Ncmsc
Ezek 43:11	תורת/ו	8451	HNcfpc/Sp3ms
Ezek 43:11	הוֹדַ֣ע	3045	HVhv2ms
Ezek 43:11	אוֹתָ֔/ם	853	HTo/Sp3mp
Ezek 43:11	וּ/כְתֹ֖ב	c/3789	HC/Vqv2ms
Ezek 43:11	לְ/עֵֽינֵי/הֶ֑ם	l/5869 a	HR/Ncbdc/Sp3mp
Ezek 43:11	וְ/יִשְׁמְר֞וּ	c/8104	HC/Vqj3mp
Ezek 43:11	אֶת	853	HTo
Ezek 43:11	כָּל	3605	HNcmsc
Ezek 43:11	צוּרָת֛/וֹ	6699	HNcfsc/Sp3ms
Ezek 43:11	וְ/אֶת	c/853	HC/To
Ezek 43:11	כָּל	3605	HNcmsc
Ezek 43:11	חֻקֹּתָ֖י/ו	2708	HNcbpc/Sp3ms
Ezek 43:11	וְ/עָשׂ֥וּ	c/6213 a	HC/Vqq3cp
Ezek 43:11	אוֹתָֽ/ם	853	HTo/Sp3mp
Ezek 43:12	זֹ֖את	2063	HPdxfs
Ezek 43:12	תּוֹרַ֣ת	8451	HNcfsc
Ezek 43:12	הַ/בָּ֑יִת	d/1004 b	HTd/Ncmsa
Ezek 43:12	עַל	5921 a	HR
Ezek 43:12	רֹ֣אשׁ	7218 a	HNcmsc
Ezek 43:12	הָ֠/הָר	d/2022	HTd/Ncmsa
Ezek 43:12	כָּל	3605	HNcmsc
Ezek 43:12	גְּבֻל֞/וֹ	1366	HNcmsc/Sp3ms
Ezek 43:12	סָבִ֤יב	5439	HNcbsa
Ezek 43:12	סָבִיב֙	5439	HNcbsa
Ezek 43:12	קֹ֣דֶשׁ	6944	HNcmsc
Ezek 43:12	קָדָשִׁ֔ים	6944	HNcmpa
Ezek 43:12	הִנֵּה	2009	HTm
Ezek 43:12	זֹ֖את	2063	HPdxfs
Ezek 43:12	תּוֹרַ֥ת	8451	HNcfsc
Ezek 43:12	הַ/בָּֽיִת	d/1004 b	HTd/Ncmsa
Ezek 43:13	וְ/אֵ֨לֶּה	c/428	HC/Pdxcp
Ezek 43:13	מִדּ֤וֹת	4060 a	HNcfpc
Ezek 43:13	הַ/מִּזְבֵּ֨חַ֙	d/4196	HTd/Ncmsa
Ezek 43:13	בָּֽ/אַמּ֔וֹת	b/520 a	HRd/Ncfpa
Ezek 43:13	אַמָּ֥ה	520 a	HNcfsa
Ezek 43:13	אַמָּ֖ה	520 a	HNcfsa
Ezek 43:13	וָ/טֹ֑פַח	c/2948	HC/Ncmsa
Ezek 43:13	וְ/חֵ֨יק	c/2436	HC/Ncmsc
Ezek 43:13	הָ/אַמָּ֜ה	d/520 a	HTd/Ncfsa
Ezek 43:13	וְ/אַמָּה	c/520 a	HC/Ncfsa
Ezek 43:13	רֹ֗חַב	7341	HNcmsa
Ezek 43:13	וּ/גְבוּלָ֨/הּ	c/1366	HC/Ncmsc/Sp3fs
Ezek 43:13	אֶל	413	HR
Ezek 43:13	שְׂפָתָ֤/הּ	8193	HNcfsc/Sp3fs
Ezek 43:13	סָבִיב֙	5439	HNcbsa
Ezek 43:13	זֶ֣רֶת	2239	HNcfsc
Ezek 43:13	הָ/אֶחָ֔ד	d/259	HTd/Acmsa
Ezek 43:13	וְ/זֶ֖ה	c/2088	HC/Pdxms
Ezek 43:13	גַּ֥ב	1354	HNcbsc
Ezek 43:13	הַ/מִּזְבֵּֽחַ	d/4196	HTd/Ncmsa
Ezek 43:14	וּ/מֵ/חֵ֨יק	c/m/2436	HC/R/Ncmsc
Ezek 43:14	הָ/אָ֜רֶץ	d/776	HTd/Ncbsa
Ezek 43:14	עַד	5704	HR
Ezek 43:14	הָ/עֲזָרָ֤ה	d/5835	HTd/Ncfsa
Ezek 43:14	הַ/תַּחְתּוֹנָה֙	d/8481	HTd/Aafsa
Ezek 43:14	שְׁתַּ֣יִם	8147	HAcfda
Ezek 43:14	אַמּ֔וֹת	520 a	HNcfpa
Ezek 43:14	וְ/רֹ֖חַב	c/7341	HC/Ncmsa
Ezek 43:14	אַמָּ֣ה	520 a	HNcfsa
Ezek 43:14	אֶחָ֑ת	259	HAcfsa
Ezek 43:14	וּ/מֵ/הֳ/עֲזָרָ֨ה	c/m/d/5835	HC/R/Td/Ncfsa
Ezek 43:14	הַ/קְּטַנָּ֜ה	d/6996 a	HTd/Aafsa
Ezek 43:14	עַד	5704	HR
Ezek 43:14	הָ/עֲזָרָ֤ה	d/5835	HTd/Ncfsa
Ezek 43:14	הַ/גְּדוֹלָה֙	d/1419 a	HTd/Aafsa
Ezek 43:14	אַרְבַּ֣ע	702	HAcfsa
Ezek 43:14	אַמּ֔וֹת	520 a	HNcfpa
Ezek 43:14	וְ/רֹ֖חַב	c/7341	HC/Ncmsa
Ezek 43:14	הָ/אַמָּֽה	d/520 a	HTd/Ncfsa
Ezek 43:15	וְ/הַֽ/הַרְאֵ֖ל	c/d/2025	HC/Td/Ncmsa
Ezek 43:15	אַרְבַּ֣ע	702	HAcfsa
Ezek 43:15	אַמּ֑וֹת	520 a	HNcfpa
Ezek 43:15	וּ/מֵ/הָ/אֲרִאֵ֣יל	c/m/d/741	HC/R/Td/Ncmsa
Ezek 43:15	וּ/לְ/מַ֔עְלָ/ה	c/l/4605	HC/R/D/Sd
Ezek 43:15	הַ/קְּרָנ֖וֹת	d/7161 a	HTd/Ncbpa
Ezek 43:15	אַרְבַּֽע	702	HAcfsa
Ezek 43:16	ו/ה/אראיל	c/d/741	HC/Td/Ncmsa
Ezek 43:16	שְׁתֵּ֤ים	8147	HAcfda
Ezek 43:16	עֶשְׂרֵה֙	6240	HAcfsa
Ezek 43:16	אֹ֔רֶךְ	753	HNcmsa
Ezek 43:16	בִּ/שְׁתֵּ֥ים	b/8147	HR/Acfda
Ezek 43:16	עֶשְׂרֵ֖ה	6240	HAcfsa
Ezek 43:16	רֹ֑חַב	7341	HNcmsa
Ezek 43:16	רָב֕וּעַ	7251	HVqsmsa
Ezek 43:16	אֶ֖ל	413	HR
Ezek 43:16	אַרְבַּ֥עַת	702	HAcmsc
Ezek 43:16	רְבָעָֽי/ו	7253	HNcmpc/Sp3ms
Ezek 43:17	וְ/הָ/עֲזָרָ֞ה	c/d/5835	HC/Td/Ncfsa
Ezek 43:17	אַרְבַּ֧ע	702	HAcfsa
Ezek 43:17	עֶשְׂרֵ֣ה	6240	HAcfsa
Ezek 43:17	אֹ֗רֶךְ	753	HNcmsa
Ezek 43:17	בְּ/אַרְבַּ֤ע	b/702	HR/Acfsa
Ezek 43:17	עֶשְׂרֵה֙	6240	HAcfsa
Ezek 43:17	רֹ֔חַב	7341	HNcmsa
Ezek 43:17	אֶ֖ל	413	HR
Ezek 43:17	אַרְבַּ֣עַת	702	HAcmsc
Ezek 43:17	רְבָעֶ֑י/הָ	7253	HNcmpc/Sp3fs
Ezek 43:17	וְ/הַ/גְּבוּל	c/d/1366	HC/Td/Ncmsa
Ezek 43:17	סָבִ֨יב	5439	HNcbsa
Ezek 43:17	אוֹתָ֜/הּ	853	HTo/Sp3fs
Ezek 43:17	חֲצִ֣י	2677	HNcmsc
Ezek 43:17	הָ/אַמָּ֗ה	d/520 a	HTd/Ncfsa
Ezek 43:17	וְ/הַֽ/חֵיק	c/d/2436	HC/Td/Ncmsa
Ezek 43:17	לָ֤/הּ	l	HR/Sp3fs
Ezek 43:17	אַמָּה֙	520 a	HNcfsa
Ezek 43:17	סָבִ֔יב	5439	HNcbsa
Ezek 43:17	וּ/מַעֲלֹתֵ֖/הוּ	c/4609 b	HC/Ncfpc/Sp3ms
Ezek 43:17	פְּנ֥וֹת	6437	HVqc
Ezek 43:17	קָדִֽים	6921	HNcmsa
Ezek 43:18	וַ/יֹּ֣אמֶר	c/559	HC/Vqw3ms
Ezek 43:18	אֵלַ֗/י	413	HR/Sp1cs
Ezek 43:18	בֶּן	1121 a	HNcmsc
Ezek 43:18	אָדָם֙	120	HNcmsa
Ezek 43:18	כֹּ֤ה	3541	HD
Ezek 43:18	אָמַר֙	559	HVqp3ms
Ezek 43:18	אֲדֹנָ֣/י	136	HNcmpc/Sp1cs
Ezek 43:18	יְהוִ֔ה	3069	HNp
Ezek 43:18	אֵ֚לֶּה	428	HPdxcp
Ezek 43:18	חֻקּ֣וֹת	2708	HNcbpc
Ezek 43:18	הַ/מִּזְבֵּ֔חַ	d/4196	HTd/Ncmsa
Ezek 43:18	בְּ/י֖וֹם	b/3117	HR/Ncmsc
Ezek 43:18	הֵעָֽשׂוֹת֑/וֹ	6213 a	HVNc/Sp3ms
Ezek 43:18	לְ/הַעֲל֤וֹת	l/5927	HR/Vhc
Ezek 43:18	עָלָי/ו֙	5921 a	HR/Sp3ms
Ezek 43:18	עוֹלָ֔ה	5930 a	HNcfsa
Ezek 43:18	וְ/לִ/זְרֹ֥ק	c/l/2236	HC/R/Vqc
Ezek 43:18	עָלָ֖י/ו	5921 a	HR/Sp3ms
Ezek 43:18	דָּֽם	1818	HNcmsa
Ezek 43:19	וְ/נָתַתָּ֣ה	c/5414	HC/Vqq2ms
Ezek 43:19	אֶל	413	HR
Ezek 43:19	הַ/כֹּהֲנִ֣ים	d/3548	HTd/Ncmpa
Ezek 43:19	הַ/לְוִיִּ֡ם	d/3881	HTd/Ngmpa
Ezek 43:19	אֲשֶׁ֣ר	834 a	HTr
Ezek 43:19	הֵם֩	1992	HPp3mp
Ezek 43:19	מִ/זֶּ֨רַע	m/2233	HR/Ncmsc
Ezek 43:19	צָד֜וֹק	6659	HNp
Ezek 43:19	הַ/קְּרֹבִ֣ים	d/7138	HTd/Aampa
Ezek 43:19	אֵלַ֗/י	413	HR/Sp1cs
Ezek 43:19	נְאֻ֛ם	5002	HNcmsc
Ezek 43:19	אֲדֹנָ֥/י	136	HNcmpc/Sp1cs
Ezek 43:19	יְהוִ֖ה	3069	HNp
Ezek 43:19	לְ/שָֽׁרְתֵ֑/נִי	l/8334	HR/Vpc/Sp1cs
Ezek 43:19	פַּ֥ר	6499	HNcmsa
Ezek 43:19	בֶּן	1121 a	HNcmsc
Ezek 43:19	בָּקָ֖ר	1241	HNcbsa
Ezek 43:19	לְ/חַטָּֽאת	l/2403 b	HR/Ncfsa
Ezek 43:20	וְ/לָקַחְתָּ֣	c/3947	HC/Vqq2ms
Ezek 43:20	מִ/דָּמ֗/וֹ	m/1818	HR/Ncmsc/Sp3ms
Ezek 43:20	וְ/נָ֨תַתָּ֜ה	c/5414	HC/Vqq2ms
Ezek 43:20	עַל	5921 a	HR
Ezek 43:20	אַרְבַּ֤ע	702	HAcfsa
Ezek 43:20	קַרְנֹתָי/ו֙	7161 a	HNcbpc/Sp3ms
Ezek 43:20	וְ/אֶל	c/413	HC/R
Ezek 43:20	אַרְבַּע֙	702	HAcfsa
Ezek 43:20	פִּנּ֣וֹת	6438	HNcfpc
Ezek 43:20	הָ/עֲזָרָ֔ה	d/5835	HTd/Ncfsa
Ezek 43:20	וְ/אֶֽל	c/413	HC/R
Ezek 43:20	הַ/גְּב֖וּל	d/1366	HTd/Ncmsa
Ezek 43:20	סָבִ֑יב	5439	HNcbsa
Ezek 43:20	וְ/חִטֵּאתָ֥	c/2398	HC/Vpq2ms
Ezek 43:20	אוֹת֖/וֹ	853	HTo/Sp3ms
Ezek 43:20	וְ/כִפַּרְתָּֽ/הוּ	c/3722 a	HC/Vpq2ms/Sp3ms
Ezek 43:21	וְ/לָ֣קַחְתָּ֔	c/3947	HC/Vqq2ms
Ezek 43:21	אֵ֖ת	853	HTo
Ezek 43:21	הַ/פָּ֣ר	d/6499	HTd/Ncmsa
Ezek 43:21	הַֽ/חַטָּ֑את	d/2403 b	HTd/Ncfsa
Ezek 43:21	וּ/שְׂרָפ/וֹ֙	c/8313	HC/Vqq3ms/Sp3ms
Ezek 43:21	בְּ/מִפְקַ֣ד	b/4662	HR/Ncmsc
Ezek 43:21	הַ/בַּ֔יִת	d/1004 b	HTd/Ncmsa
Ezek 43:21	מִ/ח֖וּץ	m/2351	HR/Ncmsa
Ezek 43:21	לַ/מִּקְדָּֽשׁ	l/4720	HRd/Ncmsa
Ezek 43:22	וּ/בַ/יּוֹם֙	c/b/3117	HC/Rd/Ncmsa
Ezek 43:22	הַ/שֵּׁנִ֔י	d/8145	HTd/Aomsa
Ezek 43:22	תַּקְרִ֛יב	7126	HVhi2ms
Ezek 43:22	שְׂעִיר	8163 b	HNcmsc
Ezek 43:22	עִזִּ֥ים	5795	HNcfpa
Ezek 43:22	תָּמִ֖ים	8549	HAamsa
Ezek 43:22	לְ/חַטָּ֑את	l/2403 b	HR/Ncfsa
Ezek 43:22	וְ/חִטְּאוּ֙	c/2398	HC/Vpq3cp
Ezek 43:22	אֶת	853	HTo
Ezek 43:22	הַ/מִּזְבֵּ֔חַ	d/4196	HTd/Ncmsa
Ezek 43:22	כַּ/אֲשֶׁ֥ר	k/834 d	HR/Tr
Ezek 43:22	חִטְּא֖וּ	2398	HVpp3cp
Ezek 43:22	בַּ/פָּֽר	b/6499	HRd/Ncmsa
Ezek 43:23	בְּ/כַלּוֹתְ/ךָ֖	b/3615	HR/Vpc/Sp2ms
Ezek 43:23	מֵֽ/חַטֵּ֑א	m/2398	HR/Vpc
Ezek 43:23	תַּקְרִיב֙	7126	HVhi2ms
Ezek 43:23	פַּ֣ר	6499	HNcmsa
Ezek 43:23	בֶּן	1121 a	HNcmsc
Ezek 43:23	בָּקָ֣ר	1241	HNcbsa
Ezek 43:23	תָּמִ֔ים	8549	HAamsa
Ezek 43:23	וְ/אַ֥יִל	c/352 a	HC/Ncmsa
Ezek 43:23	מִן	4480 a	HR
Ezek 43:23	הַ/צֹּ֖אן	d/6629	HTd/Ncbsa
Ezek 43:23	תָּמִֽים	8549	HAamsa
Ezek 43:24	וְ/הִקְרַבְתָּ֖/ם	c/7126	HC/Vhq2ms/Sp3mp
Ezek 43:24	לִ/פְנֵ֣י	l/6440	HR/Ncbpc
Ezek 43:24	יְהוָ֑ה	3068	HNp
Ezek 43:24	וְ/הִשְׁלִ֨יכוּ	c/7993	HC/Vhq3cp
Ezek 43:24	הַ/כֹּהֲנִ֤ים	d/3548	HTd/Ncmpa
Ezek 43:24	עֲלֵי/הֶם֙	5921 a	HR/Sp3mp
Ezek 43:24	מֶ֔לַח	4417	HNcmsa
Ezek 43:24	וְ/הֶעֱל֥וּ	c/5927	HC/Vhq3cp
Ezek 43:24	אוֹתָ֛/ם	853	HTo/Sp3mp
Ezek 43:24	עֹלָ֖ה	5930 a	HNcfsa
Ezek 43:24	לַֽ/יהוָֽה	l/3068	HR/Np
Ezek 43:25	שִׁבְעַ֣ת	7651	HAcmsc
Ezek 43:25	יָמִ֔ים	3117	HNcmpa
Ezek 43:25	תַּעֲשֶׂ֥ה	6213 a	HVqi2ms
Ezek 43:25	שְׂעִיר	8163 b	HNcmsc
Ezek 43:25	חַטָּ֖את	2403 b	HNcfsa
Ezek 43:25	לַ/יּ֑וֹם	l/3117	HRd/Ncmsa
Ezek 43:25	וּ/פַ֧ר	c/6499	HC/Ncmsa
Ezek 43:25	בֶּן	1121 a	HNcmsc
Ezek 43:25	בָּקָ֛ר	1241	HNcbsa
Ezek 43:25	וְ/אַ֥יִל	c/352 a	HC/Ncmsa
Ezek 43:25	מִן	4480 a	HR
Ezek 43:25	הַ/צֹּ֖אן	d/6629	HTd/Ncbsa
Ezek 43:25	תְּמִימִ֥ים	8549	HAampa
Ezek 43:25	יַעֲשֽׂוּ	6213 a	HVqi3mp
Ezek 43:26	שִׁבְעַ֣ת	7651	HAcmsc
Ezek 43:26	יָמִ֗ים	3117	HNcmpa
Ezek 43:26	יְכַפְּרוּ֙	3722 a	HVpi3mp
Ezek 43:26	אֶת	853	HTo
Ezek 43:26	הַ/מִּזְבֵּ֔חַ	d/4196	HTd/Ncmsa
Ezek 43:26	וְ/טִֽהֲר֖וּ	c/2891	HC/Vpq3cp
Ezek 43:26	אֹת֑/וֹ	853	HTo/Sp3ms
Ezek 43:26	וּ/מִלְא֖וּ	c/4390	HC/Vpq3cp
Ezek 43:26	יד/ו	3027	HNcbsc/Sp3ms
Ezek 43:27	וִֽ/יכַלּ֖וּ	c/3615	HC/Vpi3mp
Ezek 43:27	אֶת	853	HTo
Ezek 43:27	הַ/יָּמִ֑ים	d/3117	HTd/Ncmpa
Ezek 43:27	וְ/הָיָה֩	c/1961	HC/Vqq3ms
Ezek 43:27	בַ/יּ֨וֹם	b/3117	HRd/Ncmsa
Ezek 43:27	הַ/שְּׁמִינִ֜י	d/8066	HTd/Aomsa
Ezek 43:27	וָ/הָ֗לְאָה	c/1973	HC/D
Ezek 43:27	יַעֲשׂ֨וּ	6213 a	HVqi3mp
Ezek 43:27	הַ/כֹּהֲנִ֤ים	d/3548	HTd/Ncmpa
Ezek 43:27	עַל	5921 a	HR
Ezek 43:27	הַ/מִּזְבֵּ֨חַ֙	d/4196	HTd/Ncmsa
Ezek 43:27	אֶת	853	HTo
Ezek 43:27	עוֹלֽוֹתֵי/כֶם֙	5930 a	HNcfpc/Sp2mp
Ezek 43:27	וְ/אֶת	c/853	HC/To
Ezek 43:27	שַׁלְמֵי/כֶ֔ם	8002	HNcmpc/Sp2mp
Ezek 43:27	וְ/רָצִ֣אתִי	c/7521	HC/Vqq1cs
Ezek 43:27	אֶתְ/כֶ֔ם	853	HTo/Sp2mp
Ezek 43:27	נְאֻ֖ם	5002	HNcmsc
Ezek 43:27	אֲדֹנָ֥/י	136	HNcmpc/Sp1cs
Ezek 43:27	יְהֹוִֽה	3069	HNp
Ezek 44:1	וַ/יָּ֣שֶׁב	c/7725	HC/Vhw3ms
Ezek 44:1	אֹתִ֗/י	853	HTo/Sp1cs
Ezek 44:1	דֶּ֣רֶךְ	1870	HNcbsc
Ezek 44:1	שַׁ֤עַר	8179	HNcmsc
Ezek 44:1	הַ/מִּקְדָּשׁ֙	d/4720	HTd/Ncmsa
Ezek 44:1	הַֽ/חִיצ֔וֹן	d/2435	HTd/Aamsa
Ezek 44:1	הַ/פֹּנֶ֖ה	d/6437	HTd/Vqrmsa
Ezek 44:1	קָדִ֑ים	6921	HNcmsa
Ezek 44:1	וְ/ה֖וּא	c/1931	HC/Pp3ms
Ezek 44:1	סָגֽוּר	5462	HVqsmsa
Ezek 44:2	וַ/יֹּ֨אמֶר	c/559	HC/Vqw3ms
Ezek 44:2	אֵלַ֜/י	413	HR/Sp1cs
Ezek 44:2	יְהוָ֗ה	3068	HNp
Ezek 44:2	הַ/שַּׁ֣עַר	d/8179	HTd/Ncmsa
Ezek 44:2	הַ/זֶּה֩	d/2088	HTd/Pdxms
Ezek 44:2	סָג֨וּר	5462	HVqsmsa
Ezek 44:2	יִהְיֶ֜ה	1961	HVqi3ms
Ezek 44:2	לֹ֣א	3808	HTn
Ezek 44:2	יִפָּתֵ֗חַ	6605 a	HVNi3ms
Ezek 44:2	וְ/אִישׁ֙	c/376	HC/Ncmsa
Ezek 44:2	לֹא	3808	HTn
Ezek 44:2	יָ֣בֹא	935	HVqi3ms
Ezek 44:2	ב֔/וֹ	b	HR/Sp3ms
Ezek 44:2	כִּ֛י	3588 a	HC
Ezek 44:2	יְהוָ֥ה	3068	HNp
Ezek 44:2	אֱלֹהֵֽי	430	HNcmpc
Ezek 44:2	יִשְׂרָאֵ֖ל	3478	HNp
Ezek 44:2	בָּ֣א	935	HVqp3ms
Ezek 44:2	ב֑/וֹ	b	HR/Sp3ms
Ezek 44:2	וְ/הָיָ֖ה	c/1961	HC/Vqq3ms
Ezek 44:2	סָגֽוּר	5462	HVqsmsa
Ezek 44:3	אֶֽת	853	HTo
Ezek 44:3	הַ/נָּשִׂ֗יא	d/5387 a	HTd/Ncmsa
Ezek 44:3	נָ֥שִׂיא	5387 a	HNcmsa
Ezek 44:3	ה֛וּא	1931	HPp3ms
Ezek 44:3	יֵֽשֶׁב	3427	HVqi3ms
Ezek 44:3	בּ֥/וֹ	b	HR/Sp3ms
Ezek 44:3	לֶ/אֱכָול	l/398	HR/Vqc
Ezek 44:3	לֶ֖חֶם	3899	HNcbsa
Ezek 44:3	לִ/פְנֵ֣י	l/6440	HR/Ncbpc
Ezek 44:3	יְהוָ֑ה	3068	HNp
Ezek 44:3	מִ/דֶּ֨רֶךְ	m/1870	HR/Ncbsc
Ezek 44:3	אֻלָ֤ם	197	HNcmsc
Ezek 44:3	הַ/שַּׁ֨עַר֙	d/8179	HTd/Ncmsa
Ezek 44:3	יָב֔וֹא	935	HVqi3ms
Ezek 44:3	וּ/מִ/דַּרְכּ֖/וֹ	c/m/1870	HC/R/Ncbsc/Sp3ms
Ezek 44:3	יֵצֵֽא	3318	HVqi3ms
Ezek 44:4	וַ/יְבִיאֵ֜/נִי	c/935	HC/Vhw3ms/Sp1cs
Ezek 44:4	דֶּֽרֶךְ	1870	HNcbsc
Ezek 44:4	שַׁ֣עַר	8179	HNcmsc
Ezek 44:4	הַ/צָּפוֹן֮	d/6828	HTd/Ncfsa
Ezek 44:4	אֶל	413	HR
Ezek 44:4	פְּנֵ֣י	6440	HNcbpc
Ezek 44:4	הַ/בַּיִת֒	d/1004 b	HTd/Ncmsa
Ezek 44:4	וָ/אֵ֕רֶא	c/7200	HC/Vqw1cs
Ezek 44:4	וְ/הִנֵּ֛ה	c/2009	HC/Tm
Ezek 44:4	מָלֵ֥א	4390	HVqp3ms
Ezek 44:4	כְבוֹד	3519	HNcbsc
Ezek 44:4	יְהוָ֖ה	3068	HNp
Ezek 44:4	אֶת	853	HTo
Ezek 44:4	בֵּ֣ית	1004 b	HNcmsc
Ezek 44:4	יְהוָ֑ה	3068	HNp
Ezek 44:4	וָ/אֶפֹּ֖ל	c/5307	HC/Vqw1cs
Ezek 44:4	אֶל	413	HR
Ezek 44:4	פָּנָֽ/י	6440	HNcbpc/Sp1cs
Ezek 44:5	וַ/יֹּ֨אמֶר	c/559	HC/Vqw3ms
Ezek 44:5	אֵלַ֜/י	413	HR/Sp1cs
Ezek 44:5	יְהֹוָ֗ה	3068	HNp
Ezek 44:5	בֶּן	1121 a	HNcmsc
Ezek 44:5	אָדָ֡ם	120	HNcmsa
Ezek 44:5	שִׂ֣ים	7760 a	HVqv2ms
Ezek 44:5	לִבְּ/ךָ֩	3820 a	HNcmsc/Sp2ms
Ezek 44:5	וּ/רְאֵ֨ה	c/7200	HC/Vqv2ms
Ezek 44:5	בְ/עֵינֶ֜י/ךָ	b/5869 a	HR/Ncbdc/Sp2ms
Ezek 44:5	וּ/בְ/אָזְנֶ֣י/ךָ	c/b/241	HC/R/Ncfdc/Sp2ms
Ezek 44:5	שְּׁמָ֗ע	8085	HVqv2ms
Ezek 44:5	אֵ֣ת	853	HTo
Ezek 44:5	כָּל	3605	HNcmsc
Ezek 44:5	אֲשֶׁ֤ר	834 a	HTr
Ezek 44:5	אֲנִי֙	589	HPp1cs
Ezek 44:5	מְדַבֵּ֣ר	1696	HVprmsa
Ezek 44:5	אֹתָ֔/ךְ	853	HTo/Sp2fs
Ezek 44:5	לְ/כָל	l/3605	HR/Ncmsc
Ezek 44:5	חֻקּ֥וֹת	2708	HNcbpc
Ezek 44:5	בֵּית	1004 b	HNcmsc
Ezek 44:5	יְהוָ֖ה	3068	HNp
Ezek 44:5	וּ/לְ/כָל	c/l/3605	HC/R/Ncmsc
Ezek 44:5	תורת/ו	8451	HNcfpc/Sp3ms
Ezek 44:5	וְ/שַׂמְתָּ֤	c/7760 a	HC/Vqq2ms
Ezek 44:5	לִבְּ/ךָ֙	3820 a	HNcmsc/Sp2ms
Ezek 44:5	לִ/מְב֣וֹא	l/3996	HR/Ncmsc
Ezek 44:5	הַ/בַּ֔יִת	d/1004 b	HTd/Ncmsa
Ezek 44:5	בְּ/כֹ֖ל	b/3605	HR/Ncmsc
Ezek 44:5	מוֹצָאֵ֥י	4161	HNcmpc
Ezek 44:5	הַ/מִּקְדָּֽשׁ	d/4720	HTd/Ncmsa
Ezek 44:6	וְ/אָמַרְתָּ֤	c/559	HC/Vqq2ms
Ezek 44:6	אֶל	413	HR
Ezek 44:6	מֶ֨רִי֙	4805	HNcmsa
Ezek 44:6	אֶל	413	HR
Ezek 44:6	בֵּ֣ית	1004 b	HNcmsc
Ezek 44:6	יִשְׂרָאֵ֔ל	3478	HNp
Ezek 44:6	כֹּ֥ה	3541	HD
Ezek 44:6	אָמַ֖ר	559	HVqp3ms
Ezek 44:6	אֲדֹנָ֣/י	136	HNcmpc/Sp1cs
Ezek 44:6	יְהוִ֑ה	3069	HNp
Ezek 44:6	רַב	7227 a	HAamsa
Ezek 44:6	לָ/כֶ֛ם	l	HR/Sp2mp
Ezek 44:6	מִֽ/כָּל	m/3605	HR/Ncmsc
Ezek 44:6	תּוֹעֲבֽוֹתֵי/כֶ֖ם	8441	HNcfpc/Sp2mp
Ezek 44:6	בֵּ֥ית	1004 b	HNcmsc
Ezek 44:6	יִשְׂרָאֵֽל	3478	HNp
Ezek 44:7	בַּ/הֲבִיאֲ/כֶ֣ם	b/935	HR/Vhc/Sp2mp
Ezek 44:7	בְּנֵֽי	1121 a	HNcmpc
Ezek 44:7	נֵכָ֗ר	5236	HNcmsa
Ezek 44:7	עַרְלֵי	6189	HAampc
Ezek 44:7	לֵב֙	3820 a	HNcmsa
Ezek 44:7	וְ/עַרְלֵ֣י	c/6189	HC/Aampc
Ezek 44:7	בָשָׂ֔ר	1320	HNcmsa
Ezek 44:7	לִ/הְי֥וֹת	l/1961	HR/Vqc
Ezek 44:7	בְּ/מִקְדָּשִׁ֖/י	b/4720	HR/Ncmsc/Sp1cs
Ezek 44:7	לְ/חַלְּל֣/וֹ	l/2490 c	HR/Vpc/Sp3ms
Ezek 44:7	אֶת	853	HTo
Ezek 44:7	בֵּיתִ֑/י	1004 b	HNcmsc/Sp1cs
Ezek 44:7	בְּ/הַקְרִֽיבְ/כֶ֤ם	b/7126	HR/Vhc/Sp2mp
Ezek 44:7	אֶת	853	HTo
Ezek 44:7	לַחְמִ/י֙	3899	HNcbsc/Sp1cs
Ezek 44:7	חֵ֣לֶב	2459	HNcmsa
Ezek 44:7	וָ/דָ֔ם	c/1818	HC/Ncmsa
Ezek 44:7	וַ/יָּפֵ֨רוּ֙	c/6565 a	HC/Vhw3mp
Ezek 44:7	אֶת	853	HTo
Ezek 44:7	בְּרִיתִ֔/י	1285	HNcfsc/Sp1cs
Ezek 44:7	אֶ֖ל	413	HR
Ezek 44:7	כָּל	3605	HNcmsc
Ezek 44:7	תּוֹעֲבוֹתֵי/כֶֽם	8441	HNcfpc/Sp2mp
Ezek 44:8	וְ/לֹ֥א	c/3808	HC/Tn
Ezek 44:8	שְׁמַרְתֶּ֖ם	8104	HVqp2mp
Ezek 44:8	מִשְׁמֶ֣רֶת	4931	HNcfsc
Ezek 44:8	קָדָשָׁ֑/י	6944	HNcmpc/Sp1cs
Ezek 44:8	וַ/תְּשִׂימ֗וּ/ן	c/7760 a	HC/Vqw2mp/Sn
Ezek 44:8	לְ/שֹׁמְרֵ֧י	l/8104	HR/Vqrmpc
Ezek 44:8	מִשְׁמַרְתִּ֛/י	4931	HNcfsc/Sp1cs
Ezek 44:8	בְּ/מִקְדָּשִׁ֖/י	b/4720	HR/Ncmsc/Sp1cs
Ezek 44:8	לָ/כֶֽם	l	HR/Sp2mp
Ezek 44:9	כֹּה	3541	HD
Ezek 44:9	אָמַר֮	559	HVqp3ms
Ezek 44:9	אֲדֹנָ֣/י	136	HNcmpc/Sp1cs
Ezek 44:9	יְהוִה֒	3069	HNp
Ezek 44:9	כָּל	3605	HNcmsc
Ezek 44:9	בֶּן	1121 a	HNcmsc
Ezek 44:9	נֵכָ֗ר	5236	HNcmsa
Ezek 44:9	עֶ֤רֶל	6189	HAamsc
Ezek 44:9	לֵב֙	3820 a	HNcmsa
Ezek 44:9	וְ/עֶ֣רֶל	c/6189	HC/Aamsc
Ezek 44:9	בָּשָׂ֔ר	1320	HNcmsa
Ezek 44:9	לֹ֥א	3808	HTn
Ezek 44:9	יָב֖וֹא	935	HVqi3ms
Ezek 44:9	אֶל	413	HR
Ezek 44:9	מִקְדָּשִׁ֑/י	4720	HNcmsc/Sp1cs
Ezek 44:9	לְ/כָל	l/3605	HR/Ncmsc
Ezek 44:9	בֶּן	1121 a	HNcmsc
Ezek 44:9	נֵכָ֔ר	5236	HNcmsa
Ezek 44:9	אֲשֶׁ֕ר	834 a	HTr
Ezek 44:9	בְּ/ת֖וֹךְ	b/8432	HR/Ncmsc
Ezek 44:9	בְּנֵ֥י	1121 a	HNcmpc
Ezek 44:9	יִשְׂרָאֵֽל	3478	HNp
Ezek 44:10	כִּ֣י	3588 b	HC
Ezek 44:10	אִם	518 b	HC
Ezek 44:10	הַ/לְוִיִּ֗ם	d/3881	HTd/Ngmpa
Ezek 44:10	אֲשֶׁ֤ר	834 a	HTr
Ezek 44:10	רָֽחֲקוּ֙	7368	HVqp3cp
Ezek 44:10	מֵֽ/עָלַ֔/י	m/5921 a	HR/R/Sp1cs
Ezek 44:10	בִּ/תְע֤וֹת	b/8582	HR/Vqc
Ezek 44:10	יִשְׂרָאֵל֙	3478	HNp
Ezek 44:10	אֲשֶׁ֣ר	834 a	HTr
Ezek 44:10	תָּע֣וּ	8582	HVqp3cp
Ezek 44:10	מֵֽ/עָלַ֔/י	m/5921 a	HR/R/Sp1cs
Ezek 44:10	אַחֲרֵ֖י	310 a	HR
Ezek 44:10	גִּלּֽוּלֵי/הֶ֑ם	1544	HNcmpc/Sp3mp
Ezek 44:10	וְ/נָשְׂא֖וּ	c/5375	HC/Vqq3cp
Ezek 44:10	עֲוֺנָֽ/ם	5771	HNcbsc/Sp3mp
Ezek 44:11	וְ/הָי֤וּ	c/1961	HC/Vqq3cp
Ezek 44:11	בְ/מִקְדָּשִׁ/י֙	b/4720	HR/Ncmsc/Sp1cs
Ezek 44:11	מְשָׁ֣רְתִ֔ים	8334	HVprmpa
Ezek 44:11	פְּקֻדּוֹת֙	6486	HNcfpa
Ezek 44:11	אֶל	413	HR
Ezek 44:11	שַׁעֲרֵ֣י	8179	HNcmpc
Ezek 44:11	הַ/בַּ֔יִת	d/1004 b	HTd/Ncmsa
Ezek 44:11	וּֽ/מְשָׁרְתִ֖ים	c/8334	HC/Vprmpa
Ezek 44:11	אֶת	853	HTo
Ezek 44:11	הַ/בָּ֑יִת	d/1004 b	HTd/Ncmsa
Ezek 44:11	הֵ֠מָּה	1992	HPp3mp
Ezek 44:11	יִשְׁחֲט֨וּ	7819 a	HVqi3mp
Ezek 44:11	אֶת	853	HTo
Ezek 44:11	הָ/עֹלָ֤ה	d/5930 a	HTd/Ncfsa
Ezek 44:11	וְ/אֶת	c/853	HC/To
Ezek 44:11	הַ/זֶּ֨בַח֙	d/2077	HTd/Ncmsa
Ezek 44:11	לָ/עָ֔ם	l/5971 a	HRd/Ncmsa
Ezek 44:11	וְ/הֵ֛מָּה	c/1992	HC/Pp3mp
Ezek 44:11	יַעַמְד֥וּ	5975	HVqi3mp
Ezek 44:11	לִ/פְנֵי/הֶ֖ם	l/6440	HR/Ncbpc/Sp3mp
Ezek 44:11	לְ/שָֽׁרְתָֽ/ם	l/8334	HR/Vpc/Sp3mp
Ezek 44:12	יַ֗עַן	3282	HC
Ezek 44:12	אֲשֶׁ֨ר	834 a	HTr
Ezek 44:12	יְשָׁרְת֤וּ	8334	HVpi3mp
Ezek 44:12	אוֹתָ/ם֙	853	HTo/Sp3mp
Ezek 44:12	לִ/פְנֵ֣י	l/6440	HR/Ncbpc
Ezek 44:12	גִלּֽוּלֵי/הֶ֔ם	1544	HNcmpc/Sp3mp
Ezek 44:12	וְ/הָי֥וּ	c/1961	HC/Vqq3cp
Ezek 44:12	לְ/בֵֽית	l/1004 b	HR/Ncmsc
Ezek 44:12	יִשְׂרָאֵ֖ל	3478	HNp
Ezek 44:12	לְ/מִכְשׁ֣וֹל	l/4383	HR/Ncmsc
Ezek 44:12	עָוֺ֑ן	5771	HNcbsa
Ezek 44:12	עַל	5921 a	HR
Ezek 44:12	כֵּן֩	3651 c	HTm
Ezek 44:12	נָשָׂ֨אתִי	5375	HVqp1cs
Ezek 44:12	יָדִ֜/י	3027	HNcbsc/Sp1cs
Ezek 44:12	עֲלֵי/הֶ֗ם	5921 a	HR/Sp3mp
Ezek 44:12	נְאֻם֙	5002	HNcmsc
Ezek 44:12	אֲדֹנָ֣/י	136	HNcmpc/Sp1cs
Ezek 44:12	יְהוִ֔ה	3069	HNp
Ezek 44:12	וְ/נָשְׂא֖וּ	c/5375	HC/Vqq3cp
Ezek 44:12	עֲוֺנָֽ/ם	5771	HNcbsc/Sp3mp
Ezek 44:13	וְ/לֹֽא	c/3808	HC/Tn
Ezek 44:13	יִגְּשׁ֤וּ	5066	HVqi3mp
Ezek 44:13	אֵלַ/י֙	413	HR/Sp1cs
Ezek 44:13	לְ/כַהֵ֣ן	l/3547	HR/Vpc
Ezek 44:13	לִ֔/י	l	HR/Sp1cs
Ezek 44:13	וְ/לָ/גֶ֨שֶׁת֙	c/l/5066	HC/R/Vqc
Ezek 44:13	עַל	5921 a	HR
Ezek 44:13	כָּל	3605	HNcmsc
Ezek 44:13	קָ֣דָשַׁ֔/י	6944	HNcmpc/Sp1cs
Ezek 44:13	אֶל	413	HR
Ezek 44:13	קָדְשֵׁ֖י	6944	HNcmpc
Ezek 44:13	הַ/קְּדָשִׁ֑ים	d/6944	HTd/Ncmpa
Ezek 44:13	וְ/נָֽשְׂאוּ֙	c/5375	HC/Vqq3cp
Ezek 44:13	כְּלִמָּתָ֔/ם	3639	HNcfsc/Sp3mp
Ezek 44:13	וְ/תוֹעֲבוֹתָ֖/ם	c/8441	HC/Ncfpc/Sp3mp
Ezek 44:13	אֲשֶׁ֥ר	834 a	HTr
Ezek 44:13	עָשֽׂוּ	6213 a	HVqp3cp
Ezek 44:14	וְ/נָתַתִּ֣י	c/5414	HC/Vqq1cs
Ezek 44:14	אוֹתָ֔/ם	853	HTo/Sp3mp
Ezek 44:14	שֹׁמְרֵ֖י	8104	HVqrmpc
Ezek 44:14	מִשְׁמֶ֣רֶת	4931	HNcfsc
Ezek 44:14	הַ/בָּ֑יִת	d/1004 b	HTd/Ncmsa
Ezek 44:14	לְ/כֹל֙	l/3605	HR/Ncmsc
Ezek 44:14	עֲבֹ֣דָת֔/וֹ	5656	HNcfsc/Sp3ms
Ezek 44:14	וּ/לְ/כֹ֛ל	c/l/3605	HC/R/Ncmsa
Ezek 44:14	אֲשֶׁ֥ר	834 a	HTr
Ezek 44:14	יֵעָשֶׂ֖ה	6213 a	HVNi3ms
Ezek 44:14	בּֽ/וֹ	b	HR/Sp3ms
Ezek 44:15	וְ/הַ/כֹּהֲנִ֨ים	c/d/3548	HC/Td/Ncmpa
Ezek 44:15	הַ/לְוִיִּ֜ם	d/3881	HTd/Ngmpa
Ezek 44:15	בְּנֵ֣י	1121 a	HNcmpc
Ezek 44:15	צָד֗וֹק	6659	HNp
Ezek 44:15	אֲשֶׁ֨ר	834 a	HTr
Ezek 44:15	שָׁמְר֜וּ	8104	HVqp3cp
Ezek 44:15	אֶת	853	HTo
Ezek 44:15	מִשְׁמֶ֤רֶת	4931	HNcfsc
Ezek 44:15	מִקְדָּשִׁ/י֙	4720	HNcmsc/Sp1cs
Ezek 44:15	בִּ/תְע֤וֹת	b/8582	HR/Vqc
Ezek 44:15	בְּנֵֽי	1121 a	HNcmpc
Ezek 44:15	יִשְׂרָאֵל֙	3478	HNp
Ezek 44:15	מֵֽ/עָלַ֔/י	m/5921 a	HR/R/Sp1cs
Ezek 44:15	הֵ֛מָּה	1992	HPp3mp
Ezek 44:15	יִקְרְב֥וּ	7126	HVqi3mp
Ezek 44:15	אֵלַ֖/י	413	HR/Sp1cs
Ezek 44:15	לְ/שָֽׁרְתֵ֑/נִי	l/8334	HR/Vpc/Sp1cs
Ezek 44:15	וְ/עָמְד֣וּ	c/5975	HC/Vqq3cp
Ezek 44:15	לְ/פָנַ֗/י	l/6440	HR/Ncbpc/Sp1cs
Ezek 44:15	לְ/הַקְרִ֥יב	l/7126	HR/Vhc
Ezek 44:15	לִ/י֙	l	HR/Sp1cs
Ezek 44:15	חֵ֣לֶב	2459	HNcmsa
Ezek 44:15	וָ/דָ֔ם	c/1818	HC/Ncmsa
Ezek 44:15	נְאֻ֖ם	5002	HNcmsc
Ezek 44:15	אֲדֹנָ֥/י	136	HNcmpc/Sp1cs
Ezek 44:15	יְהוִֽה	3069	HNp
Ezek 44:16	הֵ֜מָּה	1992	HPp3mp
Ezek 44:16	יָבֹ֣אוּ	935	HVqi3mp
Ezek 44:16	אֶל	413	HR
Ezek 44:16	מִקְדָּשִׁ֗/י	4720	HNcmsc/Sp1cs
Ezek 44:16	וְ/הֵ֛מָּה	c/1992	HC/Pp3mp
Ezek 44:16	יִקְרְב֥וּ	7126	HVqi3mp
Ezek 44:16	אֶל	413	HR
Ezek 44:16	שֻׁלְחָנִ֖/י	7979	HNcmsc/Sp1cs
Ezek 44:16	לְ/שָׁרְתֵ֑/נִי	l/8334	HR/Vpc/Sp1cs
Ezek 44:16	וְ/שָׁמְר֖וּ	c/8104	HC/Vqq3cp
Ezek 44:16	אֶת	853	HTo
Ezek 44:16	מִשְׁמַרְתִּֽ/י	4931	HNcfsc/Sp1cs
Ezek 44:17	וְ/הָיָ֗ה	c/1961	HC/Vqq3ms
Ezek 44:17	בְּ/בוֹאָ/ם֙	b/935	HR/Vqc/Sp3mp
Ezek 44:17	אֶֽל	413	HR
Ezek 44:17	שַׁעֲרֵי֙	8179	HNcmpc
Ezek 44:17	הֶ/חָצֵ֣ר	d/2691 a	HTd/Ncbsa
Ezek 44:17	הַ/פְּנִימִ֔ית	d/6442	HTd/Aafsa
Ezek 44:17	בִּגְדֵ֥י	899 b	HNcmpc
Ezek 44:17	פִשְׁתִּ֖ים	6593	HNcmpa
Ezek 44:17	יִלְבָּ֑שׁוּ	3847	HVqi3mp
Ezek 44:17	וְ/לֹֽא	c/3808	HC/Tn
Ezek 44:17	יַעֲלֶ֤ה	5927	HVqi3ms
Ezek 44:17	עֲלֵי/הֶם֙	5921 a	HR/Sp3mp
Ezek 44:17	צֶ֔מֶר	6785	HNcmsa
Ezek 44:17	בְּ/שָֽׁרְתָ֗/ם	b/8334	HR/Vpc/Sp3mp
Ezek 44:17	בְּ/שַׁעֲרֵ֛י	b/8179	HR/Ncmpc
Ezek 44:17	הֶ/חָצֵ֥ר	d/2691 a	HTd/Ncbsa
Ezek 44:17	הַ/פְּנִימִ֖ית	d/6442	HTd/Aafsa
Ezek 44:17	וָ/בָֽיְתָ/ה	c/1004 b	HC/Ncmsa/Sd
Ezek 44:18	פַּאֲרֵ֤י	6287	HNcmpc
Ezek 44:18	פִשְׁתִּים֙	6593	HNcmpa
Ezek 44:18	יִהְי֣וּ	1961	HVqi3mp
Ezek 44:18	עַל	5921 a	HR
Ezek 44:18	רֹאשָׁ֔/ם	7218 a	HNcmsc/Sp3mp
Ezek 44:18	וּ/מִכְנְסֵ֣י	c/4370	HC/Ncmpc
Ezek 44:18	פִשְׁתִּ֔ים	6593	HNcmpa
Ezek 44:18	יִהְי֖וּ	1961	HVqi3mp
Ezek 44:18	עַל	5921 a	HR
Ezek 44:18	מָתְנֵי/הֶ֑ם	4975	HNcmdc/Sp3mp
Ezek 44:18	לֹ֥א	3808	HTn
Ezek 44:18	יַחְגְּר֖וּ	2296	HVqi3mp
Ezek 44:18	בַּ/יָּֽזַע	b/3154	HRd/Ncmsa
Ezek 44:19	וּ֠/בְ/צֵאתָ/ם	c/b/3318	HC/R/Vqc/Sp3mp
Ezek 44:19	אֶל	413	HR
Ezek 44:19	הֶ/חָצֵ֨ר	d/2691 a	HTd/Ncbsa
Ezek 44:19	הַ/חִיצוֹנָ֜ה	d/2435	HTd/Aafsa
Ezek 44:19	אֶל	413	HR
Ezek 44:19	הֶ/חָצֵ֣ר	d/2691 a	HTd/Ncbsa
Ezek 44:19	הַ/חִיצוֹנָה֮	d/2435	HTd/Aafsa
Ezek 44:19	אֶל	413	HR
Ezek 44:19	הָ/עָם֒	d/5971 a	HTd/Ncmsa
Ezek 44:19	יִפְשְׁט֣וּ	6584	HVqi3mp
Ezek 44:19	אֶת	853	HTo
Ezek 44:19	בִּגְדֵי/הֶ֗ם	899 b	HNcmpc/Sp3mp
Ezek 44:19	אֲשֶׁר	834 a	HTr
Ezek 44:19	הֵ֨מָּה֙	1992	HPp3mp
Ezek 44:19	מְשָׁרְתִ֣ם	8334	HVprmpa
Ezek 44:19	בָּ֔/ם	b	HR/Sp3mp
Ezek 44:19	וְ/הִנִּ֥יחוּ	c/3240	HC/Vhq3cp
Ezek 44:19	אוֹתָ֖/ם	853	HTo/Sp3mp
Ezek 44:19	בְּ/לִֽשְׁכֹ֣ת	b/3957	HR/Ncfpc
Ezek 44:19	הַ/קֹּ֑דֶשׁ	d/6944	HTd/Ncmsa
Ezek 44:19	וְ/לָֽבְשׁוּ֙	c/3847	HC/Vqq3cp
Ezek 44:19	בְּגָדִ֣ים	899 b	HNcmpa
Ezek 44:19	אֲחֵרִ֔ים	312	HAampa
Ezek 44:19	וְ/לֹֽא	c/3808	HC/Tn
Ezek 44:19	יְקַדְּשׁ֥וּ	6942	HVpi3mp
Ezek 44:19	אֶת	853	HTo
Ezek 44:19	הָ/עָ֖ם	d/5971 a	HTd/Ncmsa
Ezek 44:19	בְּ/בִגְדֵי/הֶֽם	b/899 b	HR/Ncmpc/Sp3mp
Ezek 44:20	וְ/רֹאשָׁ/ם֙	c/7218 a	HC/Ncmsc/Sp3mp
Ezek 44:20	לֹ֣א	3808	HTn
Ezek 44:20	יְגַלֵּ֔חוּ	1548	HVpi3mp
Ezek 44:20	וּ/פֶ֖רַע	c/6545	HC/Ncmsa
Ezek 44:20	לֹ֣א	3808	HTn
Ezek 44:20	יְשַׁלֵּ֑חוּ	7971	HVpi3mp
Ezek 44:20	כָּס֥וֹם	3697	HVqa
Ezek 44:20	יִכְסְמ֖וּ	3697	HVqi3mp
Ezek 44:20	אֶת	853	HTo
Ezek 44:20	רָאשֵׁי/הֶֽם	7218 a	HNcmpc/Sp3mp
Ezek 44:21	וְ/יַ֥יִן	c/3196	HC/Ncmsa
Ezek 44:21	לֹֽא	3808	HTn
Ezek 44:21	יִשְׁתּ֖וּ	8354	HVqi3mp
Ezek 44:21	כָּל	3605	HNcmsc
Ezek 44:21	כֹּהֵ֑ן	3548	HNcmsa
Ezek 44:21	בְּ/בוֹאָ֖/ם	b/935	HR/Vqc/Sp3mp
Ezek 44:21	אֶל	413	HR
Ezek 44:21	הֶ/חָצֵ֥ר	d/2691 a	HTd/Ncbsa
Ezek 44:21	הַ/פְּנִימִֽית	d/6442	HTd/Aafsa
Ezek 44:22	וְ/אַלְמָנָה֙	c/490	HC/Ncfsa
Ezek 44:22	וּ/גְרוּשָׁ֔ה	c/1644	HC/Vqsfsa
Ezek 44:22	לֹֽא	3808	HTn
Ezek 44:22	יִקְח֥וּ	3947	HVqi3mp
Ezek 44:22	לָ/הֶ֖ם	l	HR/Sp3mp
Ezek 44:22	לְ/נָשִׁ֑ים	l/802	HR/Ncfpa
Ezek 44:22	כִּ֣י	3588 b	HC
Ezek 44:22	אִם	518 b	HC
Ezek 44:22	בְּתוּלֹ֗ת	1330	HNcfpa
Ezek 44:22	מִ/זֶּ֨רַע֙	m/2233	HR/Ncmsc
Ezek 44:22	בֵּ֣ית	1004 b	HNcmsc
Ezek 44:22	יִשְׂרָאֵ֔ל	3478	HNp
Ezek 44:22	וְ/הָֽ/אַלְמָנָה֙	c/d/490	HC/Td/Ncfsa
Ezek 44:22	אֲשֶׁ֣ר	834 a	HTr
Ezek 44:22	תִּֽהְיֶ֣ה	1961	HVqi3fs
Ezek 44:22	אַלְמָנָ֔ה	490	HNcfsa
Ezek 44:22	מִ/כֹּהֵ֖ן	m/3548	HR/Ncmsa
Ezek 44:22	יִקָּֽחוּ	3947	HVqi3mp
Ezek 44:23	וְ/אֶת	c/853	HC/To
Ezek 44:23	עַמִּ֣/י	5971 a	HNcmsc/Sp1cs
Ezek 44:23	יוֹר֔וּ	3384 b	HVhi3mp
Ezek 44:23	בֵּ֥ין	996	HR
Ezek 44:23	קֹ֖דֶשׁ	6944	HNcmsa
Ezek 44:23	לְ/חֹ֑ל	l/2455	HR/Ncmsa
Ezek 44:23	וּ/בֵין	c/996	HC/R
Ezek 44:23	טָמֵ֥א	2931	HAamsa
Ezek 44:23	לְ/טָה֖וֹר	l/2889	HR/Aamsa
Ezek 44:23	יוֹדִעֻֽ/ם	3045	HVhi3mp/Sp3mp
Ezek 44:24	וְ/עַל	c/5921 a	HC/R
Ezek 44:24	רִ֗יב	7379	HNcbsa
Ezek 44:24	הֵ֚מָּה	1992	HPp3mp
Ezek 44:24	יַעַמְד֣וּ	5975	HVqi3mp
Ezek 44:24	ל/שפט	l/8199	HR/Vqc
Ezek 44:24	בְּ/מִשְׁפָּטַ֖/י	b/4941	HR/Ncmpc/Sp1cs
Ezek 44:24	ו/שפט/הו	c/8199	HC/Vqp3cp/Sp3ms
Ezek 44:24	וְ/אֶת	c/853	HC/To
Ezek 44:24	תּוֹרֹתַ֤/י	8451	HNcfpc/Sp1cs
Ezek 44:24	וְ/אֶת	c/853	HC/To
Ezek 44:24	חֻקֹּתַ/י֙	2708	HNcbpc/Sp1cs
Ezek 44:24	בְּ/כָל	b/3605	HR/Ncmsc
Ezek 44:24	מוֹעֲדַ֣/י	4150	HNcmpc/Sp1cs
Ezek 44:24	יִשְׁמֹ֔רוּ	8104	HVqi3mp
Ezek 44:24	וְ/אֶת	c/853	HC/To
Ezek 44:24	שַׁבְּתוֹתַ֖/י	7676	HNcbpc/Sp1cs
Ezek 44:24	יְקַדֵּֽשׁוּ	6942	HVpi3mp
Ezek 44:25	וְ/אֶל	c/413	HC/R
Ezek 44:25	מֵ֣ת	4191	HVqrmsc
Ezek 44:25	אָדָ֔ם	120	HNcmsa
Ezek 44:25	לֹ֥א	3808	HTn
Ezek 44:25	יָב֖וֹא	935	HVqi3ms
Ezek 44:25	לְ/טָמְאָ֑ה	l/2930 a	HR/Vqc
Ezek 44:25	כִּ֣י	3588 b	HC
Ezek 44:25	אִם	518 b	HC
Ezek 44:25	לְ/אָ֡ב	l/1	HR/Ncmsa
Ezek 44:25	וּ֠/לְ/אֵם	c/l/517	HC/R/Ncfsa
Ezek 44:25	וּ/לְ/בֵ֨ן	c/l/1121 a	HC/R/Ncmsa
Ezek 44:25	וּ/לְ/בַ֜ת	c/l/1323	HC/R/Ncfsa
Ezek 44:25	לְ/אָ֗ח	l/251	HR/Ncmsa
Ezek 44:25	וּ/לְ/אָח֛וֹת	c/l/269	HC/R/Ncfsa
Ezek 44:25	אֲשֶֽׁר	834 a	HTr
Ezek 44:25	לֹא	3808	HTn
Ezek 44:25	הָיְתָ֥ה	1961	HVqp3fs
Ezek 44:25	לְ/אִ֖ישׁ	l/376	HR/Ncmsa
Ezek 44:25	יִטַּמָּֽאוּ	2930 a	HVti3mp
Ezek 44:26	וְ/אַחֲרֵ֖י	c/310 a	HC/R
Ezek 44:26	טָֽהֳרָת֑/וֹ	2893	HNcbsc/Sp3ms
Ezek 44:26	שִׁבְעַ֥ת	7651	HAcmsc
Ezek 44:26	יָמִ֖ים	3117	HNcmpa
Ezek 44:26	יִסְפְּרוּ	5608 a	HVqi3mp
Ezek 44:26	לֽ/וֹ	l	HR/Sp3ms
Ezek 44:27	וּ/בְ/יוֹם֩	c/b/3117	HC/R/Ncmsc
Ezek 44:27	בֹּא֨/וֹ	935	HVqc/Sp3ms
Ezek 44:27	אֶל	413	HR
Ezek 44:27	הַ/קֹּ֜דֶשׁ	d/6944	HTd/Ncmsa
Ezek 44:27	אֶל	413	HR
Ezek 44:27	הֶ/חָצֵ֤ר	d/2691 a	HTd/Ncbsa
Ezek 44:27	הַ/פְּנִימִית֙	d/6442	HTd/Aafsa
Ezek 44:27	לְ/שָׁרֵ֣ת	l/8334	HR/Vpc
Ezek 44:27	בַּ/קֹּ֔דֶשׁ	b/6944	HRd/Ncmsa
Ezek 44:27	יַקְרִ֖יב	7126	HVhi3ms
Ezek 44:27	חַטָּאת֑/וֹ	2403 b	HNcfsc/Sp3ms
Ezek 44:27	נְאֻ֖ם	5002	HNcmsc
Ezek 44:27	אֲדֹנָ֥/י	136	HNcmpc/Sp1cs
Ezek 44:27	יְהוִֽה	3069	HNp
Ezek 44:28	וְ/הָיְתָ֤ה	c/1961	HC/Vqq3fs
Ezek 44:28	לָ/הֶם֙	l	HR/Sp3mp
Ezek 44:28	לְֽ/נַחֲלָ֔ה	l/5159	HR/Ncfsa
Ezek 44:28	אֲנִ֖י	589	HPp1cs
Ezek 44:28	נַֽחֲלָתָ֑/ם	5159	HNcfsc/Sp3mp
Ezek 44:28	וַ/אֲחֻזָּ֗ה	c/272	HC/Ncfsa
Ezek 44:28	לֹֽא	3808	HTn
Ezek 44:28	תִתְּנ֤וּ	5414	HVqi2mp
Ezek 44:28	לָ/הֶם֙	l	HR/Sp3mp
Ezek 44:28	בְּ/יִשְׂרָאֵ֔ל	b/3478	HR/Np
Ezek 44:28	אֲנִ֖י	589	HPp1cs
Ezek 44:28	אֲחֻזָּתָֽ/ם	272	HNcfsc/Sp3mp
Ezek 44:29	הַ/מִּנְחָה֙	d/4503	HTd/Ncfsa
Ezek 44:29	וְ/הַ/חַטָּ֣את	c/d/2403 b	HC/Td/Ncfsa
Ezek 44:29	וְ/הָ/אָשָׁ֔ם	c/d/817	HC/Td/Ncmsa
Ezek 44:29	הֵ֖מָּה	1992	HPp3mp
Ezek 44:29	יֹֽאכְל֑וּ/ם	398	HVqi3mp/Sp3mp
Ezek 44:29	וְ/כָל	c/3605	HC/Ncmsc
Ezek 44:29	חֵ֥רֶם	2764 a	HNcmsa
Ezek 44:29	בְּ/יִשְׂרָאֵ֖ל	b/3478	HR/Np
Ezek 44:29	לָ/הֶ֥ם	l	HR/Sp3mp
Ezek 44:29	יִהְיֶֽה	1961	HVqi3ms
Ezek 44:30	וְ/רֵאשִׁית֩	c/7225	HC/Ncfsc
Ezek 44:30	כָּל	3605	HNcmsc
Ezek 44:30	בִּכּ֨וּרֵי	1061	HNcbpc
Ezek 44:30	כֹ֜ל	3605	HNcmsa
Ezek 44:30	וְ/כָל	c/3605	HC/Ncmsc
Ezek 44:30	תְּר֣וּמַת	8641	HNcfsc
Ezek 44:30	כֹּ֗ל	3605	HNcmsa
Ezek 44:30	מִ/כֹּל֙	m/3605	HR/Ncmsc
Ezek 44:30	תְּרוּמ֣וֹתֵי/כֶ֔ם	8641	HNcfpc/Sp2mp
Ezek 44:30	לַ/כֹּהֲנִ֖ים	l/3548	HRd/Ncmpa
Ezek 44:30	יִֽהְיֶ֑ה	1961	HVqi3ms
Ezek 44:30	וְ/רֵאשִׁ֤ית	c/7225	HC/Ncfsc
Ezek 44:30	עֲרִסֽוֹתֵי/כֶם֙	6182	HNcfpc/Sp2mp
Ezek 44:30	תִּתְּנ֣וּ	5414	HVqi2mp
Ezek 44:30	לַ/כֹּהֵ֔ן	l/3548	HRd/Ncmsa
Ezek 44:30	לְ/הָנִ֥יחַ	l/5117	HR/Vhc
Ezek 44:30	בְּרָכָ֖ה	1293	HNcfsa
Ezek 44:30	אֶל	413	HR
Ezek 44:30	בֵּיתֶֽ/ךָ	1004 b	HNcmsc/Sp2ms
Ezek 44:31	כָּל	3605	HNcmsc
Ezek 44:31	נְבֵלָה֙	5038	HNcfsa
Ezek 44:31	וּ/טְרֵפָ֔ה	c/2966	HC/Ncfsa
Ezek 44:31	מִן	4480 a	HR
Ezek 44:31	הָ/ע֖וֹף	d/5775	HTd/Ncmsa
Ezek 44:31	וּ/מִן	c/4480 a	HC/R
Ezek 44:31	הַ/בְּהֵמָ֑ה	d/929	HTd/Ncfsa
Ezek 44:31	לֹ֥א	3808	HTn
Ezek 44:31	יֹאכְל֖וּ	398	HVqi3mp
Ezek 44:31	הַ/כֹּהֲנִֽים	d/3548	HTd/Ncmpa
Ezek 45:1	וּ/בְ/הַפִּֽילְ/כֶ֨ם	c/b/5307	HC/R/Vhc/Sp2mp
Ezek 45:1	אֶת	853	HTo
Ezek 45:1	הָ/אָ֜רֶץ	d/776	HTd/Ncbsa
Ezek 45:1	בְּ/נַחֲלָ֗ה	b/5159	HR/Ncfsa
Ezek 45:1	תָּרִימוּ֩	7311 a	HVhi2mp
Ezek 45:1	תְרוּמָ֨ה	8641	HNcfsa
Ezek 45:1	לַ/יהוָ֥ה	l/3068	HR/Np
Ezek 45:1	קֹדֶשׁ֮	6944	HNcmsa
Ezek 45:1	מִן	4480 a	HR
Ezek 45:1	הָ/אָרֶץ֒	d/776	HTd/Ncbsa
Ezek 45:1	אֹ֗רֶךְ	753	HNcmsa
Ezek 45:1	חֲמִשָּׁ֨ה	2568	HAcmsa
Ezek 45:1	וְ/עֶשְׂרִ֥ים	c/6242	HC/Acbpa
Ezek 45:1	אֶ֨לֶף֙	505	HAcbsa
Ezek 45:1	אֹ֔רֶךְ	753	HNcmsa
Ezek 45:1	וְ/רֹ֖חַב	c/7341	HC/Ncmsa
Ezek 45:1	עֲשָׂ֣רָה	6235	HAcmsa
Ezek 45:1	אָ֑לֶף	505	HAcbsa
Ezek 45:1	קֹדֶשׁ	6944	HNcmsa
Ezek 45:1	ה֥וּא	1931	HPp3ms
Ezek 45:1	בְ/כָל	b/3605	HR/Ncmsc
Ezek 45:1	גְּבוּלָ֖/הּ	1366	HNcmsc/Sp3fs
Ezek 45:1	סָבִֽיב	5439	HNcbsa
Ezek 45:2	יִהְיֶ֤ה	1961	HVqi3ms
Ezek 45:2	מִ/זֶּה֙	m/2088	HR/Pdxms
Ezek 45:2	אֶל	413	HR
Ezek 45:2	הַ/קֹּ֔דֶשׁ	d/6944	HTd/Ncmsa
Ezek 45:2	חֲמֵ֥שׁ	2568	HAcfsa
Ezek 45:2	מֵא֛וֹת	3967	HAcbpa
Ezek 45:2	בַּ/חֲמֵ֥שׁ	b/2568	HR/Acfsa
Ezek 45:2	מֵא֖וֹת	3967	HAcbpa
Ezek 45:2	מְרֻבָּ֣ע	7251	HVPsmsa
Ezek 45:2	סָבִ֑יב	5439	HNcbsa
Ezek 45:2	וַ/חֲמִשִּׁ֣ים	c/2572	HC/Acbpa
Ezek 45:2	אַמָּ֔ה	520 a	HNcfsa
Ezek 45:2	מִגְרָ֥שׁ	4054	HNcmsa
Ezek 45:2	ל֖/וֹ	l	HR/Sp3ms
Ezek 45:2	סָבִֽיב	5439	HNcbsa
Ezek 45:3	וּ/מִן	c/4480 a	HC/R
Ezek 45:3	הַ/מִּדָּ֤ה	d/4060 a	HTd/Ncfsa
Ezek 45:3	הַ/זֹּאת֙	d/2063	HTd/Pdxfs
Ezek 45:3	תָּמ֔וֹד	4058	HVqi2ms
Ezek 45:3	אֹ֗רֶךְ	753	HNcmsc
Ezek 45:3	חמש	2568	HAcfsa
Ezek 45:3	וְ/עֶשְׂרִים֙	c/6242	HC/Acbpa
Ezek 45:3	אֶ֔לֶף	505	HAcbsa
Ezek 45:3	וְ/רֹ֖חַב	c/7341	HC/Ncmsc
Ezek 45:3	עֲשֶׂ֣רֶת	6235	HAcmsc
Ezek 45:3	אֲלָפִ֑ים	505	HAcbpa
Ezek 45:3	וּ/בֽ/וֹ	c/b	HC/R/Sp3ms
Ezek 45:3	יִהְיֶ֥ה	1961	HVqi3ms
Ezek 45:3	הַ/מִּקְדָּ֖שׁ	d/4720	HTd/Ncmsa
Ezek 45:3	קֹ֥דֶשׁ	6944	HNcmsc
Ezek 45:3	קָדָשִֽׁים	6944	HNcmpa
Ezek 45:4	קֹ֣דֶשׁ	6944	HNcmsa
Ezek 45:4	מִן	4480 a	HR
Ezek 45:4	הָ/אָ֜רֶץ	d/776	HTd/Ncbsa
Ezek 45:4	ה֗וּא	1931	HPp3ms
Ezek 45:4	לַ/כֹּ֨הֲנִ֜ים	l/3548	HRd/Ncmpa
Ezek 45:4	מְשָׁרְתֵ֤י	8334	HVprmpc
Ezek 45:4	הַ/מִּקְדָּשׁ֙	d/4720	HTd/Ncmsa
Ezek 45:4	יִֽהְיֶ֔ה	1961	HVqi3ms
Ezek 45:4	הַ/קְּרֵבִ֖ים	d/7131	HTd/Aampa
Ezek 45:4	לְ/שָׁרֵ֣ת	l/8334	HR/Vpc
Ezek 45:4	אֶת	853	HTo
Ezek 45:4	יְהוָ֑ה	3068	HNp
Ezek 45:4	וְ/הָיָ֨ה	c/1961	HC/Vqq3ms
Ezek 45:4	לָ/הֶ֤ם	l	HR/Sp3mp
Ezek 45:4	מָקוֹם֙	4725	HNcmsa
Ezek 45:4	לְ/בָ֣תִּ֔ים	l/1004 b	HR/Ncmpa
Ezek 45:4	וּ/מִקְדָּ֖שׁ	c/4720	HC/Ncmsa
Ezek 45:4	לַ/מִּקְדָּֽשׁ	l/4720	HRd/Ncmsa
Ezek 45:5	וַ/חֲמִשָּׁ֨ה	c/2568	HC/Acmsa
Ezek 45:5	וְ/עֶשְׂרִ֥ים	c/6242	HC/Acbpa
Ezek 45:5	אֶ֨לֶף֙	505	HAcbsa
Ezek 45:5	אֹ֔רֶךְ	753	HNcmsa
Ezek 45:5	וַ/עֲשֶׂ֥רֶת	c/6235	HC/Acmsc
Ezek 45:5	אֲלָפִ֖ים	505	HAcbpa
Ezek 45:5	רֹ֑חַב	7341	HNcmsa
Ezek 45:5	יהיה	1961	HVqi3ms
Ezek 45:5	לַ/לְוִיִּם֩	l/3881	HRd/Ngmpa
Ezek 45:5	מְשָׁרְתֵ֨י	8334	HVprmpc
Ezek 45:5	הַ/בַּ֧יִת	d/1004 b	HTd/Ncmsa
Ezek 45:5	לָ/הֶ֛ם	l	HR/Sp3mp
Ezek 45:5	לַ/אֲחֻזָּ֖ה	l/272	HR/Ncfsa
Ezek 45:5	עֶשְׂרִ֥ים	6242	HAcbpa
Ezek 45:5	לְשָׁכֹֽת	3957	HNcfpa
Ezek 45:6	וַ/אֲחֻזַּ֨ת	c/272	HC/Ncfsc
Ezek 45:6	הָ/עִ֜יר	d/5892 b	HTd/Ncfsa
Ezek 45:6	תִּתְּנ֗וּ	5414	HVqi2mp
Ezek 45:6	חֲמֵ֤שֶׁת	2568	HAcmsc
Ezek 45:6	אֲלָפִים֙	505	HAcbpa
Ezek 45:6	רֹ֔חַב	7341	HNcmsa
Ezek 45:6	וְ/אֹ֗רֶךְ	c/753	HC/Ncmsc
Ezek 45:6	חֲמִשָּׁ֤ה	2568	HAcmsa
Ezek 45:6	וְ/עֶשְׂרִים֙	c/6242	HC/Acbpa
Ezek 45:6	אֶ֔לֶף	505	HAcbsa
Ezek 45:6	לְ/עֻמַּ֖ת	l/5980	HR/Ncfsc
Ezek 45:6	תְּרוּמַ֣ת	8641	HNcfsc
Ezek 45:6	הַ/קֹּ֑דֶשׁ	d/6944	HTd/Ncmsa
Ezek 45:6	לְ/כָל	l/3605	HR/Ncmsc
Ezek 45:6	בֵּ֥ית	1004 b	HNcmsc
Ezek 45:6	יִשְׂרָאֵ֖ל	3478	HNp
Ezek 45:6	יִהְיֶֽה	1961	HVqi3ms
Ezek 45:7	וְ/לַ/נָּשִׂ֡יא	c/l/5387 a	HC/Rd/Ncmsa
Ezek 45:7	מִ/זֶּ֣ה	m/2088	HR/Pdxms
Ezek 45:7	וּ/מִ/זֶּה֩	c/m/2088	HC/R/Pdxms
Ezek 45:7	לִ/תְרוּמַ֨ת	l/8641	HR/Ncfsc
Ezek 45:7	הַ/קֹּ֜דֶשׁ	d/6944	HTd/Ncmsa
Ezek 45:7	וְ/לַ/אֲחֻזַּ֣ת	c/l/272	HC/R/Ncfsc
Ezek 45:7	הָ/עִ֗יר	d/5892 b	HTd/Ncfsa
Ezek 45:7	אֶל	413	HR
Ezek 45:7	פְּנֵ֤י	6440	HNcbpc
Ezek 45:7	תְרֽוּמַת	8641	HNcfsc
Ezek 45:7	הַ/קֹּ֨דֶשׁ֙	d/6944	HTd/Ncmsa
Ezek 45:7	וְ/אֶל	c/413	HC/R
Ezek 45:7	פְּנֵי֙	6440	HNcbpc
Ezek 45:7	אֲחֻזַּ֣ת	272	HNcfsc
Ezek 45:7	הָ/עִ֔יר	d/5892 b	HTd/Ncfsa
Ezek 45:7	מִ/פְּאַת	m/6285	HR/Ncfsc
Ezek 45:7	יָ֣ם	3220	HNcmsa
Ezek 45:7	יָ֔מָּ/ה	3220	HNcmsa/Sd
Ezek 45:7	וּ/מִ/פְּאַת	c/m/6285	HC/R/Ncfsc
Ezek 45:7	קֵ֖דְמָ/ה	6924 b	HNcmsa/Sd
Ezek 45:7	קָדִ֑ימָ/ה	6921	HNcmsa/Sd
Ezek 45:7	וְ/אֹ֗רֶךְ	c/753	HC/Ncmsa
Ezek 45:7	לְ/עֻמּוֹת֙	l/5980	HR/Ncfpc
Ezek 45:7	אַחַ֣ד	259	HAcmsa
Ezek 45:7	הַ/חֲלָקִ֔ים	d/2506 a	HTd/Ncmpa
Ezek 45:7	מִ/גְּב֥וּל	m/1366	HR/Ncmsc
Ezek 45:7	יָ֖ם	3220	HNcmsa
Ezek 45:7	אֶל	413	HR
Ezek 45:7	גְּב֥וּל	1366	HNcmsc
Ezek 45:7	קָדִֽימָ/ה	6921	HNcmsa/Sd
Ezek 45:8	לָ/אָ֛רֶץ	l/776	HRd/Ncbsa
Ezek 45:8	יִֽהְיֶה	1961	HVqi3ms
Ezek 45:8	לּ֥/וֹ	l	HR/Sp3ms
Ezek 45:8	לַֽ/אֲחֻזָּ֖ה	l/272	HR/Ncfsa
Ezek 45:8	בְּ/יִשְׂרָאֵ֑ל	b/3478	HR/Np
Ezek 45:8	וְ/לֹא	c/3808	HC/Tn
Ezek 45:8	יוֹנ֨וּ	3238	HVhi3mp
Ezek 45:8	ע֤וֹד	5750	HD
Ezek 45:8	נְשִׂיאַ/י֙	5387 a	HNcmpc/Sp1cs
Ezek 45:8	אֶת	853	HTo
Ezek 45:8	עַמִּ֔/י	5971 a	HNcmsc/Sp1cs
Ezek 45:8	וְ/הָ/אָ֛רֶץ	c/d/776	HC/Td/Ncbsa
Ezek 45:8	יִתְּנ֥וּ	5414	HVqi3mp
Ezek 45:8	לְ/בֵֽית	l/1004 b	HR/Ncmsc
Ezek 45:8	יִשְׂרָאֵ֖ל	3478	HNp
Ezek 45:8	לְ/שִׁבְטֵי/הֶֽם	l/7626	HR/Ncmpc/Sp3mp
Ezek 45:9	כֹּֽה	3541	HD
Ezek 45:9	אָמַ֞ר	559	HVqp3ms
Ezek 45:9	אֲדֹנָ֣/י	136	HNcmpc/Sp1cs
Ezek 45:9	יְהוִ֗ה	3069	HNp
Ezek 45:9	רַב	7227 a	HAamsa
Ezek 45:9	לָ/כֶם֙	l	HR/Sp2mp
Ezek 45:9	נְשִׂיאֵ֣י	5387 a	HNcmpc
Ezek 45:9	יִשְׂרָאֵ֔ל	3478	HNp
Ezek 45:9	חָמָ֤ס	2555	HNcmsa
Ezek 45:9	וָ/שֹׁד֙	c/7701	HC/Ncmsa
Ezek 45:9	הָסִ֔ירוּ	5493	HVhv2mp
Ezek 45:9	וּ/מִשְׁפָּ֥ט	c/4941	HC/Ncmsa
Ezek 45:9	וּ/צְדָקָ֖ה	c/6666	HC/Ncfsa
Ezek 45:9	עֲשׂ֑וּ	6213 a	HVqv2mp
Ezek 45:9	הָרִ֤ימוּ	7311 a	HVhv2mp
Ezek 45:9	גְרֻשֹֽׁתֵי/כֶם֙	1646	HNcfpc/Sp2mp
Ezek 45:9	מֵ/עַ֣ל	m/5921 a	HR/R
Ezek 45:9	עַמִּ֔/י	5971 a	HNcmsc/Sp1cs
Ezek 45:9	נְאֻ֖ם	5002	HNcmsc
Ezek 45:9	אֲדֹנָ֥/י	136	HNcmpc/Sp1cs
Ezek 45:9	יְהוִֽה	3069	HNp
Ezek 45:10	מֹֽאזְנֵי	3976	HNcmdc
Ezek 45:10	צֶ֧דֶק	6664	HNcmsa
Ezek 45:10	וְ/אֵֽיפַת	c/374	HC/Ncfsc
Ezek 45:10	צֶ֛דֶק	6664	HNcmsa
Ezek 45:10	וּ/בַת	c/1324	HC/Ncbsc
Ezek 45:10	צֶ֖דֶק	6664	HNcmsa
Ezek 45:10	יְהִ֥י	1961	HVqj3ms
Ezek 45:10	לָ/כֶֽם	l	HR/Sp2mp
Ezek 45:11	הָ/אֵיפָ֣ה	d/374	HTd/Ncfsa
Ezek 45:11	וְ/הַ/בַּ֗ת	c/d/1324	HC/Td/Ncbsa
Ezek 45:11	תֹּ֤כֶן	8506	HNcmsa
Ezek 45:11	אֶחָד֙	259	HAcmsa
Ezek 45:11	יִֽהְיֶ֔ה	1961	HVqi3ms
Ezek 45:11	לָ/שֵׂ֕את	l/5375	HR/Vqc
Ezek 45:11	מַעְשַׂ֥ר	4643	HNcmsc
Ezek 45:11	הַ/חֹ֖מֶר	d/2563 c	HTd/Ncmsa
Ezek 45:11	הַ/בָּ֑ת	d/1324	HTd/Ncbsa
Ezek 45:11	וַ/עֲשִׂירִ֤ת	c/6224	HC/Aofsc
Ezek 45:11	הַ/חֹ֨מֶר֙	d/2563 c	HTd/Ncmsa
Ezek 45:11	הָֽ/אֵיפָ֔ה	d/374	HTd/Ncfsa
Ezek 45:11	אֶל	413	HR
Ezek 45:11	הַ/חֹ֖מֶר	d/2563 c	HTd/Ncmsa
Ezek 45:11	יִהְיֶ֥ה	1961	HVqi3ms
Ezek 45:11	מַתְכֻּנְתּֽ/וֹ	4971	HNcfsc/Sp3ms
Ezek 45:12	וְ/הַ/שֶּׁ֖קֶל	c/d/8255	HC/Td/Ncmsa
Ezek 45:12	עֶשְׂרִ֣ים	6242	HAcbpa
Ezek 45:12	גֵּרָ֑ה	1626	HNcfsa
Ezek 45:12	עֶשְׂרִ֨ים	6242	HAcbpa
Ezek 45:12	שְׁקָלִ֜ים	8255	HNcmpa
Ezek 45:12	חֲמִשָּׁ֧ה	2568	HAcmsa
Ezek 45:12	וְ/עֶשְׂרִ֣ים	c/6242	HC/Acbpa
Ezek 45:12	שְׁקָלִ֗ים	8255	HNcmpa
Ezek 45:12	עֲשָׂרָ֤ה	6235	HAcmsa
Ezek 45:12	וַ/חֲמִשָּׁה֙	c/2568	HC/Acmsa
Ezek 45:12	שֶׁ֔קֶל	8255	HNcmsa
Ezek 45:12	הַ/מָּנֶ֖ה	d/4488	HTd/Ncmsa
Ezek 45:12	יִֽהְיֶ֥ה	1961	HVqi3ms
Ezek 45:12	לָ/כֶֽם	l	HR/Sp2mp
Ezek 45:13	זֹ֥את	2063	HPdxfs
Ezek 45:13	הַ/תְּרוּמָ֖ה	d/8641	HTd/Ncfsa
Ezek 45:13	אֲשֶׁ֣ר	834 a	HTr
Ezek 45:13	תָּרִ֑ימוּ	7311 a	HVhi2mp
Ezek 45:13	שִׁשִּׁ֤ית	8345	HAofsc
Ezek 45:13	הָֽ/אֵיפָה֙	d/374	HTd/Ncfsa
Ezek 45:13	מֵ/חֹ֣מֶר	m/2563 c	HR/Ncmsc
Ezek 45:13	הַֽ/חִטִּ֔ים	d/2406	HTd/Ncfpa
Ezek 45:13	וְ/שִׁשִּׁיתֶם֙	c/8341	HC/Vpq2mp
Ezek 45:13	הָֽ/אֵיפָ֔ה	d/374	HTd/Ncfsa
Ezek 45:13	מֵ/חֹ֖מֶר	m/2563 c	HR/Ncmsc
Ezek 45:13	הַ/שְּׂעֹרִֽים	d/8184	HTd/Ncfpa
Ezek 45:14	וְ/חֹ֨ק	c/2706	HC/Ncmsc
Ezek 45:14	הַ/שֶּׁ֜מֶן	d/8081	HTd/Ncmsa
Ezek 45:14	הַ/בַּ֣ת	d/1324	HTd/Ncbsa
Ezek 45:14	הַ/שֶּׁ֗מֶן	d/8081	HTd/Ncmsa
Ezek 45:14	מַעְשַׂ֤ר	4643	HNcmsc
Ezek 45:14	הַ/בַּת֙	d/1324	HTd/Ncbsa
Ezek 45:14	מִן	4480 a	HR
Ezek 45:14	הַ/כֹּ֔ר	d/3734 a	HTd/Ncmsa
Ezek 45:14	עֲשֶׂ֥רֶת	6235	HAcmsc
Ezek 45:14	הַ/בַּתִּ֖ים	d/1324	HTd/Ncbpa
Ezek 45:14	חֹ֑מֶר	2563 c	HNcmsa
Ezek 45:14	כִּֽי	3588 a	HC
Ezek 45:14	עֲשֶׂ֥רֶת	6235	HAcmsc
Ezek 45:14	הַ/בַּתִּ֖ים	d/1324	HTd/Ncbpa
Ezek 45:14	חֹֽמֶר	2563 c	HNcmsa
Ezek 45:15	וְ/שֶׂה	c/7716	HC/Ncbsa
Ezek 45:15	אַחַ֨ת	259	HAcfsa
Ezek 45:15	מִן	4480 a	HR
Ezek 45:15	הַ/צֹּ֤אן	d/6629	HTd/Ncbsa
Ezek 45:15	מִן	4480 a	HR
Ezek 45:15	הַ/מָּאתַ֨יִם֙	d/3967	HTd/Acbda
Ezek 45:15	מִ/מַּשְׁקֵ֣ה	m/4945 b	HR/Ncmsc
Ezek 45:15	יִשְׂרָאֵ֔ל	3478	HNp
Ezek 45:15	לְ/מִנְחָ֖ה	l/4503	HR/Ncfsa
Ezek 45:15	וּ/לְ/עוֹלָ֣ה	c/l/5930 a	HC/R/Ncfsa
Ezek 45:15	וְ/לִ/שְׁלָמִ֑ים	c/l/8002	HC/R/Ncmpa
Ezek 45:15	לְ/כַפֵּ֣ר	l/3722 a	HR/Vpc
Ezek 45:15	עֲלֵי/הֶ֔ם	5921 a	HR/Sp3mp
Ezek 45:15	נְאֻ֖ם	5002	HNcmsc
Ezek 45:15	אֲדֹנָ֥/י	136	HNcmpc/Sp1cs
Ezek 45:15	יְהוִֽה	3069	HNp
Ezek 45:16	כֹּ֚ל	3605	HNcmsc
Ezek 45:16	הָ/עָ֣ם	d/5971 a	HTd/Ncmsa
Ezek 45:16	הָ/אָ֔רֶץ	d/776	HTd/Ncbsa
Ezek 45:16	יִהְי֖וּ	1961	HVqi3mp
Ezek 45:16	אֶל	413	HR
Ezek 45:16	הַ/תְּרוּמָ֣ה	d/8641	HTd/Ncfsa
Ezek 45:16	הַ/זֹּ֑את	d/2063	HTd/Pdxfs
Ezek 45:16	לַ/נָּשִׂ֖יא	l/5387 a	HRd/Ncmsa
Ezek 45:16	בְּ/יִשְׂרָאֵֽל	b/3478	HR/Np
Ezek 45:17	וְ/עַֽל	c/5921 a	HC/R
Ezek 45:17	הַ/נָּשִׂ֣יא	d/5387 a	HTd/Ncmsa
Ezek 45:17	יִהְיֶ֗ה	1961	HVqi3ms
Ezek 45:17	הָ/עוֹל֣וֹת	d/5930 a	HTd/Ncfpa
Ezek 45:17	וְ/הַ/מִּנְחָה֮	c/d/4503	HC/Td/Ncfsa
Ezek 45:17	וְ/הַ/נֵּסֶךְ֒	c/d/5262	HC/Td/Ncmsa
Ezek 45:17	בַּ/חַגִּ֤ים	b/2282	HRd/Ncmpa
Ezek 45:17	וּ/בֶ/חֳדָשִׁים֙	c/b/2320	HC/Rd/Ncmpa
Ezek 45:17	וּ/בַ/שַּׁבָּת֔וֹת	c/b/7676	HC/Rd/Ncbpa
Ezek 45:17	בְּ/כָֽל	b/3605	HR/Ncmsc
Ezek 45:17	מוֹעֲדֵ֖י	4150	HNcmpc
Ezek 45:17	בֵּ֣ית	1004 b	HNcmsc
Ezek 45:17	יִשְׂרָאֵ֑ל	3478	HNp
Ezek 45:17	הֽוּא	1931	HPp3ms
Ezek 45:17	יַעֲשֶׂ֞ה	6213 a	HVqi3ms
Ezek 45:17	אֶת	853	HTo
Ezek 45:17	הַ/חַטָּ֣את	d/2403 b	HTd/Ncfsa
Ezek 45:17	וְ/אֶת	c/853	HC/To
Ezek 45:17	הַ/מִּנְחָ֗ה	d/4503	HTd/Ncfsa
Ezek 45:17	וְ/אֶת	c/853	HC/To
Ezek 45:17	הָֽ/עוֹלָה֙	d/5930 a	HTd/Ncfsa
Ezek 45:17	וְ/אֶת	c/853	HC/To
Ezek 45:17	הַ/שְּׁלָמִ֔ים	d/8002	HTd/Ncmpa
Ezek 45:17	לְ/כַפֵּ֖ר	l/3722 a	HR/Vpc
Ezek 45:17	בְּעַ֥ד	1157	HR
Ezek 45:17	בֵּֽית	1004 b	HNcmsc
Ezek 45:17	יִשְׂרָאֵֽל	3478	HNp
Ezek 45:18	כֹּה	3541	HD
Ezek 45:18	אָמַר֮	559	HVqp3ms
Ezek 45:18	אֲדֹנָ֣/י	136	HNcmpc/Sp1cs
Ezek 45:18	יְהוִה֒	3069	HNp
Ezek 45:18	בָּֽ/רִאשׁוֹן֙	b/7223	HRd/Aamsa
Ezek 45:18	בְּ/אֶחָ֣ד	b/259	HR/Acmsa
Ezek 45:18	לַ/חֹ֔דֶשׁ	l/2320	HRd/Ncmsa
Ezek 45:18	תִּקַּ֥ח	3947	HVqi2ms
Ezek 45:18	פַּר	6499	HNcmsa
Ezek 45:18	בֶּן	1121 a	HNcmsc
Ezek 45:18	בָּקָ֖ר	1241	HNcbsa
Ezek 45:18	תָּמִ֑ים	8549	HAamsa
Ezek 45:18	וְ/חִטֵּאתָ֖	c/2398	HC/Vpq2ms
Ezek 45:18	אֶת	853	HTo
Ezek 45:18	הַ/מִּקְדָּֽשׁ	d/4720	HTd/Ncmsa
Ezek 45:19	וְ/לָקַ֨ח	c/3947	HC/Vqq3ms
Ezek 45:19	הַ/כֹּהֵ֜ן	d/3548	HTd/Ncmsa
Ezek 45:19	מִ/דַּ֣ם	m/1818	HR/Ncmsc
Ezek 45:19	הַ/חַטָּ֗את	d/2403 b	HTd/Ncfsa
Ezek 45:19	וְ/נָתַן֙	c/5414	HC/Vqq3ms
Ezek 45:19	אֶל	413	HR
Ezek 45:19	מְזוּזַ֣ת	4201	HNcfsc
Ezek 45:19	הַ/בַּ֔יִת	d/1004 b	HTd/Ncmsa
Ezek 45:19	וְ/אֶל	c/413	HC/R
Ezek 45:19	אַרְבַּ֛ע	702	HAcfsa
Ezek 45:19	פִּנּ֥וֹת	6438	HNcfpc
Ezek 45:19	הָ/עֲזָרָ֖ה	d/5835	HTd/Ncfsa
Ezek 45:19	לַ/מִּזְבֵּ֑חַ	l/4196	HRd/Ncmsa
Ezek 45:19	וְ/עַ֨ל	c/5921 a	HC/R
Ezek 45:19	מְזוּזַ֔ת	4201	HNcfsc
Ezek 45:19	שַׁ֖עַר	8179	HNcmsc
Ezek 45:19	הֶ/חָצֵ֥ר	d/2691 a	HTd/Ncbsa
Ezek 45:19	הַ/פְּנִימִֽית	d/6442	HTd/Aafsa
Ezek 45:20	וְ/כֵ֤ן	c/3651 c	HC/Tm
Ezek 45:20	תַּֽעֲשֶׂה֙	6213 a	HVqi2ms
Ezek 45:20	בְּ/שִׁבְעָ֣ה	b/7651	HR/Acmsa
Ezek 45:20	בַ/חֹ֔דֶשׁ	b/2320	HRd/Ncmsa
Ezek 45:20	מֵ/אִ֥ישׁ	m/376	HR/Ncmsa
Ezek 45:20	שֹׁגֶ֖ה	7686	HVqrmsa
Ezek 45:20	וּ/מִ/פֶּ֑תִי	c/m/6612 a	HC/R/Ncmsa
Ezek 45:20	וְ/כִפַּרְתֶּ֖ם	c/3722 a	HC/Vpq2mp
Ezek 45:20	אֶת	853	HTo
Ezek 45:20	הַ/בָּֽיִת	d/1004 b	HTd/Ncmsa
Ezek 45:21	בָּ֠/רִאשׁוֹן	b/7223	HRd/Aamsa
Ezek 45:21	בְּ/אַרְבָּעָ֨ה	b/702	HR/Acmsa
Ezek 45:21	עָשָׂ֥ר	6240	HAcmsa
Ezek 45:21	יוֹם֙	3117	HNcmsa
Ezek 45:21	לַ/חֹ֔דֶשׁ	l/2320	HRd/Ncmsa
Ezek 45:21	יִהְיֶ֥ה	1961	HVqi3ms
Ezek 45:21	לָ/כֶ֖ם	l	HR/Sp2mp
Ezek 45:21	הַ/פָּ֑סַח	d/6453	HTd/Ncmsa
Ezek 45:21	חָ֕ג	2282	HNcmsa
Ezek 45:21	שְׁבֻע֣וֹת	7620	HNcmpc
Ezek 45:21	יָמִ֔ים	3117	HNcmpa
Ezek 45:21	מַצּ֖וֹת	4682	HNcfpa
Ezek 45:21	יֵאָכֵֽל	398	HVNi3ms
Ezek 45:22	וְ/עָשָׂ֤ה	c/6213 a	HC/Vqq3ms
Ezek 45:22	הַ/נָּשִׂיא֙	d/5387 a	HTd/Ncmsa
Ezek 45:22	בַּ/יּ֣וֹם	b/3117	HRd/Ncmsa
Ezek 45:22	הַ/ה֔וּא	d/1931	HTd/Pp3ms
Ezek 45:22	בַּעֲד֕/וֹ	1157	HR/Sp3ms
Ezek 45:22	וּ/בְעַ֖ד	c/1157	HC/R
Ezek 45:22	כָּל	3605	HNcmsc
Ezek 45:22	עַ֣ם	5971 a	HNcmsc
Ezek 45:22	הָ/אָ֑רֶץ	d/776	HTd/Ncbsa
Ezek 45:22	פַּ֖ר	6499	HNcmsc
Ezek 45:22	חַטָּֽאת	2403 b	HNcfsa
Ezek 45:23	וְ/שִׁבְעַ֨ת	c/7651	HC/Acmsc
Ezek 45:23	יְמֵֽי	3117	HNcmpc
Ezek 45:23	הֶ/חָ֜ג	d/2282	HTd/Ncmsa
Ezek 45:23	יַעֲשֶׂ֧ה	6213 a	HVqi3ms
Ezek 45:23	עוֹלָ֣ה	5930 a	HNcfsa
Ezek 45:23	לַֽ/יהוָ֗ה	l/3068	HR/Np
Ezek 45:23	שִׁבְעַ֣ת	7651	HAcmsc
Ezek 45:23	פָּ֠רִים	6499	HNcmpa
Ezek 45:23	וְ/שִׁבְעַ֨ת	c/7651	HC/Acmsc
Ezek 45:23	אֵילִ֤ים	352 a	HNcmpa
Ezek 45:23	תְּמִימִם֙	8549	HAampa
Ezek 45:23	לַ/יּ֔וֹם	l/3117	HRd/Ncmsa
Ezek 45:23	שִׁבְעַ֖ת	7651	HAcmsc
Ezek 45:23	הַ/יָּמִ֑ים	d/3117	HTd/Ncmpa
Ezek 45:23	וְ/חַטָּ֕את	c/2403 b	HC/Ncfsa
Ezek 45:23	שְׂעִ֥יר	8163 b	HNcmsc
Ezek 45:23	עִזִּ֖ים	5795	HNcfpa
Ezek 45:23	לַ/יּֽוֹם	l/3117	HRd/Ncmsa
Ezek 45:24	וּ/מִנְחָ֗ה	c/4503	HC/Ncfsa
Ezek 45:24	אֵיפָ֥ה	374	HNcfsa
Ezek 45:24	לַ/פָּ֛ר	l/6499	HRd/Ncmsa
Ezek 45:24	וְ/אֵיפָ֥ה	c/374	HC/Ncfsa
Ezek 45:24	לָ/אַ֖יִל	l/352 a	HRd/Ncmsa
Ezek 45:24	יַֽעֲשֶׂ֑ה	6213 a	HVqi3ms
Ezek 45:24	וְ/שֶׁ֖מֶן	c/8081	HC/Ncmsc
Ezek 45:24	הִ֥ין	1969	HNcmsa
Ezek 45:24	לָ/אֵיפָֽה	l/374	HRd/Ncfsa
Ezek 45:25	בַּ/שְּׁבִיעִ֡י	b/7637	HRd/Aomsa
Ezek 45:25	בַּ/חֲמִשָּׁה֩	b/2568	HR/Acmsa
Ezek 45:25	עָשָׂ֨ר	6240	HAcmsa
Ezek 45:25	י֤וֹם	3117	HNcmsa
Ezek 45:25	לַ/חֹ֨דֶשׁ֙	l/2320	HRd/Ncmsa
Ezek 45:25	בֶּ/חָ֔ג	b/2282	HRd/Ncmsa
Ezek 45:25	יַעֲשֶׂ֥ה	6213 a	HVqi3ms
Ezek 45:25	כָ/אֵ֖לֶּה	k/428	HR/Pdxcp
Ezek 45:25	שִׁבְעַ֣ת	7651	HAcmsc
Ezek 45:25	הַ/יָּמִ֑ים	d/3117	HTd/Ncmpa
Ezek 45:25	כַּֽ/חַטָּאת֙	k/2403 b	HRd/Ncfsa
Ezek 45:25	כָּ/עֹלָ֔ה	k/5930 a	HRd/Ncfsa
Ezek 45:25	וְ/כַ/מִּנְחָ֖ה	c/k/4503	HC/Rd/Ncfsa
Ezek 45:25	וְ/כַ/שָּֽׁמֶן	c/k/8081	HC/Rd/Ncmsa
Ezek 46:1	כֹּֽה	3541	HD
Ezek 46:1	אָמַר֮	559	HVqp3ms
Ezek 46:1	אֲדֹנָ֣/י	136	HNcmpc/Sp1cs
Ezek 46:1	יְהוִה֒	3069	HNp
Ezek 46:1	שַׁ֜עַר	8179	HNcmsc
Ezek 46:1	הֶ/חָצֵ֤ר	d/2691 a	HTd/Ncbsa
Ezek 46:1	הַ/פְּנִימִית֙	d/6442	HTd/Aafsa
Ezek 46:1	הַ/פֹּנֶ֣ה	d/6437	HTd/Vqrmsa
Ezek 46:1	קָדִ֔ים	6921	HNcmsa
Ezek 46:1	יִהְיֶ֣ה	1961	HVqi3ms
Ezek 46:1	סָג֔וּר	5462	HVqsmsa
Ezek 46:1	שֵׁ֖שֶׁת	8337	HAcmsc
Ezek 46:1	יְמֵ֣י	3117	HNcmpc
Ezek 46:1	הַֽ/מַּעֲשֶׂ֑ה	d/4639	HTd/Ncmsa
Ezek 46:1	וּ/בְ/י֤וֹם	c/b/3117	HC/R/Ncmsc
Ezek 46:1	הַ/שַּׁבָּת֙	d/7676	HTd/Ncbsa
Ezek 46:1	יִפָּתֵ֔חַ	6605 a	HVNi3ms
Ezek 46:1	וּ/בְ/י֥וֹם	c/b/3117	HC/R/Ncmsc
Ezek 46:1	הַ/חֹ֖דֶשׁ	d/2320	HTd/Ncmsa
Ezek 46:1	יִפָּתֵֽחַ	6605 a	HVNi3ms
Ezek 46:2	וּ/בָ֣א	c/935	HC/Vqq3ms
Ezek 46:2	הַ/נָּשִׂ֡יא	d/5387 a	HTd/Ncmsa
Ezek 46:2	דֶּרֶךְ֩	1870	HNcbsc
Ezek 46:2	אוּלָ֨ם	197	HNcmsc
Ezek 46:2	הַ/שַּׁ֜עַר	d/8179	HTd/Ncmsa
Ezek 46:2	מִ/ח֗וּץ	m/2351	HR/Ncmsa
Ezek 46:2	וְ/עָמַד֙	c/5975	HC/Vqq3ms
Ezek 46:2	עַל	5921 a	HR
Ezek 46:2	מְזוּזַ֣ת	4201	HNcfsc
Ezek 46:2	הַ/שַּׁ֔עַר	d/8179	HTd/Ncmsa
Ezek 46:2	וְ/עָשׂ֣וּ	c/6213 a	HC/Vqq3cp
Ezek 46:2	הַ/כֹּהֲנִ֗ים	d/3548	HTd/Ncmpa
Ezek 46:2	אֶת	853	HTo
Ezek 46:2	עֽוֹלָת/וֹ֙	5930 a	HNcfsc/Sp3ms
Ezek 46:2	וְ/אֶת	c/853	HC/To
Ezek 46:2	שְׁלָמָ֔י/ו	8002	HNcmpc/Sp3ms
Ezek 46:2	וְ/הִֽשְׁתַּחֲוָ֛ה	c/7812	HC/Vvq3ms
Ezek 46:2	עַל	5921 a	HR
Ezek 46:2	מִפְתַּ֥ן	4670	HNcmsc
Ezek 46:2	הַ/שַּׁ֖עַר	d/8179	HTd/Ncmsa
Ezek 46:2	וְ/יָצָ֑א	c/3318	HC/Vqq3ms
Ezek 46:2	וְ/הַ/שַּׁ֥עַר	c/d/8179	HC/Td/Ncmsa
Ezek 46:2	לֹֽא	3808	HTn
Ezek 46:2	יִסָּגֵ֖ר	5462	HVNi3ms
Ezek 46:2	עַד	5704	HR
Ezek 46:2	הָ/עָֽרֶב	d/6153	HTd/Ncmsa
Ezek 46:3	וְ/הִשְׁתַּחֲו֣וּ	c/7812	HC/Vvq3cp
Ezek 46:3	עַם	5971 a	HNcmsc
Ezek 46:3	הָ/אָ֗רֶץ	d/776	HTd/Ncbsa
Ezek 46:3	פֶּ֚תַח	6607	HNcmsc
Ezek 46:3	הַ/שַּׁ֣עַר	d/8179	HTd/Ncmsa
Ezek 46:3	הַ/ה֔וּא	d/1931	HTd/Pp3ms
Ezek 46:3	בַּ/שַּׁבָּת֖וֹת	b/7676	HRd/Ncbpa
Ezek 46:3	וּ/בֶ/חֳדָשִׁ֑ים	c/b/2320	HC/Rd/Ncmpa
Ezek 46:3	לִ/פְנֵ֖י	l/6440	HR/Ncbpc
Ezek 46:3	יְהוָֽה	3068	HNp
Ezek 46:4	וְ/הָ֣/עֹלָ֔ה	c/d/5930 a	HC/Td/Ncfsa
Ezek 46:4	אֲשֶׁר	834 a	HTr
Ezek 46:4	יַקְרִ֥ב	7126	HVhi3ms
Ezek 46:4	הַ/נָּשִׂ֖יא	d/5387 a	HTd/Ncmsa
Ezek 46:4	לַֽ/יהוָ֑ה	l/3068	HR/Np
Ezek 46:4	בְּ/י֣וֹם	b/3117	HR/Ncmsc
Ezek 46:4	הַ/שַּׁבָּ֗ת	d/7676	HTd/Ncbsa
Ezek 46:4	שִׁשָּׁ֧ה	8337	HAcmsa
Ezek 46:4	כְבָשִׂ֛ים	3532	HNcmpa
Ezek 46:4	תְּמִימִ֖ם	8549	HAampa
Ezek 46:4	וְ/אַ֥יִל	c/352 a	HC/Ncmsa
Ezek 46:4	תָּמִֽים	8549	HAamsa
Ezek 46:5	וּ/מִנְחָה֙	c/4503	HC/Ncfsa
Ezek 46:5	אֵיפָ֣ה	374	HNcfsa
Ezek 46:5	לָ/אַ֔יִל	l/352 a	HRd/Ncmsa
Ezek 46:5	וְ/לַ/כְּבָשִׂ֥ים	c/l/3532	HC/Rd/Ncmpa
Ezek 46:5	מִנְחָ֖ה	4503	HNcfsa
Ezek 46:5	מַתַּ֣ת	4991	HNcfsc
Ezek 46:5	יָד֑/וֹ	3027	HNcbsc/Sp3ms
Ezek 46:5	וְ/שֶׁ֖מֶן	c/8081	HC/Ncmsa
Ezek 46:5	הִ֥ין	1969	HNcmsa
Ezek 46:5	לָ/אֵיפָֽה	l/374	HRd/Ncfsa
Ezek 46:6	וּ/בְ/י֣וֹם	c/b/3117	HC/R/Ncmsc
Ezek 46:6	הַ/חֹ֔דֶשׁ	d/2320	HTd/Ncmsa
Ezek 46:6	פַּ֥ר	6499	HNcmsa
Ezek 46:6	בֶּן	1121 a	HNcmsc
Ezek 46:6	בָּקָ֖ר	1241	HNcbsa
Ezek 46:6	תְּמִימִ֑ם	8549	HAampa
Ezek 46:6	וְ/שֵׁ֧שֶׁת	c/8337	HC/Acmsc
Ezek 46:6	כְּבָשִׂ֛ם	3532	HNcmpa
Ezek 46:6	וָ/אַ֖יִל	c/352 a	HC/Ncmsa
Ezek 46:6	תְּמִימִ֥ם	8549	HAampa
Ezek 46:6	יִהְיֽוּ	1961	HVqi3mp
Ezek 46:7	וְ/אֵיפָ֨ה	c/374	HC/Ncfsa
Ezek 46:7	לַ/פָּ֜ר	l/6499	HRd/Ncmsa
Ezek 46:7	וְ/אֵיפָ֤ה	c/374	HC/Ncfsa
Ezek 46:7	לָ/אַ֨יִל֙	l/352 a	HRd/Ncmsa
Ezek 46:7	יַעֲשֶׂ֣ה	6213 a	HVqi3ms
Ezek 46:7	מִנְחָ֔ה	4503	HNcfsa
Ezek 46:7	וְ/לַ֨/כְּבָשִׂ֔ים	c/l/3532	HC/Rd/Ncmpa
Ezek 46:7	כַּ/אֲשֶׁ֥ר	k/834 d	HR/Tr
Ezek 46:7	תַּשִּׂ֖יג	5381	HVhi3fs
Ezek 46:7	יָד֑/וֹ	3027	HNcbsc/Sp3ms
Ezek 46:7	וְ/שֶׁ֖מֶן	c/8081	HC/Ncmsa
Ezek 46:7	הִ֥ין	1969	HNcmsa
Ezek 46:7	לָ/אֵיפָֽה	l/374	HRd/Ncfsa
Ezek 46:8	וּ/בְ/ב֖וֹא	c/b/935	HC/R/Vqc
Ezek 46:8	הַ/נָּשִׂ֑יא	d/5387 a	HTd/Ncmsa
Ezek 46:8	דֶּ֣רֶךְ	1870	HNcbsc
Ezek 46:8	אוּלָ֤ם	197	HNcmsc
Ezek 46:8	הַ/שַּׁ֨עַר֙	d/8179	HTd/Ncmsa
Ezek 46:8	יָב֔וֹא	935	HVqi3ms
Ezek 46:8	וּ/בְ/דַרְכּ֖/וֹ	c/b/1870	HC/R/Ncbsc/Sp3ms
Ezek 46:8	יֵצֵֽא	3318	HVqi3ms
Ezek 46:9	וּ/בְ/ב֨וֹא	c/b/935	HC/R/Vqc
Ezek 46:9	עַם	5971 a	HNcmsc
Ezek 46:9	הָ/אָ֜רֶץ	d/776	HTd/Ncbsa
Ezek 46:9	לִ/פְנֵ֣י	l/6440	HR/Ncbpc
Ezek 46:9	יְהוָה֮	3068	HNp
Ezek 46:9	בַּ/מּֽוֹעֲדִים֒	b/4150	HRd/Ncmpa
Ezek 46:9	הַ/בָּ֡א	d/935	HTd/Vqrmsa
Ezek 46:9	דֶּרֶךְ	1870	HNcbsc
Ezek 46:9	שַׁ֨עַר	8179	HNcmsc
Ezek 46:9	צָפ֜וֹן	6828	HNcfsa
Ezek 46:9	לְ/הִֽשְׁתַּחֲוֺ֗ת	l/7812	HR/Vtc
Ezek 46:9	יֵצֵא֙	3318	HVqi3ms
Ezek 46:9	דֶּרֶךְ	1870	HNcbsc
Ezek 46:9	שַׁ֣עַר	8179	HNcmsc
Ezek 46:9	נֶ֔גֶב	5045	HNcmsa
Ezek 46:9	וְ/הַ/בָּא֙	c/d/935	HC/Td/Vqrmsa
Ezek 46:9	דֶּרֶךְ	1870	HNcbsc
Ezek 46:9	שַׁ֣עַר	8179	HNcmsc
Ezek 46:9	נֶ֔גֶב	5045	HNcmsa
Ezek 46:9	יֵצֵ֖א	3318	HVqi3ms
Ezek 46:9	דֶּרֶךְ	1870	HNcbsc
Ezek 46:9	שַׁ֣עַר	8179	HNcmsc
Ezek 46:9	צָפ֑וֹנָ/ה	6828	HNcfsa/Sd
Ezek 46:9	לֹ֣א	3808	HTn
Ezek 46:9	יָשׁ֗וּב	7725	HVqi3ms
Ezek 46:9	דֶּ֤רֶךְ	1870	HNcbsc
Ezek 46:9	הַ/שַּׁ֨עַר֙	d/8179	HTd/Ncmsa
Ezek 46:9	אֲשֶׁר	834 a	HTr
Ezek 46:9	בָּ֣א	935	HVqp3ms
Ezek 46:9	ב֔/וֹ	b	HR/Sp3ms
Ezek 46:9	כִּ֥י	3588 a	HC
Ezek 46:9	נִכְח֖/וֹ	5226	HR/Sp3ms
Ezek 46:9	יצאו	3318	HVqi3mp
Ezek 46:10	וְֽ/הַ/נָּשִׂ֑יא	c/d/5387 a	HC/Td/Ncmsa
Ezek 46:10	בְּ/תוֹכָ֤/ם	b/8432	HR/Ncmsc/Sp3mp
Ezek 46:10	בְּ/בוֹאָ/ם֙	b/935	HR/Vqc/Sp3mp
Ezek 46:10	יָב֔וֹא	935	HVqi3ms
Ezek 46:10	וּ/בְ/צֵאתָ֖/ם	c/b/3318	HC/R/Vqc/Sp3mp
Ezek 46:10	יֵצֵֽאוּ	3318	HVqi3mp
Ezek 46:11	וּ/בַ/חַגִּ֣ים	c/b/2282	HC/Rd/Ncmpa
Ezek 46:11	וּ/בַ/מּוֹעֲדִ֗ים	c/b/4150	HC/Rd/Ncmpa
Ezek 46:11	תִּהְיֶ֤ה	1961	HVqi3fs
Ezek 46:11	הַ/מִּנְחָה֙	d/4503	HTd/Ncfsa
Ezek 46:11	אֵיפָ֤ה	374	HNcfsa
Ezek 46:11	לַ/פָּר֙	l/6499	HRd/Ncmsa
Ezek 46:11	וְ/אֵיפָ֣ה	c/374	HC/Ncfsa
Ezek 46:11	לָ/אַ֔יִל	l/352 a	HRd/Ncmsa
Ezek 46:11	וְ/לַ/כְּבָשִׂ֖ים	c/l/3532	HC/Rd/Ncmpa
Ezek 46:11	מַתַּ֣ת	4991	HNcfsc
Ezek 46:11	יָד֑/וֹ	3027	HNcbsc/Sp3ms
Ezek 46:11	וְ/שֶׁ֖מֶן	c/8081	HC/Ncmsa
Ezek 46:11	הִ֥ין	1969	HNcmsa
Ezek 46:11	לָ/אֵיפָֽה	l/374	HRd/Ncfsa
Ezek 46:12	וְ/כִֽי	c/3588 a	HC/C
Ezek 46:12	יַעֲשֶׂה֩	6213 a	HVqi3ms
Ezek 46:12	הַ/נָּשִׂ֨יא	d/5387 a	HTd/Ncmsa
Ezek 46:12	נְדָבָ֜ה	5071	HNcfsa
Ezek 46:12	עוֹלָ֣ה	5930 a	HNcfsa
Ezek 46:12	אֽוֹ	176 a	HC
Ezek 46:12	שְׁלָמִים֮	8002	HNcmpa
Ezek 46:12	נְדָבָ֣ה	5071	HNcfsa
Ezek 46:12	לַֽ/יהוָה֒	l/3068	HR/Np
Ezek 46:12	וּ/פָ֣תַֽח	c/6605 a	HC/Vqq3ms
Ezek 46:12	ל֗/וֹ	l	HR/Sp3ms
Ezek 46:12	אֶת	853	HTo
Ezek 46:12	הַ/שַּׁ֨עַר֙	d/8179	HTd/Ncmsa
Ezek 46:12	הַ/פֹּנֶ֣ה	d/6437	HTd/Vqrmsa
Ezek 46:12	קָדִ֔ים	6921	HNcmsa
Ezek 46:12	וְ/עָשָׂ֤ה	c/6213 a	HC/Vqq3ms
Ezek 46:12	אֶת	853	HTo
Ezek 46:12	עֹֽלָת/וֹ֙	5930 a	HNcfsc/Sp3ms
Ezek 46:12	וְ/אֶת	c/853	HC/To
Ezek 46:12	שְׁלָמָ֔י/ו	8002	HNcmpc/Sp3ms
Ezek 46:12	כַּ/אֲשֶׁ֥ר	k/834 d	HR/Tr
Ezek 46:12	יַעֲשֶׂ֖ה	6213 a	HVqi3ms
Ezek 46:12	בְּ/י֣וֹם	b/3117	HR/Ncmsc
Ezek 46:12	הַ/שַּׁבָּ֑ת	d/7676	HTd/Ncbsa
Ezek 46:12	וְ/יָצָ֛א	c/3318	HC/Vqq3ms
Ezek 46:12	וְ/סָגַ֥ר	c/5462	HC/Vqq3ms
Ezek 46:12	אֶת	853	HTo
Ezek 46:12	הַ/שַּׁ֖עַר	d/8179	HTd/Ncmsa
Ezek 46:12	אַחֲרֵ֥י	310 a	HR
Ezek 46:12	צֵאתֽ/וֹ	3318	HVqc/Sp3ms
Ezek 46:13	וְ/כֶ֨בֶשׂ	c/3532	HC/Ncmsa
Ezek 46:13	בֶּן	1121 a	HNcmsc
Ezek 46:13	שְׁנָת֜/וֹ	8141	HNcfsc/Sp3ms
Ezek 46:13	תָּמִ֗ים	8549	HAamsa
Ezek 46:13	תַּעֲשֶׂ֥ה	6213 a	HVqi2ms
Ezek 46:13	עוֹלָ֛ה	5930 a	HNcfsa
Ezek 46:13	לַ/יּ֖וֹם	l/3117	HRd/Ncmsa
Ezek 46:13	לַֽ/יהֹוָ֑ה	l/3068	HR/Np
Ezek 46:13	בַּ/בֹּ֥קֶר	b/1242	HRd/Ncmsa
Ezek 46:13	בַּ/בֹּ֖קֶר	b/1242	HRd/Ncmsa
Ezek 46:13	תַּעֲשֶׂ֥ה	6213 a	HVqi2ms
Ezek 46:13	אֹתֽ/וֹ	853	HTo/Sp3ms
Ezek 46:14	וּ/מִנְחָה֩	c/4503	HC/Ncfsa
Ezek 46:14	תַעֲשֶׂ֨ה	6213 a	HVqi2ms
Ezek 46:14	עָלָ֜י/ו	5921 a	HR/Sp3ms
Ezek 46:14	בַּ/בֹּ֤קֶר	b/1242	HRd/Ncmsa
Ezek 46:14	בַּ/בֹּ֨קֶר֙	b/1242	HRd/Ncmsa
Ezek 46:14	שִׁשִּׁ֣ית	8345	HAofsc
Ezek 46:14	הָֽ/אֵיפָ֔ה	d/374	HTd/Ncfsa
Ezek 46:14	וְ/שֶׁ֛מֶן	c/8081	HC/Ncmsa
Ezek 46:14	שְׁלִישִׁ֥ית	7992	HNcfsc
Ezek 46:14	הַ/הִ֖ין	d/1969	HTd/Ncmsa
Ezek 46:14	לָ/רֹ֣ס	l/7450	HR/Vqc
Ezek 46:14	אֶת	853	HTo
Ezek 46:14	הַ/סֹּ֑לֶת	d/5560	HTd/Ncfsa
Ezek 46:14	מִנְחָה֙	4503	HNcfsa
Ezek 46:14	לַֽ/יהוָ֔ה	l/3068	HR/Np
Ezek 46:14	חֻקּ֥וֹת	2708	HNcbpc
Ezek 46:14	עוֹלָ֖ם	5769	HNcmsa
Ezek 46:14	תָּמִֽיד	8548	HNcmsa
Ezek 46:15	ו/עשו	c/6213 a	HC/Vqq3cp
Ezek 46:15	אֶת	853	HTo
Ezek 46:15	הַ/כֶּ֧בֶשׂ	d/3532	HTd/Ncmsa
Ezek 46:15	וְ/אֶת	c/853	HC/To
Ezek 46:15	הַ/מִּנְחָ֛ה	d/4503	HTd/Ncfsa
Ezek 46:15	וְ/אֶת	c/853	HC/To
Ezek 46:15	הַ/שֶּׁ֖מֶן	d/8081	HTd/Ncmsa
Ezek 46:15	בַּ/בֹּ֣קֶר	b/1242	HRd/Ncmsa
Ezek 46:15	בַּ/בֹּ֑קֶר	b/1242	HRd/Ncmsa
Ezek 46:15	עוֹלַ֖ת	5930 a	HNcfsc
Ezek 46:15	תָּמִֽיד	8548	HNcmsa
Ezek 46:16	כֹּה	3541	HD
Ezek 46:16	אָמַ֞ר	559	HVqp3ms
Ezek 46:16	אֲדֹנָ֣/י	136	HNcmpc/Sp1cs
Ezek 46:16	יְהֹוִ֗ה	3069	HNp
Ezek 46:16	כִּֽי	3588 a	HC
Ezek 46:16	יִתֵּ֨ן	5414	HVqi3ms
Ezek 46:16	הַ/נָּשִׂ֤יא	d/5387 a	HTd/Ncmsa
Ezek 46:16	מַתָּנָה֙	4979	HNcfsa
Ezek 46:16	לְ/אִ֣ישׁ	l/376	HR/Ncmsa
Ezek 46:16	מִ/בָּנָ֔י/ו	m/1121 a	HR/Ncmpc/Sp3ms
Ezek 46:16	נַחֲלָת֥/וֹ	5159	HNcfsc/Sp3ms
Ezek 46:16	הִ֖יא	1931	HPp3fs
Ezek 46:16	לְ/בָנָ֣י/ו	l/1121 a	HR/Ncmpc/Sp3ms
Ezek 46:16	תִּֽהְיֶ֑ה	1961	HVqi3fs
Ezek 46:16	אֲחֻזָּתָ֥/ם	272	HNcfsc/Sp3mp
Ezek 46:16	הִ֖יא	1931	HPp3fs
Ezek 46:16	בְּ/נַחֲלָֽה	b/5159	HR/Ncfsa
Ezek 46:17	וְ/כִֽי	c/3588 a	HC/C
Ezek 46:17	יִתֵּ֨ן	5414	HVqi3ms
Ezek 46:17	מַתָּנָ֜ה	4979	HNcfsa
Ezek 46:17	מִ/נַּחֲלָת֗/וֹ	m/5159	HR/Ncfsc/Sp3ms
Ezek 46:17	לְ/אַחַד֙	l/259	HR/Acmsa
Ezek 46:17	מֵֽ/עֲבָדָ֔י/ו	m/5650	HR/Ncmpc/Sp3ms
Ezek 46:17	וְ/הָ֤יְתָה	c/1961	HC/Vqq3fs
Ezek 46:17	לּ/וֹ֙	l	HR/Sp3ms
Ezek 46:17	עַד	5704	HR
Ezek 46:17	שְׁנַ֣ת	8141	HNcfsc
Ezek 46:17	הַ/דְּר֔וֹר	d/1865	HTd/Ncmsa
Ezek 46:17	וְ/שָׁבַ֖ת	c/7725	HC/Vqq3fs
Ezek 46:17	לַ/נָּשִׂ֑יא	l/5387 a	HRd/Ncmsa
Ezek 46:17	אַ֚ךְ	389	HTa
Ezek 46:17	נַחֲלָת֔/וֹ	5159	HNcfsc/Sp3ms
Ezek 46:17	בָּנָ֖י/ו	1121 a	HNcmpc/Sp3ms
Ezek 46:17	לָ/הֶ֥ם	l	HR/Sp3mp
Ezek 46:17	תִּהְיֶֽה	1961	HVqi3fs
Ezek 46:18	וְ/לֹא	c/3808	HC/Tn
Ezek 46:18	יִקַּ֨ח	3947	HVqi3ms
Ezek 46:18	הַ/נָּשִׂ֜יא	d/5387 a	HTd/Ncmsa
Ezek 46:18	מִ/נַּחֲלַ֣ת	m/5159	HR/Ncfsc
Ezek 46:18	הָ/עָ֗ם	d/5971 a	HTd/Ncmsa
Ezek 46:18	לְ/הֽוֹנֹתָ/ם֙	l/3238	HR/Vhc/Sp3mp
Ezek 46:18	מֵ/אֲחֻזָּתָ֔/ם	m/272	HR/Ncfsc/Sp3mp
Ezek 46:18	מֵ/אֲחֻזָּת֖/וֹ	m/272	HR/Ncfsc/Sp3ms
Ezek 46:18	יַנְחִ֣ל	5157	HVhi3ms
Ezek 46:18	אֶת	853	HTo
Ezek 46:18	בָּנָ֑י/ו	1121 a	HNcmpc/Sp3ms
Ezek 46:18	לְמַ֨עַן֙	4616	HR
Ezek 46:18	אֲשֶׁ֣ר	834 a	HTr
Ezek 46:18	לֹֽא	3808	HTn
Ezek 46:18	יָפֻ֣צוּ	6327 a	HVqi3mp
Ezek 46:18	עַמִּ֔/י	5971 a	HNcmsc/Sp1cs
Ezek 46:18	אִ֖ישׁ	376	HNcmsa
Ezek 46:18	מֵ/אֲחֻזָּתֽ/וֹ	m/272	HR/Ncfsc/Sp3ms
Ezek 46:19	וַ/יְבִיאֵ֣/נִי	c/935	HC/Vhw3ms/Sp1cs
Ezek 46:19	בַ/מָּבוֹא֮	b/3996	HRd/Ncmsa
Ezek 46:19	אֲשֶׁ֣ר	834 a	HTr
Ezek 46:19	עַל	5921 a	HR
Ezek 46:19	כֶּ֣תֶף	3802	HNcfsc
Ezek 46:19	הַ/שַּׁעַר֒	d/8179	HTd/Ncmsa
Ezek 46:19	אֶל	413	HR
Ezek 46:19	הַ/לִּשְׁכ֤וֹת	d/3957	HTd/Ncfpc
Ezek 46:19	הַ/קֹּ֨דֶשׁ֙	d/6944	HTd/Ncmsa
Ezek 46:19	אֶל	413	HR
Ezek 46:19	הַ/כֹּ֣הֲנִ֔ים	d/3548	HTd/Ncmpa
Ezek 46:19	הַ/פֹּנ֖וֹת	d/6437	HTd/Vqrfpa
Ezek 46:19	צָפ֑וֹנָ/ה	6828	HNcfsa/Sd
Ezek 46:19	וְ/הִנֵּה	c/2009	HC/Tm
Ezek 46:19	שָׁ֣ם	8033	HD
Ezek 46:19	מָק֔וֹם	4725	HNcmsa
Ezek 46:19	ב/ירכת/ם	b/3411	HR/Ncfsc/Sp3mp
Ezek 46:19	יָֽמָּ/ה	3220	HNcmsa/Sd
Ezek 46:20	וַ/יֹּ֣אמֶר	c/559	HC/Vqw3ms
Ezek 46:20	אֵלַ֔/י	413	HR/Sp1cs
Ezek 46:20	זֶ֣ה	2088	HPdxms
Ezek 46:20	הַ/מָּק֗וֹם	d/4725	HTd/Ncmsa
Ezek 46:20	אֲשֶׁ֤ר	834 a	HTr
Ezek 46:20	יְבַשְּׁלוּ	1310	HVpi3mp
Ezek 46:20	שָׁם֙	8033	HD
Ezek 46:20	הַ/כֹּ֣הֲנִ֔ים	d/3548	HTd/Ncmpa
Ezek 46:20	אֶת	853	HTo
Ezek 46:20	הָ/אָשָׁ֖ם	d/817	HTd/Ncmsa
Ezek 46:20	וְ/אֶת	c/853	HC/To
Ezek 46:20	הַ/חַטָּ֑את	d/2403 b	HTd/Ncfsa
Ezek 46:20	אֲשֶׁ֤ר	834 a	HTr
Ezek 46:20	יֹאפוּ֙	644	HVqi3mp
Ezek 46:20	אֶת	853	HTo
Ezek 46:20	הַ/מִּנְחָ֔ה	d/4503	HTd/Ncfsa
Ezek 46:20	לְ/בִלְתִּ֥י	l/1115	HR/C
Ezek 46:20	הוֹצִ֛יא	3318	HVhc
Ezek 46:20	אֶל	413	HR
Ezek 46:20	הֶ/חָצֵ֥ר	d/2691 a	HTd/Ncbsa
Ezek 46:20	הַ/חִֽיצוֹנָ֖ה	d/2435	HTd/Aafsa
Ezek 46:20	לְ/קַדֵּ֥שׁ	l/6942	HR/Vpc
Ezek 46:20	אֶת	853	HTo
Ezek 46:20	הָ/עָֽם	d/5971 a	HTd/Ncmsa
Ezek 46:21	וַ/יּוֹצִיאֵ֗/נִי	c/3318	HC/Vhw3ms/Sp1cs
Ezek 46:21	אֶל	413	HR
Ezek 46:21	הֶֽ/חָצֵר֙	d/2691 a	HTd/Ncbsa
Ezek 46:21	הַ/חִ֣יצֹנָ֔ה	d/2435	HTd/Aafsa
Ezek 46:21	וַ/יַּ֣עֲבִירֵ֔/נִי	c/5674 a	HC/Vhw3ms/Sp1cs
Ezek 46:21	אֶל	413	HR
Ezek 46:21	אַרְבַּ֖עַת	702	HAcmsc
Ezek 46:21	מִקְצוֹעֵ֣י	4740	HNcmpc
Ezek 46:21	הֶ/חָצֵ֑ר	d/2691 a	HTd/Ncbsa
Ezek 46:21	וְ/הִנֵּ֤ה	c/2009	HC/Tm
Ezek 46:21	חָצֵר֙	2691 a	HNcbsa
Ezek 46:21	בְּ/מִקְצֹ֣עַ	b/4740	HR/Ncmsc
Ezek 46:21	הֶ/חָצֵ֔ר	d/2691 a	HTd/Ncbsa
Ezek 46:21	חָצֵ֖ר	2691 a	HNcbsa
Ezek 46:21	בְּ/מִקְצֹ֥עַ	b/4740	HR/Ncmsc
Ezek 46:21	הֶ/חָצֵֽר	d/2691 a	HTd/Ncbsa
Ezek 46:22	בְּ/אַרְבַּ֜עַת	b/702	HR/Acmsc
Ezek 46:22	מִקְצֹע֤וֹת	4740	HNcmpc
Ezek 46:22	הֶֽ/חָצֵר֙	d/2691 a	HTd/Ncbsa
Ezek 46:22	חֲצֵר֣וֹת	2691 a	HNcbpa
Ezek 46:22	קְטֻר֔וֹת	7000	HNcfpa
Ezek 46:22	אַרְבָּעִ֣ים	705	HAcbpa
Ezek 46:22	אֹ֔רֶךְ	753	HNcmsa
Ezek 46:22	וּ/שְׁלֹשִׁ֖ים	c/7970	HC/Acbpa
Ezek 46:22	רֹ֑חַב	7341	HNcmsa
Ezek 46:22	מִדָּ֣ה	4060 a	HNcfsa
Ezek 46:22	אַחַ֔ת	259	HAcfsa
Ezek 46:22	לְ/אַרְבַּעְתָּ֖/ם	l/702	HR/Acmsc/Sp3mp
Ezek 46:22	מְׄהֻׄקְׄצָׄעֽׄוֹׄתׄ	7106 b	HVHsfpa
Ezek 46:23	וְ/ט֨וּר	c/2905	HC/Ncmsc
Ezek 46:23	סָבִ֥יב	5439	HNcbsa
Ezek 46:23	בָּ/הֶ֛ם	b	HR/Sp3mp
Ezek 46:23	סָבִ֖יב	5439	HNcbsa
Ezek 46:23	לְ/אַרְבַּעְתָּ֑/ם	l/702	HR/Acmsc/Sp3mp
Ezek 46:23	וּ/מְבַשְּׁל֣וֹת	c/4018	HC/Ncfpa
Ezek 46:23	עָשׂ֔וּי	6213 a	HVqsmsa
Ezek 46:23	מִ/תַּ֥חַת	m/8478	HR/R
Ezek 46:23	הַ/טִּיר֖וֹת	d/2918	HTd/Ncfpa
Ezek 46:23	סָבִֽיב	5439	HNcbsa
Ezek 46:24	וַ/יֹּ֖אמֶר	c/559	HC/Vqw3ms
Ezek 46:24	אֵלָ֑/י	413	HR/Sp1cs
Ezek 46:24	אֵ֚לֶּה	428	HPdxcp
Ezek 46:24	בֵּ֣ית	1004 b	HNcmsc
Ezek 46:24	הַֽ/מְבַשְּׁלִ֔ים	d/1310	HTd/Vprmpa
Ezek 46:24	אֲשֶׁ֧ר	834 a	HTr
Ezek 46:24	יְבַשְּׁלוּ	1310	HVpi3mp
Ezek 46:24	שָׁ֛ם	8033	HD
Ezek 46:24	מְשָׁרְתֵ֥י	8334	HVprmpc
Ezek 46:24	הַ/בַּ֖יִת	d/1004 b	HTd/Ncmsa
Ezek 46:24	אֶת	853	HTo
Ezek 46:24	זֶ֥בַח	2077	HNcmsc
Ezek 46:24	הָ/עָֽם	d/5971 a	HTd/Ncmsa
Ezek 47:1	וַ/יְשִׁבֵ/נִי֮	c/7725	HC/Vhw3ms/Sp1cs
Ezek 47:1	אֶל	413	HR
Ezek 47:1	פֶּ֣תַח	6607	HNcmsc
Ezek 47:1	הַ/בַּיִת֒	d/1004 b	HTd/Ncmsa
Ezek 47:1	וְ/הִנֵּה	c/2009	HC/Tm
Ezek 47:1	מַ֣יִם	4325	HNcmpa
Ezek 47:1	יֹצְאִ֗ים	3318	HVqrmpa
Ezek 47:1	מִ/תַּ֨חַת	m/8478	HR/R
Ezek 47:1	מִפְתַּ֤ן	4670	HNcmsc
Ezek 47:1	הַ/בַּ֨יִת֙	d/1004 b	HTd/Ncmsa
Ezek 47:1	קָדִ֔ימָ/ה	6921	HNcmsa/Sd
Ezek 47:1	כִּֽי	3588 a	HC
Ezek 47:1	פְנֵ֥י	6440	HNcbpc
Ezek 47:1	הַ/בַּ֖יִת	d/1004 b	HTd/Ncmsa
Ezek 47:1	קָדִ֑ים	6921	HNcmsa
Ezek 47:1	וְ/הַ/מַּ֣יִם	c/d/4325	HC/Td/Ncmpa
Ezek 47:1	יֹרְדִ֗ים	3381	HVqrmpa
Ezek 47:1	מִ/תַּ֜חַת	m/8478	HR/R
Ezek 47:1	מִ/כֶּ֤תֶף	m/3802	HR/Ncfsc
Ezek 47:1	הַ/בַּ֨יִת֙	d/1004 b	HTd/Ncmsa
Ezek 47:1	הַ/יְמָנִ֔ית	d/3233	HTd/Aafsa
Ezek 47:1	מִ/נֶּ֖גֶב	m/5045	HR/Ncmsa
Ezek 47:1	לַ/מִּזְבֵּֽחַ	l/4196	HRd/Ncmsa
Ezek 47:2	וַ/יּוֹצִאֵ/נִי֮	c/3318	HC/Vhw3ms/Sp1cs
Ezek 47:2	דֶּֽרֶךְ	1870	HNcbsc
Ezek 47:2	שַׁ֣עַר	8179	HNcmsa
Ezek 47:2	צָפוֹנָ/ה֒	6828	HNcfsa/Sd
Ezek 47:2	וַ/יְסִבֵּ֨/נִי֙	c/5437	HC/Vhw3ms/Sp1cs
Ezek 47:2	דֶּ֣רֶךְ	1870	HNcbsc
Ezek 47:2	ח֔וּץ	2351	HNcmsa
Ezek 47:2	אֶל	413	HR
Ezek 47:2	שַׁ֣עַר	8179	HNcmsc
Ezek 47:2	הַ/ח֔וּץ	d/2351	HTd/Ncmsa
Ezek 47:2	דֶּ֖רֶךְ	1870	HNcbsa
Ezek 47:2	הַ/פּוֹנֶ֣ה	d/6437	HTd/Vqrmsa
Ezek 47:2	קָדִ֑ים	6921	HNcmsa
Ezek 47:2	וְ/הִנֵּה	c/2009	HC/Tm
Ezek 47:2	מַ֣יִם	4325	HNcmpa
Ezek 47:2	מְפַכִּ֔ים	6379	HVprmpa
Ezek 47:2	מִן	4480 a	HR
Ezek 47:2	הַ/כָּתֵ֖ף	d/3802	HTd/Ncfsa
Ezek 47:2	הַ/יְמָנִֽית	d/3233	HTd/Aafsa
Ezek 47:3	בְּ/צֵאת	b/3318	HR/Vqc
Ezek 47:3	הָ/אִ֥ישׁ	d/376	HTd/Ncmsa
Ezek 47:3	קָדִ֖ים	6921	HNcmsa
Ezek 47:3	וְ/קָ֣ו	c/6957 b	HC/Ncmsa
Ezek 47:3	בְּ/יָד֑/וֹ	b/3027	HR/Ncbsc/Sp3ms
Ezek 47:3	וַ/יָּ֤מָד	c/4058	HC/Vqw3ms
Ezek 47:3	אֶ֨לֶף֙	505	HAcbsa
Ezek 47:3	בָּֽ/אַמָּ֔ה	b/520 a	HRd/Ncfsa
Ezek 47:3	וַ/יַּעֲבִרֵ֥/נִי	c/5674 a	HC/Vhw3ms/Sp1cs
Ezek 47:3	בַ/מַּ֖יִם	b/4325	HRd/Ncmpa
Ezek 47:3	מֵ֥י	4325	HNcmpc
Ezek 47:3	אָפְסָֽיִם	657 b	HNcmda
Ezek 47:4	וַ/יָּ֣מָד	c/4058	HC/Vqw3ms
Ezek 47:4	אֶ֔לֶף	505	HAcbsa
Ezek 47:4	וַ/יַּעֲבִרֵ֥/נִי	c/5674 a	HC/Vhw3ms/Sp1cs
Ezek 47:4	בַ/מַּ֖יִם	b/4325	HRd/Ncmpa
Ezek 47:4	מַ֣יִם	4325	HNcmpa
Ezek 47:4	בִּרְכָּ֑יִם	1290	HNcfda
Ezek 47:4	וַ/יָּ֣מָד	c/4058	HC/Vqw3ms
Ezek 47:4	אֶ֔לֶף	505	HAcbsa
Ezek 47:4	וַ/יַּעֲבִרֵ֖/נִי	c/5674 a	HC/Vhw3ms/Sp1cs
Ezek 47:4	מֵ֥י	4325	HNcmpc
Ezek 47:4	מָתְנָֽיִם	4975	HNcmda
Ezek 47:5	וַ/יָּ֣מָד	c/4058	HC/Vqw3ms
Ezek 47:5	אֶ֔לֶף	505	HAcbsa
Ezek 47:5	נַ֕חַל	5158 a	HNcmsa
Ezek 47:5	אֲשֶׁ֥ר	834 a	HTr
Ezek 47:5	לֹֽא	3808	HTn
Ezek 47:5	אוּכַ֖ל	3201	HVqi1cs
Ezek 47:5	לַ/עֲבֹ֑ר	l/5674 a	HR/Vqc
Ezek 47:5	כִּֽי	3588 a	HC
Ezek 47:5	גָא֤וּ	1342	HVqp3cp
Ezek 47:5	הַ/מַּ֨יִם֙	d/4325	HTd/Ncmpa
Ezek 47:5	מֵ֣י	4325	HNcmpc
Ezek 47:5	שָׂ֔חוּ	7813	HNcmsa
Ezek 47:5	נַ֖חַל	5158 a	HNcmsa
Ezek 47:5	אֲשֶׁ֥ר	834 a	HTr
Ezek 47:5	לֹֽא	3808	HTn
Ezek 47:5	יֵעָבֵֽר	5674 a	HVNi3ms
Ezek 47:6	וַ/יֹּ֥אמֶר	c/559	HC/Vqw3ms
Ezek 47:6	אֵלַ֖/י	413	HR/Sp1cs
Ezek 47:6	הֲ/רָאִ֣יתָ	i/7200	HTi/Vqp2ms
Ezek 47:6	בֶן	1121 a	HNcmsc
Ezek 47:6	אָדָ֑ם	120	HNcmsa
Ezek 47:6	וַ/יּוֹלִכֵ֥/נִי	c/3212	HC/Vhw3ms/Sp1cs
Ezek 47:6	וַ/יְשִׁבֵ֖/נִי	c/7725	HC/Vhw3ms/Sp1cs
Ezek 47:6	שְׂפַ֥ת	8193	HNcfsc
Ezek 47:6	הַ/נָּֽחַל	d/5158 a	HTd/Ncmsa
Ezek 47:7	בְּ/שׁוּבֵ֕/נִי	b/7725	HR/Vqc/Sp1cs
Ezek 47:7	וְ/הִנֵּה֙	c/2009	HC/Tm
Ezek 47:7	אֶל	413	HR
Ezek 47:7	שְׂפַ֣ת	8193	HNcfsc
Ezek 47:7	הַ/נַּ֔חַל	d/5158 a	HTd/Ncmsa
Ezek 47:7	עֵ֖ץ	6086	HNcmsa
Ezek 47:7	רַ֣ב	7227 a	HAamsa
Ezek 47:7	מְאֹ֑ד	3966	HD
Ezek 47:7	מִ/זֶּ֖ה	m/2088	HR/Pdxms
Ezek 47:7	וּ/מִ/זֶּֽה	c/m/2088	HC/R/Pdxms
Ezek 47:8	וַ/יֹּ֣אמֶר	c/559	HC/Vqw3ms
Ezek 47:8	אֵלַ֗/י	413	HR/Sp1cs
Ezek 47:8	הַ/מַּ֤יִם	d/4325	HTd/Ncmpa
Ezek 47:8	הָ/אֵ֨לֶּה֙	d/428	HTd/Pdxcp
Ezek 47:8	יוֹצְאִ֗ים	3318	HVqrmpa
Ezek 47:8	אֶל	413	HR
Ezek 47:8	הַ/גְּלִילָה֙	d/1552	HTd/Ncfsa
Ezek 47:8	הַ/קַּדְמוֹנָ֔ה	d/6930	HTd/Aafsa
Ezek 47:8	וְ/יָרְד֖וּ	c/3381	HC/Vqq3cp
Ezek 47:8	עַל	5921 a	HR
Ezek 47:8	הָֽ/עֲרָבָ֑ה	d/6160	HTd/Ncfsa
Ezek 47:8	וּ/בָ֣אוּ	c/935	HC/Vqq3cp
Ezek 47:8	הַ/יָּ֔מָּ/ה	d/3220	HTd/Ncmsa/Sd
Ezek 47:8	אֶל	413	HR
Ezek 47:8	הַ/יָּ֥מָּ/ה	d/3220	HTd/Ncmsa/Sd
Ezek 47:8	הַ/מּֽוּצָאִ֖ים	d/3318	HTd/VHsmpa
Ezek 47:8	ו/נרפאו	c/7495	HC/VNq3cp
Ezek 47:8	הַ/מָּֽיִם	d/4325	HTd/Ncmpa
Ezek 47:9	וְ/הָיָ֣ה	c/1961	HC/Vqq3ms
Ezek 47:9	כָל	3605	HNcmsc
Ezek 47:9	נֶ֣פֶשׁ	5315	HNcbsa
Ezek 47:9	חַיָּ֣ה	2416 a	HAafsa
Ezek 47:9	אֲֽשֶׁר	834 a	HTr
Ezek 47:9	יִשְׁרֹ֡ץ	8317	HVqi3ms
Ezek 47:9	אֶ֣ל	413	HR
Ezek 47:9	כָּל	3605	HNcmsc
Ezek 47:9	אֲשֶׁר֩	834 a	HTr
Ezek 47:9	יָב֨וֹא	935	HVqi3ms
Ezek 47:9	שָׁ֤ם	8033	HD
Ezek 47:9	נַחֲלַ֨יִם֙	5158 a	HNcmda
Ezek 47:9	יִֽחְיֶ֔ה	2421	HVqi3ms
Ezek 47:9	וְ/הָיָ֥ה	c/1961	HC/Vqq3ms
Ezek 47:9	הַ/דָּגָ֖ה	d/1710	HTd/Ncfsa
Ezek 47:9	רַבָּ֣ה	7227 a	HAafsa
Ezek 47:9	מְאֹ֑ד	3966	HD
Ezek 47:9	כִּי֩	3588 a	HC
Ezek 47:9	בָ֨אוּ	935	HVqp3cp
Ezek 47:9	שָׁ֜מָּ/ה	8033	HD/Sd
Ezek 47:9	הַ/מַּ֣יִם	d/4325	HTd/Ncmpa
Ezek 47:9	הָ/אֵ֗לֶּה	d/428	HTd/Pdxcp
Ezek 47:9	וְ/יֵרָֽפְאוּ֙	c/7495	HC/VNi3mp
Ezek 47:9	וָ/חָ֔י	c/2425	HC/Vqq3ms
Ezek 47:9	כֹּ֛ל	3605	HNcmsa
Ezek 47:9	אֲשֶׁר	834 a	HTr
Ezek 47:9	יָ֥בוֹא	935	HVqi3ms
Ezek 47:9	שָׁ֖מָּ/ה	8033	HD/Sd
Ezek 47:9	הַ/נָּֽחַל	d/5158 a	HTd/Ncmsa
Ezek 47:10	וְ/הָיָה֩	c/1961	HC/Vqq3ms
Ezek 47:10	יעמדו	5975	HVqi3mp
Ezek 47:10	עָלָ֜י/ו	5921 a	HR/Sp3ms
Ezek 47:10	דַּוָּגִ֗ים	1728	HNcmpa
Ezek 47:10	מֵ/עֵ֥ין	m/5872+	HR/Np
Ezek 47:10	גֶּ֨דִי֙	5872	HNp
Ezek 47:10	וְ/עַד	c/5704	HC/R
Ezek 47:10	עֵ֣ין	5882+	HNp
Ezek 47:10	עֶגְלַ֔יִם	5882	HNp
Ezek 47:10	מִשְׁט֥וֹחַ	4894 b	HNcmsa
Ezek 47:10	לַֽ/חֲרָמִ֖ים	l/2764 b	HR/Ncmpa
Ezek 47:10	יִהְי֑וּ	1961	HVqi3mp
Ezek 47:10	לְ/מִינָ/ה֙	l/4327	HR/Ncmsc/Sp3fs
Ezek 47:10	תִּהְיֶ֣ה	1961	HVqi3fs
Ezek 47:10	דְגָתָ֔/ם	1710	HNcfsc/Sp3mp
Ezek 47:10	כִּ/דְגַ֛ת	k/1710	HR/Ncfsc
Ezek 47:10	הַ/יָּ֥ם	d/3220	HTd/Ncmsa
Ezek 47:10	הַ/גָּד֖וֹל	d/1419 a	HTd/Aamsa
Ezek 47:10	רַבָּ֥ה	7227 a	HAafsa
Ezek 47:10	מְאֹֽד	3966	HD
Ezek 47:11	בצאת/ו	1207	HNcfsc/Sp3ms
Ezek 47:11	וּ/גְבָאָ֛י/ו	c/1360	HC/Ncmpc/Sp3ms
Ezek 47:11	וְ/לֹ֥א	c/3808	HC/Tn
Ezek 47:11	יֵרָפְא֖וּ	7495	HVNi3mp
Ezek 47:11	לְ/מֶ֥לַח	l/4417	HR/Ncmsa
Ezek 47:11	נִתָּֽנוּ	5414	HVNp3cp
Ezek 47:12	וְ/עַל	c/5921 a	HC/R
Ezek 47:12	הַ/נַּ֣חַל	d/5158 a	HTd/Ncmsa
Ezek 47:12	יַעֲלֶ֣ה	5927	HVqi3ms
Ezek 47:12	עַל	5921 a	HR
Ezek 47:12	שְׂפָת֣/וֹ	8193	HNcfsc/Sp3ms
Ezek 47:12	מִ/זֶּ֣ה	m/2088	HR/Pdxms
Ezek 47:12	וּ/מִ/זֶּ֣ה	c/m/2088	HC/R/Pdxms
Ezek 47:12	כָּל	3605	HNcmsc
Ezek 47:12	עֵֽץ	6086	HNcmsc
Ezek 47:12	מַ֠אֲכָל	3978	HNcmsa
Ezek 47:12	לֹא	3808	HTn
Ezek 47:12	יִבּ֨וֹל	5034 b	HVqi3ms
Ezek 47:12	עָלֵ֜/הוּ	5929	HNcmsc/Sp3ms
Ezek 47:12	וְ/לֹֽא	c/3808	HC/Tn
Ezek 47:12	יִתֹּ֣ם	8552	HVqi3ms
Ezek 47:12	פִּרְי֗/וֹ	6529	HNcmsc/Sp3ms
Ezek 47:12	לָֽ/חֳדָשָׁי/ו֙	l/2320	HR/Ncmpc/Sp3ms
Ezek 47:12	יְבַכֵּ֔ר	1069	HVpi3ms
Ezek 47:12	כִּ֣י	3588 a	HC
Ezek 47:12	מֵימָ֔י/ו	4325	HNcmpc/Sp3ms
Ezek 47:12	מִן	4480 a	HR
Ezek 47:12	הַ/מִּקְדָּ֖שׁ	d/4720	HTd/Ncmsa
Ezek 47:12	הֵ֣מָּה	1992	HPp3mp
Ezek 47:12	יֽוֹצְאִ֑ים	3318	HVqrmpa
Ezek 47:12	ו/היו	c/1961	HC/Vqq3cp
Ezek 47:12	פִרְי/וֹ֙	6529	HNcmsc/Sp3ms
Ezek 47:12	לְ/מַֽאֲכָ֔ל	l/3978	HR/Ncmsa
Ezek 47:12	וְ/עָלֵ֖/הוּ	c/5929	HC/Ncmsc/Sp3ms
Ezek 47:12	לִ/תְרוּפָֽה	l/8644	HR/Ncfsa
Ezek 47:13	כֹּ֤ה	3541	HD
Ezek 47:13	אָמַר֙	559	HVqp3ms
Ezek 47:13	אֲדֹנָ֣/י	136	HNcmpc/Sp1cs
Ezek 47:13	יְהוִ֔ה	3069	HNp
Ezek 47:13	גֵּ֤ה	1454	HPdxms
Ezek 47:13	גְבוּל֙	1366	HNcmsa
Ezek 47:13	אֲשֶׁ֣ר	834 a	HTr
Ezek 47:13	תִּתְנַחֲל֣וּ	5157	HVti2mp
Ezek 47:13	אֶת	853	HTo
Ezek 47:13	הָ/אָ֔רֶץ	d/776	HTd/Ncbsa
Ezek 47:13	לִ/שְׁנֵ֥י	l/8147	HR/Acmdc
Ezek 47:13	עָשָׂ֖ר	6240	HAcmsa
Ezek 47:13	שִׁבְטֵ֣י	7626	HNcmpc
Ezek 47:13	יִשְׂרָאֵ֑ל	3478	HNp
Ezek 47:13	יוֹסֵ֖ף	3130	HNp
Ezek 47:13	חֲבָלִֽים	2256 a	HNcbpa
Ezek 47:14	וּ/נְחַלְתֶּ֤ם	c/5157	HC/Vqq2mp
Ezek 47:14	אוֹתָ/הּ֙	853	HTo/Sp3fs
Ezek 47:14	אִ֣ישׁ	376	HNcmsa
Ezek 47:14	כְּ/אָחִ֔י/ו	k/251	HR/Ncmsc/Sp3ms
Ezek 47:14	אֲשֶׁ֤ר	834 a	HTr
Ezek 47:14	נָשָׂ֨אתִי֙	5375	HVqp1cs
Ezek 47:14	אֶת	853	HTo
Ezek 47:14	יָדִ֔/י	3027	HNcbsc/Sp1cs
Ezek 47:14	לְ/תִתָּ֖/הּ	l/5414	HR/Vqc/Sp3fs
Ezek 47:14	לַ/אֲבֹֽתֵי/כֶ֑ם	l/1	HR/Ncmpc/Sp2mp
Ezek 47:14	וְ/נָ֨פְלָ֜ה	c/5307	HC/Vqq3fs
Ezek 47:14	הָ/אָ֧רֶץ	d/776	HTd/Ncbsa
Ezek 47:14	הַ/זֹּ֛את	d/2063	HTd/Pdxfs
Ezek 47:14	לָ/כֶ֖ם	l	HR/Sp2mp
Ezek 47:14	בְּ/נַחֲלָֽה	b/5159	HR/Ncfsa
Ezek 47:15	וְ/זֶ֖ה	c/2088	HC/Pdxms
Ezek 47:15	גְּב֣וּל	1366	HNcmsc
Ezek 47:15	הָ/אָ֑רֶץ	d/776	HTd/Ncbsa
Ezek 47:15	לִ/פְאַ֨ת	l/6285	HR/Ncfsc
Ezek 47:15	צָפ֜וֹנָ/ה	6828	HNcfsa/Sd
Ezek 47:15	מִן	4480 a	HR
Ezek 47:15	הַ/יָּ֧ם	d/3220	HTd/Ncmsa
Ezek 47:15	הַ/גָּד֛וֹל	d/1419 a	HTd/Aamsa
Ezek 47:15	הַ/דֶּ֥רֶךְ	d/1870	HTd/Ncbsa
Ezek 47:15	חֶתְלֹ֖ן	2855	HNp
Ezek 47:15	לְב֥וֹא	935	HNp
Ezek 47:15	צְדָֽדָ/ה	6657	HNp/Sd
Ezek 47:16	חֲמָ֤ת	2574	HNp
Ezek 47:16	בֵּר֨וֹתָה֙	1268 a	HNp
Ezek 47:16	סִבְרַ֔יִם	5453	HNp
Ezek 47:16	אֲשֶׁר֙	834 a	HTr
Ezek 47:16	בֵּין	996	HR
Ezek 47:16	גְּב֣וּל	1366	HNcmsc
Ezek 47:16	דַּמֶּ֔שֶׂק	1834	HNp
Ezek 47:16	וּ/בֵ֖ין	c/996	HC/R
Ezek 47:16	גְּב֣וּל	1366	HNcmsc
Ezek 47:16	חֲמָ֑ת	2574	HNp
Ezek 47:16	חָצֵר֙	2694+	HNp
Ezek 47:16	הַתִּיכ֔וֹן	2694	HNp
Ezek 47:16	אֲשֶׁ֖ר	834 a	HTr
Ezek 47:16	אֶל	413	HR
Ezek 47:16	גְּב֥וּל	1366	HNcmsc
Ezek 47:16	חַוְרָֽן	2362	HNp
Ezek 47:17	וְ/הָיָ֨ה	c/1961	HC/Vqq3ms
Ezek 47:17	גְב֜וּל	1366	HNcmsa
Ezek 47:17	מִן	4480 a	HR
Ezek 47:17	הַ/יָּ֗ם	d/3220	HTd/Ncmsa
Ezek 47:17	חֲצַ֤ר	2703+	HNp
Ezek 47:17	עֵינוֹן֙	2703	HNp
Ezek 47:17	גְּב֣וּל	1366	HNcmsc
Ezek 47:17	דַּמֶּ֔שֶׂק	1834	HNp
Ezek 47:17	וְ/צָפ֥וֹן	c/6828	HC/Ncfsa
Ezek 47:17	צָפ֖וֹנָ/ה	6828	HNcfsa/Sd
Ezek 47:17	וּ/גְב֣וּל	c/1366	HC/Ncmsc
Ezek 47:17	חֲמָ֑ת	2574	HNp
Ezek 47:17	וְ/אֵ֖ת	c/853	HC/To
Ezek 47:17	פְּאַ֥ת	6285	HNcfsc
Ezek 47:17	צָפֽוֹן	6828	HNcfsa
Ezek 47:18	וּ/פְאַ֣ת	c/6285	HC/Ncfsc
Ezek 47:18	קָדִ֡ים	6921	HNcmsa
Ezek 47:18	מִ/בֵּ֣ין	m/996	HR/R
Ezek 47:18	חַוְרָ֣ן	2362	HNp
Ezek 47:18	וּ/מִ/בֵּין	c/m/996	HC/R/R
Ezek 47:18	דַּמֶּשֶׂק֩	1834	HNp
Ezek 47:18	וּ/מִ/בֵּ֨ין	c/m/996	HC/R/R
Ezek 47:18	הַ/גִּלְעָ֜ד	d/1568	HTd/Np
Ezek 47:18	וּ/מִ/בֵּ֨ין	c/m/996	HC/R/R
Ezek 47:18	אֶ֤רֶץ	776	HNcbsc
Ezek 47:18	יִשְׂרָאֵל֙	3478	HNp
Ezek 47:18	הַ/יַּרְדֵּ֔ן	d/3383	HTd/Np
Ezek 47:18	מִ/גְּב֛וּל	m/1366	HR/Ncmsa
Ezek 47:18	עַל	5921 a	HR
Ezek 47:18	הַ/יָּ֥ם	d/3220	HTd/Ncmsa
Ezek 47:18	הַ/קַּדְמוֹנִ֖י	d/6931	HTd/Aamsa
Ezek 47:18	תָּמֹ֑דּוּ	4058	HVqi2mp
Ezek 47:18	וְ/אֵ֖ת	c/853	HC/To
Ezek 47:18	פְּאַ֥ת	6285	HNcfsc
Ezek 47:18	קָדִֽימָ/ה	6921	HNcmsa/Sd
Ezek 47:19	וּ/פְאַת֙	c/6285	HC/Ncfsc
Ezek 47:19	נֶ֣גֶב	5045	HNcmsa
Ezek 47:19	תֵּימָ֔נָ/ה	8486	HNcfsa/Sd
Ezek 47:19	מִ/תָּמָ֗ר	m/8559	HR/Np
Ezek 47:19	עַד	5704	HR
Ezek 47:19	מֵי֙	4325	HNcmpc
Ezek 47:19	מְרִיב֣וֹת	4808	HNp
Ezek 47:19	קָדֵ֔שׁ	6946	HNp
Ezek 47:19	נַחֲלָ֖ה	5158 a	HNp
Ezek 47:19	אֶל	413	HR
Ezek 47:19	הַ/יָּ֣ם	d/3220	HTd/Ncmsa
Ezek 47:19	הַ/גָּד֑וֹל	d/1419 a	HTd/Aamsa
Ezek 47:19	וְ/אֵ֥ת	c/853	HC/To
Ezek 47:19	פְּאַת	6285	HNcfsc
Ezek 47:19	תֵּימָ֖נָ/ה	8486	HNcfsa/Sd
Ezek 47:19	נֶֽגְבָּ/ה	5045	HNcmsa/Sd
Ezek 47:20	וּ/פְאַת	c/6285	HC/Ncfsc
Ezek 47:20	יָם֙	3220	HNcmsa
Ezek 47:20	הַ/יָּ֣ם	d/3220	HTd/Ncmsa
Ezek 47:20	הַ/גָּד֔וֹל	d/1419 a	HTd/Aamsa
Ezek 47:20	מִ/גְּב֕וּל	m/1366	HR/Ncmsa
Ezek 47:20	עַד	5704	HR
Ezek 47:20	נֹ֖כַח	5227	HR
Ezek 47:20	לְב֣וֹא	935	HNp
Ezek 47:20	חֲמָ֑ת	2574	HNp
Ezek 47:20	זֹ֖את	2063	HPdxfs
Ezek 47:20	פְּאַת	6285	HNcfsc
Ezek 47:20	יָֽם	3220	HNcmsa
Ezek 47:21	וְ/חִלַּקְתֶּ֞ם	c/2505 a	HC/Vpq2mp
Ezek 47:21	אֶת	853	HTo
Ezek 47:21	הָ/אָ֧רֶץ	d/776	HTd/Ncbsa
Ezek 47:21	הַ/זֹּ֛את	d/2063	HTd/Pdxfs
Ezek 47:21	לָ/כֶ֖ם	l	HR/Sp2mp
Ezek 47:21	לְ/שִׁבְטֵ֥י	l/7626	HR/Ncmpc
Ezek 47:21	יִשְׂרָאֵֽל	3478	HNp
Ezek 47:22	וְ/הָיָ֗ה	c/1961	HC/Vqq3ms
Ezek 47:22	תַּפִּ֣לוּ	5307	HVhi2mp
Ezek 47:22	אוֹתָ/הּ֮	853	HTo/Sp3fs
Ezek 47:22	בְּ/נַחֲלָה֒	b/5159	HR/Ncfsa
Ezek 47:22	לָ/כֶ֗ם	l	HR/Sp2mp
Ezek 47:22	וּ/לְ/הַ/גֵּרִים֙	c/l/d/1616	HC/R/Td/Ncmpa
Ezek 47:22	הַ/גָּרִ֣ים	d/1481 a	HTd/Vqrmpa
Ezek 47:22	בְּ/תוֹכְ/כֶ֔ם	b/8432	HR/Ncmsc/Sp2mp
Ezek 47:22	אֲשֶׁר	834 a	HTr
Ezek 47:22	הוֹלִ֥דוּ	3205	HVhp3cp
Ezek 47:22	בָנִ֖ים	1121 a	HNcmpa
Ezek 47:22	בְּ/תֽוֹכְ/כֶ֑ם	b/8432	HR/Ncmsc/Sp2mp
Ezek 47:22	וְ/הָי֣וּ	c/1961	HC/Vqq3cp
Ezek 47:22	לָ/כֶ֗ם	l	HR/Sp2mp
Ezek 47:22	כְּ/אֶזְרָח֙	k/249	HR/Ncmsa
Ezek 47:22	בִּ/בְנֵ֣י	b/1121 a	HR/Ncmpc
Ezek 47:22	יִשְׂרָאֵ֔ל	3478	HNp
Ezek 47:22	אִתְּ/כֶם֙	854	HR/Sp2mp
Ezek 47:22	יִפְּל֣וּ	5307	HVqi3mp
Ezek 47:22	בְ/נַחֲלָ֔ה	b/5159	HR/Ncfsa
Ezek 47:22	בְּ/ת֖וֹךְ	b/8432	HR/Ncmsc
Ezek 47:22	שִׁבְטֵ֥י	7626	HNcmpc
Ezek 47:22	יִשְׂרָאֵֽל	3478	HNp
Ezek 47:23	וְ/הָיָ֣ה	c/1961	HC/Vqq3ms
Ezek 47:23	בַ/שֵּׁ֔בֶט	b/7626	HRd/Ncmsa
Ezek 47:23	אֲשֶׁר	834 a	HTr
Ezek 47:23	גָּ֥ר	1481 a	HVqp3ms
Ezek 47:23	הַ/גֵּ֖ר	d/1616	HTd/Ncmsa
Ezek 47:23	אִתּ֑/וֹ	854	HR/Sp3ms
Ezek 47:23	שָׁ֚ם	8033	HD
Ezek 47:23	תִּתְּנ֣וּ	5414	HVqi2mp
Ezek 47:23	נַחֲלָת֔/וֹ	5159	HNcfsc/Sp3ms
Ezek 47:23	נְאֻ֖ם	5002	HNcmsc
Ezek 47:23	אֲדֹנָ֥/י	136	HNcmpc/Sp1cs
Ezek 47:23	יְהוִֽה	3069	HNp
Ezek 48:1	וְ/אֵ֖לֶּה	c/428	HC/Pdxcp
Ezek 48:1	שְׁמ֣וֹת	8034	HNcmpc
Ezek 48:1	הַ/שְּׁבָטִ֑ים	d/7626	HTd/Ncmpa
Ezek 48:1	מִ/קְצֵ֣ה	m/7097 a	HR/Ncbsc
Ezek 48:1	צָפ֡וֹנָ/ה	6828	HNcfsa/Sd
Ezek 48:1	אֶל	413	HR
Ezek 48:1	יַ֣ד	3027	HNcbsc
Ezek 48:1	דֶּֽרֶךְ	1870	HNcbsc
Ezek 48:1	חֶתְלֹ֣ן	2855	HNp
Ezek 48:1	לְֽבוֹא	935	HNp
Ezek 48:1	חֲמָ֡ת	2574	HNp
Ezek 48:1	חֲצַ֣ר	2704+	HNp
Ezek 48:1	עֵינָן֩	2704	HNp
Ezek 48:1	גְּב֨וּל	1366	HNcmsc
Ezek 48:1	דַּמֶּ֤שֶׂק	1834	HNp
Ezek 48:1	צָפ֨וֹנָ/ה֙	6828	HNcfsa/Sd
Ezek 48:1	אֶל	413	HR
Ezek 48:1	יַ֣ד	3027	HNcbsc
Ezek 48:1	חֲמָ֔ת	2574	HNp
Ezek 48:1	וְ/הָיוּ	c/1961	HC/Vqq3cp
Ezek 48:1	ל֧/וֹ	l	HR/Sp3ms
Ezek 48:1	פְאַת	6285	HNcfsc
Ezek 48:1	קָדִ֛ים	6921	HNcmsa
Ezek 48:1	הַ/יָּ֖ם	d/3220	HTd/Ncmsa
Ezek 48:1	דָּ֥ן	1835	HNp
Ezek 48:1	אֶחָֽד	259	HAcmsa
Ezek 48:2	וְ/עַ֣ל	c/5921 a	HC/R
Ezek 48:2	גְּב֣וּל	1366	HNcmsc
Ezek 48:2	דָּ֗ן	1835	HNp
Ezek 48:2	מִ/פְּאַ֥ת	m/6285	HR/Ncfsc
Ezek 48:2	קָדִ֛ים	6921	HNcmsa
Ezek 48:2	עַד	5704	HR
Ezek 48:2	פְּאַת	6285	HNcfsc
Ezek 48:2	יָ֖מָּ/ה	3220	HNcmsa/Sd
Ezek 48:2	אָשֵׁ֥ר	836	HNp
Ezek 48:2	אֶחָֽד	259	HAcmsa
Ezek 48:3	וְ/עַ֣ל	c/5921 a	HC/R
Ezek 48:3	גְּב֣וּל	1366	HNcmsc
Ezek 48:3	אָשֵׁ֗ר	836	HNp
Ezek 48:3	מִ/פְּאַ֥ת	m/6285	HR/Ncfsc
Ezek 48:3	קָדִ֛ימָ/ה	6921	HNcmsa/Sd
Ezek 48:3	וְ/עַד	c/5704	HC/R
Ezek 48:3	פְּאַת	6285	HNcfsc
Ezek 48:3	יָ֖מָּ/ה	3220	HNcmsa/Sd
Ezek 48:3	נַפְתָּלִ֥י	5321	HNp
Ezek 48:3	אֶחָֽד	259	HAcmsa
Ezek 48:4	וְ/עַ֣ל	c/5921 a	HC/R
Ezek 48:4	גְּב֣וּל	1366	HNcmsc
Ezek 48:4	נַפְתָּלִ֗י	5321	HNp
Ezek 48:4	מִ/פְּאַ֥ת	m/6285	HR/Ncfsc
Ezek 48:4	קָדִ֛מָ/ה	6921	HNcmsa/Sd
Ezek 48:4	עַד	5704	HR
Ezek 48:4	פְּאַת	6285	HNcfsc
Ezek 48:4	יָ֖מָּ/ה	3220	HNcmsa/Sd
Ezek 48:4	מְנַשֶּׁ֥ה	4519	HNp
Ezek 48:4	אֶחָֽד	259	HAcmsa
Ezek 48:5	וְ/עַ֣ל	c/5921 a	HC/R
Ezek 48:5	גְּב֣וּל	1366	HNcmsc
Ezek 48:5	מְנַשֶּׁ֗ה	4519	HNp
Ezek 48:5	מִ/פְּאַ֥ת	m/6285	HR/Ncfsc
Ezek 48:5	קָדִ֛מָ/ה	6921	HNcmsa/Sd
Ezek 48:5	עַד	5704	HR
Ezek 48:5	פְּאַת	6285	HNcfsc
Ezek 48:5	יָ֖מָּ/ה	3220	HNcmsa/Sd
Ezek 48:5	אֶפְרַ֥יִם	669	HNp
Ezek 48:5	אֶחָֽד	259	HAcmsa
Ezek 48:6	וְ/עַ֣ל	c/5921 a	HC/R
Ezek 48:6	גְּב֣וּל	1366	HNcmsc
Ezek 48:6	אֶפְרַ֗יִם	669	HNp
Ezek 48:6	מִ/פְּאַ֥ת	m/6285	HR/Ncfsc
Ezek 48:6	קָדִ֛ים	6921	HNcmsa
Ezek 48:6	וְ/עַד	c/5704	HC/R
Ezek 48:6	פְּאַת	6285	HNcfsc
Ezek 48:6	יָ֖מָּ/ה	3220	HNcmsa/Sd
Ezek 48:6	רְאוּבֵ֥ן	7205	HNp
Ezek 48:6	אֶחָֽד	259	HAcmsa
Ezek 48:7	וְ/עַ֣ל	c/5921 a	HC/R
Ezek 48:7	גְּב֣וּל	1366	HNcmsc
Ezek 48:7	רְאוּבֵ֗ן	7205	HNp
Ezek 48:7	מִ/פְּאַ֥ת	m/6285	HR/Ncfsc
Ezek 48:7	קָדִ֛ים	6921	HNcmsa
Ezek 48:7	עַד	5704	HR
Ezek 48:7	פְּאַת	6285	HNcfsc
Ezek 48:7	יָ֖מָּ/ה	3220	HNcmsa/Sd
Ezek 48:7	יְהוּדָ֥ה	3063	HNp
Ezek 48:7	אֶחָֽד	259	HAcmsa
Ezek 48:8	וְ/עַל֙	c/5921 a	HC/R
Ezek 48:8	גְּב֣וּל	1366	HNcmsc
Ezek 48:8	יְהוּדָ֔ה	3063	HNp
Ezek 48:8	מִ/פְּאַ֥ת	m/6285	HR/Ncfsc
Ezek 48:8	קָדִ֖ים	6921	HNcmsa
Ezek 48:8	עַד	5704	HR
Ezek 48:8	פְּאַת	6285	HNcfsc
Ezek 48:8	יָ֑מָּ/ה	3220	HNcmsa/Sd
Ezek 48:8	תִּהְיֶ֣ה	1961	HVqi3fs
Ezek 48:8	הַ/תְּרוּמָ֣ה	d/8641	HTd/Ncfsa
Ezek 48:8	אֲֽשֶׁר	834 a	HTr
Ezek 48:8	תָּרִ֡ימוּ	7311 a	HVhi2mp
Ezek 48:8	חֲמִשָּׁה֩	2568	HAcmsa
Ezek 48:8	וְ/עֶשְׂרִ֨ים	c/6242	HC/Acbpa
Ezek 48:8	אֶ֜לֶף	505	HAcbsa
Ezek 48:8	רֹ֗חַב	7341	HNcmsa
Ezek 48:8	וְ/אֹ֜רֶךְ	c/753	HC/Ncmsa
Ezek 48:8	כְּ/אַחַ֤ד	k/259	HR/Acmsc
Ezek 48:8	הַ/חֲלָקִים֙	d/2506 a	HTd/Ncmpa
Ezek 48:8	מִ/פְּאַ֤ת	m/6285	HR/Ncfsc
Ezek 48:8	קָדִ֨ימָ/ה֙	6921	HNcmsa/Sd
Ezek 48:8	עַד	5704	HR
Ezek 48:8	פְּאַת	6285	HNcfsc
Ezek 48:8	יָ֔מָּ/ה	3220	HNcmsa/Sd
Ezek 48:8	וְ/הָיָ֥ה	c/1961	HC/Vqq3ms
Ezek 48:8	הַ/מִּקְדָּ֖שׁ	d/4720	HTd/Ncmsa
Ezek 48:8	בְּ/תוֹכֽ/וֹ	b/8432	HR/Ncmsc/Sp3ms
Ezek 48:9	הַ/תְּרוּמָ֕ה	d/8641	HTd/Ncfsa
Ezek 48:9	אֲשֶׁ֥ר	834 a	HTr
Ezek 48:9	תָּרִ֖ימוּ	7311 a	HVhi2mp
Ezek 48:9	לַֽ/יהוָ֑ה	l/3068	HR/Np
Ezek 48:9	אֹ֗רֶךְ	753	HNcmsc
Ezek 48:9	חֲמִשָּׁ֤ה	2568	HAcmsa
Ezek 48:9	וְ/עֶשְׂרִים֙	c/6242	HC/Acbpa
Ezek 48:9	אֶ֔לֶף	505	HAcbsa
Ezek 48:9	וְ/רֹ֖חַב	c/7341	HC/Ncmsa
Ezek 48:9	עֲשֶׂ֥רֶת	6235	HAcmsc
Ezek 48:9	אֲלָפִֽים	505	HAcbpa
Ezek 48:10	וּ֠/לְ/אֵ֜לֶּה	c/l/428	HC/R/Pdxcp
Ezek 48:10	תִּהְיֶ֣ה	1961	HVqi3fs
Ezek 48:10	תְרֽוּמַת	8641	HNcfsc
Ezek 48:10	הַ/קֹּדֶשׁ֮	d/6944	HTd/Ncmsa
Ezek 48:10	לַ/כֹּֽהֲנִים֒	l/3548	HRd/Ncmpa
Ezek 48:10	צָפ֜וֹנָ/ה	6828	HNcfsa/Sd
Ezek 48:10	חֲמִשָּׁ֧ה	2568	HAcmsa
Ezek 48:10	וְ/עֶשְׂרִ֣ים	c/6242	HC/Acbpa
Ezek 48:10	אֶ֗לֶף	505	HAcbsa
Ezek 48:10	וְ/יָ֨מָּ/ה֙	c/3220	HC/Ncmsa/Sd
Ezek 48:10	רֹ֚חַב	7341	HNcmsa
Ezek 48:10	עֲשֶׂ֣רֶת	6235	HAcmsc
Ezek 48:10	אֲלָפִ֔ים	505	HAcbpa
Ezek 48:10	וְ/קָדִ֗ימָ/ה	c/6921	HC/Ncmsa/Sd
Ezek 48:10	רֹ֚חַב	7341	HNcmsa
Ezek 48:10	עֲשֶׂ֣רֶת	6235	HAcmsc
Ezek 48:10	אֲלָפִ֔ים	505	HAcbpa
Ezek 48:10	וְ/נֶ֕גְבָּ/ה	c/5045	HC/Ncmsa/Sd
Ezek 48:10	אֹ֕רֶךְ	753	HNcmsc
Ezek 48:10	חֲמִשָּׁ֥ה	2568	HAcmsa
Ezek 48:10	וְ/עֶשְׂרִ֖ים	c/6242	HC/Acbpa
Ezek 48:10	אָ֑לֶף	505	HAcbsa
Ezek 48:10	וְ/הָיָ֥ה	c/1961	HC/Vqq3ms
Ezek 48:10	מִקְדַּשׁ	4720	HNcmsc
Ezek 48:10	יְהוָ֖ה	3068	HNp
Ezek 48:10	בְּ/תוֹכֽ/וֹ	b/8432	HR/Ncmsc/Sp3ms
Ezek 48:11	לַ/כֹּהֲנִ֤ים	l/3548	HRd/Ncmpa
Ezek 48:11	הַֽ/מְקֻדָּשׁ֙	d/6942	HTd/VPsmsa
Ezek 48:11	מִ/בְּנֵ֣י	m/1121 a	HR/Ncmpc
Ezek 48:11	צָד֔וֹק	6659	HNp
Ezek 48:11	אֲשֶׁ֥ר	834 a	HTr
Ezek 48:11	שָׁמְר֖וּ	8104	HVqp3cp
Ezek 48:11	מִשְׁמַרְתִּ֑/י	4931	HNcfsc/Sp1cs
Ezek 48:11	אֲשֶׁ֣ר	834 a	HTr
Ezek 48:11	לֹֽא	3808	HTn
Ezek 48:11	תָע֗וּ	8582	HVqp3cp
Ezek 48:11	בִּ/תְעוֹת֙	b/8582	HR/Vqc
Ezek 48:11	בְּנֵ֣י	1121 a	HNcmpc
Ezek 48:11	יִשְׂרָאֵ֔ל	3478	HNp
Ezek 48:11	כַּ/אֲשֶׁ֥ר	k/834 d	HR/Tr
Ezek 48:11	תָּע֖וּ	8582	HVqp3cp
Ezek 48:11	הַ/לְוִיִּֽם	d/3881	HTd/Ngmpa
Ezek 48:12	וְ/הָיְתָ֨ה	c/1961	HC/Vqq3fs
Ezek 48:12	לָ/הֶ֧ם	l	HR/Sp3mp
Ezek 48:12	תְּרוּמִיָּ֛ה	8642	HNcfsa
Ezek 48:12	מִ/תְּרוּמַ֥ת	m/8641	HR/Ncfsc
Ezek 48:12	הָ/אָ֖רֶץ	d/776	HTd/Ncbsa
Ezek 48:12	קֹ֣דֶשׁ	6944	HNcmsc
Ezek 48:12	קָדָשִׁ֑ים	6944	HNcmpa
Ezek 48:12	אֶל	413	HR
Ezek 48:12	גְּב֖וּל	1366	HNcmsc
Ezek 48:12	הַ/לְוִיִּֽם	d/3881	HTd/Ngmpa
Ezek 48:13	וְ/הַ/לְוִיִּ֗ם	c/d/3881	HC/Td/Ngmpa
Ezek 48:13	לְ/עֻמַּת֙	l/5980	HR/Ncfsc
Ezek 48:13	גְּב֣וּל	1366	HNcmsc
Ezek 48:13	הַ/כֹּהֲנִ֔ים	d/3548	HTd/Ncmpa
Ezek 48:13	חֲמִשָּׁ֨ה	2568	HAcmsa
Ezek 48:13	וְ/עֶשְׂרִ֥ים	c/6242	HC/Acbpa
Ezek 48:13	אֶ֨לֶף֙	505	HAcbsa
Ezek 48:13	אֹ֔רֶךְ	753	HNcmsa
Ezek 48:13	וְ/רֹ֖חַב	c/7341	HC/Ncmsa
Ezek 48:13	עֲשֶׂ֣רֶת	6235	HAcmsc
Ezek 48:13	אֲלָפִ֑ים	505	HAcbpa
Ezek 48:13	כָּל	3605	HNcmsc
Ezek 48:13	אֹ֗רֶךְ	753	HNcmsa
Ezek 48:13	חֲמִשָּׁ֤ה	2568	HAcmsa
Ezek 48:13	וְ/עֶשְׂרִים֙	c/6242	HC/Acbpa
Ezek 48:13	אֶ֔לֶף	505	HAcbsa
Ezek 48:13	וְ/רֹ֖חַב	c/7341	HC/Ncmsa
Ezek 48:13	עֲשֶׂ֥רֶת	6235	HAcmsc
Ezek 48:13	אֲלָפִֽים	505	HAcbpa
Ezek 48:14	וְ/לֹא	c/3808	HC/Tn
Ezek 48:14	יִמְכְּר֣וּ	4376	HVqi3mp
Ezek 48:14	מִמֶּ֗/נּוּ	4480 a	HR/Sp1cp
Ezek 48:14	וְ/לֹ֥א	c/3808	HC/Tn
Ezek 48:14	יָמֵ֛ר	4171	HVhj3ms
Ezek 48:14	וְ/לֹ֥א	c/3808	HC/Tn
Ezek 48:14	יעבור	5674 a	HVqi3ms
Ezek 48:14	רֵאשִׁ֣ית	7225	HNcfsc
Ezek 48:14	הָ/אָ֑רֶץ	d/776	HTd/Ncbsa
Ezek 48:14	כִּי	3588 a	HC
Ezek 48:14	קֹ֖דֶשׁ	6944	HNcmsa
Ezek 48:14	לַ/יהוָֽה	l/3068	HR/Np
Ezek 48:15	וַ/חֲמֵ֨שֶׁת	c/2568	HC/Acmsc
Ezek 48:15	אֲלָפִ֜ים	505	HAcbpa
Ezek 48:15	הַ/נּוֹתָ֣ר	d/3498	HTd/VNrmsa
Ezek 48:15	בָּ/רֹ֗חַב	b/7341	HRd/Ncmsa
Ezek 48:15	עַל	5921 a	HR
Ezek 48:15	פְּנֵ֨י	6440	HNcbpc
Ezek 48:15	חֲמִשָּׁ֤ה	2568	HAcmsa
Ezek 48:15	וְ/עֶשְׂרִים֙	c/6242	HC/Acbpa
Ezek 48:15	אֶ֔לֶף	505	HAcbsa
Ezek 48:15	חֹֽל	2455	HNcmsa
Ezek 48:15	ה֣וּא	1931	HPp3ms
Ezek 48:15	לָ/עִ֔יר	l/5892 b	HRd/Ncfsa
Ezek 48:15	לְ/מוֹשָׁ֖ב	l/4186	HR/Ncmsa
Ezek 48:15	וּ/לְ/מִגְרָ֑שׁ	c/l/4054	HC/R/Ncmsa
Ezek 48:15	וְ/הָיְתָ֥ה	c/1961	HC/Vqq3fs
Ezek 48:15	הָ/עִ֖יר	d/5892 b	HTd/Ncfsa
Ezek 48:15	ב/תוכ/ה	b/8432	HR/Ncmsc/Sp3fs
Ezek 48:16	וְ/אֵלֶּה֮	c/428	HC/Pdxcp
Ezek 48:16	מִדּוֹתֶי/הָ֒	4060 a	HNcfpc/Sp3fs
Ezek 48:16	פְּאַ֣ת	6285	HNcfsc
Ezek 48:16	צָפ֗וֹן	6828	HNcfsa
Ezek 48:16	חֲמֵ֤שׁ	2568	HAcfsa
Ezek 48:16	מֵאוֹת֙	3967	HAcbpa
Ezek 48:16	וְ/אַרְבַּ֣עַת	c/702	HC/Acmsc
Ezek 48:16	אֲלָפִ֔ים	505	HAcbpa
Ezek 48:16	וּ/פְאַת	c/6285	HC/Ncfsc
Ezek 48:16	נֶ֕גֶב	5045	HNcmsa
Ezek 48:16	חֲמֵ֥שׁ	2568	HAcfsa
Ezek 48:16	חמש	2568	HAcfsa
Ezek 48:16	מֵא֖וֹת	3967	HAcbpa
Ezek 48:16	וְ/אַרְבַּ֣עַת	c/702	HC/Acmsc
Ezek 48:16	אֲלָפִ֑ים	505	HAcbpa
Ezek 48:16	וּ/מִ/פְּאַ֣ת	c/m/6285	HC/R/Ncfsc
Ezek 48:16	קָדִ֗ים	6921	HNcmsa
Ezek 48:16	חֲמֵ֤שׁ	2568	HAcfsa
Ezek 48:16	מֵאוֹת֙	3967	HAcbpa
Ezek 48:16	וְ/אַרְבַּ֣עַת	c/702	HC/Acmsc
Ezek 48:16	אֲלָפִ֔ים	505	HAcbpa
Ezek 48:16	וּ/פְאַת	c/6285	HC/Ncfsc
Ezek 48:16	יָ֕מָּ/ה	3220	HNcmsa/Sd
Ezek 48:16	חֲמֵ֥שׁ	2568	HAcfsa
Ezek 48:16	מֵא֖וֹת	3967	HAcbpa
Ezek 48:16	וְ/אַרְבַּ֥עַת	c/702	HC/Acmsc
Ezek 48:16	אֲלָפִֽים	505	HAcbpa
Ezek 48:17	וְ/הָיָ֣ה	c/1961	HC/Vqq3ms
Ezek 48:17	מִגְרָשׁ֮	4054	HNcmsa
Ezek 48:17	לָ/עִיר֒	l/5892 b	HRd/Ncfsa
Ezek 48:17	צָפ֨וֹנָ/ה֙	6828	HNcfsa/Sd
Ezek 48:17	חֲמִשִּׁ֣ים	2572	HAcbpa
Ezek 48:17	וּ/מָאתַ֔יִם	c/3967	HC/Acbda
Ezek 48:17	וְ/נֶ֖גְבָּ/ה	c/5045	HC/Ncmsa/Sd
Ezek 48:17	חֲמִשִּׁ֣ים	2572	HAcbpa
Ezek 48:17	וּ/מָאתָ֑יִם	c/3967	HC/Acbda
Ezek 48:17	וְ/קָדִ֨ימָ/ה֙	c/6921	HC/Ncmsa/Sd
Ezek 48:17	חֲמִשִּׁ֣ים	2572	HAcbpa
Ezek 48:17	וּ/מָאתַ֔יִם	c/3967	HC/Acbda
Ezek 48:17	וְ/יָ֖מָּ/ה	c/3220	HC/Ncmsa/Sd
Ezek 48:17	חֲמִשִּׁ֥ים	2572	HAcbpa
Ezek 48:17	וּ/מָאתָֽיִם	c/3967	HC/Acbda
Ezek 48:18	וְ/הַ/נּוֹתָ֨ר	c/d/3498	HC/Td/VNrmsa
Ezek 48:18	בָּ/אֹ֜רֶךְ	b/753	HRd/Ncmsa
Ezek 48:18	לְ/עֻמַּ֣ת	l/5980	HR/Ncfsc
Ezek 48:18	תְּרוּמַ֣ת	8641	HNcfsc
Ezek 48:18	הַ/קֹּ֗דֶשׁ	d/6944	HTd/Ncmsa
Ezek 48:18	עֲשֶׂ֨רֶת	6235	HAcmsc
Ezek 48:18	אֲלָפִ֤ים	505	HAcbpa
Ezek 48:18	קָדִ֨ימָ/ה֙	6921	HNcmsa/Sd
Ezek 48:18	וַ/עֲשֶׂ֤רֶת	c/6235	HC/Acmsc
Ezek 48:18	אֲלָפִים֙	505	HAcbpa
Ezek 48:18	יָ֔מָּ/ה	3220	HNcmsa/Sd
Ezek 48:18	וְ/הָיָ֕ה	c/1961	HC/Vqq3ms
Ezek 48:18	לְ/עֻמַּ֖ת	l/5980	HR/Ncfsc
Ezek 48:18	תְּרוּמַ֣ת	8641	HNcfsc
Ezek 48:18	הַ/קֹּ֑דֶשׁ	d/6944	HTd/Ncmsa
Ezek 48:18	וְ/הָיְתָ֤ה	c/1961	HC/Vqq3fs
Ezek 48:18	תבואת/ה	8393	HNcfsc/Sp3fs
Ezek 48:18	לְ/לֶ֔חֶם	l/3899	HR/Ncbsa
Ezek 48:18	לְ/עֹבְדֵ֖י	l/5647	HR/Vqrmpc
Ezek 48:18	הָ/עִֽיר	d/5892 b	HTd/Ncfsa
Ezek 48:19	וְ/הָ/עֹבֵ֖ד	c/d/5647	HC/Td/Vqrmsa
Ezek 48:19	הָ/עִ֑יר	d/5892 b	HTd/Ncfsa
Ezek 48:19	יַעַבְד֕וּ/הוּ	5647	HVqi3mp/Sp3ms
Ezek 48:19	מִ/כֹּ֖ל	m/3605	HR/Ncmsc
Ezek 48:19	שִׁבְטֵ֥י	7626	HNcmpc
Ezek 48:19	יִשְׂרָאֵֽל	3478	HNp
Ezek 48:20	כָּל	3605	HNcmsc
Ezek 48:20	הַ/תְּרוּמָ֗ה	d/8641	HTd/Ncfsa
Ezek 48:20	חֲמִשָּׁ֤ה	2568	HAcmsa
Ezek 48:20	וְ/עֶשְׂרִים֙	c/6242	HC/Acbpa
Ezek 48:20	אֶ֔לֶף	505	HAcbsa
Ezek 48:20	בַּ/חֲמִשָּׁ֥ה	b/2568	HR/Acmsa
Ezek 48:20	וְ/עֶשְׂרִ֖ים	c/6242	HC/Acbpa
Ezek 48:20	אָ֑לֶף	505	HAcbsa
Ezek 48:20	רְבִיעִ֗ית	7243	HAofsa
Ezek 48:20	תָּרִ֨ימוּ֙	7311 a	HVhi2mp
Ezek 48:20	אֶת	853	HTo
Ezek 48:20	תְּרוּמַ֣ת	8641	HNcfsc
Ezek 48:20	הַ/קֹּ֔דֶשׁ	d/6944	HTd/Ncmsa
Ezek 48:20	אֶל	413	HR
Ezek 48:20	אֲחֻזַּ֖ת	272	HNcfsc
Ezek 48:20	הָ/עִֽיר	d/5892 b	HTd/Ncfsa
Ezek 48:21	וְ/הַ/נּוֹתָ֣ר	c/d/3498	HC/Td/VNrmsa
Ezek 48:21	לַ/נָּשִׂ֣יא	l/5387 a	HRd/Ncmsa
Ezek 48:21	מִ/זֶּ֣ה	m/2088	HR/Pdxms
Ezek 48:21	וּ/מִ/זֶּ֣ה	c/m/2088	HC/R/Pdxms
Ezek 48:21	לִ/תְרֽוּמַת	l/8641	HR/Ncfsc
Ezek 48:21	הַ/קֹּ֣דֶשׁ	d/6944	HTd/Ncmsa
Ezek 48:21	וְ/לַ/אֲחֻזַּ֪ת	c/l/272	HC/R/Ncfsc
Ezek 48:21	הָ/עִ֟יר	d/5892 b	HTd/Ncfsa
Ezek 48:21	אֶל	413	HR
Ezek 48:21	פְּנֵ֣י	6440	HNcbpc
Ezek 48:21	חֲמִשָּׁה֩	2568	HAcmsa
Ezek 48:21	וְ/עֶשְׂרִ֨ים	c/6242	HC/Acbpa
Ezek 48:21	אֶ֥לֶף	505	HAcbsa
Ezek 48:21	תְּרוּמָה֮	8641	HNcfsa
Ezek 48:21	עַד	5704	HR
Ezek 48:21	גְּב֣וּל	1366	HNcmsc
Ezek 48:21	קָדִימָ/ה֒	6921	HNcmsa/Sd
Ezek 48:21	וְ/יָ֗מָּ/ה	c/3220	HC/Ncmsa/Sd
Ezek 48:21	עַל	5921 a	HR
Ezek 48:21	פְּ֠נֵי	6440	HNcbpc
Ezek 48:21	חֲמִשָּׁ֨ה	2568	HAcmsa
Ezek 48:21	וְ/עֶשְׂרִ֥ים	c/6242	HC/Acbpa
Ezek 48:21	אֶ֨לֶף֙	505	HAcbsa
Ezek 48:21	עַל	5921 a	HR
Ezek 48:21	גְּב֣וּל	1366	HNcmsc
Ezek 48:21	יָ֔מָּ/ה	3220	HNcmsa/Sd
Ezek 48:21	לְ/עֻמַּ֥ת	l/5980	HR/Ncfsc
Ezek 48:21	חֲלָקִ֖ים	2506 a	HNcmpa
Ezek 48:21	לַ/נָּשִׂ֑יא	l/5387 a	HRd/Ncmsa
Ezek 48:21	וְ/הָֽיְתָה֙	c/1961	HC/Vqq3fs
Ezek 48:21	תְּרוּמַ֣ת	8641	HNcfsc
Ezek 48:21	הַ/קֹּ֔דֶשׁ	d/6944	HTd/Ncmsa
Ezek 48:21	וּ/מִקְדַּ֥שׁ	c/4720	HC/Ncmsc
Ezek 48:21	הַ/בַּ֖יִת	d/1004 b	HTd/Ncmsa
Ezek 48:21	ב/תוכ/ה	b/8432	HR/Ncmsc/Sp3fs
Ezek 48:22	וּ/מֵ/אֲחֻזַּ֤ת	c/m/272	HC/R/Ncfsc
Ezek 48:22	הַ/לְוִיִּם֙	d/3881	HTd/Ngmpa
Ezek 48:22	וּ/מֵ/אֲחֻזַּ֣ת	c/m/272	HC/R/Ncfsc
Ezek 48:22	הָ/עִ֔יר	d/5892 b	HTd/Ncfsa
Ezek 48:22	בְּ/ת֛וֹךְ	b/8432	HR/Ncmsc
Ezek 48:22	אֲשֶׁ֥ר	834 a	HTr
Ezek 48:22	לַ/נָּשִׂ֖יא	l/5387 a	HRd/Ncmsa
Ezek 48:22	יִֽהְיֶ֑ה	1961	HVqi3ms
Ezek 48:22	בֵּ֣ין	996	HR
Ezek 48:22	גְּב֣וּל	1366	HNcmsc
Ezek 48:22	יְהוּדָ֗ה	3063	HNp
Ezek 48:22	וּ/בֵין֙	c/996	HC/R
Ezek 48:22	גְּב֣וּל	1366	HNcmsc
Ezek 48:22	בִּנְיָמִ֔ן	1144	HNp
Ezek 48:22	לַ/נָּשִׂ֖יא	l/5387 a	HRd/Ncmsa
Ezek 48:22	יִהְיֶֽה	1961	HVqi3ms
Ezek 48:23	וְ/יֶ֖תֶר	c/3499 a	HC/Ncmsc
Ezek 48:23	הַ/שְּׁבָטִ֑ים	d/7626	HTd/Ncmpa
Ezek 48:23	מִ/פְּאַ֥ת	m/6285	HR/Ncfsc
Ezek 48:23	קָדִ֛ימָ/ה	6921	HNcmsa/Sd
Ezek 48:23	עַד	5704	HR
Ezek 48:23	פְּאַת	6285	HNcfsc
Ezek 48:23	יָ֖מָּ/ה	3220	HNcmsa/Sd
Ezek 48:23	בִּנְיָמִ֥ן	1144	HNp
Ezek 48:23	אֶחָֽד	259	HAcmsa
Ezek 48:24	וְ/עַ֣ל	c/5921 a	HC/R
Ezek 48:24	גְּב֣וּל	1366	HNcmsc
Ezek 48:24	בִּנְיָמִ֗ן	1144	HNp
Ezek 48:24	מִ/פְּאַ֥ת	m/6285	HR/Ncfsc
Ezek 48:24	קָדִ֛ימָ/ה	6921	HNcmsa/Sd
Ezek 48:24	עַד	5704	HR
Ezek 48:24	פְּאַת	6285	HNcfsc
Ezek 48:24	יָ֖מָּ/ה	3220	HNcmsa/Sd
Ezek 48:24	שִׁמְע֥וֹן	8095	HNp
Ezek 48:24	אֶחָֽד	259	HAcmsa
Ezek 48:25	וְ/עַ֣ל	c/5921 a	HC/R
Ezek 48:25	גְּב֣וּל	1366	HNcmsc
Ezek 48:25	שִׁמְע֗וֹן	8095	HNp
Ezek 48:25	מִ/פְּאַ֥ת	m/6285	HR/Ncfsc
Ezek 48:25	קָדִ֛ימָ/ה	6921	HNcmsa/Sd
Ezek 48:25	עַד	5704	HR
Ezek 48:25	פְּאַת	6285	HNcfsc
Ezek 48:25	יָ֖מָּ/ה	3220	HNcmsa/Sd
Ezek 48:25	יִשָׂשכָ֥ר	3485	HNp
Ezek 48:25	אֶחָֽד	259	HAcmsa
Ezek 48:26	וְ/עַ֣ל	c/5921 a	HC/R
Ezek 48:26	גְּב֣וּל	1366	HNcmsc
Ezek 48:26	יִשָׂשכָ֗ר	3485	HNp
Ezek 48:26	מִ/פְּאַ֥ת	m/6285	HR/Ncfsc
Ezek 48:26	קָדִ֛ימָ/ה	6921	HNcmsa/Sd
Ezek 48:26	עַד	5704	HR
Ezek 48:26	פְּאַת	6285	HNcfsc
Ezek 48:26	יָ֖מָּ/ה	3220	HNcmsa/Sd
Ezek 48:26	זְבוּלֻ֥ן	2074	HNp
Ezek 48:26	אֶחָֽד	259	HAcmsa
Ezek 48:27	וְ/עַ֣ל	c/5921 a	HC/R
Ezek 48:27	גְּב֣וּל	1366	HNcmsc
Ezek 48:27	זְבוּלֻ֗ן	2074	HNp
Ezek 48:27	מִ/פְּאַ֥ת	m/6285	HR/Ncfsc
Ezek 48:27	קָדִ֛מָ/ה	6921	HNcmsa/Sd
Ezek 48:27	עַד	5704	HR
Ezek 48:27	פְּאַת	6285	HNcfsc
Ezek 48:27	יָ֖מָּ/ה	3220	HNcmsa/Sd
Ezek 48:27	גָּ֥ד	1410	HNp
Ezek 48:27	אֶחָֽד	259	HAcmsa
Ezek 48:28	וְ/עַל֙	c/5921 a	HC/R
Ezek 48:28	גְּב֣וּל	1366	HNcmsc
Ezek 48:28	גָּ֔ד	1410	HNp
Ezek 48:28	אֶל	413	HR
Ezek 48:28	פְּאַ֖ת	6285	HNcfsc
Ezek 48:28	נֶ֣גֶב	5045	HNcmsa
Ezek 48:28	תֵּימָ֑נָ/ה	8486	HNcfsa/Sd
Ezek 48:28	וְ/הָיָ֨ה	c/1961	HC/Vqq3ms
Ezek 48:28	גְב֜וּל	1366	HNcmsa
Ezek 48:28	מִ/תָּמָ֗ר	m/8559	HR/Np
Ezek 48:28	מֵ֚י	4325	HNcmpc
Ezek 48:28	מְרִיבַ֣ת	4808	HNcfsc
Ezek 48:28	קָדֵ֔שׁ	6946	HNp
Ezek 48:28	נַחֲלָ֖ה	5158 a	HNp
Ezek 48:28	עַל	5921 a	HR
Ezek 48:28	הַ/יָּ֥ם	d/3220	HTd/Ncmsa
Ezek 48:28	הַ/גָּדֽוֹל	d/1419 a	HTd/Aamsa
Ezek 48:29	זֹ֥את	2063	HPdxfs
Ezek 48:29	הָ/אָ֛רֶץ	d/776	HTd/Ncbsa
Ezek 48:29	אֲשֶׁר	834 a	HTr
Ezek 48:29	תַּפִּ֥ילוּ	5307	HVhi2mp
Ezek 48:29	מִֽ/נַּחֲלָ֖ה	m/5159	HR/Ncfsa
Ezek 48:29	לְ/שִׁבְטֵ֣י	l/7626	HR/Ncmpc
Ezek 48:29	יִשְׂרָאֵ֑ל	3478	HNp
Ezek 48:29	וְ/אֵ֨לֶּה֙	c/428	HC/Pdxcp
Ezek 48:29	מַחְלְקוֹתָ֔/ם	4256	HNcfpc/Sp3mp
Ezek 48:29	נְאֻ֖ם	5002	HNcmsc
Ezek 48:29	אֲדֹנָ֥/י	136	HNcmpc/Sp1cs
Ezek 48:29	יְהוִֽה	3069	HNp
Ezek 48:30	וְ/אֵ֖לֶּה	c/428	HC/Pdxcp
Ezek 48:30	תּוֹצְאֹ֣ת	8444	HNcfpc
Ezek 48:30	הָ/עִ֑יר	d/5892 b	HTd/Ncfsa
Ezek 48:30	מִ/פְּאַ֣ת	m/6285	HR/Ncfsc
Ezek 48:30	צָפ֔וֹן	6828	HNcfsa
Ezek 48:30	חֲמֵ֥שׁ	2568	HAcfsa
Ezek 48:30	מֵא֛וֹת	3967	HAcbpa
Ezek 48:30	וְ/אַרְבַּ֥עַת	c/702	HC/Acmsc
Ezek 48:30	אֲלָפִ֖ים	505	HAcbpa
Ezek 48:30	מִדָּֽה	4060 a	HNcfsa
Ezek 48:31	וְ/שַׁעֲרֵ֣י	c/8179	HC/Ncmpc
Ezek 48:31	הָ/עִ֗יר	d/5892 b	HTd/Ncfsa
Ezek 48:31	עַל	5921 a	HR
Ezek 48:31	שְׁמוֹת֙	8034	HNcmpc
Ezek 48:31	שִׁבְטֵ֣י	7626	HNcmpc
Ezek 48:31	יִשְׂרָאֵ֔ל	3478	HNp
Ezek 48:31	שְׁעָרִ֥ים	8179	HNcmpa
Ezek 48:31	שְׁלוֹשָׁ֖ה	7969	HAcmsa
Ezek 48:31	צָפ֑וֹנָ/ה	6828	HNcfsa/Sd
Ezek 48:31	שַׁ֣עַר	8179	HNcmsc
Ezek 48:31	רְאוּבֵ֞ן	7205	HNp
Ezek 48:31	אֶחָ֗ד	259	HAcmsa
Ezek 48:31	שַׁ֤עַר	8179	HNcmsc
Ezek 48:31	יְהוּדָה֙	3063	HNp
Ezek 48:31	אֶחָ֔ד	259	HAcmsa
Ezek 48:31	שַׁ֥עַר	8179	HNcmsc
Ezek 48:31	לֵוִ֖י	3878	HNp
Ezek 48:31	אֶחָֽד	259	HAcmsa
Ezek 48:32	וְ/אֶל	c/413	HC/R
Ezek 48:32	פְּאַ֣ת	6285	HNcfsc
Ezek 48:32	קָדִ֗ימָ/ה	6921	HNcmsa/Sd
Ezek 48:32	חֲמֵ֤שׁ	2568	HAcfsa
Ezek 48:32	מֵאוֹת֙	3967	HAcbpa
Ezek 48:32	וְ/אַרְבַּ֣עַת	c/702	HC/Acmsc
Ezek 48:32	אֲלָפִ֔ים	505	HAcbpa
Ezek 48:32	וּ/שְׁעָרִ֖ים	c/8179	HC/Ncmpa
Ezek 48:32	שְׁלֹשָׁ֑ה	7969	HAcmsa
Ezek 48:32	וְ/שַׁ֨עַר	c/8179	HC/Ncmsc
Ezek 48:32	יוֹסֵ֜ף	3130	HNp
Ezek 48:32	אֶחָ֗ד	259	HAcmsa
Ezek 48:32	שַׁ֤עַר	8179	HNcmsc
Ezek 48:32	בִּנְיָמִן֙	1144	HNp
Ezek 48:32	אֶחָ֔ד	259	HAcmsa
Ezek 48:32	שַׁ֥עַר	8179	HNcmsc
Ezek 48:32	דָּ֖ן	1835	HNp
Ezek 48:32	אֶחָֽד	259	HAcmsa
Ezek 48:33	וּ/פְאַת	c/6285	HC/Ncfsc
Ezek 48:33	נֶ֗גְבָּ/ה	5045	HNcmsa/Sd
Ezek 48:33	חֲמֵ֨שׁ	2568	HAcfsa
Ezek 48:33	מֵא֜וֹת	3967	HAcbpa
Ezek 48:33	וְ/אַרְבַּ֤עַת	c/702	HC/Acmsc
Ezek 48:33	אֲלָפִים֙	505	HAcbpa
Ezek 48:33	מִדָּ֔ה	4060 a	HNcfsa
Ezek 48:33	וּ/שְׁעָרִ֖ים	c/8179	HC/Ncmpa
Ezek 48:33	שְׁלֹשָׁ֑ה	7969	HAcmsa
Ezek 48:33	שַׁ֣עַר	8179	HNcmsc
Ezek 48:33	שִׁמְע֞וֹן	8095	HNp
Ezek 48:33	אֶחָ֗ד	259	HAcmsa
Ezek 48:33	שַׁ֤עַר	8179	HNcmsc
Ezek 48:33	יִשָּׂשכָר֙	3485	HNp
Ezek 48:33	אֶחָ֔ד	259	HAcmsa
Ezek 48:33	שַׁ֥עַר	8179	HNcmsc
Ezek 48:33	זְבוּלֻ֖ן	2074	HNp
Ezek 48:33	אֶחָֽד	259	HAcmsa
Ezek 48:34	פְּאַת	6285	HNcfsc
Ezek 48:34	יָ֗מָּ/ה	3220	HNcmsa/Sd
Ezek 48:34	חֲמֵ֤שׁ	2568	HAcfsa
Ezek 48:34	מֵאוֹת֙	3967	HAcbpa
Ezek 48:34	וְ/אַרְבַּ֣עַת	c/702	HC/Acmsc
Ezek 48:34	אֲלָפִ֔ים	505	HAcbpa
Ezek 48:34	שַֽׁעֲרֵי/הֶ֖ם	8179	HNcmpc/Sp3mp
Ezek 48:34	שְׁלֹשָׁ֑ה	7969	HAcmsa
Ezek 48:34	שַׁ֣עַר	8179	HNcmsc
Ezek 48:34	גָּ֞ד	1410	HNp
Ezek 48:34	אֶחָ֗ד	259	HAcmsa
Ezek 48:34	שַׁ֤עַר	8179	HNcmsc
Ezek 48:34	אָשֵׁר֙	836	HNp
Ezek 48:34	אֶחָ֔ד	259	HAcmsa
Ezek 48:34	שַׁ֥עַר	8179	HNcmsc
Ezek 48:34	נַפְתָּלִ֖י	5321	HNp
Ezek 48:34	אֶחָֽד	259	HAcmsa
Ezek 48:35	סָבִ֕יב	5439	HNcbsa
Ezek 48:35	שְׁמֹנָ֥ה	8083	HAcmsa
Ezek 48:35	עָשָׂ֖ר	6240	HAcmsa
Ezek 48:35	אָ֑לֶף	505	HAcbsa
Ezek 48:35	וְ/שֵׁם	c/8034	HC/Ncmsc
Ezek 48:35	הָ/עִ֥יר	d/5892 b	HTd/Ncfsa
Ezek 48:35	מִ/יּ֖וֹם	m/3117	HR/Ncmsa
Ezek 48:35	יְהוָ֥ה	3068	HNp
Ezek 48:35	שָֽׁמָּ/ה	8033	HD/Sd
