ref	word	lemma	pos	parse
Luke 1:1	Ἐπειδήπερ	ἐπειδήπερ	C-	--------
Luke 1:1	πολλοὶ	πολύς	A-	----NPM-
Luke 1:1	ἐπεχείρησαν	ἐπιχειρέω	V-	3AAI-P--
Luke 1:1	ἀνατάξασθαι	ἀνατάσσομαι	V-	-AMN----
Luke 1:1	διήγησιν	διήγησις	N-	----ASF-
Luke 1:1	περὶ	περί	P-	--------
Luke 1:1	τῶν	ὁ	RA	----GPN-
Luke 1:1	πεπληροφορημένων	πληροφορέω	V-	-XPPGPN-
Luke 1:1	ἐν	ἐν	P-	--------
Luke 1:1	ἡμῖν	ἐγώ	RP	----DP--
Luke 1:1	πραγμάτων	πρᾶγμα	N-	----GPN-
Luke 1:2	καθὼς	καθώς	C-	--------
Luke 1:2	παρέδοσαν	παραδίδωμι	V-	3AAI-P--
Luke 1:2	ἡμῖν	ἐγώ	RP	----DP--
Luke 1:2	οἱ	ὁ	RA	----NPM-
Luke 1:2	ἀπ’	ἀπό	P-	--------
Luke 1:2	ἀρχῆς	ἀρχή	N-	----GSF-
Luke 1:2	αὐτόπται	αὐτόπτης	N-	----NPM-
Luke 1:2	καὶ	καί	C-	--------
Luke 1:2	ὑπηρέται	ὑπηρέτης	N-	----NPM-
Luke 1:2	γενόμενοι	γίνομαι	V-	-AMPNPM-
Luke 1:2	τοῦ	ὁ	RA	----GSM-
Luke 1:2	λόγου	λόγος	N-	----GSM-
Luke 1:3	ἔδοξε	δοκέω	V-	3AAI-S--
Luke 1:3	κἀμοὶ	κἀγώ	RP	----DS--
Luke 1:3	παρηκολουθηκότι	παρακολουθέω	V-	-XAPDSM-
Luke 1:3	ἄνωθεν	ἄνωθεν	D-	--------
Luke 1:3	πᾶσιν	πᾶς	A-	----DPN-
Luke 1:3	ἀκριβῶς	ἀκριβῶς	D-	--------
Luke 1:3	καθεξῆς	καθεξῆς	D-	--------
Luke 1:3	σοι	σύ	RP	----DS--
Luke 1:3	γράψαι	γράφω	V-	-AAN----
Luke 1:3	κράτιστε	κράτιστος	A-	----VSMS
Luke 1:3	Θεόφιλε	Θεόφιλος	N-	----VSM-
Luke 1:4	ἵνα	ἵνα	C-	--------
Luke 1:4	ἐπιγνῷς	ἐπιγινώσκω	V-	2AAS-S--
Luke 1:4	περὶ	περί	P-	--------
Luke 1:4	ὧν	ὅς	RR	----GPM-
Luke 1:4	κατηχήθης	κατηχέω	V-	2API-S--
Luke 1:4	λόγων	λόγος	N-	----GPM-
Luke 1:4	τὴν	ὁ	RA	----ASF-
Luke 1:4	ἀσφάλειαν	ἀσφάλεια	N-	----ASF-
Luke 1:5	Ἐγένετο	γίνομαι	V-	3AMI-S--
Luke 1:5	ἐν	ἐν	P-	--------
Luke 1:5	ταῖς	ὁ	RA	----DPF-
Luke 1:5	ἡμέραις	ἡμέρα	N-	----DPF-
Luke 1:5	Ἡρῴδου	Ἡρῴδης	N-	----GSM-
Luke 1:5	βασιλέως	βασιλεύς	N-	----GSM-
Luke 1:5	τῆς	ὁ	RA	----GSF-
Luke 1:5	Ἰουδαίας	Ἰουδαία	N-	----GSF-
Luke 1:5	ἱερεύς	ἱερεύς	N-	----NSM-
Luke 1:5	τις	τις	RI	----NSM-
Luke 1:5	ὀνόματι	ὄνομα	N-	----DSN-
Luke 1:5	Ζαχαρίας	Ζαχαρίας	N-	----NSM-
Luke 1:5	ἐξ	ἐκ	P-	--------
Luke 1:5	ἐφημερίας	ἐφημερία	N-	----GSF-
Luke 1:5	Ἀβιά	Ἀβιά	N-	----GSM-
Luke 1:5	καὶ	καί	C-	--------
Luke 1:5	γυνὴ	γυνή	N-	----NSF-
Luke 1:5	αὐτῷ	αὐτός	RP	----DSM-
Luke 1:5	ἐκ	ἐκ	P-	--------
Luke 1:5	τῶν	ὁ	RA	----GPF-
Luke 1:5	θυγατέρων	θυγάτηρ	N-	----GPF-
Luke 1:5	Ἀαρών	Ἀαρών	N-	----GSM-
Luke 1:5	καὶ	καί	C-	--------
Luke 1:5	τὸ	ὁ	RA	----NSN-
Luke 1:5	ὄνομα	ὄνομα	N-	----NSN-
Luke 1:5	αὐτῆς	αὐτός	RP	----GSF-
Luke 1:5	Ἐλισάβετ	Ἐλισάβετ	N-	----NSF-
Luke 1:6	ἦσαν	εἰμί	V-	3IAI-P--
Luke 1:6	δὲ	δέ	C-	--------
Luke 1:6	δίκαιοι	δίκαιος	A-	----NPM-
Luke 1:6	ἀμφότεροι	ἀμφότεροι	A-	----NPM-
Luke 1:6	ἐναντίον	ἐναντίον	P-	--------
Luke 1:6	τοῦ	ὁ	RA	----GSM-
Luke 1:6	θεοῦ	θεός	N-	----GSM-
Luke 1:6	πορευόμενοι	πορεύομαι	V-	-PMPNPM-
Luke 1:6	ἐν	ἐν	P-	--------
Luke 1:6	πάσαις	πᾶς	A-	----DPF-
Luke 1:6	ταῖς	ὁ	RA	----DPF-
Luke 1:6	ἐντολαῖς	ἐντολή	N-	----DPF-
Luke 1:6	καὶ	καί	C-	--------
Luke 1:6	δικαιώμασιν	δικαίωμα	N-	----DPN-
Luke 1:6	τοῦ	ὁ	RA	----GSM-
Luke 1:6	κυρίου	κύριος	N-	----GSM-
Luke 1:6	ἄμεμπτοι	ἄμεμπτος	A-	----NPM-
Luke 1:7	καὶ	καί	C-	--------
Luke 1:7	οὐκ	οὐ	D-	--------
Luke 1:7	ἦν	εἰμί	V-	3IAI-S--
Luke 1:7	αὐτοῖς	αὐτός	RP	----DPM-
Luke 1:7	τέκνον	τέκνον	N-	----NSN-
Luke 1:7	καθότι	καθότι	C-	--------
Luke 1:7	ἦν	εἰμί	V-	3IAI-S--
Luke 1:7	ἡ	ὁ	RA	----NSF-
Luke 1:7	Ἐλισάβετ	Ἐλισάβετ	N-	----NSF-
Luke 1:7	στεῖρα	στεῖρα	A-	----NSF-
Luke 1:7	καὶ	καί	C-	--------
Luke 1:7	ἀμφότεροι	ἀμφότεροι	A-	----NPM-
Luke 1:7	προβεβηκότες	προβαίνω	V-	-XAPNPM-
Luke 1:7	ἐν	ἐν	P-	--------
Luke 1:7	ταῖς	ὁ	RA	----DPF-
Luke 1:7	ἡμέραις	ἡμέρα	N-	----DPF-
Luke 1:7	αὐτῶν	αὐτός	RP	----GPM-
Luke 1:7	ἦσαν	εἰμί	V-	3IAI-P--
Luke 1:8	Ἐγένετο	γίνομαι	V-	3AMI-S--
Luke 1:8	δὲ	δέ	C-	--------
Luke 1:8	ἐν	ἐν	P-	--------
Luke 1:8	τῷ	ὁ	RA	----DSN-
Luke 1:8	ἱερατεύειν	ἱερατεύω	V-	-PAN----
Luke 1:8	αὐτὸν	αὐτός	RP	----ASM-
Luke 1:8	ἐν	ἐν	P-	--------
Luke 1:8	τῇ	ὁ	RA	----DSF-
Luke 1:8	τάξει	τάξις	N-	----DSF-
Luke 1:8	τῆς	ὁ	RA	----GSF-
Luke 1:8	ἐφημερίας	ἐφημερία	N-	----GSF-
Luke 1:8	αὐτοῦ	αὐτός	RP	----GSM-
Luke 1:8	ἔναντι	ἔναντι	P-	--------
Luke 1:8	τοῦ	ὁ	RA	----GSM-
Luke 1:8	θεοῦ	θεός	N-	----GSM-
Luke 1:9	κατὰ	κατά	P-	--------
Luke 1:9	τὸ	ὁ	RA	----ASN-
Luke 1:9	ἔθος	ἔθος	N-	----ASN-
Luke 1:9	τῆς	ὁ	RA	----GSF-
Luke 1:9	ἱερατείας	ἱερατεία	N-	----GSF-
Luke 1:9	ἔλαχε	λαγχάνω	V-	3AAI-S--
Luke 1:9	τοῦ	ὁ	RA	----GSN-
Luke 1:9	θυμιᾶσαι	θυμιάω	V-	-AAN----
Luke 1:9	εἰσελθὼν	εἰσέρχομαι	V-	-AAPNSM-
Luke 1:9	εἰς	εἰς	P-	--------
Luke 1:9	τὸν	ὁ	RA	----ASM-
Luke 1:9	ναὸν	ναός	N-	----ASM-
Luke 1:9	τοῦ	ὁ	RA	----GSM-
Luke 1:9	κυρίου	κύριος	N-	----GSM-
Luke 1:10	καὶ	καί	C-	--------
Luke 1:10	πᾶν	πᾶς	A-	----NSN-
Luke 1:10	τὸ	ὁ	RA	----NSN-
Luke 1:10	πλῆθος	πλῆθος	N-	----NSN-
Luke 1:10	ἦν	εἰμί	V-	3IAI-S--
Luke 1:10	τοῦ	ὁ	RA	----GSM-
Luke 1:10	λαοῦ	λαός	N-	----GSM-
Luke 1:10	προσευχόμενον	προσεύχομαι	V-	-PMPNSN-
Luke 1:10	ἔξω	ἔξω	D-	--------
Luke 1:10	τῇ	ὁ	RA	----DSF-
Luke 1:10	ὥρᾳ	ὥρα	N-	----DSF-
Luke 1:10	τοῦ	ὁ	RA	----GSN-
Luke 1:10	θυμιάματος	θυμίαμα	N-	----GSN-
Luke 1:11	ὤφθη	ὁράω	V-	3API-S--
Luke 1:11	δὲ	δέ	C-	--------
Luke 1:11	αὐτῷ	αὐτός	RP	----DSM-
Luke 1:11	ἄγγελος	ἄγγελος	N-	----NSM-
Luke 1:11	κυρίου	κύριος	N-	----GSM-
Luke 1:11	ἑστὼς	ἵστημι	V-	-XAPNSM-
Luke 1:11	ἐκ	ἐκ	P-	--------
Luke 1:11	δεξιῶν	δεξιός	A-	----GPN-
Luke 1:11	τοῦ	ὁ	RA	----GSN-
Luke 1:11	θυσιαστηρίου	θυσιαστήριον	N-	----GSN-
Luke 1:11	τοῦ	ὁ	RA	----GSN-
Luke 1:11	θυμιάματος	θυμίαμα	N-	----GSN-
Luke 1:12	καὶ	καί	C-	--------
Luke 1:12	ἐταράχθη	ταράσσω	V-	3API-S--
Luke 1:12	Ζαχαρίας	Ζαχαρίας	N-	----NSM-
Luke 1:12	ἰδών	ὁράω	V-	-AAPNSM-
Luke 1:12	καὶ	καί	C-	--------
Luke 1:12	φόβος	φόβος	N-	----NSM-
Luke 1:12	ἐπέπεσεν	ἐπιπίπτω	V-	3AAI-S--
Luke 1:12	ἐπ’	ἐπί	P-	--------
Luke 1:12	αὐτόν	αὐτός	RP	----ASM-
Luke 1:13	εἶπεν	λέγω	V-	3AAI-S--
Luke 1:13	δὲ	δέ	C-	--------
Luke 1:13	πρὸς	πρός	P-	--------
Luke 1:13	αὐτὸν	αὐτός	RP	----ASM-
Luke 1:13	ὁ	ὁ	RA	----NSM-
Luke 1:13	ἄγγελος	ἄγγελος	N-	----NSM-
Luke 1:13	Μὴ	μή	D-	--------
Luke 1:13	φοβοῦ	φοβέομαι	V-	2PMD-S--
Luke 1:13	Ζαχαρία	Ζαχαρίας	N-	----VSM-
Luke 1:13	διότι	διότι	C-	--------
Luke 1:13	εἰσηκούσθη	εἰσακούω	V-	3API-S--
Luke 1:13	ἡ	ὁ	RA	----NSF-
Luke 1:13	δέησίς	δέησις	N-	----NSF-
Luke 1:13	σου	σύ	RP	----GS--
Luke 1:13	καὶ	καί	C-	--------
Luke 1:13	ἡ	ὁ	RA	----NSF-
Luke 1:13	γυνή	γυνή	N-	----NSF-
Luke 1:13	σου	σύ	RP	----GS--
Luke 1:13	Ἐλισάβετ	Ἐλισάβετ	N-	----NSF-
Luke 1:13	γεννήσει	γεννάω	V-	3FAI-S--
Luke 1:13	υἱόν	υἱός	N-	----ASM-
Luke 1:13	σοι	σύ	RP	----DS--
Luke 1:13	καὶ	καί	C-	--------
Luke 1:13	καλέσεις	καλέω	V-	2FAI-S--
Luke 1:13	τὸ	ὁ	RA	----ASN-
Luke 1:13	ὄνομα	ὄνομα	N-	----ASN-
Luke 1:13	αὐτοῦ	αὐτός	RP	----GSM-
Luke 1:13	Ἰωάννην	Ἰωάννης	N-	----ASM-
Luke 1:14	καὶ	καί	C-	--------
Luke 1:14	ἔσται	εἰμί	V-	3FMI-S--
Luke 1:14	χαρά	χαρά	N-	----NSF-
Luke 1:14	σοι	σύ	RP	----DS--
Luke 1:14	καὶ	καί	C-	--------
Luke 1:14	ἀγαλλίασις	ἀγαλλίασις	N-	----NSF-
Luke 1:14	καὶ	καί	C-	--------
Luke 1:14	πολλοὶ	πολύς	A-	----NPM-
Luke 1:14	ἐπὶ	ἐπί	P-	--------
Luke 1:14	τῇ	ὁ	RA	----DSF-
Luke 1:14	γενέσει	γένεσις	N-	----DSF-
Luke 1:14	αὐτοῦ	αὐτός	RP	----GSM-
Luke 1:14	χαρήσονται	χαίρω	V-	3FPI-P--
Luke 1:15	ἔσται	εἰμί	V-	3FMI-S--
Luke 1:15	γὰρ	γάρ	C-	--------
Luke 1:15	μέγας	μέγας	A-	----NSM-
Luke 1:15	ἐνώπιον	ἐνώπιον	P-	--------
Luke 1:15	τοῦ	ὁ	RA	----GSM-
Luke 1:15	κυρίου	κύριος	N-	----GSM-
Luke 1:15	καὶ	καί	C-	--------
Luke 1:15	οἶνον	οἶνος	N-	----ASM-
Luke 1:15	καὶ	καί	C-	--------
Luke 1:15	σίκερα	σίκερα	N-	----ASN-
Luke 1:15	οὐ	οὐ	D-	--------
Luke 1:15	μὴ	μή	D-	--------
Luke 1:15	πίῃ	πίνω	V-	3AAS-S--
Luke 1:15	καὶ	καί	C-	--------
Luke 1:15	πνεύματος	πνεῦμα	N-	----GSN-
Luke 1:15	ἁγίου	ἅγιος	A-	----GSN-
Luke 1:15	πλησθήσεται	πίμπλημι	V-	3FPI-S--
Luke 1:15	ἔτι	ἔτι	D-	--------
Luke 1:15	ἐκ	ἐκ	P-	--------
Luke 1:15	κοιλίας	κοιλία	N-	----GSF-
Luke 1:15	μητρὸς	μήτηρ	N-	----GSF-
Luke 1:15	αὐτοῦ	αὐτός	RP	----GSM-
Luke 1:16	καὶ	καί	C-	--------
Luke 1:16	πολλοὺς	πολύς	A-	----APM-
Luke 1:16	τῶν	ὁ	RA	----GPM-
Luke 1:16	υἱῶν	υἱός	N-	----GPM-
Luke 1:16	Ἰσραὴλ	Ἰσραήλ	N-	----GSM-
Luke 1:16	ἐπιστρέψει	ἐπιστρέφω	V-	3FAI-S--
Luke 1:16	ἐπὶ	ἐπί	P-	--------
Luke 1:16	κύριον	κύριος	N-	----ASM-
Luke 1:16	τὸν	ὁ	RA	----ASM-
Luke 1:16	θεὸν	θεός	N-	----ASM-
Luke 1:16	αὐτῶν	αὐτός	RP	----GPM-
Luke 1:17	καὶ	καί	C-	--------
Luke 1:17	αὐτὸς	αὐτός	RP	----NSM-
Luke 1:17	προελεύσεται	προέρχομαι	V-	3FMI-S--
Luke 1:17	ἐνώπιον	ἐνώπιον	P-	--------
Luke 1:17	αὐτοῦ	αὐτός	RP	----GSM-
Luke 1:17	ἐν	ἐν	P-	--------
Luke 1:17	πνεύματι	πνεῦμα	N-	----DSN-
Luke 1:17	καὶ	καί	C-	--------
Luke 1:17	δυνάμει	δύναμις	N-	----DSF-
Luke 1:17	Ἠλίου	Ἠλίας	N-	----GSM-
Luke 1:17	ἐπιστρέψαι	ἐπιστρέφω	V-	-AAN----
Luke 1:17	καρδίας	καρδία	N-	----APF-
Luke 1:17	πατέρων	πατήρ	N-	----GPM-
Luke 1:17	ἐπὶ	ἐπί	P-	--------
Luke 1:17	τέκνα	τέκνον	N-	----APN-
Luke 1:17	καὶ	καί	C-	--------
Luke 1:17	ἀπειθεῖς	ἀπειθής	A-	----APM-
Luke 1:17	ἐν	ἐν	P-	--------
Luke 1:17	φρονήσει	φρόνησις	N-	----DSF-
Luke 1:17	δικαίων	δίκαιος	A-	----GPM-
Luke 1:17	ἑτοιμάσαι	ἑτοιμάζω	V-	-AAN----
Luke 1:17	κυρίῳ	κύριος	N-	----DSM-
Luke 1:17	λαὸν	λαός	N-	----ASM-
Luke 1:17	κατεσκευασμένον	κατασκευάζω	V-	-XPPASM-
Luke 1:18	καὶ	καί	C-	--------
Luke 1:18	εἶπεν	λέγω	V-	3AAI-S--
Luke 1:18	Ζαχαρίας	Ζαχαρίας	N-	----NSM-
Luke 1:18	πρὸς	πρός	P-	--------
Luke 1:18	τὸν	ὁ	RA	----ASM-
Luke 1:18	ἄγγελον	ἄγγελος	N-	----ASM-
Luke 1:18	Κατὰ	κατά	P-	--------
Luke 1:18	τί	τίς	RI	----ASN-
Luke 1:18	γνώσομαι	γινώσκω	V-	1FMI-S--
Luke 1:18	τοῦτο	οὗτος	RD	----ASN-
Luke 1:18	ἐγὼ	ἐγώ	RP	----NS--
Luke 1:18	γάρ	γάρ	C-	--------
Luke 1:18	εἰμι	εἰμί	V-	1PAI-S--
Luke 1:18	πρεσβύτης	πρεσβύτης	N-	----NSM-
Luke 1:18	καὶ	καί	C-	--------
Luke 1:18	ἡ	ὁ	RA	----NSF-
Luke 1:18	γυνή	γυνή	N-	----NSF-
Luke 1:18	μου	ἐγώ	RP	----GS--
Luke 1:18	προβεβηκυῖα	προβαίνω	V-	-XAPNSF-
Luke 1:18	ἐν	ἐν	P-	--------
Luke 1:18	ταῖς	ὁ	RA	----DPF-
Luke 1:18	ἡμέραις	ἡμέρα	N-	----DPF-
Luke 1:18	αὐτῆς	αὐτός	RP	----GSF-
Luke 1:19	καὶ	καί	C-	--------
Luke 1:19	ἀποκριθεὶς	ἀποκρίνομαι	V-	-APPNSM-
Luke 1:19	ὁ	ὁ	RA	----NSM-
Luke 1:19	ἄγγελος	ἄγγελος	N-	----NSM-
Luke 1:19	εἶπεν	λέγω	V-	3AAI-S--
Luke 1:19	αὐτῷ	αὐτός	RP	----DSM-
Luke 1:19	Ἐγώ	ἐγώ	RP	----NS--
Luke 1:19	εἰμι	εἰμί	V-	1PAI-S--
Luke 1:19	Γαβριὴλ	Γαβριήλ	N-	----NSM-
Luke 1:19	ὁ	ὁ	RA	----NSM-
Luke 1:19	παρεστηκὼς	παρίστημι	V-	-XAPNSM-
Luke 1:19	ἐνώπιον	ἐνώπιον	P-	--------
Luke 1:19	τοῦ	ὁ	RA	----GSM-
Luke 1:19	θεοῦ	θεός	N-	----GSM-
Luke 1:19	καὶ	καί	C-	--------
Luke 1:19	ἀπεστάλην	ἀποστέλλω	V-	1API-S--
Luke 1:19	λαλῆσαι	λαλέω	V-	-AAN----
Luke 1:19	πρὸς	πρός	P-	--------
Luke 1:19	σὲ	σύ	RP	----AS--
Luke 1:19	καὶ	καί	C-	--------
Luke 1:19	εὐαγγελίσασθαί	εὐαγγελίζω	V-	-AMN----
Luke 1:19	σοι	σύ	RP	----DS--
Luke 1:19	ταῦτα	οὗτος	RD	----APN-
Luke 1:20	καὶ	καί	C-	--------
Luke 1:20	ἰδοὺ	ἰδού	X-	--------
Luke 1:20	ἔσῃ	εἰμί	V-	2FMI-S--
Luke 1:20	σιωπῶν	σιωπάω	V-	-PAPNSM-
Luke 1:20	καὶ	καί	C-	--------
Luke 1:20	μὴ	μή	D-	--------
Luke 1:20	δυνάμενος	δύναμαι	V-	-PMPNSM-
Luke 1:20	λαλῆσαι	λαλέω	V-	-AAN----
Luke 1:20	ἄχρι	ἄχρι	P-	--------
Luke 1:20	ἧς	ὅς	RR	----GSF-
Luke 1:20	ἡμέρας	ἡμέρα	N-	----GSF-
Luke 1:20	γένηται	γίνομαι	V-	3AMS-S--
Luke 1:20	ταῦτα	οὗτος	RD	----NPN-
Luke 1:20	ἀνθ’	ἀντί	P-	--------
Luke 1:20	ὧν	ὅς	RR	----GPN-
Luke 1:20	οὐκ	οὐ	D-	--------
Luke 1:20	ἐπίστευσας	πιστεύω	V-	2AAI-S--
Luke 1:20	τοῖς	ὁ	RA	----DPM-
Luke 1:20	λόγοις	λόγος	N-	----DPM-
Luke 1:20	μου	ἐγώ	RP	----GS--
Luke 1:20	οἵτινες	ὅστις	RR	----NPM-
Luke 1:20	πληρωθήσονται	πληρόω	V-	3FPI-P--
Luke 1:20	εἰς	εἰς	P-	--------
Luke 1:20	τὸν	ὁ	RA	----ASM-
Luke 1:20	καιρὸν	καιρός	N-	----ASM-
Luke 1:20	αὐτῶν	αὐτός	RP	----GPM-
Luke 1:21	Καὶ	καί	C-	--------
Luke 1:21	ἦν	εἰμί	V-	3IAI-S--
Luke 1:21	ὁ	ὁ	RA	----NSM-
Luke 1:21	λαὸς	λαός	N-	----NSM-
Luke 1:21	προσδοκῶν	προσδοκάω	V-	-PAPNSM-
Luke 1:21	τὸν	ὁ	RA	----ASM-
Luke 1:21	Ζαχαρίαν	Ζαχαρίας	N-	----ASM-
Luke 1:21	καὶ	καί	C-	--------
Luke 1:21	ἐθαύμαζον	θαυμάζω	V-	3IAI-P--
Luke 1:21	ἐν	ἐν	P-	--------
Luke 1:21	τῷ	ὁ	RA	----DSN-
Luke 1:21	χρονίζειν	χρονίζω	V-	-PAN----
Luke 1:21	ἐν	ἐν	P-	--------
Luke 1:21	τῷ	ὁ	RA	----DSM-
Luke 1:21	ναῷ	ναός	N-	----DSM-
Luke 1:21	αὐτόν	αὐτός	RP	----ASM-
Luke 1:22	ἐξελθὼν	ἐξέρχομαι	V-	-AAPNSM-
Luke 1:22	δὲ	δέ	C-	--------
Luke 1:22	οὐκ	οὐ	D-	--------
Luke 1:22	ἐδύνατο	δύναμαι	V-	3IMI-S--
Luke 1:22	λαλῆσαι	λαλέω	V-	-AAN----
Luke 1:22	αὐτοῖς	αὐτός	RP	----DPM-
Luke 1:22	καὶ	καί	C-	--------
Luke 1:22	ἐπέγνωσαν	ἐπιγινώσκω	V-	3AAI-P--
Luke 1:22	ὅτι	ὅτι	C-	--------
Luke 1:22	ὀπτασίαν	ὀπτασία	N-	----ASF-
Luke 1:22	ἑώρακεν	ὁράω	V-	3XAI-S--
Luke 1:22	ἐν	ἐν	P-	--------
Luke 1:22	τῷ	ὁ	RA	----DSM-
Luke 1:22	ναῷ	ναός	N-	----DSM-
Luke 1:22	καὶ	καί	C-	--------
Luke 1:22	αὐτὸς	αὐτός	RP	----NSM-
Luke 1:22	ἦν	εἰμί	V-	3IAI-S--
Luke 1:22	διανεύων	διανεύω	V-	-PAPNSM-
Luke 1:22	αὐτοῖς	αὐτός	RP	----DPM-
Luke 1:22	καὶ	καί	C-	--------
Luke 1:22	διέμενεν	διαμένω	V-	3IAI-S--
Luke 1:22	κωφός	κωφός	A-	----NSM-
Luke 1:23	καὶ	καί	C-	--------
Luke 1:23	ἐγένετο	γίνομαι	V-	3AMI-S--
Luke 1:23	ὡς	ὡς	C-	--------
Luke 1:23	ἐπλήσθησαν	πίμπλημι	V-	3API-P--
Luke 1:23	αἱ	ὁ	RA	----NPF-
Luke 1:23	ἡμέραι	ἡμέρα	N-	----NPF-
Luke 1:23	τῆς	ὁ	RA	----GSF-
Luke 1:23	λειτουργίας	λειτουργία	N-	----GSF-
Luke 1:23	αὐτοῦ	αὐτός	RP	----GSM-
Luke 1:23	ἀπῆλθεν	ἀπέρχομαι	V-	3AAI-S--
Luke 1:23	εἰς	εἰς	P-	--------
Luke 1:23	τὸν	ὁ	RA	----ASM-
Luke 1:23	οἶκον	οἶκος	N-	----ASM-
Luke 1:23	αὐτοῦ	αὐτός	RP	----GSM-
Luke 1:24	Μετὰ	μετά	P-	--------
Luke 1:24	δὲ	δέ	C-	--------
Luke 1:24	ταύτας	οὗτος	RD	----APF-
Luke 1:24	τὰς	ὁ	RA	----APF-
Luke 1:24	ἡμέρας	ἡμέρα	N-	----APF-
Luke 1:24	συνέλαβεν	συλλαμβάνω	V-	3AAI-S--
Luke 1:24	Ἐλισάβετ	Ἐλισάβετ	N-	----NSF-
Luke 1:24	ἡ	ὁ	RA	----NSF-
Luke 1:24	γυνὴ	γυνή	N-	----NSF-
Luke 1:24	αὐτοῦ	αὐτός	RP	----GSM-
Luke 1:24	καὶ	καί	C-	--------
Luke 1:24	περιέκρυβεν	περικρύβω	V-	3IAI-S--
Luke 1:24	ἑαυτὴν	ἑαυτοῦ	RP	----ASF-
Luke 1:24	μῆνας	μήν	N-	----APM-
Luke 1:24	πέντε	πέντε	A-	----APM-
Luke 1:24	λέγουσα	λέγω	V-	-PAPNSF-
Luke 1:25	ὅτι	ὅτι	C-	--------
Luke 1:25	Οὕτως	οὕτω(ς)	D-	--------
Luke 1:25	μοι	ἐγώ	RP	----DS--
Luke 1:25	πεποίηκεν	ποιέω	V-	3XAI-S--
Luke 1:25	κύριος	κύριος	N-	----NSM-
Luke 1:25	ἐν	ἐν	P-	--------
Luke 1:25	ἡμέραις	ἡμέρα	N-	----DPF-
Luke 1:25	αἷς	ὅς	RR	----DPF-
Luke 1:25	ἐπεῖδεν	ἐφοράω	V-	3AAI-S--
Luke 1:25	ἀφελεῖν	ἀφαιρέω	V-	-AAN----
Luke 1:25	ὄνειδός	ὄνειδος	N-	----ASN-
Luke 1:25	μου	ἐγώ	RP	----GS--
Luke 1:25	ἐν	ἐν	P-	--------
Luke 1:25	ἀνθρώποις	ἄνθρωπος	N-	----DPM-
Luke 1:26	Ἐν	ἐν	P-	--------
Luke 1:26	δὲ	δέ	C-	--------
Luke 1:26	τῷ	ὁ	RA	----DSM-
Luke 1:26	μηνὶ	μήν	N-	----DSM-
Luke 1:26	τῷ	ὁ	RA	----DSM-
Luke 1:26	ἕκτῳ	ἕκτος	A-	----DSM-
Luke 1:26	ἀπεστάλη	ἀποστέλλω	V-	3API-S--
Luke 1:26	ὁ	ὁ	RA	----NSM-
Luke 1:26	ἄγγελος	ἄγγελος	N-	----NSM-
Luke 1:26	Γαβριὴλ	Γαβριήλ	N-	----NSM-
Luke 1:26	ἀπὸ	ἀπό	P-	--------
Luke 1:26	τοῦ	ὁ	RA	----GSM-
Luke 1:26	θεοῦ	θεός	N-	----GSM-
Luke 1:26	εἰς	εἰς	P-	--------
Luke 1:26	πόλιν	πόλις	N-	----ASF-
Luke 1:26	τῆς	ὁ	RA	----GSF-
Luke 1:26	Γαλιλαίας	Γαλιλαία	N-	----GSF-
Luke 1:26	ᾗ	ὅς	RR	----DSF-
Luke 1:26	ὄνομα	ὄνομα	N-	----NSN-
Luke 1:26	Ναζαρὲθ	Ναζαρέθ	N-	----NSF-
Luke 1:27	πρὸς	πρός	P-	--------
Luke 1:27	παρθένον	παρθένος	N-	----ASF-
Luke 1:27	ἐμνηστευμένην	μνηστεύομαι	V-	-XPPASF-
Luke 1:27	ἀνδρὶ	ἀνήρ	N-	----DSM-
Luke 1:27	ᾧ	ὅς	RR	----DSM-
Luke 1:27	ὄνομα	ὄνομα	N-	----NSN-
Luke 1:27	Ἰωσὴφ	Ἰωσήφ	N-	----NSM-
Luke 1:27	ἐξ	ἐκ	P-	--------
Luke 1:27	οἴκου	οἶκος	N-	----GSM-
Luke 1:27	Δαυίδ	Δαυίδ	N-	----GSM-
Luke 1:27	καὶ	καί	C-	--------
Luke 1:27	τὸ	ὁ	RA	----NSN-
Luke 1:27	ὄνομα	ὄνομα	N-	----NSN-
Luke 1:27	τῆς	ὁ	RA	----GSF-
Luke 1:27	παρθένου	παρθένος	N-	----GSF-
Luke 1:27	Μαριάμ	Μαριάμ	N-	----NSF-
Luke 1:28	καὶ	καί	C-	--------
Luke 1:28	εἰσελθὼν	εἰσέρχομαι	V-	-AAPNSM-
Luke 1:28	πρὸς	πρός	P-	--------
Luke 1:28	αὐτὴν	αὐτός	RP	----ASF-
Luke 1:28	εἶπεν	λέγω	V-	3AAI-S--
Luke 1:28	Χαῖρε	χαίρω	V-	2PAD-S--
Luke 1:28	κεχαριτωμένη	χαριτόω	V-	-XPPVSF-
Luke 1:28	ὁ	ὁ	RA	----NSM-
Luke 1:28	κύριος	κύριος	N-	----NSM-
Luke 1:28	μετὰ	μετά	P-	--------
Luke 1:28	σοῦ	σύ	RP	----GS--
Luke 1:29	ἡ	ὁ	RA	----NSF-
Luke 1:29	δὲ	δέ	C-	--------
Luke 1:29	ἐπὶ	ἐπί	P-	--------
Luke 1:29	τῷ	ὁ	RA	----DSM-
Luke 1:29	λόγῳ	λόγος	N-	----DSM-
Luke 1:29	διεταράχθη	διαταράσσω	V-	3API-S--
Luke 1:29	καὶ	καί	C-	--------
Luke 1:29	διελογίζετο	διαλογίζομαι	V-	3IMI-S--
Luke 1:29	ποταπὸς	ποταπός	RI	----NSM-
Luke 1:29	εἴη	εἰμί	V-	3PAO-S--
Luke 1:29	ὁ	ὁ	RA	----NSM-
Luke 1:29	ἀσπασμὸς	ἀσπασμός	N-	----NSM-
Luke 1:29	οὗτος	οὗτος	RD	----NSM-
Luke 1:30	καὶ	καί	C-	--------
Luke 1:30	εἶπεν	λέγω	V-	3AAI-S--
Luke 1:30	ὁ	ὁ	RA	----NSM-
Luke 1:30	ἄγγελος	ἄγγελος	N-	----NSM-
Luke 1:30	αὐτῇ	αὐτός	RP	----DSF-
Luke 1:30	Μὴ	μή	D-	--------
Luke 1:30	φοβοῦ	φοβέομαι	V-	2PMD-S--
Luke 1:30	Μαριάμ	Μαριάμ	N-	----VSF-
Luke 1:30	εὗρες	εὑρίσκω	V-	2AAI-S--
Luke 1:30	γὰρ	γάρ	C-	--------
Luke 1:30	χάριν	χάρις	N-	----ASF-
Luke 1:30	παρὰ	παρά	P-	--------
Luke 1:30	τῷ	ὁ	RA	----DSM-
Luke 1:30	θεῷ	θεός	N-	----DSM-
Luke 1:31	καὶ	καί	C-	--------
Luke 1:31	ἰδοὺ	ἰδού	X-	--------
Luke 1:31	συλλήμψῃ	συλλαμβάνω	V-	2FMI-S--
Luke 1:31	ἐν	ἐν	P-	--------
Luke 1:31	γαστρὶ	γαστήρ	N-	----DSF-
Luke 1:31	καὶ	καί	C-	--------
Luke 1:31	τέξῃ	τίκτω	V-	2FMI-S--
Luke 1:31	υἱόν	υἱός	N-	----ASM-
Luke 1:31	καὶ	καί	C-	--------
Luke 1:31	καλέσεις	καλέω	V-	2FAI-S--
Luke 1:31	τὸ	ὁ	RA	----ASN-
Luke 1:31	ὄνομα	ὄνομα	N-	----ASN-
Luke 1:31	αὐτοῦ	αὐτός	RP	----GSM-
Luke 1:31	Ἰησοῦν	Ἰησοῦς	N-	----ASM-
Luke 1:32	οὗτος	οὗτος	RD	----NSM-
Luke 1:32	ἔσται	εἰμί	V-	3FMI-S--
Luke 1:32	μέγας	μέγας	A-	----NSM-
Luke 1:32	καὶ	καί	C-	--------
Luke 1:32	υἱὸς	υἱός	N-	----NSM-
Luke 1:32	Ὑψίστου	ὕψιστος	A-	----GSMS
Luke 1:32	κληθήσεται	καλέω	V-	3FPI-S--
Luke 1:32	καὶ	καί	C-	--------
Luke 1:32	δώσει	δίδωμι	V-	3FAI-S--
Luke 1:32	αὐτῷ	αὐτός	RP	----DSM-
Luke 1:32	κύριος	κύριος	N-	----NSM-
Luke 1:32	ὁ	ὁ	RA	----NSM-
Luke 1:32	θεὸς	θεός	N-	----NSM-
Luke 1:32	τὸν	ὁ	RA	----ASM-
Luke 1:32	θρόνον	θρόνος	N-	----ASM-
Luke 1:32	Δαυὶδ	Δαυίδ	N-	----GSM-
Luke 1:32	τοῦ	ὁ	RA	----GSM-
Luke 1:32	πατρὸς	πατήρ	N-	----GSM-
Luke 1:32	αὐτοῦ	αὐτός	RP	----GSM-
Luke 1:33	καὶ	καί	C-	--------
Luke 1:33	βασιλεύσει	βασιλεύω	V-	3FAI-S--
Luke 1:33	ἐπὶ	ἐπί	P-	--------
Luke 1:33	τὸν	ὁ	RA	----ASM-
Luke 1:33	οἶκον	οἶκος	N-	----ASM-
Luke 1:33	Ἰακὼβ	Ἰακώβ	N-	----GSM-
Luke 1:33	εἰς	εἰς	P-	--------
Luke 1:33	τοὺς	ὁ	RA	----APM-
Luke 1:33	αἰῶνας	αἰών	N-	----APM-
Luke 1:33	καὶ	καί	C-	--------
Luke 1:33	τῆς	ὁ	RA	----GSF-
Luke 1:33	βασιλείας	βασιλεία	N-	----GSF-
Luke 1:33	αὐτοῦ	αὐτός	RP	----GSM-
Luke 1:33	οὐκ	οὐ	D-	--------
Luke 1:33	ἔσται	εἰμί	V-	3FMI-S--
Luke 1:33	τέλος	τέλος	N-	----NSN-
Luke 1:34	εἶπεν	λέγω	V-	3AAI-S--
Luke 1:34	δὲ	δέ	C-	--------
Luke 1:34	Μαριὰμ	Μαριάμ	N-	----NSF-
Luke 1:34	πρὸς	πρός	P-	--------
Luke 1:34	τὸν	ὁ	RA	----ASM-
Luke 1:34	ἄγγελον	ἄγγελος	N-	----ASM-
Luke 1:34	Πῶς	πῶς	D-	--------
Luke 1:34	ἔσται	εἰμί	V-	3FMI-S--
Luke 1:34	τοῦτο	οὗτος	RD	----NSN-
Luke 1:34	ἐπεὶ	ἐπεί	C-	--------
Luke 1:34	ἄνδρα	ἀνήρ	N-	----ASM-
Luke 1:34	οὐ	οὐ	D-	--------
Luke 1:34	γινώσκω	γινώσκω	V-	1PAI-S--
Luke 1:35	καὶ	καί	C-	--------
Luke 1:35	ἀποκριθεὶς	ἀποκρίνομαι	V-	-APPNSM-
Luke 1:35	ὁ	ὁ	RA	----NSM-
Luke 1:35	ἄγγελος	ἄγγελος	N-	----NSM-
Luke 1:35	εἶπεν	λέγω	V-	3AAI-S--
Luke 1:35	αὐτῇ	αὐτός	RP	----DSF-
Luke 1:35	Πνεῦμα	πνεῦμα	N-	----NSN-
Luke 1:35	ἅγιον	ἅγιος	A-	----NSN-
Luke 1:35	ἐπελεύσεται	ἐπέρχομαι	V-	3FMI-S--
Luke 1:35	ἐπὶ	ἐπί	P-	--------
Luke 1:35	σέ	σύ	RP	----AS--
Luke 1:35	καὶ	καί	C-	--------
Luke 1:35	δύναμις	δύναμις	N-	----NSF-
Luke 1:35	Ὑψίστου	ὕψιστος	A-	----GSMS
Luke 1:35	ἐπισκιάσει	ἐπισκιάζω	V-	3FAI-S--
Luke 1:35	σοι	σύ	RP	----DS--
Luke 1:35	διὸ	διό	C-	--------
Luke 1:35	καὶ	καί	D-	--------
Luke 1:35	τὸ	ὁ	RA	----NSN-
Luke 1:35	γεννώμενον	γεννάω	V-	-PPPNSN-
Luke 1:35	ἅγιον	ἅγιος	A-	----NSN-
Luke 1:35	κληθήσεται	καλέω	V-	3FPI-S--
Luke 1:35	υἱὸς	υἱός	N-	----NSM-
Luke 1:35	θεοῦ	θεός	N-	----GSM-
Luke 1:36	καὶ	καί	C-	--------
Luke 1:36	ἰδοὺ	ἰδού	X-	--------
Luke 1:36	Ἐλισάβετ	Ἐλισάβετ	N-	----NSF-
Luke 1:36	ἡ	ὁ	RA	----NSF-
Luke 1:36	συγγενίς	συγγενίς	N-	----NSF-
Luke 1:36	σου	σύ	RP	----GS--
Luke 1:36	καὶ	καί	D-	--------
Luke 1:36	αὐτὴ	αὐτός	RP	----NSF-
Luke 1:36	συνείληφεν	συλλαμβάνω	V-	3XAI-S--
Luke 1:36	υἱὸν	υἱός	N-	----ASM-
Luke 1:36	ἐν	ἐν	P-	--------
Luke 1:36	γήρει	γῆρας	N-	----DSN-
Luke 1:36	αὐτῆς	αὐτός	RP	----GSF-
Luke 1:36	καὶ	καί	C-	--------
Luke 1:36	οὗτος	οὗτος	RD	----NSM-
Luke 1:36	μὴν	μήν	N-	----NSM-
Luke 1:36	ἕκτος	ἕκτος	A-	----NSM-
Luke 1:36	ἐστὶν	εἰμί	V-	3PAI-S--
Luke 1:36	αὐτῇ	αὐτός	RP	----DSF-
Luke 1:36	τῇ	ὁ	RA	----DSF-
Luke 1:36	καλουμένῃ	καλέω	V-	-PPPDSF-
Luke 1:36	στείρᾳ	στεῖρα	A-	----DSF-
Luke 1:37	ὅτι	ὅτι	C-	--------
Luke 1:37	οὐκ	οὐ	D-	--------
Luke 1:37	ἀδυνατήσει	ἀδυνατέω	V-	3FAI-S--
Luke 1:37	παρὰ	παρά	P-	--------
Luke 1:37	τοῦ	ὁ	RA	----GSM-
Luke 1:37	θεοῦ	θεός	N-	----GSM-
Luke 1:37	πᾶν	πᾶς	A-	----NSN-
Luke 1:37	ῥῆμα	ῥῆμα	N-	----NSN-
Luke 1:38	εἶπεν	λέγω	V-	3AAI-S--
Luke 1:38	δὲ	δέ	C-	--------
Luke 1:38	Μαριάμ	Μαριάμ	N-	----NSF-
Luke 1:38	Ἰδοὺ	ἰδού	X-	--------
Luke 1:38	ἡ	ὁ	RA	----NSF-
Luke 1:38	δούλη	δούλη	N-	----NSF-
Luke 1:38	κυρίου	κύριος	N-	----GSM-
Luke 1:38	γένοιτό	γίνομαι	V-	3AMO-S--
Luke 1:38	μοι	ἐγώ	RP	----DS--
Luke 1:38	κατὰ	κατά	P-	--------
Luke 1:38	τὸ	ὁ	RA	----ASN-
Luke 1:38	ῥῆμά	ῥῆμα	N-	----ASN-
Luke 1:38	σου	σύ	RP	----GS--
Luke 1:38	καὶ	καί	C-	--------
Luke 1:38	ἀπῆλθεν	ἀπέρχομαι	V-	3AAI-S--
Luke 1:38	ἀπ’	ἀπό	P-	--------
Luke 1:38	αὐτῆς	αὐτός	RP	----GSF-
Luke 1:38	ὁ	ὁ	RA	----NSM-
Luke 1:38	ἄγγελος	ἄγγελος	N-	----NSM-
Luke 1:39	Ἀναστᾶσα	ἀνίστημι	V-	-AAPNSF-
Luke 1:39	δὲ	δέ	C-	--------
Luke 1:39	Μαριὰμ	Μαριάμ	N-	----NSF-
Luke 1:39	ἐν	ἐν	P-	--------
Luke 1:39	ταῖς	ὁ	RA	----DPF-
Luke 1:39	ἡμέραις	ἡμέρα	N-	----DPF-
Luke 1:39	ταύταις	οὗτος	RD	----DPF-
Luke 1:39	ἐπορεύθη	πορεύομαι	V-	3API-S--
Luke 1:39	εἰς	εἰς	P-	--------
Luke 1:39	τὴν	ὁ	RA	----ASF-
Luke 1:39	ὀρεινὴν	ὀρεινός	A-	----ASF-
Luke 1:39	μετὰ	μετά	P-	--------
Luke 1:39	σπουδῆς	σπουδή	N-	----GSF-
Luke 1:39	εἰς	εἰς	P-	--------
Luke 1:39	πόλιν	πόλις	N-	----ASF-
Luke 1:39	Ἰούδα	Ἰούδας	N-	----GSM-
Luke 1:40	καὶ	καί	C-	--------
Luke 1:40	εἰσῆλθεν	εἰσέρχομαι	V-	3AAI-S--
Luke 1:40	εἰς	εἰς	P-	--------
Luke 1:40	τὸν	ὁ	RA	----ASM-
Luke 1:40	οἶκον	οἶκος	N-	----ASM-
Luke 1:40	Ζαχαρίου	Ζαχαρίας	N-	----GSM-
Luke 1:40	καὶ	καί	C-	--------
Luke 1:40	ἠσπάσατο	ἀσπάζομαι	V-	3AMI-S--
Luke 1:40	τὴν	ὁ	RA	----ASF-
Luke 1:40	Ἐλισάβετ	Ἐλισάβετ	N-	----ASF-
Luke 1:41	καὶ	καί	C-	--------
Luke 1:41	ἐγένετο	γίνομαι	V-	3AMI-S--
Luke 1:41	ὡς	ὡς	C-	--------
Luke 1:41	ἤκουσεν	ἀκούω	V-	3AAI-S--
Luke 1:41	τὸν	ὁ	RA	----ASM-
Luke 1:41	ἀσπασμὸν	ἀσπασμός	N-	----ASM-
Luke 1:41	τῆς	ὁ	RA	----GSF-
Luke 1:41	Μαρίας	Μαρία	N-	----GSF-
Luke 1:41	ἡ	ὁ	RA	----NSF-
Luke 1:41	Ἐλισάβετ	Ἐλισάβετ	N-	----NSF-
Luke 1:41	ἐσκίρτησεν	σκιρτάω	V-	3AAI-S--
Luke 1:41	τὸ	ὁ	RA	----NSN-
Luke 1:41	βρέφος	βρέφος	N-	----NSN-
Luke 1:41	ἐν	ἐν	P-	--------
Luke 1:41	τῇ	ὁ	RA	----DSF-
Luke 1:41	κοιλίᾳ	κοιλία	N-	----DSF-
Luke 1:41	αὐτῆς	αὐτός	RP	----GSF-
Luke 1:41	καὶ	καί	C-	--------
Luke 1:41	ἐπλήσθη	πίμπλημι	V-	3API-S--
Luke 1:41	πνεύματος	πνεῦμα	N-	----GSN-
Luke 1:41	ἁγίου	ἅγιος	A-	----GSN-
Luke 1:41	ἡ	ὁ	RA	----NSF-
Luke 1:41	Ἐλισάβετ	Ἐλισάβετ	N-	----NSF-
Luke 1:42	καὶ	καί	C-	--------
Luke 1:42	ἀνεφώνησεν	ἀναφωνέω	V-	3AAI-S--
Luke 1:42	κραυγῇ	κραυγή	N-	----DSF-
Luke 1:42	μεγάλῃ	μέγας	A-	----DSF-
Luke 1:42	καὶ	καί	C-	--------
Luke 1:42	εἶπεν	λέγω	V-	3AAI-S--
Luke 1:42	Εὐλογημένη	εὐλογέω	V-	-XPPNSF-
Luke 1:42	σὺ	σύ	RP	----NS--
Luke 1:42	ἐν	ἐν	P-	--------
Luke 1:42	γυναιξίν	γυνή	N-	----DPF-
Luke 1:42	καὶ	καί	C-	--------
Luke 1:42	εὐλογημένος	εὐλογέω	V-	-XPPNSM-
Luke 1:42	ὁ	ὁ	RA	----NSM-
Luke 1:42	καρπὸς	καρπός	N-	----NSM-
Luke 1:42	τῆς	ὁ	RA	----GSF-
Luke 1:42	κοιλίας	κοιλία	N-	----GSF-
Luke 1:42	σου	σύ	RP	----GS--
Luke 1:43	καὶ	καί	C-	--------
Luke 1:43	πόθεν	πόθεν	D-	--------
Luke 1:43	μοι	ἐγώ	RP	----DS--
Luke 1:43	τοῦτο	οὗτος	RD	----NSN-
Luke 1:43	ἵνα	ἵνα	D-	--------
Luke 1:43	ἔλθῃ	ἔρχομαι	V-	3AAS-S--
Luke 1:43	ἡ	ὁ	RA	----NSF-
Luke 1:43	μήτηρ	μήτηρ	N-	----NSF-
Luke 1:43	τοῦ	ὁ	RA	----GSM-
Luke 1:43	κυρίου	κύριος	N-	----GSM-
Luke 1:43	μου	ἐγώ	RP	----GS--
Luke 1:43	πρὸς	πρός	P-	--------
Luke 1:43	ἐμέ	ἐγώ	RP	----AS--
Luke 1:44	ἰδοὺ	ἰδού	X-	--------
Luke 1:44	γὰρ	γάρ	C-	--------
Luke 1:44	ὡς	ὡς	C-	--------
Luke 1:44	ἐγένετο	γίνομαι	V-	3AMI-S--
Luke 1:44	ἡ	ὁ	RA	----NSF-
Luke 1:44	φωνὴ	φωνή	N-	----NSF-
Luke 1:44	τοῦ	ὁ	RA	----GSM-
Luke 1:44	ἀσπασμοῦ	ἀσπασμός	N-	----GSM-
Luke 1:44	σου	σύ	RP	----GS--
Luke 1:44	εἰς	εἰς	P-	--------
Luke 1:44	τὰ	ὁ	RA	----APN-
Luke 1:44	ὦτά	οὖς	N-	----APN-
Luke 1:44	μου	ἐγώ	RP	----GS--
Luke 1:44	ἐσκίρτησεν	σκιρτάω	V-	3AAI-S--
Luke 1:44	ἐν	ἐν	P-	--------
Luke 1:44	ἀγαλλιάσει	ἀγαλλίασις	N-	----DSF-
Luke 1:44	τὸ	ὁ	RA	----NSN-
Luke 1:44	βρέφος	βρέφος	N-	----NSN-
Luke 1:44	ἐν	ἐν	P-	--------
Luke 1:44	τῇ	ὁ	RA	----DSF-
Luke 1:44	κοιλίᾳ	κοιλία	N-	----DSF-
Luke 1:44	μου	ἐγώ	RP	----GS--
Luke 1:45	καὶ	καί	C-	--------
Luke 1:45	μακαρία	μακάριος	A-	----NSF-
Luke 1:45	ἡ	ὁ	RA	----NSF-
Luke 1:45	πιστεύσασα	πιστεύω	V-	-AAPNSF-
Luke 1:45	ὅτι	ὅτι	C-	--------
Luke 1:45	ἔσται	εἰμί	V-	3FMI-S--
Luke 1:45	τελείωσις	τελείωσις	N-	----NSF-
Luke 1:45	τοῖς	ὁ	RA	----DPN-
Luke 1:45	λελαλημένοις	λαλέω	V-	-XPPDPN-
Luke 1:45	αὐτῇ	αὐτός	RP	----DSF-
Luke 1:45	παρὰ	παρά	P-	--------
Luke 1:45	κυρίου	κύριος	N-	----GSM-
Luke 1:46	Καὶ	καί	C-	--------
Luke 1:46	εἶπεν	λέγω	V-	3AAI-S--
Luke 1:46	Μαριάμ	Μαριάμ	N-	----NSF-
Luke 1:46	Μεγαλύνει	μεγαλύνω	V-	3PAI-S--
Luke 1:46	ἡ	ὁ	RA	----NSF-
Luke 1:46	ψυχή	ψυχή	N-	----NSF-
Luke 1:46	μου	ἐγώ	RP	----GS--
Luke 1:46	τὸν	ὁ	RA	----ASM-
Luke 1:46	κύριον	κύριος	N-	----ASM-
Luke 1:47	καὶ	καί	C-	--------
Luke 1:47	ἠγαλλίασεν	ἀγαλλιάω	V-	3AAI-S--
Luke 1:47	τὸ	ὁ	RA	----NSN-
Luke 1:47	πνεῦμά	πνεῦμα	N-	----NSN-
Luke 1:47	μου	ἐγώ	RP	----GS--
Luke 1:47	ἐπὶ	ἐπί	P-	--------
Luke 1:47	τῷ	ὁ	RA	----DSM-
Luke 1:47	θεῷ	θεός	N-	----DSM-
Luke 1:47	τῷ	ὁ	RA	----DSM-
Luke 1:47	σωτῆρί	σωτήρ	N-	----DSM-
Luke 1:47	μου	ἐγώ	RP	----GS--
Luke 1:48	ὅτι	ὅτι	C-	--------
Luke 1:48	ἐπέβλεψεν	ἐπιβλέπω	V-	3AAI-S--
Luke 1:48	ἐπὶ	ἐπί	P-	--------
Luke 1:48	τὴν	ὁ	RA	----ASF-
Luke 1:48	ταπείνωσιν	ταπείνωσις	N-	----ASF-
Luke 1:48	τῆς	ὁ	RA	----GSF-
Luke 1:48	δούλης	δούλη	N-	----GSF-
Luke 1:48	αὐτοῦ	αὐτός	RP	----GSM-
Luke 1:48	ἰδοὺ	ἰδού	X-	--------
Luke 1:48	γὰρ	γάρ	C-	--------
Luke 1:48	ἀπὸ	ἀπό	P-	--------
Luke 1:48	τοῦ	ὁ	RA	----GSM-
Luke 1:48	νῦν	νῦν	D-	--------
Luke 1:48	μακαριοῦσίν	μακαρίζω	V-	3FAI-P--
Luke 1:48	με	ἐγώ	RP	----AS--
Luke 1:48	πᾶσαι	πᾶς	A-	----NPF-
Luke 1:48	αἱ	ὁ	RA	----NPF-
Luke 1:48	γενεαί	γενεά	N-	----NPF-
Luke 1:49	ὅτι	ὅτι	C-	--------
Luke 1:49	ἐποίησέν	ποιέω	V-	3AAI-S--
Luke 1:49	μοι	ἐγώ	RP	----DS--
Luke 1:49	μεγάλα	μέγας	A-	----APN-
Luke 1:49	ὁ	ὁ	RA	----NSM-
Luke 1:49	δυνατός	δυνατός	A-	----NSM-
Luke 1:49	καὶ	καί	C-	--------
Luke 1:49	ἅγιον	ἅγιος	A-	----NSN-
Luke 1:49	τὸ	ὁ	RA	----NSN-
Luke 1:49	ὄνομα	ὄνομα	N-	----NSN-
Luke 1:49	αὐτοῦ	αὐτός	RP	----GSM-
Luke 1:50	καὶ	καί	C-	--------
Luke 1:50	τὸ	ὁ	RA	----NSN-
Luke 1:50	ἔλεος	ἔλεος	N-	----NSN-
Luke 1:50	αὐτοῦ	αὐτός	RP	----GSM-
Luke 1:50	εἰς	εἰς	P-	--------
Luke 1:50	γενεὰς	γενεά	N-	----APF-
Luke 1:50	καὶ	καί	C-	--------
Luke 1:50	γενεὰς	γενεά	N-	----APF-
Luke 1:50	τοῖς	ὁ	RA	----DPM-
Luke 1:50	φοβουμένοις	φοβέομαι	V-	-PMPDPM-
Luke 1:50	αὐτόν	αὐτός	RP	----ASM-
Luke 1:51	Ἐποίησεν	ποιέω	V-	3AAI-S--
Luke 1:51	κράτος	κράτος	N-	----ASN-
Luke 1:51	ἐν	ἐν	P-	--------
Luke 1:51	βραχίονι	βραχίων	N-	----DSM-
Luke 1:51	αὐτοῦ	αὐτός	RP	----GSM-
Luke 1:51	διεσκόρπισεν	διασκορπίζω	V-	3AAI-S--
Luke 1:51	ὑπερηφάνους	ὑπερήφανος	A-	----APM-
Luke 1:51	διανοίᾳ	διάνοια	N-	----DSF-
Luke 1:51	καρδίας	καρδία	N-	----GSF-
Luke 1:51	αὐτῶν	αὐτός	RP	----GPM-
Luke 1:52	καθεῖλεν	καθαιρέω	V-	3AAI-S--
Luke 1:52	δυνάστας	δυνάστης	N-	----APM-
Luke 1:52	ἀπὸ	ἀπό	P-	--------
Luke 1:52	θρόνων	θρόνος	N-	----GPM-
Luke 1:52	καὶ	καί	C-	--------
Luke 1:52	ὕψωσεν	ὑψόω	V-	3AAI-S--
Luke 1:52	ταπεινούς	ταπεινός	A-	----APM-
Luke 1:53	πεινῶντας	πεινάω	V-	-PAPAPM-
Luke 1:53	ἐνέπλησεν	ἐμπίμπλημι	V-	3AAI-S--
Luke 1:53	ἀγαθῶν	ἀγαθός	A-	----GPN-
Luke 1:53	καὶ	καί	C-	--------
Luke 1:53	πλουτοῦντας	πλουτέω	V-	-PAPAPM-
Luke 1:53	ἐξαπέστειλεν	ἐξαποστέλλω	V-	3AAI-S--
Luke 1:53	κενούς	κενός	A-	----APM-
Luke 1:54	ἀντελάβετο	ἀντιλαμβάνομαι	V-	3AMI-S--
Luke 1:54	Ἰσραὴλ	Ἰσραήλ	N-	----GSM-
Luke 1:54	παιδὸς	παῖς	N-	----GSM-
Luke 1:54	αὐτοῦ	αὐτός	RP	----GSM-
Luke 1:54	μνησθῆναι	μιμνῄσκομαι	V-	-APN----
Luke 1:54	ἐλέους	ἔλεος	N-	----GSN-
Luke 1:55	καθὼς	καθώς	C-	--------
Luke 1:55	ἐλάλησεν	λαλέω	V-	3AAI-S--
Luke 1:55	πρὸς	πρός	P-	--------
Luke 1:55	τοὺς	ὁ	RA	----APM-
Luke 1:55	πατέρας	πατήρ	N-	----APM-
Luke 1:55	ἡμῶν	ἐγώ	RP	----GP--
Luke 1:55	τῷ	ὁ	RA	----DSM-
Luke 1:55	Ἀβραὰμ	Ἀβραάμ	N-	----DSM-
Luke 1:55	καὶ	καί	C-	--------
Luke 1:55	τῷ	ὁ	RA	----DSN-
Luke 1:55	σπέρματι	σπέρμα	N-	----DSN-
Luke 1:55	αὐτοῦ	αὐτός	RP	----GSM-
Luke 1:55	εἰς	εἰς	P-	--------
Luke 1:55	τὸν	ὁ	RA	----ASM-
Luke 1:55	αἰῶνα	αἰών	N-	----ASM-
Luke 1:56	Ἔμεινεν	μένω	V-	3AAI-S--
Luke 1:56	δὲ	δέ	C-	--------
Luke 1:56	Μαριὰμ	Μαριάμ	N-	----NSF-
Luke 1:56	σὺν	σύν	P-	--------
Luke 1:56	αὐτῇ	αὐτός	RP	----DSF-
Luke 1:56	ὡς	ὡς	D-	--------
Luke 1:56	μῆνας	μήν	N-	----APM-
Luke 1:56	τρεῖς	τρεῖς	A-	----APM-
Luke 1:56	καὶ	καί	C-	--------
Luke 1:56	ὑπέστρεψεν	ὑποστρέφω	V-	3AAI-S--
Luke 1:56	εἰς	εἰς	P-	--------
Luke 1:56	τὸν	ὁ	RA	----ASM-
Luke 1:56	οἶκον	οἶκος	N-	----ASM-
Luke 1:56	αὐτῆς	αὐτός	RP	----GSF-
Luke 1:57	Τῇ	ὁ	RA	----DSF-
Luke 1:57	δὲ	δέ	C-	--------
Luke 1:57	Ἐλισάβετ	Ἐλισάβετ	N-	----DSF-
Luke 1:57	ἐπλήσθη	πίμπλημι	V-	3API-S--
Luke 1:57	ὁ	ὁ	RA	----NSM-
Luke 1:57	χρόνος	χρόνος	N-	----NSM-
Luke 1:57	τοῦ	ὁ	RA	----GSN-
Luke 1:57	τεκεῖν	τίκτω	V-	-AAN----
Luke 1:57	αὐτήν	αὐτός	RP	----ASF-
Luke 1:57	καὶ	καί	C-	--------
Luke 1:57	ἐγέννησεν	γεννάω	V-	3AAI-S--
Luke 1:57	υἱόν	υἱός	N-	----ASM-
Luke 1:58	καὶ	καί	C-	--------
Luke 1:58	ἤκουσαν	ἀκούω	V-	3AAI-P--
Luke 1:58	οἱ	ὁ	RA	----NPM-
Luke 1:58	περίοικοι	περίοικος	A-	----NPM-
Luke 1:58	καὶ	καί	C-	--------
Luke 1:58	οἱ	ὁ	RA	----NPM-
Luke 1:58	συγγενεῖς	συγγενής	A-	----NPM-
Luke 1:58	αὐτῆς	αὐτός	RP	----GSF-
Luke 1:58	ὅτι	ὅτι	C-	--------
Luke 1:58	ἐμεγάλυνεν	μεγαλύνω	V-	3AAI-S--
Luke 1:58	κύριος	κύριος	N-	----NSM-
Luke 1:58	τὸ	ὁ	RA	----ASN-
Luke 1:58	ἔλεος	ἔλεος	N-	----ASN-
Luke 1:58	αὐτοῦ	αὐτός	RP	----GSM-
Luke 1:58	μετ’	μετά	P-	--------
Luke 1:58	αὐτῆς	αὐτός	RP	----GSF-
Luke 1:58	καὶ	καί	C-	--------
Luke 1:58	συνέχαιρον	συγχαίρω	V-	3IAI-P--
Luke 1:58	αὐτῇ	αὐτός	RP	----DSF-
Luke 1:59	Καὶ	καί	C-	--------
Luke 1:59	ἐγένετο	γίνομαι	V-	3AMI-S--
Luke 1:59	ἐν	ἐν	P-	--------
Luke 1:59	τῇ	ὁ	RA	----DSF-
Luke 1:59	ἡμέρᾳ	ἡμέρα	N-	----DSF-
Luke 1:59	τῇ	ὁ	RA	----DSF-
Luke 1:59	ὀγδόῃ	ὄγδοος	A-	----DSF-
Luke 1:59	ἦλθον	ἔρχομαι	V-	3AAI-P--
Luke 1:59	περιτεμεῖν	περιτέμνω	V-	-AAN----
Luke 1:59	τὸ	ὁ	RA	----ASN-
Luke 1:59	παιδίον	παιδίον	N-	----ASN-
Luke 1:59	καὶ	καί	C-	--------
Luke 1:59	ἐκάλουν	καλέω	V-	3IAI-P--
Luke 1:59	αὐτὸ	αὐτός	RP	----ASN-
Luke 1:59	ἐπὶ	ἐπί	P-	--------
Luke 1:59	τῷ	ὁ	RA	----DSN-
Luke 1:59	ὀνόματι	ὄνομα	N-	----DSN-
Luke 1:59	τοῦ	ὁ	RA	----GSM-
Luke 1:59	πατρὸς	πατήρ	N-	----GSM-
Luke 1:59	αὐτοῦ	αὐτός	RP	----GSM-
Luke 1:59	Ζαχαρίαν	Ζαχαρίας	N-	----ASM-
Luke 1:60	καὶ	καί	C-	--------
Luke 1:60	ἀποκριθεῖσα	ἀποκρίνομαι	V-	-APPNSF-
Luke 1:60	ἡ	ὁ	RA	----NSF-
Luke 1:60	μήτηρ	μήτηρ	N-	----NSF-
Luke 1:60	αὐτοῦ	αὐτός	RP	----GSM-
Luke 1:60	εἶπεν	λέγω	V-	3AAI-S--
Luke 1:60	Οὐχί	οὐχί	D-	--------
Luke 1:60	ἀλλὰ	ἀλλά	C-	--------
Luke 1:60	κληθήσεται	καλέω	V-	3FPI-S--
Luke 1:60	Ἰωάννης	Ἰωάννης	N-	----NSM-
Luke 1:61	καὶ	καί	C-	--------
Luke 1:61	εἶπαν	λέγω	V-	3AAI-P--
Luke 1:61	πρὸς	πρός	P-	--------
Luke 1:61	αὐτὴν	αὐτός	RP	----ASF-
Luke 1:61	ὅτι	ὅτι	C-	--------
Luke 1:61	Οὐδείς	οὐδείς	A-	----NSM-
Luke 1:61	ἐστιν	εἰμί	V-	3PAI-S--
Luke 1:61	ἐκ	ἐκ	P-	--------
Luke 1:61	τῆς	ὁ	RA	----GSF-
Luke 1:61	συγγενείας	συγγένεια	N-	----GSF-
Luke 1:61	σου	σύ	RP	----GS--
Luke 1:61	ὃς	ὅς	RR	----NSM-
Luke 1:61	καλεῖται	καλέω	V-	3PPI-S--
Luke 1:61	τῷ	ὁ	RA	----DSN-
Luke 1:61	ὀνόματι	ὄνομα	N-	----DSN-
Luke 1:61	τούτῳ	οὗτος	RD	----DSN-
Luke 1:62	ἐνένευον	ἐννεύω	V-	3IAI-P--
Luke 1:62	δὲ	δέ	C-	--------
Luke 1:62	τῷ	ὁ	RA	----DSM-
Luke 1:62	πατρὶ	πατήρ	N-	----DSM-
Luke 1:62	αὐτοῦ	αὐτός	RP	----GSM-
Luke 1:62	τὸ	ὁ	RA	----ASN-
Luke 1:62	τί	τίς	RI	----ASN-
Luke 1:62	ἂν	ἄν	X-	--------
Luke 1:62	θέλοι	θέλω	V-	3PAO-S--
Luke 1:62	καλεῖσθαι	καλέω	V-	-PPN----
Luke 1:62	αὐτό	αὐτός	RP	----ASN-
Luke 1:63	καὶ	καί	C-	--------
Luke 1:63	αἰτήσας	αἰτέω	V-	-AAPNSM-
Luke 1:63	πινακίδιον	πινακίδιον	N-	----ASN-
Luke 1:63	ἔγραψεν	γράφω	V-	3AAI-S--
Luke 1:63	λέγων	λέγω	V-	-PAPNSM-
Luke 1:63	Ἰωάννης	Ἰωάννης	N-	----NSM-
Luke 1:63	ἐστὶν	εἰμί	V-	3PAI-S--
Luke 1:63	ὄνομα	ὄνομα	N-	----NSN-
Luke 1:63	αὐτοῦ	αὐτός	RP	----GSM-
Luke 1:63	καὶ	καί	C-	--------
Luke 1:63	ἐθαύμασαν	θαυμάζω	V-	3AAI-P--
Luke 1:63	πάντες	πᾶς	A-	----NPM-
Luke 1:64	ἀνεῴχθη	ἀνοίγω	V-	3API-S--
Luke 1:64	δὲ	δέ	C-	--------
Luke 1:64	τὸ	ὁ	RA	----NSN-
Luke 1:64	στόμα	στόμα	N-	----NSN-
Luke 1:64	αὐτοῦ	αὐτός	RP	----GSM-
Luke 1:64	παραχρῆμα	παραχρῆμα	D-	--------
Luke 1:64	καὶ	καί	C-	--------
Luke 1:64	ἡ	ὁ	RA	----NSF-
Luke 1:64	γλῶσσα	γλῶσσα	N-	----NSF-
Luke 1:64	αὐτοῦ	αὐτός	RP	----GSM-
Luke 1:64	καὶ	καί	C-	--------
Luke 1:64	ἐλάλει	λαλέω	V-	3IAI-S--
Luke 1:64	εὐλογῶν	εὐλογέω	V-	-PAPNSM-
Luke 1:64	τὸν	ὁ	RA	----ASM-
Luke 1:64	θεόν	θεός	N-	----ASM-
Luke 1:65	καὶ	καί	C-	--------
Luke 1:65	ἐγένετο	γίνομαι	V-	3AMI-S--
Luke 1:65	ἐπὶ	ἐπί	P-	--------
Luke 1:65	πάντας	πᾶς	A-	----APM-
Luke 1:65	φόβος	φόβος	N-	----NSM-
Luke 1:65	τοὺς	ὁ	RA	----APM-
Luke 1:65	περιοικοῦντας	περιοικέω	V-	-PAPAPM-
Luke 1:65	αὐτούς	αὐτός	RP	----APM-
Luke 1:65	καὶ	καί	C-	--------
Luke 1:65	ἐν	ἐν	P-	--------
Luke 1:65	ὅλῃ	ὅλος	A-	----DSF-
Luke 1:65	τῇ	ὁ	RA	----DSF-
Luke 1:65	ὀρεινῇ	ὀρεινός	A-	----DSF-
Luke 1:65	τῆς	ὁ	RA	----GSF-
Luke 1:65	Ἰουδαίας	Ἰουδαία	N-	----GSF-
Luke 1:65	διελαλεῖτο	διαλαλέω	V-	3IPI-S--
Luke 1:65	πάντα	πᾶς	A-	----NPN-
Luke 1:65	τὰ	ὁ	RA	----NPN-
Luke 1:65	ῥήματα	ῥῆμα	N-	----NPN-
Luke 1:65	ταῦτα	οὗτος	RD	----NPN-
Luke 1:66	καὶ	καί	C-	--------
Luke 1:66	ἔθεντο	τίθημι	V-	3AMI-P--
Luke 1:66	πάντες	πᾶς	A-	----NPM-
Luke 1:66	οἱ	ὁ	RA	----NPM-
Luke 1:66	ἀκούσαντες	ἀκούω	V-	-AAPNPM-
Luke 1:66	ἐν	ἐν	P-	--------
Luke 1:66	τῇ	ὁ	RA	----DSF-
Luke 1:66	καρδίᾳ	καρδία	N-	----DSF-
Luke 1:66	αὐτῶν	αὐτός	RP	----GPM-
Luke 1:66	λέγοντες	λέγω	V-	-PAPNPM-
Luke 1:66	Τί	τίς	RI	----NSN-
Luke 1:66	ἄρα	ἄρα	C-	--------
Luke 1:66	τὸ	ὁ	RA	----NSN-
Luke 1:66	παιδίον	παιδίον	N-	----NSN-
Luke 1:66	τοῦτο	οὗτος	RD	----NSN-
Luke 1:66	ἔσται	εἰμί	V-	3FMI-S--
Luke 1:66	καὶ	καί	D-	--------
Luke 1:66	γὰρ	γάρ	C-	--------
Luke 1:66	χεὶρ	χείρ	N-	----NSF-
Luke 1:66	κυρίου	κύριος	N-	----GSM-
Luke 1:66	ἦν	εἰμί	V-	3IAI-S--
Luke 1:66	μετ’	μετά	P-	--------
Luke 1:66	αὐτοῦ	αὐτός	RP	----GSM-
Luke 1:67	Καὶ	καί	C-	--------
Luke 1:67	Ζαχαρίας	Ζαχαρίας	N-	----NSM-
Luke 1:67	ὁ	ὁ	RA	----NSM-
Luke 1:67	πατὴρ	πατήρ	N-	----NSM-
Luke 1:67	αὐτοῦ	αὐτός	RP	----GSM-
Luke 1:67	ἐπλήσθη	πίμπλημι	V-	3API-S--
Luke 1:67	πνεύματος	πνεῦμα	N-	----GSN-
Luke 1:67	ἁγίου	ἅγιος	A-	----GSN-
Luke 1:67	καὶ	καί	C-	--------
Luke 1:67	ἐπροφήτευσεν	προφητεύω	V-	3AAI-S--
Luke 1:67	λέγων	λέγω	V-	-PAPNSM-
Luke 1:68	Εὐλογητὸς	εὐλογητός	A-	----NSM-
Luke 1:68	κύριος	κύριος	N-	----NSM-
Luke 1:68	ὁ	ὁ	RA	----NSM-
Luke 1:68	θεὸς	θεός	N-	----NSM-
Luke 1:68	τοῦ	ὁ	RA	----GSM-
Luke 1:68	Ἰσραήλ	Ἰσραήλ	N-	----GSM-
Luke 1:68	ὅτι	ὅτι	C-	--------
Luke 1:68	ἐπεσκέψατο	ἐπισκέπτομαι	V-	3AMI-S--
Luke 1:68	καὶ	καί	C-	--------
Luke 1:68	ἐποίησεν	ποιέω	V-	3AAI-S--
Luke 1:68	λύτρωσιν	λύτρωσις	N-	----ASF-
Luke 1:68	τῷ	ὁ	RA	----DSM-
Luke 1:68	λαῷ	λαός	N-	----DSM-
Luke 1:68	αὐτοῦ	αὐτός	RP	----GSM-
Luke 1:69	καὶ	καί	C-	--------
Luke 1:69	ἤγειρεν	ἐγείρω	V-	3AAI-S--
Luke 1:69	κέρας	κέρας	N-	----ASN-
Luke 1:69	σωτηρίας	σωτηρία	N-	----GSF-
Luke 1:69	ἡμῖν	ἐγώ	RP	----DP--
Luke 1:69	ἐν	ἐν	P-	--------
Luke 1:69	οἴκῳ	οἶκος	N-	----DSM-
Luke 1:69	Δαυὶδ	Δαυίδ	N-	----GSM-
Luke 1:69	παιδὸς	παῖς	N-	----GSM-
Luke 1:69	αὐτοῦ	αὐτός	RP	----GSM-
Luke 1:70	καθὼς	καθώς	C-	--------
Luke 1:70	ἐλάλησεν	λαλέω	V-	3AAI-S--
Luke 1:70	διὰ	διά	P-	--------
Luke 1:70	στόματος	στόμα	N-	----GSN-
Luke 1:70	τῶν	ὁ	RA	----GPM-
Luke 1:70	ἁγίων	ἅγιος	A-	----GPM-
Luke 1:70	ἀπ’	ἀπό	P-	--------
Luke 1:70	αἰῶνος	αἰών	N-	----GSM-
Luke 1:70	προφητῶν	προφήτης	N-	----GPM-
Luke 1:70	αὐτοῦ	αὐτός	RP	----GSM-
Luke 1:71	σωτηρίαν	σωτηρία	N-	----ASF-
Luke 1:71	ἐξ	ἐκ	P-	--------
Luke 1:71	ἐχθρῶν	ἐχθρός	A-	----GPM-
Luke 1:71	ἡμῶν	ἐγώ	RP	----GP--
Luke 1:71	καὶ	καί	C-	--------
Luke 1:71	ἐκ	ἐκ	P-	--------
Luke 1:71	χειρὸς	χείρ	N-	----GSF-
Luke 1:71	πάντων	πᾶς	A-	----GPM-
Luke 1:71	τῶν	ὁ	RA	----GPM-
Luke 1:71	μισούντων	μισέω	V-	-PAPGPM-
Luke 1:71	ἡμᾶς	ἐγώ	RP	----AP--
Luke 1:72	ποιῆσαι	ποιέω	V-	-AAN----
Luke 1:72	ἔλεος	ἔλεος	N-	----ASN-
Luke 1:72	μετὰ	μετά	P-	--------
Luke 1:72	τῶν	ὁ	RA	----GPM-
Luke 1:72	πατέρων	πατήρ	N-	----GPM-
Luke 1:72	ἡμῶν	ἐγώ	RP	----GP--
Luke 1:72	καὶ	καί	C-	--------
Luke 1:72	μνησθῆναι	μιμνῄσκομαι	V-	-APN----
Luke 1:72	διαθήκης	διαθήκη	N-	----GSF-
Luke 1:72	ἁγίας	ἅγιος	A-	----GSF-
Luke 1:72	αὐτοῦ	αὐτός	RP	----GSM-
Luke 1:73	ὅρκον	ὅρκος	N-	----ASM-
Luke 1:73	ὃν	ὅς	RR	----ASM-
Luke 1:73	ὤμοσεν	ὀμνύω	V-	3AAI-S--
Luke 1:73	πρὸς	πρός	P-	--------
Luke 1:73	Ἀβραὰμ	Ἀβραάμ	N-	----ASM-
Luke 1:73	τὸν	ὁ	RA	----ASM-
Luke 1:73	πατέρα	πατήρ	N-	----ASM-
Luke 1:73	ἡμῶν	ἐγώ	RP	----GP--
Luke 1:73	τοῦ	ὁ	RA	----GSN-
Luke 1:73	δοῦναι	δίδωμι	V-	-AAN----
Luke 1:73	ἡμῖν	ἐγώ	RP	----DP--
Luke 1:74	ἀφόβως	ἀφόβως	D-	--------
Luke 1:74	ἐκ	ἐκ	P-	--------
Luke 1:74	χειρὸς	χείρ	N-	----GSF-
Luke 1:74	ἐχθρῶν	ἐχθρός	A-	----GPM-
Luke 1:74	ῥυσθέντας	ῥύομαι	V-	-APPAPM-
Luke 1:74	λατρεύειν	λατρεύω	V-	-PAN----
Luke 1:74	αὐτῷ	αὐτός	RP	----DSM-
Luke 1:75	ἐν	ἐν	P-	--------
Luke 1:75	ὁσιότητι	ὁσιότης	N-	----DSF-
Luke 1:75	καὶ	καί	C-	--------
Luke 1:75	δικαιοσύνῃ	δικαιοσύνη	N-	----DSF-
Luke 1:75	ἐνώπιον	ἐνώπιον	P-	--------
Luke 1:75	αὐτοῦ	αὐτός	RP	----GSM-
Luke 1:75	πάσαις	πᾶς	A-	----DPF-
Luke 1:75	ταῖς	ὁ	RA	----DPF-
Luke 1:75	ἡμέραις	ἡμέρα	N-	----DPF-
Luke 1:75	ἡμῶν	ἐγώ	RP	----GP--
Luke 1:76	καὶ	καί	D-	--------
Luke 1:76	σὺ	σύ	RP	----NS--
Luke 1:76	δέ	δέ	C-	--------
Luke 1:76	παιδίον	παιδίον	N-	----VSN-
Luke 1:76	προφήτης	προφήτης	N-	----NSM-
Luke 1:76	Ὑψίστου	ὕψιστος	A-	----GSMS
Luke 1:76	κληθήσῃ	καλέω	V-	2FPI-S--
Luke 1:76	προπορεύσῃ	προπορεύομαι	V-	2FMI-S--
Luke 1:76	γὰρ	γάρ	C-	--------
Luke 1:76	ἐνώπιον	ἐνώπιον	P-	--------
Luke 1:76	κυρίου	κύριος	N-	----GSM-
Luke 1:76	ἑτοιμάσαι	ἑτοιμάζω	V-	-AAN----
Luke 1:76	ὁδοὺς	ὁδός	N-	----APF-
Luke 1:76	αὐτοῦ	αὐτός	RP	----GSM-
Luke 1:77	τοῦ	ὁ	RA	----GSN-
Luke 1:77	δοῦναι	δίδωμι	V-	-AAN----
Luke 1:77	γνῶσιν	γνῶσις	N-	----ASF-
Luke 1:77	σωτηρίας	σωτηρία	N-	----GSF-
Luke 1:77	τῷ	ὁ	RA	----DSM-
Luke 1:77	λαῷ	λαός	N-	----DSM-
Luke 1:77	αὐτοῦ	αὐτός	RP	----GSM-
Luke 1:77	ἐν	ἐν	P-	--------
Luke 1:77	ἀφέσει	ἄφεσις	N-	----DSF-
Luke 1:77	ἁμαρτιῶν	ἁμαρτία	N-	----GPF-
Luke 1:77	αὐτῶν	αὐτός	RP	----GPM-
Luke 1:78	διὰ	διά	P-	--------
Luke 1:78	σπλάγχνα	σπλάγχνον	N-	----APN-
Luke 1:78	ἐλέους	ἔλεος	N-	----GSN-
Luke 1:78	θεοῦ	θεός	N-	----GSM-
Luke 1:78	ἡμῶν	ἐγώ	RP	----GP--
Luke 1:78	ἐν	ἐν	P-	--------
Luke 1:78	οἷς	ὅς	RR	----DPN-
Luke 1:78	ἐπισκέψεται	ἐπισκέπτομαι	V-	3FMI-S--
Luke 1:78	ἡμᾶς	ἐγώ	RP	----AP--
Luke 1:78	ἀνατολὴ	ἀνατολή	N-	----NSF-
Luke 1:78	ἐξ	ἐκ	P-	--------
Luke 1:78	ὕψους	ὕψος	N-	----GSN-
Luke 1:79	ἐπιφᾶναι	ἐπιφαίνω	V-	-AAN----
Luke 1:79	τοῖς	ὁ	RA	----DPM-
Luke 1:79	ἐν	ἐν	P-	--------
Luke 1:79	σκότει	σκότος	N-	----DSN-
Luke 1:79	καὶ	καί	C-	--------
Luke 1:79	σκιᾷ	σκιά	N-	----DSF-
Luke 1:79	θανάτου	θάνατος	N-	----GSM-
Luke 1:79	καθημένοις	κάθημαι	V-	-PMPDPM-
Luke 1:79	τοῦ	ὁ	RA	----GSN-
Luke 1:79	κατευθῦναι	κατευθύνω	V-	-AAN----
Luke 1:79	τοὺς	ὁ	RA	----APM-
Luke 1:79	πόδας	πούς	N-	----APM-
Luke 1:79	ἡμῶν	ἐγώ	RP	----GP--
Luke 1:79	εἰς	εἰς	P-	--------
Luke 1:79	ὁδὸν	ὁδός	N-	----ASF-
Luke 1:79	εἰρήνης	εἰρήνη	N-	----GSF-
Luke 1:80	Τὸ	ὁ	RA	----NSN-
Luke 1:80	δὲ	δέ	C-	--------
Luke 1:80	παιδίον	παιδίον	N-	----NSN-
Luke 1:80	ηὔξανε	αὐξάνω	V-	3IAI-S--
Luke 1:80	καὶ	καί	C-	--------
Luke 1:80	ἐκραταιοῦτο	κραταιόομαι	V-	3IPI-S--
Luke 1:80	πνεύματι	πνεῦμα	N-	----DSN-
Luke 1:80	καὶ	καί	C-	--------
Luke 1:80	ἦν	εἰμί	V-	3IAI-S--
Luke 1:80	ἐν	ἐν	P-	--------
Luke 1:80	ταῖς	ὁ	RA	----DPF-
Luke 1:80	ἐρήμοις	ἔρημος	A-	----DPF-
Luke 1:80	ἕως	ἕως	P-	--------
Luke 1:80	ἡμέρας	ἡμέρα	N-	----GSF-
Luke 1:80	ἀναδείξεως	ἀνάδειξις	N-	----GSF-
Luke 1:80	αὐτοῦ	αὐτός	RP	----GSM-
Luke 1:80	πρὸς	πρός	P-	--------
Luke 1:80	τὸν	ὁ	RA	----ASM-
Luke 1:80	Ἰσραήλ	Ἰσραήλ	N-	----ASM-
Luke 2:1	Ἐγένετο	γίνομαι	V-	3AMI-S--
Luke 2:1	δὲ	δέ	C-	--------
Luke 2:1	ἐν	ἐν	P-	--------
Luke 2:1	ταῖς	ὁ	RA	----DPF-
Luke 2:1	ἡμέραις	ἡμέρα	N-	----DPF-
Luke 2:1	ἐκείναις	ἐκεῖνος	RD	----DPF-
Luke 2:1	ἐξῆλθεν	ἐξέρχομαι	V-	3AAI-S--
Luke 2:1	δόγμα	δόγμα	N-	----NSN-
Luke 2:1	παρὰ	παρά	P-	--------
Luke 2:1	Καίσαρος	Καῖσαρ	N-	----GSM-
Luke 2:1	Αὐγούστου	Αὐγοῦστος	N-	----GSM-
Luke 2:1	ἀπογράφεσθαι	ἀπογράφω	V-	-PMN----
Luke 2:1	πᾶσαν	πᾶς	A-	----ASF-
Luke 2:1	τὴν	ὁ	RA	----ASF-
Luke 2:1	οἰκουμένην	οἰκουμένη	N-	----ASF-
Luke 2:2	αὕτη	οὗτος	RD	----NSF-
Luke 2:2	ἀπογραφὴ	ἀπογραφή	N-	----NSF-
Luke 2:2	πρώτη	πρῶτος	A-	----NSF-
Luke 2:2	ἐγένετο	γίνομαι	V-	3AMI-S--
Luke 2:2	ἡγεμονεύοντος	ἡγεμονεύω	V-	-PAPGSM-
Luke 2:2	τῆς	ὁ	RA	----GSF-
Luke 2:2	Συρίας	Συρία	N-	----GSF-
Luke 2:2	Κυρηνίου	Κυρήνιος	N-	----GSM-
Luke 2:3	καὶ	καί	C-	--------
Luke 2:3	ἐπορεύοντο	πορεύομαι	V-	3IMI-P--
Luke 2:3	πάντες	πᾶς	A-	----NPM-
Luke 2:3	ἀπογράφεσθαι	ἀπογράφω	V-	-PMN----
Luke 2:3	ἕκαστος	ἕκαστος	A-	----NSM-
Luke 2:3	εἰς	εἰς	P-	--------
Luke 2:3	τὴν	ὁ	RA	----ASF-
Luke 2:3	ἑαυτοῦ	ἑαυτοῦ	RP	----GSM-
Luke 2:3	πόλιν	πόλις	N-	----ASF-
Luke 2:4	Ἀνέβη	ἀναβαίνω	V-	3AAI-S--
Luke 2:4	δὲ	δέ	C-	--------
Luke 2:4	καὶ	καί	D-	--------
Luke 2:4	Ἰωσὴφ	Ἰωσήφ	N-	----NSM-
Luke 2:4	ἀπὸ	ἀπό	P-	--------
Luke 2:4	τῆς	ὁ	RA	----GSF-
Luke 2:4	Γαλιλαίας	Γαλιλαία	N-	----GSF-
Luke 2:4	ἐκ	ἐκ	P-	--------
Luke 2:4	πόλεως	πόλις	N-	----GSF-
Luke 2:4	Ναζαρὲθ	Ναζαρέθ	N-	----GSF-
Luke 2:4	εἰς	εἰς	P-	--------
Luke 2:4	τὴν	ὁ	RA	----ASF-
Luke 2:4	Ἰουδαίαν	Ἰουδαία	N-	----ASF-
Luke 2:4	εἰς	εἰς	P-	--------
Luke 2:4	πόλιν	πόλις	N-	----ASF-
Luke 2:4	Δαυὶδ	Δαυίδ	N-	----GSM-
Luke 2:4	ἥτις	ὅστις	RR	----NSF-
Luke 2:4	καλεῖται	καλέω	V-	3PPI-S--
Luke 2:4	Βηθλέεμ	Βηθλέεμ	N-	----NSF-
Luke 2:4	διὰ	διά	P-	--------
Luke 2:4	τὸ	ὁ	RA	----ASN-
Luke 2:4	εἶναι	εἰμί	V-	-PAN----
Luke 2:4	αὐτὸν	αὐτός	RP	----ASM-
Luke 2:4	ἐξ	ἐκ	P-	--------
Luke 2:4	οἴκου	οἶκος	N-	----GSM-
Luke 2:4	καὶ	καί	C-	--------
Luke 2:4	πατριᾶς	πατριά	N-	----GSF-
Luke 2:4	Δαυίδ	Δαυίδ	N-	----GSM-
Luke 2:5	ἀπογράψασθαι	ἀπογράφω	V-	-AMN----
Luke 2:5	σὺν	σύν	P-	--------
Luke 2:5	Μαριὰμ	Μαριάμ	N-	----DSF-
Luke 2:5	τῇ	ὁ	RA	----DSF-
Luke 2:5	ἐμνηστευμένῃ	μνηστεύομαι	V-	-XPPDSF-
Luke 2:5	αὐτῷ	αὐτός	RP	----DSM-
Luke 2:5	οὔσῃ	εἰμί	V-	-PAPDSF-
Luke 2:5	ἐγκύῳ	ἔγκυος	A-	----DSF-
Luke 2:6	ἐγένετο	γίνομαι	V-	3AMI-S--
Luke 2:6	δὲ	δέ	C-	--------
Luke 2:6	ἐν	ἐν	P-	--------
Luke 2:6	τῷ	ὁ	RA	----DSN-
Luke 2:6	εἶναι	εἰμί	V-	-PAN----
Luke 2:6	αὐτοὺς	αὐτός	RP	----APM-
Luke 2:6	ἐκεῖ	ἐκεῖ	D-	--------
Luke 2:6	ἐπλήσθησαν	πίμπλημι	V-	3API-P--
Luke 2:6	αἱ	ὁ	RA	----NPF-
Luke 2:6	ἡμέραι	ἡμέρα	N-	----NPF-
Luke 2:6	τοῦ	ὁ	RA	----GSN-
Luke 2:6	τεκεῖν	τίκτω	V-	-AAN----
Luke 2:6	αὐτήν	αὐτός	RP	----ASF-
Luke 2:7	καὶ	καί	C-	--------
Luke 2:7	ἔτεκεν	τίκτω	V-	3AAI-S--
Luke 2:7	τὸν	ὁ	RA	----ASM-
Luke 2:7	υἱὸν	υἱός	N-	----ASM-
Luke 2:7	αὐτῆς	αὐτός	RP	----GSF-
Luke 2:7	τὸν	ὁ	RA	----ASM-
Luke 2:7	πρωτότοκον	πρωτότοκος	A-	----ASM-
Luke 2:7	καὶ	καί	C-	--------
Luke 2:7	ἐσπαργάνωσεν	σπαργανόω	V-	3AAI-S--
Luke 2:7	αὐτὸν	αὐτός	RP	----ASM-
Luke 2:7	καὶ	καί	C-	--------
Luke 2:7	ἀνέκλινεν	ἀνακλίνω	V-	3AAI-S--
Luke 2:7	αὐτὸν	αὐτός	RP	----ASM-
Luke 2:7	ἐν	ἐν	P-	--------
Luke 2:7	φάτνῃ	φάτνη	N-	----DSF-
Luke 2:7	διότι	διότι	C-	--------
Luke 2:7	οὐκ	οὐ	D-	--------
Luke 2:7	ἦν	εἰμί	V-	3IAI-S--
Luke 2:7	αὐτοῖς	αὐτός	RP	----DPM-
Luke 2:7	τόπος	τόπος	N-	----NSM-
Luke 2:7	ἐν	ἐν	P-	--------
Luke 2:7	τῷ	ὁ	RA	----DSN-
Luke 2:7	καταλύματι	κατάλυμα	N-	----DSN-
Luke 2:8	Καὶ	καί	C-	--------
Luke 2:8	ποιμένες	ποιμήν	N-	----NPM-
Luke 2:8	ἦσαν	εἰμί	V-	3IAI-P--
Luke 2:8	ἐν	ἐν	P-	--------
Luke 2:8	τῇ	ὁ	RA	----DSF-
Luke 2:8	χώρᾳ	χώρα	N-	----DSF-
Luke 2:8	τῇ	ὁ	RA	----DSF-
Luke 2:8	αὐτῇ	αὐτός	A-	----DSF-
Luke 2:8	ἀγραυλοῦντες	ἀγραυλέω	V-	-PAPNPM-
Luke 2:8	καὶ	καί	C-	--------
Luke 2:8	φυλάσσοντες	φυλάσσω	V-	-PAPNPM-
Luke 2:8	φυλακὰς	φυλακή	N-	----APF-
Luke 2:8	τῆς	ὁ	RA	----GSF-
Luke 2:8	νυκτὸς	νύξ	N-	----GSF-
Luke 2:8	ἐπὶ	ἐπί	P-	--------
Luke 2:8	τὴν	ὁ	RA	----ASF-
Luke 2:8	ποίμνην	ποίμνη	N-	----ASF-
Luke 2:8	αὐτῶν	αὐτός	RP	----GPM-
Luke 2:9	καὶ	καί	C-	--------
Luke 2:9	ἄγγελος	ἄγγελος	N-	----NSM-
Luke 2:9	κυρίου	κύριος	N-	----GSM-
Luke 2:9	ἐπέστη	ἐφίστημι	V-	3AAI-S--
Luke 2:9	αὐτοῖς	αὐτός	RP	----DPM-
Luke 2:9	καὶ	καί	C-	--------
Luke 2:9	δόξα	δόξα	N-	----NSF-
Luke 2:9	κυρίου	κύριος	N-	----GSM-
Luke 2:9	περιέλαμψεν	περιλάμπω	V-	3AAI-S--
Luke 2:9	αὐτούς	αὐτός	RP	----APM-
Luke 2:9	καὶ	καί	C-	--------
Luke 2:9	ἐφοβήθησαν	φοβέομαι	V-	3API-P--
Luke 2:9	φόβον	φόβος	N-	----ASM-
Luke 2:9	μέγαν	μέγας	A-	----ASM-
Luke 2:10	καὶ	καί	C-	--------
Luke 2:10	εἶπεν	λέγω	V-	3AAI-S--
Luke 2:10	αὐτοῖς	αὐτός	RP	----DPM-
Luke 2:10	ὁ	ὁ	RA	----NSM-
Luke 2:10	ἄγγελος	ἄγγελος	N-	----NSM-
Luke 2:10	Μὴ	μή	D-	--------
Luke 2:10	φοβεῖσθε	φοβέομαι	V-	2PMD-P--
Luke 2:10	ἰδοὺ	ἰδού	X-	--------
Luke 2:10	γὰρ	γάρ	C-	--------
Luke 2:10	εὐαγγελίζομαι	εὐαγγελίζω	V-	1PMI-S--
Luke 2:10	ὑμῖν	σύ	RP	----DP--
Luke 2:10	χαρὰν	χαρά	N-	----ASF-
Luke 2:10	μεγάλην	μέγας	A-	----ASF-
Luke 2:10	ἥτις	ὅστις	RR	----NSF-
Luke 2:10	ἔσται	εἰμί	V-	3FMI-S--
Luke 2:10	παντὶ	πᾶς	A-	----DSM-
Luke 2:10	τῷ	ὁ	RA	----DSM-
Luke 2:10	λαῷ	λαός	N-	----DSM-
Luke 2:11	ὅτι	ὅτι	C-	--------
Luke 2:11	ἐτέχθη	τίκτω	V-	3API-S--
Luke 2:11	ὑμῖν	σύ	RP	----DP--
Luke 2:11	σήμερον	σήμερον	D-	--------
Luke 2:11	σωτὴρ	σωτήρ	N-	----NSM-
Luke 2:11	ὅς	ὅς	RR	----NSM-
Luke 2:11	ἐστιν	εἰμί	V-	3PAI-S--
Luke 2:11	χριστὸς	Χριστός	N-	----NSM-
Luke 2:11	κύριος	κύριος	N-	----NSM-
Luke 2:11	ἐν	ἐν	P-	--------
Luke 2:11	πόλει	πόλις	N-	----DSF-
Luke 2:11	Δαυίδ	Δαυίδ	N-	----GSM-
Luke 2:12	καὶ	καί	C-	--------
Luke 2:12	τοῦτο	οὗτος	RD	----NSN-
Luke 2:12	ὑμῖν	σύ	RP	----DP--
Luke 2:12	τὸ	ὁ	RA	----NSN-
Luke 2:12	σημεῖον	σημεῖον	N-	----NSN-
Luke 2:12	εὑρήσετε	εὑρίσκω	V-	2FAI-P--
Luke 2:12	βρέφος	βρέφος	N-	----ASN-
Luke 2:12	ἐσπαργανωμένον	σπαργανόω	V-	-XPPASN-
Luke 2:12	καὶ	καί	C-	--------
Luke 2:12	κείμενον	κεῖμαι	V-	-PMPASN-
Luke 2:12	ἐν	ἐν	P-	--------
Luke 2:12	φάτνῃ	φάτνη	N-	----DSF-
Luke 2:13	καὶ	καί	C-	--------
Luke 2:13	ἐξαίφνης	ἐξαίφνης	D-	--------
Luke 2:13	ἐγένετο	γίνομαι	V-	3AMI-S--
Luke 2:13	σὺν	σύν	P-	--------
Luke 2:13	τῷ	ὁ	RA	----DSM-
Luke 2:13	ἀγγέλῳ	ἄγγελος	N-	----DSM-
Luke 2:13	πλῆθος	πλῆθος	N-	----NSN-
Luke 2:13	στρατιᾶς	στρατιά	N-	----GSF-
Luke 2:13	οὐρανίου	οὐράνιος	A-	----GSF-
Luke 2:13	αἰνούντων	αἰνέω	V-	-PAPGPM-
Luke 2:13	τὸν	ὁ	RA	----ASM-
Luke 2:13	θεὸν	θεός	N-	----ASM-
Luke 2:13	καὶ	καί	C-	--------
Luke 2:13	λεγόντων	λέγω	V-	-PAPGPM-
Luke 2:14	Δόξα	δόξα	N-	----NSF-
Luke 2:14	ἐν	ἐν	P-	--------
Luke 2:14	ὑψίστοις	ὕψιστος	A-	----DPNS
Luke 2:14	θεῷ	θεός	N-	----DSM-
Luke 2:14	καὶ	καί	C-	--------
Luke 2:14	ἐπὶ	ἐπί	P-	--------
Luke 2:14	γῆς	γῆ	N-	----GSF-
Luke 2:14	εἰρήνη	εἰρήνη	N-	----NSF-
Luke 2:14	ἐν	ἐν	P-	--------
Luke 2:14	ἀνθρώποις	ἄνθρωπος	N-	----DPM-
Luke 2:14	εὐδοκίας	εὐδοκία	N-	----GSF-
Luke 2:15	Καὶ	καί	C-	--------
Luke 2:15	ἐγένετο	γίνομαι	V-	3AMI-S--
Luke 2:15	ὡς	ὡς	C-	--------
Luke 2:15	ἀπῆλθον	ἀπέρχομαι	V-	3AAI-P--
Luke 2:15	ἀπ’	ἀπό	P-	--------
Luke 2:15	αὐτῶν	αὐτός	RP	----GPM-
Luke 2:15	εἰς	εἰς	P-	--------
Luke 2:15	τὸν	ὁ	RA	----ASM-
Luke 2:15	οὐρανὸν	οὐρανός	N-	----ASM-
Luke 2:15	οἱ	ὁ	RA	----NPM-
Luke 2:15	ἄγγελοι	ἄγγελος	N-	----NPM-
Luke 2:15	οἱ	ὁ	RA	----NPM-
Luke 2:15	ποιμένες	ποιμήν	N-	----NPM-
Luke 2:15	ἐλάλουν	λαλέω	V-	3IAI-P--
Luke 2:15	πρὸς	πρός	P-	--------
Luke 2:15	ἀλλήλους	ἀλλήλων	RP	----APM-
Luke 2:15	Διέλθωμεν	διέρχομαι	V-	1AAS-P--
Luke 2:15	δὴ	δή	X-	--------
Luke 2:15	ἕως	ἕως	P-	--------
Luke 2:15	Βηθλέεμ	Βηθλέεμ	N-	----GSF-
Luke 2:15	καὶ	καί	C-	--------
Luke 2:15	ἴδωμεν	ὁράω	V-	1AAS-P--
Luke 2:15	τὸ	ὁ	RA	----ASN-
Luke 2:15	ῥῆμα	ῥῆμα	N-	----ASN-
Luke 2:15	τοῦτο	οὗτος	RD	----ASN-
Luke 2:15	τὸ	ὁ	RA	----ASN-
Luke 2:15	γεγονὸς	γίνομαι	V-	-XAPASN-
Luke 2:15	ὃ	ὅς	RR	----ASN-
Luke 2:15	ὁ	ὁ	RA	----NSM-
Luke 2:15	κύριος	κύριος	N-	----NSM-
Luke 2:15	ἐγνώρισεν	γνωρίζω	V-	3AAI-S--
Luke 2:15	ἡμῖν	ἐγώ	RP	----DP--
Luke 2:16	καὶ	καί	C-	--------
Luke 2:16	ἦλθαν	ἔρχομαι	V-	3AAI-P--
Luke 2:16	σπεύσαντες	σπεύδω	V-	-AAPNPM-
Luke 2:16	καὶ	καί	C-	--------
Luke 2:16	ἀνεῦραν	ἀνευρίσκω	V-	3AAI-P--
Luke 2:16	τήν	ὁ	RA	----ASF-
Luke 2:16	τε	τέ	C-	--------
Luke 2:16	Μαριὰμ	Μαριάμ	N-	----ASF-
Luke 2:16	καὶ	καί	C-	--------
Luke 2:16	τὸν	ὁ	RA	----ASM-
Luke 2:16	Ἰωσὴφ	Ἰωσήφ	N-	----ASM-
Luke 2:16	καὶ	καί	C-	--------
Luke 2:16	τὸ	ὁ	RA	----ASN-
Luke 2:16	βρέφος	βρέφος	N-	----ASN-
Luke 2:16	κείμενον	κεῖμαι	V-	-PMPASN-
Luke 2:16	ἐν	ἐν	P-	--------
Luke 2:16	τῇ	ὁ	RA	----DSF-
Luke 2:16	φάτνῃ	φάτνη	N-	----DSF-
Luke 2:17	ἰδόντες	ὁράω	V-	-AAPNPM-
Luke 2:17	δὲ	δέ	C-	--------
Luke 2:17	ἐγνώρισαν	γνωρίζω	V-	3AAI-P--
Luke 2:17	περὶ	περί	P-	--------
Luke 2:17	τοῦ	ὁ	RA	----GSN-
Luke 2:17	ῥήματος	ῥῆμα	N-	----GSN-
Luke 2:17	τοῦ	ὁ	RA	----GSN-
Luke 2:17	λαληθέντος	λαλέω	V-	-APPGSN-
Luke 2:17	αὐτοῖς	αὐτός	RP	----DPM-
Luke 2:17	περὶ	περί	P-	--------
Luke 2:17	τοῦ	ὁ	RA	----GSN-
Luke 2:17	παιδίου	παιδίον	N-	----GSN-
Luke 2:17	τούτου	οὗτος	RD	----GSN-
Luke 2:18	καὶ	καί	C-	--------
Luke 2:18	πάντες	πᾶς	A-	----NPM-
Luke 2:18	οἱ	ὁ	RA	----NPM-
Luke 2:18	ἀκούσαντες	ἀκούω	V-	-AAPNPM-
Luke 2:18	ἐθαύμασαν	θαυμάζω	V-	3AAI-P--
Luke 2:18	περὶ	περί	P-	--------
Luke 2:18	τῶν	ὁ	RA	----GPN-
Luke 2:18	λαληθέντων	λαλέω	V-	-APPGPN-
Luke 2:18	ὑπὸ	ὑπό	P-	--------
Luke 2:18	τῶν	ὁ	RA	----GPM-
Luke 2:18	ποιμένων	ποιμήν	N-	----GPM-
Luke 2:18	πρὸς	πρός	P-	--------
Luke 2:18	αὐτούς	αὐτός	RP	----APM-
Luke 2:19	ἡ	ὁ	RA	----NSF-
Luke 2:19	δὲ	δέ	C-	--------
Luke 2:19	Μαρία	Μαρία	N-	----NSF-
Luke 2:19	πάντα	πᾶς	A-	----APN-
Luke 2:19	συνετήρει	συντηρέω	V-	3IAI-S--
Luke 2:19	τὰ	ὁ	RA	----APN-
Luke 2:19	ῥήματα	ῥῆμα	N-	----APN-
Luke 2:19	ταῦτα	οὗτος	RD	----APN-
Luke 2:19	συμβάλλουσα	συμβάλλω	V-	-PAPNSF-
Luke 2:19	ἐν	ἐν	P-	--------
Luke 2:19	τῇ	ὁ	RA	----DSF-
Luke 2:19	καρδίᾳ	καρδία	N-	----DSF-
Luke 2:19	αὐτῆς	αὐτός	RP	----GSF-
Luke 2:20	καὶ	καί	C-	--------
Luke 2:20	ὑπέστρεψαν	ὑποστρέφω	V-	3AAI-P--
Luke 2:20	οἱ	ὁ	RA	----NPM-
Luke 2:20	ποιμένες	ποιμήν	N-	----NPM-
Luke 2:20	δοξάζοντες	δοξάζω	V-	-PAPNPM-
Luke 2:20	καὶ	καί	C-	--------
Luke 2:20	αἰνοῦντες	αἰνέω	V-	-PAPNPM-
Luke 2:20	τὸν	ὁ	RA	----ASM-
Luke 2:20	θεὸν	θεός	N-	----ASM-
Luke 2:20	ἐπὶ	ἐπί	P-	--------
Luke 2:20	πᾶσιν	πᾶς	A-	----DPN-
Luke 2:20	οἷς	ὅς	RR	----DPN-
Luke 2:20	ἤκουσαν	ἀκούω	V-	3AAI-P--
Luke 2:20	καὶ	καί	C-	--------
Luke 2:20	εἶδον	ὁράω	V-	3AAI-P--
Luke 2:20	καθὼς	καθώς	C-	--------
Luke 2:20	ἐλαλήθη	λαλέω	V-	3API-S--
Luke 2:20	πρὸς	πρός	P-	--------
Luke 2:20	αὐτούς	αὐτός	RP	----APM-
Luke 2:21	Καὶ	καί	C-	--------
Luke 2:21	ὅτε	ὅτε	C-	--------
Luke 2:21	ἐπλήσθησαν	πίμπλημι	V-	3API-P--
Luke 2:21	ἡμέραι	ἡμέρα	N-	----NPF-
Luke 2:21	ὀκτὼ	ὀκτώ	A-	----NPF-
Luke 2:21	τοῦ	ὁ	RA	----GSN-
Luke 2:21	περιτεμεῖν	περιτέμνω	V-	-AAN----
Luke 2:21	αὐτόν	αὐτός	RP	----ASM-
Luke 2:21	καὶ	καί	C-	--------
Luke 2:21	ἐκλήθη	καλέω	V-	3API-S--
Luke 2:21	τὸ	ὁ	RA	----NSN-
Luke 2:21	ὄνομα	ὄνομα	N-	----NSN-
Luke 2:21	αὐτοῦ	αὐτός	RP	----GSM-
Luke 2:21	Ἰησοῦς	Ἰησοῦς	N-	----NSM-
Luke 2:21	τὸ	ὁ	RA	----NSN-
Luke 2:21	κληθὲν	καλέω	V-	-APPNSN-
Luke 2:21	ὑπὸ	ὑπό	P-	--------
Luke 2:21	τοῦ	ὁ	RA	----GSM-
Luke 2:21	ἀγγέλου	ἄγγελος	N-	----GSM-
Luke 2:21	πρὸ	πρό	P-	--------
Luke 2:21	τοῦ	ὁ	RA	----GSN-
Luke 2:21	συλλημφθῆναι	συλλαμβάνω	V-	-APN----
Luke 2:21	αὐτὸν	αὐτός	RP	----ASM-
Luke 2:21	ἐν	ἐν	P-	--------
Luke 2:21	τῇ	ὁ	RA	----DSF-
Luke 2:21	κοιλίᾳ	κοιλία	N-	----DSF-
Luke 2:22	Καὶ	καί	C-	--------
Luke 2:22	ὅτε	ὅτε	C-	--------
Luke 2:22	ἐπλήσθησαν	πίμπλημι	V-	3API-P--
Luke 2:22	αἱ	ὁ	RA	----NPF-
Luke 2:22	ἡμέραι	ἡμέρα	N-	----NPF-
Luke 2:22	τοῦ	ὁ	RA	----GSM-
Luke 2:22	καθαρισμοῦ	καθαρισμός	N-	----GSM-
Luke 2:22	αὐτῶν	αὐτός	RP	----GPM-
Luke 2:22	κατὰ	κατά	P-	--------
Luke 2:22	τὸν	ὁ	RA	----ASM-
Luke 2:22	νόμον	νόμος	N-	----ASM-
Luke 2:22	Μωϋσέως	Μωϋσῆς	N-	----GSM-
Luke 2:22	ἀνήγαγον	ἀνάγω	V-	3AAI-P--
Luke 2:22	αὐτὸν	αὐτός	RP	----ASM-
Luke 2:22	εἰς	εἰς	P-	--------
Luke 2:22	Ἱεροσόλυμα	Ἱεροσόλυμα	N-	----APN-
Luke 2:22	παραστῆσαι	παρίστημι	V-	-AAN----
Luke 2:22	τῷ	ὁ	RA	----DSM-
Luke 2:22	κυρίῳ	κύριος	N-	----DSM-
Luke 2:23	καθὼς	καθώς	C-	--------
Luke 2:23	γέγραπται	γράφω	V-	3XPI-S--
Luke 2:23	ἐν	ἐν	P-	--------
Luke 2:23	νόμῳ	νόμος	N-	----DSM-
Luke 2:23	κυρίου	κύριος	N-	----GSM-
Luke 2:23	ὅτι	ὅτι	C-	--------
Luke 2:23	Πᾶν	πᾶς	A-	----NSN-
Luke 2:23	ἄρσεν	ἄρσην	A-	----NSN-
Luke 2:23	διανοῖγον	διανοίγω	V-	-PAPNSN-
Luke 2:23	μήτραν	μήτρα	N-	----ASF-
Luke 2:23	ἅγιον	ἅγιος	A-	----NSN-
Luke 2:23	τῷ	ὁ	RA	----DSM-
Luke 2:23	κυρίῳ	κύριος	N-	----DSM-
Luke 2:23	κληθήσεται	καλέω	V-	3FPI-S--
Luke 2:24	καὶ	καί	C-	--------
Luke 2:24	τοῦ	ὁ	RA	----GSN-
Luke 2:24	δοῦναι	δίδωμι	V-	-AAN----
Luke 2:24	θυσίαν	θυσία	N-	----ASF-
Luke 2:24	κατὰ	κατά	P-	--------
Luke 2:24	τὸ	ὁ	RA	----ASN-
Luke 2:24	εἰρημένον	λέγω	V-	-XPPASN-
Luke 2:24	ἐν	ἐν	P-	--------
Luke 2:24	τῷ	ὁ	RA	----DSM-
Luke 2:24	νόμῳ	νόμος	N-	----DSM-
Luke 2:24	κυρίου	κύριος	N-	----GSM-
Luke 2:24	ζεῦγος	ζεῦγος	N-	----ASN-
Luke 2:24	τρυγόνων	τρυγών	N-	----GPF-
Luke 2:24	ἢ	ἤ	C-	--------
Luke 2:24	δύο	δύο	A-	----APM-
Luke 2:24	νοσσοὺς	νοσσός	N-	----APM-
Luke 2:24	περιστερῶν	περιστερά	N-	----GPF-
Luke 2:25	Καὶ	καί	C-	--------
Luke 2:25	ἰδοὺ	ἰδού	X-	--------
Luke 2:25	ἄνθρωπος	ἄνθρωπος	N-	----NSM-
Luke 2:25	ἦν	εἰμί	V-	3IAI-S--
Luke 2:25	ἐν	ἐν	P-	--------
Luke 2:25	Ἰερουσαλὴμ	Ἰερουσαλήμ	N-	----DSF-
Luke 2:25	ᾧ	ὅς	RR	----DSM-
Luke 2:25	ὄνομα	ὄνομα	N-	----NSN-
Luke 2:25	Συμεών	Συμεών	N-	----NSM-
Luke 2:25	καὶ	καί	C-	--------
Luke 2:25	ὁ	ὁ	RA	----NSM-
Luke 2:25	ἄνθρωπος	ἄνθρωπος	N-	----NSM-
Luke 2:25	οὗτος	οὗτος	RD	----NSM-
Luke 2:25	δίκαιος	δίκαιος	A-	----NSM-
Luke 2:25	καὶ	καί	C-	--------
Luke 2:25	εὐλαβής	εὐλαβής	A-	----NSM-
Luke 2:25	προσδεχόμενος	προσδέχομαι	V-	-PMPNSM-
Luke 2:25	παράκλησιν	παράκλησις	N-	----ASF-
Luke 2:25	τοῦ	ὁ	RA	----GSM-
Luke 2:25	Ἰσραήλ	Ἰσραήλ	N-	----GSM-
Luke 2:25	καὶ	καί	C-	--------
Luke 2:25	πνεῦμα	πνεῦμα	N-	----NSN-
Luke 2:25	ἦν	εἰμί	V-	3IAI-S--
Luke 2:25	ἅγιον	ἅγιος	A-	----NSN-
Luke 2:25	ἐπ’	ἐπί	P-	--------
Luke 2:25	αὐτόν	αὐτός	RP	----ASM-
Luke 2:26	καὶ	καί	C-	--------
Luke 2:26	ἦν	εἰμί	V-	3IAI-S--
Luke 2:26	αὐτῷ	αὐτός	RP	----DSM-
Luke 2:26	κεχρηματισμένον	χρηματίζω	V-	-XPPNSN-
Luke 2:26	ὑπὸ	ὑπό	P-	--------
Luke 2:26	τοῦ	ὁ	RA	----GSN-
Luke 2:26	πνεύματος	πνεῦμα	N-	----GSN-
Luke 2:26	τοῦ	ὁ	RA	----GSN-
Luke 2:26	ἁγίου	ἅγιος	A-	----GSN-
Luke 2:26	μὴ	μή	D-	--------
Luke 2:26	ἰδεῖν	ὁράω	V-	-AAN----
Luke 2:26	θάνατον	θάνατος	N-	----ASM-
Luke 2:26	πρὶν	πρίν	C-	--------
Luke 2:26	ἢ	ἤ	C-	--------
Luke 2:26	ἂν	ἄν	X-	--------
Luke 2:26	ἴδῃ	ὁράω	V-	3AAS-S--
Luke 2:26	τὸν	ὁ	RA	----ASM-
Luke 2:26	χριστὸν	Χριστός	N-	----ASM-
Luke 2:26	κυρίου	κύριος	N-	----GSM-
Luke 2:27	καὶ	καί	C-	--------
Luke 2:27	ἦλθεν	ἔρχομαι	V-	3AAI-S--
Luke 2:27	ἐν	ἐν	P-	--------
Luke 2:27	τῷ	ὁ	RA	----DSN-
Luke 2:27	πνεύματι	πνεῦμα	N-	----DSN-
Luke 2:27	εἰς	εἰς	P-	--------
Luke 2:27	τὸ	ὁ	RA	----ASN-
Luke 2:27	ἱερόν	ἱερός	A-	----ASN-
Luke 2:27	καὶ	καί	C-	--------
Luke 2:27	ἐν	ἐν	P-	--------
Luke 2:27	τῷ	ὁ	RA	----DSN-
Luke 2:27	εἰσαγαγεῖν	εἰσάγω	V-	-AAN----
Luke 2:27	τοὺς	ὁ	RA	----APM-
Luke 2:27	γονεῖς	γονεύς	N-	----APM-
Luke 2:27	τὸ	ὁ	RA	----ASN-
Luke 2:27	παιδίον	παιδίον	N-	----ASN-
Luke 2:27	Ἰησοῦν	Ἰησοῦς	N-	----ASM-
Luke 2:27	τοῦ	ὁ	RA	----GSN-
Luke 2:27	ποιῆσαι	ποιέω	V-	-AAN----
Luke 2:27	αὐτοὺς	αὐτός	RP	----APM-
Luke 2:27	κατὰ	κατά	P-	--------
Luke 2:27	τὸ	ὁ	RA	----ASN-
Luke 2:27	εἰθισμένον	ἐθίζω	V-	-XPPASN-
Luke 2:27	τοῦ	ὁ	RA	----GSM-
Luke 2:27	νόμου	νόμος	N-	----GSM-
Luke 2:27	περὶ	περί	P-	--------
Luke 2:27	αὐτοῦ	αὐτός	RP	----GSM-
Luke 2:28	καὶ	καί	C-	--------
Luke 2:28	αὐτὸς	αὐτός	RP	----NSM-
Luke 2:28	ἐδέξατο	δέχομαι	V-	3AMI-S--
Luke 2:28	αὐτὸ	αὐτός	RP	----ASN-
Luke 2:28	εἰς	εἰς	P-	--------
Luke 2:28	τὰς	ὁ	RA	----APF-
Luke 2:28	ἀγκάλας	ἀγκάλη	N-	----APF-
Luke 2:28	καὶ	καί	C-	--------
Luke 2:28	εὐλόγησεν	εὐλογέω	V-	3AAI-S--
Luke 2:28	τὸν	ὁ	RA	----ASM-
Luke 2:28	θεὸν	θεός	N-	----ASM-
Luke 2:28	καὶ	καί	C-	--------
Luke 2:28	εἶπεν	λέγω	V-	3AAI-S--
Luke 2:29	Νῦν	νῦν	D-	--------
Luke 2:29	ἀπολύεις	ἀπολύω	V-	2PAI-S--
Luke 2:29	τὸν	ὁ	RA	----ASM-
Luke 2:29	δοῦλόν	δοῦλος	N-	----ASM-
Luke 2:29	σου	σύ	RP	----GS--
Luke 2:29	δέσποτα	δεσπότης	N-	----VSM-
Luke 2:29	κατὰ	κατά	P-	--------
Luke 2:29	τὸ	ὁ	RA	----ASN-
Luke 2:29	ῥῆμά	ῥῆμα	N-	----ASN-
Luke 2:29	σου	σύ	RP	----GS--
Luke 2:29	ἐν	ἐν	P-	--------
Luke 2:29	εἰρήνῃ	εἰρήνη	N-	----DSF-
Luke 2:30	ὅτι	ὅτι	C-	--------
Luke 2:30	εἶδον	ὁράω	V-	3AAI-P--
Luke 2:30	οἱ	ὁ	RA	----NPM-
Luke 2:30	ὀφθαλμοί	ὀφθαλμός	N-	----NPM-
Luke 2:30	μου	ἐγώ	RP	----GS--
Luke 2:30	τὸ	ὁ	RA	----ASN-
Luke 2:30	σωτήριόν	σωτήριος	A-	----ASN-
Luke 2:30	σου	σύ	RP	----GS--
Luke 2:31	ὃ	ὅς	RR	----ASN-
Luke 2:31	ἡτοίμασας	ἑτοιμάζω	V-	2AAI-S--
Luke 2:31	κατὰ	κατά	P-	--------
Luke 2:31	πρόσωπον	πρόσωπον	N-	----ASN-
Luke 2:31	πάντων	πᾶς	A-	----GPM-
Luke 2:31	τῶν	ὁ	RA	----GPM-
Luke 2:31	λαῶν	λαός	N-	----GPM-
Luke 2:32	φῶς	φῶς	N-	----ASN-
Luke 2:32	εἰς	εἰς	P-	--------
Luke 2:32	ἀποκάλυψιν	ἀποκάλυψις	N-	----ASF-
Luke 2:32	ἐθνῶν	ἔθνος	N-	----GPN-
Luke 2:32	καὶ	καί	C-	--------
Luke 2:32	δόξαν	δόξα	N-	----ASF-
Luke 2:32	λαοῦ	λαός	N-	----GSM-
Luke 2:32	σου	σύ	RP	----GS--
Luke 2:32	Ἰσραήλ	Ἰσραήλ	N-	----GSM-
Luke 2:33	καὶ	καί	C-	--------
Luke 2:33	ἦν	εἰμί	V-	3IAI-S--
Luke 2:33	ὁ	ὁ	RA	----NSM-
Luke 2:33	πατὴρ	πατήρ	N-	----NSM-
Luke 2:33	αὐτοῦ	αὐτός	RP	----GSM-
Luke 2:33	καὶ	καί	C-	--------
Luke 2:33	ἡ	ὁ	RA	----NSF-
Luke 2:33	μήτηρ	μήτηρ	N-	----NSF-
Luke 2:33	θαυμάζοντες	θαυμάζω	V-	-PAPNPM-
Luke 2:33	ἐπὶ	ἐπί	P-	--------
Luke 2:33	τοῖς	ὁ	RA	----DPN-
Luke 2:33	λαλουμένοις	λαλέω	V-	-PPPDPN-
Luke 2:33	περὶ	περί	P-	--------
Luke 2:33	αὐτοῦ	αὐτός	RP	----GSM-
Luke 2:34	καὶ	καί	C-	--------
Luke 2:34	εὐλόγησεν	εὐλογέω	V-	3AAI-S--
Luke 2:34	αὐτοὺς	αὐτός	RP	----APM-
Luke 2:34	Συμεὼν	Συμεών	N-	----NSM-
Luke 2:34	καὶ	καί	C-	--------
Luke 2:34	εἶπεν	λέγω	V-	3AAI-S--
Luke 2:34	πρὸς	πρός	P-	--------
Luke 2:34	Μαριὰμ	Μαριάμ	N-	----ASF-
Luke 2:34	τὴν	ὁ	RA	----ASF-
Luke 2:34	μητέρα	μήτηρ	N-	----ASF-
Luke 2:34	αὐτοῦ	αὐτός	RP	----GSM-
Luke 2:34	Ἰδοὺ	ἰδού	X-	--------
Luke 2:34	οὗτος	οὗτος	RD	----NSM-
Luke 2:34	κεῖται	κεῖμαι	V-	3PMI-S--
Luke 2:34	εἰς	εἰς	P-	--------
Luke 2:34	πτῶσιν	πτῶσις	N-	----ASF-
Luke 2:34	καὶ	καί	C-	--------
Luke 2:34	ἀνάστασιν	ἀνάστασις	N-	----ASF-
Luke 2:34	πολλῶν	πολύς	A-	----GPM-
Luke 2:34	ἐν	ἐν	P-	--------
Luke 2:34	τῷ	ὁ	RA	----DSM-
Luke 2:34	Ἰσραὴλ	Ἰσραήλ	N-	----DSM-
Luke 2:34	καὶ	καί	C-	--------
Luke 2:34	εἰς	εἰς	P-	--------
Luke 2:34	σημεῖον	σημεῖον	N-	----ASN-
Luke 2:34	ἀντιλεγόμενον	ἀντιλέγω	V-	-PPPASN-
Luke 2:35	καὶ	καί	C-	--------
Luke 2:35	σοῦ	σύ	RP	----GS--
Luke 2:35	δὲ	δέ	C-	--------
Luke 2:35	αὐτῆς	αὐτός	RP	----GSF-
Luke 2:35	τὴν	ὁ	RA	----ASF-
Luke 2:35	ψυχὴν	ψυχή	N-	----ASF-
Luke 2:35	διελεύσεται	διέρχομαι	V-	3FMI-S--
Luke 2:35	ῥομφαία	ῥομφαία	N-	----NSF-
Luke 2:35	ὅπως	ὅπως	C-	--------
Luke 2:35	ἂν	ἄν	X-	--------
Luke 2:35	ἀποκαλυφθῶσιν	ἀποκαλύπτω	V-	3APS-P--
Luke 2:35	ἐκ	ἐκ	P-	--------
Luke 2:35	πολλῶν	πολύς	A-	----GPF-
Luke 2:35	καρδιῶν	καρδία	N-	----GPF-
Luke 2:35	διαλογισμοί	διαλογισμός	N-	----NPM-
Luke 2:36	Καὶ	καί	C-	--------
Luke 2:36	ἦν	εἰμί	V-	3IAI-S--
Luke 2:36	Ἅννα	Ἅννα	N-	----NSF-
Luke 2:36	προφῆτις	προφῆτις	N-	----NSF-
Luke 2:36	θυγάτηρ	θυγάτηρ	N-	----NSF-
Luke 2:36	Φανουήλ	Φανουήλ	N-	----GSM-
Luke 2:36	ἐκ	ἐκ	P-	--------
Luke 2:36	φυλῆς	φυλή	N-	----GSF-
Luke 2:36	Ἀσήρ	Ἀσήρ	N-	----GSM-
Luke 2:36	αὕτη	οὗτος	RD	----NSF-
Luke 2:36	προβεβηκυῖα	προβαίνω	V-	-XAPNSF-
Luke 2:36	ἐν	ἐν	P-	--------
Luke 2:36	ἡμέραις	ἡμέρα	N-	----DPF-
Luke 2:36	πολλαῖς	πολύς	A-	----DPF-
Luke 2:36	ζήσασα	ζάω	V-	-AAPNSF-
Luke 2:36	μετὰ	μετά	P-	--------
Luke 2:36	ἀνδρὸς	ἀνήρ	N-	----GSM-
Luke 2:36	ἔτη	ἔτος	N-	----APN-
Luke 2:36	ἑπτὰ	ἑπτά	A-	----APN-
Luke 2:36	ἀπὸ	ἀπό	P-	--------
Luke 2:36	τῆς	ὁ	RA	----GSF-
Luke 2:36	παρθενίας	παρθενία	N-	----GSF-
Luke 2:36	αὐτῆς	αὐτός	RP	----GSF-
Luke 2:37	καὶ	καί	C-	--------
Luke 2:37	αὐτὴ	αὐτός	RP	----NSF-
Luke 2:37	χήρα	χήρα	A-	----NSF-
Luke 2:37	ἕως	ἕως	P-	--------
Luke 2:37	ἐτῶν	ἔτος	N-	----GPN-
Luke 2:37	ὀγδοήκοντα	ὀγδοήκοντα	A-	----GPN-
Luke 2:37	τεσσάρων	τέσσαρες	A-	----GPN-
Luke 2:37	ἣ	ὅς	RR	----NSF-
Luke 2:37	οὐκ	οὐ	D-	--------
Luke 2:37	ἀφίστατο	ἀφίσταμαι	V-	3IMI-S--
Luke 2:37	τοῦ	ὁ	RA	----GSN-
Luke 2:37	ἱεροῦ	ἱερός	A-	----GSN-
Luke 2:37	νηστείαις	νηστεία	N-	----DPF-
Luke 2:37	καὶ	καί	C-	--------
Luke 2:37	δεήσεσιν	δέησις	N-	----DPF-
Luke 2:37	λατρεύουσα	λατρεύω	V-	-PAPNSF-
Luke 2:37	νύκτα	νύξ	N-	----ASF-
Luke 2:37	καὶ	καί	C-	--------
Luke 2:37	ἡμέραν	ἡμέρα	N-	----ASF-
Luke 2:38	καὶ	καί	C-	--------
Luke 2:38	αὐτῇ	αὐτός	RP	----DSF-
Luke 2:38	τῇ	ὁ	RA	----DSF-
Luke 2:38	ὥρᾳ	ὥρα	N-	----DSF-
Luke 2:38	ἐπιστᾶσα	ἐφίστημι	V-	-AAPNSF-
Luke 2:38	ἀνθωμολογεῖτο	ἀνθομολογέομαι	V-	3IMI-S--
Luke 2:38	τῷ	ὁ	RA	----DSM-
Luke 2:38	θεῷ	θεός	N-	----DSM-
Luke 2:38	καὶ	καί	C-	--------
Luke 2:38	ἐλάλει	λαλέω	V-	3IAI-S--
Luke 2:38	περὶ	περί	P-	--------
Luke 2:38	αὐτοῦ	αὐτός	RP	----GSM-
Luke 2:38	πᾶσιν	πᾶς	A-	----DPM-
Luke 2:38	τοῖς	ὁ	RA	----DPM-
Luke 2:38	προσδεχομένοις	προσδέχομαι	V-	-PMPDPM-
Luke 2:38	λύτρωσιν	λύτρωσις	N-	----ASF-
Luke 2:38	Ἰερουσαλήμ	Ἰερουσαλήμ	N-	----GSF-
Luke 2:39	Καὶ	καί	C-	--------
Luke 2:39	ὡς	ὡς	C-	--------
Luke 2:39	ἐτέλεσαν	τελέω	V-	3AAI-P--
Luke 2:39	πάντα	πᾶς	A-	----APN-
Luke 2:39	τὰ	ὁ	RA	----APN-
Luke 2:39	κατὰ	κατά	P-	--------
Luke 2:39	τὸν	ὁ	RA	----ASM-
Luke 2:39	νόμον	νόμος	N-	----ASM-
Luke 2:39	κυρίου	κύριος	N-	----GSM-
Luke 2:39	ἐπέστρεψαν	ἐπιστρέφω	V-	3AAI-P--
Luke 2:39	εἰς	εἰς	P-	--------
Luke 2:39	τὴν	ὁ	RA	----ASF-
Luke 2:39	Γαλιλαίαν	Γαλιλαία	N-	----ASF-
Luke 2:39	εἰς	εἰς	P-	--------
Luke 2:39	πόλιν	πόλις	N-	----ASF-
Luke 2:39	ἑαυτῶν	ἑαυτοῦ	RP	----GPM-
Luke 2:39	Ναζαρέθ	Ναζαρέθ	N-	----ASF-
Luke 2:40	Τὸ	ὁ	RA	----NSN-
Luke 2:40	δὲ	δέ	C-	--------
Luke 2:40	παιδίον	παιδίον	N-	----NSN-
Luke 2:40	ηὔξανεν	αὐξάνω	V-	3IAI-S--
Luke 2:40	καὶ	καί	C-	--------
Luke 2:40	ἐκραταιοῦτο	κραταιόομαι	V-	3IPI-S--
Luke 2:40	πληρούμενον	πληρόω	V-	-PPPNSN-
Luke 2:40	σοφίᾳ	σοφία	N-	----DSF-
Luke 2:40	καὶ	καί	C-	--------
Luke 2:40	χάρις	χάρις	N-	----NSF-
Luke 2:40	θεοῦ	θεός	N-	----GSM-
Luke 2:40	ἦν	εἰμί	V-	3IAI-S--
Luke 2:40	ἐπ’	ἐπί	P-	--------
Luke 2:40	αὐτό	αὐτός	RP	----ASN-
Luke 2:41	Καὶ	καί	C-	--------
Luke 2:41	ἐπορεύοντο	πορεύομαι	V-	3IMI-P--
Luke 2:41	οἱ	ὁ	RA	----NPM-
Luke 2:41	γονεῖς	γονεύς	N-	----NPM-
Luke 2:41	αὐτοῦ	αὐτός	RP	----GSM-
Luke 2:41	κατ’	κατά	P-	--------
Luke 2:41	ἔτος	ἔτος	N-	----ASN-
Luke 2:41	εἰς	εἰς	P-	--------
Luke 2:41	Ἰερουσαλὴμ	Ἰερουσαλήμ	N-	----ASF-
Luke 2:41	τῇ	ὁ	RA	----DSF-
Luke 2:41	ἑορτῇ	ἑορτή	N-	----DSF-
Luke 2:41	τοῦ	ὁ	RA	----GSN-
Luke 2:41	πάσχα	πάσχα	N-	----GSN-
Luke 2:42	καὶ	καί	C-	--------
Luke 2:42	ὅτε	ὅτε	C-	--------
Luke 2:42	ἐγένετο	γίνομαι	V-	3AMI-S--
Luke 2:42	ἐτῶν	ἔτος	N-	----GPN-
Luke 2:42	δώδεκα	δώδεκα	A-	----GPN-
Luke 2:42	ἀναβαινόντων	ἀναβαίνω	V-	-PAPGPM-
Luke 2:42	αὐτῶν	αὐτός	RP	----GPM-
Luke 2:42	κατὰ	κατά	P-	--------
Luke 2:42	τὸ	ὁ	RA	----ASN-
Luke 2:42	ἔθος	ἔθος	N-	----ASN-
Luke 2:42	τῆς	ὁ	RA	----GSF-
Luke 2:42	ἑορτῆς	ἑορτή	N-	----GSF-
Luke 2:43	καὶ	καί	C-	--------
Luke 2:43	τελειωσάντων	τελειόω	V-	-AAPGPM-
Luke 2:43	τὰς	ὁ	RA	----APF-
Luke 2:43	ἡμέρας	ἡμέρα	N-	----APF-
Luke 2:43	ἐν	ἐν	P-	--------
Luke 2:43	τῷ	ὁ	RA	----DSN-
Luke 2:43	ὑποστρέφειν	ὑποστρέφω	V-	-PAN----
Luke 2:43	αὐτοὺς	αὐτός	RP	----APM-
Luke 2:43	ὑπέμεινεν	ὑπομένω	V-	3AAI-S--
Luke 2:43	Ἰησοῦς	Ἰησοῦς	N-	----NSM-
Luke 2:43	ὁ	ὁ	RA	----NSM-
Luke 2:43	παῖς	παῖς	N-	----NSM-
Luke 2:43	ἐν	ἐν	P-	--------
Luke 2:43	Ἰερουσαλήμ	Ἰερουσαλήμ	N-	----DSF-
Luke 2:43	καὶ	καί	C-	--------
Luke 2:43	οὐκ	οὐ	D-	--------
Luke 2:43	ἔγνωσαν	γινώσκω	V-	3AAI-P--
Luke 2:43	οἱ	ὁ	RA	----NPM-
Luke 2:43	γονεῖς	γονεύς	N-	----NPM-
Luke 2:43	αὐτοῦ	αὐτός	RP	----GSM-
Luke 2:44	νομίσαντες	νομίζω	V-	-AAPNPM-
Luke 2:44	δὲ	δέ	C-	--------
Luke 2:44	αὐτὸν	αὐτός	RP	----ASM-
Luke 2:44	εἶναι	εἰμί	V-	-PAN----
Luke 2:44	ἐν	ἐν	P-	--------
Luke 2:44	τῇ	ὁ	RA	----DSF-
Luke 2:44	συνοδίᾳ	συνοδία	N-	----DSF-
Luke 2:44	ἦλθον	ἔρχομαι	V-	3AAI-P--
Luke 2:44	ἡμέρας	ἡμέρα	N-	----GSF-
Luke 2:44	ὁδὸν	ὁδός	N-	----ASF-
Luke 2:44	καὶ	καί	C-	--------
Luke 2:44	ἀνεζήτουν	ἀναζητέω	V-	3IAI-P--
Luke 2:44	αὐτὸν	αὐτός	RP	----ASM-
Luke 2:44	ἐν	ἐν	P-	--------
Luke 2:44	τοῖς	ὁ	RA	----DPM-
Luke 2:44	συγγενεῦσιν	συγγενής	A-	----DPM-
Luke 2:44	καὶ	καί	C-	--------
Luke 2:44	τοῖς	ὁ	RA	----DPM-
Luke 2:44	γνωστοῖς	γνωστός	A-	----DPM-
Luke 2:45	καὶ	καί	C-	--------
Luke 2:45	μὴ	μή	D-	--------
Luke 2:45	εὑρόντες	εὑρίσκω	V-	-AAPNPM-
Luke 2:45	ὑπέστρεψαν	ὑποστρέφω	V-	3AAI-P--
Luke 2:45	εἰς	εἰς	P-	--------
Luke 2:45	Ἰερουσαλὴμ	Ἰερουσαλήμ	N-	----ASF-
Luke 2:45	ἀναζητοῦντες	ἀναζητέω	V-	-PAPNPM-
Luke 2:45	αὐτόν	αὐτός	RP	----ASM-
Luke 2:46	καὶ	καί	C-	--------
Luke 2:46	ἐγένετο	γίνομαι	V-	3AMI-S--
Luke 2:46	μετὰ	μετά	P-	--------
Luke 2:46	ἡμέρας	ἡμέρα	N-	----APF-
Luke 2:46	τρεῖς	τρεῖς	A-	----APF-
Luke 2:46	εὗρον	εὑρίσκω	V-	3AAI-P--
Luke 2:46	αὐτὸν	αὐτός	RP	----ASM-
Luke 2:46	ἐν	ἐν	P-	--------
Luke 2:46	τῷ	ὁ	RA	----DSN-
Luke 2:46	ἱερῷ	ἱερός	A-	----DSN-
Luke 2:46	καθεζόμενον	καθέζομαι	V-	-PMPASM-
Luke 2:46	ἐν	ἐν	P-	--------
Luke 2:46	μέσῳ	μέσος	A-	----DSN-
Luke 2:46	τῶν	ὁ	RA	----GPM-
Luke 2:46	διδασκάλων	διδάσκαλος	N-	----GPM-
Luke 2:46	καὶ	καί	C-	--------
Luke 2:46	ἀκούοντα	ἀκούω	V-	-PAPASM-
Luke 2:46	αὐτῶν	αὐτός	RP	----GPM-
Luke 2:46	καὶ	καί	C-	--------
Luke 2:46	ἐπερωτῶντα	ἐπερωτάω	V-	-PAPASM-
Luke 2:46	αὐτούς	αὐτός	RP	----APM-
Luke 2:47	ἐξίσταντο	ἐξίστημι	V-	3IMI-P--
Luke 2:47	δὲ	δέ	C-	--------
Luke 2:47	πάντες	πᾶς	A-	----NPM-
Luke 2:47	οἱ	ὁ	RA	----NPM-
Luke 2:47	ἀκούοντες	ἀκούω	V-	-PAPNPM-
Luke 2:47	αὐτοῦ	αὐτός	RP	----GSM-
Luke 2:47	ἐπὶ	ἐπί	P-	--------
Luke 2:47	τῇ	ὁ	RA	----DSF-
Luke 2:47	συνέσει	σύνεσις	N-	----DSF-
Luke 2:47	καὶ	καί	C-	--------
Luke 2:47	ταῖς	ὁ	RA	----DPF-
Luke 2:47	ἀποκρίσεσιν	ἀπόκρισις	N-	----DPF-
Luke 2:47	αὐτοῦ	αὐτός	RP	----GSM-
Luke 2:48	καὶ	καί	C-	--------
Luke 2:48	ἰδόντες	ὁράω	V-	-AAPNPM-
Luke 2:48	αὐτὸν	αὐτός	RP	----ASM-
Luke 2:48	ἐξεπλάγησαν	ἐκπλήσσομαι	V-	3API-P--
Luke 2:48	καὶ	καί	C-	--------
Luke 2:48	εἶπεν	λέγω	V-	3AAI-S--
Luke 2:48	πρὸς	πρός	P-	--------
Luke 2:48	αὐτὸν	αὐτός	RP	----ASM-
Luke 2:48	ἡ	ὁ	RA	----NSF-
Luke 2:48	μήτηρ	μήτηρ	N-	----NSF-
Luke 2:48	αὐτοῦ	αὐτός	RP	----GSM-
Luke 2:48	Τέκνον	τέκνον	N-	----VSN-
Luke 2:48	τί	τίς	RI	----ASN-
Luke 2:48	ἐποίησας	ποιέω	V-	2AAI-S--
Luke 2:48	ἡμῖν	ἐγώ	RP	----DP--
Luke 2:48	οὕτως	οὕτω(ς)	D-	--------
Luke 2:48	ἰδοὺ	ἰδού	X-	--------
Luke 2:48	ὁ	ὁ	RA	----NSM-
Luke 2:48	πατήρ	πατήρ	N-	----NSM-
Luke 2:48	σου	σύ	RP	----GS--
Luke 2:48	καὶ	καί	C-	--------
Luke 2:48	ἐγὼ	ἐγώ	RP	----NS--
Luke 2:48	ὀδυνώμενοι	ὀδυνάομαι	V-	-PMPNPM-
Luke 2:48	ἐζητοῦμέν	ζητέω	V-	1IAI-P--
Luke 2:48	σε	σύ	RP	----AS--
Luke 2:49	καὶ	καί	C-	--------
Luke 2:49	εἶπεν	λέγω	V-	3AAI-S--
Luke 2:49	πρὸς	πρός	P-	--------
Luke 2:49	αὐτούς	αὐτός	RP	----APM-
Luke 2:49	Τί	τίς	RI	----ASN-
Luke 2:49	ὅτι	ὅτι	C-	--------
Luke 2:49	ἐζητεῖτέ	ζητέω	V-	2IAI-P--
Luke 2:49	με	ἐγώ	RP	----AS--
Luke 2:49	οὐκ	οὐ	D-	--------
Luke 2:49	ᾔδειτε	οἶδα	V-	2YAI-P--
Luke 2:49	ὅτι	ὅτι	C-	--------
Luke 2:49	ἐν	ἐν	P-	--------
Luke 2:49	τοῖς	ὁ	RA	----DPN-
Luke 2:49	τοῦ	ὁ	RA	----GSM-
Luke 2:49	πατρός	πατήρ	N-	----GSM-
Luke 2:49	μου	ἐγώ	RP	----GS--
Luke 2:49	δεῖ	δέω	V-	3PAI-S--
Luke 2:49	εἶναί	εἰμί	V-	-PAN----
Luke 2:49	με	ἐγώ	RP	----AS--
Luke 2:50	καὶ	καί	C-	--------
Luke 2:50	αὐτοὶ	αὐτός	RP	----NPM-
Luke 2:50	οὐ	οὐ	D-	--------
Luke 2:50	συνῆκαν	συνίημι	V-	3AAI-P--
Luke 2:50	τὸ	ὁ	RA	----ASN-
Luke 2:50	ῥῆμα	ῥῆμα	N-	----ASN-
Luke 2:50	ὃ	ὅς	RR	----ASN-
Luke 2:50	ἐλάλησεν	λαλέω	V-	3AAI-S--
Luke 2:50	αὐτοῖς	αὐτός	RP	----DPM-
Luke 2:51	καὶ	καί	C-	--------
Luke 2:51	κατέβη	καταβαίνω	V-	3AAI-S--
Luke 2:51	μετ’	μετά	P-	--------
Luke 2:51	αὐτῶν	αὐτός	RP	----GPM-
Luke 2:51	καὶ	καί	C-	--------
Luke 2:51	ἦλθεν	ἔρχομαι	V-	3AAI-S--
Luke 2:51	εἰς	εἰς	P-	--------
Luke 2:51	Ναζαρέθ	Ναζαρέθ	N-	----ASF-
Luke 2:51	καὶ	καί	C-	--------
Luke 2:51	ἦν	εἰμί	V-	3IAI-S--
Luke 2:51	ὑποτασσόμενος	ὑποτάσσω	V-	-PPPNSM-
Luke 2:51	αὐτοῖς	αὐτός	RP	----DPM-
Luke 2:51	καὶ	καί	C-	--------
Luke 2:51	ἡ	ὁ	RA	----NSF-
Luke 2:51	μήτηρ	μήτηρ	N-	----NSF-
Luke 2:51	αὐτοῦ	αὐτός	RP	----GSM-
Luke 2:51	διετήρει	διατηρέω	V-	3IAI-S--
Luke 2:51	πάντα	πᾶς	A-	----APN-
Luke 2:51	τὰ	ὁ	RA	----APN-
Luke 2:51	ῥήματα	ῥῆμα	N-	----APN-
Luke 2:51	ταῦτα	οὗτος	RD	----APN-
Luke 2:51	ἐν	ἐν	P-	--------
Luke 2:51	τῇ	ὁ	RA	----DSF-
Luke 2:51	καρδίᾳ	καρδία	N-	----DSF-
Luke 2:51	αὐτῆς	αὐτός	RP	----GSF-
Luke 2:52	Καὶ	καί	C-	--------
Luke 2:52	Ἰησοῦς	Ἰησοῦς	N-	----NSM-
Luke 2:52	προέκοπτεν	προκόπτω	V-	3IAI-S--
Luke 2:52	σοφίᾳ	σοφία	N-	----DSF-
Luke 2:52	καὶ	καί	C-	--------
Luke 2:52	ἡλικίᾳ	ἡλικία	N-	----DSF-
Luke 2:52	καὶ	καί	C-	--------
Luke 2:52	χάριτι	χάρις	N-	----DSF-
Luke 2:52	παρὰ	παρά	P-	--------
Luke 2:52	θεῷ	θεός	N-	----DSM-
Luke 2:52	καὶ	καί	C-	--------
Luke 2:52	ἀνθρώποις	ἄνθρωπος	N-	----DPM-
Luke 3:1	Ἐν	ἐν	P-	--------
Luke 3:1	ἔτει	ἔτος	N-	----DSN-
Luke 3:1	δὲ	δέ	C-	--------
Luke 3:1	πεντεκαιδεκάτῳ	πεντεκαιδέκατος	A-	----DSN-
Luke 3:1	τῆς	ὁ	RA	----GSF-
Luke 3:1	ἡγεμονίας	ἡγεμονία	N-	----GSF-
Luke 3:1	Τιβερίου	Τιβέριος	N-	----GSM-
Luke 3:1	Καίσαρος	Καῖσαρ	N-	----GSM-
Luke 3:1	ἡγεμονεύοντος	ἡγεμονεύω	V-	-PAPGSM-
Luke 3:1	Ποντίου	Πόντιος	N-	----GSM-
Luke 3:1	Πιλάτου	Πιλᾶτος	N-	----GSM-
Luke 3:1	τῆς	ὁ	RA	----GSF-
Luke 3:1	Ἰουδαίας	Ἰουδαία	N-	----GSF-
Luke 3:1	καὶ	καί	C-	--------
Luke 3:1	τετρααρχοῦντος	τετρααρχέω	V-	-PAPGSM-
Luke 3:1	τῆς	ὁ	RA	----GSF-
Luke 3:1	Γαλιλαίας	Γαλιλαία	N-	----GSF-
Luke 3:1	Ἡρῴδου	Ἡρῴδης	N-	----GSM-
Luke 3:1	Φιλίππου	Φίλιππος	N-	----GSM-
Luke 3:1	δὲ	δέ	C-	--------
Luke 3:1	τοῦ	ὁ	RA	----GSM-
Luke 3:1	ἀδελφοῦ	ἀδελφός	N-	----GSM-
Luke 3:1	αὐτοῦ	αὐτός	RP	----GSM-
Luke 3:1	τετρααρχοῦντος	τετρααρχέω	V-	-PAPGSM-
Luke 3:1	τῆς	ὁ	RA	----GSF-
Luke 3:1	Ἰτουραίας	Ἰτουραῖος	A-	----GSF-
Luke 3:1	καὶ	καί	C-	--------
Luke 3:1	Τραχωνίτιδος	Τραχωνῖτις	A-	----GSF-
Luke 3:1	χώρας	χώρα	N-	----GSF-
Luke 3:1	καὶ	καί	C-	--------
Luke 3:1	Λυσανίου	Λυσανίας	N-	----GSM-
Luke 3:1	τῆς	ὁ	RA	----GSF-
Luke 3:1	Ἀβιληνῆς	Ἀβιληνή	N-	----GSF-
Luke 3:1	τετρααρχοῦντος	τετρααρχέω	V-	-PAPGSM-
Luke 3:2	ἐπὶ	ἐπί	P-	--------
Luke 3:2	ἀρχιερέως	ἀρχιερεύς	N-	----GSM-
Luke 3:2	Ἅννα	Ἅννας	N-	----GSM-
Luke 3:2	καὶ	καί	C-	--------
Luke 3:2	Καϊάφα	Καϊάφας	N-	----GSM-
Luke 3:2	ἐγένετο	γίνομαι	V-	3AMI-S--
Luke 3:2	ῥῆμα	ῥῆμα	N-	----NSN-
Luke 3:2	θεοῦ	θεός	N-	----GSM-
Luke 3:2	ἐπὶ	ἐπί	P-	--------
Luke 3:2	Ἰωάννην	Ἰωάννης	N-	----ASM-
Luke 3:2	τὸν	ὁ	RA	----ASM-
Luke 3:2	Ζαχαρίου	Ζαχαρίας	N-	----GSM-
Luke 3:2	υἱὸν	υἱός	N-	----ASM-
Luke 3:2	ἐν	ἐν	P-	--------
Luke 3:2	τῇ	ὁ	RA	----DSF-
Luke 3:2	ἐρήμῳ	ἔρημος	A-	----DSF-
Luke 3:3	καὶ	καί	C-	--------
Luke 3:3	ἦλθεν	ἔρχομαι	V-	3AAI-S--
Luke 3:3	εἰς	εἰς	P-	--------
Luke 3:3	πᾶσαν	πᾶς	A-	----ASF-
Luke 3:3	περίχωρον	περίχωρος	A-	----ASF-
Luke 3:3	τοῦ	ὁ	RA	----GSM-
Luke 3:3	Ἰορδάνου	Ἰορδάνης	N-	----GSM-
Luke 3:3	κηρύσσων	κηρύσσω	V-	-PAPNSM-
Luke 3:3	βάπτισμα	βάπτισμα	N-	----ASN-
Luke 3:3	μετανοίας	μετάνοια	N-	----GSF-
Luke 3:3	εἰς	εἰς	P-	--------
Luke 3:3	ἄφεσιν	ἄφεσις	N-	----ASF-
Luke 3:3	ἁμαρτιῶν	ἁμαρτία	N-	----GPF-
Luke 3:4	ὡς	ὡς	C-	--------
Luke 3:4	γέγραπται	γράφω	V-	3XPI-S--
Luke 3:4	ἐν	ἐν	P-	--------
Luke 3:4	βίβλῳ	βίβλος	N-	----DSF-
Luke 3:4	λόγων	λόγος	N-	----GPM-
Luke 3:4	Ἠσαΐου	Ἠσαΐας	N-	----GSM-
Luke 3:4	τοῦ	ὁ	RA	----GSM-
Luke 3:4	προφήτου	προφήτης	N-	----GSM-
Luke 3:4	Φωνὴ	φωνή	N-	----NSF-
Luke 3:4	βοῶντος	βοάω	V-	-PAPGSM-
Luke 3:4	ἐν	ἐν	P-	--------
Luke 3:4	τῇ	ὁ	RA	----DSF-
Luke 3:4	ἐρήμῳ	ἔρημος	A-	----DSF-
Luke 3:4	Ἑτοιμάσατε	ἑτοιμάζω	V-	2AAD-P--
Luke 3:4	τὴν	ὁ	RA	----ASF-
Luke 3:4	ὁδὸν	ὁδός	N-	----ASF-
Luke 3:4	κυρίου	κύριος	N-	----GSM-
Luke 3:4	εὐθείας	εὐθύς	A-	----APF-
Luke 3:4	ποιεῖτε	ποιέω	V-	2PAD-P--
Luke 3:4	τὰς	ὁ	RA	----APF-
Luke 3:4	τρίβους	τρίβος	N-	----APF-
Luke 3:4	αὐτοῦ	αὐτός	RP	----GSM-
Luke 3:5	πᾶσα	πᾶς	A-	----NSF-
Luke 3:5	φάραγξ	φάραγξ	N-	----NSF-
Luke 3:5	πληρωθήσεται	πληρόω	V-	3FPI-S--
Luke 3:5	καὶ	καί	C-	--------
Luke 3:5	πᾶν	πᾶς	A-	----NSN-
Luke 3:5	ὄρος	ὄρος	N-	----NSN-
Luke 3:5	καὶ	καί	C-	--------
Luke 3:5	βουνὸς	βουνός	N-	----NSM-
Luke 3:5	ταπεινωθήσεται	ταπεινόω	V-	3FPI-S--
Luke 3:5	καὶ	καί	C-	--------
Luke 3:5	ἔσται	εἰμί	V-	3FMI-S--
Luke 3:5	τὰ	ὁ	RA	----NPN-
Luke 3:5	σκολιὰ	σκολιός	A-	----NPN-
Luke 3:5	εἰς	εἰς	P-	--------
Luke 3:5	εὐθείαν	εὐθύς	A-	----ASF-
Luke 3:5	καὶ	καί	C-	--------
Luke 3:5	αἱ	ὁ	RA	----NPF-
Luke 3:5	τραχεῖαι	τραχύς	A-	----NPF-
Luke 3:5	εἰς	εἰς	P-	--------
Luke 3:5	ὁδοὺς	ὁδός	N-	----APF-
Luke 3:5	λείας	λεῖος	A-	----APF-
Luke 3:6	καὶ	καί	C-	--------
Luke 3:6	ὄψεται	ὁράω	V-	3FMI-S--
Luke 3:6	πᾶσα	πᾶς	A-	----NSF-
Luke 3:6	σὰρξ	σάρξ	N-	----NSF-
Luke 3:6	τὸ	ὁ	RA	----ASN-
Luke 3:6	σωτήριον	σωτήριος	A-	----ASN-
Luke 3:6	τοῦ	ὁ	RA	----GSM-
Luke 3:6	θεοῦ	θεός	N-	----GSM-
Luke 3:7	Ἔλεγεν	λέγω	V-	3IAI-S--
Luke 3:7	οὖν	οὖν	C-	--------
Luke 3:7	τοῖς	ὁ	RA	----DPM-
Luke 3:7	ἐκπορευομένοις	ἐκπορεύομαι	V-	-PMPDPM-
Luke 3:7	ὄχλοις	ὄχλος	N-	----DPM-
Luke 3:7	βαπτισθῆναι	βαπτίζω	V-	-APN----
Luke 3:7	ὑπ’	ὑπό	P-	--------
Luke 3:7	αὐτοῦ	αὐτός	RP	----GSM-
Luke 3:7	Γεννήματα	γέννημα	N-	----VPN-
Luke 3:7	ἐχιδνῶν	ἔχιδνα	N-	----GPF-
Luke 3:7	τίς	τίς	RI	----NSM-
Luke 3:7	ὑπέδειξεν	ὑποδείκνυμι	V-	3AAI-S--
Luke 3:7	ὑμῖν	σύ	RP	----DP--
Luke 3:7	φυγεῖν	φεύγω	V-	-AAN----
Luke 3:7	ἀπὸ	ἀπό	P-	--------
Luke 3:7	τῆς	ὁ	RA	----GSF-
Luke 3:7	μελλούσης	μέλλω	V-	-PAPGSF-
Luke 3:7	ὀργῆς	ὀργή	N-	----GSF-
Luke 3:8	ποιήσατε	ποιέω	V-	2AAD-P--
Luke 3:8	οὖν	οὖν	C-	--------
Luke 3:8	καρποὺς	καρπός	N-	----APM-
Luke 3:8	ἀξίους	ἄξιος	A-	----APM-
Luke 3:8	τῆς	ὁ	RA	----GSF-
Luke 3:8	μετανοίας	μετάνοια	N-	----GSF-
Luke 3:8	καὶ	καί	C-	--------
Luke 3:8	μὴ	μή	D-	--------
Luke 3:8	ἄρξησθε	ἄρχω	V-	2AMS-P--
Luke 3:8	λέγειν	λέγω	V-	-PAN----
Luke 3:8	ἐν	ἐν	P-	--------
Luke 3:8	ἑαυτοῖς	ἑαυτοῦ	RP	----DPM-
Luke 3:8	Πατέρα	πατήρ	N-	----ASM-
Luke 3:8	ἔχομεν	ἔχω	V-	1PAI-P--
Luke 3:8	τὸν	ὁ	RA	----ASM-
Luke 3:8	Ἀβραάμ	Ἀβραάμ	N-	----ASM-
Luke 3:8	λέγω	λέγω	V-	1PAI-S--
Luke 3:8	γὰρ	γάρ	C-	--------
Luke 3:8	ὑμῖν	σύ	RP	----DP--
Luke 3:8	ὅτι	ὅτι	C-	--------
Luke 3:8	δύναται	δύναμαι	V-	3PMI-S--
Luke 3:8	ὁ	ὁ	RA	----NSM-
Luke 3:8	θεὸς	θεός	N-	----NSM-
Luke 3:8	ἐκ	ἐκ	P-	--------
Luke 3:8	τῶν	ὁ	RA	----GPM-
Luke 3:8	λίθων	λίθος	N-	----GPM-
Luke 3:8	τούτων	οὗτος	RD	----GPM-
Luke 3:8	ἐγεῖραι	ἐγείρω	V-	-AAN----
Luke 3:8	τέκνα	τέκνον	N-	----APN-
Luke 3:8	τῷ	ὁ	RA	----DSM-
Luke 3:8	Ἀβραάμ	Ἀβραάμ	N-	----DSM-
Luke 3:9	ἤδη	ἤδη	D-	--------
Luke 3:9	δὲ	δέ	C-	--------
Luke 3:9	καὶ	καί	D-	--------
Luke 3:9	ἡ	ὁ	RA	----NSF-
Luke 3:9	ἀξίνη	ἀξίνη	N-	----NSF-
Luke 3:9	πρὸς	πρός	P-	--------
Luke 3:9	τὴν	ὁ	RA	----ASF-
Luke 3:9	ῥίζαν	ῥίζα	N-	----ASF-
Luke 3:9	τῶν	ὁ	RA	----GPN-
Luke 3:9	δένδρων	δένδρον	N-	----GPN-
Luke 3:9	κεῖται	κεῖμαι	V-	3PMI-S--
Luke 3:9	πᾶν	πᾶς	A-	----NSN-
Luke 3:9	οὖν	οὖν	C-	--------
Luke 3:9	δένδρον	δένδρον	N-	----NSN-
Luke 3:9	μὴ	μή	D-	--------
Luke 3:9	ποιοῦν	ποιέω	V-	-PAPNSN-
Luke 3:9	καρπὸν	καρπός	N-	----ASM-
Luke 3:9	καλὸν	καλός	A-	----ASM-
Luke 3:9	ἐκκόπτεται	ἐκκόπτω	V-	3PPI-S--
Luke 3:9	καὶ	καί	C-	--------
Luke 3:9	εἰς	εἰς	P-	--------
Luke 3:9	πῦρ	πῦρ	N-	----ASN-
Luke 3:9	βάλλεται	βάλλω	V-	3PPI-S--
Luke 3:10	Καὶ	καί	C-	--------
Luke 3:10	ἐπηρώτων	ἐπερωτάω	V-	3IAI-P--
Luke 3:10	αὐτὸν	αὐτός	RP	----ASM-
Luke 3:10	οἱ	ὁ	RA	----NPM-
Luke 3:10	ὄχλοι	ὄχλος	N-	----NPM-
Luke 3:10	λέγοντες	λέγω	V-	-PAPNPM-
Luke 3:10	Τί	τίς	RI	----ASN-
Luke 3:10	οὖν	οὖν	C-	--------
Luke 3:10	ποιήσωμεν	ποιέω	V-	1AAS-P--
Luke 3:11	ἀποκριθεὶς	ἀποκρίνομαι	V-	-APPNSM-
Luke 3:11	δὲ	δέ	C-	--------
Luke 3:11	ἔλεγεν	λέγω	V-	3IAI-S--
Luke 3:11	αὐτοῖς	αὐτός	RP	----DPM-
Luke 3:11	Ὁ	ὁ	RA	----NSM-
Luke 3:11	ἔχων	ἔχω	V-	-PAPNSM-
Luke 3:11	δύο	δύο	A-	----APM-
Luke 3:11	χιτῶνας	χιτών	N-	----APM-
Luke 3:11	μεταδότω	μεταδίδωμι	V-	3AAD-S--
Luke 3:11	τῷ	ὁ	RA	----DSM-
Luke 3:11	μὴ	μή	D-	--------
Luke 3:11	ἔχοντι	ἔχω	V-	-PAPDSM-
Luke 3:11	καὶ	καί	C-	--------
Luke 3:11	ὁ	ὁ	RA	----NSM-
Luke 3:11	ἔχων	ἔχω	V-	-PAPNSM-
Luke 3:11	βρώματα	βρῶμα	N-	----APN-
Luke 3:11	ὁμοίως	ὁμοίως	D-	--------
Luke 3:11	ποιείτω	ποιέω	V-	3PAD-S--
Luke 3:12	ἦλθον	ἔρχομαι	V-	3AAI-P--
Luke 3:12	δὲ	δέ	C-	--------
Luke 3:12	καὶ	καί	D-	--------
Luke 3:12	τελῶναι	τελώνης	N-	----NPM-
Luke 3:12	βαπτισθῆναι	βαπτίζω	V-	-APN----
Luke 3:12	καὶ	καί	C-	--------
Luke 3:12	εἶπαν	λέγω	V-	3AAI-P--
Luke 3:12	πρὸς	πρός	P-	--------
Luke 3:12	αὐτόν	αὐτός	RP	----ASM-
Luke 3:12	Διδάσκαλε	διδάσκαλος	N-	----VSM-
Luke 3:12	τί	τίς	RI	----ASN-
Luke 3:12	ποιήσωμεν	ποιέω	V-	1AAS-P--
Luke 3:13	ὁ	ὁ	RA	----NSM-
Luke 3:13	δὲ	δέ	C-	--------
Luke 3:13	εἶπεν	λέγω	V-	3AAI-S--
Luke 3:13	πρὸς	πρός	P-	--------
Luke 3:13	αὐτούς	αὐτός	RP	----APM-
Luke 3:13	Μηδὲν	μηδείς	A-	----ASN-
Luke 3:13	πλέον	πολύς	A-	----ASNC
Luke 3:13	παρὰ	παρά	P-	--------
Luke 3:13	τὸ	ὁ	RA	----ASN-
Luke 3:13	διατεταγμένον	διατάσσω	V-	-XPPASN-
Luke 3:13	ὑμῖν	σύ	RP	----DP--
Luke 3:13	πράσσετε	πράσσω	V-	2PAD-P--
Luke 3:14	ἐπηρώτων	ἐπερωτάω	V-	3IAI-P--
Luke 3:14	δὲ	δέ	C-	--------
Luke 3:14	αὐτὸν	αὐτός	RP	----ASM-
Luke 3:14	καὶ	καί	D-	--------
Luke 3:14	στρατευόμενοι	στρατεύομαι	V-	-PMPNPM-
Luke 3:14	λέγοντες	λέγω	V-	-PAPNPM-
Luke 3:14	Τί	τίς	RI	----ASN-
Luke 3:14	ποιήσωμεν	ποιέω	V-	1AAS-P--
Luke 3:14	καὶ	καί	D-	--------
Luke 3:14	ἡμεῖς	ἐγώ	RP	----NP--
Luke 3:14	καὶ	καί	C-	--------
Luke 3:14	εἶπεν	λέγω	V-	3AAI-S--
Luke 3:14	αὐτοῖς	αὐτός	RP	----DPM-
Luke 3:14	Μηδένα	μηδείς	A-	----ASM-
Luke 3:14	διασείσητε	διασείω	V-	2AAS-P--
Luke 3:14	μηδὲ	μηδέ	C-	--------
Luke 3:14	συκοφαντήσητε	συκοφαντέω	V-	2AAS-P--
Luke 3:14	καὶ	καί	C-	--------
Luke 3:14	ἀρκεῖσθε	ἀρκέω	V-	2PPD-P--
Luke 3:14	τοῖς	ὁ	RA	----DPN-
Luke 3:14	ὀψωνίοις	ὀψώνιον	N-	----DPN-
Luke 3:14	ὑμῶν	σύ	RP	----GP--
Luke 3:15	Προσδοκῶντος	προσδοκάω	V-	-PAPGSM-
Luke 3:15	δὲ	δέ	C-	--------
Luke 3:15	τοῦ	ὁ	RA	----GSM-
Luke 3:15	λαοῦ	λαός	N-	----GSM-
Luke 3:15	καὶ	καί	C-	--------
Luke 3:15	διαλογιζομένων	διαλογίζομαι	V-	-PMPGPM-
Luke 3:15	πάντων	πᾶς	A-	----GPM-
Luke 3:15	ἐν	ἐν	P-	--------
Luke 3:15	ταῖς	ὁ	RA	----DPF-
Luke 3:15	καρδίαις	καρδία	N-	----DPF-
Luke 3:15	αὐτῶν	αὐτός	RP	----GPM-
Luke 3:15	περὶ	περί	P-	--------
Luke 3:15	τοῦ	ὁ	RA	----GSM-
Luke 3:15	Ἰωάννου	Ἰωάννης	N-	----GSM-
Luke 3:15	μήποτε	μήποτε	X-	--------
Luke 3:15	αὐτὸς	αὐτός	RP	----NSM-
Luke 3:15	εἴη	εἰμί	V-	3PAO-S--
Luke 3:15	ὁ	ὁ	RA	----NSM-
Luke 3:15	χριστός	Χριστός	N-	----NSM-
Luke 3:16	ἀπεκρίνατο	ἀποκρίνομαι	V-	3AMI-S--
Luke 3:16	λέγων	λέγω	V-	-PAPNSM-
Luke 3:16	πᾶσιν	πᾶς	A-	----DPM-
Luke 3:16	ὁ	ὁ	RA	----NSM-
Luke 3:16	Ἰωάννης	Ἰωάννης	N-	----NSM-
Luke 3:16	Ἐγὼ	ἐγώ	RP	----NS--
Luke 3:16	μὲν	μέν	C-	--------
Luke 3:16	ὕδατι	ὕδωρ	N-	----DSN-
Luke 3:16	βαπτίζω	βαπτίζω	V-	1PAI-S--
Luke 3:16	ὑμᾶς	σύ	RP	----AP--
Luke 3:16	ἔρχεται	ἔρχομαι	V-	3PMI-S--
Luke 3:16	δὲ	δέ	C-	--------
Luke 3:16	ὁ	ὁ	RA	----NSM-
Luke 3:16	ἰσχυρότερός	ἰσχυρός	A-	----NSMC
Luke 3:16	μου	ἐγώ	RP	----GS--
Luke 3:16	οὗ	ὅς	RR	----GSM-
Luke 3:16	οὐκ	οὐ	D-	--------
Luke 3:16	εἰμὶ	εἰμί	V-	1PAI-S--
Luke 3:16	ἱκανὸς	ἱκανός	A-	----NSM-
Luke 3:16	λῦσαι	λύω	V-	-AAN----
Luke 3:16	τὸν	ὁ	RA	----ASM-
Luke 3:16	ἱμάντα	ἱμάς	N-	----ASM-
Luke 3:16	τῶν	ὁ	RA	----GPN-
Luke 3:16	ὑποδημάτων	ὑπόδημα	N-	----GPN-
Luke 3:16	αὐτοῦ	αὐτός	RP	----GSM-
Luke 3:16	αὐτὸς	αὐτός	RP	----NSM-
Luke 3:16	ὑμᾶς	σύ	RP	----AP--
Luke 3:16	βαπτίσει	βαπτίζω	V-	3FAI-S--
Luke 3:16	ἐν	ἐν	P-	--------
Luke 3:16	πνεύματι	πνεῦμα	N-	----DSN-
Luke 3:16	ἁγίῳ	ἅγιος	A-	----DSN-
Luke 3:16	καὶ	καί	C-	--------
Luke 3:16	πυρί	πῦρ	N-	----DSN-
Luke 3:17	οὗ	ὅς	RR	----GSM-
Luke 3:17	τὸ	ὁ	RA	----NSN-
Luke 3:17	πτύον	πτύον	N-	----NSN-
Luke 3:17	ἐν	ἐν	P-	--------
Luke 3:17	τῇ	ὁ	RA	----DSF-
Luke 3:17	χειρὶ	χείρ	N-	----DSF-
Luke 3:17	αὐτοῦ	αὐτός	RP	----GSM-
Luke 3:17	διακαθᾶραι	διακαθαίρω	V-	-AAN----
Luke 3:17	τὴν	ὁ	RA	----ASF-
Luke 3:17	ἅλωνα	ἅλων	N-	----ASF-
Luke 3:17	αὐτοῦ	αὐτός	RP	----GSM-
Luke 3:17	καὶ	καί	C-	--------
Luke 3:17	συναγαγεῖν	συνάγω	V-	-AAN----
Luke 3:17	τὸν	ὁ	RA	----ASM-
Luke 3:17	σῖτον	σῖτος	N-	----ASM-
Luke 3:17	εἰς	εἰς	P-	--------
Luke 3:17	τὴν	ὁ	RA	----ASF-
Luke 3:17	ἀποθήκην	ἀποθήκη	N-	----ASF-
Luke 3:17	αὐτοῦ	αὐτός	RP	----GSM-
Luke 3:17	τὸ	ὁ	RA	----ASN-
Luke 3:17	δὲ	δέ	C-	--------
Luke 3:17	ἄχυρον	ἄχυρον	N-	----ASN-
Luke 3:17	κατακαύσει	κατακαίω	V-	3FAI-S--
Luke 3:17	πυρὶ	πῦρ	N-	----DSN-
Luke 3:17	ἀσβέστῳ	ἄσβεστος	A-	----DSN-
Luke 3:18	Πολλὰ	πολύς	A-	----APN-
Luke 3:18	μὲν	μέν	C-	--------
Luke 3:18	οὖν	οὖν	C-	--------
Luke 3:18	καὶ	καί	C-	--------
Luke 3:18	ἕτερα	ἕτερος	A-	----APN-
Luke 3:18	παρακαλῶν	παρακαλέω	V-	-PAPNSM-
Luke 3:18	εὐηγγελίζετο	εὐαγγελίζω	V-	3IMI-S--
Luke 3:18	τὸν	ὁ	RA	----ASM-
Luke 3:18	λαόν	λαός	N-	----ASM-
Luke 3:19	ὁ	ὁ	RA	----NSM-
Luke 3:19	δὲ	δέ	C-	--------
Luke 3:19	Ἡρῴδης	Ἡρῴδης	N-	----NSM-
Luke 3:19	ὁ	ὁ	RA	----NSM-
Luke 3:19	τετραάρχης	τετραάρχης	N-	----NSM-
Luke 3:19	ἐλεγχόμενος	ἐλέγχω	V-	-PPPNSM-
Luke 3:19	ὑπ’	ὑπό	P-	--------
Luke 3:19	αὐτοῦ	αὐτός	RP	----GSM-
Luke 3:19	περὶ	περί	P-	--------
Luke 3:19	Ἡρῳδιάδος	Ἡρῳδιάς	N-	----GSF-
Luke 3:19	τῆς	ὁ	RA	----GSF-
Luke 3:19	γυναικὸς	γυνή	N-	----GSF-
Luke 3:19	τοῦ	ὁ	RA	----GSM-
Luke 3:19	ἀδελφοῦ	ἀδελφός	N-	----GSM-
Luke 3:19	αὐτοῦ	αὐτός	RP	----GSM-
Luke 3:19	καὶ	καί	C-	--------
Luke 3:19	περὶ	περί	P-	--------
Luke 3:19	πάντων	πᾶς	A-	----GPN-
Luke 3:19	ὧν	ὅς	RR	----GPN-
Luke 3:19	ἐποίησεν	ποιέω	V-	3AAI-S--
Luke 3:19	πονηρῶν	πονηρός	A-	----GPN-
Luke 3:19	ὁ	ὁ	RA	----NSM-
Luke 3:19	Ἡρῴδης	Ἡρῴδης	N-	----NSM-
Luke 3:20	προσέθηκεν	προστίθημι	V-	3AAI-S--
Luke 3:20	καὶ	καί	D-	--------
Luke 3:20	τοῦτο	οὗτος	RD	----ASN-
Luke 3:20	ἐπὶ	ἐπί	P-	--------
Luke 3:20	πᾶσιν	πᾶς	A-	----DPN-
Luke 3:20	καὶ	καί	D-	--------
Luke 3:20	κατέκλεισεν	κατακλείω	V-	3AAI-S--
Luke 3:20	τὸν	ὁ	RA	----ASM-
Luke 3:20	Ἰωάννην	Ἰωάννης	N-	----ASM-
Luke 3:20	ἐν	ἐν	P-	--------
Luke 3:20	φυλακῇ	φυλακή	N-	----DSF-
Luke 3:21	Ἐγένετο	γίνομαι	V-	3AMI-S--
Luke 3:21	δὲ	δέ	C-	--------
Luke 3:21	ἐν	ἐν	P-	--------
Luke 3:21	τῷ	ὁ	RA	----DSN-
Luke 3:21	βαπτισθῆναι	βαπτίζω	V-	-APN----
Luke 3:21	ἅπαντα	ἅπας	A-	----ASM-
Luke 3:21	τὸν	ὁ	RA	----ASM-
Luke 3:21	λαὸν	λαός	N-	----ASM-
Luke 3:21	καὶ	καί	C-	--------
Luke 3:21	Ἰησοῦ	Ἰησοῦς	N-	----GSM-
Luke 3:21	βαπτισθέντος	βαπτίζω	V-	-APPGSM-
Luke 3:21	καὶ	καί	C-	--------
Luke 3:21	προσευχομένου	προσεύχομαι	V-	-PMPGSM-
Luke 3:21	ἀνεῳχθῆναι	ἀνοίγω	V-	-APN----
Luke 3:21	τὸν	ὁ	RA	----ASM-
Luke 3:21	οὐρανὸν	οὐρανός	N-	----ASM-
Luke 3:22	καὶ	καί	C-	--------
Luke 3:22	καταβῆναι	καταβαίνω	V-	-AAN----
Luke 3:22	τὸ	ὁ	RA	----ASN-
Luke 3:22	πνεῦμα	πνεῦμα	N-	----ASN-
Luke 3:22	τὸ	ὁ	RA	----ASN-
Luke 3:22	ἅγιον	ἅγιος	A-	----ASN-
Luke 3:22	σωματικῷ	σωματικός	A-	----DSN-
Luke 3:22	εἴδει	εἶδος	N-	----DSN-
Luke 3:22	ὡς	ὡς	C-	--------
Luke 3:22	περιστερὰν	περιστερά	N-	----ASF-
Luke 3:22	ἐπ’	ἐπί	P-	--------
Luke 3:22	αὐτόν	αὐτός	RP	----ASM-
Luke 3:22	καὶ	καί	C-	--------
Luke 3:22	φωνὴν	φωνή	N-	----ASF-
Luke 3:22	ἐξ	ἐκ	P-	--------
Luke 3:22	οὐρανοῦ	οὐρανός	N-	----GSM-
Luke 3:22	γενέσθαι	γίνομαι	V-	-AMN----
Luke 3:22	Σὺ	σύ	RP	----NS--
Luke 3:22	εἶ	εἰμί	V-	2PAI-S--
Luke 3:22	ὁ	ὁ	RA	----NSM-
Luke 3:22	υἱός	υἱός	N-	----NSM-
Luke 3:22	μου	ἐγώ	RP	----GS--
Luke 3:22	ὁ	ὁ	RA	----NSM-
Luke 3:22	ἀγαπητός	ἀγαπητός	A-	----NSM-
Luke 3:22	ἐν	ἐν	P-	--------
Luke 3:22	σοὶ	σύ	RP	----DS--
Luke 3:22	εὐδόκησα	εὐδοκέω	V-	1AAI-S--
Luke 3:23	Καὶ	καί	C-	--------
Luke 3:23	αὐτὸς	αὐτός	RP	----NSM-
Luke 3:23	ἦν	εἰμί	V-	3IAI-S--
Luke 3:23	Ἰησοῦς	Ἰησοῦς	N-	----NSM-
Luke 3:23	ἀρχόμενος	ἄρχω	V-	-PMPNSM-
Luke 3:23	ὡσεὶ	ὡσεί	D-	--------
Luke 3:23	ἐτῶν	ἔτος	N-	----GPN-
Luke 3:23	τριάκοντα	τριάκοντα	A-	----GPN-
Luke 3:23	ὢν	εἰμί	V-	-PAPNSM-
Luke 3:23	υἱός	υἱός	N-	----NSM-
Luke 3:23	ὡς	ὡς	C-	--------
Luke 3:23	ἐνομίζετο	νομίζω	V-	3IPI-S--
Luke 3:23	Ἰωσὴφ	Ἰωσήφ	N-	----GSM-
Luke 3:23	τοῦ	ὁ	RA	----GSM-
Luke 3:23	Ἠλὶ	Ἠλί	N-	----GSM-
Luke 3:24	τοῦ	ὁ	RA	----GSM-
Luke 3:24	Μαθθὰτ	Μαθθάτ	N-	----GSM-
Luke 3:24	τοῦ	ὁ	RA	----GSM-
Luke 3:24	Λευὶ	Λευί	N-	----GSM-
Luke 3:24	τοῦ	ὁ	RA	----GSM-
Luke 3:24	Μελχὶ	Μελχί	N-	----GSM-
Luke 3:24	τοῦ	ὁ	RA	----GSM-
Luke 3:24	Ἰανναὶ	Ἰανναί	N-	----GSM-
Luke 3:24	τοῦ	ὁ	RA	----GSM-
Luke 3:24	Ἰωσὴφ	Ἰωσήφ	N-	----GSM-
Luke 3:25	τοῦ	ὁ	RA	----GSM-
Luke 3:25	Ματταθίου	Ματταθίας	N-	----GSM-
Luke 3:25	τοῦ	ὁ	RA	----GSM-
Luke 3:25	Ἀμὼς	Ἀμώς	N-	----GSM-
Luke 3:25	τοῦ	ὁ	RA	----GSM-
Luke 3:25	Ναοὺμ	Ναούμ	N-	----GSM-
Luke 3:25	τοῦ	ὁ	RA	----GSM-
Luke 3:25	Ἑσλὶ	Ἑσλί	N-	----GSM-
Luke 3:25	τοῦ	ὁ	RA	----GSM-
Luke 3:25	Ναγγαὶ	Ναγγαί	N-	----GSM-
Luke 3:26	τοῦ	ὁ	RA	----GSM-
Luke 3:26	Μάαθ	Μάαθ	N-	----GSM-
Luke 3:26	τοῦ	ὁ	RA	----GSM-
Luke 3:26	Ματταθίου	Ματταθίας	N-	----GSM-
Luke 3:26	τοῦ	ὁ	RA	----GSM-
Luke 3:26	Σεμεῒν	Σεμεΐν	N-	----GSM-
Luke 3:26	τοῦ	ὁ	RA	----GSM-
Luke 3:26	Ἰωσὴχ	Ἰωσήχ	N-	----GSM-
Luke 3:26	τοῦ	ὁ	RA	----GSM-
Luke 3:26	Ἰωδὰ	Ἰωδά	N-	----GSM-
Luke 3:27	τοῦ	ὁ	RA	----GSM-
Luke 3:27	Ἰωανὰν	Ἰωανάν	N-	----GSM-
Luke 3:27	τοῦ	ὁ	RA	----GSM-
Luke 3:27	Ῥησὰ	Ῥησά	N-	----GSM-
Luke 3:27	τοῦ	ὁ	RA	----GSM-
Luke 3:27	Ζοροβαβὲλ	Ζοροβαβέλ	N-	----GSM-
Luke 3:27	τοῦ	ὁ	RA	----GSM-
Luke 3:27	Σαλαθιὴλ	Σαλαθιήλ	N-	----GSM-
Luke 3:27	τοῦ	ὁ	RA	----GSM-
Luke 3:27	Νηρὶ	Νηρί	N-	----GSM-
Luke 3:28	τοῦ	ὁ	RA	----GSM-
Luke 3:28	Μελχὶ	Μελχί	N-	----GSM-
Luke 3:28	τοῦ	ὁ	RA	----GSM-
Luke 3:28	Ἀδδὶ	Ἀδδί	N-	----GSM-
Luke 3:28	τοῦ	ὁ	RA	----GSM-
Luke 3:28	Κωσὰμ	Κωσάμ	N-	----GSM-
Luke 3:28	τοῦ	ὁ	RA	----GSM-
Luke 3:28	Ἐλμαδὰμ	Ἐλμαδάμ	N-	----GSM-
Luke 3:28	τοῦ	ὁ	RA	----GSM-
Luke 3:28	Ἢρ	Ἤρ	N-	----GSM-
Luke 3:29	τοῦ	ὁ	RA	----GSM-
Luke 3:29	Ἰησοῦ	Ἰησοῦς	N-	----GSM-
Luke 3:29	τοῦ	ὁ	RA	----GSM-
Luke 3:29	Ἐλιέζερ	Ἐλιέζερ	N-	----GSM-
Luke 3:29	τοῦ	ὁ	RA	----GSM-
Luke 3:29	Ἰωρὶμ	Ἰωρίμ	N-	----GSM-
Luke 3:29	τοῦ	ὁ	RA	----GSM-
Luke 3:29	Μαθθὰτ	Μαθθάτ	N-	----GSM-
Luke 3:29	τοῦ	ὁ	RA	----GSM-
Luke 3:29	Λευὶ	Λευί	N-	----GSM-
Luke 3:30	τοῦ	ὁ	RA	----GSM-
Luke 3:30	Συμεὼν	Συμεών	N-	----GSM-
Luke 3:30	τοῦ	ὁ	RA	----GSM-
Luke 3:30	Ἰούδα	Ἰούδας	N-	----GSM-
Luke 3:30	τοῦ	ὁ	RA	----GSM-
Luke 3:30	Ἰωσὴφ	Ἰωσήφ	N-	----GSM-
Luke 3:30	τοῦ	ὁ	RA	----GSM-
Luke 3:30	Ἰωνὰμ	Ἰωνάμ	N-	----GSM-
Luke 3:30	τοῦ	ὁ	RA	----GSM-
Luke 3:30	Ἐλιακὶμ	Ἐλιακίμ	N-	----GSM-
Luke 3:31	τοῦ	ὁ	RA	----GSM-
Luke 3:31	Μελεὰ	Μελεά	N-	----GSM-
Luke 3:31	τοῦ	ὁ	RA	----GSM-
Luke 3:31	Μεννὰ	Μεννά	N-	----GSM-
Luke 3:31	τοῦ	ὁ	RA	----GSM-
Luke 3:31	Ματταθὰ	Ματταθά	N-	----GSM-
Luke 3:31	τοῦ	ὁ	RA	----GSM-
Luke 3:31	Ναθὰμ	Ναθάμ	N-	----GSM-
Luke 3:31	τοῦ	ὁ	RA	----GSM-
Luke 3:31	Δαυὶδ	Δαυίδ	N-	----GSM-
Luke 3:32	τοῦ	ὁ	RA	----GSM-
Luke 3:32	Ἰεσσαὶ	Ἰεσσαί	N-	----GSM-
Luke 3:32	τοῦ	ὁ	RA	----GSM-
Luke 3:32	Ἰωβὴλ	Ἰωβήλ	N-	----GSM-
Luke 3:32	τοῦ	ὁ	RA	----GSM-
Luke 3:32	Βόος	Βόος	N-	----GSM-
Luke 3:32	τοῦ	ὁ	RA	----GSM-
Luke 3:32	Σαλὰ	Σαλά	N-	----GSM-
Luke 3:32	τοῦ	ὁ	RA	----GSM-
Luke 3:32	Ναασσὼν	Ναασσών	N-	----GSM-
Luke 3:33	τοῦ	ὁ	RA	----GSM-
Luke 3:33	Ἀμιναδὰβ	Ἀμιναδάβ	N-	----GSM-
Luke 3:33	τοῦ	ὁ	RA	----GSM-
Luke 3:33	Ἀδμὶν	Ἀδμίν	N-	----GSM-
Luke 3:33	τοῦ	ὁ	RA	----GSM-
Luke 3:33	Ἀρνὶ	Ἀρνί	N-	----GSM-
Luke 3:33	τοῦ	ὁ	RA	----GSM-
Luke 3:33	Ἑσρὼμ	Ἑσρώμ	N-	----GSM-
Luke 3:33	τοῦ	ὁ	RA	----GSM-
Luke 3:33	Φαρὲς	Φαρές	N-	----GSM-
Luke 3:33	τοῦ	ὁ	RA	----GSM-
Luke 3:33	Ἰούδα	Ἰούδας	N-	----GSM-
Luke 3:34	τοῦ	ὁ	RA	----GSM-
Luke 3:34	Ἰακὼβ	Ἰακώβ	N-	----GSM-
Luke 3:34	τοῦ	ὁ	RA	----GSM-
Luke 3:34	Ἰσαὰκ	Ἰσαάκ	N-	----GSM-
Luke 3:34	τοῦ	ὁ	RA	----GSM-
Luke 3:34	Ἀβραὰμ	Ἀβραάμ	N-	----GSM-
Luke 3:34	τοῦ	ὁ	RA	----GSM-
Luke 3:34	Θάρα	Θάρα	N-	----GSM-
Luke 3:34	τοῦ	ὁ	RA	----GSM-
Luke 3:34	Ναχὼρ	Ναχώρ	N-	----GSM-
Luke 3:35	τοῦ	ὁ	RA	----GSM-
Luke 3:35	Σεροὺχ	Σερούχ	N-	----GSM-
Luke 3:35	τοῦ	ὁ	RA	----GSM-
Luke 3:35	Ῥαγαὺ	Ῥαγαύ	N-	----GSM-
Luke 3:35	τοῦ	ὁ	RA	----GSM-
Luke 3:35	Φάλεκ	Φάλεκ	N-	----GSM-
Luke 3:35	τοῦ	ὁ	RA	----GSM-
Luke 3:35	Ἔβερ	Ἔβερ	N-	----GSM-
Luke 3:35	τοῦ	ὁ	RA	----GSM-
Luke 3:35	Σαλὰ	Σαλά	N-	----GSM-
Luke 3:36	τοῦ	ὁ	RA	----GSM-
Luke 3:36	Καϊνὰμ	Καϊνάμ	N-	----GSM-
Luke 3:36	τοῦ	ὁ	RA	----GSM-
Luke 3:36	Ἀρφαξὰδ	Ἀρφαξάδ	N-	----GSM-
Luke 3:36	τοῦ	ὁ	RA	----GSM-
Luke 3:36	Σὴμ	Σήμ	N-	----GSM-
Luke 3:36	τοῦ	ὁ	RA	----GSM-
Luke 3:36	Νῶε	Νῶε	N-	----GSM-
Luke 3:36	τοῦ	ὁ	RA	----GSM-
Luke 3:36	Λάμεχ	Λάμεχ	N-	----GSM-
Luke 3:37	τοῦ	ὁ	RA	----GSM-
Luke 3:37	Μαθουσαλὰ	Μαθουσαλά	N-	----GSM-
Luke 3:37	τοῦ	ὁ	RA	----GSM-
Luke 3:37	Ἑνὼχ	Ἑνώχ	N-	----GSM-
Luke 3:37	τοῦ	ὁ	RA	----GSM-
Luke 3:37	Ἰάρετ	Ἰάρετ	N-	----GSM-
Luke 3:37	τοῦ	ὁ	RA	----GSM-
Luke 3:37	Μαλελεὴλ	Μαλελεήλ	N-	----GSM-
Luke 3:37	τοῦ	ὁ	RA	----GSM-
Luke 3:37	Καϊνὰμ	Καϊνάμ	N-	----GSM-
Luke 3:38	τοῦ	ὁ	RA	----GSM-
Luke 3:38	Ἐνὼς	Ἐνώς	N-	----GSM-
Luke 3:38	τοῦ	ὁ	RA	----GSM-
Luke 3:38	Σὴθ	Σήθ	N-	----GSM-
Luke 3:38	τοῦ	ὁ	RA	----GSM-
Luke 3:38	Ἀδὰμ	Ἀδάμ	N-	----GSM-
Luke 3:38	τοῦ	ὁ	RA	----GSM-
Luke 3:38	θεοῦ	θεός	N-	----GSM-
Luke 4:1	Ἰησοῦς	Ἰησοῦς	N-	----NSM-
Luke 4:1	δὲ	δέ	C-	--------
Luke 4:1	πλήρης	πλήρης	A-	----NSM-
Luke 4:1	πνεύματος	πνεῦμα	N-	----GSN-
Luke 4:1	ἁγίου	ἅγιος	A-	----GSN-
Luke 4:1	ὑπέστρεψεν	ὑποστρέφω	V-	3AAI-S--
Luke 4:1	ἀπὸ	ἀπό	P-	--------
Luke 4:1	τοῦ	ὁ	RA	----GSM-
Luke 4:1	Ἰορδάνου	Ἰορδάνης	N-	----GSM-
Luke 4:1	καὶ	καί	C-	--------
Luke 4:1	ἤγετο	ἄγω	V-	3IPI-S--
Luke 4:1	ἐν	ἐν	P-	--------
Luke 4:1	τῷ	ὁ	RA	----DSN-
Luke 4:1	πνεύματι	πνεῦμα	N-	----DSN-
Luke 4:1	ἐν	ἐν	P-	--------
Luke 4:1	τῇ	ὁ	RA	----DSF-
Luke 4:1	ἐρήμῳ	ἔρημος	A-	----DSF-
Luke 4:2	ἡμέρας	ἡμέρα	N-	----APF-
Luke 4:2	τεσσεράκοντα	τεσσεράκοντα	A-	----APF-
Luke 4:2	πειραζόμενος	πειράζω	V-	-PPPNSM-
Luke 4:2	ὑπὸ	ὑπό	P-	--------
Luke 4:2	τοῦ	ὁ	RA	----GSM-
Luke 4:2	διαβόλου	διάβολος	A-	----GSM-
Luke 4:2	καὶ	καί	C-	--------
Luke 4:2	οὐκ	οὐ	D-	--------
Luke 4:2	ἔφαγεν	ἐσθίω	V-	3AAI-S--
Luke 4:2	οὐδὲν	οὐδείς	A-	----ASN-
Luke 4:2	ἐν	ἐν	P-	--------
Luke 4:2	ταῖς	ὁ	RA	----DPF-
Luke 4:2	ἡμέραις	ἡμέρα	N-	----DPF-
Luke 4:2	ἐκείναις	ἐκεῖνος	RD	----DPF-
Luke 4:2	καὶ	καί	C-	--------
Luke 4:2	συντελεσθεισῶν	συντελέω	V-	-APPGPF-
Luke 4:2	αὐτῶν	αὐτός	RP	----GPF-
Luke 4:2	ἐπείνασεν	πεινάω	V-	3AAI-S--
Luke 4:3	εἶπεν	λέγω	V-	3AAI-S--
Luke 4:3	δὲ	δέ	C-	--------
Luke 4:3	αὐτῷ	αὐτός	RP	----DSM-
Luke 4:3	ὁ	ὁ	RA	----NSM-
Luke 4:3	διάβολος	διάβολος	A-	----NSM-
Luke 4:3	Εἰ	εἰ	C-	--------
Luke 4:3	υἱὸς	υἱός	N-	----NSM-
Luke 4:3	εἶ	εἰμί	V-	2PAI-S--
Luke 4:3	τοῦ	ὁ	RA	----GSM-
Luke 4:3	θεοῦ	θεός	N-	----GSM-
Luke 4:3	εἰπὲ	λέγω	V-	2AAD-S--
Luke 4:3	τῷ	ὁ	RA	----DSM-
Luke 4:3	λίθῳ	λίθος	N-	----DSM-
Luke 4:3	τούτῳ	οὗτος	RD	----DSM-
Luke 4:3	ἵνα	ἵνα	C-	--------
Luke 4:3	γένηται	γίνομαι	V-	3AMS-S--
Luke 4:3	ἄρτος	ἄρτος	N-	----NSM-
Luke 4:4	καὶ	καί	C-	--------
Luke 4:4	ἀπεκρίθη	ἀποκρίνομαι	V-	3API-S--
Luke 4:4	πρὸς	πρός	P-	--------
Luke 4:4	αὐτὸν	αὐτός	RP	----ASM-
Luke 4:4	ὁ	ὁ	RA	----NSM-
Luke 4:4	Ἰησοῦς	Ἰησοῦς	N-	----NSM-
Luke 4:4	Γέγραπται	γράφω	V-	3XPI-S--
Luke 4:4	ὅτι	ὅτι	C-	--------
Luke 4:4	Οὐκ	οὐ	D-	--------
Luke 4:4	ἐπ’	ἐπί	P-	--------
Luke 4:4	ἄρτῳ	ἄρτος	N-	----DSM-
Luke 4:4	μόνῳ	μόνος	A-	----DSM-
Luke 4:4	ζήσεται	ζάω	V-	3FMI-S--
Luke 4:4	ὁ	ὁ	RA	----NSM-
Luke 4:4	ἄνθρωπος	ἄνθρωπος	N-	----NSM-
Luke 4:5	Καὶ	καί	C-	--------
Luke 4:5	ἀναγαγὼν	ἀνάγω	V-	-AAPNSM-
Luke 4:5	αὐτὸν	αὐτός	RP	----ASM-
Luke 4:5	ἔδειξεν	δείκνυμι	V-	3AAI-S--
Luke 4:5	αὐτῷ	αὐτός	RP	----DSM-
Luke 4:5	πάσας	πᾶς	A-	----APF-
Luke 4:5	τὰς	ὁ	RA	----APF-
Luke 4:5	βασιλείας	βασιλεία	N-	----APF-
Luke 4:5	τῆς	ὁ	RA	----GSF-
Luke 4:5	οἰκουμένης	οἰκουμένη	N-	----GSF-
Luke 4:5	ἐν	ἐν	P-	--------
Luke 4:5	στιγμῇ	στιγμή	N-	----DSF-
Luke 4:5	χρόνου	χρόνος	N-	----GSM-
Luke 4:6	καὶ	καί	C-	--------
Luke 4:6	εἶπεν	λέγω	V-	3AAI-S--
Luke 4:6	αὐτῷ	αὐτός	RP	----DSM-
Luke 4:6	ὁ	ὁ	RA	----NSM-
Luke 4:6	διάβολος	διάβολος	A-	----NSM-
Luke 4:6	Σοὶ	σύ	RP	----DS--
Luke 4:6	δώσω	δίδωμι	V-	1FAI-S--
Luke 4:6	τὴν	ὁ	RA	----ASF-
Luke 4:6	ἐξουσίαν	ἐξουσία	N-	----ASF-
Luke 4:6	ταύτην	οὗτος	RD	----ASF-
Luke 4:6	ἅπασαν	ἅπας	A-	----ASF-
Luke 4:6	καὶ	καί	C-	--------
Luke 4:6	τὴν	ὁ	RA	----ASF-
Luke 4:6	δόξαν	δόξα	N-	----ASF-
Luke 4:6	αὐτῶν	αὐτός	RP	----GPF-
Luke 4:6	ὅτι	ὅτι	C-	--------
Luke 4:6	ἐμοὶ	ἐγώ	RP	----DS--
Luke 4:6	παραδέδοται	παραδίδωμι	V-	3XPI-S--
Luke 4:6	καὶ	καί	C-	--------
Luke 4:6	ᾧ	ὅς	RR	----DSM-
Luke 4:6	ἂν	ἄν	X-	--------
Luke 4:6	θέλω	θέλω	V-	1PAS-S--
Luke 4:6	δίδωμι	δίδωμι	V-	1PAI-S--
Luke 4:6	αὐτήν	αὐτός	RP	----ASF-
Luke 4:7	σὺ	σύ	RP	----NS--
Luke 4:7	οὖν	οὖν	C-	--------
Luke 4:7	ἐὰν	ἐάν	C-	--------
Luke 4:7	προσκυνήσῃς	προσκυνέω	V-	2AAS-S--
Luke 4:7	ἐνώπιον	ἐνώπιον	P-	--------
Luke 4:7	ἐμοῦ	ἐγώ	RP	----GS--
Luke 4:7	ἔσται	εἰμί	V-	3FMI-S--
Luke 4:7	σοῦ	σύ	RP	----GS--
Luke 4:7	πᾶσα	πᾶς	A-	----NSF-
Luke 4:8	καὶ	καί	C-	--------
Luke 4:8	ἀποκριθεὶς	ἀποκρίνομαι	V-	-APPNSM-
Luke 4:8	ὁ	ὁ	RA	----NSM-
Luke 4:8	Ἰησοῦς	Ἰησοῦς	N-	----NSM-
Luke 4:8	εἶπεν	λέγω	V-	3AAI-S--
Luke 4:8	αὐτῷ	αὐτός	RP	----DSM-
Luke 4:8	Γέγραπται	γράφω	V-	3XPI-S--
Luke 4:8	Κύριον	κύριος	N-	----ASM-
Luke 4:8	τὸν	ὁ	RA	----ASM-
Luke 4:8	θεόν	θεός	N-	----ASM-
Luke 4:8	σου	σύ	RP	----GS--
Luke 4:8	προσκυνήσεις	προσκυνέω	V-	2FAI-S--
Luke 4:8	καὶ	καί	C-	--------
Luke 4:8	αὐτῷ	αὐτός	RP	----DSM-
Luke 4:8	μόνῳ	μόνος	A-	----DSM-
Luke 4:8	λατρεύσεις	λατρεύω	V-	2FAI-S--
Luke 4:9	Ἤγαγεν	ἄγω	V-	3AAI-S--
Luke 4:9	δὲ	δέ	C-	--------
Luke 4:9	αὐτὸν	αὐτός	RP	----ASM-
Luke 4:9	εἰς	εἰς	P-	--------
Luke 4:9	Ἰερουσαλὴμ	Ἰερουσαλήμ	N-	----ASF-
Luke 4:9	καὶ	καί	C-	--------
Luke 4:9	ἔστησεν	ἵστημι	V-	3AAI-S--
Luke 4:9	ἐπὶ	ἐπί	P-	--------
Luke 4:9	τὸ	ὁ	RA	----ASN-
Luke 4:9	πτερύγιον	πτερύγιον	N-	----ASN-
Luke 4:9	τοῦ	ὁ	RA	----GSN-
Luke 4:9	ἱεροῦ	ἱερός	A-	----GSN-
Luke 4:9	καὶ	καί	C-	--------
Luke 4:9	εἶπεν	λέγω	V-	3AAI-S--
Luke 4:9	αὐτῷ	αὐτός	RP	----DSM-
Luke 4:9	Εἰ	εἰ	C-	--------
Luke 4:9	υἱὸς	υἱός	N-	----NSM-
Luke 4:9	εἶ	εἰμί	V-	2PAI-S--
Luke 4:9	τοῦ	ὁ	RA	----GSM-
Luke 4:9	θεοῦ	θεός	N-	----GSM-
Luke 4:9	βάλε	βάλλω	V-	2AAD-S--
Luke 4:9	σεαυτὸν	σεαυτοῦ	RP	----ASM-
Luke 4:9	ἐντεῦθεν	ἐντεῦθεν	D-	--------
Luke 4:9	κάτω	κάτω	D-	--------
Luke 4:10	γέγραπται	γράφω	V-	3XPI-S--
Luke 4:10	γὰρ	γάρ	C-	--------
Luke 4:10	ὅτι	ὅτι	C-	--------
Luke 4:10	Τοῖς	ὁ	RA	----DPM-
Luke 4:10	ἀγγέλοις	ἄγγελος	N-	----DPM-
Luke 4:10	αὐτοῦ	αὐτός	RP	----GSM-
Luke 4:10	ἐντελεῖται	ἐντέλλομαι	V-	3FMI-S--
Luke 4:10	περὶ	περί	P-	--------
Luke 4:10	σοῦ	σύ	RP	----GS--
Luke 4:10	τοῦ	ὁ	RA	----GSN-
Luke 4:10	διαφυλάξαι	διαφυλάσσω	V-	-AAN----
Luke 4:10	σε	σύ	RP	----AS--
Luke 4:11	καὶ	καί	C-	--------
Luke 4:11	ὅτι	ὅτι	C-	--------
Luke 4:11	Ἐπὶ	ἐπί	P-	--------
Luke 4:11	χειρῶν	χείρ	N-	----GPF-
Luke 4:11	ἀροῦσίν	αἴρω	V-	3FAI-P--
Luke 4:11	σε	σύ	RP	----AS--
Luke 4:11	μήποτε	μήποτε	C-	--------
Luke 4:11	προσκόψῃς	προσκόπτω	V-	2AAS-S--
Luke 4:11	πρὸς	πρός	P-	--------
Luke 4:11	λίθον	λίθος	N-	----ASM-
Luke 4:11	τὸν	ὁ	RA	----ASM-
Luke 4:11	πόδα	πούς	N-	----ASM-
Luke 4:11	σου	σύ	RP	----GS--
Luke 4:12	καὶ	καί	C-	--------
Luke 4:12	ἀποκριθεὶς	ἀποκρίνομαι	V-	-APPNSM-
Luke 4:12	εἶπεν	λέγω	V-	3AAI-S--
Luke 4:12	αὐτῷ	αὐτός	RP	----DSM-
Luke 4:12	ὁ	ὁ	RA	----NSM-
Luke 4:12	Ἰησοῦς	Ἰησοῦς	N-	----NSM-
Luke 4:12	ὅτι	ὅτι	C-	--------
Luke 4:12	Εἴρηται	λέγω	V-	3XPI-S--
Luke 4:12	Οὐκ	οὐ	D-	--------
Luke 4:12	ἐκπειράσεις	ἐκπειράζω	V-	2FAI-S--
Luke 4:12	κύριον	κύριος	N-	----ASM-
Luke 4:12	τὸν	ὁ	RA	----ASM-
Luke 4:12	θεόν	θεός	N-	----ASM-
Luke 4:12	σου	σύ	RP	----GS--
Luke 4:13	καὶ	καί	C-	--------
Luke 4:13	συντελέσας	συντελέω	V-	-AAPNSM-
Luke 4:13	πάντα	πᾶς	A-	----ASM-
Luke 4:13	πειρασμὸν	πειρασμός	N-	----ASM-
Luke 4:13	ὁ	ὁ	RA	----NSM-
Luke 4:13	διάβολος	διάβολος	A-	----NSM-
Luke 4:13	ἀπέστη	ἀφίσταμαι	V-	3AAI-S--
Luke 4:13	ἀπ’	ἀπό	P-	--------
Luke 4:13	αὐτοῦ	αὐτός	RP	----GSM-
Luke 4:13	ἄχρι	ἄχρι	P-	--------
Luke 4:13	καιροῦ	καιρός	N-	----GSM-
Luke 4:14	Καὶ	καί	C-	--------
Luke 4:14	ὑπέστρεψεν	ὑποστρέφω	V-	3AAI-S--
Luke 4:14	ὁ	ὁ	RA	----NSM-
Luke 4:14	Ἰησοῦς	Ἰησοῦς	N-	----NSM-
Luke 4:14	ἐν	ἐν	P-	--------
Luke 4:14	τῇ	ὁ	RA	----DSF-
Luke 4:14	δυνάμει	δύναμις	N-	----DSF-
Luke 4:14	τοῦ	ὁ	RA	----GSN-
Luke 4:14	πνεύματος	πνεῦμα	N-	----GSN-
Luke 4:14	εἰς	εἰς	P-	--------
Luke 4:14	τὴν	ὁ	RA	----ASF-
Luke 4:14	Γαλιλαίαν	Γαλιλαία	N-	----ASF-
Luke 4:14	καὶ	καί	C-	--------
Luke 4:14	φήμη	φήμη	N-	----NSF-
Luke 4:14	ἐξῆλθεν	ἐξέρχομαι	V-	3AAI-S--
Luke 4:14	καθ’	κατά	P-	--------
Luke 4:14	ὅλης	ὅλος	A-	----GSF-
Luke 4:14	τῆς	ὁ	RA	----GSF-
Luke 4:14	περιχώρου	περίχωρος	A-	----GSF-
Luke 4:14	περὶ	περί	P-	--------
Luke 4:14	αὐτοῦ	αὐτός	RP	----GSM-
Luke 4:15	καὶ	καί	C-	--------
Luke 4:15	αὐτὸς	αὐτός	RP	----NSM-
Luke 4:15	ἐδίδασκεν	διδάσκω	V-	3IAI-S--
Luke 4:15	ἐν	ἐν	P-	--------
Luke 4:15	ταῖς	ὁ	RA	----DPF-
Luke 4:15	συναγωγαῖς	συναγωγή	N-	----DPF-
Luke 4:15	αὐτῶν	αὐτός	RP	----GPM-
Luke 4:15	δοξαζόμενος	δοξάζω	V-	-PPPNSM-
Luke 4:15	ὑπὸ	ὑπό	P-	--------
Luke 4:15	πάντων	πᾶς	A-	----GPM-
Luke 4:16	Καὶ	καί	C-	--------
Luke 4:16	ἦλθεν	ἔρχομαι	V-	3AAI-S--
Luke 4:16	εἰς	εἰς	P-	--------
Luke 4:16	Ναζαρά	Ναζαρά	N-	----ASF-
Luke 4:16	οὗ	οὗ	D-	--------
Luke 4:16	ἦν	εἰμί	V-	3IAI-S--
Luke 4:16	τεθραμμένος	τρέφω	V-	-XPPNSM-
Luke 4:16	καὶ	καί	C-	--------
Luke 4:16	εἰσῆλθεν	εἰσέρχομαι	V-	3AAI-S--
Luke 4:16	κατὰ	κατά	P-	--------
Luke 4:16	τὸ	ὁ	RA	----ASN-
Luke 4:16	εἰωθὸς	εἴωθα	V-	-XAPASN-
Luke 4:16	αὐτῷ	αὐτός	RP	----DSM-
Luke 4:16	ἐν	ἐν	P-	--------
Luke 4:16	τῇ	ὁ	RA	----DSF-
Luke 4:16	ἡμέρᾳ	ἡμέρα	N-	----DSF-
Luke 4:16	τῶν	ὁ	RA	----GPN-
Luke 4:16	σαββάτων	σάββατον	N-	----GPN-
Luke 4:16	εἰς	εἰς	P-	--------
Luke 4:16	τὴν	ὁ	RA	----ASF-
Luke 4:16	συναγωγήν	συναγωγή	N-	----ASF-
Luke 4:16	καὶ	καί	C-	--------
Luke 4:16	ἀνέστη	ἀνίστημι	V-	3AAI-S--
Luke 4:16	ἀναγνῶναι	ἀναγινώσκω	V-	-AAN----
Luke 4:17	καὶ	καί	C-	--------
Luke 4:17	ἐπεδόθη	ἐπιδίδωμι	V-	3API-S--
Luke 4:17	αὐτῷ	αὐτός	RP	----DSM-
Luke 4:17	βιβλίον	βιβλίον	N-	----NSN-
Luke 4:17	τοῦ	ὁ	RA	----GSM-
Luke 4:17	προφήτου	προφήτης	N-	----GSM-
Luke 4:17	Ἠσαΐου	Ἠσαΐας	N-	----GSM-
Luke 4:17	καὶ	καί	C-	--------
Luke 4:17	ἀναπτύξας	ἀναπτύσσω	V-	-AAPNSM-
Luke 4:17	τὸ	ὁ	RA	----ASN-
Luke 4:17	βιβλίον	βιβλίον	N-	----ASN-
Luke 4:17	εὗρεν	εὑρίσκω	V-	3AAI-S--
Luke 4:17	τὸν	ὁ	RA	----ASM-
Luke 4:17	τόπον	τόπος	N-	----ASM-
Luke 4:17	οὗ	οὗ	D-	--------
Luke 4:17	ἦν	εἰμί	V-	3IAI-S--
Luke 4:17	γεγραμμένον	γράφω	V-	-XPPNSN-
Luke 4:18	Πνεῦμα	πνεῦμα	N-	----NSN-
Luke 4:18	κυρίου	κύριος	N-	----GSM-
Luke 4:18	ἐπ’	ἐπί	P-	--------
Luke 4:18	ἐμέ	ἐγώ	RP	----AS--
Luke 4:18	οὗ	ὅς	RR	----GSN-
Luke 4:18	εἵνεκεν	εἵνεκεν	P-	--------
Luke 4:18	ἔχρισέν	χρίω	V-	3AAI-S--
Luke 4:18	με	ἐγώ	RP	----AS--
Luke 4:18	εὐαγγελίσασθαι	εὐαγγελίζω	V-	-AMN----
Luke 4:18	πτωχοῖς	πτωχός	A-	----DPM-
Luke 4:18	ἀπέσταλκέν	ἀποστέλλω	V-	3XAI-S--
Luke 4:18	με	ἐγώ	RP	----AS--
Luke 4:18	κηρύξαι	κηρύσσω	V-	-AAN----
Luke 4:18	αἰχμαλώτοις	αἰχμάλωτος	N-	----DPM-
Luke 4:18	ἄφεσιν	ἄφεσις	N-	----ASF-
Luke 4:18	καὶ	καί	C-	--------
Luke 4:18	τυφλοῖς	τυφλός	A-	----DPM-
Luke 4:18	ἀνάβλεψιν	ἀνάβλεψις	N-	----ASF-
Luke 4:18	ἀποστεῖλαι	ἀποστέλλω	V-	-AAN----
Luke 4:18	τεθραυσμένους	θραύω	V-	-XPPAPM-
Luke 4:18	ἐν	ἐν	P-	--------
Luke 4:18	ἀφέσει	ἄφεσις	N-	----DSF-
Luke 4:19	κηρύξαι	κηρύσσω	V-	-AAN----
Luke 4:19	ἐνιαυτὸν	ἐνιαυτός	N-	----ASM-
Luke 4:19	κυρίου	κύριος	N-	----GSM-
Luke 4:19	δεκτόν	δεκτός	A-	----ASM-
Luke 4:20	καὶ	καί	C-	--------
Luke 4:20	πτύξας	πτύσσω	V-	-AAPNSM-
Luke 4:20	τὸ	ὁ	RA	----ASN-
Luke 4:20	βιβλίον	βιβλίον	N-	----ASN-
Luke 4:20	ἀποδοὺς	ἀποδίδωμι	V-	-AAPNSM-
Luke 4:20	τῷ	ὁ	RA	----DSM-
Luke 4:20	ὑπηρέτῃ	ὑπηρέτης	N-	----DSM-
Luke 4:20	ἐκάθισεν	καθίζω	V-	3AAI-S--
Luke 4:20	καὶ	καί	C-	--------
Luke 4:20	πάντων	πᾶς	A-	----GPM-
Luke 4:20	οἱ	ὁ	RA	----NPM-
Luke 4:20	ὀφθαλμοὶ	ὀφθαλμός	N-	----NPM-
Luke 4:20	ἐν	ἐν	P-	--------
Luke 4:20	τῇ	ὁ	RA	----DSF-
Luke 4:20	συναγωγῇ	συναγωγή	N-	----DSF-
Luke 4:20	ἦσαν	εἰμί	V-	3IAI-P--
Luke 4:20	ἀτενίζοντες	ἀτενίζω	V-	-PAPNPM-
Luke 4:20	αὐτῷ	αὐτός	RP	----DSM-
Luke 4:21	ἤρξατο	ἄρχω	V-	3AMI-S--
Luke 4:21	δὲ	δέ	C-	--------
Luke 4:21	λέγειν	λέγω	V-	-PAN----
Luke 4:21	πρὸς	πρός	P-	--------
Luke 4:21	αὐτοὺς	αὐτός	RP	----APM-
Luke 4:21	ὅτι	ὅτι	C-	--------
Luke 4:21	Σήμερον	σήμερον	D-	--------
Luke 4:21	πεπλήρωται	πληρόω	V-	3XPI-S--
Luke 4:21	ἡ	ὁ	RA	----NSF-
Luke 4:21	γραφὴ	γραφή	N-	----NSF-
Luke 4:21	αὕτη	οὗτος	RD	----NSF-
Luke 4:21	ἐν	ἐν	P-	--------
Luke 4:21	τοῖς	ὁ	RA	----DPN-
Luke 4:21	ὠσὶν	οὖς	N-	----DPN-
Luke 4:21	ὑμῶν	σύ	RP	----GP--
Luke 4:22	καὶ	καί	C-	--------
Luke 4:22	πάντες	πᾶς	A-	----NPM-
Luke 4:22	ἐμαρτύρουν	μαρτυρέω	V-	3IAI-P--
Luke 4:22	αὐτῷ	αὐτός	RP	----DSM-
Luke 4:22	καὶ	καί	C-	--------
Luke 4:22	ἐθαύμαζον	θαυμάζω	V-	3IAI-P--
Luke 4:22	ἐπὶ	ἐπί	P-	--------
Luke 4:22	τοῖς	ὁ	RA	----DPM-
Luke 4:22	λόγοις	λόγος	N-	----DPM-
Luke 4:22	τῆς	ὁ	RA	----GSF-
Luke 4:22	χάριτος	χάρις	N-	----GSF-
Luke 4:22	τοῖς	ὁ	RA	----DPM-
Luke 4:22	ἐκπορευομένοις	ἐκπορεύομαι	V-	-PMPDPM-
Luke 4:22	ἐκ	ἐκ	P-	--------
Luke 4:22	τοῦ	ὁ	RA	----GSN-
Luke 4:22	στόματος	στόμα	N-	----GSN-
Luke 4:22	αὐτοῦ	αὐτός	RP	----GSM-
Luke 4:22	καὶ	καί	C-	--------
Luke 4:22	ἔλεγον	λέγω	V-	3IAI-P--
Luke 4:22	Οὐχὶ	οὐχί	X-	--------
Luke 4:22	υἱός	υἱός	N-	----NSM-
Luke 4:22	ἐστιν	εἰμί	V-	3PAI-S--
Luke 4:22	Ἰωσὴφ	Ἰωσήφ	N-	----GSM-
Luke 4:22	οὗτος	οὗτος	RD	----NSM-
Luke 4:23	καὶ	καί	C-	--------
Luke 4:23	εἶπεν	λέγω	V-	3AAI-S--
Luke 4:23	πρὸς	πρός	P-	--------
Luke 4:23	αὐτούς	αὐτός	RP	----APM-
Luke 4:23	Πάντως	πάντως	D-	--------
Luke 4:23	ἐρεῖτέ	λέγω	V-	2FAI-P--
Luke 4:23	μοι	ἐγώ	RP	----DS--
Luke 4:23	τὴν	ὁ	RA	----ASF-
Luke 4:23	παραβολὴν	παραβολή	N-	----ASF-
Luke 4:23	ταύτην	οὗτος	RD	----ASF-
Luke 4:23	Ἰατρέ	ἰατρός	N-	----VSM-
Luke 4:23	θεράπευσον	θεραπεύω	V-	2AAD-S--
Luke 4:23	σεαυτόν	σεαυτοῦ	RP	----ASM-
Luke 4:23	ὅσα	ὅσος	RR	----APN-
Luke 4:23	ἠκούσαμεν	ἀκούω	V-	1AAI-P--
Luke 4:23	γενόμενα	γίνομαι	V-	-AMPAPN-
Luke 4:23	εἰς	εἰς	P-	--------
Luke 4:23	τὴν	ὁ	RA	----ASF-
Luke 4:23	Καφαρναοὺμ	Καφαρναούμ	N-	----ASF-
Luke 4:23	ποίησον	ποιέω	V-	2AAD-S--
Luke 4:23	καὶ	καί	D-	--------
Luke 4:23	ὧδε	ὧδε	D-	--------
Luke 4:23	ἐν	ἐν	P-	--------
Luke 4:23	τῇ	ὁ	RA	----DSF-
Luke 4:23	πατρίδι	πατρίς	N-	----DSF-
Luke 4:23	σου	σύ	RP	----GS--
Luke 4:24	εἶπεν	λέγω	V-	3AAI-S--
Luke 4:24	δέ	δέ	C-	--------
Luke 4:24	Ἀμὴν	ἀμήν	X-	--------
Luke 4:24	λέγω	λέγω	V-	1PAI-S--
Luke 4:24	ὑμῖν	σύ	RP	----DP--
Luke 4:24	ὅτι	ὅτι	C-	--------
Luke 4:24	οὐδεὶς	οὐδείς	A-	----NSM-
Luke 4:24	προφήτης	προφήτης	N-	----NSM-
Luke 4:24	δεκτός	δεκτός	A-	----NSM-
Luke 4:24	ἐστιν	εἰμί	V-	3PAI-S--
Luke 4:24	ἐν	ἐν	P-	--------
Luke 4:24	τῇ	ὁ	RA	----DSF-
Luke 4:24	πατρίδι	πατρίς	N-	----DSF-
Luke 4:24	αὐτοῦ	αὐτός	RP	----GSM-
Luke 4:25	ἐπ’	ἐπί	P-	--------
Luke 4:25	ἀληθείας	ἀλήθεια	N-	----GSF-
Luke 4:25	δὲ	δέ	C-	--------
Luke 4:25	λέγω	λέγω	V-	1PAI-S--
Luke 4:25	ὑμῖν	σύ	RP	----DP--
Luke 4:25	πολλαὶ	πολύς	A-	----NPF-
Luke 4:25	χῆραι	χήρα	A-	----NPF-
Luke 4:25	ἦσαν	εἰμί	V-	3IAI-P--
Luke 4:25	ἐν	ἐν	P-	--------
Luke 4:25	ταῖς	ὁ	RA	----DPF-
Luke 4:25	ἡμέραις	ἡμέρα	N-	----DPF-
Luke 4:25	Ἠλίου	Ἠλίας	N-	----GSM-
Luke 4:25	ἐν	ἐν	P-	--------
Luke 4:25	τῷ	ὁ	RA	----DSM-
Luke 4:25	Ἰσραήλ	Ἰσραήλ	N-	----DSM-
Luke 4:25	ὅτε	ὅτε	D-	--------
Luke 4:25	ἐκλείσθη	κλείω	V-	3API-S--
Luke 4:25	ὁ	ὁ	RA	----NSM-
Luke 4:25	οὐρανὸς	οὐρανός	N-	----NSM-
Luke 4:25	ἐπὶ	ἐπί	P-	--------
Luke 4:25	ἔτη	ἔτος	N-	----APN-
Luke 4:25	τρία	τρεῖς	A-	----APN-
Luke 4:25	καὶ	καί	C-	--------
Luke 4:25	μῆνας	μήν	N-	----APM-
Luke 4:25	ἕξ	ἕξ	A-	----APM-
Luke 4:25	ὡς	ὡς	D-	--------
Luke 4:25	ἐγένετο	γίνομαι	V-	3AMI-S--
Luke 4:25	λιμὸς	λιμός	N-	----NSM-
Luke 4:25	μέγας	μέγας	A-	----NSM-
Luke 4:25	ἐπὶ	ἐπί	P-	--------
Luke 4:25	πᾶσαν	πᾶς	A-	----ASF-
Luke 4:25	τὴν	ὁ	RA	----ASF-
Luke 4:25	γῆν	γῆ	N-	----ASF-
Luke 4:26	καὶ	καί	C-	--------
Luke 4:26	πρὸς	πρός	P-	--------
Luke 4:26	οὐδεμίαν	οὐδείς	A-	----ASF-
Luke 4:26	αὐτῶν	αὐτός	RP	----GPF-
Luke 4:26	ἐπέμφθη	πέμπω	V-	3API-S--
Luke 4:26	Ἠλίας	Ἠλίας	N-	----NSM-
Luke 4:26	εἰ	εἰ	C-	--------
Luke 4:26	μὴ	μή	D-	--------
Luke 4:26	εἰς	εἰς	P-	--------
Luke 4:26	Σάρεπτα	Σάρεπτα	N-	----APN-
Luke 4:26	τῆς	ὁ	RA	----GSF-
Luke 4:26	Σιδωνίας	Σιδώνιος	A-	----GSF-
Luke 4:26	πρὸς	πρός	P-	--------
Luke 4:26	γυναῖκα	γυνή	N-	----ASF-
Luke 4:26	χήραν	χήρα	A-	----ASF-
Luke 4:27	καὶ	καί	C-	--------
Luke 4:27	πολλοὶ	πολύς	A-	----NPM-
Luke 4:27	λεπροὶ	λεπρός	A-	----NPM-
Luke 4:27	ἦσαν	εἰμί	V-	3IAI-P--
Luke 4:27	ἐν	ἐν	P-	--------
Luke 4:27	τῷ	ὁ	RA	----DSM-
Luke 4:27	Ἰσραὴλ	Ἰσραήλ	N-	----DSM-
Luke 4:27	ἐπὶ	ἐπί	P-	--------
Luke 4:27	Ἐλισαίου	Ἐλισαῖος	N-	----GSM-
Luke 4:27	τοῦ	ὁ	RA	----GSM-
Luke 4:27	προφήτου	προφήτης	N-	----GSM-
Luke 4:27	καὶ	καί	C-	--------
Luke 4:27	οὐδεὶς	οὐδείς	A-	----NSM-
Luke 4:27	αὐτῶν	αὐτός	RP	----GPM-
Luke 4:27	ἐκαθαρίσθη	καθαρίζω	V-	3API-S--
Luke 4:27	εἰ	εἰ	C-	--------
Luke 4:27	μὴ	μή	D-	--------
Luke 4:27	Ναιμὰν	Ναιμάν	N-	----NSM-
Luke 4:27	ὁ	ὁ	RA	----NSM-
Luke 4:27	Σύρος	Σύρος	N-	----NSM-
Luke 4:28	καὶ	καί	C-	--------
Luke 4:28	ἐπλήσθησαν	πίμπλημι	V-	3API-P--
Luke 4:28	πάντες	πᾶς	A-	----NPM-
Luke 4:28	θυμοῦ	θυμός	N-	----GSM-
Luke 4:28	ἐν	ἐν	P-	--------
Luke 4:28	τῇ	ὁ	RA	----DSF-
Luke 4:28	συναγωγῇ	συναγωγή	N-	----DSF-
Luke 4:28	ἀκούοντες	ἀκούω	V-	-PAPNPM-
Luke 4:28	ταῦτα	οὗτος	RD	----APN-
Luke 4:29	καὶ	καί	C-	--------
Luke 4:29	ἀναστάντες	ἀνίστημι	V-	-AAPNPM-
Luke 4:29	ἐξέβαλον	ἐκβάλλω	V-	3AAI-P--
Luke 4:29	αὐτὸν	αὐτός	RP	----ASM-
Luke 4:29	ἔξω	ἔξω	P-	--------
Luke 4:29	τῆς	ὁ	RA	----GSF-
Luke 4:29	πόλεως	πόλις	N-	----GSF-
Luke 4:29	καὶ	καί	C-	--------
Luke 4:29	ἤγαγον	ἄγω	V-	3AAI-P--
Luke 4:29	αὐτὸν	αὐτός	RP	----ASM-
Luke 4:29	ἕως	ἕως	P-	--------
Luke 4:29	ὀφρύος	ὀφρῦς	N-	----GSF-
Luke 4:29	τοῦ	ὁ	RA	----GSN-
Luke 4:29	ὄρους	ὄρος	N-	----GSN-
Luke 4:29	ἐφ’	ἐπί	P-	--------
Luke 4:29	οὗ	ὅς	RR	----GSN-
Luke 4:29	ἡ	ὁ	RA	----NSF-
Luke 4:29	πόλις	πόλις	N-	----NSF-
Luke 4:29	ᾠκοδόμητο	οἰκοδομέω	V-	3YPI-S--
Luke 4:29	αὐτῶν	αὐτός	RP	----GPM-
Luke 4:29	ὥστε	ὥστε	C-	--------
Luke 4:29	κατακρημνίσαι	κατακρημνίζω	V-	-AAN----
Luke 4:29	αὐτόν	αὐτός	RP	----ASM-
Luke 4:30	αὐτὸς	αὐτός	RP	----NSM-
Luke 4:30	δὲ	δέ	C-	--------
Luke 4:30	διελθὼν	διέρχομαι	V-	-AAPNSM-
Luke 4:30	διὰ	διά	P-	--------
Luke 4:30	μέσου	μέσος	A-	----GSN-
Luke 4:30	αὐτῶν	αὐτός	RP	----GPM-
Luke 4:30	ἐπορεύετο	πορεύομαι	V-	3IMI-S--
Luke 4:31	Καὶ	καί	C-	--------
Luke 4:31	κατῆλθεν	κατέρχομαι	V-	3AAI-S--
Luke 4:31	εἰς	εἰς	P-	--------
Luke 4:31	Καφαρναοὺμ	Καφαρναούμ	N-	----ASF-
Luke 4:31	πόλιν	πόλις	N-	----ASF-
Luke 4:31	τῆς	ὁ	RA	----GSF-
Luke 4:31	Γαλιλαίας	Γαλιλαία	N-	----GSF-
Luke 4:31	καὶ	καί	C-	--------
Luke 4:31	ἦν	εἰμί	V-	3IAI-S--
Luke 4:31	διδάσκων	διδάσκω	V-	-PAPNSM-
Luke 4:31	αὐτοὺς	αὐτός	RP	----APM-
Luke 4:31	ἐν	ἐν	P-	--------
Luke 4:31	τοῖς	ὁ	RA	----DPN-
Luke 4:31	σάββασιν	σάββατον	N-	----DPN-
Luke 4:32	καὶ	καί	C-	--------
Luke 4:32	ἐξεπλήσσοντο	ἐκπλήσσομαι	V-	3IPI-P--
Luke 4:32	ἐπὶ	ἐπί	P-	--------
Luke 4:32	τῇ	ὁ	RA	----DSF-
Luke 4:32	διδαχῇ	διδαχή	N-	----DSF-
Luke 4:32	αὐτοῦ	αὐτός	RP	----GSM-
Luke 4:32	ὅτι	ὅτι	C-	--------
Luke 4:32	ἐν	ἐν	P-	--------
Luke 4:32	ἐξουσίᾳ	ἐξουσία	N-	----DSF-
Luke 4:32	ἦν	εἰμί	V-	3IAI-S--
Luke 4:32	ὁ	ὁ	RA	----NSM-
Luke 4:32	λόγος	λόγος	N-	----NSM-
Luke 4:32	αὐτοῦ	αὐτός	RP	----GSM-
Luke 4:33	καὶ	καί	C-	--------
Luke 4:33	ἐν	ἐν	P-	--------
Luke 4:33	τῇ	ὁ	RA	----DSF-
Luke 4:33	συναγωγῇ	συναγωγή	N-	----DSF-
Luke 4:33	ἦν	εἰμί	V-	3IAI-S--
Luke 4:33	ἄνθρωπος	ἄνθρωπος	N-	----NSM-
Luke 4:33	ἔχων	ἔχω	V-	-PAPNSM-
Luke 4:33	πνεῦμα	πνεῦμα	N-	----ASN-
Luke 4:33	δαιμονίου	δαιμόνιον	N-	----GSN-
Luke 4:33	ἀκαθάρτου	ἀκάθαρτος	A-	----GSN-
Luke 4:33	καὶ	καί	C-	--------
Luke 4:33	ἀνέκραξεν	ἀνακράζω	V-	3AAI-S--
Luke 4:33	φωνῇ	φωνή	N-	----DSF-
Luke 4:33	μεγάλῃ	μέγας	A-	----DSF-
Luke 4:34	Ἔα	ἔα	X-	--------
Luke 4:34	τί	τίς	RI	----NSN-
Luke 4:34	ἡμῖν	ἐγώ	RP	----DP--
Luke 4:34	καὶ	καί	C-	--------
Luke 4:34	σοί	σύ	RP	----DS--
Luke 4:34	Ἰησοῦ	Ἰησοῦς	N-	----VSM-
Luke 4:34	Ναζαρηνέ	Ναζαρηνός	A-	----VSM-
Luke 4:34	ἦλθες	ἔρχομαι	V-	2AAI-S--
Luke 4:34	ἀπολέσαι	ἀπόλλυμι	V-	-AAN----
Luke 4:34	ἡμᾶς	ἐγώ	RP	----AP--
Luke 4:34	οἶδά	οἶδα	V-	1XAI-S--
Luke 4:34	σε	σύ	RP	----AS--
Luke 4:34	τίς	τίς	RI	----NSM-
Luke 4:34	εἶ	εἰμί	V-	2PAI-S--
Luke 4:34	ὁ	ὁ	RA	----NSM-
Luke 4:34	ἅγιος	ἅγιος	A-	----NSM-
Luke 4:34	τοῦ	ὁ	RA	----GSM-
Luke 4:34	θεοῦ	θεός	N-	----GSM-
Luke 4:35	καὶ	καί	C-	--------
Luke 4:35	ἐπετίμησεν	ἐπιτιμάω	V-	3AAI-S--
Luke 4:35	αὐτῷ	αὐτός	RP	----DSM-
Luke 4:35	ὁ	ὁ	RA	----NSM-
Luke 4:35	Ἰησοῦς	Ἰησοῦς	N-	----NSM-
Luke 4:35	λέγων	λέγω	V-	-PAPNSM-
Luke 4:35	Φιμώθητι	φιμόω	V-	2APD-S--
Luke 4:35	καὶ	καί	C-	--------
Luke 4:35	ἔξελθε	ἐξέρχομαι	V-	2AAD-S--
Luke 4:35	ἀπ’	ἀπό	P-	--------
Luke 4:35	αὐτοῦ	αὐτός	RP	----GSM-
Luke 4:35	καὶ	καί	C-	--------
Luke 4:35	ῥίψαν	ῥίπτω	V-	-AAPNSN-
Luke 4:35	αὐτὸν	αὐτός	RP	----ASM-
Luke 4:35	τὸ	ὁ	RA	----NSN-
Luke 4:35	δαιμόνιον	δαιμόνιον	N-	----NSN-
Luke 4:35	εἰς	εἰς	P-	--------
Luke 4:35	τὸ	ὁ	RA	----ASN-
Luke 4:35	μέσον	μέσος	A-	----ASN-
Luke 4:35	ἐξῆλθεν	ἐξέρχομαι	V-	3AAI-S--
Luke 4:35	ἀπ’	ἀπό	P-	--------
Luke 4:35	αὐτοῦ	αὐτός	RP	----GSM-
Luke 4:35	μηδὲν	μηδείς	A-	----ASN-
Luke 4:35	βλάψαν	βλάπτω	V-	-AAPNSN-
Luke 4:35	αὐτόν	αὐτός	RP	----ASM-
Luke 4:36	καὶ	καί	C-	--------
Luke 4:36	ἐγένετο	γίνομαι	V-	3AMI-S--
Luke 4:36	θάμβος	θάμβος	N-	----NSN-
Luke 4:36	ἐπὶ	ἐπί	P-	--------
Luke 4:36	πάντας	πᾶς	A-	----APM-
Luke 4:36	καὶ	καί	C-	--------
Luke 4:36	συνελάλουν	συλλαλέω	V-	3IAI-P--
Luke 4:36	πρὸς	πρός	P-	--------
Luke 4:36	ἀλλήλους	ἀλλήλων	RP	----APM-
Luke 4:36	λέγοντες	λέγω	V-	-PAPNPM-
Luke 4:36	Τίς	τίς	RI	----NSM-
Luke 4:36	ὁ	ὁ	RA	----NSM-
Luke 4:36	λόγος	λόγος	N-	----NSM-
Luke 4:36	οὗτος	οὗτος	RD	----NSM-
Luke 4:36	ὅτι	ὅτι	C-	--------
Luke 4:36	ἐν	ἐν	P-	--------
Luke 4:36	ἐξουσίᾳ	ἐξουσία	N-	----DSF-
Luke 4:36	καὶ	καί	C-	--------
Luke 4:36	δυνάμει	δύναμις	N-	----DSF-
Luke 4:36	ἐπιτάσσει	ἐπιτάσσω	V-	3PAI-S--
Luke 4:36	τοῖς	ὁ	RA	----DPN-
Luke 4:36	ἀκαθάρτοις	ἀκάθαρτος	A-	----DPN-
Luke 4:36	πνεύμασιν	πνεῦμα	N-	----DPN-
Luke 4:36	καὶ	καί	C-	--------
Luke 4:36	ἐξέρχονται	ἐξέρχομαι	V-	3PMI-P--
Luke 4:37	καὶ	καί	C-	--------
Luke 4:37	ἐξεπορεύετο	ἐκπορεύομαι	V-	3IMI-S--
Luke 4:37	ἦχος	ἦχος	N-	----NSM-
Luke 4:37	περὶ	περί	P-	--------
Luke 4:37	αὐτοῦ	αὐτός	RP	----GSM-
Luke 4:37	εἰς	εἰς	P-	--------
Luke 4:37	πάντα	πᾶς	A-	----ASM-
Luke 4:37	τόπον	τόπος	N-	----ASM-
Luke 4:37	τῆς	ὁ	RA	----GSF-
Luke 4:37	περιχώρου	περίχωρος	A-	----GSF-
Luke 4:38	Ἀναστὰς	ἀνίστημι	V-	-AAPNSM-
Luke 4:38	δὲ	δέ	C-	--------
Luke 4:38	ἀπὸ	ἀπό	P-	--------
Luke 4:38	τῆς	ὁ	RA	----GSF-
Luke 4:38	συναγωγῆς	συναγωγή	N-	----GSF-
Luke 4:38	εἰσῆλθεν	εἰσέρχομαι	V-	3AAI-S--
Luke 4:38	εἰς	εἰς	P-	--------
Luke 4:38	τὴν	ὁ	RA	----ASF-
Luke 4:38	οἰκίαν	οἰκία	N-	----ASF-
Luke 4:38	Σίμωνος	Σίμων	N-	----GSM-
Luke 4:38	πενθερὰ	πενθερά	N-	----NSF-
Luke 4:38	δὲ	δέ	C-	--------
Luke 4:38	τοῦ	ὁ	RA	----GSM-
Luke 4:38	Σίμωνος	Σίμων	N-	----GSM-
Luke 4:38	ἦν	εἰμί	V-	3IAI-S--
Luke 4:38	συνεχομένη	συνέχω	V-	-PPPNSF-
Luke 4:38	πυρετῷ	πυρετός	N-	----DSM-
Luke 4:38	μεγάλῳ	μέγας	A-	----DSM-
Luke 4:38	καὶ	καί	C-	--------
Luke 4:38	ἠρώτησαν	ἐρωτάω	V-	3AAI-P--
Luke 4:38	αὐτὸν	αὐτός	RP	----ASM-
Luke 4:38	περὶ	περί	P-	--------
Luke 4:38	αὐτῆς	αὐτός	RP	----GSF-
Luke 4:39	καὶ	καί	C-	--------
Luke 4:39	ἐπιστὰς	ἐφίστημι	V-	-AAPNSM-
Luke 4:39	ἐπάνω	ἐπάνω	P-	--------
Luke 4:39	αὐτῆς	αὐτός	RP	----GSF-
Luke 4:39	ἐπετίμησεν	ἐπιτιμάω	V-	3AAI-S--
Luke 4:39	τῷ	ὁ	RA	----DSM-
Luke 4:39	πυρετῷ	πυρετός	N-	----DSM-
Luke 4:39	καὶ	καί	C-	--------
Luke 4:39	ἀφῆκεν	ἀφίημι	V-	3AAI-S--
Luke 4:39	αὐτήν	αὐτός	RP	----ASF-
Luke 4:39	παραχρῆμα	παραχρῆμα	D-	--------
Luke 4:39	δὲ	δέ	C-	--------
Luke 4:39	ἀναστᾶσα	ἀνίστημι	V-	-AAPNSF-
Luke 4:39	διηκόνει	διακονέω	V-	3IAI-S--
Luke 4:39	αὐτοῖς	αὐτός	RP	----DPM-
Luke 4:40	Δύνοντος	δύνω	V-	-PAPGSM-
Luke 4:40	δὲ	δέ	C-	--------
Luke 4:40	τοῦ	ὁ	RA	----GSM-
Luke 4:40	ἡλίου	ἥλιος	N-	----GSM-
Luke 4:40	ἅπαντες	ἅπας	A-	----NPM-
Luke 4:40	ὅσοι	ὅσος	RR	----NPM-
Luke 4:40	εἶχον	ἔχω	V-	3IAI-P--
Luke 4:40	ἀσθενοῦντας	ἀσθενέω	V-	-PAPAPM-
Luke 4:40	νόσοις	νόσος	N-	----DPF-
Luke 4:40	ποικίλαις	ποικίλος	A-	----DPF-
Luke 4:40	ἤγαγον	ἄγω	V-	3AAI-P--
Luke 4:40	αὐτοὺς	αὐτός	RP	----APM-
Luke 4:40	πρὸς	πρός	P-	--------
Luke 4:40	αὐτόν	αὐτός	RP	----ASM-
Luke 4:40	ὁ	ὁ	RA	----NSM-
Luke 4:40	δὲ	δέ	C-	--------
Luke 4:40	ἑνὶ	εἷς	A-	----DSM-
Luke 4:40	ἑκάστῳ	ἕκαστος	A-	----DSM-
Luke 4:40	αὐτῶν	αὐτός	RP	----GPM-
Luke 4:40	τὰς	ὁ	RA	----APF-
Luke 4:40	χεῖρας	χείρ	N-	----APF-
Luke 4:40	ἐπιτιθεὶς	ἐπιτίθημι	V-	-PAPNSM-
Luke 4:40	ἐθεράπευεν	θεραπεύω	V-	3IAI-S--
Luke 4:40	αὐτούς	αὐτός	RP	----APM-
Luke 4:41	ἐξήρχετο	ἐξέρχομαι	V-	3IMI-S--
Luke 4:41	δὲ	δέ	C-	--------
Luke 4:41	καὶ	καί	D-	--------
Luke 4:41	δαιμόνια	δαιμόνιον	N-	----NPN-
Luke 4:41	ἀπὸ	ἀπό	P-	--------
Luke 4:41	πολλῶν	πολύς	A-	----GPM-
Luke 4:41	κραυγάζοντα	κραυγάζω	V-	-PAPNPN-
Luke 4:41	καὶ	καί	C-	--------
Luke 4:41	λέγοντα	λέγω	V-	-PAPNPN-
Luke 4:41	ὅτι	ὅτι	C-	--------
Luke 4:41	Σὺ	σύ	RP	----NS--
Luke 4:41	εἶ	εἰμί	V-	2PAI-S--
Luke 4:41	ὁ	ὁ	RA	----NSM-
Luke 4:41	υἱὸς	υἱός	N-	----NSM-
Luke 4:41	τοῦ	ὁ	RA	----GSM-
Luke 4:41	θεοῦ	θεός	N-	----GSM-
Luke 4:41	καὶ	καί	C-	--------
Luke 4:41	ἐπιτιμῶν	ἐπιτιμάω	V-	-PAPNSM-
Luke 4:41	οὐκ	οὐ	D-	--------
Luke 4:41	εἴα	ἐάω	V-	3IAI-S--
Luke 4:41	αὐτὰ	αὐτός	RP	----APN-
Luke 4:41	λαλεῖν	λαλέω	V-	-PAN----
Luke 4:41	ὅτι	ὅτι	C-	--------
Luke 4:41	ᾔδεισαν	οἶδα	V-	3YAI-P--
Luke 4:41	τὸν	ὁ	RA	----ASM-
Luke 4:41	χριστὸν	Χριστός	N-	----ASM-
Luke 4:41	αὐτὸν	αὐτός	RP	----ASM-
Luke 4:41	εἶναι	εἰμί	V-	-PAN----
Luke 4:42	Γενομένης	γίνομαι	V-	-AMPGSF-
Luke 4:42	δὲ	δέ	C-	--------
Luke 4:42	ἡμέρας	ἡμέρα	N-	----GSF-
Luke 4:42	ἐξελθὼν	ἐξέρχομαι	V-	-AAPNSM-
Luke 4:42	ἐπορεύθη	πορεύομαι	V-	3API-S--
Luke 4:42	εἰς	εἰς	P-	--------
Luke 4:42	ἔρημον	ἔρημος	A-	----ASM-
Luke 4:42	τόπον	τόπος	N-	----ASM-
Luke 4:42	καὶ	καί	C-	--------
Luke 4:42	οἱ	ὁ	RA	----NPM-
Luke 4:42	ὄχλοι	ὄχλος	N-	----NPM-
Luke 4:42	ἐπεζήτουν	ἐπιζητέω	V-	3IAI-P--
Luke 4:42	αὐτόν	αὐτός	RP	----ASM-
Luke 4:42	καὶ	καί	C-	--------
Luke 4:42	ἦλθον	ἔρχομαι	V-	3AAI-P--
Luke 4:42	ἕως	ἕως	P-	--------
Luke 4:42	αὐτοῦ	αὐτός	RP	----GSM-
Luke 4:42	καὶ	καί	C-	--------
Luke 4:42	κατεῖχον	κατέχω	V-	3IAI-P--
Luke 4:42	αὐτὸν	αὐτός	RP	----ASM-
Luke 4:42	τοῦ	ὁ	RA	----GSN-
Luke 4:42	μὴ	μή	D-	--------
Luke 4:42	πορεύεσθαι	πορεύομαι	V-	-PMN----
Luke 4:42	ἀπ’	ἀπό	P-	--------
Luke 4:42	αὐτῶν	αὐτός	RP	----GPM-
Luke 4:43	ὁ	ὁ	RA	----NSM-
Luke 4:43	δὲ	δέ	C-	--------
Luke 4:43	εἶπεν	λέγω	V-	3AAI-S--
Luke 4:43	πρὸς	πρός	P-	--------
Luke 4:43	αὐτοὺς	αὐτός	RP	----APM-
Luke 4:43	ὅτι	ὅτι	C-	--------
Luke 4:43	Καὶ	καί	D-	--------
Luke 4:43	ταῖς	ὁ	RA	----DPF-
Luke 4:43	ἑτέραις	ἕτερος	A-	----DPF-
Luke 4:43	πόλεσιν	πόλις	N-	----DPF-
Luke 4:43	εὐαγγελίσασθαί	εὐαγγελίζω	V-	-AMN----
Luke 4:43	με	ἐγώ	RP	----AS--
Luke 4:43	δεῖ	δέω	V-	3PAI-S--
Luke 4:43	τὴν	ὁ	RA	----ASF-
Luke 4:43	βασιλείαν	βασιλεία	N-	----ASF-
Luke 4:43	τοῦ	ὁ	RA	----GSM-
Luke 4:43	θεοῦ	θεός	N-	----GSM-
Luke 4:43	ὅτι	ὅτι	C-	--------
Luke 4:43	ἐπὶ	ἐπί	P-	--------
Luke 4:43	τοῦτο	οὗτος	RD	----ASN-
Luke 4:43	ἀπεστάλην	ἀποστέλλω	V-	1API-S--
Luke 4:44	καὶ	καί	C-	--------
Luke 4:44	ἦν	εἰμί	V-	3IAI-S--
Luke 4:44	κηρύσσων	κηρύσσω	V-	-PAPNSM-
Luke 4:44	εἰς	εἰς	P-	--------
Luke 4:44	τὰς	ὁ	RA	----APF-
Luke 4:44	συναγωγὰς	συναγωγή	N-	----APF-
Luke 4:44	τῆς	ὁ	RA	----GSF-
Luke 4:44	Ἰουδαίας	Ἰουδαία	N-	----GSF-
Luke 5:1	Ἐγένετο	γίνομαι	V-	3AMI-S--
Luke 5:1	δὲ	δέ	C-	--------
Luke 5:1	ἐν	ἐν	P-	--------
Luke 5:1	τῷ	ὁ	RA	----DSN-
Luke 5:1	τὸν	ὁ	RA	----ASM-
Luke 5:1	ὄχλον	ὄχλος	N-	----ASM-
Luke 5:1	ἐπικεῖσθαι	ἐπίκειμαι	V-	-PMN----
Luke 5:1	αὐτῷ	αὐτός	RP	----DSM-
Luke 5:1	καὶ	καί	C-	--------
Luke 5:1	ἀκούειν	ἀκούω	V-	-PAN----
Luke 5:1	τὸν	ὁ	RA	----ASM-
Luke 5:1	λόγον	λόγος	N-	----ASM-
Luke 5:1	τοῦ	ὁ	RA	----GSM-
Luke 5:1	θεοῦ	θεός	N-	----GSM-
Luke 5:1	καὶ	καί	C-	--------
Luke 5:1	αὐτὸς	αὐτός	RP	----NSM-
Luke 5:1	ἦν	εἰμί	V-	3IAI-S--
Luke 5:1	ἑστὼς	ἵστημι	V-	-XAPNSM-
Luke 5:1	παρὰ	παρά	P-	--------
Luke 5:1	τὴν	ὁ	RA	----ASF-
Luke 5:1	λίμνην	λίμνη	N-	----ASF-
Luke 5:1	Γεννησαρέτ	Γεννησαρέτ	N-	----GSF-
Luke 5:2	καὶ	καί	C-	--------
Luke 5:2	εἶδεν	ὁράω	V-	3AAI-S--
Luke 5:2	δύο	δύο	A-	----APN-
Luke 5:2	πλοῖα	πλοῖον	N-	----APN-
Luke 5:2	ἑστῶτα	ἵστημι	V-	-XAPAPN-
Luke 5:2	παρὰ	παρά	P-	--------
Luke 5:2	τὴν	ὁ	RA	----ASF-
Luke 5:2	λίμνην	λίμνη	N-	----ASF-
Luke 5:2	οἱ	ὁ	RA	----NPM-
Luke 5:2	δὲ	δέ	C-	--------
Luke 5:2	ἁλιεῖς	ἁλιεύς	N-	----NPM-
Luke 5:2	ἀπ’	ἀπό	P-	--------
Luke 5:2	αὐτῶν	αὐτός	RP	----GPN-
Luke 5:2	ἀποβάντες	ἀποβαίνω	V-	-AAPNPM-
Luke 5:2	ἔπλυνον	πλύνω	V-	3IAI-P--
Luke 5:2	τὰ	ὁ	RA	----APN-
Luke 5:2	δίκτυα	δίκτυον	N-	----APN-
Luke 5:3	ἐμβὰς	ἐμβαίνω	V-	-AAPNSM-
Luke 5:3	δὲ	δέ	C-	--------
Luke 5:3	εἰς	εἰς	P-	--------
Luke 5:3	ἓν	εἷς	A-	----ASN-
Luke 5:3	τῶν	ὁ	RA	----GPN-
Luke 5:3	πλοίων	πλοῖον	N-	----GPN-
Luke 5:3	ὃ	ὅς	RR	----NSN-
Luke 5:3	ἦν	εἰμί	V-	3IAI-S--
Luke 5:3	Σίμωνος	Σίμων	N-	----GSM-
Luke 5:3	ἠρώτησεν	ἐρωτάω	V-	3AAI-S--
Luke 5:3	αὐτὸν	αὐτός	RP	----ASM-
Luke 5:3	ἀπὸ	ἀπό	P-	--------
Luke 5:3	τῆς	ὁ	RA	----GSF-
Luke 5:3	γῆς	γῆ	N-	----GSF-
Luke 5:3	ἐπαναγαγεῖν	ἐπανάγω	V-	-AAN----
Luke 5:3	ὀλίγον	ὀλίγος	A-	----ASN-
Luke 5:3	καθίσας	καθίζω	V-	-AAPNSM-
Luke 5:3	δὲ	δέ	C-	--------
Luke 5:3	ἐκ	ἐκ	P-	--------
Luke 5:3	τοῦ	ὁ	RA	----GSN-
Luke 5:3	πλοίου	πλοῖον	N-	----GSN-
Luke 5:3	ἐδίδασκεν	διδάσκω	V-	3IAI-S--
Luke 5:3	τοὺς	ὁ	RA	----APM-
Luke 5:3	ὄχλους	ὄχλος	N-	----APM-
Luke 5:4	ὡς	ὡς	C-	--------
Luke 5:4	δὲ	δέ	C-	--------
Luke 5:4	ἐπαύσατο	παύω	V-	3AMI-S--
Luke 5:4	λαλῶν	λαλέω	V-	-PAPNSM-
Luke 5:4	εἶπεν	λέγω	V-	3AAI-S--
Luke 5:4	πρὸς	πρός	P-	--------
Luke 5:4	τὸν	ὁ	RA	----ASM-
Luke 5:4	Σίμωνα	Σίμων	N-	----ASM-
Luke 5:4	Ἐπανάγαγε	ἐπανάγω	V-	2AAD-S--
Luke 5:4	εἰς	εἰς	P-	--------
Luke 5:4	τὸ	ὁ	RA	----ASN-
Luke 5:4	βάθος	βάθος	N-	----ASN-
Luke 5:4	καὶ	καί	C-	--------
Luke 5:4	χαλάσατε	χαλάω	V-	2AAD-P--
Luke 5:4	τὰ	ὁ	RA	----APN-
Luke 5:4	δίκτυα	δίκτυον	N-	----APN-
Luke 5:4	ὑμῶν	σύ	RP	----GP--
Luke 5:4	εἰς	εἰς	P-	--------
Luke 5:4	ἄγραν	ἄγρα	N-	----ASF-
Luke 5:5	καὶ	καί	C-	--------
Luke 5:5	ἀποκριθεὶς	ἀποκρίνομαι	V-	-APPNSM-
Luke 5:5	Σίμων	Σίμων	N-	----NSM-
Luke 5:5	εἶπεν	λέγω	V-	3AAI-S--
Luke 5:5	Ἐπιστάτα	ἐπιστάτης	N-	----VSM-
Luke 5:5	δι’	διά	P-	--------
Luke 5:5	ὅλης	ὅλος	A-	----GSF-
Luke 5:5	νυκτὸς	νύξ	N-	----GSF-
Luke 5:5	κοπιάσαντες	κοπιάω	V-	-AAPNPM-
Luke 5:5	οὐδὲν	οὐδείς	A-	----ASN-
Luke 5:5	ἐλάβομεν	λαμβάνω	V-	1AAI-P--
Luke 5:5	ἐπὶ	ἐπί	P-	--------
Luke 5:5	δὲ	δέ	C-	--------
Luke 5:5	τῷ	ὁ	RA	----DSN-
Luke 5:5	ῥήματί	ῥῆμα	N-	----DSN-
Luke 5:5	σου	σύ	RP	----GS--
Luke 5:5	χαλάσω	χαλάω	V-	1FAI-S--
Luke 5:5	τὰ	ὁ	RA	----APN-
Luke 5:5	δίκτυα	δίκτυον	N-	----APN-
Luke 5:6	καὶ	καί	C-	--------
Luke 5:6	τοῦτο	οὗτος	RD	----ASN-
Luke 5:6	ποιήσαντες	ποιέω	V-	-AAPNPM-
Luke 5:6	συνέκλεισαν	συγκλείω	V-	3AAI-P--
Luke 5:6	πλῆθος	πλῆθος	N-	----ASN-
Luke 5:6	ἰχθύων	ἰχθύς	N-	----GPM-
Luke 5:6	πολύ	πολύς	A-	----ASN-
Luke 5:6	διερρήσσετο	διαρρήγνυμι	V-	3IPI-S--
Luke 5:6	δὲ	δέ	C-	--------
Luke 5:6	τὰ	ὁ	RA	----NPN-
Luke 5:6	δίκτυα	δίκτυον	N-	----NPN-
Luke 5:6	αὐτῶν	αὐτός	RP	----GPM-
Luke 5:7	καὶ	καί	C-	--------
Luke 5:7	κατένευσαν	κατανεύω	V-	3AAI-P--
Luke 5:7	τοῖς	ὁ	RA	----DPM-
Luke 5:7	μετόχοις	μέτοχος	A-	----DPM-
Luke 5:7	ἐν	ἐν	P-	--------
Luke 5:7	τῷ	ὁ	RA	----DSN-
Luke 5:7	ἑτέρῳ	ἕτερος	A-	----DSN-
Luke 5:7	πλοίῳ	πλοῖον	N-	----DSN-
Luke 5:7	τοῦ	ὁ	RA	----GSN-
Luke 5:7	ἐλθόντας	ἔρχομαι	V-	-AAPAPM-
Luke 5:7	συλλαβέσθαι	συλλαμβάνω	V-	-AMN----
Luke 5:7	αὐτοῖς	αὐτός	RP	----DPM-
Luke 5:7	καὶ	καί	C-	--------
Luke 5:7	ἦλθον	ἔρχομαι	V-	3AAI-P--
Luke 5:7	καὶ	καί	C-	--------
Luke 5:7	ἔπλησαν	πίμπλημι	V-	3AAI-P--
Luke 5:7	ἀμφότερα	ἀμφότεροι	A-	----APN-
Luke 5:7	τὰ	ὁ	RA	----APN-
Luke 5:7	πλοῖα	πλοῖον	N-	----APN-
Luke 5:7	ὥστε	ὥστε	C-	--------
Luke 5:7	βυθίζεσθαι	βυθίζω	V-	-PPN----
Luke 5:7	αὐτά	αὐτός	RP	----APN-
Luke 5:8	ἰδὼν	ὁράω	V-	-AAPNSM-
Luke 5:8	δὲ	δέ	C-	--------
Luke 5:8	Σίμων	Σίμων	N-	----NSM-
Luke 5:8	Πέτρος	Πέτρος	N-	----NSM-
Luke 5:8	προσέπεσεν	προσπίπτω	V-	3AAI-S--
Luke 5:8	τοῖς	ὁ	RA	----DPN-
Luke 5:8	γόνασιν	γόνυ	N-	----DPN-
Luke 5:8	Ἰησοῦ	Ἰησοῦς	N-	----GSM-
Luke 5:8	λέγων	λέγω	V-	-PAPNSM-
Luke 5:8	Ἔξελθε	ἐξέρχομαι	V-	2AAD-S--
Luke 5:8	ἀπ’	ἀπό	P-	--------
Luke 5:8	ἐμοῦ	ἐγώ	RP	----GS--
Luke 5:8	ὅτι	ὅτι	C-	--------
Luke 5:8	ἀνὴρ	ἀνήρ	N-	----NSM-
Luke 5:8	ἁμαρτωλός	ἁμαρτωλός	A-	----NSM-
Luke 5:8	εἰμι	εἰμί	V-	1PAI-S--
Luke 5:8	κύριε	κύριος	N-	----VSM-
Luke 5:9	θάμβος	θάμβος	N-	----NSN-
Luke 5:9	γὰρ	γάρ	C-	--------
Luke 5:9	περιέσχεν	περιέχω	V-	3AAI-S--
Luke 5:9	αὐτὸν	αὐτός	RP	----ASM-
Luke 5:9	καὶ	καί	C-	--------
Luke 5:9	πάντας	πᾶς	A-	----APM-
Luke 5:9	τοὺς	ὁ	RA	----APM-
Luke 5:9	σὺν	σύν	P-	--------
Luke 5:9	αὐτῷ	αὐτός	RP	----DSM-
Luke 5:9	ἐπὶ	ἐπί	P-	--------
Luke 5:9	τῇ	ὁ	RA	----DSF-
Luke 5:9	ἄγρᾳ	ἄγρα	N-	----DSF-
Luke 5:9	τῶν	ὁ	RA	----GPM-
Luke 5:9	ἰχθύων	ἰχθύς	N-	----GPM-
Luke 5:9	ὧν	ὅς	RR	----GPM-
Luke 5:9	συνέλαβον	συλλαμβάνω	V-	3AAI-P--
Luke 5:10	ὁμοίως	ὁμοίως	D-	--------
Luke 5:10	δὲ	δέ	C-	--------
Luke 5:10	καὶ	καί	D-	--------
Luke 5:10	Ἰάκωβον	Ἰάκωβος	N-	----ASM-
Luke 5:10	καὶ	καί	C-	--------
Luke 5:10	Ἰωάννην	Ἰωάννης	N-	----ASM-
Luke 5:10	υἱοὺς	υἱός	N-	----APM-
Luke 5:10	Ζεβεδαίου	Ζεβεδαῖος	N-	----GSM-
Luke 5:10	οἳ	ὅς	RR	----NPM-
Luke 5:10	ἦσαν	εἰμί	V-	3IAI-P--
Luke 5:10	κοινωνοὶ	κοινωνός	N-	----NPM-
Luke 5:10	τῷ	ὁ	RA	----DSM-
Luke 5:10	Σίμωνι	Σίμων	N-	----DSM-
Luke 5:10	καὶ	καί	C-	--------
Luke 5:10	εἶπεν	λέγω	V-	3AAI-S--
Luke 5:10	πρὸς	πρός	P-	--------
Luke 5:10	τὸν	ὁ	RA	----ASM-
Luke 5:10	Σίμωνα	Σίμων	N-	----ASM-
Luke 5:10	ὁ	ὁ	RA	----NSM-
Luke 5:10	Ἰησοῦς	Ἰησοῦς	N-	----NSM-
Luke 5:10	Μὴ	μή	D-	--------
Luke 5:10	φοβοῦ	φοβέομαι	V-	2PMD-S--
Luke 5:10	ἀπὸ	ἀπό	P-	--------
Luke 5:10	τοῦ	ὁ	RA	----GSM-
Luke 5:10	νῦν	νῦν	D-	--------
Luke 5:10	ἀνθρώπους	ἄνθρωπος	N-	----APM-
Luke 5:10	ἔσῃ	εἰμί	V-	2FMI-S--
Luke 5:10	ζωγρῶν	ζωγρέω	V-	-PAPNSM-
Luke 5:11	καὶ	καί	C-	--------
Luke 5:11	καταγαγόντες	κατάγω	V-	-AAPNPM-
Luke 5:11	τὰ	ὁ	RA	----APN-
Luke 5:11	πλοῖα	πλοῖον	N-	----APN-
Luke 5:11	ἐπὶ	ἐπί	P-	--------
Luke 5:11	τὴν	ὁ	RA	----ASF-
Luke 5:11	γῆν	γῆ	N-	----ASF-
Luke 5:11	ἀφέντες	ἀφίημι	V-	-AAPNPM-
Luke 5:11	πάντα	πᾶς	A-	----APN-
Luke 5:11	ἠκολούθησαν	ἀκολουθέω	V-	3AAI-P--
Luke 5:11	αὐτῷ	αὐτός	RP	----DSM-
Luke 5:12	Καὶ	καί	C-	--------
Luke 5:12	ἐγένετο	γίνομαι	V-	3AMI-S--
Luke 5:12	ἐν	ἐν	P-	--------
Luke 5:12	τῷ	ὁ	RA	----DSN-
Luke 5:12	εἶναι	εἰμί	V-	-PAN----
Luke 5:12	αὐτὸν	αὐτός	RP	----ASM-
Luke 5:12	ἐν	ἐν	P-	--------
Luke 5:12	μιᾷ	εἷς	A-	----DSF-
Luke 5:12	τῶν	ὁ	RA	----GPF-
Luke 5:12	πόλεων	πόλις	N-	----GPF-
Luke 5:12	καὶ	καί	C-	--------
Luke 5:12	ἰδοὺ	ἰδού	X-	--------
Luke 5:12	ἀνὴρ	ἀνήρ	N-	----NSM-
Luke 5:12	πλήρης	πλήρης	A-	----NSM-
Luke 5:12	λέπρας	λέπρα	N-	----GSF-
Luke 5:12	καὶ	καί	C-	--------
Luke 5:12	ἰδὼν	ὁράω	V-	-AAPNSM-
Luke 5:12	τὸν	ὁ	RA	----ASM-
Luke 5:12	Ἰησοῦν	Ἰησοῦς	N-	----ASM-
Luke 5:12	πεσὼν	πίπτω	V-	-AAPNSM-
Luke 5:12	ἐπὶ	ἐπί	P-	--------
Luke 5:12	πρόσωπον	πρόσωπον	N-	----ASN-
Luke 5:12	ἐδεήθη	δέω	V-	3API-S--
Luke 5:12	αὐτοῦ	αὐτός	RP	----GSM-
Luke 5:12	λέγων	λέγω	V-	-PAPNSM-
Luke 5:12	Κύριε	κύριος	N-	----VSM-
Luke 5:12	ἐὰν	ἐάν	C-	--------
Luke 5:12	θέλῃς	θέλω	V-	2PAS-S--
Luke 5:12	δύνασαί	δύναμαι	V-	2PMI-S--
Luke 5:12	με	ἐγώ	RP	----AS--
Luke 5:12	καθαρίσαι	καθαρίζω	V-	-AAN----
Luke 5:13	καὶ	καί	C-	--------
Luke 5:13	ἐκτείνας	ἐκτείνω	V-	-AAPNSM-
Luke 5:13	τὴν	ὁ	RA	----ASF-
Luke 5:13	χεῖρα	χείρ	N-	----ASF-
Luke 5:13	ἥψατο	ἅπτω	V-	3AMI-S--
Luke 5:13	αὐτοῦ	αὐτός	RP	----GSM-
Luke 5:13	εἰπών	λέγω	V-	-AAPNSM-
Luke 5:13	Θέλω	θέλω	V-	1PAI-S--
Luke 5:13	καθαρίσθητι	καθαρίζω	V-	2APD-S--
Luke 5:13	καὶ	καί	C-	--------
Luke 5:13	εὐθέως	εὐθέως	D-	--------
Luke 5:13	ἡ	ὁ	RA	----NSF-
Luke 5:13	λέπρα	λέπρα	N-	----NSF-
Luke 5:13	ἀπῆλθεν	ἀπέρχομαι	V-	3AAI-S--
Luke 5:13	ἀπ’	ἀπό	P-	--------
Luke 5:13	αὐτοῦ	αὐτός	RP	----GSM-
Luke 5:14	καὶ	καί	C-	--------
Luke 5:14	αὐτὸς	αὐτός	RP	----NSM-
Luke 5:14	παρήγγειλεν	παραγγέλλω	V-	3AAI-S--
Luke 5:14	αὐτῷ	αὐτός	RP	----DSM-
Luke 5:14	μηδενὶ	μηδείς	A-	----DSM-
Luke 5:14	εἰπεῖν	λέγω	V-	-AAN----
Luke 5:14	ἀλλὰ	ἀλλά	C-	--------
Luke 5:14	ἀπελθὼν	ἀπέρχομαι	V-	-AAPNSM-
Luke 5:14	δεῖξον	δείκνυμι	V-	2AAD-S--
Luke 5:14	σεαυτὸν	σεαυτοῦ	RP	----ASM-
Luke 5:14	τῷ	ὁ	RA	----DSM-
Luke 5:14	ἱερεῖ	ἱερεύς	N-	----DSM-
Luke 5:14	καὶ	καί	C-	--------
Luke 5:14	προσένεγκε	προσφέρω	V-	2AAD-S--
Luke 5:14	περὶ	περί	P-	--------
Luke 5:14	τοῦ	ὁ	RA	----GSM-
Luke 5:14	καθαρισμοῦ	καθαρισμός	N-	----GSM-
Luke 5:14	σου	σύ	RP	----GS--
Luke 5:14	καθὼς	καθώς	C-	--------
Luke 5:14	προσέταξεν	προστάσσω	V-	3AAI-S--
Luke 5:14	Μωϋσῆς	Μωϋσῆς	N-	----NSM-
Luke 5:14	εἰς	εἰς	P-	--------
Luke 5:14	μαρτύριον	μαρτύριον	N-	----ASN-
Luke 5:14	αὐτοῖς	αὐτός	RP	----DPM-
Luke 5:15	διήρχετο	διέρχομαι	V-	3IMI-S--
Luke 5:15	δὲ	δέ	C-	--------
Luke 5:15	μᾶλλον	μᾶλλον	D-	--------
Luke 5:15	ὁ	ὁ	RA	----NSM-
Luke 5:15	λόγος	λόγος	N-	----NSM-
Luke 5:15	περὶ	περί	P-	--------
Luke 5:15	αὐτοῦ	αὐτός	RP	----GSM-
Luke 5:15	καὶ	καί	C-	--------
Luke 5:15	συνήρχοντο	συνέρχομαι	V-	3IMI-P--
Luke 5:15	ὄχλοι	ὄχλος	N-	----NPM-
Luke 5:15	πολλοὶ	πολύς	A-	----NPM-
Luke 5:15	ἀκούειν	ἀκούω	V-	-PAN----
Luke 5:15	καὶ	καί	C-	--------
Luke 5:15	θεραπεύεσθαι	θεραπεύω	V-	-PPN----
Luke 5:15	ἀπὸ	ἀπό	P-	--------
Luke 5:15	τῶν	ὁ	RA	----GPF-
Luke 5:15	ἀσθενειῶν	ἀσθένεια	N-	----GPF-
Luke 5:15	αὐτῶν	αὐτός	RP	----GPM-
Luke 5:16	αὐτὸς	αὐτός	RP	----NSM-
Luke 5:16	δὲ	δέ	C-	--------
Luke 5:16	ἦν	εἰμί	V-	3IAI-S--
Luke 5:16	ὑποχωρῶν	ὑποχωρέω	V-	-PAPNSM-
Luke 5:16	ἐν	ἐν	P-	--------
Luke 5:16	ταῖς	ὁ	RA	----DPF-
Luke 5:16	ἐρήμοις	ἔρημος	A-	----DPF-
Luke 5:16	καὶ	καί	C-	--------
Luke 5:16	προσευχόμενος	προσεύχομαι	V-	-PMPNSM-
Luke 5:17	Καὶ	καί	C-	--------
Luke 5:17	ἐγένετο	γίνομαι	V-	3AMI-S--
Luke 5:17	ἐν	ἐν	P-	--------
Luke 5:17	μιᾷ	εἷς	A-	----DSF-
Luke 5:17	τῶν	ὁ	RA	----GPF-
Luke 5:17	ἡμερῶν	ἡμέρα	N-	----GPF-
Luke 5:17	καὶ	καί	C-	--------
Luke 5:17	αὐτὸς	αὐτός	RP	----NSM-
Luke 5:17	ἦν	εἰμί	V-	3IAI-S--
Luke 5:17	διδάσκων	διδάσκω	V-	-PAPNSM-
Luke 5:17	καὶ	καί	C-	--------
Luke 5:17	ἦσαν	εἰμί	V-	3IAI-P--
Luke 5:17	καθήμενοι	κάθημαι	V-	-PMPNPM-
Luke 5:17	Φαρισαῖοι	Φαρισαῖος	N-	----NPM-
Luke 5:17	καὶ	καί	C-	--------
Luke 5:17	νομοδιδάσκαλοι	νομοδιδάσκαλος	N-	----NPM-
Luke 5:17	οἳ	ὅς	RR	----NPM-
Luke 5:17	ἦσαν	εἰμί	V-	3IAI-P--
Luke 5:17	ἐληλυθότες	ἔρχομαι	V-	-XAPNPM-
Luke 5:17	ἐκ	ἐκ	P-	--------
Luke 5:17	πάσης	πᾶς	A-	----GSF-
Luke 5:17	κώμης	κώμη	N-	----GSF-
Luke 5:17	τῆς	ὁ	RA	----GSF-
Luke 5:17	Γαλιλαίας	Γαλιλαία	N-	----GSF-
Luke 5:17	καὶ	καί	C-	--------
Luke 5:17	Ἰουδαίας	Ἰουδαία	N-	----GSF-
Luke 5:17	καὶ	καί	C-	--------
Luke 5:17	Ἰερουσαλήμ	Ἰερουσαλήμ	N-	----GSF-
Luke 5:17	καὶ	καί	C-	--------
Luke 5:17	δύναμις	δύναμις	N-	----NSF-
Luke 5:17	κυρίου	κύριος	N-	----GSM-
Luke 5:17	ἦν	εἰμί	V-	3IAI-S--
Luke 5:17	εἰς	εἰς	P-	--------
Luke 5:17	τὸ	ὁ	RA	----ASN-
Luke 5:17	ἰᾶσθαι	ἰάομαι	V-	-PMN----
Luke 5:17	αὐτόν	αὐτός	RP	----ASM-
Luke 5:18	καὶ	καί	C-	--------
Luke 5:18	ἰδοὺ	ἰδού	X-	--------
Luke 5:18	ἄνδρες	ἀνήρ	N-	----NPM-
Luke 5:18	φέροντες	φέρω	V-	-PAPNPM-
Luke 5:18	ἐπὶ	ἐπί	P-	--------
Luke 5:18	κλίνης	κλίνη	N-	----GSF-
Luke 5:18	ἄνθρωπον	ἄνθρωπος	N-	----ASM-
Luke 5:18	ὃς	ὅς	RR	----NSM-
Luke 5:18	ἦν	εἰμί	V-	3IAI-S--
Luke 5:18	παραλελυμένος	παραλύομαι	V-	-XPPNSM-
Luke 5:18	καὶ	καί	C-	--------
Luke 5:18	ἐζήτουν	ζητέω	V-	3IAI-P--
Luke 5:18	αὐτὸν	αὐτός	RP	----ASM-
Luke 5:18	εἰσενεγκεῖν	εἰσφέρω	V-	-AAN----
Luke 5:18	καὶ	καί	C-	--------
Luke 5:18	θεῖναι	τίθημι	V-	-AAN----
Luke 5:18	ἐνώπιον	ἐνώπιον	P-	--------
Luke 5:18	αὐτοῦ	αὐτός	RP	----GSM-
Luke 5:19	καὶ	καί	C-	--------
Luke 5:19	μὴ	μή	D-	--------
Luke 5:19	εὑρόντες	εὑρίσκω	V-	-AAPNPM-
Luke 5:19	ποίας	ποῖος	RI	----GSF-
Luke 5:19	εἰσενέγκωσιν	εἰσφέρω	V-	3AAS-P--
Luke 5:19	αὐτὸν	αὐτός	RP	----ASM-
Luke 5:19	διὰ	διά	P-	--------
Luke 5:19	τὸν	ὁ	RA	----ASM-
Luke 5:19	ὄχλον	ὄχλος	N-	----ASM-
Luke 5:19	ἀναβάντες	ἀναβαίνω	V-	-AAPNPM-
Luke 5:19	ἐπὶ	ἐπί	P-	--------
Luke 5:19	τὸ	ὁ	RA	----ASN-
Luke 5:19	δῶμα	δῶμα	N-	----ASN-
Luke 5:19	διὰ	διά	P-	--------
Luke 5:19	τῶν	ὁ	RA	----GPM-
Luke 5:19	κεράμων	κέραμος	N-	----GPM-
Luke 5:19	καθῆκαν	καθίημι	V-	3AAI-P--
Luke 5:19	αὐτὸν	αὐτός	RP	----ASM-
Luke 5:19	σὺν	σύν	P-	--------
Luke 5:19	τῷ	ὁ	RA	----DSN-
Luke 5:19	κλινιδίῳ	κλινίδιον	N-	----DSN-
Luke 5:19	εἰς	εἰς	P-	--------
Luke 5:19	τὸ	ὁ	RA	----ASN-
Luke 5:19	μέσον	μέσος	A-	----ASN-
Luke 5:19	ἔμπροσθεν	ἔμπροσθεν	P-	--------
Luke 5:19	τοῦ	ὁ	RA	----GSM-
Luke 5:19	Ἰησοῦ	Ἰησοῦς	N-	----GSM-
Luke 5:20	καὶ	καί	C-	--------
Luke 5:20	ἰδὼν	ὁράω	V-	-AAPNSM-
Luke 5:20	τὴν	ὁ	RA	----ASF-
Luke 5:20	πίστιν	πίστις	N-	----ASF-
Luke 5:20	αὐτῶν	αὐτός	RP	----GPM-
Luke 5:20	εἶπεν	λέγω	V-	3AAI-S--
Luke 5:20	Ἄνθρωπε	ἄνθρωπος	N-	----VSM-
Luke 5:20	ἀφέωνταί	ἀφίημι	V-	3XPI-P--
Luke 5:20	σοι	σύ	RP	----DS--
Luke 5:20	αἱ	ὁ	RA	----NPF-
Luke 5:20	ἁμαρτίαι	ἁμαρτία	N-	----NPF-
Luke 5:20	σου	σύ	RP	----GS--
Luke 5:21	καὶ	καί	C-	--------
Luke 5:21	ἤρξαντο	ἄρχω	V-	3AMI-P--
Luke 5:21	διαλογίζεσθαι	διαλογίζομαι	V-	-PMN----
Luke 5:21	οἱ	ὁ	RA	----NPM-
Luke 5:21	γραμματεῖς	γραμματεύς	N-	----NPM-
Luke 5:21	καὶ	καί	C-	--------
Luke 5:21	οἱ	ὁ	RA	----NPM-
Luke 5:21	Φαρισαῖοι	Φαρισαῖος	N-	----NPM-
Luke 5:21	λέγοντες	λέγω	V-	-PAPNPM-
Luke 5:21	Τίς	τίς	RI	----NSM-
Luke 5:21	ἐστιν	εἰμί	V-	3PAI-S--
Luke 5:21	οὗτος	οὗτος	RD	----NSM-
Luke 5:21	ὃς	ὅς	RR	----NSM-
Luke 5:21	λαλεῖ	λαλέω	V-	3PAI-S--
Luke 5:21	βλασφημίας	βλασφημία	N-	----APF-
Luke 5:21	τίς	τίς	RI	----NSM-
Luke 5:21	δύναται	δύναμαι	V-	3PMI-S--
Luke 5:21	ἁμαρτίας	ἁμαρτία	N-	----APF-
Luke 5:21	ἀφεῖναι	ἀφίημι	V-	-AAN----
Luke 5:21	εἰ	εἰ	C-	--------
Luke 5:21	μὴ	μή	D-	--------
Luke 5:21	μόνος	μόνος	A-	----NSM-
Luke 5:21	ὁ	ὁ	RA	----NSM-
Luke 5:21	θεός	θεός	N-	----NSM-
Luke 5:22	ἐπιγνοὺς	ἐπιγινώσκω	V-	-AAPNSM-
Luke 5:22	δὲ	δέ	C-	--------
Luke 5:22	ὁ	ὁ	RA	----NSM-
Luke 5:22	Ἰησοῦς	Ἰησοῦς	N-	----NSM-
Luke 5:22	τοὺς	ὁ	RA	----APM-
Luke 5:22	διαλογισμοὺς	διαλογισμός	N-	----APM-
Luke 5:22	αὐτῶν	αὐτός	RP	----GPM-
Luke 5:22	ἀποκριθεὶς	ἀποκρίνομαι	V-	-APPNSM-
Luke 5:22	εἶπεν	λέγω	V-	3AAI-S--
Luke 5:22	πρὸς	πρός	P-	--------
Luke 5:22	αὐτούς	αὐτός	RP	----APM-
Luke 5:22	Τί	τίς	RI	----ASN-
Luke 5:22	διαλογίζεσθε	διαλογίζομαι	V-	2PMI-P--
Luke 5:22	ἐν	ἐν	P-	--------
Luke 5:22	ταῖς	ὁ	RA	----DPF-
Luke 5:22	καρδίαις	καρδία	N-	----DPF-
Luke 5:22	ὑμῶν	σύ	RP	----GP--
Luke 5:23	τί	τίς	RI	----NSN-
Luke 5:23	ἐστιν	εἰμί	V-	3PAI-S--
Luke 5:23	εὐκοπώτερον	εὐκοπώτερος	A-	----NSNC
Luke 5:23	εἰπεῖν	λέγω	V-	-AAN----
Luke 5:23	Ἀφέωνταί	ἀφίημι	V-	3XPI-P--
Luke 5:23	σοι	σύ	RP	----DS--
Luke 5:23	αἱ	ὁ	RA	----NPF-
Luke 5:23	ἁμαρτίαι	ἁμαρτία	N-	----NPF-
Luke 5:23	σου	σύ	RP	----GS--
Luke 5:23	ἢ	ἤ	C-	--------
Luke 5:23	εἰπεῖν	λέγω	V-	-AAN----
Luke 5:23	Ἔγειρε	ἐγείρω	V-	2PAD-S--
Luke 5:23	καὶ	καί	C-	--------
Luke 5:23	περιπάτει	περιπατέω	V-	2PAD-S--
Luke 5:24	ἵνα	ἵνα	C-	--------
Luke 5:24	δὲ	δέ	C-	--------
Luke 5:24	εἰδῆτε	οἶδα	V-	2XAS-P--
Luke 5:24	ὅτι	ὅτι	C-	--------
Luke 5:24	ὁ	ὁ	RA	----NSM-
Luke 5:24	υἱὸς	υἱός	N-	----NSM-
Luke 5:24	τοῦ	ὁ	RA	----GSM-
Luke 5:24	ἀνθρώπου	ἄνθρωπος	N-	----GSM-
Luke 5:24	ἐξουσίαν	ἐξουσία	N-	----ASF-
Luke 5:24	ἔχει	ἔχω	V-	3PAI-S--
Luke 5:24	ἐπὶ	ἐπί	P-	--------
Luke 5:24	τῆς	ὁ	RA	----GSF-
Luke 5:24	γῆς	γῆ	N-	----GSF-
Luke 5:24	ἀφιέναι	ἀφίημι	V-	-PAN----
Luke 5:24	ἁμαρτίας	ἁμαρτία	N-	----APF-
Luke 5:24	εἶπεν	λέγω	V-	3AAI-S--
Luke 5:24	τῷ	ὁ	RA	----DSM-
Luke 5:24	παραλελυμένῳ	παραλύομαι	V-	-XPPDSM-
Luke 5:24	Σοὶ	σύ	RP	----DS--
Luke 5:24	λέγω	λέγω	V-	1PAI-S--
Luke 5:24	ἔγειρε	ἐγείρω	V-	2PAD-S--
Luke 5:24	καὶ	καί	C-	--------
Luke 5:24	ἄρας	αἴρω	V-	-AAPNSM-
Luke 5:24	τὸ	ὁ	RA	----ASN-
Luke 5:24	κλινίδιόν	κλινίδιον	N-	----ASN-
Luke 5:24	σου	σύ	RP	----GS--
Luke 5:24	πορεύου	πορεύομαι	V-	2PMD-S--
Luke 5:24	εἰς	εἰς	P-	--------
Luke 5:24	τὸν	ὁ	RA	----ASM-
Luke 5:24	οἶκόν	οἶκος	N-	----ASM-
Luke 5:24	σου	σύ	RP	----GS--
Luke 5:25	καὶ	καί	C-	--------
Luke 5:25	παραχρῆμα	παραχρῆμα	D-	--------
Luke 5:25	ἀναστὰς	ἀνίστημι	V-	-AAPNSM-
Luke 5:25	ἐνώπιον	ἐνώπιον	P-	--------
Luke 5:25	αὐτῶν	αὐτός	RP	----GPM-
Luke 5:25	ἄρας	αἴρω	V-	-AAPNSM-
Luke 5:25	ἐφ’	ἐπί	P-	--------
Luke 5:25	ὃ	ὅς	RR	----ASN-
Luke 5:25	κατέκειτο	κατάκειμαι	V-	3IMI-S--
Luke 5:25	ἀπῆλθεν	ἀπέρχομαι	V-	3AAI-S--
Luke 5:25	εἰς	εἰς	P-	--------
Luke 5:25	τὸν	ὁ	RA	----ASM-
Luke 5:25	οἶκον	οἶκος	N-	----ASM-
Luke 5:25	αὐτοῦ	αὐτός	RP	----GSM-
Luke 5:25	δοξάζων	δοξάζω	V-	-PAPNSM-
Luke 5:25	τὸν	ὁ	RA	----ASM-
Luke 5:25	θεόν	θεός	N-	----ASM-
Luke 5:26	καὶ	καί	C-	--------
Luke 5:26	ἔκστασις	ἔκστασις	N-	----NSF-
Luke 5:26	ἔλαβεν	λαμβάνω	V-	3AAI-S--
Luke 5:26	ἅπαντας	ἅπας	A-	----APM-
Luke 5:26	καὶ	καί	C-	--------
Luke 5:26	ἐδόξαζον	δοξάζω	V-	3IAI-P--
Luke 5:26	τὸν	ὁ	RA	----ASM-
Luke 5:26	θεόν	θεός	N-	----ASM-
Luke 5:26	καὶ	καί	C-	--------
Luke 5:26	ἐπλήσθησαν	πίμπλημι	V-	3API-P--
Luke 5:26	φόβου	φόβος	N-	----GSM-
Luke 5:26	λέγοντες	λέγω	V-	-PAPNPM-
Luke 5:26	ὅτι	ὅτι	C-	--------
Luke 5:26	Εἴδομεν	ὁράω	V-	1AAI-P--
Luke 5:26	παράδοξα	παράδοξος	A-	----APN-
Luke 5:26	σήμερον	σήμερον	D-	--------
Luke 5:27	Καὶ	καί	C-	--------
Luke 5:27	μετὰ	μετά	P-	--------
Luke 5:27	ταῦτα	οὗτος	RD	----APN-
Luke 5:27	ἐξῆλθεν	ἐξέρχομαι	V-	3AAI-S--
Luke 5:27	καὶ	καί	C-	--------
Luke 5:27	ἐθεάσατο	θεάομαι	V-	3AMI-S--
Luke 5:27	τελώνην	τελώνης	N-	----ASM-
Luke 5:27	ὀνόματι	ὄνομα	N-	----DSN-
Luke 5:27	Λευὶν	Λευί	N-	----ASM-
Luke 5:27	καθήμενον	κάθημαι	V-	-PMPASM-
Luke 5:27	ἐπὶ	ἐπί	P-	--------
Luke 5:27	τὸ	ὁ	RA	----ASN-
Luke 5:27	τελώνιον	τελώνιον	N-	----ASN-
Luke 5:27	καὶ	καί	C-	--------
Luke 5:27	εἶπεν	λέγω	V-	3AAI-S--
Luke 5:27	αὐτῷ	αὐτός	RP	----DSM-
Luke 5:27	Ἀκολούθει	ἀκολουθέω	V-	2PAD-S--
Luke 5:27	μοι	ἐγώ	RP	----DS--
Luke 5:28	καὶ	καί	C-	--------
Luke 5:28	καταλιπὼν	καταλείπω	V-	-AAPNSM-
Luke 5:28	πάντα	πᾶς	A-	----APN-
Luke 5:28	ἀναστὰς	ἀνίστημι	V-	-AAPNSM-
Luke 5:28	ἠκολούθει	ἀκολουθέω	V-	3IAI-S--
Luke 5:28	αὐτῷ	αὐτός	RP	----DSM-
Luke 5:29	Καὶ	καί	C-	--------
Luke 5:29	ἐποίησεν	ποιέω	V-	3AAI-S--
Luke 5:29	δοχὴν	δοχή	N-	----ASF-
Luke 5:29	μεγάλην	μέγας	A-	----ASF-
Luke 5:29	Λευὶς	Λευίς	N-	----NSM-
Luke 5:29	αὐτῷ	αὐτός	RP	----DSM-
Luke 5:29	ἐν	ἐν	P-	--------
Luke 5:29	τῇ	ὁ	RA	----DSF-
Luke 5:29	οἰκίᾳ	οἰκία	N-	----DSF-
Luke 5:29	αὐτοῦ	αὐτός	RP	----GSM-
Luke 5:29	καὶ	καί	C-	--------
Luke 5:29	ἦν	εἰμί	V-	3IAI-S--
Luke 5:29	ὄχλος	ὄχλος	N-	----NSM-
Luke 5:29	πολὺς	πολύς	A-	----NSM-
Luke 5:29	τελωνῶν	τελώνης	N-	----GPM-
Luke 5:29	καὶ	καί	C-	--------
Luke 5:29	ἄλλων	ἄλλος	A-	----GPM-
Luke 5:29	οἳ	ὅς	RR	----NPM-
Luke 5:29	ἦσαν	εἰμί	V-	3IAI-P--
Luke 5:29	μετ’	μετά	P-	--------
Luke 5:29	αὐτῶν	αὐτός	RP	----GPM-
Luke 5:29	κατακείμενοι	κατάκειμαι	V-	-PMPNPM-
Luke 5:30	καὶ	καί	C-	--------
Luke 5:30	ἐγόγγυζον	γογγύζω	V-	3IAI-P--
Luke 5:30	οἱ	ὁ	RA	----NPM-
Luke 5:30	Φαρισαῖοι	Φαρισαῖος	N-	----NPM-
Luke 5:30	καὶ	καί	C-	--------
Luke 5:30	οἱ	ὁ	RA	----NPM-
Luke 5:30	γραμματεῖς	γραμματεύς	N-	----NPM-
Luke 5:30	αὐτῶν	αὐτός	RP	----GPM-
Luke 5:30	πρὸς	πρός	P-	--------
Luke 5:30	τοὺς	ὁ	RA	----APM-
Luke 5:30	μαθητὰς	μαθητής	N-	----APM-
Luke 5:30	αὐτοῦ	αὐτός	RP	----GSM-
Luke 5:30	λέγοντες	λέγω	V-	-PAPNPM-
Luke 5:30	Διὰ	διά	P-	--------
Luke 5:30	τί	τίς	RI	----ASN-
Luke 5:30	μετὰ	μετά	P-	--------
Luke 5:30	τῶν	ὁ	RA	----GPM-
Luke 5:30	τελωνῶν	τελώνης	N-	----GPM-
Luke 5:30	καὶ	καί	C-	--------
Luke 5:30	ἁμαρτωλῶν	ἁμαρτωλός	A-	----GPM-
Luke 5:30	ἐσθίετε	ἐσθίω	V-	2PAI-P--
Luke 5:30	καὶ	καί	C-	--------
Luke 5:30	πίνετε	πίνω	V-	2PAI-P--
Luke 5:31	καὶ	καί	C-	--------
Luke 5:31	ἀποκριθεὶς	ἀποκρίνομαι	V-	-APPNSM-
Luke 5:31	ὁ	ὁ	RA	----NSM-
Luke 5:31	Ἰησοῦς	Ἰησοῦς	N-	----NSM-
Luke 5:31	εἶπεν	λέγω	V-	3AAI-S--
Luke 5:31	πρὸς	πρός	P-	--------
Luke 5:31	αὐτούς	αὐτός	RP	----APM-
Luke 5:31	Οὐ	οὐ	D-	--------
Luke 5:31	χρείαν	χρεία	N-	----ASF-
Luke 5:31	ἔχουσιν	ἔχω	V-	3PAI-P--
Luke 5:31	οἱ	ὁ	RA	----NPM-
Luke 5:31	ὑγιαίνοντες	ὑγιαίνω	V-	-PAPNPM-
Luke 5:31	ἰατροῦ	ἰατρός	N-	----GSM-
Luke 5:31	ἀλλὰ	ἀλλά	C-	--------
Luke 5:31	οἱ	ὁ	RA	----NPM-
Luke 5:31	κακῶς	κακῶς	D-	--------
Luke 5:31	ἔχοντες	ἔχω	V-	-PAPNPM-
Luke 5:32	οὐκ	οὐ	D-	--------
Luke 5:32	ἐλήλυθα	ἔρχομαι	V-	1XAI-S--
Luke 5:32	καλέσαι	καλέω	V-	-AAN----
Luke 5:32	δικαίους	δίκαιος	A-	----APM-
Luke 5:32	ἀλλὰ	ἀλλά	C-	--------
Luke 5:32	ἁμαρτωλοὺς	ἁμαρτωλός	A-	----APM-
Luke 5:32	εἰς	εἰς	P-	--------
Luke 5:32	μετάνοιαν	μετάνοια	N-	----ASF-
Luke 5:33	Οἱ	ὁ	RA	----NPM-
Luke 5:33	δὲ	δέ	C-	--------
Luke 5:33	εἶπαν	λέγω	V-	3AAI-P--
Luke 5:33	πρὸς	πρός	P-	--------
Luke 5:33	αὐτόν	αὐτός	RP	----ASM-
Luke 5:33	Οἱ	ὁ	RA	----NPM-
Luke 5:33	μαθηταὶ	μαθητής	N-	----NPM-
Luke 5:33	Ἰωάννου	Ἰωάννης	N-	----GSM-
Luke 5:33	νηστεύουσιν	νηστεύω	V-	3PAI-P--
Luke 5:33	πυκνὰ	πυκνά	A-	----APN-
Luke 5:33	καὶ	καί	C-	--------
Luke 5:33	δεήσεις	δέησις	N-	----APF-
Luke 5:33	ποιοῦνται	ποιέω	V-	3PMI-P--
Luke 5:33	ὁμοίως	ὁμοίως	D-	--------
Luke 5:33	καὶ	καί	D-	--------
Luke 5:33	οἱ	ὁ	RA	----NPM-
Luke 5:33	τῶν	ὁ	RA	----GPM-
Luke 5:33	Φαρισαίων	Φαρισαῖος	N-	----GPM-
Luke 5:33	οἱ	ὁ	RA	----NPM-
Luke 5:33	δὲ	δέ	C-	--------
Luke 5:33	σοὶ	σός	A-	----NPM-
Luke 5:33	ἐσθίουσιν	ἐσθίω	V-	3PAI-P--
Luke 5:33	καὶ	καί	C-	--------
Luke 5:33	πίνουσιν	πίνω	V-	3PAI-P--
Luke 5:34	ὁ	ὁ	RA	----NSM-
Luke 5:34	δὲ	δέ	C-	--------
Luke 5:34	εἶπεν	λέγω	V-	3AAI-S--
Luke 5:34	πρὸς	πρός	P-	--------
Luke 5:34	αὐτούς	αὐτός	RP	----APM-
Luke 5:34	Μὴ	μή	X-	--------
Luke 5:34	δύνασθε	δύναμαι	V-	2PMI-P--
Luke 5:34	τοὺς	ὁ	RA	----APM-
Luke 5:34	υἱοὺς	υἱός	N-	----APM-
Luke 5:34	τοῦ	ὁ	RA	----GSM-
Luke 5:34	νυμφῶνος	νυμφών	N-	----GSM-
Luke 5:34	ἐν	ἐν	P-	--------
Luke 5:34	ᾧ	ὅς	RR	----DSM-
Luke 5:34	ὁ	ὁ	RA	----NSM-
Luke 5:34	νυμφίος	νυμφίος	N-	----NSM-
Luke 5:34	μετ’	μετά	P-	--------
Luke 5:34	αὐτῶν	αὐτός	RP	----GPM-
Luke 5:34	ἐστιν	εἰμί	V-	3PAI-S--
Luke 5:34	ποιῆσαι	ποιέω	V-	-AAN----
Luke 5:34	νηστεῦσαι	νηστεύω	V-	-AAN----
Luke 5:35	ἐλεύσονται	ἔρχομαι	V-	3FMI-P--
Luke 5:35	δὲ	δέ	C-	--------
Luke 5:35	ἡμέραι	ἡμέρα	N-	----NPF-
Luke 5:35	καὶ	καί	D-	--------
Luke 5:35	ὅταν	ὅταν	C-	--------
Luke 5:35	ἀπαρθῇ	ἀπαίρω	V-	3APS-S--
Luke 5:35	ἀπ’	ἀπό	P-	--------
Luke 5:35	αὐτῶν	αὐτός	RP	----GPM-
Luke 5:35	ὁ	ὁ	RA	----NSM-
Luke 5:35	νυμφίος	νυμφίος	N-	----NSM-
Luke 5:35	τότε	τότε	D-	--------
Luke 5:35	νηστεύσουσιν	νηστεύω	V-	3FAI-P--
Luke 5:35	ἐν	ἐν	P-	--------
Luke 5:35	ἐκείναις	ἐκεῖνος	RD	----DPF-
Luke 5:35	ταῖς	ὁ	RA	----DPF-
Luke 5:35	ἡμέραις	ἡμέρα	N-	----DPF-
Luke 5:36	ἔλεγεν	λέγω	V-	3IAI-S--
Luke 5:36	δὲ	δέ	C-	--------
Luke 5:36	καὶ	καί	D-	--------
Luke 5:36	παραβολὴν	παραβολή	N-	----ASF-
Luke 5:36	πρὸς	πρός	P-	--------
Luke 5:36	αὐτοὺς	αὐτός	RP	----APM-
Luke 5:36	ὅτι	ὅτι	D-	--------
Luke 5:36	Οὐδεὶς	οὐδείς	A-	----NSM-
Luke 5:36	ἐπίβλημα	ἐπίβλημα	N-	----ASN-
Luke 5:36	ἀπὸ	ἀπό	P-	--------
Luke 5:36	ἱματίου	ἱμάτιον	N-	----GSN-
Luke 5:36	καινοῦ	καινός	A-	----GSN-
Luke 5:36	σχίσας	σχίζω	V-	-AAPNSM-
Luke 5:36	ἐπιβάλλει	ἐπιβάλλω	V-	3PAI-S--
Luke 5:36	ἐπὶ	ἐπί	P-	--------
Luke 5:36	ἱμάτιον	ἱμάτιον	N-	----ASN-
Luke 5:36	παλαιόν	παλαιός	A-	----ASN-
Luke 5:36	εἰ	εἰ	C-	--------
Luke 5:36	δὲ	δέ	C-	--------
Luke 5:36	μήγε	μήγε	D-	--------
Luke 5:36	καὶ	καί	C-	--------
Luke 5:36	τὸ	ὁ	RA	----ASN-
Luke 5:36	καινὸν	καινός	A-	----ASN-
Luke 5:36	σχίσει	σχίζω	V-	3FAI-S--
Luke 5:36	καὶ	καί	C-	--------
Luke 5:36	τῷ	ὁ	RA	----DSN-
Luke 5:36	παλαιῷ	παλαιός	A-	----DSN-
Luke 5:36	οὐ	οὐ	D-	--------
Luke 5:36	συμφωνήσει	συμφωνέω	V-	3FAI-S--
Luke 5:36	τὸ	ὁ	RA	----NSN-
Luke 5:36	ἐπίβλημα	ἐπίβλημα	N-	----NSN-
Luke 5:36	τὸ	ὁ	RA	----NSN-
Luke 5:36	ἀπὸ	ἀπό	P-	--------
Luke 5:36	τοῦ	ὁ	RA	----GSN-
Luke 5:36	καινοῦ	καινός	A-	----GSN-
Luke 5:37	καὶ	καί	C-	--------
Luke 5:37	οὐδεὶς	οὐδείς	A-	----NSM-
Luke 5:37	βάλλει	βάλλω	V-	3PAI-S--
Luke 5:37	οἶνον	οἶνος	N-	----ASM-
Luke 5:37	νέον	νέος	A-	----ASM-
Luke 5:37	εἰς	εἰς	P-	--------
Luke 5:37	ἀσκοὺς	ἀσκός	N-	----APM-
Luke 5:37	παλαιούς	παλαιός	A-	----APM-
Luke 5:37	εἰ	εἰ	C-	--------
Luke 5:37	δὲ	δέ	C-	--------
Luke 5:37	μήγε	μήγε	D-	--------
Luke 5:37	ῥήξει	ῥήγνυμι	V-	3FAI-S--
Luke 5:37	ὁ	ὁ	RA	----NSM-
Luke 5:37	οἶνος	οἶνος	N-	----NSM-
Luke 5:37	ὁ	ὁ	RA	----NSM-
Luke 5:37	νέος	νέος	A-	----NSM-
Luke 5:37	τοὺς	ὁ	RA	----APM-
Luke 5:37	ἀσκούς	ἀσκός	N-	----APM-
Luke 5:37	καὶ	καί	C-	--------
Luke 5:37	αὐτὸς	αὐτός	RP	----NSM-
Luke 5:37	ἐκχυθήσεται	ἐκχέω	V-	3FPI-S--
Luke 5:37	καὶ	καί	C-	--------
Luke 5:37	οἱ	ὁ	RA	----NPM-
Luke 5:37	ἀσκοὶ	ἀσκός	N-	----NPM-
Luke 5:37	ἀπολοῦνται	ἀπόλλυμι	V-	3FMI-P--
Luke 5:38	ἀλλὰ	ἀλλά	C-	--------
Luke 5:38	οἶνον	οἶνος	N-	----ASM-
Luke 5:38	νέον	νέος	A-	----ASM-
Luke 5:38	εἰς	εἰς	P-	--------
Luke 5:38	ἀσκοὺς	ἀσκός	N-	----APM-
Luke 5:38	καινοὺς	καινός	A-	----APM-
Luke 5:38	βλητέον	βλητέος	A-	----NSN-
Luke 5:39	καὶ	καί	C-	--------
Luke 5:39	οὐδεὶς	οὐδείς	A-	----NSM-
Luke 5:39	πιὼν	πίνω	V-	-AAPNSM-
Luke 5:39	παλαιὸν	παλαιός	A-	----ASM-
Luke 5:39	θέλει	θέλω	V-	3PAI-S--
Luke 5:39	νέον	νέος	A-	----ASM-
Luke 5:39	λέγει	λέγω	V-	3PAI-S--
Luke 5:39	γάρ	γάρ	C-	--------
Luke 5:39	Ὁ	ὁ	RA	----NSM-
Luke 5:39	παλαιὸς	παλαιός	A-	----NSM-
Luke 5:39	χρηστός	χρηστός	A-	----NSM-
Luke 5:39	ἐστιν	εἰμί	V-	3PAI-S--
Luke 6:1	Ἐγένετο	γίνομαι	V-	3AMI-S--
Luke 6:1	δὲ	δέ	C-	--------
Luke 6:1	ἐν	ἐν	P-	--------
Luke 6:1	σαββάτῳ	σάββατον	N-	----DSN-
Luke 6:1	διαπορεύεσθαι	διαπορεύομαι	V-	-PMN----
Luke 6:1	αὐτὸν	αὐτός	RP	----ASM-
Luke 6:1	διὰ	διά	P-	--------
Luke 6:1	σπορίμων	σπόριμος	A-	----GPN-
Luke 6:1	καὶ	καί	C-	--------
Luke 6:1	ἔτιλλον	τίλλω	V-	3IAI-P--
Luke 6:1	οἱ	ὁ	RA	----NPM-
Luke 6:1	μαθηταὶ	μαθητής	N-	----NPM-
Luke 6:1	αὐτοῦ	αὐτός	RP	----GSM-
Luke 6:1	καὶ	καί	C-	--------
Luke 6:1	ἤσθιον	ἐσθίω	V-	3IAI-P--
Luke 6:1	τοὺς	ὁ	RA	----APM-
Luke 6:1	στάχυας	στάχυς	N-	----APM-
Luke 6:1	ψώχοντες	ψώχω	V-	-PAPNPM-
Luke 6:1	ταῖς	ὁ	RA	----DPF-
Luke 6:1	χερσίν	χείρ	N-	----DPF-
Luke 6:2	τινὲς	τις	RI	----NPM-
Luke 6:2	δὲ	δέ	C-	--------
Luke 6:2	τῶν	ὁ	RA	----GPM-
Luke 6:2	Φαρισαίων	Φαρισαῖος	N-	----GPM-
Luke 6:2	εἶπαν	λέγω	V-	3AAI-P--
Luke 6:2	Τί	τίς	RI	----ASN-
Luke 6:2	ποιεῖτε	ποιέω	V-	2PAI-P--
Luke 6:2	ὃ	ὅς	RR	----NSN-
Luke 6:2	οὐκ	οὐ	D-	--------
Luke 6:2	ἔξεστιν	ἔξεστι(ν)	V-	3PAI-S--
Luke 6:2	τοῖς	ὁ	RA	----DPN-
Luke 6:2	σάββασιν	σάββατον	N-	----DPN-
Luke 6:3	καὶ	καί	C-	--------
Luke 6:3	ἀποκριθεὶς	ἀποκρίνομαι	V-	-APPNSM-
Luke 6:3	πρὸς	πρός	P-	--------
Luke 6:3	αὐτοὺς	αὐτός	RP	----APM-
Luke 6:3	εἶπεν	λέγω	V-	3AAI-S--
Luke 6:3	ὁ	ὁ	RA	----NSM-
Luke 6:3	Ἰησοῦς	Ἰησοῦς	N-	----NSM-
Luke 6:3	Οὐδὲ	οὐδέ	D-	--------
Luke 6:3	τοῦτο	οὗτος	RD	----ASN-
Luke 6:3	ἀνέγνωτε	ἀναγινώσκω	V-	2AAI-P--
Luke 6:3	ὃ	ὅς	RR	----ASN-
Luke 6:3	ἐποίησεν	ποιέω	V-	3AAI-S--
Luke 6:3	Δαυὶδ	Δαυίδ	N-	----NSM-
Luke 6:3	ὁπότε	ὁπότε	C-	--------
Luke 6:3	ἐπείνασεν	πεινάω	V-	3AAI-S--
Luke 6:3	αὐτὸς	αὐτός	RP	----NSM-
Luke 6:3	καὶ	καί	C-	--------
Luke 6:3	οἱ	ὁ	RA	----NPM-
Luke 6:3	μετ’	μετά	P-	--------
Luke 6:3	αὐτοῦ	αὐτός	RP	----GSM-
Luke 6:3	ὄντες	εἰμί	V-	-PAPNPM-
Luke 6:4	ὡς	ὡς	C-	--------
Luke 6:4	εἰσῆλθεν	εἰσέρχομαι	V-	3AAI-S--
Luke 6:4	εἰς	εἰς	P-	--------
Luke 6:4	τὸν	ὁ	RA	----ASM-
Luke 6:4	οἶκον	οἶκος	N-	----ASM-
Luke 6:4	τοῦ	ὁ	RA	----GSM-
Luke 6:4	θεοῦ	θεός	N-	----GSM-
Luke 6:4	καὶ	καί	C-	--------
Luke 6:4	τοὺς	ὁ	RA	----APM-
Luke 6:4	ἄρτους	ἄρτος	N-	----APM-
Luke 6:4	τῆς	ὁ	RA	----GSF-
Luke 6:4	προθέσεως	πρόθεσις	N-	----GSF-
Luke 6:4	λαβὼν	λαμβάνω	V-	-AAPNSM-
Luke 6:4	ἔφαγεν	ἐσθίω	V-	3AAI-S--
Luke 6:4	καὶ	καί	C-	--------
Luke 6:4	ἔδωκεν	δίδωμι	V-	3AAI-S--
Luke 6:4	τοῖς	ὁ	RA	----DPM-
Luke 6:4	μετ’	μετά	P-	--------
Luke 6:4	αὐτοῦ	αὐτός	RP	----GSM-
Luke 6:4	οὓς	ὅς	RR	----APM-
Luke 6:4	οὐκ	οὐ	D-	--------
Luke 6:4	ἔξεστιν	ἔξεστι(ν)	V-	3PAI-S--
Luke 6:4	φαγεῖν	ἐσθίω	V-	-AAN----
Luke 6:4	εἰ	εἰ	C-	--------
Luke 6:4	μὴ	μή	D-	--------
Luke 6:4	μόνους	μόνος	A-	----APM-
Luke 6:4	τοὺς	ὁ	RA	----APM-
Luke 6:4	ἱερεῖς	ἱερεύς	N-	----APM-
Luke 6:5	καὶ	καί	C-	--------
Luke 6:5	ἔλεγεν	λέγω	V-	3IAI-S--
Luke 6:5	αὐτοῖς	αὐτός	RP	----DPM-
Luke 6:5	Κύριός	κύριος	N-	----NSM-
Luke 6:5	ἐστιν	εἰμί	V-	3PAI-S--
Luke 6:5	τοῦ	ὁ	RA	----GSN-
Luke 6:5	σαββάτου	σάββατον	N-	----GSN-
Luke 6:5	ὁ	ὁ	RA	----NSM-
Luke 6:5	υἱὸς	υἱός	N-	----NSM-
Luke 6:5	τοῦ	ὁ	RA	----GSM-
Luke 6:5	ἀνθρώπου	ἄνθρωπος	N-	----GSM-
Luke 6:6	Ἐγένετο	γίνομαι	V-	3AMI-S--
Luke 6:6	δὲ	δέ	C-	--------
Luke 6:6	ἐν	ἐν	P-	--------
Luke 6:6	ἑτέρῳ	ἕτερος	A-	----DSN-
Luke 6:6	σαββάτῳ	σάββατον	N-	----DSN-
Luke 6:6	εἰσελθεῖν	εἰσέρχομαι	V-	-AAN----
Luke 6:6	αὐτὸν	αὐτός	RP	----ASM-
Luke 6:6	εἰς	εἰς	P-	--------
Luke 6:6	τὴν	ὁ	RA	----ASF-
Luke 6:6	συναγωγὴν	συναγωγή	N-	----ASF-
Luke 6:6	καὶ	καί	C-	--------
Luke 6:6	διδάσκειν	διδάσκω	V-	-PAN----
Luke 6:6	καὶ	καί	C-	--------
Luke 6:6	ἦν	εἰμί	V-	3IAI-S--
Luke 6:6	ἄνθρωπος	ἄνθρωπος	N-	----NSM-
Luke 6:6	ἐκεῖ	ἐκεῖ	D-	--------
Luke 6:6	καὶ	καί	C-	--------
Luke 6:6	ἡ	ὁ	RA	----NSF-
Luke 6:6	χεὶρ	χείρ	N-	----NSF-
Luke 6:6	αὐτοῦ	αὐτός	RP	----GSM-
Luke 6:6	ἡ	ὁ	RA	----NSF-
Luke 6:6	δεξιὰ	δεξιός	A-	----NSF-
Luke 6:6	ἦν	εἰμί	V-	3IAI-S--
Luke 6:6	ξηρά	ξηρός	A-	----NSF-
Luke 6:7	παρετηροῦντο	παρατηρέω	V-	3IMI-P--
Luke 6:7	δὲ	δέ	C-	--------
Luke 6:7	οἱ	ὁ	RA	----NPM-
Luke 6:7	γραμματεῖς	γραμματεύς	N-	----NPM-
Luke 6:7	καὶ	καί	C-	--------
Luke 6:7	οἱ	ὁ	RA	----NPM-
Luke 6:7	Φαρισαῖοι	Φαρισαῖος	N-	----NPM-
Luke 6:7	εἰ	εἰ	X-	--------
Luke 6:7	ἐν	ἐν	P-	--------
Luke 6:7	τῷ	ὁ	RA	----DSN-
Luke 6:7	σαββάτῳ	σάββατον	N-	----DSN-
Luke 6:7	θεραπεύει	θεραπεύω	V-	3PAI-S--
Luke 6:7	ἵνα	ἵνα	C-	--------
Luke 6:7	εὕρωσιν	εὑρίσκω	V-	3AAS-P--
Luke 6:7	κατηγορεῖν	κατηγορέω	V-	-PAN----
Luke 6:7	αὐτοῦ	αὐτός	RP	----GSM-
Luke 6:8	αὐτὸς	αὐτός	RP	----NSM-
Luke 6:8	δὲ	δέ	C-	--------
Luke 6:8	ᾔδει	οἶδα	V-	3YAI-S--
Luke 6:8	τοὺς	ὁ	RA	----APM-
Luke 6:8	διαλογισμοὺς	διαλογισμός	N-	----APM-
Luke 6:8	αὐτῶν	αὐτός	RP	----GPM-
Luke 6:8	εἶπεν	λέγω	V-	3AAI-S--
Luke 6:8	δὲ	δέ	C-	--------
Luke 6:8	τῷ	ὁ	RA	----DSM-
Luke 6:8	ἀνδρὶ	ἀνήρ	N-	----DSM-
Luke 6:8	τῷ	ὁ	RA	----DSM-
Luke 6:8	ξηρὰν	ξηρός	A-	----ASF-
Luke 6:8	ἔχοντι	ἔχω	V-	-PAPDSM-
Luke 6:8	τὴν	ὁ	RA	----ASF-
Luke 6:8	χεῖρα	χείρ	N-	----ASF-
Luke 6:8	Ἔγειρε	ἐγείρω	V-	2PAD-S--
Luke 6:8	καὶ	καί	C-	--------
Luke 6:8	στῆθι	ἵστημι	V-	2AAD-S--
Luke 6:8	εἰς	εἰς	P-	--------
Luke 6:8	τὸ	ὁ	RA	----ASN-
Luke 6:8	μέσον	μέσος	A-	----ASN-
Luke 6:8	καὶ	καί	C-	--------
Luke 6:8	ἀναστὰς	ἀνίστημι	V-	-AAPNSM-
Luke 6:8	ἔστη	ἵστημι	V-	3AAI-S--
Luke 6:9	εἶπεν	λέγω	V-	3AAI-S--
Luke 6:9	δὲ	δέ	C-	--------
Luke 6:9	ὁ	ὁ	RA	----NSM-
Luke 6:9	Ἰησοῦς	Ἰησοῦς	N-	----NSM-
Luke 6:9	πρὸς	πρός	P-	--------
Luke 6:9	αὐτούς	αὐτός	RP	----APM-
Luke 6:9	Ἐπερωτῶ	ἐπερωτάω	V-	1PAI-S--
Luke 6:9	ὑμᾶς	σύ	RP	----AP--
Luke 6:9	εἰ	εἰ	X-	--------
Luke 6:9	ἔξεστιν	ἔξεστι(ν)	V-	3PAI-S--
Luke 6:9	τῷ	ὁ	RA	----DSN-
Luke 6:9	σαββάτῳ	σάββατον	N-	----DSN-
Luke 6:9	ἀγαθοποιῆσαι	ἀγαθοποιέω	V-	-AAN----
Luke 6:9	ἢ	ἤ	C-	--------
Luke 6:9	κακοποιῆσαι	κακοποιέω	V-	-AAN----
Luke 6:9	ψυχὴν	ψυχή	N-	----ASF-
Luke 6:9	σῶσαι	σῴζω	V-	-AAN----
Luke 6:9	ἢ	ἤ	C-	--------
Luke 6:9	ἀπολέσαι	ἀπόλλυμι	V-	-AAN----
Luke 6:10	καὶ	καί	C-	--------
Luke 6:10	περιβλεψάμενος	περιβλέπομαι	V-	-AMPNSM-
Luke 6:10	πάντας	πᾶς	A-	----APM-
Luke 6:10	αὐτοὺς	αὐτός	RP	----APM-
Luke 6:10	εἶπεν	λέγω	V-	3AAI-S--
Luke 6:10	αὐτῷ	αὐτός	RP	----DSM-
Luke 6:10	Ἔκτεινον	ἐκτείνω	V-	2AAD-S--
Luke 6:10	τὴν	ὁ	RA	----ASF-
Luke 6:10	χεῖρά	χείρ	N-	----ASF-
Luke 6:10	σου	σύ	RP	----GS--
Luke 6:10	ὁ	ὁ	RA	----NSM-
Luke 6:10	δὲ	δέ	C-	--------
Luke 6:10	ἐποίησεν	ποιέω	V-	3AAI-S--
Luke 6:10	καὶ	καί	C-	--------
Luke 6:10	ἀπεκατεστάθη	ἀποκαθίστημι	V-	3API-S--
Luke 6:10	ἡ	ὁ	RA	----NSF-
Luke 6:10	χεὶρ	χείρ	N-	----NSF-
Luke 6:10	αὐτοῦ	αὐτός	RP	----GSM-
Luke 6:11	αὐτοὶ	αὐτός	RP	----NPM-
Luke 6:11	δὲ	δέ	C-	--------
Luke 6:11	ἐπλήσθησαν	πίμπλημι	V-	3API-P--
Luke 6:11	ἀνοίας	ἄνοια	N-	----GSF-
Luke 6:11	καὶ	καί	C-	--------
Luke 6:11	διελάλουν	διαλαλέω	V-	3IAI-P--
Luke 6:11	πρὸς	πρός	P-	--------
Luke 6:11	ἀλλήλους	ἀλλήλων	RP	----APM-
Luke 6:11	τί	τίς	RI	----ASN-
Luke 6:11	ἂν	ἄν	X-	--------
Luke 6:11	ποιήσαιεν	ποιέω	V-	3AAO-P--
Luke 6:11	τῷ	ὁ	RA	----DSM-
Luke 6:11	Ἰησοῦ	Ἰησοῦς	N-	----DSM-
Luke 6:12	Ἐγένετο	γίνομαι	V-	3AMI-S--
Luke 6:12	δὲ	δέ	C-	--------
Luke 6:12	ἐν	ἐν	P-	--------
Luke 6:12	ταῖς	ὁ	RA	----DPF-
Luke 6:12	ἡμέραις	ἡμέρα	N-	----DPF-
Luke 6:12	ταύταις	οὗτος	RD	----DPF-
Luke 6:12	ἐξελθεῖν	ἐξέρχομαι	V-	-AAN----
Luke 6:12	αὐτὸν	αὐτός	RP	----ASM-
Luke 6:12	εἰς	εἰς	P-	--------
Luke 6:12	τὸ	ὁ	RA	----ASN-
Luke 6:12	ὄρος	ὄρος	N-	----ASN-
Luke 6:12	προσεύξασθαι	προσεύχομαι	V-	-AMN----
Luke 6:12	καὶ	καί	C-	--------
Luke 6:12	ἦν	εἰμί	V-	3IAI-S--
Luke 6:12	διανυκτερεύων	διανυκτερεύω	V-	-PAPNSM-
Luke 6:12	ἐν	ἐν	P-	--------
Luke 6:12	τῇ	ὁ	RA	----DSF-
Luke 6:12	προσευχῇ	προσευχή	N-	----DSF-
Luke 6:12	τοῦ	ὁ	RA	----GSM-
Luke 6:12	θεοῦ	θεός	N-	----GSM-
Luke 6:13	καὶ	καί	C-	--------
Luke 6:13	ὅτε	ὅτε	C-	--------
Luke 6:13	ἐγένετο	γίνομαι	V-	3AMI-S--
Luke 6:13	ἡμέρα	ἡμέρα	N-	----NSF-
Luke 6:13	προσεφώνησεν	προσφωνέω	V-	3AAI-S--
Luke 6:13	τοὺς	ὁ	RA	----APM-
Luke 6:13	μαθητὰς	μαθητής	N-	----APM-
Luke 6:13	αὐτοῦ	αὐτός	RP	----GSM-
Luke 6:13	καὶ	καί	C-	--------
Luke 6:13	ἐκλεξάμενος	ἐκλέγομαι	V-	-AMPNSM-
Luke 6:13	ἀπ’	ἀπό	P-	--------
Luke 6:13	αὐτῶν	αὐτός	RP	----GPM-
Luke 6:13	δώδεκα	δώδεκα	A-	----APM-
Luke 6:13	οὓς	ὅς	RR	----APM-
Luke 6:13	καὶ	καί	D-	--------
Luke 6:13	ἀποστόλους	ἀπόστολος	N-	----APM-
Luke 6:13	ὠνόμασεν	ὀνομάζω	V-	3AAI-S--
Luke 6:14	Σίμωνα	Σίμων	N-	----ASM-
Luke 6:14	ὃν	ὅς	RR	----ASM-
Luke 6:14	καὶ	καί	D-	--------
Luke 6:14	ὠνόμασεν	ὀνομάζω	V-	3AAI-S--
Luke 6:14	Πέτρον	Πέτρος	N-	----ASM-
Luke 6:14	καὶ	καί	C-	--------
Luke 6:14	Ἀνδρέαν	Ἀνδρέας	N-	----ASM-
Luke 6:14	τὸν	ὁ	RA	----ASM-
Luke 6:14	ἀδελφὸν	ἀδελφός	N-	----ASM-
Luke 6:14	αὐτοῦ	αὐτός	RP	----GSM-
Luke 6:14	καὶ	καί	C-	--------
Luke 6:14	Ἰάκωβον	Ἰάκωβος	N-	----ASM-
Luke 6:14	καὶ	καί	C-	--------
Luke 6:14	Ἰωάννην	Ἰωάννης	N-	----ASM-
Luke 6:14	καὶ	καί	C-	--------
Luke 6:14	Φίλιππον	Φίλιππος	N-	----ASM-
Luke 6:14	καὶ	καί	C-	--------
Luke 6:14	Βαρθολομαῖον	Βαρθολομαῖος	N-	----ASM-
Luke 6:15	καὶ	καί	C-	--------
Luke 6:15	Μαθθαῖον	Μαθθαῖος	N-	----ASM-
Luke 6:15	καὶ	καί	C-	--------
Luke 6:15	Θωμᾶν	Θωμᾶς	N-	----ASM-
Luke 6:15	καὶ	καί	C-	--------
Luke 6:15	Ἰάκωβον	Ἰάκωβος	N-	----ASM-
Luke 6:15	Ἁλφαίου	Ἁλφαῖος	N-	----GSM-
Luke 6:15	καὶ	καί	C-	--------
Luke 6:15	Σίμωνα	Σίμων	N-	----ASM-
Luke 6:15	τὸν	ὁ	RA	----ASM-
Luke 6:15	καλούμενον	καλέω	V-	-PPPASM-
Luke 6:15	Ζηλωτὴν	Ζηλωτής	N-	----ASM-
Luke 6:16	καὶ	καί	C-	--------
Luke 6:16	Ἰούδαν	Ἰούδας	N-	----ASM-
Luke 6:16	Ἰακώβου	Ἰάκωβος	N-	----GSM-
Luke 6:16	καὶ	καί	C-	--------
Luke 6:16	Ἰούδαν	Ἰούδας	N-	----ASM-
Luke 6:16	Ἰσκαριὼθ	Ἰσκαριώθ	N-	----ASM-
Luke 6:16	ὃς	ὅς	RR	----NSM-
Luke 6:16	ἐγένετο	γίνομαι	V-	3AMI-S--
Luke 6:16	προδότης	προδότης	N-	----NSM-
Luke 6:17	Καὶ	καί	C-	--------
Luke 6:17	καταβὰς	καταβαίνω	V-	-AAPNSM-
Luke 6:17	μετ’	μετά	P-	--------
Luke 6:17	αὐτῶν	αὐτός	RP	----GPM-
Luke 6:17	ἔστη	ἵστημι	V-	3AAI-S--
Luke 6:17	ἐπὶ	ἐπί	P-	--------
Luke 6:17	τόπου	τόπος	N-	----GSM-
Luke 6:17	πεδινοῦ	πεδινός	A-	----GSM-
Luke 6:17	καὶ	καί	C-	--------
Luke 6:17	ὄχλος	ὄχλος	N-	----NSM-
Luke 6:17	πολὺς	πολύς	A-	----NSM-
Luke 6:17	μαθητῶν	μαθητής	N-	----GPM-
Luke 6:17	αὐτοῦ	αὐτός	RP	----GSM-
Luke 6:17	καὶ	καί	C-	--------
Luke 6:17	πλῆθος	πλῆθος	N-	----NSN-
Luke 6:17	πολὺ	πολύς	A-	----NSN-
Luke 6:17	τοῦ	ὁ	RA	----GSM-
Luke 6:17	λαοῦ	λαός	N-	----GSM-
Luke 6:17	ἀπὸ	ἀπό	P-	--------
Luke 6:17	πάσης	πᾶς	A-	----GSF-
Luke 6:17	τῆς	ὁ	RA	----GSF-
Luke 6:17	Ἰουδαίας	Ἰουδαία	N-	----GSF-
Luke 6:17	καὶ	καί	C-	--------
Luke 6:17	Ἰερουσαλὴμ	Ἰερουσαλήμ	N-	----GSF-
Luke 6:17	καὶ	καί	C-	--------
Luke 6:17	τῆς	ὁ	RA	----GSF-
Luke 6:17	παραλίου	παράλιος	A-	----GSF-
Luke 6:17	Τύρου	Τύρος	N-	----GSF-
Luke 6:17	καὶ	καί	C-	--------
Luke 6:17	Σιδῶνος	Σιδών	N-	----GSF-
Luke 6:18	οἳ	ὅς	RR	----NPM-
Luke 6:18	ἦλθον	ἔρχομαι	V-	3AAI-P--
Luke 6:18	ἀκοῦσαι	ἀκούω	V-	-AAN----
Luke 6:18	αὐτοῦ	αὐτός	RP	----GSM-
Luke 6:18	καὶ	καί	C-	--------
Luke 6:18	ἰαθῆναι	ἰάομαι	V-	-APN----
Luke 6:18	ἀπὸ	ἀπό	P-	--------
Luke 6:18	τῶν	ὁ	RA	----GPF-
Luke 6:18	νόσων	νόσος	N-	----GPF-
Luke 6:18	αὐτῶν	αὐτός	RP	----GPM-
Luke 6:18	καὶ	καί	C-	--------
Luke 6:18	οἱ	ὁ	RA	----NPM-
Luke 6:18	ἐνοχλούμενοι	ἐνοχλέω	V-	-PPPNPM-
Luke 6:18	ἀπὸ	ἀπό	P-	--------
Luke 6:18	πνευμάτων	πνεῦμα	N-	----GPN-
Luke 6:18	ἀκαθάρτων	ἀκάθαρτος	A-	----GPN-
Luke 6:18	ἐθεραπεύοντο	θεραπεύω	V-	3IPI-P--
Luke 6:19	καὶ	καί	C-	--------
Luke 6:19	πᾶς	πᾶς	A-	----NSM-
Luke 6:19	ὁ	ὁ	RA	----NSM-
Luke 6:19	ὄχλος	ὄχλος	N-	----NSM-
Luke 6:19	ἐζήτουν	ζητέω	V-	3IAI-P--
Luke 6:19	ἅπτεσθαι	ἅπτω	V-	-PMN----
Luke 6:19	αὐτοῦ	αὐτός	RP	----GSM-
Luke 6:19	ὅτι	ὅτι	C-	--------
Luke 6:19	δύναμις	δύναμις	N-	----NSF-
Luke 6:19	παρ’	παρά	P-	--------
Luke 6:19	αὐτοῦ	αὐτός	RP	----GSM-
Luke 6:19	ἐξήρχετο	ἐξέρχομαι	V-	3IMI-S--
Luke 6:19	καὶ	καί	C-	--------
Luke 6:19	ἰᾶτο	ἰάομαι	V-	3IMI-S--
Luke 6:19	πάντας	πᾶς	A-	----APM-
Luke 6:20	Καὶ	καί	C-	--------
Luke 6:20	αὐτὸς	αὐτός	RP	----NSM-
Luke 6:20	ἐπάρας	ἐπαίρω	V-	-AAPNSM-
Luke 6:20	τοὺς	ὁ	RA	----APM-
Luke 6:20	ὀφθαλμοὺς	ὀφθαλμός	N-	----APM-
Luke 6:20	αὐτοῦ	αὐτός	RP	----GSM-
Luke 6:20	εἰς	εἰς	P-	--------
Luke 6:20	τοὺς	ὁ	RA	----APM-
Luke 6:20	μαθητὰς	μαθητής	N-	----APM-
Luke 6:20	αὐτοῦ	αὐτός	RP	----GSM-
Luke 6:20	ἔλεγεν	λέγω	V-	3IAI-S--
Luke 6:20	Μακάριοι	μακάριος	A-	----NPM-
Luke 6:20	οἱ	ὁ	RA	----NPM-
Luke 6:20	πτωχοί	πτωχός	A-	----NPM-
Luke 6:20	ὅτι	ὅτι	C-	--------
Luke 6:20	ὑμετέρα	ὑμέτερος	A-	----NSF-
Luke 6:20	ἐστὶν	εἰμί	V-	3PAI-S--
Luke 6:20	ἡ	ὁ	RA	----NSF-
Luke 6:20	βασιλεία	βασιλεία	N-	----NSF-
Luke 6:20	τοῦ	ὁ	RA	----GSM-
Luke 6:20	θεοῦ	θεός	N-	----GSM-
Luke 6:21	μακάριοι	μακάριος	A-	----NPM-
Luke 6:21	οἱ	ὁ	RA	----NPM-
Luke 6:21	πεινῶντες	πεινάω	V-	-PAPNPM-
Luke 6:21	νῦν	νῦν	D-	--------
Luke 6:21	ὅτι	ὅτι	C-	--------
Luke 6:21	χορτασθήσεσθε	χορτάζω	V-	2FPI-P--
Luke 6:21	μακάριοι	μακάριος	A-	----NPM-
Luke 6:21	οἱ	ὁ	RA	----NPM-
Luke 6:21	κλαίοντες	κλαίω	V-	-PAPNPM-
Luke 6:21	νῦν	νῦν	D-	--------
Luke 6:21	ὅτι	ὅτι	C-	--------
Luke 6:21	γελάσετε	γελάω	V-	2FAI-P--
Luke 6:22	Μακάριοί	μακάριος	A-	----NPM-
Luke 6:22	ἐστε	εἰμί	V-	2PAI-P--
Luke 6:22	ὅταν	ὅταν	C-	--------
Luke 6:22	μισήσωσιν	μισέω	V-	3AAS-P--
Luke 6:22	ὑμᾶς	σύ	RP	----AP--
Luke 6:22	οἱ	ὁ	RA	----NPM-
Luke 6:22	ἄνθρωποι	ἄνθρωπος	N-	----NPM-
Luke 6:22	καὶ	καί	C-	--------
Luke 6:22	ὅταν	ὅταν	C-	--------
Luke 6:22	ἀφορίσωσιν	ἀφορίζω	V-	3AAS-P--
Luke 6:22	ὑμᾶς	σύ	RP	----AP--
Luke 6:22	καὶ	καί	C-	--------
Luke 6:22	ὀνειδίσωσιν	ὀνειδίζω	V-	3AAS-P--
Luke 6:22	καὶ	καί	C-	--------
Luke 6:22	ἐκβάλωσιν	ἐκβάλλω	V-	3AAS-P--
Luke 6:22	τὸ	ὁ	RA	----ASN-
Luke 6:22	ὄνομα	ὄνομα	N-	----ASN-
Luke 6:22	ὑμῶν	σύ	RP	----GP--
Luke 6:22	ὡς	ὡς	C-	--------
Luke 6:22	πονηρὸν	πονηρός	A-	----ASN-
Luke 6:22	ἕνεκα	ἕνεκα	P-	--------
Luke 6:22	τοῦ	ὁ	RA	----GSM-
Luke 6:22	υἱοῦ	υἱός	N-	----GSM-
Luke 6:22	τοῦ	ὁ	RA	----GSM-
Luke 6:22	ἀνθρώπου	ἄνθρωπος	N-	----GSM-
Luke 6:23	χάρητε	χαίρω	V-	2APD-P--
Luke 6:23	ἐν	ἐν	P-	--------
Luke 6:23	ἐκείνῃ	ἐκεῖνος	RD	----DSF-
Luke 6:23	τῇ	ὁ	RA	----DSF-
Luke 6:23	ἡμέρᾳ	ἡμέρα	N-	----DSF-
Luke 6:23	καὶ	καί	C-	--------
Luke 6:23	σκιρτήσατε	σκιρτάω	V-	2AAD-P--
Luke 6:23	ἰδοὺ	ἰδού	X-	--------
Luke 6:23	γὰρ	γάρ	C-	--------
Luke 6:23	ὁ	ὁ	RA	----NSM-
Luke 6:23	μισθὸς	μισθός	N-	----NSM-
Luke 6:23	ὑμῶν	σύ	RP	----GP--
Luke 6:23	πολὺς	πολύς	A-	----NSM-
Luke 6:23	ἐν	ἐν	P-	--------
Luke 6:23	τῷ	ὁ	RA	----DSM-
Luke 6:23	οὐρανῷ	οὐρανός	N-	----DSM-
Luke 6:23	κατὰ	κατά	P-	--------
Luke 6:23	τὰ	ὁ	RA	----APN-
Luke 6:23	αὐτὰ	αὐτός	A-	----APN-
Luke 6:23	γὰρ	γάρ	C-	--------
Luke 6:23	ἐποίουν	ποιέω	V-	3IAI-P--
Luke 6:23	τοῖς	ὁ	RA	----DPM-
Luke 6:23	προφήταις	προφήτης	N-	----DPM-
Luke 6:23	οἱ	ὁ	RA	----NPM-
Luke 6:23	πατέρες	πατήρ	N-	----NPM-
Luke 6:23	αὐτῶν	αὐτός	RP	----GPM-
Luke 6:24	πλὴν	πλήν	C-	--------
Luke 6:24	οὐαὶ	οὐαί	X-	--------
Luke 6:24	ὑμῖν	σύ	RP	----DP--
Luke 6:24	τοῖς	ὁ	RA	----DPM-
Luke 6:24	πλουσίοις	πλούσιος	A-	----DPM-
Luke 6:24	ὅτι	ὅτι	C-	--------
Luke 6:24	ἀπέχετε	ἀπέχω	V-	2PAI-P--
Luke 6:24	τὴν	ὁ	RA	----ASF-
Luke 6:24	παράκλησιν	παράκλησις	N-	----ASF-
Luke 6:24	ὑμῶν	σύ	RP	----GP--
Luke 6:25	οὐαὶ	οὐαί	X-	--------
Luke 6:25	ὑμῖν	σύ	RP	----DP--
Luke 6:25	οἱ	ὁ	RA	----NPM-
Luke 6:25	ἐμπεπλησμένοι	ἐμπίμπλημι	V-	-XPPNPM-
Luke 6:25	νῦν	νῦν	D-	--------
Luke 6:25	ὅτι	ὅτι	C-	--------
Luke 6:25	πεινάσετε	πεινάω	V-	2FAI-P--
Luke 6:25	οὐαί	οὐαί	I-	--------
Luke 6:25	οἱ	ὁ	RA	----NPM-
Luke 6:25	γελῶντες	γελάω	V-	-PAPNPM-
Luke 6:25	νῦν	νῦν	D-	--------
Luke 6:25	ὅτι	ὅτι	C-	--------
Luke 6:25	πενθήσετε	πενθέω	V-	2FAI-P--
Luke 6:25	καὶ	καί	C-	--------
Luke 6:25	κλαύσετε	κλαίω	V-	2FAI-P--
Luke 6:26	Οὐαὶ	οὐαί	X-	--------
Luke 6:26	ὅταν	ὅταν	C-	--------
Luke 6:26	καλῶς	καλῶς	D-	--------
Luke 6:26	ὑμᾶς	σύ	RP	----AP--
Luke 6:26	εἴπωσιν	λέγω	V-	3AAS-P--
Luke 6:26	πάντες	πᾶς	A-	----NPM-
Luke 6:26	οἱ	ὁ	RA	----NPM-
Luke 6:26	ἄνθρωποι	ἄνθρωπος	N-	----NPM-
Luke 6:26	κατὰ	κατά	P-	--------
Luke 6:26	τὰ	ὁ	RA	----APN-
Luke 6:26	αὐτὰ	αὐτός	A-	----APN-
Luke 6:26	γὰρ	γάρ	C-	--------
Luke 6:26	ἐποίουν	ποιέω	V-	3IAI-P--
Luke 6:26	τοῖς	ὁ	RA	----DPM-
Luke 6:26	ψευδοπροφήταις	ψευδοπροφήτης	N-	----DPM-
Luke 6:26	οἱ	ὁ	RA	----NPM-
Luke 6:26	πατέρες	πατήρ	N-	----NPM-
Luke 6:26	αὐτῶν	αὐτός	RP	----GPM-
Luke 6:27	Ἀλλὰ	ἀλλά	C-	--------
Luke 6:27	ὑμῖν	σύ	RP	----DP--
Luke 6:27	λέγω	λέγω	V-	1PAI-S--
Luke 6:27	τοῖς	ὁ	RA	----DPM-
Luke 6:27	ἀκούουσιν	ἀκούω	V-	-PAPDPM-
Luke 6:27	ἀγαπᾶτε	ἀγαπάω	V-	2PAD-P--
Luke 6:27	τοὺς	ὁ	RA	----APM-
Luke 6:27	ἐχθροὺς	ἐχθρός	A-	----APM-
Luke 6:27	ὑμῶν	σύ	RP	----GP--
Luke 6:27	καλῶς	καλῶς	D-	--------
Luke 6:27	ποιεῖτε	ποιέω	V-	2PAD-P--
Luke 6:27	τοῖς	ὁ	RA	----DPM-
Luke 6:27	μισοῦσιν	μισέω	V-	-PAPDPM-
Luke 6:27	ὑμᾶς	σύ	RP	----AP--
Luke 6:28	εὐλογεῖτε	εὐλογέω	V-	2PAD-P--
Luke 6:28	τοὺς	ὁ	RA	----APM-
Luke 6:28	καταρωμένους	καταράομαι	V-	-PMPAPM-
Luke 6:28	ὑμᾶς	σύ	RP	----AP--
Luke 6:28	προσεύχεσθε	προσεύχομαι	V-	2PMD-P--
Luke 6:28	περὶ	περί	P-	--------
Luke 6:28	τῶν	ὁ	RA	----GPM-
Luke 6:28	ἐπηρεαζόντων	ἐπηρεάζω	V-	-PAPGPM-
Luke 6:28	ὑμᾶς	σύ	RP	----AP--
Luke 6:29	τῷ	ὁ	RA	----DSM-
Luke 6:29	τύπτοντί	τύπτω	V-	-PAPDSM-
Luke 6:29	σε	σύ	RP	----AS--
Luke 6:29	ἐπὶ	ἐπί	P-	--------
Luke 6:29	τὴν	ὁ	RA	----ASF-
Luke 6:29	σιαγόνα	σιαγών	N-	----ASF-
Luke 6:29	πάρεχε	παρέχω	V-	2PAD-S--
Luke 6:29	καὶ	καί	D-	--------
Luke 6:29	τὴν	ὁ	RA	----ASF-
Luke 6:29	ἄλλην	ἄλλος	A-	----ASF-
Luke 6:29	καὶ	καί	C-	--------
Luke 6:29	ἀπὸ	ἀπό	P-	--------
Luke 6:29	τοῦ	ὁ	RA	----GSM-
Luke 6:29	αἴροντός	αἴρω	V-	-PAPGSM-
Luke 6:29	σου	σύ	RP	----GS--
Luke 6:29	τὸ	ὁ	RA	----ASN-
Luke 6:29	ἱμάτιον	ἱμάτιον	N-	----ASN-
Luke 6:29	καὶ	καί	D-	--------
Luke 6:29	τὸν	ὁ	RA	----ASM-
Luke 6:29	χιτῶνα	χιτών	N-	----ASM-
Luke 6:29	μὴ	μή	D-	--------
Luke 6:29	κωλύσῃς	κωλύω	V-	2AAS-S--
Luke 6:30	παντὶ	πᾶς	A-	----DSM-
Luke 6:30	αἰτοῦντί	αἰτέω	V-	-PAPDSM-
Luke 6:30	σε	σύ	RP	----AS--
Luke 6:30	δίδου	δίδωμι	V-	2PAD-S--
Luke 6:30	καὶ	καί	C-	--------
Luke 6:30	ἀπὸ	ἀπό	P-	--------
Luke 6:30	τοῦ	ὁ	RA	----GSM-
Luke 6:30	αἴροντος	αἴρω	V-	-PAPGSM-
Luke 6:30	τὰ	ὁ	RA	----APN-
Luke 6:30	σὰ	σός	A-	----APN-
Luke 6:30	μὴ	μή	D-	--------
Luke 6:30	ἀπαίτει	ἀπαιτέω	V-	2PAD-S--
Luke 6:31	καὶ	καί	C-	--------
Luke 6:31	καθὼς	καθώς	C-	--------
Luke 6:31	θέλετε	θέλω	V-	2PAI-P--
Luke 6:31	ἵνα	ἵνα	C-	--------
Luke 6:31	ποιῶσιν	ποιέω	V-	3PAS-P--
Luke 6:31	ὑμῖν	σύ	RP	----DP--
Luke 6:31	οἱ	ὁ	RA	----NPM-
Luke 6:31	ἄνθρωποι	ἄνθρωπος	N-	----NPM-
Luke 6:31	ποιεῖτε	ποιέω	V-	2PAD-P--
Luke 6:31	αὐτοῖς	αὐτός	RP	----DPM-
Luke 6:31	ὁμοίως	ὁμοίως	D-	--------
Luke 6:32	Καὶ	καί	C-	--------
Luke 6:32	εἰ	εἰ	C-	--------
Luke 6:32	ἀγαπᾶτε	ἀγαπάω	V-	2PAI-P--
Luke 6:32	τοὺς	ὁ	RA	----APM-
Luke 6:32	ἀγαπῶντας	ἀγαπάω	V-	-PAPAPM-
Luke 6:32	ὑμᾶς	σύ	RP	----AP--
Luke 6:32	ποία	ποῖος	RI	----NSF-
Luke 6:32	ὑμῖν	σύ	RP	----DP--
Luke 6:32	χάρις	χάρις	N-	----NSF-
Luke 6:32	ἐστίν	εἰμί	V-	3PAI-S--
Luke 6:32	καὶ	καί	D-	--------
Luke 6:32	γὰρ	γάρ	C-	--------
Luke 6:32	οἱ	ὁ	RA	----NPM-
Luke 6:32	ἁμαρτωλοὶ	ἁμαρτωλός	A-	----NPM-
Luke 6:32	τοὺς	ὁ	RA	----APM-
Luke 6:32	ἀγαπῶντας	ἀγαπάω	V-	-PAPAPM-
Luke 6:32	αὐτοὺς	αὐτός	RP	----APM-
Luke 6:32	ἀγαπῶσιν	ἀγαπάω	V-	3PAI-P--
Luke 6:33	καὶ	καί	D-	--------
Luke 6:33	ἐὰν	ἐάν	C-	--------
Luke 6:33	ἀγαθοποιῆτε	ἀγαθοποιέω	V-	2PAS-P--
Luke 6:33	τοὺς	ὁ	RA	----APM-
Luke 6:33	ἀγαθοποιοῦντας	ἀγαθοποιέω	V-	-PAPAPM-
Luke 6:33	ὑμᾶς	σύ	RP	----AP--
Luke 6:33	ποία	ποῖος	RI	----NSF-
Luke 6:33	ὑμῖν	σύ	RP	----DP--
Luke 6:33	χάρις	χάρις	N-	----NSF-
Luke 6:33	ἐστίν	εἰμί	V-	3PAI-S--
Luke 6:33	καὶ	καί	D-	--------
Luke 6:33	οἱ	ὁ	RA	----NPM-
Luke 6:33	ἁμαρτωλοὶ	ἁμαρτωλός	A-	----NPM-
Luke 6:33	τὸ	ὁ	RA	----ASN-
Luke 6:33	αὐτὸ	αὐτός	A-	----ASN-
Luke 6:33	ποιοῦσιν	ποιέω	V-	3PAI-P--
Luke 6:34	καὶ	καί	C-	--------
Luke 6:34	ἐὰν	ἐάν	C-	--------
Luke 6:34	δανίσητε	δανείζω	V-	2AAS-P--
Luke 6:34	παρ’	παρά	P-	--------
Luke 6:34	ὧν	ὅς	RR	----GPM-
Luke 6:34	ἐλπίζετε	ἐλπίζω	V-	2PAI-P--
Luke 6:34	λαβεῖν	λαμβάνω	V-	-AAN----
Luke 6:34	ποία	ποῖος	RI	----NSF-
Luke 6:34	ὑμῖν	σύ	RP	----DP--
Luke 6:34	χάρις	χάρις	N-	----NSF-
Luke 6:34	ἐστίν	εἰμί	V-	3PAI-S--
Luke 6:34	καὶ	καί	D-	--------
Luke 6:34	ἁμαρτωλοὶ	ἁμαρτωλός	A-	----NPM-
Luke 6:34	ἁμαρτωλοῖς	ἁμαρτωλός	A-	----DPM-
Luke 6:34	δανίζουσιν	δανείζω	V-	3PAI-P--
Luke 6:34	ἵνα	ἵνα	C-	--------
Luke 6:34	ἀπολάβωσιν	ἀπολαμβάνω	V-	3AAS-P--
Luke 6:34	τὰ	ὁ	RA	----APN-
Luke 6:34	ἴσα	ἴσος	A-	----APN-
Luke 6:35	πλὴν	πλήν	C-	--------
Luke 6:35	ἀγαπᾶτε	ἀγαπάω	V-	2PAD-P--
Luke 6:35	τοὺς	ὁ	RA	----APM-
Luke 6:35	ἐχθροὺς	ἐχθρός	A-	----APM-
Luke 6:35	ὑμῶν	σύ	RP	----GP--
Luke 6:35	καὶ	καί	C-	--------
Luke 6:35	ἀγαθοποιεῖτε	ἀγαθοποιέω	V-	2PAD-P--
Luke 6:35	καὶ	καί	C-	--------
Luke 6:35	δανίζετε	δανείζω	V-	2PAD-P--
Luke 6:35	μηδὲν	μηδείς	A-	----ASN-
Luke 6:35	ἀπελπίζοντες	ἀπελπίζω	V-	-PAPNPM-
Luke 6:35	καὶ	καί	C-	--------
Luke 6:35	ἔσται	εἰμί	V-	3FMI-S--
Luke 6:35	ὁ	ὁ	RA	----NSM-
Luke 6:35	μισθὸς	μισθός	N-	----NSM-
Luke 6:35	ὑμῶν	σύ	RP	----GP--
Luke 6:35	πολύς	πολύς	A-	----NSM-
Luke 6:35	καὶ	καί	C-	--------
Luke 6:35	ἔσεσθε	εἰμί	V-	2FMI-P--
Luke 6:35	υἱοὶ	υἱός	N-	----NPM-
Luke 6:35	Ὑψίστου	ὕψιστος	A-	----GSMS
Luke 6:35	ὅτι	ὅτι	C-	--------
Luke 6:35	αὐτὸς	αὐτός	RP	----NSM-
Luke 6:35	χρηστός	χρηστός	A-	----NSM-
Luke 6:35	ἐστιν	εἰμί	V-	3PAI-S--
Luke 6:35	ἐπὶ	ἐπί	P-	--------
Luke 6:35	τοὺς	ὁ	RA	----APM-
Luke 6:35	ἀχαρίστους	ἀχάριστος	A-	----APM-
Luke 6:35	καὶ	καί	C-	--------
Luke 6:35	πονηρούς	πονηρός	A-	----APM-
Luke 6:36	γίνεσθε	γίνομαι	V-	2PMD-P--
Luke 6:36	οἰκτίρμονες	οἰκτίρμων	A-	----NPM-
Luke 6:36	καθὼς	καθώς	C-	--------
Luke 6:36	ὁ	ὁ	RA	----NSM-
Luke 6:36	πατὴρ	πατήρ	N-	----NSM-
Luke 6:36	ὑμῶν	σύ	RP	----GP--
Luke 6:36	οἰκτίρμων	οἰκτίρμων	A-	----NSM-
Luke 6:36	ἐστίν	εἰμί	V-	3PAI-S--
Luke 6:37	Καὶ	καί	C-	--------
Luke 6:37	μὴ	μή	D-	--------
Luke 6:37	κρίνετε	κρίνω	V-	2PAD-P--
Luke 6:37	καὶ	καί	C-	--------
Luke 6:37	οὐ	οὐ	D-	--------
Luke 6:37	μὴ	μή	D-	--------
Luke 6:37	κριθῆτε	κρίνω	V-	2APS-P--
Luke 6:37	καὶ	καί	C-	--------
Luke 6:37	μὴ	μή	D-	--------
Luke 6:37	καταδικάζετε	καταδικάζω	V-	2PAD-P--
Luke 6:37	καὶ	καί	C-	--------
Luke 6:37	οὐ	οὐ	D-	--------
Luke 6:37	μὴ	μή	D-	--------
Luke 6:37	καταδικασθῆτε	καταδικάζω	V-	2APS-P--
Luke 6:37	ἀπολύετε	ἀπολύω	V-	2PAD-P--
Luke 6:37	καὶ	καί	C-	--------
Luke 6:37	ἀπολυθήσεσθε	ἀπολύω	V-	2FPI-P--
Luke 6:38	δίδοτε	δίδωμι	V-	2PAD-P--
Luke 6:38	καὶ	καί	C-	--------
Luke 6:38	δοθήσεται	δίδωμι	V-	3FPI-S--
Luke 6:38	ὑμῖν	σύ	RP	----DP--
Luke 6:38	μέτρον	μέτρον	N-	----ASN-
Luke 6:38	καλὸν	καλός	A-	----ASN-
Luke 6:38	πεπιεσμένον	πιέζω	V-	-XPPASN-
Luke 6:38	σεσαλευμένον	σαλεύω	V-	-XPPASN-
Luke 6:38	ὑπερεκχυννόμενον	ὑπερεκχύννομαι	V-	-PPPASN-
Luke 6:38	δώσουσιν	δίδωμι	V-	3FAI-P--
Luke 6:38	εἰς	εἰς	P-	--------
Luke 6:38	τὸν	ὁ	RA	----ASM-
Luke 6:38	κόλπον	κόλπος	N-	----ASM-
Luke 6:38	ὑμῶν	σύ	RP	----GP--
Luke 6:38	ᾧ	ὅς	RR	----DSN-
Luke 6:38	γὰρ	γάρ	C-	--------
Luke 6:38	μέτρῳ	μέτρον	N-	----DSN-
Luke 6:38	μετρεῖτε	μετρέω	V-	2PAI-P--
Luke 6:38	ἀντιμετρηθήσεται	ἀντιμετρέω	V-	3FPI-S--
Luke 6:38	ὑμῖν	σύ	RP	----DP--
Luke 6:39	Εἶπεν	λέγω	V-	3AAI-S--
Luke 6:39	δὲ	δέ	C-	--------
Luke 6:39	καὶ	καί	D-	--------
Luke 6:39	παραβολὴν	παραβολή	N-	----ASF-
Luke 6:39	αὐτοῖς	αὐτός	RP	----DPM-
Luke 6:39	Μήτι	μήτι	X-	--------
Luke 6:39	δύναται	δύναμαι	V-	3PMI-S--
Luke 6:39	τυφλὸς	τυφλός	A-	----NSM-
Luke 6:39	τυφλὸν	τυφλός	A-	----ASM-
Luke 6:39	ὁδηγεῖν	ὁδηγέω	V-	-PAN----
Luke 6:39	οὐχὶ	οὐχί	X-	--------
Luke 6:39	ἀμφότεροι	ἀμφότεροι	A-	----NPM-
Luke 6:39	εἰς	εἰς	P-	--------
Luke 6:39	βόθυνον	βόθυνος	N-	----ASM-
Luke 6:39	ἐμπεσοῦνται	ἐμπίπτω	V-	3FMI-P--
Luke 6:40	οὐκ	οὐ	D-	--------
Luke 6:40	ἔστιν	εἰμί	V-	3PAI-S--
Luke 6:40	μαθητὴς	μαθητής	N-	----NSM-
Luke 6:40	ὑπὲρ	ὑπέρ	P-	--------
Luke 6:40	τὸν	ὁ	RA	----ASM-
Luke 6:40	διδάσκαλον	διδάσκαλος	N-	----ASM-
Luke 6:40	κατηρτισμένος	καταρτίζω	V-	-XPPNSM-
Luke 6:40	δὲ	δέ	C-	--------
Luke 6:40	πᾶς	πᾶς	A-	----NSM-
Luke 6:40	ἔσται	εἰμί	V-	3FMI-S--
Luke 6:40	ὡς	ὡς	C-	--------
Luke 6:40	ὁ	ὁ	RA	----NSM-
Luke 6:40	διδάσκαλος	διδάσκαλος	N-	----NSM-
Luke 6:40	αὐτοῦ	αὐτός	RP	----GSM-
Luke 6:41	τί	τίς	RI	----ASN-
Luke 6:41	δὲ	δέ	C-	--------
Luke 6:41	βλέπεις	βλέπω	V-	2PAI-S--
Luke 6:41	τὸ	ὁ	RA	----ASN-
Luke 6:41	κάρφος	κάρφος	N-	----ASN-
Luke 6:41	τὸ	ὁ	RA	----ASN-
Luke 6:41	ἐν	ἐν	P-	--------
Luke 6:41	τῷ	ὁ	RA	----DSM-
Luke 6:41	ὀφθαλμῷ	ὀφθαλμός	N-	----DSM-
Luke 6:41	τοῦ	ὁ	RA	----GSM-
Luke 6:41	ἀδελφοῦ	ἀδελφός	N-	----GSM-
Luke 6:41	σου	σύ	RP	----GS--
Luke 6:41	τὴν	ὁ	RA	----ASF-
Luke 6:41	δὲ	δέ	C-	--------
Luke 6:41	δοκὸν	δοκός	N-	----ASF-
Luke 6:41	τὴν	ὁ	RA	----ASF-
Luke 6:41	ἐν	ἐν	P-	--------
Luke 6:41	τῷ	ὁ	RA	----DSM-
Luke 6:41	ἰδίῳ	ἴδιος	A-	----DSM-
Luke 6:41	ὀφθαλμῷ	ὀφθαλμός	N-	----DSM-
Luke 6:41	οὐ	οὐ	D-	--------
Luke 6:41	κατανοεῖς	κατανοέω	V-	2PAI-S--
Luke 6:42	πῶς	πῶς	D-	--------
Luke 6:42	δύνασαι	δύναμαι	V-	2PMI-S--
Luke 6:42	λέγειν	λέγω	V-	-PAN----
Luke 6:42	τῷ	ὁ	RA	----DSM-
Luke 6:42	ἀδελφῷ	ἀδελφός	N-	----DSM-
Luke 6:42	σου	σύ	RP	----GS--
Luke 6:42	Ἀδελφέ	ἀδελφός	N-	----VSM-
Luke 6:42	ἄφες	ἀφίημι	V-	2AAD-S--
Luke 6:42	ἐκβάλω	ἐκβάλλω	V-	1AAS-S--
Luke 6:42	τὸ	ὁ	RA	----ASN-
Luke 6:42	κάρφος	κάρφος	N-	----ASN-
Luke 6:42	τὸ	ὁ	RA	----ASN-
Luke 6:42	ἐν	ἐν	P-	--------
Luke 6:42	τῷ	ὁ	RA	----DSM-
Luke 6:42	ὀφθαλμῷ	ὀφθαλμός	N-	----DSM-
Luke 6:42	σου	σύ	RP	----GS--
Luke 6:42	αὐτὸς	αὐτός	RP	----NSM-
Luke 6:42	τὴν	ὁ	RA	----ASF-
Luke 6:42	ἐν	ἐν	P-	--------
Luke 6:42	τῷ	ὁ	RA	----DSM-
Luke 6:42	ὀφθαλμῷ	ὀφθαλμός	N-	----DSM-
Luke 6:42	σοῦ	σύ	RP	----GS--
Luke 6:42	δοκὸν	δοκός	N-	----ASF-
Luke 6:42	οὐ	οὐ	D-	--------
Luke 6:42	βλέπων	βλέπω	V-	-PAPNSM-
Luke 6:42	ὑποκριτά	ὑποκριτής	N-	----VSM-
Luke 6:42	ἔκβαλε	ἐκβάλλω	V-	2AAD-S--
Luke 6:42	πρῶτον	πρῶτος	A-	----ASN-
Luke 6:42	τὴν	ὁ	RA	----ASF-
Luke 6:42	δοκὸν	δοκός	N-	----ASF-
Luke 6:42	ἐκ	ἐκ	P-	--------
Luke 6:42	τοῦ	ὁ	RA	----GSM-
Luke 6:42	ὀφθαλμοῦ	ὀφθαλμός	N-	----GSM-
Luke 6:42	σοῦ	σύ	RP	----GS--
Luke 6:42	καὶ	καί	C-	--------
Luke 6:42	τότε	τότε	D-	--------
Luke 6:42	διαβλέψεις	διαβλέπω	V-	2FAI-S--
Luke 6:42	τὸ	ὁ	RA	----ASN-
Luke 6:42	κάρφος	κάρφος	N-	----ASN-
Luke 6:42	τὸ	ὁ	RA	----ASN-
Luke 6:42	ἐν	ἐν	P-	--------
Luke 6:42	τῷ	ὁ	RA	----DSM-
Luke 6:42	ὀφθαλμῷ	ὀφθαλμός	N-	----DSM-
Luke 6:42	τοῦ	ὁ	RA	----GSM-
Luke 6:42	ἀδελφοῦ	ἀδελφός	N-	----GSM-
Luke 6:42	σου	σύ	RP	----GS--
Luke 6:42	ἐκβαλεῖν	ἐκβάλλω	V-	-AAN----
Luke 6:43	Οὐ	οὐ	D-	--------
Luke 6:43	γάρ	γάρ	C-	--------
Luke 6:43	ἐστιν	εἰμί	V-	3PAI-S--
Luke 6:43	δένδρον	δένδρον	N-	----NSN-
Luke 6:43	καλὸν	καλός	A-	----NSN-
Luke 6:43	ποιοῦν	ποιέω	V-	-PAPNSN-
Luke 6:43	καρπὸν	καρπός	N-	----ASM-
Luke 6:43	σαπρόν	σαπρός	A-	----ASM-
Luke 6:43	οὐδὲ	οὐδέ	C-	--------
Luke 6:43	πάλιν	πάλιν	D-	--------
Luke 6:43	δένδρον	δένδρον	N-	----NSN-
Luke 6:43	σαπρὸν	σαπρός	A-	----NSN-
Luke 6:43	ποιοῦν	ποιέω	V-	-PAPNSN-
Luke 6:43	καρπὸν	καρπός	N-	----ASM-
Luke 6:43	καλόν	καλός	A-	----ASM-
Luke 6:44	ἕκαστον	ἕκαστος	A-	----NSN-
Luke 6:44	γὰρ	γάρ	C-	--------
Luke 6:44	δένδρον	δένδρον	N-	----NSN-
Luke 6:44	ἐκ	ἐκ	P-	--------
Luke 6:44	τοῦ	ὁ	RA	----GSM-
Luke 6:44	ἰδίου	ἴδιος	A-	----GSM-
Luke 6:44	καρποῦ	καρπός	N-	----GSM-
Luke 6:44	γινώσκεται	γινώσκω	V-	3PPI-S--
Luke 6:44	οὐ	οὐ	D-	--------
Luke 6:44	γὰρ	γάρ	C-	--------
Luke 6:44	ἐξ	ἐκ	P-	--------
Luke 6:44	ἀκανθῶν	ἄκανθα	N-	----GPF-
Luke 6:44	συλλέγουσιν	συλλέγω	V-	3PAI-P--
Luke 6:44	σῦκα	σῦκον	N-	----APN-
Luke 6:44	οὐδὲ	οὐδέ	C-	--------
Luke 6:44	ἐκ	ἐκ	P-	--------
Luke 6:44	βάτου	βάτος	N-	----GSF-
Luke 6:44	σταφυλὴν	σταφυλή	N-	----ASF-
Luke 6:44	τρυγῶσιν	τρυγάω	V-	3PAI-P--
Luke 6:45	ὁ	ὁ	RA	----NSM-
Luke 6:45	ἀγαθὸς	ἀγαθός	A-	----NSM-
Luke 6:45	ἄνθρωπος	ἄνθρωπος	N-	----NSM-
Luke 6:45	ἐκ	ἐκ	P-	--------
Luke 6:45	τοῦ	ὁ	RA	----GSM-
Luke 6:45	ἀγαθοῦ	ἀγαθός	A-	----GSM-
Luke 6:45	θησαυροῦ	θησαυρός	N-	----GSM-
Luke 6:45	τῆς	ὁ	RA	----GSF-
Luke 6:45	καρδίας	καρδία	N-	----GSF-
Luke 6:45	αὐτοῦ	αὐτός	RP	----GSM-
Luke 6:45	προφέρει	προφέρω	V-	3PAI-S--
Luke 6:45	τὸ	ὁ	RA	----ASN-
Luke 6:45	ἀγαθόν	ἀγαθός	A-	----ASN-
Luke 6:45	καὶ	καί	C-	--------
Luke 6:45	ὁ	ὁ	RA	----NSM-
Luke 6:45	πονηρὸς	πονηρός	A-	----NSM-
Luke 6:45	ἐκ	ἐκ	P-	--------
Luke 6:45	τοῦ	ὁ	RA	----GSM-
Luke 6:45	πονηροῦ	πονηρός	A-	----GSM-
Luke 6:45	προφέρει	προφέρω	V-	3PAI-S--
Luke 6:45	τὸ	ὁ	RA	----ASN-
Luke 6:45	πονηρόν	πονηρός	A-	----ASN-
Luke 6:45	ἐκ	ἐκ	P-	--------
Luke 6:45	γὰρ	γάρ	C-	--------
Luke 6:45	περισσεύματος	περίσσευμα	N-	----GSN-
Luke 6:45	καρδίας	καρδία	N-	----GSF-
Luke 6:45	λαλεῖ	λαλέω	V-	3PAI-S--
Luke 6:45	τὸ	ὁ	RA	----NSN-
Luke 6:45	στόμα	στόμα	N-	----NSN-
Luke 6:45	αὐτοῦ	αὐτός	RP	----GSM-
Luke 6:46	Τί	τίς	RI	----ASN-
Luke 6:46	δέ	δέ	C-	--------
Luke 6:46	με	ἐγώ	RP	----AS--
Luke 6:46	καλεῖτε	καλέω	V-	2PAI-P--
Luke 6:46	Κύριε	κύριος	N-	----VSM-
Luke 6:46	κύριε	κύριος	N-	----VSM-
Luke 6:46	καὶ	καί	C-	--------
Luke 6:46	οὐ	οὐ	D-	--------
Luke 6:46	ποιεῖτε	ποιέω	V-	2PAI-P--
Luke 6:46	ἃ	ὅς	RR	----APN-
Luke 6:46	λέγω	λέγω	V-	1PAI-S--
Luke 6:47	πᾶς	πᾶς	A-	----NSM-
Luke 6:47	ὁ	ὁ	RA	----NSM-
Luke 6:47	ἐρχόμενος	ἔρχομαι	V-	-PMPNSM-
Luke 6:47	πρός	πρός	P-	--------
Luke 6:47	με	ἐγώ	RP	----AS--
Luke 6:47	καὶ	καί	C-	--------
Luke 6:47	ἀκούων	ἀκούω	V-	-PAPNSM-
Luke 6:47	μου	ἐγώ	RP	----GS--
Luke 6:47	τῶν	ὁ	RA	----GPM-
Luke 6:47	λόγων	λόγος	N-	----GPM-
Luke 6:47	καὶ	καί	C-	--------
Luke 6:47	ποιῶν	ποιέω	V-	-PAPNSM-
Luke 6:47	αὐτούς	αὐτός	RP	----APM-
Luke 6:47	ὑποδείξω	ὑποδείκνυμι	V-	1FAI-S--
Luke 6:47	ὑμῖν	σύ	RP	----DP--
Luke 6:47	τίνι	τίς	RI	----DSM-
Luke 6:47	ἐστὶν	εἰμί	V-	3PAI-S--
Luke 6:47	ὅμοιος	ὅμοιος	A-	----NSM-
Luke 6:48	ὅμοιός	ὅμοιος	A-	----NSM-
Luke 6:48	ἐστιν	εἰμί	V-	3PAI-S--
Luke 6:48	ἀνθρώπῳ	ἄνθρωπος	N-	----DSM-
Luke 6:48	οἰκοδομοῦντι	οἰκοδομέω	V-	-PAPDSM-
Luke 6:48	οἰκίαν	οἰκία	N-	----ASF-
Luke 6:48	ὃς	ὅς	RR	----NSM-
Luke 6:48	ἔσκαψεν	σκάπτω	V-	3AAI-S--
Luke 6:48	καὶ	καί	C-	--------
Luke 6:48	ἐβάθυνεν	βαθύνω	V-	3AAI-S--
Luke 6:48	καὶ	καί	C-	--------
Luke 6:48	ἔθηκεν	τίθημι	V-	3AAI-S--
Luke 6:48	θεμέλιον	θεμέλιος	N-	----ASM-
Luke 6:48	ἐπὶ	ἐπί	P-	--------
Luke 6:48	τὴν	ὁ	RA	----ASF-
Luke 6:48	πέτραν	πέτρα	N-	----ASF-
Luke 6:48	πλημμύρης	πλήμμυρα	N-	----GSF-
Luke 6:48	δὲ	δέ	C-	--------
Luke 6:48	γενομένης	γίνομαι	V-	-AMPGSF-
Luke 6:48	προσέρηξεν	προσρήγνυμι	V-	3AAI-S--
Luke 6:48	ὁ	ὁ	RA	----NSM-
Luke 6:48	ποταμὸς	ποταμός	N-	----NSM-
Luke 6:48	τῇ	ὁ	RA	----DSF-
Luke 6:48	οἰκίᾳ	οἰκία	N-	----DSF-
Luke 6:48	ἐκείνῃ	ἐκεῖνος	RD	----DSF-
Luke 6:48	καὶ	καί	C-	--------
Luke 6:48	οὐκ	οὐ	D-	--------
Luke 6:48	ἴσχυσεν	ἰσχύω	V-	3AAI-S--
Luke 6:48	σαλεῦσαι	σαλεύω	V-	-AAN----
Luke 6:48	αὐτὴν	αὐτός	RP	----ASF-
Luke 6:48	διὰ	διά	P-	--------
Luke 6:48	τὸ	ὁ	RA	----ASN-
Luke 6:48	καλῶς	καλῶς	D-	--------
Luke 6:48	οἰκοδομῆσθαι	οἰκοδομέω	V-	-XPN----
Luke 6:48	αὐτήν	αὐτός	RP	----ASF-
Luke 6:49	ὁ	ὁ	RA	----NSM-
Luke 6:49	δὲ	δέ	C-	--------
Luke 6:49	ἀκούσας	ἀκούω	V-	-AAPNSM-
Luke 6:49	καὶ	καί	C-	--------
Luke 6:49	μὴ	μή	D-	--------
Luke 6:49	ποιήσας	ποιέω	V-	-AAPNSM-
Luke 6:49	ὅμοιός	ὅμοιος	A-	----NSM-
Luke 6:49	ἐστιν	εἰμί	V-	3PAI-S--
Luke 6:49	ἀνθρώπῳ	ἄνθρωπος	N-	----DSM-
Luke 6:49	οἰκοδομήσαντι	οἰκοδομέω	V-	-AAPDSM-
Luke 6:49	οἰκίαν	οἰκία	N-	----ASF-
Luke 6:49	ἐπὶ	ἐπί	P-	--------
Luke 6:49	τὴν	ὁ	RA	----ASF-
Luke 6:49	γῆν	γῆ	N-	----ASF-
Luke 6:49	χωρὶς	χωρίς	P-	--------
Luke 6:49	θεμελίου	θεμέλιος	N-	----GSM-
Luke 6:49	ᾗ	ὅς	RR	----DSF-
Luke 6:49	προσέρηξεν	προσρήγνυμι	V-	3AAI-S--
Luke 6:49	ὁ	ὁ	RA	----NSM-
Luke 6:49	ποταμός	ποταμός	N-	----NSM-
Luke 6:49	καὶ	καί	C-	--------
Luke 6:49	εὐθὺς	εὐθύς	A-	----NSM-
Luke 6:49	συνέπεσεν	συμπίπτω	V-	3AAI-S--
Luke 6:49	καὶ	καί	C-	--------
Luke 6:49	ἐγένετο	γίνομαι	V-	3AMI-S--
Luke 6:49	τὸ	ὁ	RA	----NSN-
Luke 6:49	ῥῆγμα	ῥῆγμα	N-	----NSN-
Luke 6:49	τῆς	ὁ	RA	----GSF-
Luke 6:49	οἰκίας	οἰκία	N-	----GSF-
Luke 6:49	ἐκείνης	ἐκεῖνος	RD	----GSF-
Luke 6:49	μέγα	μέγας	A-	----NSN-
Luke 7:1	Ἐπειδὴ	ἐπειδή	C-	--------
Luke 7:1	ἐπλήρωσεν	πληρόω	V-	3AAI-S--
Luke 7:1	πάντα	πᾶς	A-	----APN-
Luke 7:1	τὰ	ὁ	RA	----APN-
Luke 7:1	ῥήματα	ῥῆμα	N-	----APN-
Luke 7:1	αὐτοῦ	αὐτός	RP	----GSM-
Luke 7:1	εἰς	εἰς	P-	--------
Luke 7:1	τὰς	ὁ	RA	----APF-
Luke 7:1	ἀκοὰς	ἀκοή	N-	----APF-
Luke 7:1	τοῦ	ὁ	RA	----GSM-
Luke 7:1	λαοῦ	λαός	N-	----GSM-
Luke 7:1	εἰσῆλθεν	εἰσέρχομαι	V-	3AAI-S--
Luke 7:1	εἰς	εἰς	P-	--------
Luke 7:1	Καφαρναούμ	Καφαρναούμ	N-	----ASF-
Luke 7:2	Ἑκατοντάρχου	ἑκατοντάρχης	N-	----GSM-
Luke 7:2	δέ	δέ	C-	--------
Luke 7:2	τινος	τις	RI	----GSM-
Luke 7:2	δοῦλος	δοῦλος	N-	----NSM-
Luke 7:2	κακῶς	κακῶς	D-	--------
Luke 7:2	ἔχων	ἔχω	V-	-PAPNSM-
Luke 7:2	ἤμελλεν	μέλλω	V-	3IAI-S--
Luke 7:2	τελευτᾶν	τελευτάω	V-	-PAN----
Luke 7:2	ὃς	ὅς	RR	----NSM-
Luke 7:2	ἦν	εἰμί	V-	3IAI-S--
Luke 7:2	αὐτῷ	αὐτός	RP	----DSM-
Luke 7:2	ἔντιμος	ἔντιμος	A-	----NSM-
Luke 7:3	ἀκούσας	ἀκούω	V-	-AAPNSM-
Luke 7:3	δὲ	δέ	C-	--------
Luke 7:3	περὶ	περί	P-	--------
Luke 7:3	τοῦ	ὁ	RA	----GSM-
Luke 7:3	Ἰησοῦ	Ἰησοῦς	N-	----GSM-
Luke 7:3	ἀπέστειλεν	ἀποστέλλω	V-	3AAI-S--
Luke 7:3	πρὸς	πρός	P-	--------
Luke 7:3	αὐτὸν	αὐτός	RP	----ASM-
Luke 7:3	πρεσβυτέρους	πρεσβύτερος	A-	----APM-
Luke 7:3	τῶν	ὁ	RA	----GPM-
Luke 7:3	Ἰουδαίων	Ἰουδαῖος	A-	----GPM-
Luke 7:3	ἐρωτῶν	ἐρωτάω	V-	-PAPNSM-
Luke 7:3	αὐτὸν	αὐτός	RP	----ASM-
Luke 7:3	ὅπως	ὅπως	C-	--------
Luke 7:3	ἐλθὼν	ἔρχομαι	V-	-AAPNSM-
Luke 7:3	διασώσῃ	διασῴζω	V-	3AAS-S--
Luke 7:3	τὸν	ὁ	RA	----ASM-
Luke 7:3	δοῦλον	δοῦλος	N-	----ASM-
Luke 7:3	αὐτοῦ	αὐτός	RP	----GSM-
Luke 7:4	οἱ	ὁ	RA	----NPM-
Luke 7:4	δὲ	δέ	C-	--------
Luke 7:4	παραγενόμενοι	παραγίνομαι	V-	-AMPNPM-
Luke 7:4	πρὸς	πρός	P-	--------
Luke 7:4	τὸν	ὁ	RA	----ASM-
Luke 7:4	Ἰησοῦν	Ἰησοῦς	N-	----ASM-
Luke 7:4	παρεκάλουν	παρακαλέω	V-	3IAI-P--
Luke 7:4	αὐτὸν	αὐτός	RP	----ASM-
Luke 7:4	σπουδαίως	σπουδαίως	D-	--------
Luke 7:4	λέγοντες	λέγω	V-	-PAPNPM-
Luke 7:4	ὅτι	ὅτι	C-	--------
Luke 7:4	Ἄξιός	ἄξιος	A-	----NSM-
Luke 7:4	ἐστιν	εἰμί	V-	3PAI-S--
Luke 7:4	ᾧ	ὅς	RR	----DSM-
Luke 7:4	παρέξῃ	παρέχω	V-	2FMI-S--
Luke 7:4	τοῦτο	οὗτος	RD	----ASN-
Luke 7:5	ἀγαπᾷ	ἀγαπάω	V-	3PAI-S--
Luke 7:5	γὰρ	γάρ	C-	--------
Luke 7:5	τὸ	ὁ	RA	----ASN-
Luke 7:5	ἔθνος	ἔθνος	N-	----ASN-
Luke 7:5	ἡμῶν	ἐγώ	RP	----GP--
Luke 7:5	καὶ	καί	C-	--------
Luke 7:5	τὴν	ὁ	RA	----ASF-
Luke 7:5	συναγωγὴν	συναγωγή	N-	----ASF-
Luke 7:5	αὐτὸς	αὐτός	RP	----NSM-
Luke 7:5	ᾠκοδόμησεν	οἰκοδομέω	V-	3AAI-S--
Luke 7:5	ἡμῖν	ἐγώ	RP	----DP--
Luke 7:6	ὁ	ὁ	RA	----NSM-
Luke 7:6	δὲ	δέ	C-	--------
Luke 7:6	Ἰησοῦς	Ἰησοῦς	N-	----NSM-
Luke 7:6	ἐπορεύετο	πορεύομαι	V-	3IMI-S--
Luke 7:6	σὺν	σύν	P-	--------
Luke 7:6	αὐτοῖς	αὐτός	RP	----DPM-
Luke 7:6	ἤδη	ἤδη	D-	--------
Luke 7:6	δὲ	δέ	C-	--------
Luke 7:6	αὐτοῦ	αὐτός	RP	----GSM-
Luke 7:6	οὐ	οὐ	D-	--------
Luke 7:6	μακρὰν	μακράν	D-	--------
Luke 7:6	ἀπέχοντος	ἀπέχω	V-	-PAPGSM-
Luke 7:6	ἀπὸ	ἀπό	P-	--------
Luke 7:6	τῆς	ὁ	RA	----GSF-
Luke 7:6	οἰκίας	οἰκία	N-	----GSF-
Luke 7:6	ἔπεμψεν	πέμπω	V-	3AAI-S--
Luke 7:6	φίλους	φίλος	A-	----APM-
Luke 7:6	ὁ	ὁ	RA	----NSM-
Luke 7:6	ἑκατοντάρχης	ἑκατοντάρχης	N-	----NSM-
Luke 7:6	λέγων	λέγω	V-	-PAPNSM-
Luke 7:6	αὐτῷ	αὐτός	RP	----DSM-
Luke 7:6	Κύριε	κύριος	N-	----VSM-
Luke 7:6	μὴ	μή	D-	--------
Luke 7:6	σκύλλου	σκύλλω	V-	2PPD-S--
Luke 7:6	οὐ	οὐ	D-	--------
Luke 7:6	γὰρ	γάρ	C-	--------
Luke 7:6	ἱκανός	ἱκανός	A-	----NSM-
Luke 7:6	εἰμι	εἰμί	V-	1PAI-S--
Luke 7:6	ἵνα	ἵνα	C-	--------
Luke 7:6	ὑπὸ	ὑπό	P-	--------
Luke 7:6	τὴν	ὁ	RA	----ASF-
Luke 7:6	στέγην	στέγη	N-	----ASF-
Luke 7:6	μου	ἐγώ	RP	----GS--
Luke 7:6	εἰσέλθῃς	εἰσέρχομαι	V-	2AAS-S--
Luke 7:7	διὸ	διό	C-	--------
Luke 7:7	οὐδὲ	οὐδέ	D-	--------
Luke 7:7	ἐμαυτὸν	ἐμαυτοῦ	RP	----ASM-
Luke 7:7	ἠξίωσα	ἀξιόω	V-	1AAI-S--
Luke 7:7	πρὸς	πρός	P-	--------
Luke 7:7	σὲ	σύ	RP	----AS--
Luke 7:7	ἐλθεῖν	ἔρχομαι	V-	-AAN----
Luke 7:7	ἀλλὰ	ἀλλά	C-	--------
Luke 7:7	εἰπὲ	λέγω	V-	2AAD-S--
Luke 7:7	λόγῳ	λόγος	N-	----DSM-
Luke 7:7	καὶ	καί	C-	--------
Luke 7:7	ἰαθήτω	ἰάομαι	V-	3APD-S--
Luke 7:7	ὁ	ὁ	RA	----NSM-
Luke 7:7	παῖς	παῖς	N-	----NSM-
Luke 7:7	μου	ἐγώ	RP	----GS--
Luke 7:8	καὶ	καί	D-	--------
Luke 7:8	γὰρ	γάρ	C-	--------
Luke 7:8	ἐγὼ	ἐγώ	RP	----NS--
Luke 7:8	ἄνθρωπός	ἄνθρωπος	N-	----NSM-
Luke 7:8	εἰμι	εἰμί	V-	1PAI-S--
Luke 7:8	ὑπὸ	ὑπό	P-	--------
Luke 7:8	ἐξουσίαν	ἐξουσία	N-	----ASF-
Luke 7:8	τασσόμενος	τάσσω	V-	-PPPNSM-
Luke 7:8	ἔχων	ἔχω	V-	-PAPNSM-
Luke 7:8	ὑπ’	ὑπό	P-	--------
Luke 7:8	ἐμαυτὸν	ἐμαυτοῦ	RP	----ASM-
Luke 7:8	στρατιώτας	στρατιώτης	N-	----APM-
Luke 7:8	καὶ	καί	C-	--------
Luke 7:8	λέγω	λέγω	V-	1PAI-S--
Luke 7:8	τούτῳ	οὗτος	RD	----DSM-
Luke 7:8	Πορεύθητι	πορεύομαι	V-	2APD-S--
Luke 7:8	καὶ	καί	C-	--------
Luke 7:8	πορεύεται	πορεύομαι	V-	3PMI-S--
Luke 7:8	καὶ	καί	C-	--------
Luke 7:8	ἄλλῳ	ἄλλος	A-	----DSM-
Luke 7:8	Ἔρχου	ἔρχομαι	V-	2PMD-S--
Luke 7:8	καὶ	καί	C-	--------
Luke 7:8	ἔρχεται	ἔρχομαι	V-	3PMI-S--
Luke 7:8	καὶ	καί	C-	--------
Luke 7:8	τῷ	ὁ	RA	----DSM-
Luke 7:8	δούλῳ	δοῦλος	N-	----DSM-
Luke 7:8	μου	ἐγώ	RP	----GS--
Luke 7:8	Ποίησον	ποιέω	V-	2AAD-S--
Luke 7:8	τοῦτο	οὗτος	RD	----ASN-
Luke 7:8	καὶ	καί	C-	--------
Luke 7:8	ποιεῖ	ποιέω	V-	3PAI-S--
Luke 7:9	ἀκούσας	ἀκούω	V-	-AAPNSM-
Luke 7:9	δὲ	δέ	C-	--------
Luke 7:9	ταῦτα	οὗτος	RD	----APN-
Luke 7:9	ὁ	ὁ	RA	----NSM-
Luke 7:9	Ἰησοῦς	Ἰησοῦς	N-	----NSM-
Luke 7:9	ἐθαύμασεν	θαυμάζω	V-	3AAI-S--
Luke 7:9	αὐτόν	αὐτός	RP	----ASM-
Luke 7:9	καὶ	καί	C-	--------
Luke 7:9	στραφεὶς	στρέφω	V-	-APPNSM-
Luke 7:9	τῷ	ὁ	RA	----DSM-
Luke 7:9	ἀκολουθοῦντι	ἀκολουθέω	V-	-PAPDSM-
Luke 7:9	αὐτῷ	αὐτός	RP	----DSM-
Luke 7:9	ὄχλῳ	ὄχλος	N-	----DSM-
Luke 7:9	εἶπεν	λέγω	V-	3AAI-S--
Luke 7:9	Λέγω	λέγω	V-	1PAI-S--
Luke 7:9	ὑμῖν	σύ	RP	----DP--
Luke 7:9	οὐδὲ	οὐδέ	D-	--------
Luke 7:9	ἐν	ἐν	P-	--------
Luke 7:9	τῷ	ὁ	RA	----DSM-
Luke 7:9	Ἰσραὴλ	Ἰσραήλ	N-	----DSM-
Luke 7:9	τοσαύτην	τοσοῦτος	RD	----ASF-
Luke 7:9	πίστιν	πίστις	N-	----ASF-
Luke 7:9	εὗρον	εὑρίσκω	V-	1AAI-S--
Luke 7:10	καὶ	καί	C-	--------
Luke 7:10	ὑποστρέψαντες	ὑποστρέφω	V-	-AAPNPM-
Luke 7:10	εἰς	εἰς	P-	--------
Luke 7:10	τὸν	ὁ	RA	----ASM-
Luke 7:10	οἶκον	οἶκος	N-	----ASM-
Luke 7:10	οἱ	ὁ	RA	----NPM-
Luke 7:10	πεμφθέντες	πέμπω	V-	-APPNPM-
Luke 7:10	εὗρον	εὑρίσκω	V-	3AAI-P--
Luke 7:10	τὸν	ὁ	RA	----ASM-
Luke 7:10	δοῦλον	δοῦλος	N-	----ASM-
Luke 7:10	ὑγιαίνοντα	ὑγιαίνω	V-	-PAPASM-
Luke 7:11	Καὶ	καί	C-	--------
Luke 7:11	ἐγένετο	γίνομαι	V-	3AMI-S--
Luke 7:11	ἐν	ἐν	P-	--------
Luke 7:11	τῷ	ὁ	RA	----DSM-
Luke 7:11	ἑξῆς	ἑξῆς	D-	--------
Luke 7:11	ἐπορεύθη	πορεύομαι	V-	3API-S--
Luke 7:11	εἰς	εἰς	P-	--------
Luke 7:11	πόλιν	πόλις	N-	----ASF-
Luke 7:11	καλουμένην	καλέω	V-	-PPPASF-
Luke 7:11	Ναΐν	Ναΐν	N-	----ASF-
Luke 7:11	καὶ	καί	C-	--------
Luke 7:11	συνεπορεύοντο	συμπορεύομαι	V-	3IMI-P--
Luke 7:11	αὐτῷ	αὐτός	RP	----DSM-
Luke 7:11	οἱ	ὁ	RA	----NPM-
Luke 7:11	μαθηταὶ	μαθητής	N-	----NPM-
Luke 7:11	αὐτοῦ	αὐτός	RP	----GSM-
Luke 7:11	καὶ	καί	C-	--------
Luke 7:11	ὄχλος	ὄχλος	N-	----NSM-
Luke 7:11	πολύς	πολύς	A-	----NSM-
Luke 7:12	ὡς	ὡς	C-	--------
Luke 7:12	δὲ	δέ	C-	--------
Luke 7:12	ἤγγισεν	ἐγγίζω	V-	3AAI-S--
Luke 7:12	τῇ	ὁ	RA	----DSF-
Luke 7:12	πύλῃ	πύλη	N-	----DSF-
Luke 7:12	τῆς	ὁ	RA	----GSF-
Luke 7:12	πόλεως	πόλις	N-	----GSF-
Luke 7:12	καὶ	καί	C-	--------
Luke 7:12	ἰδοὺ	ἰδού	X-	--------
Luke 7:12	ἐξεκομίζετο	ἐκκομίζω	V-	3IPI-S--
Luke 7:12	τεθνηκὼς	θνῄσκω	V-	-XAPNSM-
Luke 7:12	μονογενὴς	μονογενής	A-	----NSM-
Luke 7:12	υἱὸς	υἱός	N-	----NSM-
Luke 7:12	τῇ	ὁ	RA	----DSF-
Luke 7:12	μητρὶ	μήτηρ	N-	----DSF-
Luke 7:12	αὐτοῦ	αὐτός	RP	----GSM-
Luke 7:12	καὶ	καί	C-	--------
Luke 7:12	αὐτὴ	αὐτός	RP	----NSF-
Luke 7:12	ἦν	εἰμί	V-	3IAI-S--
Luke 7:12	χήρα	χήρα	A-	----NSF-
Luke 7:12	καὶ	καί	C-	--------
Luke 7:12	ὄχλος	ὄχλος	N-	----NSM-
Luke 7:12	τῆς	ὁ	RA	----GSF-
Luke 7:12	πόλεως	πόλις	N-	----GSF-
Luke 7:12	ἱκανὸς	ἱκανός	A-	----NSM-
Luke 7:12	ἦν	εἰμί	V-	3IAI-S--
Luke 7:12	σὺν	σύν	P-	--------
Luke 7:12	αὐτῇ	αὐτός	RP	----DSF-
Luke 7:13	καὶ	καί	C-	--------
Luke 7:13	ἰδὼν	ὁράω	V-	-AAPNSM-
Luke 7:13	αὐτὴν	αὐτός	RP	----ASF-
Luke 7:13	ὁ	ὁ	RA	----NSM-
Luke 7:13	κύριος	κύριος	N-	----NSM-
Luke 7:13	ἐσπλαγχνίσθη	σπλαγχνίζομαι	V-	3API-S--
Luke 7:13	ἐπ’	ἐπί	P-	--------
Luke 7:13	αὐτῇ	αὐτός	RP	----DSF-
Luke 7:13	καὶ	καί	C-	--------
Luke 7:13	εἶπεν	λέγω	V-	3AAI-S--
Luke 7:13	αὐτῇ	αὐτός	RP	----DSF-
Luke 7:13	Μὴ	μή	D-	--------
Luke 7:13	κλαῖε	κλαίω	V-	2PAD-S--
Luke 7:14	καὶ	καί	C-	--------
Luke 7:14	προσελθὼν	προσέρχομαι	V-	-AAPNSM-
Luke 7:14	ἥψατο	ἅπτω	V-	3AMI-S--
Luke 7:14	τῆς	ὁ	RA	----GSF-
Luke 7:14	σοροῦ	σορός	N-	----GSF-
Luke 7:14	οἱ	ὁ	RA	----NPM-
Luke 7:14	δὲ	δέ	C-	--------
Luke 7:14	βαστάζοντες	βαστάζω	V-	-PAPNPM-
Luke 7:14	ἔστησαν	ἵστημι	V-	3AAI-P--
Luke 7:14	καὶ	καί	C-	--------
Luke 7:14	εἶπεν	λέγω	V-	3AAI-S--
Luke 7:14	Νεανίσκε	νεανίσκος	N-	----VSM-
Luke 7:14	σοὶ	σύ	RP	----DS--
Luke 7:14	λέγω	λέγω	V-	1PAI-S--
Luke 7:14	ἐγέρθητι	ἐγείρω	V-	2APD-S--
Luke 7:15	καὶ	καί	C-	--------
Luke 7:15	ἀνεκάθισεν	ἀνακαθίζω	V-	3AAI-S--
Luke 7:15	ὁ	ὁ	RA	----NSM-
Luke 7:15	νεκρὸς	νεκρός	A-	----NSM-
Luke 7:15	καὶ	καί	C-	--------
Luke 7:15	ἤρξατο	ἄρχω	V-	3AMI-S--
Luke 7:15	λαλεῖν	λαλέω	V-	-PAN----
Luke 7:15	καὶ	καί	C-	--------
Luke 7:15	ἔδωκεν	δίδωμι	V-	3AAI-S--
Luke 7:15	αὐτὸν	αὐτός	RP	----ASM-
Luke 7:15	τῇ	ὁ	RA	----DSF-
Luke 7:15	μητρὶ	μήτηρ	N-	----DSF-
Luke 7:15	αὐτοῦ	αὐτός	RP	----GSM-
Luke 7:16	ἔλαβεν	λαμβάνω	V-	3AAI-S--
Luke 7:16	δὲ	δέ	C-	--------
Luke 7:16	φόβος	φόβος	N-	----NSM-
Luke 7:16	πάντας	πᾶς	A-	----APM-
Luke 7:16	καὶ	καί	C-	--------
Luke 7:16	ἐδόξαζον	δοξάζω	V-	3IAI-P--
Luke 7:16	τὸν	ὁ	RA	----ASM-
Luke 7:16	θεὸν	θεός	N-	----ASM-
Luke 7:16	λέγοντες	λέγω	V-	-PAPNPM-
Luke 7:16	ὅτι	ὅτι	C-	--------
Luke 7:16	Προφήτης	προφήτης	N-	----NSM-
Luke 7:16	μέγας	μέγας	A-	----NSM-
Luke 7:16	ἠγέρθη	ἐγείρω	V-	3API-S--
Luke 7:16	ἐν	ἐν	P-	--------
Luke 7:16	ἡμῖν	ἐγώ	RP	----DP--
Luke 7:16	καὶ	καί	C-	--------
Luke 7:16	ὅτι	ὅτι	C-	--------
Luke 7:16	Ἐπεσκέψατο	ἐπισκέπτομαι	V-	3AMI-S--
Luke 7:16	ὁ	ὁ	RA	----NSM-
Luke 7:16	θεὸς	θεός	N-	----NSM-
Luke 7:16	τὸν	ὁ	RA	----ASM-
Luke 7:16	λαὸν	λαός	N-	----ASM-
Luke 7:16	αὐτοῦ	αὐτός	RP	----GSM-
Luke 7:17	καὶ	καί	C-	--------
Luke 7:17	ἐξῆλθεν	ἐξέρχομαι	V-	3AAI-S--
Luke 7:17	ὁ	ὁ	RA	----NSM-
Luke 7:17	λόγος	λόγος	N-	----NSM-
Luke 7:17	οὗτος	οὗτος	RD	----NSM-
Luke 7:17	ἐν	ἐν	P-	--------
Luke 7:17	ὅλῃ	ὅλος	A-	----DSF-
Luke 7:17	τῇ	ὁ	RA	----DSF-
Luke 7:17	Ἰουδαίᾳ	Ἰουδαία	N-	----DSF-
Luke 7:17	περὶ	περί	P-	--------
Luke 7:17	αὐτοῦ	αὐτός	RP	----GSM-
Luke 7:17	καὶ	καί	C-	--------
Luke 7:17	πάσῃ	πᾶς	A-	----DSF-
Luke 7:17	τῇ	ὁ	RA	----DSF-
Luke 7:17	περιχώρῳ	περίχωρος	A-	----DSF-
Luke 7:18	Καὶ	καί	C-	--------
Luke 7:18	ἀπήγγειλαν	ἀπαγγέλλω	V-	3AAI-P--
Luke 7:18	Ἰωάννῃ	Ἰωάννης	N-	----DSM-
Luke 7:18	οἱ	ὁ	RA	----NPM-
Luke 7:18	μαθηταὶ	μαθητής	N-	----NPM-
Luke 7:18	αὐτοῦ	αὐτός	RP	----GSM-
Luke 7:18	περὶ	περί	P-	--------
Luke 7:18	πάντων	πᾶς	A-	----GPN-
Luke 7:18	τούτων	οὗτος	RD	----GPN-
Luke 7:18	καὶ	καί	C-	--------
Luke 7:18	προσκαλεσάμενος	προσκαλέομαι	V-	-AMPNSM-
Luke 7:18	δύο	δύο	A-	----APM-
Luke 7:18	τινὰς	τις	RI	----APM-
Luke 7:18	τῶν	ὁ	RA	----GPM-
Luke 7:18	μαθητῶν	μαθητής	N-	----GPM-
Luke 7:18	αὐτοῦ	αὐτός	RP	----GSM-
Luke 7:18	ὁ	ὁ	RA	----NSM-
Luke 7:18	Ἰωάννης	Ἰωάννης	N-	----NSM-
Luke 7:19	ἔπεμψεν	πέμπω	V-	3AAI-S--
Luke 7:19	πρὸς	πρός	P-	--------
Luke 7:19	τὸν	ὁ	RA	----ASM-
Luke 7:19	κύριον	κύριος	N-	----ASM-
Luke 7:19	λέγων	λέγω	V-	-PAPNSM-
Luke 7:19	Σὺ	σύ	RP	----NS--
Luke 7:19	εἶ	εἰμί	V-	2PAI-S--
Luke 7:19	ὁ	ὁ	RA	----NSM-
Luke 7:19	ἐρχόμενος	ἔρχομαι	V-	-PMPNSM-
Luke 7:19	ἢ	ἤ	C-	--------
Luke 7:19	ἄλλον	ἄλλος	A-	----ASM-
Luke 7:19	προσδοκῶμεν	προσδοκάω	V-	1PAI-P--
Luke 7:20	παραγενόμενοι	παραγίνομαι	V-	-AMPNPM-
Luke 7:20	δὲ	δέ	C-	--------
Luke 7:20	πρὸς	πρός	P-	--------
Luke 7:20	αὐτὸν	αὐτός	RP	----ASM-
Luke 7:20	οἱ	ὁ	RA	----NPM-
Luke 7:20	ἄνδρες	ἀνήρ	N-	----NPM-
Luke 7:20	εἶπαν	λέγω	V-	3AAI-P--
Luke 7:20	Ἰωάννης	Ἰωάννης	N-	----NSM-
Luke 7:20	ὁ	ὁ	RA	----NSM-
Luke 7:20	βαπτιστὴς	βαπτιστής	N-	----NSM-
Luke 7:20	ἀπέστειλεν	ἀποστέλλω	V-	3AAI-S--
Luke 7:20	ἡμᾶς	ἐγώ	RP	----AP--
Luke 7:20	πρὸς	πρός	P-	--------
Luke 7:20	σὲ	σύ	RP	----AS--
Luke 7:20	λέγων	λέγω	V-	-PAPNSM-
Luke 7:20	Σὺ	σύ	RP	----NS--
Luke 7:20	εἶ	εἰμί	V-	2PAI-S--
Luke 7:20	ὁ	ὁ	RA	----NSM-
Luke 7:20	ἐρχόμενος	ἔρχομαι	V-	-PMPNSM-
Luke 7:20	ἢ	ἤ	C-	--------
Luke 7:20	ἄλλον	ἄλλος	A-	----ASM-
Luke 7:20	προσδοκῶμεν	προσδοκάω	V-	1PAI-P--
Luke 7:21	ἐν	ἐν	P-	--------
Luke 7:21	ἐκείνῃ	ἐκεῖνος	RD	----DSF-
Luke 7:21	τῇ	ὁ	RA	----DSF-
Luke 7:21	ὥρᾳ	ὥρα	N-	----DSF-
Luke 7:21	ἐθεράπευσεν	θεραπεύω	V-	3AAI-S--
Luke 7:21	πολλοὺς	πολύς	A-	----APM-
Luke 7:21	ἀπὸ	ἀπό	P-	--------
Luke 7:21	νόσων	νόσος	N-	----GPF-
Luke 7:21	καὶ	καί	C-	--------
Luke 7:21	μαστίγων	μάστιξ	N-	----GPF-
Luke 7:21	καὶ	καί	C-	--------
Luke 7:21	πνευμάτων	πνεῦμα	N-	----GPN-
Luke 7:21	πονηρῶν	πονηρός	A-	----GPN-
Luke 7:21	καὶ	καί	C-	--------
Luke 7:21	τυφλοῖς	τυφλός	A-	----DPM-
Luke 7:21	πολλοῖς	πολύς	A-	----DPM-
Luke 7:21	ἐχαρίσατο	χαρίζομαι	V-	3AMI-S--
Luke 7:21	βλέπειν	βλέπω	V-	-PAN----
Luke 7:22	καὶ	καί	C-	--------
Luke 7:22	ἀποκριθεὶς	ἀποκρίνομαι	V-	-APPNSM-
Luke 7:22	εἶπεν	λέγω	V-	3AAI-S--
Luke 7:22	αὐτοῖς	αὐτός	RP	----DPM-
Luke 7:22	Πορευθέντες	πορεύομαι	V-	-APPNPM-
Luke 7:22	ἀπαγγείλατε	ἀπαγγέλλω	V-	2AAD-P--
Luke 7:22	Ἰωάννῃ	Ἰωάννης	N-	----DSM-
Luke 7:22	ἃ	ὅς	RR	----APN-
Luke 7:22	εἴδετε	ὁράω	V-	2AAI-P--
Luke 7:22	καὶ	καί	C-	--------
Luke 7:22	ἠκούσατε	ἀκούω	V-	2AAI-P--
Luke 7:22	τυφλοὶ	τυφλός	A-	----NPM-
Luke 7:22	ἀναβλέπουσιν	ἀναβλέπω	V-	3PAI-P--
Luke 7:22	χωλοὶ	χωλός	A-	----NPM-
Luke 7:22	περιπατοῦσιν	περιπατέω	V-	3PAI-P--
Luke 7:22	λεπροὶ	λεπρός	A-	----NPM-
Luke 7:22	καθαρίζονται	καθαρίζω	V-	3PPI-P--
Luke 7:22	κωφοὶ	κωφός	A-	----NPM-
Luke 7:22	ἀκούουσιν	ἀκούω	V-	3PAI-P--
Luke 7:22	νεκροὶ	νεκρός	A-	----NPM-
Luke 7:22	ἐγείρονται	ἐγείρω	V-	3PPI-P--
Luke 7:22	πτωχοὶ	πτωχός	A-	----NPM-
Luke 7:22	εὐαγγελίζονται	εὐαγγελίζω	V-	3PPI-P--
Luke 7:23	καὶ	καί	C-	--------
Luke 7:23	μακάριός	μακάριος	A-	----NSM-
Luke 7:23	ἐστιν	εἰμί	V-	3PAI-S--
Luke 7:23	ὃς	ὅς	RR	----NSM-
Luke 7:23	ἐὰν	ἐάν	X-	--------
Luke 7:23	μὴ	μή	D-	--------
Luke 7:23	σκανδαλισθῇ	σκανδαλίζω	V-	3APS-S--
Luke 7:23	ἐν	ἐν	P-	--------
Luke 7:23	ἐμοί	ἐγώ	RP	----DS--
Luke 7:24	Ἀπελθόντων	ἀπέρχομαι	V-	-AAPGPM-
Luke 7:24	δὲ	δέ	C-	--------
Luke 7:24	τῶν	ὁ	RA	----GPM-
Luke 7:24	ἀγγέλων	ἄγγελος	N-	----GPM-
Luke 7:24	Ἰωάννου	Ἰωάννης	N-	----GSM-
Luke 7:24	ἤρξατο	ἄρχω	V-	3AMI-S--
Luke 7:24	λέγειν	λέγω	V-	-PAN----
Luke 7:24	πρὸς	πρός	P-	--------
Luke 7:24	τοὺς	ὁ	RA	----APM-
Luke 7:24	ὄχλους	ὄχλος	N-	----APM-
Luke 7:24	περὶ	περί	P-	--------
Luke 7:24	Ἰωάννου	Ἰωάννης	N-	----GSM-
Luke 7:24	Τί	τίς	RI	----ASN-
Luke 7:24	ἐξήλθατε	ἐξέρχομαι	V-	2AAI-P--
Luke 7:24	εἰς	εἰς	P-	--------
Luke 7:24	τὴν	ὁ	RA	----ASF-
Luke 7:24	ἔρημον	ἔρημος	A-	----ASF-
Luke 7:24	θεάσασθαι	θεάομαι	V-	-AMN----
Luke 7:24	κάλαμον	κάλαμος	N-	----ASM-
Luke 7:24	ὑπὸ	ὑπό	P-	--------
Luke 7:24	ἀνέμου	ἄνεμος	N-	----GSM-
Luke 7:24	σαλευόμενον	σαλεύω	V-	-PPPASM-
Luke 7:25	ἀλλὰ	ἀλλά	C-	--------
Luke 7:25	τί	τίς	RI	----ASN-
Luke 7:25	ἐξήλθατε	ἐξέρχομαι	V-	2AAI-P--
Luke 7:25	ἰδεῖν	ὁράω	V-	-AAN----
Luke 7:25	ἄνθρωπον	ἄνθρωπος	N-	----ASM-
Luke 7:25	ἐν	ἐν	P-	--------
Luke 7:25	μαλακοῖς	μαλακός	A-	----DPN-
Luke 7:25	ἱματίοις	ἱμάτιον	N-	----DPN-
Luke 7:25	ἠμφιεσμένον	ἀμφιέννυμι	V-	-XPPASM-
Luke 7:25	ἰδοὺ	ἰδού	X-	--------
Luke 7:25	οἱ	ὁ	RA	----NPM-
Luke 7:25	ἐν	ἐν	P-	--------
Luke 7:25	ἱματισμῷ	ἱματισμός	N-	----DSM-
Luke 7:25	ἐνδόξῳ	ἔνδοξος	A-	----DSM-
Luke 7:25	καὶ	καί	C-	--------
Luke 7:25	τρυφῇ	τρυφή	N-	----DSF-
Luke 7:25	ὑπάρχοντες	ὑπάρχω	V-	-PAPNPM-
Luke 7:25	ἐν	ἐν	P-	--------
Luke 7:25	τοῖς	ὁ	RA	----DPN-
Luke 7:25	βασιλείοις	βασίλειον	A-	----DPN-
Luke 7:25	εἰσίν	εἰμί	V-	3PAI-P--
Luke 7:26	ἀλλὰ	ἀλλά	C-	--------
Luke 7:26	τί	τίς	RI	----ASN-
Luke 7:26	ἐξήλθατε	ἐξέρχομαι	V-	2AAI-P--
Luke 7:26	ἰδεῖν	ὁράω	V-	-AAN----
Luke 7:26	προφήτην	προφήτης	N-	----ASM-
Luke 7:26	ναί	ναί	X-	--------
Luke 7:26	λέγω	λέγω	V-	1PAI-S--
Luke 7:26	ὑμῖν	σύ	RP	----DP--
Luke 7:26	καὶ	καί	C-	--------
Luke 7:26	περισσότερον	περισσότερος	A-	----ASMC
Luke 7:26	προφήτου	προφήτης	N-	----GSM-
Luke 7:27	οὗτός	οὗτος	RD	----NSM-
Luke 7:27	ἐστιν	εἰμί	V-	3PAI-S--
Luke 7:27	περὶ	περί	P-	--------
Luke 7:27	οὗ	ὅς	RR	----GSM-
Luke 7:27	γέγραπται	γράφω	V-	3XPI-S--
Luke 7:27	Ἰδοὺ	ἰδού	X-	--------
Luke 7:27	ἀποστέλλω	ἀποστέλλω	V-	1PAI-S--
Luke 7:27	τὸν	ὁ	RA	----ASM-
Luke 7:27	ἄγγελόν	ἄγγελος	N-	----ASM-
Luke 7:27	μου	ἐγώ	RP	----GS--
Luke 7:27	πρὸ	πρό	P-	--------
Luke 7:27	προσώπου	πρόσωπον	N-	----GSN-
Luke 7:27	σου	σύ	RP	----GS--
Luke 7:27	ὃς	ὅς	RR	----NSM-
Luke 7:27	κατασκευάσει	κατασκευάζω	V-	3FAI-S--
Luke 7:27	τὴν	ὁ	RA	----ASF-
Luke 7:27	ὁδόν	ὁδός	N-	----ASF-
Luke 7:27	σου	σύ	RP	----GS--
Luke 7:27	ἔμπροσθέν	ἔμπροσθεν	P-	--------
Luke 7:27	σου	σύ	RP	----GS--
Luke 7:28	λέγω	λέγω	V-	1PAI-S--
Luke 7:28	ὑμῖν	σύ	RP	----DP--
Luke 7:28	μείζων	μέγας	A-	----NSMC
Luke 7:28	ἐν	ἐν	P-	--------
Luke 7:28	γεννητοῖς	γεννητός	A-	----DPM-
Luke 7:28	γυναικῶν	γυνή	N-	----GPF-
Luke 7:28	Ἰωάννου	Ἰωάννης	N-	----GSM-
Luke 7:28	οὐδείς	οὐδείς	A-	----NSM-
Luke 7:28	ἐστιν	εἰμί	V-	3PAI-S--
Luke 7:28	ὁ	ὁ	RA	----NSM-
Luke 7:28	δὲ	δέ	C-	--------
Luke 7:28	μικρότερος	μικρός	A-	----NSMC
Luke 7:28	ἐν	ἐν	P-	--------
Luke 7:28	τῇ	ὁ	RA	----DSF-
Luke 7:28	βασιλείᾳ	βασιλεία	N-	----DSF-
Luke 7:28	τοῦ	ὁ	RA	----GSM-
Luke 7:28	θεοῦ	θεός	N-	----GSM-
Luke 7:28	μείζων	μέγας	A-	----NSMC
Luke 7:28	αὐτοῦ	αὐτός	RP	----GSM-
Luke 7:28	ἐστιν	εἰμί	V-	3PAI-S--
Luke 7:29	καὶ	καί	C-	--------
Luke 7:29	πᾶς	πᾶς	A-	----NSM-
Luke 7:29	ὁ	ὁ	RA	----NSM-
Luke 7:29	λαὸς	λαός	N-	----NSM-
Luke 7:29	ἀκούσας	ἀκούω	V-	-AAPNSM-
Luke 7:29	καὶ	καί	C-	--------
Luke 7:29	οἱ	ὁ	RA	----NPM-
Luke 7:29	τελῶναι	τελώνης	N-	----NPM-
Luke 7:29	ἐδικαίωσαν	δικαιόω	V-	3AAI-P--
Luke 7:29	τὸν	ὁ	RA	----ASM-
Luke 7:29	θεόν	θεός	N-	----ASM-
Luke 7:29	βαπτισθέντες	βαπτίζω	V-	-APPNPM-
Luke 7:29	τὸ	ὁ	RA	----ASN-
Luke 7:29	βάπτισμα	βάπτισμα	N-	----ASN-
Luke 7:29	Ἰωάννου	Ἰωάννης	N-	----GSM-
Luke 7:30	οἱ	ὁ	RA	----NPM-
Luke 7:30	δὲ	δέ	C-	--------
Luke 7:30	Φαρισαῖοι	Φαρισαῖος	N-	----NPM-
Luke 7:30	καὶ	καί	C-	--------
Luke 7:30	οἱ	ὁ	RA	----NPM-
Luke 7:30	νομικοὶ	νομικός	A-	----NPM-
Luke 7:30	τὴν	ὁ	RA	----ASF-
Luke 7:30	βουλὴν	βουλή	N-	----ASF-
Luke 7:30	τοῦ	ὁ	RA	----GSM-
Luke 7:30	θεοῦ	θεός	N-	----GSM-
Luke 7:30	ἠθέτησαν	ἀθετέω	V-	3AAI-P--
Luke 7:30	εἰς	εἰς	P-	--------
Luke 7:30	ἑαυτούς	ἑαυτοῦ	RP	----APM-
Luke 7:30	μὴ	μή	D-	--------
Luke 7:30	βαπτισθέντες	βαπτίζω	V-	-APPNPM-
Luke 7:30	ὑπ’	ὑπό	P-	--------
Luke 7:30	αὐτοῦ	αὐτός	RP	----GSM-
Luke 7:31	Τίνι	τίς	RI	----DSN-
Luke 7:31	οὖν	οὖν	C-	--------
Luke 7:31	ὁμοιώσω	ὁμοιόω	V-	1FAI-S--
Luke 7:31	τοὺς	ὁ	RA	----APM-
Luke 7:31	ἀνθρώπους	ἄνθρωπος	N-	----APM-
Luke 7:31	τῆς	ὁ	RA	----GSF-
Luke 7:31	γενεᾶς	γενεά	N-	----GSF-
Luke 7:31	ταύτης	οὗτος	RD	----GSF-
Luke 7:31	καὶ	καί	C-	--------
Luke 7:31	τίνι	τίς	RI	----DSN-
Luke 7:31	εἰσὶν	εἰμί	V-	3PAI-P--
Luke 7:31	ὅμοιοι	ὅμοιος	A-	----NPM-
Luke 7:32	ὅμοιοί	ὅμοιος	A-	----NPM-
Luke 7:32	εἰσιν	εἰμί	V-	3PAI-P--
Luke 7:32	παιδίοις	παιδίον	N-	----DPN-
Luke 7:32	τοῖς	ὁ	RA	----DPN-
Luke 7:32	ἐν	ἐν	P-	--------
Luke 7:32	ἀγορᾷ	ἀγορά	N-	----DSF-
Luke 7:32	καθημένοις	κάθημαι	V-	-PMPDPN-
Luke 7:32	καὶ	καί	C-	--------
Luke 7:32	προσφωνοῦσιν	προσφωνέω	V-	-PAPDPN-
Luke 7:32	ἀλλήλοις	ἀλλήλων	RP	----DPM-
Luke 7:32	ἃ	ὅς	RR	----NPN-
Luke 7:32	λέγει	λέγω	V-	3PAI-S--
Luke 7:32	Ηὐλήσαμεν	αὐλέω	V-	1AAI-P--
Luke 7:32	ὑμῖν	σύ	RP	----DP--
Luke 7:32	καὶ	καί	C-	--------
Luke 7:32	οὐκ	οὐ	D-	--------
Luke 7:32	ὠρχήσασθε	ὀρχέομαι	V-	2AMI-P--
Luke 7:32	ἐθρηνήσαμεν	θρηνέω	V-	1AAI-P--
Luke 7:32	καὶ	καί	C-	--------
Luke 7:32	οὐκ	οὐ	D-	--------
Luke 7:32	ἐκλαύσατε	κλαίω	V-	2AAI-P--
Luke 7:33	ἐλήλυθεν	ἔρχομαι	V-	3XAI-S--
Luke 7:33	γὰρ	γάρ	C-	--------
Luke 7:33	Ἰωάννης	Ἰωάννης	N-	----NSM-
Luke 7:33	ὁ	ὁ	RA	----NSM-
Luke 7:33	βαπτιστὴς	βαπτιστής	N-	----NSM-
Luke 7:33	μὴ	μή	D-	--------
Luke 7:33	ἐσθίων	ἐσθίω	V-	-PAPNSM-
Luke 7:33	ἄρτον	ἄρτος	N-	----ASM-
Luke 7:33	μήτε	μήτε	C-	--------
Luke 7:33	πίνων	πίνω	V-	-PAPNSM-
Luke 7:33	οἶνον	οἶνος	N-	----ASM-
Luke 7:33	καὶ	καί	C-	--------
Luke 7:33	λέγετε	λέγω	V-	2PAI-P--
Luke 7:33	Δαιμόνιον	δαιμόνιον	N-	----ASN-
Luke 7:33	ἔχει	ἔχω	V-	3PAI-S--
Luke 7:34	ἐλήλυθεν	ἔρχομαι	V-	3XAI-S--
Luke 7:34	ὁ	ὁ	RA	----NSM-
Luke 7:34	υἱὸς	υἱός	N-	----NSM-
Luke 7:34	τοῦ	ὁ	RA	----GSM-
Luke 7:34	ἀνθρώπου	ἄνθρωπος	N-	----GSM-
Luke 7:34	ἐσθίων	ἐσθίω	V-	-PAPNSM-
Luke 7:34	καὶ	καί	C-	--------
Luke 7:34	πίνων	πίνω	V-	-PAPNSM-
Luke 7:34	καὶ	καί	C-	--------
Luke 7:34	λέγετε	λέγω	V-	2PAI-P--
Luke 7:34	Ἰδοὺ	ἰδού	X-	--------
Luke 7:34	ἄνθρωπος	ἄνθρωπος	N-	----NSM-
Luke 7:34	φάγος	φάγος	N-	----NSM-
Luke 7:34	καὶ	καί	C-	--------
Luke 7:34	οἰνοπότης	οἰνοπότης	N-	----NSM-
Luke 7:34	φίλος	φίλος	A-	----NSM-
Luke 7:34	τελωνῶν	τελώνης	N-	----GPM-
Luke 7:34	καὶ	καί	C-	--------
Luke 7:34	ἁμαρτωλῶν	ἁμαρτωλός	A-	----GPM-
Luke 7:35	καὶ	καί	C-	--------
Luke 7:35	ἐδικαιώθη	δικαιόω	V-	3API-S--
Luke 7:35	ἡ	ὁ	RA	----NSF-
Luke 7:35	σοφία	σοφία	N-	----NSF-
Luke 7:35	ἀπὸ	ἀπό	P-	--------
Luke 7:35	πάντων	πᾶς	A-	----GPN-
Luke 7:35	τῶν	ὁ	RA	----GPN-
Luke 7:35	τέκνων	τέκνον	N-	----GPN-
Luke 7:35	αὐτῆς	αὐτός	RP	----GSF-
Luke 7:36	Ἠρώτα	ἐρωτάω	V-	3IAI-S--
Luke 7:36	δέ	δέ	C-	--------
Luke 7:36	τις	τις	RI	----NSM-
Luke 7:36	αὐτὸν	αὐτός	RP	----ASM-
Luke 7:36	τῶν	ὁ	RA	----GPM-
Luke 7:36	Φαρισαίων	Φαρισαῖος	N-	----GPM-
Luke 7:36	ἵνα	ἵνα	C-	--------
Luke 7:36	φάγῃ	ἐσθίω	V-	3AAS-S--
Luke 7:36	μετ’	μετά	P-	--------
Luke 7:36	αὐτοῦ	αὐτός	RP	----GSM-
Luke 7:36	καὶ	καί	C-	--------
Luke 7:36	εἰσελθὼν	εἰσέρχομαι	V-	-AAPNSM-
Luke 7:36	εἰς	εἰς	P-	--------
Luke 7:36	τὸν	ὁ	RA	----ASM-
Luke 7:36	οἶκον	οἶκος	N-	----ASM-
Luke 7:36	τοῦ	ὁ	RA	----GSM-
Luke 7:36	Φαρισαίου	Φαρισαῖος	N-	----GSM-
Luke 7:36	κατεκλίθη	κατακλίνω	V-	3API-S--
Luke 7:37	καὶ	καί	C-	--------
Luke 7:37	ἰδοὺ	ἰδού	X-	--------
Luke 7:37	γυνὴ	γυνή	N-	----NSF-
Luke 7:37	ἥτις	ὅστις	RR	----NSF-
Luke 7:37	ἦν	εἰμί	V-	3IAI-S--
Luke 7:37	ἐν	ἐν	P-	--------
Luke 7:37	τῇ	ὁ	RA	----DSF-
Luke 7:37	πόλει	πόλις	N-	----DSF-
Luke 7:37	ἁμαρτωλός	ἁμαρτωλός	A-	----NSF-
Luke 7:37	καὶ	καί	C-	--------
Luke 7:37	ἐπιγνοῦσα	ἐπιγινώσκω	V-	-AAPNSF-
Luke 7:37	ὅτι	ὅτι	C-	--------
Luke 7:37	κατάκειται	κατάκειμαι	V-	3PMI-S--
Luke 7:37	ἐν	ἐν	P-	--------
Luke 7:37	τῇ	ὁ	RA	----DSF-
Luke 7:37	οἰκίᾳ	οἰκία	N-	----DSF-
Luke 7:37	τοῦ	ὁ	RA	----GSM-
Luke 7:37	Φαρισαίου	Φαρισαῖος	N-	----GSM-
Luke 7:37	κομίσασα	κομίζω	V-	-AAPNSF-
Luke 7:37	ἀλάβαστρον	ἀλάβαστρον	N-	----ASN-
Luke 7:37	μύρου	μύρον	N-	----GSN-
Luke 7:38	καὶ	καί	C-	--------
Luke 7:38	στᾶσα	ἵστημι	V-	-AAPNSF-
Luke 7:38	ὀπίσω	ὀπίσω	D-	--------
Luke 7:38	παρὰ	παρά	P-	--------
Luke 7:38	τοὺς	ὁ	RA	----APM-
Luke 7:38	πόδας	πούς	N-	----APM-
Luke 7:38	αὐτοῦ	αὐτός	RP	----GSM-
Luke 7:38	κλαίουσα	κλαίω	V-	-PAPNSF-
Luke 7:38	τοῖς	ὁ	RA	----DPN-
Luke 7:38	δάκρυσιν	δάκρυον	N-	----DPN-
Luke 7:38	ἤρξατο	ἄρχω	V-	3AMI-S--
Luke 7:38	βρέχειν	βρέχω	V-	-PAN----
Luke 7:38	τοὺς	ὁ	RA	----APM-
Luke 7:38	πόδας	πούς	N-	----APM-
Luke 7:38	αὐτοῦ	αὐτός	RP	----GSM-
Luke 7:38	καὶ	καί	C-	--------
Luke 7:38	ταῖς	ὁ	RA	----DPF-
Luke 7:38	θριξὶν	θρίξ	N-	----DPF-
Luke 7:38	τῆς	ὁ	RA	----GSF-
Luke 7:38	κεφαλῆς	κεφαλή	N-	----GSF-
Luke 7:38	αὐτῆς	αὐτός	RP	----GSF-
Luke 7:38	ἐξέμασσεν	ἐκμάσσω	V-	3IAI-S--
Luke 7:38	καὶ	καί	C-	--------
Luke 7:38	κατεφίλει	καταφιλέω	V-	3IAI-S--
Luke 7:38	τοὺς	ὁ	RA	----APM-
Luke 7:38	πόδας	πούς	N-	----APM-
Luke 7:38	αὐτοῦ	αὐτός	RP	----GSM-
Luke 7:38	καὶ	καί	C-	--------
Luke 7:38	ἤλειφεν	ἀλείφω	V-	3IAI-S--
Luke 7:38	τῷ	ὁ	RA	----DSN-
Luke 7:38	μύρῳ	μύρον	N-	----DSN-
Luke 7:39	ἰδὼν	ὁράω	V-	-AAPNSM-
Luke 7:39	δὲ	δέ	C-	--------
Luke 7:39	ὁ	ὁ	RA	----NSM-
Luke 7:39	Φαρισαῖος	Φαρισαῖος	N-	----NSM-
Luke 7:39	ὁ	ὁ	RA	----NSM-
Luke 7:39	καλέσας	καλέω	V-	-AAPNSM-
Luke 7:39	αὐτὸν	αὐτός	RP	----ASM-
Luke 7:39	εἶπεν	λέγω	V-	3AAI-S--
Luke 7:39	ἐν	ἐν	P-	--------
Luke 7:39	ἑαυτῷ	ἑαυτοῦ	RP	----DSM-
Luke 7:39	λέγων	λέγω	V-	-PAPNSM-
Luke 7:39	Οὗτος	οὗτος	RD	----NSM-
Luke 7:39	εἰ	εἰ	C-	--------
Luke 7:39	ἦν	εἰμί	V-	3IAI-S--
Luke 7:39	προφήτης	προφήτης	N-	----NSM-
Luke 7:39	ἐγίνωσκεν	γινώσκω	V-	3IAI-S--
Luke 7:39	ἂν	ἄν	X-	--------
Luke 7:39	τίς	τίς	RI	----NSF-
Luke 7:39	καὶ	καί	C-	--------
Luke 7:39	ποταπὴ	ποταπός	RI	----NSF-
Luke 7:39	ἡ	ὁ	RA	----NSF-
Luke 7:39	γυνὴ	γυνή	N-	----NSF-
Luke 7:39	ἥτις	ὅστις	RR	----NSF-
Luke 7:39	ἅπτεται	ἅπτω	V-	3PMI-S--
Luke 7:39	αὐτοῦ	αὐτός	RP	----GSM-
Luke 7:39	ὅτι	ὅτι	C-	--------
Luke 7:39	ἁμαρτωλός	ἁμαρτωλός	A-	----NSF-
Luke 7:39	ἐστιν	εἰμί	V-	3PAI-S--
Luke 7:40	καὶ	καί	C-	--------
Luke 7:40	ἀποκριθεὶς	ἀποκρίνομαι	V-	-APPNSM-
Luke 7:40	ὁ	ὁ	RA	----NSM-
Luke 7:40	Ἰησοῦς	Ἰησοῦς	N-	----NSM-
Luke 7:40	εἶπεν	λέγω	V-	3AAI-S--
Luke 7:40	πρὸς	πρός	P-	--------
Luke 7:40	αὐτόν	αὐτός	RP	----ASM-
Luke 7:40	Σίμων	Σίμων	N-	----VSM-
Luke 7:40	ἔχω	ἔχω	V-	1PAI-S--
Luke 7:40	σοί	σύ	RP	----DS--
Luke 7:40	τι	τις	RI	----ASN-
Luke 7:40	εἰπεῖν	λέγω	V-	-AAN----
Luke 7:40	ὁ	ὁ	RA	----NSM-
Luke 7:40	δέ	δέ	C-	--------
Luke 7:40	Διδάσκαλε	διδάσκαλος	N-	----VSM-
Luke 7:40	εἰπέ	λέγω	V-	2AAD-S--
Luke 7:40	φησίν	φημί	V-	3PAI-S--
Luke 7:41	δύο	δύο	A-	----NPM-
Luke 7:41	χρεοφειλέται	χρεοφειλέτης	N-	----NPM-
Luke 7:41	ἦσαν	εἰμί	V-	3IAI-P--
Luke 7:41	δανιστῇ	δανιστής	N-	----DSM-
Luke 7:41	τινι	τις	RI	----DSM-
Luke 7:41	ὁ	ὁ	RA	----NSM-
Luke 7:41	εἷς	εἷς	A-	----NSM-
Luke 7:41	ὤφειλεν	ὀφείλω	V-	3IAI-S--
Luke 7:41	δηνάρια	δηνάριον	N-	----APN-
Luke 7:41	πεντακόσια	πεντακόσιοι	A-	----APN-
Luke 7:41	ὁ	ὁ	RA	----NSM-
Luke 7:41	δὲ	δέ	C-	--------
Luke 7:41	ἕτερος	ἕτερος	A-	----NSM-
Luke 7:41	πεντήκοντα	πεντήκοντα	A-	----APN-
Luke 7:42	μὴ	μή	D-	--------
Luke 7:42	ἐχόντων	ἔχω	V-	-PAPGPM-
Luke 7:42	αὐτῶν	αὐτός	RP	----GPM-
Luke 7:42	ἀποδοῦναι	ἀποδίδωμι	V-	-AAN----
Luke 7:42	ἀμφοτέροις	ἀμφότεροι	A-	----DPM-
Luke 7:42	ἐχαρίσατο	χαρίζομαι	V-	3AMI-S--
Luke 7:42	τίς	τίς	RI	----NSM-
Luke 7:42	οὖν	οὖν	C-	--------
Luke 7:42	αὐτῶν	αὐτός	RP	----GPM-
Luke 7:42	πλεῖον	πολύς	A-	----ASNC
Luke 7:42	ἀγαπήσει	ἀγαπάω	V-	3FAI-S--
Luke 7:42	αὐτόν	αὐτός	RP	----ASM-
Luke 7:43	ἀποκριθεὶς	ἀποκρίνομαι	V-	-APPNSM-
Luke 7:43	Σίμων	Σίμων	N-	----NSM-
Luke 7:43	εἶπεν	λέγω	V-	3AAI-S--
Luke 7:43	Ὑπολαμβάνω	ὑπολαμβάνω	V-	1PAI-S--
Luke 7:43	ὅτι	ὅτι	C-	--------
Luke 7:43	ᾧ	ὅς	RR	----DSM-
Luke 7:43	τὸ	ὁ	RA	----ASN-
Luke 7:43	πλεῖον	πολύς	A-	----ASNC
Luke 7:43	ἐχαρίσατο	χαρίζομαι	V-	3AMI-S--
Luke 7:43	ὁ	ὁ	RA	----NSM-
Luke 7:43	δὲ	δέ	C-	--------
Luke 7:43	εἶπεν	λέγω	V-	3AAI-S--
Luke 7:43	αὐτῷ	αὐτός	RP	----DSM-
Luke 7:43	Ὀρθῶς	ὀρθῶς	D-	--------
Luke 7:43	ἔκρινας	κρίνω	V-	2AAI-S--
Luke 7:44	καὶ	καί	C-	--------
Luke 7:44	στραφεὶς	στρέφω	V-	-APPNSM-
Luke 7:44	πρὸς	πρός	P-	--------
Luke 7:44	τὴν	ὁ	RA	----ASF-
Luke 7:44	γυναῖκα	γυνή	N-	----ASF-
Luke 7:44	τῷ	ὁ	RA	----DSM-
Luke 7:44	Σίμωνι	Σίμων	N-	----DSM-
Luke 7:44	ἔφη	φημί	V-	3IAI-S--
Luke 7:44	Βλέπεις	βλέπω	V-	2PAI-S--
Luke 7:44	ταύτην	οὗτος	RD	----ASF-
Luke 7:44	τὴν	ὁ	RA	----ASF-
Luke 7:44	γυναῖκα	γυνή	N-	----ASF-
Luke 7:44	εἰσῆλθόν	εἰσέρχομαι	V-	1AAI-S--
Luke 7:44	σου	σύ	RP	----GS--
Luke 7:44	εἰς	εἰς	P-	--------
Luke 7:44	τὴν	ὁ	RA	----ASF-
Luke 7:44	οἰκίαν	οἰκία	N-	----ASF-
Luke 7:44	ὕδωρ	ὕδωρ	N-	----ASN-
Luke 7:44	μοι	ἐγώ	RP	----DS--
Luke 7:44	ἐπὶ	ἐπί	P-	--------
Luke 7:44	πόδας	πούς	N-	----APM-
Luke 7:44	οὐκ	οὐ	D-	--------
Luke 7:44	ἔδωκας	δίδωμι	V-	2AAI-S--
Luke 7:44	αὕτη	οὗτος	RD	----NSF-
Luke 7:44	δὲ	δέ	C-	--------
Luke 7:44	τοῖς	ὁ	RA	----DPN-
Luke 7:44	δάκρυσιν	δάκρυον	N-	----DPN-
Luke 7:44	ἔβρεξέν	βρέχω	V-	3AAI-S--
Luke 7:44	μου	ἐγώ	RP	----GS--
Luke 7:44	τοὺς	ὁ	RA	----APM-
Luke 7:44	πόδας	πούς	N-	----APM-
Luke 7:44	καὶ	καί	C-	--------
Luke 7:44	ταῖς	ὁ	RA	----DPF-
Luke 7:44	θριξὶν	θρίξ	N-	----DPF-
Luke 7:44	αὐτῆς	αὐτός	RP	----GSF-
Luke 7:44	ἐξέμαξεν	ἐκμάσσω	V-	3AAI-S--
Luke 7:45	φίλημά	φίλημα	N-	----ASN-
Luke 7:45	μοι	ἐγώ	RP	----DS--
Luke 7:45	οὐκ	οὐ	D-	--------
Luke 7:45	ἔδωκας	δίδωμι	V-	2AAI-S--
Luke 7:45	αὕτη	οὗτος	RD	----NSF-
Luke 7:45	δὲ	δέ	C-	--------
Luke 7:45	ἀφ’	ἀπό	P-	--------
Luke 7:45	ἧς	ὅς	RR	----GSF-
Luke 7:45	εἰσῆλθον	εἰσέρχομαι	V-	1AAI-S--
Luke 7:45	οὐ	οὐ	D-	--------
Luke 7:45	διέλιπεν	διαλείπω	V-	3AAI-S--
Luke 7:45	καταφιλοῦσά	καταφιλέω	V-	-PAPNSF-
Luke 7:45	μου	ἐγώ	RP	----GS--
Luke 7:45	τοὺς	ὁ	RA	----APM-
Luke 7:45	πόδας	πούς	N-	----APM-
Luke 7:46	ἐλαίῳ	ἔλαιον	N-	----DSN-
Luke 7:46	τὴν	ὁ	RA	----ASF-
Luke 7:46	κεφαλήν	κεφαλή	N-	----ASF-
Luke 7:46	μου	ἐγώ	RP	----GS--
Luke 7:46	οὐκ	οὐ	D-	--------
Luke 7:46	ἤλειψας	ἀλείφω	V-	2AAI-S--
Luke 7:46	αὕτη	οὗτος	RD	----NSF-
Luke 7:46	δὲ	δέ	C-	--------
Luke 7:46	μύρῳ	μύρον	N-	----DSN-
Luke 7:46	ἤλειψεν	ἀλείφω	V-	3AAI-S--
Luke 7:46	τοὺς	ὁ	RA	----APM-
Luke 7:46	πόδας	πούς	N-	----APM-
Luke 7:46	μου	ἐγώ	RP	----GS--
Luke 7:47	οὗ	ὅς	RR	----GSN-
Luke 7:47	χάριν	χάριν	P-	--------
Luke 7:47	λέγω	λέγω	V-	1PAI-S--
Luke 7:47	σοι	σύ	RP	----DS--
Luke 7:47	ἀφέωνται	ἀφίημι	V-	3XPI-P--
Luke 7:47	αἱ	ὁ	RA	----NPF-
Luke 7:47	ἁμαρτίαι	ἁμαρτία	N-	----NPF-
Luke 7:47	αὐτῆς	αὐτός	RP	----GSF-
Luke 7:47	αἱ	ὁ	RA	----NPF-
Luke 7:47	πολλαί	πολύς	A-	----NPF-
Luke 7:47	ὅτι	ὅτι	C-	--------
Luke 7:47	ἠγάπησεν	ἀγαπάω	V-	3AAI-S--
Luke 7:47	πολύ	πολύς	A-	----ASN-
Luke 7:47	ᾧ	ὅς	RR	----DSM-
Luke 7:47	δὲ	δέ	C-	--------
Luke 7:47	ὀλίγον	ὀλίγος	A-	----NSN-
Luke 7:47	ἀφίεται	ἀφίημι	V-	3PPI-S--
Luke 7:47	ὀλίγον	ὀλίγος	A-	----ASN-
Luke 7:47	ἀγαπᾷ	ἀγαπάω	V-	3PAI-S--
Luke 7:48	εἶπεν	λέγω	V-	3AAI-S--
Luke 7:48	δὲ	δέ	C-	--------
Luke 7:48	αὐτῇ	αὐτός	RP	----DSF-
Luke 7:48	Ἀφέωνταί	ἀφίημι	V-	3XPI-P--
Luke 7:48	σου	σύ	RP	----GS--
Luke 7:48	αἱ	ὁ	RA	----NPF-
Luke 7:48	ἁμαρτίαι	ἁμαρτία	N-	----NPF-
Luke 7:49	καὶ	καί	C-	--------
Luke 7:49	ἤρξαντο	ἄρχω	V-	3AMI-P--
Luke 7:49	οἱ	ὁ	RA	----NPM-
Luke 7:49	συνανακείμενοι	συνανάκειμαι	V-	-PMPNPM-
Luke 7:49	λέγειν	λέγω	V-	-PAN----
Luke 7:49	ἐν	ἐν	P-	--------
Luke 7:49	ἑαυτοῖς	ἑαυτοῦ	RP	----DPM-
Luke 7:49	Τίς	τίς	RI	----NSM-
Luke 7:49	οὗτός	οὗτος	RD	----NSM-
Luke 7:49	ἐστιν	εἰμί	V-	3PAI-S--
Luke 7:49	ὃς	ὅς	RR	----NSM-
Luke 7:49	καὶ	καί	D-	--------
Luke 7:49	ἁμαρτίας	ἁμαρτία	N-	----APF-
Luke 7:49	ἀφίησιν	ἀφίημι	V-	3PAI-S--
Luke 7:50	εἶπεν	λέγω	V-	3AAI-S--
Luke 7:50	δὲ	δέ	C-	--------
Luke 7:50	πρὸς	πρός	P-	--------
Luke 7:50	τὴν	ὁ	RA	----ASF-
Luke 7:50	γυναῖκα	γυνή	N-	----ASF-
Luke 7:50	Ἡ	ὁ	RA	----NSF-
Luke 7:50	πίστις	πίστις	N-	----NSF-
Luke 7:50	σου	σύ	RP	----GS--
Luke 7:50	σέσωκέν	σῴζω	V-	3XAI-S--
Luke 7:50	σε	σύ	RP	----AS--
Luke 7:50	πορεύου	πορεύομαι	V-	2PMD-S--
Luke 7:50	εἰς	εἰς	P-	--------
Luke 7:50	εἰρήνην	εἰρήνη	N-	----ASF-
Luke 8:1	Καὶ	καί	C-	--------
Luke 8:1	ἐγένετο	γίνομαι	V-	3AMI-S--
Luke 8:1	ἐν	ἐν	P-	--------
Luke 8:1	τῷ	ὁ	RA	----DSM-
Luke 8:1	καθεξῆς	καθεξῆς	D-	--------
Luke 8:1	καὶ	καί	C-	--------
Luke 8:1	αὐτὸς	αὐτός	RP	----NSM-
Luke 8:1	διώδευεν	διοδεύω	V-	3IAI-S--
Luke 8:1	κατὰ	κατά	P-	--------
Luke 8:1	πόλιν	πόλις	N-	----ASF-
Luke 8:1	καὶ	καί	C-	--------
Luke 8:1	κώμην	κώμη	N-	----ASF-
Luke 8:1	κηρύσσων	κηρύσσω	V-	-PAPNSM-
Luke 8:1	καὶ	καί	C-	--------
Luke 8:1	εὐαγγελιζόμενος	εὐαγγελίζω	V-	-PMPNSM-
Luke 8:1	τὴν	ὁ	RA	----ASF-
Luke 8:1	βασιλείαν	βασιλεία	N-	----ASF-
Luke 8:1	τοῦ	ὁ	RA	----GSM-
Luke 8:1	θεοῦ	θεός	N-	----GSM-
Luke 8:1	καὶ	καί	C-	--------
Luke 8:1	οἱ	ὁ	RA	----NPM-
Luke 8:1	δώδεκα	δώδεκα	A-	----NPM-
Luke 8:1	σὺν	σύν	P-	--------
Luke 8:1	αὐτῷ	αὐτός	RP	----DSM-
Luke 8:2	καὶ	καί	C-	--------
Luke 8:2	γυναῖκές	γυνή	N-	----NPF-
Luke 8:2	τινες	τις	RI	----NPF-
Luke 8:2	αἳ	ὅς	RR	----NPF-
Luke 8:2	ἦσαν	εἰμί	V-	3IAI-P--
Luke 8:2	τεθεραπευμέναι	θεραπεύω	V-	-XPPNPF-
Luke 8:2	ἀπὸ	ἀπό	P-	--------
Luke 8:2	πνευμάτων	πνεῦμα	N-	----GPN-
Luke 8:2	πονηρῶν	πονηρός	A-	----GPN-
Luke 8:2	καὶ	καί	C-	--------
Luke 8:2	ἀσθενειῶν	ἀσθένεια	N-	----GPF-
Luke 8:2	Μαρία	Μαρία	N-	----NSF-
Luke 8:2	ἡ	ὁ	RA	----NSF-
Luke 8:2	καλουμένη	καλέω	V-	-PPPNSF-
Luke 8:2	Μαγδαληνή	Μαγδαληνή	N-	----NSF-
Luke 8:2	ἀφ’	ἀπό	P-	--------
Luke 8:2	ἧς	ὅς	RR	----GSF-
Luke 8:2	δαιμόνια	δαιμόνιον	N-	----NPN-
Luke 8:2	ἑπτὰ	ἑπτά	A-	----NPN-
Luke 8:2	ἐξεληλύθει	ἐξέρχομαι	V-	3YAI-S--
Luke 8:3	καὶ	καί	C-	--------
Luke 8:3	Ἰωάννα	Ἰωάννα	N-	----NSF-
Luke 8:3	γυνὴ	γυνή	N-	----NSF-
Luke 8:3	Χουζᾶ	Χουζᾶς	N-	----GSM-
Luke 8:3	ἐπιτρόπου	ἐπίτροπος	N-	----GSM-
Luke 8:3	Ἡρῴδου	Ἡρῴδης	N-	----GSM-
Luke 8:3	καὶ	καί	C-	--------
Luke 8:3	Σουσάννα	Σουσάννα	N-	----NSF-
Luke 8:3	καὶ	καί	C-	--------
Luke 8:3	ἕτεραι	ἕτερος	A-	----NPF-
Luke 8:3	πολλαί	πολύς	A-	----NPF-
Luke 8:3	αἵτινες	ὅστις	RR	----NPF-
Luke 8:3	διηκόνουν	διακονέω	V-	3IAI-P--
Luke 8:3	αὐτοῖς	αὐτός	RP	----DPM-
Luke 8:3	ἐκ	ἐκ	P-	--------
Luke 8:3	τῶν	ὁ	RA	----GPN-
Luke 8:3	ὑπαρχόντων	ὑπάρχω	V-	-PAPGPN-
Luke 8:3	αὐταῖς	αὐτός	RP	----DPF-
Luke 8:4	Συνιόντος	σύνειμι	V-	-PAPGSM-
Luke 8:4	δὲ	δέ	C-	--------
Luke 8:4	ὄχλου	ὄχλος	N-	----GSM-
Luke 8:4	πολλοῦ	πολύς	A-	----GSM-
Luke 8:4	καὶ	καί	C-	--------
Luke 8:4	τῶν	ὁ	RA	----GPM-
Luke 8:4	κατὰ	κατά	P-	--------
Luke 8:4	πόλιν	πόλις	N-	----ASF-
Luke 8:4	ἐπιπορευομένων	ἐπιπορεύομαι	V-	-PMPGPM-
Luke 8:4	πρὸς	πρός	P-	--------
Luke 8:4	αὐτὸν	αὐτός	RP	----ASM-
Luke 8:4	εἶπεν	λέγω	V-	3AAI-S--
Luke 8:4	διὰ	διά	P-	--------
Luke 8:4	παραβολῆς	παραβολή	N-	----GSF-
Luke 8:5	Ἐξῆλθεν	ἐξέρχομαι	V-	3AAI-S--
Luke 8:5	ὁ	ὁ	RA	----NSM-
Luke 8:5	σπείρων	σπείρω	V-	-PAPNSM-
Luke 8:5	τοῦ	ὁ	RA	----GSN-
Luke 8:5	σπεῖραι	σπείρω	V-	-AAN----
Luke 8:5	τὸν	ὁ	RA	----ASM-
Luke 8:5	σπόρον	σπόρος	N-	----ASM-
Luke 8:5	αὐτοῦ	αὐτός	RP	----GSM-
Luke 8:5	καὶ	καί	C-	--------
Luke 8:5	ἐν	ἐν	P-	--------
Luke 8:5	τῷ	ὁ	RA	----DSN-
Luke 8:5	σπείρειν	σπείρω	V-	-PAN----
Luke 8:5	αὐτὸν	αὐτός	RP	----ASM-
Luke 8:5	ὃ	ὅς	RR	----NSN-
Luke 8:5	μὲν	μέν	C-	--------
Luke 8:5	ἔπεσεν	πίπτω	V-	3AAI-S--
Luke 8:5	παρὰ	παρά	P-	--------
Luke 8:5	τὴν	ὁ	RA	----ASF-
Luke 8:5	ὁδόν	ὁδός	N-	----ASF-
Luke 8:5	καὶ	καί	C-	--------
Luke 8:5	κατεπατήθη	καταπατέω	V-	3API-S--
Luke 8:5	καὶ	καί	C-	--------
Luke 8:5	τὰ	ὁ	RA	----NPN-
Luke 8:5	πετεινὰ	πετεινόν	A-	----NPN-
Luke 8:5	τοῦ	ὁ	RA	----GSM-
Luke 8:5	οὐρανοῦ	οὐρανός	N-	----GSM-
Luke 8:5	κατέφαγεν	κατεσθίω	V-	3AAI-S--
Luke 8:5	αὐτό	αὐτός	RP	----ASN-
Luke 8:6	καὶ	καί	C-	--------
Luke 8:6	ἕτερον	ἕτερος	A-	----NSN-
Luke 8:6	κατέπεσεν	καταπίπτω	V-	3AAI-S--
Luke 8:6	ἐπὶ	ἐπί	P-	--------
Luke 8:6	τὴν	ὁ	RA	----ASF-
Luke 8:6	πέτραν	πέτρα	N-	----ASF-
Luke 8:6	καὶ	καί	C-	--------
Luke 8:6	φυὲν	φύω	V-	-APPNSN-
Luke 8:6	ἐξηράνθη	ξηραίνω	V-	3API-S--
Luke 8:6	διὰ	διά	P-	--------
Luke 8:6	τὸ	ὁ	RA	----ASN-
Luke 8:6	μὴ	μή	D-	--------
Luke 8:6	ἔχειν	ἔχω	V-	-PAN----
Luke 8:6	ἰκμάδα	ἰκμάς	N-	----ASF-
Luke 8:7	καὶ	καί	C-	--------
Luke 8:7	ἕτερον	ἕτερος	A-	----NSN-
Luke 8:7	ἔπεσεν	πίπτω	V-	3AAI-S--
Luke 8:7	ἐν	ἐν	P-	--------
Luke 8:7	μέσῳ	μέσος	A-	----DSN-
Luke 8:7	τῶν	ὁ	RA	----GPF-
Luke 8:7	ἀκανθῶν	ἄκανθα	N-	----GPF-
Luke 8:7	καὶ	καί	C-	--------
Luke 8:7	συμφυεῖσαι	συμφύομαι	V-	-APPNPF-
Luke 8:7	αἱ	ὁ	RA	----NPF-
Luke 8:7	ἄκανθαι	ἄκανθα	N-	----NPF-
Luke 8:7	ἀπέπνιξαν	ἀποπνίγω	V-	3AAI-P--
Luke 8:7	αὐτό	αὐτός	RP	----ASN-
Luke 8:8	καὶ	καί	C-	--------
Luke 8:8	ἕτερον	ἕτερος	A-	----NSN-
Luke 8:8	ἔπεσεν	πίπτω	V-	3AAI-S--
Luke 8:8	εἰς	εἰς	P-	--------
Luke 8:8	τὴν	ὁ	RA	----ASF-
Luke 8:8	γῆν	γῆ	N-	----ASF-
Luke 8:8	τὴν	ὁ	RA	----ASF-
Luke 8:8	ἀγαθήν	ἀγαθός	A-	----ASF-
Luke 8:8	καὶ	καί	C-	--------
Luke 8:8	φυὲν	φύω	V-	-APPNSN-
Luke 8:8	ἐποίησεν	ποιέω	V-	3AAI-S--
Luke 8:8	καρπὸν	καρπός	N-	----ASM-
Luke 8:8	ἑκατονταπλασίονα	ἑκατονταπλασίων	A-	----ASM-
Luke 8:8	ταῦτα	οὗτος	RD	----APN-
Luke 8:8	λέγων	λέγω	V-	-PAPNSM-
Luke 8:8	ἐφώνει	φωνέω	V-	3IAI-S--
Luke 8:8	Ὁ	ὁ	RA	----NSM-
Luke 8:8	ἔχων	ἔχω	V-	-PAPNSM-
Luke 8:8	ὦτα	οὖς	N-	----APN-
Luke 8:8	ἀκούειν	ἀκούω	V-	-PAN----
Luke 8:8	ἀκουέτω	ἀκούω	V-	3PAD-S--
Luke 8:9	Ἐπηρώτων	ἐπερωτάω	V-	3IAI-P--
Luke 8:9	δὲ	δέ	C-	--------
Luke 8:9	αὐτὸν	αὐτός	RP	----ASM-
Luke 8:9	οἱ	ὁ	RA	----NPM-
Luke 8:9	μαθηταὶ	μαθητής	N-	----NPM-
Luke 8:9	αὐτοῦ	αὐτός	RP	----GSM-
Luke 8:9	τίς	τίς	RI	----NSF-
Luke 8:9	αὕτη	οὗτος	RD	----NSF-
Luke 8:9	εἴη	εἰμί	V-	3PAO-S--
Luke 8:9	ἡ	ὁ	RA	----NSF-
Luke 8:9	παραβολή	παραβολή	N-	----NSF-
Luke 8:10	ὁ	ὁ	RA	----NSM-
Luke 8:10	δὲ	δέ	C-	--------
Luke 8:10	εἶπεν	λέγω	V-	3AAI-S--
Luke 8:10	Ὑμῖν	σύ	RP	----DP--
Luke 8:10	δέδοται	δίδωμι	V-	3XPI-S--
Luke 8:10	γνῶναι	γινώσκω	V-	-AAN----
Luke 8:10	τὰ	ὁ	RA	----APN-
Luke 8:10	μυστήρια	μυστήριον	N-	----APN-
Luke 8:10	τῆς	ὁ	RA	----GSF-
Luke 8:10	βασιλείας	βασιλεία	N-	----GSF-
Luke 8:10	τοῦ	ὁ	RA	----GSM-
Luke 8:10	θεοῦ	θεός	N-	----GSM-
Luke 8:10	τοῖς	ὁ	RA	----DPM-
Luke 8:10	δὲ	δέ	C-	--------
Luke 8:10	λοιποῖς	λοιπός	A-	----DPM-
Luke 8:10	ἐν	ἐν	P-	--------
Luke 8:10	παραβολαῖς	παραβολή	N-	----DPF-
Luke 8:10	ἵνα	ἵνα	C-	--------
Luke 8:10	βλέποντες	βλέπω	V-	-PAPNPM-
Luke 8:10	μὴ	μή	D-	--------
Luke 8:10	βλέπωσιν	βλέπω	V-	3PAS-P--
Luke 8:10	καὶ	καί	C-	--------
Luke 8:10	ἀκούοντες	ἀκούω	V-	-PAPNPM-
Luke 8:10	μὴ	μή	D-	--------
Luke 8:10	συνιῶσιν	συνίημι	V-	3PAS-P--
Luke 8:11	Ἔστιν	εἰμί	V-	3PAI-S--
Luke 8:11	δὲ	δέ	C-	--------
Luke 8:11	αὕτη	οὗτος	RD	----NSF-
Luke 8:11	ἡ	ὁ	RA	----NSF-
Luke 8:11	παραβολή	παραβολή	N-	----NSF-
Luke 8:11	Ὁ	ὁ	RA	----NSM-
Luke 8:11	σπόρος	σπόρος	N-	----NSM-
Luke 8:11	ἐστὶν	εἰμί	V-	3PAI-S--
Luke 8:11	ὁ	ὁ	RA	----NSM-
Luke 8:11	λόγος	λόγος	N-	----NSM-
Luke 8:11	τοῦ	ὁ	RA	----GSM-
Luke 8:11	θεοῦ	θεός	N-	----GSM-
Luke 8:12	οἱ	ὁ	RA	----NPM-
Luke 8:12	δὲ	δέ	C-	--------
Luke 8:12	παρὰ	παρά	P-	--------
Luke 8:12	τὴν	ὁ	RA	----ASF-
Luke 8:12	ὁδόν	ὁδός	N-	----ASF-
Luke 8:12	εἰσιν	εἰμί	V-	3PAI-P--
Luke 8:12	οἱ	ὁ	RA	----NPM-
Luke 8:12	ἀκούσαντες	ἀκούω	V-	-AAPNPM-
Luke 8:12	εἶτα	εἶτα	D-	--------
Luke 8:12	ἔρχεται	ἔρχομαι	V-	3PMI-S--
Luke 8:12	ὁ	ὁ	RA	----NSM-
Luke 8:12	διάβολος	διάβολος	A-	----NSM-
Luke 8:12	καὶ	καί	C-	--------
Luke 8:12	αἴρει	αἴρω	V-	3PAI-S--
Luke 8:12	τὸν	ὁ	RA	----ASM-
Luke 8:12	λόγον	λόγος	N-	----ASM-
Luke 8:12	ἀπὸ	ἀπό	P-	--------
Luke 8:12	τῆς	ὁ	RA	----GSF-
Luke 8:12	καρδίας	καρδία	N-	----GSF-
Luke 8:12	αὐτῶν	αὐτός	RP	----GPM-
Luke 8:12	ἵνα	ἵνα	C-	--------
Luke 8:12	μὴ	μή	D-	--------
Luke 8:12	πιστεύσαντες	πιστεύω	V-	-AAPNPM-
Luke 8:12	σωθῶσιν	σῴζω	V-	3APS-P--
Luke 8:13	οἱ	ὁ	RA	----NPM-
Luke 8:13	δὲ	δέ	C-	--------
Luke 8:13	ἐπὶ	ἐπί	P-	--------
Luke 8:13	τῆς	ὁ	RA	----GSF-
Luke 8:13	πέτρας	πέτρα	N-	----GSF-
Luke 8:13	οἳ	ὅς	RR	----NPM-
Luke 8:13	ὅταν	ὅταν	C-	--------
Luke 8:13	ἀκούσωσιν	ἀκούω	V-	3AAS-P--
Luke 8:13	μετὰ	μετά	P-	--------
Luke 8:13	χαρᾶς	χαρά	N-	----GSF-
Luke 8:13	δέχονται	δέχομαι	V-	3PMI-P--
Luke 8:13	τὸν	ὁ	RA	----ASM-
Luke 8:13	λόγον	λόγος	N-	----ASM-
Luke 8:13	καὶ	καί	C-	--------
Luke 8:13	οὗτοι	οὗτος	RD	----NPM-
Luke 8:13	ῥίζαν	ῥίζα	N-	----ASF-
Luke 8:13	οὐκ	οὐ	D-	--------
Luke 8:13	ἔχουσιν	ἔχω	V-	3PAI-P--
Luke 8:13	οἳ	ὅς	RR	----NPM-
Luke 8:13	πρὸς	πρός	P-	--------
Luke 8:13	καιρὸν	καιρός	N-	----ASM-
Luke 8:13	πιστεύουσιν	πιστεύω	V-	3PAI-P--
Luke 8:13	καὶ	καί	C-	--------
Luke 8:13	ἐν	ἐν	P-	--------
Luke 8:13	καιρῷ	καιρός	N-	----DSM-
Luke 8:13	πειρασμοῦ	πειρασμός	N-	----GSM-
Luke 8:13	ἀφίστανται	ἀφίσταμαι	V-	3PMI-P--
Luke 8:14	τὸ	ὁ	RA	----NSN-
Luke 8:14	δὲ	δέ	C-	--------
Luke 8:14	εἰς	εἰς	P-	--------
Luke 8:14	τὰς	ὁ	RA	----APF-
Luke 8:14	ἀκάνθας	ἄκανθα	N-	----APF-
Luke 8:14	πεσόν	πίπτω	V-	-AAPNSN-
Luke 8:14	οὗτοί	οὗτος	RD	----NPM-
Luke 8:14	εἰσιν	εἰμί	V-	3PAI-P--
Luke 8:14	οἱ	ὁ	RA	----NPM-
Luke 8:14	ἀκούσαντες	ἀκούω	V-	-AAPNPM-
Luke 8:14	καὶ	καί	C-	--------
Luke 8:14	ὑπὸ	ὑπό	P-	--------
Luke 8:14	μεριμνῶν	μέριμνα	N-	----GPF-
Luke 8:14	καὶ	καί	C-	--------
Luke 8:14	πλούτου	πλοῦτος	N-	----GSM-
Luke 8:14	καὶ	καί	C-	--------
Luke 8:14	ἡδονῶν	ἡδονή	N-	----GPF-
Luke 8:14	τοῦ	ὁ	RA	----GSM-
Luke 8:14	βίου	βίος	N-	----GSM-
Luke 8:14	πορευόμενοι	πορεύομαι	V-	-PMPNPM-
Luke 8:14	συμπνίγονται	συμπνίγω	V-	3PPI-P--
Luke 8:14	καὶ	καί	C-	--------
Luke 8:14	οὐ	οὐ	D-	--------
Luke 8:14	τελεσφοροῦσιν	τελεσφορέω	V-	3PAI-P--
Luke 8:15	τὸ	ὁ	RA	----NSN-
Luke 8:15	δὲ	δέ	C-	--------
Luke 8:15	ἐν	ἐν	P-	--------
Luke 8:15	τῇ	ὁ	RA	----DSF-
Luke 8:15	καλῇ	καλός	A-	----DSF-
Luke 8:15	γῇ	γῆ	N-	----DSF-
Luke 8:15	οὗτοί	οὗτος	RD	----NPM-
Luke 8:15	εἰσιν	εἰμί	V-	3PAI-P--
Luke 8:15	οἵτινες	ὅστις	RR	----NPM-
Luke 8:15	ἐν	ἐν	P-	--------
Luke 8:15	καρδίᾳ	καρδία	N-	----DSF-
Luke 8:15	καλῇ	καλός	A-	----DSF-
Luke 8:15	καὶ	καί	C-	--------
Luke 8:15	ἀγαθῇ	ἀγαθός	A-	----DSF-
Luke 8:15	ἀκούσαντες	ἀκούω	V-	-AAPNPM-
Luke 8:15	τὸν	ὁ	RA	----ASM-
Luke 8:15	λόγον	λόγος	N-	----ASM-
Luke 8:15	κατέχουσιν	κατέχω	V-	3PAI-P--
Luke 8:15	καὶ	καί	C-	--------
Luke 8:15	καρποφοροῦσιν	καρποφορέω	V-	3PAI-P--
Luke 8:15	ἐν	ἐν	P-	--------
Luke 8:15	ὑπομονῇ	ὑπομονή	N-	----DSF-
Luke 8:16	Οὐδεὶς	οὐδείς	A-	----NSM-
Luke 8:16	δὲ	δέ	C-	--------
Luke 8:16	λύχνον	λύχνος	N-	----ASM-
Luke 8:16	ἅψας	ἅπτω	V-	-AAPNSM-
Luke 8:16	καλύπτει	καλύπτω	V-	3PAI-S--
Luke 8:16	αὐτὸν	αὐτός	RP	----ASM-
Luke 8:16	σκεύει	σκεῦος	N-	----DSN-
Luke 8:16	ἢ	ἤ	C-	--------
Luke 8:16	ὑποκάτω	ὑποκάτω	P-	--------
Luke 8:16	κλίνης	κλίνη	N-	----GSF-
Luke 8:16	τίθησιν	τίθημι	V-	3PAI-S--
Luke 8:16	ἀλλ’	ἀλλά	C-	--------
Luke 8:16	ἐπὶ	ἐπί	P-	--------
Luke 8:16	λυχνίας	λυχνία	N-	----GSF-
Luke 8:16	τίθησιν	τίθημι	V-	3PAI-S--
Luke 8:16	ἵνα	ἵνα	C-	--------
Luke 8:16	οἱ	ὁ	RA	----NPM-
Luke 8:16	εἰσπορευόμενοι	εἰσπορεύομαι	V-	-PMPNPM-
Luke 8:16	βλέπωσιν	βλέπω	V-	3PAS-P--
Luke 8:16	τὸ	ὁ	RA	----ASN-
Luke 8:16	φῶς	φῶς	N-	----ASN-
Luke 8:17	οὐ	οὐ	D-	--------
Luke 8:17	γάρ	γάρ	C-	--------
Luke 8:17	ἐστιν	εἰμί	V-	3PAI-S--
Luke 8:17	κρυπτὸν	κρυπτός	A-	----NSN-
Luke 8:17	ὃ	ὅς	RR	----NSN-
Luke 8:17	οὐ	οὐ	D-	--------
Luke 8:17	φανερὸν	φανερός	A-	----NSN-
Luke 8:17	γενήσεται	γίνομαι	V-	3FMI-S--
Luke 8:17	οὐδὲ	οὐδέ	C-	--------
Luke 8:17	ἀπόκρυφον	ἀπόκρυφος	A-	----NSN-
Luke 8:17	ὃ	ὅς	RR	----NSN-
Luke 8:17	οὐ	οὐ	D-	--------
Luke 8:17	μὴ	μή	D-	--------
Luke 8:17	γνωσθῇ	γινώσκω	V-	3APS-S--
Luke 8:17	καὶ	καί	C-	--------
Luke 8:17	εἰς	εἰς	P-	--------
Luke 8:17	φανερὸν	φανερός	A-	----ASN-
Luke 8:17	ἔλθῃ	ἔρχομαι	V-	3AAS-S--
Luke 8:18	βλέπετε	βλέπω	V-	2PAD-P--
Luke 8:18	οὖν	οὖν	C-	--------
Luke 8:18	πῶς	πῶς	D-	--------
Luke 8:18	ἀκούετε	ἀκούω	V-	2PAI-P--
Luke 8:18	ὃς	ὅς	RR	----NSM-
Luke 8:18	ἂν	ἄν	X-	--------
Luke 8:18	γὰρ	γάρ	C-	--------
Luke 8:18	ἔχῃ	ἔχω	V-	3PAS-S--
Luke 8:18	δοθήσεται	δίδωμι	V-	3FPI-S--
Luke 8:18	αὐτῷ	αὐτός	RP	----DSM-
Luke 8:18	καὶ	καί	C-	--------
Luke 8:18	ὃς	ὅς	RR	----NSM-
Luke 8:18	ἂν	ἄν	X-	--------
Luke 8:18	μὴ	μή	D-	--------
Luke 8:18	ἔχῃ	ἔχω	V-	3PAS-S--
Luke 8:18	καὶ	καί	D-	--------
Luke 8:18	ὃ	ὅς	RR	----ASN-
Luke 8:18	δοκεῖ	δοκέω	V-	3PAI-S--
Luke 8:18	ἔχειν	ἔχω	V-	-PAN----
Luke 8:18	ἀρθήσεται	αἴρω	V-	3FPI-S--
Luke 8:18	ἀπ’	ἀπό	P-	--------
Luke 8:18	αὐτοῦ	αὐτός	RP	----GSM-
Luke 8:19	Παρεγένετο	παραγίνομαι	V-	3AMI-S--
Luke 8:19	δὲ	δέ	C-	--------
Luke 8:19	πρὸς	πρός	P-	--------
Luke 8:19	αὐτὸν	αὐτός	RP	----ASM-
Luke 8:19	ἡ	ὁ	RA	----NSF-
Luke 8:19	μήτηρ	μήτηρ	N-	----NSF-
Luke 8:19	καὶ	καί	C-	--------
Luke 8:19	οἱ	ὁ	RA	----NPM-
Luke 8:19	ἀδελφοὶ	ἀδελφός	N-	----NPM-
Luke 8:19	αὐτοῦ	αὐτός	RP	----GSM-
Luke 8:19	καὶ	καί	C-	--------
Luke 8:19	οὐκ	οὐ	D-	--------
Luke 8:19	ἠδύναντο	δύναμαι	V-	3IMI-P--
Luke 8:19	συντυχεῖν	συντυγχάνω	V-	-AAN----
Luke 8:19	αὐτῷ	αὐτός	RP	----DSM-
Luke 8:19	διὰ	διά	P-	--------
Luke 8:19	τὸν	ὁ	RA	----ASM-
Luke 8:19	ὄχλον	ὄχλος	N-	----ASM-
Luke 8:20	ἀπηγγέλη	ἀπαγγέλλω	V-	3API-S--
Luke 8:20	δὲ	δέ	C-	--------
Luke 8:20	αὐτῷ	αὐτός	RP	----DSM-
Luke 8:20	Ἡ	ὁ	RA	----NSF-
Luke 8:20	μήτηρ	μήτηρ	N-	----NSF-
Luke 8:20	σου	σύ	RP	----GS--
Luke 8:20	καὶ	καί	C-	--------
Luke 8:20	οἱ	ὁ	RA	----NPM-
Luke 8:20	ἀδελφοί	ἀδελφός	N-	----NPM-
Luke 8:20	σου	σύ	RP	----GS--
Luke 8:20	ἑστήκασιν	ἵστημι	V-	3XAI-P--
Luke 8:20	ἔξω	ἔξω	D-	--------
Luke 8:20	ἰδεῖν	ὁράω	V-	-AAN----
Luke 8:20	σε	σύ	RP	----AS--
Luke 8:20	θέλοντες	θέλω	V-	-PAPNPM-
Luke 8:21	ὁ	ὁ	RA	----NSM-
Luke 8:21	δὲ	δέ	C-	--------
Luke 8:21	ἀποκριθεὶς	ἀποκρίνομαι	V-	-APPNSM-
Luke 8:21	εἶπεν	λέγω	V-	3AAI-S--
Luke 8:21	πρὸς	πρός	P-	--------
Luke 8:21	αὐτούς	αὐτός	RP	----APM-
Luke 8:21	Μήτηρ	μήτηρ	N-	----NSF-
Luke 8:21	μου	ἐγώ	RP	----GS--
Luke 8:21	καὶ	καί	C-	--------
Luke 8:21	ἀδελφοί	ἀδελφός	N-	----NPM-
Luke 8:21	μου	ἐγώ	RP	----GS--
Luke 8:21	οὗτοί	οὗτος	RD	----NPM-
Luke 8:21	εἰσιν	εἰμί	V-	3PAI-P--
Luke 8:21	οἱ	ὁ	RA	----NPM-
Luke 8:21	τὸν	ὁ	RA	----ASM-
Luke 8:21	λόγον	λόγος	N-	----ASM-
Luke 8:21	τοῦ	ὁ	RA	----GSM-
Luke 8:21	θεοῦ	θεός	N-	----GSM-
Luke 8:21	ἀκούοντες	ἀκούω	V-	-PAPNPM-
Luke 8:21	καὶ	καί	C-	--------
Luke 8:21	ποιοῦντες	ποιέω	V-	-PAPNPM-
Luke 8:22	Ἐγένετο	γίνομαι	V-	3AMI-S--
Luke 8:22	δὲ	δέ	C-	--------
Luke 8:22	ἐν	ἐν	P-	--------
Luke 8:22	μιᾷ	εἷς	A-	----DSF-
Luke 8:22	τῶν	ὁ	RA	----GPF-
Luke 8:22	ἡμερῶν	ἡμέρα	N-	----GPF-
Luke 8:22	καὶ	καί	C-	--------
Luke 8:22	αὐτὸς	αὐτός	RP	----NSM-
Luke 8:22	ἐνέβη	ἐμβαίνω	V-	3AAI-S--
Luke 8:22	εἰς	εἰς	P-	--------
Luke 8:22	πλοῖον	πλοῖον	N-	----ASN-
Luke 8:22	καὶ	καί	C-	--------
Luke 8:22	οἱ	ὁ	RA	----NPM-
Luke 8:22	μαθηταὶ	μαθητής	N-	----NPM-
Luke 8:22	αὐτοῦ	αὐτός	RP	----GSM-
Luke 8:22	καὶ	καί	C-	--------
Luke 8:22	εἶπεν	λέγω	V-	3AAI-S--
Luke 8:22	πρὸς	πρός	P-	--------
Luke 8:22	αὐτούς	αὐτός	RP	----APM-
Luke 8:22	Διέλθωμεν	διέρχομαι	V-	1AAS-P--
Luke 8:22	εἰς	εἰς	P-	--------
Luke 8:22	τὸ	ὁ	RA	----ASN-
Luke 8:22	πέραν	πέραν	D-	--------
Luke 8:22	τῆς	ὁ	RA	----GSF-
Luke 8:22	λίμνης	λίμνη	N-	----GSF-
Luke 8:22	καὶ	καί	C-	--------
Luke 8:22	ἀνήχθησαν	ἀνάγω	V-	3API-P--
Luke 8:23	πλεόντων	πλέω	V-	-PAPGPM-
Luke 8:23	δὲ	δέ	C-	--------
Luke 8:23	αὐτῶν	αὐτός	RP	----GPM-
Luke 8:23	ἀφύπνωσεν	ἀφυπνόω	V-	3AAI-S--
Luke 8:23	καὶ	καί	C-	--------
Luke 8:23	κατέβη	καταβαίνω	V-	3AAI-S--
Luke 8:23	λαῖλαψ	λαῖλαψ	N-	----NSF-
Luke 8:23	ἀνέμου	ἄνεμος	N-	----GSM-
Luke 8:23	εἰς	εἰς	P-	--------
Luke 8:23	τὴν	ὁ	RA	----ASF-
Luke 8:23	λίμνην	λίμνη	N-	----ASF-
Luke 8:23	καὶ	καί	C-	--------
Luke 8:23	συνεπληροῦντο	συμπληρόω	V-	3IPI-P--
Luke 8:23	καὶ	καί	C-	--------
Luke 8:23	ἐκινδύνευον	κινδυνεύω	V-	3IAI-P--
Luke 8:24	προσελθόντες	προσέρχομαι	V-	-AAPNPM-
Luke 8:24	δὲ	δέ	C-	--------
Luke 8:24	διήγειραν	διεγείρω	V-	3AAI-P--
Luke 8:24	αὐτὸν	αὐτός	RP	----ASM-
Luke 8:24	λέγοντες	λέγω	V-	-PAPNPM-
Luke 8:24	Ἐπιστάτα	ἐπιστάτης	N-	----VSM-
Luke 8:24	ἐπιστάτα	ἐπιστάτης	N-	----VSM-
Luke 8:24	ἀπολλύμεθα	ἀπόλλυμι	V-	1PMI-P--
Luke 8:24	ὁ	ὁ	RA	----NSM-
Luke 8:24	δὲ	δέ	C-	--------
Luke 8:24	διεγερθεὶς	διεγείρω	V-	-APPNSM-
Luke 8:24	ἐπετίμησεν	ἐπιτιμάω	V-	3AAI-S--
Luke 8:24	τῷ	ὁ	RA	----DSM-
Luke 8:24	ἀνέμῳ	ἄνεμος	N-	----DSM-
Luke 8:24	καὶ	καί	C-	--------
Luke 8:24	τῷ	ὁ	RA	----DSM-
Luke 8:24	κλύδωνι	κλύδων	N-	----DSM-
Luke 8:24	τοῦ	ὁ	RA	----GSN-
Luke 8:24	ὕδατος	ὕδωρ	N-	----GSN-
Luke 8:24	καὶ	καί	C-	--------
Luke 8:24	ἐπαύσαντο	παύω	V-	3AMI-P--
Luke 8:24	καὶ	καί	C-	--------
Luke 8:24	ἐγένετο	γίνομαι	V-	3AMI-S--
Luke 8:24	γαλήνη	γαλήνη	N-	----NSF-
Luke 8:25	εἶπεν	λέγω	V-	3AAI-S--
Luke 8:25	δὲ	δέ	C-	--------
Luke 8:25	αὐτοῖς	αὐτός	RP	----DPM-
Luke 8:25	Ποῦ	ποῦ	D-	--------
Luke 8:25	ἡ	ὁ	RA	----NSF-
Luke 8:25	πίστις	πίστις	N-	----NSF-
Luke 8:25	ὑμῶν	σύ	RP	----GP--
Luke 8:25	φοβηθέντες	φοβέομαι	V-	-APPNPM-
Luke 8:25	δὲ	δέ	C-	--------
Luke 8:25	ἐθαύμασαν	θαυμάζω	V-	3AAI-P--
Luke 8:25	λέγοντες	λέγω	V-	-PAPNPM-
Luke 8:25	πρὸς	πρός	P-	--------
Luke 8:25	ἀλλήλους	ἀλλήλων	RP	----APM-
Luke 8:25	Τίς	τίς	RI	----NSM-
Luke 8:25	ἄρα	ἄρα	C-	--------
Luke 8:25	οὗτός	οὗτος	RD	----NSM-
Luke 8:25	ἐστιν	εἰμί	V-	3PAI-S--
Luke 8:25	ὅτι	ὅτι	C-	--------
Luke 8:25	καὶ	καί	D-	--------
Luke 8:25	τοῖς	ὁ	RA	----DPM-
Luke 8:25	ἀνέμοις	ἄνεμος	N-	----DPM-
Luke 8:25	ἐπιτάσσει	ἐπιτάσσω	V-	3PAI-S--
Luke 8:25	καὶ	καί	C-	--------
Luke 8:25	τῷ	ὁ	RA	----DSN-
Luke 8:25	ὕδατι	ὕδωρ	N-	----DSN-
Luke 8:25	καὶ	καί	C-	--------
Luke 8:25	ὑπακούουσιν	ὑπακούω	V-	3PAI-P--
Luke 8:25	αὐτῷ	αὐτός	RP	----DSM-
Luke 8:26	Καὶ	καί	C-	--------
Luke 8:26	κατέπλευσαν	καταπλέω	V-	3AAI-P--
Luke 8:26	εἰς	εἰς	P-	--------
Luke 8:26	τὴν	ὁ	RA	----ASF-
Luke 8:26	χώραν	χώρα	N-	----ASF-
Luke 8:26	τῶν	ὁ	RA	----GPM-
Luke 8:26	Γερασηνῶν	Γερασηνός	A-	----GPM-
Luke 8:26	ἥτις	ὅστις	RR	----NSF-
Luke 8:26	ἐστὶν	εἰμί	V-	3PAI-S--
Luke 8:26	ἀντιπέρα	ἀντιπέρα	P-	--------
Luke 8:26	τῆς	ὁ	RA	----GSF-
Luke 8:26	Γαλιλαίας	Γαλιλαία	N-	----GSF-
Luke 8:27	ἐξελθόντι	ἐξέρχομαι	V-	-AAPDSM-
Luke 8:27	δὲ	δέ	C-	--------
Luke 8:27	αὐτῷ	αὐτός	RP	----DSM-
Luke 8:27	ἐπὶ	ἐπί	P-	--------
Luke 8:27	τὴν	ὁ	RA	----ASF-
Luke 8:27	γῆν	γῆ	N-	----ASF-
Luke 8:27	ὑπήντησεν	ὑπαντάω	V-	3AAI-S--
Luke 8:27	ἀνήρ	ἀνήρ	N-	----NSM-
Luke 8:27	τις	τις	RI	----NSM-
Luke 8:27	ἐκ	ἐκ	P-	--------
Luke 8:27	τῆς	ὁ	RA	----GSF-
Luke 8:27	πόλεως	πόλις	N-	----GSF-
Luke 8:27	ἔχων	ἔχω	V-	-PAPNSM-
Luke 8:27	δαιμόνια	δαιμόνιον	N-	----APN-
Luke 8:27	καὶ	καί	C-	--------
Luke 8:27	χρόνῳ	χρόνος	N-	----DSM-
Luke 8:27	ἱκανῷ	ἱκανός	A-	----DSM-
Luke 8:27	οὐκ	οὐ	D-	--------
Luke 8:27	ἐνεδύσατο	ἐνδύω	V-	3AMI-S--
Luke 8:27	ἱμάτιον	ἱμάτιον	N-	----ASN-
Luke 8:27	καὶ	καί	C-	--------
Luke 8:27	ἐν	ἐν	P-	--------
Luke 8:27	οἰκίᾳ	οἰκία	N-	----DSF-
Luke 8:27	οὐκ	οὐ	D-	--------
Luke 8:27	ἔμενεν	μένω	V-	3IAI-S--
Luke 8:27	ἀλλ’	ἀλλά	C-	--------
Luke 8:27	ἐν	ἐν	P-	--------
Luke 8:27	τοῖς	ὁ	RA	----DPN-
Luke 8:27	μνήμασιν	μνῆμα	N-	----DPN-
Luke 8:28	ἰδὼν	ὁράω	V-	-AAPNSM-
Luke 8:28	δὲ	δέ	C-	--------
Luke 8:28	τὸν	ὁ	RA	----ASM-
Luke 8:28	Ἰησοῦν	Ἰησοῦς	N-	----ASM-
Luke 8:28	ἀνακράξας	ἀνακράζω	V-	-AAPNSM-
Luke 8:28	προσέπεσεν	προσπίπτω	V-	3AAI-S--
Luke 8:28	αὐτῷ	αὐτός	RP	----DSM-
Luke 8:28	καὶ	καί	C-	--------
Luke 8:28	φωνῇ	φωνή	N-	----DSF-
Luke 8:28	μεγάλῃ	μέγας	A-	----DSF-
Luke 8:28	εἶπεν	λέγω	V-	3AAI-S--
Luke 8:28	Τί	τίς	RI	----NSN-
Luke 8:28	ἐμοὶ	ἐγώ	RP	----DS--
Luke 8:28	καὶ	καί	C-	--------
Luke 8:28	σοί	σύ	RP	----DS--
Luke 8:28	Ἰησοῦ	Ἰησοῦς	N-	----VSM-
Luke 8:28	υἱὲ	υἱός	N-	----VSM-
Luke 8:28	τοῦ	ὁ	RA	----GSM-
Luke 8:28	θεοῦ	θεός	N-	----GSM-
Luke 8:28	τοῦ	ὁ	RA	----GSM-
Luke 8:28	ὑψίστου	ὕψιστος	A-	----GSMS
Luke 8:28	δέομαί	δέομαι	V-	1PMI-S--
Luke 8:28	σου	σύ	RP	----GS--
Luke 8:28	μή	μή	D-	--------
Luke 8:28	με	ἐγώ	RP	----AS--
Luke 8:28	βασανίσῃς	βασανίζω	V-	2AAS-S--
Luke 8:29	παρήγγελλεν	παραγγέλλω	V-	3AAI-S--
Luke 8:29	γὰρ	γάρ	C-	--------
Luke 8:29	τῷ	ὁ	RA	----DSN-
Luke 8:29	πνεύματι	πνεῦμα	N-	----DSN-
Luke 8:29	τῷ	ὁ	RA	----DSN-
Luke 8:29	ἀκαθάρτῳ	ἀκάθαρτος	A-	----DSN-
Luke 8:29	ἐξελθεῖν	ἐξέρχομαι	V-	-AAN----
Luke 8:29	ἀπὸ	ἀπό	P-	--------
Luke 8:29	τοῦ	ὁ	RA	----GSM-
Luke 8:29	ἀνθρώπου	ἄνθρωπος	N-	----GSM-
Luke 8:29	πολλοῖς	πολύς	A-	----DPM-
Luke 8:29	γὰρ	γάρ	C-	--------
Luke 8:29	χρόνοις	χρόνος	N-	----DPM-
Luke 8:29	συνηρπάκει	συναρπάζω	V-	3YAI-S--
Luke 8:29	αὐτόν	αὐτός	RP	----ASM-
Luke 8:29	καὶ	καί	C-	--------
Luke 8:29	ἐδεσμεύετο	δεσμεύω	V-	3IPI-S--
Luke 8:29	ἁλύσεσιν	ἅλυσις	N-	----DPF-
Luke 8:29	καὶ	καί	C-	--------
Luke 8:29	πέδαις	πέδη	N-	----DPF-
Luke 8:29	φυλασσόμενος	φυλάσσω	V-	-PPPNSM-
Luke 8:29	καὶ	καί	C-	--------
Luke 8:29	διαρρήσσων	διαρρήγνυμι	V-	-PAPNSM-
Luke 8:29	τὰ	ὁ	RA	----APN-
Luke 8:29	δεσμὰ	δεσμόν	N-	----APN-
Luke 8:29	ἠλαύνετο	ἐλαύνω	V-	3IPI-S--
Luke 8:29	ὑπὸ	ὑπό	P-	--------
Luke 8:29	τοῦ	ὁ	RA	----GSN-
Luke 8:29	δαιμονίου	δαιμόνιον	N-	----GSN-
Luke 8:29	εἰς	εἰς	P-	--------
Luke 8:29	τὰς	ὁ	RA	----APF-
Luke 8:29	ἐρήμους	ἔρημος	A-	----APF-
Luke 8:30	ἐπηρώτησεν	ἐπερωτάω	V-	3AAI-S--
Luke 8:30	δὲ	δέ	C-	--------
Luke 8:30	αὐτὸν	αὐτός	RP	----ASM-
Luke 8:30	ὁ	ὁ	RA	----NSM-
Luke 8:30	Ἰησοῦς	Ἰησοῦς	N-	----NSM-
Luke 8:30	Τί	τίς	RI	----NSN-
Luke 8:30	σοι	σύ	RP	----DS--
Luke 8:30	ὄνομά	ὄνομα	N-	----NSN-
Luke 8:30	ἐστιν	εἰμί	V-	3PAI-S--
Luke 8:30	ὁ	ὁ	RA	----NSM-
Luke 8:30	δὲ	δέ	C-	--------
Luke 8:30	εἶπεν	λέγω	V-	3AAI-S--
Luke 8:30	Λεγιών	λεγιών	N-	----NSF-
Luke 8:30	ὅτι	ὅτι	C-	--------
Luke 8:30	εἰσῆλθεν	εἰσέρχομαι	V-	3AAI-S--
Luke 8:30	δαιμόνια	δαιμόνιον	N-	----NPN-
Luke 8:30	πολλὰ	πολύς	A-	----NPN-
Luke 8:30	εἰς	εἰς	P-	--------
Luke 8:30	αὐτόν	αὐτός	RP	----ASM-
Luke 8:31	καὶ	καί	C-	--------
Luke 8:31	παρεκάλουν	παρακαλέω	V-	3IAI-P--
Luke 8:31	αὐτὸν	αὐτός	RP	----ASM-
Luke 8:31	ἵνα	ἵνα	C-	--------
Luke 8:31	μὴ	μή	D-	--------
Luke 8:31	ἐπιτάξῃ	ἐπιτάσσω	V-	3AAS-S--
Luke 8:31	αὐτοῖς	αὐτός	RP	----DPN-
Luke 8:31	εἰς	εἰς	P-	--------
Luke 8:31	τὴν	ὁ	RA	----ASF-
Luke 8:31	ἄβυσσον	ἄβυσσος	N-	----ASF-
Luke 8:31	ἀπελθεῖν	ἀπέρχομαι	V-	-AAN----
Luke 8:32	Ἦν	εἰμί	V-	3IAI-S--
Luke 8:32	δὲ	δέ	C-	--------
Luke 8:32	ἐκεῖ	ἐκεῖ	D-	--------
Luke 8:32	ἀγέλη	ἀγέλη	N-	----NSF-
Luke 8:32	χοίρων	χοῖρος	N-	----GPM-
Luke 8:32	ἱκανῶν	ἱκανός	A-	----GPM-
Luke 8:32	βοσκομένη	βόσκω	V-	-PPPNSF-
Luke 8:32	ἐν	ἐν	P-	--------
Luke 8:32	τῷ	ὁ	RA	----DSN-
Luke 8:32	ὄρει	ὄρος	N-	----DSN-
Luke 8:32	καὶ	καί	C-	--------
Luke 8:32	παρεκάλεσαν	παρακαλέω	V-	3AAI-P--
Luke 8:32	αὐτὸν	αὐτός	RP	----ASM-
Luke 8:32	ἵνα	ἵνα	C-	--------
Luke 8:32	ἐπιτρέψῃ	ἐπιτρέπω	V-	3AAS-S--
Luke 8:32	αὐτοῖς	αὐτός	RP	----DPN-
Luke 8:32	εἰς	εἰς	P-	--------
Luke 8:32	ἐκείνους	ἐκεῖνος	RD	----APM-
Luke 8:32	εἰσελθεῖν	εἰσέρχομαι	V-	-AAN----
Luke 8:32	καὶ	καί	C-	--------
Luke 8:32	ἐπέτρεψεν	ἐπιτρέπω	V-	3AAI-S--
Luke 8:32	αὐτοῖς	αὐτός	RP	----DPN-
Luke 8:33	ἐξελθόντα	ἐξέρχομαι	V-	-AAPNPN-
Luke 8:33	δὲ	δέ	C-	--------
Luke 8:33	τὰ	ὁ	RA	----NPN-
Luke 8:33	δαιμόνια	δαιμόνιον	N-	----NPN-
Luke 8:33	ἀπὸ	ἀπό	P-	--------
Luke 8:33	τοῦ	ὁ	RA	----GSM-
Luke 8:33	ἀνθρώπου	ἄνθρωπος	N-	----GSM-
Luke 8:33	εἰσῆλθον	εἰσέρχομαι	V-	3AAI-P--
Luke 8:33	εἰς	εἰς	P-	--------
Luke 8:33	τοὺς	ὁ	RA	----APM-
Luke 8:33	χοίρους	χοῖρος	N-	----APM-
Luke 8:33	καὶ	καί	C-	--------
Luke 8:33	ὥρμησεν	ὁρμάω	V-	3AAI-S--
Luke 8:33	ἡ	ὁ	RA	----NSF-
Luke 8:33	ἀγέλη	ἀγέλη	N-	----NSF-
Luke 8:33	κατὰ	κατά	P-	--------
Luke 8:33	τοῦ	ὁ	RA	----GSM-
Luke 8:33	κρημνοῦ	κρημνός	N-	----GSM-
Luke 8:33	εἰς	εἰς	P-	--------
Luke 8:33	τὴν	ὁ	RA	----ASF-
Luke 8:33	λίμνην	λίμνη	N-	----ASF-
Luke 8:33	καὶ	καί	C-	--------
Luke 8:33	ἀπεπνίγη	ἀποπνίγω	V-	3API-S--
Luke 8:34	Ἰδόντες	ὁράω	V-	-AAPNPM-
Luke 8:34	δὲ	δέ	C-	--------
Luke 8:34	οἱ	ὁ	RA	----NPM-
Luke 8:34	βόσκοντες	βόσκω	V-	-PAPNPM-
Luke 8:34	τὸ	ὁ	RA	----ASN-
Luke 8:34	γεγονὸς	γίνομαι	V-	-XAPASN-
Luke 8:34	ἔφυγον	φεύγω	V-	3AAI-P--
Luke 8:34	καὶ	καί	C-	--------
Luke 8:34	ἀπήγγειλαν	ἀπαγγέλλω	V-	3AAI-P--
Luke 8:34	εἰς	εἰς	P-	--------
Luke 8:34	τὴν	ὁ	RA	----ASF-
Luke 8:34	πόλιν	πόλις	N-	----ASF-
Luke 8:34	καὶ	καί	C-	--------
Luke 8:34	εἰς	εἰς	P-	--------
Luke 8:34	τοὺς	ὁ	RA	----APM-
Luke 8:34	ἀγρούς	ἀγρός	N-	----APM-
Luke 8:35	ἐξῆλθον	ἐξέρχομαι	V-	3AAI-P--
Luke 8:35	δὲ	δέ	C-	--------
Luke 8:35	ἰδεῖν	ὁράω	V-	-AAN----
Luke 8:35	τὸ	ὁ	RA	----ASN-
Luke 8:35	γεγονὸς	γίνομαι	V-	-XAPASN-
Luke 8:35	καὶ	καί	C-	--------
Luke 8:35	ἦλθον	ἔρχομαι	V-	3AAI-P--
Luke 8:35	πρὸς	πρός	P-	--------
Luke 8:35	τὸν	ὁ	RA	----ASM-
Luke 8:35	Ἰησοῦν	Ἰησοῦς	N-	----ASM-
Luke 8:35	καὶ	καί	C-	--------
Luke 8:35	εὗρον	εὑρίσκω	V-	3AAI-P--
Luke 8:35	καθήμενον	κάθημαι	V-	-PMPASM-
Luke 8:35	τὸν	ὁ	RA	----ASM-
Luke 8:35	ἄνθρωπον	ἄνθρωπος	N-	----ASM-
Luke 8:35	ἀφ’	ἀπό	P-	--------
Luke 8:35	οὗ	ὅς	RR	----GSM-
Luke 8:35	τὰ	ὁ	RA	----NPN-
Luke 8:35	δαιμόνια	δαιμόνιον	N-	----NPN-
Luke 8:35	ἐξῆλθεν	ἐξέρχομαι	V-	3AAI-S--
Luke 8:35	ἱματισμένον	ἱματίζω	V-	-XPPASM-
Luke 8:35	καὶ	καί	C-	--------
Luke 8:35	σωφρονοῦντα	σωφρονέω	V-	-PAPASM-
Luke 8:35	παρὰ	παρά	P-	--------
Luke 8:35	τοὺς	ὁ	RA	----APM-
Luke 8:35	πόδας	πούς	N-	----APM-
Luke 8:35	τοῦ	ὁ	RA	----GSM-
Luke 8:35	Ἰησοῦ	Ἰησοῦς	N-	----GSM-
Luke 8:35	καὶ	καί	C-	--------
Luke 8:35	ἐφοβήθησαν	φοβέομαι	V-	3API-P--
Luke 8:36	ἀπήγγειλαν	ἀπαγγέλλω	V-	3AAI-P--
Luke 8:36	δὲ	δέ	C-	--------
Luke 8:36	αὐτοῖς	αὐτός	RP	----DPM-
Luke 8:36	οἱ	ὁ	RA	----NPM-
Luke 8:36	ἰδόντες	ὁράω	V-	-AAPNPM-
Luke 8:36	πῶς	πῶς	D-	--------
Luke 8:36	ἐσώθη	σῴζω	V-	3API-S--
Luke 8:36	ὁ	ὁ	RA	----NSM-
Luke 8:36	δαιμονισθείς	δαιμονίζομαι	V-	-APPNSM-
Luke 8:37	καὶ	καί	C-	--------
Luke 8:37	ἠρώτησεν	ἐρωτάω	V-	3AAI-S--
Luke 8:37	αὐτὸν	αὐτός	RP	----ASM-
Luke 8:37	ἅπαν	ἅπας	A-	----NSN-
Luke 8:37	τὸ	ὁ	RA	----NSN-
Luke 8:37	πλῆθος	πλῆθος	N-	----NSN-
Luke 8:37	τῆς	ὁ	RA	----GSF-
Luke 8:37	περιχώρου	περίχωρος	A-	----GSF-
Luke 8:37	τῶν	ὁ	RA	----GPM-
Luke 8:37	Γερασηνῶν	Γερασηνός	A-	----GPM-
Luke 8:37	ἀπελθεῖν	ἀπέρχομαι	V-	-AAN----
Luke 8:37	ἀπ’	ἀπό	P-	--------
Luke 8:37	αὐτῶν	αὐτός	RP	----GPM-
Luke 8:37	ὅτι	ὅτι	C-	--------
Luke 8:37	φόβῳ	φόβος	N-	----DSM-
Luke 8:37	μεγάλῳ	μέγας	A-	----DSM-
Luke 8:37	συνείχοντο	συνέχω	V-	3IPI-P--
Luke 8:37	αὐτὸς	αὐτός	RP	----NSM-
Luke 8:37	δὲ	δέ	C-	--------
Luke 8:37	ἐμβὰς	ἐμβαίνω	V-	-AAPNSM-
Luke 8:37	εἰς	εἰς	P-	--------
Luke 8:37	πλοῖον	πλοῖον	N-	----ASN-
Luke 8:37	ὑπέστρεψεν	ὑποστρέφω	V-	3AAI-S--
Luke 8:38	ἐδεῖτο	δέω	V-	3IMI-S--
Luke 8:38	δὲ	δέ	C-	--------
Luke 8:38	αὐτοῦ	αὐτός	RP	----GSM-
Luke 8:38	ὁ	ὁ	RA	----NSM-
Luke 8:38	ἀνὴρ	ἀνήρ	N-	----NSM-
Luke 8:38	ἀφ’	ἀπό	P-	--------
Luke 8:38	οὗ	ὅς	RR	----GSM-
Luke 8:38	ἐξεληλύθει	ἐξέρχομαι	V-	3YAI-S--
Luke 8:38	τὰ	ὁ	RA	----NPN-
Luke 8:38	δαιμόνια	δαιμόνιον	N-	----NPN-
Luke 8:38	εἶναι	εἰμί	V-	-PAN----
Luke 8:38	σὺν	σύν	P-	--------
Luke 8:38	αὐτῷ	αὐτός	RP	----DSM-
Luke 8:38	ἀπέλυσεν	ἀπολύω	V-	3AAI-S--
Luke 8:38	δὲ	δέ	C-	--------
Luke 8:38	αὐτὸν	αὐτός	RP	----ASM-
Luke 8:38	λέγων	λέγω	V-	-PAPNSM-
Luke 8:39	Ὑπόστρεφε	ὑποστρέφω	V-	2PAD-S--
Luke 8:39	εἰς	εἰς	P-	--------
Luke 8:39	τὸν	ὁ	RA	----ASM-
Luke 8:39	οἶκόν	οἶκος	N-	----ASM-
Luke 8:39	σου	σύ	RP	----GS--
Luke 8:39	καὶ	καί	C-	--------
Luke 8:39	διηγοῦ	διηγέομαι	V-	2PMD-S--
Luke 8:39	ὅσα	ὅσος	RR	----APN-
Luke 8:39	σοι	σύ	RP	----DS--
Luke 8:39	ἐποίησεν	ποιέω	V-	3AAI-S--
Luke 8:39	ὁ	ὁ	RA	----NSM-
Luke 8:39	θεός	θεός	N-	----NSM-
Luke 8:39	καὶ	καί	C-	--------
Luke 8:39	ἀπῆλθεν	ἀπέρχομαι	V-	3AAI-S--
Luke 8:39	καθ’	κατά	P-	--------
Luke 8:39	ὅλην	ὅλος	A-	----ASF-
Luke 8:39	τὴν	ὁ	RA	----ASF-
Luke 8:39	πόλιν	πόλις	N-	----ASF-
Luke 8:39	κηρύσσων	κηρύσσω	V-	-PAPNSM-
Luke 8:39	ὅσα	ὅσος	RR	----APN-
Luke 8:39	ἐποίησεν	ποιέω	V-	3AAI-S--
Luke 8:39	αὐτῷ	αὐτός	RP	----DSM-
Luke 8:39	ὁ	ὁ	RA	----NSM-
Luke 8:39	Ἰησοῦς	Ἰησοῦς	N-	----NSM-
Luke 8:40	Ἐν	ἐν	P-	--------
Luke 8:40	δὲ	δέ	C-	--------
Luke 8:40	τῷ	ὁ	RA	----DSN-
Luke 8:40	ὑποστρέφειν	ὑποστρέφω	V-	-PAN----
Luke 8:40	τὸν	ὁ	RA	----ASM-
Luke 8:40	Ἰησοῦν	Ἰησοῦς	N-	----ASM-
Luke 8:40	ἀπεδέξατο	ἀποδέχομαι	V-	3AMI-S--
Luke 8:40	αὐτὸν	αὐτός	RP	----ASM-
Luke 8:40	ὁ	ὁ	RA	----NSM-
Luke 8:40	ὄχλος	ὄχλος	N-	----NSM-
Luke 8:40	ἦσαν	εἰμί	V-	3IAI-P--
Luke 8:40	γὰρ	γάρ	C-	--------
Luke 8:40	πάντες	πᾶς	A-	----NPM-
Luke 8:40	προσδοκῶντες	προσδοκάω	V-	-PAPNPM-
Luke 8:40	αὐτόν	αὐτός	RP	----ASM-
Luke 8:41	καὶ	καί	C-	--------
Luke 8:41	ἰδοὺ	ἰδού	X-	--------
Luke 8:41	ἦλθεν	ἔρχομαι	V-	3AAI-S--
Luke 8:41	ἀνὴρ	ἀνήρ	N-	----NSM-
Luke 8:41	ᾧ	ὅς	RR	----DSM-
Luke 8:41	ὄνομα	ὄνομα	N-	----NSN-
Luke 8:41	Ἰάϊρος	Ἰάϊρος	N-	----NSM-
Luke 8:41	καὶ	καί	C-	--------
Luke 8:41	οὗτος	οὗτος	RD	----NSM-
Luke 8:41	ἄρχων	ἄρχων	N-	----NSM-
Luke 8:41	τῆς	ὁ	RA	----GSF-
Luke 8:41	συναγωγῆς	συναγωγή	N-	----GSF-
Luke 8:41	ὑπῆρχεν	ὑπάρχω	V-	3IAI-S--
Luke 8:41	καὶ	καί	C-	--------
Luke 8:41	πεσὼν	πίπτω	V-	-AAPNSM-
Luke 8:41	παρὰ	παρά	P-	--------
Luke 8:41	τοὺς	ὁ	RA	----APM-
Luke 8:41	πόδας	πούς	N-	----APM-
Luke 8:41	τοῦ	ὁ	RA	----GSM-
Luke 8:41	Ἰησοῦ	Ἰησοῦς	N-	----GSM-
Luke 8:41	παρεκάλει	παρακαλέω	V-	3IAI-S--
Luke 8:41	αὐτὸν	αὐτός	RP	----ASM-
Luke 8:41	εἰσελθεῖν	εἰσέρχομαι	V-	-AAN----
Luke 8:41	εἰς	εἰς	P-	--------
Luke 8:41	τὸν	ὁ	RA	----ASM-
Luke 8:41	οἶκον	οἶκος	N-	----ASM-
Luke 8:41	αὐτοῦ	αὐτός	RP	----GSM-
Luke 8:42	ὅτι	ὅτι	C-	--------
Luke 8:42	θυγάτηρ	θυγάτηρ	N-	----NSF-
Luke 8:42	μονογενὴς	μονογενής	A-	----NSF-
Luke 8:42	ἦν	εἰμί	V-	3IAI-S--
Luke 8:42	αὐτῷ	αὐτός	RP	----DSM-
Luke 8:42	ὡς	ὡς	D-	--------
Luke 8:42	ἐτῶν	ἔτος	N-	----GPN-
Luke 8:42	δώδεκα	δώδεκα	A-	----GPN-
Luke 8:42	καὶ	καί	C-	--------
Luke 8:42	αὐτὴ	αὐτός	RP	----NSF-
Luke 8:42	ἀπέθνῃσκεν	ἀποθνῄσκω	V-	3IAI-S--
Luke 8:42	Ἐν	ἐν	P-	--------
Luke 8:42	δὲ	δέ	C-	--------
Luke 8:42	τῷ	ὁ	RA	----DSN-
Luke 8:42	ὑπάγειν	ὑπάγω	V-	-PAN----
Luke 8:42	αὐτὸν	αὐτός	RP	----ASM-
Luke 8:42	οἱ	ὁ	RA	----NPM-
Luke 8:42	ὄχλοι	ὄχλος	N-	----NPM-
Luke 8:42	συνέπνιγον	συμπνίγω	V-	3IAI-P--
Luke 8:42	αὐτόν	αὐτός	RP	----ASM-
Luke 8:43	καὶ	καί	C-	--------
Luke 8:43	γυνὴ	γυνή	N-	----NSF-
Luke 8:43	οὖσα	εἰμί	V-	-PAPNSF-
Luke 8:43	ἐν	ἐν	P-	--------
Luke 8:43	ῥύσει	ῥύσις	N-	----DSF-
Luke 8:43	αἵματος	αἷμα	N-	----GSN-
Luke 8:43	ἀπὸ	ἀπό	P-	--------
Luke 8:43	ἐτῶν	ἔτος	N-	----GPN-
Luke 8:43	δώδεκα	δώδεκα	A-	----GPN-
Luke 8:43	ἥτις	ὅστις	RR	----NSF-
Luke 8:43	ἰατροῖς	ἰατρός	N-	----DPM-
Luke 8:43	προσαναλώσασα	προσαναλίσκω	V-	-AAPNSF-
Luke 8:43	ὅλον	ὅλος	A-	----ASM-
Luke 8:43	τὸν	ὁ	RA	----ASM-
Luke 8:43	βίον	βίος	N-	----ASM-
Luke 8:43	οὐκ	οὐ	D-	--------
Luke 8:43	ἴσχυσεν	ἰσχύω	V-	3AAI-S--
Luke 8:43	ἀπ’	ἀπό	P-	--------
Luke 8:43	οὐδενὸς	οὐδείς	A-	----GSN-
Luke 8:43	θεραπευθῆναι	θεραπεύω	V-	-APN----
Luke 8:44	προσελθοῦσα	προσέρχομαι	V-	-AAPNSF-
Luke 8:44	ὄπισθεν	ὄπισθεν	D-	--------
Luke 8:44	ἥψατο	ἅπτω	V-	3AMI-S--
Luke 8:44	τοῦ	ὁ	RA	----GSN-
Luke 8:44	κρασπέδου	κράσπεδον	N-	----GSN-
Luke 8:44	τοῦ	ὁ	RA	----GSN-
Luke 8:44	ἱματίου	ἱμάτιον	N-	----GSN-
Luke 8:44	αὐτοῦ	αὐτός	RP	----GSM-
Luke 8:44	καὶ	καί	C-	--------
Luke 8:44	παραχρῆμα	παραχρῆμα	D-	--------
Luke 8:44	ἔστη	ἵστημι	V-	3AAI-S--
Luke 8:44	ἡ	ὁ	RA	----NSF-
Luke 8:44	ῥύσις	ῥύσις	N-	----NSF-
Luke 8:44	τοῦ	ὁ	RA	----GSN-
Luke 8:44	αἵματος	αἷμα	N-	----GSN-
Luke 8:44	αὐτῆς	αὐτός	RP	----GSF-
Luke 8:45	καὶ	καί	C-	--------
Luke 8:45	εἶπεν	λέγω	V-	3AAI-S--
Luke 8:45	ὁ	ὁ	RA	----NSM-
Luke 8:45	Ἰησοῦς	Ἰησοῦς	N-	----NSM-
Luke 8:45	Τίς	τίς	RI	----NSM-
Luke 8:45	ὁ	ὁ	RA	----NSM-
Luke 8:45	ἁψάμενός	ἅπτω	V-	-AMPNSM-
Luke 8:45	μου	ἐγώ	RP	----GS--
Luke 8:45	ἀρνουμένων	ἀρνέομαι	V-	-PMPGPM-
Luke 8:45	δὲ	δέ	C-	--------
Luke 8:45	πάντων	πᾶς	A-	----GPM-
Luke 8:45	εἶπεν	λέγω	V-	3AAI-S--
Luke 8:45	ὁ	ὁ	RA	----NSM-
Luke 8:45	Πέτρος	Πέτρος	N-	----NSM-
Luke 8:45	Ἐπιστάτα	ἐπιστάτης	N-	----VSM-
Luke 8:45	οἱ	ὁ	RA	----NPM-
Luke 8:45	ὄχλοι	ὄχλος	N-	----NPM-
Luke 8:45	συνέχουσίν	συνέχω	V-	3PAI-P--
Luke 8:45	σε	σύ	RP	----AS--
Luke 8:45	καὶ	καί	C-	--------
Luke 8:45	ἀποθλίβουσιν	ἀποθλίβω	V-	3PAI-P--
Luke 8:46	ὁ	ὁ	RA	----NSM-
Luke 8:46	δὲ	δέ	C-	--------
Luke 8:46	Ἰησοῦς	Ἰησοῦς	N-	----NSM-
Luke 8:46	εἶπεν	λέγω	V-	3AAI-S--
Luke 8:46	Ἥψατό	ἅπτω	V-	3AMI-S--
Luke 8:46	μού	ἐγώ	RP	----GS--
Luke 8:46	τις	τις	RI	----NSM-
Luke 8:46	ἐγὼ	ἐγώ	RP	----NS--
Luke 8:46	γὰρ	γάρ	C-	--------
Luke 8:46	ἔγνων	γινώσκω	V-	1AAI-S--
Luke 8:46	δύναμιν	δύναμις	N-	----ASF-
Luke 8:46	ἐξεληλυθυῖαν	ἐξέρχομαι	V-	-XAPASF-
Luke 8:46	ἀπ’	ἀπό	P-	--------
Luke 8:46	ἐμοῦ	ἐγώ	RP	----GS--
Luke 8:47	ἰδοῦσα	ὁράω	V-	-AAPNSF-
Luke 8:47	δὲ	δέ	C-	--------
Luke 8:47	ἡ	ὁ	RA	----NSF-
Luke 8:47	γυνὴ	γυνή	N-	----NSF-
Luke 8:47	ὅτι	ὅτι	C-	--------
Luke 8:47	οὐκ	οὐ	D-	--------
Luke 8:47	ἔλαθεν	λανθάνω	V-	3AAI-S--
Luke 8:47	τρέμουσα	τρέμω	V-	-PAPNSF-
Luke 8:47	ἦλθεν	ἔρχομαι	V-	3AAI-S--
Luke 8:47	καὶ	καί	C-	--------
Luke 8:47	προσπεσοῦσα	προσπίπτω	V-	-AAPNSF-
Luke 8:47	αὐτῷ	αὐτός	RP	----DSM-
Luke 8:47	δι’	διά	P-	--------
Luke 8:47	ἣν	ὅς	RR	----ASF-
Luke 8:47	αἰτίαν	αἰτία	N-	----ASF-
Luke 8:47	ἥψατο	ἅπτω	V-	3AMI-S--
Luke 8:47	αὐτοῦ	αὐτός	RP	----GSM-
Luke 8:47	ἀπήγγειλεν	ἀπαγγέλλω	V-	3AAI-S--
Luke 8:47	ἐνώπιον	ἐνώπιον	P-	--------
Luke 8:47	παντὸς	πᾶς	A-	----GSM-
Luke 8:47	τοῦ	ὁ	RA	----GSM-
Luke 8:47	λαοῦ	λαός	N-	----GSM-
Luke 8:47	καὶ	καί	C-	--------
Luke 8:47	ὡς	ὡς	C-	--------
Luke 8:47	ἰάθη	ἰάομαι	V-	3API-S--
Luke 8:47	παραχρῆμα	παραχρῆμα	D-	--------
Luke 8:48	ὁ	ὁ	RA	----NSM-
Luke 8:48	δὲ	δέ	C-	--------
Luke 8:48	εἶπεν	λέγω	V-	3AAI-S--
Luke 8:48	αὐτῇ	αὐτός	RP	----DSF-
Luke 8:48	Θυγάτηρ	θυγάτηρ	N-	----NSF-
Luke 8:48	ἡ	ὁ	RA	----NSF-
Luke 8:48	πίστις	πίστις	N-	----NSF-
Luke 8:48	σου	σύ	RP	----GS--
Luke 8:48	σέσωκέν	σῴζω	V-	3XAI-S--
Luke 8:48	σε	σύ	RP	----AS--
Luke 8:48	πορεύου	πορεύομαι	V-	2PMD-S--
Luke 8:48	εἰς	εἰς	P-	--------
Luke 8:48	εἰρήνην	εἰρήνη	N-	----ASF-
Luke 8:49	Ἔτι	ἔτι	D-	--------
Luke 8:49	αὐτοῦ	αὐτός	RP	----GSM-
Luke 8:49	λαλοῦντος	λαλέω	V-	-PAPGSM-
Luke 8:49	ἔρχεταί	ἔρχομαι	V-	3PMI-S--
Luke 8:49	τις	τις	RI	----NSM-
Luke 8:49	παρὰ	παρά	P-	--------
Luke 8:49	τοῦ	ὁ	RA	----GSM-
Luke 8:49	ἀρχισυναγώγου	ἀρχισυνάγωγος	N-	----GSM-
Luke 8:49	λέγων	λέγω	V-	-PAPNSM-
Luke 8:49	ὅτι	ὅτι	C-	--------
Luke 8:49	Τέθνηκεν	θνῄσκω	V-	3XAI-S--
Luke 8:49	ἡ	ὁ	RA	----NSF-
Luke 8:49	θυγάτηρ	θυγάτηρ	N-	----NSF-
Luke 8:49	σου	σύ	RP	----GS--
Luke 8:49	μηκέτι	μηκέτι	D-	--------
Luke 8:49	σκύλλε	σκύλλω	V-	2PAD-S--
Luke 8:49	τὸν	ὁ	RA	----ASM-
Luke 8:49	διδάσκαλον	διδάσκαλος	N-	----ASM-
Luke 8:50	ὁ	ὁ	RA	----NSM-
Luke 8:50	δὲ	δέ	C-	--------
Luke 8:50	Ἰησοῦς	Ἰησοῦς	N-	----NSM-
Luke 8:50	ἀκούσας	ἀκούω	V-	-AAPNSM-
Luke 8:50	ἀπεκρίθη	ἀποκρίνομαι	V-	3API-S--
Luke 8:50	αὐτῷ	αὐτός	RP	----DSM-
Luke 8:50	Μὴ	μή	D-	--------
Luke 8:50	φοβοῦ	φοβέομαι	V-	2PMD-S--
Luke 8:50	μόνον	μόνος	A-	----ASN-
Luke 8:50	πίστευσον	πιστεύω	V-	2AAD-S--
Luke 8:50	καὶ	καί	C-	--------
Luke 8:50	σωθήσεται	σῴζω	V-	3FPI-S--
Luke 8:51	ἐλθὼν	ἔρχομαι	V-	-AAPNSM-
Luke 8:51	δὲ	δέ	C-	--------
Luke 8:51	εἰς	εἰς	P-	--------
Luke 8:51	τὴν	ὁ	RA	----ASF-
Luke 8:51	οἰκίαν	οἰκία	N-	----ASF-
Luke 8:51	οὐκ	οὐ	D-	--------
Luke 8:51	ἀφῆκεν	ἀφίημι	V-	3AAI-S--
Luke 8:51	εἰσελθεῖν	εἰσέρχομαι	V-	-AAN----
Luke 8:51	τινα	τις	RI	----ASM-
Luke 8:51	σὺν	σύν	P-	--------
Luke 8:51	αὐτῷ	αὐτός	RP	----DSM-
Luke 8:51	εἰ	εἰ	C-	--------
Luke 8:51	μὴ	μή	D-	--------
Luke 8:51	Πέτρον	Πέτρος	N-	----ASM-
Luke 8:51	καὶ	καί	C-	--------
Luke 8:51	Ἰωάννην	Ἰωάννης	N-	----ASM-
Luke 8:51	καὶ	καί	C-	--------
Luke 8:51	Ἰάκωβον	Ἰάκωβος	N-	----ASM-
Luke 8:51	καὶ	καί	C-	--------
Luke 8:51	τὸν	ὁ	RA	----ASM-
Luke 8:51	πατέρα	πατήρ	N-	----ASM-
Luke 8:51	τῆς	ὁ	RA	----GSF-
Luke 8:51	παιδὸς	παῖς	N-	----GSF-
Luke 8:51	καὶ	καί	C-	--------
Luke 8:51	τὴν	ὁ	RA	----ASF-
Luke 8:51	μητέρα	μήτηρ	N-	----ASF-
Luke 8:52	ἔκλαιον	κλαίω	V-	3IAI-P--
Luke 8:52	δὲ	δέ	C-	--------
Luke 8:52	πάντες	πᾶς	A-	----NPM-
Luke 8:52	καὶ	καί	C-	--------
Luke 8:52	ἐκόπτοντο	κόπτω	V-	3IMI-P--
Luke 8:52	αὐτήν	αὐτός	RP	----ASF-
Luke 8:52	ὁ	ὁ	RA	----NSM-
Luke 8:52	δὲ	δέ	C-	--------
Luke 8:52	εἶπεν	λέγω	V-	3AAI-S--
Luke 8:52	Μὴ	μή	D-	--------
Luke 8:52	κλαίετε	κλαίω	V-	2PAD-P--
Luke 8:52	οὐ	οὐ	D-	--------
Luke 8:52	γὰρ	γάρ	C-	--------
Luke 8:52	ἀπέθανεν	ἀποθνῄσκω	V-	3AAI-S--
Luke 8:52	ἀλλὰ	ἀλλά	C-	--------
Luke 8:52	καθεύδει	καθεύδω	V-	3PAI-S--
Luke 8:53	καὶ	καί	C-	--------
Luke 8:53	κατεγέλων	καταγελάω	V-	3IAI-P--
Luke 8:53	αὐτοῦ	αὐτός	RP	----GSM-
Luke 8:53	εἰδότες	οἶδα	V-	-XAPNPM-
Luke 8:53	ὅτι	ὅτι	C-	--------
Luke 8:53	ἀπέθανεν	ἀποθνῄσκω	V-	3AAI-S--
Luke 8:54	αὐτὸς	αὐτός	RP	----NSM-
Luke 8:54	δὲ	δέ	C-	--------
Luke 8:54	κρατήσας	κρατέω	V-	-AAPNSM-
Luke 8:54	τῆς	ὁ	RA	----GSF-
Luke 8:54	χειρὸς	χείρ	N-	----GSF-
Luke 8:54	αὐτῆς	αὐτός	RP	----GSF-
Luke 8:54	ἐφώνησεν	φωνέω	V-	3AAI-S--
Luke 8:54	λέγων	λέγω	V-	-PAPNSM-
Luke 8:54	Ἡ	ὁ	RA	----NSF-
Luke 8:54	παῖς	παῖς	N-	----NSF-
Luke 8:54	ἔγειρε	ἐγείρω	V-	2PAD-S--
Luke 8:55	καὶ	καί	C-	--------
Luke 8:55	ἐπέστρεψεν	ἐπιστρέφω	V-	3AAI-S--
Luke 8:55	τὸ	ὁ	RA	----NSN-
Luke 8:55	πνεῦμα	πνεῦμα	N-	----NSN-
Luke 8:55	αὐτῆς	αὐτός	RP	----GSF-
Luke 8:55	καὶ	καί	C-	--------
Luke 8:55	ἀνέστη	ἀνίστημι	V-	3AAI-S--
Luke 8:55	παραχρῆμα	παραχρῆμα	D-	--------
Luke 8:55	καὶ	καί	C-	--------
Luke 8:55	διέταξεν	διατάσσω	V-	3AAI-S--
Luke 8:55	αὐτῇ	αὐτός	RP	----DSF-
Luke 8:55	δοθῆναι	δίδωμι	V-	-APN----
Luke 8:55	φαγεῖν	ἐσθίω	V-	-AAN----
Luke 8:56	καὶ	καί	C-	--------
Luke 8:56	ἐξέστησαν	ἐξίστημι	V-	3AAI-P--
Luke 8:56	οἱ	ὁ	RA	----NPM-
Luke 8:56	γονεῖς	γονεύς	N-	----NPM-
Luke 8:56	αὐτῆς	αὐτός	RP	----GSF-
Luke 8:56	ὁ	ὁ	RA	----NSM-
Luke 8:56	δὲ	δέ	C-	--------
Luke 8:56	παρήγγειλεν	παραγγέλλω	V-	3AAI-S--
Luke 8:56	αὐτοῖς	αὐτός	RP	----DPM-
Luke 8:56	μηδενὶ	μηδείς	A-	----DSM-
Luke 8:56	εἰπεῖν	λέγω	V-	-AAN----
Luke 8:56	τὸ	ὁ	RA	----ASN-
Luke 8:56	γεγονός	γίνομαι	V-	-XAPASN-
Luke 9:1	Συγκαλεσάμενος	συγκαλέω	V-	-AMPNSM-
Luke 9:1	δὲ	δέ	C-	--------
Luke 9:1	τοὺς	ὁ	RA	----APM-
Luke 9:1	δώδεκα	δώδεκα	A-	----APM-
Luke 9:1	ἔδωκεν	δίδωμι	V-	3AAI-S--
Luke 9:1	αὐτοῖς	αὐτός	RP	----DPM-
Luke 9:1	δύναμιν	δύναμις	N-	----ASF-
Luke 9:1	καὶ	καί	C-	--------
Luke 9:1	ἐξουσίαν	ἐξουσία	N-	----ASF-
Luke 9:1	ἐπὶ	ἐπί	P-	--------
Luke 9:1	πάντα	πᾶς	A-	----APN-
Luke 9:1	τὰ	ὁ	RA	----APN-
Luke 9:1	δαιμόνια	δαιμόνιον	N-	----APN-
Luke 9:1	καὶ	καί	C-	--------
Luke 9:1	νόσους	νόσος	N-	----APF-
Luke 9:1	θεραπεύειν	θεραπεύω	V-	-PAN----
Luke 9:2	καὶ	καί	C-	--------
Luke 9:2	ἀπέστειλεν	ἀποστέλλω	V-	3AAI-S--
Luke 9:2	αὐτοὺς	αὐτός	RP	----APM-
Luke 9:2	κηρύσσειν	κηρύσσω	V-	-PAN----
Luke 9:2	τὴν	ὁ	RA	----ASF-
Luke 9:2	βασιλείαν	βασιλεία	N-	----ASF-
Luke 9:2	τοῦ	ὁ	RA	----GSM-
Luke 9:2	θεοῦ	θεός	N-	----GSM-
Luke 9:2	καὶ	καί	C-	--------
Luke 9:2	ἰᾶσθαι	ἰάομαι	V-	-PMN----
Luke 9:2	τοὺς	ὁ	RA	----APM-
Luke 9:2	ἀσθενεῖς	ἀσθενής	A-	----APM-
Luke 9:3	καὶ	καί	C-	--------
Luke 9:3	εἶπεν	λέγω	V-	3AAI-S--
Luke 9:3	πρὸς	πρός	P-	--------
Luke 9:3	αὐτούς	αὐτός	RP	----APM-
Luke 9:3	Μηδὲν	μηδείς	A-	----ASN-
Luke 9:3	αἴρετε	αἴρω	V-	2PAD-P--
Luke 9:3	εἰς	εἰς	P-	--------
Luke 9:3	τὴν	ὁ	RA	----ASF-
Luke 9:3	ὁδόν	ὁδός	N-	----ASF-
Luke 9:3	μήτε	μήτε	C-	--------
Luke 9:3	ῥάβδον	ῥάβδος	N-	----ASF-
Luke 9:3	μήτε	μήτε	C-	--------
Luke 9:3	πήραν	πήρα	N-	----ASF-
Luke 9:3	μήτε	μήτε	C-	--------
Luke 9:3	ἄρτον	ἄρτος	N-	----ASM-
Luke 9:3	μήτε	μήτε	C-	--------
Luke 9:3	ἀργύριον	ἀργύριον	N-	----ASN-
Luke 9:3	μήτε	μήτε	C-	--------
Luke 9:3	ἀνὰ	ἀνά	D-	--------
Luke 9:3	δύο	δύο	A-	----APM-
Luke 9:3	χιτῶνας	χιτών	N-	----APM-
Luke 9:3	ἔχειν	ἔχω	V-	-PAN----
Luke 9:4	καὶ	καί	C-	--------
Luke 9:4	εἰς	εἰς	P-	--------
Luke 9:4	ἣν	ὅς	RR	----ASF-
Luke 9:4	ἂν	ἄν	X-	--------
Luke 9:4	οἰκίαν	οἰκία	N-	----ASF-
Luke 9:4	εἰσέλθητε	εἰσέρχομαι	V-	2AAS-P--
Luke 9:4	ἐκεῖ	ἐκεῖ	D-	--------
Luke 9:4	μένετε	μένω	V-	2PAD-P--
Luke 9:4	καὶ	καί	C-	--------
Luke 9:4	ἐκεῖθεν	ἐκεῖθεν	D-	--------
Luke 9:4	ἐξέρχεσθε	ἐξέρχομαι	V-	2PMD-P--
Luke 9:5	καὶ	καί	C-	--------
Luke 9:5	ὅσοι	ὅσος	RR	----NPM-
Luke 9:5	ἂν	ἄν	X-	--------
Luke 9:5	μὴ	μή	D-	--------
Luke 9:5	δέχωνται	δέχομαι	V-	3PMS-P--
Luke 9:5	ὑμᾶς	σύ	RP	----AP--
Luke 9:5	ἐξερχόμενοι	ἐξέρχομαι	V-	-PMPNPM-
Luke 9:5	ἀπὸ	ἀπό	P-	--------
Luke 9:5	τῆς	ὁ	RA	----GSF-
Luke 9:5	πόλεως	πόλις	N-	----GSF-
Luke 9:5	ἐκείνης	ἐκεῖνος	RD	----GSF-
Luke 9:5	τὸν	ὁ	RA	----ASM-
Luke 9:5	κονιορτὸν	κονιορτός	N-	----ASM-
Luke 9:5	ἀπὸ	ἀπό	P-	--------
Luke 9:5	τῶν	ὁ	RA	----GPM-
Luke 9:5	ποδῶν	πούς	N-	----GPM-
Luke 9:5	ὑμῶν	σύ	RP	----GP--
Luke 9:5	ἀποτινάσσετε	ἀποτινάσσω	V-	2PAD-P--
Luke 9:5	εἰς	εἰς	P-	--------
Luke 9:5	μαρτύριον	μαρτύριον	N-	----ASN-
Luke 9:5	ἐπ’	ἐπί	P-	--------
Luke 9:5	αὐτούς	αὐτός	RP	----APM-
Luke 9:6	ἐξερχόμενοι	ἐξέρχομαι	V-	-PMPNPM-
Luke 9:6	δὲ	δέ	C-	--------
Luke 9:6	διήρχοντο	διέρχομαι	V-	3IMI-P--
Luke 9:6	κατὰ	κατά	P-	--------
Luke 9:6	τὰς	ὁ	RA	----APF-
Luke 9:6	κώμας	κώμη	N-	----APF-
Luke 9:6	εὐαγγελιζόμενοι	εὐαγγελίζω	V-	-PMPNPM-
Luke 9:6	καὶ	καί	C-	--------
Luke 9:6	θεραπεύοντες	θεραπεύω	V-	-PAPNPM-
Luke 9:6	πανταχοῦ	πανταχοῦ	D-	--------
Luke 9:7	Ἤκουσεν	ἀκούω	V-	3AAI-S--
Luke 9:7	δὲ	δέ	C-	--------
Luke 9:7	Ἡρῴδης	Ἡρῴδης	N-	----NSM-
Luke 9:7	ὁ	ὁ	RA	----NSM-
Luke 9:7	τετραάρχης	τετραάρχης	N-	----NSM-
Luke 9:7	τὰ	ὁ	RA	----APN-
Luke 9:7	γινόμενα	γίνομαι	V-	-PMPAPN-
Luke 9:7	πάντα	πᾶς	A-	----APN-
Luke 9:7	καὶ	καί	C-	--------
Luke 9:7	διηπόρει	διαπορέω	V-	3IAI-S--
Luke 9:7	διὰ	διά	P-	--------
Luke 9:7	τὸ	ὁ	RA	----ASN-
Luke 9:7	λέγεσθαι	λέγω	V-	-PPN----
Luke 9:7	ὑπό	ὑπό	P-	--------
Luke 9:7	τινων	τις	RI	----GPM-
Luke 9:7	ὅτι	ὅτι	C-	--------
Luke 9:7	Ἰωάννης	Ἰωάννης	N-	----NSM-
Luke 9:7	ἠγέρθη	ἐγείρω	V-	3API-S--
Luke 9:7	ἐκ	ἐκ	P-	--------
Luke 9:7	νεκρῶν	νεκρός	A-	----GPM-
Luke 9:8	ὑπό	ὑπό	P-	--------
Luke 9:8	τινων	τις	RI	----GPM-
Luke 9:8	δὲ	δέ	C-	--------
Luke 9:8	ὅτι	ὅτι	C-	--------
Luke 9:8	Ἠλίας	Ἠλίας	N-	----NSM-
Luke 9:8	ἐφάνη	φαίνω	V-	3API-S--
Luke 9:8	ἄλλων	ἄλλος	A-	----GPM-
Luke 9:8	δὲ	δέ	C-	--------
Luke 9:8	ὅτι	ὅτι	C-	--------
Luke 9:8	προφήτης	προφήτης	N-	----NSM-
Luke 9:8	τις	τις	RI	----NSM-
Luke 9:8	τῶν	ὁ	RA	----GPM-
Luke 9:8	ἀρχαίων	ἀρχαῖος	A-	----GPM-
Luke 9:8	ἀνέστη	ἀνίστημι	V-	3AAI-S--
Luke 9:9	εἶπεν	λέγω	V-	3AAI-S--
Luke 9:9	δὲ	δέ	C-	--------
Luke 9:9	ὁ	ὁ	RA	----NSM-
Luke 9:9	Ἡρῴδης	Ἡρῴδης	N-	----NSM-
Luke 9:9	Ἰωάννην	Ἰωάννης	N-	----ASM-
Luke 9:9	ἐγὼ	ἐγώ	RP	----NS--
Luke 9:9	ἀπεκεφάλισα	ἀποκεφαλίζω	V-	1AAI-S--
Luke 9:9	τίς	τίς	RI	----NSM-
Luke 9:9	δέ	δέ	C-	--------
Luke 9:9	ἐστιν	εἰμί	V-	3PAI-S--
Luke 9:9	οὗτος	οὗτος	RD	----NSM-
Luke 9:9	περὶ	περί	P-	--------
Luke 9:9	οὗ	ὅς	RR	----GSM-
Luke 9:9	ἀκούω	ἀκούω	V-	1PAI-S--
Luke 9:9	τοιαῦτα	τοιοῦτος	RD	----APN-
Luke 9:9	καὶ	καί	C-	--------
Luke 9:9	ἐζήτει	ζητέω	V-	3IAI-S--
Luke 9:9	ἰδεῖν	ὁράω	V-	-AAN----
Luke 9:9	αὐτόν	αὐτός	RP	----ASM-
Luke 9:10	Καὶ	καί	C-	--------
Luke 9:10	ὑποστρέψαντες	ὑποστρέφω	V-	-AAPNPM-
Luke 9:10	οἱ	ὁ	RA	----NPM-
Luke 9:10	ἀπόστολοι	ἀπόστολος	N-	----NPM-
Luke 9:10	διηγήσαντο	διηγέομαι	V-	3AMI-P--
Luke 9:10	αὐτῷ	αὐτός	RP	----DSM-
Luke 9:10	ὅσα	ὅσος	RR	----APN-
Luke 9:10	ἐποίησαν	ποιέω	V-	3AAI-P--
Luke 9:10	καὶ	καί	C-	--------
Luke 9:10	παραλαβὼν	παραλαμβάνω	V-	-AAPNSM-
Luke 9:10	αὐτοὺς	αὐτός	RP	----APM-
Luke 9:10	ὑπεχώρησεν	ὑποχωρέω	V-	3AAI-S--
Luke 9:10	κατ’	κατά	P-	--------
Luke 9:10	ἰδίαν	ἴδιος	A-	----ASF-
Luke 9:10	εἰς	εἰς	P-	--------
Luke 9:10	πόλιν	πόλις	N-	----ASF-
Luke 9:10	καλουμένην	καλέω	V-	-PPPASF-
Luke 9:10	Βηθσαϊδά	Βηθσαϊδά	N-	----ASF-
Luke 9:11	οἱ	ὁ	RA	----NPM-
Luke 9:11	δὲ	δέ	C-	--------
Luke 9:11	ὄχλοι	ὄχλος	N-	----NPM-
Luke 9:11	γνόντες	γινώσκω	V-	-AAPNPM-
Luke 9:11	ἠκολούθησαν	ἀκολουθέω	V-	3AAI-P--
Luke 9:11	αὐτῷ	αὐτός	RP	----DSM-
Luke 9:11	καὶ	καί	C-	--------
Luke 9:11	ἀποδεξάμενος	ἀποδέχομαι	V-	-AMPNSM-
Luke 9:11	αὐτοὺς	αὐτός	RP	----APM-
Luke 9:11	ἐλάλει	λαλέω	V-	3IAI-S--
Luke 9:11	αὐτοῖς	αὐτός	RP	----DPM-
Luke 9:11	περὶ	περί	P-	--------
Luke 9:11	τῆς	ὁ	RA	----GSF-
Luke 9:11	βασιλείας	βασιλεία	N-	----GSF-
Luke 9:11	τοῦ	ὁ	RA	----GSM-
Luke 9:11	θεοῦ	θεός	N-	----GSM-
Luke 9:11	καὶ	καί	C-	--------
Luke 9:11	τοὺς	ὁ	RA	----APM-
Luke 9:11	χρείαν	χρεία	N-	----ASF-
Luke 9:11	ἔχοντας	ἔχω	V-	-PAPAPM-
Luke 9:11	θεραπείας	θεραπεία	N-	----GSF-
Luke 9:11	ἰᾶτο	ἰάομαι	V-	3IMI-S--
Luke 9:12	Ἡ	ὁ	RA	----NSF-
Luke 9:12	δὲ	δέ	C-	--------
Luke 9:12	ἡμέρα	ἡμέρα	N-	----NSF-
Luke 9:12	ἤρξατο	ἄρχω	V-	3AMI-S--
Luke 9:12	κλίνειν	κλίνω	V-	-PAN----
Luke 9:12	προσελθόντες	προσέρχομαι	V-	-AAPNPM-
Luke 9:12	δὲ	δέ	C-	--------
Luke 9:12	οἱ	ὁ	RA	----NPM-
Luke 9:12	δώδεκα	δώδεκα	A-	----NPM-
Luke 9:12	εἶπαν	λέγω	V-	3AAI-P--
Luke 9:12	αὐτῷ	αὐτός	RP	----DSM-
Luke 9:12	Ἀπόλυσον	ἀπολύω	V-	2AAD-S--
Luke 9:12	τὸν	ὁ	RA	----ASM-
Luke 9:12	ὄχλον	ὄχλος	N-	----ASM-
Luke 9:12	ἵνα	ἵνα	C-	--------
Luke 9:12	πορευθέντες	πορεύομαι	V-	-APPNPM-
Luke 9:12	εἰς	εἰς	P-	--------
Luke 9:12	τὰς	ὁ	RA	----APF-
Luke 9:12	κύκλῳ	κύκλῳ	D-	--------
Luke 9:12	κώμας	κώμη	N-	----APF-
Luke 9:12	καὶ	καί	C-	--------
Luke 9:12	ἀγροὺς	ἀγρός	N-	----APM-
Luke 9:12	καταλύσωσιν	καταλύω	V-	3AAS-P--
Luke 9:12	καὶ	καί	C-	--------
Luke 9:12	εὕρωσιν	εὑρίσκω	V-	3AAS-P--
Luke 9:12	ἐπισιτισμόν	ἐπισιτισμός	N-	----ASM-
Luke 9:12	ὅτι	ὅτι	C-	--------
Luke 9:12	ὧδε	ὧδε	D-	--------
Luke 9:12	ἐν	ἐν	P-	--------
Luke 9:12	ἐρήμῳ	ἔρημος	A-	----DSM-
Luke 9:12	τόπῳ	τόπος	N-	----DSM-
Luke 9:12	ἐσμέν	εἰμί	V-	1PAI-P--
Luke 9:13	εἶπεν	λέγω	V-	3AAI-S--
Luke 9:13	δὲ	δέ	C-	--------
Luke 9:13	πρὸς	πρός	P-	--------
Luke 9:13	αὐτούς	αὐτός	RP	----APM-
Luke 9:13	Δότε	δίδωμι	V-	2AAD-P--
Luke 9:13	αὐτοῖς	αὐτός	RP	----DPM-
Luke 9:13	ὑμεῖς	σύ	RP	----NP--
Luke 9:13	φαγεῖν	ἐσθίω	V-	-AAN----
Luke 9:13	οἱ	ὁ	RA	----NPM-
Luke 9:13	δὲ	δέ	C-	--------
Luke 9:13	εἶπαν	λέγω	V-	3AAI-P--
Luke 9:13	Οὐκ	οὐ	D-	--------
Luke 9:13	εἰσὶν	εἰμί	V-	3PAI-P--
Luke 9:13	ἡμῖν	ἐγώ	RP	----DP--
Luke 9:13	πλεῖον	πολύς	A-	----NSNC
Luke 9:13	ἢ	ἤ	C-	--------
Luke 9:13	ἄρτοι	ἄρτος	N-	----NPM-
Luke 9:13	πέντε	πέντε	A-	----NPM-
Luke 9:13	καὶ	καί	C-	--------
Luke 9:13	ἰχθύες	ἰχθύς	N-	----NPM-
Luke 9:13	δύο	δύο	A-	----NPM-
Luke 9:13	εἰ	εἰ	C-	--------
Luke 9:13	μήτι	μήτι	X-	--------
Luke 9:13	πορευθέντες	πορεύομαι	V-	-APPNPM-
Luke 9:13	ἡμεῖς	ἐγώ	RP	----NP--
Luke 9:13	ἀγοράσωμεν	ἀγοράζω	V-	1AAS-P--
Luke 9:13	εἰς	εἰς	P-	--------
Luke 9:13	πάντα	πᾶς	A-	----ASM-
Luke 9:13	τὸν	ὁ	RA	----ASM-
Luke 9:13	λαὸν	λαός	N-	----ASM-
Luke 9:13	τοῦτον	οὗτος	RD	----ASM-
Luke 9:13	βρώματα	βρῶμα	N-	----APN-
Luke 9:14	ἦσαν	εἰμί	V-	3IAI-P--
Luke 9:14	γὰρ	γάρ	C-	--------
Luke 9:14	ὡσεὶ	ὡσεί	D-	--------
Luke 9:14	ἄνδρες	ἀνήρ	N-	----NPM-
Luke 9:14	πεντακισχίλιοι	πεντακισχίλιοι	A-	----NPM-
Luke 9:14	εἶπεν	λέγω	V-	3AAI-S--
Luke 9:14	δὲ	δέ	C-	--------
Luke 9:14	πρὸς	πρός	P-	--------
Luke 9:14	τοὺς	ὁ	RA	----APM-
Luke 9:14	μαθητὰς	μαθητής	N-	----APM-
Luke 9:14	αὐτοῦ	αὐτός	RP	----GSM-
Luke 9:14	Κατακλίνατε	κατακλίνω	V-	2AAD-P--
Luke 9:14	αὐτοὺς	αὐτός	RP	----APM-
Luke 9:14	κλισίας	κλισία	N-	----APF-
Luke 9:14	ὡσεὶ	ὡσεί	D-	--------
Luke 9:14	ἀνὰ	ἀνά	D-	--------
Luke 9:14	πεντήκοντα	πεντήκοντα	A-	----APM-
Luke 9:15	καὶ	καί	C-	--------
Luke 9:15	ἐποίησαν	ποιέω	V-	3AAI-P--
Luke 9:15	οὕτως	οὕτω(ς)	D-	--------
Luke 9:15	καὶ	καί	C-	--------
Luke 9:15	κατέκλιναν	κατακλίνω	V-	3AAI-P--
Luke 9:15	ἅπαντας	ἅπας	A-	----APM-
Luke 9:16	λαβὼν	λαμβάνω	V-	-AAPNSM-
Luke 9:16	δὲ	δέ	C-	--------
Luke 9:16	τοὺς	ὁ	RA	----APM-
Luke 9:16	πέντε	πέντε	A-	----APM-
Luke 9:16	ἄρτους	ἄρτος	N-	----APM-
Luke 9:16	καὶ	καί	C-	--------
Luke 9:16	τοὺς	ὁ	RA	----APM-
Luke 9:16	δύο	δύο	A-	----APM-
Luke 9:16	ἰχθύας	ἰχθύς	N-	----APM-
Luke 9:16	ἀναβλέψας	ἀναβλέπω	V-	-AAPNSM-
Luke 9:16	εἰς	εἰς	P-	--------
Luke 9:16	τὸν	ὁ	RA	----ASM-
Luke 9:16	οὐρανὸν	οὐρανός	N-	----ASM-
Luke 9:16	εὐλόγησεν	εὐλογέω	V-	3AAI-S--
Luke 9:16	αὐτοὺς	αὐτός	RP	----APM-
Luke 9:16	καὶ	καί	C-	--------
Luke 9:16	κατέκλασεν	κατακλάω	V-	3AAI-S--
Luke 9:16	καὶ	καί	C-	--------
Luke 9:16	ἐδίδου	δίδωμι	V-	3IAI-S--
Luke 9:16	τοῖς	ὁ	RA	----DPM-
Luke 9:16	μαθηταῖς	μαθητής	N-	----DPM-
Luke 9:16	παραθεῖναι	παρατίθημι	V-	-AAN----
Luke 9:16	τῷ	ὁ	RA	----DSM-
Luke 9:16	ὄχλῳ	ὄχλος	N-	----DSM-
Luke 9:17	καὶ	καί	C-	--------
Luke 9:17	ἔφαγον	ἐσθίω	V-	3AAI-P--
Luke 9:17	καὶ	καί	C-	--------
Luke 9:17	ἐχορτάσθησαν	χορτάζω	V-	3API-P--
Luke 9:17	πάντες	πᾶς	A-	----NPM-
Luke 9:17	καὶ	καί	C-	--------
Luke 9:17	ἤρθη	αἴρω	V-	3API-S--
Luke 9:17	τὸ	ὁ	RA	----NSN-
Luke 9:17	περισσεῦσαν	περισσεύω	V-	-AAPNSN-
Luke 9:17	αὐτοῖς	αὐτός	RP	----DPM-
Luke 9:17	κλασμάτων	κλάσμα	N-	----GPN-
Luke 9:17	κόφινοι	κόφινος	N-	----NPM-
Luke 9:17	δώδεκα	δώδεκα	A-	----NPM-
Luke 9:18	Καὶ	καί	C-	--------
Luke 9:18	ἐγένετο	γίνομαι	V-	3AMI-S--
Luke 9:18	ἐν	ἐν	P-	--------
Luke 9:18	τῷ	ὁ	RA	----DSN-
Luke 9:18	εἶναι	εἰμί	V-	-PAN----
Luke 9:18	αὐτὸν	αὐτός	RP	----ASM-
Luke 9:18	προσευχόμενον	προσεύχομαι	V-	-PMPASM-
Luke 9:18	κατὰ	κατά	P-	--------
Luke 9:18	μόνας	μόνος	A-	----APF-
Luke 9:18	συνῆσαν	σύνειμι	V-	3IAI-P--
Luke 9:18	αὐτῷ	αὐτός	RP	----DSM-
Luke 9:18	οἱ	ὁ	RA	----NPM-
Luke 9:18	μαθηταί	μαθητής	N-	----NPM-
Luke 9:18	καὶ	καί	C-	--------
Luke 9:18	ἐπηρώτησεν	ἐπερωτάω	V-	3AAI-S--
Luke 9:18	αὐτοὺς	αὐτός	RP	----APM-
Luke 9:18	λέγων	λέγω	V-	-PAPNSM-
Luke 9:18	Τίνα	τίς	RI	----ASM-
Luke 9:18	με	ἐγώ	RP	----AS--
Luke 9:18	οἱ	ὁ	RA	----NPM-
Luke 9:18	ὄχλοι	ὄχλος	N-	----NPM-
Luke 9:18	λέγουσιν	λέγω	V-	3PAI-P--
Luke 9:18	εἶναι	εἰμί	V-	-PAN----
Luke 9:19	οἱ	ὁ	RA	----NPM-
Luke 9:19	δὲ	δέ	C-	--------
Luke 9:19	ἀποκριθέντες	ἀποκρίνομαι	V-	-APPNPM-
Luke 9:19	εἶπαν	λέγω	V-	3AAI-P--
Luke 9:19	Ἰωάννην	Ἰωάννης	N-	----ASM-
Luke 9:19	τὸν	ὁ	RA	----ASM-
Luke 9:19	βαπτιστήν	βαπτιστής	N-	----ASM-
Luke 9:19	ἄλλοι	ἄλλος	A-	----NPM-
Luke 9:19	δὲ	δέ	C-	--------
Luke 9:19	Ἠλίαν	Ἠλίας	N-	----ASM-
Luke 9:19	ἄλλοι	ἄλλος	A-	----NPM-
Luke 9:19	δὲ	δέ	C-	--------
Luke 9:19	ὅτι	ὅτι	C-	--------
Luke 9:19	προφήτης	προφήτης	N-	----NSM-
Luke 9:19	τις	τις	RI	----NSM-
Luke 9:19	τῶν	ὁ	RA	----GPM-
Luke 9:19	ἀρχαίων	ἀρχαῖος	A-	----GPM-
Luke 9:19	ἀνέστη	ἀνίστημι	V-	3AAI-S--
Luke 9:20	εἶπεν	λέγω	V-	3AAI-S--
Luke 9:20	δὲ	δέ	C-	--------
Luke 9:20	αὐτοῖς	αὐτός	RP	----DPM-
Luke 9:20	Ὑμεῖς	σύ	RP	----NP--
Luke 9:20	δὲ	δέ	C-	--------
Luke 9:20	τίνα	τίς	RI	----ASM-
Luke 9:20	με	ἐγώ	RP	----AS--
Luke 9:20	λέγετε	λέγω	V-	2PAI-P--
Luke 9:20	εἶναι	εἰμί	V-	-PAN----
Luke 9:20	Πέτρος	Πέτρος	N-	----NSM-
Luke 9:20	δὲ	δέ	C-	--------
Luke 9:20	ἀποκριθεὶς	ἀποκρίνομαι	V-	-APPNSM-
Luke 9:20	εἶπεν	λέγω	V-	3AAI-S--
Luke 9:20	Τὸν	ὁ	RA	----ASM-
Luke 9:20	χριστὸν	Χριστός	N-	----ASM-
Luke 9:20	τοῦ	ὁ	RA	----GSM-
Luke 9:20	θεοῦ	θεός	N-	----GSM-
Luke 9:21	Ὁ	ὁ	RA	----NSM-
Luke 9:21	δὲ	δέ	C-	--------
Luke 9:21	ἐπιτιμήσας	ἐπιτιμάω	V-	-AAPNSM-
Luke 9:21	αὐτοῖς	αὐτός	RP	----DPM-
Luke 9:21	παρήγγειλεν	παραγγέλλω	V-	3AAI-S--
Luke 9:21	μηδενὶ	μηδείς	A-	----DSM-
Luke 9:21	λέγειν	λέγω	V-	-PAN----
Luke 9:21	τοῦτο	οὗτος	RD	----ASN-
Luke 9:22	εἰπὼν	λέγω	V-	-AAPNSM-
Luke 9:22	ὅτι	ὅτι	C-	--------
Luke 9:22	Δεῖ	δέω	V-	3PAI-S--
Luke 9:22	τὸν	ὁ	RA	----ASM-
Luke 9:22	υἱὸν	υἱός	N-	----ASM-
Luke 9:22	τοῦ	ὁ	RA	----GSM-
Luke 9:22	ἀνθρώπου	ἄνθρωπος	N-	----GSM-
Luke 9:22	πολλὰ	πολύς	A-	----APN-
Luke 9:22	παθεῖν	πάσχω	V-	-AAN----
Luke 9:22	καὶ	καί	C-	--------
Luke 9:22	ἀποδοκιμασθῆναι	ἀποδοκιμάζω	V-	-APN----
Luke 9:22	ἀπὸ	ἀπό	P-	--------
Luke 9:22	τῶν	ὁ	RA	----GPM-
Luke 9:22	πρεσβυτέρων	πρεσβύτερος	A-	----GPM-
Luke 9:22	καὶ	καί	C-	--------
Luke 9:22	ἀρχιερέων	ἀρχιερεύς	N-	----GPM-
Luke 9:22	καὶ	καί	C-	--------
Luke 9:22	γραμματέων	γραμματεύς	N-	----GPM-
Luke 9:22	καὶ	καί	C-	--------
Luke 9:22	ἀποκτανθῆναι	ἀποκτείνω	V-	-APN----
Luke 9:22	καὶ	καί	C-	--------
Luke 9:22	τῇ	ὁ	RA	----DSF-
Luke 9:22	τρίτῃ	τρίτος	A-	----DSF-
Luke 9:22	ἡμέρᾳ	ἡμέρα	N-	----DSF-
Luke 9:22	ἐγερθῆναι	ἐγείρω	V-	-APN----
Luke 9:23	Ἔλεγεν	λέγω	V-	3IAI-S--
Luke 9:23	δὲ	δέ	C-	--------
Luke 9:23	πρὸς	πρός	P-	--------
Luke 9:23	πάντας	πᾶς	A-	----APM-
Luke 9:23	Εἴ	εἰ	C-	--------
Luke 9:23	τις	τις	RI	----NSM-
Luke 9:23	θέλει	θέλω	V-	3PAI-S--
Luke 9:23	ὀπίσω	ὀπίσω	P-	--------
Luke 9:23	μου	ἐγώ	RP	----GS--
Luke 9:23	ἔρχεσθαι	ἔρχομαι	V-	-PMN----
Luke 9:23	ἀρνησάσθω	ἀρνέομαι	V-	3AMD-S--
Luke 9:23	ἑαυτὸν	ἑαυτοῦ	RP	----ASM-
Luke 9:23	καὶ	καί	C-	--------
Luke 9:23	ἀράτω	αἴρω	V-	3AAD-S--
Luke 9:23	τὸν	ὁ	RA	----ASM-
Luke 9:23	σταυρὸν	σταυρός	N-	----ASM-
Luke 9:23	αὐτοῦ	αὐτός	RP	----GSM-
Luke 9:23	καθ’	κατά	P-	--------
Luke 9:23	ἡμέραν	ἡμέρα	N-	----ASF-
Luke 9:23	καὶ	καί	C-	--------
Luke 9:23	ἀκολουθείτω	ἀκολουθέω	V-	3PAD-S--
Luke 9:23	μοι	ἐγώ	RP	----DS--
Luke 9:24	ὃς	ὅς	RR	----NSM-
Luke 9:24	γὰρ	γάρ	C-	--------
Luke 9:24	ἂν	ἄν	X-	--------
Luke 9:24	θέλῃ	θέλω	V-	3PAS-S--
Luke 9:24	τὴν	ὁ	RA	----ASF-
Luke 9:24	ψυχὴν	ψυχή	N-	----ASF-
Luke 9:24	αὐτοῦ	αὐτός	RP	----GSM-
Luke 9:24	σῶσαι	σῴζω	V-	-AAN----
Luke 9:24	ἀπολέσει	ἀπόλλυμι	V-	3FAI-S--
Luke 9:24	αὐτήν	αὐτός	RP	----ASF-
Luke 9:24	ὃς	ὅς	RR	----NSM-
Luke 9:24	δ’	δέ	C-	--------
Luke 9:24	ἂν	ἄν	X-	--------
Luke 9:24	ἀπολέσῃ	ἀπόλλυμι	V-	3AAS-S--
Luke 9:24	τὴν	ὁ	RA	----ASF-
Luke 9:24	ψυχὴν	ψυχή	N-	----ASF-
Luke 9:24	αὐτοῦ	αὐτός	RP	----GSM-
Luke 9:24	ἕνεκεν	ἕνεκεν	P-	--------
Luke 9:24	ἐμοῦ	ἐγώ	RP	----GS--
Luke 9:24	οὗτος	οὗτος	RD	----NSM-
Luke 9:24	σώσει	σῴζω	V-	3FAI-S--
Luke 9:24	αὐτήν	αὐτός	RP	----ASF-
Luke 9:25	τί	τίς	RI	----ASN-
Luke 9:25	γὰρ	γάρ	C-	--------
Luke 9:25	ὠφελεῖται	ὠφελέω	V-	3PPI-S--
Luke 9:25	ἄνθρωπος	ἄνθρωπος	N-	----NSM-
Luke 9:25	κερδήσας	κερδαίνω	V-	-AAPNSM-
Luke 9:25	τὸν	ὁ	RA	----ASM-
Luke 9:25	κόσμον	κόσμος	N-	----ASM-
Luke 9:25	ὅλον	ὅλος	A-	----ASM-
Luke 9:25	ἑαυτὸν	ἑαυτοῦ	RP	----ASM-
Luke 9:25	δὲ	δέ	C-	--------
Luke 9:25	ἀπολέσας	ἀπόλλυμι	V-	-AAPNSM-
Luke 9:25	ἢ	ἤ	C-	--------
Luke 9:25	ζημιωθείς	ζημιόω	V-	-APPNSM-
Luke 9:26	ὃς	ὅς	RR	----NSM-
Luke 9:26	γὰρ	γάρ	C-	--------
Luke 9:26	ἂν	ἄν	X-	--------
Luke 9:26	ἐπαισχυνθῇ	ἐπαισχύνομαι	V-	3APS-S--
Luke 9:26	με	ἐγώ	RP	----AS--
Luke 9:26	καὶ	καί	C-	--------
Luke 9:26	τοὺς	ὁ	RA	----APM-
Luke 9:26	ἐμοὺς	ἐμός	A-	----APM-
Luke 9:26	λόγους	λόγος	N-	----APM-
Luke 9:26	τοῦτον	οὗτος	RD	----ASM-
Luke 9:26	ὁ	ὁ	RA	----NSM-
Luke 9:26	υἱὸς	υἱός	N-	----NSM-
Luke 9:26	τοῦ	ὁ	RA	----GSM-
Luke 9:26	ἀνθρώπου	ἄνθρωπος	N-	----GSM-
Luke 9:26	ἐπαισχυνθήσεται	ἐπαισχύνομαι	V-	3FPI-S--
Luke 9:26	ὅταν	ὅταν	C-	--------
Luke 9:26	ἔλθῃ	ἔρχομαι	V-	3AAS-S--
Luke 9:26	ἐν	ἐν	P-	--------
Luke 9:26	τῇ	ὁ	RA	----DSF-
Luke 9:26	δόξῃ	δόξα	N-	----DSF-
Luke 9:26	αὐτοῦ	αὐτός	RP	----GSM-
Luke 9:26	καὶ	καί	C-	--------
Luke 9:26	τοῦ	ὁ	RA	----GSM-
Luke 9:26	πατρὸς	πατήρ	N-	----GSM-
Luke 9:26	καὶ	καί	C-	--------
Luke 9:26	τῶν	ὁ	RA	----GPM-
Luke 9:26	ἁγίων	ἅγιος	A-	----GPM-
Luke 9:26	ἀγγέλων	ἄγγελος	N-	----GPM-
Luke 9:27	λέγω	λέγω	V-	1PAI-S--
Luke 9:27	δὲ	δέ	C-	--------
Luke 9:27	ὑμῖν	σύ	RP	----DP--
Luke 9:27	ἀληθῶς	ἀληθῶς	D-	--------
Luke 9:27	εἰσίν	εἰμί	V-	3PAI-P--
Luke 9:27	τινες	τις	RI	----NPM-
Luke 9:27	τῶν	ὁ	RA	----GPM-
Luke 9:27	αὐτοῦ	αὐτοῦ	D-	--------
Luke 9:27	ἑστηκότων	ἵστημι	V-	-XAPGPM-
Luke 9:27	οἳ	ὅς	RR	----NPM-
Luke 9:27	οὐ	οὐ	D-	--------
Luke 9:27	μὴ	μή	D-	--------
Luke 9:27	γεύσωνται	γεύομαι	V-	3AMS-P--
Luke 9:27	θανάτου	θάνατος	N-	----GSM-
Luke 9:27	ἕως	ἕως	C-	--------
Luke 9:27	ἂν	ἄν	X-	--------
Luke 9:27	ἴδωσιν	ὁράω	V-	3AAS-P--
Luke 9:27	τὴν	ὁ	RA	----ASF-
Luke 9:27	βασιλείαν	βασιλεία	N-	----ASF-
Luke 9:27	τοῦ	ὁ	RA	----GSM-
Luke 9:27	θεοῦ	θεός	N-	----GSM-
Luke 9:28	Ἐγένετο	γίνομαι	V-	3AMI-S--
Luke 9:28	δὲ	δέ	C-	--------
Luke 9:28	μετὰ	μετά	P-	--------
Luke 9:28	τοὺς	ὁ	RA	----APM-
Luke 9:28	λόγους	λόγος	N-	----APM-
Luke 9:28	τούτους	οὗτος	RD	----APM-
Luke 9:28	ὡσεὶ	ὡσεί	D-	--------
Luke 9:28	ἡμέραι	ἡμέρα	N-	----NPF-
Luke 9:28	ὀκτὼ	ὀκτώ	A-	----NPF-
Luke 9:28	καὶ	καί	C-	--------
Luke 9:28	παραλαβὼν	παραλαμβάνω	V-	-AAPNSM-
Luke 9:28	Πέτρον	Πέτρος	N-	----ASM-
Luke 9:28	καὶ	καί	C-	--------
Luke 9:28	Ἰωάννην	Ἰωάννης	N-	----ASM-
Luke 9:28	καὶ	καί	C-	--------
Luke 9:28	Ἰάκωβον	Ἰάκωβος	N-	----ASM-
Luke 9:28	ἀνέβη	ἀναβαίνω	V-	3AAI-S--
Luke 9:28	εἰς	εἰς	P-	--------
Luke 9:28	τὸ	ὁ	RA	----ASN-
Luke 9:28	ὄρος	ὄρος	N-	----ASN-
Luke 9:28	προσεύξασθαι	προσεύχομαι	V-	-AMN----
Luke 9:29	καὶ	καί	C-	--------
Luke 9:29	ἐγένετο	γίνομαι	V-	3AMI-S--
Luke 9:29	ἐν	ἐν	P-	--------
Luke 9:29	τῷ	ὁ	RA	----DSN-
Luke 9:29	προσεύχεσθαι	προσεύχομαι	V-	-PMN----
Luke 9:29	αὐτὸν	αὐτός	RP	----ASM-
Luke 9:29	τὸ	ὁ	RA	----NSN-
Luke 9:29	εἶδος	εἶδος	N-	----NSN-
Luke 9:29	τοῦ	ὁ	RA	----GSN-
Luke 9:29	προσώπου	πρόσωπον	N-	----GSN-
Luke 9:29	αὐτοῦ	αὐτός	RP	----GSM-
Luke 9:29	ἕτερον	ἕτερος	A-	----NSN-
Luke 9:29	καὶ	καί	C-	--------
Luke 9:29	ὁ	ὁ	RA	----NSM-
Luke 9:29	ἱματισμὸς	ἱματισμός	N-	----NSM-
Luke 9:29	αὐτοῦ	αὐτός	RP	----GSM-
Luke 9:29	λευκὸς	λευκός	A-	----NSM-
Luke 9:29	ἐξαστράπτων	ἐξαστράπτω	V-	-PAPNSM-
Luke 9:30	καὶ	καί	C-	--------
Luke 9:30	ἰδοὺ	ἰδού	X-	--------
Luke 9:30	ἄνδρες	ἀνήρ	N-	----NPM-
Luke 9:30	δύο	δύο	A-	----NPM-
Luke 9:30	συνελάλουν	συλλαλέω	V-	3IAI-P--
Luke 9:30	αὐτῷ	αὐτός	RP	----DSM-
Luke 9:30	οἵτινες	ὅστις	RR	----NPM-
Luke 9:30	ἦσαν	εἰμί	V-	3IAI-P--
Luke 9:30	Μωϋσῆς	Μωϋσῆς	N-	----NSM-
Luke 9:30	καὶ	καί	C-	--------
Luke 9:30	Ἠλίας	Ἠλίας	N-	----NSM-
Luke 9:31	οἳ	ὅς	RR	----NPM-
Luke 9:31	ὀφθέντες	ὁράω	V-	-APPNPM-
Luke 9:31	ἐν	ἐν	P-	--------
Luke 9:31	δόξῃ	δόξα	N-	----DSF-
Luke 9:31	ἔλεγον	λέγω	V-	3IAI-P--
Luke 9:31	τὴν	ὁ	RA	----ASF-
Luke 9:31	ἔξοδον	ἔξοδος	N-	----ASF-
Luke 9:31	αὐτοῦ	αὐτός	RP	----GSM-
Luke 9:31	ἣν	ὅς	RR	----ASF-
Luke 9:31	ἤμελλεν	μέλλω	V-	3IAI-S--
Luke 9:31	πληροῦν	πληρόω	V-	-PAN----
Luke 9:31	ἐν	ἐν	P-	--------
Luke 9:31	Ἰερουσαλήμ	Ἰερουσαλήμ	N-	----DSF-
Luke 9:32	ὁ	ὁ	RA	----NSM-
Luke 9:32	δὲ	δέ	C-	--------
Luke 9:32	Πέτρος	Πέτρος	N-	----NSM-
Luke 9:32	καὶ	καί	C-	--------
Luke 9:32	οἱ	ὁ	RA	----NPM-
Luke 9:32	σὺν	σύν	P-	--------
Luke 9:32	αὐτῷ	αὐτός	RP	----DSM-
Luke 9:32	ἦσαν	εἰμί	V-	3IAI-P--
Luke 9:32	βεβαρημένοι	βαρέω	V-	-XPPNPM-
Luke 9:32	ὕπνῳ	ὕπνος	N-	----DSM-
Luke 9:32	διαγρηγορήσαντες	διαγρηγορέω	V-	-AAPNPM-
Luke 9:32	δὲ	δέ	C-	--------
Luke 9:32	εἶδον	ὁράω	V-	3AAI-P--
Luke 9:32	τὴν	ὁ	RA	----ASF-
Luke 9:32	δόξαν	δόξα	N-	----ASF-
Luke 9:32	αὐτοῦ	αὐτός	RP	----GSM-
Luke 9:32	καὶ	καί	C-	--------
Luke 9:32	τοὺς	ὁ	RA	----APM-
Luke 9:32	δύο	δύο	A-	----APM-
Luke 9:32	ἄνδρας	ἀνήρ	N-	----APM-
Luke 9:32	τοὺς	ὁ	RA	----APM-
Luke 9:32	συνεστῶτας	συνίστημι	V-	-XAPAPM-
Luke 9:32	αὐτῷ	αὐτός	RP	----DSM-
Luke 9:33	καὶ	καί	C-	--------
Luke 9:33	ἐγένετο	γίνομαι	V-	3AMI-S--
Luke 9:33	ἐν	ἐν	P-	--------
Luke 9:33	τῷ	ὁ	RA	----DSN-
Luke 9:33	διαχωρίζεσθαι	διαχωρίζομαι	V-	-PPN----
Luke 9:33	αὐτοὺς	αὐτός	RP	----APM-
Luke 9:33	ἀπ’	ἀπό	P-	--------
Luke 9:33	αὐτοῦ	αὐτός	RP	----GSM-
Luke 9:33	εἶπεν	λέγω	V-	3AAI-S--
Luke 9:33	ὁ	ὁ	RA	----NSM-
Luke 9:33	Πέτρος	Πέτρος	N-	----NSM-
Luke 9:33	πρὸς	πρός	P-	--------
Luke 9:33	τὸν	ὁ	RA	----ASM-
Luke 9:33	Ἰησοῦν	Ἰησοῦς	N-	----ASM-
Luke 9:33	Ἐπιστάτα	ἐπιστάτης	N-	----VSM-
Luke 9:33	καλόν	καλός	A-	----NSN-
Luke 9:33	ἐστιν	εἰμί	V-	3PAI-S--
Luke 9:33	ἡμᾶς	ἐγώ	RP	----AP--
Luke 9:33	ὧδε	ὧδε	D-	--------
Luke 9:33	εἶναι	εἰμί	V-	-PAN----
Luke 9:33	καὶ	καί	C-	--------
Luke 9:33	ποιήσωμεν	ποιέω	V-	1AAS-P--
Luke 9:33	σκηνὰς	σκηνή	N-	----APF-
Luke 9:33	τρεῖς	τρεῖς	A-	----APF-
Luke 9:33	μίαν	εἷς	A-	----ASF-
Luke 9:33	σοὶ	σύ	RP	----DS--
Luke 9:33	καὶ	καί	C-	--------
Luke 9:33	μίαν	εἷς	A-	----ASF-
Luke 9:33	Μωϋσεῖ	Μωϋσῆς	N-	----DSM-
Luke 9:33	καὶ	καί	C-	--------
Luke 9:33	μίαν	εἷς	A-	----ASF-
Luke 9:33	Ἠλίᾳ	Ἠλίας	N-	----DSM-
Luke 9:33	μὴ	μή	D-	--------
Luke 9:33	εἰδὼς	ὁράω	V-	-XAPNSM-
Luke 9:33	ὃ	ὅς	RR	----ASN-
Luke 9:33	λέγει	λέγω	V-	3PAI-S--
Luke 9:34	ταῦτα	οὗτος	RD	----APN-
Luke 9:34	δὲ	δέ	C-	--------
Luke 9:34	αὐτοῦ	αὐτός	RP	----GSM-
Luke 9:34	λέγοντος	λέγω	V-	-PAPGSM-
Luke 9:34	ἐγένετο	γίνομαι	V-	3AMI-S--
Luke 9:34	νεφέλη	νεφέλη	N-	----NSF-
Luke 9:34	καὶ	καί	C-	--------
Luke 9:34	ἐπεσκίαζεν	ἐπισκιάζω	V-	3IAI-S--
Luke 9:34	αὐτούς	αὐτός	RP	----APM-
Luke 9:34	ἐφοβήθησαν	φοβέομαι	V-	3API-P--
Luke 9:34	δὲ	δέ	C-	--------
Luke 9:34	ἐν	ἐν	P-	--------
Luke 9:34	τῷ	ὁ	RA	----DSN-
Luke 9:34	εἰσελθεῖν	εἰσέρχομαι	V-	-AAN----
Luke 9:34	αὐτοὺς	αὐτός	RP	----APM-
Luke 9:34	εἰς	εἰς	P-	--------
Luke 9:34	τὴν	ὁ	RA	----ASF-
Luke 9:34	νεφέλην	νεφέλη	N-	----ASF-
Luke 9:35	καὶ	καί	C-	--------
Luke 9:35	φωνὴ	φωνή	N-	----NSF-
Luke 9:35	ἐγένετο	γίνομαι	V-	3AMI-S--
Luke 9:35	ἐκ	ἐκ	P-	--------
Luke 9:35	τῆς	ὁ	RA	----GSF-
Luke 9:35	νεφέλης	νεφέλη	N-	----GSF-
Luke 9:35	λέγουσα	λέγω	V-	-PAPNSF-
Luke 9:35	Οὗτός	οὗτος	RD	----NSM-
Luke 9:35	ἐστιν	εἰμί	V-	3PAI-S--
Luke 9:35	ὁ	ὁ	RA	----NSM-
Luke 9:35	υἱός	υἱός	N-	----NSM-
Luke 9:35	μου	ἐγώ	RP	----GS--
Luke 9:35	ὁ	ὁ	RA	----NSM-
Luke 9:35	ἐκλελεγμένος	ἐκλέγομαι	V-	-XPPNSM-
Luke 9:35	αὐτοῦ	αὐτός	RP	----GSM-
Luke 9:35	ἀκούετε	ἀκούω	V-	2PAD-P--
Luke 9:36	καὶ	καί	C-	--------
Luke 9:36	ἐν	ἐν	P-	--------
Luke 9:36	τῷ	ὁ	RA	----DSN-
Luke 9:36	γενέσθαι	γίνομαι	V-	-AMN----
Luke 9:36	τὴν	ὁ	RA	----ASF-
Luke 9:36	φωνὴν	φωνή	N-	----ASF-
Luke 9:36	εὑρέθη	εὑρίσκω	V-	3API-S--
Luke 9:36	Ἰησοῦς	Ἰησοῦς	N-	----NSM-
Luke 9:36	μόνος	μόνος	A-	----NSM-
Luke 9:36	καὶ	καί	C-	--------
Luke 9:36	αὐτοὶ	αὐτός	RP	----NPM-
Luke 9:36	ἐσίγησαν	σιγάω	V-	3AAI-P--
Luke 9:36	καὶ	καί	C-	--------
Luke 9:36	οὐδενὶ	οὐδείς	A-	----DSM-
Luke 9:36	ἀπήγγειλαν	ἀπαγγέλλω	V-	3AAI-P--
Luke 9:36	ἐν	ἐν	P-	--------
Luke 9:36	ἐκείναις	ἐκεῖνος	RD	----DPF-
Luke 9:36	ταῖς	ὁ	RA	----DPF-
Luke 9:36	ἡμέραις	ἡμέρα	N-	----DPF-
Luke 9:36	οὐδὲν	οὐδείς	A-	----ASN-
Luke 9:36	ὧν	ὅς	RR	----GPN-
Luke 9:36	ἑώρακαν	ὁράω	V-	3XAI-P--
Luke 9:37	Ἐγένετο	γίνομαι	V-	3AMI-S--
Luke 9:37	δὲ	δέ	C-	--------
Luke 9:37	τῇ	ὁ	RA	----DSF-
Luke 9:37	ἑξῆς	ἑξῆς	D-	--------
Luke 9:37	ἡμέρᾳ	ἡμέρα	N-	----DSF-
Luke 9:37	κατελθόντων	κατέρχομαι	V-	-AAPGPM-
Luke 9:37	αὐτῶν	αὐτός	RP	----GPM-
Luke 9:37	ἀπὸ	ἀπό	P-	--------
Luke 9:37	τοῦ	ὁ	RA	----GSN-
Luke 9:37	ὄρους	ὄρος	N-	----GSN-
Luke 9:37	συνήντησεν	συναντάω	V-	3AAI-S--
Luke 9:37	αὐτῷ	αὐτός	RP	----DSM-
Luke 9:37	ὄχλος	ὄχλος	N-	----NSM-
Luke 9:37	πολύς	πολύς	A-	----NSM-
Luke 9:38	καὶ	καί	C-	--------
Luke 9:38	ἰδοὺ	ἰδού	X-	--------
Luke 9:38	ἀνὴρ	ἀνήρ	N-	----NSM-
Luke 9:38	ἀπὸ	ἀπό	P-	--------
Luke 9:38	τοῦ	ὁ	RA	----GSM-
Luke 9:38	ὄχλου	ὄχλος	N-	----GSM-
Luke 9:38	ἐβόησεν	βοάω	V-	3AAI-S--
Luke 9:38	λέγων	λέγω	V-	-PAPNSM-
Luke 9:38	Διδάσκαλε	διδάσκαλος	N-	----VSM-
Luke 9:38	δέομαί	δέομαι	V-	1PMI-S--
Luke 9:38	σου	σύ	RP	----GS--
Luke 9:38	ἐπιβλέψαι	ἐπιβλέπω	V-	-AAN----
Luke 9:38	ἐπὶ	ἐπί	P-	--------
Luke 9:38	τὸν	ὁ	RA	----ASM-
Luke 9:38	υἱόν	υἱός	N-	----ASM-
Luke 9:38	μου	ἐγώ	RP	----GS--
Luke 9:38	ὅτι	ὅτι	C-	--------
Luke 9:38	μονογενής	μονογενής	A-	----NSM-
Luke 9:38	μοί	ἐγώ	RP	----DS--
Luke 9:38	ἐστιν	εἰμί	V-	3PAI-S--
Luke 9:39	καὶ	καί	C-	--------
Luke 9:39	ἰδοὺ	ἰδού	X-	--------
Luke 9:39	πνεῦμα	πνεῦμα	N-	----NSN-
Luke 9:39	λαμβάνει	λαμβάνω	V-	3PAI-S--
Luke 9:39	αὐτόν	αὐτός	RP	----ASM-
Luke 9:39	καὶ	καί	C-	--------
Luke 9:39	ἐξαίφνης	ἐξαίφνης	D-	--------
Luke 9:39	κράζει	κράζω	V-	3PAI-S--
Luke 9:39	καὶ	καί	C-	--------
Luke 9:39	σπαράσσει	σπαράσσω	V-	3PAI-S--
Luke 9:39	αὐτὸν	αὐτός	RP	----ASM-
Luke 9:39	μετὰ	μετά	P-	--------
Luke 9:39	ἀφροῦ	ἀφρός	N-	----GSM-
Luke 9:39	καὶ	καί	C-	--------
Luke 9:39	μόγις	μόγις	D-	--------
Luke 9:39	ἀποχωρεῖ	ἀποχωρέω	V-	3PAI-S--
Luke 9:39	ἀπ’	ἀπό	P-	--------
Luke 9:39	αὐτοῦ	αὐτός	RP	----GSM-
Luke 9:39	συντρῖβον	συντρίβω	V-	-PAPNSN-
Luke 9:39	αὐτόν	αὐτός	RP	----ASM-
Luke 9:40	καὶ	καί	C-	--------
Luke 9:40	ἐδεήθην	δέω	V-	1API-S--
Luke 9:40	τῶν	ὁ	RA	----GPM-
Luke 9:40	μαθητῶν	μαθητής	N-	----GPM-
Luke 9:40	σου	σύ	RP	----GS--
Luke 9:40	ἵνα	ἵνα	C-	--------
Luke 9:40	ἐκβάλωσιν	ἐκβάλλω	V-	3AAS-P--
Luke 9:40	αὐτό	αὐτός	RP	----ASN-
Luke 9:40	καὶ	καί	C-	--------
Luke 9:40	οὐκ	οὐ	D-	--------
Luke 9:40	ἠδυνήθησαν	δύναμαι	V-	3API-P--
Luke 9:41	ἀποκριθεὶς	ἀποκρίνομαι	V-	-APPNSM-
Luke 9:41	δὲ	δέ	C-	--------
Luke 9:41	ὁ	ὁ	RA	----NSM-
Luke 9:41	Ἰησοῦς	Ἰησοῦς	N-	----NSM-
Luke 9:41	εἶπεν	λέγω	V-	3AAI-S--
Luke 9:41	Ὦ	ὦ	X-	--------
Luke 9:41	γενεὰ	γενεά	N-	----VSF-
Luke 9:41	ἄπιστος	ἄπιστος	A-	----VSF-
Luke 9:41	καὶ	καί	C-	--------
Luke 9:41	διεστραμμένη	διαστρέφω	V-	-XPPVSF-
Luke 9:41	ἕως	ἕως	P-	--------
Luke 9:41	πότε	πότε	D-	--------
Luke 9:41	ἔσομαι	εἰμί	V-	1FMI-S--
Luke 9:41	πρὸς	πρός	P-	--------
Luke 9:41	ὑμᾶς	σύ	RP	----AP--
Luke 9:41	καὶ	καί	C-	--------
Luke 9:41	ἀνέξομαι	ἀνέχομαι	V-	1FMI-S--
Luke 9:41	ὑμῶν	σύ	RP	----GP--
Luke 9:41	προσάγαγε	προσάγω	V-	2AAD-S--
Luke 9:41	ὧδε	ὧδε	D-	--------
Luke 9:41	τὸν	ὁ	RA	----ASM-
Luke 9:41	υἱόν	υἱός	N-	----ASM-
Luke 9:41	σου	σύ	RP	----GS--
Luke 9:42	ἔτι	ἔτι	D-	--------
Luke 9:42	δὲ	δέ	C-	--------
Luke 9:42	προσερχομένου	προσέρχομαι	V-	-PMPGSM-
Luke 9:42	αὐτοῦ	αὐτός	RP	----GSM-
Luke 9:42	ἔρρηξεν	ῥήγνυμι	V-	3AAI-S--
Luke 9:42	αὐτὸν	αὐτός	RP	----ASM-
Luke 9:42	τὸ	ὁ	RA	----NSN-
Luke 9:42	δαιμόνιον	δαιμόνιον	N-	----NSN-
Luke 9:42	καὶ	καί	C-	--------
Luke 9:42	συνεσπάραξεν	συσπαράσσω	V-	3AAI-S--
Luke 9:42	ἐπετίμησεν	ἐπιτιμάω	V-	3AAI-S--
Luke 9:42	δὲ	δέ	C-	--------
Luke 9:42	ὁ	ὁ	RA	----NSM-
Luke 9:42	Ἰησοῦς	Ἰησοῦς	N-	----NSM-
Luke 9:42	τῷ	ὁ	RA	----DSN-
Luke 9:42	πνεύματι	πνεῦμα	N-	----DSN-
Luke 9:42	τῷ	ὁ	RA	----DSN-
Luke 9:42	ἀκαθάρτῳ	ἀκάθαρτος	A-	----DSN-
Luke 9:42	καὶ	καί	C-	--------
Luke 9:42	ἰάσατο	ἰάομαι	V-	3AMI-S--
Luke 9:42	τὸν	ὁ	RA	----ASM-
Luke 9:42	παῖδα	παῖς	N-	----ASM-
Luke 9:42	καὶ	καί	C-	--------
Luke 9:42	ἀπέδωκεν	ἀποδίδωμι	V-	3AAI-S--
Luke 9:42	αὐτὸν	αὐτός	RP	----ASM-
Luke 9:42	τῷ	ὁ	RA	----DSM-
Luke 9:42	πατρὶ	πατήρ	N-	----DSM-
Luke 9:42	αὐτοῦ	αὐτός	RP	----GSM-
Luke 9:43	ἐξεπλήσσοντο	ἐκπλήσσομαι	V-	3IPI-P--
Luke 9:43	δὲ	δέ	C-	--------
Luke 9:43	πάντες	πᾶς	A-	----NPM-
Luke 9:43	ἐπὶ	ἐπί	P-	--------
Luke 9:43	τῇ	ὁ	RA	----DSF-
Luke 9:43	μεγαλειότητι	μεγαλειότης	N-	----DSF-
Luke 9:43	τοῦ	ὁ	RA	----GSM-
Luke 9:43	θεοῦ	θεός	N-	----GSM-
Luke 9:43	Πάντων	πᾶς	A-	----GPM-
Luke 9:43	δὲ	δέ	C-	--------
Luke 9:43	θαυμαζόντων	θαυμάζω	V-	-PAPGPM-
Luke 9:43	ἐπὶ	ἐπί	P-	--------
Luke 9:43	πᾶσιν	πᾶς	A-	----DPN-
Luke 9:43	οἷς	ὅς	RR	----DPN-
Luke 9:43	ἐποίει	ποιέω	V-	3IAI-S--
Luke 9:43	εἶπεν	λέγω	V-	3AAI-S--
Luke 9:43	πρὸς	πρός	P-	--------
Luke 9:43	τοὺς	ὁ	RA	----APM-
Luke 9:43	μαθητὰς	μαθητής	N-	----APM-
Luke 9:43	αὐτοῦ	αὐτός	RP	----GSM-
Luke 9:44	Θέσθε	τίθημι	V-	2AMD-P--
Luke 9:44	ὑμεῖς	σύ	RP	----NP--
Luke 9:44	εἰς	εἰς	P-	--------
Luke 9:44	τὰ	ὁ	RA	----APN-
Luke 9:44	ὦτα	οὖς	N-	----APN-
Luke 9:44	ὑμῶν	σύ	RP	----GP--
Luke 9:44	τοὺς	ὁ	RA	----APM-
Luke 9:44	λόγους	λόγος	N-	----APM-
Luke 9:44	τούτους	οὗτος	RD	----APM-
Luke 9:44	ὁ	ὁ	RA	----NSM-
Luke 9:44	γὰρ	γάρ	C-	--------
Luke 9:44	υἱὸς	υἱός	N-	----NSM-
Luke 9:44	τοῦ	ὁ	RA	----GSM-
Luke 9:44	ἀνθρώπου	ἄνθρωπος	N-	----GSM-
Luke 9:44	μέλλει	μέλλω	V-	3PAI-S--
Luke 9:44	παραδίδοσθαι	παραδίδωμι	V-	-PPN----
Luke 9:44	εἰς	εἰς	P-	--------
Luke 9:44	χεῖρας	χείρ	N-	----APF-
Luke 9:44	ἀνθρώπων	ἄνθρωπος	N-	----GPM-
Luke 9:45	οἱ	ὁ	RA	----NPM-
Luke 9:45	δὲ	δέ	C-	--------
Luke 9:45	ἠγνόουν	ἀγνοέω	V-	3IAI-P--
Luke 9:45	τὸ	ὁ	RA	----ASN-
Luke 9:45	ῥῆμα	ῥῆμα	N-	----ASN-
Luke 9:45	τοῦτο	οὗτος	RD	----ASN-
Luke 9:45	καὶ	καί	C-	--------
Luke 9:45	ἦν	εἰμί	V-	3IAI-S--
Luke 9:45	παρακεκαλυμμένον	παρακαλύπτομαι	V-	-XPPNSN-
Luke 9:45	ἀπ’	ἀπό	P-	--------
Luke 9:45	αὐτῶν	αὐτός	RP	----GPM-
Luke 9:45	ἵνα	ἵνα	C-	--------
Luke 9:45	μὴ	μή	D-	--------
Luke 9:45	αἴσθωνται	αἰσθάνομαι	V-	3AMS-P--
Luke 9:45	αὐτό	αὐτός	RP	----ASN-
Luke 9:45	καὶ	καί	C-	--------
Luke 9:45	ἐφοβοῦντο	φοβέομαι	V-	3IMI-P--
Luke 9:45	ἐρωτῆσαι	ἐρωτάω	V-	-AAN----
Luke 9:45	αὐτὸν	αὐτός	RP	----ASM-
Luke 9:45	περὶ	περί	P-	--------
Luke 9:45	τοῦ	ὁ	RA	----GSN-
Luke 9:45	ῥήματος	ῥῆμα	N-	----GSN-
Luke 9:45	τούτου	οὗτος	RD	----GSN-
Luke 9:46	Εἰσῆλθεν	εἰσέρχομαι	V-	3AAI-S--
Luke 9:46	δὲ	δέ	C-	--------
Luke 9:46	διαλογισμὸς	διαλογισμός	N-	----NSM-
Luke 9:46	ἐν	ἐν	P-	--------
Luke 9:46	αὐτοῖς	αὐτός	RP	----DPM-
Luke 9:46	τὸ	ὁ	RA	----NSN-
Luke 9:46	τίς	τίς	RI	----NSM-
Luke 9:46	ἂν	ἄν	X-	--------
Luke 9:46	εἴη	εἰμί	V-	3PAO-S--
Luke 9:46	μείζων	μέγας	A-	----NSMC
Luke 9:46	αὐτῶν	αὐτός	RP	----GPM-
Luke 9:47	ὁ	ὁ	RA	----NSM-
Luke 9:47	δὲ	δέ	C-	--------
Luke 9:47	Ἰησοῦς	Ἰησοῦς	N-	----NSM-
Luke 9:47	εἰδὼς	ὁράω	V-	-XAPNSM-
Luke 9:47	τὸν	ὁ	RA	----ASM-
Luke 9:47	διαλογισμὸν	διαλογισμός	N-	----ASM-
Luke 9:47	τῆς	ὁ	RA	----GSF-
Luke 9:47	καρδίας	καρδία	N-	----GSF-
Luke 9:47	αὐτῶν	αὐτός	RP	----GPM-
Luke 9:47	ἐπιλαβόμενος	ἐπιλαμβάνομαι	V-	-AMPNSM-
Luke 9:47	παιδίον	παιδίον	N-	----ASN-
Luke 9:47	ἔστησεν	ἵστημι	V-	3AAI-S--
Luke 9:47	αὐτὸ	αὐτός	RP	----ASN-
Luke 9:47	παρ’	παρά	P-	--------
Luke 9:47	ἑαυτῷ	ἑαυτοῦ	RP	----DSM-
Luke 9:48	καὶ	καί	C-	--------
Luke 9:48	εἶπεν	λέγω	V-	3AAI-S--
Luke 9:48	αὐτοῖς	αὐτός	RP	----DPM-
Luke 9:48	Ὃς	ὅς	RR	----NSM-
Luke 9:48	ἂν	ἄν	X-	--------
Luke 9:48	δέξηται	δέχομαι	V-	3AMS-S--
Luke 9:48	τοῦτο	οὗτος	RD	----ASN-
Luke 9:48	τὸ	ὁ	RA	----ASN-
Luke 9:48	παιδίον	παιδίον	N-	----ASN-
Luke 9:48	ἐπὶ	ἐπί	P-	--------
Luke 9:48	τῷ	ὁ	RA	----DSN-
Luke 9:48	ὀνόματί	ὄνομα	N-	----DSN-
Luke 9:48	μου	ἐγώ	RP	----GS--
Luke 9:48	ἐμὲ	ἐγώ	RP	----AS--
Luke 9:48	δέχεται	δέχομαι	V-	3PMI-S--
Luke 9:48	καὶ	καί	C-	--------
Luke 9:48	ὃς	ὅς	RR	----NSM-
Luke 9:48	ἂν	ἄν	X-	--------
Luke 9:48	ἐμὲ	ἐγώ	RP	----AS--
Luke 9:48	δέξηται	δέχομαι	V-	3AMS-S--
Luke 9:48	δέχεται	δέχομαι	V-	3PMI-S--
Luke 9:48	τὸν	ὁ	RA	----ASM-
Luke 9:48	ἀποστείλαντά	ἀποστέλλω	V-	-AAPASM-
Luke 9:48	με	ἐγώ	RP	----AS--
Luke 9:48	ὁ	ὁ	RA	----NSM-
Luke 9:48	γὰρ	γάρ	C-	--------
Luke 9:48	μικρότερος	μικρός	A-	----NSMC
Luke 9:48	ἐν	ἐν	P-	--------
Luke 9:48	πᾶσιν	πᾶς	A-	----DPM-
Luke 9:48	ὑμῖν	σύ	RP	----DP--
Luke 9:48	ὑπάρχων	ὑπάρχω	V-	-PAPNSM-
Luke 9:48	οὗτός	οὗτος	RD	----NSM-
Luke 9:48	ἐστιν	εἰμί	V-	3PAI-S--
Luke 9:48	μέγας	μέγας	A-	----NSM-
Luke 9:49	Ἀποκριθεὶς	ἀποκρίνομαι	V-	-APPNSM-
Luke 9:49	δὲ	δέ	C-	--------
Luke 9:49	Ἰωάννης	Ἰωάννης	N-	----NSM-
Luke 9:49	εἶπεν	λέγω	V-	3AAI-S--
Luke 9:49	Ἐπιστάτα	ἐπιστάτης	N-	----VSM-
Luke 9:49	εἴδομέν	ὁράω	V-	1AAI-P--
Luke 9:49	τινα	τις	RI	----ASM-
Luke 9:49	ἐν	ἐν	P-	--------
Luke 9:49	τῷ	ὁ	RA	----DSN-
Luke 9:49	ὀνόματί	ὄνομα	N-	----DSN-
Luke 9:49	σου	σύ	RP	----GS--
Luke 9:49	ἐκβάλλοντα	ἐκβάλλω	V-	-PAPASM-
Luke 9:49	δαιμόνια	δαιμόνιον	N-	----APN-
Luke 9:49	καὶ	καί	C-	--------
Luke 9:49	ἐκωλύομεν	κωλύω	V-	1IAI-P--
Luke 9:49	αὐτὸν	αὐτός	RP	----ASM-
Luke 9:49	ὅτι	ὅτι	C-	--------
Luke 9:49	οὐκ	οὐ	D-	--------
Luke 9:49	ἀκολουθεῖ	ἀκολουθέω	V-	3PAI-S--
Luke 9:49	μεθ’	μετά	P-	--------
Luke 9:49	ἡμῶν	ἐγώ	RP	----GP--
Luke 9:50	εἶπεν	λέγω	V-	3AAI-S--
Luke 9:50	δὲ	δέ	C-	--------
Luke 9:50	πρὸς	πρός	P-	--------
Luke 9:50	αὐτὸν	αὐτός	RP	----ASM-
Luke 9:50	ὁ	ὁ	RA	----NSM-
Luke 9:50	Ἰησοῦς	Ἰησοῦς	N-	----NSM-
Luke 9:50	Μὴ	μή	D-	--------
Luke 9:50	κωλύετε	κωλύω	V-	2PAD-P--
Luke 9:50	ὃς	ὅς	RR	----NSM-
Luke 9:50	γὰρ	γάρ	C-	--------
Luke 9:50	οὐκ	οὐ	D-	--------
Luke 9:50	ἔστιν	εἰμί	V-	3PAI-S--
Luke 9:50	καθ’	κατά	P-	--------
Luke 9:50	ὑμῶν	σύ	RP	----GP--
Luke 9:50	ὑπὲρ	ὑπέρ	P-	--------
Luke 9:50	ὑμῶν	σύ	RP	----GP--
Luke 9:50	ἐστιν	εἰμί	V-	3PAI-S--
Luke 9:51	Ἐγένετο	γίνομαι	V-	3AMI-S--
Luke 9:51	δὲ	δέ	C-	--------
Luke 9:51	ἐν	ἐν	P-	--------
Luke 9:51	τῷ	ὁ	RA	----DSN-
Luke 9:51	συμπληροῦσθαι	συμπληρόω	V-	-PPN----
Luke 9:51	τὰς	ὁ	RA	----APF-
Luke 9:51	ἡμέρας	ἡμέρα	N-	----APF-
Luke 9:51	τῆς	ὁ	RA	----GSF-
Luke 9:51	ἀναλήμψεως	ἀνάλημψις	N-	----GSF-
Luke 9:51	αὐτοῦ	αὐτός	RP	----GSM-
Luke 9:51	καὶ	καί	C-	--------
Luke 9:51	αὐτὸς	αὐτός	RP	----NSM-
Luke 9:51	τὸ	ὁ	RA	----ASN-
Luke 9:51	πρόσωπον	πρόσωπον	N-	----ASN-
Luke 9:51	ἐστήρισεν	στηρίζω	V-	3AAI-S--
Luke 9:51	τοῦ	ὁ	RA	----GSN-
Luke 9:51	πορεύεσθαι	πορεύομαι	V-	-PMN----
Luke 9:51	εἰς	εἰς	P-	--------
Luke 9:51	Ἰερουσαλήμ	Ἰερουσαλήμ	N-	----ASF-
Luke 9:52	καὶ	καί	C-	--------
Luke 9:52	ἀπέστειλεν	ἀποστέλλω	V-	3AAI-S--
Luke 9:52	ἀγγέλους	ἄγγελος	N-	----APM-
Luke 9:52	πρὸ	πρό	P-	--------
Luke 9:52	προσώπου	πρόσωπον	N-	----GSN-
Luke 9:52	αὐτοῦ	αὐτός	RP	----GSM-
Luke 9:52	καὶ	καί	C-	--------
Luke 9:52	πορευθέντες	πορεύομαι	V-	-APPNPM-
Luke 9:52	εἰσῆλθον	εἰσέρχομαι	V-	3AAI-P--
Luke 9:52	εἰς	εἰς	P-	--------
Luke 9:52	κώμην	κώμη	N-	----ASF-
Luke 9:52	Σαμαριτῶν	Σαμαρίτης	N-	----GPM-
Luke 9:52	ὡς	ὡς	C-	--------
Luke 9:52	ἑτοιμάσαι	ἑτοιμάζω	V-	-AAN----
Luke 9:52	αὐτῷ	αὐτός	RP	----DSM-
Luke 9:53	καὶ	καί	C-	--------
Luke 9:53	οὐκ	οὐ	D-	--------
Luke 9:53	ἐδέξαντο	δέχομαι	V-	3AMI-P--
Luke 9:53	αὐτόν	αὐτός	RP	----ASM-
Luke 9:53	ὅτι	ὅτι	C-	--------
Luke 9:53	τὸ	ὁ	RA	----NSN-
Luke 9:53	πρόσωπον	πρόσωπον	N-	----NSN-
Luke 9:53	αὐτοῦ	αὐτός	RP	----GSM-
Luke 9:53	ἦν	εἰμί	V-	3IAI-S--
Luke 9:53	πορευόμενον	πορεύομαι	V-	-PMPNSN-
Luke 9:53	εἰς	εἰς	P-	--------
Luke 9:53	Ἰερουσαλήμ	Ἰερουσαλήμ	N-	----ASF-
Luke 9:54	ἰδόντες	ὁράω	V-	-AAPNPM-
Luke 9:54	δὲ	δέ	C-	--------
Luke 9:54	οἱ	ὁ	RA	----NPM-
Luke 9:54	μαθηταὶ	μαθητής	N-	----NPM-
Luke 9:54	Ἰάκωβος	Ἰάκωβος	N-	----NSM-
Luke 9:54	καὶ	καί	C-	--------
Luke 9:54	Ἰωάννης	Ἰωάννης	N-	----NSM-
Luke 9:54	εἶπαν	λέγω	V-	3AAI-P--
Luke 9:54	Κύριε	κύριος	N-	----VSM-
Luke 9:54	θέλεις	θέλω	V-	2PAI-S--
Luke 9:54	εἴπωμεν	λέγω	V-	1AAS-P--
Luke 9:54	πῦρ	πῦρ	N-	----ASN-
Luke 9:54	καταβῆναι	καταβαίνω	V-	-AAN----
Luke 9:54	ἀπὸ	ἀπό	P-	--------
Luke 9:54	τοῦ	ὁ	RA	----GSM-
Luke 9:54	οὐρανοῦ	οὐρανός	N-	----GSM-
Luke 9:54	καὶ	καί	C-	--------
Luke 9:54	ἀναλῶσαι	ἀναλίσκω	V-	-AAN----
Luke 9:54	αὐτούς	αὐτός	RP	----APM-
Luke 9:55	στραφεὶς	στρέφω	V-	-APPNSM-
Luke 9:55	δὲ	δέ	C-	--------
Luke 9:55	ἐπετίμησεν	ἐπιτιμάω	V-	3AAI-S--
Luke 9:55	αὐτοῖς	αὐτός	RP	----DPM-
Luke 9:56	καὶ	καί	C-	--------
Luke 9:56	ἐπορεύθησαν	πορεύομαι	V-	3API-P--
Luke 9:56	εἰς	εἰς	P-	--------
Luke 9:56	ἑτέραν	ἕτερος	A-	----ASF-
Luke 9:56	κώμην	κώμη	N-	----ASF-
Luke 9:57	Καὶ	καί	C-	--------
Luke 9:57	πορευομένων	πορεύομαι	V-	-PMPGPM-
Luke 9:57	αὐτῶν	αὐτός	RP	----GPM-
Luke 9:57	ἐν	ἐν	P-	--------
Luke 9:57	τῇ	ὁ	RA	----DSF-
Luke 9:57	ὁδῷ	ὁδός	N-	----DSF-
Luke 9:57	εἶπέν	λέγω	V-	3AAI-S--
Luke 9:57	τις	τις	RI	----NSM-
Luke 9:57	πρὸς	πρός	P-	--------
Luke 9:57	αὐτόν	αὐτός	RP	----ASM-
Luke 9:57	Ἀκολουθήσω	ἀκολουθέω	V-	1FAI-S--
Luke 9:57	σοι	σύ	RP	----DS--
Luke 9:57	ὅπου	ὅπου	C-	--------
Luke 9:57	ἐὰν	ἐάν	X-	--------
Luke 9:57	ἀπέρχῃ	ἀπέρχομαι	V-	2PMS-S--
Luke 9:58	καὶ	καί	C-	--------
Luke 9:58	εἶπεν	λέγω	V-	3AAI-S--
Luke 9:58	αὐτῷ	αὐτός	RP	----DSM-
Luke 9:58	ὁ	ὁ	RA	----NSM-
Luke 9:58	Ἰησοῦς	Ἰησοῦς	N-	----NSM-
Luke 9:58	Αἱ	ὁ	RA	----NPF-
Luke 9:58	ἀλώπεκες	ἀλώπηξ	N-	----NPF-
Luke 9:58	φωλεοὺς	φωλεός	N-	----APM-
Luke 9:58	ἔχουσιν	ἔχω	V-	3PAI-P--
Luke 9:58	καὶ	καί	C-	--------
Luke 9:58	τὰ	ὁ	RA	----NPN-
Luke 9:58	πετεινὰ	πετεινόν	A-	----NPN-
Luke 9:58	τοῦ	ὁ	RA	----GSM-
Luke 9:58	οὐρανοῦ	οὐρανός	N-	----GSM-
Luke 9:58	κατασκηνώσεις	κατασκήνωσις	N-	----APF-
Luke 9:58	ὁ	ὁ	RA	----NSM-
Luke 9:58	δὲ	δέ	C-	--------
Luke 9:58	υἱὸς	υἱός	N-	----NSM-
Luke 9:58	τοῦ	ὁ	RA	----GSM-
Luke 9:58	ἀνθρώπου	ἄνθρωπος	N-	----GSM-
Luke 9:58	οὐκ	οὐ	D-	--------
Luke 9:58	ἔχει	ἔχω	V-	3PAI-S--
Luke 9:58	ποῦ	ποῦ	D-	--------
Luke 9:58	τὴν	ὁ	RA	----ASF-
Luke 9:58	κεφαλὴν	κεφαλή	N-	----ASF-
Luke 9:58	κλίνῃ	κλίνω	V-	3PAS-S--
Luke 9:59	εἶπεν	λέγω	V-	3AAI-S--
Luke 9:59	δὲ	δέ	C-	--------
Luke 9:59	πρὸς	πρός	P-	--------
Luke 9:59	ἕτερον	ἕτερος	A-	----ASM-
Luke 9:59	Ἀκολούθει	ἀκολουθέω	V-	2PAD-S--
Luke 9:59	μοι	ἐγώ	RP	----DS--
Luke 9:59	ὁ	ὁ	RA	----NSM-
Luke 9:59	δὲ	δέ	C-	--------
Luke 9:59	εἶπεν	λέγω	V-	3AAI-S--
Luke 9:59	Κύριε	κύριος	N-	----VSM-
Luke 9:59	ἐπίτρεψόν	ἐπιτρέπω	V-	2AAD-S--
Luke 9:59	μοι	ἐγώ	RP	----DS--
Luke 9:59	ἀπελθόντι	ἀπέρχομαι	V-	-AAPDSM-
Luke 9:59	πρῶτον	πρῶτος	A-	----ASN-
Luke 9:59	θάψαι	θάπτω	V-	-AAN----
Luke 9:59	τὸν	ὁ	RA	----ASM-
Luke 9:59	πατέρα	πατήρ	N-	----ASM-
Luke 9:59	μου	ἐγώ	RP	----GS--
Luke 9:60	εἶπεν	λέγω	V-	3AAI-S--
Luke 9:60	δὲ	δέ	C-	--------
Luke 9:60	αὐτῷ	αὐτός	RP	----DSM-
Luke 9:60	Ἄφες	ἀφίημι	V-	2AAD-S--
Luke 9:60	τοὺς	ὁ	RA	----APM-
Luke 9:60	νεκροὺς	νεκρός	A-	----APM-
Luke 9:60	θάψαι	θάπτω	V-	-AAN----
Luke 9:60	τοὺς	ὁ	RA	----APM-
Luke 9:60	ἑαυτῶν	ἑαυτοῦ	RP	----GPM-
Luke 9:60	νεκρούς	νεκρός	A-	----APM-
Luke 9:60	σὺ	σύ	RP	----NS--
Luke 9:60	δὲ	δέ	C-	--------
Luke 9:60	ἀπελθὼν	ἀπέρχομαι	V-	-AAPNSM-
Luke 9:60	διάγγελλε	διαγγέλλω	V-	2PAD-S--
Luke 9:60	τὴν	ὁ	RA	----ASF-
Luke 9:60	βασιλείαν	βασιλεία	N-	----ASF-
Luke 9:60	τοῦ	ὁ	RA	----GSM-
Luke 9:60	θεοῦ	θεός	N-	----GSM-
Luke 9:61	εἶπεν	λέγω	V-	3AAI-S--
Luke 9:61	δὲ	δέ	C-	--------
Luke 9:61	καὶ	καί	D-	--------
Luke 9:61	ἕτερος	ἕτερος	A-	----NSM-
Luke 9:61	Ἀκολουθήσω	ἀκολουθέω	V-	1FAI-S--
Luke 9:61	σοι	σύ	RP	----DS--
Luke 9:61	κύριε	κύριος	N-	----VSM-
Luke 9:61	πρῶτον	πρῶτος	A-	----ASN-
Luke 9:61	δὲ	δέ	C-	--------
Luke 9:61	ἐπίτρεψόν	ἐπιτρέπω	V-	2AAD-S--
Luke 9:61	μοι	ἐγώ	RP	----DS--
Luke 9:61	ἀποτάξασθαι	ἀποτάσσομαι	V-	-AMN----
Luke 9:61	τοῖς	ὁ	RA	----DPM-
Luke 9:61	εἰς	εἰς	P-	--------
Luke 9:61	τὸν	ὁ	RA	----ASM-
Luke 9:61	οἶκόν	οἶκος	N-	----ASM-
Luke 9:61	μου	ἐγώ	RP	----GS--
Luke 9:62	εἶπεν	λέγω	V-	3AAI-S--
Luke 9:62	δὲ	δέ	C-	--------
Luke 9:62	ὁ	ὁ	RA	----NSM-
Luke 9:62	Ἰησοῦς	Ἰησοῦς	N-	----NSM-
Luke 9:62	Οὐδεὶς	οὐδείς	A-	----NSM-
Luke 9:62	ἐπιβαλὼν	ἐπιβάλλω	V-	-AAPNSM-
Luke 9:62	τὴν	ὁ	RA	----ASF-
Luke 9:62	χεῖρα	χείρ	N-	----ASF-
Luke 9:62	ἐπ’	ἐπί	P-	--------
Luke 9:62	ἄροτρον	ἄροτρον	N-	----ASN-
Luke 9:62	καὶ	καί	C-	--------
Luke 9:62	βλέπων	βλέπω	V-	-PAPNSM-
Luke 9:62	εἰς	εἰς	P-	--------
Luke 9:62	τὰ	ὁ	RA	----APN-
Luke 9:62	ὀπίσω	ὀπίσω	D-	--------
Luke 9:62	εὔθετός	εὔθετος	A-	----NSM-
Luke 9:62	ἐστιν	εἰμί	V-	3PAI-S--
Luke 9:62	τῇ	ὁ	RA	----DSF-
Luke 9:62	βασιλείᾳ	βασιλεία	N-	----DSF-
Luke 9:62	τοῦ	ὁ	RA	----GSM-
Luke 9:62	θεοῦ	θεός	N-	----GSM-
Luke 10:1	Μετὰ	μετά	P-	--------
Luke 10:1	δὲ	δέ	C-	--------
Luke 10:1	ταῦτα	οὗτος	RD	----APN-
Luke 10:1	ἀνέδειξεν	ἀναδείκνυμι	V-	3AAI-S--
Luke 10:1	ὁ	ὁ	RA	----NSM-
Luke 10:1	κύριος	κύριος	N-	----NSM-
Luke 10:1	καὶ	καί	C-	--------
Luke 10:1	ἑτέρους	ἕτερος	A-	----APM-
Luke 10:1	ἑβδομήκοντα	ἑβδομήκοντα	A-	----APM-
Luke 10:1	δύο	δύο	A-	----APM-
Luke 10:1	καὶ	καί	C-	--------
Luke 10:1	ἀπέστειλεν	ἀποστέλλω	V-	3AAI-S--
Luke 10:1	αὐτοὺς	αὐτός	RP	----APM-
Luke 10:1	ἀνὰ	ἀνά	D-	--------
Luke 10:1	δύο	δύο	A-	----APM-
Luke 10:1	δύο	δύο	A-	----APM-
Luke 10:1	πρὸ	πρό	P-	--------
Luke 10:1	προσώπου	πρόσωπον	N-	----GSN-
Luke 10:1	αὐτοῦ	αὐτός	RP	----GSM-
Luke 10:1	εἰς	εἰς	P-	--------
Luke 10:1	πᾶσαν	πᾶς	A-	----ASF-
Luke 10:1	πόλιν	πόλις	N-	----ASF-
Luke 10:1	καὶ	καί	C-	--------
Luke 10:1	τόπον	τόπος	N-	----ASM-
Luke 10:1	οὗ	οὗ	D-	--------
Luke 10:1	ἤμελλεν	μέλλω	V-	3IAI-S--
Luke 10:1	αὐτὸς	αὐτός	RP	----NSM-
Luke 10:1	ἔρχεσθαι	ἔρχομαι	V-	-PMN----
Luke 10:2	ἔλεγεν	λέγω	V-	3IAI-S--
Luke 10:2	δὲ	δέ	C-	--------
Luke 10:2	πρὸς	πρός	P-	--------
Luke 10:2	αὐτούς	αὐτός	RP	----APM-
Luke 10:2	Ὁ	ὁ	RA	----NSM-
Luke 10:2	μὲν	μέν	C-	--------
Luke 10:2	θερισμὸς	θερισμός	N-	----NSM-
Luke 10:2	πολύς	πολύς	A-	----NSM-
Luke 10:2	οἱ	ὁ	RA	----NPM-
Luke 10:2	δὲ	δέ	C-	--------
Luke 10:2	ἐργάται	ἐργάτης	N-	----NPM-
Luke 10:2	ὀλίγοι	ὀλίγος	A-	----NPM-
Luke 10:2	δεήθητε	δέω	V-	2APD-P--
Luke 10:2	οὖν	οὖν	C-	--------
Luke 10:2	τοῦ	ὁ	RA	----GSM-
Luke 10:2	κυρίου	κύριος	N-	----GSM-
Luke 10:2	τοῦ	ὁ	RA	----GSM-
Luke 10:2	θερισμοῦ	θερισμός	N-	----GSM-
Luke 10:2	ὅπως	ὅπως	C-	--------
Luke 10:2	ἐργάτας	ἐργάτης	N-	----APM-
Luke 10:2	ἐκβάλῃ	ἐκβάλλω	V-	3AAS-S--
Luke 10:2	εἰς	εἰς	P-	--------
Luke 10:2	τὸν	ὁ	RA	----ASM-
Luke 10:2	θερισμὸν	θερισμός	N-	----ASM-
Luke 10:2	αὐτοῦ	αὐτός	RP	----GSM-
Luke 10:3	ὑπάγετε	ὑπάγω	V-	2PAD-P--
Luke 10:3	ἰδοὺ	ἰδού	X-	--------
Luke 10:3	ἀποστέλλω	ἀποστέλλω	V-	1PAI-S--
Luke 10:3	ὑμᾶς	σύ	RP	----AP--
Luke 10:3	ὡς	ὡς	C-	--------
Luke 10:3	ἄρνας	ἀρήν	N-	----APM-
Luke 10:3	ἐν	ἐν	P-	--------
Luke 10:3	μέσῳ	μέσος	A-	----DSN-
Luke 10:3	λύκων	λύκος	N-	----GPM-
Luke 10:4	μὴ	μή	D-	--------
Luke 10:4	βαστάζετε	βαστάζω	V-	2PAD-P--
Luke 10:4	βαλλάντιον	βαλλάντιον	N-	----ASN-
Luke 10:4	μὴ	μή	D-	--------
Luke 10:4	πήραν	πήρα	N-	----ASF-
Luke 10:4	μὴ	μή	D-	--------
Luke 10:4	ὑποδήματα	ὑπόδημα	N-	----APN-
Luke 10:4	καὶ	καί	C-	--------
Luke 10:4	μηδένα	μηδείς	A-	----ASM-
Luke 10:4	κατὰ	κατά	P-	--------
Luke 10:4	τὴν	ὁ	RA	----ASF-
Luke 10:4	ὁδὸν	ὁδός	N-	----ASF-
Luke 10:4	ἀσπάσησθε	ἀσπάζομαι	V-	2AMS-P--
Luke 10:5	εἰς	εἰς	P-	--------
Luke 10:5	ἣν	ὅς	RR	----ASF-
Luke 10:5	δ’	δέ	C-	--------
Luke 10:5	ἂν	ἄν	X-	--------
Luke 10:5	εἰσέλθητε	εἰσέρχομαι	V-	2AAS-P--
Luke 10:5	οἰκίαν	οἰκία	N-	----ASF-
Luke 10:5	πρῶτον	πρῶτος	A-	----ASN-
Luke 10:5	λέγετε	λέγω	V-	2PAD-P--
Luke 10:5	Εἰρήνη	εἰρήνη	N-	----NSF-
Luke 10:5	τῷ	ὁ	RA	----DSM-
Luke 10:5	οἴκῳ	οἶκος	N-	----DSM-
Luke 10:5	τούτῳ	οὗτος	RD	----DSM-
Luke 10:6	καὶ	καί	C-	--------
Luke 10:6	ἐὰν	ἐάν	C-	--------
Luke 10:6	ᾖ	εἰμί	V-	3PAS-S--
Luke 10:6	ἐκεῖ	ἐκεῖ	D-	--------
Luke 10:6	υἱὸς	υἱός	N-	----NSM-
Luke 10:6	εἰρήνης	εἰρήνη	N-	----GSF-
Luke 10:6	ἐπαναπαήσεται	ἐπαναπαύομαι	V-	3FPI-S--
Luke 10:6	ἐπ’	ἐπί	P-	--------
Luke 10:6	αὐτὸν	αὐτός	RP	----ASM-
Luke 10:6	ἡ	ὁ	RA	----NSF-
Luke 10:6	εἰρήνη	εἰρήνη	N-	----NSF-
Luke 10:6	ὑμῶν	σύ	RP	----GP--
Luke 10:6	εἰ	εἰ	C-	--------
Luke 10:6	δὲ	δέ	C-	--------
Luke 10:6	μήγε	μήγε	D-	--------
Luke 10:6	ἐφ’	ἐπί	P-	--------
Luke 10:6	ὑμᾶς	σύ	RP	----AP--
Luke 10:6	ἀνακάμψει	ἀνακάμπτω	V-	3FAI-S--
Luke 10:7	ἐν	ἐν	P-	--------
Luke 10:7	αὐτῇ	αὐτός	RP	----DSF-
Luke 10:7	δὲ	δέ	C-	--------
Luke 10:7	τῇ	ὁ	RA	----DSF-
Luke 10:7	οἰκίᾳ	οἰκία	N-	----DSF-
Luke 10:7	μένετε	μένω	V-	2PAD-P--
Luke 10:7	ἐσθίοντες	ἐσθίω	V-	-PAPNPM-
Luke 10:7	καὶ	καί	C-	--------
Luke 10:7	πίνοντες	πίνω	V-	-PAPNPM-
Luke 10:7	τὰ	ὁ	RA	----APN-
Luke 10:7	παρ’	παρά	P-	--------
Luke 10:7	αὐτῶν	αὐτός	RP	----GPM-
Luke 10:7	ἄξιος	ἄξιος	A-	----NSM-
Luke 10:7	γὰρ	γάρ	C-	--------
Luke 10:7	ὁ	ὁ	RA	----NSM-
Luke 10:7	ἐργάτης	ἐργάτης	N-	----NSM-
Luke 10:7	τοῦ	ὁ	RA	----GSM-
Luke 10:7	μισθοῦ	μισθός	N-	----GSM-
Luke 10:7	αὐτοῦ	αὐτός	RP	----GSM-
Luke 10:7	μὴ	μή	D-	--------
Luke 10:7	μεταβαίνετε	μεταβαίνω	V-	2PAD-P--
Luke 10:7	ἐξ	ἐκ	P-	--------
Luke 10:7	οἰκίας	οἰκία	N-	----GSF-
Luke 10:7	εἰς	εἰς	P-	--------
Luke 10:7	οἰκίαν	οἰκία	N-	----ASF-
Luke 10:8	καὶ	καί	C-	--------
Luke 10:8	εἰς	εἰς	P-	--------
Luke 10:8	ἣν	ὅς	RR	----ASF-
Luke 10:8	ἂν	ἄν	X-	--------
Luke 10:8	πόλιν	πόλις	N-	----ASF-
Luke 10:8	εἰσέρχησθε	εἰσέρχομαι	V-	2PMS-P--
Luke 10:8	καὶ	καί	C-	--------
Luke 10:8	δέχωνται	δέχομαι	V-	3PMS-P--
Luke 10:8	ὑμᾶς	σύ	RP	----AP--
Luke 10:8	ἐσθίετε	ἐσθίω	V-	2PAD-P--
Luke 10:8	τὰ	ὁ	RA	----APN-
Luke 10:8	παρατιθέμενα	παρατίθημι	V-	-PPPAPN-
Luke 10:8	ὑμῖν	σύ	RP	----DP--
Luke 10:9	καὶ	καί	C-	--------
Luke 10:9	θεραπεύετε	θεραπεύω	V-	2PAD-P--
Luke 10:9	τοὺς	ὁ	RA	----APM-
Luke 10:9	ἐν	ἐν	P-	--------
Luke 10:9	αὐτῇ	αὐτός	RP	----DSF-
Luke 10:9	ἀσθενεῖς	ἀσθενής	A-	----APM-
Luke 10:9	καὶ	καί	C-	--------
Luke 10:9	λέγετε	λέγω	V-	2PAD-P--
Luke 10:9	αὐτοῖς	αὐτός	RP	----DPM-
Luke 10:9	Ἤγγικεν	ἐγγίζω	V-	3XAI-S--
Luke 10:9	ἐφ’	ἐπί	P-	--------
Luke 10:9	ὑμᾶς	σύ	RP	----AP--
Luke 10:9	ἡ	ὁ	RA	----NSF-
Luke 10:9	βασιλεία	βασιλεία	N-	----NSF-
Luke 10:9	τοῦ	ὁ	RA	----GSM-
Luke 10:9	θεοῦ	θεός	N-	----GSM-
Luke 10:10	εἰς	εἰς	P-	--------
Luke 10:10	ἣν	ὅς	RR	----ASF-
Luke 10:10	δ’	δέ	C-	--------
Luke 10:10	ἂν	ἄν	X-	--------
Luke 10:10	πόλιν	πόλις	N-	----ASF-
Luke 10:10	εἰσέλθητε	εἰσέρχομαι	V-	2AAS-P--
Luke 10:10	καὶ	καί	C-	--------
Luke 10:10	μὴ	μή	D-	--------
Luke 10:10	δέχωνται	δέχομαι	V-	3PMS-P--
Luke 10:10	ὑμᾶς	σύ	RP	----AP--
Luke 10:10	ἐξελθόντες	ἐξέρχομαι	V-	-AAPNPM-
Luke 10:10	εἰς	εἰς	P-	--------
Luke 10:10	τὰς	ὁ	RA	----APF-
Luke 10:10	πλατείας	πλατεῖα	A-	----APF-
Luke 10:10	αὐτῆς	αὐτός	RP	----GSF-
Luke 10:10	εἴπατε	λέγω	V-	2AAD-P--
Luke 10:11	Καὶ	καί	D-	--------
Luke 10:11	τὸν	ὁ	RA	----ASM-
Luke 10:11	κονιορτὸν	κονιορτός	N-	----ASM-
Luke 10:11	τὸν	ὁ	RA	----ASM-
Luke 10:11	κολληθέντα	κολλάομαι	V-	-APPASM-
Luke 10:11	ἡμῖν	ἐγώ	RP	----DP--
Luke 10:11	ἐκ	ἐκ	P-	--------
Luke 10:11	τῆς	ὁ	RA	----GSF-
Luke 10:11	πόλεως	πόλις	N-	----GSF-
Luke 10:11	ὑμῶν	σύ	RP	----GP--
Luke 10:11	εἰς	εἰς	P-	--------
Luke 10:11	τοὺς	ὁ	RA	----APM-
Luke 10:11	πόδας	πούς	N-	----APM-
Luke 10:11	ἀπομασσόμεθα	ἀπομάσσομαι	V-	1PMI-P--
Luke 10:11	ὑμῖν	σύ	RP	----DP--
Luke 10:11	πλὴν	πλήν	C-	--------
Luke 10:11	τοῦτο	οὗτος	RD	----ASN-
Luke 10:11	γινώσκετε	γινώσκω	V-	2PAD-P--
Luke 10:11	ὅτι	ὅτι	D-	--------
Luke 10:11	ἤγγικεν	ἐγγίζω	V-	3XAI-S--
Luke 10:11	ἡ	ὁ	RA	----NSF-
Luke 10:11	βασιλεία	βασιλεία	N-	----NSF-
Luke 10:11	τοῦ	ὁ	RA	----GSM-
Luke 10:11	θεοῦ	θεός	N-	----GSM-
Luke 10:12	λέγω	λέγω	V-	1PAI-S--
Luke 10:12	ὑμῖν	σύ	RP	----DP--
Luke 10:12	ὅτι	ὅτι	C-	--------
Luke 10:12	Σοδόμοις	Σόδομα	N-	----DPN-
Luke 10:12	ἐν	ἐν	P-	--------
Luke 10:12	τῇ	ὁ	RA	----DSF-
Luke 10:12	ἡμέρᾳ	ἡμέρα	N-	----DSF-
Luke 10:12	ἐκείνῃ	ἐκεῖνος	RD	----DSF-
Luke 10:12	ἀνεκτότερον	ἀνεκτός	A-	----NSNC
Luke 10:12	ἔσται	εἰμί	V-	3FMI-S--
Luke 10:12	ἢ	ἤ	C-	--------
Luke 10:12	τῇ	ὁ	RA	----DSF-
Luke 10:12	πόλει	πόλις	N-	----DSF-
Luke 10:12	ἐκείνῃ	ἐκεῖνος	RD	----DSF-
Luke 10:13	Οὐαί	οὐαί	X-	--------
Luke 10:13	σοι	σύ	RP	----DS--
Luke 10:13	Χοραζίν	Χοραζίν	N-	----VSF-
Luke 10:13	οὐαί	οὐαί	I-	--------
Luke 10:13	σοι	σύ	RP	----DS--
Luke 10:13	Βηθσαϊδά	Βηθσαϊδά	N-	----VSF-
Luke 10:13	ὅτι	ὅτι	C-	--------
Luke 10:13	εἰ	εἰ	C-	--------
Luke 10:13	ἐν	ἐν	P-	--------
Luke 10:13	Τύρῳ	Τύρος	N-	----DSF-
Luke 10:13	καὶ	καί	C-	--------
Luke 10:13	Σιδῶνι	Σιδών	N-	----DSF-
Luke 10:13	ἐγενήθησαν	γίνομαι	V-	3API-P--
Luke 10:13	αἱ	ὁ	RA	----NPF-
Luke 10:13	δυνάμεις	δύναμις	N-	----NPF-
Luke 10:13	αἱ	ὁ	RA	----NPF-
Luke 10:13	γενόμεναι	γίνομαι	V-	-AMPNPF-
Luke 10:13	ἐν	ἐν	P-	--------
Luke 10:13	ὑμῖν	σύ	RP	----DP--
Luke 10:13	πάλαι	πάλαι	D-	--------
Luke 10:13	ἂν	ἄν	X-	--------
Luke 10:13	ἐν	ἐν	P-	--------
Luke 10:13	σάκκῳ	σάκκος	N-	----DSM-
Luke 10:13	καὶ	καί	C-	--------
Luke 10:13	σποδῷ	σποδός	N-	----DSF-
Luke 10:13	καθήμενοι	κάθημαι	V-	-PMPNPM-
Luke 10:13	μετενόησαν	μετανοέω	V-	3AAI-P--
Luke 10:14	πλὴν	πλήν	C-	--------
Luke 10:14	Τύρῳ	Τύρος	N-	----DSF-
Luke 10:14	καὶ	καί	C-	--------
Luke 10:14	Σιδῶνι	Σιδών	N-	----DSF-
Luke 10:14	ἀνεκτότερον	ἀνεκτός	A-	----NSNC
Luke 10:14	ἔσται	εἰμί	V-	3FMI-S--
Luke 10:14	ἐν	ἐν	P-	--------
Luke 10:14	τῇ	ὁ	RA	----DSF-
Luke 10:14	κρίσει	κρίσις	N-	----DSF-
Luke 10:14	ἢ	ἤ	C-	--------
Luke 10:14	ὑμῖν	σύ	RP	----DP--
Luke 10:15	καὶ	καί	C-	--------
Luke 10:15	σύ	σύ	RP	----NS--
Luke 10:15	Καφαρναούμ	Καφαρναούμ	N-	----VSF-
Luke 10:15	μὴ	μή	X-	--------
Luke 10:15	ἕως	ἕως	P-	--------
Luke 10:15	οὐρανοῦ	οὐρανός	N-	----GSM-
Luke 10:15	ὑψωθήσῃ	ὑψόω	V-	2FPI-S--
Luke 10:15	ἕως	ἕως	P-	--------
Luke 10:15	τοῦ	ὁ	RA	----GSM-
Luke 10:15	ᾅδου	ᾅδης	N-	----GSM-
Luke 10:15	καταβιβασθήσῃ	καταβιβάζω	V-	2FPI-S--
Luke 10:16	Ὁ	ὁ	RA	----NSM-
Luke 10:16	ἀκούων	ἀκούω	V-	-PAPNSM-
Luke 10:16	ὑμῶν	σύ	RP	----GP--
Luke 10:16	ἐμοῦ	ἐγώ	RP	----GS--
Luke 10:16	ἀκούει	ἀκούω	V-	3PAI-S--
Luke 10:16	καὶ	καί	C-	--------
Luke 10:16	ὁ	ὁ	RA	----NSM-
Luke 10:16	ἀθετῶν	ἀθετέω	V-	-PAPNSM-
Luke 10:16	ὑμᾶς	σύ	RP	----AP--
Luke 10:16	ἐμὲ	ἐγώ	RP	----AS--
Luke 10:16	ἀθετεῖ	ἀθετέω	V-	3PAI-S--
Luke 10:16	ὁ	ὁ	RA	----NSM-
Luke 10:16	δὲ	δέ	C-	--------
Luke 10:16	ἐμὲ	ἐγώ	RP	----AS--
Luke 10:16	ἀθετῶν	ἀθετέω	V-	-PAPNSM-
Luke 10:16	ἀθετεῖ	ἀθετέω	V-	3PAI-S--
Luke 10:16	τὸν	ὁ	RA	----ASM-
Luke 10:16	ἀποστείλαντά	ἀποστέλλω	V-	-AAPASM-
Luke 10:16	με	ἐγώ	RP	----AS--
Luke 10:17	Ὑπέστρεψαν	ὑποστρέφω	V-	3AAI-P--
Luke 10:17	δὲ	δέ	C-	--------
Luke 10:17	οἱ	ὁ	RA	----NPM-
Luke 10:17	ἑβδομήκοντα	ἑβδομήκοντα	A-	----NPM-
Luke 10:17	δύο	δύο	A-	----NPM-
Luke 10:17	μετὰ	μετά	P-	--------
Luke 10:17	χαρᾶς	χαρά	N-	----GSF-
Luke 10:17	λέγοντες	λέγω	V-	-PAPNPM-
Luke 10:17	Κύριε	κύριος	N-	----VSM-
Luke 10:17	καὶ	καί	D-	--------
Luke 10:17	τὰ	ὁ	RA	----NPN-
Luke 10:17	δαιμόνια	δαιμόνιον	N-	----NPN-
Luke 10:17	ὑποτάσσεται	ὑποτάσσω	V-	3PPI-S--
Luke 10:17	ἡμῖν	ἐγώ	RP	----DP--
Luke 10:17	ἐν	ἐν	P-	--------
Luke 10:17	τῷ	ὁ	RA	----DSN-
Luke 10:17	ὀνόματί	ὄνομα	N-	----DSN-
Luke 10:17	σου	σύ	RP	----GS--
Luke 10:18	εἶπεν	λέγω	V-	3AAI-S--
Luke 10:18	δὲ	δέ	C-	--------
Luke 10:18	αὐτοῖς	αὐτός	RP	----DPM-
Luke 10:18	Ἐθεώρουν	θεωρέω	V-	1IAI-S--
Luke 10:18	τὸν	ὁ	RA	----ASM-
Luke 10:18	Σατανᾶν	Σατανᾶς	N-	----ASM-
Luke 10:18	ὡς	ὡς	C-	--------
Luke 10:18	ἀστραπὴν	ἀστραπή	N-	----ASF-
Luke 10:18	ἐκ	ἐκ	P-	--------
Luke 10:18	τοῦ	ὁ	RA	----GSM-
Luke 10:18	οὐρανοῦ	οὐρανός	N-	----GSM-
Luke 10:18	πεσόντα	πίπτω	V-	-AAPASM-
Luke 10:19	ἰδοὺ	ἰδού	X-	--------
Luke 10:19	δέδωκα	δίδωμι	V-	1XAI-S--
Luke 10:19	ὑμῖν	σύ	RP	----DP--
Luke 10:19	τὴν	ὁ	RA	----ASF-
Luke 10:19	ἐξουσίαν	ἐξουσία	N-	----ASF-
Luke 10:19	τοῦ	ὁ	RA	----GSN-
Luke 10:19	πατεῖν	πατέω	V-	-PAN----
Luke 10:19	ἐπάνω	ἐπάνω	P-	--------
Luke 10:19	ὄφεων	ὄφις	N-	----GPM-
Luke 10:19	καὶ	καί	C-	--------
Luke 10:19	σκορπίων	σκορπίος	N-	----GPM-
Luke 10:19	καὶ	καί	C-	--------
Luke 10:19	ἐπὶ	ἐπί	P-	--------
Luke 10:19	πᾶσαν	πᾶς	A-	----ASF-
Luke 10:19	τὴν	ὁ	RA	----ASF-
Luke 10:19	δύναμιν	δύναμις	N-	----ASF-
Luke 10:19	τοῦ	ὁ	RA	----GSM-
Luke 10:19	ἐχθροῦ	ἐχθρός	A-	----GSM-
Luke 10:19	καὶ	καί	C-	--------
Luke 10:19	οὐδὲν	οὐδείς	A-	----NSN-
Luke 10:19	ὑμᾶς	σύ	RP	----AP--
Luke 10:19	οὐ	οὐ	D-	--------
Luke 10:19	μὴ	μή	D-	--------
Luke 10:19	ἀδικήσῃ	ἀδικέω	V-	3AAS-S--
Luke 10:20	πλὴν	πλήν	C-	--------
Luke 10:20	ἐν	ἐν	P-	--------
Luke 10:20	τούτῳ	οὗτος	RD	----DSN-
Luke 10:20	μὴ	μή	D-	--------
Luke 10:20	χαίρετε	χαίρω	V-	2PAD-P--
Luke 10:20	ὅτι	ὅτι	D-	--------
Luke 10:20	τὰ	ὁ	RA	----NPN-
Luke 10:20	πνεύματα	πνεῦμα	N-	----NPN-
Luke 10:20	ὑμῖν	σύ	RP	----DP--
Luke 10:20	ὑποτάσσεται	ὑποτάσσω	V-	3PPI-S--
Luke 10:20	χαίρετε	χαίρω	V-	2PAD-P--
Luke 10:20	δὲ	δέ	C-	--------
Luke 10:20	ὅτι	ὅτι	C-	--------
Luke 10:20	τὰ	ὁ	RA	----NPN-
Luke 10:20	ὀνόματα	ὄνομα	N-	----NPN-
Luke 10:20	ὑμῶν	σύ	RP	----GP--
Luke 10:20	ἐγγέγραπται	ἐγγράφω	V-	3XPI-S--
Luke 10:20	ἐν	ἐν	P-	--------
Luke 10:20	τοῖς	ὁ	RA	----DPM-
Luke 10:20	οὐρανοῖς	οὐρανός	N-	----DPM-
Luke 10:21	Ἐν	ἐν	P-	--------
Luke 10:21	αὐτῇ	αὐτός	RP	----DSF-
Luke 10:21	τῇ	ὁ	RA	----DSF-
Luke 10:21	ὥρᾳ	ὥρα	N-	----DSF-
Luke 10:21	ἠγαλλιάσατο	ἀγαλλιάω	V-	3AMI-S--
Luke 10:21	τῷ	ὁ	RA	----DSN-
Luke 10:21	πνεύματι	πνεῦμα	N-	----DSN-
Luke 10:21	τῷ	ὁ	RA	----DSN-
Luke 10:21	ἁγίῳ	ἅγιος	A-	----DSN-
Luke 10:21	καὶ	καί	C-	--------
Luke 10:21	εἶπεν	λέγω	V-	3AAI-S--
Luke 10:21	Ἐξομολογοῦμαί	ἐξομολογέω	V-	1PMI-S--
Luke 10:21	σοι	σύ	RP	----DS--
Luke 10:21	πάτερ	πατήρ	N-	----VSM-
Luke 10:21	κύριε	κύριος	N-	----VSM-
Luke 10:21	τοῦ	ὁ	RA	----GSM-
Luke 10:21	οὐρανοῦ	οὐρανός	N-	----GSM-
Luke 10:21	καὶ	καί	C-	--------
Luke 10:21	τῆς	ὁ	RA	----GSF-
Luke 10:21	γῆς	γῆ	N-	----GSF-
Luke 10:21	ὅτι	ὅτι	C-	--------
Luke 10:21	ἀπέκρυψας	ἀποκρύπτω	V-	2AAI-S--
Luke 10:21	ταῦτα	οὗτος	RD	----APN-
Luke 10:21	ἀπὸ	ἀπό	P-	--------
Luke 10:21	σοφῶν	σοφός	A-	----GPM-
Luke 10:21	καὶ	καί	C-	--------
Luke 10:21	συνετῶν	συνετός	A-	----GPM-
Luke 10:21	καὶ	καί	C-	--------
Luke 10:21	ἀπεκάλυψας	ἀποκαλύπτω	V-	2AAI-S--
Luke 10:21	αὐτὰ	αὐτός	RP	----APN-
Luke 10:21	νηπίοις	νήπιος	A-	----DPM-
Luke 10:21	ναί	ναί	X-	--------
Luke 10:21	ὁ	ὁ	RA	----NSM-
Luke 10:21	πατήρ	πατήρ	N-	----NSM-
Luke 10:21	ὅτι	ὅτι	C-	--------
Luke 10:21	οὕτως	οὕτω(ς)	D-	--------
Luke 10:21	εὐδοκία	εὐδοκία	N-	----NSF-
Luke 10:21	ἐγένετο	γίνομαι	V-	3AMI-S--
Luke 10:21	ἔμπροσθέν	ἔμπροσθεν	P-	--------
Luke 10:21	σου	σύ	RP	----GS--
Luke 10:22	πάντα	πᾶς	A-	----NPN-
Luke 10:22	μοι	ἐγώ	RP	----DS--
Luke 10:22	παρεδόθη	παραδίδωμι	V-	3API-S--
Luke 10:22	ὑπὸ	ὑπό	P-	--------
Luke 10:22	τοῦ	ὁ	RA	----GSM-
Luke 10:22	πατρός	πατήρ	N-	----GSM-
Luke 10:22	μου	ἐγώ	RP	----GS--
Luke 10:22	καὶ	καί	C-	--------
Luke 10:22	οὐδεὶς	οὐδείς	A-	----NSM-
Luke 10:22	γινώσκει	γινώσκω	V-	3PAI-S--
Luke 10:22	τίς	τίς	RI	----NSM-
Luke 10:22	ἐστιν	εἰμί	V-	3PAI-S--
Luke 10:22	ὁ	ὁ	RA	----NSM-
Luke 10:22	υἱὸς	υἱός	N-	----NSM-
Luke 10:22	εἰ	εἰ	C-	--------
Luke 10:22	μὴ	μή	D-	--------
Luke 10:22	ὁ	ὁ	RA	----NSM-
Luke 10:22	πατήρ	πατήρ	N-	----NSM-
Luke 10:22	καὶ	καί	C-	--------
Luke 10:22	τίς	τίς	RI	----NSM-
Luke 10:22	ἐστιν	εἰμί	V-	3PAI-S--
Luke 10:22	ὁ	ὁ	RA	----NSM-
Luke 10:22	πατὴρ	πατήρ	N-	----NSM-
Luke 10:22	εἰ	εἰ	C-	--------
Luke 10:22	μὴ	μή	D-	--------
Luke 10:22	ὁ	ὁ	RA	----NSM-
Luke 10:22	υἱὸς	υἱός	N-	----NSM-
Luke 10:22	καὶ	καί	C-	--------
Luke 10:22	ᾧ	ὅς	RR	----DSM-
Luke 10:22	ἐὰν	ἐάν	X-	--------
Luke 10:22	βούληται	βούλομαι	V-	3PMS-S--
Luke 10:22	ὁ	ὁ	RA	----NSM-
Luke 10:22	υἱὸς	υἱός	N-	----NSM-
Luke 10:22	ἀποκαλύψαι	ἀποκαλύπτω	V-	-AAN----
Luke 10:23	Καὶ	καί	C-	--------
Luke 10:23	στραφεὶς	στρέφω	V-	-APPNSM-
Luke 10:23	πρὸς	πρός	P-	--------
Luke 10:23	τοὺς	ὁ	RA	----APM-
Luke 10:23	μαθητὰς	μαθητής	N-	----APM-
Luke 10:23	κατ’	κατά	P-	--------
Luke 10:23	ἰδίαν	ἴδιος	A-	----ASF-
Luke 10:23	εἶπεν	λέγω	V-	3AAI-S--
Luke 10:23	Μακάριοι	μακάριος	A-	----NPM-
Luke 10:23	οἱ	ὁ	RA	----NPM-
Luke 10:23	ὀφθαλμοὶ	ὀφθαλμός	N-	----NPM-
Luke 10:23	οἱ	ὁ	RA	----NPM-
Luke 10:23	βλέποντες	βλέπω	V-	-PAPNPM-
Luke 10:23	ἃ	ὅς	RR	----APN-
Luke 10:23	βλέπετε	βλέπω	V-	2PAI-P--
Luke 10:24	λέγω	λέγω	V-	1PAI-S--
Luke 10:24	γὰρ	γάρ	C-	--------
Luke 10:24	ὑμῖν	σύ	RP	----DP--
Luke 10:24	ὅτι	ὅτι	C-	--------
Luke 10:24	πολλοὶ	πολύς	A-	----NPM-
Luke 10:24	προφῆται	προφήτης	N-	----NPM-
Luke 10:24	καὶ	καί	C-	--------
Luke 10:24	βασιλεῖς	βασιλεύς	N-	----NPM-
Luke 10:24	ἠθέλησαν	θέλω	V-	3AAI-P--
Luke 10:24	ἰδεῖν	ὁράω	V-	-AAN----
Luke 10:24	ἃ	ὅς	RR	----APN-
Luke 10:24	ὑμεῖς	σύ	RP	----NP--
Luke 10:24	βλέπετε	βλέπω	V-	2PAI-P--
Luke 10:24	καὶ	καί	C-	--------
Luke 10:24	οὐκ	οὐ	D-	--------
Luke 10:24	εἶδαν	ὁράω	V-	3AAI-P--
Luke 10:24	καὶ	καί	C-	--------
Luke 10:24	ἀκοῦσαι	ἀκούω	V-	-AAN----
Luke 10:24	ἃ	ὅς	RR	----APN-
Luke 10:24	ἀκούετε	ἀκούω	V-	2PAI-P--
Luke 10:24	καὶ	καί	C-	--------
Luke 10:24	οὐκ	οὐ	D-	--------
Luke 10:24	ἤκουσαν	ἀκούω	V-	3AAI-P--
Luke 10:25	Καὶ	καί	C-	--------
Luke 10:25	ἰδοὺ	ἰδού	X-	--------
Luke 10:25	νομικός	νομικός	A-	----NSM-
Luke 10:25	τις	τις	RI	----NSM-
Luke 10:25	ἀνέστη	ἀνίστημι	V-	3AAI-S--
Luke 10:25	ἐκπειράζων	ἐκπειράζω	V-	-PAPNSM-
Luke 10:25	αὐτὸν	αὐτός	RP	----ASM-
Luke 10:25	λέγων	λέγω	V-	-PAPNSM-
Luke 10:25	Διδάσκαλε	διδάσκαλος	N-	----VSM-
Luke 10:25	τί	τίς	RI	----ASN-
Luke 10:25	ποιήσας	ποιέω	V-	-AAPNSM-
Luke 10:25	ζωὴν	ζωή	N-	----ASF-
Luke 10:25	αἰώνιον	αἰώνιος	A-	----ASF-
Luke 10:25	κληρονομήσω	κληρονομέω	V-	1FAI-S--
Luke 10:26	ὁ	ὁ	RA	----NSM-
Luke 10:26	δὲ	δέ	C-	--------
Luke 10:26	εἶπεν	λέγω	V-	3AAI-S--
Luke 10:26	πρὸς	πρός	P-	--------
Luke 10:26	αὐτόν	αὐτός	RP	----ASM-
Luke 10:26	Ἐν	ἐν	P-	--------
Luke 10:26	τῷ	ὁ	RA	----DSM-
Luke 10:26	νόμῳ	νόμος	N-	----DSM-
Luke 10:26	τί	τίς	RI	----NSN-
Luke 10:26	γέγραπται	γράφω	V-	3XPI-S--
Luke 10:26	πῶς	πῶς	D-	--------
Luke 10:26	ἀναγινώσκεις	ἀναγινώσκω	V-	2PAI-S--
Luke 10:27	ὁ	ὁ	RA	----NSM-
Luke 10:27	δὲ	δέ	C-	--------
Luke 10:27	ἀποκριθεὶς	ἀποκρίνομαι	V-	-APPNSM-
Luke 10:27	εἶπεν	λέγω	V-	3AAI-S--
Luke 10:27	Ἀγαπήσεις	ἀγαπάω	V-	2FAI-S--
Luke 10:27	κύριον	κύριος	N-	----ASM-
Luke 10:27	τὸν	ὁ	RA	----ASM-
Luke 10:27	θεόν	θεός	N-	----ASM-
Luke 10:27	σου	σύ	RP	----GS--
Luke 10:27	ἐξ	ἐκ	P-	--------
Luke 10:27	ὅλης	ὅλος	A-	----GSF-
Luke 10:27	τῆς	ὁ	RA	----GSF-
Luke 10:27	καρδίας	καρδία	N-	----GSF-
Luke 10:27	σου	σύ	RP	----GS--
Luke 10:27	καὶ	καί	C-	--------
Luke 10:27	ἐν	ἐν	P-	--------
Luke 10:27	ὅλῃ	ὅλος	A-	----DSF-
Luke 10:27	τῇ	ὁ	RA	----DSF-
Luke 10:27	ψυχῇ	ψυχή	N-	----DSF-
Luke 10:27	σου	σύ	RP	----GS--
Luke 10:27	καὶ	καί	C-	--------
Luke 10:27	ἐν	ἐν	P-	--------
Luke 10:27	ὅλῃ	ὅλος	A-	----DSF-
Luke 10:27	τῇ	ὁ	RA	----DSF-
Luke 10:27	ἰσχύϊ	ἰσχύς	N-	----DSF-
Luke 10:27	σου	σύ	RP	----GS--
Luke 10:27	καὶ	καί	C-	--------
Luke 10:27	ἐν	ἐν	P-	--------
Luke 10:27	ὅλῃ	ὅλος	A-	----DSF-
Luke 10:27	τῇ	ὁ	RA	----DSF-
Luke 10:27	διανοίᾳ	διάνοια	N-	----DSF-
Luke 10:27	σου	σύ	RP	----GS--
Luke 10:27	καὶ	καί	C-	--------
Luke 10:27	τὸν	ὁ	RA	----ASM-
Luke 10:27	πλησίον	πλησίον	D-	--------
Luke 10:27	σου	σύ	RP	----GS--
Luke 10:27	ὡς	ὡς	C-	--------
Luke 10:27	σεαυτόν	σεαυτοῦ	RP	----ASM-
Luke 10:28	εἶπεν	λέγω	V-	3AAI-S--
Luke 10:28	δὲ	δέ	C-	--------
Luke 10:28	αὐτῷ	αὐτός	RP	----DSM-
Luke 10:28	Ὀρθῶς	ὀρθῶς	D-	--------
Luke 10:28	ἀπεκρίθης	ἀποκρίνομαι	V-	2API-S--
Luke 10:28	τοῦτο	οὗτος	RD	----ASN-
Luke 10:28	ποίει	ποιέω	V-	2PAD-S--
Luke 10:28	καὶ	καί	C-	--------
Luke 10:28	ζήσῃ	ζάω	V-	2FMI-S--
Luke 10:29	Ὁ	ὁ	RA	----NSM-
Luke 10:29	δὲ	δέ	C-	--------
Luke 10:29	θέλων	θέλω	V-	-PAPNSM-
Luke 10:29	δικαιῶσαι	δικαιόω	V-	-AAN----
Luke 10:29	ἑαυτὸν	ἑαυτοῦ	RP	----ASM-
Luke 10:29	εἶπεν	λέγω	V-	3AAI-S--
Luke 10:29	πρὸς	πρός	P-	--------
Luke 10:29	τὸν	ὁ	RA	----ASM-
Luke 10:29	Ἰησοῦν	Ἰησοῦς	N-	----ASM-
Luke 10:29	Καὶ	καί	C-	--------
Luke 10:29	τίς	τίς	RI	----NSM-
Luke 10:29	ἐστίν	εἰμί	V-	3PAI-S--
Luke 10:29	μου	ἐγώ	RP	----GS--
Luke 10:29	πλησίον	πλησίον	D-	--------
Luke 10:30	ὑπολαβὼν	ὑπολαμβάνω	V-	-AAPNSM-
Luke 10:30	δὲ	δέ	C-	--------
Luke 10:30	ὁ	ὁ	RA	----NSM-
Luke 10:30	Ἰησοῦς	Ἰησοῦς	N-	----NSM-
Luke 10:30	εἶπεν	λέγω	V-	3AAI-S--
Luke 10:30	Ἄνθρωπός	ἄνθρωπος	N-	----NSM-
Luke 10:30	τις	τις	RI	----NSM-
Luke 10:30	κατέβαινεν	καταβαίνω	V-	3IAI-S--
Luke 10:30	ἀπὸ	ἀπό	P-	--------
Luke 10:30	Ἰερουσαλὴμ	Ἰερουσαλήμ	N-	----GSF-
Luke 10:30	εἰς	εἰς	P-	--------
Luke 10:30	Ἰεριχὼ	Ἰεριχώ	N-	----ASF-
Luke 10:30	καὶ	καί	C-	--------
Luke 10:30	λῃσταῖς	λῃστής	N-	----DPM-
Luke 10:30	περιέπεσεν	περιπίπτω	V-	3AAI-S--
Luke 10:30	οἳ	ὅς	RR	----NPM-
Luke 10:30	καὶ	καί	D-	--------
Luke 10:30	ἐκδύσαντες	ἐκδύω	V-	-AAPNPM-
Luke 10:30	αὐτὸν	αὐτός	RP	----ASM-
Luke 10:30	καὶ	καί	C-	--------
Luke 10:30	πληγὰς	πληγή	N-	----APF-
Luke 10:30	ἐπιθέντες	ἐπιτίθημι	V-	-AAPNPM-
Luke 10:30	ἀπῆλθον	ἀπέρχομαι	V-	3AAI-P--
Luke 10:30	ἀφέντες	ἀφίημι	V-	-AAPNPM-
Luke 10:30	ἡμιθανῆ	ἡμιθανής	A-	----ASM-
Luke 10:31	κατὰ	κατά	P-	--------
Luke 10:31	συγκυρίαν	συγκυρία	N-	----ASF-
Luke 10:31	δὲ	δέ	C-	--------
Luke 10:31	ἱερεύς	ἱερεύς	N-	----NSM-
Luke 10:31	τις	τις	RI	----NSM-
Luke 10:31	κατέβαινεν	καταβαίνω	V-	3IAI-S--
Luke 10:31	ἐν	ἐν	P-	--------
Luke 10:31	τῇ	ὁ	RA	----DSF-
Luke 10:31	ὁδῷ	ὁδός	N-	----DSF-
Luke 10:31	ἐκείνῃ	ἐκεῖνος	RD	----DSF-
Luke 10:31	καὶ	καί	C-	--------
Luke 10:31	ἰδὼν	ὁράω	V-	-AAPNSM-
Luke 10:31	αὐτὸν	αὐτός	RP	----ASM-
Luke 10:31	ἀντιπαρῆλθεν	ἀντιπαρέρχομαι	V-	3AAI-S--
Luke 10:32	ὁμοίως	ὁμοίως	D-	--------
Luke 10:32	δὲ	δέ	C-	--------
Luke 10:32	καὶ	καί	D-	--------
Luke 10:32	Λευίτης	Λευίτης	N-	----NSM-
Luke 10:32	κατὰ	κατά	P-	--------
Luke 10:32	τὸν	ὁ	RA	----ASM-
Luke 10:32	τόπον	τόπος	N-	----ASM-
Luke 10:32	ἐλθὼν	ἔρχομαι	V-	-AAPNSM-
Luke 10:32	καὶ	καί	C-	--------
Luke 10:32	ἰδὼν	ὁράω	V-	-AAPNSM-
Luke 10:32	ἀντιπαρῆλθεν	ἀντιπαρέρχομαι	V-	3AAI-S--
Luke 10:33	Σαμαρίτης	Σαμαρίτης	N-	----NSM-
Luke 10:33	δέ	δέ	C-	--------
Luke 10:33	τις	τις	RI	----NSM-
Luke 10:33	ὁδεύων	ὁδεύω	V-	-PAPNSM-
Luke 10:33	ἦλθεν	ἔρχομαι	V-	3AAI-S--
Luke 10:33	κατ’	κατά	P-	--------
Luke 10:33	αὐτὸν	αὐτός	RP	----ASM-
Luke 10:33	καὶ	καί	C-	--------
Luke 10:33	ἰδὼν	ὁράω	V-	-AAPNSM-
Luke 10:33	ἐσπλαγχνίσθη	σπλαγχνίζομαι	V-	3API-S--
Luke 10:34	καὶ	καί	C-	--------
Luke 10:34	προσελθὼν	προσέρχομαι	V-	-AAPNSM-
Luke 10:34	κατέδησεν	καταδέω	V-	3AAI-S--
Luke 10:34	τὰ	ὁ	RA	----APN-
Luke 10:34	τραύματα	τραῦμα	N-	----APN-
Luke 10:34	αὐτοῦ	αὐτός	RP	----GSM-
Luke 10:34	ἐπιχέων	ἐπιχέω	V-	-PAPNSM-
Luke 10:34	ἔλαιον	ἔλαιον	N-	----ASN-
Luke 10:34	καὶ	καί	C-	--------
Luke 10:34	οἶνον	οἶνος	N-	----ASM-
Luke 10:34	ἐπιβιβάσας	ἐπιβιβάζω	V-	-AAPNSM-
Luke 10:34	δὲ	δέ	C-	--------
Luke 10:34	αὐτὸν	αὐτός	RP	----ASM-
Luke 10:34	ἐπὶ	ἐπί	P-	--------
Luke 10:34	τὸ	ὁ	RA	----ASN-
Luke 10:34	ἴδιον	ἴδιος	A-	----ASN-
Luke 10:34	κτῆνος	κτῆνος	N-	----ASN-
Luke 10:34	ἤγαγεν	ἄγω	V-	3AAI-S--
Luke 10:34	αὐτὸν	αὐτός	RP	----ASM-
Luke 10:34	εἰς	εἰς	P-	--------
Luke 10:34	πανδοχεῖον	πανδοχεῖον	N-	----ASN-
Luke 10:34	καὶ	καί	C-	--------
Luke 10:34	ἐπεμελήθη	ἐπιμελέομαι	V-	3API-S--
Luke 10:34	αὐτοῦ	αὐτός	RP	----GSM-
Luke 10:35	καὶ	καί	C-	--------
Luke 10:35	ἐπὶ	ἐπί	P-	--------
Luke 10:35	τὴν	ὁ	RA	----ASF-
Luke 10:35	αὔριον	αὔριον	D-	--------
Luke 10:35	ἐκβαλὼν	ἐκβάλλω	V-	-AAPNSM-
Luke 10:35	δύο	δύο	A-	----APN-
Luke 10:35	δηνάρια	δηνάριον	N-	----APN-
Luke 10:35	ἔδωκεν	δίδωμι	V-	3AAI-S--
Luke 10:35	τῷ	ὁ	RA	----DSM-
Luke 10:35	πανδοχεῖ	πανδοχεύς	N-	----DSM-
Luke 10:35	καὶ	καί	C-	--------
Luke 10:35	εἶπεν	λέγω	V-	3AAI-S--
Luke 10:35	Ἐπιμελήθητι	ἐπιμελέομαι	V-	2APD-S--
Luke 10:35	αὐτοῦ	αὐτός	RP	----GSM-
Luke 10:35	καὶ	καί	C-	--------
Luke 10:35	ὅ	ὅς	RR	----ASN-
Luke 10:35	τι	τις	RI	----ASN-
Luke 10:35	ἂν	ἄν	X-	--------
Luke 10:35	προσδαπανήσῃς	προσδαπανάω	V-	2AAS-S--
Luke 10:35	ἐγὼ	ἐγώ	RP	----NS--
Luke 10:35	ἐν	ἐν	P-	--------
Luke 10:35	τῷ	ὁ	RA	----DSN-
Luke 10:35	ἐπανέρχεσθαί	ἐπανέρχομαι	V-	-PMN----
Luke 10:35	με	ἐγώ	RP	----AS--
Luke 10:35	ἀποδώσω	ἀποδίδωμι	V-	1FAI-S--
Luke 10:35	σοι	σύ	RP	----DS--
Luke 10:36	τίς	τίς	RI	----NSM-
Luke 10:36	τούτων	οὗτος	RD	----GPM-
Luke 10:36	τῶν	ὁ	RA	----GPM-
Luke 10:36	τριῶν	τρεῖς	A-	----GPM-
Luke 10:36	πλησίον	πλησίον	D-	--------
Luke 10:36	δοκεῖ	δοκέω	V-	3PAI-S--
Luke 10:36	σοι	σύ	RP	----DS--
Luke 10:36	γεγονέναι	γίνομαι	V-	-XAN----
Luke 10:36	τοῦ	ὁ	RA	----GSM-
Luke 10:36	ἐμπεσόντος	ἐμπίπτω	V-	-AAPGSM-
Luke 10:36	εἰς	εἰς	P-	--------
Luke 10:36	τοὺς	ὁ	RA	----APM-
Luke 10:36	λῃστάς	λῃστής	N-	----APM-
Luke 10:37	ὁ	ὁ	RA	----NSM-
Luke 10:37	δὲ	δέ	C-	--------
Luke 10:37	εἶπεν	λέγω	V-	3AAI-S--
Luke 10:37	Ὁ	ὁ	RA	----NSM-
Luke 10:37	ποιήσας	ποιέω	V-	-AAPNSM-
Luke 10:37	τὸ	ὁ	RA	----ASN-
Luke 10:37	ἔλεος	ἔλεος	N-	----ASN-
Luke 10:37	μετ’	μετά	P-	--------
Luke 10:37	αὐτοῦ	αὐτός	RP	----GSM-
Luke 10:37	εἶπεν	λέγω	V-	3AAI-S--
Luke 10:37	δὲ	δέ	C-	--------
Luke 10:37	αὐτῷ	αὐτός	RP	----DSM-
Luke 10:37	ὁ	ὁ	RA	----NSM-
Luke 10:37	Ἰησοῦς	Ἰησοῦς	N-	----NSM-
Luke 10:37	Πορεύου	πορεύομαι	V-	2PMD-S--
Luke 10:37	καὶ	καί	C-	--------
Luke 10:37	σὺ	σύ	RP	----NS--
Luke 10:37	ποίει	ποιέω	V-	2PAD-S--
Luke 10:37	ὁμοίως	ὁμοίως	D-	--------
Luke 10:38	Ἐν	ἐν	P-	--------
Luke 10:38	δὲ	δέ	C-	--------
Luke 10:38	τῷ	ὁ	RA	----DSN-
Luke 10:38	πορεύεσθαι	πορεύομαι	V-	-PMN----
Luke 10:38	αὐτοὺς	αὐτός	RP	----APM-
Luke 10:38	αὐτὸς	αὐτός	RP	----NSM-
Luke 10:38	εἰσῆλθεν	εἰσέρχομαι	V-	3AAI-S--
Luke 10:38	εἰς	εἰς	P-	--------
Luke 10:38	κώμην	κώμη	N-	----ASF-
Luke 10:38	τινά	τις	RI	----ASF-
Luke 10:38	γυνὴ	γυνή	N-	----NSF-
Luke 10:38	δέ	δέ	C-	--------
Luke 10:38	τις	τις	RI	----NSF-
Luke 10:38	ὀνόματι	ὄνομα	N-	----DSN-
Luke 10:38	Μάρθα	Μάρθα	N-	----NSF-
Luke 10:38	ὑπεδέξατο	ὑποδέχομαι	V-	3AMI-S--
Luke 10:38	αὐτὸν	αὐτός	RP	----ASM-
Luke 10:39	καὶ	καί	C-	--------
Luke 10:39	τῇδε	ὅδε	RD	----DSF-
Luke 10:39	ἦν	εἰμί	V-	3IAI-S--
Luke 10:39	ἀδελφὴ	ἀδελφή	N-	----NSF-
Luke 10:39	καλουμένη	καλέω	V-	-PPPNSF-
Luke 10:39	Μαριάμ	Μαριάμ	N-	----NSF-
Luke 10:39	ἣ	ὅς	RR	----NSF-
Luke 10:39	καὶ	καί	D-	--------
Luke 10:39	παρακαθεσθεῖσα	παρακαθέζομαι	V-	-APPNSF-
Luke 10:39	πρὸς	πρός	P-	--------
Luke 10:39	τοὺς	ὁ	RA	----APM-
Luke 10:39	πόδας	πούς	N-	----APM-
Luke 10:39	τοῦ	ὁ	RA	----GSM-
Luke 10:39	Ἰησοῦ	Ἰησοῦς	N-	----GSM-
Luke 10:39	ἤκουεν	ἀκούω	V-	3IAI-S--
Luke 10:39	τὸν	ὁ	RA	----ASM-
Luke 10:39	λόγον	λόγος	N-	----ASM-
Luke 10:39	αὐτοῦ	αὐτός	RP	----GSM-
Luke 10:40	ἡ	ὁ	RA	----NSF-
Luke 10:40	δὲ	δέ	C-	--------
Luke 10:40	Μάρθα	Μάρθα	N-	----NSF-
Luke 10:40	περιεσπᾶτο	περισπάομαι	V-	3IPI-S--
Luke 10:40	περὶ	περί	P-	--------
Luke 10:40	πολλὴν	πολύς	A-	----ASF-
Luke 10:40	διακονίαν	διακονία	N-	----ASF-
Luke 10:40	ἐπιστᾶσα	ἐφίστημι	V-	-AAPNSF-
Luke 10:40	δὲ	δέ	C-	--------
Luke 10:40	εἶπεν	λέγω	V-	3AAI-S--
Luke 10:40	Κύριε	κύριος	N-	----VSM-
Luke 10:40	οὐ	οὐ	D-	--------
Luke 10:40	μέλει	μέλει	V-	3PAI-S--
Luke 10:40	σοι	σύ	RP	----DS--
Luke 10:40	ὅτι	ὅτι	C-	--------
Luke 10:40	ἡ	ὁ	RA	----NSF-
Luke 10:40	ἀδελφή	ἀδελφή	N-	----NSF-
Luke 10:40	μου	ἐγώ	RP	----GS--
Luke 10:40	μόνην	μόνος	A-	----ASF-
Luke 10:40	με	ἐγώ	RP	----AS--
Luke 10:40	κατέλειπεν	καταλείπω	V-	3AAI-S--
Luke 10:40	διακονεῖν	διακονέω	V-	-PAN----
Luke 10:40	εἰπὲ	λέγω	V-	2AAD-S--
Luke 10:40	οὖν	οὖν	C-	--------
Luke 10:40	αὐτῇ	αὐτός	RP	----DSF-
Luke 10:40	ἵνα	ἵνα	C-	--------
Luke 10:40	μοι	ἐγώ	RP	----DS--
Luke 10:40	συναντιλάβηται	συναντιλαμβάνομαι	V-	3AMS-S--
Luke 10:41	ἀποκριθεὶς	ἀποκρίνομαι	V-	-APPNSM-
Luke 10:41	δὲ	δέ	C-	--------
Luke 10:41	εἶπεν	λέγω	V-	3AAI-S--
Luke 10:41	αὐτῇ	αὐτός	RP	----DSF-
Luke 10:41	ὁ	ὁ	RA	----NSM-
Luke 10:41	κύριος	κύριος	N-	----NSM-
Luke 10:41	Μάρθα	Μάρθα	N-	----VSF-
Luke 10:41	Μάρθα	Μάρθα	N-	----VSF-
Luke 10:41	μεριμνᾷς	μεριμνάω	V-	2PAI-S--
Luke 10:41	καὶ	καί	C-	--------
Luke 10:41	θορυβάζῃ	θορυβάζω	V-	2PPI-S--
Luke 10:41	περὶ	περί	P-	--------
Luke 10:41	πολλά	πολύς	A-	----APN-
Luke 10:42	ὀλίγων	ὀλίγος	A-	----GPN-
Luke 10:42	δέ	δέ	C-	--------
Luke 10:42	ἐστιν	εἰμί	V-	3PAI-S--
Luke 10:42	χρεία	χρεία	N-	----NSF-
Luke 10:42	ἢ	ἤ	C-	--------
Luke 10:42	ἑνός	εἷς	A-	----GSN-
Luke 10:42	Μαριὰμ	Μαριάμ	N-	----NSF-
Luke 10:42	γὰρ	γάρ	C-	--------
Luke 10:42	τὴν	ὁ	RA	----ASF-
Luke 10:42	ἀγαθὴν	ἀγαθός	A-	----ASF-
Luke 10:42	μερίδα	μερίς	N-	----ASF-
Luke 10:42	ἐξελέξατο	ἐκλέγομαι	V-	3AMI-S--
Luke 10:42	ἥτις	ὅστις	RR	----NSF-
Luke 10:42	οὐκ	οὐ	D-	--------
Luke 10:42	ἀφαιρεθήσεται	ἀφαιρέω	V-	3FPI-S--
Luke 10:42	αὐτῆς	αὐτός	RP	----GSF-
Luke 11:1	Καὶ	καί	C-	--------
Luke 11:1	ἐγένετο	γίνομαι	V-	3AMI-S--
Luke 11:1	ἐν	ἐν	P-	--------
Luke 11:1	τῷ	ὁ	RA	----DSN-
Luke 11:1	εἶναι	εἰμί	V-	-PAN----
Luke 11:1	αὐτὸν	αὐτός	RP	----ASM-
Luke 11:1	ἐν	ἐν	P-	--------
Luke 11:1	τόπῳ	τόπος	N-	----DSM-
Luke 11:1	τινὶ	τις	RI	----DSM-
Luke 11:1	προσευχόμενον	προσεύχομαι	V-	-PMPASM-
Luke 11:1	ὡς	ὡς	C-	--------
Luke 11:1	ἐπαύσατο	παύω	V-	3AMI-S--
Luke 11:1	εἶπέν	λέγω	V-	3AAI-S--
Luke 11:1	τις	τις	RI	----NSM-
Luke 11:1	τῶν	ὁ	RA	----GPM-
Luke 11:1	μαθητῶν	μαθητής	N-	----GPM-
Luke 11:1	αὐτοῦ	αὐτός	RP	----GSM-
Luke 11:1	πρὸς	πρός	P-	--------
Luke 11:1	αὐτόν	αὐτός	RP	----ASM-
Luke 11:1	Κύριε	κύριος	N-	----VSM-
Luke 11:1	δίδαξον	διδάσκω	V-	2AAD-S--
Luke 11:1	ἡμᾶς	ἐγώ	RP	----AP--
Luke 11:1	προσεύχεσθαι	προσεύχομαι	V-	-PMN----
Luke 11:1	καθὼς	καθώς	C-	--------
Luke 11:1	καὶ	καί	D-	--------
Luke 11:1	Ἰωάννης	Ἰωάννης	N-	----NSM-
Luke 11:1	ἐδίδαξεν	διδάσκω	V-	3AAI-S--
Luke 11:1	τοὺς	ὁ	RA	----APM-
Luke 11:1	μαθητὰς	μαθητής	N-	----APM-
Luke 11:1	αὐτοῦ	αὐτός	RP	----GSM-
Luke 11:2	εἶπεν	λέγω	V-	3AAI-S--
Luke 11:2	δὲ	δέ	C-	--------
Luke 11:2	αὐτοῖς	αὐτός	RP	----DPM-
Luke 11:2	Ὅταν	ὅταν	C-	--------
Luke 11:2	προσεύχησθε	προσεύχομαι	V-	2PMS-P--
Luke 11:2	λέγετε	λέγω	V-	2PAD-P--
Luke 11:2	Πάτερ	πατήρ	N-	----VSM-
Luke 11:2	ἁγιασθήτω	ἁγιάζω	V-	3APD-S--
Luke 11:2	τὸ	ὁ	RA	----NSN-
Luke 11:2	ὄνομά	ὄνομα	N-	----NSN-
Luke 11:2	σου	σύ	RP	----GS--
Luke 11:2	ἐλθέτω	ἔρχομαι	V-	3AAD-S--
Luke 11:2	ἡ	ὁ	RA	----NSF-
Luke 11:2	βασιλεία	βασιλεία	N-	----NSF-
Luke 11:2	σου	σύ	RP	----GS--
Luke 11:3	τὸν	ὁ	RA	----ASM-
Luke 11:3	ἄρτον	ἄρτος	N-	----ASM-
Luke 11:3	ἡμῶν	ἐγώ	RP	----GP--
Luke 11:3	τὸν	ὁ	RA	----ASM-
Luke 11:3	ἐπιούσιον	ἐπιούσιος	A-	----ASM-
Luke 11:3	δίδου	δίδωμι	V-	2PAD-S--
Luke 11:3	ἡμῖν	ἐγώ	RP	----DP--
Luke 11:3	τὸ	ὁ	RA	----ASN-
Luke 11:3	καθ’	κατά	P-	--------
Luke 11:3	ἡμέραν	ἡμέρα	N-	----ASF-
Luke 11:4	καὶ	καί	C-	--------
Luke 11:4	ἄφες	ἀφίημι	V-	2AAD-S--
Luke 11:4	ἡμῖν	ἐγώ	RP	----DP--
Luke 11:4	τὰς	ὁ	RA	----APF-
Luke 11:4	ἁμαρτίας	ἁμαρτία	N-	----APF-
Luke 11:4	ἡμῶν	ἐγώ	RP	----GP--
Luke 11:4	καὶ	καί	D-	--------
Luke 11:4	γὰρ	γάρ	C-	--------
Luke 11:4	αὐτοὶ	αὐτός	RP	----NPM-
Luke 11:4	ἀφίομεν	ἀφίημι	V-	1PAI-P--
Luke 11:4	παντὶ	πᾶς	A-	----DSM-
Luke 11:4	ὀφείλοντι	ὀφείλω	V-	-PAPDSM-
Luke 11:4	ἡμῖν	ἐγώ	RP	----DP--
Luke 11:4	καὶ	καί	C-	--------
Luke 11:4	μὴ	μή	D-	--------
Luke 11:4	εἰσενέγκῃς	εἰσφέρω	V-	2AAS-S--
Luke 11:4	ἡμᾶς	ἐγώ	RP	----AP--
Luke 11:4	εἰς	εἰς	P-	--------
Luke 11:4	πειρασμόν	πειρασμός	N-	----ASM-
Luke 11:5	Καὶ	καί	C-	--------
Luke 11:5	εἶπεν	λέγω	V-	3AAI-S--
Luke 11:5	πρὸς	πρός	P-	--------
Luke 11:5	αὐτούς	αὐτός	RP	----APM-
Luke 11:5	Τίς	τίς	RI	----NSM-
Luke 11:5	ἐξ	ἐκ	P-	--------
Luke 11:5	ὑμῶν	σύ	RP	----GP--
Luke 11:5	ἕξει	ἔχω	V-	3FAI-S--
Luke 11:5	φίλον	φίλος	A-	----ASM-
Luke 11:5	καὶ	καί	C-	--------
Luke 11:5	πορεύσεται	πορεύομαι	V-	3FMI-S--
Luke 11:5	πρὸς	πρός	P-	--------
Luke 11:5	αὐτὸν	αὐτός	RP	----ASM-
Luke 11:5	μεσονυκτίου	μεσονύκτιον	N-	----GSN-
Luke 11:5	καὶ	καί	C-	--------
Luke 11:5	εἴπῃ	λέγω	V-	3AAS-S--
Luke 11:5	αὐτῷ	αὐτός	RP	----DSM-
Luke 11:5	Φίλε	φίλος	A-	----VSM-
Luke 11:5	χρῆσόν	κίχρημι	V-	2AAD-S--
Luke 11:5	μοι	ἐγώ	RP	----DS--
Luke 11:5	τρεῖς	τρεῖς	A-	----APM-
Luke 11:5	ἄρτους	ἄρτος	N-	----APM-
Luke 11:6	ἐπειδὴ	ἐπειδή	C-	--------
Luke 11:6	φίλος	φίλος	A-	----NSM-
Luke 11:6	μου	ἐγώ	RP	----GS--
Luke 11:6	παρεγένετο	παραγίνομαι	V-	3AMI-S--
Luke 11:6	ἐξ	ἐκ	P-	--------
Luke 11:6	ὁδοῦ	ὁδός	N-	----GSF-
Luke 11:6	πρός	πρός	P-	--------
Luke 11:6	με	ἐγώ	RP	----AS--
Luke 11:6	καὶ	καί	C-	--------
Luke 11:6	οὐκ	οὐ	D-	--------
Luke 11:6	ἔχω	ἔχω	V-	1PAI-S--
Luke 11:6	ὃ	ὅς	RR	----ASN-
Luke 11:6	παραθήσω	παρατίθημι	V-	1FAI-S--
Luke 11:6	αὐτῷ	αὐτός	RP	----DSM-
Luke 11:7	κἀκεῖνος	κἀκεῖνος	RD	----NSM-
Luke 11:7	ἔσωθεν	ἔσωθεν	D-	--------
Luke 11:7	ἀποκριθεὶς	ἀποκρίνομαι	V-	-APPNSM-
Luke 11:7	εἴπῃ	λέγω	V-	3AAS-S--
Luke 11:7	Μή	μή	D-	--------
Luke 11:7	μοι	ἐγώ	RP	----DS--
Luke 11:7	κόπους	κόπος	N-	----APM-
Luke 11:7	πάρεχε	παρέχω	V-	2PAD-S--
Luke 11:7	ἤδη	ἤδη	D-	--------
Luke 11:7	ἡ	ὁ	RA	----NSF-
Luke 11:7	θύρα	θύρα	N-	----NSF-
Luke 11:7	κέκλεισται	κλείω	V-	3XPI-S--
Luke 11:7	καὶ	καί	C-	--------
Luke 11:7	τὰ	ὁ	RA	----NPN-
Luke 11:7	παιδία	παιδίον	N-	----NPN-
Luke 11:7	μου	ἐγώ	RP	----GS--
Luke 11:7	μετ’	μετά	P-	--------
Luke 11:7	ἐμοῦ	ἐγώ	RP	----GS--
Luke 11:7	εἰς	εἰς	P-	--------
Luke 11:7	τὴν	ὁ	RA	----ASF-
Luke 11:7	κοίτην	κοίτη	N-	----ASF-
Luke 11:7	εἰσίν	εἰμί	V-	3PAI-P--
Luke 11:7	οὐ	οὐ	D-	--------
Luke 11:7	δύναμαι	δύναμαι	V-	1PMI-S--
Luke 11:7	ἀναστὰς	ἀνίστημι	V-	-AAPNSM-
Luke 11:7	δοῦναί	δίδωμι	V-	-AAN----
Luke 11:7	σοι	σύ	RP	----DS--
Luke 11:8	λέγω	λέγω	V-	1PAI-S--
Luke 11:8	ὑμῖν	σύ	RP	----DP--
Luke 11:8	εἰ	εἰ	C-	--------
Luke 11:8	καὶ	καί	D-	--------
Luke 11:8	οὐ	οὐ	D-	--------
Luke 11:8	δώσει	δίδωμι	V-	3FAI-S--
Luke 11:8	αὐτῷ	αὐτός	RP	----DSM-
Luke 11:8	ἀναστὰς	ἀνίστημι	V-	-AAPNSM-
Luke 11:8	διὰ	διά	P-	--------
Luke 11:8	τὸ	ὁ	RA	----ASN-
Luke 11:8	εἶναι	εἰμί	V-	-PAN----
Luke 11:8	φίλον	φίλος	A-	----ASM-
Luke 11:8	αὐτοῦ	αὐτός	RP	----GSM-
Luke 11:8	διά	διά	P-	--------
Luke 11:8	γε	γέ	X-	--------
Luke 11:8	τὴν	ὁ	RA	----ASF-
Luke 11:8	ἀναίδειαν	ἀναίδεια	N-	----ASF-
Luke 11:8	αὐτοῦ	αὐτός	RP	----GSM-
Luke 11:8	ἐγερθεὶς	ἐγείρω	V-	-APPNSM-
Luke 11:8	δώσει	δίδωμι	V-	3FAI-S--
Luke 11:8	αὐτῷ	αὐτός	RP	----DSM-
Luke 11:8	ὅσων	ὅσος	RR	----GPN-
Luke 11:8	χρῄζει	χρῄζω	V-	3PAI-S--
Luke 11:9	Κἀγὼ	κἀγώ	RP	----NS--
Luke 11:9	ὑμῖν	σύ	RP	----DP--
Luke 11:9	λέγω	λέγω	V-	1PAI-S--
Luke 11:9	αἰτεῖτε	αἰτέω	V-	2PAD-P--
Luke 11:9	καὶ	καί	C-	--------
Luke 11:9	δοθήσεται	δίδωμι	V-	3FPI-S--
Luke 11:9	ὑμῖν	σύ	RP	----DP--
Luke 11:9	ζητεῖτε	ζητέω	V-	2PAD-P--
Luke 11:9	καὶ	καί	C-	--------
Luke 11:9	εὑρήσετε	εὑρίσκω	V-	2FAI-P--
Luke 11:9	κρούετε	κρούω	V-	2PAD-P--
Luke 11:9	καὶ	καί	C-	--------
Luke 11:9	ἀνοιγήσεται	ἀνοίγω	V-	3FPI-S--
Luke 11:9	ὑμῖν	σύ	RP	----DP--
Luke 11:10	πᾶς	πᾶς	A-	----NSM-
Luke 11:10	γὰρ	γάρ	C-	--------
Luke 11:10	ὁ	ὁ	RA	----NSM-
Luke 11:10	αἰτῶν	αἰτέω	V-	-PAPNSM-
Luke 11:10	λαμβάνει	λαμβάνω	V-	3PAI-S--
Luke 11:10	καὶ	καί	C-	--------
Luke 11:10	ὁ	ὁ	RA	----NSM-
Luke 11:10	ζητῶν	ζητέω	V-	-PAPNSM-
Luke 11:10	εὑρίσκει	εὑρίσκω	V-	3PAI-S--
Luke 11:10	καὶ	καί	C-	--------
Luke 11:10	τῷ	ὁ	RA	----DSM-
Luke 11:10	κρούοντι	κρούω	V-	-PAPDSM-
Luke 11:10	ἀνοιγήσεται	ἀνοίγω	V-	3FPI-S--
Luke 11:11	τίνα	τίς	RI	----ASM-
Luke 11:11	δὲ	δέ	C-	--------
Luke 11:11	ἐξ	ἐκ	P-	--------
Luke 11:11	ὑμῶν	σύ	RP	----GP--
Luke 11:11	τὸν	ὁ	RA	----ASM-
Luke 11:11	πατέρα	πατήρ	N-	----ASM-
Luke 11:11	αἰτήσει	αἰτέω	V-	3FAI-S--
Luke 11:11	ὁ	ὁ	RA	----NSM-
Luke 11:11	υἱὸς	υἱός	N-	----NSM-
Luke 11:11	ἰχθύν	ἰχθύς	N-	----ASM-
Luke 11:11	καὶ	καί	C-	--------
Luke 11:11	ἀντὶ	ἀντί	P-	--------
Luke 11:11	ἰχθύος	ἰχθύς	N-	----GSM-
Luke 11:11	ὄφιν	ὄφις	N-	----ASM-
Luke 11:11	αὐτῷ	αὐτός	RP	----DSM-
Luke 11:11	ἐπιδώσει	ἐπιδίδωμι	V-	3FAI-S--
Luke 11:12	ἢ	ἤ	C-	--------
Luke 11:12	καὶ	καί	D-	--------
Luke 11:12	αἰτήσει	αἰτέω	V-	3FAI-S--
Luke 11:12	ᾠόν	ᾠόν	N-	----ASN-
Luke 11:12	ἐπιδώσει	ἐπιδίδωμι	V-	3FAI-S--
Luke 11:12	αὐτῷ	αὐτός	RP	----DSM-
Luke 11:12	σκορπίον	σκορπίος	N-	----ASM-
Luke 11:13	εἰ	εἰ	C-	--------
Luke 11:13	οὖν	οὖν	C-	--------
Luke 11:13	ὑμεῖς	σύ	RP	----NP--
Luke 11:13	πονηροὶ	πονηρός	A-	----NPM-
Luke 11:13	ὑπάρχοντες	ὑπάρχω	V-	-PAPNPM-
Luke 11:13	οἴδατε	οἶδα	V-	2XAI-P--
Luke 11:13	δόματα	δόμα	N-	----APN-
Luke 11:13	ἀγαθὰ	ἀγαθός	A-	----APN-
Luke 11:13	διδόναι	δίδωμι	V-	-PAN----
Luke 11:13	τοῖς	ὁ	RA	----DPN-
Luke 11:13	τέκνοις	τέκνον	N-	----DPN-
Luke 11:13	ὑμῶν	σύ	RP	----GP--
Luke 11:13	πόσῳ	πόσος	RI	----DSN-
Luke 11:13	μᾶλλον	μᾶλλον	D-	--------
Luke 11:13	ὁ	ὁ	RA	----NSM-
Luke 11:13	πατὴρ	πατήρ	N-	----NSM-
Luke 11:13	ὁ	ὁ	RA	----NSM-
Luke 11:13	ἐξ	ἐκ	P-	--------
Luke 11:13	οὐρανοῦ	οὐρανός	N-	----GSM-
Luke 11:13	δώσει	δίδωμι	V-	3FAI-S--
Luke 11:13	πνεῦμα	πνεῦμα	N-	----ASN-
Luke 11:13	ἅγιον	ἅγιος	A-	----ASN-
Luke 11:13	τοῖς	ὁ	RA	----DPM-
Luke 11:13	αἰτοῦσιν	αἰτέω	V-	-PAPDPM-
Luke 11:13	αὐτόν	αὐτός	RP	----ASM-
Luke 11:14	Καὶ	καί	C-	--------
Luke 11:14	ἦν	εἰμί	V-	3IAI-S--
Luke 11:14	ἐκβάλλων	ἐκβάλλω	V-	-PAPNSM-
Luke 11:14	δαιμόνιον	δαιμόνιον	N-	----ASN-
Luke 11:14	κωφόν	κωφός	A-	----ASN-
Luke 11:14	ἐγένετο	γίνομαι	V-	3AMI-S--
Luke 11:14	δὲ	δέ	C-	--------
Luke 11:14	τοῦ	ὁ	RA	----GSN-
Luke 11:14	δαιμονίου	δαιμόνιον	N-	----GSN-
Luke 11:14	ἐξελθόντος	ἐξέρχομαι	V-	-AAPGSN-
Luke 11:14	ἐλάλησεν	λαλέω	V-	3AAI-S--
Luke 11:14	ὁ	ὁ	RA	----NSM-
Luke 11:14	κωφός	κωφός	A-	----NSM-
Luke 11:14	καὶ	καί	C-	--------
Luke 11:14	ἐθαύμασαν	θαυμάζω	V-	3AAI-P--
Luke 11:14	οἱ	ὁ	RA	----NPM-
Luke 11:14	ὄχλοι	ὄχλος	N-	----NPM-
Luke 11:15	τινὲς	τις	RI	----NPM-
Luke 11:15	δὲ	δέ	C-	--------
Luke 11:15	ἐξ	ἐκ	P-	--------
Luke 11:15	αὐτῶν	αὐτός	RP	----GPM-
Luke 11:15	εἶπον	λέγω	V-	3AAI-P--
Luke 11:15	Ἐν	ἐν	P-	--------
Luke 11:15	Βεελζεβοὺλ	Βεελζεβούλ	N-	----DSM-
Luke 11:15	τῷ	ὁ	RA	----DSM-
Luke 11:15	ἄρχοντι	ἄρχων	N-	----DSM-
Luke 11:15	τῶν	ὁ	RA	----GPN-
Luke 11:15	δαιμονίων	δαιμόνιον	N-	----GPN-
Luke 11:15	ἐκβάλλει	ἐκβάλλω	V-	3PAI-S--
Luke 11:15	τὰ	ὁ	RA	----APN-
Luke 11:15	δαιμόνια	δαιμόνιον	N-	----APN-
Luke 11:16	ἕτεροι	ἕτερος	A-	----NPM-
Luke 11:16	δὲ	δέ	C-	--------
Luke 11:16	πειράζοντες	πειράζω	V-	-PAPNPM-
Luke 11:16	σημεῖον	σημεῖον	N-	----ASN-
Luke 11:16	ἐξ	ἐκ	P-	--------
Luke 11:16	οὐρανοῦ	οὐρανός	N-	----GSM-
Luke 11:16	ἐζήτουν	ζητέω	V-	3IAI-P--
Luke 11:16	παρ’	παρά	P-	--------
Luke 11:16	αὐτοῦ	αὐτός	RP	----GSM-
Luke 11:17	αὐτὸς	αὐτός	RP	----NSM-
Luke 11:17	δὲ	δέ	C-	--------
Luke 11:17	εἰδὼς	ὁράω	V-	-XAPNSM-
Luke 11:17	αὐτῶν	αὐτός	RP	----GPM-
Luke 11:17	τὰ	ὁ	RA	----APN-
Luke 11:17	διανοήματα	διανόημα	N-	----APN-
Luke 11:17	εἶπεν	λέγω	V-	3AAI-S--
Luke 11:17	αὐτοῖς	αὐτός	RP	----DPM-
Luke 11:17	Πᾶσα	πᾶς	A-	----NSF-
Luke 11:17	βασιλεία	βασιλεία	N-	----NSF-
Luke 11:17	ἐφ’	ἐπί	P-	--------
Luke 11:17	ἑαυτὴν	ἑαυτοῦ	RP	----ASF-
Luke 11:17	διαμερισθεῖσα	διαμερίζω	V-	-APPNSF-
Luke 11:17	ἐρημοῦται	ἐρημόομαι	V-	3PPI-S--
Luke 11:17	καὶ	καί	C-	--------
Luke 11:17	οἶκος	οἶκος	N-	----NSM-
Luke 11:17	ἐπὶ	ἐπί	P-	--------
Luke 11:17	οἶκον	οἶκος	N-	----ASM-
Luke 11:17	πίπτει	πίπτω	V-	3PAI-S--
Luke 11:18	εἰ	εἰ	C-	--------
Luke 11:18	δὲ	δέ	C-	--------
Luke 11:18	καὶ	καί	D-	--------
Luke 11:18	ὁ	ὁ	RA	----NSM-
Luke 11:18	Σατανᾶς	Σατανᾶς	N-	----NSM-
Luke 11:18	ἐφ’	ἐπί	P-	--------
Luke 11:18	ἑαυτὸν	ἑαυτοῦ	RP	----ASM-
Luke 11:18	διεμερίσθη	διαμερίζω	V-	3API-S--
Luke 11:18	πῶς	πῶς	D-	--------
Luke 11:18	σταθήσεται	ἵστημι	V-	3FPI-S--
Luke 11:18	ἡ	ὁ	RA	----NSF-
Luke 11:18	βασιλεία	βασιλεία	N-	----NSF-
Luke 11:18	αὐτοῦ	αὐτός	RP	----GSM-
Luke 11:18	ὅτι	ὅτι	C-	--------
Luke 11:18	λέγετε	λέγω	V-	2PAI-P--
Luke 11:18	ἐν	ἐν	P-	--------
Luke 11:18	Βεελζεβοὺλ	Βεελζεβούλ	N-	----DSM-
Luke 11:18	ἐκβάλλειν	ἐκβάλλω	V-	-PAN----
Luke 11:18	με	ἐγώ	RP	----AS--
Luke 11:18	τὰ	ὁ	RA	----APN-
Luke 11:18	δαιμόνια	δαιμόνιον	N-	----APN-
Luke 11:19	εἰ	εἰ	C-	--------
Luke 11:19	δὲ	δέ	C-	--------
Luke 11:19	ἐγὼ	ἐγώ	RP	----NS--
Luke 11:19	ἐν	ἐν	P-	--------
Luke 11:19	Βεελζεβοὺλ	Βεελζεβούλ	N-	----DSM-
Luke 11:19	ἐκβάλλω	ἐκβάλλω	V-	1PAI-S--
Luke 11:19	τὰ	ὁ	RA	----APN-
Luke 11:19	δαιμόνια	δαιμόνιον	N-	----APN-
Luke 11:19	οἱ	ὁ	RA	----NPM-
Luke 11:19	υἱοὶ	υἱός	N-	----NPM-
Luke 11:19	ὑμῶν	σύ	RP	----GP--
Luke 11:19	ἐν	ἐν	P-	--------
Luke 11:19	τίνι	τίς	RI	----DSM-
Luke 11:19	ἐκβάλλουσιν	ἐκβάλλω	V-	3PAI-P--
Luke 11:19	διὰ	διά	P-	--------
Luke 11:19	τοῦτο	οὗτος	RD	----ASN-
Luke 11:19	αὐτοὶ	αὐτός	RP	----NPM-
Luke 11:19	ὑμῶν	σύ	RP	----GP--
Luke 11:19	κριταὶ	κριτής	N-	----NPM-
Luke 11:19	ἔσονται	εἰμί	V-	3FMI-P--
Luke 11:20	εἰ	εἰ	C-	--------
Luke 11:20	δὲ	δέ	C-	--------
Luke 11:20	ἐν	ἐν	P-	--------
Luke 11:20	δακτύλῳ	δάκτυλος	N-	----DSM-
Luke 11:20	θεοῦ	θεός	N-	----GSM-
Luke 11:20	ἐκβάλλω	ἐκβάλλω	V-	1PAI-S--
Luke 11:20	τὰ	ὁ	RA	----APN-
Luke 11:20	δαιμόνια	δαιμόνιον	N-	----APN-
Luke 11:20	ἄρα	ἄρα	C-	--------
Luke 11:20	ἔφθασεν	φθάνω	V-	3AAI-S--
Luke 11:20	ἐφ’	ἐπί	P-	--------
Luke 11:20	ὑμᾶς	σύ	RP	----AP--
Luke 11:20	ἡ	ὁ	RA	----NSF-
Luke 11:20	βασιλεία	βασιλεία	N-	----NSF-
Luke 11:20	τοῦ	ὁ	RA	----GSM-
Luke 11:20	θεοῦ	θεός	N-	----GSM-
Luke 11:21	ὅταν	ὅταν	C-	--------
Luke 11:21	ὁ	ὁ	RA	----NSM-
Luke 11:21	ἰσχυρὸς	ἰσχυρός	A-	----NSM-
Luke 11:21	καθωπλισμένος	καθοπλίζω	V-	-XMPNSM-
Luke 11:21	φυλάσσῃ	φυλάσσω	V-	3PAS-S--
Luke 11:21	τὴν	ὁ	RA	----ASF-
Luke 11:21	ἑαυτοῦ	ἑαυτοῦ	RP	----GSM-
Luke 11:21	αὐλήν	αὐλή	N-	----ASF-
Luke 11:21	ἐν	ἐν	P-	--------
Luke 11:21	εἰρήνῃ	εἰρήνη	N-	----DSF-
Luke 11:21	ἐστὶν	εἰμί	V-	3PAI-S--
Luke 11:21	τὰ	ὁ	RA	----NPN-
Luke 11:21	ὑπάρχοντα	ὑπάρχω	V-	-PAPNPN-
Luke 11:21	αὐτοῦ	αὐτός	RP	----GSM-
Luke 11:22	ἐπὰν	ἐπάν	C-	--------
Luke 11:22	δὲ	δέ	C-	--------
Luke 11:22	ἰσχυρότερος	ἰσχυρός	A-	----NSMC
Luke 11:22	αὐτοῦ	αὐτός	RP	----GSM-
Luke 11:22	ἐπελθὼν	ἐπέρχομαι	V-	-AAPNSM-
Luke 11:22	νικήσῃ	νικάω	V-	3AAS-S--
Luke 11:22	αὐτόν	αὐτός	RP	----ASM-
Luke 11:22	τὴν	ὁ	RA	----ASF-
Luke 11:22	πανοπλίαν	πανοπλία	N-	----ASF-
Luke 11:22	αὐτοῦ	αὐτός	RP	----GSM-
Luke 11:22	αἴρει	αἴρω	V-	3PAI-S--
Luke 11:22	ἐφ’	ἐπί	P-	--------
Luke 11:22	ᾗ	ὅς	RR	----DSF-
Luke 11:22	ἐπεποίθει	πείθω	V-	3YAI-S--
Luke 11:22	καὶ	καί	C-	--------
Luke 11:22	τὰ	ὁ	RA	----APN-
Luke 11:22	σκῦλα	σκῦλα	N-	----APN-
Luke 11:22	αὐτοῦ	αὐτός	RP	----GSM-
Luke 11:22	διαδίδωσιν	διαδίδωμι	V-	3PAI-S--
Luke 11:23	ὁ	ὁ	RA	----NSM-
Luke 11:23	μὴ	μή	D-	--------
Luke 11:23	ὢν	εἰμί	V-	-PAPNSM-
Luke 11:23	μετ’	μετά	P-	--------
Luke 11:23	ἐμοῦ	ἐγώ	RP	----GS--
Luke 11:23	κατ’	κατά	P-	--------
Luke 11:23	ἐμοῦ	ἐγώ	RP	----GS--
Luke 11:23	ἐστιν	εἰμί	V-	3PAI-S--
Luke 11:23	καὶ	καί	C-	--------
Luke 11:23	ὁ	ὁ	RA	----NSM-
Luke 11:23	μὴ	μή	D-	--------
Luke 11:23	συνάγων	συνάγω	V-	-PAPNSM-
Luke 11:23	μετ’	μετά	P-	--------
Luke 11:23	ἐμοῦ	ἐγώ	RP	----GS--
Luke 11:23	σκορπίζει	σκορπίζω	V-	3PAI-S--
Luke 11:24	Ὅταν	ὅταν	C-	--------
Luke 11:24	τὸ	ὁ	RA	----NSN-
Luke 11:24	ἀκάθαρτον	ἀκάθαρτος	A-	----NSN-
Luke 11:24	πνεῦμα	πνεῦμα	N-	----NSN-
Luke 11:24	ἐξέλθῃ	ἐξέρχομαι	V-	3AAS-S--
Luke 11:24	ἀπὸ	ἀπό	P-	--------
Luke 11:24	τοῦ	ὁ	RA	----GSM-
Luke 11:24	ἀνθρώπου	ἄνθρωπος	N-	----GSM-
Luke 11:24	διέρχεται	διέρχομαι	V-	3PMI-S--
Luke 11:24	δι’	διά	P-	--------
Luke 11:24	ἀνύδρων	ἄνυδρος	A-	----GPM-
Luke 11:24	τόπων	τόπος	N-	----GPM-
Luke 11:24	ζητοῦν	ζητέω	V-	-PAPNSN-
Luke 11:24	ἀνάπαυσιν	ἀνάπαυσις	N-	----ASF-
Luke 11:24	καὶ	καί	C-	--------
Luke 11:24	μὴ	μή	D-	--------
Luke 11:24	εὑρίσκον	εὑρίσκω	V-	-PAPNSN-
Luke 11:24	λέγει	λέγω	V-	3PAI-S--
Luke 11:24	Ὑποστρέψω	ὑποστρέφω	V-	1FAI-S--
Luke 11:24	εἰς	εἰς	P-	--------
Luke 11:24	τὸν	ὁ	RA	----ASM-
Luke 11:24	οἶκόν	οἶκος	N-	----ASM-
Luke 11:24	μου	ἐγώ	RP	----GS--
Luke 11:24	ὅθεν	ὅθεν	D-	--------
Luke 11:24	ἐξῆλθον	ἐξέρχομαι	V-	1AAI-S--
Luke 11:25	καὶ	καί	C-	--------
Luke 11:25	ἐλθὸν	ἔρχομαι	V-	-AAPNSN-
Luke 11:25	εὑρίσκει	εὑρίσκω	V-	3PAI-S--
Luke 11:25	σεσαρωμένον	σαρόω	V-	-XPPASM-
Luke 11:25	καὶ	καί	C-	--------
Luke 11:25	κεκοσμημένον	κοσμέω	V-	-XPPASM-
Luke 11:26	τότε	τότε	D-	--------
Luke 11:26	πορεύεται	πορεύομαι	V-	3PMI-S--
Luke 11:26	καὶ	καί	C-	--------
Luke 11:26	παραλαμβάνει	παραλαμβάνω	V-	3PAI-S--
Luke 11:26	ἕτερα	ἕτερος	A-	----APN-
Luke 11:26	πνεύματα	πνεῦμα	N-	----APN-
Luke 11:26	πονηρότερα	πονηρός	A-	----APNC
Luke 11:26	ἑαυτοῦ	ἑαυτοῦ	RP	----GSN-
Luke 11:26	ἑπτά	ἑπτά	A-	----APN-
Luke 11:26	καὶ	καί	C-	--------
Luke 11:26	εἰσελθόντα	εἰσέρχομαι	V-	-AAPNPN-
Luke 11:26	κατοικεῖ	κατοικέω	V-	3PAI-S--
Luke 11:26	ἐκεῖ	ἐκεῖ	D-	--------
Luke 11:26	καὶ	καί	C-	--------
Luke 11:26	γίνεται	γίνομαι	V-	3PMI-S--
Luke 11:26	τὰ	ὁ	RA	----NPN-
Luke 11:26	ἔσχατα	ἔσχατος	A-	----NPN-
Luke 11:26	τοῦ	ὁ	RA	----GSM-
Luke 11:26	ἀνθρώπου	ἄνθρωπος	N-	----GSM-
Luke 11:26	ἐκείνου	ἐκεῖνος	RD	----GSM-
Luke 11:26	χείρονα	χείρων	A-	----NPNC
Luke 11:26	τῶν	ὁ	RA	----GPN-
Luke 11:26	πρώτων	πρῶτος	A-	----GPN-
Luke 11:27	Ἐγένετο	γίνομαι	V-	3AMI-S--
Luke 11:27	δὲ	δέ	C-	--------
Luke 11:27	ἐν	ἐν	P-	--------
Luke 11:27	τῷ	ὁ	RA	----DSN-
Luke 11:27	λέγειν	λέγω	V-	-PAN----
Luke 11:27	αὐτὸν	αὐτός	RP	----ASM-
Luke 11:27	ταῦτα	οὗτος	RD	----APN-
Luke 11:27	ἐπάρασά	ἐπαίρω	V-	-AAPNSF-
Luke 11:27	τις	τις	RI	----NSF-
Luke 11:27	φωνὴν	φωνή	N-	----ASF-
Luke 11:27	γυνὴ	γυνή	N-	----NSF-
Luke 11:27	ἐκ	ἐκ	P-	--------
Luke 11:27	τοῦ	ὁ	RA	----GSM-
Luke 11:27	ὄχλου	ὄχλος	N-	----GSM-
Luke 11:27	εἶπεν	λέγω	V-	3AAI-S--
Luke 11:27	αὐτῷ	αὐτός	RP	----DSM-
Luke 11:27	Μακαρία	μακάριος	A-	----NSF-
Luke 11:27	ἡ	ὁ	RA	----NSF-
Luke 11:27	κοιλία	κοιλία	N-	----NSF-
Luke 11:27	ἡ	ὁ	RA	----NSF-
Luke 11:27	βαστάσασά	βαστάζω	V-	-AAPNSF-
Luke 11:27	σε	σύ	RP	----AS--
Luke 11:27	καὶ	καί	C-	--------
Luke 11:27	μαστοὶ	μαστός	N-	----NPM-
Luke 11:27	οὓς	ὅς	RR	----APM-
Luke 11:27	ἐθήλασας	θηλάζω	V-	2AAI-S--
Luke 11:28	αὐτὸς	αὐτός	RP	----NSM-
Luke 11:28	δὲ	δέ	C-	--------
Luke 11:28	εἶπεν	λέγω	V-	3AAI-S--
Luke 11:28	Μενοῦν	μενοῦν	X-	--------
Luke 11:28	μακάριοι	μακάριος	A-	----NPM-
Luke 11:28	οἱ	ὁ	RA	----NPM-
Luke 11:28	ἀκούοντες	ἀκούω	V-	-PAPNPM-
Luke 11:28	τὸν	ὁ	RA	----ASM-
Luke 11:28	λόγον	λόγος	N-	----ASM-
Luke 11:28	τοῦ	ὁ	RA	----GSM-
Luke 11:28	θεοῦ	θεός	N-	----GSM-
Luke 11:28	καὶ	καί	C-	--------
Luke 11:28	φυλάσσοντες	φυλάσσω	V-	-PAPNPM-
Luke 11:29	Τῶν	ὁ	RA	----GPM-
Luke 11:29	δὲ	δέ	C-	--------
Luke 11:29	ὄχλων	ὄχλος	N-	----GPM-
Luke 11:29	ἐπαθροιζομένων	ἐπαθροίζομαι	V-	-PPPGPM-
Luke 11:29	ἤρξατο	ἄρχω	V-	3AMI-S--
Luke 11:29	λέγειν	λέγω	V-	-PAN----
Luke 11:29	Ἡ	ὁ	RA	----NSF-
Luke 11:29	γενεὰ	γενεά	N-	----NSF-
Luke 11:29	αὕτη	οὗτος	RD	----NSF-
Luke 11:29	γενεὰ	γενεά	N-	----NSF-
Luke 11:29	πονηρά	πονηρός	A-	----NSF-
Luke 11:29	ἐστιν	εἰμί	V-	3PAI-S--
Luke 11:29	σημεῖον	σημεῖον	N-	----ASN-
Luke 11:29	ζητεῖ	ζητέω	V-	3PAI-S--
Luke 11:29	καὶ	καί	C-	--------
Luke 11:29	σημεῖον	σημεῖον	N-	----NSN-
Luke 11:29	οὐ	οὐ	D-	--------
Luke 11:29	δοθήσεται	δίδωμι	V-	3FPI-S--
Luke 11:29	αὐτῇ	αὐτός	RP	----DSF-
Luke 11:29	εἰ	εἰ	C-	--------
Luke 11:29	μὴ	μή	D-	--------
Luke 11:29	τὸ	ὁ	RA	----NSN-
Luke 11:29	σημεῖον	σημεῖον	N-	----NSN-
Luke 11:29	Ἰωνᾶ	Ἰωνᾶς	N-	----GSM-
Luke 11:30	καθὼς	καθώς	C-	--------
Luke 11:30	γὰρ	γάρ	C-	--------
Luke 11:30	ἐγένετο	γίνομαι	V-	3AMI-S--
Luke 11:30	Ἰωνᾶς	Ἰωνᾶς	N-	----NSM-
Luke 11:30	τοῖς	ὁ	RA	----DPM-
Luke 11:30	Νινευίταις	Νινευίτης	N-	----DPM-
Luke 11:30	σημεῖον	σημεῖον	N-	----NSN-
Luke 11:30	οὕτως	οὕτω(ς)	D-	--------
Luke 11:30	ἔσται	εἰμί	V-	3FMI-S--
Luke 11:30	καὶ	καί	D-	--------
Luke 11:30	ὁ	ὁ	RA	----NSM-
Luke 11:30	υἱὸς	υἱός	N-	----NSM-
Luke 11:30	τοῦ	ὁ	RA	----GSM-
Luke 11:30	ἀνθρώπου	ἄνθρωπος	N-	----GSM-
Luke 11:30	τῇ	ὁ	RA	----DSF-
Luke 11:30	γενεᾷ	γενεά	N-	----DSF-
Luke 11:30	ταύτῃ	οὗτος	RD	----DSF-
Luke 11:31	βασίλισσα	βασίλισσα	N-	----NSF-
Luke 11:31	νότου	νότος	N-	----GSM-
Luke 11:31	ἐγερθήσεται	ἐγείρω	V-	3FPI-S--
Luke 11:31	ἐν	ἐν	P-	--------
Luke 11:31	τῇ	ὁ	RA	----DSF-
Luke 11:31	κρίσει	κρίσις	N-	----DSF-
Luke 11:31	μετὰ	μετά	P-	--------
Luke 11:31	τῶν	ὁ	RA	----GPM-
Luke 11:31	ἀνδρῶν	ἀνήρ	N-	----GPM-
Luke 11:31	τῆς	ὁ	RA	----GSF-
Luke 11:31	γενεᾶς	γενεά	N-	----GSF-
Luke 11:31	ταύτης	οὗτος	RD	----GSF-
Luke 11:31	καὶ	καί	C-	--------
Luke 11:31	κατακρινεῖ	κατακρίνω	V-	3FAI-S--
Luke 11:31	αὐτούς	αὐτός	RP	----APM-
Luke 11:31	ὅτι	ὅτι	C-	--------
Luke 11:31	ἦλθεν	ἔρχομαι	V-	3AAI-S--
Luke 11:31	ἐκ	ἐκ	P-	--------
Luke 11:31	τῶν	ὁ	RA	----GPN-
Luke 11:31	περάτων	πέρας	N-	----GPN-
Luke 11:31	τῆς	ὁ	RA	----GSF-
Luke 11:31	γῆς	γῆ	N-	----GSF-
Luke 11:31	ἀκοῦσαι	ἀκούω	V-	-AAN----
Luke 11:31	τὴν	ὁ	RA	----ASF-
Luke 11:31	σοφίαν	σοφία	N-	----ASF-
Luke 11:31	Σολομῶνος	Σολομών	N-	----GSM-
Luke 11:31	καὶ	καί	C-	--------
Luke 11:31	ἰδοὺ	ἰδού	X-	--------
Luke 11:31	πλεῖον	πολύς	A-	----NSNC
Luke 11:31	Σολομῶνος	Σολομών	N-	----GSM-
Luke 11:31	ὧδε	ὧδε	D-	--------
Luke 11:32	ἄνδρες	ἀνήρ	N-	----NPM-
Luke 11:32	Νινευῖται	Νινευίτης	N-	----NPM-
Luke 11:32	ἀναστήσονται	ἀνίστημι	V-	3FMI-P--
Luke 11:32	ἐν	ἐν	P-	--------
Luke 11:32	τῇ	ὁ	RA	----DSF-
Luke 11:32	κρίσει	κρίσις	N-	----DSF-
Luke 11:32	μετὰ	μετά	P-	--------
Luke 11:32	τῆς	ὁ	RA	----GSF-
Luke 11:32	γενεᾶς	γενεά	N-	----GSF-
Luke 11:32	ταύτης	οὗτος	RD	----GSF-
Luke 11:32	καὶ	καί	C-	--------
Luke 11:32	κατακρινοῦσιν	κατακρίνω	V-	3FAI-P--
Luke 11:32	αὐτήν	αὐτός	RP	----ASF-
Luke 11:32	ὅτι	ὅτι	C-	--------
Luke 11:32	μετενόησαν	μετανοέω	V-	3AAI-P--
Luke 11:32	εἰς	εἰς	P-	--------
Luke 11:32	τὸ	ὁ	RA	----ASN-
Luke 11:32	κήρυγμα	κήρυγμα	N-	----ASN-
Luke 11:32	Ἰωνᾶ	Ἰωνᾶς	N-	----GSM-
Luke 11:32	καὶ	καί	C-	--------
Luke 11:32	ἰδοὺ	ἰδού	X-	--------
Luke 11:32	πλεῖον	πολύς	A-	----NSNC
Luke 11:32	Ἰωνᾶ	Ἰωνᾶς	N-	----GSM-
Luke 11:32	ὧδε	ὧδε	D-	--------
Luke 11:33	Οὐδεὶς	οὐδείς	A-	----NSM-
Luke 11:33	λύχνον	λύχνος	N-	----ASM-
Luke 11:33	ἅψας	ἅπτω	V-	-AAPNSM-
Luke 11:33	εἰς	εἰς	P-	--------
Luke 11:33	κρύπτην	κρύπτη	N-	----ASF-
Luke 11:33	τίθησιν	τίθημι	V-	3PAI-S--
Luke 11:33	οὐδὲ	οὐδέ	C-	--------
Luke 11:33	ὑπὸ	ὑπό	P-	--------
Luke 11:33	τὸν	ὁ	RA	----ASM-
Luke 11:33	μόδιον	μόδιος	N-	----ASM-
Luke 11:33	ἀλλ’	ἀλλά	C-	--------
Luke 11:33	ἐπὶ	ἐπί	P-	--------
Luke 11:33	τὴν	ὁ	RA	----ASF-
Luke 11:33	λυχνίαν	λυχνία	N-	----ASF-
Luke 11:33	ἵνα	ἵνα	C-	--------
Luke 11:33	οἱ	ὁ	RA	----NPM-
Luke 11:33	εἰσπορευόμενοι	εἰσπορεύομαι	V-	-PMPNPM-
Luke 11:33	τὸ	ὁ	RA	----ASN-
Luke 11:33	φέγγος	φέγγος	N-	----ASN-
Luke 11:33	βλέπωσιν	βλέπω	V-	3PAS-P--
Luke 11:34	ὁ	ὁ	RA	----NSM-
Luke 11:34	λύχνος	λύχνος	N-	----NSM-
Luke 11:34	τοῦ	ὁ	RA	----GSN-
Luke 11:34	σώματός	σῶμα	N-	----GSN-
Luke 11:34	ἐστιν	εἰμί	V-	3PAI-S--
Luke 11:34	ὁ	ὁ	RA	----NSM-
Luke 11:34	ὀφθαλμός	ὀφθαλμός	N-	----NSM-
Luke 11:34	σου	σύ	RP	----GS--
Luke 11:34	ὅταν	ὅταν	C-	--------
Luke 11:34	ὁ	ὁ	RA	----NSM-
Luke 11:34	ὀφθαλμός	ὀφθαλμός	N-	----NSM-
Luke 11:34	σου	σύ	RP	----GS--
Luke 11:34	ἁπλοῦς	ἁπλοῦς	A-	----NSM-
Luke 11:34	ᾖ	εἰμί	V-	3PAS-S--
Luke 11:34	καὶ	καί	D-	--------
Luke 11:34	ὅλον	ὅλος	A-	----NSN-
Luke 11:34	τὸ	ὁ	RA	----NSN-
Luke 11:34	σῶμά	σῶμα	N-	----NSN-
Luke 11:34	σου	σύ	RP	----GS--
Luke 11:34	φωτεινόν	φωτεινός	A-	----NSN-
Luke 11:34	ἐστιν	εἰμί	V-	3PAI-S--
Luke 11:34	ἐπὰν	ἐπάν	C-	--------
Luke 11:34	δὲ	δέ	C-	--------
Luke 11:34	πονηρὸς	πονηρός	A-	----NSM-
Luke 11:34	ᾖ	εἰμί	V-	3PAS-S--
Luke 11:34	καὶ	καί	D-	--------
Luke 11:34	τὸ	ὁ	RA	----NSN-
Luke 11:34	σῶμά	σῶμα	N-	----NSN-
Luke 11:34	σου	σύ	RP	----GS--
Luke 11:34	σκοτεινόν	σκοτεινός	A-	----NSN-
Luke 11:35	σκόπει	σκοπέω	V-	2PAD-S--
Luke 11:35	οὖν	οὖν	C-	--------
Luke 11:35	μὴ	μή	C-	--------
Luke 11:35	τὸ	ὁ	RA	----NSN-
Luke 11:35	φῶς	φῶς	N-	----NSN-
Luke 11:35	τὸ	ὁ	RA	----NSN-
Luke 11:35	ἐν	ἐν	P-	--------
Luke 11:35	σοὶ	σύ	RP	----DS--
Luke 11:35	σκότος	σκότος	N-	----NSN-
Luke 11:35	ἐστίν	εἰμί	V-	3PAI-S--
Luke 11:36	εἰ	εἰ	C-	--------
Luke 11:36	οὖν	οὖν	C-	--------
Luke 11:36	τὸ	ὁ	RA	----NSN-
Luke 11:36	σῶμά	σῶμα	N-	----NSN-
Luke 11:36	σου	σύ	RP	----GS--
Luke 11:36	ὅλον	ὅλος	A-	----NSN-
Luke 11:36	φωτεινόν	φωτεινός	A-	----NSN-
Luke 11:36	μὴ	μή	D-	--------
Luke 11:36	ἔχον	ἔχω	V-	-PAPNSN-
Luke 11:36	μέρος	μέρος	N-	----ASN-
Luke 11:36	τι	τις	RI	----ASN-
Luke 11:36	σκοτεινόν	σκοτεινός	A-	----ASN-
Luke 11:36	ἔσται	εἰμί	V-	3FMI-S--
Luke 11:36	φωτεινὸν	φωτεινός	A-	----NSN-
Luke 11:36	ὅλον	ὅλος	A-	----NSN-
Luke 11:36	ὡς	ὡς	C-	--------
Luke 11:36	ὅταν	ὅταν	C-	--------
Luke 11:36	ὁ	ὁ	RA	----NSM-
Luke 11:36	λύχνος	λύχνος	N-	----NSM-
Luke 11:36	τῇ	ὁ	RA	----DSF-
Luke 11:36	ἀστραπῇ	ἀστραπή	N-	----DSF-
Luke 11:36	φωτίζῃ	φωτίζω	V-	3PAS-S--
Luke 11:36	σε	σύ	RP	----AS--
Luke 11:37	Ἐν	ἐν	P-	--------
Luke 11:37	δὲ	δέ	C-	--------
Luke 11:37	τῷ	ὁ	RA	----DSN-
Luke 11:37	λαλῆσαι	λαλέω	V-	-AAN----
Luke 11:37	ἐρωτᾷ	ἐρωτάω	V-	3PAI-S--
Luke 11:37	αὐτὸν	αὐτός	RP	----ASM-
Luke 11:37	Φαρισαῖος	Φαρισαῖος	N-	----NSM-
Luke 11:37	ὅπως	ὅπως	C-	--------
Luke 11:37	ἀριστήσῃ	ἀριστάω	V-	3AAS-S--
Luke 11:37	παρ’	παρά	P-	--------
Luke 11:37	αὐτῷ	αὐτός	RP	----DSM-
Luke 11:37	εἰσελθὼν	εἰσέρχομαι	V-	-AAPNSM-
Luke 11:37	δὲ	δέ	C-	--------
Luke 11:37	ἀνέπεσεν	ἀναπίπτω	V-	3AAI-S--
Luke 11:38	ὁ	ὁ	RA	----NSM-
Luke 11:38	δὲ	δέ	C-	--------
Luke 11:38	Φαρισαῖος	Φαρισαῖος	N-	----NSM-
Luke 11:38	ἰδὼν	ὁράω	V-	-AAPNSM-
Luke 11:38	ἐθαύμασεν	θαυμάζω	V-	3AAI-S--
Luke 11:38	ὅτι	ὅτι	C-	--------
Luke 11:38	οὐ	οὐ	D-	--------
Luke 11:38	πρῶτον	πρῶτος	A-	----ASN-
Luke 11:38	ἐβαπτίσθη	βαπτίζω	V-	3API-S--
Luke 11:38	πρὸ	πρό	P-	--------
Luke 11:38	τοῦ	ὁ	RA	----GSN-
Luke 11:38	ἀρίστου	ἄριστον	N-	----GSN-
Luke 11:39	εἶπεν	λέγω	V-	3AAI-S--
Luke 11:39	δὲ	δέ	C-	--------
Luke 11:39	ὁ	ὁ	RA	----NSM-
Luke 11:39	κύριος	κύριος	N-	----NSM-
Luke 11:39	πρὸς	πρός	P-	--------
Luke 11:39	αὐτόν	αὐτός	RP	----ASM-
Luke 11:39	Νῦν	νῦν	D-	--------
Luke 11:39	ὑμεῖς	σύ	RP	----NP--
Luke 11:39	οἱ	ὁ	RA	----NPM-
Luke 11:39	Φαρισαῖοι	Φαρισαῖος	N-	----NPM-
Luke 11:39	τὸ	ὁ	RA	----ASN-
Luke 11:39	ἔξωθεν	ἔξωθεν	D-	--------
Luke 11:39	τοῦ	ὁ	RA	----GSN-
Luke 11:39	ποτηρίου	ποτήριον	N-	----GSN-
Luke 11:39	καὶ	καί	C-	--------
Luke 11:39	τοῦ	ὁ	RA	----GSM-
Luke 11:39	πίνακος	πίναξ	N-	----GSM-
Luke 11:39	καθαρίζετε	καθαρίζω	V-	2PAI-P--
Luke 11:39	τὸ	ὁ	RA	----NSN-
Luke 11:39	δὲ	δέ	C-	--------
Luke 11:39	ἔσωθεν	ἔσωθεν	D-	--------
Luke 11:39	ὑμῶν	σύ	RP	----GP--
Luke 11:39	γέμει	γέμω	V-	3PAI-S--
Luke 11:39	ἁρπαγῆς	ἁρπαγή	N-	----GSF-
Luke 11:39	καὶ	καί	C-	--------
Luke 11:39	πονηρίας	πονηρία	N-	----GSF-
Luke 11:40	ἄφρονες	ἄφρων	A-	----VPM-
Luke 11:40	οὐχ	οὐ	X-	--------
Luke 11:40	ὁ	ὁ	RA	----NSM-
Luke 11:40	ποιήσας	ποιέω	V-	-AAPNSM-
Luke 11:40	τὸ	ὁ	RA	----ASN-
Luke 11:40	ἔξωθεν	ἔξωθεν	D-	--------
Luke 11:40	καὶ	καί	D-	--------
Luke 11:40	τὸ	ὁ	RA	----ASN-
Luke 11:40	ἔσωθεν	ἔσωθεν	D-	--------
Luke 11:40	ἐποίησεν	ποιέω	V-	3AAI-S--
Luke 11:41	πλὴν	πλήν	C-	--------
Luke 11:41	τὰ	ὁ	RA	----APN-
Luke 11:41	ἐνόντα	ἔνειμι	V-	-PAPAPN-
Luke 11:41	δότε	δίδωμι	V-	2AAD-P--
Luke 11:41	ἐλεημοσύνην	ἐλεημοσύνη	N-	----ASF-
Luke 11:41	καὶ	καί	C-	--------
Luke 11:41	ἰδοὺ	ἰδού	X-	--------
Luke 11:41	πάντα	πᾶς	A-	----NPN-
Luke 11:41	καθαρὰ	καθαρός	A-	----NPN-
Luke 11:41	ὑμῖν	σύ	RP	----DP--
Luke 11:41	ἐστιν	εἰμί	V-	3PAI-S--
Luke 11:42	Ἀλλὰ	ἀλλά	C-	--------
Luke 11:42	οὐαὶ	οὐαί	X-	--------
Luke 11:42	ὑμῖν	σύ	RP	----DP--
Luke 11:42	τοῖς	ὁ	RA	----DPM-
Luke 11:42	Φαρισαίοις	Φαρισαῖος	N-	----DPM-
Luke 11:42	ὅτι	ὅτι	C-	--------
Luke 11:42	ἀποδεκατοῦτε	ἀποδεκατόω	V-	2PAI-P--
Luke 11:42	τὸ	ὁ	RA	----ASN-
Luke 11:42	ἡδύοσμον	ἡδύοσμον	N-	----ASN-
Luke 11:42	καὶ	καί	C-	--------
Luke 11:42	τὸ	ὁ	RA	----ASN-
Luke 11:42	πήγανον	πήγανον	N-	----ASN-
Luke 11:42	καὶ	καί	C-	--------
Luke 11:42	πᾶν	πᾶς	A-	----ASN-
Luke 11:42	λάχανον	λάχανον	N-	----ASN-
Luke 11:42	καὶ	καί	C-	--------
Luke 11:42	παρέρχεσθε	παρέρχομαι	V-	2PMI-P--
Luke 11:42	τὴν	ὁ	RA	----ASF-
Luke 11:42	κρίσιν	κρίσις	N-	----ASF-
Luke 11:42	καὶ	καί	C-	--------
Luke 11:42	τὴν	ὁ	RA	----ASF-
Luke 11:42	ἀγάπην	ἀγάπη	N-	----ASF-
Luke 11:42	τοῦ	ὁ	RA	----GSM-
Luke 11:42	θεοῦ	θεός	N-	----GSM-
Luke 11:42	ταῦτα	οὗτος	RD	----APN-
Luke 11:42	δὲ	δέ	C-	--------
Luke 11:42	ἔδει	δέω	V-	3IAI-S--
Luke 11:42	ποιῆσαι	ποιέω	V-	-AAN----
Luke 11:42	κἀκεῖνα	κἀκεῖνος	RD	----APN-
Luke 11:42	μὴ	μή	D-	--------
Luke 11:42	παρεῖναι	πάρειμι	V-	-AAN----
Luke 11:43	οὐαὶ	οὐαί	X-	--------
Luke 11:43	ὑμῖν	σύ	RP	----DP--
Luke 11:43	τοῖς	ὁ	RA	----DPM-
Luke 11:43	Φαρισαίοις	Φαρισαῖος	N-	----DPM-
Luke 11:43	ὅτι	ὅτι	C-	--------
Luke 11:43	ἀγαπᾶτε	ἀγαπάω	V-	2PAI-P--
Luke 11:43	τὴν	ὁ	RA	----ASF-
Luke 11:43	πρωτοκαθεδρίαν	πρωτοκαθεδρία	N-	----ASF-
Luke 11:43	ἐν	ἐν	P-	--------
Luke 11:43	ταῖς	ὁ	RA	----DPF-
Luke 11:43	συναγωγαῖς	συναγωγή	N-	----DPF-
Luke 11:43	καὶ	καί	C-	--------
Luke 11:43	τοὺς	ὁ	RA	----APM-
Luke 11:43	ἀσπασμοὺς	ἀσπασμός	N-	----APM-
Luke 11:43	ἐν	ἐν	P-	--------
Luke 11:43	ταῖς	ὁ	RA	----DPF-
Luke 11:43	ἀγοραῖς	ἀγορά	N-	----DPF-
Luke 11:44	οὐαὶ	οὐαί	X-	--------
Luke 11:44	ὑμῖν	σύ	RP	----DP--
Luke 11:44	ὅτι	ὅτι	C-	--------
Luke 11:44	ἐστὲ	εἰμί	V-	2PAI-P--
Luke 11:44	ὡς	ὡς	C-	--------
Luke 11:44	τὰ	ὁ	RA	----NPN-
Luke 11:44	μνημεῖα	μνημεῖον	N-	----NPN-
Luke 11:44	τὰ	ὁ	RA	----NPN-
Luke 11:44	ἄδηλα	ἄδηλος	A-	----NPN-
Luke 11:44	καὶ	καί	C-	--------
Luke 11:44	οἱ	ὁ	RA	----NPM-
Luke 11:44	ἄνθρωποι	ἄνθρωπος	N-	----NPM-
Luke 11:44	οἱ	ὁ	RA	----NPM-
Luke 11:44	περιπατοῦντες	περιπατέω	V-	-PAPNPM-
Luke 11:44	ἐπάνω	ἐπάνω	D-	--------
Luke 11:44	οὐκ	οὐ	D-	--------
Luke 11:44	οἴδασιν	οἶδα	V-	3XAI-P--
Luke 11:45	Ἀποκριθεὶς	ἀποκρίνομαι	V-	-APPNSM-
Luke 11:45	δέ	δέ	C-	--------
Luke 11:45	τις	τις	RI	----NSM-
Luke 11:45	τῶν	ὁ	RA	----GPM-
Luke 11:45	νομικῶν	νομικός	A-	----GPM-
Luke 11:45	λέγει	λέγω	V-	3PAI-S--
Luke 11:45	αὐτῷ	αὐτός	RP	----DSM-
Luke 11:45	Διδάσκαλε	διδάσκαλος	N-	----VSM-
Luke 11:45	ταῦτα	οὗτος	RD	----APN-
Luke 11:45	λέγων	λέγω	V-	-PAPNSM-
Luke 11:45	καὶ	καί	D-	--------
Luke 11:45	ἡμᾶς	ἐγώ	RP	----AP--
Luke 11:45	ὑβρίζεις	ὑβρίζω	V-	2PAI-S--
Luke 11:46	ὁ	ὁ	RA	----NSM-
Luke 11:46	δὲ	δέ	C-	--------
Luke 11:46	εἶπεν	λέγω	V-	3AAI-S--
Luke 11:46	Καὶ	καί	D-	--------
Luke 11:46	ὑμῖν	σύ	RP	----DP--
Luke 11:46	τοῖς	ὁ	RA	----DPM-
Luke 11:46	νομικοῖς	νομικός	A-	----DPM-
Luke 11:46	οὐαί	οὐαί	I-	--------
Luke 11:46	ὅτι	ὅτι	C-	--------
Luke 11:46	φορτίζετε	φορτίζω	V-	2PAI-P--
Luke 11:46	τοὺς	ὁ	RA	----APM-
Luke 11:46	ἀνθρώπους	ἄνθρωπος	N-	----APM-
Luke 11:46	φορτία	φορτίον	N-	----APN-
Luke 11:46	δυσβάστακτα	δυσβάστακτος	A-	----APN-
Luke 11:46	καὶ	καί	C-	--------
Luke 11:46	αὐτοὶ	αὐτός	RP	----NPM-
Luke 11:46	ἑνὶ	εἷς	A-	----DSM-
Luke 11:46	τῶν	ὁ	RA	----GPM-
Luke 11:46	δακτύλων	δάκτυλος	N-	----GPM-
Luke 11:46	ὑμῶν	σύ	RP	----GP--
Luke 11:46	οὐ	οὐ	D-	--------
Luke 11:46	προσψαύετε	προσψαύω	V-	2PAI-P--
Luke 11:46	τοῖς	ὁ	RA	----DPN-
Luke 11:46	φορτίοις	φορτίον	N-	----DPN-
Luke 11:47	οὐαὶ	οὐαί	X-	--------
Luke 11:47	ὑμῖν	σύ	RP	----DP--
Luke 11:47	ὅτι	ὅτι	C-	--------
Luke 11:47	οἰκοδομεῖτε	οἰκοδομέω	V-	2PAI-P--
Luke 11:47	τὰ	ὁ	RA	----APN-
Luke 11:47	μνημεῖα	μνημεῖον	N-	----APN-
Luke 11:47	τῶν	ὁ	RA	----GPM-
Luke 11:47	προφητῶν	προφήτης	N-	----GPM-
Luke 11:47	οἱ	ὁ	RA	----NPM-
Luke 11:47	δὲ	δέ	C-	--------
Luke 11:47	πατέρες	πατήρ	N-	----NPM-
Luke 11:47	ὑμῶν	σύ	RP	----GP--
Luke 11:47	ἀπέκτειναν	ἀποκτείνω	V-	3AAI-P--
Luke 11:47	αὐτούς	αὐτός	RP	----APM-
Luke 11:48	ἄρα	ἄρα	C-	--------
Luke 11:48	μάρτυρές	μάρτυς	N-	----NPM-
Luke 11:48	ἐστε	εἰμί	V-	2PAI-P--
Luke 11:48	καὶ	καί	C-	--------
Luke 11:48	συνευδοκεῖτε	συνευδοκέω	V-	2PAI-P--
Luke 11:48	τοῖς	ὁ	RA	----DPN-
Luke 11:48	ἔργοις	ἔργον	N-	----DPN-
Luke 11:48	τῶν	ὁ	RA	----GPM-
Luke 11:48	πατέρων	πατήρ	N-	----GPM-
Luke 11:48	ὑμῶν	σύ	RP	----GP--
Luke 11:48	ὅτι	ὅτι	C-	--------
Luke 11:48	αὐτοὶ	αὐτός	RP	----NPM-
Luke 11:48	μὲν	μέν	C-	--------
Luke 11:48	ἀπέκτειναν	ἀποκτείνω	V-	3AAI-P--
Luke 11:48	αὐτοὺς	αὐτός	RP	----APM-
Luke 11:48	ὑμεῖς	σύ	RP	----NP--
Luke 11:48	δὲ	δέ	C-	--------
Luke 11:48	οἰκοδομεῖτε	οἰκοδομέω	V-	2PAI-P--
Luke 11:49	διὰ	διά	P-	--------
Luke 11:49	τοῦτο	οὗτος	RD	----ASN-
Luke 11:49	καὶ	καί	D-	--------
Luke 11:49	ἡ	ὁ	RA	----NSF-
Luke 11:49	σοφία	σοφία	N-	----NSF-
Luke 11:49	τοῦ	ὁ	RA	----GSM-
Luke 11:49	θεοῦ	θεός	N-	----GSM-
Luke 11:49	εἶπεν	λέγω	V-	3AAI-S--
Luke 11:49	Ἀποστελῶ	ἀποστέλλω	V-	1FAI-S--
Luke 11:49	εἰς	εἰς	P-	--------
Luke 11:49	αὐτοὺς	αὐτός	RP	----APM-
Luke 11:49	προφήτας	προφήτης	N-	----APM-
Luke 11:49	καὶ	καί	C-	--------
Luke 11:49	ἀποστόλους	ἀπόστολος	N-	----APM-
Luke 11:49	καὶ	καί	C-	--------
Luke 11:49	ἐξ	ἐκ	P-	--------
Luke 11:49	αὐτῶν	αὐτός	RP	----GPM-
Luke 11:49	ἀποκτενοῦσιν	ἀποκτείνω	V-	3FAI-P--
Luke 11:49	καὶ	καί	C-	--------
Luke 11:49	διώξουσιν	διώκω	V-	3FAI-P--
Luke 11:50	ἵνα	ἵνα	C-	--------
Luke 11:50	ἐκζητηθῇ	ἐκζητέω	V-	3APS-S--
Luke 11:50	τὸ	ὁ	RA	----NSN-
Luke 11:50	αἷμα	αἷμα	N-	----NSN-
Luke 11:50	πάντων	πᾶς	A-	----GPM-
Luke 11:50	τῶν	ὁ	RA	----GPM-
Luke 11:50	προφητῶν	προφήτης	N-	----GPM-
Luke 11:50	τὸ	ὁ	RA	----NSN-
Luke 11:50	ἐκκεχυμένον	ἐκχέω	V-	-XPPNSN-
Luke 11:50	ἀπὸ	ἀπό	P-	--------
Luke 11:50	καταβολῆς	καταβολή	N-	----GSF-
Luke 11:50	κόσμου	κόσμος	N-	----GSM-
Luke 11:50	ἀπὸ	ἀπό	P-	--------
Luke 11:50	τῆς	ὁ	RA	----GSF-
Luke 11:50	γενεᾶς	γενεά	N-	----GSF-
Luke 11:50	ταύτης	οὗτος	RD	----GSF-
Luke 11:51	ἀπὸ	ἀπό	P-	--------
Luke 11:51	αἵματος	αἷμα	N-	----GSN-
Luke 11:51	Ἅβελ	Ἅβελ	N-	----GSM-
Luke 11:51	ἕως	ἕως	P-	--------
Luke 11:51	αἵματος	αἷμα	N-	----GSN-
Luke 11:51	Ζαχαρίου	Ζαχαρίας	N-	----GSM-
Luke 11:51	τοῦ	ὁ	RA	----GSM-
Luke 11:51	ἀπολομένου	ἀπόλλυμι	V-	-AMPGSM-
Luke 11:51	μεταξὺ	μεταξύ	P-	--------
Luke 11:51	τοῦ	ὁ	RA	----GSN-
Luke 11:51	θυσιαστηρίου	θυσιαστήριον	N-	----GSN-
Luke 11:51	καὶ	καί	C-	--------
Luke 11:51	τοῦ	ὁ	RA	----GSM-
Luke 11:51	οἴκου	οἶκος	N-	----GSM-
Luke 11:51	ναί	ναί	X-	--------
Luke 11:51	λέγω	λέγω	V-	1PAI-S--
Luke 11:51	ὑμῖν	σύ	RP	----DP--
Luke 11:51	ἐκζητηθήσεται	ἐκζητέω	V-	3FPI-S--
Luke 11:51	ἀπὸ	ἀπό	P-	--------
Luke 11:51	τῆς	ὁ	RA	----GSF-
Luke 11:51	γενεᾶς	γενεά	N-	----GSF-
Luke 11:51	ταύτης	οὗτος	RD	----GSF-
Luke 11:52	οὐαὶ	οὐαί	X-	--------
Luke 11:52	ὑμῖν	σύ	RP	----DP--
Luke 11:52	τοῖς	ὁ	RA	----DPM-
Luke 11:52	νομικοῖς	νομικός	A-	----DPM-
Luke 11:52	ὅτι	ὅτι	C-	--------
Luke 11:52	ἤρατε	αἴρω	V-	2AAI-P--
Luke 11:52	τὴν	ὁ	RA	----ASF-
Luke 11:52	κλεῖδα	κλείς	N-	----ASF-
Luke 11:52	τῆς	ὁ	RA	----GSF-
Luke 11:52	γνώσεως	γνῶσις	N-	----GSF-
Luke 11:52	αὐτοὶ	αὐτός	RP	----NPM-
Luke 11:52	οὐκ	οὐ	D-	--------
Luke 11:52	εἰσήλθατε	εἰσέρχομαι	V-	2AAI-P--
Luke 11:52	καὶ	καί	C-	--------
Luke 11:52	τοὺς	ὁ	RA	----APM-
Luke 11:52	εἰσερχομένους	εἰσέρχομαι	V-	-PMPAPM-
Luke 11:52	ἐκωλύσατε	κωλύω	V-	2AAI-P--
Luke 11:53	Κἀκεῖθεν	κἀκεῖθεν	C-	--------
Luke 11:53	ἐξελθόντος	ἐξέρχομαι	V-	-AAPGSM-
Luke 11:53	αὐτοῦ	αὐτός	RP	----GSM-
Luke 11:53	ἤρξαντο	ἄρχω	V-	3AMI-P--
Luke 11:53	οἱ	ὁ	RA	----NPM-
Luke 11:53	γραμματεῖς	γραμματεύς	N-	----NPM-
Luke 11:53	καὶ	καί	C-	--------
Luke 11:53	οἱ	ὁ	RA	----NPM-
Luke 11:53	Φαρισαῖοι	Φαρισαῖος	N-	----NPM-
Luke 11:53	δεινῶς	δεινῶς	D-	--------
Luke 11:53	ἐνέχειν	ἐνέχω	V-	-PAN----
Luke 11:53	καὶ	καί	C-	--------
Luke 11:53	ἀποστοματίζειν	ἀποστοματίζω	V-	-PAN----
Luke 11:53	αὐτὸν	αὐτός	RP	----ASM-
Luke 11:53	περὶ	περί	P-	--------
Luke 11:53	πλειόνων	πολύς	A-	----GPNC
Luke 11:54	ἐνεδρεύοντες	ἐνεδρεύω	V-	-PAPNPM-
Luke 11:54	αὐτὸν	αὐτός	RP	----ASM-
Luke 11:54	θηρεῦσαί	θηρεύω	V-	-AAN----
Luke 11:54	τι	τις	RI	----ASN-
Luke 11:54	ἐκ	ἐκ	P-	--------
Luke 11:54	τοῦ	ὁ	RA	----GSN-
Luke 11:54	στόματος	στόμα	N-	----GSN-
Luke 11:54	αὐτοῦ	αὐτός	RP	----GSM-
Luke 12:1	Ἐν	ἐν	P-	--------
Luke 12:1	οἷς	ὅς	RR	----DPN-
Luke 12:1	ἐπισυναχθεισῶν	ἐπισυνάγω	V-	-APPGPF-
Luke 12:1	τῶν	ὁ	RA	----GPF-
Luke 12:1	μυριάδων	μυριάς	N-	----GPF-
Luke 12:1	τοῦ	ὁ	RA	----GSM-
Luke 12:1	ὄχλου	ὄχλος	N-	----GSM-
Luke 12:1	ὥστε	ὥστε	C-	--------
Luke 12:1	καταπατεῖν	καταπατέω	V-	-PAN----
Luke 12:1	ἀλλήλους	ἀλλήλων	RP	----APM-
Luke 12:1	ἤρξατο	ἄρχω	V-	3AMI-S--
Luke 12:1	λέγειν	λέγω	V-	-PAN----
Luke 12:1	πρὸς	πρός	P-	--------
Luke 12:1	τοὺς	ὁ	RA	----APM-
Luke 12:1	μαθητὰς	μαθητής	N-	----APM-
Luke 12:1	αὐτοῦ	αὐτός	RP	----GSM-
Luke 12:1	πρῶτον	πρῶτος	A-	----ASN-
Luke 12:1	Προσέχετε	προσέχω	V-	2PAD-P--
Luke 12:1	ἑαυτοῖς	ἑαυτοῦ	RP	----DPM-
Luke 12:1	ἀπὸ	ἀπό	P-	--------
Luke 12:1	τῆς	ὁ	RA	----GSF-
Luke 12:1	ζύμης	ζύμη	N-	----GSF-
Luke 12:1	ἥτις	ὅστις	RR	----NSF-
Luke 12:1	ἐστὶν	εἰμί	V-	3PAI-S--
Luke 12:1	ὑπόκρισις	ὑπόκρισις	N-	----NSF-
Luke 12:1	τῶν	ὁ	RA	----GPM-
Luke 12:1	Φαρισαίων	Φαρισαῖος	N-	----GPM-
Luke 12:2	οὐδὲν	οὐδείς	A-	----NSN-
Luke 12:2	δὲ	δέ	C-	--------
Luke 12:2	συγκεκαλυμμένον	συγκαλύπτω	V-	-XPPNSN-
Luke 12:2	ἐστὶν	εἰμί	V-	3PAI-S--
Luke 12:2	ὃ	ὅς	RR	----NSN-
Luke 12:2	οὐκ	οὐ	D-	--------
Luke 12:2	ἀποκαλυφθήσεται	ἀποκαλύπτω	V-	3FPI-S--
Luke 12:2	καὶ	καί	C-	--------
Luke 12:2	κρυπτὸν	κρυπτός	A-	----NSN-
Luke 12:2	ὃ	ὅς	RR	----NSN-
Luke 12:2	οὐ	οὐ	D-	--------
Luke 12:2	γνωσθήσεται	γινώσκω	V-	3FPI-S--
Luke 12:3	ἀνθ’	ἀντί	P-	--------
Luke 12:3	ὧν	ὅς	RR	----GPN-
Luke 12:3	ὅσα	ὅσος	RR	----APN-
Luke 12:3	ἐν	ἐν	P-	--------
Luke 12:3	τῇ	ὁ	RA	----DSF-
Luke 12:3	σκοτίᾳ	σκοτία	N-	----DSF-
Luke 12:3	εἴπατε	λέγω	V-	2AAI-P--
Luke 12:3	ἐν	ἐν	P-	--------
Luke 12:3	τῷ	ὁ	RA	----DSN-
Luke 12:3	φωτὶ	φῶς	N-	----DSN-
Luke 12:3	ἀκουσθήσεται	ἀκούω	V-	3FPI-S--
Luke 12:3	καὶ	καί	C-	--------
Luke 12:3	ὃ	ὅς	RR	----ASN-
Luke 12:3	πρὸς	πρός	P-	--------
Luke 12:3	τὸ	ὁ	RA	----ASN-
Luke 12:3	οὖς	οὖς	N-	----ASN-
Luke 12:3	ἐλαλήσατε	λαλέω	V-	2AAI-P--
Luke 12:3	ἐν	ἐν	P-	--------
Luke 12:3	τοῖς	ὁ	RA	----DPN-
Luke 12:3	ταμείοις	ταμεῖον	N-	----DPN-
Luke 12:3	κηρυχθήσεται	κηρύσσω	V-	3FPI-S--
Luke 12:3	ἐπὶ	ἐπί	P-	--------
Luke 12:3	τῶν	ὁ	RA	----GPN-
Luke 12:3	δωμάτων	δῶμα	N-	----GPN-
Luke 12:4	Λέγω	λέγω	V-	1PAI-S--
Luke 12:4	δὲ	δέ	C-	--------
Luke 12:4	ὑμῖν	σύ	RP	----DP--
Luke 12:4	τοῖς	ὁ	RA	----DPM-
Luke 12:4	φίλοις	φίλος	A-	----DPM-
Luke 12:4	μου	ἐγώ	RP	----GS--
Luke 12:4	μὴ	μή	D-	--------
Luke 12:4	φοβηθῆτε	φοβέομαι	V-	2APS-P--
Luke 12:4	ἀπὸ	ἀπό	P-	--------
Luke 12:4	τῶν	ὁ	RA	----GPM-
Luke 12:4	ἀποκτεινόντων	ἀποκτείνω	V-	-PAPGPM-
Luke 12:4	τὸ	ὁ	RA	----ASN-
Luke 12:4	σῶμα	σῶμα	N-	----ASN-
Luke 12:4	καὶ	καί	C-	--------
Luke 12:4	μετὰ	μετά	P-	--------
Luke 12:4	ταῦτα	οὗτος	RD	----APN-
Luke 12:4	μὴ	μή	D-	--------
Luke 12:4	ἐχόντων	ἔχω	V-	-PAPGPM-
Luke 12:4	περισσότερόν	περισσότερος	A-	----ASNC
Luke 12:4	τι	τις	RI	----ASN-
Luke 12:4	ποιῆσαι	ποιέω	V-	-AAN----
Luke 12:5	ὑποδείξω	ὑποδείκνυμι	V-	1FAI-S--
Luke 12:5	δὲ	δέ	C-	--------
Luke 12:5	ὑμῖν	σύ	RP	----DP--
Luke 12:5	τίνα	τίς	RI	----ASM-
Luke 12:5	φοβηθῆτε	φοβέομαι	V-	2APS-P--
Luke 12:5	φοβήθητε	φοβέομαι	V-	2APD-P--
Luke 12:5	τὸν	ὁ	RA	----ASM-
Luke 12:5	μετὰ	μετά	P-	--------
Luke 12:5	τὸ	ὁ	RA	----ASN-
Luke 12:5	ἀποκτεῖναι	ἀποκτείνω	V-	-AAN----
Luke 12:5	ἔχοντα	ἔχω	V-	-PAPASM-
Luke 12:5	ἐξουσίαν	ἐξουσία	N-	----ASF-
Luke 12:5	ἐμβαλεῖν	ἐμβάλλω	V-	-AAN----
Luke 12:5	εἰς	εἰς	P-	--------
Luke 12:5	τὴν	ὁ	RA	----ASF-
Luke 12:5	γέενναν	γέεννα	N-	----ASF-
Luke 12:5	ναί	ναί	X-	--------
Luke 12:5	λέγω	λέγω	V-	1PAI-S--
Luke 12:5	ὑμῖν	σύ	RP	----DP--
Luke 12:5	τοῦτον	οὗτος	RD	----ASM-
Luke 12:5	φοβήθητε	φοβέομαι	V-	2APD-P--
Luke 12:6	οὐχὶ	οὐχί	X-	--------
Luke 12:6	πέντε	πέντε	A-	----NPN-
Luke 12:6	στρουθία	στρουθίον	N-	----NPN-
Luke 12:6	πωλοῦνται	πωλέω	V-	3PPI-P--
Luke 12:6	ἀσσαρίων	ἀσσάριον	N-	----GPN-
Luke 12:6	δύο	δύο	A-	----GPN-
Luke 12:6	καὶ	καί	C-	--------
Luke 12:6	ἓν	εἷς	A-	----NSN-
Luke 12:6	ἐξ	ἐκ	P-	--------
Luke 12:6	αὐτῶν	αὐτός	RP	----GPN-
Luke 12:6	οὐκ	οὐ	D-	--------
Luke 12:6	ἔστιν	εἰμί	V-	3PAI-S--
Luke 12:6	ἐπιλελησμένον	ἐπιλανθάνομαι	V-	-XPPNSN-
Luke 12:6	ἐνώπιον	ἐνώπιον	P-	--------
Luke 12:6	τοῦ	ὁ	RA	----GSM-
Luke 12:6	θεοῦ	θεός	N-	----GSM-
Luke 12:7	ἀλλὰ	ἀλλά	C-	--------
Luke 12:7	καὶ	καί	D-	--------
Luke 12:7	αἱ	ὁ	RA	----NPF-
Luke 12:7	τρίχες	θρίξ	N-	----NPF-
Luke 12:7	τῆς	ὁ	RA	----GSF-
Luke 12:7	κεφαλῆς	κεφαλή	N-	----GSF-
Luke 12:7	ὑμῶν	σύ	RP	----GP--
Luke 12:7	πᾶσαι	πᾶς	A-	----NPF-
Luke 12:7	ἠρίθμηνται	ἀριθμέω	V-	3XPI-P--
Luke 12:7	μὴ	μή	D-	--------
Luke 12:7	φοβεῖσθε	φοβέομαι	V-	2PMD-P--
Luke 12:7	πολλῶν	πολύς	A-	----GPN-
Luke 12:7	στρουθίων	στρουθίον	N-	----GPN-
Luke 12:7	διαφέρετε	διαφέρω	V-	2PAI-P--
Luke 12:8	Λέγω	λέγω	V-	1PAI-S--
Luke 12:8	δὲ	δέ	C-	--------
Luke 12:8	ὑμῖν	σύ	RP	----DP--
Luke 12:8	πᾶς	πᾶς	A-	----NSM-
Luke 12:8	ὃς	ὅς	RR	----NSM-
Luke 12:8	ἂν	ἄν	X-	--------
Luke 12:8	ὁμολογήσῃ	ὁμολογέω	V-	3AAS-S--
Luke 12:8	ἐν	ἐν	P-	--------
Luke 12:8	ἐμοὶ	ἐγώ	RP	----DS--
Luke 12:8	ἔμπροσθεν	ἔμπροσθεν	P-	--------
Luke 12:8	τῶν	ὁ	RA	----GPM-
Luke 12:8	ἀνθρώπων	ἄνθρωπος	N-	----GPM-
Luke 12:8	καὶ	καί	D-	--------
Luke 12:8	ὁ	ὁ	RA	----NSM-
Luke 12:8	υἱὸς	υἱός	N-	----NSM-
Luke 12:8	τοῦ	ὁ	RA	----GSM-
Luke 12:8	ἀνθρώπου	ἄνθρωπος	N-	----GSM-
Luke 12:8	ὁμολογήσει	ὁμολογέω	V-	3FAI-S--
Luke 12:8	ἐν	ἐν	P-	--------
Luke 12:8	αὐτῷ	αὐτός	RP	----DSM-
Luke 12:8	ἔμπροσθεν	ἔμπροσθεν	P-	--------
Luke 12:8	τῶν	ὁ	RA	----GPM-
Luke 12:8	ἀγγέλων	ἄγγελος	N-	----GPM-
Luke 12:8	τοῦ	ὁ	RA	----GSM-
Luke 12:8	θεοῦ	θεός	N-	----GSM-
Luke 12:9	ὁ	ὁ	RA	----NSM-
Luke 12:9	δὲ	δέ	C-	--------
Luke 12:9	ἀρνησάμενός	ἀρνέομαι	V-	-AMPNSM-
Luke 12:9	με	ἐγώ	RP	----AS--
Luke 12:9	ἐνώπιον	ἐνώπιον	P-	--------
Luke 12:9	τῶν	ὁ	RA	----GPM-
Luke 12:9	ἀνθρώπων	ἄνθρωπος	N-	----GPM-
Luke 12:9	ἀπαρνηθήσεται	ἀπαρνέομαι	V-	3FPI-S--
Luke 12:9	ἐνώπιον	ἐνώπιον	P-	--------
Luke 12:9	τῶν	ὁ	RA	----GPM-
Luke 12:9	ἀγγέλων	ἄγγελος	N-	----GPM-
Luke 12:9	τοῦ	ὁ	RA	----GSM-
Luke 12:9	θεοῦ	θεός	N-	----GSM-
Luke 12:10	καὶ	καί	C-	--------
Luke 12:10	πᾶς	πᾶς	A-	----NSM-
Luke 12:10	ὃς	ὅς	RR	----NSM-
Luke 12:10	ἐρεῖ	λέγω	V-	3FAI-S--
Luke 12:10	λόγον	λόγος	N-	----ASM-
Luke 12:10	εἰς	εἰς	P-	--------
Luke 12:10	τὸν	ὁ	RA	----ASM-
Luke 12:10	υἱὸν	υἱός	N-	----ASM-
Luke 12:10	τοῦ	ὁ	RA	----GSM-
Luke 12:10	ἀνθρώπου	ἄνθρωπος	N-	----GSM-
Luke 12:10	ἀφεθήσεται	ἀφίημι	V-	3FPI-S--
Luke 12:10	αὐτῷ	αὐτός	RP	----DSM-
Luke 12:10	τῷ	ὁ	RA	----DSM-
Luke 12:10	δὲ	δέ	C-	--------
Luke 12:10	εἰς	εἰς	P-	--------
Luke 12:10	τὸ	ὁ	RA	----ASN-
Luke 12:10	ἅγιον	ἅγιος	A-	----ASN-
Luke 12:10	πνεῦμα	πνεῦμα	N-	----ASN-
Luke 12:10	βλασφημήσαντι	βλασφημέω	V-	-AAPDSM-
Luke 12:10	οὐκ	οὐ	D-	--------
Luke 12:10	ἀφεθήσεται	ἀφίημι	V-	3FPI-S--
Luke 12:11	ὅταν	ὅταν	C-	--------
Luke 12:11	δὲ	δέ	C-	--------
Luke 12:11	εἰσφέρωσιν	εἰσφέρω	V-	3PAS-P--
Luke 12:11	ὑμᾶς	σύ	RP	----AP--
Luke 12:11	ἐπὶ	ἐπί	P-	--------
Luke 12:11	τὰς	ὁ	RA	----APF-
Luke 12:11	συναγωγὰς	συναγωγή	N-	----APF-
Luke 12:11	καὶ	καί	C-	--------
Luke 12:11	τὰς	ὁ	RA	----APF-
Luke 12:11	ἀρχὰς	ἀρχή	N-	----APF-
Luke 12:11	καὶ	καί	C-	--------
Luke 12:11	τὰς	ὁ	RA	----APF-
Luke 12:11	ἐξουσίας	ἐξουσία	N-	----APF-
Luke 12:11	μὴ	μή	D-	--------
Luke 12:11	μεριμνήσητε	μεριμνάω	V-	2AAS-P--
Luke 12:11	πῶς	πῶς	D-	--------
Luke 12:11	ἢ	ἤ	C-	--------
Luke 12:11	τί	τίς	RI	----ASN-
Luke 12:11	ἀπολογήσησθε	ἀπολογέομαι	V-	2AMS-P--
Luke 12:11	ἢ	ἤ	C-	--------
Luke 12:11	τί	τίς	RI	----ASN-
Luke 12:11	εἴπητε	λέγω	V-	2AAS-P--
Luke 12:12	τὸ	ὁ	RA	----NSN-
Luke 12:12	γὰρ	γάρ	C-	--------
Luke 12:12	ἅγιον	ἅγιος	A-	----NSN-
Luke 12:12	πνεῦμα	πνεῦμα	N-	----NSN-
Luke 12:12	διδάξει	διδάσκω	V-	3FAI-S--
Luke 12:12	ὑμᾶς	σύ	RP	----AP--
Luke 12:12	ἐν	ἐν	P-	--------
Luke 12:12	αὐτῇ	αὐτός	RP	----DSF-
Luke 12:12	τῇ	ὁ	RA	----DSF-
Luke 12:12	ὥρᾳ	ὥρα	N-	----DSF-
Luke 12:12	ἃ	ὅς	RR	----APN-
Luke 12:12	δεῖ	δέω	V-	3PAI-S--
Luke 12:12	εἰπεῖν	λέγω	V-	-AAN----
Luke 12:13	Εἶπεν	λέγω	V-	3AAI-S--
Luke 12:13	δέ	δέ	C-	--------
Luke 12:13	τις	τις	RI	----NSM-
Luke 12:13	ἐκ	ἐκ	P-	--------
Luke 12:13	τοῦ	ὁ	RA	----GSM-
Luke 12:13	ὄχλου	ὄχλος	N-	----GSM-
Luke 12:13	αὐτῷ	αὐτός	RP	----DSM-
Luke 12:13	Διδάσκαλε	διδάσκαλος	N-	----VSM-
Luke 12:13	εἰπὲ	λέγω	V-	2AAD-S--
Luke 12:13	τῷ	ὁ	RA	----DSM-
Luke 12:13	ἀδελφῷ	ἀδελφός	N-	----DSM-
Luke 12:13	μου	ἐγώ	RP	----GS--
Luke 12:13	μερίσασθαι	μερίζω	V-	-AMN----
Luke 12:13	μετ’	μετά	P-	--------
Luke 12:13	ἐμοῦ	ἐγώ	RP	----GS--
Luke 12:13	τὴν	ὁ	RA	----ASF-
Luke 12:13	κληρονομίαν	κληρονομία	N-	----ASF-
Luke 12:14	ὁ	ὁ	RA	----NSM-
Luke 12:14	δὲ	δέ	C-	--------
Luke 12:14	εἶπεν	λέγω	V-	3AAI-S--
Luke 12:14	αὐτῷ	αὐτός	RP	----DSM-
Luke 12:14	Ἄνθρωπε	ἄνθρωπος	N-	----VSM-
Luke 12:14	τίς	τίς	RI	----NSM-
Luke 12:14	με	ἐγώ	RP	----AS--
Luke 12:14	κατέστησεν	καθίστημι	V-	3AAI-S--
Luke 12:14	κριτὴν	κριτής	N-	----ASM-
Luke 12:14	ἢ	ἤ	C-	--------
Luke 12:14	μεριστὴν	μεριστής	N-	----ASM-
Luke 12:14	ἐφ’	ἐπί	P-	--------
Luke 12:14	ὑμᾶς	σύ	RP	----AP--
Luke 12:15	εἶπεν	λέγω	V-	3AAI-S--
Luke 12:15	δὲ	δέ	C-	--------
Luke 12:15	πρὸς	πρός	P-	--------
Luke 12:15	αὐτούς	αὐτός	RP	----APM-
Luke 12:15	Ὁρᾶτε	ὁράω	V-	2PAD-P--
Luke 12:15	καὶ	καί	C-	--------
Luke 12:15	φυλάσσεσθε	φυλάσσω	V-	2PMD-P--
Luke 12:15	ἀπὸ	ἀπό	P-	--------
Luke 12:15	πάσης	πᾶς	A-	----GSF-
Luke 12:15	πλεονεξίας	πλεονεξία	N-	----GSF-
Luke 12:15	ὅτι	ὅτι	C-	--------
Luke 12:15	οὐκ	οὐ	D-	--------
Luke 12:15	ἐν	ἐν	P-	--------
Luke 12:15	τῷ	ὁ	RA	----DSN-
Luke 12:15	περισσεύειν	περισσεύω	V-	-PAN----
Luke 12:15	τινὶ	τις	RI	----DSM-
Luke 12:15	ἡ	ὁ	RA	----NSF-
Luke 12:15	ζωὴ	ζωή	N-	----NSF-
Luke 12:15	αὐτοῦ	αὐτός	RP	----GSM-
Luke 12:15	ἐστιν	εἰμί	V-	3PAI-S--
Luke 12:15	ἐκ	ἐκ	P-	--------
Luke 12:15	τῶν	ὁ	RA	----GPN-
Luke 12:15	ὑπαρχόντων	ὑπάρχω	V-	-PAPGPN-
Luke 12:15	αὐτῷ	αὐτός	RP	----DSM-
Luke 12:16	εἶπεν	λέγω	V-	3AAI-S--
Luke 12:16	δὲ	δέ	C-	--------
Luke 12:16	παραβολὴν	παραβολή	N-	----ASF-
Luke 12:16	πρὸς	πρός	P-	--------
Luke 12:16	αὐτοὺς	αὐτός	RP	----APM-
Luke 12:16	λέγων	λέγω	V-	-PAPNSM-
Luke 12:16	Ἀνθρώπου	ἄνθρωπος	N-	----GSM-
Luke 12:16	τινὸς	τις	RI	----GSM-
Luke 12:16	πλουσίου	πλούσιος	A-	----GSM-
Luke 12:16	εὐφόρησεν	εὐφορέω	V-	3AAI-S--
Luke 12:16	ἡ	ὁ	RA	----NSF-
Luke 12:16	χώρα	χώρα	N-	----NSF-
Luke 12:17	καὶ	καί	C-	--------
Luke 12:17	διελογίζετο	διαλογίζομαι	V-	3IMI-S--
Luke 12:17	ἐν	ἐν	P-	--------
Luke 12:17	ἑαυτῷ	ἑαυτοῦ	RP	----DSM-
Luke 12:17	λέγων	λέγω	V-	-PAPNSM-
Luke 12:17	Τί	τίς	RI	----ASN-
Luke 12:17	ποιήσω	ποιέω	V-	1AAS-S--
Luke 12:17	ὅτι	ὅτι	C-	--------
Luke 12:17	οὐκ	οὐ	D-	--------
Luke 12:17	ἔχω	ἔχω	V-	1PAI-S--
Luke 12:17	ποῦ	ποῦ	D-	--------
Luke 12:17	συνάξω	συνάγω	V-	1FAI-S--
Luke 12:17	τοὺς	ὁ	RA	----APM-
Luke 12:17	καρπούς	καρπός	N-	----APM-
Luke 12:17	μου	ἐγώ	RP	----GS--
Luke 12:18	καὶ	καί	C-	--------
Luke 12:18	εἶπεν	λέγω	V-	3AAI-S--
Luke 12:18	Τοῦτο	οὗτος	RD	----ASN-
Luke 12:18	ποιήσω	ποιέω	V-	1FAI-S--
Luke 12:18	καθελῶ	καθαιρέω	V-	1FAI-S--
Luke 12:18	μου	ἐγώ	RP	----GS--
Luke 12:18	τὰς	ὁ	RA	----APF-
Luke 12:18	ἀποθήκας	ἀποθήκη	N-	----APF-
Luke 12:18	καὶ	καί	C-	--------
Luke 12:18	μείζονας	μέγας	A-	----APFC
Luke 12:18	οἰκοδομήσω	οἰκοδομέω	V-	1FAI-S--
Luke 12:18	καὶ	καί	C-	--------
Luke 12:18	συνάξω	συνάγω	V-	1FAI-S--
Luke 12:18	ἐκεῖ	ἐκεῖ	D-	--------
Luke 12:18	πάντα	πᾶς	A-	----ASM-
Luke 12:18	τὸν	ὁ	RA	----ASM-
Luke 12:18	σῖτον	σῖτος	N-	----ASM-
Luke 12:18	καὶ	καί	C-	--------
Luke 12:18	τὰ	ὁ	RA	----APN-
Luke 12:18	ἀγαθά	ἀγαθός	A-	----APN-
Luke 12:18	μου	ἐγώ	RP	----GS--
Luke 12:19	καὶ	καί	C-	--------
Luke 12:19	ἐρῶ	λέγω	V-	1FAI-S--
Luke 12:19	τῇ	ὁ	RA	----DSF-
Luke 12:19	ψυχῇ	ψυχή	N-	----DSF-
Luke 12:19	μου	ἐγώ	RP	----GS--
Luke 12:19	Ψυχή	ψυχή	N-	----VSF-
Luke 12:19	ἔχεις	ἔχω	V-	2PAI-S--
Luke 12:19	πολλὰ	πολύς	A-	----APN-
Luke 12:19	ἀγαθὰ	ἀγαθός	A-	----APN-
Luke 12:19	κείμενα	κεῖμαι	V-	-PMPAPN-
Luke 12:19	εἰς	εἰς	P-	--------
Luke 12:19	ἔτη	ἔτος	N-	----APN-
Luke 12:19	πολλά	πολύς	A-	----APN-
Luke 12:19	ἀναπαύου	ἀναπαύω	V-	2PMD-S--
Luke 12:19	φάγε	ἐσθίω	V-	2AAD-S--
Luke 12:19	πίε	πίνω	V-	2AAD-S--
Luke 12:19	εὐφραίνου	εὐφραίνω	V-	2PPD-S--
Luke 12:20	εἶπεν	λέγω	V-	3AAI-S--
Luke 12:20	δὲ	δέ	C-	--------
Luke 12:20	αὐτῷ	αὐτός	RP	----DSM-
Luke 12:20	ὁ	ὁ	RA	----NSM-
Luke 12:20	θεός	θεός	N-	----NSM-
Luke 12:20	Ἄφρων	ἄφρων	A-	----VSM-
Luke 12:20	ταύτῃ	οὗτος	RD	----DSF-
Luke 12:20	τῇ	ὁ	RA	----DSF-
Luke 12:20	νυκτὶ	νύξ	N-	----DSF-
Luke 12:20	τὴν	ὁ	RA	----ASF-
Luke 12:20	ψυχήν	ψυχή	N-	----ASF-
Luke 12:20	σου	σύ	RP	----GS--
Luke 12:20	ἀπαιτοῦσιν	ἀπαιτέω	V-	3PAI-P--
Luke 12:20	ἀπὸ	ἀπό	P-	--------
Luke 12:20	σοῦ	σύ	RP	----GS--
Luke 12:20	ἃ	ὅς	RR	----APN-
Luke 12:20	δὲ	δέ	C-	--------
Luke 12:20	ἡτοίμασας	ἑτοιμάζω	V-	2AAI-S--
Luke 12:20	τίνι	τίς	RI	----DSM-
Luke 12:20	ἔσται	εἰμί	V-	3FMI-S--
Luke 12:21	οὕτως	οὕτω(ς)	D-	--------
Luke 12:21	ὁ	ὁ	RA	----NSM-
Luke 12:21	θησαυρίζων	θησαυρίζω	V-	-PAPNSM-
Luke 12:21	ἑαυτῷ	ἑαυτοῦ	RP	----DSM-
Luke 12:21	καὶ	καί	C-	--------
Luke 12:21	μὴ	μή	D-	--------
Luke 12:21	εἰς	εἰς	P-	--------
Luke 12:21	θεὸν	θεός	N-	----ASM-
Luke 12:21	πλουτῶν	πλουτέω	V-	-PAPNSM-
Luke 12:22	Εἶπεν	λέγω	V-	3AAI-S--
Luke 12:22	δὲ	δέ	C-	--------
Luke 12:22	πρὸς	πρός	P-	--------
Luke 12:22	τοὺς	ὁ	RA	----APM-
Luke 12:22	μαθητὰς	μαθητής	N-	----APM-
Luke 12:22	αὐτοῦ	αὐτός	RP	----GSM-
Luke 12:22	Διὰ	διά	P-	--------
Luke 12:22	τοῦτο	οὗτος	RD	----ASN-
Luke 12:22	λέγω	λέγω	V-	1PAI-S--
Luke 12:22	ὑμῖν	σύ	RP	----DP--
Luke 12:22	μὴ	μή	D-	--------
Luke 12:22	μεριμνᾶτε	μεριμνάω	V-	2PAD-P--
Luke 12:22	τῇ	ὁ	RA	----DSF-
Luke 12:22	ψυχῇ	ψυχή	N-	----DSF-
Luke 12:22	τί	τίς	RI	----ASN-
Luke 12:22	φάγητε	ἐσθίω	V-	2AAS-P--
Luke 12:22	μηδὲ	μηδέ	C-	--------
Luke 12:22	τῷ	ὁ	RA	----DSN-
Luke 12:22	σώματι	σῶμα	N-	----DSN-
Luke 12:22	τί	τίς	RI	----ASN-
Luke 12:22	ἐνδύσησθε	ἐνδύω	V-	2AMS-P--
Luke 12:23	ἡ	ὁ	RA	----NSF-
Luke 12:23	γὰρ	γάρ	C-	--------
Luke 12:23	ψυχὴ	ψυχή	N-	----NSF-
Luke 12:23	πλεῖόν	πολύς	A-	----NSNC
Luke 12:23	ἐστιν	εἰμί	V-	3PAI-S--
Luke 12:23	τῆς	ὁ	RA	----GSF-
Luke 12:23	τροφῆς	τροφή	N-	----GSF-
Luke 12:23	καὶ	καί	C-	--------
Luke 12:23	τὸ	ὁ	RA	----NSN-
Luke 12:23	σῶμα	σῶμα	N-	----NSN-
Luke 12:23	τοῦ	ὁ	RA	----GSN-
Luke 12:23	ἐνδύματος	ἔνδυμα	N-	----GSN-
Luke 12:24	κατανοήσατε	κατανοέω	V-	2AAD-P--
Luke 12:24	τοὺς	ὁ	RA	----APM-
Luke 12:24	κόρακας	κόραξ	N-	----APM-
Luke 12:24	ὅτι	ὅτι	C-	--------
Luke 12:24	οὐ	οὐ	D-	--------
Luke 12:24	σπείρουσιν	σπείρω	V-	3PAI-P--
Luke 12:24	οὐδὲ	οὐδέ	C-	--------
Luke 12:24	θερίζουσιν	θερίζω	V-	3PAI-P--
Luke 12:24	οἷς	ὅς	RR	----DPM-
Luke 12:24	οὐκ	οὐ	D-	--------
Luke 12:24	ἔστιν	εἰμί	V-	3PAI-S--
Luke 12:24	ταμεῖον	ταμεῖον	N-	----NSN-
Luke 12:24	οὐδὲ	οὐδέ	C-	--------
Luke 12:24	ἀποθήκη	ἀποθήκη	N-	----NSF-
Luke 12:24	καὶ	καί	C-	--------
Luke 12:24	ὁ	ὁ	RA	----NSM-
Luke 12:24	θεὸς	θεός	N-	----NSM-
Luke 12:24	τρέφει	τρέφω	V-	3PAI-S--
Luke 12:24	αὐτούς	αὐτός	RP	----APM-
Luke 12:24	πόσῳ	πόσος	RI	----DSN-
Luke 12:24	μᾶλλον	μᾶλλον	D-	--------
Luke 12:24	ὑμεῖς	σύ	RP	----NP--
Luke 12:24	διαφέρετε	διαφέρω	V-	2PAI-P--
Luke 12:24	τῶν	ὁ	RA	----GPN-
Luke 12:24	πετεινῶν	πετεινόν	A-	----GPN-
Luke 12:25	τίς	τίς	RI	----NSM-
Luke 12:25	δὲ	δέ	C-	--------
Luke 12:25	ἐξ	ἐκ	P-	--------
Luke 12:25	ὑμῶν	σύ	RP	----GP--
Luke 12:25	μεριμνῶν	μεριμνάω	V-	-PAPNSM-
Luke 12:25	δύναται	δύναμαι	V-	3PMI-S--
Luke 12:25	ἐπὶ	ἐπί	P-	--------
Luke 12:25	τὴν	ὁ	RA	----ASF-
Luke 12:25	ἡλικίαν	ἡλικία	N-	----ASF-
Luke 12:25	αὐτοῦ	αὐτός	RP	----GSM-
Luke 12:25	προσθεῖναι	προστίθημι	V-	-AAN----
Luke 12:25	πῆχυν	πῆχυς	N-	----ASM-
Luke 12:26	εἰ	εἰ	C-	--------
Luke 12:26	οὖν	οὖν	C-	--------
Luke 12:26	οὐδὲ	οὐδέ	D-	--------
Luke 12:26	ἐλάχιστον	ἐλάχιστος	A-	----ASNS
Luke 12:26	δύνασθε	δύναμαι	V-	2PMI-P--
Luke 12:26	τί	τίς	RI	----ASN-
Luke 12:26	περὶ	περί	P-	--------
Luke 12:26	τῶν	ὁ	RA	----GPN-
Luke 12:26	λοιπῶν	λοιπός	A-	----GPN-
Luke 12:26	μεριμνᾶτε	μεριμνάω	V-	2PAI-P--
Luke 12:27	κατανοήσατε	κατανοέω	V-	2AAD-P--
Luke 12:27	τὰ	ὁ	RA	----APN-
Luke 12:27	κρίνα	κρίνον	N-	----APN-
Luke 12:27	πῶς	πῶς	D-	--------
Luke 12:27	αὐξάνει	αὐξάνω	V-	3PAI-S--
Luke 12:27	οὐ	οὐ	D-	--------
Luke 12:27	κοπιᾷ	κοπιάω	V-	3PAI-S--
Luke 12:27	οὐδὲ	οὐδέ	C-	--------
Luke 12:27	νήθει	νήθω	V-	3PAI-S--
Luke 12:27	λέγω	λέγω	V-	1PAI-S--
Luke 12:27	δὲ	δέ	C-	--------
Luke 12:27	ὑμῖν	σύ	RP	----DP--
Luke 12:27	οὐδὲ	οὐδέ	D-	--------
Luke 12:27	Σολομὼν	Σολομών	N-	----NSM-
Luke 12:27	ἐν	ἐν	P-	--------
Luke 12:27	πάσῃ	πᾶς	A-	----DSF-
Luke 12:27	τῇ	ὁ	RA	----DSF-
Luke 12:27	δόξῃ	δόξα	N-	----DSF-
Luke 12:27	αὐτοῦ	αὐτός	RP	----GSM-
Luke 12:27	περιεβάλετο	περιβάλλω	V-	3AMI-S--
Luke 12:27	ὡς	ὡς	C-	--------
Luke 12:27	ἓν	εἷς	A-	----NSN-
Luke 12:27	τούτων	οὗτος	RD	----GPN-
Luke 12:28	εἰ	εἰ	C-	--------
Luke 12:28	δὲ	δέ	C-	--------
Luke 12:28	ἐν	ἐν	P-	--------
Luke 12:28	ἀγρῷ	ἀγρός	N-	----DSM-
Luke 12:28	τὸν	ὁ	RA	----ASM-
Luke 12:28	χόρτον	χόρτος	N-	----ASM-
Luke 12:28	ὄντα	εἰμί	V-	-PAPASM-
Luke 12:28	σήμερον	σήμερον	D-	--------
Luke 12:28	καὶ	καί	C-	--------
Luke 12:28	αὔριον	αὔριον	D-	--------
Luke 12:28	εἰς	εἰς	P-	--------
Luke 12:28	κλίβανον	κλίβανος	N-	----ASM-
Luke 12:28	βαλλόμενον	βάλλω	V-	-PPPASM-
Luke 12:28	ὁ	ὁ	RA	----NSM-
Luke 12:28	θεὸς	θεός	N-	----NSM-
Luke 12:28	οὕτως	οὕτω(ς)	D-	--------
Luke 12:28	ἀμφιέζει	ἀμφιάζω	V-	3PAI-S--
Luke 12:28	πόσῳ	πόσος	RI	----DSN-
Luke 12:28	μᾶλλον	μᾶλλον	D-	--------
Luke 12:28	ὑμᾶς	σύ	RP	----AP--
Luke 12:28	ὀλιγόπιστοι	ὀλιγόπιστος	A-	----VPM-
Luke 12:29	καὶ	καί	D-	--------
Luke 12:29	ὑμεῖς	σύ	RP	----NP--
Luke 12:29	μὴ	μή	D-	--------
Luke 12:29	ζητεῖτε	ζητέω	V-	2PAD-P--
Luke 12:29	τί	τίς	RI	----ASN-
Luke 12:29	φάγητε	ἐσθίω	V-	2AAS-P--
Luke 12:29	καὶ	καί	C-	--------
Luke 12:29	τί	τίς	RI	----ASN-
Luke 12:29	πίητε	πίνω	V-	2AAS-P--
Luke 12:29	καὶ	καί	C-	--------
Luke 12:29	μὴ	μή	D-	--------
Luke 12:29	μετεωρίζεσθε	μετεωρίζομαι	V-	2PMD-P--
Luke 12:30	ταῦτα	οὗτος	RD	----APN-
Luke 12:30	γὰρ	γάρ	C-	--------
Luke 12:30	πάντα	πᾶς	A-	----APN-
Luke 12:30	τὰ	ὁ	RA	----NPN-
Luke 12:30	ἔθνη	ἔθνος	N-	----NPN-
Luke 12:30	τοῦ	ὁ	RA	----GSM-
Luke 12:30	κόσμου	κόσμος	N-	----GSM-
Luke 12:30	ἐπιζητοῦσιν	ἐπιζητέω	V-	3PAI-P--
Luke 12:30	ὑμῶν	σύ	RP	----GP--
Luke 12:30	δὲ	δέ	C-	--------
Luke 12:30	ὁ	ὁ	RA	----NSM-
Luke 12:30	πατὴρ	πατήρ	N-	----NSM-
Luke 12:30	οἶδεν	οἶδα	V-	3XAI-S--
Luke 12:30	ὅτι	ὅτι	C-	--------
Luke 12:30	χρῄζετε	χρῄζω	V-	2PAI-P--
Luke 12:30	τούτων	οὗτος	RD	----GPN-
Luke 12:31	πλὴν	πλήν	C-	--------
Luke 12:31	ζητεῖτε	ζητέω	V-	2PAD-P--
Luke 12:31	τὴν	ὁ	RA	----ASF-
Luke 12:31	βασιλείαν	βασιλεία	N-	----ASF-
Luke 12:31	αὐτοῦ	αὐτός	RP	----GSM-
Luke 12:31	καὶ	καί	C-	--------
Luke 12:31	ταῦτα	οὗτος	RD	----NPN-
Luke 12:31	προστεθήσεται	προστίθημι	V-	3FPI-S--
Luke 12:31	ὑμῖν	σύ	RP	----DP--
Luke 12:32	Μὴ	μή	D-	--------
Luke 12:32	φοβοῦ	φοβέομαι	V-	2PMD-S--
Luke 12:32	τὸ	ὁ	RA	----NSN-
Luke 12:32	μικρὸν	μικρός	A-	----NSN-
Luke 12:32	ποίμνιον	ποίμνιον	N-	----NSN-
Luke 12:32	ὅτι	ὅτι	C-	--------
Luke 12:32	εὐδόκησεν	εὐδοκέω	V-	3AAI-S--
Luke 12:32	ὁ	ὁ	RA	----NSM-
Luke 12:32	πατὴρ	πατήρ	N-	----NSM-
Luke 12:32	ὑμῶν	σύ	RP	----GP--
Luke 12:32	δοῦναι	δίδωμι	V-	-AAN----
Luke 12:32	ὑμῖν	σύ	RP	----DP--
Luke 12:32	τὴν	ὁ	RA	----ASF-
Luke 12:32	βασιλείαν	βασιλεία	N-	----ASF-
Luke 12:33	πωλήσατε	πωλέω	V-	2AAD-P--
Luke 12:33	τὰ	ὁ	RA	----APN-
Luke 12:33	ὑπάρχοντα	ὑπάρχω	V-	-PAPAPN-
Luke 12:33	ὑμῶν	σύ	RP	----GP--
Luke 12:33	καὶ	καί	C-	--------
Luke 12:33	δότε	δίδωμι	V-	2AAD-P--
Luke 12:33	ἐλεημοσύνην	ἐλεημοσύνη	N-	----ASF-
Luke 12:33	ποιήσατε	ποιέω	V-	2AAD-P--
Luke 12:33	ἑαυτοῖς	ἑαυτοῦ	RP	----DPM-
Luke 12:33	βαλλάντια	βαλλάντιον	N-	----APN-
Luke 12:33	μὴ	μή	D-	--------
Luke 12:33	παλαιούμενα	παλαιόω	V-	-PPPAPN-
Luke 12:33	θησαυρὸν	θησαυρός	N-	----ASM-
Luke 12:33	ἀνέκλειπτον	ἀνέκλειπτος	A-	----ASM-
Luke 12:33	ἐν	ἐν	P-	--------
Luke 12:33	τοῖς	ὁ	RA	----DPM-
Luke 12:33	οὐρανοῖς	οὐρανός	N-	----DPM-
Luke 12:33	ὅπου	ὅπου	D-	--------
Luke 12:33	κλέπτης	κλέπτης	N-	----NSM-
Luke 12:33	οὐκ	οὐ	D-	--------
Luke 12:33	ἐγγίζει	ἐγγίζω	V-	3PAI-S--
Luke 12:33	οὐδὲ	οὐδέ	C-	--------
Luke 12:33	σὴς	σής	N-	----NSM-
Luke 12:33	διαφθείρει	διαφθείρω	V-	3PAI-S--
Luke 12:34	ὅπου	ὅπου	C-	--------
Luke 12:34	γάρ	γάρ	C-	--------
Luke 12:34	ἐστιν	εἰμί	V-	3PAI-S--
Luke 12:34	ὁ	ὁ	RA	----NSM-
Luke 12:34	θησαυρὸς	θησαυρός	N-	----NSM-
Luke 12:34	ὑμῶν	σύ	RP	----GP--
Luke 12:34	ἐκεῖ	ἐκεῖ	D-	--------
Luke 12:34	καὶ	καί	D-	--------
Luke 12:34	ἡ	ὁ	RA	----NSF-
Luke 12:34	καρδία	καρδία	N-	----NSF-
Luke 12:34	ὑμῶν	σύ	RP	----GP--
Luke 12:34	ἔσται	εἰμί	V-	3FMI-S--
Luke 12:35	Ἔστωσαν	εἰμί	V-	3PAD-P--
Luke 12:35	ὑμῶν	σύ	RP	----GP--
Luke 12:35	αἱ	ὁ	RA	----NPF-
Luke 12:35	ὀσφύες	ὀσφύς	N-	----NPF-
Luke 12:35	περιεζωσμέναι	περιζώννυμι	V-	-XPPNPF-
Luke 12:35	καὶ	καί	C-	--------
Luke 12:35	οἱ	ὁ	RA	----NPM-
Luke 12:35	λύχνοι	λύχνος	N-	----NPM-
Luke 12:35	καιόμενοι	καίω	V-	-PPPNPM-
Luke 12:36	καὶ	καί	C-	--------
Luke 12:36	ὑμεῖς	σύ	RP	----NP--
Luke 12:36	ὅμοιοι	ὅμοιος	A-	----NPM-
Luke 12:36	ἀνθρώποις	ἄνθρωπος	N-	----DPM-
Luke 12:36	προσδεχομένοις	προσδέχομαι	V-	-PMPDPM-
Luke 12:36	τὸν	ὁ	RA	----ASM-
Luke 12:36	κύριον	κύριος	N-	----ASM-
Luke 12:36	ἑαυτῶν	ἑαυτοῦ	RP	----GPM-
Luke 12:36	πότε	πότε	D-	--------
Luke 12:36	ἀναλύσῃ	ἀναλύω	V-	3AAS-S--
Luke 12:36	ἐκ	ἐκ	P-	--------
Luke 12:36	τῶν	ὁ	RA	----GPM-
Luke 12:36	γάμων	γάμος	N-	----GPM-
Luke 12:36	ἵνα	ἵνα	C-	--------
Luke 12:36	ἐλθόντος	ἔρχομαι	V-	-AAPGSM-
Luke 12:36	καὶ	καί	C-	--------
Luke 12:36	κρούσαντος	κρούω	V-	-AAPGSM-
Luke 12:36	εὐθέως	εὐθέως	D-	--------
Luke 12:36	ἀνοίξωσιν	ἀνοίγω	V-	3AAS-P--
Luke 12:36	αὐτῷ	αὐτός	RP	----DSM-
Luke 12:37	μακάριοι	μακάριος	A-	----NPM-
Luke 12:37	οἱ	ὁ	RA	----NPM-
Luke 12:37	δοῦλοι	δοῦλος	N-	----NPM-
Luke 12:37	ἐκεῖνοι	ἐκεῖνος	RD	----NPM-
Luke 12:37	οὓς	ὅς	RR	----APM-
Luke 12:37	ἐλθὼν	ἔρχομαι	V-	-AAPNSM-
Luke 12:37	ὁ	ὁ	RA	----NSM-
Luke 12:37	κύριος	κύριος	N-	----NSM-
Luke 12:37	εὑρήσει	εὑρίσκω	V-	3FAI-S--
Luke 12:37	γρηγοροῦντας	γρηγορέω	V-	-PAPAPM-
Luke 12:37	ἀμὴν	ἀμήν	X-	--------
Luke 12:37	λέγω	λέγω	V-	1PAI-S--
Luke 12:37	ὑμῖν	σύ	RP	----DP--
Luke 12:37	ὅτι	ὅτι	C-	--------
Luke 12:37	περιζώσεται	περιζώννυμι	V-	3FMI-S--
Luke 12:37	καὶ	καί	C-	--------
Luke 12:37	ἀνακλινεῖ	ἀνακλίνω	V-	3FAI-S--
Luke 12:37	αὐτοὺς	αὐτός	RP	----APM-
Luke 12:37	καὶ	καί	C-	--------
Luke 12:37	παρελθὼν	παρέρχομαι	V-	-AAPNSM-
Luke 12:37	διακονήσει	διακονέω	V-	3FAI-S--
Luke 12:37	αὐτοῖς	αὐτός	RP	----DPM-
Luke 12:38	κἂν	κἄν	C-	--------
Luke 12:38	ἐν	ἐν	P-	--------
Luke 12:38	τῇ	ὁ	RA	----DSF-
Luke 12:38	δευτέρᾳ	δεύτερος	A-	----DSF-
Luke 12:38	κἂν	κἄν	C-	--------
Luke 12:38	ἐν	ἐν	P-	--------
Luke 12:38	τῇ	ὁ	RA	----DSF-
Luke 12:38	τρίτῃ	τρίτος	A-	----DSF-
Luke 12:38	φυλακῇ	φυλακή	N-	----DSF-
Luke 12:38	ἔλθῃ	ἔρχομαι	V-	3AAS-S--
Luke 12:38	καὶ	καί	C-	--------
Luke 12:38	εὕρῃ	εὑρίσκω	V-	3AAS-S--
Luke 12:38	οὕτως	οὕτω(ς)	D-	--------
Luke 12:38	μακάριοί	μακάριος	A-	----NPM-
Luke 12:38	εἰσιν	εἰμί	V-	3PAI-P--
Luke 12:38	ἐκεῖνοι	ἐκεῖνος	RD	----NPM-
Luke 12:39	Τοῦτο	οὗτος	RD	----ASN-
Luke 12:39	δὲ	δέ	C-	--------
Luke 12:39	γινώσκετε	γινώσκω	V-	2PAD-P--
Luke 12:39	ὅτι	ὅτι	D-	--------
Luke 12:39	εἰ	εἰ	C-	--------
Luke 12:39	ᾔδει	οἶδα	V-	3YAI-S--
Luke 12:39	ὁ	ὁ	RA	----NSM-
Luke 12:39	οἰκοδεσπότης	οἰκοδεσπότης	N-	----NSM-
Luke 12:39	ποίᾳ	ποῖος	RI	----DSF-
Luke 12:39	ὥρᾳ	ὥρα	N-	----DSF-
Luke 12:39	ὁ	ὁ	RA	----NSM-
Luke 12:39	κλέπτης	κλέπτης	N-	----NSM-
Luke 12:39	ἔρχεται	ἔρχομαι	V-	3PMI-S--
Luke 12:39	οὐκ	οὐ	D-	--------
Luke 12:39	ἂν	ἄν	X-	--------
Luke 12:39	ἀφῆκεν	ἀφίημι	V-	3AAI-S--
Luke 12:39	διορυχθῆναι	διορύσσω	V-	-APN----
Luke 12:39	τὸν	ὁ	RA	----ASM-
Luke 12:39	οἶκον	οἶκος	N-	----ASM-
Luke 12:39	αὐτοῦ	αὐτός	RP	----GSM-
Luke 12:40	καὶ	καί	D-	--------
Luke 12:40	ὑμεῖς	σύ	RP	----NP--
Luke 12:40	γίνεσθε	γίνομαι	V-	2PMD-P--
Luke 12:40	ἕτοιμοι	ἕτοιμος	A-	----NPM-
Luke 12:40	ὅτι	ὅτι	C-	--------
Luke 12:40	ᾗ	ὅς	RR	----DSF-
Luke 12:40	ὥρᾳ	ὥρα	N-	----DSF-
Luke 12:40	οὐ	οὐ	D-	--------
Luke 12:40	δοκεῖτε	δοκέω	V-	2PAI-P--
Luke 12:40	ὁ	ὁ	RA	----NSM-
Luke 12:40	υἱὸς	υἱός	N-	----NSM-
Luke 12:40	τοῦ	ὁ	RA	----GSM-
Luke 12:40	ἀνθρώπου	ἄνθρωπος	N-	----GSM-
Luke 12:40	ἔρχεται	ἔρχομαι	V-	3PMI-S--
Luke 12:41	Εἶπεν	λέγω	V-	3AAI-S--
Luke 12:41	δὲ	δέ	C-	--------
Luke 12:41	ὁ	ὁ	RA	----NSM-
Luke 12:41	Πέτρος	Πέτρος	N-	----NSM-
Luke 12:41	Κύριε	κύριος	N-	----VSM-
Luke 12:41	πρὸς	πρός	P-	--------
Luke 12:41	ἡμᾶς	ἐγώ	RP	----AP--
Luke 12:41	τὴν	ὁ	RA	----ASF-
Luke 12:41	παραβολὴν	παραβολή	N-	----ASF-
Luke 12:41	ταύτην	οὗτος	RD	----ASF-
Luke 12:41	λέγεις	λέγω	V-	2PAI-S--
Luke 12:41	ἢ	ἤ	C-	--------
Luke 12:41	καὶ	καί	D-	--------
Luke 12:41	πρὸς	πρός	P-	--------
Luke 12:41	πάντας	πᾶς	A-	----APM-
Luke 12:42	καὶ	καί	C-	--------
Luke 12:42	εἶπεν	λέγω	V-	3AAI-S--
Luke 12:42	ὁ	ὁ	RA	----NSM-
Luke 12:42	κύριος	κύριος	N-	----NSM-
Luke 12:42	Τίς	τίς	RI	----NSM-
Luke 12:42	ἄρα	ἄρα	C-	--------
Luke 12:42	ἐστὶν	εἰμί	V-	3PAI-S--
Luke 12:42	ὁ	ὁ	RA	----NSM-
Luke 12:42	πιστὸς	πιστός	A-	----NSM-
Luke 12:42	οἰκονόμος	οἰκονόμος	N-	----NSM-
Luke 12:42	ὁ	ὁ	RA	----NSM-
Luke 12:42	φρόνιμος	φρόνιμος	A-	----NSM-
Luke 12:42	ὃν	ὅς	RR	----ASM-
Luke 12:42	καταστήσει	καθίστημι	V-	3FAI-S--
Luke 12:42	ὁ	ὁ	RA	----NSM-
Luke 12:42	κύριος	κύριος	N-	----NSM-
Luke 12:42	ἐπὶ	ἐπί	P-	--------
Luke 12:42	τῆς	ὁ	RA	----GSF-
Luke 12:42	θεραπείας	θεραπεία	N-	----GSF-
Luke 12:42	αὐτοῦ	αὐτός	RP	----GSM-
Luke 12:42	τοῦ	ὁ	RA	----GSN-
Luke 12:42	διδόναι	δίδωμι	V-	-PAN----
Luke 12:42	ἐν	ἐν	P-	--------
Luke 12:42	καιρῷ	καιρός	N-	----DSM-
Luke 12:42	τὸ	ὁ	RA	----ASN-
Luke 12:42	σιτομέτριον	σιτομέτριον	N-	----ASN-
Luke 12:43	μακάριος	μακάριος	A-	----NSM-
Luke 12:43	ὁ	ὁ	RA	----NSM-
Luke 12:43	δοῦλος	δοῦλος	N-	----NSM-
Luke 12:43	ἐκεῖνος	ἐκεῖνος	RD	----NSM-
Luke 12:43	ὃν	ὅς	RR	----ASM-
Luke 12:43	ἐλθὼν	ἔρχομαι	V-	-AAPNSM-
Luke 12:43	ὁ	ὁ	RA	----NSM-
Luke 12:43	κύριος	κύριος	N-	----NSM-
Luke 12:43	αὐτοῦ	αὐτός	RP	----GSM-
Luke 12:43	εὑρήσει	εὑρίσκω	V-	3FAI-S--
Luke 12:43	ποιοῦντα	ποιέω	V-	-PAPASM-
Luke 12:43	οὕτως	οὕτω(ς)	D-	--------
Luke 12:44	ἀληθῶς	ἀληθῶς	D-	--------
Luke 12:44	λέγω	λέγω	V-	1PAI-S--
Luke 12:44	ὑμῖν	σύ	RP	----DP--
Luke 12:44	ὅτι	ὅτι	C-	--------
Luke 12:44	ἐπὶ	ἐπί	P-	--------
Luke 12:44	πᾶσιν	πᾶς	A-	----DPN-
Luke 12:44	τοῖς	ὁ	RA	----DPN-
Luke 12:44	ὑπάρχουσιν	ὑπάρχω	V-	-PAPDPN-
Luke 12:44	αὐτοῦ	αὐτός	RP	----GSM-
Luke 12:44	καταστήσει	καθίστημι	V-	3FAI-S--
Luke 12:44	αὐτόν	αὐτός	RP	----ASM-
Luke 12:45	ἐὰν	ἐάν	C-	--------
Luke 12:45	δὲ	δέ	C-	--------
Luke 12:45	εἴπῃ	λέγω	V-	3AAS-S--
Luke 12:45	ὁ	ὁ	RA	----NSM-
Luke 12:45	δοῦλος	δοῦλος	N-	----NSM-
Luke 12:45	ἐκεῖνος	ἐκεῖνος	RD	----NSM-
Luke 12:45	ἐν	ἐν	P-	--------
Luke 12:45	τῇ	ὁ	RA	----DSF-
Luke 12:45	καρδίᾳ	καρδία	N-	----DSF-
Luke 12:45	αὐτοῦ	αὐτός	RP	----GSM-
Luke 12:45	Χρονίζει	χρονίζω	V-	3PAI-S--
Luke 12:45	ὁ	ὁ	RA	----NSM-
Luke 12:45	κύριός	κύριος	N-	----NSM-
Luke 12:45	μου	ἐγώ	RP	----GS--
Luke 12:45	ἔρχεσθαι	ἔρχομαι	V-	-PMN----
Luke 12:45	καὶ	καί	C-	--------
Luke 12:45	ἄρξηται	ἄρχω	V-	3AMS-S--
Luke 12:45	τύπτειν	τύπτω	V-	-PAN----
Luke 12:45	τοὺς	ὁ	RA	----APM-
Luke 12:45	παῖδας	παῖς	N-	----APM-
Luke 12:45	καὶ	καί	C-	--------
Luke 12:45	τὰς	ὁ	RA	----APF-
Luke 12:45	παιδίσκας	παιδίσκη	N-	----APF-
Luke 12:45	ἐσθίειν	ἐσθίω	V-	-PAN----
Luke 12:45	τε	τέ	C-	--------
Luke 12:45	καὶ	καί	C-	--------
Luke 12:45	πίνειν	πίνω	V-	-PAN----
Luke 12:45	καὶ	καί	C-	--------
Luke 12:45	μεθύσκεσθαι	μεθύσκομαι	V-	-PPN----
Luke 12:46	ἥξει	ἥκω	V-	3FAI-S--
Luke 12:46	ὁ	ὁ	RA	----NSM-
Luke 12:46	κύριος	κύριος	N-	----NSM-
Luke 12:46	τοῦ	ὁ	RA	----GSM-
Luke 12:46	δούλου	δοῦλος	N-	----GSM-
Luke 12:46	ἐκείνου	ἐκεῖνος	RD	----GSM-
Luke 12:46	ἐν	ἐν	P-	--------
Luke 12:46	ἡμέρᾳ	ἡμέρα	N-	----DSF-
Luke 12:46	ᾗ	ὅς	RR	----DSF-
Luke 12:46	οὐ	οὐ	D-	--------
Luke 12:46	προσδοκᾷ	προσδοκάω	V-	3PAI-S--
Luke 12:46	καὶ	καί	C-	--------
Luke 12:46	ἐν	ἐν	P-	--------
Luke 12:46	ὥρᾳ	ὥρα	N-	----DSF-
Luke 12:46	ᾗ	ὅς	RR	----DSF-
Luke 12:46	οὐ	οὐ	D-	--------
Luke 12:46	γινώσκει	γινώσκω	V-	3PAI-S--
Luke 12:46	καὶ	καί	C-	--------
Luke 12:46	διχοτομήσει	διχοτομέω	V-	3FAI-S--
Luke 12:46	αὐτὸν	αὐτός	RP	----ASM-
Luke 12:46	καὶ	καί	C-	--------
Luke 12:46	τὸ	ὁ	RA	----ASN-
Luke 12:46	μέρος	μέρος	N-	----ASN-
Luke 12:46	αὐτοῦ	αὐτός	RP	----GSM-
Luke 12:46	μετὰ	μετά	P-	--------
Luke 12:46	τῶν	ὁ	RA	----GPM-
Luke 12:46	ἀπίστων	ἄπιστος	A-	----GPM-
Luke 12:46	θήσει	τίθημι	V-	3FAI-S--
Luke 12:47	ἐκεῖνος	ἐκεῖνος	RD	----NSM-
Luke 12:47	δὲ	δέ	C-	--------
Luke 12:47	ὁ	ὁ	RA	----NSM-
Luke 12:47	δοῦλος	δοῦλος	N-	----NSM-
Luke 12:47	ὁ	ὁ	RA	----NSM-
Luke 12:47	γνοὺς	γινώσκω	V-	-AAPNSM-
Luke 12:47	τὸ	ὁ	RA	----ASN-
Luke 12:47	θέλημα	θέλημα	N-	----ASN-
Luke 12:47	τοῦ	ὁ	RA	----GSM-
Luke 12:47	κυρίου	κύριος	N-	----GSM-
Luke 12:47	αὐτοῦ	αὐτός	RP	----GSM-
Luke 12:47	καὶ	καί	C-	--------
Luke 12:47	μὴ	μή	D-	--------
Luke 12:47	ἑτοιμάσας	ἑτοιμάζω	V-	-AAPNSM-
Luke 12:47	ἢ	ἤ	C-	--------
Luke 12:47	ποιήσας	ποιέω	V-	-AAPNSM-
Luke 12:47	πρὸς	πρός	P-	--------
Luke 12:47	τὸ	ὁ	RA	----ASN-
Luke 12:47	θέλημα	θέλημα	N-	----ASN-
Luke 12:47	αὐτοῦ	αὐτός	RP	----GSM-
Luke 12:47	δαρήσεται	δέρω	V-	3FPI-S--
Luke 12:47	πολλάς	πολύς	A-	----APF-
Luke 12:48	ὁ	ὁ	RA	----NSM-
Luke 12:48	δὲ	δέ	C-	--------
Luke 12:48	μὴ	μή	D-	--------
Luke 12:48	γνοὺς	γινώσκω	V-	-AAPNSM-
Luke 12:48	ποιήσας	ποιέω	V-	-AAPNSM-
Luke 12:48	δὲ	δέ	C-	--------
Luke 12:48	ἄξια	ἄξιος	A-	----APN-
Luke 12:48	πληγῶν	πληγή	N-	----GPF-
Luke 12:48	δαρήσεται	δέρω	V-	3FPI-S--
Luke 12:48	ὀλίγας	ὀλίγος	A-	----APF-
Luke 12:48	παντὶ	πᾶς	A-	----DSM-
Luke 12:48	δὲ	δέ	C-	--------
Luke 12:48	ᾧ	ὅς	RR	----DSM-
Luke 12:48	ἐδόθη	δίδωμι	V-	3API-S--
Luke 12:48	πολύ	πολύς	A-	----NSN-
Luke 12:48	πολὺ	πολύς	A-	----NSN-
Luke 12:48	ζητηθήσεται	ζητέω	V-	3FPI-S--
Luke 12:48	παρ’	παρά	P-	--------
Luke 12:48	αὐτοῦ	αὐτός	RP	----GSM-
Luke 12:48	καὶ	καί	C-	--------
Luke 12:48	ᾧ	ὅς	RR	----DSM-
Luke 12:48	παρέθεντο	παρατίθημι	V-	3AMI-P--
Luke 12:48	πολύ	πολύς	A-	----ASN-
Luke 12:48	περισσότερον	περισσότερος	A-	----ASNC
Luke 12:48	αἰτήσουσιν	αἰτέω	V-	3FAI-P--
Luke 12:48	αὐτόν	αὐτός	RP	----ASM-
Luke 12:49	Πῦρ	πῦρ	N-	----ASN-
Luke 12:49	ἦλθον	ἔρχομαι	V-	1AAI-S--
Luke 12:49	βαλεῖν	βάλλω	V-	-AAN----
Luke 12:49	ἐπὶ	ἐπί	P-	--------
Luke 12:49	τὴν	ὁ	RA	----ASF-
Luke 12:49	γῆν	γῆ	N-	----ASF-
Luke 12:49	καὶ	καί	C-	--------
Luke 12:49	τί	τίς	RI	----ASN-
Luke 12:49	θέλω	θέλω	V-	1PAI-S--
Luke 12:49	εἰ	εἰ	C-	--------
Luke 12:49	ἤδη	ἤδη	D-	--------
Luke 12:49	ἀνήφθη	ἀνάπτω	V-	3API-S--
Luke 12:50	βάπτισμα	βάπτισμα	N-	----ASN-
Luke 12:50	δὲ	δέ	C-	--------
Luke 12:50	ἔχω	ἔχω	V-	1PAI-S--
Luke 12:50	βαπτισθῆναι	βαπτίζω	V-	-APN----
Luke 12:50	καὶ	καί	C-	--------
Luke 12:50	πῶς	πῶς	D-	--------
Luke 12:50	συνέχομαι	συνέχω	V-	1PPI-S--
Luke 12:50	ἕως	ἕως	P-	--------
Luke 12:50	ὅτου	ὅστις	RR	----GSM-
Luke 12:50	τελεσθῇ	τελέω	V-	3APS-S--
Luke 12:51	δοκεῖτε	δοκέω	V-	2PAI-P--
Luke 12:51	ὅτι	ὅτι	C-	--------
Luke 12:51	εἰρήνην	εἰρήνη	N-	----ASF-
Luke 12:51	παρεγενόμην	παραγίνομαι	V-	1AMI-S--
Luke 12:51	δοῦναι	δίδωμι	V-	-AAN----
Luke 12:51	ἐν	ἐν	P-	--------
Luke 12:51	τῇ	ὁ	RA	----DSF-
Luke 12:51	γῇ	γῆ	N-	----DSF-
Luke 12:51	οὐχί	οὐχί	D-	--------
Luke 12:51	λέγω	λέγω	V-	1PAI-S--
Luke 12:51	ὑμῖν	σύ	RP	----DP--
Luke 12:51	ἀλλ’	ἀλλά	C-	--------
Luke 12:51	ἢ	ἤ	C-	--------
Luke 12:51	διαμερισμόν	διαμερισμός	N-	----ASM-
Luke 12:52	ἔσονται	εἰμί	V-	3FMI-P--
Luke 12:52	γὰρ	γάρ	C-	--------
Luke 12:52	ἀπὸ	ἀπό	P-	--------
Luke 12:52	τοῦ	ὁ	RA	----GSM-
Luke 12:52	νῦν	νῦν	D-	--------
Luke 12:52	πέντε	πέντε	A-	----NPM-
Luke 12:52	ἐν	ἐν	P-	--------
Luke 12:52	ἑνὶ	εἷς	A-	----DSM-
Luke 12:52	οἴκῳ	οἶκος	N-	----DSM-
Luke 12:52	διαμεμερισμένοι	διαμερίζω	V-	-XPPNPM-
Luke 12:52	τρεῖς	τρεῖς	A-	----NPM-
Luke 12:52	ἐπὶ	ἐπί	P-	--------
Luke 12:52	δυσὶν	δύο	A-	----DPM-
Luke 12:52	καὶ	καί	C-	--------
Luke 12:52	δύο	δύο	A-	----NPM-
Luke 12:52	ἐπὶ	ἐπί	P-	--------
Luke 12:52	τρισίν	τρεῖς	A-	----DPM-
Luke 12:53	διαμερισθήσονται	διαμερίζω	V-	3FPI-P--
Luke 12:53	πατὴρ	πατήρ	N-	----NSM-
Luke 12:53	ἐπὶ	ἐπί	P-	--------
Luke 12:53	υἱῷ	υἱός	N-	----DSM-
Luke 12:53	καὶ	καί	C-	--------
Luke 12:53	υἱὸς	υἱός	N-	----NSM-
Luke 12:53	ἐπὶ	ἐπί	P-	--------
Luke 12:53	πατρί	πατήρ	N-	----DSM-
Luke 12:53	μήτηρ	μήτηρ	N-	----NSF-
Luke 12:53	ἐπὶ	ἐπί	P-	--------
Luke 12:53	θυγατέρα	θυγάτηρ	N-	----ASF-
Luke 12:53	καὶ	καί	C-	--------
Luke 12:53	θυγάτηρ	θυγάτηρ	N-	----NSF-
Luke 12:53	ἐπὶ	ἐπί	P-	--------
Luke 12:53	τὴν	ὁ	RA	----ASF-
Luke 12:53	μητέρα	μήτηρ	N-	----ASF-
Luke 12:53	πενθερὰ	πενθερά	N-	----NSF-
Luke 12:53	ἐπὶ	ἐπί	P-	--------
Luke 12:53	τὴν	ὁ	RA	----ASF-
Luke 12:53	νύμφην	νύμφη	N-	----ASF-
Luke 12:53	αὐτῆς	αὐτός	RP	----GSF-
Luke 12:53	καὶ	καί	C-	--------
Luke 12:53	νύμφη	νύμφη	N-	----NSF-
Luke 12:53	ἐπὶ	ἐπί	P-	--------
Luke 12:53	τὴν	ὁ	RA	----ASF-
Luke 12:53	πενθεράν	πενθερά	N-	----ASF-
Luke 12:54	Ἔλεγεν	λέγω	V-	3IAI-S--
Luke 12:54	δὲ	δέ	C-	--------
Luke 12:54	καὶ	καί	D-	--------
Luke 12:54	τοῖς	ὁ	RA	----DPM-
Luke 12:54	ὄχλοις	ὄχλος	N-	----DPM-
Luke 12:54	Ὅταν	ὅταν	C-	--------
Luke 12:54	ἴδητε	ὁράω	V-	2AAS-P--
Luke 12:54	νεφέλην	νεφέλη	N-	----ASF-
Luke 12:54	ἀνατέλλουσαν	ἀνατέλλω	V-	-PAPASF-
Luke 12:54	ἐπὶ	ἐπί	P-	--------
Luke 12:54	δυσμῶν	δυσμή	N-	----GPF-
Luke 12:54	εὐθέως	εὐθέως	D-	--------
Luke 12:54	λέγετε	λέγω	V-	2PAI-P--
Luke 12:54	ὅτι	ὅτι	C-	--------
Luke 12:54	Ὄμβρος	ὄμβρος	N-	----NSM-
Luke 12:54	ἔρχεται	ἔρχομαι	V-	3PMI-S--
Luke 12:54	καὶ	καί	C-	--------
Luke 12:54	γίνεται	γίνομαι	V-	3PMI-S--
Luke 12:54	οὕτως	οὕτω(ς)	D-	--------
Luke 12:55	καὶ	καί	C-	--------
Luke 12:55	ὅταν	ὅταν	C-	--------
Luke 12:55	νότον	νότος	N-	----ASM-
Luke 12:55	πνέοντα	πνέω	V-	-PAPASM-
Luke 12:55	λέγετε	λέγω	V-	2PAI-P--
Luke 12:55	ὅτι	ὅτι	C-	--------
Luke 12:55	Καύσων	καύσων	N-	----NSM-
Luke 12:55	ἔσται	εἰμί	V-	3FMI-S--
Luke 12:55	καὶ	καί	C-	--------
Luke 12:55	γίνεται	γίνομαι	V-	3PMI-S--
Luke 12:56	ὑποκριταί	ὑποκριτής	N-	----VPM-
Luke 12:56	τὸ	ὁ	RA	----ASN-
Luke 12:56	πρόσωπον	πρόσωπον	N-	----ASN-
Luke 12:56	τῆς	ὁ	RA	----GSF-
Luke 12:56	γῆς	γῆ	N-	----GSF-
Luke 12:56	καὶ	καί	C-	--------
Luke 12:56	τοῦ	ὁ	RA	----GSM-
Luke 12:56	οὐρανοῦ	οὐρανός	N-	----GSM-
Luke 12:56	οἴδατε	οἶδα	V-	2XAI-P--
Luke 12:56	δοκιμάζειν	δοκιμάζω	V-	-PAN----
Luke 12:56	τὸν	ὁ	RA	----ASM-
Luke 12:56	δὲ	δέ	C-	--------
Luke 12:56	καιρὸν	καιρός	N-	----ASM-
Luke 12:56	τοῦτον	οὗτος	RD	----ASM-
Luke 12:56	πῶς	πῶς	D-	--------
Luke 12:56	οὐκ	οὐ	D-	--------
Luke 12:56	οἴδατε	οἶδα	V-	2XAI-P--
Luke 12:56	δοκιμάζειν	δοκιμάζω	V-	-PAN----
Luke 12:57	Τί	τίς	RI	----ASN-
Luke 12:57	δὲ	δέ	C-	--------
Luke 12:57	καὶ	καί	D-	--------
Luke 12:57	ἀφ’	ἀπό	P-	--------
Luke 12:57	ἑαυτῶν	ἑαυτοῦ	RP	----GPM-
Luke 12:57	οὐ	οὐ	D-	--------
Luke 12:57	κρίνετε	κρίνω	V-	2PAI-P--
Luke 12:57	τὸ	ὁ	RA	----ASN-
Luke 12:57	δίκαιον	δίκαιος	A-	----ASN-
Luke 12:58	ὡς	ὡς	C-	--------
Luke 12:58	γὰρ	γάρ	C-	--------
Luke 12:58	ὑπάγεις	ὑπάγω	V-	2PAI-S--
Luke 12:58	μετὰ	μετά	P-	--------
Luke 12:58	τοῦ	ὁ	RA	----GSM-
Luke 12:58	ἀντιδίκου	ἀντίδικος	N-	----GSM-
Luke 12:58	σου	σύ	RP	----GS--
Luke 12:58	ἐπ’	ἐπί	P-	--------
Luke 12:58	ἄρχοντα	ἄρχων	N-	----ASM-
Luke 12:58	ἐν	ἐν	P-	--------
Luke 12:58	τῇ	ὁ	RA	----DSF-
Luke 12:58	ὁδῷ	ὁδός	N-	----DSF-
Luke 12:58	δὸς	δίδωμι	V-	2AAD-S--
Luke 12:58	ἐργασίαν	ἐργασία	N-	----ASF-
Luke 12:58	ἀπηλλάχθαι	ἀπαλλάσσω	V-	-XPN----
Luke 12:58	ἀπ’	ἀπό	P-	--------
Luke 12:58	αὐτοῦ	αὐτός	RP	----GSM-
Luke 12:58	μήποτε	μήποτε	C-	--------
Luke 12:58	κατασύρῃ	κατασύρω	V-	3PAS-S--
Luke 12:58	σε	σύ	RP	----AS--
Luke 12:58	πρὸς	πρός	P-	--------
Luke 12:58	τὸν	ὁ	RA	----ASM-
Luke 12:58	κριτήν	κριτής	N-	----ASM-
Luke 12:58	καὶ	καί	C-	--------
Luke 12:58	ὁ	ὁ	RA	----NSM-
Luke 12:58	κριτής	κριτής	N-	----NSM-
Luke 12:58	σε	σύ	RP	----AS--
Luke 12:58	παραδώσει	παραδίδωμι	V-	3FAI-S--
Luke 12:58	τῷ	ὁ	RA	----DSM-
Luke 12:58	πράκτορι	πράκτωρ	N-	----DSM-
Luke 12:58	καὶ	καί	C-	--------
Luke 12:58	ὁ	ὁ	RA	----NSM-
Luke 12:58	πράκτωρ	πράκτωρ	N-	----NSM-
Luke 12:58	σε	σύ	RP	----AS--
Luke 12:58	βαλεῖ	βάλλω	V-	3FAI-S--
Luke 12:58	εἰς	εἰς	P-	--------
Luke 12:58	φυλακήν	φυλακή	N-	----ASF-
Luke 12:59	λέγω	λέγω	V-	1PAI-S--
Luke 12:59	σοι	σύ	RP	----DS--
Luke 12:59	οὐ	οὐ	D-	--------
Luke 12:59	μὴ	μή	D-	--------
Luke 12:59	ἐξέλθῃς	ἐξέρχομαι	V-	2AAS-S--
Luke 12:59	ἐκεῖθεν	ἐκεῖθεν	D-	--------
Luke 12:59	ἕως	ἕως	C-	--------
Luke 12:59	καὶ	καί	D-	--------
Luke 12:59	τὸ	ὁ	RA	----ASN-
Luke 12:59	ἔσχατον	ἔσχατος	A-	----ASN-
Luke 12:59	λεπτὸν	λεπτόν	A-	----ASN-
Luke 12:59	ἀποδῷς	ἀποδίδωμι	V-	2AAS-S--
Luke 13:1	Παρῆσαν	πάρειμι	V-	3IAI-P--
Luke 13:1	δέ	δέ	C-	--------
Luke 13:1	τινες	τις	RI	----NPM-
Luke 13:1	ἐν	ἐν	P-	--------
Luke 13:1	αὐτῷ	αὐτός	RP	----DSM-
Luke 13:1	τῷ	ὁ	RA	----DSM-
Luke 13:1	καιρῷ	καιρός	N-	----DSM-
Luke 13:1	ἀπαγγέλλοντες	ἀπαγγέλλω	V-	-PAPNPM-
Luke 13:1	αὐτῷ	αὐτός	RP	----DSM-
Luke 13:1	περὶ	περί	P-	--------
Luke 13:1	τῶν	ὁ	RA	----GPM-
Luke 13:1	Γαλιλαίων	Γαλιλαῖος	A-	----GPM-
Luke 13:1	ὧν	ὅς	RR	----GPM-
Luke 13:1	τὸ	ὁ	RA	----ASN-
Luke 13:1	αἷμα	αἷμα	N-	----ASN-
Luke 13:1	Πιλᾶτος	Πιλᾶτος	N-	----NSM-
Luke 13:1	ἔμιξεν	μίγνυμι	V-	3AAI-S--
Luke 13:1	μετὰ	μετά	P-	--------
Luke 13:1	τῶν	ὁ	RA	----GPF-
Luke 13:1	θυσιῶν	θυσία	N-	----GPF-
Luke 13:1	αὐτῶν	αὐτός	RP	----GPM-
Luke 13:2	καὶ	καί	C-	--------
Luke 13:2	ἀποκριθεὶς	ἀποκρίνομαι	V-	-APPNSM-
Luke 13:2	εἶπεν	λέγω	V-	3AAI-S--
Luke 13:2	αὐτοῖς	αὐτός	RP	----DPM-
Luke 13:2	Δοκεῖτε	δοκέω	V-	2PAI-P--
Luke 13:2	ὅτι	ὅτι	C-	--------
Luke 13:2	οἱ	ὁ	RA	----NPM-
Luke 13:2	Γαλιλαῖοι	Γαλιλαῖος	A-	----NPM-
Luke 13:2	οὗτοι	οὗτος	RD	----NPM-
Luke 13:2	ἁμαρτωλοὶ	ἁμαρτωλός	A-	----NPM-
Luke 13:2	παρὰ	παρά	P-	--------
Luke 13:2	πάντας	πᾶς	A-	----APM-
Luke 13:2	τοὺς	ὁ	RA	----APM-
Luke 13:2	Γαλιλαίους	Γαλιλαῖος	A-	----APM-
Luke 13:2	ἐγένοντο	γίνομαι	V-	3AMI-P--
Luke 13:2	ὅτι	ὅτι	C-	--------
Luke 13:2	ταῦτα	οὗτος	RD	----APN-
Luke 13:2	πεπόνθασιν	πάσχω	V-	3XAI-P--
Luke 13:3	οὐχί	οὐχί	D-	--------
Luke 13:3	λέγω	λέγω	V-	1PAI-S--
Luke 13:3	ὑμῖν	σύ	RP	----DP--
Luke 13:3	ἀλλ’	ἀλλά	C-	--------
Luke 13:3	ἐὰν	ἐάν	C-	--------
Luke 13:3	μὴ	μή	D-	--------
Luke 13:3	μετανοῆτε	μετανοέω	V-	2PAS-P--
Luke 13:3	πάντες	πᾶς	A-	----NPM-
Luke 13:3	ὁμοίως	ὁμοίως	D-	--------
Luke 13:3	ἀπολεῖσθε	ἀπόλλυμι	V-	2FMI-P--
Luke 13:4	ἢ	ἤ	C-	--------
Luke 13:4	ἐκεῖνοι	ἐκεῖνος	RD	----NPM-
Luke 13:4	οἱ	ὁ	RA	----NPM-
Luke 13:4	δεκαοκτὼ	δεκαοκτώ	A-	----NPM-
Luke 13:4	ἐφ’	ἐπί	P-	--------
Luke 13:4	οὓς	ὅς	RR	----APM-
Luke 13:4	ἔπεσεν	πίπτω	V-	3AAI-S--
Luke 13:4	ὁ	ὁ	RA	----NSM-
Luke 13:4	πύργος	πύργος	N-	----NSM-
Luke 13:4	ἐν	ἐν	P-	--------
Luke 13:4	τῷ	ὁ	RA	----DSM-
Luke 13:4	Σιλωὰμ	Σιλωάμ	N-	----DSM-
Luke 13:4	καὶ	καί	C-	--------
Luke 13:4	ἀπέκτεινεν	ἀποκτείνω	V-	3AAI-S--
Luke 13:4	αὐτούς	αὐτός	RP	----APM-
Luke 13:4	δοκεῖτε	δοκέω	V-	2PAI-P--
Luke 13:4	ὅτι	ὅτι	C-	--------
Luke 13:4	αὐτοὶ	αὐτός	RP	----NPM-
Luke 13:4	ὀφειλέται	ὀφειλέτης	N-	----NPM-
Luke 13:4	ἐγένοντο	γίνομαι	V-	3AMI-P--
Luke 13:4	παρὰ	παρά	P-	--------
Luke 13:4	πάντας	πᾶς	A-	----APM-
Luke 13:4	τοὺς	ὁ	RA	----APM-
Luke 13:4	ἀνθρώπους	ἄνθρωπος	N-	----APM-
Luke 13:4	τοὺς	ὁ	RA	----APM-
Luke 13:4	κατοικοῦντας	κατοικέω	V-	-PAPAPM-
Luke 13:4	Ἰερουσαλήμ	Ἰερουσαλήμ	N-	----ASF-
Luke 13:5	οὐχί	οὐχί	D-	--------
Luke 13:5	λέγω	λέγω	V-	1PAI-S--
Luke 13:5	ὑμῖν	σύ	RP	----DP--
Luke 13:5	ἀλλ’	ἀλλά	C-	--------
Luke 13:5	ἐὰν	ἐάν	C-	--------
Luke 13:5	μὴ	μή	D-	--------
Luke 13:5	μετανοῆτε	μετανοέω	V-	2PAS-P--
Luke 13:5	πάντες	πᾶς	A-	----NPM-
Luke 13:5	ὡσαύτως	ὡσαύτως	D-	--------
Luke 13:5	ἀπολεῖσθε	ἀπόλλυμι	V-	2FMI-P--
Luke 13:6	Ἔλεγεν	λέγω	V-	3IAI-S--
Luke 13:6	δὲ	δέ	C-	--------
Luke 13:6	ταύτην	οὗτος	RD	----ASF-
Luke 13:6	τὴν	ὁ	RA	----ASF-
Luke 13:6	παραβολήν	παραβολή	N-	----ASF-
Luke 13:6	Συκῆν	συκῆ	N-	----ASF-
Luke 13:6	εἶχέν	ἔχω	V-	3IAI-S--
Luke 13:6	τις	τις	RI	----NSM-
Luke 13:6	πεφυτευμένην	φυτεύω	V-	-XPPASF-
Luke 13:6	ἐν	ἐν	P-	--------
Luke 13:6	τῷ	ὁ	RA	----DSM-
Luke 13:6	ἀμπελῶνι	ἀμπελών	N-	----DSM-
Luke 13:6	αὐτοῦ	αὐτός	RP	----GSM-
Luke 13:6	καὶ	καί	C-	--------
Luke 13:6	ἦλθεν	ἔρχομαι	V-	3AAI-S--
Luke 13:6	ζητῶν	ζητέω	V-	-PAPNSM-
Luke 13:6	καρπὸν	καρπός	N-	----ASM-
Luke 13:6	ἐν	ἐν	P-	--------
Luke 13:6	αὐτῇ	αὐτός	RP	----DSF-
Luke 13:6	καὶ	καί	C-	--------
Luke 13:6	οὐχ	οὐ	D-	--------
Luke 13:6	εὗρεν	εὑρίσκω	V-	3AAI-S--
Luke 13:7	εἶπεν	λέγω	V-	3AAI-S--
Luke 13:7	δὲ	δέ	C-	--------
Luke 13:7	πρὸς	πρός	P-	--------
Luke 13:7	τὸν	ὁ	RA	----ASM-
Luke 13:7	ἀμπελουργόν	ἀμπελουργός	N-	----ASM-
Luke 13:7	Ἰδοὺ	ἰδού	X-	--------
Luke 13:7	τρία	τρεῖς	A-	----APN-
Luke 13:7	ἔτη	ἔτος	N-	----APN-
Luke 13:7	ἀφ’	ἀπό	P-	--------
Luke 13:7	οὗ	ὅς	RR	----GSM-
Luke 13:7	ἔρχομαι	ἔρχομαι	V-	1PMI-S--
Luke 13:7	ζητῶν	ζητέω	V-	-PAPNSM-
Luke 13:7	καρπὸν	καρπός	N-	----ASM-
Luke 13:7	ἐν	ἐν	P-	--------
Luke 13:7	τῇ	ὁ	RA	----DSF-
Luke 13:7	συκῇ	συκῆ	N-	----DSF-
Luke 13:7	ταύτῃ	οὗτος	RD	----DSF-
Luke 13:7	καὶ	καί	C-	--------
Luke 13:7	οὐχ	οὐ	D-	--------
Luke 13:7	εὑρίσκω	εὑρίσκω	V-	1PAI-S--
Luke 13:7	ἔκκοψον	ἐκκόπτω	V-	2AAD-S--
Luke 13:7	αὐτήν	αὐτός	RP	----ASF-
Luke 13:7	ἱνατί	ἱνατί	D-	--------
Luke 13:7	καὶ	καί	D-	--------
Luke 13:7	τὴν	ὁ	RA	----ASF-
Luke 13:7	γῆν	γῆ	N-	----ASF-
Luke 13:7	καταργεῖ	καταργέω	V-	3PAI-S--
Luke 13:8	ὁ	ὁ	RA	----NSM-
Luke 13:8	δὲ	δέ	C-	--------
Luke 13:8	ἀποκριθεὶς	ἀποκρίνομαι	V-	-APPNSM-
Luke 13:8	λέγει	λέγω	V-	3PAI-S--
Luke 13:8	αὐτῷ	αὐτός	RP	----DSM-
Luke 13:8	Κύριε	κύριος	N-	----VSM-
Luke 13:8	ἄφες	ἀφίημι	V-	2AAD-S--
Luke 13:8	αὐτὴν	αὐτός	RP	----ASF-
Luke 13:8	καὶ	καί	D-	--------
Luke 13:8	τοῦτο	οὗτος	RD	----ASN-
Luke 13:8	τὸ	ὁ	RA	----ASN-
Luke 13:8	ἔτος	ἔτος	N-	----ASN-
Luke 13:8	ἕως	ἕως	P-	--------
Luke 13:8	ὅτου	ὅστις	RR	----GSM-
Luke 13:8	σκάψω	σκάπτω	V-	1AAS-S--
Luke 13:8	περὶ	περί	P-	--------
Luke 13:8	αὐτὴν	αὐτός	RP	----ASF-
Luke 13:8	καὶ	καί	C-	--------
Luke 13:8	βάλω	βάλλω	V-	1AAS-S--
Luke 13:8	κόπρια	κόπριον	N-	----APN-
Luke 13:9	κἂν	κἄν	C-	--------
Luke 13:9	μὲν	μέν	C-	--------
Luke 13:9	ποιήσῃ	ποιέω	V-	3AAS-S--
Luke 13:9	καρπὸν	καρπός	N-	----ASM-
Luke 13:9	εἰς	εἰς	P-	--------
Luke 13:9	τὸ	ὁ	RA	----ASN-
Luke 13:9	μέλλον	μέλλω	V-	-PAPASN-
Luke 13:9	εἰ	εἰ	C-	--------
Luke 13:9	δὲ	δέ	C-	--------
Luke 13:9	μήγε	μήγε	D-	--------
Luke 13:9	ἐκκόψεις	ἐκκόπτω	V-	2FAI-S--
Luke 13:9	αὐτήν	αὐτός	RP	----ASF-
Luke 13:10	Ἦν	εἰμί	V-	3IAI-S--
Luke 13:10	δὲ	δέ	C-	--------
Luke 13:10	διδάσκων	διδάσκω	V-	-PAPNSM-
Luke 13:10	ἐν	ἐν	P-	--------
Luke 13:10	μιᾷ	εἷς	A-	----DSF-
Luke 13:10	τῶν	ὁ	RA	----GPF-
Luke 13:10	συναγωγῶν	συναγωγή	N-	----GPF-
Luke 13:10	ἐν	ἐν	P-	--------
Luke 13:10	τοῖς	ὁ	RA	----DPN-
Luke 13:10	σάββασιν	σάββατον	N-	----DPN-
Luke 13:11	καὶ	καί	C-	--------
Luke 13:11	ἰδοὺ	ἰδού	X-	--------
Luke 13:11	γυνὴ	γυνή	N-	----NSF-
Luke 13:11	πνεῦμα	πνεῦμα	N-	----ASN-
Luke 13:11	ἔχουσα	ἔχω	V-	-PAPNSF-
Luke 13:11	ἀσθενείας	ἀσθένεια	N-	----GSF-
Luke 13:11	ἔτη	ἔτος	N-	----APN-
Luke 13:11	δεκαοκτώ	δεκαοκτώ	A-	----APN-
Luke 13:11	καὶ	καί	C-	--------
Luke 13:11	ἦν	εἰμί	V-	3IAI-S--
Luke 13:11	συγκύπτουσα	συγκύπτω	V-	-PAPNSF-
Luke 13:11	καὶ	καί	C-	--------
Luke 13:11	μὴ	μή	D-	--------
Luke 13:11	δυναμένη	δύναμαι	V-	-PMPNSF-
Luke 13:11	ἀνακύψαι	ἀνακύπτω	V-	-AAN----
Luke 13:11	εἰς	εἰς	P-	--------
Luke 13:11	τὸ	ὁ	RA	----ASN-
Luke 13:11	παντελές	παντελής	A-	----ASN-
Luke 13:12	ἰδὼν	ὁράω	V-	-AAPNSM-
Luke 13:12	δὲ	δέ	C-	--------
Luke 13:12	αὐτὴν	αὐτός	RP	----ASF-
Luke 13:12	ὁ	ὁ	RA	----NSM-
Luke 13:12	Ἰησοῦς	Ἰησοῦς	N-	----NSM-
Luke 13:12	προσεφώνησεν	προσφωνέω	V-	3AAI-S--
Luke 13:12	καὶ	καί	C-	--------
Luke 13:12	εἶπεν	λέγω	V-	3AAI-S--
Luke 13:12	αὐτῇ	αὐτός	RP	----DSF-
Luke 13:12	Γύναι	γυνή	N-	----VSF-
Luke 13:12	ἀπολέλυσαι	ἀπολύω	V-	2XPI-S--
Luke 13:12	τῆς	ὁ	RA	----GSF-
Luke 13:12	ἀσθενείας	ἀσθένεια	N-	----GSF-
Luke 13:12	σου	σύ	RP	----GS--
Luke 13:13	καὶ	καί	C-	--------
Luke 13:13	ἐπέθηκεν	ἐπιτίθημι	V-	3AAI-S--
Luke 13:13	αὐτῇ	αὐτός	RP	----DSF-
Luke 13:13	τὰς	ὁ	RA	----APF-
Luke 13:13	χεῖρας	χείρ	N-	----APF-
Luke 13:13	καὶ	καί	C-	--------
Luke 13:13	παραχρῆμα	παραχρῆμα	D-	--------
Luke 13:13	ἀνωρθώθη	ἀνορθόω	V-	3API-S--
Luke 13:13	καὶ	καί	C-	--------
Luke 13:13	ἐδόξαζεν	δοξάζω	V-	3IAI-S--
Luke 13:13	τὸν	ὁ	RA	----ASM-
Luke 13:13	θεόν	θεός	N-	----ASM-
Luke 13:14	ἀποκριθεὶς	ἀποκρίνομαι	V-	-APPNSM-
Luke 13:14	δὲ	δέ	C-	--------
Luke 13:14	ὁ	ὁ	RA	----NSM-
Luke 13:14	ἀρχισυνάγωγος	ἀρχισυνάγωγος	N-	----NSM-
Luke 13:14	ἀγανακτῶν	ἀγανακτέω	V-	-PAPNSM-
Luke 13:14	ὅτι	ὅτι	C-	--------
Luke 13:14	τῷ	ὁ	RA	----DSN-
Luke 13:14	σαββάτῳ	σάββατον	N-	----DSN-
Luke 13:14	ἐθεράπευσεν	θεραπεύω	V-	3AAI-S--
Luke 13:14	ὁ	ὁ	RA	----NSM-
Luke 13:14	Ἰησοῦς	Ἰησοῦς	N-	----NSM-
Luke 13:14	ἔλεγεν	λέγω	V-	3IAI-S--
Luke 13:14	τῷ	ὁ	RA	----DSM-
Luke 13:14	ὄχλῳ	ὄχλος	N-	----DSM-
Luke 13:14	ὅτι	ὅτι	C-	--------
Luke 13:14	Ἓξ	ἕξ	A-	----NPF-
Luke 13:14	ἡμέραι	ἡμέρα	N-	----NPF-
Luke 13:14	εἰσὶν	εἰμί	V-	3PAI-P--
Luke 13:14	ἐν	ἐν	P-	--------
Luke 13:14	αἷς	ὅς	RR	----DPF-
Luke 13:14	δεῖ	δέω	V-	3PAI-S--
Luke 13:14	ἐργάζεσθαι	ἐργάζομαι	V-	-PMN----
Luke 13:14	ἐν	ἐν	P-	--------
Luke 13:14	αὐταῖς	αὐτός	RP	----DPF-
Luke 13:14	οὖν	οὖν	C-	--------
Luke 13:14	ἐρχόμενοι	ἔρχομαι	V-	-PMPNPM-
Luke 13:14	θεραπεύεσθε	θεραπεύω	V-	2PPD-P--
Luke 13:14	καὶ	καί	C-	--------
Luke 13:14	μὴ	μή	D-	--------
Luke 13:14	τῇ	ὁ	RA	----DSF-
Luke 13:14	ἡμέρᾳ	ἡμέρα	N-	----DSF-
Luke 13:14	τοῦ	ὁ	RA	----GSN-
Luke 13:14	σαββάτου	σάββατον	N-	----GSN-
Luke 13:15	ἀπεκρίθη	ἀποκρίνομαι	V-	3API-S--
Luke 13:15	δὲ	δέ	C-	--------
Luke 13:15	αὐτῷ	αὐτός	RP	----DSM-
Luke 13:15	ὁ	ὁ	RA	----NSM-
Luke 13:15	κύριος	κύριος	N-	----NSM-
Luke 13:15	καὶ	καί	C-	--------
Luke 13:15	εἶπεν	λέγω	V-	3AAI-S--
Luke 13:15	Ὑποκριταί	ὑποκριτής	N-	----VPM-
Luke 13:15	ἕκαστος	ἕκαστος	A-	----NSM-
Luke 13:15	ὑμῶν	σύ	RP	----GP--
Luke 13:15	τῷ	ὁ	RA	----DSN-
Luke 13:15	σαββάτῳ	σάββατον	N-	----DSN-
Luke 13:15	οὐ	οὐ	X-	--------
Luke 13:15	λύει	λύω	V-	3PAI-S--
Luke 13:15	τὸν	ὁ	RA	----ASM-
Luke 13:15	βοῦν	βοῦς	N-	----ASM-
Luke 13:15	αὐτοῦ	αὐτός	RP	----GSM-
Luke 13:15	ἢ	ἤ	C-	--------
Luke 13:15	τὸν	ὁ	RA	----ASM-
Luke 13:15	ὄνον	ὄνος	N-	----ASM-
Luke 13:15	ἀπὸ	ἀπό	P-	--------
Luke 13:15	τῆς	ὁ	RA	----GSF-
Luke 13:15	φάτνης	φάτνη	N-	----GSF-
Luke 13:15	καὶ	καί	C-	--------
Luke 13:15	ἀπαγαγὼν	ἀπάγω	V-	-AAPNSM-
Luke 13:15	ποτίζει	ποτίζω	V-	3PAI-S--
Luke 13:16	ταύτην	οὗτος	RD	----ASF-
Luke 13:16	δὲ	δέ	C-	--------
Luke 13:16	θυγατέρα	θυγάτηρ	N-	----ASF-
Luke 13:16	Ἀβραὰμ	Ἀβραάμ	N-	----GSM-
Luke 13:16	οὖσαν	εἰμί	V-	-PAPASF-
Luke 13:16	ἣν	ὅς	RR	----ASF-
Luke 13:16	ἔδησεν	δέω	V-	3AAI-S--
Luke 13:16	ὁ	ὁ	RA	----NSM-
Luke 13:16	Σατανᾶς	Σατανᾶς	N-	----NSM-
Luke 13:16	ἰδοὺ	ἰδού	X-	--------
Luke 13:16	δέκα	δέκα	A-	----APN-
Luke 13:16	καὶ	καί	C-	--------
Luke 13:16	ὀκτὼ	ὀκτώ	A-	----APN-
Luke 13:16	ἔτη	ἔτος	N-	----APN-
Luke 13:16	οὐκ	οὐ	X-	--------
Luke 13:16	ἔδει	δέω	V-	3IAI-S--
Luke 13:16	λυθῆναι	λύω	V-	-APN----
Luke 13:16	ἀπὸ	ἀπό	P-	--------
Luke 13:16	τοῦ	ὁ	RA	----GSM-
Luke 13:16	δεσμοῦ	δεσμός	N-	----GSM-
Luke 13:16	τούτου	οὗτος	RD	----GSM-
Luke 13:16	τῇ	ὁ	RA	----DSF-
Luke 13:16	ἡμέρᾳ	ἡμέρα	N-	----DSF-
Luke 13:16	τοῦ	ὁ	RA	----GSN-
Luke 13:16	σαββάτου	σάββατον	N-	----GSN-
Luke 13:17	καὶ	καί	C-	--------
Luke 13:17	ταῦτα	οὗτος	RD	----APN-
Luke 13:17	λέγοντος	λέγω	V-	-PAPGSM-
Luke 13:17	αὐτοῦ	αὐτός	RP	----GSM-
Luke 13:17	κατῃσχύνοντο	καταισχύνω	V-	3IPI-P--
Luke 13:17	πάντες	πᾶς	A-	----NPM-
Luke 13:17	οἱ	ὁ	RA	----NPM-
Luke 13:17	ἀντικείμενοι	ἀντίκειμαι	V-	-PMPNPM-
Luke 13:17	αὐτῷ	αὐτός	RP	----DSM-
Luke 13:17	καὶ	καί	C-	--------
Luke 13:17	πᾶς	πᾶς	A-	----NSM-
Luke 13:17	ὁ	ὁ	RA	----NSM-
Luke 13:17	ὄχλος	ὄχλος	N-	----NSM-
Luke 13:17	ἔχαιρεν	χαίρω	V-	3IAI-S--
Luke 13:17	ἐπὶ	ἐπί	P-	--------
Luke 13:17	πᾶσιν	πᾶς	A-	----DPN-
Luke 13:17	τοῖς	ὁ	RA	----DPN-
Luke 13:17	ἐνδόξοις	ἔνδοξος	A-	----DPN-
Luke 13:17	τοῖς	ὁ	RA	----DPN-
Luke 13:17	γινομένοις	γίνομαι	V-	-PMPDPN-
Luke 13:17	ὑπ’	ὑπό	P-	--------
Luke 13:17	αὐτοῦ	αὐτός	RP	----GSM-
Luke 13:18	Ἔλεγεν	λέγω	V-	3IAI-S--
Luke 13:18	οὖν	οὖν	C-	--------
Luke 13:18	Τίνι	τίς	RI	----DSN-
Luke 13:18	ὁμοία	ὅμοιος	A-	----NSF-
Luke 13:18	ἐστὶν	εἰμί	V-	3PAI-S--
Luke 13:18	ἡ	ὁ	RA	----NSF-
Luke 13:18	βασιλεία	βασιλεία	N-	----NSF-
Luke 13:18	τοῦ	ὁ	RA	----GSM-
Luke 13:18	θεοῦ	θεός	N-	----GSM-
Luke 13:18	καὶ	καί	C-	--------
Luke 13:18	τίνι	τίς	RI	----DSN-
Luke 13:18	ὁμοιώσω	ὁμοιόω	V-	1FAI-S--
Luke 13:18	αὐτήν	αὐτός	RP	----ASF-
Luke 13:19	ὁμοία	ὅμοιος	A-	----NSF-
Luke 13:19	ἐστὶν	εἰμί	V-	3PAI-S--
Luke 13:19	κόκκῳ	κόκκος	N-	----DSM-
Luke 13:19	σινάπεως	σίναπι	N-	----GSN-
Luke 13:19	ὃν	ὅς	RR	----ASM-
Luke 13:19	λαβὼν	λαμβάνω	V-	-AAPNSM-
Luke 13:19	ἄνθρωπος	ἄνθρωπος	N-	----NSM-
Luke 13:19	ἔβαλεν	βάλλω	V-	3AAI-S--
Luke 13:19	εἰς	εἰς	P-	--------
Luke 13:19	κῆπον	κῆπος	N-	----ASM-
Luke 13:19	ἑαυτοῦ	ἑαυτοῦ	RP	----GSM-
Luke 13:19	καὶ	καί	C-	--------
Luke 13:19	ηὔξησεν	αὐξάνω	V-	3AAI-S--
Luke 13:19	καὶ	καί	C-	--------
Luke 13:19	ἐγένετο	γίνομαι	V-	3AMI-S--
Luke 13:19	εἰς	εἰς	P-	--------
Luke 13:19	δένδρον	δένδρον	N-	----ASN-
Luke 13:19	καὶ	καί	C-	--------
Luke 13:19	τὰ	ὁ	RA	----NPN-
Luke 13:19	πετεινὰ	πετεινόν	A-	----NPN-
Luke 13:19	τοῦ	ὁ	RA	----GSM-
Luke 13:19	οὐρανοῦ	οὐρανός	N-	----GSM-
Luke 13:19	κατεσκήνωσεν	κατασκηνόω	V-	3AAI-S--
Luke 13:19	ἐν	ἐν	P-	--------
Luke 13:19	τοῖς	ὁ	RA	----DPM-
Luke 13:19	κλάδοις	κλάδος	N-	----DPM-
Luke 13:19	αὐτοῦ	αὐτός	RP	----GSN-
Luke 13:20	Καὶ	καί	C-	--------
Luke 13:20	πάλιν	πάλιν	D-	--------
Luke 13:20	εἶπεν	λέγω	V-	3AAI-S--
Luke 13:20	Τίνι	τίς	RI	----DSN-
Luke 13:20	ὁμοιώσω	ὁμοιόω	V-	1FAI-S--
Luke 13:20	τὴν	ὁ	RA	----ASF-
Luke 13:20	βασιλείαν	βασιλεία	N-	----ASF-
Luke 13:20	τοῦ	ὁ	RA	----GSM-
Luke 13:20	θεοῦ	θεός	N-	----GSM-
Luke 13:21	ὁμοία	ὅμοιος	A-	----NSF-
Luke 13:21	ἐστὶν	εἰμί	V-	3PAI-S--
Luke 13:21	ζύμῃ	ζύμη	N-	----DSF-
Luke 13:21	ἣν	ὅς	RR	----ASF-
Luke 13:21	λαβοῦσα	λαμβάνω	V-	-AAPNSF-
Luke 13:21	γυνὴ	γυνή	N-	----NSF-
Luke 13:21	ἔκρυψεν	κρύπτω	V-	3AAI-S--
Luke 13:21	εἰς	εἰς	P-	--------
Luke 13:21	ἀλεύρου	ἄλευρον	N-	----GSN-
Luke 13:21	σάτα	σάτον	N-	----APN-
Luke 13:21	τρία	τρεῖς	A-	----APN-
Luke 13:21	ἕως	ἕως	P-	--------
Luke 13:21	οὗ	ὅς	RR	----GSM-
Luke 13:21	ἐζυμώθη	ζυμόω	V-	3API-S--
Luke 13:21	ὅλον	ὅλος	A-	----NSN-
Luke 13:22	Καὶ	καί	C-	--------
Luke 13:22	διεπορεύετο	διαπορεύομαι	V-	3IMI-S--
Luke 13:22	κατὰ	κατά	P-	--------
Luke 13:22	πόλεις	πόλις	N-	----APF-
Luke 13:22	καὶ	καί	C-	--------
Luke 13:22	κώμας	κώμη	N-	----APF-
Luke 13:22	διδάσκων	διδάσκω	V-	-PAPNSM-
Luke 13:22	καὶ	καί	C-	--------
Luke 13:22	πορείαν	πορεία	N-	----ASF-
Luke 13:22	ποιούμενος	ποιέω	V-	-PMPNSM-
Luke 13:22	εἰς	εἰς	P-	--------
Luke 13:22	Ἱεροσόλυμα	Ἱεροσόλυμα	N-	----APN-
Luke 13:23	εἶπεν	λέγω	V-	3AAI-S--
Luke 13:23	δέ	δέ	C-	--------
Luke 13:23	τις	τις	RI	----NSM-
Luke 13:23	αὐτῷ	αὐτός	RP	----DSM-
Luke 13:23	Κύριε	κύριος	N-	----VSM-
Luke 13:23	εἰ	εἰ	X-	--------
Luke 13:23	ὀλίγοι	ὀλίγος	A-	----NPM-
Luke 13:23	οἱ	ὁ	RA	----NPM-
Luke 13:23	σῳζόμενοι	σῴζω	V-	-PPPNPM-
Luke 13:23	ὁ	ὁ	RA	----NSM-
Luke 13:23	δὲ	δέ	C-	--------
Luke 13:23	εἶπεν	λέγω	V-	3AAI-S--
Luke 13:23	πρὸς	πρός	P-	--------
Luke 13:23	αὐτούς	αὐτός	RP	----APM-
Luke 13:24	Ἀγωνίζεσθε	ἀγωνίζομαι	V-	2PMD-P--
Luke 13:24	εἰσελθεῖν	εἰσέρχομαι	V-	-AAN----
Luke 13:24	διὰ	διά	P-	--------
Luke 13:24	τῆς	ὁ	RA	----GSF-
Luke 13:24	στενῆς	στενός	A-	----GSF-
Luke 13:24	θύρας	θύρα	N-	----GSF-
Luke 13:24	ὅτι	ὅτι	C-	--------
Luke 13:24	πολλοί	πολύς	A-	----NPM-
Luke 13:24	λέγω	λέγω	V-	1PAI-S--
Luke 13:24	ὑμῖν	σύ	RP	----DP--
Luke 13:24	ζητήσουσιν	ζητέω	V-	3FAI-P--
Luke 13:24	εἰσελθεῖν	εἰσέρχομαι	V-	-AAN----
Luke 13:24	καὶ	καί	C-	--------
Luke 13:24	οὐκ	οὐ	D-	--------
Luke 13:24	ἰσχύσουσιν	ἰσχύω	V-	3FAI-P--
Luke 13:25	ἀφ’	ἀπό	P-	--------
Luke 13:25	οὗ	ὅς	RR	----GSM-
Luke 13:25	ἂν	ἄν	X-	--------
Luke 13:25	ἐγερθῇ	ἐγείρω	V-	3APS-S--
Luke 13:25	ὁ	ὁ	RA	----NSM-
Luke 13:25	οἰκοδεσπότης	οἰκοδεσπότης	N-	----NSM-
Luke 13:25	καὶ	καί	C-	--------
Luke 13:25	ἀποκλείσῃ	ἀποκλείω	V-	3AAS-S--
Luke 13:25	τὴν	ὁ	RA	----ASF-
Luke 13:25	θύραν	θύρα	N-	----ASF-
Luke 13:25	καὶ	καί	C-	--------
Luke 13:25	ἄρξησθε	ἄρχω	V-	2AMS-P--
Luke 13:25	ἔξω	ἔξω	D-	--------
Luke 13:25	ἑστάναι	ἵστημι	V-	-XAN----
Luke 13:25	καὶ	καί	C-	--------
Luke 13:25	κρούειν	κρούω	V-	-PAN----
Luke 13:25	τὴν	ὁ	RA	----ASF-
Luke 13:25	θύραν	θύρα	N-	----ASF-
Luke 13:25	λέγοντες	λέγω	V-	-PAPNPM-
Luke 13:25	Κύριε	κύριος	N-	----VSM-
Luke 13:25	ἄνοιξον	ἀνοίγω	V-	2AAD-S--
Luke 13:25	ἡμῖν	ἐγώ	RP	----DP--
Luke 13:25	καὶ	καί	C-	--------
Luke 13:25	ἀποκριθεὶς	ἀποκρίνομαι	V-	-APPNSM-
Luke 13:25	ἐρεῖ	λέγω	V-	3FAI-S--
Luke 13:25	ὑμῖν	σύ	RP	----DP--
Luke 13:25	Οὐκ	οὐ	D-	--------
Luke 13:25	οἶδα	οἶδα	V-	1XAI-S--
Luke 13:25	ὑμᾶς	σύ	RP	----AP--
Luke 13:25	πόθεν	πόθεν	D-	--------
Luke 13:25	ἐστέ	εἰμί	V-	2PAI-P--
Luke 13:26	τότε	τότε	D-	--------
Luke 13:26	ἄρξεσθε	ἄρχω	V-	2FMI-P--
Luke 13:26	λέγειν	λέγω	V-	-PAN----
Luke 13:26	Ἐφάγομεν	ἐσθίω	V-	1AAI-P--
Luke 13:26	ἐνώπιόν	ἐνώπιον	P-	--------
Luke 13:26	σου	σύ	RP	----GS--
Luke 13:26	καὶ	καί	C-	--------
Luke 13:26	ἐπίομεν	πίνω	V-	1AAI-P--
Luke 13:26	καὶ	καί	C-	--------
Luke 13:26	ἐν	ἐν	P-	--------
Luke 13:26	ταῖς	ὁ	RA	----DPF-
Luke 13:26	πλατείαις	πλατύς	A-	----DPF-
Luke 13:26	ἡμῶν	ἐγώ	RP	----GP--
Luke 13:26	ἐδίδαξας	διδάσκω	V-	2AAI-S--
Luke 13:27	καὶ	καί	C-	--------
Luke 13:27	ἐρεῖ	λέγω	V-	3FAI-S--
Luke 13:27	λέγων	λέγω	V-	-PAPNSM-
Luke 13:27	ὑμῖν	σύ	RP	----DP--
Luke 13:27	Οὐκ	οὐ	D-	--------
Luke 13:27	οἶδα	οἶδα	V-	1XAI-S--
Luke 13:27	πόθεν	πόθεν	D-	--------
Luke 13:27	ἐστέ	εἰμί	V-	2PAI-P--
Luke 13:27	ἀπόστητε	ἀφίσταμαι	V-	2AAD-P--
Luke 13:27	ἀπ’	ἀπό	P-	--------
Luke 13:27	ἐμοῦ	ἐγώ	RP	----GS--
Luke 13:27	πάντες	πᾶς	A-	----VPM-
Luke 13:27	ἐργάται	ἐργάτης	N-	----VPM-
Luke 13:27	ἀδικίας	ἀδικία	N-	----GSF-
Luke 13:28	ἐκεῖ	ἐκεῖ	D-	--------
Luke 13:28	ἔσται	εἰμί	V-	3FMI-S--
Luke 13:28	ὁ	ὁ	RA	----NSM-
Luke 13:28	κλαυθμὸς	κλαυθμός	N-	----NSM-
Luke 13:28	καὶ	καί	C-	--------
Luke 13:28	ὁ	ὁ	RA	----NSM-
Luke 13:28	βρυγμὸς	βρυγμός	N-	----NSM-
Luke 13:28	τῶν	ὁ	RA	----GPM-
Luke 13:28	ὀδόντων	ὀδούς	N-	----GPM-
Luke 13:28	ὅταν	ὅταν	C-	--------
Luke 13:28	ὄψησθε	ὁράω	V-	2AMS-P--
Luke 13:28	Ἀβραὰμ	Ἀβραάμ	N-	----ASM-
Luke 13:28	καὶ	καί	C-	--------
Luke 13:28	Ἰσαὰκ	Ἰσαάκ	N-	----ASM-
Luke 13:28	καὶ	καί	C-	--------
Luke 13:28	Ἰακὼβ	Ἰακώβ	N-	----ASM-
Luke 13:28	καὶ	καί	C-	--------
Luke 13:28	πάντας	πᾶς	A-	----APM-
Luke 13:28	τοὺς	ὁ	RA	----APM-
Luke 13:28	προφήτας	προφήτης	N-	----APM-
Luke 13:28	ἐν	ἐν	P-	--------
Luke 13:28	τῇ	ὁ	RA	----DSF-
Luke 13:28	βασιλείᾳ	βασιλεία	N-	----DSF-
Luke 13:28	τοῦ	ὁ	RA	----GSM-
Luke 13:28	θεοῦ	θεός	N-	----GSM-
Luke 13:28	ὑμᾶς	σύ	RP	----AP--
Luke 13:28	δὲ	δέ	C-	--------
Luke 13:28	ἐκβαλλομένους	ἐκβάλλω	V-	-PPPAPM-
Luke 13:28	ἔξω	ἔξω	D-	--------
Luke 13:29	καὶ	καί	C-	--------
Luke 13:29	ἥξουσιν	ἥκω	V-	3FAI-P--
Luke 13:29	ἀπὸ	ἀπό	P-	--------
Luke 13:29	ἀνατολῶν	ἀνατολή	N-	----GPF-
Luke 13:29	καὶ	καί	C-	--------
Luke 13:29	δυσμῶν	δυσμή	N-	----GPF-
Luke 13:29	καὶ	καί	C-	--------
Luke 13:29	ἀπὸ	ἀπό	P-	--------
Luke 13:29	βορρᾶ	βορρᾶς	N-	----GSM-
Luke 13:29	καὶ	καί	C-	--------
Luke 13:29	νότου	νότος	N-	----GSM-
Luke 13:29	καὶ	καί	C-	--------
Luke 13:29	ἀνακλιθήσονται	ἀνακλίνω	V-	3FPI-P--
Luke 13:29	ἐν	ἐν	P-	--------
Luke 13:29	τῇ	ὁ	RA	----DSF-
Luke 13:29	βασιλείᾳ	βασιλεία	N-	----DSF-
Luke 13:29	τοῦ	ὁ	RA	----GSM-
Luke 13:29	θεοῦ	θεός	N-	----GSM-
Luke 13:30	καὶ	καί	C-	--------
Luke 13:30	ἰδοὺ	ἰδού	X-	--------
Luke 13:30	εἰσὶν	εἰμί	V-	3PAI-P--
Luke 13:30	ἔσχατοι	ἔσχατος	A-	----NPM-
Luke 13:30	οἳ	ὅς	RR	----NPM-
Luke 13:30	ἔσονται	εἰμί	V-	3FMI-P--
Luke 13:30	πρῶτοι	πρῶτος	A-	----NPM-
Luke 13:30	καὶ	καί	C-	--------
Luke 13:30	εἰσὶν	εἰμί	V-	3PAI-P--
Luke 13:30	πρῶτοι	πρῶτος	A-	----NPM-
Luke 13:30	οἳ	ὅς	RR	----NPM-
Luke 13:30	ἔσονται	εἰμί	V-	3FMI-P--
Luke 13:30	ἔσχατοι	ἔσχατος	A-	----NPM-
Luke 13:31	Ἐν	ἐν	P-	--------
Luke 13:31	αὐτῇ	αὐτός	RP	----DSF-
Luke 13:31	τῇ	ὁ	RA	----DSF-
Luke 13:31	ὥρᾳ	ὥρα	N-	----DSF-
Luke 13:31	προσῆλθάν	προσέρχομαι	V-	3AAI-P--
Luke 13:31	τινες	τις	RI	----NPM-
Luke 13:31	Φαρισαῖοι	Φαρισαῖος	N-	----NPM-
Luke 13:31	λέγοντες	λέγω	V-	-PAPNPM-
Luke 13:31	αὐτῷ	αὐτός	RP	----DSM-
Luke 13:31	Ἔξελθε	ἐξέρχομαι	V-	2AAD-S--
Luke 13:31	καὶ	καί	C-	--------
Luke 13:31	πορεύου	πορεύομαι	V-	2PMD-S--
Luke 13:31	ἐντεῦθεν	ἐντεῦθεν	D-	--------
Luke 13:31	ὅτι	ὅτι	C-	--------
Luke 13:31	Ἡρῴδης	Ἡρῴδης	N-	----NSM-
Luke 13:31	θέλει	θέλω	V-	3PAI-S--
Luke 13:31	σε	σύ	RP	----AS--
Luke 13:31	ἀποκτεῖναι	ἀποκτείνω	V-	-AAN----
Luke 13:32	καὶ	καί	C-	--------
Luke 13:32	εἶπεν	λέγω	V-	3AAI-S--
Luke 13:32	αὐτοῖς	αὐτός	RP	----DPM-
Luke 13:32	Πορευθέντες	πορεύομαι	V-	-APPNPM-
Luke 13:32	εἴπατε	λέγω	V-	2AAD-P--
Luke 13:32	τῇ	ὁ	RA	----DSF-
Luke 13:32	ἀλώπεκι	ἀλώπηξ	N-	----DSF-
Luke 13:32	ταύτῃ	οὗτος	RD	----DSF-
Luke 13:32	Ἰδοὺ	ἰδού	X-	--------
Luke 13:32	ἐκβάλλω	ἐκβάλλω	V-	1PAI-S--
Luke 13:32	δαιμόνια	δαιμόνιον	N-	----APN-
Luke 13:32	καὶ	καί	C-	--------
Luke 13:32	ἰάσεις	ἴασις	N-	----APF-
Luke 13:32	ἀποτελῶ	ἀποτελέω	V-	1PAI-S--
Luke 13:32	σήμερον	σήμερον	D-	--------
Luke 13:32	καὶ	καί	C-	--------
Luke 13:32	αὔριον	αὔριον	D-	--------
Luke 13:32	καὶ	καί	C-	--------
Luke 13:32	τῇ	ὁ	RA	----DSF-
Luke 13:32	τρίτῃ	τρίτος	A-	----DSF-
Luke 13:32	τελειοῦμαι	τελειόω	V-	1PPI-S--
Luke 13:33	πλὴν	πλήν	C-	--------
Luke 13:33	δεῖ	δέω	V-	3PAI-S--
Luke 13:33	με	ἐγώ	RP	----AS--
Luke 13:33	σήμερον	σήμερον	D-	--------
Luke 13:33	καὶ	καί	C-	--------
Luke 13:33	αὔριον	αὔριον	D-	--------
Luke 13:33	καὶ	καί	C-	--------
Luke 13:33	τῇ	ὁ	RA	----DSF-
Luke 13:33	ἐχομένῃ	ἔχω	V-	-PMPDSF-
Luke 13:33	πορεύεσθαι	πορεύομαι	V-	-PMN----
Luke 13:33	ὅτι	ὅτι	C-	--------
Luke 13:33	οὐκ	οὐ	D-	--------
Luke 13:33	ἐνδέχεται	ἐνδέχεται	V-	3PMI-S--
Luke 13:33	προφήτην	προφήτης	N-	----ASM-
Luke 13:33	ἀπολέσθαι	ἀπόλλυμι	V-	-AMN----
Luke 13:33	ἔξω	ἔξω	P-	--------
Luke 13:33	Ἰερουσαλήμ	Ἰερουσαλήμ	N-	----GSF-
Luke 13:34	Ἰερουσαλὴμ	Ἰερουσαλήμ	N-	----VSF-
Luke 13:34	Ἰερουσαλήμ	Ἰερουσαλήμ	N-	----VSF-
Luke 13:34	ἡ	ὁ	RA	----NSF-
Luke 13:34	ἀποκτείνουσα	ἀποκτείνω	V-	-PAPNSF-
Luke 13:34	τοὺς	ὁ	RA	----APM-
Luke 13:34	προφήτας	προφήτης	N-	----APM-
Luke 13:34	καὶ	καί	C-	--------
Luke 13:34	λιθοβολοῦσα	λιθοβολέω	V-	-PAPNSF-
Luke 13:34	τοὺς	ὁ	RA	----APM-
Luke 13:34	ἀπεσταλμένους	ἀποστέλλω	V-	-XPPAPM-
Luke 13:34	πρὸς	πρός	P-	--------
Luke 13:34	αὐτήν	αὐτός	RP	----ASF-
Luke 13:34	ποσάκις	ποσάκις	D-	--------
Luke 13:34	ἠθέλησα	θέλω	V-	1AAI-S--
Luke 13:34	ἐπισυνάξαι	ἐπισυνάγω	V-	-AAN----
Luke 13:34	τὰ	ὁ	RA	----APN-
Luke 13:34	τέκνα	τέκνον	N-	----APN-
Luke 13:34	σου	σύ	RP	----GS--
Luke 13:34	ὃν	ὅς	RR	----ASM-
Luke 13:34	τρόπον	τρόπος	N-	----ASM-
Luke 13:34	ὄρνις	ὄρνις	N-	----NSF-
Luke 13:34	τὴν	ὁ	RA	----ASF-
Luke 13:34	ἑαυτῆς	ἑαυτοῦ	RP	----GSF-
Luke 13:34	νοσσιὰν	νοσσιά	N-	----ASF-
Luke 13:34	ὑπὸ	ὑπό	P-	--------
Luke 13:34	τὰς	ὁ	RA	----APF-
Luke 13:34	πτέρυγας	πτέρυξ	N-	----APF-
Luke 13:34	καὶ	καί	C-	--------
Luke 13:34	οὐκ	οὐ	D-	--------
Luke 13:34	ἠθελήσατε	θέλω	V-	2AAI-P--
Luke 13:35	ἰδοὺ	ἰδού	X-	--------
Luke 13:35	ἀφίεται	ἀφίημι	V-	3PPI-S--
Luke 13:35	ὑμῖν	σύ	RP	----DP--
Luke 13:35	ὁ	ὁ	RA	----NSM-
Luke 13:35	οἶκος	οἶκος	N-	----NSM-
Luke 13:35	ὑμῶν	σύ	RP	----GP--
Luke 13:35	λέγω	λέγω	V-	1PAI-S--
Luke 13:35	δὲ	δέ	C-	--------
Luke 13:35	ὑμῖν	σύ	RP	----DP--
Luke 13:35	οὐ	οὐ	D-	--------
Luke 13:35	μὴ	μή	D-	--------
Luke 13:35	ἴδητέ	ὁράω	V-	2AAS-P--
Luke 13:35	με	ἐγώ	RP	----AS--
Luke 13:35	ἕως	ἕως	C-	--------
Luke 13:35	ἥξει	ἥκω	V-	3FAI-S--
Luke 13:35	ὅτε	ὅτε	C-	--------
Luke 13:35	εἴπητε	λέγω	V-	2AAS-P--
Luke 13:35	Εὐλογημένος	εὐλογέω	V-	-XPPNSM-
Luke 13:35	ὁ	ὁ	RA	----NSM-
Luke 13:35	ἐρχόμενος	ἔρχομαι	V-	-PMPNSM-
Luke 13:35	ἐν	ἐν	P-	--------
Luke 13:35	ὀνόματι	ὄνομα	N-	----DSN-
Luke 13:35	κυρίου	κύριος	N-	----GSM-
Luke 14:1	Καὶ	καί	C-	--------
Luke 14:1	ἐγένετο	γίνομαι	V-	3AMI-S--
Luke 14:1	ἐν	ἐν	P-	--------
Luke 14:1	τῷ	ὁ	RA	----DSN-
Luke 14:1	ἐλθεῖν	ἔρχομαι	V-	-AAN----
Luke 14:1	αὐτὸν	αὐτός	RP	----ASM-
Luke 14:1	εἰς	εἰς	P-	--------
Luke 14:1	οἶκόν	οἶκος	N-	----ASM-
Luke 14:1	τινος	τις	RI	----GSM-
Luke 14:1	τῶν	ὁ	RA	----GPM-
Luke 14:1	ἀρχόντων	ἄρχων	N-	----GPM-
Luke 14:1	τῶν	ὁ	RA	----GPM-
Luke 14:1	Φαρισαίων	Φαρισαῖος	N-	----GPM-
Luke 14:1	σαββάτῳ	σάββατον	N-	----DSN-
Luke 14:1	φαγεῖν	ἐσθίω	V-	-AAN----
Luke 14:1	ἄρτον	ἄρτος	N-	----ASM-
Luke 14:1	καὶ	καί	C-	--------
Luke 14:1	αὐτοὶ	αὐτός	RP	----NPM-
Luke 14:1	ἦσαν	εἰμί	V-	3IAI-P--
Luke 14:1	παρατηρούμενοι	παρατηρέω	V-	-PMPNPM-
Luke 14:1	αὐτόν	αὐτός	RP	----ASM-
Luke 14:2	καὶ	καί	C-	--------
Luke 14:2	ἰδοὺ	ἰδού	X-	--------
Luke 14:2	ἄνθρωπός	ἄνθρωπος	N-	----NSM-
Luke 14:2	τις	τις	RI	----NSM-
Luke 14:2	ἦν	εἰμί	V-	3IAI-S--
Luke 14:2	ὑδρωπικὸς	ὑδρωπικός	A-	----NSM-
Luke 14:2	ἔμπροσθεν	ἔμπροσθεν	P-	--------
Luke 14:2	αὐτοῦ	αὐτός	RP	----GSM-
Luke 14:3	καὶ	καί	C-	--------
Luke 14:3	ἀποκριθεὶς	ἀποκρίνομαι	V-	-APPNSM-
Luke 14:3	ὁ	ὁ	RA	----NSM-
Luke 14:3	Ἰησοῦς	Ἰησοῦς	N-	----NSM-
Luke 14:3	εἶπεν	λέγω	V-	3AAI-S--
Luke 14:3	πρὸς	πρός	P-	--------
Luke 14:3	τοὺς	ὁ	RA	----APM-
Luke 14:3	νομικοὺς	νομικός	A-	----APM-
Luke 14:3	καὶ	καί	C-	--------
Luke 14:3	Φαρισαίους	Φαρισαῖος	N-	----APM-
Luke 14:3	λέγων	λέγω	V-	-PAPNSM-
Luke 14:3	Ἔξεστιν	ἔξεστι(ν)	V-	3PAI-S--
Luke 14:3	τῷ	ὁ	RA	----DSN-
Luke 14:3	σαββάτῳ	σάββατον	N-	----DSN-
Luke 14:3	θεραπεῦσαι	θεραπεύω	V-	-AAN----
Luke 14:3	ἢ	ἤ	C-	--------
Luke 14:3	οὔ	οὔ	D-	--------
Luke 14:4	οἱ	ὁ	RA	----NPM-
Luke 14:4	δὲ	δέ	C-	--------
Luke 14:4	ἡσύχασαν	ἡσυχάζω	V-	3AAI-P--
Luke 14:4	καὶ	καί	C-	--------
Luke 14:4	ἐπιλαβόμενος	ἐπιλαμβάνομαι	V-	-AMPNSM-
Luke 14:4	ἰάσατο	ἰάομαι	V-	3AMI-S--
Luke 14:4	αὐτὸν	αὐτός	RP	----ASM-
Luke 14:4	καὶ	καί	C-	--------
Luke 14:4	ἀπέλυσεν	ἀπολύω	V-	3AAI-S--
Luke 14:5	καὶ	καί	C-	--------
Luke 14:5	πρὸς	πρός	P-	--------
Luke 14:5	αὐτοὺς	αὐτός	RP	----APM-
Luke 14:5	εἶπεν	λέγω	V-	3AAI-S--
Luke 14:5	Τίνος	τίς	RI	----GSM-
Luke 14:5	ὑμῶν	σύ	RP	----GP--
Luke 14:5	υἱὸς	υἱός	N-	----NSM-
Luke 14:5	ἢ	ἤ	C-	--------
Luke 14:5	βοῦς	βοῦς	N-	----NSM-
Luke 14:5	εἰς	εἰς	P-	--------
Luke 14:5	φρέαρ	φρέαρ	N-	----ASN-
Luke 14:5	πεσεῖται	πίπτω	V-	3FMI-S--
Luke 14:5	καὶ	καί	C-	--------
Luke 14:5	οὐκ	οὐ	X-	--------
Luke 14:5	εὐθέως	εὐθέως	D-	--------
Luke 14:5	ἀνασπάσει	ἀνασπάω	V-	3FAI-S--
Luke 14:5	αὐτὸν	αὐτός	RP	----ASM-
Luke 14:5	ἐν	ἐν	P-	--------
Luke 14:5	ἡμέρᾳ	ἡμέρα	N-	----DSF-
Luke 14:5	τοῦ	ὁ	RA	----GSN-
Luke 14:5	σαββάτου	σάββατον	N-	----GSN-
Luke 14:6	καὶ	καί	C-	--------
Luke 14:6	οὐκ	οὐ	D-	--------
Luke 14:6	ἴσχυσαν	ἰσχύω	V-	3AAI-P--
Luke 14:6	ἀνταποκριθῆναι	ἀνταποκρίνομαι	V-	-APN----
Luke 14:6	πρὸς	πρός	P-	--------
Luke 14:6	ταῦτα	οὗτος	RD	----APN-
Luke 14:7	Ἔλεγεν	λέγω	V-	3IAI-S--
Luke 14:7	δὲ	δέ	C-	--------
Luke 14:7	πρὸς	πρός	P-	--------
Luke 14:7	τοὺς	ὁ	RA	----APM-
Luke 14:7	κεκλημένους	καλέω	V-	-XPPAPM-
Luke 14:7	παραβολήν	παραβολή	N-	----ASF-
Luke 14:7	ἐπέχων	ἐπέχω	V-	-PAPNSM-
Luke 14:7	πῶς	πῶς	C-	--------
Luke 14:7	τὰς	ὁ	RA	----APF-
Luke 14:7	πρωτοκλισίας	πρωτοκλισία	N-	----APF-
Luke 14:7	ἐξελέγοντο	ἐκλέγομαι	V-	3IMI-P--
Luke 14:7	λέγων	λέγω	V-	-PAPNSM-
Luke 14:7	πρὸς	πρός	P-	--------
Luke 14:7	αὐτούς	αὐτός	RP	----APM-
Luke 14:8	Ὅταν	ὅταν	C-	--------
Luke 14:8	κληθῇς	καλέω	V-	2APS-S--
Luke 14:8	ὑπό	ὑπό	P-	--------
Luke 14:8	τινος	τις	RI	----GSM-
Luke 14:8	εἰς	εἰς	P-	--------
Luke 14:8	γάμους	γάμος	N-	----APM-
Luke 14:8	μὴ	μή	D-	--------
Luke 14:8	κατακλιθῇς	κατακλίνω	V-	2APS-S--
Luke 14:8	εἰς	εἰς	P-	--------
Luke 14:8	τὴν	ὁ	RA	----ASF-
Luke 14:8	πρωτοκλισίαν	πρωτοκλισία	N-	----ASF-
Luke 14:8	μήποτε	μήποτε	C-	--------
Luke 14:8	ἐντιμότερός	ἔντιμος	A-	----NSMC
Luke 14:8	σου	σύ	RP	----GS--
Luke 14:8	ᾖ	εἰμί	V-	3PAS-S--
Luke 14:8	κεκλημένος	καλέω	V-	-XPPNSM-
Luke 14:8	ὑπ’	ὑπό	P-	--------
Luke 14:8	αὐτοῦ	αὐτός	RP	----GSM-
Luke 14:9	καὶ	καί	C-	--------
Luke 14:9	ἐλθὼν	ἔρχομαι	V-	-AAPNSM-
Luke 14:9	ὁ	ὁ	RA	----NSM-
Luke 14:9	σὲ	σύ	RP	----AS--
Luke 14:9	καὶ	καί	C-	--------
Luke 14:9	αὐτὸν	αὐτός	RP	----ASM-
Luke 14:9	καλέσας	καλέω	V-	-AAPNSM-
Luke 14:9	ἐρεῖ	λέγω	V-	3FAI-S--
Luke 14:9	σοι	σύ	RP	----DS--
Luke 14:9	Δὸς	δίδωμι	V-	2AAD-S--
Luke 14:9	τούτῳ	οὗτος	RD	----DSM-
Luke 14:9	τόπον	τόπος	N-	----ASM-
Luke 14:9	καὶ	καί	C-	--------
Luke 14:9	τότε	τότε	D-	--------
Luke 14:9	ἄρξῃ	ἄρχω	V-	2FMI-S--
Luke 14:9	μετὰ	μετά	P-	--------
Luke 14:9	αἰσχύνης	αἰσχύνη	N-	----GSF-
Luke 14:9	τὸν	ὁ	RA	----ASM-
Luke 14:9	ἔσχατον	ἔσχατος	A-	----ASM-
Luke 14:9	τόπον	τόπος	N-	----ASM-
Luke 14:9	κατέχειν	κατέχω	V-	-PAN----
Luke 14:10	ἀλλ’	ἀλλά	C-	--------
Luke 14:10	ὅταν	ὅταν	C-	--------
Luke 14:10	κληθῇς	καλέω	V-	2APS-S--
Luke 14:10	πορευθεὶς	πορεύομαι	V-	-APPNSM-
Luke 14:10	ἀνάπεσε	ἀναπίπτω	V-	2AAD-S--
Luke 14:10	εἰς	εἰς	P-	--------
Luke 14:10	τὸν	ὁ	RA	----ASM-
Luke 14:10	ἔσχατον	ἔσχατος	A-	----ASM-
Luke 14:10	τόπον	τόπος	N-	----ASM-
Luke 14:10	ἵνα	ἵνα	C-	--------
Luke 14:10	ὅταν	ὅταν	C-	--------
Luke 14:10	ἔλθῃ	ἔρχομαι	V-	3AAS-S--
Luke 14:10	ὁ	ὁ	RA	----NSM-
Luke 14:10	κεκληκώς	καλέω	V-	-XAPNSM-
Luke 14:10	σε	σύ	RP	----AS--
Luke 14:10	ἐρεῖ	λέγω	V-	3FAI-S--
Luke 14:10	σοι	σύ	RP	----DS--
Luke 14:10	Φίλε	φίλος	A-	----VSM-
Luke 14:10	προσανάβηθι	προσαναβαίνω	V-	2AAD-S--
Luke 14:10	ἀνώτερον	ἀνώτερον	A-	----ASNC
Luke 14:10	τότε	τότε	D-	--------
Luke 14:10	ἔσται	εἰμί	V-	3FMI-S--
Luke 14:10	σοι	σύ	RP	----DS--
Luke 14:10	δόξα	δόξα	N-	----NSF-
Luke 14:10	ἐνώπιον	ἐνώπιον	P-	--------
Luke 14:10	πάντων	πᾶς	A-	----GPM-
Luke 14:10	τῶν	ὁ	RA	----GPM-
Luke 14:10	συνανακειμένων	συνανάκειμαι	V-	-PMPGPM-
Luke 14:10	σοι	σύ	RP	----DS--
Luke 14:11	ὅτι	ὅτι	C-	--------
Luke 14:11	πᾶς	πᾶς	A-	----NSM-
Luke 14:11	ὁ	ὁ	RA	----NSM-
Luke 14:11	ὑψῶν	ὑψόω	V-	-PAPNSM-
Luke 14:11	ἑαυτὸν	ἑαυτοῦ	RP	----ASM-
Luke 14:11	ταπεινωθήσεται	ταπεινόω	V-	3FPI-S--
Luke 14:11	καὶ	καί	C-	--------
Luke 14:11	ὁ	ὁ	RA	----NSM-
Luke 14:11	ταπεινῶν	ταπεινόω	V-	-PAPNSM-
Luke 14:11	ἑαυτὸν	ἑαυτοῦ	RP	----ASM-
Luke 14:11	ὑψωθήσεται	ὑψόω	V-	3FPI-S--
Luke 14:12	Ἔλεγεν	λέγω	V-	3IAI-S--
Luke 14:12	δὲ	δέ	C-	--------
Luke 14:12	καὶ	καί	D-	--------
Luke 14:12	τῷ	ὁ	RA	----DSM-
Luke 14:12	κεκληκότι	καλέω	V-	-XAPDSM-
Luke 14:12	αὐτόν	αὐτός	RP	----ASM-
Luke 14:12	Ὅταν	ὅταν	C-	--------
Luke 14:12	ποιῇς	ποιέω	V-	2PAS-S--
Luke 14:12	ἄριστον	ἄριστον	N-	----ASN-
Luke 14:12	ἢ	ἤ	C-	--------
Luke 14:12	δεῖπνον	δεῖπνον	N-	----ASN-
Luke 14:12	μὴ	μή	D-	--------
Luke 14:12	φώνει	φωνέω	V-	2PAD-S--
Luke 14:12	τοὺς	ὁ	RA	----APM-
Luke 14:12	φίλους	φίλος	A-	----APM-
Luke 14:12	σου	σύ	RP	----GS--
Luke 14:12	μηδὲ	μηδέ	C-	--------
Luke 14:12	τοὺς	ὁ	RA	----APM-
Luke 14:12	ἀδελφούς	ἀδελφός	N-	----APM-
Luke 14:12	σου	σύ	RP	----GS--
Luke 14:12	μηδὲ	μηδέ	C-	--------
Luke 14:12	τοὺς	ὁ	RA	----APM-
Luke 14:12	συγγενεῖς	συγγενής	A-	----APM-
Luke 14:12	σου	σύ	RP	----GS--
Luke 14:12	μηδὲ	μηδέ	C-	--------
Luke 14:12	γείτονας	γείτων	N-	----APM-
Luke 14:12	πλουσίους	πλούσιος	A-	----APM-
Luke 14:12	μήποτε	μήποτε	C-	--------
Luke 14:12	καὶ	καί	D-	--------
Luke 14:12	αὐτοὶ	αὐτός	RP	----NPM-
Luke 14:12	ἀντικαλέσωσίν	ἀντικαλέω	V-	3AAS-P--
Luke 14:12	σε	σύ	RP	----AS--
Luke 14:12	καὶ	καί	C-	--------
Luke 14:12	γένηται	γίνομαι	V-	3AMS-S--
Luke 14:12	ἀνταπόδομά	ἀνταπόδομα	N-	----NSN-
Luke 14:12	σοι	σύ	RP	----DS--
Luke 14:13	ἀλλ’	ἀλλά	C-	--------
Luke 14:13	ὅταν	ὅταν	C-	--------
Luke 14:13	δοχὴν	δοχή	N-	----ASF-
Luke 14:13	ποιῇς	ποιέω	V-	2PAS-S--
Luke 14:13	κάλει	καλέω	V-	2PAD-S--
Luke 14:13	πτωχούς	πτωχός	A-	----APM-
Luke 14:13	ἀναπείρους	ἀνάπηρος	A-	----APM-
Luke 14:13	χωλούς	χωλός	A-	----APM-
Luke 14:13	τυφλούς	τυφλός	A-	----APM-
Luke 14:14	καὶ	καί	C-	--------
Luke 14:14	μακάριος	μακάριος	A-	----NSM-
Luke 14:14	ἔσῃ	εἰμί	V-	2FMI-S--
Luke 14:14	ὅτι	ὅτι	C-	--------
Luke 14:14	οὐκ	οὐ	D-	--------
Luke 14:14	ἔχουσιν	ἔχω	V-	3PAI-P--
Luke 14:14	ἀνταποδοῦναί	ἀνταποδίδωμι	V-	-AAN----
Luke 14:14	σοι	σύ	RP	----DS--
Luke 14:14	ἀνταποδοθήσεται	ἀνταποδίδωμι	V-	3FPI-S--
Luke 14:14	γάρ	γάρ	C-	--------
Luke 14:14	σοι	σύ	RP	----DS--
Luke 14:14	ἐν	ἐν	P-	--------
Luke 14:14	τῇ	ὁ	RA	----DSF-
Luke 14:14	ἀναστάσει	ἀνάστασις	N-	----DSF-
Luke 14:14	τῶν	ὁ	RA	----GPM-
Luke 14:14	δικαίων	δίκαιος	A-	----GPM-
Luke 14:15	Ἀκούσας	ἀκούω	V-	-AAPNSM-
Luke 14:15	δέ	δέ	C-	--------
Luke 14:15	τις	τις	RI	----NSM-
Luke 14:15	τῶν	ὁ	RA	----GPM-
Luke 14:15	συνανακειμένων	συνανάκειμαι	V-	-PMPGPM-
Luke 14:15	ταῦτα	οὗτος	RD	----APN-
Luke 14:15	εἶπεν	λέγω	V-	3AAI-S--
Luke 14:15	αὐτῷ	αὐτός	RP	----DSM-
Luke 14:15	Μακάριος	μακάριος	A-	----NSM-
Luke 14:15	ὅστις	ὅστις	RR	----NSM-
Luke 14:15	φάγεται	ἐσθίω	V-	3FMI-S--
Luke 14:15	ἄρτον	ἄρτος	N-	----ASM-
Luke 14:15	ἐν	ἐν	P-	--------
Luke 14:15	τῇ	ὁ	RA	----DSF-
Luke 14:15	βασιλείᾳ	βασιλεία	N-	----DSF-
Luke 14:15	τοῦ	ὁ	RA	----GSM-
Luke 14:15	θεοῦ	θεός	N-	----GSM-
Luke 14:16	ὁ	ὁ	RA	----NSM-
Luke 14:16	δὲ	δέ	C-	--------
Luke 14:16	εἶπεν	λέγω	V-	3AAI-S--
Luke 14:16	αὐτῷ	αὐτός	RP	----DSM-
Luke 14:16	Ἄνθρωπός	ἄνθρωπος	N-	----NSM-
Luke 14:16	τις	τις	RI	----NSM-
Luke 14:16	ἐποίει	ποιέω	V-	3IAI-S--
Luke 14:16	δεῖπνον	δεῖπνον	N-	----ASN-
Luke 14:16	μέγα	μέγας	A-	----ASN-
Luke 14:16	καὶ	καί	C-	--------
Luke 14:16	ἐκάλεσεν	καλέω	V-	3AAI-S--
Luke 14:16	πολλούς	πολύς	A-	----APM-
Luke 14:17	καὶ	καί	C-	--------
Luke 14:17	ἀπέστειλεν	ἀποστέλλω	V-	3AAI-S--
Luke 14:17	τὸν	ὁ	RA	----ASM-
Luke 14:17	δοῦλον	δοῦλος	N-	----ASM-
Luke 14:17	αὐτοῦ	αὐτός	RP	----GSM-
Luke 14:17	τῇ	ὁ	RA	----DSF-
Luke 14:17	ὥρᾳ	ὥρα	N-	----DSF-
Luke 14:17	τοῦ	ὁ	RA	----GSN-
Luke 14:17	δείπνου	δεῖπνον	N-	----GSN-
Luke 14:17	εἰπεῖν	λέγω	V-	-AAN----
Luke 14:17	τοῖς	ὁ	RA	----DPM-
Luke 14:17	κεκλημένοις	καλέω	V-	-XPPDPM-
Luke 14:17	Ἔρχεσθε	ἔρχομαι	V-	2PMD-P--
Luke 14:17	ὅτι	ὅτι	C-	--------
Luke 14:17	ἤδη	ἤδη	D-	--------
Luke 14:17	ἕτοιμά	ἕτοιμος	A-	----NPN-
Luke 14:17	ἐστιν	εἰμί	V-	3PAI-S--
Luke 14:18	καὶ	καί	C-	--------
Luke 14:18	ἤρξαντο	ἄρχω	V-	3AMI-P--
Luke 14:18	ἀπὸ	ἀπό	P-	--------
Luke 14:18	μιᾶς	εἷς	A-	----GSF-
Luke 14:18	πάντες	πᾶς	A-	----NPM-
Luke 14:18	παραιτεῖσθαι	παραιτέομαι	V-	-PMN----
Luke 14:18	ὁ	ὁ	RA	----NSM-
Luke 14:18	πρῶτος	πρῶτος	A-	----NSM-
Luke 14:18	εἶπεν	λέγω	V-	3AAI-S--
Luke 14:18	αὐτῷ	αὐτός	RP	----DSM-
Luke 14:18	Ἀγρὸν	ἀγρός	N-	----ASM-
Luke 14:18	ἠγόρασα	ἀγοράζω	V-	1AAI-S--
Luke 14:18	καὶ	καί	C-	--------
Luke 14:18	ἔχω	ἔχω	V-	1PAI-S--
Luke 14:18	ἀνάγκην	ἀνάγκη	N-	----ASF-
Luke 14:18	ἐξελθὼν	ἐξέρχομαι	V-	-AAPNSM-
Luke 14:18	ἰδεῖν	ὁράω	V-	-AAN----
Luke 14:18	αὐτόν	αὐτός	RP	----ASM-
Luke 14:18	ἐρωτῶ	ἐρωτάω	V-	1PAI-S--
Luke 14:18	σε	σύ	RP	----AS--
Luke 14:18	ἔχε	ἔχω	V-	2PAD-S--
Luke 14:18	με	ἐγώ	RP	----AS--
Luke 14:18	παρῃτημένον	παραιτέομαι	V-	-XPPASM-
Luke 14:19	καὶ	καί	C-	--------
Luke 14:19	ἕτερος	ἕτερος	A-	----NSM-
Luke 14:19	εἶπεν	λέγω	V-	3AAI-S--
Luke 14:19	Ζεύγη	ζεῦγος	N-	----APN-
Luke 14:19	βοῶν	βοῦς	N-	----GPM-
Luke 14:19	ἠγόρασα	ἀγοράζω	V-	1AAI-S--
Luke 14:19	πέντε	πέντε	A-	----APN-
Luke 14:19	καὶ	καί	C-	--------
Luke 14:19	πορεύομαι	πορεύομαι	V-	1PMI-S--
Luke 14:19	δοκιμάσαι	δοκιμάζω	V-	-AAN----
Luke 14:19	αὐτά	αὐτός	RP	----APN-
Luke 14:19	ἐρωτῶ	ἐρωτάω	V-	1PAI-S--
Luke 14:19	σε	σύ	RP	----AS--
Luke 14:19	ἔχε	ἔχω	V-	2PAD-S--
Luke 14:19	με	ἐγώ	RP	----AS--
Luke 14:19	παρῃτημένον	παραιτέομαι	V-	-XPPASM-
Luke 14:20	καὶ	καί	C-	--------
Luke 14:20	ἕτερος	ἕτερος	A-	----NSM-
Luke 14:20	εἶπεν	λέγω	V-	3AAI-S--
Luke 14:20	Γυναῖκα	γυνή	N-	----ASF-
Luke 14:20	ἔγημα	γαμέω	V-	1AAI-S--
Luke 14:20	καὶ	καί	C-	--------
Luke 14:20	διὰ	διά	P-	--------
Luke 14:20	τοῦτο	οὗτος	RD	----ASN-
Luke 14:20	οὐ	οὐ	D-	--------
Luke 14:20	δύναμαι	δύναμαι	V-	1PMI-S--
Luke 14:20	ἐλθεῖν	ἔρχομαι	V-	-AAN----
Luke 14:21	καὶ	καί	C-	--------
Luke 14:21	παραγενόμενος	παραγίνομαι	V-	-AMPNSM-
Luke 14:21	ὁ	ὁ	RA	----NSM-
Luke 14:21	δοῦλος	δοῦλος	N-	----NSM-
Luke 14:21	ἀπήγγειλεν	ἀπαγγέλλω	V-	3AAI-S--
Luke 14:21	τῷ	ὁ	RA	----DSM-
Luke 14:21	κυρίῳ	κύριος	N-	----DSM-
Luke 14:21	αὐτοῦ	αὐτός	RP	----GSM-
Luke 14:21	ταῦτα	οὗτος	RD	----APN-
Luke 14:21	τότε	τότε	D-	--------
Luke 14:21	ὀργισθεὶς	ὀργίζομαι	V-	-APPNSM-
Luke 14:21	ὁ	ὁ	RA	----NSM-
Luke 14:21	οἰκοδεσπότης	οἰκοδεσπότης	N-	----NSM-
Luke 14:21	εἶπεν	λέγω	V-	3AAI-S--
Luke 14:21	τῷ	ὁ	RA	----DSM-
Luke 14:21	δούλῳ	δοῦλος	N-	----DSM-
Luke 14:21	αὐτοῦ	αὐτός	RP	----GSM-
Luke 14:21	Ἔξελθε	ἐξέρχομαι	V-	2AAD-S--
Luke 14:21	ταχέως	ταχέως	D-	--------
Luke 14:21	εἰς	εἰς	P-	--------
Luke 14:21	τὰς	ὁ	RA	----APF-
Luke 14:21	πλατείας	πλατεῖα	A-	----APF-
Luke 14:21	καὶ	καί	C-	--------
Luke 14:21	ῥύμας	ῥύμη	N-	----APF-
Luke 14:21	τῆς	ὁ	RA	----GSF-
Luke 14:21	πόλεως	πόλις	N-	----GSF-
Luke 14:21	καὶ	καί	C-	--------
Luke 14:21	τοὺς	ὁ	RA	----APM-
Luke 14:21	πτωχοὺς	πτωχός	A-	----APM-
Luke 14:21	καὶ	καί	C-	--------
Luke 14:21	ἀναπείρους	ἀνάπηρος	A-	----APM-
Luke 14:21	καὶ	καί	C-	--------
Luke 14:21	τυφλοὺς	τυφλός	A-	----APM-
Luke 14:21	καὶ	καί	C-	--------
Luke 14:21	χωλοὺς	χωλός	A-	----APM-
Luke 14:21	εἰσάγαγε	εἰσάγω	V-	2AAD-S--
Luke 14:21	ὧδε	ὧδε	D-	--------
Luke 14:22	καὶ	καί	C-	--------
Luke 14:22	εἶπεν	λέγω	V-	3AAI-S--
Luke 14:22	ὁ	ὁ	RA	----NSM-
Luke 14:22	δοῦλος	δοῦλος	N-	----NSM-
Luke 14:22	Κύριε	κύριος	N-	----VSM-
Luke 14:22	γέγονεν	γίνομαι	V-	3XAI-S--
Luke 14:22	ὃ	ὅς	RR	----ASN-
Luke 14:22	ἐπέταξας	ἐπιτάσσω	V-	2AAI-S--
Luke 14:22	καὶ	καί	C-	--------
Luke 14:22	ἔτι	ἔτι	D-	--------
Luke 14:22	τόπος	τόπος	N-	----NSM-
Luke 14:22	ἐστίν	εἰμί	V-	3PAI-S--
Luke 14:23	καὶ	καί	C-	--------
Luke 14:23	εἶπεν	λέγω	V-	3AAI-S--
Luke 14:23	ὁ	ὁ	RA	----NSM-
Luke 14:23	κύριος	κύριος	N-	----NSM-
Luke 14:23	πρὸς	πρός	P-	--------
Luke 14:23	τὸν	ὁ	RA	----ASM-
Luke 14:23	δοῦλον	δοῦλος	N-	----ASM-
Luke 14:23	Ἔξελθε	ἐξέρχομαι	V-	2AAD-S--
Luke 14:23	εἰς	εἰς	P-	--------
Luke 14:23	τὰς	ὁ	RA	----APF-
Luke 14:23	ὁδοὺς	ὁδός	N-	----APF-
Luke 14:23	καὶ	καί	C-	--------
Luke 14:23	φραγμοὺς	φραγμός	N-	----APM-
Luke 14:23	καὶ	καί	C-	--------
Luke 14:23	ἀνάγκασον	ἀναγκάζω	V-	2AAD-S--
Luke 14:23	εἰσελθεῖν	εἰσέρχομαι	V-	-AAN----
Luke 14:23	ἵνα	ἵνα	C-	--------
Luke 14:23	γεμισθῇ	γεμίζω	V-	3APS-S--
Luke 14:23	μου	ἐγώ	RP	----GS--
Luke 14:23	ὁ	ὁ	RA	----NSM-
Luke 14:23	οἶκος	οἶκος	N-	----NSM-
Luke 14:24	λέγω	λέγω	V-	1PAI-S--
Luke 14:24	γὰρ	γάρ	C-	--------
Luke 14:24	ὑμῖν	σύ	RP	----DP--
Luke 14:24	ὅτι	ὅτι	C-	--------
Luke 14:24	οὐδεὶς	οὐδείς	A-	----NSM-
Luke 14:24	τῶν	ὁ	RA	----GPM-
Luke 14:24	ἀνδρῶν	ἀνήρ	N-	----GPM-
Luke 14:24	ἐκείνων	ἐκεῖνος	RD	----GPM-
Luke 14:24	τῶν	ὁ	RA	----GPM-
Luke 14:24	κεκλημένων	καλέω	V-	-XPPGPM-
Luke 14:24	γεύσεταί	γεύομαι	V-	3FMI-S--
Luke 14:24	μου	ἐγώ	RP	----GS--
Luke 14:24	τοῦ	ὁ	RA	----GSN-
Luke 14:24	δείπνου	δεῖπνον	N-	----GSN-
Luke 14:25	Συνεπορεύοντο	συμπορεύομαι	V-	3IMI-P--
Luke 14:25	δὲ	δέ	C-	--------
Luke 14:25	αὐτῷ	αὐτός	RP	----DSM-
Luke 14:25	ὄχλοι	ὄχλος	N-	----NPM-
Luke 14:25	πολλοί	πολύς	A-	----NPM-
Luke 14:25	καὶ	καί	C-	--------
Luke 14:25	στραφεὶς	στρέφω	V-	-APPNSM-
Luke 14:25	εἶπεν	λέγω	V-	3AAI-S--
Luke 14:25	πρὸς	πρός	P-	--------
Luke 14:25	αὐτούς	αὐτός	RP	----APM-
Luke 14:26	Εἴ	εἰ	C-	--------
Luke 14:26	τις	τις	RI	----NSM-
Luke 14:26	ἔρχεται	ἔρχομαι	V-	3PMI-S--
Luke 14:26	πρός	πρός	P-	--------
Luke 14:26	με	ἐγώ	RP	----AS--
Luke 14:26	καὶ	καί	C-	--------
Luke 14:26	οὐ	οὐ	D-	--------
Luke 14:26	μισεῖ	μισέω	V-	3PAI-S--
Luke 14:26	τὸν	ὁ	RA	----ASM-
Luke 14:26	πατέρα	πατήρ	N-	----ASM-
Luke 14:26	ἑαυτοῦ	ἑαυτοῦ	RP	----GSM-
Luke 14:26	καὶ	καί	C-	--------
Luke 14:26	τὴν	ὁ	RA	----ASF-
Luke 14:26	μητέρα	μήτηρ	N-	----ASF-
Luke 14:26	καὶ	καί	C-	--------
Luke 14:26	τὴν	ὁ	RA	----ASF-
Luke 14:26	γυναῖκα	γυνή	N-	----ASF-
Luke 14:26	καὶ	καί	C-	--------
Luke 14:26	τὰ	ὁ	RA	----APN-
Luke 14:26	τέκνα	τέκνον	N-	----APN-
Luke 14:26	καὶ	καί	C-	--------
Luke 14:26	τοὺς	ὁ	RA	----APM-
Luke 14:26	ἀδελφοὺς	ἀδελφός	N-	----APM-
Luke 14:26	καὶ	καί	C-	--------
Luke 14:26	τὰς	ὁ	RA	----APF-
Luke 14:26	ἀδελφάς	ἀδελφή	N-	----APF-
Luke 14:26	ἔτι	ἔτι	D-	--------
Luke 14:26	τε	τέ	C-	--------
Luke 14:26	καὶ	καί	D-	--------
Luke 14:26	τὴν	ὁ	RA	----ASF-
Luke 14:26	ψυχὴν	ψυχή	N-	----ASF-
Luke 14:26	ἑαυτοῦ	ἑαυτοῦ	RP	----GSM-
Luke 14:26	οὐ	οὐ	D-	--------
Luke 14:26	δύναται	δύναμαι	V-	3PMI-S--
Luke 14:26	εἶναί	εἰμί	V-	-PAN----
Luke 14:26	μου	ἐγώ	RP	----GS--
Luke 14:26	μαθητής	μαθητής	N-	----NSM-
Luke 14:27	ὅστις	ὅστις	RR	----NSM-
Luke 14:27	οὐ	οὐ	D-	--------
Luke 14:27	βαστάζει	βαστάζω	V-	3PAI-S--
Luke 14:27	τὸν	ὁ	RA	----ASM-
Luke 14:27	σταυρὸν	σταυρός	N-	----ASM-
Luke 14:27	ἑαυτοῦ	ἑαυτοῦ	RP	----GSM-
Luke 14:27	καὶ	καί	C-	--------
Luke 14:27	ἔρχεται	ἔρχομαι	V-	3PMI-S--
Luke 14:27	ὀπίσω	ὀπίσω	P-	--------
Luke 14:27	μου	ἐγώ	RP	----GS--
Luke 14:27	οὐ	οὐ	D-	--------
Luke 14:27	δύναται	δύναμαι	V-	3PMI-S--
Luke 14:27	εἶναί	εἰμί	V-	-PAN----
Luke 14:27	μου	ἐγώ	RP	----GS--
Luke 14:27	μαθητής	μαθητής	N-	----NSM-
Luke 14:28	τίς	τίς	RI	----NSM-
Luke 14:28	γὰρ	γάρ	C-	--------
Luke 14:28	ἐξ	ἐκ	P-	--------
Luke 14:28	ὑμῶν	σύ	RP	----GP--
Luke 14:28	θέλων	θέλω	V-	-PAPNSM-
Luke 14:28	πύργον	πύργος	N-	----ASM-
Luke 14:28	οἰκοδομῆσαι	οἰκοδομέω	V-	-AAN----
Luke 14:28	οὐχὶ	οὐχί	X-	--------
Luke 14:28	πρῶτον	πρῶτος	A-	----ASN-
Luke 14:28	καθίσας	καθίζω	V-	-AAPNSM-
Luke 14:28	ψηφίζει	ψηφίζω	V-	3PAI-S--
Luke 14:28	τὴν	ὁ	RA	----ASF-
Luke 14:28	δαπάνην	δαπάνη	N-	----ASF-
Luke 14:28	εἰ	εἰ	X-	--------
Luke 14:28	ἔχει	ἔχω	V-	3PAI-S--
Luke 14:28	εἰς	εἰς	P-	--------
Luke 14:28	ἀπαρτισμόν	ἀπαρτισμός	N-	----ASM-
Luke 14:29	ἵνα	ἵνα	C-	--------
Luke 14:29	μήποτε	μήποτε	C-	--------
Luke 14:29	θέντος	τίθημι	V-	-AAPGSM-
Luke 14:29	αὐτοῦ	αὐτός	RP	----GSM-
Luke 14:29	θεμέλιον	θεμέλιος	N-	----ASM-
Luke 14:29	καὶ	καί	C-	--------
Luke 14:29	μὴ	μή	D-	--------
Luke 14:29	ἰσχύοντος	ἰσχύω	V-	-PAPGSM-
Luke 14:29	ἐκτελέσαι	ἐκτελέω	V-	-AAN----
Luke 14:29	πάντες	πᾶς	A-	----NPM-
Luke 14:29	οἱ	ὁ	RA	----NPM-
Luke 14:29	θεωροῦντες	θεωρέω	V-	-PAPNPM-
Luke 14:29	ἄρξωνται	ἄρχω	V-	3AMS-P--
Luke 14:29	αὐτῷ	αὐτός	RP	----DSM-
Luke 14:29	ἐμπαίζειν	ἐμπαίζω	V-	-PAN----
Luke 14:30	λέγοντες	λέγω	V-	-PAPNPM-
Luke 14:30	ὅτι	ὅτι	C-	--------
Luke 14:30	Οὗτος	οὗτος	RD	----NSM-
Luke 14:30	ὁ	ὁ	RA	----NSM-
Luke 14:30	ἄνθρωπος	ἄνθρωπος	N-	----NSM-
Luke 14:30	ἤρξατο	ἄρχω	V-	3AMI-S--
Luke 14:30	οἰκοδομεῖν	οἰκοδομέω	V-	-PAN----
Luke 14:30	καὶ	καί	C-	--------
Luke 14:30	οὐκ	οὐ	D-	--------
Luke 14:30	ἴσχυσεν	ἰσχύω	V-	3AAI-S--
Luke 14:30	ἐκτελέσαι	ἐκτελέω	V-	-AAN----
Luke 14:31	ἢ	ἤ	C-	--------
Luke 14:31	τίς	τίς	RI	----NSM-
Luke 14:31	βασιλεὺς	βασιλεύς	N-	----NSM-
Luke 14:31	πορευόμενος	πορεύομαι	V-	-PMPNSM-
Luke 14:31	ἑτέρῳ	ἕτερος	A-	----DSM-
Luke 14:31	βασιλεῖ	βασιλεύς	N-	----DSM-
Luke 14:31	συμβαλεῖν	συμβάλλω	V-	-AAN----
Luke 14:31	εἰς	εἰς	P-	--------
Luke 14:31	πόλεμον	πόλεμος	N-	----ASM-
Luke 14:31	οὐχὶ	οὐχί	X-	--------
Luke 14:31	καθίσας	καθίζω	V-	-AAPNSM-
Luke 14:31	πρῶτον	πρῶτος	A-	----ASN-
Luke 14:31	βουλεύσεται	βουλεύομαι	V-	3FMI-S--
Luke 14:31	εἰ	εἰ	X-	--------
Luke 14:31	δυνατός	δυνατός	A-	----NSM-
Luke 14:31	ἐστιν	εἰμί	V-	3PAI-S--
Luke 14:31	ἐν	ἐν	P-	--------
Luke 14:31	δέκα	δέκα	A-	----DPF-
Luke 14:31	χιλιάσιν	χιλιάς	N-	----DPF-
Luke 14:31	ὑπαντῆσαι	ὑπαντάω	V-	-AAN----
Luke 14:31	τῷ	ὁ	RA	----DSM-
Luke 14:31	μετὰ	μετά	P-	--------
Luke 14:31	εἴκοσι	εἴκοσι(ν)	A-	----GPF-
Luke 14:31	χιλιάδων	χιλιάς	N-	----GPF-
Luke 14:31	ἐρχομένῳ	ἔρχομαι	V-	-PMPDSM-
Luke 14:31	ἐπ’	ἐπί	P-	--------
Luke 14:31	αὐτόν	αὐτός	RP	----ASM-
Luke 14:32	εἰ	εἰ	C-	--------
Luke 14:32	δὲ	δέ	C-	--------
Luke 14:32	μήγε	μήγε	D-	--------
Luke 14:32	ἔτι	ἔτι	D-	--------
Luke 14:32	αὐτοῦ	αὐτός	RP	----GSM-
Luke 14:32	πόρρω	πόρρω	D-	--------
Luke 14:32	ὄντος	εἰμί	V-	-PAPGSM-
Luke 14:32	πρεσβείαν	πρεσβεία	N-	----ASF-
Luke 14:32	ἀποστείλας	ἀποστέλλω	V-	-AAPNSM-
Luke 14:32	ἐρωτᾷ	ἐρωτάω	V-	3PAI-S--
Luke 14:32	τὰ	ὁ	RA	----APN-
Luke 14:32	πρὸς	πρός	P-	--------
Luke 14:32	εἰρήνην	εἰρήνη	N-	----ASF-
Luke 14:33	οὕτως	οὕτω(ς)	D-	--------
Luke 14:33	οὖν	οὖν	C-	--------
Luke 14:33	πᾶς	πᾶς	A-	----NSM-
Luke 14:33	ἐξ	ἐκ	P-	--------
Luke 14:33	ὑμῶν	σύ	RP	----GP--
Luke 14:33	ὃς	ὅς	RR	----NSM-
Luke 14:33	οὐκ	οὐ	D-	--------
Luke 14:33	ἀποτάσσεται	ἀποτάσσομαι	V-	3PMI-S--
Luke 14:33	πᾶσιν	πᾶς	A-	----DPN-
Luke 14:33	τοῖς	ὁ	RA	----DPN-
Luke 14:33	ἑαυτοῦ	ἑαυτοῦ	RP	----GSM-
Luke 14:33	ὑπάρχουσιν	ὑπάρχω	V-	-PAPDPN-
Luke 14:33	οὐ	οὐ	D-	--------
Luke 14:33	δύναται	δύναμαι	V-	3PMI-S--
Luke 14:33	εἶναί	εἰμί	V-	-PAN----
Luke 14:33	μου	ἐγώ	RP	----GS--
Luke 14:33	μαθητής	μαθητής	N-	----NSM-
Luke 14:34	Καλὸν	καλός	A-	----NSN-
Luke 14:34	οὖν	οὖν	C-	--------
Luke 14:34	τὸ	ὁ	RA	----NSN-
Luke 14:34	ἅλας	ἅλας	N-	----NSN-
Luke 14:34	ἐὰν	ἐάν	C-	--------
Luke 14:34	δὲ	δέ	C-	--------
Luke 14:34	καὶ	καί	D-	--------
Luke 14:34	τὸ	ὁ	RA	----NSN-
Luke 14:34	ἅλας	ἅλας	N-	----NSN-
Luke 14:34	μωρανθῇ	μωραίνω	V-	3APS-S--
Luke 14:34	ἐν	ἐν	P-	--------
Luke 14:34	τίνι	τίς	RI	----DSN-
Luke 14:34	ἀρτυθήσεται	ἀρτύω	V-	3FPI-S--
Luke 14:35	οὔτε	οὔτε	C-	--------
Luke 14:35	εἰς	εἰς	P-	--------
Luke 14:35	γῆν	γῆ	N-	----ASF-
Luke 14:35	οὔτε	οὔτε	C-	--------
Luke 14:35	εἰς	εἰς	P-	--------
Luke 14:35	κοπρίαν	κοπρία	N-	----ASF-
Luke 14:35	εὔθετόν	εὔθετος	A-	----NSN-
Luke 14:35	ἐστιν	εἰμί	V-	3PAI-S--
Luke 14:35	ἔξω	ἔξω	D-	--------
Luke 14:35	βάλλουσιν	βάλλω	V-	3PAI-P--
Luke 14:35	αὐτό	αὐτός	RP	----ASN-
Luke 14:35	ὁ	ὁ	RA	----NSM-
Luke 14:35	ἔχων	ἔχω	V-	-PAPNSM-
Luke 14:35	ὦτα	οὖς	N-	----APN-
Luke 14:35	ἀκούειν	ἀκούω	V-	-PAN----
Luke 14:35	ἀκουέτω	ἀκούω	V-	3PAD-S--
Luke 15:1	Ἦσαν	εἰμί	V-	3IAI-P--
Luke 15:1	δὲ	δέ	C-	--------
Luke 15:1	αὐτῷ	αὐτός	RP	----DSM-
Luke 15:1	ἐγγίζοντες	ἐγγίζω	V-	-PAPNPM-
Luke 15:1	πάντες	πᾶς	A-	----NPM-
Luke 15:1	οἱ	ὁ	RA	----NPM-
Luke 15:1	τελῶναι	τελώνης	N-	----NPM-
Luke 15:1	καὶ	καί	C-	--------
Luke 15:1	οἱ	ὁ	RA	----NPM-
Luke 15:1	ἁμαρτωλοὶ	ἁμαρτωλός	A-	----NPM-
Luke 15:1	ἀκούειν	ἀκούω	V-	-PAN----
Luke 15:1	αὐτοῦ	αὐτός	RP	----GSM-
Luke 15:2	καὶ	καί	C-	--------
Luke 15:2	διεγόγγυζον	διαγογγύζω	V-	3IAI-P--
Luke 15:2	οἵ	ὁ	RA	----NPM-
Luke 15:2	τε	τέ	C-	--------
Luke 15:2	Φαρισαῖοι	Φαρισαῖος	N-	----NPM-
Luke 15:2	καὶ	καί	C-	--------
Luke 15:2	οἱ	ὁ	RA	----NPM-
Luke 15:2	γραμματεῖς	γραμματεύς	N-	----NPM-
Luke 15:2	λέγοντες	λέγω	V-	-PAPNPM-
Luke 15:2	ὅτι	ὅτι	C-	--------
Luke 15:2	Οὗτος	οὗτος	RD	----NSM-
Luke 15:2	ἁμαρτωλοὺς	ἁμαρτωλός	A-	----APM-
Luke 15:2	προσδέχεται	προσδέχομαι	V-	3PMI-S--
Luke 15:2	καὶ	καί	C-	--------
Luke 15:2	συνεσθίει	συνεσθίω	V-	3PAI-S--
Luke 15:2	αὐτοῖς	αὐτός	RP	----DPM-
Luke 15:3	εἶπεν	λέγω	V-	3AAI-S--
Luke 15:3	δὲ	δέ	C-	--------
Luke 15:3	πρὸς	πρός	P-	--------
Luke 15:3	αὐτοὺς	αὐτός	RP	----APM-
Luke 15:3	τὴν	ὁ	RA	----ASF-
Luke 15:3	παραβολὴν	παραβολή	N-	----ASF-
Luke 15:3	ταύτην	οὗτος	RD	----ASF-
Luke 15:3	λέγων	λέγω	V-	-PAPNSM-
Luke 15:4	Τίς	τίς	RI	----NSM-
Luke 15:4	ἄνθρωπος	ἄνθρωπος	N-	----NSM-
Luke 15:4	ἐξ	ἐκ	P-	--------
Luke 15:4	ὑμῶν	σύ	RP	----GP--
Luke 15:4	ἔχων	ἔχω	V-	-PAPNSM-
Luke 15:4	ἑκατὸν	ἑκατόν	A-	----APN-
Luke 15:4	πρόβατα	πρόβατον	N-	----APN-
Luke 15:4	καὶ	καί	C-	--------
Luke 15:4	ἀπολέσας	ἀπόλλυμι	V-	-AAPNSM-
Luke 15:4	ἐξ	ἐκ	P-	--------
Luke 15:4	αὐτῶν	αὐτός	RP	----GPN-
Luke 15:4	ἓν	εἷς	A-	----ASN-
Luke 15:4	οὐ	οὐ	X-	--------
Luke 15:4	καταλείπει	καταλείπω	V-	3PAI-S--
Luke 15:4	τὰ	ὁ	RA	----APN-
Luke 15:4	ἐνενήκοντα	ἐνενήκοντα	A-	----APN-
Luke 15:4	ἐννέα	ἐννέα	A-	----APN-
Luke 15:4	ἐν	ἐν	P-	--------
Luke 15:4	τῇ	ὁ	RA	----DSF-
Luke 15:4	ἐρήμῳ	ἔρημος	A-	----DSF-
Luke 15:4	καὶ	καί	C-	--------
Luke 15:4	πορεύεται	πορεύομαι	V-	3PMI-S--
Luke 15:4	ἐπὶ	ἐπί	P-	--------
Luke 15:4	τὸ	ὁ	RA	----ASN-
Luke 15:4	ἀπολωλὸς	ἀπόλλυμι	V-	-XAPASN-
Luke 15:4	ἕως	ἕως	C-	--------
Luke 15:4	εὕρῃ	εὑρίσκω	V-	3AAS-S--
Luke 15:4	αὐτό	αὐτός	RP	----ASN-
Luke 15:5	καὶ	καί	C-	--------
Luke 15:5	εὑρὼν	εὑρίσκω	V-	-AAPNSM-
Luke 15:5	ἐπιτίθησιν	ἐπιτίθημι	V-	3PAI-S--
Luke 15:5	ἐπὶ	ἐπί	P-	--------
Luke 15:5	τοὺς	ὁ	RA	----APM-
Luke 15:5	ὤμους	ὦμος	N-	----APM-
Luke 15:5	αὐτοῦ	αὐτός	RP	----GSM-
Luke 15:5	χαίρων	χαίρω	V-	-PAPNSM-
Luke 15:6	καὶ	καί	C-	--------
Luke 15:6	ἐλθὼν	ἔρχομαι	V-	-AAPNSM-
Luke 15:6	εἰς	εἰς	P-	--------
Luke 15:6	τὸν	ὁ	RA	----ASM-
Luke 15:6	οἶκον	οἶκος	N-	----ASM-
Luke 15:6	συγκαλεῖ	συγκαλέω	V-	3PAI-S--
Luke 15:6	τοὺς	ὁ	RA	----APM-
Luke 15:6	φίλους	φίλος	A-	----APM-
Luke 15:6	καὶ	καί	C-	--------
Luke 15:6	τοὺς	ὁ	RA	----APM-
Luke 15:6	γείτονας	γείτων	N-	----APM-
Luke 15:6	λέγων	λέγω	V-	-PAPNSM-
Luke 15:6	αὐτοῖς	αὐτός	RP	----DPM-
Luke 15:6	Συγχάρητέ	συγχαίρω	V-	2APD-P--
Luke 15:6	μοι	ἐγώ	RP	----DS--
Luke 15:6	ὅτι	ὅτι	C-	--------
Luke 15:6	εὗρον	εὑρίσκω	V-	1AAI-S--
Luke 15:6	τὸ	ὁ	RA	----ASN-
Luke 15:6	πρόβατόν	πρόβατον	N-	----ASN-
Luke 15:6	μου	ἐγώ	RP	----GS--
Luke 15:6	τὸ	ὁ	RA	----ASN-
Luke 15:6	ἀπολωλός	ἀπόλλυμι	V-	-XAPASN-
Luke 15:7	λέγω	λέγω	V-	1PAI-S--
Luke 15:7	ὑμῖν	σύ	RP	----DP--
Luke 15:7	ὅτι	ὅτι	C-	--------
Luke 15:7	οὕτως	οὕτω(ς)	D-	--------
Luke 15:7	χαρὰ	χαρά	N-	----NSF-
Luke 15:7	ἐν	ἐν	P-	--------
Luke 15:7	τῷ	ὁ	RA	----DSM-
Luke 15:7	οὐρανῷ	οὐρανός	N-	----DSM-
Luke 15:7	ἔσται	εἰμί	V-	3FMI-S--
Luke 15:7	ἐπὶ	ἐπί	P-	--------
Luke 15:7	ἑνὶ	εἷς	A-	----DSM-
Luke 15:7	ἁμαρτωλῷ	ἁμαρτωλός	A-	----DSM-
Luke 15:7	μετανοοῦντι	μετανοέω	V-	-PAPDSM-
Luke 15:7	ἢ	ἤ	C-	--------
Luke 15:7	ἐπὶ	ἐπί	P-	--------
Luke 15:7	ἐνενήκοντα	ἐνενήκοντα	A-	----DPM-
Luke 15:7	ἐννέα	ἐννέα	A-	----DPM-
Luke 15:7	δικαίοις	δίκαιος	A-	----DPM-
Luke 15:7	οἵτινες	ὅστις	RR	----NPM-
Luke 15:7	οὐ	οὐ	D-	--------
Luke 15:7	χρείαν	χρεία	N-	----ASF-
Luke 15:7	ἔχουσιν	ἔχω	V-	3PAI-P--
Luke 15:7	μετανοίας	μετάνοια	N-	----GSF-
Luke 15:8	Ἢ	ἤ	C-	--------
Luke 15:8	τίς	τίς	RI	----NSF-
Luke 15:8	γυνὴ	γυνή	N-	----NSF-
Luke 15:8	δραχμὰς	δραχμή	N-	----APF-
Luke 15:8	ἔχουσα	ἔχω	V-	-PAPNSF-
Luke 15:8	δέκα	δέκα	A-	----APF-
Luke 15:8	ἐὰν	ἐάν	C-	--------
Luke 15:8	ἀπολέσῃ	ἀπόλλυμι	V-	3AAS-S--
Luke 15:8	δραχμὴν	δραχμή	N-	----ASF-
Luke 15:8	μίαν	εἷς	A-	----ASF-
Luke 15:8	οὐχὶ	οὐχί	X-	--------
Luke 15:8	ἅπτει	ἅπτω	V-	3PAI-S--
Luke 15:8	λύχνον	λύχνος	N-	----ASM-
Luke 15:8	καὶ	καί	C-	--------
Luke 15:8	σαροῖ	σαρόω	V-	3PAI-S--
Luke 15:8	τὴν	ὁ	RA	----ASF-
Luke 15:8	οἰκίαν	οἰκία	N-	----ASF-
Luke 15:8	καὶ	καί	C-	--------
Luke 15:8	ζητεῖ	ζητέω	V-	3PAI-S--
Luke 15:8	ἐπιμελῶς	ἐπιμελῶς	D-	--------
Luke 15:8	ἕως	ἕως	P-	--------
Luke 15:8	οὗ	ὅς	RR	----GSM-
Luke 15:8	εὕρῃ	εὑρίσκω	V-	3AAS-S--
Luke 15:9	καὶ	καί	C-	--------
Luke 15:9	εὑροῦσα	εὑρίσκω	V-	-AAPNSF-
Luke 15:9	συγκαλεῖ	συγκαλέω	V-	3PAI-S--
Luke 15:9	τὰς	ὁ	RA	----APF-
Luke 15:9	φίλας	φίλος	A-	----APF-
Luke 15:9	καὶ	καί	C-	--------
Luke 15:9	γείτονας	γείτων	N-	----APF-
Luke 15:9	λέγουσα	λέγω	V-	-PAPNSF-
Luke 15:9	Συγχάρητέ	συγχαίρω	V-	2APD-P--
Luke 15:9	μοι	ἐγώ	RP	----DS--
Luke 15:9	ὅτι	ὅτι	C-	--------
Luke 15:9	εὗρον	εὑρίσκω	V-	1AAI-S--
Luke 15:9	τὴν	ὁ	RA	----ASF-
Luke 15:9	δραχμὴν	δραχμή	N-	----ASF-
Luke 15:9	ἣν	ὅς	RR	----ASF-
Luke 15:9	ἀπώλεσα	ἀπόλλυμι	V-	1AAI-S--
Luke 15:10	οὕτως	οὕτω(ς)	D-	--------
Luke 15:10	λέγω	λέγω	V-	1PAI-S--
Luke 15:10	ὑμῖν	σύ	RP	----DP--
Luke 15:10	γίνεται	γίνομαι	V-	3PMI-S--
Luke 15:10	χαρὰ	χαρά	N-	----NSF-
Luke 15:10	ἐνώπιον	ἐνώπιον	P-	--------
Luke 15:10	τῶν	ὁ	RA	----GPM-
Luke 15:10	ἀγγέλων	ἄγγελος	N-	----GPM-
Luke 15:10	τοῦ	ὁ	RA	----GSM-
Luke 15:10	θεοῦ	θεός	N-	----GSM-
Luke 15:10	ἐπὶ	ἐπί	P-	--------
Luke 15:10	ἑνὶ	εἷς	A-	----DSM-
Luke 15:10	ἁμαρτωλῷ	ἁμαρτωλός	A-	----DSM-
Luke 15:10	μετανοοῦντι	μετανοέω	V-	-PAPDSM-
Luke 15:11	Εἶπεν	λέγω	V-	3AAI-S--
Luke 15:11	δέ	δέ	C-	--------
Luke 15:11	Ἄνθρωπός	ἄνθρωπος	N-	----NSM-
Luke 15:11	τις	τις	RI	----NSM-
Luke 15:11	εἶχεν	ἔχω	V-	3IAI-S--
Luke 15:11	δύο	δύο	A-	----APM-
Luke 15:11	υἱούς	υἱός	N-	----APM-
Luke 15:12	καὶ	καί	C-	--------
Luke 15:12	εἶπεν	λέγω	V-	3AAI-S--
Luke 15:12	ὁ	ὁ	RA	----NSM-
Luke 15:12	νεώτερος	νέος	A-	----NSMC
Luke 15:12	αὐτῶν	αὐτός	RP	----GPM-
Luke 15:12	τῷ	ὁ	RA	----DSM-
Luke 15:12	πατρί	πατήρ	N-	----DSM-
Luke 15:12	Πάτερ	πατήρ	N-	----VSM-
Luke 15:12	δός	δίδωμι	V-	2AAD-S--
Luke 15:12	μοι	ἐγώ	RP	----DS--
Luke 15:12	τὸ	ὁ	RA	----ASN-
Luke 15:12	ἐπιβάλλον	ἐπιβάλλω	V-	-PAPASN-
Luke 15:12	μέρος	μέρος	N-	----ASN-
Luke 15:12	τῆς	ὁ	RA	----GSF-
Luke 15:12	οὐσίας	οὐσία	N-	----GSF-
Luke 15:12	ὁ	ὁ	RA	----NSM-
Luke 15:12	δὲ	δέ	C-	--------
Luke 15:12	διεῖλεν	διαιρέω	V-	3AAI-S--
Luke 15:12	αὐτοῖς	αὐτός	RP	----DPM-
Luke 15:12	τὸν	ὁ	RA	----ASM-
Luke 15:12	βίον	βίος	N-	----ASM-
Luke 15:13	καὶ	καί	C-	--------
Luke 15:13	μετ’	μετά	P-	--------
Luke 15:13	οὐ	οὐ	D-	--------
Luke 15:13	πολλὰς	πολύς	A-	----APF-
Luke 15:13	ἡμέρας	ἡμέρα	N-	----APF-
Luke 15:13	συναγαγὼν	συνάγω	V-	-AAPNSM-
Luke 15:13	πάντα	πᾶς	A-	----APN-
Luke 15:13	ὁ	ὁ	RA	----NSM-
Luke 15:13	νεώτερος	νέος	A-	----NSMC
Luke 15:13	υἱὸς	υἱός	N-	----NSM-
Luke 15:13	ἀπεδήμησεν	ἀποδημέω	V-	3AAI-S--
Luke 15:13	εἰς	εἰς	P-	--------
Luke 15:13	χώραν	χώρα	N-	----ASF-
Luke 15:13	μακράν	μακρός	A-	----ASF-
Luke 15:13	καὶ	καί	C-	--------
Luke 15:13	ἐκεῖ	ἐκεῖ	D-	--------
Luke 15:13	διεσκόρπισεν	διασκορπίζω	V-	3AAI-S--
Luke 15:13	τὴν	ὁ	RA	----ASF-
Luke 15:13	οὐσίαν	οὐσία	N-	----ASF-
Luke 15:13	αὐτοῦ	αὐτός	RP	----GSM-
Luke 15:13	ζῶν	ζάω	V-	-PAPNSM-
Luke 15:13	ἀσώτως	ἀσώτως	D-	--------
Luke 15:14	δαπανήσαντος	δαπανάω	V-	-AAPGSM-
Luke 15:14	δὲ	δέ	C-	--------
Luke 15:14	αὐτοῦ	αὐτός	RP	----GSM-
Luke 15:14	πάντα	πᾶς	A-	----APN-
Luke 15:14	ἐγένετο	γίνομαι	V-	3AMI-S--
Luke 15:14	λιμὸς	λιμός	N-	----NSF-
Luke 15:14	ἰσχυρὰ	ἰσχυρός	A-	----NSF-
Luke 15:14	κατὰ	κατά	P-	--------
Luke 15:14	τὴν	ὁ	RA	----ASF-
Luke 15:14	χώραν	χώρα	N-	----ASF-
Luke 15:14	ἐκείνην	ἐκεῖνος	RD	----ASF-
Luke 15:14	καὶ	καί	C-	--------
Luke 15:14	αὐτὸς	αὐτός	RP	----NSM-
Luke 15:14	ἤρξατο	ἄρχω	V-	3AMI-S--
Luke 15:14	ὑστερεῖσθαι	ὑστερέω	V-	-PPN----
Luke 15:15	καὶ	καί	C-	--------
Luke 15:15	πορευθεὶς	πορεύομαι	V-	-APPNSM-
Luke 15:15	ἐκολλήθη	κολλάομαι	V-	3API-S--
Luke 15:15	ἑνὶ	εἷς	A-	----DSM-
Luke 15:15	τῶν	ὁ	RA	----GPM-
Luke 15:15	πολιτῶν	πολίτης	N-	----GPM-
Luke 15:15	τῆς	ὁ	RA	----GSF-
Luke 15:15	χώρας	χώρα	N-	----GSF-
Luke 15:15	ἐκείνης	ἐκεῖνος	RD	----GSF-
Luke 15:15	καὶ	καί	C-	--------
Luke 15:15	ἔπεμψεν	πέμπω	V-	3AAI-S--
Luke 15:15	αὐτὸν	αὐτός	RP	----ASM-
Luke 15:15	εἰς	εἰς	P-	--------
Luke 15:15	τοὺς	ὁ	RA	----APM-
Luke 15:15	ἀγροὺς	ἀγρός	N-	----APM-
Luke 15:15	αὐτοῦ	αὐτός	RP	----GSM-
Luke 15:15	βόσκειν	βόσκω	V-	-PAN----
Luke 15:15	χοίρους	χοῖρος	N-	----APM-
Luke 15:16	καὶ	καί	C-	--------
Luke 15:16	ἐπεθύμει	ἐπιθυμέω	V-	3IAI-S--
Luke 15:16	γεμίσαι	γεμίζω	V-	-AAN----
Luke 15:16	τὴν	ὁ	RA	----ASF-
Luke 15:16	κοιλίαν	κοιλία	N-	----ASF-
Luke 15:16	αὐτοῦ	αὐτός	RP	----GSM-
Luke 15:16	ἀπὸ	ἀπό	P-	--------
Luke 15:16	τῶν	ὁ	RA	----GPN-
Luke 15:16	κερατίων	κεράτιον	N-	----GPN-
Luke 15:16	ὧν	ὅς	RR	----GPN-
Luke 15:16	ἤσθιον	ἐσθίω	V-	3IAI-P--
Luke 15:16	οἱ	ὁ	RA	----NPM-
Luke 15:16	χοῖροι	χοῖρος	N-	----NPM-
Luke 15:16	καὶ	καί	C-	--------
Luke 15:16	οὐδεὶς	οὐδείς	A-	----NSM-
Luke 15:16	ἐδίδου	δίδωμι	V-	3IAI-S--
Luke 15:16	αὐτῷ	αὐτός	RP	----DSM-
Luke 15:17	εἰς	εἰς	P-	--------
Luke 15:17	ἑαυτὸν	ἑαυτοῦ	RP	----ASM-
Luke 15:17	δὲ	δέ	C-	--------
Luke 15:17	ἐλθὼν	ἔρχομαι	V-	-AAPNSM-
Luke 15:17	ἔφη	φημί	V-	3IAI-S--
Luke 15:17	Πόσοι	πόσος	RI	----NPM-
Luke 15:17	μίσθιοι	μίσθιος	A-	----NPM-
Luke 15:17	τοῦ	ὁ	RA	----GSM-
Luke 15:17	πατρός	πατήρ	N-	----GSM-
Luke 15:17	μου	ἐγώ	RP	----GS--
Luke 15:17	περισσεύονται	περισσεύω	V-	3PMI-P--
Luke 15:17	ἄρτων	ἄρτος	N-	----GPM-
Luke 15:17	ἐγὼ	ἐγώ	RP	----NS--
Luke 15:17	δὲ	δέ	C-	--------
Luke 15:17	λιμῷ	λιμός	N-	----DSF-
Luke 15:17	ὧδε	ὧδε	D-	--------
Luke 15:17	ἀπόλλυμαι	ἀπόλλυμι	V-	1PMI-S--
Luke 15:18	ἀναστὰς	ἀνίστημι	V-	-AAPNSM-
Luke 15:18	πορεύσομαι	πορεύομαι	V-	1FMI-S--
Luke 15:18	πρὸς	πρός	P-	--------
Luke 15:18	τὸν	ὁ	RA	----ASM-
Luke 15:18	πατέρα	πατήρ	N-	----ASM-
Luke 15:18	μου	ἐγώ	RP	----GS--
Luke 15:18	καὶ	καί	C-	--------
Luke 15:18	ἐρῶ	λέγω	V-	1FAI-S--
Luke 15:18	αὐτῷ	αὐτός	RP	----DSM-
Luke 15:18	Πάτερ	πατήρ	N-	----VSM-
Luke 15:18	ἥμαρτον	ἁμαρτάνω	V-	1AAI-S--
Luke 15:18	εἰς	εἰς	P-	--------
Luke 15:18	τὸν	ὁ	RA	----ASM-
Luke 15:18	οὐρανὸν	οὐρανός	N-	----ASM-
Luke 15:18	καὶ	καί	C-	--------
Luke 15:18	ἐνώπιόν	ἐνώπιον	P-	--------
Luke 15:18	σου	σύ	RP	----GS--
Luke 15:19	οὐκέτι	οὐκέτι	D-	--------
Luke 15:19	εἰμὶ	εἰμί	V-	1PAI-S--
Luke 15:19	ἄξιος	ἄξιος	A-	----NSM-
Luke 15:19	κληθῆναι	καλέω	V-	-APN----
Luke 15:19	υἱός	υἱός	N-	----NSM-
Luke 15:19	σου	σύ	RP	----GS--
Luke 15:19	ποίησόν	ποιέω	V-	2AAD-S--
Luke 15:19	με	ἐγώ	RP	----AS--
Luke 15:19	ὡς	ὡς	C-	--------
Luke 15:19	ἕνα	εἷς	A-	----ASM-
Luke 15:19	τῶν	ὁ	RA	----GPM-
Luke 15:19	μισθίων	μίσθιος	A-	----GPM-
Luke 15:19	σου	σύ	RP	----GS--
Luke 15:20	καὶ	καί	C-	--------
Luke 15:20	ἀναστὰς	ἀνίστημι	V-	-AAPNSM-
Luke 15:20	ἦλθεν	ἔρχομαι	V-	3AAI-S--
Luke 15:20	πρὸς	πρός	P-	--------
Luke 15:20	τὸν	ὁ	RA	----ASM-
Luke 15:20	πατέρα	πατήρ	N-	----ASM-
Luke 15:20	ἑαυτοῦ	ἑαυτοῦ	RP	----GSM-
Luke 15:20	ἔτι	ἔτι	D-	--------
Luke 15:20	δὲ	δέ	C-	--------
Luke 15:20	αὐτοῦ	αὐτός	RP	----GSM-
Luke 15:20	μακρὰν	μακράν	D-	--------
Luke 15:20	ἀπέχοντος	ἀπέχω	V-	-PAPGSM-
Luke 15:20	εἶδεν	ὁράω	V-	3AAI-S--
Luke 15:20	αὐτὸν	αὐτός	RP	----ASM-
Luke 15:20	ὁ	ὁ	RA	----NSM-
Luke 15:20	πατὴρ	πατήρ	N-	----NSM-
Luke 15:20	αὐτοῦ	αὐτός	RP	----GSM-
Luke 15:20	καὶ	καί	C-	--------
Luke 15:20	ἐσπλαγχνίσθη	σπλαγχνίζομαι	V-	3API-S--
Luke 15:20	καὶ	καί	C-	--------
Luke 15:20	δραμὼν	τρέχω	V-	-AAPNSM-
Luke 15:20	ἐπέπεσεν	ἐπιπίπτω	V-	3AAI-S--
Luke 15:20	ἐπὶ	ἐπί	P-	--------
Luke 15:20	τὸν	ὁ	RA	----ASM-
Luke 15:20	τράχηλον	τράχηλος	N-	----ASM-
Luke 15:20	αὐτοῦ	αὐτός	RP	----GSM-
Luke 15:20	καὶ	καί	C-	--------
Luke 15:20	κατεφίλησεν	καταφιλέω	V-	3AAI-S--
Luke 15:20	αὐτόν	αὐτός	RP	----ASM-
Luke 15:21	εἶπεν	λέγω	V-	3AAI-S--
Luke 15:21	δὲ	δέ	C-	--------
Luke 15:21	ὁ	ὁ	RA	----NSM-
Luke 15:21	υἱὸς	υἱός	N-	----NSM-
Luke 15:21	αὐτῷ	αὐτός	RP	----DSM-
Luke 15:21	Πάτερ	πατήρ	N-	----VSM-
Luke 15:21	ἥμαρτον	ἁμαρτάνω	V-	1AAI-S--
Luke 15:21	εἰς	εἰς	P-	--------
Luke 15:21	τὸν	ὁ	RA	----ASM-
Luke 15:21	οὐρανὸν	οὐρανός	N-	----ASM-
Luke 15:21	καὶ	καί	C-	--------
Luke 15:21	ἐνώπιόν	ἐνώπιον	P-	--------
Luke 15:21	σου	σύ	RP	----GS--
Luke 15:21	οὐκέτι	οὐκέτι	D-	--------
Luke 15:21	εἰμὶ	εἰμί	V-	1PAI-S--
Luke 15:21	ἄξιος	ἄξιος	A-	----NSM-
Luke 15:21	κληθῆναι	καλέω	V-	-APN----
Luke 15:21	υἱός	υἱός	N-	----NSM-
Luke 15:21	σου	σύ	RP	----GS--
Luke 15:22	εἶπεν	λέγω	V-	3AAI-S--
Luke 15:22	δὲ	δέ	C-	--------
Luke 15:22	ὁ	ὁ	RA	----NSM-
Luke 15:22	πατὴρ	πατήρ	N-	----NSM-
Luke 15:22	πρὸς	πρός	P-	--------
Luke 15:22	τοὺς	ὁ	RA	----APM-
Luke 15:22	δούλους	δοῦλος	N-	----APM-
Luke 15:22	αὐτοῦ	αὐτός	RP	----GSM-
Luke 15:22	Ταχὺ	ταχύς	A-	----ASN-
Luke 15:22	ἐξενέγκατε	ἐκφέρω	V-	2AAD-P--
Luke 15:22	στολὴν	στολή	N-	----ASF-
Luke 15:22	τὴν	ὁ	RA	----ASF-
Luke 15:22	πρώτην	πρῶτος	A-	----ASF-
Luke 15:22	καὶ	καί	C-	--------
Luke 15:22	ἐνδύσατε	ἐνδύω	V-	2AAD-P--
Luke 15:22	αὐτόν	αὐτός	RP	----ASM-
Luke 15:22	καὶ	καί	C-	--------
Luke 15:22	δότε	δίδωμι	V-	2AAD-P--
Luke 15:22	δακτύλιον	δακτύλιος	N-	----ASM-
Luke 15:22	εἰς	εἰς	P-	--------
Luke 15:22	τὴν	ὁ	RA	----ASF-
Luke 15:22	χεῖρα	χείρ	N-	----ASF-
Luke 15:22	αὐτοῦ	αὐτός	RP	----GSM-
Luke 15:22	καὶ	καί	C-	--------
Luke 15:22	ὑποδήματα	ὑπόδημα	N-	----APN-
Luke 15:22	εἰς	εἰς	P-	--------
Luke 15:22	τοὺς	ὁ	RA	----APM-
Luke 15:22	πόδας	πούς	N-	----APM-
Luke 15:23	καὶ	καί	C-	--------
Luke 15:23	φέρετε	φέρω	V-	2PAD-P--
Luke 15:23	τὸν	ὁ	RA	----ASM-
Luke 15:23	μόσχον	μόσχος	N-	----ASM-
Luke 15:23	τὸν	ὁ	RA	----ASM-
Luke 15:23	σιτευτόν	σιτευτός	A-	----ASM-
Luke 15:23	θύσατε	θύω	V-	2AAD-P--
Luke 15:23	καὶ	καί	C-	--------
Luke 15:23	φαγόντες	ἐσθίω	V-	-AAPNPM-
Luke 15:23	εὐφρανθῶμεν	εὐφραίνω	V-	1APS-P--
Luke 15:24	ὅτι	ὅτι	C-	--------
Luke 15:24	οὗτος	οὗτος	RD	----NSM-
Luke 15:24	ὁ	ὁ	RA	----NSM-
Luke 15:24	υἱός	υἱός	N-	----NSM-
Luke 15:24	μου	ἐγώ	RP	----GS--
Luke 15:24	νεκρὸς	νεκρός	A-	----NSM-
Luke 15:24	ἦν	εἰμί	V-	3IAI-S--
Luke 15:24	καὶ	καί	C-	--------
Luke 15:24	ἀνέζησεν	ἀναζάω	V-	3AAI-S--
Luke 15:24	ἦν	εἰμί	V-	3IAI-S--
Luke 15:24	ἀπολωλὼς	ἀπόλλυμι	V-	-XAPNSM-
Luke 15:24	καὶ	καί	C-	--------
Luke 15:24	εὑρέθη	εὑρίσκω	V-	3API-S--
Luke 15:24	καὶ	καί	C-	--------
Luke 15:24	ἤρξαντο	ἄρχω	V-	3AMI-P--
Luke 15:24	εὐφραίνεσθαι	εὐφραίνω	V-	-PPN----
Luke 15:25	Ἦν	εἰμί	V-	3IAI-S--
Luke 15:25	δὲ	δέ	C-	--------
Luke 15:25	ὁ	ὁ	RA	----NSM-
Luke 15:25	υἱὸς	υἱός	N-	----NSM-
Luke 15:25	αὐτοῦ	αὐτός	RP	----GSM-
Luke 15:25	ὁ	ὁ	RA	----NSM-
Luke 15:25	πρεσβύτερος	πρεσβύτερος	A-	----NSMC
Luke 15:25	ἐν	ἐν	P-	--------
Luke 15:25	ἀγρῷ	ἀγρός	N-	----DSM-
Luke 15:25	καὶ	καί	C-	--------
Luke 15:25	ὡς	ὡς	C-	--------
Luke 15:25	ἐρχόμενος	ἔρχομαι	V-	-PMPNSM-
Luke 15:25	ἤγγισεν	ἐγγίζω	V-	3AAI-S--
Luke 15:25	τῇ	ὁ	RA	----DSF-
Luke 15:25	οἰκίᾳ	οἰκία	N-	----DSF-
Luke 15:25	ἤκουσεν	ἀκούω	V-	3AAI-S--
Luke 15:25	συμφωνίας	συμφωνία	N-	----GSF-
Luke 15:25	καὶ	καί	C-	--------
Luke 15:25	χορῶν	χορός	N-	----GPM-
Luke 15:26	καὶ	καί	C-	--------
Luke 15:26	προσκαλεσάμενος	προσκαλέομαι	V-	-AMPNSM-
Luke 15:26	ἕνα	εἷς	A-	----ASM-
Luke 15:26	τῶν	ὁ	RA	----GPM-
Luke 15:26	παίδων	παῖς	N-	----GPM-
Luke 15:26	ἐπυνθάνετο	πυνθάνομαι	V-	3IMI-S--
Luke 15:26	τί	τίς	RI	----NSN-
Luke 15:26	ἂν	ἄν	X-	--------
Luke 15:26	εἴη	εἰμί	V-	3PAO-S--
Luke 15:26	ταῦτα	οὗτος	RD	----NPN-
Luke 15:27	ὁ	ὁ	RA	----NSM-
Luke 15:27	δὲ	δέ	C-	--------
Luke 15:27	εἶπεν	λέγω	V-	3AAI-S--
Luke 15:27	αὐτῷ	αὐτός	RP	----DSM-
Luke 15:27	ὅτι	ὅτι	C-	--------
Luke 15:27	Ὁ	ὁ	RA	----NSM-
Luke 15:27	ἀδελφός	ἀδελφός	N-	----NSM-
Luke 15:27	σου	σύ	RP	----GS--
Luke 15:27	ἥκει	ἥκω	V-	3PAI-S--
Luke 15:27	καὶ	καί	C-	--------
Luke 15:27	ἔθυσεν	θύω	V-	3AAI-S--
Luke 15:27	ὁ	ὁ	RA	----NSM-
Luke 15:27	πατήρ	πατήρ	N-	----NSM-
Luke 15:27	σου	σύ	RP	----GS--
Luke 15:27	τὸν	ὁ	RA	----ASM-
Luke 15:27	μόσχον	μόσχος	N-	----ASM-
Luke 15:27	τὸν	ὁ	RA	----ASM-
Luke 15:27	σιτευτόν	σιτευτός	A-	----ASM-
Luke 15:27	ὅτι	ὅτι	C-	--------
Luke 15:27	ὑγιαίνοντα	ὑγιαίνω	V-	-PAPASM-
Luke 15:27	αὐτὸν	αὐτός	RP	----ASM-
Luke 15:27	ἀπέλαβεν	ἀπολαμβάνω	V-	3AAI-S--
Luke 15:28	ὠργίσθη	ὀργίζομαι	V-	3API-S--
Luke 15:28	δὲ	δέ	C-	--------
Luke 15:28	καὶ	καί	C-	--------
Luke 15:28	οὐκ	οὐ	D-	--------
Luke 15:28	ἤθελεν	θέλω	V-	3IAI-S--
Luke 15:28	εἰσελθεῖν	εἰσέρχομαι	V-	-AAN----
Luke 15:28	ὁ	ὁ	RA	----NSM-
Luke 15:28	δὲ	δέ	C-	--------
Luke 15:28	πατὴρ	πατήρ	N-	----NSM-
Luke 15:28	αὐτοῦ	αὐτός	RP	----GSM-
Luke 15:28	ἐξελθὼν	ἐξέρχομαι	V-	-AAPNSM-
Luke 15:28	παρεκάλει	παρακαλέω	V-	3IAI-S--
Luke 15:28	αὐτόν	αὐτός	RP	----ASM-
Luke 15:29	ὁ	ὁ	RA	----NSM-
Luke 15:29	δὲ	δέ	C-	--------
Luke 15:29	ἀποκριθεὶς	ἀποκρίνομαι	V-	-APPNSM-
Luke 15:29	εἶπεν	λέγω	V-	3AAI-S--
Luke 15:29	τῷ	ὁ	RA	----DSM-
Luke 15:29	πατρὶ	πατήρ	N-	----DSM-
Luke 15:29	αὐτοῦ	αὐτός	RP	----GSM-
Luke 15:29	Ἰδοὺ	ἰδού	X-	--------
Luke 15:29	τοσαῦτα	τοσοῦτος	RD	----APN-
Luke 15:29	ἔτη	ἔτος	N-	----APN-
Luke 15:29	δουλεύω	δουλεύω	V-	1PAI-S--
Luke 15:29	σοι	σύ	RP	----DS--
Luke 15:29	καὶ	καί	C-	--------
Luke 15:29	οὐδέποτε	οὐδέποτε	D-	--------
Luke 15:29	ἐντολήν	ἐντολή	N-	----ASF-
Luke 15:29	σου	σύ	RP	----GS--
Luke 15:29	παρῆλθον	παρέρχομαι	V-	1AAI-S--
Luke 15:29	καὶ	καί	C-	--------
Luke 15:29	ἐμοὶ	ἐγώ	RP	----DS--
Luke 15:29	οὐδέποτε	οὐδέποτε	D-	--------
Luke 15:29	ἔδωκας	δίδωμι	V-	2AAI-S--
Luke 15:29	ἔριφον	ἔριφος	N-	----ASM-
Luke 15:29	ἵνα	ἵνα	C-	--------
Luke 15:29	μετὰ	μετά	P-	--------
Luke 15:29	τῶν	ὁ	RA	----GPM-
Luke 15:29	φίλων	φίλος	A-	----GPM-
Luke 15:29	μου	ἐγώ	RP	----GS--
Luke 15:29	εὐφρανθῶ	εὐφραίνω	V-	1APS-S--
Luke 15:30	ὅτε	ὅτε	C-	--------
Luke 15:30	δὲ	δέ	C-	--------
Luke 15:30	ὁ	ὁ	RA	----NSM-
Luke 15:30	υἱός	υἱός	N-	----NSM-
Luke 15:30	σου	σύ	RP	----GS--
Luke 15:30	οὗτος	οὗτος	RD	----NSM-
Luke 15:30	ὁ	ὁ	RA	----NSM-
Luke 15:30	καταφαγών	κατεσθίω	V-	-AAPNSM-
Luke 15:30	σου	σύ	RP	----GS--
Luke 15:30	τὸν	ὁ	RA	----ASM-
Luke 15:30	βίον	βίος	N-	----ASM-
Luke 15:30	μετὰ	μετά	P-	--------
Luke 15:30	πορνῶν	πόρνη	N-	----GPF-
Luke 15:30	ἦλθεν	ἔρχομαι	V-	3AAI-S--
Luke 15:30	ἔθυσας	θύω	V-	2AAI-S--
Luke 15:30	αὐτῷ	αὐτός	RP	----DSM-
Luke 15:30	τὸν	ὁ	RA	----ASM-
Luke 15:30	σιτευτὸν	σιτευτός	A-	----ASM-
Luke 15:30	μόσχον	μόσχος	N-	----ASM-
Luke 15:31	ὁ	ὁ	RA	----NSM-
Luke 15:31	δὲ	δέ	C-	--------
Luke 15:31	εἶπεν	λέγω	V-	3AAI-S--
Luke 15:31	αὐτῷ	αὐτός	RP	----DSM-
Luke 15:31	Τέκνον	τέκνον	N-	----VSN-
Luke 15:31	σὺ	σύ	RP	----NS--
Luke 15:31	πάντοτε	πάντοτε	D-	--------
Luke 15:31	μετ’	μετά	P-	--------
Luke 15:31	ἐμοῦ	ἐγώ	RP	----GS--
Luke 15:31	εἶ	εἰμί	V-	2PAI-S--
Luke 15:31	καὶ	καί	C-	--------
Luke 15:31	πάντα	πᾶς	A-	----NPN-
Luke 15:31	τὰ	ὁ	RA	----NPN-
Luke 15:31	ἐμὰ	ἐμός	A-	----NPN-
Luke 15:31	σά	σός	A-	----NPN-
Luke 15:31	ἐστιν	εἰμί	V-	3PAI-S--
Luke 15:32	εὐφρανθῆναι	εὐφραίνω	V-	-APN----
Luke 15:32	δὲ	δέ	C-	--------
Luke 15:32	καὶ	καί	C-	--------
Luke 15:32	χαρῆναι	χαίρω	V-	-APN----
Luke 15:32	ἔδει	δέω	V-	3IAI-S--
Luke 15:32	ὅτι	ὅτι	C-	--------
Luke 15:32	ὁ	ὁ	RA	----NSM-
Luke 15:32	ἀδελφός	ἀδελφός	N-	----NSM-
Luke 15:32	σου	σύ	RP	----GS--
Luke 15:32	οὗτος	οὗτος	RD	----NSM-
Luke 15:32	νεκρὸς	νεκρός	A-	----NSM-
Luke 15:32	ἦν	εἰμί	V-	3IAI-S--
Luke 15:32	καὶ	καί	C-	--------
Luke 15:32	ἔζησεν	ζάω	V-	3AAI-S--
Luke 15:32	καὶ	καί	C-	--------
Luke 15:32	ἀπολωλὼς	ἀπόλλυμι	V-	-XAPNSM-
Luke 15:32	καὶ	καί	C-	--------
Luke 15:32	εὑρέθη	εὑρίσκω	V-	3API-S--
Luke 16:1	Ἔλεγεν	λέγω	V-	3IAI-S--
Luke 16:1	δὲ	δέ	C-	--------
Luke 16:1	καὶ	καί	D-	--------
Luke 16:1	πρὸς	πρός	P-	--------
Luke 16:1	τοὺς	ὁ	RA	----APM-
Luke 16:1	μαθητάς	μαθητής	N-	----APM-
Luke 16:1	Ἄνθρωπός	ἄνθρωπος	N-	----NSM-
Luke 16:1	τις	τις	RI	----NSM-
Luke 16:1	ἦν	εἰμί	V-	3IAI-S--
Luke 16:1	πλούσιος	πλούσιος	A-	----NSM-
Luke 16:1	ὃς	ὅς	RR	----NSM-
Luke 16:1	εἶχεν	ἔχω	V-	3IAI-S--
Luke 16:1	οἰκονόμον	οἰκονόμος	N-	----ASM-
Luke 16:1	καὶ	καί	C-	--------
Luke 16:1	οὗτος	οὗτος	RD	----NSM-
Luke 16:1	διεβλήθη	διαβάλλω	V-	3API-S--
Luke 16:1	αὐτῷ	αὐτός	RP	----DSM-
Luke 16:1	ὡς	ὡς	C-	--------
Luke 16:1	διασκορπίζων	διασκορπίζω	V-	-PAPNSM-
Luke 16:1	τὰ	ὁ	RA	----APN-
Luke 16:1	ὑπάρχοντα	ὑπάρχω	V-	-PAPAPN-
Luke 16:1	αὐτοῦ	αὐτός	RP	----GSM-
Luke 16:2	καὶ	καί	C-	--------
Luke 16:2	φωνήσας	φωνέω	V-	-AAPNSM-
Luke 16:2	αὐτὸν	αὐτός	RP	----ASM-
Luke 16:2	εἶπεν	λέγω	V-	3AAI-S--
Luke 16:2	αὐτῷ	αὐτός	RP	----DSM-
Luke 16:2	Τί	τίς	RI	----ASN-
Luke 16:2	τοῦτο	οὗτος	RD	----ASN-
Luke 16:2	ἀκούω	ἀκούω	V-	1PAI-S--
Luke 16:2	περὶ	περί	P-	--------
Luke 16:2	σοῦ	σύ	RP	----GS--
Luke 16:2	ἀπόδος	ἀποδίδωμι	V-	2AAD-S--
Luke 16:2	τὸν	ὁ	RA	----ASM-
Luke 16:2	λόγον	λόγος	N-	----ASM-
Luke 16:2	τῆς	ὁ	RA	----GSF-
Luke 16:2	οἰκονομίας	οἰκονομία	N-	----GSF-
Luke 16:2	σου	σύ	RP	----GS--
Luke 16:2	οὐ	οὐ	D-	--------
Luke 16:2	γὰρ	γάρ	C-	--------
Luke 16:2	δύνῃ	δύναμαι	V-	2PMI-S--
Luke 16:2	ἔτι	ἔτι	D-	--------
Luke 16:2	οἰκονομεῖν	οἰκονομέω	V-	-PAN----
Luke 16:3	εἶπεν	λέγω	V-	3AAI-S--
Luke 16:3	δὲ	δέ	C-	--------
Luke 16:3	ἐν	ἐν	P-	--------
Luke 16:3	ἑαυτῷ	ἑαυτοῦ	RP	----DSM-
Luke 16:3	ὁ	ὁ	RA	----NSM-
Luke 16:3	οἰκονόμος	οἰκονόμος	N-	----NSM-
Luke 16:3	Τί	τίς	RI	----ASN-
Luke 16:3	ποιήσω	ποιέω	V-	1AAS-S--
Luke 16:3	ὅτι	ὅτι	C-	--------
Luke 16:3	ὁ	ὁ	RA	----NSM-
Luke 16:3	κύριός	κύριος	N-	----NSM-
Luke 16:3	μου	ἐγώ	RP	----GS--
Luke 16:3	ἀφαιρεῖται	ἀφαιρέω	V-	3PMI-S--
Luke 16:3	τὴν	ὁ	RA	----ASF-
Luke 16:3	οἰκονομίαν	οἰκονομία	N-	----ASF-
Luke 16:3	ἀπ’	ἀπό	P-	--------
Luke 16:3	ἐμοῦ	ἐγώ	RP	----GS--
Luke 16:3	σκάπτειν	σκάπτω	V-	-PAN----
Luke 16:3	οὐκ	οὐ	D-	--------
Luke 16:3	ἰσχύω	ἰσχύω	V-	1PAI-S--
Luke 16:3	ἐπαιτεῖν	ἐπαιτέω	V-	-PAN----
Luke 16:3	αἰσχύνομαι	αἰσχύνομαι	V-	1PMI-S--
Luke 16:4	ἔγνων	γινώσκω	V-	1AAI-S--
Luke 16:4	τί	τίς	RI	----ASN-
Luke 16:4	ποιήσω	ποιέω	V-	1AAS-S--
Luke 16:4	ἵνα	ἵνα	C-	--------
Luke 16:4	ὅταν	ὅταν	C-	--------
Luke 16:4	μετασταθῶ	μεθίστημι	V-	1APS-S--
Luke 16:4	ἐκ	ἐκ	P-	--------
Luke 16:4	τῆς	ὁ	RA	----GSF-
Luke 16:4	οἰκονομίας	οἰκονομία	N-	----GSF-
Luke 16:4	δέξωνταί	δέχομαι	V-	3AMS-P--
Luke 16:4	με	ἐγώ	RP	----AS--
Luke 16:4	εἰς	εἰς	P-	--------
Luke 16:4	τοὺς	ὁ	RA	----APM-
Luke 16:4	οἴκους	οἶκος	N-	----APM-
Luke 16:4	ἑαυτῶν	ἑαυτοῦ	RP	----GPM-
Luke 16:5	καὶ	καί	C-	--------
Luke 16:5	προσκαλεσάμενος	προσκαλέομαι	V-	-AMPNSM-
Luke 16:5	ἕνα	εἷς	A-	----ASM-
Luke 16:5	ἕκαστον	ἕκαστος	A-	----ASM-
Luke 16:5	τῶν	ὁ	RA	----GPM-
Luke 16:5	χρεοφειλετῶν	χρεοφειλέτης	N-	----GPM-
Luke 16:5	τοῦ	ὁ	RA	----GSM-
Luke 16:5	κυρίου	κύριος	N-	----GSM-
Luke 16:5	ἑαυτοῦ	ἑαυτοῦ	RP	----GSM-
Luke 16:5	ἔλεγεν	λέγω	V-	3IAI-S--
Luke 16:5	τῷ	ὁ	RA	----DSM-
Luke 16:5	πρώτῳ	πρῶτος	A-	----DSM-
Luke 16:5	Πόσον	πόσος	RI	----ASN-
Luke 16:5	ὀφείλεις	ὀφείλω	V-	2PAI-S--
Luke 16:5	τῷ	ὁ	RA	----DSM-
Luke 16:5	κυρίῳ	κύριος	N-	----DSM-
Luke 16:5	μου	ἐγώ	RP	----GS--
Luke 16:6	ὁ	ὁ	RA	----NSM-
Luke 16:6	δὲ	δέ	C-	--------
Luke 16:6	εἶπεν	λέγω	V-	3AAI-S--
Luke 16:6	Ἑκατὸν	ἑκατόν	A-	----APM-
Luke 16:6	βάτους	βάτος	N-	----APM-
Luke 16:6	ἐλαίου	ἔλαιον	N-	----GSN-
Luke 16:6	ὁ	ὁ	RA	----NSM-
Luke 16:6	δὲ	δέ	C-	--------
Luke 16:6	εἶπεν	λέγω	V-	3AAI-S--
Luke 16:6	αὐτῷ	αὐτός	RP	----DSM-
Luke 16:6	Δέξαι	δέχομαι	V-	2AMD-S--
Luke 16:6	σου	σύ	RP	----GS--
Luke 16:6	τὰ	ὁ	RA	----APN-
Luke 16:6	γράμματα	γράμμα	N-	----APN-
Luke 16:6	καὶ	καί	C-	--------
Luke 16:6	καθίσας	καθίζω	V-	-AAPNSM-
Luke 16:6	ταχέως	ταχέως	D-	--------
Luke 16:6	γράψον	γράφω	V-	2AAD-S--
Luke 16:6	πεντήκοντα	πεντήκοντα	A-	----APM-
Luke 16:7	ἔπειτα	ἔπειτα	D-	--------
Luke 16:7	ἑτέρῳ	ἕτερος	A-	----DSM-
Luke 16:7	εἶπεν	λέγω	V-	3AAI-S--
Luke 16:7	Σὺ	σύ	RP	----NS--
Luke 16:7	δὲ	δέ	C-	--------
Luke 16:7	πόσον	πόσος	RI	----ASN-
Luke 16:7	ὀφείλεις	ὀφείλω	V-	2PAI-S--
Luke 16:7	ὁ	ὁ	RA	----NSM-
Luke 16:7	δὲ	δέ	C-	--------
Luke 16:7	εἶπεν	λέγω	V-	3AAI-S--
Luke 16:7	Ἑκατὸν	ἑκατόν	A-	----APM-
Luke 16:7	κόρους	κόρος	N-	----APM-
Luke 16:7	σίτου	σῖτος	N-	----GSM-
Luke 16:7	λέγει	λέγω	V-	3PAI-S--
Luke 16:7	αὐτῷ	αὐτός	RP	----DSM-
Luke 16:7	Δέξαι	δέχομαι	V-	2AMD-S--
Luke 16:7	σου	σύ	RP	----GS--
Luke 16:7	τὰ	ὁ	RA	----APN-
Luke 16:7	γράμματα	γράμμα	N-	----APN-
Luke 16:7	καὶ	καί	C-	--------
Luke 16:7	γράψον	γράφω	V-	2AAD-S--
Luke 16:7	ὀγδοήκοντα	ὀγδοήκοντα	A-	----APM-
Luke 16:8	καὶ	καί	C-	--------
Luke 16:8	ἐπῄνεσεν	ἐπαινέω	V-	3AAI-S--
Luke 16:8	ὁ	ὁ	RA	----NSM-
Luke 16:8	κύριος	κύριος	N-	----NSM-
Luke 16:8	τὸν	ὁ	RA	----ASM-
Luke 16:8	οἰκονόμον	οἰκονόμος	N-	----ASM-
Luke 16:8	τῆς	ὁ	RA	----GSF-
Luke 16:8	ἀδικίας	ἀδικία	N-	----GSF-
Luke 16:8	ὅτι	ὅτι	C-	--------
Luke 16:8	φρονίμως	φρονίμως	D-	--------
Luke 16:8	ἐποίησεν	ποιέω	V-	3AAI-S--
Luke 16:8	ὅτι	ὅτι	C-	--------
Luke 16:8	οἱ	ὁ	RA	----NPM-
Luke 16:8	υἱοὶ	υἱός	N-	----NPM-
Luke 16:8	τοῦ	ὁ	RA	----GSM-
Luke 16:8	αἰῶνος	αἰών	N-	----GSM-
Luke 16:8	τούτου	οὗτος	RD	----GSM-
Luke 16:8	φρονιμώτεροι	φρόνιμος	A-	----NPMC
Luke 16:8	ὑπὲρ	ὑπέρ	P-	--------
Luke 16:8	τοὺς	ὁ	RA	----APM-
Luke 16:8	υἱοὺς	υἱός	N-	----APM-
Luke 16:8	τοῦ	ὁ	RA	----GSN-
Luke 16:8	φωτὸς	φῶς	N-	----GSN-
Luke 16:8	εἰς	εἰς	P-	--------
Luke 16:8	τὴν	ὁ	RA	----ASF-
Luke 16:8	γενεὰν	γενεά	N-	----ASF-
Luke 16:8	τὴν	ὁ	RA	----ASF-
Luke 16:8	ἑαυτῶν	ἑαυτοῦ	RP	----GPM-
Luke 16:8	εἰσιν	εἰμί	V-	3PAI-P--
Luke 16:9	καὶ	καί	C-	--------
Luke 16:9	ἐγὼ	ἐγώ	RP	----NS--
Luke 16:9	ὑμῖν	σύ	RP	----DP--
Luke 16:9	λέγω	λέγω	V-	1PAI-S--
Luke 16:9	ἑαυτοῖς	ἑαυτοῦ	RP	----DPM-
Luke 16:9	ποιήσατε	ποιέω	V-	2AAD-P--
Luke 16:9	φίλους	φίλος	A-	----APM-
Luke 16:9	ἐκ	ἐκ	P-	--------
Luke 16:9	τοῦ	ὁ	RA	----GSM-
Luke 16:9	μαμωνᾶ	μαμωνᾶς	N-	----GSM-
Luke 16:9	τῆς	ὁ	RA	----GSF-
Luke 16:9	ἀδικίας	ἀδικία	N-	----GSF-
Luke 16:9	ἵνα	ἵνα	C-	--------
Luke 16:9	ὅταν	ὅταν	C-	--------
Luke 16:9	ἐκλίπῃ	ἐκλείπω	V-	3AAS-S--
Luke 16:9	δέξωνται	δέχομαι	V-	3AMS-P--
Luke 16:9	ὑμᾶς	σύ	RP	----AP--
Luke 16:9	εἰς	εἰς	P-	--------
Luke 16:9	τὰς	ὁ	RA	----APF-
Luke 16:9	αἰωνίους	αἰώνιος	A-	----APF-
Luke 16:9	σκηνάς	σκηνή	N-	----APF-
Luke 16:10	Ὁ	ὁ	RA	----NSM-
Luke 16:10	πιστὸς	πιστός	A-	----NSM-
Luke 16:10	ἐν	ἐν	P-	--------
Luke 16:10	ἐλαχίστῳ	ἐλάχιστος	A-	----DSNS
Luke 16:10	καὶ	καί	D-	--------
Luke 16:10	ἐν	ἐν	P-	--------
Luke 16:10	πολλῷ	πολύς	A-	----DSN-
Luke 16:10	πιστός	πιστός	A-	----NSM-
Luke 16:10	ἐστιν	εἰμί	V-	3PAI-S--
Luke 16:10	καὶ	καί	C-	--------
Luke 16:10	ὁ	ὁ	RA	----NSM-
Luke 16:10	ἐν	ἐν	P-	--------
Luke 16:10	ἐλαχίστῳ	ἐλάχιστος	A-	----DSNS
Luke 16:10	ἄδικος	ἄδικος	A-	----NSM-
Luke 16:10	καὶ	καί	D-	--------
Luke 16:10	ἐν	ἐν	P-	--------
Luke 16:10	πολλῷ	πολύς	A-	----DSN-
Luke 16:10	ἄδικός	ἄδικος	A-	----NSM-
Luke 16:10	ἐστιν	εἰμί	V-	3PAI-S--
Luke 16:11	εἰ	εἰ	C-	--------
Luke 16:11	οὖν	οὖν	C-	--------
Luke 16:11	ἐν	ἐν	P-	--------
Luke 16:11	τῷ	ὁ	RA	----DSM-
Luke 16:11	ἀδίκῳ	ἄδικος	A-	----DSM-
Luke 16:11	μαμωνᾷ	μαμωνᾶς	N-	----DSM-
Luke 16:11	πιστοὶ	πιστός	A-	----NPM-
Luke 16:11	οὐκ	οὐ	D-	--------
Luke 16:11	ἐγένεσθε	γίνομαι	V-	2AMI-P--
Luke 16:11	τὸ	ὁ	RA	----ASN-
Luke 16:11	ἀληθινὸν	ἀληθινός	A-	----ASN-
Luke 16:11	τίς	τίς	RI	----NSM-
Luke 16:11	ὑμῖν	σύ	RP	----DP--
Luke 16:11	πιστεύσει	πιστεύω	V-	3FAI-S--
Luke 16:12	καὶ	καί	C-	--------
Luke 16:12	εἰ	εἰ	C-	--------
Luke 16:12	ἐν	ἐν	P-	--------
Luke 16:12	τῷ	ὁ	RA	----DSN-
Luke 16:12	ἀλλοτρίῳ	ἀλλότριος	A-	----DSN-
Luke 16:12	πιστοὶ	πιστός	A-	----NPM-
Luke 16:12	οὐκ	οὐ	D-	--------
Luke 16:12	ἐγένεσθε	γίνομαι	V-	2AMI-P--
Luke 16:12	τὸ	ὁ	RA	----ASN-
Luke 16:12	ὑμέτερον	ὑμέτερος	A-	----ASN-
Luke 16:12	τίς	τίς	RI	----NSM-
Luke 16:12	δώσει	δίδωμι	V-	3FAI-S--
Luke 16:12	ὑμῖν	σύ	RP	----DP--
Luke 16:13	οὐδεὶς	οὐδείς	A-	----NSM-
Luke 16:13	οἰκέτης	οἰκέτης	N-	----NSM-
Luke 16:13	δύναται	δύναμαι	V-	3PMI-S--
Luke 16:13	δυσὶ	δύο	A-	----DPM-
Luke 16:13	κυρίοις	κύριος	N-	----DPM-
Luke 16:13	δουλεύειν	δουλεύω	V-	-PAN----
Luke 16:13	ἢ	ἤ	C-	--------
Luke 16:13	γὰρ	γάρ	C-	--------
Luke 16:13	τὸν	ὁ	RA	----ASM-
Luke 16:13	ἕνα	εἷς	A-	----ASM-
Luke 16:13	μισήσει	μισέω	V-	3FAI-S--
Luke 16:13	καὶ	καί	C-	--------
Luke 16:13	τὸν	ὁ	RA	----ASM-
Luke 16:13	ἕτερον	ἕτερος	A-	----ASM-
Luke 16:13	ἀγαπήσει	ἀγαπάω	V-	3FAI-S--
Luke 16:13	ἢ	ἤ	C-	--------
Luke 16:13	ἑνὸς	εἷς	A-	----GSM-
Luke 16:13	ἀνθέξεται	ἀντέχομαι	V-	3FMI-S--
Luke 16:13	καὶ	καί	C-	--------
Luke 16:13	τοῦ	ὁ	RA	----GSM-
Luke 16:13	ἑτέρου	ἕτερος	A-	----GSM-
Luke 16:13	καταφρονήσει	καταφρονέω	V-	3FAI-S--
Luke 16:13	οὐ	οὐ	D-	--------
Luke 16:13	δύνασθε	δύναμαι	V-	2PMI-P--
Luke 16:13	θεῷ	θεός	N-	----DSM-
Luke 16:13	δουλεύειν	δουλεύω	V-	-PAN----
Luke 16:13	καὶ	καί	C-	--------
Luke 16:13	μαμωνᾷ	μαμωνᾶς	N-	----DSM-
Luke 16:14	Ἤκουον	ἀκούω	V-	3IAI-P--
Luke 16:14	δὲ	δέ	C-	--------
Luke 16:14	ταῦτα	οὗτος	RD	----APN-
Luke 16:14	πάντα	πᾶς	A-	----APN-
Luke 16:14	οἱ	ὁ	RA	----NPM-
Luke 16:14	Φαρισαῖοι	Φαρισαῖος	N-	----NPM-
Luke 16:14	φιλάργυροι	φιλάργυρος	A-	----NPM-
Luke 16:14	ὑπάρχοντες	ὑπάρχω	V-	-PAPNPM-
Luke 16:14	καὶ	καί	C-	--------
Luke 16:14	ἐξεμυκτήριζον	ἐκμυκτηρίζω	V-	3IAI-P--
Luke 16:14	αὐτόν	αὐτός	RP	----ASM-
Luke 16:15	καὶ	καί	C-	--------
Luke 16:15	εἶπεν	λέγω	V-	3AAI-S--
Luke 16:15	αὐτοῖς	αὐτός	RP	----DPM-
Luke 16:15	Ὑμεῖς	σύ	RP	----NP--
Luke 16:15	ἐστε	εἰμί	V-	2PAI-P--
Luke 16:15	οἱ	ὁ	RA	----NPM-
Luke 16:15	δικαιοῦντες	δικαιόω	V-	-PAPNPM-
Luke 16:15	ἑαυτοὺς	ἑαυτοῦ	RP	----APM-
Luke 16:15	ἐνώπιον	ἐνώπιον	P-	--------
Luke 16:15	τῶν	ὁ	RA	----GPM-
Luke 16:15	ἀνθρώπων	ἄνθρωπος	N-	----GPM-
Luke 16:15	ὁ	ὁ	RA	----NSM-
Luke 16:15	δὲ	δέ	C-	--------
Luke 16:15	θεὸς	θεός	N-	----NSM-
Luke 16:15	γινώσκει	γινώσκω	V-	3PAI-S--
Luke 16:15	τὰς	ὁ	RA	----APF-
Luke 16:15	καρδίας	καρδία	N-	----APF-
Luke 16:15	ὑμῶν	σύ	RP	----GP--
Luke 16:15	ὅτι	ὅτι	C-	--------
Luke 16:15	τὸ	ὁ	RA	----NSN-
Luke 16:15	ἐν	ἐν	P-	--------
Luke 16:15	ἀνθρώποις	ἄνθρωπος	N-	----DPM-
Luke 16:15	ὑψηλὸν	ὑψηλός	A-	----NSN-
Luke 16:15	βδέλυγμα	βδέλυγμα	N-	----NSN-
Luke 16:15	ἐνώπιον	ἐνώπιον	P-	--------
Luke 16:15	τοῦ	ὁ	RA	----GSM-
Luke 16:15	θεοῦ	θεός	N-	----GSM-
Luke 16:16	Ὁ	ὁ	RA	----NSM-
Luke 16:16	νόμος	νόμος	N-	----NSM-
Luke 16:16	καὶ	καί	C-	--------
Luke 16:16	οἱ	ὁ	RA	----NPM-
Luke 16:16	προφῆται	προφήτης	N-	----NPM-
Luke 16:16	μέχρι	μέχρι(ς)	P-	--------
Luke 16:16	Ἰωάννου	Ἰωάννης	N-	----GSM-
Luke 16:16	ἀπὸ	ἀπό	P-	--------
Luke 16:16	τότε	τότε	D-	--------
Luke 16:16	ἡ	ὁ	RA	----NSF-
Luke 16:16	βασιλεία	βασιλεία	N-	----NSF-
Luke 16:16	τοῦ	ὁ	RA	----GSM-
Luke 16:16	θεοῦ	θεός	N-	----GSM-
Luke 16:16	εὐαγγελίζεται	εὐαγγελίζω	V-	3PPI-S--
Luke 16:16	καὶ	καί	C-	--------
Luke 16:16	πᾶς	πᾶς	A-	----NSM-
Luke 16:16	εἰς	εἰς	P-	--------
Luke 16:16	αὐτὴν	αὐτός	RP	----ASF-
Luke 16:16	βιάζεται	βιάζω	V-	3PMI-S--
Luke 16:17	Εὐκοπώτερον	εὐκοπώτερος	A-	----NSNC
Luke 16:17	δέ	δέ	C-	--------
Luke 16:17	ἐστιν	εἰμί	V-	3PAI-S--
Luke 16:17	τὸν	ὁ	RA	----ASM-
Luke 16:17	οὐρανὸν	οὐρανός	N-	----ASM-
Luke 16:17	καὶ	καί	C-	--------
Luke 16:17	τὴν	ὁ	RA	----ASF-
Luke 16:17	γῆν	γῆ	N-	----ASF-
Luke 16:17	παρελθεῖν	παρέρχομαι	V-	-AAN----
Luke 16:17	ἢ	ἤ	C-	--------
Luke 16:17	τοῦ	ὁ	RA	----GSM-
Luke 16:17	νόμου	νόμος	N-	----GSM-
Luke 16:17	μίαν	εἷς	A-	----ASF-
Luke 16:17	κεραίαν	κεραία	N-	----ASF-
Luke 16:17	πεσεῖν	πίπτω	V-	-AAN----
Luke 16:18	Πᾶς	πᾶς	A-	----NSM-
Luke 16:18	ὁ	ὁ	RA	----NSM-
Luke 16:18	ἀπολύων	ἀπολύω	V-	-PAPNSM-
Luke 16:18	τὴν	ὁ	RA	----ASF-
Luke 16:18	γυναῖκα	γυνή	N-	----ASF-
Luke 16:18	αὐτοῦ	αὐτός	RP	----GSM-
Luke 16:18	καὶ	καί	C-	--------
Luke 16:18	γαμῶν	γαμέω	V-	-PAPNSM-
Luke 16:18	ἑτέραν	ἕτερος	A-	----ASF-
Luke 16:18	μοιχεύει	μοιχεύω	V-	3PAI-S--
Luke 16:18	καὶ	καί	C-	--------
Luke 16:18	ὁ	ὁ	RA	----NSM-
Luke 16:18	ἀπολελυμένην	ἀπολύω	V-	-XPPASF-
Luke 16:18	ἀπὸ	ἀπό	P-	--------
Luke 16:18	ἀνδρὸς	ἀνήρ	N-	----GSM-
Luke 16:18	γαμῶν	γαμέω	V-	-PAPNSM-
Luke 16:18	μοιχεύει	μοιχεύω	V-	3PAI-S--
Luke 16:19	Ἄνθρωπος	ἄνθρωπος	N-	----NSM-
Luke 16:19	δέ	δέ	C-	--------
Luke 16:19	τις	τις	RI	----NSM-
Luke 16:19	ἦν	εἰμί	V-	3IAI-S--
Luke 16:19	πλούσιος	πλούσιος	A-	----NSM-
Luke 16:19	καὶ	καί	C-	--------
Luke 16:19	ἐνεδιδύσκετο	ἐνδιδύσκω	V-	3IMI-S--
Luke 16:19	πορφύραν	πορφύρα	N-	----ASF-
Luke 16:19	καὶ	καί	C-	--------
Luke 16:19	βύσσον	βύσσος	N-	----ASF-
Luke 16:19	εὐφραινόμενος	εὐφραίνω	V-	-PPPNSM-
Luke 16:19	καθ’	κατά	P-	--------
Luke 16:19	ἡμέραν	ἡμέρα	N-	----ASF-
Luke 16:19	λαμπρῶς	λαμπρῶς	D-	--------
Luke 16:20	πτωχὸς	πτωχός	A-	----NSM-
Luke 16:20	δέ	δέ	C-	--------
Luke 16:20	τις	τις	RI	----NSM-
Luke 16:20	ὀνόματι	ὄνομα	N-	----DSN-
Luke 16:20	Λάζαρος	Λάζαρος	N-	----NSM-
Luke 16:20	ἐβέβλητο	βάλλω	V-	3YPI-S--
Luke 16:20	πρὸς	πρός	P-	--------
Luke 16:20	τὸν	ὁ	RA	----ASM-
Luke 16:20	πυλῶνα	πυλών	N-	----ASM-
Luke 16:20	αὐτοῦ	αὐτός	RP	----GSM-
Luke 16:20	εἱλκωμένος	ἑλκόομαι	V-	-XPPNSM-
Luke 16:21	καὶ	καί	C-	--------
Luke 16:21	ἐπιθυμῶν	ἐπιθυμέω	V-	-PAPNSM-
Luke 16:21	χορτασθῆναι	χορτάζω	V-	-APN----
Luke 16:21	ἀπὸ	ἀπό	P-	--------
Luke 16:21	τῶν	ὁ	RA	----GPN-
Luke 16:21	πιπτόντων	πίπτω	V-	-PAPGPN-
Luke 16:21	ἀπὸ	ἀπό	P-	--------
Luke 16:21	τῆς	ὁ	RA	----GSF-
Luke 16:21	τραπέζης	τράπεζα	N-	----GSF-
Luke 16:21	τοῦ	ὁ	RA	----GSM-
Luke 16:21	πλουσίου	πλούσιος	A-	----GSM-
Luke 16:21	ἀλλὰ	ἀλλά	C-	--------
Luke 16:21	καὶ	καί	D-	--------
Luke 16:21	οἱ	ὁ	RA	----NPM-
Luke 16:21	κύνες	κύων	N-	----NPM-
Luke 16:21	ἐρχόμενοι	ἔρχομαι	V-	-PMPNPM-
Luke 16:21	ἐπέλειχον	ἐπιλείχω	V-	3IAI-P--
Luke 16:21	τὰ	ὁ	RA	----APN-
Luke 16:21	ἕλκη	ἕλκος	N-	----APN-
Luke 16:21	αὐτοῦ	αὐτός	RP	----GSM-
Luke 16:22	ἐγένετο	γίνομαι	V-	3AMI-S--
Luke 16:22	δὲ	δέ	C-	--------
Luke 16:22	ἀποθανεῖν	ἀποθνῄσκω	V-	-AAN----
Luke 16:22	τὸν	ὁ	RA	----ASM-
Luke 16:22	πτωχὸν	πτωχός	A-	----ASM-
Luke 16:22	καὶ	καί	C-	--------
Luke 16:22	ἀπενεχθῆναι	ἀποφέρω	V-	-APN----
Luke 16:22	αὐτὸν	αὐτός	RP	----ASM-
Luke 16:22	ὑπὸ	ὑπό	P-	--------
Luke 16:22	τῶν	ὁ	RA	----GPM-
Luke 16:22	ἀγγέλων	ἄγγελος	N-	----GPM-
Luke 16:22	εἰς	εἰς	P-	--------
Luke 16:22	τὸν	ὁ	RA	----ASM-
Luke 16:22	κόλπον	κόλπος	N-	----ASM-
Luke 16:22	Ἀβραάμ	Ἀβραάμ	N-	----GSM-
Luke 16:22	ἀπέθανεν	ἀποθνῄσκω	V-	3AAI-S--
Luke 16:22	δὲ	δέ	C-	--------
Luke 16:22	καὶ	καί	D-	--------
Luke 16:22	ὁ	ὁ	RA	----NSM-
Luke 16:22	πλούσιος	πλούσιος	A-	----NSM-
Luke 16:22	καὶ	καί	C-	--------
Luke 16:22	ἐτάφη	θάπτω	V-	3API-S--
Luke 16:23	καὶ	καί	C-	--------
Luke 16:23	ἐν	ἐν	P-	--------
Luke 16:23	τῷ	ὁ	RA	----DSM-
Luke 16:23	ᾅδῃ	ᾅδης	N-	----DSM-
Luke 16:23	ἐπάρας	ἐπαίρω	V-	-AAPNSM-
Luke 16:23	τοὺς	ὁ	RA	----APM-
Luke 16:23	ὀφθαλμοὺς	ὀφθαλμός	N-	----APM-
Luke 16:23	αὐτοῦ	αὐτός	RP	----GSM-
Luke 16:23	ὑπάρχων	ὑπάρχω	V-	-PAPNSM-
Luke 16:23	ἐν	ἐν	P-	--------
Luke 16:23	βασάνοις	βάσανος	N-	----DPF-
Luke 16:23	ὁρᾷ	ὁράω	V-	3PAI-S--
Luke 16:23	Ἀβραὰμ	Ἀβραάμ	N-	----ASM-
Luke 16:23	ἀπὸ	ἀπό	P-	--------
Luke 16:23	μακρόθεν	μακρόθεν	D-	--------
Luke 16:23	καὶ	καί	C-	--------
Luke 16:23	Λάζαρον	Λάζαρος	N-	----ASM-
Luke 16:23	ἐν	ἐν	P-	--------
Luke 16:23	τοῖς	ὁ	RA	----DPM-
Luke 16:23	κόλποις	κόλπος	N-	----DPM-
Luke 16:23	αὐτοῦ	αὐτός	RP	----GSM-
Luke 16:24	καὶ	καί	C-	--------
Luke 16:24	αὐτὸς	αὐτός	RP	----NSM-
Luke 16:24	φωνήσας	φωνέω	V-	-AAPNSM-
Luke 16:24	εἶπεν	λέγω	V-	3AAI-S--
Luke 16:24	Πάτερ	πατήρ	N-	----VSM-
Luke 16:24	Ἀβραάμ	Ἀβραάμ	N-	----VSM-
Luke 16:24	ἐλέησόν	ἐλεάω	V-	2AAD-S--
Luke 16:24	με	ἐγώ	RP	----AS--
Luke 16:24	καὶ	καί	C-	--------
Luke 16:24	πέμψον	πέμπω	V-	2AAD-S--
Luke 16:24	Λάζαρον	Λάζαρος	N-	----ASM-
Luke 16:24	ἵνα	ἵνα	C-	--------
Luke 16:24	βάψῃ	βάπτω	V-	3AAS-S--
Luke 16:24	τὸ	ὁ	RA	----ASN-
Luke 16:24	ἄκρον	ἄκρον	N-	----ASN-
Luke 16:24	τοῦ	ὁ	RA	----GSM-
Luke 16:24	δακτύλου	δάκτυλος	N-	----GSM-
Luke 16:24	αὐτοῦ	αὐτός	RP	----GSM-
Luke 16:24	ὕδατος	ὕδωρ	N-	----GSN-
Luke 16:24	καὶ	καί	C-	--------
Luke 16:24	καταψύξῃ	καταψύχω	V-	3AAS-S--
Luke 16:24	τὴν	ὁ	RA	----ASF-
Luke 16:24	γλῶσσάν	γλῶσσα	N-	----ASF-
Luke 16:24	μου	ἐγώ	RP	----GS--
Luke 16:24	ὅτι	ὅτι	C-	--------
Luke 16:24	ὀδυνῶμαι	ὀδυνάομαι	V-	1PMI-S--
Luke 16:24	ἐν	ἐν	P-	--------
Luke 16:24	τῇ	ὁ	RA	----DSF-
Luke 16:24	φλογὶ	φλόξ	N-	----DSF-
Luke 16:24	ταύτῃ	οὗτος	RD	----DSF-
Luke 16:25	εἶπεν	λέγω	V-	3AAI-S--
Luke 16:25	δὲ	δέ	C-	--------
Luke 16:25	Ἀβραάμ	Ἀβραάμ	N-	----NSM-
Luke 16:25	Τέκνον	τέκνον	N-	----VSN-
Luke 16:25	μνήσθητι	μιμνῄσκομαι	V-	2APD-S--
Luke 16:25	ὅτι	ὅτι	C-	--------
Luke 16:25	ἀπέλαβες	ἀπολαμβάνω	V-	2AAI-S--
Luke 16:25	τὰ	ὁ	RA	----APN-
Luke 16:25	ἀγαθά	ἀγαθός	A-	----APN-
Luke 16:25	σου	σύ	RP	----GS--
Luke 16:25	ἐν	ἐν	P-	--------
Luke 16:25	τῇ	ὁ	RA	----DSF-
Luke 16:25	ζωῇ	ζωή	N-	----DSF-
Luke 16:25	σου	σύ	RP	----GS--
Luke 16:25	καὶ	καί	C-	--------
Luke 16:25	Λάζαρος	Λάζαρος	N-	----NSM-
Luke 16:25	ὁμοίως	ὁμοίως	D-	--------
Luke 16:25	τὰ	ὁ	RA	----APN-
Luke 16:25	κακά	κακός	A-	----APN-
Luke 16:25	νῦν	νῦν	D-	--------
Luke 16:25	δὲ	δέ	C-	--------
Luke 16:25	ὧδε	ὧδε	D-	--------
Luke 16:25	παρακαλεῖται	παρακαλέω	V-	3PPI-S--
Luke 16:25	σὺ	σύ	RP	----NS--
Luke 16:25	δὲ	δέ	C-	--------
Luke 16:25	ὀδυνᾶσαι	ὀδυνάομαι	V-	2PMI-S--
Luke 16:26	καὶ	καί	C-	--------
Luke 16:26	ἐν	ἐν	P-	--------
Luke 16:26	πᾶσι	πᾶς	A-	----DPN-
Luke 16:26	τούτοις	οὗτος	RD	----DPN-
Luke 16:26	μεταξὺ	μεταξύ	P-	--------
Luke 16:26	ἡμῶν	ἐγώ	RP	----GP--
Luke 16:26	καὶ	καί	C-	--------
Luke 16:26	ὑμῶν	σύ	RP	----GP--
Luke 16:26	χάσμα	χάσμα	N-	----NSN-
Luke 16:26	μέγα	μέγας	A-	----NSN-
Luke 16:26	ἐστήρικται	στηρίζω	V-	3XPI-S--
Luke 16:26	ὅπως	ὅπως	C-	--------
Luke 16:26	οἱ	ὁ	RA	----NPM-
Luke 16:26	θέλοντες	θέλω	V-	-PAPNPM-
Luke 16:26	διαβῆναι	διαβαίνω	V-	-AAN----
Luke 16:26	ἔνθεν	ἔνθεν	D-	--------
Luke 16:26	πρὸς	πρός	P-	--------
Luke 16:26	ὑμᾶς	σύ	RP	----AP--
Luke 16:26	μὴ	μή	D-	--------
Luke 16:26	δύνωνται	δύναμαι	V-	3PMS-P--
Luke 16:26	μηδὲ	μηδέ	C-	--------
Luke 16:26	ἐκεῖθεν	ἐκεῖθεν	D-	--------
Luke 16:26	πρὸς	πρός	P-	--------
Luke 16:26	ἡμᾶς	ἐγώ	RP	----AP--
Luke 16:26	διαπερῶσιν	διαπεράω	V-	3PAS-P--
Luke 16:27	εἶπεν	λέγω	V-	3AAI-S--
Luke 16:27	δέ	δέ	C-	--------
Luke 16:27	Ἐρωτῶ	ἐρωτάω	V-	1PAI-S--
Luke 16:27	σε	σύ	RP	----AS--
Luke 16:27	οὖν	οὖν	C-	--------
Luke 16:27	πάτερ	πατήρ	N-	----VSM-
Luke 16:27	ἵνα	ἵνα	C-	--------
Luke 16:27	πέμψῃς	πέμπω	V-	2AAS-S--
Luke 16:27	αὐτὸν	αὐτός	RP	----ASM-
Luke 16:27	εἰς	εἰς	P-	--------
Luke 16:27	τὸν	ὁ	RA	----ASM-
Luke 16:27	οἶκον	οἶκος	N-	----ASM-
Luke 16:27	τοῦ	ὁ	RA	----GSM-
Luke 16:27	πατρός	πατήρ	N-	----GSM-
Luke 16:27	μου	ἐγώ	RP	----GS--
Luke 16:28	ἔχω	ἔχω	V-	1PAI-S--
Luke 16:28	γὰρ	γάρ	C-	--------
Luke 16:28	πέντε	πέντε	A-	----APM-
Luke 16:28	ἀδελφούς	ἀδελφός	N-	----APM-
Luke 16:28	ὅπως	ὅπως	C-	--------
Luke 16:28	διαμαρτύρηται	διαμαρτύρομαι	V-	3PMS-S--
Luke 16:28	αὐτοῖς	αὐτός	RP	----DPM-
Luke 16:28	ἵνα	ἵνα	C-	--------
Luke 16:28	μὴ	μή	D-	--------
Luke 16:28	καὶ	καί	D-	--------
Luke 16:28	αὐτοὶ	αὐτός	RP	----NPM-
Luke 16:28	ἔλθωσιν	ἔρχομαι	V-	3AAS-P--
Luke 16:28	εἰς	εἰς	P-	--------
Luke 16:28	τὸν	ὁ	RA	----ASM-
Luke 16:28	τόπον	τόπος	N-	----ASM-
Luke 16:28	τοῦτον	οὗτος	RD	----ASM-
Luke 16:28	τῆς	ὁ	RA	----GSF-
Luke 16:28	βασάνου	βάσανος	N-	----GSF-
Luke 16:29	λέγει	λέγω	V-	3PAI-S--
Luke 16:29	δὲ	δέ	C-	--------
Luke 16:29	Ἀβραάμ	Ἀβραάμ	N-	----NSM-
Luke 16:29	Ἔχουσι	ἔχω	V-	3PAI-P--
Luke 16:29	Μωϋσέα	Μωϋσῆς	N-	----ASM-
Luke 16:29	καὶ	καί	C-	--------
Luke 16:29	τοὺς	ὁ	RA	----APM-
Luke 16:29	προφήτας	προφήτης	N-	----APM-
Luke 16:29	ἀκουσάτωσαν	ἀκούω	V-	3AAD-P--
Luke 16:29	αὐτῶν	αὐτός	RP	----GPM-
Luke 16:30	ὁ	ὁ	RA	----NSM-
Luke 16:30	δὲ	δέ	C-	--------
Luke 16:30	εἶπεν	λέγω	V-	3AAI-S--
Luke 16:30	Οὐχί	οὐχί	D-	--------
Luke 16:30	πάτερ	πατήρ	N-	----VSM-
Luke 16:30	Ἀβραάμ	Ἀβραάμ	N-	----VSM-
Luke 16:30	ἀλλ’	ἀλλά	C-	--------
Luke 16:30	ἐάν	ἐάν	C-	--------
Luke 16:30	τις	τις	RI	----NSM-
Luke 16:30	ἀπὸ	ἀπό	P-	--------
Luke 16:30	νεκρῶν	νεκρός	A-	----GPM-
Luke 16:30	πορευθῇ	πορεύομαι	V-	3APS-S--
Luke 16:30	πρὸς	πρός	P-	--------
Luke 16:30	αὐτοὺς	αὐτός	RP	----APM-
Luke 16:30	μετανοήσουσιν	μετανοέω	V-	3FAI-P--
Luke 16:31	εἶπεν	λέγω	V-	3AAI-S--
Luke 16:31	δὲ	δέ	C-	--------
Luke 16:31	αὐτῷ	αὐτός	RP	----DSM-
Luke 16:31	Εἰ	εἰ	C-	--------
Luke 16:31	Μωϋσέως	Μωϋσῆς	N-	----GSM-
Luke 16:31	καὶ	καί	C-	--------
Luke 16:31	τῶν	ὁ	RA	----GPM-
Luke 16:31	προφητῶν	προφήτης	N-	----GPM-
Luke 16:31	οὐκ	οὐ	D-	--------
Luke 16:31	ἀκούουσιν	ἀκούω	V-	3PAI-P--
Luke 16:31	οὐδ’	οὐδέ	D-	--------
Luke 16:31	ἐάν	ἐάν	C-	--------
Luke 16:31	τις	τις	RI	----NSM-
Luke 16:31	ἐκ	ἐκ	P-	--------
Luke 16:31	νεκρῶν	νεκρός	A-	----GPM-
Luke 16:31	ἀναστῇ	ἀνίστημι	V-	3AAS-S--
Luke 16:31	πεισθήσονται	πείθω	V-	3FPI-P--
Luke 17:1	Εἶπεν	λέγω	V-	3AAI-S--
Luke 17:1	δὲ	δέ	C-	--------
Luke 17:1	πρὸς	πρός	P-	--------
Luke 17:1	τοὺς	ὁ	RA	----APM-
Luke 17:1	μαθητὰς	μαθητής	N-	----APM-
Luke 17:1	αὐτοῦ	αὐτός	RP	----GSM-
Luke 17:1	Ἀνένδεκτόν	ἀνένδεκτος	A-	----NSN-
Luke 17:1	ἐστιν	εἰμί	V-	3PAI-S--
Luke 17:1	τοῦ	ὁ	RA	----GSN-
Luke 17:1	τὰ	ὁ	RA	----APN-
Luke 17:1	σκάνδαλα	σκάνδαλον	N-	----APN-
Luke 17:1	μὴ	μή	D-	--------
Luke 17:1	ἐλθεῖν	ἔρχομαι	V-	-AAN----
Luke 17:1	πλὴν	πλήν	C-	--------
Luke 17:1	οὐαὶ	οὐαί	X-	--------
Luke 17:1	δι’	διά	P-	--------
Luke 17:1	οὗ	ὅς	RR	----GSM-
Luke 17:1	ἔρχεται	ἔρχομαι	V-	3PMI-S--
Luke 17:2	λυσιτελεῖ	λυσιτελεῖ	V-	3PAI-S--
Luke 17:2	αὐτῷ	αὐτός	RP	----DSM-
Luke 17:2	εἰ	εἰ	C-	--------
Luke 17:2	λίθος	λίθος	N-	----NSM-
Luke 17:2	μυλικὸς	μυλικός	A-	----NSM-
Luke 17:2	περίκειται	περίκειμαι	V-	3PMI-S--
Luke 17:2	περὶ	περί	P-	--------
Luke 17:2	τὸν	ὁ	RA	----ASM-
Luke 17:2	τράχηλον	τράχηλος	N-	----ASM-
Luke 17:2	αὐτοῦ	αὐτός	RP	----GSM-
Luke 17:2	καὶ	καί	C-	--------
Luke 17:2	ἔρριπται	ῥίπτω	V-	3XPI-S--
Luke 17:2	εἰς	εἰς	P-	--------
Luke 17:2	τὴν	ὁ	RA	----ASF-
Luke 17:2	θάλασσαν	θάλασσα	N-	----ASF-
Luke 17:2	ἢ	ἤ	C-	--------
Luke 17:2	ἵνα	ἵνα	C-	--------
Luke 17:2	σκανδαλίσῃ	σκανδαλίζω	V-	3AAS-S--
Luke 17:2	τῶν	ὁ	RA	----GPM-
Luke 17:2	μικρῶν	μικρός	A-	----GPM-
Luke 17:2	τούτων	οὗτος	RD	----GPM-
Luke 17:2	ἕνα	εἷς	A-	----ASM-
Luke 17:3	προσέχετε	προσέχω	V-	2PAD-P--
Luke 17:3	ἑαυτοῖς	ἑαυτοῦ	RP	----DPM-
Luke 17:3	ἐὰν	ἐάν	C-	--------
Luke 17:3	ἁμάρτῃ	ἁμαρτάνω	V-	3AAS-S--
Luke 17:3	ὁ	ὁ	RA	----NSM-
Luke 17:3	ἀδελφός	ἀδελφός	N-	----NSM-
Luke 17:3	σου	σύ	RP	----GS--
Luke 17:3	ἐπιτίμησον	ἐπιτιμάω	V-	2AAD-S--
Luke 17:3	αὐτῷ	αὐτός	RP	----DSM-
Luke 17:3	καὶ	καί	C-	--------
Luke 17:3	ἐὰν	ἐάν	C-	--------
Luke 17:3	μετανοήσῃ	μετανοέω	V-	3AAS-S--
Luke 17:3	ἄφες	ἀφίημι	V-	2AAD-S--
Luke 17:3	αὐτῷ	αὐτός	RP	----DSM-
Luke 17:4	καὶ	καί	C-	--------
Luke 17:4	ἐὰν	ἐάν	C-	--------
Luke 17:4	ἑπτάκις	ἑπτάκις	D-	--------
Luke 17:4	τῆς	ὁ	RA	----GSF-
Luke 17:4	ἡμέρας	ἡμέρα	N-	----GSF-
Luke 17:4	ἁμαρτήσῃ	ἁμαρτάνω	V-	3AAS-S--
Luke 17:4	εἰς	εἰς	P-	--------
Luke 17:4	σὲ	σύ	RP	----AS--
Luke 17:4	καὶ	καί	C-	--------
Luke 17:4	ἑπτάκις	ἑπτάκις	D-	--------
Luke 17:4	ἐπιστρέψῃ	ἐπιστρέφω	V-	3AAS-S--
Luke 17:4	πρὸς	πρός	P-	--------
Luke 17:4	σὲ	σύ	RP	----AS--
Luke 17:4	λέγων	λέγω	V-	-PAPNSM-
Luke 17:4	Μετανοῶ	μετανοέω	V-	1PAI-S--
Luke 17:4	ἀφήσεις	ἀφίημι	V-	2FAI-S--
Luke 17:4	αὐτῷ	αὐτός	RP	----DSM-
Luke 17:5	Καὶ	καί	C-	--------
Luke 17:5	εἶπαν	λέγω	V-	3AAI-P--
Luke 17:5	οἱ	ὁ	RA	----NPM-
Luke 17:5	ἀπόστολοι	ἀπόστολος	N-	----NPM-
Luke 17:5	τῷ	ὁ	RA	----DSM-
Luke 17:5	κυρίῳ	κύριος	N-	----DSM-
Luke 17:5	Πρόσθες	προστίθημι	V-	2AAD-S--
Luke 17:5	ἡμῖν	ἐγώ	RP	----DP--
Luke 17:5	πίστιν	πίστις	N-	----ASF-
Luke 17:6	εἶπεν	λέγω	V-	3AAI-S--
Luke 17:6	δὲ	δέ	C-	--------
Luke 17:6	ὁ	ὁ	RA	----NSM-
Luke 17:6	κύριος	κύριος	N-	----NSM-
Luke 17:6	Εἰ	εἰ	C-	--------
Luke 17:6	ἔχετε	ἔχω	V-	2PAI-P--
Luke 17:6	πίστιν	πίστις	N-	----ASF-
Luke 17:6	ὡς	ὡς	C-	--------
Luke 17:6	κόκκον	κόκκος	N-	----ASM-
Luke 17:6	σινάπεως	σίναπι	N-	----GSN-
Luke 17:6	ἐλέγετε	λέγω	V-	2IAI-P--
Luke 17:6	ἂν	ἄν	X-	--------
Luke 17:6	τῇ	ὁ	RA	----DSF-
Luke 17:6	συκαμίνῳ	συκάμινος	N-	----DSF-
Luke 17:6	ταύτῃ	οὗτος	RD	----DSF-
Luke 17:6	Ἐκριζώθητι	ἐκριζόω	V-	2APD-S--
Luke 17:6	καὶ	καί	C-	--------
Luke 17:6	φυτεύθητι	φυτεύω	V-	2APD-S--
Luke 17:6	ἐν	ἐν	P-	--------
Luke 17:6	τῇ	ὁ	RA	----DSF-
Luke 17:6	θαλάσσῃ	θάλασσα	N-	----DSF-
Luke 17:6	καὶ	καί	C-	--------
Luke 17:6	ὑπήκουσεν	ὑπακούω	V-	3AAI-S--
Luke 17:6	ἂν	ἄν	X-	--------
Luke 17:6	ὑμῖν	σύ	RP	----DP--
Luke 17:7	Τίς	τίς	RI	----NSM-
Luke 17:7	δὲ	δέ	C-	--------
Luke 17:7	ἐξ	ἐκ	P-	--------
Luke 17:7	ὑμῶν	σύ	RP	----GP--
Luke 17:7	δοῦλον	δοῦλος	N-	----ASM-
Luke 17:7	ἔχων	ἔχω	V-	-PAPNSM-
Luke 17:7	ἀροτριῶντα	ἀροτριάω	V-	-PAPASM-
Luke 17:7	ἢ	ἤ	C-	--------
Luke 17:7	ποιμαίνοντα	ποιμαίνω	V-	-PAPASM-
Luke 17:7	ὃς	ὅς	RR	----NSM-
Luke 17:7	εἰσελθόντι	εἰσέρχομαι	V-	-AAPDSM-
Luke 17:7	ἐκ	ἐκ	P-	--------
Luke 17:7	τοῦ	ὁ	RA	----GSM-
Luke 17:7	ἀγροῦ	ἀγρός	N-	----GSM-
Luke 17:7	ἐρεῖ	λέγω	V-	3FAI-S--
Luke 17:7	αὐτῷ	αὐτός	RP	----DSM-
Luke 17:7	Εὐθέως	εὐθέως	D-	--------
Luke 17:7	παρελθὼν	παρέρχομαι	V-	-AAPNSM-
Luke 17:7	ἀνάπεσε	ἀναπίπτω	V-	2AAD-S--
Luke 17:8	ἀλλ’	ἀλλά	C-	--------
Luke 17:8	οὐχὶ	οὐχί	X-	--------
Luke 17:8	ἐρεῖ	λέγω	V-	3FAI-S--
Luke 17:8	αὐτῷ	αὐτός	RP	----DSM-
Luke 17:8	Ἑτοίμασον	ἑτοιμάζω	V-	2AAD-S--
Luke 17:8	τί	τίς	RI	----ASN-
Luke 17:8	δειπνήσω	δειπνέω	V-	1AAS-S--
Luke 17:8	καὶ	καί	C-	--------
Luke 17:8	περιζωσάμενος	περιζώννυμι	V-	-AMPNSM-
Luke 17:8	διακόνει	διακονέω	V-	2PAD-S--
Luke 17:8	μοι	ἐγώ	RP	----DS--
Luke 17:8	ἕως	ἕως	C-	--------
Luke 17:8	φάγω	ἐσθίω	V-	1AAS-S--
Luke 17:8	καὶ	καί	C-	--------
Luke 17:8	πίω	πίνω	V-	1AAS-S--
Luke 17:8	καὶ	καί	C-	--------
Luke 17:8	μετὰ	μετά	P-	--------
Luke 17:8	ταῦτα	οὗτος	RD	----APN-
Luke 17:8	φάγεσαι	ἐσθίω	V-	2FMI-S--
Luke 17:8	καὶ	καί	C-	--------
Luke 17:8	πίεσαι	πίνω	V-	2FMI-S--
Luke 17:8	σύ	σύ	RP	----NS--
Luke 17:9	μὴ	μή	X-	--------
Luke 17:9	ἔχει	ἔχω	V-	3PAI-S--
Luke 17:9	χάριν	χάρις	N-	----ASF-
Luke 17:9	τῷ	ὁ	RA	----DSM-
Luke 17:9	δούλῳ	δοῦλος	N-	----DSM-
Luke 17:9	ὅτι	ὅτι	C-	--------
Luke 17:9	ἐποίησεν	ποιέω	V-	3AAI-S--
Luke 17:9	τὰ	ὁ	RA	----APN-
Luke 17:9	διαταχθέντα	διατάσσω	V-	-APPAPN-
Luke 17:10	οὕτως	οὕτω(ς)	D-	--------
Luke 17:10	καὶ	καί	D-	--------
Luke 17:10	ὑμεῖς	σύ	RP	----NP--
Luke 17:10	ὅταν	ὅταν	C-	--------
Luke 17:10	ποιήσητε	ποιέω	V-	2AAS-P--
Luke 17:10	πάντα	πᾶς	A-	----APN-
Luke 17:10	τὰ	ὁ	RA	----APN-
Luke 17:10	διαταχθέντα	διατάσσω	V-	-APPAPN-
Luke 17:10	ὑμῖν	σύ	RP	----DP--
Luke 17:10	λέγετε	λέγω	V-	2PAD-P--
Luke 17:10	ὅτι	ὅτι	C-	--------
Luke 17:10	Δοῦλοι	δοῦλος	N-	----NPM-
Luke 17:10	ἀχρεῖοί	ἀχρεῖος	A-	----NPM-
Luke 17:10	ἐσμεν	εἰμί	V-	1PAI-P--
Luke 17:10	ὃ	ὅς	RR	----ASN-
Luke 17:10	ὠφείλομεν	ὀφείλω	V-	1IAI-P--
Luke 17:10	ποιῆσαι	ποιέω	V-	-AAN----
Luke 17:10	πεποιήκαμεν	ποιέω	V-	1XAI-P--
Luke 17:11	Καὶ	καί	C-	--------
Luke 17:11	ἐγένετο	γίνομαι	V-	3AMI-S--
Luke 17:11	ἐν	ἐν	P-	--------
Luke 17:11	τῷ	ὁ	RA	----DSN-
Luke 17:11	πορεύεσθαι	πορεύομαι	V-	-PMN----
Luke 17:11	εἰς	εἰς	P-	--------
Luke 17:11	Ἰερουσαλὴμ	Ἰερουσαλήμ	N-	----ASF-
Luke 17:11	καὶ	καί	C-	--------
Luke 17:11	αὐτὸς	αὐτός	RP	----NSM-
Luke 17:11	διήρχετο	διέρχομαι	V-	3IMI-S--
Luke 17:11	διὰ	διά	P-	--------
Luke 17:11	μέσον	μέσος	A-	----ASN-
Luke 17:11	Σαμαρείας	Σαμάρεια	N-	----GSF-
Luke 17:11	καὶ	καί	C-	--------
Luke 17:11	Γαλιλαίας	Γαλιλαία	N-	----GSF-
Luke 17:12	καὶ	καί	C-	--------
Luke 17:12	εἰσερχομένου	εἰσέρχομαι	V-	-PMPGSM-
Luke 17:12	αὐτοῦ	αὐτός	RP	----GSM-
Luke 17:12	εἴς	εἰς	P-	--------
Luke 17:12	τινα	τις	RI	----ASF-
Luke 17:12	κώμην	κώμη	N-	----ASF-
Luke 17:12	ἀπήντησαν	ἀπαντάω	V-	3AAI-P--
Luke 17:12	δέκα	δέκα	A-	----NPM-
Luke 17:12	λεπροὶ	λεπρός	A-	----NPM-
Luke 17:12	ἄνδρες	ἀνήρ	N-	----NPM-
Luke 17:12	οἳ	ὅς	RR	----NPM-
Luke 17:12	ἔστησαν	ἵστημι	V-	3AAI-P--
Luke 17:12	πόρρωθεν	πόρρωθεν	D-	--------
Luke 17:13	καὶ	καί	C-	--------
Luke 17:13	αὐτοὶ	αὐτός	RP	----NPM-
Luke 17:13	ἦραν	αἴρω	V-	3AAI-P--
Luke 17:13	φωνὴν	φωνή	N-	----ASF-
Luke 17:13	λέγοντες	λέγω	V-	-PAPNPM-
Luke 17:13	Ἰησοῦ	Ἰησοῦς	N-	----VSM-
Luke 17:13	ἐπιστάτα	ἐπιστάτης	N-	----VSM-
Luke 17:13	ἐλέησον	ἐλεάω	V-	2AAD-S--
Luke 17:13	ἡμᾶς	ἐγώ	RP	----AP--
Luke 17:14	καὶ	καί	C-	--------
Luke 17:14	ἰδὼν	ὁράω	V-	-AAPNSM-
Luke 17:14	εἶπεν	λέγω	V-	3AAI-S--
Luke 17:14	αὐτοῖς	αὐτός	RP	----DPM-
Luke 17:14	Πορευθέντες	πορεύομαι	V-	-APPNPM-
Luke 17:14	ἐπιδείξατε	ἐπιδείκνυμι	V-	2AAD-P--
Luke 17:14	ἑαυτοὺς	ἑαυτοῦ	RP	----APM-
Luke 17:14	τοῖς	ὁ	RA	----DPM-
Luke 17:14	ἱερεῦσιν	ἱερεύς	N-	----DPM-
Luke 17:14	καὶ	καί	C-	--------
Luke 17:14	ἐγένετο	γίνομαι	V-	3AMI-S--
Luke 17:14	ἐν	ἐν	P-	--------
Luke 17:14	τῷ	ὁ	RA	----DSN-
Luke 17:14	ὑπάγειν	ὑπάγω	V-	-PAN----
Luke 17:14	αὐτοὺς	αὐτός	RP	----APM-
Luke 17:14	ἐκαθαρίσθησαν	καθαρίζω	V-	3API-P--
Luke 17:15	εἷς	εἷς	A-	----NSM-
Luke 17:15	δὲ	δέ	C-	--------
Luke 17:15	ἐξ	ἐκ	P-	--------
Luke 17:15	αὐτῶν	αὐτός	RP	----GPM-
Luke 17:15	ἰδὼν	ὁράω	V-	-AAPNSM-
Luke 17:15	ὅτι	ὅτι	C-	--------
Luke 17:15	ἰάθη	ἰάομαι	V-	3API-S--
Luke 17:15	ὑπέστρεψεν	ὑποστρέφω	V-	3AAI-S--
Luke 17:15	μετὰ	μετά	P-	--------
Luke 17:15	φωνῆς	φωνή	N-	----GSF-
Luke 17:15	μεγάλης	μέγας	A-	----GSF-
Luke 17:15	δοξάζων	δοξάζω	V-	-PAPNSM-
Luke 17:15	τὸν	ὁ	RA	----ASM-
Luke 17:15	θεόν	θεός	N-	----ASM-
Luke 17:16	καὶ	καί	C-	--------
Luke 17:16	ἔπεσεν	πίπτω	V-	3AAI-S--
Luke 17:16	ἐπὶ	ἐπί	P-	--------
Luke 17:16	πρόσωπον	πρόσωπον	N-	----ASN-
Luke 17:16	παρὰ	παρά	P-	--------
Luke 17:16	τοὺς	ὁ	RA	----APM-
Luke 17:16	πόδας	πούς	N-	----APM-
Luke 17:16	αὐτοῦ	αὐτός	RP	----GSM-
Luke 17:16	εὐχαριστῶν	εὐχαριστέω	V-	-PAPNSM-
Luke 17:16	αὐτῷ	αὐτός	RP	----DSM-
Luke 17:16	καὶ	καί	C-	--------
Luke 17:16	αὐτὸς	αὐτός	RP	----NSM-
Luke 17:16	ἦν	εἰμί	V-	3IAI-S--
Luke 17:16	Σαμαρίτης	Σαμαρίτης	N-	----NSM-
Luke 17:17	ἀποκριθεὶς	ἀποκρίνομαι	V-	-APPNSM-
Luke 17:17	δὲ	δέ	C-	--------
Luke 17:17	ὁ	ὁ	RA	----NSM-
Luke 17:17	Ἰησοῦς	Ἰησοῦς	N-	----NSM-
Luke 17:17	εἶπεν	λέγω	V-	3AAI-S--
Luke 17:17	Οὐχὶ	οὐχί	X-	--------
Luke 17:17	οἱ	ὁ	RA	----NPM-
Luke 17:17	δέκα	δέκα	A-	----NPM-
Luke 17:17	ἐκαθαρίσθησαν	καθαρίζω	V-	3API-P--
Luke 17:17	οἱ	ὁ	RA	----NPM-
Luke 17:17	δὲ	δέ	C-	--------
Luke 17:17	ἐννέα	ἐννέα	A-	----NPM-
Luke 17:17	ποῦ	ποῦ	D-	--------
Luke 17:18	οὐχ	οὐ	D-	--------
Luke 17:18	εὑρέθησαν	εὑρίσκω	V-	3API-P--
Luke 17:18	ὑποστρέψαντες	ὑποστρέφω	V-	-AAPNPM-
Luke 17:18	δοῦναι	δίδωμι	V-	-AAN----
Luke 17:18	δόξαν	δόξα	N-	----ASF-
Luke 17:18	τῷ	ὁ	RA	----DSM-
Luke 17:18	θεῷ	θεός	N-	----DSM-
Luke 17:18	εἰ	εἰ	C-	--------
Luke 17:18	μὴ	μή	D-	--------
Luke 17:18	ὁ	ὁ	RA	----NSM-
Luke 17:18	ἀλλογενὴς	ἀλλογενής	A-	----NSM-
Luke 17:18	οὗτος	οὗτος	RD	----NSM-
Luke 17:19	καὶ	καί	C-	--------
Luke 17:19	εἶπεν	λέγω	V-	3AAI-S--
Luke 17:19	αὐτῷ	αὐτός	RP	----DSM-
Luke 17:19	Ἀναστὰς	ἀνίστημι	V-	-AAPNSM-
Luke 17:19	πορεύου	πορεύομαι	V-	2PMD-S--
Luke 17:19	ἡ	ὁ	RA	----NSF-
Luke 17:19	πίστις	πίστις	N-	----NSF-
Luke 17:19	σου	σύ	RP	----GS--
Luke 17:19	σέσωκέν	σῴζω	V-	3XAI-S--
Luke 17:19	σε	σύ	RP	----AS--
Luke 17:20	Ἐπερωτηθεὶς	ἐπερωτάω	V-	-APPNSM-
Luke 17:20	δὲ	δέ	C-	--------
Luke 17:20	ὑπὸ	ὑπό	P-	--------
Luke 17:20	τῶν	ὁ	RA	----GPM-
Luke 17:20	Φαρισαίων	Φαρισαῖος	N-	----GPM-
Luke 17:20	πότε	πότε	D-	--------
Luke 17:20	ἔρχεται	ἔρχομαι	V-	3PMI-S--
Luke 17:20	ἡ	ὁ	RA	----NSF-
Luke 17:20	βασιλεία	βασιλεία	N-	----NSF-
Luke 17:20	τοῦ	ὁ	RA	----GSM-
Luke 17:20	θεοῦ	θεός	N-	----GSM-
Luke 17:20	ἀπεκρίθη	ἀποκρίνομαι	V-	3API-S--
Luke 17:20	αὐτοῖς	αὐτός	RP	----DPM-
Luke 17:20	καὶ	καί	C-	--------
Luke 17:20	εἶπεν	λέγω	V-	3AAI-S--
Luke 17:20	Οὐκ	οὐ	D-	--------
Luke 17:20	ἔρχεται	ἔρχομαι	V-	3PMI-S--
Luke 17:20	ἡ	ὁ	RA	----NSF-
Luke 17:20	βασιλεία	βασιλεία	N-	----NSF-
Luke 17:20	τοῦ	ὁ	RA	----GSM-
Luke 17:20	θεοῦ	θεός	N-	----GSM-
Luke 17:20	μετὰ	μετά	P-	--------
Luke 17:20	παρατηρήσεως	παρατήρησις	N-	----GSF-
Luke 17:21	οὐδὲ	οὐδέ	C-	--------
Luke 17:21	ἐροῦσιν	λέγω	V-	3FAI-P--
Luke 17:21	Ἰδοὺ	ἰδού	X-	--------
Luke 17:21	ὧδε	ὧδε	D-	--------
Luke 17:21	ἤ	ἤ	C-	--------
Luke 17:21	Ἐκεῖ	ἐκεῖ	D-	--------
Luke 17:21	ἰδοὺ	ἰδού	X-	--------
Luke 17:21	γὰρ	γάρ	C-	--------
Luke 17:21	ἡ	ὁ	RA	----NSF-
Luke 17:21	βασιλεία	βασιλεία	N-	----NSF-
Luke 17:21	τοῦ	ὁ	RA	----GSM-
Luke 17:21	θεοῦ	θεός	N-	----GSM-
Luke 17:21	ἐντὸς	ἐντός	P-	--------
Luke 17:21	ὑμῶν	σύ	RP	----GP--
Luke 17:21	ἐστιν	εἰμί	V-	3PAI-S--
Luke 17:22	Εἶπεν	λέγω	V-	3AAI-S--
Luke 17:22	δὲ	δέ	C-	--------
Luke 17:22	πρὸς	πρός	P-	--------
Luke 17:22	τοὺς	ὁ	RA	----APM-
Luke 17:22	μαθητάς	μαθητής	N-	----APM-
Luke 17:22	Ἐλεύσονται	ἔρχομαι	V-	3FMI-P--
Luke 17:22	ἡμέραι	ἡμέρα	N-	----NPF-
Luke 17:22	ὅτε	ὅτε	D-	--------
Luke 17:22	ἐπιθυμήσετε	ἐπιθυμέω	V-	2FAI-P--
Luke 17:22	μίαν	εἷς	A-	----ASF-
Luke 17:22	τῶν	ὁ	RA	----GPF-
Luke 17:22	ἡμερῶν	ἡμέρα	N-	----GPF-
Luke 17:22	τοῦ	ὁ	RA	----GSM-
Luke 17:22	υἱοῦ	υἱός	N-	----GSM-
Luke 17:22	τοῦ	ὁ	RA	----GSM-
Luke 17:22	ἀνθρώπου	ἄνθρωπος	N-	----GSM-
Luke 17:22	ἰδεῖν	ὁράω	V-	-AAN----
Luke 17:22	καὶ	καί	C-	--------
Luke 17:22	οὐκ	οὐ	D-	--------
Luke 17:22	ὄψεσθε	ὁράω	V-	2FMI-P--
Luke 17:23	καὶ	καί	C-	--------
Luke 17:23	ἐροῦσιν	λέγω	V-	3FAI-P--
Luke 17:23	ὑμῖν	σύ	RP	----DP--
Luke 17:23	Ἰδοὺ	ἰδού	X-	--------
Luke 17:23	ἐκεῖ	ἐκεῖ	D-	--------
Luke 17:23	Ἰδοὺ	ἰδού	X-	--------
Luke 17:23	ὧδε	ὧδε	D-	--------
Luke 17:23	μὴ	μή	D-	--------
Luke 17:23	ἀπέλθητε	ἀπέρχομαι	V-	2AAS-P--
Luke 17:23	μηδὲ	μηδέ	C-	--------
Luke 17:23	διώξητε	διώκω	V-	2AAS-P--
Luke 17:24	ὥσπερ	ὥσπερ	C-	--------
Luke 17:24	γὰρ	γάρ	C-	--------
Luke 17:24	ἡ	ὁ	RA	----NSF-
Luke 17:24	ἀστραπὴ	ἀστραπή	N-	----NSF-
Luke 17:24	ἀστράπτουσα	ἀστράπτω	V-	-PAPNSF-
Luke 17:24	ἐκ	ἐκ	P-	--------
Luke 17:24	τῆς	ὁ	RA	----GSF-
Luke 17:24	ὑπὸ	ὑπό	P-	--------
Luke 17:24	τὸν	ὁ	RA	----ASM-
Luke 17:24	οὐρανὸν	οὐρανός	N-	----ASM-
Luke 17:24	εἰς	εἰς	P-	--------
Luke 17:24	τὴν	ὁ	RA	----ASF-
Luke 17:24	ὑπ’	ὑπό	P-	--------
Luke 17:24	οὐρανὸν	οὐρανός	N-	----ASM-
Luke 17:24	λάμπει	λάμπω	V-	3PAI-S--
Luke 17:24	οὕτως	οὕτω(ς)	D-	--------
Luke 17:24	ἔσται	εἰμί	V-	3FMI-S--
Luke 17:24	ὁ	ὁ	RA	----NSM-
Luke 17:24	υἱὸς	υἱός	N-	----NSM-
Luke 17:24	τοῦ	ὁ	RA	----GSM-
Luke 17:24	ἀνθρώπου	ἄνθρωπος	N-	----GSM-
Luke 17:24	ἐν	ἐν	P-	--------
Luke 17:24	τῇ	ὁ	RA	----DSF-
Luke 17:24	ἡμέρᾳ	ἡμέρα	N-	----DSF-
Luke 17:24	αὐτοῦ	αὐτός	RP	----GSM-
Luke 17:25	πρῶτον	πρῶτος	A-	----ASN-
Luke 17:25	δὲ	δέ	C-	--------
Luke 17:25	δεῖ	δέω	V-	3PAI-S--
Luke 17:25	αὐτὸν	αὐτός	RP	----ASM-
Luke 17:25	πολλὰ	πολύς	A-	----APN-
Luke 17:25	παθεῖν	πάσχω	V-	-AAN----
Luke 17:25	καὶ	καί	C-	--------
Luke 17:25	ἀποδοκιμασθῆναι	ἀποδοκιμάζω	V-	-APN----
Luke 17:25	ἀπὸ	ἀπό	P-	--------
Luke 17:25	τῆς	ὁ	RA	----GSF-
Luke 17:25	γενεᾶς	γενεά	N-	----GSF-
Luke 17:25	ταύτης	οὗτος	RD	----GSF-
Luke 17:26	καὶ	καί	C-	--------
Luke 17:26	καθὼς	καθώς	C-	--------
Luke 17:26	ἐγένετο	γίνομαι	V-	3AMI-S--
Luke 17:26	ἐν	ἐν	P-	--------
Luke 17:26	ταῖς	ὁ	RA	----DPF-
Luke 17:26	ἡμέραις	ἡμέρα	N-	----DPF-
Luke 17:26	Νῶε	Νῶε	N-	----GSM-
Luke 17:26	οὕτως	οὕτω(ς)	D-	--------
Luke 17:26	ἔσται	εἰμί	V-	3FMI-S--
Luke 17:26	καὶ	καί	D-	--------
Luke 17:26	ἐν	ἐν	P-	--------
Luke 17:26	ταῖς	ὁ	RA	----DPF-
Luke 17:26	ἡμέραις	ἡμέρα	N-	----DPF-
Luke 17:26	τοῦ	ὁ	RA	----GSM-
Luke 17:26	υἱοῦ	υἱός	N-	----GSM-
Luke 17:26	τοῦ	ὁ	RA	----GSM-
Luke 17:26	ἀνθρώπου	ἄνθρωπος	N-	----GSM-
Luke 17:27	ἤσθιον	ἐσθίω	V-	3IAI-P--
Luke 17:27	ἔπινον	πίνω	V-	3IAI-P--
Luke 17:27	ἐγάμουν	γαμέω	V-	3IAI-P--
Luke 17:27	ἐγαμίζοντο	γαμίζω	V-	3IPI-P--
Luke 17:27	ἄχρι	ἄχρι	P-	--------
Luke 17:27	ἧς	ὅς	RR	----GSF-
Luke 17:27	ἡμέρας	ἡμέρα	N-	----GSF-
Luke 17:27	εἰσῆλθεν	εἰσέρχομαι	V-	3AAI-S--
Luke 17:27	Νῶε	Νῶε	N-	----NSM-
Luke 17:27	εἰς	εἰς	P-	--------
Luke 17:27	τὴν	ὁ	RA	----ASF-
Luke 17:27	κιβωτόν	κιβωτός	N-	----ASF-
Luke 17:27	καὶ	καί	C-	--------
Luke 17:27	ἦλθεν	ἔρχομαι	V-	3AAI-S--
Luke 17:27	ὁ	ὁ	RA	----NSM-
Luke 17:27	κατακλυσμὸς	κατακλυσμός	N-	----NSM-
Luke 17:27	καὶ	καί	C-	--------
Luke 17:27	ἀπώλεσεν	ἀπόλλυμι	V-	3AAI-S--
Luke 17:27	πάντας	πᾶς	A-	----APM-
Luke 17:28	ὁμοίως	ὁμοίως	D-	--------
Luke 17:28	καθὼς	καθώς	C-	--------
Luke 17:28	ἐγένετο	γίνομαι	V-	3AMI-S--
Luke 17:28	ἐν	ἐν	P-	--------
Luke 17:28	ταῖς	ὁ	RA	----DPF-
Luke 17:28	ἡμέραις	ἡμέρα	N-	----DPF-
Luke 17:28	Λώτ	Λώτ	N-	----GSM-
Luke 17:28	ἤσθιον	ἐσθίω	V-	3IAI-P--
Luke 17:28	ἔπινον	πίνω	V-	3IAI-P--
Luke 17:28	ἠγόραζον	ἀγοράζω	V-	3IAI-P--
Luke 17:28	ἐπώλουν	πωλέω	V-	3IAI-P--
Luke 17:28	ἐφύτευον	φυτεύω	V-	3IAI-P--
Luke 17:28	ᾠκοδόμουν	οἰκοδομέω	V-	3IAI-P--
Luke 17:29	ᾗ	ὅς	RR	----DSF-
Luke 17:29	δὲ	δέ	C-	--------
Luke 17:29	ἡμέρᾳ	ἡμέρα	N-	----DSF-
Luke 17:29	ἐξῆλθεν	ἐξέρχομαι	V-	3AAI-S--
Luke 17:29	Λὼτ	Λώτ	N-	----NSM-
Luke 17:29	ἀπὸ	ἀπό	P-	--------
Luke 17:29	Σοδόμων	Σόδομα	N-	----GPN-
Luke 17:29	ἔβρεξεν	βρέχω	V-	3AAI-S--
Luke 17:29	πῦρ	πῦρ	N-	----ASN-
Luke 17:29	καὶ	καί	C-	--------
Luke 17:29	θεῖον	θεῖον	N-	----ASN-
Luke 17:29	ἀπ’	ἀπό	P-	--------
Luke 17:29	οὐρανοῦ	οὐρανός	N-	----GSM-
Luke 17:29	καὶ	καί	C-	--------
Luke 17:29	ἀπώλεσεν	ἀπόλλυμι	V-	3AAI-S--
Luke 17:29	πάντας	πᾶς	A-	----APM-
Luke 17:30	κατὰ	κατά	P-	--------
Luke 17:30	τὰ	ὁ	RA	----APN-
Luke 17:30	αὐτὰ	αὐτός	A-	----APN-
Luke 17:30	ἔσται	εἰμί	V-	3FMI-S--
Luke 17:30	ᾗ	ὅς	RR	----DSF-
Luke 17:30	ἡμέρᾳ	ἡμέρα	N-	----DSF-
Luke 17:30	ὁ	ὁ	RA	----NSM-
Luke 17:30	υἱὸς	υἱός	N-	----NSM-
Luke 17:30	τοῦ	ὁ	RA	----GSM-
Luke 17:30	ἀνθρώπου	ἄνθρωπος	N-	----GSM-
Luke 17:30	ἀποκαλύπτεται	ἀποκαλύπτω	V-	3PPI-S--
Luke 17:31	ἐν	ἐν	P-	--------
Luke 17:31	ἐκείνῃ	ἐκεῖνος	RD	----DSF-
Luke 17:31	τῇ	ὁ	RA	----DSF-
Luke 17:31	ἡμέρᾳ	ἡμέρα	N-	----DSF-
Luke 17:31	ὃς	ὅς	RR	----NSM-
Luke 17:31	ἔσται	εἰμί	V-	3FMI-S--
Luke 17:31	ἐπὶ	ἐπί	P-	--------
Luke 17:31	τοῦ	ὁ	RA	----GSN-
Luke 17:31	δώματος	δῶμα	N-	----GSN-
Luke 17:31	καὶ	καί	C-	--------
Luke 17:31	τὰ	ὁ	RA	----NPN-
Luke 17:31	σκεύη	σκεῦος	N-	----NPN-
Luke 17:31	αὐτοῦ	αὐτός	RP	----GSM-
Luke 17:31	ἐν	ἐν	P-	--------
Luke 17:31	τῇ	ὁ	RA	----DSF-
Luke 17:31	οἰκίᾳ	οἰκία	N-	----DSF-
Luke 17:31	μὴ	μή	D-	--------
Luke 17:31	καταβάτω	καταβαίνω	V-	3AAD-S--
Luke 17:31	ἆραι	αἴρω	V-	-AAN----
Luke 17:31	αὐτά	αὐτός	RP	----APN-
Luke 17:31	καὶ	καί	C-	--------
Luke 17:31	ὁ	ὁ	RA	----NSM-
Luke 17:31	ἐν	ἐν	P-	--------
Luke 17:31	ἀγρῷ	ἀγρός	N-	----DSM-
Luke 17:31	ὁμοίως	ὁμοίως	D-	--------
Luke 17:31	μὴ	μή	D-	--------
Luke 17:31	ἐπιστρεψάτω	ἐπιστρέφω	V-	3AAD-S--
Luke 17:31	εἰς	εἰς	P-	--------
Luke 17:31	τὰ	ὁ	RA	----APN-
Luke 17:31	ὀπίσω	ὀπίσω	D-	--------
Luke 17:32	μνημονεύετε	μνημονεύω	V-	2PAD-P--
Luke 17:32	τῆς	ὁ	RA	----GSF-
Luke 17:32	γυναικὸς	γυνή	N-	----GSF-
Luke 17:32	Λώτ	Λώτ	N-	----GSM-
Luke 17:33	ὃς	ὅς	RR	----NSM-
Luke 17:33	ἐὰν	ἐάν	X-	--------
Luke 17:33	ζητήσῃ	ζητέω	V-	3AAS-S--
Luke 17:33	τὴν	ὁ	RA	----ASF-
Luke 17:33	ψυχὴν	ψυχή	N-	----ASF-
Luke 17:33	αὐτοῦ	αὐτός	RP	----GSM-
Luke 17:33	περιποιήσασθαι	περιποιέομαι	V-	-AMN----
Luke 17:33	ἀπολέσει	ἀπόλλυμι	V-	3FAI-S--
Luke 17:33	αὐτήν	αὐτός	RP	----ASF-
Luke 17:33	ὃς	ὅς	RR	----NSM-
Luke 17:33	δ’	δέ	C-	--------
Luke 17:33	ἂν	ἄν	X-	--------
Luke 17:33	ἀπολέσῃ	ἀπόλλυμι	V-	3AAS-S--
Luke 17:33	ζῳογονήσει	ζῳογονέω	V-	3FAI-S--
Luke 17:33	αὐτήν	αὐτός	RP	----ASF-
Luke 17:34	λέγω	λέγω	V-	1PAI-S--
Luke 17:34	ὑμῖν	σύ	RP	----DP--
Luke 17:34	ταύτῃ	οὗτος	RD	----DSF-
Luke 17:34	τῇ	ὁ	RA	----DSF-
Luke 17:34	νυκτὶ	νύξ	N-	----DSF-
Luke 17:34	ἔσονται	εἰμί	V-	3FMI-P--
Luke 17:34	δύο	δύο	A-	----NPM-
Luke 17:34	ἐπὶ	ἐπί	P-	--------
Luke 17:34	κλίνης	κλίνη	N-	----GSF-
Luke 17:34	μιᾶς	εἷς	A-	----GSF-
Luke 17:34	ὁ	ὁ	RA	----NSM-
Luke 17:34	εἷς	εἷς	A-	----NSM-
Luke 17:34	παραλημφθήσεται	παραλαμβάνω	V-	3FPI-S--
Luke 17:34	καὶ	καί	C-	--------
Luke 17:34	ὁ	ὁ	RA	----NSM-
Luke 17:34	ἕτερος	ἕτερος	A-	----NSM-
Luke 17:34	ἀφεθήσεται	ἀφίημι	V-	3FPI-S--
Luke 17:35	ἔσονται	εἰμί	V-	3FMI-P--
Luke 17:35	δύο	δύο	A-	----NPF-
Luke 17:35	ἀλήθουσαι	ἀλήθω	V-	-PAPNPF-
Luke 17:35	ἐπὶ	ἐπί	P-	--------
Luke 17:35	τὸ	ὁ	RA	----ASN-
Luke 17:35	αὐτό	αὐτός	A-	----ASN-
Luke 17:35	ἡ	ὁ	RA	----NSF-
Luke 17:35	μία	εἷς	A-	----NSF-
Luke 17:35	παραλημφθήσεται	παραλαμβάνω	V-	3FPI-S--
Luke 17:35	ἡ	ὁ	RA	----NSF-
Luke 17:35	δὲ	δέ	C-	--------
Luke 17:35	ἑτέρα	ἕτερος	A-	----NSF-
Luke 17:35	ἀφεθήσεται	ἀφίημι	V-	3FPI-S--
Luke 17:37	καὶ	καί	C-	--------
Luke 17:37	ἀποκριθέντες	ἀποκρίνομαι	V-	-APPNPM-
Luke 17:37	λέγουσιν	λέγω	V-	3PAI-P--
Luke 17:37	αὐτῷ	αὐτός	RP	----DSM-
Luke 17:37	Ποῦ	ποῦ	D-	--------
Luke 17:37	κύριε	κύριος	N-	----VSM-
Luke 17:37	ὁ	ὁ	RA	----NSM-
Luke 17:37	δὲ	δέ	C-	--------
Luke 17:37	εἶπεν	λέγω	V-	3AAI-S--
Luke 17:37	αὐτοῖς	αὐτός	RP	----DPM-
Luke 17:37	Ὅπου	ὅπου	C-	--------
Luke 17:37	τὸ	ὁ	RA	----NSN-
Luke 17:37	σῶμα	σῶμα	N-	----NSN-
Luke 17:37	ἐκεῖ	ἐκεῖ	D-	--------
Luke 17:37	καὶ	καί	D-	--------
Luke 17:37	οἱ	ὁ	RA	----NPM-
Luke 17:37	ἀετοὶ	ἀετός	N-	----NPM-
Luke 17:37	ἐπισυναχθήσονται	ἐπισυνάγω	V-	3FPI-P--
Luke 18:1	Ἔλεγεν	λέγω	V-	3IAI-S--
Luke 18:1	δὲ	δέ	C-	--------
Luke 18:1	παραβολὴν	παραβολή	N-	----ASF-
Luke 18:1	αὐτοῖς	αὐτός	RP	----DPM-
Luke 18:1	πρὸς	πρός	P-	--------
Luke 18:1	τὸ	ὁ	RA	----ASN-
Luke 18:1	δεῖν	δέω	V-	-PAN----
Luke 18:1	πάντοτε	πάντοτε	D-	--------
Luke 18:1	προσεύχεσθαι	προσεύχομαι	V-	-PMN----
Luke 18:1	αὐτοὺς	αὐτός	RP	----APM-
Luke 18:1	καὶ	καί	C-	--------
Luke 18:1	μὴ	μή	D-	--------
Luke 18:1	ἐγκακεῖν	ἐγκακέω	V-	-PAN----
Luke 18:2	λέγων	λέγω	V-	-PAPNSM-
Luke 18:2	Κριτής	κριτής	N-	----NSM-
Luke 18:2	τις	τις	RI	----NSM-
Luke 18:2	ἦν	εἰμί	V-	3IAI-S--
Luke 18:2	ἔν	ἐν	P-	--------
Luke 18:2	τινι	τις	RI	----DSF-
Luke 18:2	πόλει	πόλις	N-	----DSF-
Luke 18:2	τὸν	ὁ	RA	----ASM-
Luke 18:2	θεὸν	θεός	N-	----ASM-
Luke 18:2	μὴ	μή	D-	--------
Luke 18:2	φοβούμενος	φοβέομαι	V-	-PMPNSM-
Luke 18:2	καὶ	καί	C-	--------
Luke 18:2	ἄνθρωπον	ἄνθρωπος	N-	----ASM-
Luke 18:2	μὴ	μή	D-	--------
Luke 18:2	ἐντρεπόμενος	ἐντρέπω	V-	-PPPNSM-
Luke 18:3	χήρα	χήρα	A-	----NSF-
Luke 18:3	δὲ	δέ	C-	--------
Luke 18:3	ἦν	εἰμί	V-	3IAI-S--
Luke 18:3	ἐν	ἐν	P-	--------
Luke 18:3	τῇ	ὁ	RA	----DSF-
Luke 18:3	πόλει	πόλις	N-	----DSF-
Luke 18:3	ἐκείνῃ	ἐκεῖνος	RD	----DSF-
Luke 18:3	καὶ	καί	C-	--------
Luke 18:3	ἤρχετο	ἔρχομαι	V-	3IMI-S--
Luke 18:3	πρὸς	πρός	P-	--------
Luke 18:3	αὐτὸν	αὐτός	RP	----ASM-
Luke 18:3	λέγουσα	λέγω	V-	-PAPNSF-
Luke 18:3	Ἐκδίκησόν	ἐκδικέω	V-	2AAD-S--
Luke 18:3	με	ἐγώ	RP	----AS--
Luke 18:3	ἀπὸ	ἀπό	P-	--------
Luke 18:3	τοῦ	ὁ	RA	----GSM-
Luke 18:3	ἀντιδίκου	ἀντίδικος	N-	----GSM-
Luke 18:3	μου	ἐγώ	RP	----GS--
Luke 18:4	καὶ	καί	C-	--------
Luke 18:4	οὐκ	οὐ	D-	--------
Luke 18:4	ἤθελεν	θέλω	V-	3IAI-S--
Luke 18:4	ἐπὶ	ἐπί	P-	--------
Luke 18:4	χρόνον	χρόνος	N-	----ASM-
Luke 18:4	μετὰ	μετά	P-	--------
Luke 18:4	ταῦτα	οὗτος	RD	----APN-
Luke 18:4	δὲ	δέ	C-	--------
Luke 18:4	εἶπεν	λέγω	V-	3AAI-S--
Luke 18:4	ἐν	ἐν	P-	--------
Luke 18:4	ἑαυτῷ	ἑαυτοῦ	RP	----DSM-
Luke 18:4	Εἰ	εἰ	C-	--------
Luke 18:4	καὶ	καί	D-	--------
Luke 18:4	τὸν	ὁ	RA	----ASM-
Luke 18:4	θεὸν	θεός	N-	----ASM-
Luke 18:4	οὐ	οὐ	D-	--------
Luke 18:4	φοβοῦμαι	φοβέομαι	V-	1PMI-S--
Luke 18:4	οὐδὲ	οὐδέ	C-	--------
Luke 18:4	ἄνθρωπον	ἄνθρωπος	N-	----ASM-
Luke 18:4	ἐντρέπομαι	ἐντρέπω	V-	1PPI-S--
Luke 18:5	διά	διά	P-	--------
Luke 18:5	γε	γέ	X-	--------
Luke 18:5	τὸ	ὁ	RA	----ASN-
Luke 18:5	παρέχειν	παρέχω	V-	-PAN----
Luke 18:5	μοι	ἐγώ	RP	----DS--
Luke 18:5	κόπον	κόπος	N-	----ASM-
Luke 18:5	τὴν	ὁ	RA	----ASF-
Luke 18:5	χήραν	χήρα	A-	----ASF-
Luke 18:5	ταύτην	οὗτος	RD	----ASF-
Luke 18:5	ἐκδικήσω	ἐκδικέω	V-	1FAI-S--
Luke 18:5	αὐτήν	αὐτός	RP	----ASF-
Luke 18:5	ἵνα	ἵνα	C-	--------
Luke 18:5	μὴ	μή	D-	--------
Luke 18:5	εἰς	εἰς	P-	--------
Luke 18:5	τέλος	τέλος	N-	----ASN-
Luke 18:5	ἐρχομένη	ἔρχομαι	V-	-PMPNSF-
Luke 18:5	ὑπωπιάζῃ	ὑπωπιάζω	V-	3PAS-S--
Luke 18:5	με	ἐγώ	RP	----AS--
Luke 18:6	εἶπεν	λέγω	V-	3AAI-S--
Luke 18:6	δὲ	δέ	C-	--------
Luke 18:6	ὁ	ὁ	RA	----NSM-
Luke 18:6	κύριος	κύριος	N-	----NSM-
Luke 18:6	Ἀκούσατε	ἀκούω	V-	2AAD-P--
Luke 18:6	τί	τίς	RI	----ASN-
Luke 18:6	ὁ	ὁ	RA	----NSM-
Luke 18:6	κριτὴς	κριτής	N-	----NSM-
Luke 18:6	τῆς	ὁ	RA	----GSF-
Luke 18:6	ἀδικίας	ἀδικία	N-	----GSF-
Luke 18:6	λέγει	λέγω	V-	3PAI-S--
Luke 18:7	ὁ	ὁ	RA	----NSM-
Luke 18:7	δὲ	δέ	C-	--------
Luke 18:7	θεὸς	θεός	N-	----NSM-
Luke 18:7	οὐ	οὐ	X-	--------
Luke 18:7	μὴ	μή	X-	--------
Luke 18:7	ποιήσῃ	ποιέω	V-	3AAS-S--
Luke 18:7	τὴν	ὁ	RA	----ASF-
Luke 18:7	ἐκδίκησιν	ἐκδίκησις	N-	----ASF-
Luke 18:7	τῶν	ὁ	RA	----GPM-
Luke 18:7	ἐκλεκτῶν	ἐκλεκτός	A-	----GPM-
Luke 18:7	αὐτοῦ	αὐτός	RP	----GSM-
Luke 18:7	τῶν	ὁ	RA	----GPM-
Luke 18:7	βοώντων	βοάω	V-	-PAPGPM-
Luke 18:7	αὐτῷ	αὐτός	RP	----DSM-
Luke 18:7	ἡμέρας	ἡμέρα	N-	----GSF-
Luke 18:7	καὶ	καί	C-	--------
Luke 18:7	νυκτός	νύξ	N-	----GSF-
Luke 18:7	καὶ	καί	C-	--------
Luke 18:7	μακροθυμεῖ	μακροθυμέω	V-	3PAI-S--
Luke 18:7	ἐπ’	ἐπί	P-	--------
Luke 18:7	αὐτοῖς	αὐτός	RP	----DPM-
Luke 18:8	λέγω	λέγω	V-	1PAI-S--
Luke 18:8	ὑμῖν	σύ	RP	----DP--
Luke 18:8	ὅτι	ὅτι	C-	--------
Luke 18:8	ποιήσει	ποιέω	V-	3FAI-S--
Luke 18:8	τὴν	ὁ	RA	----ASF-
Luke 18:8	ἐκδίκησιν	ἐκδίκησις	N-	----ASF-
Luke 18:8	αὐτῶν	αὐτός	RP	----GPM-
Luke 18:8	ἐν	ἐν	P-	--------
Luke 18:8	τάχει	τάχος	N-	----DSN-
Luke 18:8	πλὴν	πλήν	C-	--------
Luke 18:8	ὁ	ὁ	RA	----NSM-
Luke 18:8	υἱὸς	υἱός	N-	----NSM-
Luke 18:8	τοῦ	ὁ	RA	----GSM-
Luke 18:8	ἀνθρώπου	ἄνθρωπος	N-	----GSM-
Luke 18:8	ἐλθὼν	ἔρχομαι	V-	-AAPNSM-
Luke 18:8	ἆρα	ἆρα	X-	--------
Luke 18:8	εὑρήσει	εὑρίσκω	V-	3FAI-S--
Luke 18:8	τὴν	ὁ	RA	----ASF-
Luke 18:8	πίστιν	πίστις	N-	----ASF-
Luke 18:8	ἐπὶ	ἐπί	P-	--------
Luke 18:8	τῆς	ὁ	RA	----GSF-
Luke 18:8	γῆς	γῆ	N-	----GSF-
Luke 18:9	Εἶπεν	λέγω	V-	3AAI-S--
Luke 18:9	δὲ	δέ	C-	--------
Luke 18:9	καὶ	καί	D-	--------
Luke 18:9	πρός	πρός	P-	--------
Luke 18:9	τινας	τις	RI	----APM-
Luke 18:9	τοὺς	ὁ	RA	----APM-
Luke 18:9	πεποιθότας	πείθω	V-	-XAPAPM-
Luke 18:9	ἐφ’	ἐπί	P-	--------
Luke 18:9	ἑαυτοῖς	ἑαυτοῦ	RP	----DPM-
Luke 18:9	ὅτι	ὅτι	C-	--------
Luke 18:9	εἰσὶν	εἰμί	V-	3PAI-P--
Luke 18:9	δίκαιοι	δίκαιος	A-	----NPM-
Luke 18:9	καὶ	καί	C-	--------
Luke 18:9	ἐξουθενοῦντας	ἐξουθενέω	V-	-PAPAPM-
Luke 18:9	τοὺς	ὁ	RA	----APM-
Luke 18:9	λοιποὺς	λοιπός	A-	----APM-
Luke 18:9	τὴν	ὁ	RA	----ASF-
Luke 18:9	παραβολὴν	παραβολή	N-	----ASF-
Luke 18:9	ταύτην	οὗτος	RD	----ASF-
Luke 18:10	Ἄνθρωποι	ἄνθρωπος	N-	----NPM-
Luke 18:10	δύο	δύο	A-	----NPM-
Luke 18:10	ἀνέβησαν	ἀναβαίνω	V-	3AAI-P--
Luke 18:10	εἰς	εἰς	P-	--------
Luke 18:10	τὸ	ὁ	RA	----ASN-
Luke 18:10	ἱερὸν	ἱερός	A-	----ASN-
Luke 18:10	προσεύξασθαι	προσεύχομαι	V-	-AMN----
Luke 18:10	ὁ	ὁ	RA	----NSM-
Luke 18:10	εἷς	εἷς	A-	----NSM-
Luke 18:10	Φαρισαῖος	Φαρισαῖος	N-	----NSM-
Luke 18:10	καὶ	καί	C-	--------
Luke 18:10	ὁ	ὁ	RA	----NSM-
Luke 18:10	ἕτερος	ἕτερος	A-	----NSM-
Luke 18:10	τελώνης	τελώνης	N-	----NSM-
Luke 18:11	ὁ	ὁ	RA	----NSM-
Luke 18:11	Φαρισαῖος	Φαρισαῖος	N-	----NSM-
Luke 18:11	σταθεὶς	ἵστημι	V-	-APPNSM-
Luke 18:11	πρὸς	πρός	P-	--------
Luke 18:11	ἑαυτὸν	ἑαυτοῦ	RP	----ASM-
Luke 18:11	ταῦτα	οὗτος	RD	----APN-
Luke 18:11	προσηύχετο	προσεύχομαι	V-	3IMI-S--
Luke 18:11	Ὁ	ὁ	RA	----NSM-
Luke 18:11	θεός	θεός	N-	----NSM-
Luke 18:11	εὐχαριστῶ	εὐχαριστέω	V-	1PAI-S--
Luke 18:11	σοι	σύ	RP	----DS--
Luke 18:11	ὅτι	ὅτι	C-	--------
Luke 18:11	οὐκ	οὐ	D-	--------
Luke 18:11	εἰμὶ	εἰμί	V-	1PAI-S--
Luke 18:11	ὥσπερ	ὥσπερ	C-	--------
Luke 18:11	οἱ	ὁ	RA	----NPM-
Luke 18:11	λοιποὶ	λοιπός	A-	----NPM-
Luke 18:11	τῶν	ὁ	RA	----GPM-
Luke 18:11	ἀνθρώπων	ἄνθρωπος	N-	----GPM-
Luke 18:11	ἅρπαγες	ἅρπαξ	A-	----NPM-
Luke 18:11	ἄδικοι	ἄδικος	A-	----NPM-
Luke 18:11	μοιχοί	μοιχός	N-	----NPM-
Luke 18:11	ἢ	ἤ	C-	--------
Luke 18:11	καὶ	καί	D-	--------
Luke 18:11	ὡς	ὡς	C-	--------
Luke 18:11	οὗτος	οὗτος	RD	----NSM-
Luke 18:11	ὁ	ὁ	RA	----NSM-
Luke 18:11	τελώνης	τελώνης	N-	----NSM-
Luke 18:12	νηστεύω	νηστεύω	V-	1PAI-S--
Luke 18:12	δὶς	δίς	D-	--------
Luke 18:12	τοῦ	ὁ	RA	----GSN-
Luke 18:12	σαββάτου	σάββατον	N-	----GSN-
Luke 18:12	ἀποδεκατῶ	ἀποδεκατόω	V-	1PAI-S--
Luke 18:12	πάντα	πᾶς	A-	----APN-
Luke 18:12	ὅσα	ὅσος	RR	----APN-
Luke 18:12	κτῶμαι	κτάομαι	V-	1PMI-S--
Luke 18:13	ὁ	ὁ	RA	----NSM-
Luke 18:13	δὲ	δέ	C-	--------
Luke 18:13	τελώνης	τελώνης	N-	----NSM-
Luke 18:13	μακρόθεν	μακρόθεν	D-	--------
Luke 18:13	ἑστὼς	ἵστημι	V-	-XAPNSM-
Luke 18:13	οὐκ	οὐ	D-	--------
Luke 18:13	ἤθελεν	θέλω	V-	3IAI-S--
Luke 18:13	οὐδὲ	οὐδέ	D-	--------
Luke 18:13	τοὺς	ὁ	RA	----APM-
Luke 18:13	ὀφθαλμοὺς	ὀφθαλμός	N-	----APM-
Luke 18:13	ἐπᾶραι	ἐπαίρω	V-	-AAN----
Luke 18:13	εἰς	εἰς	P-	--------
Luke 18:13	τὸν	ὁ	RA	----ASM-
Luke 18:13	οὐρανόν	οὐρανός	N-	----ASM-
Luke 18:13	ἀλλ’	ἀλλά	C-	--------
Luke 18:13	ἔτυπτε	τύπτω	V-	3IAI-S--
Luke 18:13	τὸ	ὁ	RA	----ASN-
Luke 18:13	στῆθος	στῆθος	N-	----ASN-
Luke 18:13	αὐτοῦ	αὐτός	RP	----GSM-
Luke 18:13	λέγων	λέγω	V-	-PAPNSM-
Luke 18:13	Ὁ	ὁ	RA	----NSM-
Luke 18:13	θεός	θεός	N-	----NSM-
Luke 18:13	ἱλάσθητί	ἱλάσκομαι	V-	2APD-S--
Luke 18:13	μοι	ἐγώ	RP	----DS--
Luke 18:13	τῷ	ὁ	RA	----DSM-
Luke 18:13	ἁμαρτωλῷ	ἁμαρτωλός	A-	----DSM-
Luke 18:14	λέγω	λέγω	V-	1PAI-S--
Luke 18:14	ὑμῖν	σύ	RP	----DP--
Luke 18:14	κατέβη	καταβαίνω	V-	3AAI-S--
Luke 18:14	οὗτος	οὗτος	RD	----NSM-
Luke 18:14	δεδικαιωμένος	δικαιόω	V-	-XPPNSM-
Luke 18:14	εἰς	εἰς	P-	--------
Luke 18:14	τὸν	ὁ	RA	----ASM-
Luke 18:14	οἶκον	οἶκος	N-	----ASM-
Luke 18:14	αὐτοῦ	αὐτός	RP	----GSM-
Luke 18:14	παρ’	παρά	P-	--------
Luke 18:14	ἐκεῖνον	ἐκεῖνος	RD	----ASM-
Luke 18:14	ὅτι	ὅτι	C-	--------
Luke 18:14	πᾶς	πᾶς	A-	----NSM-
Luke 18:14	ὁ	ὁ	RA	----NSM-
Luke 18:14	ὑψῶν	ὑψόω	V-	-PAPNSM-
Luke 18:14	ἑαυτὸν	ἑαυτοῦ	RP	----ASM-
Luke 18:14	ταπεινωθήσεται	ταπεινόω	V-	3FPI-S--
Luke 18:14	ὁ	ὁ	RA	----NSM-
Luke 18:14	δὲ	δέ	C-	--------
Luke 18:14	ταπεινῶν	ταπεινόω	V-	-PAPNSM-
Luke 18:14	ἑαυτὸν	ἑαυτοῦ	RP	----ASM-
Luke 18:14	ὑψωθήσεται	ὑψόω	V-	3FPI-S--
Luke 18:15	Προσέφερον	προσφέρω	V-	3IAI-P--
Luke 18:15	δὲ	δέ	C-	--------
Luke 18:15	αὐτῷ	αὐτός	RP	----DSM-
Luke 18:15	καὶ	καί	D-	--------
Luke 18:15	τὰ	ὁ	RA	----APN-
Luke 18:15	βρέφη	βρέφος	N-	----APN-
Luke 18:15	ἵνα	ἵνα	C-	--------
Luke 18:15	αὐτῶν	αὐτός	RP	----GPN-
Luke 18:15	ἅπτηται	ἅπτω	V-	3PMS-S--
Luke 18:15	ἰδόντες	ὁράω	V-	-AAPNPM-
Luke 18:15	δὲ	δέ	C-	--------
Luke 18:15	οἱ	ὁ	RA	----NPM-
Luke 18:15	μαθηταὶ	μαθητής	N-	----NPM-
Luke 18:15	ἐπετίμων	ἐπιτιμάω	V-	3IAI-P--
Luke 18:15	αὐτοῖς	αὐτός	RP	----DPM-
Luke 18:16	ὁ	ὁ	RA	----NSM-
Luke 18:16	δὲ	δέ	C-	--------
Luke 18:16	Ἰησοῦς	Ἰησοῦς	N-	----NSM-
Luke 18:16	προσεκαλέσατο	προσκαλέομαι	V-	3AMI-S--
Luke 18:16	αὐτὰ	αὐτός	RP	----APN-
Luke 18:16	λέγων	λέγω	V-	-PAPNSM-
Luke 18:16	Ἄφετε	ἀφίημι	V-	2AAD-P--
Luke 18:16	τὰ	ὁ	RA	----APN-
Luke 18:16	παιδία	παιδίον	N-	----APN-
Luke 18:16	ἔρχεσθαι	ἔρχομαι	V-	-PMN----
Luke 18:16	πρός	πρός	P-	--------
Luke 18:16	με	ἐγώ	RP	----AS--
Luke 18:16	καὶ	καί	C-	--------
Luke 18:16	μὴ	μή	D-	--------
Luke 18:16	κωλύετε	κωλύω	V-	2PAD-P--
Luke 18:16	αὐτά	αὐτός	RP	----APN-
Luke 18:16	τῶν	ὁ	RA	----GPN-
Luke 18:16	γὰρ	γάρ	C-	--------
Luke 18:16	τοιούτων	τοιοῦτος	RD	----GPN-
Luke 18:16	ἐστὶν	εἰμί	V-	3PAI-S--
Luke 18:16	ἡ	ὁ	RA	----NSF-
Luke 18:16	βασιλεία	βασιλεία	N-	----NSF-
Luke 18:16	τοῦ	ὁ	RA	----GSM-
Luke 18:16	θεοῦ	θεός	N-	----GSM-
Luke 18:17	ἀμὴν	ἀμήν	X-	--------
Luke 18:17	λέγω	λέγω	V-	1PAI-S--
Luke 18:17	ὑμῖν	σύ	RP	----DP--
Luke 18:17	ὃς	ὅς	RR	----NSM-
Luke 18:17	ἂν	ἄν	X-	--------
Luke 18:17	μὴ	μή	D-	--------
Luke 18:17	δέξηται	δέχομαι	V-	3AMS-S--
Luke 18:17	τὴν	ὁ	RA	----ASF-
Luke 18:17	βασιλείαν	βασιλεία	N-	----ASF-
Luke 18:17	τοῦ	ὁ	RA	----GSM-
Luke 18:17	θεοῦ	θεός	N-	----GSM-
Luke 18:17	ὡς	ὡς	C-	--------
Luke 18:17	παιδίον	παιδίον	N-	----NSN-
Luke 18:17	οὐ	οὐ	D-	--------
Luke 18:17	μὴ	μή	D-	--------
Luke 18:17	εἰσέλθῃ	εἰσέρχομαι	V-	3AAS-S--
Luke 18:17	εἰς	εἰς	P-	--------
Luke 18:17	αὐτήν	αὐτός	RP	----ASF-
Luke 18:18	Καὶ	καί	C-	--------
Luke 18:18	ἐπηρώτησέν	ἐπερωτάω	V-	3AAI-S--
Luke 18:18	τις	τις	RI	----NSM-
Luke 18:18	αὐτὸν	αὐτός	RP	----ASM-
Luke 18:18	ἄρχων	ἄρχων	N-	----NSM-
Luke 18:18	λέγων	λέγω	V-	-PAPNSM-
Luke 18:18	Διδάσκαλε	διδάσκαλος	N-	----VSM-
Luke 18:18	ἀγαθέ	ἀγαθός	A-	----VSM-
Luke 18:18	τί	τίς	RI	----ASN-
Luke 18:18	ποιήσας	ποιέω	V-	-AAPNSM-
Luke 18:18	ζωὴν	ζωή	N-	----ASF-
Luke 18:18	αἰώνιον	αἰώνιος	A-	----ASF-
Luke 18:18	κληρονομήσω	κληρονομέω	V-	1FAI-S--
Luke 18:19	εἶπεν	λέγω	V-	3AAI-S--
Luke 18:19	δὲ	δέ	C-	--------
Luke 18:19	αὐτῷ	αὐτός	RP	----DSM-
Luke 18:19	ὁ	ὁ	RA	----NSM-
Luke 18:19	Ἰησοῦς	Ἰησοῦς	N-	----NSM-
Luke 18:19	Τί	τίς	RI	----ASN-
Luke 18:19	με	ἐγώ	RP	----AS--
Luke 18:19	λέγεις	λέγω	V-	2PAI-S--
Luke 18:19	ἀγαθόν	ἀγαθός	A-	----ASM-
Luke 18:19	οὐδεὶς	οὐδείς	A-	----NSM-
Luke 18:19	ἀγαθὸς	ἀγαθός	A-	----NSM-
Luke 18:19	εἰ	εἰ	C-	--------
Luke 18:19	μὴ	μή	D-	--------
Luke 18:19	εἷς	εἷς	A-	----NSM-
Luke 18:19	ὁ	ὁ	RA	----NSM-
Luke 18:19	θεός	θεός	N-	----NSM-
Luke 18:20	τὰς	ὁ	RA	----APF-
Luke 18:20	ἐντολὰς	ἐντολή	N-	----APF-
Luke 18:20	οἶδας	οἶδα	V-	2XAI-S--
Luke 18:20	Μὴ	μή	D-	--------
Luke 18:20	μοιχεύσῃς	μοιχεύω	V-	2AAS-S--
Luke 18:20	Μὴ	μή	D-	--------
Luke 18:20	φονεύσῃς	φονεύω	V-	2AAS-S--
Luke 18:20	Μὴ	μή	D-	--------
Luke 18:20	κλέψῃς	κλέπτω	V-	2AAS-S--
Luke 18:20	Μὴ	μή	D-	--------
Luke 18:20	ψευδομαρτυρήσῃς	ψευδομαρτυρέω	V-	2AAS-S--
Luke 18:20	Τίμα	τιμάω	V-	2PAD-S--
Luke 18:20	τὸν	ὁ	RA	----ASM-
Luke 18:20	πατέρα	πατήρ	N-	----ASM-
Luke 18:20	σου	σύ	RP	----GS--
Luke 18:20	καὶ	καί	C-	--------
Luke 18:20	τὴν	ὁ	RA	----ASF-
Luke 18:20	μητέρα	μήτηρ	N-	----ASF-
Luke 18:21	ὁ	ὁ	RA	----NSM-
Luke 18:21	δὲ	δέ	C-	--------
Luke 18:21	εἶπεν	λέγω	V-	3AAI-S--
Luke 18:21	Ταῦτα	οὗτος	RD	----APN-
Luke 18:21	πάντα	πᾶς	A-	----APN-
Luke 18:21	ἐφύλαξα	φυλάσσω	V-	1AAI-S--
Luke 18:21	ἐκ	ἐκ	P-	--------
Luke 18:21	νεότητος	νεότης	N-	----GSF-
Luke 18:21	μου	ἐγώ	RP	----GS--
Luke 18:22	ἀκούσας	ἀκούω	V-	-AAPNSM-
Luke 18:22	δὲ	δέ	C-	--------
Luke 18:22	ὁ	ὁ	RA	----NSM-
Luke 18:22	Ἰησοῦς	Ἰησοῦς	N-	----NSM-
Luke 18:22	εἶπεν	λέγω	V-	3AAI-S--
Luke 18:22	αὐτῷ	αὐτός	RP	----DSM-
Luke 18:22	Ἔτι	ἔτι	D-	--------
Luke 18:22	ἕν	εἷς	A-	----NSN-
Luke 18:22	σοι	σύ	RP	----DS--
Luke 18:22	λείπει	λείπω	V-	3PAI-S--
Luke 18:22	πάντα	πᾶς	A-	----APN-
Luke 18:22	ὅσα	ὅσος	RR	----APN-
Luke 18:22	ἔχεις	ἔχω	V-	2PAI-S--
Luke 18:22	πώλησον	πωλέω	V-	2AAD-S--
Luke 18:22	καὶ	καί	C-	--------
Luke 18:22	διάδος	διαδίδωμι	V-	2AAD-S--
Luke 18:22	πτωχοῖς	πτωχός	A-	----DPM-
Luke 18:22	καὶ	καί	C-	--------
Luke 18:22	ἕξεις	ἔχω	V-	2FAI-S--
Luke 18:22	θησαυρὸν	θησαυρός	N-	----ASM-
Luke 18:22	ἐν	ἐν	P-	--------
Luke 18:22	οὐρανοῖς	οὐρανός	N-	----DPM-
Luke 18:22	καὶ	καί	C-	--------
Luke 18:22	δεῦρο	δεῦρο	D-	--------
Luke 18:22	ἀκολούθει	ἀκολουθέω	V-	2PAD-S--
Luke 18:22	μοι	ἐγώ	RP	----DS--
Luke 18:23	ὁ	ὁ	RA	----NSM-
Luke 18:23	δὲ	δέ	C-	--------
Luke 18:23	ἀκούσας	ἀκούω	V-	-AAPNSM-
Luke 18:23	ταῦτα	οὗτος	RD	----APN-
Luke 18:23	περίλυπος	περίλυπος	A-	----NSM-
Luke 18:23	ἐγενήθη	γίνομαι	V-	3API-S--
Luke 18:23	ἦν	εἰμί	V-	3IAI-S--
Luke 18:23	γὰρ	γάρ	C-	--------
Luke 18:23	πλούσιος	πλούσιος	A-	----NSM-
Luke 18:23	σφόδρα	σφόδρα	D-	--------
Luke 18:24	Ἰδὼν	ὁράω	V-	-AAPNSM-
Luke 18:24	δὲ	δέ	C-	--------
Luke 18:24	αὐτὸν	αὐτός	RP	----ASM-
Luke 18:24	ὁ	ὁ	RA	----NSM-
Luke 18:24	Ἰησοῦς	Ἰησοῦς	N-	----NSM-
Luke 18:24	εἶπεν	λέγω	V-	3AAI-S--
Luke 18:24	Πῶς	πῶς	D-	--------
Luke 18:24	δυσκόλως	δυσκόλως	D-	--------
Luke 18:24	οἱ	ὁ	RA	----NPM-
Luke 18:24	τὰ	ὁ	RA	----APN-
Luke 18:24	χρήματα	χρῆμα	N-	----APN-
Luke 18:24	ἔχοντες	ἔχω	V-	-PAPNPM-
Luke 18:24	εἰς	εἰς	P-	--------
Luke 18:24	τὴν	ὁ	RA	----ASF-
Luke 18:24	βασιλείαν	βασιλεία	N-	----ASF-
Luke 18:24	τοῦ	ὁ	RA	----GSM-
Luke 18:24	θεοῦ	θεός	N-	----GSM-
Luke 18:24	εἰσπορεύονται	εἰσπορεύομαι	V-	3PMI-P--
Luke 18:25	εὐκοπώτερον	εὐκοπώτερος	A-	----NSNC
Luke 18:25	γάρ	γάρ	C-	--------
Luke 18:25	ἐστιν	εἰμί	V-	3PAI-S--
Luke 18:25	κάμηλον	κάμηλος	N-	----ASF-
Luke 18:25	διὰ	διά	P-	--------
Luke 18:25	τρήματος	τρῆμα	N-	----GSN-
Luke 18:25	βελόνης	βελόνη	N-	----GSF-
Luke 18:25	εἰσελθεῖν	εἰσέρχομαι	V-	-AAN----
Luke 18:25	ἢ	ἤ	C-	--------
Luke 18:25	πλούσιον	πλούσιος	A-	----ASM-
Luke 18:25	εἰς	εἰς	P-	--------
Luke 18:25	τὴν	ὁ	RA	----ASF-
Luke 18:25	βασιλείαν	βασιλεία	N-	----ASF-
Luke 18:25	τοῦ	ὁ	RA	----GSM-
Luke 18:25	θεοῦ	θεός	N-	----GSM-
Luke 18:25	εἰσελθεῖν	εἰσέρχομαι	V-	-AAN----
Luke 18:26	Εἶπαν	λέγω	V-	3AAI-P--
Luke 18:26	δὲ	δέ	C-	--------
Luke 18:26	οἱ	ὁ	RA	----NPM-
Luke 18:26	ἀκούσαντες	ἀκούω	V-	-AAPNPM-
Luke 18:26	Καὶ	καί	C-	--------
Luke 18:26	τίς	τίς	RI	----NSM-
Luke 18:26	δύναται	δύναμαι	V-	3PMI-S--
Luke 18:26	σωθῆναι	σῴζω	V-	-APN----
Luke 18:27	ὁ	ὁ	RA	----NSM-
Luke 18:27	δὲ	δέ	C-	--------
Luke 18:27	εἶπεν	λέγω	V-	3AAI-S--
Luke 18:27	Τὰ	ὁ	RA	----NPN-
Luke 18:27	ἀδύνατα	ἀδύνατος	A-	----NPN-
Luke 18:27	παρὰ	παρά	P-	--------
Luke 18:27	ἀνθρώποις	ἄνθρωπος	N-	----DPM-
Luke 18:27	δυνατὰ	δυνατός	A-	----NPN-
Luke 18:27	παρὰ	παρά	P-	--------
Luke 18:27	τῷ	ὁ	RA	----DSM-
Luke 18:27	θεῷ	θεός	N-	----DSM-
Luke 18:27	ἐστιν	εἰμί	V-	3PAI-S--
Luke 18:28	Εἶπεν	λέγω	V-	3AAI-S--
Luke 18:28	δὲ	δέ	C-	--------
Luke 18:28	ὁ	ὁ	RA	----NSM-
Luke 18:28	Πέτρος	Πέτρος	N-	----NSM-
Luke 18:28	Ἰδοὺ	ἰδού	X-	--------
Luke 18:28	ἡμεῖς	ἐγώ	RP	----NP--
Luke 18:28	ἀφέντες	ἀφίημι	V-	-AAPNPM-
Luke 18:28	τὰ	ὁ	RA	----APN-
Luke 18:28	ἴδια	ἴδιος	A-	----APN-
Luke 18:28	ἠκολουθήσαμέν	ἀκολουθέω	V-	1AAI-P--
Luke 18:28	σοι	σύ	RP	----DS--
Luke 18:29	ὁ	ὁ	RA	----NSM-
Luke 18:29	δὲ	δέ	C-	--------
Luke 18:29	εἶπεν	λέγω	V-	3AAI-S--
Luke 18:29	αὐτοῖς	αὐτός	RP	----DPM-
Luke 18:29	Ἀμὴν	ἀμήν	X-	--------
Luke 18:29	λέγω	λέγω	V-	1PAI-S--
Luke 18:29	ὑμῖν	σύ	RP	----DP--
Luke 18:29	ὅτι	ὅτι	C-	--------
Luke 18:29	οὐδείς	οὐδείς	A-	----NSM-
Luke 18:29	ἐστιν	εἰμί	V-	3PAI-S--
Luke 18:29	ὃς	ὅς	RR	----NSM-
Luke 18:29	ἀφῆκεν	ἀφίημι	V-	3AAI-S--
Luke 18:29	οἰκίαν	οἰκία	N-	----ASF-
Luke 18:29	ἢ	ἤ	C-	--------
Luke 18:29	γυναῖκα	γυνή	N-	----ASF-
Luke 18:29	ἢ	ἤ	C-	--------
Luke 18:29	ἀδελφοὺς	ἀδελφός	N-	----APM-
Luke 18:29	ἢ	ἤ	C-	--------
Luke 18:29	γονεῖς	γονεύς	N-	----APM-
Luke 18:29	ἢ	ἤ	C-	--------
Luke 18:29	τέκνα	τέκνον	N-	----APN-
Luke 18:29	ἕνεκεν	ἕνεκεν	P-	--------
Luke 18:29	τῆς	ὁ	RA	----GSF-
Luke 18:29	βασιλείας	βασιλεία	N-	----GSF-
Luke 18:29	τοῦ	ὁ	RA	----GSM-
Luke 18:29	θεοῦ	θεός	N-	----GSM-
Luke 18:30	ὃς	ὅς	RR	----NSM-
Luke 18:30	οὐχὶ	οὐχί	D-	--------
Luke 18:30	μὴ	μή	D-	--------
Luke 18:30	ἀπολάβῃ	ἀπολαμβάνω	V-	3AAS-S--
Luke 18:30	πολλαπλασίονα	πολλαπλασίων	A-	----APN-
Luke 18:30	ἐν	ἐν	P-	--------
Luke 18:30	τῷ	ὁ	RA	----DSM-
Luke 18:30	καιρῷ	καιρός	N-	----DSM-
Luke 18:30	τούτῳ	οὗτος	RD	----DSM-
Luke 18:30	καὶ	καί	C-	--------
Luke 18:30	ἐν	ἐν	P-	--------
Luke 18:30	τῷ	ὁ	RA	----DSM-
Luke 18:30	αἰῶνι	αἰών	N-	----DSM-
Luke 18:30	τῷ	ὁ	RA	----DSM-
Luke 18:30	ἐρχομένῳ	ἔρχομαι	V-	-PMPDSM-
Luke 18:30	ζωὴν	ζωή	N-	----ASF-
Luke 18:30	αἰώνιον	αἰώνιος	A-	----ASF-
Luke 18:31	Παραλαβὼν	παραλαμβάνω	V-	-AAPNSM-
Luke 18:31	δὲ	δέ	C-	--------
Luke 18:31	τοὺς	ὁ	RA	----APM-
Luke 18:31	δώδεκα	δώδεκα	A-	----APM-
Luke 18:31	εἶπεν	λέγω	V-	3AAI-S--
Luke 18:31	πρὸς	πρός	P-	--------
Luke 18:31	αὐτούς	αὐτός	RP	----APM-
Luke 18:31	Ἰδοὺ	ἰδού	X-	--------
Luke 18:31	ἀναβαίνομεν	ἀναβαίνω	V-	1PAI-P--
Luke 18:31	εἰς	εἰς	P-	--------
Luke 18:31	Ἰερουσαλήμ	Ἰερουσαλήμ	N-	----ASF-
Luke 18:31	καὶ	καί	C-	--------
Luke 18:31	τελεσθήσεται	τελέω	V-	3FPI-S--
Luke 18:31	πάντα	πᾶς	A-	----NPN-
Luke 18:31	τὰ	ὁ	RA	----NPN-
Luke 18:31	γεγραμμένα	γράφω	V-	-XPPNPN-
Luke 18:31	διὰ	διά	P-	--------
Luke 18:31	τῶν	ὁ	RA	----GPM-
Luke 18:31	προφητῶν	προφήτης	N-	----GPM-
Luke 18:31	τῷ	ὁ	RA	----DSM-
Luke 18:31	υἱῷ	υἱός	N-	----DSM-
Luke 18:31	τοῦ	ὁ	RA	----GSM-
Luke 18:31	ἀνθρώπου	ἄνθρωπος	N-	----GSM-
Luke 18:32	παραδοθήσεται	παραδίδωμι	V-	3FPI-S--
Luke 18:32	γὰρ	γάρ	C-	--------
Luke 18:32	τοῖς	ὁ	RA	----DPN-
Luke 18:32	ἔθνεσιν	ἔθνος	N-	----DPN-
Luke 18:32	καὶ	καί	C-	--------
Luke 18:32	ἐμπαιχθήσεται	ἐμπαίζω	V-	3FPI-S--
Luke 18:32	καὶ	καί	C-	--------
Luke 18:32	ὑβρισθήσεται	ὑβρίζω	V-	3FPI-S--
Luke 18:32	καὶ	καί	C-	--------
Luke 18:32	ἐμπτυσθήσεται	ἐμπτύω	V-	3FPI-S--
Luke 18:33	καὶ	καί	C-	--------
Luke 18:33	μαστιγώσαντες	μαστιγόω	V-	-AAPNPM-
Luke 18:33	ἀποκτενοῦσιν	ἀποκτείνω	V-	3FAI-P--
Luke 18:33	αὐτόν	αὐτός	RP	----ASM-
Luke 18:33	καὶ	καί	C-	--------
Luke 18:33	τῇ	ὁ	RA	----DSF-
Luke 18:33	ἡμέρᾳ	ἡμέρα	N-	----DSF-
Luke 18:33	τῇ	ὁ	RA	----DSF-
Luke 18:33	τρίτῃ	τρίτος	A-	----DSF-
Luke 18:33	ἀναστήσεται	ἀνίστημι	V-	3FMI-S--
Luke 18:34	καὶ	καί	C-	--------
Luke 18:34	αὐτοὶ	αὐτός	RP	----NPM-
Luke 18:34	οὐδὲν	οὐδείς	A-	----ASN-
Luke 18:34	τούτων	οὗτος	RD	----GPN-
Luke 18:34	συνῆκαν	συνίημι	V-	3AAI-P--
Luke 18:34	καὶ	καί	C-	--------
Luke 18:34	ἦν	εἰμί	V-	3IAI-S--
Luke 18:34	τὸ	ὁ	RA	----NSN-
Luke 18:34	ῥῆμα	ῥῆμα	N-	----NSN-
Luke 18:34	τοῦτο	οὗτος	RD	----NSN-
Luke 18:34	κεκρυμμένον	κρύπτω	V-	-XPPNSN-
Luke 18:34	ἀπ’	ἀπό	P-	--------
Luke 18:34	αὐτῶν	αὐτός	RP	----GPM-
Luke 18:34	καὶ	καί	C-	--------
Luke 18:34	οὐκ	οὐ	D-	--------
Luke 18:34	ἐγίνωσκον	γινώσκω	V-	3IAI-P--
Luke 18:34	τὰ	ὁ	RA	----APN-
Luke 18:34	λεγόμενα	λέγω	V-	-PPPAPN-
Luke 18:35	Ἐγένετο	γίνομαι	V-	3AMI-S--
Luke 18:35	δὲ	δέ	C-	--------
Luke 18:35	ἐν	ἐν	P-	--------
Luke 18:35	τῷ	ὁ	RA	----DSN-
Luke 18:35	ἐγγίζειν	ἐγγίζω	V-	-PAN----
Luke 18:35	αὐτὸν	αὐτός	RP	----ASM-
Luke 18:35	εἰς	εἰς	P-	--------
Luke 18:35	Ἰεριχὼ	Ἰεριχώ	N-	----ASF-
Luke 18:35	τυφλός	τυφλός	A-	----NSM-
Luke 18:35	τις	τις	RI	----NSM-
Luke 18:35	ἐκάθητο	κάθημαι	V-	3IMI-S--
Luke 18:35	παρὰ	παρά	P-	--------
Luke 18:35	τὴν	ὁ	RA	----ASF-
Luke 18:35	ὁδὸν	ὁδός	N-	----ASF-
Luke 18:35	ἐπαιτῶν	ἐπαιτέω	V-	-PAPNSM-
Luke 18:36	ἀκούσας	ἀκούω	V-	-AAPNSM-
Luke 18:36	δὲ	δέ	C-	--------
Luke 18:36	ὄχλου	ὄχλος	N-	----GSM-
Luke 18:36	διαπορευομένου	διαπορεύομαι	V-	-PMPGSM-
Luke 18:36	ἐπυνθάνετο	πυνθάνομαι	V-	3IMI-S--
Luke 18:36	τί	τίς	RI	----NSN-
Luke 18:36	εἴη	εἰμί	V-	3PAO-S--
Luke 18:36	τοῦτο	οὗτος	RD	----NSN-
Luke 18:37	ἀπήγγειλαν	ἀπαγγέλλω	V-	3AAI-P--
Luke 18:37	δὲ	δέ	C-	--------
Luke 18:37	αὐτῷ	αὐτός	RP	----DSM-
Luke 18:37	ὅτι	ὅτι	C-	--------
Luke 18:37	Ἰησοῦς	Ἰησοῦς	N-	----NSM-
Luke 18:37	ὁ	ὁ	RA	----NSM-
Luke 18:37	Ναζωραῖος	Ναζωραῖος	N-	----NSM-
Luke 18:37	παρέρχεται	παρέρχομαι	V-	3PMI-S--
Luke 18:38	καὶ	καί	C-	--------
Luke 18:38	ἐβόησεν	βοάω	V-	3AAI-S--
Luke 18:38	λέγων	λέγω	V-	-PAPNSM-
Luke 18:38	Ἰησοῦ	Ἰησοῦς	N-	----VSM-
Luke 18:38	υἱὲ	υἱός	N-	----VSM-
Luke 18:38	Δαυίδ	Δαυίδ	N-	----GSM-
Luke 18:38	ἐλέησόν	ἐλεάω	V-	2AAD-S--
Luke 18:38	με	ἐγώ	RP	----AS--
Luke 18:39	καὶ	καί	C-	--------
Luke 18:39	οἱ	ὁ	RA	----NPM-
Luke 18:39	προάγοντες	προάγω	V-	-PAPNPM-
Luke 18:39	ἐπετίμων	ἐπιτιμάω	V-	3IAI-P--
Luke 18:39	αὐτῷ	αὐτός	RP	----DSM-
Luke 18:39	ἵνα	ἵνα	C-	--------
Luke 18:39	σιγήσῃ	σιγάω	V-	3AAS-S--
Luke 18:39	αὐτὸς	αὐτός	RP	----NSM-
Luke 18:39	δὲ	δέ	C-	--------
Luke 18:39	πολλῷ	πολύς	A-	----DSN-
Luke 18:39	μᾶλλον	μᾶλλον	D-	--------
Luke 18:39	ἔκραζεν	κράζω	V-	3IAI-S--
Luke 18:39	Υἱὲ	υἱός	N-	----VSM-
Luke 18:39	Δαυίδ	Δαυίδ	N-	----GSM-
Luke 18:39	ἐλέησόν	ἐλεάω	V-	2AAD-S--
Luke 18:39	με	ἐγώ	RP	----AS--
Luke 18:40	σταθεὶς	ἵστημι	V-	-APPNSM-
Luke 18:40	δὲ	δέ	C-	--------
Luke 18:40	ὁ	ὁ	RA	----NSM-
Luke 18:40	Ἰησοῦς	Ἰησοῦς	N-	----NSM-
Luke 18:40	ἐκέλευσεν	κελεύω	V-	3AAI-S--
Luke 18:40	αὐτὸν	αὐτός	RP	----ASM-
Luke 18:40	ἀχθῆναι	ἄγω	V-	-APN----
Luke 18:40	πρὸς	πρός	P-	--------
Luke 18:40	αὐτόν	αὐτός	RP	----ASM-
Luke 18:40	ἐγγίσαντος	ἐγγίζω	V-	-AAPGSM-
Luke 18:40	δὲ	δέ	C-	--------
Luke 18:40	αὐτοῦ	αὐτός	RP	----GSM-
Luke 18:40	ἐπηρώτησεν	ἐπερωτάω	V-	3AAI-S--
Luke 18:40	αὐτόν	αὐτός	RP	----ASM-
Luke 18:41	Τί	τίς	RI	----ASN-
Luke 18:41	σοι	σύ	RP	----DS--
Luke 18:41	θέλεις	θέλω	V-	2PAI-S--
Luke 18:41	ποιήσω	ποιέω	V-	1AAS-S--
Luke 18:41	ὁ	ὁ	RA	----NSM-
Luke 18:41	δὲ	δέ	C-	--------
Luke 18:41	εἶπεν	λέγω	V-	3AAI-S--
Luke 18:41	Κύριε	κύριος	N-	----VSM-
Luke 18:41	ἵνα	ἵνα	C-	--------
Luke 18:41	ἀναβλέψω	ἀναβλέπω	V-	1AAS-S--
Luke 18:42	καὶ	καί	C-	--------
Luke 18:42	ὁ	ὁ	RA	----NSM-
Luke 18:42	Ἰησοῦς	Ἰησοῦς	N-	----NSM-
Luke 18:42	εἶπεν	λέγω	V-	3AAI-S--
Luke 18:42	αὐτῷ	αὐτός	RP	----DSM-
Luke 18:42	Ἀνάβλεψον	ἀναβλέπω	V-	2AAD-S--
Luke 18:42	ἡ	ὁ	RA	----NSF-
Luke 18:42	πίστις	πίστις	N-	----NSF-
Luke 18:42	σου	σύ	RP	----GS--
Luke 18:42	σέσωκέν	σῴζω	V-	3XAI-S--
Luke 18:42	σε	σύ	RP	----AS--
Luke 18:43	καὶ	καί	C-	--------
Luke 18:43	παραχρῆμα	παραχρῆμα	D-	--------
Luke 18:43	ἀνέβλεψεν	ἀναβλέπω	V-	3AAI-S--
Luke 18:43	καὶ	καί	C-	--------
Luke 18:43	ἠκολούθει	ἀκολουθέω	V-	3IAI-S--
Luke 18:43	αὐτῷ	αὐτός	RP	----DSM-
Luke 18:43	δοξάζων	δοξάζω	V-	-PAPNSM-
Luke 18:43	τὸν	ὁ	RA	----ASM-
Luke 18:43	θεόν	θεός	N-	----ASM-
Luke 18:43	καὶ	καί	C-	--------
Luke 18:43	πᾶς	πᾶς	A-	----NSM-
Luke 18:43	ὁ	ὁ	RA	----NSM-
Luke 18:43	λαὸς	λαός	N-	----NSM-
Luke 18:43	ἰδὼν	ὁράω	V-	-AAPNSM-
Luke 18:43	ἔδωκεν	δίδωμι	V-	3AAI-S--
Luke 18:43	αἶνον	αἶνος	N-	----ASM-
Luke 18:43	τῷ	ὁ	RA	----DSM-
Luke 18:43	θεῷ	θεός	N-	----DSM-
Luke 19:1	Καὶ	καί	C-	--------
Luke 19:1	εἰσελθὼν	εἰσέρχομαι	V-	-AAPNSM-
Luke 19:1	διήρχετο	διέρχομαι	V-	3IMI-S--
Luke 19:1	τὴν	ὁ	RA	----ASF-
Luke 19:1	Ἰεριχώ	Ἰεριχώ	N-	----ASF-
Luke 19:2	καὶ	καί	C-	--------
Luke 19:2	ἰδοὺ	ἰδού	X-	--------
Luke 19:2	ἀνὴρ	ἀνήρ	N-	----NSM-
Luke 19:2	ὀνόματι	ὄνομα	N-	----DSN-
Luke 19:2	καλούμενος	καλέω	V-	-PPPNSM-
Luke 19:2	Ζακχαῖος	Ζακχαῖος	N-	----NSM-
Luke 19:2	καὶ	καί	C-	--------
Luke 19:2	αὐτὸς	αὐτός	RP	----NSM-
Luke 19:2	ἦν	εἰμί	V-	3IAI-S--
Luke 19:2	ἀρχιτελώνης	ἀρχιτελώνης	N-	----NSM-
Luke 19:2	καὶ	καί	C-	--------
Luke 19:2	αὐτὸς	αὐτός	RP	----NSM-
Luke 19:2	πλούσιος	πλούσιος	A-	----NSM-
Luke 19:3	καὶ	καί	C-	--------
Luke 19:3	ἐζήτει	ζητέω	V-	3IAI-S--
Luke 19:3	ἰδεῖν	ὁράω	V-	-AAN----
Luke 19:3	τὸν	ὁ	RA	----ASM-
Luke 19:3	Ἰησοῦν	Ἰησοῦς	N-	----ASM-
Luke 19:3	τίς	τίς	RI	----NSM-
Luke 19:3	ἐστιν	εἰμί	V-	3PAI-S--
Luke 19:3	καὶ	καί	C-	--------
Luke 19:3	οὐκ	οὐ	D-	--------
Luke 19:3	ἠδύνατο	δύναμαι	V-	3IMI-S--
Luke 19:3	ἀπὸ	ἀπό	P-	--------
Luke 19:3	τοῦ	ὁ	RA	----GSM-
Luke 19:3	ὄχλου	ὄχλος	N-	----GSM-
Luke 19:3	ὅτι	ὅτι	C-	--------
Luke 19:3	τῇ	ὁ	RA	----DSF-
Luke 19:3	ἡλικίᾳ	ἡλικία	N-	----DSF-
Luke 19:3	μικρὸς	μικρός	A-	----NSM-
Luke 19:3	ἦν	εἰμί	V-	3IAI-S--
Luke 19:4	καὶ	καί	C-	--------
Luke 19:4	προδραμὼν	προτρέχω	V-	-AAPNSM-
Luke 19:4	εἰς	εἰς	P-	--------
Luke 19:4	τὸ	ὁ	RA	----ASN-
Luke 19:4	ἔμπροσθεν	ἔμπροσθεν	D-	--------
Luke 19:4	ἀνέβη	ἀναβαίνω	V-	3AAI-S--
Luke 19:4	ἐπὶ	ἐπί	P-	--------
Luke 19:4	συκομορέαν	συκομορέα	N-	----ASF-
Luke 19:4	ἵνα	ἵνα	C-	--------
Luke 19:4	ἴδῃ	ὁράω	V-	3AAS-S--
Luke 19:4	αὐτόν	αὐτός	RP	----ASM-
Luke 19:4	ὅτι	ὅτι	C-	--------
Luke 19:4	ἐκείνης	ἐκεῖνος	RD	----GSF-
Luke 19:4	ἤμελλεν	μέλλω	V-	3IAI-S--
Luke 19:4	διέρχεσθαι	διέρχομαι	V-	-PMN----
Luke 19:5	καὶ	καί	C-	--------
Luke 19:5	ὡς	ὡς	C-	--------
Luke 19:5	ἦλθεν	ἔρχομαι	V-	3AAI-S--
Luke 19:5	ἐπὶ	ἐπί	P-	--------
Luke 19:5	τὸν	ὁ	RA	----ASM-
Luke 19:5	τόπον	τόπος	N-	----ASM-
Luke 19:5	ἀναβλέψας	ἀναβλέπω	V-	-AAPNSM-
Luke 19:5	ὁ	ὁ	RA	----NSM-
Luke 19:5	Ἰησοῦς	Ἰησοῦς	N-	----NSM-
Luke 19:5	εἶπεν	λέγω	V-	3AAI-S--
Luke 19:5	πρὸς	πρός	P-	--------
Luke 19:5	αὐτόν	αὐτός	RP	----ASM-
Luke 19:5	Ζακχαῖε	Ζακχαῖος	N-	----VSM-
Luke 19:5	σπεύσας	σπεύδω	V-	-AAPNSM-
Luke 19:5	κατάβηθι	καταβαίνω	V-	2AAD-S--
Luke 19:5	σήμερον	σήμερον	D-	--------
Luke 19:5	γὰρ	γάρ	C-	--------
Luke 19:5	ἐν	ἐν	P-	--------
Luke 19:5	τῷ	ὁ	RA	----DSM-
Luke 19:5	οἴκῳ	οἶκος	N-	----DSM-
Luke 19:5	σου	σύ	RP	----GS--
Luke 19:5	δεῖ	δέω	V-	3PAI-S--
Luke 19:5	με	ἐγώ	RP	----AS--
Luke 19:5	μεῖναι	μένω	V-	-AAN----
Luke 19:6	καὶ	καί	C-	--------
Luke 19:6	σπεύσας	σπεύδω	V-	-AAPNSM-
Luke 19:6	κατέβη	καταβαίνω	V-	3AAI-S--
Luke 19:6	καὶ	καί	C-	--------
Luke 19:6	ὑπεδέξατο	ὑποδέχομαι	V-	3AMI-S--
Luke 19:6	αὐτὸν	αὐτός	RP	----ASM-
Luke 19:6	χαίρων	χαίρω	V-	-PAPNSM-
Luke 19:7	καὶ	καί	C-	--------
Luke 19:7	ἰδόντες	ὁράω	V-	-AAPNPM-
Luke 19:7	πάντες	πᾶς	A-	----NPM-
Luke 19:7	διεγόγγυζον	διαγογγύζω	V-	3IAI-P--
Luke 19:7	λέγοντες	λέγω	V-	-PAPNPM-
Luke 19:7	ὅτι	ὅτι	C-	--------
Luke 19:7	Παρὰ	παρά	P-	--------
Luke 19:7	ἁμαρτωλῷ	ἁμαρτωλός	A-	----DSM-
Luke 19:7	ἀνδρὶ	ἀνήρ	N-	----DSM-
Luke 19:7	εἰσῆλθεν	εἰσέρχομαι	V-	3AAI-S--
Luke 19:7	καταλῦσαι	καταλύω	V-	-AAN----
Luke 19:8	σταθεὶς	ἵστημι	V-	-APPNSM-
Luke 19:8	δὲ	δέ	C-	--------
Luke 19:8	Ζακχαῖος	Ζακχαῖος	N-	----NSM-
Luke 19:8	εἶπεν	λέγω	V-	3AAI-S--
Luke 19:8	πρὸς	πρός	P-	--------
Luke 19:8	τὸν	ὁ	RA	----ASM-
Luke 19:8	κύριον	κύριος	N-	----ASM-
Luke 19:8	Ἰδοὺ	ἰδού	X-	--------
Luke 19:8	τὰ	ὁ	RA	----APN-
Luke 19:8	ἡμίσιά	ἥμισυς	A-	----APN-
Luke 19:8	μου	ἐγώ	RP	----GS--
Luke 19:8	τῶν	ὁ	RA	----GPN-
Luke 19:8	ὑπαρχόντων	ὑπάρχω	V-	-PAPGPN-
Luke 19:8	κύριε	κύριος	N-	----VSM-
Luke 19:8	τοῖς	ὁ	RA	----DPM-
Luke 19:8	πτωχοῖς	πτωχός	A-	----DPM-
Luke 19:8	δίδωμι	δίδωμι	V-	1PAI-S--
Luke 19:8	καὶ	καί	C-	--------
Luke 19:8	εἴ	εἰ	C-	--------
Luke 19:8	τινός	τις	RI	----GSM-
Luke 19:8	τι	τις	RI	----ASN-
Luke 19:8	ἐσυκοφάντησα	συκοφαντέω	V-	1AAI-S--
Luke 19:8	ἀποδίδωμι	ἀποδίδωμι	V-	1PAI-S--
Luke 19:8	τετραπλοῦν	τετραπλοῦς	A-	----ASN-
Luke 19:9	εἶπεν	λέγω	V-	3AAI-S--
Luke 19:9	δὲ	δέ	C-	--------
Luke 19:9	πρὸς	πρός	P-	--------
Luke 19:9	αὐτὸν	αὐτός	RP	----ASM-
Luke 19:9	ὁ	ὁ	RA	----NSM-
Luke 19:9	Ἰησοῦς	Ἰησοῦς	N-	----NSM-
Luke 19:9	ὅτι	ὅτι	C-	--------
Luke 19:9	Σήμερον	σήμερον	D-	--------
Luke 19:9	σωτηρία	σωτηρία	N-	----NSF-
Luke 19:9	τῷ	ὁ	RA	----DSM-
Luke 19:9	οἴκῳ	οἶκος	N-	----DSM-
Luke 19:9	τούτῳ	οὗτος	RD	----DSM-
Luke 19:9	ἐγένετο	γίνομαι	V-	3AMI-S--
Luke 19:9	καθότι	καθότι	C-	--------
Luke 19:9	καὶ	καί	D-	--------
Luke 19:9	αὐτὸς	αὐτός	RP	----NSM-
Luke 19:9	υἱὸς	υἱός	N-	----NSM-
Luke 19:9	Ἀβραάμ	Ἀβραάμ	N-	----GSM-
Luke 19:9	ἐστιν	εἰμί	V-	3PAI-S--
Luke 19:10	ἦλθεν	ἔρχομαι	V-	3AAI-S--
Luke 19:10	γὰρ	γάρ	C-	--------
Luke 19:10	ὁ	ὁ	RA	----NSM-
Luke 19:10	υἱὸς	υἱός	N-	----NSM-
Luke 19:10	τοῦ	ὁ	RA	----GSM-
Luke 19:10	ἀνθρώπου	ἄνθρωπος	N-	----GSM-
Luke 19:10	ζητῆσαι	ζητέω	V-	-AAN----
Luke 19:10	καὶ	καί	C-	--------
Luke 19:10	σῶσαι	σῴζω	V-	-AAN----
Luke 19:10	τὸ	ὁ	RA	----ASN-
Luke 19:10	ἀπολωλός	ἀπόλλυμι	V-	-XAPASN-
Luke 19:11	Ἀκουόντων	ἀκούω	V-	-PAPGPM-
Luke 19:11	δὲ	δέ	C-	--------
Luke 19:11	αὐτῶν	αὐτός	RP	----GPM-
Luke 19:11	ταῦτα	οὗτος	RD	----APN-
Luke 19:11	προσθεὶς	προστίθημι	V-	-AAPNSM-
Luke 19:11	εἶπεν	λέγω	V-	3AAI-S--
Luke 19:11	παραβολὴν	παραβολή	N-	----ASF-
Luke 19:11	διὰ	διά	P-	--------
Luke 19:11	τὸ	ὁ	RA	----ASN-
Luke 19:11	ἐγγὺς	ἐγγύς	P-	--------
Luke 19:11	εἶναι	εἰμί	V-	-PAN----
Luke 19:11	Ἰερουσαλὴμ	Ἰερουσαλήμ	N-	----GSF-
Luke 19:11	αὐτὸν	αὐτός	RP	----ASM-
Luke 19:11	καὶ	καί	C-	--------
Luke 19:11	δοκεῖν	δοκέω	V-	-PAN----
Luke 19:11	αὐτοὺς	αὐτός	RP	----APM-
Luke 19:11	ὅτι	ὅτι	C-	--------
Luke 19:11	παραχρῆμα	παραχρῆμα	D-	--------
Luke 19:11	μέλλει	μέλλω	V-	3PAI-S--
Luke 19:11	ἡ	ὁ	RA	----NSF-
Luke 19:11	βασιλεία	βασιλεία	N-	----NSF-
Luke 19:11	τοῦ	ὁ	RA	----GSM-
Luke 19:11	θεοῦ	θεός	N-	----GSM-
Luke 19:11	ἀναφαίνεσθαι	ἀναφαίνω	V-	-PPN----
Luke 19:12	εἶπεν	λέγω	V-	3AAI-S--
Luke 19:12	οὖν	οὖν	C-	--------
Luke 19:12	Ἄνθρωπός	ἄνθρωπος	N-	----NSM-
Luke 19:12	τις	τις	RI	----NSM-
Luke 19:12	εὐγενὴς	εὐγενής	A-	----NSM-
Luke 19:12	ἐπορεύθη	πορεύομαι	V-	3API-S--
Luke 19:12	εἰς	εἰς	P-	--------
Luke 19:12	χώραν	χώρα	N-	----ASF-
Luke 19:12	μακρὰν	μακρός	A-	----ASF-
Luke 19:12	λαβεῖν	λαμβάνω	V-	-AAN----
Luke 19:12	ἑαυτῷ	ἑαυτοῦ	RP	----DSM-
Luke 19:12	βασιλείαν	βασιλεία	N-	----ASF-
Luke 19:12	καὶ	καί	C-	--------
Luke 19:12	ὑποστρέψαι	ὑποστρέφω	V-	-AAN----
Luke 19:13	καλέσας	καλέω	V-	-AAPNSM-
Luke 19:13	δὲ	δέ	C-	--------
Luke 19:13	δέκα	δέκα	A-	----APM-
Luke 19:13	δούλους	δοῦλος	N-	----APM-
Luke 19:13	ἑαυτοῦ	ἑαυτοῦ	RP	----GSM-
Luke 19:13	ἔδωκεν	δίδωμι	V-	3AAI-S--
Luke 19:13	αὐτοῖς	αὐτός	RP	----DPM-
Luke 19:13	δέκα	δέκα	A-	----APF-
Luke 19:13	μνᾶς	μνᾶ	N-	----APF-
Luke 19:13	καὶ	καί	C-	--------
Luke 19:13	εἶπεν	λέγω	V-	3AAI-S--
Luke 19:13	πρὸς	πρός	P-	--------
Luke 19:13	αὐτούς	αὐτός	RP	----APM-
Luke 19:13	Πραγματεύσασθε	πραγματεύομαι	V-	2AMD-P--
Luke 19:13	ἐν	ἐν	P-	--------
Luke 19:13	ᾧ	ὅς	RR	----DSM-
Luke 19:13	ἔρχομαι	ἔρχομαι	V-	1PMI-S--
Luke 19:14	οἱ	ὁ	RA	----NPM-
Luke 19:14	δὲ	δέ	C-	--------
Luke 19:14	πολῖται	πολίτης	N-	----NPM-
Luke 19:14	αὐτοῦ	αὐτός	RP	----GSM-
Luke 19:14	ἐμίσουν	μισέω	V-	3IAI-P--
Luke 19:14	αὐτόν	αὐτός	RP	----ASM-
Luke 19:14	καὶ	καί	C-	--------
Luke 19:14	ἀπέστειλαν	ἀποστέλλω	V-	3AAI-P--
Luke 19:14	πρεσβείαν	πρεσβεία	N-	----ASF-
Luke 19:14	ὀπίσω	ὀπίσω	P-	--------
Luke 19:14	αὐτοῦ	αὐτός	RP	----GSM-
Luke 19:14	λέγοντες	λέγω	V-	-PAPNPM-
Luke 19:14	Οὐ	οὐ	D-	--------
Luke 19:14	θέλομεν	θέλω	V-	1PAI-P--
Luke 19:14	τοῦτον	οὗτος	RD	----ASM-
Luke 19:14	βασιλεῦσαι	βασιλεύω	V-	-AAN----
Luke 19:14	ἐφ’	ἐπί	P-	--------
Luke 19:14	ἡμᾶς	ἐγώ	RP	----AP--
Luke 19:15	καὶ	καί	C-	--------
Luke 19:15	ἐγένετο	γίνομαι	V-	3AMI-S--
Luke 19:15	ἐν	ἐν	P-	--------
Luke 19:15	τῷ	ὁ	RA	----DSN-
Luke 19:15	ἐπανελθεῖν	ἐπανέρχομαι	V-	-AAN----
Luke 19:15	αὐτὸν	αὐτός	RP	----ASM-
Luke 19:15	λαβόντα	λαμβάνω	V-	-AAPASM-
Luke 19:15	τὴν	ὁ	RA	----ASF-
Luke 19:15	βασιλείαν	βασιλεία	N-	----ASF-
Luke 19:15	καὶ	καί	C-	--------
Luke 19:15	εἶπεν	λέγω	V-	3AAI-S--
Luke 19:15	φωνηθῆναι	φωνέω	V-	-APN----
Luke 19:15	αὐτῷ	αὐτός	RP	----DSM-
Luke 19:15	τοὺς	ὁ	RA	----APM-
Luke 19:15	δούλους	δοῦλος	N-	----APM-
Luke 19:15	τούτους	οὗτος	RD	----APM-
Luke 19:15	οἷς	ὅς	RR	----DPM-
Luke 19:15	δεδώκει	δίδωμι	V-	3YAI-S--
Luke 19:15	τὸ	ὁ	RA	----ASN-
Luke 19:15	ἀργύριον	ἀργύριον	N-	----ASN-
Luke 19:15	ἵνα	ἵνα	C-	--------
Luke 19:15	γνοῖ	γινώσκω	V-	3AAS-S--
Luke 19:15	τί	τίς	RI	----ASN-
Luke 19:15	διεπραγματεύσαντο	διαπραγματεύομαι	V-	3AMI-P--
Luke 19:16	παρεγένετο	παραγίνομαι	V-	3AMI-S--
Luke 19:16	δὲ	δέ	C-	--------
Luke 19:16	ὁ	ὁ	RA	----NSM-
Luke 19:16	πρῶτος	πρῶτος	A-	----NSM-
Luke 19:16	λέγων	λέγω	V-	-PAPNSM-
Luke 19:16	Κύριε	κύριος	N-	----VSM-
Luke 19:16	ἡ	ὁ	RA	----NSF-
Luke 19:16	μνᾶ	μνᾶ	N-	----NSF-
Luke 19:16	σου	σύ	RP	----GS--
Luke 19:16	δέκα	δέκα	A-	----APF-
Luke 19:16	προσηργάσατο	προσεργάζομαι	V-	3AMI-S--
Luke 19:16	μνᾶς	μνᾶ	N-	----APF-
Luke 19:17	καὶ	καί	C-	--------
Luke 19:17	εἶπεν	λέγω	V-	3AAI-S--
Luke 19:17	αὐτῷ	αὐτός	RP	----DSM-
Luke 19:17	Εὖγε	εὖγε	X-	--------
Luke 19:17	ἀγαθὲ	ἀγαθός	A-	----VSM-
Luke 19:17	δοῦλε	δοῦλος	N-	----VSM-
Luke 19:17	ὅτι	ὅτι	C-	--------
Luke 19:17	ἐν	ἐν	P-	--------
Luke 19:17	ἐλαχίστῳ	ἐλάχιστος	A-	----DSNS
Luke 19:17	πιστὸς	πιστός	A-	----NSM-
Luke 19:17	ἐγένου	γίνομαι	V-	2AMI-S--
Luke 19:17	ἴσθι	εἰμί	V-	2PAD-S--
Luke 19:17	ἐξουσίαν	ἐξουσία	N-	----ASF-
Luke 19:17	ἔχων	ἔχω	V-	-PAPNSM-
Luke 19:17	ἐπάνω	ἐπάνω	P-	--------
Luke 19:17	δέκα	δέκα	A-	----GPF-
Luke 19:17	πόλεων	πόλις	N-	----GPF-
Luke 19:18	καὶ	καί	C-	--------
Luke 19:18	ἦλθεν	ἔρχομαι	V-	3AAI-S--
Luke 19:18	ὁ	ὁ	RA	----NSM-
Luke 19:18	δεύτερος	δεύτερος	A-	----NSM-
Luke 19:18	λέγων	λέγω	V-	-PAPNSM-
Luke 19:18	Ἡ	ὁ	RA	----NSF-
Luke 19:18	μνᾶ	μνᾶ	N-	----NSF-
Luke 19:18	σου	σύ	RP	----GS--
Luke 19:18	κύριε	κύριος	N-	----VSM-
Luke 19:18	ἐποίησεν	ποιέω	V-	3AAI-S--
Luke 19:18	πέντε	πέντε	A-	----APF-
Luke 19:18	μνᾶς	μνᾶ	N-	----APF-
Luke 19:19	εἶπεν	λέγω	V-	3AAI-S--
Luke 19:19	δὲ	δέ	C-	--------
Luke 19:19	καὶ	καί	D-	--------
Luke 19:19	τούτῳ	οὗτος	RD	----DSM-
Luke 19:19	Καὶ	καί	D-	--------
Luke 19:19	σὺ	σύ	RP	----NS--
Luke 19:19	ἐπάνω	ἐπάνω	P-	--------
Luke 19:19	γίνου	γίνομαι	V-	2PMD-S--
Luke 19:19	πέντε	πέντε	A-	----GPF-
Luke 19:19	πόλεων	πόλις	N-	----GPF-
Luke 19:20	καὶ	καί	C-	--------
Luke 19:20	ὁ	ὁ	RA	----NSM-
Luke 19:20	ἕτερος	ἕτερος	A-	----NSM-
Luke 19:20	ἦλθεν	ἔρχομαι	V-	3AAI-S--
Luke 19:20	λέγων	λέγω	V-	-PAPNSM-
Luke 19:20	Κύριε	κύριος	N-	----VSM-
Luke 19:20	ἰδοὺ	ἰδού	X-	--------
Luke 19:20	ἡ	ὁ	RA	----NSF-
Luke 19:20	μνᾶ	μνᾶ	N-	----NSF-
Luke 19:20	σου	σύ	RP	----GS--
Luke 19:20	ἣν	ὅς	RR	----ASF-
Luke 19:20	εἶχον	ἔχω	V-	1IAI-S--
Luke 19:20	ἀποκειμένην	ἀπόκειμαι	V-	-PMPASF-
Luke 19:20	ἐν	ἐν	P-	--------
Luke 19:20	σουδαρίῳ	σουδάριον	N-	----DSN-
Luke 19:21	ἐφοβούμην	φοβέομαι	V-	1IMI-S--
Luke 19:21	γάρ	γάρ	C-	--------
Luke 19:21	σε	σύ	RP	----AS--
Luke 19:21	ὅτι	ὅτι	C-	--------
Luke 19:21	ἄνθρωπος	ἄνθρωπος	N-	----NSM-
Luke 19:21	αὐστηρὸς	αὐστηρός	A-	----NSM-
Luke 19:21	εἶ	εἰμί	V-	2PAI-S--
Luke 19:21	αἴρεις	αἴρω	V-	2PAI-S--
Luke 19:21	ὃ	ὅς	RR	----ASN-
Luke 19:21	οὐκ	οὐ	D-	--------
Luke 19:21	ἔθηκας	τίθημι	V-	2AAI-S--
Luke 19:21	καὶ	καί	C-	--------
Luke 19:21	θερίζεις	θερίζω	V-	2PAI-S--
Luke 19:21	ὃ	ὅς	RR	----ASN-
Luke 19:21	οὐκ	οὐ	D-	--------
Luke 19:21	ἔσπειρας	σπείρω	V-	2AAI-S--
Luke 19:22	λέγει	λέγω	V-	3PAI-S--
Luke 19:22	αὐτῷ	αὐτός	RP	----DSM-
Luke 19:22	Ἐκ	ἐκ	P-	--------
Luke 19:22	τοῦ	ὁ	RA	----GSN-
Luke 19:22	στόματός	στόμα	N-	----GSN-
Luke 19:22	σου	σύ	RP	----GS--
Luke 19:22	κρίνω	κρίνω	V-	1FAI-S--
Luke 19:22	σε	σύ	RP	----AS--
Luke 19:22	πονηρὲ	πονηρός	A-	----VSM-
Luke 19:22	δοῦλε	δοῦλος	N-	----VSM-
Luke 19:22	ᾔδεις	οἶδα	V-	2YAI-S--
Luke 19:22	ὅτι	ὅτι	C-	--------
Luke 19:22	ἐγὼ	ἐγώ	RP	----NS--
Luke 19:22	ἄνθρωπος	ἄνθρωπος	N-	----NSM-
Luke 19:22	αὐστηρός	αὐστηρός	A-	----NSM-
Luke 19:22	εἰμι	εἰμί	V-	1PAI-S--
Luke 19:22	αἴρων	αἴρω	V-	-PAPNSM-
Luke 19:22	ὃ	ὅς	RR	----ASN-
Luke 19:22	οὐκ	οὐ	D-	--------
Luke 19:22	ἔθηκα	τίθημι	V-	1AAI-S--
Luke 19:22	καὶ	καί	C-	--------
Luke 19:22	θερίζων	θερίζω	V-	-PAPNSM-
Luke 19:22	ὃ	ὅς	RR	----ASN-
Luke 19:22	οὐκ	οὐ	D-	--------
Luke 19:22	ἔσπειρα	σπείρω	V-	1AAI-S--
Luke 19:23	καὶ	καί	C-	--------
Luke 19:23	διὰ	διά	P-	--------
Luke 19:23	τί	τίς	RI	----ASN-
Luke 19:23	οὐκ	οὐ	D-	--------
Luke 19:23	ἔδωκάς	δίδωμι	V-	2AAI-S--
Luke 19:23	μου	ἐγώ	RP	----GS--
Luke 19:23	τὸ	ὁ	RA	----ASN-
Luke 19:23	ἀργύριον	ἀργύριον	N-	----ASN-
Luke 19:23	ἐπὶ	ἐπί	P-	--------
Luke 19:23	τράπεζαν	τράπεζα	N-	----ASF-
Luke 19:23	κἀγὼ	κἀγώ	RP	----NS--
Luke 19:23	ἐλθὼν	ἔρχομαι	V-	-AAPNSM-
Luke 19:23	σὺν	σύν	P-	--------
Luke 19:23	τόκῳ	τόκος	N-	----DSM-
Luke 19:23	ἂν	ἄν	X-	--------
Luke 19:23	αὐτὸ	αὐτός	RP	----ASN-
Luke 19:23	ἔπραξα	πράσσω	V-	1AAI-S--
Luke 19:24	καὶ	καί	C-	--------
Luke 19:24	τοῖς	ὁ	RA	----DPM-
Luke 19:24	παρεστῶσιν	παρίστημι	V-	-XAPDPM-
Luke 19:24	εἶπεν	λέγω	V-	3AAI-S--
Luke 19:24	Ἄρατε	αἴρω	V-	2AAD-P--
Luke 19:24	ἀπ’	ἀπό	P-	--------
Luke 19:24	αὐτοῦ	αὐτός	RP	----GSM-
Luke 19:24	τὴν	ὁ	RA	----ASF-
Luke 19:24	μνᾶν	μνᾶ	N-	----ASF-
Luke 19:24	καὶ	καί	C-	--------
Luke 19:24	δότε	δίδωμι	V-	2AAD-P--
Luke 19:24	τῷ	ὁ	RA	----DSM-
Luke 19:24	τὰς	ὁ	RA	----APF-
Luke 19:24	δέκα	δέκα	A-	----APF-
Luke 19:24	μνᾶς	μνᾶ	N-	----APF-
Luke 19:24	ἔχοντι	ἔχω	V-	-PAPDSM-
Luke 19:25	καὶ	καί	C-	--------
Luke 19:25	εἶπαν	λέγω	V-	3AAI-P--
Luke 19:25	αὐτῷ	αὐτός	RP	----DSM-
Luke 19:25	Κύριε	κύριος	N-	----VSM-
Luke 19:25	ἔχει	ἔχω	V-	3PAI-S--
Luke 19:25	δέκα	δέκα	A-	----APF-
Luke 19:25	μνᾶς	μνᾶ	N-	----APF-
Luke 19:26	λέγω	λέγω	V-	1PAI-S--
Luke 19:26	ὑμῖν	σύ	RP	----DP--
Luke 19:26	ὅτι	ὅτι	C-	--------
Luke 19:26	παντὶ	πᾶς	A-	----DSM-
Luke 19:26	τῷ	ὁ	RA	----DSM-
Luke 19:26	ἔχοντι	ἔχω	V-	-PAPDSM-
Luke 19:26	δοθήσεται	δίδωμι	V-	3FPI-S--
Luke 19:26	ἀπὸ	ἀπό	P-	--------
Luke 19:26	δὲ	δέ	C-	--------
Luke 19:26	τοῦ	ὁ	RA	----GSM-
Luke 19:26	μὴ	μή	D-	--------
Luke 19:26	ἔχοντος	ἔχω	V-	-PAPGSM-
Luke 19:26	καὶ	καί	D-	--------
Luke 19:26	ὃ	ὅς	RR	----ASN-
Luke 19:26	ἔχει	ἔχω	V-	3PAI-S--
Luke 19:26	ἀρθήσεται	αἴρω	V-	3FPI-S--
Luke 19:27	πλὴν	πλήν	C-	--------
Luke 19:27	τοὺς	ὁ	RA	----APM-
Luke 19:27	ἐχθρούς	ἐχθρός	A-	----APM-
Luke 19:27	μου	ἐγώ	RP	----GS--
Luke 19:27	τούτους	οὗτος	RD	----APM-
Luke 19:27	τοὺς	ὁ	RA	----APM-
Luke 19:27	μὴ	μή	D-	--------
Luke 19:27	θελήσαντάς	θέλω	V-	-AAPAPM-
Luke 19:27	με	ἐγώ	RP	----AS--
Luke 19:27	βασιλεῦσαι	βασιλεύω	V-	-AAN----
Luke 19:27	ἐπ’	ἐπί	P-	--------
Luke 19:27	αὐτοὺς	αὐτός	RP	----APM-
Luke 19:27	ἀγάγετε	ἄγω	V-	2AAD-P--
Luke 19:27	ὧδε	ὧδε	D-	--------
Luke 19:27	καὶ	καί	C-	--------
Luke 19:27	κατασφάξατε	κατασφάζω	V-	2AAD-P--
Luke 19:27	αὐτοὺς	αὐτός	RP	----APM-
Luke 19:27	ἔμπροσθέν	ἔμπροσθεν	P-	--------
Luke 19:27	μου	ἐγώ	RP	----GS--
Luke 19:28	Καὶ	καί	C-	--------
Luke 19:28	εἰπὼν	λέγω	V-	-AAPNSM-
Luke 19:28	ταῦτα	οὗτος	RD	----APN-
Luke 19:28	ἐπορεύετο	πορεύομαι	V-	3IMI-S--
Luke 19:28	ἔμπροσθεν	ἔμπροσθεν	D-	--------
Luke 19:28	ἀναβαίνων	ἀναβαίνω	V-	-PAPNSM-
Luke 19:28	εἰς	εἰς	P-	--------
Luke 19:28	Ἱεροσόλυμα	Ἱεροσόλυμα	N-	----APN-
Luke 19:29	Καὶ	καί	C-	--------
Luke 19:29	ἐγένετο	γίνομαι	V-	3AMI-S--
Luke 19:29	ὡς	ὡς	C-	--------
Luke 19:29	ἤγγισεν	ἐγγίζω	V-	3AAI-S--
Luke 19:29	εἰς	εἰς	P-	--------
Luke 19:29	Βηθφαγὴ	Βηθφαγή	N-	----ASF-
Luke 19:29	καὶ	καί	C-	--------
Luke 19:29	Βηθανίαν	Βηθανία	N-	----ASF-
Luke 19:29	πρὸς	πρός	P-	--------
Luke 19:29	τὸ	ὁ	RA	----ASN-
Luke 19:29	ὄρος	ὄρος	N-	----ASN-
Luke 19:29	τὸ	ὁ	RA	----ASN-
Luke 19:29	καλούμενον	καλέω	V-	-PPPASN-
Luke 19:29	Ἐλαιῶν	ἐλαία	N-	----GPF-
Luke 19:29	ἀπέστειλεν	ἀποστέλλω	V-	3AAI-S--
Luke 19:29	δύο	δύο	A-	----APM-
Luke 19:29	τῶν	ὁ	RA	----GPM-
Luke 19:29	μαθητῶν	μαθητής	N-	----GPM-
Luke 19:30	λέγων	λέγω	V-	-PAPNSM-
Luke 19:30	Ὑπάγετε	ὑπάγω	V-	2PAD-P--
Luke 19:30	εἰς	εἰς	P-	--------
Luke 19:30	τὴν	ὁ	RA	----ASF-
Luke 19:30	κατέναντι	κατέναντι	D-	--------
Luke 19:30	κώμην	κώμη	N-	----ASF-
Luke 19:30	ἐν	ἐν	P-	--------
Luke 19:30	ᾗ	ὅς	RR	----DSF-
Luke 19:30	εἰσπορευόμενοι	εἰσπορεύομαι	V-	-PMPNPM-
Luke 19:30	εὑρήσετε	εὑρίσκω	V-	2FAI-P--
Luke 19:30	πῶλον	πῶλος	N-	----ASM-
Luke 19:30	δεδεμένον	δέω	V-	-XPPASM-
Luke 19:30	ἐφ’	ἐπί	P-	--------
Luke 19:30	ὃν	ὅς	RR	----ASM-
Luke 19:30	οὐδεὶς	οὐδείς	A-	----NSM-
Luke 19:30	πώποτε	πώποτε	D-	--------
Luke 19:30	ἀνθρώπων	ἄνθρωπος	N-	----GPM-
Luke 19:30	ἐκάθισεν	καθίζω	V-	3AAI-S--
Luke 19:30	καὶ	καί	C-	--------
Luke 19:30	λύσαντες	λύω	V-	-AAPNPM-
Luke 19:30	αὐτὸν	αὐτός	RP	----ASM-
Luke 19:30	ἀγάγετε	ἄγω	V-	2AAD-P--
Luke 19:31	καὶ	καί	C-	--------
Luke 19:31	ἐάν	ἐάν	C-	--------
Luke 19:31	τις	τις	RI	----NSM-
Luke 19:31	ὑμᾶς	σύ	RP	----AP--
Luke 19:31	ἐρωτᾷ	ἐρωτάω	V-	3PAS-S--
Luke 19:31	Διὰ	διά	P-	--------
Luke 19:31	τί	τίς	RI	----ASN-
Luke 19:31	λύετε	λύω	V-	2PAI-P--
Luke 19:31	οὕτως	οὕτω(ς)	D-	--------
Luke 19:31	ἐρεῖτε	λέγω	V-	2FAI-P--
Luke 19:31	ὅτι	ὅτι	C-	--------
Luke 19:31	Ὁ	ὁ	RA	----NSM-
Luke 19:31	κύριος	κύριος	N-	----NSM-
Luke 19:31	αὐτοῦ	αὐτός	RP	----GSM-
Luke 19:31	χρείαν	χρεία	N-	----ASF-
Luke 19:31	ἔχει	ἔχω	V-	3PAI-S--
Luke 19:32	ἀπελθόντες	ἀπέρχομαι	V-	-AAPNPM-
Luke 19:32	δὲ	δέ	C-	--------
Luke 19:32	οἱ	ὁ	RA	----NPM-
Luke 19:32	ἀπεσταλμένοι	ἀποστέλλω	V-	-XPPNPM-
Luke 19:32	εὗρον	εὑρίσκω	V-	3AAI-P--
Luke 19:32	καθὼς	καθώς	C-	--------
Luke 19:32	εἶπεν	λέγω	V-	3AAI-S--
Luke 19:32	αὐτοῖς	αὐτός	RP	----DPM-
Luke 19:33	λυόντων	λύω	V-	-PAPGPM-
Luke 19:33	δὲ	δέ	C-	--------
Luke 19:33	αὐτῶν	αὐτός	RP	----GPM-
Luke 19:33	τὸν	ὁ	RA	----ASM-
Luke 19:33	πῶλον	πῶλος	N-	----ASM-
Luke 19:33	εἶπαν	λέγω	V-	3AAI-P--
Luke 19:33	οἱ	ὁ	RA	----NPM-
Luke 19:33	κύριοι	κύριος	N-	----NPM-
Luke 19:33	αὐτοῦ	αὐτός	RP	----GSM-
Luke 19:33	πρὸς	πρός	P-	--------
Luke 19:33	αὐτούς	αὐτός	RP	----APM-
Luke 19:33	Τί	τίς	RI	----ASN-
Luke 19:33	λύετε	λύω	V-	2PAI-P--
Luke 19:33	τὸν	ὁ	RA	----ASM-
Luke 19:33	πῶλον	πῶλος	N-	----ASM-
Luke 19:34	οἱ	ὁ	RA	----NPM-
Luke 19:34	δὲ	δέ	C-	--------
Luke 19:34	εἶπαν	λέγω	V-	3AAI-P--
Luke 19:34	ὅτι	ὅτι	C-	--------
Luke 19:34	Ὁ	ὁ	RA	----NSM-
Luke 19:34	κύριος	κύριος	N-	----NSM-
Luke 19:34	αὐτοῦ	αὐτός	RP	----GSM-
Luke 19:34	χρείαν	χρεία	N-	----ASF-
Luke 19:34	ἔχει	ἔχω	V-	3PAI-S--
Luke 19:35	καὶ	καί	C-	--------
Luke 19:35	ἤγαγον	ἄγω	V-	3AAI-P--
Luke 19:35	αὐτὸν	αὐτός	RP	----ASM-
Luke 19:35	πρὸς	πρός	P-	--------
Luke 19:35	τὸν	ὁ	RA	----ASM-
Luke 19:35	Ἰησοῦν	Ἰησοῦς	N-	----ASM-
Luke 19:35	καὶ	καί	C-	--------
Luke 19:35	ἐπιρίψαντες	ἐπιρίπτω	V-	-AAPNPM-
Luke 19:35	αὐτῶν	αὐτός	RP	----GPM-
Luke 19:35	τὰ	ὁ	RA	----APN-
Luke 19:35	ἱμάτια	ἱμάτιον	N-	----APN-
Luke 19:35	ἐπὶ	ἐπί	P-	--------
Luke 19:35	τὸν	ὁ	RA	----ASM-
Luke 19:35	πῶλον	πῶλος	N-	----ASM-
Luke 19:35	ἐπεβίβασαν	ἐπιβιβάζω	V-	3AAI-P--
Luke 19:35	τὸν	ὁ	RA	----ASM-
Luke 19:35	Ἰησοῦν	Ἰησοῦς	N-	----ASM-
Luke 19:36	πορευομένου	πορεύομαι	V-	-PMPGSM-
Luke 19:36	δὲ	δέ	C-	--------
Luke 19:36	αὐτοῦ	αὐτός	RP	----GSM-
Luke 19:36	ὑπεστρώννυον	ὑποστρωννύω	V-	3IAI-P--
Luke 19:36	τὰ	ὁ	RA	----APN-
Luke 19:36	ἱμάτια	ἱμάτιον	N-	----APN-
Luke 19:36	ἑαυτῶν	ἑαυτοῦ	RP	----GPM-
Luke 19:36	ἐν	ἐν	P-	--------
Luke 19:36	τῇ	ὁ	RA	----DSF-
Luke 19:36	ὁδῷ	ὁδός	N-	----DSF-
Luke 19:37	ἐγγίζοντος	ἐγγίζω	V-	-PAPGSM-
Luke 19:37	δὲ	δέ	C-	--------
Luke 19:37	αὐτοῦ	αὐτός	RP	----GSM-
Luke 19:37	ἤδη	ἤδη	D-	--------
Luke 19:37	πρὸς	πρός	P-	--------
Luke 19:37	τῇ	ὁ	RA	----DSF-
Luke 19:37	καταβάσει	κατάβασις	N-	----DSF-
Luke 19:37	τοῦ	ὁ	RA	----GSN-
Luke 19:37	Ὄρους	ὄρος	N-	----GSN-
Luke 19:37	τῶν	ὁ	RA	----GPF-
Luke 19:37	Ἐλαιῶν	ἐλαία	N-	----GPF-
Luke 19:37	ἤρξαντο	ἄρχω	V-	3AMI-P--
Luke 19:37	ἅπαν	ἅπας	A-	----NSN-
Luke 19:37	τὸ	ὁ	RA	----NSN-
Luke 19:37	πλῆθος	πλῆθος	N-	----NSN-
Luke 19:37	τῶν	ὁ	RA	----GPM-
Luke 19:37	μαθητῶν	μαθητής	N-	----GPM-
Luke 19:37	χαίροντες	χαίρω	V-	-PAPNPM-
Luke 19:37	αἰνεῖν	αἰνέω	V-	-PAN----
Luke 19:37	τὸν	ὁ	RA	----ASM-
Luke 19:37	θεὸν	θεός	N-	----ASM-
Luke 19:37	φωνῇ	φωνή	N-	----DSF-
Luke 19:37	μεγάλῃ	μέγας	A-	----DSF-
Luke 19:37	περὶ	περί	P-	--------
Luke 19:37	πασῶν	πᾶς	A-	----GPF-
Luke 19:37	ὧν	ὅς	RR	----GPF-
Luke 19:37	εἶδον	ὁράω	V-	3AAI-P--
Luke 19:37	δυνάμεων	δύναμις	N-	----GPF-
Luke 19:38	λέγοντες	λέγω	V-	-PAPNPM-
Luke 19:38	Εὐλογημένος	εὐλογέω	V-	-XPPNSM-
Luke 19:38	ὁ	ὁ	RA	----NSM-
Luke 19:38	ἐρχόμενος	ἔρχομαι	V-	-PMPNSM-
Luke 19:38	βασιλεὺς	βασιλεύς	N-	----NSM-
Luke 19:38	ἐν	ἐν	P-	--------
Luke 19:38	ὀνόματι	ὄνομα	N-	----DSN-
Luke 19:38	κυρίου	κύριος	N-	----GSM-
Luke 19:38	ἐν	ἐν	P-	--------
Luke 19:38	οὐρανῷ	οὐρανός	N-	----DSM-
Luke 19:38	εἰρήνη	εἰρήνη	N-	----NSF-
Luke 19:38	καὶ	καί	C-	--------
Luke 19:38	δόξα	δόξα	N-	----NSF-
Luke 19:38	ἐν	ἐν	P-	--------
Luke 19:38	ὑψίστοις	ὕψιστος	A-	----DPNS
Luke 19:39	καί	καί	C-	--------
Luke 19:39	τινες	τις	RI	----NPM-
Luke 19:39	τῶν	ὁ	RA	----GPM-
Luke 19:39	Φαρισαίων	Φαρισαῖος	N-	----GPM-
Luke 19:39	ἀπὸ	ἀπό	P-	--------
Luke 19:39	τοῦ	ὁ	RA	----GSM-
Luke 19:39	ὄχλου	ὄχλος	N-	----GSM-
Luke 19:39	εἶπαν	λέγω	V-	3AAI-P--
Luke 19:39	πρὸς	πρός	P-	--------
Luke 19:39	αὐτόν	αὐτός	RP	----ASM-
Luke 19:39	Διδάσκαλε	διδάσκαλος	N-	----VSM-
Luke 19:39	ἐπιτίμησον	ἐπιτιμάω	V-	2AAD-S--
Luke 19:39	τοῖς	ὁ	RA	----DPM-
Luke 19:39	μαθηταῖς	μαθητής	N-	----DPM-
Luke 19:39	σου	σύ	RP	----GS--
Luke 19:40	καὶ	καί	C-	--------
Luke 19:40	ἀποκριθεὶς	ἀποκρίνομαι	V-	-APPNSM-
Luke 19:40	εἶπεν	λέγω	V-	3AAI-S--
Luke 19:40	Λέγω	λέγω	V-	1PAI-S--
Luke 19:40	ὑμῖν	σύ	RP	----DP--
Luke 19:40	ὅτι	ὅτι	C-	--------
Luke 19:40	ἐὰν	ἐάν	C-	--------
Luke 19:40	οὗτοι	οὗτος	RD	----NPM-
Luke 19:40	σιωπήσουσιν	σιωπάω	V-	3FAI-P--
Luke 19:40	οἱ	ὁ	RA	----NPM-
Luke 19:40	λίθοι	λίθος	N-	----NPM-
Luke 19:40	κράξουσιν	κράζω	V-	3FAI-P--
Luke 19:41	Καὶ	καί	C-	--------
Luke 19:41	ὡς	ὡς	C-	--------
Luke 19:41	ἤγγισεν	ἐγγίζω	V-	3AAI-S--
Luke 19:41	ἰδὼν	ὁράω	V-	-AAPNSM-
Luke 19:41	τὴν	ὁ	RA	----ASF-
Luke 19:41	πόλιν	πόλις	N-	----ASF-
Luke 19:41	ἔκλαυσεν	κλαίω	V-	3AAI-S--
Luke 19:41	ἐπ’	ἐπί	P-	--------
Luke 19:41	αὐτήν	αὐτός	RP	----ASF-
Luke 19:42	λέγων	λέγω	V-	-PAPNSM-
Luke 19:42	ὅτι	ὅτι	C-	--------
Luke 19:42	Εἰ	εἰ	C-	--------
Luke 19:42	ἔγνως	γινώσκω	V-	2AAI-S--
Luke 19:42	ἐν	ἐν	P-	--------
Luke 19:42	τῇ	ὁ	RA	----DSF-
Luke 19:42	ἡμέρᾳ	ἡμέρα	N-	----DSF-
Luke 19:42	ταύτῃ	οὗτος	RD	----DSF-
Luke 19:42	καὶ	καί	D-	--------
Luke 19:42	σὺ	σύ	RP	----NS--
Luke 19:42	τὰ	ὁ	RA	----APN-
Luke 19:42	πρὸς	πρός	P-	--------
Luke 19:42	εἰρήνην	εἰρήνη	N-	----ASF-
Luke 19:42	νῦν	νῦν	D-	--------
Luke 19:42	δὲ	δέ	C-	--------
Luke 19:42	ἐκρύβη	κρύπτω	V-	3API-S--
Luke 19:42	ἀπὸ	ἀπό	P-	--------
Luke 19:42	ὀφθαλμῶν	ὀφθαλμός	N-	----GPM-
Luke 19:42	σου	σύ	RP	----GS--
Luke 19:43	ὅτι	ὅτι	C-	--------
Luke 19:43	ἥξουσιν	ἥκω	V-	3FAI-P--
Luke 19:43	ἡμέραι	ἡμέρα	N-	----NPF-
Luke 19:43	ἐπὶ	ἐπί	P-	--------
Luke 19:43	σὲ	σύ	RP	----AS--
Luke 19:43	καὶ	καί	C-	--------
Luke 19:43	παρεμβαλοῦσιν	παρεμβάλλω	V-	3FAI-P--
Luke 19:43	οἱ	ὁ	RA	----NPM-
Luke 19:43	ἐχθροί	ἐχθρός	A-	----NPM-
Luke 19:43	σου	σύ	RP	----GS--
Luke 19:43	χάρακά	χάραξ	N-	----ASM-
Luke 19:43	σοι	σύ	RP	----DS--
Luke 19:43	καὶ	καί	C-	--------
Luke 19:43	περικυκλώσουσίν	περικυκλόω	V-	3FAI-P--
Luke 19:43	σε	σύ	RP	----AS--
Luke 19:43	καὶ	καί	C-	--------
Luke 19:43	συνέξουσίν	συνέχω	V-	3FAI-P--
Luke 19:43	σε	σύ	RP	----AS--
Luke 19:43	πάντοθεν	πάντοθεν	D-	--------
Luke 19:44	καὶ	καί	C-	--------
Luke 19:44	ἐδαφιοῦσίν	ἐδαφίζω	V-	3FAI-P--
Luke 19:44	σε	σύ	RP	----AS--
Luke 19:44	καὶ	καί	C-	--------
Luke 19:44	τὰ	ὁ	RA	----APN-
Luke 19:44	τέκνα	τέκνον	N-	----APN-
Luke 19:44	σου	σύ	RP	----GS--
Luke 19:44	ἐν	ἐν	P-	--------
Luke 19:44	σοί	σύ	RP	----DS--
Luke 19:44	καὶ	καί	C-	--------
Luke 19:44	οὐκ	οὐ	D-	--------
Luke 19:44	ἀφήσουσιν	ἀφίημι	V-	3FAI-P--
Luke 19:44	λίθον	λίθος	N-	----ASM-
Luke 19:44	ἐπὶ	ἐπί	P-	--------
Luke 19:44	λίθον	λίθος	N-	----ASM-
Luke 19:44	ἐν	ἐν	P-	--------
Luke 19:44	σοί	σύ	RP	----DS--
Luke 19:44	ἀνθ’	ἀντί	P-	--------
Luke 19:44	ὧν	ὅς	RR	----GPN-
Luke 19:44	οὐκ	οὐ	D-	--------
Luke 19:44	ἔγνως	γινώσκω	V-	2AAI-S--
Luke 19:44	τὸν	ὁ	RA	----ASM-
Luke 19:44	καιρὸν	καιρός	N-	----ASM-
Luke 19:44	τῆς	ὁ	RA	----GSF-
Luke 19:44	ἐπισκοπῆς	ἐπισκοπή	N-	----GSF-
Luke 19:44	σου	σύ	RP	----GS--
Luke 19:45	Καὶ	καί	C-	--------
Luke 19:45	εἰσελθὼν	εἰσέρχομαι	V-	-AAPNSM-
Luke 19:45	εἰς	εἰς	P-	--------
Luke 19:45	τὸ	ὁ	RA	----ASN-
Luke 19:45	ἱερὸν	ἱερός	A-	----ASN-
Luke 19:45	ἤρξατο	ἄρχω	V-	3AMI-S--
Luke 19:45	ἐκβάλλειν	ἐκβάλλω	V-	-PAN----
Luke 19:45	τοὺς	ὁ	RA	----APM-
Luke 19:45	πωλοῦντας	πωλέω	V-	-PAPAPM-
Luke 19:46	λέγων	λέγω	V-	-PAPNSM-
Luke 19:46	αὐτοῖς	αὐτός	RP	----DPM-
Luke 19:46	Γέγραπται	γράφω	V-	3XPI-S--
Luke 19:46	Καὶ	καί	C-	--------
Luke 19:46	ἔσται	εἰμί	V-	3FMI-S--
Luke 19:46	ὁ	ὁ	RA	----NSM-
Luke 19:46	οἶκός	οἶκος	N-	----NSM-
Luke 19:46	μου	ἐγώ	RP	----GS--
Luke 19:46	οἶκος	οἶκος	N-	----NSM-
Luke 19:46	προσευχῆς	προσευχή	N-	----GSF-
Luke 19:46	ὑμεῖς	σύ	RP	----NP--
Luke 19:46	δὲ	δέ	C-	--------
Luke 19:46	αὐτὸν	αὐτός	RP	----ASM-
Luke 19:46	ἐποιήσατε	ποιέω	V-	2AAI-P--
Luke 19:46	σπήλαιον	σπήλαιον	N-	----ASN-
Luke 19:46	λῃστῶν	λῃστής	N-	----GPM-
Luke 19:47	Καὶ	καί	C-	--------
Luke 19:47	ἦν	εἰμί	V-	3IAI-S--
Luke 19:47	διδάσκων	διδάσκω	V-	-PAPNSM-
Luke 19:47	τὸ	ὁ	RA	----ASN-
Luke 19:47	καθ’	κατά	P-	--------
Luke 19:47	ἡμέραν	ἡμέρα	N-	----ASF-
Luke 19:47	ἐν	ἐν	P-	--------
Luke 19:47	τῷ	ὁ	RA	----DSN-
Luke 19:47	ἱερῷ	ἱερός	A-	----DSN-
Luke 19:47	οἱ	ὁ	RA	----NPM-
Luke 19:47	δὲ	δέ	C-	--------
Luke 19:47	ἀρχιερεῖς	ἀρχιερεύς	N-	----NPM-
Luke 19:47	καὶ	καί	C-	--------
Luke 19:47	οἱ	ὁ	RA	----NPM-
Luke 19:47	γραμματεῖς	γραμματεύς	N-	----NPM-
Luke 19:47	ἐζήτουν	ζητέω	V-	3IAI-P--
Luke 19:47	αὐτὸν	αὐτός	RP	----ASM-
Luke 19:47	ἀπολέσαι	ἀπόλλυμι	V-	-AAN----
Luke 19:47	καὶ	καί	C-	--------
Luke 19:47	οἱ	ὁ	RA	----NPM-
Luke 19:47	πρῶτοι	πρῶτος	A-	----NPM-
Luke 19:47	τοῦ	ὁ	RA	----GSM-
Luke 19:47	λαοῦ	λαός	N-	----GSM-
Luke 19:48	καὶ	καί	C-	--------
Luke 19:48	οὐχ	οὐ	D-	--------
Luke 19:48	εὕρισκον	εὑρίσκω	V-	3IAI-P--
Luke 19:48	τὸ	ὁ	RA	----ASN-
Luke 19:48	τί	τίς	RI	----ASN-
Luke 19:48	ποιήσωσιν	ποιέω	V-	3AAS-P--
Luke 19:48	ὁ	ὁ	RA	----NSM-
Luke 19:48	λαὸς	λαός	N-	----NSM-
Luke 19:48	γὰρ	γάρ	C-	--------
Luke 19:48	ἅπας	ἅπας	A-	----NSM-
Luke 19:48	ἐξεκρέματο	ἐκκρέμαμαι	V-	3AMI-S--
Luke 19:48	αὐτοῦ	αὐτός	RP	----GSM-
Luke 19:48	ἀκούων	ἀκούω	V-	-PAPNSM-
Luke 20:1	Καὶ	καί	C-	--------
Luke 20:1	ἐγένετο	γίνομαι	V-	3AMI-S--
Luke 20:1	ἐν	ἐν	P-	--------
Luke 20:1	μιᾷ	εἷς	A-	----DSF-
Luke 20:1	τῶν	ὁ	RA	----GPF-
Luke 20:1	ἡμερῶν	ἡμέρα	N-	----GPF-
Luke 20:1	διδάσκοντος	διδάσκω	V-	-PAPGSM-
Luke 20:1	αὐτοῦ	αὐτός	RP	----GSM-
Luke 20:1	τὸν	ὁ	RA	----ASM-
Luke 20:1	λαὸν	λαός	N-	----ASM-
Luke 20:1	ἐν	ἐν	P-	--------
Luke 20:1	τῷ	ὁ	RA	----DSN-
Luke 20:1	ἱερῷ	ἱερός	A-	----DSN-
Luke 20:1	καὶ	καί	C-	--------
Luke 20:1	εὐαγγελιζομένου	εὐαγγελίζω	V-	-PMPGSM-
Luke 20:1	ἐπέστησαν	ἐφίστημι	V-	3AAI-P--
Luke 20:1	οἱ	ὁ	RA	----NPM-
Luke 20:1	ἀρχιερεῖς	ἀρχιερεύς	N-	----NPM-
Luke 20:1	καὶ	καί	C-	--------
Luke 20:1	οἱ	ὁ	RA	----NPM-
Luke 20:1	γραμματεῖς	γραμματεύς	N-	----NPM-
Luke 20:1	σὺν	σύν	P-	--------
Luke 20:1	τοῖς	ὁ	RA	----DPM-
Luke 20:1	πρεσβυτέροις	πρεσβύτερος	A-	----DPM-
Luke 20:2	καὶ	καί	C-	--------
Luke 20:2	εἶπαν	λέγω	V-	3AAI-P--
Luke 20:2	λέγοντες	λέγω	V-	-PAPNPM-
Luke 20:2	πρὸς	πρός	P-	--------
Luke 20:2	αὐτόν	αὐτός	RP	----ASM-
Luke 20:2	Εἰπὸν	λέγω	V-	2AAD-S--
Luke 20:2	ἡμῖν	ἐγώ	RP	----DP--
Luke 20:2	ἐν	ἐν	P-	--------
Luke 20:2	ποίᾳ	ποῖος	RI	----DSF-
Luke 20:2	ἐξουσίᾳ	ἐξουσία	N-	----DSF-
Luke 20:2	ταῦτα	οὗτος	RD	----APN-
Luke 20:2	ποιεῖς	ποιέω	V-	2PAI-S--
Luke 20:2	ἢ	ἤ	C-	--------
Luke 20:2	τίς	τίς	RI	----NSM-
Luke 20:2	ἐστιν	εἰμί	V-	3PAI-S--
Luke 20:2	ὁ	ὁ	RA	----NSM-
Luke 20:2	δούς	δίδωμι	V-	-AAPNSM-
Luke 20:2	σοι	σύ	RP	----DS--
Luke 20:2	τὴν	ὁ	RA	----ASF-
Luke 20:2	ἐξουσίαν	ἐξουσία	N-	----ASF-
Luke 20:2	ταύτην	οὗτος	RD	----ASF-
Luke 20:3	ἀποκριθεὶς	ἀποκρίνομαι	V-	-APPNSM-
Luke 20:3	δὲ	δέ	C-	--------
Luke 20:3	εἶπεν	λέγω	V-	3AAI-S--
Luke 20:3	πρὸς	πρός	P-	--------
Luke 20:3	αὐτούς	αὐτός	RP	----APM-
Luke 20:3	Ἐρωτήσω	ἐρωτάω	V-	1FAI-S--
Luke 20:3	ὑμᾶς	σύ	RP	----AP--
Luke 20:3	κἀγὼ	κἀγώ	RP	----NS--
Luke 20:3	λόγον	λόγος	N-	----ASM-
Luke 20:3	καὶ	καί	C-	--------
Luke 20:3	εἴπατέ	λέγω	V-	2AAD-P--
Luke 20:3	μοι	ἐγώ	RP	----DS--
Luke 20:4	Τὸ	ὁ	RA	----NSN-
Luke 20:4	βάπτισμα	βάπτισμα	N-	----NSN-
Luke 20:4	Ἰωάννου	Ἰωάννης	N-	----GSM-
Luke 20:4	ἐξ	ἐκ	P-	--------
Luke 20:4	οὐρανοῦ	οὐρανός	N-	----GSM-
Luke 20:4	ἦν	εἰμί	V-	3IAI-S--
Luke 20:4	ἢ	ἤ	C-	--------
Luke 20:4	ἐξ	ἐκ	P-	--------
Luke 20:4	ἀνθρώπων	ἄνθρωπος	N-	----GPM-
Luke 20:5	οἱ	ὁ	RA	----NPM-
Luke 20:5	δὲ	δέ	C-	--------
Luke 20:5	συνελογίσαντο	συλλογίζομαι	V-	3AMI-P--
Luke 20:5	πρὸς	πρός	P-	--------
Luke 20:5	ἑαυτοὺς	ἑαυτοῦ	RP	----APM-
Luke 20:5	λέγοντες	λέγω	V-	-PAPNPM-
Luke 20:5	ὅτι	ὅτι	C-	--------
Luke 20:5	Ἐὰν	ἐάν	C-	--------
Luke 20:5	εἴπωμεν	λέγω	V-	1AAS-P--
Luke 20:5	Ἐξ	ἐκ	P-	--------
Luke 20:5	οὐρανοῦ	οὐρανός	N-	----GSM-
Luke 20:5	ἐρεῖ	λέγω	V-	3FAI-S--
Luke 20:5	Διὰ	διά	P-	--------
Luke 20:5	τί	τίς	RI	----ASN-
Luke 20:5	οὐκ	οὐ	D-	--------
Luke 20:5	ἐπιστεύσατε	πιστεύω	V-	2AAI-P--
Luke 20:5	αὐτῷ	αὐτός	RP	----DSM-
Luke 20:6	ἐὰν	ἐάν	C-	--------
Luke 20:6	δὲ	δέ	C-	--------
Luke 20:6	εἴπωμεν	λέγω	V-	1AAS-P--
Luke 20:6	Ἐξ	ἐκ	P-	--------
Luke 20:6	ἀνθρώπων	ἄνθρωπος	N-	----GPM-
Luke 20:6	ὁ	ὁ	RA	----NSM-
Luke 20:6	λαὸς	λαός	N-	----NSM-
Luke 20:6	ἅπας	ἅπας	A-	----NSM-
Luke 20:6	καταλιθάσει	καταλιθάζω	V-	3FAI-S--
Luke 20:6	ἡμᾶς	ἐγώ	RP	----AP--
Luke 20:6	πεπεισμένος	πείθω	V-	-XPPNSM-
Luke 20:6	γάρ	γάρ	C-	--------
Luke 20:6	ἐστιν	εἰμί	V-	3PAI-S--
Luke 20:6	Ἰωάννην	Ἰωάννης	N-	----ASM-
Luke 20:6	προφήτην	προφήτης	N-	----ASM-
Luke 20:6	εἶναι	εἰμί	V-	-PAN----
Luke 20:7	καὶ	καί	C-	--------
Luke 20:7	ἀπεκρίθησαν	ἀποκρίνομαι	V-	3API-P--
Luke 20:7	μὴ	μή	D-	--------
Luke 20:7	εἰδέναι	οἶδα	V-	-XAN----
Luke 20:7	πόθεν	πόθεν	D-	--------
Luke 20:8	καὶ	καί	C-	--------
Luke 20:8	ὁ	ὁ	RA	----NSM-
Luke 20:8	Ἰησοῦς	Ἰησοῦς	N-	----NSM-
Luke 20:8	εἶπεν	λέγω	V-	3AAI-S--
Luke 20:8	αὐτοῖς	αὐτός	RP	----DPM-
Luke 20:8	Οὐδὲ	οὐδέ	D-	--------
Luke 20:8	ἐγὼ	ἐγώ	RP	----NS--
Luke 20:8	λέγω	λέγω	V-	1PAI-S--
Luke 20:8	ὑμῖν	σύ	RP	----DP--
Luke 20:8	ἐν	ἐν	P-	--------
Luke 20:8	ποίᾳ	ποῖος	RI	----DSF-
Luke 20:8	ἐξουσίᾳ	ἐξουσία	N-	----DSF-
Luke 20:8	ταῦτα	οὗτος	RD	----APN-
Luke 20:8	ποιῶ	ποιέω	V-	1PAI-S--
Luke 20:9	Ἤρξατο	ἄρχω	V-	3AMI-S--
Luke 20:9	δὲ	δέ	C-	--------
Luke 20:9	πρὸς	πρός	P-	--------
Luke 20:9	τὸν	ὁ	RA	----ASM-
Luke 20:9	λαὸν	λαός	N-	----ASM-
Luke 20:9	λέγειν	λέγω	V-	-PAN----
Luke 20:9	τὴν	ὁ	RA	----ASF-
Luke 20:9	παραβολὴν	παραβολή	N-	----ASF-
Luke 20:9	ταύτην	οὗτος	RD	----ASF-
Luke 20:9	Ἄνθρωπος	ἄνθρωπος	N-	----NSM-
Luke 20:9	ἐφύτευσεν	φυτεύω	V-	3AAI-S--
Luke 20:9	ἀμπελῶνα	ἀμπελών	N-	----ASM-
Luke 20:9	καὶ	καί	C-	--------
Luke 20:9	ἐξέδετο	ἐκδίδωμι	V-	3AMI-S--
Luke 20:9	αὐτὸν	αὐτός	RP	----ASM-
Luke 20:9	γεωργοῖς	γεωργός	N-	----DPM-
Luke 20:9	καὶ	καί	C-	--------
Luke 20:9	ἀπεδήμησεν	ἀποδημέω	V-	3AAI-S--
Luke 20:9	χρόνους	χρόνος	N-	----APM-
Luke 20:9	ἱκανούς	ἱκανός	A-	----APM-
Luke 20:10	καὶ	καί	C-	--------
Luke 20:10	καιρῷ	καιρός	N-	----DSM-
Luke 20:10	ἀπέστειλεν	ἀποστέλλω	V-	3AAI-S--
Luke 20:10	πρὸς	πρός	P-	--------
Luke 20:10	τοὺς	ὁ	RA	----APM-
Luke 20:10	γεωργοὺς	γεωργός	N-	----APM-
Luke 20:10	δοῦλον	δοῦλος	N-	----ASM-
Luke 20:10	ἵνα	ἵνα	C-	--------
Luke 20:10	ἀπὸ	ἀπό	P-	--------
Luke 20:10	τοῦ	ὁ	RA	----GSM-
Luke 20:10	καρποῦ	καρπός	N-	----GSM-
Luke 20:10	τοῦ	ὁ	RA	----GSM-
Luke 20:10	ἀμπελῶνος	ἀμπελών	N-	----GSM-
Luke 20:10	δώσουσιν	δίδωμι	V-	3FAI-P--
Luke 20:10	αὐτῷ	αὐτός	RP	----DSM-
Luke 20:10	οἱ	ὁ	RA	----NPM-
Luke 20:10	δὲ	δέ	C-	--------
Luke 20:10	γεωργοὶ	γεωργός	N-	----NPM-
Luke 20:10	ἐξαπέστειλαν	ἐξαποστέλλω	V-	3AAI-P--
Luke 20:10	αὐτὸν	αὐτός	RP	----ASM-
Luke 20:10	δείραντες	δέρω	V-	-AAPNPM-
Luke 20:10	κενόν	κενός	A-	----ASM-
Luke 20:11	καὶ	καί	C-	--------
Luke 20:11	προσέθετο	προστίθημι	V-	3AMI-S--
Luke 20:11	ἕτερον	ἕτερος	A-	----ASM-
Luke 20:11	πέμψαι	πέμπω	V-	-AAN----
Luke 20:11	δοῦλον	δοῦλος	N-	----ASM-
Luke 20:11	οἱ	ὁ	RA	----NPM-
Luke 20:11	δὲ	δέ	C-	--------
Luke 20:11	κἀκεῖνον	κἀκεῖνος	RD	----ASM-
Luke 20:11	δείραντες	δέρω	V-	-AAPNPM-
Luke 20:11	καὶ	καί	C-	--------
Luke 20:11	ἀτιμάσαντες	ἀτιμάζω	V-	-AAPNPM-
Luke 20:11	ἐξαπέστειλαν	ἐξαποστέλλω	V-	3AAI-P--
Luke 20:11	κενόν	κενός	A-	----ASM-
Luke 20:12	καὶ	καί	C-	--------
Luke 20:12	προσέθετο	προστίθημι	V-	3AMI-S--
Luke 20:12	τρίτον	τρίτον	D-	--------
Luke 20:12	πέμψαι	πέμπω	V-	-AAN----
Luke 20:12	οἱ	ὁ	RA	----NPM-
Luke 20:12	δὲ	δέ	C-	--------
Luke 20:12	καὶ	καί	D-	--------
Luke 20:12	τοῦτον	οὗτος	RD	----ASM-
Luke 20:12	τραυματίσαντες	τραυματίζω	V-	-AAPNPM-
Luke 20:12	ἐξέβαλον	ἐκβάλλω	V-	3AAI-P--
Luke 20:13	εἶπεν	λέγω	V-	3AAI-S--
Luke 20:13	δὲ	δέ	C-	--------
Luke 20:13	ὁ	ὁ	RA	----NSM-
Luke 20:13	κύριος	κύριος	N-	----NSM-
Luke 20:13	τοῦ	ὁ	RA	----GSM-
Luke 20:13	ἀμπελῶνος	ἀμπελών	N-	----GSM-
Luke 20:13	Τί	τίς	RI	----ASN-
Luke 20:13	ποιήσω	ποιέω	V-	1AAS-S--
Luke 20:13	πέμψω	πέμπω	V-	1FAI-S--
Luke 20:13	τὸν	ὁ	RA	----ASM-
Luke 20:13	υἱόν	υἱός	N-	----ASM-
Luke 20:13	μου	ἐγώ	RP	----GS--
Luke 20:13	τὸν	ὁ	RA	----ASM-
Luke 20:13	ἀγαπητόν	ἀγαπητός	A-	----ASM-
Luke 20:13	ἴσως	ἴσως	D-	--------
Luke 20:13	τοῦτον	οὗτος	RD	----ASM-
Luke 20:13	ἐντραπήσονται	ἐντρέπω	V-	3FPI-P--
Luke 20:14	ἰδόντες	ὁράω	V-	-AAPNPM-
Luke 20:14	δὲ	δέ	C-	--------
Luke 20:14	αὐτὸν	αὐτός	RP	----ASM-
Luke 20:14	οἱ	ὁ	RA	----NPM-
Luke 20:14	γεωργοὶ	γεωργός	N-	----NPM-
Luke 20:14	διελογίζοντο	διαλογίζομαι	V-	3IMI-P--
Luke 20:14	πρὸς	πρός	P-	--------
Luke 20:14	ἀλλήλους	ἀλλήλων	RP	----APM-
Luke 20:14	λέγοντες	λέγω	V-	-PAPNPM-
Luke 20:14	Οὗτός	οὗτος	RD	----NSM-
Luke 20:14	ἐστιν	εἰμί	V-	3PAI-S--
Luke 20:14	ὁ	ὁ	RA	----NSM-
Luke 20:14	κληρονόμος	κληρονόμος	N-	----NSM-
Luke 20:14	ἀποκτείνωμεν	ἀποκτείνω	V-	1AAS-P--
Luke 20:14	αὐτόν	αὐτός	RP	----ASM-
Luke 20:14	ἵνα	ἵνα	C-	--------
Luke 20:14	ἡμῶν	ἐγώ	RP	----GP--
Luke 20:14	γένηται	γίνομαι	V-	3AMS-S--
Luke 20:14	ἡ	ὁ	RA	----NSF-
Luke 20:14	κληρονομία	κληρονομία	N-	----NSF-
Luke 20:15	καὶ	καί	C-	--------
Luke 20:15	ἐκβαλόντες	ἐκβάλλω	V-	-AAPNPM-
Luke 20:15	αὐτὸν	αὐτός	RP	----ASM-
Luke 20:15	ἔξω	ἔξω	P-	--------
Luke 20:15	τοῦ	ὁ	RA	----GSM-
Luke 20:15	ἀμπελῶνος	ἀμπελών	N-	----GSM-
Luke 20:15	ἀπέκτειναν	ἀποκτείνω	V-	3AAI-P--
Luke 20:15	τί	τίς	RI	----ASN-
Luke 20:15	οὖν	οὖν	C-	--------
Luke 20:15	ποιήσει	ποιέω	V-	3FAI-S--
Luke 20:15	αὐτοῖς	αὐτός	RP	----DPM-
Luke 20:15	ὁ	ὁ	RA	----NSM-
Luke 20:15	κύριος	κύριος	N-	----NSM-
Luke 20:15	τοῦ	ὁ	RA	----GSM-
Luke 20:15	ἀμπελῶνος	ἀμπελών	N-	----GSM-
Luke 20:16	ἐλεύσεται	ἔρχομαι	V-	3FMI-S--
Luke 20:16	καὶ	καί	C-	--------
Luke 20:16	ἀπολέσει	ἀπόλλυμι	V-	3FAI-S--
Luke 20:16	τοὺς	ὁ	RA	----APM-
Luke 20:16	γεωργοὺς	γεωργός	N-	----APM-
Luke 20:16	τούτους	οὗτος	RD	----APM-
Luke 20:16	καὶ	καί	C-	--------
Luke 20:16	δώσει	δίδωμι	V-	3FAI-S--
Luke 20:16	τὸν	ὁ	RA	----ASM-
Luke 20:16	ἀμπελῶνα	ἀμπελών	N-	----ASM-
Luke 20:16	ἄλλοις	ἄλλος	A-	----DPM-
Luke 20:16	ἀκούσαντες	ἀκούω	V-	-AAPNPM-
Luke 20:16	δὲ	δέ	C-	--------
Luke 20:16	εἶπαν	λέγω	V-	3AAI-P--
Luke 20:16	Μὴ	μή	D-	--------
Luke 20:16	γένοιτο	γίνομαι	V-	3AMO-S--
Luke 20:17	ὁ	ὁ	RA	----NSM-
Luke 20:17	δὲ	δέ	C-	--------
Luke 20:17	ἐμβλέψας	ἐμβλέπω	V-	-AAPNSM-
Luke 20:17	αὐτοῖς	αὐτός	RP	----DPM-
Luke 20:17	εἶπεν	λέγω	V-	3AAI-S--
Luke 20:17	Τί	τίς	RI	----NSN-
Luke 20:17	οὖν	οὖν	C-	--------
Luke 20:17	ἐστιν	εἰμί	V-	3PAI-S--
Luke 20:17	τὸ	ὁ	RA	----NSN-
Luke 20:17	γεγραμμένον	γράφω	V-	-XPPNSN-
Luke 20:17	τοῦτο	οὗτος	RD	----NSN-
Luke 20:17	Λίθον	λίθος	N-	----ASM-
Luke 20:17	ὃν	ὅς	RR	----ASM-
Luke 20:17	ἀπεδοκίμασαν	ἀποδοκιμάζω	V-	3AAI-P--
Luke 20:17	οἱ	ὁ	RA	----NPM-
Luke 20:17	οἰκοδομοῦντες	οἰκοδομέω	V-	-PAPNPM-
Luke 20:17	οὗτος	οὗτος	RD	----NSM-
Luke 20:17	ἐγενήθη	γίνομαι	V-	3API-S--
Luke 20:17	εἰς	εἰς	P-	--------
Luke 20:17	κεφαλὴν	κεφαλή	N-	----ASF-
Luke 20:17	γωνίας	γωνία	N-	----GSF-
Luke 20:18	πᾶς	πᾶς	A-	----NSM-
Luke 20:18	ὁ	ὁ	RA	----NSM-
Luke 20:18	πεσὼν	πίπτω	V-	-AAPNSM-
Luke 20:18	ἐπ’	ἐπί	P-	--------
Luke 20:18	ἐκεῖνον	ἐκεῖνος	RD	----ASM-
Luke 20:18	τὸν	ὁ	RA	----ASM-
Luke 20:18	λίθον	λίθος	N-	----ASM-
Luke 20:18	συνθλασθήσεται	συνθλάομαι	V-	3FPI-S--
Luke 20:18	ἐφ’	ἐπί	P-	--------
Luke 20:18	ὃν	ὅς	RR	----ASM-
Luke 20:18	δ’	δέ	C-	--------
Luke 20:18	ἂν	ἄν	X-	--------
Luke 20:18	πέσῃ	πίπτω	V-	3AAS-S--
Luke 20:18	λικμήσει	λικμάω	V-	3FAI-S--
Luke 20:18	αὐτόν	αὐτός	RP	----ASM-
Luke 20:19	καὶ	καί	C-	--------
Luke 20:19	ἐζήτησαν	ζητέω	V-	3AAI-P--
Luke 20:19	οἱ	ὁ	RA	----NPM-
Luke 20:19	γραμματεῖς	γραμματεύς	N-	----NPM-
Luke 20:19	καὶ	καί	C-	--------
Luke 20:19	οἱ	ὁ	RA	----NPM-
Luke 20:19	ἀρχιερεῖς	ἀρχιερεύς	N-	----NPM-
Luke 20:19	ἐπιβαλεῖν	ἐπιβάλλω	V-	-AAN----
Luke 20:19	ἐπ’	ἐπί	P-	--------
Luke 20:19	αὐτὸν	αὐτός	RP	----ASM-
Luke 20:19	τὰς	ὁ	RA	----APF-
Luke 20:19	χεῖρας	χείρ	N-	----APF-
Luke 20:19	ἐν	ἐν	P-	--------
Luke 20:19	αὐτῇ	αὐτός	RP	----DSF-
Luke 20:19	τῇ	ὁ	RA	----DSF-
Luke 20:19	ὥρᾳ	ὥρα	N-	----DSF-
Luke 20:19	καὶ	καί	C-	--------
Luke 20:19	ἐφοβήθησαν	φοβέομαι	V-	3API-P--
Luke 20:19	τὸν	ὁ	RA	----ASM-
Luke 20:19	λαόν	λαός	N-	----ASM-
Luke 20:19	ἔγνωσαν	γινώσκω	V-	3AAI-P--
Luke 20:19	γὰρ	γάρ	C-	--------
Luke 20:19	ὅτι	ὅτι	C-	--------
Luke 20:19	πρὸς	πρός	P-	--------
Luke 20:19	αὐτοὺς	αὐτός	RP	----APM-
Luke 20:19	εἶπεν	λέγω	V-	3AAI-S--
Luke 20:19	τὴν	ὁ	RA	----ASF-
Luke 20:19	παραβολὴν	παραβολή	N-	----ASF-
Luke 20:19	ταύτην	οὗτος	RD	----ASF-
Luke 20:20	Καὶ	καί	C-	--------
Luke 20:20	παρατηρήσαντες	παρατηρέω	V-	-AAPNPM-
Luke 20:20	ἀπέστειλαν	ἀποστέλλω	V-	3AAI-P--
Luke 20:20	ἐγκαθέτους	ἐγκάθετος	A-	----APM-
Luke 20:20	ὑποκρινομένους	ὑποκρίνομαι	V-	-PMPAPM-
Luke 20:20	ἑαυτοὺς	ἑαυτοῦ	RP	----APM-
Luke 20:20	δικαίους	δίκαιος	A-	----APM-
Luke 20:20	εἶναι	εἰμί	V-	-PAN----
Luke 20:20	ἵνα	ἵνα	C-	--------
Luke 20:20	ἐπιλάβωνται	ἐπιλαμβάνομαι	V-	3AMS-P--
Luke 20:20	αὐτοῦ	αὐτός	RP	----GSM-
Luke 20:20	λόγου	λόγος	N-	----GSM-
Luke 20:20	ὥστε	ὥστε	C-	--------
Luke 20:20	παραδοῦναι	παραδίδωμι	V-	-AAN----
Luke 20:20	αὐτὸν	αὐτός	RP	----ASM-
Luke 20:20	τῇ	ὁ	RA	----DSF-
Luke 20:20	ἀρχῇ	ἀρχή	N-	----DSF-
Luke 20:20	καὶ	καί	C-	--------
Luke 20:20	τῇ	ὁ	RA	----DSF-
Luke 20:20	ἐξουσίᾳ	ἐξουσία	N-	----DSF-
Luke 20:20	τοῦ	ὁ	RA	----GSM-
Luke 20:20	ἡγεμόνος	ἡγεμών	N-	----GSM-
Luke 20:21	καὶ	καί	C-	--------
Luke 20:21	ἐπηρώτησαν	ἐπερωτάω	V-	3AAI-P--
Luke 20:21	αὐτὸν	αὐτός	RP	----ASM-
Luke 20:21	λέγοντες	λέγω	V-	-PAPNPM-
Luke 20:21	Διδάσκαλε	διδάσκαλος	N-	----VSM-
Luke 20:21	οἴδαμεν	οἶδα	V-	1XAI-P--
Luke 20:21	ὅτι	ὅτι	C-	--------
Luke 20:21	ὀρθῶς	ὀρθῶς	D-	--------
Luke 20:21	λέγεις	λέγω	V-	2PAI-S--
Luke 20:21	καὶ	καί	C-	--------
Luke 20:21	διδάσκεις	διδάσκω	V-	2PAI-S--
Luke 20:21	καὶ	καί	C-	--------
Luke 20:21	οὐ	οὐ	D-	--------
Luke 20:21	λαμβάνεις	λαμβάνω	V-	2PAI-S--
Luke 20:21	πρόσωπον	πρόσωπον	N-	----ASN-
Luke 20:21	ἀλλ’	ἀλλά	C-	--------
Luke 20:21	ἐπ’	ἐπί	P-	--------
Luke 20:21	ἀληθείας	ἀλήθεια	N-	----GSF-
Luke 20:21	τὴν	ὁ	RA	----ASF-
Luke 20:21	ὁδὸν	ὁδός	N-	----ASF-
Luke 20:21	τοῦ	ὁ	RA	----GSM-
Luke 20:21	θεοῦ	θεός	N-	----GSM-
Luke 20:21	διδάσκεις	διδάσκω	V-	2PAI-S--
Luke 20:22	ἔξεστιν	ἔξεστι(ν)	V-	3PAI-S--
Luke 20:22	ἡμᾶς	ἐγώ	RP	----AP--
Luke 20:22	Καίσαρι	Καῖσαρ	N-	----DSM-
Luke 20:22	φόρον	φόρος	N-	----ASM-
Luke 20:22	δοῦναι	δίδωμι	V-	-AAN----
Luke 20:22	ἢ	ἤ	C-	--------
Luke 20:22	οὔ	οὔ	D-	--------
Luke 20:23	κατανοήσας	κατανοέω	V-	-AAPNSM-
Luke 20:23	δὲ	δέ	C-	--------
Luke 20:23	αὐτῶν	αὐτός	RP	----GPM-
Luke 20:23	τὴν	ὁ	RA	----ASF-
Luke 20:23	πανουργίαν	πανουργία	N-	----ASF-
Luke 20:23	εἶπεν	λέγω	V-	3AAI-S--
Luke 20:23	πρὸς	πρός	P-	--------
Luke 20:23	αὐτούς	αὐτός	RP	----APM-
Luke 20:24	Δείξατέ	δείκνυμι	V-	2AAD-P--
Luke 20:24	μοι	ἐγώ	RP	----DS--
Luke 20:24	δηνάριον	δηνάριον	N-	----ASN-
Luke 20:24	τίνος	τίς	RI	----GSM-
Luke 20:24	ἔχει	ἔχω	V-	3PAI-S--
Luke 20:24	εἰκόνα	εἰκών	N-	----ASF-
Luke 20:24	καὶ	καί	C-	--------
Luke 20:24	ἐπιγραφήν	ἐπιγραφή	N-	----ASF-
Luke 20:24	ἀποκριθέντες	ἀποκρίνομαι	V-	-APPNPM-
Luke 20:24	δὲ	δέ	C-	--------
Luke 20:24	εἶπαν	λέγω	V-	3AAI-P--
Luke 20:24	Καίσαρος	Καῖσαρ	N-	----GSM-
Luke 20:25	ὁ	ὁ	RA	----NSM-
Luke 20:25	δὲ	δέ	C-	--------
Luke 20:25	εἶπεν	λέγω	V-	3AAI-S--
Luke 20:25	πρὸς	πρός	P-	--------
Luke 20:25	αὐτούς	αὐτός	RP	----APM-
Luke 20:25	Τοίνυν	τοίνυν	C-	--------
Luke 20:25	ἀπόδοτε	ἀποδίδωμι	V-	2AAD-P--
Luke 20:25	τὰ	ὁ	RA	----APN-
Luke 20:25	Καίσαρος	Καῖσαρ	N-	----GSM-
Luke 20:25	Καίσαρι	Καῖσαρ	N-	----DSM-
Luke 20:25	καὶ	καί	C-	--------
Luke 20:25	τὰ	ὁ	RA	----APN-
Luke 20:25	τοῦ	ὁ	RA	----GSM-
Luke 20:25	θεοῦ	θεός	N-	----GSM-
Luke 20:25	τῷ	ὁ	RA	----DSM-
Luke 20:25	θεῷ	θεός	N-	----DSM-
Luke 20:26	καὶ	καί	C-	--------
Luke 20:26	οὐκ	οὐ	D-	--------
Luke 20:26	ἴσχυσαν	ἰσχύω	V-	3AAI-P--
Luke 20:26	ἐπιλαβέσθαι	ἐπιλαμβάνομαι	V-	-AMN----
Luke 20:26	τοῦ	ὁ	RA	----GSM-
Luke 20:26	ῥήματος	ῥῆμα	N-	----GSN-
Luke 20:26	ἐναντίον	ἐναντίον	P-	--------
Luke 20:26	τοῦ	ὁ	RA	----GSM-
Luke 20:26	λαοῦ	λαός	N-	----GSM-
Luke 20:26	καὶ	καί	C-	--------
Luke 20:26	θαυμάσαντες	θαυμάζω	V-	-AAPNPM-
Luke 20:26	ἐπὶ	ἐπί	P-	--------
Luke 20:26	τῇ	ὁ	RA	----DSF-
Luke 20:26	ἀποκρίσει	ἀπόκρισις	N-	----DSF-
Luke 20:26	αὐτοῦ	αὐτός	RP	----GSM-
Luke 20:26	ἐσίγησαν	σιγάω	V-	3AAI-P--
Luke 20:27	Προσελθόντες	προσέρχομαι	V-	-AAPNPM-
Luke 20:27	δέ	δέ	C-	--------
Luke 20:27	τινες	τις	RI	----NPM-
Luke 20:27	τῶν	ὁ	RA	----GPM-
Luke 20:27	Σαδδουκαίων	Σαδδουκαῖος	N-	----GPM-
Luke 20:27	οἱ	ὁ	RA	----NPM-
Luke 20:27	ἀντιλέγοντες	ἀντιλέγω	V-	-PAPNPM-
Luke 20:27	ἀνάστασιν	ἀνάστασις	N-	----ASF-
Luke 20:27	μὴ	μή	D-	--------
Luke 20:27	εἶναι	εἰμί	V-	-PAN----
Luke 20:27	ἐπηρώτησαν	ἐπερωτάω	V-	3AAI-P--
Luke 20:27	αὐτὸν	αὐτός	RP	----ASM-
Luke 20:28	λέγοντες	λέγω	V-	-PAPNPM-
Luke 20:28	Διδάσκαλε	διδάσκαλος	N-	----VSM-
Luke 20:28	Μωϋσῆς	Μωϋσῆς	N-	----NSM-
Luke 20:28	ἔγραψεν	γράφω	V-	3AAI-S--
Luke 20:28	ἡμῖν	ἐγώ	RP	----DP--
Luke 20:28	ἐάν	ἐάν	C-	--------
Luke 20:28	τινος	τις	RI	----GSM-
Luke 20:28	ἀδελφὸς	ἀδελφός	N-	----NSM-
Luke 20:28	ἀποθάνῃ	ἀποθνῄσκω	V-	3AAS-S--
Luke 20:28	ἔχων	ἔχω	V-	-PAPNSM-
Luke 20:28	γυναῖκα	γυνή	N-	----ASF-
Luke 20:28	καὶ	καί	C-	--------
Luke 20:28	οὗτος	οὗτος	RD	----NSM-
Luke 20:28	ἄτεκνος	ἄτεκνος	A-	----NSM-
Luke 20:28	ᾖ	εἰμί	V-	3PAS-S--
Luke 20:28	ἵνα	ἵνα	C-	--------
Luke 20:28	λάβῃ	λαμβάνω	V-	3AAS-S--
Luke 20:28	ὁ	ὁ	RA	----NSM-
Luke 20:28	ἀδελφὸς	ἀδελφός	N-	----NSM-
Luke 20:28	αὐτοῦ	αὐτός	RP	----GSM-
Luke 20:28	τὴν	ὁ	RA	----ASF-
Luke 20:28	γυναῖκα	γυνή	N-	----ASF-
Luke 20:28	καὶ	καί	C-	--------
Luke 20:28	ἐξαναστήσῃ	ἐξανίστημι	V-	3AAS-S--
Luke 20:28	σπέρμα	σπέρμα	N-	----ASN-
Luke 20:28	τῷ	ὁ	RA	----DSM-
Luke 20:28	ἀδελφῷ	ἀδελφός	N-	----DSM-
Luke 20:28	αὐτοῦ	αὐτός	RP	----GSM-
Luke 20:29	ἑπτὰ	ἑπτά	A-	----NPM-
Luke 20:29	οὖν	οὖν	C-	--------
Luke 20:29	ἀδελφοὶ	ἀδελφός	N-	----NPM-
Luke 20:29	ἦσαν	εἰμί	V-	3IAI-P--
Luke 20:29	καὶ	καί	C-	--------
Luke 20:29	ὁ	ὁ	RA	----NSM-
Luke 20:29	πρῶτος	πρῶτος	A-	----NSM-
Luke 20:29	λαβὼν	λαμβάνω	V-	-AAPNSM-
Luke 20:29	γυναῖκα	γυνή	N-	----ASF-
Luke 20:29	ἀπέθανεν	ἀποθνῄσκω	V-	3AAI-S--
Luke 20:29	ἄτεκνος	ἄτεκνος	A-	----NSM-
Luke 20:30	καὶ	καί	C-	--------
Luke 20:30	ὁ	ὁ	RA	----NSM-
Luke 20:30	δεύτερος	δεύτερος	A-	----NSM-
Luke 20:31	καὶ	καί	C-	--------
Luke 20:31	ὁ	ὁ	RA	----NSM-
Luke 20:31	τρίτος	τρίτος	A-	----NSM-
Luke 20:31	ἔλαβεν	λαμβάνω	V-	3AAI-S--
Luke 20:31	αὐτήν	αὐτός	RP	----ASF-
Luke 20:31	ὡσαύτως	ὡσαύτως	D-	--------
Luke 20:31	δὲ	δέ	C-	--------
Luke 20:31	καὶ	καί	D-	--------
Luke 20:31	οἱ	ὁ	RA	----NPM-
Luke 20:31	ἑπτὰ	ἑπτά	A-	----NPM-
Luke 20:31	οὐ	οὐ	D-	--------
Luke 20:31	κατέλιπον	καταλείπω	V-	3AAI-P--
Luke 20:31	τέκνα	τέκνον	N-	----APN-
Luke 20:31	καὶ	καί	C-	--------
Luke 20:31	ἀπέθανον	ἀποθνῄσκω	V-	3AAI-P--
Luke 20:32	ὕστερον	ὕστερος	A-	----ASNC
Luke 20:32	καὶ	καί	D-	--------
Luke 20:32	ἡ	ὁ	RA	----NSF-
Luke 20:32	γυνὴ	γυνή	N-	----NSF-
Luke 20:32	ἀπέθανεν	ἀποθνῄσκω	V-	3AAI-S--
Luke 20:33	ἡ	ὁ	RA	----NSF-
Luke 20:33	γυνὴ	γυνή	N-	----NSF-
Luke 20:33	οὖν	οὖν	C-	--------
Luke 20:33	ἐν	ἐν	P-	--------
Luke 20:33	τῇ	ὁ	RA	----DSF-
Luke 20:33	ἀναστάσει	ἀνάστασις	N-	----DSF-
Luke 20:33	τίνος	τίς	RI	----GSM-
Luke 20:33	αὐτῶν	αὐτός	RP	----GPM-
Luke 20:33	γίνεται	γίνομαι	V-	3PMI-S--
Luke 20:33	γυνή	γυνή	N-	----NSF-
Luke 20:33	οἱ	ὁ	RA	----NPM-
Luke 20:33	γὰρ	γάρ	C-	--------
Luke 20:33	ἑπτὰ	ἑπτά	A-	----NPM-
Luke 20:33	ἔσχον	ἔχω	V-	3AAI-P--
Luke 20:33	αὐτὴν	αὐτός	RP	----ASF-
Luke 20:33	γυναῖκα	γυνή	N-	----ASF-
Luke 20:34	Καὶ	καί	C-	--------
Luke 20:34	εἶπεν	λέγω	V-	3AAI-S--
Luke 20:34	αὐτοῖς	αὐτός	RP	----DPM-
Luke 20:34	ὁ	ὁ	RA	----NSM-
Luke 20:34	Ἰησοῦς	Ἰησοῦς	N-	----NSM-
Luke 20:34	Οἱ	ὁ	RA	----NPM-
Luke 20:34	υἱοὶ	υἱός	N-	----NPM-
Luke 20:34	τοῦ	ὁ	RA	----GSM-
Luke 20:34	αἰῶνος	αἰών	N-	----GSM-
Luke 20:34	τούτου	οὗτος	RD	----GSM-
Luke 20:34	γαμοῦσιν	γαμέω	V-	3PAI-P--
Luke 20:34	καὶ	καί	C-	--------
Luke 20:34	γαμίσκονται	γαμίσκω	V-	3PPI-P--
Luke 20:35	οἱ	ὁ	RA	----NPM-
Luke 20:35	δὲ	δέ	C-	--------
Luke 20:35	καταξιωθέντες	καταξιόω	V-	-APPNPM-
Luke 20:35	τοῦ	ὁ	RA	----GSM-
Luke 20:35	αἰῶνος	αἰών	N-	----GSM-
Luke 20:35	ἐκείνου	ἐκεῖνος	RD	----GSM-
Luke 20:35	τυχεῖν	τυγχάνω	V-	-AAN----
Luke 20:35	καὶ	καί	C-	--------
Luke 20:35	τῆς	ὁ	RA	----GSF-
Luke 20:35	ἀναστάσεως	ἀνάστασις	N-	----GSF-
Luke 20:35	τῆς	ὁ	RA	----GSF-
Luke 20:35	ἐκ	ἐκ	P-	--------
Luke 20:35	νεκρῶν	νεκρός	A-	----GPM-
Luke 20:35	οὔτε	οὔτε	C-	--------
Luke 20:35	γαμοῦσιν	γαμέω	V-	3PAI-P--
Luke 20:35	οὔτε	οὔτε	C-	--------
Luke 20:35	γαμίζονται	γαμίζω	V-	3PPI-P--
Luke 20:36	οὐδὲ	οὐδέ	D-	--------
Luke 20:36	γὰρ	γάρ	C-	--------
Luke 20:36	ἀποθανεῖν	ἀποθνῄσκω	V-	-AAN----
Luke 20:36	ἔτι	ἔτι	D-	--------
Luke 20:36	δύνανται	δύναμαι	V-	3PMI-P--
Luke 20:36	ἰσάγγελοι	ἰσάγγελος	A-	----NPM-
Luke 20:36	γάρ	γάρ	C-	--------
Luke 20:36	εἰσιν	εἰμί	V-	3PAI-P--
Luke 20:36	καὶ	καί	C-	--------
Luke 20:36	υἱοί	υἱός	N-	----NPM-
Luke 20:36	εἰσιν	εἰμί	V-	3PAI-P--
Luke 20:36	θεοῦ	θεός	N-	----GSM-
Luke 20:36	τῆς	ὁ	RA	----GSF-
Luke 20:36	ἀναστάσεως	ἀνάστασις	N-	----GSF-
Luke 20:36	υἱοὶ	υἱός	N-	----NPM-
Luke 20:36	ὄντες	εἰμί	V-	-PAPNPM-
Luke 20:37	ὅτι	ὅτι	C-	--------
Luke 20:37	δὲ	δέ	C-	--------
Luke 20:37	ἐγείρονται	ἐγείρω	V-	3PPI-P--
Luke 20:37	οἱ	ὁ	RA	----NPM-
Luke 20:37	νεκροὶ	νεκρός	A-	----NPM-
Luke 20:37	καὶ	καί	D-	--------
Luke 20:37	Μωϋσῆς	Μωϋσῆς	N-	----NSM-
Luke 20:37	ἐμήνυσεν	μηνύω	V-	3AAI-S--
Luke 20:37	ἐπὶ	ἐπί	P-	--------
Luke 20:37	τῆς	ὁ	RA	----GSF-
Luke 20:37	βάτου	βάτος	N-	----GSF-
Luke 20:37	ὡς	ὡς	C-	--------
Luke 20:37	λέγει	λέγω	V-	3PAI-S--
Luke 20:37	κύριον	κύριος	N-	----ASM-
Luke 20:37	τὸν	ὁ	RA	----ASM-
Luke 20:37	θεὸν	θεός	N-	----ASM-
Luke 20:37	Ἀβραὰμ	Ἀβραάμ	N-	----GSM-
Luke 20:37	καὶ	καί	C-	--------
Luke 20:37	θεὸν	θεός	N-	----ASM-
Luke 20:37	Ἰσαὰκ	Ἰσαάκ	N-	----GSM-
Luke 20:37	καὶ	καί	C-	--------
Luke 20:37	θεὸν	θεός	N-	----ASM-
Luke 20:37	Ἰακώβ	Ἰακώβ	N-	----GSM-
Luke 20:38	θεὸς	θεός	N-	----NSM-
Luke 20:38	δὲ	δέ	C-	--------
Luke 20:38	οὐκ	οὐ	D-	--------
Luke 20:38	ἔστιν	εἰμί	V-	3PAI-S--
Luke 20:38	νεκρῶν	νεκρός	A-	----GPM-
Luke 20:38	ἀλλὰ	ἀλλά	C-	--------
Luke 20:38	ζώντων	ζάω	V-	-PAPGPM-
Luke 20:38	πάντες	πᾶς	A-	----NPM-
Luke 20:38	γὰρ	γάρ	C-	--------
Luke 20:38	αὐτῷ	αὐτός	RP	----DSM-
Luke 20:38	ζῶσιν	ζάω	V-	3PAI-P--
Luke 20:39	ἀποκριθέντες	ἀποκρίνομαι	V-	-APPNPM-
Luke 20:39	δέ	δέ	C-	--------
Luke 20:39	τινες	τις	RI	----NPM-
Luke 20:39	τῶν	ὁ	RA	----GPM-
Luke 20:39	γραμματέων	γραμματεύς	N-	----GPM-
Luke 20:39	εἶπαν	λέγω	V-	3AAI-P--
Luke 20:39	Διδάσκαλε	διδάσκαλος	N-	----VSM-
Luke 20:39	καλῶς	καλῶς	D-	--------
Luke 20:39	εἶπας	λέγω	V-	2AAI-S--
Luke 20:40	οὐκέτι	οὐκέτι	D-	--------
Luke 20:40	γὰρ	γάρ	C-	--------
Luke 20:40	ἐτόλμων	τολμάω	V-	3IAI-P--
Luke 20:40	ἐπερωτᾶν	ἐπερωτάω	V-	-PAN----
Luke 20:40	αὐτὸν	αὐτός	RP	----ASM-
Luke 20:40	οὐδέν	οὐδείς	A-	----ASN-
Luke 20:41	Εἶπεν	λέγω	V-	3AAI-S--
Luke 20:41	δὲ	δέ	C-	--------
Luke 20:41	πρὸς	πρός	P-	--------
Luke 20:41	αὐτούς	αὐτός	RP	----APM-
Luke 20:41	Πῶς	πῶς	D-	--------
Luke 20:41	λέγουσιν	λέγω	V-	3PAI-P--
Luke 20:41	τὸν	ὁ	RA	----ASM-
Luke 20:41	χριστὸν	Χριστός	N-	----ASM-
Luke 20:41	εἶναι	εἰμί	V-	-PAN----
Luke 20:41	Δαυὶδ	Δαυίδ	N-	----GSM-
Luke 20:41	υἱόν	υἱός	N-	----ASM-
Luke 20:42	αὐτὸς	αὐτός	RP	----NSM-
Luke 20:42	γὰρ	γάρ	C-	--------
Luke 20:42	Δαυὶδ	Δαυίδ	N-	----NSM-
Luke 20:42	λέγει	λέγω	V-	3PAI-S--
Luke 20:42	ἐν	ἐν	P-	--------
Luke 20:42	βίβλῳ	βίβλος	N-	----DSF-
Luke 20:42	ψαλμῶν	ψαλμός	N-	----GPM-
Luke 20:42	Εἶπεν	λέγω	V-	3AAI-S--
Luke 20:42	κύριος	κύριος	N-	----NSM-
Luke 20:42	τῷ	ὁ	RA	----DSM-
Luke 20:42	κυρίῳ	κύριος	N-	----DSM-
Luke 20:42	μου	ἐγώ	RP	----GS--
Luke 20:42	Κάθου	κάθημαι	V-	2PMD-S--
Luke 20:42	ἐκ	ἐκ	P-	--------
Luke 20:42	δεξιῶν	δεξιός	A-	----GPN-
Luke 20:42	μου	ἐγώ	RP	----GS--
Luke 20:43	ἕως	ἕως	C-	--------
Luke 20:43	ἂν	ἄν	X-	--------
Luke 20:43	θῶ	τίθημι	V-	1AAS-S--
Luke 20:43	τοὺς	ὁ	RA	----APM-
Luke 20:43	ἐχθρούς	ἐχθρός	A-	----APM-
Luke 20:43	σου	σύ	RP	----GS--
Luke 20:43	ὑποπόδιον	ὑποπόδιον	N-	----ASN-
Luke 20:43	τῶν	ὁ	RA	----GPM-
Luke 20:43	ποδῶν	πούς	N-	----GPM-
Luke 20:43	σου	σύ	RP	----GS--
Luke 20:44	Δαυὶδ	Δαυίδ	N-	----NSM-
Luke 20:44	οὖν	οὖν	C-	--------
Luke 20:44	αὐτὸν	αὐτός	RP	----ASM-
Luke 20:44	κύριον	κύριος	N-	----ASM-
Luke 20:44	καλεῖ	καλέω	V-	3PAI-S--
Luke 20:44	καὶ	καί	C-	--------
Luke 20:44	πῶς	πῶς	D-	--------
Luke 20:44	αὐτοῦ	αὐτός	RP	----GSM-
Luke 20:44	υἱός	υἱός	N-	----NSM-
Luke 20:44	ἐστιν	εἰμί	V-	3PAI-S--
Luke 20:45	Ἀκούοντος	ἀκούω	V-	-PAPGSM-
Luke 20:45	δὲ	δέ	C-	--------
Luke 20:45	παντὸς	πᾶς	A-	----GSM-
Luke 20:45	τοῦ	ὁ	RA	----GSM-
Luke 20:45	λαοῦ	λαός	N-	----GSM-
Luke 20:45	εἶπεν	λέγω	V-	3AAI-S--
Luke 20:45	τοῖς	ὁ	RA	----DPM-
Luke 20:45	μαθηταῖς	μαθητής	N-	----DPM-
Luke 20:46	Προσέχετε	προσέχω	V-	2PAD-P--
Luke 20:46	ἀπὸ	ἀπό	P-	--------
Luke 20:46	τῶν	ὁ	RA	----GPM-
Luke 20:46	γραμματέων	γραμματεύς	N-	----GPM-
Luke 20:46	τῶν	ὁ	RA	----GPM-
Luke 20:46	θελόντων	θέλω	V-	-PAPGPM-
Luke 20:46	περιπατεῖν	περιπατέω	V-	-PAN----
Luke 20:46	ἐν	ἐν	P-	--------
Luke 20:46	στολαῖς	στολή	N-	----DPF-
Luke 20:46	καὶ	καί	C-	--------
Luke 20:46	φιλούντων	φιλέω	V-	-PAPGPM-
Luke 20:46	ἀσπασμοὺς	ἀσπασμός	N-	----APM-
Luke 20:46	ἐν	ἐν	P-	--------
Luke 20:46	ταῖς	ὁ	RA	----DPF-
Luke 20:46	ἀγοραῖς	ἀγορά	N-	----DPF-
Luke 20:46	καὶ	καί	C-	--------
Luke 20:46	πρωτοκαθεδρίας	πρωτοκαθεδρία	N-	----APF-
Luke 20:46	ἐν	ἐν	P-	--------
Luke 20:46	ταῖς	ὁ	RA	----DPF-
Luke 20:46	συναγωγαῖς	συναγωγή	N-	----DPF-
Luke 20:46	καὶ	καί	C-	--------
Luke 20:46	πρωτοκλισίας	πρωτοκλισία	N-	----APF-
Luke 20:46	ἐν	ἐν	P-	--------
Luke 20:46	τοῖς	ὁ	RA	----DPN-
Luke 20:46	δείπνοις	δεῖπνον	N-	----DPN-
Luke 20:47	οἳ	ὅς	RR	----NPM-
Luke 20:47	κατεσθίουσιν	κατεσθίω	V-	3PAI-P--
Luke 20:47	τὰς	ὁ	RA	----APF-
Luke 20:47	οἰκίας	οἰκία	N-	----APF-
Luke 20:47	τῶν	ὁ	RA	----GPF-
Luke 20:47	χηρῶν	χήρα	A-	----GPF-
Luke 20:47	καὶ	καί	C-	--------
Luke 20:47	προφάσει	πρόφασις	N-	----DSF-
Luke 20:47	μακρὰ	μακρός	A-	----APN-
Luke 20:47	προσεύχονται	προσεύχομαι	V-	3PMI-P--
Luke 20:47	οὗτοι	οὗτος	RD	----NPM-
Luke 20:47	λήμψονται	λαμβάνω	V-	3FMI-P--
Luke 20:47	περισσότερον	περισσότερος	A-	----ASNC
Luke 20:47	κρίμα	κρίμα	N-	----ASN-
Luke 21:1	Ἀναβλέψας	ἀναβλέπω	V-	-AAPNSM-
Luke 21:1	δὲ	δέ	C-	--------
Luke 21:1	εἶδεν	ὁράω	V-	3AAI-S--
Luke 21:1	τοὺς	ὁ	RA	----APM-
Luke 21:1	βάλλοντας	βάλλω	V-	-PAPAPM-
Luke 21:1	εἰς	εἰς	P-	--------
Luke 21:1	τὸ	ὁ	RA	----ASN-
Luke 21:1	γαζοφυλάκιον	γαζοφυλάκιον	N-	----ASN-
Luke 21:1	τὰ	ὁ	RA	----APN-
Luke 21:1	δῶρα	δῶρον	N-	----APN-
Luke 21:1	αὐτῶν	αὐτός	RP	----GPM-
Luke 21:1	πλουσίους	πλούσιος	A-	----APM-
Luke 21:2	εἶδεν	ὁράω	V-	3AAI-S--
Luke 21:2	δέ	δέ	C-	--------
Luke 21:2	τινα	τις	RI	----ASF-
Luke 21:2	χήραν	χήρα	A-	----ASF-
Luke 21:2	πενιχρὰν	πενιχρός	A-	----ASF-
Luke 21:2	βάλλουσαν	βάλλω	V-	-PAPASF-
Luke 21:2	ἐκεῖ	ἐκεῖ	D-	--------
Luke 21:2	λεπτὰ	λεπτόν	A-	----APN-
Luke 21:2	δύο	δύο	A-	----APN-
Luke 21:3	καὶ	καί	C-	--------
Luke 21:3	εἶπεν	λέγω	V-	3AAI-S--
Luke 21:3	Ἀληθῶς	ἀληθῶς	D-	--------
Luke 21:3	λέγω	λέγω	V-	1PAI-S--
Luke 21:3	ὑμῖν	σύ	RP	----DP--
Luke 21:3	ὅτι	ὅτι	C-	--------
Luke 21:3	ἡ	ὁ	RA	----NSF-
Luke 21:3	χήρα	χήρα	A-	----NSF-
Luke 21:3	ἡ	ὁ	RA	----NSF-
Luke 21:3	πτωχὴ	πτωχός	A-	----NSF-
Luke 21:3	αὕτη	οὗτος	RD	----NSF-
Luke 21:3	πλεῖον	πολύς	A-	----ASNC
Luke 21:3	πάντων	πᾶς	A-	----GPM-
Luke 21:3	ἔβαλεν	βάλλω	V-	3AAI-S--
Luke 21:4	πάντες	πᾶς	A-	----NPM-
Luke 21:4	γὰρ	γάρ	C-	--------
Luke 21:4	οὗτοι	οὗτος	RD	----NPM-
Luke 21:4	ἐκ	ἐκ	P-	--------
Luke 21:4	τοῦ	ὁ	RA	----GSN-
Luke 21:4	περισσεύοντος	περισσεύω	V-	-PAPGSN-
Luke 21:4	αὐτοῖς	αὐτός	RP	----DPM-
Luke 21:4	ἔβαλον	βάλλω	V-	3AAI-P--
Luke 21:4	εἰς	εἰς	P-	--------
Luke 21:4	τὰ	ὁ	RA	----APN-
Luke 21:4	δῶρα	δῶρον	N-	----APN-
Luke 21:4	αὕτη	οὗτος	RD	----NSF-
Luke 21:4	δὲ	δέ	C-	--------
Luke 21:4	ἐκ	ἐκ	P-	--------
Luke 21:4	τοῦ	ὁ	RA	----GSN-
Luke 21:4	ὑστερήματος	ὑστέρημα	N-	----GSN-
Luke 21:4	αὐτῆς	αὐτός	RP	----GSF-
Luke 21:4	πάντα	πᾶς	A-	----ASM-
Luke 21:4	τὸν	ὁ	RA	----ASM-
Luke 21:4	βίον	βίος	N-	----ASM-
Luke 21:4	ὃν	ὅς	RR	----ASM-
Luke 21:4	εἶχεν	ἔχω	V-	3IAI-S--
Luke 21:4	ἔβαλεν	βάλλω	V-	3AAI-S--
Luke 21:5	Καί	καί	C-	--------
Luke 21:5	τινων	τις	RI	----GPM-
Luke 21:5	λεγόντων	λέγω	V-	-PAPGPM-
Luke 21:5	περὶ	περί	P-	--------
Luke 21:5	τοῦ	ὁ	RA	----GSN-
Luke 21:5	ἱεροῦ	ἱερός	A-	----GSN-
Luke 21:5	ὅτι	ὅτι	C-	--------
Luke 21:5	λίθοις	λίθος	N-	----DPM-
Luke 21:5	καλοῖς	καλός	A-	----DPM-
Luke 21:5	καὶ	καί	C-	--------
Luke 21:5	ἀναθήμασιν	ἀνάθεμα	N-	----DPN-
Luke 21:5	κεκόσμηται	κοσμέω	V-	3XPI-S--
Luke 21:5	εἶπεν	λέγω	V-	3AAI-S--
Luke 21:6	Ταῦτα	οὗτος	RD	----APN-
Luke 21:6	ἃ	ὅς	RR	----APN-
Luke 21:6	θεωρεῖτε	θεωρέω	V-	2PAI-P--
Luke 21:6	ἐλεύσονται	ἔρχομαι	V-	3FMI-P--
Luke 21:6	ἡμέραι	ἡμέρα	N-	----NPF-
Luke 21:6	ἐν	ἐν	P-	--------
Luke 21:6	αἷς	ὅς	RR	----DPF-
Luke 21:6	οὐκ	οὐ	D-	--------
Luke 21:6	ἀφεθήσεται	ἀφίημι	V-	3FPI-S--
Luke 21:6	λίθος	λίθος	N-	----NSM-
Luke 21:6	ἐπὶ	ἐπί	P-	--------
Luke 21:6	λίθῳ	λίθος	N-	----DSM-
Luke 21:6	ὃς	ὅς	RR	----NSM-
Luke 21:6	οὐ	οὐ	D-	--------
Luke 21:6	καταλυθήσεται	καταλύω	V-	3FPI-S--
Luke 21:7	Ἐπηρώτησαν	ἐπερωτάω	V-	3AAI-P--
Luke 21:7	δὲ	δέ	C-	--------
Luke 21:7	αὐτὸν	αὐτός	RP	----ASM-
Luke 21:7	λέγοντες	λέγω	V-	-PAPNPM-
Luke 21:7	Διδάσκαλε	διδάσκαλος	N-	----VSM-
Luke 21:7	πότε	πότε	D-	--------
Luke 21:7	οὖν	οὖν	C-	--------
Luke 21:7	ταῦτα	οὗτος	RD	----NPN-
Luke 21:7	ἔσται	εἰμί	V-	3FMI-S--
Luke 21:7	καὶ	καί	C-	--------
Luke 21:7	τί	τίς	RI	----NSN-
Luke 21:7	τὸ	ὁ	RA	----NSN-
Luke 21:7	σημεῖον	σημεῖον	N-	----NSN-
Luke 21:7	ὅταν	ὅταν	C-	--------
Luke 21:7	μέλλῃ	μέλλω	V-	3PAS-S--
Luke 21:7	ταῦτα	οὗτος	RD	----NPN-
Luke 21:7	γίνεσθαι	γίνομαι	V-	-PMN----
Luke 21:8	ὁ	ὁ	RA	----NSM-
Luke 21:8	δὲ	δέ	C-	--------
Luke 21:8	εἶπεν	λέγω	V-	3AAI-S--
Luke 21:8	Βλέπετε	βλέπω	V-	2PAD-P--
Luke 21:8	μὴ	μή	C-	--------
Luke 21:8	πλανηθῆτε	πλανάω	V-	2APS-P--
Luke 21:8	πολλοὶ	πολύς	A-	----NPM-
Luke 21:8	γὰρ	γάρ	C-	--------
Luke 21:8	ἐλεύσονται	ἔρχομαι	V-	3FMI-P--
Luke 21:8	ἐπὶ	ἐπί	P-	--------
Luke 21:8	τῷ	ὁ	RA	----DSN-
Luke 21:8	ὀνόματί	ὄνομα	N-	----DSN-
Luke 21:8	μου	ἐγώ	RP	----GS--
Luke 21:8	λέγοντες	λέγω	V-	-PAPNPM-
Luke 21:8	Ἐγώ	ἐγώ	RP	----NS--
Luke 21:8	εἰμι	εἰμί	V-	1PAI-S--
Luke 21:8	καί	καί	C-	--------
Luke 21:8	Ὁ	ὁ	RA	----NSM-
Luke 21:8	καιρὸς	καιρός	N-	----NSM-
Luke 21:8	ἤγγικεν	ἐγγίζω	V-	3XAI-S--
Luke 21:8	μὴ	μή	D-	--------
Luke 21:8	πορευθῆτε	πορεύομαι	V-	2APS-P--
Luke 21:8	ὀπίσω	ὀπίσω	P-	--------
Luke 21:8	αὐτῶν	αὐτός	RP	----GPM-
Luke 21:9	ὅταν	ὅταν	C-	--------
Luke 21:9	δὲ	δέ	C-	--------
Luke 21:9	ἀκούσητε	ἀκούω	V-	2AAS-P--
Luke 21:9	πολέμους	πόλεμος	N-	----APM-
Luke 21:9	καὶ	καί	C-	--------
Luke 21:9	ἀκαταστασίας	ἀκαταστασία	N-	----APF-
Luke 21:9	μὴ	μή	D-	--------
Luke 21:9	πτοηθῆτε	πτοέομαι	V-	2APS-P--
Luke 21:9	δεῖ	δέω	V-	3PAI-S--
Luke 21:9	γὰρ	γάρ	C-	--------
Luke 21:9	ταῦτα	οὗτος	RD	----APN-
Luke 21:9	γενέσθαι	γίνομαι	V-	-AMN----
Luke 21:9	πρῶτον	πρῶτος	A-	----ASN-
Luke 21:9	ἀλλ’	ἀλλά	C-	--------
Luke 21:9	οὐκ	οὐ	D-	--------
Luke 21:9	εὐθέως	εὐθέως	D-	--------
Luke 21:9	τὸ	ὁ	RA	----NSN-
Luke 21:9	τέλος	τέλος	N-	----NSN-
Luke 21:10	τότε	τότε	D-	--------
Luke 21:10	ἔλεγεν	λέγω	V-	3IAI-S--
Luke 21:10	αὐτοῖς	αὐτός	RP	----DPM-
Luke 21:10	Ἐγερθήσεται	ἐγείρω	V-	3FPI-S--
Luke 21:10	ἔθνος	ἔθνος	N-	----NSN-
Luke 21:10	ἐπ’	ἐπί	P-	--------
Luke 21:10	ἔθνος	ἔθνος	N-	----ASN-
Luke 21:10	καὶ	καί	C-	--------
Luke 21:10	βασιλεία	βασιλεία	N-	----NSF-
Luke 21:10	ἐπὶ	ἐπί	P-	--------
Luke 21:10	βασιλείαν	βασιλεία	N-	----ASF-
Luke 21:11	σεισμοί	σεισμός	N-	----NPM-
Luke 21:11	τε	τέ	C-	--------
Luke 21:11	μεγάλοι	μέγας	A-	----NPM-
Luke 21:11	καὶ	καί	C-	--------
Luke 21:11	κατὰ	κατά	P-	--------
Luke 21:11	τόπους	τόπος	N-	----APM-
Luke 21:11	λιμοὶ	λιμός	N-	----NPM-
Luke 21:11	καὶ	καί	C-	--------
Luke 21:11	λοιμοὶ	λοιμός	N-	----NPM-
Luke 21:11	ἔσονται	εἰμί	V-	3FMI-P--
Luke 21:11	φόβητρά	φόβητρον	N-	----NPN-
Luke 21:11	τε	τέ	C-	--------
Luke 21:11	καὶ	καί	C-	--------
Luke 21:11	σημεῖα	σημεῖον	N-	----NPN-
Luke 21:11	ἀπ’	ἀπό	P-	--------
Luke 21:11	οὐρανοῦ	οὐρανός	N-	----GSM-
Luke 21:11	μεγάλα	μέγας	A-	----NPN-
Luke 21:11	ἔσται	εἰμί	V-	3FMI-S--
Luke 21:12	Πρὸ	πρό	P-	--------
Luke 21:12	δὲ	δέ	C-	--------
Luke 21:12	τούτων	οὗτος	RD	----GPN-
Luke 21:12	πάντων	πᾶς	A-	----GPN-
Luke 21:12	ἐπιβαλοῦσιν	ἐπιβάλλω	V-	3FAI-P--
Luke 21:12	ἐφ’	ἐπί	P-	--------
Luke 21:12	ὑμᾶς	σύ	RP	----AP--
Luke 21:12	τὰς	ὁ	RA	----APF-
Luke 21:12	χεῖρας	χείρ	N-	----APF-
Luke 21:12	αὐτῶν	αὐτός	RP	----GPM-
Luke 21:12	καὶ	καί	C-	--------
Luke 21:12	διώξουσιν	διώκω	V-	3FAI-P--
Luke 21:12	παραδιδόντες	παραδίδωμι	V-	-PAPNPM-
Luke 21:12	εἰς	εἰς	P-	--------
Luke 21:12	τὰς	ὁ	RA	----APF-
Luke 21:12	συναγωγὰς	συναγωγή	N-	----APF-
Luke 21:12	καὶ	καί	C-	--------
Luke 21:12	φυλακάς	φυλακή	N-	----APF-
Luke 21:12	ἀπαγομένους	ἀπάγω	V-	-PPPAPM-
Luke 21:12	ἐπὶ	ἐπί	P-	--------
Luke 21:12	βασιλεῖς	βασιλεύς	N-	----APM-
Luke 21:12	καὶ	καί	C-	--------
Luke 21:12	ἡγεμόνας	ἡγεμών	N-	----APM-
Luke 21:12	ἕνεκεν	ἕνεκεν	P-	--------
Luke 21:12	τοῦ	ὁ	RA	----GSN-
Luke 21:12	ὀνόματός	ὄνομα	N-	----GSN-
Luke 21:12	μου	ἐγώ	RP	----GS--
Luke 21:13	ἀποβήσεται	ἀποβαίνω	V-	3FMI-S--
Luke 21:13	ὑμῖν	σύ	RP	----DP--
Luke 21:13	εἰς	εἰς	P-	--------
Luke 21:13	μαρτύριον	μαρτύριον	N-	----ASN-
Luke 21:14	θέτε	τίθημι	V-	2AAD-P--
Luke 21:14	οὖν	οὖν	C-	--------
Luke 21:14	ἐν	ἐν	P-	--------
Luke 21:14	ταῖς	ὁ	RA	----DPF-
Luke 21:14	καρδίαις	καρδία	N-	----DPF-
Luke 21:14	ὑμῶν	σύ	RP	----GP--
Luke 21:14	μὴ	μή	D-	--------
Luke 21:14	προμελετᾶν	προμελετάω	V-	-PAN----
Luke 21:14	ἀπολογηθῆναι	ἀπολογέομαι	V-	-APN----
Luke 21:15	ἐγὼ	ἐγώ	RP	----NS--
Luke 21:15	γὰρ	γάρ	C-	--------
Luke 21:15	δώσω	δίδωμι	V-	1FAI-S--
Luke 21:15	ὑμῖν	σύ	RP	----DP--
Luke 21:15	στόμα	στόμα	N-	----ASN-
Luke 21:15	καὶ	καί	C-	--------
Luke 21:15	σοφίαν	σοφία	N-	----ASF-
Luke 21:15	ᾗ	ὅς	RR	----DSF-
Luke 21:15	οὐ	οὐ	D-	--------
Luke 21:15	δυνήσονται	δύναμαι	V-	3FMI-P--
Luke 21:15	ἀντιστῆναι	ἀνθίστημι	V-	-AAN----
Luke 21:15	ἢ	ἤ	C-	--------
Luke 21:15	ἀντειπεῖν	ἀντιλέγω	V-	-AAN----
Luke 21:15	ἅπαντες	ἅπας	A-	----NPM-
Luke 21:15	οἱ	ὁ	RA	----NPM-
Luke 21:15	ἀντικείμενοι	ἀντίκειμαι	V-	-PMPNPM-
Luke 21:15	ὑμῖν	σύ	RP	----DP--
Luke 21:16	παραδοθήσεσθε	παραδίδωμι	V-	2FPI-P--
Luke 21:16	δὲ	δέ	C-	--------
Luke 21:16	καὶ	καί	D-	--------
Luke 21:16	ὑπὸ	ὑπό	P-	--------
Luke 21:16	γονέων	γονεύς	N-	----GPM-
Luke 21:16	καὶ	καί	C-	--------
Luke 21:16	ἀδελφῶν	ἀδελφός	N-	----GPM-
Luke 21:16	καὶ	καί	C-	--------
Luke 21:16	συγγενῶν	συγγενής	A-	----GPM-
Luke 21:16	καὶ	καί	C-	--------
Luke 21:16	φίλων	φίλος	A-	----GPM-
Luke 21:16	καὶ	καί	C-	--------
Luke 21:16	θανατώσουσιν	θανατόω	V-	3FAI-P--
Luke 21:16	ἐξ	ἐκ	P-	--------
Luke 21:16	ὑμῶν	σύ	RP	----GP--
Luke 21:17	καὶ	καί	C-	--------
Luke 21:17	ἔσεσθε	εἰμί	V-	2FMI-P--
Luke 21:17	μισούμενοι	μισέω	V-	-PPPNPM-
Luke 21:17	ὑπὸ	ὑπό	P-	--------
Luke 21:17	πάντων	πᾶς	A-	----GPM-
Luke 21:17	διὰ	διά	P-	--------
Luke 21:17	τὸ	ὁ	RA	----ASN-
Luke 21:17	ὄνομά	ὄνομα	N-	----ASN-
Luke 21:17	μου	ἐγώ	RP	----GS--
Luke 21:18	καὶ	καί	C-	--------
Luke 21:18	θρὶξ	θρίξ	N-	----NSF-
Luke 21:18	ἐκ	ἐκ	P-	--------
Luke 21:18	τῆς	ὁ	RA	----GSF-
Luke 21:18	κεφαλῆς	κεφαλή	N-	----GSF-
Luke 21:18	ὑμῶν	σύ	RP	----GP--
Luke 21:18	οὐ	οὐ	D-	--------
Luke 21:18	μὴ	μή	D-	--------
Luke 21:18	ἀπόληται	ἀπόλλυμι	V-	3AMS-S--
Luke 21:19	ἐν	ἐν	P-	--------
Luke 21:19	τῇ	ὁ	RA	----DSF-
Luke 21:19	ὑπομονῇ	ὑπομονή	N-	----DSF-
Luke 21:19	ὑμῶν	σύ	RP	----GP--
Luke 21:19	κτήσασθε	κτάομαι	V-	2AMD-P--
Luke 21:19	τὰς	ὁ	RA	----APF-
Luke 21:19	ψυχὰς	ψυχή	N-	----APF-
Luke 21:19	ὑμῶν	σύ	RP	----GP--
Luke 21:20	Ὅταν	ὅταν	C-	--------
Luke 21:20	δὲ	δέ	C-	--------
Luke 21:20	ἴδητε	ὁράω	V-	2AAS-P--
Luke 21:20	κυκλουμένην	κυκλόω	V-	-PPPASF-
Luke 21:20	ὑπὸ	ὑπό	P-	--------
Luke 21:20	στρατοπέδων	στρατόπεδον	N-	----GPN-
Luke 21:20	Ἰερουσαλήμ	Ἰερουσαλήμ	N-	----ASF-
Luke 21:20	τότε	τότε	D-	--------
Luke 21:20	γνῶτε	γινώσκω	V-	2AAD-P--
Luke 21:20	ὅτι	ὅτι	C-	--------
Luke 21:20	ἤγγικεν	ἐγγίζω	V-	3XAI-S--
Luke 21:20	ἡ	ὁ	RA	----NSF-
Luke 21:20	ἐρήμωσις	ἐρήμωσις	N-	----NSF-
Luke 21:20	αὐτῆς	αὐτός	RP	----GSF-
Luke 21:21	τότε	τότε	D-	--------
Luke 21:21	οἱ	ὁ	RA	----NPM-
Luke 21:21	ἐν	ἐν	P-	--------
Luke 21:21	τῇ	ὁ	RA	----DSF-
Luke 21:21	Ἰουδαίᾳ	Ἰουδαία	N-	----DSF-
Luke 21:21	φευγέτωσαν	φεύγω	V-	3PAD-P--
Luke 21:21	εἰς	εἰς	P-	--------
Luke 21:21	τὰ	ὁ	RA	----APN-
Luke 21:21	ὄρη	ὄρος	N-	----APN-
Luke 21:21	καὶ	καί	C-	--------
Luke 21:21	οἱ	ὁ	RA	----NPM-
Luke 21:21	ἐν	ἐν	P-	--------
Luke 21:21	μέσῳ	μέσος	A-	----DSN-
Luke 21:21	αὐτῆς	αὐτός	RP	----GSF-
Luke 21:21	ἐκχωρείτωσαν	ἐκχωρέω	V-	3PAD-P--
Luke 21:21	καὶ	καί	C-	--------
Luke 21:21	οἱ	ὁ	RA	----NPM-
Luke 21:21	ἐν	ἐν	P-	--------
Luke 21:21	ταῖς	ὁ	RA	----DPF-
Luke 21:21	χώραις	χώρα	N-	----DPF-
Luke 21:21	μὴ	μή	D-	--------
Luke 21:21	εἰσερχέσθωσαν	εἰσέρχομαι	V-	3PMD-P--
Luke 21:21	εἰς	εἰς	P-	--------
Luke 21:21	αὐτήν	αὐτός	RP	----ASF-
Luke 21:22	ὅτι	ὅτι	C-	--------
Luke 21:22	ἡμέραι	ἡμέρα	N-	----NPF-
Luke 21:22	ἐκδικήσεως	ἐκδίκησις	N-	----GSF-
Luke 21:22	αὗταί	οὗτος	RD	----NPF-
Luke 21:22	εἰσιν	εἰμί	V-	3PAI-P--
Luke 21:22	τοῦ	ὁ	RA	----GSN-
Luke 21:22	πλησθῆναι	πίμπλημι	V-	-APN----
Luke 21:22	πάντα	πᾶς	A-	----APN-
Luke 21:22	τὰ	ὁ	RA	----APN-
Luke 21:22	γεγραμμένα	γράφω	V-	-XPPAPN-
Luke 21:23	οὐαὶ	οὐαί	X-	--------
Luke 21:23	ταῖς	ὁ	RA	----DPF-
Luke 21:23	ἐν	ἐν	P-	--------
Luke 21:23	γαστρὶ	γαστήρ	N-	----DSF-
Luke 21:23	ἐχούσαις	ἔχω	V-	-PAPDPF-
Luke 21:23	καὶ	καί	C-	--------
Luke 21:23	ταῖς	ὁ	RA	----DPF-
Luke 21:23	θηλαζούσαις	θηλάζω	V-	-PAPDPF-
Luke 21:23	ἐν	ἐν	P-	--------
Luke 21:23	ἐκείναις	ἐκεῖνος	RD	----DPF-
Luke 21:23	ταῖς	ὁ	RA	----DPF-
Luke 21:23	ἡμέραις	ἡμέρα	N-	----DPF-
Luke 21:23	ἔσται	εἰμί	V-	3FMI-S--
Luke 21:23	γὰρ	γάρ	C-	--------
Luke 21:23	ἀνάγκη	ἀνάγκη	N-	----NSF-
Luke 21:23	μεγάλη	μέγας	A-	----NSF-
Luke 21:23	ἐπὶ	ἐπί	P-	--------
Luke 21:23	τῆς	ὁ	RA	----GSF-
Luke 21:23	γῆς	γῆ	N-	----GSF-
Luke 21:23	καὶ	καί	C-	--------
Luke 21:23	ὀργὴ	ὀργή	N-	----NSF-
Luke 21:23	τῷ	ὁ	RA	----DSM-
Luke 21:23	λαῷ	λαός	N-	----DSM-
Luke 21:23	τούτῳ	οὗτος	RD	----DSM-
Luke 21:24	καὶ	καί	C-	--------
Luke 21:24	πεσοῦνται	πίπτω	V-	3FMI-P--
Luke 21:24	στόματι	στόμα	N-	----DSN-
Luke 21:24	μαχαίρης	μάχαιρα	N-	----GSF-
Luke 21:24	καὶ	καί	C-	--------
Luke 21:24	αἰχμαλωτισθήσονται	αἰχμαλωτίζω	V-	3FPI-P--
Luke 21:24	εἰς	εἰς	P-	--------
Luke 21:24	τὰ	ὁ	RA	----APN-
Luke 21:24	ἔθνη	ἔθνος	N-	----APN-
Luke 21:24	πάντα	πᾶς	A-	----APN-
Luke 21:24	καὶ	καί	C-	--------
Luke 21:24	Ἰερουσαλὴμ	Ἰερουσαλήμ	N-	----NSF-
Luke 21:24	ἔσται	εἰμί	V-	3FMI-S--
Luke 21:24	πατουμένη	πατέω	V-	-PPPNSF-
Luke 21:24	ὑπὸ	ὑπό	P-	--------
Luke 21:24	ἐθνῶν	ἔθνος	N-	----GPN-
Luke 21:24	ἄχρι	ἄχρι	P-	--------
Luke 21:24	οὗ	ὅς	RR	----GSM-
Luke 21:24	πληρωθῶσιν	πληρόω	V-	3APS-P--
Luke 21:24	καιροὶ	καιρός	N-	----NPM-
Luke 21:24	ἐθνῶν	ἔθνος	N-	----GPN-
Luke 21:25	Καὶ	καί	C-	--------
Luke 21:25	ἔσονται	εἰμί	V-	3FMI-P--
Luke 21:25	σημεῖα	σημεῖον	N-	----NPN-
Luke 21:25	ἐν	ἐν	P-	--------
Luke 21:25	ἡλίῳ	ἥλιος	N-	----DSM-
Luke 21:25	καὶ	καί	C-	--------
Luke 21:25	σελήνῃ	σελήνη	N-	----DSF-
Luke 21:25	καὶ	καί	C-	--------
Luke 21:25	ἄστροις	ἄστρον	N-	----DPN-
Luke 21:25	καὶ	καί	C-	--------
Luke 21:25	ἐπὶ	ἐπί	P-	--------
Luke 21:25	τῆς	ὁ	RA	----GSF-
Luke 21:25	γῆς	γῆ	N-	----GSF-
Luke 21:25	συνοχὴ	συνοχή	N-	----NSF-
Luke 21:25	ἐθνῶν	ἔθνος	N-	----GPN-
Luke 21:25	ἐν	ἐν	P-	--------
Luke 21:25	ἀπορίᾳ	ἀπορία	N-	----DSF-
Luke 21:25	ἤχους	ἦχος	N-	----GSN-
Luke 21:25	θαλάσσης	θάλασσα	N-	----GSF-
Luke 21:25	καὶ	καί	C-	--------
Luke 21:25	σάλου	σάλος	N-	----GSM-
Luke 21:26	ἀποψυχόντων	ἀποψύχω	V-	-PAPGPM-
Luke 21:26	ἀνθρώπων	ἄνθρωπος	N-	----GPM-
Luke 21:26	ἀπὸ	ἀπό	P-	--------
Luke 21:26	φόβου	φόβος	N-	----GSM-
Luke 21:26	καὶ	καί	C-	--------
Luke 21:26	προσδοκίας	προσδοκία	N-	----GSF-
Luke 21:26	τῶν	ὁ	RA	----GPN-
Luke 21:26	ἐπερχομένων	ἐπέρχομαι	V-	-PMPGPN-
Luke 21:26	τῇ	ὁ	RA	----DSF-
Luke 21:26	οἰκουμένῃ	οἰκουμένη	N-	----DSF-
Luke 21:26	αἱ	ὁ	RA	----NPF-
Luke 21:26	γὰρ	γάρ	C-	--------
Luke 21:26	δυνάμεις	δύναμις	N-	----NPF-
Luke 21:26	τῶν	ὁ	RA	----GPM-
Luke 21:26	οὐρανῶν	οὐρανός	N-	----GPM-
Luke 21:26	σαλευθήσονται	σαλεύω	V-	3FPI-P--
Luke 21:27	καὶ	καί	C-	--------
Luke 21:27	τότε	τότε	D-	--------
Luke 21:27	ὄψονται	ὁράω	V-	3FMI-P--
Luke 21:27	τὸν	ὁ	RA	----ASM-
Luke 21:27	υἱὸν	υἱός	N-	----ASM-
Luke 21:27	τοῦ	ὁ	RA	----GSM-
Luke 21:27	ἀνθρώπου	ἄνθρωπος	N-	----GSM-
Luke 21:27	ἐρχόμενον	ἔρχομαι	V-	-PMPASM-
Luke 21:27	ἐν	ἐν	P-	--------
Luke 21:27	νεφέλῃ	νεφέλη	N-	----DSF-
Luke 21:27	μετὰ	μετά	P-	--------
Luke 21:27	δυνάμεως	δύναμις	N-	----GSF-
Luke 21:27	καὶ	καί	C-	--------
Luke 21:27	δόξης	δόξα	N-	----GSF-
Luke 21:27	πολλῆς	πολύς	A-	----GSF-
Luke 21:28	ἀρχομένων	ἄρχω	V-	-PMPGPN-
Luke 21:28	δὲ	δέ	C-	--------
Luke 21:28	τούτων	οὗτος	RD	----GPN-
Luke 21:28	γίνεσθαι	γίνομαι	V-	-PMN----
Luke 21:28	ἀνακύψατε	ἀνακύπτω	V-	2AAD-P--
Luke 21:28	καὶ	καί	C-	--------
Luke 21:28	ἐπάρατε	ἐπαίρω	V-	2AAD-P--
Luke 21:28	τὰς	ὁ	RA	----APF-
Luke 21:28	κεφαλὰς	κεφαλή	N-	----APF-
Luke 21:28	ὑμῶν	σύ	RP	----GP--
Luke 21:28	διότι	διότι	C-	--------
Luke 21:28	ἐγγίζει	ἐγγίζω	V-	3PAI-S--
Luke 21:28	ἡ	ὁ	RA	----NSF-
Luke 21:28	ἀπολύτρωσις	ἀπολύτρωσις	N-	----NSF-
Luke 21:28	ὑμῶν	σύ	RP	----GP--
Luke 21:29	Καὶ	καί	C-	--------
Luke 21:29	εἶπεν	λέγω	V-	3AAI-S--
Luke 21:29	παραβολὴν	παραβολή	N-	----ASF-
Luke 21:29	αὐτοῖς	αὐτός	RP	----DPM-
Luke 21:29	Ἴδετε	ὁράω	V-	2AAD-P--
Luke 21:29	τὴν	ὁ	RA	----ASF-
Luke 21:29	συκῆν	συκῆ	N-	----ASF-
Luke 21:29	καὶ	καί	C-	--------
Luke 21:29	πάντα	πᾶς	A-	----APN-
Luke 21:29	τὰ	ὁ	RA	----APN-
Luke 21:29	δένδρα	δένδρον	N-	----APN-
Luke 21:30	ὅταν	ὅταν	C-	--------
Luke 21:30	προβάλωσιν	προβάλλω	V-	3AAS-P--
Luke 21:30	ἤδη	ἤδη	D-	--------
Luke 21:30	βλέποντες	βλέπω	V-	-PAPNPM-
Luke 21:30	ἀφ’	ἀπό	P-	--------
Luke 21:30	ἑαυτῶν	ἑαυτοῦ	RP	----GPM-
Luke 21:30	γινώσκετε	γινώσκω	V-	2PAI-P--
Luke 21:30	ὅτι	ὅτι	C-	--------
Luke 21:30	ἤδη	ἤδη	D-	--------
Luke 21:30	ἐγγὺς	ἐγγύς	D-	--------
Luke 21:30	τὸ	ὁ	RA	----NSN-
Luke 21:30	θέρος	θέρος	N-	----NSN-
Luke 21:30	ἐστίν	εἰμί	V-	3PAI-S--
Luke 21:31	οὕτως	οὕτω(ς)	D-	--------
Luke 21:31	καὶ	καί	D-	--------
Luke 21:31	ὑμεῖς	σύ	RP	----NP--
Luke 21:31	ὅταν	ὅταν	C-	--------
Luke 21:31	ἴδητε	ὁράω	V-	2AAS-P--
Luke 21:31	ταῦτα	οὗτος	RD	----APN-
Luke 21:31	γινόμενα	γίνομαι	V-	-PMPAPN-
Luke 21:31	γινώσκετε	γινώσκω	V-	2PAD-P--
Luke 21:31	ὅτι	ὅτι	C-	--------
Luke 21:31	ἐγγύς	ἐγγύς	D-	--------
Luke 21:31	ἐστιν	εἰμί	V-	3PAI-S--
Luke 21:31	ἡ	ὁ	RA	----NSF-
Luke 21:31	βασιλεία	βασιλεία	N-	----NSF-
Luke 21:31	τοῦ	ὁ	RA	----GSM-
Luke 21:31	θεοῦ	θεός	N-	----GSM-
Luke 21:32	ἀμὴν	ἀμήν	X-	--------
Luke 21:32	λέγω	λέγω	V-	1PAI-S--
Luke 21:32	ὑμῖν	σύ	RP	----DP--
Luke 21:32	ὅτι	ὅτι	C-	--------
Luke 21:32	οὐ	οὐ	D-	--------
Luke 21:32	μὴ	μή	D-	--------
Luke 21:32	παρέλθῃ	παρέρχομαι	V-	3AAS-S--
Luke 21:32	ἡ	ὁ	RA	----NSF-
Luke 21:32	γενεὰ	γενεά	N-	----NSF-
Luke 21:32	αὕτη	οὗτος	RD	----NSF-
Luke 21:32	ἕως	ἕως	C-	--------
Luke 21:32	ἂν	ἄν	X-	--------
Luke 21:32	πάντα	πᾶς	A-	----NPN-
Luke 21:32	γένηται	γίνομαι	V-	3AMS-S--
Luke 21:33	ὁ	ὁ	RA	----NSM-
Luke 21:33	οὐρανὸς	οὐρανός	N-	----NSM-
Luke 21:33	καὶ	καί	C-	--------
Luke 21:33	ἡ	ὁ	RA	----NSF-
Luke 21:33	γῆ	γῆ	N-	----NSF-
Luke 21:33	παρελεύσονται	παρέρχομαι	V-	3FMI-P--
Luke 21:33	οἱ	ὁ	RA	----NPM-
Luke 21:33	δὲ	δέ	C-	--------
Luke 21:33	λόγοι	λόγος	N-	----NPM-
Luke 21:33	μου	ἐγώ	RP	----GS--
Luke 21:33	οὐ	οὐ	D-	--------
Luke 21:33	μὴ	μή	D-	--------
Luke 21:33	παρελεύσονται	παρέρχομαι	V-	3FMI-P--
Luke 21:34	Προσέχετε	προσέχω	V-	2PAD-P--
Luke 21:34	δὲ	δέ	C-	--------
Luke 21:34	ἑαυτοῖς	ἑαυτοῦ	RP	----DPM-
Luke 21:34	μήποτε	μήποτε	C-	--------
Luke 21:34	βαρηθῶσιν	βαρέω	V-	3APS-P--
Luke 21:34	ὑμῶν	σύ	RP	----GP--
Luke 21:34	αἱ	ὁ	RA	----NPF-
Luke 21:34	καρδίαι	καρδία	N-	----NPF-
Luke 21:34	ἐν	ἐν	P-	--------
Luke 21:34	κραιπάλῃ	κραιπάλη	N-	----DSF-
Luke 21:34	καὶ	καί	C-	--------
Luke 21:34	μέθῃ	μέθη	N-	----DSF-
Luke 21:34	καὶ	καί	C-	--------
Luke 21:34	μερίμναις	μέριμνα	N-	----DPF-
Luke 21:34	βιωτικαῖς	βιωτικός	A-	----DPF-
Luke 21:34	καὶ	καί	C-	--------
Luke 21:34	ἐπιστῇ	ἐφίστημι	V-	3AAS-S--
Luke 21:34	ἐφ’	ἐπί	P-	--------
Luke 21:34	ὑμᾶς	σύ	RP	----AP--
Luke 21:34	αἰφνίδιος	αἰφνίδιος	A-	----NSF-
Luke 21:34	ἡ	ὁ	RA	----NSF-
Luke 21:34	ἡμέρα	ἡμέρα	N-	----NSF-
Luke 21:34	ἐκείνη	ἐκεῖνος	RD	----NSF-
Luke 21:35	ὡς	ὡς	C-	--------
Luke 21:35	παγίς	παγίς	N-	----NSF-
Luke 21:35	ἐπεισελεύσεται	ἐπεισέρχομαι	V-	3FMI-S--
Luke 21:35	γὰρ	γάρ	C-	--------
Luke 21:35	ἐπὶ	ἐπί	P-	--------
Luke 21:35	πάντας	πᾶς	A-	----APM-
Luke 21:35	τοὺς	ὁ	RA	----APM-
Luke 21:35	καθημένους	κάθημαι	V-	-PMPAPM-
Luke 21:35	ἐπὶ	ἐπί	P-	--------
Luke 21:35	πρόσωπον	πρόσωπον	N-	----ASN-
Luke 21:35	πάσης	πᾶς	A-	----GSF-
Luke 21:35	τῆς	ὁ	RA	----GSF-
Luke 21:35	γῆς	γῆ	N-	----GSF-
Luke 21:36	ἀγρυπνεῖτε	ἀγρυπνέω	V-	2PAD-P--
Luke 21:36	δὲ	δέ	C-	--------
Luke 21:36	ἐν	ἐν	P-	--------
Luke 21:36	παντὶ	πᾶς	A-	----DSM-
Luke 21:36	καιρῷ	καιρός	N-	----DSM-
Luke 21:36	δεόμενοι	δέομαι	V-	-PMPNPM-
Luke 21:36	ἵνα	ἵνα	C-	--------
Luke 21:36	κατισχύσητε	κατισχύω	V-	2AAS-P--
Luke 21:36	ἐκφυγεῖν	ἐκφεύγω	V-	-AAN----
Luke 21:36	ταῦτα	οὗτος	RD	----APN-
Luke 21:36	πάντα	πᾶς	A-	----APN-
Luke 21:36	τὰ	ὁ	RA	----APN-
Luke 21:36	μέλλοντα	μέλλω	V-	-PAPAPN-
Luke 21:36	γίνεσθαι	γίνομαι	V-	-PMN----
Luke 21:36	καὶ	καί	C-	--------
Luke 21:36	σταθῆναι	ἵστημι	V-	-APN----
Luke 21:36	ἔμπροσθεν	ἔμπροσθεν	P-	--------
Luke 21:36	τοῦ	ὁ	RA	----GSM-
Luke 21:36	υἱοῦ	υἱός	N-	----GSM-
Luke 21:36	τοῦ	ὁ	RA	----GSM-
Luke 21:36	ἀνθρώπου	ἄνθρωπος	N-	----GSM-
Luke 21:37	Ἦν	εἰμί	V-	3IAI-S--
Luke 21:37	δὲ	δέ	C-	--------
Luke 21:37	τὰς	ὁ	RA	----APF-
Luke 21:37	ἡμέρας	ἡμέρα	N-	----APF-
Luke 21:37	ἐν	ἐν	P-	--------
Luke 21:37	τῷ	ὁ	RA	----DSN-
Luke 21:37	ἱερῷ	ἱερός	A-	----DSN-
Luke 21:37	διδάσκων	διδάσκω	V-	-PAPNSM-
Luke 21:37	τὰς	ὁ	RA	----APF-
Luke 21:37	δὲ	δέ	C-	--------
Luke 21:37	νύκτας	νύξ	N-	----APF-
Luke 21:37	ἐξερχόμενος	ἐξέρχομαι	V-	-PMPNSM-
Luke 21:37	ηὐλίζετο	αὐλίζομαι	V-	3IMI-S--
Luke 21:37	εἰς	εἰς	P-	--------
Luke 21:37	τὸ	ὁ	RA	----ASN-
Luke 21:37	ὄρος	ὄρος	N-	----ASN-
Luke 21:37	τὸ	ὁ	RA	----ASN-
Luke 21:37	καλούμενον	καλέω	V-	-PPPASN-
Luke 21:37	Ἐλαιῶν	ἐλαία	N-	----GPF-
Luke 21:38	καὶ	καί	C-	--------
Luke 21:38	πᾶς	πᾶς	A-	----NSM-
Luke 21:38	ὁ	ὁ	RA	----NSM-
Luke 21:38	λαὸς	λαός	N-	----NSM-
Luke 21:38	ὤρθριζεν	ὀρθρίζω	V-	3IAI-S--
Luke 21:38	πρὸς	πρός	P-	--------
Luke 21:38	αὐτὸν	αὐτός	RP	----ASM-
Luke 21:38	ἐν	ἐν	P-	--------
Luke 21:38	τῷ	ὁ	RA	----DSN-
Luke 21:38	ἱερῷ	ἱερός	A-	----DSN-
Luke 21:38	ἀκούειν	ἀκούω	V-	-PAN----
Luke 21:38	αὐτοῦ	αὐτός	RP	----GSM-
Luke 22:1	Ἤγγιζεν	ἐγγίζω	V-	3IAI-S--
Luke 22:1	δὲ	δέ	C-	--------
Luke 22:1	ἡ	ὁ	RA	----NSF-
Luke 22:1	ἑορτὴ	ἑορτή	N-	----NSF-
Luke 22:1	τῶν	ὁ	RA	----GPN-
Luke 22:1	ἀζύμων	ἄζυμος	A-	----GPN-
Luke 22:1	ἡ	ὁ	RA	----NSF-
Luke 22:1	λεγομένη	λέγω	V-	-PPPNSF-
Luke 22:1	Πάσχα	πάσχα	N-	----NSN-
Luke 22:2	καὶ	καί	C-	--------
Luke 22:2	ἐζήτουν	ζητέω	V-	3IAI-P--
Luke 22:2	οἱ	ὁ	RA	----NPM-
Luke 22:2	ἀρχιερεῖς	ἀρχιερεύς	N-	----NPM-
Luke 22:2	καὶ	καί	C-	--------
Luke 22:2	οἱ	ὁ	RA	----NPM-
Luke 22:2	γραμματεῖς	γραμματεύς	N-	----NPM-
Luke 22:2	τὸ	ὁ	RA	----ASN-
Luke 22:2	πῶς	πῶς	D-	--------
Luke 22:2	ἀνέλωσιν	ἀναιρέω	V-	3AAS-P--
Luke 22:2	αὐτόν	αὐτός	RP	----ASM-
Luke 22:2	ἐφοβοῦντο	φοβέομαι	V-	3IMI-P--
Luke 22:2	γὰρ	γάρ	C-	--------
Luke 22:2	τὸν	ὁ	RA	----ASM-
Luke 22:2	λαόν	λαός	N-	----ASM-
Luke 22:3	Εἰσῆλθεν	εἰσέρχομαι	V-	3AAI-S--
Luke 22:3	δὲ	δέ	C-	--------
Luke 22:3	Σατανᾶς	Σατανᾶς	N-	----NSM-
Luke 22:3	εἰς	εἰς	P-	--------
Luke 22:3	Ἰούδαν	Ἰούδας	N-	----ASM-
Luke 22:3	τὸν	ὁ	RA	----ASM-
Luke 22:3	καλούμενον	καλέω	V-	-PPPASM-
Luke 22:3	Ἰσκαριώτην	Ἰσκαριώτης	N-	----ASM-
Luke 22:3	ὄντα	εἰμί	V-	-PAPASM-
Luke 22:3	ἐκ	ἐκ	P-	--------
Luke 22:3	τοῦ	ὁ	RA	----GSM-
Luke 22:3	ἀριθμοῦ	ἀριθμός	N-	----GSM-
Luke 22:3	τῶν	ὁ	RA	----GPM-
Luke 22:3	δώδεκα	δώδεκα	A-	----GPM-
Luke 22:4	καὶ	καί	C-	--------
Luke 22:4	ἀπελθὼν	ἀπέρχομαι	V-	-AAPNSM-
Luke 22:4	συνελάλησεν	συλλαλέω	V-	3AAI-S--
Luke 22:4	τοῖς	ὁ	RA	----DPM-
Luke 22:4	ἀρχιερεῦσιν	ἀρχιερεύς	N-	----DPM-
Luke 22:4	καὶ	καί	C-	--------
Luke 22:4	στρατηγοῖς	στρατηγός	N-	----DPM-
Luke 22:4	τὸ	ὁ	RA	----ASN-
Luke 22:4	πῶς	πῶς	D-	--------
Luke 22:4	αὐτοῖς	αὐτός	RP	----DPM-
Luke 22:4	παραδῷ	παραδίδωμι	V-	3AAS-S--
Luke 22:4	αὐτόν	αὐτός	RP	----ASM-
Luke 22:5	καὶ	καί	C-	--------
Luke 22:5	ἐχάρησαν	χαίρω	V-	3API-P--
Luke 22:5	καὶ	καί	C-	--------
Luke 22:5	συνέθεντο	συντίθεμαι	V-	3AMI-P--
Luke 22:5	αὐτῷ	αὐτός	RP	----DSM-
Luke 22:5	ἀργύριον	ἀργύριον	N-	----ASN-
Luke 22:5	δοῦναι	δίδωμι	V-	-AAN----
Luke 22:6	καὶ	καί	C-	--------
Luke 22:6	ἐξωμολόγησεν	ἐξομολογέω	V-	3AAI-S--
Luke 22:6	καὶ	καί	C-	--------
Luke 22:6	ἐζήτει	ζητέω	V-	3IAI-S--
Luke 22:6	εὐκαιρίαν	εὐκαιρία	N-	----ASF-
Luke 22:6	τοῦ	ὁ	RA	----GSN-
Luke 22:6	παραδοῦναι	παραδίδωμι	V-	-AAN----
Luke 22:6	αὐτὸν	αὐτός	RP	----ASM-
Luke 22:6	ἄτερ	ἄτερ	P-	--------
Luke 22:6	ὄχλου	ὄχλος	N-	----GSM-
Luke 22:6	αὐτοῖς	αὐτός	RP	----DPM-
Luke 22:7	Ἦλθεν	ἔρχομαι	V-	3AAI-S--
Luke 22:7	δὲ	δέ	C-	--------
Luke 22:7	ἡ	ὁ	RA	----NSF-
Luke 22:7	ἡμέρα	ἡμέρα	N-	----NSF-
Luke 22:7	τῶν	ὁ	RA	----GPN-
Luke 22:7	ἀζύμων	ἄζυμος	A-	----GPN-
Luke 22:7	ᾗ	ὅς	RR	----DSF-
Luke 22:7	ἔδει	δέω	V-	3IAI-S--
Luke 22:7	θύεσθαι	θύω	V-	-PPN----
Luke 22:7	τὸ	ὁ	RA	----ASN-
Luke 22:7	πάσχα	πάσχα	N-	----ASN-
Luke 22:8	καὶ	καί	C-	--------
Luke 22:8	ἀπέστειλεν	ἀποστέλλω	V-	3AAI-S--
Luke 22:8	Πέτρον	Πέτρος	N-	----ASM-
Luke 22:8	καὶ	καί	C-	--------
Luke 22:8	Ἰωάννην	Ἰωάννης	N-	----ASM-
Luke 22:8	εἰπών	λέγω	V-	-AAPNSM-
Luke 22:8	Πορευθέντες	πορεύομαι	V-	-APPNPM-
Luke 22:8	ἑτοιμάσατε	ἑτοιμάζω	V-	2AAD-P--
Luke 22:8	ἡμῖν	ἐγώ	RP	----DP--
Luke 22:8	τὸ	ὁ	RA	----ASN-
Luke 22:8	πάσχα	πάσχα	N-	----ASN-
Luke 22:8	ἵνα	ἵνα	C-	--------
Luke 22:8	φάγωμεν	ἐσθίω	V-	1AAS-P--
Luke 22:9	οἱ	ὁ	RA	----NPM-
Luke 22:9	δὲ	δέ	C-	--------
Luke 22:9	εἶπαν	λέγω	V-	3AAI-P--
Luke 22:9	αὐτῷ	αὐτός	RP	----DSM-
Luke 22:9	Ποῦ	ποῦ	D-	--------
Luke 22:9	θέλεις	θέλω	V-	2PAI-S--
Luke 22:9	ἑτοιμάσωμεν	ἑτοιμάζω	V-	1AAS-P--
Luke 22:10	ὁ	ὁ	RA	----NSM-
Luke 22:10	δὲ	δέ	C-	--------
Luke 22:10	εἶπεν	λέγω	V-	3AAI-S--
Luke 22:10	αὐτοῖς	αὐτός	RP	----DPM-
Luke 22:10	Ἰδοὺ	ἰδού	X-	--------
Luke 22:10	εἰσελθόντων	εἰσέρχομαι	V-	-AAPGPM-
Luke 22:10	ὑμῶν	σύ	RP	----GP--
Luke 22:10	εἰς	εἰς	P-	--------
Luke 22:10	τὴν	ὁ	RA	----ASF-
Luke 22:10	πόλιν	πόλις	N-	----ASF-
Luke 22:10	συναντήσει	συναντάω	V-	3FAI-S--
Luke 22:10	ὑμῖν	σύ	RP	----DP--
Luke 22:10	ἄνθρωπος	ἄνθρωπος	N-	----NSM-
Luke 22:10	κεράμιον	κεράμιον	N-	----ASN-
Luke 22:10	ὕδατος	ὕδωρ	N-	----GSN-
Luke 22:10	βαστάζων	βαστάζω	V-	-PAPNSM-
Luke 22:10	ἀκολουθήσατε	ἀκολουθέω	V-	2AAD-P--
Luke 22:10	αὐτῷ	αὐτός	RP	----DSM-
Luke 22:10	εἰς	εἰς	P-	--------
Luke 22:10	τὴν	ὁ	RA	----ASF-
Luke 22:10	οἰκίαν	οἰκία	N-	----ASF-
Luke 22:10	εἰς	εἰς	P-	--------
Luke 22:10	ἣν	ὅς	RR	----ASF-
Luke 22:10	εἰσπορεύεται	εἰσπορεύομαι	V-	3PMI-S--
Luke 22:11	καὶ	καί	C-	--------
Luke 22:11	ἐρεῖτε	λέγω	V-	2FAI-P--
Luke 22:11	τῷ	ὁ	RA	----DSM-
Luke 22:11	οἰκοδεσπότῃ	οἰκοδεσπότης	N-	----DSM-
Luke 22:11	τῆς	ὁ	RA	----GSF-
Luke 22:11	οἰκίας	οἰκία	N-	----GSF-
Luke 22:11	Λέγει	λέγω	V-	3PAI-S--
Luke 22:11	σοι	σύ	RP	----DS--
Luke 22:11	ὁ	ὁ	RA	----NSM-
Luke 22:11	διδάσκαλος	διδάσκαλος	N-	----NSM-
Luke 22:11	Ποῦ	ποῦ	D-	--------
Luke 22:11	ἐστιν	εἰμί	V-	3PAI-S--
Luke 22:11	τὸ	ὁ	RA	----NSN-
Luke 22:11	κατάλυμα	κατάλυμα	N-	----NSN-
Luke 22:11	ὅπου	ὅπου	D-	--------
Luke 22:11	τὸ	ὁ	RA	----ASN-
Luke 22:11	πάσχα	πάσχα	N-	----ASN-
Luke 22:11	μετὰ	μετά	P-	--------
Luke 22:11	τῶν	ὁ	RA	----GPM-
Luke 22:11	μαθητῶν	μαθητής	N-	----GPM-
Luke 22:11	μου	ἐγώ	RP	----GS--
Luke 22:11	φάγω	ἐσθίω	V-	1AAS-S--
Luke 22:12	κἀκεῖνος	κἀκεῖνος	RD	----NSM-
Luke 22:12	ὑμῖν	σύ	RP	----DP--
Luke 22:12	δείξει	δείκνυμι	V-	3FAI-S--
Luke 22:12	ἀνάγαιον	ἀνάγαιον	N-	----ASN-
Luke 22:12	μέγα	μέγας	A-	----ASN-
Luke 22:12	ἐστρωμένον	στρώννυμι	V-	-XPPASN-
Luke 22:12	ἐκεῖ	ἐκεῖ	D-	--------
Luke 22:12	ἑτοιμάσατε	ἑτοιμάζω	V-	2AAD-P--
Luke 22:13	ἀπελθόντες	ἀπέρχομαι	V-	-AAPNPM-
Luke 22:13	δὲ	δέ	C-	--------
Luke 22:13	εὗρον	εὑρίσκω	V-	3AAI-P--
Luke 22:13	καθὼς	καθώς	C-	--------
Luke 22:13	εἰρήκει	λέγω	V-	3YAI-S--
Luke 22:13	αὐτοῖς	αὐτός	RP	----DPM-
Luke 22:13	καὶ	καί	C-	--------
Luke 22:13	ἡτοίμασαν	ἑτοιμάζω	V-	3AAI-P--
Luke 22:13	τὸ	ὁ	RA	----ASN-
Luke 22:13	πάσχα	πάσχα	N-	----ASN-
Luke 22:14	Καὶ	καί	C-	--------
Luke 22:14	ὅτε	ὅτε	C-	--------
Luke 22:14	ἐγένετο	γίνομαι	V-	3AMI-S--
Luke 22:14	ἡ	ὁ	RA	----NSF-
Luke 22:14	ὥρα	ὥρα	N-	----NSF-
Luke 22:14	ἀνέπεσεν	ἀναπίπτω	V-	3AAI-S--
Luke 22:14	καὶ	καί	C-	--------
Luke 22:14	οἱ	ὁ	RA	----NPM-
Luke 22:14	ἀπόστολοι	ἀπόστολος	N-	----NPM-
Luke 22:14	σὺν	σύν	P-	--------
Luke 22:14	αὐτῷ	αὐτός	RP	----DSM-
Luke 22:15	καὶ	καί	C-	--------
Luke 22:15	εἶπεν	λέγω	V-	3AAI-S--
Luke 22:15	πρὸς	πρός	P-	--------
Luke 22:15	αὐτούς	αὐτός	RP	----APM-
Luke 22:15	Ἐπιθυμίᾳ	ἐπιθυμία	N-	----DSF-
Luke 22:15	ἐπεθύμησα	ἐπιθυμέω	V-	1AAI-S--
Luke 22:15	τοῦτο	οὗτος	RD	----ASN-
Luke 22:15	τὸ	ὁ	RA	----ASN-
Luke 22:15	πάσχα	πάσχα	N-	----ASN-
Luke 22:15	φαγεῖν	ἐσθίω	V-	-AAN----
Luke 22:15	μεθ’	μετά	P-	--------
Luke 22:15	ὑμῶν	σύ	RP	----GP--
Luke 22:15	πρὸ	πρό	P-	--------
Luke 22:15	τοῦ	ὁ	RA	----GSN-
Luke 22:15	με	ἐγώ	RP	----AS--
Luke 22:15	παθεῖν	πάσχω	V-	-AAN----
Luke 22:16	λέγω	λέγω	V-	1PAI-S--
Luke 22:16	γὰρ	γάρ	C-	--------
Luke 22:16	ὑμῖν	σύ	RP	----DP--
Luke 22:16	ὅτι	ὅτι	C-	--------
Luke 22:16	οὐ	οὐ	D-	--------
Luke 22:16	μὴ	μή	D-	--------
Luke 22:16	φάγω	ἐσθίω	V-	1AAS-S--
Luke 22:16	αὐτὸ	αὐτός	RP	----ASN-
Luke 22:16	ἕως	ἕως	P-	--------
Luke 22:16	ὅτου	ὅστις	RR	----GSM-
Luke 22:16	πληρωθῇ	πληρόω	V-	3APS-S--
Luke 22:16	ἐν	ἐν	P-	--------
Luke 22:16	τῇ	ὁ	RA	----DSF-
Luke 22:16	βασιλείᾳ	βασιλεία	N-	----DSF-
Luke 22:16	τοῦ	ὁ	RA	----GSM-
Luke 22:16	θεοῦ	θεός	N-	----GSM-
Luke 22:17	καὶ	καί	C-	--------
Luke 22:17	δεξάμενος	δέχομαι	V-	-AMPNSM-
Luke 22:17	ποτήριον	ποτήριον	N-	----ASN-
Luke 22:17	εὐχαριστήσας	εὐχαριστέω	V-	-AAPNSM-
Luke 22:17	εἶπεν	λέγω	V-	3AAI-S--
Luke 22:17	Λάβετε	λαμβάνω	V-	2AAD-P--
Luke 22:17	τοῦτο	οὗτος	RD	----ASN-
Luke 22:17	καὶ	καί	C-	--------
Luke 22:17	διαμερίσατε	διαμερίζω	V-	2AAD-P--
Luke 22:17	εἰς	εἰς	P-	--------
Luke 22:17	ἑαυτούς	ἑαυτοῦ	RP	----APM-
Luke 22:18	λέγω	λέγω	V-	1PAI-S--
Luke 22:18	γὰρ	γάρ	C-	--------
Luke 22:18	ὑμῖν	σύ	RP	----DP--
Luke 22:18	οὐ	οὐ	D-	--------
Luke 22:18	μὴ	μή	D-	--------
Luke 22:18	πίω	πίνω	V-	1AAS-S--
Luke 22:18	ἀπὸ	ἀπό	P-	--------
Luke 22:18	τοῦ	ὁ	RA	----GSM-
Luke 22:18	νῦν	νῦν	D-	--------
Luke 22:18	ἀπὸ	ἀπό	P-	--------
Luke 22:18	τοῦ	ὁ	RA	----GSN-
Luke 22:18	γενήματος	γένημα	N-	----GSN-
Luke 22:18	τῆς	ὁ	RA	----GSF-
Luke 22:18	ἀμπέλου	ἄμπελος	N-	----GSF-
Luke 22:18	ἕως	ἕως	P-	--------
Luke 22:18	οὗ	ὅς	RR	----GSM-
Luke 22:18	ἡ	ὁ	RA	----NSF-
Luke 22:18	βασιλεία	βασιλεία	N-	----NSF-
Luke 22:18	τοῦ	ὁ	RA	----GSM-
Luke 22:18	θεοῦ	θεός	N-	----GSM-
Luke 22:18	ἔλθῃ	ἔρχομαι	V-	3AAS-S--
Luke 22:19	καὶ	καί	C-	--------
Luke 22:19	λαβὼν	λαμβάνω	V-	-AAPNSM-
Luke 22:19	ἄρτον	ἄρτος	N-	----ASM-
Luke 22:19	εὐχαριστήσας	εὐχαριστέω	V-	-AAPNSM-
Luke 22:19	ἔκλασεν	κλάω	V-	3AAI-S--
Luke 22:19	καὶ	καί	C-	--------
Luke 22:19	ἔδωκεν	δίδωμι	V-	3AAI-S--
Luke 22:19	αὐτοῖς	αὐτός	RP	----DPM-
Luke 22:19	λέγων	λέγω	V-	-PAPNSM-
Luke 22:19	Τοῦτό	οὗτος	RD	----NSN-
Luke 22:19	ἐστιν	εἰμί	V-	3PAI-S--
Luke 22:19	τὸ	ὁ	RA	----NSN-
Luke 22:19	σῶμά	σῶμα	N-	----NSN-
Luke 22:19	μου	ἐγώ	RP	----GS--
Luke 22:19	τὸ	ὁ	RA	----NSN-
Luke 22:19	ὑπὲρ	ὑπέρ	P-	--------
Luke 22:19	ὑμῶν	σύ	RP	----GP--
Luke 22:19	διδόμενον	δίδωμι	V-	-PPPNSN-
Luke 22:19	τοῦτο	οὗτος	RD	----ASN-
Luke 22:19	ποιεῖτε	ποιέω	V-	2PAD-P--
Luke 22:19	εἰς	εἰς	P-	--------
Luke 22:19	τὴν	ὁ	RA	----ASF-
Luke 22:19	ἐμὴν	ἐμός	A-	----ASF-
Luke 22:19	ἀνάμνησιν	ἀνάμνησις	N-	----ASF-
Luke 22:20	καὶ	καί	C-	--------
Luke 22:20	τὸ	ὁ	RA	----ASN-
Luke 22:20	ποτήριον	ποτήριον	N-	----ASN-
Luke 22:20	ὡσαύτως	ὡσαύτως	D-	--------
Luke 22:20	μετὰ	μετά	P-	--------
Luke 22:20	τὸ	ὁ	RA	----ASN-
Luke 22:20	δειπνῆσαι	δειπνέω	V-	-AAN----
Luke 22:20	λέγων	λέγω	V-	-PAPNSM-
Luke 22:20	Τοῦτο	οὗτος	RD	----NSN-
Luke 22:20	τὸ	ὁ	RA	----NSN-
Luke 22:20	ποτήριον	ποτήριον	N-	----NSN-
Luke 22:20	ἡ	ὁ	RA	----NSF-
Luke 22:20	καινὴ	καινός	A-	----NSF-
Luke 22:20	διαθήκη	διαθήκη	N-	----NSF-
Luke 22:20	ἐν	ἐν	P-	--------
Luke 22:20	τῷ	ὁ	RA	----DSN-
Luke 22:20	αἵματί	αἷμα	N-	----DSN-
Luke 22:20	μου	ἐγώ	RP	----GS--
Luke 22:20	τὸ	ὁ	RA	----NSN-
Luke 22:20	ὑπὲρ	ὑπέρ	P-	--------
Luke 22:20	ὑμῶν	σύ	RP	----GP--
Luke 22:20	ἐκχυννόμενον	ἐκχέω	V-	-PPPNSN-
Luke 22:21	πλὴν	πλήν	C-	--------
Luke 22:21	ἰδοὺ	ἰδού	X-	--------
Luke 22:21	ἡ	ὁ	RA	----NSF-
Luke 22:21	χεὶρ	χείρ	N-	----NSF-
Luke 22:21	τοῦ	ὁ	RA	----GSM-
Luke 22:21	παραδιδόντος	παραδίδωμι	V-	-PAPGSM-
Luke 22:21	με	ἐγώ	RP	----AS--
Luke 22:21	μετ’	μετά	P-	--------
Luke 22:21	ἐμοῦ	ἐγώ	RP	----GS--
Luke 22:21	ἐπὶ	ἐπί	P-	--------
Luke 22:21	τῆς	ὁ	RA	----GSF-
Luke 22:21	τραπέζης	τράπεζα	N-	----GSF-
Luke 22:22	ὅτι	ὅτι	C-	--------
Luke 22:22	ὁ	ὁ	RA	----NSM-
Luke 22:22	υἱὸς	υἱός	N-	----NSM-
Luke 22:22	μὲν	μέν	C-	--------
Luke 22:22	τοῦ	ὁ	RA	----GSM-
Luke 22:22	ἀνθρώπου	ἄνθρωπος	N-	----GSM-
Luke 22:22	κατὰ	κατά	P-	--------
Luke 22:22	τὸ	ὁ	RA	----ASN-
Luke 22:22	ὡρισμένον	ὁρίζω	V-	-XPPASN-
Luke 22:22	πορεύεται	πορεύομαι	V-	3PMI-S--
Luke 22:22	πλὴν	πλήν	C-	--------
Luke 22:22	οὐαὶ	οὐαί	X-	--------
Luke 22:22	τῷ	ὁ	RA	----DSM-
Luke 22:22	ἀνθρώπῳ	ἄνθρωπος	N-	----DSM-
Luke 22:22	ἐκείνῳ	ἐκεῖνος	RD	----DSM-
Luke 22:22	δι’	διά	P-	--------
Luke 22:22	οὗ	ὅς	RR	----GSM-
Luke 22:22	παραδίδοται	παραδίδωμι	V-	3PPI-S--
Luke 22:23	καὶ	καί	C-	--------
Luke 22:23	αὐτοὶ	αὐτός	RP	----NPM-
Luke 22:23	ἤρξαντο	ἄρχω	V-	3AMI-P--
Luke 22:23	συζητεῖν	συζητέω	V-	-PAN----
Luke 22:23	πρὸς	πρός	P-	--------
Luke 22:23	ἑαυτοὺς	ἑαυτοῦ	RP	----APM-
Luke 22:23	τὸ	ὁ	RA	----ASN-
Luke 22:23	τίς	τίς	RI	----NSM-
Luke 22:23	ἄρα	ἄρα	C-	--------
Luke 22:23	εἴη	εἰμί	V-	3PAO-S--
Luke 22:23	ἐξ	ἐκ	P-	--------
Luke 22:23	αὐτῶν	αὐτός	RP	----GPM-
Luke 22:23	ὁ	ὁ	RA	----NSM-
Luke 22:23	τοῦτο	οὗτος	RD	----ASN-
Luke 22:23	μέλλων	μέλλω	V-	-PAPNSM-
Luke 22:23	πράσσειν	πράσσω	V-	-PAN----
Luke 22:24	Ἐγένετο	γίνομαι	V-	3AMI-S--
Luke 22:24	δὲ	δέ	C-	--------
Luke 22:24	καὶ	καί	D-	--------
Luke 22:24	φιλονεικία	φιλονεικία	N-	----NSF-
Luke 22:24	ἐν	ἐν	P-	--------
Luke 22:24	αὐτοῖς	αὐτός	RP	----DPM-
Luke 22:24	τὸ	ὁ	RA	----NSN-
Luke 22:24	τίς	τίς	RI	----NSM-
Luke 22:24	αὐτῶν	αὐτός	RP	----GPM-
Luke 22:24	δοκεῖ	δοκέω	V-	3PAI-S--
Luke 22:24	εἶναι	εἰμί	V-	-PAN----
Luke 22:24	μείζων	μέγας	A-	----NSMC
Luke 22:25	ὁ	ὁ	RA	----NSM-
Luke 22:25	δὲ	δέ	C-	--------
Luke 22:25	εἶπεν	λέγω	V-	3AAI-S--
Luke 22:25	αὐτοῖς	αὐτός	RP	----DPM-
Luke 22:25	Οἱ	ὁ	RA	----NPM-
Luke 22:25	βασιλεῖς	βασιλεύς	N-	----NPM-
Luke 22:25	τῶν	ὁ	RA	----GPN-
Luke 22:25	ἐθνῶν	ἔθνος	N-	----GPN-
Luke 22:25	κυριεύουσιν	κυριεύω	V-	3PAI-P--
Luke 22:25	αὐτῶν	αὐτός	RP	----GPN-
Luke 22:25	καὶ	καί	C-	--------
Luke 22:25	οἱ	ὁ	RA	----NPM-
Luke 22:25	ἐξουσιάζοντες	ἐξουσιάζω	V-	-PAPNPM-
Luke 22:25	αὐτῶν	αὐτός	RP	----GPN-
Luke 22:25	εὐεργέται	εὐεργέτης	N-	----NPM-
Luke 22:25	καλοῦνται	καλέω	V-	3PPI-P--
Luke 22:26	ὑμεῖς	σύ	RP	----NP--
Luke 22:26	δὲ	δέ	C-	--------
Luke 22:26	οὐχ	οὐ	D-	--------
Luke 22:26	οὕτως	οὕτω(ς)	D-	--------
Luke 22:26	ἀλλ’	ἀλλά	C-	--------
Luke 22:26	ὁ	ὁ	RA	----NSM-
Luke 22:26	μείζων	μέγας	A-	----NSMC
Luke 22:26	ἐν	ἐν	P-	--------
Luke 22:26	ὑμῖν	σύ	RP	----DP--
Luke 22:26	γινέσθω	γίνομαι	V-	3PMD-S--
Luke 22:26	ὡς	ὡς	C-	--------
Luke 22:26	ὁ	ὁ	RA	----NSM-
Luke 22:26	νεώτερος	νέος	A-	----NSMC
Luke 22:26	καὶ	καί	C-	--------
Luke 22:26	ὁ	ὁ	RA	----NSM-
Luke 22:26	ἡγούμενος	ἡγέομαι	V-	-PMPNSM-
Luke 22:26	ὡς	ὡς	C-	--------
Luke 22:26	ὁ	ὁ	RA	----NSM-
Luke 22:26	διακονῶν	διακονέω	V-	-PAPNSM-
Luke 22:27	τίς	τίς	RI	----NSM-
Luke 22:27	γὰρ	γάρ	C-	--------
Luke 22:27	μείζων	μέγας	A-	----NSMC
Luke 22:27	ὁ	ὁ	RA	----NSM-
Luke 22:27	ἀνακείμενος	ἀνάκειμαι	V-	-PMPNSM-
Luke 22:27	ἢ	ἤ	C-	--------
Luke 22:27	ὁ	ὁ	RA	----NSM-
Luke 22:27	διακονῶν	διακονέω	V-	-PAPNSM-
Luke 22:27	οὐχὶ	οὐχί	X-	--------
Luke 22:27	ὁ	ὁ	RA	----NSM-
Luke 22:27	ἀνακείμενος	ἀνάκειμαι	V-	-PMPNSM-
Luke 22:27	ἐγὼ	ἐγώ	RP	----NS--
Luke 22:27	δὲ	δέ	C-	--------
Luke 22:27	ἐν	ἐν	P-	--------
Luke 22:27	μέσῳ	μέσος	A-	----DSN-
Luke 22:27	ὑμῶν	σύ	RP	----GP--
Luke 22:27	εἰμι	εἰμί	V-	1PAI-S--
Luke 22:27	ὡς	ὡς	C-	--------
Luke 22:27	ὁ	ὁ	RA	----NSM-
Luke 22:27	διακονῶν	διακονέω	V-	-PAPNSM-
Luke 22:28	Ὑμεῖς	σύ	RP	----NP--
Luke 22:28	δέ	δέ	C-	--------
Luke 22:28	ἐστε	εἰμί	V-	2PAI-P--
Luke 22:28	οἱ	ὁ	RA	----NPM-
Luke 22:28	διαμεμενηκότες	διαμένω	V-	-XAPNPM-
Luke 22:28	μετ’	μετά	P-	--------
Luke 22:28	ἐμοῦ	ἐγώ	RP	----GS--
Luke 22:28	ἐν	ἐν	P-	--------
Luke 22:28	τοῖς	ὁ	RA	----DPM-
Luke 22:28	πειρασμοῖς	πειρασμός	N-	----DPM-
Luke 22:28	μου	ἐγώ	RP	----GS--
Luke 22:29	κἀγὼ	κἀγώ	RP	----NS--
Luke 22:29	διατίθεμαι	διατίθεμαι	V-	1PMI-S--
Luke 22:29	ὑμῖν	σύ	RP	----DP--
Luke 22:29	καθὼς	καθώς	C-	--------
Luke 22:29	διέθετό	διατίθεμαι	V-	3AMI-S--
Luke 22:29	μοι	ἐγώ	RP	----DS--
Luke 22:29	ὁ	ὁ	RA	----NSM-
Luke 22:29	πατήρ	πατήρ	N-	----NSM-
Luke 22:29	μου	ἐγώ	RP	----GS--
Luke 22:29	βασιλείαν	βασιλεία	N-	----ASF-
Luke 22:30	ἵνα	ἵνα	C-	--------
Luke 22:30	ἔσθητε	ἐσθίω	V-	2PAS-P--
Luke 22:30	καὶ	καί	C-	--------
Luke 22:30	πίνητε	πίνω	V-	2PAS-P--
Luke 22:30	ἐπὶ	ἐπί	P-	--------
Luke 22:30	τῆς	ὁ	RA	----GSF-
Luke 22:30	τραπέζης	τράπεζα	N-	----GSF-
Luke 22:30	μου	ἐγώ	RP	----GS--
Luke 22:30	ἐν	ἐν	P-	--------
Luke 22:30	τῇ	ὁ	RA	----DSF-
Luke 22:30	βασιλείᾳ	βασιλεία	N-	----DSF-
Luke 22:30	μου	ἐγώ	RP	----GS--
Luke 22:30	καὶ	καί	C-	--------
Luke 22:30	καθήσεσθε	κάθημαι	V-	2FMI-P--
Luke 22:30	ἐπὶ	ἐπί	P-	--------
Luke 22:30	θρόνων	θρόνος	N-	----GPM-
Luke 22:30	τὰς	ὁ	RA	----APF-
Luke 22:30	δώδεκα	δώδεκα	A-	----APF-
Luke 22:30	φυλὰς	φυλή	N-	----APF-
Luke 22:30	κρίνοντες	κρίνω	V-	-PAPNPM-
Luke 22:30	τοῦ	ὁ	RA	----GSM-
Luke 22:30	Ἰσραήλ	Ἰσραήλ	N-	----GSM-
Luke 22:31	Σίμων	Σίμων	N-	----VSM-
Luke 22:31	Σίμων	Σίμων	N-	----VSM-
Luke 22:31	ἰδοὺ	ἰδού	X-	--------
Luke 22:31	ὁ	ὁ	RA	----NSM-
Luke 22:31	Σατανᾶς	Σατανᾶς	N-	----NSM-
Luke 22:31	ἐξῃτήσατο	ἐξαιτέομαι	V-	3AMI-S--
Luke 22:31	ὑμᾶς	σύ	RP	----AP--
Luke 22:31	τοῦ	ὁ	RA	----GSN-
Luke 22:31	σινιάσαι	σινιάζω	V-	-AAN----
Luke 22:31	ὡς	ὡς	C-	--------
Luke 22:31	τὸν	ὁ	RA	----ASM-
Luke 22:31	σῖτον	σῖτος	N-	----ASM-
Luke 22:32	ἐγὼ	ἐγώ	RP	----NS--
Luke 22:32	δὲ	δέ	C-	--------
Luke 22:32	ἐδεήθην	δέω	V-	1API-S--
Luke 22:32	περὶ	περί	P-	--------
Luke 22:32	σοῦ	σύ	RP	----GS--
Luke 22:32	ἵνα	ἵνα	C-	--------
Luke 22:32	μὴ	μή	D-	--------
Luke 22:32	ἐκλίπῃ	ἐκλείπω	V-	3AAS-S--
Luke 22:32	ἡ	ὁ	RA	----NSF-
Luke 22:32	πίστις	πίστις	N-	----NSF-
Luke 22:32	σου	σύ	RP	----GS--
Luke 22:32	καὶ	καί	C-	--------
Luke 22:32	σύ	σύ	RP	----NS--
Luke 22:32	ποτε	ποτέ	D-	--------
Luke 22:32	ἐπιστρέψας	ἐπιστρέφω	V-	-AAPNSM-
Luke 22:32	στήρισον	στηρίζω	V-	2AAD-S--
Luke 22:32	τοὺς	ὁ	RA	----APM-
Luke 22:32	ἀδελφούς	ἀδελφός	N-	----APM-
Luke 22:32	σου	σύ	RP	----GS--
Luke 22:33	ὁ	ὁ	RA	----NSM-
Luke 22:33	δὲ	δέ	C-	--------
Luke 22:33	εἶπεν	λέγω	V-	3AAI-S--
Luke 22:33	αὐτῷ	αὐτός	RP	----DSM-
Luke 22:33	Κύριε	κύριος	N-	----VSM-
Luke 22:33	μετὰ	μετά	P-	--------
Luke 22:33	σοῦ	σύ	RP	----GS--
Luke 22:33	ἕτοιμός	ἕτοιμος	A-	----NSM-
Luke 22:33	εἰμι	εἰμί	V-	1PAI-S--
Luke 22:33	καὶ	καί	D-	--------
Luke 22:33	εἰς	εἰς	P-	--------
Luke 22:33	φυλακὴν	φυλακή	N-	----ASF-
Luke 22:33	καὶ	καί	C-	--------
Luke 22:33	εἰς	εἰς	P-	--------
Luke 22:33	θάνατον	θάνατος	N-	----ASM-
Luke 22:33	πορεύεσθαι	πορεύομαι	V-	-PMN----
Luke 22:34	ὁ	ὁ	RA	----NSM-
Luke 22:34	δὲ	δέ	C-	--------
Luke 22:34	εἶπεν	λέγω	V-	3AAI-S--
Luke 22:34	Λέγω	λέγω	V-	1PAI-S--
Luke 22:34	σοι	σύ	RP	----DS--
Luke 22:34	Πέτρε	Πέτρος	N-	----VSM-
Luke 22:34	οὐ	οὐ	D-	--------
Luke 22:34	φωνήσει	φωνέω	V-	3FAI-S--
Luke 22:34	σήμερον	σήμερον	D-	--------
Luke 22:34	ἀλέκτωρ	ἀλέκτωρ	N-	----NSM-
Luke 22:34	ἕως	ἕως	C-	--------
Luke 22:34	τρίς	τρίς	D-	--------
Luke 22:34	με	ἐγώ	RP	----AS--
Luke 22:34	ἀπαρνήσῃ	ἀπαρνέομαι	V-	2AMS-S--
Luke 22:34	εἰδέναι	οἶδα	V-	-XAN----
Luke 22:35	Καὶ	καί	C-	--------
Luke 22:35	εἶπεν	λέγω	V-	3AAI-S--
Luke 22:35	αὐτοῖς	αὐτός	RP	----DPM-
Luke 22:35	Ὅτε	ὅτε	C-	--------
Luke 22:35	ἀπέστειλα	ἀποστέλλω	V-	1AAI-S--
Luke 22:35	ὑμᾶς	σύ	RP	----AP--
Luke 22:35	ἄτερ	ἄτερ	P-	--------
Luke 22:35	βαλλαντίου	βαλλάντιον	N-	----GSN-
Luke 22:35	καὶ	καί	C-	--------
Luke 22:35	πήρας	πήρα	N-	----GSF-
Luke 22:35	καὶ	καί	C-	--------
Luke 22:35	ὑποδημάτων	ὑπόδημα	N-	----GPN-
Luke 22:35	μή	μή	X-	--------
Luke 22:35	τινος	τις	RI	----GSN-
Luke 22:35	ὑστερήσατε	ὑστερέω	V-	2AAI-P--
Luke 22:35	οἱ	ὁ	RA	----NPM-
Luke 22:35	δὲ	δέ	C-	--------
Luke 22:35	εἶπαν	λέγω	V-	3AAI-P--
Luke 22:35	Οὐθενός	οὐδείς	A-	----GSN-
Luke 22:36	εἶπεν	λέγω	V-	3AAI-S--
Luke 22:36	δὲ	δέ	C-	--------
Luke 22:36	αὐτοῖς	αὐτός	RP	----DPM-
Luke 22:36	Ἀλλὰ	ἀλλά	C-	--------
Luke 22:36	νῦν	νῦν	D-	--------
Luke 22:36	ὁ	ὁ	RA	----NSM-
Luke 22:36	ἔχων	ἔχω	V-	-PAPNSM-
Luke 22:36	βαλλάντιον	βαλλάντιον	N-	----ASN-
Luke 22:36	ἀράτω	αἴρω	V-	3AAD-S--
Luke 22:36	ὁμοίως	ὁμοίως	D-	--------
Luke 22:36	καὶ	καί	D-	--------
Luke 22:36	πήραν	πήρα	N-	----ASF-
Luke 22:36	καὶ	καί	C-	--------
Luke 22:36	ὁ	ὁ	RA	----NSM-
Luke 22:36	μὴ	μή	D-	--------
Luke 22:36	ἔχων	ἔχω	V-	-PAPNSM-
Luke 22:36	πωλησάτω	πωλέω	V-	3AAD-S--
Luke 22:36	τὸ	ὁ	RA	----ASN-
Luke 22:36	ἱμάτιον	ἱμάτιον	N-	----ASN-
Luke 22:36	αὐτοῦ	αὐτός	RP	----GSM-
Luke 22:36	καὶ	καί	C-	--------
Luke 22:36	ἀγορασάτω	ἀγοράζω	V-	3AAD-S--
Luke 22:36	μάχαιραν	μάχαιρα	N-	----ASF-
Luke 22:37	λέγω	λέγω	V-	1PAI-S--
Luke 22:37	γὰρ	γάρ	C-	--------
Luke 22:37	ὑμῖν	σύ	RP	----DP--
Luke 22:37	ὅτι	ὅτι	C-	--------
Luke 22:37	τοῦτο	οὗτος	RD	----ASN-
Luke 22:37	τὸ	ὁ	RA	----ASN-
Luke 22:37	γεγραμμένον	γράφω	V-	-XPPASN-
Luke 22:37	δεῖ	δέω	V-	3PAI-S--
Luke 22:37	τελεσθῆναι	τελέω	V-	-APN----
Luke 22:37	ἐν	ἐν	P-	--------
Luke 22:37	ἐμοί	ἐγώ	RP	----DS--
Luke 22:37	τό	ὁ	RA	----ASN-
Luke 22:37	Καὶ	καί	C-	--------
Luke 22:37	μετὰ	μετά	P-	--------
Luke 22:37	ἀνόμων	ἄνομος	A-	----GPM-
Luke 22:37	ἐλογίσθη	λογίζομαι	V-	3API-S--
Luke 22:37	καὶ	καί	D-	--------
Luke 22:37	γὰρ	γάρ	C-	--------
Luke 22:37	τὸ	ὁ	RA	----NSN-
Luke 22:37	περὶ	περί	P-	--------
Luke 22:37	ἐμοῦ	ἐγώ	RP	----GS--
Luke 22:37	τέλος	τέλος	N-	----ASN-
Luke 22:37	ἔχει	ἔχω	V-	3PAI-S--
Luke 22:38	οἱ	ὁ	RA	----NPM-
Luke 22:38	δὲ	δέ	C-	--------
Luke 22:38	εἶπαν	λέγω	V-	3AAI-P--
Luke 22:38	Κύριε	κύριος	N-	----VSM-
Luke 22:38	ἰδοὺ	ἰδού	X-	--------
Luke 22:38	μάχαιραι	μάχαιρα	N-	----NPF-
Luke 22:38	ὧδε	ὧδε	D-	--------
Luke 22:38	δύο	δύο	A-	----NPF-
Luke 22:38	ὁ	ὁ	RA	----NSM-
Luke 22:38	δὲ	δέ	C-	--------
Luke 22:38	εἶπεν	λέγω	V-	3AAI-S--
Luke 22:38	αὐτοῖς	αὐτός	RP	----DPM-
Luke 22:38	Ἱκανόν	ἱκανός	A-	----NSN-
Luke 22:38	ἐστιν	εἰμί	V-	3PAI-S--
Luke 22:39	Καὶ	καί	C-	--------
Luke 22:39	ἐξελθὼν	ἐξέρχομαι	V-	-AAPNSM-
Luke 22:39	ἐπορεύθη	πορεύομαι	V-	3API-S--
Luke 22:39	κατὰ	κατά	P-	--------
Luke 22:39	τὸ	ὁ	RA	----ASN-
Luke 22:39	ἔθος	ἔθος	N-	----ASN-
Luke 22:39	εἰς	εἰς	P-	--------
Luke 22:39	τὸ	ὁ	RA	----ASN-
Luke 22:39	Ὄρος	ὄρος	N-	----ASN-
Luke 22:39	τῶν	ὁ	RA	----GPF-
Luke 22:39	Ἐλαιῶν	ἐλαία	N-	----GPF-
Luke 22:39	ἠκολούθησαν	ἀκολουθέω	V-	3AAI-P--
Luke 22:39	δὲ	δέ	C-	--------
Luke 22:39	αὐτῷ	αὐτός	RP	----DSM-
Luke 22:39	καὶ	καί	D-	--------
Luke 22:39	οἱ	ὁ	RA	----NPM-
Luke 22:39	μαθηταί	μαθητής	N-	----NPM-
Luke 22:40	γενόμενος	γίνομαι	V-	-AMPNSM-
Luke 22:40	δὲ	δέ	C-	--------
Luke 22:40	ἐπὶ	ἐπί	P-	--------
Luke 22:40	τοῦ	ὁ	RA	----GSM-
Luke 22:40	τόπου	τόπος	N-	----GSM-
Luke 22:40	εἶπεν	λέγω	V-	3AAI-S--
Luke 22:40	αὐτοῖς	αὐτός	RP	----DPM-
Luke 22:40	Προσεύχεσθε	προσεύχομαι	V-	2PMD-P--
Luke 22:40	μὴ	μή	D-	--------
Luke 22:40	εἰσελθεῖν	εἰσέρχομαι	V-	-AAN----
Luke 22:40	εἰς	εἰς	P-	--------
Luke 22:40	πειρασμόν	πειρασμός	N-	----ASM-
Luke 22:41	καὶ	καί	C-	--------
Luke 22:41	αὐτὸς	αὐτός	RP	----NSM-
Luke 22:41	ἀπεσπάσθη	ἀποσπάω	V-	3API-S--
Luke 22:41	ἀπ’	ἀπό	P-	--------
Luke 22:41	αὐτῶν	αὐτός	RP	----GPM-
Luke 22:41	ὡσεὶ	ὡσεί	D-	--------
Luke 22:41	λίθου	λίθος	N-	----GSM-
Luke 22:41	βολήν	βολή	N-	----ASF-
Luke 22:41	καὶ	καί	C-	--------
Luke 22:41	θεὶς	τίθημι	V-	-AAPNSM-
Luke 22:41	τὰ	ὁ	RA	----APN-
Luke 22:41	γόνατα	γόνυ	N-	----APN-
Luke 22:41	προσηύχετο	προσεύχομαι	V-	3IMI-S--
Luke 22:42	λέγων	λέγω	V-	-PAPNSM-
Luke 22:42	Πάτερ	πατήρ	N-	----VSM-
Luke 22:42	εἰ	εἰ	C-	--------
Luke 22:42	βούλει	βούλομαι	V-	2PMI-S--
Luke 22:42	παρένεγκε	παραφέρω	V-	2AAD-S--
Luke 22:42	τοῦτο	οὗτος	RD	----ASN-
Luke 22:42	τὸ	ὁ	RA	----ASN-
Luke 22:42	ποτήριον	ποτήριον	N-	----ASN-
Luke 22:42	ἀπ’	ἀπό	P-	--------
Luke 22:42	ἐμοῦ	ἐγώ	RP	----GS--
Luke 22:42	πλὴν	πλήν	C-	--------
Luke 22:42	μὴ	μή	D-	--------
Luke 22:42	τὸ	ὁ	RA	----NSN-
Luke 22:42	θέλημά	θέλημα	N-	----NSN-
Luke 22:42	μου	ἐγώ	RP	----GS--
Luke 22:42	ἀλλὰ	ἀλλά	C-	--------
Luke 22:42	τὸ	ὁ	RA	----NSN-
Luke 22:42	σὸν	σός	A-	----NSN-
Luke 22:42	γινέσθω	γίνομαι	V-	3PMD-S--
Luke 22:43	ὤφθη	ὁράω	V-	3API-S--
Luke 22:43	δὲ	δέ	C-	--------
Luke 22:43	αὐτῷ	αὐτός	RP	----DSM-
Luke 22:43	ἄγγελος	ἄγγελος	N-	----NSM-
Luke 22:43	ἀπ’	ἀπό	P-	--------
Luke 22:43	οὐρανοῦ	οὐρανός	N-	----GSM-
Luke 22:43	ἐνισχύων	ἐνισχύω	V-	-PAPNSM-
Luke 22:43	αὐτόν	αὐτός	RP	----ASM-
Luke 22:44	καὶ	καί	C-	--------
Luke 22:44	γενόμενος	γίνομαι	V-	-AMPNSM-
Luke 22:44	ἐν	ἐν	P-	--------
Luke 22:44	ἀγωνίᾳ	ἀγωνία	N-	----DSF-
Luke 22:44	ἐκτενέστερον	ἐκτενέστερον	A-	----ASNC
Luke 22:44	προσηύχετο	προσεύχομαι	V-	3IMI-S--
Luke 22:44	καὶ	καί	C-	--------
Luke 22:44	ἐγένετο	γίνομαι	V-	3AMI-S--
Luke 22:44	ὁ	ὁ	RA	----NSM-
Luke 22:44	ἱδρὼς	ἱδρώς	N-	----NSM-
Luke 22:44	αὐτοῦ	αὐτός	RP	----GSM-
Luke 22:44	ὡσεὶ	ὡσεί	C-	--------
Luke 22:44	θρόμβοι	θρόμβος	N-	----NPM-
Luke 22:44	αἵματος	αἷμα	N-	----GSN-
Luke 22:44	καταβαίνοντες	καταβαίνω	V-	-PAPNPM-
Luke 22:44	ἐπὶ	ἐπί	P-	--------
Luke 22:44	τὴν	ὁ	RA	----ASF-
Luke 22:44	γῆν	γῆ	N-	----ASF-
Luke 22:45	καὶ	καί	C-	--------
Luke 22:45	ἀναστὰς	ἀνίστημι	V-	-AAPNSM-
Luke 22:45	ἀπὸ	ἀπό	P-	--------
Luke 22:45	τῆς	ὁ	RA	----GSF-
Luke 22:45	προσευχῆς	προσευχή	N-	----GSF-
Luke 22:45	ἐλθὼν	ἔρχομαι	V-	-AAPNSM-
Luke 22:45	πρὸς	πρός	P-	--------
Luke 22:45	τοὺς	ὁ	RA	----APM-
Luke 22:45	μαθητὰς	μαθητής	N-	----APM-
Luke 22:45	εὗρεν	εὑρίσκω	V-	3AAI-S--
Luke 22:45	κοιμωμένους	κοιμάομαι	V-	-PMPAPM-
Luke 22:45	αὐτοὺς	αὐτός	RP	----APM-
Luke 22:45	ἀπὸ	ἀπό	P-	--------
Luke 22:45	τῆς	ὁ	RA	----GSF-
Luke 22:45	λύπης	λύπη	N-	----GSF-
Luke 22:46	καὶ	καί	C-	--------
Luke 22:46	εἶπεν	λέγω	V-	3AAI-S--
Luke 22:46	αὐτοῖς	αὐτός	RP	----DPM-
Luke 22:46	Τί	τίς	RI	----ASN-
Luke 22:46	καθεύδετε	καθεύδω	V-	2PAI-P--
Luke 22:46	ἀναστάντες	ἀνίστημι	V-	-AAPNPM-
Luke 22:46	προσεύχεσθε	προσεύχομαι	V-	2PMD-P--
Luke 22:46	ἵνα	ἵνα	C-	--------
Luke 22:46	μὴ	μή	D-	--------
Luke 22:46	εἰσέλθητε	εἰσέρχομαι	V-	2AAS-P--
Luke 22:46	εἰς	εἰς	P-	--------
Luke 22:46	πειρασμόν	πειρασμός	N-	----ASM-
Luke 22:47	Ἔτι	ἔτι	D-	--------
Luke 22:47	αὐτοῦ	αὐτός	RP	----GSM-
Luke 22:47	λαλοῦντος	λαλέω	V-	-PAPGSM-
Luke 22:47	ἰδοὺ	ἰδού	X-	--------
Luke 22:47	ὄχλος	ὄχλος	N-	----NSM-
Luke 22:47	καὶ	καί	C-	--------
Luke 22:47	ὁ	ὁ	RA	----NSM-
Luke 22:47	λεγόμενος	λέγω	V-	-PPPNSM-
Luke 22:47	Ἰούδας	Ἰούδας	N-	----NSM-
Luke 22:47	εἷς	εἷς	A-	----NSM-
Luke 22:47	τῶν	ὁ	RA	----GPM-
Luke 22:47	δώδεκα	δώδεκα	A-	----GPM-
Luke 22:47	προήρχετο	προέρχομαι	V-	3IMI-S--
Luke 22:47	αὐτούς	αὐτός	RP	----APM-
Luke 22:47	καὶ	καί	C-	--------
Luke 22:47	ἤγγισεν	ἐγγίζω	V-	3AAI-S--
Luke 22:47	τῷ	ὁ	RA	----DSM-
Luke 22:47	Ἰησοῦ	Ἰησοῦς	N-	----DSM-
Luke 22:47	φιλῆσαι	φιλέω	V-	-AAN----
Luke 22:47	αὐτόν	αὐτός	RP	----ASM-
Luke 22:48	Ἰησοῦς	Ἰησοῦς	N-	----NSM-
Luke 22:48	δὲ	δέ	C-	--------
Luke 22:48	εἶπεν	λέγω	V-	3AAI-S--
Luke 22:48	αὐτῷ	αὐτός	RP	----DSM-
Luke 22:48	Ἰούδα	Ἰούδας	N-	----VSM-
Luke 22:48	φιλήματι	φίλημα	N-	----DSN-
Luke 22:48	τὸν	ὁ	RA	----ASM-
Luke 22:48	υἱὸν	υἱός	N-	----ASM-
Luke 22:48	τοῦ	ὁ	RA	----GSM-
Luke 22:48	ἀνθρώπου	ἄνθρωπος	N-	----GSM-
Luke 22:48	παραδίδως	παραδίδωμι	V-	2PAI-S--
Luke 22:49	ἰδόντες	ὁράω	V-	-AAPNPM-
Luke 22:49	δὲ	δέ	C-	--------
Luke 22:49	οἱ	ὁ	RA	----NPM-
Luke 22:49	περὶ	περί	P-	--------
Luke 22:49	αὐτὸν	αὐτός	RP	----ASM-
Luke 22:49	τὸ	ὁ	RA	----ASN-
Luke 22:49	ἐσόμενον	εἰμί	V-	-FMPASN-
Luke 22:49	εἶπαν	λέγω	V-	3AAI-P--
Luke 22:49	Κύριε	κύριος	N-	----VSM-
Luke 22:49	εἰ	εἰ	X-	--------
Luke 22:49	πατάξομεν	πατάσσω	V-	1FAI-P--
Luke 22:49	ἐν	ἐν	P-	--------
Luke 22:49	μαχαίρῃ	μάχαιρα	N-	----DSF-
Luke 22:50	καὶ	καί	C-	--------
Luke 22:50	ἐπάταξεν	πατάσσω	V-	3AAI-S--
Luke 22:50	εἷς	εἷς	A-	----NSM-
Luke 22:50	τις	τις	RI	----NSM-
Luke 22:50	ἐξ	ἐκ	P-	--------
Luke 22:50	αὐτῶν	αὐτός	RP	----GPM-
Luke 22:50	τοῦ	ὁ	RA	----GSM-
Luke 22:50	ἀρχιερέως	ἀρχιερεύς	N-	----GSM-
Luke 22:50	τὸν	ὁ	RA	----ASM-
Luke 22:50	δοῦλον	δοῦλος	N-	----ASM-
Luke 22:50	καὶ	καί	C-	--------
Luke 22:50	ἀφεῖλεν	ἀφαιρέω	V-	3AAI-S--
Luke 22:50	τὸ	ὁ	RA	----ASN-
Luke 22:50	οὖς	οὖς	N-	----ASN-
Luke 22:50	αὐτοῦ	αὐτός	RP	----GSM-
Luke 22:50	τὸ	ὁ	RA	----ASN-
Luke 22:50	δεξιόν	δεξιός	A-	----ASN-
Luke 22:51	ἀποκριθεὶς	ἀποκρίνομαι	V-	-APPNSM-
Luke 22:51	δὲ	δέ	C-	--------
Luke 22:51	ὁ	ὁ	RA	----NSM-
Luke 22:51	Ἰησοῦς	Ἰησοῦς	N-	----NSM-
Luke 22:51	εἶπεν	λέγω	V-	3AAI-S--
Luke 22:51	Ἐᾶτε	ἐάω	V-	2PAD-P--
Luke 22:51	ἕως	ἕως	P-	--------
Luke 22:51	τούτου	οὗτος	RD	----GSN-
Luke 22:51	καὶ	καί	C-	--------
Luke 22:51	ἁψάμενος	ἅπτω	V-	-AMPNSM-
Luke 22:51	τοῦ	ὁ	RA	----GSN-
Luke 22:51	ὠτίου	ὠτίον	N-	----GSN-
Luke 22:51	ἰάσατο	ἰάομαι	V-	3AMI-S--
Luke 22:51	αὐτόν	αὐτός	RP	----ASM-
Luke 22:52	εἶπεν	λέγω	V-	3AAI-S--
Luke 22:52	δὲ	δέ	C-	--------
Luke 22:52	Ἰησοῦς	Ἰησοῦς	N-	----NSM-
Luke 22:52	πρὸς	πρός	P-	--------
Luke 22:52	τοὺς	ὁ	RA	----APM-
Luke 22:52	παραγενομένους	παραγίνομαι	V-	-AMPAPM-
Luke 22:52	ἐπ’	ἐπί	P-	--------
Luke 22:52	αὐτὸν	αὐτός	RP	----ASM-
Luke 22:52	ἀρχιερεῖς	ἀρχιερεύς	N-	----APM-
Luke 22:52	καὶ	καί	C-	--------
Luke 22:52	στρατηγοὺς	στρατηγός	N-	----APM-
Luke 22:52	τοῦ	ὁ	RA	----GSN-
Luke 22:52	ἱεροῦ	ἱερός	A-	----GSN-
Luke 22:52	καὶ	καί	C-	--------
Luke 22:52	πρεσβυτέρους	πρεσβύτερος	A-	----APM-
Luke 22:52	Ὡς	ὡς	C-	--------
Luke 22:52	ἐπὶ	ἐπί	P-	--------
Luke 22:52	λῃστὴν	λῃστής	N-	----ASM-
Luke 22:52	ἐξήλθατε	ἐξέρχομαι	V-	2AAI-P--
Luke 22:52	μετὰ	μετά	P-	--------
Luke 22:52	μαχαιρῶν	μάχαιρα	N-	----GPF-
Luke 22:52	καὶ	καί	C-	--------
Luke 22:52	ξύλων	ξύλον	N-	----GPN-
Luke 22:53	καθ’	κατά	P-	--------
Luke 22:53	ἡμέραν	ἡμέρα	N-	----ASF-
Luke 22:53	ὄντος	εἰμί	V-	-PAPGSM-
Luke 22:53	μου	ἐγώ	RP	----GS--
Luke 22:53	μεθ’	μετά	P-	--------
Luke 22:53	ὑμῶν	σύ	RP	----GP--
Luke 22:53	ἐν	ἐν	P-	--------
Luke 22:53	τῷ	ὁ	RA	----DSN-
Luke 22:53	ἱερῷ	ἱερός	A-	----DSN-
Luke 22:53	οὐκ	οὐ	D-	--------
Luke 22:53	ἐξετείνατε	ἐκτείνω	V-	2AAI-P--
Luke 22:53	τὰς	ὁ	RA	----APF-
Luke 22:53	χεῖρας	χείρ	N-	----APF-
Luke 22:53	ἐπ’	ἐπί	P-	--------
Luke 22:53	ἐμέ	ἐγώ	RP	----AS--
Luke 22:53	ἀλλ’	ἀλλά	C-	--------
Luke 22:53	αὕτη	οὗτος	RD	----NSF-
Luke 22:53	ἐστὶν	εἰμί	V-	3PAI-S--
Luke 22:53	ὑμῶν	σύ	RP	----GP--
Luke 22:53	ἡ	ὁ	RA	----NSF-
Luke 22:53	ὥρα	ὥρα	N-	----NSF-
Luke 22:53	καὶ	καί	C-	--------
Luke 22:53	ἡ	ὁ	RA	----NSF-
Luke 22:53	ἐξουσία	ἐξουσία	N-	----NSF-
Luke 22:53	τοῦ	ὁ	RA	----GSN-
Luke 22:53	σκότους	σκότος	N-	----GSN-
Luke 22:54	Συλλαβόντες	συλλαμβάνω	V-	-AAPNPM-
Luke 22:54	δὲ	δέ	C-	--------
Luke 22:54	αὐτὸν	αὐτός	RP	----ASM-
Luke 22:54	ἤγαγον	ἄγω	V-	3AAI-P--
Luke 22:54	καὶ	καί	C-	--------
Luke 22:54	εἰσήγαγον	εἰσάγω	V-	3AAI-P--
Luke 22:54	εἰς	εἰς	P-	--------
Luke 22:54	τὴν	ὁ	RA	----ASF-
Luke 22:54	οἰκίαν	οἰκία	N-	----ASF-
Luke 22:54	τοῦ	ὁ	RA	----GSM-
Luke 22:54	ἀρχιερέως	ἀρχιερεύς	N-	----GSM-
Luke 22:54	ὁ	ὁ	RA	----NSM-
Luke 22:54	δὲ	δέ	C-	--------
Luke 22:54	Πέτρος	Πέτρος	N-	----NSM-
Luke 22:54	ἠκολούθει	ἀκολουθέω	V-	3IAI-S--
Luke 22:54	μακρόθεν	μακρόθεν	D-	--------
Luke 22:55	περιαψάντων	περιάπτω	V-	-AAPGPM-
Luke 22:55	δὲ	δέ	C-	--------
Luke 22:55	πῦρ	πῦρ	N-	----ASN-
Luke 22:55	ἐν	ἐν	P-	--------
Luke 22:55	μέσῳ	μέσος	A-	----DSN-
Luke 22:55	τῆς	ὁ	RA	----GSF-
Luke 22:55	αὐλῆς	αὐλή	N-	----GSF-
Luke 22:55	καὶ	καί	C-	--------
Luke 22:55	συγκαθισάντων	συγκαθίζω	V-	-AAPGPM-
Luke 22:55	ἐκάθητο	κάθημαι	V-	3IMI-S--
Luke 22:55	ὁ	ὁ	RA	----NSM-
Luke 22:55	Πέτρος	Πέτρος	N-	----NSM-
Luke 22:55	μέσος	μέσος	A-	----NSM-
Luke 22:55	αὐτῶν	αὐτός	RP	----GPM-
Luke 22:56	ἰδοῦσα	ὁράω	V-	-AAPNSF-
Luke 22:56	δὲ	δέ	C-	--------
Luke 22:56	αὐτὸν	αὐτός	RP	----ASM-
Luke 22:56	παιδίσκη	παιδίσκη	N-	----NSF-
Luke 22:56	τις	τις	RI	----NSF-
Luke 22:56	καθήμενον	κάθημαι	V-	-PMPASM-
Luke 22:56	πρὸς	πρός	P-	--------
Luke 22:56	τὸ	ὁ	RA	----ASN-
Luke 22:56	φῶς	φῶς	N-	----ASN-
Luke 22:56	καὶ	καί	C-	--------
Luke 22:56	ἀτενίσασα	ἀτενίζω	V-	-AAPNSF-
Luke 22:56	αὐτῷ	αὐτός	RP	----DSM-
Luke 22:56	εἶπεν	λέγω	V-	3AAI-S--
Luke 22:56	Καὶ	καί	D-	--------
Luke 22:56	οὗτος	οὗτος	RD	----NSM-
Luke 22:56	σὺν	σύν	P-	--------
Luke 22:56	αὐτῷ	αὐτός	RP	----DSM-
Luke 22:56	ἦν	εἰμί	V-	3IAI-S--
Luke 22:57	ὁ	ὁ	RA	----NSM-
Luke 22:57	δὲ	δέ	C-	--------
Luke 22:57	ἠρνήσατο	ἀρνέομαι	V-	3AMI-S--
Luke 22:57	λέγων	λέγω	V-	-PAPNSM-
Luke 22:57	Οὐκ	οὐ	D-	--------
Luke 22:57	οἶδα	οἶδα	V-	1XAI-S--
Luke 22:57	αὐτόν	αὐτός	RP	----ASM-
Luke 22:57	γύναι	γυνή	N-	----VSF-
Luke 22:58	καὶ	καί	C-	--------
Luke 22:58	μετὰ	μετά	P-	--------
Luke 22:58	βραχὺ	βραχύς	A-	----ASN-
Luke 22:58	ἕτερος	ἕτερος	A-	----NSM-
Luke 22:58	ἰδὼν	ὁράω	V-	-AAPNSM-
Luke 22:58	αὐτὸν	αὐτός	RP	----ASM-
Luke 22:58	ἔφη	φημί	V-	3IAI-S--
Luke 22:58	Καὶ	καί	D-	--------
Luke 22:58	σὺ	σύ	RP	----NS--
Luke 22:58	ἐξ	ἐκ	P-	--------
Luke 22:58	αὐτῶν	αὐτός	RP	----GPM-
Luke 22:58	εἶ	εἰμί	V-	2PAI-S--
Luke 22:58	ὁ	ὁ	RA	----NSM-
Luke 22:58	δὲ	δέ	C-	--------
Luke 22:58	Πέτρος	Πέτρος	N-	----NSM-
Luke 22:58	ἔφη	φημί	V-	3IAI-S--
Luke 22:58	Ἄνθρωπε	ἄνθρωπος	N-	----VSM-
Luke 22:58	οὐκ	οὐ	D-	--------
Luke 22:58	εἰμί	εἰμί	V-	1PAI-S--
Luke 22:59	καὶ	καί	C-	--------
Luke 22:59	διαστάσης	διΐστημι	V-	-AAPGSF-
Luke 22:59	ὡσεὶ	ὡσεί	D-	--------
Luke 22:59	ὥρας	ὥρα	N-	----GSF-
Luke 22:59	μιᾶς	εἷς	A-	----GSF-
Luke 22:59	ἄλλος	ἄλλος	A-	----NSM-
Luke 22:59	τις	τις	RI	----NSM-
Luke 22:59	διϊσχυρίζετο	διϊσχυρίζομαι	V-	3IMI-S--
Luke 22:59	λέγων	λέγω	V-	-PAPNSM-
Luke 22:59	Ἐπ’	ἐπί	P-	--------
Luke 22:59	ἀληθείας	ἀλήθεια	N-	----GSF-
Luke 22:59	καὶ	καί	D-	--------
Luke 22:59	οὗτος	οὗτος	RD	----NSM-
Luke 22:59	μετ’	μετά	P-	--------
Luke 22:59	αὐτοῦ	αὐτός	RP	----GSM-
Luke 22:59	ἦν	εἰμί	V-	3IAI-S--
Luke 22:59	καὶ	καί	D-	--------
Luke 22:59	γὰρ	γάρ	C-	--------
Luke 22:59	Γαλιλαῖός	Γαλιλαῖος	A-	----NSM-
Luke 22:59	ἐστιν	εἰμί	V-	3PAI-S--
Luke 22:60	εἶπεν	λέγω	V-	3AAI-S--
Luke 22:60	δὲ	δέ	C-	--------
Luke 22:60	ὁ	ὁ	RA	----NSM-
Luke 22:60	Πέτρος	Πέτρος	N-	----NSM-
Luke 22:60	Ἄνθρωπε	ἄνθρωπος	N-	----VSM-
Luke 22:60	οὐκ	οὐ	D-	--------
Luke 22:60	οἶδα	οἶδα	V-	1XAI-S--
Luke 22:60	ὃ	ὅς	RR	----ASN-
Luke 22:60	λέγεις	λέγω	V-	2PAI-S--
Luke 22:60	καὶ	καί	C-	--------
Luke 22:60	παραχρῆμα	παραχρῆμα	D-	--------
Luke 22:60	ἔτι	ἔτι	D-	--------
Luke 22:60	λαλοῦντος	λαλέω	V-	-PAPGSM-
Luke 22:60	αὐτοῦ	αὐτός	RP	----GSM-
Luke 22:60	ἐφώνησεν	φωνέω	V-	3AAI-S--
Luke 22:60	ἀλέκτωρ	ἀλέκτωρ	N-	----NSM-
Luke 22:61	καὶ	καί	C-	--------
Luke 22:61	στραφεὶς	στρέφω	V-	-APPNSM-
Luke 22:61	ὁ	ὁ	RA	----NSM-
Luke 22:61	κύριος	κύριος	N-	----NSM-
Luke 22:61	ἐνέβλεψεν	ἐμβλέπω	V-	3AAI-S--
Luke 22:61	τῷ	ὁ	RA	----DSM-
Luke 22:61	Πέτρῳ	Πέτρος	N-	----DSM-
Luke 22:61	καὶ	καί	C-	--------
Luke 22:61	ὑπεμνήσθη	ὑπομιμνῄσκω	V-	3API-S--
Luke 22:61	ὁ	ὁ	RA	----NSM-
Luke 22:61	Πέτρος	Πέτρος	N-	----NSM-
Luke 22:61	τοῦ	ὁ	RA	----GSN-
Luke 22:61	λόγου	λόγος	N-	----GSM-
Luke 22:61	τοῦ	ὁ	RA	----GSM-
Luke 22:61	κυρίου	κύριος	N-	----GSM-
Luke 22:61	ὡς	ὡς	D-	--------
Luke 22:61	εἶπεν	λέγω	V-	3AAI-S--
Luke 22:61	αὐτῷ	αὐτός	RP	----DSM-
Luke 22:61	ὅτι	ὅτι	D-	--------
Luke 22:61	Πρὶν	πρίν	D-	--------
Luke 22:61	ἀλέκτορα	ἀλέκτωρ	N-	----ASM-
Luke 22:61	φωνῆσαι	φωνέω	V-	-AAN----
Luke 22:61	σήμερον	σήμερον	D-	--------
Luke 22:61	ἀπαρνήσῃ	ἀπαρνέομαι	V-	2FMI-S--
Luke 22:61	με	ἐγώ	RP	----AS--
Luke 22:61	τρίς	τρίς	D-	--------
Luke 22:62	καὶ	καί	C-	--------
Luke 22:62	ἐξελθὼν	ἐξέρχομαι	V-	-AAPNSM-
Luke 22:62	ἔξω	ἔξω	D-	--------
Luke 22:62	ἔκλαυσεν	κλαίω	V-	3AAI-S--
Luke 22:62	πικρῶς	πικρῶς	D-	--------
Luke 22:63	Καὶ	καί	C-	--------
Luke 22:63	οἱ	ὁ	RA	----NPM-
Luke 22:63	ἄνδρες	ἀνήρ	N-	----NPM-
Luke 22:63	οἱ	ὁ	RA	----NPM-
Luke 22:63	συνέχοντες	συνέχω	V-	-PAPNPM-
Luke 22:63	αὐτὸν	αὐτός	RP	----ASM-
Luke 22:63	ἐνέπαιζον	ἐμπαίζω	V-	3IAI-P--
Luke 22:63	αὐτῷ	αὐτός	RP	----DSM-
Luke 22:63	δέροντες	δέρω	V-	-PAPNPM-
Luke 22:64	καὶ	καί	C-	--------
Luke 22:64	περικαλύψαντες	περικαλύπτω	V-	-AAPNPM-
Luke 22:64	αὐτὸν	αὐτός	RP	----ASM-
Luke 22:64	ἐπηρώτων	ἐπερωτάω	V-	3IAI-P--
Luke 22:64	λέγοντες	λέγω	V-	-PAPNPM-
Luke 22:64	Προφήτευσον	προφητεύω	V-	2AAD-S--
Luke 22:64	τίς	τίς	RI	----NSM-
Luke 22:64	ἐστιν	εἰμί	V-	3PAI-S--
Luke 22:64	ὁ	ὁ	RA	----NSM-
Luke 22:64	παίσας	παίω	V-	-AAPNSM-
Luke 22:64	σε	σύ	RP	----AS--
Luke 22:65	καὶ	καί	C-	--------
Luke 22:65	ἕτερα	ἕτερος	A-	----APN-
Luke 22:65	πολλὰ	πολύς	A-	----APN-
Luke 22:65	βλασφημοῦντες	βλασφημέω	V-	-PAPNPM-
Luke 22:65	ἔλεγον	λέγω	V-	3IAI-P--
Luke 22:65	εἰς	εἰς	P-	--------
Luke 22:65	αὐτόν	αὐτός	RP	----ASM-
Luke 22:66	Καὶ	καί	C-	--------
Luke 22:66	ὡς	ὡς	C-	--------
Luke 22:66	ἐγένετο	γίνομαι	V-	3AMI-S--
Luke 22:66	ἡμέρα	ἡμέρα	N-	----NSF-
Luke 22:66	συνήχθη	συνάγω	V-	3API-S--
Luke 22:66	τὸ	ὁ	RA	----NSN-
Luke 22:66	πρεσβυτέριον	πρεσβυτέριον	N-	----NSN-
Luke 22:66	τοῦ	ὁ	RA	----GSM-
Luke 22:66	λαοῦ	λαός	N-	----GSM-
Luke 22:66	ἀρχιερεῖς	ἀρχιερεύς	N-	----NPM-
Luke 22:66	τε	τέ	C-	--------
Luke 22:66	καὶ	καί	C-	--------
Luke 22:66	γραμματεῖς	γραμματεύς	N-	----NPM-
Luke 22:66	καὶ	καί	C-	--------
Luke 22:66	ἀπήγαγον	ἀπάγω	V-	3AAI-P--
Luke 22:66	αὐτὸν	αὐτός	RP	----ASM-
Luke 22:66	εἰς	εἰς	P-	--------
Luke 22:66	τὸ	ὁ	RA	----ASN-
Luke 22:66	συνέδριον	συνέδριον	N-	----ASN-
Luke 22:66	αὐτῶν	αὐτός	RP	----GPM-
Luke 22:67	λέγοντες	λέγω	V-	-PAPNPM-
Luke 22:67	Εἰ	εἰ	C-	--------
Luke 22:67	σὺ	σύ	RP	----NS--
Luke 22:67	εἶ	εἰμί	V-	2PAI-S--
Luke 22:67	ὁ	ὁ	RA	----NSM-
Luke 22:67	χριστός	Χριστός	N-	----NSM-
Luke 22:67	εἰπὸν	λέγω	V-	2AAD-S--
Luke 22:67	ἡμῖν	ἐγώ	RP	----DP--
Luke 22:67	εἶπεν	λέγω	V-	3AAI-S--
Luke 22:67	δὲ	δέ	C-	--------
Luke 22:67	αὐτοῖς	αὐτός	RP	----DPM-
Luke 22:67	Ἐὰν	ἐάν	C-	--------
Luke 22:67	ὑμῖν	σύ	RP	----DP--
Luke 22:67	εἴπω	λέγω	V-	1AAS-S--
Luke 22:67	οὐ	οὐ	D-	--------
Luke 22:67	μὴ	μή	D-	--------
Luke 22:67	πιστεύσητε	πιστεύω	V-	2AAS-P--
Luke 22:68	ἐὰν	ἐάν	C-	--------
Luke 22:68	δὲ	δέ	C-	--------
Luke 22:68	ἐρωτήσω	ἐρωτάω	V-	1AAS-S--
Luke 22:68	οὐ	οὐ	D-	--------
Luke 22:68	μὴ	μή	D-	--------
Luke 22:68	ἀποκριθῆτε	ἀποκρίνομαι	V-	2APS-P--
Luke 22:69	ἀπὸ	ἀπό	P-	--------
Luke 22:69	τοῦ	ὁ	RA	----GSM-
Luke 22:69	νῦν	νῦν	D-	--------
Luke 22:69	δὲ	δέ	C-	--------
Luke 22:69	ἔσται	εἰμί	V-	3FMI-S--
Luke 22:69	ὁ	ὁ	RA	----NSM-
Luke 22:69	υἱὸς	υἱός	N-	----NSM-
Luke 22:69	τοῦ	ὁ	RA	----GSM-
Luke 22:69	ἀνθρώπου	ἄνθρωπος	N-	----GSM-
Luke 22:69	καθήμενος	κάθημαι	V-	-PMPNSM-
Luke 22:69	ἐκ	ἐκ	P-	--------
Luke 22:69	δεξιῶν	δεξιός	A-	----GPN-
Luke 22:69	τῆς	ὁ	RA	----GSF-
Luke 22:69	δυνάμεως	δύναμις	N-	----GSF-
Luke 22:69	τοῦ	ὁ	RA	----GSM-
Luke 22:69	θεοῦ	θεός	N-	----GSM-
Luke 22:70	εἶπαν	λέγω	V-	3AAI-P--
Luke 22:70	δὲ	δέ	C-	--------
Luke 22:70	πάντες	πᾶς	A-	----NPM-
Luke 22:70	Σὺ	σύ	RP	----NS--
Luke 22:70	οὖν	οὖν	C-	--------
Luke 22:70	εἶ	εἰμί	V-	2PAI-S--
Luke 22:70	ὁ	ὁ	RA	----NSM-
Luke 22:70	υἱὸς	υἱός	N-	----NSM-
Luke 22:70	τοῦ	ὁ	RA	----GSM-
Luke 22:70	θεοῦ	θεός	N-	----GSM-
Luke 22:70	ὁ	ὁ	RA	----NSM-
Luke 22:70	δὲ	δέ	C-	--------
Luke 22:70	πρὸς	πρός	P-	--------
Luke 22:70	αὐτοὺς	αὐτός	RP	----APM-
Luke 22:70	ἔφη	φημί	V-	3IAI-S--
Luke 22:70	Ὑμεῖς	σύ	RP	----NP--
Luke 22:70	λέγετε	λέγω	V-	2PAI-P--
Luke 22:70	ὅτι	ὅτι	C-	--------
Luke 22:70	ἐγώ	ἐγώ	RP	----NS--
Luke 22:70	εἰμι	εἰμί	V-	1PAI-S--
Luke 22:71	οἱ	ὁ	RA	----NPM-
Luke 22:71	δὲ	δέ	C-	--------
Luke 22:71	εἶπαν	λέγω	V-	3AAI-P--
Luke 22:71	Τί	τίς	RI	----ASN-
Luke 22:71	ἔτι	ἔτι	D-	--------
Luke 22:71	ἔχομεν	ἔχω	V-	1PAI-P--
Luke 22:71	μαρτυρίας	μαρτυρία	N-	----GSF-
Luke 22:71	χρείαν	χρεία	N-	----ASF-
Luke 22:71	αὐτοὶ	αὐτός	RP	----NPM-
Luke 22:71	γὰρ	γάρ	C-	--------
Luke 22:71	ἠκούσαμεν	ἀκούω	V-	1AAI-P--
Luke 22:71	ἀπὸ	ἀπό	P-	--------
Luke 22:71	τοῦ	ὁ	RA	----GSN-
Luke 22:71	στόματος	στόμα	N-	----GSN-
Luke 22:71	αὐτοῦ	αὐτός	RP	----GSM-
Luke 23:1	Καὶ	καί	C-	--------
Luke 23:1	ἀναστὰν	ἀνίστημι	V-	-AAPNSN-
Luke 23:1	ἅπαν	ἅπας	A-	----NSN-
Luke 23:1	τὸ	ὁ	RA	----NSN-
Luke 23:1	πλῆθος	πλῆθος	N-	----NSN-
Luke 23:1	αὐτῶν	αὐτός	RP	----GPM-
Luke 23:1	ἤγαγον	ἄγω	V-	3AAI-P--
Luke 23:1	αὐτὸν	αὐτός	RP	----ASM-
Luke 23:1	ἐπὶ	ἐπί	P-	--------
Luke 23:1	τὸν	ὁ	RA	----ASM-
Luke 23:1	Πιλᾶτον	Πιλᾶτος	N-	----ASM-
Luke 23:2	ἤρξαντο	ἄρχω	V-	3AMI-P--
Luke 23:2	δὲ	δέ	C-	--------
Luke 23:2	κατηγορεῖν	κατηγορέω	V-	-PAN----
Luke 23:2	αὐτοῦ	αὐτός	RP	----GSM-
Luke 23:2	λέγοντες	λέγω	V-	-PAPNPM-
Luke 23:2	Τοῦτον	οὗτος	RD	----ASM-
Luke 23:2	εὕραμεν	εὑρίσκω	V-	1AAI-P--
Luke 23:2	διαστρέφοντα	διαστρέφω	V-	-PAPASM-
Luke 23:2	τὸ	ὁ	RA	----ASN-
Luke 23:2	ἔθνος	ἔθνος	N-	----ASN-
Luke 23:2	ἡμῶν	ἐγώ	RP	----GP--
Luke 23:2	καὶ	καί	C-	--------
Luke 23:2	κωλύοντα	κωλύω	V-	-PAPASM-
Luke 23:2	φόρους	φόρος	N-	----APM-
Luke 23:2	Καίσαρι	Καῖσαρ	N-	----DSM-
Luke 23:2	διδόναι	δίδωμι	V-	-PAN----
Luke 23:2	καὶ	καί	C-	--------
Luke 23:2	λέγοντα	λέγω	V-	-PAPASM-
Luke 23:2	αὑτὸν	ἑαυτοῦ	RP	----ASM-
Luke 23:2	χριστὸν	Χριστός	N-	----ASM-
Luke 23:2	βασιλέα	βασιλεύς	N-	----ASM-
Luke 23:2	εἶναι	εἰμί	V-	-PAN----
Luke 23:3	ὁ	ὁ	RA	----NSM-
Luke 23:3	δὲ	δέ	C-	--------
Luke 23:3	Πιλᾶτος	Πιλᾶτος	N-	----NSM-
Luke 23:3	ἠρώτησεν	ἐρωτάω	V-	3AAI-S--
Luke 23:3	αὐτὸν	αὐτός	RP	----ASM-
Luke 23:3	λέγων	λέγω	V-	-PAPNSM-
Luke 23:3	Σὺ	σύ	RP	----NS--
Luke 23:3	εἶ	εἰμί	V-	2PAI-S--
Luke 23:3	ὁ	ὁ	RA	----NSM-
Luke 23:3	βασιλεὺς	βασιλεύς	N-	----NSM-
Luke 23:3	τῶν	ὁ	RA	----GPM-
Luke 23:3	Ἰουδαίων	Ἰουδαῖος	A-	----GPM-
Luke 23:3	ὁ	ὁ	RA	----NSM-
Luke 23:3	δὲ	δέ	C-	--------
Luke 23:3	ἀποκριθεὶς	ἀποκρίνομαι	V-	-APPNSM-
Luke 23:3	αὐτῷ	αὐτός	RP	----DSM-
Luke 23:3	ἔφη	φημί	V-	3IAI-S--
Luke 23:3	Σὺ	σύ	RP	----NS--
Luke 23:3	λέγεις	λέγω	V-	2PAI-S--
Luke 23:4	ὁ	ὁ	RA	----NSM-
Luke 23:4	δὲ	δέ	C-	--------
Luke 23:4	Πιλᾶτος	Πιλᾶτος	N-	----NSM-
Luke 23:4	εἶπεν	λέγω	V-	3AAI-S--
Luke 23:4	πρὸς	πρός	P-	--------
Luke 23:4	τοὺς	ὁ	RA	----APM-
Luke 23:4	ἀρχιερεῖς	ἀρχιερεύς	N-	----APM-
Luke 23:4	καὶ	καί	C-	--------
Luke 23:4	τοὺς	ὁ	RA	----APM-
Luke 23:4	ὄχλους	ὄχλος	N-	----APM-
Luke 23:4	Οὐδὲν	οὐδείς	A-	----ASN-
Luke 23:4	εὑρίσκω	εὑρίσκω	V-	1PAI-S--
Luke 23:4	αἴτιον	αἴτιος	A-	----ASN-
Luke 23:4	ἐν	ἐν	P-	--------
Luke 23:4	τῷ	ὁ	RA	----DSM-
Luke 23:4	ἀνθρώπῳ	ἄνθρωπος	N-	----DSM-
Luke 23:4	τούτῳ	οὗτος	RD	----DSM-
Luke 23:5	οἱ	ὁ	RA	----NPM-
Luke 23:5	δὲ	δέ	C-	--------
Luke 23:5	ἐπίσχυον	ἐπισχύω	V-	3IAI-P--
Luke 23:5	λέγοντες	λέγω	V-	-PAPNPM-
Luke 23:5	ὅτι	ὅτι	C-	--------
Luke 23:5	Ἀνασείει	ἀνασείω	V-	3PAI-S--
Luke 23:5	τὸν	ὁ	RA	----ASM-
Luke 23:5	λαὸν	λαός	N-	----ASM-
Luke 23:5	διδάσκων	διδάσκω	V-	-PAPNSM-
Luke 23:5	καθ’	κατά	P-	--------
Luke 23:5	ὅλης	ὅλος	A-	----GSF-
Luke 23:5	τῆς	ὁ	RA	----GSF-
Luke 23:5	Ἰουδαίας	Ἰουδαία	N-	----GSF-
Luke 23:5	καὶ	καί	D-	--------
Luke 23:5	ἀρξάμενος	ἄρχω	V-	-AMPNSM-
Luke 23:5	ἀπὸ	ἀπό	P-	--------
Luke 23:5	τῆς	ὁ	RA	----GSF-
Luke 23:5	Γαλιλαίας	Γαλιλαία	N-	----GSF-
Luke 23:5	ἕως	ἕως	P-	--------
Luke 23:5	ὧδε	ὧδε	D-	--------
Luke 23:6	Πιλᾶτος	Πιλᾶτος	N-	----NSM-
Luke 23:6	δὲ	δέ	C-	--------
Luke 23:6	ἀκούσας	ἀκούω	V-	-AAPNSM-
Luke 23:6	ἐπηρώτησεν	ἐπερωτάω	V-	3AAI-S--
Luke 23:6	εἰ	εἰ	X-	--------
Luke 23:6	ὁ	ὁ	RA	----NSM-
Luke 23:6	ἄνθρωπος	ἄνθρωπος	N-	----NSM-
Luke 23:6	Γαλιλαῖός	Γαλιλαῖος	A-	----NSM-
Luke 23:6	ἐστιν	εἰμί	V-	3PAI-S--
Luke 23:7	καὶ	καί	C-	--------
Luke 23:7	ἐπιγνοὺς	ἐπιγινώσκω	V-	-AAPNSM-
Luke 23:7	ὅτι	ὅτι	C-	--------
Luke 23:7	ἐκ	ἐκ	P-	--------
Luke 23:7	τῆς	ὁ	RA	----GSF-
Luke 23:7	ἐξουσίας	ἐξουσία	N-	----GSF-
Luke 23:7	Ἡρῴδου	Ἡρῴδης	N-	----GSM-
Luke 23:7	ἐστὶν	εἰμί	V-	3PAI-S--
Luke 23:7	ἀνέπεμψεν	ἀναπέμπω	V-	3AAI-S--
Luke 23:7	αὐτὸν	αὐτός	RP	----ASM-
Luke 23:7	πρὸς	πρός	P-	--------
Luke 23:7	Ἡρῴδην	Ἡρῴδης	N-	----ASM-
Luke 23:7	ὄντα	εἰμί	V-	-PAPASM-
Luke 23:7	καὶ	καί	D-	--------
Luke 23:7	αὐτὸν	αὐτός	RP	----ASM-
Luke 23:7	ἐν	ἐν	P-	--------
Luke 23:7	Ἱεροσολύμοις	Ἱεροσόλυμα	N-	----DPN-
Luke 23:7	ἐν	ἐν	P-	--------
Luke 23:7	ταύταις	οὗτος	RD	----DPF-
Luke 23:7	ταῖς	ὁ	RA	----DPF-
Luke 23:7	ἡμέραις	ἡμέρα	N-	----DPF-
Luke 23:8	ὁ	ὁ	RA	----NSM-
Luke 23:8	δὲ	δέ	C-	--------
Luke 23:8	Ἡρῴδης	Ἡρῴδης	N-	----NSM-
Luke 23:8	ἰδὼν	ὁράω	V-	-AAPNSM-
Luke 23:8	τὸν	ὁ	RA	----ASM-
Luke 23:8	Ἰησοῦν	Ἰησοῦς	N-	----ASM-
Luke 23:8	ἐχάρη	χαίρω	V-	3API-S--
Luke 23:8	λίαν	λίαν	D-	--------
Luke 23:8	ἦν	εἰμί	V-	3IAI-S--
Luke 23:8	γὰρ	γάρ	C-	--------
Luke 23:8	ἐξ	ἐκ	P-	--------
Luke 23:8	ἱκανῶν	ἱκανός	A-	----GPM-
Luke 23:8	χρόνων	χρόνος	N-	----GPM-
Luke 23:8	θέλων	θέλω	V-	-PAPNSM-
Luke 23:8	ἰδεῖν	ὁράω	V-	-AAN----
Luke 23:8	αὐτὸν	αὐτός	RP	----ASM-
Luke 23:8	διὰ	διά	P-	--------
Luke 23:8	τὸ	ὁ	RA	----ASN-
Luke 23:8	ἀκούειν	ἀκούω	V-	-PAN----
Luke 23:8	περὶ	περί	P-	--------
Luke 23:8	αὐτοῦ	αὐτός	RP	----GSM-
Luke 23:8	καὶ	καί	C-	--------
Luke 23:8	ἤλπιζέν	ἐλπίζω	V-	3IAI-S--
Luke 23:8	τι	τις	RI	----ASN-
Luke 23:8	σημεῖον	σημεῖον	N-	----ASN-
Luke 23:8	ἰδεῖν	ὁράω	V-	-AAN----
Luke 23:8	ὑπ’	ὑπό	P-	--------
Luke 23:8	αὐτοῦ	αὐτός	RP	----GSM-
Luke 23:8	γινόμενον	γίνομαι	V-	-PMPASN-
Luke 23:9	ἐπηρώτα	ἐπερωτάω	V-	3IAI-S--
Luke 23:9	δὲ	δέ	C-	--------
Luke 23:9	αὐτὸν	αὐτός	RP	----ASM-
Luke 23:9	ἐν	ἐν	P-	--------
Luke 23:9	λόγοις	λόγος	N-	----DPM-
Luke 23:9	ἱκανοῖς	ἱκανός	A-	----DPM-
Luke 23:9	αὐτὸς	αὐτός	RP	----NSM-
Luke 23:9	δὲ	δέ	C-	--------
Luke 23:9	οὐδὲν	οὐδείς	A-	----ASN-
Luke 23:9	ἀπεκρίνατο	ἀποκρίνομαι	V-	3AMI-S--
Luke 23:9	αὐτῷ	αὐτός	RP	----DSM-
Luke 23:10	εἱστήκεισαν	ἵστημι	V-	3YAI-P--
Luke 23:10	δὲ	δέ	C-	--------
Luke 23:10	οἱ	ὁ	RA	----NPM-
Luke 23:10	ἀρχιερεῖς	ἀρχιερεύς	N-	----NPM-
Luke 23:10	καὶ	καί	C-	--------
Luke 23:10	οἱ	ὁ	RA	----NPM-
Luke 23:10	γραμματεῖς	γραμματεύς	N-	----NPM-
Luke 23:10	εὐτόνως	εὐτόνως	D-	--------
Luke 23:10	κατηγοροῦντες	κατηγορέω	V-	-PAPNPM-
Luke 23:10	αὐτοῦ	αὐτός	RP	----GSM-
Luke 23:11	ἐξουθενήσας	ἐξουθενέω	V-	-AAPNSM-
Luke 23:11	δὲ	δέ	C-	--------
Luke 23:11	αὐτὸν	αὐτός	RP	----ASM-
Luke 23:11	καὶ	καί	D-	--------
Luke 23:11	ὁ	ὁ	RA	----NSM-
Luke 23:11	Ἡρῴδης	Ἡρῴδης	N-	----NSM-
Luke 23:11	σὺν	σύν	P-	--------
Luke 23:11	τοῖς	ὁ	RA	----DPN-
Luke 23:11	στρατεύμασιν	στράτευμα	N-	----DPN-
Luke 23:11	αὐτοῦ	αὐτός	RP	----GSM-
Luke 23:11	καὶ	καί	C-	--------
Luke 23:11	ἐμπαίξας	ἐμπαίζω	V-	-AAPNSM-
Luke 23:11	περιβαλὼν	περιβάλλω	V-	-AAPNSM-
Luke 23:11	ἐσθῆτα	ἐσθής	N-	----ASF-
Luke 23:11	λαμπρὰν	λαμπρός	A-	----ASF-
Luke 23:11	ἀνέπεμψεν	ἀναπέμπω	V-	3AAI-S--
Luke 23:11	αὐτὸν	αὐτός	RP	----ASM-
Luke 23:11	τῷ	ὁ	RA	----DSM-
Luke 23:11	Πιλάτῳ	Πιλᾶτος	N-	----DSM-
Luke 23:12	ἐγένοντο	γίνομαι	V-	3AMI-P--
Luke 23:12	δὲ	δέ	C-	--------
Luke 23:12	φίλοι	φίλος	A-	----NPM-
Luke 23:12	ὅ	ὁ	RA	----NSM-
Luke 23:12	τε	τέ	C-	--------
Luke 23:12	Ἡρῴδης	Ἡρῴδης	N-	----NSM-
Luke 23:12	καὶ	καί	C-	--------
Luke 23:12	ὁ	ὁ	RA	----NSM-
Luke 23:12	Πιλᾶτος	Πιλᾶτος	N-	----NSM-
Luke 23:12	ἐν	ἐν	P-	--------
Luke 23:12	αὐτῇ	αὐτός	RP	----DSF-
Luke 23:12	τῇ	ὁ	RA	----DSF-
Luke 23:12	ἡμέρᾳ	ἡμέρα	N-	----DSF-
Luke 23:12	μετ’	μετά	P-	--------
Luke 23:12	ἀλλήλων	ἀλλήλων	RP	----GPM-
Luke 23:12	προϋπῆρχον	προϋπάρχω	V-	3IAI-P--
Luke 23:12	γὰρ	γάρ	C-	--------
Luke 23:12	ἐν	ἐν	P-	--------
Luke 23:12	ἔχθρᾳ	ἔχθρα	N-	----DSF-
Luke 23:12	ὄντες	εἰμί	V-	-PAPNPM-
Luke 23:12	πρὸς	πρός	P-	--------
Luke 23:12	αὑτούς	ἑαυτοῦ	RP	----APM-
Luke 23:13	Πιλᾶτος	Πιλᾶτος	N-	----NSM-
Luke 23:13	δὲ	δέ	C-	--------
Luke 23:13	συγκαλεσάμενος	συγκαλέω	V-	-AMPNSM-
Luke 23:13	τοὺς	ὁ	RA	----APM-
Luke 23:13	ἀρχιερεῖς	ἀρχιερεύς	N-	----APM-
Luke 23:13	καὶ	καί	C-	--------
Luke 23:13	τοὺς	ὁ	RA	----APM-
Luke 23:13	ἄρχοντας	ἄρχων	N-	----APM-
Luke 23:13	καὶ	καί	C-	--------
Luke 23:13	τὸν	ὁ	RA	----ASM-
Luke 23:13	λαὸν	λαός	N-	----ASM-
Luke 23:14	εἶπεν	λέγω	V-	3AAI-S--
Luke 23:14	πρὸς	πρός	P-	--------
Luke 23:14	αὐτούς	αὐτός	RP	----APM-
Luke 23:14	Προσηνέγκατέ	προσφέρω	V-	2AAI-P--
Luke 23:14	μοι	ἐγώ	RP	----DS--
Luke 23:14	τὸν	ὁ	RA	----ASM-
Luke 23:14	ἄνθρωπον	ἄνθρωπος	N-	----ASM-
Luke 23:14	τοῦτον	οὗτος	RD	----ASM-
Luke 23:14	ὡς	ὡς	C-	--------
Luke 23:14	ἀποστρέφοντα	ἀποστρέφω	V-	-PAPASM-
Luke 23:14	τὸν	ὁ	RA	----ASM-
Luke 23:14	λαόν	λαός	N-	----ASM-
Luke 23:14	καὶ	καί	C-	--------
Luke 23:14	ἰδοὺ	ἰδού	X-	--------
Luke 23:14	ἐγὼ	ἐγώ	RP	----NS--
Luke 23:14	ἐνώπιον	ἐνώπιον	P-	--------
Luke 23:14	ὑμῶν	σύ	RP	----GP--
Luke 23:14	ἀνακρίνας	ἀνακρίνω	V-	-AAPNSM-
Luke 23:14	οὐθὲν	οὐδείς	A-	----ASN-
Luke 23:14	εὗρον	εὑρίσκω	V-	1AAI-S--
Luke 23:14	ἐν	ἐν	P-	--------
Luke 23:14	τῷ	ὁ	RA	----DSM-
Luke 23:14	ἀνθρώπῳ	ἄνθρωπος	N-	----DSM-
Luke 23:14	τούτῳ	οὗτος	RD	----DSM-
Luke 23:14	αἴτιον	αἴτιος	A-	----ASN-
Luke 23:14	ὧν	ὅς	RR	----GPN-
Luke 23:14	κατηγορεῖτε	κατηγορέω	V-	2PAI-P--
Luke 23:14	κατ’	κατά	P-	--------
Luke 23:14	αὐτοῦ	αὐτός	RP	----GSM-
Luke 23:15	ἀλλ’	ἀλλά	C-	--------
Luke 23:15	οὐδὲ	οὐδέ	D-	--------
Luke 23:15	Ἡρῴδης	Ἡρῴδης	N-	----NSM-
Luke 23:15	ἀνέπεμψεν	ἀναπέμπω	V-	3AAI-S--
Luke 23:15	γὰρ	γάρ	C-	--------
Luke 23:15	αὐτὸν	αὐτός	RP	----ASM-
Luke 23:15	πρὸς	πρός	P-	--------
Luke 23:15	ἡμᾶς	ἐγώ	RP	----AP--
Luke 23:15	καὶ	καί	C-	--------
Luke 23:15	ἰδοὺ	ἰδού	X-	--------
Luke 23:15	οὐδὲν	οὐδείς	A-	----NSN-
Luke 23:15	ἄξιον	ἄξιος	A-	----NSN-
Luke 23:15	θανάτου	θάνατος	N-	----GSM-
Luke 23:15	ἐστὶν	εἰμί	V-	3PAI-S--
Luke 23:15	πεπραγμένον	πράσσω	V-	-XPPNSN-
Luke 23:15	αὐτῷ	αὐτός	RP	----DSM-
Luke 23:16	παιδεύσας	παιδεύω	V-	-AAPNSM-
Luke 23:16	οὖν	οὖν	C-	--------
Luke 23:16	αὐτὸν	αὐτός	RP	----ASM-
Luke 23:16	ἀπολύσω	ἀπολύω	V-	1FAI-S--
Luke 23:18	Ἀνέκραγον	ἀνακράζω	V-	3AAI-P--
Luke 23:18	δὲ	δέ	C-	--------
Luke 23:18	παμπληθεὶ	παμπληθεί	D-	--------
Luke 23:18	λέγοντες	λέγω	V-	-PAPNPM-
Luke 23:18	Αἶρε	αἴρω	V-	2PAD-S--
Luke 23:18	τοῦτον	οὗτος	RD	----ASM-
Luke 23:18	ἀπόλυσον	ἀπολύω	V-	2AAD-S--
Luke 23:18	δὲ	δέ	C-	--------
Luke 23:18	ἡμῖν	ἐγώ	RP	----DP--
Luke 23:18	τὸν	ὁ	RA	----ASM-
Luke 23:18	Βαραββᾶν	Βαραββᾶς	N-	----ASM-
Luke 23:19	ὅστις	ὅστις	RR	----NSM-
Luke 23:19	ἦν	εἰμί	V-	3IAI-S--
Luke 23:19	διὰ	διά	P-	--------
Luke 23:19	στάσιν	στάσις	N-	----ASF-
Luke 23:19	τινὰ	τις	RI	----ASF-
Luke 23:19	γενομένην	γίνομαι	V-	-AMPASF-
Luke 23:19	ἐν	ἐν	P-	--------
Luke 23:19	τῇ	ὁ	RA	----DSF-
Luke 23:19	πόλει	πόλις	N-	----DSF-
Luke 23:19	καὶ	καί	C-	--------
Luke 23:19	φόνον	φόνος	N-	----ASM-
Luke 23:19	βληθεὶς	βάλλω	V-	-APPNSM-
Luke 23:19	ἐν	ἐν	P-	--------
Luke 23:19	τῇ	ὁ	RA	----DSF-
Luke 23:19	φυλακῇ	φυλακή	N-	----DSF-
Luke 23:20	πάλιν	πάλιν	D-	--------
Luke 23:20	δὲ	δέ	C-	--------
Luke 23:20	ὁ	ὁ	RA	----NSM-
Luke 23:20	Πιλᾶτος	Πιλᾶτος	N-	----NSM-
Luke 23:20	προσεφώνησεν	προσφωνέω	V-	3AAI-S--
Luke 23:20	θέλων	θέλω	V-	-PAPNSM-
Luke 23:20	ἀπολῦσαι	ἀπολύω	V-	-AAN----
Luke 23:20	τὸν	ὁ	RA	----ASM-
Luke 23:20	Ἰησοῦν	Ἰησοῦς	N-	----ASM-
Luke 23:21	οἱ	ὁ	RA	----NPM-
Luke 23:21	δὲ	δέ	C-	--------
Luke 23:21	ἐπεφώνουν	ἐπιφωνέω	V-	3IAI-P--
Luke 23:21	λέγοντες	λέγω	V-	-PAPNPM-
Luke 23:21	Σταύρου	σταυρόω	V-	2PAD-S--
Luke 23:21	σταύρου	σταυρόω	V-	2PAD-S--
Luke 23:21	αὐτόν	αὐτός	RP	----ASM-
Luke 23:22	ὁ	ὁ	RA	----NSM-
Luke 23:22	δὲ	δέ	C-	--------
Luke 23:22	τρίτον	τρίτος	A-	----ASN-
Luke 23:22	εἶπεν	λέγω	V-	3AAI-S--
Luke 23:22	πρὸς	πρός	P-	--------
Luke 23:22	αὐτούς	αὐτός	RP	----APM-
Luke 23:22	Τί	τίς	RI	----ASN-
Luke 23:22	γὰρ	γάρ	C-	--------
Luke 23:22	κακὸν	κακός	A-	----ASN-
Luke 23:22	ἐποίησεν	ποιέω	V-	3AAI-S--
Luke 23:22	οὗτος	οὗτος	RD	----NSM-
Luke 23:22	οὐδὲν	οὐδείς	A-	----ASN-
Luke 23:22	αἴτιον	αἴτιος	A-	----ASN-
Luke 23:22	θανάτου	θάνατος	N-	----GSM-
Luke 23:22	εὗρον	εὑρίσκω	V-	1AAI-S--
Luke 23:22	ἐν	ἐν	P-	--------
Luke 23:22	αὐτῷ	αὐτός	RP	----DSM-
Luke 23:22	παιδεύσας	παιδεύω	V-	-AAPNSM-
Luke 23:22	οὖν	οὖν	C-	--------
Luke 23:22	αὐτὸν	αὐτός	RP	----ASM-
Luke 23:22	ἀπολύσω	ἀπολύω	V-	1FAI-S--
Luke 23:23	οἱ	ὁ	RA	----NPM-
Luke 23:23	δὲ	δέ	C-	--------
Luke 23:23	ἐπέκειντο	ἐπίκειμαι	V-	3IMI-P--
Luke 23:23	φωναῖς	φωνή	N-	----DPF-
Luke 23:23	μεγάλαις	μέγας	A-	----DPF-
Luke 23:23	αἰτούμενοι	αἰτέω	V-	-PMPNPM-
Luke 23:23	αὐτὸν	αὐτός	RP	----ASM-
Luke 23:23	σταυρωθῆναι	σταυρόω	V-	-APN----
Luke 23:23	καὶ	καί	C-	--------
Luke 23:23	κατίσχυον	κατισχύω	V-	3IAI-P--
Luke 23:23	αἱ	ὁ	RA	----NPF-
Luke 23:23	φωναὶ	φωνή	N-	----NPF-
Luke 23:23	αὐτῶν	αὐτός	RP	----GPM-
Luke 23:24	καὶ	καί	C-	--------
Luke 23:24	Πιλᾶτος	Πιλᾶτος	N-	----NSM-
Luke 23:24	ἐπέκρινεν	ἐπικρίνω	V-	3AAI-S--
Luke 23:24	γενέσθαι	γίνομαι	V-	-AMN----
Luke 23:24	τὸ	ὁ	RA	----ASN-
Luke 23:24	αἴτημα	αἴτημα	N-	----ASN-
Luke 23:24	αὐτῶν	αὐτός	RP	----GPM-
Luke 23:25	ἀπέλυσεν	ἀπολύω	V-	3AAI-S--
Luke 23:25	δὲ	δέ	C-	--------
Luke 23:25	τὸν	ὁ	RA	----ASM-
Luke 23:25	διὰ	διά	P-	--------
Luke 23:25	στάσιν	στάσις	N-	----ASF-
Luke 23:25	καὶ	καί	C-	--------
Luke 23:25	φόνον	φόνος	N-	----ASM-
Luke 23:25	βεβλημένον	βάλλω	V-	-XPPASM-
Luke 23:25	εἰς	εἰς	P-	--------
Luke 23:25	φυλακὴν	φυλακή	N-	----ASF-
Luke 23:25	ὃν	ὅς	RR	----ASM-
Luke 23:25	ᾐτοῦντο	αἰτέω	V-	3IMI-P--
Luke 23:25	τὸν	ὁ	RA	----ASM-
Luke 23:25	δὲ	δέ	C-	--------
Luke 23:25	Ἰησοῦν	Ἰησοῦς	N-	----ASM-
Luke 23:25	παρέδωκεν	παραδίδωμι	V-	3AAI-S--
Luke 23:25	τῷ	ὁ	RA	----DSN-
Luke 23:25	θελήματι	θέλημα	N-	----DSN-
Luke 23:25	αὐτῶν	αὐτός	RP	----GPM-
Luke 23:26	Καὶ	καί	C-	--------
Luke 23:26	ὡς	ὡς	C-	--------
Luke 23:26	ἀπήγαγον	ἀπάγω	V-	3AAI-P--
Luke 23:26	αὐτόν	αὐτός	RP	----ASM-
Luke 23:26	ἐπιλαβόμενοι	ἐπιλαμβάνομαι	V-	-AMPNPM-
Luke 23:26	Σίμωνά	Σίμων	N-	----ASM-
Luke 23:26	τινα	τις	RI	----ASM-
Luke 23:26	Κυρηναῖον	Κυρηναῖος	N-	----ASM-
Luke 23:26	ἐρχόμενον	ἔρχομαι	V-	-PMPASM-
Luke 23:26	ἀπ’	ἀπό	P-	--------
Luke 23:26	ἀγροῦ	ἀγρός	N-	----GSM-
Luke 23:26	ἐπέθηκαν	ἐπιτίθημι	V-	3AAI-P--
Luke 23:26	αὐτῷ	αὐτός	RP	----DSM-
Luke 23:26	τὸν	ὁ	RA	----ASM-
Luke 23:26	σταυρὸν	σταυρός	N-	----ASM-
Luke 23:26	φέρειν	φέρω	V-	-PAN----
Luke 23:26	ὄπισθεν	ὄπισθεν	P-	--------
Luke 23:26	τοῦ	ὁ	RA	----GSM-
Luke 23:26	Ἰησοῦ	Ἰησοῦς	N-	----GSM-
Luke 23:27	Ἠκολούθει	ἀκολουθέω	V-	3IAI-S--
Luke 23:27	δὲ	δέ	C-	--------
Luke 23:27	αὐτῷ	αὐτός	RP	----DSM-
Luke 23:27	πολὺ	πολύς	A-	----NSN-
Luke 23:27	πλῆθος	πλῆθος	N-	----NSN-
Luke 23:27	τοῦ	ὁ	RA	----GSM-
Luke 23:27	λαοῦ	λαός	N-	----GSM-
Luke 23:27	καὶ	καί	C-	--------
Luke 23:27	γυναικῶν	γυνή	N-	----GPF-
Luke 23:27	αἳ	ὅς	RR	----NPF-
Luke 23:27	ἐκόπτοντο	κόπτω	V-	3IMI-P--
Luke 23:27	καὶ	καί	C-	--------
Luke 23:27	ἐθρήνουν	θρηνέω	V-	3IAI-P--
Luke 23:27	αὐτόν	αὐτός	RP	----ASM-
Luke 23:28	στραφεὶς	στρέφω	V-	-APPNSM-
Luke 23:28	δὲ	δέ	C-	--------
Luke 23:28	πρὸς	πρός	P-	--------
Luke 23:28	αὐτὰς	αὐτός	RP	----APF-
Luke 23:28	ὁ	ὁ	RA	----NSM-
Luke 23:28	Ἰησοῦς	Ἰησοῦς	N-	----NSM-
Luke 23:28	εἶπεν	λέγω	V-	3AAI-S--
Luke 23:28	Θυγατέρες	θυγάτηρ	N-	----VPF-
Luke 23:28	Ἰερουσαλήμ	Ἰερουσαλήμ	N-	----GSF-
Luke 23:28	μὴ	μή	D-	--------
Luke 23:28	κλαίετε	κλαίω	V-	2PAD-P--
Luke 23:28	ἐπ’	ἐπί	P-	--------
Luke 23:28	ἐμέ	ἐγώ	RP	----AS--
Luke 23:28	πλὴν	πλήν	C-	--------
Luke 23:28	ἐφ’	ἐπί	P-	--------
Luke 23:28	ἑαυτὰς	ἑαυτοῦ	RP	----APF-
Luke 23:28	κλαίετε	κλαίω	V-	2PAD-P--
Luke 23:28	καὶ	καί	C-	--------
Luke 23:28	ἐπὶ	ἐπί	P-	--------
Luke 23:28	τὰ	ὁ	RA	----APN-
Luke 23:28	τέκνα	τέκνον	N-	----APN-
Luke 23:28	ὑμῶν	σύ	RP	----GP--
Luke 23:29	ὅτι	ὅτι	C-	--------
Luke 23:29	ἰδοὺ	ἰδού	X-	--------
Luke 23:29	ἔρχονται	ἔρχομαι	V-	3PMI-P--
Luke 23:29	ἡμέραι	ἡμέρα	N-	----NPF-
Luke 23:29	ἐν	ἐν	P-	--------
Luke 23:29	αἷς	ὅς	RR	----DPF-
Luke 23:29	ἐροῦσιν	λέγω	V-	3FAI-P--
Luke 23:29	Μακάριαι	μακάριος	A-	----NPF-
Luke 23:29	αἱ	ὁ	RA	----NPF-
Luke 23:29	στεῖραι	στεῖρα	A-	----NPF-
Luke 23:29	καὶ	καί	C-	--------
Luke 23:29	αἱ	ὁ	RA	----NPF-
Luke 23:29	κοιλίαι	κοιλία	N-	----NPF-
Luke 23:29	αἳ	ὅς	RR	----NPF-
Luke 23:29	οὐκ	οὐ	D-	--------
Luke 23:29	ἐγέννησαν	γεννάω	V-	3AAI-P--
Luke 23:29	καὶ	καί	C-	--------
Luke 23:29	μαστοὶ	μαστός	N-	----NPM-
Luke 23:29	οἳ	ὅς	RR	----NPM-
Luke 23:29	οὐκ	οὐ	D-	--------
Luke 23:29	ἔθρεψαν	τρέφω	V-	3AAI-P--
Luke 23:30	τότε	τότε	D-	--------
Luke 23:30	ἄρξονται	ἄρχω	V-	3FMI-P--
Luke 23:30	λέγειν	λέγω	V-	-PAN----
Luke 23:30	τοῖς	ὁ	RA	----DPN-
Luke 23:30	ὄρεσιν	ὄρος	N-	----DPN-
Luke 23:30	Πέσετε	πίπτω	V-	2AAD-P--
Luke 23:30	ἐφ’	ἐπί	P-	--------
Luke 23:30	ἡμᾶς	ἐγώ	RP	----AP--
Luke 23:30	καὶ	καί	C-	--------
Luke 23:30	τοῖς	ὁ	RA	----DPM-
Luke 23:30	βουνοῖς	βουνός	N-	----DPM-
Luke 23:30	Καλύψατε	καλύπτω	V-	2AAD-P--
Luke 23:30	ἡμᾶς	ἐγώ	RP	----AP--
Luke 23:31	ὅτι	ὅτι	C-	--------
Luke 23:31	εἰ	εἰ	C-	--------
Luke 23:31	ἐν	ἐν	P-	--------
Luke 23:31	τῷ	ὁ	RA	----DSN-
Luke 23:31	ὑγρῷ	ὑγρός	A-	----DSN-
Luke 23:31	ξύλῳ	ξύλον	N-	----DSN-
Luke 23:31	ταῦτα	οὗτος	RD	----APN-
Luke 23:31	ποιοῦσιν	ποιέω	V-	3PAI-P--
Luke 23:31	ἐν	ἐν	P-	--------
Luke 23:31	τῷ	ὁ	RA	----DSN-
Luke 23:31	ξηρῷ	ξηρός	A-	----DSN-
Luke 23:31	τί	τίς	RI	----NSN-
Luke 23:31	γένηται	γίνομαι	V-	3AMS-S--
Luke 23:32	Ἤγοντο	ἄγω	V-	3IPI-P--
Luke 23:32	δὲ	δέ	C-	--------
Luke 23:32	καὶ	καί	D-	--------
Luke 23:32	ἕτεροι	ἕτερος	A-	----NPM-
Luke 23:32	κακοῦργοι	κακοῦργος	A-	----NPM-
Luke 23:32	δύο	δύο	A-	----NPM-
Luke 23:32	σὺν	σύν	P-	--------
Luke 23:32	αὐτῷ	αὐτός	RP	----DSM-
Luke 23:32	ἀναιρεθῆναι	ἀναιρέω	V-	-APN----
Luke 23:33	καὶ	καί	C-	--------
Luke 23:33	ὅτε	ὅτε	C-	--------
Luke 23:33	ἦλθον	ἔρχομαι	V-	3AAI-P--
Luke 23:33	ἐπὶ	ἐπί	P-	--------
Luke 23:33	τὸν	ὁ	RA	----ASM-
Luke 23:33	τόπον	τόπος	N-	----ASM-
Luke 23:33	τὸν	ὁ	RA	----ASM-
Luke 23:33	καλούμενον	καλέω	V-	-PPPASM-
Luke 23:33	Κρανίον	κρανίον	N-	----ASN-
Luke 23:33	ἐκεῖ	ἐκεῖ	D-	--------
Luke 23:33	ἐσταύρωσαν	σταυρόω	V-	3AAI-P--
Luke 23:33	αὐτὸν	αὐτός	RP	----ASM-
Luke 23:33	καὶ	καί	C-	--------
Luke 23:33	τοὺς	ὁ	RA	----APM-
Luke 23:33	κακούργους	κακοῦργος	A-	----APM-
Luke 23:33	ὃν	ὅς	RR	----ASM-
Luke 23:33	μὲν	μέν	C-	--------
Luke 23:33	ἐκ	ἐκ	P-	--------
Luke 23:33	δεξιῶν	δεξιός	A-	----GPN-
Luke 23:33	ὃν	ὅς	RR	----ASM-
Luke 23:33	δὲ	δέ	C-	--------
Luke 23:33	ἐξ	ἐκ	P-	--------
Luke 23:33	ἀριστερῶν	ἀριστερός	A-	----GPN-
Luke 23:34	ὁ	ὁ	RA	----NSM-
Luke 23:34	δὲ	δέ	C-	--------
Luke 23:34	Ἰησοῦς	Ἰησοῦς	N-	----NSM-
Luke 23:34	ἔλεγεν	λέγω	V-	3IAI-S--
Luke 23:34	Πάτερ	πατήρ	N-	----VSM-
Luke 23:34	ἄφες	ἀφίημι	V-	2AAD-S--
Luke 23:34	αὐτοῖς	αὐτός	RP	----DPM-
Luke 23:34	οὐ	οὐ	D-	--------
Luke 23:34	γὰρ	γάρ	C-	--------
Luke 23:34	οἴδασιν	οἶδα	V-	3XAI-P--
Luke 23:34	τί	τίς	RI	----ASN-
Luke 23:34	ποιοῦσιν	ποιέω	V-	3PAI-P--
Luke 23:34	διαμεριζόμενοι	διαμερίζω	V-	-PMPNPM-
Luke 23:34	δὲ	δέ	C-	--------
Luke 23:34	τὰ	ὁ	RA	----APN-
Luke 23:34	ἱμάτια	ἱμάτιον	N-	----APN-
Luke 23:34	αὐτοῦ	αὐτός	RP	----GSM-
Luke 23:34	ἔβαλον	βάλλω	V-	3AAI-P--
Luke 23:34	κλήρους	κλῆρος	N-	----APM-
Luke 23:35	καὶ	καί	C-	--------
Luke 23:35	εἱστήκει	ἵστημι	V-	3YAI-S--
Luke 23:35	ὁ	ὁ	RA	----NSM-
Luke 23:35	λαὸς	λαός	N-	----NSM-
Luke 23:35	θεωρῶν	θεωρέω	V-	-PAPNSM-
Luke 23:35	ἐξεμυκτήριζον	ἐκμυκτηρίζω	V-	3IAI-P--
Luke 23:35	δὲ	δέ	C-	--------
Luke 23:35	καὶ	καί	D-	--------
Luke 23:35	οἱ	ὁ	RA	----NPM-
Luke 23:35	ἄρχοντες	ἄρχων	N-	----NPM-
Luke 23:35	λέγοντες	λέγω	V-	-PAPNPM-
Luke 23:35	Ἄλλους	ἄλλος	A-	----APM-
Luke 23:35	ἔσωσεν	σῴζω	V-	3AAI-S--
Luke 23:35	σωσάτω	σῴζω	V-	3AAD-S--
Luke 23:35	ἑαυτόν	ἑαυτοῦ	RP	----ASM-
Luke 23:35	εἰ	εἰ	C-	--------
Luke 23:35	οὗτός	οὗτος	RD	----NSM-
Luke 23:35	ἐστιν	εἰμί	V-	3PAI-S--
Luke 23:35	ὁ	ὁ	RA	----NSM-
Luke 23:35	χριστὸς	Χριστός	N-	----NSM-
Luke 23:35	τοῦ	ὁ	RA	----GSM-
Luke 23:35	θεοῦ	θεός	N-	----GSM-
Luke 23:35	ὁ	ὁ	RA	----NSM-
Luke 23:35	ἐκλεκτός	ἐκλεκτός	A-	----NSM-
Luke 23:36	ἐνέπαιξαν	ἐμπαίζω	V-	3AAI-P--
Luke 23:36	δὲ	δέ	C-	--------
Luke 23:36	αὐτῷ	αὐτός	RP	----DSM-
Luke 23:36	καὶ	καί	D-	--------
Luke 23:36	οἱ	ὁ	RA	----NPM-
Luke 23:36	στρατιῶται	στρατιώτης	N-	----NPM-
Luke 23:36	προσερχόμενοι	προσέρχομαι	V-	-PMPNPM-
Luke 23:36	ὄξος	ὄξος	N-	----ASN-
Luke 23:36	προσφέροντες	προσφέρω	V-	-PAPNPM-
Luke 23:36	αὐτῷ	αὐτός	RP	----DSM-
Luke 23:37	καὶ	καί	C-	--------
Luke 23:37	λέγοντες	λέγω	V-	-PAPNPM-
Luke 23:37	Εἰ	εἰ	C-	--------
Luke 23:37	σὺ	σύ	RP	----NS--
Luke 23:37	εἶ	εἰμί	V-	2PAI-S--
Luke 23:37	ὁ	ὁ	RA	----NSM-
Luke 23:37	βασιλεὺς	βασιλεύς	N-	----NSM-
Luke 23:37	τῶν	ὁ	RA	----GPM-
Luke 23:37	Ἰουδαίων	Ἰουδαῖος	A-	----GPM-
Luke 23:37	σῶσον	σῴζω	V-	2AAD-S--
Luke 23:37	σεαυτόν	σεαυτοῦ	RP	----ASM-
Luke 23:38	ἦν	εἰμί	V-	3IAI-S--
Luke 23:38	δὲ	δέ	C-	--------
Luke 23:38	καὶ	καί	D-	--------
Luke 23:38	ἐπιγραφὴ	ἐπιγραφή	N-	----NSF-
Luke 23:38	ἐπ’	ἐπί	P-	--------
Luke 23:38	αὐτῷ	αὐτός	RP	----DSM-
Luke 23:38	Ὁ	ὁ	RA	----NSM-
Luke 23:38	βασιλεὺς	βασιλεύς	N-	----NSM-
Luke 23:38	τῶν	ὁ	RA	----GPM-
Luke 23:38	Ἰουδαίων	Ἰουδαῖος	A-	----GPM-
Luke 23:38	οὗτος	οὗτος	RD	----NSM-
Luke 23:39	Εἷς	εἷς	A-	----NSM-
Luke 23:39	δὲ	δέ	C-	--------
Luke 23:39	τῶν	ὁ	RA	----GPM-
Luke 23:39	κρεμασθέντων	κρεμάννυμι	V-	-APPGPM-
Luke 23:39	κακούργων	κακοῦργος	A-	----GPM-
Luke 23:39	ἐβλασφήμει	βλασφημέω	V-	3IAI-S--
Luke 23:39	αὐτόν	αὐτός	RP	----ASM-
Luke 23:39	λέγων	λέγω	V-	-PAPNSM-
Luke 23:39	Οὐχὶ	οὐχί	X-	--------
Luke 23:39	σὺ	σύ	RP	----NS--
Luke 23:39	εἶ	εἰμί	V-	2PAI-S--
Luke 23:39	ὁ	ὁ	RA	----NSM-
Luke 23:39	χριστός	Χριστός	N-	----NSM-
Luke 23:39	σῶσον	σῴζω	V-	2AAD-S--
Luke 23:39	σεαυτὸν	σεαυτοῦ	RP	----ASM-
Luke 23:39	καὶ	καί	C-	--------
Luke 23:39	ἡμᾶς	ἐγώ	RP	----AP--
Luke 23:40	ἀποκριθεὶς	ἀποκρίνομαι	V-	-APPNSM-
Luke 23:40	δὲ	δέ	C-	--------
Luke 23:40	ὁ	ὁ	RA	----NSM-
Luke 23:40	ἕτερος	ἕτερος	A-	----NSM-
Luke 23:40	ἐπιτιμῶν	ἐπιτιμάω	V-	-PAPNSM-
Luke 23:40	αὐτῷ	αὐτός	RP	----DSM-
Luke 23:40	ἔφη	φημί	V-	3IAI-S--
Luke 23:40	Οὐδὲ	οὐδέ	D-	--------
Luke 23:40	φοβῇ	φοβέομαι	V-	2PMI-S--
Luke 23:40	σὺ	σύ	RP	----NS--
Luke 23:40	τὸν	ὁ	RA	----ASM-
Luke 23:40	θεόν	θεός	N-	----ASM-
Luke 23:40	ὅτι	ὅτι	C-	--------
Luke 23:40	ἐν	ἐν	P-	--------
Luke 23:40	τῷ	ὁ	RA	----DSN-
Luke 23:40	αὐτῷ	αὐτός	A-	----DSN-
Luke 23:40	κρίματι	κρίμα	N-	----DSN-
Luke 23:40	εἶ	εἰμί	V-	2PAI-S--
Luke 23:41	καὶ	καί	C-	--------
Luke 23:41	ἡμεῖς	ἐγώ	RP	----NP--
Luke 23:41	μὲν	μέν	C-	--------
Luke 23:41	δικαίως	δικαίως	D-	--------
Luke 23:41	ἄξια	ἄξιος	A-	----APN-
Luke 23:41	γὰρ	γάρ	C-	--------
Luke 23:41	ὧν	ὅς	RR	----GPN-
Luke 23:41	ἐπράξαμεν	πράσσω	V-	1AAI-P--
Luke 23:41	ἀπολαμβάνομεν	ἀπολαμβάνω	V-	1PAI-P--
Luke 23:41	οὗτος	οὗτος	RD	----NSM-
Luke 23:41	δὲ	δέ	C-	--------
Luke 23:41	οὐδὲν	οὐδείς	A-	----ASN-
Luke 23:41	ἄτοπον	ἄτοπος	A-	----ASN-
Luke 23:41	ἔπραξεν	πράσσω	V-	3AAI-S--
Luke 23:42	καὶ	καί	C-	--------
Luke 23:42	ἔλεγεν	λέγω	V-	3IAI-S--
Luke 23:42	Ἰησοῦ	Ἰησοῦς	N-	----VSM-
Luke 23:42	μνήσθητί	μιμνῄσκομαι	V-	2APD-S--
Luke 23:42	μου	ἐγώ	RP	----GS--
Luke 23:42	ὅταν	ὅταν	C-	--------
Luke 23:42	ἔλθῃς	ἔρχομαι	V-	2AAS-S--
Luke 23:42	ἐν	ἐν	P-	--------
Luke 23:42	τῇ	ὁ	RA	----DSF-
Luke 23:42	βασιλείᾳ	βασιλεία	N-	----DSF-
Luke 23:42	σου	σύ	RP	----GS--
Luke 23:43	καὶ	καί	C-	--------
Luke 23:43	εἶπεν	λέγω	V-	3AAI-S--
Luke 23:43	αὐτῷ	αὐτός	RP	----DSM-
Luke 23:43	Ἀμήν	ἀμήν	X-	--------
Luke 23:43	σοι	σύ	RP	----DS--
Luke 23:43	λέγω	λέγω	V-	1PAI-S--
Luke 23:43	σήμερον	σήμερον	D-	--------
Luke 23:43	μετ’	μετά	P-	--------
Luke 23:43	ἐμοῦ	ἐγώ	RP	----GS--
Luke 23:43	ἔσῃ	εἰμί	V-	2FMI-S--
Luke 23:43	ἐν	ἐν	P-	--------
Luke 23:43	τῷ	ὁ	RA	----DSM-
Luke 23:43	παραδείσῳ	παράδεισος	N-	----DSM-
Luke 23:44	Καὶ	καί	C-	--------
Luke 23:44	ἦν	εἰμί	V-	3IAI-S--
Luke 23:44	ἤδη	ἤδη	D-	--------
Luke 23:44	ὡσεὶ	ὡσεί	D-	--------
Luke 23:44	ὥρα	ὥρα	N-	----NSF-
Luke 23:44	ἕκτη	ἕκτος	A-	----NSF-
Luke 23:44	καὶ	καί	C-	--------
Luke 23:44	σκότος	σκότος	N-	----NSN-
Luke 23:44	ἐγένετο	γίνομαι	V-	3AMI-S--
Luke 23:44	ἐφ’	ἐπί	P-	--------
Luke 23:44	ὅλην	ὅλος	A-	----ASF-
Luke 23:44	τὴν	ὁ	RA	----ASF-
Luke 23:44	γῆν	γῆ	N-	----ASF-
Luke 23:44	ἕως	ἕως	P-	--------
Luke 23:44	ὥρας	ὥρα	N-	----GSF-
Luke 23:44	ἐνάτης	ἔνατος	A-	----GSF-
Luke 23:45	τοῦ	ὁ	RA	----GSM-
Luke 23:45	ἡλίου	ἥλιος	N-	----GSM-
Luke 23:45	ἐκλιπόντος	ἐκλείπω	V-	-AAPGSM-
Luke 23:45	ἐσχίσθη	σχίζω	V-	3API-S--
Luke 23:45	δὲ	δέ	C-	--------
Luke 23:45	τὸ	ὁ	RA	----NSN-
Luke 23:45	καταπέτασμα	καταπέτασμα	N-	----NSN-
Luke 23:45	τοῦ	ὁ	RA	----GSM-
Luke 23:45	ναοῦ	ναός	N-	----GSM-
Luke 23:45	μέσον	μέσος	A-	----ASN-
Luke 23:46	καὶ	καί	C-	--------
Luke 23:46	φωνήσας	φωνέω	V-	-AAPNSM-
Luke 23:46	φωνῇ	φωνή	N-	----DSF-
Luke 23:46	μεγάλῃ	μέγας	A-	----DSF-
Luke 23:46	ὁ	ὁ	RA	----NSM-
Luke 23:46	Ἰησοῦς	Ἰησοῦς	N-	----NSM-
Luke 23:46	εἶπεν	λέγω	V-	3AAI-S--
Luke 23:46	Πάτερ	πατήρ	N-	----VSM-
Luke 23:46	εἰς	εἰς	P-	--------
Luke 23:46	χεῖράς	χείρ	N-	----APF-
Luke 23:46	σου	σύ	RP	----GS--
Luke 23:46	παρατίθεμαι	παρατίθημι	V-	1PMI-S--
Luke 23:46	τὸ	ὁ	RA	----ASN-
Luke 23:46	πνεῦμά	πνεῦμα	N-	----ASN-
Luke 23:46	μου	ἐγώ	RP	----GS--
Luke 23:46	τοῦτο	οὗτος	RD	----ASN-
Luke 23:46	δὲ	δέ	C-	--------
Luke 23:46	εἰπὼν	λέγω	V-	-AAPNSM-
Luke 23:46	ἐξέπνευσεν	ἐκπνέω	V-	3AAI-S--
Luke 23:47	Ἰδὼν	ὁράω	V-	-AAPNSM-
Luke 23:47	δὲ	δέ	C-	--------
Luke 23:47	ὁ	ὁ	RA	----NSM-
Luke 23:47	ἑκατοντάρχης	ἑκατοντάρχης	N-	----NSM-
Luke 23:47	τὸ	ὁ	RA	----ASN-
Luke 23:47	γενόμενον	γίνομαι	V-	-AMPASN-
Luke 23:47	ἐδόξαζεν	δοξάζω	V-	3IAI-S--
Luke 23:47	τὸν	ὁ	RA	----ASM-
Luke 23:47	θεὸν	θεός	N-	----ASM-
Luke 23:47	λέγων	λέγω	V-	-PAPNSM-
Luke 23:47	Ὄντως	ὄντως	D-	--------
Luke 23:47	ὁ	ὁ	RA	----NSM-
Luke 23:47	ἄνθρωπος	ἄνθρωπος	N-	----NSM-
Luke 23:47	οὗτος	οὗτος	RD	----NSM-
Luke 23:47	δίκαιος	δίκαιος	A-	----NSM-
Luke 23:47	ἦν	εἰμί	V-	3IAI-S--
Luke 23:48	καὶ	καί	C-	--------
Luke 23:48	πάντες	πᾶς	A-	----NPM-
Luke 23:48	οἱ	ὁ	RA	----NPM-
Luke 23:48	συμπαραγενόμενοι	συμπαραγίνομαι	V-	-AMPNPM-
Luke 23:48	ὄχλοι	ὄχλος	N-	----NPM-
Luke 23:48	ἐπὶ	ἐπί	P-	--------
Luke 23:48	τὴν	ὁ	RA	----ASF-
Luke 23:48	θεωρίαν	θεωρία	N-	----ASF-
Luke 23:48	ταύτην	οὗτος	RD	----ASF-
Luke 23:48	θεωρήσαντες	θεωρέω	V-	-AAPNPM-
Luke 23:48	τὰ	ὁ	RA	----APN-
Luke 23:48	γενόμενα	γίνομαι	V-	-AMPAPN-
Luke 23:48	τύπτοντες	τύπτω	V-	-PAPNPM-
Luke 23:48	τὰ	ὁ	RA	----APN-
Luke 23:48	στήθη	στῆθος	N-	----APN-
Luke 23:48	ὑπέστρεφον	ὑποστρέφω	V-	3IAI-P--
Luke 23:49	εἱστήκεισαν	ἵστημι	V-	3YAI-P--
Luke 23:49	δὲ	δέ	C-	--------
Luke 23:49	πάντες	πᾶς	A-	----NPM-
Luke 23:49	οἱ	ὁ	RA	----NPM-
Luke 23:49	γνωστοὶ	γνωστός	A-	----NPM-
Luke 23:49	αὐτῷ	αὐτός	RP	----DSM-
Luke 23:49	μακρόθεν	μακρόθεν	D-	--------
Luke 23:49	καὶ	καί	C-	--------
Luke 23:49	γυναῖκες	γυνή	N-	----NPF-
Luke 23:49	αἱ	ὁ	RA	----NPF-
Luke 23:49	συνακολουθοῦσαι	συνακολουθέω	V-	-PAPNPF-
Luke 23:49	αὐτῷ	αὐτός	RP	----DSM-
Luke 23:49	ἀπὸ	ἀπό	P-	--------
Luke 23:49	τῆς	ὁ	RA	----GSF-
Luke 23:49	Γαλιλαίας	Γαλιλαία	N-	----GSF-
Luke 23:49	ὁρῶσαι	ὁράω	V-	-PAPNPF-
Luke 23:49	ταῦτα	οὗτος	RD	----APN-
Luke 23:50	Καὶ	καί	C-	--------
Luke 23:50	ἰδοὺ	ἰδού	X-	--------
Luke 23:50	ἀνὴρ	ἀνήρ	N-	----NSM-
Luke 23:50	ὀνόματι	ὄνομα	N-	----DSN-
Luke 23:50	Ἰωσὴφ	Ἰωσήφ	N-	----NSM-
Luke 23:50	βουλευτὴς	βουλευτής	N-	----NSM-
Luke 23:50	ὑπάρχων	ὑπάρχω	V-	-PAPNSM-
Luke 23:50	ἀνὴρ	ἀνήρ	N-	----NSM-
Luke 23:50	ἀγαθὸς	ἀγαθός	A-	----NSM-
Luke 23:50	καὶ	καί	C-	--------
Luke 23:50	δίκαιος	δίκαιος	A-	----NSM-
Luke 23:51	οὗτος	οὗτος	RD	----NSM-
Luke 23:51	οὐκ	οὐ	D-	--------
Luke 23:51	ἦν	εἰμί	V-	3IAI-S--
Luke 23:51	συγκατατεθειμένος	συγκατατίθεμαι	V-	-XMPNSM-
Luke 23:51	τῇ	ὁ	RA	----DSF-
Luke 23:51	βουλῇ	βουλή	N-	----DSF-
Luke 23:51	καὶ	καί	C-	--------
Luke 23:51	τῇ	ὁ	RA	----DSF-
Luke 23:51	πράξει	πρᾶξις	N-	----DSF-
Luke 23:51	αὐτῶν	αὐτός	RP	----GPM-
Luke 23:51	ἀπὸ	ἀπό	P-	--------
Luke 23:51	Ἁριμαθαίας	Ἁριμαθαία	N-	----GSF-
Luke 23:51	πόλεως	πόλις	N-	----GSF-
Luke 23:51	τῶν	ὁ	RA	----GPM-
Luke 23:51	Ἰουδαίων	Ἰουδαῖος	A-	----GPM-
Luke 23:51	ὃς	ὅς	RR	----NSM-
Luke 23:51	προσεδέχετο	προσδέχομαι	V-	3IMI-S--
Luke 23:51	τὴν	ὁ	RA	----ASF-
Luke 23:51	βασιλείαν	βασιλεία	N-	----ASF-
Luke 23:51	τοῦ	ὁ	RA	----GSM-
Luke 23:51	θεοῦ	θεός	N-	----GSM-
Luke 23:52	οὗτος	οὗτος	RD	----NSM-
Luke 23:52	προσελθὼν	προσέρχομαι	V-	-AAPNSM-
Luke 23:52	τῷ	ὁ	RA	----DSM-
Luke 23:52	Πιλάτῳ	Πιλᾶτος	N-	----DSM-
Luke 23:52	ᾐτήσατο	αἰτέω	V-	3AMI-S--
Luke 23:52	τὸ	ὁ	RA	----ASN-
Luke 23:52	σῶμα	σῶμα	N-	----ASN-
Luke 23:52	τοῦ	ὁ	RA	----GSM-
Luke 23:52	Ἰησοῦ	Ἰησοῦς	N-	----GSM-
Luke 23:53	καὶ	καί	C-	--------
Luke 23:53	καθελὼν	καθαιρέω	V-	-AAPNSM-
Luke 23:53	ἐνετύλιξεν	ἐντυλίσσω	V-	3AAI-S--
Luke 23:53	αὐτὸ	αὐτός	RP	----ASN-
Luke 23:53	σινδόνι	σινδών	N-	----DSF-
Luke 23:53	καὶ	καί	C-	--------
Luke 23:53	ἔθηκεν	τίθημι	V-	3AAI-S--
Luke 23:53	αὐτὸν	αὐτός	RP	----ASM-
Luke 23:53	ἐν	ἐν	P-	--------
Luke 23:53	μνήματι	μνῆμα	N-	----DSN-
Luke 23:53	λαξευτῷ	λαξευτός	A-	----DSN-
Luke 23:53	οὗ	οὗ	D-	--------
Luke 23:53	οὐκ	οὐ	D-	--------
Luke 23:53	ἦν	εἰμί	V-	3IAI-S--
Luke 23:53	οὐδεὶς	οὐδείς	A-	----NSM-
Luke 23:53	οὔπω	οὔπω	D-	--------
Luke 23:53	κείμενος	κεῖμαι	V-	-PMPNSM-
Luke 23:54	καὶ	καί	C-	--------
Luke 23:54	ἡμέρα	ἡμέρα	N-	----NSF-
Luke 23:54	ἦν	εἰμί	V-	3IAI-S--
Luke 23:54	παρασκευῆς	παρασκευή	N-	----GSF-
Luke 23:54	καὶ	καί	C-	--------
Luke 23:54	σάββατον	σάββατον	N-	----NSN-
Luke 23:54	ἐπέφωσκεν	ἐπιφώσκω	V-	3IAI-S--
Luke 23:55	κατακολουθήσασαι	κατακολουθέω	V-	-AAPNPF-
Luke 23:55	δὲ	δέ	C-	--------
Luke 23:55	αἱ	ὁ	RA	----NPF-
Luke 23:55	γυναῖκες	γυνή	N-	----NPF-
Luke 23:55	αἵτινες	ὅστις	RR	----NPF-
Luke 23:55	ἦσαν	εἰμί	V-	3IAI-P--
Luke 23:55	συνεληλυθυῖαι	συνέρχομαι	V-	-XAPNPF-
Luke 23:55	ἐκ	ἐκ	P-	--------
Luke 23:55	τῆς	ὁ	RA	----GSF-
Luke 23:55	Γαλιλαίας	Γαλιλαία	N-	----GSF-
Luke 23:55	αὐτῷ	αὐτός	RP	----DSM-
Luke 23:55	ἐθεάσαντο	θεάομαι	V-	3AMI-P--
Luke 23:55	τὸ	ὁ	RA	----ASN-
Luke 23:55	μνημεῖον	μνημεῖον	N-	----ASN-
Luke 23:55	καὶ	καί	C-	--------
Luke 23:55	ὡς	ὡς	C-	--------
Luke 23:55	ἐτέθη	τίθημι	V-	3API-S--
Luke 23:55	τὸ	ὁ	RA	----NSN-
Luke 23:55	σῶμα	σῶμα	N-	----NSN-
Luke 23:55	αὐτοῦ	αὐτός	RP	----GSM-
Luke 23:56	ὑποστρέψασαι	ὑποστρέφω	V-	-AAPNPF-
Luke 23:56	δὲ	δέ	C-	--------
Luke 23:56	ἡτοίμασαν	ἑτοιμάζω	V-	3AAI-P--
Luke 23:56	ἀρώματα	ἄρωμα	N-	----APN-
Luke 23:56	καὶ	καί	C-	--------
Luke 23:56	μύρα	μύρον	N-	----APN-
Luke 23:56	Καὶ	καί	C-	--------
Luke 23:56	τὸ	ὁ	RA	----ASN-
Luke 23:56	μὲν	μέν	C-	--------
Luke 23:56	σάββατον	σάββατον	N-	----ASN-
Luke 23:56	ἡσύχασαν	ἡσυχάζω	V-	3AAI-P--
Luke 23:56	κατὰ	κατά	P-	--------
Luke 23:56	τὴν	ὁ	RA	----ASF-
Luke 23:56	ἐντολήν	ἐντολή	N-	----ASF-
Luke 24:1	τῇ	ὁ	RA	----DSF-
Luke 24:1	δὲ	δέ	C-	--------
Luke 24:1	μιᾷ	εἷς	A-	----DSF-
Luke 24:1	τῶν	ὁ	RA	----GPN-
Luke 24:1	σαββάτων	σάββατον	N-	----GPN-
Luke 24:1	ὄρθρου	ὄρθρος	N-	----GSM-
Luke 24:1	βαθέως	βαθύς	A-	----GSM-
Luke 24:1	ἐπὶ	ἐπί	P-	--------
Luke 24:1	τὸ	ὁ	RA	----ASN-
Luke 24:1	μνῆμα	μνῆμα	N-	----ASN-
Luke 24:1	ἦλθον	ἔρχομαι	V-	3AAI-P--
Luke 24:1	φέρουσαι	φέρω	V-	-PAPNPF-
Luke 24:1	ἃ	ὅς	RR	----APN-
Luke 24:1	ἡτοίμασαν	ἑτοιμάζω	V-	3AAI-P--
Luke 24:1	ἀρώματα	ἄρωμα	N-	----APN-
Luke 24:2	εὗρον	εὑρίσκω	V-	3AAI-P--
Luke 24:2	δὲ	δέ	C-	--------
Luke 24:2	τὸν	ὁ	RA	----ASM-
Luke 24:2	λίθον	λίθος	N-	----ASM-
Luke 24:2	ἀποκεκυλισμένον	ἀποκυλίω	V-	-XPPASM-
Luke 24:2	ἀπὸ	ἀπό	P-	--------
Luke 24:2	τοῦ	ὁ	RA	----GSN-
Luke 24:2	μνημείου	μνημεῖον	N-	----GSN-
Luke 24:3	εἰσελθοῦσαι	εἰσέρχομαι	V-	-AAPNPF-
Luke 24:3	δὲ	δέ	C-	--------
Luke 24:3	οὐχ	οὐ	D-	--------
Luke 24:3	εὗρον	εὑρίσκω	V-	3AAI-P--
Luke 24:3	τὸ	ὁ	RA	----ASN-
Luke 24:3	σῶμα	σῶμα	N-	----ASN-
Luke 24:4	καὶ	καί	C-	--------
Luke 24:4	ἐγένετο	γίνομαι	V-	3AMI-S--
Luke 24:4	ἐν	ἐν	P-	--------
Luke 24:4	τῷ	ὁ	RA	----DSN-
Luke 24:4	ἀπορεῖσθαι	ἀπορέω	V-	-PMN----
Luke 24:4	αὐτὰς	αὐτός	RP	----APF-
Luke 24:4	περὶ	περί	P-	--------
Luke 24:4	τούτου	οὗτος	RD	----GSN-
Luke 24:4	καὶ	καί	C-	--------
Luke 24:4	ἰδοὺ	ἰδού	X-	--------
Luke 24:4	ἄνδρες	ἀνήρ	N-	----NPM-
Luke 24:4	δύο	δύο	A-	----NPM-
Luke 24:4	ἐπέστησαν	ἐφίστημι	V-	3AAI-P--
Luke 24:4	αὐταῖς	αὐτός	RP	----DPF-
Luke 24:4	ἐν	ἐν	P-	--------
Luke 24:4	ἐσθῆτι	ἐσθής	N-	----DSF-
Luke 24:4	ἀστραπτούσῃ	ἀστράπτω	V-	-PAPDSF-
Luke 24:5	ἐμφόβων	ἔμφοβος	A-	----GPF-
Luke 24:5	δὲ	δέ	C-	--------
Luke 24:5	γενομένων	γίνομαι	V-	-AMPGPF-
Luke 24:5	αὐτῶν	αὐτός	RP	----GPF-
Luke 24:5	καὶ	καί	C-	--------
Luke 24:5	κλινουσῶν	κλίνω	V-	-PAPGPF-
Luke 24:5	τὰ	ὁ	RA	----APN-
Luke 24:5	πρόσωπα	πρόσωπον	N-	----APN-
Luke 24:5	εἰς	εἰς	P-	--------
Luke 24:5	τὴν	ὁ	RA	----ASF-
Luke 24:5	γῆν	γῆ	N-	----ASF-
Luke 24:5	εἶπαν	λέγω	V-	3AAI-P--
Luke 24:5	πρὸς	πρός	P-	--------
Luke 24:5	αὐτάς	αὐτός	RP	----APF-
Luke 24:5	Τί	τίς	RI	----ASN-
Luke 24:5	ζητεῖτε	ζητέω	V-	2PAI-P--
Luke 24:5	τὸν	ὁ	RA	----ASM-
Luke 24:5	ζῶντα	ζάω	V-	-PAPASM-
Luke 24:5	μετὰ	μετά	P-	--------
Luke 24:5	τῶν	ὁ	RA	----GPM-
Luke 24:5	νεκρῶν	νεκρός	A-	----GPM-
Luke 24:6	οὐκ	οὐ	D-	--------
Luke 24:6	ἔστιν	εἰμί	V-	3PAI-S--
Luke 24:6	ὧδε	ὧδε	D-	--------
Luke 24:6	ἀλλὰ	ἀλλά	C-	--------
Luke 24:6	ἠγέρθη	ἐγείρω	V-	3API-S--
Luke 24:6	μνήσθητε	μιμνῄσκομαι	V-	2APD-P--
Luke 24:6	ὡς	ὡς	C-	--------
Luke 24:6	ἐλάλησεν	λαλέω	V-	3AAI-S--
Luke 24:6	ὑμῖν	σύ	RP	----DP--
Luke 24:6	ἔτι	ἔτι	D-	--------
Luke 24:6	ὢν	εἰμί	V-	-PAPNSM-
Luke 24:6	ἐν	ἐν	P-	--------
Luke 24:6	τῇ	ὁ	RA	----DSF-
Luke 24:6	Γαλιλαίᾳ	Γαλιλαία	N-	----DSF-
Luke 24:7	λέγων	λέγω	V-	-PAPNSM-
Luke 24:7	τὸν	ὁ	RA	----ASM-
Luke 24:7	υἱὸν	υἱός	N-	----ASM-
Luke 24:7	τοῦ	ὁ	RA	----GSM-
Luke 24:7	ἀνθρώπου	ἄνθρωπος	N-	----GSM-
Luke 24:7	ὅτι	ὅτι	C-	--------
Luke 24:7	δεῖ	δέω	V-	3PAI-S--
Luke 24:7	παραδοθῆναι	παραδίδωμι	V-	-APN----
Luke 24:7	εἰς	εἰς	P-	--------
Luke 24:7	χεῖρας	χείρ	N-	----APF-
Luke 24:7	ἀνθρώπων	ἄνθρωπος	N-	----GPM-
Luke 24:7	ἁμαρτωλῶν	ἁμαρτωλός	A-	----GPM-
Luke 24:7	καὶ	καί	C-	--------
Luke 24:7	σταυρωθῆναι	σταυρόω	V-	-APN----
Luke 24:7	καὶ	καί	C-	--------
Luke 24:7	τῇ	ὁ	RA	----DSF-
Luke 24:7	τρίτῃ	τρίτος	A-	----DSF-
Luke 24:7	ἡμέρᾳ	ἡμέρα	N-	----DSF-
Luke 24:7	ἀναστῆναι	ἀνίστημι	V-	-AAN----
Luke 24:8	καὶ	καί	C-	--------
Luke 24:8	ἐμνήσθησαν	μιμνῄσκομαι	V-	3API-P--
Luke 24:8	τῶν	ὁ	RA	----GPN-
Luke 24:8	ῥημάτων	ῥῆμα	N-	----GPN-
Luke 24:8	αὐτοῦ	αὐτός	RP	----GSM-
Luke 24:9	καὶ	καί	C-	--------
Luke 24:9	ὑποστρέψασαι	ὑποστρέφω	V-	-AAPNPF-
Luke 24:9	ἀπὸ	ἀπό	P-	--------
Luke 24:9	τοῦ	ὁ	RA	----GSN-
Luke 24:9	μνημείου	μνημεῖον	N-	----GSN-
Luke 24:9	ἀπήγγειλαν	ἀπαγγέλλω	V-	3AAI-P--
Luke 24:9	ταῦτα	οὗτος	RD	----APN-
Luke 24:9	πάντα	πᾶς	A-	----APN-
Luke 24:9	τοῖς	ὁ	RA	----DPM-
Luke 24:9	ἕνδεκα	ἕνδεκα	A-	----DPM-
Luke 24:9	καὶ	καί	C-	--------
Luke 24:9	πᾶσιν	πᾶς	A-	----DPM-
Luke 24:9	τοῖς	ὁ	RA	----DPM-
Luke 24:9	λοιποῖς	λοιπός	A-	----DPM-
Luke 24:10	ἦσαν	εἰμί	V-	3IAI-P--
Luke 24:10	δὲ	δέ	C-	--------
Luke 24:10	ἡ	ὁ	RA	----NSF-
Luke 24:10	Μαγδαληνὴ	Μαγδαληνή	N-	----NSF-
Luke 24:10	Μαρία	Μαρία	N-	----NSF-
Luke 24:10	καὶ	καί	C-	--------
Luke 24:10	Ἰωάννα	Ἰωάννα	N-	----NSF-
Luke 24:10	καὶ	καί	C-	--------
Luke 24:10	Μαρία	Μαρία	N-	----NSF-
Luke 24:10	ἡ	ὁ	RA	----NSF-
Luke 24:10	Ἰακώβου	Ἰάκωβος	N-	----GSM-
Luke 24:10	καὶ	καί	C-	--------
Luke 24:10	αἱ	ὁ	RA	----NPF-
Luke 24:10	λοιπαὶ	λοιπός	A-	----NPF-
Luke 24:10	σὺν	σύν	P-	--------
Luke 24:10	αὐταῖς	αὐτός	RP	----DPF-
Luke 24:10	ἔλεγον	λέγω	V-	3IAI-P--
Luke 24:10	πρὸς	πρός	P-	--------
Luke 24:10	τοὺς	ὁ	RA	----APM-
Luke 24:10	ἀποστόλους	ἀπόστολος	N-	----APM-
Luke 24:10	ταῦτα	οὗτος	RD	----APN-
Luke 24:11	καὶ	καί	C-	--------
Luke 24:11	ἐφάνησαν	φαίνω	V-	3API-P--
Luke 24:11	ἐνώπιον	ἐνώπιον	P-	--------
Luke 24:11	αὐτῶν	αὐτός	RP	----GPM-
Luke 24:11	ὡσεὶ	ὡσεί	C-	--------
Luke 24:11	λῆρος	λῆρος	N-	----NSM-
Luke 24:11	τὰ	ὁ	RA	----NPN-
Luke 24:11	ῥήματα	ῥῆμα	N-	----NPN-
Luke 24:11	ταῦτα	οὗτος	RD	----NPN-
Luke 24:11	καὶ	καί	C-	--------
Luke 24:11	ἠπίστουν	ἀπιστέω	V-	3IAI-P--
Luke 24:11	αὐταῖς	αὐτός	RP	----DPF-
Luke 24:12	Ὁ	ὁ	RA	----NSM-
Luke 24:12	δὲ	δέ	C-	--------
Luke 24:12	Πέτρος	Πέτρος	N-	----NSM-
Luke 24:12	ἀναστὰς	ἀνίστημι	V-	-AAPNSM-
Luke 24:12	ἔδραμεν	τρέχω	V-	3AAI-S--
Luke 24:12	ἐπὶ	ἐπί	P-	--------
Luke 24:12	τὸ	ὁ	RA	----ASN-
Luke 24:12	μνημεῖον	μνημεῖον	N-	----ASN-
Luke 24:12	καὶ	καί	C-	--------
Luke 24:12	παρακύψας	παρακύπτω	V-	-AAPNSM-
Luke 24:12	βλέπει	βλέπω	V-	3PAI-S--
Luke 24:12	τὰ	ὁ	RA	----APN-
Luke 24:12	ὀθόνια	ὀθόνιον	N-	----APN-
Luke 24:12	μόνα	μόνος	A-	----APN-
Luke 24:12	καὶ	καί	C-	--------
Luke 24:12	ἀπῆλθεν	ἀπέρχομαι	V-	3AAI-S--
Luke 24:12	πρὸς	πρός	P-	--------
Luke 24:12	αὑτὸν	ἑαυτοῦ	RP	----ASM-
Luke 24:12	θαυμάζων	θαυμάζω	V-	-PAPNSM-
Luke 24:12	τὸ	ὁ	RA	----ASN-
Luke 24:12	γεγονός	γίνομαι	V-	-XAPASN-
Luke 24:13	Καὶ	καί	C-	--------
Luke 24:13	ἰδοὺ	ἰδού	X-	--------
Luke 24:13	δύο	δύο	A-	----NPM-
Luke 24:13	ἐξ	ἐκ	P-	--------
Luke 24:13	αὐτῶν	αὐτός	RP	----GPM-
Luke 24:13	ἐν	ἐν	P-	--------
Luke 24:13	αὐτῇ	αὐτός	RP	----DSF-
Luke 24:13	τῇ	ὁ	RA	----DSF-
Luke 24:13	ἡμέρᾳ	ἡμέρα	N-	----DSF-
Luke 24:13	ἦσαν	εἰμί	V-	3IAI-P--
Luke 24:13	πορευόμενοι	πορεύομαι	V-	-PMPNPM-
Luke 24:13	εἰς	εἰς	P-	--------
Luke 24:13	κώμην	κώμη	N-	----ASF-
Luke 24:13	ἀπέχουσαν	ἀπέχω	V-	-PAPASF-
Luke 24:13	σταδίους	στάδιος	N-	----APM-
Luke 24:13	ἑξήκοντα	ἑξήκοντα	A-	----APM-
Luke 24:13	ἀπὸ	ἀπό	P-	--------
Luke 24:13	Ἰερουσαλήμ	Ἰερουσαλήμ	N-	----GSF-
Luke 24:13	ᾗ	ὅς	RR	----DSF-
Luke 24:13	ὄνομα	ὄνομα	N-	----NSN-
Luke 24:13	Ἐμμαοῦς	Ἐμμαοῦς	N-	----NSF-
Luke 24:14	καὶ	καί	C-	--------
Luke 24:14	αὐτοὶ	αὐτός	RP	----NPM-
Luke 24:14	ὡμίλουν	ὁμιλέω	V-	3IAI-P--
Luke 24:14	πρὸς	πρός	P-	--------
Luke 24:14	ἀλλήλους	ἀλλήλων	RP	----APM-
Luke 24:14	περὶ	περί	P-	--------
Luke 24:14	πάντων	πᾶς	A-	----GPN-
Luke 24:14	τῶν	ὁ	RA	----GPN-
Luke 24:14	συμβεβηκότων	συμβαίνω	V-	-XAPGPN-
Luke 24:14	τούτων	οὗτος	RD	----GPN-
Luke 24:15	καὶ	καί	C-	--------
Luke 24:15	ἐγένετο	γίνομαι	V-	3AMI-S--
Luke 24:15	ἐν	ἐν	P-	--------
Luke 24:15	τῷ	ὁ	RA	----DSN-
Luke 24:15	ὁμιλεῖν	ὁμιλέω	V-	-PAN----
Luke 24:15	αὐτοὺς	αὐτός	RP	----APM-
Luke 24:15	καὶ	καί	C-	--------
Luke 24:15	συζητεῖν	συζητέω	V-	-PAN----
Luke 24:15	καὶ	καί	C-	--------
Luke 24:15	αὐτὸς	αὐτός	RP	----NSM-
Luke 24:15	Ἰησοῦς	Ἰησοῦς	N-	----NSM-
Luke 24:15	ἐγγίσας	ἐγγίζω	V-	-AAPNSM-
Luke 24:15	συνεπορεύετο	συμπορεύομαι	V-	3IMI-S--
Luke 24:15	αὐτοῖς	αὐτός	RP	----DPM-
Luke 24:16	οἱ	ὁ	RA	----NPM-
Luke 24:16	δὲ	δέ	C-	--------
Luke 24:16	ὀφθαλμοὶ	ὀφθαλμός	N-	----NPM-
Luke 24:16	αὐτῶν	αὐτός	RP	----GPM-
Luke 24:16	ἐκρατοῦντο	κρατέω	V-	3IPI-P--
Luke 24:16	τοῦ	ὁ	RA	----GSN-
Luke 24:16	μὴ	μή	D-	--------
Luke 24:16	ἐπιγνῶναι	ἐπιγινώσκω	V-	-AAN----
Luke 24:16	αὐτόν	αὐτός	RP	----ASM-
Luke 24:17	εἶπεν	λέγω	V-	3AAI-S--
Luke 24:17	δὲ	δέ	C-	--------
Luke 24:17	πρὸς	πρός	P-	--------
Luke 24:17	αὐτούς	αὐτός	RP	----APM-
Luke 24:17	Τίνες	τίς	RI	----NPM-
Luke 24:17	οἱ	ὁ	RA	----NPM-
Luke 24:17	λόγοι	λόγος	N-	----NPM-
Luke 24:17	οὗτοι	οὗτος	RD	----NPM-
Luke 24:17	οὓς	ὅς	RR	----APM-
Luke 24:17	ἀντιβάλλετε	ἀντιβάλλω	V-	2PAI-P--
Luke 24:17	πρὸς	πρός	P-	--------
Luke 24:17	ἀλλήλους	ἀλλήλων	RP	----APM-
Luke 24:17	περιπατοῦντες	περιπατέω	V-	-PAPNPM-
Luke 24:17	καὶ	καί	C-	--------
Luke 24:17	ἐστάθησαν	ἵστημι	V-	3API-P--
Luke 24:17	σκυθρωποί	σκυθρωπός	A-	----NPM-
Luke 24:18	ἀποκριθεὶς	ἀποκρίνομαι	V-	-APPNSM-
Luke 24:18	δὲ	δέ	C-	--------
Luke 24:18	εἷς	εἷς	A-	----NSM-
Luke 24:18	ὀνόματι	ὄνομα	N-	----DSN-
Luke 24:18	Κλεοπᾶς	Κλεοπᾶς	N-	----NSM-
Luke 24:18	εἶπεν	λέγω	V-	3AAI-S--
Luke 24:18	πρὸς	πρός	P-	--------
Luke 24:18	αὐτόν	αὐτός	RP	----ASM-
Luke 24:18	Σὺ	σύ	RP	----NS--
Luke 24:18	μόνος	μόνος	A-	----NSM-
Luke 24:18	παροικεῖς	παροικέω	V-	2PAI-S--
Luke 24:18	Ἰερουσαλὴμ	Ἰερουσαλήμ	N-	----ASF-
Luke 24:18	καὶ	καί	C-	--------
Luke 24:18	οὐκ	οὐ	D-	--------
Luke 24:18	ἔγνως	γινώσκω	V-	2AAI-S--
Luke 24:18	τὰ	ὁ	RA	----APN-
Luke 24:18	γενόμενα	γίνομαι	V-	-AMPAPN-
Luke 24:18	ἐν	ἐν	P-	--------
Luke 24:18	αὐτῇ	αὐτός	RP	----DSF-
Luke 24:18	ἐν	ἐν	P-	--------
Luke 24:18	ταῖς	ὁ	RA	----DPF-
Luke 24:18	ἡμέραις	ἡμέρα	N-	----DPF-
Luke 24:18	ταύταις	οὗτος	RD	----DPF-
Luke 24:19	καὶ	καί	C-	--------
Luke 24:19	εἶπεν	λέγω	V-	3AAI-S--
Luke 24:19	αὐτοῖς	αὐτός	RP	----DPM-
Luke 24:19	Ποῖα	ποῖος	RI	----APN-
Luke 24:19	οἱ	ὁ	RA	----NPM-
Luke 24:19	δὲ	δέ	C-	--------
Luke 24:19	εἶπαν	λέγω	V-	3AAI-P--
Luke 24:19	αὐτῷ	αὐτός	RP	----DSM-
Luke 24:19	Τὰ	ὁ	RA	----APN-
Luke 24:19	περὶ	περί	P-	--------
Luke 24:19	Ἰησοῦ	Ἰησοῦς	N-	----GSM-
Luke 24:19	τοῦ	ὁ	RA	----GSM-
Luke 24:19	Ναζαρηνοῦ	Ναζαρηνός	A-	----GSM-
Luke 24:19	ὃς	ὅς	RR	----NSM-
Luke 24:19	ἐγένετο	γίνομαι	V-	3AMI-S--
Luke 24:19	ἀνὴρ	ἀνήρ	N-	----NSM-
Luke 24:19	προφήτης	προφήτης	N-	----NSM-
Luke 24:19	δυνατὸς	δυνατός	A-	----NSM-
Luke 24:19	ἐν	ἐν	P-	--------
Luke 24:19	ἔργῳ	ἔργον	N-	----DSN-
Luke 24:19	καὶ	καί	C-	--------
Luke 24:19	λόγῳ	λόγος	N-	----DSM-
Luke 24:19	ἐναντίον	ἐναντίον	P-	--------
Luke 24:19	τοῦ	ὁ	RA	----GSM-
Luke 24:19	θεοῦ	θεός	N-	----GSM-
Luke 24:19	καὶ	καί	C-	--------
Luke 24:19	παντὸς	πᾶς	A-	----GSM-
Luke 24:19	τοῦ	ὁ	RA	----GSM-
Luke 24:19	λαοῦ	λαός	N-	----GSM-
Luke 24:20	ὅπως	ὅπως	D-	--------
Luke 24:20	τε	τέ	C-	--------
Luke 24:20	παρέδωκαν	παραδίδωμι	V-	3AAI-P--
Luke 24:20	αὐτὸν	αὐτός	RP	----ASM-
Luke 24:20	οἱ	ὁ	RA	----NPM-
Luke 24:20	ἀρχιερεῖς	ἀρχιερεύς	N-	----NPM-
Luke 24:20	καὶ	καί	C-	--------
Luke 24:20	οἱ	ὁ	RA	----NPM-
Luke 24:20	ἄρχοντες	ἄρχων	N-	----NPM-
Luke 24:20	ἡμῶν	ἐγώ	RP	----GP--
Luke 24:20	εἰς	εἰς	P-	--------
Luke 24:20	κρίμα	κρίμα	N-	----ASN-
Luke 24:20	θανάτου	θάνατος	N-	----GSM-
Luke 24:20	καὶ	καί	C-	--------
Luke 24:20	ἐσταύρωσαν	σταυρόω	V-	3AAI-P--
Luke 24:20	αὐτόν	αὐτός	RP	----ASM-
Luke 24:21	ἡμεῖς	ἐγώ	RP	----NP--
Luke 24:21	δὲ	δέ	C-	--------
Luke 24:21	ἠλπίζομεν	ἐλπίζω	V-	1IAI-P--
Luke 24:21	ὅτι	ὅτι	C-	--------
Luke 24:21	αὐτός	αὐτός	RP	----NSM-
Luke 24:21	ἐστιν	εἰμί	V-	3PAI-S--
Luke 24:21	ὁ	ὁ	RA	----NSM-
Luke 24:21	μέλλων	μέλλω	V-	-PAPNSM-
Luke 24:21	λυτροῦσθαι	λυτρόομαι	V-	-PMN----
Luke 24:21	τὸν	ὁ	RA	----ASM-
Luke 24:21	Ἰσραήλ	Ἰσραήλ	N-	----ASM-
Luke 24:21	ἀλλά	ἀλλά	C-	--------
Luke 24:21	γε	γέ	X-	--------
Luke 24:21	καὶ	καί	D-	--------
Luke 24:21	σὺν	σύν	P-	--------
Luke 24:21	πᾶσιν	πᾶς	A-	----DPN-
Luke 24:21	τούτοις	οὗτος	RD	----DPN-
Luke 24:21	τρίτην	τρίτος	A-	----ASF-
Luke 24:21	ταύτην	οὗτος	RD	----ASF-
Luke 24:21	ἡμέραν	ἡμέρα	N-	----ASF-
Luke 24:21	ἄγει	ἄγω	V-	3PAI-S--
Luke 24:21	ἀφ’	ἀπό	P-	--------
Luke 24:21	οὗ	ὅς	RR	----GSM-
Luke 24:21	ταῦτα	οὗτος	RD	----NPN-
Luke 24:21	ἐγένετο	γίνομαι	V-	3AMI-S--
Luke 24:22	ἀλλὰ	ἀλλά	C-	--------
Luke 24:22	καὶ	καί	D-	--------
Luke 24:22	γυναῖκές	γυνή	N-	----NPF-
Luke 24:22	τινες	τις	RI	----NPF-
Luke 24:22	ἐξ	ἐκ	P-	--------
Luke 24:22	ἡμῶν	ἐγώ	RP	----GP--
Luke 24:22	ἐξέστησαν	ἐξίστημι	V-	3AAI-P--
Luke 24:22	ἡμᾶς	ἐγώ	RP	----AP--
Luke 24:22	γενόμεναι	γίνομαι	V-	-AMPNPF-
Luke 24:22	ὀρθριναὶ	ὀρθρινός	A-	----NPF-
Luke 24:22	ἐπὶ	ἐπί	P-	--------
Luke 24:22	τὸ	ὁ	RA	----ASN-
Luke 24:22	μνημεῖον	μνημεῖον	N-	----ASN-
Luke 24:23	καὶ	καί	C-	--------
Luke 24:23	μὴ	μή	D-	--------
Luke 24:23	εὑροῦσαι	εὑρίσκω	V-	-AAPNPF-
Luke 24:23	τὸ	ὁ	RA	----ASN-
Luke 24:23	σῶμα	σῶμα	N-	----ASN-
Luke 24:23	αὐτοῦ	αὐτός	RP	----GSM-
Luke 24:23	ἦλθον	ἔρχομαι	V-	3AAI-P--
Luke 24:23	λέγουσαι	λέγω	V-	-PAPNPF-
Luke 24:23	καὶ	καί	D-	--------
Luke 24:23	ὀπτασίαν	ὀπτασία	N-	----ASF-
Luke 24:23	ἀγγέλων	ἄγγελος	N-	----GPM-
Luke 24:23	ἑωρακέναι	ὁράω	V-	-XAN----
Luke 24:23	οἳ	ὅς	RR	----NPM-
Luke 24:23	λέγουσιν	λέγω	V-	3PAI-P--
Luke 24:23	αὐτὸν	αὐτός	RP	----ASM-
Luke 24:23	ζῆν	ζάω	V-	-PAN----
Luke 24:24	καὶ	καί	C-	--------
Luke 24:24	ἀπῆλθόν	ἀπέρχομαι	V-	3AAI-P--
Luke 24:24	τινες	τις	RI	----NPM-
Luke 24:24	τῶν	ὁ	RA	----GPM-
Luke 24:24	σὺν	σύν	P-	--------
Luke 24:24	ἡμῖν	ἐγώ	RP	----DP--
Luke 24:24	ἐπὶ	ἐπί	P-	--------
Luke 24:24	τὸ	ὁ	RA	----ASN-
Luke 24:24	μνημεῖον	μνημεῖον	N-	----ASN-
Luke 24:24	καὶ	καί	C-	--------
Luke 24:24	εὗρον	εὑρίσκω	V-	3AAI-P--
Luke 24:24	οὕτως	οὕτω(ς)	D-	--------
Luke 24:24	καθὼς	καθώς	C-	--------
Luke 24:24	καὶ	καί	D-	--------
Luke 24:24	αἱ	ὁ	RA	----NPF-
Luke 24:24	γυναῖκες	γυνή	N-	----NPF-
Luke 24:24	εἶπον	λέγω	V-	3AAI-P--
Luke 24:24	αὐτὸν	αὐτός	RP	----ASM-
Luke 24:24	δὲ	δέ	C-	--------
Luke 24:24	οὐκ	οὐ	D-	--------
Luke 24:24	εἶδον	ὁράω	V-	3AAI-P--
Luke 24:25	καὶ	καί	C-	--------
Luke 24:25	αὐτὸς	αὐτός	RP	----NSM-
Luke 24:25	εἶπεν	λέγω	V-	3AAI-S--
Luke 24:25	πρὸς	πρός	P-	--------
Luke 24:25	αὐτούς	αὐτός	RP	----APM-
Luke 24:25	Ὦ	ὦ	X-	--------
Luke 24:25	ἀνόητοι	ἀνόητος	A-	----VPM-
Luke 24:25	καὶ	καί	C-	--------
Luke 24:25	βραδεῖς	βραδύς	A-	----VPM-
Luke 24:25	τῇ	ὁ	RA	----DSF-
Luke 24:25	καρδίᾳ	καρδία	N-	----DSF-
Luke 24:25	τοῦ	ὁ	RA	----GSN-
Luke 24:25	πιστεύειν	πιστεύω	V-	-PAN----
Luke 24:25	ἐπὶ	ἐπί	P-	--------
Luke 24:25	πᾶσιν	πᾶς	A-	----DPN-
Luke 24:25	οἷς	ὅς	RR	----DPN-
Luke 24:25	ἐλάλησαν	λαλέω	V-	3AAI-P--
Luke 24:25	οἱ	ὁ	RA	----NPM-
Luke 24:25	προφῆται	προφήτης	N-	----NPM-
Luke 24:26	οὐχὶ	οὐχί	X-	--------
Luke 24:26	ταῦτα	οὗτος	RD	----APN-
Luke 24:26	ἔδει	δέω	V-	3IAI-S--
Luke 24:26	παθεῖν	πάσχω	V-	-AAN----
Luke 24:26	τὸν	ὁ	RA	----ASM-
Luke 24:26	χριστὸν	Χριστός	N-	----ASM-
Luke 24:26	καὶ	καί	C-	--------
Luke 24:26	εἰσελθεῖν	εἰσέρχομαι	V-	-AAN----
Luke 24:26	εἰς	εἰς	P-	--------
Luke 24:26	τὴν	ὁ	RA	----ASF-
Luke 24:26	δόξαν	δόξα	N-	----ASF-
Luke 24:26	αὐτοῦ	αὐτός	RP	----GSM-
Luke 24:27	καὶ	καί	C-	--------
Luke 24:27	ἀρξάμενος	ἄρχω	V-	-AMPNSM-
Luke 24:27	ἀπὸ	ἀπό	P-	--------
Luke 24:27	Μωϋσέως	Μωϋσῆς	N-	----GSM-
Luke 24:27	καὶ	καί	C-	--------
Luke 24:27	ἀπὸ	ἀπό	P-	--------
Luke 24:27	πάντων	πᾶς	A-	----GPM-
Luke 24:27	τῶν	ὁ	RA	----GPM-
Luke 24:27	προφητῶν	προφήτης	N-	----GPM-
Luke 24:27	διερμήνευσεν	διερμηνεύω	V-	3AAI-S--
Luke 24:27	αὐτοῖς	αὐτός	RP	----DPM-
Luke 24:27	ἐν	ἐν	P-	--------
Luke 24:27	πάσαις	πᾶς	A-	----DPF-
Luke 24:27	ταῖς	ὁ	RA	----DPF-
Luke 24:27	γραφαῖς	γραφή	N-	----DPF-
Luke 24:27	τὰ	ὁ	RA	----APN-
Luke 24:27	περὶ	περί	P-	--------
Luke 24:27	ἑαυτοῦ	ἑαυτοῦ	RP	----GSM-
Luke 24:28	Καὶ	καί	C-	--------
Luke 24:28	ἤγγισαν	ἐγγίζω	V-	3AAI-P--
Luke 24:28	εἰς	εἰς	P-	--------
Luke 24:28	τὴν	ὁ	RA	----ASF-
Luke 24:28	κώμην	κώμη	N-	----ASF-
Luke 24:28	οὗ	οὗ	D-	--------
Luke 24:28	ἐπορεύοντο	πορεύομαι	V-	3IMI-P--
Luke 24:28	καὶ	καί	C-	--------
Luke 24:28	αὐτὸς	αὐτός	RP	----NSM-
Luke 24:28	προσεποιήσατο	προσποιέομαι	V-	3AMI-S--
Luke 24:28	πορρώτερον	πορρώτερον	D-	--------
Luke 24:28	πορεύεσθαι	πορεύομαι	V-	-PMN----
Luke 24:29	καὶ	καί	C-	--------
Luke 24:29	παρεβιάσαντο	παραβιάζομαι	V-	3AMI-P--
Luke 24:29	αὐτὸν	αὐτός	RP	----ASM-
Luke 24:29	λέγοντες	λέγω	V-	-PAPNPM-
Luke 24:29	Μεῖνον	μένω	V-	2AAD-S--
Luke 24:29	μεθ’	μετά	P-	--------
Luke 24:29	ἡμῶν	ἐγώ	RP	----GP--
Luke 24:29	ὅτι	ὅτι	C-	--------
Luke 24:29	πρὸς	πρός	P-	--------
Luke 24:29	ἑσπέραν	ἑσπέρα	N-	----ASF-
Luke 24:29	ἐστὶν	εἰμί	V-	3PAI-S--
Luke 24:29	καὶ	καί	C-	--------
Luke 24:29	κέκλικεν	κλίνω	V-	3XAI-S--
Luke 24:29	ἤδη	ἤδη	D-	--------
Luke 24:29	ἡ	ὁ	RA	----NSF-
Luke 24:29	ἡμέρα	ἡμέρα	N-	----NSF-
Luke 24:29	καὶ	καί	C-	--------
Luke 24:29	εἰσῆλθεν	εἰσέρχομαι	V-	3AAI-S--
Luke 24:29	τοῦ	ὁ	RA	----GSN-
Luke 24:29	μεῖναι	μένω	V-	-AAN----
Luke 24:29	σὺν	σύν	P-	--------
Luke 24:29	αὐτοῖς	αὐτός	RP	----DPM-
Luke 24:30	καὶ	καί	C-	--------
Luke 24:30	ἐγένετο	γίνομαι	V-	3AMI-S--
Luke 24:30	ἐν	ἐν	P-	--------
Luke 24:30	τῷ	ὁ	RA	----DSN-
Luke 24:30	κατακλιθῆναι	κατακλίνω	V-	-APN----
Luke 24:30	αὐτὸν	αὐτός	RP	----ASM-
Luke 24:30	μετ’	μετά	P-	--------
Luke 24:30	αὐτῶν	αὐτός	RP	----GPM-
Luke 24:30	λαβὼν	λαμβάνω	V-	-AAPNSM-
Luke 24:30	τὸν	ὁ	RA	----ASM-
Luke 24:30	ἄρτον	ἄρτος	N-	----ASM-
Luke 24:30	εὐλόγησεν	εὐλογέω	V-	3AAI-S--
Luke 24:30	καὶ	καί	C-	--------
Luke 24:30	κλάσας	κλάω	V-	-AAPNSM-
Luke 24:30	ἐπεδίδου	ἐπιδίδωμι	V-	3IAI-S--
Luke 24:30	αὐτοῖς	αὐτός	RP	----DPM-
Luke 24:31	αὐτῶν	αὐτός	RP	----GPM-
Luke 24:31	δὲ	δέ	C-	--------
Luke 24:31	διηνοίχθησαν	διανοίγω	V-	3API-P--
Luke 24:31	οἱ	ὁ	RA	----NPM-
Luke 24:31	ὀφθαλμοὶ	ὀφθαλμός	N-	----NPM-
Luke 24:31	καὶ	καί	C-	--------
Luke 24:31	ἐπέγνωσαν	ἐπιγινώσκω	V-	3AAI-P--
Luke 24:31	αὐτόν	αὐτός	RP	----ASM-
Luke 24:31	καὶ	καί	C-	--------
Luke 24:31	αὐτὸς	αὐτός	RP	----NSM-
Luke 24:31	ἄφαντος	ἄφαντος	A-	----NSM-
Luke 24:31	ἐγένετο	γίνομαι	V-	3AMI-S--
Luke 24:31	ἀπ’	ἀπό	P-	--------
Luke 24:31	αὐτῶν	αὐτός	RP	----GPM-
Luke 24:32	καὶ	καί	C-	--------
Luke 24:32	εἶπαν	λέγω	V-	3AAI-P--
Luke 24:32	πρὸς	πρός	P-	--------
Luke 24:32	ἀλλήλους	ἀλλήλων	RP	----APM-
Luke 24:32	Οὐχὶ	οὐχί	X-	--------
Luke 24:32	ἡ	ὁ	RA	----NSF-
Luke 24:32	καρδία	καρδία	N-	----NSF-
Luke 24:32	ἡμῶν	ἐγώ	RP	----GP--
Luke 24:32	καιομένη	καίω	V-	-PPPNSF-
Luke 24:32	ἦν	εἰμί	V-	3IAI-S--
Luke 24:32	ἐν	ἐν	P-	--------
Luke 24:32	ἡμῖν	ἐγώ	RP	----DP--
Luke 24:32	ὡς	ὡς	C-	--------
Luke 24:32	ἐλάλει	λαλέω	V-	3IAI-S--
Luke 24:32	ἡμῖν	ἐγώ	RP	----DP--
Luke 24:32	ἐν	ἐν	P-	--------
Luke 24:32	τῇ	ὁ	RA	----DSF-
Luke 24:32	ὁδῷ	ὁδός	N-	----DSF-
Luke 24:32	ὡς	ὡς	C-	--------
Luke 24:32	διήνοιγεν	διανοίγω	V-	3IAI-S--
Luke 24:32	ἡμῖν	ἐγώ	RP	----DP--
Luke 24:32	τὰς	ὁ	RA	----APF-
Luke 24:32	γραφάς	γραφή	N-	----APF-
Luke 24:33	καὶ	καί	C-	--------
Luke 24:33	ἀναστάντες	ἀνίστημι	V-	-AAPNPM-
Luke 24:33	αὐτῇ	αὐτός	RP	----DSF-
Luke 24:33	τῇ	ὁ	RA	----DSF-
Luke 24:33	ὥρᾳ	ὥρα	N-	----DSF-
Luke 24:33	ὑπέστρεψαν	ὑποστρέφω	V-	3AAI-P--
Luke 24:33	εἰς	εἰς	P-	--------
Luke 24:33	Ἰερουσαλήμ	Ἰερουσαλήμ	N-	----ASF-
Luke 24:33	καὶ	καί	C-	--------
Luke 24:33	εὗρον	εὑρίσκω	V-	3AAI-P--
Luke 24:33	ἠθροισμένους	ἀθροίζω	V-	-XPPAPM-
Luke 24:33	τοὺς	ὁ	RA	----APM-
Luke 24:33	ἕνδεκα	ἕνδεκα	A-	----APM-
Luke 24:33	καὶ	καί	C-	--------
Luke 24:33	τοὺς	ὁ	RA	----APM-
Luke 24:33	σὺν	σύν	P-	--------
Luke 24:33	αὐτοῖς	αὐτός	RP	----DPM-
Luke 24:34	λέγοντας	λέγω	V-	-PAPAPM-
Luke 24:34	ὅτι	ὅτι	C-	--------
Luke 24:34	ὄντως	ὄντως	D-	--------
Luke 24:34	ἠγέρθη	ἐγείρω	V-	3API-S--
Luke 24:34	ὁ	ὁ	RA	----NSM-
Luke 24:34	κύριος	κύριος	N-	----NSM-
Luke 24:34	καὶ	καί	C-	--------
Luke 24:34	ὤφθη	ὁράω	V-	3API-S--
Luke 24:34	Σίμωνι	Σίμων	N-	----DSM-
Luke 24:35	καὶ	καί	C-	--------
Luke 24:35	αὐτοὶ	αὐτός	RP	----NPM-
Luke 24:35	ἐξηγοῦντο	ἐξηγέομαι	V-	3IMI-P--
Luke 24:35	τὰ	ὁ	RA	----APN-
Luke 24:35	ἐν	ἐν	P-	--------
Luke 24:35	τῇ	ὁ	RA	----DSF-
Luke 24:35	ὁδῷ	ὁδός	N-	----DSF-
Luke 24:35	καὶ	καί	C-	--------
Luke 24:35	ὡς	ὡς	C-	--------
Luke 24:35	ἐγνώσθη	γινώσκω	V-	3API-S--
Luke 24:35	αὐτοῖς	αὐτός	RP	----DPM-
Luke 24:35	ἐν	ἐν	P-	--------
Luke 24:35	τῇ	ὁ	RA	----DSF-
Luke 24:35	κλάσει	κλάσις	N-	----DSF-
Luke 24:35	τοῦ	ὁ	RA	----GSM-
Luke 24:35	ἄρτου	ἄρτος	N-	----GSM-
Luke 24:36	Ταῦτα	οὗτος	RD	----APN-
Luke 24:36	δὲ	δέ	C-	--------
Luke 24:36	αὐτῶν	αὐτός	RP	----GPM-
Luke 24:36	λαλούντων	λαλέω	V-	-PAPGPM-
Luke 24:36	αὐτὸς	αὐτός	RP	----NSM-
Luke 24:36	ἔστη	ἵστημι	V-	3AAI-S--
Luke 24:36	ἐν	ἐν	P-	--------
Luke 24:36	μέσῳ	μέσος	A-	----DSN-
Luke 24:36	αὐτῶν	αὐτός	RP	----GPM-
Luke 24:37	πτοηθέντες	πτοέομαι	V-	-APPNPM-
Luke 24:37	δὲ	δέ	C-	--------
Luke 24:37	καὶ	καί	C-	--------
Luke 24:37	ἔμφοβοι	ἔμφοβος	A-	----NPM-
Luke 24:37	γενόμενοι	γίνομαι	V-	-AMPNPM-
Luke 24:37	ἐδόκουν	δοκέω	V-	3IAI-P--
Luke 24:37	πνεῦμα	πνεῦμα	N-	----ASN-
Luke 24:37	θεωρεῖν	θεωρέω	V-	-PAN----
Luke 24:38	καὶ	καί	C-	--------
Luke 24:38	εἶπεν	λέγω	V-	3AAI-S--
Luke 24:38	αὐτοῖς	αὐτός	RP	----DPM-
Luke 24:38	Τί	τίς	RI	----ASN-
Luke 24:38	τεταραγμένοι	ταράσσω	V-	-XPPNPM-
Luke 24:38	ἐστέ	εἰμί	V-	2PAI-P--
Luke 24:38	καὶ	καί	C-	--------
Luke 24:38	διὰ	διά	P-	--------
Luke 24:38	τί	τίς	RI	----ASN-
Luke 24:38	διαλογισμοὶ	διαλογισμός	N-	----NPM-
Luke 24:38	ἀναβαίνουσιν	ἀναβαίνω	V-	3PAI-P--
Luke 24:38	ἐν	ἐν	P-	--------
Luke 24:38	τῇ	ὁ	RA	----DSF-
Luke 24:38	καρδίᾳ	καρδία	N-	----DSF-
Luke 24:38	ὑμῶν	σύ	RP	----GP--
Luke 24:39	ἴδετε	ὁράω	V-	2AAD-P--
Luke 24:39	τὰς	ὁ	RA	----APF-
Luke 24:39	χεῖράς	χείρ	N-	----APF-
Luke 24:39	μου	ἐγώ	RP	----GS--
Luke 24:39	καὶ	καί	C-	--------
Luke 24:39	τοὺς	ὁ	RA	----APM-
Luke 24:39	πόδας	πούς	N-	----APM-
Luke 24:39	μου	ἐγώ	RP	----GS--
Luke 24:39	ὅτι	ὅτι	C-	--------
Luke 24:39	ἐγώ	ἐγώ	RP	----NS--
Luke 24:39	εἰμι	εἰμί	V-	1PAI-S--
Luke 24:39	αὐτός	αὐτός	RP	----NSM-
Luke 24:39	ψηλαφήσατέ	ψηλαφάω	V-	2AAD-P--
Luke 24:39	με	ἐγώ	RP	----AS--
Luke 24:39	καὶ	καί	C-	--------
Luke 24:39	ἴδετε	ὁράω	V-	2AAD-P--
Luke 24:39	ὅτι	ὅτι	C-	--------
Luke 24:39	πνεῦμα	πνεῦμα	N-	----NSN-
Luke 24:39	σάρκα	σάρξ	N-	----ASF-
Luke 24:39	καὶ	καί	C-	--------
Luke 24:39	ὀστέα	ὀστέον	N-	----APN-
Luke 24:39	οὐκ	οὐ	D-	--------
Luke 24:39	ἔχει	ἔχω	V-	3PAI-S--
Luke 24:39	καθὼς	καθώς	C-	--------
Luke 24:39	ἐμὲ	ἐγώ	RP	----AS--
Luke 24:39	θεωρεῖτε	θεωρέω	V-	2PAI-P--
Luke 24:39	ἔχοντα	ἔχω	V-	-PAPASM-
Luke 24:40	καὶ	καί	C-	--------
Luke 24:40	τοῦτο	οὗτος	RD	----ASN-
Luke 24:40	εἰπὼν	λέγω	V-	-AAPNSM-
Luke 24:40	ἔδειξεν	δείκνυμι	V-	3AAI-S--
Luke 24:40	αὐτοῖς	αὐτός	RP	----DPM-
Luke 24:40	τὰς	ὁ	RA	----APF-
Luke 24:40	χεῖρας	χείρ	N-	----APF-
Luke 24:40	καὶ	καί	C-	--------
Luke 24:40	τοὺς	ὁ	RA	----APM-
Luke 24:40	πόδας	πούς	N-	----APM-
Luke 24:41	ἔτι	ἔτι	D-	--------
Luke 24:41	δὲ	δέ	C-	--------
Luke 24:41	ἀπιστούντων	ἀπιστέω	V-	-PAPGPM-
Luke 24:41	αὐτῶν	αὐτός	RP	----GPM-
Luke 24:41	ἀπὸ	ἀπό	P-	--------
Luke 24:41	τῆς	ὁ	RA	----GSF-
Luke 24:41	χαρᾶς	χαρά	N-	----GSF-
Luke 24:41	καὶ	καί	C-	--------
Luke 24:41	θαυμαζόντων	θαυμάζω	V-	-PAPGPM-
Luke 24:41	εἶπεν	λέγω	V-	3AAI-S--
Luke 24:41	αὐτοῖς	αὐτός	RP	----DPM-
Luke 24:41	Ἔχετέ	ἔχω	V-	2PAI-P--
Luke 24:41	τι	τις	RI	----ASN-
Luke 24:41	βρώσιμον	βρώσιμος	A-	----ASN-
Luke 24:41	ἐνθάδε	ἐνθάδε	D-	--------
Luke 24:42	οἱ	ὁ	RA	----NPM-
Luke 24:42	δὲ	δέ	C-	--------
Luke 24:42	ἐπέδωκαν	ἐπιδίδωμι	V-	3AAI-P--
Luke 24:42	αὐτῷ	αὐτός	RP	----DSM-
Luke 24:42	ἰχθύος	ἰχθύς	N-	----GSM-
Luke 24:42	ὀπτοῦ	ὀπτός	A-	----GSM-
Luke 24:42	μέρος	μέρος	N-	----ASN-
Luke 24:43	καὶ	καί	C-	--------
Luke 24:43	λαβὼν	λαμβάνω	V-	-AAPNSM-
Luke 24:43	ἐνώπιον	ἐνώπιον	P-	--------
Luke 24:43	αὐτῶν	αὐτός	RP	----GPM-
Luke 24:43	ἔφαγεν	ἐσθίω	V-	3AAI-S--
Luke 24:44	Εἶπεν	λέγω	V-	3AAI-S--
Luke 24:44	δὲ	δέ	C-	--------
Luke 24:44	πρὸς	πρός	P-	--------
Luke 24:44	αὐτούς	αὐτός	RP	----APM-
Luke 24:44	Οὗτοι	οὗτος	RD	----NPM-
Luke 24:44	οἱ	ὁ	RA	----NPM-
Luke 24:44	λόγοι	λόγος	N-	----NPM-
Luke 24:44	μου	ἐγώ	RP	----GS--
Luke 24:44	οὓς	ὅς	RR	----APM-
Luke 24:44	ἐλάλησα	λαλέω	V-	1AAI-S--
Luke 24:44	πρὸς	πρός	P-	--------
Luke 24:44	ὑμᾶς	σύ	RP	----AP--
Luke 24:44	ἔτι	ἔτι	D-	--------
Luke 24:44	ὢν	εἰμί	V-	-PAPNSM-
Luke 24:44	σὺν	σύν	P-	--------
Luke 24:44	ὑμῖν	σύ	RP	----DP--
Luke 24:44	ὅτι	ὅτι	D-	--------
Luke 24:44	δεῖ	δέω	V-	3PAI-S--
Luke 24:44	πληρωθῆναι	πληρόω	V-	-APN----
Luke 24:44	πάντα	πᾶς	A-	----APN-
Luke 24:44	τὰ	ὁ	RA	----APN-
Luke 24:44	γεγραμμένα	γράφω	V-	-XPPAPN-
Luke 24:44	ἐν	ἐν	P-	--------
Luke 24:44	τῷ	ὁ	RA	----DSM-
Luke 24:44	νόμῳ	νόμος	N-	----DSM-
Luke 24:44	Μωϋσέως	Μωϋσῆς	N-	----GSM-
Luke 24:44	καὶ	καί	C-	--------
Luke 24:44	προφήταις	προφήτης	N-	----DPM-
Luke 24:44	καὶ	καί	C-	--------
Luke 24:44	ψαλμοῖς	ψαλμός	N-	----DPM-
Luke 24:44	περὶ	περί	P-	--------
Luke 24:44	ἐμοῦ	ἐγώ	RP	----GS--
Luke 24:45	τότε	τότε	D-	--------
Luke 24:45	διήνοιξεν	διανοίγω	V-	3AAI-S--
Luke 24:45	αὐτῶν	αὐτός	RP	----GPM-
Luke 24:45	τὸν	ὁ	RA	----ASM-
Luke 24:45	νοῦν	νοῦς	N-	----ASM-
Luke 24:45	τοῦ	ὁ	RA	----GSN-
Luke 24:45	συνιέναι	συνίημι	V-	-PAN----
Luke 24:45	τὰς	ὁ	RA	----APF-
Luke 24:45	γραφάς	γραφή	N-	----APF-
Luke 24:46	καὶ	καί	C-	--------
Luke 24:46	εἶπεν	λέγω	V-	3AAI-S--
Luke 24:46	αὐτοῖς	αὐτός	RP	----DPM-
Luke 24:46	ὅτι	ὅτι	C-	--------
Luke 24:46	οὕτως	οὕτω(ς)	D-	--------
Luke 24:46	γέγραπται	γράφω	V-	3XPI-S--
Luke 24:46	παθεῖν	πάσχω	V-	-AAN----
Luke 24:46	τὸν	ὁ	RA	----ASM-
Luke 24:46	χριστὸν	Χριστός	N-	----ASM-
Luke 24:46	καὶ	καί	C-	--------
Luke 24:46	ἀναστῆναι	ἀνίστημι	V-	-AAN----
Luke 24:46	ἐκ	ἐκ	P-	--------
Luke 24:46	νεκρῶν	νεκρός	A-	----GPM-
Luke 24:46	τῇ	ὁ	RA	----DSF-
Luke 24:46	τρίτῃ	τρίτος	A-	----DSF-
Luke 24:46	ἡμέρᾳ	ἡμέρα	N-	----DSF-
Luke 24:47	καὶ	καί	C-	--------
Luke 24:47	κηρυχθῆναι	κηρύσσω	V-	-APN----
Luke 24:47	ἐπὶ	ἐπί	P-	--------
Luke 24:47	τῷ	ὁ	RA	----DSN-
Luke 24:47	ὀνόματι	ὄνομα	N-	----DSN-
Luke 24:47	αὐτοῦ	αὐτός	RP	----GSM-
Luke 24:47	μετάνοιαν	μετάνοια	N-	----ASF-
Luke 24:47	καὶ	καί	C-	--------
Luke 24:47	ἄφεσιν	ἄφεσις	N-	----ASF-
Luke 24:47	ἁμαρτιῶν	ἁμαρτία	N-	----GPF-
Luke 24:47	εἰς	εἰς	P-	--------
Luke 24:47	πάντα	πᾶς	A-	----APN-
Luke 24:47	τὰ	ὁ	RA	----APN-
Luke 24:47	ἔθνη	ἔθνος	N-	----APN-
Luke 24:47	ἀρξάμενοι	ἄρχω	V-	-AMPNPM-
Luke 24:47	ἀπὸ	ἀπό	P-	--------
Luke 24:47	Ἰερουσαλήμ	Ἰερουσαλήμ	N-	----GSF-
Luke 24:48	ὑμεῖς	σύ	RP	----NP--
Luke 24:48	ἐστε	εἰμί	V-	2PAI-P--
Luke 24:48	μάρτυρες	μάρτυς	N-	----NPM-
Luke 24:48	τούτων	οὗτος	RD	----GPN-
Luke 24:49	καὶ	καί	C-	--------
Luke 24:49	ἰδοὺ	ἰδού	X-	--------
Luke 24:49	ἐγὼ	ἐγώ	RP	----NS--
Luke 24:49	ἐξαποστέλλω	ἐξαποστέλλω	V-	1PAI-S--
Luke 24:49	τὴν	ὁ	RA	----ASF-
Luke 24:49	ἐπαγγελίαν	ἐπαγγελία	N-	----ASF-
Luke 24:49	τοῦ	ὁ	RA	----GSM-
Luke 24:49	πατρός	πατήρ	N-	----GSM-
Luke 24:49	μου	ἐγώ	RP	----GS--
Luke 24:49	ἐφ’	ἐπί	P-	--------
Luke 24:49	ὑμᾶς	σύ	RP	----AP--
Luke 24:49	ὑμεῖς	σύ	RP	----NP--
Luke 24:49	δὲ	δέ	C-	--------
Luke 24:49	καθίσατε	καθίζω	V-	2AAD-P--
Luke 24:49	ἐν	ἐν	P-	--------
Luke 24:49	τῇ	ὁ	RA	----DSF-
Luke 24:49	πόλει	πόλις	N-	----DSF-
Luke 24:49	ἕως	ἕως	P-	--------
Luke 24:49	οὗ	ὅς	RR	----GSM-
Luke 24:49	ἐνδύσησθε	ἐνδύω	V-	2AMS-P--
Luke 24:49	ἐξ	ἐκ	P-	--------
Luke 24:49	ὕψους	ὕψος	N-	----GSN-
Luke 24:49	δύναμιν	δύναμις	N-	----ASF-
Luke 24:50	Ἐξήγαγεν	ἐξάγω	V-	3AAI-S--
Luke 24:50	δὲ	δέ	C-	--------
Luke 24:50	αὐτοὺς	αὐτός	RP	----APM-
Luke 24:50	ἕως	ἕως	P-	--------
Luke 24:50	πρὸς	πρός	P-	--------
Luke 24:50	Βηθανίαν	Βηθανία	N-	----ASF-
Luke 24:50	καὶ	καί	C-	--------
Luke 24:50	ἐπάρας	ἐπαίρω	V-	-AAPNSM-
Luke 24:50	τὰς	ὁ	RA	----APF-
Luke 24:50	χεῖρας	χείρ	N-	----APF-
Luke 24:50	αὐτοῦ	αὐτός	RP	----GSM-
Luke 24:50	εὐλόγησεν	εὐλογέω	V-	3AAI-S--
Luke 24:50	αὐτούς	αὐτός	RP	----APM-
Luke 24:51	καὶ	καί	C-	--------
Luke 24:51	ἐγένετο	γίνομαι	V-	3AMI-S--
Luke 24:51	ἐν	ἐν	P-	--------
Luke 24:51	τῷ	ὁ	RA	----DSN-
Luke 24:51	εὐλογεῖν	εὐλογέω	V-	-PAN----
Luke 24:51	αὐτὸν	αὐτός	RP	----ASM-
Luke 24:51	αὐτοὺς	αὐτός	RP	----APM-
Luke 24:51	διέστη	διΐστημι	V-	3AAI-S--
Luke 24:51	ἀπ’	ἀπό	P-	--------
Luke 24:51	αὐτῶν	αὐτός	RP	----GPM-
Luke 24:51	καὶ	καί	C-	--------
Luke 24:51	ἀνεφέρετο	ἀναφέρω	V-	3IPI-S--
Luke 24:51	εἰς	εἰς	P-	--------
Luke 24:51	τὸν	ὁ	RA	----ASM-
Luke 24:51	οὐρανόν	οὐρανός	N-	----ASM-
Luke 24:52	καὶ	καί	C-	--------
Luke 24:52	αὐτοὶ	αὐτός	RP	----NPM-
Luke 24:52	προσκυνήσαντες	προσκυνέω	V-	-AAPNPM-
Luke 24:52	αὐτὸν	αὐτός	RP	----ASM-
Luke 24:52	ὑπέστρεψαν	ὑποστρέφω	V-	3AAI-P--
Luke 24:52	εἰς	εἰς	P-	--------
Luke 24:52	Ἰερουσαλὴμ	Ἰερουσαλήμ	N-	----ASF-
Luke 24:52	μετὰ	μετά	P-	--------
Luke 24:52	χαρᾶς	χαρά	N-	----GSF-
Luke 24:52	μεγάλης	μέγας	A-	----GSF-
Luke 24:53	καὶ	καί	C-	--------
Luke 24:53	ἦσαν	εἰμί	V-	3IAI-P--
Luke 24:53	διὰ	διά	P-	--------
Luke 24:53	παντὸς	πᾶς	A-	----GSM-
Luke 24:53	ἐν	ἐν	P-	--------
Luke 24:53	τῷ	ὁ	RA	----DSN-
Luke 24:53	ἱερῷ	ἱερός	A-	----DSN-
Luke 24:53	εὐλογοῦντες	εὐλογέω	V-	-PAPNPM-
Luke 24:53	τὸν	ὁ	RA	----ASM-
Luke 24:53	θεόν	θεός	N-	----ASM-
