ref	word	lemma	pos	parse
John 1:1	Ἐν	ἐν	P-	--------
John 1:1	ἀρχῇ	ἀρχή	N-	----DSF-
John 1:1	ἦν	εἰμί	V-	3IAI-S--
John 1:1	ὁ	ὁ	RA	----NSM-
John 1:1	λόγος	λόγος	N-	----NSM-
John 1:1	καὶ	καί	C-	--------
John 1:1	ὁ	ὁ	RA	----NSM-
John 1:1	λόγος	λόγος	N-	----NSM-
John 1:1	ἦν	εἰμί	V-	3IAI-S--
John 1:1	πρὸς	πρός	P-	--------
John 1:1	τὸν	ὁ	RA	----ASM-
John 1:1	θεόν	θεός	N-	----ASM-
John 1:1	καὶ	καί	C-	--------
John 1:1	θεὸς	θεός	N-	----NSM-
John 1:1	ἦν	εἰμί	V-	3IAI-S--
John 1:1	ὁ	ὁ	RA	----NSM-
John 1:1	λόγος	λόγος	N-	----NSM-
John 1:2	οὗτος	οὗτος	RD	----NSM-
John 1:2	ἦν	εἰμί	V-	3IAI-S--
John 1:2	ἐν	ἐν	P-	--------
John 1:2	ἀρχῇ	ἀρχή	N-	----DSF-
John 1:2	πρὸς	πρός	P-	--------
John 1:2	τὸν	ὁ	RA	----ASM-
John 1:2	θεόν	θεός	N-	----ASM-
John 1:3	πάντα	πᾶς	A-	----NPN-
John 1:3	δι’	διά	P-	--------
John 1:3	αὐτοῦ	αὐτός	RP	----GSM-
John 1:3	ἐγένετο	γίνομαι	V-	3AMI-S--
John 1:3	καὶ	καί	C-	--------
John 1:3	χωρὶς	χωρίς	P-	--------
John 1:3	αὐτοῦ	αὐτός	RP	----GSM-
John 1:3	ἐγένετο	γίνομαι	V-	3AMI-S--
John 1:3	οὐδὲ	οὐδέ	D-	--------
John 1:3	ἕν	εἷς	A-	----NSN-
John 1:3	ὃ	ὅς	RR	----NSN-
John 1:3	γέγονεν	γίνομαι	V-	3XAI-S--
John 1:4	ἐν	ἐν	P-	--------
John 1:4	αὐτῷ	αὐτός	RP	----DSM-
John 1:4	ζωὴ	ζωή	N-	----NSF-
John 1:4	ἦν	εἰμί	V-	3IAI-S--
John 1:4	καὶ	καί	C-	--------
John 1:4	ἡ	ὁ	RA	----NSF-
John 1:4	ζωὴ	ζωή	N-	----NSF-
John 1:4	ἦν	εἰμί	V-	3IAI-S--
John 1:4	τὸ	ὁ	RA	----NSN-
John 1:4	φῶς	φῶς	N-	----NSN-
John 1:4	τῶν	ὁ	RA	----GPM-
John 1:4	ἀνθρώπων	ἄνθρωπος	N-	----GPM-
John 1:5	καὶ	καί	C-	--------
John 1:5	τὸ	ὁ	RA	----NSN-
John 1:5	φῶς	φῶς	N-	----NSN-
John 1:5	ἐν	ἐν	P-	--------
John 1:5	τῇ	ὁ	RA	----DSF-
John 1:5	σκοτίᾳ	σκοτία	N-	----DSF-
John 1:5	φαίνει	φαίνω	V-	3PAI-S--
John 1:5	καὶ	καί	C-	--------
John 1:5	ἡ	ὁ	RA	----NSF-
John 1:5	σκοτία	σκοτία	N-	----NSF-
John 1:5	αὐτὸ	αὐτός	RP	----ASN-
John 1:5	οὐ	οὐ	D-	--------
John 1:5	κατέλαβεν	καταλαμβάνω	V-	3AAI-S--
John 1:6	Ἐγένετο	γίνομαι	V-	3AMI-S--
John 1:6	ἄνθρωπος	ἄνθρωπος	N-	----NSM-
John 1:6	ἀπεσταλμένος	ἀποστέλλω	V-	-XPPNSM-
John 1:6	παρὰ	παρά	P-	--------
John 1:6	θεοῦ	θεός	N-	----GSM-
John 1:6	ὄνομα	ὄνομα	N-	----NSN-
John 1:6	αὐτῷ	αὐτός	RP	----DSM-
John 1:6	Ἰωάννης	Ἰωάννης	N-	----NSM-
John 1:7	οὗτος	οὗτος	RD	----NSM-
John 1:7	ἦλθεν	ἔρχομαι	V-	3AAI-S--
John 1:7	εἰς	εἰς	P-	--------
John 1:7	μαρτυρίαν	μαρτυρία	N-	----ASF-
John 1:7	ἵνα	ἵνα	C-	--------
John 1:7	μαρτυρήσῃ	μαρτυρέω	V-	3AAS-S--
John 1:7	περὶ	περί	P-	--------
John 1:7	τοῦ	ὁ	RA	----GSN-
John 1:7	φωτός	φῶς	N-	----GSN-
John 1:7	ἵνα	ἵνα	C-	--------
John 1:7	πάντες	πᾶς	A-	----NPM-
John 1:7	πιστεύσωσιν	πιστεύω	V-	3AAS-P--
John 1:7	δι’	διά	P-	--------
John 1:7	αὐτοῦ	αὐτός	RP	----GSM-
John 1:8	οὐκ	οὐ	D-	--------
John 1:8	ἦν	εἰμί	V-	3IAI-S--
John 1:8	ἐκεῖνος	ἐκεῖνος	RD	----NSM-
John 1:8	τὸ	ὁ	RA	----NSN-
John 1:8	φῶς	φῶς	N-	----NSN-
John 1:8	ἀλλ’	ἀλλά	C-	--------
John 1:8	ἵνα	ἵνα	C-	--------
John 1:8	μαρτυρήσῃ	μαρτυρέω	V-	3AAS-S--
John 1:8	περὶ	περί	P-	--------
John 1:8	τοῦ	ὁ	RA	----GSN-
John 1:8	φωτός	φῶς	N-	----GSN-
John 1:9	ἦν	εἰμί	V-	3IAI-S--
John 1:9	τὸ	ὁ	RA	----NSN-
John 1:9	φῶς	φῶς	N-	----NSN-
John 1:9	τὸ	ὁ	RA	----NSN-
John 1:9	ἀληθινὸν	ἀληθινός	A-	----NSN-
John 1:9	ὃ	ὅς	RR	----NSN-
John 1:9	φωτίζει	φωτίζω	V-	3PAI-S--
John 1:9	πάντα	πᾶς	A-	----ASM-
John 1:9	ἄνθρωπον	ἄνθρωπος	N-	----ASM-
John 1:9	ἐρχόμενον	ἔρχομαι	V-	-PMPASM-
John 1:9	εἰς	εἰς	P-	--------
John 1:9	τὸν	ὁ	RA	----ASM-
John 1:9	κόσμον	κόσμος	N-	----ASM-
John 1:10	Ἐν	ἐν	P-	--------
John 1:10	τῷ	ὁ	RA	----DSM-
John 1:10	κόσμῳ	κόσμος	N-	----DSM-
John 1:10	ἦν	εἰμί	V-	3IAI-S--
John 1:10	καὶ	καί	C-	--------
John 1:10	ὁ	ὁ	RA	----NSM-
John 1:10	κόσμος	κόσμος	N-	----NSM-
John 1:10	δι’	διά	P-	--------
John 1:10	αὐτοῦ	αὐτός	RP	----GSM-
John 1:10	ἐγένετο	γίνομαι	V-	3AMI-S--
John 1:10	καὶ	καί	C-	--------
John 1:10	ὁ	ὁ	RA	----NSM-
John 1:10	κόσμος	κόσμος	N-	----NSM-
John 1:10	αὐτὸν	αὐτός	RP	----ASM-
John 1:10	οὐκ	οὐ	D-	--------
John 1:10	ἔγνω	γινώσκω	V-	3AAI-S--
John 1:11	εἰς	εἰς	P-	--------
John 1:11	τὰ	ὁ	RA	----APN-
John 1:11	ἴδια	ἴδιος	A-	----APN-
John 1:11	ἦλθεν	ἔρχομαι	V-	3AAI-S--
John 1:11	καὶ	καί	C-	--------
John 1:11	οἱ	ὁ	RA	----NPM-
John 1:11	ἴδιοι	ἴδιος	A-	----NPM-
John 1:11	αὐτὸν	αὐτός	RP	----ASM-
John 1:11	οὐ	οὐ	D-	--------
John 1:11	παρέλαβον	παραλαμβάνω	V-	3AAI-P--
John 1:12	ὅσοι	ὅσος	RR	----NPM-
John 1:12	δὲ	δέ	C-	--------
John 1:12	ἔλαβον	λαμβάνω	V-	3AAI-P--
John 1:12	αὐτόν	αὐτός	RP	----ASM-
John 1:12	ἔδωκεν	δίδωμι	V-	3AAI-S--
John 1:12	αὐτοῖς	αὐτός	RP	----DPM-
John 1:12	ἐξουσίαν	ἐξουσία	N-	----ASF-
John 1:12	τέκνα	τέκνον	N-	----APN-
John 1:12	θεοῦ	θεός	N-	----GSM-
John 1:12	γενέσθαι	γίνομαι	V-	-AMN----
John 1:12	τοῖς	ὁ	RA	----DPM-
John 1:12	πιστεύουσιν	πιστεύω	V-	-PAPDPM-
John 1:12	εἰς	εἰς	P-	--------
John 1:12	τὸ	ὁ	RA	----ASN-
John 1:12	ὄνομα	ὄνομα	N-	----ASN-
John 1:12	αὐτοῦ	αὐτός	RP	----GSM-
John 1:13	οἳ	ὅς	RR	----NPM-
John 1:13	οὐκ	οὐ	D-	--------
John 1:13	ἐξ	ἐκ	P-	--------
John 1:13	αἱμάτων	αἷμα	N-	----GPN-
John 1:13	οὐδὲ	οὐδέ	C-	--------
John 1:13	ἐκ	ἐκ	P-	--------
John 1:13	θελήματος	θέλημα	N-	----GSN-
John 1:13	σαρκὸς	σάρξ	N-	----GSF-
John 1:13	οὐδὲ	οὐδέ	C-	--------
John 1:13	ἐκ	ἐκ	P-	--------
John 1:13	θελήματος	θέλημα	N-	----GSN-
John 1:13	ἀνδρὸς	ἀνήρ	N-	----GSM-
John 1:13	ἀλλ’	ἀλλά	C-	--------
John 1:13	ἐκ	ἐκ	P-	--------
John 1:13	θεοῦ	θεός	N-	----GSM-
John 1:13	ἐγεννήθησαν	γεννάω	V-	3API-P--
John 1:14	Καὶ	καί	C-	--------
John 1:14	ὁ	ὁ	RA	----NSM-
John 1:14	λόγος	λόγος	N-	----NSM-
John 1:14	σὰρξ	σάρξ	N-	----NSF-
John 1:14	ἐγένετο	γίνομαι	V-	3AMI-S--
John 1:14	καὶ	καί	C-	--------
John 1:14	ἐσκήνωσεν	σκηνόω	V-	3AAI-S--
John 1:14	ἐν	ἐν	P-	--------
John 1:14	ἡμῖν	ἐγώ	RP	----DP--
John 1:14	καὶ	καί	C-	--------
John 1:14	ἐθεασάμεθα	θεάομαι	V-	1AMI-P--
John 1:14	τὴν	ὁ	RA	----ASF-
John 1:14	δόξαν	δόξα	N-	----ASF-
John 1:14	αὐτοῦ	αὐτός	RP	----GSM-
John 1:14	δόξαν	δόξα	N-	----ASF-
John 1:14	ὡς	ὡς	C-	--------
John 1:14	μονογενοῦς	μονογενής	A-	----GSM-
John 1:14	παρὰ	παρά	P-	--------
John 1:14	πατρός	πατήρ	N-	----GSM-
John 1:14	πλήρης	πλήρης	A-	----NSM-
John 1:14	χάριτος	χάρις	N-	----GSF-
John 1:14	καὶ	καί	C-	--------
John 1:14	ἀληθείας	ἀλήθεια	N-	----GSF-
John 1:15	Ἰωάννης	Ἰωάννης	N-	----NSM-
John 1:15	μαρτυρεῖ	μαρτυρέω	V-	3PAI-S--
John 1:15	περὶ	περί	P-	--------
John 1:15	αὐτοῦ	αὐτός	RP	----GSM-
John 1:15	καὶ	καί	C-	--------
John 1:15	κέκραγεν	κράζω	V-	3XAI-S--
John 1:15	λέγων	λέγω	V-	-PAPNSM-
John 1:15	Οὗτος	οὗτος	RD	----NSM-
John 1:15	ἦν	εἰμί	V-	3IAI-S--
John 1:15	ὃν	ὅς	RR	----ASM-
John 1:15	εἶπον	λέγω	V-	1AAI-S--
John 1:15	Ὁ	ὁ	RA	----NSM-
John 1:15	ὀπίσω	ὀπίσω	P-	--------
John 1:15	μου	ἐγώ	RP	----GS--
John 1:15	ἐρχόμενος	ἔρχομαι	V-	-PMPNSM-
John 1:15	ἔμπροσθέν	ἔμπροσθεν	P-	--------
John 1:15	μου	ἐγώ	RP	----GS--
John 1:15	γέγονεν	γίνομαι	V-	3XAI-S--
John 1:15	ὅτι	ὅτι	C-	--------
John 1:15	πρῶτός	πρῶτος	A-	----NSM-
John 1:15	μου	ἐγώ	RP	----GS--
John 1:15	ἦν	εἰμί	V-	3IAI-S--
John 1:16	ὅτι	ὅτι	C-	--------
John 1:16	ἐκ	ἐκ	P-	--------
John 1:16	τοῦ	ὁ	RA	----GSN-
John 1:16	πληρώματος	πλήρωμα	N-	----GSN-
John 1:16	αὐτοῦ	αὐτός	RP	----GSM-
John 1:16	ἡμεῖς	ἐγώ	RP	----NP--
John 1:16	πάντες	πᾶς	A-	----NPM-
John 1:16	ἐλάβομεν	λαμβάνω	V-	1AAI-P--
John 1:16	καὶ	καί	D-	--------
John 1:16	χάριν	χάρις	N-	----ASF-
John 1:16	ἀντὶ	ἀντί	P-	--------
John 1:16	χάριτος	χάρις	N-	----GSF-
John 1:17	ὅτι	ὅτι	C-	--------
John 1:17	ὁ	ὁ	RA	----NSM-
John 1:17	νόμος	νόμος	N-	----NSM-
John 1:17	διὰ	διά	P-	--------
John 1:17	Μωϋσέως	Μωϋσῆς	N-	----GSM-
John 1:17	ἐδόθη	δίδωμι	V-	3API-S--
John 1:17	ἡ	ὁ	RA	----NSF-
John 1:17	χάρις	χάρις	N-	----NSF-
John 1:17	καὶ	καί	C-	--------
John 1:17	ἡ	ὁ	RA	----NSF-
John 1:17	ἀλήθεια	ἀλήθεια	N-	----NSF-
John 1:17	διὰ	διά	P-	--------
John 1:17	Ἰησοῦ	Ἰησοῦς	N-	----GSM-
John 1:17	Χριστοῦ	Χριστός	N-	----GSM-
John 1:17	ἐγένετο	γίνομαι	V-	3AMI-S--
John 1:18	θεὸν	θεός	N-	----ASM-
John 1:18	οὐδεὶς	οὐδείς	A-	----NSM-
John 1:18	ἑώρακεν	ὁράω	V-	3XAI-S--
John 1:18	πώποτε	πώποτε	D-	--------
John 1:18	μονογενὴς	μονογενής	A-	----NSM-
John 1:18	θεὸς	θεός	N-	----NSM-
John 1:18	ὁ	ὁ	RA	----NSM-
John 1:18	ὢν	εἰμί	V-	-PAPNSM-
John 1:18	εἰς	εἰς	P-	--------
John 1:18	τὸν	ὁ	RA	----ASM-
John 1:18	κόλπον	κόλπος	N-	----ASM-
John 1:18	τοῦ	ὁ	RA	----GSM-
John 1:18	πατρὸς	πατήρ	N-	----GSM-
John 1:18	ἐκεῖνος	ἐκεῖνος	RD	----NSM-
John 1:18	ἐξηγήσατο	ἐξηγέομαι	V-	3AMI-S--
John 1:19	Καὶ	καί	C-	--------
John 1:19	αὕτη	οὗτος	RD	----NSF-
John 1:19	ἐστὶν	εἰμί	V-	3PAI-S--
John 1:19	ἡ	ὁ	RA	----NSF-
John 1:19	μαρτυρία	μαρτυρία	N-	----NSF-
John 1:19	τοῦ	ὁ	RA	----GSM-
John 1:19	Ἰωάννου	Ἰωάννης	N-	----GSM-
John 1:19	ὅτε	ὅτε	C-	--------
John 1:19	ἀπέστειλαν	ἀποστέλλω	V-	3AAI-P--
John 1:19	οἱ	ὁ	RA	----NPM-
John 1:19	Ἰουδαῖοι	Ἰουδαῖος	A-	----NPM-
John 1:19	ἐξ	ἐκ	P-	--------
John 1:19	Ἱεροσολύμων	Ἱεροσόλυμα	N-	----GPN-
John 1:19	ἱερεῖς	ἱερεύς	N-	----APM-
John 1:19	καὶ	καί	C-	--------
John 1:19	Λευίτας	Λευίτης	N-	----APM-
John 1:19	ἵνα	ἵνα	C-	--------
John 1:19	ἐρωτήσωσιν	ἐρωτάω	V-	3AAS-P--
John 1:19	αὐτόν	αὐτός	RP	----ASM-
John 1:19	Σὺ	σύ	RP	----NS--
John 1:19	τίς	τίς	RI	----NSM-
John 1:19	εἶ	εἰμί	V-	2PAI-S--
John 1:20	καὶ	καί	C-	--------
John 1:20	ὡμολόγησεν	ὁμολογέω	V-	3AAI-S--
John 1:20	καὶ	καί	C-	--------
John 1:20	οὐκ	οὐ	D-	--------
John 1:20	ἠρνήσατο	ἀρνέομαι	V-	3AMI-S--
John 1:20	καὶ	καί	C-	--------
John 1:20	ὡμολόγησεν	ὁμολογέω	V-	3AAI-S--
John 1:20	ὅτι	ὅτι	C-	--------
John 1:20	Ἐγὼ	ἐγώ	RP	----NS--
John 1:20	οὐκ	οὐ	D-	--------
John 1:20	εἰμὶ	εἰμί	V-	1PAI-S--
John 1:20	ὁ	ὁ	RA	----NSM-
John 1:20	χριστός	Χριστός	N-	----NSM-
John 1:21	καὶ	καί	C-	--------
John 1:21	ἠρώτησαν	ἐρωτάω	V-	3AAI-P--
John 1:21	αὐτόν	αὐτός	RP	----ASM-
John 1:21	Τί	τίς	RI	----NSN-
John 1:21	οὖν	οὖν	C-	--------
John 1:21	σὺ	σύ	RP	----NS--
John 1:21	Ἠλίας	Ἠλίας	N-	----NSM-
John 1:21	εἶ	εἰμί	V-	2PAI-S--
John 1:21	καὶ	καί	C-	--------
John 1:21	λέγει	λέγω	V-	3PAI-S--
John 1:21	Οὐκ	οὐ	D-	--------
John 1:21	εἰμί	εἰμί	V-	1PAI-S--
John 1:21	Ὁ	ὁ	RA	----NSM-
John 1:21	προφήτης	προφήτης	N-	----NSM-
John 1:21	εἶ	εἰμί	V-	2PAI-S--
John 1:21	σύ	σύ	RP	----NS--
John 1:21	καὶ	καί	C-	--------
John 1:21	ἀπεκρίθη	ἀποκρίνομαι	V-	3API-S--
John 1:21	Οὔ	οὔ	X-	--------
John 1:22	εἶπαν	λέγω	V-	3AAI-P--
John 1:22	οὖν	οὖν	C-	--------
John 1:22	αὐτῷ	αὐτός	RP	----DSM-
John 1:22	Τίς	τίς	RI	----NSM-
John 1:22	εἶ	εἰμί	V-	2PAI-S--
John 1:22	ἵνα	ἵνα	C-	--------
John 1:22	ἀπόκρισιν	ἀπόκρισις	N-	----ASF-
John 1:22	δῶμεν	δίδωμι	V-	1AAS-P--
John 1:22	τοῖς	ὁ	RA	----DPM-
John 1:22	πέμψασιν	πέμπω	V-	-AAPDPM-
John 1:22	ἡμᾶς	ἐγώ	RP	----AP--
John 1:22	τί	τίς	RI	----ASN-
John 1:22	λέγεις	λέγω	V-	2PAI-S--
John 1:22	περὶ	περί	P-	--------
John 1:22	σεαυτοῦ	σεαυτοῦ	RP	----GSM-
John 1:23	ἔφη	φημί	V-	3IAI-S--
John 1:23	Ἐγὼ	ἐγώ	RP	----NS--
John 1:23	φωνὴ	φωνή	N-	----NSF-
John 1:23	βοῶντος	βοάω	V-	-PAPGSM-
John 1:23	ἐν	ἐν	P-	--------
John 1:23	τῇ	ὁ	RA	----DSF-
John 1:23	ἐρήμῳ	ἔρημος	A-	----DSF-
John 1:23	Εὐθύνατε	εὐθύνω	V-	2AAD-P--
John 1:23	τὴν	ὁ	RA	----ASF-
John 1:23	ὁδὸν	ὁδός	N-	----ASF-
John 1:23	κυρίου	κύριος	N-	----GSM-
John 1:23	καθὼς	καθώς	C-	--------
John 1:23	εἶπεν	λέγω	V-	3AAI-S--
John 1:23	Ἠσαΐας	Ἠσαΐας	N-	----NSM-
John 1:23	ὁ	ὁ	RA	----NSM-
John 1:23	προφήτης	προφήτης	N-	----NSM-
John 1:24	Καὶ	καί	C-	--------
John 1:24	ἀπεσταλμένοι	ἀποστέλλω	V-	-XPPNPM-
John 1:24	ἦσαν	εἰμί	V-	3IAI-P--
John 1:24	ἐκ	ἐκ	P-	--------
John 1:24	τῶν	ὁ	RA	----GPM-
John 1:24	Φαρισαίων	Φαρισαῖος	N-	----GPM-
John 1:25	καὶ	καί	C-	--------
John 1:25	ἠρώτησαν	ἐρωτάω	V-	3AAI-P--
John 1:25	αὐτὸν	αὐτός	RP	----ASM-
John 1:25	καὶ	καί	C-	--------
John 1:25	εἶπαν	λέγω	V-	3AAI-P--
John 1:25	αὐτῷ	αὐτός	RP	----DSM-
John 1:25	Τί	τίς	RI	----ASN-
John 1:25	οὖν	οὖν	C-	--------
John 1:25	βαπτίζεις	βαπτίζω	V-	2PAI-S--
John 1:25	εἰ	εἰ	C-	--------
John 1:25	σὺ	σύ	RP	----NS--
John 1:25	οὐκ	οὐ	D-	--------
John 1:25	εἶ	εἰμί	V-	2PAI-S--
John 1:25	ὁ	ὁ	RA	----NSM-
John 1:25	χριστὸς	Χριστός	N-	----NSM-
John 1:25	οὐδὲ	οὐδέ	C-	--------
John 1:25	Ἠλίας	Ἠλίας	N-	----NSM-
John 1:25	οὐδὲ	οὐδέ	C-	--------
John 1:25	ὁ	ὁ	RA	----NSM-
John 1:25	προφήτης	προφήτης	N-	----NSM-
John 1:26	ἀπεκρίθη	ἀποκρίνομαι	V-	3API-S--
John 1:26	αὐτοῖς	αὐτός	RP	----DPM-
John 1:26	ὁ	ὁ	RA	----NSM-
John 1:26	Ἰωάννης	Ἰωάννης	N-	----NSM-
John 1:26	λέγων	λέγω	V-	-PAPNSM-
John 1:26	Ἐγὼ	ἐγώ	RP	----NS--
John 1:26	βαπτίζω	βαπτίζω	V-	1PAI-S--
John 1:26	ἐν	ἐν	P-	--------
John 1:26	ὕδατι	ὕδωρ	N-	----DSN-
John 1:26	μέσος	μέσος	A-	----NSM-
John 1:26	ὑμῶν	σύ	RP	----GP--
John 1:26	ἕστηκεν	ἵστημι	V-	3XAI-S--
John 1:26	ὃν	ὅς	RR	----ASM-
John 1:26	ὑμεῖς	σύ	RP	----NP--
John 1:26	οὐκ	οὐ	D-	--------
John 1:26	οἴδατε	οἶδα	V-	2XAI-P--
John 1:27	ὁ	ὁ	RA	----NSM-
John 1:27	ὀπίσω	ὀπίσω	P-	--------
John 1:27	μου	ἐγώ	RP	----GS--
John 1:27	ἐρχόμενος	ἔρχομαι	V-	-PMPNSM-
John 1:27	οὗ	ὅς	RR	----GSM-
John 1:27	οὐκ	οὐ	D-	--------
John 1:27	εἰμὶ	εἰμί	V-	1PAI-S--
John 1:27	ἄξιος	ἄξιος	A-	----NSM-
John 1:27	ἵνα	ἵνα	C-	--------
John 1:27	λύσω	λύω	V-	1AAS-S--
John 1:27	αὐτοῦ	αὐτός	RP	----GSM-
John 1:27	τὸν	ὁ	RA	----ASM-
John 1:27	ἱμάντα	ἱμάς	N-	----ASM-
John 1:27	τοῦ	ὁ	RA	----GSN-
John 1:27	ὑποδήματος	ὑπόδημα	N-	----GSN-
John 1:28	ταῦτα	οὗτος	RD	----NPN-
John 1:28	ἐν	ἐν	P-	--------
John 1:28	Βηθανίᾳ	Βηθανία	N-	----DSF-
John 1:28	ἐγένετο	γίνομαι	V-	3AMI-S--
John 1:28	πέραν	πέραν	P-	--------
John 1:28	τοῦ	ὁ	RA	----GSM-
John 1:28	Ἰορδάνου	Ἰορδάνης	N-	----GSM-
John 1:28	ὅπου	ὅπου	D-	--------
John 1:28	ἦν	εἰμί	V-	3IAI-S--
John 1:28	ὁ	ὁ	RA	----NSM-
John 1:28	Ἰωάννης	Ἰωάννης	N-	----NSM-
John 1:28	βαπτίζων	βαπτίζω	V-	-PAPNSM-
John 1:29	Τῇ	ὁ	RA	----DSF-
John 1:29	ἐπαύριον	ἐπαύριον	D-	--------
John 1:29	βλέπει	βλέπω	V-	3PAI-S--
John 1:29	τὸν	ὁ	RA	----ASM-
John 1:29	Ἰησοῦν	Ἰησοῦς	N-	----ASM-
John 1:29	ἐρχόμενον	ἔρχομαι	V-	-PMPASM-
John 1:29	πρὸς	πρός	P-	--------
John 1:29	αὐτόν	αὐτός	RP	----ASM-
John 1:29	καὶ	καί	C-	--------
John 1:29	λέγει	λέγω	V-	3PAI-S--
John 1:29	Ἴδε	ἴδε	X-	--------
John 1:29	ὁ	ὁ	RA	----NSM-
John 1:29	ἀμνὸς	ἀμνός	N-	----NSM-
John 1:29	τοῦ	ὁ	RA	----GSM-
John 1:29	θεοῦ	θεός	N-	----GSM-
John 1:29	ὁ	ὁ	RA	----NSM-
John 1:29	αἴρων	αἴρω	V-	-PAPNSM-
John 1:29	τὴν	ὁ	RA	----ASF-
John 1:29	ἁμαρτίαν	ἁμαρτία	N-	----ASF-
John 1:29	τοῦ	ὁ	RA	----GSM-
John 1:29	κόσμου	κόσμος	N-	----GSM-
John 1:30	οὗτός	οὗτος	RD	----NSM-
John 1:30	ἐστιν	εἰμί	V-	3PAI-S--
John 1:30	ὑπὲρ	ὑπέρ	P-	--------
John 1:30	οὗ	ὅς	RR	----GSM-
John 1:30	ἐγὼ	ἐγώ	RP	----NS--
John 1:30	εἶπον	λέγω	V-	1AAI-S--
John 1:30	Ὀπίσω	ὀπίσω	P-	--------
John 1:30	μου	ἐγώ	RP	----GS--
John 1:30	ἔρχεται	ἔρχομαι	V-	3PMI-S--
John 1:30	ἀνὴρ	ἀνήρ	N-	----NSM-
John 1:30	ὃς	ὅς	RR	----NSM-
John 1:30	ἔμπροσθέν	ἔμπροσθεν	P-	--------
John 1:30	μου	ἐγώ	RP	----GS--
John 1:30	γέγονεν	γίνομαι	V-	3XAI-S--
John 1:30	ὅτι	ὅτι	C-	--------
John 1:30	πρῶτός	πρῶτος	A-	----NSM-
John 1:30	μου	ἐγώ	RP	----GS--
John 1:30	ἦν	εἰμί	V-	3IAI-S--
John 1:31	κἀγὼ	κἀγώ	RP	----NS--
John 1:31	οὐκ	οὐ	D-	--------
John 1:31	ᾔδειν	οἶδα	V-	1YAI-S--
John 1:31	αὐτόν	αὐτός	RP	----ASM-
John 1:31	ἀλλ’	ἀλλά	C-	--------
John 1:31	ἵνα	ἵνα	C-	--------
John 1:31	φανερωθῇ	φανερόω	V-	3APS-S--
John 1:31	τῷ	ὁ	RA	----DSM-
John 1:31	Ἰσραὴλ	Ἰσραήλ	N-	----DSM-
John 1:31	διὰ	διά	P-	--------
John 1:31	τοῦτο	οὗτος	RD	----ASN-
John 1:31	ἦλθον	ἔρχομαι	V-	1AAI-S--
John 1:31	ἐγὼ	ἐγώ	RP	----NS--
John 1:31	ἐν	ἐν	P-	--------
John 1:31	ὕδατι	ὕδωρ	N-	----DSN-
John 1:31	βαπτίζων	βαπτίζω	V-	-PAPNSM-
John 1:32	καὶ	καί	C-	--------
John 1:32	ἐμαρτύρησεν	μαρτυρέω	V-	3AAI-S--
John 1:32	Ἰωάννης	Ἰωάννης	N-	----NSM-
John 1:32	λέγων	λέγω	V-	-PAPNSM-
John 1:32	ὅτι	ὅτι	C-	--------
John 1:32	Τεθέαμαι	θεάομαι	V-	1XMI-S--
John 1:32	τὸ	ὁ	RA	----ASN-
John 1:32	πνεῦμα	πνεῦμα	N-	----ASN-
John 1:32	καταβαῖνον	καταβαίνω	V-	-PAPASN-
John 1:32	ὡς	ὡς	C-	--------
John 1:32	περιστερὰν	περιστερά	N-	----ASF-
John 1:32	ἐξ	ἐκ	P-	--------
John 1:32	οὐρανοῦ	οὐρανός	N-	----GSM-
John 1:32	καὶ	καί	C-	--------
John 1:32	ἔμεινεν	μένω	V-	3AAI-S--
John 1:32	ἐπ’	ἐπί	P-	--------
John 1:32	αὐτόν	αὐτός	RP	----ASM-
John 1:33	κἀγὼ	κἀγώ	RP	----NS--
John 1:33	οὐκ	οὐ	D-	--------
John 1:33	ᾔδειν	οἶδα	V-	1YAI-S--
John 1:33	αὐτόν	αὐτός	RP	----ASM-
John 1:33	ἀλλ’	ἀλλά	C-	--------
John 1:33	ὁ	ὁ	RA	----NSM-
John 1:33	πέμψας	πέμπω	V-	-AAPNSM-
John 1:33	με	ἐγώ	RP	----AS--
John 1:33	βαπτίζειν	βαπτίζω	V-	-PAN----
John 1:33	ἐν	ἐν	P-	--------
John 1:33	ὕδατι	ὕδωρ	N-	----DSN-
John 1:33	ἐκεῖνός	ἐκεῖνος	RD	----NSM-
John 1:33	μοι	ἐγώ	RP	----DS--
John 1:33	εἶπεν	λέγω	V-	3AAI-S--
John 1:33	Ἐφ’	ἐπί	P-	--------
John 1:33	ὃν	ὅς	RR	----ASM-
John 1:33	ἂν	ἄν	X-	--------
John 1:33	ἴδῃς	ὁράω	V-	2AAS-S--
John 1:33	τὸ	ὁ	RA	----ASN-
John 1:33	πνεῦμα	πνεῦμα	N-	----ASN-
John 1:33	καταβαῖνον	καταβαίνω	V-	-PAPASN-
John 1:33	καὶ	καί	C-	--------
John 1:33	μένον	μένω	V-	-PAPASN-
John 1:33	ἐπ’	ἐπί	P-	--------
John 1:33	αὐτόν	αὐτός	RP	----ASM-
John 1:33	οὗτός	οὗτος	RD	----NSM-
John 1:33	ἐστιν	εἰμί	V-	3PAI-S--
John 1:33	ὁ	ὁ	RA	----NSM-
John 1:33	βαπτίζων	βαπτίζω	V-	-PAPNSM-
John 1:33	ἐν	ἐν	P-	--------
John 1:33	πνεύματι	πνεῦμα	N-	----DSN-
John 1:33	ἁγίῳ	ἅγιος	A-	----DSN-
John 1:34	κἀγὼ	κἀγώ	RP	----NS--
John 1:34	ἑώρακα	ὁράω	V-	1XAI-S--
John 1:34	καὶ	καί	C-	--------
John 1:34	μεμαρτύρηκα	μαρτυρέω	V-	1XAI-S--
John 1:34	ὅτι	ὅτι	C-	--------
John 1:34	οὗτός	οὗτος	RD	----NSM-
John 1:34	ἐστιν	εἰμί	V-	3PAI-S--
John 1:34	ὁ	ὁ	RA	----NSM-
John 1:34	ἐκλεκτὸς	ἐκλεκτός	A-	----NSM-
John 1:34	τοῦ	ὁ	RA	----GSM-
John 1:34	θεοῦ	θεός	N-	----GSM-
John 1:35	Τῇ	ὁ	RA	----DSF-
John 1:35	ἐπαύριον	ἐπαύριον	D-	--------
John 1:35	πάλιν	πάλιν	D-	--------
John 1:35	εἱστήκει	ἵστημι	V-	3YAI-S--
John 1:35	ὁ	ὁ	RA	----NSM-
John 1:35	Ἰωάννης	Ἰωάννης	N-	----NSM-
John 1:35	καὶ	καί	C-	--------
John 1:35	ἐκ	ἐκ	P-	--------
John 1:35	τῶν	ὁ	RA	----GPM-
John 1:35	μαθητῶν	μαθητής	N-	----GPM-
John 1:35	αὐτοῦ	αὐτός	RP	----GSM-
John 1:35	δύο	δύο	A-	----NPM-
John 1:36	καὶ	καί	C-	--------
John 1:36	ἐμβλέψας	ἐμβλέπω	V-	-AAPNSM-
John 1:36	τῷ	ὁ	RA	----DSM-
John 1:36	Ἰησοῦ	Ἰησοῦς	N-	----DSM-
John 1:36	περιπατοῦντι	περιπατέω	V-	-PAPDSM-
John 1:36	λέγει	λέγω	V-	3PAI-S--
John 1:36	Ἴδε	ἴδε	X-	--------
John 1:36	ὁ	ὁ	RA	----NSM-
John 1:36	ἀμνὸς	ἀμνός	N-	----NSM-
John 1:36	τοῦ	ὁ	RA	----GSM-
John 1:36	θεοῦ	θεός	N-	----GSM-
John 1:37	καὶ	καί	C-	--------
John 1:37	ἤκουσαν	ἀκούω	V-	3AAI-P--
John 1:37	οἱ	ὁ	RA	----NPM-
John 1:37	δύο	δύο	A-	----NPM-
John 1:37	μαθηταὶ	μαθητής	N-	----NPM-
John 1:37	αὐτοῦ	αὐτός	RP	----GSM-
John 1:37	λαλοῦντος	λαλέω	V-	-PAPGSM-
John 1:37	καὶ	καί	C-	--------
John 1:37	ἠκολούθησαν	ἀκολουθέω	V-	3AAI-P--
John 1:37	τῷ	ὁ	RA	----DSM-
John 1:37	Ἰησοῦ	Ἰησοῦς	N-	----DSM-
John 1:38	στραφεὶς	στρέφω	V-	-APPNSM-
John 1:38	δὲ	δέ	C-	--------
John 1:38	ὁ	ὁ	RA	----NSM-
John 1:38	Ἰησοῦς	Ἰησοῦς	N-	----NSM-
John 1:38	καὶ	καί	C-	--------
John 1:38	θεασάμενος	θεάομαι	V-	-AMPNSM-
John 1:38	αὐτοὺς	αὐτός	RP	----APM-
John 1:38	ἀκολουθοῦντας	ἀκολουθέω	V-	-PAPAPM-
John 1:38	λέγει	λέγω	V-	3PAI-S--
John 1:38	αὐτοῖς	αὐτός	RP	----DPM-
John 1:38	Τί	τίς	RI	----ASN-
John 1:38	ζητεῖτε	ζητέω	V-	2PAI-P--
John 1:38	οἱ	ὁ	RA	----NPM-
John 1:38	δὲ	δέ	C-	--------
John 1:38	εἶπαν	λέγω	V-	3AAI-P--
John 1:38	αὐτῷ	αὐτός	RP	----DSM-
John 1:38	Ῥαββί	ῥαββί	N-	----VSM-
John 1:38	ὃ	ὅς	RR	----NSN-
John 1:38	λέγεται	λέγω	V-	3PPI-S--
John 1:38	μεθερμηνευόμενον	μεθερμηνεύω	V-	-PPPNSN-
John 1:38	Διδάσκαλε	διδάσκαλος	N-	----VSM-
John 1:38	ποῦ	ποῦ	D-	--------
John 1:38	μένεις	μένω	V-	2PAI-S--
John 1:39	λέγει	λέγω	V-	3PAI-S--
John 1:39	αὐτοῖς	αὐτός	RP	----DPM-
John 1:39	Ἔρχεσθε	ἔρχομαι	V-	2PMD-P--
John 1:39	καὶ	καί	C-	--------
John 1:39	ὄψεσθε	ὁράω	V-	2FMI-P--
John 1:39	ἦλθαν	ἔρχομαι	V-	3AAI-P--
John 1:39	οὖν	οὖν	C-	--------
John 1:39	καὶ	καί	C-	--------
John 1:39	εἶδαν	ὁράω	V-	3AAI-P--
John 1:39	ποῦ	ποῦ	D-	--------
John 1:39	μένει	μένω	V-	3PAI-S--
John 1:39	καὶ	καί	C-	--------
John 1:39	παρ’	παρά	P-	--------
John 1:39	αὐτῷ	αὐτός	RP	----DSM-
John 1:39	ἔμειναν	μένω	V-	3AAI-P--
John 1:39	τὴν	ὁ	RA	----ASF-
John 1:39	ἡμέραν	ἡμέρα	N-	----ASF-
John 1:39	ἐκείνην	ἐκεῖνος	RD	----ASF-
John 1:39	ὥρα	ὥρα	N-	----NSF-
John 1:39	ἦν	εἰμί	V-	3IAI-S--
John 1:39	ὡς	ὡς	P-	--------
John 1:39	δεκάτη	δέκατος	A-	----NSF-
John 1:40	ἦν	εἰμί	V-	3IAI-S--
John 1:40	Ἀνδρέας	Ἀνδρέας	N-	----NSM-
John 1:40	ὁ	ὁ	RA	----NSM-
John 1:40	ἀδελφὸς	ἀδελφός	N-	----NSM-
John 1:40	Σίμωνος	Σίμων	N-	----GSM-
John 1:40	Πέτρου	Πέτρος	N-	----GSM-
John 1:40	εἷς	εἷς	A-	----NSM-
John 1:40	ἐκ	ἐκ	P-	--------
John 1:40	τῶν	ὁ	RA	----GPM-
John 1:40	δύο	δύο	A-	----GPM-
John 1:40	τῶν	ὁ	RA	----GPM-
John 1:40	ἀκουσάντων	ἀκούω	V-	-AAPGPM-
John 1:40	παρὰ	παρά	P-	--------
John 1:40	Ἰωάννου	Ἰωάννης	N-	----GSM-
John 1:40	καὶ	καί	C-	--------
John 1:40	ἀκολουθησάντων	ἀκολουθέω	V-	-AAPGPM-
John 1:40	αὐτῷ	αὐτός	RP	----DSM-
John 1:41	εὑρίσκει	εὑρίσκω	V-	3PAI-S--
John 1:41	οὗτος	οὗτος	RD	----NSM-
John 1:41	πρῶτον	πρῶτος	A-	----ASN-
John 1:41	τὸν	ὁ	RA	----ASM-
John 1:41	ἀδελφὸν	ἀδελφός	N-	----ASM-
John 1:41	τὸν	ὁ	RA	----ASM-
John 1:41	ἴδιον	ἴδιος	A-	----ASM-
John 1:41	Σίμωνα	Σίμων	N-	----ASM-
John 1:41	καὶ	καί	C-	--------
John 1:41	λέγει	λέγω	V-	3PAI-S--
John 1:41	αὐτῷ	αὐτός	RP	----DSM-
John 1:41	Εὑρήκαμεν	εὑρίσκω	V-	1XAI-P--
John 1:41	τὸν	ὁ	RA	----ASM-
John 1:41	Μεσσίαν	Μεσσίας	N-	----ASM-
John 1:41	ὅ	ὅς	RR	----NSN-
John 1:41	ἐστιν	εἰμί	V-	3PAI-S--
John 1:41	μεθερμηνευόμενον	μεθερμηνεύω	V-	-PPPNSN-
John 1:41	χριστός	Χριστός	N-	----NSM-
John 1:42	ἤγαγεν	ἄγω	V-	3AAI-S--
John 1:42	αὐτὸν	αὐτός	RP	----ASM-
John 1:42	πρὸς	πρός	P-	--------
John 1:42	τὸν	ὁ	RA	----ASM-
John 1:42	Ἰησοῦν	Ἰησοῦς	N-	----ASM-
John 1:42	ἐμβλέψας	ἐμβλέπω	V-	-AAPNSM-
John 1:42	αὐτῷ	αὐτός	RP	----DSM-
John 1:42	ὁ	ὁ	RA	----NSM-
John 1:42	Ἰησοῦς	Ἰησοῦς	N-	----NSM-
John 1:42	εἶπεν	λέγω	V-	3AAI-S--
John 1:42	Σὺ	σύ	RP	----NS--
John 1:42	εἶ	εἰμί	V-	2PAI-S--
John 1:42	Σίμων	Σίμων	N-	----NSM-
John 1:42	ὁ	ὁ	RA	----NSM-
John 1:42	υἱὸς	υἱός	N-	----NSM-
John 1:42	Ἰωάννου	Ἰωάννης	N-	----GSM-
John 1:42	σὺ	σύ	RP	----NS--
John 1:42	κληθήσῃ	καλέω	V-	2FPI-S--
John 1:42	Κηφᾶς	Κηφᾶς	N-	----NSM-
John 1:42	ὃ	ὅς	RR	----NSN-
John 1:42	ἑρμηνεύεται	ἑρμηνεύω	V-	3PPI-S--
John 1:42	Πέτρος	Πέτρος	N-	----NSM-
John 1:43	Τῇ	ὁ	RA	----DSF-
John 1:43	ἐπαύριον	ἐπαύριον	D-	--------
John 1:43	ἠθέλησεν	θέλω	V-	3AAI-S--
John 1:43	ἐξελθεῖν	ἐξέρχομαι	V-	-AAN----
John 1:43	εἰς	εἰς	P-	--------
John 1:43	τὴν	ὁ	RA	----ASF-
John 1:43	Γαλιλαίαν	Γαλιλαία	N-	----ASF-
John 1:43	καὶ	καί	C-	--------
John 1:43	εὑρίσκει	εὑρίσκω	V-	3PAI-S--
John 1:43	Φίλιππον	Φίλιππος	N-	----ASM-
John 1:43	καὶ	καί	C-	--------
John 1:43	λέγει	λέγω	V-	3PAI-S--
John 1:43	αὐτῷ	αὐτός	RP	----DSM-
John 1:43	ὁ	ὁ	RA	----NSM-
John 1:43	Ἰησοῦς	Ἰησοῦς	N-	----NSM-
John 1:43	Ἀκολούθει	ἀκολουθέω	V-	2PAD-S--
John 1:43	μοι	ἐγώ	RP	----DS--
John 1:44	ἦν	εἰμί	V-	3IAI-S--
John 1:44	δὲ	δέ	C-	--------
John 1:44	ὁ	ὁ	RA	----NSM-
John 1:44	Φίλιππος	Φίλιππος	N-	----NSM-
John 1:44	ἀπὸ	ἀπό	P-	--------
John 1:44	Βηθσαϊδά	Βηθσαϊδά	N-	----GSF-
John 1:44	ἐκ	ἐκ	P-	--------
John 1:44	τῆς	ὁ	RA	----GSF-
John 1:44	πόλεως	πόλις	N-	----GSF-
John 1:44	Ἀνδρέου	Ἀνδρέας	N-	----GSM-
John 1:44	καὶ	καί	C-	--------
John 1:44	Πέτρου	Πέτρος	N-	----GSM-
John 1:45	εὑρίσκει	εὑρίσκω	V-	3PAI-S--
John 1:45	Φίλιππος	Φίλιππος	N-	----NSM-
John 1:45	τὸν	ὁ	RA	----ASM-
John 1:45	Ναθαναὴλ	Ναθαναήλ	N-	----ASM-
John 1:45	καὶ	καί	C-	--------
John 1:45	λέγει	λέγω	V-	3PAI-S--
John 1:45	αὐτῷ	αὐτός	RP	----DSM-
John 1:45	Ὃν	ὅς	RR	----ASM-
John 1:45	ἔγραψεν	γράφω	V-	3AAI-S--
John 1:45	Μωϋσῆς	Μωϋσῆς	N-	----NSM-
John 1:45	ἐν	ἐν	P-	--------
John 1:45	τῷ	ὁ	RA	----DSM-
John 1:45	νόμῳ	νόμος	N-	----DSM-
John 1:45	καὶ	καί	C-	--------
John 1:45	οἱ	ὁ	RA	----NPM-
John 1:45	προφῆται	προφήτης	N-	----NPM-
John 1:45	εὑρήκαμεν	εὑρίσκω	V-	1XAI-P--
John 1:45	Ἰησοῦν	Ἰησοῦς	N-	----ASM-
John 1:45	υἱὸν	υἱός	N-	----ASM-
John 1:45	τοῦ	ὁ	RA	----GSM-
John 1:45	Ἰωσὴφ	Ἰωσήφ	N-	----GSM-
John 1:45	τὸν	ὁ	RA	----ASM-
John 1:45	ἀπὸ	ἀπό	P-	--------
John 1:45	Ναζαρέτ	Ναζαρέτ	N-	----GSF-
John 1:46	καὶ	καί	C-	--------
John 1:46	εἶπεν	λέγω	V-	3AAI-S--
John 1:46	αὐτῷ	αὐτός	RP	----DSM-
John 1:46	Ναθαναήλ	Ναθαναήλ	N-	----NSM-
John 1:46	Ἐκ	ἐκ	P-	--------
John 1:46	Ναζαρὲτ	Ναζαρέτ	N-	----GSF-
John 1:46	δύναταί	δύναμαι	V-	3PMI-S--
John 1:46	τι	τις	RI	----NSN-
John 1:46	ἀγαθὸν	ἀγαθός	A-	----NSN-
John 1:46	εἶναι	εἰμί	V-	-PAN----
John 1:46	λέγει	λέγω	V-	3PAI-S--
John 1:46	αὐτῷ	αὐτός	RP	----DSM-
John 1:46	ὁ	ὁ	RA	----NSM-
John 1:46	Φίλιππος	Φίλιππος	N-	----NSM-
John 1:46	Ἔρχου	ἔρχομαι	V-	2PMD-S--
John 1:46	καὶ	καί	C-	--------
John 1:46	ἴδε	ὁράω	V-	2AAD-S--
John 1:47	εἶδεν	ὁράω	V-	3AAI-S--
John 1:47	ὁ	ὁ	RA	----NSM-
John 1:47	Ἰησοῦς	Ἰησοῦς	N-	----NSM-
John 1:47	τὸν	ὁ	RA	----ASM-
John 1:47	Ναθαναὴλ	Ναθαναήλ	N-	----ASM-
John 1:47	ἐρχόμενον	ἔρχομαι	V-	-PMPASM-
John 1:47	πρὸς	πρός	P-	--------
John 1:47	αὐτὸν	αὐτός	RP	----ASM-
John 1:47	καὶ	καί	C-	--------
John 1:47	λέγει	λέγω	V-	3PAI-S--
John 1:47	περὶ	περί	P-	--------
John 1:47	αὐτοῦ	αὐτός	RP	----GSM-
John 1:47	Ἴδε	ἴδε	X-	--------
John 1:47	ἀληθῶς	ἀληθῶς	D-	--------
John 1:47	Ἰσραηλίτης	Ἰσραηλίτης	N-	----NSM-
John 1:47	ἐν	ἐν	P-	--------
John 1:47	ᾧ	ὅς	RR	----DSM-
John 1:47	δόλος	δόλος	N-	----NSM-
John 1:47	οὐκ	οὐ	D-	--------
John 1:47	ἔστιν	εἰμί	V-	3PAI-S--
John 1:48	λέγει	λέγω	V-	3PAI-S--
John 1:48	αὐτῷ	αὐτός	RP	----DSM-
John 1:48	Ναθαναήλ	Ναθαναήλ	N-	----NSM-
John 1:48	Πόθεν	πόθεν	D-	--------
John 1:48	με	ἐγώ	RP	----AS--
John 1:48	γινώσκεις	γινώσκω	V-	2PAI-S--
John 1:48	ἀπεκρίθη	ἀποκρίνομαι	V-	3API-S--
John 1:48	Ἰησοῦς	Ἰησοῦς	N-	----NSM-
John 1:48	καὶ	καί	C-	--------
John 1:48	εἶπεν	λέγω	V-	3AAI-S--
John 1:48	αὐτῷ	αὐτός	RP	----DSM-
John 1:48	Πρὸ	πρό	P-	--------
John 1:48	τοῦ	ὁ	RA	----GSN-
John 1:48	σε	σύ	RP	----AS--
John 1:48	Φίλιππον	Φίλιππος	N-	----ASM-
John 1:48	φωνῆσαι	φωνέω	V-	-AAN----
John 1:48	ὄντα	εἰμί	V-	-PAPASM-
John 1:48	ὑπὸ	ὑπό	P-	--------
John 1:48	τὴν	ὁ	RA	----ASF-
John 1:48	συκῆν	συκῆ	N-	----ASF-
John 1:48	εἶδόν	ὁράω	V-	1AAI-S--
John 1:48	σε	σύ	RP	----AS--
John 1:49	ἀπεκρίθη	ἀποκρίνομαι	V-	3API-S--
John 1:49	αὐτῷ	αὐτός	RP	----DSM-
John 1:49	Ναθαναήλ	Ναθαναήλ	N-	----NSM-
John 1:49	Ῥαββί	ῥαββί	N-	----VSM-
John 1:49	σὺ	σύ	RP	----NS--
John 1:49	εἶ	εἰμί	V-	2PAI-S--
John 1:49	ὁ	ὁ	RA	----NSM-
John 1:49	υἱὸς	υἱός	N-	----NSM-
John 1:49	τοῦ	ὁ	RA	----GSM-
John 1:49	θεοῦ	θεός	N-	----GSM-
John 1:49	σὺ	σύ	RP	----NS--
John 1:49	βασιλεὺς	βασιλεύς	N-	----NSM-
John 1:49	εἶ	εἰμί	V-	2PAI-S--
John 1:49	τοῦ	ὁ	RA	----GSM-
John 1:49	Ἰσραήλ	Ἰσραήλ	N-	----GSM-
John 1:50	ἀπεκρίθη	ἀποκρίνομαι	V-	3API-S--
John 1:50	Ἰησοῦς	Ἰησοῦς	N-	----NSM-
John 1:50	καὶ	καί	C-	--------
John 1:50	εἶπεν	λέγω	V-	3AAI-S--
John 1:50	αὐτῷ	αὐτός	RP	----DSM-
John 1:50	Ὅτι	ὅτι	C-	--------
John 1:50	εἶπόν	λέγω	V-	1AAI-S--
John 1:50	σοι	σύ	RP	----DS--
John 1:50	ὅτι	ὅτι	C-	--------
John 1:50	εἶδόν	ὁράω	V-	1AAI-S--
John 1:50	σε	σύ	RP	----AS--
John 1:50	ὑποκάτω	ὑποκάτω	P-	--------
John 1:50	τῆς	ὁ	RA	----GSF-
John 1:50	συκῆς	συκῆ	N-	----GSF-
John 1:50	πιστεύεις	πιστεύω	V-	2PAI-S--
John 1:50	μείζω	μέγας	A-	----APNC
John 1:50	τούτων	οὗτος	RD	----GPN-
John 1:50	ὄψῃ	ὁράω	V-	2FMI-S--
John 1:51	καὶ	καί	C-	--------
John 1:51	λέγει	λέγω	V-	3PAI-S--
John 1:51	αὐτῷ	αὐτός	RP	----DSM-
John 1:51	Ἀμὴν	ἀμήν	X-	--------
John 1:51	ἀμὴν	ἀμήν	X-	--------
John 1:51	λέγω	λέγω	V-	1PAI-S--
John 1:51	ὑμῖν	σύ	RP	----DP--
John 1:51	ὄψεσθε	ὁράω	V-	2FMI-P--
John 1:51	τὸν	ὁ	RA	----ASM-
John 1:51	οὐρανὸν	οὐρανός	N-	----ASM-
John 1:51	ἀνεῳγότα	ἀνοίγω	V-	-XAPASM-
John 1:51	καὶ	καί	C-	--------
John 1:51	τοὺς	ὁ	RA	----APM-
John 1:51	ἀγγέλους	ἄγγελος	N-	----APM-
John 1:51	τοῦ	ὁ	RA	----GSM-
John 1:51	θεοῦ	θεός	N-	----GSM-
John 1:51	ἀναβαίνοντας	ἀναβαίνω	V-	-PAPAPM-
John 1:51	καὶ	καί	C-	--------
John 1:51	καταβαίνοντας	καταβαίνω	V-	-PAPAPM-
John 1:51	ἐπὶ	ἐπί	P-	--------
John 1:51	τὸν	ὁ	RA	----ASM-
John 1:51	υἱὸν	υἱός	N-	----ASM-
John 1:51	τοῦ	ὁ	RA	----GSM-
John 1:51	ἀνθρώπου	ἄνθρωπος	N-	----GSM-
John 2:1	Καὶ	καί	C-	--------
John 2:1	τῇ	ὁ	RA	----DSF-
John 2:1	ἡμέρᾳ	ἡμέρα	N-	----DSF-
John 2:1	τῇ	ὁ	RA	----DSF-
John 2:1	τρίτῃ	τρίτος	A-	----DSF-
John 2:1	γάμος	γάμος	N-	----NSM-
John 2:1	ἐγένετο	γίνομαι	V-	3AMI-S--
John 2:1	ἐν	ἐν	P-	--------
John 2:1	Κανὰ	Κανά	N-	----DSF-
John 2:1	τῆς	ὁ	RA	----GSF-
John 2:1	Γαλιλαίας	Γαλιλαία	N-	----GSF-
John 2:1	καὶ	καί	C-	--------
John 2:1	ἦν	εἰμί	V-	3IAI-S--
John 2:1	ἡ	ὁ	RA	----NSF-
John 2:1	μήτηρ	μήτηρ	N-	----NSF-
John 2:1	τοῦ	ὁ	RA	----GSM-
John 2:1	Ἰησοῦ	Ἰησοῦς	N-	----GSM-
John 2:1	ἐκεῖ	ἐκεῖ	D-	--------
John 2:2	ἐκλήθη	καλέω	V-	3API-S--
John 2:2	δὲ	δέ	C-	--------
John 2:2	καὶ	καί	D-	--------
John 2:2	ὁ	ὁ	RA	----NSM-
John 2:2	Ἰησοῦς	Ἰησοῦς	N-	----NSM-
John 2:2	καὶ	καί	C-	--------
John 2:2	οἱ	ὁ	RA	----NPM-
John 2:2	μαθηταὶ	μαθητής	N-	----NPM-
John 2:2	αὐτοῦ	αὐτός	RP	----GSM-
John 2:2	εἰς	εἰς	P-	--------
John 2:2	τὸν	ὁ	RA	----ASM-
John 2:2	γάμον	γάμος	N-	----ASM-
John 2:3	καὶ	καί	C-	--------
John 2:3	ὑστερήσαντος	ὑστερέω	V-	-AAPGSM-
John 2:3	οἴνου	οἶνος	N-	----GSM-
John 2:3	λέγει	λέγω	V-	3PAI-S--
John 2:3	ἡ	ὁ	RA	----NSF-
John 2:3	μήτηρ	μήτηρ	N-	----NSF-
John 2:3	τοῦ	ὁ	RA	----GSM-
John 2:3	Ἰησοῦ	Ἰησοῦς	N-	----GSM-
John 2:3	πρὸς	πρός	P-	--------
John 2:3	αὐτόν	αὐτός	RP	----ASM-
John 2:3	Οἶνον	οἶνος	N-	----ASM-
John 2:3	οὐκ	οὐ	D-	--------
John 2:3	ἔχουσιν	ἔχω	V-	3PAI-P--
John 2:4	καὶ	καί	C-	--------
John 2:4	λέγει	λέγω	V-	3PAI-S--
John 2:4	αὐτῇ	αὐτός	RP	----DSF-
John 2:4	ὁ	ὁ	RA	----NSM-
John 2:4	Ἰησοῦς	Ἰησοῦς	N-	----NSM-
John 2:4	Τί	τίς	RI	----NSN-
John 2:4	ἐμοὶ	ἐγώ	RP	----DS--
John 2:4	καὶ	καί	C-	--------
John 2:4	σοί	σύ	RP	----DS--
John 2:4	γύναι	γυνή	N-	----VSF-
John 2:4	οὔπω	οὔπω	D-	--------
John 2:4	ἥκει	ἥκω	V-	3PAI-S--
John 2:4	ἡ	ὁ	RA	----NSF-
John 2:4	ὥρα	ὥρα	N-	----NSF-
John 2:4	μου	ἐγώ	RP	----GS--
John 2:5	λέγει	λέγω	V-	3PAI-S--
John 2:5	ἡ	ὁ	RA	----NSF-
John 2:5	μήτηρ	μήτηρ	N-	----NSF-
John 2:5	αὐτοῦ	αὐτός	RP	----GSM-
John 2:5	τοῖς	ὁ	RA	----DPM-
John 2:5	διακόνοις	διάκονος	N-	----DPM-
John 2:5	Ὅ	ὅς	RR	----ASN-
John 2:5	τι	τις	RI	----ASN-
John 2:5	ἂν	ἄν	X-	--------
John 2:5	λέγῃ	λέγω	V-	3PAS-S--
John 2:5	ὑμῖν	σύ	RP	----DP--
John 2:5	ποιήσατε	ποιέω	V-	2AAD-P--
John 2:6	ἦσαν	εἰμί	V-	3IAI-P--
John 2:6	δὲ	δέ	C-	--------
John 2:6	ἐκεῖ	ἐκεῖ	D-	--------
John 2:6	λίθιναι	λίθινος	A-	----NPF-
John 2:6	ὑδρίαι	ὑδρία	N-	----NPF-
John 2:6	ἓξ	ἕξ	A-	----NPF-
John 2:6	κατὰ	κατά	P-	--------
John 2:6	τὸν	ὁ	RA	----ASM-
John 2:6	καθαρισμὸν	καθαρισμός	N-	----ASM-
John 2:6	τῶν	ὁ	RA	----GPM-
John 2:6	Ἰουδαίων	Ἰουδαῖος	A-	----GPM-
John 2:6	κείμεναι	κεῖμαι	V-	-PMPNPF-
John 2:6	χωροῦσαι	χωρέω	V-	-PAPNPF-
John 2:6	ἀνὰ	ἀνά	D-	--------
John 2:6	μετρητὰς	μετρητής	N-	----APM-
John 2:6	δύο	δύο	A-	----APM-
John 2:6	ἢ	ἤ	C-	--------
John 2:6	τρεῖς	τρεῖς	A-	----APM-
John 2:7	λέγει	λέγω	V-	3PAI-S--
John 2:7	αὐτοῖς	αὐτός	RP	----DPM-
John 2:7	ὁ	ὁ	RA	----NSM-
John 2:7	Ἰησοῦς	Ἰησοῦς	N-	----NSM-
John 2:7	Γεμίσατε	γεμίζω	V-	2AAD-P--
John 2:7	τὰς	ὁ	RA	----APF-
John 2:7	ὑδρίας	ὑδρία	N-	----APF-
John 2:7	ὕδατος	ὕδωρ	N-	----GSN-
John 2:7	καὶ	καί	C-	--------
John 2:7	ἐγέμισαν	γεμίζω	V-	3AAI-P--
John 2:7	αὐτὰς	αὐτός	RP	----APF-
John 2:7	ἕως	ἕως	P-	--------
John 2:7	ἄνω	ἄνω	D-	--------
John 2:8	καὶ	καί	C-	--------
John 2:8	λέγει	λέγω	V-	3PAI-S--
John 2:8	αὐτοῖς	αὐτός	RP	----DPM-
John 2:8	Ἀντλήσατε	ἀντλέω	V-	2AAD-P--
John 2:8	νῦν	νῦν	D-	--------
John 2:8	καὶ	καί	C-	--------
John 2:8	φέρετε	φέρω	V-	2PAD-P--
John 2:8	τῷ	ὁ	RA	----DSM-
John 2:8	ἀρχιτρικλίνῳ	ἀρχιτρίκλινος	N-	----DSM-
John 2:8	οἱ	ὁ	RA	----NPM-
John 2:8	δὲ	δέ	C-	--------
John 2:8	ἤνεγκαν	φέρω	V-	3AAI-P--
John 2:9	ὡς	ὡς	C-	--------
John 2:9	δὲ	δέ	C-	--------
John 2:9	ἐγεύσατο	γεύομαι	V-	3AMI-S--
John 2:9	ὁ	ὁ	RA	----NSM-
John 2:9	ἀρχιτρίκλινος	ἀρχιτρίκλινος	N-	----NSM-
John 2:9	τὸ	ὁ	RA	----ASN-
John 2:9	ὕδωρ	ὕδωρ	N-	----ASN-
John 2:9	οἶνον	οἶνος	N-	----ASM-
John 2:9	γεγενημένον	γίνομαι	V-	-XPPASN-
John 2:9	καὶ	καί	C-	--------
John 2:9	οὐκ	οὐ	D-	--------
John 2:9	ᾔδει	οἶδα	V-	3YAI-S--
John 2:9	πόθεν	πόθεν	D-	--------
John 2:9	ἐστίν	εἰμί	V-	3PAI-S--
John 2:9	οἱ	ὁ	RA	----NPM-
John 2:9	δὲ	δέ	C-	--------
John 2:9	διάκονοι	διάκονος	N-	----NPM-
John 2:9	ᾔδεισαν	οἶδα	V-	3YAI-P--
John 2:9	οἱ	ὁ	RA	----NPM-
John 2:9	ἠντληκότες	ἀντλέω	V-	-XAPNPM-
John 2:9	τὸ	ὁ	RA	----ASN-
John 2:9	ὕδωρ	ὕδωρ	N-	----ASN-
John 2:9	φωνεῖ	φωνέω	V-	3PAI-S--
John 2:9	τὸν	ὁ	RA	----ASM-
John 2:9	νυμφίον	νυμφίος	N-	----ASM-
John 2:9	ὁ	ὁ	RA	----NSM-
John 2:9	ἀρχιτρίκλινος	ἀρχιτρίκλινος	N-	----NSM-
John 2:10	καὶ	καί	C-	--------
John 2:10	λέγει	λέγω	V-	3PAI-S--
John 2:10	αὐτῷ	αὐτός	RP	----DSM-
John 2:10	Πᾶς	πᾶς	A-	----NSM-
John 2:10	ἄνθρωπος	ἄνθρωπος	N-	----NSM-
John 2:10	πρῶτον	πρῶτος	A-	----ASN-
John 2:10	τὸν	ὁ	RA	----ASM-
John 2:10	καλὸν	καλός	A-	----ASM-
John 2:10	οἶνον	οἶνος	N-	----ASM-
John 2:10	τίθησιν	τίθημι	V-	3PAI-S--
John 2:10	καὶ	καί	C-	--------
John 2:10	ὅταν	ὅταν	C-	--------
John 2:10	μεθυσθῶσιν	μεθύω	V-	3APS-P--
John 2:10	τὸν	ὁ	RA	----ASM-
John 2:10	ἐλάσσω	ἐλάσσων	A-	----ASMC
John 2:10	σὺ	σύ	RP	----NS--
John 2:10	τετήρηκας	τηρέω	V-	2XAI-S--
John 2:10	τὸν	ὁ	RA	----ASM-
John 2:10	καλὸν	καλός	A-	----ASM-
John 2:10	οἶνον	οἶνος	N-	----ASM-
John 2:10	ἕως	ἕως	P-	--------
John 2:10	ἄρτι	ἄρτι	D-	--------
John 2:11	ταύτην	οὗτος	RD	----ASF-
John 2:11	ἐποίησεν	ποιέω	V-	3AAI-S--
John 2:11	ἀρχὴν	ἀρχή	N-	----ASF-
John 2:11	τῶν	ὁ	RA	----GPN-
John 2:11	σημείων	σημεῖον	N-	----GPN-
John 2:11	ὁ	ὁ	RA	----NSM-
John 2:11	Ἰησοῦς	Ἰησοῦς	N-	----NSM-
John 2:11	ἐν	ἐν	P-	--------
John 2:11	Κανὰ	Κανά	N-	----DSF-
John 2:11	τῆς	ὁ	RA	----GSF-
John 2:11	Γαλιλαίας	Γαλιλαία	N-	----GSF-
John 2:11	καὶ	καί	C-	--------
John 2:11	ἐφανέρωσεν	φανερόω	V-	3AAI-S--
John 2:11	τὴν	ὁ	RA	----ASF-
John 2:11	δόξαν	δόξα	N-	----ASF-
John 2:11	αὐτοῦ	αὐτός	RP	----GSM-
John 2:11	καὶ	καί	C-	--------
John 2:11	ἐπίστευσαν	πιστεύω	V-	3AAI-P--
John 2:11	εἰς	εἰς	P-	--------
John 2:11	αὐτὸν	αὐτός	RP	----ASM-
John 2:11	οἱ	ὁ	RA	----NPM-
John 2:11	μαθηταὶ	μαθητής	N-	----NPM-
John 2:11	αὐτοῦ	αὐτός	RP	----GSM-
John 2:12	Μετὰ	μετά	P-	--------
John 2:12	τοῦτο	οὗτος	RD	----ASN-
John 2:12	κατέβη	καταβαίνω	V-	3AAI-S--
John 2:12	εἰς	εἰς	P-	--------
John 2:12	Καφαρναοὺμ	Καφαρναούμ	N-	----ASF-
John 2:12	αὐτὸς	αὐτός	RP	----NSM-
John 2:12	καὶ	καί	C-	--------
John 2:12	ἡ	ὁ	RA	----NSF-
John 2:12	μήτηρ	μήτηρ	N-	----NSF-
John 2:12	αὐτοῦ	αὐτός	RP	----GSM-
John 2:12	καὶ	καί	C-	--------
John 2:12	οἱ	ὁ	RA	----NPM-
John 2:12	ἀδελφοὶ	ἀδελφός	N-	----NPM-
John 2:12	καὶ	καί	C-	--------
John 2:12	οἱ	ὁ	RA	----NPM-
John 2:12	μαθηταὶ	μαθητής	N-	----NPM-
John 2:12	αὐτοῦ	αὐτός	RP	----GSM-
John 2:12	καὶ	καί	C-	--------
John 2:12	ἐκεῖ	ἐκεῖ	D-	--------
John 2:12	ἔμειναν	μένω	V-	3AAI-P--
John 2:12	οὐ	οὐ	D-	--------
John 2:12	πολλὰς	πολύς	A-	----APF-
John 2:12	ἡμέρας	ἡμέρα	N-	----APF-
John 2:13	Καὶ	καί	C-	--------
John 2:13	ἐγγὺς	ἐγγύς	D-	--------
John 2:13	ἦν	εἰμί	V-	3IAI-S--
John 2:13	τὸ	ὁ	RA	----NSN-
John 2:13	πάσχα	πάσχα	N-	----NSN-
John 2:13	τῶν	ὁ	RA	----GPM-
John 2:13	Ἰουδαίων	Ἰουδαῖος	A-	----GPM-
John 2:13	καὶ	καί	C-	--------
John 2:13	ἀνέβη	ἀναβαίνω	V-	3AAI-S--
John 2:13	εἰς	εἰς	P-	--------
John 2:13	Ἱεροσόλυμα	Ἱεροσόλυμα	N-	----APN-
John 2:13	ὁ	ὁ	RA	----NSM-
John 2:13	Ἰησοῦς	Ἰησοῦς	N-	----NSM-
John 2:14	καὶ	καί	C-	--------
John 2:14	εὗρεν	εὑρίσκω	V-	3AAI-S--
John 2:14	ἐν	ἐν	P-	--------
John 2:14	τῷ	ὁ	RA	----DSN-
John 2:14	ἱερῷ	ἱερός	A-	----DSN-
John 2:14	τοὺς	ὁ	RA	----APM-
John 2:14	πωλοῦντας	πωλέω	V-	-PAPAPM-
John 2:14	βόας	βοῦς	N-	----APM-
John 2:14	καὶ	καί	C-	--------
John 2:14	πρόβατα	πρόβατον	N-	----APN-
John 2:14	καὶ	καί	C-	--------
John 2:14	περιστερὰς	περιστερά	N-	----APF-
John 2:14	καὶ	καί	C-	--------
John 2:14	τοὺς	ὁ	RA	----APM-
John 2:14	κερματιστὰς	κερματιστής	N-	----APM-
John 2:14	καθημένους	κάθημαι	V-	-PMPAPM-
John 2:15	καὶ	καί	C-	--------
John 2:15	ποιήσας	ποιέω	V-	-AAPNSM-
John 2:15	φραγέλλιον	φραγέλλιον	N-	----ASN-
John 2:15	ἐκ	ἐκ	P-	--------
John 2:15	σχοινίων	σχοινίον	N-	----GPN-
John 2:15	πάντας	πᾶς	A-	----APM-
John 2:15	ἐξέβαλεν	ἐκβάλλω	V-	3AAI-S--
John 2:15	ἐκ	ἐκ	P-	--------
John 2:15	τοῦ	ὁ	RA	----GSN-
John 2:15	ἱεροῦ	ἱερός	A-	----GSN-
John 2:15	τά	ὁ	RA	----APN-
John 2:15	τε	τέ	C-	--------
John 2:15	πρόβατα	πρόβατον	N-	----APN-
John 2:15	καὶ	καί	C-	--------
John 2:15	τοὺς	ὁ	RA	----APM-
John 2:15	βόας	βοῦς	N-	----APM-
John 2:15	καὶ	καί	C-	--------
John 2:15	τῶν	ὁ	RA	----GPM-
John 2:15	κολλυβιστῶν	κολλυβιστής	N-	----GPM-
John 2:15	ἐξέχεεν	ἐκχέω	V-	3AAI-S--
John 2:15	τὰ	ὁ	RA	----APN-
John 2:15	κέρματα	κέρμα	N-	----APN-
John 2:15	καὶ	καί	C-	--------
John 2:15	τὰς	ὁ	RA	----APF-
John 2:15	τραπέζας	τράπεζα	N-	----APF-
John 2:15	ἀνέστρεψεν	ἀναστρέφω	V-	3AAI-S--
John 2:16	καὶ	καί	C-	--------
John 2:16	τοῖς	ὁ	RA	----DPM-
John 2:16	τὰς	ὁ	RA	----APF-
John 2:16	περιστερὰς	περιστερά	N-	----APF-
John 2:16	πωλοῦσιν	πωλέω	V-	-PAPDPM-
John 2:16	εἶπεν	λέγω	V-	3AAI-S--
John 2:16	Ἄρατε	αἴρω	V-	2AAD-P--
John 2:16	ταῦτα	οὗτος	RD	----APN-
John 2:16	ἐντεῦθεν	ἐντεῦθεν	D-	--------
John 2:16	μὴ	μή	D-	--------
John 2:16	ποιεῖτε	ποιέω	V-	2PAD-P--
John 2:16	τὸν	ὁ	RA	----ASM-
John 2:16	οἶκον	οἶκος	N-	----ASM-
John 2:16	τοῦ	ὁ	RA	----GSM-
John 2:16	πατρός	πατήρ	N-	----GSM-
John 2:16	μου	ἐγώ	RP	----GS--
John 2:16	οἶκον	οἶκος	N-	----ASM-
John 2:16	ἐμπορίου	ἐμπόριον	N-	----GSN-
John 2:17	ἐμνήσθησαν	μιμνῄσκομαι	V-	3API-P--
John 2:17	οἱ	ὁ	RA	----NPM-
John 2:17	μαθηταὶ	μαθητής	N-	----NPM-
John 2:17	αὐτοῦ	αὐτός	RP	----GSM-
John 2:17	ὅτι	ὅτι	C-	--------
John 2:17	γεγραμμένον	γράφω	V-	-XPPNSN-
John 2:17	ἐστίν	εἰμί	V-	3PAI-S--
John 2:17	Ὁ	ὁ	RA	----NSM-
John 2:17	ζῆλος	ζῆλος	N-	----NSM-
John 2:17	τοῦ	ὁ	RA	----GSM-
John 2:17	οἴκου	οἶκος	N-	----GSM-
John 2:17	σου	σύ	RP	----GS--
John 2:17	καταφάγεταί	κατεσθίω	V-	3FMI-S--
John 2:17	με	ἐγώ	RP	----AS--
John 2:18	ἀπεκρίθησαν	ἀποκρίνομαι	V-	3API-P--
John 2:18	οὖν	οὖν	C-	--------
John 2:18	οἱ	ὁ	RA	----NPM-
John 2:18	Ἰουδαῖοι	Ἰουδαῖος	A-	----NPM-
John 2:18	καὶ	καί	C-	--------
John 2:18	εἶπαν	λέγω	V-	3AAI-P--
John 2:18	αὐτῷ	αὐτός	RP	----DSM-
John 2:18	Τί	τίς	RI	----ASN-
John 2:18	σημεῖον	σημεῖον	N-	----ASN-
John 2:18	δεικνύεις	δείκνυμι	V-	2PAI-S--
John 2:18	ἡμῖν	ἐγώ	RP	----DP--
John 2:18	ὅτι	ὅτι	C-	--------
John 2:18	ταῦτα	οὗτος	RD	----APN-
John 2:18	ποιεῖς	ποιέω	V-	2PAI-S--
John 2:19	ἀπεκρίθη	ἀποκρίνομαι	V-	3API-S--
John 2:19	Ἰησοῦς	Ἰησοῦς	N-	----NSM-
John 2:19	καὶ	καί	C-	--------
John 2:19	εἶπεν	λέγω	V-	3AAI-S--
John 2:19	αὐτοῖς	αὐτός	RP	----DPM-
John 2:19	Λύσατε	λύω	V-	2AAD-P--
John 2:19	τὸν	ὁ	RA	----ASM-
John 2:19	ναὸν	ναός	N-	----ASM-
John 2:19	τοῦτον	οὗτος	RD	----ASM-
John 2:19	καὶ	καί	C-	--------
John 2:19	ἐν	ἐν	P-	--------
John 2:19	τρισὶν	τρεῖς	A-	----DPF-
John 2:19	ἡμέραις	ἡμέρα	N-	----DPF-
John 2:19	ἐγερῶ	ἐγείρω	V-	1FAI-S--
John 2:19	αὐτόν	αὐτός	RP	----ASM-
John 2:20	εἶπαν	λέγω	V-	3AAI-P--
John 2:20	οὖν	οὖν	C-	--------
John 2:20	οἱ	ὁ	RA	----NPM-
John 2:20	Ἰουδαῖοι	Ἰουδαῖος	A-	----NPM-
John 2:20	Τεσσεράκοντα	τεσσεράκοντα	A-	----DPN-
John 2:20	καὶ	καί	C-	--------
John 2:20	ἓξ	ἕξ	A-	----DPN-
John 2:20	ἔτεσιν	ἔτος	N-	----DPN-
John 2:20	οἰκοδομήθη	οἰκοδομέω	V-	3API-S--
John 2:20	ὁ	ὁ	RA	----NSM-
John 2:20	ναὸς	ναός	N-	----NSM-
John 2:20	οὗτος	οὗτος	RD	----NSM-
John 2:20	καὶ	καί	C-	--------
John 2:20	σὺ	σύ	RP	----NS--
John 2:20	ἐν	ἐν	P-	--------
John 2:20	τρισὶν	τρεῖς	A-	----DPF-
John 2:20	ἡμέραις	ἡμέρα	N-	----DPF-
John 2:20	ἐγερεῖς	ἐγείρω	V-	2FAI-S--
John 2:20	αὐτόν	αὐτός	RP	----ASM-
John 2:21	ἐκεῖνος	ἐκεῖνος	RD	----NSM-
John 2:21	δὲ	δέ	C-	--------
John 2:21	ἔλεγεν	λέγω	V-	3IAI-S--
John 2:21	περὶ	περί	P-	--------
John 2:21	τοῦ	ὁ	RA	----GSM-
John 2:21	ναοῦ	ναός	N-	----GSM-
John 2:21	τοῦ	ὁ	RA	----GSN-
John 2:21	σώματος	σῶμα	N-	----GSN-
John 2:21	αὐτοῦ	αὐτός	RP	----GSM-
John 2:22	ὅτε	ὅτε	C-	--------
John 2:22	οὖν	οὖν	C-	--------
John 2:22	ἠγέρθη	ἐγείρω	V-	3API-S--
John 2:22	ἐκ	ἐκ	P-	--------
John 2:22	νεκρῶν	νεκρός	A-	----GPM-
John 2:22	ἐμνήσθησαν	μιμνῄσκομαι	V-	3API-P--
John 2:22	οἱ	ὁ	RA	----NPM-
John 2:22	μαθηταὶ	μαθητής	N-	----NPM-
John 2:22	αὐτοῦ	αὐτός	RP	----GSM-
John 2:22	ὅτι	ὅτι	C-	--------
John 2:22	τοῦτο	οὗτος	RD	----ASN-
John 2:22	ἔλεγεν	λέγω	V-	3IAI-S--
John 2:22	καὶ	καί	C-	--------
John 2:22	ἐπίστευσαν	πιστεύω	V-	3AAI-P--
John 2:22	τῇ	ὁ	RA	----DSF-
John 2:22	γραφῇ	γραφή	N-	----DSF-
John 2:22	καὶ	καί	C-	--------
John 2:22	τῷ	ὁ	RA	----DSM-
John 2:22	λόγῳ	λόγος	N-	----DSM-
John 2:22	ὃν	ὅς	RR	----ASM-
John 2:22	εἶπεν	λέγω	V-	3AAI-S--
John 2:22	ὁ	ὁ	RA	----NSM-
John 2:22	Ἰησοῦς	Ἰησοῦς	N-	----NSM-
John 2:23	Ὡς	ὡς	C-	--------
John 2:23	δὲ	δέ	C-	--------
John 2:23	ἦν	εἰμί	V-	3IAI-S--
John 2:23	ἐν	ἐν	P-	--------
John 2:23	τοῖς	ὁ	RA	----DPN-
John 2:23	Ἱεροσολύμοις	Ἱεροσόλυμα	N-	----DPN-
John 2:23	ἐν	ἐν	P-	--------
John 2:23	τῷ	ὁ	RA	----DSN-
John 2:23	πάσχα	πάσχα	N-	----DSN-
John 2:23	ἐν	ἐν	P-	--------
John 2:23	τῇ	ὁ	RA	----DSF-
John 2:23	ἑορτῇ	ἑορτή	N-	----DSF-
John 2:23	πολλοὶ	πολύς	A-	----NPM-
John 2:23	ἐπίστευσαν	πιστεύω	V-	3AAI-P--
John 2:23	εἰς	εἰς	P-	--------
John 2:23	τὸ	ὁ	RA	----ASN-
John 2:23	ὄνομα	ὄνομα	N-	----ASN-
John 2:23	αὐτοῦ	αὐτός	RP	----GSM-
John 2:23	θεωροῦντες	θεωρέω	V-	-PAPNPM-
John 2:23	αὐτοῦ	αὐτός	RP	----GSM-
John 2:23	τὰ	ὁ	RA	----APN-
John 2:23	σημεῖα	σημεῖον	N-	----APN-
John 2:23	ἃ	ὅς	RR	----APN-
John 2:23	ἐποίει	ποιέω	V-	3IAI-S--
John 2:24	αὐτὸς	αὐτός	RP	----NSM-
John 2:24	δὲ	δέ	C-	--------
John 2:24	Ἰησοῦς	Ἰησοῦς	N-	----NSM-
John 2:24	οὐκ	οὐ	D-	--------
John 2:24	ἐπίστευεν	πιστεύω	V-	3IAI-S--
John 2:24	αὑτὸν	ἑαυτοῦ	RP	----ASM-
John 2:24	αὐτοῖς	αὐτός	RP	----DPM-
John 2:24	διὰ	διά	P-	--------
John 2:24	τὸ	ὁ	RA	----ASN-
John 2:24	αὐτὸν	αὐτός	RP	----ASM-
John 2:24	γινώσκειν	γινώσκω	V-	-PAN----
John 2:24	πάντας	πᾶς	A-	----APM-
John 2:25	καὶ	καί	C-	--------
John 2:25	ὅτι	ὅτι	C-	--------
John 2:25	οὐ	οὐ	D-	--------
John 2:25	χρείαν	χρεία	N-	----ASF-
John 2:25	εἶχεν	ἔχω	V-	3IAI-S--
John 2:25	ἵνα	ἵνα	C-	--------
John 2:25	τις	τις	RI	----NSM-
John 2:25	μαρτυρήσῃ	μαρτυρέω	V-	3AAS-S--
John 2:25	περὶ	περί	P-	--------
John 2:25	τοῦ	ὁ	RA	----GSM-
John 2:25	ἀνθρώπου	ἄνθρωπος	N-	----GSM-
John 2:25	αὐτὸς	αὐτός	RP	----NSM-
John 2:25	γὰρ	γάρ	C-	--------
John 2:25	ἐγίνωσκεν	γινώσκω	V-	3IAI-S--
John 2:25	τί	τίς	RI	----NSN-
John 2:25	ἦν	εἰμί	V-	3IAI-S--
John 2:25	ἐν	ἐν	P-	--------
John 2:25	τῷ	ὁ	RA	----DSM-
John 2:25	ἀνθρώπῳ	ἄνθρωπος	N-	----DSM-
John 3:1	Ἦν	εἰμί	V-	3IAI-S--
John 3:1	δὲ	δέ	C-	--------
John 3:1	ἄνθρωπος	ἄνθρωπος	N-	----NSM-
John 3:1	ἐκ	ἐκ	P-	--------
John 3:1	τῶν	ὁ	RA	----GPM-
John 3:1	Φαρισαίων	Φαρισαῖος	N-	----GPM-
John 3:1	Νικόδημος	Νικόδημος	N-	----NSM-
John 3:1	ὄνομα	ὄνομα	N-	----NSN-
John 3:1	αὐτῷ	αὐτός	RP	----DSM-
John 3:1	ἄρχων	ἄρχων	N-	----NSM-
John 3:1	τῶν	ὁ	RA	----GPM-
John 3:1	Ἰουδαίων	Ἰουδαῖος	A-	----GPM-
John 3:2	οὗτος	οὗτος	RD	----NSM-
John 3:2	ἦλθεν	ἔρχομαι	V-	3AAI-S--
John 3:2	πρὸς	πρός	P-	--------
John 3:2	αὐτὸν	αὐτός	RP	----ASM-
John 3:2	νυκτὸς	νύξ	N-	----GSF-
John 3:2	καὶ	καί	C-	--------
John 3:2	εἶπεν	λέγω	V-	3AAI-S--
John 3:2	αὐτῷ	αὐτός	RP	----DSM-
John 3:2	Ῥαββί	ῥαββί	N-	----VSM-
John 3:2	οἴδαμεν	οἶδα	V-	1XAI-P--
John 3:2	ὅτι	ὅτι	C-	--------
John 3:2	ἀπὸ	ἀπό	P-	--------
John 3:2	θεοῦ	θεός	N-	----GSM-
John 3:2	ἐλήλυθας	ἔρχομαι	V-	2XAI-S--
John 3:2	διδάσκαλος	διδάσκαλος	N-	----NSM-
John 3:2	οὐδεὶς	οὐδείς	A-	----NSM-
John 3:2	γὰρ	γάρ	C-	--------
John 3:2	δύναται	δύναμαι	V-	3PMI-S--
John 3:2	ταῦτα	οὗτος	RD	----APN-
John 3:2	τὰ	ὁ	RA	----APN-
John 3:2	σημεῖα	σημεῖον	N-	----APN-
John 3:2	ποιεῖν	ποιέω	V-	-PAN----
John 3:2	ἃ	ὅς	RR	----APN-
John 3:2	σὺ	σύ	RP	----NS--
John 3:2	ποιεῖς	ποιέω	V-	2PAI-S--
John 3:2	ἐὰν	ἐάν	C-	--------
John 3:2	μὴ	μή	D-	--------
John 3:2	ᾖ	εἰμί	V-	3PAS-S--
John 3:2	ὁ	ὁ	RA	----NSM-
John 3:2	θεὸς	θεός	N-	----NSM-
John 3:2	μετ’	μετά	P-	--------
John 3:2	αὐτοῦ	αὐτός	RP	----GSM-
John 3:3	ἀπεκρίθη	ἀποκρίνομαι	V-	3API-S--
John 3:3	Ἰησοῦς	Ἰησοῦς	N-	----NSM-
John 3:3	καὶ	καί	C-	--------
John 3:3	εἶπεν	λέγω	V-	3AAI-S--
John 3:3	αὐτῷ	αὐτός	RP	----DSM-
John 3:3	Ἀμὴν	ἀμήν	X-	--------
John 3:3	ἀμὴν	ἀμήν	X-	--------
John 3:3	λέγω	λέγω	V-	1PAI-S--
John 3:3	σοι	σύ	RP	----DS--
John 3:3	ἐὰν	ἐάν	C-	--------
John 3:3	μή	μή	D-	--------
John 3:3	τις	τις	RI	----NSM-
John 3:3	γεννηθῇ	γεννάω	V-	3APS-S--
John 3:3	ἄνωθεν	ἄνωθεν	D-	--------
John 3:3	οὐ	οὐ	D-	--------
John 3:3	δύναται	δύναμαι	V-	3PMI-S--
John 3:3	ἰδεῖν	ὁράω	V-	-AAN----
John 3:3	τὴν	ὁ	RA	----ASF-
John 3:3	βασιλείαν	βασιλεία	N-	----ASF-
John 3:3	τοῦ	ὁ	RA	----GSM-
John 3:3	θεοῦ	θεός	N-	----GSM-
John 3:4	λέγει	λέγω	V-	3PAI-S--
John 3:4	πρὸς	πρός	P-	--------
John 3:4	αὐτὸν	αὐτός	RP	----ASM-
John 3:4	ὁ	ὁ	RA	----NSM-
John 3:4	Νικόδημος	Νικόδημος	N-	----NSM-
John 3:4	Πῶς	πῶς	D-	--------
John 3:4	δύναται	δύναμαι	V-	3PMI-S--
John 3:4	ἄνθρωπος	ἄνθρωπος	N-	----NSM-
John 3:4	γεννηθῆναι	γεννάω	V-	-APN----
John 3:4	γέρων	γέρων	N-	----NSM-
John 3:4	ὤν	εἰμί	V-	-PAPNSM-
John 3:4	μὴ	μή	X-	--------
John 3:4	δύναται	δύναμαι	V-	3PMI-S--
John 3:4	εἰς	εἰς	P-	--------
John 3:4	τὴν	ὁ	RA	----ASF-
John 3:4	κοιλίαν	κοιλία	N-	----ASF-
John 3:4	τῆς	ὁ	RA	----GSF-
John 3:4	μητρὸς	μήτηρ	N-	----GSF-
John 3:4	αὐτοῦ	αὐτός	RP	----GSM-
John 3:4	δεύτερον	δεύτερος	A-	----ASN-
John 3:4	εἰσελθεῖν	εἰσέρχομαι	V-	-AAN----
John 3:4	καὶ	καί	C-	--------
John 3:4	γεννηθῆναι	γεννάω	V-	-APN----
John 3:5	ἀπεκρίθη	ἀποκρίνομαι	V-	3API-S--
John 3:5	Ἰησοῦς	Ἰησοῦς	N-	----NSM-
John 3:5	Ἀμὴν	ἀμήν	X-	--------
John 3:5	ἀμὴν	ἀμήν	X-	--------
John 3:5	λέγω	λέγω	V-	1PAI-S--
John 3:5	σοι	σύ	RP	----DS--
John 3:5	ἐὰν	ἐάν	C-	--------
John 3:5	μή	μή	D-	--------
John 3:5	τις	τις	RI	----NSM-
John 3:5	γεννηθῇ	γεννάω	V-	3APS-S--
John 3:5	ἐξ	ἐκ	P-	--------
John 3:5	ὕδατος	ὕδωρ	N-	----GSN-
John 3:5	καὶ	καί	C-	--------
John 3:5	πνεύματος	πνεῦμα	N-	----GSN-
John 3:5	οὐ	οὐ	D-	--------
John 3:5	δύναται	δύναμαι	V-	3PMI-S--
John 3:5	εἰσελθεῖν	εἰσέρχομαι	V-	-AAN----
John 3:5	εἰς	εἰς	P-	--------
John 3:5	τὴν	ὁ	RA	----ASF-
John 3:5	βασιλείαν	βασιλεία	N-	----ASF-
John 3:5	τοῦ	ὁ	RA	----GSM-
John 3:5	θεοῦ	θεός	N-	----GSM-
John 3:6	τὸ	ὁ	RA	----NSN-
John 3:6	γεγεννημένον	γεννάω	V-	-XPPNSN-
John 3:6	ἐκ	ἐκ	P-	--------
John 3:6	τῆς	ὁ	RA	----GSF-
John 3:6	σαρκὸς	σάρξ	N-	----GSF-
John 3:6	σάρξ	σάρξ	N-	----NSF-
John 3:6	ἐστιν	εἰμί	V-	3PAI-S--
John 3:6	καὶ	καί	C-	--------
John 3:6	τὸ	ὁ	RA	----NSN-
John 3:6	γεγεννημένον	γεννάω	V-	-XPPNSN-
John 3:6	ἐκ	ἐκ	P-	--------
John 3:6	τοῦ	ὁ	RA	----GSN-
John 3:6	πνεύματος	πνεῦμα	N-	----GSN-
John 3:6	πνεῦμά	πνεῦμα	N-	----NSN-
John 3:6	ἐστιν	εἰμί	V-	3PAI-S--
John 3:7	μὴ	μή	D-	--------
John 3:7	θαυμάσῃς	θαυμάζω	V-	2AAS-S--
John 3:7	ὅτι	ὅτι	C-	--------
John 3:7	εἶπόν	λέγω	V-	1AAI-S--
John 3:7	σοι	σύ	RP	----DS--
John 3:7	Δεῖ	δέω	V-	3PAI-S--
John 3:7	ὑμᾶς	σύ	RP	----AP--
John 3:7	γεννηθῆναι	γεννάω	V-	-APN----
John 3:7	ἄνωθεν	ἄνωθεν	D-	--------
John 3:8	τὸ	ὁ	RA	----NSN-
John 3:8	πνεῦμα	πνεῦμα	N-	----NSN-
John 3:8	ὅπου	ὅπου	C-	--------
John 3:8	θέλει	θέλω	V-	3PAI-S--
John 3:8	πνεῖ	πνέω	V-	3PAI-S--
John 3:8	καὶ	καί	C-	--------
John 3:8	τὴν	ὁ	RA	----ASF-
John 3:8	φωνὴν	φωνή	N-	----ASF-
John 3:8	αὐτοῦ	αὐτός	RP	----GSN-
John 3:8	ἀκούεις	ἀκούω	V-	2PAI-S--
John 3:8	ἀλλ’	ἀλλά	C-	--------
John 3:8	οὐκ	οὐ	D-	--------
John 3:8	οἶδας	οἶδα	V-	2XAI-S--
John 3:8	πόθεν	πόθεν	D-	--------
John 3:8	ἔρχεται	ἔρχομαι	V-	3PMI-S--
John 3:8	καὶ	καί	C-	--------
John 3:8	ποῦ	ποῦ	D-	--------
John 3:8	ὑπάγει	ὑπάγω	V-	3PAI-S--
John 3:8	οὕτως	οὕτω(ς)	D-	--------
John 3:8	ἐστὶν	εἰμί	V-	3PAI-S--
John 3:8	πᾶς	πᾶς	A-	----NSM-
John 3:8	ὁ	ὁ	RA	----NSM-
John 3:8	γεγεννημένος	γεννάω	V-	-XPPNSM-
John 3:8	ἐκ	ἐκ	P-	--------
John 3:8	τοῦ	ὁ	RA	----GSN-
John 3:8	πνεύματος	πνεῦμα	N-	----GSN-
John 3:9	ἀπεκρίθη	ἀποκρίνομαι	V-	3API-S--
John 3:9	Νικόδημος	Νικόδημος	N-	----NSM-
John 3:9	καὶ	καί	C-	--------
John 3:9	εἶπεν	λέγω	V-	3AAI-S--
John 3:9	αὐτῷ	αὐτός	RP	----DSM-
John 3:9	Πῶς	πῶς	D-	--------
John 3:9	δύναται	δύναμαι	V-	3PMI-S--
John 3:9	ταῦτα	οὗτος	RD	----NPN-
John 3:9	γενέσθαι	γίνομαι	V-	-AMN----
John 3:10	ἀπεκρίθη	ἀποκρίνομαι	V-	3API-S--
John 3:10	Ἰησοῦς	Ἰησοῦς	N-	----NSM-
John 3:10	καὶ	καί	C-	--------
John 3:10	εἶπεν	λέγω	V-	3AAI-S--
John 3:10	αὐτῷ	αὐτός	RP	----DSM-
John 3:10	Σὺ	σύ	RP	----NS--
John 3:10	εἶ	εἰμί	V-	2PAI-S--
John 3:10	ὁ	ὁ	RA	----NSM-
John 3:10	διδάσκαλος	διδάσκαλος	N-	----NSM-
John 3:10	τοῦ	ὁ	RA	----GSM-
John 3:10	Ἰσραὴλ	Ἰσραήλ	N-	----GSM-
John 3:10	καὶ	καί	C-	--------
John 3:10	ταῦτα	οὗτος	RD	----APN-
John 3:10	οὐ	οὐ	D-	--------
John 3:10	γινώσκεις	γινώσκω	V-	2PAI-S--
John 3:11	ἀμὴν	ἀμήν	X-	--------
John 3:11	ἀμὴν	ἀμήν	X-	--------
John 3:11	λέγω	λέγω	V-	1PAI-S--
John 3:11	σοι	σύ	RP	----DS--
John 3:11	ὅτι	ὅτι	C-	--------
John 3:11	ὃ	ὅς	RR	----ASN-
John 3:11	οἴδαμεν	οἶδα	V-	1XAI-P--
John 3:11	λαλοῦμεν	λαλέω	V-	1PAI-P--
John 3:11	καὶ	καί	C-	--------
John 3:11	ὃ	ὅς	RR	----ASN-
John 3:11	ἑωράκαμεν	ὁράω	V-	1XAI-P--
John 3:11	μαρτυροῦμεν	μαρτυρέω	V-	1PAI-P--
John 3:11	καὶ	καί	C-	--------
John 3:11	τὴν	ὁ	RA	----ASF-
John 3:11	μαρτυρίαν	μαρτυρία	N-	----ASF-
John 3:11	ἡμῶν	ἐγώ	RP	----GP--
John 3:11	οὐ	οὐ	D-	--------
John 3:11	λαμβάνετε	λαμβάνω	V-	2PAI-P--
John 3:12	εἰ	εἰ	C-	--------
John 3:12	τὰ	ὁ	RA	----APN-
John 3:12	ἐπίγεια	ἐπίγειος	A-	----APN-
John 3:12	εἶπον	λέγω	V-	1AAI-S--
John 3:12	ὑμῖν	σύ	RP	----DP--
John 3:12	καὶ	καί	C-	--------
John 3:12	οὐ	οὐ	D-	--------
John 3:12	πιστεύετε	πιστεύω	V-	2PAI-P--
John 3:12	πῶς	πῶς	D-	--------
John 3:12	ἐὰν	ἐάν	C-	--------
John 3:12	εἴπω	λέγω	V-	1AAS-S--
John 3:12	ὑμῖν	σύ	RP	----DP--
John 3:12	τὰ	ὁ	RA	----APN-
John 3:12	ἐπουράνια	ἐπουράνιος	A-	----APN-
John 3:12	πιστεύσετε	πιστεύω	V-	2FAI-P--
John 3:13	καὶ	καί	C-	--------
John 3:13	οὐδεὶς	οὐδείς	A-	----NSM-
John 3:13	ἀναβέβηκεν	ἀναβαίνω	V-	3XAI-S--
John 3:13	εἰς	εἰς	P-	--------
John 3:13	τὸν	ὁ	RA	----ASM-
John 3:13	οὐρανὸν	οὐρανός	N-	----ASM-
John 3:13	εἰ	εἰ	C-	--------
John 3:13	μὴ	μή	D-	--------
John 3:13	ὁ	ὁ	RA	----NSM-
John 3:13	ἐκ	ἐκ	P-	--------
John 3:13	τοῦ	ὁ	RA	----GSM-
John 3:13	οὐρανοῦ	οὐρανός	N-	----GSM-
John 3:13	καταβάς	καταβαίνω	V-	-AAPNSM-
John 3:13	ὁ	ὁ	RA	----NSM-
John 3:13	υἱὸς	υἱός	N-	----NSM-
John 3:13	τοῦ	ὁ	RA	----GSM-
John 3:13	ἀνθρώπου	ἄνθρωπος	N-	----GSM-
John 3:14	καὶ	καί	C-	--------
John 3:14	καθὼς	καθώς	C-	--------
John 3:14	Μωϋσῆς	Μωϋσῆς	N-	----NSM-
John 3:14	ὕψωσεν	ὑψόω	V-	3AAI-S--
John 3:14	τὸν	ὁ	RA	----ASM-
John 3:14	ὄφιν	ὄφις	N-	----ASM-
John 3:14	ἐν	ἐν	P-	--------
John 3:14	τῇ	ὁ	RA	----DSF-
John 3:14	ἐρήμῳ	ἔρημος	A-	----DSF-
John 3:14	οὕτως	οὕτω(ς)	D-	--------
John 3:14	ὑψωθῆναι	ὑψόω	V-	-APN----
John 3:14	δεῖ	δέω	V-	3PAI-S--
John 3:14	τὸν	ὁ	RA	----ASM-
John 3:14	υἱὸν	υἱός	N-	----ASM-
John 3:14	τοῦ	ὁ	RA	----GSM-
John 3:14	ἀνθρώπου	ἄνθρωπος	N-	----GSM-
John 3:15	ἵνα	ἵνα	C-	--------
John 3:15	πᾶς	πᾶς	A-	----NSM-
John 3:15	ὁ	ὁ	RA	----NSM-
John 3:15	πιστεύων	πιστεύω	V-	-PAPNSM-
John 3:15	ἐν	ἐν	P-	--------
John 3:15	αὐτῷ	αὐτός	RP	----DSM-
John 3:15	ἔχῃ	ἔχω	V-	3PAS-S--
John 3:15	ζωὴν	ζωή	N-	----ASF-
John 3:15	αἰώνιον	αἰώνιος	A-	----ASF-
John 3:16	Οὕτως	οὕτω(ς)	D-	--------
John 3:16	γὰρ	γάρ	C-	--------
John 3:16	ἠγάπησεν	ἀγαπάω	V-	3AAI-S--
John 3:16	ὁ	ὁ	RA	----NSM-
John 3:16	θεὸς	θεός	N-	----NSM-
John 3:16	τὸν	ὁ	RA	----ASM-
John 3:16	κόσμον	κόσμος	N-	----ASM-
John 3:16	ὥστε	ὥστε	C-	--------
John 3:16	τὸν	ὁ	RA	----ASM-
John 3:16	υἱὸν	υἱός	N-	----ASM-
John 3:16	τὸν	ὁ	RA	----ASM-
John 3:16	μονογενῆ	μονογενής	A-	----ASM-
John 3:16	ἔδωκεν	δίδωμι	V-	3AAI-S--
John 3:16	ἵνα	ἵνα	C-	--------
John 3:16	πᾶς	πᾶς	A-	----NSM-
John 3:16	ὁ	ὁ	RA	----NSM-
John 3:16	πιστεύων	πιστεύω	V-	-PAPNSM-
John 3:16	εἰς	εἰς	P-	--------
John 3:16	αὐτὸν	αὐτός	RP	----ASM-
John 3:16	μὴ	μή	D-	--------
John 3:16	ἀπόληται	ἀπόλλυμι	V-	3AMS-S--
John 3:16	ἀλλὰ	ἀλλά	C-	--------
John 3:16	ἔχῃ	ἔχω	V-	3PAS-S--
John 3:16	ζωὴν	ζωή	N-	----ASF-
John 3:16	αἰώνιον	αἰώνιος	A-	----ASF-
John 3:17	οὐ	οὐ	D-	--------
John 3:17	γὰρ	γάρ	C-	--------
John 3:17	ἀπέστειλεν	ἀποστέλλω	V-	3AAI-S--
John 3:17	ὁ	ὁ	RA	----NSM-
John 3:17	θεὸς	θεός	N-	----NSM-
John 3:17	τὸν	ὁ	RA	----ASM-
John 3:17	υἱὸν	υἱός	N-	----ASM-
John 3:17	εἰς	εἰς	P-	--------
John 3:17	τὸν	ὁ	RA	----ASM-
John 3:17	κόσμον	κόσμος	N-	----ASM-
John 3:17	ἵνα	ἵνα	C-	--------
John 3:17	κρίνῃ	κρίνω	V-	3AAS-S--
John 3:17	τὸν	ὁ	RA	----ASM-
John 3:17	κόσμον	κόσμος	N-	----ASM-
John 3:17	ἀλλ’	ἀλλά	C-	--------
John 3:17	ἵνα	ἵνα	C-	--------
John 3:17	σωθῇ	σῴζω	V-	3APS-S--
John 3:17	ὁ	ὁ	RA	----NSM-
John 3:17	κόσμος	κόσμος	N-	----NSM-
John 3:17	δι’	διά	P-	--------
John 3:17	αὐτοῦ	αὐτός	RP	----GSM-
John 3:18	ὁ	ὁ	RA	----NSM-
John 3:18	πιστεύων	πιστεύω	V-	-PAPNSM-
John 3:18	εἰς	εἰς	P-	--------
John 3:18	αὐτὸν	αὐτός	RP	----ASM-
John 3:18	οὐ	οὐ	D-	--------
John 3:18	κρίνεται	κρίνω	V-	3PPI-S--
John 3:18	ὁ	ὁ	RA	----NSM-
John 3:18	δὲ	δέ	C-	--------
John 3:18	μὴ	μή	D-	--------
John 3:18	πιστεύων	πιστεύω	V-	-PAPNSM-
John 3:18	ἤδη	ἤδη	D-	--------
John 3:18	κέκριται	κρίνω	V-	3XPI-S--
John 3:18	ὅτι	ὅτι	C-	--------
John 3:18	μὴ	μή	D-	--------
John 3:18	πεπίστευκεν	πιστεύω	V-	3XAI-S--
John 3:18	εἰς	εἰς	P-	--------
John 3:18	τὸ	ὁ	RA	----ASN-
John 3:18	ὄνομα	ὄνομα	N-	----ASN-
John 3:18	τοῦ	ὁ	RA	----GSM-
John 3:18	μονογενοῦς	μονογενής	A-	----GSM-
John 3:18	υἱοῦ	υἱός	N-	----GSM-
John 3:18	τοῦ	ὁ	RA	----GSM-
John 3:18	θεοῦ	θεός	N-	----GSM-
John 3:19	αὕτη	οὗτος	RD	----NSF-
John 3:19	δέ	δέ	C-	--------
John 3:19	ἐστιν	εἰμί	V-	3PAI-S--
John 3:19	ἡ	ὁ	RA	----NSF-
John 3:19	κρίσις	κρίσις	N-	----NSF-
John 3:19	ὅτι	ὅτι	C-	--------
John 3:19	τὸ	ὁ	RA	----NSN-
John 3:19	φῶς	φῶς	N-	----NSN-
John 3:19	ἐλήλυθεν	ἔρχομαι	V-	3XAI-S--
John 3:19	εἰς	εἰς	P-	--------
John 3:19	τὸν	ὁ	RA	----ASM-
John 3:19	κόσμον	κόσμος	N-	----ASM-
John 3:19	καὶ	καί	C-	--------
John 3:19	ἠγάπησαν	ἀγαπάω	V-	3AAI-P--
John 3:19	οἱ	ὁ	RA	----NPM-
John 3:19	ἄνθρωποι	ἄνθρωπος	N-	----NPM-
John 3:19	μᾶλλον	μᾶλλον	D-	--------
John 3:19	τὸ	ὁ	RA	----ASN-
John 3:19	σκότος	σκότος	N-	----ASN-
John 3:19	ἢ	ἤ	C-	--------
John 3:19	τὸ	ὁ	RA	----ASN-
John 3:19	φῶς	φῶς	N-	----ASN-
John 3:19	ἦν	εἰμί	V-	3IAI-S--
John 3:19	γὰρ	γάρ	C-	--------
John 3:19	αὐτῶν	αὐτός	RP	----GPM-
John 3:19	πονηρὰ	πονηρός	A-	----NPN-
John 3:19	τὰ	ὁ	RA	----NPN-
John 3:19	ἔργα	ἔργον	N-	----NPN-
John 3:20	πᾶς	πᾶς	A-	----NSM-
John 3:20	γὰρ	γάρ	C-	--------
John 3:20	ὁ	ὁ	RA	----NSM-
John 3:20	φαῦλα	φαῦλος	A-	----APN-
John 3:20	πράσσων	πράσσω	V-	-PAPNSM-
John 3:20	μισεῖ	μισέω	V-	3PAI-S--
John 3:20	τὸ	ὁ	RA	----ASN-
John 3:20	φῶς	φῶς	N-	----ASN-
John 3:20	καὶ	καί	C-	--------
John 3:20	οὐκ	οὐ	D-	--------
John 3:20	ἔρχεται	ἔρχομαι	V-	3PMI-S--
John 3:20	πρὸς	πρός	P-	--------
John 3:20	τὸ	ὁ	RA	----ASN-
John 3:20	φῶς	φῶς	N-	----ASN-
John 3:20	ἵνα	ἵνα	C-	--------
John 3:20	μὴ	μή	D-	--------
John 3:20	ἐλεγχθῇ	ἐλέγχω	V-	3APS-S--
John 3:20	τὰ	ὁ	RA	----NPN-
John 3:20	ἔργα	ἔργον	N-	----NPN-
John 3:20	αὐτοῦ	αὐτός	RP	----GSM-
John 3:21	ὁ	ὁ	RA	----NSM-
John 3:21	δὲ	δέ	C-	--------
John 3:21	ποιῶν	ποιέω	V-	-PAPNSM-
John 3:21	τὴν	ὁ	RA	----ASF-
John 3:21	ἀλήθειαν	ἀλήθεια	N-	----ASF-
John 3:21	ἔρχεται	ἔρχομαι	V-	3PMI-S--
John 3:21	πρὸς	πρός	P-	--------
John 3:21	τὸ	ὁ	RA	----ASN-
John 3:21	φῶς	φῶς	N-	----ASN-
John 3:21	ἵνα	ἵνα	C-	--------
John 3:21	φανερωθῇ	φανερόω	V-	3APS-S--
John 3:21	αὐτοῦ	αὐτός	RP	----GSM-
John 3:21	τὰ	ὁ	RA	----NPN-
John 3:21	ἔργα	ἔργον	N-	----NPN-
John 3:21	ὅτι	ὅτι	C-	--------
John 3:21	ἐν	ἐν	P-	--------
John 3:21	θεῷ	θεός	N-	----DSM-
John 3:21	ἐστιν	εἰμί	V-	3PAI-S--
John 3:21	εἰργασμένα	ἐργάζομαι	V-	-XPPNPN-
John 3:22	Μετὰ	μετά	P-	--------
John 3:22	ταῦτα	οὗτος	RD	----APN-
John 3:22	ἦλθεν	ἔρχομαι	V-	3AAI-S--
John 3:22	ὁ	ὁ	RA	----NSM-
John 3:22	Ἰησοῦς	Ἰησοῦς	N-	----NSM-
John 3:22	καὶ	καί	C-	--------
John 3:22	οἱ	ὁ	RA	----NPM-
John 3:22	μαθηταὶ	μαθητής	N-	----NPM-
John 3:22	αὐτοῦ	αὐτός	RP	----GSM-
John 3:22	εἰς	εἰς	P-	--------
John 3:22	τὴν	ὁ	RA	----ASF-
John 3:22	Ἰουδαίαν	Ἰουδαῖος	A-	----ASF-
John 3:22	γῆν	γῆ	N-	----ASF-
John 3:22	καὶ	καί	C-	--------
John 3:22	ἐκεῖ	ἐκεῖ	D-	--------
John 3:22	διέτριβεν	διατρίβω	V-	3IAI-S--
John 3:22	μετ’	μετά	P-	--------
John 3:22	αὐτῶν	αὐτός	RP	----GPM-
John 3:22	καὶ	καί	C-	--------
John 3:22	ἐβάπτιζεν	βαπτίζω	V-	3IAI-S--
John 3:23	ἦν	εἰμί	V-	3IAI-S--
John 3:23	δὲ	δέ	C-	--------
John 3:23	καὶ	καί	D-	--------
John 3:23	ὁ	ὁ	RA	----NSM-
John 3:23	Ἰωάννης	Ἰωάννης	N-	----NSM-
John 3:23	βαπτίζων	βαπτίζω	V-	-PAPNSM-
John 3:23	ἐν	ἐν	P-	--------
John 3:23	Αἰνὼν	Αἰνών	N-	----DSF-
John 3:23	ἐγγὺς	ἐγγύς	P-	--------
John 3:23	τοῦ	ὁ	RA	----GSN-
John 3:23	Σαλείμ	Σαλείμ	N-	----GSN-
John 3:23	ὅτι	ὅτι	C-	--------
John 3:23	ὕδατα	ὕδωρ	N-	----NPN-
John 3:23	πολλὰ	πολύς	A-	----NPN-
John 3:23	ἦν	εἰμί	V-	3IAI-S--
John 3:23	ἐκεῖ	ἐκεῖ	D-	--------
John 3:23	καὶ	καί	C-	--------
John 3:23	παρεγίνοντο	παραγίνομαι	V-	3IMI-P--
John 3:23	καὶ	καί	C-	--------
John 3:23	ἐβαπτίζοντο	βαπτίζω	V-	3IPI-P--
John 3:24	οὔπω	οὔπω	D-	--------
John 3:24	γὰρ	γάρ	C-	--------
John 3:24	ἦν	εἰμί	V-	3IAI-S--
John 3:24	βεβλημένος	βάλλω	V-	-XPPNSM-
John 3:24	εἰς	εἰς	P-	--------
John 3:24	τὴν	ὁ	RA	----ASF-
John 3:24	φυλακὴν	φυλακή	N-	----ASF-
John 3:24	ὁ	ὁ	RA	----NSM-
John 3:24	Ἰωάννης	Ἰωάννης	N-	----NSM-
John 3:25	Ἐγένετο	γίνομαι	V-	3AMI-S--
John 3:25	οὖν	οὖν	C-	--------
John 3:25	ζήτησις	ζήτησις	N-	----NSF-
John 3:25	ἐκ	ἐκ	P-	--------
John 3:25	τῶν	ὁ	RA	----GPM-
John 3:25	μαθητῶν	μαθητής	N-	----GPM-
John 3:25	Ἰωάννου	Ἰωάννης	N-	----GSM-
John 3:25	μετὰ	μετά	P-	--------
John 3:25	Ἰουδαίου	Ἰουδαῖος	A-	----GSM-
John 3:25	περὶ	περί	P-	--------
John 3:25	καθαρισμοῦ	καθαρισμός	N-	----GSM-
John 3:26	καὶ	καί	C-	--------
John 3:26	ἦλθον	ἔρχομαι	V-	3AAI-P--
John 3:26	πρὸς	πρός	P-	--------
John 3:26	τὸν	ὁ	RA	----ASM-
John 3:26	Ἰωάννην	Ἰωάννης	N-	----ASM-
John 3:26	καὶ	καί	C-	--------
John 3:26	εἶπαν	λέγω	V-	3AAI-P--
John 3:26	αὐτῷ	αὐτός	RP	----DSM-
John 3:26	Ῥαββί	ῥαββί	N-	----VSM-
John 3:26	ὃς	ὅς	RR	----NSM-
John 3:26	ἦν	εἰμί	V-	3IAI-S--
John 3:26	μετὰ	μετά	P-	--------
John 3:26	σοῦ	σύ	RP	----GS--
John 3:26	πέραν	πέραν	P-	--------
John 3:26	τοῦ	ὁ	RA	----GSM-
John 3:26	Ἰορδάνου	Ἰορδάνης	N-	----GSM-
John 3:26	ᾧ	ὅς	RR	----DSM-
John 3:26	σὺ	σύ	RP	----NS--
John 3:26	μεμαρτύρηκας	μαρτυρέω	V-	2XAI-S--
John 3:26	ἴδε	ἴδε	X-	--------
John 3:26	οὗτος	οὗτος	RD	----NSM-
John 3:26	βαπτίζει	βαπτίζω	V-	3PAI-S--
John 3:26	καὶ	καί	C-	--------
John 3:26	πάντες	πᾶς	A-	----NPM-
John 3:26	ἔρχονται	ἔρχομαι	V-	3PMI-P--
John 3:26	πρὸς	πρός	P-	--------
John 3:26	αὐτόν	αὐτός	RP	----ASM-
John 3:27	ἀπεκρίθη	ἀποκρίνομαι	V-	3API-S--
John 3:27	Ἰωάννης	Ἰωάννης	N-	----NSM-
John 3:27	καὶ	καί	C-	--------
John 3:27	εἶπεν	λέγω	V-	3AAI-S--
John 3:27	Οὐ	οὐ	D-	--------
John 3:27	δύναται	δύναμαι	V-	3PMI-S--
John 3:27	ἄνθρωπος	ἄνθρωπος	N-	----NSM-
John 3:27	λαμβάνειν	λαμβάνω	V-	-PAN----
John 3:27	οὐδὲ	οὐδέ	D-	--------
John 3:27	ἓν	εἷς	A-	----ASN-
John 3:27	ἐὰν	ἐάν	C-	--------
John 3:27	μὴ	μή	D-	--------
John 3:27	ᾖ	εἰμί	V-	3PAS-S--
John 3:27	δεδομένον	δίδωμι	V-	-XPPNSN-
John 3:27	αὐτῷ	αὐτός	RP	----DSM-
John 3:27	ἐκ	ἐκ	P-	--------
John 3:27	τοῦ	ὁ	RA	----GSM-
John 3:27	οὐρανοῦ	οὐρανός	N-	----GSM-
John 3:28	αὐτοὶ	αὐτός	RP	----NPM-
John 3:28	ὑμεῖς	σύ	RP	----NP--
John 3:28	μοι	ἐγώ	RP	----DS--
John 3:28	μαρτυρεῖτε	μαρτυρέω	V-	2PAI-P--
John 3:28	ὅτι	ὅτι	C-	--------
John 3:28	εἶπον	λέγω	V-	1AAI-S--
John 3:28	Οὐκ	οὐ	D-	--------
John 3:28	εἰμὶ	εἰμί	V-	1PAI-S--
John 3:28	ἐγὼ	ἐγώ	RP	----NS--
John 3:28	ὁ	ὁ	RA	----NSM-
John 3:28	χριστός	Χριστός	N-	----NSM-
John 3:28	ἀλλ’	ἀλλά	C-	--------
John 3:28	ὅτι	ὅτι	C-	--------
John 3:28	Ἀπεσταλμένος	ἀποστέλλω	V-	-XPPNSM-
John 3:28	εἰμὶ	εἰμί	V-	1PAI-S--
John 3:28	ἔμπροσθεν	ἔμπροσθεν	P-	--------
John 3:28	ἐκείνου	ἐκεῖνος	RD	----GSM-
John 3:29	ὁ	ὁ	RA	----NSM-
John 3:29	ἔχων	ἔχω	V-	-PAPNSM-
John 3:29	τὴν	ὁ	RA	----ASF-
John 3:29	νύμφην	νύμφη	N-	----ASF-
John 3:29	νυμφίος	νυμφίος	N-	----NSM-
John 3:29	ἐστίν	εἰμί	V-	3PAI-S--
John 3:29	ὁ	ὁ	RA	----NSM-
John 3:29	δὲ	δέ	C-	--------
John 3:29	φίλος	φίλος	A-	----NSM-
John 3:29	τοῦ	ὁ	RA	----GSM-
John 3:29	νυμφίου	νυμφίος	N-	----GSM-
John 3:29	ὁ	ὁ	RA	----NSM-
John 3:29	ἑστηκὼς	ἵστημι	V-	-XAPNSM-
John 3:29	καὶ	καί	C-	--------
John 3:29	ἀκούων	ἀκούω	V-	-PAPNSM-
John 3:29	αὐτοῦ	αὐτός	RP	----GSM-
John 3:29	χαρᾷ	χαρά	N-	----DSF-
John 3:29	χαίρει	χαίρω	V-	3PAI-S--
John 3:29	διὰ	διά	P-	--------
John 3:29	τὴν	ὁ	RA	----ASF-
John 3:29	φωνὴν	φωνή	N-	----ASF-
John 3:29	τοῦ	ὁ	RA	----GSM-
John 3:29	νυμφίου	νυμφίος	N-	----GSM-
John 3:29	αὕτη	οὗτος	RD	----NSF-
John 3:29	οὖν	οὖν	C-	--------
John 3:29	ἡ	ὁ	RA	----NSF-
John 3:29	χαρὰ	χαρά	N-	----NSF-
John 3:29	ἡ	ὁ	RA	----NSF-
John 3:29	ἐμὴ	ἐμός	A-	----NSF-
John 3:29	πεπλήρωται	πληρόω	V-	3XPI-S--
John 3:30	ἐκεῖνον	ἐκεῖνος	RD	----ASM-
John 3:30	δεῖ	δέω	V-	3PAI-S--
John 3:30	αὐξάνειν	αὐξάνω	V-	-PAN----
John 3:30	ἐμὲ	ἐγώ	RP	----AS--
John 3:30	δὲ	δέ	C-	--------
John 3:30	ἐλαττοῦσθαι	ἐλαττόω	V-	-PMN----
John 3:31	Ὁ	ὁ	RA	----NSM-
John 3:31	ἄνωθεν	ἄνωθεν	D-	--------
John 3:31	ἐρχόμενος	ἔρχομαι	V-	-PMPNSM-
John 3:31	ἐπάνω	ἐπάνω	P-	--------
John 3:31	πάντων	πᾶς	A-	----GPN-
John 3:31	ἐστίν	εἰμί	V-	3PAI-S--
John 3:31	ὁ	ὁ	RA	----NSM-
John 3:31	ὢν	εἰμί	V-	-PAPNSM-
John 3:31	ἐκ	ἐκ	P-	--------
John 3:31	τῆς	ὁ	RA	----GSF-
John 3:31	γῆς	γῆ	N-	----GSF-
John 3:31	ἐκ	ἐκ	P-	--------
John 3:31	τῆς	ὁ	RA	----GSF-
John 3:31	γῆς	γῆ	N-	----GSF-
John 3:31	ἐστιν	εἰμί	V-	3PAI-S--
John 3:31	καὶ	καί	C-	--------
John 3:31	ἐκ	ἐκ	P-	--------
John 3:31	τῆς	ὁ	RA	----GSF-
John 3:31	γῆς	γῆ	N-	----GSF-
John 3:31	λαλεῖ	λαλέω	V-	3PAI-S--
John 3:31	ὁ	ὁ	RA	----NSM-
John 3:31	ἐκ	ἐκ	P-	--------
John 3:31	τοῦ	ὁ	RA	----GSM-
John 3:31	οὐρανοῦ	οὐρανός	N-	----GSM-
John 3:31	ἐρχόμενος	ἔρχομαι	V-	-PMPNSM-
John 3:31	ἐπάνω	ἐπάνω	P-	--------
John 3:31	πάντων	πᾶς	A-	----GPN-
John 3:31	ἐστίν	εἰμί	V-	3PAI-S--
John 3:32	ὃ	ὅς	RR	----ASN-
John 3:32	ἑώρακεν	ὁράω	V-	3XAI-S--
John 3:32	καὶ	καί	C-	--------
John 3:32	ἤκουσεν	ἀκούω	V-	3AAI-S--
John 3:32	τοῦτο	οὗτος	RD	----ASN-
John 3:32	μαρτυρεῖ	μαρτυρέω	V-	3PAI-S--
John 3:32	καὶ	καί	C-	--------
John 3:32	τὴν	ὁ	RA	----ASF-
John 3:32	μαρτυρίαν	μαρτυρία	N-	----ASF-
John 3:32	αὐτοῦ	αὐτός	RP	----GSM-
John 3:32	οὐδεὶς	οὐδείς	A-	----NSM-
John 3:32	λαμβάνει	λαμβάνω	V-	3PAI-S--
John 3:33	ὁ	ὁ	RA	----NSM-
John 3:33	λαβὼν	λαμβάνω	V-	-AAPNSM-
John 3:33	αὐτοῦ	αὐτός	RP	----GSM-
John 3:33	τὴν	ὁ	RA	----ASF-
John 3:33	μαρτυρίαν	μαρτυρία	N-	----ASF-
John 3:33	ἐσφράγισεν	σφραγίζω	V-	3AAI-S--
John 3:33	ὅτι	ὅτι	C-	--------
John 3:33	ὁ	ὁ	RA	----NSM-
John 3:33	θεὸς	θεός	N-	----NSM-
John 3:33	ἀληθής	ἀληθής	A-	----NSM-
John 3:33	ἐστιν	εἰμί	V-	3PAI-S--
John 3:34	ὃν	ὅς	RR	----ASM-
John 3:34	γὰρ	γάρ	C-	--------
John 3:34	ἀπέστειλεν	ἀποστέλλω	V-	3AAI-S--
John 3:34	ὁ	ὁ	RA	----NSM-
John 3:34	θεὸς	θεός	N-	----NSM-
John 3:34	τὰ	ὁ	RA	----APN-
John 3:34	ῥήματα	ῥῆμα	N-	----APN-
John 3:34	τοῦ	ὁ	RA	----GSM-
John 3:34	θεοῦ	θεός	N-	----GSM-
John 3:34	λαλεῖ	λαλέω	V-	3PAI-S--
John 3:34	οὐ	οὐ	D-	--------
John 3:34	γὰρ	γάρ	C-	--------
John 3:34	ἐκ	ἐκ	P-	--------
John 3:34	μέτρου	μέτρον	N-	----GSN-
John 3:34	δίδωσιν	δίδωμι	V-	3PAI-S--
John 3:34	τὸ	ὁ	RA	----ASN-
John 3:34	πνεῦμα	πνεῦμα	N-	----ASN-
John 3:35	ὁ	ὁ	RA	----NSM-
John 3:35	πατὴρ	πατήρ	N-	----NSM-
John 3:35	ἀγαπᾷ	ἀγαπάω	V-	3PAI-S--
John 3:35	τὸν	ὁ	RA	----ASM-
John 3:35	υἱόν	υἱός	N-	----ASM-
John 3:35	καὶ	καί	C-	--------
John 3:35	πάντα	πᾶς	A-	----APN-
John 3:35	δέδωκεν	δίδωμι	V-	3XAI-S--
John 3:35	ἐν	ἐν	P-	--------
John 3:35	τῇ	ὁ	RA	----DSF-
John 3:35	χειρὶ	χείρ	N-	----DSF-
John 3:35	αὐτοῦ	αὐτός	RP	----GSM-
John 3:36	ὁ	ὁ	RA	----NSM-
John 3:36	πιστεύων	πιστεύω	V-	-PAPNSM-
John 3:36	εἰς	εἰς	P-	--------
John 3:36	τὸν	ὁ	RA	----ASM-
John 3:36	υἱὸν	υἱός	N-	----ASM-
John 3:36	ἔχει	ἔχω	V-	3PAI-S--
John 3:36	ζωὴν	ζωή	N-	----ASF-
John 3:36	αἰώνιον	αἰώνιος	A-	----ASF-
John 3:36	ὁ	ὁ	RA	----NSM-
John 3:36	δὲ	δέ	C-	--------
John 3:36	ἀπειθῶν	ἀπειθέω	V-	-PAPNSM-
John 3:36	τῷ	ὁ	RA	----DSM-
John 3:36	υἱῷ	υἱός	N-	----DSM-
John 3:36	οὐκ	οὐ	D-	--------
John 3:36	ὄψεται	ὁράω	V-	3FMI-S--
John 3:36	ζωήν	ζωή	N-	----ASF-
John 3:36	ἀλλ’	ἀλλά	C-	--------
John 3:36	ἡ	ὁ	RA	----NSF-
John 3:36	ὀργὴ	ὀργή	N-	----NSF-
John 3:36	τοῦ	ὁ	RA	----GSM-
John 3:36	θεοῦ	θεός	N-	----GSM-
John 3:36	μένει	μένω	V-	3PAI-S--
John 3:36	ἐπ’	ἐπί	P-	--------
John 3:36	αὐτόν	αὐτός	RP	----ASM-
John 4:1	Ὡς	ὡς	C-	--------
John 4:1	οὖν	οὖν	C-	--------
John 4:1	ἔγνω	γινώσκω	V-	3AAI-S--
John 4:1	ὁ	ὁ	RA	----NSM-
John 4:1	Ἰησοῦς	Ἰησοῦς	N-	----NSM-
John 4:1	ὅτι	ὅτι	C-	--------
John 4:1	ἤκουσαν	ἀκούω	V-	3AAI-P--
John 4:1	οἱ	ὁ	RA	----NPM-
John 4:1	Φαρισαῖοι	Φαρισαῖος	N-	----NPM-
John 4:1	ὅτι	ὅτι	C-	--------
John 4:1	Ἰησοῦς	Ἰησοῦς	N-	----NSM-
John 4:1	πλείονας	πολύς	A-	----APMC
John 4:1	μαθητὰς	μαθητής	N-	----APM-
John 4:1	ποιεῖ	ποιέω	V-	3PAI-S--
John 4:1	καὶ	καί	C-	--------
John 4:1	βαπτίζει	βαπτίζω	V-	3PAI-S--
John 4:1	ἢ	ἤ	C-	--------
John 4:1	Ἰωάννης	Ἰωάννης	N-	----NSM-
John 4:2	καίτοιγε	καίτοιγε	C-	--------
John 4:2	Ἰησοῦς	Ἰησοῦς	N-	----NSM-
John 4:2	αὐτὸς	αὐτός	RP	----NSM-
John 4:2	οὐκ	οὐ	D-	--------
John 4:2	ἐβάπτιζεν	βαπτίζω	V-	3IAI-S--
John 4:2	ἀλλ’	ἀλλά	C-	--------
John 4:2	οἱ	ὁ	RA	----NPM-
John 4:2	μαθηταὶ	μαθητής	N-	----NPM-
John 4:2	αὐτοῦ	αὐτός	RP	----GSM-
John 4:3	ἀφῆκεν	ἀφίημι	V-	3AAI-S--
John 4:3	τὴν	ὁ	RA	----ASF-
John 4:3	Ἰουδαίαν	Ἰουδαία	N-	----ASF-
John 4:3	καὶ	καί	C-	--------
John 4:3	ἀπῆλθεν	ἀπέρχομαι	V-	3AAI-S--
John 4:3	πάλιν	πάλιν	D-	--------
John 4:3	εἰς	εἰς	P-	--------
John 4:3	τὴν	ὁ	RA	----ASF-
John 4:3	Γαλιλαίαν	Γαλιλαία	N-	----ASF-
John 4:4	ἔδει	δέω	V-	3IAI-S--
John 4:4	δὲ	δέ	C-	--------
John 4:4	αὐτὸν	αὐτός	RP	----ASM-
John 4:4	διέρχεσθαι	διέρχομαι	V-	-PMN----
John 4:4	διὰ	διά	P-	--------
John 4:4	τῆς	ὁ	RA	----GSF-
John 4:4	Σαμαρείας	Σαμάρεια	N-	----GSF-
John 4:5	ἔρχεται	ἔρχομαι	V-	3PMI-S--
John 4:5	οὖν	οὖν	C-	--------
John 4:5	εἰς	εἰς	P-	--------
John 4:5	πόλιν	πόλις	N-	----ASF-
John 4:5	τῆς	ὁ	RA	----GSF-
John 4:5	Σαμαρείας	Σαμάρεια	N-	----GSF-
John 4:5	λεγομένην	λέγω	V-	-PPPASF-
John 4:5	Συχὰρ	Συχάρ	N-	----ASF-
John 4:5	πλησίον	πλησίον	P-	--------
John 4:5	τοῦ	ὁ	RA	----GSN-
John 4:5	χωρίου	χωρίον	N-	----GSN-
John 4:5	ὃ	ὅς	RR	----ASN-
John 4:5	ἔδωκεν	δίδωμι	V-	3AAI-S--
John 4:5	Ἰακὼβ	Ἰακώβ	N-	----NSM-
John 4:5	τῷ	ὁ	RA	----DSM-
John 4:5	Ἰωσὴφ	Ἰωσήφ	N-	----DSM-
John 4:5	τῷ	ὁ	RA	----DSM-
John 4:5	υἱῷ	υἱός	N-	----DSM-
John 4:5	αὐτοῦ	αὐτός	RP	----GSM-
John 4:6	ἦν	εἰμί	V-	3IAI-S--
John 4:6	δὲ	δέ	C-	--------
John 4:6	ἐκεῖ	ἐκεῖ	D-	--------
John 4:6	πηγὴ	πηγή	N-	----NSF-
John 4:6	τοῦ	ὁ	RA	----GSM-
John 4:6	Ἰακώβ	Ἰακώβ	N-	----GSM-
John 4:6	ὁ	ὁ	RA	----NSM-
John 4:6	οὖν	οὖν	C-	--------
John 4:6	Ἰησοῦς	Ἰησοῦς	N-	----NSM-
John 4:6	κεκοπιακὼς	κοπιάω	V-	-XAPNSM-
John 4:6	ἐκ	ἐκ	P-	--------
John 4:6	τῆς	ὁ	RA	----GSF-
John 4:6	ὁδοιπορίας	ὁδοιπορία	N-	----GSF-
John 4:6	ἐκαθέζετο	καθέζομαι	V-	3IMI-S--
John 4:6	οὕτως	οὕτω(ς)	D-	--------
John 4:6	ἐπὶ	ἐπί	P-	--------
John 4:6	τῇ	ὁ	RA	----DSF-
John 4:6	πηγῇ	πηγή	N-	----DSF-
John 4:6	ὥρα	ὥρα	N-	----NSF-
John 4:6	ἦν	εἰμί	V-	3IAI-S--
John 4:6	ὡς	ὡς	P-	--------
John 4:6	ἕκτη	ἕκτος	A-	----NSF-
John 4:7	Ἔρχεται	ἔρχομαι	V-	3PMI-S--
John 4:7	γυνὴ	γυνή	N-	----NSF-
John 4:7	ἐκ	ἐκ	P-	--------
John 4:7	τῆς	ὁ	RA	----GSF-
John 4:7	Σαμαρείας	Σαμάρεια	N-	----GSF-
John 4:7	ἀντλῆσαι	ἀντλέω	V-	-AAN----
John 4:7	ὕδωρ	ὕδωρ	N-	----ASN-
John 4:7	λέγει	λέγω	V-	3PAI-S--
John 4:7	αὐτῇ	αὐτός	RP	----DSF-
John 4:7	ὁ	ὁ	RA	----NSM-
John 4:7	Ἰησοῦς	Ἰησοῦς	N-	----NSM-
John 4:7	Δός	δίδωμι	V-	2AAD-S--
John 4:7	μοι	ἐγώ	RP	----DS--
John 4:7	πεῖν	πίνω	V-	-AAN----
John 4:8	οἱ	ὁ	RA	----NPM-
John 4:8	γὰρ	γάρ	C-	--------
John 4:8	μαθηταὶ	μαθητής	N-	----NPM-
John 4:8	αὐτοῦ	αὐτός	RP	----GSM-
John 4:8	ἀπεληλύθεισαν	ἀπέρχομαι	V-	3YAI-P--
John 4:8	εἰς	εἰς	P-	--------
John 4:8	τὴν	ὁ	RA	----ASF-
John 4:8	πόλιν	πόλις	N-	----ASF-
John 4:8	ἵνα	ἵνα	C-	--------
John 4:8	τροφὰς	τροφή	N-	----APF-
John 4:8	ἀγοράσωσιν	ἀγοράζω	V-	3AAS-P--
John 4:9	λέγει	λέγω	V-	3PAI-S--
John 4:9	οὖν	οὖν	C-	--------
John 4:9	αὐτῷ	αὐτός	RP	----DSM-
John 4:9	ἡ	ὁ	RA	----NSF-
John 4:9	γυνὴ	γυνή	N-	----NSF-
John 4:9	ἡ	ὁ	RA	----NSF-
John 4:9	Σαμαρῖτις	Σαμαρῖτις	N-	----NSF-
John 4:9	Πῶς	πῶς	D-	--------
John 4:9	σὺ	σύ	RP	----NS--
John 4:9	Ἰουδαῖος	Ἰουδαῖος	A-	----NSM-
John 4:9	ὢν	εἰμί	V-	-PAPNSM-
John 4:9	παρ’	παρά	P-	--------
John 4:9	ἐμοῦ	ἐγώ	RP	----GS--
John 4:9	πεῖν	πίνω	V-	-AAN----
John 4:9	αἰτεῖς	αἰτέω	V-	2PAI-S--
John 4:9	γυναικὸς	γυνή	N-	----GSF-
John 4:9	Σαμαρίτιδος	Σαμαρῖτις	N-	----GSF-
John 4:9	οὔσης	εἰμί	V-	-PAPGSF-
John 4:9	οὐ	οὐ	D-	--------
John 4:9	γὰρ	γάρ	C-	--------
John 4:9	συγχρῶνται	συγχράομαι	V-	3PMI-P--
John 4:9	Ἰουδαῖοι	Ἰουδαῖος	A-	----NPM-
John 4:9	Σαμαρίταις	Σαμαρίτης	N-	----DPM-
John 4:10	ἀπεκρίθη	ἀποκρίνομαι	V-	3API-S--
John 4:10	Ἰησοῦς	Ἰησοῦς	N-	----NSM-
John 4:10	καὶ	καί	C-	--------
John 4:10	εἶπεν	λέγω	V-	3AAI-S--
John 4:10	αὐτῇ	αὐτός	RP	----DSF-
John 4:10	Εἰ	εἰ	C-	--------
John 4:10	ᾔδεις	οἶδα	V-	2YAI-S--
John 4:10	τὴν	ὁ	RA	----ASF-
John 4:10	δωρεὰν	δωρεά	N-	----ASF-
John 4:10	τοῦ	ὁ	RA	----GSM-
John 4:10	θεοῦ	θεός	N-	----GSM-
John 4:10	καὶ	καί	C-	--------
John 4:10	τίς	τίς	RI	----NSM-
John 4:10	ἐστιν	εἰμί	V-	3PAI-S--
John 4:10	ὁ	ὁ	RA	----NSM-
John 4:10	λέγων	λέγω	V-	-PAPNSM-
John 4:10	σοι	σύ	RP	----DS--
John 4:10	Δός	δίδωμι	V-	2AAD-S--
John 4:10	μοι	ἐγώ	RP	----DS--
John 4:10	πεῖν	πίνω	V-	-AAN----
John 4:10	σὺ	σύ	RP	----NS--
John 4:10	ἂν	ἄν	X-	--------
John 4:10	ᾔτησας	αἰτέω	V-	2AAI-S--
John 4:10	αὐτὸν	αὐτός	RP	----ASM-
John 4:10	καὶ	καί	C-	--------
John 4:10	ἔδωκεν	δίδωμι	V-	3AAI-S--
John 4:10	ἄν	ἄν	X-	--------
John 4:10	σοι	σύ	RP	----DS--
John 4:10	ὕδωρ	ὕδωρ	N-	----ASN-
John 4:10	ζῶν	ζάω	V-	-PAPASN-
John 4:11	λέγει	λέγω	V-	3PAI-S--
John 4:11	αὐτῷ	αὐτός	RP	----DSM-
John 4:11	ἡ	ὁ	RA	----NSF-
John 4:11	γυνή	γυνή	N-	----NSF-
John 4:11	Κύριε	κύριος	N-	----VSM-
John 4:11	οὔτε	οὔτε	C-	--------
John 4:11	ἄντλημα	ἄντλημα	N-	----ASN-
John 4:11	ἔχεις	ἔχω	V-	2PAI-S--
John 4:11	καὶ	καί	C-	--------
John 4:11	τὸ	ὁ	RA	----NSN-
John 4:11	φρέαρ	φρέαρ	N-	----NSN-
John 4:11	ἐστὶν	εἰμί	V-	3PAI-S--
John 4:11	βαθύ	βαθύς	A-	----NSN-
John 4:11	πόθεν	πόθεν	D-	--------
John 4:11	οὖν	οὖν	C-	--------
John 4:11	ἔχεις	ἔχω	V-	2PAI-S--
John 4:11	τὸ	ὁ	RA	----ASN-
John 4:11	ὕδωρ	ὕδωρ	N-	----ASN-
John 4:11	τὸ	ὁ	RA	----ASN-
John 4:11	ζῶν	ζάω	V-	-PAPASN-
John 4:12	μὴ	μή	X-	--------
John 4:12	σὺ	σύ	RP	----NS--
John 4:12	μείζων	μέγας	A-	----NSMC
John 4:12	εἶ	εἰμί	V-	2PAI-S--
John 4:12	τοῦ	ὁ	RA	----GSM-
John 4:12	πατρὸς	πατήρ	N-	----GSM-
John 4:12	ἡμῶν	ἐγώ	RP	----GP--
John 4:12	Ἰακώβ	Ἰακώβ	N-	----GSM-
John 4:12	ὃς	ὅς	RR	----NSM-
John 4:12	ἔδωκεν	δίδωμι	V-	3AAI-S--
John 4:12	ἡμῖν	ἐγώ	RP	----DP--
John 4:12	τὸ	ὁ	RA	----ASN-
John 4:12	φρέαρ	φρέαρ	N-	----ASN-
John 4:12	καὶ	καί	C-	--------
John 4:12	αὐτὸς	αὐτός	RP	----NSM-
John 4:12	ἐξ	ἐκ	P-	--------
John 4:12	αὐτοῦ	αὐτός	RP	----GSN-
John 4:12	ἔπιεν	πίνω	V-	3AAI-S--
John 4:12	καὶ	καί	C-	--------
John 4:12	οἱ	ὁ	RA	----NPM-
John 4:12	υἱοὶ	υἱός	N-	----NPM-
John 4:12	αὐτοῦ	αὐτός	RP	----GSM-
John 4:12	καὶ	καί	C-	--------
John 4:12	τὰ	ὁ	RA	----NPN-
John 4:12	θρέμματα	θρέμμα	N-	----NPN-
John 4:12	αὐτοῦ	αὐτός	RP	----GSM-
John 4:13	ἀπεκρίθη	ἀποκρίνομαι	V-	3API-S--
John 4:13	Ἰησοῦς	Ἰησοῦς	N-	----NSM-
John 4:13	καὶ	καί	C-	--------
John 4:13	εἶπεν	λέγω	V-	3AAI-S--
John 4:13	αὐτῇ	αὐτός	RP	----DSF-
John 4:13	Πᾶς	πᾶς	A-	----NSM-
John 4:13	ὁ	ὁ	RA	----NSM-
John 4:13	πίνων	πίνω	V-	-PAPNSM-
John 4:13	ἐκ	ἐκ	P-	--------
John 4:13	τοῦ	ὁ	RA	----GSN-
John 4:13	ὕδατος	ὕδωρ	N-	----GSN-
John 4:13	τούτου	οὗτος	RD	----GSN-
John 4:13	διψήσει	διψάω	V-	3FAI-S--
John 4:13	πάλιν	πάλιν	D-	--------
John 4:14	ὃς	ὅς	RR	----NSM-
John 4:14	δ’	δέ	C-	--------
John 4:14	ἂν	ἄν	X-	--------
John 4:14	πίῃ	πίνω	V-	3AAS-S--
John 4:14	ἐκ	ἐκ	P-	--------
John 4:14	τοῦ	ὁ	RA	----GSN-
John 4:14	ὕδατος	ὕδωρ	N-	----GSN-
John 4:14	οὗ	ὅς	RR	----GSN-
John 4:14	ἐγὼ	ἐγώ	RP	----NS--
John 4:14	δώσω	δίδωμι	V-	1FAI-S--
John 4:14	αὐτῷ	αὐτός	RP	----DSM-
John 4:14	οὐ	οὐ	D-	--------
John 4:14	μὴ	μή	D-	--------
John 4:14	διψήσει	διψάω	V-	3FAI-S--
John 4:14	εἰς	εἰς	P-	--------
John 4:14	τὸν	ὁ	RA	----ASM-
John 4:14	αἰῶνα	αἰών	N-	----ASM-
John 4:14	ἀλλὰ	ἀλλά	C-	--------
John 4:14	τὸ	ὁ	RA	----NSN-
John 4:14	ὕδωρ	ὕδωρ	N-	----NSN-
John 4:14	ὃ	ὅς	RR	----ASN-
John 4:14	δώσω	δίδωμι	V-	1FAI-S--
John 4:14	αὐτῷ	αὐτός	RP	----DSM-
John 4:14	γενήσεται	γίνομαι	V-	3FMI-S--
John 4:14	ἐν	ἐν	P-	--------
John 4:14	αὐτῷ	αὐτός	RP	----DSM-
John 4:14	πηγὴ	πηγή	N-	----NSF-
John 4:14	ὕδατος	ὕδωρ	N-	----GSN-
John 4:14	ἁλλομένου	ἅλλομαι	V-	-PMPGSN-
John 4:14	εἰς	εἰς	P-	--------
John 4:14	ζωὴν	ζωή	N-	----ASF-
John 4:14	αἰώνιον	αἰώνιος	A-	----ASF-
John 4:15	λέγει	λέγω	V-	3PAI-S--
John 4:15	πρὸς	πρός	P-	--------
John 4:15	αὐτὸν	αὐτός	RP	----ASM-
John 4:15	ἡ	ὁ	RA	----NSF-
John 4:15	γυνή	γυνή	N-	----NSF-
John 4:15	Κύριε	κύριος	N-	----VSM-
John 4:15	δός	δίδωμι	V-	2AAD-S--
John 4:15	μοι	ἐγώ	RP	----DS--
John 4:15	τοῦτο	οὗτος	RD	----ASN-
John 4:15	τὸ	ὁ	RA	----ASN-
John 4:15	ὕδωρ	ὕδωρ	N-	----ASN-
John 4:15	ἵνα	ἵνα	C-	--------
John 4:15	μὴ	μή	D-	--------
John 4:15	διψῶ	διψάω	V-	1PAS-S--
John 4:15	μηδὲ	μηδέ	C-	--------
John 4:15	διέρχωμαι	διέρχομαι	V-	1PMS-S--
John 4:15	ἐνθάδε	ἐνθάδε	D-	--------
John 4:15	ἀντλεῖν	ἀντλέω	V-	-PAN----
John 4:16	Λέγει	λέγω	V-	3PAI-S--
John 4:16	αὐτῇ	αὐτός	RP	----DSF-
John 4:16	Ὕπαγε	ὑπάγω	V-	2PAD-S--
John 4:16	φώνησον	φωνέω	V-	2AAD-S--
John 4:16	τὸν	ὁ	RA	----ASM-
John 4:16	ἄνδρα	ἀνήρ	N-	----ASM-
John 4:16	σου	σύ	RP	----GS--
John 4:16	καὶ	καί	C-	--------
John 4:16	ἐλθὲ	ἔρχομαι	V-	2AAD-S--
John 4:16	ἐνθάδε	ἐνθάδε	D-	--------
John 4:17	ἀπεκρίθη	ἀποκρίνομαι	V-	3API-S--
John 4:17	ἡ	ὁ	RA	----NSF-
John 4:17	γυνὴ	γυνή	N-	----NSF-
John 4:17	καὶ	καί	C-	--------
John 4:17	εἶπεν	λέγω	V-	3AAI-S--
John 4:17	αὐτῷ	αὐτός	RP	----DSM-
John 4:17	Οὐκ	οὐ	D-	--------
John 4:17	ἔχω	ἔχω	V-	1PAI-S--
John 4:17	ἄνδρα	ἀνήρ	N-	----ASM-
John 4:17	λέγει	λέγω	V-	3PAI-S--
John 4:17	αὐτῇ	αὐτός	RP	----DSF-
John 4:17	ὁ	ὁ	RA	----NSM-
John 4:17	Ἰησοῦς	Ἰησοῦς	N-	----NSM-
John 4:17	Καλῶς	καλῶς	D-	--------
John 4:17	εἶπας	λέγω	V-	2AAI-S--
John 4:17	ὅτι	ὅτι	C-	--------
John 4:17	Ἄνδρα	ἀνήρ	N-	----ASM-
John 4:17	οὐκ	οὐ	D-	--------
John 4:17	ἔχω	ἔχω	V-	1PAI-S--
John 4:18	πέντε	πέντε	A-	----APM-
John 4:18	γὰρ	γάρ	C-	--------
John 4:18	ἄνδρας	ἀνήρ	N-	----APM-
John 4:18	ἔσχες	ἔχω	V-	2AAI-S--
John 4:18	καὶ	καί	C-	--------
John 4:18	νῦν	νῦν	D-	--------
John 4:18	ὃν	ὅς	RR	----ASM-
John 4:18	ἔχεις	ἔχω	V-	2PAI-S--
John 4:18	οὐκ	οὐ	D-	--------
John 4:18	ἔστιν	εἰμί	V-	3PAI-S--
John 4:18	σου	σύ	RP	----GS--
John 4:18	ἀνήρ	ἀνήρ	N-	----NSM-
John 4:18	τοῦτο	οὗτος	RD	----ASN-
John 4:18	ἀληθὲς	ἀληθής	A-	----ASN-
John 4:18	εἴρηκας	λέγω	V-	2XAI-S--
John 4:19	λέγει	λέγω	V-	3PAI-S--
John 4:19	αὐτῷ	αὐτός	RP	----DSM-
John 4:19	ἡ	ὁ	RA	----NSF-
John 4:19	γυνή	γυνή	N-	----NSF-
John 4:19	Κύριε	κύριος	N-	----VSM-
John 4:19	θεωρῶ	θεωρέω	V-	1PAI-S--
John 4:19	ὅτι	ὅτι	C-	--------
John 4:19	προφήτης	προφήτης	N-	----NSM-
John 4:19	εἶ	εἰμί	V-	2PAI-S--
John 4:19	σύ	σύ	RP	----NS--
John 4:20	οἱ	ὁ	RA	----NPM-
John 4:20	πατέρες	πατήρ	N-	----NPM-
John 4:20	ἡμῶν	ἐγώ	RP	----GP--
John 4:20	ἐν	ἐν	P-	--------
John 4:20	τῷ	ὁ	RA	----DSN-
John 4:20	ὄρει	ὄρος	N-	----DSN-
John 4:20	τούτῳ	οὗτος	RD	----DSN-
John 4:20	προσεκύνησαν	προσκυνέω	V-	3AAI-P--
John 4:20	καὶ	καί	C-	--------
John 4:20	ὑμεῖς	σύ	RP	----NP--
John 4:20	λέγετε	λέγω	V-	2PAI-P--
John 4:20	ὅτι	ὅτι	C-	--------
John 4:20	ἐν	ἐν	P-	--------
John 4:20	Ἱεροσολύμοις	Ἱεροσόλυμα	N-	----DPN-
John 4:20	ἐστὶν	εἰμί	V-	3PAI-S--
John 4:20	ὁ	ὁ	RA	----NSM-
John 4:20	τόπος	τόπος	N-	----NSM-
John 4:20	ὅπου	ὅπου	D-	--------
John 4:20	προσκυνεῖν	προσκυνέω	V-	-PAN----
John 4:20	δεῖ	δέω	V-	3PAI-S--
John 4:21	λέγει	λέγω	V-	3PAI-S--
John 4:21	αὐτῇ	αὐτός	RP	----DSF-
John 4:21	ὁ	ὁ	RA	----NSM-
John 4:21	Ἰησοῦς	Ἰησοῦς	N-	----NSM-
John 4:21	Πίστευέ	πιστεύω	V-	2PAD-S--
John 4:21	μοι	ἐγώ	RP	----DS--
John 4:21	γύναι	γυνή	N-	----VSF-
John 4:21	ὅτι	ὅτι	C-	--------
John 4:21	ἔρχεται	ἔρχομαι	V-	3PMI-S--
John 4:21	ὥρα	ὥρα	N-	----NSF-
John 4:21	ὅτε	ὅτε	D-	--------
John 4:21	οὔτε	οὔτε	C-	--------
John 4:21	ἐν	ἐν	P-	--------
John 4:21	τῷ	ὁ	RA	----DSN-
John 4:21	ὄρει	ὄρος	N-	----DSN-
John 4:21	τούτῳ	οὗτος	RD	----DSN-
John 4:21	οὔτε	οὔτε	C-	--------
John 4:21	ἐν	ἐν	P-	--------
John 4:21	Ἱεροσολύμοις	Ἱεροσόλυμα	N-	----DPN-
John 4:21	προσκυνήσετε	προσκυνέω	V-	2FAI-P--
John 4:21	τῷ	ὁ	RA	----DSM-
John 4:21	πατρί	πατήρ	N-	----DSM-
John 4:22	ὑμεῖς	σύ	RP	----NP--
John 4:22	προσκυνεῖτε	προσκυνέω	V-	2PAI-P--
John 4:22	ὃ	ὅς	RR	----ASN-
John 4:22	οὐκ	οὐ	D-	--------
John 4:22	οἴδατε	οἶδα	V-	2XAI-P--
John 4:22	ἡμεῖς	ἐγώ	RP	----NP--
John 4:22	προσκυνοῦμεν	προσκυνέω	V-	1PAI-P--
John 4:22	ὃ	ὅς	RR	----ASN-
John 4:22	οἴδαμεν	οἶδα	V-	1XAI-P--
John 4:22	ὅτι	ὅτι	C-	--------
John 4:22	ἡ	ὁ	RA	----NSF-
John 4:22	σωτηρία	σωτηρία	N-	----NSF-
John 4:22	ἐκ	ἐκ	P-	--------
John 4:22	τῶν	ὁ	RA	----GPM-
John 4:22	Ἰουδαίων	Ἰουδαῖος	A-	----GPM-
John 4:22	ἐστίν	εἰμί	V-	3PAI-S--
John 4:23	ἀλλὰ	ἀλλά	C-	--------
John 4:23	ἔρχεται	ἔρχομαι	V-	3PMI-S--
John 4:23	ὥρα	ὥρα	N-	----NSF-
John 4:23	καὶ	καί	C-	--------
John 4:23	νῦν	νῦν	D-	--------
John 4:23	ἐστιν	εἰμί	V-	3PAI-S--
John 4:23	ὅτε	ὅτε	D-	--------
John 4:23	οἱ	ὁ	RA	----NPM-
John 4:23	ἀληθινοὶ	ἀληθινός	A-	----NPM-
John 4:23	προσκυνηταὶ	προσκυνητής	N-	----NPM-
John 4:23	προσκυνήσουσιν	προσκυνέω	V-	3FAI-P--
John 4:23	τῷ	ὁ	RA	----DSM-
John 4:23	πατρὶ	πατήρ	N-	----DSM-
John 4:23	ἐν	ἐν	P-	--------
John 4:23	πνεύματι	πνεῦμα	N-	----DSN-
John 4:23	καὶ	καί	C-	--------
John 4:23	ἀληθείᾳ	ἀλήθεια	N-	----DSF-
John 4:23	καὶ	καί	D-	--------
John 4:23	γὰρ	γάρ	C-	--------
John 4:23	ὁ	ὁ	RA	----NSM-
John 4:23	πατὴρ	πατήρ	N-	----NSM-
John 4:23	τοιούτους	τοιοῦτος	RD	----APM-
John 4:23	ζητεῖ	ζητέω	V-	3PAI-S--
John 4:23	τοὺς	ὁ	RA	----APM-
John 4:23	προσκυνοῦντας	προσκυνέω	V-	-PAPAPM-
John 4:23	αὐτόν	αὐτός	RP	----ASM-
John 4:24	πνεῦμα	πνεῦμα	N-	----NSN-
John 4:24	ὁ	ὁ	RA	----NSM-
John 4:24	θεός	θεός	N-	----NSM-
John 4:24	καὶ	καί	C-	--------
John 4:24	τοὺς	ὁ	RA	----APM-
John 4:24	προσκυνοῦντας	προσκυνέω	V-	-PAPAPM-
John 4:24	αὐτὸν	αὐτός	RP	----ASM-
John 4:24	ἐν	ἐν	P-	--------
John 4:24	πνεύματι	πνεῦμα	N-	----DSN-
John 4:24	καὶ	καί	C-	--------
John 4:24	ἀληθείᾳ	ἀλήθεια	N-	----DSF-
John 4:24	δεῖ	δέω	V-	3PAI-S--
John 4:24	προσκυνεῖν	προσκυνέω	V-	-PAN----
John 4:25	λέγει	λέγω	V-	3PAI-S--
John 4:25	αὐτῷ	αὐτός	RP	----DSM-
John 4:25	ἡ	ὁ	RA	----NSF-
John 4:25	γυνή	γυνή	N-	----NSF-
John 4:25	Οἶδα	οἶδα	V-	1XAI-S--
John 4:25	ὅτι	ὅτι	C-	--------
John 4:25	Μεσσίας	Μεσσίας	N-	----NSM-
John 4:25	ἔρχεται	ἔρχομαι	V-	3PMI-S--
John 4:25	ὁ	ὁ	RA	----NSM-
John 4:25	λεγόμενος	λέγω	V-	-PPPNSM-
John 4:25	χριστός	Χριστός	N-	----NSM-
John 4:25	ὅταν	ὅταν	C-	--------
John 4:25	ἔλθῃ	ἔρχομαι	V-	3AAS-S--
John 4:25	ἐκεῖνος	ἐκεῖνος	RD	----NSM-
John 4:25	ἀναγγελεῖ	ἀναγγέλλω	V-	3FAI-S--
John 4:25	ἡμῖν	ἐγώ	RP	----DP--
John 4:25	ἅπαντα	ἅπας	A-	----APN-
John 4:26	λέγει	λέγω	V-	3PAI-S--
John 4:26	αὐτῇ	αὐτός	RP	----DSF-
John 4:26	ὁ	ὁ	RA	----NSM-
John 4:26	Ἰησοῦς	Ἰησοῦς	N-	----NSM-
John 4:26	Ἐγώ	ἐγώ	RP	----NS--
John 4:26	εἰμι	εἰμί	V-	1PAI-S--
John 4:26	ὁ	ὁ	RA	----NSM-
John 4:26	λαλῶν	λαλέω	V-	-PAPNSM-
John 4:26	σοι	σύ	RP	----DS--
John 4:27	Καὶ	καί	C-	--------
John 4:27	ἐπὶ	ἐπί	P-	--------
John 4:27	τούτῳ	οὗτος	RD	----DSN-
John 4:27	ἦλθαν	ἔρχομαι	V-	3AAI-P--
John 4:27	οἱ	ὁ	RA	----NPM-
John 4:27	μαθηταὶ	μαθητής	N-	----NPM-
John 4:27	αὐτοῦ	αὐτός	RP	----GSM-
John 4:27	καὶ	καί	C-	--------
John 4:27	ἐθαύμαζον	θαυμάζω	V-	3IAI-P--
John 4:27	ὅτι	ὅτι	C-	--------
John 4:27	μετὰ	μετά	P-	--------
John 4:27	γυναικὸς	γυνή	N-	----GSF-
John 4:27	ἐλάλει	λαλέω	V-	3IAI-S--
John 4:27	οὐδεὶς	οὐδείς	A-	----NSM-
John 4:27	μέντοι	μέντοι	C-	--------
John 4:27	εἶπεν	λέγω	V-	3AAI-S--
John 4:27	Τί	τίς	RI	----ASN-
John 4:27	ζητεῖς	ζητέω	V-	2PAI-S--
John 4:27	ἢ	ἤ	C-	--------
John 4:27	τί	τίς	RI	----ASN-
John 4:27	λαλεῖς	λαλέω	V-	2PAI-S--
John 4:27	μετ’	μετά	P-	--------
John 4:27	αὐτῆς	αὐτός	RP	----GSF-
John 4:28	ἀφῆκεν	ἀφίημι	V-	3AAI-S--
John 4:28	οὖν	οὖν	C-	--------
John 4:28	τὴν	ὁ	RA	----ASF-
John 4:28	ὑδρίαν	ὑδρία	N-	----ASF-
John 4:28	αὐτῆς	αὐτός	RP	----GSF-
John 4:28	ἡ	ὁ	RA	----NSF-
John 4:28	γυνὴ	γυνή	N-	----NSF-
John 4:28	καὶ	καί	C-	--------
John 4:28	ἀπῆλθεν	ἀπέρχομαι	V-	3AAI-S--
John 4:28	εἰς	εἰς	P-	--------
John 4:28	τὴν	ὁ	RA	----ASF-
John 4:28	πόλιν	πόλις	N-	----ASF-
John 4:28	καὶ	καί	C-	--------
John 4:28	λέγει	λέγω	V-	3PAI-S--
John 4:28	τοῖς	ὁ	RA	----DPM-
John 4:28	ἀνθρώποις	ἄνθρωπος	N-	----DPM-
John 4:29	Δεῦτε	δεῦτε	D-	--------
John 4:29	ἴδετε	ὁράω	V-	2AAD-P--
John 4:29	ἄνθρωπον	ἄνθρωπος	N-	----ASM-
John 4:29	ὃς	ὅς	RR	----NSM-
John 4:29	εἶπέ	λέγω	V-	3AAI-S--
John 4:29	μοι	ἐγώ	RP	----DS--
John 4:29	πάντα	πᾶς	A-	----APN-
John 4:29	ὅσα	ὅσος	RR	----APN-
John 4:29	ἐποίησα	ποιέω	V-	1AAI-S--
John 4:29	μήτι	μήτι	X-	--------
John 4:29	οὗτός	οὗτος	RD	----NSM-
John 4:29	ἐστιν	εἰμί	V-	3PAI-S--
John 4:29	ὁ	ὁ	RA	----NSM-
John 4:29	χριστός	Χριστός	N-	----NSM-
John 4:30	ἐξῆλθον	ἐξέρχομαι	V-	3AAI-P--
John 4:30	ἐκ	ἐκ	P-	--------
John 4:30	τῆς	ὁ	RA	----GSF-
John 4:30	πόλεως	πόλις	N-	----GSF-
John 4:30	καὶ	καί	C-	--------
John 4:30	ἤρχοντο	ἔρχομαι	V-	3IMI-P--
John 4:30	πρὸς	πρός	P-	--------
John 4:30	αὐτόν	αὐτός	RP	----ASM-
John 4:31	Ἐν	ἐν	P-	--------
John 4:31	τῷ	ὁ	RA	----DSN-
John 4:31	μεταξὺ	μεταξύ	D-	--------
John 4:31	ἠρώτων	ἐρωτάω	V-	3IAI-P--
John 4:31	αὐτὸν	αὐτός	RP	----ASM-
John 4:31	οἱ	ὁ	RA	----NPM-
John 4:31	μαθηταὶ	μαθητής	N-	----NPM-
John 4:31	λέγοντες	λέγω	V-	-PAPNPM-
John 4:31	Ῥαββί	ῥαββί	N-	----VSM-
John 4:31	φάγε	ἐσθίω	V-	2AAD-S--
John 4:32	ὁ	ὁ	RA	----NSM-
John 4:32	δὲ	δέ	C-	--------
John 4:32	εἶπεν	λέγω	V-	3AAI-S--
John 4:32	αὐτοῖς	αὐτός	RP	----DPM-
John 4:32	Ἐγὼ	ἐγώ	RP	----NS--
John 4:32	βρῶσιν	βρῶσις	N-	----ASF-
John 4:32	ἔχω	ἔχω	V-	1PAI-S--
John 4:32	φαγεῖν	ἐσθίω	V-	-AAN----
John 4:32	ἣν	ὅς	RR	----ASF-
John 4:32	ὑμεῖς	σύ	RP	----NP--
John 4:32	οὐκ	οὐ	D-	--------
John 4:32	οἴδατε	οἶδα	V-	2XAI-P--
John 4:33	ἔλεγον	λέγω	V-	3IAI-P--
John 4:33	οὖν	οὖν	C-	--------
John 4:33	οἱ	ὁ	RA	----NPM-
John 4:33	μαθηταὶ	μαθητής	N-	----NPM-
John 4:33	πρὸς	πρός	P-	--------
John 4:33	ἀλλήλους	ἀλλήλων	RP	----APM-
John 4:33	Μή	μή	X-	--------
John 4:33	τις	τις	RI	----NSM-
John 4:33	ἤνεγκεν	φέρω	V-	3AAI-S--
John 4:33	αὐτῷ	αὐτός	RP	----DSM-
John 4:33	φαγεῖν	ἐσθίω	V-	-AAN----
John 4:34	λέγει	λέγω	V-	3PAI-S--
John 4:34	αὐτοῖς	αὐτός	RP	----DPM-
John 4:34	ὁ	ὁ	RA	----NSM-
John 4:34	Ἰησοῦς	Ἰησοῦς	N-	----NSM-
John 4:34	Ἐμὸν	ἐμός	A-	----NSN-
John 4:34	βρῶμά	βρῶμα	N-	----NSN-
John 4:34	ἐστιν	εἰμί	V-	3PAI-S--
John 4:34	ἵνα	ἵνα	C-	--------
John 4:34	ποιήσω	ποιέω	V-	1AAS-S--
John 4:34	τὸ	ὁ	RA	----ASN-
John 4:34	θέλημα	θέλημα	N-	----ASN-
John 4:34	τοῦ	ὁ	RA	----GSM-
John 4:34	πέμψαντός	πέμπω	V-	-AAPGSM-
John 4:34	με	ἐγώ	RP	----AS--
John 4:34	καὶ	καί	C-	--------
John 4:34	τελειώσω	τελειόω	V-	1AAS-S--
John 4:34	αὐτοῦ	αὐτός	RP	----GSM-
John 4:34	τὸ	ὁ	RA	----ASN-
John 4:34	ἔργον	ἔργον	N-	----ASN-
John 4:35	οὐχ	οὐ	X-	--------
John 4:35	ὑμεῖς	σύ	RP	----NP--
John 4:35	λέγετε	λέγω	V-	2PAI-P--
John 4:35	ὅτι	ὅτι	C-	--------
John 4:35	Ἔτι	ἔτι	D-	--------
John 4:35	τετράμηνός	τετράμηνος	A-	----NSM-
John 4:35	ἐστιν	εἰμί	V-	3PAI-S--
John 4:35	καὶ	καί	C-	--------
John 4:35	ὁ	ὁ	RA	----NSM-
John 4:35	θερισμὸς	θερισμός	N-	----NSM-
John 4:35	ἔρχεται	ἔρχομαι	V-	3PMI-S--
John 4:35	ἰδοὺ	ἰδού	X-	--------
John 4:35	λέγω	λέγω	V-	1PAI-S--
John 4:35	ὑμῖν	σύ	RP	----DP--
John 4:35	ἐπάρατε	ἐπαίρω	V-	2AAD-P--
John 4:35	τοὺς	ὁ	RA	----APM-
John 4:35	ὀφθαλμοὺς	ὀφθαλμός	N-	----APM-
John 4:35	ὑμῶν	σύ	RP	----GP--
John 4:35	καὶ	καί	C-	--------
John 4:35	θεάσασθε	θεάομαι	V-	2AMD-P--
John 4:35	τὰς	ὁ	RA	----APF-
John 4:35	χώρας	χώρα	N-	----APF-
John 4:35	ὅτι	ὅτι	C-	--------
John 4:35	λευκαί	λευκός	A-	----NPF-
John 4:35	εἰσιν	εἰμί	V-	3PAI-P--
John 4:35	πρὸς	πρός	P-	--------
John 4:35	θερισμόν	θερισμός	N-	----ASM-
John 4:35	ἤδη	ἤδη	D-	--------
John 4:36	ὁ	ὁ	RA	----NSM-
John 4:36	θερίζων	θερίζω	V-	-PAPNSM-
John 4:36	μισθὸν	μισθός	N-	----ASM-
John 4:36	λαμβάνει	λαμβάνω	V-	3PAI-S--
John 4:36	καὶ	καί	C-	--------
John 4:36	συνάγει	συνάγω	V-	3PAI-S--
John 4:36	καρπὸν	καρπός	N-	----ASM-
John 4:36	εἰς	εἰς	P-	--------
John 4:36	ζωὴν	ζωή	N-	----ASF-
John 4:36	αἰώνιον	αἰώνιος	A-	----ASF-
John 4:36	ἵνα	ἵνα	C-	--------
John 4:36	ὁ	ὁ	RA	----NSM-
John 4:36	σπείρων	σπείρω	V-	-PAPNSM-
John 4:36	ὁμοῦ	ὁμοῦ	D-	--------
John 4:36	χαίρῃ	χαίρω	V-	3PAS-S--
John 4:36	καὶ	καί	C-	--------
John 4:36	ὁ	ὁ	RA	----NSM-
John 4:36	θερίζων	θερίζω	V-	-PAPNSM-
John 4:37	ἐν	ἐν	P-	--------
John 4:37	γὰρ	γάρ	C-	--------
John 4:37	τούτῳ	οὗτος	RD	----DSN-
John 4:37	ὁ	ὁ	RA	----NSM-
John 4:37	λόγος	λόγος	N-	----NSM-
John 4:37	ἐστὶν	εἰμί	V-	3PAI-S--
John 4:37	ἀληθινὸς	ἀληθινός	A-	----NSM-
John 4:37	ὅτι	ὅτι	D-	--------
John 4:37	Ἄλλος	ἄλλος	A-	----NSM-
John 4:37	ἐστὶν	εἰμί	V-	3PAI-S--
John 4:37	ὁ	ὁ	RA	----NSM-
John 4:37	σπείρων	σπείρω	V-	-PAPNSM-
John 4:37	καὶ	καί	C-	--------
John 4:37	ἄλλος	ἄλλος	A-	----NSM-
John 4:37	ὁ	ὁ	RA	----NSM-
John 4:37	θερίζων	θερίζω	V-	-PAPNSM-
John 4:38	ἐγὼ	ἐγώ	RP	----NS--
John 4:38	ἀπέστειλα	ἀποστέλλω	V-	1AAI-S--
John 4:38	ὑμᾶς	σύ	RP	----AP--
John 4:38	θερίζειν	θερίζω	V-	-PAN----
John 4:38	ὃ	ὅς	RR	----ASN-
John 4:38	οὐχ	οὐ	D-	--------
John 4:38	ὑμεῖς	σύ	RP	----NP--
John 4:38	κεκοπιάκατε	κοπιάω	V-	2XAI-P--
John 4:38	ἄλλοι	ἄλλος	A-	----NPM-
John 4:38	κεκοπιάκασιν	κοπιάω	V-	3XAI-P--
John 4:38	καὶ	καί	C-	--------
John 4:38	ὑμεῖς	σύ	RP	----NP--
John 4:38	εἰς	εἰς	P-	--------
John 4:38	τὸν	ὁ	RA	----ASM-
John 4:38	κόπον	κόπος	N-	----ASM-
John 4:38	αὐτῶν	αὐτός	RP	----GPM-
John 4:38	εἰσεληλύθατε	εἰσέρχομαι	V-	2XAI-P--
John 4:39	Ἐκ	ἐκ	P-	--------
John 4:39	δὲ	δέ	C-	--------
John 4:39	τῆς	ὁ	RA	----GSF-
John 4:39	πόλεως	πόλις	N-	----GSF-
John 4:39	ἐκείνης	ἐκεῖνος	RD	----GSF-
John 4:39	πολλοὶ	πολύς	A-	----NPM-
John 4:39	ἐπίστευσαν	πιστεύω	V-	3AAI-P--
John 4:39	εἰς	εἰς	P-	--------
John 4:39	αὐτὸν	αὐτός	RP	----ASM-
John 4:39	τῶν	ὁ	RA	----GPM-
John 4:39	Σαμαριτῶν	Σαμαρίτης	N-	----GPM-
John 4:39	διὰ	διά	P-	--------
John 4:39	τὸν	ὁ	RA	----ASM-
John 4:39	λόγον	λόγος	N-	----ASM-
John 4:39	τῆς	ὁ	RA	----GSF-
John 4:39	γυναικὸς	γυνή	N-	----GSF-
John 4:39	μαρτυρούσης	μαρτυρέω	V-	-PAPGSF-
John 4:39	ὅτι	ὅτι	C-	--------
John 4:39	Εἶπέν	λέγω	V-	3AAI-S--
John 4:39	μοι	ἐγώ	RP	----DS--
John 4:39	πάντα	πᾶς	A-	----APN-
John 4:39	ἃ	ὅς	RR	----APN-
John 4:39	ἐποίησα	ποιέω	V-	1AAI-S--
John 4:40	ὡς	ὡς	C-	--------
John 4:40	οὖν	οὖν	C-	--------
John 4:40	ἦλθον	ἔρχομαι	V-	3AAI-P--
John 4:40	πρὸς	πρός	P-	--------
John 4:40	αὐτὸν	αὐτός	RP	----ASM-
John 4:40	οἱ	ὁ	RA	----NPM-
John 4:40	Σαμαρῖται	Σαμαρίτης	N-	----NPM-
John 4:40	ἠρώτων	ἐρωτάω	V-	3IAI-P--
John 4:40	αὐτὸν	αὐτός	RP	----ASM-
John 4:40	μεῖναι	μένω	V-	-AAN----
John 4:40	παρ’	παρά	P-	--------
John 4:40	αὐτοῖς	αὐτός	RP	----DPM-
John 4:40	καὶ	καί	C-	--------
John 4:40	ἔμεινεν	μένω	V-	3AAI-S--
John 4:40	ἐκεῖ	ἐκεῖ	D-	--------
John 4:40	δύο	δύο	A-	----APF-
John 4:40	ἡμέρας	ἡμέρα	N-	----APF-
John 4:41	καὶ	καί	C-	--------
John 4:41	πολλῷ	πολύς	A-	----DSN-
John 4:41	πλείους	πολύς	A-	----NPMC
John 4:41	ἐπίστευσαν	πιστεύω	V-	3AAI-P--
John 4:41	διὰ	διά	P-	--------
John 4:41	τὸν	ὁ	RA	----ASM-
John 4:41	λόγον	λόγος	N-	----ASM-
John 4:41	αὐτοῦ	αὐτός	RP	----GSM-
John 4:42	τῇ	ὁ	RA	----DSF-
John 4:42	τε	τέ	C-	--------
John 4:42	γυναικὶ	γυνή	N-	----DSF-
John 4:42	ἔλεγον	λέγω	V-	3IAI-P--
John 4:42	ὅτι	ὅτι	C-	--------
John 4:42	Οὐκέτι	οὐκέτι	D-	--------
John 4:42	διὰ	διά	P-	--------
John 4:42	τὴν	ὁ	RA	----ASF-
John 4:42	σὴν	σός	A-	----ASF-
John 4:42	λαλιὰν	λαλιά	N-	----ASF-
John 4:42	πιστεύομεν	πιστεύω	V-	1PAI-P--
John 4:42	αὐτοὶ	αὐτός	RP	----NPM-
John 4:42	γὰρ	γάρ	C-	--------
John 4:42	ἀκηκόαμεν	ἀκούω	V-	1XAI-P--
John 4:42	καὶ	καί	C-	--------
John 4:42	οἴδαμεν	οἶδα	V-	1XAI-P--
John 4:42	ὅτι	ὅτι	C-	--------
John 4:42	οὗτός	οὗτος	RD	----NSM-
John 4:42	ἐστιν	εἰμί	V-	3PAI-S--
John 4:42	ἀληθῶς	ἀληθῶς	D-	--------
John 4:42	ὁ	ὁ	RA	----NSM-
John 4:42	σωτὴρ	σωτήρ	N-	----NSM-
John 4:42	τοῦ	ὁ	RA	----GSM-
John 4:42	κόσμου	κόσμος	N-	----GSM-
John 4:43	Μετὰ	μετά	P-	--------
John 4:43	δὲ	δέ	C-	--------
John 4:43	τὰς	ὁ	RA	----APF-
John 4:43	δύο	δύο	A-	----APF-
John 4:43	ἡμέρας	ἡμέρα	N-	----APF-
John 4:43	ἐξῆλθεν	ἐξέρχομαι	V-	3AAI-S--
John 4:43	ἐκεῖθεν	ἐκεῖθεν	D-	--------
John 4:43	εἰς	εἰς	P-	--------
John 4:43	τὴν	ὁ	RA	----ASF-
John 4:43	Γαλιλαίαν	Γαλιλαία	N-	----ASF-
John 4:44	αὐτὸς	αὐτός	RP	----NSM-
John 4:44	γὰρ	γάρ	C-	--------
John 4:44	Ἰησοῦς	Ἰησοῦς	N-	----NSM-
John 4:44	ἐμαρτύρησεν	μαρτυρέω	V-	3AAI-S--
John 4:44	ὅτι	ὅτι	C-	--------
John 4:44	προφήτης	προφήτης	N-	----NSM-
John 4:44	ἐν	ἐν	P-	--------
John 4:44	τῇ	ὁ	RA	----DSF-
John 4:44	ἰδίᾳ	ἴδιος	A-	----DSF-
John 4:44	πατρίδι	πατρίς	N-	----DSF-
John 4:44	τιμὴν	τιμή	N-	----ASF-
John 4:44	οὐκ	οὐ	D-	--------
John 4:44	ἔχει	ἔχω	V-	3PAI-S--
John 4:45	ὅτε	ὅτε	C-	--------
John 4:45	οὖν	οὖν	C-	--------
John 4:45	ἦλθεν	ἔρχομαι	V-	3AAI-S--
John 4:45	εἰς	εἰς	P-	--------
John 4:45	τὴν	ὁ	RA	----ASF-
John 4:45	Γαλιλαίαν	Γαλιλαία	N-	----ASF-
John 4:45	ἐδέξαντο	δέχομαι	V-	3AMI-P--
John 4:45	αὐτὸν	αὐτός	RP	----ASM-
John 4:45	οἱ	ὁ	RA	----NPM-
John 4:45	Γαλιλαῖοι	Γαλιλαῖος	A-	----NPM-
John 4:45	πάντα	πᾶς	A-	----APN-
John 4:45	ἑωρακότες	ὁράω	V-	-XAPNPM-
John 4:45	ὅσα	ὅσος	RR	----APN-
John 4:45	ἐποίησεν	ποιέω	V-	3AAI-S--
John 4:45	ἐν	ἐν	P-	--------
John 4:45	Ἱεροσολύμοις	Ἱεροσόλυμα	N-	----DPN-
John 4:45	ἐν	ἐν	P-	--------
John 4:45	τῇ	ὁ	RA	----DSF-
John 4:45	ἑορτῇ	ἑορτή	N-	----DSF-
John 4:45	καὶ	καί	D-	--------
John 4:45	αὐτοὶ	αὐτός	RP	----NPM-
John 4:45	γὰρ	γάρ	C-	--------
John 4:45	ἦλθον	ἔρχομαι	V-	3AAI-P--
John 4:45	εἰς	εἰς	P-	--------
John 4:45	τὴν	ὁ	RA	----ASF-
John 4:45	ἑορτήν	ἑορτή	N-	----ASF-
John 4:46	Ἦλθεν	ἔρχομαι	V-	3AAI-S--
John 4:46	οὖν	οὖν	C-	--------
John 4:46	πάλιν	πάλιν	D-	--------
John 4:46	εἰς	εἰς	P-	--------
John 4:46	τὴν	ὁ	RA	----ASF-
John 4:46	Κανὰ	Κανά	N-	----ASF-
John 4:46	τῆς	ὁ	RA	----GSF-
John 4:46	Γαλιλαίας	Γαλιλαία	N-	----GSF-
John 4:46	ὅπου	ὅπου	D-	--------
John 4:46	ἐποίησεν	ποιέω	V-	3AAI-S--
John 4:46	τὸ	ὁ	RA	----ASN-
John 4:46	ὕδωρ	ὕδωρ	N-	----ASN-
John 4:46	οἶνον	οἶνος	N-	----ASM-
John 4:46	καὶ	καί	C-	--------
John 4:46	ἦν	εἰμί	V-	3IAI-S--
John 4:46	τις	τις	RI	----NSM-
John 4:46	βασιλικὸς	βασιλικός	A-	----NSM-
John 4:46	οὗ	ὅς	RR	----GSM-
John 4:46	ὁ	ὁ	RA	----NSM-
John 4:46	υἱὸς	υἱός	N-	----NSM-
John 4:46	ἠσθένει	ἀσθενέω	V-	3IAI-S--
John 4:46	ἐν	ἐν	P-	--------
John 4:46	Καφαρναούμ	Καφαρναούμ	N-	----DSF-
John 4:47	οὗτος	οὗτος	RD	----NSM-
John 4:47	ἀκούσας	ἀκούω	V-	-AAPNSM-
John 4:47	ὅτι	ὅτι	C-	--------
John 4:47	Ἰησοῦς	Ἰησοῦς	N-	----NSM-
John 4:47	ἥκει	ἥκω	V-	3PAI-S--
John 4:47	ἐκ	ἐκ	P-	--------
John 4:47	τῆς	ὁ	RA	----GSF-
John 4:47	Ἰουδαίας	Ἰουδαία	N-	----GSF-
John 4:47	εἰς	εἰς	P-	--------
John 4:47	τὴν	ὁ	RA	----ASF-
John 4:47	Γαλιλαίαν	Γαλιλαία	N-	----ASF-
John 4:47	ἀπῆλθεν	ἀπέρχομαι	V-	3AAI-S--
John 4:47	πρὸς	πρός	P-	--------
John 4:47	αὐτὸν	αὐτός	RP	----ASM-
John 4:47	καὶ	καί	C-	--------
John 4:47	ἠρώτα	ἐρωτάω	V-	3IAI-S--
John 4:47	ἵνα	ἵνα	C-	--------
John 4:47	καταβῇ	καταβαίνω	V-	3AAS-S--
John 4:47	καὶ	καί	C-	--------
John 4:47	ἰάσηται	ἰάομαι	V-	3AMS-S--
John 4:47	αὐτοῦ	αὐτός	RP	----GSM-
John 4:47	τὸν	ὁ	RA	----ASM-
John 4:47	υἱόν	υἱός	N-	----ASM-
John 4:47	ἤμελλεν	μέλλω	V-	3IAI-S--
John 4:47	γὰρ	γάρ	C-	--------
John 4:47	ἀποθνῄσκειν	ἀποθνῄσκω	V-	-PAN----
John 4:48	εἶπεν	λέγω	V-	3AAI-S--
John 4:48	οὖν	οὖν	C-	--------
John 4:48	ὁ	ὁ	RA	----NSM-
John 4:48	Ἰησοῦς	Ἰησοῦς	N-	----NSM-
John 4:48	πρὸς	πρός	P-	--------
John 4:48	αὐτόν	αὐτός	RP	----ASM-
John 4:48	Ἐὰν	ἐάν	C-	--------
John 4:48	μὴ	μή	D-	--------
John 4:48	σημεῖα	σημεῖον	N-	----APN-
John 4:48	καὶ	καί	C-	--------
John 4:48	τέρατα	τέρας	N-	----APN-
John 4:48	ἴδητε	ὁράω	V-	2AAS-P--
John 4:48	οὐ	οὐ	D-	--------
John 4:48	μὴ	μή	D-	--------
John 4:48	πιστεύσητε	πιστεύω	V-	2AAS-P--
John 4:49	λέγει	λέγω	V-	3PAI-S--
John 4:49	πρὸς	πρός	P-	--------
John 4:49	αὐτὸν	αὐτός	RP	----ASM-
John 4:49	ὁ	ὁ	RA	----NSM-
John 4:49	βασιλικός	βασιλικός	A-	----NSM-
John 4:49	Κύριε	κύριος	N-	----VSM-
John 4:49	κατάβηθι	καταβαίνω	V-	2AAD-S--
John 4:49	πρὶν	πρίν	C-	--------
John 4:49	ἀποθανεῖν	ἀποθνῄσκω	V-	-AAN----
John 4:49	τὸ	ὁ	RA	----ASN-
John 4:49	παιδίον	παιδίον	N-	----ASN-
John 4:49	μου	ἐγώ	RP	----GS--
John 4:50	λέγει	λέγω	V-	3PAI-S--
John 4:50	αὐτῷ	αὐτός	RP	----DSM-
John 4:50	ὁ	ὁ	RA	----NSM-
John 4:50	Ἰησοῦς	Ἰησοῦς	N-	----NSM-
John 4:50	Πορεύου	πορεύομαι	V-	2PMD-S--
John 4:50	ὁ	ὁ	RA	----NSM-
John 4:50	υἱός	υἱός	N-	----NSM-
John 4:50	σου	σύ	RP	----GS--
John 4:50	ζῇ	ζάω	V-	3PAI-S--
John 4:50	ἐπίστευσεν	πιστεύω	V-	3AAI-S--
John 4:50	ὁ	ὁ	RA	----NSM-
John 4:50	ἄνθρωπος	ἄνθρωπος	N-	----NSM-
John 4:50	τῷ	ὁ	RA	----DSM-
John 4:50	λόγῳ	λόγος	N-	----DSM-
John 4:50	ὃν	ὅς	RR	----ASM-
John 4:50	εἶπεν	λέγω	V-	3AAI-S--
John 4:50	αὐτῷ	αὐτός	RP	----DSM-
John 4:50	ὁ	ὁ	RA	----NSM-
John 4:50	Ἰησοῦς	Ἰησοῦς	N-	----NSM-
John 4:50	καὶ	καί	C-	--------
John 4:50	ἐπορεύετο	πορεύομαι	V-	3IMI-S--
John 4:51	ἤδη	ἤδη	D-	--------
John 4:51	δὲ	δέ	C-	--------
John 4:51	αὐτοῦ	αὐτός	RP	----GSM-
John 4:51	καταβαίνοντος	καταβαίνω	V-	-PAPGSM-
John 4:51	οἱ	ὁ	RA	----NPM-
John 4:51	δοῦλοι	δοῦλος	N-	----NPM-
John 4:51	αὐτοῦ	αὐτός	RP	----GSM-
John 4:51	ὑπήντησαν	ὑπαντάω	V-	3AAI-P--
John 4:51	αὐτῷ	αὐτός	RP	----DSM-
John 4:51	λέγοντες	λέγω	V-	-PAPNPM-
John 4:51	ὅτι	ὅτι	C-	--------
John 4:51	ὁ	ὁ	RA	----NSM-
John 4:51	παῖς	παῖς	N-	----NSM-
John 4:51	αὐτοῦ	αὐτός	RP	----GSM-
John 4:51	ζῇ	ζάω	V-	3PAI-S--
John 4:52	ἐπύθετο	πυνθάνομαι	V-	3AMI-S--
John 4:52	οὖν	οὖν	C-	--------
John 4:52	τὴν	ὁ	RA	----ASF-
John 4:52	ὥραν	ὥρα	N-	----ASF-
John 4:52	παρ’	παρά	P-	--------
John 4:52	αὐτῶν	αὐτός	RP	----GPM-
John 4:52	ἐν	ἐν	P-	--------
John 4:52	ᾗ	ὅς	RR	----DSF-
John 4:52	κομψότερον	κομψότερον	A-	----ASNC
John 4:52	ἔσχεν	ἔχω	V-	3AAI-S--
John 4:52	εἶπαν	λέγω	V-	3AAI-P--
John 4:52	οὖν	οὖν	C-	--------
John 4:52	αὐτῷ	αὐτός	RP	----DSM-
John 4:52	ὅτι	ὅτι	C-	--------
John 4:52	Ἐχθὲς	ἐχθές	D-	--------
John 4:52	ὥραν	ὥρα	N-	----ASF-
John 4:52	ἑβδόμην	ἕβδομος	A-	----ASF-
John 4:52	ἀφῆκεν	ἀφίημι	V-	3AAI-S--
John 4:52	αὐτὸν	αὐτός	RP	----ASM-
John 4:52	ὁ	ὁ	RA	----NSM-
John 4:52	πυρετός	πυρετός	N-	----NSM-
John 4:53	ἔγνω	γινώσκω	V-	3AAI-S--
John 4:53	οὖν	οὖν	C-	--------
John 4:53	ὁ	ὁ	RA	----NSM-
John 4:53	πατὴρ	πατήρ	N-	----NSM-
John 4:53	ὅτι	ὅτι	C-	--------
John 4:53	ἐκείνῃ	ἐκεῖνος	RD	----DSF-
John 4:53	τῇ	ὁ	RA	----DSF-
John 4:53	ὥρᾳ	ὥρα	N-	----DSF-
John 4:53	ἐν	ἐν	P-	--------
John 4:53	ᾗ	ὅς	RR	----DSF-
John 4:53	εἶπεν	λέγω	V-	3AAI-S--
John 4:53	αὐτῷ	αὐτός	RP	----DSM-
John 4:53	ὁ	ὁ	RA	----NSM-
John 4:53	Ἰησοῦς	Ἰησοῦς	N-	----NSM-
John 4:53	Ὁ	ὁ	RA	----NSM-
John 4:53	υἱός	υἱός	N-	----NSM-
John 4:53	σου	σύ	RP	----GS--
John 4:53	ζῇ	ζάω	V-	3PAI-S--
John 4:53	καὶ	καί	C-	--------
John 4:53	ἐπίστευσεν	πιστεύω	V-	3AAI-S--
John 4:53	αὐτὸς	αὐτός	RP	----NSM-
John 4:53	καὶ	καί	C-	--------
John 4:53	ἡ	ὁ	RA	----NSF-
John 4:53	οἰκία	οἰκία	N-	----NSF-
John 4:53	αὐτοῦ	αὐτός	RP	----GSM-
John 4:53	ὅλη	ὅλος	A-	----NSF-
John 4:54	τοῦτο	οὗτος	RD	----ASN-
John 4:54	δὲ	δέ	C-	--------
John 4:54	πάλιν	πάλιν	D-	--------
John 4:54	δεύτερον	δεύτερος	A-	----ASN-
John 4:54	σημεῖον	σημεῖον	N-	----ASN-
John 4:54	ἐποίησεν	ποιέω	V-	3AAI-S--
John 4:54	ὁ	ὁ	RA	----NSM-
John 4:54	Ἰησοῦς	Ἰησοῦς	N-	----NSM-
John 4:54	ἐλθὼν	ἔρχομαι	V-	-AAPNSM-
John 4:54	ἐκ	ἐκ	P-	--------
John 4:54	τῆς	ὁ	RA	----GSF-
John 4:54	Ἰουδαίας	Ἰουδαία	N-	----GSF-
John 4:54	εἰς	εἰς	P-	--------
John 4:54	τὴν	ὁ	RA	----ASF-
John 4:54	Γαλιλαίαν	Γαλιλαία	N-	----ASF-
John 5:1	Μετὰ	μετά	P-	--------
John 5:1	ταῦτα	οὗτος	RD	----APN-
John 5:1	ἦν	εἰμί	V-	3IAI-S--
John 5:1	ἑορτὴ	ἑορτή	N-	----NSF-
John 5:1	τῶν	ὁ	RA	----GPM-
John 5:1	Ἰουδαίων	Ἰουδαῖος	A-	----GPM-
John 5:1	καὶ	καί	C-	--------
John 5:1	ἀνέβη	ἀναβαίνω	V-	3AAI-S--
John 5:1	Ἰησοῦς	Ἰησοῦς	N-	----NSM-
John 5:1	εἰς	εἰς	P-	--------
John 5:1	Ἱεροσόλυμα	Ἱεροσόλυμα	N-	----APN-
John 5:2	ἔστιν	εἰμί	V-	3PAI-S--
John 5:2	δὲ	δέ	C-	--------
John 5:2	ἐν	ἐν	P-	--------
John 5:2	τοῖς	ὁ	RA	----DPN-
John 5:2	Ἱεροσολύμοις	Ἱεροσόλυμα	N-	----DPN-
John 5:2	ἐπὶ	ἐπί	P-	--------
John 5:2	τῇ	ὁ	RA	----DSF-
John 5:2	προβατικῇ	προβατικός	A-	----DSF-
John 5:2	κολυμβήθρα	κολυμβήθρα	N-	----NSF-
John 5:2	ἡ	ὁ	RA	----NSF-
John 5:2	ἐπιλεγομένη	ἐπιλέγω	V-	-PPPNSF-
John 5:2	Ἑβραϊστὶ	Ἑβραϊστί	D-	--------
John 5:2	Βηθεσδά	Βηθεσδά	N-	----NSF-
John 5:2	πέντε	πέντε	A-	----APF-
John 5:2	στοὰς	στοά	N-	----APF-
John 5:2	ἔχουσα	ἔχω	V-	-PAPNSF-
John 5:3	ἐν	ἐν	P-	--------
John 5:3	ταύταις	οὗτος	RD	----DPF-
John 5:3	κατέκειτο	κατάκειμαι	V-	3IMI-S--
John 5:3	πλῆθος	πλῆθος	N-	----NSN-
John 5:3	τῶν	ὁ	RA	----GPM-
John 5:3	ἀσθενούντων	ἀσθενέω	V-	-PAPGPM-
John 5:3	τυφλῶν	τυφλός	A-	----GPM-
John 5:3	χωλῶν	χωλός	A-	----GPM-
John 5:3	ξηρῶν	ξηρός	A-	----GPM-
John 5:5	ἦν	εἰμί	V-	3IAI-S--
John 5:5	δέ	δέ	C-	--------
John 5:5	τις	τις	RI	----NSM-
John 5:5	ἄνθρωπος	ἄνθρωπος	N-	----NSM-
John 5:5	ἐκεῖ	ἐκεῖ	D-	--------
John 5:5	τριάκοντα	τριάκοντα	A-	----APN-
John 5:5	ὀκτὼ	ὀκτώ	A-	----APN-
John 5:5	ἔτη	ἔτος	N-	----APN-
John 5:5	ἔχων	ἔχω	V-	-PAPNSM-
John 5:5	ἐν	ἐν	P-	--------
John 5:5	τῇ	ὁ	RA	----DSF-
John 5:5	ἀσθενείᾳ	ἀσθένεια	N-	----DSF-
John 5:5	αὐτοῦ	αὐτός	RP	----GSM-
John 5:6	τοῦτον	οὗτος	RD	----ASM-
John 5:6	ἰδὼν	ὁράω	V-	-AAPNSM-
John 5:6	ὁ	ὁ	RA	----NSM-
John 5:6	Ἰησοῦς	Ἰησοῦς	N-	----NSM-
John 5:6	κατακείμενον	κατάκειμαι	V-	-PMPASM-
John 5:6	καὶ	καί	C-	--------
John 5:6	γνοὺς	γινώσκω	V-	-AAPNSM-
John 5:6	ὅτι	ὅτι	C-	--------
John 5:6	πολὺν	πολύς	A-	----ASM-
John 5:6	ἤδη	ἤδη	D-	--------
John 5:6	χρόνον	χρόνος	N-	----ASM-
John 5:6	ἔχει	ἔχω	V-	3PAI-S--
John 5:6	λέγει	λέγω	V-	3PAI-S--
John 5:6	αὐτῷ	αὐτός	RP	----DSM-
John 5:6	Θέλεις	θέλω	V-	2PAI-S--
John 5:6	ὑγιὴς	ὑγιής	A-	----NSM-
John 5:6	γενέσθαι	γίνομαι	V-	-AMN----
John 5:7	ἀπεκρίθη	ἀποκρίνομαι	V-	3API-S--
John 5:7	αὐτῷ	αὐτός	RP	----DSM-
John 5:7	ὁ	ὁ	RA	----NSM-
John 5:7	ἀσθενῶν	ἀσθενέω	V-	-PAPNSM-
John 5:7	Κύριε	κύριος	N-	----VSM-
John 5:7	ἄνθρωπον	ἄνθρωπος	N-	----ASM-
John 5:7	οὐκ	οὐ	D-	--------
John 5:7	ἔχω	ἔχω	V-	1PAI-S--
John 5:7	ἵνα	ἵνα	C-	--------
John 5:7	ὅταν	ὅταν	C-	--------
John 5:7	ταραχθῇ	ταράσσω	V-	3APS-S--
John 5:7	τὸ	ὁ	RA	----NSN-
John 5:7	ὕδωρ	ὕδωρ	N-	----NSN-
John 5:7	βάλῃ	βάλλω	V-	3AAS-S--
John 5:7	με	ἐγώ	RP	----AS--
John 5:7	εἰς	εἰς	P-	--------
John 5:7	τὴν	ὁ	RA	----ASF-
John 5:7	κολυμβήθραν	κολυμβήθρα	N-	----ASF-
John 5:7	ἐν	ἐν	P-	--------
John 5:7	ᾧ	ὅς	RR	----DSM-
John 5:7	δὲ	δέ	C-	--------
John 5:7	ἔρχομαι	ἔρχομαι	V-	1PMI-S--
John 5:7	ἐγὼ	ἐγώ	RP	----NS--
John 5:7	ἄλλος	ἄλλος	A-	----NSM-
John 5:7	πρὸ	πρό	P-	--------
John 5:7	ἐμοῦ	ἐγώ	RP	----GS--
John 5:7	καταβαίνει	καταβαίνω	V-	3PAI-S--
John 5:8	λέγει	λέγω	V-	3PAI-S--
John 5:8	αὐτῷ	αὐτός	RP	----DSM-
John 5:8	ὁ	ὁ	RA	----NSM-
John 5:8	Ἰησοῦς	Ἰησοῦς	N-	----NSM-
John 5:8	Ἔγειρε	ἐγείρω	V-	2PAD-S--
John 5:8	ἆρον	αἴρω	V-	2AAD-S--
John 5:8	τὸν	ὁ	RA	----ASM-
John 5:8	κράβαττόν	κράβαττος	N-	----ASM-
John 5:8	σου	σύ	RP	----GS--
John 5:8	καὶ	καί	C-	--------
John 5:8	περιπάτει	περιπατέω	V-	2PAD-S--
John 5:9	καὶ	καί	C-	--------
John 5:9	εὐθέως	εὐθέως	D-	--------
John 5:9	ἐγένετο	γίνομαι	V-	3AMI-S--
John 5:9	ὑγιὴς	ὑγιής	A-	----NSM-
John 5:9	ὁ	ὁ	RA	----NSM-
John 5:9	ἄνθρωπος	ἄνθρωπος	N-	----NSM-
John 5:9	καὶ	καί	C-	--------
John 5:9	ἦρε	αἴρω	V-	3AAI-S--
John 5:9	τὸν	ὁ	RA	----ASM-
John 5:9	κράβαττον	κράβαττος	N-	----ASM-
John 5:9	αὐτοῦ	αὐτός	RP	----GSM-
John 5:9	καὶ	καί	C-	--------
John 5:9	περιεπάτει	περιπατέω	V-	3IAI-S--
John 5:9	Ἦν	εἰμί	V-	3IAI-S--
John 5:9	δὲ	δέ	C-	--------
John 5:9	σάββατον	σάββατον	N-	----NSN-
John 5:9	ἐν	ἐν	P-	--------
John 5:9	ἐκείνῃ	ἐκεῖνος	RD	----DSF-
John 5:9	τῇ	ὁ	RA	----DSF-
John 5:9	ἡμέρᾳ	ἡμέρα	N-	----DSF-
John 5:10	ἔλεγον	λέγω	V-	3IAI-P--
John 5:10	οὖν	οὖν	C-	--------
John 5:10	οἱ	ὁ	RA	----NPM-
John 5:10	Ἰουδαῖοι	Ἰουδαῖος	A-	----NPM-
John 5:10	τῷ	ὁ	RA	----DSM-
John 5:10	τεθεραπευμένῳ	θεραπεύω	V-	-XPPDSM-
John 5:10	Σάββατόν	σάββατον	N-	----NSN-
John 5:10	ἐστιν	εἰμί	V-	3PAI-S--
John 5:10	καὶ	καί	C-	--------
John 5:10	οὐκ	οὐ	D-	--------
John 5:10	ἔξεστίν	ἔξεστι(ν)	V-	3PAI-S--
John 5:10	σοι	σύ	RP	----DS--
John 5:10	ἆραι	αἴρω	V-	-AAN----
John 5:10	τὸν	ὁ	RA	----ASM-
John 5:10	κράβαττον	κράβαττος	N-	----ASM-
John 5:11	ὃς	ὅς	RR	----NSM-
John 5:11	δὲ	δέ	C-	--------
John 5:11	ἀπεκρίθη	ἀποκρίνομαι	V-	3API-S--
John 5:11	αὐτοῖς	αὐτός	RP	----DPM-
John 5:11	Ὁ	ὁ	RA	----NSM-
John 5:11	ποιήσας	ποιέω	V-	-AAPNSM-
John 5:11	με	ἐγώ	RP	----AS--
John 5:11	ὑγιῆ	ὑγιής	A-	----ASM-
John 5:11	ἐκεῖνός	ἐκεῖνος	RD	----NSM-
John 5:11	μοι	ἐγώ	RP	----DS--
John 5:11	εἶπεν	λέγω	V-	3AAI-S--
John 5:11	Ἆρον	αἴρω	V-	2AAD-S--
John 5:11	τὸν	ὁ	RA	----ASM-
John 5:11	κράβαττόν	κράβαττος	N-	----ASM-
John 5:11	σου	σύ	RP	----GS--
John 5:11	καὶ	καί	C-	--------
John 5:11	περιπάτει	περιπατέω	V-	2PAD-S--
John 5:12	ἠρώτησαν	ἐρωτάω	V-	3AAI-P--
John 5:12	οὖν	οὖν	C-	--------
John 5:12	αὐτόν	αὐτός	RP	----ASM-
John 5:12	Τίς	τίς	RI	----NSM-
John 5:12	ἐστιν	εἰμί	V-	3PAI-S--
John 5:12	ὁ	ὁ	RA	----NSM-
John 5:12	ἄνθρωπος	ἄνθρωπος	N-	----NSM-
John 5:12	ὁ	ὁ	RA	----NSM-
John 5:12	εἰπών	λέγω	V-	-AAPNSM-
John 5:12	σοι	σύ	RP	----DS--
John 5:12	Ἆρον	αἴρω	V-	2AAD-S--
John 5:12	καὶ	καί	C-	--------
John 5:12	περιπάτει	περιπατέω	V-	2PAD-S--
John 5:13	ὁ	ὁ	RA	----NSM-
John 5:13	δὲ	δέ	C-	--------
John 5:13	ἰαθεὶς	ἰάομαι	V-	-APPNSM-
John 5:13	οὐκ	οὐ	D-	--------
John 5:13	ᾔδει	οἶδα	V-	3YAI-S--
John 5:13	τίς	τίς	RI	----NSM-
John 5:13	ἐστιν	εἰμί	V-	3PAI-S--
John 5:13	ὁ	ὁ	RA	----NSM-
John 5:13	γὰρ	γάρ	C-	--------
John 5:13	Ἰησοῦς	Ἰησοῦς	N-	----NSM-
John 5:13	ἐξένευσεν	ἐκνεύω	V-	3AAI-S--
John 5:13	ὄχλου	ὄχλος	N-	----GSM-
John 5:13	ὄντος	εἰμί	V-	-PAPGSM-
John 5:13	ἐν	ἐν	P-	--------
John 5:13	τῷ	ὁ	RA	----DSM-
John 5:13	τόπῳ	τόπος	N-	----DSM-
John 5:14	μετὰ	μετά	P-	--------
John 5:14	ταῦτα	οὗτος	RD	----APN-
John 5:14	εὑρίσκει	εὑρίσκω	V-	3PAI-S--
John 5:14	αὐτὸν	αὐτός	RP	----ASM-
John 5:14	ὁ	ὁ	RA	----NSM-
John 5:14	Ἰησοῦς	Ἰησοῦς	N-	----NSM-
John 5:14	ἐν	ἐν	P-	--------
John 5:14	τῷ	ὁ	RA	----DSN-
John 5:14	ἱερῷ	ἱερός	A-	----DSN-
John 5:14	καὶ	καί	C-	--------
John 5:14	εἶπεν	λέγω	V-	3AAI-S--
John 5:14	αὐτῷ	αὐτός	RP	----DSM-
John 5:14	Ἴδε	ἴδε	X-	--------
John 5:14	ὑγιὴς	ὑγιής	A-	----NSM-
John 5:14	γέγονας	γίνομαι	V-	2XAI-S--
John 5:14	μηκέτι	μηκέτι	D-	--------
John 5:14	ἁμάρτανε	ἁμαρτάνω	V-	2PAD-S--
John 5:14	ἵνα	ἵνα	C-	--------
John 5:14	μὴ	μή	D-	--------
John 5:14	χεῖρόν	χείρων	A-	----NSNC
John 5:14	σοί	σύ	RP	----DS--
John 5:14	τι	τις	RI	----NSN-
John 5:14	γένηται	γίνομαι	V-	3AMS-S--
John 5:15	ἀπῆλθεν	ἀπέρχομαι	V-	3AAI-S--
John 5:15	ὁ	ὁ	RA	----NSM-
John 5:15	ἄνθρωπος	ἄνθρωπος	N-	----NSM-
John 5:15	καὶ	καί	C-	--------
John 5:15	ἀνήγγειλεν	ἀναγγέλλω	V-	3AAI-S--
John 5:15	τοῖς	ὁ	RA	----DPM-
John 5:15	Ἰουδαίοις	Ἰουδαῖος	A-	----DPM-
John 5:15	ὅτι	ὅτι	C-	--------
John 5:15	Ἰησοῦς	Ἰησοῦς	N-	----NSM-
John 5:15	ἐστιν	εἰμί	V-	3PAI-S--
John 5:15	ὁ	ὁ	RA	----NSM-
John 5:15	ποιήσας	ποιέω	V-	-AAPNSM-
John 5:15	αὐτὸν	αὐτός	RP	----ASM-
John 5:15	ὑγιῆ	ὑγιής	A-	----ASM-
John 5:16	καὶ	καί	C-	--------
John 5:16	διὰ	διά	P-	--------
John 5:16	τοῦτο	οὗτος	RD	----ASN-
John 5:16	ἐδίωκον	διώκω	V-	3IAI-P--
John 5:16	οἱ	ὁ	RA	----NPM-
John 5:16	Ἰουδαῖοι	Ἰουδαῖος	A-	----NPM-
John 5:16	τὸν	ὁ	RA	----ASM-
John 5:16	Ἰησοῦν	Ἰησοῦς	N-	----ASM-
John 5:16	ὅτι	ὅτι	C-	--------
John 5:16	ταῦτα	οὗτος	RD	----APN-
John 5:16	ἐποίει	ποιέω	V-	3IAI-S--
John 5:16	ἐν	ἐν	P-	--------
John 5:16	σαββάτῳ	σάββατον	N-	----DSN-
John 5:17	ὁ	ὁ	RA	----NSM-
John 5:17	δὲ	δέ	C-	--------
John 5:17	ἀπεκρίνατο	ἀποκρίνομαι	V-	3AMI-S--
John 5:17	αὐτοῖς	αὐτός	RP	----DPM-
John 5:17	Ὁ	ὁ	RA	----NSM-
John 5:17	πατήρ	πατήρ	N-	----NSM-
John 5:17	μου	ἐγώ	RP	----GS--
John 5:17	ἕως	ἕως	P-	--------
John 5:17	ἄρτι	ἄρτι	D-	--------
John 5:17	ἐργάζεται	ἐργάζομαι	V-	3PMI-S--
John 5:17	κἀγὼ	κἀγώ	RP	----NS--
John 5:17	ἐργάζομαι	ἐργάζομαι	V-	1PMI-S--
John 5:18	διὰ	διά	P-	--------
John 5:18	τοῦτο	οὗτος	RD	----ASN-
John 5:18	οὖν	οὖν	C-	--------
John 5:18	μᾶλλον	μᾶλλον	D-	--------
John 5:18	ἐζήτουν	ζητέω	V-	3IAI-P--
John 5:18	αὐτὸν	αὐτός	RP	----ASM-
John 5:18	οἱ	ὁ	RA	----NPM-
John 5:18	Ἰουδαῖοι	Ἰουδαῖος	A-	----NPM-
John 5:18	ἀποκτεῖναι	ἀποκτείνω	V-	-AAN----
John 5:18	ὅτι	ὅτι	C-	--------
John 5:18	οὐ	οὐ	D-	--------
John 5:18	μόνον	μόνος	A-	----ASN-
John 5:18	ἔλυε	λύω	V-	3IAI-S--
John 5:18	τὸ	ὁ	RA	----ASN-
John 5:18	σάββατον	σάββατον	N-	----ASN-
John 5:18	ἀλλὰ	ἀλλά	C-	--------
John 5:18	καὶ	καί	D-	--------
John 5:18	πατέρα	πατήρ	N-	----ASM-
John 5:18	ἴδιον	ἴδιος	A-	----ASM-
John 5:18	ἔλεγε	λέγω	V-	3IAI-S--
John 5:18	τὸν	ὁ	RA	----ASM-
John 5:18	θεόν	θεός	N-	----ASM-
John 5:18	ἴσον	ἴσος	A-	----ASM-
John 5:18	ἑαυτὸν	ἑαυτοῦ	RP	----ASM-
John 5:18	ποιῶν	ποιέω	V-	-PAPNSM-
John 5:18	τῷ	ὁ	RA	----DSM-
John 5:18	θεῷ	θεός	N-	----DSM-
John 5:19	Ἀπεκρίνατο	ἀποκρίνομαι	V-	3AMI-S--
John 5:19	οὖν	οὖν	C-	--------
John 5:19	ὁ	ὁ	RA	----NSM-
John 5:19	Ἰησοῦς	Ἰησοῦς	N-	----NSM-
John 5:19	καὶ	καί	C-	--------
John 5:19	ἔλεγεν	λέγω	V-	3IAI-S--
John 5:19	αὐτοῖς	αὐτός	RP	----DPM-
John 5:19	Ἀμὴν	ἀμήν	X-	--------
John 5:19	ἀμὴν	ἀμήν	X-	--------
John 5:19	λέγω	λέγω	V-	1PAI-S--
John 5:19	ὑμῖν	σύ	RP	----DP--
John 5:19	οὐ	οὐ	D-	--------
John 5:19	δύναται	δύναμαι	V-	3PMI-S--
John 5:19	ὁ	ὁ	RA	----NSM-
John 5:19	υἱὸς	υἱός	N-	----NSM-
John 5:19	ποιεῖν	ποιέω	V-	-PAN----
John 5:19	ἀφ’	ἀπό	P-	--------
John 5:19	ἑαυτοῦ	ἑαυτοῦ	RP	----GSM-
John 5:19	οὐδὲν	οὐδείς	A-	----ASN-
John 5:19	ἐὰν	ἐάν	C-	--------
John 5:19	μή	μή	D-	--------
John 5:19	τι	τις	RI	----ASN-
John 5:19	βλέπῃ	βλέπω	V-	3PAS-S--
John 5:19	τὸν	ὁ	RA	----ASM-
John 5:19	πατέρα	πατήρ	N-	----ASM-
John 5:19	ποιοῦντα	ποιέω	V-	-PAPASM-
John 5:19	ἃ	ὅς	RR	----APN-
John 5:19	γὰρ	γάρ	C-	--------
John 5:19	ἂν	ἄν	X-	--------
John 5:19	ἐκεῖνος	ἐκεῖνος	RD	----NSM-
John 5:19	ποιῇ	ποιέω	V-	3PAS-S--
John 5:19	ταῦτα	οὗτος	RD	----APN-
John 5:19	καὶ	καί	D-	--------
John 5:19	ὁ	ὁ	RA	----NSM-
John 5:19	υἱὸς	υἱός	N-	----NSM-
John 5:19	ὁμοίως	ὁμοίως	D-	--------
John 5:19	ποιεῖ	ποιέω	V-	3PAI-S--
John 5:20	ὁ	ὁ	RA	----NSM-
John 5:20	γὰρ	γάρ	C-	--------
John 5:20	πατὴρ	πατήρ	N-	----NSM-
John 5:20	φιλεῖ	φιλέω	V-	3PAI-S--
John 5:20	τὸν	ὁ	RA	----ASM-
John 5:20	υἱὸν	υἱός	N-	----ASM-
John 5:20	καὶ	καί	C-	--------
John 5:20	πάντα	πᾶς	A-	----APN-
John 5:20	δείκνυσιν	δείκνυμι	V-	3PAI-S--
John 5:20	αὐτῷ	αὐτός	RP	----DSM-
John 5:20	ἃ	ὅς	RR	----APN-
John 5:20	αὐτὸς	αὐτός	RP	----NSM-
John 5:20	ποιεῖ	ποιέω	V-	3PAI-S--
John 5:20	καὶ	καί	C-	--------
John 5:20	μείζονα	μέγας	A-	----APNC
John 5:20	τούτων	οὗτος	RD	----GPN-
John 5:20	δείξει	δείκνυμι	V-	3FAI-S--
John 5:20	αὐτῷ	αὐτός	RP	----DSM-
John 5:20	ἔργα	ἔργον	N-	----APN-
John 5:20	ἵνα	ἵνα	C-	--------
John 5:20	ὑμεῖς	σύ	RP	----NP--
John 5:20	θαυμάζητε	θαυμάζω	V-	2PAS-P--
John 5:21	ὥσπερ	ὥσπερ	C-	--------
John 5:21	γὰρ	γάρ	C-	--------
John 5:21	ὁ	ὁ	RA	----NSM-
John 5:21	πατὴρ	πατήρ	N-	----NSM-
John 5:21	ἐγείρει	ἐγείρω	V-	3PAI-S--
John 5:21	τοὺς	ὁ	RA	----APM-
John 5:21	νεκροὺς	νεκρός	A-	----APM-
John 5:21	καὶ	καί	C-	--------
John 5:21	ζῳοποιεῖ	ζῳοποιέω	V-	3PAI-S--
John 5:21	οὕτως	οὕτω(ς)	D-	--------
John 5:21	καὶ	καί	D-	--------
John 5:21	ὁ	ὁ	RA	----NSM-
John 5:21	υἱὸς	υἱός	N-	----NSM-
John 5:21	οὓς	ὅς	RR	----APM-
John 5:21	θέλει	θέλω	V-	3PAI-S--
John 5:21	ζῳοποιεῖ	ζῳοποιέω	V-	3PAI-S--
John 5:22	οὐδὲ	οὐδέ	D-	--------
John 5:22	γὰρ	γάρ	C-	--------
John 5:22	ὁ	ὁ	RA	----NSM-
John 5:22	πατὴρ	πατήρ	N-	----NSM-
John 5:22	κρίνει	κρίνω	V-	3PAI-S--
John 5:22	οὐδένα	οὐδείς	A-	----ASM-
John 5:22	ἀλλὰ	ἀλλά	C-	--------
John 5:22	τὴν	ὁ	RA	----ASF-
John 5:22	κρίσιν	κρίσις	N-	----ASF-
John 5:22	πᾶσαν	πᾶς	A-	----ASF-
John 5:22	δέδωκεν	δίδωμι	V-	3XAI-S--
John 5:22	τῷ	ὁ	RA	----DSM-
John 5:22	υἱῷ	υἱός	N-	----DSM-
John 5:23	ἵνα	ἵνα	C-	--------
John 5:23	πάντες	πᾶς	A-	----NPM-
John 5:23	τιμῶσι	τιμάω	V-	3PAS-P--
John 5:23	τὸν	ὁ	RA	----ASM-
John 5:23	υἱὸν	υἱός	N-	----ASM-
John 5:23	καθὼς	καθώς	C-	--------
John 5:23	τιμῶσι	τιμάω	V-	3PAI-P--
John 5:23	τὸν	ὁ	RA	----ASM-
John 5:23	πατέρα	πατήρ	N-	----ASM-
John 5:23	ὁ	ὁ	RA	----NSM-
John 5:23	μὴ	μή	D-	--------
John 5:23	τιμῶν	τιμάω	V-	-PAPNSM-
John 5:23	τὸν	ὁ	RA	----ASM-
John 5:23	υἱὸν	υἱός	N-	----ASM-
John 5:23	οὐ	οὐ	D-	--------
John 5:23	τιμᾷ	τιμάω	V-	3PAI-S--
John 5:23	τὸν	ὁ	RA	----ASM-
John 5:23	πατέρα	πατήρ	N-	----ASM-
John 5:23	τὸν	ὁ	RA	----ASM-
John 5:23	πέμψαντα	πέμπω	V-	-AAPASM-
John 5:23	αὐτόν	αὐτός	RP	----ASM-
John 5:24	Ἀμὴν	ἀμήν	X-	--------
John 5:24	ἀμὴν	ἀμήν	X-	--------
John 5:24	λέγω	λέγω	V-	1PAI-S--
John 5:24	ὑμῖν	σύ	RP	----DP--
John 5:24	ὅτι	ὅτι	C-	--------
John 5:24	ὁ	ὁ	RA	----NSM-
John 5:24	τὸν	ὁ	RA	----ASM-
John 5:24	λόγον	λόγος	N-	----ASM-
John 5:24	μου	ἐγώ	RP	----GS--
John 5:24	ἀκούων	ἀκούω	V-	-PAPNSM-
John 5:24	καὶ	καί	C-	--------
John 5:24	πιστεύων	πιστεύω	V-	-PAPNSM-
John 5:24	τῷ	ὁ	RA	----DSM-
John 5:24	πέμψαντί	πέμπω	V-	-AAPDSM-
John 5:24	με	ἐγώ	RP	----AS--
John 5:24	ἔχει	ἔχω	V-	3PAI-S--
John 5:24	ζωὴν	ζωή	N-	----ASF-
John 5:24	αἰώνιον	αἰώνιος	A-	----ASF-
John 5:24	καὶ	καί	C-	--------
John 5:24	εἰς	εἰς	P-	--------
John 5:24	κρίσιν	κρίσις	N-	----ASF-
John 5:24	οὐκ	οὐ	D-	--------
John 5:24	ἔρχεται	ἔρχομαι	V-	3PMI-S--
John 5:24	ἀλλὰ	ἀλλά	C-	--------
John 5:24	μεταβέβηκεν	μεταβαίνω	V-	3XAI-S--
John 5:24	ἐκ	ἐκ	P-	--------
John 5:24	τοῦ	ὁ	RA	----GSM-
John 5:24	θανάτου	θάνατος	N-	----GSM-
John 5:24	εἰς	εἰς	P-	--------
John 5:24	τὴν	ὁ	RA	----ASF-
John 5:24	ζωήν	ζωή	N-	----ASF-
John 5:25	Ἀμὴν	ἀμήν	X-	--------
John 5:25	ἀμὴν	ἀμήν	X-	--------
John 5:25	λέγω	λέγω	V-	1PAI-S--
John 5:25	ὑμῖν	σύ	RP	----DP--
John 5:25	ὅτι	ὅτι	C-	--------
John 5:25	ἔρχεται	ἔρχομαι	V-	3PMI-S--
John 5:25	ὥρα	ὥρα	N-	----NSF-
John 5:25	καὶ	καί	C-	--------
John 5:25	νῦν	νῦν	D-	--------
John 5:25	ἐστιν	εἰμί	V-	3PAI-S--
John 5:25	ὅτε	ὅτε	D-	--------
John 5:25	οἱ	ὁ	RA	----NPM-
John 5:25	νεκροὶ	νεκρός	A-	----NPM-
John 5:25	ἀκούσουσιν	ἀκούω	V-	3FAI-P--
John 5:25	τῆς	ὁ	RA	----GSF-
John 5:25	φωνῆς	φωνή	N-	----GSF-
John 5:25	τοῦ	ὁ	RA	----GSM-
John 5:25	υἱοῦ	υἱός	N-	----GSM-
John 5:25	τοῦ	ὁ	RA	----GSM-
John 5:25	θεοῦ	θεός	N-	----GSM-
John 5:25	καὶ	καί	C-	--------
John 5:25	οἱ	ὁ	RA	----NPM-
John 5:25	ἀκούσαντες	ἀκούω	V-	-AAPNPM-
John 5:25	ζήσουσιν	ζάω	V-	3FAI-P--
John 5:26	ὥσπερ	ὥσπερ	C-	--------
John 5:26	γὰρ	γάρ	C-	--------
John 5:26	ὁ	ὁ	RA	----NSM-
John 5:26	πατὴρ	πατήρ	N-	----NSM-
John 5:26	ἔχει	ἔχω	V-	3PAI-S--
John 5:26	ζωὴν	ζωή	N-	----ASF-
John 5:26	ἐν	ἐν	P-	--------
John 5:26	ἑαυτῷ	ἑαυτοῦ	RP	----DSM-
John 5:26	οὕτως	οὕτω(ς)	D-	--------
John 5:26	καὶ	καί	D-	--------
John 5:26	τῷ	ὁ	RA	----DSM-
John 5:26	υἱῷ	υἱός	N-	----DSM-
John 5:26	ἔδωκεν	δίδωμι	V-	3AAI-S--
John 5:26	ζωὴν	ζωή	N-	----ASF-
John 5:26	ἔχειν	ἔχω	V-	-PAN----
John 5:26	ἐν	ἐν	P-	--------
John 5:26	ἑαυτῷ	ἑαυτοῦ	RP	----DSM-
John 5:27	καὶ	καί	C-	--------
John 5:27	ἐξουσίαν	ἐξουσία	N-	----ASF-
John 5:27	ἔδωκεν	δίδωμι	V-	3AAI-S--
John 5:27	αὐτῷ	αὐτός	RP	----DSM-
John 5:27	κρίσιν	κρίσις	N-	----ASF-
John 5:27	ποιεῖν	ποιέω	V-	-PAN----
John 5:27	ὅτι	ὅτι	C-	--------
John 5:27	υἱὸς	υἱός	N-	----NSM-
John 5:27	ἀνθρώπου	ἄνθρωπος	N-	----GSM-
John 5:27	ἐστίν	εἰμί	V-	3PAI-S--
John 5:28	μὴ	μή	D-	--------
John 5:28	θαυμάζετε	θαυμάζω	V-	2PAD-P--
John 5:28	τοῦτο	οὗτος	RD	----ASN-
John 5:28	ὅτι	ὅτι	C-	--------
John 5:28	ἔρχεται	ἔρχομαι	V-	3PMI-S--
John 5:28	ὥρα	ὥρα	N-	----NSF-
John 5:28	ἐν	ἐν	P-	--------
John 5:28	ᾗ	ὅς	RR	----DSF-
John 5:28	πάντες	πᾶς	A-	----NPM-
John 5:28	οἱ	ὁ	RA	----NPM-
John 5:28	ἐν	ἐν	P-	--------
John 5:28	τοῖς	ὁ	RA	----DPN-
John 5:28	μνημείοις	μνημεῖον	N-	----DPN-
John 5:28	ἀκούσουσιν	ἀκούω	V-	3FAI-P--
John 5:28	τῆς	ὁ	RA	----GSF-
John 5:28	φωνῆς	φωνή	N-	----GSF-
John 5:28	αὐτοῦ	αὐτός	RP	----GSM-
John 5:29	καὶ	καί	C-	--------
John 5:29	ἐκπορεύσονται	ἐκπορεύομαι	V-	3FMI-P--
John 5:29	οἱ	ὁ	RA	----NPM-
John 5:29	τὰ	ὁ	RA	----APN-
John 5:29	ἀγαθὰ	ἀγαθός	A-	----APN-
John 5:29	ποιήσαντες	ποιέω	V-	-AAPNPM-
John 5:29	εἰς	εἰς	P-	--------
John 5:29	ἀνάστασιν	ἀνάστασις	N-	----ASF-
John 5:29	ζωῆς	ζωή	N-	----GSF-
John 5:29	οἱ	ὁ	RA	----NPM-
John 5:29	δὲ	δέ	C-	--------
John 5:29	τὰ	ὁ	RA	----APN-
John 5:29	φαῦλα	φαῦλος	A-	----APN-
John 5:29	πράξαντες	πράσσω	V-	-AAPNPM-
John 5:29	εἰς	εἰς	P-	--------
John 5:29	ἀνάστασιν	ἀνάστασις	N-	----ASF-
John 5:29	κρίσεως	κρίσις	N-	----GSF-
John 5:30	Οὐ	οὐ	D-	--------
John 5:30	δύναμαι	δύναμαι	V-	1PMI-S--
John 5:30	ἐγὼ	ἐγώ	RP	----NS--
John 5:30	ποιεῖν	ποιέω	V-	-PAN----
John 5:30	ἀπ’	ἀπό	P-	--------
John 5:30	ἐμαυτοῦ	ἐμαυτοῦ	RP	----GSM-
John 5:30	οὐδέν	οὐδείς	A-	----ASN-
John 5:30	καθὼς	καθώς	C-	--------
John 5:30	ἀκούω	ἀκούω	V-	1PAI-S--
John 5:30	κρίνω	κρίνω	V-	1PAI-S--
John 5:30	καὶ	καί	C-	--------
John 5:30	ἡ	ὁ	RA	----NSF-
John 5:30	κρίσις	κρίσις	N-	----NSF-
John 5:30	ἡ	ὁ	RA	----NSF-
John 5:30	ἐμὴ	ἐμός	A-	----NSF-
John 5:30	δικαία	δίκαιος	A-	----NSF-
John 5:30	ἐστίν	εἰμί	V-	3PAI-S--
John 5:30	ὅτι	ὅτι	C-	--------
John 5:30	οὐ	οὐ	D-	--------
John 5:30	ζητῶ	ζητέω	V-	1PAI-S--
John 5:30	τὸ	ὁ	RA	----ASN-
John 5:30	θέλημα	θέλημα	N-	----ASN-
John 5:30	τὸ	ὁ	RA	----ASN-
John 5:30	ἐμὸν	ἐμός	A-	----ASN-
John 5:30	ἀλλὰ	ἀλλά	C-	--------
John 5:30	τὸ	ὁ	RA	----ASN-
John 5:30	θέλημα	θέλημα	N-	----ASN-
John 5:30	τοῦ	ὁ	RA	----GSM-
John 5:30	πέμψαντός	πέμπω	V-	-AAPGSM-
John 5:30	με	ἐγώ	RP	----AS--
John 5:31	Ἐὰν	ἐάν	C-	--------
John 5:31	ἐγὼ	ἐγώ	RP	----NS--
John 5:31	μαρτυρῶ	μαρτυρέω	V-	1PAS-S--
John 5:31	περὶ	περί	P-	--------
John 5:31	ἐμαυτοῦ	ἐμαυτοῦ	RP	----GSM-
John 5:31	ἡ	ὁ	RA	----NSF-
John 5:31	μαρτυρία	μαρτυρία	N-	----NSF-
John 5:31	μου	ἐγώ	RP	----GS--
John 5:31	οὐκ	οὐ	D-	--------
John 5:31	ἔστιν	εἰμί	V-	3PAI-S--
John 5:31	ἀληθής	ἀληθής	A-	----NSF-
John 5:32	ἄλλος	ἄλλος	A-	----NSM-
John 5:32	ἐστὶν	εἰμί	V-	3PAI-S--
John 5:32	ὁ	ὁ	RA	----NSM-
John 5:32	μαρτυρῶν	μαρτυρέω	V-	-PAPNSM-
John 5:32	περὶ	περί	P-	--------
John 5:32	ἐμοῦ	ἐγώ	RP	----GS--
John 5:32	καὶ	καί	C-	--------
John 5:32	οἶδα	οἶδα	V-	1XAI-S--
John 5:32	ὅτι	ὅτι	C-	--------
John 5:32	ἀληθής	ἀληθής	A-	----NSF-
John 5:32	ἐστιν	εἰμί	V-	3PAI-S--
John 5:32	ἡ	ὁ	RA	----NSF-
John 5:32	μαρτυρία	μαρτυρία	N-	----NSF-
John 5:32	ἣν	ὅς	RR	----ASF-
John 5:32	μαρτυρεῖ	μαρτυρέω	V-	3PAI-S--
John 5:32	περὶ	περί	P-	--------
John 5:32	ἐμοῦ	ἐγώ	RP	----GS--
John 5:33	ὑμεῖς	σύ	RP	----NP--
John 5:33	ἀπεστάλκατε	ἀποστέλλω	V-	2XAI-P--
John 5:33	πρὸς	πρός	P-	--------
John 5:33	Ἰωάννην	Ἰωάννης	N-	----ASM-
John 5:33	καὶ	καί	C-	--------
John 5:33	μεμαρτύρηκε	μαρτυρέω	V-	3XAI-S--
John 5:33	τῇ	ὁ	RA	----DSF-
John 5:33	ἀληθείᾳ	ἀλήθεια	N-	----DSF-
John 5:34	ἐγὼ	ἐγώ	RP	----NS--
John 5:34	δὲ	δέ	C-	--------
John 5:34	οὐ	οὐ	D-	--------
John 5:34	παρὰ	παρά	P-	--------
John 5:34	ἀνθρώπου	ἄνθρωπος	N-	----GSM-
John 5:34	τὴν	ὁ	RA	----ASF-
John 5:34	μαρτυρίαν	μαρτυρία	N-	----ASF-
John 5:34	λαμβάνω	λαμβάνω	V-	1PAI-S--
John 5:34	ἀλλὰ	ἀλλά	C-	--------
John 5:34	ταῦτα	οὗτος	RD	----APN-
John 5:34	λέγω	λέγω	V-	1PAI-S--
John 5:34	ἵνα	ἵνα	C-	--------
John 5:34	ὑμεῖς	σύ	RP	----NP--
John 5:34	σωθῆτε	σῴζω	V-	2APS-P--
John 5:35	ἐκεῖνος	ἐκεῖνος	RD	----NSM-
John 5:35	ἦν	εἰμί	V-	3IAI-S--
John 5:35	ὁ	ὁ	RA	----NSM-
John 5:35	λύχνος	λύχνος	N-	----NSM-
John 5:35	ὁ	ὁ	RA	----NSM-
John 5:35	καιόμενος	καίω	V-	-PPPNSM-
John 5:35	καὶ	καί	C-	--------
John 5:35	φαίνων	φαίνω	V-	-PAPNSM-
John 5:35	ὑμεῖς	σύ	RP	----NP--
John 5:35	δὲ	δέ	C-	--------
John 5:35	ἠθελήσατε	θέλω	V-	2AAI-P--
John 5:35	ἀγαλλιαθῆναι	ἀγαλλιάω	V-	-APN----
John 5:35	πρὸς	πρός	P-	--------
John 5:35	ὥραν	ὥρα	N-	----ASF-
John 5:35	ἐν	ἐν	P-	--------
John 5:35	τῷ	ὁ	RA	----DSN-
John 5:35	φωτὶ	φῶς	N-	----DSN-
John 5:35	αὐτοῦ	αὐτός	RP	----GSM-
John 5:36	ἐγὼ	ἐγώ	RP	----NS--
John 5:36	δὲ	δέ	C-	--------
John 5:36	ἔχω	ἔχω	V-	1PAI-S--
John 5:36	τὴν	ὁ	RA	----ASF-
John 5:36	μαρτυρίαν	μαρτυρία	N-	----ASF-
John 5:36	μείζω	μέγας	A-	----APNC
John 5:36	τοῦ	ὁ	RA	----GSM-
John 5:36	Ἰωάννου	Ἰωάννης	N-	----GSM-
John 5:36	τὰ	ὁ	RA	----NPN-
John 5:36	γὰρ	γάρ	C-	--------
John 5:36	ἔργα	ἔργον	N-	----NPN-
John 5:36	ἃ	ὅς	RR	----APN-
John 5:36	δέδωκέν	δίδωμι	V-	3XAI-S--
John 5:36	μοι	ἐγώ	RP	----DS--
John 5:36	ὁ	ὁ	RA	----NSM-
John 5:36	πατὴρ	πατήρ	N-	----NSM-
John 5:36	ἵνα	ἵνα	C-	--------
John 5:36	τελειώσω	τελειόω	V-	1AAS-S--
John 5:36	αὐτά	αὐτός	RP	----APN-
John 5:36	αὐτὰ	αὐτός	RP	----NPN-
John 5:36	τὰ	ὁ	RA	----NPN-
John 5:36	ἔργα	ἔργον	N-	----NPN-
John 5:36	ἃ	ὅς	RR	----APN-
John 5:36	ποιῶ	ποιέω	V-	1PAI-S--
John 5:36	μαρτυρεῖ	μαρτυρέω	V-	3PAI-S--
John 5:36	περὶ	περί	P-	--------
John 5:36	ἐμοῦ	ἐγώ	RP	----GS--
John 5:36	ὅτι	ὅτι	C-	--------
John 5:36	ὁ	ὁ	RA	----NSM-
John 5:36	πατήρ	πατήρ	N-	----NSM-
John 5:36	με	ἐγώ	RP	----AS--
John 5:36	ἀπέσταλκεν	ἀποστέλλω	V-	3XAI-S--
John 5:37	καὶ	καί	C-	--------
John 5:37	ὁ	ὁ	RA	----NSM-
John 5:37	πέμψας	πέμπω	V-	-AAPNSM-
John 5:37	με	ἐγώ	RP	----AS--
John 5:37	πατὴρ	πατήρ	N-	----NSM-
John 5:37	ἐκεῖνος	ἐκεῖνος	RD	----NSM-
John 5:37	μεμαρτύρηκεν	μαρτυρέω	V-	3XAI-S--
John 5:37	περὶ	περί	P-	--------
John 5:37	ἐμοῦ	ἐγώ	RP	----GS--
John 5:37	οὔτε	οὔτε	C-	--------
John 5:37	φωνὴν	φωνή	N-	----ASF-
John 5:37	αὐτοῦ	αὐτός	RP	----GSM-
John 5:37	πώποτε	πώποτε	D-	--------
John 5:37	ἀκηκόατε	ἀκούω	V-	2XAI-P--
John 5:37	οὔτε	οὔτε	C-	--------
John 5:37	εἶδος	εἶδος	N-	----ASN-
John 5:37	αὐτοῦ	αὐτός	RP	----GSM-
John 5:37	ἑωράκατε	ὁράω	V-	2XAI-P--
John 5:38	καὶ	καί	C-	--------
John 5:38	τὸν	ὁ	RA	----ASM-
John 5:38	λόγον	λόγος	N-	----ASM-
John 5:38	αὐτοῦ	αὐτός	RP	----GSM-
John 5:38	οὐκ	οὐ	D-	--------
John 5:38	ἔχετε	ἔχω	V-	2PAI-P--
John 5:38	ἐν	ἐν	P-	--------
John 5:38	ὑμῖν	σύ	RP	----DP--
John 5:38	μένοντα	μένω	V-	-PAPASM-
John 5:38	ὅτι	ὅτι	C-	--------
John 5:38	ὃν	ὅς	RR	----ASM-
John 5:38	ἀπέστειλεν	ἀποστέλλω	V-	3AAI-S--
John 5:38	ἐκεῖνος	ἐκεῖνος	RD	----NSM-
John 5:38	τούτῳ	οὗτος	RD	----DSM-
John 5:38	ὑμεῖς	σύ	RP	----NP--
John 5:38	οὐ	οὐ	D-	--------
John 5:38	πιστεύετε	πιστεύω	V-	2PAI-P--
John 5:39	Ἐραυνᾶτε	ἐραυνάω	V-	2PAI-P--
John 5:39	τὰς	ὁ	RA	----APF-
John 5:39	γραφάς	γραφή	N-	----APF-
John 5:39	ὅτι	ὅτι	C-	--------
John 5:39	ὑμεῖς	σύ	RP	----NP--
John 5:39	δοκεῖτε	δοκέω	V-	2PAI-P--
John 5:39	ἐν	ἐν	P-	--------
John 5:39	αὐταῖς	αὐτός	RP	----DPF-
John 5:39	ζωὴν	ζωή	N-	----ASF-
John 5:39	αἰώνιον	αἰώνιος	A-	----ASF-
John 5:39	ἔχειν	ἔχω	V-	-PAN----
John 5:39	καὶ	καί	C-	--------
John 5:39	ἐκεῖναί	ἐκεῖνος	RD	----NPF-
John 5:39	εἰσιν	εἰμί	V-	3PAI-P--
John 5:39	αἱ	ὁ	RA	----NPF-
John 5:39	μαρτυροῦσαι	μαρτυρέω	V-	-PAPNPF-
John 5:39	περὶ	περί	P-	--------
John 5:39	ἐμοῦ	ἐγώ	RP	----GS--
John 5:40	καὶ	καί	C-	--------
John 5:40	οὐ	οὐ	D-	--------
John 5:40	θέλετε	θέλω	V-	2PAI-P--
John 5:40	ἐλθεῖν	ἔρχομαι	V-	-AAN----
John 5:40	πρός	πρός	P-	--------
John 5:40	με	ἐγώ	RP	----AS--
John 5:40	ἵνα	ἵνα	C-	--------
John 5:40	ζωὴν	ζωή	N-	----ASF-
John 5:40	ἔχητε	ἔχω	V-	2PAS-P--
John 5:41	δόξαν	δόξα	N-	----ASF-
John 5:41	παρὰ	παρά	P-	--------
John 5:41	ἀνθρώπων	ἄνθρωπος	N-	----GPM-
John 5:41	οὐ	οὐ	D-	--------
John 5:41	λαμβάνω	λαμβάνω	V-	1PAI-S--
John 5:42	ἀλλὰ	ἀλλά	C-	--------
John 5:42	ἔγνωκα	γινώσκω	V-	1XAI-S--
John 5:42	ὑμᾶς	σύ	RP	----AP--
John 5:42	ὅτι	ὅτι	C-	--------
John 5:42	τὴν	ὁ	RA	----ASF-
John 5:42	ἀγάπην	ἀγάπη	N-	----ASF-
John 5:42	τοῦ	ὁ	RA	----GSM-
John 5:42	θεοῦ	θεός	N-	----GSM-
John 5:42	οὐκ	οὐ	D-	--------
John 5:42	ἔχετε	ἔχω	V-	2PAI-P--
John 5:42	ἐν	ἐν	P-	--------
John 5:42	ἑαυτοῖς	ἑαυτοῦ	RP	----DPM-
John 5:43	ἐγὼ	ἐγώ	RP	----NS--
John 5:43	ἐλήλυθα	ἔρχομαι	V-	1XAI-S--
John 5:43	ἐν	ἐν	P-	--------
John 5:43	τῷ	ὁ	RA	----DSN-
John 5:43	ὀνόματι	ὄνομα	N-	----DSN-
John 5:43	τοῦ	ὁ	RA	----GSM-
John 5:43	πατρός	πατήρ	N-	----GSM-
John 5:43	μου	ἐγώ	RP	----GS--
John 5:43	καὶ	καί	C-	--------
John 5:43	οὐ	οὐ	D-	--------
John 5:43	λαμβάνετέ	λαμβάνω	V-	2PAI-P--
John 5:43	με	ἐγώ	RP	----AS--
John 5:43	ἐὰν	ἐάν	C-	--------
John 5:43	ἄλλος	ἄλλος	A-	----NSM-
John 5:43	ἔλθῃ	ἔρχομαι	V-	3AAS-S--
John 5:43	ἐν	ἐν	P-	--------
John 5:43	τῷ	ὁ	RA	----DSN-
John 5:43	ὀνόματι	ὄνομα	N-	----DSN-
John 5:43	τῷ	ὁ	RA	----DSN-
John 5:43	ἰδίῳ	ἴδιος	A-	----DSN-
John 5:43	ἐκεῖνον	ἐκεῖνος	RD	----ASM-
John 5:43	λήμψεσθε	λαμβάνω	V-	2FMI-P--
John 5:44	πῶς	πῶς	D-	--------
John 5:44	δύνασθε	δύναμαι	V-	2PMI-P--
John 5:44	ὑμεῖς	σύ	RP	----NP--
John 5:44	πιστεῦσαι	πιστεύω	V-	-AAN----
John 5:44	δόξαν	δόξα	N-	----ASF-
John 5:44	παρ’	παρά	P-	--------
John 5:44	ἀλλήλων	ἀλλήλων	RP	----GPM-
John 5:44	λαμβάνοντες	λαμβάνω	V-	-PAPNPM-
John 5:44	καὶ	καί	C-	--------
John 5:44	τὴν	ὁ	RA	----ASF-
John 5:44	δόξαν	δόξα	N-	----ASF-
John 5:44	τὴν	ὁ	RA	----ASF-
John 5:44	παρὰ	παρά	P-	--------
John 5:44	τοῦ	ὁ	RA	----GSM-
John 5:44	μόνου	μόνος	A-	----GSM-
John 5:44	θεοῦ	θεός	N-	----GSM-
John 5:44	οὐ	οὐ	D-	--------
John 5:44	ζητεῖτε	ζητέω	V-	2PAI-P--
John 5:45	μὴ	μή	D-	--------
John 5:45	δοκεῖτε	δοκέω	V-	2PAD-P--
John 5:45	ὅτι	ὅτι	C-	--------
John 5:45	ἐγὼ	ἐγώ	RP	----NS--
John 5:45	κατηγορήσω	κατηγορέω	V-	1FAI-S--
John 5:45	ὑμῶν	σύ	RP	----GP--
John 5:45	πρὸς	πρός	P-	--------
John 5:45	τὸν	ὁ	RA	----ASM-
John 5:45	πατέρα	πατήρ	N-	----ASM-
John 5:45	ἔστιν	εἰμί	V-	3PAI-S--
John 5:45	ὁ	ὁ	RA	----NSM-
John 5:45	κατηγορῶν	κατηγορέω	V-	-PAPNSM-
John 5:45	ὑμῶν	σύ	RP	----GP--
John 5:45	Μωϋσῆς	Μωϋσῆς	N-	----NSM-
John 5:45	εἰς	εἰς	P-	--------
John 5:45	ὃν	ὅς	RR	----ASM-
John 5:45	ὑμεῖς	σύ	RP	----NP--
John 5:45	ἠλπίκατε	ἐλπίζω	V-	2XAI-P--
John 5:46	εἰ	εἰ	C-	--------
John 5:46	γὰρ	γάρ	C-	--------
John 5:46	ἐπιστεύετε	πιστεύω	V-	2IAI-P--
John 5:46	Μωϋσεῖ	Μωϋσῆς	N-	----DSM-
John 5:46	ἐπιστεύετε	πιστεύω	V-	2IAI-P--
John 5:46	ἂν	ἄν	X-	--------
John 5:46	ἐμοί	ἐγώ	RP	----DS--
John 5:46	περὶ	περί	P-	--------
John 5:46	γὰρ	γάρ	C-	--------
John 5:46	ἐμοῦ	ἐγώ	RP	----GS--
John 5:46	ἐκεῖνος	ἐκεῖνος	RD	----NSM-
John 5:46	ἔγραψεν	γράφω	V-	3AAI-S--
John 5:47	εἰ	εἰ	C-	--------
John 5:47	δὲ	δέ	C-	--------
John 5:47	τοῖς	ὁ	RA	----DPN-
John 5:47	ἐκείνου	ἐκεῖνος	RD	----GSM-
John 5:47	γράμμασιν	γράμμα	N-	----DPN-
John 5:47	οὐ	οὐ	D-	--------
John 5:47	πιστεύετε	πιστεύω	V-	2PAI-P--
John 5:47	πῶς	πῶς	D-	--------
John 5:47	τοῖς	ὁ	RA	----DPN-
John 5:47	ἐμοῖς	ἐμός	A-	----DPN-
John 5:47	ῥήμασιν	ῥῆμα	N-	----DPN-
John 5:47	πιστεύσετε	πιστεύω	V-	2FAI-P--
John 6:1	Μετὰ	μετά	P-	--------
John 6:1	ταῦτα	οὗτος	RD	----APN-
John 6:1	ἀπῆλθεν	ἀπέρχομαι	V-	3AAI-S--
John 6:1	ὁ	ὁ	RA	----NSM-
John 6:1	Ἰησοῦς	Ἰησοῦς	N-	----NSM-
John 6:1	πέραν	πέραν	P-	--------
John 6:1	τῆς	ὁ	RA	----GSF-
John 6:1	θαλάσσης	θάλασσα	N-	----GSF-
John 6:1	τῆς	ὁ	RA	----GSF-
John 6:1	Γαλιλαίας	Γαλιλαία	N-	----GSF-
John 6:1	τῆς	ὁ	RA	----GSF-
John 6:1	Τιβεριάδος	Τιβεριάς	N-	----GSF-
John 6:2	ἠκολούθει	ἀκολουθέω	V-	3IAI-S--
John 6:2	δὲ	δέ	C-	--------
John 6:2	αὐτῷ	αὐτός	RP	----DSM-
John 6:2	ὄχλος	ὄχλος	N-	----NSM-
John 6:2	πολύς	πολύς	A-	----NSM-
John 6:2	ὅτι	ὅτι	C-	--------
John 6:2	ἐθεώρουν	θεωρέω	V-	3IAI-P--
John 6:2	τὰ	ὁ	RA	----APN-
John 6:2	σημεῖα	σημεῖον	N-	----APN-
John 6:2	ἃ	ὅς	RR	----APN-
John 6:2	ἐποίει	ποιέω	V-	3IAI-S--
John 6:2	ἐπὶ	ἐπί	P-	--------
John 6:2	τῶν	ὁ	RA	----GPM-
John 6:2	ἀσθενούντων	ἀσθενέω	V-	-PAPGPM-
John 6:3	ἀνῆλθεν	ἀνέρχομαι	V-	3AAI-S--
John 6:3	δὲ	δέ	C-	--------
John 6:3	εἰς	εἰς	P-	--------
John 6:3	τὸ	ὁ	RA	----ASN-
John 6:3	ὄρος	ὄρος	N-	----ASN-
John 6:3	Ἰησοῦς	Ἰησοῦς	N-	----NSM-
John 6:3	καὶ	καί	C-	--------
John 6:3	ἐκεῖ	ἐκεῖ	D-	--------
John 6:3	ἐκάθητο	κάθημαι	V-	3IMI-S--
John 6:3	μετὰ	μετά	P-	--------
John 6:3	τῶν	ὁ	RA	----GPM-
John 6:3	μαθητῶν	μαθητής	N-	----GPM-
John 6:3	αὐτοῦ	αὐτός	RP	----GSM-
John 6:4	ἦν	εἰμί	V-	3IAI-S--
John 6:4	δὲ	δέ	C-	--------
John 6:4	ἐγγὺς	ἐγγύς	D-	--------
John 6:4	τὸ	ὁ	RA	----NSN-
John 6:4	πάσχα	πάσχα	N-	----NSN-
John 6:4	ἡ	ὁ	RA	----NSF-
John 6:4	ἑορτὴ	ἑορτή	N-	----NSF-
John 6:4	τῶν	ὁ	RA	----GPM-
John 6:4	Ἰουδαίων	Ἰουδαῖος	A-	----GPM-
John 6:5	ἐπάρας	ἐπαίρω	V-	-AAPNSM-
John 6:5	οὖν	οὖν	C-	--------
John 6:5	τοὺς	ὁ	RA	----APM-
John 6:5	ὀφθαλμοὺς	ὀφθαλμός	N-	----APM-
John 6:5	ὁ	ὁ	RA	----NSM-
John 6:5	Ἰησοῦς	Ἰησοῦς	N-	----NSM-
John 6:5	καὶ	καί	C-	--------
John 6:5	θεασάμενος	θεάομαι	V-	-AMPNSM-
John 6:5	ὅτι	ὅτι	C-	--------
John 6:5	πολὺς	πολύς	A-	----NSM-
John 6:5	ὄχλος	ὄχλος	N-	----NSM-
John 6:5	ἔρχεται	ἔρχομαι	V-	3PMI-S--
John 6:5	πρὸς	πρός	P-	--------
John 6:5	αὐτὸν	αὐτός	RP	----ASM-
John 6:5	λέγει	λέγω	V-	3PAI-S--
John 6:5	πρὸς	πρός	P-	--------
John 6:5	Φίλιππον	Φίλιππος	N-	----ASM-
John 6:5	Πόθεν	πόθεν	D-	--------
John 6:5	ἀγοράσωμεν	ἀγοράζω	V-	1AAS-P--
John 6:5	ἄρτους	ἄρτος	N-	----APM-
John 6:5	ἵνα	ἵνα	C-	--------
John 6:5	φάγωσιν	ἐσθίω	V-	3AAS-P--
John 6:5	οὗτοι	οὗτος	RD	----NPM-
John 6:6	τοῦτο	οὗτος	RD	----ASN-
John 6:6	δὲ	δέ	C-	--------
John 6:6	ἔλεγεν	λέγω	V-	3IAI-S--
John 6:6	πειράζων	πειράζω	V-	-PAPNSM-
John 6:6	αὐτόν	αὐτός	RP	----ASM-
John 6:6	αὐτὸς	αὐτός	RP	----NSM-
John 6:6	γὰρ	γάρ	C-	--------
John 6:6	ᾔδει	οἶδα	V-	3YAI-S--
John 6:6	τί	τίς	RI	----ASN-
John 6:6	ἔμελλεν	μέλλω	V-	3IAI-S--
John 6:6	ποιεῖν	ποιέω	V-	-PAN----
John 6:7	ἀπεκρίθη	ἀποκρίνομαι	V-	3API-S--
John 6:7	αὐτῷ	αὐτός	RP	----DSM-
John 6:7	Φίλιππος	Φίλιππος	N-	----NSM-
John 6:7	Διακοσίων	διακόσιοι	A-	----GPN-
John 6:7	δηναρίων	δηνάριον	N-	----GPN-
John 6:7	ἄρτοι	ἄρτος	N-	----NPM-
John 6:7	οὐκ	οὐ	D-	--------
John 6:7	ἀρκοῦσιν	ἀρκέω	V-	3PAI-P--
John 6:7	αὐτοῖς	αὐτός	RP	----DPM-
John 6:7	ἵνα	ἵνα	C-	--------
John 6:7	ἕκαστος	ἕκαστος	A-	----NSM-
John 6:7	βραχύ	βραχύς	A-	----ASN-
John 6:7	τι	τις	RI	----ASN-
John 6:7	λάβῃ	λαμβάνω	V-	3AAS-S--
John 6:8	λέγει	λέγω	V-	3PAI-S--
John 6:8	αὐτῷ	αὐτός	RP	----DSM-
John 6:8	εἷς	εἷς	A-	----NSM-
John 6:8	ἐκ	ἐκ	P-	--------
John 6:8	τῶν	ὁ	RA	----GPM-
John 6:8	μαθητῶν	μαθητής	N-	----GPM-
John 6:8	αὐτοῦ	αὐτός	RP	----GSM-
John 6:8	Ἀνδρέας	Ἀνδρέας	N-	----NSM-
John 6:8	ὁ	ὁ	RA	----NSM-
John 6:8	ἀδελφὸς	ἀδελφός	N-	----NSM-
John 6:8	Σίμωνος	Σίμων	N-	----GSM-
John 6:8	Πέτρου	Πέτρος	N-	----GSM-
John 6:9	Ἔστιν	εἰμί	V-	3PAI-S--
John 6:9	παιδάριον	παιδάριον	N-	----NSN-
John 6:9	ὧδε	ὧδε	D-	--------
John 6:9	ὃς	ὅς	RR	----NSM-
John 6:9	ἔχει	ἔχω	V-	3PAI-S--
John 6:9	πέντε	πέντε	A-	----APM-
John 6:9	ἄρτους	ἄρτος	N-	----APM-
John 6:9	κριθίνους	κρίθινος	A-	----APM-
John 6:9	καὶ	καί	C-	--------
John 6:9	δύο	δύο	A-	----APN-
John 6:9	ὀψάρια	ὀψάριον	N-	----APN-
John 6:9	ἀλλὰ	ἀλλά	C-	--------
John 6:9	ταῦτα	οὗτος	RD	----NPN-
John 6:9	τί	τίς	RI	----NSN-
John 6:9	ἐστιν	εἰμί	V-	3PAI-S--
John 6:9	εἰς	εἰς	P-	--------
John 6:9	τοσούτους	τοσοῦτος	RD	----APM-
John 6:10	εἶπεν	λέγω	V-	3AAI-S--
John 6:10	ὁ	ὁ	RA	----NSM-
John 6:10	Ἰησοῦς	Ἰησοῦς	N-	----NSM-
John 6:10	Ποιήσατε	ποιέω	V-	2AAD-P--
John 6:10	τοὺς	ὁ	RA	----APM-
John 6:10	ἀνθρώπους	ἄνθρωπος	N-	----APM-
John 6:10	ἀναπεσεῖν	ἀναπίπτω	V-	-AAN----
John 6:10	ἦν	εἰμί	V-	3IAI-S--
John 6:10	δὲ	δέ	C-	--------
John 6:10	χόρτος	χόρτος	N-	----NSM-
John 6:10	πολὺς	πολύς	A-	----NSM-
John 6:10	ἐν	ἐν	P-	--------
John 6:10	τῷ	ὁ	RA	----DSM-
John 6:10	τόπῳ	τόπος	N-	----DSM-
John 6:10	ἀνέπεσαν	ἀναπίπτω	V-	3AAI-P--
John 6:10	οὖν	οὖν	C-	--------
John 6:10	οἱ	ὁ	RA	----NPM-
John 6:10	ἄνδρες	ἀνήρ	N-	----NPM-
John 6:10	τὸν	ὁ	RA	----ASM-
John 6:10	ἀριθμὸν	ἀριθμός	N-	----ASM-
John 6:10	ὡς	ὡς	D-	--------
John 6:10	πεντακισχίλιοι	πεντακισχίλιοι	A-	----NPM-
John 6:11	ἔλαβεν	λαμβάνω	V-	3AAI-S--
John 6:11	οὖν	οὖν	C-	--------
John 6:11	τοὺς	ὁ	RA	----APM-
John 6:11	ἄρτους	ἄρτος	N-	----APM-
John 6:11	ὁ	ὁ	RA	----NSM-
John 6:11	Ἰησοῦς	Ἰησοῦς	N-	----NSM-
John 6:11	καὶ	καί	C-	--------
John 6:11	εὐχαριστήσας	εὐχαριστέω	V-	-AAPNSM-
John 6:11	διέδωκεν	διαδίδωμι	V-	3AAI-S--
John 6:11	τοῖς	ὁ	RA	----DPM-
John 6:11	ἀνακειμένοις	ἀνάκειμαι	V-	-PMPDPM-
John 6:11	ὁμοίως	ὁμοίως	D-	--------
John 6:11	καὶ	καί	C-	--------
John 6:11	ἐκ	ἐκ	P-	--------
John 6:11	τῶν	ὁ	RA	----GPN-
John 6:11	ὀψαρίων	ὀψάριον	N-	----GPN-
John 6:11	ὅσον	ὅσος	RR	----ASN-
John 6:11	ἤθελον	θέλω	V-	3IAI-P--
John 6:12	ὡς	ὡς	C-	--------
John 6:12	δὲ	δέ	C-	--------
John 6:12	ἐνεπλήσθησαν	ἐμπίμπλημι	V-	3API-P--
John 6:12	λέγει	λέγω	V-	3PAI-S--
John 6:12	τοῖς	ὁ	RA	----DPM-
John 6:12	μαθηταῖς	μαθητής	N-	----DPM-
John 6:12	αὐτοῦ	αὐτός	RP	----GSM-
John 6:12	Συναγάγετε	συνάγω	V-	2AAD-P--
John 6:12	τὰ	ὁ	RA	----APN-
John 6:12	περισσεύσαντα	περισσεύω	V-	-AAPAPN-
John 6:12	κλάσματα	κλάσμα	N-	----APN-
John 6:12	ἵνα	ἵνα	C-	--------
John 6:12	μή	μή	D-	--------
John 6:12	τι	τις	RI	----NSN-
John 6:12	ἀπόληται	ἀπόλλυμι	V-	3AMS-S--
John 6:13	συνήγαγον	συνάγω	V-	3AAI-P--
John 6:13	οὖν	οὖν	C-	--------
John 6:13	καὶ	καί	C-	--------
John 6:13	ἐγέμισαν	γεμίζω	V-	3AAI-P--
John 6:13	δώδεκα	δώδεκα	A-	----APM-
John 6:13	κοφίνους	κόφινος	N-	----APM-
John 6:13	κλασμάτων	κλάσμα	N-	----GPN-
John 6:13	ἐκ	ἐκ	P-	--------
John 6:13	τῶν	ὁ	RA	----GPM-
John 6:13	πέντε	πέντε	A-	----GPM-
John 6:13	ἄρτων	ἄρτος	N-	----GPM-
John 6:13	τῶν	ὁ	RA	----GPM-
John 6:13	κριθίνων	κρίθινος	A-	----GPM-
John 6:13	ἃ	ὅς	RR	----NPN-
John 6:13	ἐπερίσσευσαν	περισσεύω	V-	3AAI-P--
John 6:13	τοῖς	ὁ	RA	----DPM-
John 6:13	βεβρωκόσιν	βιβρώσκω	V-	-XAPDPM-
John 6:14	οἱ	ὁ	RA	----NPM-
John 6:14	οὖν	οὖν	C-	--------
John 6:14	ἄνθρωποι	ἄνθρωπος	N-	----NPM-
John 6:14	ἰδόντες	ὁράω	V-	-AAPNPM-
John 6:14	ὃ	ὅς	RR	----ASN-
John 6:14	ἐποίησεν	ποιέω	V-	3AAI-S--
John 6:14	σημεῖον	σημεῖον	N-	----ASN-
John 6:14	ἔλεγον	λέγω	V-	3IAI-P--
John 6:14	ὅτι	ὅτι	C-	--------
John 6:14	Οὗτός	οὗτος	RD	----NSM-
John 6:14	ἐστιν	εἰμί	V-	3PAI-S--
John 6:14	ἀληθῶς	ἀληθῶς	D-	--------
John 6:14	ὁ	ὁ	RA	----NSM-
John 6:14	προφήτης	προφήτης	N-	----NSM-
John 6:14	ὁ	ὁ	RA	----NSM-
John 6:14	ἐρχόμενος	ἔρχομαι	V-	-PMPNSM-
John 6:14	εἰς	εἰς	P-	--------
John 6:14	τὸν	ὁ	RA	----ASM-
John 6:14	κόσμον	κόσμος	N-	----ASM-
John 6:15	Ἰησοῦς	Ἰησοῦς	N-	----NSM-
John 6:15	οὖν	οὖν	C-	--------
John 6:15	γνοὺς	γινώσκω	V-	-AAPNSM-
John 6:15	ὅτι	ὅτι	C-	--------
John 6:15	μέλλουσιν	μέλλω	V-	3PAI-P--
John 6:15	ἔρχεσθαι	ἔρχομαι	V-	-PMN----
John 6:15	καὶ	καί	C-	--------
John 6:15	ἁρπάζειν	ἁρπάζω	V-	-PAN----
John 6:15	αὐτὸν	αὐτός	RP	----ASM-
John 6:15	ἵνα	ἵνα	C-	--------
John 6:15	ποιήσωσιν	ποιέω	V-	3AAS-P--
John 6:15	βασιλέα	βασιλεύς	N-	----ASM-
John 6:15	ἀνεχώρησεν	ἀναχωρέω	V-	3AAI-S--
John 6:15	πάλιν	πάλιν	D-	--------
John 6:15	εἰς	εἰς	P-	--------
John 6:15	τὸ	ὁ	RA	----ASN-
John 6:15	ὄρος	ὄρος	N-	----ASN-
John 6:15	αὐτὸς	αὐτός	RP	----NSM-
John 6:15	μόνος	μόνος	A-	----NSM-
John 6:16	Ὡς	ὡς	C-	--------
John 6:16	δὲ	δέ	C-	--------
John 6:16	ὀψία	ὀψία	A-	----NSF-
John 6:16	ἐγένετο	γίνομαι	V-	3AMI-S--
John 6:16	κατέβησαν	καταβαίνω	V-	3AAI-P--
John 6:16	οἱ	ὁ	RA	----NPM-
John 6:16	μαθηταὶ	μαθητής	N-	----NPM-
John 6:16	αὐτοῦ	αὐτός	RP	----GSM-
John 6:16	ἐπὶ	ἐπί	P-	--------
John 6:16	τὴν	ὁ	RA	----ASF-
John 6:16	θάλασσαν	θάλασσα	N-	----ASF-
John 6:17	καὶ	καί	C-	--------
John 6:17	ἐμβάντες	ἐμβαίνω	V-	-AAPNPM-
John 6:17	εἰς	εἰς	P-	--------
John 6:17	πλοῖον	πλοῖον	N-	----ASN-
John 6:17	ἤρχοντο	ἄρχω	V-	3IMI-P--
John 6:17	πέραν	πέραν	P-	--------
John 6:17	τῆς	ὁ	RA	----GSF-
John 6:17	θαλάσσης	θάλασσα	N-	----GSF-
John 6:17	εἰς	εἰς	P-	--------
John 6:17	Καφαρναούμ	Καφαρναούμ	N-	----ASF-
John 6:17	καὶ	καί	C-	--------
John 6:17	σκοτία	σκοτία	N-	----NSF-
John 6:17	ἤδη	ἤδη	D-	--------
John 6:17	ἐγεγόνει	γίνομαι	V-	3YAI-S--
John 6:17	καὶ	καί	C-	--------
John 6:17	οὔπω	οὔπω	D-	--------
John 6:17	ἐληλύθει	ἔρχομαι	V-	3YAI-S--
John 6:17	πρὸς	πρός	P-	--------
John 6:17	αὐτοὺς	αὐτός	RP	----APM-
John 6:17	ὁ	ὁ	RA	----NSM-
John 6:17	Ἰησοῦς	Ἰησοῦς	N-	----NSM-
John 6:18	ἥ	ὁ	RA	----NSF-
John 6:18	τε	τέ	C-	--------
John 6:18	θάλασσα	θάλασσα	N-	----NSF-
John 6:18	ἀνέμου	ἄνεμος	N-	----GSM-
John 6:18	μεγάλου	μέγας	A-	----GSM-
John 6:18	πνέοντος	πνέω	V-	-PAPGSM-
John 6:18	διεγείρετο	διεγείρω	V-	3IPI-S--
John 6:19	ἐληλακότες	ἐλαύνω	V-	-XAPNPM-
John 6:19	οὖν	οὖν	C-	--------
John 6:19	ὡς	ὡς	D-	--------
John 6:19	σταδίους	στάδιος	N-	----APM-
John 6:19	εἴκοσι	εἴκοσι(ν)	A-	----APM-
John 6:19	πέντε	πέντε	A-	----APM-
John 6:19	ἢ	ἤ	C-	--------
John 6:19	τριάκοντα	τριάκοντα	A-	----APM-
John 6:19	θεωροῦσιν	θεωρέω	V-	3PAI-P--
John 6:19	τὸν	ὁ	RA	----ASM-
John 6:19	Ἰησοῦν	Ἰησοῦς	N-	----ASM-
John 6:19	περιπατοῦντα	περιπατέω	V-	-PAPASM-
John 6:19	ἐπὶ	ἐπί	P-	--------
John 6:19	τῆς	ὁ	RA	----GSF-
John 6:19	θαλάσσης	θάλασσα	N-	----GSF-
John 6:19	καὶ	καί	C-	--------
John 6:19	ἐγγὺς	ἐγγύς	P-	--------
John 6:19	τοῦ	ὁ	RA	----GSN-
John 6:19	πλοίου	πλοῖον	N-	----GSN-
John 6:19	γινόμενον	γίνομαι	V-	-PMPASM-
John 6:19	καὶ	καί	C-	--------
John 6:19	ἐφοβήθησαν	φοβέομαι	V-	3API-P--
John 6:20	ὁ	ὁ	RA	----NSM-
John 6:20	δὲ	δέ	C-	--------
John 6:20	λέγει	λέγω	V-	3PAI-S--
John 6:20	αὐτοῖς	αὐτός	RP	----DPM-
John 6:20	Ἐγώ	ἐγώ	RP	----NS--
John 6:20	εἰμι	εἰμί	V-	1PAI-S--
John 6:20	μὴ	μή	D-	--------
John 6:20	φοβεῖσθε	φοβέομαι	V-	2PMD-P--
John 6:21	ἤθελον	θέλω	V-	3IAI-P--
John 6:21	οὖν	οὖν	C-	--------
John 6:21	λαβεῖν	λαμβάνω	V-	-AAN----
John 6:21	αὐτὸν	αὐτός	RP	----ASM-
John 6:21	εἰς	εἰς	P-	--------
John 6:21	τὸ	ὁ	RA	----ASN-
John 6:21	πλοῖον	πλοῖον	N-	----ASN-
John 6:21	καὶ	καί	C-	--------
John 6:21	εὐθέως	εὐθέως	D-	--------
John 6:21	ἐγένετο	γίνομαι	V-	3AMI-S--
John 6:21	τὸ	ὁ	RA	----NSN-
John 6:21	πλοῖον	πλοῖον	N-	----NSN-
John 6:21	ἐπὶ	ἐπί	P-	--------
John 6:21	τῆς	ὁ	RA	----GSF-
John 6:21	γῆς	γῆ	N-	----GSF-
John 6:21	εἰς	εἰς	P-	--------
John 6:21	ἣν	ὅς	RR	----ASF-
John 6:21	ὑπῆγον	ὑπάγω	V-	3IAI-P--
John 6:22	Τῇ	ὁ	RA	----DSF-
John 6:22	ἐπαύριον	ἐπαύριον	D-	--------
John 6:22	ὁ	ὁ	RA	----NSM-
John 6:22	ὄχλος	ὄχλος	N-	----NSM-
John 6:22	ὁ	ὁ	RA	----NSM-
John 6:22	ἑστηκὼς	ἵστημι	V-	-XAPNSM-
John 6:22	πέραν	πέραν	P-	--------
John 6:22	τῆς	ὁ	RA	----GSF-
John 6:22	θαλάσσης	θάλασσα	N-	----GSF-
John 6:22	εἶδον	ὁράω	V-	3AAI-P--
John 6:22	ὅτι	ὅτι	C-	--------
John 6:22	πλοιάριον	πλοιάριον	N-	----NSN-
John 6:22	ἄλλο	ἄλλος	A-	----NSN-
John 6:22	οὐκ	οὐ	D-	--------
John 6:22	ἦν	εἰμί	V-	3IAI-S--
John 6:22	ἐκεῖ	ἐκεῖ	D-	--------
John 6:22	εἰ	εἰ	C-	--------
John 6:22	μὴ	μή	D-	--------
John 6:22	ἕν	εἷς	A-	----NSN-
John 6:22	καὶ	καί	C-	--------
John 6:22	ὅτι	ὅτι	C-	--------
John 6:22	οὐ	οὐ	D-	--------
John 6:22	συνεισῆλθεν	συνεισέρχομαι	V-	3AAI-S--
John 6:22	τοῖς	ὁ	RA	----DPM-
John 6:22	μαθηταῖς	μαθητής	N-	----DPM-
John 6:22	αὐτοῦ	αὐτός	RP	----GSM-
John 6:22	ὁ	ὁ	RA	----NSM-
John 6:22	Ἰησοῦς	Ἰησοῦς	N-	----NSM-
John 6:22	εἰς	εἰς	P-	--------
John 6:22	τὸ	ὁ	RA	----ASN-
John 6:22	πλοῖον	πλοῖον	N-	----ASN-
John 6:22	ἀλλὰ	ἀλλά	C-	--------
John 6:22	μόνοι	μόνος	A-	----NPM-
John 6:22	οἱ	ὁ	RA	----NPM-
John 6:22	μαθηταὶ	μαθητής	N-	----NPM-
John 6:22	αὐτοῦ	αὐτός	RP	----GSM-
John 6:22	ἀπῆλθον	ἀπέρχομαι	V-	3AAI-P--
John 6:23	ἀλλὰ	ἀλλά	C-	--------
John 6:23	ἦλθεν	ἔρχομαι	V-	3AAI-S--
John 6:23	πλοιάρια	πλοιάριον	N-	----NPN-
John 6:23	ἐκ	ἐκ	P-	--------
John 6:23	Τιβεριάδος	Τιβεριάς	N-	----GSF-
John 6:23	ἐγγὺς	ἐγγύς	P-	--------
John 6:23	τοῦ	ὁ	RA	----GSM-
John 6:23	τόπου	τόπος	N-	----GSM-
John 6:23	ὅπου	ὅπου	D-	--------
John 6:23	ἔφαγον	ἐσθίω	V-	3AAI-P--
John 6:23	τὸν	ὁ	RA	----ASM-
John 6:23	ἄρτον	ἄρτος	N-	----ASM-
John 6:23	εὐχαριστήσαντος	εὐχαριστέω	V-	-AAPGSM-
John 6:23	τοῦ	ὁ	RA	----GSM-
John 6:23	κυρίου	κύριος	N-	----GSM-
John 6:24	ὅτε	ὅτε	C-	--------
John 6:24	οὖν	οὖν	C-	--------
John 6:24	εἶδεν	ὁράω	V-	3AAI-S--
John 6:24	ὁ	ὁ	RA	----NSM-
John 6:24	ὄχλος	ὄχλος	N-	----NSM-
John 6:24	ὅτι	ὅτι	C-	--------
John 6:24	Ἰησοῦς	Ἰησοῦς	N-	----NSM-
John 6:24	οὐκ	οὐ	D-	--------
John 6:24	ἔστιν	εἰμί	V-	3PAI-S--
John 6:24	ἐκεῖ	ἐκεῖ	D-	--------
John 6:24	οὐδὲ	οὐδέ	C-	--------
John 6:24	οἱ	ὁ	RA	----NPM-
John 6:24	μαθηταὶ	μαθητής	N-	----NPM-
John 6:24	αὐτοῦ	αὐτός	RP	----GSM-
John 6:24	ἐνέβησαν	ἐμβαίνω	V-	3AAI-P--
John 6:24	αὐτοὶ	αὐτός	RP	----NPM-
John 6:24	εἰς	εἰς	P-	--------
John 6:24	τὰ	ὁ	RA	----APN-
John 6:24	πλοιάρια	πλοιάριον	N-	----APN-
John 6:24	καὶ	καί	C-	--------
John 6:24	ἦλθον	ἔρχομαι	V-	3AAI-P--
John 6:24	εἰς	εἰς	P-	--------
John 6:24	Καφαρναοὺμ	Καφαρναούμ	N-	----ASF-
John 6:24	ζητοῦντες	ζητέω	V-	-PAPNPM-
John 6:24	τὸν	ὁ	RA	----ASM-
John 6:24	Ἰησοῦν	Ἰησοῦς	N-	----ASM-
John 6:25	Καὶ	καί	C-	--------
John 6:25	εὑρόντες	εὑρίσκω	V-	-AAPNPM-
John 6:25	αὐτὸν	αὐτός	RP	----ASM-
John 6:25	πέραν	πέραν	P-	--------
John 6:25	τῆς	ὁ	RA	----GSF-
John 6:25	θαλάσσης	θάλασσα	N-	----GSF-
John 6:25	εἶπον	λέγω	V-	3AAI-P--
John 6:25	αὐτῷ	αὐτός	RP	----DSM-
John 6:25	Ῥαββί	ῥαββί	N-	----VSM-
John 6:25	πότε	πότε	D-	--------
John 6:25	ὧδε	ὧδε	D-	--------
John 6:25	γέγονας	γίνομαι	V-	2XAI-S--
John 6:26	ἀπεκρίθη	ἀποκρίνομαι	V-	3API-S--
John 6:26	αὐτοῖς	αὐτός	RP	----DPM-
John 6:26	ὁ	ὁ	RA	----NSM-
John 6:26	Ἰησοῦς	Ἰησοῦς	N-	----NSM-
John 6:26	καὶ	καί	C-	--------
John 6:26	εἶπεν	λέγω	V-	3AAI-S--
John 6:26	Ἀμὴν	ἀμήν	X-	--------
John 6:26	ἀμὴν	ἀμήν	X-	--------
John 6:26	λέγω	λέγω	V-	1PAI-S--
John 6:26	ὑμῖν	σύ	RP	----DP--
John 6:26	ζητεῖτέ	ζητέω	V-	2PAI-P--
John 6:26	με	ἐγώ	RP	----AS--
John 6:26	οὐχ	οὐ	D-	--------
John 6:26	ὅτι	ὅτι	C-	--------
John 6:26	εἴδετε	ὁράω	V-	2AAI-P--
John 6:26	σημεῖα	σημεῖον	N-	----APN-
John 6:26	ἀλλ’	ἀλλά	C-	--------
John 6:26	ὅτι	ὅτι	C-	--------
John 6:26	ἐφάγετε	ἐσθίω	V-	2AAI-P--
John 6:26	ἐκ	ἐκ	P-	--------
John 6:26	τῶν	ὁ	RA	----GPM-
John 6:26	ἄρτων	ἄρτος	N-	----GPM-
John 6:26	καὶ	καί	C-	--------
John 6:26	ἐχορτάσθητε	χορτάζω	V-	2API-P--
John 6:27	ἐργάζεσθε	ἐργάζομαι	V-	2PMD-P--
John 6:27	μὴ	μή	D-	--------
John 6:27	τὴν	ὁ	RA	----ASF-
John 6:27	βρῶσιν	βρῶσις	N-	----ASF-
John 6:27	τὴν	ὁ	RA	----ASF-
John 6:27	ἀπολλυμένην	ἀπόλλυμι	V-	-PMPASF-
John 6:27	ἀλλὰ	ἀλλά	C-	--------
John 6:27	τὴν	ὁ	RA	----ASF-
John 6:27	βρῶσιν	βρῶσις	N-	----ASF-
John 6:27	τὴν	ὁ	RA	----ASF-
John 6:27	μένουσαν	μένω	V-	-PAPASF-
John 6:27	εἰς	εἰς	P-	--------
John 6:27	ζωὴν	ζωή	N-	----ASF-
John 6:27	αἰώνιον	αἰώνιος	A-	----ASF-
John 6:27	ἣν	ὅς	RR	----ASF-
John 6:27	ὁ	ὁ	RA	----NSM-
John 6:27	υἱὸς	υἱός	N-	----NSM-
John 6:27	τοῦ	ὁ	RA	----GSM-
John 6:27	ἀνθρώπου	ἄνθρωπος	N-	----GSM-
John 6:27	ὑμῖν	σύ	RP	----DP--
John 6:27	δώσει	δίδωμι	V-	3FAI-S--
John 6:27	τοῦτον	οὗτος	RD	----ASM-
John 6:27	γὰρ	γάρ	C-	--------
John 6:27	ὁ	ὁ	RA	----NSM-
John 6:27	πατὴρ	πατήρ	N-	----NSM-
John 6:27	ἐσφράγισεν	σφραγίζω	V-	3AAI-S--
John 6:27	ὁ	ὁ	RA	----NSM-
John 6:27	θεός	θεός	N-	----NSM-
John 6:28	εἶπον	λέγω	V-	3AAI-P--
John 6:28	οὖν	οὖν	C-	--------
John 6:28	πρὸς	πρός	P-	--------
John 6:28	αὐτόν	αὐτός	RP	----ASM-
John 6:28	Τί	τίς	RI	----ASN-
John 6:28	ποιῶμεν	ποιέω	V-	1PAS-P--
John 6:28	ἵνα	ἵνα	C-	--------
John 6:28	ἐργαζώμεθα	ἐργάζομαι	V-	1PMS-P--
John 6:28	τὰ	ὁ	RA	----APN-
John 6:28	ἔργα	ἔργον	N-	----APN-
John 6:28	τοῦ	ὁ	RA	----GSM-
John 6:28	θεοῦ	θεός	N-	----GSM-
John 6:29	ἀπεκρίθη	ἀποκρίνομαι	V-	3API-S--
John 6:29	ὁ	ὁ	RA	----NSM-
John 6:29	Ἰησοῦς	Ἰησοῦς	N-	----NSM-
John 6:29	καὶ	καί	C-	--------
John 6:29	εἶπεν	λέγω	V-	3AAI-S--
John 6:29	αὐτοῖς	αὐτός	RP	----DPM-
John 6:29	Τοῦτό	οὗτος	RD	----NSN-
John 6:29	ἐστιν	εἰμί	V-	3PAI-S--
John 6:29	τὸ	ὁ	RA	----NSN-
John 6:29	ἔργον	ἔργον	N-	----NSN-
John 6:29	τοῦ	ὁ	RA	----GSM-
John 6:29	θεοῦ	θεός	N-	----GSM-
John 6:29	ἵνα	ἵνα	D-	--------
John 6:29	πιστεύητε	πιστεύω	V-	2PAS-P--
John 6:29	εἰς	εἰς	P-	--------
John 6:29	ὃν	ὅς	RR	----ASM-
John 6:29	ἀπέστειλεν	ἀποστέλλω	V-	3AAI-S--
John 6:29	ἐκεῖνος	ἐκεῖνος	RD	----NSM-
John 6:30	εἶπον	λέγω	V-	3AAI-P--
John 6:30	οὖν	οὖν	C-	--------
John 6:30	αὐτῷ	αὐτός	RP	----DSM-
John 6:30	Τί	τίς	RI	----ASN-
John 6:30	οὖν	οὖν	C-	--------
John 6:30	ποιεῖς	ποιέω	V-	2PAI-S--
John 6:30	σὺ	σύ	RP	----NS--
John 6:30	σημεῖον	σημεῖον	N-	----ASN-
John 6:30	ἵνα	ἵνα	C-	--------
John 6:30	ἴδωμεν	ὁράω	V-	1AAS-P--
John 6:30	καὶ	καί	C-	--------
John 6:30	πιστεύσωμέν	πιστεύω	V-	1AAS-P--
John 6:30	σοι	σύ	RP	----DS--
John 6:30	τί	τίς	RI	----ASN-
John 6:30	ἐργάζῃ	ἐργάζομαι	V-	2PMI-S--
John 6:31	οἱ	ὁ	RA	----NPM-
John 6:31	πατέρες	πατήρ	N-	----NPM-
John 6:31	ἡμῶν	ἐγώ	RP	----GP--
John 6:31	τὸ	ὁ	RA	----ASN-
John 6:31	μάννα	μάννα	N-	----ASN-
John 6:31	ἔφαγον	ἐσθίω	V-	3AAI-P--
John 6:31	ἐν	ἐν	P-	--------
John 6:31	τῇ	ὁ	RA	----DSF-
John 6:31	ἐρήμῳ	ἔρημος	A-	----DSF-
John 6:31	καθώς	καθώς	C-	--------
John 6:31	ἐστιν	εἰμί	V-	3PAI-S--
John 6:31	γεγραμμένον	γράφω	V-	-XPPNSN-
John 6:31	Ἄρτον	ἄρτος	N-	----ASM-
John 6:31	ἐκ	ἐκ	P-	--------
John 6:31	τοῦ	ὁ	RA	----GSM-
John 6:31	οὐρανοῦ	οὐρανός	N-	----GSM-
John 6:31	ἔδωκεν	δίδωμι	V-	3AAI-S--
John 6:31	αὐτοῖς	αὐτός	RP	----DPM-
John 6:31	φαγεῖν	ἐσθίω	V-	-AAN----
John 6:32	εἶπεν	λέγω	V-	3AAI-S--
John 6:32	οὖν	οὖν	C-	--------
John 6:32	αὐτοῖς	αὐτός	RP	----DPM-
John 6:32	ὁ	ὁ	RA	----NSM-
John 6:32	Ἰησοῦς	Ἰησοῦς	N-	----NSM-
John 6:32	Ἀμὴν	ἀμήν	X-	--------
John 6:32	ἀμὴν	ἀμήν	X-	--------
John 6:32	λέγω	λέγω	V-	1PAI-S--
John 6:32	ὑμῖν	σύ	RP	----DP--
John 6:32	οὐ	οὐ	D-	--------
John 6:32	Μωϋσῆς	Μωϋσῆς	N-	----NSM-
John 6:32	δέδωκεν	δίδωμι	V-	3XAI-S--
John 6:32	ὑμῖν	σύ	RP	----DP--
John 6:32	τὸν	ὁ	RA	----ASM-
John 6:32	ἄρτον	ἄρτος	N-	----ASM-
John 6:32	ἐκ	ἐκ	P-	--------
John 6:32	τοῦ	ὁ	RA	----GSM-
John 6:32	οὐρανοῦ	οὐρανός	N-	----GSM-
John 6:32	ἀλλ’	ἀλλά	C-	--------
John 6:32	ὁ	ὁ	RA	----NSM-
John 6:32	πατήρ	πατήρ	N-	----NSM-
John 6:32	μου	ἐγώ	RP	----GS--
John 6:32	δίδωσιν	δίδωμι	V-	3PAI-S--
John 6:32	ὑμῖν	σύ	RP	----DP--
John 6:32	τὸν	ὁ	RA	----ASM-
John 6:32	ἄρτον	ἄρτος	N-	----ASM-
John 6:32	ἐκ	ἐκ	P-	--------
John 6:32	τοῦ	ὁ	RA	----GSM-
John 6:32	οὐρανοῦ	οὐρανός	N-	----GSM-
John 6:32	τὸν	ὁ	RA	----ASM-
John 6:32	ἀληθινόν	ἀληθινός	A-	----ASM-
John 6:33	ὁ	ὁ	RA	----NSM-
John 6:33	γὰρ	γάρ	C-	--------
John 6:33	ἄρτος	ἄρτος	N-	----NSM-
John 6:33	τοῦ	ὁ	RA	----GSM-
John 6:33	θεοῦ	θεός	N-	----GSM-
John 6:33	ἐστιν	εἰμί	V-	3PAI-S--
John 6:33	ὁ	ὁ	RA	----NSM-
John 6:33	καταβαίνων	καταβαίνω	V-	-PAPNSM-
John 6:33	ἐκ	ἐκ	P-	--------
John 6:33	τοῦ	ὁ	RA	----GSM-
John 6:33	οὐρανοῦ	οὐρανός	N-	----GSM-
John 6:33	καὶ	καί	C-	--------
John 6:33	ζωὴν	ζωή	N-	----ASF-
John 6:33	διδοὺς	δίδωμι	V-	-PAPNSM-
John 6:33	τῷ	ὁ	RA	----DSM-
John 6:33	κόσμῳ	κόσμος	N-	----DSM-
John 6:34	εἶπον	λέγω	V-	3AAI-P--
John 6:34	οὖν	οὖν	C-	--------
John 6:34	πρὸς	πρός	P-	--------
John 6:34	αὐτόν	αὐτός	RP	----ASM-
John 6:34	Κύριε	κύριος	N-	----VSM-
John 6:34	πάντοτε	πάντοτε	D-	--------
John 6:34	δὸς	δίδωμι	V-	2AAD-S--
John 6:34	ἡμῖν	ἐγώ	RP	----DP--
John 6:34	τὸν	ὁ	RA	----ASM-
John 6:34	ἄρτον	ἄρτος	N-	----ASM-
John 6:34	τοῦτον	οὗτος	RD	----ASM-
John 6:35	Εἶπεν	λέγω	V-	3AAI-S--
John 6:35	αὐτοῖς	αὐτός	RP	----DPM-
John 6:35	ὁ	ὁ	RA	----NSM-
John 6:35	Ἰησοῦς	Ἰησοῦς	N-	----NSM-
John 6:35	Ἐγώ	ἐγώ	RP	----NS--
John 6:35	εἰμι	εἰμί	V-	1PAI-S--
John 6:35	ὁ	ὁ	RA	----NSM-
John 6:35	ἄρτος	ἄρτος	N-	----NSM-
John 6:35	τῆς	ὁ	RA	----GSF-
John 6:35	ζωῆς	ζωή	N-	----GSF-
John 6:35	ὁ	ὁ	RA	----NSM-
John 6:35	ἐρχόμενος	ἔρχομαι	V-	-PMPNSM-
John 6:35	πρὸς	πρός	P-	--------
John 6:35	ἐμὲ	ἐγώ	RP	----AS--
John 6:35	οὐ	οὐ	D-	--------
John 6:35	μὴ	μή	D-	--------
John 6:35	πεινάσῃ	πεινάω	V-	3AAS-S--
John 6:35	καὶ	καί	C-	--------
John 6:35	ὁ	ὁ	RA	----NSM-
John 6:35	πιστεύων	πιστεύω	V-	-PAPNSM-
John 6:35	εἰς	εἰς	P-	--------
John 6:35	ἐμὲ	ἐγώ	RP	----AS--
John 6:35	οὐ	οὐ	D-	--------
John 6:35	μὴ	μή	D-	--------
John 6:35	διψήσει	διψάω	V-	3FAI-S--
John 6:35	πώποτε	πώποτε	D-	--------
John 6:36	ἀλλ’	ἀλλά	C-	--------
John 6:36	εἶπον	λέγω	V-	1AAI-S--
John 6:36	ὑμῖν	σύ	RP	----DP--
John 6:36	ὅτι	ὅτι	C-	--------
John 6:36	καὶ	καί	C-	--------
John 6:36	ἑωράκατέ	ὁράω	V-	2XAI-P--
John 6:36	με	ἐγώ	RP	----AS--
John 6:36	καὶ	καί	C-	--------
John 6:36	οὐ	οὐ	D-	--------
John 6:36	πιστεύετε	πιστεύω	V-	2PAI-P--
John 6:37	πᾶν	πᾶς	A-	----NSN-
John 6:37	ὃ	ὅς	RR	----ASN-
John 6:37	δίδωσίν	δίδωμι	V-	3PAI-S--
John 6:37	μοι	ἐγώ	RP	----DS--
John 6:37	ὁ	ὁ	RA	----NSM-
John 6:37	πατὴρ	πατήρ	N-	----NSM-
John 6:37	πρὸς	πρός	P-	--------
John 6:37	ἐμὲ	ἐγώ	RP	----AS--
John 6:37	ἥξει	ἥκω	V-	3FAI-S--
John 6:37	καὶ	καί	C-	--------
John 6:37	τὸν	ὁ	RA	----ASM-
John 6:37	ἐρχόμενον	ἔρχομαι	V-	-PMPASM-
John 6:37	πρός	πρός	P-	--------
John 6:37	με	ἐγώ	RP	----AS--
John 6:37	οὐ	οὐ	D-	--------
John 6:37	μὴ	μή	D-	--------
John 6:37	ἐκβάλω	ἐκβάλλω	V-	1AAS-S--
John 6:37	ἔξω	ἔξω	D-	--------
John 6:38	ὅτι	ὅτι	C-	--------
John 6:38	καταβέβηκα	καταβαίνω	V-	1XAI-S--
John 6:38	ἀπὸ	ἀπό	P-	--------
John 6:38	τοῦ	ὁ	RA	----GSM-
John 6:38	οὐρανοῦ	οὐρανός	N-	----GSM-
John 6:38	οὐχ	οὐ	D-	--------
John 6:38	ἵνα	ἵνα	C-	--------
John 6:38	ποιῶ	ποιέω	V-	1PAS-S--
John 6:38	τὸ	ὁ	RA	----ASN-
John 6:38	θέλημα	θέλημα	N-	----ASN-
John 6:38	τὸ	ὁ	RA	----ASN-
John 6:38	ἐμὸν	ἐμός	A-	----ASN-
John 6:38	ἀλλὰ	ἀλλά	C-	--------
John 6:38	τὸ	ὁ	RA	----ASN-
John 6:38	θέλημα	θέλημα	N-	----ASN-
John 6:38	τοῦ	ὁ	RA	----GSM-
John 6:38	πέμψαντός	πέμπω	V-	-AAPGSM-
John 6:38	με	ἐγώ	RP	----AS--
John 6:39	τοῦτο	οὗτος	RD	----NSN-
John 6:39	δέ	δέ	C-	--------
John 6:39	ἐστιν	εἰμί	V-	3PAI-S--
John 6:39	τὸ	ὁ	RA	----NSN-
John 6:39	θέλημα	θέλημα	N-	----NSN-
John 6:39	τοῦ	ὁ	RA	----GSM-
John 6:39	πέμψαντός	πέμπω	V-	-AAPGSM-
John 6:39	με	ἐγώ	RP	----AS--
John 6:39	ἵνα	ἵνα	D-	--------
John 6:39	πᾶν	πᾶς	A-	----ASN-
John 6:39	ὃ	ὅς	RR	----ASN-
John 6:39	δέδωκέν	δίδωμι	V-	3XAI-S--
John 6:39	μοι	ἐγώ	RP	----DS--
John 6:39	μὴ	μή	D-	--------
John 6:39	ἀπολέσω	ἀπόλλυμι	V-	1AAS-S--
John 6:39	ἐξ	ἐκ	P-	--------
John 6:39	αὐτοῦ	αὐτός	RP	----GSN-
John 6:39	ἀλλὰ	ἀλλά	C-	--------
John 6:39	ἀναστήσω	ἀνίστημι	V-	1AAS-S--
John 6:39	αὐτὸ	αὐτός	RP	----ASN-
John 6:39	τῇ	ὁ	RA	----DSF-
John 6:39	ἐσχάτῃ	ἔσχατος	A-	----DSF-
John 6:39	ἡμέρᾳ	ἡμέρα	N-	----DSF-
John 6:40	τοῦτο	οὗτος	RD	----NSN-
John 6:40	γάρ	γάρ	C-	--------
John 6:40	ἐστιν	εἰμί	V-	3PAI-S--
John 6:40	τὸ	ὁ	RA	----NSN-
John 6:40	θέλημα	θέλημα	N-	----NSN-
John 6:40	τοῦ	ὁ	RA	----GSM-
John 6:40	πατρός	πατήρ	N-	----GSM-
John 6:40	μου	ἐγώ	RP	----GS--
John 6:40	ἵνα	ἵνα	D-	--------
John 6:40	πᾶς	πᾶς	A-	----NSM-
John 6:40	ὁ	ὁ	RA	----NSM-
John 6:40	θεωρῶν	θεωρέω	V-	-PAPNSM-
John 6:40	τὸν	ὁ	RA	----ASM-
John 6:40	υἱὸν	υἱός	N-	----ASM-
John 6:40	καὶ	καί	C-	--------
John 6:40	πιστεύων	πιστεύω	V-	-PAPNSM-
John 6:40	εἰς	εἰς	P-	--------
John 6:40	αὐτὸν	αὐτός	RP	----ASM-
John 6:40	ἔχῃ	ἔχω	V-	3PAS-S--
John 6:40	ζωὴν	ζωή	N-	----ASF-
John 6:40	αἰώνιον	αἰώνιος	A-	----ASF-
John 6:40	καὶ	καί	C-	--------
John 6:40	ἀναστήσω	ἀνίστημι	V-	1FAI-S--
John 6:40	αὐτὸν	αὐτός	RP	----ASM-
John 6:40	ἐγὼ	ἐγώ	RP	----NS--
John 6:40	τῇ	ὁ	RA	----DSF-
John 6:40	ἐσχάτῃ	ἔσχατος	A-	----DSF-
John 6:40	ἡμέρᾳ	ἡμέρα	N-	----DSF-
John 6:41	Ἐγόγγυζον	γογγύζω	V-	3IAI-P--
John 6:41	οὖν	οὖν	C-	--------
John 6:41	οἱ	ὁ	RA	----NPM-
John 6:41	Ἰουδαῖοι	Ἰουδαῖος	A-	----NPM-
John 6:41	περὶ	περί	P-	--------
John 6:41	αὐτοῦ	αὐτός	RP	----GSM-
John 6:41	ὅτι	ὅτι	C-	--------
John 6:41	εἶπεν	λέγω	V-	3AAI-S--
John 6:41	Ἐγώ	ἐγώ	RP	----NS--
John 6:41	εἰμι	εἰμί	V-	1PAI-S--
John 6:41	ὁ	ὁ	RA	----NSM-
John 6:41	ἄρτος	ἄρτος	N-	----NSM-
John 6:41	ὁ	ὁ	RA	----NSM-
John 6:41	καταβὰς	καταβαίνω	V-	-AAPNSM-
John 6:41	ἐκ	ἐκ	P-	--------
John 6:41	τοῦ	ὁ	RA	----GSM-
John 6:41	οὐρανοῦ	οὐρανός	N-	----GSM-
John 6:42	καὶ	καί	C-	--------
John 6:42	ἔλεγον	λέγω	V-	3IAI-P--
John 6:42	Οὐχ	οὐ	X-	--------
John 6:42	οὗτός	οὗτος	RD	----NSM-
John 6:42	ἐστιν	εἰμί	V-	3PAI-S--
John 6:42	Ἰησοῦς	Ἰησοῦς	N-	----NSM-
John 6:42	ὁ	ὁ	RA	----NSM-
John 6:42	υἱὸς	υἱός	N-	----NSM-
John 6:42	Ἰωσήφ	Ἰωσήφ	N-	----GSM-
John 6:42	οὗ	ὅς	RR	----GSM-
John 6:42	ἡμεῖς	ἐγώ	RP	----NP--
John 6:42	οἴδαμεν	οἶδα	V-	1XAI-P--
John 6:42	τὸν	ὁ	RA	----ASM-
John 6:42	πατέρα	πατήρ	N-	----ASM-
John 6:42	καὶ	καί	C-	--------
John 6:42	τὴν	ὁ	RA	----ASF-
John 6:42	μητέρα	μήτηρ	N-	----ASF-
John 6:42	πῶς	πῶς	D-	--------
John 6:42	νῦν	νῦν	D-	--------
John 6:42	λέγει	λέγω	V-	3PAI-S--
John 6:42	ὅτι	ὅτι	C-	--------
John 6:42	Ἐκ	ἐκ	P-	--------
John 6:42	τοῦ	ὁ	RA	----GSM-
John 6:42	οὐρανοῦ	οὐρανός	N-	----GSM-
John 6:42	καταβέβηκα	καταβαίνω	V-	1XAI-S--
John 6:43	ἀπεκρίθη	ἀποκρίνομαι	V-	3API-S--
John 6:43	Ἰησοῦς	Ἰησοῦς	N-	----NSM-
John 6:43	καὶ	καί	C-	--------
John 6:43	εἶπεν	λέγω	V-	3AAI-S--
John 6:43	αὐτοῖς	αὐτός	RP	----DPM-
John 6:43	Μὴ	μή	D-	--------
John 6:43	γογγύζετε	γογγύζω	V-	2PAD-P--
John 6:43	μετ’	μετά	P-	--------
John 6:43	ἀλλήλων	ἀλλήλων	RP	----GPM-
John 6:44	οὐδεὶς	οὐδείς	A-	----NSM-
John 6:44	δύναται	δύναμαι	V-	3PMI-S--
John 6:44	ἐλθεῖν	ἔρχομαι	V-	-AAN----
John 6:44	πρός	πρός	P-	--------
John 6:44	με	ἐγώ	RP	----AS--
John 6:44	ἐὰν	ἐάν	C-	--------
John 6:44	μὴ	μή	D-	--------
John 6:44	ὁ	ὁ	RA	----NSM-
John 6:44	πατὴρ	πατήρ	N-	----NSM-
John 6:44	ὁ	ὁ	RA	----NSM-
John 6:44	πέμψας	πέμπω	V-	-AAPNSM-
John 6:44	με	ἐγώ	RP	----AS--
John 6:44	ἑλκύσῃ	ἕλκω	V-	3AAS-S--
John 6:44	αὐτόν	αὐτός	RP	----ASM-
John 6:44	κἀγὼ	κἀγώ	RP	----NS--
John 6:44	ἀναστήσω	ἀνίστημι	V-	1FAI-S--
John 6:44	αὐτὸν	αὐτός	RP	----ASM-
John 6:44	ἐν	ἐν	P-	--------
John 6:44	τῇ	ὁ	RA	----DSF-
John 6:44	ἐσχάτῃ	ἔσχατος	A-	----DSF-
John 6:44	ἡμέρᾳ	ἡμέρα	N-	----DSF-
John 6:45	ἔστιν	εἰμί	V-	3PAI-S--
John 6:45	γεγραμμένον	γράφω	V-	-XPPNSN-
John 6:45	ἐν	ἐν	P-	--------
John 6:45	τοῖς	ὁ	RA	----DPM-
John 6:45	προφήταις	προφήτης	N-	----DPM-
John 6:45	Καὶ	καί	C-	--------
John 6:45	ἔσονται	εἰμί	V-	3FMI-P--
John 6:45	πάντες	πᾶς	A-	----NPM-
John 6:45	διδακτοὶ	διδακτός	A-	----NPM-
John 6:45	θεοῦ	θεός	N-	----GSM-
John 6:45	πᾶς	πᾶς	A-	----NSM-
John 6:45	ὁ	ὁ	RA	----NSM-
John 6:45	ἀκούσας	ἀκούω	V-	-AAPNSM-
John 6:45	παρὰ	παρά	P-	--------
John 6:45	τοῦ	ὁ	RA	----GSM-
John 6:45	πατρὸς	πατήρ	N-	----GSM-
John 6:45	καὶ	καί	C-	--------
John 6:45	μαθὼν	μανθάνω	V-	-AAPNSM-
John 6:45	ἔρχεται	ἔρχομαι	V-	3PMI-S--
John 6:45	πρὸς	πρός	P-	--------
John 6:45	ἐμέ	ἐγώ	RP	----AS--
John 6:46	οὐχ	οὐ	D-	--------
John 6:46	ὅτι	ὅτι	C-	--------
John 6:46	τὸν	ὁ	RA	----ASM-
John 6:46	πατέρα	πατήρ	N-	----ASM-
John 6:46	ἑώρακέν	ὁράω	V-	3XAI-S--
John 6:46	τις	τις	RI	----NSM-
John 6:46	εἰ	εἰ	C-	--------
John 6:46	μὴ	μή	D-	--------
John 6:46	ὁ	ὁ	RA	----NSM-
John 6:46	ὢν	εἰμί	V-	-PAPNSM-
John 6:46	παρὰ	παρά	P-	--------
John 6:46	τοῦ	ὁ	RA	----GSM-
John 6:46	θεοῦ	θεός	N-	----GSM-
John 6:46	οὗτος	οὗτος	RD	----NSM-
John 6:46	ἑώρακεν	ὁράω	V-	3XAI-S--
John 6:46	τὸν	ὁ	RA	----ASM-
John 6:46	πατέρα	πατήρ	N-	----ASM-
John 6:47	ἀμὴν	ἀμήν	X-	--------
John 6:47	ἀμὴν	ἀμήν	X-	--------
John 6:47	λέγω	λέγω	V-	1PAI-S--
John 6:47	ὑμῖν	σύ	RP	----DP--
John 6:47	ὁ	ὁ	RA	----NSM-
John 6:47	πιστεύων	πιστεύω	V-	-PAPNSM-
John 6:47	ἔχει	ἔχω	V-	3PAI-S--
John 6:47	ζωὴν	ζωή	N-	----ASF-
John 6:47	αἰώνιον	αἰώνιος	A-	----ASF-
John 6:48	ἐγώ	ἐγώ	RP	----NS--
John 6:48	εἰμι	εἰμί	V-	1PAI-S--
John 6:48	ὁ	ὁ	RA	----NSM-
John 6:48	ἄρτος	ἄρτος	N-	----NSM-
John 6:48	τῆς	ὁ	RA	----GSF-
John 6:48	ζωῆς	ζωή	N-	----GSF-
John 6:49	οἱ	ὁ	RA	----NPM-
John 6:49	πατέρες	πατήρ	N-	----NPM-
John 6:49	ὑμῶν	σύ	RP	----GP--
John 6:49	ἔφαγον	ἐσθίω	V-	3AAI-P--
John 6:49	ἐν	ἐν	P-	--------
John 6:49	τῇ	ὁ	RA	----DSF-
John 6:49	ἐρήμῳ	ἔρημος	A-	----DSF-
John 6:49	τὸ	ὁ	RA	----ASN-
John 6:49	μάννα	μάννα	N-	----ASN-
John 6:49	καὶ	καί	C-	--------
John 6:49	ἀπέθανον	ἀποθνῄσκω	V-	3AAI-P--
John 6:50	οὗτός	οὗτος	RD	----NSM-
John 6:50	ἐστιν	εἰμί	V-	3PAI-S--
John 6:50	ὁ	ὁ	RA	----NSM-
John 6:50	ἄρτος	ἄρτος	N-	----NSM-
John 6:50	ὁ	ὁ	RA	----NSM-
John 6:50	ἐκ	ἐκ	P-	--------
John 6:50	τοῦ	ὁ	RA	----GSM-
John 6:50	οὐρανοῦ	οὐρανός	N-	----GSM-
John 6:50	καταβαίνων	καταβαίνω	V-	-PAPNSM-
John 6:50	ἵνα	ἵνα	C-	--------
John 6:50	τις	τις	RI	----NSM-
John 6:50	ἐξ	ἐκ	P-	--------
John 6:50	αὐτοῦ	αὐτός	RP	----GSM-
John 6:50	φάγῃ	ἐσθίω	V-	3AAS-S--
John 6:50	καὶ	καί	C-	--------
John 6:50	μὴ	μή	D-	--------
John 6:50	ἀποθάνῃ	ἀποθνῄσκω	V-	3AAS-S--
John 6:51	ἐγώ	ἐγώ	RP	----NS--
John 6:51	εἰμι	εἰμί	V-	1PAI-S--
John 6:51	ὁ	ὁ	RA	----NSM-
John 6:51	ἄρτος	ἄρτος	N-	----NSM-
John 6:51	ὁ	ὁ	RA	----NSM-
John 6:51	ζῶν	ζάω	V-	-PAPNSM-
John 6:51	ὁ	ὁ	RA	----NSM-
John 6:51	ἐκ	ἐκ	P-	--------
John 6:51	τοῦ	ὁ	RA	----GSM-
John 6:51	οὐρανοῦ	οὐρανός	N-	----GSM-
John 6:51	καταβάς	καταβαίνω	V-	-AAPNSM-
John 6:51	ἐάν	ἐάν	C-	--------
John 6:51	τις	τις	RI	----NSM-
John 6:51	φάγῃ	ἐσθίω	V-	3AAS-S--
John 6:51	ἐκ	ἐκ	P-	--------
John 6:51	τούτου	οὗτος	RD	----GSM-
John 6:51	τοῦ	ὁ	RA	----GSM-
John 6:51	ἄρτου	ἄρτος	N-	----GSM-
John 6:51	ζήσει	ζάω	V-	3FAI-S--
John 6:51	εἰς	εἰς	P-	--------
John 6:51	τὸν	ὁ	RA	----ASM-
John 6:51	αἰῶνα	αἰών	N-	----ASM-
John 6:51	καὶ	καί	C-	--------
John 6:51	ὁ	ὁ	RA	----NSM-
John 6:51	ἄρτος	ἄρτος	N-	----NSM-
John 6:51	δὲ	δέ	C-	--------
John 6:51	ὃν	ὅς	RR	----ASM-
John 6:51	ἐγὼ	ἐγώ	RP	----NS--
John 6:51	δώσω	δίδωμι	V-	1FAI-S--
John 6:51	ἡ	ὁ	RA	----NSF-
John 6:51	σάρξ	σάρξ	N-	----NSF-
John 6:51	μού	ἐγώ	RP	----GS--
John 6:51	ἐστιν	εἰμί	V-	3PAI-S--
John 6:51	ὑπὲρ	ὑπέρ	P-	--------
John 6:51	τῆς	ὁ	RA	----GSF-
John 6:51	τοῦ	ὁ	RA	----GSM-
John 6:51	κόσμου	κόσμος	N-	----GSM-
John 6:51	ζωῆς	ζωή	N-	----GSF-
John 6:52	Ἐμάχοντο	μάχομαι	V-	3IMI-P--
John 6:52	οὖν	οὖν	C-	--------
John 6:52	πρὸς	πρός	P-	--------
John 6:52	ἀλλήλους	ἀλλήλων	RP	----APM-
John 6:52	οἱ	ὁ	RA	----NPM-
John 6:52	Ἰουδαῖοι	Ἰουδαῖος	A-	----NPM-
John 6:52	λέγοντες	λέγω	V-	-PAPNPM-
John 6:52	Πῶς	πῶς	D-	--------
John 6:52	δύναται	δύναμαι	V-	3PMI-S--
John 6:52	οὗτος	οὗτος	RD	----NSM-
John 6:52	ἡμῖν	ἐγώ	RP	----DP--
John 6:52	δοῦναι	δίδωμι	V-	-AAN----
John 6:52	τὴν	ὁ	RA	----ASF-
John 6:52	σάρκα	σάρξ	N-	----ASF-
John 6:52	αὐτοῦ	αὐτός	RP	----GSM-
John 6:52	φαγεῖν	ἐσθίω	V-	-AAN----
John 6:53	εἶπεν	λέγω	V-	3AAI-S--
John 6:53	οὖν	οὖν	C-	--------
John 6:53	αὐτοῖς	αὐτός	RP	----DPM-
John 6:53	ὁ	ὁ	RA	----NSM-
John 6:53	Ἰησοῦς	Ἰησοῦς	N-	----NSM-
John 6:53	Ἀμὴν	ἀμήν	X-	--------
John 6:53	ἀμὴν	ἀμήν	X-	--------
John 6:53	λέγω	λέγω	V-	1PAI-S--
John 6:53	ὑμῖν	σύ	RP	----DP--
John 6:53	ἐὰν	ἐάν	C-	--------
John 6:53	μὴ	μή	D-	--------
John 6:53	φάγητε	ἐσθίω	V-	2AAS-P--
John 6:53	τὴν	ὁ	RA	----ASF-
John 6:53	σάρκα	σάρξ	N-	----ASF-
John 6:53	τοῦ	ὁ	RA	----GSM-
John 6:53	υἱοῦ	υἱός	N-	----GSM-
John 6:53	τοῦ	ὁ	RA	----GSM-
John 6:53	ἀνθρώπου	ἄνθρωπος	N-	----GSM-
John 6:53	καὶ	καί	C-	--------
John 6:53	πίητε	πίνω	V-	2AAS-P--
John 6:53	αὐτοῦ	αὐτός	RP	----GSM-
John 6:53	τὸ	ὁ	RA	----ASN-
John 6:53	αἷμα	αἷμα	N-	----ASN-
John 6:53	οὐκ	οὐ	D-	--------
John 6:53	ἔχετε	ἔχω	V-	2PAI-P--
John 6:53	ζωὴν	ζωή	N-	----ASF-
John 6:53	ἐν	ἐν	P-	--------
John 6:53	ἑαυτοῖς	ἑαυτοῦ	RP	----DPM-
John 6:54	ὁ	ὁ	RA	----NSM-
John 6:54	τρώγων	τρώγω	V-	-PAPNSM-
John 6:54	μου	ἐγώ	RP	----GS--
John 6:54	τὴν	ὁ	RA	----ASF-
John 6:54	σάρκα	σάρξ	N-	----ASF-
John 6:54	καὶ	καί	C-	--------
John 6:54	πίνων	πίνω	V-	-PAPNSM-
John 6:54	μου	ἐγώ	RP	----GS--
John 6:54	τὸ	ὁ	RA	----ASN-
John 6:54	αἷμα	αἷμα	N-	----ASN-
John 6:54	ἔχει	ἔχω	V-	3PAI-S--
John 6:54	ζωὴν	ζωή	N-	----ASF-
John 6:54	αἰώνιον	αἰώνιος	A-	----ASF-
John 6:54	κἀγὼ	κἀγώ	RP	----NS--
John 6:54	ἀναστήσω	ἀνίστημι	V-	1FAI-S--
John 6:54	αὐτὸν	αὐτός	RP	----ASM-
John 6:54	τῇ	ὁ	RA	----DSF-
John 6:54	ἐσχάτῃ	ἔσχατος	A-	----DSF-
John 6:54	ἡμέρᾳ	ἡμέρα	N-	----DSF-
John 6:55	ἡ	ὁ	RA	----NSF-
John 6:55	γὰρ	γάρ	C-	--------
John 6:55	σάρξ	σάρξ	N-	----NSF-
John 6:55	μου	ἐγώ	RP	----GS--
John 6:55	ἀληθής	ἀληθής	A-	----NSF-
John 6:55	ἐστι	εἰμί	V-	3PAI-S--
John 6:55	βρῶσις	βρῶσις	N-	----NSF-
John 6:55	καὶ	καί	C-	--------
John 6:55	τὸ	ὁ	RA	----NSN-
John 6:55	αἷμά	αἷμα	N-	----NSN-
John 6:55	μου	ἐγώ	RP	----GS--
John 6:55	ἀληθής	ἀληθής	A-	----NSF-
John 6:55	ἐστι	εἰμί	V-	3PAI-S--
John 6:55	πόσις	πόσις	N-	----NSF-
John 6:56	ὁ	ὁ	RA	----NSM-
John 6:56	τρώγων	τρώγω	V-	-PAPNSM-
John 6:56	μου	ἐγώ	RP	----GS--
John 6:56	τὴν	ὁ	RA	----ASF-
John 6:56	σάρκα	σάρξ	N-	----ASF-
John 6:56	καὶ	καί	C-	--------
John 6:56	πίνων	πίνω	V-	-PAPNSM-
John 6:56	μου	ἐγώ	RP	----GS--
John 6:56	τὸ	ὁ	RA	----ASN-
John 6:56	αἷμα	αἷμα	N-	----ASN-
John 6:56	ἐν	ἐν	P-	--------
John 6:56	ἐμοὶ	ἐγώ	RP	----DS--
John 6:56	μένει	μένω	V-	3PAI-S--
John 6:56	κἀγὼ	κἀγώ	RP	----NS--
John 6:56	ἐν	ἐν	P-	--------
John 6:56	αὐτῷ	αὐτός	RP	----DSM-
John 6:57	καθὼς	καθώς	C-	--------
John 6:57	ἀπέστειλέν	ἀποστέλλω	V-	3AAI-S--
John 6:57	με	ἐγώ	RP	----AS--
John 6:57	ὁ	ὁ	RA	----NSM-
John 6:57	ζῶν	ζάω	V-	-PAPNSM-
John 6:57	πατὴρ	πατήρ	N-	----NSM-
John 6:57	κἀγὼ	κἀγώ	RP	----NS--
John 6:57	ζῶ	ζάω	V-	1PAI-S--
John 6:57	διὰ	διά	P-	--------
John 6:57	τὸν	ὁ	RA	----ASM-
John 6:57	πατέρα	πατήρ	N-	----ASM-
John 6:57	καὶ	καί	C-	--------
John 6:57	ὁ	ὁ	RA	----NSM-
John 6:57	τρώγων	τρώγω	V-	-PAPNSM-
John 6:57	με	ἐγώ	RP	----AS--
John 6:57	κἀκεῖνος	κἀκεῖνος	RD	----NSM-
John 6:57	ζήσει	ζάω	V-	3FAI-S--
John 6:57	δι’	διά	P-	--------
John 6:57	ἐμέ	ἐγώ	RP	----AS--
John 6:58	οὗτός	οὗτος	RD	----NSM-
John 6:58	ἐστιν	εἰμί	V-	3PAI-S--
John 6:58	ὁ	ὁ	RA	----NSM-
John 6:58	ἄρτος	ἄρτος	N-	----NSM-
John 6:58	ὁ	ὁ	RA	----NSM-
John 6:58	ἐξ	ἐκ	P-	--------
John 6:58	οὐρανοῦ	οὐρανός	N-	----GSM-
John 6:58	καταβάς	καταβαίνω	V-	-AAPNSM-
John 6:58	οὐ	οὐ	D-	--------
John 6:58	καθὼς	καθώς	C-	--------
John 6:58	ἔφαγον	ἐσθίω	V-	3AAI-P--
John 6:58	οἱ	ὁ	RA	----NPM-
John 6:58	πατέρες	πατήρ	N-	----NPM-
John 6:58	καὶ	καί	C-	--------
John 6:58	ἀπέθανον	ἀποθνῄσκω	V-	3AAI-P--
John 6:58	ὁ	ὁ	RA	----NSM-
John 6:58	τρώγων	τρώγω	V-	-PAPNSM-
John 6:58	τοῦτον	οὗτος	RD	----ASM-
John 6:58	τὸν	ὁ	RA	----ASM-
John 6:58	ἄρτον	ἄρτος	N-	----ASM-
John 6:58	ζήσει	ζάω	V-	3FAI-S--
John 6:58	εἰς	εἰς	P-	--------
John 6:58	τὸν	ὁ	RA	----ASM-
John 6:58	αἰῶνα	αἰών	N-	----ASM-
John 6:59	ταῦτα	οὗτος	RD	----APN-
John 6:59	εἶπεν	λέγω	V-	3AAI-S--
John 6:59	ἐν	ἐν	P-	--------
John 6:59	συναγωγῇ	συναγωγή	N-	----DSF-
John 6:59	διδάσκων	διδάσκω	V-	-PAPNSM-
John 6:59	ἐν	ἐν	P-	--------
John 6:59	Καφαρναούμ	Καφαρναούμ	N-	----DSF-
John 6:60	Πολλοὶ	πολύς	A-	----NPM-
John 6:60	οὖν	οὖν	C-	--------
John 6:60	ἀκούσαντες	ἀκούω	V-	-AAPNPM-
John 6:60	ἐκ	ἐκ	P-	--------
John 6:60	τῶν	ὁ	RA	----GPM-
John 6:60	μαθητῶν	μαθητής	N-	----GPM-
John 6:60	αὐτοῦ	αὐτός	RP	----GSM-
John 6:60	εἶπαν	λέγω	V-	3AAI-P--
John 6:60	Σκληρός	σκληρός	A-	----NSM-
John 6:60	ἐστιν	εἰμί	V-	3PAI-S--
John 6:60	ὁ	ὁ	RA	----NSM-
John 6:60	λόγος	λόγος	N-	----NSM-
John 6:60	οὗτος	οὗτος	RD	----NSM-
John 6:60	τίς	τίς	RI	----NSM-
John 6:60	δύναται	δύναμαι	V-	3PMI-S--
John 6:60	αὐτοῦ	αὐτός	RP	----GSM-
John 6:60	ἀκούειν	ἀκούω	V-	-PAN----
John 6:61	εἰδὼς	ὁράω	V-	-XAPNSM-
John 6:61	δὲ	δέ	C-	--------
John 6:61	ὁ	ὁ	RA	----NSM-
John 6:61	Ἰησοῦς	Ἰησοῦς	N-	----NSM-
John 6:61	ἐν	ἐν	P-	--------
John 6:61	ἑαυτῷ	ἑαυτοῦ	RP	----DSM-
John 6:61	ὅτι	ὅτι	C-	--------
John 6:61	γογγύζουσιν	γογγύζω	V-	3PAI-P--
John 6:61	περὶ	περί	P-	--------
John 6:61	τούτου	οὗτος	RD	----GSN-
John 6:61	οἱ	ὁ	RA	----NPM-
John 6:61	μαθηταὶ	μαθητής	N-	----NPM-
John 6:61	αὐτοῦ	αὐτός	RP	----GSM-
John 6:61	εἶπεν	λέγω	V-	3AAI-S--
John 6:61	αὐτοῖς	αὐτός	RP	----DPM-
John 6:61	Τοῦτο	οὗτος	RD	----NSN-
John 6:61	ὑμᾶς	σύ	RP	----AP--
John 6:61	σκανδαλίζει	σκανδαλίζω	V-	3PAI-S--
John 6:62	ἐὰν	ἐάν	C-	--------
John 6:62	οὖν	οὖν	C-	--------
John 6:62	θεωρῆτε	θεωρέω	V-	2PAS-P--
John 6:62	τὸν	ὁ	RA	----ASM-
John 6:62	υἱὸν	υἱός	N-	----ASM-
John 6:62	τοῦ	ὁ	RA	----GSM-
John 6:62	ἀνθρώπου	ἄνθρωπος	N-	----GSM-
John 6:62	ἀναβαίνοντα	ἀναβαίνω	V-	-PAPASM-
John 6:62	ὅπου	ὅπου	C-	--------
John 6:62	ἦν	εἰμί	V-	3IAI-S--
John 6:62	τὸ	ὁ	RA	----ASN-
John 6:62	πρότερον	πρότερος	A-	----ASNC
John 6:63	τὸ	ὁ	RA	----NSN-
John 6:63	πνεῦμά	πνεῦμα	N-	----NSN-
John 6:63	ἐστιν	εἰμί	V-	3PAI-S--
John 6:63	τὸ	ὁ	RA	----NSN-
John 6:63	ζῳοποιοῦν	ζῳοποιέω	V-	-PAPNSN-
John 6:63	ἡ	ὁ	RA	----NSF-
John 6:63	σὰρξ	σάρξ	N-	----NSF-
John 6:63	οὐκ	οὐ	D-	--------
John 6:63	ὠφελεῖ	ὠφελέω	V-	3PAI-S--
John 6:63	οὐδέν	οὐδείς	A-	----ASN-
John 6:63	τὰ	ὁ	RA	----NPN-
John 6:63	ῥήματα	ῥῆμα	N-	----NPN-
John 6:63	ἃ	ὅς	RR	----APN-
John 6:63	ἐγὼ	ἐγώ	RP	----NS--
John 6:63	λελάληκα	λαλέω	V-	1XAI-S--
John 6:63	ὑμῖν	σύ	RP	----DP--
John 6:63	πνεῦμά	πνεῦμα	N-	----NSN-
John 6:63	ἐστιν	εἰμί	V-	3PAI-S--
John 6:63	καὶ	καί	C-	--------
John 6:63	ζωή	ζωή	N-	----NSF-
John 6:63	ἐστιν	εἰμί	V-	3PAI-S--
John 6:64	ἀλλὰ	ἀλλά	C-	--------
John 6:64	εἰσὶν	εἰμί	V-	3PAI-P--
John 6:64	ἐξ	ἐκ	P-	--------
John 6:64	ὑμῶν	σύ	RP	----GP--
John 6:64	τινες	τις	RI	----NPM-
John 6:64	οἳ	ὅς	RR	----NPM-
John 6:64	οὐ	οὐ	D-	--------
John 6:64	πιστεύουσιν	πιστεύω	V-	3PAI-P--
John 6:64	ᾔδει	οἶδα	V-	3YAI-S--
John 6:64	γὰρ	γάρ	C-	--------
John 6:64	ἐξ	ἐκ	P-	--------
John 6:64	ἀρχῆς	ἀρχή	N-	----GSF-
John 6:64	ὁ	ὁ	RA	----NSM-
John 6:64	Ἰησοῦς	Ἰησοῦς	N-	----NSM-
John 6:64	τίνες	τίς	RI	----NPM-
John 6:64	εἰσὶν	εἰμί	V-	3PAI-P--
John 6:64	οἱ	ὁ	RA	----NPM-
John 6:64	μὴ	μή	D-	--------
John 6:64	πιστεύοντες	πιστεύω	V-	-PAPNPM-
John 6:64	καὶ	καί	C-	--------
John 6:64	τίς	τίς	RI	----NSM-
John 6:64	ἐστιν	εἰμί	V-	3PAI-S--
John 6:64	ὁ	ὁ	RA	----NSM-
John 6:64	παραδώσων	παραδίδωμι	V-	-FAPNSM-
John 6:64	αὐτόν	αὐτός	RP	----ASM-
John 6:65	καὶ	καί	C-	--------
John 6:65	ἔλεγεν	λέγω	V-	3IAI-S--
John 6:65	Διὰ	διά	P-	--------
John 6:65	τοῦτο	οὗτος	RD	----ASN-
John 6:65	εἴρηκα	λέγω	V-	1XAI-S--
John 6:65	ὑμῖν	σύ	RP	----DP--
John 6:65	ὅτι	ὅτι	C-	--------
John 6:65	οὐδεὶς	οὐδείς	A-	----NSM-
John 6:65	δύναται	δύναμαι	V-	3PMI-S--
John 6:65	ἐλθεῖν	ἔρχομαι	V-	-AAN----
John 6:65	πρός	πρός	P-	--------
John 6:65	με	ἐγώ	RP	----AS--
John 6:65	ἐὰν	ἐάν	C-	--------
John 6:65	μὴ	μή	D-	--------
John 6:65	ᾖ	εἰμί	V-	3PAS-S--
John 6:65	δεδομένον	δίδωμι	V-	-XPPNSN-
John 6:65	αὐτῷ	αὐτός	RP	----DSM-
John 6:65	ἐκ	ἐκ	P-	--------
John 6:65	τοῦ	ὁ	RA	----GSM-
John 6:65	πατρός	πατήρ	N-	----GSM-
John 6:66	Ἐκ	ἐκ	P-	--------
John 6:66	τούτου	οὗτος	RD	----GSN-
John 6:66	πολλοὶ	πολύς	A-	----NPM-
John 6:66	ἐκ	ἐκ	P-	--------
John 6:66	τῶν	ὁ	RA	----GPM-
John 6:66	μαθητῶν	μαθητής	N-	----GPM-
John 6:66	αὐτοῦ	αὐτός	RP	----GSM-
John 6:66	ἀπῆλθον	ἀπέρχομαι	V-	3AAI-P--
John 6:66	εἰς	εἰς	P-	--------
John 6:66	τὰ	ὁ	RA	----APN-
John 6:66	ὀπίσω	ὀπίσω	D-	--------
John 6:66	καὶ	καί	C-	--------
John 6:66	οὐκέτι	οὐκέτι	D-	--------
John 6:66	μετ’	μετά	P-	--------
John 6:66	αὐτοῦ	αὐτός	RP	----GSM-
John 6:66	περιεπάτουν	περιπατέω	V-	3IAI-P--
John 6:67	εἶπεν	λέγω	V-	3AAI-S--
John 6:67	οὖν	οὖν	C-	--------
John 6:67	ὁ	ὁ	RA	----NSM-
John 6:67	Ἰησοῦς	Ἰησοῦς	N-	----NSM-
John 6:67	τοῖς	ὁ	RA	----DPM-
John 6:67	δώδεκα	δώδεκα	A-	----DPM-
John 6:67	Μὴ	μή	X-	--------
John 6:67	καὶ	καί	D-	--------
John 6:67	ὑμεῖς	σύ	RP	----NP--
John 6:67	θέλετε	θέλω	V-	2PAI-P--
John 6:67	ὑπάγειν	ὑπάγω	V-	-PAN----
John 6:68	ἀπεκρίθη	ἀποκρίνομαι	V-	3API-S--
John 6:68	αὐτῷ	αὐτός	RP	----DSM-
John 6:68	Σίμων	Σίμων	N-	----NSM-
John 6:68	Πέτρος	Πέτρος	N-	----NSM-
John 6:68	Κύριε	κύριος	N-	----VSM-
John 6:68	πρὸς	πρός	P-	--------
John 6:68	τίνα	τίς	RI	----ASM-
John 6:68	ἀπελευσόμεθα	ἀπέρχομαι	V-	1FMI-P--
John 6:68	ῥήματα	ῥῆμα	N-	----APN-
John 6:68	ζωῆς	ζωή	N-	----GSF-
John 6:68	αἰωνίου	αἰώνιος	A-	----GSF-
John 6:68	ἔχεις	ἔχω	V-	2PAI-S--
John 6:69	καὶ	καί	C-	--------
John 6:69	ἡμεῖς	ἐγώ	RP	----NP--
John 6:69	πεπιστεύκαμεν	πιστεύω	V-	1XAI-P--
John 6:69	καὶ	καί	C-	--------
John 6:69	ἐγνώκαμεν	γινώσκω	V-	1XAI-P--
John 6:69	ὅτι	ὅτι	C-	--------
John 6:69	σὺ	σύ	RP	----NS--
John 6:69	εἶ	εἰμί	V-	2PAI-S--
John 6:69	ὁ	ὁ	RA	----NSM-
John 6:69	ἅγιος	ἅγιος	A-	----NSM-
John 6:69	τοῦ	ὁ	RA	----GSM-
John 6:69	θεοῦ	θεός	N-	----GSM-
John 6:70	ἀπεκρίθη	ἀποκρίνομαι	V-	3API-S--
John 6:70	αὐτοῖς	αὐτός	RP	----DPM-
John 6:70	ὁ	ὁ	RA	----NSM-
John 6:70	Ἰησοῦς	Ἰησοῦς	N-	----NSM-
John 6:70	Οὐκ	οὐ	X-	--------
John 6:70	ἐγὼ	ἐγώ	RP	----NS--
John 6:70	ὑμᾶς	σύ	RP	----AP--
John 6:70	τοὺς	ὁ	RA	----APM-
John 6:70	δώδεκα	δώδεκα	A-	----APM-
John 6:70	ἐξελεξάμην	ἐκλέγομαι	V-	1AMI-S--
John 6:70	καὶ	καί	C-	--------
John 6:70	ἐξ	ἐκ	P-	--------
John 6:70	ὑμῶν	σύ	RP	----GP--
John 6:70	εἷς	εἷς	A-	----NSM-
John 6:70	διάβολός	διάβολος	A-	----NSM-
John 6:70	ἐστιν	εἰμί	V-	3PAI-S--
John 6:71	ἔλεγεν	λέγω	V-	3IAI-S--
John 6:71	δὲ	δέ	C-	--------
John 6:71	τὸν	ὁ	RA	----ASM-
John 6:71	Ἰούδαν	Ἰούδας	N-	----ASM-
John 6:71	Σίμωνος	Σίμων	N-	----GSM-
John 6:71	Ἰσκαριώτου	Ἰσκαριώτης	N-	----GSM-
John 6:71	οὗτος	οὗτος	RD	----NSM-
John 6:71	γὰρ	γάρ	C-	--------
John 6:71	ἔμελλεν	μέλλω	V-	3IAI-S--
John 6:71	παραδιδόναι	παραδίδωμι	V-	-PAN----
John 6:71	αὐτόν	αὐτός	RP	----ASM-
John 6:71	εἷς	εἷς	A-	----NSM-
John 6:71	ἐκ	ἐκ	P-	--------
John 6:71	τῶν	ὁ	RA	----GPM-
John 6:71	δώδεκα	δώδεκα	A-	----GPM-
John 7:1	Καὶ	καί	C-	--------
John 7:1	μετὰ	μετά	P-	--------
John 7:1	ταῦτα	οὗτος	RD	----APN-
John 7:1	περιεπάτει	περιπατέω	V-	3IAI-S--
John 7:1	ὁ	ὁ	RA	----NSM-
John 7:1	Ἰησοῦς	Ἰησοῦς	N-	----NSM-
John 7:1	ἐν	ἐν	P-	--------
John 7:1	τῇ	ὁ	RA	----DSF-
John 7:1	Γαλιλαίᾳ	Γαλιλαία	N-	----DSF-
John 7:1	οὐ	οὐ	D-	--------
John 7:1	γὰρ	γάρ	C-	--------
John 7:1	ἤθελεν	θέλω	V-	3IAI-S--
John 7:1	ἐν	ἐν	P-	--------
John 7:1	τῇ	ὁ	RA	----DSF-
John 7:1	Ἰουδαίᾳ	Ἰουδαία	N-	----DSF-
John 7:1	περιπατεῖν	περιπατέω	V-	-PAN----
John 7:1	ὅτι	ὅτι	C-	--------
John 7:1	ἐζήτουν	ζητέω	V-	3IAI-P--
John 7:1	αὐτὸν	αὐτός	RP	----ASM-
John 7:1	οἱ	ὁ	RA	----NPM-
John 7:1	Ἰουδαῖοι	Ἰουδαῖος	A-	----NPM-
John 7:1	ἀποκτεῖναι	ἀποκτείνω	V-	-AAN----
John 7:2	ἦν	εἰμί	V-	3IAI-S--
John 7:2	δὲ	δέ	C-	--------
John 7:2	ἐγγὺς	ἐγγύς	D-	--------
John 7:2	ἡ	ὁ	RA	----NSF-
John 7:2	ἑορτὴ	ἑορτή	N-	----NSF-
John 7:2	τῶν	ὁ	RA	----GPM-
John 7:2	Ἰουδαίων	Ἰουδαῖος	A-	----GPM-
John 7:2	ἡ	ὁ	RA	----NSF-
John 7:2	σκηνοπηγία	σκηνοπηγία	N-	----NSF-
John 7:3	εἶπον	λέγω	V-	3AAI-P--
John 7:3	οὖν	οὖν	C-	--------
John 7:3	πρὸς	πρός	P-	--------
John 7:3	αὐτὸν	αὐτός	RP	----ASM-
John 7:3	οἱ	ὁ	RA	----NPM-
John 7:3	ἀδελφοὶ	ἀδελφός	N-	----NPM-
John 7:3	αὐτοῦ	αὐτός	RP	----GSM-
John 7:3	Μετάβηθι	μεταβαίνω	V-	2AAD-S--
John 7:3	ἐντεῦθεν	ἐντεῦθεν	D-	--------
John 7:3	καὶ	καί	C-	--------
John 7:3	ὕπαγε	ὑπάγω	V-	2PAD-S--
John 7:3	εἰς	εἰς	P-	--------
John 7:3	τὴν	ὁ	RA	----ASF-
John 7:3	Ἰουδαίαν	Ἰουδαία	N-	----ASF-
John 7:3	ἵνα	ἵνα	C-	--------
John 7:3	καὶ	καί	D-	--------
John 7:3	οἱ	ὁ	RA	----NPM-
John 7:3	μαθηταί	μαθητής	N-	----NPM-
John 7:3	σου	σύ	RP	----GS--
John 7:3	θεωρήσουσιν	θεωρέω	V-	3FAI-P--
John 7:3	σοῦ	σύ	RP	----GS--
John 7:3	τὰ	ὁ	RA	----APN-
John 7:3	ἔργα	ἔργον	N-	----APN-
John 7:3	ἃ	ὅς	RR	----APN-
John 7:3	ποιεῖς	ποιέω	V-	2PAI-S--
John 7:4	οὐδεὶς	οὐδείς	A-	----NSM-
John 7:4	γάρ	γάρ	C-	--------
John 7:4	τι	τις	RI	----ASN-
John 7:4	ἐν	ἐν	P-	--------
John 7:4	κρυπτῷ	κρυπτός	A-	----DSN-
John 7:4	ποιεῖ	ποιέω	V-	3PAI-S--
John 7:4	καὶ	καί	C-	--------
John 7:4	ζητεῖ	ζητέω	V-	3PAI-S--
John 7:4	αὐτὸς	αὐτός	RP	----NSM-
John 7:4	ἐν	ἐν	P-	--------
John 7:4	παρρησίᾳ	παρρησία	N-	----DSF-
John 7:4	εἶναι	εἰμί	V-	-PAN----
John 7:4	εἰ	εἰ	C-	--------
John 7:4	ταῦτα	οὗτος	RD	----APN-
John 7:4	ποιεῖς	ποιέω	V-	2PAI-S--
John 7:4	φανέρωσον	φανερόω	V-	2AAD-S--
John 7:4	σεαυτὸν	σεαυτοῦ	RP	----ASM-
John 7:4	τῷ	ὁ	RA	----DSM-
John 7:4	κόσμῳ	κόσμος	N-	----DSM-
John 7:5	οὐδὲ	οὐδέ	D-	--------
John 7:5	γὰρ	γάρ	C-	--------
John 7:5	οἱ	ὁ	RA	----NPM-
John 7:5	ἀδελφοὶ	ἀδελφός	N-	----NPM-
John 7:5	αὐτοῦ	αὐτός	RP	----GSM-
John 7:5	ἐπίστευον	πιστεύω	V-	3IAI-P--
John 7:5	εἰς	εἰς	P-	--------
John 7:5	αὐτόν	αὐτός	RP	----ASM-
John 7:6	λέγει	λέγω	V-	3PAI-S--
John 7:6	οὖν	οὖν	C-	--------
John 7:6	αὐτοῖς	αὐτός	RP	----DPM-
John 7:6	ὁ	ὁ	RA	----NSM-
John 7:6	Ἰησοῦς	Ἰησοῦς	N-	----NSM-
John 7:6	Ὁ	ὁ	RA	----NSM-
John 7:6	καιρὸς	καιρός	N-	----NSM-
John 7:6	ὁ	ὁ	RA	----NSM-
John 7:6	ἐμὸς	ἐμός	A-	----NSM-
John 7:6	οὔπω	οὔπω	D-	--------
John 7:6	πάρεστιν	πάρειμι	V-	3PAI-S--
John 7:6	ὁ	ὁ	RA	----NSM-
John 7:6	δὲ	δέ	C-	--------
John 7:6	καιρὸς	καιρός	N-	----NSM-
John 7:6	ὁ	ὁ	RA	----NSM-
John 7:6	ὑμέτερος	ὑμέτερος	A-	----NSM-
John 7:6	πάντοτέ	πάντοτε	D-	--------
John 7:6	ἐστιν	εἰμί	V-	3PAI-S--
John 7:6	ἕτοιμος	ἕτοιμος	A-	----NSM-
John 7:7	οὐ	οὐ	D-	--------
John 7:7	δύναται	δύναμαι	V-	3PMI-S--
John 7:7	ὁ	ὁ	RA	----NSM-
John 7:7	κόσμος	κόσμος	N-	----NSM-
John 7:7	μισεῖν	μισέω	V-	-PAN----
John 7:7	ὑμᾶς	σύ	RP	----AP--
John 7:7	ἐμὲ	ἐγώ	RP	----AS--
John 7:7	δὲ	δέ	C-	--------
John 7:7	μισεῖ	μισέω	V-	3PAI-S--
John 7:7	ὅτι	ὅτι	C-	--------
John 7:7	ἐγὼ	ἐγώ	RP	----NS--
John 7:7	μαρτυρῶ	μαρτυρέω	V-	1PAI-S--
John 7:7	περὶ	περί	P-	--------
John 7:7	αὐτοῦ	αὐτός	RP	----GSM-
John 7:7	ὅτι	ὅτι	C-	--------
John 7:7	τὰ	ὁ	RA	----NPN-
John 7:7	ἔργα	ἔργον	N-	----NPN-
John 7:7	αὐτοῦ	αὐτός	RP	----GSM-
John 7:7	πονηρά	πονηρός	A-	----NPN-
John 7:7	ἐστιν	εἰμί	V-	3PAI-S--
John 7:8	ὑμεῖς	σύ	RP	----NP--
John 7:8	ἀνάβητε	ἀναβαίνω	V-	2AAD-P--
John 7:8	εἰς	εἰς	P-	--------
John 7:8	τὴν	ὁ	RA	----ASF-
John 7:8	ἑορτήν	ἑορτή	N-	----ASF-
John 7:8	ἐγὼ	ἐγώ	RP	----NS--
John 7:8	οὐκ	οὐ	D-	--------
John 7:8	ἀναβαίνω	ἀναβαίνω	V-	1PAI-S--
John 7:8	εἰς	εἰς	P-	--------
John 7:8	τὴν	ὁ	RA	----ASF-
John 7:8	ἑορτὴν	ἑορτή	N-	----ASF-
John 7:8	ταύτην	οὗτος	RD	----ASF-
John 7:8	ὅτι	ὅτι	C-	--------
John 7:8	ὁ	ὁ	RA	----NSM-
John 7:8	ἐμὸς	ἐμός	A-	----NSM-
John 7:8	καιρὸς	καιρός	N-	----NSM-
John 7:8	οὔπω	οὔπω	D-	--------
John 7:8	πεπλήρωται	πληρόω	V-	3XPI-S--
John 7:9	ταῦτα	οὗτος	RD	----APN-
John 7:9	δὲ	δέ	C-	--------
John 7:9	εἰπὼν	λέγω	V-	-AAPNSM-
John 7:9	αὐτὸς	αὐτός	RP	----NSM-
John 7:9	ἔμεινεν	μένω	V-	3AAI-S--
John 7:9	ἐν	ἐν	P-	--------
John 7:9	τῇ	ὁ	RA	----DSF-
John 7:9	Γαλιλαίᾳ	Γαλιλαία	N-	----DSF-
John 7:10	Ὡς	ὡς	C-	--------
John 7:10	δὲ	δέ	C-	--------
John 7:10	ἀνέβησαν	ἀναβαίνω	V-	3AAI-P--
John 7:10	οἱ	ὁ	RA	----NPM-
John 7:10	ἀδελφοὶ	ἀδελφός	N-	----NPM-
John 7:10	αὐτοῦ	αὐτός	RP	----GSM-
John 7:10	εἰς	εἰς	P-	--------
John 7:10	τὴν	ὁ	RA	----ASF-
John 7:10	ἑορτήν	ἑορτή	N-	----ASF-
John 7:10	τότε	τότε	D-	--------
John 7:10	καὶ	καί	D-	--------
John 7:10	αὐτὸς	αὐτός	RP	----NSM-
John 7:10	ἀνέβη	ἀναβαίνω	V-	3AAI-S--
John 7:10	οὐ	οὐ	D-	--------
John 7:10	φανερῶς	φανερῶς	D-	--------
John 7:10	ἀλλὰ	ἀλλά	C-	--------
John 7:10	ὡς	ὡς	C-	--------
John 7:10	ἐν	ἐν	P-	--------
John 7:10	κρυπτῷ	κρυπτός	A-	----DSN-
John 7:11	οἱ	ὁ	RA	----NPM-
John 7:11	οὖν	οὖν	C-	--------
John 7:11	Ἰουδαῖοι	Ἰουδαῖος	A-	----NPM-
John 7:11	ἐζήτουν	ζητέω	V-	3IAI-P--
John 7:11	αὐτὸν	αὐτός	RP	----ASM-
John 7:11	ἐν	ἐν	P-	--------
John 7:11	τῇ	ὁ	RA	----DSF-
John 7:11	ἑορτῇ	ἑορτή	N-	----DSF-
John 7:11	καὶ	καί	C-	--------
John 7:11	ἔλεγον	λέγω	V-	3IAI-P--
John 7:11	Ποῦ	ποῦ	D-	--------
John 7:11	ἐστιν	εἰμί	V-	3PAI-S--
John 7:11	ἐκεῖνος	ἐκεῖνος	RD	----NSM-
John 7:12	καὶ	καί	C-	--------
John 7:12	γογγυσμὸς	γογγυσμός	N-	----NSM-
John 7:12	περὶ	περί	P-	--------
John 7:12	αὐτοῦ	αὐτός	RP	----GSM-
John 7:12	ἦν	εἰμί	V-	3IAI-S--
John 7:12	πολὺς	πολύς	A-	----NSM-
John 7:12	ἐν	ἐν	P-	--------
John 7:12	τοῖς	ὁ	RA	----DPM-
John 7:12	ὄχλοις	ὄχλος	N-	----DPM-
John 7:12	οἱ	ὁ	RA	----NPM-
John 7:12	μὲν	μέν	C-	--------
John 7:12	ἔλεγον	λέγω	V-	3IAI-P--
John 7:12	ὅτι	ὅτι	C-	--------
John 7:12	Ἀγαθός	ἀγαθός	A-	----NSM-
John 7:12	ἐστιν	εἰμί	V-	3PAI-S--
John 7:12	ἄλλοι	ἄλλος	A-	----NPM-
John 7:12	δὲ	δέ	C-	--------
John 7:12	ἔλεγον	λέγω	V-	3IAI-P--
John 7:12	Οὔ	οὔ	X-	--------
John 7:12	ἀλλὰ	ἀλλά	C-	--------
John 7:12	πλανᾷ	πλανάω	V-	3PAI-S--
John 7:12	τὸν	ὁ	RA	----ASM-
John 7:12	ὄχλον	ὄχλος	N-	----ASM-
John 7:13	οὐδεὶς	οὐδείς	A-	----NSM-
John 7:13	μέντοι	μέντοι	C-	--------
John 7:13	παρρησίᾳ	παρρησία	N-	----DSF-
John 7:13	ἐλάλει	λαλέω	V-	3IAI-S--
John 7:13	περὶ	περί	P-	--------
John 7:13	αὐτοῦ	αὐτός	RP	----GSM-
John 7:13	διὰ	διά	P-	--------
John 7:13	τὸν	ὁ	RA	----ASM-
John 7:13	φόβον	φόβος	N-	----ASM-
John 7:13	τῶν	ὁ	RA	----GPM-
John 7:13	Ἰουδαίων	Ἰουδαῖος	A-	----GPM-
John 7:14	Ἤδη	ἤδη	D-	--------
John 7:14	δὲ	δέ	C-	--------
John 7:14	τῆς	ὁ	RA	----GSF-
John 7:14	ἑορτῆς	ἑορτή	N-	----GSF-
John 7:14	μεσούσης	μεσόω	V-	-PAPGSF-
John 7:14	ἀνέβη	ἀναβαίνω	V-	3AAI-S--
John 7:14	Ἰησοῦς	Ἰησοῦς	N-	----NSM-
John 7:14	εἰς	εἰς	P-	--------
John 7:14	τὸ	ὁ	RA	----ASN-
John 7:14	ἱερὸν	ἱερός	A-	----ASN-
John 7:14	καὶ	καί	C-	--------
John 7:14	ἐδίδασκεν	διδάσκω	V-	3IAI-S--
John 7:15	ἐθαύμαζον	θαυμάζω	V-	3IAI-P--
John 7:15	οὖν	οὖν	C-	--------
John 7:15	οἱ	ὁ	RA	----NPM-
John 7:15	Ἰουδαῖοι	Ἰουδαῖος	A-	----NPM-
John 7:15	λέγοντες	λέγω	V-	-PAPNPM-
John 7:15	Πῶς	πῶς	D-	--------
John 7:15	οὗτος	οὗτος	RD	----NSM-
John 7:15	γράμματα	γράμμα	N-	----APN-
John 7:15	οἶδεν	οἶδα	V-	3XAI-S--
John 7:15	μὴ	μή	D-	--------
John 7:15	μεμαθηκώς	μανθάνω	V-	-XAPNSM-
John 7:16	ἀπεκρίθη	ἀποκρίνομαι	V-	3API-S--
John 7:16	οὖν	οὖν	C-	--------
John 7:16	αὐτοῖς	αὐτός	RP	----DPM-
John 7:16	ὁ	ὁ	RA	----NSM-
John 7:16	Ἰησοῦς	Ἰησοῦς	N-	----NSM-
John 7:16	καὶ	καί	C-	--------
John 7:16	εἶπεν	λέγω	V-	3AAI-S--
John 7:16	Ἡ	ὁ	RA	----NSF-
John 7:16	ἐμὴ	ἐμός	A-	----NSF-
John 7:16	διδαχὴ	διδαχή	N-	----NSF-
John 7:16	οὐκ	οὐ	D-	--------
John 7:16	ἔστιν	εἰμί	V-	3PAI-S--
John 7:16	ἐμὴ	ἐμός	A-	----NSF-
John 7:16	ἀλλὰ	ἀλλά	C-	--------
John 7:16	τοῦ	ὁ	RA	----GSM-
John 7:16	πέμψαντός	πέμπω	V-	-AAPGSM-
John 7:16	με	ἐγώ	RP	----AS--
John 7:17	ἐάν	ἐάν	C-	--------
John 7:17	τις	τις	RI	----NSM-
John 7:17	θέλῃ	θέλω	V-	3PAS-S--
John 7:17	τὸ	ὁ	RA	----ASN-
John 7:17	θέλημα	θέλημα	N-	----ASN-
John 7:17	αὐτοῦ	αὐτός	RP	----GSM-
John 7:17	ποιεῖν	ποιέω	V-	-PAN----
John 7:17	γνώσεται	γινώσκω	V-	3FMI-S--
John 7:17	περὶ	περί	P-	--------
John 7:17	τῆς	ὁ	RA	----GSF-
John 7:17	διδαχῆς	διδαχή	N-	----GSF-
John 7:17	πότερον	πότερον	D-	--------
John 7:17	ἐκ	ἐκ	P-	--------
John 7:17	τοῦ	ὁ	RA	----GSM-
John 7:17	θεοῦ	θεός	N-	----GSM-
John 7:17	ἐστιν	εἰμί	V-	3PAI-S--
John 7:17	ἢ	ἤ	C-	--------
John 7:17	ἐγὼ	ἐγώ	RP	----NS--
John 7:17	ἀπ’	ἀπό	P-	--------
John 7:17	ἐμαυτοῦ	ἐμαυτοῦ	RP	----GSM-
John 7:17	λαλῶ	λαλέω	V-	1PAI-S--
John 7:18	ὁ	ὁ	RA	----NSM-
John 7:18	ἀφ’	ἀπό	P-	--------
John 7:18	ἑαυτοῦ	ἑαυτοῦ	RP	----GSM-
John 7:18	λαλῶν	λαλέω	V-	-PAPNSM-
John 7:18	τὴν	ὁ	RA	----ASF-
John 7:18	δόξαν	δόξα	N-	----ASF-
John 7:18	τὴν	ὁ	RA	----ASF-
John 7:18	ἰδίαν	ἴδιος	A-	----ASF-
John 7:18	ζητεῖ	ζητέω	V-	3PAI-S--
John 7:18	ὁ	ὁ	RA	----NSM-
John 7:18	δὲ	δέ	C-	--------
John 7:18	ζητῶν	ζητέω	V-	-PAPNSM-
John 7:18	τὴν	ὁ	RA	----ASF-
John 7:18	δόξαν	δόξα	N-	----ASF-
John 7:18	τοῦ	ὁ	RA	----GSM-
John 7:18	πέμψαντος	πέμπω	V-	-AAPGSM-
John 7:18	αὐτὸν	αὐτός	RP	----ASM-
John 7:18	οὗτος	οὗτος	RD	----NSM-
John 7:18	ἀληθής	ἀληθής	A-	----NSM-
John 7:18	ἐστιν	εἰμί	V-	3PAI-S--
John 7:18	καὶ	καί	C-	--------
John 7:18	ἀδικία	ἀδικία	N-	----NSF-
John 7:18	ἐν	ἐν	P-	--------
John 7:18	αὐτῷ	αὐτός	RP	----DSM-
John 7:18	οὐκ	οὐ	D-	--------
John 7:18	ἔστιν	εἰμί	V-	3PAI-S--
John 7:19	Οὐ	οὐ	X-	--------
John 7:19	Μωϋσῆς	Μωϋσῆς	N-	----NSM-
John 7:19	δέδωκεν	δίδωμι	V-	3XAI-S--
John 7:19	ὑμῖν	σύ	RP	----DP--
John 7:19	τὸν	ὁ	RA	----ASM-
John 7:19	νόμον	νόμος	N-	----ASM-
John 7:19	καὶ	καί	C-	--------
John 7:19	οὐδεὶς	οὐδείς	A-	----NSM-
John 7:19	ἐξ	ἐκ	P-	--------
John 7:19	ὑμῶν	σύ	RP	----GP--
John 7:19	ποιεῖ	ποιέω	V-	3PAI-S--
John 7:19	τὸν	ὁ	RA	----ASM-
John 7:19	νόμον	νόμος	N-	----ASM-
John 7:19	τί	τίς	RI	----ASN-
John 7:19	με	ἐγώ	RP	----AS--
John 7:19	ζητεῖτε	ζητέω	V-	2PAI-P--
John 7:19	ἀποκτεῖναι	ἀποκτείνω	V-	-AAN----
John 7:20	ἀπεκρίθη	ἀποκρίνομαι	V-	3API-S--
John 7:20	ὁ	ὁ	RA	----NSM-
John 7:20	ὄχλος	ὄχλος	N-	----NSM-
John 7:20	Δαιμόνιον	δαιμόνιον	N-	----ASN-
John 7:20	ἔχεις	ἔχω	V-	2PAI-S--
John 7:20	τίς	τίς	RI	----NSM-
John 7:20	σε	σύ	RP	----AS--
John 7:20	ζητεῖ	ζητέω	V-	3PAI-S--
John 7:20	ἀποκτεῖναι	ἀποκτείνω	V-	-AAN----
John 7:21	ἀπεκρίθη	ἀποκρίνομαι	V-	3API-S--
John 7:21	Ἰησοῦς	Ἰησοῦς	N-	----NSM-
John 7:21	καὶ	καί	C-	--------
John 7:21	εἶπεν	λέγω	V-	3AAI-S--
John 7:21	αὐτοῖς	αὐτός	RP	----DPM-
John 7:21	Ἓν	εἷς	A-	----ASN-
John 7:21	ἔργον	ἔργον	N-	----ASN-
John 7:21	ἐποίησα	ποιέω	V-	1AAI-S--
John 7:21	καὶ	καί	C-	--------
John 7:21	πάντες	πᾶς	A-	----NPM-
John 7:21	θαυμάζετε	θαυμάζω	V-	2PAI-P--
John 7:22	διὰ	διά	P-	--------
John 7:22	τοῦτο	οὗτος	RD	----ASN-
John 7:22	Μωϋσῆς	Μωϋσῆς	N-	----NSM-
John 7:22	δέδωκεν	δίδωμι	V-	3XAI-S--
John 7:22	ὑμῖν	σύ	RP	----DP--
John 7:22	τὴν	ὁ	RA	----ASF-
John 7:22	περιτομήν	περιτομή	N-	----ASF-
John 7:22	οὐχ	οὐ	D-	--------
John 7:22	ὅτι	ὅτι	C-	--------
John 7:22	ἐκ	ἐκ	P-	--------
John 7:22	τοῦ	ὁ	RA	----GSM-
John 7:22	Μωϋσέως	Μωϋσῆς	N-	----GSM-
John 7:22	ἐστὶν	εἰμί	V-	3PAI-S--
John 7:22	ἀλλ’	ἀλλά	C-	--------
John 7:22	ἐκ	ἐκ	P-	--------
John 7:22	τῶν	ὁ	RA	----GPM-
John 7:22	πατέρων	πατήρ	N-	----GPM-
John 7:22	καὶ	καί	C-	--------
John 7:22	ἐν	ἐν	P-	--------
John 7:22	σαββάτῳ	σάββατον	N-	----DSN-
John 7:22	περιτέμνετε	περιτέμνω	V-	2PAI-P--
John 7:22	ἄνθρωπον	ἄνθρωπος	N-	----ASM-
John 7:23	εἰ	εἰ	C-	--------
John 7:23	περιτομὴν	περιτομή	N-	----ASF-
John 7:23	λαμβάνει	λαμβάνω	V-	3PAI-S--
John 7:23	ἄνθρωπος	ἄνθρωπος	N-	----NSM-
John 7:23	ἐν	ἐν	P-	--------
John 7:23	σαββάτῳ	σάββατον	N-	----DSN-
John 7:23	ἵνα	ἵνα	C-	--------
John 7:23	μὴ	μή	D-	--------
John 7:23	λυθῇ	λύω	V-	3APS-S--
John 7:23	ὁ	ὁ	RA	----NSM-
John 7:23	νόμος	νόμος	N-	----NSM-
John 7:23	Μωϋσέως	Μωϋσῆς	N-	----GSM-
John 7:23	ἐμοὶ	ἐγώ	RP	----DS--
John 7:23	χολᾶτε	χολάω	V-	2PAI-P--
John 7:23	ὅτι	ὅτι	C-	--------
John 7:23	ὅλον	ὅλος	A-	----ASM-
John 7:23	ἄνθρωπον	ἄνθρωπος	N-	----ASM-
John 7:23	ὑγιῆ	ὑγιής	A-	----ASM-
John 7:23	ἐποίησα	ποιέω	V-	1AAI-S--
John 7:23	ἐν	ἐν	P-	--------
John 7:23	σαββάτῳ	σάββατον	N-	----DSN-
John 7:24	μὴ	μή	D-	--------
John 7:24	κρίνετε	κρίνω	V-	2PAD-P--
John 7:24	κατ’	κατά	P-	--------
John 7:24	ὄψιν	ὄψις	N-	----ASF-
John 7:24	ἀλλὰ	ἀλλά	C-	--------
John 7:24	τὴν	ὁ	RA	----ASF-
John 7:24	δικαίαν	δίκαιος	A-	----ASF-
John 7:24	κρίσιν	κρίσις	N-	----ASF-
John 7:24	κρίνετε	κρίνω	V-	2PAD-P--
John 7:25	Ἔλεγον	λέγω	V-	3IAI-P--
John 7:25	οὖν	οὖν	C-	--------
John 7:25	τινες	τις	RI	----NPM-
John 7:25	ἐκ	ἐκ	P-	--------
John 7:25	τῶν	ὁ	RA	----GPM-
John 7:25	Ἱεροσολυμιτῶν	Ἱεροσολυμίτης	N-	----GPM-
John 7:25	Οὐχ	οὐ	X-	--------
John 7:25	οὗτός	οὗτος	RD	----NSM-
John 7:25	ἐστιν	εἰμί	V-	3PAI-S--
John 7:25	ὃν	ὅς	RR	----ASM-
John 7:25	ζητοῦσιν	ζητέω	V-	3PAI-P--
John 7:25	ἀποκτεῖναι	ἀποκτείνω	V-	-AAN----
John 7:26	καὶ	καί	C-	--------
John 7:26	ἴδε	ἴδε	X-	--------
John 7:26	παρρησίᾳ	παρρησία	N-	----DSF-
John 7:26	λαλεῖ	λαλέω	V-	3PAI-S--
John 7:26	καὶ	καί	C-	--------
John 7:26	οὐδὲν	οὐδείς	A-	----ASN-
John 7:26	αὐτῷ	αὐτός	RP	----DSM-
John 7:26	λέγουσιν	λέγω	V-	3PAI-P--
John 7:26	μήποτε	μήποτε	X-	--------
John 7:26	ἀληθῶς	ἀληθῶς	D-	--------
John 7:26	ἔγνωσαν	γινώσκω	V-	3AAI-P--
John 7:26	οἱ	ὁ	RA	----NPM-
John 7:26	ἄρχοντες	ἄρχων	N-	----NPM-
John 7:26	ὅτι	ὅτι	C-	--------
John 7:26	οὗτός	οὗτος	RD	----NSM-
John 7:26	ἐστιν	εἰμί	V-	3PAI-S--
John 7:26	ὁ	ὁ	RA	----NSM-
John 7:26	χριστός	Χριστός	N-	----NSM-
John 7:27	ἀλλὰ	ἀλλά	C-	--------
John 7:27	τοῦτον	οὗτος	RD	----ASM-
John 7:27	οἴδαμεν	οἶδα	V-	1XAI-P--
John 7:27	πόθεν	πόθεν	D-	--------
John 7:27	ἐστίν	εἰμί	V-	3PAI-S--
John 7:27	ὁ	ὁ	RA	----NSM-
John 7:27	δὲ	δέ	C-	--------
John 7:27	χριστὸς	Χριστός	N-	----NSM-
John 7:27	ὅταν	ὅταν	C-	--------
John 7:27	ἔρχηται	ἔρχομαι	V-	3PMS-S--
John 7:27	οὐδεὶς	οὐδείς	A-	----NSM-
John 7:27	γινώσκει	γινώσκω	V-	3PAI-S--
John 7:27	πόθεν	πόθεν	D-	--------
John 7:27	ἐστίν	εἰμί	V-	3PAI-S--
John 7:28	ἔκραξεν	κράζω	V-	3AAI-S--
John 7:28	οὖν	οὖν	C-	--------
John 7:28	ἐν	ἐν	P-	--------
John 7:28	τῷ	ὁ	RA	----DSN-
John 7:28	ἱερῷ	ἱερός	A-	----DSN-
John 7:28	διδάσκων	διδάσκω	V-	-PAPNSM-
John 7:28	ὁ	ὁ	RA	----NSM-
John 7:28	Ἰησοῦς	Ἰησοῦς	N-	----NSM-
John 7:28	καὶ	καί	C-	--------
John 7:28	λέγων	λέγω	V-	-PAPNSM-
John 7:28	Κἀμὲ	κἀγώ	RP	----AS--
John 7:28	οἴδατε	οἶδα	V-	2XAI-P--
John 7:28	καὶ	καί	C-	--------
John 7:28	οἴδατε	οἶδα	V-	2XAI-P--
John 7:28	πόθεν	πόθεν	D-	--------
John 7:28	εἰμί	εἰμί	V-	1PAI-S--
John 7:28	καὶ	καί	C-	--------
John 7:28	ἀπ’	ἀπό	P-	--------
John 7:28	ἐμαυτοῦ	ἐμαυτοῦ	RP	----GSM-
John 7:28	οὐκ	οὐ	D-	--------
John 7:28	ἐλήλυθα	ἔρχομαι	V-	1XAI-S--
John 7:28	ἀλλ’	ἀλλά	C-	--------
John 7:28	ἔστιν	εἰμί	V-	3PAI-S--
John 7:28	ἀληθινὸς	ἀληθινός	A-	----NSM-
John 7:28	ὁ	ὁ	RA	----NSM-
John 7:28	πέμψας	πέμπω	V-	-AAPNSM-
John 7:28	με	ἐγώ	RP	----AS--
John 7:28	ὃν	ὅς	RR	----ASM-
John 7:28	ὑμεῖς	σύ	RP	----NP--
John 7:28	οὐκ	οὐ	D-	--------
John 7:28	οἴδατε	οἶδα	V-	2XAI-P--
John 7:29	ἐγὼ	ἐγώ	RP	----NS--
John 7:29	οἶδα	οἶδα	V-	1XAI-S--
John 7:29	αὐτόν	αὐτός	RP	----ASM-
John 7:29	ὅτι	ὅτι	C-	--------
John 7:29	παρ’	παρά	P-	--------
John 7:29	αὐτοῦ	αὐτός	RP	----GSM-
John 7:29	εἰμι	εἰμί	V-	1PAI-S--
John 7:29	κἀκεῖνός	κἀκεῖνος	RD	----NSM-
John 7:29	με	ἐγώ	RP	----AS--
John 7:29	ἀπέστειλεν	ἀποστέλλω	V-	3AAI-S--
John 7:30	ἐζήτουν	ζητέω	V-	3IAI-P--
John 7:30	οὖν	οὖν	C-	--------
John 7:30	αὐτὸν	αὐτός	RP	----ASM-
John 7:30	πιάσαι	πιάζω	V-	-AAN----
John 7:30	καὶ	καί	C-	--------
John 7:30	οὐδεὶς	οὐδείς	A-	----NSM-
John 7:30	ἐπέβαλεν	ἐπιβάλλω	V-	3AAI-S--
John 7:30	ἐπ’	ἐπί	P-	--------
John 7:30	αὐτὸν	αὐτός	RP	----ASM-
John 7:30	τὴν	ὁ	RA	----ASF-
John 7:30	χεῖρα	χείρ	N-	----ASF-
John 7:30	ὅτι	ὅτι	C-	--------
John 7:30	οὔπω	οὔπω	D-	--------
John 7:30	ἐληλύθει	ἔρχομαι	V-	3YAI-S--
John 7:30	ἡ	ὁ	RA	----NSF-
John 7:30	ὥρα	ὥρα	N-	----NSF-
John 7:30	αὐτοῦ	αὐτός	RP	----GSM-
John 7:31	ἐκ	ἐκ	P-	--------
John 7:31	τοῦ	ὁ	RA	----GSM-
John 7:31	ὄχλου	ὄχλος	N-	----GSM-
John 7:31	δὲ	δέ	C-	--------
John 7:31	πολλοὶ	πολύς	A-	----NPM-
John 7:31	ἐπίστευσαν	πιστεύω	V-	3AAI-P--
John 7:31	εἰς	εἰς	P-	--------
John 7:31	αὐτόν	αὐτός	RP	----ASM-
John 7:31	καὶ	καί	C-	--------
John 7:31	ἔλεγον	λέγω	V-	3IAI-P--
John 7:31	Ὁ	ὁ	RA	----NSM-
John 7:31	χριστὸς	Χριστός	N-	----NSM-
John 7:31	ὅταν	ὅταν	C-	--------
John 7:31	ἔλθῃ	ἔρχομαι	V-	3AAS-S--
John 7:31	μὴ	μή	X-	--------
John 7:31	πλείονα	πολύς	A-	----APNC
John 7:31	σημεῖα	σημεῖον	N-	----APN-
John 7:31	ποιήσει	ποιέω	V-	3FAI-S--
John 7:31	ὧν	ὅς	RR	----GPN-
John 7:31	οὗτος	οὗτος	RD	----NSM-
John 7:31	ἐποίησεν	ποιέω	V-	3AAI-S--
John 7:32	Ἤκουσαν	ἀκούω	V-	3AAI-P--
John 7:32	οἱ	ὁ	RA	----NPM-
John 7:32	Φαρισαῖοι	Φαρισαῖος	N-	----NPM-
John 7:32	τοῦ	ὁ	RA	----GSM-
John 7:32	ὄχλου	ὄχλος	N-	----GSM-
John 7:32	γογγύζοντος	γογγύζω	V-	-PAPGSM-
John 7:32	περὶ	περί	P-	--------
John 7:32	αὐτοῦ	αὐτός	RP	----GSM-
John 7:32	ταῦτα	οὗτος	RD	----APN-
John 7:32	καὶ	καί	C-	--------
John 7:32	ἀπέστειλαν	ἀποστέλλω	V-	3AAI-P--
John 7:32	οἱ	ὁ	RA	----NPM-
John 7:32	ἀρχιερεῖς	ἀρχιερεύς	N-	----NPM-
John 7:32	καὶ	καί	C-	--------
John 7:32	οἱ	ὁ	RA	----NPM-
John 7:32	Φαρισαῖοι	Φαρισαῖος	N-	----NPM-
John 7:32	ὑπηρέτας	ὑπηρέτης	N-	----APM-
John 7:32	ἵνα	ἵνα	C-	--------
John 7:32	πιάσωσιν	πιάζω	V-	3AAS-P--
John 7:32	αὐτόν	αὐτός	RP	----ASM-
John 7:33	εἶπεν	λέγω	V-	3AAI-S--
John 7:33	οὖν	οὖν	C-	--------
John 7:33	ὁ	ὁ	RA	----NSM-
John 7:33	Ἰησοῦς	Ἰησοῦς	N-	----NSM-
John 7:33	Ἔτι	ἔτι	D-	--------
John 7:33	χρόνον	χρόνος	N-	----ASM-
John 7:33	μικρὸν	μικρός	A-	----ASM-
John 7:33	μεθ’	μετά	P-	--------
John 7:33	ὑμῶν	σύ	RP	----GP--
John 7:33	εἰμι	εἰμί	V-	1PAI-S--
John 7:33	καὶ	καί	C-	--------
John 7:33	ὑπάγω	ὑπάγω	V-	1PAI-S--
John 7:33	πρὸς	πρός	P-	--------
John 7:33	τὸν	ὁ	RA	----ASM-
John 7:33	πέμψαντά	πέμπω	V-	-AAPASM-
John 7:33	με	ἐγώ	RP	----AS--
John 7:34	ζητήσετέ	ζητέω	V-	2FAI-P--
John 7:34	με	ἐγώ	RP	----AS--
John 7:34	καὶ	καί	C-	--------
John 7:34	οὐχ	οὐ	D-	--------
John 7:34	εὑρήσετε	εὑρίσκω	V-	2FAI-P--
John 7:34	καὶ	καί	C-	--------
John 7:34	ὅπου	ὅπου	C-	--------
John 7:34	εἰμὶ	εἰμί	V-	1PAI-S--
John 7:34	ἐγὼ	ἐγώ	RP	----NS--
John 7:34	ὑμεῖς	σύ	RP	----NP--
John 7:34	οὐ	οὐ	D-	--------
John 7:34	δύνασθε	δύναμαι	V-	2PMI-P--
John 7:34	ἐλθεῖν	ἔρχομαι	V-	-AAN----
John 7:35	εἶπον	λέγω	V-	3AAI-P--
John 7:35	οὖν	οὖν	C-	--------
John 7:35	οἱ	ὁ	RA	----NPM-
John 7:35	Ἰουδαῖοι	Ἰουδαῖος	A-	----NPM-
John 7:35	πρὸς	πρός	P-	--------
John 7:35	ἑαυτούς	ἑαυτοῦ	RP	----APM-
John 7:35	Ποῦ	ποῦ	D-	--------
John 7:35	οὗτος	οὗτος	RD	----NSM-
John 7:35	μέλλει	μέλλω	V-	3PAI-S--
John 7:35	πορεύεσθαι	πορεύομαι	V-	-PMN----
John 7:35	ὅτι	ὅτι	C-	--------
John 7:35	ἡμεῖς	ἐγώ	RP	----NP--
John 7:35	οὐχ	οὐ	D-	--------
John 7:35	εὑρήσομεν	εὑρίσκω	V-	1FAI-P--
John 7:35	αὐτόν	αὐτός	RP	----ASM-
John 7:35	μὴ	μή	X-	--------
John 7:35	εἰς	εἰς	P-	--------
John 7:35	τὴν	ὁ	RA	----ASF-
John 7:35	διασπορὰν	διασπορά	N-	----ASF-
John 7:35	τῶν	ὁ	RA	----GPM-
John 7:35	Ἑλλήνων	Ἕλλην	N-	----GPM-
John 7:35	μέλλει	μέλλω	V-	3PAI-S--
John 7:35	πορεύεσθαι	πορεύομαι	V-	-PMN----
John 7:35	καὶ	καί	C-	--------
John 7:35	διδάσκειν	διδάσκω	V-	-PAN----
John 7:35	τοὺς	ὁ	RA	----APM-
John 7:35	Ἕλληνας	Ἕλλην	N-	----APM-
John 7:36	τίς	τίς	RI	----NSM-
John 7:36	ἐστιν	εἰμί	V-	3PAI-S--
John 7:36	ὁ	ὁ	RA	----NSM-
John 7:36	λόγος	λόγος	N-	----NSM-
John 7:36	οὗτος	οὗτος	RD	----NSM-
John 7:36	ὃν	ὅς	RR	----ASM-
John 7:36	εἶπε	λέγω	V-	3AAI-S--
John 7:36	Ζητήσετέ	ζητέω	V-	2FAI-P--
John 7:36	με	ἐγώ	RP	----AS--
John 7:36	καὶ	καί	C-	--------
John 7:36	οὐχ	οὐ	D-	--------
John 7:36	εὑρήσετε	εὑρίσκω	V-	2FAI-P--
John 7:36	καὶ	καί	C-	--------
John 7:36	ὅπου	ὅπου	C-	--------
John 7:36	εἰμὶ	εἰμί	V-	1PAI-S--
John 7:36	ἐγὼ	ἐγώ	RP	----NS--
John 7:36	ὑμεῖς	σύ	RP	----NP--
John 7:36	οὐ	οὐ	D-	--------
John 7:36	δύνασθε	δύναμαι	V-	2PMI-P--
John 7:36	ἐλθεῖν	ἔρχομαι	V-	-AAN----
John 7:37	Ἐν	ἐν	P-	--------
John 7:37	δὲ	δέ	C-	--------
John 7:37	τῇ	ὁ	RA	----DSF-
John 7:37	ἐσχάτῃ	ἔσχατος	A-	----DSF-
John 7:37	ἡμέρᾳ	ἡμέρα	N-	----DSF-
John 7:37	τῇ	ὁ	RA	----DSF-
John 7:37	μεγάλῃ	μέγας	A-	----DSF-
John 7:37	τῆς	ὁ	RA	----GSF-
John 7:37	ἑορτῆς	ἑορτή	N-	----GSF-
John 7:37	εἱστήκει	ἵστημι	V-	3YAI-S--
John 7:37	ὁ	ὁ	RA	----NSM-
John 7:37	Ἰησοῦς	Ἰησοῦς	N-	----NSM-
John 7:37	καὶ	καί	C-	--------
John 7:37	ἔκραξεν	κράζω	V-	3AAI-S--
John 7:37	λέγων	λέγω	V-	-PAPNSM-
John 7:37	Ἐάν	ἐάν	C-	--------
John 7:37	τις	τις	RI	----NSM-
John 7:37	διψᾷ	διψάω	V-	3PAS-S--
John 7:37	ἐρχέσθω	ἔρχομαι	V-	3PMD-S--
John 7:37	πρός	πρός	P-	--------
John 7:37	με	ἐγώ	RP	----AS--
John 7:37	καὶ	καί	C-	--------
John 7:37	πινέτω	πίνω	V-	3PAD-S--
John 7:38	ὁ	ὁ	RA	----NSM-
John 7:38	πιστεύων	πιστεύω	V-	-PAPNSM-
John 7:38	εἰς	εἰς	P-	--------
John 7:38	ἐμέ	ἐγώ	RP	----AS--
John 7:38	καθὼς	καθώς	C-	--------
John 7:38	εἶπεν	λέγω	V-	3AAI-S--
John 7:38	ἡ	ὁ	RA	----NSF-
John 7:38	γραφή	γραφή	N-	----NSF-
John 7:38	ποταμοὶ	ποταμός	N-	----NPM-
John 7:38	ἐκ	ἐκ	P-	--------
John 7:38	τῆς	ὁ	RA	----GSF-
John 7:38	κοιλίας	κοιλία	N-	----GSF-
John 7:38	αὐτοῦ	αὐτός	RP	----GSM-
John 7:38	ῥεύσουσιν	ῥέω	V-	3FAI-P--
John 7:38	ὕδατος	ὕδωρ	N-	----GSN-
John 7:38	ζῶντος	ζάω	V-	-PAPGSN-
John 7:39	τοῦτο	οὗτος	RD	----ASN-
John 7:39	δὲ	δέ	C-	--------
John 7:39	εἶπεν	λέγω	V-	3AAI-S--
John 7:39	περὶ	περί	P-	--------
John 7:39	τοῦ	ὁ	RA	----GSN-
John 7:39	πνεύματος	πνεῦμα	N-	----GSN-
John 7:39	οὗ	ὅς	RR	----GSN-
John 7:39	ἔμελλον	μέλλω	V-	3IAI-P--
John 7:39	λαμβάνειν	λαμβάνω	V-	-PAN----
John 7:39	οἱ	ὁ	RA	----NPM-
John 7:39	πιστεύσαντες	πιστεύω	V-	-AAPNPM-
John 7:39	εἰς	εἰς	P-	--------
John 7:39	αὐτόν	αὐτός	RP	----ASM-
John 7:39	οὔπω	οὔπω	D-	--------
John 7:39	γὰρ	γάρ	C-	--------
John 7:39	ἦν	εἰμί	V-	3IAI-S--
John 7:39	πνεῦμα	πνεῦμα	N-	----NSN-
John 7:39	ὅτι	ὅτι	C-	--------
John 7:39	Ἰησοῦς	Ἰησοῦς	N-	----NSM-
John 7:39	οὐδέπω	οὐδέπω	D-	--------
John 7:39	ἐδοξάσθη	δοξάζω	V-	3API-S--
John 7:40	Ἐκ	ἐκ	P-	--------
John 7:40	τοῦ	ὁ	RA	----GSM-
John 7:40	ὄχλου	ὄχλος	N-	----GSM-
John 7:40	οὖν	οὖν	C-	--------
John 7:40	ἀκούσαντες	ἀκούω	V-	-AAPNPM-
John 7:40	τῶν	ὁ	RA	----GPM-
John 7:40	λόγων	λόγος	N-	----GPM-
John 7:40	τούτων	οὗτος	RD	----GPM-
John 7:40	ἔλεγον	λέγω	V-	3IAI-P--
John 7:40	Οὗτός	οὗτος	RD	----NSM-
John 7:40	ἐστιν	εἰμί	V-	3PAI-S--
John 7:40	ἀληθῶς	ἀληθῶς	D-	--------
John 7:40	ὁ	ὁ	RA	----NSM-
John 7:40	προφήτης	προφήτης	N-	----NSM-
John 7:41	ἄλλοι	ἄλλος	A-	----NPM-
John 7:41	ἔλεγον	λέγω	V-	3IAI-P--
John 7:41	Οὗτός	οὗτος	RD	----NSM-
John 7:41	ἐστιν	εἰμί	V-	3PAI-S--
John 7:41	ὁ	ὁ	RA	----NSM-
John 7:41	χριστός	Χριστός	N-	----NSM-
John 7:41	οἱ	ὁ	RA	----NPM-
John 7:41	δὲ	δέ	C-	--------
John 7:41	ἔλεγον	λέγω	V-	3IAI-P--
John 7:41	Μὴ	μή	X-	--------
John 7:41	γὰρ	γάρ	C-	--------
John 7:41	ἐκ	ἐκ	P-	--------
John 7:41	τῆς	ὁ	RA	----GSF-
John 7:41	Γαλιλαίας	Γαλιλαία	N-	----GSF-
John 7:41	ὁ	ὁ	RA	----NSM-
John 7:41	χριστὸς	Χριστός	N-	----NSM-
John 7:41	ἔρχεται	ἔρχομαι	V-	3PMI-S--
John 7:42	οὐχ	οὐ	X-	--------
John 7:42	ἡ	ὁ	RA	----NSF-
John 7:42	γραφὴ	γραφή	N-	----NSF-
John 7:42	εἶπεν	λέγω	V-	3AAI-S--
John 7:42	ὅτι	ὅτι	C-	--------
John 7:42	ἐκ	ἐκ	P-	--------
John 7:42	τοῦ	ὁ	RA	----GSN-
John 7:42	σπέρματος	σπέρμα	N-	----GSN-
John 7:42	Δαυίδ	Δαυίδ	N-	----GSM-
John 7:42	καὶ	καί	C-	--------
John 7:42	ἀπὸ	ἀπό	P-	--------
John 7:42	Βηθλέεμ	Βηθλέεμ	N-	----GSF-
John 7:42	τῆς	ὁ	RA	----GSF-
John 7:42	κώμης	κώμη	N-	----GSF-
John 7:42	ὅπου	ὅπου	D-	--------
John 7:42	ἦν	εἰμί	V-	3IAI-S--
John 7:42	Δαυίδ	Δαυίδ	N-	----NSM-
John 7:42	ἔρχεται	ἔρχομαι	V-	3PMI-S--
John 7:42	ὁ	ὁ	RA	----NSM-
John 7:42	χριστός	Χριστός	N-	----NSM-
John 7:43	σχίσμα	σχίσμα	N-	----NSN-
John 7:43	οὖν	οὖν	C-	--------
John 7:43	ἐγένετο	γίνομαι	V-	3AMI-S--
John 7:43	ἐν	ἐν	P-	--------
John 7:43	τῷ	ὁ	RA	----DSM-
John 7:43	ὄχλῳ	ὄχλος	N-	----DSM-
John 7:43	δι’	διά	P-	--------
John 7:43	αὐτόν	αὐτός	RP	----ASM-
John 7:44	τινὲς	τις	RI	----NPM-
John 7:44	δὲ	δέ	C-	--------
John 7:44	ἤθελον	θέλω	V-	3IAI-P--
John 7:44	ἐξ	ἐκ	P-	--------
John 7:44	αὐτῶν	αὐτός	RP	----GPM-
John 7:44	πιάσαι	πιάζω	V-	-AAN----
John 7:44	αὐτόν	αὐτός	RP	----ASM-
John 7:44	ἀλλ’	ἀλλά	C-	--------
John 7:44	οὐδεὶς	οὐδείς	A-	----NSM-
John 7:44	ἐπέβαλεν	ἐπιβάλλω	V-	3AAI-S--
John 7:44	ἐπ’	ἐπί	P-	--------
John 7:44	αὐτὸν	αὐτός	RP	----ASM-
John 7:44	τὰς	ὁ	RA	----APF-
John 7:44	χεῖρας	χείρ	N-	----APF-
John 7:45	Ἦλθον	ἔρχομαι	V-	3AAI-P--
John 7:45	οὖν	οὖν	C-	--------
John 7:45	οἱ	ὁ	RA	----NPM-
John 7:45	ὑπηρέται	ὑπηρέτης	N-	----NPM-
John 7:45	πρὸς	πρός	P-	--------
John 7:45	τοὺς	ὁ	RA	----APM-
John 7:45	ἀρχιερεῖς	ἀρχιερεύς	N-	----APM-
John 7:45	καὶ	καί	C-	--------
John 7:45	Φαρισαίους	Φαρισαῖος	N-	----APM-
John 7:45	καὶ	καί	C-	--------
John 7:45	εἶπον	λέγω	V-	3AAI-P--
John 7:45	αὐτοῖς	αὐτός	RP	----DPM-
John 7:45	ἐκεῖνοι	ἐκεῖνος	RD	----NPM-
John 7:45	Διὰ	διά	P-	--------
John 7:45	τί	τίς	RI	----ASN-
John 7:45	οὐκ	οὐ	D-	--------
John 7:45	ἠγάγετε	ἄγω	V-	2AAI-P--
John 7:45	αὐτόν	αὐτός	RP	----ASM-
John 7:46	ἀπεκρίθησαν	ἀποκρίνομαι	V-	3API-P--
John 7:46	οἱ	ὁ	RA	----NPM-
John 7:46	ὑπηρέται	ὑπηρέτης	N-	----NPM-
John 7:46	Οὐδέποτε	οὐδέποτε	D-	--------
John 7:46	ἐλάλησεν	λαλέω	V-	3AAI-S--
John 7:46	οὕτως	οὕτω(ς)	D-	--------
John 7:46	ἄνθρωπος	ἄνθρωπος	N-	----NSM-
John 7:47	ἀπεκρίθησαν	ἀποκρίνομαι	V-	3API-P--
John 7:47	οὖν	οὖν	C-	--------
John 7:47	αὐτοῖς	αὐτός	RP	----DPM-
John 7:47	οἱ	ὁ	RA	----NPM-
John 7:47	Φαρισαῖοι	Φαρισαῖος	N-	----NPM-
John 7:47	Μὴ	μή	X-	--------
John 7:47	καὶ	καί	D-	--------
John 7:47	ὑμεῖς	σύ	RP	----NP--
John 7:47	πεπλάνησθε	πλανάω	V-	2XPI-P--
John 7:48	μή	μή	X-	--------
John 7:48	τις	τις	RI	----NSM-
John 7:48	ἐκ	ἐκ	P-	--------
John 7:48	τῶν	ὁ	RA	----GPM-
John 7:48	ἀρχόντων	ἄρχων	N-	----GPM-
John 7:48	ἐπίστευσεν	πιστεύω	V-	3AAI-S--
John 7:48	εἰς	εἰς	P-	--------
John 7:48	αὐτὸν	αὐτός	RP	----ASM-
John 7:48	ἢ	ἤ	C-	--------
John 7:48	ἐκ	ἐκ	P-	--------
John 7:48	τῶν	ὁ	RA	----GPM-
John 7:48	Φαρισαίων	Φαρισαῖος	N-	----GPM-
John 7:49	ἀλλὰ	ἀλλά	C-	--------
John 7:49	ὁ	ὁ	RA	----NSM-
John 7:49	ὄχλος	ὄχλος	N-	----NSM-
John 7:49	οὗτος	οὗτος	RD	----NSM-
John 7:49	ὁ	ὁ	RA	----NSM-
John 7:49	μὴ	μή	D-	--------
John 7:49	γινώσκων	γινώσκω	V-	-PAPNSM-
John 7:49	τὸν	ὁ	RA	----ASM-
John 7:49	νόμον	νόμος	N-	----ASM-
John 7:49	ἐπάρατοί	ἐπάρατος	A-	----NPM-
John 7:49	εἰσιν	εἰμί	V-	3PAI-P--
John 7:50	λέγει	λέγω	V-	3PAI-S--
John 7:50	Νικόδημος	Νικόδημος	N-	----NSM-
John 7:50	πρὸς	πρός	P-	--------
John 7:50	αὐτούς	αὐτός	RP	----APM-
John 7:50	ὁ	ὁ	RA	----NSM-
John 7:50	ἐλθὼν	ἔρχομαι	V-	-AAPNSM-
John 7:50	πρὸς	πρός	P-	--------
John 7:50	αὐτὸν	αὐτός	RP	----ASM-
John 7:50	πρότερον	πρότερος	A-	----ASNC
John 7:50	εἷς	εἷς	A-	----NSM-
John 7:50	ὢν	εἰμί	V-	-PAPNSM-
John 7:50	ἐξ	ἐκ	P-	--------
John 7:50	αὐτῶν	αὐτός	RP	----GPM-
John 7:51	Μὴ	μή	X-	--------
John 7:51	ὁ	ὁ	RA	----NSM-
John 7:51	νόμος	νόμος	N-	----NSM-
John 7:51	ἡμῶν	ἐγώ	RP	----GP--
John 7:51	κρίνει	κρίνω	V-	3PAI-S--
John 7:51	τὸν	ὁ	RA	----ASM-
John 7:51	ἄνθρωπον	ἄνθρωπος	N-	----ASM-
John 7:51	ἐὰν	ἐάν	C-	--------
John 7:51	μὴ	μή	D-	--------
John 7:51	ἀκούσῃ	ἀκούω	V-	3AAS-S--
John 7:51	πρῶτον	πρῶτος	A-	----ASN-
John 7:51	παρ’	παρά	P-	--------
John 7:51	αὐτοῦ	αὐτός	RP	----GSM-
John 7:51	καὶ	καί	C-	--------
John 7:51	γνῷ	γινώσκω	V-	3AAS-S--
John 7:51	τί	τίς	RI	----ASN-
John 7:51	ποιεῖ	ποιέω	V-	3PAI-S--
John 7:52	ἀπεκρίθησαν	ἀποκρίνομαι	V-	3API-P--
John 7:52	καὶ	καί	C-	--------
John 7:52	εἶπαν	λέγω	V-	3AAI-P--
John 7:52	αὐτῷ	αὐτός	RP	----DSM-
John 7:52	Μὴ	μή	X-	--------
John 7:52	καὶ	καί	D-	--------
John 7:52	σὺ	σύ	RP	----NS--
John 7:52	ἐκ	ἐκ	P-	--------
John 7:52	τῆς	ὁ	RA	----GSF-
John 7:52	Γαλιλαίας	Γαλιλαία	N-	----GSF-
John 7:52	εἶ	εἰμί	V-	2PAI-S--
John 7:52	ἐραύνησον	ἐραυνάω	V-	2AAD-S--
John 7:52	καὶ	καί	C-	--------
John 7:52	ἴδε	ὁράω	V-	2AAD-S--
John 7:52	ὅτι	ὅτι	C-	--------
John 7:52	ἐκ	ἐκ	P-	--------
John 7:52	τῆς	ὁ	RA	----GSF-
John 7:52	Γαλιλαίας	Γαλιλαία	N-	----GSF-
John 7:52	προφήτης	προφήτης	N-	----NSM-
John 7:52	οὐκ	οὐ	D-	--------
John 7:52	ἐγείρεται	ἐγείρω	V-	3PPI-S--
John 8:12	Πάλιν	πάλιν	D-	--------
John 8:12	οὖν	οὖν	C-	--------
John 8:12	αὐτοῖς	αὐτός	RP	----DPM-
John 8:12	ἐλάλησεν	λαλέω	V-	3AAI-S--
John 8:12	ὁ	ὁ	RA	----NSM-
John 8:12	Ἰησοῦς	Ἰησοῦς	N-	----NSM-
John 8:12	λέγων	λέγω	V-	-PAPNSM-
John 8:12	Ἐγώ	ἐγώ	RP	----NS--
John 8:12	εἰμι	εἰμί	V-	1PAI-S--
John 8:12	τὸ	ὁ	RA	----NSN-
John 8:12	φῶς	φῶς	N-	----NSN-
John 8:12	τοῦ	ὁ	RA	----GSM-
John 8:12	κόσμου	κόσμος	N-	----GSM-
John 8:12	ὁ	ὁ	RA	----NSM-
John 8:12	ἀκολουθῶν	ἀκολουθέω	V-	-PAPNSM-
John 8:12	ἐμοὶ	ἐγώ	RP	----DS--
John 8:12	οὐ	οὐ	D-	--------
John 8:12	μὴ	μή	D-	--------
John 8:12	περιπατήσῃ	περιπατέω	V-	3AAS-S--
John 8:12	ἐν	ἐν	P-	--------
John 8:12	τῇ	ὁ	RA	----DSF-
John 8:12	σκοτίᾳ	σκοτία	N-	----DSF-
John 8:12	ἀλλ’	ἀλλά	C-	--------
John 8:12	ἕξει	ἔχω	V-	3FAI-S--
John 8:12	τὸ	ὁ	RA	----ASN-
John 8:12	φῶς	φῶς	N-	----ASN-
John 8:12	τῆς	ὁ	RA	----GSF-
John 8:12	ζωῆς	ζωή	N-	----GSF-
John 8:13	εἶπον	λέγω	V-	3AAI-P--
John 8:13	οὖν	οὖν	C-	--------
John 8:13	αὐτῷ	αὐτός	RP	----DSM-
John 8:13	οἱ	ὁ	RA	----NPM-
John 8:13	Φαρισαῖοι	Φαρισαῖος	N-	----NPM-
John 8:13	Σὺ	σύ	RP	----NS--
John 8:13	περὶ	περί	P-	--------
John 8:13	σεαυτοῦ	σεαυτοῦ	RP	----GSM-
John 8:13	μαρτυρεῖς	μαρτυρέω	V-	2PAI-S--
John 8:13	ἡ	ὁ	RA	----NSF-
John 8:13	μαρτυρία	μαρτυρία	N-	----NSF-
John 8:13	σου	σύ	RP	----GS--
John 8:13	οὐκ	οὐ	D-	--------
John 8:13	ἔστιν	εἰμί	V-	3PAI-S--
John 8:13	ἀληθής	ἀληθής	A-	----NSF-
John 8:14	ἀπεκρίθη	ἀποκρίνομαι	V-	3API-S--
John 8:14	Ἰησοῦς	Ἰησοῦς	N-	----NSM-
John 8:14	καὶ	καί	C-	--------
John 8:14	εἶπεν	λέγω	V-	3AAI-S--
John 8:14	αὐτοῖς	αὐτός	RP	----DPM-
John 8:14	Κἂν	κἄν	D-	--------
John 8:14	ἐγὼ	ἐγώ	RP	----NS--
John 8:14	μαρτυρῶ	μαρτυρέω	V-	1PAS-S--
John 8:14	περὶ	περί	P-	--------
John 8:14	ἐμαυτοῦ	ἐμαυτοῦ	RP	----GSM-
John 8:14	ἀληθής	ἀληθής	A-	----NSF-
John 8:14	ἐστιν	εἰμί	V-	3PAI-S--
John 8:14	ἡ	ὁ	RA	----NSF-
John 8:14	μαρτυρία	μαρτυρία	N-	----NSF-
John 8:14	μου	ἐγώ	RP	----GS--
John 8:14	ὅτι	ὅτι	C-	--------
John 8:14	οἶδα	οἶδα	V-	1XAI-S--
John 8:14	πόθεν	πόθεν	D-	--------
John 8:14	ἦλθον	ἔρχομαι	V-	1AAI-S--
John 8:14	καὶ	καί	C-	--------
John 8:14	ποῦ	ποῦ	D-	--------
John 8:14	ὑπάγω	ὑπάγω	V-	1PAI-S--
John 8:14	ὑμεῖς	σύ	RP	----NP--
John 8:14	δὲ	δέ	C-	--------
John 8:14	οὐκ	οὐ	D-	--------
John 8:14	οἴδατε	οἶδα	V-	2XAI-P--
John 8:14	πόθεν	πόθεν	D-	--------
John 8:14	ἔρχομαι	ἔρχομαι	V-	1PMI-S--
John 8:14	ἢ	ἤ	C-	--------
John 8:14	ποῦ	ποῦ	D-	--------
John 8:14	ὑπάγω	ὑπάγω	V-	1PAI-S--
John 8:15	ὑμεῖς	σύ	RP	----NP--
John 8:15	κατὰ	κατά	P-	--------
John 8:15	τὴν	ὁ	RA	----ASF-
John 8:15	σάρκα	σάρξ	N-	----ASF-
John 8:15	κρίνετε	κρίνω	V-	2PAI-P--
John 8:15	ἐγὼ	ἐγώ	RP	----NS--
John 8:15	οὐ	οὐ	D-	--------
John 8:15	κρίνω	κρίνω	V-	1PAI-S--
John 8:15	οὐδένα	οὐδείς	A-	----ASM-
John 8:16	καὶ	καί	D-	--------
John 8:16	ἐὰν	ἐάν	C-	--------
John 8:16	κρίνω	κρίνω	V-	1PAS-S--
John 8:16	δὲ	δέ	C-	--------
John 8:16	ἐγώ	ἐγώ	RP	----NS--
John 8:16	ἡ	ὁ	RA	----NSF-
John 8:16	κρίσις	κρίσις	N-	----NSF-
John 8:16	ἡ	ὁ	RA	----NSF-
John 8:16	ἐμὴ	ἐμός	A-	----NSF-
John 8:16	ἀληθινή	ἀληθινός	A-	----NSF-
John 8:16	ἐστιν	εἰμί	V-	3PAI-S--
John 8:16	ὅτι	ὅτι	C-	--------
John 8:16	μόνος	μόνος	A-	----NSM-
John 8:16	οὐκ	οὐ	D-	--------
John 8:16	εἰμί	εἰμί	V-	1PAI-S--
John 8:16	ἀλλ’	ἀλλά	C-	--------
John 8:16	ἐγὼ	ἐγώ	RP	----NS--
John 8:16	καὶ	καί	C-	--------
John 8:16	ὁ	ὁ	RA	----NSM-
John 8:16	πέμψας	πέμπω	V-	-AAPNSM-
John 8:16	με	ἐγώ	RP	----AS--
John 8:16	πατήρ	πατήρ	N-	----NSM-
John 8:17	καὶ	καί	D-	--------
John 8:17	ἐν	ἐν	P-	--------
John 8:17	τῷ	ὁ	RA	----DSM-
John 8:17	νόμῳ	νόμος	N-	----DSM-
John 8:17	δὲ	δέ	C-	--------
John 8:17	τῷ	ὁ	RA	----DSM-
John 8:17	ὑμετέρῳ	ὑμέτερος	A-	----DSM-
John 8:17	γέγραπται	γράφω	V-	3XPI-S--
John 8:17	ὅτι	ὅτι	C-	--------
John 8:17	δύο	δύο	A-	----GPM-
John 8:17	ἀνθρώπων	ἄνθρωπος	N-	----GPM-
John 8:17	ἡ	ὁ	RA	----NSF-
John 8:17	μαρτυρία	μαρτυρία	N-	----NSF-
John 8:17	ἀληθής	ἀληθής	A-	----NSF-
John 8:17	ἐστιν	εἰμί	V-	3PAI-S--
John 8:18	ἐγώ	ἐγώ	RP	----NS--
John 8:18	εἰμι	εἰμί	V-	1PAI-S--
John 8:18	ὁ	ὁ	RA	----NSM-
John 8:18	μαρτυρῶν	μαρτυρέω	V-	-PAPNSM-
John 8:18	περὶ	περί	P-	--------
John 8:18	ἐμαυτοῦ	ἐμαυτοῦ	RP	----GSM-
John 8:18	καὶ	καί	C-	--------
John 8:18	μαρτυρεῖ	μαρτυρέω	V-	3PAI-S--
John 8:18	περὶ	περί	P-	--------
John 8:18	ἐμοῦ	ἐγώ	RP	----GS--
John 8:18	ὁ	ὁ	RA	----NSM-
John 8:18	πέμψας	πέμπω	V-	-AAPNSM-
John 8:18	με	ἐγώ	RP	----AS--
John 8:18	πατήρ	πατήρ	N-	----NSM-
John 8:19	ἔλεγον	λέγω	V-	3IAI-P--
John 8:19	οὖν	οὖν	C-	--------
John 8:19	αὐτῷ	αὐτός	RP	----DSM-
John 8:19	Ποῦ	ποῦ	D-	--------
John 8:19	ἐστιν	εἰμί	V-	3PAI-S--
John 8:19	ὁ	ὁ	RA	----NSM-
John 8:19	πατήρ	πατήρ	N-	----NSM-
John 8:19	σου	σύ	RP	----GS--
John 8:19	ἀπεκρίθη	ἀποκρίνομαι	V-	3API-S--
John 8:19	Ἰησοῦς	Ἰησοῦς	N-	----NSM-
John 8:19	Οὔτε	οὔτε	C-	--------
John 8:19	ἐμὲ	ἐγώ	RP	----AS--
John 8:19	οἴδατε	οἶδα	V-	2XAI-P--
John 8:19	οὔτε	οὔτε	C-	--------
John 8:19	τὸν	ὁ	RA	----ASM-
John 8:19	πατέρα	πατήρ	N-	----ASM-
John 8:19	μου	ἐγώ	RP	----GS--
John 8:19	εἰ	εἰ	C-	--------
John 8:19	ἐμὲ	ἐγώ	RP	----AS--
John 8:19	ᾔδειτε	οἶδα	V-	2YAI-P--
John 8:19	καὶ	καί	D-	--------
John 8:19	τὸν	ὁ	RA	----ASM-
John 8:19	πατέρα	πατήρ	N-	----ASM-
John 8:19	μου	ἐγώ	RP	----GS--
John 8:19	ἂν	ἄν	X-	--------
John 8:19	ᾔδειτε	οἶδα	V-	2YAI-P--
John 8:20	ταῦτα	οὗτος	RD	----APN-
John 8:20	τὰ	ὁ	RA	----APN-
John 8:20	ῥήματα	ῥῆμα	N-	----APN-
John 8:20	ἐλάλησεν	λαλέω	V-	3AAI-S--
John 8:20	ἐν	ἐν	P-	--------
John 8:20	τῷ	ὁ	RA	----DSN-
John 8:20	γαζοφυλακίῳ	γαζοφυλάκιον	N-	----DSN-
John 8:20	διδάσκων	διδάσκω	V-	-PAPNSM-
John 8:20	ἐν	ἐν	P-	--------
John 8:20	τῷ	ὁ	RA	----DSN-
John 8:20	ἱερῷ	ἱερός	A-	----DSN-
John 8:20	καὶ	καί	C-	--------
John 8:20	οὐδεὶς	οὐδείς	A-	----NSM-
John 8:20	ἐπίασεν	πιάζω	V-	3AAI-S--
John 8:20	αὐτόν	αὐτός	RP	----ASM-
John 8:20	ὅτι	ὅτι	C-	--------
John 8:20	οὔπω	οὔπω	D-	--------
John 8:20	ἐληλύθει	ἔρχομαι	V-	3YAI-S--
John 8:20	ἡ	ὁ	RA	----NSF-
John 8:20	ὥρα	ὥρα	N-	----NSF-
John 8:20	αὐτοῦ	αὐτός	RP	----GSM-
John 8:21	Εἶπεν	λέγω	V-	3AAI-S--
John 8:21	οὖν	οὖν	C-	--------
John 8:21	πάλιν	πάλιν	D-	--------
John 8:21	αὐτοῖς	αὐτός	RP	----DPM-
John 8:21	Ἐγὼ	ἐγώ	RP	----NS--
John 8:21	ὑπάγω	ὑπάγω	V-	1PAI-S--
John 8:21	καὶ	καί	C-	--------
John 8:21	ζητήσετέ	ζητέω	V-	2FAI-P--
John 8:21	με	ἐγώ	RP	----AS--
John 8:21	καὶ	καί	C-	--------
John 8:21	ἐν	ἐν	P-	--------
John 8:21	τῇ	ὁ	RA	----DSF-
John 8:21	ἁμαρτίᾳ	ἁμαρτία	N-	----DSF-
John 8:21	ὑμῶν	σύ	RP	----GP--
John 8:21	ἀποθανεῖσθε	ἀποθνῄσκω	V-	2FMI-P--
John 8:21	ὅπου	ὅπου	C-	--------
John 8:21	ἐγὼ	ἐγώ	RP	----NS--
John 8:21	ὑπάγω	ὑπάγω	V-	1PAI-S--
John 8:21	ὑμεῖς	σύ	RP	----NP--
John 8:21	οὐ	οὐ	D-	--------
John 8:21	δύνασθε	δύναμαι	V-	2PMI-P--
John 8:21	ἐλθεῖν	ἔρχομαι	V-	-AAN----
John 8:22	ἔλεγον	λέγω	V-	3IAI-P--
John 8:22	οὖν	οὖν	C-	--------
John 8:22	οἱ	ὁ	RA	----NPM-
John 8:22	Ἰουδαῖοι	Ἰουδαῖος	A-	----NPM-
John 8:22	Μήτι	μήτι	X-	--------
John 8:22	ἀποκτενεῖ	ἀποκτείνω	V-	3FAI-S--
John 8:22	ἑαυτὸν	ἑαυτοῦ	RP	----ASM-
John 8:22	ὅτι	ὅτι	C-	--------
John 8:22	λέγει	λέγω	V-	3PAI-S--
John 8:22	Ὅπου	ὅπου	C-	--------
John 8:22	ἐγὼ	ἐγώ	RP	----NS--
John 8:22	ὑπάγω	ὑπάγω	V-	1PAI-S--
John 8:22	ὑμεῖς	σύ	RP	----NP--
John 8:22	οὐ	οὐ	D-	--------
John 8:22	δύνασθε	δύναμαι	V-	2PMI-P--
John 8:22	ἐλθεῖν	ἔρχομαι	V-	-AAN----
John 8:23	καὶ	καί	C-	--------
John 8:23	ἔλεγεν	λέγω	V-	3IAI-S--
John 8:23	αὐτοῖς	αὐτός	RP	----DPM-
John 8:23	Ὑμεῖς	σύ	RP	----NP--
John 8:23	ἐκ	ἐκ	P-	--------
John 8:23	τῶν	ὁ	RA	----GPN-
John 8:23	κάτω	κάτω	D-	--------
John 8:23	ἐστέ	εἰμί	V-	2PAI-P--
John 8:23	ἐγὼ	ἐγώ	RP	----NS--
John 8:23	ἐκ	ἐκ	P-	--------
John 8:23	τῶν	ὁ	RA	----GPN-
John 8:23	ἄνω	ἄνω	D-	--------
John 8:23	εἰμί	εἰμί	V-	1PAI-S--
John 8:23	ὑμεῖς	σύ	RP	----NP--
John 8:23	ἐκ	ἐκ	P-	--------
John 8:23	τούτου	οὗτος	RD	----GSM-
John 8:23	τοῦ	ὁ	RA	----GSM-
John 8:23	κόσμου	κόσμος	N-	----GSM-
John 8:23	ἐστέ	εἰμί	V-	2PAI-P--
John 8:23	ἐγὼ	ἐγώ	RP	----NS--
John 8:23	οὐκ	οὐ	D-	--------
John 8:23	εἰμὶ	εἰμί	V-	1PAI-S--
John 8:23	ἐκ	ἐκ	P-	--------
John 8:23	τοῦ	ὁ	RA	----GSM-
John 8:23	κόσμου	κόσμος	N-	----GSM-
John 8:23	τούτου	οὗτος	RD	----GSM-
John 8:24	εἶπον	λέγω	V-	1AAI-S--
John 8:24	οὖν	οὖν	C-	--------
John 8:24	ὑμῖν	σύ	RP	----DP--
John 8:24	ὅτι	ὅτι	C-	--------
John 8:24	ἀποθανεῖσθε	ἀποθνῄσκω	V-	2FMI-P--
John 8:24	ἐν	ἐν	P-	--------
John 8:24	ταῖς	ὁ	RA	----DPF-
John 8:24	ἁμαρτίαις	ἁμαρτία	N-	----DPF-
John 8:24	ὑμῶν	σύ	RP	----GP--
John 8:24	ἐὰν	ἐάν	C-	--------
John 8:24	γὰρ	γάρ	C-	--------
John 8:24	μὴ	μή	D-	--------
John 8:24	πιστεύσητε	πιστεύω	V-	2AAS-P--
John 8:24	ὅτι	ὅτι	C-	--------
John 8:24	ἐγώ	ἐγώ	RP	----NS--
John 8:24	εἰμι	εἰμί	V-	1PAI-S--
John 8:24	ἀποθανεῖσθε	ἀποθνῄσκω	V-	2FMI-P--
John 8:24	ἐν	ἐν	P-	--------
John 8:24	ταῖς	ὁ	RA	----DPF-
John 8:24	ἁμαρτίαις	ἁμαρτία	N-	----DPF-
John 8:24	ὑμῶν	σύ	RP	----GP--
John 8:25	ἔλεγον	λέγω	V-	3IAI-P--
John 8:25	οὖν	οὖν	C-	--------
John 8:25	αὐτῷ	αὐτός	RP	----DSM-
John 8:25	Σὺ	σύ	RP	----NS--
John 8:25	τίς	τίς	RI	----NSM-
John 8:25	εἶ	εἰμί	V-	2PAI-S--
John 8:25	εἶπεν	λέγω	V-	3AAI-S--
John 8:25	αὐτοῖς	αὐτός	RP	----DPM-
John 8:25	ὁ	ὁ	RA	----NSM-
John 8:25	Ἰησοῦς	Ἰησοῦς	N-	----NSM-
John 8:25	Τὴν	ὁ	RA	----ASF-
John 8:25	ἀρχὴν	ἀρχή	N-	----ASF-
John 8:25	ὅ	ὅς	RR	----ASN-
John 8:25	τι	τις	RI	----ASN-
John 8:25	καὶ	καί	D-	--------
John 8:25	λαλῶ	λαλέω	V-	1PAI-S--
John 8:25	ὑμῖν	σύ	RP	----DP--
John 8:26	πολλὰ	πολύς	A-	----APN-
John 8:26	ἔχω	ἔχω	V-	1PAI-S--
John 8:26	περὶ	περί	P-	--------
John 8:26	ὑμῶν	σύ	RP	----GP--
John 8:26	λαλεῖν	λαλέω	V-	-PAN----
John 8:26	καὶ	καί	C-	--------
John 8:26	κρίνειν	κρίνω	V-	-PAN----
John 8:26	ἀλλ’	ἀλλά	C-	--------
John 8:26	ὁ	ὁ	RA	----NSM-
John 8:26	πέμψας	πέμπω	V-	-AAPNSM-
John 8:26	με	ἐγώ	RP	----AS--
John 8:26	ἀληθής	ἀληθής	A-	----NSM-
John 8:26	ἐστιν	εἰμί	V-	3PAI-S--
John 8:26	κἀγὼ	κἀγώ	RP	----NS--
John 8:26	ἃ	ὅς	RR	----APN-
John 8:26	ἤκουσα	ἀκούω	V-	1AAI-S--
John 8:26	παρ’	παρά	P-	--------
John 8:26	αὐτοῦ	αὐτός	RP	----GSM-
John 8:26	ταῦτα	οὗτος	RD	----APN-
John 8:26	λαλῶ	λαλέω	V-	1PAI-S--
John 8:26	εἰς	εἰς	P-	--------
John 8:26	τὸν	ὁ	RA	----ASM-
John 8:26	κόσμον	κόσμος	N-	----ASM-
John 8:27	οὐκ	οὐ	D-	--------
John 8:27	ἔγνωσαν	γινώσκω	V-	3AAI-P--
John 8:27	ὅτι	ὅτι	C-	--------
John 8:27	τὸν	ὁ	RA	----ASM-
John 8:27	πατέρα	πατήρ	N-	----ASM-
John 8:27	αὐτοῖς	αὐτός	RP	----DPM-
John 8:27	ἔλεγεν	λέγω	V-	3IAI-S--
John 8:28	εἶπεν	λέγω	V-	3AAI-S--
John 8:28	οὖν	οὖν	C-	--------
John 8:28	ὁ	ὁ	RA	----NSM-
John 8:28	Ἰησοῦς	Ἰησοῦς	N-	----NSM-
John 8:28	Ὅταν	ὅταν	C-	--------
John 8:28	ὑψώσητε	ὑψόω	V-	2AAS-P--
John 8:28	τὸν	ὁ	RA	----ASM-
John 8:28	υἱὸν	υἱός	N-	----ASM-
John 8:28	τοῦ	ὁ	RA	----GSM-
John 8:28	ἀνθρώπου	ἄνθρωπος	N-	----GSM-
John 8:28	τότε	τότε	D-	--------
John 8:28	γνώσεσθε	γινώσκω	V-	2FMI-P--
John 8:28	ὅτι	ὅτι	C-	--------
John 8:28	ἐγώ	ἐγώ	RP	----NS--
John 8:28	εἰμι	εἰμί	V-	1PAI-S--
John 8:28	καὶ	καί	C-	--------
John 8:28	ἀπ’	ἀπό	P-	--------
John 8:28	ἐμαυτοῦ	ἐμαυτοῦ	RP	----GSM-
John 8:28	ποιῶ	ποιέω	V-	1PAI-S--
John 8:28	οὐδέν	οὐδείς	A-	----ASN-
John 8:28	ἀλλὰ	ἀλλά	C-	--------
John 8:28	καθὼς	καθώς	C-	--------
John 8:28	ἐδίδαξέν	διδάσκω	V-	3AAI-S--
John 8:28	με	ἐγώ	RP	----AS--
John 8:28	ὁ	ὁ	RA	----NSM-
John 8:28	πατὴρ	πατήρ	N-	----NSM-
John 8:28	ταῦτα	οὗτος	RD	----APN-
John 8:28	λαλῶ	λαλέω	V-	1PAI-S--
John 8:29	καὶ	καί	C-	--------
John 8:29	ὁ	ὁ	RA	----NSM-
John 8:29	πέμψας	πέμπω	V-	-AAPNSM-
John 8:29	με	ἐγώ	RP	----AS--
John 8:29	μετ’	μετά	P-	--------
John 8:29	ἐμοῦ	ἐγώ	RP	----GS--
John 8:29	ἐστιν	εἰμί	V-	3PAI-S--
John 8:29	οὐκ	οὐ	D-	--------
John 8:29	ἀφῆκέν	ἀφίημι	V-	3AAI-S--
John 8:29	με	ἐγώ	RP	----AS--
John 8:29	μόνον	μόνος	A-	----ASM-
John 8:29	ὅτι	ὅτι	C-	--------
John 8:29	ἐγὼ	ἐγώ	RP	----NS--
John 8:29	τὰ	ὁ	RA	----APN-
John 8:29	ἀρεστὰ	ἀρεστός	A-	----APN-
John 8:29	αὐτῷ	αὐτός	RP	----DSM-
John 8:29	ποιῶ	ποιέω	V-	1PAI-S--
John 8:29	πάντοτε	πάντοτε	D-	--------
John 8:30	ταῦτα	οὗτος	RD	----APN-
John 8:30	αὐτοῦ	αὐτός	RP	----GSM-
John 8:30	λαλοῦντος	λαλέω	V-	-PAPGSM-
John 8:30	πολλοὶ	πολύς	A-	----NPM-
John 8:30	ἐπίστευσαν	πιστεύω	V-	3AAI-P--
John 8:30	εἰς	εἰς	P-	--------
John 8:30	αὐτόν	αὐτός	RP	----ASM-
John 8:31	Ἔλεγεν	λέγω	V-	3IAI-S--
John 8:31	οὖν	οὖν	C-	--------
John 8:31	ὁ	ὁ	RA	----NSM-
John 8:31	Ἰησοῦς	Ἰησοῦς	N-	----NSM-
John 8:31	πρὸς	πρός	P-	--------
John 8:31	τοὺς	ὁ	RA	----APM-
John 8:31	πεπιστευκότας	πιστεύω	V-	-XAPAPM-
John 8:31	αὐτῷ	αὐτός	RP	----DSM-
John 8:31	Ἰουδαίους	Ἰουδαῖος	A-	----APM-
John 8:31	Ἐὰν	ἐάν	C-	--------
John 8:31	ὑμεῖς	σύ	RP	----NP--
John 8:31	μείνητε	μένω	V-	2AAS-P--
John 8:31	ἐν	ἐν	P-	--------
John 8:31	τῷ	ὁ	RA	----DSM-
John 8:31	λόγῳ	λόγος	N-	----DSM-
John 8:31	τῷ	ὁ	RA	----DSM-
John 8:31	ἐμῷ	ἐμός	A-	----DSM-
John 8:31	ἀληθῶς	ἀληθῶς	D-	--------
John 8:31	μαθηταί	μαθητής	N-	----NPM-
John 8:31	μού	ἐγώ	RP	----GS--
John 8:31	ἐστε	εἰμί	V-	2PAI-P--
John 8:32	καὶ	καί	C-	--------
John 8:32	γνώσεσθε	γινώσκω	V-	2FMI-P--
John 8:32	τὴν	ὁ	RA	----ASF-
John 8:32	ἀλήθειαν	ἀλήθεια	N-	----ASF-
John 8:32	καὶ	καί	C-	--------
John 8:32	ἡ	ὁ	RA	----NSF-
John 8:32	ἀλήθεια	ἀλήθεια	N-	----NSF-
John 8:32	ἐλευθερώσει	ἐλευθερόω	V-	3FAI-S--
John 8:32	ὑμᾶς	σύ	RP	----AP--
John 8:33	ἀπεκρίθησαν	ἀποκρίνομαι	V-	3API-P--
John 8:33	πρὸς	πρός	P-	--------
John 8:33	αὐτόν	αὐτός	RP	----ASM-
John 8:33	Σπέρμα	σπέρμα	N-	----NSN-
John 8:33	Ἀβραάμ	Ἀβραάμ	N-	----GSM-
John 8:33	ἐσμεν	εἰμί	V-	1PAI-P--
John 8:33	καὶ	καί	C-	--------
John 8:33	οὐδενὶ	οὐδείς	A-	----DSM-
John 8:33	δεδουλεύκαμεν	δουλεύω	V-	1XAI-P--
John 8:33	πώποτε	πώποτε	D-	--------
John 8:33	πῶς	πῶς	D-	--------
John 8:33	σὺ	σύ	RP	----NS--
John 8:33	λέγεις	λέγω	V-	2PAI-S--
John 8:33	ὅτι	ὅτι	C-	--------
John 8:33	Ἐλεύθεροι	ἐλεύθερος	A-	----NPM-
John 8:33	γενήσεσθε	γίνομαι	V-	2FMI-P--
John 8:34	Ἀπεκρίθη	ἀποκρίνομαι	V-	3API-S--
John 8:34	αὐτοῖς	αὐτός	RP	----DPM-
John 8:34	ὁ	ὁ	RA	----NSM-
John 8:34	Ἰησοῦς	Ἰησοῦς	N-	----NSM-
John 8:34	Ἀμὴν	ἀμήν	X-	--------
John 8:34	ἀμὴν	ἀμήν	X-	--------
John 8:34	λέγω	λέγω	V-	1PAI-S--
John 8:34	ὑμῖν	σύ	RP	----DP--
John 8:34	ὅτι	ὅτι	C-	--------
John 8:34	πᾶς	πᾶς	A-	----NSM-
John 8:34	ὁ	ὁ	RA	----NSM-
John 8:34	ποιῶν	ποιέω	V-	-PAPNSM-
John 8:34	τὴν	ὁ	RA	----ASF-
John 8:34	ἁμαρτίαν	ἁμαρτία	N-	----ASF-
John 8:34	δοῦλός	δοῦλος	N-	----NSM-
John 8:34	ἐστιν	εἰμί	V-	3PAI-S--
John 8:34	τῆς	ὁ	RA	----GSF-
John 8:34	ἁμαρτίας	ἁμαρτία	N-	----GSF-
John 8:35	ὁ	ὁ	RA	----NSM-
John 8:35	δὲ	δέ	C-	--------
John 8:35	δοῦλος	δοῦλος	N-	----NSM-
John 8:35	οὐ	οὐ	D-	--------
John 8:35	μένει	μένω	V-	3PAI-S--
John 8:35	ἐν	ἐν	P-	--------
John 8:35	τῇ	ὁ	RA	----DSF-
John 8:35	οἰκίᾳ	οἰκία	N-	----DSF-
John 8:35	εἰς	εἰς	P-	--------
John 8:35	τὸν	ὁ	RA	----ASM-
John 8:35	αἰῶνα	αἰών	N-	----ASM-
John 8:35	ὁ	ὁ	RA	----NSM-
John 8:35	υἱὸς	υἱός	N-	----NSM-
John 8:35	μένει	μένω	V-	3PAI-S--
John 8:35	εἰς	εἰς	P-	--------
John 8:35	τὸν	ὁ	RA	----ASM-
John 8:35	αἰῶνα	αἰών	N-	----ASM-
John 8:36	ἐὰν	ἐάν	C-	--------
John 8:36	οὖν	οὖν	C-	--------
John 8:36	ὁ	ὁ	RA	----NSM-
John 8:36	υἱὸς	υἱός	N-	----NSM-
John 8:36	ὑμᾶς	σύ	RP	----AP--
John 8:36	ἐλευθερώσῃ	ἐλευθερόω	V-	3AAS-S--
John 8:36	ὄντως	ὄντως	D-	--------
John 8:36	ἐλεύθεροι	ἐλεύθερος	A-	----NPM-
John 8:36	ἔσεσθε	εἰμί	V-	2FMI-P--
John 8:37	οἶδα	οἶδα	V-	1XAI-S--
John 8:37	ὅτι	ὅτι	C-	--------
John 8:37	σπέρμα	σπέρμα	N-	----NSN-
John 8:37	Ἀβραάμ	Ἀβραάμ	N-	----GSM-
John 8:37	ἐστε	εἰμί	V-	2PAI-P--
John 8:37	ἀλλὰ	ἀλλά	C-	--------
John 8:37	ζητεῖτέ	ζητέω	V-	2PAI-P--
John 8:37	με	ἐγώ	RP	----AS--
John 8:37	ἀποκτεῖναι	ἀποκτείνω	V-	-AAN----
John 8:37	ὅτι	ὅτι	C-	--------
John 8:37	ὁ	ὁ	RA	----NSM-
John 8:37	λόγος	λόγος	N-	----NSM-
John 8:37	ὁ	ὁ	RA	----NSM-
John 8:37	ἐμὸς	ἐμός	A-	----NSM-
John 8:37	οὐ	οὐ	D-	--------
John 8:37	χωρεῖ	χωρέω	V-	3PAI-S--
John 8:37	ἐν	ἐν	P-	--------
John 8:37	ὑμῖν	σύ	RP	----DP--
John 8:38	ἃ	ὅς	RR	----APN-
John 8:38	ἐγὼ	ἐγώ	RP	----NS--
John 8:38	ἑώρακα	ὁράω	V-	1XAI-S--
John 8:38	παρὰ	παρά	P-	--------
John 8:38	τῷ	ὁ	RA	----DSM-
John 8:38	πατρὶ	πατήρ	N-	----DSM-
John 8:38	λαλῶ	λαλέω	V-	1PAI-S--
John 8:38	καὶ	καί	D-	--------
John 8:38	ὑμεῖς	σύ	RP	----NP--
John 8:38	οὖν	οὖν	C-	--------
John 8:38	ἃ	ὅς	RR	----APN-
John 8:38	ἠκούσατε	ἀκούω	V-	2AAI-P--
John 8:38	παρὰ	παρά	P-	--------
John 8:38	τοῦ	ὁ	RA	----GSM-
John 8:38	πατρὸς	πατήρ	N-	----GSM-
John 8:38	ποιεῖτε	ποιέω	V-	2PAI-P--
John 8:39	Ἀπεκρίθησαν	ἀποκρίνομαι	V-	3API-P--
John 8:39	καὶ	καί	C-	--------
John 8:39	εἶπαν	λέγω	V-	3AAI-P--
John 8:39	αὐτῷ	αὐτός	RP	----DSM-
John 8:39	Ὁ	ὁ	RA	----NSM-
John 8:39	πατὴρ	πατήρ	N-	----NSM-
John 8:39	ἡμῶν	ἐγώ	RP	----GP--
John 8:39	Ἀβραάμ	Ἀβραάμ	N-	----NSM-
John 8:39	ἐστιν	εἰμί	V-	3PAI-S--
John 8:39	λέγει	λέγω	V-	3PAI-S--
John 8:39	αὐτοῖς	αὐτός	RP	----DPM-
John 8:39	ὁ	ὁ	RA	----NSM-
John 8:39	Ἰησοῦς	Ἰησοῦς	N-	----NSM-
John 8:39	Εἰ	εἰ	C-	--------
John 8:39	τέκνα	τέκνον	N-	----NPN-
John 8:39	τοῦ	ὁ	RA	----GSM-
John 8:39	Ἀβραάμ	Ἀβραάμ	N-	----GSM-
John 8:39	ἐστε	εἰμί	V-	2PAI-P--
John 8:39	τὰ	ὁ	RA	----APN-
John 8:39	ἔργα	ἔργον	N-	----APN-
John 8:39	τοῦ	ὁ	RA	----GSM-
John 8:39	Ἀβραὰμ	Ἀβραάμ	N-	----GSM-
John 8:39	ἐποιεῖτε	ποιέω	V-	2IAI-P--
John 8:40	νῦν	νῦν	D-	--------
John 8:40	δὲ	δέ	C-	--------
John 8:40	ζητεῖτέ	ζητέω	V-	2PAI-P--
John 8:40	με	ἐγώ	RP	----AS--
John 8:40	ἀποκτεῖναι	ἀποκτείνω	V-	-AAN----
John 8:40	ἄνθρωπον	ἄνθρωπος	N-	----ASM-
John 8:40	ὃς	ὅς	RR	----NSM-
John 8:40	τὴν	ὁ	RA	----ASF-
John 8:40	ἀλήθειαν	ἀλήθεια	N-	----ASF-
John 8:40	ὑμῖν	σύ	RP	----DP--
John 8:40	λελάληκα	λαλέω	V-	1XAI-S--
John 8:40	ἣν	ὅς	RR	----ASF-
John 8:40	ἤκουσα	ἀκούω	V-	1AAI-S--
John 8:40	παρὰ	παρά	P-	--------
John 8:40	τοῦ	ὁ	RA	----GSM-
John 8:40	θεοῦ	θεός	N-	----GSM-
John 8:40	τοῦτο	οὗτος	RD	----ASN-
John 8:40	Ἀβραὰμ	Ἀβραάμ	N-	----NSM-
John 8:40	οὐκ	οὐ	D-	--------
John 8:40	ἐποίησεν	ποιέω	V-	3AAI-S--
John 8:41	ὑμεῖς	σύ	RP	----NP--
John 8:41	ποιεῖτε	ποιέω	V-	2PAI-P--
John 8:41	τὰ	ὁ	RA	----APN-
John 8:41	ἔργα	ἔργον	N-	----APN-
John 8:41	τοῦ	ὁ	RA	----GSM-
John 8:41	πατρὸς	πατήρ	N-	----GSM-
John 8:41	ὑμῶν	σύ	RP	----GP--
John 8:41	εἶπαν	λέγω	V-	3AAI-P--
John 8:41	αὐτῷ	αὐτός	RP	----DSM-
John 8:41	Ἡμεῖς	ἐγώ	RP	----NP--
John 8:41	ἐκ	ἐκ	P-	--------
John 8:41	πορνείας	πορνεία	N-	----GSF-
John 8:41	οὐ	οὐ	D-	--------
John 8:41	γεγεννήμεθα	γεννάω	V-	1XPI-P--
John 8:41	ἕνα	εἷς	A-	----ASM-
John 8:41	πατέρα	πατήρ	N-	----ASM-
John 8:41	ἔχομεν	ἔχω	V-	1PAI-P--
John 8:41	τὸν	ὁ	RA	----ASM-
John 8:41	θεόν	θεός	N-	----ASM-
John 8:42	εἶπεν	λέγω	V-	3AAI-S--
John 8:42	αὐτοῖς	αὐτός	RP	----DPM-
John 8:42	ὁ	ὁ	RA	----NSM-
John 8:42	Ἰησοῦς	Ἰησοῦς	N-	----NSM-
John 8:42	Εἰ	εἰ	C-	--------
John 8:42	ὁ	ὁ	RA	----NSM-
John 8:42	θεὸς	θεός	N-	----NSM-
John 8:42	πατὴρ	πατήρ	N-	----NSM-
John 8:42	ὑμῶν	σύ	RP	----GP--
John 8:42	ἦν	εἰμί	V-	3IAI-S--
John 8:42	ἠγαπᾶτε	ἀγαπάω	V-	2IAI-P--
John 8:42	ἂν	ἄν	X-	--------
John 8:42	ἐμέ	ἐγώ	RP	----AS--
John 8:42	ἐγὼ	ἐγώ	RP	----NS--
John 8:42	γὰρ	γάρ	C-	--------
John 8:42	ἐκ	ἐκ	P-	--------
John 8:42	τοῦ	ὁ	RA	----GSM-
John 8:42	θεοῦ	θεός	N-	----GSM-
John 8:42	ἐξῆλθον	ἐξέρχομαι	V-	1AAI-S--
John 8:42	καὶ	καί	C-	--------
John 8:42	ἥκω	ἥκω	V-	1PAI-S--
John 8:42	οὐδὲ	οὐδέ	D-	--------
John 8:42	γὰρ	γάρ	C-	--------
John 8:42	ἀπ’	ἀπό	P-	--------
John 8:42	ἐμαυτοῦ	ἐμαυτοῦ	RP	----GSM-
John 8:42	ἐλήλυθα	ἔρχομαι	V-	1XAI-S--
John 8:42	ἀλλ’	ἀλλά	C-	--------
John 8:42	ἐκεῖνός	ἐκεῖνος	RD	----NSM-
John 8:42	με	ἐγώ	RP	----AS--
John 8:42	ἀπέστειλεν	ἀποστέλλω	V-	3AAI-S--
John 8:43	διὰ	διά	P-	--------
John 8:43	τί	τίς	RI	----ASN-
John 8:43	τὴν	ὁ	RA	----ASF-
John 8:43	λαλιὰν	λαλιά	N-	----ASF-
John 8:43	τὴν	ὁ	RA	----ASF-
John 8:43	ἐμὴν	ἐμός	A-	----ASF-
John 8:43	οὐ	οὐ	D-	--------
John 8:43	γινώσκετε	γινώσκω	V-	2PAI-P--
John 8:43	ὅτι	ὅτι	C-	--------
John 8:43	οὐ	οὐ	D-	--------
John 8:43	δύνασθε	δύναμαι	V-	2PMI-P--
John 8:43	ἀκούειν	ἀκούω	V-	-PAN----
John 8:43	τὸν	ὁ	RA	----ASM-
John 8:43	λόγον	λόγος	N-	----ASM-
John 8:43	τὸν	ὁ	RA	----ASM-
John 8:43	ἐμόν	ἐμός	A-	----ASM-
John 8:44	ὑμεῖς	σύ	RP	----NP--
John 8:44	ἐκ	ἐκ	P-	--------
John 8:44	τοῦ	ὁ	RA	----GSM-
John 8:44	πατρὸς	πατήρ	N-	----GSM-
John 8:44	τοῦ	ὁ	RA	----GSM-
John 8:44	διαβόλου	διάβολος	A-	----GSM-
John 8:44	ἐστὲ	εἰμί	V-	2PAI-P--
John 8:44	καὶ	καί	C-	--------
John 8:44	τὰς	ὁ	RA	----APF-
John 8:44	ἐπιθυμίας	ἐπιθυμία	N-	----APF-
John 8:44	τοῦ	ὁ	RA	----GSM-
John 8:44	πατρὸς	πατήρ	N-	----GSM-
John 8:44	ὑμῶν	σύ	RP	----GP--
John 8:44	θέλετε	θέλω	V-	2PAI-P--
John 8:44	ποιεῖν	ποιέω	V-	-PAN----
John 8:44	ἐκεῖνος	ἐκεῖνος	RD	----NSM-
John 8:44	ἀνθρωποκτόνος	ἀνθρωποκτόνος	N-	----NSM-
John 8:44	ἦν	εἰμί	V-	3IAI-S--
John 8:44	ἀπ’	ἀπό	P-	--------
John 8:44	ἀρχῆς	ἀρχή	N-	----GSF-
John 8:44	καὶ	καί	C-	--------
John 8:44	ἐν	ἐν	P-	--------
John 8:44	τῇ	ὁ	RA	----DSF-
John 8:44	ἀληθείᾳ	ἀλήθεια	N-	----DSF-
John 8:44	οὐκ	οὐ	D-	--------
John 8:44	ἔστηκεν	ἵστημι	V-	3IAI-S--
John 8:44	ὅτι	ὅτι	C-	--------
John 8:44	οὐκ	οὐ	D-	--------
John 8:44	ἔστιν	εἰμί	V-	3PAI-S--
John 8:44	ἀλήθεια	ἀλήθεια	N-	----NSF-
John 8:44	ἐν	ἐν	P-	--------
John 8:44	αὐτῷ	αὐτός	RP	----DSM-
John 8:44	ὅταν	ὅταν	C-	--------
John 8:44	λαλῇ	λαλέω	V-	3PAS-S--
John 8:44	τὸ	ὁ	RA	----ASN-
John 8:44	ψεῦδος	ψεῦδος	N-	----ASN-
John 8:44	ἐκ	ἐκ	P-	--------
John 8:44	τῶν	ὁ	RA	----GPN-
John 8:44	ἰδίων	ἴδιος	A-	----GPN-
John 8:44	λαλεῖ	λαλέω	V-	3PAI-S--
John 8:44	ὅτι	ὅτι	C-	--------
John 8:44	ψεύστης	ψεύστης	N-	----NSM-
John 8:44	ἐστὶν	εἰμί	V-	3PAI-S--
John 8:44	καὶ	καί	C-	--------
John 8:44	ὁ	ὁ	RA	----NSM-
John 8:44	πατὴρ	πατήρ	N-	----NSM-
John 8:44	αὐτοῦ	αὐτός	RP	----GSN-
John 8:45	ἐγὼ	ἐγώ	RP	----NS--
John 8:45	δὲ	δέ	C-	--------
John 8:45	ὅτι	ὅτι	C-	--------
John 8:45	τὴν	ὁ	RA	----ASF-
John 8:45	ἀλήθειαν	ἀλήθεια	N-	----ASF-
John 8:45	λέγω	λέγω	V-	1PAI-S--
John 8:45	οὐ	οὐ	D-	--------
John 8:45	πιστεύετέ	πιστεύω	V-	2PAI-P--
John 8:45	μοι	ἐγώ	RP	----DS--
John 8:46	τίς	τίς	RI	----NSM-
John 8:46	ἐξ	ἐκ	P-	--------
John 8:46	ὑμῶν	σύ	RP	----GP--
John 8:46	ἐλέγχει	ἐλέγχω	V-	3PAI-S--
John 8:46	με	ἐγώ	RP	----AS--
John 8:46	περὶ	περί	P-	--------
John 8:46	ἁμαρτίας	ἁμαρτία	N-	----GSF-
John 8:46	εἰ	εἰ	C-	--------
John 8:46	ἀλήθειαν	ἀλήθεια	N-	----ASF-
John 8:46	λέγω	λέγω	V-	1PAI-S--
John 8:46	διὰ	διά	P-	--------
John 8:46	τί	τίς	RI	----ASN-
John 8:46	ὑμεῖς	σύ	RP	----NP--
John 8:46	οὐ	οὐ	D-	--------
John 8:46	πιστεύετέ	πιστεύω	V-	2PAI-P--
John 8:46	μοι	ἐγώ	RP	----DS--
John 8:47	ὁ	ὁ	RA	----NSM-
John 8:47	ὢν	εἰμί	V-	-PAPNSM-
John 8:47	ἐκ	ἐκ	P-	--------
John 8:47	τοῦ	ὁ	RA	----GSM-
John 8:47	θεοῦ	θεός	N-	----GSM-
John 8:47	τὰ	ὁ	RA	----APN-
John 8:47	ῥήματα	ῥῆμα	N-	----APN-
John 8:47	τοῦ	ὁ	RA	----GSM-
John 8:47	θεοῦ	θεός	N-	----GSM-
John 8:47	ἀκούει	ἀκούω	V-	3PAI-S--
John 8:47	διὰ	διά	P-	--------
John 8:47	τοῦτο	οὗτος	RD	----ASN-
John 8:47	ὑμεῖς	σύ	RP	----NP--
John 8:47	οὐκ	οὐ	D-	--------
John 8:47	ἀκούετε	ἀκούω	V-	2PAI-P--
John 8:47	ὅτι	ὅτι	C-	--------
John 8:47	ἐκ	ἐκ	P-	--------
John 8:47	τοῦ	ὁ	RA	----GSM-
John 8:47	θεοῦ	θεός	N-	----GSM-
John 8:47	οὐκ	οὐ	D-	--------
John 8:47	ἐστέ	εἰμί	V-	2PAI-P--
John 8:48	Ἀπεκρίθησαν	ἀποκρίνομαι	V-	3API-P--
John 8:48	οἱ	ὁ	RA	----NPM-
John 8:48	Ἰουδαῖοι	Ἰουδαῖος	A-	----NPM-
John 8:48	καὶ	καί	C-	--------
John 8:48	εἶπαν	λέγω	V-	3AAI-P--
John 8:48	αὐτῷ	αὐτός	RP	----DSM-
John 8:48	Οὐ	οὐ	X-	--------
John 8:48	καλῶς	καλῶς	D-	--------
John 8:48	λέγομεν	λέγω	V-	1PAI-P--
John 8:48	ἡμεῖς	ἐγώ	RP	----NP--
John 8:48	ὅτι	ὅτι	C-	--------
John 8:48	Σαμαρίτης	Σαμαρίτης	N-	----NSM-
John 8:48	εἶ	εἰμί	V-	2PAI-S--
John 8:48	σὺ	σύ	RP	----NS--
John 8:48	καὶ	καί	C-	--------
John 8:48	δαιμόνιον	δαιμόνιον	N-	----ASN-
John 8:48	ἔχεις	ἔχω	V-	2PAI-S--
John 8:49	ἀπεκρίθη	ἀποκρίνομαι	V-	3API-S--
John 8:49	Ἰησοῦς	Ἰησοῦς	N-	----NSM-
John 8:49	Ἐγὼ	ἐγώ	RP	----NS--
John 8:49	δαιμόνιον	δαιμόνιον	N-	----ASN-
John 8:49	οὐκ	οὐ	D-	--------
John 8:49	ἔχω	ἔχω	V-	1PAI-S--
John 8:49	ἀλλὰ	ἀλλά	C-	--------
John 8:49	τιμῶ	τιμάω	V-	1PAI-S--
John 8:49	τὸν	ὁ	RA	----ASM-
John 8:49	πατέρα	πατήρ	N-	----ASM-
John 8:49	μου	ἐγώ	RP	----GS--
John 8:49	καὶ	καί	C-	--------
John 8:49	ὑμεῖς	σύ	RP	----NP--
John 8:49	ἀτιμάζετέ	ἀτιμάζω	V-	2PAI-P--
John 8:49	με	ἐγώ	RP	----AS--
John 8:50	ἐγὼ	ἐγώ	RP	----NS--
John 8:50	δὲ	δέ	C-	--------
John 8:50	οὐ	οὐ	D-	--------
John 8:50	ζητῶ	ζητέω	V-	1PAI-S--
John 8:50	τὴν	ὁ	RA	----ASF-
John 8:50	δόξαν	δόξα	N-	----ASF-
John 8:50	μου	ἐγώ	RP	----GS--
John 8:50	ἔστιν	εἰμί	V-	3PAI-S--
John 8:50	ὁ	ὁ	RA	----NSM-
John 8:50	ζητῶν	ζητέω	V-	-PAPNSM-
John 8:50	καὶ	καί	C-	--------
John 8:50	κρίνων	κρίνω	V-	-PAPNSM-
John 8:51	ἀμὴν	ἀμήν	X-	--------
John 8:51	ἀμὴν	ἀμήν	X-	--------
John 8:51	λέγω	λέγω	V-	1PAI-S--
John 8:51	ὑμῖν	σύ	RP	----DP--
John 8:51	ἐάν	ἐάν	C-	--------
John 8:51	τις	τις	RI	----NSM-
John 8:51	τὸν	ὁ	RA	----ASM-
John 8:51	ἐμὸν	ἐμός	A-	----ASM-
John 8:51	λόγον	λόγος	N-	----ASM-
John 8:51	τηρήσῃ	τηρέω	V-	3AAS-S--
John 8:51	θάνατον	θάνατος	N-	----ASM-
John 8:51	οὐ	οὐ	D-	--------
John 8:51	μὴ	μή	D-	--------
John 8:51	θεωρήσῃ	θεωρέω	V-	3AAS-S--
John 8:51	εἰς	εἰς	P-	--------
John 8:51	τὸν	ὁ	RA	----ASM-
John 8:51	αἰῶνα	αἰών	N-	----ASM-
John 8:52	εἶπον	λέγω	V-	3AAI-P--
John 8:52	αὐτῷ	αὐτός	RP	----DSM-
John 8:52	οἱ	ὁ	RA	----NPM-
John 8:52	Ἰουδαῖοι	Ἰουδαῖος	A-	----NPM-
John 8:52	Νῦν	νῦν	D-	--------
John 8:52	ἐγνώκαμεν	γινώσκω	V-	1XAI-P--
John 8:52	ὅτι	ὅτι	C-	--------
John 8:52	δαιμόνιον	δαιμόνιον	N-	----ASN-
John 8:52	ἔχεις	ἔχω	V-	2PAI-S--
John 8:52	Ἀβραὰμ	Ἀβραάμ	N-	----NSM-
John 8:52	ἀπέθανεν	ἀποθνῄσκω	V-	3AAI-S--
John 8:52	καὶ	καί	C-	--------
John 8:52	οἱ	ὁ	RA	----NPM-
John 8:52	προφῆται	προφήτης	N-	----NPM-
John 8:52	καὶ	καί	C-	--------
John 8:52	σὺ	σύ	RP	----NS--
John 8:52	λέγεις	λέγω	V-	2PAI-S--
John 8:52	Ἐάν	ἐάν	C-	--------
John 8:52	τις	τις	RI	----NSM-
John 8:52	τὸν	ὁ	RA	----ASM-
John 8:52	λόγον	λόγος	N-	----ASM-
John 8:52	μου	ἐγώ	RP	----GS--
John 8:52	τηρήσῃ	τηρέω	V-	3AAS-S--
John 8:52	οὐ	οὐ	D-	--------
John 8:52	μὴ	μή	D-	--------
John 8:52	γεύσηται	γεύομαι	V-	3AMS-S--
John 8:52	θανάτου	θάνατος	N-	----GSM-
John 8:52	εἰς	εἰς	P-	--------
John 8:52	τὸν	ὁ	RA	----ASM-
John 8:52	αἰῶνα	αἰών	N-	----ASM-
John 8:53	μὴ	μή	X-	--------
John 8:53	σὺ	σύ	RP	----NS--
John 8:53	μείζων	μέγας	A-	----NSMC
John 8:53	εἶ	εἰμί	V-	2PAI-S--
John 8:53	τοῦ	ὁ	RA	----GSM-
John 8:53	πατρὸς	πατήρ	N-	----GSM-
John 8:53	ἡμῶν	ἐγώ	RP	----GP--
John 8:53	Ἀβραάμ	Ἀβραάμ	N-	----GSM-
John 8:53	ὅστις	ὅστις	RR	----NSM-
John 8:53	ἀπέθανεν	ἀποθνῄσκω	V-	3AAI-S--
John 8:53	καὶ	καί	C-	--------
John 8:53	οἱ	ὁ	RA	----NPM-
John 8:53	προφῆται	προφήτης	N-	----NPM-
John 8:53	ἀπέθανον	ἀποθνῄσκω	V-	3AAI-P--
John 8:53	τίνα	τίς	RI	----ASM-
John 8:53	σεαυτὸν	σεαυτοῦ	RP	----ASM-
John 8:53	ποιεῖς	ποιέω	V-	2PAI-S--
John 8:54	ἀπεκρίθη	ἀποκρίνομαι	V-	3API-S--
John 8:54	Ἰησοῦς	Ἰησοῦς	N-	----NSM-
John 8:54	Ἐὰν	ἐάν	C-	--------
John 8:54	ἐγὼ	ἐγώ	RP	----NS--
John 8:54	δοξάσω	δοξάζω	V-	1AAS-S--
John 8:54	ἐμαυτόν	ἐμαυτοῦ	RP	----ASM-
John 8:54	ἡ	ὁ	RA	----NSF-
John 8:54	δόξα	δόξα	N-	----NSF-
John 8:54	μου	ἐγώ	RP	----GS--
John 8:54	οὐδέν	οὐδείς	A-	----NSN-
John 8:54	ἐστιν	εἰμί	V-	3PAI-S--
John 8:54	ἔστιν	εἰμί	V-	3PAI-S--
John 8:54	ὁ	ὁ	RA	----NSM-
John 8:54	πατήρ	πατήρ	N-	----NSM-
John 8:54	μου	ἐγώ	RP	----GS--
John 8:54	ὁ	ὁ	RA	----NSM-
John 8:54	δοξάζων	δοξάζω	V-	-PAPNSM-
John 8:54	με	ἐγώ	RP	----AS--
John 8:54	ὃν	ὅς	RR	----ASM-
John 8:54	ὑμεῖς	σύ	RP	----NP--
John 8:54	λέγετε	λέγω	V-	2PAI-P--
John 8:54	ὅτι	ὅτι	C-	--------
John 8:54	θεὸς	θεός	N-	----NSM-
John 8:54	ἡμῶν	ἐγώ	RP	----GP--
John 8:54	ἐστιν	εἰμί	V-	3PAI-S--
John 8:55	καὶ	καί	C-	--------
John 8:55	οὐκ	οὐ	D-	--------
John 8:55	ἐγνώκατε	γινώσκω	V-	2XAI-P--
John 8:55	αὐτόν	αὐτός	RP	----ASM-
John 8:55	ἐγὼ	ἐγώ	RP	----NS--
John 8:55	δὲ	δέ	C-	--------
John 8:55	οἶδα	οἶδα	V-	1XAI-S--
John 8:55	αὐτόν	αὐτός	RP	----ASM-
John 8:55	κἂν	κἄν	C-	--------
John 8:55	εἴπω	λέγω	V-	1AAS-S--
John 8:55	ὅτι	ὅτι	C-	--------
John 8:55	οὐκ	οὐ	D-	--------
John 8:55	οἶδα	οἶδα	V-	1XAI-S--
John 8:55	αὐτόν	αὐτός	RP	----ASM-
John 8:55	ἔσομαι	εἰμί	V-	1FMI-S--
John 8:55	ὅμοιος	ὅμοιος	A-	----NSM-
John 8:55	ὑμῖν	σύ	RP	----DP--
John 8:55	ψεύστης	ψεύστης	N-	----NSM-
John 8:55	ἀλλὰ	ἀλλά	C-	--------
John 8:55	οἶδα	οἶδα	V-	1XAI-S--
John 8:55	αὐτὸν	αὐτός	RP	----ASM-
John 8:55	καὶ	καί	C-	--------
John 8:55	τὸν	ὁ	RA	----ASM-
John 8:55	λόγον	λόγος	N-	----ASM-
John 8:55	αὐτοῦ	αὐτός	RP	----GSM-
John 8:55	τηρῶ	τηρέω	V-	1PAI-S--
John 8:56	Ἀβραὰμ	Ἀβραάμ	N-	----NSM-
John 8:56	ὁ	ὁ	RA	----NSM-
John 8:56	πατὴρ	πατήρ	N-	----NSM-
John 8:56	ὑμῶν	σύ	RP	----GP--
John 8:56	ἠγαλλιάσατο	ἀγαλλιάω	V-	3AMI-S--
John 8:56	ἵνα	ἵνα	C-	--------
John 8:56	ἴδῃ	ὁράω	V-	3AAS-S--
John 8:56	τὴν	ὁ	RA	----ASF-
John 8:56	ἡμέραν	ἡμέρα	N-	----ASF-
John 8:56	τὴν	ὁ	RA	----ASF-
John 8:56	ἐμήν	ἐμός	A-	----ASF-
John 8:56	καὶ	καί	C-	--------
John 8:56	εἶδεν	ὁράω	V-	3AAI-S--
John 8:56	καὶ	καί	C-	--------
John 8:56	ἐχάρη	χαίρω	V-	3API-S--
John 8:57	εἶπον	λέγω	V-	3AAI-P--
John 8:57	οὖν	οὖν	C-	--------
John 8:57	οἱ	ὁ	RA	----NPM-
John 8:57	Ἰουδαῖοι	Ἰουδαῖος	A-	----NPM-
John 8:57	πρὸς	πρός	P-	--------
John 8:57	αὐτόν	αὐτός	RP	----ASM-
John 8:57	Πεντήκοντα	πεντήκοντα	A-	----APN-
John 8:57	ἔτη	ἔτος	N-	----APN-
John 8:57	οὔπω	οὔπω	D-	--------
John 8:57	ἔχεις	ἔχω	V-	2PAI-S--
John 8:57	καὶ	καί	C-	--------
John 8:57	Ἀβραὰμ	Ἀβραάμ	N-	----ASM-
John 8:57	ἑώρακας	ὁράω	V-	2XAI-S--
John 8:58	εἶπεν	λέγω	V-	3AAI-S--
John 8:58	αὐτοῖς	αὐτός	RP	----DPM-
John 8:58	Ἰησοῦς	Ἰησοῦς	N-	----NSM-
John 8:58	Ἀμὴν	ἀμήν	X-	--------
John 8:58	ἀμὴν	ἀμήν	X-	--------
John 8:58	λέγω	λέγω	V-	1PAI-S--
John 8:58	ὑμῖν	σύ	RP	----DP--
John 8:58	πρὶν	πρίν	C-	--------
John 8:58	Ἀβραὰμ	Ἀβραάμ	N-	----ASM-
John 8:58	γενέσθαι	γίνομαι	V-	-AMN----
John 8:58	ἐγὼ	ἐγώ	RP	----NS--
John 8:58	εἰμί	εἰμί	V-	1PAI-S--
John 8:59	ἦραν	αἴρω	V-	3AAI-P--
John 8:59	οὖν	οὖν	C-	--------
John 8:59	λίθους	λίθος	N-	----APM-
John 8:59	ἵνα	ἵνα	C-	--------
John 8:59	βάλωσιν	βάλλω	V-	3AAS-P--
John 8:59	ἐπ’	ἐπί	P-	--------
John 8:59	αὐτόν	αὐτός	RP	----ASM-
John 8:59	Ἰησοῦς	Ἰησοῦς	N-	----NSM-
John 8:59	δὲ	δέ	C-	--------
John 8:59	ἐκρύβη	κρύπτω	V-	3API-S--
John 8:59	καὶ	καί	C-	--------
John 8:59	ἐξῆλθεν	ἐξέρχομαι	V-	3AAI-S--
John 8:59	ἐκ	ἐκ	P-	--------
John 8:59	τοῦ	ὁ	RA	----GSN-
John 8:59	ἱεροῦ	ἱερός	A-	----GSN-
John 9:1	Καὶ	καί	C-	--------
John 9:1	παράγων	παράγω	V-	-PAPNSM-
John 9:1	εἶδεν	ὁράω	V-	3AAI-S--
John 9:1	ἄνθρωπον	ἄνθρωπος	N-	----ASM-
John 9:1	τυφλὸν	τυφλός	A-	----ASM-
John 9:1	ἐκ	ἐκ	P-	--------
John 9:1	γενετῆς	γενετή	N-	----GSF-
John 9:2	καὶ	καί	C-	--------
John 9:2	ἠρώτησαν	ἐρωτάω	V-	3AAI-P--
John 9:2	αὐτὸν	αὐτός	RP	----ASM-
John 9:2	οἱ	ὁ	RA	----NPM-
John 9:2	μαθηταὶ	μαθητής	N-	----NPM-
John 9:2	αὐτοῦ	αὐτός	RP	----GSM-
John 9:2	λέγοντες	λέγω	V-	-PAPNPM-
John 9:2	Ῥαββί	ῥαββί	N-	----VSM-
John 9:2	τίς	τίς	RI	----NSM-
John 9:2	ἥμαρτεν	ἁμαρτάνω	V-	3AAI-S--
John 9:2	οὗτος	οὗτος	RD	----NSM-
John 9:2	ἢ	ἤ	C-	--------
John 9:2	οἱ	ὁ	RA	----NPM-
John 9:2	γονεῖς	γονεύς	N-	----NPM-
John 9:2	αὐτοῦ	αὐτός	RP	----GSM-
John 9:2	ἵνα	ἵνα	C-	--------
John 9:2	τυφλὸς	τυφλός	A-	----NSM-
John 9:2	γεννηθῇ	γεννάω	V-	3APS-S--
John 9:3	ἀπεκρίθη	ἀποκρίνομαι	V-	3API-S--
John 9:3	Ἰησοῦς	Ἰησοῦς	N-	----NSM-
John 9:3	Οὔτε	οὔτε	C-	--------
John 9:3	οὗτος	οὗτος	RD	----NSM-
John 9:3	ἥμαρτεν	ἁμαρτάνω	V-	3AAI-S--
John 9:3	οὔτε	οὔτε	C-	--------
John 9:3	οἱ	ὁ	RA	----NPM-
John 9:3	γονεῖς	γονεύς	N-	----NPM-
John 9:3	αὐτοῦ	αὐτός	RP	----GSM-
John 9:3	ἀλλ’	ἀλλά	C-	--------
John 9:3	ἵνα	ἵνα	C-	--------
John 9:3	φανερωθῇ	φανερόω	V-	3APS-S--
John 9:3	τὰ	ὁ	RA	----NPN-
John 9:3	ἔργα	ἔργον	N-	----NPN-
John 9:3	τοῦ	ὁ	RA	----GSM-
John 9:3	θεοῦ	θεός	N-	----GSM-
John 9:3	ἐν	ἐν	P-	--------
John 9:3	αὐτῷ	αὐτός	RP	----DSM-
John 9:4	ἡμᾶς	ἐγώ	RP	----AP--
John 9:4	δεῖ	δέω	V-	3PAI-S--
John 9:4	ἐργάζεσθαι	ἐργάζομαι	V-	-PMN----
John 9:4	τὰ	ὁ	RA	----APN-
John 9:4	ἔργα	ἔργον	N-	----APN-
John 9:4	τοῦ	ὁ	RA	----GSM-
John 9:4	πέμψαντός	πέμπω	V-	-AAPGSM-
John 9:4	με	ἐγώ	RP	----AS--
John 9:4	ἕως	ἕως	C-	--------
John 9:4	ἡμέρα	ἡμέρα	N-	----NSF-
John 9:4	ἐστίν	εἰμί	V-	3PAI-S--
John 9:4	ἔρχεται	ἔρχομαι	V-	3PMI-S--
John 9:4	νὺξ	νύξ	N-	----NSF-
John 9:4	ὅτε	ὅτε	D-	--------
John 9:4	οὐδεὶς	οὐδείς	A-	----NSM-
John 9:4	δύναται	δύναμαι	V-	3PMI-S--
John 9:4	ἐργάζεσθαι	ἐργάζομαι	V-	-PMN----
John 9:5	ὅταν	ὅταν	C-	--------
John 9:5	ἐν	ἐν	P-	--------
John 9:5	τῷ	ὁ	RA	----DSM-
John 9:5	κόσμῳ	κόσμος	N-	----DSM-
John 9:5	ὦ	εἰμί	V-	1PAS-S--
John 9:5	φῶς	φῶς	N-	----NSN-
John 9:5	εἰμι	εἰμί	V-	1PAI-S--
John 9:5	τοῦ	ὁ	RA	----GSM-
John 9:5	κόσμου	κόσμος	N-	----GSM-
John 9:6	ταῦτα	οὗτος	RD	----APN-
John 9:6	εἰπὼν	λέγω	V-	-AAPNSM-
John 9:6	ἔπτυσεν	πτύω	V-	3AAI-S--
John 9:6	χαμαὶ	χαμαί	D-	--------
John 9:6	καὶ	καί	C-	--------
John 9:6	ἐποίησεν	ποιέω	V-	3AAI-S--
John 9:6	πηλὸν	πηλός	N-	----ASM-
John 9:6	ἐκ	ἐκ	P-	--------
John 9:6	τοῦ	ὁ	RA	----GSN-
John 9:6	πτύσματος	πτύσμα	N-	----GSN-
John 9:6	καὶ	καί	C-	--------
John 9:6	ἐπέχρισεν	ἐπιχρίω	V-	3AAI-S--
John 9:6	αὐτοῦ	αὐτός	RP	----GSM-
John 9:6	τὸν	ὁ	RA	----ASM-
John 9:6	πηλὸν	πηλός	N-	----ASM-
John 9:6	ἐπὶ	ἐπί	P-	--------
John 9:6	τοὺς	ὁ	RA	----APM-
John 9:6	ὀφθαλμούς	ὀφθαλμός	N-	----APM-
John 9:7	καὶ	καί	C-	--------
John 9:7	εἶπεν	λέγω	V-	3AAI-S--
John 9:7	αὐτῷ	αὐτός	RP	----DSM-
John 9:7	Ὕπαγε	ὑπάγω	V-	2PAD-S--
John 9:7	νίψαι	νίπτω	V-	2AMD-S--
John 9:7	εἰς	εἰς	P-	--------
John 9:7	τὴν	ὁ	RA	----ASF-
John 9:7	κολυμβήθραν	κολυμβήθρα	N-	----ASF-
John 9:7	τοῦ	ὁ	RA	----GSM-
John 9:7	Σιλωάμ	Σιλωάμ	N-	----GSM-
John 9:7	ὃ	ὅς	RR	----NSN-
John 9:7	ἑρμηνεύεται	ἑρμηνεύω	V-	3PPI-S--
John 9:7	Ἀπεσταλμένος	ἀποστέλλω	V-	-XPPNSM-
John 9:7	ἀπῆλθεν	ἀπέρχομαι	V-	3AAI-S--
John 9:7	οὖν	οὖν	C-	--------
John 9:7	καὶ	καί	C-	--------
John 9:7	ἐνίψατο	νίπτω	V-	3AMI-S--
John 9:7	καὶ	καί	C-	--------
John 9:7	ἦλθεν	ἔρχομαι	V-	3AAI-S--
John 9:7	βλέπων	βλέπω	V-	-PAPNSM-
John 9:8	οἱ	ὁ	RA	----NPM-
John 9:8	οὖν	οὖν	C-	--------
John 9:8	γείτονες	γείτων	N-	----NPM-
John 9:8	καὶ	καί	C-	--------
John 9:8	οἱ	ὁ	RA	----NPM-
John 9:8	θεωροῦντες	θεωρέω	V-	-PAPNPM-
John 9:8	αὐτὸν	αὐτός	RP	----ASM-
John 9:8	τὸ	ὁ	RA	----ASN-
John 9:8	πρότερον	πρότερος	A-	----ASNC
John 9:8	ὅτι	ὅτι	C-	--------
John 9:8	προσαίτης	προσαίτης	N-	----NSM-
John 9:8	ἦν	εἰμί	V-	3IAI-S--
John 9:8	ἔλεγον	λέγω	V-	3IAI-P--
John 9:8	Οὐχ	οὐ	X-	--------
John 9:8	οὗτός	οὗτος	RD	----NSM-
John 9:8	ἐστιν	εἰμί	V-	3PAI-S--
John 9:8	ὁ	ὁ	RA	----NSM-
John 9:8	καθήμενος	κάθημαι	V-	-PMPNSM-
John 9:8	καὶ	καί	C-	--------
John 9:8	προσαιτῶν	προσαιτέω	V-	-PAPNSM-
John 9:9	ἄλλοι	ἄλλος	A-	----NPM-
John 9:9	ἔλεγον	λέγω	V-	3IAI-P--
John 9:9	ὅτι	ὅτι	C-	--------
John 9:9	Οὗτός	οὗτος	RD	----NSM-
John 9:9	ἐστιν	εἰμί	V-	3PAI-S--
John 9:9	ἄλλοι	ἄλλος	A-	----NPM-
John 9:9	ἔλεγον	λέγω	V-	3IAI-P--
John 9:9	Οὐχί	οὐχί	D-	--------
John 9:9	ἀλλὰ	ἀλλά	C-	--------
John 9:9	ὅμοιος	ὅμοιος	A-	----NSM-
John 9:9	αὐτῷ	αὐτός	RP	----DSM-
John 9:9	ἐστιν	εἰμί	V-	3PAI-S--
John 9:9	ἐκεῖνος	ἐκεῖνος	RD	----NSM-
John 9:9	ἔλεγεν	λέγω	V-	3IAI-S--
John 9:9	ὅτι	ὅτι	C-	--------
John 9:9	Ἐγώ	ἐγώ	RP	----NS--
John 9:9	εἰμι	εἰμί	V-	1PAI-S--
John 9:10	ἔλεγον	λέγω	V-	3IAI-P--
John 9:10	οὖν	οὖν	C-	--------
John 9:10	αὐτῷ	αὐτός	RP	----DSM-
John 9:10	Πῶς	πῶς	D-	--------
John 9:10	ἠνεῴχθησάν	ἀνοίγω	V-	3API-P--
John 9:10	σου	σύ	RP	----GS--
John 9:10	οἱ	ὁ	RA	----NPM-
John 9:10	ὀφθαλμοί	ὀφθαλμός	N-	----NPM-
John 9:11	ἀπεκρίθη	ἀποκρίνομαι	V-	3API-S--
John 9:11	ἐκεῖνος	ἐκεῖνος	RD	----NSM-
John 9:11	Ὁ	ὁ	RA	----NSM-
John 9:11	ἄνθρωπος	ἄνθρωπος	N-	----NSM-
John 9:11	ὁ	ὁ	RA	----NSM-
John 9:11	λεγόμενος	λέγω	V-	-PPPNSM-
John 9:11	Ἰησοῦς	Ἰησοῦς	N-	----NSM-
John 9:11	πηλὸν	πηλός	N-	----ASM-
John 9:11	ἐποίησεν	ποιέω	V-	3AAI-S--
John 9:11	καὶ	καί	C-	--------
John 9:11	ἐπέχρισέν	ἐπιχρίω	V-	3AAI-S--
John 9:11	μου	ἐγώ	RP	----GS--
John 9:11	τοὺς	ὁ	RA	----APM-
John 9:11	ὀφθαλμοὺς	ὀφθαλμός	N-	----APM-
John 9:11	καὶ	καί	C-	--------
John 9:11	εἶπέν	λέγω	V-	3AAI-S--
John 9:11	μοι	ἐγώ	RP	----DS--
John 9:11	ὅτι	ὅτι	C-	--------
John 9:11	Ὕπαγε	ὑπάγω	V-	2PAD-S--
John 9:11	εἰς	εἰς	P-	--------
John 9:11	τὸν	ὁ	RA	----ASM-
John 9:11	Σιλωὰμ	Σιλωάμ	N-	----ASM-
John 9:11	καὶ	καί	C-	--------
John 9:11	νίψαι	νίπτω	V-	2AMD-S--
John 9:11	ἀπελθὼν	ἀπέρχομαι	V-	-AAPNSM-
John 9:11	οὖν	οὖν	C-	--------
John 9:11	καὶ	καί	C-	--------
John 9:11	νιψάμενος	νίπτω	V-	-AMPNSM-
John 9:11	ἀνέβλεψα	ἀναβλέπω	V-	1AAI-S--
John 9:12	καὶ	καί	C-	--------
John 9:12	εἶπαν	λέγω	V-	3AAI-P--
John 9:12	αὐτῷ	αὐτός	RP	----DSM-
John 9:12	Ποῦ	ποῦ	D-	--------
John 9:12	ἐστιν	εἰμί	V-	3PAI-S--
John 9:12	ἐκεῖνος	ἐκεῖνος	RD	----NSM-
John 9:12	λέγει	λέγω	V-	3PAI-S--
John 9:12	Οὐκ	οὐ	D-	--------
John 9:12	οἶδα	οἶδα	V-	1XAI-S--
John 9:13	Ἄγουσιν	ἄγω	V-	3PAI-P--
John 9:13	αὐτὸν	αὐτός	RP	----ASM-
John 9:13	πρὸς	πρός	P-	--------
John 9:13	τοὺς	ὁ	RA	----APM-
John 9:13	Φαρισαίους	Φαρισαῖος	N-	----APM-
John 9:13	τόν	ὁ	RA	----ASM-
John 9:13	ποτε	ποτέ	X-	--------
John 9:13	τυφλόν	τυφλός	A-	----ASM-
John 9:14	ἦν	εἰμί	V-	3IAI-S--
John 9:14	δὲ	δέ	C-	--------
John 9:14	σάββατον	σάββατον	N-	----NSN-
John 9:14	ἐν	ἐν	P-	--------
John 9:14	ᾗ	ὅς	RR	----DSF-
John 9:14	ἡμέρᾳ	ἡμέρα	N-	----DSF-
John 9:14	τὸν	ὁ	RA	----ASM-
John 9:14	πηλὸν	πηλός	N-	----ASM-
John 9:14	ἐποίησεν	ποιέω	V-	3AAI-S--
John 9:14	ὁ	ὁ	RA	----NSM-
John 9:14	Ἰησοῦς	Ἰησοῦς	N-	----NSM-
John 9:14	καὶ	καί	C-	--------
John 9:14	ἀνέῳξεν	ἀνοίγω	V-	3AAI-S--
John 9:14	αὐτοῦ	αὐτός	RP	----GSM-
John 9:14	τοὺς	ὁ	RA	----APM-
John 9:14	ὀφθαλμούς	ὀφθαλμός	N-	----APM-
John 9:15	πάλιν	πάλιν	D-	--------
John 9:15	οὖν	οὖν	C-	--------
John 9:15	ἠρώτων	ἐρωτάω	V-	3IAI-P--
John 9:15	αὐτὸν	αὐτός	RP	----ASM-
John 9:15	καὶ	καί	D-	--------
John 9:15	οἱ	ὁ	RA	----NPM-
John 9:15	Φαρισαῖοι	Φαρισαῖος	N-	----NPM-
John 9:15	πῶς	πῶς	D-	--------
John 9:15	ἀνέβλεψεν	ἀναβλέπω	V-	3AAI-S--
John 9:15	ὁ	ὁ	RA	----NSM-
John 9:15	δὲ	δέ	C-	--------
John 9:15	εἶπεν	λέγω	V-	3AAI-S--
John 9:15	αὐτοῖς	αὐτός	RP	----DPM-
John 9:15	Πηλὸν	πηλός	N-	----ASM-
John 9:15	ἐπέθηκέν	ἐπιτίθημι	V-	3AAI-S--
John 9:15	μου	ἐγώ	RP	----GS--
John 9:15	ἐπὶ	ἐπί	P-	--------
John 9:15	τοὺς	ὁ	RA	----APM-
John 9:15	ὀφθαλμούς	ὀφθαλμός	N-	----APM-
John 9:15	καὶ	καί	C-	--------
John 9:15	ἐνιψάμην	νίπτω	V-	1AMI-S--
John 9:15	καὶ	καί	C-	--------
John 9:15	βλέπω	βλέπω	V-	1PAI-S--
John 9:16	ἔλεγον	λέγω	V-	3IAI-P--
John 9:16	οὖν	οὖν	C-	--------
John 9:16	ἐκ	ἐκ	P-	--------
John 9:16	τῶν	ὁ	RA	----GPM-
John 9:16	Φαρισαίων	Φαρισαῖος	N-	----GPM-
John 9:16	τινές	τις	RI	----NPM-
John 9:16	Οὐκ	οὐ	D-	--------
John 9:16	ἔστιν	εἰμί	V-	3PAI-S--
John 9:16	οὗτος	οὗτος	RD	----NSM-
John 9:16	παρὰ	παρά	P-	--------
John 9:16	θεοῦ	θεός	N-	----GSM-
John 9:16	ὁ	ὁ	RA	----NSM-
John 9:16	ἄνθρωπος	ἄνθρωπος	N-	----NSM-
John 9:16	ὅτι	ὅτι	C-	--------
John 9:16	τὸ	ὁ	RA	----ASN-
John 9:16	σάββατον	σάββατον	N-	----ASN-
John 9:16	οὐ	οὐ	D-	--------
John 9:16	τηρεῖ	τηρέω	V-	3PAI-S--
John 9:16	ἄλλοι	ἄλλος	A-	----NPM-
John 9:16	ἔλεγον	λέγω	V-	3IAI-P--
John 9:16	Πῶς	πῶς	D-	--------
John 9:16	δύναται	δύναμαι	V-	3PMI-S--
John 9:16	ἄνθρωπος	ἄνθρωπος	N-	----NSM-
John 9:16	ἁμαρτωλὸς	ἁμαρτωλός	A-	----NSM-
John 9:16	τοιαῦτα	τοιοῦτος	RD	----APN-
John 9:16	σημεῖα	σημεῖον	N-	----APN-
John 9:16	ποιεῖν	ποιέω	V-	-PAN----
John 9:16	καὶ	καί	C-	--------
John 9:16	σχίσμα	σχίσμα	N-	----NSN-
John 9:16	ἦν	εἰμί	V-	3IAI-S--
John 9:16	ἐν	ἐν	P-	--------
John 9:16	αὐτοῖς	αὐτός	RP	----DPM-
John 9:17	λέγουσιν	λέγω	V-	3PAI-P--
John 9:17	οὖν	οὖν	C-	--------
John 9:17	τῷ	ὁ	RA	----DSM-
John 9:17	τυφλῷ	τυφλός	A-	----DSM-
John 9:17	πάλιν	πάλιν	D-	--------
John 9:17	Τί	τίς	RI	----ASN-
John 9:17	σὺ	σύ	RP	----NS--
John 9:17	λέγεις	λέγω	V-	2PAI-S--
John 9:17	περὶ	περί	P-	--------
John 9:17	αὐτοῦ	αὐτός	RP	----GSM-
John 9:17	ὅτι	ὅτι	C-	--------
John 9:17	ἠνέῳξέν	ἀνοίγω	V-	3AAI-S--
John 9:17	σου	σύ	RP	----GS--
John 9:17	τοὺς	ὁ	RA	----APM-
John 9:17	ὀφθαλμούς	ὀφθαλμός	N-	----APM-
John 9:17	ὁ	ὁ	RA	----NSM-
John 9:17	δὲ	δέ	C-	--------
John 9:17	εἶπεν	λέγω	V-	3AAI-S--
John 9:17	ὅτι	ὅτι	C-	--------
John 9:17	Προφήτης	προφήτης	N-	----NSM-
John 9:17	ἐστίν	εἰμί	V-	3PAI-S--
John 9:18	Οὐκ	οὐ	D-	--------
John 9:18	ἐπίστευσαν	πιστεύω	V-	3AAI-P--
John 9:18	οὖν	οὖν	C-	--------
John 9:18	οἱ	ὁ	RA	----NPM-
John 9:18	Ἰουδαῖοι	Ἰουδαῖος	A-	----NPM-
John 9:18	περὶ	περί	P-	--------
John 9:18	αὐτοῦ	αὐτός	RP	----GSM-
John 9:18	ὅτι	ὅτι	C-	--------
John 9:18	ἦν	εἰμί	V-	3IAI-S--
John 9:18	τυφλὸς	τυφλός	A-	----NSM-
John 9:18	καὶ	καί	C-	--------
John 9:18	ἀνέβλεψεν	ἀναβλέπω	V-	3AAI-S--
John 9:18	ἕως	ἕως	P-	--------
John 9:18	ὅτου	ὅστις	RR	----GSM-
John 9:18	ἐφώνησαν	φωνέω	V-	3AAI-P--
John 9:18	τοὺς	ὁ	RA	----APM-
John 9:18	γονεῖς	γονεύς	N-	----APM-
John 9:18	αὐτοῦ	αὐτός	RP	----GSM-
John 9:18	τοῦ	ὁ	RA	----GSM-
John 9:18	ἀναβλέψαντος	ἀναβλέπω	V-	-AAPGSM-
John 9:19	καὶ	καί	C-	--------
John 9:19	ἠρώτησαν	ἐρωτάω	V-	3AAI-P--
John 9:19	αὐτοὺς	αὐτός	RP	----APM-
John 9:19	λέγοντες	λέγω	V-	-PAPNPM-
John 9:19	Οὗτός	οὗτος	RD	----NSM-
John 9:19	ἐστιν	εἰμί	V-	3PAI-S--
John 9:19	ὁ	ὁ	RA	----NSM-
John 9:19	υἱὸς	υἱός	N-	----NSM-
John 9:19	ὑμῶν	σύ	RP	----GP--
John 9:19	ὃν	ὅς	RR	----ASM-
John 9:19	ὑμεῖς	σύ	RP	----NP--
John 9:19	λέγετε	λέγω	V-	2PAI-P--
John 9:19	ὅτι	ὅτι	C-	--------
John 9:19	τυφλὸς	τυφλός	A-	----NSM-
John 9:19	ἐγεννήθη	γεννάω	V-	3API-S--
John 9:19	πῶς	πῶς	D-	--------
John 9:19	οὖν	οὖν	C-	--------
John 9:19	βλέπει	βλέπω	V-	3PAI-S--
John 9:19	ἄρτι	ἄρτι	D-	--------
John 9:20	ἀπεκρίθησαν	ἀποκρίνομαι	V-	3API-P--
John 9:20	οὖν	οὖν	C-	--------
John 9:20	οἱ	ὁ	RA	----NPM-
John 9:20	γονεῖς	γονεύς	N-	----NPM-
John 9:20	αὐτοῦ	αὐτός	RP	----GSM-
John 9:20	καὶ	καί	C-	--------
John 9:20	εἶπαν	λέγω	V-	3AAI-P--
John 9:20	Οἴδαμεν	οἶδα	V-	1XAI-P--
John 9:20	ὅτι	ὅτι	C-	--------
John 9:20	οὗτός	οὗτος	RD	----NSM-
John 9:20	ἐστιν	εἰμί	V-	3PAI-S--
John 9:20	ὁ	ὁ	RA	----NSM-
John 9:20	υἱὸς	υἱός	N-	----NSM-
John 9:20	ἡμῶν	ἐγώ	RP	----GP--
John 9:20	καὶ	καί	C-	--------
John 9:20	ὅτι	ὅτι	C-	--------
John 9:20	τυφλὸς	τυφλός	A-	----NSM-
John 9:20	ἐγεννήθη	γεννάω	V-	3API-S--
John 9:21	πῶς	πῶς	D-	--------
John 9:21	δὲ	δέ	C-	--------
John 9:21	νῦν	νῦν	D-	--------
John 9:21	βλέπει	βλέπω	V-	3PAI-S--
John 9:21	οὐκ	οὐ	D-	--------
John 9:21	οἴδαμεν	οἶδα	V-	1XAI-P--
John 9:21	ἢ	ἤ	C-	--------
John 9:21	τίς	τίς	RI	----NSM-
John 9:21	ἤνοιξεν	ἀνοίγω	V-	3AAI-S--
John 9:21	αὐτοῦ	αὐτός	RP	----GSM-
John 9:21	τοὺς	ὁ	RA	----APM-
John 9:21	ὀφθαλμοὺς	ὀφθαλμός	N-	----APM-
John 9:21	ἡμεῖς	ἐγώ	RP	----NP--
John 9:21	οὐκ	οὐ	D-	--------
John 9:21	οἴδαμεν	οἶδα	V-	1XAI-P--
John 9:21	αὐτὸν	αὐτός	RP	----ASM-
John 9:21	ἐρωτήσατε	ἐρωτάω	V-	2AAD-P--
John 9:21	ἡλικίαν	ἡλικία	N-	----ASF-
John 9:21	ἔχει	ἔχω	V-	3PAI-S--
John 9:21	αὐτὸς	αὐτός	RP	----NSM-
John 9:21	περὶ	περί	P-	--------
John 9:21	ἑαυτοῦ	ἑαυτοῦ	RP	----GSM-
John 9:21	λαλήσει	λαλέω	V-	3FAI-S--
John 9:22	ταῦτα	οὗτος	RD	----APN-
John 9:22	εἶπαν	λέγω	V-	3AAI-P--
John 9:22	οἱ	ὁ	RA	----NPM-
John 9:22	γονεῖς	γονεύς	N-	----NPM-
John 9:22	αὐτοῦ	αὐτός	RP	----GSM-
John 9:22	ὅτι	ὅτι	C-	--------
John 9:22	ἐφοβοῦντο	φοβέομαι	V-	3IMI-P--
John 9:22	τοὺς	ὁ	RA	----APM-
John 9:22	Ἰουδαίους	Ἰουδαῖος	A-	----APM-
John 9:22	ἤδη	ἤδη	D-	--------
John 9:22	γὰρ	γάρ	C-	--------
John 9:22	συνετέθειντο	συντίθεμαι	V-	3YMI-P--
John 9:22	οἱ	ὁ	RA	----NPM-
John 9:22	Ἰουδαῖοι	Ἰουδαῖος	A-	----NPM-
John 9:22	ἵνα	ἵνα	C-	--------
John 9:22	ἐάν	ἐάν	C-	--------
John 9:22	τις	τις	RI	----NSM-
John 9:22	αὐτὸν	αὐτός	RP	----ASM-
John 9:22	ὁμολογήσῃ	ὁμολογέω	V-	3AAS-S--
John 9:22	χριστόν	Χριστός	N-	----ASM-
John 9:22	ἀποσυνάγωγος	ἀποσυνάγωγος	A-	----NSM-
John 9:22	γένηται	γίνομαι	V-	3AMS-S--
John 9:23	διὰ	διά	P-	--------
John 9:23	τοῦτο	οὗτος	RD	----ASN-
John 9:23	οἱ	ὁ	RA	----NPM-
John 9:23	γονεῖς	γονεύς	N-	----NPM-
John 9:23	αὐτοῦ	αὐτός	RP	----GSM-
John 9:23	εἶπαν	λέγω	V-	3AAI-P--
John 9:23	ὅτι	ὅτι	C-	--------
John 9:23	Ἡλικίαν	ἡλικία	N-	----ASF-
John 9:23	ἔχει	ἔχω	V-	3PAI-S--
John 9:23	αὐτὸν	αὐτός	RP	----ASM-
John 9:23	ἐπερωτήσατε	ἐπερωτάω	V-	2AAD-P--
John 9:24	Ἐφώνησαν	φωνέω	V-	3AAI-P--
John 9:24	οὖν	οὖν	C-	--------
John 9:24	τὸν	ὁ	RA	----ASM-
John 9:24	ἄνθρωπον	ἄνθρωπος	N-	----ASM-
John 9:24	ἐκ	ἐκ	P-	--------
John 9:24	δευτέρου	δεύτερος	A-	----GSN-
John 9:24	ὃς	ὅς	RR	----NSM-
John 9:24	ἦν	εἰμί	V-	3IAI-S--
John 9:24	τυφλὸς	τυφλός	A-	----NSM-
John 9:24	καὶ	καί	C-	--------
John 9:24	εἶπαν	λέγω	V-	3AAI-P--
John 9:24	αὐτῷ	αὐτός	RP	----DSM-
John 9:24	Δὸς	δίδωμι	V-	2AAD-S--
John 9:24	δόξαν	δόξα	N-	----ASF-
John 9:24	τῷ	ὁ	RA	----DSM-
John 9:24	θεῷ	θεός	N-	----DSM-
John 9:24	ἡμεῖς	ἐγώ	RP	----NP--
John 9:24	οἴδαμεν	οἶδα	V-	1XAI-P--
John 9:24	ὅτι	ὅτι	C-	--------
John 9:24	οὗτος	οὗτος	RD	----NSM-
John 9:24	ὁ	ὁ	RA	----NSM-
John 9:24	ἄνθρωπος	ἄνθρωπος	N-	----NSM-
John 9:24	ἁμαρτωλός	ἁμαρτωλός	A-	----NSM-
John 9:24	ἐστιν	εἰμί	V-	3PAI-S--
John 9:25	ἀπεκρίθη	ἀποκρίνομαι	V-	3API-S--
John 9:25	οὖν	οὖν	C-	--------
John 9:25	ἐκεῖνος	ἐκεῖνος	RD	----NSM-
John 9:25	Εἰ	εἰ	X-	--------
John 9:25	ἁμαρτωλός	ἁμαρτωλός	A-	----NSM-
John 9:25	ἐστιν	εἰμί	V-	3PAI-S--
John 9:25	οὐκ	οὐ	D-	--------
John 9:25	οἶδα	οἶδα	V-	1XAI-S--
John 9:25	ἓν	εἷς	A-	----ASN-
John 9:25	οἶδα	οἶδα	V-	1XAI-S--
John 9:25	ὅτι	ὅτι	D-	--------
John 9:25	τυφλὸς	τυφλός	A-	----NSM-
John 9:25	ὢν	εἰμί	V-	-PAPNSM-
John 9:25	ἄρτι	ἄρτι	D-	--------
John 9:25	βλέπω	βλέπω	V-	1PAI-S--
John 9:26	εἶπον	λέγω	V-	3AAI-P--
John 9:26	οὖν	οὖν	C-	--------
John 9:26	αὐτῷ	αὐτός	RP	----DSM-
John 9:26	Τί	τίς	RI	----ASN-
John 9:26	ἐποίησέν	ποιέω	V-	3AAI-S--
John 9:26	σοι	σύ	RP	----DS--
John 9:26	πῶς	πῶς	D-	--------
John 9:26	ἤνοιξέν	ἀνοίγω	V-	3AAI-S--
John 9:26	σου	σύ	RP	----GS--
John 9:26	τοὺς	ὁ	RA	----APM-
John 9:26	ὀφθαλμούς	ὀφθαλμός	N-	----APM-
John 9:27	ἀπεκρίθη	ἀποκρίνομαι	V-	3API-S--
John 9:27	αὐτοῖς	αὐτός	RP	----DPM-
John 9:27	Εἶπον	λέγω	V-	1AAI-S--
John 9:27	ὑμῖν	σύ	RP	----DP--
John 9:27	ἤδη	ἤδη	D-	--------
John 9:27	καὶ	καί	C-	--------
John 9:27	οὐκ	οὐ	D-	--------
John 9:27	ἠκούσατε	ἀκούω	V-	2AAI-P--
John 9:27	τί	τίς	RI	----ASN-
John 9:27	πάλιν	πάλιν	D-	--------
John 9:27	θέλετε	θέλω	V-	2PAI-P--
John 9:27	ἀκούειν	ἀκούω	V-	-PAN----
John 9:27	μὴ	μή	X-	--------
John 9:27	καὶ	καί	D-	--------
John 9:27	ὑμεῖς	σύ	RP	----NP--
John 9:27	θέλετε	θέλω	V-	2PAI-P--
John 9:27	αὐτοῦ	αὐτός	RP	----GSM-
John 9:27	μαθηταὶ	μαθητής	N-	----NPM-
John 9:27	γενέσθαι	γίνομαι	V-	-AMN----
John 9:28	ἐλοιδόρησαν	λοιδορέω	V-	3AAI-P--
John 9:28	αὐτὸν	αὐτός	RP	----ASM-
John 9:28	καὶ	καί	C-	--------
John 9:28	εἶπον	λέγω	V-	3AAI-P--
John 9:28	Σὺ	σύ	RP	----NS--
John 9:28	μαθητὴς	μαθητής	N-	----NSM-
John 9:28	εἶ	εἰμί	V-	2PAI-S--
John 9:28	ἐκείνου	ἐκεῖνος	RD	----GSM-
John 9:28	ἡμεῖς	ἐγώ	RP	----NP--
John 9:28	δὲ	δέ	C-	--------
John 9:28	τοῦ	ὁ	RA	----GSM-
John 9:28	Μωϋσέως	Μωϋσῆς	N-	----GSM-
John 9:28	ἐσμὲν	εἰμί	V-	1PAI-P--
John 9:28	μαθηταί	μαθητής	N-	----NPM-
John 9:29	ἡμεῖς	ἐγώ	RP	----NP--
John 9:29	οἴδαμεν	οἶδα	V-	1XAI-P--
John 9:29	ὅτι	ὅτι	C-	--------
John 9:29	Μωϋσεῖ	Μωϋσῆς	N-	----DSM-
John 9:29	λελάληκεν	λαλέω	V-	3XAI-S--
John 9:29	ὁ	ὁ	RA	----NSM-
John 9:29	θεός	θεός	N-	----NSM-
John 9:29	τοῦτον	οὗτος	RD	----ASM-
John 9:29	δὲ	δέ	C-	--------
John 9:29	οὐκ	οὐ	D-	--------
John 9:29	οἴδαμεν	οἶδα	V-	1XAI-P--
John 9:29	πόθεν	πόθεν	D-	--------
John 9:29	ἐστίν	εἰμί	V-	3PAI-S--
John 9:30	ἀπεκρίθη	ἀποκρίνομαι	V-	3API-S--
John 9:30	ὁ	ὁ	RA	----NSM-
John 9:30	ἄνθρωπος	ἄνθρωπος	N-	----NSM-
John 9:30	καὶ	καί	C-	--------
John 9:30	εἶπεν	λέγω	V-	3AAI-S--
John 9:30	αὐτοῖς	αὐτός	RP	----DPM-
John 9:30	Ἐν	ἐν	P-	--------
John 9:30	τούτῳ	οὗτος	RD	----DSN-
John 9:30	γὰρ	γάρ	C-	--------
John 9:30	τὸ	ὁ	RA	----NSN-
John 9:30	θαυμαστόν	θαυμαστός	A-	----NSN-
John 9:30	ἐστιν	εἰμί	V-	3PAI-S--
John 9:30	ὅτι	ὅτι	D-	--------
John 9:30	ὑμεῖς	σύ	RP	----NP--
John 9:30	οὐκ	οὐ	D-	--------
John 9:30	οἴδατε	οἶδα	V-	2XAI-P--
John 9:30	πόθεν	πόθεν	D-	--------
John 9:30	ἐστίν	εἰμί	V-	3PAI-S--
John 9:30	καὶ	καί	C-	--------
John 9:30	ἤνοιξέν	ἀνοίγω	V-	3AAI-S--
John 9:30	μου	ἐγώ	RP	----GS--
John 9:30	τοὺς	ὁ	RA	----APM-
John 9:30	ὀφθαλμούς	ὀφθαλμός	N-	----APM-
John 9:31	οἴδαμεν	οἶδα	V-	1XAI-P--
John 9:31	ὅτι	ὅτι	C-	--------
John 9:31	ἁμαρτωλῶν	ἁμαρτωλός	A-	----GPM-
John 9:31	ὁ	ὁ	RA	----NSM-
John 9:31	θεὸς	θεός	N-	----NSM-
John 9:31	οὐκ	οὐ	D-	--------
John 9:31	ἀκούει	ἀκούω	V-	3PAI-S--
John 9:31	ἀλλ’	ἀλλά	C-	--------
John 9:31	ἐάν	ἐάν	C-	--------
John 9:31	τις	τις	RI	----NSM-
John 9:31	θεοσεβὴς	θεοσεβής	A-	----NSM-
John 9:31	ᾖ	εἰμί	V-	3PAS-S--
John 9:31	καὶ	καί	C-	--------
John 9:31	τὸ	ὁ	RA	----ASN-
John 9:31	θέλημα	θέλημα	N-	----ASN-
John 9:31	αὐτοῦ	αὐτός	RP	----GSM-
John 9:31	ποιῇ	ποιέω	V-	3PAS-S--
John 9:31	τούτου	οὗτος	RD	----GSM-
John 9:31	ἀκούει	ἀκούω	V-	3PAI-S--
John 9:32	ἐκ	ἐκ	P-	--------
John 9:32	τοῦ	ὁ	RA	----GSM-
John 9:32	αἰῶνος	αἰών	N-	----GSM-
John 9:32	οὐκ	οὐ	D-	--------
John 9:32	ἠκούσθη	ἀκούω	V-	3API-S--
John 9:32	ὅτι	ὅτι	C-	--------
John 9:32	ἠνέῳξέν	ἀνοίγω	V-	3AAI-S--
John 9:32	τις	τις	RI	----NSM-
John 9:32	ὀφθαλμοὺς	ὀφθαλμός	N-	----APM-
John 9:32	τυφλοῦ	τυφλός	A-	----GSM-
John 9:32	γεγεννημένου	γεννάω	V-	-XPPGSM-
John 9:33	εἰ	εἰ	C-	--------
John 9:33	μὴ	μή	D-	--------
John 9:33	ἦν	εἰμί	V-	3IAI-S--
John 9:33	οὗτος	οὗτος	RD	----NSM-
John 9:33	παρὰ	παρά	P-	--------
John 9:33	θεοῦ	θεός	N-	----GSM-
John 9:33	οὐκ	οὐ	D-	--------
John 9:33	ἠδύνατο	δύναμαι	V-	3IMI-S--
John 9:33	ποιεῖν	ποιέω	V-	-PAN----
John 9:33	οὐδέν	οὐδείς	A-	----ASN-
John 9:34	ἀπεκρίθησαν	ἀποκρίνομαι	V-	3API-P--
John 9:34	καὶ	καί	C-	--------
John 9:34	εἶπαν	λέγω	V-	3AAI-P--
John 9:34	αὐτῷ	αὐτός	RP	----DSM-
John 9:34	Ἐν	ἐν	P-	--------
John 9:34	ἁμαρτίαις	ἁμαρτία	N-	----DPF-
John 9:34	σὺ	σύ	RP	----NS--
John 9:34	ἐγεννήθης	γεννάω	V-	2API-S--
John 9:34	ὅλος	ὅλος	A-	----NSM-
John 9:34	καὶ	καί	C-	--------
John 9:34	σὺ	σύ	RP	----NS--
John 9:34	διδάσκεις	διδάσκω	V-	2PAI-S--
John 9:34	ἡμᾶς	ἐγώ	RP	----AP--
John 9:34	καὶ	καί	C-	--------
John 9:34	ἐξέβαλον	ἐκβάλλω	V-	3AAI-P--
John 9:34	αὐτὸν	αὐτός	RP	----ASM-
John 9:34	ἔξω	ἔξω	D-	--------
John 9:35	Ἤκουσεν	ἀκούω	V-	3AAI-S--
John 9:35	Ἰησοῦς	Ἰησοῦς	N-	----NSM-
John 9:35	ὅτι	ὅτι	C-	--------
John 9:35	ἐξέβαλον	ἐκβάλλω	V-	3AAI-P--
John 9:35	αὐτὸν	αὐτός	RP	----ASM-
John 9:35	ἔξω	ἔξω	D-	--------
John 9:35	καὶ	καί	C-	--------
John 9:35	εὑρὼν	εὑρίσκω	V-	-AAPNSM-
John 9:35	αὐτὸν	αὐτός	RP	----ASM-
John 9:35	εἶπεν	λέγω	V-	3AAI-S--
John 9:35	Σὺ	σύ	RP	----NS--
John 9:35	πιστεύεις	πιστεύω	V-	2PAI-S--
John 9:35	εἰς	εἰς	P-	--------
John 9:35	τὸν	ὁ	RA	----ASM-
John 9:35	υἱὸν	υἱός	N-	----ASM-
John 9:35	τοῦ	ὁ	RA	----GSM-
John 9:35	ἀνθρώπου	ἄνθρωπος	N-	----GSM-
John 9:36	ἀπεκρίθη	ἀποκρίνομαι	V-	3API-S--
John 9:36	ἐκεῖνος	ἐκεῖνος	RD	----NSM-
John 9:36	καὶ	καί	C-	--------
John 9:36	εἶπεν	λέγω	V-	3AAI-S--
John 9:36	Καὶ	καί	C-	--------
John 9:36	τίς	τίς	RI	----NSM-
John 9:36	ἐστιν	εἰμί	V-	3PAI-S--
John 9:36	κύριε	κύριος	N-	----VSM-
John 9:36	ἵνα	ἵνα	C-	--------
John 9:36	πιστεύσω	πιστεύω	V-	1AAS-S--
John 9:36	εἰς	εἰς	P-	--------
John 9:36	αὐτόν	αὐτός	RP	----ASM-
John 9:37	εἶπεν	λέγω	V-	3AAI-S--
John 9:37	αὐτῷ	αὐτός	RP	----DSM-
John 9:37	ὁ	ὁ	RA	----NSM-
John 9:37	Ἰησοῦς	Ἰησοῦς	N-	----NSM-
John 9:37	Καὶ	καί	C-	--------
John 9:37	ἑώρακας	ὁράω	V-	2XAI-S--
John 9:37	αὐτὸν	αὐτός	RP	----ASM-
John 9:37	καὶ	καί	C-	--------
John 9:37	ὁ	ὁ	RA	----NSM-
John 9:37	λαλῶν	λαλέω	V-	-PAPNSM-
John 9:37	μετὰ	μετά	P-	--------
John 9:37	σοῦ	σύ	RP	----GS--
John 9:37	ἐκεῖνός	ἐκεῖνος	RD	----NSM-
John 9:37	ἐστιν	εἰμί	V-	3PAI-S--
John 9:38	ὁ	ὁ	RA	----NSM-
John 9:38	δὲ	δέ	C-	--------
John 9:38	ἔφη	φημί	V-	3IAI-S--
John 9:38	Πιστεύω	πιστεύω	V-	1PAI-S--
John 9:38	κύριε	κύριος	N-	----VSM-
John 9:38	καὶ	καί	C-	--------
John 9:38	προσεκύνησεν	προσκυνέω	V-	3AAI-S--
John 9:38	αὐτῷ	αὐτός	RP	----DSM-
John 9:39	καὶ	καί	C-	--------
John 9:39	εἶπεν	λέγω	V-	3AAI-S--
John 9:39	ὁ	ὁ	RA	----NSM-
John 9:39	Ἰησοῦς	Ἰησοῦς	N-	----NSM-
John 9:39	Εἰς	εἰς	P-	--------
John 9:39	κρίμα	κρίμα	N-	----ASN-
John 9:39	ἐγὼ	ἐγώ	RP	----NS--
John 9:39	εἰς	εἰς	P-	--------
John 9:39	τὸν	ὁ	RA	----ASM-
John 9:39	κόσμον	κόσμος	N-	----ASM-
John 9:39	τοῦτον	οὗτος	RD	----ASM-
John 9:39	ἦλθον	ἔρχομαι	V-	1AAI-S--
John 9:39	ἵνα	ἵνα	C-	--------
John 9:39	οἱ	ὁ	RA	----NPM-
John 9:39	μὴ	μή	D-	--------
John 9:39	βλέποντες	βλέπω	V-	-PAPNPM-
John 9:39	βλέπωσιν	βλέπω	V-	3PAS-P--
John 9:39	καὶ	καί	C-	--------
John 9:39	οἱ	ὁ	RA	----NPM-
John 9:39	βλέποντες	βλέπω	V-	-PAPNPM-
John 9:39	τυφλοὶ	τυφλός	A-	----NPM-
John 9:39	γένωνται	γίνομαι	V-	3AMS-P--
John 9:40	ἤκουσαν	ἀκούω	V-	3AAI-P--
John 9:40	ἐκ	ἐκ	P-	--------
John 9:40	τῶν	ὁ	RA	----GPM-
John 9:40	Φαρισαίων	Φαρισαῖος	N-	----GPM-
John 9:40	ταῦτα	οὗτος	RD	----APN-
John 9:40	οἱ	ὁ	RA	----NPM-
John 9:40	μετ’	μετά	P-	--------
John 9:40	αὐτοῦ	αὐτός	RP	----GSM-
John 9:40	ὄντες	εἰμί	V-	-PAPNPM-
John 9:40	καὶ	καί	C-	--------
John 9:40	εἶπον	λέγω	V-	3AAI-P--
John 9:40	αὐτῷ	αὐτός	RP	----DSM-
John 9:40	Μὴ	μή	X-	--------
John 9:40	καὶ	καί	D-	--------
John 9:40	ἡμεῖς	ἐγώ	RP	----NP--
John 9:40	τυφλοί	τυφλός	A-	----NPM-
John 9:40	ἐσμεν	εἰμί	V-	1PAI-P--
John 9:41	εἶπεν	λέγω	V-	3AAI-S--
John 9:41	αὐτοῖς	αὐτός	RP	----DPM-
John 9:41	ὁ	ὁ	RA	----NSM-
John 9:41	Ἰησοῦς	Ἰησοῦς	N-	----NSM-
John 9:41	Εἰ	εἰ	C-	--------
John 9:41	τυφλοὶ	τυφλός	A-	----NPM-
John 9:41	ἦτε	εἰμί	V-	2IAI-P--
John 9:41	οὐκ	οὐ	D-	--------
John 9:41	ἂν	ἄν	X-	--------
John 9:41	εἴχετε	ἔχω	V-	2IAI-P--
John 9:41	ἁμαρτίαν	ἁμαρτία	N-	----ASF-
John 9:41	νῦν	νῦν	D-	--------
John 9:41	δὲ	δέ	C-	--------
John 9:41	λέγετε	λέγω	V-	2PAI-P--
John 9:41	ὅτι	ὅτι	C-	--------
John 9:41	Βλέπομεν	βλέπω	V-	1PAI-P--
John 9:41	ἡ	ὁ	RA	----NSF-
John 9:41	ἁμαρτία	ἁμαρτία	N-	----NSF-
John 9:41	ὑμῶν	σύ	RP	----GP--
John 9:41	μένει	μένω	V-	3PAI-S--
John 10:1	Ἀμὴν	ἀμήν	X-	--------
John 10:1	ἀμὴν	ἀμήν	X-	--------
John 10:1	λέγω	λέγω	V-	1PAI-S--
John 10:1	ὑμῖν	σύ	RP	----DP--
John 10:1	ὁ	ὁ	RA	----NSM-
John 10:1	μὴ	μή	D-	--------
John 10:1	εἰσερχόμενος	εἰσέρχομαι	V-	-PMPNSM-
John 10:1	διὰ	διά	P-	--------
John 10:1	τῆς	ὁ	RA	----GSF-
John 10:1	θύρας	θύρα	N-	----GSF-
John 10:1	εἰς	εἰς	P-	--------
John 10:1	τὴν	ὁ	RA	----ASF-
John 10:1	αὐλὴν	αὐλή	N-	----ASF-
John 10:1	τῶν	ὁ	RA	----GPN-
John 10:1	προβάτων	πρόβατον	N-	----GPN-
John 10:1	ἀλλὰ	ἀλλά	C-	--------
John 10:1	ἀναβαίνων	ἀναβαίνω	V-	-PAPNSM-
John 10:1	ἀλλαχόθεν	ἀλλαχόθεν	D-	--------
John 10:1	ἐκεῖνος	ἐκεῖνος	RD	----NSM-
John 10:1	κλέπτης	κλέπτης	N-	----NSM-
John 10:1	ἐστὶν	εἰμί	V-	3PAI-S--
John 10:1	καὶ	καί	C-	--------
John 10:1	λῃστής	λῃστής	N-	----NSM-
John 10:2	ὁ	ὁ	RA	----NSM-
John 10:2	δὲ	δέ	C-	--------
John 10:2	εἰσερχόμενος	εἰσέρχομαι	V-	-PMPNSM-
John 10:2	διὰ	διά	P-	--------
John 10:2	τῆς	ὁ	RA	----GSF-
John 10:2	θύρας	θύρα	N-	----GSF-
John 10:2	ποιμήν	ποιμήν	N-	----NSM-
John 10:2	ἐστιν	εἰμί	V-	3PAI-S--
John 10:2	τῶν	ὁ	RA	----GPN-
John 10:2	προβάτων	πρόβατον	N-	----GPN-
John 10:3	τούτῳ	οὗτος	RD	----DSM-
John 10:3	ὁ	ὁ	RA	----NSM-
John 10:3	θυρωρὸς	θυρωρός	N-	----NSM-
John 10:3	ἀνοίγει	ἀνοίγω	V-	3PAI-S--
John 10:3	καὶ	καί	C-	--------
John 10:3	τὰ	ὁ	RA	----NPN-
John 10:3	πρόβατα	πρόβατον	N-	----NPN-
John 10:3	τῆς	ὁ	RA	----GSF-
John 10:3	φωνῆς	φωνή	N-	----GSF-
John 10:3	αὐτοῦ	αὐτός	RP	----GSM-
John 10:3	ἀκούει	ἀκούω	V-	3PAI-S--
John 10:3	καὶ	καί	C-	--------
John 10:3	τὰ	ὁ	RA	----APN-
John 10:3	ἴδια	ἴδιος	A-	----APN-
John 10:3	πρόβατα	πρόβατον	N-	----APN-
John 10:3	φωνεῖ	φωνέω	V-	3PAI-S--
John 10:3	κατ’	κατά	P-	--------
John 10:3	ὄνομα	ὄνομα	N-	----ASN-
John 10:3	καὶ	καί	C-	--------
John 10:3	ἐξάγει	ἐξάγω	V-	3PAI-S--
John 10:3	αὐτά	αὐτός	RP	----APN-
John 10:4	ὅταν	ὅταν	C-	--------
John 10:4	τὰ	ὁ	RA	----APN-
John 10:4	ἴδια	ἴδιος	A-	----APN-
John 10:4	πάντα	πᾶς	A-	----APN-
John 10:4	ἐκβάλῃ	ἐκβάλλω	V-	3AAS-S--
John 10:4	ἔμπροσθεν	ἔμπροσθεν	P-	--------
John 10:4	αὐτῶν	αὐτός	RP	----GPN-
John 10:4	πορεύεται	πορεύομαι	V-	3PMI-S--
John 10:4	καὶ	καί	C-	--------
John 10:4	τὰ	ὁ	RA	----NPN-
John 10:4	πρόβατα	πρόβατον	N-	----NPN-
John 10:4	αὐτῷ	αὐτός	RP	----DSM-
John 10:4	ἀκολουθεῖ	ἀκολουθέω	V-	3PAI-S--
John 10:4	ὅτι	ὅτι	C-	--------
John 10:4	οἴδασιν	οἶδα	V-	3XAI-P--
John 10:4	τὴν	ὁ	RA	----ASF-
John 10:4	φωνὴν	φωνή	N-	----ASF-
John 10:4	αὐτοῦ	αὐτός	RP	----GSM-
John 10:5	ἀλλοτρίῳ	ἀλλότριος	A-	----DSM-
John 10:5	δὲ	δέ	C-	--------
John 10:5	οὐ	οὐ	D-	--------
John 10:5	μὴ	μή	D-	--------
John 10:5	ἀκολουθήσουσιν	ἀκολουθέω	V-	3FAI-P--
John 10:5	ἀλλὰ	ἀλλά	C-	--------
John 10:5	φεύξονται	φεύγω	V-	3FMI-P--
John 10:5	ἀπ’	ἀπό	P-	--------
John 10:5	αὐτοῦ	αὐτός	RP	----GSM-
John 10:5	ὅτι	ὅτι	C-	--------
John 10:5	οὐκ	οὐ	D-	--------
John 10:5	οἴδασι	οἶδα	V-	3XAI-P--
John 10:5	τῶν	ὁ	RA	----GPM-
John 10:5	ἀλλοτρίων	ἀλλότριος	A-	----GPM-
John 10:5	τὴν	ὁ	RA	----ASF-
John 10:5	φωνήν	φωνή	N-	----ASF-
John 10:6	ταύτην	οὗτος	RD	----ASF-
John 10:6	τὴν	ὁ	RA	----ASF-
John 10:6	παροιμίαν	παροιμία	N-	----ASF-
John 10:6	εἶπεν	λέγω	V-	3AAI-S--
John 10:6	αὐτοῖς	αὐτός	RP	----DPM-
John 10:6	ὁ	ὁ	RA	----NSM-
John 10:6	Ἰησοῦς	Ἰησοῦς	N-	----NSM-
John 10:6	ἐκεῖνοι	ἐκεῖνος	RD	----NPM-
John 10:6	δὲ	δέ	C-	--------
John 10:6	οὐκ	οὐ	D-	--------
John 10:6	ἔγνωσαν	γινώσκω	V-	3AAI-P--
John 10:6	τίνα	τίς	RI	----NPN-
John 10:6	ἦν	εἰμί	V-	3IAI-S--
John 10:6	ἃ	ὅς	RR	----APN-
John 10:6	ἐλάλει	λαλέω	V-	3IAI-S--
John 10:6	αὐτοῖς	αὐτός	RP	----DPM-
John 10:7	Εἶπεν	λέγω	V-	3AAI-S--
John 10:7	οὖν	οὖν	C-	--------
John 10:7	πάλιν	πάλιν	D-	--------
John 10:7	αὐτοῖς	αὐτός	RP	----DPM-
John 10:7	ὁ	ὁ	RA	----NSM-
John 10:7	Ἰησοῦς	Ἰησοῦς	N-	----NSM-
John 10:7	Ἀμὴν	ἀμήν	X-	--------
John 10:7	ἀμὴν	ἀμήν	X-	--------
John 10:7	λέγω	λέγω	V-	1PAI-S--
John 10:7	ὑμῖν	σύ	RP	----DP--
John 10:7	ὅτι	ὅτι	C-	--------
John 10:7	ἐγώ	ἐγώ	RP	----NS--
John 10:7	εἰμι	εἰμί	V-	1PAI-S--
John 10:7	ἡ	ὁ	RA	----NSF-
John 10:7	θύρα	θύρα	N-	----NSF-
John 10:7	τῶν	ὁ	RA	----GPN-
John 10:7	προβάτων	πρόβατον	N-	----GPN-
John 10:8	πάντες	πᾶς	A-	----NPM-
John 10:8	ὅσοι	ὅσος	RR	----NPM-
John 10:8	ἦλθον	ἔρχομαι	V-	3AAI-P--
John 10:8	πρὸ	πρό	P-	--------
John 10:8	ἐμοῦ	ἐγώ	RP	----GS--
John 10:8	κλέπται	κλέπτης	N-	----NPM-
John 10:8	εἰσὶν	εἰμί	V-	3PAI-P--
John 10:8	καὶ	καί	C-	--------
John 10:8	λῃσταί	λῃστής	N-	----NPM-
John 10:8	ἀλλ’	ἀλλά	C-	--------
John 10:8	οὐκ	οὐ	D-	--------
John 10:8	ἤκουσαν	ἀκούω	V-	3AAI-P--
John 10:8	αὐτῶν	αὐτός	RP	----GPM-
John 10:8	τὰ	ὁ	RA	----NPN-
John 10:8	πρόβατα	πρόβατον	N-	----NPN-
John 10:9	ἐγώ	ἐγώ	RP	----NS--
John 10:9	εἰμι	εἰμί	V-	1PAI-S--
John 10:9	ἡ	ὁ	RA	----NSF-
John 10:9	θύρα	θύρα	N-	----NSF-
John 10:9	δι’	διά	P-	--------
John 10:9	ἐμοῦ	ἐγώ	RP	----GS--
John 10:9	ἐάν	ἐάν	C-	--------
John 10:9	τις	τις	RI	----NSM-
John 10:9	εἰσέλθῃ	εἰσέρχομαι	V-	3AAS-S--
John 10:9	σωθήσεται	σῴζω	V-	3FPI-S--
John 10:9	καὶ	καί	C-	--------
John 10:9	εἰσελεύσεται	εἰσέρχομαι	V-	3FMI-S--
John 10:9	καὶ	καί	C-	--------
John 10:9	ἐξελεύσεται	ἐξέρχομαι	V-	3FMI-S--
John 10:9	καὶ	καί	C-	--------
John 10:9	νομὴν	νομή	N-	----ASF-
John 10:9	εὑρήσει	εὑρίσκω	V-	3FAI-S--
John 10:10	ὁ	ὁ	RA	----NSM-
John 10:10	κλέπτης	κλέπτης	N-	----NSM-
John 10:10	οὐκ	οὐ	D-	--------
John 10:10	ἔρχεται	ἔρχομαι	V-	3PMI-S--
John 10:10	εἰ	εἰ	C-	--------
John 10:10	μὴ	μή	D-	--------
John 10:10	ἵνα	ἵνα	C-	--------
John 10:10	κλέψῃ	κλέπτω	V-	3AAS-S--
John 10:10	καὶ	καί	C-	--------
John 10:10	θύσῃ	θύω	V-	3AAS-S--
John 10:10	καὶ	καί	C-	--------
John 10:10	ἀπολέσῃ	ἀπόλλυμι	V-	3AAS-S--
John 10:10	ἐγὼ	ἐγώ	RP	----NS--
John 10:10	ἦλθον	ἔρχομαι	V-	1AAI-S--
John 10:10	ἵνα	ἵνα	C-	--------
John 10:10	ζωὴν	ζωή	N-	----ASF-
John 10:10	ἔχωσιν	ἔχω	V-	3PAS-P--
John 10:10	καὶ	καί	C-	--------
John 10:10	περισσὸν	περισσός	A-	----ASN-
John 10:10	ἔχωσιν	ἔχω	V-	3PAS-P--
John 10:11	Ἐγώ	ἐγώ	RP	----NS--
John 10:11	εἰμι	εἰμί	V-	1PAI-S--
John 10:11	ὁ	ὁ	RA	----NSM-
John 10:11	ποιμὴν	ποιμήν	N-	----NSM-
John 10:11	ὁ	ὁ	RA	----NSM-
John 10:11	καλός	καλός	A-	----NSM-
John 10:11	ὁ	ὁ	RA	----NSM-
John 10:11	ποιμὴν	ποιμήν	N-	----NSM-
John 10:11	ὁ	ὁ	RA	----NSM-
John 10:11	καλὸς	καλός	A-	----NSM-
John 10:11	τὴν	ὁ	RA	----ASF-
John 10:11	ψυχὴν	ψυχή	N-	----ASF-
John 10:11	αὐτοῦ	αὐτός	RP	----GSM-
John 10:11	τίθησιν	τίθημι	V-	3PAI-S--
John 10:11	ὑπὲρ	ὑπέρ	P-	--------
John 10:11	τῶν	ὁ	RA	----GPN-
John 10:11	προβάτων	πρόβατον	N-	----GPN-
John 10:12	ὁ	ὁ	RA	----NSM-
John 10:12	μισθωτὸς	μισθωτός	A-	----NSM-
John 10:12	καὶ	καί	C-	--------
John 10:12	οὐκ	οὐ	D-	--------
John 10:12	ὢν	εἰμί	V-	-PAPNSM-
John 10:12	ποιμήν	ποιμήν	N-	----NSM-
John 10:12	οὗ	ὅς	RR	----GSM-
John 10:12	οὐκ	οὐ	D-	--------
John 10:12	ἔστιν	εἰμί	V-	3PAI-S--
John 10:12	τὰ	ὁ	RA	----NPN-
John 10:12	πρόβατα	πρόβατον	N-	----NPN-
John 10:12	ἴδια	ἴδιος	A-	----NPN-
John 10:12	θεωρεῖ	θεωρέω	V-	3PAI-S--
John 10:12	τὸν	ὁ	RA	----ASM-
John 10:12	λύκον	λύκος	N-	----ASM-
John 10:12	ἐρχόμενον	ἔρχομαι	V-	-PMPASM-
John 10:12	καὶ	καί	C-	--------
John 10:12	ἀφίησιν	ἀφίημι	V-	3PAI-S--
John 10:12	τὰ	ὁ	RA	----APN-
John 10:12	πρόβατα	πρόβατον	N-	----APN-
John 10:12	καὶ	καί	C-	--------
John 10:12	φεύγει	φεύγω	V-	3PAI-S--
John 10:12	καὶ	καί	C-	--------
John 10:12	ὁ	ὁ	RA	----NSM-
John 10:12	λύκος	λύκος	N-	----NSM-
John 10:12	ἁρπάζει	ἁρπάζω	V-	3PAI-S--
John 10:12	αὐτὰ	αὐτός	RP	----APN-
John 10:12	καὶ	καί	C-	--------
John 10:12	σκορπίζει	σκορπίζω	V-	3PAI-S--
John 10:13	ὅτι	ὅτι	C-	--------
John 10:13	μισθωτός	μισθωτός	A-	----NSM-
John 10:13	ἐστιν	εἰμί	V-	3PAI-S--
John 10:13	καὶ	καί	C-	--------
John 10:13	οὐ	οὐ	D-	--------
John 10:13	μέλει	μέλει	V-	3PAI-S--
John 10:13	αὐτῷ	αὐτός	RP	----DSM-
John 10:13	περὶ	περί	P-	--------
John 10:13	τῶν	ὁ	RA	----GPN-
John 10:13	προβάτων	πρόβατον	N-	----GPN-
John 10:14	ἐγώ	ἐγώ	RP	----NS--
John 10:14	εἰμι	εἰμί	V-	1PAI-S--
John 10:14	ὁ	ὁ	RA	----NSM-
John 10:14	ποιμὴν	ποιμήν	N-	----NSM-
John 10:14	ὁ	ὁ	RA	----NSM-
John 10:14	καλός	καλός	A-	----NSM-
John 10:14	καὶ	καί	C-	--------
John 10:14	γινώσκω	γινώσκω	V-	1PAI-S--
John 10:14	τὰ	ὁ	RA	----APN-
John 10:14	ἐμὰ	ἐμός	A-	----APN-
John 10:14	καὶ	καί	C-	--------
John 10:14	γινώσκουσί	γινώσκω	V-	3PAI-P--
John 10:14	με	ἐγώ	RP	----AS--
John 10:14	τὰ	ὁ	RA	----NPN-
John 10:14	ἐμά	ἐμός	A-	----NPN-
John 10:15	καθὼς	καθώς	C-	--------
John 10:15	γινώσκει	γινώσκω	V-	3PAI-S--
John 10:15	με	ἐγώ	RP	----AS--
John 10:15	ὁ	ὁ	RA	----NSM-
John 10:15	πατὴρ	πατήρ	N-	----NSM-
John 10:15	κἀγὼ	κἀγώ	RP	----NS--
John 10:15	γινώσκω	γινώσκω	V-	1PAI-S--
John 10:15	τὸν	ὁ	RA	----ASM-
John 10:15	πατέρα	πατήρ	N-	----ASM-
John 10:15	καὶ	καί	C-	--------
John 10:15	τὴν	ὁ	RA	----ASF-
John 10:15	ψυχήν	ψυχή	N-	----ASF-
John 10:15	μου	ἐγώ	RP	----GS--
John 10:15	τίθημι	τίθημι	V-	1PAI-S--
John 10:15	ὑπὲρ	ὑπέρ	P-	--------
John 10:15	τῶν	ὁ	RA	----GPN-
John 10:15	προβάτων	πρόβατον	N-	----GPN-
John 10:16	καὶ	καί	C-	--------
John 10:16	ἄλλα	ἄλλος	A-	----APN-
John 10:16	πρόβατα	πρόβατον	N-	----APN-
John 10:16	ἔχω	ἔχω	V-	1PAI-S--
John 10:16	ἃ	ὅς	RR	----NPN-
John 10:16	οὐκ	οὐ	D-	--------
John 10:16	ἔστιν	εἰμί	V-	3PAI-S--
John 10:16	ἐκ	ἐκ	P-	--------
John 10:16	τῆς	ὁ	RA	----GSF-
John 10:16	αὐλῆς	αὐλή	N-	----GSF-
John 10:16	ταύτης	οὗτος	RD	----GSF-
John 10:16	κἀκεῖνα	κἀκεῖνος	RD	----APN-
John 10:16	δεῖ	δέω	V-	3PAI-S--
John 10:16	με	ἐγώ	RP	----AS--
John 10:16	ἀγαγεῖν	ἄγω	V-	-AAN----
John 10:16	καὶ	καί	C-	--------
John 10:16	τῆς	ὁ	RA	----GSF-
John 10:16	φωνῆς	φωνή	N-	----GSF-
John 10:16	μου	ἐγώ	RP	----GS--
John 10:16	ἀκούσουσιν	ἀκούω	V-	3FAI-P--
John 10:16	καὶ	καί	C-	--------
John 10:16	γενήσονται	γίνομαι	V-	3FMI-P--
John 10:16	μία	εἷς	A-	----NSF-
John 10:16	ποίμνη	ποίμνη	N-	----NSF-
John 10:16	εἷς	εἷς	A-	----NSM-
John 10:16	ποιμήν	ποιμήν	N-	----NSM-
John 10:17	διὰ	διά	P-	--------
John 10:17	τοῦτό	οὗτος	RD	----ASN-
John 10:17	με	ἐγώ	RP	----AS--
John 10:17	ὁ	ὁ	RA	----NSM-
John 10:17	πατὴρ	πατήρ	N-	----NSM-
John 10:17	ἀγαπᾷ	ἀγαπάω	V-	3PAI-S--
John 10:17	ὅτι	ὅτι	C-	--------
John 10:17	ἐγὼ	ἐγώ	RP	----NS--
John 10:17	τίθημι	τίθημι	V-	1PAI-S--
John 10:17	τὴν	ὁ	RA	----ASF-
John 10:17	ψυχήν	ψυχή	N-	----ASF-
John 10:17	μου	ἐγώ	RP	----GS--
John 10:17	ἵνα	ἵνα	C-	--------
John 10:17	πάλιν	πάλιν	D-	--------
John 10:17	λάβω	λαμβάνω	V-	1AAS-S--
John 10:17	αὐτήν	αὐτός	RP	----ASF-
John 10:18	οὐδεὶς	οὐδείς	A-	----NSM-
John 10:18	αἴρει	αἴρω	V-	3PAI-S--
John 10:18	αὐτὴν	αὐτός	RP	----ASF-
John 10:18	ἀπ’	ἀπό	P-	--------
John 10:18	ἐμοῦ	ἐγώ	RP	----GS--
John 10:18	ἀλλ’	ἀλλά	C-	--------
John 10:18	ἐγὼ	ἐγώ	RP	----NS--
John 10:18	τίθημι	τίθημι	V-	1PAI-S--
John 10:18	αὐτὴν	αὐτός	RP	----ASF-
John 10:18	ἀπ’	ἀπό	P-	--------
John 10:18	ἐμαυτοῦ	ἐμαυτοῦ	RP	----GSM-
John 10:18	ἐξουσίαν	ἐξουσία	N-	----ASF-
John 10:18	ἔχω	ἔχω	V-	1PAI-S--
John 10:18	θεῖναι	τίθημι	V-	-AAN----
John 10:18	αὐτήν	αὐτός	RP	----ASF-
John 10:18	καὶ	καί	C-	--------
John 10:18	ἐξουσίαν	ἐξουσία	N-	----ASF-
John 10:18	ἔχω	ἔχω	V-	1PAI-S--
John 10:18	πάλιν	πάλιν	D-	--------
John 10:18	λαβεῖν	λαμβάνω	V-	-AAN----
John 10:18	αὐτήν	αὐτός	RP	----ASF-
John 10:18	ταύτην	οὗτος	RD	----ASF-
John 10:18	τὴν	ὁ	RA	----ASF-
John 10:18	ἐντολὴν	ἐντολή	N-	----ASF-
John 10:18	ἔλαβον	λαμβάνω	V-	1AAI-S--
John 10:18	παρὰ	παρά	P-	--------
John 10:18	τοῦ	ὁ	RA	----GSM-
John 10:18	πατρός	πατήρ	N-	----GSM-
John 10:18	μου	ἐγώ	RP	----GS--
John 10:19	Σχίσμα	σχίσμα	N-	----NSN-
John 10:19	πάλιν	πάλιν	D-	--------
John 10:19	ἐγένετο	γίνομαι	V-	3AMI-S--
John 10:19	ἐν	ἐν	P-	--------
John 10:19	τοῖς	ὁ	RA	----DPM-
John 10:19	Ἰουδαίοις	Ἰουδαῖος	A-	----DPM-
John 10:19	διὰ	διά	P-	--------
John 10:19	τοὺς	ὁ	RA	----APM-
John 10:19	λόγους	λόγος	N-	----APM-
John 10:19	τούτους	οὗτος	RD	----APM-
John 10:20	ἔλεγον	λέγω	V-	3IAI-P--
John 10:20	δὲ	δέ	C-	--------
John 10:20	πολλοὶ	πολύς	A-	----NPM-
John 10:20	ἐξ	ἐκ	P-	--------
John 10:20	αὐτῶν	αὐτός	RP	----GPM-
John 10:20	Δαιμόνιον	δαιμόνιον	N-	----ASN-
John 10:20	ἔχει	ἔχω	V-	3PAI-S--
John 10:20	καὶ	καί	C-	--------
John 10:20	μαίνεται	μαίνομαι	V-	3PMI-S--
John 10:20	τί	τίς	RI	----ASN-
John 10:20	αὐτοῦ	αὐτός	RP	----GSM-
John 10:20	ἀκούετε	ἀκούω	V-	2PAI-P--
John 10:21	ἄλλοι	ἄλλος	A-	----NPM-
John 10:21	ἔλεγον	λέγω	V-	3IAI-P--
John 10:21	Ταῦτα	οὗτος	RD	----NPN-
John 10:21	τὰ	ὁ	RA	----NPN-
John 10:21	ῥήματα	ῥῆμα	N-	----NPN-
John 10:21	οὐκ	οὐ	D-	--------
John 10:21	ἔστιν	εἰμί	V-	3PAI-S--
John 10:21	δαιμονιζομένου	δαιμονίζομαι	V-	-PMPGSM-
John 10:21	μὴ	μή	X-	--------
John 10:21	δαιμόνιον	δαιμόνιον	N-	----NSN-
John 10:21	δύναται	δύναμαι	V-	3PMI-S--
John 10:21	τυφλῶν	τυφλός	A-	----GPM-
John 10:21	ὀφθαλμοὺς	ὀφθαλμός	N-	----APM-
John 10:21	ἀνοῖξαι	ἀνοίγω	V-	-AAN----
John 10:22	Ἐγένετο	γίνομαι	V-	3AMI-S--
John 10:22	τότε	τότε	D-	--------
John 10:22	τὰ	ὁ	RA	----NPN-
John 10:22	ἐγκαίνια	ἐγκαίνια	N-	----NPN-
John 10:22	ἐν	ἐν	P-	--------
John 10:22	τοῖς	ὁ	RA	----DPN-
John 10:22	Ἱεροσολύμοις	Ἱεροσόλυμα	N-	----DPN-
John 10:22	χειμὼν	χειμών	N-	----NSM-
John 10:22	ἦν	εἰμί	V-	3IAI-S--
John 10:23	καὶ	καί	C-	--------
John 10:23	περιεπάτει	περιπατέω	V-	3IAI-S--
John 10:23	ὁ	ὁ	RA	----NSM-
John 10:23	Ἰησοῦς	Ἰησοῦς	N-	----NSM-
John 10:23	ἐν	ἐν	P-	--------
John 10:23	τῷ	ὁ	RA	----DSN-
John 10:23	ἱερῷ	ἱερός	A-	----DSN-
John 10:23	ἐν	ἐν	P-	--------
John 10:23	τῇ	ὁ	RA	----DSF-
John 10:23	στοᾷ	στοά	N-	----DSF-
John 10:23	τοῦ	ὁ	RA	----GSM-
John 10:23	Σολομῶνος	Σολομών	N-	----GSM-
John 10:24	ἐκύκλωσαν	κυκλόω	V-	3AAI-P--
John 10:24	οὖν	οὖν	C-	--------
John 10:24	αὐτὸν	αὐτός	RP	----ASM-
John 10:24	οἱ	ὁ	RA	----NPM-
John 10:24	Ἰουδαῖοι	Ἰουδαῖος	A-	----NPM-
John 10:24	καὶ	καί	C-	--------
John 10:24	ἔλεγον	λέγω	V-	3IAI-P--
John 10:24	αὐτῷ	αὐτός	RP	----DSM-
John 10:24	Ἕως	ἕως	P-	--------
John 10:24	πότε	πότε	D-	--------
John 10:24	τὴν	ὁ	RA	----ASF-
John 10:24	ψυχὴν	ψυχή	N-	----ASF-
John 10:24	ἡμῶν	ἐγώ	RP	----GP--
John 10:24	αἴρεις	αἴρω	V-	2PAI-S--
John 10:24	εἰ	εἰ	C-	--------
John 10:24	σὺ	σύ	RP	----NS--
John 10:24	εἶ	εἰμί	V-	2PAI-S--
John 10:24	ὁ	ὁ	RA	----NSM-
John 10:24	χριστός	Χριστός	N-	----NSM-
John 10:24	εἰπὲ	λέγω	V-	2AAD-S--
John 10:24	ἡμῖν	ἐγώ	RP	----DP--
John 10:24	παρρησίᾳ	παρρησία	N-	----DSF-
John 10:25	ἀπεκρίθη	ἀποκρίνομαι	V-	3API-S--
John 10:25	αὐτοῖς	αὐτός	RP	----DPM-
John 10:25	ὁ	ὁ	RA	----NSM-
John 10:25	Ἰησοῦς	Ἰησοῦς	N-	----NSM-
John 10:25	Εἶπον	λέγω	V-	1AAI-S--
John 10:25	ὑμῖν	σύ	RP	----DP--
John 10:25	καὶ	καί	C-	--------
John 10:25	οὐ	οὐ	D-	--------
John 10:25	πιστεύετε	πιστεύω	V-	2PAI-P--
John 10:25	τὰ	ὁ	RA	----NPN-
John 10:25	ἔργα	ἔργον	N-	----NPN-
John 10:25	ἃ	ὅς	RR	----APN-
John 10:25	ἐγὼ	ἐγώ	RP	----NS--
John 10:25	ποιῶ	ποιέω	V-	1PAI-S--
John 10:25	ἐν	ἐν	P-	--------
John 10:25	τῷ	ὁ	RA	----DSN-
John 10:25	ὀνόματι	ὄνομα	N-	----DSN-
John 10:25	τοῦ	ὁ	RA	----GSM-
John 10:25	πατρός	πατήρ	N-	----GSM-
John 10:25	μου	ἐγώ	RP	----GS--
John 10:25	ταῦτα	οὗτος	RD	----NPN-
John 10:25	μαρτυρεῖ	μαρτυρέω	V-	3PAI-S--
John 10:25	περὶ	περί	P-	--------
John 10:25	ἐμοῦ	ἐγώ	RP	----GS--
John 10:26	ἀλλὰ	ἀλλά	C-	--------
John 10:26	ὑμεῖς	σύ	RP	----NP--
John 10:26	οὐ	οὐ	D-	--------
John 10:26	πιστεύετε	πιστεύω	V-	2PAI-P--
John 10:26	ὅτι	ὅτι	C-	--------
John 10:26	οὐκ	οὐ	D-	--------
John 10:26	ἐστὲ	εἰμί	V-	2PAI-P--
John 10:26	ἐκ	ἐκ	P-	--------
John 10:26	τῶν	ὁ	RA	----GPN-
John 10:26	προβάτων	πρόβατον	N-	----GPN-
John 10:26	τῶν	ὁ	RA	----GPN-
John 10:26	ἐμῶν	ἐμός	A-	----GPN-
John 10:27	τὰ	ὁ	RA	----NPN-
John 10:27	πρόβατα	πρόβατον	N-	----NPN-
John 10:27	τὰ	ὁ	RA	----NPN-
John 10:27	ἐμὰ	ἐμός	A-	----NPN-
John 10:27	τῆς	ὁ	RA	----GSF-
John 10:27	φωνῆς	φωνή	N-	----GSF-
John 10:27	μου	ἐγώ	RP	----GS--
John 10:27	ἀκούουσιν	ἀκούω	V-	3PAI-P--
John 10:27	κἀγὼ	κἀγώ	RP	----NS--
John 10:27	γινώσκω	γινώσκω	V-	1PAI-S--
John 10:27	αὐτά	αὐτός	RP	----APN-
John 10:27	καὶ	καί	C-	--------
John 10:27	ἀκολουθοῦσίν	ἀκολουθέω	V-	3PAI-P--
John 10:27	μοι	ἐγώ	RP	----DS--
John 10:28	κἀγὼ	κἀγώ	RP	----NS--
John 10:28	δίδωμι	δίδωμι	V-	1PAI-S--
John 10:28	αὐτοῖς	αὐτός	RP	----DPN-
John 10:28	ζωὴν	ζωή	N-	----ASF-
John 10:28	αἰώνιον	αἰώνιος	A-	----ASF-
John 10:28	καὶ	καί	C-	--------
John 10:28	οὐ	οὐ	D-	--------
John 10:28	μὴ	μή	D-	--------
John 10:28	ἀπόλωνται	ἀπόλλυμι	V-	3AMS-P--
John 10:28	εἰς	εἰς	P-	--------
John 10:28	τὸν	ὁ	RA	----ASM-
John 10:28	αἰῶνα	αἰών	N-	----ASM-
John 10:28	καὶ	καί	C-	--------
John 10:28	οὐχ	οὐ	D-	--------
John 10:28	ἁρπάσει	ἁρπάζω	V-	3FAI-S--
John 10:28	τις	τις	RI	----NSM-
John 10:28	αὐτὰ	αὐτός	RP	----APN-
John 10:28	ἐκ	ἐκ	P-	--------
John 10:28	τῆς	ὁ	RA	----GSF-
John 10:28	χειρός	χείρ	N-	----GSF-
John 10:28	μου	ἐγώ	RP	----GS--
John 10:29	ὁ	ὁ	RA	----NSM-
John 10:29	πατήρ	πατήρ	N-	----NSM-
John 10:29	μου	ἐγώ	RP	----GS--
John 10:29	ὃ	ὅς	RR	----ASN-
John 10:29	δέδωκέν	δίδωμι	V-	3XAI-S--
John 10:29	μοι	ἐγώ	RP	----DS--
John 10:29	πάντων	πᾶς	A-	----GPN-
John 10:29	μεῖζων	μέγας	A-	----NSMC
John 10:29	ἐστίν	εἰμί	V-	3PAI-S--
John 10:29	καὶ	καί	C-	--------
John 10:29	οὐδεὶς	οὐδείς	A-	----NSM-
John 10:29	δύναται	δύναμαι	V-	3PMI-S--
John 10:29	ἁρπάζειν	ἁρπάζω	V-	-PAN----
John 10:29	ἐκ	ἐκ	P-	--------
John 10:29	τῆς	ὁ	RA	----GSF-
John 10:29	χειρὸς	χείρ	N-	----GSF-
John 10:29	τοῦ	ὁ	RA	----GSM-
John 10:29	πατρός	πατήρ	N-	----GSM-
John 10:30	ἐγὼ	ἐγώ	RP	----NS--
John 10:30	καὶ	καί	C-	--------
John 10:30	ὁ	ὁ	RA	----NSM-
John 10:30	πατὴρ	πατήρ	N-	----NSM-
John 10:30	ἕν	εἷς	A-	----NSN-
John 10:30	ἐσμεν	εἰμί	V-	1PAI-P--
John 10:31	Ἐβάστασαν	βαστάζω	V-	3AAI-P--
John 10:31	οὖν	οὖν	C-	--------
John 10:31	πάλιν	πάλιν	D-	--------
John 10:31	λίθους	λίθος	N-	----APM-
John 10:31	οἱ	ὁ	RA	----NPM-
John 10:31	Ἰουδαῖοι	Ἰουδαῖος	A-	----NPM-
John 10:31	ἵνα	ἵνα	C-	--------
John 10:31	λιθάσωσιν	λιθάζω	V-	3AAS-P--
John 10:31	αὐτόν	αὐτός	RP	----ASM-
John 10:32	ἀπεκρίθη	ἀποκρίνομαι	V-	3API-S--
John 10:32	αὐτοῖς	αὐτός	RP	----DPM-
John 10:32	ὁ	ὁ	RA	----NSM-
John 10:32	Ἰησοῦς	Ἰησοῦς	N-	----NSM-
John 10:32	Πολλὰ	πολύς	A-	----APN-
John 10:32	ἔργα	ἔργον	N-	----APN-
John 10:32	καλὰ	καλός	A-	----APN-
John 10:32	ἔδειξα	δείκνυμι	V-	1AAI-S--
John 10:32	ὑμῖν	σύ	RP	----DP--
John 10:32	ἐκ	ἐκ	P-	--------
John 10:32	τοῦ	ὁ	RA	----GSM-
John 10:32	πατρός	πατήρ	N-	----GSM-
John 10:32	διὰ	διά	P-	--------
John 10:32	ποῖον	ποῖος	RI	----ASN-
John 10:32	αὐτῶν	αὐτός	RP	----GPN-
John 10:32	ἔργον	ἔργον	N-	----ASN-
John 10:32	ἐμὲ	ἐγώ	RP	----AS--
John 10:32	λιθάζετε	λιθάζω	V-	2PAI-P--
John 10:33	ἀπεκρίθησαν	ἀποκρίνομαι	V-	3API-P--
John 10:33	αὐτῷ	αὐτός	RP	----DSM-
John 10:33	οἱ	ὁ	RA	----NPM-
John 10:33	Ἰουδαῖοι	Ἰουδαῖος	A-	----NPM-
John 10:33	Περὶ	περί	P-	--------
John 10:33	καλοῦ	καλός	A-	----GSN-
John 10:33	ἔργου	ἔργον	N-	----GSN-
John 10:33	οὐ	οὐ	D-	--------
John 10:33	λιθάζομέν	λιθάζω	V-	1PAI-P--
John 10:33	σε	σύ	RP	----AS--
John 10:33	ἀλλὰ	ἀλλά	C-	--------
John 10:33	περὶ	περί	P-	--------
John 10:33	βλασφημίας	βλασφημία	N-	----GSF-
John 10:33	καὶ	καί	C-	--------
John 10:33	ὅτι	ὅτι	C-	--------
John 10:33	σὺ	σύ	RP	----NS--
John 10:33	ἄνθρωπος	ἄνθρωπος	N-	----NSM-
John 10:33	ὢν	εἰμί	V-	-PAPNSM-
John 10:33	ποιεῖς	ποιέω	V-	2PAI-S--
John 10:33	σεαυτὸν	σεαυτοῦ	RP	----ASM-
John 10:33	θεόν	θεός	N-	----ASM-
John 10:34	ἀπεκρίθη	ἀποκρίνομαι	V-	3API-S--
John 10:34	αὐτοῖς	αὐτός	RP	----DPM-
John 10:34	ὁ	ὁ	RA	----NSM-
John 10:34	Ἰησοῦς	Ἰησοῦς	N-	----NSM-
John 10:34	Οὐκ	οὐ	X-	--------
John 10:34	ἔστιν	εἰμί	V-	3PAI-S--
John 10:34	γεγραμμένον	γράφω	V-	-XPPNSN-
John 10:34	ἐν	ἐν	P-	--------
John 10:34	τῷ	ὁ	RA	----DSM-
John 10:34	νόμῳ	νόμος	N-	----DSM-
John 10:34	ὑμῶν	σύ	RP	----GP--
John 10:34	ὅτι	ὅτι	C-	--------
John 10:34	Ἐγὼ	ἐγώ	RP	----NS--
John 10:34	εἶπα	λέγω	V-	1AAI-S--
John 10:34	Θεοί	θεός	N-	----NPM-
John 10:34	ἐστε	εἰμί	V-	2PAI-P--
John 10:35	εἰ	εἰ	C-	--------
John 10:35	ἐκείνους	ἐκεῖνος	RD	----APM-
John 10:35	εἶπεν	λέγω	V-	3AAI-S--
John 10:35	θεοὺς	θεός	N-	----APM-
John 10:35	πρὸς	πρός	P-	--------
John 10:35	οὓς	ὅς	RR	----APM-
John 10:35	ὁ	ὁ	RA	----NSM-
John 10:35	λόγος	λόγος	N-	----NSM-
John 10:35	τοῦ	ὁ	RA	----GSM-
John 10:35	θεοῦ	θεός	N-	----GSM-
John 10:35	ἐγένετο	γίνομαι	V-	3AMI-S--
John 10:35	καὶ	καί	C-	--------
John 10:35	οὐ	οὐ	D-	--------
John 10:35	δύναται	δύναμαι	V-	3PMI-S--
John 10:35	λυθῆναι	λύω	V-	-APN----
John 10:35	ἡ	ὁ	RA	----NSF-
John 10:35	γραφή	γραφή	N-	----NSF-
John 10:36	ὃν	ὅς	RR	----ASM-
John 10:36	ὁ	ὁ	RA	----NSM-
John 10:36	πατὴρ	πατήρ	N-	----NSM-
John 10:36	ἡγίασεν	ἁγιάζω	V-	3AAI-S--
John 10:36	καὶ	καί	C-	--------
John 10:36	ἀπέστειλεν	ἀποστέλλω	V-	3AAI-S--
John 10:36	εἰς	εἰς	P-	--------
John 10:36	τὸν	ὁ	RA	----ASM-
John 10:36	κόσμον	κόσμος	N-	----ASM-
John 10:36	ὑμεῖς	σύ	RP	----NP--
John 10:36	λέγετε	λέγω	V-	2PAI-P--
John 10:36	ὅτι	ὅτι	C-	--------
John 10:36	Βλασφημεῖς	βλασφημέω	V-	2PAI-S--
John 10:36	ὅτι	ὅτι	C-	--------
John 10:36	εἶπον	λέγω	V-	1AAI-S--
John 10:36	Υἱὸς	υἱός	N-	----NSM-
John 10:36	τοῦ	ὁ	RA	----GSM-
John 10:36	θεοῦ	θεός	N-	----GSM-
John 10:36	εἰμι	εἰμί	V-	1PAI-S--
John 10:37	εἰ	εἰ	C-	--------
John 10:37	οὐ	οὐ	D-	--------
John 10:37	ποιῶ	ποιέω	V-	1PAI-S--
John 10:37	τὰ	ὁ	RA	----APN-
John 10:37	ἔργα	ἔργον	N-	----APN-
John 10:37	τοῦ	ὁ	RA	----GSM-
John 10:37	πατρός	πατήρ	N-	----GSM-
John 10:37	μου	ἐγώ	RP	----GS--
John 10:37	μὴ	μή	D-	--------
John 10:37	πιστεύετέ	πιστεύω	V-	2PAD-P--
John 10:37	μοι	ἐγώ	RP	----DS--
John 10:38	εἰ	εἰ	C-	--------
John 10:38	δὲ	δέ	C-	--------
John 10:38	ποιῶ	ποιέω	V-	1PAI-S--
John 10:38	κἂν	κἄν	D-	--------
John 10:38	ἐμοὶ	ἐγώ	RP	----DS--
John 10:38	μὴ	μή	D-	--------
John 10:38	πιστεύητε	πιστεύω	V-	2PAS-P--
John 10:38	τοῖς	ὁ	RA	----DPN-
John 10:38	ἔργοις	ἔργον	N-	----DPN-
John 10:38	πιστεύετε	πιστεύω	V-	2PAD-P--
John 10:38	ἵνα	ἵνα	C-	--------
John 10:38	γνῶτε	γινώσκω	V-	2AAS-P--
John 10:38	καὶ	καί	C-	--------
John 10:38	γινώσκητε	γινώσκω	V-	2PAS-P--
John 10:38	ὅτι	ὅτι	C-	--------
John 10:38	ἐν	ἐν	P-	--------
John 10:38	ἐμοὶ	ἐγώ	RP	----DS--
John 10:38	ὁ	ὁ	RA	----NSM-
John 10:38	πατὴρ	πατήρ	N-	----NSM-
John 10:38	κἀγὼ	κἀγώ	RP	----NS--
John 10:38	ἐν	ἐν	P-	--------
John 10:38	τῷ	ὁ	RA	----DSM-
John 10:38	πατρί	πατήρ	N-	----DSM-
John 10:39	ἐζήτουν	ζητέω	V-	3IAI-P--
John 10:39	οὖν	οὖν	C-	--------
John 10:39	πάλιν	πάλιν	D-	--------
John 10:39	αὐτὸν	αὐτός	RP	----ASM-
John 10:39	πιάσαι	πιάζω	V-	-AAN----
John 10:39	καὶ	καί	C-	--------
John 10:39	ἐξῆλθεν	ἐξέρχομαι	V-	3AAI-S--
John 10:39	ἐκ	ἐκ	P-	--------
John 10:39	τῆς	ὁ	RA	----GSF-
John 10:39	χειρὸς	χείρ	N-	----GSF-
John 10:39	αὐτῶν	αὐτός	RP	----GPM-
John 10:40	Καὶ	καί	C-	--------
John 10:40	ἀπῆλθεν	ἀπέρχομαι	V-	3AAI-S--
John 10:40	πάλιν	πάλιν	D-	--------
John 10:40	πέραν	πέραν	P-	--------
John 10:40	τοῦ	ὁ	RA	----GSM-
John 10:40	Ἰορδάνου	Ἰορδάνης	N-	----GSM-
John 10:40	εἰς	εἰς	P-	--------
John 10:40	τὸν	ὁ	RA	----ASM-
John 10:40	τόπον	τόπος	N-	----ASM-
John 10:40	ὅπου	ὅπου	D-	--------
John 10:40	ἦν	εἰμί	V-	3IAI-S--
John 10:40	Ἰωάννης	Ἰωάννης	N-	----NSM-
John 10:40	τὸ	ὁ	RA	----ASN-
John 10:40	πρῶτον	πρῶτος	A-	----ASN-
John 10:40	βαπτίζων	βαπτίζω	V-	-PAPNSM-
John 10:40	καὶ	καί	C-	--------
John 10:40	ἔμεινεν	μένω	V-	3AAI-S--
John 10:40	ἐκεῖ	ἐκεῖ	D-	--------
John 10:41	καὶ	καί	C-	--------
John 10:41	πολλοὶ	πολύς	A-	----NPM-
John 10:41	ἦλθον	ἔρχομαι	V-	3AAI-P--
John 10:41	πρὸς	πρός	P-	--------
John 10:41	αὐτὸν	αὐτός	RP	----ASM-
John 10:41	καὶ	καί	C-	--------
John 10:41	ἔλεγον	λέγω	V-	3IAI-P--
John 10:41	ὅτι	ὅτι	C-	--------
John 10:41	Ἰωάννης	Ἰωάννης	N-	----NSM-
John 10:41	μὲν	μέν	C-	--------
John 10:41	σημεῖον	σημεῖον	N-	----ASN-
John 10:41	ἐποίησεν	ποιέω	V-	3AAI-S--
John 10:41	οὐδέν	οὐδείς	A-	----ASN-
John 10:41	πάντα	πᾶς	A-	----NPN-
John 10:41	δὲ	δέ	C-	--------
John 10:41	ὅσα	ὅσος	RR	----APN-
John 10:41	εἶπεν	λέγω	V-	3AAI-S--
John 10:41	Ἰωάννης	Ἰωάννης	N-	----NSM-
John 10:41	περὶ	περί	P-	--------
John 10:41	τούτου	οὗτος	RD	----GSM-
John 10:41	ἀληθῆ	ἀληθής	A-	----NPN-
John 10:41	ἦν	εἰμί	V-	3IAI-S--
John 10:42	καὶ	καί	C-	--------
John 10:42	πολλοὶ	πολύς	A-	----NPM-
John 10:42	ἐπίστευσαν	πιστεύω	V-	3AAI-P--
John 10:42	εἰς	εἰς	P-	--------
John 10:42	αὐτὸν	αὐτός	RP	----ASM-
John 10:42	ἐκεῖ	ἐκεῖ	D-	--------
John 11:1	Ἦν	εἰμί	V-	3IAI-S--
John 11:1	δέ	δέ	C-	--------
John 11:1	τις	τις	RI	----NSM-
John 11:1	ἀσθενῶν	ἀσθενέω	V-	-PAPNSM-
John 11:1	Λάζαρος	Λάζαρος	N-	----NSM-
John 11:1	ἀπὸ	ἀπό	P-	--------
John 11:1	Βηθανίας	Βηθανία	N-	----GSF-
John 11:1	ἐκ	ἐκ	P-	--------
John 11:1	τῆς	ὁ	RA	----GSF-
John 11:1	κώμης	κώμη	N-	----GSF-
John 11:1	Μαρίας	Μαρία	N-	----GSF-
John 11:1	καὶ	καί	C-	--------
John 11:1	Μάρθας	Μάρθα	N-	----GSF-
John 11:1	τῆς	ὁ	RA	----GSF-
John 11:1	ἀδελφῆς	ἀδελφή	N-	----GSF-
John 11:1	αὐτῆς	αὐτός	RP	----GSF-
John 11:2	ἦν	εἰμί	V-	3IAI-S--
John 11:2	δὲ	δέ	C-	--------
John 11:2	Μαριὰμ	Μαριάμ	N-	----NSF-
John 11:2	ἡ	ὁ	RA	----NSF-
John 11:2	ἀλείψασα	ἀλείφω	V-	-AAPNSF-
John 11:2	τὸν	ὁ	RA	----ASM-
John 11:2	κύριον	κύριος	N-	----ASM-
John 11:2	μύρῳ	μύρον	N-	----DSN-
John 11:2	καὶ	καί	C-	--------
John 11:2	ἐκμάξασα	ἐκμάσσω	V-	-AAPNSF-
John 11:2	τοὺς	ὁ	RA	----APM-
John 11:2	πόδας	πούς	N-	----APM-
John 11:2	αὐτοῦ	αὐτός	RP	----GSM-
John 11:2	ταῖς	ὁ	RA	----DPF-
John 11:2	θριξὶν	θρίξ	N-	----DPF-
John 11:2	αὐτῆς	αὐτός	RP	----GSF-
John 11:2	ἧς	ὅς	RR	----GSF-
John 11:2	ὁ	ὁ	RA	----NSM-
John 11:2	ἀδελφὸς	ἀδελφός	N-	----NSM-
John 11:2	Λάζαρος	Λάζαρος	N-	----NSM-
John 11:2	ἠσθένει	ἀσθενέω	V-	3IAI-S--
John 11:3	ἀπέστειλαν	ἀποστέλλω	V-	3AAI-P--
John 11:3	οὖν	οὖν	C-	--------
John 11:3	αἱ	ὁ	RA	----NPF-
John 11:3	ἀδελφαὶ	ἀδελφή	N-	----NPF-
John 11:3	πρὸς	πρός	P-	--------
John 11:3	αὐτὸν	αὐτός	RP	----ASM-
John 11:3	λέγουσαι	λέγω	V-	-PAPNPF-
John 11:3	Κύριε	κύριος	N-	----VSM-
John 11:3	ἴδε	ἴδε	X-	--------
John 11:3	ὃν	ὅς	RR	----ASM-
John 11:3	φιλεῖς	φιλέω	V-	2PAI-S--
John 11:3	ἀσθενεῖ	ἀσθενέω	V-	3PAI-S--
John 11:4	ἀκούσας	ἀκούω	V-	-AAPNSM-
John 11:4	δὲ	δέ	C-	--------
John 11:4	ὁ	ὁ	RA	----NSM-
John 11:4	Ἰησοῦς	Ἰησοῦς	N-	----NSM-
John 11:4	εἶπεν	λέγω	V-	3AAI-S--
John 11:4	Αὕτη	οὗτος	RD	----NSF-
John 11:4	ἡ	ὁ	RA	----NSF-
John 11:4	ἀσθένεια	ἀσθένεια	N-	----NSF-
John 11:4	οὐκ	οὐ	D-	--------
John 11:4	ἔστιν	εἰμί	V-	3PAI-S--
John 11:4	πρὸς	πρός	P-	--------
John 11:4	θάνατον	θάνατος	N-	----ASM-
John 11:4	ἀλλ’	ἀλλά	C-	--------
John 11:4	ὑπὲρ	ὑπέρ	P-	--------
John 11:4	τῆς	ὁ	RA	----GSF-
John 11:4	δόξης	δόξα	N-	----GSF-
John 11:4	τοῦ	ὁ	RA	----GSM-
John 11:4	θεοῦ	θεός	N-	----GSM-
John 11:4	ἵνα	ἵνα	C-	--------
John 11:4	δοξασθῇ	δοξάζω	V-	3APS-S--
John 11:4	ὁ	ὁ	RA	----NSM-
John 11:4	υἱὸς	υἱός	N-	----NSM-
John 11:4	τοῦ	ὁ	RA	----GSM-
John 11:4	θεοῦ	θεός	N-	----GSM-
John 11:4	δι’	διά	P-	--------
John 11:4	αὐτῆς	αὐτός	RP	----GSF-
John 11:5	ἠγάπα	ἀγαπάω	V-	3IAI-S--
John 11:5	δὲ	δέ	C-	--------
John 11:5	ὁ	ὁ	RA	----NSM-
John 11:5	Ἰησοῦς	Ἰησοῦς	N-	----NSM-
John 11:5	τὴν	ὁ	RA	----ASF-
John 11:5	Μάρθαν	Μάρθα	N-	----ASF-
John 11:5	καὶ	καί	C-	--------
John 11:5	τὴν	ὁ	RA	----ASF-
John 11:5	ἀδελφὴν	ἀδελφή	N-	----ASF-
John 11:5	αὐτῆς	αὐτός	RP	----GSF-
John 11:5	καὶ	καί	C-	--------
John 11:5	τὸν	ὁ	RA	----ASM-
John 11:5	Λάζαρον	Λάζαρος	N-	----ASM-
John 11:6	ὡς	ὡς	C-	--------
John 11:6	οὖν	οὖν	C-	--------
John 11:6	ἤκουσεν	ἀκούω	V-	3AAI-S--
John 11:6	ὅτι	ὅτι	C-	--------
John 11:6	ἀσθενεῖ	ἀσθενέω	V-	3PAI-S--
John 11:6	τότε	τότε	D-	--------
John 11:6	μὲν	μέν	X-	--------
John 11:6	ἔμεινεν	μένω	V-	3AAI-S--
John 11:6	ἐν	ἐν	P-	--------
John 11:6	ᾧ	ὅς	RR	----DSM-
John 11:6	ἦν	εἰμί	V-	3IAI-S--
John 11:6	τόπῳ	τόπος	N-	----DSM-
John 11:6	δύο	δύο	A-	----APF-
John 11:6	ἡμέρας	ἡμέρα	N-	----APF-
John 11:7	ἔπειτα	ἔπειτα	D-	--------
John 11:7	μετὰ	μετά	P-	--------
John 11:7	τοῦτο	οὗτος	RD	----ASN-
John 11:7	λέγει	λέγω	V-	3PAI-S--
John 11:7	τοῖς	ὁ	RA	----DPM-
John 11:7	μαθηταῖς	μαθητής	N-	----DPM-
John 11:7	Ἄγωμεν	ἄγω	V-	1PAS-P--
John 11:7	εἰς	εἰς	P-	--------
John 11:7	τὴν	ὁ	RA	----ASF-
John 11:7	Ἰουδαίαν	Ἰουδαία	N-	----ASF-
John 11:7	πάλιν	πάλιν	D-	--------
John 11:8	λέγουσιν	λέγω	V-	3PAI-P--
John 11:8	αὐτῷ	αὐτός	RP	----DSM-
John 11:8	οἱ	ὁ	RA	----NPM-
John 11:8	μαθηταί	μαθητής	N-	----NPM-
John 11:8	Ῥαββί	ῥαββί	N-	----VSM-
John 11:8	νῦν	νῦν	D-	--------
John 11:8	ἐζήτουν	ζητέω	V-	3IAI-P--
John 11:8	σε	σύ	RP	----AS--
John 11:8	λιθάσαι	λιθάζω	V-	-AAN----
John 11:8	οἱ	ὁ	RA	----NPM-
John 11:8	Ἰουδαῖοι	Ἰουδαῖος	A-	----NPM-
John 11:8	καὶ	καί	C-	--------
John 11:8	πάλιν	πάλιν	D-	--------
John 11:8	ὑπάγεις	ὑπάγω	V-	2PAI-S--
John 11:8	ἐκεῖ	ἐκεῖ	D-	--------
John 11:9	ἀπεκρίθη	ἀποκρίνομαι	V-	3API-S--
John 11:9	Ἰησοῦς	Ἰησοῦς	N-	----NSM-
John 11:9	Οὐχὶ	οὐχί	X-	--------
John 11:9	δώδεκα	δώδεκα	A-	----NPF-
John 11:9	ὧραί	ὥρα	N-	----NPF-
John 11:9	εἰσιν	εἰμί	V-	3PAI-P--
John 11:9	τῆς	ὁ	RA	----GSF-
John 11:9	ἡμέρας	ἡμέρα	N-	----GSF-
John 11:9	ἐάν	ἐάν	C-	--------
John 11:9	τις	τις	RI	----NSM-
John 11:9	περιπατῇ	περιπατέω	V-	3PAS-S--
John 11:9	ἐν	ἐν	P-	--------
John 11:9	τῇ	ὁ	RA	----DSF-
John 11:9	ἡμέρᾳ	ἡμέρα	N-	----DSF-
John 11:9	οὐ	οὐ	D-	--------
John 11:9	προσκόπτει	προσκόπτω	V-	3PAI-S--
John 11:9	ὅτι	ὅτι	C-	--------
John 11:9	τὸ	ὁ	RA	----ASN-
John 11:9	φῶς	φῶς	N-	----ASN-
John 11:9	τοῦ	ὁ	RA	----GSM-
John 11:9	κόσμου	κόσμος	N-	----GSM-
John 11:9	τούτου	οὗτος	RD	----GSM-
John 11:9	βλέπει	βλέπω	V-	3PAI-S--
John 11:10	ἐὰν	ἐάν	C-	--------
John 11:10	δέ	δέ	C-	--------
John 11:10	τις	τις	RI	----NSM-
John 11:10	περιπατῇ	περιπατέω	V-	3PAS-S--
John 11:10	ἐν	ἐν	P-	--------
John 11:10	τῇ	ὁ	RA	----DSF-
John 11:10	νυκτί	νύξ	N-	----DSF-
John 11:10	προσκόπτει	προσκόπτω	V-	3PAI-S--
John 11:10	ὅτι	ὅτι	C-	--------
John 11:10	τὸ	ὁ	RA	----NSN-
John 11:10	φῶς	φῶς	N-	----NSN-
John 11:10	οὐκ	οὐ	D-	--------
John 11:10	ἔστιν	εἰμί	V-	3PAI-S--
John 11:10	ἐν	ἐν	P-	--------
John 11:10	αὐτῷ	αὐτός	RP	----DSM-
John 11:11	ταῦτα	οὗτος	RD	----APN-
John 11:11	εἶπεν	λέγω	V-	3AAI-S--
John 11:11	καὶ	καί	C-	--------
John 11:11	μετὰ	μετά	P-	--------
John 11:11	τοῦτο	οὗτος	RD	----ASN-
John 11:11	λέγει	λέγω	V-	3PAI-S--
John 11:11	αὐτοῖς	αὐτός	RP	----DPM-
John 11:11	Λάζαρος	Λάζαρος	N-	----NSM-
John 11:11	ὁ	ὁ	RA	----NSM-
John 11:11	φίλος	φίλος	A-	----NSM-
John 11:11	ἡμῶν	ἐγώ	RP	----GP--
John 11:11	κεκοίμηται	κοιμάομαι	V-	3XMI-S--
John 11:11	ἀλλὰ	ἀλλά	C-	--------
John 11:11	πορεύομαι	πορεύομαι	V-	1PMI-S--
John 11:11	ἵνα	ἵνα	C-	--------
John 11:11	ἐξυπνίσω	ἐξυπνίζω	V-	1AAS-S--
John 11:11	αὐτόν	αὐτός	RP	----ASM-
John 11:12	εἶπαν	λέγω	V-	3AAI-P--
John 11:12	οὖν	οὖν	C-	--------
John 11:12	οἱ	ὁ	RA	----NPM-
John 11:12	μαθηταὶ	μαθητής	N-	----NPM-
John 11:12	αὐτῷ	αὐτός	RP	----DSM-
John 11:12	Κύριε	κύριος	N-	----VSM-
John 11:12	εἰ	εἰ	C-	--------
John 11:12	κεκοίμηται	κοιμάομαι	V-	3XMI-S--
John 11:12	σωθήσεται	σῴζω	V-	3FPI-S--
John 11:13	εἰρήκει	λέγω	V-	3YAI-S--
John 11:13	δὲ	δέ	C-	--------
John 11:13	ὁ	ὁ	RA	----NSM-
John 11:13	Ἰησοῦς	Ἰησοῦς	N-	----NSM-
John 11:13	περὶ	περί	P-	--------
John 11:13	τοῦ	ὁ	RA	----GSM-
John 11:13	θανάτου	θάνατος	N-	----GSM-
John 11:13	αὐτοῦ	αὐτός	RP	----GSM-
John 11:13	ἐκεῖνοι	ἐκεῖνος	RD	----NPM-
John 11:13	δὲ	δέ	C-	--------
John 11:13	ἔδοξαν	δοκέω	V-	3AAI-P--
John 11:13	ὅτι	ὅτι	C-	--------
John 11:13	περὶ	περί	P-	--------
John 11:13	τῆς	ὁ	RA	----GSF-
John 11:13	κοιμήσεως	κοίμησις	N-	----GSF-
John 11:13	τοῦ	ὁ	RA	----GSM-
John 11:13	ὕπνου	ὕπνος	N-	----GSM-
John 11:13	λέγει	λέγω	V-	3PAI-S--
John 11:14	τότε	τότε	D-	--------
John 11:14	οὖν	οὖν	C-	--------
John 11:14	εἶπεν	λέγω	V-	3AAI-S--
John 11:14	αὐτοῖς	αὐτός	RP	----DPM-
John 11:14	ὁ	ὁ	RA	----NSM-
John 11:14	Ἰησοῦς	Ἰησοῦς	N-	----NSM-
John 11:14	παρρησίᾳ	παρρησία	N-	----DSF-
John 11:14	Λάζαρος	Λάζαρος	N-	----NSM-
John 11:14	ἀπέθανεν	ἀποθνῄσκω	V-	3AAI-S--
John 11:15	καὶ	καί	C-	--------
John 11:15	χαίρω	χαίρω	V-	1PAI-S--
John 11:15	δι’	διά	P-	--------
John 11:15	ὑμᾶς	σύ	RP	----AP--
John 11:15	ἵνα	ἵνα	C-	--------
John 11:15	πιστεύσητε	πιστεύω	V-	2AAS-P--
John 11:15	ὅτι	ὅτι	C-	--------
John 11:15	οὐκ	οὐ	D-	--------
John 11:15	ἤμην	εἰμί	V-	1IMI-S--
John 11:15	ἐκεῖ	ἐκεῖ	D-	--------
John 11:15	ἀλλὰ	ἀλλά	C-	--------
John 11:15	ἄγωμεν	ἄγω	V-	1PAS-P--
John 11:15	πρὸς	πρός	P-	--------
John 11:15	αὐτόν	αὐτός	RP	----ASM-
John 11:16	εἶπεν	λέγω	V-	3AAI-S--
John 11:16	οὖν	οὖν	C-	--------
John 11:16	Θωμᾶς	Θωμᾶς	N-	----NSM-
John 11:16	ὁ	ὁ	RA	----NSM-
John 11:16	λεγόμενος	λέγω	V-	-PPPNSM-
John 11:16	Δίδυμος	Δίδυμος	N-	----NSM-
John 11:16	τοῖς	ὁ	RA	----DPM-
John 11:16	συμμαθηταῖς	συμμαθητής	N-	----DPM-
John 11:16	Ἄγωμεν	ἄγω	V-	1PAS-P--
John 11:16	καὶ	καί	D-	--------
John 11:16	ἡμεῖς	ἐγώ	RP	----NP--
John 11:16	ἵνα	ἵνα	C-	--------
John 11:16	ἀποθάνωμεν	ἀποθνῄσκω	V-	1AAS-P--
John 11:16	μετ’	μετά	P-	--------
John 11:16	αὐτοῦ	αὐτός	RP	----GSM-
John 11:17	Ἐλθὼν	ἔρχομαι	V-	-AAPNSM-
John 11:17	οὖν	οὖν	C-	--------
John 11:17	ὁ	ὁ	RA	----NSM-
John 11:17	Ἰησοῦς	Ἰησοῦς	N-	----NSM-
John 11:17	εὗρεν	εὑρίσκω	V-	3AAI-S--
John 11:17	αὐτὸν	αὐτός	RP	----ASM-
John 11:17	τέσσαρας	τέσσαρες	A-	----APF-
John 11:17	ἤδη	ἤδη	D-	--------
John 11:17	ἡμέρας	ἡμέρα	N-	----APF-
John 11:17	ἔχοντα	ἔχω	V-	-PAPASM-
John 11:17	ἐν	ἐν	P-	--------
John 11:17	τῷ	ὁ	RA	----DSN-
John 11:17	μνημείῳ	μνημεῖον	N-	----DSN-
John 11:18	ἦν	εἰμί	V-	3IAI-S--
John 11:18	δὲ	δέ	C-	--------
John 11:18	ἡ	ὁ	RA	----NSF-
John 11:18	Βηθανία	Βηθανία	N-	----NSF-
John 11:18	ἐγγὺς	ἐγγύς	P-	--------
John 11:18	τῶν	ὁ	RA	----GPN-
John 11:18	Ἱεροσολύμων	Ἱεροσόλυμα	N-	----GPN-
John 11:18	ὡς	ὡς	D-	--------
John 11:18	ἀπὸ	ἀπό	D-	--------
John 11:18	σταδίων	στάδιος	N-	----GPM-
John 11:18	δεκαπέντε	δεκαπέντε	A-	----GPM-
John 11:19	πολλοὶ	πολύς	A-	----NPM-
John 11:19	δὲ	δέ	C-	--------
John 11:19	ἐκ	ἐκ	P-	--------
John 11:19	τῶν	ὁ	RA	----GPM-
John 11:19	Ἰουδαίων	Ἰουδαῖος	A-	----GPM-
John 11:19	ἐληλύθεισαν	ἔρχομαι	V-	3YAI-P--
John 11:19	πρὸς	πρός	P-	--------
John 11:19	τὴν	ὁ	RA	----ASF-
John 11:19	Μάρθαν	Μάρθα	N-	----ASF-
John 11:19	καὶ	καί	C-	--------
John 11:19	Μαριὰμ	Μαριάμ	N-	----ASF-
John 11:19	ἵνα	ἵνα	C-	--------
John 11:19	παραμυθήσωνται	παραμυθέομαι	V-	3AMS-P--
John 11:19	αὐτὰς	αὐτός	RP	----APF-
John 11:19	περὶ	περί	P-	--------
John 11:19	τοῦ	ὁ	RA	----GSM-
John 11:19	ἀδελφοῦ	ἀδελφός	N-	----GSM-
John 11:20	ἡ	ὁ	RA	----NSF-
John 11:20	οὖν	οὖν	C-	--------
John 11:20	Μάρθα	Μάρθα	N-	----NSF-
John 11:20	ὡς	ὡς	C-	--------
John 11:20	ἤκουσεν	ἀκούω	V-	3AAI-S--
John 11:20	ὅτι	ὅτι	C-	--------
John 11:20	Ἰησοῦς	Ἰησοῦς	N-	----NSM-
John 11:20	ἔρχεται	ἔρχομαι	V-	3PMI-S--
John 11:20	ὑπήντησεν	ὑπαντάω	V-	3AAI-S--
John 11:20	αὐτῷ	αὐτός	RP	----DSM-
John 11:20	Μαρία	Μαρία	N-	----NSF-
John 11:20	δὲ	δέ	C-	--------
John 11:20	ἐν	ἐν	P-	--------
John 11:20	τῷ	ὁ	RA	----DSM-
John 11:20	οἴκῳ	οἶκος	N-	----DSM-
John 11:20	ἐκαθέζετο	καθέζομαι	V-	3IMI-S--
John 11:21	εἶπεν	λέγω	V-	3AAI-S--
John 11:21	οὖν	οὖν	C-	--------
John 11:21	ἡ	ὁ	RA	----NSF-
John 11:21	Μάρθα	Μάρθα	N-	----NSF-
John 11:21	πρὸς	πρός	P-	--------
John 11:21	τὸν	ὁ	RA	----ASM-
John 11:21	Ἰησοῦν	Ἰησοῦς	N-	----ASM-
John 11:21	Κύριε	κύριος	N-	----VSM-
John 11:21	εἰ	εἰ	C-	--------
John 11:21	ἦς	εἰμί	V-	2IAI-S--
John 11:21	ὧδε	ὧδε	D-	--------
John 11:21	οὐκ	οὐ	D-	--------
John 11:21	ἂν	ἄν	X-	--------
John 11:21	ἀπέθανεν	ἀποθνῄσκω	V-	3AAI-S--
John 11:21	ὁ	ὁ	RA	----NSM-
John 11:21	ἀδελφός	ἀδελφός	N-	----NSM-
John 11:21	μου	ἐγώ	RP	----GS--
John 11:22	καὶ	καί	D-	--------
John 11:22	νῦν	νῦν	D-	--------
John 11:22	οἶδα	οἶδα	V-	1XAI-S--
John 11:22	ὅτι	ὅτι	C-	--------
John 11:22	ὅσα	ὅσος	RR	----APN-
John 11:22	ἂν	ἄν	X-	--------
John 11:22	αἰτήσῃ	αἰτέω	V-	2AMS-S--
John 11:22	τὸν	ὁ	RA	----ASM-
John 11:22	θεὸν	θεός	N-	----ASM-
John 11:22	δώσει	δίδωμι	V-	3FAI-S--
John 11:22	σοι	σύ	RP	----DS--
John 11:22	ὁ	ὁ	RA	----NSM-
John 11:22	θεός	θεός	N-	----NSM-
John 11:23	λέγει	λέγω	V-	3PAI-S--
John 11:23	αὐτῇ	αὐτός	RP	----DSF-
John 11:23	ὁ	ὁ	RA	----NSM-
John 11:23	Ἰησοῦς	Ἰησοῦς	N-	----NSM-
John 11:23	Ἀναστήσεται	ἀνίστημι	V-	3FMI-S--
John 11:23	ὁ	ὁ	RA	----NSM-
John 11:23	ἀδελφός	ἀδελφός	N-	----NSM-
John 11:23	σου	σύ	RP	----GS--
John 11:24	λέγει	λέγω	V-	3PAI-S--
John 11:24	αὐτῷ	αὐτός	RP	----DSM-
John 11:24	ἡ	ὁ	RA	----NSF-
John 11:24	Μάρθα	Μάρθα	N-	----NSF-
John 11:24	Οἶδα	οἶδα	V-	1XAI-S--
John 11:24	ὅτι	ὅτι	C-	--------
John 11:24	ἀναστήσεται	ἀνίστημι	V-	3FMI-S--
John 11:24	ἐν	ἐν	P-	--------
John 11:24	τῇ	ὁ	RA	----DSF-
John 11:24	ἀναστάσει	ἀνάστασις	N-	----DSF-
John 11:24	ἐν	ἐν	P-	--------
John 11:24	τῇ	ὁ	RA	----DSF-
John 11:24	ἐσχάτῃ	ἔσχατος	A-	----DSF-
John 11:24	ἡμέρᾳ	ἡμέρα	N-	----DSF-
John 11:25	εἶπεν	λέγω	V-	3AAI-S--
John 11:25	αὐτῇ	αὐτός	RP	----DSF-
John 11:25	ὁ	ὁ	RA	----NSM-
John 11:25	Ἰησοῦς	Ἰησοῦς	N-	----NSM-
John 11:25	Ἐγώ	ἐγώ	RP	----NS--
John 11:25	εἰμι	εἰμί	V-	1PAI-S--
John 11:25	ἡ	ὁ	RA	----NSF-
John 11:25	ἀνάστασις	ἀνάστασις	N-	----NSF-
John 11:25	καὶ	καί	C-	--------
John 11:25	ἡ	ὁ	RA	----NSF-
John 11:25	ζωή	ζωή	N-	----NSF-
John 11:25	ὁ	ὁ	RA	----NSM-
John 11:25	πιστεύων	πιστεύω	V-	-PAPNSM-
John 11:25	εἰς	εἰς	P-	--------
John 11:25	ἐμὲ	ἐγώ	RP	----AS--
John 11:25	κἂν	κἄν	D-	--------
John 11:25	ἀποθάνῃ	ἀποθνῄσκω	V-	3AAS-S--
John 11:25	ζήσεται	ζάω	V-	3FMI-S--
John 11:26	καὶ	καί	C-	--------
John 11:26	πᾶς	πᾶς	A-	----NSM-
John 11:26	ὁ	ὁ	RA	----NSM-
John 11:26	ζῶν	ζάω	V-	-PAPNSM-
John 11:26	καὶ	καί	C-	--------
John 11:26	πιστεύων	πιστεύω	V-	-PAPNSM-
John 11:26	εἰς	εἰς	P-	--------
John 11:26	ἐμὲ	ἐγώ	RP	----AS--
John 11:26	οὐ	οὐ	D-	--------
John 11:26	μὴ	μή	D-	--------
John 11:26	ἀποθάνῃ	ἀποθνῄσκω	V-	3AAS-S--
John 11:26	εἰς	εἰς	P-	--------
John 11:26	τὸν	ὁ	RA	----ASM-
John 11:26	αἰῶνα	αἰών	N-	----ASM-
John 11:26	πιστεύεις	πιστεύω	V-	2PAI-S--
John 11:26	τοῦτο	οὗτος	RD	----ASN-
John 11:27	λέγει	λέγω	V-	3PAI-S--
John 11:27	αὐτῷ	αὐτός	RP	----DSM-
John 11:27	Ναί	ναί	X-	--------
John 11:27	κύριε	κύριος	N-	----VSM-
John 11:27	ἐγὼ	ἐγώ	RP	----NS--
John 11:27	πεπίστευκα	πιστεύω	V-	1XAI-S--
John 11:27	ὅτι	ὅτι	C-	--------
John 11:27	σὺ	σύ	RP	----NS--
John 11:27	εἶ	εἰμί	V-	2PAI-S--
John 11:27	ὁ	ὁ	RA	----NSM-
John 11:27	χριστὸς	Χριστός	N-	----NSM-
John 11:27	ὁ	ὁ	RA	----NSM-
John 11:27	υἱὸς	υἱός	N-	----NSM-
John 11:27	τοῦ	ὁ	RA	----GSM-
John 11:27	θεοῦ	θεός	N-	----GSM-
John 11:27	ὁ	ὁ	RA	----NSM-
John 11:27	εἰς	εἰς	P-	--------
John 11:27	τὸν	ὁ	RA	----ASM-
John 11:27	κόσμον	κόσμος	N-	----ASM-
John 11:27	ἐρχόμενος	ἔρχομαι	V-	-PMPNSM-
John 11:28	Καὶ	καί	C-	--------
John 11:28	τοῦτο	οὗτος	RD	----ASN-
John 11:28	εἰποῦσα	λέγω	V-	-AAPNSF-
John 11:28	ἀπῆλθεν	ἀπέρχομαι	V-	3AAI-S--
John 11:28	καὶ	καί	C-	--------
John 11:28	ἐφώνησεν	φωνέω	V-	3AAI-S--
John 11:28	Μαριὰμ	Μαριάμ	N-	----ASF-
John 11:28	τὴν	ὁ	RA	----ASF-
John 11:28	ἀδελφὴν	ἀδελφή	N-	----ASF-
John 11:28	αὐτῆς	αὐτός	RP	----GSF-
John 11:28	λάθρᾳ	λάθρᾳ	D-	--------
John 11:28	εἰποῦσα	λέγω	V-	-AAPNSF-
John 11:28	Ὁ	ὁ	RA	----NSM-
John 11:28	διδάσκαλος	διδάσκαλος	N-	----NSM-
John 11:28	πάρεστιν	πάρειμι	V-	3PAI-S--
John 11:28	καὶ	καί	C-	--------
John 11:28	φωνεῖ	φωνέω	V-	3PAI-S--
John 11:28	σε	σύ	RP	----AS--
John 11:29	ἐκείνη	ἐκεῖνος	RD	----NSF-
John 11:29	δὲ	δέ	C-	--------
John 11:29	ὡς	ὡς	C-	--------
John 11:29	ἤκουσεν	ἀκούω	V-	3AAI-S--
John 11:29	ἠγέρθη	ἐγείρω	V-	3API-S--
John 11:29	ταχὺ	ταχύ	A-	----ASN-
John 11:29	καὶ	καί	C-	--------
John 11:29	ἤρχετο	ἔρχομαι	V-	3IMI-S--
John 11:29	πρὸς	πρός	P-	--------
John 11:29	αὐτόν	αὐτός	RP	----ASM-
John 11:30	οὔπω	οὔπω	D-	--------
John 11:30	δὲ	δέ	C-	--------
John 11:30	ἐληλύθει	ἔρχομαι	V-	3YAI-S--
John 11:30	ὁ	ὁ	RA	----NSM-
John 11:30	Ἰησοῦς	Ἰησοῦς	N-	----NSM-
John 11:30	εἰς	εἰς	P-	--------
John 11:30	τὴν	ὁ	RA	----ASF-
John 11:30	κώμην	κώμη	N-	----ASF-
John 11:30	ἀλλ’	ἀλλά	C-	--------
John 11:30	ἦν	εἰμί	V-	3IAI-S--
John 11:30	ἔτι	ἔτι	D-	--------
John 11:30	ἐν	ἐν	P-	--------
John 11:30	τῷ	ὁ	RA	----DSM-
John 11:30	τόπῳ	τόπος	N-	----DSM-
John 11:30	ὅπου	ὅπου	D-	--------
John 11:30	ὑπήντησεν	ὑπαντάω	V-	3AAI-S--
John 11:30	αὐτῷ	αὐτός	RP	----DSM-
John 11:30	ἡ	ὁ	RA	----NSF-
John 11:30	Μάρθα	Μάρθα	N-	----NSF-
John 11:31	οἱ	ὁ	RA	----NPM-
John 11:31	οὖν	οὖν	C-	--------
John 11:31	Ἰουδαῖοι	Ἰουδαῖος	A-	----NPM-
John 11:31	οἱ	ὁ	RA	----NPM-
John 11:31	ὄντες	εἰμί	V-	-PAPNPM-
John 11:31	μετ’	μετά	P-	--------
John 11:31	αὐτῆς	αὐτός	RP	----GSF-
John 11:31	ἐν	ἐν	P-	--------
John 11:31	τῇ	ὁ	RA	----DSF-
John 11:31	οἰκίᾳ	οἰκία	N-	----DSF-
John 11:31	καὶ	καί	C-	--------
John 11:31	παραμυθούμενοι	παραμυθέομαι	V-	-PMPNPM-
John 11:31	αὐτήν	αὐτός	RP	----ASF-
John 11:31	ἰδόντες	ὁράω	V-	-AAPNPM-
John 11:31	τὴν	ὁ	RA	----ASF-
John 11:31	Μαριὰμ	Μαριάμ	N-	----ASF-
John 11:31	ὅτι	ὅτι	C-	--------
John 11:31	ταχέως	ταχέως	D-	--------
John 11:31	ἀνέστη	ἀνίστημι	V-	3AAI-S--
John 11:31	καὶ	καί	C-	--------
John 11:31	ἐξῆλθεν	ἐξέρχομαι	V-	3AAI-S--
John 11:31	ἠκολούθησαν	ἀκολουθέω	V-	3AAI-P--
John 11:31	αὐτῇ	αὐτός	RP	----DSF-
John 11:31	δόξαντες	δοκέω	V-	-AAPNPM-
John 11:31	ὅτι	ὅτι	C-	--------
John 11:31	ὑπάγει	ὑπάγω	V-	3PAI-S--
John 11:31	εἰς	εἰς	P-	--------
John 11:31	τὸ	ὁ	RA	----ASN-
John 11:31	μνημεῖον	μνημεῖον	N-	----ASN-
John 11:31	ἵνα	ἵνα	C-	--------
John 11:31	κλαύσῃ	κλαίω	V-	3AAS-S--
John 11:31	ἐκεῖ	ἐκεῖ	D-	--------
John 11:32	ἡ	ὁ	RA	----NSF-
John 11:32	οὖν	οὖν	C-	--------
John 11:32	Μαριὰμ	Μαριάμ	N-	----NSF-
John 11:32	ὡς	ὡς	C-	--------
John 11:32	ἦλθεν	ἔρχομαι	V-	3AAI-S--
John 11:32	ὅπου	ὅπου	C-	--------
John 11:32	ἦν	εἰμί	V-	3IAI-S--
John 11:32	Ἰησοῦς	Ἰησοῦς	N-	----NSM-
John 11:32	ἰδοῦσα	ὁράω	V-	-AAPNSF-
John 11:32	αὐτὸν	αὐτός	RP	----ASM-
John 11:32	ἔπεσεν	πίπτω	V-	3AAI-S--
John 11:32	αὐτοῦ	αὐτός	RP	----GSM-
John 11:32	πρὸς	πρός	P-	--------
John 11:32	τοὺς	ὁ	RA	----APM-
John 11:32	πόδας	πούς	N-	----APM-
John 11:32	λέγουσα	λέγω	V-	-PAPNSF-
John 11:32	αὐτῷ	αὐτός	RP	----DSM-
John 11:32	Κύριε	κύριος	N-	----VSM-
John 11:32	εἰ	εἰ	C-	--------
John 11:32	ἦς	εἰμί	V-	2IAI-S--
John 11:32	ὧδε	ὧδε	D-	--------
John 11:32	οὐκ	οὐ	D-	--------
John 11:32	ἄν	ἄν	X-	--------
John 11:32	μου	ἐγώ	RP	----GS--
John 11:32	ἀπέθανεν	ἀποθνῄσκω	V-	3AAI-S--
John 11:32	ὁ	ὁ	RA	----NSM-
John 11:32	ἀδελφός	ἀδελφός	N-	----NSM-
John 11:33	Ἰησοῦς	Ἰησοῦς	N-	----NSM-
John 11:33	οὖν	οὖν	C-	--------
John 11:33	ὡς	ὡς	C-	--------
John 11:33	εἶδεν	ὁράω	V-	3AAI-S--
John 11:33	αὐτὴν	αὐτός	RP	----ASF-
John 11:33	κλαίουσαν	κλαίω	V-	-PAPASF-
John 11:33	καὶ	καί	C-	--------
John 11:33	τοὺς	ὁ	RA	----APM-
John 11:33	συνελθόντας	συνέρχομαι	V-	-AAPAPM-
John 11:33	αὐτῇ	αὐτός	RP	----DSF-
John 11:33	Ἰουδαίους	Ἰουδαῖος	A-	----APM-
John 11:33	κλαίοντας	κλαίω	V-	-PAPAPM-
John 11:33	ἐνεβριμήσατο	ἐμβριμάομαι	V-	3AMI-S--
John 11:33	τῷ	ὁ	RA	----DSN-
John 11:33	πνεύματι	πνεῦμα	N-	----DSN-
John 11:33	καὶ	καί	C-	--------
John 11:33	ἐτάραξεν	ταράσσω	V-	3AAI-S--
John 11:33	ἑαυτόν	ἑαυτοῦ	RP	----ASM-
John 11:34	καὶ	καί	C-	--------
John 11:34	εἶπεν	λέγω	V-	3AAI-S--
John 11:34	Ποῦ	ποῦ	D-	--------
John 11:34	τεθείκατε	τίθημι	V-	2XAI-P--
John 11:34	αὐτόν	αὐτός	RP	----ASM-
John 11:34	λέγουσιν	λέγω	V-	3PAI-P--
John 11:34	αὐτῷ	αὐτός	RP	----DSM-
John 11:34	Κύριε	κύριος	N-	----VSM-
John 11:34	ἔρχου	ἔρχομαι	V-	2PMD-S--
John 11:34	καὶ	καί	C-	--------
John 11:34	ἴδε	ὁράω	V-	2AAD-S--
John 11:35	ἐδάκρυσεν	δακρύω	V-	3AAI-S--
John 11:35	ὁ	ὁ	RA	----NSM-
John 11:35	Ἰησοῦς	Ἰησοῦς	N-	----NSM-
John 11:36	ἔλεγον	λέγω	V-	3IAI-P--
John 11:36	οὖν	οὖν	C-	--------
John 11:36	οἱ	ὁ	RA	----NPM-
John 11:36	Ἰουδαῖοι	Ἰουδαῖος	A-	----NPM-
John 11:36	Ἴδε	ἴδε	X-	--------
John 11:36	πῶς	πῶς	D-	--------
John 11:36	ἐφίλει	φιλέω	V-	3IAI-S--
John 11:36	αὐτόν	αὐτός	RP	----ASM-
John 11:37	τινὲς	τις	RI	----NPM-
John 11:37	δὲ	δέ	C-	--------
John 11:37	ἐξ	ἐκ	P-	--------
John 11:37	αὐτῶν	αὐτός	RP	----GPM-
John 11:37	εἶπαν	λέγω	V-	3AAI-P--
John 11:37	Οὐκ	οὐ	X-	--------
John 11:37	ἐδύνατο	δύναμαι	V-	3IMI-S--
John 11:37	οὗτος	οὗτος	RD	----NSM-
John 11:37	ὁ	ὁ	RA	----NSM-
John 11:37	ἀνοίξας	ἀνοίγω	V-	-AAPNSM-
John 11:37	τοὺς	ὁ	RA	----APM-
John 11:37	ὀφθαλμοὺς	ὀφθαλμός	N-	----APM-
John 11:37	τοῦ	ὁ	RA	----GSM-
John 11:37	τυφλοῦ	τυφλός	A-	----GSM-
John 11:37	ποιῆσαι	ποιέω	V-	-AAN----
John 11:37	ἵνα	ἵνα	C-	--------
John 11:37	καὶ	καί	D-	--------
John 11:37	οὗτος	οὗτος	RD	----NSM-
John 11:37	μὴ	μή	D-	--------
John 11:37	ἀποθάνῃ	ἀποθνῄσκω	V-	3AAS-S--
John 11:38	Ἰησοῦς	Ἰησοῦς	N-	----NSM-
John 11:38	οὖν	οὖν	C-	--------
John 11:38	πάλιν	πάλιν	D-	--------
John 11:38	ἐμβριμώμενος	ἐμβριμάομαι	V-	-PMPNSM-
John 11:38	ἐν	ἐν	P-	--------
John 11:38	ἑαυτῷ	ἑαυτοῦ	RP	----DSM-
John 11:38	ἔρχεται	ἔρχομαι	V-	3PMI-S--
John 11:38	εἰς	εἰς	P-	--------
John 11:38	τὸ	ὁ	RA	----ASN-
John 11:38	μνημεῖον	μνημεῖον	N-	----ASN-
John 11:38	ἦν	εἰμί	V-	3IAI-S--
John 11:38	δὲ	δέ	C-	--------
John 11:38	σπήλαιον	σπήλαιον	N-	----NSN-
John 11:38	καὶ	καί	C-	--------
John 11:38	λίθος	λίθος	N-	----NSM-
John 11:38	ἐπέκειτο	ἐπίκειμαι	V-	3IMI-S--
John 11:38	ἐπ’	ἐπί	P-	--------
John 11:38	αὐτῷ	αὐτός	RP	----DSN-
John 11:39	λέγει	λέγω	V-	3PAI-S--
John 11:39	ὁ	ὁ	RA	----NSM-
John 11:39	Ἰησοῦς	Ἰησοῦς	N-	----NSM-
John 11:39	Ἄρατε	αἴρω	V-	2AAD-P--
John 11:39	τὸν	ὁ	RA	----ASM-
John 11:39	λίθον	λίθος	N-	----ASM-
John 11:39	λέγει	λέγω	V-	3PAI-S--
John 11:39	αὐτῷ	αὐτός	RP	----DSM-
John 11:39	ἡ	ὁ	RA	----NSF-
John 11:39	ἀδελφὴ	ἀδελφή	N-	----NSF-
John 11:39	τοῦ	ὁ	RA	----GSM-
John 11:39	τετελευτηκότος	τελευτάω	V-	-XAPGSM-
John 11:39	Μάρθα	Μάρθα	N-	----NSF-
John 11:39	Κύριε	κύριος	N-	----VSM-
John 11:39	ἤδη	ἤδη	D-	--------
John 11:39	ὄζει	ὄζω	V-	3PAI-S--
John 11:39	τεταρταῖος	τεταρταῖος	A-	----NSM-
John 11:39	γάρ	γάρ	C-	--------
John 11:39	ἐστιν	εἰμί	V-	3PAI-S--
John 11:40	λέγει	λέγω	V-	3PAI-S--
John 11:40	αὐτῇ	αὐτός	RP	----DSF-
John 11:40	ὁ	ὁ	RA	----NSM-
John 11:40	Ἰησοῦς	Ἰησοῦς	N-	----NSM-
John 11:40	Οὐκ	οὐ	X-	--------
John 11:40	εἶπόν	λέγω	V-	1AAI-S--
John 11:40	σοι	σύ	RP	----DS--
John 11:40	ὅτι	ὅτι	C-	--------
John 11:40	ἐὰν	ἐάν	C-	--------
John 11:40	πιστεύσῃς	πιστεύω	V-	2AAS-S--
John 11:40	ὄψῃ	ὁράω	V-	2FMI-S--
John 11:40	τὴν	ὁ	RA	----ASF-
John 11:40	δόξαν	δόξα	N-	----ASF-
John 11:40	τοῦ	ὁ	RA	----GSM-
John 11:40	θεοῦ	θεός	N-	----GSM-
John 11:41	ἦραν	αἴρω	V-	3AAI-P--
John 11:41	οὖν	οὖν	C-	--------
John 11:41	τὸν	ὁ	RA	----ASM-
John 11:41	λίθον	λίθος	N-	----ASM-
John 11:41	ὁ	ὁ	RA	----NSM-
John 11:41	δὲ	δέ	C-	--------
John 11:41	Ἰησοῦς	Ἰησοῦς	N-	----NSM-
John 11:41	ἦρεν	αἴρω	V-	3AAI-S--
John 11:41	τοὺς	ὁ	RA	----APM-
John 11:41	ὀφθαλμοὺς	ὀφθαλμός	N-	----APM-
John 11:41	ἄνω	ἄνω	D-	--------
John 11:41	καὶ	καί	C-	--------
John 11:41	εἶπεν	λέγω	V-	3AAI-S--
John 11:41	Πάτερ	πατήρ	N-	----VSM-
John 11:41	εὐχαριστῶ	εὐχαριστέω	V-	1PAI-S--
John 11:41	σοι	σύ	RP	----DS--
John 11:41	ὅτι	ὅτι	C-	--------
John 11:41	ἤκουσάς	ἀκούω	V-	2AAI-S--
John 11:41	μου	ἐγώ	RP	----GS--
John 11:42	ἐγὼ	ἐγώ	RP	----NS--
John 11:42	δὲ	δέ	C-	--------
John 11:42	ᾔδειν	οἶδα	V-	1YAI-S--
John 11:42	ὅτι	ὅτι	C-	--------
John 11:42	πάντοτέ	πάντοτε	D-	--------
John 11:42	μου	ἐγώ	RP	----GS--
John 11:42	ἀκούεις	ἀκούω	V-	2PAI-S--
John 11:42	ἀλλὰ	ἀλλά	C-	--------
John 11:42	διὰ	διά	P-	--------
John 11:42	τὸν	ὁ	RA	----ASM-
John 11:42	ὄχλον	ὄχλος	N-	----ASM-
John 11:42	τὸν	ὁ	RA	----ASM-
John 11:42	περιεστῶτα	περιΐστημι	V-	-XAPASM-
John 11:42	εἶπον	λέγω	V-	1AAI-S--
John 11:42	ἵνα	ἵνα	C-	--------
John 11:42	πιστεύσωσιν	πιστεύω	V-	3AAS-P--
John 11:42	ὅτι	ὅτι	C-	--------
John 11:42	σύ	σύ	RP	----NS--
John 11:42	με	ἐγώ	RP	----AS--
John 11:42	ἀπέστειλας	ἀποστέλλω	V-	2AAI-S--
John 11:43	καὶ	καί	C-	--------
John 11:43	ταῦτα	οὗτος	RD	----APN-
John 11:43	εἰπὼν	λέγω	V-	-AAPNSM-
John 11:43	φωνῇ	φωνή	N-	----DSF-
John 11:43	μεγάλῃ	μέγας	A-	----DSF-
John 11:43	ἐκραύγασεν	κραυγάζω	V-	3AAI-S--
John 11:43	Λάζαρε	Λάζαρος	N-	----VSM-
John 11:43	δεῦρο	δεῦρο	D-	--------
John 11:43	ἔξω	ἔξω	D-	--------
John 11:44	ἐξῆλθεν	ἐξέρχομαι	V-	3AAI-S--
John 11:44	ὁ	ὁ	RA	----NSM-
John 11:44	τεθνηκὼς	θνῄσκω	V-	-XAPNSM-
John 11:44	δεδεμένος	δέω	V-	-XPPNSM-
John 11:44	τοὺς	ὁ	RA	----APM-
John 11:44	πόδας	πούς	N-	----APM-
John 11:44	καὶ	καί	C-	--------
John 11:44	τὰς	ὁ	RA	----APF-
John 11:44	χεῖρας	χείρ	N-	----APF-
John 11:44	κειρίαις	κειρία	N-	----DPF-
John 11:44	καὶ	καί	C-	--------
John 11:44	ἡ	ὁ	RA	----NSF-
John 11:44	ὄψις	ὄψις	N-	----NSF-
John 11:44	αὐτοῦ	αὐτός	RP	----GSM-
John 11:44	σουδαρίῳ	σουδάριον	N-	----DSN-
John 11:44	περιεδέδετο	περιδέω	V-	3YPI-S--
John 11:44	λέγει	λέγω	V-	3PAI-S--
John 11:44	αὐτοῖς	αὐτός	RP	----DPM-
John 11:44	ὁ	ὁ	RA	----NSM-
John 11:44	Ἰησοῦς	Ἰησοῦς	N-	----NSM-
John 11:44	Λύσατε	λύω	V-	2AAD-P--
John 11:44	αὐτὸν	αὐτός	RP	----ASM-
John 11:44	καὶ	καί	C-	--------
John 11:44	ἄφετε	ἀφίημι	V-	2AAD-P--
John 11:44	αὐτὸν	αὐτός	RP	----ASM-
John 11:44	ὑπάγειν	ὑπάγω	V-	-PAN----
John 11:45	Πολλοὶ	πολύς	A-	----NPM-
John 11:45	οὖν	οὖν	C-	--------
John 11:45	ἐκ	ἐκ	P-	--------
John 11:45	τῶν	ὁ	RA	----GPM-
John 11:45	Ἰουδαίων	Ἰουδαῖος	A-	----GPM-
John 11:45	οἱ	ὁ	RA	----NPM-
John 11:45	ἐλθόντες	ἔρχομαι	V-	-AAPNPM-
John 11:45	πρὸς	πρός	P-	--------
John 11:45	τὴν	ὁ	RA	----ASF-
John 11:45	Μαριὰμ	Μαριάμ	N-	----ASF-
John 11:45	καὶ	καί	C-	--------
John 11:45	θεασάμενοι	θεάομαι	V-	-AMPNPM-
John 11:45	ἃ	ὅς	RR	----APN-
John 11:45	ἐποίησεν	ποιέω	V-	3AAI-S--
John 11:45	ἐπίστευσαν	πιστεύω	V-	3AAI-P--
John 11:45	εἰς	εἰς	P-	--------
John 11:45	αὐτόν	αὐτός	RP	----ASM-
John 11:46	τινὲς	τις	RI	----NPM-
John 11:46	δὲ	δέ	C-	--------
John 11:46	ἐξ	ἐκ	P-	--------
John 11:46	αὐτῶν	αὐτός	RP	----GPM-
John 11:46	ἀπῆλθον	ἀπέρχομαι	V-	3AAI-P--
John 11:46	πρὸς	πρός	P-	--------
John 11:46	τοὺς	ὁ	RA	----APM-
John 11:46	Φαρισαίους	Φαρισαῖος	N-	----APM-
John 11:46	καὶ	καί	C-	--------
John 11:46	εἶπαν	λέγω	V-	3AAI-P--
John 11:46	αὐτοῖς	αὐτός	RP	----DPM-
John 11:46	ἃ	ὅς	RR	----APN-
John 11:46	ἐποίησεν	ποιέω	V-	3AAI-S--
John 11:46	Ἰησοῦς	Ἰησοῦς	N-	----NSM-
John 11:47	συνήγαγον	συνάγω	V-	3AAI-P--
John 11:47	οὖν	οὖν	C-	--------
John 11:47	οἱ	ὁ	RA	----NPM-
John 11:47	ἀρχιερεῖς	ἀρχιερεύς	N-	----NPM-
John 11:47	καὶ	καί	C-	--------
John 11:47	οἱ	ὁ	RA	----NPM-
John 11:47	Φαρισαῖοι	Φαρισαῖος	N-	----NPM-
John 11:47	συνέδριον	συνέδριον	N-	----ASN-
John 11:47	καὶ	καί	C-	--------
John 11:47	ἔλεγον	λέγω	V-	3IAI-P--
John 11:47	Τί	τίς	RI	----ASN-
John 11:47	ποιοῦμεν	ποιέω	V-	1PAI-P--
John 11:47	ὅτι	ὅτι	C-	--------
John 11:47	οὗτος	οὗτος	RD	----NSM-
John 11:47	ὁ	ὁ	RA	----NSM-
John 11:47	ἄνθρωπος	ἄνθρωπος	N-	----NSM-
John 11:47	πολλὰ	πολύς	A-	----APN-
John 11:47	ποιεῖ	ποιέω	V-	3PAI-S--
John 11:47	σημεῖα	σημεῖον	N-	----APN-
John 11:48	ἐὰν	ἐάν	C-	--------
John 11:48	ἀφῶμεν	ἀφίημι	V-	1AAS-P--
John 11:48	αὐτὸν	αὐτός	RP	----ASM-
John 11:48	οὕτως	οὕτω(ς)	D-	--------
John 11:48	πάντες	πᾶς	A-	----NPM-
John 11:48	πιστεύσουσιν	πιστεύω	V-	3FAI-P--
John 11:48	εἰς	εἰς	P-	--------
John 11:48	αὐτόν	αὐτός	RP	----ASM-
John 11:48	καὶ	καί	C-	--------
John 11:48	ἐλεύσονται	ἔρχομαι	V-	3FMI-P--
John 11:48	οἱ	ὁ	RA	----NPM-
John 11:48	Ῥωμαῖοι	Ῥωμαῖος	A-	----NPM-
John 11:48	καὶ	καί	C-	--------
John 11:48	ἀροῦσιν	αἴρω	V-	3FAI-P--
John 11:48	ἡμῶν	ἐγώ	RP	----GP--
John 11:48	καὶ	καί	C-	--------
John 11:48	τὸν	ὁ	RA	----ASM-
John 11:48	τόπον	τόπος	N-	----ASM-
John 11:48	καὶ	καί	C-	--------
John 11:48	τὸ	ὁ	RA	----ASN-
John 11:48	ἔθνος	ἔθνος	N-	----ASN-
John 11:49	εἷς	εἷς	A-	----NSM-
John 11:49	δέ	δέ	C-	--------
John 11:49	τις	τις	RI	----NSM-
John 11:49	ἐξ	ἐκ	P-	--------
John 11:49	αὐτῶν	αὐτός	RP	----GPM-
John 11:49	Καϊάφας	Καϊάφας	N-	----NSM-
John 11:49	ἀρχιερεὺς	ἀρχιερεύς	N-	----NSM-
John 11:49	ὢν	εἰμί	V-	-PAPNSM-
John 11:49	τοῦ	ὁ	RA	----GSM-
John 11:49	ἐνιαυτοῦ	ἐνιαυτός	N-	----GSM-
John 11:49	ἐκείνου	ἐκεῖνος	RD	----GSM-
John 11:49	εἶπεν	λέγω	V-	3AAI-S--
John 11:49	αὐτοῖς	αὐτός	RP	----DPM-
John 11:49	Ὑμεῖς	σύ	RP	----NP--
John 11:49	οὐκ	οὐ	D-	--------
John 11:49	οἴδατε	οἶδα	V-	2XAI-P--
John 11:49	οὐδέν	οὐδείς	A-	----ASN-
John 11:50	οὐδὲ	οὐδέ	C-	--------
John 11:50	λογίζεσθε	λογίζομαι	V-	2PMI-P--
John 11:50	ὅτι	ὅτι	C-	--------
John 11:50	συμφέρει	συμφέρω	V-	3PAI-S--
John 11:50	ὑμῖν	σύ	RP	----DP--
John 11:50	ἵνα	ἵνα	C-	--------
John 11:50	εἷς	εἷς	A-	----NSM-
John 11:50	ἄνθρωπος	ἄνθρωπος	N-	----NSM-
John 11:50	ἀποθάνῃ	ἀποθνῄσκω	V-	3AAS-S--
John 11:50	ὑπὲρ	ὑπέρ	P-	--------
John 11:50	τοῦ	ὁ	RA	----GSM-
John 11:50	λαοῦ	λαός	N-	----GSM-
John 11:50	καὶ	καί	C-	--------
John 11:50	μὴ	μή	D-	--------
John 11:50	ὅλον	ὅλος	A-	----NSN-
John 11:50	τὸ	ὁ	RA	----NSN-
John 11:50	ἔθνος	ἔθνος	N-	----NSN-
John 11:50	ἀπόληται	ἀπόλλυμι	V-	3AMS-S--
John 11:51	τοῦτο	οὗτος	RD	----ASN-
John 11:51	δὲ	δέ	C-	--------
John 11:51	ἀφ’	ἀπό	P-	--------
John 11:51	ἑαυτοῦ	ἑαυτοῦ	RP	----GSM-
John 11:51	οὐκ	οὐ	D-	--------
John 11:51	εἶπεν	λέγω	V-	3AAI-S--
John 11:51	ἀλλὰ	ἀλλά	C-	--------
John 11:51	ἀρχιερεὺς	ἀρχιερεύς	N-	----NSM-
John 11:51	ὢν	εἰμί	V-	-PAPNSM-
John 11:51	τοῦ	ὁ	RA	----GSM-
John 11:51	ἐνιαυτοῦ	ἐνιαυτός	N-	----GSM-
John 11:51	ἐκείνου	ἐκεῖνος	RD	----GSM-
John 11:51	ἐπροφήτευσεν	προφητεύω	V-	3AAI-S--
John 11:51	ὅτι	ὅτι	C-	--------
John 11:51	ἔμελλεν	μέλλω	V-	3IAI-S--
John 11:51	Ἰησοῦς	Ἰησοῦς	N-	----NSM-
John 11:51	ἀποθνῄσκειν	ἀποθνῄσκω	V-	-PAN----
John 11:51	ὑπὲρ	ὑπέρ	P-	--------
John 11:51	τοῦ	ὁ	RA	----GSN-
John 11:51	ἔθνους	ἔθνος	N-	----GSN-
John 11:52	καὶ	καί	C-	--------
John 11:52	οὐχ	οὐ	D-	--------
John 11:52	ὑπὲρ	ὑπέρ	P-	--------
John 11:52	τοῦ	ὁ	RA	----GSN-
John 11:52	ἔθνους	ἔθνος	N-	----GSN-
John 11:52	μόνον	μόνος	A-	----ASN-
John 11:52	ἀλλ’	ἀλλά	C-	--------
John 11:52	ἵνα	ἵνα	C-	--------
John 11:52	καὶ	καί	D-	--------
John 11:52	τὰ	ὁ	RA	----APN-
John 11:52	τέκνα	τέκνον	N-	----APN-
John 11:52	τοῦ	ὁ	RA	----GSM-
John 11:52	θεοῦ	θεός	N-	----GSM-
John 11:52	τὰ	ὁ	RA	----APN-
John 11:52	διεσκορπισμένα	διασκορπίζω	V-	-XPPAPN-
John 11:52	συναγάγῃ	συνάγω	V-	3AAS-S--
John 11:52	εἰς	εἰς	P-	--------
John 11:52	ἕν	εἷς	A-	----ASN-
John 11:53	ἀπ’	ἀπό	P-	--------
John 11:53	ἐκείνης	ἐκεῖνος	RD	----GSF-
John 11:53	οὖν	οὖν	C-	--------
John 11:53	τῆς	ὁ	RA	----GSF-
John 11:53	ἡμέρας	ἡμέρα	N-	----GSF-
John 11:53	ἐβουλεύσαντο	βουλεύομαι	V-	3AMI-P--
John 11:53	ἵνα	ἵνα	C-	--------
John 11:53	ἀποκτείνωσιν	ἀποκτείνω	V-	3AAS-P--
John 11:53	αὐτόν	αὐτός	RP	----ASM-
John 11:54	Ὁ	ὁ	RA	----NSM-
John 11:54	οὖν	οὖν	C-	--------
John 11:54	Ἰησοῦς	Ἰησοῦς	N-	----NSM-
John 11:54	οὐκέτι	οὐκέτι	D-	--------
John 11:54	παρρησίᾳ	παρρησία	N-	----DSF-
John 11:54	περιεπάτει	περιπατέω	V-	3IAI-S--
John 11:54	ἐν	ἐν	P-	--------
John 11:54	τοῖς	ὁ	RA	----DPM-
John 11:54	Ἰουδαίοις	Ἰουδαῖος	A-	----DPM-
John 11:54	ἀλλὰ	ἀλλά	C-	--------
John 11:54	ἀπῆλθεν	ἀπέρχομαι	V-	3AAI-S--
John 11:54	ἐκεῖθεν	ἐκεῖθεν	D-	--------
John 11:54	εἰς	εἰς	P-	--------
John 11:54	τὴν	ὁ	RA	----ASF-
John 11:54	χώραν	χώρα	N-	----ASF-
John 11:54	ἐγγὺς	ἐγγύς	P-	--------
John 11:54	τῆς	ὁ	RA	----GSF-
John 11:54	ἐρήμου	ἔρημος	A-	----GSF-
John 11:54	εἰς	εἰς	P-	--------
John 11:54	Ἐφραὶμ	Ἐφραίμ	N-	----ASM-
John 11:54	λεγομένην	λέγω	V-	-PPPASF-
John 11:54	πόλιν	πόλις	N-	----ASF-
John 11:54	κἀκεῖ	κἀκεῖ	C-	--------
John 11:54	ἔμεινεν	μένω	V-	3AAI-S--
John 11:54	μετὰ	μετά	P-	--------
John 11:54	τῶν	ὁ	RA	----GPM-
John 11:54	μαθητῶν	μαθητής	N-	----GPM-
John 11:55	Ἦν	εἰμί	V-	3IAI-S--
John 11:55	δὲ	δέ	C-	--------
John 11:55	ἐγγὺς	ἐγγύς	D-	--------
John 11:55	τὸ	ὁ	RA	----NSN-
John 11:55	πάσχα	πάσχα	N-	----NSN-
John 11:55	τῶν	ὁ	RA	----GPM-
John 11:55	Ἰουδαίων	Ἰουδαῖος	A-	----GPM-
John 11:55	καὶ	καί	C-	--------
John 11:55	ἀνέβησαν	ἀναβαίνω	V-	3AAI-P--
John 11:55	πολλοὶ	πολύς	A-	----NPM-
John 11:55	εἰς	εἰς	P-	--------
John 11:55	Ἱεροσόλυμα	Ἱεροσόλυμα	N-	----APN-
John 11:55	ἐκ	ἐκ	P-	--------
John 11:55	τῆς	ὁ	RA	----GSF-
John 11:55	χώρας	χώρα	N-	----GSF-
John 11:55	πρὸ	πρό	P-	--------
John 11:55	τοῦ	ὁ	RA	----GSN-
John 11:55	πάσχα	πάσχα	N-	----GSN-
John 11:55	ἵνα	ἵνα	C-	--------
John 11:55	ἁγνίσωσιν	ἁγνίζω	V-	3AAS-P--
John 11:55	ἑαυτούς	ἑαυτοῦ	RP	----APM-
John 11:56	ἐζήτουν	ζητέω	V-	3IAI-P--
John 11:56	οὖν	οὖν	C-	--------
John 11:56	τὸν	ὁ	RA	----ASM-
John 11:56	Ἰησοῦν	Ἰησοῦς	N-	----ASM-
John 11:56	καὶ	καί	C-	--------
John 11:56	ἔλεγον	λέγω	V-	3IAI-P--
John 11:56	μετ’	μετά	P-	--------
John 11:56	ἀλλήλων	ἀλλήλων	RP	----GPM-
John 11:56	ἐν	ἐν	P-	--------
John 11:56	τῷ	ὁ	RA	----DSN-
John 11:56	ἱερῷ	ἱερός	A-	----DSN-
John 11:56	ἑστηκότες	ἵστημι	V-	-XAPNPM-
John 11:56	Τί	τίς	RI	----NSN-
John 11:56	δοκεῖ	δοκέω	V-	3PAI-S--
John 11:56	ὑμῖν	σύ	RP	----DP--
John 11:56	ὅτι	ὅτι	C-	--------
John 11:56	οὐ	οὐ	D-	--------
John 11:56	μὴ	μή	D-	--------
John 11:56	ἔλθῃ	ἔρχομαι	V-	3AAS-S--
John 11:56	εἰς	εἰς	P-	--------
John 11:56	τὴν	ὁ	RA	----ASF-
John 11:56	ἑορτήν	ἑορτή	N-	----ASF-
John 11:57	δεδώκεισαν	δίδωμι	V-	3YAI-P--
John 11:57	δὲ	δέ	C-	--------
John 11:57	οἱ	ὁ	RA	----NPM-
John 11:57	ἀρχιερεῖς	ἀρχιερεύς	N-	----NPM-
John 11:57	καὶ	καί	C-	--------
John 11:57	οἱ	ὁ	RA	----NPM-
John 11:57	Φαρισαῖοι	Φαρισαῖος	N-	----NPM-
John 11:57	ἐντολὰς	ἐντολή	N-	----APF-
John 11:57	ἵνα	ἵνα	D-	--------
John 11:57	ἐάν	ἐάν	C-	--------
John 11:57	τις	τις	RI	----NSM-
John 11:57	γνῷ	γινώσκω	V-	3AAS-S--
John 11:57	ποῦ	ποῦ	D-	--------
John 11:57	ἐστιν	εἰμί	V-	3PAI-S--
John 11:57	μηνύσῃ	μηνύω	V-	3AAS-S--
John 11:57	ὅπως	ὅπως	C-	--------
John 11:57	πιάσωσιν	πιάζω	V-	3AAS-P--
John 11:57	αὐτόν	αὐτός	RP	----ASM-
John 12:1	Ὁ	ὁ	RA	----NSM-
John 12:1	οὖν	οὖν	C-	--------
John 12:1	Ἰησοῦς	Ἰησοῦς	N-	----NSM-
John 12:1	πρὸ	πρό	P-	--------
John 12:1	ἓξ	ἕξ	A-	----GPF-
John 12:1	ἡμερῶν	ἡμέρα	N-	----GPF-
John 12:1	τοῦ	ὁ	RA	----GSN-
John 12:1	πάσχα	πάσχα	N-	----GSN-
John 12:1	ἦλθεν	ἔρχομαι	V-	3AAI-S--
John 12:1	εἰς	εἰς	P-	--------
John 12:1	Βηθανίαν	Βηθανία	N-	----ASF-
John 12:1	ὅπου	ὅπου	D-	--------
John 12:1	ἦν	εἰμί	V-	3IAI-S--
John 12:1	Λάζαρος	Λάζαρος	N-	----NSM-
John 12:1	ὃν	ὅς	RR	----ASM-
John 12:1	ἤγειρεν	ἐγείρω	V-	3AAI-S--
John 12:1	ἐκ	ἐκ	P-	--------
John 12:1	νεκρῶν	νεκρός	A-	----GPM-
John 12:1	Ἰησοῦς	Ἰησοῦς	N-	----NSM-
John 12:2	ἐποίησαν	ποιέω	V-	3AAI-P--
John 12:2	οὖν	οὖν	C-	--------
John 12:2	αὐτῷ	αὐτός	RP	----DSM-
John 12:2	δεῖπνον	δεῖπνον	N-	----ASN-
John 12:2	ἐκεῖ	ἐκεῖ	D-	--------
John 12:2	καὶ	καί	C-	--------
John 12:2	ἡ	ὁ	RA	----NSF-
John 12:2	Μάρθα	Μάρθα	N-	----NSF-
John 12:2	διηκόνει	διακονέω	V-	3IAI-S--
John 12:2	ὁ	ὁ	RA	----NSM-
John 12:2	δὲ	δέ	C-	--------
John 12:2	Λάζαρος	Λάζαρος	N-	----NSM-
John 12:2	εἷς	εἷς	A-	----NSM-
John 12:2	ἦν	εἰμί	V-	3IAI-S--
John 12:2	ἐκ	ἐκ	P-	--------
John 12:2	τῶν	ὁ	RA	----GPM-
John 12:2	ἀνακειμένων	ἀνάκειμαι	V-	-PMPGPM-
John 12:2	σὺν	σύν	P-	--------
John 12:2	αὐτῷ	αὐτός	RP	----DSM-
John 12:3	ἡ	ὁ	RA	----NSF-
John 12:3	οὖν	οὖν	C-	--------
John 12:3	Μαριὰμ	Μαριάμ	N-	----NSF-
John 12:3	λαβοῦσα	λαμβάνω	V-	-AAPNSF-
John 12:3	λίτραν	λίτρα	N-	----ASF-
John 12:3	μύρου	μύρον	N-	----GSN-
John 12:3	νάρδου	νάρδος	N-	----GSF-
John 12:3	πιστικῆς	πιστικός	A-	----GSF-
John 12:3	πολυτίμου	πολύτιμος	A-	----GSF-
John 12:3	ἤλειψεν	ἀλείφω	V-	3AAI-S--
John 12:3	τοὺς	ὁ	RA	----APM-
John 12:3	πόδας	πούς	N-	----APM-
John 12:3	τοῦ	ὁ	RA	----GSM-
John 12:3	Ἰησοῦ	Ἰησοῦς	N-	----GSM-
John 12:3	καὶ	καί	C-	--------
John 12:3	ἐξέμαξεν	ἐκμάσσω	V-	3AAI-S--
John 12:3	ταῖς	ὁ	RA	----DPF-
John 12:3	θριξὶν	θρίξ	N-	----DPF-
John 12:3	αὐτῆς	αὐτός	RP	----GSF-
John 12:3	τοὺς	ὁ	RA	----APM-
John 12:3	πόδας	πούς	N-	----APM-
John 12:3	αὐτοῦ	αὐτός	RP	----GSM-
John 12:3	ἡ	ὁ	RA	----NSF-
John 12:3	δὲ	δέ	C-	--------
John 12:3	οἰκία	οἰκία	N-	----NSF-
John 12:3	ἐπληρώθη	πληρόω	V-	3API-S--
John 12:3	ἐκ	ἐκ	P-	--------
John 12:3	τῆς	ὁ	RA	----GSF-
John 12:3	ὀσμῆς	ὀσμή	N-	----GSF-
John 12:3	τοῦ	ὁ	RA	----GSN-
John 12:3	μύρου	μύρον	N-	----GSN-
John 12:4	λέγει	λέγω	V-	3PAI-S--
John 12:4	δὲ	δέ	C-	--------
John 12:4	Ἰούδας	Ἰούδας	N-	----NSM-
John 12:4	ὁ	ὁ	RA	----NSM-
John 12:4	Ἰσκαριώτης	Ἰσκαριώτης	N-	----NSM-
John 12:4	εἷς	εἷς	A-	----NSM-
John 12:4	τῶν	ὁ	RA	----GPM-
John 12:4	μαθητῶν	μαθητής	N-	----GPM-
John 12:4	αὐτοῦ	αὐτός	RP	----GSM-
John 12:4	ὁ	ὁ	RA	----NSM-
John 12:4	μέλλων	μέλλω	V-	-PAPNSM-
John 12:4	αὐτὸν	αὐτός	RP	----ASM-
John 12:4	παραδιδόναι	παραδίδωμι	V-	-PAN----
John 12:5	Διὰ	διά	P-	--------
John 12:5	τί	τίς	RI	----ASN-
John 12:5	τοῦτο	οὗτος	RD	----NSN-
John 12:5	τὸ	ὁ	RA	----NSN-
John 12:5	μύρον	μύρον	N-	----NSN-
John 12:5	οὐκ	οὐ	D-	--------
John 12:5	ἐπράθη	πιπράσκω	V-	3API-S--
John 12:5	τριακοσίων	τριακόσιοι	A-	----GPN-
John 12:5	δηναρίων	δηνάριον	N-	----GPN-
John 12:5	καὶ	καί	C-	--------
John 12:5	ἐδόθη	δίδωμι	V-	3API-S--
John 12:5	πτωχοῖς	πτωχός	A-	----DPM-
John 12:6	εἶπεν	λέγω	V-	3AAI-S--
John 12:6	δὲ	δέ	C-	--------
John 12:6	τοῦτο	οὗτος	RD	----ASN-
John 12:6	οὐχ	οὐ	D-	--------
John 12:6	ὅτι	ὅτι	C-	--------
John 12:6	περὶ	περί	P-	--------
John 12:6	τῶν	ὁ	RA	----GPM-
John 12:6	πτωχῶν	πτωχός	A-	----GPM-
John 12:6	ἔμελεν	μέλει	V-	3IAI-S--
John 12:6	αὐτῷ	αὐτός	RP	----DSM-
John 12:6	ἀλλ’	ἀλλά	C-	--------
John 12:6	ὅτι	ὅτι	C-	--------
John 12:6	κλέπτης	κλέπτης	N-	----NSM-
John 12:6	ἦν	εἰμί	V-	3IAI-S--
John 12:6	καὶ	καί	C-	--------
John 12:6	τὸ	ὁ	RA	----ASN-
John 12:6	γλωσσόκομον	γλωσσόκομον	N-	----ASN-
John 12:6	ἔχων	ἔχω	V-	-PAPNSM-
John 12:6	τὰ	ὁ	RA	----APN-
John 12:6	βαλλόμενα	βάλλω	V-	-PPPAPN-
John 12:6	ἐβάσταζεν	βαστάζω	V-	3IAI-S--
John 12:7	εἶπεν	λέγω	V-	3AAI-S--
John 12:7	οὖν	οὖν	C-	--------
John 12:7	ὁ	ὁ	RA	----NSM-
John 12:7	Ἰησοῦς	Ἰησοῦς	N-	----NSM-
John 12:7	Ἄφες	ἀφίημι	V-	2AAD-S--
John 12:7	αὐτήν	αὐτός	RP	----ASF-
John 12:7	ἵνα	ἵνα	C-	--------
John 12:7	εἰς	εἰς	P-	--------
John 12:7	τὴν	ὁ	RA	----ASF-
John 12:7	ἡμέραν	ἡμέρα	N-	----ASF-
John 12:7	τοῦ	ὁ	RA	----GSM-
John 12:7	ἐνταφιασμοῦ	ἐνταφιασμός	N-	----GSM-
John 12:7	μου	ἐγώ	RP	----GS--
John 12:7	τηρήσῃ	τηρέω	V-	3AAS-S--
John 12:7	αὐτό	αὐτός	RP	----ASN-
John 12:8	τοὺς	ὁ	RA	----APM-
John 12:8	πτωχοὺς	πτωχός	A-	----APM-
John 12:8	γὰρ	γάρ	C-	--------
John 12:8	πάντοτε	πάντοτε	D-	--------
John 12:8	ἔχετε	ἔχω	V-	2PAI-P--
John 12:8	μεθ’	μετά	P-	--------
John 12:8	ἑαυτῶν	ἑαυτοῦ	RP	----GPM-
John 12:8	ἐμὲ	ἐγώ	RP	----AS--
John 12:8	δὲ	δέ	C-	--------
John 12:8	οὐ	οὐ	D-	--------
John 12:8	πάντοτε	πάντοτε	D-	--------
John 12:8	ἔχετε	ἔχω	V-	2PAI-P--
John 12:9	Ἔγνω	γινώσκω	V-	3AAI-S--
John 12:9	οὖν	οὖν	C-	--------
John 12:9	ὄχλος	ὄχλος	N-	----NSM-
John 12:9	πολὺς	πολύς	A-	----NSM-
John 12:9	ἐκ	ἐκ	P-	--------
John 12:9	τῶν	ὁ	RA	----GPM-
John 12:9	Ἰουδαίων	Ἰουδαῖος	A-	----GPM-
John 12:9	ὅτι	ὅτι	C-	--------
John 12:9	ἐκεῖ	ἐκεῖ	D-	--------
John 12:9	ἐστιν	εἰμί	V-	3PAI-S--
John 12:9	καὶ	καί	C-	--------
John 12:9	ἦλθον	ἔρχομαι	V-	3AAI-P--
John 12:9	οὐ	οὐ	D-	--------
John 12:9	διὰ	διά	P-	--------
John 12:9	τὸν	ὁ	RA	----ASM-
John 12:9	Ἰησοῦν	Ἰησοῦς	N-	----ASM-
John 12:9	μόνον	μόνος	A-	----ASM-
John 12:9	ἀλλ’	ἀλλά	C-	--------
John 12:9	ἵνα	ἵνα	C-	--------
John 12:9	καὶ	καί	D-	--------
John 12:9	τὸν	ὁ	RA	----ASM-
John 12:9	Λάζαρον	Λάζαρος	N-	----ASM-
John 12:9	ἴδωσιν	ὁράω	V-	3AAS-P--
John 12:9	ὃν	ὅς	RR	----ASM-
John 12:9	ἤγειρεν	ἐγείρω	V-	3AAI-S--
John 12:9	ἐκ	ἐκ	P-	--------
John 12:9	νεκρῶν	νεκρός	A-	----GPM-
John 12:10	ἐβουλεύσαντο	βουλεύομαι	V-	3AMI-P--
John 12:10	δὲ	δέ	C-	--------
John 12:10	οἱ	ὁ	RA	----NPM-
John 12:10	ἀρχιερεῖς	ἀρχιερεύς	N-	----NPM-
John 12:10	ἵνα	ἵνα	C-	--------
John 12:10	καὶ	καί	D-	--------
John 12:10	τὸν	ὁ	RA	----ASM-
John 12:10	Λάζαρον	Λάζαρος	N-	----ASM-
John 12:10	ἀποκτείνωσιν	ἀποκτείνω	V-	3AAS-P--
John 12:11	ὅτι	ὅτι	C-	--------
John 12:11	πολλοὶ	πολύς	A-	----NPM-
John 12:11	δι’	διά	P-	--------
John 12:11	αὐτὸν	αὐτός	RP	----ASM-
John 12:11	ὑπῆγον	ὑπάγω	V-	3IAI-P--
John 12:11	τῶν	ὁ	RA	----GPM-
John 12:11	Ἰουδαίων	Ἰουδαῖος	A-	----GPM-
John 12:11	καὶ	καί	C-	--------
John 12:11	ἐπίστευον	πιστεύω	V-	3IAI-P--
John 12:11	εἰς	εἰς	P-	--------
John 12:11	τὸν	ὁ	RA	----ASM-
John 12:11	Ἰησοῦν	Ἰησοῦς	N-	----ASM-
John 12:12	Τῇ	ὁ	RA	----DSF-
John 12:12	ἐπαύριον	ἐπαύριον	D-	--------
John 12:12	ὁ	ὁ	RA	----NSM-
John 12:12	ὄχλος	ὄχλος	N-	----NSM-
John 12:12	πολὺς	πολύς	A-	----NSM-
John 12:12	ὁ	ὁ	RA	----NSM-
John 12:12	ἐλθὼν	ἔρχομαι	V-	-AAPNSM-
John 12:12	εἰς	εἰς	P-	--------
John 12:12	τὴν	ὁ	RA	----ASF-
John 12:12	ἑορτήν	ἑορτή	N-	----ASF-
John 12:12	ἀκούσαντες	ἀκούω	V-	-AAPNPM-
John 12:12	ὅτι	ὅτι	C-	--------
John 12:12	ἔρχεται	ἔρχομαι	V-	3PMI-S--
John 12:12	ὁ	ὁ	RA	----NSM-
John 12:12	Ἰησοῦς	Ἰησοῦς	N-	----NSM-
John 12:12	εἰς	εἰς	P-	--------
John 12:12	Ἱεροσόλυμα	Ἱεροσόλυμα	N-	----APN-
John 12:13	ἔλαβον	λαμβάνω	V-	3AAI-P--
John 12:13	τὰ	ὁ	RA	----APN-
John 12:13	βαΐα	βάϊον	N-	----APN-
John 12:13	τῶν	ὁ	RA	----GPM-
John 12:13	φοινίκων	φοῖνιξ	N-	----GPM-
John 12:13	καὶ	καί	C-	--------
John 12:13	ἐξῆλθον	ἐξέρχομαι	V-	3AAI-P--
John 12:13	εἰς	εἰς	P-	--------
John 12:13	ὑπάντησιν	ὑπάντησις	N-	----ASF-
John 12:13	αὐτῷ	αὐτός	RP	----DSM-
John 12:13	καὶ	καί	C-	--------
John 12:13	ἐκραύγαζον	κραυγάζω	V-	3IAI-P--
John 12:13	Ὡσαννά	ὡσαννά	X-	--------
John 12:13	εὐλογημένος	εὐλογέω	V-	-XPPNSM-
John 12:13	ὁ	ὁ	RA	----NSM-
John 12:13	ἐρχόμενος	ἔρχομαι	V-	-PMPNSM-
John 12:13	ἐν	ἐν	P-	--------
John 12:13	ὀνόματι	ὄνομα	N-	----DSN-
John 12:13	κυρίου	κύριος	N-	----GSM-
John 12:13	καὶ	καί	C-	--------
John 12:13	ὁ	ὁ	RA	----NSM-
John 12:13	βασιλεὺς	βασιλεύς	N-	----NSM-
John 12:13	τοῦ	ὁ	RA	----GSM-
John 12:13	Ἰσραήλ	Ἰσραήλ	N-	----GSM-
John 12:14	εὑρὼν	εὑρίσκω	V-	-AAPNSM-
John 12:14	δὲ	δέ	C-	--------
John 12:14	ὁ	ὁ	RA	----NSM-
John 12:14	Ἰησοῦς	Ἰησοῦς	N-	----NSM-
John 12:14	ὀνάριον	ὀνάριον	N-	----ASN-
John 12:14	ἐκάθισεν	καθίζω	V-	3AAI-S--
John 12:14	ἐπ’	ἐπί	P-	--------
John 12:14	αὐτό	αὐτός	RP	----ASN-
John 12:14	καθώς	καθώς	C-	--------
John 12:14	ἐστιν	εἰμί	V-	3PAI-S--
John 12:14	γεγραμμένον	γράφω	V-	-XPPNSN-
John 12:15	Μὴ	μή	D-	--------
John 12:15	φοβοῦ	φοβέομαι	V-	2PMD-S--
John 12:15	θυγάτηρ	θυγάτηρ	N-	----VSF-
John 12:15	Σιών	Σιών	N-	----GSF-
John 12:15	ἰδοὺ	ἰδού	X-	--------
John 12:15	ὁ	ὁ	RA	----NSM-
John 12:15	βασιλεύς	βασιλεύς	N-	----NSM-
John 12:15	σου	σύ	RP	----GS--
John 12:15	ἔρχεται	ἔρχομαι	V-	3PMI-S--
John 12:15	καθήμενος	κάθημαι	V-	-PMPNSM-
John 12:15	ἐπὶ	ἐπί	P-	--------
John 12:15	πῶλον	πῶλος	N-	----ASM-
John 12:15	ὄνου	ὄνος	N-	----GSF-
John 12:16	ταῦτα	οὗτος	RD	----APN-
John 12:16	οὐκ	οὐ	D-	--------
John 12:16	ἔγνωσαν	γινώσκω	V-	3AAI-P--
John 12:16	αὐτοῦ	αὐτός	RP	----GSM-
John 12:16	οἱ	ὁ	RA	----NPM-
John 12:16	μαθηταὶ	μαθητής	N-	----NPM-
John 12:16	τὸ	ὁ	RA	----ASN-
John 12:16	πρῶτον	πρῶτος	A-	----ASN-
John 12:16	ἀλλ’	ἀλλά	C-	--------
John 12:16	ὅτε	ὅτε	C-	--------
John 12:16	ἐδοξάσθη	δοξάζω	V-	3API-S--
John 12:16	Ἰησοῦς	Ἰησοῦς	N-	----NSM-
John 12:16	τότε	τότε	D-	--------
John 12:16	ἐμνήσθησαν	μιμνῄσκομαι	V-	3API-P--
John 12:16	ὅτι	ὅτι	C-	--------
John 12:16	ταῦτα	οὗτος	RD	----NPN-
John 12:16	ἦν	εἰμί	V-	3IAI-S--
John 12:16	ἐπ’	ἐπί	P-	--------
John 12:16	αὐτῷ	αὐτός	RP	----DSM-
John 12:16	γεγραμμένα	γράφω	V-	-XPPNPN-
John 12:16	καὶ	καί	C-	--------
John 12:16	ταῦτα	οὗτος	RD	----APN-
John 12:16	ἐποίησαν	ποιέω	V-	3AAI-P--
John 12:16	αὐτῷ	αὐτός	RP	----DSM-
John 12:17	ἐμαρτύρει	μαρτυρέω	V-	3IAI-S--
John 12:17	οὖν	οὖν	C-	--------
John 12:17	ὁ	ὁ	RA	----NSM-
John 12:17	ὄχλος	ὄχλος	N-	----NSM-
John 12:17	ὁ	ὁ	RA	----NSM-
John 12:17	ὢν	εἰμί	V-	-PAPNSM-
John 12:17	μετ’	μετά	P-	--------
John 12:17	αὐτοῦ	αὐτός	RP	----GSM-
John 12:17	ὅτε	ὅτε	C-	--------
John 12:17	τὸν	ὁ	RA	----ASM-
John 12:17	Λάζαρον	Λάζαρος	N-	----ASM-
John 12:17	ἐφώνησεν	φωνέω	V-	3AAI-S--
John 12:17	ἐκ	ἐκ	P-	--------
John 12:17	τοῦ	ὁ	RA	----GSN-
John 12:17	μνημείου	μνημεῖον	N-	----GSN-
John 12:17	καὶ	καί	C-	--------
John 12:17	ἤγειρεν	ἐγείρω	V-	3AAI-S--
John 12:17	αὐτὸν	αὐτός	RP	----ASM-
John 12:17	ἐκ	ἐκ	P-	--------
John 12:17	νεκρῶν	νεκρός	A-	----GPM-
John 12:18	διὰ	διά	P-	--------
John 12:18	τοῦτο	οὗτος	RD	----ASN-
John 12:18	καὶ	καί	D-	--------
John 12:18	ὑπήντησεν	ὑπαντάω	V-	3AAI-S--
John 12:18	αὐτῷ	αὐτός	RP	----DSM-
John 12:18	ὁ	ὁ	RA	----NSM-
John 12:18	ὄχλος	ὄχλος	N-	----NSM-
John 12:18	ὅτι	ὅτι	C-	--------
John 12:18	ἤκουσαν	ἀκούω	V-	3AAI-P--
John 12:18	τοῦτο	οὗτος	RD	----ASN-
John 12:18	αὐτὸν	αὐτός	RP	----ASM-
John 12:18	πεποιηκέναι	ποιέω	V-	-XAN----
John 12:18	τὸ	ὁ	RA	----ASN-
John 12:18	σημεῖον	σημεῖον	N-	----ASN-
John 12:19	οἱ	ὁ	RA	----NPM-
John 12:19	οὖν	οὖν	C-	--------
John 12:19	Φαρισαῖοι	Φαρισαῖος	N-	----NPM-
John 12:19	εἶπαν	λέγω	V-	3AAI-P--
John 12:19	πρὸς	πρός	P-	--------
John 12:19	ἑαυτούς	ἑαυτοῦ	RP	----APM-
John 12:19	Θεωρεῖτε	θεωρέω	V-	2PAI-P--
John 12:19	ὅτι	ὅτι	C-	--------
John 12:19	οὐκ	οὐ	D-	--------
John 12:19	ὠφελεῖτε	ὠφελέω	V-	2PAI-P--
John 12:19	οὐδέν	οὐδείς	A-	----ASN-
John 12:19	ἴδε	ἴδε	X-	--------
John 12:19	ὁ	ὁ	RA	----NSM-
John 12:19	κόσμος	κόσμος	N-	----NSM-
John 12:19	ὀπίσω	ὀπίσω	P-	--------
John 12:19	αὐτοῦ	αὐτός	RP	----GSM-
John 12:19	ἀπῆλθεν	ἀπέρχομαι	V-	3AAI-S--
John 12:20	Ἦσαν	εἰμί	V-	3IAI-P--
John 12:20	δὲ	δέ	C-	--------
John 12:20	Ἕλληνές	Ἕλλην	N-	----NPM-
John 12:20	τινες	τις	RI	----NPM-
John 12:20	ἐκ	ἐκ	P-	--------
John 12:20	τῶν	ὁ	RA	----GPM-
John 12:20	ἀναβαινόντων	ἀναβαίνω	V-	-PAPGPM-
John 12:20	ἵνα	ἵνα	C-	--------
John 12:20	προσκυνήσωσιν	προσκυνέω	V-	3AAS-P--
John 12:20	ἐν	ἐν	P-	--------
John 12:20	τῇ	ὁ	RA	----DSF-
John 12:20	ἑορτῇ	ἑορτή	N-	----DSF-
John 12:21	οὗτοι	οὗτος	RD	----NPM-
John 12:21	οὖν	οὖν	C-	--------
John 12:21	προσῆλθον	προσέρχομαι	V-	3AAI-P--
John 12:21	Φιλίππῳ	Φίλιππος	N-	----DSM-
John 12:21	τῷ	ὁ	RA	----DSM-
John 12:21	ἀπὸ	ἀπό	P-	--------
John 12:21	Βηθσαϊδὰ	Βηθσαϊδά	N-	----GSF-
John 12:21	τῆς	ὁ	RA	----GSF-
John 12:21	Γαλιλαίας	Γαλιλαία	N-	----GSF-
John 12:21	καὶ	καί	C-	--------
John 12:21	ἠρώτων	ἐρωτάω	V-	3IAI-P--
John 12:21	αὐτὸν	αὐτός	RP	----ASM-
John 12:21	λέγοντες	λέγω	V-	-PAPNPM-
John 12:21	Κύριε	κύριος	N-	----VSM-
John 12:21	θέλομεν	θέλω	V-	1PAI-P--
John 12:21	τὸν	ὁ	RA	----ASM-
John 12:21	Ἰησοῦν	Ἰησοῦς	N-	----ASM-
John 12:21	ἰδεῖν	ὁράω	V-	-AAN----
John 12:22	ἔρχεται	ἔρχομαι	V-	3PMI-S--
John 12:22	ὁ	ὁ	RA	----NSM-
John 12:22	Φίλιππος	Φίλιππος	N-	----NSM-
John 12:22	καὶ	καί	C-	--------
John 12:22	λέγει	λέγω	V-	3PAI-S--
John 12:22	τῷ	ὁ	RA	----DSM-
John 12:22	Ἀνδρέᾳ	Ἀνδρέας	N-	----DSM-
John 12:22	ἔρχεται	ἔρχομαι	V-	3PMI-S--
John 12:22	Ἀνδρέας	Ἀνδρέας	N-	----NSM-
John 12:22	καὶ	καί	C-	--------
John 12:22	Φίλιππος	Φίλιππος	N-	----NSM-
John 12:22	καὶ	καί	C-	--------
John 12:22	λέγουσιν	λέγω	V-	3PAI-P--
John 12:22	τῷ	ὁ	RA	----DSM-
John 12:22	Ἰησοῦ	Ἰησοῦς	N-	----DSM-
John 12:23	ὁ	ὁ	RA	----NSM-
John 12:23	δὲ	δέ	C-	--------
John 12:23	Ἰησοῦς	Ἰησοῦς	N-	----NSM-
John 12:23	ἀποκρίνεται	ἀποκρίνομαι	V-	3PMI-S--
John 12:23	αὐτοῖς	αὐτός	RP	----DPM-
John 12:23	λέγων	λέγω	V-	-PAPNSM-
John 12:23	Ἐλήλυθεν	ἔρχομαι	V-	3XAI-S--
John 12:23	ἡ	ὁ	RA	----NSF-
John 12:23	ὥρα	ὥρα	N-	----NSF-
John 12:23	ἵνα	ἵνα	C-	--------
John 12:23	δοξασθῇ	δοξάζω	V-	3APS-S--
John 12:23	ὁ	ὁ	RA	----NSM-
John 12:23	υἱὸς	υἱός	N-	----NSM-
John 12:23	τοῦ	ὁ	RA	----GSM-
John 12:23	ἀνθρώπου	ἄνθρωπος	N-	----GSM-
John 12:24	ἀμὴν	ἀμήν	X-	--------
John 12:24	ἀμὴν	ἀμήν	X-	--------
John 12:24	λέγω	λέγω	V-	1PAI-S--
John 12:24	ὑμῖν	σύ	RP	----DP--
John 12:24	ἐὰν	ἐάν	C-	--------
John 12:24	μὴ	μή	D-	--------
John 12:24	ὁ	ὁ	RA	----NSM-
John 12:24	κόκκος	κόκκος	N-	----NSM-
John 12:24	τοῦ	ὁ	RA	----GSM-
John 12:24	σίτου	σῖτος	N-	----GSM-
John 12:24	πεσὼν	πίπτω	V-	-AAPNSM-
John 12:24	εἰς	εἰς	P-	--------
John 12:24	τὴν	ὁ	RA	----ASF-
John 12:24	γῆν	γῆ	N-	----ASF-
John 12:24	ἀποθάνῃ	ἀποθνῄσκω	V-	3AAS-S--
John 12:24	αὐτὸς	αὐτός	RP	----NSM-
John 12:24	μόνος	μόνος	A-	----NSM-
John 12:24	μένει	μένω	V-	3PAI-S--
John 12:24	ἐὰν	ἐάν	C-	--------
John 12:24	δὲ	δέ	C-	--------
John 12:24	ἀποθάνῃ	ἀποθνῄσκω	V-	3AAS-S--
John 12:24	πολὺν	πολύς	A-	----ASM-
John 12:24	καρπὸν	καρπός	N-	----ASM-
John 12:24	φέρει	φέρω	V-	3PAI-S--
John 12:25	ὁ	ὁ	RA	----NSM-
John 12:25	φιλῶν	φιλέω	V-	-PAPNSM-
John 12:25	τὴν	ὁ	RA	----ASF-
John 12:25	ψυχὴν	ψυχή	N-	----ASF-
John 12:25	αὐτοῦ	αὐτός	RP	----GSM-
John 12:25	ἀπολλύει	ἀπόλλυμι	V-	3PAI-S--
John 12:25	αὐτήν	αὐτός	RP	----ASF-
John 12:25	καὶ	καί	C-	--------
John 12:25	ὁ	ὁ	RA	----NSM-
John 12:25	μισῶν	μισέω	V-	-PAPNSM-
John 12:25	τὴν	ὁ	RA	----ASF-
John 12:25	ψυχὴν	ψυχή	N-	----ASF-
John 12:25	αὐτοῦ	αὐτός	RP	----GSM-
John 12:25	ἐν	ἐν	P-	--------
John 12:25	τῷ	ὁ	RA	----DSM-
John 12:25	κόσμῳ	κόσμος	N-	----DSM-
John 12:25	τούτῳ	οὗτος	RD	----DSM-
John 12:25	εἰς	εἰς	P-	--------
John 12:25	ζωὴν	ζωή	N-	----ASF-
John 12:25	αἰώνιον	αἰώνιος	A-	----ASF-
John 12:25	φυλάξει	φυλάσσω	V-	3FAI-S--
John 12:25	αὐτήν	αὐτός	RP	----ASF-
John 12:26	ἐὰν	ἐάν	C-	--------
John 12:26	ἐμοί	ἐγώ	RP	----DS--
John 12:26	τις	τις	RI	----NSM-
John 12:26	διακονῇ	διακονέω	V-	3PAS-S--
John 12:26	ἐμοὶ	ἐγώ	RP	----DS--
John 12:26	ἀκολουθείτω	ἀκολουθέω	V-	3PAD-S--
John 12:26	καὶ	καί	C-	--------
John 12:26	ὅπου	ὅπου	C-	--------
John 12:26	εἰμὶ	εἰμί	V-	1PAI-S--
John 12:26	ἐγὼ	ἐγώ	RP	----NS--
John 12:26	ἐκεῖ	ἐκεῖ	D-	--------
John 12:26	καὶ	καί	D-	--------
John 12:26	ὁ	ὁ	RA	----NSM-
John 12:26	διάκονος	διάκονος	N-	----NSM-
John 12:26	ὁ	ὁ	RA	----NSM-
John 12:26	ἐμὸς	ἐμός	A-	----NSM-
John 12:26	ἔσται	εἰμί	V-	3FMI-S--
John 12:26	ἐάν	ἐάν	C-	--------
John 12:26	τις	τις	RI	----NSM-
John 12:26	ἐμοὶ	ἐγώ	RP	----DS--
John 12:26	διακονῇ	διακονέω	V-	3PAS-S--
John 12:26	τιμήσει	τιμάω	V-	3FAI-S--
John 12:26	αὐτὸν	αὐτός	RP	----ASM-
John 12:26	ὁ	ὁ	RA	----NSM-
John 12:26	πατήρ	πατήρ	N-	----NSM-
John 12:27	Νῦν	νῦν	D-	--------
John 12:27	ἡ	ὁ	RA	----NSF-
John 12:27	ψυχή	ψυχή	N-	----NSF-
John 12:27	μου	ἐγώ	RP	----GS--
John 12:27	τετάρακται	ταράσσω	V-	3XPI-S--
John 12:27	καὶ	καί	C-	--------
John 12:27	τί	τίς	RI	----ASN-
John 12:27	εἴπω	λέγω	V-	1AAS-S--
John 12:27	πάτερ	πατήρ	N-	----VSM-
John 12:27	σῶσόν	σῴζω	V-	2AAD-S--
John 12:27	με	ἐγώ	RP	----AS--
John 12:27	ἐκ	ἐκ	P-	--------
John 12:27	τῆς	ὁ	RA	----GSF-
John 12:27	ὥρας	ὥρα	N-	----GSF-
John 12:27	ταύτης	οὗτος	RD	----GSF-
John 12:27	ἀλλὰ	ἀλλά	C-	--------
John 12:27	διὰ	διά	P-	--------
John 12:27	τοῦτο	οὗτος	RD	----ASN-
John 12:27	ἦλθον	ἔρχομαι	V-	1AAI-S--
John 12:27	εἰς	εἰς	P-	--------
John 12:27	τὴν	ὁ	RA	----ASF-
John 12:27	ὥραν	ὥρα	N-	----ASF-
John 12:27	ταύτην	οὗτος	RD	----ASF-
John 12:28	πάτερ	πατήρ	N-	----VSM-
John 12:28	δόξασόν	δοξάζω	V-	2AAD-S--
John 12:28	σου	σύ	RP	----GS--
John 12:28	τὸ	ὁ	RA	----ASN-
John 12:28	ὄνομα	ὄνομα	N-	----ASN-
John 12:28	ἦλθεν	ἔρχομαι	V-	3AAI-S--
John 12:28	οὖν	οὖν	C-	--------
John 12:28	φωνὴ	φωνή	N-	----NSF-
John 12:28	ἐκ	ἐκ	P-	--------
John 12:28	τοῦ	ὁ	RA	----GSM-
John 12:28	οὐρανοῦ	οὐρανός	N-	----GSM-
John 12:28	Καὶ	καί	C-	--------
John 12:28	ἐδόξασα	δοξάζω	V-	1AAI-S--
John 12:28	καὶ	καί	C-	--------
John 12:28	πάλιν	πάλιν	D-	--------
John 12:28	δοξάσω	δοξάζω	V-	1FAI-S--
John 12:29	ὁ	ὁ	RA	----NSM-
John 12:29	οὖν	οὖν	C-	--------
John 12:29	ὄχλος	ὄχλος	N-	----NSM-
John 12:29	ὁ	ὁ	RA	----NSM-
John 12:29	ἑστὼς	ἵστημι	V-	-XAPNSM-
John 12:29	καὶ	καί	C-	--------
John 12:29	ἀκούσας	ἀκούω	V-	-AAPNSM-
John 12:29	ἔλεγεν	λέγω	V-	3IAI-S--
John 12:29	βροντὴν	βροντή	N-	----ASF-
John 12:29	γεγονέναι	γίνομαι	V-	-XAN----
John 12:29	ἄλλοι	ἄλλος	A-	----NPM-
John 12:29	ἔλεγον	λέγω	V-	3IAI-P--
John 12:29	Ἄγγελος	ἄγγελος	N-	----NSM-
John 12:29	αὐτῷ	αὐτός	RP	----DSM-
John 12:29	λελάληκεν	λαλέω	V-	3XAI-S--
John 12:30	ἀπεκρίθη	ἀποκρίνομαι	V-	3API-S--
John 12:30	Ἰησοῦς	Ἰησοῦς	N-	----NSM-
John 12:30	καὶ	καί	C-	--------
John 12:30	εἶπεν	λέγω	V-	3AAI-S--
John 12:30	Οὐ	οὐ	D-	--------
John 12:30	δι’	διά	P-	--------
John 12:30	ἐμὲ	ἐγώ	RP	----AS--
John 12:30	ἡ	ὁ	RA	----NSF-
John 12:30	φωνὴ	φωνή	N-	----NSF-
John 12:30	αὕτη	οὗτος	RD	----NSF-
John 12:30	γέγονεν	γίνομαι	V-	3XAI-S--
John 12:30	ἀλλὰ	ἀλλά	C-	--------
John 12:30	δι’	διά	P-	--------
John 12:30	ὑμᾶς	σύ	RP	----AP--
John 12:31	νῦν	νῦν	D-	--------
John 12:31	κρίσις	κρίσις	N-	----NSF-
John 12:31	ἐστὶν	εἰμί	V-	3PAI-S--
John 12:31	τοῦ	ὁ	RA	----GSM-
John 12:31	κόσμου	κόσμος	N-	----GSM-
John 12:31	τούτου	οὗτος	RD	----GSM-
John 12:31	νῦν	νῦν	D-	--------
John 12:31	ὁ	ὁ	RA	----NSM-
John 12:31	ἄρχων	ἄρχων	N-	----NSM-
John 12:31	τοῦ	ὁ	RA	----GSM-
John 12:31	κόσμου	κόσμος	N-	----GSM-
John 12:31	τούτου	οὗτος	RD	----GSM-
John 12:31	ἐκβληθήσεται	ἐκβάλλω	V-	3FPI-S--
John 12:31	ἔξω	ἔξω	D-	--------
John 12:32	κἀγὼ	κἀγώ	RP	----NS--
John 12:32	ἐὰν	ἐάν	C-	--------
John 12:32	ὑψωθῶ	ὑψόω	V-	1APS-S--
John 12:32	ἐκ	ἐκ	P-	--------
John 12:32	τῆς	ὁ	RA	----GSF-
John 12:32	γῆς	γῆ	N-	----GSF-
John 12:32	πάντας	πᾶς	A-	----APM-
John 12:32	ἑλκύσω	ἕλκω	V-	1FAI-S--
John 12:32	πρὸς	πρός	P-	--------
John 12:32	ἐμαυτόν	ἐμαυτοῦ	RP	----ASM-
John 12:33	τοῦτο	οὗτος	RD	----ASN-
John 12:33	δὲ	δέ	C-	--------
John 12:33	ἔλεγεν	λέγω	V-	3IAI-S--
John 12:33	σημαίνων	σημαίνω	V-	-PAPNSM-
John 12:33	ποίῳ	ποῖος	RI	----DSM-
John 12:33	θανάτῳ	θάνατος	N-	----DSM-
John 12:33	ἤμελλεν	μέλλω	V-	3IAI-S--
John 12:33	ἀποθνῄσκειν	ἀποθνῄσκω	V-	-PAN----
John 12:34	ἀπεκρίθη	ἀποκρίνομαι	V-	3API-S--
John 12:34	οὖν	οὖν	C-	--------
John 12:34	αὐτῷ	αὐτός	RP	----DSM-
John 12:34	ὁ	ὁ	RA	----NSM-
John 12:34	ὄχλος	ὄχλος	N-	----NSM-
John 12:34	Ἡμεῖς	ἐγώ	RP	----NP--
John 12:34	ἠκούσαμεν	ἀκούω	V-	1AAI-P--
John 12:34	ἐκ	ἐκ	P-	--------
John 12:34	τοῦ	ὁ	RA	----GSM-
John 12:34	νόμου	νόμος	N-	----GSM-
John 12:34	ὅτι	ὅτι	C-	--------
John 12:34	ὁ	ὁ	RA	----NSM-
John 12:34	χριστὸς	Χριστός	N-	----NSM-
John 12:34	μένει	μένω	V-	3PAI-S--
John 12:34	εἰς	εἰς	P-	--------
John 12:34	τὸν	ὁ	RA	----ASM-
John 12:34	αἰῶνα	αἰών	N-	----ASM-
John 12:34	καὶ	καί	C-	--------
John 12:34	πῶς	πῶς	D-	--------
John 12:34	λέγεις	λέγω	V-	2PAI-S--
John 12:34	σὺ	σύ	RP	----NS--
John 12:34	ὅτι	ὅτι	C-	--------
John 12:34	δεῖ	δέω	V-	3PAI-S--
John 12:34	ὑψωθῆναι	ὑψόω	V-	-APN----
John 12:34	τὸν	ὁ	RA	----ASM-
John 12:34	υἱὸν	υἱός	N-	----ASM-
John 12:34	τοῦ	ὁ	RA	----GSM-
John 12:34	ἀνθρώπου	ἄνθρωπος	N-	----GSM-
John 12:34	τίς	τίς	RI	----NSM-
John 12:34	ἐστιν	εἰμί	V-	3PAI-S--
John 12:34	οὗτος	οὗτος	RD	----NSM-
John 12:34	ὁ	ὁ	RA	----NSM-
John 12:34	υἱὸς	υἱός	N-	----NSM-
John 12:34	τοῦ	ὁ	RA	----GSM-
John 12:34	ἀνθρώπου	ἄνθρωπος	N-	----GSM-
John 12:35	εἶπεν	λέγω	V-	3AAI-S--
John 12:35	οὖν	οὖν	C-	--------
John 12:35	αὐτοῖς	αὐτός	RP	----DPM-
John 12:35	ὁ	ὁ	RA	----NSM-
John 12:35	Ἰησοῦς	Ἰησοῦς	N-	----NSM-
John 12:35	Ἔτι	ἔτι	D-	--------
John 12:35	μικρὸν	μικρός	A-	----ASM-
John 12:35	χρόνον	χρόνος	N-	----ASM-
John 12:35	τὸ	ὁ	RA	----NSN-
John 12:35	φῶς	φῶς	N-	----NSN-
John 12:35	ἐν	ἐν	P-	--------
John 12:35	ὑμῖν	σύ	RP	----DP--
John 12:35	ἐστιν	εἰμί	V-	3PAI-S--
John 12:35	περιπατεῖτε	περιπατέω	V-	2PAD-P--
John 12:35	ὡς	ὡς	C-	--------
John 12:35	τὸ	ὁ	RA	----ASN-
John 12:35	φῶς	φῶς	N-	----ASN-
John 12:35	ἔχετε	ἔχω	V-	2PAI-P--
John 12:35	ἵνα	ἵνα	C-	--------
John 12:35	μὴ	μή	D-	--------
John 12:35	σκοτία	σκοτία	N-	----NSF-
John 12:35	ὑμᾶς	σύ	RP	----AP--
John 12:35	καταλάβῃ	καταλαμβάνω	V-	3AAS-S--
John 12:35	καὶ	καί	C-	--------
John 12:35	ὁ	ὁ	RA	----NSM-
John 12:35	περιπατῶν	περιπατέω	V-	-PAPNSM-
John 12:35	ἐν	ἐν	P-	--------
John 12:35	τῇ	ὁ	RA	----DSF-
John 12:35	σκοτίᾳ	σκοτία	N-	----DSF-
John 12:35	οὐκ	οὐ	D-	--------
John 12:35	οἶδεν	οἶδα	V-	3XAI-S--
John 12:35	ποῦ	ποῦ	D-	--------
John 12:35	ὑπάγει	ὑπάγω	V-	3PAI-S--
John 12:36	ὡς	ὡς	C-	--------
John 12:36	τὸ	ὁ	RA	----ASN-
John 12:36	φῶς	φῶς	N-	----ASN-
John 12:36	ἔχετε	ἔχω	V-	2PAI-P--
John 12:36	πιστεύετε	πιστεύω	V-	2PAD-P--
John 12:36	εἰς	εἰς	P-	--------
John 12:36	τὸ	ὁ	RA	----ASN-
John 12:36	φῶς	φῶς	N-	----ASN-
John 12:36	ἵνα	ἵνα	C-	--------
John 12:36	υἱοὶ	υἱός	N-	----NPM-
John 12:36	φωτὸς	φῶς	N-	----GSN-
John 12:36	γένησθε	γίνομαι	V-	2AMS-P--
John 12:36	Ταῦτα	οὗτος	RD	----APN-
John 12:36	ἐλάλησεν	λαλέω	V-	3AAI-S--
John 12:36	Ἰησοῦς	Ἰησοῦς	N-	----NSM-
John 12:36	καὶ	καί	C-	--------
John 12:36	ἀπελθὼν	ἀπέρχομαι	V-	-AAPNSM-
John 12:36	ἐκρύβη	κρύπτω	V-	3API-S--
John 12:36	ἀπ’	ἀπό	P-	--------
John 12:36	αὐτῶν	αὐτός	RP	----GPM-
John 12:37	τοσαῦτα	τοσοῦτος	RD	----APN-
John 12:37	δὲ	δέ	C-	--------
John 12:37	αὐτοῦ	αὐτός	RP	----GSM-
John 12:37	σημεῖα	σημεῖον	N-	----APN-
John 12:37	πεποιηκότος	ποιέω	V-	-XAPGSM-
John 12:37	ἔμπροσθεν	ἔμπροσθεν	P-	--------
John 12:37	αὐτῶν	αὐτός	RP	----GPM-
John 12:37	οὐκ	οὐ	D-	--------
John 12:37	ἐπίστευον	πιστεύω	V-	3IAI-P--
John 12:37	εἰς	εἰς	P-	--------
John 12:37	αὐτόν	αὐτός	RP	----ASM-
John 12:38	ἵνα	ἵνα	C-	--------
John 12:38	ὁ	ὁ	RA	----NSM-
John 12:38	λόγος	λόγος	N-	----NSM-
John 12:38	Ἠσαΐου	Ἠσαΐας	N-	----GSM-
John 12:38	τοῦ	ὁ	RA	----GSM-
John 12:38	προφήτου	προφήτης	N-	----GSM-
John 12:38	πληρωθῇ	πληρόω	V-	3APS-S--
John 12:38	ὃν	ὅς	RR	----ASM-
John 12:38	εἶπεν	λέγω	V-	3AAI-S--
John 12:38	Κύριε	κύριος	N-	----VSM-
John 12:38	τίς	τίς	RI	----NSM-
John 12:38	ἐπίστευσεν	πιστεύω	V-	3AAI-S--
John 12:38	τῇ	ὁ	RA	----DSF-
John 12:38	ἀκοῇ	ἀκοή	N-	----DSF-
John 12:38	ἡμῶν	ἐγώ	RP	----GP--
John 12:38	καὶ	καί	C-	--------
John 12:38	ὁ	ὁ	RA	----NSM-
John 12:38	βραχίων	βραχίων	N-	----NSM-
John 12:38	κυρίου	κύριος	N-	----GSM-
John 12:38	τίνι	τίς	RI	----DSM-
John 12:38	ἀπεκαλύφθη	ἀποκαλύπτω	V-	3API-S--
John 12:39	διὰ	διά	P-	--------
John 12:39	τοῦτο	οὗτος	RD	----ASN-
John 12:39	οὐκ	οὐ	D-	--------
John 12:39	ἠδύναντο	δύναμαι	V-	3IMI-P--
John 12:39	πιστεύειν	πιστεύω	V-	-PAN----
John 12:39	ὅτι	ὅτι	C-	--------
John 12:39	πάλιν	πάλιν	D-	--------
John 12:39	εἶπεν	λέγω	V-	3AAI-S--
John 12:39	Ἠσαΐας	Ἠσαΐας	N-	----NSM-
John 12:40	Τετύφλωκεν	τυφλόω	V-	3XAI-S--
John 12:40	αὐτῶν	αὐτός	RP	----GPM-
John 12:40	τοὺς	ὁ	RA	----APM-
John 12:40	ὀφθαλμοὺς	ὀφθαλμός	N-	----APM-
John 12:40	καὶ	καί	C-	--------
John 12:40	ἐπώρωσεν	πωρόω	V-	3AAI-S--
John 12:40	αὐτῶν	αὐτός	RP	----GPM-
John 12:40	τὴν	ὁ	RA	----ASF-
John 12:40	καρδίαν	καρδία	N-	----ASF-
John 12:40	ἵνα	ἵνα	C-	--------
John 12:40	μὴ	μή	D-	--------
John 12:40	ἴδωσιν	ὁράω	V-	3AAS-P--
John 12:40	τοῖς	ὁ	RA	----DPM-
John 12:40	ὀφθαλμοῖς	ὀφθαλμός	N-	----DPM-
John 12:40	καὶ	καί	C-	--------
John 12:40	νοήσωσιν	νοέω	V-	3AAS-P--
John 12:40	τῇ	ὁ	RA	----DSF-
John 12:40	καρδίᾳ	καρδία	N-	----DSF-
John 12:40	καὶ	καί	C-	--------
John 12:40	στραφῶσιν	στρέφω	V-	3APS-P--
John 12:40	καὶ	καί	C-	--------
John 12:40	ἰάσομαι	ἰάομαι	V-	1FMI-S--
John 12:40	αὐτούς	αὐτός	RP	----APM-
John 12:41	ταῦτα	οὗτος	RD	----APN-
John 12:41	εἶπεν	λέγω	V-	3AAI-S--
John 12:41	Ἠσαΐας	Ἠσαΐας	N-	----NSM-
John 12:41	ὅτι	ὅτι	C-	--------
John 12:41	εἶδεν	ὁράω	V-	3AAI-S--
John 12:41	τὴν	ὁ	RA	----ASF-
John 12:41	δόξαν	δόξα	N-	----ASF-
John 12:41	αὐτοῦ	αὐτός	RP	----GSM-
John 12:41	καὶ	καί	C-	--------
John 12:41	ἐλάλησεν	λαλέω	V-	3AAI-S--
John 12:41	περὶ	περί	P-	--------
John 12:41	αὐτοῦ	αὐτός	RP	----GSM-
John 12:42	ὅμως	ὅμως	D-	--------
John 12:42	μέντοι	μέντοι	C-	--------
John 12:42	καὶ	καί	D-	--------
John 12:42	ἐκ	ἐκ	P-	--------
John 12:42	τῶν	ὁ	RA	----GPM-
John 12:42	ἀρχόντων	ἄρχων	N-	----GPM-
John 12:42	πολλοὶ	πολύς	A-	----NPM-
John 12:42	ἐπίστευσαν	πιστεύω	V-	3AAI-P--
John 12:42	εἰς	εἰς	P-	--------
John 12:42	αὐτόν	αὐτός	RP	----ASM-
John 12:42	ἀλλὰ	ἀλλά	C-	--------
John 12:42	διὰ	διά	P-	--------
John 12:42	τοὺς	ὁ	RA	----APM-
John 12:42	Φαρισαίους	Φαρισαῖος	N-	----APM-
John 12:42	οὐχ	οὐ	D-	--------
John 12:42	ὡμολόγουν	ὁμολογέω	V-	3IAI-P--
John 12:42	ἵνα	ἵνα	C-	--------
John 12:42	μὴ	μή	D-	--------
John 12:42	ἀποσυνάγωγοι	ἀποσυνάγωγος	A-	----NPM-
John 12:42	γένωνται	γίνομαι	V-	3AMS-P--
John 12:43	ἠγάπησαν	ἀγαπάω	V-	3AAI-P--
John 12:43	γὰρ	γάρ	C-	--------
John 12:43	τὴν	ὁ	RA	----ASF-
John 12:43	δόξαν	δόξα	N-	----ASF-
John 12:43	τῶν	ὁ	RA	----GPM-
John 12:43	ἀνθρώπων	ἄνθρωπος	N-	----GPM-
John 12:43	μᾶλλον	μᾶλλον	D-	--------
John 12:43	ἤπερ	ἤπερ	C-	--------
John 12:43	τὴν	ὁ	RA	----ASF-
John 12:43	δόξαν	δόξα	N-	----ASF-
John 12:43	τοῦ	ὁ	RA	----GSM-
John 12:43	θεοῦ	θεός	N-	----GSM-
John 12:44	Ἰησοῦς	Ἰησοῦς	N-	----NSM-
John 12:44	δὲ	δέ	C-	--------
John 12:44	ἔκραξεν	κράζω	V-	3AAI-S--
John 12:44	καὶ	καί	C-	--------
John 12:44	εἶπεν	λέγω	V-	3AAI-S--
John 12:44	Ὁ	ὁ	RA	----NSM-
John 12:44	πιστεύων	πιστεύω	V-	-PAPNSM-
John 12:44	εἰς	εἰς	P-	--------
John 12:44	ἐμὲ	ἐγώ	RP	----AS--
John 12:44	οὐ	οὐ	D-	--------
John 12:44	πιστεύει	πιστεύω	V-	3PAI-S--
John 12:44	εἰς	εἰς	P-	--------
John 12:44	ἐμὲ	ἐγώ	RP	----AS--
John 12:44	ἀλλὰ	ἀλλά	C-	--------
John 12:44	εἰς	εἰς	P-	--------
John 12:44	τὸν	ὁ	RA	----ASM-
John 12:44	πέμψαντά	πέμπω	V-	-AAPASM-
John 12:44	με	ἐγώ	RP	----AS--
John 12:45	καὶ	καί	C-	--------
John 12:45	ὁ	ὁ	RA	----NSM-
John 12:45	θεωρῶν	θεωρέω	V-	-PAPNSM-
John 12:45	ἐμὲ	ἐγώ	RP	----AS--
John 12:45	θεωρεῖ	θεωρέω	V-	3PAI-S--
John 12:45	τὸν	ὁ	RA	----ASM-
John 12:45	πέμψαντά	πέμπω	V-	-AAPASM-
John 12:45	με	ἐγώ	RP	----AS--
John 12:46	ἐγὼ	ἐγώ	RP	----NS--
John 12:46	φῶς	φῶς	N-	----NSN-
John 12:46	εἰς	εἰς	P-	--------
John 12:46	τὸν	ὁ	RA	----ASM-
John 12:46	κόσμον	κόσμος	N-	----ASM-
John 12:46	ἐλήλυθα	ἔρχομαι	V-	1XAI-S--
John 12:46	ἵνα	ἵνα	C-	--------
John 12:46	πᾶς	πᾶς	A-	----NSM-
John 12:46	ὁ	ὁ	RA	----NSM-
John 12:46	πιστεύων	πιστεύω	V-	-PAPNSM-
John 12:46	εἰς	εἰς	P-	--------
John 12:46	ἐμὲ	ἐγώ	RP	----AS--
John 12:46	ἐν	ἐν	P-	--------
John 12:46	τῇ	ὁ	RA	----DSF-
John 12:46	σκοτίᾳ	σκοτία	N-	----DSF-
John 12:46	μὴ	μή	D-	--------
John 12:46	μείνῃ	μένω	V-	3AAS-S--
John 12:47	καὶ	καί	C-	--------
John 12:47	ἐάν	ἐάν	C-	--------
John 12:47	τίς	τις	RI	----NSM-
John 12:47	μου	ἐγώ	RP	----GS--
John 12:47	ἀκούσῃ	ἀκούω	V-	3AAS-S--
John 12:47	τῶν	ὁ	RA	----GPN-
John 12:47	ῥημάτων	ῥῆμα	N-	----GPN-
John 12:47	καὶ	καί	C-	--------
John 12:47	μὴ	μή	D-	--------
John 12:47	φυλάξῃ	φυλάσσω	V-	3AAS-S--
John 12:47	ἐγὼ	ἐγώ	RP	----NS--
John 12:47	οὐ	οὐ	D-	--------
John 12:47	κρίνω	κρίνω	V-	1PAI-S--
John 12:47	αὐτόν	αὐτός	RP	----ASM-
John 12:47	οὐ	οὐ	D-	--------
John 12:47	γὰρ	γάρ	C-	--------
John 12:47	ἦλθον	ἔρχομαι	V-	1AAI-S--
John 12:47	ἵνα	ἵνα	C-	--------
John 12:47	κρίνω	κρίνω	V-	1AAS-S--
John 12:47	τὸν	ὁ	RA	----ASM-
John 12:47	κόσμον	κόσμος	N-	----ASM-
John 12:47	ἀλλ’	ἀλλά	C-	--------
John 12:47	ἵνα	ἵνα	C-	--------
John 12:47	σώσω	σῴζω	V-	1AAS-S--
John 12:47	τὸν	ὁ	RA	----ASM-
John 12:47	κόσμον	κόσμος	N-	----ASM-
John 12:48	ὁ	ὁ	RA	----NSM-
John 12:48	ἀθετῶν	ἀθετέω	V-	-PAPNSM-
John 12:48	ἐμὲ	ἐγώ	RP	----AS--
John 12:48	καὶ	καί	C-	--------
John 12:48	μὴ	μή	D-	--------
John 12:48	λαμβάνων	λαμβάνω	V-	-PAPNSM-
John 12:48	τὰ	ὁ	RA	----APN-
John 12:48	ῥήματά	ῥῆμα	N-	----APN-
John 12:48	μου	ἐγώ	RP	----GS--
John 12:48	ἔχει	ἔχω	V-	3PAI-S--
John 12:48	τὸν	ὁ	RA	----ASM-
John 12:48	κρίνοντα	κρίνω	V-	-PAPASM-
John 12:48	αὐτόν	αὐτός	RP	----ASM-
John 12:48	ὁ	ὁ	RA	----NSM-
John 12:48	λόγος	λόγος	N-	----NSM-
John 12:48	ὃν	ὅς	RR	----ASM-
John 12:48	ἐλάλησα	λαλέω	V-	1AAI-S--
John 12:48	ἐκεῖνος	ἐκεῖνος	RD	----NSM-
John 12:48	κρινεῖ	κρίνω	V-	3FAI-S--
John 12:48	αὐτὸν	αὐτός	RP	----ASM-
John 12:48	ἐν	ἐν	P-	--------
John 12:48	τῇ	ὁ	RA	----DSF-
John 12:48	ἐσχάτῃ	ἔσχατος	A-	----DSF-
John 12:48	ἡμέρᾳ	ἡμέρα	N-	----DSF-
John 12:49	ὅτι	ὅτι	C-	--------
John 12:49	ἐγὼ	ἐγώ	RP	----NS--
John 12:49	ἐξ	ἐκ	P-	--------
John 12:49	ἐμαυτοῦ	ἐμαυτοῦ	RP	----GSM-
John 12:49	οὐκ	οὐ	D-	--------
John 12:49	ἐλάλησα	λαλέω	V-	1AAI-S--
John 12:49	ἀλλ’	ἀλλά	C-	--------
John 12:49	ὁ	ὁ	RA	----NSM-
John 12:49	πέμψας	πέμπω	V-	-AAPNSM-
John 12:49	με	ἐγώ	RP	----AS--
John 12:49	πατὴρ	πατήρ	N-	----NSM-
John 12:49	αὐτός	αὐτός	RP	----NSM-
John 12:49	μοι	ἐγώ	RP	----DS--
John 12:49	ἐντολὴν	ἐντολή	N-	----ASF-
John 12:49	δέδωκεν	δίδωμι	V-	3XAI-S--
John 12:49	τί	τίς	RI	----ASN-
John 12:49	εἴπω	λέγω	V-	1AAS-S--
John 12:49	καὶ	καί	C-	--------
John 12:49	τί	τίς	RI	----ASN-
John 12:49	λαλήσω	λαλέω	V-	1AAS-S--
John 12:50	καὶ	καί	C-	--------
John 12:50	οἶδα	οἶδα	V-	1XAI-S--
John 12:50	ὅτι	ὅτι	C-	--------
John 12:50	ἡ	ὁ	RA	----NSF-
John 12:50	ἐντολὴ	ἐντολή	N-	----NSF-
John 12:50	αὐτοῦ	αὐτός	RP	----GSM-
John 12:50	ζωὴ	ζωή	N-	----NSF-
John 12:50	αἰώνιός	αἰώνιος	A-	----NSF-
John 12:50	ἐστιν	εἰμί	V-	3PAI-S--
John 12:50	ἃ	ὅς	RR	----APN-
John 12:50	οὖν	οὖν	C-	--------
John 12:50	ἐγὼ	ἐγώ	RP	----NS--
John 12:50	λαλῶ	λαλέω	V-	1PAI-S--
John 12:50	καθὼς	καθώς	C-	--------
John 12:50	εἴρηκέν	λέγω	V-	3XAI-S--
John 12:50	μοι	ἐγώ	RP	----DS--
John 12:50	ὁ	ὁ	RA	----NSM-
John 12:50	πατήρ	πατήρ	N-	----NSM-
John 12:50	οὕτως	οὕτω(ς)	D-	--------
John 12:50	λαλῶ	λαλέω	V-	1PAI-S--
John 13:1	Πρὸ	πρό	P-	--------
John 13:1	δὲ	δέ	C-	--------
John 13:1	τῆς	ὁ	RA	----GSF-
John 13:1	ἑορτῆς	ἑορτή	N-	----GSF-
John 13:1	τοῦ	ὁ	RA	----GSN-
John 13:1	πάσχα	πάσχα	N-	----GSN-
John 13:1	εἰδὼς	ὁράω	V-	-XAPNSM-
John 13:1	ὁ	ὁ	RA	----NSM-
John 13:1	Ἰησοῦς	Ἰησοῦς	N-	----NSM-
John 13:1	ὅτι	ὅτι	C-	--------
John 13:1	ἦλθεν	ἔρχομαι	V-	3AAI-S--
John 13:1	αὐτοῦ	αὐτός	RP	----GSM-
John 13:1	ἡ	ὁ	RA	----NSF-
John 13:1	ὥρα	ὥρα	N-	----NSF-
John 13:1	ἵνα	ἵνα	C-	--------
John 13:1	μεταβῇ	μεταβαίνω	V-	3AAS-S--
John 13:1	ἐκ	ἐκ	P-	--------
John 13:1	τοῦ	ὁ	RA	----GSM-
John 13:1	κόσμου	κόσμος	N-	----GSM-
John 13:1	τούτου	οὗτος	RD	----GSM-
John 13:1	πρὸς	πρός	P-	--------
John 13:1	τὸν	ὁ	RA	----ASM-
John 13:1	πατέρα	πατήρ	N-	----ASM-
John 13:1	ἀγαπήσας	ἀγαπάω	V-	-AAPNSM-
John 13:1	τοὺς	ὁ	RA	----APM-
John 13:1	ἰδίους	ἴδιος	A-	----APM-
John 13:1	τοὺς	ὁ	RA	----APM-
John 13:1	ἐν	ἐν	P-	--------
John 13:1	τῷ	ὁ	RA	----DSM-
John 13:1	κόσμῳ	κόσμος	N-	----DSM-
John 13:1	εἰς	εἰς	P-	--------
John 13:1	τέλος	τέλος	N-	----ASN-
John 13:1	ἠγάπησεν	ἀγαπάω	V-	3AAI-S--
John 13:1	αὐτούς	αὐτός	RP	----APM-
John 13:2	καὶ	καί	C-	--------
John 13:2	δείπνου	δεῖπνον	N-	----GSN-
John 13:2	γινομένου	γίνομαι	V-	-PMPGSN-
John 13:2	τοῦ	ὁ	RA	----GSM-
John 13:2	διαβόλου	διάβολος	A-	----GSM-
John 13:2	ἤδη	ἤδη	D-	--------
John 13:2	βεβληκότος	βάλλω	V-	-XAPGSM-
John 13:2	εἰς	εἰς	P-	--------
John 13:2	τὴν	ὁ	RA	----ASF-
John 13:2	καρδίαν	καρδία	N-	----ASF-
John 13:2	ἵνα	ἵνα	C-	--------
John 13:2	παραδοῖ	παραδίδωμι	V-	3AAS-S--
John 13:2	αὐτὸν	αὐτός	RP	----ASM-
John 13:2	Ἰούδας	Ἰούδας	N-	----NSM-
John 13:2	Σίμωνος	Σίμων	N-	----GSM-
John 13:2	Ἰσκαριώτου	Ἰσκαριώτης	N-	----GSM-
John 13:3	εἰδὼς	ὁράω	V-	-XAPNSM-
John 13:3	ὅτι	ὅτι	C-	--------
John 13:3	πάντα	πᾶς	A-	----APN-
John 13:3	ἔδωκεν	δίδωμι	V-	3AAI-S--
John 13:3	αὐτῷ	αὐτός	RP	----DSM-
John 13:3	ὁ	ὁ	RA	----NSM-
John 13:3	πατὴρ	πατήρ	N-	----NSM-
John 13:3	εἰς	εἰς	P-	--------
John 13:3	τὰς	ὁ	RA	----APF-
John 13:3	χεῖρας	χείρ	N-	----APF-
John 13:3	καὶ	καί	C-	--------
John 13:3	ὅτι	ὅτι	C-	--------
John 13:3	ἀπὸ	ἀπό	P-	--------
John 13:3	θεοῦ	θεός	N-	----GSM-
John 13:3	ἐξῆλθεν	ἐξέρχομαι	V-	3AAI-S--
John 13:3	καὶ	καί	C-	--------
John 13:3	πρὸς	πρός	P-	--------
John 13:3	τὸν	ὁ	RA	----ASM-
John 13:3	θεὸν	θεός	N-	----ASM-
John 13:3	ὑπάγει	ὑπάγω	V-	3PAI-S--
John 13:4	ἐγείρεται	ἐγείρω	V-	3PPI-S--
John 13:4	ἐκ	ἐκ	P-	--------
John 13:4	τοῦ	ὁ	RA	----GSN-
John 13:4	δείπνου	δεῖπνον	N-	----GSN-
John 13:4	καὶ	καί	C-	--------
John 13:4	τίθησιν	τίθημι	V-	3PAI-S--
John 13:4	τὰ	ὁ	RA	----APN-
John 13:4	ἱμάτια	ἱμάτιον	N-	----APN-
John 13:4	καὶ	καί	C-	--------
John 13:4	λαβὼν	λαμβάνω	V-	-AAPNSM-
John 13:4	λέντιον	λέντιον	N-	----ASN-
John 13:4	διέζωσεν	διαζώννυμι	V-	3AAI-S--
John 13:4	ἑαυτόν	ἑαυτοῦ	RP	----ASM-
John 13:5	εἶτα	εἶτα	D-	--------
John 13:5	βάλλει	βάλλω	V-	3PAI-S--
John 13:5	ὕδωρ	ὕδωρ	N-	----ASN-
John 13:5	εἰς	εἰς	P-	--------
John 13:5	τὸν	ὁ	RA	----ASM-
John 13:5	νιπτῆρα	νιπτήρ	N-	----ASM-
John 13:5	καὶ	καί	C-	--------
John 13:5	ἤρξατο	ἄρχω	V-	3AMI-S--
John 13:5	νίπτειν	νίπτω	V-	-PAN----
John 13:5	τοὺς	ὁ	RA	----APM-
John 13:5	πόδας	πούς	N-	----APM-
John 13:5	τῶν	ὁ	RA	----GPM-
John 13:5	μαθητῶν	μαθητής	N-	----GPM-
John 13:5	καὶ	καί	C-	--------
John 13:5	ἐκμάσσειν	ἐκμάσσω	V-	-PAN----
John 13:5	τῷ	ὁ	RA	----DSN-
John 13:5	λεντίῳ	λέντιον	N-	----DSN-
John 13:5	ᾧ	ὅς	RR	----DSN-
John 13:5	ἦν	εἰμί	V-	3IAI-S--
John 13:5	διεζωσμένος	διαζώννυμι	V-	-XMPNSM-
John 13:6	ἔρχεται	ἔρχομαι	V-	3PMI-S--
John 13:6	οὖν	οὖν	C-	--------
John 13:6	πρὸς	πρός	P-	--------
John 13:6	Σίμωνα	Σίμων	N-	----ASM-
John 13:6	Πέτρον	Πέτρος	N-	----ASM-
John 13:6	λέγει	λέγω	V-	3PAI-S--
John 13:6	αὐτῷ	αὐτός	RP	----DSM-
John 13:6	Κύριε	κύριος	N-	----VSM-
John 13:6	σύ	σύ	RP	----NS--
John 13:6	μου	ἐγώ	RP	----GS--
John 13:6	νίπτεις	νίπτω	V-	2PAI-S--
John 13:6	τοὺς	ὁ	RA	----APM-
John 13:6	πόδας	πούς	N-	----APM-
John 13:7	ἀπεκρίθη	ἀποκρίνομαι	V-	3API-S--
John 13:7	Ἰησοῦς	Ἰησοῦς	N-	----NSM-
John 13:7	καὶ	καί	C-	--------
John 13:7	εἶπεν	λέγω	V-	3AAI-S--
John 13:7	αὐτῷ	αὐτός	RP	----DSM-
John 13:7	Ὃ	ὅς	RR	----ASN-
John 13:7	ἐγὼ	ἐγώ	RP	----NS--
John 13:7	ποιῶ	ποιέω	V-	1PAI-S--
John 13:7	σὺ	σύ	RP	----NS--
John 13:7	οὐκ	οὐ	D-	--------
John 13:7	οἶδας	οἶδα	V-	2XAI-S--
John 13:7	ἄρτι	ἄρτι	D-	--------
John 13:7	γνώσῃ	γινώσκω	V-	2FMI-S--
John 13:7	δὲ	δέ	C-	--------
John 13:7	μετὰ	μετά	P-	--------
John 13:7	ταῦτα	οὗτος	RD	----APN-
John 13:8	λέγει	λέγω	V-	3PAI-S--
John 13:8	αὐτῷ	αὐτός	RP	----DSM-
John 13:8	Πέτρος	Πέτρος	N-	----NSM-
John 13:8	Οὐ	οὐ	D-	--------
John 13:8	μὴ	μή	D-	--------
John 13:8	νίψῃς	νίπτω	V-	2AAS-S--
John 13:8	μου	ἐγώ	RP	----GS--
John 13:8	τοὺς	ὁ	RA	----APM-
John 13:8	πόδας	πούς	N-	----APM-
John 13:8	εἰς	εἰς	P-	--------
John 13:8	τὸν	ὁ	RA	----ASM-
John 13:8	αἰῶνα	αἰών	N-	----ASM-
John 13:8	ἀπεκρίθη	ἀποκρίνομαι	V-	3API-S--
John 13:8	Ἰησοῦς	Ἰησοῦς	N-	----NSM-
John 13:8	αὐτῷ	αὐτός	RP	----DSM-
John 13:8	Ἐὰν	ἐάν	C-	--------
John 13:8	μὴ	μή	D-	--------
John 13:8	νίψω	νίπτω	V-	1AAS-S--
John 13:8	σε	σύ	RP	----AS--
John 13:8	οὐκ	οὐ	D-	--------
John 13:8	ἔχεις	ἔχω	V-	2PAI-S--
John 13:8	μέρος	μέρος	N-	----ASN-
John 13:8	μετ’	μετά	P-	--------
John 13:8	ἐμοῦ	ἐγώ	RP	----GS--
John 13:9	λέγει	λέγω	V-	3PAI-S--
John 13:9	αὐτῷ	αὐτός	RP	----DSM-
John 13:9	Σίμων	Σίμων	N-	----NSM-
John 13:9	Πέτρος	Πέτρος	N-	----NSM-
John 13:9	Κύριε	κύριος	N-	----VSM-
John 13:9	μὴ	μή	D-	--------
John 13:9	τοὺς	ὁ	RA	----APM-
John 13:9	πόδας	πούς	N-	----APM-
John 13:9	μου	ἐγώ	RP	----GS--
John 13:9	μόνον	μόνος	A-	----ASN-
John 13:9	ἀλλὰ	ἀλλά	C-	--------
John 13:9	καὶ	καί	D-	--------
John 13:9	τὰς	ὁ	RA	----APF-
John 13:9	χεῖρας	χείρ	N-	----APF-
John 13:9	καὶ	καί	C-	--------
John 13:9	τὴν	ὁ	RA	----ASF-
John 13:9	κεφαλήν	κεφαλή	N-	----ASF-
John 13:10	λέγει	λέγω	V-	3PAI-S--
John 13:10	αὐτῷ	αὐτός	RP	----DSM-
John 13:10	ὁ	ὁ	RA	----NSM-
John 13:10	Ἰησοῦς	Ἰησοῦς	N-	----NSM-
John 13:10	Ὁ	ὁ	RA	----NSM-
John 13:10	λελουμένος	λούω	V-	-XMPNSM-
John 13:10	οὐκ	οὐ	D-	--------
John 13:10	ἔχει	ἔχω	V-	3PAI-S--
John 13:10	χρείαν	χρεία	N-	----ASF-
John 13:10	εἰ	εἰ	C-	--------
John 13:10	μὴ	μή	D-	--------
John 13:10	τοὺς	ὁ	RA	----APM-
John 13:10	πόδας	πούς	N-	----APM-
John 13:10	νίψασθαι	νίπτω	V-	-AMN----
John 13:10	ἀλλ’	ἀλλά	C-	--------
John 13:10	ἔστιν	εἰμί	V-	3PAI-S--
John 13:10	καθαρὸς	καθαρός	A-	----NSM-
John 13:10	ὅλος	ὅλος	A-	----NSM-
John 13:10	καὶ	καί	C-	--------
John 13:10	ὑμεῖς	σύ	RP	----NP--
John 13:10	καθαροί	καθαρός	A-	----NPM-
John 13:10	ἐστε	εἰμί	V-	2PAI-P--
John 13:10	ἀλλ’	ἀλλά	C-	--------
John 13:10	οὐχὶ	οὐχί	D-	--------
John 13:10	πάντες	πᾶς	A-	----NPM-
John 13:11	ᾔδει	οἶδα	V-	3YAI-S--
John 13:11	γὰρ	γάρ	C-	--------
John 13:11	τὸν	ὁ	RA	----ASM-
John 13:11	παραδιδόντα	παραδίδωμι	V-	-PAPASM-
John 13:11	αὐτόν	αὐτός	RP	----ASM-
John 13:11	διὰ	διά	P-	--------
John 13:11	τοῦτο	οὗτος	RD	----ASN-
John 13:11	εἶπεν	λέγω	V-	3AAI-S--
John 13:11	ὅτι	ὅτι	C-	--------
John 13:11	Οὐχὶ	οὐχί	D-	--------
John 13:11	πάντες	πᾶς	A-	----NPM-
John 13:11	καθαροί	καθαρός	A-	----NPM-
John 13:11	ἐστε	εἰμί	V-	2PAI-P--
John 13:12	Ὅτε	ὅτε	C-	--------
John 13:12	οὖν	οὖν	C-	--------
John 13:12	ἔνιψεν	νίπτω	V-	3AAI-S--
John 13:12	τοὺς	ὁ	RA	----APM-
John 13:12	πόδας	πούς	N-	----APM-
John 13:12	αὐτῶν	αὐτός	RP	----GPM-
John 13:12	καὶ	καί	C-	--------
John 13:12	ἔλαβεν	λαμβάνω	V-	3AAI-S--
John 13:12	τὰ	ὁ	RA	----APN-
John 13:12	ἱμάτια	ἱμάτιον	N-	----APN-
John 13:12	αὐτοῦ	αὐτός	RP	----GSM-
John 13:12	καὶ	καί	C-	--------
John 13:12	ἀνέπεσεν	ἀναπίπτω	V-	3AAI-S--
John 13:12	πάλιν	πάλιν	D-	--------
John 13:12	εἶπεν	λέγω	V-	3AAI-S--
John 13:12	αὐτοῖς	αὐτός	RP	----DPM-
John 13:12	Γινώσκετε	γινώσκω	V-	2PAI-P--
John 13:12	τί	τίς	RI	----ASN-
John 13:12	πεποίηκα	ποιέω	V-	1XAI-S--
John 13:12	ὑμῖν	σύ	RP	----DP--
John 13:13	ὑμεῖς	σύ	RP	----NP--
John 13:13	φωνεῖτέ	φωνέω	V-	2PAI-P--
John 13:13	με	ἐγώ	RP	----AS--
John 13:13	Ὁ	ὁ	RA	----NSM-
John 13:13	διδάσκαλος	διδάσκαλος	N-	----NSM-
John 13:13	καὶ	καί	C-	--------
John 13:13	Ὁ	ὁ	RA	----NSM-
John 13:13	κύριος	κύριος	N-	----NSM-
John 13:13	καὶ	καί	C-	--------
John 13:13	καλῶς	καλῶς	D-	--------
John 13:13	λέγετε	λέγω	V-	2PAI-P--
John 13:13	εἰμὶ	εἰμί	V-	1PAI-S--
John 13:13	γάρ	γάρ	C-	--------
John 13:14	εἰ	εἰ	C-	--------
John 13:14	οὖν	οὖν	C-	--------
John 13:14	ἐγὼ	ἐγώ	RP	----NS--
John 13:14	ἔνιψα	νίπτω	V-	1AAI-S--
John 13:14	ὑμῶν	σύ	RP	----GP--
John 13:14	τοὺς	ὁ	RA	----APM-
John 13:14	πόδας	πούς	N-	----APM-
John 13:14	ὁ	ὁ	RA	----NSM-
John 13:14	κύριος	κύριος	N-	----NSM-
John 13:14	καὶ	καί	C-	--------
John 13:14	ὁ	ὁ	RA	----NSM-
John 13:14	διδάσκαλος	διδάσκαλος	N-	----NSM-
John 13:14	καὶ	καί	D-	--------
John 13:14	ὑμεῖς	σύ	RP	----NP--
John 13:14	ὀφείλετε	ὀφείλω	V-	2PAI-P--
John 13:14	ἀλλήλων	ἀλλήλων	RP	----GPM-
John 13:14	νίπτειν	νίπτω	V-	-PAN----
John 13:14	τοὺς	ὁ	RA	----APM-
John 13:14	πόδας	πούς	N-	----APM-
John 13:15	ὑπόδειγμα	ὑπόδειγμα	N-	----ASN-
John 13:15	γὰρ	γάρ	C-	--------
John 13:15	ἔδωκα	δίδωμι	V-	1AAI-S--
John 13:15	ὑμῖν	σύ	RP	----DP--
John 13:15	ἵνα	ἵνα	C-	--------
John 13:15	καθὼς	καθώς	C-	--------
John 13:15	ἐγὼ	ἐγώ	RP	----NS--
John 13:15	ἐποίησα	ποιέω	V-	1AAI-S--
John 13:15	ὑμῖν	σύ	RP	----DP--
John 13:15	καὶ	καί	D-	--------
John 13:15	ὑμεῖς	σύ	RP	----NP--
John 13:15	ποιῆτε	ποιέω	V-	2PAS-P--
John 13:16	ἀμὴν	ἀμήν	X-	--------
John 13:16	ἀμὴν	ἀμήν	X-	--------
John 13:16	λέγω	λέγω	V-	1PAI-S--
John 13:16	ὑμῖν	σύ	RP	----DP--
John 13:16	οὐκ	οὐ	D-	--------
John 13:16	ἔστιν	εἰμί	V-	3PAI-S--
John 13:16	δοῦλος	δοῦλος	N-	----NSM-
John 13:16	μείζων	μέγας	A-	----NSMC
John 13:16	τοῦ	ὁ	RA	----GSM-
John 13:16	κυρίου	κύριος	N-	----GSM-
John 13:16	αὐτοῦ	αὐτός	RP	----GSM-
John 13:16	οὐδὲ	οὐδέ	C-	--------
John 13:16	ἀπόστολος	ἀπόστολος	N-	----NSM-
John 13:16	μείζων	μέγας	A-	----NSMC
John 13:16	τοῦ	ὁ	RA	----GSM-
John 13:16	πέμψαντος	πέμπω	V-	-AAPGSM-
John 13:16	αὐτόν	αὐτός	RP	----ASM-
John 13:17	εἰ	εἰ	C-	--------
John 13:17	ταῦτα	οὗτος	RD	----APN-
John 13:17	οἴδατε	οἶδα	V-	2XAI-P--
John 13:17	μακάριοί	μακάριος	A-	----NPM-
John 13:17	ἐστε	εἰμί	V-	2PAI-P--
John 13:17	ἐὰν	ἐάν	C-	--------
John 13:17	ποιῆτε	ποιέω	V-	2PAS-P--
John 13:17	αὐτά	αὐτός	RP	----APN-
John 13:18	οὐ	οὐ	D-	--------
John 13:18	περὶ	περί	P-	--------
John 13:18	πάντων	πᾶς	A-	----GPM-
John 13:18	ὑμῶν	σύ	RP	----GP--
John 13:18	λέγω	λέγω	V-	1PAI-S--
John 13:18	ἐγὼ	ἐγώ	RP	----NS--
John 13:18	οἶδα	οἶδα	V-	1XAI-S--
John 13:18	τίνας	τίς	RI	----APM-
John 13:18	ἐξελεξάμην	ἐκλέγομαι	V-	1AMI-S--
John 13:18	ἀλλ’	ἀλλά	C-	--------
John 13:18	ἵνα	ἵνα	C-	--------
John 13:18	ἡ	ὁ	RA	----NSF-
John 13:18	γραφὴ	γραφή	N-	----NSF-
John 13:18	πληρωθῇ	πληρόω	V-	3APS-S--
John 13:18	Ὁ	ὁ	RA	----NSM-
John 13:18	τρώγων	τρώγω	V-	-PAPNSM-
John 13:18	μου	ἐγώ	RP	----GS--
John 13:18	τὸν	ὁ	RA	----ASM-
John 13:18	ἄρτον	ἄρτος	N-	----ASM-
John 13:18	ἐπῆρεν	ἐπαίρω	V-	3AAI-S--
John 13:18	ἐπ’	ἐπί	P-	--------
John 13:18	ἐμὲ	ἐγώ	RP	----AS--
John 13:18	τὴν	ὁ	RA	----ASF-
John 13:18	πτέρναν	πτέρνα	N-	----ASF-
John 13:18	αὐτοῦ	αὐτός	RP	----GSM-
John 13:19	ἀπ’	ἀπό	P-	--------
John 13:19	ἄρτι	ἄρτι	D-	--------
John 13:19	λέγω	λέγω	V-	1PAI-S--
John 13:19	ὑμῖν	σύ	RP	----DP--
John 13:19	πρὸ	πρό	P-	--------
John 13:19	τοῦ	ὁ	RA	----GSN-
John 13:19	γενέσθαι	γίνομαι	V-	-AMN----
John 13:19	ἵνα	ἵνα	C-	--------
John 13:19	πιστεύσητε	πιστεύω	V-	2AAS-P--
John 13:19	ὅταν	ὅταν	C-	--------
John 13:19	γένηται	γίνομαι	V-	3AMS-S--
John 13:19	ὅτι	ὅτι	C-	--------
John 13:19	ἐγώ	ἐγώ	RP	----NS--
John 13:19	εἰμι	εἰμί	V-	1PAI-S--
John 13:20	ἀμὴν	ἀμήν	X-	--------
John 13:20	ἀμὴν	ἀμήν	X-	--------
John 13:20	λέγω	λέγω	V-	1PAI-S--
John 13:20	ὑμῖν	σύ	RP	----DP--
John 13:20	ὁ	ὁ	RA	----NSM-
John 13:20	λαμβάνων	λαμβάνω	V-	-PAPNSM-
John 13:20	ἄν	ἄν	X-	--------
John 13:20	τινα	τις	RI	----ASM-
John 13:20	πέμψω	πέμπω	V-	1AAS-S--
John 13:20	ἐμὲ	ἐγώ	RP	----AS--
John 13:20	λαμβάνει	λαμβάνω	V-	3PAI-S--
John 13:20	ὁ	ὁ	RA	----NSM-
John 13:20	δὲ	δέ	C-	--------
John 13:20	ἐμὲ	ἐγώ	RP	----AS--
John 13:20	λαμβάνων	λαμβάνω	V-	-PAPNSM-
John 13:20	λαμβάνει	λαμβάνω	V-	3PAI-S--
John 13:20	τὸν	ὁ	RA	----ASM-
John 13:20	πέμψαντά	πέμπω	V-	-AAPASM-
John 13:20	με	ἐγώ	RP	----AS--
John 13:21	Ταῦτα	οὗτος	RD	----APN-
John 13:21	εἰπὼν	λέγω	V-	-AAPNSM-
John 13:21	ὁ	ὁ	RA	----NSM-
John 13:21	Ἰησοῦς	Ἰησοῦς	N-	----NSM-
John 13:21	ἐταράχθη	ταράσσω	V-	3API-S--
John 13:21	τῷ	ὁ	RA	----DSN-
John 13:21	πνεύματι	πνεῦμα	N-	----DSN-
John 13:21	καὶ	καί	C-	--------
John 13:21	ἐμαρτύρησεν	μαρτυρέω	V-	3AAI-S--
John 13:21	καὶ	καί	C-	--------
John 13:21	εἶπεν	λέγω	V-	3AAI-S--
John 13:21	Ἀμὴν	ἀμήν	X-	--------
John 13:21	ἀμὴν	ἀμήν	X-	--------
John 13:21	λέγω	λέγω	V-	1PAI-S--
John 13:21	ὑμῖν	σύ	RP	----DP--
John 13:21	ὅτι	ὅτι	C-	--------
John 13:21	εἷς	εἷς	A-	----NSM-
John 13:21	ἐξ	ἐκ	P-	--------
John 13:21	ὑμῶν	σύ	RP	----GP--
John 13:21	παραδώσει	παραδίδωμι	V-	3FAI-S--
John 13:21	με	ἐγώ	RP	----AS--
John 13:22	ἔβλεπον	βλέπω	V-	3IAI-P--
John 13:22	εἰς	εἰς	P-	--------
John 13:22	ἀλλήλους	ἀλλήλων	RP	----APM-
John 13:22	οἱ	ὁ	RA	----NPM-
John 13:22	μαθηταὶ	μαθητής	N-	----NPM-
John 13:22	ἀπορούμενοι	ἀπορέω	V-	-PMPNPM-
John 13:22	περὶ	περί	P-	--------
John 13:22	τίνος	τίς	RI	----GSM-
John 13:22	λέγει	λέγω	V-	3PAI-S--
John 13:23	ἦν	εἰμί	V-	3IAI-S--
John 13:23	ἀνακείμενος	ἀνάκειμαι	V-	-PMPNSM-
John 13:23	εἷς	εἷς	A-	----NSM-
John 13:23	ἐκ	ἐκ	P-	--------
John 13:23	τῶν	ὁ	RA	----GPM-
John 13:23	μαθητῶν	μαθητής	N-	----GPM-
John 13:23	αὐτοῦ	αὐτός	RP	----GSM-
John 13:23	ἐν	ἐν	P-	--------
John 13:23	τῷ	ὁ	RA	----DSM-
John 13:23	κόλπῳ	κόλπος	N-	----DSM-
John 13:23	τοῦ	ὁ	RA	----GSM-
John 13:23	Ἰησοῦ	Ἰησοῦς	N-	----GSM-
John 13:23	ὃν	ὅς	RR	----ASM-
John 13:23	ἠγάπα	ἀγαπάω	V-	3IAI-S--
John 13:23	ὁ	ὁ	RA	----NSM-
John 13:23	Ἰησοῦς	Ἰησοῦς	N-	----NSM-
John 13:24	νεύει	νεύω	V-	3PAI-S--
John 13:24	οὖν	οὖν	C-	--------
John 13:24	τούτῳ	οὗτος	RD	----DSM-
John 13:24	Σίμων	Σίμων	N-	----NSM-
John 13:24	Πέτρος	Πέτρος	N-	----NSM-
John 13:24	πυθέσθαι	πυνθάνομαι	V-	-AMN----
John 13:24	τίς	τίς	RI	----NSM-
John 13:24	ἂν	ἄν	X-	--------
John 13:24	εἴη	εἰμί	V-	3PAO-S--
John 13:24	περὶ	περί	P-	--------
John 13:24	οὗ	ὅς	RR	----GSM-
John 13:24	λέγει	λέγω	V-	3PAI-S--
John 13:25	ἀναπεσὼν	ἀναπίπτω	V-	-AAPNSM-
John 13:25	ἐκεῖνος	ἐκεῖνος	RD	----NSM-
John 13:25	οὕτως	οὕτω(ς)	D-	--------
John 13:25	ἐπὶ	ἐπί	P-	--------
John 13:25	τὸ	ὁ	RA	----ASN-
John 13:25	στῆθος	στῆθος	N-	----ASN-
John 13:25	τοῦ	ὁ	RA	----GSM-
John 13:25	Ἰησοῦ	Ἰησοῦς	N-	----GSM-
John 13:25	λέγει	λέγω	V-	3PAI-S--
John 13:25	αὐτῷ	αὐτός	RP	----DSM-
John 13:25	Κύριε	κύριος	N-	----VSM-
John 13:25	τίς	τίς	RI	----NSM-
John 13:25	ἐστιν	εἰμί	V-	3PAI-S--
John 13:26	ἀποκρίνεται	ἀποκρίνομαι	V-	3PMI-S--
John 13:26	ὁ	ὁ	RA	----NSM-
John 13:26	Ἰησοῦς	Ἰησοῦς	N-	----NSM-
John 13:26	Ἐκεῖνός	ἐκεῖνος	RD	----NSM-
John 13:26	ἐστιν	εἰμί	V-	3PAI-S--
John 13:26	ᾧ	ὅς	RR	----DSM-
John 13:26	ἐγὼ	ἐγώ	RP	----NS--
John 13:26	βάψω	βάπτω	V-	1FAI-S--
John 13:26	τὸ	ὁ	RA	----ASN-
John 13:26	ψωμίον	ψωμίον	N-	----ASN-
John 13:26	καὶ	καί	C-	--------
John 13:26	δώσω	δίδωμι	V-	1FAI-S--
John 13:26	αὐτῷ	αὐτός	RP	----DSM-
John 13:26	βάψας	βάπτω	V-	-AAPNSM-
John 13:26	οὖν	οὖν	C-	--------
John 13:26	τὸ	ὁ	RA	----ASN-
John 13:26	ψωμίον	ψωμίον	N-	----ASN-
John 13:26	δίδωσιν	δίδωμι	V-	3PAI-S--
John 13:26	Ἰούδᾳ	Ἰούδας	N-	----DSM-
John 13:26	Σίμωνος	Σίμων	N-	----GSM-
John 13:26	Ἰσκαριώτου	Ἰσκαριώτης	N-	----GSM-
John 13:27	καὶ	καί	C-	--------
John 13:27	μετὰ	μετά	P-	--------
John 13:27	τὸ	ὁ	RA	----ASN-
John 13:27	ψωμίον	ψωμίον	N-	----ASN-
John 13:27	τότε	τότε	D-	--------
John 13:27	εἰσῆλθεν	εἰσέρχομαι	V-	3AAI-S--
John 13:27	εἰς	εἰς	P-	--------
John 13:27	ἐκεῖνον	ἐκεῖνος	RD	----ASM-
John 13:27	ὁ	ὁ	RA	----NSM-
John 13:27	Σατανᾶς	Σατανᾶς	N-	----NSM-
John 13:27	λέγει	λέγω	V-	3PAI-S--
John 13:27	οὖν	οὖν	C-	--------
John 13:27	αὐτῷ	αὐτός	RP	----DSM-
John 13:27	ὁ	ὁ	RA	----NSM-
John 13:27	Ἰησοῦς	Ἰησοῦς	N-	----NSM-
John 13:27	Ὃ	ὅς	RR	----ASN-
John 13:27	ποιεῖς	ποιέω	V-	2PAI-S--
John 13:27	ποίησον	ποιέω	V-	2AAD-S--
John 13:27	τάχιον	τάχιον	A-	----ASNC
John 13:28	τοῦτο	οὗτος	RD	----ASN-
John 13:28	δὲ	δέ	C-	--------
John 13:28	οὐδεὶς	οὐδείς	A-	----NSM-
John 13:28	ἔγνω	γινώσκω	V-	3AAI-S--
John 13:28	τῶν	ὁ	RA	----GPM-
John 13:28	ἀνακειμένων	ἀνάκειμαι	V-	-PMPGPM-
John 13:28	πρὸς	πρός	P-	--------
John 13:28	τί	τίς	RI	----ASN-
John 13:28	εἶπεν	λέγω	V-	3AAI-S--
John 13:28	αὐτῷ	αὐτός	RP	----DSM-
John 13:29	τινὲς	τις	RI	----NPM-
John 13:29	γὰρ	γάρ	C-	--------
John 13:29	ἐδόκουν	δοκέω	V-	3IAI-P--
John 13:29	ἐπεὶ	ἐπεί	C-	--------
John 13:29	τὸ	ὁ	RA	----ASN-
John 13:29	γλωσσόκομον	γλωσσόκομον	N-	----ASN-
John 13:29	εἶχεν	ἔχω	V-	3IAI-S--
John 13:29	Ἰούδας	Ἰούδας	N-	----NSM-
John 13:29	ὅτι	ὅτι	C-	--------
John 13:29	λέγει	λέγω	V-	3PAI-S--
John 13:29	αὐτῷ	αὐτός	RP	----DSM-
John 13:29	ὁ	ὁ	RA	----NSM-
John 13:29	Ἰησοῦς	Ἰησοῦς	N-	----NSM-
John 13:29	Ἀγόρασον	ἀγοράζω	V-	2AAD-S--
John 13:29	ὧν	ὅς	RR	----GPN-
John 13:29	χρείαν	χρεία	N-	----ASF-
John 13:29	ἔχομεν	ἔχω	V-	1PAI-P--
John 13:29	εἰς	εἰς	P-	--------
John 13:29	τὴν	ὁ	RA	----ASF-
John 13:29	ἑορτήν	ἑορτή	N-	----ASF-
John 13:29	ἢ	ἤ	C-	--------
John 13:29	τοῖς	ὁ	RA	----DPM-
John 13:29	πτωχοῖς	πτωχός	A-	----DPM-
John 13:29	ἵνα	ἵνα	C-	--------
John 13:29	τι	τις	RI	----ASN-
John 13:29	δῷ	δίδωμι	V-	3AAS-S--
John 13:30	λαβὼν	λαμβάνω	V-	-AAPNSM-
John 13:30	οὖν	οὖν	C-	--------
John 13:30	τὸ	ὁ	RA	----ASN-
John 13:30	ψωμίον	ψωμίον	N-	----ASN-
John 13:30	ἐκεῖνος	ἐκεῖνος	RD	----NSM-
John 13:30	ἐξῆλθεν	ἐξέρχομαι	V-	3AAI-S--
John 13:30	εὐθύς	εὐθύς	A-	----NSM-
John 13:30	ἦν	εἰμί	V-	3IAI-S--
John 13:30	δὲ	δέ	C-	--------
John 13:30	νύξ	νύξ	N-	----NSF-
John 13:31	Ὅτε	ὅτε	C-	--------
John 13:31	οὖν	οὖν	C-	--------
John 13:31	ἐξῆλθεν	ἐξέρχομαι	V-	3AAI-S--
John 13:31	λέγει	λέγω	V-	3PAI-S--
John 13:31	Ἰησοῦς	Ἰησοῦς	N-	----NSM-
John 13:31	Νῦν	νῦν	D-	--------
John 13:31	ἐδοξάσθη	δοξάζω	V-	3API-S--
John 13:31	ὁ	ὁ	RA	----NSM-
John 13:31	υἱὸς	υἱός	N-	----NSM-
John 13:31	τοῦ	ὁ	RA	----GSM-
John 13:31	ἀνθρώπου	ἄνθρωπος	N-	----GSM-
John 13:31	καὶ	καί	C-	--------
John 13:31	ὁ	ὁ	RA	----NSM-
John 13:31	θεὸς	θεός	N-	----NSM-
John 13:31	ἐδοξάσθη	δοξάζω	V-	3API-S--
John 13:31	ἐν	ἐν	P-	--------
John 13:31	αὐτῷ	αὐτός	RP	----DSM-
John 13:32	εἰ	εἰ	C-	--------
John 13:32	ὁ	ὁ	RA	----NSM-
John 13:32	θεὸς	θεός	N-	----NSM-
John 13:32	ἐδοξάσθη	δοξάζω	V-	3API-S--
John 13:32	ἐν	ἐν	P-	--------
John 13:32	αὐτῷ	αὐτός	RP	----DSM-
John 13:32	καὶ	καί	D-	--------
John 13:32	ὁ	ὁ	RA	----NSM-
John 13:32	θεὸς	θεός	N-	----NSM-
John 13:32	δοξάσει	δοξάζω	V-	3FAI-S--
John 13:32	αὐτὸν	αὐτός	RP	----ASM-
John 13:32	ἐν	ἐν	P-	--------
John 13:32	αὑτῷ	ἑαυτοῦ	RP	----DSM-
John 13:32	καὶ	καί	C-	--------
John 13:32	εὐθὺς	εὐθύς	A-	----NSM-
John 13:32	δοξάσει	δοξάζω	V-	3FAI-S--
John 13:32	αὐτόν	αὐτός	RP	----ASM-
John 13:33	τεκνία	τεκνίον	N-	----VPN-
John 13:33	ἔτι	ἔτι	D-	--------
John 13:33	μικρὸν	μικρός	A-	----ASN-
John 13:33	μεθ’	μετά	P-	--------
John 13:33	ὑμῶν	σύ	RP	----GP--
John 13:33	εἰμι	εἰμί	V-	1PAI-S--
John 13:33	ζητήσετέ	ζητέω	V-	2FAI-P--
John 13:33	με	ἐγώ	RP	----AS--
John 13:33	καὶ	καί	C-	--------
John 13:33	καθὼς	καθώς	C-	--------
John 13:33	εἶπον	λέγω	V-	1AAI-S--
John 13:33	τοῖς	ὁ	RA	----DPM-
John 13:33	Ἰουδαίοις	Ἰουδαῖος	A-	----DPM-
John 13:33	ὅτι	ὅτι	C-	--------
John 13:33	Ὅπου	ὅπου	C-	--------
John 13:33	ἐγὼ	ἐγώ	RP	----NS--
John 13:33	ὑπάγω	ὑπάγω	V-	1PAI-S--
John 13:33	ὑμεῖς	σύ	RP	----NP--
John 13:33	οὐ	οὐ	D-	--------
John 13:33	δύνασθε	δύναμαι	V-	2PMI-P--
John 13:33	ἐλθεῖν	ἔρχομαι	V-	-AAN----
John 13:33	καὶ	καί	D-	--------
John 13:33	ὑμῖν	σύ	RP	----DP--
John 13:33	λέγω	λέγω	V-	1PAI-S--
John 13:33	ἄρτι	ἄρτι	D-	--------
John 13:34	ἐντολὴν	ἐντολή	N-	----ASF-
John 13:34	καινὴν	καινός	A-	----ASF-
John 13:34	δίδωμι	δίδωμι	V-	1PAI-S--
John 13:34	ὑμῖν	σύ	RP	----DP--
John 13:34	ἵνα	ἵνα	D-	--------
John 13:34	ἀγαπᾶτε	ἀγαπάω	V-	2PAS-P--
John 13:34	ἀλλήλους	ἀλλήλων	RP	----APM-
John 13:34	καθὼς	καθώς	C-	--------
John 13:34	ἠγάπησα	ἀγαπάω	V-	1AAI-S--
John 13:34	ὑμᾶς	σύ	RP	----AP--
John 13:34	ἵνα	ἵνα	D-	--------
John 13:34	καὶ	καί	D-	--------
John 13:34	ὑμεῖς	σύ	RP	----NP--
John 13:34	ἀγαπᾶτε	ἀγαπάω	V-	2PAS-P--
John 13:34	ἀλλήλους	ἀλλήλων	RP	----APM-
John 13:35	ἐν	ἐν	P-	--------
John 13:35	τούτῳ	οὗτος	RD	----DSN-
John 13:35	γνώσονται	γινώσκω	V-	3FMI-P--
John 13:35	πάντες	πᾶς	A-	----NPM-
John 13:35	ὅτι	ὅτι	C-	--------
John 13:35	ἐμοὶ	ἐμός	A-	----NPM-
John 13:35	μαθηταί	μαθητής	N-	----NPM-
John 13:35	ἐστε	εἰμί	V-	2PAI-P--
John 13:35	ἐὰν	ἐάν	C-	--------
John 13:35	ἀγάπην	ἀγάπη	N-	----ASF-
John 13:35	ἔχητε	ἔχω	V-	2PAS-P--
John 13:35	ἐν	ἐν	P-	--------
John 13:35	ἀλλήλοις	ἀλλήλων	RP	----DPM-
John 13:36	Λέγει	λέγω	V-	3PAI-S--
John 13:36	αὐτῷ	αὐτός	RP	----DSM-
John 13:36	Σίμων	Σίμων	N-	----NSM-
John 13:36	Πέτρος	Πέτρος	N-	----NSM-
John 13:36	Κύριε	κύριος	N-	----VSM-
John 13:36	ποῦ	ποῦ	D-	--------
John 13:36	ὑπάγεις	ὑπάγω	V-	2PAI-S--
John 13:36	ἀπεκρίθη	ἀποκρίνομαι	V-	3API-S--
John 13:36	Ἰησοῦς	Ἰησοῦς	N-	----NSM-
John 13:36	Ὅπου	ὅπου	C-	--------
John 13:36	ὑπάγω	ὑπάγω	V-	1PAI-S--
John 13:36	οὐ	οὐ	D-	--------
John 13:36	δύνασαί	δύναμαι	V-	2PMI-S--
John 13:36	μοι	ἐγώ	RP	----DS--
John 13:36	νῦν	νῦν	D-	--------
John 13:36	ἀκολουθῆσαι	ἀκολουθέω	V-	-AAN----
John 13:36	ἀκολουθήσεις	ἀκολουθέω	V-	2FAI-S--
John 13:36	δὲ	δέ	C-	--------
John 13:36	ὕστερον	ὕστερον	A-	----ASNC
John 13:37	λέγει	λέγω	V-	3PAI-S--
John 13:37	αὐτῷ	αὐτός	RP	----DSM-
John 13:37	ὁ	ὁ	RA	----NSM-
John 13:37	Πέτρος	Πέτρος	N-	----NSM-
John 13:37	Κύριε	κύριος	N-	----VSM-
John 13:37	διὰ	διά	P-	--------
John 13:37	τί	τίς	RI	----ASN-
John 13:37	οὐ	οὐ	D-	--------
John 13:37	δύναμαί	δύναμαι	V-	1PMI-S--
John 13:37	σοι	σύ	RP	----DS--
John 13:37	ἀκολουθῆσαι	ἀκολουθέω	V-	-AAN----
John 13:37	ἄρτι	ἄρτι	D-	--------
John 13:37	τὴν	ὁ	RA	----ASF-
John 13:37	ψυχήν	ψυχή	N-	----ASF-
John 13:37	μου	ἐγώ	RP	----GS--
John 13:37	ὑπὲρ	ὑπέρ	P-	--------
John 13:37	σοῦ	σύ	RP	----GS--
John 13:37	θήσω	τίθημι	V-	1FAI-S--
John 13:38	ἀποκρίνεται	ἀποκρίνομαι	V-	3PMI-S--
John 13:38	Ἰησοῦς	Ἰησοῦς	N-	----NSM-
John 13:38	Τὴν	ὁ	RA	----ASF-
John 13:38	ψυχήν	ψυχή	N-	----ASF-
John 13:38	σου	σύ	RP	----GS--
John 13:38	ὑπὲρ	ὑπέρ	P-	--------
John 13:38	ἐμοῦ	ἐγώ	RP	----GS--
John 13:38	θήσεις	τίθημι	V-	2FAI-S--
John 13:38	ἀμὴν	ἀμήν	X-	--------
John 13:38	ἀμὴν	ἀμήν	X-	--------
John 13:38	λέγω	λέγω	V-	1PAI-S--
John 13:38	σοι	σύ	RP	----DS--
John 13:38	οὐ	οὐ	D-	--------
John 13:38	μὴ	μή	D-	--------
John 13:38	ἀλέκτωρ	ἀλέκτωρ	N-	----NSM-
John 13:38	φωνήσῃ	φωνέω	V-	3AAS-S--
John 13:38	ἕως	ἕως	P-	--------
John 13:38	οὗ	ὅς	RR	----GSM-
John 13:38	ἀρνήσῃ	ἀρνέομαι	V-	2FMI-S--
John 13:38	με	ἐγώ	RP	----AS--
John 13:38	τρίς	τρίς	D-	--------
John 14:1	Μὴ	μή	D-	--------
John 14:1	ταρασσέσθω	ταράσσω	V-	3PPD-S--
John 14:1	ὑμῶν	σύ	RP	----GP--
John 14:1	ἡ	ὁ	RA	----NSF-
John 14:1	καρδία	καρδία	N-	----NSF-
John 14:1	πιστεύετε	πιστεύω	V-	2PAI-P--
John 14:1	εἰς	εἰς	P-	--------
John 14:1	τὸν	ὁ	RA	----ASM-
John 14:1	θεόν	θεός	N-	----ASM-
John 14:1	καὶ	καί	D-	--------
John 14:1	εἰς	εἰς	P-	--------
John 14:1	ἐμὲ	ἐγώ	RP	----AS--
John 14:1	πιστεύετε	πιστεύω	V-	2PAI-P--
John 14:2	ἐν	ἐν	P-	--------
John 14:2	τῇ	ὁ	RA	----DSF-
John 14:2	οἰκίᾳ	οἰκία	N-	----DSF-
John 14:2	τοῦ	ὁ	RA	----GSM-
John 14:2	πατρός	πατήρ	N-	----GSM-
John 14:2	μου	ἐγώ	RP	----GS--
John 14:2	μοναὶ	μονή	N-	----NPF-
John 14:2	πολλαί	πολύς	A-	----NPF-
John 14:2	εἰσιν	εἰμί	V-	3PAI-P--
John 14:2	εἰ	εἰ	C-	--------
John 14:2	δὲ	δέ	C-	--------
John 14:2	μή	μή	D-	--------
John 14:2	εἶπον	λέγω	V-	1AAI-S--
John 14:2	ἂν	ἄν	X-	--------
John 14:2	ὑμῖν	σύ	RP	----DP--
John 14:2	ὅτι	ὅτι	C-	--------
John 14:2	πορεύομαι	πορεύομαι	V-	1PMI-S--
John 14:2	ἑτοιμάσαι	ἑτοιμάζω	V-	-AAN----
John 14:2	τόπον	τόπος	N-	----ASM-
John 14:2	ὑμῖν	σύ	RP	----DP--
John 14:3	καὶ	καί	C-	--------
John 14:3	ἐὰν	ἐάν	C-	--------
John 14:3	πορευθῶ	πορεύομαι	V-	1APS-S--
John 14:3	καὶ	καί	C-	--------
John 14:3	ἑτοιμάσω	ἑτοιμάζω	V-	1AAS-S--
John 14:3	τόπον	τόπος	N-	----ASM-
John 14:3	ὑμῖν	σύ	RP	----DP--
John 14:3	πάλιν	πάλιν	D-	--------
John 14:3	ἔρχομαι	ἔρχομαι	V-	1PMI-S--
John 14:3	καὶ	καί	C-	--------
John 14:3	παραλήμψομαι	παραλαμβάνω	V-	1FMI-S--
John 14:3	ὑμᾶς	σύ	RP	----AP--
John 14:3	πρὸς	πρός	P-	--------
John 14:3	ἐμαυτόν	ἐμαυτοῦ	RP	----ASM-
John 14:3	ἵνα	ἵνα	C-	--------
John 14:3	ὅπου	ὅπου	C-	--------
John 14:3	εἰμὶ	εἰμί	V-	1PAI-S--
John 14:3	ἐγὼ	ἐγώ	RP	----NS--
John 14:3	καὶ	καί	D-	--------
John 14:3	ὑμεῖς	σύ	RP	----NP--
John 14:3	ἦτε	εἰμί	V-	2PAS-P--
John 14:4	καὶ	καί	C-	--------
John 14:4	ὅπου	ὅπου	C-	--------
John 14:4	ἐγὼ	ἐγώ	RP	----NS--
John 14:4	ὑπάγω	ὑπάγω	V-	1PAI-S--
John 14:4	οἴδατε	οἶδα	V-	2XAI-P--
John 14:4	τὴν	ὁ	RA	----ASF-
John 14:4	ὁδόν	ὁδός	N-	----ASF-
John 14:5	λέγει	λέγω	V-	3PAI-S--
John 14:5	αὐτῷ	αὐτός	RP	----DSM-
John 14:5	Θωμᾶς	Θωμᾶς	N-	----NSM-
John 14:5	Κύριε	κύριος	N-	----VSM-
John 14:5	οὐκ	οὐ	D-	--------
John 14:5	οἴδαμεν	οἶδα	V-	1XAI-P--
John 14:5	ποῦ	ποῦ	D-	--------
John 14:5	ὑπάγεις	ὑπάγω	V-	2PAI-S--
John 14:5	πῶς	πῶς	D-	--------
John 14:5	δυνάμεθα	δύναμαι	V-	1PMI-P--
John 14:5	τὴν	ὁ	RA	----ASF-
John 14:5	ὁδὸν	ὁδός	N-	----ASF-
John 14:5	εἰδέναι	οἶδα	V-	-XAN----
John 14:6	λέγει	λέγω	V-	3PAI-S--
John 14:6	αὐτῷ	αὐτός	RP	----DSM-
John 14:6	ὁ	ὁ	RA	----NSM-
John 14:6	Ἰησοῦς	Ἰησοῦς	N-	----NSM-
John 14:6	Ἐγώ	ἐγώ	RP	----NS--
John 14:6	εἰμι	εἰμί	V-	1PAI-S--
John 14:6	ἡ	ὁ	RA	----NSF-
John 14:6	ὁδὸς	ὁδός	N-	----NSF-
John 14:6	καὶ	καί	C-	--------
John 14:6	ἡ	ὁ	RA	----NSF-
John 14:6	ἀλήθεια	ἀλήθεια	N-	----NSF-
John 14:6	καὶ	καί	C-	--------
John 14:6	ἡ	ὁ	RA	----NSF-
John 14:6	ζωή	ζωή	N-	----NSF-
John 14:6	οὐδεὶς	οὐδείς	A-	----NSM-
John 14:6	ἔρχεται	ἔρχομαι	V-	3PMI-S--
John 14:6	πρὸς	πρός	P-	--------
John 14:6	τὸν	ὁ	RA	----ASM-
John 14:6	πατέρα	πατήρ	N-	----ASM-
John 14:6	εἰ	εἰ	C-	--------
John 14:6	μὴ	μή	D-	--------
John 14:6	δι’	διά	P-	--------
John 14:6	ἐμοῦ	ἐγώ	RP	----GS--
John 14:7	εἰ	εἰ	C-	--------
John 14:7	ἐγνώκειτέ	γινώσκω	V-	2YAI-P--
John 14:7	με	ἐγώ	RP	----AS--
John 14:7	καὶ	καί	D-	--------
John 14:7	τὸν	ὁ	RA	----ASM-
John 14:7	πατέρα	πατήρ	N-	----ASM-
John 14:7	μου	ἐγώ	RP	----GS--
John 14:7	ἂν	ἄν	X-	--------
John 14:7	ᾔδειτε	οἶδα	V-	2YAI-P--
John 14:7	ἀπ’	ἀπό	P-	--------
John 14:7	ἄρτι	ἄρτι	D-	--------
John 14:7	γινώσκετε	γινώσκω	V-	2PAI-P--
John 14:7	αὐτὸν	αὐτός	RP	----ASM-
John 14:7	καὶ	καί	C-	--------
John 14:7	ἑωράκατε	ὁράω	V-	2XAI-P--
John 14:7	αὐτόν	αὐτός	RP	----ASM-
John 14:8	Λέγει	λέγω	V-	3PAI-S--
John 14:8	αὐτῷ	αὐτός	RP	----DSM-
John 14:8	Φίλιππος	Φίλιππος	N-	----NSM-
John 14:8	Κύριε	κύριος	N-	----VSM-
John 14:8	δεῖξον	δείκνυμι	V-	2AAD-S--
John 14:8	ἡμῖν	ἐγώ	RP	----DP--
John 14:8	τὸν	ὁ	RA	----ASM-
John 14:8	πατέρα	πατήρ	N-	----ASM-
John 14:8	καὶ	καί	C-	--------
John 14:8	ἀρκεῖ	ἀρκέω	V-	3PAI-S--
John 14:8	ἡμῖν	ἐγώ	RP	----DP--
John 14:9	λέγει	λέγω	V-	3PAI-S--
John 14:9	αὐτῷ	αὐτός	RP	----DSM-
John 14:9	ὁ	ὁ	RA	----NSM-
John 14:9	Ἰησοῦς	Ἰησοῦς	N-	----NSM-
John 14:9	Τοσούτῳ	τοσοῦτος	RD	----DSM-
John 14:9	χρόνῳ	χρόνος	N-	----DSM-
John 14:9	μεθ’	μετά	P-	--------
John 14:9	ὑμῶν	σύ	RP	----GP--
John 14:9	εἰμι	εἰμί	V-	1PAI-S--
John 14:9	καὶ	καί	C-	--------
John 14:9	οὐκ	οὐ	D-	--------
John 14:9	ἔγνωκάς	γινώσκω	V-	2XAI-S--
John 14:9	με	ἐγώ	RP	----AS--
John 14:9	Φίλιππε	Φίλιππος	N-	----VSM-
John 14:9	ὁ	ὁ	RA	----NSM-
John 14:9	ἑωρακὼς	ὁράω	V-	-XAPNSM-
John 14:9	ἐμὲ	ἐγώ	RP	----AS--
John 14:9	ἑώρακεν	ὁράω	V-	3XAI-S--
John 14:9	τὸν	ὁ	RA	----ASM-
John 14:9	πατέρα	πατήρ	N-	----ASM-
John 14:9	πῶς	πῶς	D-	--------
John 14:9	σὺ	σύ	RP	----NS--
John 14:9	λέγεις	λέγω	V-	2PAI-S--
John 14:9	Δεῖξον	δείκνυμι	V-	2AAD-S--
John 14:9	ἡμῖν	ἐγώ	RP	----DP--
John 14:9	τὸν	ὁ	RA	----ASM-
John 14:9	πατέρα	πατήρ	N-	----ASM-
John 14:10	οὐ	οὐ	D-	--------
John 14:10	πιστεύεις	πιστεύω	V-	2PAI-S--
John 14:10	ὅτι	ὅτι	C-	--------
John 14:10	ἐγὼ	ἐγώ	RP	----NS--
John 14:10	ἐν	ἐν	P-	--------
John 14:10	τῷ	ὁ	RA	----DSM-
John 14:10	πατρὶ	πατήρ	N-	----DSM-
John 14:10	καὶ	καί	C-	--------
John 14:10	ὁ	ὁ	RA	----NSM-
John 14:10	πατὴρ	πατήρ	N-	----NSM-
John 14:10	ἐν	ἐν	P-	--------
John 14:10	ἐμοί	ἐγώ	RP	----DS--
John 14:10	ἐστιν	εἰμί	V-	3PAI-S--
John 14:10	τὰ	ὁ	RA	----APN-
John 14:10	ῥήματα	ῥῆμα	N-	----APN-
John 14:10	ἃ	ὅς	RR	----APN-
John 14:10	ἐγὼ	ἐγώ	RP	----NS--
John 14:10	λέγω	λέγω	V-	1PAI-S--
John 14:10	ὑμῖν	σύ	RP	----DP--
John 14:10	ἀπ’	ἀπό	P-	--------
John 14:10	ἐμαυτοῦ	ἐμαυτοῦ	RP	----GSM-
John 14:10	οὐ	οὐ	D-	--------
John 14:10	λαλῶ	λαλέω	V-	1PAI-S--
John 14:10	ὁ	ὁ	RA	----NSM-
John 14:10	δὲ	δέ	C-	--------
John 14:10	πατὴρ	πατήρ	N-	----NSM-
John 14:10	ἐν	ἐν	P-	--------
John 14:10	ἐμοὶ	ἐγώ	RP	----DS--
John 14:10	μένων	μένω	V-	-PAPNSM-
John 14:10	ποιεῖ	ποιέω	V-	3PAI-S--
John 14:10	τὰ	ὁ	RA	----APN-
John 14:10	ἔργα	ἔργον	N-	----APN-
John 14:10	αὐτοῦ	αὐτός	RP	----GSM-
John 14:11	πιστεύετέ	πιστεύω	V-	2PAD-P--
John 14:11	μοι	ἐγώ	RP	----DS--
John 14:11	ὅτι	ὅτι	C-	--------
John 14:11	ἐγὼ	ἐγώ	RP	----NS--
John 14:11	ἐν	ἐν	P-	--------
John 14:11	τῷ	ὁ	RA	----DSM-
John 14:11	πατρὶ	πατήρ	N-	----DSM-
John 14:11	καὶ	καί	C-	--------
John 14:11	ὁ	ὁ	RA	----NSM-
John 14:11	πατὴρ	πατήρ	N-	----NSM-
John 14:11	ἐν	ἐν	P-	--------
John 14:11	ἐμοί	ἐγώ	RP	----DS--
John 14:11	εἰ	εἰ	C-	--------
John 14:11	δὲ	δέ	C-	--------
John 14:11	μή	μή	D-	--------
John 14:11	διὰ	διά	P-	--------
John 14:11	τὰ	ὁ	RA	----APN-
John 14:11	ἔργα	ἔργον	N-	----APN-
John 14:11	αὐτὰ	αὐτός	RP	----APN-
John 14:11	πιστεύετε	πιστεύω	V-	2PAD-P--
John 14:12	ἀμὴν	ἀμήν	X-	--------
John 14:12	ἀμὴν	ἀμήν	X-	--------
John 14:12	λέγω	λέγω	V-	1PAI-S--
John 14:12	ὑμῖν	σύ	RP	----DP--
John 14:12	ὁ	ὁ	RA	----NSM-
John 14:12	πιστεύων	πιστεύω	V-	-PAPNSM-
John 14:12	εἰς	εἰς	P-	--------
John 14:12	ἐμὲ	ἐγώ	RP	----AS--
John 14:12	τὰ	ὁ	RA	----APN-
John 14:12	ἔργα	ἔργον	N-	----APN-
John 14:12	ἃ	ὅς	RR	----APN-
John 14:12	ἐγὼ	ἐγώ	RP	----NS--
John 14:12	ποιῶ	ποιέω	V-	1PAI-S--
John 14:12	κἀκεῖνος	κἀκεῖνος	RD	----NSM-
John 14:12	ποιήσει	ποιέω	V-	3FAI-S--
John 14:12	καὶ	καί	C-	--------
John 14:12	μείζονα	μέγας	A-	----APNC
John 14:12	τούτων	οὗτος	RD	----GPN-
John 14:12	ποιήσει	ποιέω	V-	3FAI-S--
John 14:12	ὅτι	ὅτι	C-	--------
John 14:12	ἐγὼ	ἐγώ	RP	----NS--
John 14:12	πρὸς	πρός	P-	--------
John 14:12	τὸν	ὁ	RA	----ASM-
John 14:12	πατέρα	πατήρ	N-	----ASM-
John 14:12	πορεύομαι	πορεύομαι	V-	1PMI-S--
John 14:13	καὶ	καί	C-	--------
John 14:13	ὅ	ὅς	RR	----ASN-
John 14:13	τι	τις	RI	----ASN-
John 14:13	ἂν	ἄν	X-	--------
John 14:13	αἰτήσητε	αἰτέω	V-	2AAS-P--
John 14:13	ἐν	ἐν	P-	--------
John 14:13	τῷ	ὁ	RA	----DSN-
John 14:13	ὀνόματί	ὄνομα	N-	----DSN-
John 14:13	μου	ἐγώ	RP	----GS--
John 14:13	τοῦτο	οὗτος	RD	----ASN-
John 14:13	ποιήσω	ποιέω	V-	1FAI-S--
John 14:13	ἵνα	ἵνα	C-	--------
John 14:13	δοξασθῇ	δοξάζω	V-	3APS-S--
John 14:13	ὁ	ὁ	RA	----NSM-
John 14:13	πατὴρ	πατήρ	N-	----NSM-
John 14:13	ἐν	ἐν	P-	--------
John 14:13	τῷ	ὁ	RA	----DSM-
John 14:13	υἱῷ	υἱός	N-	----DSM-
John 14:14	ἐάν	ἐάν	C-	--------
John 14:14	τι	τις	RI	----ASN-
John 14:14	αἰτήσητέ	αἰτέω	V-	2AAS-P--
John 14:14	με	ἐγώ	RP	----AS--
John 14:14	ἐν	ἐν	P-	--------
John 14:14	τῷ	ὁ	RA	----DSN-
John 14:14	ὀνόματί	ὄνομα	N-	----DSN-
John 14:14	μου	ἐγώ	RP	----GS--
John 14:14	ἐγὼ	ἐγώ	RP	----NS--
John 14:14	ποιήσω	ποιέω	V-	1FAI-S--
John 14:15	Ἐὰν	ἐάν	C-	--------
John 14:15	ἀγαπᾶτέ	ἀγαπάω	V-	2PAS-P--
John 14:15	με	ἐγώ	RP	----AS--
John 14:15	τὰς	ὁ	RA	----APF-
John 14:15	ἐντολὰς	ἐντολή	N-	----APF-
John 14:15	τὰς	ὁ	RA	----APF-
John 14:15	ἐμὰς	ἐμός	A-	----APF-
John 14:15	τηρήσετε	τηρέω	V-	2FAI-P--
John 14:16	κἀγὼ	κἀγώ	RP	----NS--
John 14:16	ἐρωτήσω	ἐρωτάω	V-	1FAI-S--
John 14:16	τὸν	ὁ	RA	----ASM-
John 14:16	πατέρα	πατήρ	N-	----ASM-
John 14:16	καὶ	καί	C-	--------
John 14:16	ἄλλον	ἄλλος	A-	----ASM-
John 14:16	παράκλητον	παράκλητος	N-	----ASM-
John 14:16	δώσει	δίδωμι	V-	3FAI-S--
John 14:16	ὑμῖν	σύ	RP	----DP--
John 14:16	ἵνα	ἵνα	C-	--------
John 14:16	ᾖ	εἰμί	V-	3PAS-S--
John 14:16	μεθ’	μετά	P-	--------
John 14:16	ὑμῶν	σύ	RP	----GP--
John 14:16	εἰς	εἰς	P-	--------
John 14:16	τὸν	ὁ	RA	----ASM-
John 14:16	αἰῶνα	αἰών	N-	----ASM-
John 14:17	τὸ	ὁ	RA	----ASN-
John 14:17	πνεῦμα	πνεῦμα	N-	----ASN-
John 14:17	τῆς	ὁ	RA	----GSF-
John 14:17	ἀληθείας	ἀλήθεια	N-	----GSF-
John 14:17	ὃ	ὅς	RR	----ASN-
John 14:17	ὁ	ὁ	RA	----NSM-
John 14:17	κόσμος	κόσμος	N-	----NSM-
John 14:17	οὐ	οὐ	D-	--------
John 14:17	δύναται	δύναμαι	V-	3PMI-S--
John 14:17	λαβεῖν	λαμβάνω	V-	-AAN----
John 14:17	ὅτι	ὅτι	C-	--------
John 14:17	οὐ	οὐ	D-	--------
John 14:17	θεωρεῖ	θεωρέω	V-	3PAI-S--
John 14:17	αὐτὸ	αὐτός	RP	----ASN-
John 14:17	οὐδὲ	οὐδέ	C-	--------
John 14:17	γινώσκει	γινώσκω	V-	3PAI-S--
John 14:17	ὑμεῖς	σύ	RP	----NP--
John 14:17	γινώσκετε	γινώσκω	V-	2PAI-P--
John 14:17	αὐτό	αὐτός	RP	----ASN-
John 14:17	ὅτι	ὅτι	C-	--------
John 14:17	παρ’	παρά	P-	--------
John 14:17	ὑμῖν	σύ	RP	----DP--
John 14:17	μένει	μένω	V-	3PAI-S--
John 14:17	καὶ	καί	C-	--------
John 14:17	ἐν	ἐν	P-	--------
John 14:17	ὑμῖν	σύ	RP	----DP--
John 14:17	ἔσται	εἰμί	V-	3FMI-S--
John 14:18	Οὐκ	οὐ	D-	--------
John 14:18	ἀφήσω	ἀφίημι	V-	1FAI-S--
John 14:18	ὑμᾶς	σύ	RP	----AP--
John 14:18	ὀρφανούς	ὀρφανός	A-	----APM-
John 14:18	ἔρχομαι	ἔρχομαι	V-	1PMI-S--
John 14:18	πρὸς	πρός	P-	--------
John 14:18	ὑμᾶς	σύ	RP	----AP--
John 14:19	ἔτι	ἔτι	D-	--------
John 14:19	μικρὸν	μικρός	A-	----ASN-
John 14:19	καὶ	καί	C-	--------
John 14:19	ὁ	ὁ	RA	----NSM-
John 14:19	κόσμος	κόσμος	N-	----NSM-
John 14:19	με	ἐγώ	RP	----AS--
John 14:19	οὐκέτι	οὐκέτι	D-	--------
John 14:19	θεωρεῖ	θεωρέω	V-	3PAI-S--
John 14:19	ὑμεῖς	σύ	RP	----NP--
John 14:19	δὲ	δέ	C-	--------
John 14:19	θεωρεῖτέ	θεωρέω	V-	2PAI-P--
John 14:19	με	ἐγώ	RP	----AS--
John 14:19	ὅτι	ὅτι	C-	--------
John 14:19	ἐγὼ	ἐγώ	RP	----NS--
John 14:19	ζῶ	ζάω	V-	1PAI-S--
John 14:19	καὶ	καί	D-	--------
John 14:19	ὑμεῖς	σύ	RP	----NP--
John 14:19	ζήσετε	ζάω	V-	2FAI-P--
John 14:20	ἐν	ἐν	P-	--------
John 14:20	ἐκείνῃ	ἐκεῖνος	RD	----DSF-
John 14:20	τῇ	ὁ	RA	----DSF-
John 14:20	ἡμέρᾳ	ἡμέρα	N-	----DSF-
John 14:20	γνώσεσθε	γινώσκω	V-	2FMI-P--
John 14:20	ὑμεῖς	σύ	RP	----NP--
John 14:20	ὅτι	ὅτι	C-	--------
John 14:20	ἐγὼ	ἐγώ	RP	----NS--
John 14:20	ἐν	ἐν	P-	--------
John 14:20	τῷ	ὁ	RA	----DSM-
John 14:20	πατρί	πατήρ	N-	----DSM-
John 14:20	μου	ἐγώ	RP	----GS--
John 14:20	καὶ	καί	C-	--------
John 14:20	ὑμεῖς	σύ	RP	----NP--
John 14:20	ἐν	ἐν	P-	--------
John 14:20	ἐμοὶ	ἐγώ	RP	----DS--
John 14:20	κἀγὼ	κἀγώ	RP	----NS--
John 14:20	ἐν	ἐν	P-	--------
John 14:20	ὑμῖν	σύ	RP	----DP--
John 14:21	ὁ	ὁ	RA	----NSM-
John 14:21	ἔχων	ἔχω	V-	-PAPNSM-
John 14:21	τὰς	ὁ	RA	----APF-
John 14:21	ἐντολάς	ἐντολή	N-	----APF-
John 14:21	μου	ἐγώ	RP	----GS--
John 14:21	καὶ	καί	C-	--------
John 14:21	τηρῶν	τηρέω	V-	-PAPNSM-
John 14:21	αὐτὰς	αὐτός	RP	----APF-
John 14:21	ἐκεῖνός	ἐκεῖνος	RD	----NSM-
John 14:21	ἐστιν	εἰμί	V-	3PAI-S--
John 14:21	ὁ	ὁ	RA	----NSM-
John 14:21	ἀγαπῶν	ἀγαπάω	V-	-PAPNSM-
John 14:21	με	ἐγώ	RP	----AS--
John 14:21	ὁ	ὁ	RA	----NSM-
John 14:21	δὲ	δέ	C-	--------
John 14:21	ἀγαπῶν	ἀγαπάω	V-	-PAPNSM-
John 14:21	με	ἐγώ	RP	----AS--
John 14:21	ἀγαπηθήσεται	ἀγαπάω	V-	3FPI-S--
John 14:21	ὑπὸ	ὑπό	P-	--------
John 14:21	τοῦ	ὁ	RA	----GSM-
John 14:21	πατρός	πατήρ	N-	----GSM-
John 14:21	μου	ἐγώ	RP	----GS--
John 14:21	κἀγὼ	κἀγώ	RP	----NS--
John 14:21	ἀγαπήσω	ἀγαπάω	V-	1FAI-S--
John 14:21	αὐτὸν	αὐτός	RP	----ASM-
John 14:21	καὶ	καί	C-	--------
John 14:21	ἐμφανίσω	ἐμφανίζω	V-	1FAI-S--
John 14:21	αὐτῷ	αὐτός	RP	----DSM-
John 14:21	ἐμαυτόν	ἐμαυτοῦ	RP	----ASM-
John 14:22	λέγει	λέγω	V-	3PAI-S--
John 14:22	αὐτῷ	αὐτός	RP	----DSM-
John 14:22	Ἰούδας	Ἰούδας	N-	----NSM-
John 14:22	οὐχ	οὐ	D-	--------
John 14:22	ὁ	ὁ	RA	----NSM-
John 14:22	Ἰσκαριώτης	Ἰσκαριώτης	N-	----NSM-
John 14:22	Κύριε	κύριος	N-	----VSM-
John 14:22	τί	τίς	RI	----NSN-
John 14:22	γέγονεν	γίνομαι	V-	3XAI-S--
John 14:22	ὅτι	ὅτι	C-	--------
John 14:22	ἡμῖν	ἐγώ	RP	----DP--
John 14:22	μέλλεις	μέλλω	V-	2PAI-S--
John 14:22	ἐμφανίζειν	ἐμφανίζω	V-	-PAN----
John 14:22	σεαυτὸν	σεαυτοῦ	RP	----ASM-
John 14:22	καὶ	καί	C-	--------
John 14:22	οὐχὶ	οὐχί	D-	--------
John 14:22	τῷ	ὁ	RA	----DSM-
John 14:22	κόσμῳ	κόσμος	N-	----DSM-
John 14:23	ἀπεκρίθη	ἀποκρίνομαι	V-	3API-S--
John 14:23	Ἰησοῦς	Ἰησοῦς	N-	----NSM-
John 14:23	καὶ	καί	C-	--------
John 14:23	εἶπεν	λέγω	V-	3AAI-S--
John 14:23	αὐτῷ	αὐτός	RP	----DSM-
John 14:23	Ἐάν	ἐάν	C-	--------
John 14:23	τις	τις	RI	----NSM-
John 14:23	ἀγαπᾷ	ἀγαπάω	V-	3PAS-S--
John 14:23	με	ἐγώ	RP	----AS--
John 14:23	τὸν	ὁ	RA	----ASM-
John 14:23	λόγον	λόγος	N-	----ASM-
John 14:23	μου	ἐγώ	RP	----GS--
John 14:23	τηρήσει	τηρέω	V-	3FAI-S--
John 14:23	καὶ	καί	C-	--------
John 14:23	ὁ	ὁ	RA	----NSM-
John 14:23	πατήρ	πατήρ	N-	----NSM-
John 14:23	μου	ἐγώ	RP	----GS--
John 14:23	ἀγαπήσει	ἀγαπάω	V-	3FAI-S--
John 14:23	αὐτόν	αὐτός	RP	----ASM-
John 14:23	καὶ	καί	C-	--------
John 14:23	πρὸς	πρός	P-	--------
John 14:23	αὐτὸν	αὐτός	RP	----ASM-
John 14:23	ἐλευσόμεθα	ἔρχομαι	V-	1FMI-P--
John 14:23	καὶ	καί	C-	--------
John 14:23	μονὴν	μονή	N-	----ASF-
John 14:23	παρ’	παρά	P-	--------
John 14:23	αὐτῷ	αὐτός	RP	----DSM-
John 14:23	ποιησόμεθα	ποιέω	V-	1FMI-P--
John 14:24	ὁ	ὁ	RA	----NSM-
John 14:24	μὴ	μή	D-	--------
John 14:24	ἀγαπῶν	ἀγαπάω	V-	-PAPNSM-
John 14:24	με	ἐγώ	RP	----AS--
John 14:24	τοὺς	ὁ	RA	----APM-
John 14:24	λόγους	λόγος	N-	----APM-
John 14:24	μου	ἐγώ	RP	----GS--
John 14:24	οὐ	οὐ	D-	--------
John 14:24	τηρεῖ	τηρέω	V-	3PAI-S--
John 14:24	καὶ	καί	C-	--------
John 14:24	ὁ	ὁ	RA	----NSM-
John 14:24	λόγος	λόγος	N-	----NSM-
John 14:24	ὃν	ὅς	RR	----ASM-
John 14:24	ἀκούετε	ἀκούω	V-	2PAI-P--
John 14:24	οὐκ	οὐ	D-	--------
John 14:24	ἔστιν	εἰμί	V-	3PAI-S--
John 14:24	ἐμὸς	ἐμός	A-	----NSM-
John 14:24	ἀλλὰ	ἀλλά	C-	--------
John 14:24	τοῦ	ὁ	RA	----GSM-
John 14:24	πέμψαντός	πέμπω	V-	-AAPGSM-
John 14:24	με	ἐγώ	RP	----AS--
John 14:24	πατρός	πατήρ	N-	----GSM-
John 14:25	Ταῦτα	οὗτος	RD	----APN-
John 14:25	λελάληκα	λαλέω	V-	1XAI-S--
John 14:25	ὑμῖν	σύ	RP	----DP--
John 14:25	παρ’	παρά	P-	--------
John 14:25	ὑμῖν	σύ	RP	----DP--
John 14:25	μένων	μένω	V-	-PAPNSM-
John 14:26	ὁ	ὁ	RA	----NSM-
John 14:26	δὲ	δέ	C-	--------
John 14:26	παράκλητος	παράκλητος	N-	----NSM-
John 14:26	τὸ	ὁ	RA	----NSN-
John 14:26	πνεῦμα	πνεῦμα	N-	----NSN-
John 14:26	τὸ	ὁ	RA	----NSN-
John 14:26	ἅγιον	ἅγιος	A-	----NSN-
John 14:26	ὃ	ὅς	RR	----ASN-
John 14:26	πέμψει	πέμπω	V-	3FAI-S--
John 14:26	ὁ	ὁ	RA	----NSM-
John 14:26	πατὴρ	πατήρ	N-	----NSM-
John 14:26	ἐν	ἐν	P-	--------
John 14:26	τῷ	ὁ	RA	----DSN-
John 14:26	ὀνόματί	ὄνομα	N-	----DSN-
John 14:26	μου	ἐγώ	RP	----GS--
John 14:26	ἐκεῖνος	ἐκεῖνος	RD	----NSM-
John 14:26	ὑμᾶς	σύ	RP	----AP--
John 14:26	διδάξει	διδάσκω	V-	3FAI-S--
John 14:26	πάντα	πᾶς	A-	----APN-
John 14:26	καὶ	καί	C-	--------
John 14:26	ὑπομνήσει	ὑπομιμνῄσκω	V-	3FAI-S--
John 14:26	ὑμᾶς	σύ	RP	----AP--
John 14:26	πάντα	πᾶς	A-	----APN-
John 14:26	ἃ	ὅς	RR	----APN-
John 14:26	εἶπον	λέγω	V-	1AAI-S--
John 14:26	ὑμῖν	σύ	RP	----DP--
John 14:27	εἰρήνην	εἰρήνη	N-	----ASF-
John 14:27	ἀφίημι	ἀφίημι	V-	1PAI-S--
John 14:27	ὑμῖν	σύ	RP	----DP--
John 14:27	εἰρήνην	εἰρήνη	N-	----ASF-
John 14:27	τὴν	ὁ	RA	----ASF-
John 14:27	ἐμὴν	ἐμός	A-	----ASF-
John 14:27	δίδωμι	δίδωμι	V-	1PAI-S--
John 14:27	ὑμῖν	σύ	RP	----DP--
John 14:27	οὐ	οὐ	D-	--------
John 14:27	καθὼς	καθώς	C-	--------
John 14:27	ὁ	ὁ	RA	----NSM-
John 14:27	κόσμος	κόσμος	N-	----NSM-
John 14:27	δίδωσιν	δίδωμι	V-	3PAI-S--
John 14:27	ἐγὼ	ἐγώ	RP	----NS--
John 14:27	δίδωμι	δίδωμι	V-	1PAI-S--
John 14:27	ὑμῖν	σύ	RP	----DP--
John 14:27	μὴ	μή	D-	--------
John 14:27	ταρασσέσθω	ταράσσω	V-	3PPD-S--
John 14:27	ὑμῶν	σύ	RP	----GP--
John 14:27	ἡ	ὁ	RA	----NSF-
John 14:27	καρδία	καρδία	N-	----NSF-
John 14:27	μηδὲ	μηδέ	C-	--------
John 14:27	δειλιάτω	δειλιάω	V-	3PAD-S--
John 14:28	ἠκούσατε	ἀκούω	V-	2AAI-P--
John 14:28	ὅτι	ὅτι	C-	--------
John 14:28	ἐγὼ	ἐγώ	RP	----NS--
John 14:28	εἶπον	λέγω	V-	1AAI-S--
John 14:28	ὑμῖν	σύ	RP	----DP--
John 14:28	Ὑπάγω	ὑπάγω	V-	1PAI-S--
John 14:28	καὶ	καί	C-	--------
John 14:28	ἔρχομαι	ἔρχομαι	V-	1PMI-S--
John 14:28	πρὸς	πρός	P-	--------
John 14:28	ὑμᾶς	σύ	RP	----AP--
John 14:28	εἰ	εἰ	C-	--------
John 14:28	ἠγαπᾶτέ	ἀγαπάω	V-	2IAI-P--
John 14:28	με	ἐγώ	RP	----AS--
John 14:28	ἐχάρητε	χαίρω	V-	2API-P--
John 14:28	ἄν	ἄν	X-	--------
John 14:28	ὅτι	ὅτι	C-	--------
John 14:28	πορεύομαι	πορεύομαι	V-	1PMI-S--
John 14:28	πρὸς	πρός	P-	--------
John 14:28	τὸν	ὁ	RA	----ASM-
John 14:28	πατέρα	πατήρ	N-	----ASM-
John 14:28	ὅτι	ὅτι	C-	--------
John 14:28	ὁ	ὁ	RA	----NSM-
John 14:28	πατὴρ	πατήρ	N-	----NSM-
John 14:28	μείζων	μέγας	A-	----NSMC
John 14:28	μού	ἐγώ	RP	----GS--
John 14:28	ἐστιν	εἰμί	V-	3PAI-S--
John 14:29	καὶ	καί	C-	--------
John 14:29	νῦν	νῦν	D-	--------
John 14:29	εἴρηκα	λέγω	V-	1XAI-S--
John 14:29	ὑμῖν	σύ	RP	----DP--
John 14:29	πρὶν	πρίν	D-	--------
John 14:29	γενέσθαι	γίνομαι	V-	-AMN----
John 14:29	ἵνα	ἵνα	C-	--------
John 14:29	ὅταν	ὅταν	C-	--------
John 14:29	γένηται	γίνομαι	V-	3AMS-S--
John 14:29	πιστεύσητε	πιστεύω	V-	2AAS-P--
John 14:30	οὐκέτι	οὐκέτι	D-	--------
John 14:30	πολλὰ	πολύς	A-	----APN-
John 14:30	λαλήσω	λαλέω	V-	1FAI-S--
John 14:30	μεθ’	μετά	P-	--------
John 14:30	ὑμῶν	σύ	RP	----GP--
John 14:30	ἔρχεται	ἔρχομαι	V-	3PMI-S--
John 14:30	γὰρ	γάρ	C-	--------
John 14:30	ὁ	ὁ	RA	----NSM-
John 14:30	τοῦ	ὁ	RA	----GSM-
John 14:30	κόσμου	κόσμος	N-	----GSM-
John 14:30	ἄρχων	ἄρχων	N-	----NSM-
John 14:30	καὶ	καί	C-	--------
John 14:30	ἐν	ἐν	P-	--------
John 14:30	ἐμοὶ	ἐγώ	RP	----DS--
John 14:30	οὐκ	οὐ	D-	--------
John 14:30	ἔχει	ἔχω	V-	3PAI-S--
John 14:30	οὐδέν	οὐδείς	A-	----ASN-
John 14:31	ἀλλ’	ἀλλά	C-	--------
John 14:31	ἵνα	ἵνα	C-	--------
John 14:31	γνῷ	γινώσκω	V-	3AAS-S--
John 14:31	ὁ	ὁ	RA	----NSM-
John 14:31	κόσμος	κόσμος	N-	----NSM-
John 14:31	ὅτι	ὅτι	C-	--------
John 14:31	ἀγαπῶ	ἀγαπάω	V-	1PAI-S--
John 14:31	τὸν	ὁ	RA	----ASM-
John 14:31	πατέρα	πατήρ	N-	----ASM-
John 14:31	καὶ	καί	C-	--------
John 14:31	καθὼς	καθώς	C-	--------
John 14:31	ἐνετείλατο	ἐντέλλομαι	V-	3AMI-S--
John 14:31	μοι	ἐγώ	RP	----DS--
John 14:31	ὁ	ὁ	RA	----NSM-
John 14:31	πατὴρ	πατήρ	N-	----NSM-
John 14:31	οὕτως	οὕτω(ς)	D-	--------
John 14:31	ποιῶ	ποιέω	V-	1PAI-S--
John 14:31	Ἐγείρεσθε	ἐγείρω	V-	2PPD-P--
John 14:31	ἄγωμεν	ἄγω	V-	1PAS-P--
John 14:31	ἐντεῦθεν	ἐντεῦθεν	D-	--------
John 15:1	Ἐγώ	ἐγώ	RP	----NS--
John 15:1	εἰμι	εἰμί	V-	1PAI-S--
John 15:1	ἡ	ὁ	RA	----NSF-
John 15:1	ἄμπελος	ἄμπελος	N-	----NSF-
John 15:1	ἡ	ὁ	RA	----NSF-
John 15:1	ἀληθινή	ἀληθινός	A-	----NSF-
John 15:1	καὶ	καί	C-	--------
John 15:1	ὁ	ὁ	RA	----NSM-
John 15:1	πατήρ	πατήρ	N-	----NSM-
John 15:1	μου	ἐγώ	RP	----GS--
John 15:1	ὁ	ὁ	RA	----NSM-
John 15:1	γεωργός	γεωργός	N-	----NSM-
John 15:1	ἐστιν	εἰμί	V-	3PAI-S--
John 15:2	πᾶν	πᾶς	A-	----ASN-
John 15:2	κλῆμα	κλῆμα	N-	----ASN-
John 15:2	ἐν	ἐν	P-	--------
John 15:2	ἐμοὶ	ἐγώ	RP	----DS--
John 15:2	μὴ	μή	D-	--------
John 15:2	φέρον	φέρω	V-	-PAPASN-
John 15:2	καρπὸν	καρπός	N-	----ASM-
John 15:2	αἴρει	αἴρω	V-	3PAI-S--
John 15:2	αὐτό	αὐτός	RP	----ASN-
John 15:2	καὶ	καί	C-	--------
John 15:2	πᾶν	πᾶς	A-	----ASN-
John 15:2	τὸ	ὁ	RA	----ASN-
John 15:2	καρπὸν	καρπός	N-	----ASM-
John 15:2	φέρον	φέρω	V-	-PAPASN-
John 15:2	καθαίρει	καθαίρω	V-	3PAI-S--
John 15:2	αὐτὸ	αὐτός	RP	----ASN-
John 15:2	ἵνα	ἵνα	C-	--------
John 15:2	καρπὸν	καρπός	N-	----ASM-
John 15:2	πλείονα	πολύς	A-	----ASMC
John 15:2	φέρῃ	φέρω	V-	3PAS-S--
John 15:3	ἤδη	ἤδη	D-	--------
John 15:3	ὑμεῖς	σύ	RP	----NP--
John 15:3	καθαροί	καθαρός	A-	----NPM-
John 15:3	ἐστε	εἰμί	V-	2PAI-P--
John 15:3	διὰ	διά	P-	--------
John 15:3	τὸν	ὁ	RA	----ASM-
John 15:3	λόγον	λόγος	N-	----ASM-
John 15:3	ὃν	ὅς	RR	----ASM-
John 15:3	λελάληκα	λαλέω	V-	1XAI-S--
John 15:3	ὑμῖν	σύ	RP	----DP--
John 15:4	μείνατε	μένω	V-	2AAD-P--
John 15:4	ἐν	ἐν	P-	--------
John 15:4	ἐμοί	ἐγώ	RP	----DS--
John 15:4	κἀγὼ	κἀγώ	RP	----NS--
John 15:4	ἐν	ἐν	P-	--------
John 15:4	ὑμῖν	σύ	RP	----DP--
John 15:4	καθὼς	καθώς	C-	--------
John 15:4	τὸ	ὁ	RA	----NSN-
John 15:4	κλῆμα	κλῆμα	N-	----NSN-
John 15:4	οὐ	οὐ	D-	--------
John 15:4	δύναται	δύναμαι	V-	3PMI-S--
John 15:4	καρπὸν	καρπός	N-	----ASM-
John 15:4	φέρειν	φέρω	V-	-PAN----
John 15:4	ἀφ’	ἀπό	P-	--------
John 15:4	ἑαυτοῦ	ἑαυτοῦ	RP	----GSN-
John 15:4	ἐὰν	ἐάν	C-	--------
John 15:4	μὴ	μή	D-	--------
John 15:4	μένῃ	μένω	V-	3PAS-S--
John 15:4	ἐν	ἐν	P-	--------
John 15:4	τῇ	ὁ	RA	----DSF-
John 15:4	ἀμπέλῳ	ἄμπελος	N-	----DSF-
John 15:4	οὕτως	οὕτω(ς)	D-	--------
John 15:4	οὐδὲ	οὐδέ	D-	--------
John 15:4	ὑμεῖς	σύ	RP	----NP--
John 15:4	ἐὰν	ἐάν	C-	--------
John 15:4	μὴ	μή	D-	--------
John 15:4	ἐν	ἐν	P-	--------
John 15:4	ἐμοὶ	ἐγώ	RP	----DS--
John 15:4	μένητε	μένω	V-	2PAS-P--
John 15:5	ἐγώ	ἐγώ	RP	----NS--
John 15:5	εἰμι	εἰμί	V-	1PAI-S--
John 15:5	ἡ	ὁ	RA	----NSF-
John 15:5	ἄμπελος	ἄμπελος	N-	----NSF-
John 15:5	ὑμεῖς	σύ	RP	----NP--
John 15:5	τὰ	ὁ	RA	----NPN-
John 15:5	κλήματα	κλῆμα	N-	----NPN-
John 15:5	ὁ	ὁ	RA	----NSM-
John 15:5	μένων	μένω	V-	-PAPNSM-
John 15:5	ἐν	ἐν	P-	--------
John 15:5	ἐμοὶ	ἐγώ	RP	----DS--
John 15:5	κἀγὼ	κἀγώ	RP	----NS--
John 15:5	ἐν	ἐν	P-	--------
John 15:5	αὐτῷ	αὐτός	RP	----DSM-
John 15:5	οὗτος	οὗτος	RD	----NSM-
John 15:5	φέρει	φέρω	V-	3PAI-S--
John 15:5	καρπὸν	καρπός	N-	----ASM-
John 15:5	πολύν	πολύς	A-	----ASM-
John 15:5	ὅτι	ὅτι	C-	--------
John 15:5	χωρὶς	χωρίς	P-	--------
John 15:5	ἐμοῦ	ἐγώ	RP	----GS--
John 15:5	οὐ	οὐ	D-	--------
John 15:5	δύνασθε	δύναμαι	V-	2PMI-P--
John 15:5	ποιεῖν	ποιέω	V-	-PAN----
John 15:5	οὐδέν	οὐδείς	A-	----ASN-
John 15:6	ἐὰν	ἐάν	C-	--------
John 15:6	μή	μή	D-	--------
John 15:6	τις	τις	RI	----NSM-
John 15:6	μένῃ	μένω	V-	3PAS-S--
John 15:6	ἐν	ἐν	P-	--------
John 15:6	ἐμοί	ἐγώ	RP	----DS--
John 15:6	ἐβλήθη	βάλλω	V-	3API-S--
John 15:6	ἔξω	ἔξω	D-	--------
John 15:6	ὡς	ὡς	C-	--------
John 15:6	τὸ	ὁ	RA	----NSN-
John 15:6	κλῆμα	κλῆμα	N-	----NSN-
John 15:6	καὶ	καί	C-	--------
John 15:6	ἐξηράνθη	ξηραίνω	V-	3API-S--
John 15:6	καὶ	καί	C-	--------
John 15:6	συνάγουσιν	συνάγω	V-	3PAI-P--
John 15:6	αὐτὰ	αὐτός	RP	----APN-
John 15:6	καὶ	καί	C-	--------
John 15:6	εἰς	εἰς	P-	--------
John 15:6	τὸ	ὁ	RA	----ASN-
John 15:6	πῦρ	πῦρ	N-	----ASN-
John 15:6	βάλλουσιν	βάλλω	V-	3PAI-P--
John 15:6	καὶ	καί	C-	--------
John 15:6	καίεται	καίω	V-	3PPI-S--
John 15:7	ἐὰν	ἐάν	C-	--------
John 15:7	μείνητε	μένω	V-	2AAS-P--
John 15:7	ἐν	ἐν	P-	--------
John 15:7	ἐμοὶ	ἐγώ	RP	----DS--
John 15:7	καὶ	καί	C-	--------
John 15:7	τὰ	ὁ	RA	----NPN-
John 15:7	ῥήματά	ῥῆμα	N-	----NPN-
John 15:7	μου	ἐγώ	RP	----GS--
John 15:7	ἐν	ἐν	P-	--------
John 15:7	ὑμῖν	σύ	RP	----DP--
John 15:7	μείνῃ	μένω	V-	3AAS-S--
John 15:7	ὃ	ὅς	RR	----ASN-
John 15:7	ἐὰν	ἐάν	X-	--------
John 15:7	θέλητε	θέλω	V-	2PAS-P--
John 15:7	αἰτήσασθε	αἰτέω	V-	2AMD-P--
John 15:7	καὶ	καί	C-	--------
John 15:7	γενήσεται	γίνομαι	V-	3FMI-S--
John 15:7	ὑμῖν	σύ	RP	----DP--
John 15:8	ἐν	ἐν	P-	--------
John 15:8	τούτῳ	οὗτος	RD	----DSN-
John 15:8	ἐδοξάσθη	δοξάζω	V-	3API-S--
John 15:8	ὁ	ὁ	RA	----NSM-
John 15:8	πατήρ	πατήρ	N-	----NSM-
John 15:8	μου	ἐγώ	RP	----GS--
John 15:8	ἵνα	ἵνα	D-	--------
John 15:8	καρπὸν	καρπός	N-	----ASM-
John 15:8	πολὺν	πολύς	A-	----ASM-
John 15:8	φέρητε	φέρω	V-	2PAS-P--
John 15:8	καὶ	καί	C-	--------
John 15:8	γένησθε	γίνομαι	V-	2AMS-P--
John 15:8	ἐμοὶ	ἐμός	A-	----NPM-
John 15:8	μαθηταί	μαθητής	N-	----NPM-
John 15:9	καθὼς	καθώς	C-	--------
John 15:9	ἠγάπησέν	ἀγαπάω	V-	3AAI-S--
John 15:9	με	ἐγώ	RP	----AS--
John 15:9	ὁ	ὁ	RA	----NSM-
John 15:9	πατήρ	πατήρ	N-	----NSM-
John 15:9	κἀγὼ	κἀγώ	RP	----NS--
John 15:9	ὑμᾶς	σύ	RP	----AP--
John 15:9	ἠγάπησα	ἀγαπάω	V-	1AAI-S--
John 15:9	μείνατε	μένω	V-	2AAD-P--
John 15:9	ἐν	ἐν	P-	--------
John 15:9	τῇ	ὁ	RA	----DSF-
John 15:9	ἀγάπῃ	ἀγάπη	N-	----DSF-
John 15:9	τῇ	ὁ	RA	----DSF-
John 15:9	ἐμῇ	ἐμός	A-	----DSF-
John 15:10	ἐὰν	ἐάν	C-	--------
John 15:10	τὰς	ὁ	RA	----APF-
John 15:10	ἐντολάς	ἐντολή	N-	----APF-
John 15:10	μου	ἐγώ	RP	----GS--
John 15:10	τηρήσητε	τηρέω	V-	2AAS-P--
John 15:10	μενεῖτε	μένω	V-	2FAI-P--
John 15:10	ἐν	ἐν	P-	--------
John 15:10	τῇ	ὁ	RA	----DSF-
John 15:10	ἀγάπῃ	ἀγάπη	N-	----DSF-
John 15:10	μου	ἐγώ	RP	----GS--
John 15:10	καθὼς	καθώς	C-	--------
John 15:10	ἐγὼ	ἐγώ	RP	----NS--
John 15:10	τὰς	ὁ	RA	----APF-
John 15:10	ἐντολὰς	ἐντολή	N-	----APF-
John 15:10	τοῦ	ὁ	RA	----GSM-
John 15:10	πατρός	πατήρ	N-	----GSM-
John 15:10	μου	ἐγώ	RP	----GS--
John 15:10	τετήρηκα	τηρέω	V-	1XAI-S--
John 15:10	καὶ	καί	C-	--------
John 15:10	μένω	μένω	V-	1PAI-S--
John 15:10	αὐτοῦ	αὐτός	RP	----GSM-
John 15:10	ἐν	ἐν	P-	--------
John 15:10	τῇ	ὁ	RA	----DSF-
John 15:10	ἀγάπῃ	ἀγάπη	N-	----DSF-
John 15:11	ταῦτα	οὗτος	RD	----APN-
John 15:11	λελάληκα	λαλέω	V-	1XAI-S--
John 15:11	ὑμῖν	σύ	RP	----DP--
John 15:11	ἵνα	ἵνα	C-	--------
John 15:11	ἡ	ὁ	RA	----NSF-
John 15:11	χαρὰ	χαρά	N-	----NSF-
John 15:11	ἡ	ὁ	RA	----NSF-
John 15:11	ἐμὴ	ἐμός	A-	----NSF-
John 15:11	ἐν	ἐν	P-	--------
John 15:11	ὑμῖν	σύ	RP	----DP--
John 15:11	ᾖ	εἰμί	V-	3PAS-S--
John 15:11	καὶ	καί	C-	--------
John 15:11	ἡ	ὁ	RA	----NSF-
John 15:11	χαρὰ	χαρά	N-	----NSF-
John 15:11	ὑμῶν	σύ	RP	----GP--
John 15:11	πληρωθῇ	πληρόω	V-	3APS-S--
John 15:12	Αὕτη	οὗτος	RD	----NSF-
John 15:12	ἐστὶν	εἰμί	V-	3PAI-S--
John 15:12	ἡ	ὁ	RA	----NSF-
John 15:12	ἐντολὴ	ἐντολή	N-	----NSF-
John 15:12	ἡ	ὁ	RA	----NSF-
John 15:12	ἐμὴ	ἐμός	A-	----NSF-
John 15:12	ἵνα	ἵνα	D-	--------
John 15:12	ἀγαπᾶτε	ἀγαπάω	V-	2PAS-P--
John 15:12	ἀλλήλους	ἀλλήλων	RP	----APM-
John 15:12	καθὼς	καθώς	C-	--------
John 15:12	ἠγάπησα	ἀγαπάω	V-	1AAI-S--
John 15:12	ὑμᾶς	σύ	RP	----AP--
John 15:13	μείζονα	μέγας	A-	----ASFC
John 15:13	ταύτης	οὗτος	RD	----GSF-
John 15:13	ἀγάπην	ἀγάπη	N-	----ASF-
John 15:13	οὐδεὶς	οὐδείς	A-	----NSM-
John 15:13	ἔχει	ἔχω	V-	3PAI-S--
John 15:13	ἵνα	ἵνα	C-	--------
John 15:13	τις	τις	RI	----NSM-
John 15:13	τὴν	ὁ	RA	----ASF-
John 15:13	ψυχὴν	ψυχή	N-	----ASF-
John 15:13	αὐτοῦ	αὐτός	RP	----GSM-
John 15:13	θῇ	τίθημι	V-	3AAS-S--
John 15:13	ὑπὲρ	ὑπέρ	P-	--------
John 15:13	τῶν	ὁ	RA	----GPM-
John 15:13	φίλων	φίλος	A-	----GPM-
John 15:13	αὐτοῦ	αὐτός	RP	----GSM-
John 15:14	ὑμεῖς	σύ	RP	----NP--
John 15:14	φίλοι	φίλος	A-	----NPM-
John 15:14	μού	ἐγώ	RP	----GS--
John 15:14	ἐστε	εἰμί	V-	2PAI-P--
John 15:14	ἐὰν	ἐάν	C-	--------
John 15:14	ποιῆτε	ποιέω	V-	2PAS-P--
John 15:14	ἃ	ὅς	RR	----APN-
John 15:14	ἐγὼ	ἐγώ	RP	----NS--
John 15:14	ἐντέλλομαι	ἐντέλλομαι	V-	1PMI-S--
John 15:14	ὑμῖν	σύ	RP	----DP--
John 15:15	οὐκέτι	οὐκέτι	D-	--------
John 15:15	λέγω	λέγω	V-	1PAI-S--
John 15:15	ὑμᾶς	σύ	RP	----AP--
John 15:15	δούλους	δοῦλος	N-	----APM-
John 15:15	ὅτι	ὅτι	C-	--------
John 15:15	ὁ	ὁ	RA	----NSM-
John 15:15	δοῦλος	δοῦλος	N-	----NSM-
John 15:15	οὐκ	οὐ	D-	--------
John 15:15	οἶδεν	οἶδα	V-	3XAI-S--
John 15:15	τί	τίς	RI	----ASN-
John 15:15	ποιεῖ	ποιέω	V-	3PAI-S--
John 15:15	αὐτοῦ	αὐτός	RP	----GSM-
John 15:15	ὁ	ὁ	RA	----NSM-
John 15:15	κύριος	κύριος	N-	----NSM-
John 15:15	ὑμᾶς	σύ	RP	----AP--
John 15:15	δὲ	δέ	C-	--------
John 15:15	εἴρηκα	λέγω	V-	1XAI-S--
John 15:15	φίλους	φίλος	A-	----APM-
John 15:15	ὅτι	ὅτι	C-	--------
John 15:15	πάντα	πᾶς	A-	----APN-
John 15:15	ἃ	ὅς	RR	----APN-
John 15:15	ἤκουσα	ἀκούω	V-	1AAI-S--
John 15:15	παρὰ	παρά	P-	--------
John 15:15	τοῦ	ὁ	RA	----GSM-
John 15:15	πατρός	πατήρ	N-	----GSM-
John 15:15	μου	ἐγώ	RP	----GS--
John 15:15	ἐγνώρισα	γνωρίζω	V-	1AAI-S--
John 15:15	ὑμῖν	σύ	RP	----DP--
John 15:16	οὐχ	οὐ	D-	--------
John 15:16	ὑμεῖς	σύ	RP	----NP--
John 15:16	με	ἐγώ	RP	----AS--
John 15:16	ἐξελέξασθε	ἐκλέγομαι	V-	2AMI-P--
John 15:16	ἀλλ’	ἀλλά	C-	--------
John 15:16	ἐγὼ	ἐγώ	RP	----NS--
John 15:16	ἐξελεξάμην	ἐκλέγομαι	V-	1AMI-S--
John 15:16	ὑμᾶς	σύ	RP	----AP--
John 15:16	καὶ	καί	C-	--------
John 15:16	ἔθηκα	τίθημι	V-	1AAI-S--
John 15:16	ὑμᾶς	σύ	RP	----AP--
John 15:16	ἵνα	ἵνα	C-	--------
John 15:16	ὑμεῖς	σύ	RP	----NP--
John 15:16	ὑπάγητε	ὑπάγω	V-	2PAS-P--
John 15:16	καὶ	καί	C-	--------
John 15:16	καρπὸν	καρπός	N-	----ASM-
John 15:16	φέρητε	φέρω	V-	2PAS-P--
John 15:16	καὶ	καί	C-	--------
John 15:16	ὁ	ὁ	RA	----NSM-
John 15:16	καρπὸς	καρπός	N-	----NSM-
John 15:16	ὑμῶν	σύ	RP	----GP--
John 15:16	μένῃ	μένω	V-	3PAS-S--
John 15:16	ἵνα	ἵνα	C-	--------
John 15:16	ὅ	ὅς	RR	----ASN-
John 15:16	τι	τις	RI	----ASN-
John 15:16	ἂν	ἄν	X-	--------
John 15:16	αἰτήσητε	αἰτέω	V-	2AAS-P--
John 15:16	τὸν	ὁ	RA	----ASM-
John 15:16	πατέρα	πατήρ	N-	----ASM-
John 15:16	ἐν	ἐν	P-	--------
John 15:16	τῷ	ὁ	RA	----DSN-
John 15:16	ὀνόματί	ὄνομα	N-	----DSN-
John 15:16	μου	ἐγώ	RP	----GS--
John 15:16	δῷ	δίδωμι	V-	3AAS-S--
John 15:16	ὑμῖν	σύ	RP	----DP--
John 15:17	ταῦτα	οὗτος	RD	----APN-
John 15:17	ἐντέλλομαι	ἐντέλλομαι	V-	1PMI-S--
John 15:17	ὑμῖν	σύ	RP	----DP--
John 15:17	ἵνα	ἵνα	D-	--------
John 15:17	ἀγαπᾶτε	ἀγαπάω	V-	2PAS-P--
John 15:17	ἀλλήλους	ἀλλήλων	RP	----APM-
John 15:18	Εἰ	εἰ	C-	--------
John 15:18	ὁ	ὁ	RA	----NSM-
John 15:18	κόσμος	κόσμος	N-	----NSM-
John 15:18	ὑμᾶς	σύ	RP	----AP--
John 15:18	μισεῖ	μισέω	V-	3PAI-S--
John 15:18	γινώσκετε	γινώσκω	V-	2PAI-P--
John 15:18	ὅτι	ὅτι	C-	--------
John 15:18	ἐμὲ	ἐγώ	RP	----AS--
John 15:18	πρῶτον	πρῶτος	A-	----ASN-
John 15:18	ὑμῶν	σύ	RP	----GP--
John 15:18	μεμίσηκεν	μισέω	V-	3XAI-S--
John 15:19	εἰ	εἰ	C-	--------
John 15:19	ἐκ	ἐκ	P-	--------
John 15:19	τοῦ	ὁ	RA	----GSM-
John 15:19	κόσμου	κόσμος	N-	----GSM-
John 15:19	ἦτε	εἰμί	V-	2IAI-P--
John 15:19	ὁ	ὁ	RA	----NSM-
John 15:19	κόσμος	κόσμος	N-	----NSM-
John 15:19	ἂν	ἄν	X-	--------
John 15:19	τὸ	ὁ	RA	----ASN-
John 15:19	ἴδιον	ἴδιος	A-	----ASN-
John 15:19	ἐφίλει	φιλέω	V-	3IAI-S--
John 15:19	ὅτι	ὅτι	C-	--------
John 15:19	δὲ	δέ	C-	--------
John 15:19	ἐκ	ἐκ	P-	--------
John 15:19	τοῦ	ὁ	RA	----GSM-
John 15:19	κόσμου	κόσμος	N-	----GSM-
John 15:19	οὐκ	οὐ	D-	--------
John 15:19	ἐστέ	εἰμί	V-	2PAI-P--
John 15:19	ἀλλ’	ἀλλά	C-	--------
John 15:19	ἐγὼ	ἐγώ	RP	----NS--
John 15:19	ἐξελεξάμην	ἐκλέγομαι	V-	1AMI-S--
John 15:19	ὑμᾶς	σύ	RP	----AP--
John 15:19	ἐκ	ἐκ	P-	--------
John 15:19	τοῦ	ὁ	RA	----GSM-
John 15:19	κόσμου	κόσμος	N-	----GSM-
John 15:19	διὰ	διά	P-	--------
John 15:19	τοῦτο	οὗτος	RD	----ASN-
John 15:19	μισεῖ	μισέω	V-	3PAI-S--
John 15:19	ὑμᾶς	σύ	RP	----AP--
John 15:19	ὁ	ὁ	RA	----NSM-
John 15:19	κόσμος	κόσμος	N-	----NSM-
John 15:20	μνημονεύετε	μνημονεύω	V-	2PAD-P--
John 15:20	τοῦ	ὁ	RA	----GSM-
John 15:20	λόγου	λόγος	N-	----GSM-
John 15:20	οὗ	ὅς	RR	----GSM-
John 15:20	ἐγὼ	ἐγώ	RP	----NS--
John 15:20	εἶπον	λέγω	V-	1AAI-S--
John 15:20	ὑμῖν	σύ	RP	----DP--
John 15:20	Οὐκ	οὐ	D-	--------
John 15:20	ἔστιν	εἰμί	V-	3PAI-S--
John 15:20	δοῦλος	δοῦλος	N-	----NSM-
John 15:20	μείζων	μέγας	A-	----NSMC
John 15:20	τοῦ	ὁ	RA	----GSM-
John 15:20	κυρίου	κύριος	N-	----GSM-
John 15:20	αὐτοῦ	αὐτός	RP	----GSM-
John 15:20	εἰ	εἰ	C-	--------
John 15:20	ἐμὲ	ἐγώ	RP	----AS--
John 15:20	ἐδίωξαν	διώκω	V-	3AAI-P--
John 15:20	καὶ	καί	D-	--------
John 15:20	ὑμᾶς	σύ	RP	----AP--
John 15:20	διώξουσιν	διώκω	V-	3FAI-P--
John 15:20	εἰ	εἰ	C-	--------
John 15:20	τὸν	ὁ	RA	----ASM-
John 15:20	λόγον	λόγος	N-	----ASM-
John 15:20	μου	ἐγώ	RP	----GS--
John 15:20	ἐτήρησαν	τηρέω	V-	3AAI-P--
John 15:20	καὶ	καί	D-	--------
John 15:20	τὸν	ὁ	RA	----ASM-
John 15:20	ὑμέτερον	ὑμέτερος	A-	----ASM-
John 15:20	τηρήσουσιν	τηρέω	V-	3FAI-P--
John 15:21	ἀλλὰ	ἀλλά	C-	--------
John 15:21	ταῦτα	οὗτος	RD	----APN-
John 15:21	πάντα	πᾶς	A-	----APN-
John 15:21	ποιήσουσιν	ποιέω	V-	3FAI-P--
John 15:21	εἰς	εἰς	P-	--------
John 15:21	ὑμᾶς	σύ	RP	----AP--
John 15:21	διὰ	διά	P-	--------
John 15:21	τὸ	ὁ	RA	----ASN-
John 15:21	ὄνομά	ὄνομα	N-	----ASN-
John 15:21	μου	ἐγώ	RP	----GS--
John 15:21	ὅτι	ὅτι	C-	--------
John 15:21	οὐκ	οὐ	D-	--------
John 15:21	οἴδασιν	οἶδα	V-	3XAI-P--
John 15:21	τὸν	ὁ	RA	----ASM-
John 15:21	πέμψαντά	πέμπω	V-	-AAPASM-
John 15:21	με	ἐγώ	RP	----AS--
John 15:22	εἰ	εἰ	C-	--------
John 15:22	μὴ	μή	D-	--------
John 15:22	ἦλθον	ἔρχομαι	V-	1AAI-S--
John 15:22	καὶ	καί	C-	--------
John 15:22	ἐλάλησα	λαλέω	V-	1AAI-S--
John 15:22	αὐτοῖς	αὐτός	RP	----DPM-
John 15:22	ἁμαρτίαν	ἁμαρτία	N-	----ASF-
John 15:22	οὐκ	οὐ	D-	--------
John 15:22	εἴχοσαν	ἔχω	V-	3IAI-P--
John 15:22	νῦν	νῦν	D-	--------
John 15:22	δὲ	δέ	C-	--------
John 15:22	πρόφασιν	πρόφασις	N-	----ASF-
John 15:22	οὐκ	οὐ	D-	--------
John 15:22	ἔχουσιν	ἔχω	V-	3PAI-P--
John 15:22	περὶ	περί	P-	--------
John 15:22	τῆς	ὁ	RA	----GSF-
John 15:22	ἁμαρτίας	ἁμαρτία	N-	----GSF-
John 15:22	αὐτῶν	αὐτός	RP	----GPM-
John 15:23	ὁ	ὁ	RA	----NSM-
John 15:23	ἐμὲ	ἐγώ	RP	----AS--
John 15:23	μισῶν	μισέω	V-	-PAPNSM-
John 15:23	καὶ	καί	D-	--------
John 15:23	τὸν	ὁ	RA	----ASM-
John 15:23	πατέρα	πατήρ	N-	----ASM-
John 15:23	μου	ἐγώ	RP	----GS--
John 15:23	μισεῖ	μισέω	V-	3PAI-S--
John 15:24	εἰ	εἰ	C-	--------
John 15:24	τὰ	ὁ	RA	----APN-
John 15:24	ἔργα	ἔργον	N-	----APN-
John 15:24	μὴ	μή	D-	--------
John 15:24	ἐποίησα	ποιέω	V-	1AAI-S--
John 15:24	ἐν	ἐν	P-	--------
John 15:24	αὐτοῖς	αὐτός	RP	----DPM-
John 15:24	ἃ	ὅς	RR	----APN-
John 15:24	οὐδεὶς	οὐδείς	A-	----NSM-
John 15:24	ἄλλος	ἄλλος	A-	----NSM-
John 15:24	ἐποίησεν	ποιέω	V-	3AAI-S--
John 15:24	ἁμαρτίαν	ἁμαρτία	N-	----ASF-
John 15:24	οὐκ	οὐ	D-	--------
John 15:24	εἴχοσαν	ἔχω	V-	3IAI-P--
John 15:24	νῦν	νῦν	D-	--------
John 15:24	δὲ	δέ	C-	--------
John 15:24	καὶ	καί	C-	--------
John 15:24	ἑωράκασιν	ὁράω	V-	3XAI-P--
John 15:24	καὶ	καί	C-	--------
John 15:24	μεμισήκασιν	μισέω	V-	3XAI-P--
John 15:24	καὶ	καί	C-	--------
John 15:24	ἐμὲ	ἐγώ	RP	----AS--
John 15:24	καὶ	καί	C-	--------
John 15:24	τὸν	ὁ	RA	----ASM-
John 15:24	πατέρα	πατήρ	N-	----ASM-
John 15:24	μου	ἐγώ	RP	----GS--
John 15:25	ἀλλ’	ἀλλά	C-	--------
John 15:25	ἵνα	ἵνα	C-	--------
John 15:25	πληρωθῇ	πληρόω	V-	3APS-S--
John 15:25	ὁ	ὁ	RA	----NSM-
John 15:25	λόγος	λόγος	N-	----NSM-
John 15:25	ὁ	ὁ	RA	----NSM-
John 15:25	ἐν	ἐν	P-	--------
John 15:25	τῷ	ὁ	RA	----DSM-
John 15:25	νόμῳ	νόμος	N-	----DSM-
John 15:25	αὐτῶν	αὐτός	RP	----GPM-
John 15:25	γεγραμμένος	γράφω	V-	-XPPNSM-
John 15:25	ὅτι	ὅτι	D-	--------
John 15:25	Ἐμίσησάν	μισέω	V-	3AAI-P--
John 15:25	με	ἐγώ	RP	----AS--
John 15:25	δωρεάν	δωρεάν	D-	--------
John 15:26	Ὅταν	ὅταν	C-	--------
John 15:26	ἔλθῃ	ἔρχομαι	V-	3AAS-S--
John 15:26	ὁ	ὁ	RA	----NSM-
John 15:26	παράκλητος	παράκλητος	N-	----NSM-
John 15:26	ὃν	ὅς	RR	----ASM-
John 15:26	ἐγὼ	ἐγώ	RP	----NS--
John 15:26	πέμψω	πέμπω	V-	1FAI-S--
John 15:26	ὑμῖν	σύ	RP	----DP--
John 15:26	παρὰ	παρά	P-	--------
John 15:26	τοῦ	ὁ	RA	----GSM-
John 15:26	πατρός	πατήρ	N-	----GSM-
John 15:26	τὸ	ὁ	RA	----NSN-
John 15:26	πνεῦμα	πνεῦμα	N-	----NSN-
John 15:26	τῆς	ὁ	RA	----GSF-
John 15:26	ἀληθείας	ἀλήθεια	N-	----GSF-
John 15:26	ὃ	ὅς	RR	----NSN-
John 15:26	παρὰ	παρά	P-	--------
John 15:26	τοῦ	ὁ	RA	----GSM-
John 15:26	πατρὸς	πατήρ	N-	----GSM-
John 15:26	ἐκπορεύεται	ἐκπορεύομαι	V-	3PMI-S--
John 15:26	ἐκεῖνος	ἐκεῖνος	RD	----NSM-
John 15:26	μαρτυρήσει	μαρτυρέω	V-	3FAI-S--
John 15:26	περὶ	περί	P-	--------
John 15:26	ἐμοῦ	ἐγώ	RP	----GS--
John 15:27	καὶ	καί	D-	--------
John 15:27	ὑμεῖς	σύ	RP	----NP--
John 15:27	δὲ	δέ	C-	--------
John 15:27	μαρτυρεῖτε	μαρτυρέω	V-	2PAI-P--
John 15:27	ὅτι	ὅτι	C-	--------
John 15:27	ἀπ’	ἀπό	P-	--------
John 15:27	ἀρχῆς	ἀρχή	N-	----GSF-
John 15:27	μετ’	μετά	P-	--------
John 15:27	ἐμοῦ	ἐγώ	RP	----GS--
John 15:27	ἐστε	εἰμί	V-	2PAI-P--
John 16:1	Ταῦτα	οὗτος	RD	----APN-
John 16:1	λελάληκα	λαλέω	V-	1XAI-S--
John 16:1	ὑμῖν	σύ	RP	----DP--
John 16:1	ἵνα	ἵνα	C-	--------
John 16:1	μὴ	μή	D-	--------
John 16:1	σκανδαλισθῆτε	σκανδαλίζω	V-	2APS-P--
John 16:2	ἀποσυναγώγους	ἀποσυνάγωγος	A-	----APM-
John 16:2	ποιήσουσιν	ποιέω	V-	3FAI-P--
John 16:2	ὑμᾶς	σύ	RP	----AP--
John 16:2	ἀλλ’	ἀλλά	C-	--------
John 16:2	ἔρχεται	ἔρχομαι	V-	3PMI-S--
John 16:2	ὥρα	ὥρα	N-	----NSF-
John 16:2	ἵνα	ἵνα	C-	--------
John 16:2	πᾶς	πᾶς	A-	----NSM-
John 16:2	ὁ	ὁ	RA	----NSM-
John 16:2	ἀποκτείνας	ἀποκτείνω	V-	-AAPNSM-
John 16:2	ὑμᾶς	σύ	RP	----AP--
John 16:2	δόξῃ	δοκέω	V-	3AAS-S--
John 16:2	λατρείαν	λατρεία	N-	----ASF-
John 16:2	προσφέρειν	προσφέρω	V-	-PAN----
John 16:2	τῷ	ὁ	RA	----DSM-
John 16:2	θεῷ	θεός	N-	----DSM-
John 16:3	καὶ	καί	C-	--------
John 16:3	ταῦτα	οὗτος	RD	----APN-
John 16:3	ποιήσουσιν	ποιέω	V-	3FAI-P--
John 16:3	ὅτι	ὅτι	C-	--------
John 16:3	οὐκ	οὐ	D-	--------
John 16:3	ἔγνωσαν	γινώσκω	V-	3AAI-P--
John 16:3	τὸν	ὁ	RA	----ASM-
John 16:3	πατέρα	πατήρ	N-	----ASM-
John 16:3	οὐδὲ	οὐδέ	C-	--------
John 16:3	ἐμέ	ἐγώ	RP	----AS--
John 16:4	ἀλλὰ	ἀλλά	C-	--------
John 16:4	ταῦτα	οὗτος	RD	----APN-
John 16:4	λελάληκα	λαλέω	V-	1XAI-S--
John 16:4	ὑμῖν	σύ	RP	----DP--
John 16:4	ἵνα	ἵνα	C-	--------
John 16:4	ὅταν	ὅταν	C-	--------
John 16:4	ἔλθῃ	ἔρχομαι	V-	3AAS-S--
John 16:4	ἡ	ὁ	RA	----NSF-
John 16:4	ὥρα	ὥρα	N-	----NSF-
John 16:4	αὐτῶν	αὐτός	RP	----GPN-
John 16:4	μνημονεύητε	μνημονεύω	V-	2PAS-P--
John 16:4	αὐτῶν	αὐτός	RP	----GPN-
John 16:4	ὅτι	ὅτι	C-	--------
John 16:4	ἐγὼ	ἐγώ	RP	----NS--
John 16:4	εἶπον	λέγω	V-	1AAI-S--
John 16:4	ὑμῖν	σύ	RP	----DP--
John 16:4	Ταῦτα	οὗτος	RD	----APN-
John 16:4	δὲ	δέ	C-	--------
John 16:4	ὑμῖν	σύ	RP	----DP--
John 16:4	ἐξ	ἐκ	P-	--------
John 16:4	ἀρχῆς	ἀρχή	N-	----GSF-
John 16:4	οὐκ	οὐ	D-	--------
John 16:4	εἶπον	λέγω	V-	1AAI-S--
John 16:4	ὅτι	ὅτι	C-	--------
John 16:4	μεθ’	μετά	P-	--------
John 16:4	ὑμῶν	σύ	RP	----GP--
John 16:4	ἤμην	εἰμί	V-	1IMI-S--
John 16:5	νῦν	νῦν	D-	--------
John 16:5	δὲ	δέ	C-	--------
John 16:5	ὑπάγω	ὑπάγω	V-	1PAI-S--
John 16:5	πρὸς	πρός	P-	--------
John 16:5	τὸν	ὁ	RA	----ASM-
John 16:5	πέμψαντά	πέμπω	V-	-AAPASM-
John 16:5	με	ἐγώ	RP	----AS--
John 16:5	καὶ	καί	C-	--------
John 16:5	οὐδεὶς	οὐδείς	A-	----NSM-
John 16:5	ἐξ	ἐκ	P-	--------
John 16:5	ὑμῶν	σύ	RP	----GP--
John 16:5	ἐρωτᾷ	ἐρωτάω	V-	3PAI-S--
John 16:5	με	ἐγώ	RP	----AS--
John 16:5	Ποῦ	ποῦ	D-	--------
John 16:5	ὑπάγεις	ὑπάγω	V-	2PAI-S--
John 16:6	ἀλλ’	ἀλλά	C-	--------
John 16:6	ὅτι	ὅτι	C-	--------
John 16:6	ταῦτα	οὗτος	RD	----APN-
John 16:6	λελάληκα	λαλέω	V-	1XAI-S--
John 16:6	ὑμῖν	σύ	RP	----DP--
John 16:6	ἡ	ὁ	RA	----NSF-
John 16:6	λύπη	λύπη	N-	----NSF-
John 16:6	πεπλήρωκεν	πληρόω	V-	3XAI-S--
John 16:6	ὑμῶν	σύ	RP	----GP--
John 16:6	τὴν	ὁ	RA	----ASF-
John 16:6	καρδίαν	καρδία	N-	----ASF-
John 16:7	ἀλλ’	ἀλλά	C-	--------
John 16:7	ἐγὼ	ἐγώ	RP	----NS--
John 16:7	τὴν	ὁ	RA	----ASF-
John 16:7	ἀλήθειαν	ἀλήθεια	N-	----ASF-
John 16:7	λέγω	λέγω	V-	1PAI-S--
John 16:7	ὑμῖν	σύ	RP	----DP--
John 16:7	συμφέρει	συμφέρω	V-	3PAI-S--
John 16:7	ὑμῖν	σύ	RP	----DP--
John 16:7	ἵνα	ἵνα	C-	--------
John 16:7	ἐγὼ	ἐγώ	RP	----NS--
John 16:7	ἀπέλθω	ἀπέρχομαι	V-	1AAS-S--
John 16:7	ἐὰν	ἐάν	C-	--------
John 16:7	γὰρ	γάρ	C-	--------
John 16:7	μὴ	μή	D-	--------
John 16:7	ἀπέλθω	ἀπέρχομαι	V-	1AAS-S--
John 16:7	ὁ	ὁ	RA	----NSM-
John 16:7	παράκλητος	παράκλητος	N-	----NSM-
John 16:7	οὐ	οὐ	D-	--------
John 16:7	μὴ	μή	D-	--------
John 16:7	ἔλθῃ	ἔρχομαι	V-	3AAS-S--
John 16:7	πρὸς	πρός	P-	--------
John 16:7	ὑμᾶς	σύ	RP	----AP--
John 16:7	ἐὰν	ἐάν	C-	--------
John 16:7	δὲ	δέ	C-	--------
John 16:7	πορευθῶ	πορεύομαι	V-	1APS-S--
John 16:7	πέμψω	πέμπω	V-	1FAI-S--
John 16:7	αὐτὸν	αὐτός	RP	----ASM-
John 16:7	πρὸς	πρός	P-	--------
John 16:7	ὑμᾶς	σύ	RP	----AP--
John 16:8	καὶ	καί	C-	--------
John 16:8	ἐλθὼν	ἔρχομαι	V-	-AAPNSM-
John 16:8	ἐκεῖνος	ἐκεῖνος	RD	----NSM-
John 16:8	ἐλέγξει	ἐλέγχω	V-	3FAI-S--
John 16:8	τὸν	ὁ	RA	----ASM-
John 16:8	κόσμον	κόσμος	N-	----ASM-
John 16:8	περὶ	περί	P-	--------
John 16:8	ἁμαρτίας	ἁμαρτία	N-	----GSF-
John 16:8	καὶ	καί	C-	--------
John 16:8	περὶ	περί	P-	--------
John 16:8	δικαιοσύνης	δικαιοσύνη	N-	----GSF-
John 16:8	καὶ	καί	C-	--------
John 16:8	περὶ	περί	P-	--------
John 16:8	κρίσεως	κρίσις	N-	----GSF-
John 16:9	περὶ	περί	P-	--------
John 16:9	ἁμαρτίας	ἁμαρτία	N-	----GSF-
John 16:9	μέν	μέν	C-	--------
John 16:9	ὅτι	ὅτι	C-	--------
John 16:9	οὐ	οὐ	D-	--------
John 16:9	πιστεύουσιν	πιστεύω	V-	3PAI-P--
John 16:9	εἰς	εἰς	P-	--------
John 16:9	ἐμέ	ἐγώ	RP	----AS--
John 16:10	περὶ	περί	P-	--------
John 16:10	δικαιοσύνης	δικαιοσύνη	N-	----GSF-
John 16:10	δέ	δέ	C-	--------
John 16:10	ὅτι	ὅτι	C-	--------
John 16:10	πρὸς	πρός	P-	--------
John 16:10	τὸν	ὁ	RA	----ASM-
John 16:10	πατέρα	πατήρ	N-	----ASM-
John 16:10	ὑπάγω	ὑπάγω	V-	1PAI-S--
John 16:10	καὶ	καί	C-	--------
John 16:10	οὐκέτι	οὐκέτι	D-	--------
John 16:10	θεωρεῖτέ	θεωρέω	V-	2PAI-P--
John 16:10	με	ἐγώ	RP	----AS--
John 16:11	περὶ	περί	P-	--------
John 16:11	δὲ	δέ	C-	--------
John 16:11	κρίσεως	κρίσις	N-	----GSF-
John 16:11	ὅτι	ὅτι	C-	--------
John 16:11	ὁ	ὁ	RA	----NSM-
John 16:11	ἄρχων	ἄρχων	N-	----NSM-
John 16:11	τοῦ	ὁ	RA	----GSM-
John 16:11	κόσμου	κόσμος	N-	----GSM-
John 16:11	τούτου	οὗτος	RD	----GSM-
John 16:11	κέκριται	κρίνω	V-	3XPI-S--
John 16:12	Ἔτι	ἔτι	D-	--------
John 16:12	πολλὰ	πολύς	A-	----APN-
John 16:12	ἔχω	ἔχω	V-	1PAI-S--
John 16:12	ὑμῖν	σύ	RP	----DP--
John 16:12	λέγειν	λέγω	V-	-PAN----
John 16:12	ἀλλ’	ἀλλά	C-	--------
John 16:12	οὐ	οὐ	D-	--------
John 16:12	δύνασθε	δύναμαι	V-	2PMI-P--
John 16:12	βαστάζειν	βαστάζω	V-	-PAN----
John 16:12	ἄρτι	ἄρτι	D-	--------
John 16:13	ὅταν	ὅταν	C-	--------
John 16:13	δὲ	δέ	C-	--------
John 16:13	ἔλθῃ	ἔρχομαι	V-	3AAS-S--
John 16:13	ἐκεῖνος	ἐκεῖνος	RD	----NSM-
John 16:13	τὸ	ὁ	RA	----NSN-
John 16:13	πνεῦμα	πνεῦμα	N-	----NSN-
John 16:13	τῆς	ὁ	RA	----GSF-
John 16:13	ἀληθείας	ἀλήθεια	N-	----GSF-
John 16:13	ὁδηγήσει	ὁδηγέω	V-	3FAI-S--
John 16:13	ὑμᾶς	σύ	RP	----AP--
John 16:13	ἐν	ἐν	P-	--------
John 16:13	τῇ	ὁ	RA	----DSF-
John 16:13	ἀληθείᾳ	ἀλήθεια	N-	----DSF-
John 16:13	πάσῃ	πᾶς	A-	----DSF-
John 16:13	οὐ	οὐ	D-	--------
John 16:13	γὰρ	γάρ	C-	--------
John 16:13	λαλήσει	λαλέω	V-	3FAI-S--
John 16:13	ἀφ’	ἀπό	P-	--------
John 16:13	ἑαυτοῦ	ἑαυτοῦ	RP	----GSM-
John 16:13	ἀλλ’	ἀλλά	C-	--------
John 16:13	ὅσα	ὅσος	RR	----APN-
John 16:13	ἀκούσει	ἀκούω	V-	3FAI-S--
John 16:13	λαλήσει	λαλέω	V-	3FAI-S--
John 16:13	καὶ	καί	C-	--------
John 16:13	τὰ	ὁ	RA	----APN-
John 16:13	ἐρχόμενα	ἔρχομαι	V-	-PMPAPN-
John 16:13	ἀναγγελεῖ	ἀναγγέλλω	V-	3FAI-S--
John 16:13	ὑμῖν	σύ	RP	----DP--
John 16:14	ἐκεῖνος	ἐκεῖνος	RD	----NSM-
John 16:14	ἐμὲ	ἐγώ	RP	----AS--
John 16:14	δοξάσει	δοξάζω	V-	3FAI-S--
John 16:14	ὅτι	ὅτι	C-	--------
John 16:14	ἐκ	ἐκ	P-	--------
John 16:14	τοῦ	ὁ	RA	----GSN-
John 16:14	ἐμοῦ	ἐμός	A-	----GSN-
John 16:14	λήμψεται	λαμβάνω	V-	3FMI-S--
John 16:14	καὶ	καί	C-	--------
John 16:14	ἀναγγελεῖ	ἀναγγέλλω	V-	3FAI-S--
John 16:14	ὑμῖν	σύ	RP	----DP--
John 16:15	πάντα	πᾶς	A-	----NPN-
John 16:15	ὅσα	ὅσος	RR	----APN-
John 16:15	ἔχει	ἔχω	V-	3PAI-S--
John 16:15	ὁ	ὁ	RA	----NSM-
John 16:15	πατὴρ	πατήρ	N-	----NSM-
John 16:15	ἐμά	ἐμός	A-	----NPN-
John 16:15	ἐστιν	εἰμί	V-	3PAI-S--
John 16:15	διὰ	διά	P-	--------
John 16:15	τοῦτο	οὗτος	RD	----ASN-
John 16:15	εἶπον	λέγω	V-	1AAI-S--
John 16:15	ὅτι	ὅτι	C-	--------
John 16:15	ἐκ	ἐκ	P-	--------
John 16:15	τοῦ	ὁ	RA	----GSN-
John 16:15	ἐμοῦ	ἐμός	A-	----GSN-
John 16:15	λαμβάνει	λαμβάνω	V-	3PAI-S--
John 16:15	καὶ	καί	C-	--------
John 16:15	ἀναγγελεῖ	ἀναγγέλλω	V-	3FAI-S--
John 16:15	ὑμῖν	σύ	RP	----DP--
John 16:16	Μικρὸν	μικρός	A-	----ASN-
John 16:16	καὶ	καί	C-	--------
John 16:16	οὐκέτι	οὐκέτι	D-	--------
John 16:16	θεωρεῖτέ	θεωρέω	V-	2PAI-P--
John 16:16	με	ἐγώ	RP	----AS--
John 16:16	καὶ	καί	C-	--------
John 16:16	πάλιν	πάλιν	D-	--------
John 16:16	μικρὸν	μικρός	A-	----ASN-
John 16:16	καὶ	καί	C-	--------
John 16:16	ὄψεσθέ	ὁράω	V-	2FMI-P--
John 16:16	με	ἐγώ	RP	----AS--
John 16:17	εἶπαν	λέγω	V-	3AAI-P--
John 16:17	οὖν	οὖν	C-	--------
John 16:17	ἐκ	ἐκ	P-	--------
John 16:17	τῶν	ὁ	RA	----GPM-
John 16:17	μαθητῶν	μαθητής	N-	----GPM-
John 16:17	αὐτοῦ	αὐτός	RP	----GSM-
John 16:17	πρὸς	πρός	P-	--------
John 16:17	ἀλλήλους	ἀλλήλων	RP	----APM-
John 16:17	Τί	τίς	RI	----NSN-
John 16:17	ἐστιν	εἰμί	V-	3PAI-S--
John 16:17	τοῦτο	οὗτος	RD	----NSN-
John 16:17	ὃ	ὅς	RR	----ASN-
John 16:17	λέγει	λέγω	V-	3PAI-S--
John 16:17	ἡμῖν	ἐγώ	RP	----DP--
John 16:17	Μικρὸν	μικρός	A-	----ASN-
John 16:17	καὶ	καί	C-	--------
John 16:17	οὐ	οὐ	D-	--------
John 16:17	θεωρεῖτέ	θεωρέω	V-	2PAI-P--
John 16:17	με	ἐγώ	RP	----AS--
John 16:17	καὶ	καί	C-	--------
John 16:17	πάλιν	πάλιν	D-	--------
John 16:17	μικρὸν	μικρός	A-	----ASN-
John 16:17	καὶ	καί	C-	--------
John 16:17	ὄψεσθέ	ὁράω	V-	2FMI-P--
John 16:17	με	ἐγώ	RP	----AS--
John 16:17	καί	καί	C-	--------
John 16:17	Ὅτι	ὅτι	C-	--------
John 16:17	ὑπάγω	ὑπάγω	V-	1PAI-S--
John 16:17	πρὸς	πρός	P-	--------
John 16:17	τὸν	ὁ	RA	----ASM-
John 16:17	πατέρα	πατήρ	N-	----ASM-
John 16:18	ἔλεγον	λέγω	V-	3IAI-P--
John 16:18	οὖν	οὖν	C-	--------
John 16:18	Τί	τίς	RI	----NSN-
John 16:18	ἐστιν	εἰμί	V-	3PAI-S--
John 16:18	τοῦτο	οὗτος	RD	----NSN-
John 16:18	ὃ	ὅς	RR	----ASN-
John 16:18	λέγει	λέγω	V-	3PAI-S--
John 16:18	μικρόν	μικρός	A-	----ASN-
John 16:18	οὐκ	οὐ	D-	--------
John 16:18	οἴδαμεν	οἶδα	V-	1XAI-P--
John 16:18	τί	τίς	RI	----ASN-
John 16:18	λαλεῖ	λαλέω	V-	3PAI-S--
John 16:19	ἔγνω	γινώσκω	V-	3AAI-S--
John 16:19	Ἰησοῦς	Ἰησοῦς	N-	----NSM-
John 16:19	ὅτι	ὅτι	C-	--------
John 16:19	ἤθελον	θέλω	V-	3IAI-P--
John 16:19	αὐτὸν	αὐτός	RP	----ASM-
John 16:19	ἐρωτᾶν	ἐρωτάω	V-	-PAN----
John 16:19	καὶ	καί	C-	--------
John 16:19	εἶπεν	λέγω	V-	3AAI-S--
John 16:19	αὐτοῖς	αὐτός	RP	----DPM-
John 16:19	Περὶ	περί	P-	--------
John 16:19	τούτου	οὗτος	RD	----GSN-
John 16:19	ζητεῖτε	ζητέω	V-	2PAI-P--
John 16:19	μετ’	μετά	P-	--------
John 16:19	ἀλλήλων	ἀλλήλων	RP	----GPM-
John 16:19	ὅτι	ὅτι	C-	--------
John 16:19	εἶπον	λέγω	V-	1AAI-S--
John 16:19	Μικρὸν	μικρός	A-	----ASN-
John 16:19	καὶ	καί	C-	--------
John 16:19	οὐ	οὐ	D-	--------
John 16:19	θεωρεῖτέ	θεωρέω	V-	2PAI-P--
John 16:19	με	ἐγώ	RP	----AS--
John 16:19	καὶ	καί	C-	--------
John 16:19	πάλιν	πάλιν	D-	--------
John 16:19	μικρὸν	μικρός	A-	----ASN-
John 16:19	καὶ	καί	C-	--------
John 16:19	ὄψεσθέ	ὁράω	V-	2FMI-P--
John 16:19	με	ἐγώ	RP	----AS--
John 16:20	ἀμὴν	ἀμήν	X-	--------
John 16:20	ἀμὴν	ἀμήν	X-	--------
John 16:20	λέγω	λέγω	V-	1PAI-S--
John 16:20	ὑμῖν	σύ	RP	----DP--
John 16:20	ὅτι	ὅτι	C-	--------
John 16:20	κλαύσετε	κλαίω	V-	2FAI-P--
John 16:20	καὶ	καί	C-	--------
John 16:20	θρηνήσετε	θρηνέω	V-	2FAI-P--
John 16:20	ὑμεῖς	σύ	RP	----NP--
John 16:20	ὁ	ὁ	RA	----NSM-
John 16:20	δὲ	δέ	C-	--------
John 16:20	κόσμος	κόσμος	N-	----NSM-
John 16:20	χαρήσεται	χαίρω	V-	3FPI-S--
John 16:20	ὑμεῖς	σύ	RP	----NP--
John 16:20	λυπηθήσεσθε	λυπέω	V-	2FPI-P--
John 16:20	ἀλλ’	ἀλλά	C-	--------
John 16:20	ἡ	ὁ	RA	----NSF-
John 16:20	λύπη	λύπη	N-	----NSF-
John 16:20	ὑμῶν	σύ	RP	----GP--
John 16:20	εἰς	εἰς	P-	--------
John 16:20	χαρὰν	χαρά	N-	----ASF-
John 16:20	γενήσεται	γίνομαι	V-	3FMI-S--
John 16:21	ἡ	ὁ	RA	----NSF-
John 16:21	γυνὴ	γυνή	N-	----NSF-
John 16:21	ὅταν	ὅταν	C-	--------
John 16:21	τίκτῃ	τίκτω	V-	3PAS-S--
John 16:21	λύπην	λύπη	N-	----ASF-
John 16:21	ἔχει	ἔχω	V-	3PAI-S--
John 16:21	ὅτι	ὅτι	C-	--------
John 16:21	ἦλθεν	ἔρχομαι	V-	3AAI-S--
John 16:21	ἡ	ὁ	RA	----NSF-
John 16:21	ὥρα	ὥρα	N-	----NSF-
John 16:21	αὐτῆς	αὐτός	RP	----GSF-
John 16:21	ὅταν	ὅταν	C-	--------
John 16:21	δὲ	δέ	C-	--------
John 16:21	γεννήσῃ	γεννάω	V-	3AAS-S--
John 16:21	τὸ	ὁ	RA	----ASN-
John 16:21	παιδίον	παιδίον	N-	----ASN-
John 16:21	οὐκέτι	οὐκέτι	D-	--------
John 16:21	μνημονεύει	μνημονεύω	V-	3PAI-S--
John 16:21	τῆς	ὁ	RA	----GSF-
John 16:21	θλίψεως	θλῖψις	N-	----GSF-
John 16:21	διὰ	διά	P-	--------
John 16:21	τὴν	ὁ	RA	----ASF-
John 16:21	χαρὰν	χαρά	N-	----ASF-
John 16:21	ὅτι	ὅτι	C-	--------
John 16:21	ἐγεννήθη	γεννάω	V-	3API-S--
John 16:21	ἄνθρωπος	ἄνθρωπος	N-	----NSM-
John 16:21	εἰς	εἰς	P-	--------
John 16:21	τὸν	ὁ	RA	----ASM-
John 16:21	κόσμον	κόσμος	N-	----ASM-
John 16:22	καὶ	καί	D-	--------
John 16:22	ὑμεῖς	σύ	RP	----NP--
John 16:22	οὖν	οὖν	C-	--------
John 16:22	νῦν	νῦν	D-	--------
John 16:22	μὲν	μέν	C-	--------
John 16:22	λύπην	λύπη	N-	----ASF-
John 16:22	ἔχετε	ἔχω	V-	2PAI-P--
John 16:22	πάλιν	πάλιν	D-	--------
John 16:22	δὲ	δέ	C-	--------
John 16:22	ὄψομαι	ὁράω	V-	1FMI-S--
John 16:22	ὑμᾶς	σύ	RP	----AP--
John 16:22	καὶ	καί	C-	--------
John 16:22	χαρήσεται	χαίρω	V-	3FPI-S--
John 16:22	ὑμῶν	σύ	RP	----GP--
John 16:22	ἡ	ὁ	RA	----NSF-
John 16:22	καρδία	καρδία	N-	----NSF-
John 16:22	καὶ	καί	C-	--------
John 16:22	τὴν	ὁ	RA	----ASF-
John 16:22	χαρὰν	χαρά	N-	----ASF-
John 16:22	ὑμῶν	σύ	RP	----GP--
John 16:22	οὐδεὶς	οὐδείς	A-	----NSM-
John 16:22	αἴρει	αἴρω	V-	3PAI-S--
John 16:22	ἀφ’	ἀπό	P-	--------
John 16:22	ὑμῶν	σύ	RP	----GP--
John 16:23	καὶ	καί	C-	--------
John 16:23	ἐν	ἐν	P-	--------
John 16:23	ἐκείνῃ	ἐκεῖνος	RD	----DSF-
John 16:23	τῇ	ὁ	RA	----DSF-
John 16:23	ἡμέρᾳ	ἡμέρα	N-	----DSF-
John 16:23	ἐμὲ	ἐγώ	RP	----AS--
John 16:23	οὐκ	οὐ	D-	--------
John 16:23	ἐρωτήσετε	ἐρωτάω	V-	2FAI-P--
John 16:23	οὐδέν	οὐδείς	A-	----ASN-
John 16:23	ἀμὴν	ἀμήν	X-	--------
John 16:23	ἀμὴν	ἀμήν	X-	--------
John 16:23	λέγω	λέγω	V-	1PAI-S--
John 16:23	ὑμῖν	σύ	RP	----DP--
John 16:23	ἄν	ἄν	X-	--------
John 16:23	τι	τις	RI	----ASN-
John 16:23	αἰτήσητε	αἰτέω	V-	2AAS-P--
John 16:23	τὸν	ὁ	RA	----ASM-
John 16:23	πατέρα	πατήρ	N-	----ASM-
John 16:23	δώσει	δίδωμι	V-	3FAI-S--
John 16:23	ὑμῖν	σύ	RP	----DP--
John 16:23	ἐν	ἐν	P-	--------
John 16:23	τῷ	ὁ	RA	----DSN-
John 16:23	ὀνόματί	ὄνομα	N-	----DSN-
John 16:23	μου	ἐγώ	RP	----GS--
John 16:24	ἕως	ἕως	P-	--------
John 16:24	ἄρτι	ἄρτι	D-	--------
John 16:24	οὐκ	οὐ	D-	--------
John 16:24	ᾐτήσατε	αἰτέω	V-	2AAI-P--
John 16:24	οὐδὲν	οὐδείς	A-	----ASN-
John 16:24	ἐν	ἐν	P-	--------
John 16:24	τῷ	ὁ	RA	----DSN-
John 16:24	ὀνόματί	ὄνομα	N-	----DSN-
John 16:24	μου	ἐγώ	RP	----GS--
John 16:24	αἰτεῖτε	αἰτέω	V-	2PAD-P--
John 16:24	καὶ	καί	C-	--------
John 16:24	λήμψεσθε	λαμβάνω	V-	2FMI-P--
John 16:24	ἵνα	ἵνα	C-	--------
John 16:24	ἡ	ὁ	RA	----NSF-
John 16:24	χαρὰ	χαρά	N-	----NSF-
John 16:24	ὑμῶν	σύ	RP	----GP--
John 16:24	ᾖ	εἰμί	V-	3PAS-S--
John 16:24	πεπληρωμένη	πληρόω	V-	-XPPNSF-
John 16:25	Ταῦτα	οὗτος	RD	----APN-
John 16:25	ἐν	ἐν	P-	--------
John 16:25	παροιμίαις	παροιμία	N-	----DPF-
John 16:25	λελάληκα	λαλέω	V-	1XAI-S--
John 16:25	ὑμῖν	σύ	RP	----DP--
John 16:25	ἔρχεται	ἔρχομαι	V-	3PMI-S--
John 16:25	ὥρα	ὥρα	N-	----NSF-
John 16:25	ὅτε	ὅτε	D-	--------
John 16:25	οὐκέτι	οὐκέτι	D-	--------
John 16:25	ἐν	ἐν	P-	--------
John 16:25	παροιμίαις	παροιμία	N-	----DPF-
John 16:25	λαλήσω	λαλέω	V-	1FAI-S--
John 16:25	ὑμῖν	σύ	RP	----DP--
John 16:25	ἀλλὰ	ἀλλά	C-	--------
John 16:25	παρρησίᾳ	παρρησία	N-	----DSF-
John 16:25	περὶ	περί	P-	--------
John 16:25	τοῦ	ὁ	RA	----GSM-
John 16:25	πατρὸς	πατήρ	N-	----GSM-
John 16:25	ἀπαγγελῶ	ἀπαγγέλλω	V-	1FAI-S--
John 16:25	ὑμῖν	σύ	RP	----DP--
John 16:26	ἐν	ἐν	P-	--------
John 16:26	ἐκείνῃ	ἐκεῖνος	RD	----DSF-
John 16:26	τῇ	ὁ	RA	----DSF-
John 16:26	ἡμέρᾳ	ἡμέρα	N-	----DSF-
John 16:26	ἐν	ἐν	P-	--------
John 16:26	τῷ	ὁ	RA	----DSN-
John 16:26	ὀνόματί	ὄνομα	N-	----DSN-
John 16:26	μου	ἐγώ	RP	----GS--
John 16:26	αἰτήσεσθε	αἰτέω	V-	2FMI-P--
John 16:26	καὶ	καί	C-	--------
John 16:26	οὐ	οὐ	D-	--------
John 16:26	λέγω	λέγω	V-	1PAI-S--
John 16:26	ὑμῖν	σύ	RP	----DP--
John 16:26	ὅτι	ὅτι	C-	--------
John 16:26	ἐγὼ	ἐγώ	RP	----NS--
John 16:26	ἐρωτήσω	ἐρωτάω	V-	1FAI-S--
John 16:26	τὸν	ὁ	RA	----ASM-
John 16:26	πατέρα	πατήρ	N-	----ASM-
John 16:26	περὶ	περί	P-	--------
John 16:26	ὑμῶν	σύ	RP	----GP--
John 16:27	αὐτὸς	αὐτός	RP	----NSM-
John 16:27	γὰρ	γάρ	C-	--------
John 16:27	ὁ	ὁ	RA	----NSM-
John 16:27	πατὴρ	πατήρ	N-	----NSM-
John 16:27	φιλεῖ	φιλέω	V-	3PAI-S--
John 16:27	ὑμᾶς	σύ	RP	----AP--
John 16:27	ὅτι	ὅτι	C-	--------
John 16:27	ὑμεῖς	σύ	RP	----NP--
John 16:27	ἐμὲ	ἐγώ	RP	----AS--
John 16:27	πεφιλήκατε	φιλέω	V-	2XAI-P--
John 16:27	καὶ	καί	C-	--------
John 16:27	πεπιστεύκατε	πιστεύω	V-	2XAI-P--
John 16:27	ὅτι	ὅτι	C-	--------
John 16:27	ἐγὼ	ἐγώ	RP	----NS--
John 16:27	παρὰ	παρά	P-	--------
John 16:27	τοῦ	ὁ	RA	----GSM-
John 16:27	θεοῦ	θεός	N-	----GSM-
John 16:27	ἐξῆλθον	ἐξέρχομαι	V-	1AAI-S--
John 16:28	ἐξῆλθον	ἐξέρχομαι	V-	1AAI-S--
John 16:28	ἐκ	ἐκ	P-	--------
John 16:28	τοῦ	ὁ	RA	----GSM-
John 16:28	πατρὸς	πατήρ	N-	----GSM-
John 16:28	καὶ	καί	C-	--------
John 16:28	ἐλήλυθα	ἔρχομαι	V-	1XAI-S--
John 16:28	εἰς	εἰς	P-	--------
John 16:28	τὸν	ὁ	RA	----ASM-
John 16:28	κόσμον	κόσμος	N-	----ASM-
John 16:28	πάλιν	πάλιν	D-	--------
John 16:28	ἀφίημι	ἀφίημι	V-	1PAI-S--
John 16:28	τὸν	ὁ	RA	----ASM-
John 16:28	κόσμον	κόσμος	N-	----ASM-
John 16:28	καὶ	καί	C-	--------
John 16:28	πορεύομαι	πορεύομαι	V-	1PMI-S--
John 16:28	πρὸς	πρός	P-	--------
John 16:28	τὸν	ὁ	RA	----ASM-
John 16:28	πατέρα	πατήρ	N-	----ASM-
John 16:29	Λέγουσιν	λέγω	V-	3PAI-P--
John 16:29	οἱ	ὁ	RA	----NPM-
John 16:29	μαθηταὶ	μαθητής	N-	----NPM-
John 16:29	αὐτοῦ	αὐτός	RP	----GSM-
John 16:29	Ἴδε	ἴδε	X-	--------
John 16:29	νῦν	νῦν	D-	--------
John 16:29	ἐν	ἐν	P-	--------
John 16:29	παρρησίᾳ	παρρησία	N-	----DSF-
John 16:29	λαλεῖς	λαλέω	V-	2PAI-S--
John 16:29	καὶ	καί	C-	--------
John 16:29	παροιμίαν	παροιμία	N-	----ASF-
John 16:29	οὐδεμίαν	οὐδείς	A-	----ASF-
John 16:29	λέγεις	λέγω	V-	2PAI-S--
John 16:30	νῦν	νῦν	D-	--------
John 16:30	οἴδαμεν	οἶδα	V-	1XAI-P--
John 16:30	ὅτι	ὅτι	C-	--------
John 16:30	οἶδας	οἶδα	V-	2XAI-S--
John 16:30	πάντα	πᾶς	A-	----APN-
John 16:30	καὶ	καί	C-	--------
John 16:30	οὐ	οὐ	D-	--------
John 16:30	χρείαν	χρεία	N-	----ASF-
John 16:30	ἔχεις	ἔχω	V-	2PAI-S--
John 16:30	ἵνα	ἵνα	C-	--------
John 16:30	τίς	τις	RI	----NSM-
John 16:30	σε	σύ	RP	----AS--
John 16:30	ἐρωτᾷ	ἐρωτάω	V-	3PAS-S--
John 16:30	ἐν	ἐν	P-	--------
John 16:30	τούτῳ	οὗτος	RD	----DSN-
John 16:30	πιστεύομεν	πιστεύω	V-	1PAI-P--
John 16:30	ὅτι	ὅτι	C-	--------
John 16:30	ἀπὸ	ἀπό	P-	--------
John 16:30	θεοῦ	θεός	N-	----GSM-
John 16:30	ἐξῆλθες	ἐξέρχομαι	V-	2AAI-S--
John 16:31	ἀπεκρίθη	ἀποκρίνομαι	V-	3API-S--
John 16:31	αὐτοῖς	αὐτός	RP	----DPM-
John 16:31	Ἰησοῦς	Ἰησοῦς	N-	----NSM-
John 16:31	Ἄρτι	ἄρτι	D-	--------
John 16:31	πιστεύετε	πιστεύω	V-	2PAI-P--
John 16:32	ἰδοὺ	ἰδού	X-	--------
John 16:32	ἔρχεται	ἔρχομαι	V-	3PMI-S--
John 16:32	ὥρα	ὥρα	N-	----NSF-
John 16:32	καὶ	καί	C-	--------
John 16:32	ἐλήλυθεν	ἔρχομαι	V-	3XAI-S--
John 16:32	ἵνα	ἵνα	C-	--------
John 16:32	σκορπισθῆτε	σκορπίζω	V-	2APS-P--
John 16:32	ἕκαστος	ἕκαστος	A-	----NSM-
John 16:32	εἰς	εἰς	P-	--------
John 16:32	τὰ	ὁ	RA	----APN-
John 16:32	ἴδια	ἴδιος	A-	----APN-
John 16:32	κἀμὲ	κἀγώ	RP	----AS--
John 16:32	μόνον	μόνος	A-	----ASM-
John 16:32	ἀφῆτε	ἀφίημι	V-	2AAS-P--
John 16:32	καὶ	καί	C-	--------
John 16:32	οὐκ	οὐ	D-	--------
John 16:32	εἰμὶ	εἰμί	V-	1PAI-S--
John 16:32	μόνος	μόνος	A-	----NSM-
John 16:32	ὅτι	ὅτι	C-	--------
John 16:32	ὁ	ὁ	RA	----NSM-
John 16:32	πατὴρ	πατήρ	N-	----NSM-
John 16:32	μετ’	μετά	P-	--------
John 16:32	ἐμοῦ	ἐγώ	RP	----GS--
John 16:32	ἐστιν	εἰμί	V-	3PAI-S--
John 16:33	ταῦτα	οὗτος	RD	----APN-
John 16:33	λελάληκα	λαλέω	V-	1XAI-S--
John 16:33	ὑμῖν	σύ	RP	----DP--
John 16:33	ἵνα	ἵνα	C-	--------
John 16:33	ἐν	ἐν	P-	--------
John 16:33	ἐμοὶ	ἐγώ	RP	----DS--
John 16:33	εἰρήνην	εἰρήνη	N-	----ASF-
John 16:33	ἔχητε	ἔχω	V-	2PAS-P--
John 16:33	ἐν	ἐν	P-	--------
John 16:33	τῷ	ὁ	RA	----DSM-
John 16:33	κόσμῳ	κόσμος	N-	----DSM-
John 16:33	θλῖψιν	θλῖψις	N-	----ASF-
John 16:33	ἔχετε	ἔχω	V-	2PAI-P--
John 16:33	ἀλλὰ	ἀλλά	C-	--------
John 16:33	θαρσεῖτε	θαρσέω	V-	2PAD-P--
John 16:33	ἐγὼ	ἐγώ	RP	----NS--
John 16:33	νενίκηκα	νικάω	V-	1XAI-S--
John 16:33	τὸν	ὁ	RA	----ASM-
John 16:33	κόσμον	κόσμος	N-	----ASM-
John 17:1	Ταῦτα	οὗτος	RD	----APN-
John 17:1	ἐλάλησεν	λαλέω	V-	3AAI-S--
John 17:1	Ἰησοῦς	Ἰησοῦς	N-	----NSM-
John 17:1	καὶ	καί	C-	--------
John 17:1	ἐπάρας	ἐπαίρω	V-	-AAPNSM-
John 17:1	τοὺς	ὁ	RA	----APM-
John 17:1	ὀφθαλμοὺς	ὀφθαλμός	N-	----APM-
John 17:1	αὐτοῦ	αὐτός	RP	----GSM-
John 17:1	εἰς	εἰς	P-	--------
John 17:1	τὸν	ὁ	RA	----ASM-
John 17:1	οὐρανὸν	οὐρανός	N-	----ASM-
John 17:1	εἶπεν	λέγω	V-	3AAI-S--
John 17:1	Πάτερ	πατήρ	N-	----VSM-
John 17:1	ἐλήλυθεν	ἔρχομαι	V-	3XAI-S--
John 17:1	ἡ	ὁ	RA	----NSF-
John 17:1	ὥρα	ὥρα	N-	----NSF-
John 17:1	δόξασόν	δοξάζω	V-	2AAD-S--
John 17:1	σου	σύ	RP	----GS--
John 17:1	τὸν	ὁ	RA	----ASM-
John 17:1	υἱόν	υἱός	N-	----ASM-
John 17:1	ἵνα	ἵνα	C-	--------
John 17:1	ὁ	ὁ	RA	----NSM-
John 17:1	υἱὸς	υἱός	N-	----NSM-
John 17:1	δοξάσῃ	δοξάζω	V-	3AAS-S--
John 17:1	σέ	σύ	RP	----AS--
John 17:2	καθὼς	καθώς	C-	--------
John 17:2	ἔδωκας	δίδωμι	V-	2AAI-S--
John 17:2	αὐτῷ	αὐτός	RP	----DSM-
John 17:2	ἐξουσίαν	ἐξουσία	N-	----ASF-
John 17:2	πάσης	πᾶς	A-	----GSF-
John 17:2	σαρκός	σάρξ	N-	----GSF-
John 17:2	ἵνα	ἵνα	C-	--------
John 17:2	πᾶν	πᾶς	A-	----ASN-
John 17:2	ὃ	ὅς	RR	----ASN-
John 17:2	δέδωκας	δίδωμι	V-	2XAI-S--
John 17:2	αὐτῷ	αὐτός	RP	----DSM-
John 17:2	δώσῃ	δίδωμι	V-	3AAS-S--
John 17:2	αὐτοῖς	αὐτός	RP	----DPM-
John 17:2	ζωὴν	ζωή	N-	----ASF-
John 17:2	αἰώνιον	αἰώνιος	A-	----ASF-
John 17:3	αὕτη	οὗτος	RD	----NSF-
John 17:3	δέ	δέ	C-	--------
John 17:3	ἐστιν	εἰμί	V-	3PAI-S--
John 17:3	ἡ	ὁ	RA	----NSF-
John 17:3	αἰώνιος	αἰώνιος	A-	----NSF-
John 17:3	ζωὴ	ζωή	N-	----NSF-
John 17:3	ἵνα	ἵνα	D-	--------
John 17:3	γινώσκωσι	γινώσκω	V-	3PAS-P--
John 17:3	σὲ	σύ	RP	----AS--
John 17:3	τὸν	ὁ	RA	----ASM-
John 17:3	μόνον	μόνος	A-	----ASM-
John 17:3	ἀληθινὸν	ἀληθινός	A-	----ASM-
John 17:3	θεὸν	θεός	N-	----ASM-
John 17:3	καὶ	καί	C-	--------
John 17:3	ὃν	ὅς	RR	----ASM-
John 17:3	ἀπέστειλας	ἀποστέλλω	V-	2AAI-S--
John 17:3	Ἰησοῦν	Ἰησοῦς	N-	----ASM-
John 17:3	Χριστόν	Χριστός	N-	----ASM-
John 17:4	ἐγώ	ἐγώ	RP	----NS--
John 17:4	σε	σύ	RP	----AS--
John 17:4	ἐδόξασα	δοξάζω	V-	1AAI-S--
John 17:4	ἐπὶ	ἐπί	P-	--------
John 17:4	τῆς	ὁ	RA	----GSF-
John 17:4	γῆς	γῆ	N-	----GSF-
John 17:4	τὸ	ὁ	RA	----ASN-
John 17:4	ἔργον	ἔργον	N-	----ASN-
John 17:4	τελειώσας	τελειόω	V-	-AAPNSM-
John 17:4	ὃ	ὅς	RR	----ASN-
John 17:4	δέδωκάς	δίδωμι	V-	2XAI-S--
John 17:4	μοι	ἐγώ	RP	----DS--
John 17:4	ἵνα	ἵνα	D-	--------
John 17:4	ποιήσω	ποιέω	V-	1AAS-S--
John 17:5	καὶ	καί	C-	--------
John 17:5	νῦν	νῦν	D-	--------
John 17:5	δόξασόν	δοξάζω	V-	2AAD-S--
John 17:5	με	ἐγώ	RP	----AS--
John 17:5	σύ	σύ	RP	----NS--
John 17:5	πάτερ	πατήρ	N-	----VSM-
John 17:5	παρὰ	παρά	P-	--------
John 17:5	σεαυτῷ	σεαυτοῦ	RP	----DSM-
John 17:5	τῇ	ὁ	RA	----DSF-
John 17:5	δόξῃ	δόξα	N-	----DSF-
John 17:5	ᾗ	ὅς	RR	----DSF-
John 17:5	εἶχον	ἔχω	V-	1IAI-S--
John 17:5	πρὸ	πρό	P-	--------
John 17:5	τοῦ	ὁ	RA	----GSN-
John 17:5	τὸν	ὁ	RA	----ASM-
John 17:5	κόσμον	κόσμος	N-	----ASM-
John 17:5	εἶναι	εἰμί	V-	-PAN----
John 17:5	παρὰ	παρά	P-	--------
John 17:5	σοί	σύ	RP	----DS--
John 17:6	Ἐφανέρωσά	φανερόω	V-	1AAI-S--
John 17:6	σου	σύ	RP	----GS--
John 17:6	τὸ	ὁ	RA	----ASN-
John 17:6	ὄνομα	ὄνομα	N-	----ASN-
John 17:6	τοῖς	ὁ	RA	----DPM-
John 17:6	ἀνθρώποις	ἄνθρωπος	N-	----DPM-
John 17:6	οὓς	ὅς	RR	----APM-
John 17:6	ἔδωκάς	δίδωμι	V-	2AAI-S--
John 17:6	μοι	ἐγώ	RP	----DS--
John 17:6	ἐκ	ἐκ	P-	--------
John 17:6	τοῦ	ὁ	RA	----GSM-
John 17:6	κόσμου	κόσμος	N-	----GSM-
John 17:6	σοὶ	σύ	RP	----DS--
John 17:6	ἦσαν	εἰμί	V-	3IAI-P--
John 17:6	κἀμοὶ	κἀγώ	RP	----DS--
John 17:6	αὐτοὺς	αὐτός	RP	----APM-
John 17:6	ἔδωκας	δίδωμι	V-	2AAI-S--
John 17:6	καὶ	καί	C-	--------
John 17:6	τὸν	ὁ	RA	----ASM-
John 17:6	λόγον	λόγος	N-	----ASM-
John 17:6	σου	σύ	RP	----GS--
John 17:6	τετήρηκαν	τηρέω	V-	3XAI-P--
John 17:7	νῦν	νῦν	D-	--------
John 17:7	ἔγνωκαν	γινώσκω	V-	3XAI-P--
John 17:7	ὅτι	ὅτι	C-	--------
John 17:7	πάντα	πᾶς	A-	----NPN-
John 17:7	ὅσα	ὅσος	RR	----APN-
John 17:7	δέδωκάς	δίδωμι	V-	2XAI-S--
John 17:7	μοι	ἐγώ	RP	----DS--
John 17:7	παρὰ	παρά	P-	--------
John 17:7	σοῦ	σύ	RP	----GS--
John 17:7	εἰσιν	εἰμί	V-	3PAI-P--
John 17:8	ὅτι	ὅτι	C-	--------
John 17:8	τὰ	ὁ	RA	----APN-
John 17:8	ῥήματα	ῥῆμα	N-	----APN-
John 17:8	ἃ	ὅς	RR	----APN-
John 17:8	ἔδωκάς	δίδωμι	V-	2AAI-S--
John 17:8	μοι	ἐγώ	RP	----DS--
John 17:8	δέδωκα	δίδωμι	V-	1XAI-S--
John 17:8	αὐτοῖς	αὐτός	RP	----DPM-
John 17:8	καὶ	καί	C-	--------
John 17:8	αὐτοὶ	αὐτός	RP	----NPM-
John 17:8	ἔλαβον	λαμβάνω	V-	3AAI-P--
John 17:8	καὶ	καί	C-	--------
John 17:8	ἔγνωσαν	γινώσκω	V-	3AAI-P--
John 17:8	ἀληθῶς	ἀληθῶς	D-	--------
John 17:8	ὅτι	ὅτι	C-	--------
John 17:8	παρὰ	παρά	P-	--------
John 17:8	σοῦ	σύ	RP	----GS--
John 17:8	ἐξῆλθον	ἐξέρχομαι	V-	1AAI-S--
John 17:8	καὶ	καί	C-	--------
John 17:8	ἐπίστευσαν	πιστεύω	V-	3AAI-P--
John 17:8	ὅτι	ὅτι	C-	--------
John 17:8	σύ	σύ	RP	----NS--
John 17:8	με	ἐγώ	RP	----AS--
John 17:8	ἀπέστειλας	ἀποστέλλω	V-	2AAI-S--
John 17:9	ἐγὼ	ἐγώ	RP	----NS--
John 17:9	περὶ	περί	P-	--------
John 17:9	αὐτῶν	αὐτός	RP	----GPM-
John 17:9	ἐρωτῶ	ἐρωτάω	V-	1PAI-S--
John 17:9	οὐ	οὐ	D-	--------
John 17:9	περὶ	περί	P-	--------
John 17:9	τοῦ	ὁ	RA	----GSM-
John 17:9	κόσμου	κόσμος	N-	----GSM-
John 17:9	ἐρωτῶ	ἐρωτάω	V-	1PAI-S--
John 17:9	ἀλλὰ	ἀλλά	C-	--------
John 17:9	περὶ	περί	P-	--------
John 17:9	ὧν	ὅς	RR	----GPM-
John 17:9	δέδωκάς	δίδωμι	V-	2XAI-S--
John 17:9	μοι	ἐγώ	RP	----DS--
John 17:9	ὅτι	ὅτι	C-	--------
John 17:9	σοί	σύ	RP	----DS--
John 17:9	εἰσιν	εἰμί	V-	3PAI-P--
John 17:10	καὶ	καί	C-	--------
John 17:10	τὰ	ὁ	RA	----NPN-
John 17:10	ἐμὰ	ἐμός	A-	----NPN-
John 17:10	πάντα	πᾶς	A-	----NPN-
John 17:10	σά	σός	A-	----NPN-
John 17:10	ἐστιν	εἰμί	V-	3PAI-S--
John 17:10	καὶ	καί	C-	--------
John 17:10	τὰ	ὁ	RA	----NPN-
John 17:10	σὰ	σός	A-	----NPN-
John 17:10	ἐμά	ἐμός	A-	----NPN-
John 17:10	καὶ	καί	C-	--------
John 17:10	δεδόξασμαι	δοξάζω	V-	1XPI-S--
John 17:10	ἐν	ἐν	P-	--------
John 17:10	αὐτοῖς	αὐτός	RP	----DPM-
John 17:11	καὶ	καί	C-	--------
John 17:11	οὐκέτι	οὐκέτι	D-	--------
John 17:11	εἰμὶ	εἰμί	V-	1PAI-S--
John 17:11	ἐν	ἐν	P-	--------
John 17:11	τῷ	ὁ	RA	----DSM-
John 17:11	κόσμῳ	κόσμος	N-	----DSM-
John 17:11	καὶ	καί	C-	--------
John 17:11	αὐτοὶ	αὐτός	RP	----NPM-
John 17:11	ἐν	ἐν	P-	--------
John 17:11	τῷ	ὁ	RA	----DSM-
John 17:11	κόσμῳ	κόσμος	N-	----DSM-
John 17:11	εἰσίν	εἰμί	V-	3PAI-P--
John 17:11	κἀγὼ	κἀγώ	RP	----NS--
John 17:11	πρὸς	πρός	P-	--------
John 17:11	σὲ	σύ	RP	----AS--
John 17:11	ἔρχομαι	ἔρχομαι	V-	1PMI-S--
John 17:11	πάτερ	πατήρ	N-	----VSM-
John 17:11	ἅγιε	ἅγιος	A-	----VSM-
John 17:11	τήρησον	τηρέω	V-	2AAD-S--
John 17:11	αὐτοὺς	αὐτός	RP	----APM-
John 17:11	ἐν	ἐν	P-	--------
John 17:11	τῷ	ὁ	RA	----DSN-
John 17:11	ὀνόματί	ὄνομα	N-	----DSN-
John 17:11	σου	σύ	RP	----GS--
John 17:11	ᾧ	ὅς	RR	----DSN-
John 17:11	δέδωκάς	δίδωμι	V-	2XAI-S--
John 17:11	μοι	ἐγώ	RP	----DS--
John 17:11	ἵνα	ἵνα	C-	--------
John 17:11	ὦσιν	εἰμί	V-	3PAS-P--
John 17:11	ἓν	εἷς	A-	----NSN-
John 17:11	καθὼς	καθώς	C-	--------
John 17:11	ἡμεῖς	ἐγώ	RP	----NP--
John 17:12	ὅτε	ὅτε	C-	--------
John 17:12	ἤμην	εἰμί	V-	1IMI-S--
John 17:12	μετ’	μετά	P-	--------
John 17:12	αὐτῶν	αὐτός	RP	----GPM-
John 17:12	ἐγὼ	ἐγώ	RP	----NS--
John 17:12	ἐτήρουν	τηρέω	V-	1IAI-S--
John 17:12	αὐτοὺς	αὐτός	RP	----APM-
John 17:12	ἐν	ἐν	P-	--------
John 17:12	τῷ	ὁ	RA	----DSN-
John 17:12	ὀνόματί	ὄνομα	N-	----DSN-
John 17:12	σου	σύ	RP	----GS--
John 17:12	ᾧ	ὅς	RR	----DSN-
John 17:12	δέδωκάς	δίδωμι	V-	2XAI-S--
John 17:12	μοι	ἐγώ	RP	----DS--
John 17:12	καὶ	καί	C-	--------
John 17:12	ἐφύλαξα	φυλάσσω	V-	1AAI-S--
John 17:12	καὶ	καί	C-	--------
John 17:12	οὐδεὶς	οὐδείς	A-	----NSM-
John 17:12	ἐξ	ἐκ	P-	--------
John 17:12	αὐτῶν	αὐτός	RP	----GPM-
John 17:12	ἀπώλετο	ἀπόλλυμι	V-	3AMI-S--
John 17:12	εἰ	εἰ	C-	--------
John 17:12	μὴ	μή	D-	--------
John 17:12	ὁ	ὁ	RA	----NSM-
John 17:12	υἱὸς	υἱός	N-	----NSM-
John 17:12	τῆς	ὁ	RA	----GSF-
John 17:12	ἀπωλείας	ἀπώλεια	N-	----GSF-
John 17:12	ἵνα	ἵνα	C-	--------
John 17:12	ἡ	ὁ	RA	----NSF-
John 17:12	γραφὴ	γραφή	N-	----NSF-
John 17:12	πληρωθῇ	πληρόω	V-	3APS-S--
John 17:13	νῦν	νῦν	D-	--------
John 17:13	δὲ	δέ	C-	--------
John 17:13	πρὸς	πρός	P-	--------
John 17:13	σὲ	σύ	RP	----AS--
John 17:13	ἔρχομαι	ἔρχομαι	V-	1PMI-S--
John 17:13	καὶ	καί	C-	--------
John 17:13	ταῦτα	οὗτος	RD	----APN-
John 17:13	λαλῶ	λαλέω	V-	1PAI-S--
John 17:13	ἐν	ἐν	P-	--------
John 17:13	τῷ	ὁ	RA	----DSM-
John 17:13	κόσμῳ	κόσμος	N-	----DSM-
John 17:13	ἵνα	ἵνα	C-	--------
John 17:13	ἔχωσιν	ἔχω	V-	3PAS-P--
John 17:13	τὴν	ὁ	RA	----ASF-
John 17:13	χαρὰν	χαρά	N-	----ASF-
John 17:13	τὴν	ὁ	RA	----ASF-
John 17:13	ἐμὴν	ἐμός	A-	----ASF-
John 17:13	πεπληρωμένην	πληρόω	V-	-XPPASF-
John 17:13	ἐν	ἐν	P-	--------
John 17:13	ἑαυτοῖς	ἑαυτοῦ	RP	----DPM-
John 17:14	ἐγὼ	ἐγώ	RP	----NS--
John 17:14	δέδωκα	δίδωμι	V-	1XAI-S--
John 17:14	αὐτοῖς	αὐτός	RP	----DPM-
John 17:14	τὸν	ὁ	RA	----ASM-
John 17:14	λόγον	λόγος	N-	----ASM-
John 17:14	σου	σύ	RP	----GS--
John 17:14	καὶ	καί	C-	--------
John 17:14	ὁ	ὁ	RA	----NSM-
John 17:14	κόσμος	κόσμος	N-	----NSM-
John 17:14	ἐμίσησεν	μισέω	V-	3AAI-S--
John 17:14	αὐτούς	αὐτός	RP	----APM-
John 17:14	ὅτι	ὅτι	C-	--------
John 17:14	οὐκ	οὐ	D-	--------
John 17:14	εἰσὶν	εἰμί	V-	3PAI-P--
John 17:14	ἐκ	ἐκ	P-	--------
John 17:14	τοῦ	ὁ	RA	----GSM-
John 17:14	κόσμου	κόσμος	N-	----GSM-
John 17:14	καθὼς	καθώς	C-	--------
John 17:14	ἐγὼ	ἐγώ	RP	----NS--
John 17:14	οὐκ	οὐ	D-	--------
John 17:14	εἰμὶ	εἰμί	V-	1PAI-S--
John 17:14	ἐκ	ἐκ	P-	--------
John 17:14	τοῦ	ὁ	RA	----GSM-
John 17:14	κόσμου	κόσμος	N-	----GSM-
John 17:15	οὐκ	οὐ	D-	--------
John 17:15	ἐρωτῶ	ἐρωτάω	V-	1PAI-S--
John 17:15	ἵνα	ἵνα	C-	--------
John 17:15	ἄρῃς	αἴρω	V-	2AAS-S--
John 17:15	αὐτοὺς	αὐτός	RP	----APM-
John 17:15	ἐκ	ἐκ	P-	--------
John 17:15	τοῦ	ὁ	RA	----GSM-
John 17:15	κόσμου	κόσμος	N-	----GSM-
John 17:15	ἀλλ’	ἀλλά	C-	--------
John 17:15	ἵνα	ἵνα	C-	--------
John 17:15	τηρήσῃς	τηρέω	V-	2AAS-S--
John 17:15	αὐτοὺς	αὐτός	RP	----APM-
John 17:15	ἐκ	ἐκ	P-	--------
John 17:15	τοῦ	ὁ	RA	----GSM-
John 17:15	πονηροῦ	πονηρός	A-	----GSM-
John 17:16	ἐκ	ἐκ	P-	--------
John 17:16	τοῦ	ὁ	RA	----GSM-
John 17:16	κόσμου	κόσμος	N-	----GSM-
John 17:16	οὐκ	οὐ	D-	--------
John 17:16	εἰσὶν	εἰμί	V-	3PAI-P--
John 17:16	καθὼς	καθώς	C-	--------
John 17:16	ἐγὼ	ἐγώ	RP	----NS--
John 17:16	οὐκ	οὐ	D-	--------
John 17:16	εἰμὶ	εἰμί	V-	1PAI-S--
John 17:16	ἐκ	ἐκ	P-	--------
John 17:16	τοῦ	ὁ	RA	----GSM-
John 17:16	κόσμου	κόσμος	N-	----GSM-
John 17:17	ἁγίασον	ἁγιάζω	V-	2AAD-S--
John 17:17	αὐτοὺς	αὐτός	RP	----APM-
John 17:17	ἐν	ἐν	P-	--------
John 17:17	τῇ	ὁ	RA	----DSF-
John 17:17	ἀληθείᾳ	ἀλήθεια	N-	----DSF-
John 17:17	ὁ	ὁ	RA	----NSM-
John 17:17	λόγος	λόγος	N-	----NSM-
John 17:17	ὁ	ὁ	RA	----NSM-
John 17:17	σὸς	σός	A-	----NSM-
John 17:17	ἀλήθειά	ἀλήθεια	N-	----NSF-
John 17:17	ἐστιν	εἰμί	V-	3PAI-S--
John 17:18	καθὼς	καθώς	C-	--------
John 17:18	ἐμὲ	ἐγώ	RP	----AS--
John 17:18	ἀπέστειλας	ἀποστέλλω	V-	2AAI-S--
John 17:18	εἰς	εἰς	P-	--------
John 17:18	τὸν	ὁ	RA	----ASM-
John 17:18	κόσμον	κόσμος	N-	----ASM-
John 17:18	κἀγὼ	κἀγώ	RP	----NS--
John 17:18	ἀπέστειλα	ἀποστέλλω	V-	1AAI-S--
John 17:18	αὐτοὺς	αὐτός	RP	----APM-
John 17:18	εἰς	εἰς	P-	--------
John 17:18	τὸν	ὁ	RA	----ASM-
John 17:18	κόσμον	κόσμος	N-	----ASM-
John 17:19	καὶ	καί	C-	--------
John 17:19	ὑπὲρ	ὑπέρ	P-	--------
John 17:19	αὐτῶν	αὐτός	RP	----GPM-
John 17:19	ἐγὼ	ἐγώ	RP	----NS--
John 17:19	ἁγιάζω	ἁγιάζω	V-	1PAI-S--
John 17:19	ἐμαυτόν	ἐμαυτοῦ	RP	----ASM-
John 17:19	ἵνα	ἵνα	C-	--------
John 17:19	ὦσιν	εἰμί	V-	3PAS-P--
John 17:19	καὶ	καί	D-	--------
John 17:19	αὐτοὶ	αὐτός	RP	----NPM-
John 17:19	ἡγιασμένοι	ἁγιάζω	V-	-XPPNPM-
John 17:19	ἐν	ἐν	P-	--------
John 17:19	ἀληθείᾳ	ἀλήθεια	N-	----DSF-
John 17:20	Οὐ	οὐ	D-	--------
John 17:20	περὶ	περί	P-	--------
John 17:20	τούτων	οὗτος	RD	----GPM-
John 17:20	δὲ	δέ	C-	--------
John 17:20	ἐρωτῶ	ἐρωτάω	V-	1PAI-S--
John 17:20	μόνον	μόνος	A-	----ASN-
John 17:20	ἀλλὰ	ἀλλά	C-	--------
John 17:20	καὶ	καί	D-	--------
John 17:20	περὶ	περί	P-	--------
John 17:20	τῶν	ὁ	RA	----GPM-
John 17:20	πιστευόντων	πιστεύω	V-	-PAPGPM-
John 17:20	διὰ	διά	P-	--------
John 17:20	τοῦ	ὁ	RA	----GSM-
John 17:20	λόγου	λόγος	N-	----GSM-
John 17:20	αὐτῶν	αὐτός	RP	----GPM-
John 17:20	εἰς	εἰς	P-	--------
John 17:20	ἐμέ	ἐγώ	RP	----AS--
John 17:21	ἵνα	ἵνα	C-	--------
John 17:21	πάντες	πᾶς	A-	----NPM-
John 17:21	ἓν	εἷς	A-	----NSN-
John 17:21	ὦσιν	εἰμί	V-	3PAS-P--
John 17:21	καθὼς	καθώς	C-	--------
John 17:21	σύ	σύ	RP	----NS--
John 17:21	πάτερ	πατήρ	N-	----VSM-
John 17:21	ἐν	ἐν	P-	--------
John 17:21	ἐμοὶ	ἐγώ	RP	----DS--
John 17:21	κἀγὼ	κἀγώ	RP	----NS--
John 17:21	ἐν	ἐν	P-	--------
John 17:21	σοί	σύ	RP	----DS--
John 17:21	ἵνα	ἵνα	C-	--------
John 17:21	καὶ	καί	D-	--------
John 17:21	αὐτοὶ	αὐτός	RP	----NPM-
John 17:21	ἐν	ἐν	P-	--------
John 17:21	ἡμῖν	ἐγώ	RP	----DP--
John 17:21	ὦσιν	εἰμί	V-	3PAS-P--
John 17:21	ἵνα	ἵνα	C-	--------
John 17:21	ὁ	ὁ	RA	----NSM-
John 17:21	κόσμος	κόσμος	N-	----NSM-
John 17:21	πιστεύῃ	πιστεύω	V-	3PAS-S--
John 17:21	ὅτι	ὅτι	C-	--------
John 17:21	σύ	σύ	RP	----NS--
John 17:21	με	ἐγώ	RP	----AS--
John 17:21	ἀπέστειλας	ἀποστέλλω	V-	2AAI-S--
John 17:22	κἀγὼ	κἀγώ	RP	----NS--
John 17:22	τὴν	ὁ	RA	----ASF-
John 17:22	δόξαν	δόξα	N-	----ASF-
John 17:22	ἣν	ὅς	RR	----ASF-
John 17:22	δέδωκάς	δίδωμι	V-	2XAI-S--
John 17:22	μοι	ἐγώ	RP	----DS--
John 17:22	δέδωκα	δίδωμι	V-	1XAI-S--
John 17:22	αὐτοῖς	αὐτός	RP	----DPM-
John 17:22	ἵνα	ἵνα	C-	--------
John 17:22	ὦσιν	εἰμί	V-	3PAS-P--
John 17:22	ἓν	εἷς	A-	----NSN-
John 17:22	καθὼς	καθώς	C-	--------
John 17:22	ἡμεῖς	ἐγώ	RP	----NP--
John 17:22	ἕν	εἷς	A-	----NSN-
John 17:23	ἐγὼ	ἐγώ	RP	----NS--
John 17:23	ἐν	ἐν	P-	--------
John 17:23	αὐτοῖς	αὐτός	RP	----DPM-
John 17:23	καὶ	καί	C-	--------
John 17:23	σὺ	σύ	RP	----NS--
John 17:23	ἐν	ἐν	P-	--------
John 17:23	ἐμοί	ἐγώ	RP	----DS--
John 17:23	ἵνα	ἵνα	C-	--------
John 17:23	ὦσιν	εἰμί	V-	3PAS-P--
John 17:23	τετελειωμένοι	τελειόω	V-	-XPPNPM-
John 17:23	εἰς	εἰς	P-	--------
John 17:23	ἕν	εἷς	A-	----ASN-
John 17:23	ἵνα	ἵνα	C-	--------
John 17:23	γινώσκῃ	γινώσκω	V-	3PAS-S--
John 17:23	ὁ	ὁ	RA	----NSM-
John 17:23	κόσμος	κόσμος	N-	----NSM-
John 17:23	ὅτι	ὅτι	C-	--------
John 17:23	σύ	σύ	RP	----NS--
John 17:23	με	ἐγώ	RP	----AS--
John 17:23	ἀπέστειλας	ἀποστέλλω	V-	2AAI-S--
John 17:23	καὶ	καί	C-	--------
John 17:23	ἠγάπησας	ἀγαπάω	V-	2AAI-S--
John 17:23	αὐτοὺς	αὐτός	RP	----APM-
John 17:23	καθὼς	καθώς	C-	--------
John 17:23	ἐμὲ	ἐγώ	RP	----AS--
John 17:23	ἠγάπησας	ἀγαπάω	V-	2AAI-S--
John 17:24	πάτερ	πατήρ	N-	----VSM-
John 17:24	ὃ	ὅς	RR	----ASN-
John 17:24	δέδωκάς	δίδωμι	V-	2XAI-S--
John 17:24	μοι	ἐγώ	RP	----DS--
John 17:24	θέλω	θέλω	V-	1PAI-S--
John 17:24	ἵνα	ἵνα	C-	--------
John 17:24	ὅπου	ὅπου	C-	--------
John 17:24	εἰμὶ	εἰμί	V-	1PAI-S--
John 17:24	ἐγὼ	ἐγώ	RP	----NS--
John 17:24	κἀκεῖνοι	κἀκεῖνος	RD	----NPM-
John 17:24	ὦσιν	εἰμί	V-	3PAS-P--
John 17:24	μετ’	μετά	P-	--------
John 17:24	ἐμοῦ	ἐγώ	RP	----GS--
John 17:24	ἵνα	ἵνα	C-	--------
John 17:24	θεωρῶσιν	θεωρέω	V-	3PAS-P--
John 17:24	τὴν	ὁ	RA	----ASF-
John 17:24	δόξαν	δόξα	N-	----ASF-
John 17:24	τὴν	ὁ	RA	----ASF-
John 17:24	ἐμὴν	ἐμός	A-	----ASF-
John 17:24	ἣν	ὅς	RR	----ASF-
John 17:24	δέδωκάς	δίδωμι	V-	2XAI-S--
John 17:24	μοι	ἐγώ	RP	----DS--
John 17:24	ὅτι	ὅτι	C-	--------
John 17:24	ἠγάπησάς	ἀγαπάω	V-	2AAI-S--
John 17:24	με	ἐγώ	RP	----AS--
John 17:24	πρὸ	πρό	P-	--------
John 17:24	καταβολῆς	καταβολή	N-	----GSF-
John 17:24	κόσμου	κόσμος	N-	----GSM-
John 17:25	Πάτερ	πατήρ	N-	----VSM-
John 17:25	δίκαιε	δίκαιος	A-	----VSM-
John 17:25	καὶ	καί	D-	--------
John 17:25	ὁ	ὁ	RA	----NSM-
John 17:25	κόσμος	κόσμος	N-	----NSM-
John 17:25	σε	σύ	RP	----AS--
John 17:25	οὐκ	οὐ	D-	--------
John 17:25	ἔγνω	γινώσκω	V-	3AAI-S--
John 17:25	ἐγὼ	ἐγώ	RP	----NS--
John 17:25	δέ	δέ	C-	--------
John 17:25	σε	σύ	RP	----AS--
John 17:25	ἔγνων	γινώσκω	V-	1AAI-S--
John 17:25	καὶ	καί	C-	--------
John 17:25	οὗτοι	οὗτος	RD	----NPM-
John 17:25	ἔγνωσαν	γινώσκω	V-	3AAI-P--
John 17:25	ὅτι	ὅτι	C-	--------
John 17:25	σύ	σύ	RP	----NS--
John 17:25	με	ἐγώ	RP	----AS--
John 17:25	ἀπέστειλας	ἀποστέλλω	V-	2AAI-S--
John 17:26	καὶ	καί	C-	--------
John 17:26	ἐγνώρισα	γνωρίζω	V-	1AAI-S--
John 17:26	αὐτοῖς	αὐτός	RP	----DPM-
John 17:26	τὸ	ὁ	RA	----ASN-
John 17:26	ὄνομά	ὄνομα	N-	----ASN-
John 17:26	σου	σύ	RP	----GS--
John 17:26	καὶ	καί	C-	--------
John 17:26	γνωρίσω	γνωρίζω	V-	1FAI-S--
John 17:26	ἵνα	ἵνα	C-	--------
John 17:26	ἡ	ὁ	RA	----NSF-
John 17:26	ἀγάπη	ἀγάπη	N-	----NSF-
John 17:26	ἣν	ὅς	RR	----ASF-
John 17:26	ἠγάπησάς	ἀγαπάω	V-	2AAI-S--
John 17:26	με	ἐγώ	RP	----AS--
John 17:26	ἐν	ἐν	P-	--------
John 17:26	αὐτοῖς	αὐτός	RP	----DPM-
John 17:26	ᾖ	εἰμί	V-	3PAS-S--
John 17:26	κἀγὼ	κἀγώ	RP	----NS--
John 17:26	ἐν	ἐν	P-	--------
John 17:26	αὐτοῖς	αὐτός	RP	----DPM-
John 18:1	Ταῦτα	οὗτος	RD	----APN-
John 18:1	εἰπὼν	λέγω	V-	-AAPNSM-
John 18:1	Ἰησοῦς	Ἰησοῦς	N-	----NSM-
John 18:1	ἐξῆλθεν	ἐξέρχομαι	V-	3AAI-S--
John 18:1	σὺν	σύν	P-	--------
John 18:1	τοῖς	ὁ	RA	----DPM-
John 18:1	μαθηταῖς	μαθητής	N-	----DPM-
John 18:1	αὐτοῦ	αὐτός	RP	----GSM-
John 18:1	πέραν	πέραν	P-	--------
John 18:1	τοῦ	ὁ	RA	----GSM-
John 18:1	χειμάρρου	χείμαρρος	N-	----GSM-
John 18:1	τοῦ	ὁ	RA	----GSM-
John 18:1	Κεδρὼν	Κεδρών	N-	----GSM-
John 18:1	ὅπου	ὅπου	D-	--------
John 18:1	ἦν	εἰμί	V-	3IAI-S--
John 18:1	κῆπος	κῆπος	N-	----NSM-
John 18:1	εἰς	εἰς	P-	--------
John 18:1	ὃν	ὅς	RR	----ASM-
John 18:1	εἰσῆλθεν	εἰσέρχομαι	V-	3AAI-S--
John 18:1	αὐτὸς	αὐτός	RP	----NSM-
John 18:1	καὶ	καί	C-	--------
John 18:1	οἱ	ὁ	RA	----NPM-
John 18:1	μαθηταὶ	μαθητής	N-	----NPM-
John 18:1	αὐτοῦ	αὐτός	RP	----GSM-
John 18:2	ᾔδει	οἶδα	V-	3YAI-S--
John 18:2	δὲ	δέ	C-	--------
John 18:2	καὶ	καί	D-	--------
John 18:2	Ἰούδας	Ἰούδας	N-	----NSM-
John 18:2	ὁ	ὁ	RA	----NSM-
John 18:2	παραδιδοὺς	παραδίδωμι	V-	-PAPNSM-
John 18:2	αὐτὸν	αὐτός	RP	----ASM-
John 18:2	τὸν	ὁ	RA	----ASM-
John 18:2	τόπον	τόπος	N-	----ASM-
John 18:2	ὅτι	ὅτι	C-	--------
John 18:2	πολλάκις	πολλάκις	D-	--------
John 18:2	συνήχθη	συνάγω	V-	3API-S--
John 18:2	Ἰησοῦς	Ἰησοῦς	N-	----NSM-
John 18:2	ἐκεῖ	ἐκεῖ	D-	--------
John 18:2	μετὰ	μετά	P-	--------
John 18:2	τῶν	ὁ	RA	----GPM-
John 18:2	μαθητῶν	μαθητής	N-	----GPM-
John 18:2	αὐτοῦ	αὐτός	RP	----GSM-
John 18:3	ὁ	ὁ	RA	----NSM-
John 18:3	οὖν	οὖν	C-	--------
John 18:3	Ἰούδας	Ἰούδας	N-	----NSM-
John 18:3	λαβὼν	λαμβάνω	V-	-AAPNSM-
John 18:3	τὴν	ὁ	RA	----ASF-
John 18:3	σπεῖραν	σπεῖρα	N-	----ASF-
John 18:3	καὶ	καί	C-	--------
John 18:3	ἐκ	ἐκ	P-	--------
John 18:3	τῶν	ὁ	RA	----GPM-
John 18:3	ἀρχιερέων	ἀρχιερεύς	N-	----GPM-
John 18:3	καὶ	καί	C-	--------
John 18:3	ἐκ	ἐκ	P-	--------
John 18:3	τῶν	ὁ	RA	----GPM-
John 18:3	Φαρισαίων	Φαρισαῖος	N-	----GPM-
John 18:3	ὑπηρέτας	ὑπηρέτης	N-	----APM-
John 18:3	ἔρχεται	ἔρχομαι	V-	3PMI-S--
John 18:3	ἐκεῖ	ἐκεῖ	D-	--------
John 18:3	μετὰ	μετά	P-	--------
John 18:3	φανῶν	φανός	N-	----GPM-
John 18:3	καὶ	καί	C-	--------
John 18:3	λαμπάδων	λαμπάς	N-	----GPF-
John 18:3	καὶ	καί	C-	--------
John 18:3	ὅπλων	ὅπλον	N-	----GPN-
John 18:4	Ἰησοῦς	Ἰησοῦς	N-	----NSM-
John 18:4	οὖν	οὖν	C-	--------
John 18:4	εἰδὼς	ὁράω	V-	-XAPNSM-
John 18:4	πάντα	πᾶς	A-	----APN-
John 18:4	τὰ	ὁ	RA	----APN-
John 18:4	ἐρχόμενα	ἔρχομαι	V-	-PMPAPN-
John 18:4	ἐπ’	ἐπί	P-	--------
John 18:4	αὐτὸν	αὐτός	RP	----ASM-
John 18:4	ἐξῆλθεν	ἐξέρχομαι	V-	3AAI-S--
John 18:4	καὶ	καί	C-	--------
John 18:4	λέγει	λέγω	V-	3PAI-S--
John 18:4	αὐτοῖς	αὐτός	RP	----DPM-
John 18:4	Τίνα	τίς	RI	----ASM-
John 18:4	ζητεῖτε	ζητέω	V-	2PAI-P--
John 18:5	ἀπεκρίθησαν	ἀποκρίνομαι	V-	3API-P--
John 18:5	αὐτῷ	αὐτός	RP	----DSM-
John 18:5	Ἰησοῦν	Ἰησοῦς	N-	----ASM-
John 18:5	τὸν	ὁ	RA	----ASM-
John 18:5	Ναζωραῖον	Ναζωραῖος	N-	----ASM-
John 18:5	λέγει	λέγω	V-	3PAI-S--
John 18:5	αὐτοῖς	αὐτός	RP	----DPM-
John 18:5	Ἐγώ	ἐγώ	RP	----NS--
John 18:5	εἰμι	εἰμί	V-	1PAI-S--
John 18:5	εἱστήκει	ἵστημι	V-	3YAI-S--
John 18:5	δὲ	δέ	C-	--------
John 18:5	καὶ	καί	D-	--------
John 18:5	Ἰούδας	Ἰούδας	N-	----NSM-
John 18:5	ὁ	ὁ	RA	----NSM-
John 18:5	παραδιδοὺς	παραδίδωμι	V-	-PAPNSM-
John 18:5	αὐτὸν	αὐτός	RP	----ASM-
John 18:5	μετ’	μετά	P-	--------
John 18:5	αὐτῶν	αὐτός	RP	----GPM-
John 18:6	ὡς	ὡς	C-	--------
John 18:6	οὖν	οὖν	C-	--------
John 18:6	εἶπεν	λέγω	V-	3AAI-S--
John 18:6	αὐτοῖς	αὐτός	RP	----DPM-
John 18:6	Ἐγώ	ἐγώ	RP	----NS--
John 18:6	εἰμι	εἰμί	V-	1PAI-S--
John 18:6	ἀπῆλθον	ἀπέρχομαι	V-	3AAI-P--
John 18:6	εἰς	εἰς	P-	--------
John 18:6	τὰ	ὁ	RA	----APN-
John 18:6	ὀπίσω	ὀπίσω	D-	--------
John 18:6	καὶ	καί	C-	--------
John 18:6	ἔπεσαν	πίπτω	V-	3AAI-P--
John 18:6	χαμαί	χαμαί	D-	--------
John 18:7	πάλιν	πάλιν	D-	--------
John 18:7	οὖν	οὖν	C-	--------
John 18:7	ἐπηρώτησεν	ἐπερωτάω	V-	3AAI-S--
John 18:7	αὐτούς	αὐτός	RP	----APM-
John 18:7	Τίνα	τίς	RI	----ASM-
John 18:7	ζητεῖτε	ζητέω	V-	2PAI-P--
John 18:7	οἱ	ὁ	RA	----NPM-
John 18:7	δὲ	δέ	C-	--------
John 18:7	εἶπαν	λέγω	V-	3AAI-P--
John 18:7	Ἰησοῦν	Ἰησοῦς	N-	----ASM-
John 18:7	τὸν	ὁ	RA	----ASM-
John 18:7	Ναζωραῖον	Ναζωραῖος	N-	----ASM-
John 18:8	ἀπεκρίθη	ἀποκρίνομαι	V-	3API-S--
John 18:8	Ἰησοῦς	Ἰησοῦς	N-	----NSM-
John 18:8	Εἶπον	λέγω	V-	1AAI-S--
John 18:8	ὑμῖν	σύ	RP	----DP--
John 18:8	ὅτι	ὅτι	C-	--------
John 18:8	ἐγώ	ἐγώ	RP	----NS--
John 18:8	εἰμι	εἰμί	V-	1PAI-S--
John 18:8	εἰ	εἰ	C-	--------
John 18:8	οὖν	οὖν	C-	--------
John 18:8	ἐμὲ	ἐγώ	RP	----AS--
John 18:8	ζητεῖτε	ζητέω	V-	2PAI-P--
John 18:8	ἄφετε	ἀφίημι	V-	2AAD-P--
John 18:8	τούτους	οὗτος	RD	----APM-
John 18:8	ὑπάγειν	ὑπάγω	V-	-PAN----
John 18:9	ἵνα	ἵνα	C-	--------
John 18:9	πληρωθῇ	πληρόω	V-	3APS-S--
John 18:9	ὁ	ὁ	RA	----NSM-
John 18:9	λόγος	λόγος	N-	----NSM-
John 18:9	ὃν	ὅς	RR	----ASM-
John 18:9	εἶπεν	λέγω	V-	3AAI-S--
John 18:9	ὅτι	ὅτι	D-	--------
John 18:9	Οὓς	ὅς	RR	----APM-
John 18:9	δέδωκάς	δίδωμι	V-	2XAI-S--
John 18:9	μοι	ἐγώ	RP	----DS--
John 18:9	οὐκ	οὐ	D-	--------
John 18:9	ἀπώλεσα	ἀπόλλυμι	V-	1AAI-S--
John 18:9	ἐξ	ἐκ	P-	--------
John 18:9	αὐτῶν	αὐτός	RP	----GPM-
John 18:9	οὐδένα	οὐδείς	A-	----ASM-
John 18:10	Σίμων	Σίμων	N-	----NSM-
John 18:10	οὖν	οὖν	C-	--------
John 18:10	Πέτρος	Πέτρος	N-	----NSM-
John 18:10	ἔχων	ἔχω	V-	-PAPNSM-
John 18:10	μάχαιραν	μάχαιρα	N-	----ASF-
John 18:10	εἵλκυσεν	ἕλκω	V-	3AAI-S--
John 18:10	αὐτὴν	αὐτός	RP	----ASF-
John 18:10	καὶ	καί	C-	--------
John 18:10	ἔπαισεν	παίω	V-	3AAI-S--
John 18:10	τὸν	ὁ	RA	----ASM-
John 18:10	τοῦ	ὁ	RA	----GSM-
John 18:10	ἀρχιερέως	ἀρχιερεύς	N-	----GSM-
John 18:10	δοῦλον	δοῦλος	N-	----ASM-
John 18:10	καὶ	καί	C-	--------
John 18:10	ἀπέκοψεν	ἀποκόπτω	V-	3AAI-S--
John 18:10	αὐτοῦ	αὐτός	RP	----GSM-
John 18:10	τὸ	ὁ	RA	----ASN-
John 18:10	ὠτάριον	ὠτάριον	N-	----ASN-
John 18:10	τὸ	ὁ	RA	----ASN-
John 18:10	δεξιόν	δεξιός	A-	----ASN-
John 18:10	ἦν	εἰμί	V-	3IAI-S--
John 18:10	δὲ	δέ	C-	--------
John 18:10	ὄνομα	ὄνομα	N-	----NSN-
John 18:10	τῷ	ὁ	RA	----DSM-
John 18:10	δούλῳ	δοῦλος	N-	----DSM-
John 18:10	Μάλχος	Μάλχος	N-	----NSM-
John 18:11	εἶπεν	λέγω	V-	3AAI-S--
John 18:11	οὖν	οὖν	C-	--------
John 18:11	ὁ	ὁ	RA	----NSM-
John 18:11	Ἰησοῦς	Ἰησοῦς	N-	----NSM-
John 18:11	τῷ	ὁ	RA	----DSM-
John 18:11	Πέτρῳ	Πέτρος	N-	----DSM-
John 18:11	Βάλε	βάλλω	V-	2AAD-S--
John 18:11	τὴν	ὁ	RA	----ASF-
John 18:11	μάχαιραν	μάχαιρα	N-	----ASF-
John 18:11	εἰς	εἰς	P-	--------
John 18:11	τὴν	ὁ	RA	----ASF-
John 18:11	θήκην	θήκη	N-	----ASF-
John 18:11	τὸ	ὁ	RA	----ASN-
John 18:11	ποτήριον	ποτήριον	N-	----ASN-
John 18:11	ὃ	ὅς	RR	----ASN-
John 18:11	δέδωκέν	δίδωμι	V-	3XAI-S--
John 18:11	μοι	ἐγώ	RP	----DS--
John 18:11	ὁ	ὁ	RA	----NSM-
John 18:11	πατὴρ	πατήρ	N-	----NSM-
John 18:11	οὐ	οὐ	X-	--------
John 18:11	μὴ	μή	X-	--------
John 18:11	πίω	πίνω	V-	1AAS-S--
John 18:11	αὐτό	αὐτός	RP	----ASN-
John 18:12	Ἡ	ὁ	RA	----NSF-
John 18:12	οὖν	οὖν	C-	--------
John 18:12	σπεῖρα	σπεῖρα	N-	----NSF-
John 18:12	καὶ	καί	C-	--------
John 18:12	ὁ	ὁ	RA	----NSM-
John 18:12	χιλίαρχος	χιλίαρχος	N-	----NSM-
John 18:12	καὶ	καί	C-	--------
John 18:12	οἱ	ὁ	RA	----NPM-
John 18:12	ὑπηρέται	ὑπηρέτης	N-	----NPM-
John 18:12	τῶν	ὁ	RA	----GPM-
John 18:12	Ἰουδαίων	Ἰουδαῖος	A-	----GPM-
John 18:12	συνέλαβον	συλλαμβάνω	V-	3AAI-P--
John 18:12	τὸν	ὁ	RA	----ASM-
John 18:12	Ἰησοῦν	Ἰησοῦς	N-	----ASM-
John 18:12	καὶ	καί	C-	--------
John 18:12	ἔδησαν	δέω	V-	3AAI-P--
John 18:12	αὐτὸν	αὐτός	RP	----ASM-
John 18:13	καὶ	καί	C-	--------
John 18:13	ἤγαγον	ἄγω	V-	3AAI-P--
John 18:13	πρὸς	πρός	P-	--------
John 18:13	Ἅνναν	Ἅννας	N-	----ASM-
John 18:13	πρῶτον	πρῶτος	A-	----ASN-
John 18:13	ἦν	εἰμί	V-	3IAI-S--
John 18:13	γὰρ	γάρ	C-	--------
John 18:13	πενθερὸς	πενθερός	N-	----NSM-
John 18:13	τοῦ	ὁ	RA	----GSM-
John 18:13	Καϊάφα	Καϊάφας	N-	----GSM-
John 18:13	ὃς	ὅς	RR	----NSM-
John 18:13	ἦν	εἰμί	V-	3IAI-S--
John 18:13	ἀρχιερεὺς	ἀρχιερεύς	N-	----NSM-
John 18:13	τοῦ	ὁ	RA	----GSM-
John 18:13	ἐνιαυτοῦ	ἐνιαυτός	N-	----GSM-
John 18:13	ἐκείνου	ἐκεῖνος	RD	----GSM-
John 18:14	ἦν	εἰμί	V-	3IAI-S--
John 18:14	δὲ	δέ	C-	--------
John 18:14	Καϊάφας	Καϊάφας	N-	----NSM-
John 18:14	ὁ	ὁ	RA	----NSM-
John 18:14	συμβουλεύσας	συμβουλεύω	V-	-AAPNSM-
John 18:14	τοῖς	ὁ	RA	----DPM-
John 18:14	Ἰουδαίοις	Ἰουδαῖος	A-	----DPM-
John 18:14	ὅτι	ὅτι	C-	--------
John 18:14	συμφέρει	συμφέρω	V-	3PAI-S--
John 18:14	ἕνα	εἷς	A-	----ASM-
John 18:14	ἄνθρωπον	ἄνθρωπος	N-	----ASM-
John 18:14	ἀποθανεῖν	ἀποθνῄσκω	V-	-AAN----
John 18:14	ὑπὲρ	ὑπέρ	P-	--------
John 18:14	τοῦ	ὁ	RA	----GSM-
John 18:14	λαοῦ	λαός	N-	----GSM-
John 18:15	Ἠκολούθει	ἀκολουθέω	V-	3IAI-S--
John 18:15	δὲ	δέ	C-	--------
John 18:15	τῷ	ὁ	RA	----DSM-
John 18:15	Ἰησοῦ	Ἰησοῦς	N-	----DSM-
John 18:15	Σίμων	Σίμων	N-	----NSM-
John 18:15	Πέτρος	Πέτρος	N-	----NSM-
John 18:15	καὶ	καί	C-	--------
John 18:15	ἄλλος	ἄλλος	A-	----NSM-
John 18:15	μαθητής	μαθητής	N-	----NSM-
John 18:15	ὁ	ὁ	RA	----NSM-
John 18:15	δὲ	δέ	C-	--------
John 18:15	μαθητὴς	μαθητής	N-	----NSM-
John 18:15	ἐκεῖνος	ἐκεῖνος	RD	----NSM-
John 18:15	ἦν	εἰμί	V-	3IAI-S--
John 18:15	γνωστὸς	γνωστός	A-	----NSM-
John 18:15	τῷ	ὁ	RA	----DSM-
John 18:15	ἀρχιερεῖ	ἀρχιερεύς	N-	----DSM-
John 18:15	καὶ	καί	C-	--------
John 18:15	συνεισῆλθεν	συνεισέρχομαι	V-	3AAI-S--
John 18:15	τῷ	ὁ	RA	----DSM-
John 18:15	Ἰησοῦ	Ἰησοῦς	N-	----DSM-
John 18:15	εἰς	εἰς	P-	--------
John 18:15	τὴν	ὁ	RA	----ASF-
John 18:15	αὐλὴν	αὐλή	N-	----ASF-
John 18:15	τοῦ	ὁ	RA	----GSM-
John 18:15	ἀρχιερέως	ἀρχιερεύς	N-	----GSM-
John 18:16	ὁ	ὁ	RA	----NSM-
John 18:16	δὲ	δέ	C-	--------
John 18:16	Πέτρος	Πέτρος	N-	----NSM-
John 18:16	εἱστήκει	ἵστημι	V-	3YAI-S--
John 18:16	πρὸς	πρός	P-	--------
John 18:16	τῇ	ὁ	RA	----DSF-
John 18:16	θύρᾳ	θύρα	N-	----DSF-
John 18:16	ἔξω	ἔξω	D-	--------
John 18:16	ἐξῆλθεν	ἐξέρχομαι	V-	3AAI-S--
John 18:16	οὖν	οὖν	C-	--------
John 18:16	ὁ	ὁ	RA	----NSM-
John 18:16	μαθητὴς	μαθητής	N-	----NSM-
John 18:16	ὁ	ὁ	RA	----NSM-
John 18:16	ἄλλος	ἄλλος	A-	----NSM-
John 18:16	ὁ	ὁ	RA	----NSM-
John 18:16	γνωστὸς	γνωστός	A-	----NSM-
John 18:16	τοῦ	ὁ	RA	----GSM-
John 18:16	ἀρχιερέως	ἀρχιερεύς	N-	----GSM-
John 18:16	καὶ	καί	C-	--------
John 18:16	εἶπεν	λέγω	V-	3AAI-S--
John 18:16	τῇ	ὁ	RA	----DSF-
John 18:16	θυρωρῷ	θυρωρός	N-	----DSF-
John 18:16	καὶ	καί	C-	--------
John 18:16	εἰσήγαγεν	εἰσάγω	V-	3AAI-S--
John 18:16	τὸν	ὁ	RA	----ASM-
John 18:16	Πέτρον	Πέτρος	N-	----ASM-
John 18:17	λέγει	λέγω	V-	3PAI-S--
John 18:17	οὖν	οὖν	C-	--------
John 18:17	τῷ	ὁ	RA	----DSM-
John 18:17	Πέτρῳ	Πέτρος	N-	----DSM-
John 18:17	ἡ	ὁ	RA	----NSF-
John 18:17	παιδίσκη	παιδίσκη	N-	----NSF-
John 18:17	ἡ	ὁ	RA	----NSF-
John 18:17	θυρωρός	θυρωρός	N-	----NSF-
John 18:17	Μὴ	μή	X-	--------
John 18:17	καὶ	καί	D-	--------
John 18:17	σὺ	σύ	RP	----NS--
John 18:17	ἐκ	ἐκ	P-	--------
John 18:17	τῶν	ὁ	RA	----GPM-
John 18:17	μαθητῶν	μαθητής	N-	----GPM-
John 18:17	εἶ	εἰμί	V-	2PAI-S--
John 18:17	τοῦ	ὁ	RA	----GSM-
John 18:17	ἀνθρώπου	ἄνθρωπος	N-	----GSM-
John 18:17	τούτου	οὗτος	RD	----GSM-
John 18:17	λέγει	λέγω	V-	3PAI-S--
John 18:17	ἐκεῖνος	ἐκεῖνος	RD	----NSM-
John 18:17	Οὐκ	οὐ	D-	--------
John 18:17	εἰμί	εἰμί	V-	1PAI-S--
John 18:18	εἱστήκεισαν	ἵστημι	V-	3YAI-P--
John 18:18	δὲ	δέ	C-	--------
John 18:18	οἱ	ὁ	RA	----NPM-
John 18:18	δοῦλοι	δοῦλος	N-	----NPM-
John 18:18	καὶ	καί	C-	--------
John 18:18	οἱ	ὁ	RA	----NPM-
John 18:18	ὑπηρέται	ὑπηρέτης	N-	----NPM-
John 18:18	ἀνθρακιὰν	ἀνθρακιά	N-	----ASF-
John 18:18	πεποιηκότες	ποιέω	V-	-XAPNPM-
John 18:18	ὅτι	ὅτι	C-	--------
John 18:18	ψῦχος	ψῦχος	N-	----NSN-
John 18:18	ἦν	εἰμί	V-	3IAI-S--
John 18:18	καὶ	καί	C-	--------
John 18:18	ἐθερμαίνοντο	θερμαίνομαι	V-	3IMI-P--
John 18:18	ἦν	εἰμί	V-	3IAI-S--
John 18:18	δὲ	δέ	C-	--------
John 18:18	καὶ	καί	D-	--------
John 18:18	ὁ	ὁ	RA	----NSM-
John 18:18	Πέτρος	Πέτρος	N-	----NSM-
John 18:18	μετ’	μετά	P-	--------
John 18:18	αὐτῶν	αὐτός	RP	----GPM-
John 18:18	ἑστὼς	ἵστημι	V-	-XAPNSM-
John 18:18	καὶ	καί	C-	--------
John 18:18	θερμαινόμενος	θερμαίνομαι	V-	-PMPNSM-
John 18:19	Ὁ	ὁ	RA	----NSM-
John 18:19	οὖν	οὖν	C-	--------
John 18:19	ἀρχιερεὺς	ἀρχιερεύς	N-	----NSM-
John 18:19	ἠρώτησεν	ἐρωτάω	V-	3AAI-S--
John 18:19	τὸν	ὁ	RA	----ASM-
John 18:19	Ἰησοῦν	Ἰησοῦς	N-	----ASM-
John 18:19	περὶ	περί	P-	--------
John 18:19	τῶν	ὁ	RA	----GPM-
John 18:19	μαθητῶν	μαθητής	N-	----GPM-
John 18:19	αὐτοῦ	αὐτός	RP	----GSM-
John 18:19	καὶ	καί	C-	--------
John 18:19	περὶ	περί	P-	--------
John 18:19	τῆς	ὁ	RA	----GSF-
John 18:19	διδαχῆς	διδαχή	N-	----GSF-
John 18:19	αὐτοῦ	αὐτός	RP	----GSM-
John 18:20	ἀπεκρίθη	ἀποκρίνομαι	V-	3API-S--
John 18:20	αὐτῷ	αὐτός	RP	----DSM-
John 18:20	Ἰησοῦς	Ἰησοῦς	N-	----NSM-
John 18:20	Ἐγὼ	ἐγώ	RP	----NS--
John 18:20	παρρησίᾳ	παρρησία	N-	----DSF-
John 18:20	λελάληκα	λαλέω	V-	1XAI-S--
John 18:20	τῷ	ὁ	RA	----DSM-
John 18:20	κόσμῳ	κόσμος	N-	----DSM-
John 18:20	ἐγὼ	ἐγώ	RP	----NS--
John 18:20	πάντοτε	πάντοτε	D-	--------
John 18:20	ἐδίδαξα	διδάσκω	V-	1AAI-S--
John 18:20	ἐν	ἐν	P-	--------
John 18:20	συναγωγῇ	συναγωγή	N-	----DSF-
John 18:20	καὶ	καί	C-	--------
John 18:20	ἐν	ἐν	P-	--------
John 18:20	τῷ	ὁ	RA	----DSN-
John 18:20	ἱερῷ	ἱερός	A-	----DSN-
John 18:20	ὅπου	ὅπου	D-	--------
John 18:20	πάντες	πᾶς	A-	----NPM-
John 18:20	οἱ	ὁ	RA	----NPM-
John 18:20	Ἰουδαῖοι	Ἰουδαῖος	A-	----NPM-
John 18:20	συνέρχονται	συνέρχομαι	V-	3PMI-P--
John 18:20	καὶ	καί	C-	--------
John 18:20	ἐν	ἐν	P-	--------
John 18:20	κρυπτῷ	κρυπτός	A-	----DSN-
John 18:20	ἐλάλησα	λαλέω	V-	1AAI-S--
John 18:20	οὐδέν	οὐδείς	A-	----ASN-
John 18:21	τί	τίς	RI	----ASN-
John 18:21	με	ἐγώ	RP	----AS--
John 18:21	ἐρωτᾷς	ἐρωτάω	V-	2PAI-S--
John 18:21	ἐρώτησον	ἐρωτάω	V-	2AAD-S--
John 18:21	τοὺς	ὁ	RA	----APM-
John 18:21	ἀκηκοότας	ἀκούω	V-	-XAPAPM-
John 18:21	τί	τίς	RI	----ASN-
John 18:21	ἐλάλησα	λαλέω	V-	1AAI-S--
John 18:21	αὐτοῖς	αὐτός	RP	----DPM-
John 18:21	ἴδε	ἴδε	X-	--------
John 18:21	οὗτοι	οὗτος	RD	----NPM-
John 18:21	οἴδασιν	οἶδα	V-	3XAI-P--
John 18:21	ἃ	ὅς	RR	----APN-
John 18:21	εἶπον	λέγω	V-	1AAI-S--
John 18:21	ἐγώ	ἐγώ	RP	----NS--
John 18:22	ταῦτα	οὗτος	RD	----APN-
John 18:22	δὲ	δέ	C-	--------
John 18:22	αὐτοῦ	αὐτός	RP	----GSM-
John 18:22	εἰπόντος	λέγω	V-	-AAPGSM-
John 18:22	εἷς	εἷς	A-	----NSM-
John 18:22	παρεστηκὼς	παρίστημι	V-	-XAPNSM-
John 18:22	τῶν	ὁ	RA	----GPM-
John 18:22	ὑπηρετῶν	ὑπηρέτης	N-	----GPM-
John 18:22	ἔδωκεν	δίδωμι	V-	3AAI-S--
John 18:22	ῥάπισμα	ῥάπισμα	N-	----ASN-
John 18:22	τῷ	ὁ	RA	----DSM-
John 18:22	Ἰησοῦ	Ἰησοῦς	N-	----DSM-
John 18:22	εἰπών	λέγω	V-	-AAPNSM-
John 18:22	Οὕτως	οὕτω(ς)	D-	--------
John 18:22	ἀποκρίνῃ	ἀποκρίνομαι	V-	2PMI-S--
John 18:22	τῷ	ὁ	RA	----DSM-
John 18:22	ἀρχιερεῖ	ἀρχιερεύς	N-	----DSM-
John 18:23	ἀπεκρίθη	ἀποκρίνομαι	V-	3API-S--
John 18:23	αὐτῷ	αὐτός	RP	----DSM-
John 18:23	Ἰησοῦς	Ἰησοῦς	N-	----NSM-
John 18:23	Εἰ	εἰ	C-	--------
John 18:23	κακῶς	κακῶς	D-	--------
John 18:23	ἐλάλησα	λαλέω	V-	1AAI-S--
John 18:23	μαρτύρησον	μαρτυρέω	V-	2AAD-S--
John 18:23	περὶ	περί	P-	--------
John 18:23	τοῦ	ὁ	RA	----GSN-
John 18:23	κακοῦ	κακός	A-	----GSN-
John 18:23	εἰ	εἰ	C-	--------
John 18:23	δὲ	δέ	C-	--------
John 18:23	καλῶς	καλῶς	D-	--------
John 18:23	τί	τίς	RI	----ASN-
John 18:23	με	ἐγώ	RP	----AS--
John 18:23	δέρεις	δέρω	V-	2PAI-S--
John 18:24	ἀπέστειλεν	ἀποστέλλω	V-	3AAI-S--
John 18:24	οὖν	οὖν	C-	--------
John 18:24	αὐτὸν	αὐτός	RP	----ASM-
John 18:24	ὁ	ὁ	RA	----NSM-
John 18:24	Ἅννας	Ἅννας	N-	----NSM-
John 18:24	δεδεμένον	δέω	V-	-XPPASM-
John 18:24	πρὸς	πρός	P-	--------
John 18:24	Καϊάφαν	Καϊάφας	N-	----ASM-
John 18:24	τὸν	ὁ	RA	----ASM-
John 18:24	ἀρχιερέα	ἀρχιερεύς	N-	----ASM-
John 18:25	Ἦν	εἰμί	V-	3IAI-S--
John 18:25	δὲ	δέ	C-	--------
John 18:25	Σίμων	Σίμων	N-	----NSM-
John 18:25	Πέτρος	Πέτρος	N-	----NSM-
John 18:25	ἑστὼς	ἵστημι	V-	-XAPNSM-
John 18:25	καὶ	καί	C-	--------
John 18:25	θερμαινόμενος	θερμαίνομαι	V-	-PMPNSM-
John 18:25	εἶπον	λέγω	V-	3AAI-P--
John 18:25	οὖν	οὖν	C-	--------
John 18:25	αὐτῷ	αὐτός	RP	----DSM-
John 18:25	Μὴ	μή	X-	--------
John 18:25	καὶ	καί	D-	--------
John 18:25	σὺ	σύ	RP	----NS--
John 18:25	ἐκ	ἐκ	P-	--------
John 18:25	τῶν	ὁ	RA	----GPM-
John 18:25	μαθητῶν	μαθητής	N-	----GPM-
John 18:25	αὐτοῦ	αὐτός	RP	----GSM-
John 18:25	εἶ	εἰμί	V-	2PAI-S--
John 18:25	ἠρνήσατο	ἀρνέομαι	V-	3AMI-S--
John 18:25	ἐκεῖνος	ἐκεῖνος	RD	----NSM-
John 18:25	καὶ	καί	C-	--------
John 18:25	εἶπεν	λέγω	V-	3AAI-S--
John 18:25	Οὐκ	οὐ	D-	--------
John 18:25	εἰμί	εἰμί	V-	1PAI-S--
John 18:26	λέγει	λέγω	V-	3PAI-S--
John 18:26	εἷς	εἷς	A-	----NSM-
John 18:26	ἐκ	ἐκ	P-	--------
John 18:26	τῶν	ὁ	RA	----GPM-
John 18:26	δούλων	δοῦλος	N-	----GPM-
John 18:26	τοῦ	ὁ	RA	----GSM-
John 18:26	ἀρχιερέως	ἀρχιερεύς	N-	----GSM-
John 18:26	συγγενὴς	συγγενής	A-	----NSM-
John 18:26	ὢν	εἰμί	V-	-PAPNSM-
John 18:26	οὗ	ὅς	RR	----GSM-
John 18:26	ἀπέκοψεν	ἀποκόπτω	V-	3AAI-S--
John 18:26	Πέτρος	Πέτρος	N-	----NSM-
John 18:26	τὸ	ὁ	RA	----ASN-
John 18:26	ὠτίον	ὠτίον	N-	----ASN-
John 18:26	Οὐκ	οὐ	X-	--------
John 18:26	ἐγώ	ἐγώ	RP	----NS--
John 18:26	σε	σύ	RP	----AS--
John 18:26	εἶδον	ὁράω	V-	1AAI-S--
John 18:26	ἐν	ἐν	P-	--------
John 18:26	τῷ	ὁ	RA	----DSM-
John 18:26	κήπῳ	κῆπος	N-	----DSM-
John 18:26	μετ’	μετά	P-	--------
John 18:26	αὐτοῦ	αὐτός	RP	----GSM-
John 18:27	πάλιν	πάλιν	D-	--------
John 18:27	οὖν	οὖν	C-	--------
John 18:27	ἠρνήσατο	ἀρνέομαι	V-	3AMI-S--
John 18:27	Πέτρος	Πέτρος	N-	----NSM-
John 18:27	καὶ	καί	C-	--------
John 18:27	εὐθέως	εὐθέως	D-	--------
John 18:27	ἀλέκτωρ	ἀλέκτωρ	N-	----NSM-
John 18:27	ἐφώνησεν	φωνέω	V-	3AAI-S--
John 18:28	Ἄγουσιν	ἄγω	V-	3PAI-P--
John 18:28	οὖν	οὖν	C-	--------
John 18:28	τὸν	ὁ	RA	----ASM-
John 18:28	Ἰησοῦν	Ἰησοῦς	N-	----ASM-
John 18:28	ἀπὸ	ἀπό	P-	--------
John 18:28	τοῦ	ὁ	RA	----GSM-
John 18:28	Καϊάφα	Καϊάφας	N-	----GSM-
John 18:28	εἰς	εἰς	P-	--------
John 18:28	τὸ	ὁ	RA	----ASN-
John 18:28	πραιτώριον	πραιτώριον	N-	----ASN-
John 18:28	ἦν	εἰμί	V-	3IAI-S--
John 18:28	δὲ	δέ	C-	--------
John 18:28	πρωΐ	πρωΐ	D-	--------
John 18:28	καὶ	καί	C-	--------
John 18:28	αὐτοὶ	αὐτός	RP	----NPM-
John 18:28	οὐκ	οὐ	D-	--------
John 18:28	εἰσῆλθον	εἰσέρχομαι	V-	3AAI-P--
John 18:28	εἰς	εἰς	P-	--------
John 18:28	τὸ	ὁ	RA	----ASN-
John 18:28	πραιτώριον	πραιτώριον	N-	----ASN-
John 18:28	ἵνα	ἵνα	C-	--------
John 18:28	μὴ	μή	D-	--------
John 18:28	μιανθῶσιν	μιαίνω	V-	3APS-P--
John 18:28	ἀλλὰ	ἀλλά	C-	--------
John 18:28	φάγωσιν	ἐσθίω	V-	3AAS-P--
John 18:28	τὸ	ὁ	RA	----ASN-
John 18:28	πάσχα	πάσχα	N-	----ASN-
John 18:29	ἐξῆλθεν	ἐξέρχομαι	V-	3AAI-S--
John 18:29	οὖν	οὖν	C-	--------
John 18:29	ὁ	ὁ	RA	----NSM-
John 18:29	Πιλᾶτος	Πιλᾶτος	N-	----NSM-
John 18:29	ἔξω	ἔξω	D-	--------
John 18:29	πρὸς	πρός	P-	--------
John 18:29	αὐτοὺς	αὐτός	RP	----APM-
John 18:29	καὶ	καί	C-	--------
John 18:29	φησίν	φημί	V-	3PAI-S--
John 18:29	Τίνα	τίς	RI	----ASF-
John 18:29	κατηγορίαν	κατηγορία	N-	----ASF-
John 18:29	φέρετε	φέρω	V-	2PAI-P--
John 18:29	κατὰ	κατά	P-	--------
John 18:29	τοῦ	ὁ	RA	----GSM-
John 18:29	ἀνθρώπου	ἄνθρωπος	N-	----GSM-
John 18:29	τούτου	οὗτος	RD	----GSM-
John 18:30	ἀπεκρίθησαν	ἀποκρίνομαι	V-	3API-P--
John 18:30	καὶ	καί	C-	--------
John 18:30	εἶπαν	λέγω	V-	3AAI-P--
John 18:30	αὐτῷ	αὐτός	RP	----DSM-
John 18:30	Εἰ	εἰ	C-	--------
John 18:30	μὴ	μή	D-	--------
John 18:30	ἦν	εἰμί	V-	3IAI-S--
John 18:30	οὗτος	οὗτος	RD	----NSM-
John 18:30	κακὸν	κακός	A-	----ASN-
John 18:30	ποιῶν	ποιέω	V-	-PAPNSM-
John 18:30	οὐκ	οὐ	D-	--------
John 18:30	ἄν	ἄν	X-	--------
John 18:30	σοι	σύ	RP	----DS--
John 18:30	παρεδώκαμεν	παραδίδωμι	V-	1AAI-P--
John 18:30	αὐτόν	αὐτός	RP	----ASM-
John 18:31	εἶπεν	λέγω	V-	3AAI-S--
John 18:31	οὖν	οὖν	C-	--------
John 18:31	αὐτοῖς	αὐτός	RP	----DPM-
John 18:31	ὁ	ὁ	RA	----NSM-
John 18:31	Πιλᾶτος	Πιλᾶτος	N-	----NSM-
John 18:31	Λάβετε	λαμβάνω	V-	2AAD-P--
John 18:31	αὐτὸν	αὐτός	RP	----ASM-
John 18:31	ὑμεῖς	σύ	RP	----NP--
John 18:31	καὶ	καί	C-	--------
John 18:31	κατὰ	κατά	P-	--------
John 18:31	τὸν	ὁ	RA	----ASM-
John 18:31	νόμον	νόμος	N-	----ASM-
John 18:31	ὑμῶν	σύ	RP	----GP--
John 18:31	κρίνατε	κρίνω	V-	2AAD-P--
John 18:31	αὐτόν	αὐτός	RP	----ASM-
John 18:31	εἶπον	λέγω	V-	3AAI-P--
John 18:31	αὐτῷ	αὐτός	RP	----DSM-
John 18:31	οἱ	ὁ	RA	----NPM-
John 18:31	Ἰουδαῖοι	Ἰουδαῖος	A-	----NPM-
John 18:31	Ἡμῖν	ἐγώ	RP	----DP--
John 18:31	οὐκ	οὐ	D-	--------
John 18:31	ἔξεστιν	ἔξεστι(ν)	V-	3PAI-S--
John 18:31	ἀποκτεῖναι	ἀποκτείνω	V-	-AAN----
John 18:31	οὐδένα	οὐδείς	A-	----ASM-
John 18:32	ἵνα	ἵνα	C-	--------
John 18:32	ὁ	ὁ	RA	----NSM-
John 18:32	λόγος	λόγος	N-	----NSM-
John 18:32	τοῦ	ὁ	RA	----GSM-
John 18:32	Ἰησοῦ	Ἰησοῦς	N-	----GSM-
John 18:32	πληρωθῇ	πληρόω	V-	3APS-S--
John 18:32	ὃν	ὅς	RR	----ASM-
John 18:32	εἶπεν	λέγω	V-	3AAI-S--
John 18:32	σημαίνων	σημαίνω	V-	-PAPNSM-
John 18:32	ποίῳ	ποῖος	RI	----DSM-
John 18:32	θανάτῳ	θάνατος	N-	----DSM-
John 18:32	ἤμελλεν	μέλλω	V-	3IAI-S--
John 18:32	ἀποθνῄσκειν	ἀποθνῄσκω	V-	-PAN----
John 18:33	Εἰσῆλθεν	εἰσέρχομαι	V-	3AAI-S--
John 18:33	οὖν	οὖν	C-	--------
John 18:33	πάλιν	πάλιν	D-	--------
John 18:33	εἰς	εἰς	P-	--------
John 18:33	τὸ	ὁ	RA	----ASN-
John 18:33	πραιτώριον	πραιτώριον	N-	----ASN-
John 18:33	ὁ	ὁ	RA	----NSM-
John 18:33	Πιλᾶτος	Πιλᾶτος	N-	----NSM-
John 18:33	καὶ	καί	C-	--------
John 18:33	ἐφώνησεν	φωνέω	V-	3AAI-S--
John 18:33	τὸν	ὁ	RA	----ASM-
John 18:33	Ἰησοῦν	Ἰησοῦς	N-	----ASM-
John 18:33	καὶ	καί	C-	--------
John 18:33	εἶπεν	λέγω	V-	3AAI-S--
John 18:33	αὐτῷ	αὐτός	RP	----DSM-
John 18:33	Σὺ	σύ	RP	----NS--
John 18:33	εἶ	εἰμί	V-	2PAI-S--
John 18:33	ὁ	ὁ	RA	----NSM-
John 18:33	βασιλεὺς	βασιλεύς	N-	----NSM-
John 18:33	τῶν	ὁ	RA	----GPM-
John 18:33	Ἰουδαίων	Ἰουδαῖος	A-	----GPM-
John 18:34	ἀπεκρίθη	ἀποκρίνομαι	V-	3API-S--
John 18:34	Ἰησοῦς	Ἰησοῦς	N-	----NSM-
John 18:34	Ἀπὸ	ἀπό	P-	--------
John 18:34	σεαυτοῦ	σεαυτοῦ	RP	----GSM-
John 18:34	σὺ	σύ	RP	----NS--
John 18:34	τοῦτο	οὗτος	RD	----ASN-
John 18:34	λέγεις	λέγω	V-	2PAI-S--
John 18:34	ἢ	ἤ	C-	--------
John 18:34	ἄλλοι	ἄλλος	A-	----NPM-
John 18:34	εἶπόν	λέγω	V-	3AAI-P--
John 18:34	σοι	σύ	RP	----DS--
John 18:34	περὶ	περί	P-	--------
John 18:34	ἐμοῦ	ἐγώ	RP	----GS--
John 18:35	ἀπεκρίθη	ἀποκρίνομαι	V-	3API-S--
John 18:35	ὁ	ὁ	RA	----NSM-
John 18:35	Πιλᾶτος	Πιλᾶτος	N-	----NSM-
John 18:35	Μήτι	μήτι	X-	--------
John 18:35	ἐγὼ	ἐγώ	RP	----NS--
John 18:35	Ἰουδαῖός	Ἰουδαῖος	A-	----NSM-
John 18:35	εἰμι	εἰμί	V-	1PAI-S--
John 18:35	τὸ	ὁ	RA	----NSN-
John 18:35	ἔθνος	ἔθνος	N-	----NSN-
John 18:35	τὸ	ὁ	RA	----NSN-
John 18:35	σὸν	σός	A-	----NSN-
John 18:35	καὶ	καί	C-	--------
John 18:35	οἱ	ὁ	RA	----NPM-
John 18:35	ἀρχιερεῖς	ἀρχιερεύς	N-	----NPM-
John 18:35	παρέδωκάν	παραδίδωμι	V-	3AAI-P--
John 18:35	σε	σύ	RP	----AS--
John 18:35	ἐμοί	ἐγώ	RP	----DS--
John 18:35	τί	τίς	RI	----ASN-
John 18:35	ἐποίησας	ποιέω	V-	2AAI-S--
John 18:36	ἀπεκρίθη	ἀποκρίνομαι	V-	3API-S--
John 18:36	Ἰησοῦς	Ἰησοῦς	N-	----NSM-
John 18:36	Ἡ	ὁ	RA	----NSF-
John 18:36	βασιλεία	βασιλεία	N-	----NSF-
John 18:36	ἡ	ὁ	RA	----NSF-
John 18:36	ἐμὴ	ἐμός	A-	----NSF-
John 18:36	οὐκ	οὐ	D-	--------
John 18:36	ἔστιν	εἰμί	V-	3PAI-S--
John 18:36	ἐκ	ἐκ	P-	--------
John 18:36	τοῦ	ὁ	RA	----GSM-
John 18:36	κόσμου	κόσμος	N-	----GSM-
John 18:36	τούτου	οὗτος	RD	----GSM-
John 18:36	εἰ	εἰ	C-	--------
John 18:36	ἐκ	ἐκ	P-	--------
John 18:36	τοῦ	ὁ	RA	----GSM-
John 18:36	κόσμου	κόσμος	N-	----GSM-
John 18:36	τούτου	οὗτος	RD	----GSM-
John 18:36	ἦν	εἰμί	V-	3IAI-S--
John 18:36	ἡ	ὁ	RA	----NSF-
John 18:36	βασιλεία	βασιλεία	N-	----NSF-
John 18:36	ἡ	ὁ	RA	----NSF-
John 18:36	ἐμή	ἐμός	A-	----NSF-
John 18:36	οἱ	ὁ	RA	----NPM-
John 18:36	ὑπηρέται	ὑπηρέτης	N-	----NPM-
John 18:36	οἱ	ὁ	RA	----NPM-
John 18:36	ἐμοὶ	ἐμός	A-	----NPM-
John 18:36	ἠγωνίζοντο	ἀγωνίζομαι	V-	3IMI-P--
John 18:36	ἄν	ἄν	X-	--------
John 18:36	ἵνα	ἵνα	C-	--------
John 18:36	μὴ	μή	D-	--------
John 18:36	παραδοθῶ	παραδίδωμι	V-	1APS-S--
John 18:36	τοῖς	ὁ	RA	----DPM-
John 18:36	Ἰουδαίοις	Ἰουδαῖος	A-	----DPM-
John 18:36	νῦν	νῦν	D-	--------
John 18:36	δὲ	δέ	C-	--------
John 18:36	ἡ	ὁ	RA	----NSF-
John 18:36	βασιλεία	βασιλεία	N-	----NSF-
John 18:36	ἡ	ὁ	RA	----NSF-
John 18:36	ἐμὴ	ἐμός	A-	----NSF-
John 18:36	οὐκ	οὐ	D-	--------
John 18:36	ἔστιν	εἰμί	V-	3PAI-S--
John 18:36	ἐντεῦθεν	ἐντεῦθεν	D-	--------
John 18:37	εἶπεν	λέγω	V-	3AAI-S--
John 18:37	οὖν	οὖν	C-	--------
John 18:37	αὐτῷ	αὐτός	RP	----DSM-
John 18:37	ὁ	ὁ	RA	----NSM-
John 18:37	Πιλᾶτος	Πιλᾶτος	N-	----NSM-
John 18:37	Οὐκοῦν	οὐκοῦν	C-	--------
John 18:37	βασιλεὺς	βασιλεύς	N-	----NSM-
John 18:37	εἶ	εἰμί	V-	2PAI-S--
John 18:37	σύ	σύ	RP	----NS--
John 18:37	ἀπεκρίθη	ἀποκρίνομαι	V-	3API-S--
John 18:37	ὁ	ὁ	RA	----NSM-
John 18:37	Ἰησοῦς	Ἰησοῦς	N-	----NSM-
John 18:37	Σὺ	σύ	RP	----NS--
John 18:37	λέγεις	λέγω	V-	2PAI-S--
John 18:37	ὅτι	ὅτι	C-	--------
John 18:37	βασιλεύς	βασιλεύς	N-	----NSM-
John 18:37	εἰμι	εἰμί	V-	1PAI-S--
John 18:37	ἐγὼ	ἐγώ	RP	----NS--
John 18:37	εἰς	εἰς	P-	--------
John 18:37	τοῦτο	οὗτος	RD	----ASN-
John 18:37	γεγέννημαι	γεννάω	V-	1XPI-S--
John 18:37	καὶ	καί	C-	--------
John 18:37	εἰς	εἰς	P-	--------
John 18:37	τοῦτο	οὗτος	RD	----ASN-
John 18:37	ἐλήλυθα	ἔρχομαι	V-	1XAI-S--
John 18:37	εἰς	εἰς	P-	--------
John 18:37	τὸν	ὁ	RA	----ASM-
John 18:37	κόσμον	κόσμος	N-	----ASM-
John 18:37	ἵνα	ἵνα	C-	--------
John 18:37	μαρτυρήσω	μαρτυρέω	V-	1AAS-S--
John 18:37	τῇ	ὁ	RA	----DSF-
John 18:37	ἀληθείᾳ	ἀλήθεια	N-	----DSF-
John 18:37	πᾶς	πᾶς	A-	----NSM-
John 18:37	ὁ	ὁ	RA	----NSM-
John 18:37	ὢν	εἰμί	V-	-PAPNSM-
John 18:37	ἐκ	ἐκ	P-	--------
John 18:37	τῆς	ὁ	RA	----GSF-
John 18:37	ἀληθείας	ἀλήθεια	N-	----GSF-
John 18:37	ἀκούει	ἀκούω	V-	3PAI-S--
John 18:37	μου	ἐγώ	RP	----GS--
John 18:37	τῆς	ὁ	RA	----GSF-
John 18:37	φωνῆς	φωνή	N-	----GSF-
John 18:38	λέγει	λέγω	V-	3PAI-S--
John 18:38	αὐτῷ	αὐτός	RP	----DSM-
John 18:38	ὁ	ὁ	RA	----NSM-
John 18:38	Πιλᾶτος	Πιλᾶτος	N-	----NSM-
John 18:38	Τί	τίς	RI	----NSN-
John 18:38	ἐστιν	εἰμί	V-	3PAI-S--
John 18:38	ἀλήθεια	ἀλήθεια	N-	----NSF-
John 18:38	Καὶ	καί	C-	--------
John 18:38	τοῦτο	οὗτος	RD	----ASN-
John 18:38	εἰπὼν	λέγω	V-	-AAPNSM-
John 18:38	πάλιν	πάλιν	D-	--------
John 18:38	ἐξῆλθεν	ἐξέρχομαι	V-	3AAI-S--
John 18:38	πρὸς	πρός	P-	--------
John 18:38	τοὺς	ὁ	RA	----APM-
John 18:38	Ἰουδαίους	Ἰουδαῖος	A-	----APM-
John 18:38	καὶ	καί	C-	--------
John 18:38	λέγει	λέγω	V-	3PAI-S--
John 18:38	αὐτοῖς	αὐτός	RP	----DPM-
John 18:38	Ἐγὼ	ἐγώ	RP	----NS--
John 18:38	οὐδεμίαν	οὐδείς	A-	----ASF-
John 18:38	εὑρίσκω	εὑρίσκω	V-	1PAI-S--
John 18:38	ἐν	ἐν	P-	--------
John 18:38	αὐτῷ	αὐτός	RP	----DSM-
John 18:38	αἰτίαν	αἰτία	N-	----ASF-
John 18:39	ἔστιν	εἰμί	V-	3PAI-S--
John 18:39	δὲ	δέ	C-	--------
John 18:39	συνήθεια	συνήθεια	N-	----NSF-
John 18:39	ὑμῖν	σύ	RP	----DP--
John 18:39	ἵνα	ἵνα	D-	--------
John 18:39	ἕνα	εἷς	A-	----ASM-
John 18:39	ἀπολύσω	ἀπολύω	V-	1AAS-S--
John 18:39	ὑμῖν	σύ	RP	----DP--
John 18:39	ἐν	ἐν	P-	--------
John 18:39	τῷ	ὁ	RA	----DSN-
John 18:39	πάσχα	πάσχα	N-	----DSN-
John 18:39	βούλεσθε	βούλομαι	V-	2PMI-P--
John 18:39	οὖν	οὖν	C-	--------
John 18:39	ἀπολύσω	ἀπολύω	V-	1AAS-S--
John 18:39	ὑμῖν	σύ	RP	----DP--
John 18:39	τὸν	ὁ	RA	----ASM-
John 18:39	βασιλέα	βασιλεύς	N-	----ASM-
John 18:39	τῶν	ὁ	RA	----GPM-
John 18:39	Ἰουδαίων	Ἰουδαῖος	A-	----GPM-
John 18:40	ἐκραύγασαν	κραυγάζω	V-	3AAI-P--
John 18:40	οὖν	οὖν	C-	--------
John 18:40	πάλιν	πάλιν	D-	--------
John 18:40	λέγοντες	λέγω	V-	-PAPNPM-
John 18:40	Μὴ	μή	D-	--------
John 18:40	τοῦτον	οὗτος	RD	----ASM-
John 18:40	ἀλλὰ	ἀλλά	C-	--------
John 18:40	τὸν	ὁ	RA	----ASM-
John 18:40	Βαραββᾶν	Βαραββᾶς	N-	----ASM-
John 18:40	ἦν	εἰμί	V-	3IAI-S--
John 18:40	δὲ	δέ	C-	--------
John 18:40	ὁ	ὁ	RA	----NSM-
John 18:40	Βαραββᾶς	Βαραββᾶς	N-	----NSM-
John 18:40	λῃστής	λῃστής	N-	----NSM-
John 19:1	Τότε	τότε	D-	--------
John 19:1	οὖν	οὖν	C-	--------
John 19:1	ἔλαβεν	λαμβάνω	V-	3AAI-S--
John 19:1	ὁ	ὁ	RA	----NSM-
John 19:1	Πιλᾶτος	Πιλᾶτος	N-	----NSM-
John 19:1	τὸν	ὁ	RA	----ASM-
John 19:1	Ἰησοῦν	Ἰησοῦς	N-	----ASM-
John 19:1	καὶ	καί	C-	--------
John 19:1	ἐμαστίγωσεν	μαστιγόω	V-	3AAI-S--
John 19:2	καὶ	καί	C-	--------
John 19:2	οἱ	ὁ	RA	----NPM-
John 19:2	στρατιῶται	στρατιώτης	N-	----NPM-
John 19:2	πλέξαντες	πλέκω	V-	-AAPNPM-
John 19:2	στέφανον	στέφανος	N-	----ASM-
John 19:2	ἐξ	ἐκ	P-	--------
John 19:2	ἀκανθῶν	ἄκανθα	N-	----GPF-
John 19:2	ἐπέθηκαν	ἐπιτίθημι	V-	3AAI-P--
John 19:2	αὐτοῦ	αὐτός	RP	----GSM-
John 19:2	τῇ	ὁ	RA	----DSF-
John 19:2	κεφαλῇ	κεφαλή	N-	----DSF-
John 19:2	καὶ	καί	C-	--------
John 19:2	ἱμάτιον	ἱμάτιον	N-	----ASN-
John 19:2	πορφυροῦν	πορφυροῦς	A-	----ASN-
John 19:2	περιέβαλον	περιβάλλω	V-	3AAI-P--
John 19:2	αὐτόν	αὐτός	RP	----ASM-
John 19:3	καὶ	καί	C-	--------
John 19:3	ἤρχοντο	ἔρχομαι	V-	3IMI-P--
John 19:3	πρὸς	πρός	P-	--------
John 19:3	αὐτὸν	αὐτός	RP	----ASM-
John 19:3	καὶ	καί	C-	--------
John 19:3	ἔλεγον	λέγω	V-	3IAI-P--
John 19:3	Χαῖρε	χαίρω	V-	2PAD-S--
John 19:3	ὁ	ὁ	RA	----NSM-
John 19:3	βασιλεὺς	βασιλεύς	N-	----NSM-
John 19:3	τῶν	ὁ	RA	----GPM-
John 19:3	Ἰουδαίων	Ἰουδαῖος	A-	----GPM-
John 19:3	καὶ	καί	C-	--------
John 19:3	ἐδίδοσαν	δίδωμι	V-	3IAI-P--
John 19:3	αὐτῷ	αὐτός	RP	----DSM-
John 19:3	ῥαπίσματα	ῥάπισμα	N-	----APN-
John 19:4	καὶ	καί	C-	--------
John 19:4	ἐξῆλθεν	ἐξέρχομαι	V-	3AAI-S--
John 19:4	πάλιν	πάλιν	D-	--------
John 19:4	ἔξω	ἔξω	D-	--------
John 19:4	ὁ	ὁ	RA	----NSM-
John 19:4	Πιλᾶτος	Πιλᾶτος	N-	----NSM-
John 19:4	καὶ	καί	C-	--------
John 19:4	λέγει	λέγω	V-	3PAI-S--
John 19:4	αὐτοῖς	αὐτός	RP	----DPM-
John 19:4	Ἴδε	ἴδε	X-	--------
John 19:4	ἄγω	ἄγω	V-	1PAI-S--
John 19:4	ὑμῖν	σύ	RP	----DP--
John 19:4	αὐτὸν	αὐτός	RP	----ASM-
John 19:4	ἔξω	ἔξω	D-	--------
John 19:4	ἵνα	ἵνα	C-	--------
John 19:4	γνῶτε	γινώσκω	V-	2AAS-P--
John 19:4	ὅτι	ὅτι	C-	--------
John 19:4	οὐδεμίαν	οὐδείς	A-	----ASF-
John 19:4	αἰτίαν	αἰτία	N-	----ASF-
John 19:4	εὑρίσκω	εὑρίσκω	V-	1PAI-S--
John 19:4	ἐν	ἐν	P-	--------
John 19:4	αὐτῷ	αὐτός	RP	----DSM-
John 19:5	ἐξῆλθεν	ἐξέρχομαι	V-	3AAI-S--
John 19:5	οὖν	οὖν	C-	--------
John 19:5	ὁ	ὁ	RA	----NSM-
John 19:5	Ἰησοῦς	Ἰησοῦς	N-	----NSM-
John 19:5	ἔξω	ἔξω	D-	--------
John 19:5	φορῶν	φορέω	V-	-PAPNSM-
John 19:5	τὸν	ὁ	RA	----ASM-
John 19:5	ἀκάνθινον	ἀκάνθινος	A-	----ASM-
John 19:5	στέφανον	στέφανος	N-	----ASM-
John 19:5	καὶ	καί	C-	--------
John 19:5	τὸ	ὁ	RA	----ASN-
John 19:5	πορφυροῦν	πορφυροῦς	A-	----ASN-
John 19:5	ἱμάτιον	ἱμάτιον	N-	----ASN-
John 19:5	καὶ	καί	C-	--------
John 19:5	λέγει	λέγω	V-	3PAI-S--
John 19:5	αὐτοῖς	αὐτός	RP	----DPM-
John 19:5	Ἰδοὺ	ἰδού	X-	--------
John 19:5	ὁ	ὁ	RA	----NSM-
John 19:5	ἄνθρωπος	ἄνθρωπος	N-	----NSM-
John 19:6	ὅτε	ὅτε	C-	--------
John 19:6	οὖν	οὖν	C-	--------
John 19:6	εἶδον	ὁράω	V-	3AAI-P--
John 19:6	αὐτὸν	αὐτός	RP	----ASM-
John 19:6	οἱ	ὁ	RA	----NPM-
John 19:6	ἀρχιερεῖς	ἀρχιερεύς	N-	----NPM-
John 19:6	καὶ	καί	C-	--------
John 19:6	οἱ	ὁ	RA	----NPM-
John 19:6	ὑπηρέται	ὑπηρέτης	N-	----NPM-
John 19:6	ἐκραύγασαν	κραυγάζω	V-	3AAI-P--
John 19:6	λέγοντες	λέγω	V-	-PAPNPM-
John 19:6	Σταύρωσον	σταυρόω	V-	2AAD-S--
John 19:6	σταύρωσον	σταυρόω	V-	2AAD-S--
John 19:6	λέγει	λέγω	V-	3PAI-S--
John 19:6	αὐτοῖς	αὐτός	RP	----DPM-
John 19:6	ὁ	ὁ	RA	----NSM-
John 19:6	Πιλᾶτος	Πιλᾶτος	N-	----NSM-
John 19:6	Λάβετε	λαμβάνω	V-	2AAD-P--
John 19:6	αὐτὸν	αὐτός	RP	----ASM-
John 19:6	ὑμεῖς	σύ	RP	----NP--
John 19:6	καὶ	καί	C-	--------
John 19:6	σταυρώσατε	σταυρόω	V-	2AAD-P--
John 19:6	ἐγὼ	ἐγώ	RP	----NS--
John 19:6	γὰρ	γάρ	C-	--------
John 19:6	οὐχ	οὐ	D-	--------
John 19:6	εὑρίσκω	εὑρίσκω	V-	1PAI-S--
John 19:6	ἐν	ἐν	P-	--------
John 19:6	αὐτῷ	αὐτός	RP	----DSM-
John 19:6	αἰτίαν	αἰτία	N-	----ASF-
John 19:7	ἀπεκρίθησαν	ἀποκρίνομαι	V-	3API-P--
John 19:7	αὐτῷ	αὐτός	RP	----DSM-
John 19:7	οἱ	ὁ	RA	----NPM-
John 19:7	Ἰουδαῖοι	Ἰουδαῖος	A-	----NPM-
John 19:7	Ἡμεῖς	ἐγώ	RP	----NP--
John 19:7	νόμον	νόμος	N-	----ASM-
John 19:7	ἔχομεν	ἔχω	V-	1PAI-P--
John 19:7	καὶ	καί	C-	--------
John 19:7	κατὰ	κατά	P-	--------
John 19:7	τὸν	ὁ	RA	----ASM-
John 19:7	νόμον	νόμος	N-	----ASM-
John 19:7	ὀφείλει	ὀφείλω	V-	3PAI-S--
John 19:7	ἀποθανεῖν	ἀποθνῄσκω	V-	-AAN----
John 19:7	ὅτι	ὅτι	C-	--------
John 19:7	υἱὸν	υἱός	N-	----ASM-
John 19:7	θεοῦ	θεός	N-	----GSM-
John 19:7	ἑαυτὸν	ἑαυτοῦ	RP	----ASM-
John 19:7	ἐποίησεν	ποιέω	V-	3AAI-S--
John 19:8	Ὅτε	ὅτε	C-	--------
John 19:8	οὖν	οὖν	C-	--------
John 19:8	ἤκουσεν	ἀκούω	V-	3AAI-S--
John 19:8	ὁ	ὁ	RA	----NSM-
John 19:8	Πιλᾶτος	Πιλᾶτος	N-	----NSM-
John 19:8	τοῦτον	οὗτος	RD	----ASM-
John 19:8	τὸν	ὁ	RA	----ASM-
John 19:8	λόγον	λόγος	N-	----ASM-
John 19:8	μᾶλλον	μᾶλλον	D-	--------
John 19:8	ἐφοβήθη	φοβέομαι	V-	3API-S--
John 19:9	καὶ	καί	C-	--------
John 19:9	εἰσῆλθεν	εἰσέρχομαι	V-	3AAI-S--
John 19:9	εἰς	εἰς	P-	--------
John 19:9	τὸ	ὁ	RA	----ASN-
John 19:9	πραιτώριον	πραιτώριον	N-	----ASN-
John 19:9	πάλιν	πάλιν	D-	--------
John 19:9	καὶ	καί	C-	--------
John 19:9	λέγει	λέγω	V-	3PAI-S--
John 19:9	τῷ	ὁ	RA	----DSM-
John 19:9	Ἰησοῦ	Ἰησοῦς	N-	----DSM-
John 19:9	Πόθεν	πόθεν	D-	--------
John 19:9	εἶ	εἰμί	V-	2PAI-S--
John 19:9	σύ	σύ	RP	----NS--
John 19:9	ὁ	ὁ	RA	----NSM-
John 19:9	δὲ	δέ	C-	--------
John 19:9	Ἰησοῦς	Ἰησοῦς	N-	----NSM-
John 19:9	ἀπόκρισιν	ἀπόκρισις	N-	----ASF-
John 19:9	οὐκ	οὐ	D-	--------
John 19:9	ἔδωκεν	δίδωμι	V-	3AAI-S--
John 19:9	αὐτῷ	αὐτός	RP	----DSM-
John 19:10	λέγει	λέγω	V-	3PAI-S--
John 19:10	οὖν	οὖν	C-	--------
John 19:10	αὐτῷ	αὐτός	RP	----DSM-
John 19:10	ὁ	ὁ	RA	----NSM-
John 19:10	Πιλᾶτος	Πιλᾶτος	N-	----NSM-
John 19:10	Ἐμοὶ	ἐγώ	RP	----DS--
John 19:10	οὐ	οὐ	X-	--------
John 19:10	λαλεῖς	λαλέω	V-	2PAI-S--
John 19:10	οὐκ	οὐ	X-	--------
John 19:10	οἶδας	οἶδα	V-	2XAI-S--
John 19:10	ὅτι	ὅτι	C-	--------
John 19:10	ἐξουσίαν	ἐξουσία	N-	----ASF-
John 19:10	ἔχω	ἔχω	V-	1PAI-S--
John 19:10	ἀπολῦσαί	ἀπολύω	V-	-AAN----
John 19:10	σε	σύ	RP	----AS--
John 19:10	καὶ	καί	C-	--------
John 19:10	ἐξουσίαν	ἐξουσία	N-	----ASF-
John 19:10	ἔχω	ἔχω	V-	1PAI-S--
John 19:10	σταυρῶσαί	σταυρόω	V-	-AAN----
John 19:10	σε	σύ	RP	----AS--
John 19:11	ἀπεκρίθη	ἀποκρίνομαι	V-	3API-S--
John 19:11	αὐτῷ	αὐτός	RP	----DSM-
John 19:11	Ἰησοῦς	Ἰησοῦς	N-	----NSM-
John 19:11	Οὐκ	οὐ	D-	--------
John 19:11	εἶχες	ἔχω	V-	2IAI-S--
John 19:11	ἐξουσίαν	ἐξουσία	N-	----ASF-
John 19:11	κατ’	κατά	P-	--------
John 19:11	ἐμοῦ	ἐγώ	RP	----GS--
John 19:11	οὐδεμίαν	οὐδείς	A-	----ASF-
John 19:11	εἰ	εἰ	C-	--------
John 19:11	μὴ	μή	D-	--------
John 19:11	ἦν	εἰμί	V-	3IAI-S--
John 19:11	δεδομένον	δίδωμι	V-	-XPPNSN-
John 19:11	σοι	σύ	RP	----DS--
John 19:11	ἄνωθεν	ἄνωθεν	D-	--------
John 19:11	διὰ	διά	P-	--------
John 19:11	τοῦτο	οὗτος	RD	----ASN-
John 19:11	ὁ	ὁ	RA	----NSM-
John 19:11	παραδούς	παραδίδωμι	V-	-AAPNSM-
John 19:11	μέ	ἐγώ	RP	----AS--
John 19:11	σοι	σύ	RP	----DS--
John 19:11	μείζονα	μέγας	A-	----ASFC
John 19:11	ἁμαρτίαν	ἁμαρτία	N-	----ASF-
John 19:11	ἔχει	ἔχω	V-	3PAI-S--
John 19:12	ἐκ	ἐκ	P-	--------
John 19:12	τούτου	οὗτος	RD	----GSN-
John 19:12	ὁ	ὁ	RA	----NSM-
John 19:12	Πιλᾶτος	Πιλᾶτος	N-	----NSM-
John 19:12	ἐζήτει	ζητέω	V-	3IAI-S--
John 19:12	ἀπολῦσαι	ἀπολύω	V-	-AAN----
John 19:12	αὐτόν	αὐτός	RP	----ASM-
John 19:12	οἱ	ὁ	RA	----NPM-
John 19:12	δὲ	δέ	C-	--------
John 19:12	Ἰουδαῖοι	Ἰουδαῖος	A-	----NPM-
John 19:12	ἐκραύγασαν	κραυγάζω	V-	3AAI-P--
John 19:12	λέγοντες	λέγω	V-	-PAPNPM-
John 19:12	Ἐὰν	ἐάν	C-	--------
John 19:12	τοῦτον	οὗτος	RD	----ASM-
John 19:12	ἀπολύσῃς	ἀπολύω	V-	2AAS-S--
John 19:12	οὐκ	οὐ	D-	--------
John 19:12	εἶ	εἰμί	V-	2PAI-S--
John 19:12	φίλος	φίλος	A-	----NSM-
John 19:12	τοῦ	ὁ	RA	----GSM-
John 19:12	Καίσαρος	Καῖσαρ	N-	----GSM-
John 19:12	πᾶς	πᾶς	A-	----NSM-
John 19:12	ὁ	ὁ	RA	----NSM-
John 19:12	βασιλέα	βασιλεύς	N-	----ASM-
John 19:12	ἑαυτὸν	ἑαυτοῦ	RP	----ASM-
John 19:12	ποιῶν	ποιέω	V-	-PAPNSM-
John 19:12	ἀντιλέγει	ἀντιλέγω	V-	3PAI-S--
John 19:12	τῷ	ὁ	RA	----DSM-
John 19:12	Καίσαρι	Καῖσαρ	N-	----DSM-
John 19:13	Ὁ	ὁ	RA	----NSM-
John 19:13	οὖν	οὖν	C-	--------
John 19:13	Πιλᾶτος	Πιλᾶτος	N-	----NSM-
John 19:13	ἀκούσας	ἀκούω	V-	-AAPNSM-
John 19:13	τῶν	ὁ	RA	----GPM-
John 19:13	λόγων	λόγος	N-	----GPM-
John 19:13	τούτων	οὗτος	RD	----GPM-
John 19:13	ἤγαγεν	ἄγω	V-	3AAI-S--
John 19:13	ἔξω	ἔξω	D-	--------
John 19:13	τὸν	ὁ	RA	----ASM-
John 19:13	Ἰησοῦν	Ἰησοῦς	N-	----ASM-
John 19:13	καὶ	καί	C-	--------
John 19:13	ἐκάθισεν	καθίζω	V-	3AAI-S--
John 19:13	ἐπὶ	ἐπί	P-	--------
John 19:13	βήματος	βῆμα	N-	----GSN-
John 19:13	εἰς	εἰς	P-	--------
John 19:13	τόπον	τόπος	N-	----ASM-
John 19:13	λεγόμενον	λέγω	V-	-PPPASM-
John 19:13	Λιθόστρωτον	λιθόστρωτος	A-	----ASM-
John 19:13	Ἑβραϊστὶ	Ἑβραϊστί	D-	--------
John 19:13	δὲ	δέ	C-	--------
John 19:13	Γαββαθα	Γαββαθα	N-	----ASN-
John 19:14	ἦν	εἰμί	V-	3IAI-S--
John 19:14	δὲ	δέ	C-	--------
John 19:14	παρασκευὴ	παρασκευή	N-	----NSF-
John 19:14	τοῦ	ὁ	RA	----GSN-
John 19:14	πάσχα	πάσχα	N-	----GSN-
John 19:14	ὥρα	ὥρα	N-	----NSF-
John 19:14	ἦν	εἰμί	V-	3IAI-S--
John 19:14	ὡς	ὡς	P-	--------
John 19:14	ἕκτη	ἕκτος	A-	----NSF-
John 19:14	καὶ	καί	C-	--------
John 19:14	λέγει	λέγω	V-	3PAI-S--
John 19:14	τοῖς	ὁ	RA	----DPM-
John 19:14	Ἰουδαίοις	Ἰουδαῖος	A-	----DPM-
John 19:14	Ἴδε	ἴδε	X-	--------
John 19:14	ὁ	ὁ	RA	----NSM-
John 19:14	βασιλεὺς	βασιλεύς	N-	----NSM-
John 19:14	ὑμῶν	σύ	RP	----GP--
John 19:15	ἐκραύγασαν	κραυγάζω	V-	3AAI-P--
John 19:15	οὖν	οὖν	C-	--------
John 19:15	ἐκεῖνοι	ἐκεῖνος	RD	----NPM-
John 19:15	Ἆρον	αἴρω	V-	2AAD-S--
John 19:15	ἆρον	αἴρω	V-	2AAD-S--
John 19:15	σταύρωσον	σταυρόω	V-	2AAD-S--
John 19:15	αὐτόν	αὐτός	RP	----ASM-
John 19:15	λέγει	λέγω	V-	3PAI-S--
John 19:15	αὐτοῖς	αὐτός	RP	----DPM-
John 19:15	ὁ	ὁ	RA	----NSM-
John 19:15	Πιλᾶτος	Πιλᾶτος	N-	----NSM-
John 19:15	Τὸν	ὁ	RA	----ASM-
John 19:15	βασιλέα	βασιλεύς	N-	----ASM-
John 19:15	ὑμῶν	σύ	RP	----GP--
John 19:15	σταυρώσω	σταυρόω	V-	1AAS-S--
John 19:15	ἀπεκρίθησαν	ἀποκρίνομαι	V-	3API-P--
John 19:15	οἱ	ὁ	RA	----NPM-
John 19:15	ἀρχιερεῖς	ἀρχιερεύς	N-	----NPM-
John 19:15	Οὐκ	οὐ	D-	--------
John 19:15	ἔχομεν	ἔχω	V-	1PAI-P--
John 19:15	βασιλέα	βασιλεύς	N-	----ASM-
John 19:15	εἰ	εἰ	C-	--------
John 19:15	μὴ	μή	D-	--------
John 19:15	Καίσαρα	Καῖσαρ	N-	----ASM-
John 19:16	τότε	τότε	D-	--------
John 19:16	οὖν	οὖν	C-	--------
John 19:16	παρέδωκεν	παραδίδωμι	V-	3AAI-S--
John 19:16	αὐτὸν	αὐτός	RP	----ASM-
John 19:16	αὐτοῖς	αὐτός	RP	----DPM-
John 19:16	ἵνα	ἵνα	C-	--------
John 19:16	σταυρωθῇ	σταυρόω	V-	3APS-S--
John 19:16	Παρέλαβον	παραλαμβάνω	V-	3AAI-P--
John 19:16	οὖν	οὖν	C-	--------
John 19:16	τὸν	ὁ	RA	----ASM-
John 19:16	Ἰησοῦν	Ἰησοῦς	N-	----ASM-
John 19:17	καὶ	καί	C-	--------
John 19:17	βαστάζων	βαστάζω	V-	-PAPNSM-
John 19:17	αὑτῷ	ἑαυτοῦ	RP	----DSM-
John 19:17	τὸν	ὁ	RA	----ASM-
John 19:17	σταυρὸν	σταυρός	N-	----ASM-
John 19:17	ἐξῆλθεν	ἐξέρχομαι	V-	3AAI-S--
John 19:17	εἰς	εἰς	P-	--------
John 19:17	τὸν	ὁ	RA	----ASM-
John 19:17	λεγόμενον	λέγω	V-	-PPPASM-
John 19:17	Κρανίου	κρανίον	N-	----GSN-
John 19:17	Τόπον	τόπος	N-	----ASM-
John 19:17	ὃ	ὅς	RR	----NSN-
John 19:17	λέγεται	λέγω	V-	3PPI-S--
John 19:17	Ἑβραϊστὶ	Ἑβραϊστί	D-	--------
John 19:17	Γολγοθα	Γολγοθᾶ	N-	----NSF-
John 19:18	ὅπου	ὅπου	D-	--------
John 19:18	αὐτὸν	αὐτός	RP	----ASM-
John 19:18	ἐσταύρωσαν	σταυρόω	V-	3AAI-P--
John 19:18	καὶ	καί	C-	--------
John 19:18	μετ’	μετά	P-	--------
John 19:18	αὐτοῦ	αὐτός	RP	----GSM-
John 19:18	ἄλλους	ἄλλος	A-	----APM-
John 19:18	δύο	δύο	A-	----APM-
John 19:18	ἐντεῦθεν	ἐντεῦθεν	D-	--------
John 19:18	καὶ	καί	C-	--------
John 19:18	ἐντεῦθεν	ἐντεῦθεν	D-	--------
John 19:18	μέσον	μέσος	A-	----ASN-
John 19:18	δὲ	δέ	C-	--------
John 19:18	τὸν	ὁ	RA	----ASM-
John 19:18	Ἰησοῦν	Ἰησοῦς	N-	----ASM-
John 19:19	ἔγραψεν	γράφω	V-	3AAI-S--
John 19:19	δὲ	δέ	C-	--------
John 19:19	καὶ	καί	D-	--------
John 19:19	τίτλον	τίτλος	N-	----ASM-
John 19:19	ὁ	ὁ	RA	----NSM-
John 19:19	Πιλᾶτος	Πιλᾶτος	N-	----NSM-
John 19:19	καὶ	καί	C-	--------
John 19:19	ἔθηκεν	τίθημι	V-	3AAI-S--
John 19:19	ἐπὶ	ἐπί	P-	--------
John 19:19	τοῦ	ὁ	RA	----GSM-
John 19:19	σταυροῦ	σταυρός	N-	----GSM-
John 19:19	ἦν	εἰμί	V-	3IAI-S--
John 19:19	δὲ	δέ	C-	--------
John 19:19	γεγραμμένον	γράφω	V-	-XPPNSN-
John 19:19	Ἰησοῦς	Ἰησοῦς	N-	----NSM-
John 19:19	ὁ	ὁ	RA	----NSM-
John 19:19	Ναζωραῖος	Ναζωραῖος	N-	----NSM-
John 19:19	ὁ	ὁ	RA	----NSM-
John 19:19	βασιλεὺς	βασιλεύς	N-	----NSM-
John 19:19	τῶν	ὁ	RA	----GPM-
John 19:19	Ἰουδαίων	Ἰουδαῖος	A-	----GPM-
John 19:20	τοῦτον	οὗτος	RD	----ASM-
John 19:20	οὖν	οὖν	C-	--------
John 19:20	τὸν	ὁ	RA	----ASM-
John 19:20	τίτλον	τίτλος	N-	----ASM-
John 19:20	πολλοὶ	πολύς	A-	----NPM-
John 19:20	ἀνέγνωσαν	ἀναγινώσκω	V-	3AAI-P--
John 19:20	τῶν	ὁ	RA	----GPM-
John 19:20	Ἰουδαίων	Ἰουδαῖος	A-	----GPM-
John 19:20	ὅτι	ὅτι	C-	--------
John 19:20	ἐγγὺς	ἐγγύς	P-	--------
John 19:20	ἦν	εἰμί	V-	3IAI-S--
John 19:20	ὁ	ὁ	RA	----NSM-
John 19:20	τόπος	τόπος	N-	----NSM-
John 19:20	τῆς	ὁ	RA	----GSF-
John 19:20	πόλεως	πόλις	N-	----GSF-
John 19:20	ὅπου	ὅπου	D-	--------
John 19:20	ἐσταυρώθη	σταυρόω	V-	3API-S--
John 19:20	ὁ	ὁ	RA	----NSM-
John 19:20	Ἰησοῦς	Ἰησοῦς	N-	----NSM-
John 19:20	καὶ	καί	C-	--------
John 19:20	ἦν	εἰμί	V-	3IAI-S--
John 19:20	γεγραμμένον	γράφω	V-	-XPPNSN-
John 19:20	Ἑβραϊστί	Ἑβραϊστί	D-	--------
John 19:20	Ῥωμαϊστί	Ῥωμαϊστί	D-	--------
John 19:20	Ἑλληνιστί	Ἑλληνιστί	D-	--------
John 19:21	ἔλεγον	λέγω	V-	3IAI-P--
John 19:21	οὖν	οὖν	C-	--------
John 19:21	τῷ	ὁ	RA	----DSM-
John 19:21	Πιλάτῳ	Πιλᾶτος	N-	----DSM-
John 19:21	οἱ	ὁ	RA	----NPM-
John 19:21	ἀρχιερεῖς	ἀρχιερεύς	N-	----NPM-
John 19:21	τῶν	ὁ	RA	----GPM-
John 19:21	Ἰουδαίων	Ἰουδαῖος	A-	----GPM-
John 19:21	Μὴ	μή	D-	--------
John 19:21	γράφε	γράφω	V-	2PAD-S--
John 19:21	Ὁ	ὁ	RA	----NSM-
John 19:21	βασιλεὺς	βασιλεύς	N-	----NSM-
John 19:21	τῶν	ὁ	RA	----GPM-
John 19:21	Ἰουδαίων	Ἰουδαῖος	A-	----GPM-
John 19:21	ἀλλ’	ἀλλά	C-	--------
John 19:21	ὅτι	ὅτι	C-	--------
John 19:21	ἐκεῖνος	ἐκεῖνος	RD	----NSM-
John 19:21	εἶπεν	λέγω	V-	3AAI-S--
John 19:21	Βασιλεὺς	βασιλεύς	N-	----NSM-
John 19:21	τῶν	ὁ	RA	----GPM-
John 19:21	Ἰουδαίων	Ἰουδαῖος	A-	----GPM-
John 19:21	εἰμί	εἰμί	V-	1PAI-S--
John 19:22	ἀπεκρίθη	ἀποκρίνομαι	V-	3API-S--
John 19:22	ὁ	ὁ	RA	----NSM-
John 19:22	Πιλᾶτος	Πιλᾶτος	N-	----NSM-
John 19:22	Ὃ	ὅς	RR	----ASN-
John 19:22	γέγραφα	γράφω	V-	1XAI-S--
John 19:22	γέγραφα	γράφω	V-	1XAI-S--
John 19:23	οἱ	ὁ	RA	----NPM-
John 19:23	οὖν	οὖν	C-	--------
John 19:23	στρατιῶται	στρατιώτης	N-	----NPM-
John 19:23	ὅτε	ὅτε	C-	--------
John 19:23	ἐσταύρωσαν	σταυρόω	V-	3AAI-P--
John 19:23	τὸν	ὁ	RA	----ASM-
John 19:23	Ἰησοῦν	Ἰησοῦς	N-	----ASM-
John 19:23	ἔλαβον	λαμβάνω	V-	3AAI-P--
John 19:23	τὰ	ὁ	RA	----APN-
John 19:23	ἱμάτια	ἱμάτιον	N-	----APN-
John 19:23	αὐτοῦ	αὐτός	RP	----GSM-
John 19:23	καὶ	καί	C-	--------
John 19:23	ἐποίησαν	ποιέω	V-	3AAI-P--
John 19:23	τέσσαρα	τέσσαρες	A-	----APN-
John 19:23	μέρη	μέρος	N-	----APN-
John 19:23	ἑκάστῳ	ἕκαστος	A-	----DSM-
John 19:23	στρατιώτῃ	στρατιώτης	N-	----DSM-
John 19:23	μέρος	μέρος	N-	----ASN-
John 19:23	καὶ	καί	C-	--------
John 19:23	τὸν	ὁ	RA	----ASM-
John 19:23	χιτῶνα	χιτών	N-	----ASM-
John 19:23	ἦν	εἰμί	V-	3IAI-S--
John 19:23	δὲ	δέ	C-	--------
John 19:23	ὁ	ὁ	RA	----NSM-
John 19:23	χιτὼν	χιτών	N-	----NSM-
John 19:23	ἄραφος	ἄραφος	A-	----NSM-
John 19:23	ἐκ	ἐκ	P-	--------
John 19:23	τῶν	ὁ	RA	----GPN-
John 19:23	ἄνωθεν	ἄνωθεν	D-	--------
John 19:23	ὑφαντὸς	ὑφαντός	A-	----NSM-
John 19:23	δι’	διά	P-	--------
John 19:23	ὅλου	ὅλος	A-	----GSM-
John 19:24	εἶπαν	λέγω	V-	3AAI-P--
John 19:24	οὖν	οὖν	C-	--------
John 19:24	πρὸς	πρός	P-	--------
John 19:24	ἀλλήλους	ἀλλήλων	RP	----APM-
John 19:24	Μὴ	μή	D-	--------
John 19:24	σχίσωμεν	σχίζω	V-	1AAS-P--
John 19:24	αὐτόν	αὐτός	RP	----ASM-
John 19:24	ἀλλὰ	ἀλλά	C-	--------
John 19:24	λάχωμεν	λαγχάνω	V-	1AAS-P--
John 19:24	περὶ	περί	P-	--------
John 19:24	αὐτοῦ	αὐτός	RP	----GSM-
John 19:24	τίνος	τίς	RI	----GSM-
John 19:24	ἔσται	εἰμί	V-	3FMI-S--
John 19:24	ἵνα	ἵνα	C-	--------
John 19:24	ἡ	ὁ	RA	----NSF-
John 19:24	γραφὴ	γραφή	N-	----NSF-
John 19:24	πληρωθῇ	πληρόω	V-	3APS-S--
John 19:24	ἡ	ὁ	RA	----NSF-
John 19:24	λέγουσα	λέγω	V-	-PAPNSF-
John 19:24	Διεμερίσαντο	διαμερίζω	V-	3AMI-P--
John 19:24	τὰ	ὁ	RA	----APN-
John 19:24	ἱμάτιά	ἱμάτιον	N-	----APN-
John 19:24	μου	ἐγώ	RP	----GS--
John 19:24	ἑαυτοῖς	ἑαυτοῦ	RP	----DPM-
John 19:24	καὶ	καί	C-	--------
John 19:24	ἐπὶ	ἐπί	P-	--------
John 19:24	τὸν	ὁ	RA	----ASM-
John 19:24	ἱματισμόν	ἱματισμός	N-	----ASM-
John 19:24	μου	ἐγώ	RP	----GS--
John 19:24	ἔβαλον	βάλλω	V-	3AAI-P--
John 19:24	κλῆρον	κλῆρος	N-	----ASM-
John 19:24	Οἱ	ὁ	RA	----NPM-
John 19:24	μὲν	μέν	C-	--------
John 19:24	οὖν	οὖν	C-	--------
John 19:24	στρατιῶται	στρατιώτης	N-	----NPM-
John 19:24	ταῦτα	οὗτος	RD	----APN-
John 19:24	ἐποίησαν	ποιέω	V-	3AAI-P--
John 19:25	Εἱστήκεισαν	ἵστημι	V-	3YAI-P--
John 19:25	δὲ	δέ	C-	--------
John 19:25	παρὰ	παρά	P-	--------
John 19:25	τῷ	ὁ	RA	----DSM-
John 19:25	σταυρῷ	σταυρός	N-	----DSM-
John 19:25	τοῦ	ὁ	RA	----GSM-
John 19:25	Ἰησοῦ	Ἰησοῦς	N-	----GSM-
John 19:25	ἡ	ὁ	RA	----NSF-
John 19:25	μήτηρ	μήτηρ	N-	----NSF-
John 19:25	αὐτοῦ	αὐτός	RP	----GSM-
John 19:25	καὶ	καί	C-	--------
John 19:25	ἡ	ὁ	RA	----NSF-
John 19:25	ἀδελφὴ	ἀδελφή	N-	----NSF-
John 19:25	τῆς	ὁ	RA	----GSF-
John 19:25	μητρὸς	μήτηρ	N-	----GSF-
John 19:25	αὐτοῦ	αὐτός	RP	----GSM-
John 19:25	Μαρία	Μαρία	N-	----NSF-
John 19:25	ἡ	ὁ	RA	----NSF-
John 19:25	τοῦ	ὁ	RA	----GSM-
John 19:25	Κλωπᾶ	Κλωπᾶς	N-	----GSM-
John 19:25	καὶ	καί	C-	--------
John 19:25	Μαρία	Μαρία	N-	----NSF-
John 19:25	ἡ	ὁ	RA	----NSF-
John 19:25	Μαγδαληνή	Μαγδαληνή	N-	----NSF-
John 19:26	Ἰησοῦς	Ἰησοῦς	N-	----NSM-
John 19:26	οὖν	οὖν	C-	--------
John 19:26	ἰδὼν	ὁράω	V-	-AAPNSM-
John 19:26	τὴν	ὁ	RA	----ASF-
John 19:26	μητέρα	μήτηρ	N-	----ASF-
John 19:26	καὶ	καί	C-	--------
John 19:26	τὸν	ὁ	RA	----ASM-
John 19:26	μαθητὴν	μαθητής	N-	----ASM-
John 19:26	παρεστῶτα	παρίστημι	V-	-XAPASM-
John 19:26	ὃν	ὅς	RR	----ASM-
John 19:26	ἠγάπα	ἀγαπάω	V-	3IAI-S--
John 19:26	λέγει	λέγω	V-	3PAI-S--
John 19:26	τῇ	ὁ	RA	----DSF-
John 19:26	μητρί	μήτηρ	N-	----DSF-
John 19:26	Γύναι	γυνή	N-	----VSF-
John 19:26	ἴδε	ἴδε	X-	--------
John 19:26	ὁ	ὁ	RA	----NSM-
John 19:26	υἱός	υἱός	N-	----NSM-
John 19:26	σου	σύ	RP	----GS--
John 19:27	εἶτα	εἶτα	D-	--------
John 19:27	λέγει	λέγω	V-	3PAI-S--
John 19:27	τῷ	ὁ	RA	----DSM-
John 19:27	μαθητῇ	μαθητής	N-	----DSM-
John 19:27	Ἴδε	ἴδε	X-	--------
John 19:27	ἡ	ὁ	RA	----NSF-
John 19:27	μήτηρ	μήτηρ	N-	----NSF-
John 19:27	σου	σύ	RP	----GS--
John 19:27	καὶ	καί	C-	--------
John 19:27	ἀπ’	ἀπό	P-	--------
John 19:27	ἐκείνης	ἐκεῖνος	RD	----GSF-
John 19:27	τῆς	ὁ	RA	----GSF-
John 19:27	ὥρας	ὥρα	N-	----GSF-
John 19:27	ἔλαβεν	λαμβάνω	V-	3AAI-S--
John 19:27	ὁ	ὁ	RA	----NSM-
John 19:27	μαθητὴς	μαθητής	N-	----NSM-
John 19:27	αὐτὴν	αὐτός	RP	----ASF-
John 19:27	εἰς	εἰς	P-	--------
John 19:27	τὰ	ὁ	RA	----APN-
John 19:27	ἴδια	ἴδιος	A-	----APN-
John 19:28	Μετὰ	μετά	P-	--------
John 19:28	τοῦτο	οὗτος	RD	----ASN-
John 19:28	εἰδὼς	ὁράω	V-	-XAPNSM-
John 19:28	ὁ	ὁ	RA	----NSM-
John 19:28	Ἰησοῦς	Ἰησοῦς	N-	----NSM-
John 19:28	ὅτι	ὅτι	C-	--------
John 19:28	ἤδη	ἤδη	D-	--------
John 19:28	πάντα	πᾶς	A-	----NPN-
John 19:28	τετέλεσται	τελέω	V-	3XPI-S--
John 19:28	ἵνα	ἵνα	C-	--------
John 19:28	τελειωθῇ	τελειόω	V-	3APS-S--
John 19:28	ἡ	ὁ	RA	----NSF-
John 19:28	γραφὴ	γραφή	N-	----NSF-
John 19:28	λέγει	λέγω	V-	3PAI-S--
John 19:28	Διψῶ	διψάω	V-	1PAI-S--
John 19:29	σκεῦος	σκεῦος	N-	----NSN-
John 19:29	ἔκειτο	κεῖμαι	V-	3IMI-S--
John 19:29	ὄξους	ὄξος	N-	----GSN-
John 19:29	μεστόν	μεστός	A-	----NSN-
John 19:29	σπόγγον	σπόγγος	N-	----ASM-
John 19:29	οὖν	οὖν	C-	--------
John 19:29	μεστὸν	μεστός	A-	----ASM-
John 19:29	τοῦ	ὁ	RA	----GSN-
John 19:29	ὄξους	ὄξος	N-	----GSN-
John 19:29	ὑσσώπῳ	ὕσσωπος	N-	----DSF-
John 19:29	περιθέντες	περιτίθημι	V-	-AAPNPM-
John 19:29	προσήνεγκαν	προσφέρω	V-	3AAI-P--
John 19:29	αὐτοῦ	αὐτός	RP	----GSM-
John 19:29	τῷ	ὁ	RA	----DSN-
John 19:29	στόματι	στόμα	N-	----DSN-
John 19:30	ὅτε	ὅτε	C-	--------
John 19:30	οὖν	οὖν	C-	--------
John 19:30	ἔλαβεν	λαμβάνω	V-	3AAI-S--
John 19:30	τὸ	ὁ	RA	----ASN-
John 19:30	ὄξος	ὄξος	N-	----ASN-
John 19:30	ὁ	ὁ	RA	----NSM-
John 19:30	Ἰησοῦς	Ἰησοῦς	N-	----NSM-
John 19:30	εἶπεν	λέγω	V-	3AAI-S--
John 19:30	Τετέλεσται	τελέω	V-	3XPI-S--
John 19:30	καὶ	καί	C-	--------
John 19:30	κλίνας	κλίνω	V-	-AAPNSM-
John 19:30	τὴν	ὁ	RA	----ASF-
John 19:30	κεφαλὴν	κεφαλή	N-	----ASF-
John 19:30	παρέδωκεν	παραδίδωμι	V-	3AAI-S--
John 19:30	τὸ	ὁ	RA	----ASN-
John 19:30	πνεῦμα	πνεῦμα	N-	----ASN-
John 19:31	Οἱ	ὁ	RA	----NPM-
John 19:31	οὖν	οὖν	C-	--------
John 19:31	Ἰουδαῖοι	Ἰουδαῖος	A-	----NPM-
John 19:31	ἐπεὶ	ἐπεί	C-	--------
John 19:31	παρασκευὴ	παρασκευή	N-	----NSF-
John 19:31	ἦν	εἰμί	V-	3IAI-S--
John 19:31	ἵνα	ἵνα	C-	--------
John 19:31	μὴ	μή	D-	--------
John 19:31	μείνῃ	μένω	V-	3AAS-S--
John 19:31	ἐπὶ	ἐπί	P-	--------
John 19:31	τοῦ	ὁ	RA	----GSM-
John 19:31	σταυροῦ	σταυρός	N-	----GSM-
John 19:31	τὰ	ὁ	RA	----NPN-
John 19:31	σώματα	σῶμα	N-	----NPN-
John 19:31	ἐν	ἐν	P-	--------
John 19:31	τῷ	ὁ	RA	----DSN-
John 19:31	σαββάτῳ	σάββατον	N-	----DSN-
John 19:31	ἦν	εἰμί	V-	3IAI-S--
John 19:31	γὰρ	γάρ	C-	--------
John 19:31	μεγάλη	μέγας	A-	----NSF-
John 19:31	ἡ	ὁ	RA	----NSF-
John 19:31	ἡμέρα	ἡμέρα	N-	----NSF-
John 19:31	ἐκείνου	ἐκεῖνος	RD	----GSN-
John 19:31	τοῦ	ὁ	RA	----GSN-
John 19:31	σαββάτου	σάββατον	N-	----GSN-
John 19:31	ἠρώτησαν	ἐρωτάω	V-	3AAI-P--
John 19:31	τὸν	ὁ	RA	----ASM-
John 19:31	Πιλᾶτον	Πιλᾶτος	N-	----ASM-
John 19:31	ἵνα	ἵνα	C-	--------
John 19:31	κατεαγῶσιν	κατάγνυμι	V-	3APS-P--
John 19:31	αὐτῶν	αὐτός	RP	----GPM-
John 19:31	τὰ	ὁ	RA	----APN-
John 19:31	σκέλη	σκέλος	N-	----APN-
John 19:31	καὶ	καί	C-	--------
John 19:31	ἀρθῶσιν	αἴρω	V-	3APS-P--
John 19:32	ἦλθον	ἔρχομαι	V-	3AAI-P--
John 19:32	οὖν	οὖν	C-	--------
John 19:32	οἱ	ὁ	RA	----NPM-
John 19:32	στρατιῶται	στρατιώτης	N-	----NPM-
John 19:32	καὶ	καί	C-	--------
John 19:32	τοῦ	ὁ	RA	----GSM-
John 19:32	μὲν	μέν	C-	--------
John 19:32	πρώτου	πρῶτος	A-	----GSM-
John 19:32	κατέαξαν	κατάγνυμι	V-	3AAI-P--
John 19:32	τὰ	ὁ	RA	----APN-
John 19:32	σκέλη	σκέλος	N-	----APN-
John 19:32	καὶ	καί	C-	--------
John 19:32	τοῦ	ὁ	RA	----GSM-
John 19:32	ἄλλου	ἄλλος	A-	----GSM-
John 19:32	τοῦ	ὁ	RA	----GSM-
John 19:32	συσταυρωθέντος	συσταυρόομαι	V-	-APPGSM-
John 19:32	αὐτῷ	αὐτός	RP	----DSM-
John 19:33	ἐπὶ	ἐπί	P-	--------
John 19:33	δὲ	δέ	C-	--------
John 19:33	τὸν	ὁ	RA	----ASM-
John 19:33	Ἰησοῦν	Ἰησοῦς	N-	----ASM-
John 19:33	ἐλθόντες	ἔρχομαι	V-	-AAPNPM-
John 19:33	ὡς	ὡς	C-	--------
John 19:33	εἶδον	ὁράω	V-	3AAI-P--
John 19:33	ἤδη	ἤδη	D-	--------
John 19:33	αὐτὸν	αὐτός	RP	----ASM-
John 19:33	τεθνηκότα	θνῄσκω	V-	-XAPASM-
John 19:33	οὐ	οὐ	D-	--------
John 19:33	κατέαξαν	κατάγνυμι	V-	3AAI-P--
John 19:33	αὐτοῦ	αὐτός	RP	----GSM-
John 19:33	τὰ	ὁ	RA	----APN-
John 19:33	σκέλη	σκέλος	N-	----APN-
John 19:34	ἀλλ’	ἀλλά	C-	--------
John 19:34	εἷς	εἷς	A-	----NSM-
John 19:34	τῶν	ὁ	RA	----GPM-
John 19:34	στρατιωτῶν	στρατιώτης	N-	----GPM-
John 19:34	λόγχῃ	λόγχη	N-	----DSF-
John 19:34	αὐτοῦ	αὐτός	RP	----GSM-
John 19:34	τὴν	ὁ	RA	----ASF-
John 19:34	πλευρὰν	πλευρά	N-	----ASF-
John 19:34	ἔνυξεν	νύσσω	V-	3AAI-S--
John 19:34	καὶ	καί	C-	--------
John 19:34	ἐξῆλθεν	ἐξέρχομαι	V-	3AAI-S--
John 19:34	εὐθὺς	εὐθύς	A-	----NSM-
John 19:34	αἷμα	αἷμα	N-	----NSN-
John 19:34	καὶ	καί	C-	--------
John 19:34	ὕδωρ	ὕδωρ	N-	----NSN-
John 19:35	καὶ	καί	C-	--------
John 19:35	ὁ	ὁ	RA	----NSM-
John 19:35	ἑωρακὼς	ὁράω	V-	-XAPNSM-
John 19:35	μεμαρτύρηκεν	μαρτυρέω	V-	3XAI-S--
John 19:35	καὶ	καί	C-	--------
John 19:35	ἀληθινὴ	ἀληθινός	A-	----NSF-
John 19:35	αὐτοῦ	αὐτός	RP	----GSM-
John 19:35	ἐστιν	εἰμί	V-	3PAI-S--
John 19:35	ἡ	ὁ	RA	----NSF-
John 19:35	μαρτυρία	μαρτυρία	N-	----NSF-
John 19:35	καὶ	καί	C-	--------
John 19:35	ἐκεῖνος	ἐκεῖνος	RD	----NSM-
John 19:35	οἶδεν	οἶδα	V-	3XAI-S--
John 19:35	ὅτι	ὅτι	C-	--------
John 19:35	ἀληθῆ	ἀληθής	A-	----APN-
John 19:35	λέγει	λέγω	V-	3PAI-S--
John 19:35	ἵνα	ἵνα	C-	--------
John 19:35	καὶ	καί	D-	--------
John 19:35	ὑμεῖς	σύ	RP	----NP--
John 19:35	πιστεύητε	πιστεύω	V-	2PAS-P--
John 19:36	ἐγένετο	γίνομαι	V-	3AMI-S--
John 19:36	γὰρ	γάρ	C-	--------
John 19:36	ταῦτα	οὗτος	RD	----NPN-
John 19:36	ἵνα	ἵνα	C-	--------
John 19:36	ἡ	ὁ	RA	----NSF-
John 19:36	γραφὴ	γραφή	N-	----NSF-
John 19:36	πληρωθῇ	πληρόω	V-	3APS-S--
John 19:36	Ὀστοῦν	ὀστέον	N-	----NSN-
John 19:36	οὐ	οὐ	D-	--------
John 19:36	συντριβήσεται	συντρίβω	V-	3FPI-S--
John 19:36	αὐτοῦ	αὐτός	RP	----GSM-
John 19:37	καὶ	καί	C-	--------
John 19:37	πάλιν	πάλιν	D-	--------
John 19:37	ἑτέρα	ἕτερος	A-	----NSF-
John 19:37	γραφὴ	γραφή	N-	----NSF-
John 19:37	λέγει	λέγω	V-	3PAI-S--
John 19:37	Ὄψονται	ὁράω	V-	3FMI-P--
John 19:37	εἰς	εἰς	P-	--------
John 19:37	ὃν	ὅς	RR	----ASM-
John 19:37	ἐξεκέντησαν	ἐκκεντέω	V-	3AAI-P--
John 19:38	Μετὰ	μετά	P-	--------
John 19:38	δὲ	δέ	C-	--------
John 19:38	ταῦτα	οὗτος	RD	----APN-
John 19:38	ἠρώτησεν	ἐρωτάω	V-	3AAI-S--
John 19:38	τὸν	ὁ	RA	----ASM-
John 19:38	Πιλᾶτον	Πιλᾶτος	N-	----ASM-
John 19:38	Ἰωσὴφ	Ἰωσήφ	N-	----NSM-
John 19:38	ἀπὸ	ἀπό	P-	--------
John 19:38	Ἁριμαθαίας	Ἁριμαθαία	N-	----GSF-
John 19:38	ὢν	εἰμί	V-	-PAPNSM-
John 19:38	μαθητὴς	μαθητής	N-	----NSM-
John 19:38	τοῦ	ὁ	RA	----GSM-
John 19:38	Ἰησοῦ	Ἰησοῦς	N-	----GSM-
John 19:38	κεκρυμμένος	κρύπτω	V-	-XPPNSM-
John 19:38	δὲ	δέ	C-	--------
John 19:38	διὰ	διά	P-	--------
John 19:38	τὸν	ὁ	RA	----ASM-
John 19:38	φόβον	φόβος	N-	----ASM-
John 19:38	τῶν	ὁ	RA	----GPM-
John 19:38	Ἰουδαίων	Ἰουδαῖος	A-	----GPM-
John 19:38	ἵνα	ἵνα	C-	--------
John 19:38	ἄρῃ	αἴρω	V-	3AAS-S--
John 19:38	τὸ	ὁ	RA	----ASN-
John 19:38	σῶμα	σῶμα	N-	----ASN-
John 19:38	τοῦ	ὁ	RA	----GSM-
John 19:38	Ἰησοῦ	Ἰησοῦς	N-	----GSM-
John 19:38	καὶ	καί	C-	--------
John 19:38	ἐπέτρεψεν	ἐπιτρέπω	V-	3AAI-S--
John 19:38	ὁ	ὁ	RA	----NSM-
John 19:38	Πιλᾶτος	Πιλᾶτος	N-	----NSM-
John 19:38	ἦλθεν	ἔρχομαι	V-	3AAI-S--
John 19:38	οὖν	οὖν	C-	--------
John 19:38	καὶ	καί	C-	--------
John 19:38	ἦρεν	αἴρω	V-	3AAI-S--
John 19:38	τὸ	ὁ	RA	----ASN-
John 19:38	σῶμα	σῶμα	N-	----ASN-
John 19:38	αὐτοῦ	αὐτός	RP	----GSM-
John 19:39	ἦλθεν	ἔρχομαι	V-	3AAI-S--
John 19:39	δὲ	δέ	C-	--------
John 19:39	καὶ	καί	D-	--------
John 19:39	Νικόδημος	Νικόδημος	N-	----NSM-
John 19:39	ὁ	ὁ	RA	----NSM-
John 19:39	ἐλθὼν	ἔρχομαι	V-	-AAPNSM-
John 19:39	πρὸς	πρός	P-	--------
John 19:39	αὐτὸν	αὐτός	RP	----ASM-
John 19:39	νυκτὸς	νύξ	N-	----GSF-
John 19:39	τὸ	ὁ	RA	----ASN-
John 19:39	πρῶτον	πρῶτος	A-	----ASN-
John 19:39	φέρων	φέρω	V-	-PAPNSM-
John 19:39	μίγμα	μίγμα	N-	----ASN-
John 19:39	σμύρνης	σμύρνα	N-	----GSF-
John 19:39	καὶ	καί	C-	--------
John 19:39	ἀλόης	ἀλόη	N-	----GSF-
John 19:39	ὡς	ὡς	D-	--------
John 19:39	λίτρας	λίτρα	N-	----APF-
John 19:39	ἑκατόν	ἑκατόν	A-	----APF-
John 19:40	ἔλαβον	λαμβάνω	V-	3AAI-P--
John 19:40	οὖν	οὖν	C-	--------
John 19:40	τὸ	ὁ	RA	----ASN-
John 19:40	σῶμα	σῶμα	N-	----ASN-
John 19:40	τοῦ	ὁ	RA	----GSM-
John 19:40	Ἰησοῦ	Ἰησοῦς	N-	----GSM-
John 19:40	καὶ	καί	C-	--------
John 19:40	ἔδησαν	δέω	V-	3AAI-P--
John 19:40	αὐτὸ	αὐτός	RP	----ASN-
John 19:40	ὀθονίοις	ὀθόνιον	N-	----DPN-
John 19:40	μετὰ	μετά	P-	--------
John 19:40	τῶν	ὁ	RA	----GPN-
John 19:40	ἀρωμάτων	ἄρωμα	N-	----GPN-
John 19:40	καθὼς	καθώς	C-	--------
John 19:40	ἔθος	ἔθος	N-	----NSN-
John 19:40	ἐστὶν	εἰμί	V-	3PAI-S--
John 19:40	τοῖς	ὁ	RA	----DPM-
John 19:40	Ἰουδαίοις	Ἰουδαῖος	A-	----DPM-
John 19:40	ἐνταφιάζειν	ἐνταφιάζω	V-	-PAN----
John 19:41	ἦν	εἰμί	V-	3IAI-S--
John 19:41	δὲ	δέ	C-	--------
John 19:41	ἐν	ἐν	P-	--------
John 19:41	τῷ	ὁ	RA	----DSM-
John 19:41	τόπῳ	τόπος	N-	----DSM-
John 19:41	ὅπου	ὅπου	D-	--------
John 19:41	ἐσταυρώθη	σταυρόω	V-	3API-S--
John 19:41	κῆπος	κῆπος	N-	----NSM-
John 19:41	καὶ	καί	C-	--------
John 19:41	ἐν	ἐν	P-	--------
John 19:41	τῷ	ὁ	RA	----DSM-
John 19:41	κήπῳ	κῆπος	N-	----DSM-
John 19:41	μνημεῖον	μνημεῖον	N-	----NSN-
John 19:41	καινόν	καινός	A-	----NSN-
John 19:41	ἐν	ἐν	P-	--------
John 19:41	ᾧ	ὅς	RR	----DSN-
John 19:41	οὐδέπω	οὐδέπω	D-	--------
John 19:41	οὐδεὶς	οὐδείς	A-	----NSM-
John 19:41	ἦν	εἰμί	V-	3IAI-S--
John 19:41	τεθειμένος	τίθημι	V-	-XPPNSM-
John 19:42	ἐκεῖ	ἐκεῖ	D-	--------
John 19:42	οὖν	οὖν	C-	--------
John 19:42	διὰ	διά	P-	--------
John 19:42	τὴν	ὁ	RA	----ASF-
John 19:42	παρασκευὴν	παρασκευή	N-	----ASF-
John 19:42	τῶν	ὁ	RA	----GPM-
John 19:42	Ἰουδαίων	Ἰουδαῖος	A-	----GPM-
John 19:42	ὅτι	ὅτι	C-	--------
John 19:42	ἐγγὺς	ἐγγύς	D-	--------
John 19:42	ἦν	εἰμί	V-	3IAI-S--
John 19:42	τὸ	ὁ	RA	----NSN-
John 19:42	μνημεῖον	μνημεῖον	N-	----NSN-
John 19:42	ἔθηκαν	τίθημι	V-	3AAI-P--
John 19:42	τὸν	ὁ	RA	----ASM-
John 19:42	Ἰησοῦν	Ἰησοῦς	N-	----ASM-
John 20:1	Τῇ	ὁ	RA	----DSF-
John 20:1	δὲ	δέ	C-	--------
John 20:1	μιᾷ	εἷς	A-	----DSF-
John 20:1	τῶν	ὁ	RA	----GPN-
John 20:1	σαββάτων	σάββατον	N-	----GPN-
John 20:1	Μαρία	Μαρία	N-	----NSF-
John 20:1	ἡ	ὁ	RA	----NSF-
John 20:1	Μαγδαληνὴ	Μαγδαληνή	N-	----NSF-
John 20:1	ἔρχεται	ἔρχομαι	V-	3PMI-S--
John 20:1	πρωῒ	πρωΐ	D-	--------
John 20:1	σκοτίας	σκοτία	N-	----GSF-
John 20:1	ἔτι	ἔτι	D-	--------
John 20:1	οὔσης	εἰμί	V-	-PAPGSF-
John 20:1	εἰς	εἰς	P-	--------
John 20:1	τὸ	ὁ	RA	----ASN-
John 20:1	μνημεῖον	μνημεῖον	N-	----ASN-
John 20:1	καὶ	καί	C-	--------
John 20:1	βλέπει	βλέπω	V-	3PAI-S--
John 20:1	τὸν	ὁ	RA	----ASM-
John 20:1	λίθον	λίθος	N-	----ASM-
John 20:1	ἠρμένον	αἴρω	V-	-XPPASM-
John 20:1	ἐκ	ἐκ	P-	--------
John 20:1	τοῦ	ὁ	RA	----GSN-
John 20:1	μνημείου	μνημεῖον	N-	----GSN-
John 20:2	τρέχει	τρέχω	V-	3PAI-S--
John 20:2	οὖν	οὖν	C-	--------
John 20:2	καὶ	καί	C-	--------
John 20:2	ἔρχεται	ἔρχομαι	V-	3PMI-S--
John 20:2	πρὸς	πρός	P-	--------
John 20:2	Σίμωνα	Σίμων	N-	----ASM-
John 20:2	Πέτρον	Πέτρος	N-	----ASM-
John 20:2	καὶ	καί	C-	--------
John 20:2	πρὸς	πρός	P-	--------
John 20:2	τὸν	ὁ	RA	----ASM-
John 20:2	ἄλλον	ἄλλος	A-	----ASM-
John 20:2	μαθητὴν	μαθητής	N-	----ASM-
John 20:2	ὃν	ὅς	RR	----ASM-
John 20:2	ἐφίλει	φιλέω	V-	3IAI-S--
John 20:2	ὁ	ὁ	RA	----NSM-
John 20:2	Ἰησοῦς	Ἰησοῦς	N-	----NSM-
John 20:2	καὶ	καί	C-	--------
John 20:2	λέγει	λέγω	V-	3PAI-S--
John 20:2	αὐτοῖς	αὐτός	RP	----DPM-
John 20:2	Ἦραν	αἴρω	V-	3AAI-P--
John 20:2	τὸν	ὁ	RA	----ASM-
John 20:2	κύριον	κύριος	N-	----ASM-
John 20:2	ἐκ	ἐκ	P-	--------
John 20:2	τοῦ	ὁ	RA	----GSN-
John 20:2	μνημείου	μνημεῖον	N-	----GSN-
John 20:2	καὶ	καί	C-	--------
John 20:2	οὐκ	οὐ	D-	--------
John 20:2	οἴδαμεν	οἶδα	V-	1XAI-P--
John 20:2	ποῦ	ποῦ	D-	--------
John 20:2	ἔθηκαν	τίθημι	V-	3AAI-P--
John 20:2	αὐτόν	αὐτός	RP	----ASM-
John 20:3	ἐξῆλθεν	ἐξέρχομαι	V-	3AAI-S--
John 20:3	οὖν	οὖν	C-	--------
John 20:3	ὁ	ὁ	RA	----NSM-
John 20:3	Πέτρος	Πέτρος	N-	----NSM-
John 20:3	καὶ	καί	C-	--------
John 20:3	ὁ	ὁ	RA	----NSM-
John 20:3	ἄλλος	ἄλλος	A-	----NSM-
John 20:3	μαθητής	μαθητής	N-	----NSM-
John 20:3	καὶ	καί	C-	--------
John 20:3	ἤρχοντο	ἔρχομαι	V-	3IMI-P--
John 20:3	εἰς	εἰς	P-	--------
John 20:3	τὸ	ὁ	RA	----ASN-
John 20:3	μνημεῖον	μνημεῖον	N-	----ASN-
John 20:4	ἔτρεχον	τρέχω	V-	3IAI-P--
John 20:4	δὲ	δέ	C-	--------
John 20:4	οἱ	ὁ	RA	----NPM-
John 20:4	δύο	δύο	A-	----NPM-
John 20:4	ὁμοῦ	ὁμοῦ	D-	--------
John 20:4	καὶ	καί	C-	--------
John 20:4	ὁ	ὁ	RA	----NSM-
John 20:4	ἄλλος	ἄλλος	A-	----NSM-
John 20:4	μαθητὴς	μαθητής	N-	----NSM-
John 20:4	προέδραμεν	προτρέχω	V-	3AAI-S--
John 20:4	τάχιον	τάχιον	A-	----ASNC
John 20:4	τοῦ	ὁ	RA	----GSM-
John 20:4	Πέτρου	Πέτρος	N-	----GSM-
John 20:4	καὶ	καί	C-	--------
John 20:4	ἦλθεν	ἔρχομαι	V-	3AAI-S--
John 20:4	πρῶτος	πρῶτος	A-	----NSM-
John 20:4	εἰς	εἰς	P-	--------
John 20:4	τὸ	ὁ	RA	----ASN-
John 20:4	μνημεῖον	μνημεῖον	N-	----ASN-
John 20:5	καὶ	καί	C-	--------
John 20:5	παρακύψας	παρακύπτω	V-	-AAPNSM-
John 20:5	βλέπει	βλέπω	V-	3PAI-S--
John 20:5	κείμενα	κεῖμαι	V-	-PMPAPN-
John 20:5	τὰ	ὁ	RA	----APN-
John 20:5	ὀθόνια	ὀθόνιον	N-	----APN-
John 20:5	οὐ	οὐ	D-	--------
John 20:5	μέντοι	μέντοι	C-	--------
John 20:5	εἰσῆλθεν	εἰσέρχομαι	V-	3AAI-S--
John 20:6	ἔρχεται	ἔρχομαι	V-	3PMI-S--
John 20:6	οὖν	οὖν	C-	--------
John 20:6	καὶ	καί	D-	--------
John 20:6	Σίμων	Σίμων	N-	----NSM-
John 20:6	Πέτρος	Πέτρος	N-	----NSM-
John 20:6	ἀκολουθῶν	ἀκολουθέω	V-	-PAPNSM-
John 20:6	αὐτῷ	αὐτός	RP	----DSM-
John 20:6	καὶ	καί	C-	--------
John 20:6	εἰσῆλθεν	εἰσέρχομαι	V-	3AAI-S--
John 20:6	εἰς	εἰς	P-	--------
John 20:6	τὸ	ὁ	RA	----ASN-
John 20:6	μνημεῖον	μνημεῖον	N-	----ASN-
John 20:6	καὶ	καί	C-	--------
John 20:6	θεωρεῖ	θεωρέω	V-	3PAI-S--
John 20:6	τὰ	ὁ	RA	----APN-
John 20:6	ὀθόνια	ὀθόνιον	N-	----APN-
John 20:6	κείμενα	κεῖμαι	V-	-PMPAPN-
John 20:7	καὶ	καί	C-	--------
John 20:7	τὸ	ὁ	RA	----ASN-
John 20:7	σουδάριον	σουδάριον	N-	----ASN-
John 20:7	ὃ	ὅς	RR	----NSN-
John 20:7	ἦν	εἰμί	V-	3IAI-S--
John 20:7	ἐπὶ	ἐπί	P-	--------
John 20:7	τῆς	ὁ	RA	----GSF-
John 20:7	κεφαλῆς	κεφαλή	N-	----GSF-
John 20:7	αὐτοῦ	αὐτός	RP	----GSM-
John 20:7	οὐ	οὐ	D-	--------
John 20:7	μετὰ	μετά	P-	--------
John 20:7	τῶν	ὁ	RA	----GPN-
John 20:7	ὀθονίων	ὀθόνιον	N-	----GPN-
John 20:7	κείμενον	κεῖμαι	V-	-PMPASN-
John 20:7	ἀλλὰ	ἀλλά	C-	--------
John 20:7	χωρὶς	χωρίς	D-	--------
John 20:7	ἐντετυλιγμένον	ἐντυλίσσω	V-	-XPPASN-
John 20:7	εἰς	εἰς	P-	--------
John 20:7	ἕνα	εἷς	A-	----ASM-
John 20:7	τόπον	τόπος	N-	----ASM-
John 20:8	τότε	τότε	D-	--------
John 20:8	οὖν	οὖν	C-	--------
John 20:8	εἰσῆλθεν	εἰσέρχομαι	V-	3AAI-S--
John 20:8	καὶ	καί	D-	--------
John 20:8	ὁ	ὁ	RA	----NSM-
John 20:8	ἄλλος	ἄλλος	A-	----NSM-
John 20:8	μαθητὴς	μαθητής	N-	----NSM-
John 20:8	ὁ	ὁ	RA	----NSM-
John 20:8	ἐλθὼν	ἔρχομαι	V-	-AAPNSM-
John 20:8	πρῶτος	πρῶτος	A-	----NSM-
John 20:8	εἰς	εἰς	P-	--------
John 20:8	τὸ	ὁ	RA	----ASN-
John 20:8	μνημεῖον	μνημεῖον	N-	----ASN-
John 20:8	καὶ	καί	C-	--------
John 20:8	εἶδεν	ὁράω	V-	3AAI-S--
John 20:8	καὶ	καί	C-	--------
John 20:8	ἐπίστευσεν	πιστεύω	V-	3AAI-S--
John 20:9	οὐδέπω	οὐδέπω	D-	--------
John 20:9	γὰρ	γάρ	C-	--------
John 20:9	ᾔδεισαν	οἶδα	V-	3YAI-P--
John 20:9	τὴν	ὁ	RA	----ASF-
John 20:9	γραφὴν	γραφή	N-	----ASF-
John 20:9	ὅτι	ὅτι	D-	--------
John 20:9	δεῖ	δέω	V-	3PAI-S--
John 20:9	αὐτὸν	αὐτός	RP	----ASM-
John 20:9	ἐκ	ἐκ	P-	--------
John 20:9	νεκρῶν	νεκρός	A-	----GPM-
John 20:9	ἀναστῆναι	ἀνίστημι	V-	-AAN----
John 20:10	ἀπῆλθον	ἀπέρχομαι	V-	3AAI-P--
John 20:10	οὖν	οὖν	C-	--------
John 20:10	πάλιν	πάλιν	D-	--------
John 20:10	πρὸς	πρός	P-	--------
John 20:10	αὑτοὺς	ἑαυτοῦ	RP	----APM-
John 20:10	οἱ	ὁ	RA	----NPM-
John 20:10	μαθηταί	μαθητής	N-	----NPM-
John 20:11	Μαρία	Μαρία	N-	----NSF-
John 20:11	δὲ	δέ	C-	--------
John 20:11	εἱστήκει	ἵστημι	V-	3YAI-S--
John 20:11	πρὸς	πρός	P-	--------
John 20:11	τῷ	ὁ	RA	----DSN-
John 20:11	μνημείῳ	μνημεῖον	N-	----DSN-
John 20:11	ἔξω	ἔξω	D-	--------
John 20:11	κλαίουσα	κλαίω	V-	-PAPNSF-
John 20:11	ὡς	ὡς	C-	--------
John 20:11	οὖν	οὖν	C-	--------
John 20:11	ἔκλαιεν	κλαίω	V-	3IAI-S--
John 20:11	παρέκυψεν	παρακύπτω	V-	3AAI-S--
John 20:11	εἰς	εἰς	P-	--------
John 20:11	τὸ	ὁ	RA	----ASN-
John 20:11	μνημεῖον	μνημεῖον	N-	----ASN-
John 20:12	καὶ	καί	C-	--------
John 20:12	θεωρεῖ	θεωρέω	V-	3PAI-S--
John 20:12	δύο	δύο	A-	----APM-
John 20:12	ἀγγέλους	ἄγγελος	N-	----APM-
John 20:12	ἐν	ἐν	P-	--------
John 20:12	λευκοῖς	λευκός	A-	----DPN-
John 20:12	καθεζομένους	καθέζομαι	V-	-PMPAPM-
John 20:12	ἕνα	εἷς	A-	----ASM-
John 20:12	πρὸς	πρός	P-	--------
John 20:12	τῇ	ὁ	RA	----DSF-
John 20:12	κεφαλῇ	κεφαλή	N-	----DSF-
John 20:12	καὶ	καί	C-	--------
John 20:12	ἕνα	εἷς	A-	----ASM-
John 20:12	πρὸς	πρός	P-	--------
John 20:12	τοῖς	ὁ	RA	----DPM-
John 20:12	ποσίν	πούς	N-	----DPM-
John 20:12	ὅπου	ὅπου	D-	--------
John 20:12	ἔκειτο	κεῖμαι	V-	3IMI-S--
John 20:12	τὸ	ὁ	RA	----NSN-
John 20:12	σῶμα	σῶμα	N-	----NSN-
John 20:12	τοῦ	ὁ	RA	----GSM-
John 20:12	Ἰησοῦ	Ἰησοῦς	N-	----GSM-
John 20:13	καὶ	καί	C-	--------
John 20:13	λέγουσιν	λέγω	V-	3PAI-P--
John 20:13	αὐτῇ	αὐτός	RP	----DSF-
John 20:13	ἐκεῖνοι	ἐκεῖνος	RD	----NPM-
John 20:13	Γύναι	γυνή	N-	----VSF-
John 20:13	τί	τίς	RI	----ASN-
John 20:13	κλαίεις	κλαίω	V-	2PAI-S--
John 20:13	λέγει	λέγω	V-	3PAI-S--
John 20:13	αὐτοῖς	αὐτός	RP	----DPM-
John 20:13	ὅτι	ὅτι	C-	--------
John 20:13	Ἦραν	αἴρω	V-	3AAI-P--
John 20:13	τὸν	ὁ	RA	----ASM-
John 20:13	κύριόν	κύριος	N-	----ASM-
John 20:13	μου	ἐγώ	RP	----GS--
John 20:13	καὶ	καί	C-	--------
John 20:13	οὐκ	οὐ	D-	--------
John 20:13	οἶδα	οἶδα	V-	1XAI-S--
John 20:13	ποῦ	ποῦ	D-	--------
John 20:13	ἔθηκαν	τίθημι	V-	3AAI-P--
John 20:13	αὐτόν	αὐτός	RP	----ASM-
John 20:14	ταῦτα	οὗτος	RD	----APN-
John 20:14	εἰποῦσα	λέγω	V-	-AAPNSF-
John 20:14	ἐστράφη	στρέφω	V-	3API-S--
John 20:14	εἰς	εἰς	P-	--------
John 20:14	τὰ	ὁ	RA	----APN-
John 20:14	ὀπίσω	ὀπίσω	D-	--------
John 20:14	καὶ	καί	C-	--------
John 20:14	θεωρεῖ	θεωρέω	V-	3PAI-S--
John 20:14	τὸν	ὁ	RA	----ASM-
John 20:14	Ἰησοῦν	Ἰησοῦς	N-	----ASM-
John 20:14	ἑστῶτα	ἵστημι	V-	-XAPASM-
John 20:14	καὶ	καί	C-	--------
John 20:14	οὐκ	οὐ	D-	--------
John 20:14	ᾔδει	οἶδα	V-	3YAI-S--
John 20:14	ὅτι	ὅτι	C-	--------
John 20:14	Ἰησοῦς	Ἰησοῦς	N-	----NSM-
John 20:14	ἐστιν	εἰμί	V-	3PAI-S--
John 20:15	λέγει	λέγω	V-	3PAI-S--
John 20:15	αὐτῇ	αὐτός	RP	----DSF-
John 20:15	Ἰησοῦς	Ἰησοῦς	N-	----NSM-
John 20:15	Γύναι	γυνή	N-	----VSF-
John 20:15	τί	τίς	RI	----ASN-
John 20:15	κλαίεις	κλαίω	V-	2PAI-S--
John 20:15	τίνα	τίς	RI	----ASM-
John 20:15	ζητεῖς	ζητέω	V-	2PAI-S--
John 20:15	ἐκείνη	ἐκεῖνος	RD	----NSF-
John 20:15	δοκοῦσα	δοκέω	V-	-PAPNSF-
John 20:15	ὅτι	ὅτι	C-	--------
John 20:15	ὁ	ὁ	RA	----NSM-
John 20:15	κηπουρός	κηπουρός	N-	----NSM-
John 20:15	ἐστιν	εἰμί	V-	3PAI-S--
John 20:15	λέγει	λέγω	V-	3PAI-S--
John 20:15	αὐτῷ	αὐτός	RP	----DSM-
John 20:15	Κύριε	κύριος	N-	----VSM-
John 20:15	εἰ	εἰ	C-	--------
John 20:15	σὺ	σύ	RP	----NS--
John 20:15	ἐβάστασας	βαστάζω	V-	2AAI-S--
John 20:15	αὐτόν	αὐτός	RP	----ASM-
John 20:15	εἰπέ	λέγω	V-	2AAD-S--
John 20:15	μοι	ἐγώ	RP	----DS--
John 20:15	ποῦ	ποῦ	D-	--------
John 20:15	ἔθηκας	τίθημι	V-	2AAI-S--
John 20:15	αὐτόν	αὐτός	RP	----ASM-
John 20:15	κἀγὼ	κἀγώ	RP	----NS--
John 20:15	αὐτὸν	αὐτός	RP	----ASM-
John 20:15	ἀρῶ	αἴρω	V-	1FAI-S--
John 20:16	λέγει	λέγω	V-	3PAI-S--
John 20:16	αὐτῇ	αὐτός	RP	----DSF-
John 20:16	Ἰησοῦς	Ἰησοῦς	N-	----NSM-
John 20:16	Μαριάμ	Μαριάμ	N-	----VSF-
John 20:16	στραφεῖσα	στρέφω	V-	-APPNSF-
John 20:16	ἐκείνη	ἐκεῖνος	RD	----NSF-
John 20:16	λέγει	λέγω	V-	3PAI-S--
John 20:16	αὐτῷ	αὐτός	RP	----DSM-
John 20:16	Ἑβραϊστί	Ἑβραϊστί	D-	--------
John 20:16	Ραββουνι	ραββουνι	N-	----VSM-
John 20:16	ὃ	ὅς	RR	----NSN-
John 20:16	λέγεται	λέγω	V-	3PPI-S--
John 20:16	Διδάσκαλε	διδάσκαλος	N-	----VSM-
John 20:17	λέγει	λέγω	V-	3PAI-S--
John 20:17	αὐτῇ	αὐτός	RP	----DSF-
John 20:17	Ἰησοῦς	Ἰησοῦς	N-	----NSM-
John 20:17	Μή	μή	D-	--------
John 20:17	μου	ἐγώ	RP	----GS--
John 20:17	ἅπτου	ἅπτω	V-	2PMD-S--
John 20:17	οὔπω	οὔπω	D-	--------
John 20:17	γὰρ	γάρ	C-	--------
John 20:17	ἀναβέβηκα	ἀναβαίνω	V-	1XAI-S--
John 20:17	πρὸς	πρός	P-	--------
John 20:17	τὸν	ὁ	RA	----ASM-
John 20:17	πατέρα	πατήρ	N-	----ASM-
John 20:17	πορεύου	πορεύομαι	V-	2PMD-S--
John 20:17	δὲ	δέ	C-	--------
John 20:17	πρὸς	πρός	P-	--------
John 20:17	τοὺς	ὁ	RA	----APM-
John 20:17	ἀδελφούς	ἀδελφός	N-	----APM-
John 20:17	μου	ἐγώ	RP	----GS--
John 20:17	καὶ	καί	C-	--------
John 20:17	εἰπὲ	λέγω	V-	2AAD-S--
John 20:17	αὐτοῖς	αὐτός	RP	----DPM-
John 20:17	Ἀναβαίνω	ἀναβαίνω	V-	1PAI-S--
John 20:17	πρὸς	πρός	P-	--------
John 20:17	τὸν	ὁ	RA	----ASM-
John 20:17	πατέρα	πατήρ	N-	----ASM-
John 20:17	μου	ἐγώ	RP	----GS--
John 20:17	καὶ	καί	C-	--------
John 20:17	πατέρα	πατήρ	N-	----ASM-
John 20:17	ὑμῶν	σύ	RP	----GP--
John 20:17	καὶ	καί	C-	--------
John 20:17	θεόν	θεός	N-	----ASM-
John 20:17	μου	ἐγώ	RP	----GS--
John 20:17	καὶ	καί	C-	--------
John 20:17	θεὸν	θεός	N-	----ASM-
John 20:17	ὑμῶν	σύ	RP	----GP--
John 20:18	ἔρχεται	ἔρχομαι	V-	3PMI-S--
John 20:18	Μαριὰμ	Μαριάμ	N-	----NSF-
John 20:18	ἡ	ὁ	RA	----NSF-
John 20:18	Μαγδαληνὴ	Μαγδαληνή	N-	----NSF-
John 20:18	ἀγγέλλουσα	ἀγγέλλω	V-	-PAPNSF-
John 20:18	τοῖς	ὁ	RA	----DPM-
John 20:18	μαθηταῖς	μαθητής	N-	----DPM-
John 20:18	ὅτι	ὅτι	C-	--------
John 20:18	Ἑώρακα	ὁράω	V-	1XAI-S--
John 20:18	τὸν	ὁ	RA	----ASM-
John 20:18	κύριον	κύριος	N-	----ASM-
John 20:18	καὶ	καί	C-	--------
John 20:18	ταῦτα	οὗτος	RD	----APN-
John 20:18	εἶπεν	λέγω	V-	3AAI-S--
John 20:18	αὐτῇ	αὐτός	RP	----DSF-
John 20:19	Οὔσης	εἰμί	V-	-PAPGSF-
John 20:19	οὖν	οὖν	C-	--------
John 20:19	ὀψίας	ὀψία	A-	----GSF-
John 20:19	τῇ	ὁ	RA	----DSF-
John 20:19	ἡμέρᾳ	ἡμέρα	N-	----DSF-
John 20:19	ἐκείνῃ	ἐκεῖνος	RD	----DSF-
John 20:19	τῇ	ὁ	RA	----DSF-
John 20:19	μιᾷ	εἷς	A-	----DSF-
John 20:19	σαββάτων	σάββατον	N-	----GPN-
John 20:19	καὶ	καί	C-	--------
John 20:19	τῶν	ὁ	RA	----GPF-
John 20:19	θυρῶν	θύρα	N-	----GPF-
John 20:19	κεκλεισμένων	κλείω	V-	-XPPGPF-
John 20:19	ὅπου	ὅπου	C-	--------
John 20:19	ἦσαν	εἰμί	V-	3IAI-P--
John 20:19	οἱ	ὁ	RA	----NPM-
John 20:19	μαθηταὶ	μαθητής	N-	----NPM-
John 20:19	διὰ	διά	P-	--------
John 20:19	τὸν	ὁ	RA	----ASM-
John 20:19	φόβον	φόβος	N-	----ASM-
John 20:19	τῶν	ὁ	RA	----GPM-
John 20:19	Ἰουδαίων	Ἰουδαῖος	A-	----GPM-
John 20:19	ἦλθεν	ἔρχομαι	V-	3AAI-S--
John 20:19	ὁ	ὁ	RA	----NSM-
John 20:19	Ἰησοῦς	Ἰησοῦς	N-	----NSM-
John 20:19	καὶ	καί	C-	--------
John 20:19	ἔστη	ἵστημι	V-	3AAI-S--
John 20:19	εἰς	εἰς	P-	--------
John 20:19	τὸ	ὁ	RA	----ASN-
John 20:19	μέσον	μέσος	A-	----ASN-
John 20:19	καὶ	καί	C-	--------
John 20:19	λέγει	λέγω	V-	3PAI-S--
John 20:19	αὐτοῖς	αὐτός	RP	----DPM-
John 20:19	Εἰρήνη	εἰρήνη	N-	----NSF-
John 20:19	ὑμῖν	σύ	RP	----DP--
John 20:20	καὶ	καί	C-	--------
John 20:20	τοῦτο	οὗτος	RD	----ASN-
John 20:20	εἰπὼν	λέγω	V-	-AAPNSM-
John 20:20	ἔδειξεν	δείκνυμι	V-	3AAI-S--
John 20:20	τὰς	ὁ	RA	----APF-
John 20:20	χεῖρας	χείρ	N-	----APF-
John 20:20	καὶ	καί	C-	--------
John 20:20	τὴν	ὁ	RA	----ASF-
John 20:20	πλευρὰν	πλευρά	N-	----ASF-
John 20:20	αὐτοῖς	αὐτός	RP	----DPM-
John 20:20	ἐχάρησαν	χαίρω	V-	3API-P--
John 20:20	οὖν	οὖν	C-	--------
John 20:20	οἱ	ὁ	RA	----NPM-
John 20:20	μαθηταὶ	μαθητής	N-	----NPM-
John 20:20	ἰδόντες	ὁράω	V-	-AAPNPM-
John 20:20	τὸν	ὁ	RA	----ASM-
John 20:20	κύριον	κύριος	N-	----ASM-
John 20:21	εἶπεν	λέγω	V-	3AAI-S--
John 20:21	οὖν	οὖν	C-	--------
John 20:21	αὐτοῖς	αὐτός	RP	----DPM-
John 20:21	ὁ	ὁ	RA	----NSM-
John 20:21	Ἰησοῦς	Ἰησοῦς	N-	----NSM-
John 20:21	πάλιν	πάλιν	D-	--------
John 20:21	Εἰρήνη	εἰρήνη	N-	----NSF-
John 20:21	ὑμῖν	σύ	RP	----DP--
John 20:21	καθὼς	καθώς	C-	--------
John 20:21	ἀπέσταλκέν	ἀποστέλλω	V-	3XAI-S--
John 20:21	με	ἐγώ	RP	----AS--
John 20:21	ὁ	ὁ	RA	----NSM-
John 20:21	πατήρ	πατήρ	N-	----NSM-
John 20:21	κἀγὼ	κἀγώ	RP	----NS--
John 20:21	πέμπω	πέμπω	V-	1PAI-S--
John 20:21	ὑμᾶς	σύ	RP	----AP--
John 20:22	καὶ	καί	C-	--------
John 20:22	τοῦτο	οὗτος	RD	----ASN-
John 20:22	εἰπὼν	λέγω	V-	-AAPNSM-
John 20:22	ἐνεφύσησεν	ἐμφυσάω	V-	3AAI-S--
John 20:22	καὶ	καί	C-	--------
John 20:22	λέγει	λέγω	V-	3PAI-S--
John 20:22	αὐτοῖς	αὐτός	RP	----DPM-
John 20:22	Λάβετε	λαμβάνω	V-	2AAD-P--
John 20:22	πνεῦμα	πνεῦμα	N-	----ASN-
John 20:22	ἅγιον	ἅγιος	A-	----ASN-
John 20:23	ἄν	ἄν	X-	--------
John 20:23	τινων	τις	RI	----GPM-
John 20:23	ἀφῆτε	ἀφίημι	V-	2AAS-P--
John 20:23	τὰς	ὁ	RA	----APF-
John 20:23	ἁμαρτίας	ἁμαρτία	N-	----APF-
John 20:23	ἀφέωνται	ἀφίημι	V-	3XPI-P--
John 20:23	αὐτοῖς	αὐτός	RP	----DPM-
John 20:23	ἄν	ἄν	X-	--------
John 20:23	τινων	τις	RI	----GPM-
John 20:23	κρατῆτε	κρατέω	V-	2PAS-P--
John 20:23	κεκράτηνται	κρατέω	V-	3XPI-P--
John 20:24	Θωμᾶς	Θωμᾶς	N-	----NSM-
John 20:24	δὲ	δέ	C-	--------
John 20:24	εἷς	εἷς	A-	----NSM-
John 20:24	ἐκ	ἐκ	P-	--------
John 20:24	τῶν	ὁ	RA	----GPM-
John 20:24	δώδεκα	δώδεκα	A-	----GPM-
John 20:24	ὁ	ὁ	RA	----NSM-
John 20:24	λεγόμενος	λέγω	V-	-PPPNSM-
John 20:24	Δίδυμος	Δίδυμος	N-	----NSM-
John 20:24	οὐκ	οὐ	D-	--------
John 20:24	ἦν	εἰμί	V-	3IAI-S--
John 20:24	μετ’	μετά	P-	--------
John 20:24	αὐτῶν	αὐτός	RP	----GPM-
John 20:24	ὅτε	ὅτε	C-	--------
John 20:24	ἦλθεν	ἔρχομαι	V-	3AAI-S--
John 20:24	Ἰησοῦς	Ἰησοῦς	N-	----NSM-
John 20:25	ἔλεγον	λέγω	V-	3IAI-P--
John 20:25	οὖν	οὖν	C-	--------
John 20:25	αὐτῷ	αὐτός	RP	----DSM-
John 20:25	οἱ	ὁ	RA	----NPM-
John 20:25	ἄλλοι	ἄλλος	A-	----NPM-
John 20:25	μαθηταί	μαθητής	N-	----NPM-
John 20:25	Ἑωράκαμεν	ὁράω	V-	1XAI-P--
John 20:25	τὸν	ὁ	RA	----ASM-
John 20:25	κύριον	κύριος	N-	----ASM-
John 20:25	ὁ	ὁ	RA	----NSM-
John 20:25	δὲ	δέ	C-	--------
John 20:25	εἶπεν	λέγω	V-	3AAI-S--
John 20:25	αὐτοῖς	αὐτός	RP	----DPM-
John 20:25	Ἐὰν	ἐάν	C-	--------
John 20:25	μὴ	μή	D-	--------
John 20:25	ἴδω	ὁράω	V-	1AAS-S--
John 20:25	ἐν	ἐν	P-	--------
John 20:25	ταῖς	ὁ	RA	----DPF-
John 20:25	χερσὶν	χείρ	N-	----DPF-
John 20:25	αὐτοῦ	αὐτός	RP	----GSM-
John 20:25	τὸν	ὁ	RA	----ASM-
John 20:25	τύπον	τύπος	N-	----ASM-
John 20:25	τῶν	ὁ	RA	----GPM-
John 20:25	ἥλων	ἧλος	N-	----GPM-
John 20:25	καὶ	καί	C-	--------
John 20:25	βάλω	βάλλω	V-	1AAS-S--
John 20:25	τὸν	ὁ	RA	----ASM-
John 20:25	δάκτυλόν	δάκτυλος	N-	----ASM-
John 20:25	μου	ἐγώ	RP	----GS--
John 20:25	εἰς	εἰς	P-	--------
John 20:25	τὸν	ὁ	RA	----ASM-
John 20:25	τύπον	τύπος	N-	----ASM-
John 20:25	τῶν	ὁ	RA	----GPM-
John 20:25	ἥλων	ἧλος	N-	----GPM-
John 20:25	καὶ	καί	C-	--------
John 20:25	βάλω	βάλλω	V-	1AAS-S--
John 20:25	μου	ἐγώ	RP	----GS--
John 20:25	τὴν	ὁ	RA	----ASF-
John 20:25	χεῖρα	χείρ	N-	----ASF-
John 20:25	εἰς	εἰς	P-	--------
John 20:25	τὴν	ὁ	RA	----ASF-
John 20:25	πλευρὰν	πλευρά	N-	----ASF-
John 20:25	αὐτοῦ	αὐτός	RP	----GSM-
John 20:25	οὐ	οὐ	D-	--------
John 20:25	μὴ	μή	D-	--------
John 20:25	πιστεύσω	πιστεύω	V-	1AAS-S--
John 20:26	Καὶ	καί	C-	--------
John 20:26	μεθ’	μετά	P-	--------
John 20:26	ἡμέρας	ἡμέρα	N-	----APF-
John 20:26	ὀκτὼ	ὀκτώ	A-	----APF-
John 20:26	πάλιν	πάλιν	D-	--------
John 20:26	ἦσαν	εἰμί	V-	3IAI-P--
John 20:26	ἔσω	ἔσω	D-	--------
John 20:26	οἱ	ὁ	RA	----NPM-
John 20:26	μαθηταὶ	μαθητής	N-	----NPM-
John 20:26	αὐτοῦ	αὐτός	RP	----GSM-
John 20:26	καὶ	καί	C-	--------
John 20:26	Θωμᾶς	Θωμᾶς	N-	----NSM-
John 20:26	μετ’	μετά	P-	--------
John 20:26	αὐτῶν	αὐτός	RP	----GPM-
John 20:26	ἔρχεται	ἔρχομαι	V-	3PMI-S--
John 20:26	ὁ	ὁ	RA	----NSM-
John 20:26	Ἰησοῦς	Ἰησοῦς	N-	----NSM-
John 20:26	τῶν	ὁ	RA	----GPF-
John 20:26	θυρῶν	θύρα	N-	----GPF-
John 20:26	κεκλεισμένων	κλείω	V-	-XPPGPF-
John 20:26	καὶ	καί	C-	--------
John 20:26	ἔστη	ἵστημι	V-	3AAI-S--
John 20:26	εἰς	εἰς	P-	--------
John 20:26	τὸ	ὁ	RA	----ASN-
John 20:26	μέσον	μέσος	A-	----ASN-
John 20:26	καὶ	καί	C-	--------
John 20:26	εἶπεν	λέγω	V-	3AAI-S--
John 20:26	Εἰρήνη	εἰρήνη	N-	----NSF-
John 20:26	ὑμῖν	σύ	RP	----DP--
John 20:27	εἶτα	εἶτα	D-	--------
John 20:27	λέγει	λέγω	V-	3PAI-S--
John 20:27	τῷ	ὁ	RA	----DSM-
John 20:27	Θωμᾷ	Θωμᾶς	N-	----DSM-
John 20:27	Φέρε	φέρω	V-	2PAD-S--
John 20:27	τὸν	ὁ	RA	----ASM-
John 20:27	δάκτυλόν	δάκτυλος	N-	----ASM-
John 20:27	σου	σύ	RP	----GS--
John 20:27	ὧδε	ὧδε	D-	--------
John 20:27	καὶ	καί	C-	--------
John 20:27	ἴδε	ὁράω	V-	2AAD-S--
John 20:27	τὰς	ὁ	RA	----APF-
John 20:27	χεῖράς	χείρ	N-	----APF-
John 20:27	μου	ἐγώ	RP	----GS--
John 20:27	καὶ	καί	C-	--------
John 20:27	φέρε	φέρω	V-	2PAD-S--
John 20:27	τὴν	ὁ	RA	----ASF-
John 20:27	χεῖρά	χείρ	N-	----ASF-
John 20:27	σου	σύ	RP	----GS--
John 20:27	καὶ	καί	C-	--------
John 20:27	βάλε	βάλλω	V-	2AAD-S--
John 20:27	εἰς	εἰς	P-	--------
John 20:27	τὴν	ὁ	RA	----ASF-
John 20:27	πλευράν	πλευρά	N-	----ASF-
John 20:27	μου	ἐγώ	RP	----GS--
John 20:27	καὶ	καί	C-	--------
John 20:27	μὴ	μή	D-	--------
John 20:27	γίνου	γίνομαι	V-	2PMD-S--
John 20:27	ἄπιστος	ἄπιστος	A-	----NSM-
John 20:27	ἀλλὰ	ἀλλά	C-	--------
John 20:27	πιστός	πιστός	A-	----NSM-
John 20:28	ἀπεκρίθη	ἀποκρίνομαι	V-	3API-S--
John 20:28	Θωμᾶς	Θωμᾶς	N-	----NSM-
John 20:28	καὶ	καί	C-	--------
John 20:28	εἶπεν	λέγω	V-	3AAI-S--
John 20:28	αὐτῷ	αὐτός	RP	----DSM-
John 20:28	Ὁ	ὁ	RA	----NSM-
John 20:28	κύριός	κύριος	N-	----NSM-
John 20:28	μου	ἐγώ	RP	----GS--
John 20:28	καὶ	καί	C-	--------
John 20:28	ὁ	ὁ	RA	----NSM-
John 20:28	θεός	θεός	N-	----NSM-
John 20:28	μου	ἐγώ	RP	----GS--
John 20:29	λέγει	λέγω	V-	3PAI-S--
John 20:29	αὐτῷ	αὐτός	RP	----DSM-
John 20:29	ὁ	ὁ	RA	----NSM-
John 20:29	Ἰησοῦς	Ἰησοῦς	N-	----NSM-
John 20:29	Ὅτι	ὅτι	C-	--------
John 20:29	ἑώρακάς	ὁράω	V-	2XAI-S--
John 20:29	με	ἐγώ	RP	----AS--
John 20:29	πεπίστευκας	πιστεύω	V-	2XAI-S--
John 20:29	μακάριοι	μακάριος	A-	----NPM-
John 20:29	οἱ	ὁ	RA	----NPM-
John 20:29	μὴ	μή	D-	--------
John 20:29	ἰδόντες	ὁράω	V-	-AAPNPM-
John 20:29	καὶ	καί	C-	--------
John 20:29	πιστεύσαντες	πιστεύω	V-	-AAPNPM-
John 20:30	Πολλὰ	πολύς	A-	----APN-
John 20:30	μὲν	μέν	C-	--------
John 20:30	οὖν	οὖν	C-	--------
John 20:30	καὶ	καί	D-	--------
John 20:30	ἄλλα	ἄλλος	A-	----APN-
John 20:30	σημεῖα	σημεῖον	N-	----APN-
John 20:30	ἐποίησεν	ποιέω	V-	3AAI-S--
John 20:30	ὁ	ὁ	RA	----NSM-
John 20:30	Ἰησοῦς	Ἰησοῦς	N-	----NSM-
John 20:30	ἐνώπιον	ἐνώπιον	P-	--------
John 20:30	τῶν	ὁ	RA	----GPM-
John 20:30	μαθητῶν	μαθητής	N-	----GPM-
John 20:30	ἃ	ὅς	RR	----NPN-
John 20:30	οὐκ	οὐ	D-	--------
John 20:30	ἔστιν	εἰμί	V-	3PAI-S--
John 20:30	γεγραμμένα	γράφω	V-	-XPPNPN-
John 20:30	ἐν	ἐν	P-	--------
John 20:30	τῷ	ὁ	RA	----DSN-
John 20:30	βιβλίῳ	βιβλίον	N-	----DSN-
John 20:30	τούτῳ	οὗτος	RD	----DSN-
John 20:31	ταῦτα	οὗτος	RD	----NPN-
John 20:31	δὲ	δέ	C-	--------
John 20:31	γέγραπται	γράφω	V-	3XPI-S--
John 20:31	ἵνα	ἵνα	C-	--------
John 20:31	πιστεύητε	πιστεύω	V-	2PAS-P--
John 20:31	ὅτι	ὅτι	C-	--------
John 20:31	Ἰησοῦς	Ἰησοῦς	N-	----NSM-
John 20:31	ἐστιν	εἰμί	V-	3PAI-S--
John 20:31	ὁ	ὁ	RA	----NSM-
John 20:31	χριστὸς	Χριστός	N-	----NSM-
John 20:31	ὁ	ὁ	RA	----NSM-
John 20:31	υἱὸς	υἱός	N-	----NSM-
John 20:31	τοῦ	ὁ	RA	----GSM-
John 20:31	θεοῦ	θεός	N-	----GSM-
John 20:31	καὶ	καί	C-	--------
John 20:31	ἵνα	ἵνα	C-	--------
John 20:31	πιστεύοντες	πιστεύω	V-	-PAPNPM-
John 20:31	ζωὴν	ζωή	N-	----ASF-
John 20:31	ἔχητε	ἔχω	V-	2PAS-P--
John 20:31	ἐν	ἐν	P-	--------
John 20:31	τῷ	ὁ	RA	----DSN-
John 20:31	ὀνόματι	ὄνομα	N-	----DSN-
John 20:31	αὐτοῦ	αὐτός	RP	----GSM-
John 21:1	Μετὰ	μετά	P-	--------
John 21:1	ταῦτα	οὗτος	RD	----APN-
John 21:1	ἐφανέρωσεν	φανερόω	V-	3AAI-S--
John 21:1	ἑαυτὸν	ἑαυτοῦ	RP	----ASM-
John 21:1	πάλιν	πάλιν	D-	--------
John 21:1	ὁ	ὁ	RA	----NSM-
John 21:1	Ἰησοῦς	Ἰησοῦς	N-	----NSM-
John 21:1	τοῖς	ὁ	RA	----DPM-
John 21:1	μαθηταῖς	μαθητής	N-	----DPM-
John 21:1	ἐπὶ	ἐπί	P-	--------
John 21:1	τῆς	ὁ	RA	----GSF-
John 21:1	θαλάσσης	θάλασσα	N-	----GSF-
John 21:1	τῆς	ὁ	RA	----GSF-
John 21:1	Τιβεριάδος	Τιβεριάς	N-	----GSF-
John 21:1	ἐφανέρωσεν	φανερόω	V-	3AAI-S--
John 21:1	δὲ	δέ	C-	--------
John 21:1	οὕτως	οὕτω(ς)	D-	--------
John 21:2	ἦσαν	εἰμί	V-	3IAI-P--
John 21:2	ὁμοῦ	ὁμοῦ	D-	--------
John 21:2	Σίμων	Σίμων	N-	----NSM-
John 21:2	Πέτρος	Πέτρος	N-	----NSM-
John 21:2	καὶ	καί	C-	--------
John 21:2	Θωμᾶς	Θωμᾶς	N-	----NSM-
John 21:2	ὁ	ὁ	RA	----NSM-
John 21:2	λεγόμενος	λέγω	V-	-PPPNSM-
John 21:2	Δίδυμος	Δίδυμος	N-	----NSM-
John 21:2	καὶ	καί	C-	--------
John 21:2	Ναθαναὴλ	Ναθαναήλ	N-	----NSM-
John 21:2	ὁ	ὁ	RA	----NSM-
John 21:2	ἀπὸ	ἀπό	P-	--------
John 21:2	Κανὰ	Κανά	N-	----GSF-
John 21:2	τῆς	ὁ	RA	----GSF-
John 21:2	Γαλιλαίας	Γαλιλαία	N-	----GSF-
John 21:2	καὶ	καί	C-	--------
John 21:2	οἱ	ὁ	RA	----NPM-
John 21:2	τοῦ	ὁ	RA	----GSM-
John 21:2	Ζεβεδαίου	Ζεβεδαῖος	N-	----GSM-
John 21:2	καὶ	καί	C-	--------
John 21:2	ἄλλοι	ἄλλος	A-	----NPM-
John 21:2	ἐκ	ἐκ	P-	--------
John 21:2	τῶν	ὁ	RA	----GPM-
John 21:2	μαθητῶν	μαθητής	N-	----GPM-
John 21:2	αὐτοῦ	αὐτός	RP	----GSM-
John 21:2	δύο	δύο	A-	----NPM-
John 21:3	λέγει	λέγω	V-	3PAI-S--
John 21:3	αὐτοῖς	αὐτός	RP	----DPM-
John 21:3	Σίμων	Σίμων	N-	----NSM-
John 21:3	Πέτρος	Πέτρος	N-	----NSM-
John 21:3	Ὑπάγω	ὑπάγω	V-	1PAI-S--
John 21:3	ἁλιεύειν	ἁλιεύω	V-	-PAN----
John 21:3	λέγουσιν	λέγω	V-	3PAI-P--
John 21:3	αὐτῷ	αὐτός	RP	----DSM-
John 21:3	Ἐρχόμεθα	ἔρχομαι	V-	1PMI-P--
John 21:3	καὶ	καί	D-	--------
John 21:3	ἡμεῖς	ἐγώ	RP	----NP--
John 21:3	σὺν	σύν	P-	--------
John 21:3	σοί	σύ	RP	----DS--
John 21:3	ἐξῆλθον	ἐξέρχομαι	V-	3AAI-P--
John 21:3	καὶ	καί	C-	--------
John 21:3	ἐνέβησαν	ἐμβαίνω	V-	3AAI-P--
John 21:3	εἰς	εἰς	P-	--------
John 21:3	τὸ	ὁ	RA	----ASN-
John 21:3	πλοῖον	πλοῖον	N-	----ASN-
John 21:3	καὶ	καί	C-	--------
John 21:3	ἐν	ἐν	P-	--------
John 21:3	ἐκείνῃ	ἐκεῖνος	RD	----DSF-
John 21:3	τῇ	ὁ	RA	----DSF-
John 21:3	νυκτὶ	νύξ	N-	----DSF-
John 21:3	ἐπίασαν	πιάζω	V-	3AAI-P--
John 21:3	οὐδέν	οὐδείς	A-	----ASN-
John 21:4	Πρωΐας	πρωΐα	N-	----GSF-
John 21:4	δὲ	δέ	C-	--------
John 21:4	ἤδη	ἤδη	D-	--------
John 21:4	γενομένης	γίνομαι	V-	-AMPGSF-
John 21:4	ἔστη	ἵστημι	V-	3AAI-S--
John 21:4	Ἰησοῦς	Ἰησοῦς	N-	----NSM-
John 21:4	εἰς	εἰς	P-	--------
John 21:4	τὸν	ὁ	RA	----ASM-
John 21:4	αἰγιαλόν	αἰγιαλός	N-	----ASM-
John 21:4	οὐ	οὐ	D-	--------
John 21:4	μέντοι	μέντοι	C-	--------
John 21:4	ᾔδεισαν	οἶδα	V-	3YAI-P--
John 21:4	οἱ	ὁ	RA	----NPM-
John 21:4	μαθηταὶ	μαθητής	N-	----NPM-
John 21:4	ὅτι	ὅτι	C-	--------
John 21:4	Ἰησοῦς	Ἰησοῦς	N-	----NSM-
John 21:4	ἐστιν	εἰμί	V-	3PAI-S--
John 21:5	λέγει	λέγω	V-	3PAI-S--
John 21:5	οὖν	οὖν	C-	--------
John 21:5	αὐτοῖς	αὐτός	RP	----DPM-
John 21:5	ὁ	ὁ	RA	----NSM-
John 21:5	Ἰησοῦς	Ἰησοῦς	N-	----NSM-
John 21:5	Παιδία	παιδίον	N-	----VPN-
John 21:5	μή	μή	X-	--------
John 21:5	τι	τις	RI	----ASN-
John 21:5	προσφάγιον	προσφάγιον	N-	----ASN-
John 21:5	ἔχετε	ἔχω	V-	2PAI-P--
John 21:5	ἀπεκρίθησαν	ἀποκρίνομαι	V-	3API-P--
John 21:5	αὐτῷ	αὐτός	RP	----DSM-
John 21:5	Οὔ	οὔ	X-	--------
John 21:6	ὁ	ὁ	RA	----NSM-
John 21:6	δὲ	δέ	C-	--------
John 21:6	εἶπεν	λέγω	V-	3AAI-S--
John 21:6	αὐτοῖς	αὐτός	RP	----DPM-
John 21:6	Βάλετε	βάλλω	V-	2AAD-P--
John 21:6	εἰς	εἰς	P-	--------
John 21:6	τὰ	ὁ	RA	----APN-
John 21:6	δεξιὰ	δεξιός	A-	----APN-
John 21:6	μέρη	μέρος	N-	----APN-
John 21:6	τοῦ	ὁ	RA	----GSN-
John 21:6	πλοίου	πλοῖον	N-	----GSN-
John 21:6	τὸ	ὁ	RA	----ASN-
John 21:6	δίκτυον	δίκτυον	N-	----ASN-
John 21:6	καὶ	καί	C-	--------
John 21:6	εὑρήσετε	εὑρίσκω	V-	2FAI-P--
John 21:6	ἔβαλον	βάλλω	V-	3AAI-P--
John 21:6	οὖν	οὖν	C-	--------
John 21:6	καὶ	καί	C-	--------
John 21:6	οὐκέτι	οὐκέτι	D-	--------
John 21:6	αὐτὸ	αὐτός	RP	----ASN-
John 21:6	ἑλκύσαι	ἕλκω	V-	-AAN----
John 21:6	ἴσχυον	ἰσχύω	V-	3IAI-P--
John 21:6	ἀπὸ	ἀπό	P-	--------
John 21:6	τοῦ	ὁ	RA	----GSN-
John 21:6	πλήθους	πλῆθος	N-	----GSN-
John 21:6	τῶν	ὁ	RA	----GPM-
John 21:6	ἰχθύων	ἰχθύς	N-	----GPM-
John 21:7	λέγει	λέγω	V-	3PAI-S--
John 21:7	οὖν	οὖν	C-	--------
John 21:7	ὁ	ὁ	RA	----NSM-
John 21:7	μαθητὴς	μαθητής	N-	----NSM-
John 21:7	ἐκεῖνος	ἐκεῖνος	RD	----NSM-
John 21:7	ὃν	ὅς	RR	----ASM-
John 21:7	ἠγάπα	ἀγαπάω	V-	3IAI-S--
John 21:7	ὁ	ὁ	RA	----NSM-
John 21:7	Ἰησοῦς	Ἰησοῦς	N-	----NSM-
John 21:7	τῷ	ὁ	RA	----DSM-
John 21:7	Πέτρῳ	Πέτρος	N-	----DSM-
John 21:7	Ὁ	ὁ	RA	----NSM-
John 21:7	κύριός	κύριος	N-	----NSM-
John 21:7	ἐστιν	εἰμί	V-	3PAI-S--
John 21:7	Σίμων	Σίμων	N-	----NSM-
John 21:7	οὖν	οὖν	C-	--------
John 21:7	Πέτρος	Πέτρος	N-	----NSM-
John 21:7	ἀκούσας	ἀκούω	V-	-AAPNSM-
John 21:7	ὅτι	ὅτι	C-	--------
John 21:7	ὁ	ὁ	RA	----NSM-
John 21:7	κύριός	κύριος	N-	----NSM-
John 21:7	ἐστιν	εἰμί	V-	3PAI-S--
John 21:7	τὸν	ὁ	RA	----ASM-
John 21:7	ἐπενδύτην	ἐπενδύτης	N-	----ASM-
John 21:7	διεζώσατο	διαζώννυμι	V-	3AMI-S--
John 21:7	ἦν	εἰμί	V-	3IAI-S--
John 21:7	γὰρ	γάρ	C-	--------
John 21:7	γυμνός	γυμνός	A-	----NSM-
John 21:7	καὶ	καί	C-	--------
John 21:7	ἔβαλεν	βάλλω	V-	3AAI-S--
John 21:7	ἑαυτὸν	ἑαυτοῦ	RP	----ASM-
John 21:7	εἰς	εἰς	P-	--------
John 21:7	τὴν	ὁ	RA	----ASF-
John 21:7	θάλασσαν	θάλασσα	N-	----ASF-
John 21:8	οἱ	ὁ	RA	----NPM-
John 21:8	δὲ	δέ	C-	--------
John 21:8	ἄλλοι	ἄλλος	A-	----NPM-
John 21:8	μαθηταὶ	μαθητής	N-	----NPM-
John 21:8	τῷ	ὁ	RA	----DSN-
John 21:8	πλοιαρίῳ	πλοιάριον	N-	----DSN-
John 21:8	ἦλθον	ἔρχομαι	V-	3AAI-P--
John 21:8	οὐ	οὐ	D-	--------
John 21:8	γὰρ	γάρ	C-	--------
John 21:8	ἦσαν	εἰμί	V-	3IAI-P--
John 21:8	μακρὰν	μακρός	A-	----ASF-
John 21:8	ἀπὸ	ἀπό	P-	--------
John 21:8	τῆς	ὁ	RA	----GSF-
John 21:8	γῆς	γῆ	N-	----GSF-
John 21:8	ἀλλὰ	ἀλλά	C-	--------
John 21:8	ὡς	ὡς	D-	--------
John 21:8	ἀπὸ	ἀπό	P-	--------
John 21:8	πηχῶν	πῆχυς	N-	----GPM-
John 21:8	διακοσίων	διακόσιοι	A-	----GPM-
John 21:8	σύροντες	σύρω	V-	-PAPNPM-
John 21:8	τὸ	ὁ	RA	----ASN-
John 21:8	δίκτυον	δίκτυον	N-	----ASN-
John 21:8	τῶν	ὁ	RA	----GPM-
John 21:8	ἰχθύων	ἰχθύς	N-	----GPM-
John 21:9	Ὡς	ὡς	C-	--------
John 21:9	οὖν	οὖν	C-	--------
John 21:9	ἀπέβησαν	ἀποβαίνω	V-	3AAI-P--
John 21:9	εἰς	εἰς	P-	--------
John 21:9	τὴν	ὁ	RA	----ASF-
John 21:9	γῆν	γῆ	N-	----ASF-
John 21:9	βλέπουσιν	βλέπω	V-	3PAI-P--
John 21:9	ἀνθρακιὰν	ἀνθρακιά	N-	----ASF-
John 21:9	κειμένην	κεῖμαι	V-	-PMPASF-
John 21:9	καὶ	καί	C-	--------
John 21:9	ὀψάριον	ὀψάριον	N-	----ASN-
John 21:9	ἐπικείμενον	ἐπίκειμαι	V-	-PMPASN-
John 21:9	καὶ	καί	C-	--------
John 21:9	ἄρτον	ἄρτος	N-	----ASM-
John 21:10	λέγει	λέγω	V-	3PAI-S--
John 21:10	αὐτοῖς	αὐτός	RP	----DPM-
John 21:10	ὁ	ὁ	RA	----NSM-
John 21:10	Ἰησοῦς	Ἰησοῦς	N-	----NSM-
John 21:10	Ἐνέγκατε	φέρω	V-	2AAD-P--
John 21:10	ἀπὸ	ἀπό	P-	--------
John 21:10	τῶν	ὁ	RA	----GPN-
John 21:10	ὀψαρίων	ὀψάριον	N-	----GPN-
John 21:10	ὧν	ὅς	RR	----GPN-
John 21:10	ἐπιάσατε	πιάζω	V-	2AAI-P--
John 21:10	νῦν	νῦν	D-	--------
John 21:11	ἀνέβη	ἀναβαίνω	V-	3AAI-S--
John 21:11	οὖν	οὖν	C-	--------
John 21:11	Σίμων	Σίμων	N-	----NSM-
John 21:11	Πέτρος	Πέτρος	N-	----NSM-
John 21:11	καὶ	καί	C-	--------
John 21:11	εἵλκυσεν	ἕλκω	V-	3AAI-S--
John 21:11	τὸ	ὁ	RA	----ASN-
John 21:11	δίκτυον	δίκτυον	N-	----ASN-
John 21:11	εἰς	εἰς	P-	--------
John 21:11	τὴν	ὁ	RA	----ASF-
John 21:11	γῆν	γῆ	N-	----ASF-
John 21:11	μεστὸν	μεστός	A-	----ASN-
John 21:11	ἰχθύων	ἰχθύς	N-	----GPM-
John 21:11	μεγάλων	μέγας	A-	----GPM-
John 21:11	ἑκατὸν	ἑκατόν	A-	----GPM-
John 21:11	πεντήκοντα	πεντήκοντα	A-	----GPM-
John 21:11	τριῶν	τρεῖς	A-	----GPM-
John 21:11	καὶ	καί	C-	--------
John 21:11	τοσούτων	τοσοῦτος	RD	----GPM-
John 21:11	ὄντων	εἰμί	V-	-PAPGPM-
John 21:11	οὐκ	οὐ	D-	--------
John 21:11	ἐσχίσθη	σχίζω	V-	3API-S--
John 21:11	τὸ	ὁ	RA	----NSN-
John 21:11	δίκτυον	δίκτυον	N-	----NSN-
John 21:12	λέγει	λέγω	V-	3PAI-S--
John 21:12	αὐτοῖς	αὐτός	RP	----DPM-
John 21:12	ὁ	ὁ	RA	----NSM-
John 21:12	Ἰησοῦς	Ἰησοῦς	N-	----NSM-
John 21:12	Δεῦτε	δεῦτε	D-	--------
John 21:12	ἀριστήσατε	ἀριστάω	V-	2AAD-P--
John 21:12	οὐδεὶς	οὐδείς	A-	----NSM-
John 21:12	δὲ	δέ	C-	--------
John 21:12	ἐτόλμα	τολμάω	V-	3IAI-S--
John 21:12	τῶν	ὁ	RA	----GPM-
John 21:12	μαθητῶν	μαθητής	N-	----GPM-
John 21:12	ἐξετάσαι	ἐξετάζω	V-	-AAN----
John 21:12	αὐτόν	αὐτός	RP	----ASM-
John 21:12	Σὺ	σύ	RP	----NS--
John 21:12	τίς	τίς	RI	----NSM-
John 21:12	εἶ	εἰμί	V-	2PAI-S--
John 21:12	εἰδότες	οἶδα	V-	-XAPNPM-
John 21:12	ὅτι	ὅτι	C-	--------
John 21:12	ὁ	ὁ	RA	----NSM-
John 21:12	κύριός	κύριος	N-	----NSM-
John 21:12	ἐστιν	εἰμί	V-	3PAI-S--
John 21:13	ἔρχεται	ἔρχομαι	V-	3PMI-S--
John 21:13	ὁ	ὁ	RA	----NSM-
John 21:13	Ἰησοῦς	Ἰησοῦς	N-	----NSM-
John 21:13	καὶ	καί	C-	--------
John 21:13	λαμβάνει	λαμβάνω	V-	3PAI-S--
John 21:13	τὸν	ὁ	RA	----ASM-
John 21:13	ἄρτον	ἄρτος	N-	----ASM-
John 21:13	καὶ	καί	C-	--------
John 21:13	δίδωσιν	δίδωμι	V-	3PAI-S--
John 21:13	αὐτοῖς	αὐτός	RP	----DPM-
John 21:13	καὶ	καί	C-	--------
John 21:13	τὸ	ὁ	RA	----ASN-
John 21:13	ὀψάριον	ὀψάριον	N-	----ASN-
John 21:13	ὁμοίως	ὁμοίως	D-	--------
John 21:14	τοῦτο	οὗτος	RD	----ASN-
John 21:14	ἤδη	ἤδη	D-	--------
John 21:14	τρίτον	τρίτος	A-	----ASN-
John 21:14	ἐφανερώθη	φανερόω	V-	3API-S--
John 21:14	ὁ	ὁ	RA	----NSM-
John 21:14	Ἰησοῦς	Ἰησοῦς	N-	----NSM-
John 21:14	τοῖς	ὁ	RA	----DPM-
John 21:14	μαθηταῖς	μαθητής	N-	----DPM-
John 21:14	ἐγερθεὶς	ἐγείρω	V-	-APPNSM-
John 21:14	ἐκ	ἐκ	P-	--------
John 21:14	νεκρῶν	νεκρός	A-	----GPM-
John 21:15	Ὅτε	ὅτε	C-	--------
John 21:15	οὖν	οὖν	C-	--------
John 21:15	ἠρίστησαν	ἀριστάω	V-	3AAI-P--
John 21:15	λέγει	λέγω	V-	3PAI-S--
John 21:15	τῷ	ὁ	RA	----DSM-
John 21:15	Σίμωνι	Σίμων	N-	----DSM-
John 21:15	Πέτρῳ	Πέτρος	N-	----DSM-
John 21:15	ὁ	ὁ	RA	----NSM-
John 21:15	Ἰησοῦς	Ἰησοῦς	N-	----NSM-
John 21:15	Σίμων	Σίμων	N-	----VSM-
John 21:15	Ἰωάννου	Ἰωάννης	N-	----GSM-
John 21:15	ἀγαπᾷς	ἀγαπάω	V-	2PAI-S--
John 21:15	με	ἐγώ	RP	----AS--
John 21:15	πλέον	πολύς	A-	----ASNC
John 21:15	τούτων	οὗτος	RD	----GPM-
John 21:15	λέγει	λέγω	V-	3PAI-S--
John 21:15	αὐτῷ	αὐτός	RP	----DSM-
John 21:15	Ναί	ναί	X-	--------
John 21:15	κύριε	κύριος	N-	----VSM-
John 21:15	σὺ	σύ	RP	----NS--
John 21:15	οἶδας	οἶδα	V-	2XAI-S--
John 21:15	ὅτι	ὅτι	C-	--------
John 21:15	φιλῶ	φιλέω	V-	1PAI-S--
John 21:15	σε	σύ	RP	----AS--
John 21:15	λέγει	λέγω	V-	3PAI-S--
John 21:15	αὐτῷ	αὐτός	RP	----DSM-
John 21:15	Βόσκε	βόσκω	V-	2PAD-S--
John 21:15	τὰ	ὁ	RA	----APN-
John 21:15	ἀρνία	ἀρνίον	N-	----APN-
John 21:15	μου	ἐγώ	RP	----GS--
John 21:16	λέγει	λέγω	V-	3PAI-S--
John 21:16	αὐτῷ	αὐτός	RP	----DSM-
John 21:16	πάλιν	πάλιν	D-	--------
John 21:16	δεύτερον	δεύτερος	A-	----ASN-
John 21:16	Σίμων	Σίμων	N-	----VSM-
John 21:16	Ἰωάννου	Ἰωάννης	N-	----GSM-
John 21:16	ἀγαπᾷς	ἀγαπάω	V-	2PAI-S--
John 21:16	με	ἐγώ	RP	----AS--
John 21:16	λέγει	λέγω	V-	3PAI-S--
John 21:16	αὐτῷ	αὐτός	RP	----DSM-
John 21:16	Ναί	ναί	X-	--------
John 21:16	κύριε	κύριος	N-	----VSM-
John 21:16	σὺ	σύ	RP	----NS--
John 21:16	οἶδας	οἶδα	V-	2XAI-S--
John 21:16	ὅτι	ὅτι	C-	--------
John 21:16	φιλῶ	φιλέω	V-	1PAI-S--
John 21:16	σε	σύ	RP	----AS--
John 21:16	λέγει	λέγω	V-	3PAI-S--
John 21:16	αὐτῷ	αὐτός	RP	----DSM-
John 21:16	Ποίμαινε	ποιμαίνω	V-	2PAD-S--
John 21:16	τὰ	ὁ	RA	----APN-
John 21:16	πρόβατά	πρόβατον	N-	----APN-
John 21:16	μου	ἐγώ	RP	----GS--
John 21:17	λέγει	λέγω	V-	3PAI-S--
John 21:17	αὐτῷ	αὐτός	RP	----DSM-
John 21:17	τὸ	ὁ	RA	----ASN-
John 21:17	τρίτον	τρίτος	A-	----ASN-
John 21:17	Σίμων	Σίμων	N-	----VSM-
John 21:17	Ἰωάννου	Ἰωάννης	N-	----GSM-
John 21:17	φιλεῖς	φιλέω	V-	2PAI-S--
John 21:17	με	ἐγώ	RP	----AS--
John 21:17	ἐλυπήθη	λυπέω	V-	3API-S--
John 21:17	ὁ	ὁ	RA	----NSM-
John 21:17	Πέτρος	Πέτρος	N-	----NSM-
John 21:17	ὅτι	ὅτι	C-	--------
John 21:17	εἶπεν	λέγω	V-	3AAI-S--
John 21:17	αὐτῷ	αὐτός	RP	----DSM-
John 21:17	τὸ	ὁ	RA	----ASN-
John 21:17	τρίτον	τρίτος	A-	----ASN-
John 21:17	Φιλεῖς	φιλέω	V-	2PAI-S--
John 21:17	με	ἐγώ	RP	----AS--
John 21:17	καὶ	καί	C-	--------
John 21:17	εἶπεν	λέγω	V-	3AAI-S--
John 21:17	αὐτῷ	αὐτός	RP	----DSM-
John 21:17	Κύριε	κύριος	N-	----VSM-
John 21:17	πάντα	πᾶς	A-	----APN-
John 21:17	σὺ	σύ	RP	----NS--
John 21:17	οἶδας	οἶδα	V-	2XAI-S--
John 21:17	σὺ	σύ	RP	----NS--
John 21:17	γινώσκεις	γινώσκω	V-	2PAI-S--
John 21:17	ὅτι	ὅτι	C-	--------
John 21:17	φιλῶ	φιλέω	V-	1PAI-S--
John 21:17	σε	σύ	RP	----AS--
John 21:17	λέγει	λέγω	V-	3PAI-S--
John 21:17	αὐτῷ	αὐτός	RP	----DSM-
John 21:17	ὁ	ὁ	RA	----NSM-
John 21:17	Ἰησοῦς	Ἰησοῦς	N-	----NSM-
John 21:17	Βόσκε	βόσκω	V-	2PAD-S--
John 21:17	τὰ	ὁ	RA	----APN-
John 21:17	πρόβατά	πρόβατον	N-	----APN-
John 21:17	μου	ἐγώ	RP	----GS--
John 21:18	ἀμὴν	ἀμήν	X-	--------
John 21:18	ἀμὴν	ἀμήν	X-	--------
John 21:18	λέγω	λέγω	V-	1PAI-S--
John 21:18	σοι	σύ	RP	----DS--
John 21:18	ὅτε	ὅτε	C-	--------
John 21:18	ἦς	εἰμί	V-	2IAI-S--
John 21:18	νεώτερος	νέος	A-	----NSMC
John 21:18	ἐζώννυες	ζώννυμι	V-	2IAI-S--
John 21:18	σεαυτὸν	σεαυτοῦ	RP	----ASM-
John 21:18	καὶ	καί	C-	--------
John 21:18	περιεπάτεις	περιπατέω	V-	2IAI-S--
John 21:18	ὅπου	ὅπου	C-	--------
John 21:18	ἤθελες	θέλω	V-	2IAI-S--
John 21:18	ὅταν	ὅταν	C-	--------
John 21:18	δὲ	δέ	C-	--------
John 21:18	γηράσῃς	γηράσκω	V-	2AAS-S--
John 21:18	ἐκτενεῖς	ἐκτείνω	V-	2FAI-S--
John 21:18	τὰς	ὁ	RA	----APF-
John 21:18	χεῖράς	χείρ	N-	----APF-
John 21:18	σου	σύ	RP	----GS--
John 21:18	καὶ	καί	C-	--------
John 21:18	ἄλλος	ἄλλος	A-	----NSM-
John 21:18	σε	σύ	RP	----AS--
John 21:18	ζώσει	ζώννυμι	V-	3FAI-S--
John 21:18	καὶ	καί	C-	--------
John 21:18	οἴσει	φέρω	V-	3FAI-S--
John 21:18	ὅπου	ὅπου	C-	--------
John 21:18	οὐ	οὐ	D-	--------
John 21:18	θέλεις	θέλω	V-	2PAI-S--
John 21:19	τοῦτο	οὗτος	RD	----ASN-
John 21:19	δὲ	δέ	C-	--------
John 21:19	εἶπεν	λέγω	V-	3AAI-S--
John 21:19	σημαίνων	σημαίνω	V-	-PAPNSM-
John 21:19	ποίῳ	ποῖος	RI	----DSM-
John 21:19	θανάτῳ	θάνατος	N-	----DSM-
John 21:19	δοξάσει	δοξάζω	V-	3FAI-S--
John 21:19	τὸν	ὁ	RA	----ASM-
John 21:19	θεόν	θεός	N-	----ASM-
John 21:19	καὶ	καί	C-	--------
John 21:19	τοῦτο	οὗτος	RD	----ASN-
John 21:19	εἰπὼν	λέγω	V-	-AAPNSM-
John 21:19	λέγει	λέγω	V-	3PAI-S--
John 21:19	αὐτῷ	αὐτός	RP	----DSM-
John 21:19	Ἀκολούθει	ἀκολουθέω	V-	2PAD-S--
John 21:19	μοι	ἐγώ	RP	----DS--
John 21:20	Ἐπιστραφεὶς	ἐπιστρέφω	V-	-APPNSM-
John 21:20	ὁ	ὁ	RA	----NSM-
John 21:20	Πέτρος	Πέτρος	N-	----NSM-
John 21:20	βλέπει	βλέπω	V-	3PAI-S--
John 21:20	τὸν	ὁ	RA	----ASM-
John 21:20	μαθητὴν	μαθητής	N-	----ASM-
John 21:20	ὃν	ὅς	RR	----ASM-
John 21:20	ἠγάπα	ἀγαπάω	V-	3IAI-S--
John 21:20	ὁ	ὁ	RA	----NSM-
John 21:20	Ἰησοῦς	Ἰησοῦς	N-	----NSM-
John 21:20	ἀκολουθοῦντα	ἀκολουθέω	V-	-PAPASM-
John 21:20	ὃς	ὅς	RR	----NSM-
John 21:20	καὶ	καί	D-	--------
John 21:20	ἀνέπεσεν	ἀναπίπτω	V-	3AAI-S--
John 21:20	ἐν	ἐν	P-	--------
John 21:20	τῷ	ὁ	RA	----DSN-
John 21:20	δείπνῳ	δεῖπνον	N-	----DSN-
John 21:20	ἐπὶ	ἐπί	P-	--------
John 21:20	τὸ	ὁ	RA	----ASN-
John 21:20	στῆθος	στῆθος	N-	----ASN-
John 21:20	αὐτοῦ	αὐτός	RP	----GSM-
John 21:20	καὶ	καί	C-	--------
John 21:20	εἶπεν	λέγω	V-	3AAI-S--
John 21:20	Κύριε	κύριος	N-	----VSM-
John 21:20	τίς	τίς	RI	----NSM-
John 21:20	ἐστιν	εἰμί	V-	3PAI-S--
John 21:20	ὁ	ὁ	RA	----NSM-
John 21:20	παραδιδούς	παραδίδωμι	V-	-PAPNSM-
John 21:20	σε	σύ	RP	----AS--
John 21:21	τοῦτον	οὗτος	RD	----ASM-
John 21:21	οὖν	οὖν	C-	--------
John 21:21	ἰδὼν	ὁράω	V-	-AAPNSM-
John 21:21	ὁ	ὁ	RA	----NSM-
John 21:21	Πέτρος	Πέτρος	N-	----NSM-
John 21:21	λέγει	λέγω	V-	3PAI-S--
John 21:21	τῷ	ὁ	RA	----DSM-
John 21:21	Ἰησοῦ	Ἰησοῦς	N-	----DSM-
John 21:21	Κύριε	κύριος	N-	----VSM-
John 21:21	οὗτος	οὗτος	RD	----NSM-
John 21:21	δὲ	δέ	C-	--------
John 21:21	τί	τίς	RI	----NSN-
John 21:22	λέγει	λέγω	V-	3PAI-S--
John 21:22	αὐτῷ	αὐτός	RP	----DSM-
John 21:22	ὁ	ὁ	RA	----NSM-
John 21:22	Ἰησοῦς	Ἰησοῦς	N-	----NSM-
John 21:22	Ἐὰν	ἐάν	C-	--------
John 21:22	αὐτὸν	αὐτός	RP	----ASM-
John 21:22	θέλω	θέλω	V-	1PAS-S--
John 21:22	μένειν	μένω	V-	-PAN----
John 21:22	ἕως	ἕως	C-	--------
John 21:22	ἔρχομαι	ἔρχομαι	V-	1PMI-S--
John 21:22	τί	τίς	RI	----NSN-
John 21:22	πρὸς	πρός	P-	--------
John 21:22	σέ	σύ	RP	----AS--
John 21:22	σύ	σύ	RP	----NS--
John 21:22	μοι	ἐγώ	RP	----DS--
John 21:22	ἀκολούθει	ἀκολουθέω	V-	2PAD-S--
John 21:23	ἐξῆλθεν	ἐξέρχομαι	V-	3AAI-S--
John 21:23	οὖν	οὖν	C-	--------
John 21:23	οὗτος	οὗτος	RD	----NSM-
John 21:23	ὁ	ὁ	RA	----NSM-
John 21:23	λόγος	λόγος	N-	----NSM-
John 21:23	εἰς	εἰς	P-	--------
John 21:23	τοὺς	ὁ	RA	----APM-
John 21:23	ἀδελφοὺς	ἀδελφός	N-	----APM-
John 21:23	ὅτι	ὅτι	D-	--------
John 21:23	ὁ	ὁ	RA	----NSM-
John 21:23	μαθητὴς	μαθητής	N-	----NSM-
John 21:23	ἐκεῖνος	ἐκεῖνος	RD	----NSM-
John 21:23	οὐκ	οὐ	D-	--------
John 21:23	ἀποθνῄσκει	ἀποθνῄσκω	V-	3PAI-S--
John 21:23	οὐκ	οὐ	D-	--------
John 21:23	εἶπεν	λέγω	V-	3AAI-S--
John 21:23	δὲ	δέ	C-	--------
John 21:23	αὐτῷ	αὐτός	RP	----DSM-
John 21:23	ὁ	ὁ	RA	----NSM-
John 21:23	Ἰησοῦς	Ἰησοῦς	N-	----NSM-
John 21:23	ὅτι	ὅτι	C-	--------
John 21:23	οὐκ	οὐ	D-	--------
John 21:23	ἀποθνῄσκει	ἀποθνῄσκω	V-	3PAI-S--
John 21:23	ἀλλ’	ἀλλά	C-	--------
John 21:23	Ἐὰν	ἐάν	C-	--------
John 21:23	αὐτὸν	αὐτός	RP	----ASM-
John 21:23	θέλω	θέλω	V-	1PAS-S--
John 21:23	μένειν	μένω	V-	-PAN----
John 21:23	ἕως	ἕως	C-	--------
John 21:23	ἔρχομαι	ἔρχομαι	V-	1PMI-S--
John 21:23	τί	τίς	RI	----NSN-
John 21:23	πρὸς	πρός	P-	--------
John 21:23	σέ	σύ	RP	----AS--
John 21:24	Οὗτός	οὗτος	RD	----NSM-
John 21:24	ἐστιν	εἰμί	V-	3PAI-S--
John 21:24	ὁ	ὁ	RA	----NSM-
John 21:24	μαθητὴς	μαθητής	N-	----NSM-
John 21:24	ὁ	ὁ	RA	----NSM-
John 21:24	μαρτυρῶν	μαρτυρέω	V-	-PAPNSM-
John 21:24	περὶ	περί	P-	--------
John 21:24	τούτων	οὗτος	RD	----GPN-
John 21:24	καὶ	καί	C-	--------
John 21:24	ὁ	ὁ	RA	----NSM-
John 21:24	γράψας	γράφω	V-	-AAPNSM-
John 21:24	ταῦτα	οὗτος	RD	----APN-
John 21:24	καὶ	καί	C-	--------
John 21:24	οἴδαμεν	οἶδα	V-	1XAI-P--
John 21:24	ὅτι	ὅτι	C-	--------
John 21:24	ἀληθὴς	ἀληθής	A-	----NSF-
John 21:24	αὐτοῦ	αὐτός	RP	----GSM-
John 21:24	ἡ	ὁ	RA	----NSF-
John 21:24	μαρτυρία	μαρτυρία	N-	----NSF-
John 21:24	ἐστίν	εἰμί	V-	3PAI-S--
John 21:25	ἔστιν	εἰμί	V-	3PAI-S--
John 21:25	δὲ	δέ	C-	--------
John 21:25	καὶ	καί	D-	--------
John 21:25	ἄλλα	ἄλλος	A-	----NPN-
John 21:25	πολλὰ	πολύς	A-	----NPN-
John 21:25	ἃ	ὅς	RR	----APN-
John 21:25	ἐποίησεν	ποιέω	V-	3AAI-S--
John 21:25	ὁ	ὁ	RA	----NSM-
John 21:25	Ἰησοῦς	Ἰησοῦς	N-	----NSM-
John 21:25	ἅτινα	ὅστις	RR	----NPN-
John 21:25	ἐὰν	ἐάν	C-	--------
John 21:25	γράφηται	γράφω	V-	3PPS-S--
John 21:25	καθ’	κατά	P-	--------
John 21:25	ἕν	εἷς	A-	----ASN-
John 21:25	οὐδ’	οὐδέ	D-	--------
John 21:25	αὐτὸν	αὐτός	RP	----ASM-
John 21:25	οἶμαι	οἶμαι	V-	1PMI-S--
John 21:25	τὸν	ὁ	RA	----ASM-
John 21:25	κόσμον	κόσμος	N-	----ASM-
John 21:25	χωρήσειν	χωρέω	V-	-FAN----
John 21:25	τὰ	ὁ	RA	----APN-
John 21:25	γραφόμενα	γράφω	V-	-PPPAPN-
John 21:25	βιβλία	βιβλίον	N-	----APN-
