ref	word	lemma	pos	parse
Rom 1:1	Παῦλος	Παῦλος	N-	----NSM-
Rom 1:1	δοῦλος	δοῦλος	N-	----NSM-
Rom 1:1	Χριστοῦ	Χριστός	N-	----GSM-
Rom 1:1	Ἰησοῦ	Ἰησοῦς	N-	----GSM-
Rom 1:1	κλητὸς	κλητός	A-	----NSM-
Rom 1:1	ἀπόστολος	ἀπόστολος	N-	----NSM-
Rom 1:1	ἀφωρισμένος	ἀφορίζω	V-	-XPPNSM-
Rom 1:1	εἰς	εἰς	P-	--------
Rom 1:1	εὐαγγέλιον	εὐαγγέλιον	N-	----ASN-
Rom 1:1	θεοῦ	θεός	N-	----GSM-
Rom 1:2	ὃ	ὅς	RR	----ASN-
Rom 1:2	προεπηγγείλατο	προεπαγγέλλομαι	V-	3AMI-S--
Rom 1:2	διὰ	διά	P-	--------
Rom 1:2	τῶν	ὁ	RA	----GPM-
Rom 1:2	προφητῶν	προφήτης	N-	----GPM-
Rom 1:2	αὐτοῦ	αὐτός	RP	----GSM-
Rom 1:2	ἐν	ἐν	P-	--------
Rom 1:2	γραφαῖς	γραφή	N-	----DPF-
Rom 1:2	ἁγίαις	ἅγιος	A-	----DPF-
Rom 1:3	περὶ	περί	P-	--------
Rom 1:3	τοῦ	ὁ	RA	----GSM-
Rom 1:3	υἱοῦ	υἱός	N-	----GSM-
Rom 1:3	αὐτοῦ	αὐτός	RP	----GSM-
Rom 1:3	τοῦ	ὁ	RA	----GSM-
Rom 1:3	γενομένου	γίνομαι	V-	-AMPGSM-
Rom 1:3	ἐκ	ἐκ	P-	--------
Rom 1:3	σπέρματος	σπέρμα	N-	----GSN-
Rom 1:3	Δαυὶδ	Δαυίδ	N-	----GSM-
Rom 1:3	κατὰ	κατά	P-	--------
Rom 1:3	σάρκα	σάρξ	N-	----ASF-
Rom 1:4	τοῦ	ὁ	RA	----GSM-
Rom 1:4	ὁρισθέντος	ὁρίζω	V-	-APPGSM-
Rom 1:4	υἱοῦ	υἱός	N-	----GSM-
Rom 1:4	θεοῦ	θεός	N-	----GSM-
Rom 1:4	ἐν	ἐν	P-	--------
Rom 1:4	δυνάμει	δύναμις	N-	----DSF-
Rom 1:4	κατὰ	κατά	P-	--------
Rom 1:4	πνεῦμα	πνεῦμα	N-	----ASN-
Rom 1:4	ἁγιωσύνης	ἁγιωσύνη	N-	----GSF-
Rom 1:4	ἐξ	ἐκ	P-	--------
Rom 1:4	ἀναστάσεως	ἀνάστασις	N-	----GSF-
Rom 1:4	νεκρῶν	νεκρός	A-	----GPM-
Rom 1:4	Ἰησοῦ	Ἰησοῦς	N-	----GSM-
Rom 1:4	Χριστοῦ	Χριστός	N-	----GSM-
Rom 1:4	τοῦ	ὁ	RA	----GSM-
Rom 1:4	κυρίου	κύριος	N-	----GSM-
Rom 1:4	ἡμῶν	ἐγώ	RP	----GP--
Rom 1:5	δι’	διά	P-	--------
Rom 1:5	οὗ	ὅς	RR	----GSM-
Rom 1:5	ἐλάβομεν	λαμβάνω	V-	1AAI-P--
Rom 1:5	χάριν	χάρις	N-	----ASF-
Rom 1:5	καὶ	καί	C-	--------
Rom 1:5	ἀποστολὴν	ἀποστολή	N-	----ASF-
Rom 1:5	εἰς	εἰς	P-	--------
Rom 1:5	ὑπακοὴν	ὑπακοή	N-	----ASF-
Rom 1:5	πίστεως	πίστις	N-	----GSF-
Rom 1:5	ἐν	ἐν	P-	--------
Rom 1:5	πᾶσιν	πᾶς	A-	----DPN-
Rom 1:5	τοῖς	ὁ	RA	----DPN-
Rom 1:5	ἔθνεσιν	ἔθνος	N-	----DPN-
Rom 1:5	ὑπὲρ	ὑπέρ	P-	--------
Rom 1:5	τοῦ	ὁ	RA	----GSN-
Rom 1:5	ὀνόματος	ὄνομα	N-	----GSN-
Rom 1:5	αὐτοῦ	αὐτός	RP	----GSM-
Rom 1:6	ἐν	ἐν	P-	--------
Rom 1:6	οἷς	ὅς	RR	----DPN-
Rom 1:6	ἐστε	εἰμί	V-	2PAI-P--
Rom 1:6	καὶ	καί	D-	--------
Rom 1:6	ὑμεῖς	σύ	RP	----NP--
Rom 1:6	κλητοὶ	κλητός	A-	----NPM-
Rom 1:6	Ἰησοῦ	Ἰησοῦς	N-	----GSM-
Rom 1:6	Χριστοῦ	Χριστός	N-	----GSM-
Rom 1:7	πᾶσιν	πᾶς	A-	----DPM-
Rom 1:7	τοῖς	ὁ	RA	----DPM-
Rom 1:7	οὖσιν	εἰμί	V-	-PAPDPM-
Rom 1:7	ἐν	ἐν	P-	--------
Rom 1:7	Ῥώμῃ	Ῥώμη	N-	----DSF-
Rom 1:7	ἀγαπητοῖς	ἀγαπητός	A-	----DPM-
Rom 1:7	θεοῦ	θεός	N-	----GSM-
Rom 1:7	κλητοῖς	κλητός	A-	----DPM-
Rom 1:7	ἁγίοις	ἅγιος	A-	----DPM-
Rom 1:7	χάρις	χάρις	N-	----NSF-
Rom 1:7	ὑμῖν	σύ	RP	----DP--
Rom 1:7	καὶ	καί	C-	--------
Rom 1:7	εἰρήνη	εἰρήνη	N-	----NSF-
Rom 1:7	ἀπὸ	ἀπό	P-	--------
Rom 1:7	θεοῦ	θεός	N-	----GSM-
Rom 1:7	πατρὸς	πατήρ	N-	----GSM-
Rom 1:7	ἡμῶν	ἐγώ	RP	----GP--
Rom 1:7	καὶ	καί	C-	--------
Rom 1:7	κυρίου	κύριος	N-	----GSM-
Rom 1:7	Ἰησοῦ	Ἰησοῦς	N-	----GSM-
Rom 1:7	Χριστοῦ	Χριστός	N-	----GSM-
Rom 1:8	Πρῶτον	πρῶτος	A-	----ASN-
Rom 1:8	μὲν	μέν	C-	--------
Rom 1:8	εὐχαριστῶ	εὐχαριστέω	V-	1PAI-S--
Rom 1:8	τῷ	ὁ	RA	----DSM-
Rom 1:8	θεῷ	θεός	N-	----DSM-
Rom 1:8	μου	ἐγώ	RP	----GS--
Rom 1:8	διὰ	διά	P-	--------
Rom 1:8	Ἰησοῦ	Ἰησοῦς	N-	----GSM-
Rom 1:8	Χριστοῦ	Χριστός	N-	----GSM-
Rom 1:8	περὶ	περί	P-	--------
Rom 1:8	πάντων	πᾶς	A-	----GPM-
Rom 1:8	ὑμῶν	σύ	RP	----GP--
Rom 1:8	ὅτι	ὅτι	C-	--------
Rom 1:8	ἡ	ὁ	RA	----NSF-
Rom 1:8	πίστις	πίστις	N-	----NSF-
Rom 1:8	ὑμῶν	σύ	RP	----GP--
Rom 1:8	καταγγέλλεται	καταγγέλλω	V-	3PPI-S--
Rom 1:8	ἐν	ἐν	P-	--------
Rom 1:8	ὅλῳ	ὅλος	A-	----DSM-
Rom 1:8	τῷ	ὁ	RA	----DSM-
Rom 1:8	κόσμῳ	κόσμος	N-	----DSM-
Rom 1:9	μάρτυς	μάρτυς	N-	----NSM-
Rom 1:9	γάρ	γάρ	C-	--------
Rom 1:9	μού	ἐγώ	RP	----GS--
Rom 1:9	ἐστιν	εἰμί	V-	3PAI-S--
Rom 1:9	ὁ	ὁ	RA	----NSM-
Rom 1:9	θεός	θεός	N-	----NSM-
Rom 1:9	ᾧ	ὅς	RR	----DSM-
Rom 1:9	λατρεύω	λατρεύω	V-	1PAI-S--
Rom 1:9	ἐν	ἐν	P-	--------
Rom 1:9	τῷ	ὁ	RA	----DSN-
Rom 1:9	πνεύματί	πνεῦμα	N-	----DSN-
Rom 1:9	μου	ἐγώ	RP	----GS--
Rom 1:9	ἐν	ἐν	P-	--------
Rom 1:9	τῷ	ὁ	RA	----DSN-
Rom 1:9	εὐαγγελίῳ	εὐαγγέλιον	N-	----DSN-
Rom 1:9	τοῦ	ὁ	RA	----GSM-
Rom 1:9	υἱοῦ	υἱός	N-	----GSM-
Rom 1:9	αὐτοῦ	αὐτός	RP	----GSM-
Rom 1:9	ὡς	ὡς	D-	--------
Rom 1:9	ἀδιαλείπτως	ἀδιαλείπτως	D-	--------
Rom 1:9	μνείαν	μνεία	N-	----ASF-
Rom 1:9	ὑμῶν	σύ	RP	----GP--
Rom 1:9	ποιοῦμαι	ποιέω	V-	1PMI-S--
Rom 1:10	πάντοτε	πάντοτε	D-	--------
Rom 1:10	ἐπὶ	ἐπί	P-	--------
Rom 1:10	τῶν	ὁ	RA	----GPF-
Rom 1:10	προσευχῶν	προσευχή	N-	----GPF-
Rom 1:10	μου	ἐγώ	RP	----GS--
Rom 1:10	δεόμενος	δέω	V-	-PMPNSM-
Rom 1:10	εἴ	εἰ	C-	--------
Rom 1:10	πως	πώς	D-	--------
Rom 1:10	ἤδη	ἤδη	D-	--------
Rom 1:10	ποτὲ	ποτέ	D-	--------
Rom 1:10	εὐοδωθήσομαι	εὐοδόομαι	V-	1FPI-S--
Rom 1:10	ἐν	ἐν	P-	--------
Rom 1:10	τῷ	ὁ	RA	----DSN-
Rom 1:10	θελήματι	θέλημα	N-	----DSN-
Rom 1:10	τοῦ	ὁ	RA	----GSM-
Rom 1:10	θεοῦ	θεός	N-	----GSM-
Rom 1:10	ἐλθεῖν	ἔρχομαι	V-	-AAN----
Rom 1:10	πρὸς	πρός	P-	--------
Rom 1:10	ὑμᾶς	σύ	RP	----AP--
Rom 1:11	ἐπιποθῶ	ἐπιποθέω	V-	1PAI-S--
Rom 1:11	γὰρ	γάρ	C-	--------
Rom 1:11	ἰδεῖν	ὁράω	V-	-AAN----
Rom 1:11	ὑμᾶς	σύ	RP	----AP--
Rom 1:11	ἵνα	ἵνα	C-	--------
Rom 1:11	τι	τις	RI	----ASN-
Rom 1:11	μεταδῶ	μεταδίδωμι	V-	1AAS-S--
Rom 1:11	χάρισμα	χάρισμα	N-	----ASN-
Rom 1:11	ὑμῖν	σύ	RP	----DP--
Rom 1:11	πνευματικὸν	πνευματικός	A-	----ASN-
Rom 1:11	εἰς	εἰς	P-	--------
Rom 1:11	τὸ	ὁ	RA	----ASN-
Rom 1:11	στηριχθῆναι	στηρίζω	V-	-APN----
Rom 1:11	ὑμᾶς	σύ	RP	----AP--
Rom 1:12	τοῦτο	οὗτος	RD	----NSN-
Rom 1:12	δέ	δέ	C-	--------
Rom 1:12	ἐστιν	εἰμί	V-	3PAI-S--
Rom 1:12	συμπαρακληθῆναι	συμπαρακαλέομαι	V-	-APN----
Rom 1:12	ἐν	ἐν	P-	--------
Rom 1:12	ὑμῖν	σύ	RP	----DP--
Rom 1:12	διὰ	διά	P-	--------
Rom 1:12	τῆς	ὁ	RA	----GSF-
Rom 1:12	ἐν	ἐν	P-	--------
Rom 1:12	ἀλλήλοις	ἀλλήλων	RP	----DPM-
Rom 1:12	πίστεως	πίστις	N-	----GSF-
Rom 1:12	ὑμῶν	σύ	RP	----GP--
Rom 1:12	τε	τέ	C-	--------
Rom 1:12	καὶ	καί	C-	--------
Rom 1:12	ἐμοῦ	ἐγώ	RP	----GS--
Rom 1:13	οὐ	οὐ	D-	--------
Rom 1:13	θέλω	θέλω	V-	1PAI-S--
Rom 1:13	δὲ	δέ	C-	--------
Rom 1:13	ὑμᾶς	σύ	RP	----AP--
Rom 1:13	ἀγνοεῖν	ἀγνοέω	V-	-PAN----
Rom 1:13	ἀδελφοί	ἀδελφός	N-	----VPM-
Rom 1:13	ὅτι	ὅτι	C-	--------
Rom 1:13	πολλάκις	πολλάκις	D-	--------
Rom 1:13	προεθέμην	προτίθεμαι	V-	1AMI-S--
Rom 1:13	ἐλθεῖν	ἔρχομαι	V-	-AAN----
Rom 1:13	πρὸς	πρός	P-	--------
Rom 1:13	ὑμᾶς	σύ	RP	----AP--
Rom 1:13	καὶ	καί	C-	--------
Rom 1:13	ἐκωλύθην	κωλύω	V-	1API-S--
Rom 1:13	ἄχρι	ἄχρι	P-	--------
Rom 1:13	τοῦ	ὁ	RA	----GSM-
Rom 1:13	δεῦρο	δεῦρο	D-	--------
Rom 1:13	ἵνα	ἵνα	C-	--------
Rom 1:13	τινὰ	τις	RI	----ASM-
Rom 1:13	καρπὸν	καρπός	N-	----ASM-
Rom 1:13	σχῶ	ἔχω	V-	1AAS-S--
Rom 1:13	καὶ	καί	D-	--------
Rom 1:13	ἐν	ἐν	P-	--------
Rom 1:13	ὑμῖν	σύ	RP	----DP--
Rom 1:13	καθὼς	καθώς	C-	--------
Rom 1:13	καὶ	καί	D-	--------
Rom 1:13	ἐν	ἐν	P-	--------
Rom 1:13	τοῖς	ὁ	RA	----DPN-
Rom 1:13	λοιποῖς	λοιπός	A-	----DPN-
Rom 1:13	ἔθνεσιν	ἔθνος	N-	----DPN-
Rom 1:14	Ἕλλησίν	Ἕλλην	N-	----DPM-
Rom 1:14	τε	τέ	C-	--------
Rom 1:14	καὶ	καί	C-	--------
Rom 1:14	βαρβάροις	βάρβαρος	A-	----DPM-
Rom 1:14	σοφοῖς	σοφός	A-	----DPM-
Rom 1:14	τε	τέ	C-	--------
Rom 1:14	καὶ	καί	C-	--------
Rom 1:14	ἀνοήτοις	ἀνόητος	A-	----DPM-
Rom 1:14	ὀφειλέτης	ὀφειλέτης	N-	----NSM-
Rom 1:14	εἰμί	εἰμί	V-	1PAI-S--
Rom 1:15	οὕτως	οὕτω(ς)	D-	--------
Rom 1:15	τὸ	ὁ	RA	----NSN-
Rom 1:15	κατ’	κατά	P-	--------
Rom 1:15	ἐμὲ	ἐγώ	RP	----AS--
Rom 1:15	πρόθυμον	πρόθυμος	A-	----NSN-
Rom 1:15	καὶ	καί	D-	--------
Rom 1:15	ὑμῖν	σύ	RP	----DP--
Rom 1:15	τοῖς	ὁ	RA	----DPM-
Rom 1:15	ἐν	ἐν	P-	--------
Rom 1:15	Ῥώμῃ	Ῥώμη	N-	----DSF-
Rom 1:15	εὐαγγελίσασθαι	εὐαγγελίζω	V-	-AMN----
Rom 1:16	Οὐ	οὐ	D-	--------
Rom 1:16	γὰρ	γάρ	C-	--------
Rom 1:16	ἐπαισχύνομαι	ἐπαισχύνομαι	V-	1PMI-S--
Rom 1:16	τὸ	ὁ	RA	----ASN-
Rom 1:16	εὐαγγέλιον	εὐαγγέλιον	N-	----ASN-
Rom 1:16	δύναμις	δύναμις	N-	----NSF-
Rom 1:16	γὰρ	γάρ	C-	--------
Rom 1:16	θεοῦ	θεός	N-	----GSM-
Rom 1:16	ἐστιν	εἰμί	V-	3PAI-S--
Rom 1:16	εἰς	εἰς	P-	--------
Rom 1:16	σωτηρίαν	σωτηρία	N-	----ASF-
Rom 1:16	παντὶ	πᾶς	A-	----DSM-
Rom 1:16	τῷ	ὁ	RA	----DSM-
Rom 1:16	πιστεύοντι	πιστεύω	V-	-PAPDSM-
Rom 1:16	Ἰουδαίῳ	Ἰουδαῖος	A-	----DSM-
Rom 1:16	τε	τέ	C-	--------
Rom 1:16	πρῶτον	πρῶτος	A-	----ASN-
Rom 1:16	καὶ	καί	C-	--------
Rom 1:16	Ἕλληνι	Ἕλλην	N-	----DSM-
Rom 1:17	δικαιοσύνη	δικαιοσύνη	N-	----NSF-
Rom 1:17	γὰρ	γάρ	C-	--------
Rom 1:17	θεοῦ	θεός	N-	----GSM-
Rom 1:17	ἐν	ἐν	P-	--------
Rom 1:17	αὐτῷ	αὐτός	RP	----DSN-
Rom 1:17	ἀποκαλύπτεται	ἀποκαλύπτω	V-	3PPI-S--
Rom 1:17	ἐκ	ἐκ	P-	--------
Rom 1:17	πίστεως	πίστις	N-	----GSF-
Rom 1:17	εἰς	εἰς	P-	--------
Rom 1:17	πίστιν	πίστις	N-	----ASF-
Rom 1:17	καθὼς	καθώς	C-	--------
Rom 1:17	γέγραπται	γράφω	V-	3XPI-S--
Rom 1:17	Ὁ	ὁ	RA	----NSM-
Rom 1:17	δὲ	δέ	C-	--------
Rom 1:17	δίκαιος	δίκαιος	A-	----NSM-
Rom 1:17	ἐκ	ἐκ	P-	--------
Rom 1:17	πίστεως	πίστις	N-	----GSF-
Rom 1:17	ζήσεται	ζάω	V-	3FMI-S--
Rom 1:18	Ἀποκαλύπτεται	ἀποκαλύπτω	V-	3PPI-S--
Rom 1:18	γὰρ	γάρ	C-	--------
Rom 1:18	ὀργὴ	ὀργή	N-	----NSF-
Rom 1:18	θεοῦ	θεός	N-	----GSM-
Rom 1:18	ἀπ’	ἀπό	P-	--------
Rom 1:18	οὐρανοῦ	οὐρανός	N-	----GSM-
Rom 1:18	ἐπὶ	ἐπί	P-	--------
Rom 1:18	πᾶσαν	πᾶς	A-	----ASF-
Rom 1:18	ἀσέβειαν	ἀσέβεια	N-	----ASF-
Rom 1:18	καὶ	καί	C-	--------
Rom 1:18	ἀδικίαν	ἀδικία	N-	----ASF-
Rom 1:18	ἀνθρώπων	ἄνθρωπος	N-	----GPM-
Rom 1:18	τῶν	ὁ	RA	----GPM-
Rom 1:18	τὴν	ὁ	RA	----ASF-
Rom 1:18	ἀλήθειαν	ἀλήθεια	N-	----ASF-
Rom 1:18	ἐν	ἐν	P-	--------
Rom 1:18	ἀδικίᾳ	ἀδικία	N-	----DSF-
Rom 1:18	κατεχόντων	κατέχω	V-	-PAPGPM-
Rom 1:19	διότι	διότι	C-	--------
Rom 1:19	τὸ	ὁ	RA	----NSN-
Rom 1:19	γνωστὸν	γνωστός	A-	----NSN-
Rom 1:19	τοῦ	ὁ	RA	----GSM-
Rom 1:19	θεοῦ	θεός	N-	----GSM-
Rom 1:19	φανερόν	φανερός	A-	----NSN-
Rom 1:19	ἐστιν	εἰμί	V-	3PAI-S--
Rom 1:19	ἐν	ἐν	P-	--------
Rom 1:19	αὐτοῖς	αὐτός	RP	----DPM-
Rom 1:19	ὁ	ὁ	RA	----NSM-
Rom 1:19	θεὸς	θεός	N-	----NSM-
Rom 1:19	γὰρ	γάρ	C-	--------
Rom 1:19	αὐτοῖς	αὐτός	RP	----DPM-
Rom 1:19	ἐφανέρωσεν	φανερόω	V-	3AAI-S--
Rom 1:20	τὰ	ὁ	RA	----NPN-
Rom 1:20	γὰρ	γάρ	C-	--------
Rom 1:20	ἀόρατα	ἀόρατος	A-	----NPN-
Rom 1:20	αὐτοῦ	αὐτός	RP	----GSM-
Rom 1:20	ἀπὸ	ἀπό	P-	--------
Rom 1:20	κτίσεως	κτίσις	N-	----GSF-
Rom 1:20	κόσμου	κόσμος	N-	----GSM-
Rom 1:20	τοῖς	ὁ	RA	----DPN-
Rom 1:20	ποιήμασιν	ποίημα	N-	----DPN-
Rom 1:20	νοούμενα	νοέω	V-	-PPPNPN-
Rom 1:20	καθορᾶται	καθοράω	V-	3PPI-S--
Rom 1:20	ἥ	ὁ	RA	----NSF-
Rom 1:20	τε	τέ	C-	--------
Rom 1:20	ἀΐδιος	ἀΐδιος	A-	----NSF-
Rom 1:20	αὐτοῦ	αὐτός	RP	----GSM-
Rom 1:20	δύναμις	δύναμις	N-	----NSF-
Rom 1:20	καὶ	καί	C-	--------
Rom 1:20	θειότης	θειότης	N-	----NSF-
Rom 1:20	εἰς	εἰς	P-	--------
Rom 1:20	τὸ	ὁ	RA	----ASN-
Rom 1:20	εἶναι	εἰμί	V-	-PAN----
Rom 1:20	αὐτοὺς	αὐτός	RP	----APM-
Rom 1:20	ἀναπολογήτους	ἀναπολόγητος	A-	----APM-
Rom 1:21	διότι	διότι	C-	--------
Rom 1:21	γνόντες	γινώσκω	V-	-AAPNPM-
Rom 1:21	τὸν	ὁ	RA	----ASM-
Rom 1:21	θεὸν	θεός	N-	----ASM-
Rom 1:21	οὐχ	οὐ	D-	--------
Rom 1:21	ὡς	ὡς	C-	--------
Rom 1:21	θεὸν	θεός	N-	----ASM-
Rom 1:21	ἐδόξασαν	δοξάζω	V-	3AAI-P--
Rom 1:21	ἢ	ἤ	C-	--------
Rom 1:21	ηὐχαρίστησαν	εὐχαριστέω	V-	3AAI-P--
Rom 1:21	ἀλλὰ	ἀλλά	C-	--------
Rom 1:21	ἐματαιώθησαν	ματαιόομαι	V-	3API-P--
Rom 1:21	ἐν	ἐν	P-	--------
Rom 1:21	τοῖς	ὁ	RA	----DPM-
Rom 1:21	διαλογισμοῖς	διαλογισμός	N-	----DPM-
Rom 1:21	αὐτῶν	αὐτός	RP	----GPM-
Rom 1:21	καὶ	καί	C-	--------
Rom 1:21	ἐσκοτίσθη	σκοτίζομαι	V-	3API-S--
Rom 1:21	ἡ	ὁ	RA	----NSF-
Rom 1:21	ἀσύνετος	ἀσύνετος	A-	----NSF-
Rom 1:21	αὐτῶν	αὐτός	RP	----GPM-
Rom 1:21	καρδία	καρδία	N-	----NSF-
Rom 1:22	φάσκοντες	φάσκω	V-	-PAPNPM-
Rom 1:22	εἶναι	εἰμί	V-	-PAN----
Rom 1:22	σοφοὶ	σοφός	A-	----NPM-
Rom 1:22	ἐμωράνθησαν	μωραίνω	V-	3API-P--
Rom 1:23	καὶ	καί	C-	--------
Rom 1:23	ἤλλαξαν	ἀλλάσσω	V-	3AAI-P--
Rom 1:23	τὴν	ὁ	RA	----ASF-
Rom 1:23	δόξαν	δόξα	N-	----ASF-
Rom 1:23	τοῦ	ὁ	RA	----GSM-
Rom 1:23	ἀφθάρτου	ἄφθαρτος	A-	----GSM-
Rom 1:23	θεοῦ	θεός	N-	----GSM-
Rom 1:23	ἐν	ἐν	P-	--------
Rom 1:23	ὁμοιώματι	ὁμοίωμα	N-	----DSN-
Rom 1:23	εἰκόνος	εἰκών	N-	----GSF-
Rom 1:23	φθαρτοῦ	φθαρτός	A-	----GSM-
Rom 1:23	ἀνθρώπου	ἄνθρωπος	N-	----GSM-
Rom 1:23	καὶ	καί	C-	--------
Rom 1:23	πετεινῶν	πετεινόν	A-	----GPN-
Rom 1:23	καὶ	καί	C-	--------
Rom 1:23	τετραπόδων	τετράπους	A-	----GPN-
Rom 1:23	καὶ	καί	C-	--------
Rom 1:23	ἑρπετῶν	ἑρπετόν	N-	----GPN-
Rom 1:24	Διὸ	διό	C-	--------
Rom 1:24	παρέδωκεν	παραδίδωμι	V-	3AAI-S--
Rom 1:24	αὐτοὺς	αὐτός	RP	----APM-
Rom 1:24	ὁ	ὁ	RA	----NSM-
Rom 1:24	θεὸς	θεός	N-	----NSM-
Rom 1:24	ἐν	ἐν	P-	--------
Rom 1:24	ταῖς	ὁ	RA	----DPF-
Rom 1:24	ἐπιθυμίαις	ἐπιθυμία	N-	----DPF-
Rom 1:24	τῶν	ὁ	RA	----GPF-
Rom 1:24	καρδιῶν	καρδία	N-	----GPF-
Rom 1:24	αὐτῶν	αὐτός	RP	----GPM-
Rom 1:24	εἰς	εἰς	P-	--------
Rom 1:24	ἀκαθαρσίαν	ἀκαθαρσία	N-	----ASF-
Rom 1:24	τοῦ	ὁ	RA	----GSN-
Rom 1:24	ἀτιμάζεσθαι	ἀτιμάζω	V-	-PMN----
Rom 1:24	τὰ	ὁ	RA	----APN-
Rom 1:24	σώματα	σῶμα	N-	----APN-
Rom 1:24	αὐτῶν	αὐτός	RP	----GPM-
Rom 1:24	ἐν	ἐν	P-	--------
Rom 1:24	αὐτοῖς	αὐτός	RP	----DPM-
Rom 1:25	οἵτινες	ὅστις	RR	----NPM-
Rom 1:25	μετήλλαξαν	μεταλλάσσω	V-	3AAI-P--
Rom 1:25	τὴν	ὁ	RA	----ASF-
Rom 1:25	ἀλήθειαν	ἀλήθεια	N-	----ASF-
Rom 1:25	τοῦ	ὁ	RA	----GSM-
Rom 1:25	θεοῦ	θεός	N-	----GSM-
Rom 1:25	ἐν	ἐν	P-	--------
Rom 1:25	τῷ	ὁ	RA	----DSN-
Rom 1:25	ψεύδει	ψεῦδος	N-	----DSN-
Rom 1:25	καὶ	καί	C-	--------
Rom 1:25	ἐσεβάσθησαν	σεβάζομαι	V-	3API-P--
Rom 1:25	καὶ	καί	C-	--------
Rom 1:25	ἐλάτρευσαν	λατρεύω	V-	3AAI-P--
Rom 1:25	τῇ	ὁ	RA	----DSF-
Rom 1:25	κτίσει	κτίσις	N-	----DSF-
Rom 1:25	παρὰ	παρά	P-	--------
Rom 1:25	τὸν	ὁ	RA	----ASM-
Rom 1:25	κτίσαντα	κτίζω	V-	-AAPASM-
Rom 1:25	ὅς	ὅς	RR	----NSM-
Rom 1:25	ἐστιν	εἰμί	V-	3PAI-S--
Rom 1:25	εὐλογητὸς	εὐλογητός	A-	----NSM-
Rom 1:25	εἰς	εἰς	P-	--------
Rom 1:25	τοὺς	ὁ	RA	----APM-
Rom 1:25	αἰῶνας	αἰών	N-	----APM-
Rom 1:25	ἀμήν	ἀμήν	X-	--------
Rom 1:26	Διὰ	διά	P-	--------
Rom 1:26	τοῦτο	οὗτος	RD	----ASN-
Rom 1:26	παρέδωκεν	παραδίδωμι	V-	3AAI-S--
Rom 1:26	αὐτοὺς	αὐτός	RP	----APM-
Rom 1:26	ὁ	ὁ	RA	----NSM-
Rom 1:26	θεὸς	θεός	N-	----NSM-
Rom 1:26	εἰς	εἰς	P-	--------
Rom 1:26	πάθη	πάθος	N-	----APN-
Rom 1:26	ἀτιμίας	ἀτιμία	N-	----GSF-
Rom 1:26	αἵ	ὁ	RA	----NPF-
Rom 1:26	τε	τέ	C-	--------
Rom 1:26	γὰρ	γάρ	C-	--------
Rom 1:26	θήλειαι	θῆλυς	A-	----NPF-
Rom 1:26	αὐτῶν	αὐτός	RP	----GPM-
Rom 1:26	μετήλλαξαν	μεταλλάσσω	V-	3AAI-P--
Rom 1:26	τὴν	ὁ	RA	----ASF-
Rom 1:26	φυσικὴν	φυσικός	A-	----ASF-
Rom 1:26	χρῆσιν	χρῆσις	N-	----ASF-
Rom 1:26	εἰς	εἰς	P-	--------
Rom 1:26	τὴν	ὁ	RA	----ASF-
Rom 1:26	παρὰ	παρά	P-	--------
Rom 1:26	φύσιν	φύσις	N-	----ASF-
Rom 1:27	ὁμοίως	ὁμοίως	D-	--------
Rom 1:27	τε	τέ	C-	--------
Rom 1:27	καὶ	καί	D-	--------
Rom 1:27	οἱ	ὁ	RA	----NPM-
Rom 1:27	ἄρσενες	ἄρσην	A-	----NPM-
Rom 1:27	ἀφέντες	ἀφίημι	V-	-AAPNPM-
Rom 1:27	τὴν	ὁ	RA	----ASF-
Rom 1:27	φυσικὴν	φυσικός	A-	----ASF-
Rom 1:27	χρῆσιν	χρῆσις	N-	----ASF-
Rom 1:27	τῆς	ὁ	RA	----GSF-
Rom 1:27	θηλείας	θῆλυς	A-	----GSF-
Rom 1:27	ἐξεκαύθησαν	ἐκκαίομαι	V-	3API-P--
Rom 1:27	ἐν	ἐν	P-	--------
Rom 1:27	τῇ	ὁ	RA	----DSF-
Rom 1:27	ὀρέξει	ὄρεξις	N-	----DSF-
Rom 1:27	αὐτῶν	αὐτός	RP	----GPM-
Rom 1:27	εἰς	εἰς	P-	--------
Rom 1:27	ἀλλήλους	ἀλλήλων	RP	----APM-
Rom 1:27	ἄρσενες	ἄρσην	A-	----NPM-
Rom 1:27	ἐν	ἐν	P-	--------
Rom 1:27	ἄρσεσιν	ἄρσην	A-	----DPM-
Rom 1:27	τὴν	ὁ	RA	----ASF-
Rom 1:27	ἀσχημοσύνην	ἀσχημοσύνη	N-	----ASF-
Rom 1:27	κατεργαζόμενοι	κατεργάζομαι	V-	-PMPNPM-
Rom 1:27	καὶ	καί	C-	--------
Rom 1:27	τὴν	ὁ	RA	----ASF-
Rom 1:27	ἀντιμισθίαν	ἀντιμισθία	N-	----ASF-
Rom 1:27	ἣν	ὅς	RR	----ASF-
Rom 1:27	ἔδει	δέω	V-	3IAI-S--
Rom 1:27	τῆς	ὁ	RA	----GSF-
Rom 1:27	πλάνης	πλάνη	N-	----GSF-
Rom 1:27	αὐτῶν	αὐτός	RP	----GPM-
Rom 1:27	ἐν	ἐν	P-	--------
Rom 1:27	ἑαυτοῖς	ἑαυτοῦ	RP	----DPM-
Rom 1:27	ἀπολαμβάνοντες	ἀπολαμβάνω	V-	-PAPNPM-
Rom 1:28	Καὶ	καί	C-	--------
Rom 1:28	καθὼς	καθώς	C-	--------
Rom 1:28	οὐκ	οὐ	D-	--------
Rom 1:28	ἐδοκίμασαν	δοκιμάζω	V-	3AAI-P--
Rom 1:28	τὸν	ὁ	RA	----ASM-
Rom 1:28	θεὸν	θεός	N-	----ASM-
Rom 1:28	ἔχειν	ἔχω	V-	-PAN----
Rom 1:28	ἐν	ἐν	P-	--------
Rom 1:28	ἐπιγνώσει	ἐπίγνωσις	N-	----DSF-
Rom 1:28	παρέδωκεν	παραδίδωμι	V-	3AAI-S--
Rom 1:28	αὐτοὺς	αὐτός	RP	----APM-
Rom 1:28	ὁ	ὁ	RA	----NSM-
Rom 1:28	θεὸς	θεός	N-	----NSM-
Rom 1:28	εἰς	εἰς	P-	--------
Rom 1:28	ἀδόκιμον	ἀδόκιμος	A-	----ASM-
Rom 1:28	νοῦν	νοῦς	N-	----ASM-
Rom 1:28	ποιεῖν	ποιέω	V-	-PAN----
Rom 1:28	τὰ	ὁ	RA	----APN-
Rom 1:28	μὴ	μή	D-	--------
Rom 1:28	καθήκοντα	καθήκω	V-	-PAPAPN-
Rom 1:29	πεπληρωμένους	πληρόω	V-	-XPPAPM-
Rom 1:29	πάσῃ	πᾶς	A-	----DSF-
Rom 1:29	ἀδικίᾳ	ἀδικία	N-	----DSF-
Rom 1:29	πονηρίᾳ	πονηρία	N-	----DSF-
Rom 1:29	πλεονεξίᾳ	πλεονεξία	N-	----DSF-
Rom 1:29	κακίᾳ	κακία	N-	----DSF-
Rom 1:29	μεστοὺς	μεστός	A-	----APM-
Rom 1:29	φθόνου	φθόνος	N-	----GSM-
Rom 1:29	φόνου	φόνος	N-	----GSM-
Rom 1:29	ἔριδος	ἔρις	N-	----GSF-
Rom 1:29	δόλου	δόλος	N-	----GSM-
Rom 1:29	κακοηθείας	κακοήθεια	N-	----GSF-
Rom 1:29	ψιθυριστάς	ψιθυριστής	N-	----APM-
Rom 1:30	καταλάλους	κατάλαλος	A-	----APM-
Rom 1:30	θεοστυγεῖς	θεοστυγής	A-	----APM-
Rom 1:30	ὑβριστάς	ὑβριστής	N-	----APM-
Rom 1:30	ὑπερηφάνους	ὑπερήφανος	A-	----APM-
Rom 1:30	ἀλαζόνας	ἀλαζών	N-	----APM-
Rom 1:30	ἐφευρετὰς	ἐφευρετής	N-	----APM-
Rom 1:30	κακῶν	κακός	A-	----GPN-
Rom 1:30	γονεῦσιν	γονεύς	N-	----DPM-
Rom 1:30	ἀπειθεῖς	ἀπειθής	A-	----APM-
Rom 1:31	ἀσυνέτους	ἀσύνετος	A-	----APM-
Rom 1:31	ἀσυνθέτους	ἀσύνθετος	A-	----APM-
Rom 1:31	ἀστόργους	ἄστοργος	A-	----APM-
Rom 1:31	ἀνελεήμονας	ἀνελεήμων	A-	----APM-
Rom 1:32	οἵτινες	ὅστις	RR	----NPM-
Rom 1:32	τὸ	ὁ	RA	----ASN-
Rom 1:32	δικαίωμα	δικαίωμα	N-	----ASN-
Rom 1:32	τοῦ	ὁ	RA	----GSM-
Rom 1:32	θεοῦ	θεός	N-	----GSM-
Rom 1:32	ἐπιγνόντες	ἐπιγινώσκω	V-	-AAPNPM-
Rom 1:32	ὅτι	ὅτι	D-	--------
Rom 1:32	οἱ	ὁ	RA	----NPM-
Rom 1:32	τὰ	ὁ	RA	----APN-
Rom 1:32	τοιαῦτα	τοιοῦτος	RD	----APN-
Rom 1:32	πράσσοντες	πράσσω	V-	-PAPNPM-
Rom 1:32	ἄξιοι	ἄξιος	A-	----NPM-
Rom 1:32	θανάτου	θάνατος	N-	----GSM-
Rom 1:32	εἰσίν	εἰμί	V-	3PAI-P--
Rom 1:32	οὐ	οὐ	D-	--------
Rom 1:32	μόνον	μόνος	A-	----ASN-
Rom 1:32	αὐτὰ	αὐτός	RP	----APN-
Rom 1:32	ποιοῦσιν	ποιέω	V-	3PAI-P--
Rom 1:32	ἀλλὰ	ἀλλά	C-	--------
Rom 1:32	καὶ	καί	D-	--------
Rom 1:32	συνευδοκοῦσιν	συνευδοκέω	V-	3PAI-P--
Rom 1:32	τοῖς	ὁ	RA	----DPM-
Rom 1:32	πράσσουσιν	πράσσω	V-	-PAPDPM-
Rom 2:1	Διὸ	διό	C-	--------
Rom 2:1	ἀναπολόγητος	ἀναπολόγητος	A-	----NSM-
Rom 2:1	εἶ	εἰμί	V-	2PAI-S--
Rom 2:1	ὦ	ὦ	I-	--------
Rom 2:1	ἄνθρωπε	ἄνθρωπος	N-	----VSM-
Rom 2:1	πᾶς	πᾶς	A-	----NSM-
Rom 2:1	ὁ	ὁ	RA	----NSM-
Rom 2:1	κρίνων	κρίνω	V-	-PAPNSM-
Rom 2:1	ἐν	ἐν	P-	--------
Rom 2:1	ᾧ	ὅς	RR	----DSN-
Rom 2:1	γὰρ	γάρ	C-	--------
Rom 2:1	κρίνεις	κρίνω	V-	2PAI-S--
Rom 2:1	τὸν	ὁ	RA	----ASM-
Rom 2:1	ἕτερον	ἕτερος	A-	----ASM-
Rom 2:1	σεαυτὸν	σεαυτοῦ	RP	----ASM-
Rom 2:1	κατακρίνεις	κατακρίνω	V-	2PAI-S--
Rom 2:1	τὰ	ὁ	RA	----APN-
Rom 2:1	γὰρ	γάρ	C-	--------
Rom 2:1	αὐτὰ	αὐτός	A-	----APN-
Rom 2:1	πράσσεις	πράσσω	V-	2PAI-S--
Rom 2:1	ὁ	ὁ	RA	----NSM-
Rom 2:1	κρίνων	κρίνω	V-	-PAPNSM-
Rom 2:2	οἴδαμεν	οἶδα	V-	1XAI-P--
Rom 2:2	δὲ	δέ	C-	--------
Rom 2:2	ὅτι	ὅτι	C-	--------
Rom 2:2	τὸ	ὁ	RA	----NSN-
Rom 2:2	κρίμα	κρίμα	N-	----NSN-
Rom 2:2	τοῦ	ὁ	RA	----GSM-
Rom 2:2	θεοῦ	θεός	N-	----GSM-
Rom 2:2	ἐστιν	εἰμί	V-	3PAI-S--
Rom 2:2	κατὰ	κατά	P-	--------
Rom 2:2	ἀλήθειαν	ἀλήθεια	N-	----ASF-
Rom 2:2	ἐπὶ	ἐπί	P-	--------
Rom 2:2	τοὺς	ὁ	RA	----APM-
Rom 2:2	τὰ	ὁ	RA	----APN-
Rom 2:2	τοιαῦτα	τοιοῦτος	RD	----APN-
Rom 2:2	πράσσοντας	πράσσω	V-	-PAPAPM-
Rom 2:3	λογίζῃ	λογίζομαι	V-	2PMI-S--
Rom 2:3	δὲ	δέ	C-	--------
Rom 2:3	τοῦτο	οὗτος	RD	----ASN-
Rom 2:3	ὦ	ὦ	I-	--------
Rom 2:3	ἄνθρωπε	ἄνθρωπος	N-	----VSM-
Rom 2:3	ὁ	ὁ	RA	----NSM-
Rom 2:3	κρίνων	κρίνω	V-	-PAPNSM-
Rom 2:3	τοὺς	ὁ	RA	----APM-
Rom 2:3	τὰ	ὁ	RA	----APN-
Rom 2:3	τοιαῦτα	τοιοῦτος	RD	----APN-
Rom 2:3	πράσσοντας	πράσσω	V-	-PAPAPM-
Rom 2:3	καὶ	καί	C-	--------
Rom 2:3	ποιῶν	ποιέω	V-	-PAPNSM-
Rom 2:3	αὐτά	αὐτός	RP	----APN-
Rom 2:3	ὅτι	ὅτι	D-	--------
Rom 2:3	σὺ	σύ	RP	----NS--
Rom 2:3	ἐκφεύξῃ	ἐκφεύγω	V-	2FMI-S--
Rom 2:3	τὸ	ὁ	RA	----ASN-
Rom 2:3	κρίμα	κρίμα	N-	----ASN-
Rom 2:3	τοῦ	ὁ	RA	----GSM-
Rom 2:3	θεοῦ	θεός	N-	----GSM-
Rom 2:4	ἢ	ἤ	C-	--------
Rom 2:4	τοῦ	ὁ	RA	----GSM-
Rom 2:4	πλούτου	πλοῦτος	N-	----GSM-
Rom 2:4	τῆς	ὁ	RA	----GSF-
Rom 2:4	χρηστότητος	χρηστότης	N-	----GSF-
Rom 2:4	αὐτοῦ	αὐτός	RP	----GSM-
Rom 2:4	καὶ	καί	C-	--------
Rom 2:4	τῆς	ὁ	RA	----GSF-
Rom 2:4	ἀνοχῆς	ἀνοχή	N-	----GSF-
Rom 2:4	καὶ	καί	C-	--------
Rom 2:4	τῆς	ὁ	RA	----GSF-
Rom 2:4	μακροθυμίας	μακροθυμία	N-	----GSF-
Rom 2:4	καταφρονεῖς	καταφρονέω	V-	2PAI-S--
Rom 2:4	ἀγνοῶν	ἀγνοέω	V-	-PAPNSM-
Rom 2:4	ὅτι	ὅτι	C-	--------
Rom 2:4	τὸ	ὁ	RA	----NSN-
Rom 2:4	χρηστὸν	χρηστός	A-	----NSN-
Rom 2:4	τοῦ	ὁ	RA	----GSM-
Rom 2:4	θεοῦ	θεός	N-	----GSM-
Rom 2:4	εἰς	εἰς	P-	--------
Rom 2:4	μετάνοιάν	μετάνοια	N-	----ASF-
Rom 2:4	σε	σύ	RP	----AS--
Rom 2:4	ἄγει	ἄγω	V-	3PAI-S--
Rom 2:5	κατὰ	κατά	P-	--------
Rom 2:5	δὲ	δέ	C-	--------
Rom 2:5	τὴν	ὁ	RA	----ASF-
Rom 2:5	σκληρότητά	σκληρότης	N-	----ASF-
Rom 2:5	σου	σύ	RP	----GS--
Rom 2:5	καὶ	καί	C-	--------
Rom 2:5	ἀμετανόητον	ἀμετανόητος	A-	----ASF-
Rom 2:5	καρδίαν	καρδία	N-	----ASF-
Rom 2:5	θησαυρίζεις	θησαυρίζω	V-	2PAI-S--
Rom 2:5	σεαυτῷ	σεαυτοῦ	RP	----DSM-
Rom 2:5	ὀργὴν	ὀργή	N-	----ASF-
Rom 2:5	ἐν	ἐν	P-	--------
Rom 2:5	ἡμέρᾳ	ἡμέρα	N-	----DSF-
Rom 2:5	ὀργῆς	ὀργή	N-	----GSF-
Rom 2:5	καὶ	καί	C-	--------
Rom 2:5	ἀποκαλύψεως	ἀποκάλυψις	N-	----GSF-
Rom 2:5	δικαιοκρισίας	δικαιοκρισία	N-	----GSF-
Rom 2:5	τοῦ	ὁ	RA	----GSM-
Rom 2:5	θεοῦ	θεός	N-	----GSM-
Rom 2:6	ὃς	ὅς	RR	----NSM-
Rom 2:6	ἀποδώσει	ἀποδίδωμι	V-	3FAI-S--
Rom 2:6	ἑκάστῳ	ἕκαστος	A-	----DSM-
Rom 2:6	κατὰ	κατά	P-	--------
Rom 2:6	τὰ	ὁ	RA	----APN-
Rom 2:6	ἔργα	ἔργον	N-	----APN-
Rom 2:6	αὐτοῦ	αὐτός	RP	----GSM-
Rom 2:7	τοῖς	ὁ	RA	----DPM-
Rom 2:7	μὲν	μέν	C-	--------
Rom 2:7	καθ’	κατά	P-	--------
Rom 2:7	ὑπομονὴν	ὑπομονή	N-	----ASF-
Rom 2:7	ἔργου	ἔργον	N-	----GSN-
Rom 2:7	ἀγαθοῦ	ἀγαθός	A-	----GSN-
Rom 2:7	δόξαν	δόξα	N-	----ASF-
Rom 2:7	καὶ	καί	C-	--------
Rom 2:7	τιμὴν	τιμή	N-	----ASF-
Rom 2:7	καὶ	καί	C-	--------
Rom 2:7	ἀφθαρσίαν	ἀφθαρσία	N-	----ASF-
Rom 2:7	ζητοῦσιν	ζητέω	V-	-PAPDPM-
Rom 2:7	ζωὴν	ζωή	N-	----ASF-
Rom 2:7	αἰώνιον	αἰώνιος	A-	----ASF-
Rom 2:8	τοῖς	ὁ	RA	----DPM-
Rom 2:8	δὲ	δέ	C-	--------
Rom 2:8	ἐξ	ἐκ	P-	--------
Rom 2:8	ἐριθείας	ἐριθεία	N-	----GSF-
Rom 2:8	καὶ	καί	C-	--------
Rom 2:8	ἀπειθοῦσι	ἀπειθέω	V-	-PAPDPM-
Rom 2:8	τῇ	ὁ	RA	----DSF-
Rom 2:8	ἀληθείᾳ	ἀλήθεια	N-	----DSF-
Rom 2:8	πειθομένοις	πείθω	V-	-PPPDPM-
Rom 2:8	δὲ	δέ	C-	--------
Rom 2:8	τῇ	ὁ	RA	----DSF-
Rom 2:8	ἀδικίᾳ	ἀδικία	N-	----DSF-
Rom 2:8	ὀργὴ	ὀργή	N-	----NSF-
Rom 2:8	καὶ	καί	C-	--------
Rom 2:8	θυμός	θυμός	N-	----NSM-
Rom 2:9	θλῖψις	θλῖψις	N-	----NSF-
Rom 2:9	καὶ	καί	C-	--------
Rom 2:9	στενοχωρία	στενοχωρία	N-	----NSF-
Rom 2:9	ἐπὶ	ἐπί	P-	--------
Rom 2:9	πᾶσαν	πᾶς	A-	----ASF-
Rom 2:9	ψυχὴν	ψυχή	N-	----ASF-
Rom 2:9	ἀνθρώπου	ἄνθρωπος	N-	----GSM-
Rom 2:9	τοῦ	ὁ	RA	----GSM-
Rom 2:9	κατεργαζομένου	κατεργάζομαι	V-	-PMPGSM-
Rom 2:9	τὸ	ὁ	RA	----ASN-
Rom 2:9	κακόν	κακός	A-	----ASN-
Rom 2:9	Ἰουδαίου	Ἰουδαῖος	A-	----GSM-
Rom 2:9	τε	τέ	C-	--------
Rom 2:9	πρῶτον	πρῶτος	A-	----ASN-
Rom 2:9	καὶ	καί	C-	--------
Rom 2:9	Ἕλληνος	Ἕλλην	N-	----GSM-
Rom 2:10	δόξα	δόξα	N-	----NSF-
Rom 2:10	δὲ	δέ	C-	--------
Rom 2:10	καὶ	καί	C-	--------
Rom 2:10	τιμὴ	τιμή	N-	----NSF-
Rom 2:10	καὶ	καί	C-	--------
Rom 2:10	εἰρήνη	εἰρήνη	N-	----NSF-
Rom 2:10	παντὶ	πᾶς	A-	----DSM-
Rom 2:10	τῷ	ὁ	RA	----DSM-
Rom 2:10	ἐργαζομένῳ	ἐργάζομαι	V-	-PMPDSM-
Rom 2:10	τὸ	ὁ	RA	----ASN-
Rom 2:10	ἀγαθόν	ἀγαθός	A-	----ASN-
Rom 2:10	Ἰουδαίῳ	Ἰουδαῖος	A-	----DSM-
Rom 2:10	τε	τέ	C-	--------
Rom 2:10	πρῶτον	πρῶτος	A-	----ASN-
Rom 2:10	καὶ	καί	C-	--------
Rom 2:10	Ἕλληνι	Ἕλλην	N-	----DSM-
Rom 2:11	οὐ	οὐ	D-	--------
Rom 2:11	γάρ	γάρ	C-	--------
Rom 2:11	ἐστιν	εἰμί	V-	3PAI-S--
Rom 2:11	προσωπολημψία	προσωπολημψία	N-	----NSF-
Rom 2:11	παρὰ	παρά	P-	--------
Rom 2:11	τῷ	ὁ	RA	----DSM-
Rom 2:11	θεῷ	θεός	N-	----DSM-
Rom 2:12	Ὅσοι	ὅσος	RR	----NPM-
Rom 2:12	γὰρ	γάρ	C-	--------
Rom 2:12	ἀνόμως	ἀνόμως	D-	--------
Rom 2:12	ἥμαρτον	ἁμαρτάνω	V-	3AAI-P--
Rom 2:12	ἀνόμως	ἀνόμως	D-	--------
Rom 2:12	καὶ	καί	D-	--------
Rom 2:12	ἀπολοῦνται	ἀπόλλυμι	V-	3FMI-P--
Rom 2:12	καὶ	καί	C-	--------
Rom 2:12	ὅσοι	ὅσος	RR	----NPM-
Rom 2:12	ἐν	ἐν	P-	--------
Rom 2:12	νόμῳ	νόμος	N-	----DSM-
Rom 2:12	ἥμαρτον	ἁμαρτάνω	V-	3AAI-P--
Rom 2:12	διὰ	διά	P-	--------
Rom 2:12	νόμου	νόμος	N-	----GSM-
Rom 2:12	κριθήσονται	κρίνω	V-	3FPI-P--
Rom 2:13	οὐ	οὐ	D-	--------
Rom 2:13	γὰρ	γάρ	C-	--------
Rom 2:13	οἱ	ὁ	RA	----NPM-
Rom 2:13	ἀκροαταὶ	ἀκροατής	N-	----NPM-
Rom 2:13	νόμου	νόμος	N-	----GSM-
Rom 2:13	δίκαιοι	δίκαιος	A-	----NPM-
Rom 2:13	παρὰ	παρά	P-	--------
Rom 2:13	τῷ	ὁ	RA	----DSM-
Rom 2:13	θεῷ	θεός	N-	----DSM-
Rom 2:13	ἀλλ’	ἀλλά	C-	--------
Rom 2:13	οἱ	ὁ	RA	----NPM-
Rom 2:13	ποιηταὶ	ποιητής	N-	----NPM-
Rom 2:13	νόμου	νόμος	N-	----GSM-
Rom 2:13	δικαιωθήσονται	δικαιόω	V-	3FPI-P--
Rom 2:14	ὅταν	ὅταν	C-	--------
Rom 2:14	γὰρ	γάρ	C-	--------
Rom 2:14	ἔθνη	ἔθνος	N-	----NPN-
Rom 2:14	τὰ	ὁ	RA	----NPN-
Rom 2:14	μὴ	μή	D-	--------
Rom 2:14	νόμον	νόμος	N-	----ASM-
Rom 2:14	ἔχοντα	ἔχω	V-	-PAPNPN-
Rom 2:14	φύσει	φύσις	N-	----DSF-
Rom 2:14	τὰ	ὁ	RA	----APN-
Rom 2:14	τοῦ	ὁ	RA	----GSM-
Rom 2:14	νόμου	νόμος	N-	----GSM-
Rom 2:14	ποιῶσιν	ποιέω	V-	3PAS-P--
Rom 2:14	οὗτοι	οὗτος	RD	----NPM-
Rom 2:14	νόμον	νόμος	N-	----ASM-
Rom 2:14	μὴ	μή	D-	--------
Rom 2:14	ἔχοντες	ἔχω	V-	-PAPNPM-
Rom 2:14	ἑαυτοῖς	ἑαυτοῦ	RP	----DPM-
Rom 2:14	εἰσιν	εἰμί	V-	3PAI-P--
Rom 2:14	νόμος	νόμος	N-	----NSM-
Rom 2:15	οἵτινες	ὅστις	RR	----NPM-
Rom 2:15	ἐνδείκνυνται	ἐνδείκνυμι	V-	3PMI-P--
Rom 2:15	τὸ	ὁ	RA	----ASN-
Rom 2:15	ἔργον	ἔργον	N-	----ASN-
Rom 2:15	τοῦ	ὁ	RA	----GSM-
Rom 2:15	νόμου	νόμος	N-	----GSM-
Rom 2:15	γραπτὸν	γραπτός	A-	----ASN-
Rom 2:15	ἐν	ἐν	P-	--------
Rom 2:15	ταῖς	ὁ	RA	----DPF-
Rom 2:15	καρδίαις	καρδία	N-	----DPF-
Rom 2:15	αὐτῶν	αὐτός	RP	----GPM-
Rom 2:15	συμμαρτυρούσης	συμμαρτυρέω	V-	-PAPGSF-
Rom 2:15	αὐτῶν	αὐτός	RP	----GPM-
Rom 2:15	τῆς	ὁ	RA	----GSF-
Rom 2:15	συνειδήσεως	συνείδησις	N-	----GSF-
Rom 2:15	καὶ	καί	C-	--------
Rom 2:15	μεταξὺ	μεταξύ	P-	--------
Rom 2:15	ἀλλήλων	ἀλλήλων	RP	----GPM-
Rom 2:15	τῶν	ὁ	RA	----GPM-
Rom 2:15	λογισμῶν	λογισμός	N-	----GPM-
Rom 2:15	κατηγορούντων	κατηγορέω	V-	-PAPGPM-
Rom 2:15	ἢ	ἤ	C-	--------
Rom 2:15	καὶ	καί	D-	--------
Rom 2:15	ἀπολογουμένων	ἀπολογέομαι	V-	-PMPGPM-
Rom 2:16	ἐν	ἐν	P-	--------
Rom 2:16	ἡμέρᾳ	ἡμέρα	N-	----DSF-
Rom 2:16	ὅτε	ὅτε	D-	--------
Rom 2:16	κρίνει	κρίνω	V-	3PAI-S--
Rom 2:16	ὁ	ὁ	RA	----NSM-
Rom 2:16	θεὸς	θεός	N-	----NSM-
Rom 2:16	τὰ	ὁ	RA	----APN-
Rom 2:16	κρυπτὰ	κρυπτός	A-	----APN-
Rom 2:16	τῶν	ὁ	RA	----GPM-
Rom 2:16	ἀνθρώπων	ἄνθρωπος	N-	----GPM-
Rom 2:16	κατὰ	κατά	P-	--------
Rom 2:16	τὸ	ὁ	RA	----ASN-
Rom 2:16	εὐαγγέλιόν	εὐαγγέλιον	N-	----ASN-
Rom 2:16	μου	ἐγώ	RP	----GS--
Rom 2:16	διὰ	διά	P-	--------
Rom 2:16	Χριστοῦ	Χριστός	N-	----GSM-
Rom 2:16	Ἰησοῦ	Ἰησοῦς	N-	----GSM-
Rom 2:17	Εἰ	εἰ	C-	--------
Rom 2:17	δὲ	δέ	C-	--------
Rom 2:17	σὺ	σύ	RP	----NS--
Rom 2:17	Ἰουδαῖος	Ἰουδαῖος	A-	----NSM-
Rom 2:17	ἐπονομάζῃ	ἐπονομάζομαι	V-	2PMI-S--
Rom 2:17	καὶ	καί	C-	--------
Rom 2:17	ἐπαναπαύῃ	ἐπαναπαύομαι	V-	2PMI-S--
Rom 2:17	νόμῳ	νόμος	N-	----DSM-
Rom 2:17	καὶ	καί	C-	--------
Rom 2:17	καυχᾶσαι	καυχάομαι	V-	2PMI-S--
Rom 2:17	ἐν	ἐν	P-	--------
Rom 2:17	θεῷ	θεός	N-	----DSM-
Rom 2:18	καὶ	καί	C-	--------
Rom 2:18	γινώσκεις	γινώσκω	V-	2PAI-S--
Rom 2:18	τὸ	ὁ	RA	----ASN-
Rom 2:18	θέλημα	θέλημα	N-	----ASN-
Rom 2:18	καὶ	καί	C-	--------
Rom 2:18	δοκιμάζεις	δοκιμάζω	V-	2PAI-S--
Rom 2:18	τὰ	ὁ	RA	----APN-
Rom 2:18	διαφέροντα	διαφέρω	V-	-PAPAPN-
Rom 2:18	κατηχούμενος	κατηχέω	V-	-PPPNSM-
Rom 2:18	ἐκ	ἐκ	P-	--------
Rom 2:18	τοῦ	ὁ	RA	----GSM-
Rom 2:18	νόμου	νόμος	N-	----GSM-
Rom 2:19	πέποιθάς	πείθω	V-	2XAI-S--
Rom 2:19	τε	τέ	C-	--------
Rom 2:19	σεαυτὸν	σεαυτοῦ	RP	----ASM-
Rom 2:19	ὁδηγὸν	ὁδηγός	N-	----ASM-
Rom 2:19	εἶναι	εἰμί	V-	-PAN----
Rom 2:19	τυφλῶν	τυφλός	A-	----GPM-
Rom 2:19	φῶς	φῶς	N-	----ASN-
Rom 2:19	τῶν	ὁ	RA	----GPM-
Rom 2:19	ἐν	ἐν	P-	--------
Rom 2:19	σκότει	σκότος	N-	----DSN-
Rom 2:20	παιδευτὴν	παιδευτής	N-	----ASM-
Rom 2:20	ἀφρόνων	ἄφρων	A-	----GPM-
Rom 2:20	διδάσκαλον	διδάσκαλος	N-	----ASM-
Rom 2:20	νηπίων	νήπιος	A-	----GPM-
Rom 2:20	ἔχοντα	ἔχω	V-	-PAPASM-
Rom 2:20	τὴν	ὁ	RA	----ASF-
Rom 2:20	μόρφωσιν	μόρφωσις	N-	----ASF-
Rom 2:20	τῆς	ὁ	RA	----GSF-
Rom 2:20	γνώσεως	γνῶσις	N-	----GSF-
Rom 2:20	καὶ	καί	C-	--------
Rom 2:20	τῆς	ὁ	RA	----GSF-
Rom 2:20	ἀληθείας	ἀλήθεια	N-	----GSF-
Rom 2:20	ἐν	ἐν	P-	--------
Rom 2:20	τῷ	ὁ	RA	----DSM-
Rom 2:20	νόμῳ	νόμος	N-	----DSM-
Rom 2:21	ὁ	ὁ	RA	----NSM-
Rom 2:21	οὖν	οὖν	C-	--------
Rom 2:21	διδάσκων	διδάσκω	V-	-PAPNSM-
Rom 2:21	ἕτερον	ἕτερος	A-	----ASM-
Rom 2:21	σεαυτὸν	σεαυτοῦ	RP	----ASM-
Rom 2:21	οὐ	οὐ	D-	--------
Rom 2:21	διδάσκεις	διδάσκω	V-	2PAI-S--
Rom 2:21	ὁ	ὁ	RA	----NSM-
Rom 2:21	κηρύσσων	κηρύσσω	V-	-PAPNSM-
Rom 2:21	μὴ	μή	D-	--------
Rom 2:21	κλέπτειν	κλέπτω	V-	-PAN----
Rom 2:21	κλέπτεις	κλέπτω	V-	2PAI-S--
Rom 2:22	ὁ	ὁ	RA	----NSM-
Rom 2:22	λέγων	λέγω	V-	-PAPNSM-
Rom 2:22	μὴ	μή	D-	--------
Rom 2:22	μοιχεύειν	μοιχεύω	V-	-PAN----
Rom 2:22	μοιχεύεις	μοιχεύω	V-	2PAI-S--
Rom 2:22	ὁ	ὁ	RA	----NSM-
Rom 2:22	βδελυσσόμενος	βδελύσσομαι	V-	-PMPNSM-
Rom 2:22	τὰ	ὁ	RA	----APN-
Rom 2:22	εἴδωλα	εἴδωλον	N-	----APN-
Rom 2:22	ἱεροσυλεῖς	ἱεροσυλέω	V-	2PAI-S--
Rom 2:23	ὃς	ὅς	RR	----NSM-
Rom 2:23	ἐν	ἐν	P-	--------
Rom 2:23	νόμῳ	νόμος	N-	----DSM-
Rom 2:23	καυχᾶσαι	καυχάομαι	V-	2PMI-S--
Rom 2:23	διὰ	διά	P-	--------
Rom 2:23	τῆς	ὁ	RA	----GSF-
Rom 2:23	παραβάσεως	παράβασις	N-	----GSF-
Rom 2:23	τοῦ	ὁ	RA	----GSM-
Rom 2:23	νόμου	νόμος	N-	----GSM-
Rom 2:23	τὸν	ὁ	RA	----ASM-
Rom 2:23	θεὸν	θεός	N-	----ASM-
Rom 2:23	ἀτιμάζεις	ἀτιμάζω	V-	2PAI-S--
Rom 2:24	τὸ	ὁ	RA	----NSN-
Rom 2:24	γὰρ	γάρ	C-	--------
Rom 2:24	ὄνομα	ὄνομα	N-	----NSN-
Rom 2:24	τοῦ	ὁ	RA	----GSM-
Rom 2:24	θεοῦ	θεός	N-	----GSM-
Rom 2:24	δι’	διά	P-	--------
Rom 2:24	ὑμᾶς	σύ	RP	----AP--
Rom 2:24	βλασφημεῖται	βλασφημέω	V-	3PPI-S--
Rom 2:24	ἐν	ἐν	P-	--------
Rom 2:24	τοῖς	ὁ	RA	----DPN-
Rom 2:24	ἔθνεσιν	ἔθνος	N-	----DPN-
Rom 2:24	καθὼς	καθώς	C-	--------
Rom 2:24	γέγραπται	γράφω	V-	3XPI-S--
Rom 2:25	Περιτομὴ	περιτομή	N-	----NSF-
Rom 2:25	μὲν	μέν	C-	--------
Rom 2:25	γὰρ	γάρ	C-	--------
Rom 2:25	ὠφελεῖ	ὠφελέω	V-	3PAI-S--
Rom 2:25	ἐὰν	ἐάν	C-	--------
Rom 2:25	νόμον	νόμος	N-	----ASM-
Rom 2:25	πράσσῃς	πράσσω	V-	2PAS-S--
Rom 2:25	ἐὰν	ἐάν	C-	--------
Rom 2:25	δὲ	δέ	C-	--------
Rom 2:25	παραβάτης	παραβάτης	N-	----NSM-
Rom 2:25	νόμου	νόμος	N-	----GSM-
Rom 2:25	ᾖς	εἰμί	V-	2PAS-S--
Rom 2:25	ἡ	ὁ	RA	----NSF-
Rom 2:25	περιτομή	περιτομή	N-	----NSF-
Rom 2:25	σου	σύ	RP	----GS--
Rom 2:25	ἀκροβυστία	ἀκροβυστία	N-	----NSF-
Rom 2:25	γέγονεν	γίνομαι	V-	3XAI-S--
Rom 2:26	ἐὰν	ἐάν	C-	--------
Rom 2:26	οὖν	οὖν	C-	--------
Rom 2:26	ἡ	ὁ	RA	----NSF-
Rom 2:26	ἀκροβυστία	ἀκροβυστία	N-	----NSF-
Rom 2:26	τὰ	ὁ	RA	----APN-
Rom 2:26	δικαιώματα	δικαίωμα	N-	----APN-
Rom 2:26	τοῦ	ὁ	RA	----GSM-
Rom 2:26	νόμου	νόμος	N-	----GSM-
Rom 2:26	φυλάσσῃ	φυλάσσω	V-	3PAS-S--
Rom 2:26	οὐχ	οὐ	X-	--------
Rom 2:26	ἡ	ὁ	RA	----NSF-
Rom 2:26	ἀκροβυστία	ἀκροβυστία	N-	----NSF-
Rom 2:26	αὐτοῦ	αὐτός	RP	----GSM-
Rom 2:26	εἰς	εἰς	P-	--------
Rom 2:26	περιτομὴν	περιτομή	N-	----ASF-
Rom 2:26	λογισθήσεται	λογίζομαι	V-	3FPI-S--
Rom 2:27	καὶ	καί	C-	--------
Rom 2:27	κρινεῖ	κρίνω	V-	3FAI-S--
Rom 2:27	ἡ	ὁ	RA	----NSF-
Rom 2:27	ἐκ	ἐκ	P-	--------
Rom 2:27	φύσεως	φύσις	N-	----GSF-
Rom 2:27	ἀκροβυστία	ἀκροβυστία	N-	----NSF-
Rom 2:27	τὸν	ὁ	RA	----ASM-
Rom 2:27	νόμον	νόμος	N-	----ASM-
Rom 2:27	τελοῦσα	τελέω	V-	-PAPNSF-
Rom 2:27	σὲ	σύ	RP	----AS--
Rom 2:27	τὸν	ὁ	RA	----ASM-
Rom 2:27	διὰ	διά	P-	--------
Rom 2:27	γράμματος	γράμμα	N-	----GSN-
Rom 2:27	καὶ	καί	C-	--------
Rom 2:27	περιτομῆς	περιτομή	N-	----GSF-
Rom 2:27	παραβάτην	παραβάτης	N-	----ASM-
Rom 2:27	νόμου	νόμος	N-	----GSM-
Rom 2:28	οὐ	οὐ	D-	--------
Rom 2:28	γὰρ	γάρ	C-	--------
Rom 2:28	ὁ	ὁ	RA	----NSM-
Rom 2:28	ἐν	ἐν	P-	--------
Rom 2:28	τῷ	ὁ	RA	----DSN-
Rom 2:28	φανερῷ	φανερός	A-	----DSN-
Rom 2:28	Ἰουδαῖός	Ἰουδαῖος	A-	----NSM-
Rom 2:28	ἐστιν	εἰμί	V-	3PAI-S--
Rom 2:28	οὐδὲ	οὐδέ	C-	--------
Rom 2:28	ἡ	ὁ	RA	----NSF-
Rom 2:28	ἐν	ἐν	P-	--------
Rom 2:28	τῷ	ὁ	RA	----DSN-
Rom 2:28	φανερῷ	φανερός	A-	----DSN-
Rom 2:28	ἐν	ἐν	P-	--------
Rom 2:28	σαρκὶ	σάρξ	N-	----DSF-
Rom 2:28	περιτομή	περιτομή	N-	----NSF-
Rom 2:29	ἀλλ’	ἀλλά	C-	--------
Rom 2:29	ὁ	ὁ	RA	----NSM-
Rom 2:29	ἐν	ἐν	P-	--------
Rom 2:29	τῷ	ὁ	RA	----DSN-
Rom 2:29	κρυπτῷ	κρυπτός	A-	----DSN-
Rom 2:29	Ἰουδαῖος	Ἰουδαῖος	A-	----NSM-
Rom 2:29	καὶ	καί	C-	--------
Rom 2:29	περιτομὴ	περιτομή	N-	----NSF-
Rom 2:29	καρδίας	καρδία	N-	----GSF-
Rom 2:29	ἐν	ἐν	P-	--------
Rom 2:29	πνεύματι	πνεῦμα	N-	----DSN-
Rom 2:29	οὐ	οὐ	D-	--------
Rom 2:29	γράμματι	γράμμα	N-	----DSN-
Rom 2:29	οὗ	ὅς	RR	----GSM-
Rom 2:29	ὁ	ὁ	RA	----NSM-
Rom 2:29	ἔπαινος	ἔπαινος	N-	----NSM-
Rom 2:29	οὐκ	οὐ	D-	--------
Rom 2:29	ἐξ	ἐκ	P-	--------
Rom 2:29	ἀνθρώπων	ἄνθρωπος	N-	----GPM-
Rom 2:29	ἀλλ’	ἀλλά	C-	--------
Rom 2:29	ἐκ	ἐκ	P-	--------
Rom 2:29	τοῦ	ὁ	RA	----GSM-
Rom 2:29	θεοῦ	θεός	N-	----GSM-
Rom 3:1	Τί	τίς	RI	----NSN-
Rom 3:1	οὖν	οὖν	C-	--------
Rom 3:1	τὸ	ὁ	RA	----NSN-
Rom 3:1	περισσὸν	περισσός	A-	----NSN-
Rom 3:1	τοῦ	ὁ	RA	----GSM-
Rom 3:1	Ἰουδαίου	Ἰουδαῖος	A-	----GSM-
Rom 3:1	ἢ	ἤ	C-	--------
Rom 3:1	τίς	τίς	RI	----NSF-
Rom 3:1	ἡ	ὁ	RA	----NSF-
Rom 3:1	ὠφέλεια	ὠφέλεια	N-	----NSF-
Rom 3:1	τῆς	ὁ	RA	----GSF-
Rom 3:1	περιτομῆς	περιτομή	N-	----GSF-
Rom 3:2	πολὺ	πολύς	A-	----NSN-
Rom 3:2	κατὰ	κατά	P-	--------
Rom 3:2	πάντα	πᾶς	A-	----ASM-
Rom 3:2	τρόπον	τρόπος	N-	----ASM-
Rom 3:2	πρῶτον	πρῶτος	A-	----ASN-
Rom 3:2	μὲν	μέν	X-	--------
Rom 3:2	γὰρ	γάρ	C-	--------
Rom 3:2	ὅτι	ὅτι	C-	--------
Rom 3:2	ἐπιστεύθησαν	πιστεύω	V-	3API-P--
Rom 3:2	τὰ	ὁ	RA	----APN-
Rom 3:2	λόγια	λόγιον	N-	----APN-
Rom 3:2	τοῦ	ὁ	RA	----GSM-
Rom 3:2	θεοῦ	θεός	N-	----GSM-
Rom 3:3	τί	τίς	RI	----NSN-
Rom 3:3	γάρ	γάρ	C-	--------
Rom 3:3	εἰ	εἰ	C-	--------
Rom 3:3	ἠπίστησάν	ἀπιστέω	V-	3AAI-P--
Rom 3:3	τινες	τις	RI	----NPM-
Rom 3:3	μὴ	μή	X-	--------
Rom 3:3	ἡ	ὁ	RA	----NSF-
Rom 3:3	ἀπιστία	ἀπιστία	N-	----NSF-
Rom 3:3	αὐτῶν	αὐτός	RP	----GPM-
Rom 3:3	τὴν	ὁ	RA	----ASF-
Rom 3:3	πίστιν	πίστις	N-	----ASF-
Rom 3:3	τοῦ	ὁ	RA	----GSM-
Rom 3:3	θεοῦ	θεός	N-	----GSM-
Rom 3:3	καταργήσει	καταργέω	V-	3FAI-S--
Rom 3:4	μὴ	μή	D-	--------
Rom 3:4	γένοιτο	γίνομαι	V-	3AMO-S--
Rom 3:4	γινέσθω	γίνομαι	V-	3PMD-S--
Rom 3:4	δὲ	δέ	C-	--------
Rom 3:4	ὁ	ὁ	RA	----NSM-
Rom 3:4	θεὸς	θεός	N-	----NSM-
Rom 3:4	ἀληθής	ἀληθής	A-	----NSM-
Rom 3:4	πᾶς	πᾶς	A-	----NSM-
Rom 3:4	δὲ	δέ	C-	--------
Rom 3:4	ἄνθρωπος	ἄνθρωπος	N-	----NSM-
Rom 3:4	ψεύστης	ψεύστης	N-	----NSM-
Rom 3:4	καθὼς	καθώς	C-	--------
Rom 3:4	γέγραπται	γράφω	V-	3XPI-S--
Rom 3:4	Ὅπως	ὅπως	C-	--------
Rom 3:4	ἂν	ἄν	X-	--------
Rom 3:4	δικαιωθῇς	δικαιόω	V-	2APS-S--
Rom 3:4	ἐν	ἐν	P-	--------
Rom 3:4	τοῖς	ὁ	RA	----DPM-
Rom 3:4	λόγοις	λόγος	N-	----DPM-
Rom 3:4	σου	σύ	RP	----GS--
Rom 3:4	καὶ	καί	C-	--------
Rom 3:4	νικήσεις	νικάω	V-	2FAI-S--
Rom 3:4	ἐν	ἐν	P-	--------
Rom 3:4	τῷ	ὁ	RA	----DSN-
Rom 3:4	κρίνεσθαί	κρίνω	V-	-PPN----
Rom 3:4	σε	σύ	RP	----AS--
Rom 3:5	εἰ	εἰ	C-	--------
Rom 3:5	δὲ	δέ	C-	--------
Rom 3:5	ἡ	ὁ	RA	----NSF-
Rom 3:5	ἀδικία	ἀδικία	N-	----NSF-
Rom 3:5	ἡμῶν	ἐγώ	RP	----GP--
Rom 3:5	θεοῦ	θεός	N-	----GSM-
Rom 3:5	δικαιοσύνην	δικαιοσύνη	N-	----ASF-
Rom 3:5	συνίστησιν	συνίστημι	V-	3PAI-S--
Rom 3:5	τί	τίς	RI	----ASN-
Rom 3:5	ἐροῦμεν	λέγω	V-	1FAI-P--
Rom 3:5	μὴ	μή	X-	--------
Rom 3:5	ἄδικος	ἄδικος	A-	----NSM-
Rom 3:5	ὁ	ὁ	RA	----NSM-
Rom 3:5	θεὸς	θεός	N-	----NSM-
Rom 3:5	ὁ	ὁ	RA	----NSM-
Rom 3:5	ἐπιφέρων	ἐπιφέρω	V-	-PAPNSM-
Rom 3:5	τὴν	ὁ	RA	----ASF-
Rom 3:5	ὀργήν	ὀργή	N-	----ASF-
Rom 3:5	κατὰ	κατά	P-	--------
Rom 3:5	ἄνθρωπον	ἄνθρωπος	N-	----ASM-
Rom 3:5	λέγω	λέγω	V-	1PAI-S--
Rom 3:6	μὴ	μή	D-	--------
Rom 3:6	γένοιτο	γίνομαι	V-	3AMO-S--
Rom 3:6	ἐπεὶ	ἐπεί	C-	--------
Rom 3:6	πῶς	πῶς	D-	--------
Rom 3:6	κρινεῖ	κρίνω	V-	3FAI-S--
Rom 3:6	ὁ	ὁ	RA	----NSM-
Rom 3:6	θεὸς	θεός	N-	----NSM-
Rom 3:6	τὸν	ὁ	RA	----ASM-
Rom 3:6	κόσμον	κόσμος	N-	----ASM-
Rom 3:7	εἰ	εἰ	C-	--------
Rom 3:7	δὲ	δέ	C-	--------
Rom 3:7	ἡ	ὁ	RA	----NSF-
Rom 3:7	ἀλήθεια	ἀλήθεια	N-	----NSF-
Rom 3:7	τοῦ	ὁ	RA	----GSM-
Rom 3:7	θεοῦ	θεός	N-	----GSM-
Rom 3:7	ἐν	ἐν	P-	--------
Rom 3:7	τῷ	ὁ	RA	----DSN-
Rom 3:7	ἐμῷ	ἐμός	A-	----DSN-
Rom 3:7	ψεύσματι	ψεῦσμα	N-	----DSN-
Rom 3:7	ἐπερίσσευσεν	περισσεύω	V-	3AAI-S--
Rom 3:7	εἰς	εἰς	P-	--------
Rom 3:7	τὴν	ὁ	RA	----ASF-
Rom 3:7	δόξαν	δόξα	N-	----ASF-
Rom 3:7	αὐτοῦ	αὐτός	RP	----GSM-
Rom 3:7	τί	τίς	RI	----ASN-
Rom 3:7	ἔτι	ἔτι	D-	--------
Rom 3:7	κἀγὼ	κἀγώ	RP	----NS--
Rom 3:7	ὡς	ὡς	C-	--------
Rom 3:7	ἁμαρτωλὸς	ἁμαρτωλός	A-	----NSM-
Rom 3:7	κρίνομαι	κρίνω	V-	1PPI-S--
Rom 3:8	καὶ	καί	C-	--------
Rom 3:8	μὴ	μή	D-	--------
Rom 3:8	καθὼς	καθώς	C-	--------
Rom 3:8	βλασφημούμεθα	βλασφημέω	V-	1PPI-P--
Rom 3:8	καὶ	καί	C-	--------
Rom 3:8	καθώς	καθώς	C-	--------
Rom 3:8	φασίν	φημί	V-	3PAI-P--
Rom 3:8	τινες	τις	RI	----NPM-
Rom 3:8	ἡμᾶς	ἐγώ	RP	----AP--
Rom 3:8	λέγειν	λέγω	V-	-PAN----
Rom 3:8	ὅτι	ὅτι	C-	--------
Rom 3:8	Ποιήσωμεν	ποιέω	V-	1AAS-P--
Rom 3:8	τὰ	ὁ	RA	----APN-
Rom 3:8	κακὰ	κακός	A-	----APN-
Rom 3:8	ἵνα	ἵνα	C-	--------
Rom 3:8	ἔλθῃ	ἔρχομαι	V-	3AAS-S--
Rom 3:8	τὰ	ὁ	RA	----NPN-
Rom 3:8	ἀγαθά	ἀγαθός	A-	----NPN-
Rom 3:8	ὧν	ὅς	RR	----GPM-
Rom 3:8	τὸ	ὁ	RA	----NSN-
Rom 3:8	κρίμα	κρίμα	N-	----NSN-
Rom 3:8	ἔνδικόν	ἔνδικος	A-	----NSN-
Rom 3:8	ἐστιν	εἰμί	V-	3PAI-S--
Rom 3:9	Τί	τίς	RI	----ASN-
Rom 3:9	οὖν	οὖν	C-	--------
Rom 3:9	προεχόμεθα	προέχομαι	V-	1PMI-P--
Rom 3:9	οὐ	οὐ	D-	--------
Rom 3:9	πάντως	πάντως	D-	--------
Rom 3:9	προῃτιασάμεθα	προαιτιάομαι	V-	1AMI-P--
Rom 3:9	γὰρ	γάρ	C-	--------
Rom 3:9	Ἰουδαίους	Ἰουδαῖος	A-	----APM-
Rom 3:9	τε	τέ	C-	--------
Rom 3:9	καὶ	καί	C-	--------
Rom 3:9	Ἕλληνας	Ἕλλην	N-	----APM-
Rom 3:9	πάντας	πᾶς	A-	----APM-
Rom 3:9	ὑφ’	ὑπό	P-	--------
Rom 3:9	ἁμαρτίαν	ἁμαρτία	N-	----ASF-
Rom 3:9	εἶναι	εἰμί	V-	-PAN----
Rom 3:10	καθὼς	καθώς	C-	--------
Rom 3:10	γέγραπται	γράφω	V-	3XPI-S--
Rom 3:10	ὅτι	ὅτι	C-	--------
Rom 3:10	Οὐκ	οὐ	D-	--------
Rom 3:10	ἔστιν	εἰμί	V-	3PAI-S--
Rom 3:10	δίκαιος	δίκαιος	A-	----NSM-
Rom 3:10	οὐδὲ	οὐδέ	D-	--------
Rom 3:10	εἷς	εἷς	A-	----NSM-
Rom 3:11	οὐκ	οὐ	D-	--------
Rom 3:11	ἔστιν	εἰμί	V-	3PAI-S--
Rom 3:11	ὁ	ὁ	RA	----NSM-
Rom 3:11	συνίων	συνίημι	V-	-PAPNSM-
Rom 3:11	οὐκ	οὐ	D-	--------
Rom 3:11	ἔστιν	εἰμί	V-	3PAI-S--
Rom 3:11	ὁ	ὁ	RA	----NSM-
Rom 3:11	ἐκζητῶν	ἐκζητέω	V-	-PAPNSM-
Rom 3:11	τὸν	ὁ	RA	----ASM-
Rom 3:11	θεόν	θεός	N-	----ASM-
Rom 3:12	πάντες	πᾶς	A-	----NPM-
Rom 3:12	ἐξέκλιναν	ἐκκλίνω	V-	3AAI-P--
Rom 3:12	ἅμα	ἅμα	D-	--------
Rom 3:12	ἠχρεώθησαν	ἀχρειόομαι	V-	3API-P--
Rom 3:12	οὐκ	οὐ	D-	--------
Rom 3:12	ἔστιν	εἰμί	V-	3PAI-S--
Rom 3:12	ποιῶν	ποιέω	V-	-PAPNSM-
Rom 3:12	χρηστότητα	χρηστότης	N-	----ASF-
Rom 3:12	οὐκ	οὐ	D-	--------
Rom 3:12	ἔστιν	εἰμί	V-	3PAI-S--
Rom 3:12	ἕως	ἕως	P-	--------
Rom 3:12	ἑνός	εἷς	A-	----GSM-
Rom 3:13	τάφος	τάφος	N-	----NSM-
Rom 3:13	ἀνεῳγμένος	ἀνοίγω	V-	-XPPNSM-
Rom 3:13	ὁ	ὁ	RA	----NSM-
Rom 3:13	λάρυγξ	λάρυγξ	N-	----NSM-
Rom 3:13	αὐτῶν	αὐτός	RP	----GPM-
Rom 3:13	ταῖς	ὁ	RA	----DPF-
Rom 3:13	γλώσσαις	γλῶσσα	N-	----DPF-
Rom 3:13	αὐτῶν	αὐτός	RP	----GPM-
Rom 3:13	ἐδολιοῦσαν	δολιόω	V-	3IAI-P--
Rom 3:13	ἰὸς	ἰός	N-	----NSM-
Rom 3:13	ἀσπίδων	ἀσπίς	N-	----GPF-
Rom 3:13	ὑπὸ	ὑπό	P-	--------
Rom 3:13	τὰ	ὁ	RA	----APN-
Rom 3:13	χείλη	χεῖλος	N-	----APN-
Rom 3:13	αὐτῶν	αὐτός	RP	----GPM-
Rom 3:14	ὧν	ὅς	RR	----GPM-
Rom 3:14	τὸ	ὁ	RA	----NSN-
Rom 3:14	στόμα	στόμα	N-	----NSN-
Rom 3:14	ἀρᾶς	ἀρά	N-	----GSF-
Rom 3:14	καὶ	καί	C-	--------
Rom 3:14	πικρίας	πικρία	N-	----GSF-
Rom 3:14	γέμει	γέμω	V-	3PAI-S--
Rom 3:15	ὀξεῖς	ὀξύς	A-	----NPM-
Rom 3:15	οἱ	ὁ	RA	----NPM-
Rom 3:15	πόδες	πούς	N-	----NPM-
Rom 3:15	αὐτῶν	αὐτός	RP	----GPM-
Rom 3:15	ἐκχέαι	ἐκχέω	V-	-AAN----
Rom 3:15	αἷμα	αἷμα	N-	----ASN-
Rom 3:16	σύντριμμα	σύντριμμα	N-	----NSN-
Rom 3:16	καὶ	καί	C-	--------
Rom 3:16	ταλαιπωρία	ταλαιπωρία	N-	----NSF-
Rom 3:16	ἐν	ἐν	P-	--------
Rom 3:16	ταῖς	ὁ	RA	----DPF-
Rom 3:16	ὁδοῖς	ὁδός	N-	----DPF-
Rom 3:16	αὐτῶν	αὐτός	RP	----GPM-
Rom 3:17	καὶ	καί	C-	--------
Rom 3:17	ὁδὸν	ὁδός	N-	----ASF-
Rom 3:17	εἰρήνης	εἰρήνη	N-	----GSF-
Rom 3:17	οὐκ	οὐ	D-	--------
Rom 3:17	ἔγνωσαν	γινώσκω	V-	3AAI-P--
Rom 3:18	οὐκ	οὐ	D-	--------
Rom 3:18	ἔστιν	εἰμί	V-	3PAI-S--
Rom 3:18	φόβος	φόβος	N-	----NSM-
Rom 3:18	θεοῦ	θεός	N-	----GSM-
Rom 3:18	ἀπέναντι	ἀπέναντι	P-	--------
Rom 3:18	τῶν	ὁ	RA	----GPM-
Rom 3:18	ὀφθαλμῶν	ὀφθαλμός	N-	----GPM-
Rom 3:18	αὐτῶν	αὐτός	RP	----GPM-
Rom 3:19	Οἴδαμεν	οἶδα	V-	1XAI-P--
Rom 3:19	δὲ	δέ	C-	--------
Rom 3:19	ὅτι	ὅτι	C-	--------
Rom 3:19	ὅσα	ὅσος	RR	----APN-
Rom 3:19	ὁ	ὁ	RA	----NSM-
Rom 3:19	νόμος	νόμος	N-	----NSM-
Rom 3:19	λέγει	λέγω	V-	3PAI-S--
Rom 3:19	τοῖς	ὁ	RA	----DPM-
Rom 3:19	ἐν	ἐν	P-	--------
Rom 3:19	τῷ	ὁ	RA	----DSM-
Rom 3:19	νόμῳ	νόμος	N-	----DSM-
Rom 3:19	λαλεῖ	λαλέω	V-	3PAI-S--
Rom 3:19	ἵνα	ἵνα	C-	--------
Rom 3:19	πᾶν	πᾶς	A-	----NSN-
Rom 3:19	στόμα	στόμα	N-	----NSN-
Rom 3:19	φραγῇ	φράσσω	V-	3APS-S--
Rom 3:19	καὶ	καί	C-	--------
Rom 3:19	ὑπόδικος	ὑπόδικος	A-	----NSM-
Rom 3:19	γένηται	γίνομαι	V-	3AMS-S--
Rom 3:19	πᾶς	πᾶς	A-	----NSM-
Rom 3:19	ὁ	ὁ	RA	----NSM-
Rom 3:19	κόσμος	κόσμος	N-	----NSM-
Rom 3:19	τῷ	ὁ	RA	----DSM-
Rom 3:19	θεῷ	θεός	N-	----DSM-
Rom 3:20	διότι	διότι	C-	--------
Rom 3:20	ἐξ	ἐκ	P-	--------
Rom 3:20	ἔργων	ἔργον	N-	----GPN-
Rom 3:20	νόμου	νόμος	N-	----GSM-
Rom 3:20	οὐ	οὐ	D-	--------
Rom 3:20	δικαιωθήσεται	δικαιόω	V-	3FPI-S--
Rom 3:20	πᾶσα	πᾶς	A-	----NSF-
Rom 3:20	σὰρξ	σάρξ	N-	----NSF-
Rom 3:20	ἐνώπιον	ἐνώπιον	P-	--------
Rom 3:20	αὐτοῦ	αὐτός	RP	----GSM-
Rom 3:20	διὰ	διά	P-	--------
Rom 3:20	γὰρ	γάρ	C-	--------
Rom 3:20	νόμου	νόμος	N-	----GSM-
Rom 3:20	ἐπίγνωσις	ἐπίγνωσις	N-	----NSF-
Rom 3:20	ἁμαρτίας	ἁμαρτία	N-	----GSF-
Rom 3:21	Νυνὶ	νυνί	D-	--------
Rom 3:21	δὲ	δέ	C-	--------
Rom 3:21	χωρὶς	χωρίς	P-	--------
Rom 3:21	νόμου	νόμος	N-	----GSM-
Rom 3:21	δικαιοσύνη	δικαιοσύνη	N-	----NSF-
Rom 3:21	θεοῦ	θεός	N-	----GSM-
Rom 3:21	πεφανέρωται	φανερόω	V-	3XPI-S--
Rom 3:21	μαρτυρουμένη	μαρτυρέω	V-	-PPPNSF-
Rom 3:21	ὑπὸ	ὑπό	P-	--------
Rom 3:21	τοῦ	ὁ	RA	----GSM-
Rom 3:21	νόμου	νόμος	N-	----GSM-
Rom 3:21	καὶ	καί	C-	--------
Rom 3:21	τῶν	ὁ	RA	----GPM-
Rom 3:21	προφητῶν	προφήτης	N-	----GPM-
Rom 3:22	δικαιοσύνη	δικαιοσύνη	N-	----NSF-
Rom 3:22	δὲ	δέ	C-	--------
Rom 3:22	θεοῦ	θεός	N-	----GSM-
Rom 3:22	διὰ	διά	P-	--------
Rom 3:22	πίστεως	πίστις	N-	----GSF-
Rom 3:22	Ἰησοῦ	Ἰησοῦς	N-	----GSM-
Rom 3:22	Χριστοῦ	Χριστός	N-	----GSM-
Rom 3:22	εἰς	εἰς	P-	--------
Rom 3:22	πάντας	πᾶς	A-	----APM-
Rom 3:22	τοὺς	ὁ	RA	----APM-
Rom 3:22	πιστεύοντας	πιστεύω	V-	-PAPAPM-
Rom 3:22	οὐ	οὐ	D-	--------
Rom 3:22	γάρ	γάρ	C-	--------
Rom 3:22	ἐστιν	εἰμί	V-	3PAI-S--
Rom 3:22	διαστολή	διαστολή	N-	----NSF-
Rom 3:23	πάντες	πᾶς	A-	----NPM-
Rom 3:23	γὰρ	γάρ	C-	--------
Rom 3:23	ἥμαρτον	ἁμαρτάνω	V-	3AAI-P--
Rom 3:23	καὶ	καί	C-	--------
Rom 3:23	ὑστεροῦνται	ὑστερέω	V-	3PPI-P--
Rom 3:23	τῆς	ὁ	RA	----GSF-
Rom 3:23	δόξης	δόξα	N-	----GSF-
Rom 3:23	τοῦ	ὁ	RA	----GSM-
Rom 3:23	θεοῦ	θεός	N-	----GSM-
Rom 3:24	δικαιούμενοι	δικαιόω	V-	-PPPNPM-
Rom 3:24	δωρεὰν	δωρεάν	D-	--------
Rom 3:24	τῇ	ὁ	RA	----DSF-
Rom 3:24	αὐτοῦ	αὐτός	RP	----GSM-
Rom 3:24	χάριτι	χάρις	N-	----DSF-
Rom 3:24	διὰ	διά	P-	--------
Rom 3:24	τῆς	ὁ	RA	----GSF-
Rom 3:24	ἀπολυτρώσεως	ἀπολύτρωσις	N-	----GSF-
Rom 3:24	τῆς	ὁ	RA	----GSF-
Rom 3:24	ἐν	ἐν	P-	--------
Rom 3:24	Χριστῷ	Χριστός	N-	----DSM-
Rom 3:24	Ἰησοῦ	Ἰησοῦς	N-	----DSM-
Rom 3:25	ὃν	ὅς	RR	----ASM-
Rom 3:25	προέθετο	προτίθεμαι	V-	3AMI-S--
Rom 3:25	ὁ	ὁ	RA	----NSM-
Rom 3:25	θεὸς	θεός	N-	----NSM-
Rom 3:25	ἱλαστήριον	ἱλαστήριον	A-	----ASN-
Rom 3:25	διὰ	διά	P-	--------
Rom 3:25	πίστεως	πίστις	N-	----GSF-
Rom 3:25	ἐν	ἐν	P-	--------
Rom 3:25	τῷ	ὁ	RA	----DSN-
Rom 3:25	αὐτοῦ	αὐτός	RP	----GSM-
Rom 3:25	αἵματι	αἷμα	N-	----DSN-
Rom 3:25	εἰς	εἰς	P-	--------
Rom 3:25	ἔνδειξιν	ἔνδειξις	N-	----ASF-
Rom 3:25	τῆς	ὁ	RA	----GSF-
Rom 3:25	δικαιοσύνης	δικαιοσύνη	N-	----GSF-
Rom 3:25	αὐτοῦ	αὐτός	RP	----GSM-
Rom 3:25	διὰ	διά	P-	--------
Rom 3:25	τὴν	ὁ	RA	----ASF-
Rom 3:25	πάρεσιν	πάρεσις	N-	----ASF-
Rom 3:25	τῶν	ὁ	RA	----GPN-
Rom 3:25	προγεγονότων	προγίνομαι	V-	-XAPGPN-
Rom 3:25	ἁμαρτημάτων	ἁμάρτημα	N-	----GPN-
Rom 3:26	ἐν	ἐν	P-	--------
Rom 3:26	τῇ	ὁ	RA	----DSF-
Rom 3:26	ἀνοχῇ	ἀνοχή	N-	----DSF-
Rom 3:26	τοῦ	ὁ	RA	----GSM-
Rom 3:26	θεοῦ	θεός	N-	----GSM-
Rom 3:26	πρὸς	πρός	P-	--------
Rom 3:26	τὴν	ὁ	RA	----ASF-
Rom 3:26	ἔνδειξιν	ἔνδειξις	N-	----ASF-
Rom 3:26	τῆς	ὁ	RA	----GSF-
Rom 3:26	δικαιοσύνης	δικαιοσύνη	N-	----GSF-
Rom 3:26	αὐτοῦ	αὐτός	RP	----GSM-
Rom 3:26	ἐν	ἐν	P-	--------
Rom 3:26	τῷ	ὁ	RA	----DSM-
Rom 3:26	νῦν	νῦν	D-	--------
Rom 3:26	καιρῷ	καιρός	N-	----DSM-
Rom 3:26	εἰς	εἰς	P-	--------
Rom 3:26	τὸ	ὁ	RA	----ASN-
Rom 3:26	εἶναι	εἰμί	V-	-PAN----
Rom 3:26	αὐτὸν	αὐτός	RP	----ASM-
Rom 3:26	δίκαιον	δίκαιος	A-	----ASM-
Rom 3:26	καὶ	καί	C-	--------
Rom 3:26	δικαιοῦντα	δικαιόω	V-	-PAPASM-
Rom 3:26	τὸν	ὁ	RA	----ASM-
Rom 3:26	ἐκ	ἐκ	P-	--------
Rom 3:26	πίστεως	πίστις	N-	----GSF-
Rom 3:26	Ἰησοῦ	Ἰησοῦς	N-	----GSM-
Rom 3:27	Ποῦ	ποῦ	D-	--------
Rom 3:27	οὖν	οὖν	C-	--------
Rom 3:27	ἡ	ὁ	RA	----NSF-
Rom 3:27	καύχησις	καύχησις	N-	----NSF-
Rom 3:27	ἐξεκλείσθη	ἐκκλείω	V-	3API-S--
Rom 3:27	διὰ	διά	P-	--------
Rom 3:27	ποίου	ποῖος	RI	----GSM-
Rom 3:27	νόμου	νόμος	N-	----GSM-
Rom 3:27	τῶν	ὁ	RA	----GPN-
Rom 3:27	ἔργων	ἔργον	N-	----GPN-
Rom 3:27	οὐχί	οὐχί	D-	--------
Rom 3:27	ἀλλὰ	ἀλλά	C-	--------
Rom 3:27	διὰ	διά	P-	--------
Rom 3:27	νόμου	νόμος	N-	----GSM-
Rom 3:27	πίστεως	πίστις	N-	----GSF-
Rom 3:28	λογιζόμεθα	λογίζομαι	V-	1PMI-P--
Rom 3:28	γὰρ	γάρ	C-	--------
Rom 3:28	δικαιοῦσθαι	δικαιόω	V-	-PPN----
Rom 3:28	πίστει	πίστις	N-	----DSF-
Rom 3:28	ἄνθρωπον	ἄνθρωπος	N-	----ASM-
Rom 3:28	χωρὶς	χωρίς	P-	--------
Rom 3:28	ἔργων	ἔργον	N-	----GPN-
Rom 3:28	νόμου	νόμος	N-	----GSM-
Rom 3:29	ἢ	ἤ	C-	--------
Rom 3:29	Ἰουδαίων	Ἰουδαῖος	A-	----GPM-
Rom 3:29	ὁ	ὁ	RA	----NSM-
Rom 3:29	θεὸς	θεός	N-	----NSM-
Rom 3:29	μόνον	μόνος	A-	----ASN-
Rom 3:29	οὐχὶ	οὐχί	X-	--------
Rom 3:29	καὶ	καί	D-	--------
Rom 3:29	ἐθνῶν	ἔθνος	N-	----GPN-
Rom 3:29	ναὶ	ναί	X-	--------
Rom 3:29	καὶ	καί	D-	--------
Rom 3:29	ἐθνῶν	ἔθνος	N-	----GPN-
Rom 3:30	εἴπερ	εἴπερ	C-	--------
Rom 3:30	εἷς	εἷς	A-	----NSM-
Rom 3:30	ὁ	ὁ	RA	----NSM-
Rom 3:30	θεός	θεός	N-	----NSM-
Rom 3:30	ὃς	ὅς	RR	----NSM-
Rom 3:30	δικαιώσει	δικαιόω	V-	3FAI-S--
Rom 3:30	περιτομὴν	περιτομή	N-	----ASF-
Rom 3:30	ἐκ	ἐκ	P-	--------
Rom 3:30	πίστεως	πίστις	N-	----GSF-
Rom 3:30	καὶ	καί	C-	--------
Rom 3:30	ἀκροβυστίαν	ἀκροβυστία	N-	----ASF-
Rom 3:30	διὰ	διά	P-	--------
Rom 3:30	τῆς	ὁ	RA	----GSF-
Rom 3:30	πίστεως	πίστις	N-	----GSF-
Rom 3:31	νόμον	νόμος	N-	----ASM-
Rom 3:31	οὖν	οὖν	C-	--------
Rom 3:31	καταργοῦμεν	καταργέω	V-	1PAI-P--
Rom 3:31	διὰ	διά	P-	--------
Rom 3:31	τῆς	ὁ	RA	----GSF-
Rom 3:31	πίστεως	πίστις	N-	----GSF-
Rom 3:31	μὴ	μή	D-	--------
Rom 3:31	γένοιτο	γίνομαι	V-	3AMO-S--
Rom 3:31	ἀλλὰ	ἀλλά	C-	--------
Rom 3:31	νόμον	νόμος	N-	----ASM-
Rom 3:31	ἱστάνομεν	ἵστημι	V-	1PAI-P--
Rom 4:1	Τί	τίς	RI	----ASN-
Rom 4:1	οὖν	οὖν	C-	--------
Rom 4:1	ἐροῦμεν	λέγω	V-	1FAI-P--
Rom 4:1	εὑρηκέναι	εὑρίσκω	V-	-XAN----
Rom 4:1	Ἀβραὰμ	Ἀβραάμ	N-	----ASM-
Rom 4:1	τὸν	ὁ	RA	----ASM-
Rom 4:1	προπάτορα	προπάτωρ	N-	----ASM-
Rom 4:1	ἡμῶν	ἐγώ	RP	----GP--
Rom 4:1	κατὰ	κατά	P-	--------
Rom 4:1	σάρκα	σάρξ	N-	----ASF-
Rom 4:2	εἰ	εἰ	C-	--------
Rom 4:2	γὰρ	γάρ	C-	--------
Rom 4:2	Ἀβραὰμ	Ἀβραάμ	N-	----NSM-
Rom 4:2	ἐξ	ἐκ	P-	--------
Rom 4:2	ἔργων	ἔργον	N-	----GPN-
Rom 4:2	ἐδικαιώθη	δικαιόω	V-	3API-S--
Rom 4:2	ἔχει	ἔχω	V-	3PAI-S--
Rom 4:2	καύχημα	καύχημα	N-	----ASN-
Rom 4:2	ἀλλ’	ἀλλά	C-	--------
Rom 4:2	οὐ	οὐ	D-	--------
Rom 4:2	πρὸς	πρός	P-	--------
Rom 4:2	θεόν	θεός	N-	----ASM-
Rom 4:3	τί	τίς	RI	----ASN-
Rom 4:3	γὰρ	γάρ	C-	--------
Rom 4:3	ἡ	ὁ	RA	----NSF-
Rom 4:3	γραφὴ	γραφή	N-	----NSF-
Rom 4:3	λέγει	λέγω	V-	3PAI-S--
Rom 4:3	Ἐπίστευσεν	πιστεύω	V-	3AAI-S--
Rom 4:3	δὲ	δέ	C-	--------
Rom 4:3	Ἀβραὰμ	Ἀβραάμ	N-	----NSM-
Rom 4:3	τῷ	ὁ	RA	----DSM-
Rom 4:3	θεῷ	θεός	N-	----DSM-
Rom 4:3	καὶ	καί	C-	--------
Rom 4:3	ἐλογίσθη	λογίζομαι	V-	3API-S--
Rom 4:3	αὐτῷ	αὐτός	RP	----DSM-
Rom 4:3	εἰς	εἰς	P-	--------
Rom 4:3	δικαιοσύνην	δικαιοσύνη	N-	----ASF-
Rom 4:4	τῷ	ὁ	RA	----DSM-
Rom 4:4	δὲ	δέ	C-	--------
Rom 4:4	ἐργαζομένῳ	ἐργάζομαι	V-	-PMPDSM-
Rom 4:4	ὁ	ὁ	RA	----NSM-
Rom 4:4	μισθὸς	μισθός	N-	----NSM-
Rom 4:4	οὐ	οὐ	D-	--------
Rom 4:4	λογίζεται	λογίζομαι	V-	3PPI-S--
Rom 4:4	κατὰ	κατά	P-	--------
Rom 4:4	χάριν	χάρις	N-	----ASF-
Rom 4:4	ἀλλὰ	ἀλλά	C-	--------
Rom 4:4	κατὰ	κατά	P-	--------
Rom 4:4	ὀφείλημα	ὀφείλημα	N-	----ASN-
Rom 4:5	τῷ	ὁ	RA	----DSM-
Rom 4:5	δὲ	δέ	C-	--------
Rom 4:5	μὴ	μή	D-	--------
Rom 4:5	ἐργαζομένῳ	ἐργάζομαι	V-	-PMPDSM-
Rom 4:5	πιστεύοντι	πιστεύω	V-	-PAPDSM-
Rom 4:5	δὲ	δέ	C-	--------
Rom 4:5	ἐπὶ	ἐπί	P-	--------
Rom 4:5	τὸν	ὁ	RA	----ASM-
Rom 4:5	δικαιοῦντα	δικαιόω	V-	-PAPASM-
Rom 4:5	τὸν	ὁ	RA	----ASM-
Rom 4:5	ἀσεβῆ	ἀσεβής	A-	----ASM-
Rom 4:5	λογίζεται	λογίζομαι	V-	3PPI-S--
Rom 4:5	ἡ	ὁ	RA	----NSF-
Rom 4:5	πίστις	πίστις	N-	----NSF-
Rom 4:5	αὐτοῦ	αὐτός	RP	----GSM-
Rom 4:5	εἰς	εἰς	P-	--------
Rom 4:5	δικαιοσύνην	δικαιοσύνη	N-	----ASF-
Rom 4:6	καθάπερ	καθάπερ	C-	--------
Rom 4:6	καὶ	καί	D-	--------
Rom 4:6	Δαυὶδ	Δαυίδ	N-	----NSM-
Rom 4:6	λέγει	λέγω	V-	3PAI-S--
Rom 4:6	τὸν	ὁ	RA	----ASM-
Rom 4:6	μακαρισμὸν	μακαρισμός	N-	----ASM-
Rom 4:6	τοῦ	ὁ	RA	----GSM-
Rom 4:6	ἀνθρώπου	ἄνθρωπος	N-	----GSM-
Rom 4:6	ᾧ	ὅς	RR	----DSM-
Rom 4:6	ὁ	ὁ	RA	----NSM-
Rom 4:6	θεὸς	θεός	N-	----NSM-
Rom 4:6	λογίζεται	λογίζομαι	V-	3PMI-S--
Rom 4:6	δικαιοσύνην	δικαιοσύνη	N-	----ASF-
Rom 4:6	χωρὶς	χωρίς	P-	--------
Rom 4:6	ἔργων	ἔργον	N-	----GPN-
Rom 4:7	Μακάριοι	μακάριος	A-	----NPM-
Rom 4:7	ὧν	ὅς	RR	----GPM-
Rom 4:7	ἀφέθησαν	ἀφίημι	V-	3API-P--
Rom 4:7	αἱ	ὁ	RA	----NPF-
Rom 4:7	ἀνομίαι	ἀνομία	N-	----NPF-
Rom 4:7	καὶ	καί	C-	--------
Rom 4:7	ὧν	ὅς	RR	----GPM-
Rom 4:7	ἐπεκαλύφθησαν	ἐπικαλύπτω	V-	3API-P--
Rom 4:7	αἱ	ὁ	RA	----NPF-
Rom 4:7	ἁμαρτίαι	ἁμαρτία	N-	----NPF-
Rom 4:8	μακάριος	μακάριος	A-	----NSM-
Rom 4:8	ἀνὴρ	ἀνήρ	N-	----NSM-
Rom 4:8	οὗ	ὅς	RR	----GSM-
Rom 4:8	οὐ	οὐ	D-	--------
Rom 4:8	μὴ	μή	D-	--------
Rom 4:8	λογίσηται	λογίζομαι	V-	3AMS-S--
Rom 4:8	κύριος	κύριος	N-	----NSM-
Rom 4:8	ἁμαρτίαν	ἁμαρτία	N-	----ASF-
Rom 4:9	Ὁ	ὁ	RA	----NSM-
Rom 4:9	μακαρισμὸς	μακαρισμός	N-	----NSM-
Rom 4:9	οὖν	οὖν	C-	--------
Rom 4:9	οὗτος	οὗτος	RD	----NSM-
Rom 4:9	ἐπὶ	ἐπί	P-	--------
Rom 4:9	τὴν	ὁ	RA	----ASF-
Rom 4:9	περιτομὴν	περιτομή	N-	----ASF-
Rom 4:9	ἢ	ἤ	C-	--------
Rom 4:9	καὶ	καί	D-	--------
Rom 4:9	ἐπὶ	ἐπί	P-	--------
Rom 4:9	τὴν	ὁ	RA	----ASF-
Rom 4:9	ἀκροβυστίαν	ἀκροβυστία	N-	----ASF-
Rom 4:9	λέγομεν	λέγω	V-	1PAI-P--
Rom 4:9	γάρ	γάρ	C-	--------
Rom 4:9	Ἐλογίσθη	λογίζομαι	V-	3API-S--
Rom 4:9	τῷ	ὁ	RA	----DSM-
Rom 4:9	Ἀβραὰμ	Ἀβραάμ	N-	----DSM-
Rom 4:9	ἡ	ὁ	RA	----NSF-
Rom 4:9	πίστις	πίστις	N-	----NSF-
Rom 4:9	εἰς	εἰς	P-	--------
Rom 4:9	δικαιοσύνην	δικαιοσύνη	N-	----ASF-
Rom 4:10	πῶς	πῶς	D-	--------
Rom 4:10	οὖν	οὖν	C-	--------
Rom 4:10	ἐλογίσθη	λογίζομαι	V-	3API-S--
Rom 4:10	ἐν	ἐν	P-	--------
Rom 4:10	περιτομῇ	περιτομή	N-	----DSF-
Rom 4:10	ὄντι	εἰμί	V-	-PAPDSM-
Rom 4:10	ἢ	ἤ	C-	--------
Rom 4:10	ἐν	ἐν	P-	--------
Rom 4:10	ἀκροβυστίᾳ	ἀκροβυστία	N-	----DSF-
Rom 4:10	οὐκ	οὐ	D-	--------
Rom 4:10	ἐν	ἐν	P-	--------
Rom 4:10	περιτομῇ	περιτομή	N-	----DSF-
Rom 4:10	ἀλλ’	ἀλλά	C-	--------
Rom 4:10	ἐν	ἐν	P-	--------
Rom 4:10	ἀκροβυστίᾳ	ἀκροβυστία	N-	----DSF-
Rom 4:11	καὶ	καί	C-	--------
Rom 4:11	σημεῖον	σημεῖον	N-	----ASN-
Rom 4:11	ἔλαβεν	λαμβάνω	V-	3AAI-S--
Rom 4:11	περιτομῆς	περιτομή	N-	----GSF-
Rom 4:11	σφραγῖδα	σφραγίς	N-	----ASF-
Rom 4:11	τῆς	ὁ	RA	----GSF-
Rom 4:11	δικαιοσύνης	δικαιοσύνη	N-	----GSF-
Rom 4:11	τῆς	ὁ	RA	----GSF-
Rom 4:11	πίστεως	πίστις	N-	----GSF-
Rom 4:11	τῆς	ὁ	RA	----GSF-
Rom 4:11	ἐν	ἐν	P-	--------
Rom 4:11	τῇ	ὁ	RA	----DSF-
Rom 4:11	ἀκροβυστίᾳ	ἀκροβυστία	N-	----DSF-
Rom 4:11	εἰς	εἰς	P-	--------
Rom 4:11	τὸ	ὁ	RA	----ASN-
Rom 4:11	εἶναι	εἰμί	V-	-PAN----
Rom 4:11	αὐτὸν	αὐτός	RP	----ASM-
Rom 4:11	πατέρα	πατήρ	N-	----ASM-
Rom 4:11	πάντων	πᾶς	A-	----GPM-
Rom 4:11	τῶν	ὁ	RA	----GPM-
Rom 4:11	πιστευόντων	πιστεύω	V-	-PAPGPM-
Rom 4:11	δι’	διά	P-	--------
Rom 4:11	ἀκροβυστίας	ἀκροβυστία	N-	----GSF-
Rom 4:11	εἰς	εἰς	P-	--------
Rom 4:11	τὸ	ὁ	RA	----ASN-
Rom 4:11	λογισθῆναι	λογίζομαι	V-	-APN----
Rom 4:11	αὐτοῖς	αὐτός	RP	----DPM-
Rom 4:11	τὴν	ὁ	RA	----ASF-
Rom 4:11	δικαιοσύνην	δικαιοσύνη	N-	----ASF-
Rom 4:12	καὶ	καί	C-	--------
Rom 4:12	πατέρα	πατήρ	N-	----ASM-
Rom 4:12	περιτομῆς	περιτομή	N-	----GSF-
Rom 4:12	τοῖς	ὁ	RA	----DPM-
Rom 4:12	οὐκ	οὐ	D-	--------
Rom 4:12	ἐκ	ἐκ	P-	--------
Rom 4:12	περιτομῆς	περιτομή	N-	----GSF-
Rom 4:12	μόνον	μόνος	A-	----ASN-
Rom 4:12	ἀλλὰ	ἀλλά	C-	--------
Rom 4:12	καὶ	καί	D-	--------
Rom 4:12	τοῖς	ὁ	RA	----DPM-
Rom 4:12	στοιχοῦσιν	στοιχέω	V-	-PAPDPM-
Rom 4:12	τοῖς	ὁ	RA	----DPN-
Rom 4:12	ἴχνεσιν	ἴχνος	N-	----DPN-
Rom 4:12	τῆς	ὁ	RA	----GSF-
Rom 4:12	ἐν	ἐν	P-	--------
Rom 4:12	ἀκροβυστίᾳ	ἀκροβυστία	N-	----DSF-
Rom 4:12	πίστεως	πίστις	N-	----GSF-
Rom 4:12	τοῦ	ὁ	RA	----GSM-
Rom 4:12	πατρὸς	πατήρ	N-	----GSM-
Rom 4:12	ἡμῶν	ἐγώ	RP	----GP--
Rom 4:12	Ἀβραάμ	Ἀβραάμ	N-	----GSM-
Rom 4:13	Οὐ	οὐ	D-	--------
Rom 4:13	γὰρ	γάρ	C-	--------
Rom 4:13	διὰ	διά	P-	--------
Rom 4:13	νόμου	νόμος	N-	----GSM-
Rom 4:13	ἡ	ὁ	RA	----NSF-
Rom 4:13	ἐπαγγελία	ἐπαγγελία	N-	----NSF-
Rom 4:13	τῷ	ὁ	RA	----DSM-
Rom 4:13	Ἀβραὰμ	Ἀβραάμ	N-	----DSM-
Rom 4:13	ἢ	ἤ	C-	--------
Rom 4:13	τῷ	ὁ	RA	----DSN-
Rom 4:13	σπέρματι	σπέρμα	N-	----DSN-
Rom 4:13	αὐτοῦ	αὐτός	RP	----GSM-
Rom 4:13	τὸ	ὁ	RA	----NSN-
Rom 4:13	κληρονόμον	κληρονόμος	N-	----ASM-
Rom 4:13	αὐτὸν	αὐτός	RP	----ASM-
Rom 4:13	εἶναι	εἰμί	V-	-PAN----
Rom 4:13	κόσμου	κόσμος	N-	----GSM-
Rom 4:13	ἀλλὰ	ἀλλά	C-	--------
Rom 4:13	διὰ	διά	P-	--------
Rom 4:13	δικαιοσύνης	δικαιοσύνη	N-	----GSF-
Rom 4:13	πίστεως	πίστις	N-	----GSF-
Rom 4:14	εἰ	εἰ	C-	--------
Rom 4:14	γὰρ	γάρ	C-	--------
Rom 4:14	οἱ	ὁ	RA	----NPM-
Rom 4:14	ἐκ	ἐκ	P-	--------
Rom 4:14	νόμου	νόμος	N-	----GSM-
Rom 4:14	κληρονόμοι	κληρονόμος	N-	----NPM-
Rom 4:14	κεκένωται	κενόω	V-	3XPI-S--
Rom 4:14	ἡ	ὁ	RA	----NSF-
Rom 4:14	πίστις	πίστις	N-	----NSF-
Rom 4:14	καὶ	καί	C-	--------
Rom 4:14	κατήργηται	καταργέω	V-	3XPI-S--
Rom 4:14	ἡ	ὁ	RA	----NSF-
Rom 4:14	ἐπαγγελία	ἐπαγγελία	N-	----NSF-
Rom 4:15	ὁ	ὁ	RA	----NSM-
Rom 4:15	γὰρ	γάρ	C-	--------
Rom 4:15	νόμος	νόμος	N-	----NSM-
Rom 4:15	ὀργὴν	ὀργή	N-	----ASF-
Rom 4:15	κατεργάζεται	κατεργάζομαι	V-	3PMI-S--
Rom 4:15	οὗ	οὗ	C-	--------
Rom 4:15	δὲ	δέ	C-	--------
Rom 4:15	οὐκ	οὐ	D-	--------
Rom 4:15	ἔστιν	εἰμί	V-	3PAI-S--
Rom 4:15	νόμος	νόμος	N-	----NSM-
Rom 4:15	οὐδὲ	οὐδέ	D-	--------
Rom 4:15	παράβασις	παράβασις	N-	----NSF-
Rom 4:16	Διὰ	διά	P-	--------
Rom 4:16	τοῦτο	οὗτος	RD	----ASN-
Rom 4:16	ἐκ	ἐκ	P-	--------
Rom 4:16	πίστεως	πίστις	N-	----GSF-
Rom 4:16	ἵνα	ἵνα	C-	--------
Rom 4:16	κατὰ	κατά	P-	--------
Rom 4:16	χάριν	χάρις	N-	----ASF-
Rom 4:16	εἰς	εἰς	P-	--------
Rom 4:16	τὸ	ὁ	RA	----ASN-
Rom 4:16	εἶναι	εἰμί	V-	-PAN----
Rom 4:16	βεβαίαν	βέβαιος	A-	----ASF-
Rom 4:16	τὴν	ὁ	RA	----ASF-
Rom 4:16	ἐπαγγελίαν	ἐπαγγελία	N-	----ASF-
Rom 4:16	παντὶ	πᾶς	A-	----DSN-
Rom 4:16	τῷ	ὁ	RA	----DSN-
Rom 4:16	σπέρματι	σπέρμα	N-	----DSN-
Rom 4:16	οὐ	οὐ	D-	--------
Rom 4:16	τῷ	ὁ	RA	----DSN-
Rom 4:16	ἐκ	ἐκ	P-	--------
Rom 4:16	τοῦ	ὁ	RA	----GSM-
Rom 4:16	νόμου	νόμος	N-	----GSM-
Rom 4:16	μόνον	μόνος	A-	----ASN-
Rom 4:16	ἀλλὰ	ἀλλά	C-	--------
Rom 4:16	καὶ	καί	D-	--------
Rom 4:16	τῷ	ὁ	RA	----DSN-
Rom 4:16	ἐκ	ἐκ	P-	--------
Rom 4:16	πίστεως	πίστις	N-	----GSF-
Rom 4:16	Ἀβραάμ	Ἀβραάμ	N-	----GSM-
Rom 4:16	ὅς	ὅς	RR	----NSM-
Rom 4:16	ἐστιν	εἰμί	V-	3PAI-S--
Rom 4:16	πατὴρ	πατήρ	N-	----NSM-
Rom 4:16	πάντων	πᾶς	A-	----GPM-
Rom 4:16	ἡμῶν	ἐγώ	RP	----GP--
Rom 4:17	καθὼς	καθώς	C-	--------
Rom 4:17	γέγραπται	γράφω	V-	3XPI-S--
Rom 4:17	ὅτι	ὅτι	C-	--------
Rom 4:17	Πατέρα	πατήρ	N-	----ASM-
Rom 4:17	πολλῶν	πολύς	A-	----GPN-
Rom 4:17	ἐθνῶν	ἔθνος	N-	----GPN-
Rom 4:17	τέθεικά	τίθημι	V-	1XAI-S--
Rom 4:17	σε	σύ	RP	----AS--
Rom 4:17	κατέναντι	κατέναντι	P-	--------
Rom 4:17	οὗ	ὅς	RR	----GSM-
Rom 4:17	ἐπίστευσεν	πιστεύω	V-	3AAI-S--
Rom 4:17	θεοῦ	θεός	N-	----GSM-
Rom 4:17	τοῦ	ὁ	RA	----GSM-
Rom 4:17	ζῳοποιοῦντος	ζῳοποιέω	V-	-PAPGSM-
Rom 4:17	τοὺς	ὁ	RA	----APM-
Rom 4:17	νεκροὺς	νεκρός	A-	----APM-
Rom 4:17	καὶ	καί	C-	--------
Rom 4:17	καλοῦντος	καλέω	V-	-PAPGSM-
Rom 4:17	τὰ	ὁ	RA	----APN-
Rom 4:17	μὴ	μή	D-	--------
Rom 4:17	ὄντα	εἰμί	V-	-PAPAPN-
Rom 4:17	ὡς	ὡς	C-	--------
Rom 4:17	ὄντα	εἰμί	V-	-PAPAPN-
Rom 4:18	ὃς	ὅς	RR	----NSM-
Rom 4:18	παρ’	παρά	P-	--------
Rom 4:18	ἐλπίδα	ἐλπίς	N-	----ASF-
Rom 4:18	ἐπ’	ἐπί	P-	--------
Rom 4:18	ἐλπίδι	ἐλπίς	N-	----DSF-
Rom 4:18	ἐπίστευσεν	πιστεύω	V-	3AAI-S--
Rom 4:18	εἰς	εἰς	P-	--------
Rom 4:18	τὸ	ὁ	RA	----ASN-
Rom 4:18	γενέσθαι	γίνομαι	V-	-AMN----
Rom 4:18	αὐτὸν	αὐτός	RP	----ASM-
Rom 4:18	πατέρα	πατήρ	N-	----ASM-
Rom 4:18	πολλῶν	πολύς	A-	----GPN-
Rom 4:18	ἐθνῶν	ἔθνος	N-	----GPN-
Rom 4:18	κατὰ	κατά	P-	--------
Rom 4:18	τὸ	ὁ	RA	----ASN-
Rom 4:18	εἰρημένον	λέγω	V-	-XPPASN-
Rom 4:18	Οὕτως	οὕτω(ς)	D-	--------
Rom 4:18	ἔσται	εἰμί	V-	3FMI-S--
Rom 4:18	τὸ	ὁ	RA	----NSN-
Rom 4:18	σπέρμα	σπέρμα	N-	----NSN-
Rom 4:18	σου	σύ	RP	----GS--
Rom 4:19	καὶ	καί	C-	--------
Rom 4:19	μὴ	μή	D-	--------
Rom 4:19	ἀσθενήσας	ἀσθενέω	V-	-AAPNSM-
Rom 4:19	τῇ	ὁ	RA	----DSF-
Rom 4:19	πίστει	πίστις	N-	----DSF-
Rom 4:19	κατενόησεν	κατανοέω	V-	3AAI-S--
Rom 4:19	τὸ	ὁ	RA	----ASN-
Rom 4:19	ἑαυτοῦ	ἑαυτοῦ	RP	----GSM-
Rom 4:19	σῶμα	σῶμα	N-	----ASN-
Rom 4:19	νενεκρωμένον	νεκρόω	V-	-XPPASN-
Rom 4:19	ἑκατονταετής	ἑκατονταετής	A-	----NSM-
Rom 4:19	που	πού	D-	--------
Rom 4:19	ὑπάρχων	ὑπάρχω	V-	-PAPNSM-
Rom 4:19	καὶ	καί	C-	--------
Rom 4:19	τὴν	ὁ	RA	----ASF-
Rom 4:19	νέκρωσιν	νέκρωσις	N-	----ASF-
Rom 4:19	τῆς	ὁ	RA	----GSF-
Rom 4:19	μήτρας	μήτρα	N-	----GSF-
Rom 4:19	Σάρρας	Σάρρα	N-	----GSF-
Rom 4:20	εἰς	εἰς	P-	--------
Rom 4:20	δὲ	δέ	C-	--------
Rom 4:20	τὴν	ὁ	RA	----ASF-
Rom 4:20	ἐπαγγελίαν	ἐπαγγελία	N-	----ASF-
Rom 4:20	τοῦ	ὁ	RA	----GSM-
Rom 4:20	θεοῦ	θεός	N-	----GSM-
Rom 4:20	οὐ	οὐ	D-	--------
Rom 4:20	διεκρίθη	διακρίνω	V-	3API-S--
Rom 4:20	τῇ	ὁ	RA	----DSF-
Rom 4:20	ἀπιστίᾳ	ἀπιστία	N-	----DSF-
Rom 4:20	ἀλλὰ	ἀλλά	C-	--------
Rom 4:20	ἐνεδυναμώθη	ἐνδυναμόω	V-	3API-S--
Rom 4:20	τῇ	ὁ	RA	----DSF-
Rom 4:20	πίστει	πίστις	N-	----DSF-
Rom 4:20	δοὺς	δίδωμι	V-	-AAPNSM-
Rom 4:20	δόξαν	δόξα	N-	----ASF-
Rom 4:20	τῷ	ὁ	RA	----DSM-
Rom 4:20	θεῷ	θεός	N-	----DSM-
Rom 4:21	καὶ	καί	C-	--------
Rom 4:21	πληροφορηθεὶς	πληροφορέω	V-	-APPNSM-
Rom 4:21	ὅτι	ὅτι	C-	--------
Rom 4:21	ὃ	ὅς	RR	----ASN-
Rom 4:21	ἐπήγγελται	ἐπαγγέλλομαι	V-	3XMI-S--
Rom 4:21	δυνατός	δυνατός	A-	----NSM-
Rom 4:21	ἐστιν	εἰμί	V-	3PAI-S--
Rom 4:21	καὶ	καί	D-	--------
Rom 4:21	ποιῆσαι	ποιέω	V-	-AAN----
Rom 4:22	διὸ	διό	C-	--------
Rom 4:22	ἐλογίσθη	λογίζομαι	V-	3API-S--
Rom 4:22	αὐτῷ	αὐτός	RP	----DSM-
Rom 4:22	εἰς	εἰς	P-	--------
Rom 4:22	δικαιοσύνην	δικαιοσύνη	N-	----ASF-
Rom 4:23	Οὐκ	οὐ	D-	--------
Rom 4:23	ἐγράφη	γράφω	V-	3API-S--
Rom 4:23	δὲ	δέ	C-	--------
Rom 4:23	δι’	διά	P-	--------
Rom 4:23	αὐτὸν	αὐτός	RP	----ASM-
Rom 4:23	μόνον	μόνος	A-	----ASM-
Rom 4:23	ὅτι	ὅτι	C-	--------
Rom 4:23	ἐλογίσθη	λογίζομαι	V-	3API-S--
Rom 4:23	αὐτῷ	αὐτός	RP	----DSM-
Rom 4:24	ἀλλὰ	ἀλλά	C-	--------
Rom 4:24	καὶ	καί	D-	--------
Rom 4:24	δι’	διά	P-	--------
Rom 4:24	ἡμᾶς	ἐγώ	RP	----AP--
Rom 4:24	οἷς	ὅς	RR	----DPM-
Rom 4:24	μέλλει	μέλλω	V-	3PAI-S--
Rom 4:24	λογίζεσθαι	λογίζομαι	V-	-PPN----
Rom 4:24	τοῖς	ὁ	RA	----DPM-
Rom 4:24	πιστεύουσιν	πιστεύω	V-	-PAPDPM-
Rom 4:24	ἐπὶ	ἐπί	P-	--------
Rom 4:24	τὸν	ὁ	RA	----ASM-
Rom 4:24	ἐγείραντα	ἐγείρω	V-	-AAPASM-
Rom 4:24	Ἰησοῦν	Ἰησοῦς	N-	----ASM-
Rom 4:24	τὸν	ὁ	RA	----ASM-
Rom 4:24	κύριον	κύριος	N-	----ASM-
Rom 4:24	ἡμῶν	ἐγώ	RP	----GP--
Rom 4:24	ἐκ	ἐκ	P-	--------
Rom 4:24	νεκρῶν	νεκρός	A-	----GPM-
Rom 4:25	ὃς	ὅς	RR	----NSM-
Rom 4:25	παρεδόθη	παραδίδωμι	V-	3API-S--
Rom 4:25	διὰ	διά	P-	--------
Rom 4:25	τὰ	ὁ	RA	----APN-
Rom 4:25	παραπτώματα	παράπτωμα	N-	----APN-
Rom 4:25	ἡμῶν	ἐγώ	RP	----GP--
Rom 4:25	καὶ	καί	C-	--------
Rom 4:25	ἠγέρθη	ἐγείρω	V-	3API-S--
Rom 4:25	διὰ	διά	P-	--------
Rom 4:25	τὴν	ὁ	RA	----ASF-
Rom 4:25	δικαίωσιν	δικαίωσις	N-	----ASF-
Rom 4:25	ἡμῶν	ἐγώ	RP	----GP--
Rom 5:1	Δικαιωθέντες	δικαιόω	V-	-APPNPM-
Rom 5:1	οὖν	οὖν	C-	--------
Rom 5:1	ἐκ	ἐκ	P-	--------
Rom 5:1	πίστεως	πίστις	N-	----GSF-
Rom 5:1	εἰρήνην	εἰρήνη	N-	----ASF-
Rom 5:1	ἔχομεν	ἔχω	V-	1PAI-P--
Rom 5:1	πρὸς	πρός	P-	--------
Rom 5:1	τὸν	ὁ	RA	----ASM-
Rom 5:1	θεὸν	θεός	N-	----ASM-
Rom 5:1	διὰ	διά	P-	--------
Rom 5:1	τοῦ	ὁ	RA	----GSM-
Rom 5:1	κυρίου	κύριος	N-	----GSM-
Rom 5:1	ἡμῶν	ἐγώ	RP	----GP--
Rom 5:1	Ἰησοῦ	Ἰησοῦς	N-	----GSM-
Rom 5:1	Χριστοῦ	Χριστός	N-	----GSM-
Rom 5:2	δι’	διά	P-	--------
Rom 5:2	οὗ	ὅς	RR	----GSM-
Rom 5:2	καὶ	καί	D-	--------
Rom 5:2	τὴν	ὁ	RA	----ASF-
Rom 5:2	προσαγωγὴν	προσαγωγή	N-	----ASF-
Rom 5:2	ἐσχήκαμεν	ἔχω	V-	1XAI-P--
Rom 5:2	τῇ	ὁ	RA	----DSF-
Rom 5:2	πίστει	πίστις	N-	----DSF-
Rom 5:2	εἰς	εἰς	P-	--------
Rom 5:2	τὴν	ὁ	RA	----ASF-
Rom 5:2	χάριν	χάρις	N-	----ASF-
Rom 5:2	ταύτην	οὗτος	RD	----ASF-
Rom 5:2	ἐν	ἐν	P-	--------
Rom 5:2	ᾗ	ὅς	RR	----DSF-
Rom 5:2	ἑστήκαμεν	ἵστημι	V-	1XAI-P--
Rom 5:2	καὶ	καί	C-	--------
Rom 5:2	καυχώμεθα	καυχάομαι	V-	1PMI-P--
Rom 5:2	ἐπ’	ἐπί	P-	--------
Rom 5:2	ἐλπίδι	ἐλπίς	N-	----DSF-
Rom 5:2	τῆς	ὁ	RA	----GSF-
Rom 5:2	δόξης	δόξα	N-	----GSF-
Rom 5:2	τοῦ	ὁ	RA	----GSM-
Rom 5:2	θεοῦ	θεός	N-	----GSM-
Rom 5:3	οὐ	οὐ	D-	--------
Rom 5:3	μόνον	μόνος	A-	----ASN-
Rom 5:3	δέ	δέ	C-	--------
Rom 5:3	ἀλλὰ	ἀλλά	C-	--------
Rom 5:3	καὶ	καί	D-	--------
Rom 5:3	καυχώμεθα	καυχάομαι	V-	1PMI-P--
Rom 5:3	ἐν	ἐν	P-	--------
Rom 5:3	ταῖς	ὁ	RA	----DPF-
Rom 5:3	θλίψεσιν	θλῖψις	N-	----DPF-
Rom 5:3	εἰδότες	οἶδα	V-	-XAPNPM-
Rom 5:3	ὅτι	ὅτι	C-	--------
Rom 5:3	ἡ	ὁ	RA	----NSF-
Rom 5:3	θλῖψις	θλῖψις	N-	----NSF-
Rom 5:3	ὑπομονὴν	ὑπομονή	N-	----ASF-
Rom 5:3	κατεργάζεται	κατεργάζομαι	V-	3PMI-S--
Rom 5:4	ἡ	ὁ	RA	----NSF-
Rom 5:4	δὲ	δέ	C-	--------
Rom 5:4	ὑπομονὴ	ὑπομονή	N-	----NSF-
Rom 5:4	δοκιμήν	δοκιμή	N-	----ASF-
Rom 5:4	ἡ	ὁ	RA	----NSF-
Rom 5:4	δὲ	δέ	C-	--------
Rom 5:4	δοκιμὴ	δοκιμή	N-	----NSF-
Rom 5:4	ἐλπίδα	ἐλπίς	N-	----ASF-
Rom 5:5	ἡ	ὁ	RA	----NSF-
Rom 5:5	δὲ	δέ	C-	--------
Rom 5:5	ἐλπὶς	ἐλπίς	N-	----NSF-
Rom 5:5	οὐ	οὐ	D-	--------
Rom 5:5	καταισχύνει	καταισχύνω	V-	3PAI-S--
Rom 5:5	ὅτι	ὅτι	C-	--------
Rom 5:5	ἡ	ὁ	RA	----NSF-
Rom 5:5	ἀγάπη	ἀγάπη	N-	----NSF-
Rom 5:5	τοῦ	ὁ	RA	----GSM-
Rom 5:5	θεοῦ	θεός	N-	----GSM-
Rom 5:5	ἐκκέχυται	ἐκχέω	V-	3XPI-S--
Rom 5:5	ἐν	ἐν	P-	--------
Rom 5:5	ταῖς	ὁ	RA	----DPF-
Rom 5:5	καρδίαις	καρδία	N-	----DPF-
Rom 5:5	ἡμῶν	ἐγώ	RP	----GP--
Rom 5:5	διὰ	διά	P-	--------
Rom 5:5	πνεύματος	πνεῦμα	N-	----GSN-
Rom 5:5	ἁγίου	ἅγιος	A-	----GSN-
Rom 5:5	τοῦ	ὁ	RA	----GSN-
Rom 5:5	δοθέντος	δίδωμι	V-	-APPGSN-
Rom 5:5	ἡμῖν	ἐγώ	RP	----DP--
Rom 5:6	Ἔτι	ἔτι	D-	--------
Rom 5:6	γὰρ	γάρ	C-	--------
Rom 5:6	Χριστὸς	Χριστός	N-	----NSM-
Rom 5:6	ὄντων	εἰμί	V-	-PAPGPM-
Rom 5:6	ἡμῶν	ἐγώ	RP	----GP--
Rom 5:6	ἀσθενῶν	ἀσθενής	A-	----GPM-
Rom 5:6	ἔτι	ἔτι	D-	--------
Rom 5:6	κατὰ	κατά	P-	--------
Rom 5:6	καιρὸν	καιρός	N-	----ASM-
Rom 5:6	ὑπὲρ	ὑπέρ	P-	--------
Rom 5:6	ἀσεβῶν	ἀσεβής	A-	----GPM-
Rom 5:6	ἀπέθανεν	ἀποθνῄσκω	V-	3AAI-S--
Rom 5:7	μόλις	μόλις	D-	--------
Rom 5:7	γὰρ	γάρ	C-	--------
Rom 5:7	ὑπὲρ	ὑπέρ	P-	--------
Rom 5:7	δικαίου	δίκαιος	A-	----GSM-
Rom 5:7	τις	τις	RI	----NSM-
Rom 5:7	ἀποθανεῖται	ἀποθνῄσκω	V-	3FMI-S--
Rom 5:7	ὑπὲρ	ὑπέρ	P-	--------
Rom 5:7	γὰρ	γάρ	C-	--------
Rom 5:7	τοῦ	ὁ	RA	----GSM-
Rom 5:7	ἀγαθοῦ	ἀγαθός	A-	----GSM-
Rom 5:7	τάχα	τάχα	D-	--------
Rom 5:7	τις	τις	RI	----NSM-
Rom 5:7	καὶ	καί	D-	--------
Rom 5:7	τολμᾷ	τολμάω	V-	3PAI-S--
Rom 5:7	ἀποθανεῖν	ἀποθνῄσκω	V-	-AAN----
Rom 5:8	συνίστησιν	συνίστημι	V-	3PAI-S--
Rom 5:8	δὲ	δέ	C-	--------
Rom 5:8	τὴν	ὁ	RA	----ASF-
Rom 5:8	ἑαυτοῦ	ἑαυτοῦ	RP	----GSM-
Rom 5:8	ἀγάπην	ἀγάπη	N-	----ASF-
Rom 5:8	εἰς	εἰς	P-	--------
Rom 5:8	ἡμᾶς	ἐγώ	RP	----AP--
Rom 5:8	ὁ	ὁ	RA	----NSM-
Rom 5:8	θεὸς	θεός	N-	----NSM-
Rom 5:8	ὅτι	ὅτι	C-	--------
Rom 5:8	ἔτι	ἔτι	D-	--------
Rom 5:8	ἁμαρτωλῶν	ἁμαρτωλός	A-	----GPM-
Rom 5:8	ὄντων	εἰμί	V-	-PAPGPM-
Rom 5:8	ἡμῶν	ἐγώ	RP	----GP--
Rom 5:8	Χριστὸς	Χριστός	N-	----NSM-
Rom 5:8	ὑπὲρ	ὑπέρ	P-	--------
Rom 5:8	ἡμῶν	ἐγώ	RP	----GP--
Rom 5:8	ἀπέθανεν	ἀποθνῄσκω	V-	3AAI-S--
Rom 5:9	πολλῷ	πολύς	A-	----DSN-
Rom 5:9	οὖν	οὖν	C-	--------
Rom 5:9	μᾶλλον	μᾶλλον	D-	--------
Rom 5:9	δικαιωθέντες	δικαιόω	V-	-APPNPM-
Rom 5:9	νῦν	νῦν	D-	--------
Rom 5:9	ἐν	ἐν	P-	--------
Rom 5:9	τῷ	ὁ	RA	----DSN-
Rom 5:9	αἵματι	αἷμα	N-	----DSN-
Rom 5:9	αὐτοῦ	αὐτός	RP	----GSM-
Rom 5:9	σωθησόμεθα	σῴζω	V-	1FPI-P--
Rom 5:9	δι’	διά	P-	--------
Rom 5:9	αὐτοῦ	αὐτός	RP	----GSM-
Rom 5:9	ἀπὸ	ἀπό	P-	--------
Rom 5:9	τῆς	ὁ	RA	----GSF-
Rom 5:9	ὀργῆς	ὀργή	N-	----GSF-
Rom 5:10	εἰ	εἰ	C-	--------
Rom 5:10	γὰρ	γάρ	C-	--------
Rom 5:10	ἐχθροὶ	ἐχθρός	A-	----NPM-
Rom 5:10	ὄντες	εἰμί	V-	-PAPNPM-
Rom 5:10	κατηλλάγημεν	καταλλάσσω	V-	1API-P--
Rom 5:10	τῷ	ὁ	RA	----DSM-
Rom 5:10	θεῷ	θεός	N-	----DSM-
Rom 5:10	διὰ	διά	P-	--------
Rom 5:10	τοῦ	ὁ	RA	----GSM-
Rom 5:10	θανάτου	θάνατος	N-	----GSM-
Rom 5:10	τοῦ	ὁ	RA	----GSM-
Rom 5:10	υἱοῦ	υἱός	N-	----GSM-
Rom 5:10	αὐτοῦ	αὐτός	RP	----GSM-
Rom 5:10	πολλῷ	πολύς	A-	----DSN-
Rom 5:10	μᾶλλον	μᾶλλον	D-	--------
Rom 5:10	καταλλαγέντες	καταλλάσσω	V-	-APPNPM-
Rom 5:10	σωθησόμεθα	σῴζω	V-	1FPI-P--
Rom 5:10	ἐν	ἐν	P-	--------
Rom 5:10	τῇ	ὁ	RA	----DSF-
Rom 5:10	ζωῇ	ζωή	N-	----DSF-
Rom 5:10	αὐτοῦ	αὐτός	RP	----GSM-
Rom 5:11	οὐ	οὐ	D-	--------
Rom 5:11	μόνον	μόνος	A-	----ASN-
Rom 5:11	δέ	δέ	C-	--------
Rom 5:11	ἀλλὰ	ἀλλά	C-	--------
Rom 5:11	καὶ	καί	D-	--------
Rom 5:11	καυχώμενοι	καυχάομαι	V-	-PMPNPM-
Rom 5:11	ἐν	ἐν	P-	--------
Rom 5:11	τῷ	ὁ	RA	----DSM-
Rom 5:11	θεῷ	θεός	N-	----DSM-
Rom 5:11	διὰ	διά	P-	--------
Rom 5:11	τοῦ	ὁ	RA	----GSM-
Rom 5:11	κυρίου	κύριος	N-	----GSM-
Rom 5:11	ἡμῶν	ἐγώ	RP	----GP--
Rom 5:11	Ἰησοῦ	Ἰησοῦς	N-	----GSM-
Rom 5:11	Χριστοῦ	Χριστός	N-	----GSM-
Rom 5:11	δι’	διά	P-	--------
Rom 5:11	οὗ	ὅς	RR	----GSM-
Rom 5:11	νῦν	νῦν	D-	--------
Rom 5:11	τὴν	ὁ	RA	----ASF-
Rom 5:11	καταλλαγὴν	καταλλαγή	N-	----ASF-
Rom 5:11	ἐλάβομεν	λαμβάνω	V-	1AAI-P--
Rom 5:12	Διὰ	διά	P-	--------
Rom 5:12	τοῦτο	οὗτος	RD	----ASN-
Rom 5:12	ὥσπερ	ὥσπερ	C-	--------
Rom 5:12	δι’	διά	P-	--------
Rom 5:12	ἑνὸς	εἷς	A-	----GSM-
Rom 5:12	ἀνθρώπου	ἄνθρωπος	N-	----GSM-
Rom 5:12	ἡ	ὁ	RA	----NSF-
Rom 5:12	ἁμαρτία	ἁμαρτία	N-	----NSF-
Rom 5:12	εἰς	εἰς	P-	--------
Rom 5:12	τὸν	ὁ	RA	----ASM-
Rom 5:12	κόσμον	κόσμος	N-	----ASM-
Rom 5:12	εἰσῆλθεν	εἰσέρχομαι	V-	3AAI-S--
Rom 5:12	καὶ	καί	C-	--------
Rom 5:12	διὰ	διά	P-	--------
Rom 5:12	τῆς	ὁ	RA	----GSF-
Rom 5:12	ἁμαρτίας	ἁμαρτία	N-	----GSF-
Rom 5:12	ὁ	ὁ	RA	----NSM-
Rom 5:12	θάνατος	θάνατος	N-	----NSM-
Rom 5:12	καὶ	καί	D-	--------
Rom 5:12	οὕτως	οὕτω(ς)	D-	--------
Rom 5:12	εἰς	εἰς	P-	--------
Rom 5:12	πάντας	πᾶς	A-	----APM-
Rom 5:12	ἀνθρώπους	ἄνθρωπος	N-	----APM-
Rom 5:12	ὁ	ὁ	RA	----NSM-
Rom 5:12	θάνατος	θάνατος	N-	----NSM-
Rom 5:12	διῆλθεν	διέρχομαι	V-	3AAI-S--
Rom 5:12	ἐφ’	ἐπί	P-	--------
Rom 5:12	ᾧ	ὅς	RR	----DSN-
Rom 5:12	πάντες	πᾶς	A-	----NPM-
Rom 5:12	ἥμαρτον	ἁμαρτάνω	V-	3AAI-P--
Rom 5:13	ἄχρι	ἄχρι	P-	--------
Rom 5:13	γὰρ	γάρ	C-	--------
Rom 5:13	νόμου	νόμος	N-	----GSM-
Rom 5:13	ἁμαρτία	ἁμαρτία	N-	----NSF-
Rom 5:13	ἦν	εἰμί	V-	3IAI-S--
Rom 5:13	ἐν	ἐν	P-	--------
Rom 5:13	κόσμῳ	κόσμος	N-	----DSM-
Rom 5:13	ἁμαρτία	ἁμαρτία	N-	----NSF-
Rom 5:13	δὲ	δέ	C-	--------
Rom 5:13	οὐκ	οὐ	D-	--------
Rom 5:13	ἐλλογεῖται	ἐλλογέω	V-	3PPI-S--
Rom 5:13	μὴ	μή	D-	--------
Rom 5:13	ὄντος	εἰμί	V-	-PAPGSM-
Rom 5:13	νόμου	νόμος	N-	----GSM-
Rom 5:14	ἀλλὰ	ἀλλά	C-	--------
Rom 5:14	ἐβασίλευσεν	βασιλεύω	V-	3AAI-S--
Rom 5:14	ὁ	ὁ	RA	----NSM-
Rom 5:14	θάνατος	θάνατος	N-	----NSM-
Rom 5:14	ἀπὸ	ἀπό	P-	--------
Rom 5:14	Ἀδὰμ	Ἀδάμ	N-	----GSM-
Rom 5:14	μέχρι	μέχρι(ς)	P-	--------
Rom 5:14	Μωϋσέως	Μωϋσῆς	N-	----GSM-
Rom 5:14	καὶ	καί	D-	--------
Rom 5:14	ἐπὶ	ἐπί	P-	--------
Rom 5:14	τοὺς	ὁ	RA	----APM-
Rom 5:14	μὴ	μή	D-	--------
Rom 5:14	ἁμαρτήσαντας	ἁμαρτάνω	V-	-AAPAPM-
Rom 5:14	ἐπὶ	ἐπί	P-	--------
Rom 5:14	τῷ	ὁ	RA	----DSN-
Rom 5:14	ὁμοιώματι	ὁμοίωμα	N-	----DSN-
Rom 5:14	τῆς	ὁ	RA	----GSF-
Rom 5:14	παραβάσεως	παράβασις	N-	----GSF-
Rom 5:14	Ἀδάμ	Ἀδάμ	N-	----GSM-
Rom 5:14	ὅς	ὅς	RR	----NSM-
Rom 5:14	ἐστιν	εἰμί	V-	3PAI-S--
Rom 5:14	τύπος	τύπος	N-	----NSM-
Rom 5:14	τοῦ	ὁ	RA	----GSM-
Rom 5:14	μέλλοντος	μέλλω	V-	-PAPGSM-
Rom 5:15	Ἀλλ’	ἀλλά	C-	--------
Rom 5:15	οὐχ	οὐ	D-	--------
Rom 5:15	ὡς	ὡς	C-	--------
Rom 5:15	τὸ	ὁ	RA	----NSN-
Rom 5:15	παράπτωμα	παράπτωμα	N-	----NSN-
Rom 5:15	οὕτως	οὕτω(ς)	D-	--------
Rom 5:15	καὶ	καί	D-	--------
Rom 5:15	τὸ	ὁ	RA	----NSN-
Rom 5:15	χάρισμα	χάρισμα	N-	----NSN-
Rom 5:15	εἰ	εἰ	C-	--------
Rom 5:15	γὰρ	γάρ	C-	--------
Rom 5:15	τῷ	ὁ	RA	----DSN-
Rom 5:15	τοῦ	ὁ	RA	----GSM-
Rom 5:15	ἑνὸς	εἷς	A-	----GSM-
Rom 5:15	παραπτώματι	παράπτωμα	N-	----DSN-
Rom 5:15	οἱ	ὁ	RA	----NPM-
Rom 5:15	πολλοὶ	πολύς	A-	----NPM-
Rom 5:15	ἀπέθανον	ἀποθνῄσκω	V-	3AAI-P--
Rom 5:15	πολλῷ	πολύς	A-	----DSN-
Rom 5:15	μᾶλλον	μᾶλλον	D-	--------
Rom 5:15	ἡ	ὁ	RA	----NSF-
Rom 5:15	χάρις	χάρις	N-	----NSF-
Rom 5:15	τοῦ	ὁ	RA	----GSM-
Rom 5:15	θεοῦ	θεός	N-	----GSM-
Rom 5:15	καὶ	καί	C-	--------
Rom 5:15	ἡ	ὁ	RA	----NSF-
Rom 5:15	δωρεὰ	δωρεά	N-	----NSF-
Rom 5:15	ἐν	ἐν	P-	--------
Rom 5:15	χάριτι	χάρις	N-	----DSF-
Rom 5:15	τῇ	ὁ	RA	----DSF-
Rom 5:15	τοῦ	ὁ	RA	----GSM-
Rom 5:15	ἑνὸς	εἷς	A-	----GSM-
Rom 5:15	ἀνθρώπου	ἄνθρωπος	N-	----GSM-
Rom 5:15	Ἰησοῦ	Ἰησοῦς	N-	----GSM-
Rom 5:15	Χριστοῦ	Χριστός	N-	----GSM-
Rom 5:15	εἰς	εἰς	P-	--------
Rom 5:15	τοὺς	ὁ	RA	----APM-
Rom 5:15	πολλοὺς	πολύς	A-	----APM-
Rom 5:15	ἐπερίσσευσεν	περισσεύω	V-	3AAI-S--
Rom 5:16	καὶ	καί	C-	--------
Rom 5:16	οὐχ	οὐ	D-	--------
Rom 5:16	ὡς	ὡς	C-	--------
Rom 5:16	δι’	διά	P-	--------
Rom 5:16	ἑνὸς	εἷς	A-	----GSM-
Rom 5:16	ἁμαρτήσαντος	ἁμαρτάνω	V-	-AAPGSM-
Rom 5:16	τὸ	ὁ	RA	----NSN-
Rom 5:16	δώρημα	δώρημα	N-	----NSN-
Rom 5:16	τὸ	ὁ	RA	----NSN-
Rom 5:16	μὲν	μέν	C-	--------
Rom 5:16	γὰρ	γάρ	C-	--------
Rom 5:16	κρίμα	κρίμα	N-	----NSN-
Rom 5:16	ἐξ	ἐκ	P-	--------
Rom 5:16	ἑνὸς	εἷς	A-	----GSN-
Rom 5:16	εἰς	εἰς	P-	--------
Rom 5:16	κατάκριμα	κατάκριμα	N-	----ASN-
Rom 5:16	τὸ	ὁ	RA	----NSN-
Rom 5:16	δὲ	δέ	C-	--------
Rom 5:16	χάρισμα	χάρισμα	N-	----NSN-
Rom 5:16	ἐκ	ἐκ	P-	--------
Rom 5:16	πολλῶν	πολύς	A-	----GPN-
Rom 5:16	παραπτωμάτων	παράπτωμα	N-	----GPN-
Rom 5:16	εἰς	εἰς	P-	--------
Rom 5:16	δικαίωμα	δικαίωμα	N-	----ASN-
Rom 5:17	εἰ	εἰ	C-	--------
Rom 5:17	γὰρ	γάρ	C-	--------
Rom 5:17	τῷ	ὁ	RA	----DSN-
Rom 5:17	τοῦ	ὁ	RA	----GSM-
Rom 5:17	ἑνὸς	εἷς	A-	----GSM-
Rom 5:17	παραπτώματι	παράπτωμα	N-	----DSN-
Rom 5:17	ὁ	ὁ	RA	----NSM-
Rom 5:17	θάνατος	θάνατος	N-	----NSM-
Rom 5:17	ἐβασίλευσεν	βασιλεύω	V-	3AAI-S--
Rom 5:17	διὰ	διά	P-	--------
Rom 5:17	τοῦ	ὁ	RA	----GSM-
Rom 5:17	ἑνός	εἷς	A-	----GSM-
Rom 5:17	πολλῷ	πολύς	A-	----DSN-
Rom 5:17	μᾶλλον	μᾶλλον	D-	--------
Rom 5:17	οἱ	ὁ	RA	----NPM-
Rom 5:17	τὴν	ὁ	RA	----ASF-
Rom 5:17	περισσείαν	περισσεία	N-	----ASF-
Rom 5:17	τῆς	ὁ	RA	----GSF-
Rom 5:17	χάριτος	χάρις	N-	----GSF-
Rom 5:17	καὶ	καί	C-	--------
Rom 5:17	τῆς	ὁ	RA	----GSF-
Rom 5:17	δωρεᾶς	δωρεά	N-	----GSF-
Rom 5:17	τῆς	ὁ	RA	----GSF-
Rom 5:17	δικαιοσύνης	δικαιοσύνη	N-	----GSF-
Rom 5:17	λαμβάνοντες	λαμβάνω	V-	-PAPNPM-
Rom 5:17	ἐν	ἐν	P-	--------
Rom 5:17	ζωῇ	ζωή	N-	----DSF-
Rom 5:17	βασιλεύσουσιν	βασιλεύω	V-	3FAI-P--
Rom 5:17	διὰ	διά	P-	--------
Rom 5:17	τοῦ	ὁ	RA	----GSM-
Rom 5:17	ἑνὸς	εἷς	A-	----GSM-
Rom 5:17	Ἰησοῦ	Ἰησοῦς	N-	----GSM-
Rom 5:17	Χριστοῦ	Χριστός	N-	----GSM-
Rom 5:18	Ἄρα	ἄρα	C-	--------
Rom 5:18	οὖν	οὖν	C-	--------
Rom 5:18	ὡς	ὡς	C-	--------
Rom 5:18	δι’	διά	P-	--------
Rom 5:18	ἑνὸς	εἷς	A-	----GSN-
Rom 5:18	παραπτώματος	παράπτωμα	N-	----GSN-
Rom 5:18	εἰς	εἰς	P-	--------
Rom 5:18	πάντας	πᾶς	A-	----APM-
Rom 5:18	ἀνθρώπους	ἄνθρωπος	N-	----APM-
Rom 5:18	εἰς	εἰς	P-	--------
Rom 5:18	κατάκριμα	κατάκριμα	N-	----ASN-
Rom 5:18	οὕτως	οὕτω(ς)	D-	--------
Rom 5:18	καὶ	καί	D-	--------
Rom 5:18	δι’	διά	P-	--------
Rom 5:18	ἑνὸς	εἷς	A-	----GSN-
Rom 5:18	δικαιώματος	δικαίωμα	N-	----GSN-
Rom 5:18	εἰς	εἰς	P-	--------
Rom 5:18	πάντας	πᾶς	A-	----APM-
Rom 5:18	ἀνθρώπους	ἄνθρωπος	N-	----APM-
Rom 5:18	εἰς	εἰς	P-	--------
Rom 5:18	δικαίωσιν	δικαίωσις	N-	----ASF-
Rom 5:18	ζωῆς	ζωή	N-	----GSF-
Rom 5:19	ὥσπερ	ὥσπερ	C-	--------
Rom 5:19	γὰρ	γάρ	C-	--------
Rom 5:19	διὰ	διά	P-	--------
Rom 5:19	τῆς	ὁ	RA	----GSF-
Rom 5:19	παρακοῆς	παρακοή	N-	----GSF-
Rom 5:19	τοῦ	ὁ	RA	----GSM-
Rom 5:19	ἑνὸς	εἷς	A-	----GSM-
Rom 5:19	ἀνθρώπου	ἄνθρωπος	N-	----GSM-
Rom 5:19	ἁμαρτωλοὶ	ἁμαρτωλός	A-	----NPM-
Rom 5:19	κατεστάθησαν	καθίστημι	V-	3API-P--
Rom 5:19	οἱ	ὁ	RA	----NPM-
Rom 5:19	πολλοί	πολύς	A-	----NPM-
Rom 5:19	οὕτως	οὕτω(ς)	D-	--------
Rom 5:19	καὶ	καί	D-	--------
Rom 5:19	διὰ	διά	P-	--------
Rom 5:19	τῆς	ὁ	RA	----GSF-
Rom 5:19	ὑπακοῆς	ὑπακοή	N-	----GSF-
Rom 5:19	τοῦ	ὁ	RA	----GSM-
Rom 5:19	ἑνὸς	εἷς	A-	----GSM-
Rom 5:19	δίκαιοι	δίκαιος	A-	----NPM-
Rom 5:19	κατασταθήσονται	καθίστημι	V-	3FPI-P--
Rom 5:19	οἱ	ὁ	RA	----NPM-
Rom 5:19	πολλοί	πολύς	A-	----NPM-
Rom 5:20	νόμος	νόμος	N-	----NSM-
Rom 5:20	δὲ	δέ	C-	--------
Rom 5:20	παρεισῆλθεν	παρεισέρχομαι	V-	3AAI-S--
Rom 5:20	ἵνα	ἵνα	C-	--------
Rom 5:20	πλεονάσῃ	πλεονάζω	V-	3AAS-S--
Rom 5:20	τὸ	ὁ	RA	----NSN-
Rom 5:20	παράπτωμα	παράπτωμα	N-	----NSN-
Rom 5:20	οὗ	οὗ	C-	--------
Rom 5:20	δὲ	δέ	C-	--------
Rom 5:20	ἐπλεόνασεν	πλεονάζω	V-	3AAI-S--
Rom 5:20	ἡ	ὁ	RA	----NSF-
Rom 5:20	ἁμαρτία	ἁμαρτία	N-	----NSF-
Rom 5:20	ὑπερεπερίσσευσεν	ὑπερπερισσεύω	V-	3AAI-S--
Rom 5:20	ἡ	ὁ	RA	----NSF-
Rom 5:20	χάρις	χάρις	N-	----NSF-
Rom 5:21	ἵνα	ἵνα	C-	--------
Rom 5:21	ὥσπερ	ὥσπερ	C-	--------
Rom 5:21	ἐβασίλευσεν	βασιλεύω	V-	3AAI-S--
Rom 5:21	ἡ	ὁ	RA	----NSF-
Rom 5:21	ἁμαρτία	ἁμαρτία	N-	----NSF-
Rom 5:21	ἐν	ἐν	P-	--------
Rom 5:21	τῷ	ὁ	RA	----DSM-
Rom 5:21	θανάτῳ	θάνατος	N-	----DSM-
Rom 5:21	οὕτως	οὕτω(ς)	D-	--------
Rom 5:21	καὶ	καί	D-	--------
Rom 5:21	ἡ	ὁ	RA	----NSF-
Rom 5:21	χάρις	χάρις	N-	----NSF-
Rom 5:21	βασιλεύσῃ	βασιλεύω	V-	3AAS-S--
Rom 5:21	διὰ	διά	P-	--------
Rom 5:21	δικαιοσύνης	δικαιοσύνη	N-	----GSF-
Rom 5:21	εἰς	εἰς	P-	--------
Rom 5:21	ζωὴν	ζωή	N-	----ASF-
Rom 5:21	αἰώνιον	αἰώνιος	A-	----ASF-
Rom 5:21	διὰ	διά	P-	--------
Rom 5:21	Ἰησοῦ	Ἰησοῦς	N-	----GSM-
Rom 5:21	Χριστοῦ	Χριστός	N-	----GSM-
Rom 5:21	τοῦ	ὁ	RA	----GSM-
Rom 5:21	κυρίου	κύριος	N-	----GSM-
Rom 5:21	ἡμῶν	ἐγώ	RP	----GP--
Rom 6:1	Τί	τίς	RI	----ASN-
Rom 6:1	οὖν	οὖν	C-	--------
Rom 6:1	ἐροῦμεν	λέγω	V-	1FAI-P--
Rom 6:1	ἐπιμένωμεν	ἐπιμένω	V-	1PAS-P--
Rom 6:1	τῇ	ὁ	RA	----DSF-
Rom 6:1	ἁμαρτίᾳ	ἁμαρτία	N-	----DSF-
Rom 6:1	ἵνα	ἵνα	C-	--------
Rom 6:1	ἡ	ὁ	RA	----NSF-
Rom 6:1	χάρις	χάρις	N-	----NSF-
Rom 6:1	πλεονάσῃ	πλεονάζω	V-	3AAS-S--
Rom 6:2	μὴ	μή	D-	--------
Rom 6:2	γένοιτο	γίνομαι	V-	3AMO-S--
Rom 6:2	οἵτινες	ὅστις	RR	----NPM-
Rom 6:2	ἀπεθάνομεν	ἀποθνῄσκω	V-	1AAI-P--
Rom 6:2	τῇ	ὁ	RA	----DSF-
Rom 6:2	ἁμαρτίᾳ	ἁμαρτία	N-	----DSF-
Rom 6:2	πῶς	πῶς	D-	--------
Rom 6:2	ἔτι	ἔτι	D-	--------
Rom 6:2	ζήσομεν	ζάω	V-	1FAI-P--
Rom 6:2	ἐν	ἐν	P-	--------
Rom 6:2	αὐτῇ	αὐτός	RP	----DSF-
Rom 6:3	ἢ	ἤ	C-	--------
Rom 6:3	ἀγνοεῖτε	ἀγνοέω	V-	2PAI-P--
Rom 6:3	ὅτι	ὅτι	C-	--------
Rom 6:3	ὅσοι	ὅσος	RR	----NPM-
Rom 6:3	ἐβαπτίσθημεν	βαπτίζω	V-	1API-P--
Rom 6:3	εἰς	εἰς	P-	--------
Rom 6:3	Χριστὸν	Χριστός	N-	----ASM-
Rom 6:3	Ἰησοῦν	Ἰησοῦς	N-	----ASM-
Rom 6:3	εἰς	εἰς	P-	--------
Rom 6:3	τὸν	ὁ	RA	----ASM-
Rom 6:3	θάνατον	θάνατος	N-	----ASM-
Rom 6:3	αὐτοῦ	αὐτός	RP	----GSM-
Rom 6:3	ἐβαπτίσθημεν	βαπτίζω	V-	1API-P--
Rom 6:4	συνετάφημεν	συνθάπτομαι	V-	1API-P--
Rom 6:4	οὖν	οὖν	C-	--------
Rom 6:4	αὐτῷ	αὐτός	RP	----DSM-
Rom 6:4	διὰ	διά	P-	--------
Rom 6:4	τοῦ	ὁ	RA	----GSN-
Rom 6:4	βαπτίσματος	βάπτισμα	N-	----GSN-
Rom 6:4	εἰς	εἰς	P-	--------
Rom 6:4	τὸν	ὁ	RA	----ASM-
Rom 6:4	θάνατον	θάνατος	N-	----ASM-
Rom 6:4	ἵνα	ἵνα	C-	--------
Rom 6:4	ὥσπερ	ὥσπερ	C-	--------
Rom 6:4	ἠγέρθη	ἐγείρω	V-	3API-S--
Rom 6:4	Χριστὸς	Χριστός	N-	----NSM-
Rom 6:4	ἐκ	ἐκ	P-	--------
Rom 6:4	νεκρῶν	νεκρός	A-	----GPM-
Rom 6:4	διὰ	διά	P-	--------
Rom 6:4	τῆς	ὁ	RA	----GSF-
Rom 6:4	δόξης	δόξα	N-	----GSF-
Rom 6:4	τοῦ	ὁ	RA	----GSM-
Rom 6:4	πατρός	πατήρ	N-	----GSM-
Rom 6:4	οὕτως	οὕτω(ς)	D-	--------
Rom 6:4	καὶ	καί	D-	--------
Rom 6:4	ἡμεῖς	ἐγώ	RP	----NP--
Rom 6:4	ἐν	ἐν	P-	--------
Rom 6:4	καινότητι	καινότης	N-	----DSF-
Rom 6:4	ζωῆς	ζωή	N-	----GSF-
Rom 6:4	περιπατήσωμεν	περιπατέω	V-	1AAS-P--
Rom 6:5	Εἰ	εἰ	C-	--------
Rom 6:5	γὰρ	γάρ	C-	--------
Rom 6:5	σύμφυτοι	σύμφυτος	A-	----NPM-
Rom 6:5	γεγόναμεν	γίνομαι	V-	1XAI-P--
Rom 6:5	τῷ	ὁ	RA	----DSN-
Rom 6:5	ὁμοιώματι	ὁμοίωμα	N-	----DSN-
Rom 6:5	τοῦ	ὁ	RA	----GSM-
Rom 6:5	θανάτου	θάνατος	N-	----GSM-
Rom 6:5	αὐτοῦ	αὐτός	RP	----GSM-
Rom 6:5	ἀλλὰ	ἀλλά	C-	--------
Rom 6:5	καὶ	καί	D-	--------
Rom 6:5	τῆς	ὁ	RA	----GSF-
Rom 6:5	ἀναστάσεως	ἀνάστασις	N-	----GSF-
Rom 6:5	ἐσόμεθα	εἰμί	V-	1FMI-P--
Rom 6:6	τοῦτο	οὗτος	RD	----ASN-
Rom 6:6	γινώσκοντες	γινώσκω	V-	-PAPNPM-
Rom 6:6	ὅτι	ὅτι	D-	--------
Rom 6:6	ὁ	ὁ	RA	----NSM-
Rom 6:6	παλαιὸς	παλαιός	A-	----NSM-
Rom 6:6	ἡμῶν	ἐγώ	RP	----GP--
Rom 6:6	ἄνθρωπος	ἄνθρωπος	N-	----NSM-
Rom 6:6	συνεσταυρώθη	συσταυρόομαι	V-	3API-S--
Rom 6:6	ἵνα	ἵνα	C-	--------
Rom 6:6	καταργηθῇ	καταργέω	V-	3APS-S--
Rom 6:6	τὸ	ὁ	RA	----NSN-
Rom 6:6	σῶμα	σῶμα	N-	----NSN-
Rom 6:6	τῆς	ὁ	RA	----GSF-
Rom 6:6	ἁμαρτίας	ἁμαρτία	N-	----GSF-
Rom 6:6	τοῦ	ὁ	RA	----GSN-
Rom 6:6	μηκέτι	μηκέτι	D-	--------
Rom 6:6	δουλεύειν	δουλεύω	V-	-PAN----
Rom 6:6	ἡμᾶς	ἐγώ	RP	----AP--
Rom 6:6	τῇ	ὁ	RA	----DSF-
Rom 6:6	ἁμαρτίᾳ	ἁμαρτία	N-	----DSF-
Rom 6:7	ὁ	ὁ	RA	----NSM-
Rom 6:7	γὰρ	γάρ	C-	--------
Rom 6:7	ἀποθανὼν	ἀποθνῄσκω	V-	-AAPNSM-
Rom 6:7	δεδικαίωται	δικαιόω	V-	3XPI-S--
Rom 6:7	ἀπὸ	ἀπό	P-	--------
Rom 6:7	τῆς	ὁ	RA	----GSF-
Rom 6:7	ἁμαρτίας	ἁμαρτία	N-	----GSF-
Rom 6:8	εἰ	εἰ	C-	--------
Rom 6:8	δὲ	δέ	C-	--------
Rom 6:8	ἀπεθάνομεν	ἀποθνῄσκω	V-	1AAI-P--
Rom 6:8	σὺν	σύν	P-	--------
Rom 6:8	Χριστῷ	Χριστός	N-	----DSM-
Rom 6:8	πιστεύομεν	πιστεύω	V-	1PAI-P--
Rom 6:8	ὅτι	ὅτι	C-	--------
Rom 6:8	καὶ	καί	D-	--------
Rom 6:8	συζήσομεν	συζάω	V-	1FAI-P--
Rom 6:8	αὐτῷ	αὐτός	RP	----DSM-
Rom 6:9	εἰδότες	οἶδα	V-	-XAPNPM-
Rom 6:9	ὅτι	ὅτι	C-	--------
Rom 6:9	Χριστὸς	Χριστός	N-	----NSM-
Rom 6:9	ἐγερθεὶς	ἐγείρω	V-	-APPNSM-
Rom 6:9	ἐκ	ἐκ	P-	--------
Rom 6:9	νεκρῶν	νεκρός	A-	----GPM-
Rom 6:9	οὐκέτι	οὐκέτι	D-	--------
Rom 6:9	ἀποθνῄσκει	ἀποθνῄσκω	V-	3PAI-S--
Rom 6:9	θάνατος	θάνατος	N-	----NSM-
Rom 6:9	αὐτοῦ	αὐτός	RP	----GSM-
Rom 6:9	οὐκέτι	οὐκέτι	D-	--------
Rom 6:9	κυριεύει	κυριεύω	V-	3PAI-S--
Rom 6:10	ὃ	ὅς	RR	----ASN-
Rom 6:10	γὰρ	γάρ	C-	--------
Rom 6:10	ἀπέθανεν	ἀποθνῄσκω	V-	3AAI-S--
Rom 6:10	τῇ	ὁ	RA	----DSF-
Rom 6:10	ἁμαρτίᾳ	ἁμαρτία	N-	----DSF-
Rom 6:10	ἀπέθανεν	ἀποθνῄσκω	V-	3AAI-S--
Rom 6:10	ἐφάπαξ	ἐφάπαξ	D-	--------
Rom 6:10	ὃ	ὅς	RR	----ASN-
Rom 6:10	δὲ	δέ	C-	--------
Rom 6:10	ζῇ	ζάω	V-	3PAI-S--
Rom 6:10	ζῇ	ζάω	V-	3PAI-S--
Rom 6:10	τῷ	ὁ	RA	----DSM-
Rom 6:10	θεῷ	θεός	N-	----DSM-
Rom 6:11	οὕτως	οὕτω(ς)	D-	--------
Rom 6:11	καὶ	καί	D-	--------
Rom 6:11	ὑμεῖς	σύ	RP	----NP--
Rom 6:11	λογίζεσθε	λογίζομαι	V-	2PMD-P--
Rom 6:11	ἑαυτοὺς	ἑαυτοῦ	RP	----APM-
Rom 6:11	εἶναι	εἰμί	V-	-PAN----
Rom 6:11	νεκροὺς	νεκρός	A-	----APM-
Rom 6:11	μὲν	μέν	C-	--------
Rom 6:11	τῇ	ὁ	RA	----DSF-
Rom 6:11	ἁμαρτίᾳ	ἁμαρτία	N-	----DSF-
Rom 6:11	ζῶντας	ζάω	V-	-PAPAPM-
Rom 6:11	δὲ	δέ	C-	--------
Rom 6:11	τῷ	ὁ	RA	----DSM-
Rom 6:11	θεῷ	θεός	N-	----DSM-
Rom 6:11	ἐν	ἐν	P-	--------
Rom 6:11	Χριστῷ	Χριστός	N-	----DSM-
Rom 6:11	Ἰησοῦ	Ἰησοῦς	N-	----DSM-
Rom 6:12	Μὴ	μή	D-	--------
Rom 6:12	οὖν	οὖν	C-	--------
Rom 6:12	βασιλευέτω	βασιλεύω	V-	3PAD-S--
Rom 6:12	ἡ	ὁ	RA	----NSF-
Rom 6:12	ἁμαρτία	ἁμαρτία	N-	----NSF-
Rom 6:12	ἐν	ἐν	P-	--------
Rom 6:12	τῷ	ὁ	RA	----DSN-
Rom 6:12	θνητῷ	θνητός	A-	----DSN-
Rom 6:12	ὑμῶν	σύ	RP	----GP--
Rom 6:12	σώματι	σῶμα	N-	----DSN-
Rom 6:12	εἰς	εἰς	P-	--------
Rom 6:12	τὸ	ὁ	RA	----ASN-
Rom 6:12	ὑπακούειν	ὑπακούω	V-	-PAN----
Rom 6:12	ταῖς	ὁ	RA	----DPF-
Rom 6:12	ἐπιθυμίαις	ἐπιθυμία	N-	----DPF-
Rom 6:12	αὐτοῦ	αὐτός	RP	----GSN-
Rom 6:13	μηδὲ	μηδέ	C-	--------
Rom 6:13	παριστάνετε	παρίστημι	V-	2PAD-P--
Rom 6:13	τὰ	ὁ	RA	----APN-
Rom 6:13	μέλη	μέλος	N-	----APN-
Rom 6:13	ὑμῶν	σύ	RP	----GP--
Rom 6:13	ὅπλα	ὅπλον	N-	----APN-
Rom 6:13	ἀδικίας	ἀδικία	N-	----GSF-
Rom 6:13	τῇ	ὁ	RA	----DSF-
Rom 6:13	ἁμαρτίᾳ	ἁμαρτία	N-	----DSF-
Rom 6:13	ἀλλὰ	ἀλλά	C-	--------
Rom 6:13	παραστήσατε	παρίστημι	V-	2AAD-P--
Rom 6:13	ἑαυτοὺς	ἑαυτοῦ	RP	----APM-
Rom 6:13	τῷ	ὁ	RA	----DSM-
Rom 6:13	θεῷ	θεός	N-	----DSM-
Rom 6:13	ὡσεὶ	ὡσεί	C-	--------
Rom 6:13	ἐκ	ἐκ	P-	--------
Rom 6:13	νεκρῶν	νεκρός	A-	----GPM-
Rom 6:13	ζῶντας	ζάω	V-	-PAPAPM-
Rom 6:13	καὶ	καί	C-	--------
Rom 6:13	τὰ	ὁ	RA	----APN-
Rom 6:13	μέλη	μέλος	N-	----APN-
Rom 6:13	ὑμῶν	σύ	RP	----GP--
Rom 6:13	ὅπλα	ὅπλον	N-	----APN-
Rom 6:13	δικαιοσύνης	δικαιοσύνη	N-	----GSF-
Rom 6:13	τῷ	ὁ	RA	----DSM-
Rom 6:13	θεῷ	θεός	N-	----DSM-
Rom 6:14	ἁμαρτία	ἁμαρτία	N-	----NSF-
Rom 6:14	γὰρ	γάρ	C-	--------
Rom 6:14	ὑμῶν	σύ	RP	----GP--
Rom 6:14	οὐ	οὐ	D-	--------
Rom 6:14	κυριεύσει	κυριεύω	V-	3FAI-S--
Rom 6:14	οὐ	οὐ	D-	--------
Rom 6:14	γάρ	γάρ	C-	--------
Rom 6:14	ἐστε	εἰμί	V-	2PAI-P--
Rom 6:14	ὑπὸ	ὑπό	P-	--------
Rom 6:14	νόμον	νόμος	N-	----ASM-
Rom 6:14	ἀλλὰ	ἀλλά	C-	--------
Rom 6:14	ὑπὸ	ὑπό	P-	--------
Rom 6:14	χάριν	χάρις	N-	----ASF-
Rom 6:15	Τί	τίς	RI	----ASN-
Rom 6:15	οὖν	οὖν	C-	--------
Rom 6:15	ἁμαρτήσωμεν	ἁμαρτάνω	V-	1AAS-P--
Rom 6:15	ὅτι	ὅτι	C-	--------
Rom 6:15	οὐκ	οὐ	D-	--------
Rom 6:15	ἐσμὲν	εἰμί	V-	1PAI-P--
Rom 6:15	ὑπὸ	ὑπό	P-	--------
Rom 6:15	νόμον	νόμος	N-	----ASM-
Rom 6:15	ἀλλὰ	ἀλλά	C-	--------
Rom 6:15	ὑπὸ	ὑπό	P-	--------
Rom 6:15	χάριν	χάρις	N-	----ASF-
Rom 6:15	μὴ	μή	D-	--------
Rom 6:15	γένοιτο	γίνομαι	V-	3AMO-S--
Rom 6:16	οὐκ	οὐ	D-	--------
Rom 6:16	οἴδατε	οἶδα	V-	2XAI-P--
Rom 6:16	ὅτι	ὅτι	C-	--------
Rom 6:16	ᾧ	ὅς	RR	----DSM-
Rom 6:16	παριστάνετε	παρίστημι	V-	2PAI-P--
Rom 6:16	ἑαυτοὺς	ἑαυτοῦ	RP	----APM-
Rom 6:16	δούλους	δοῦλος	N-	----APM-
Rom 6:16	εἰς	εἰς	P-	--------
Rom 6:16	ὑπακοήν	ὑπακοή	N-	----ASF-
Rom 6:16	δοῦλοί	δοῦλος	N-	----NPM-
Rom 6:16	ἐστε	εἰμί	V-	2PAI-P--
Rom 6:16	ᾧ	ὅς	RR	----DSM-
Rom 6:16	ὑπακούετε	ὑπακούω	V-	2PAI-P--
Rom 6:16	ἤτοι	ἤτοι	C-	--------
Rom 6:16	ἁμαρτίας	ἁμαρτία	N-	----GSF-
Rom 6:16	εἰς	εἰς	P-	--------
Rom 6:16	θάνατον	θάνατος	N-	----ASM-
Rom 6:16	ἢ	ἤ	C-	--------
Rom 6:16	ὑπακοῆς	ὑπακοή	N-	----GSF-
Rom 6:16	εἰς	εἰς	P-	--------
Rom 6:16	δικαιοσύνην	δικαιοσύνη	N-	----ASF-
Rom 6:17	χάρις	χάρις	N-	----NSF-
Rom 6:17	δὲ	δέ	C-	--------
Rom 6:17	τῷ	ὁ	RA	----DSM-
Rom 6:17	θεῷ	θεός	N-	----DSM-
Rom 6:17	ὅτι	ὅτι	C-	--------
Rom 6:17	ἦτε	εἰμί	V-	2IAI-P--
Rom 6:17	δοῦλοι	δοῦλος	N-	----NPM-
Rom 6:17	τῆς	ὁ	RA	----GSF-
Rom 6:17	ἁμαρτίας	ἁμαρτία	N-	----GSF-
Rom 6:17	ὑπηκούσατε	ὑπακούω	V-	2AAI-P--
Rom 6:17	δὲ	δέ	C-	--------
Rom 6:17	ἐκ	ἐκ	P-	--------
Rom 6:17	καρδίας	καρδία	N-	----GSF-
Rom 6:17	εἰς	εἰς	P-	--------
Rom 6:17	ὃν	ὅς	RR	----ASM-
Rom 6:17	παρεδόθητε	παραδίδωμι	V-	2API-P--
Rom 6:17	τύπον	τύπος	N-	----ASM-
Rom 6:17	διδαχῆς	διδαχή	N-	----GSF-
Rom 6:18	ἐλευθερωθέντες	ἐλευθερόω	V-	-APPNPM-
Rom 6:18	δὲ	δέ	C-	--------
Rom 6:18	ἀπὸ	ἀπό	P-	--------
Rom 6:18	τῆς	ὁ	RA	----GSF-
Rom 6:18	ἁμαρτίας	ἁμαρτία	N-	----GSF-
Rom 6:18	ἐδουλώθητε	δουλόω	V-	2API-P--
Rom 6:18	τῇ	ὁ	RA	----DSF-
Rom 6:18	δικαιοσύνῃ	δικαιοσύνη	N-	----DSF-
Rom 6:19	ἀνθρώπινον	ἀνθρώπινος	A-	----ASN-
Rom 6:19	λέγω	λέγω	V-	1PAI-S--
Rom 6:19	διὰ	διά	P-	--------
Rom 6:19	τὴν	ὁ	RA	----ASF-
Rom 6:19	ἀσθένειαν	ἀσθένεια	N-	----ASF-
Rom 6:19	τῆς	ὁ	RA	----GSF-
Rom 6:19	σαρκὸς	σάρξ	N-	----GSF-
Rom 6:19	ὑμῶν	σύ	RP	----GP--
Rom 6:19	ὥσπερ	ὥσπερ	C-	--------
Rom 6:19	γὰρ	γάρ	C-	--------
Rom 6:19	παρεστήσατε	παρίστημι	V-	2AAI-P--
Rom 6:19	τὰ	ὁ	RA	----APN-
Rom 6:19	μέλη	μέλος	N-	----APN-
Rom 6:19	ὑμῶν	σύ	RP	----GP--
Rom 6:19	δοῦλα	δοῦλος	A-	----APN-
Rom 6:19	τῇ	ὁ	RA	----DSF-
Rom 6:19	ἀκαθαρσίᾳ	ἀκαθαρσία	N-	----DSF-
Rom 6:19	καὶ	καί	C-	--------
Rom 6:19	τῇ	ὁ	RA	----DSF-
Rom 6:19	ἀνομίᾳ	ἀνομία	N-	----DSF-
Rom 6:19	εἰς	εἰς	P-	--------
Rom 6:19	τὴν	ὁ	RA	----ASF-
Rom 6:19	ἀνομίαν	ἀνομία	N-	----ASF-
Rom 6:19	οὕτως	οὕτω(ς)	D-	--------
Rom 6:19	νῦν	νῦν	D-	--------
Rom 6:19	παραστήσατε	παρίστημι	V-	2AAD-P--
Rom 6:19	τὰ	ὁ	RA	----APN-
Rom 6:19	μέλη	μέλος	N-	----APN-
Rom 6:19	ὑμῶν	σύ	RP	----GP--
Rom 6:19	δοῦλα	δοῦλος	A-	----APN-
Rom 6:19	τῇ	ὁ	RA	----DSF-
Rom 6:19	δικαιοσύνῃ	δικαιοσύνη	N-	----DSF-
Rom 6:19	εἰς	εἰς	P-	--------
Rom 6:19	ἁγιασμόν	ἁγιασμός	N-	----ASM-
Rom 6:20	Ὅτε	ὅτε	C-	--------
Rom 6:20	γὰρ	γάρ	C-	--------
Rom 6:20	δοῦλοι	δοῦλος	N-	----NPM-
Rom 6:20	ἦτε	εἰμί	V-	2IAI-P--
Rom 6:20	τῆς	ὁ	RA	----GSF-
Rom 6:20	ἁμαρτίας	ἁμαρτία	N-	----GSF-
Rom 6:20	ἐλεύθεροι	ἐλεύθερος	A-	----NPM-
Rom 6:20	ἦτε	εἰμί	V-	2IAI-P--
Rom 6:20	τῇ	ὁ	RA	----DSF-
Rom 6:20	δικαιοσύνῃ	δικαιοσύνη	N-	----DSF-
Rom 6:21	τίνα	τίς	RI	----ASM-
Rom 6:21	οὖν	οὖν	C-	--------
Rom 6:21	καρπὸν	καρπός	N-	----ASM-
Rom 6:21	εἴχετε	ἔχω	V-	2IAI-P--
Rom 6:21	τότε	τότε	D-	--------
Rom 6:21	ἐφ’	ἐπί	P-	--------
Rom 6:21	οἷς	ὅς	RR	----DPN-
Rom 6:21	νῦν	νῦν	D-	--------
Rom 6:21	ἐπαισχύνεσθε	ἐπαισχύνομαι	V-	2PMI-P--
Rom 6:21	τὸ	ὁ	RA	----NSN-
Rom 6:21	γὰρ	γάρ	C-	--------
Rom 6:21	τέλος	τέλος	N-	----NSN-
Rom 6:21	ἐκείνων	ἐκεῖνος	RD	----GPM-
Rom 6:21	θάνατος	θάνατος	N-	----NSM-
Rom 6:22	νυνὶ	νυνί	D-	--------
Rom 6:22	δέ	δέ	C-	--------
Rom 6:22	ἐλευθερωθέντες	ἐλευθερόω	V-	-APPNPM-
Rom 6:22	ἀπὸ	ἀπό	P-	--------
Rom 6:22	τῆς	ὁ	RA	----GSF-
Rom 6:22	ἁμαρτίας	ἁμαρτία	N-	----GSF-
Rom 6:22	δουλωθέντες	δουλόω	V-	-APPNPM-
Rom 6:22	δὲ	δέ	C-	--------
Rom 6:22	τῷ	ὁ	RA	----DSM-
Rom 6:22	θεῷ	θεός	N-	----DSM-
Rom 6:22	ἔχετε	ἔχω	V-	2PAI-P--
Rom 6:22	τὸν	ὁ	RA	----ASM-
Rom 6:22	καρπὸν	καρπός	N-	----ASM-
Rom 6:22	ὑμῶν	σύ	RP	----GP--
Rom 6:22	εἰς	εἰς	P-	--------
Rom 6:22	ἁγιασμόν	ἁγιασμός	N-	----ASM-
Rom 6:22	τὸ	ὁ	RA	----ASN-
Rom 6:22	δὲ	δέ	C-	--------
Rom 6:22	τέλος	τέλος	N-	----ASN-
Rom 6:22	ζωὴν	ζωή	N-	----ASF-
Rom 6:22	αἰώνιον	αἰώνιος	A-	----ASF-
Rom 6:23	τὰ	ὁ	RA	----NPN-
Rom 6:23	γὰρ	γάρ	C-	--------
Rom 6:23	ὀψώνια	ὀψώνιον	N-	----NPN-
Rom 6:23	τῆς	ὁ	RA	----GSF-
Rom 6:23	ἁμαρτίας	ἁμαρτία	N-	----GSF-
Rom 6:23	θάνατος	θάνατος	N-	----NSM-
Rom 6:23	τὸ	ὁ	RA	----NSN-
Rom 6:23	δὲ	δέ	C-	--------
Rom 6:23	χάρισμα	χάρισμα	N-	----NSN-
Rom 6:23	τοῦ	ὁ	RA	----GSM-
Rom 6:23	θεοῦ	θεός	N-	----GSM-
Rom 6:23	ζωὴ	ζωή	N-	----NSF-
Rom 6:23	αἰώνιος	αἰώνιος	A-	----NSF-
Rom 6:23	ἐν	ἐν	P-	--------
Rom 6:23	Χριστῷ	Χριστός	N-	----DSM-
Rom 6:23	Ἰησοῦ	Ἰησοῦς	N-	----DSM-
Rom 6:23	τῷ	ὁ	RA	----DSM-
Rom 6:23	κυρίῳ	κύριος	N-	----DSM-
Rom 6:23	ἡμῶν	ἐγώ	RP	----GP--
Rom 7:1	Ἢ	ἤ	C-	--------
Rom 7:1	ἀγνοεῖτε	ἀγνοέω	V-	2PAI-P--
Rom 7:1	ἀδελφοί	ἀδελφός	N-	----VPM-
Rom 7:1	γινώσκουσιν	γινώσκω	V-	-PAPDPM-
Rom 7:1	γὰρ	γάρ	C-	--------
Rom 7:1	νόμον	νόμος	N-	----ASM-
Rom 7:1	λαλῶ	λαλέω	V-	1PAI-S--
Rom 7:1	ὅτι	ὅτι	C-	--------
Rom 7:1	ὁ	ὁ	RA	----NSM-
Rom 7:1	νόμος	νόμος	N-	----NSM-
Rom 7:1	κυριεύει	κυριεύω	V-	3PAI-S--
Rom 7:1	τοῦ	ὁ	RA	----GSM-
Rom 7:1	ἀνθρώπου	ἄνθρωπος	N-	----GSM-
Rom 7:1	ἐφ’	ἐπί	P-	--------
Rom 7:1	ὅσον	ὅσος	RR	----ASM-
Rom 7:1	χρόνον	χρόνος	N-	----ASM-
Rom 7:1	ζῇ	ζάω	V-	3PAI-S--
Rom 7:2	ἡ	ὁ	RA	----NSF-
Rom 7:2	γὰρ	γάρ	C-	--------
Rom 7:2	ὕπανδρος	ὕπανδρος	A-	----NSF-
Rom 7:2	γυνὴ	γυνή	N-	----NSF-
Rom 7:2	τῷ	ὁ	RA	----DSM-
Rom 7:2	ζῶντι	ζάω	V-	-PAPDSM-
Rom 7:2	ἀνδρὶ	ἀνήρ	N-	----DSM-
Rom 7:2	δέδεται	δέω	V-	3XPI-S--
Rom 7:2	νόμῳ	νόμος	N-	----DSM-
Rom 7:2	ἐὰν	ἐάν	C-	--------
Rom 7:2	δὲ	δέ	C-	--------
Rom 7:2	ἀποθάνῃ	ἀποθνῄσκω	V-	3AAS-S--
Rom 7:2	ὁ	ὁ	RA	----NSM-
Rom 7:2	ἀνήρ	ἀνήρ	N-	----NSM-
Rom 7:2	κατήργηται	καταργέω	V-	3XPI-S--
Rom 7:2	ἀπὸ	ἀπό	P-	--------
Rom 7:2	τοῦ	ὁ	RA	----GSM-
Rom 7:2	νόμου	νόμος	N-	----GSM-
Rom 7:2	τοῦ	ὁ	RA	----GSM-
Rom 7:2	ἀνδρός	ἀνήρ	N-	----GSM-
Rom 7:3	ἄρα	ἄρα	C-	--------
Rom 7:3	οὖν	οὖν	C-	--------
Rom 7:3	ζῶντος	ζάω	V-	-PAPGSM-
Rom 7:3	τοῦ	ὁ	RA	----GSM-
Rom 7:3	ἀνδρὸς	ἀνήρ	N-	----GSM-
Rom 7:3	μοιχαλὶς	μοιχαλίς	A-	----NSF-
Rom 7:3	χρηματίσει	χρηματίζω	V-	3FAI-S--
Rom 7:3	ἐὰν	ἐάν	C-	--------
Rom 7:3	γένηται	γίνομαι	V-	3AMS-S--
Rom 7:3	ἀνδρὶ	ἀνήρ	N-	----DSM-
Rom 7:3	ἑτέρῳ	ἕτερος	A-	----DSM-
Rom 7:3	ἐὰν	ἐάν	C-	--------
Rom 7:3	δὲ	δέ	C-	--------
Rom 7:3	ἀποθάνῃ	ἀποθνῄσκω	V-	3AAS-S--
Rom 7:3	ὁ	ὁ	RA	----NSM-
Rom 7:3	ἀνήρ	ἀνήρ	N-	----NSM-
Rom 7:3	ἐλευθέρα	ἐλεύθερος	A-	----NSF-
Rom 7:3	ἐστὶν	εἰμί	V-	3PAI-S--
Rom 7:3	ἀπὸ	ἀπό	P-	--------
Rom 7:3	τοῦ	ὁ	RA	----GSM-
Rom 7:3	νόμου	νόμος	N-	----GSM-
Rom 7:3	τοῦ	ὁ	RA	----GSN-
Rom 7:3	μὴ	μή	D-	--------
Rom 7:3	εἶναι	εἰμί	V-	-PAN----
Rom 7:3	αὐτὴν	αὐτός	RP	----ASF-
Rom 7:3	μοιχαλίδα	μοιχαλίς	A-	----ASF-
Rom 7:3	γενομένην	γίνομαι	V-	-AMPASF-
Rom 7:3	ἀνδρὶ	ἀνήρ	N-	----DSM-
Rom 7:3	ἑτέρῳ	ἕτερος	A-	----DSM-
Rom 7:4	Ὥστε	ὥστε	C-	--------
Rom 7:4	ἀδελφοί	ἀδελφός	N-	----VPM-
Rom 7:4	μου	ἐγώ	RP	----GS--
Rom 7:4	καὶ	καί	D-	--------
Rom 7:4	ὑμεῖς	σύ	RP	----NP--
Rom 7:4	ἐθανατώθητε	θανατόω	V-	2API-P--
Rom 7:4	τῷ	ὁ	RA	----DSM-
Rom 7:4	νόμῳ	νόμος	N-	----DSM-
Rom 7:4	διὰ	διά	P-	--------
Rom 7:4	τοῦ	ὁ	RA	----GSN-
Rom 7:4	σώματος	σῶμα	N-	----GSN-
Rom 7:4	τοῦ	ὁ	RA	----GSM-
Rom 7:4	Χριστοῦ	Χριστός	N-	----GSM-
Rom 7:4	εἰς	εἰς	P-	--------
Rom 7:4	τὸ	ὁ	RA	----ASN-
Rom 7:4	γενέσθαι	γίνομαι	V-	-AMN----
Rom 7:4	ὑμᾶς	σύ	RP	----AP--
Rom 7:4	ἑτέρῳ	ἕτερος	A-	----DSM-
Rom 7:4	τῷ	ὁ	RA	----DSM-
Rom 7:4	ἐκ	ἐκ	P-	--------
Rom 7:4	νεκρῶν	νεκρός	A-	----GPM-
Rom 7:4	ἐγερθέντι	ἐγείρω	V-	-APPDSM-
Rom 7:4	ἵνα	ἵνα	C-	--------
Rom 7:4	καρποφορήσωμεν	καρποφορέω	V-	1AAS-P--
Rom 7:4	τῷ	ὁ	RA	----DSM-
Rom 7:4	θεῷ	θεός	N-	----DSM-
Rom 7:5	ὅτε	ὅτε	C-	--------
Rom 7:5	γὰρ	γάρ	C-	--------
Rom 7:5	ἦμεν	εἰμί	V-	1IAI-P--
Rom 7:5	ἐν	ἐν	P-	--------
Rom 7:5	τῇ	ὁ	RA	----DSF-
Rom 7:5	σαρκί	σάρξ	N-	----DSF-
Rom 7:5	τὰ	ὁ	RA	----NPN-
Rom 7:5	παθήματα	πάθημα	N-	----NPN-
Rom 7:5	τῶν	ὁ	RA	----GPF-
Rom 7:5	ἁμαρτιῶν	ἁμαρτία	N-	----GPF-
Rom 7:5	τὰ	ὁ	RA	----NPN-
Rom 7:5	διὰ	διά	P-	--------
Rom 7:5	τοῦ	ὁ	RA	----GSM-
Rom 7:5	νόμου	νόμος	N-	----GSM-
Rom 7:5	ἐνηργεῖτο	ἐνεργέω	V-	3IMI-S--
Rom 7:5	ἐν	ἐν	P-	--------
Rom 7:5	τοῖς	ὁ	RA	----DPN-
Rom 7:5	μέλεσιν	μέλος	N-	----DPN-
Rom 7:5	ἡμῶν	ἐγώ	RP	----GP--
Rom 7:5	εἰς	εἰς	P-	--------
Rom 7:5	τὸ	ὁ	RA	----ASN-
Rom 7:5	καρποφορῆσαι	καρποφορέω	V-	-AAN----
Rom 7:5	τῷ	ὁ	RA	----DSM-
Rom 7:5	θανάτῳ	θάνατος	N-	----DSM-
Rom 7:6	νυνὶ	νυνί	D-	--------
Rom 7:6	δὲ	δέ	C-	--------
Rom 7:6	κατηργήθημεν	καταργέω	V-	1API-P--
Rom 7:6	ἀπὸ	ἀπό	P-	--------
Rom 7:6	τοῦ	ὁ	RA	----GSM-
Rom 7:6	νόμου	νόμος	N-	----GSM-
Rom 7:6	ἀποθανόντες	ἀποθνῄσκω	V-	-AAPNPM-
Rom 7:6	ἐν	ἐν	P-	--------
Rom 7:6	ᾧ	ὅς	RR	----DSM-
Rom 7:6	κατειχόμεθα	κατέχω	V-	1IPI-P--
Rom 7:6	ὥστε	ὥστε	C-	--------
Rom 7:6	δουλεύειν	δουλεύω	V-	-PAN----
Rom 7:6	ἡμᾶς	ἐγώ	RP	----AP--
Rom 7:6	ἐν	ἐν	P-	--------
Rom 7:6	καινότητι	καινότης	N-	----DSF-
Rom 7:6	πνεύματος	πνεῦμα	N-	----GSN-
Rom 7:6	καὶ	καί	C-	--------
Rom 7:6	οὐ	οὐ	D-	--------
Rom 7:6	παλαιότητι	παλαιότης	N-	----DSF-
Rom 7:6	γράμματος	γράμμα	N-	----GSN-
Rom 7:7	Τί	τίς	RI	----ASN-
Rom 7:7	οὖν	οὖν	C-	--------
Rom 7:7	ἐροῦμεν	λέγω	V-	1FAI-P--
Rom 7:7	ὁ	ὁ	RA	----NSM-
Rom 7:7	νόμος	νόμος	N-	----NSM-
Rom 7:7	ἁμαρτία	ἁμαρτία	N-	----NSF-
Rom 7:7	μὴ	μή	D-	--------
Rom 7:7	γένοιτο	γίνομαι	V-	3AMO-S--
Rom 7:7	ἀλλὰ	ἀλλά	C-	--------
Rom 7:7	τὴν	ὁ	RA	----ASF-
Rom 7:7	ἁμαρτίαν	ἁμαρτία	N-	----ASF-
Rom 7:7	οὐκ	οὐ	D-	--------
Rom 7:7	ἔγνων	γινώσκω	V-	1AAI-S--
Rom 7:7	εἰ	εἰ	C-	--------
Rom 7:7	μὴ	μή	D-	--------
Rom 7:7	διὰ	διά	P-	--------
Rom 7:7	νόμου	νόμος	N-	----GSM-
Rom 7:7	τήν	ὁ	RA	----ASF-
Rom 7:7	τε	τέ	C-	--------
Rom 7:7	γὰρ	γάρ	C-	--------
Rom 7:7	ἐπιθυμίαν	ἐπιθυμία	N-	----ASF-
Rom 7:7	οὐκ	οὐ	D-	--------
Rom 7:7	ᾔδειν	οἶδα	V-	1YAI-S--
Rom 7:7	εἰ	εἰ	C-	--------
Rom 7:7	μὴ	μή	D-	--------
Rom 7:7	ὁ	ὁ	RA	----NSM-
Rom 7:7	νόμος	νόμος	N-	----NSM-
Rom 7:7	ἔλεγεν	λέγω	V-	3IAI-S--
Rom 7:7	Οὐκ	οὐ	D-	--------
Rom 7:7	ἐπιθυμήσεις	ἐπιθυμέω	V-	2FAI-S--
Rom 7:8	ἀφορμὴν	ἀφορμή	N-	----ASF-
Rom 7:8	δὲ	δέ	C-	--------
Rom 7:8	λαβοῦσα	λαμβάνω	V-	-AAPNSF-
Rom 7:8	ἡ	ὁ	RA	----NSF-
Rom 7:8	ἁμαρτία	ἁμαρτία	N-	----NSF-
Rom 7:8	διὰ	διά	P-	--------
Rom 7:8	τῆς	ὁ	RA	----GSF-
Rom 7:8	ἐντολῆς	ἐντολή	N-	----GSF-
Rom 7:8	κατειργάσατο	κατεργάζομαι	V-	3AMI-S--
Rom 7:8	ἐν	ἐν	P-	--------
Rom 7:8	ἐμοὶ	ἐγώ	RP	----DS--
Rom 7:8	πᾶσαν	πᾶς	A-	----ASF-
Rom 7:8	ἐπιθυμίαν	ἐπιθυμία	N-	----ASF-
Rom 7:8	χωρὶς	χωρίς	P-	--------
Rom 7:8	γὰρ	γάρ	C-	--------
Rom 7:8	νόμου	νόμος	N-	----GSM-
Rom 7:8	ἁμαρτία	ἁμαρτία	N-	----NSF-
Rom 7:8	νεκρά	νεκρός	A-	----NSF-
Rom 7:9	ἐγὼ	ἐγώ	RP	----NS--
Rom 7:9	δὲ	δέ	C-	--------
Rom 7:9	ἔζων	ζάω	V-	1IAI-S--
Rom 7:9	χωρὶς	χωρίς	P-	--------
Rom 7:9	νόμου	νόμος	N-	----GSM-
Rom 7:9	ποτέ	ποτέ	D-	--------
Rom 7:9	ἐλθούσης	ἔρχομαι	V-	-AAPGSF-
Rom 7:9	δὲ	δέ	C-	--------
Rom 7:9	τῆς	ὁ	RA	----GSF-
Rom 7:9	ἐντολῆς	ἐντολή	N-	----GSF-
Rom 7:9	ἡ	ὁ	RA	----NSF-
Rom 7:9	ἁμαρτία	ἁμαρτία	N-	----NSF-
Rom 7:9	ἀνέζησεν	ἀναζάω	V-	3AAI-S--
Rom 7:10	ἐγὼ	ἐγώ	RP	----NS--
Rom 7:10	δὲ	δέ	C-	--------
Rom 7:10	ἀπέθανον	ἀποθνῄσκω	V-	1AAI-S--
Rom 7:10	καὶ	καί	C-	--------
Rom 7:10	εὑρέθη	εὑρίσκω	V-	3API-S--
Rom 7:10	μοι	ἐγώ	RP	----DS--
Rom 7:10	ἡ	ὁ	RA	----NSF-
Rom 7:10	ἐντολὴ	ἐντολή	N-	----NSF-
Rom 7:10	ἡ	ὁ	RA	----NSF-
Rom 7:10	εἰς	εἰς	P-	--------
Rom 7:10	ζωὴν	ζωή	N-	----ASF-
Rom 7:10	αὕτη	οὗτος	RD	----NSF-
Rom 7:10	εἰς	εἰς	P-	--------
Rom 7:10	θάνατον	θάνατος	N-	----ASM-
Rom 7:11	ἡ	ὁ	RA	----NSF-
Rom 7:11	γὰρ	γάρ	C-	--------
Rom 7:11	ἁμαρτία	ἁμαρτία	N-	----NSF-
Rom 7:11	ἀφορμὴν	ἀφορμή	N-	----ASF-
Rom 7:11	λαβοῦσα	λαμβάνω	V-	-AAPNSF-
Rom 7:11	διὰ	διά	P-	--------
Rom 7:11	τῆς	ὁ	RA	----GSF-
Rom 7:11	ἐντολῆς	ἐντολή	N-	----GSF-
Rom 7:11	ἐξηπάτησέν	ἐξαπατάω	V-	3AAI-S--
Rom 7:11	με	ἐγώ	RP	----AS--
Rom 7:11	καὶ	καί	C-	--------
Rom 7:11	δι’	διά	P-	--------
Rom 7:11	αὐτῆς	αὐτός	RP	----GSF-
Rom 7:11	ἀπέκτεινεν	ἀποκτείνω	V-	3AAI-S--
Rom 7:12	ὥστε	ὥστε	C-	--------
Rom 7:12	ὁ	ὁ	RA	----NSM-
Rom 7:12	μὲν	μέν	C-	--------
Rom 7:12	νόμος	νόμος	N-	----NSM-
Rom 7:12	ἅγιος	ἅγιος	A-	----NSM-
Rom 7:12	καὶ	καί	C-	--------
Rom 7:12	ἡ	ὁ	RA	----NSF-
Rom 7:12	ἐντολὴ	ἐντολή	N-	----NSF-
Rom 7:12	ἁγία	ἅγιος	A-	----NSF-
Rom 7:12	καὶ	καί	C-	--------
Rom 7:12	δικαία	δίκαιος	A-	----NSF-
Rom 7:12	καὶ	καί	C-	--------
Rom 7:12	ἀγαθή	ἀγαθός	A-	----NSF-
Rom 7:13	Τὸ	ὁ	RA	----NSN-
Rom 7:13	οὖν	οὖν	C-	--------
Rom 7:13	ἀγαθὸν	ἀγαθός	A-	----NSN-
Rom 7:13	ἐμοὶ	ἐγώ	RP	----DS--
Rom 7:13	ἐγένετο	γίνομαι	V-	3AMI-S--
Rom 7:13	θάνατος	θάνατος	N-	----NSM-
Rom 7:13	μὴ	μή	D-	--------
Rom 7:13	γένοιτο	γίνομαι	V-	3AMO-S--
Rom 7:13	ἀλλὰ	ἀλλά	C-	--------
Rom 7:13	ἡ	ὁ	RA	----NSF-
Rom 7:13	ἁμαρτία	ἁμαρτία	N-	----NSF-
Rom 7:13	ἵνα	ἵνα	C-	--------
Rom 7:13	φανῇ	φαίνω	V-	3APS-S--
Rom 7:13	ἁμαρτία	ἁμαρτία	N-	----NSF-
Rom 7:13	διὰ	διά	P-	--------
Rom 7:13	τοῦ	ὁ	RA	----GSN-
Rom 7:13	ἀγαθοῦ	ἀγαθός	A-	----GSN-
Rom 7:13	μοι	ἐγώ	RP	----DS--
Rom 7:13	κατεργαζομένη	κατεργάζομαι	V-	-PMPNSF-
Rom 7:13	θάνατον	θάνατος	N-	----ASM-
Rom 7:13	ἵνα	ἵνα	C-	--------
Rom 7:13	γένηται	γίνομαι	V-	3AMS-S--
Rom 7:13	καθ’	κατά	P-	--------
Rom 7:13	ὑπερβολὴν	ὑπερβολή	N-	----ASF-
Rom 7:13	ἁμαρτωλὸς	ἁμαρτωλός	A-	----NSF-
Rom 7:13	ἡ	ὁ	RA	----NSF-
Rom 7:13	ἁμαρτία	ἁμαρτία	N-	----NSF-
Rom 7:13	διὰ	διά	P-	--------
Rom 7:13	τῆς	ὁ	RA	----GSF-
Rom 7:13	ἐντολῆς	ἐντολή	N-	----GSF-
Rom 7:14	Οἴδαμεν	οἶδα	V-	1XAI-P--
Rom 7:14	γὰρ	γάρ	C-	--------
Rom 7:14	ὅτι	ὅτι	C-	--------
Rom 7:14	ὁ	ὁ	RA	----NSM-
Rom 7:14	νόμος	νόμος	N-	----NSM-
Rom 7:14	πνευματικός	πνευματικός	A-	----NSM-
Rom 7:14	ἐστιν	εἰμί	V-	3PAI-S--
Rom 7:14	ἐγὼ	ἐγώ	RP	----NS--
Rom 7:14	δὲ	δέ	C-	--------
Rom 7:14	σάρκινός	σάρκινος	A-	----NSM-
Rom 7:14	εἰμι	εἰμί	V-	1PAI-S--
Rom 7:14	πεπραμένος	πιπράσκω	V-	-XPPNSM-
Rom 7:14	ὑπὸ	ὑπό	P-	--------
Rom 7:14	τὴν	ὁ	RA	----ASF-
Rom 7:14	ἁμαρτίαν	ἁμαρτία	N-	----ASF-
Rom 7:15	ὃ	ὅς	RR	----ASN-
Rom 7:15	γὰρ	γάρ	C-	--------
Rom 7:15	κατεργάζομαι	κατεργάζομαι	V-	1PMI-S--
Rom 7:15	οὐ	οὐ	D-	--------
Rom 7:15	γινώσκω	γινώσκω	V-	1PAI-S--
Rom 7:15	οὐ	οὐ	D-	--------
Rom 7:15	γὰρ	γάρ	C-	--------
Rom 7:15	ὃ	ὅς	RR	----ASN-
Rom 7:15	θέλω	θέλω	V-	1PAI-S--
Rom 7:15	τοῦτο	οὗτος	RD	----ASN-
Rom 7:15	πράσσω	πράσσω	V-	1PAI-S--
Rom 7:15	ἀλλ’	ἀλλά	C-	--------
Rom 7:15	ὃ	ὅς	RR	----ASN-
Rom 7:15	μισῶ	μισέω	V-	1PAI-S--
Rom 7:15	τοῦτο	οὗτος	RD	----ASN-
Rom 7:15	ποιῶ	ποιέω	V-	1PAI-S--
Rom 7:16	εἰ	εἰ	C-	--------
Rom 7:16	δὲ	δέ	C-	--------
Rom 7:16	ὃ	ὅς	RR	----ASN-
Rom 7:16	οὐ	οὐ	D-	--------
Rom 7:16	θέλω	θέλω	V-	1PAI-S--
Rom 7:16	τοῦτο	οὗτος	RD	----ASN-
Rom 7:16	ποιῶ	ποιέω	V-	1PAI-S--
Rom 7:16	σύμφημι	σύμφημι	V-	1PAI-S--
Rom 7:16	τῷ	ὁ	RA	----DSM-
Rom 7:16	νόμῳ	νόμος	N-	----DSM-
Rom 7:16	ὅτι	ὅτι	C-	--------
Rom 7:16	καλός	καλός	A-	----NSM-
Rom 7:17	νυνὶ	νυνί	D-	--------
Rom 7:17	δὲ	δέ	C-	--------
Rom 7:17	οὐκέτι	οὐκέτι	D-	--------
Rom 7:17	ἐγὼ	ἐγώ	RP	----NS--
Rom 7:17	κατεργάζομαι	κατεργάζομαι	V-	1PMI-S--
Rom 7:17	αὐτὸ	αὐτός	RP	----ASN-
Rom 7:17	ἀλλὰ	ἀλλά	C-	--------
Rom 7:17	ἡ	ὁ	RA	----NSF-
Rom 7:17	οἰκοῦσα	οἰκέω	V-	-PAPNSF-
Rom 7:17	ἐν	ἐν	P-	--------
Rom 7:17	ἐμοὶ	ἐγώ	RP	----DS--
Rom 7:17	ἁμαρτία	ἁμαρτία	N-	----NSF-
Rom 7:18	οἶδα	οἶδα	V-	1XAI-S--
Rom 7:18	γὰρ	γάρ	C-	--------
Rom 7:18	ὅτι	ὅτι	C-	--------
Rom 7:18	οὐκ	οὐ	D-	--------
Rom 7:18	οἰκεῖ	οἰκέω	V-	3PAI-S--
Rom 7:18	ἐν	ἐν	P-	--------
Rom 7:18	ἐμοί	ἐγώ	RP	----DS--
Rom 7:18	τοῦτ’	οὗτος	RD	----NSN-
Rom 7:18	ἔστιν	εἰμί	V-	3PAI-S--
Rom 7:18	ἐν	ἐν	P-	--------
Rom 7:18	τῇ	ὁ	RA	----DSF-
Rom 7:18	σαρκί	σάρξ	N-	----DSF-
Rom 7:18	μου	ἐγώ	RP	----GS--
Rom 7:18	ἀγαθόν	ἀγαθός	A-	----NSN-
Rom 7:18	τὸ	ὁ	RA	----NSN-
Rom 7:18	γὰρ	γάρ	C-	--------
Rom 7:18	θέλειν	θέλω	V-	-PAN----
Rom 7:18	παράκειταί	παράκειμαι	V-	3PMI-S--
Rom 7:18	μοι	ἐγώ	RP	----DS--
Rom 7:18	τὸ	ὁ	RA	----NSN-
Rom 7:18	δὲ	δέ	C-	--------
Rom 7:18	κατεργάζεσθαι	κατεργάζομαι	V-	-PMN----
Rom 7:18	τὸ	ὁ	RA	----ASN-
Rom 7:18	καλὸν	καλός	A-	----ASN-
Rom 7:18	οὔ	οὔ	D-	--------
Rom 7:19	οὐ	οὐ	D-	--------
Rom 7:19	γὰρ	γάρ	C-	--------
Rom 7:19	ὃ	ὅς	RR	----ASN-
Rom 7:19	θέλω	θέλω	V-	1PAI-S--
Rom 7:19	ποιῶ	ποιέω	V-	1PAI-S--
Rom 7:19	ἀγαθόν	ἀγαθός	A-	----ASN-
Rom 7:19	ἀλλὰ	ἀλλά	C-	--------
Rom 7:19	ὃ	ὅς	RR	----ASN-
Rom 7:19	οὐ	οὐ	D-	--------
Rom 7:19	θέλω	θέλω	V-	1PAI-S--
Rom 7:19	κακὸν	κακός	A-	----ASN-
Rom 7:19	τοῦτο	οὗτος	RD	----ASN-
Rom 7:19	πράσσω	πράσσω	V-	1PAI-S--
Rom 7:20	εἰ	εἰ	C-	--------
Rom 7:20	δὲ	δέ	C-	--------
Rom 7:20	ὃ	ὅς	RR	----ASN-
Rom 7:20	οὐ	οὐ	D-	--------
Rom 7:20	θέλω	θέλω	V-	1PAI-S--
Rom 7:20	τοῦτο	οὗτος	RD	----ASN-
Rom 7:20	ποιῶ	ποιέω	V-	1PAI-S--
Rom 7:20	οὐκέτι	οὐκέτι	D-	--------
Rom 7:20	ἐγὼ	ἐγώ	RP	----NS--
Rom 7:20	κατεργάζομαι	κατεργάζομαι	V-	1PMI-S--
Rom 7:20	αὐτὸ	αὐτός	RP	----ASN-
Rom 7:20	ἀλλὰ	ἀλλά	C-	--------
Rom 7:20	ἡ	ὁ	RA	----NSF-
Rom 7:20	οἰκοῦσα	οἰκέω	V-	-PAPNSF-
Rom 7:20	ἐν	ἐν	P-	--------
Rom 7:20	ἐμοὶ	ἐγώ	RP	----DS--
Rom 7:20	ἁμαρτία	ἁμαρτία	N-	----NSF-
Rom 7:21	Εὑρίσκω	εὑρίσκω	V-	1PAI-S--
Rom 7:21	ἄρα	ἄρα	C-	--------
Rom 7:21	τὸν	ὁ	RA	----ASM-
Rom 7:21	νόμον	νόμος	N-	----ASM-
Rom 7:21	τῷ	ὁ	RA	----DSM-
Rom 7:21	θέλοντι	θέλω	V-	-PAPDSM-
Rom 7:21	ἐμοὶ	ἐγώ	RP	----DS--
Rom 7:21	ποιεῖν	ποιέω	V-	-PAN----
Rom 7:21	τὸ	ὁ	RA	----ASN-
Rom 7:21	καλὸν	καλός	A-	----ASN-
Rom 7:21	ὅτι	ὅτι	D-	--------
Rom 7:21	ἐμοὶ	ἐγώ	RP	----DS--
Rom 7:21	τὸ	ὁ	RA	----NSN-
Rom 7:21	κακὸν	κακός	A-	----NSN-
Rom 7:21	παράκειται	παράκειμαι	V-	3PMI-S--
Rom 7:22	συνήδομαι	συνήδομαι	V-	1PMI-S--
Rom 7:22	γὰρ	γάρ	C-	--------
Rom 7:22	τῷ	ὁ	RA	----DSM-
Rom 7:22	νόμῳ	νόμος	N-	----DSM-
Rom 7:22	τοῦ	ὁ	RA	----GSM-
Rom 7:22	θεοῦ	θεός	N-	----GSM-
Rom 7:22	κατὰ	κατά	P-	--------
Rom 7:22	τὸν	ὁ	RA	----ASM-
Rom 7:22	ἔσω	ἔσω	D-	--------
Rom 7:22	ἄνθρωπον	ἄνθρωπος	N-	----ASM-
Rom 7:23	βλέπω	βλέπω	V-	1PAI-S--
Rom 7:23	δὲ	δέ	C-	--------
Rom 7:23	ἕτερον	ἕτερος	A-	----ASM-
Rom 7:23	νόμον	νόμος	N-	----ASM-
Rom 7:23	ἐν	ἐν	P-	--------
Rom 7:23	τοῖς	ὁ	RA	----DPN-
Rom 7:23	μέλεσίν	μέλος	N-	----DPN-
Rom 7:23	μου	ἐγώ	RP	----GS--
Rom 7:23	ἀντιστρατευόμενον	ἀντιστρατεύομαι	V-	-PMPASM-
Rom 7:23	τῷ	ὁ	RA	----DSM-
Rom 7:23	νόμῳ	νόμος	N-	----DSM-
Rom 7:23	τοῦ	ὁ	RA	----GSM-
Rom 7:23	νοός	νοῦς	N-	----GSM-
Rom 7:23	μου	ἐγώ	RP	----GS--
Rom 7:23	καὶ	καί	C-	--------
Rom 7:23	αἰχμαλωτίζοντά	αἰχμαλωτίζω	V-	-PAPASM-
Rom 7:23	με	ἐγώ	RP	----AS--
Rom 7:23	ἐν	ἐν	P-	--------
Rom 7:23	τῷ	ὁ	RA	----DSM-
Rom 7:23	νόμῳ	νόμος	N-	----DSM-
Rom 7:23	τῆς	ὁ	RA	----GSF-
Rom 7:23	ἁμαρτίας	ἁμαρτία	N-	----GSF-
Rom 7:23	τῷ	ὁ	RA	----DSM-
Rom 7:23	ὄντι	εἰμί	V-	-PAPDSM-
Rom 7:23	ἐν	ἐν	P-	--------
Rom 7:23	τοῖς	ὁ	RA	----DPN-
Rom 7:23	μέλεσίν	μέλος	N-	----DPN-
Rom 7:23	μου	ἐγώ	RP	----GS--
Rom 7:24	ταλαίπωρος	ταλαίπωρος	A-	----NSM-
Rom 7:24	ἐγὼ	ἐγώ	RP	----NS--
Rom 7:24	ἄνθρωπος	ἄνθρωπος	N-	----NSM-
Rom 7:24	τίς	τίς	RI	----NSM-
Rom 7:24	με	ἐγώ	RP	----AS--
Rom 7:24	ῥύσεται	ῥύομαι	V-	3FMI-S--
Rom 7:24	ἐκ	ἐκ	P-	--------
Rom 7:24	τοῦ	ὁ	RA	----GSN-
Rom 7:24	σώματος	σῶμα	N-	----GSN-
Rom 7:24	τοῦ	ὁ	RA	----GSM-
Rom 7:24	θανάτου	θάνατος	N-	----GSM-
Rom 7:24	τούτου	οὗτος	RD	----GSM-
Rom 7:25	χάρις	χάρις	N-	----NSF-
Rom 7:25	τῷ	ὁ	RA	----DSM-
Rom 7:25	θεῷ	θεός	N-	----DSM-
Rom 7:25	διὰ	διά	P-	--------
Rom 7:25	Ἰησοῦ	Ἰησοῦς	N-	----GSM-
Rom 7:25	Χριστοῦ	Χριστός	N-	----GSM-
Rom 7:25	τοῦ	ὁ	RA	----GSM-
Rom 7:25	κυρίου	κύριος	N-	----GSM-
Rom 7:25	ἡμῶν	ἐγώ	RP	----GP--
Rom 7:25	Ἄρα	ἄρα	C-	--------
Rom 7:25	οὖν	οὖν	C-	--------
Rom 7:25	αὐτὸς	αὐτός	RP	----NSM-
Rom 7:25	ἐγὼ	ἐγώ	RP	----NS--
Rom 7:25	τῷ	ὁ	RA	----DSM-
Rom 7:25	μὲν	μέν	C-	--------
Rom 7:25	νοῒ	νοῦς	N-	----DSM-
Rom 7:25	δουλεύω	δουλεύω	V-	1PAI-S--
Rom 7:25	νόμῳ	νόμος	N-	----DSM-
Rom 7:25	θεοῦ	θεός	N-	----GSM-
Rom 7:25	τῇ	ὁ	RA	----DSF-
Rom 7:25	δὲ	δέ	C-	--------
Rom 7:25	σαρκὶ	σάρξ	N-	----DSF-
Rom 7:25	νόμῳ	νόμος	N-	----DSM-
Rom 7:25	ἁμαρτίας	ἁμαρτία	N-	----GSF-
Rom 8:1	Οὐδὲν	οὐδείς	A-	----NSN-
Rom 8:1	ἄρα	ἄρα	C-	--------
Rom 8:1	νῦν	νῦν	D-	--------
Rom 8:1	κατάκριμα	κατάκριμα	N-	----NSN-
Rom 8:1	τοῖς	ὁ	RA	----DPM-
Rom 8:1	ἐν	ἐν	P-	--------
Rom 8:1	Χριστῷ	Χριστός	N-	----DSM-
Rom 8:1	Ἰησοῦ	Ἰησοῦς	N-	----DSM-
Rom 8:2	ὁ	ὁ	RA	----NSM-
Rom 8:2	γὰρ	γάρ	C-	--------
Rom 8:2	νόμος	νόμος	N-	----NSM-
Rom 8:2	τοῦ	ὁ	RA	----GSN-
Rom 8:2	πνεύματος	πνεῦμα	N-	----GSN-
Rom 8:2	τῆς	ὁ	RA	----GSF-
Rom 8:2	ζωῆς	ζωή	N-	----GSF-
Rom 8:2	ἐν	ἐν	P-	--------
Rom 8:2	Χριστῷ	Χριστός	N-	----DSM-
Rom 8:2	Ἰησοῦ	Ἰησοῦς	N-	----DSM-
Rom 8:2	ἠλευθέρωσέν	ἐλευθερόω	V-	3AAI-S--
Rom 8:2	σε	σύ	RP	----AS--
Rom 8:2	ἀπὸ	ἀπό	P-	--------
Rom 8:2	τοῦ	ὁ	RA	----GSM-
Rom 8:2	νόμου	νόμος	N-	----GSM-
Rom 8:2	τῆς	ὁ	RA	----GSF-
Rom 8:2	ἁμαρτίας	ἁμαρτία	N-	----GSF-
Rom 8:2	καὶ	καί	C-	--------
Rom 8:2	τοῦ	ὁ	RA	----GSM-
Rom 8:2	θανάτου	θάνατος	N-	----GSM-
Rom 8:3	τὸ	ὁ	RA	----ASN-
Rom 8:3	γὰρ	γάρ	C-	--------
Rom 8:3	ἀδύνατον	ἀδύνατος	A-	----ASN-
Rom 8:3	τοῦ	ὁ	RA	----GSM-
Rom 8:3	νόμου	νόμος	N-	----GSM-
Rom 8:3	ἐν	ἐν	P-	--------
Rom 8:3	ᾧ	ὅς	RR	----DSN-
Rom 8:3	ἠσθένει	ἀσθενέω	V-	3IAI-S--
Rom 8:3	διὰ	διά	P-	--------
Rom 8:3	τῆς	ὁ	RA	----GSF-
Rom 8:3	σαρκός	σάρξ	N-	----GSF-
Rom 8:3	ὁ	ὁ	RA	----NSM-
Rom 8:3	θεὸς	θεός	N-	----NSM-
Rom 8:3	τὸν	ὁ	RA	----ASM-
Rom 8:3	ἑαυτοῦ	ἑαυτοῦ	RP	----GSM-
Rom 8:3	υἱὸν	υἱός	N-	----ASM-
Rom 8:3	πέμψας	πέμπω	V-	-AAPNSM-
Rom 8:3	ἐν	ἐν	P-	--------
Rom 8:3	ὁμοιώματι	ὁμοίωμα	N-	----DSN-
Rom 8:3	σαρκὸς	σάρξ	N-	----GSF-
Rom 8:3	ἁμαρτίας	ἁμαρτία	N-	----GSF-
Rom 8:3	καὶ	καί	C-	--------
Rom 8:3	περὶ	περί	P-	--------
Rom 8:3	ἁμαρτίας	ἁμαρτία	N-	----GSF-
Rom 8:3	κατέκρινε	κατακρίνω	V-	3AAI-S--
Rom 8:3	τὴν	ὁ	RA	----ASF-
Rom 8:3	ἁμαρτίαν	ἁμαρτία	N-	----ASF-
Rom 8:3	ἐν	ἐν	P-	--------
Rom 8:3	τῇ	ὁ	RA	----DSF-
Rom 8:3	σαρκί	σάρξ	N-	----DSF-
Rom 8:4	ἵνα	ἵνα	C-	--------
Rom 8:4	τὸ	ὁ	RA	----NSN-
Rom 8:4	δικαίωμα	δικαίωμα	N-	----NSN-
Rom 8:4	τοῦ	ὁ	RA	----GSM-
Rom 8:4	νόμου	νόμος	N-	----GSM-
Rom 8:4	πληρωθῇ	πληρόω	V-	3APS-S--
Rom 8:4	ἐν	ἐν	P-	--------
Rom 8:4	ἡμῖν	ἐγώ	RP	----DP--
Rom 8:4	τοῖς	ὁ	RA	----DPM-
Rom 8:4	μὴ	μή	D-	--------
Rom 8:4	κατὰ	κατά	P-	--------
Rom 8:4	σάρκα	σάρξ	N-	----ASF-
Rom 8:4	περιπατοῦσιν	περιπατέω	V-	-PAPDPM-
Rom 8:4	ἀλλὰ	ἀλλά	C-	--------
Rom 8:4	κατὰ	κατά	P-	--------
Rom 8:4	πνεῦμα	πνεῦμα	N-	----ASN-
Rom 8:5	οἱ	ὁ	RA	----NPM-
Rom 8:5	γὰρ	γάρ	C-	--------
Rom 8:5	κατὰ	κατά	P-	--------
Rom 8:5	σάρκα	σάρξ	N-	----ASF-
Rom 8:5	ὄντες	εἰμί	V-	-PAPNPM-
Rom 8:5	τὰ	ὁ	RA	----APN-
Rom 8:5	τῆς	ὁ	RA	----GSF-
Rom 8:5	σαρκὸς	σάρξ	N-	----GSF-
Rom 8:5	φρονοῦσιν	φρονέω	V-	3PAI-P--
Rom 8:5	οἱ	ὁ	RA	----NPM-
Rom 8:5	δὲ	δέ	C-	--------
Rom 8:5	κατὰ	κατά	P-	--------
Rom 8:5	πνεῦμα	πνεῦμα	N-	----ASN-
Rom 8:5	τὰ	ὁ	RA	----APN-
Rom 8:5	τοῦ	ὁ	RA	----GSN-
Rom 8:5	πνεύματος	πνεῦμα	N-	----GSN-
Rom 8:6	τὸ	ὁ	RA	----NSN-
Rom 8:6	γὰρ	γάρ	C-	--------
Rom 8:6	φρόνημα	φρόνημα	N-	----NSN-
Rom 8:6	τῆς	ὁ	RA	----GSF-
Rom 8:6	σαρκὸς	σάρξ	N-	----GSF-
Rom 8:6	θάνατος	θάνατος	N-	----NSM-
Rom 8:6	τὸ	ὁ	RA	----NSN-
Rom 8:6	δὲ	δέ	C-	--------
Rom 8:6	φρόνημα	φρόνημα	N-	----NSN-
Rom 8:6	τοῦ	ὁ	RA	----GSN-
Rom 8:6	πνεύματος	πνεῦμα	N-	----GSN-
Rom 8:6	ζωὴ	ζωή	N-	----NSF-
Rom 8:6	καὶ	καί	C-	--------
Rom 8:6	εἰρήνη	εἰρήνη	N-	----NSF-
Rom 8:7	διότι	διότι	C-	--------
Rom 8:7	τὸ	ὁ	RA	----NSN-
Rom 8:7	φρόνημα	φρόνημα	N-	----NSN-
Rom 8:7	τῆς	ὁ	RA	----GSF-
Rom 8:7	σαρκὸς	σάρξ	N-	----GSF-
Rom 8:7	ἔχθρα	ἔχθρα	N-	----NSF-
Rom 8:7	εἰς	εἰς	P-	--------
Rom 8:7	θεόν	θεός	N-	----ASM-
Rom 8:7	τῷ	ὁ	RA	----DSM-
Rom 8:7	γὰρ	γάρ	C-	--------
Rom 8:7	νόμῳ	νόμος	N-	----DSM-
Rom 8:7	τοῦ	ὁ	RA	----GSM-
Rom 8:7	θεοῦ	θεός	N-	----GSM-
Rom 8:7	οὐχ	οὐ	D-	--------
Rom 8:7	ὑποτάσσεται	ὑποτάσσω	V-	3PPI-S--
Rom 8:7	οὐδὲ	οὐδέ	D-	--------
Rom 8:7	γὰρ	γάρ	C-	--------
Rom 8:7	δύναται	δύναμαι	V-	3PMI-S--
Rom 8:8	οἱ	ὁ	RA	----NPM-
Rom 8:8	δὲ	δέ	C-	--------
Rom 8:8	ἐν	ἐν	P-	--------
Rom 8:8	σαρκὶ	σάρξ	N-	----DSF-
Rom 8:8	ὄντες	εἰμί	V-	-PAPNPM-
Rom 8:8	θεῷ	θεός	N-	----DSM-
Rom 8:8	ἀρέσαι	ἀρέσκω	V-	-AAN----
Rom 8:8	οὐ	οὐ	D-	--------
Rom 8:8	δύνανται	δύναμαι	V-	3PMI-P--
Rom 8:9	Ὑμεῖς	σύ	RP	----NP--
Rom 8:9	δὲ	δέ	C-	--------
Rom 8:9	οὐκ	οὐ	D-	--------
Rom 8:9	ἐστὲ	εἰμί	V-	2PAI-P--
Rom 8:9	ἐν	ἐν	P-	--------
Rom 8:9	σαρκὶ	σάρξ	N-	----DSF-
Rom 8:9	ἀλλὰ	ἀλλά	C-	--------
Rom 8:9	ἐν	ἐν	P-	--------
Rom 8:9	πνεύματι	πνεῦμα	N-	----DSN-
Rom 8:9	εἴπερ	εἴπερ	C-	--------
Rom 8:9	πνεῦμα	πνεῦμα	N-	----NSN-
Rom 8:9	θεοῦ	θεός	N-	----GSM-
Rom 8:9	οἰκεῖ	οἰκέω	V-	3PAI-S--
Rom 8:9	ἐν	ἐν	P-	--------
Rom 8:9	ὑμῖν	σύ	RP	----DP--
Rom 8:9	εἰ	εἰ	C-	--------
Rom 8:9	δέ	δέ	C-	--------
Rom 8:9	τις	τις	RI	----NSM-
Rom 8:9	πνεῦμα	πνεῦμα	N-	----ASN-
Rom 8:9	Χριστοῦ	Χριστός	N-	----GSM-
Rom 8:9	οὐκ	οὐ	D-	--------
Rom 8:9	ἔχει	ἔχω	V-	3PAI-S--
Rom 8:9	οὗτος	οὗτος	RD	----NSM-
Rom 8:9	οὐκ	οὐ	D-	--------
Rom 8:9	ἔστιν	εἰμί	V-	3PAI-S--
Rom 8:9	αὐτοῦ	αὐτός	RP	----GSM-
Rom 8:10	εἰ	εἰ	C-	--------
Rom 8:10	δὲ	δέ	C-	--------
Rom 8:10	Χριστὸς	Χριστός	N-	----NSM-
Rom 8:10	ἐν	ἐν	P-	--------
Rom 8:10	ὑμῖν	σύ	RP	----DP--
Rom 8:10	τὸ	ὁ	RA	----NSN-
Rom 8:10	μὲν	μέν	C-	--------
Rom 8:10	σῶμα	σῶμα	N-	----NSN-
Rom 8:10	νεκρὸν	νεκρός	A-	----NSN-
Rom 8:10	διὰ	διά	P-	--------
Rom 8:10	ἁμαρτίαν	ἁμαρτία	N-	----ASF-
Rom 8:10	τὸ	ὁ	RA	----NSN-
Rom 8:10	δὲ	δέ	C-	--------
Rom 8:10	πνεῦμα	πνεῦμα	N-	----NSN-
Rom 8:10	ζωὴ	ζωή	N-	----NSF-
Rom 8:10	διὰ	διά	P-	--------
Rom 8:10	δικαιοσύνην	δικαιοσύνη	N-	----ASF-
Rom 8:11	εἰ	εἰ	C-	--------
Rom 8:11	δὲ	δέ	C-	--------
Rom 8:11	τὸ	ὁ	RA	----NSN-
Rom 8:11	πνεῦμα	πνεῦμα	N-	----NSN-
Rom 8:11	τοῦ	ὁ	RA	----GSM-
Rom 8:11	ἐγείραντος	ἐγείρω	V-	-AAPGSM-
Rom 8:11	τὸν	ὁ	RA	----ASM-
Rom 8:11	Ἰησοῦν	Ἰησοῦς	N-	----ASM-
Rom 8:11	ἐκ	ἐκ	P-	--------
Rom 8:11	νεκρῶν	νεκρός	A-	----GPM-
Rom 8:11	οἰκεῖ	οἰκέω	V-	3PAI-S--
Rom 8:11	ἐν	ἐν	P-	--------
Rom 8:11	ὑμῖν	σύ	RP	----DP--
Rom 8:11	ὁ	ὁ	RA	----NSM-
Rom 8:11	ἐγείρας	ἐγείρω	V-	-AAPNSM-
Rom 8:11	ἐκ	ἐκ	P-	--------
Rom 8:11	νεκρῶν	νεκρός	A-	----GPM-
Rom 8:11	Χριστὸν	Χριστός	N-	----ASM-
Rom 8:11	Ἰησοῦν	Ἰησοῦς	N-	----ASM-
Rom 8:11	ζῳοποιήσει	ζῳοποιέω	V-	3FAI-S--
Rom 8:11	καὶ	καί	D-	--------
Rom 8:11	τὰ	ὁ	RA	----APN-
Rom 8:11	θνητὰ	θνητός	A-	----APN-
Rom 8:11	σώματα	σῶμα	N-	----APN-
Rom 8:11	ὑμῶν	σύ	RP	----GP--
Rom 8:11	διὰ	διά	P-	--------
Rom 8:11	τὸ	ὁ	RA	----ASN-
Rom 8:11	ἐνοικοῦν	ἐνοικέω	V-	-PAPASN-
Rom 8:11	αὐτοῦ	αὐτός	RP	----GSM-
Rom 8:11	πνεῦμα	πνεῦμα	N-	----ASN-
Rom 8:11	ἐν	ἐν	P-	--------
Rom 8:11	ὑμῖν	σύ	RP	----DP--
Rom 8:12	Ἄρα	ἄρα	C-	--------
Rom 8:12	οὖν	οὖν	C-	--------
Rom 8:12	ἀδελφοί	ἀδελφός	N-	----VPM-
Rom 8:12	ὀφειλέται	ὀφειλέτης	N-	----NPM-
Rom 8:12	ἐσμέν	εἰμί	V-	1PAI-P--
Rom 8:12	οὐ	οὐ	D-	--------
Rom 8:12	τῇ	ὁ	RA	----DSF-
Rom 8:12	σαρκὶ	σάρξ	N-	----DSF-
Rom 8:12	τοῦ	ὁ	RA	----GSN-
Rom 8:12	κατὰ	κατά	P-	--------
Rom 8:12	σάρκα	σάρξ	N-	----ASF-
Rom 8:12	ζῆν	ζάω	V-	-PAN----
Rom 8:13	εἰ	εἰ	C-	--------
Rom 8:13	γὰρ	γάρ	C-	--------
Rom 8:13	κατὰ	κατά	P-	--------
Rom 8:13	σάρκα	σάρξ	N-	----ASF-
Rom 8:13	ζῆτε	ζάω	V-	2PAI-P--
Rom 8:13	μέλλετε	μέλλω	V-	2PAI-P--
Rom 8:13	ἀποθνῄσκειν	ἀποθνῄσκω	V-	-PAN----
Rom 8:13	εἰ	εἰ	C-	--------
Rom 8:13	δὲ	δέ	C-	--------
Rom 8:13	πνεύματι	πνεῦμα	N-	----DSN-
Rom 8:13	τὰς	ὁ	RA	----APF-
Rom 8:13	πράξεις	πρᾶξις	N-	----APF-
Rom 8:13	τοῦ	ὁ	RA	----GSN-
Rom 8:13	σώματος	σῶμα	N-	----GSN-
Rom 8:13	θανατοῦτε	θανατόω	V-	2PAI-P--
Rom 8:13	ζήσεσθε	ζάω	V-	2FMI-P--
Rom 8:14	ὅσοι	ὅσος	RR	----NPM-
Rom 8:14	γὰρ	γάρ	C-	--------
Rom 8:14	πνεύματι	πνεῦμα	N-	----DSN-
Rom 8:14	θεοῦ	θεός	N-	----GSM-
Rom 8:14	ἄγονται	ἄγω	V-	3PPI-P--
Rom 8:14	οὗτοι	οὗτος	RD	----NPM-
Rom 8:14	υἱοί	υἱός	N-	----NPM-
Rom 8:14	εἰσιν	εἰμί	V-	3PAI-P--
Rom 8:14	θεοῦ	θεός	N-	----GSM-
Rom 8:15	οὐ	οὐ	D-	--------
Rom 8:15	γὰρ	γάρ	C-	--------
Rom 8:15	ἐλάβετε	λαμβάνω	V-	2AAI-P--
Rom 8:15	πνεῦμα	πνεῦμα	N-	----ASN-
Rom 8:15	δουλείας	δουλεία	N-	----GSF-
Rom 8:15	πάλιν	πάλιν	D-	--------
Rom 8:15	εἰς	εἰς	P-	--------
Rom 8:15	φόβον	φόβος	N-	----ASM-
Rom 8:15	ἀλλὰ	ἀλλά	C-	--------
Rom 8:15	ἐλάβετε	λαμβάνω	V-	2AAI-P--
Rom 8:15	πνεῦμα	πνεῦμα	N-	----ASN-
Rom 8:15	υἱοθεσίας	υἱοθεσία	N-	----GSF-
Rom 8:15	ἐν	ἐν	P-	--------
Rom 8:15	ᾧ	ὅς	RR	----DSN-
Rom 8:15	κράζομεν	κράζω	V-	1PAI-P--
Rom 8:15	Αββα	αββα	N-	----VSM-
Rom 8:15	ὁ	ὁ	RA	----NSM-
Rom 8:15	πατήρ	πατήρ	N-	----NSM-
Rom 8:16	αὐτὸ	αὐτός	RP	----NSN-
Rom 8:16	τὸ	ὁ	RA	----NSN-
Rom 8:16	πνεῦμα	πνεῦμα	N-	----NSN-
Rom 8:16	συμμαρτυρεῖ	συμμαρτυρέω	V-	3PAI-S--
Rom 8:16	τῷ	ὁ	RA	----DSN-
Rom 8:16	πνεύματι	πνεῦμα	N-	----DSN-
Rom 8:16	ἡμῶν	ἐγώ	RP	----GP--
Rom 8:16	ὅτι	ὅτι	C-	--------
Rom 8:16	ἐσμὲν	εἰμί	V-	1PAI-P--
Rom 8:16	τέκνα	τέκνον	N-	----NPN-
Rom 8:16	θεοῦ	θεός	N-	----GSM-
Rom 8:17	εἰ	εἰ	C-	--------
Rom 8:17	δὲ	δέ	C-	--------
Rom 8:17	τέκνα	τέκνον	N-	----NPN-
Rom 8:17	καὶ	καί	D-	--------
Rom 8:17	κληρονόμοι	κληρονόμος	N-	----NPM-
Rom 8:17	κληρονόμοι	κληρονόμος	N-	----NPM-
Rom 8:17	μὲν	μέν	C-	--------
Rom 8:17	θεοῦ	θεός	N-	----GSM-
Rom 8:17	συγκληρονόμοι	συγκληρονόμος	A-	----NPM-
Rom 8:17	δὲ	δέ	C-	--------
Rom 8:17	Χριστοῦ	Χριστός	N-	----GSM-
Rom 8:17	εἴπερ	εἴπερ	C-	--------
Rom 8:17	συμπάσχομεν	συμπάσχω	V-	1PAI-P--
Rom 8:17	ἵνα	ἵνα	C-	--------
Rom 8:17	καὶ	καί	D-	--------
Rom 8:17	συνδοξασθῶμεν	συνδοξάζομαι	V-	1APS-P--
Rom 8:18	Λογίζομαι	λογίζομαι	V-	1PMI-S--
Rom 8:18	γὰρ	γάρ	C-	--------
Rom 8:18	ὅτι	ὅτι	C-	--------
Rom 8:18	οὐκ	οὐ	D-	--------
Rom 8:18	ἄξια	ἄξιος	A-	----NPN-
Rom 8:18	τὰ	ὁ	RA	----NPN-
Rom 8:18	παθήματα	πάθημα	N-	----NPN-
Rom 8:18	τοῦ	ὁ	RA	----GSM-
Rom 8:18	νῦν	νῦν	D-	--------
Rom 8:18	καιροῦ	καιρός	N-	----GSM-
Rom 8:18	πρὸς	πρός	P-	--------
Rom 8:18	τὴν	ὁ	RA	----ASF-
Rom 8:18	μέλλουσαν	μέλλω	V-	-PAPASF-
Rom 8:18	δόξαν	δόξα	N-	----ASF-
Rom 8:18	ἀποκαλυφθῆναι	ἀποκαλύπτω	V-	-APN----
Rom 8:18	εἰς	εἰς	P-	--------
Rom 8:18	ἡμᾶς	ἐγώ	RP	----AP--
Rom 8:19	ἡ	ὁ	RA	----NSF-
Rom 8:19	γὰρ	γάρ	C-	--------
Rom 8:19	ἀποκαραδοκία	ἀποκαραδοκία	N-	----NSF-
Rom 8:19	τῆς	ὁ	RA	----GSF-
Rom 8:19	κτίσεως	κτίσις	N-	----GSF-
Rom 8:19	τὴν	ὁ	RA	----ASF-
Rom 8:19	ἀποκάλυψιν	ἀποκάλυψις	N-	----ASF-
Rom 8:19	τῶν	ὁ	RA	----GPM-
Rom 8:19	υἱῶν	υἱός	N-	----GPM-
Rom 8:19	τοῦ	ὁ	RA	----GSM-
Rom 8:19	θεοῦ	θεός	N-	----GSM-
Rom 8:19	ἀπεκδέχεται	ἀπεκδέχομαι	V-	3PMI-S--
Rom 8:20	τῇ	ὁ	RA	----DSF-
Rom 8:20	γὰρ	γάρ	C-	--------
Rom 8:20	ματαιότητι	ματαιότης	N-	----DSF-
Rom 8:20	ἡ	ὁ	RA	----NSF-
Rom 8:20	κτίσις	κτίσις	N-	----NSF-
Rom 8:20	ὑπετάγη	ὑποτάσσω	V-	3API-S--
Rom 8:20	οὐχ	οὐ	D-	--------
Rom 8:20	ἑκοῦσα	ἑκών	A-	----NSF-
Rom 8:20	ἀλλὰ	ἀλλά	C-	--------
Rom 8:20	διὰ	διά	P-	--------
Rom 8:20	τὸν	ὁ	RA	----ASM-
Rom 8:20	ὑποτάξαντα	ὑποτάσσω	V-	-AAPASM-
Rom 8:20	ἐφ’	ἐπί	P-	--------
Rom 8:20	ἑλπίδι	ἐλπίς	N-	----DSF-
Rom 8:21	ὅτι	ὅτι	C-	--------
Rom 8:21	καὶ	καί	D-	--------
Rom 8:21	αὐτὴ	αὐτός	RP	----NSF-
Rom 8:21	ἡ	ὁ	RA	----NSF-
Rom 8:21	κτίσις	κτίσις	N-	----NSF-
Rom 8:21	ἐλευθερωθήσεται	ἐλευθερόω	V-	3FPI-S--
Rom 8:21	ἀπὸ	ἀπό	P-	--------
Rom 8:21	τῆς	ὁ	RA	----GSF-
Rom 8:21	δουλείας	δουλεία	N-	----GSF-
Rom 8:21	τῆς	ὁ	RA	----GSF-
Rom 8:21	φθορᾶς	φθορά	N-	----GSF-
Rom 8:21	εἰς	εἰς	P-	--------
Rom 8:21	τὴν	ὁ	RA	----ASF-
Rom 8:21	ἐλευθερίαν	ἐλευθερία	N-	----ASF-
Rom 8:21	τῆς	ὁ	RA	----GSF-
Rom 8:21	δόξης	δόξα	N-	----GSF-
Rom 8:21	τῶν	ὁ	RA	----GPN-
Rom 8:21	τέκνων	τέκνον	N-	----GPN-
Rom 8:21	τοῦ	ὁ	RA	----GSM-
Rom 8:21	θεοῦ	θεός	N-	----GSM-
Rom 8:22	οἴδαμεν	οἶδα	V-	1XAI-P--
Rom 8:22	γὰρ	γάρ	C-	--------
Rom 8:22	ὅτι	ὅτι	C-	--------
Rom 8:22	πᾶσα	πᾶς	A-	----NSF-
Rom 8:22	ἡ	ὁ	RA	----NSF-
Rom 8:22	κτίσις	κτίσις	N-	----NSF-
Rom 8:22	συστενάζει	συστενάζω	V-	3PAI-S--
Rom 8:22	καὶ	καί	C-	--------
Rom 8:22	συνωδίνει	συνωδίνω	V-	3PAI-S--
Rom 8:22	ἄχρι	ἄχρι	P-	--------
Rom 8:22	τοῦ	ὁ	RA	----GSM-
Rom 8:22	νῦν	νῦν	D-	--------
Rom 8:23	οὐ	οὐ	D-	--------
Rom 8:23	μόνον	μόνος	A-	----ASN-
Rom 8:23	δέ	δέ	C-	--------
Rom 8:23	ἀλλὰ	ἀλλά	C-	--------
Rom 8:23	καὶ	καί	D-	--------
Rom 8:23	αὐτοὶ	αὐτός	RP	----NPM-
Rom 8:23	τὴν	ὁ	RA	----ASF-
Rom 8:23	ἀπαρχὴν	ἀπαρχή	N-	----ASF-
Rom 8:23	τοῦ	ὁ	RA	----GSN-
Rom 8:23	πνεύματος	πνεῦμα	N-	----GSN-
Rom 8:23	ἔχοντες	ἔχω	V-	-PAPNPM-
Rom 8:23	ἡμεῖς	ἐγώ	RP	----NP--
Rom 8:23	καὶ	καί	D-	--------
Rom 8:23	αὐτοὶ	αὐτός	RP	----NPM-
Rom 8:23	ἐν	ἐν	P-	--------
Rom 8:23	ἑαυτοῖς	ἑαυτοῦ	RP	----DPM-
Rom 8:23	στενάζομεν	στενάζω	V-	1PAI-P--
Rom 8:23	υἱοθεσίαν	υἱοθεσία	N-	----ASF-
Rom 8:23	ἀπεκδεχόμενοι	ἀπεκδέχομαι	V-	-PMPNPM-
Rom 8:23	τὴν	ὁ	RA	----ASF-
Rom 8:23	ἀπολύτρωσιν	ἀπολύτρωσις	N-	----ASF-
Rom 8:23	τοῦ	ὁ	RA	----GSN-
Rom 8:23	σώματος	σῶμα	N-	----GSN-
Rom 8:23	ἡμῶν	ἐγώ	RP	----GP--
Rom 8:24	τῇ	ὁ	RA	----DSF-
Rom 8:24	γὰρ	γάρ	C-	--------
Rom 8:24	ἐλπίδι	ἐλπίς	N-	----DSF-
Rom 8:24	ἐσώθημεν	σῴζω	V-	1API-P--
Rom 8:24	ἐλπὶς	ἐλπίς	N-	----NSF-
Rom 8:24	δὲ	δέ	C-	--------
Rom 8:24	βλεπομένη	βλέπω	V-	-PPPNSF-
Rom 8:24	οὐκ	οὐ	D-	--------
Rom 8:24	ἔστιν	εἰμί	V-	3PAI-S--
Rom 8:24	ἐλπίς	ἐλπίς	N-	----NSF-
Rom 8:24	ὃ	ὅς	RR	----ASN-
Rom 8:24	γὰρ	γάρ	C-	--------
Rom 8:24	βλέπει	βλέπω	V-	3PAI-S--
Rom 8:24	τίς	τίς	RI	----NSM-
Rom 8:24	ἐλπίζει	ἐλπίζω	V-	3PAI-S--
Rom 8:25	εἰ	εἰ	C-	--------
Rom 8:25	δὲ	δέ	C-	--------
Rom 8:25	ὃ	ὅς	RR	----ASN-
Rom 8:25	οὐ	οὐ	D-	--------
Rom 8:25	βλέπομεν	βλέπω	V-	1PAI-P--
Rom 8:25	ἐλπίζομεν	ἐλπίζω	V-	1PAI-P--
Rom 8:25	δι’	διά	P-	--------
Rom 8:25	ὑπομονῆς	ὑπομονή	N-	----GSF-
Rom 8:25	ἀπεκδεχόμεθα	ἀπεκδέχομαι	V-	1PMI-P--
Rom 8:26	Ὡσαύτως	ὡσαύτως	D-	--------
Rom 8:26	δὲ	δέ	C-	--------
Rom 8:26	καὶ	καί	D-	--------
Rom 8:26	τὸ	ὁ	RA	----NSN-
Rom 8:26	πνεῦμα	πνεῦμα	N-	----NSN-
Rom 8:26	συναντιλαμβάνεται	συναντιλαμβάνομαι	V-	3PMI-S--
Rom 8:26	τῇ	ὁ	RA	----DSF-
Rom 8:26	ἀσθενείᾳ	ἀσθένεια	N-	----DSF-
Rom 8:26	ἡμῶν	ἐγώ	RP	----GP--
Rom 8:26	τὸ	ὁ	RA	----ASN-
Rom 8:26	γὰρ	γάρ	C-	--------
Rom 8:26	τί	τίς	RI	----ASN-
Rom 8:26	προσευξώμεθα	προσεύχομαι	V-	1AMS-P--
Rom 8:26	καθὸ	καθό	C-	--------
Rom 8:26	δεῖ	δέω	V-	3PAI-S--
Rom 8:26	οὐκ	οὐ	D-	--------
Rom 8:26	οἴδαμεν	οἶδα	V-	1XAI-P--
Rom 8:26	ἀλλὰ	ἀλλά	C-	--------
Rom 8:26	αὐτὸ	αὐτός	RP	----NSN-
Rom 8:26	τὸ	ὁ	RA	----NSN-
Rom 8:26	πνεῦμα	πνεῦμα	N-	----NSN-
Rom 8:26	ὑπερεντυγχάνει	ὑπερεντυγχάνω	V-	3PAI-S--
Rom 8:26	στεναγμοῖς	στεναγμός	N-	----DPM-
Rom 8:26	ἀλαλήτοις	ἀλάλητος	A-	----DPM-
Rom 8:27	ὁ	ὁ	RA	----NSM-
Rom 8:27	δὲ	δέ	C-	--------
Rom 8:27	ἐραυνῶν	ἐραυνάω	V-	-PAPNSM-
Rom 8:27	τὰς	ὁ	RA	----APF-
Rom 8:27	καρδίας	καρδία	N-	----APF-
Rom 8:27	οἶδεν	οἶδα	V-	3XAI-S--
Rom 8:27	τί	τίς	RI	----ASN-
Rom 8:27	τὸ	ὁ	RA	----NSN-
Rom 8:27	φρόνημα	φρόνημα	N-	----NSN-
Rom 8:27	τοῦ	ὁ	RA	----GSN-
Rom 8:27	πνεύματος	πνεῦμα	N-	----GSN-
Rom 8:27	ὅτι	ὅτι	C-	--------
Rom 8:27	κατὰ	κατά	P-	--------
Rom 8:27	θεὸν	θεός	N-	----ASM-
Rom 8:27	ἐντυγχάνει	ἐντυγχάνω	V-	3PAI-S--
Rom 8:27	ὑπὲρ	ὑπέρ	P-	--------
Rom 8:27	ἁγίων	ἅγιος	A-	----GPM-
Rom 8:28	Οἴδαμεν	οἶδα	V-	1XAI-P--
Rom 8:28	δὲ	δέ	C-	--------
Rom 8:28	ὅτι	ὅτι	C-	--------
Rom 8:28	τοῖς	ὁ	RA	----DPM-
Rom 8:28	ἀγαπῶσι	ἀγαπάω	V-	-PAPDPM-
Rom 8:28	τὸν	ὁ	RA	----ASM-
Rom 8:28	θεὸν	θεός	N-	----ASM-
Rom 8:28	πάντα	πᾶς	A-	----APN-
Rom 8:28	συνεργεῖ	συνεργέω	V-	3PAI-S--
Rom 8:28	εἰς	εἰς	P-	--------
Rom 8:28	ἀγαθόν	ἀγαθός	A-	----ASN-
Rom 8:28	τοῖς	ὁ	RA	----DPM-
Rom 8:28	κατὰ	κατά	P-	--------
Rom 8:28	πρόθεσιν	πρόθεσις	N-	----ASF-
Rom 8:28	κλητοῖς	κλητός	A-	----DPM-
Rom 8:28	οὖσιν	εἰμί	V-	-PAPDPM-
Rom 8:29	ὅτι	ὅτι	C-	--------
Rom 8:29	οὓς	ὅς	RR	----APM-
Rom 8:29	προέγνω	προγινώσκω	V-	3AAI-S--
Rom 8:29	καὶ	καί	D-	--------
Rom 8:29	προώρισεν	προορίζω	V-	3AAI-S--
Rom 8:29	συμμόρφους	σύμμορφος	A-	----APM-
Rom 8:29	τῆς	ὁ	RA	----GSF-
Rom 8:29	εἰκόνος	εἰκών	N-	----GSF-
Rom 8:29	τοῦ	ὁ	RA	----GSM-
Rom 8:29	υἱοῦ	υἱός	N-	----GSM-
Rom 8:29	αὐτοῦ	αὐτός	RP	----GSM-
Rom 8:29	εἰς	εἰς	P-	--------
Rom 8:29	τὸ	ὁ	RA	----ASN-
Rom 8:29	εἶναι	εἰμί	V-	-PAN----
Rom 8:29	αὐτὸν	αὐτός	RP	----ASM-
Rom 8:29	πρωτότοκον	πρωτότοκος	A-	----ASM-
Rom 8:29	ἐν	ἐν	P-	--------
Rom 8:29	πολλοῖς	πολύς	A-	----DPM-
Rom 8:29	ἀδελφοῖς	ἀδελφός	N-	----DPM-
Rom 8:30	οὓς	ὅς	RR	----APM-
Rom 8:30	δὲ	δέ	C-	--------
Rom 8:30	προώρισεν	προορίζω	V-	3AAI-S--
Rom 8:30	τούτους	οὗτος	RD	----APM-
Rom 8:30	καὶ	καί	D-	--------
Rom 8:30	ἐκάλεσεν	καλέω	V-	3AAI-S--
Rom 8:30	καὶ	καί	C-	--------
Rom 8:30	οὓς	ὅς	RR	----APM-
Rom 8:30	ἐκάλεσεν	καλέω	V-	3AAI-S--
Rom 8:30	τούτους	οὗτος	RD	----APM-
Rom 8:30	καὶ	καί	D-	--------
Rom 8:30	ἐδικαίωσεν	δικαιόω	V-	3AAI-S--
Rom 8:30	οὓς	ὅς	RR	----APM-
Rom 8:30	δὲ	δέ	C-	--------
Rom 8:30	ἐδικαίωσεν	δικαιόω	V-	3AAI-S--
Rom 8:30	τούτους	οὗτος	RD	----APM-
Rom 8:30	καὶ	καί	D-	--------
Rom 8:30	ἐδόξασεν	δοξάζω	V-	3AAI-S--
Rom 8:31	Τί	τίς	RI	----ASN-
Rom 8:31	οὖν	οὖν	C-	--------
Rom 8:31	ἐροῦμεν	λέγω	V-	1FAI-P--
Rom 8:31	πρὸς	πρός	P-	--------
Rom 8:31	ταῦτα	οὗτος	RD	----APN-
Rom 8:31	εἰ	εἰ	C-	--------
Rom 8:31	ὁ	ὁ	RA	----NSM-
Rom 8:31	θεὸς	θεός	N-	----NSM-
Rom 8:31	ὑπὲρ	ὑπέρ	P-	--------
Rom 8:31	ἡμῶν	ἐγώ	RP	----GP--
Rom 8:31	τίς	τίς	RI	----NSM-
Rom 8:31	καθ’	κατά	P-	--------
Rom 8:31	ἡμῶν	ἐγώ	RP	----GP--
Rom 8:32	ὅς	ὅς	RR	----NSM-
Rom 8:32	γε	γέ	X-	--------
Rom 8:32	τοῦ	ὁ	RA	----GSM-
Rom 8:32	ἰδίου	ἴδιος	A-	----GSM-
Rom 8:32	υἱοῦ	υἱός	N-	----GSM-
Rom 8:32	οὐκ	οὐ	D-	--------
Rom 8:32	ἐφείσατο	φείδομαι	V-	3AMI-S--
Rom 8:32	ἀλλὰ	ἀλλά	C-	--------
Rom 8:32	ὑπὲρ	ὑπέρ	P-	--------
Rom 8:32	ἡμῶν	ἐγώ	RP	----GP--
Rom 8:32	πάντων	πᾶς	A-	----GPM-
Rom 8:32	παρέδωκεν	παραδίδωμι	V-	3AAI-S--
Rom 8:32	αὐτόν	αὐτός	RP	----ASM-
Rom 8:32	πῶς	πῶς	D-	--------
Rom 8:32	οὐχὶ	οὐχί	D-	--------
Rom 8:32	καὶ	καί	D-	--------
Rom 8:32	σὺν	σύν	P-	--------
Rom 8:32	αὐτῷ	αὐτός	RP	----DSM-
Rom 8:32	τὰ	ὁ	RA	----APN-
Rom 8:32	πάντα	πᾶς	A-	----APN-
Rom 8:32	ἡμῖν	ἐγώ	RP	----DP--
Rom 8:32	χαρίσεται	χαρίζομαι	V-	3FMI-S--
Rom 8:33	τίς	τίς	RI	----NSM-
Rom 8:33	ἐγκαλέσει	ἐγκαλέω	V-	3FAI-S--
Rom 8:33	κατὰ	κατά	P-	--------
Rom 8:33	ἐκλεκτῶν	ἐκλεκτός	A-	----GPM-
Rom 8:33	θεοῦ	θεός	N-	----GSM-
Rom 8:33	θεὸς	θεός	N-	----NSM-
Rom 8:33	ὁ	ὁ	RA	----NSM-
Rom 8:33	δικαιῶν	δικαιόω	V-	-PAPNSM-
Rom 8:34	τίς	τίς	RI	----NSM-
Rom 8:34	ὁ	ὁ	RA	----NSM-
Rom 8:34	κατακρινῶν	κατακρίνω	V-	-PAPNSM-
Rom 8:34	Χριστὸς	Χριστός	N-	----NSM-
Rom 8:34	ὁ	ὁ	RA	----NSM-
Rom 8:34	ἀποθανών	ἀποθνῄσκω	V-	-AAPNSM-
Rom 8:34	μᾶλλον	μᾶλλον	D-	--------
Rom 8:34	δὲ	δέ	C-	--------
Rom 8:34	ἐγερθείς	ἐγείρω	V-	-APPNSM-
Rom 8:34	ὅς	ὅς	RR	----NSM-
Rom 8:34	καί	καί	D-	--------
Rom 8:34	ἐστιν	εἰμί	V-	3PAI-S--
Rom 8:34	ἐν	ἐν	P-	--------
Rom 8:34	δεξιᾷ	δεξιός	A-	----DSF-
Rom 8:34	τοῦ	ὁ	RA	----GSM-
Rom 8:34	θεοῦ	θεός	N-	----GSM-
Rom 8:34	ὃς	ὅς	RR	----NSM-
Rom 8:34	καὶ	καί	D-	--------
Rom 8:34	ἐντυγχάνει	ἐντυγχάνω	V-	3PAI-S--
Rom 8:34	ὑπὲρ	ὑπέρ	P-	--------
Rom 8:34	ἡμῶν	ἐγώ	RP	----GP--
Rom 8:35	τίς	τίς	RI	----NSM-
Rom 8:35	ἡμᾶς	ἐγώ	RP	----AP--
Rom 8:35	χωρίσει	χωρίζω	V-	3FAI-S--
Rom 8:35	ἀπὸ	ἀπό	P-	--------
Rom 8:35	τῆς	ὁ	RA	----GSF-
Rom 8:35	ἀγάπης	ἀγάπη	N-	----GSF-
Rom 8:35	τοῦ	ὁ	RA	----GSM-
Rom 8:35	Χριστοῦ	Χριστός	N-	----GSM-
Rom 8:35	θλῖψις	θλῖψις	N-	----NSF-
Rom 8:35	ἢ	ἤ	C-	--------
Rom 8:35	στενοχωρία	στενοχωρία	N-	----NSF-
Rom 8:35	ἢ	ἤ	C-	--------
Rom 8:35	διωγμὸς	διωγμός	N-	----NSM-
Rom 8:35	ἢ	ἤ	C-	--------
Rom 8:35	λιμὸς	λιμός	N-	----NSM-
Rom 8:35	ἢ	ἤ	C-	--------
Rom 8:35	γυμνότης	γυμνότης	N-	----NSF-
Rom 8:35	ἢ	ἤ	C-	--------
Rom 8:35	κίνδυνος	κίνδυνος	N-	----NSM-
Rom 8:35	ἢ	ἤ	C-	--------
Rom 8:35	μάχαιρα	μάχαιρα	N-	----NSF-
Rom 8:36	καθὼς	καθώς	C-	--------
Rom 8:36	γέγραπται	γράφω	V-	3XPI-S--
Rom 8:36	ὅτι	ὅτι	C-	--------
Rom 8:36	Ἕνεκεν	ἕνεκεν	P-	--------
Rom 8:36	σοῦ	σύ	RP	----GS--
Rom 8:36	θανατούμεθα	θανατόω	V-	1PPI-P--
Rom 8:36	ὅλην	ὅλος	A-	----ASF-
Rom 8:36	τὴν	ὁ	RA	----ASF-
Rom 8:36	ἡμέραν	ἡμέρα	N-	----ASF-
Rom 8:36	ἐλογίσθημεν	λογίζομαι	V-	1API-P--
Rom 8:36	ὡς	ὡς	C-	--------
Rom 8:36	πρόβατα	πρόβατον	N-	----NPN-
Rom 8:36	σφαγῆς	σφαγή	N-	----GSF-
Rom 8:37	ἀλλ’	ἀλλά	C-	--------
Rom 8:37	ἐν	ἐν	P-	--------
Rom 8:37	τούτοις	οὗτος	RD	----DPN-
Rom 8:37	πᾶσιν	πᾶς	A-	----DPN-
Rom 8:37	ὑπερνικῶμεν	ὑπερνικάω	V-	1PAI-P--
Rom 8:37	διὰ	διά	P-	--------
Rom 8:37	τοῦ	ὁ	RA	----GSM-
Rom 8:37	ἀγαπήσαντος	ἀγαπάω	V-	-AAPGSM-
Rom 8:37	ἡμᾶς	ἐγώ	RP	----AP--
Rom 8:38	πέπεισμαι	πείθω	V-	1XPI-S--
Rom 8:38	γὰρ	γάρ	C-	--------
Rom 8:38	ὅτι	ὅτι	C-	--------
Rom 8:38	οὔτε	οὔτε	C-	--------
Rom 8:38	θάνατος	θάνατος	N-	----NSM-
Rom 8:38	οὔτε	οὔτε	C-	--------
Rom 8:38	ζωὴ	ζωή	N-	----NSF-
Rom 8:38	οὔτε	οὔτε	C-	--------
Rom 8:38	ἄγγελοι	ἄγγελος	N-	----NPM-
Rom 8:38	οὔτε	οὔτε	C-	--------
Rom 8:38	ἀρχαὶ	ἀρχή	N-	----NPF-
Rom 8:38	οὔτε	οὔτε	C-	--------
Rom 8:38	ἐνεστῶτα	ἐνίστημι	V-	-XAPNPN-
Rom 8:38	οὔτε	οὔτε	C-	--------
Rom 8:38	μέλλοντα	μέλλω	V-	-PAPNPN-
Rom 8:38	οὔτε	οὔτε	C-	--------
Rom 8:38	δυνάμεις	δύναμις	N-	----NPF-
Rom 8:39	οὔτε	οὔτε	C-	--------
Rom 8:39	ὕψωμα	ὕψωμα	N-	----NSN-
Rom 8:39	οὔτε	οὔτε	C-	--------
Rom 8:39	βάθος	βάθος	N-	----NSN-
Rom 8:39	οὔτε	οὔτε	C-	--------
Rom 8:39	τις	τις	RI	----NSF-
Rom 8:39	κτίσις	κτίσις	N-	----NSF-
Rom 8:39	ἑτέρα	ἕτερος	A-	----NSF-
Rom 8:39	δυνήσεται	δύναμαι	V-	3FMI-S--
Rom 8:39	ἡμᾶς	ἐγώ	RP	----AP--
Rom 8:39	χωρίσαι	χωρίζω	V-	-AAN----
Rom 8:39	ἀπὸ	ἀπό	P-	--------
Rom 8:39	τῆς	ὁ	RA	----GSF-
Rom 8:39	ἀγάπης	ἀγάπη	N-	----GSF-
Rom 8:39	τοῦ	ὁ	RA	----GSM-
Rom 8:39	θεοῦ	θεός	N-	----GSM-
Rom 8:39	τῆς	ὁ	RA	----GSF-
Rom 8:39	ἐν	ἐν	P-	--------
Rom 8:39	Χριστῷ	Χριστός	N-	----DSM-
Rom 8:39	Ἰησοῦ	Ἰησοῦς	N-	----DSM-
Rom 8:39	τῷ	ὁ	RA	----DSM-
Rom 8:39	κυρίῳ	κύριος	N-	----DSM-
Rom 8:39	ἡμῶν	ἐγώ	RP	----GP--
Rom 9:1	Ἀλήθειαν	ἀλήθεια	N-	----ASF-
Rom 9:1	λέγω	λέγω	V-	1PAI-S--
Rom 9:1	ἐν	ἐν	P-	--------
Rom 9:1	Χριστῷ	Χριστός	N-	----DSM-
Rom 9:1	οὐ	οὐ	D-	--------
Rom 9:1	ψεύδομαι	ψεύδομαι	V-	1PMI-S--
Rom 9:1	συμμαρτυρούσης	συμμαρτυρέω	V-	-PAPGSF-
Rom 9:1	μοι	ἐγώ	RP	----DS--
Rom 9:1	τῆς	ὁ	RA	----GSF-
Rom 9:1	συνειδήσεώς	συνείδησις	N-	----GSF-
Rom 9:1	μου	ἐγώ	RP	----GS--
Rom 9:1	ἐν	ἐν	P-	--------
Rom 9:1	πνεύματι	πνεῦμα	N-	----DSN-
Rom 9:1	ἁγίῳ	ἅγιος	A-	----DSN-
Rom 9:2	ὅτι	ὅτι	D-	--------
Rom 9:2	λύπη	λύπη	N-	----NSF-
Rom 9:2	μοί	ἐγώ	RP	----DS--
Rom 9:2	ἐστιν	εἰμί	V-	3PAI-S--
Rom 9:2	μεγάλη	μέγας	A-	----NSF-
Rom 9:2	καὶ	καί	C-	--------
Rom 9:2	ἀδιάλειπτος	ἀδιάλειπτος	A-	----NSF-
Rom 9:2	ὀδύνη	ὀδύνη	N-	----NSF-
Rom 9:2	τῇ	ὁ	RA	----DSF-
Rom 9:2	καρδίᾳ	καρδία	N-	----DSF-
Rom 9:2	μου	ἐγώ	RP	----GS--
Rom 9:3	ηὐχόμην	εὔχομαι	V-	1IMI-S--
Rom 9:3	γὰρ	γάρ	C-	--------
Rom 9:3	ἀνάθεμα	ἀνάθεμα	N-	----NSN-
Rom 9:3	εἶναι	εἰμί	V-	-PAN----
Rom 9:3	αὐτὸς	αὐτός	RP	----NSM-
Rom 9:3	ἐγὼ	ἐγώ	RP	----NS--
Rom 9:3	ἀπὸ	ἀπό	P-	--------
Rom 9:3	τοῦ	ὁ	RA	----GSM-
Rom 9:3	Χριστοῦ	Χριστός	N-	----GSM-
Rom 9:3	ὑπὲρ	ὑπέρ	P-	--------
Rom 9:3	τῶν	ὁ	RA	----GPM-
Rom 9:3	ἀδελφῶν	ἀδελφός	N-	----GPM-
Rom 9:3	μου	ἐγώ	RP	----GS--
Rom 9:3	τῶν	ὁ	RA	----GPM-
Rom 9:3	συγγενῶν	συγγενής	A-	----GPM-
Rom 9:3	μου	ἐγώ	RP	----GS--
Rom 9:3	κατὰ	κατά	P-	--------
Rom 9:3	σάρκα	σάρξ	N-	----ASF-
Rom 9:4	οἵτινές	ὅστις	RR	----NPM-
Rom 9:4	εἰσιν	εἰμί	V-	3PAI-P--
Rom 9:4	Ἰσραηλῖται	Ἰσραηλίτης	N-	----NPM-
Rom 9:4	ὧν	ὅς	RR	----GPM-
Rom 9:4	ἡ	ὁ	RA	----NSF-
Rom 9:4	υἱοθεσία	υἱοθεσία	N-	----NSF-
Rom 9:4	καὶ	καί	C-	--------
Rom 9:4	ἡ	ὁ	RA	----NSF-
Rom 9:4	δόξα	δόξα	N-	----NSF-
Rom 9:4	καὶ	καί	C-	--------
Rom 9:4	αἱ	ὁ	RA	----NPF-
Rom 9:4	διαθῆκαι	διαθήκη	N-	----NPF-
Rom 9:4	καὶ	καί	C-	--------
Rom 9:4	ἡ	ὁ	RA	----NSF-
Rom 9:4	νομοθεσία	νομοθεσία	N-	----NSF-
Rom 9:4	καὶ	καί	C-	--------
Rom 9:4	ἡ	ὁ	RA	----NSF-
Rom 9:4	λατρεία	λατρεία	N-	----NSF-
Rom 9:4	καὶ	καί	C-	--------
Rom 9:4	αἱ	ὁ	RA	----NPF-
Rom 9:4	ἐπαγγελίαι	ἐπαγγελία	N-	----NPF-
Rom 9:5	ὧν	ὅς	RR	----GPM-
Rom 9:5	οἱ	ὁ	RA	----NPM-
Rom 9:5	πατέρες	πατήρ	N-	----NPM-
Rom 9:5	καὶ	καί	C-	--------
Rom 9:5	ἐξ	ἐκ	P-	--------
Rom 9:5	ὧν	ὅς	RR	----GPM-
Rom 9:5	ὁ	ὁ	RA	----NSM-
Rom 9:5	χριστὸς	Χριστός	N-	----NSM-
Rom 9:5	τὸ	ὁ	RA	----ASN-
Rom 9:5	κατὰ	κατά	P-	--------
Rom 9:5	σάρκα	σάρξ	N-	----ASF-
Rom 9:5	ὁ	ὁ	RA	----NSM-
Rom 9:5	ὢν	εἰμί	V-	-PAPNSM-
Rom 9:5	ἐπὶ	ἐπί	P-	--------
Rom 9:5	πάντων	πᾶς	A-	----GPN-
Rom 9:5	θεὸς	θεός	N-	----NSM-
Rom 9:5	εὐλογητὸς	εὐλογητός	A-	----NSM-
Rom 9:5	εἰς	εἰς	P-	--------
Rom 9:5	τοὺς	ὁ	RA	----APM-
Rom 9:5	αἰῶνας	αἰών	N-	----APM-
Rom 9:5	ἀμήν	ἀμήν	X-	--------
Rom 9:6	Οὐχ	οὐ	D-	--------
Rom 9:6	οἷον	οἷος	RR	----NSN-
Rom 9:6	δὲ	δέ	C-	--------
Rom 9:6	ὅτι	ὅτι	D-	--------
Rom 9:6	ἐκπέπτωκεν	ἐκπίπτω	V-	3XAI-S--
Rom 9:6	ὁ	ὁ	RA	----NSM-
Rom 9:6	λόγος	λόγος	N-	----NSM-
Rom 9:6	τοῦ	ὁ	RA	----GSM-
Rom 9:6	θεοῦ	θεός	N-	----GSM-
Rom 9:6	οὐ	οὐ	D-	--------
Rom 9:6	γὰρ	γάρ	C-	--------
Rom 9:6	πάντες	πᾶς	A-	----NPM-
Rom 9:6	οἱ	ὁ	RA	----NPM-
Rom 9:6	ἐξ	ἐκ	P-	--------
Rom 9:6	Ἰσραήλ	Ἰσραήλ	N-	----GSM-
Rom 9:6	οὗτοι	οὗτος	RD	----NPM-
Rom 9:6	Ἰσραήλ	Ἰσραήλ	N-	----NSM-
Rom 9:7	οὐδ’	οὐδέ	C-	--------
Rom 9:7	ὅτι	ὅτι	C-	--------
Rom 9:7	εἰσὶν	εἰμί	V-	3PAI-P--
Rom 9:7	σπέρμα	σπέρμα	N-	----NSN-
Rom 9:7	Ἀβραάμ	Ἀβραάμ	N-	----GSM-
Rom 9:7	πάντες	πᾶς	A-	----NPM-
Rom 9:7	τέκνα	τέκνον	N-	----NPN-
Rom 9:7	ἀλλ’	ἀλλά	C-	--------
Rom 9:7	Ἐν	ἐν	P-	--------
Rom 9:7	Ἰσαὰκ	Ἰσαάκ	N-	----DSM-
Rom 9:7	κληθήσεταί	καλέω	V-	3FPI-S--
Rom 9:7	σοι	σύ	RP	----DS--
Rom 9:7	σπέρμα	σπέρμα	N-	----NSN-
Rom 9:8	τοῦτ’	οὗτος	RD	----NSN-
Rom 9:8	ἔστιν	εἰμί	V-	3PAI-S--
Rom 9:8	οὐ	οὐ	D-	--------
Rom 9:8	τὰ	ὁ	RA	----NPN-
Rom 9:8	τέκνα	τέκνον	N-	----NPN-
Rom 9:8	τῆς	ὁ	RA	----GSF-
Rom 9:8	σαρκὸς	σάρξ	N-	----GSF-
Rom 9:8	ταῦτα	οὗτος	RD	----NPN-
Rom 9:8	τέκνα	τέκνον	N-	----NPN-
Rom 9:8	τοῦ	ὁ	RA	----GSM-
Rom 9:8	θεοῦ	θεός	N-	----GSM-
Rom 9:8	ἀλλὰ	ἀλλά	C-	--------
Rom 9:8	τὰ	ὁ	RA	----NPN-
Rom 9:8	τέκνα	τέκνον	N-	----NPN-
Rom 9:8	τῆς	ὁ	RA	----GSF-
Rom 9:8	ἐπαγγελίας	ἐπαγγελία	N-	----GSF-
Rom 9:8	λογίζεται	λογίζομαι	V-	3PPI-S--
Rom 9:8	εἰς	εἰς	P-	--------
Rom 9:8	σπέρμα	σπέρμα	N-	----ASN-
Rom 9:9	ἐπαγγελίας	ἐπαγγελία	N-	----GSF-
Rom 9:9	γὰρ	γάρ	C-	--------
Rom 9:9	ὁ	ὁ	RA	----NSM-
Rom 9:9	λόγος	λόγος	N-	----NSM-
Rom 9:9	οὗτος	οὗτος	RD	----NSM-
Rom 9:9	Κατὰ	κατά	P-	--------
Rom 9:9	τὸν	ὁ	RA	----ASM-
Rom 9:9	καιρὸν	καιρός	N-	----ASM-
Rom 9:9	τοῦτον	οὗτος	RD	----ASM-
Rom 9:9	ἐλεύσομαι	ἔρχομαι	V-	1FMI-S--
Rom 9:9	καὶ	καί	C-	--------
Rom 9:9	ἔσται	εἰμί	V-	3FMI-S--
Rom 9:9	τῇ	ὁ	RA	----DSF-
Rom 9:9	Σάρρᾳ	Σάρρα	N-	----DSF-
Rom 9:9	υἱός	υἱός	N-	----NSM-
Rom 9:10	οὐ	οὐ	D-	--------
Rom 9:10	μόνον	μόνος	A-	----ASN-
Rom 9:10	δέ	δέ	C-	--------
Rom 9:10	ἀλλὰ	ἀλλά	C-	--------
Rom 9:10	καὶ	καί	D-	--------
Rom 9:10	Ῥεβέκκα	Ῥεβέκκα	N-	----NSF-
Rom 9:10	ἐξ	ἐκ	P-	--------
Rom 9:10	ἑνὸς	εἷς	A-	----GSM-
Rom 9:10	κοίτην	κοίτη	N-	----ASF-
Rom 9:10	ἔχουσα	ἔχω	V-	-PAPNSF-
Rom 9:10	Ἰσαὰκ	Ἰσαάκ	N-	----GSM-
Rom 9:10	τοῦ	ὁ	RA	----GSM-
Rom 9:10	πατρὸς	πατήρ	N-	----GSM-
Rom 9:10	ἡμῶν	ἐγώ	RP	----GP--
Rom 9:11	μήπω	μήπω	D-	--------
Rom 9:11	γὰρ	γάρ	C-	--------
Rom 9:11	γεννηθέντων	γεννάω	V-	-APPGPM-
Rom 9:11	μηδὲ	μηδέ	C-	--------
Rom 9:11	πραξάντων	πράσσω	V-	-AAPGPM-
Rom 9:11	τι	τις	RI	----ASN-
Rom 9:11	ἀγαθὸν	ἀγαθός	A-	----ASN-
Rom 9:11	ἢ	ἤ	C-	--------
Rom 9:11	φαῦλον	φαῦλος	A-	----ASN-
Rom 9:11	ἵνα	ἵνα	C-	--------
Rom 9:11	ἡ	ὁ	RA	----NSF-
Rom 9:11	κατ’	κατά	P-	--------
Rom 9:11	ἐκλογὴν	ἐκλογή	N-	----ASF-
Rom 9:11	πρόθεσις	πρόθεσις	N-	----NSF-
Rom 9:11	τοῦ	ὁ	RA	----GSM-
Rom 9:11	θεοῦ	θεός	N-	----GSM-
Rom 9:11	μένῃ	μένω	V-	3PAS-S--
Rom 9:12	οὐκ	οὐ	D-	--------
Rom 9:12	ἐξ	ἐκ	P-	--------
Rom 9:12	ἔργων	ἔργον	N-	----GPN-
Rom 9:12	ἀλλ’	ἀλλά	C-	--------
Rom 9:12	ἐκ	ἐκ	P-	--------
Rom 9:12	τοῦ	ὁ	RA	----GSM-
Rom 9:12	καλοῦντος	καλέω	V-	-PAPGSM-
Rom 9:12	ἐρρέθη	λέγω	V-	3API-S--
Rom 9:12	αὐτῇ	αὐτός	RP	----DSF-
Rom 9:12	ὅτι	ὅτι	C-	--------
Rom 9:12	Ὁ	ὁ	RA	----NSM-
Rom 9:12	μείζων	μέγας	A-	----NSMC
Rom 9:12	δουλεύσει	δουλεύω	V-	3FAI-S--
Rom 9:12	τῷ	ὁ	RA	----DSM-
Rom 9:12	ἐλάσσονι	ἐλάσσων	A-	----DSMC
Rom 9:13	καθὼς	καθώς	C-	--------
Rom 9:13	γέγραπται	γράφω	V-	3XPI-S--
Rom 9:13	Τὸν	ὁ	RA	----ASM-
Rom 9:13	Ἰακὼβ	Ἰακώβ	N-	----ASM-
Rom 9:13	ἠγάπησα	ἀγαπάω	V-	1AAI-S--
Rom 9:13	τὸν	ὁ	RA	----ASM-
Rom 9:13	δὲ	δέ	C-	--------
Rom 9:13	Ἠσαῦ	Ἠσαῦ	N-	----ASM-
Rom 9:13	ἐμίσησα	μισέω	V-	1AAI-S--
Rom 9:14	Τί	τίς	RI	----ASN-
Rom 9:14	οὖν	οὖν	C-	--------
Rom 9:14	ἐροῦμεν	λέγω	V-	1FAI-P--
Rom 9:14	μὴ	μή	X-	--------
Rom 9:14	ἀδικία	ἀδικία	N-	----NSF-
Rom 9:14	παρὰ	παρά	P-	--------
Rom 9:14	τῷ	ὁ	RA	----DSM-
Rom 9:14	θεῷ	θεός	N-	----DSM-
Rom 9:14	μὴ	μή	D-	--------
Rom 9:14	γένοιτο	γίνομαι	V-	3AMO-S--
Rom 9:15	τῷ	ὁ	RA	----DSM-
Rom 9:15	Μωϋσεῖ	Μωϋσῆς	N-	----DSM-
Rom 9:15	γὰρ	γάρ	C-	--------
Rom 9:15	λέγει	λέγω	V-	3PAI-S--
Rom 9:15	Ἐλεήσω	ἐλεάω	V-	1FAI-S--
Rom 9:15	ὃν	ὅς	RR	----ASM-
Rom 9:15	ἂν	ἄν	X-	--------
Rom 9:15	ἐλεῶ	ἐλεάω	V-	1PAS-S--
Rom 9:15	καὶ	καί	C-	--------
Rom 9:15	οἰκτιρήσω	οἰκτίρω	V-	1FAI-S--
Rom 9:15	ὃν	ὅς	RR	----ASM-
Rom 9:15	ἂν	ἄν	X-	--------
Rom 9:15	οἰκτίρω	οἰκτίρω	V-	1PAS-S--
Rom 9:16	ἄρα	ἄρα	C-	--------
Rom 9:16	οὖν	οὖν	C-	--------
Rom 9:16	οὐ	οὐ	D-	--------
Rom 9:16	τοῦ	ὁ	RA	----GSM-
Rom 9:16	θέλοντος	θέλω	V-	-PAPGSM-
Rom 9:16	οὐδὲ	οὐδέ	C-	--------
Rom 9:16	τοῦ	ὁ	RA	----GSM-
Rom 9:16	τρέχοντος	τρέχω	V-	-PAPGSM-
Rom 9:16	ἀλλὰ	ἀλλά	C-	--------
Rom 9:16	τοῦ	ὁ	RA	----GSM-
Rom 9:16	ἐλεῶντος	ἐλεάω	V-	-PAPGSM-
Rom 9:16	θεοῦ	θεός	N-	----GSM-
Rom 9:17	λέγει	λέγω	V-	3PAI-S--
Rom 9:17	γὰρ	γάρ	C-	--------
Rom 9:17	ἡ	ὁ	RA	----NSF-
Rom 9:17	γραφὴ	γραφή	N-	----NSF-
Rom 9:17	τῷ	ὁ	RA	----DSM-
Rom 9:17	Φαραὼ	Φαραώ	N-	----DSM-
Rom 9:17	ὅτι	ὅτι	C-	--------
Rom 9:17	Εἰς	εἰς	P-	--------
Rom 9:17	αὐτὸ	αὐτός	A-	----ASN-
Rom 9:17	τοῦτο	οὗτος	RD	----ASN-
Rom 9:17	ἐξήγειρά	ἐξεγείρω	V-	1AAI-S--
Rom 9:17	σε	σύ	RP	----AS--
Rom 9:17	ὅπως	ὅπως	C-	--------
Rom 9:17	ἐνδείξωμαι	ἐνδείκνυμι	V-	1AMS-S--
Rom 9:17	ἐν	ἐν	P-	--------
Rom 9:17	σοὶ	σύ	RP	----DS--
Rom 9:17	τὴν	ὁ	RA	----ASF-
Rom 9:17	δύναμίν	δύναμις	N-	----ASF-
Rom 9:17	μου	ἐγώ	RP	----GS--
Rom 9:17	καὶ	καί	C-	--------
Rom 9:17	ὅπως	ὅπως	C-	--------
Rom 9:17	διαγγελῇ	διαγγέλλω	V-	3APS-S--
Rom 9:17	τὸ	ὁ	RA	----ASN-
Rom 9:17	ὄνομά	ὄνομα	N-	----ASN-
Rom 9:17	μου	ἐγώ	RP	----GS--
Rom 9:17	ἐν	ἐν	P-	--------
Rom 9:17	πάσῃ	πᾶς	A-	----DSF-
Rom 9:17	τῇ	ὁ	RA	----DSF-
Rom 9:17	γῇ	γῆ	N-	----DSF-
Rom 9:18	ἄρα	ἄρα	C-	--------
Rom 9:18	οὖν	οὖν	C-	--------
Rom 9:18	ὃν	ὅς	RR	----ASM-
Rom 9:18	θέλει	θέλω	V-	3PAI-S--
Rom 9:18	ἐλεεῖ	ἐλεάω	V-	3PAI-S--
Rom 9:18	ὃν	ὅς	RR	----ASM-
Rom 9:18	δὲ	δέ	C-	--------
Rom 9:18	θέλει	θέλω	V-	3PAI-S--
Rom 9:18	σκληρύνει	σκληρύνω	V-	3PAI-S--
Rom 9:19	Ἐρεῖς	λέγω	V-	2FAI-S--
Rom 9:19	μοι	ἐγώ	RP	----DS--
Rom 9:19	οὖν	οὖν	C-	--------
Rom 9:19	Τί	τίς	RI	----ASN-
Rom 9:19	οὖν	οὖν	C-	--------
Rom 9:19	ἔτι	ἔτι	D-	--------
Rom 9:19	μέμφεται	μέμφομαι	V-	3PMI-S--
Rom 9:19	τῷ	ὁ	RA	----DSN-
Rom 9:19	γὰρ	γάρ	C-	--------
Rom 9:19	βουλήματι	βούλημα	N-	----DSN-
Rom 9:19	αὐτοῦ	αὐτός	RP	----GSM-
Rom 9:19	τίς	τίς	RI	----NSM-
Rom 9:19	ἀνθέστηκεν	ἀνθίστημι	V-	3XAI-S--
Rom 9:20	ὦ	ὦ	I-	--------
Rom 9:20	ἄνθρωπε	ἄνθρωπος	N-	----VSM-
Rom 9:20	μενοῦνγε	μενοῦνγε	X-	--------
Rom 9:20	σὺ	σύ	RP	----NS--
Rom 9:20	τίς	τίς	RI	----NSM-
Rom 9:20	εἶ	εἰμί	V-	2PAI-S--
Rom 9:20	ὁ	ὁ	RA	----NSM-
Rom 9:20	ἀνταποκρινόμενος	ἀνταποκρίνομαι	V-	-PMPNSM-
Rom 9:20	τῷ	ὁ	RA	----DSM-
Rom 9:20	θεῷ	θεός	N-	----DSM-
Rom 9:20	μὴ	μή	X-	--------
Rom 9:20	ἐρεῖ	λέγω	V-	3FAI-S--
Rom 9:20	τὸ	ὁ	RA	----NSN-
Rom 9:20	πλάσμα	πλάσμα	N-	----NSN-
Rom 9:20	τῷ	ὁ	RA	----DSM-
Rom 9:20	πλάσαντι	πλάσσω	V-	-AAPDSM-
Rom 9:20	Τί	τίς	RI	----ASN-
Rom 9:20	με	ἐγώ	RP	----AS--
Rom 9:20	ἐποίησας	ποιέω	V-	2AAI-S--
Rom 9:20	οὕτως	οὕτω(ς)	D-	--------
Rom 9:21	ἢ	ἤ	C-	--------
Rom 9:21	οὐκ	οὐ	X-	--------
Rom 9:21	ἔχει	ἔχω	V-	3PAI-S--
Rom 9:21	ἐξουσίαν	ἐξουσία	N-	----ASF-
Rom 9:21	ὁ	ὁ	RA	----NSM-
Rom 9:21	κεραμεὺς	κεραμεύς	N-	----NSM-
Rom 9:21	τοῦ	ὁ	RA	----GSM-
Rom 9:21	πηλοῦ	πηλός	N-	----GSM-
Rom 9:21	ἐκ	ἐκ	P-	--------
Rom 9:21	τοῦ	ὁ	RA	----GSN-
Rom 9:21	αὐτοῦ	αὐτός	A-	----GSN-
Rom 9:21	φυράματος	φύραμα	N-	----GSN-
Rom 9:21	ποιῆσαι	ποιέω	V-	-AAN----
Rom 9:21	ὃ	ὅς	RR	----ASN-
Rom 9:21	μὲν	μέν	C-	--------
Rom 9:21	εἰς	εἰς	P-	--------
Rom 9:21	τιμὴν	τιμή	N-	----ASF-
Rom 9:21	σκεῦος	σκεῦος	N-	----ASN-
Rom 9:21	ὃ	ὅς	RR	----ASN-
Rom 9:21	δὲ	δέ	C-	--------
Rom 9:21	εἰς	εἰς	P-	--------
Rom 9:21	ἀτιμίαν	ἀτιμία	N-	----ASF-
Rom 9:22	εἰ	εἰ	C-	--------
Rom 9:22	δὲ	δέ	C-	--------
Rom 9:22	θέλων	θέλω	V-	-PAPNSM-
Rom 9:22	ὁ	ὁ	RA	----NSM-
Rom 9:22	θεὸς	θεός	N-	----NSM-
Rom 9:22	ἐνδείξασθαι	ἐνδείκνυμι	V-	-AMN----
Rom 9:22	τὴν	ὁ	RA	----ASF-
Rom 9:22	ὀργὴν	ὀργή	N-	----ASF-
Rom 9:22	καὶ	καί	C-	--------
Rom 9:22	γνωρίσαι	γνωρίζω	V-	-AAN----
Rom 9:22	τὸ	ὁ	RA	----ASN-
Rom 9:22	δυνατὸν	δυνατός	A-	----ASN-
Rom 9:22	αὐτοῦ	αὐτός	RP	----GSM-
Rom 9:22	ἤνεγκεν	φέρω	V-	3AAI-S--
Rom 9:22	ἐν	ἐν	P-	--------
Rom 9:22	πολλῇ	πολύς	A-	----DSF-
Rom 9:22	μακροθυμίᾳ	μακροθυμία	N-	----DSF-
Rom 9:22	σκεύη	σκεῦος	N-	----APN-
Rom 9:22	ὀργῆς	ὀργή	N-	----GSF-
Rom 9:22	κατηρτισμένα	καταρτίζω	V-	-XPPAPN-
Rom 9:22	εἰς	εἰς	P-	--------
Rom 9:22	ἀπώλειαν	ἀπώλεια	N-	----ASF-
Rom 9:23	καὶ	καί	C-	--------
Rom 9:23	ἵνα	ἵνα	C-	--------
Rom 9:23	γνωρίσῃ	γνωρίζω	V-	3AAS-S--
Rom 9:23	τὸν	ὁ	RA	----ASM-
Rom 9:23	πλοῦτον	πλοῦτος	N-	----ASM-
Rom 9:23	τῆς	ὁ	RA	----GSF-
Rom 9:23	δόξης	δόξα	N-	----GSF-
Rom 9:23	αὐτοῦ	αὐτός	RP	----GSM-
Rom 9:23	ἐπὶ	ἐπί	P-	--------
Rom 9:23	σκεύη	σκεῦος	N-	----APN-
Rom 9:23	ἐλέους	ἔλεος	N-	----GSN-
Rom 9:23	ἃ	ὅς	RR	----APN-
Rom 9:23	προητοίμασεν	προετοιμάζω	V-	3AAI-S--
Rom 9:23	εἰς	εἰς	P-	--------
Rom 9:23	δόξαν	δόξα	N-	----ASF-
Rom 9:24	οὓς	ὅς	RR	----APM-
Rom 9:24	καὶ	καί	D-	--------
Rom 9:24	ἐκάλεσεν	καλέω	V-	3AAI-S--
Rom 9:24	ἡμᾶς	ἐγώ	RP	----AP--
Rom 9:24	οὐ	οὐ	D-	--------
Rom 9:24	μόνον	μόνος	A-	----ASN-
Rom 9:24	ἐξ	ἐκ	P-	--------
Rom 9:24	Ἰουδαίων	Ἰουδαῖος	A-	----GPM-
Rom 9:24	ἀλλὰ	ἀλλά	C-	--------
Rom 9:24	καὶ	καί	D-	--------
Rom 9:24	ἐξ	ἐκ	P-	--------
Rom 9:24	ἐθνῶν	ἔθνος	N-	----GPN-
Rom 9:25	ὡς	ὡς	C-	--------
Rom 9:25	καὶ	καί	D-	--------
Rom 9:25	ἐν	ἐν	P-	--------
Rom 9:25	τῷ	ὁ	RA	----DSM-
Rom 9:25	Ὡσηὲ	Ὡσηέ	N-	----DSM-
Rom 9:25	λέγει	λέγω	V-	3PAI-S--
Rom 9:25	Καλέσω	καλέω	V-	1FAI-S--
Rom 9:25	τὸν	ὁ	RA	----ASM-
Rom 9:25	οὐ	οὐ	D-	--------
Rom 9:25	λαόν	λαός	N-	----ASM-
Rom 9:25	μου	ἐγώ	RP	----GS--
Rom 9:25	λαόν	λαός	N-	----ASM-
Rom 9:25	μου	ἐγώ	RP	----GS--
Rom 9:25	καὶ	καί	C-	--------
Rom 9:25	τὴν	ὁ	RA	----ASF-
Rom 9:25	οὐκ	οὐ	D-	--------
Rom 9:25	ἠγαπημένην	ἀγαπάω	V-	-XPPASF-
Rom 9:25	ἠγαπημένην	ἀγαπάω	V-	-XPPASF-
Rom 9:26	καὶ	καί	C-	--------
Rom 9:26	ἔσται	εἰμί	V-	3FMI-S--
Rom 9:26	ἐν	ἐν	P-	--------
Rom 9:26	τῷ	ὁ	RA	----DSM-
Rom 9:26	τόπῳ	τόπος	N-	----DSM-
Rom 9:26	οὗ	οὗ	D-	--------
Rom 9:26	ἐρρέθη	λέγω	V-	3API-S--
Rom 9:26	αὐτοῖς	αὐτός	RP	----DPM-
Rom 9:26	Οὐ	οὐ	D-	--------
Rom 9:26	λαός	λαός	N-	----NSM-
Rom 9:26	μου	ἐγώ	RP	----GS--
Rom 9:26	ὑμεῖς	σύ	RP	----NP--
Rom 9:26	ἐκεῖ	ἐκεῖ	D-	--------
Rom 9:26	κληθήσονται	καλέω	V-	3FPI-P--
Rom 9:26	υἱοὶ	υἱός	N-	----NPM-
Rom 9:26	θεοῦ	θεός	N-	----GSM-
Rom 9:26	ζῶντος	ζάω	V-	-PAPGSM-
Rom 9:27	Ἠσαΐας	Ἠσαΐας	N-	----NSM-
Rom 9:27	δὲ	δέ	C-	--------
Rom 9:27	κράζει	κράζω	V-	3PAI-S--
Rom 9:27	ὑπὲρ	ὑπέρ	P-	--------
Rom 9:27	τοῦ	ὁ	RA	----GSM-
Rom 9:27	Ἰσραήλ	Ἰσραήλ	N-	----GSM-
Rom 9:27	Ἐὰν	ἐάν	C-	--------
Rom 9:27	ᾖ	εἰμί	V-	3PAS-S--
Rom 9:27	ὁ	ὁ	RA	----NSM-
Rom 9:27	ἀριθμὸς	ἀριθμός	N-	----NSM-
Rom 9:27	τῶν	ὁ	RA	----GPM-
Rom 9:27	υἱῶν	υἱός	N-	----GPM-
Rom 9:27	Ἰσραὴλ	Ἰσραήλ	N-	----GSM-
Rom 9:27	ὡς	ὡς	C-	--------
Rom 9:27	ἡ	ὁ	RA	----NSF-
Rom 9:27	ἄμμος	ἄμμος	N-	----NSF-
Rom 9:27	τῆς	ὁ	RA	----GSF-
Rom 9:27	θαλάσσης	θάλασσα	N-	----GSF-
Rom 9:27	τὸ	ὁ	RA	----NSN-
Rom 9:27	ὑπόλειμμα	ὑπόλειμμα	N-	----NSN-
Rom 9:27	σωθήσεται	σῴζω	V-	3FPI-S--
Rom 9:28	λόγον	λόγος	N-	----ASM-
Rom 9:28	γὰρ	γάρ	C-	--------
Rom 9:28	συντελῶν	συντελέω	V-	-PAPNSM-
Rom 9:28	καὶ	καί	C-	--------
Rom 9:28	συντέμνων	συντέμνω	V-	-PAPNSM-
Rom 9:28	ποιήσει	ποιέω	V-	3FAI-S--
Rom 9:28	κύριος	κύριος	N-	----NSM-
Rom 9:28	ἐπὶ	ἐπί	P-	--------
Rom 9:28	τῆς	ὁ	RA	----GSF-
Rom 9:28	γῆς	γῆ	N-	----GSF-
Rom 9:29	καὶ	καί	C-	--------
Rom 9:29	καθὼς	καθώς	C-	--------
Rom 9:29	προείρηκεν	προλέγω	V-	3XAI-S--
Rom 9:29	Ἠσαΐας	Ἠσαΐας	N-	----NSM-
Rom 9:29	Εἰ	εἰ	C-	--------
Rom 9:29	μὴ	μή	D-	--------
Rom 9:29	κύριος	κύριος	N-	----NSM-
Rom 9:29	Σαβαὼθ	Σαβαώθ	N-	----GPM-
Rom 9:29	ἐγκατέλιπεν	ἐγκαταλείπω	V-	3AAI-S--
Rom 9:29	ἡμῖν	ἐγώ	RP	----DP--
Rom 9:29	σπέρμα	σπέρμα	N-	----ASN-
Rom 9:29	ὡς	ὡς	C-	--------
Rom 9:29	Σόδομα	Σόδομα	N-	----NPN-
Rom 9:29	ἂν	ἄν	X-	--------
Rom 9:29	ἐγενήθημεν	γίνομαι	V-	1API-P--
Rom 9:29	καὶ	καί	C-	--------
Rom 9:29	ὡς	ὡς	C-	--------
Rom 9:29	Γόμορρα	Γόμορρα	N-	----NSF-
Rom 9:29	ἂν	ἄν	X-	--------
Rom 9:29	ὡμοιώθημεν	ὁμοιόω	V-	1API-P--
Rom 9:30	Τί	τίς	RI	----ASN-
Rom 9:30	οὖν	οὖν	C-	--------
Rom 9:30	ἐροῦμεν	λέγω	V-	1FAI-P--
Rom 9:30	ὅτι	ὅτι	C-	--------
Rom 9:30	ἔθνη	ἔθνος	N-	----NPN-
Rom 9:30	τὰ	ὁ	RA	----NPN-
Rom 9:30	μὴ	μή	D-	--------
Rom 9:30	διώκοντα	διώκω	V-	-PAPNPN-
Rom 9:30	δικαιοσύνην	δικαιοσύνη	N-	----ASF-
Rom 9:30	κατέλαβεν	καταλαμβάνω	V-	3AAI-S--
Rom 9:30	δικαιοσύνην	δικαιοσύνη	N-	----ASF-
Rom 9:30	δικαιοσύνην	δικαιοσύνη	N-	----ASF-
Rom 9:30	δὲ	δέ	C-	--------
Rom 9:30	τὴν	ὁ	RA	----ASF-
Rom 9:30	ἐκ	ἐκ	P-	--------
Rom 9:30	πίστεως	πίστις	N-	----GSF-
Rom 9:31	Ἰσραὴλ	Ἰσραήλ	N-	----NSM-
Rom 9:31	δὲ	δέ	C-	--------
Rom 9:31	διώκων	διώκω	V-	-PAPNSM-
Rom 9:31	νόμον	νόμος	N-	----ASM-
Rom 9:31	δικαιοσύνης	δικαιοσύνη	N-	----GSF-
Rom 9:31	εἰς	εἰς	P-	--------
Rom 9:31	νόμον	νόμος	N-	----ASM-
Rom 9:31	οὐκ	οὐ	D-	--------
Rom 9:31	ἔφθασεν	φθάνω	V-	3AAI-S--
Rom 9:32	διὰ	διά	P-	--------
Rom 9:32	τί	τίς	RI	----ASN-
Rom 9:32	ὅτι	ὅτι	C-	--------
Rom 9:32	οὐκ	οὐ	D-	--------
Rom 9:32	ἐκ	ἐκ	P-	--------
Rom 9:32	πίστεως	πίστις	N-	----GSF-
Rom 9:32	ἀλλ’	ἀλλά	C-	--------
Rom 9:32	ὡς	ὡς	C-	--------
Rom 9:32	ἐξ	ἐκ	P-	--------
Rom 9:32	ἔργων	ἔργον	N-	----GPN-
Rom 9:32	προσέκοψαν	προσκόπτω	V-	3AAI-P--
Rom 9:32	τῷ	ὁ	RA	----DSM-
Rom 9:32	λίθῳ	λίθος	N-	----DSM-
Rom 9:32	τοῦ	ὁ	RA	----GSN-
Rom 9:32	προσκόμματος	πρόσκομμα	N-	----GSN-
Rom 9:33	καθὼς	καθώς	C-	--------
Rom 9:33	γέγραπται	γράφω	V-	3XPI-S--
Rom 9:33	Ἰδοὺ	ἰδού	X-	--------
Rom 9:33	τίθημι	τίθημι	V-	1PAI-S--
Rom 9:33	ἐν	ἐν	P-	--------
Rom 9:33	Σιὼν	Σιών	N-	----DSF-
Rom 9:33	λίθον	λίθος	N-	----ASM-
Rom 9:33	προσκόμματος	πρόσκομμα	N-	----GSN-
Rom 9:33	καὶ	καί	C-	--------
Rom 9:33	πέτραν	πέτρα	N-	----ASF-
Rom 9:33	σκανδάλου	σκάνδαλον	N-	----GSN-
Rom 9:33	καὶ	καί	C-	--------
Rom 9:33	ὁ	ὁ	RA	----NSM-
Rom 9:33	πιστεύων	πιστεύω	V-	-PAPNSM-
Rom 9:33	ἐπ’	ἐπί	P-	--------
Rom 9:33	αὐτῷ	αὐτός	RP	----DSM-
Rom 9:33	οὐ	οὐ	D-	--------
Rom 9:33	καταισχυνθήσεται	καταισχύνω	V-	3FPI-S--
Rom 10:1	Ἀδελφοί	ἀδελφός	N-	----VPM-
Rom 10:1	ἡ	ὁ	RA	----NSF-
Rom 10:1	μὲν	μέν	C-	--------
Rom 10:1	εὐδοκία	εὐδοκία	N-	----NSF-
Rom 10:1	τῆς	ὁ	RA	----GSF-
Rom 10:1	ἐμῆς	ἐμός	A-	----GSF-
Rom 10:1	καρδίας	καρδία	N-	----GSF-
Rom 10:1	καὶ	καί	C-	--------
Rom 10:1	ἡ	ὁ	RA	----NSF-
Rom 10:1	δέησις	δέησις	N-	----NSF-
Rom 10:1	πρὸς	πρός	P-	--------
Rom 10:1	τὸν	ὁ	RA	----ASM-
Rom 10:1	θεὸν	θεός	N-	----ASM-
Rom 10:1	ὑπὲρ	ὑπέρ	P-	--------
Rom 10:1	αὐτῶν	αὐτός	RP	----GPM-
Rom 10:1	εἰς	εἰς	P-	--------
Rom 10:1	σωτηρίαν	σωτηρία	N-	----ASF-
Rom 10:2	μαρτυρῶ	μαρτυρέω	V-	1PAI-S--
Rom 10:2	γὰρ	γάρ	C-	--------
Rom 10:2	αὐτοῖς	αὐτός	RP	----DPM-
Rom 10:2	ὅτι	ὅτι	C-	--------
Rom 10:2	ζῆλον	ζῆλος	N-	----ASM-
Rom 10:2	θεοῦ	θεός	N-	----GSM-
Rom 10:2	ἔχουσιν	ἔχω	V-	3PAI-P--
Rom 10:2	ἀλλ’	ἀλλά	C-	--------
Rom 10:2	οὐ	οὐ	D-	--------
Rom 10:2	κατ’	κατά	P-	--------
Rom 10:2	ἐπίγνωσιν	ἐπίγνωσις	N-	----ASF-
Rom 10:3	ἀγνοοῦντες	ἀγνοέω	V-	-PAPNPM-
Rom 10:3	γὰρ	γάρ	C-	--------
Rom 10:3	τὴν	ὁ	RA	----ASF-
Rom 10:3	τοῦ	ὁ	RA	----GSM-
Rom 10:3	θεοῦ	θεός	N-	----GSM-
Rom 10:3	δικαιοσύνην	δικαιοσύνη	N-	----ASF-
Rom 10:3	καὶ	καί	C-	--------
Rom 10:3	τὴν	ὁ	RA	----ASF-
Rom 10:3	ἰδίαν	ἴδιος	A-	----ASF-
Rom 10:3	ζητοῦντες	ζητέω	V-	-PAPNPM-
Rom 10:3	στῆσαι	ἵστημι	V-	-AAN----
Rom 10:3	τῇ	ὁ	RA	----DSF-
Rom 10:3	δικαιοσύνῃ	δικαιοσύνη	N-	----DSF-
Rom 10:3	τοῦ	ὁ	RA	----GSM-
Rom 10:3	θεοῦ	θεός	N-	----GSM-
Rom 10:3	οὐχ	οὐ	D-	--------
Rom 10:3	ὑπετάγησαν	ὑποτάσσω	V-	3API-P--
Rom 10:4	τέλος	τέλος	N-	----NSN-
Rom 10:4	γὰρ	γάρ	C-	--------
Rom 10:4	νόμου	νόμος	N-	----GSM-
Rom 10:4	Χριστὸς	Χριστός	N-	----NSM-
Rom 10:4	εἰς	εἰς	P-	--------
Rom 10:4	δικαιοσύνην	δικαιοσύνη	N-	----ASF-
Rom 10:4	παντὶ	πᾶς	A-	----DSM-
Rom 10:4	τῷ	ὁ	RA	----DSM-
Rom 10:4	πιστεύοντι	πιστεύω	V-	-PAPDSM-
Rom 10:5	Μωϋσῆς	Μωϋσῆς	N-	----NSM-
Rom 10:5	γὰρ	γάρ	C-	--------
Rom 10:5	γράφει	γράφω	V-	3PAI-S--
Rom 10:5	ὅτι	ὅτι	D-	--------
Rom 10:5	τὴν	ὁ	RA	----ASF-
Rom 10:5	δικαιοσύνην	δικαιοσύνη	N-	----ASF-
Rom 10:5	τὴν	ὁ	RA	----ASF-
Rom 10:5	ἐκ	ἐκ	P-	--------
Rom 10:5	τοῦ	ὁ	RA	----GSM-
Rom 10:5	νόμου	νόμος	N-	----GSM-
Rom 10:5	ὁ	ὁ	RA	----NSM-
Rom 10:5	ποιήσας	ποιέω	V-	-AAPNSM-
Rom 10:5	ἄνθρωπος	ἄνθρωπος	N-	----NSM-
Rom 10:5	ζήσεται	ζάω	V-	3FMI-S--
Rom 10:5	ἐν	ἐν	P-	--------
Rom 10:5	αὐτῇ	αὐτός	RP	----DSF-
Rom 10:6	ἡ	ὁ	RA	----NSF-
Rom 10:6	δὲ	δέ	C-	--------
Rom 10:6	ἐκ	ἐκ	P-	--------
Rom 10:6	πίστεως	πίστις	N-	----GSF-
Rom 10:6	δικαιοσύνη	δικαιοσύνη	N-	----NSF-
Rom 10:6	οὕτως	οὕτω(ς)	D-	--------
Rom 10:6	λέγει	λέγω	V-	3PAI-S--
Rom 10:6	Μὴ	μή	D-	--------
Rom 10:6	εἴπῃς	λέγω	V-	2AAS-S--
Rom 10:6	ἐν	ἐν	P-	--------
Rom 10:6	τῇ	ὁ	RA	----DSF-
Rom 10:6	καρδίᾳ	καρδία	N-	----DSF-
Rom 10:6	σου	σύ	RP	----GS--
Rom 10:6	Τίς	τίς	RI	----NSM-
Rom 10:6	ἀναβήσεται	ἀναβαίνω	V-	3FMI-S--
Rom 10:6	εἰς	εἰς	P-	--------
Rom 10:6	τὸν	ὁ	RA	----ASM-
Rom 10:6	οὐρανόν	οὐρανός	N-	----ASM-
Rom 10:6	τοῦτ’	οὗτος	RD	----NSN-
Rom 10:6	ἔστιν	εἰμί	V-	3PAI-S--
Rom 10:6	Χριστὸν	Χριστός	N-	----ASM-
Rom 10:6	καταγαγεῖν	κατάγω	V-	-AAN----
Rom 10:7	ἤ	ἤ	C-	--------
Rom 10:7	Τίς	τίς	RI	----NSM-
Rom 10:7	καταβήσεται	καταβαίνω	V-	3FMI-S--
Rom 10:7	εἰς	εἰς	P-	--------
Rom 10:7	τὴν	ὁ	RA	----ASF-
Rom 10:7	ἄβυσσον	ἄβυσσος	N-	----ASF-
Rom 10:7	τοῦτ’	οὗτος	RD	----NSN-
Rom 10:7	ἔστιν	εἰμί	V-	3PAI-S--
Rom 10:7	Χριστὸν	Χριστός	N-	----ASM-
Rom 10:7	ἐκ	ἐκ	P-	--------
Rom 10:7	νεκρῶν	νεκρός	A-	----GPM-
Rom 10:7	ἀναγαγεῖν	ἀνάγω	V-	-AAN----
Rom 10:8	ἀλλὰ	ἀλλά	C-	--------
Rom 10:8	τί	τίς	RI	----ASN-
Rom 10:8	λέγει	λέγω	V-	3PAI-S--
Rom 10:8	Ἐγγύς	ἐγγύς	P-	--------
Rom 10:8	σου	σύ	RP	----GS--
Rom 10:8	τὸ	ὁ	RA	----NSN-
Rom 10:8	ῥῆμά	ῥῆμα	N-	----NSN-
Rom 10:8	ἐστιν	εἰμί	V-	3PAI-S--
Rom 10:8	ἐν	ἐν	P-	--------
Rom 10:8	τῷ	ὁ	RA	----DSN-
Rom 10:8	στόματί	στόμα	N-	----DSN-
Rom 10:8	σου	σύ	RP	----GS--
Rom 10:8	καὶ	καί	C-	--------
Rom 10:8	ἐν	ἐν	P-	--------
Rom 10:8	τῇ	ὁ	RA	----DSF-
Rom 10:8	καρδίᾳ	καρδία	N-	----DSF-
Rom 10:8	σου	σύ	RP	----GS--
Rom 10:8	τοῦτ’	οὗτος	RD	----NSN-
Rom 10:8	ἔστιν	εἰμί	V-	3PAI-S--
Rom 10:8	τὸ	ὁ	RA	----NSN-
Rom 10:8	ῥῆμα	ῥῆμα	N-	----NSN-
Rom 10:8	τῆς	ὁ	RA	----GSF-
Rom 10:8	πίστεως	πίστις	N-	----GSF-
Rom 10:8	ὃ	ὅς	RR	----ASN-
Rom 10:8	κηρύσσομεν	κηρύσσω	V-	1PAI-P--
Rom 10:9	ὅτι	ὅτι	C-	--------
Rom 10:9	ἐὰν	ἐάν	C-	--------
Rom 10:9	ὁμολογήσῃς	ὁμολογέω	V-	2AAS-S--
Rom 10:9	ἐν	ἐν	P-	--------
Rom 10:9	τῷ	ὁ	RA	----DSN-
Rom 10:9	στόματί	στόμα	N-	----DSN-
Rom 10:9	σου	σύ	RP	----GS--
Rom 10:9	κύριον	κύριος	N-	----ASM-
Rom 10:9	Ἰησοῦν	Ἰησοῦς	N-	----ASM-
Rom 10:9	καὶ	καί	C-	--------
Rom 10:9	πιστεύσῃς	πιστεύω	V-	2AAS-S--
Rom 10:9	ἐν	ἐν	P-	--------
Rom 10:9	τῇ	ὁ	RA	----DSF-
Rom 10:9	καρδίᾳ	καρδία	N-	----DSF-
Rom 10:9	σου	σύ	RP	----GS--
Rom 10:9	ὅτι	ὅτι	C-	--------
Rom 10:9	ὁ	ὁ	RA	----NSM-
Rom 10:9	θεὸς	θεός	N-	----NSM-
Rom 10:9	αὐτὸν	αὐτός	RP	----ASM-
Rom 10:9	ἤγειρεν	ἐγείρω	V-	3AAI-S--
Rom 10:9	ἐκ	ἐκ	P-	--------
Rom 10:9	νεκρῶν	νεκρός	A-	----GPM-
Rom 10:9	σωθήσῃ	σῴζω	V-	2FPI-S--
Rom 10:10	καρδίᾳ	καρδία	N-	----DSF-
Rom 10:10	γὰρ	γάρ	C-	--------
Rom 10:10	πιστεύεται	πιστεύω	V-	3PPI-S--
Rom 10:10	εἰς	εἰς	P-	--------
Rom 10:10	δικαιοσύνην	δικαιοσύνη	N-	----ASF-
Rom 10:10	στόματι	στόμα	N-	----DSN-
Rom 10:10	δὲ	δέ	C-	--------
Rom 10:10	ὁμολογεῖται	ὁμολογέω	V-	3PPI-S--
Rom 10:10	εἰς	εἰς	P-	--------
Rom 10:10	σωτηρίαν	σωτηρία	N-	----ASF-
Rom 10:11	λέγει	λέγω	V-	3PAI-S--
Rom 10:11	γὰρ	γάρ	C-	--------
Rom 10:11	ἡ	ὁ	RA	----NSF-
Rom 10:11	γραφή	γραφή	N-	----NSF-
Rom 10:11	Πᾶς	πᾶς	A-	----NSM-
Rom 10:11	ὁ	ὁ	RA	----NSM-
Rom 10:11	πιστεύων	πιστεύω	V-	-PAPNSM-
Rom 10:11	ἐπ’	ἐπί	P-	--------
Rom 10:11	αὐτῷ	αὐτός	RP	----DSM-
Rom 10:11	οὐ	οὐ	D-	--------
Rom 10:11	καταισχυνθήσεται	καταισχύνω	V-	3FPI-S--
Rom 10:12	οὐ	οὐ	D-	--------
Rom 10:12	γάρ	γάρ	C-	--------
Rom 10:12	ἐστιν	εἰμί	V-	3PAI-S--
Rom 10:12	διαστολὴ	διαστολή	N-	----NSF-
Rom 10:12	Ἰουδαίου	Ἰουδαῖος	A-	----GSM-
Rom 10:12	τε	τέ	C-	--------
Rom 10:12	καὶ	καί	C-	--------
Rom 10:12	Ἕλληνος	Ἕλλην	N-	----GSM-
Rom 10:12	ὁ	ὁ	RA	----NSM-
Rom 10:12	γὰρ	γάρ	C-	--------
Rom 10:12	αὐτὸς	αὐτός	A-	----NSM-
Rom 10:12	κύριος	κύριος	N-	----NSM-
Rom 10:12	πάντων	πᾶς	A-	----GPM-
Rom 10:12	πλουτῶν	πλουτέω	V-	-PAPNSM-
Rom 10:12	εἰς	εἰς	P-	--------
Rom 10:12	πάντας	πᾶς	A-	----APM-
Rom 10:12	τοὺς	ὁ	RA	----APM-
Rom 10:12	ἐπικαλουμένους	ἐπικαλέω	V-	-PMPAPM-
Rom 10:12	αὐτόν	αὐτός	RP	----ASM-
Rom 10:13	Πᾶς	πᾶς	A-	----NSM-
Rom 10:13	γὰρ	γάρ	C-	--------
Rom 10:13	ὃς	ὅς	RR	----NSM-
Rom 10:13	ἂν	ἄν	X-	--------
Rom 10:13	ἐπικαλέσηται	ἐπικαλέω	V-	3AMS-S--
Rom 10:13	τὸ	ὁ	RA	----ASN-
Rom 10:13	ὄνομα	ὄνομα	N-	----ASN-
Rom 10:13	κυρίου	κύριος	N-	----GSM-
Rom 10:13	σωθήσεται	σῴζω	V-	3FPI-S--
Rom 10:14	Πῶς	πῶς	D-	--------
Rom 10:14	οὖν	οὖν	C-	--------
Rom 10:14	ἐπικαλέσωνται	ἐπικαλέω	V-	3AMS-P--
Rom 10:14	εἰς	εἰς	P-	--------
Rom 10:14	ὃν	ὅς	RR	----ASM-
Rom 10:14	οὐκ	οὐ	D-	--------
Rom 10:14	ἐπίστευσαν	πιστεύω	V-	3AAI-P--
Rom 10:14	πῶς	πῶς	D-	--------
Rom 10:14	δὲ	δέ	C-	--------
Rom 10:14	πιστεύσωσιν	πιστεύω	V-	3AAS-P--
Rom 10:14	οὗ	ὅς	RR	----GSM-
Rom 10:14	οὐκ	οὐ	D-	--------
Rom 10:14	ἤκουσαν	ἀκούω	V-	3AAI-P--
Rom 10:14	πῶς	πῶς	D-	--------
Rom 10:14	δὲ	δέ	C-	--------
Rom 10:14	ἀκούσωσιν	ἀκούω	V-	3AAS-P--
Rom 10:14	χωρὶς	χωρίς	P-	--------
Rom 10:14	κηρύσσοντος	κηρύσσω	V-	-PAPGSM-
Rom 10:15	πῶς	πῶς	D-	--------
Rom 10:15	δὲ	δέ	C-	--------
Rom 10:15	κηρύξωσιν	κηρύσσω	V-	3AAS-P--
Rom 10:15	ἐὰν	ἐάν	C-	--------
Rom 10:15	μὴ	μή	D-	--------
Rom 10:15	ἀποσταλῶσιν	ἀποστέλλω	V-	3APS-P--
Rom 10:15	καθὼς	καθώς	C-	--------
Rom 10:15	γέγραπται	γράφω	V-	3XPI-S--
Rom 10:15	Ὡς	ὡς	D-	--------
Rom 10:15	ὡραῖοι	ὡραῖος	A-	----NPM-
Rom 10:15	οἱ	ὁ	RA	----NPM-
Rom 10:15	πόδες	πούς	N-	----NPM-
Rom 10:15	τῶν	ὁ	RA	----GPM-
Rom 10:15	εὐαγγελιζομένων	εὐαγγελίζω	V-	-PMPGPM-
Rom 10:15	τὰ	ὁ	RA	----APN-
Rom 10:15	ἀγαθά	ἀγαθός	A-	----APN-
Rom 10:16	ἀλλ’	ἀλλά	C-	--------
Rom 10:16	οὐ	οὐ	D-	--------
Rom 10:16	πάντες	πᾶς	A-	----NPM-
Rom 10:16	ὑπήκουσαν	ὑπακούω	V-	3AAI-P--
Rom 10:16	τῷ	ὁ	RA	----DSN-
Rom 10:16	εὐαγγελίῳ	εὐαγγέλιον	N-	----DSN-
Rom 10:16	Ἠσαΐας	Ἠσαΐας	N-	----NSM-
Rom 10:16	γὰρ	γάρ	C-	--------
Rom 10:16	λέγει	λέγω	V-	3PAI-S--
Rom 10:16	Κύριε	κύριος	N-	----VSM-
Rom 10:16	τίς	τίς	RI	----NSM-
Rom 10:16	ἐπίστευσεν	πιστεύω	V-	3AAI-S--
Rom 10:16	τῇ	ὁ	RA	----DSF-
Rom 10:16	ἀκοῇ	ἀκοή	N-	----DSF-
Rom 10:16	ἡμῶν	ἐγώ	RP	----GP--
Rom 10:17	ἄρα	ἄρα	C-	--------
Rom 10:17	ἡ	ὁ	RA	----NSF-
Rom 10:17	πίστις	πίστις	N-	----NSF-
Rom 10:17	ἐξ	ἐκ	P-	--------
Rom 10:17	ἀκοῆς	ἀκοή	N-	----GSF-
Rom 10:17	ἡ	ὁ	RA	----NSF-
Rom 10:17	δὲ	δέ	C-	--------
Rom 10:17	ἀκοὴ	ἀκοή	N-	----NSF-
Rom 10:17	διὰ	διά	P-	--------
Rom 10:17	ῥήματος	ῥῆμα	N-	----GSN-
Rom 10:17	Χριστοῦ	Χριστός	N-	----GSM-
Rom 10:18	Ἀλλὰ	ἀλλά	C-	--------
Rom 10:18	λέγω	λέγω	V-	1PAI-S--
Rom 10:18	μὴ	μή	X-	--------
Rom 10:18	οὐκ	οὐ	D-	--------
Rom 10:18	ἤκουσαν	ἀκούω	V-	3AAI-P--
Rom 10:18	μενοῦνγε	μενοῦνγε	X-	--------
Rom 10:18	Εἰς	εἰς	P-	--------
Rom 10:18	πᾶσαν	πᾶς	A-	----ASF-
Rom 10:18	τὴν	ὁ	RA	----ASF-
Rom 10:18	γῆν	γῆ	N-	----ASF-
Rom 10:18	ἐξῆλθεν	ἐξέρχομαι	V-	3AAI-S--
Rom 10:18	ὁ	ὁ	RA	----NSM-
Rom 10:18	φθόγγος	φθόγγος	N-	----NSM-
Rom 10:18	αὐτῶν	αὐτός	RP	----GPM-
Rom 10:18	καὶ	καί	C-	--------
Rom 10:18	εἰς	εἰς	P-	--------
Rom 10:18	τὰ	ὁ	RA	----APN-
Rom 10:18	πέρατα	πέρας	N-	----APN-
Rom 10:18	τῆς	ὁ	RA	----GSF-
Rom 10:18	οἰκουμένης	οἰκουμένη	N-	----GSF-
Rom 10:18	τὰ	ὁ	RA	----NPN-
Rom 10:18	ῥήματα	ῥῆμα	N-	----NPN-
Rom 10:18	αὐτῶν	αὐτός	RP	----GPM-
Rom 10:19	ἀλλὰ	ἀλλά	C-	--------
Rom 10:19	λέγω	λέγω	V-	1PAI-S--
Rom 10:19	μὴ	μή	X-	--------
Rom 10:19	Ἰσραὴλ	Ἰσραήλ	N-	----NSM-
Rom 10:19	οὐκ	οὐ	D-	--------
Rom 10:19	ἔγνω	γινώσκω	V-	3AAI-S--
Rom 10:19	πρῶτος	πρῶτος	A-	----NSM-
Rom 10:19	Μωϋσῆς	Μωϋσῆς	N-	----NSM-
Rom 10:19	λέγει	λέγω	V-	3PAI-S--
Rom 10:19	Ἐγὼ	ἐγώ	RP	----NS--
Rom 10:19	παραζηλώσω	παραζηλόω	V-	1FAI-S--
Rom 10:19	ὑμᾶς	σύ	RP	----AP--
Rom 10:19	ἐπ’	ἐπί	P-	--------
Rom 10:19	οὐκ	οὐ	D-	--------
Rom 10:19	ἔθνει	ἔθνος	N-	----DSN-
Rom 10:19	ἐπ’	ἐπί	P-	--------
Rom 10:19	ἔθνει	ἔθνος	N-	----DSN-
Rom 10:19	ἀσυνέτῳ	ἀσύνετος	A-	----DSN-
Rom 10:19	παροργιῶ	παροργίζω	V-	1FAI-S--
Rom 10:19	ὑμᾶς	σύ	RP	----AP--
Rom 10:20	Ἠσαΐας	Ἠσαΐας	N-	----NSM-
Rom 10:20	δὲ	δέ	C-	--------
Rom 10:20	ἀποτολμᾷ	ἀποτολμάω	V-	3PAI-S--
Rom 10:20	καὶ	καί	C-	--------
Rom 10:20	λέγει	λέγω	V-	3PAI-S--
Rom 10:20	Εὑρέθην	εὑρίσκω	V-	1API-S--
Rom 10:20	ἐν	ἐν	P-	--------
Rom 10:20	τοῖς	ὁ	RA	----DPM-
Rom 10:20	ἐμὲ	ἐγώ	RP	----AS--
Rom 10:20	μὴ	μή	D-	--------
Rom 10:20	ζητοῦσιν	ζητέω	V-	-PAPDPM-
Rom 10:20	ἐμφανὴς	ἐμφανής	A-	----NSM-
Rom 10:20	ἐγενόμην	γίνομαι	V-	1AMI-S--
Rom 10:20	τοῖς	ὁ	RA	----DPM-
Rom 10:20	ἐμὲ	ἐγώ	RP	----AS--
Rom 10:20	μὴ	μή	D-	--------
Rom 10:20	ἐπερωτῶσιν	ἐπερωτάω	V-	-PAPDPM-
Rom 10:21	πρὸς	πρός	P-	--------
Rom 10:21	δὲ	δέ	C-	--------
Rom 10:21	τὸν	ὁ	RA	----ASM-
Rom 10:21	Ἰσραὴλ	Ἰσραήλ	N-	----ASM-
Rom 10:21	λέγει	λέγω	V-	3PAI-S--
Rom 10:21	Ὅλην	ὅλος	A-	----ASF-
Rom 10:21	τὴν	ὁ	RA	----ASF-
Rom 10:21	ἡμέραν	ἡμέρα	N-	----ASF-
Rom 10:21	ἐξεπέτασα	ἐκπετάννυμι	V-	1AAI-S--
Rom 10:21	τὰς	ὁ	RA	----APF-
Rom 10:21	χεῖράς	χείρ	N-	----APF-
Rom 10:21	μου	ἐγώ	RP	----GS--
Rom 10:21	πρὸς	πρός	P-	--------
Rom 10:21	λαὸν	λαός	N-	----ASM-
Rom 10:21	ἀπειθοῦντα	ἀπειθέω	V-	-PAPASM-
Rom 10:21	καὶ	καί	C-	--------
Rom 10:21	ἀντιλέγοντα	ἀντιλέγω	V-	-PAPASM-
Rom 11:1	Λέγω	λέγω	V-	1PAI-S--
Rom 11:1	οὖν	οὖν	C-	--------
Rom 11:1	μὴ	μή	X-	--------
Rom 11:1	ἀπώσατο	ἀπωθέομαι	V-	3AMI-S--
Rom 11:1	ὁ	ὁ	RA	----NSM-
Rom 11:1	θεὸς	θεός	N-	----NSM-
Rom 11:1	τὸν	ὁ	RA	----ASM-
Rom 11:1	λαὸν	λαός	N-	----ASM-
Rom 11:1	αὐτοῦ	αὐτός	RP	----GSM-
Rom 11:1	μὴ	μή	D-	--------
Rom 11:1	γένοιτο	γίνομαι	V-	3AMO-S--
Rom 11:1	καὶ	καί	D-	--------
Rom 11:1	γὰρ	γάρ	C-	--------
Rom 11:1	ἐγὼ	ἐγώ	RP	----NS--
Rom 11:1	Ἰσραηλίτης	Ἰσραηλίτης	N-	----NSM-
Rom 11:1	εἰμί	εἰμί	V-	1PAI-S--
Rom 11:1	ἐκ	ἐκ	P-	--------
Rom 11:1	σπέρματος	σπέρμα	N-	----GSN-
Rom 11:1	Ἀβραάμ	Ἀβραάμ	N-	----GSM-
Rom 11:1	φυλῆς	φυλή	N-	----GSF-
Rom 11:1	Βενιαμίν	Βενιαμίν	N-	----GSM-
Rom 11:2	οὐκ	οὐ	D-	--------
Rom 11:2	ἀπώσατο	ἀπωθέομαι	V-	3AMI-S--
Rom 11:2	ὁ	ὁ	RA	----NSM-
Rom 11:2	θεὸς	θεός	N-	----NSM-
Rom 11:2	τὸν	ὁ	RA	----ASM-
Rom 11:2	λαὸν	λαός	N-	----ASM-
Rom 11:2	αὐτοῦ	αὐτός	RP	----GSM-
Rom 11:2	ὃν	ὅς	RR	----ASM-
Rom 11:2	προέγνω	προγινώσκω	V-	3AAI-S--
Rom 11:2	ἢ	ἤ	C-	--------
Rom 11:2	οὐκ	οὐ	D-	--------
Rom 11:2	οἴδατε	οἶδα	V-	2XAI-P--
Rom 11:2	ἐν	ἐν	P-	--------
Rom 11:2	Ἠλίᾳ	Ἠλίας	N-	----DSM-
Rom 11:2	τί	τίς	RI	----ASN-
Rom 11:2	λέγει	λέγω	V-	3PAI-S--
Rom 11:2	ἡ	ὁ	RA	----NSF-
Rom 11:2	γραφή	γραφή	N-	----NSF-
Rom 11:2	ὡς	ὡς	C-	--------
Rom 11:2	ἐντυγχάνει	ἐντυγχάνω	V-	3PAI-S--
Rom 11:2	τῷ	ὁ	RA	----DSM-
Rom 11:2	θεῷ	θεός	N-	----DSM-
Rom 11:2	κατὰ	κατά	P-	--------
Rom 11:2	τοῦ	ὁ	RA	----GSM-
Rom 11:2	Ἰσραήλ	Ἰσραήλ	N-	----GSM-
Rom 11:3	Κύριε	κύριος	N-	----VSM-
Rom 11:3	τοὺς	ὁ	RA	----APM-
Rom 11:3	προφήτας	προφήτης	N-	----APM-
Rom 11:3	σου	σύ	RP	----GS--
Rom 11:3	ἀπέκτειναν	ἀποκτείνω	V-	3AAI-P--
Rom 11:3	τὰ	ὁ	RA	----APN-
Rom 11:3	θυσιαστήριά	θυσιαστήριον	N-	----APN-
Rom 11:3	σου	σύ	RP	----GS--
Rom 11:3	κατέσκαψαν	κατασκάπτω	V-	3AAI-P--
Rom 11:3	κἀγὼ	κἀγώ	RP	----NS--
Rom 11:3	ὑπελείφθην	ὑπολείπω	V-	1API-S--
Rom 11:3	μόνος	μόνος	A-	----NSM-
Rom 11:3	καὶ	καί	C-	--------
Rom 11:3	ζητοῦσιν	ζητέω	V-	3PAI-P--
Rom 11:3	τὴν	ὁ	RA	----ASF-
Rom 11:3	ψυχήν	ψυχή	N-	----ASF-
Rom 11:3	μου	ἐγώ	RP	----GS--
Rom 11:4	ἀλλὰ	ἀλλά	C-	--------
Rom 11:4	τί	τίς	RI	----ASN-
Rom 11:4	λέγει	λέγω	V-	3PAI-S--
Rom 11:4	αὐτῷ	αὐτός	RP	----DSM-
Rom 11:4	ὁ	ὁ	RA	----NSM-
Rom 11:4	χρηματισμός	χρηματισμός	N-	----NSM-
Rom 11:4	Κατέλιπον	καταλείπω	V-	1AAI-S--
Rom 11:4	ἐμαυτῷ	ἐμαυτοῦ	RP	----DSM-
Rom 11:4	ἑπτακισχιλίους	ἑπτακισχίλιοι	A-	----APM-
Rom 11:4	ἄνδρας	ἀνήρ	N-	----APM-
Rom 11:4	οἵτινες	ὅστις	RR	----NPM-
Rom 11:4	οὐκ	οὐ	D-	--------
Rom 11:4	ἔκαμψαν	κάμπτω	V-	3AAI-P--
Rom 11:4	γόνυ	γόνυ	N-	----ASN-
Rom 11:4	τῇ	ὁ	RA	----DSF-
Rom 11:4	Βάαλ	Βάαλ	N-	----GSM-
Rom 11:5	οὕτως	οὕτω(ς)	D-	--------
Rom 11:5	οὖν	οὖν	C-	--------
Rom 11:5	καὶ	καί	D-	--------
Rom 11:5	ἐν	ἐν	P-	--------
Rom 11:5	τῷ	ὁ	RA	----DSM-
Rom 11:5	νῦν	νῦν	D-	--------
Rom 11:5	καιρῷ	καιρός	N-	----DSM-
Rom 11:5	λεῖμμα	λεῖμμα	N-	----NSN-
Rom 11:5	κατ’	κατά	P-	--------
Rom 11:5	ἐκλογὴν	ἐκλογή	N-	----ASF-
Rom 11:5	χάριτος	χάρις	N-	----GSF-
Rom 11:5	γέγονεν	γίνομαι	V-	3XAI-S--
Rom 11:6	εἰ	εἰ	C-	--------
Rom 11:6	δὲ	δέ	C-	--------
Rom 11:6	χάριτι	χάρις	N-	----DSF-
Rom 11:6	οὐκέτι	οὐκέτι	D-	--------
Rom 11:6	ἐξ	ἐκ	P-	--------
Rom 11:6	ἔργων	ἔργον	N-	----GPN-
Rom 11:6	ἐπεὶ	ἐπεί	C-	--------
Rom 11:6	ἡ	ὁ	RA	----NSF-
Rom 11:6	χάρις	χάρις	N-	----NSF-
Rom 11:6	οὐκέτι	οὐκέτι	D-	--------
Rom 11:6	γίνεται	γίνομαι	V-	3PMI-S--
Rom 11:6	χάρις	χάρις	N-	----NSF-
Rom 11:7	τί	τίς	RI	----ASN-
Rom 11:7	οὖν	οὖν	C-	--------
Rom 11:7	ὃ	ὅς	RR	----ASN-
Rom 11:7	ἐπιζητεῖ	ἐπιζητέω	V-	3PAI-S--
Rom 11:7	Ἰσραήλ	Ἰσραήλ	N-	----NSM-
Rom 11:7	τοῦτο	οὗτος	RD	----ASN-
Rom 11:7	οὐκ	οὐ	D-	--------
Rom 11:7	ἐπέτυχεν	ἐπιτυγχάνω	V-	3AAI-S--
Rom 11:7	ἡ	ὁ	RA	----NSF-
Rom 11:7	δὲ	δέ	C-	--------
Rom 11:7	ἐκλογὴ	ἐκλογή	N-	----NSF-
Rom 11:7	ἐπέτυχεν	ἐπιτυγχάνω	V-	3AAI-S--
Rom 11:7	οἱ	ὁ	RA	----NPM-
Rom 11:7	δὲ	δέ	C-	--------
Rom 11:7	λοιποὶ	λοιπός	A-	----NPM-
Rom 11:7	ἐπωρώθησαν	πωρόω	V-	3API-P--
Rom 11:8	καθὼς	καθώς	C-	--------
Rom 11:8	γέγραπται	γράφω	V-	3XPI-S--
Rom 11:8	Ἔδωκεν	δίδωμι	V-	3AAI-S--
Rom 11:8	αὐτοῖς	αὐτός	RP	----DPM-
Rom 11:8	ὁ	ὁ	RA	----NSM-
Rom 11:8	θεὸς	θεός	N-	----NSM-
Rom 11:8	πνεῦμα	πνεῦμα	N-	----ASN-
Rom 11:8	κατανύξεως	κατάνυξις	N-	----GSF-
Rom 11:8	ὀφθαλμοὺς	ὀφθαλμός	N-	----APM-
Rom 11:8	τοῦ	ὁ	RA	----GSN-
Rom 11:8	μὴ	μή	D-	--------
Rom 11:8	βλέπειν	βλέπω	V-	-PAN----
Rom 11:8	καὶ	καί	C-	--------
Rom 11:8	ὦτα	οὖς	N-	----APN-
Rom 11:8	τοῦ	ὁ	RA	----GSN-
Rom 11:8	μὴ	μή	D-	--------
Rom 11:8	ἀκούειν	ἀκούω	V-	-PAN----
Rom 11:8	ἕως	ἕως	P-	--------
Rom 11:8	τῆς	ὁ	RA	----GSF-
Rom 11:8	σήμερον	σήμερον	D-	--------
Rom 11:8	ἡμέρας	ἡμέρα	N-	----GSF-
Rom 11:9	καὶ	καί	C-	--------
Rom 11:9	Δαυὶδ	Δαυίδ	N-	----NSM-
Rom 11:9	λέγει	λέγω	V-	3PAI-S--
Rom 11:9	Γενηθήτω	γίνομαι	V-	3APD-S--
Rom 11:9	ἡ	ὁ	RA	----NSF-
Rom 11:9	τράπεζα	τράπεζα	N-	----NSF-
Rom 11:9	αὐτῶν	αὐτός	RP	----GPM-
Rom 11:9	εἰς	εἰς	P-	--------
Rom 11:9	παγίδα	παγίς	N-	----ASF-
Rom 11:9	καὶ	καί	C-	--------
Rom 11:9	εἰς	εἰς	P-	--------
Rom 11:9	θήραν	θήρα	N-	----ASF-
Rom 11:9	καὶ	καί	C-	--------
Rom 11:9	εἰς	εἰς	P-	--------
Rom 11:9	σκάνδαλον	σκάνδαλον	N-	----ASN-
Rom 11:9	καὶ	καί	C-	--------
Rom 11:9	εἰς	εἰς	P-	--------
Rom 11:9	ἀνταπόδομα	ἀνταπόδομα	N-	----ASN-
Rom 11:9	αὐτοῖς	αὐτός	RP	----DPM-
Rom 11:10	σκοτισθήτωσαν	σκοτίζομαι	V-	3APD-P--
Rom 11:10	οἱ	ὁ	RA	----NPM-
Rom 11:10	ὀφθαλμοὶ	ὀφθαλμός	N-	----NPM-
Rom 11:10	αὐτῶν	αὐτός	RP	----GPM-
Rom 11:10	τοῦ	ὁ	RA	----GSN-
Rom 11:10	μὴ	μή	D-	--------
Rom 11:10	βλέπειν	βλέπω	V-	-PAN----
Rom 11:10	καὶ	καί	C-	--------
Rom 11:10	τὸν	ὁ	RA	----ASM-
Rom 11:10	νῶτον	νῶτος	N-	----ASM-
Rom 11:10	αὐτῶν	αὐτός	RP	----GPM-
Rom 11:10	διὰ	διά	P-	--------
Rom 11:10	παντὸς	πᾶς	A-	----GSM-
Rom 11:10	σύγκαμψον	συγκάμπτω	V-	2AAD-S--
Rom 11:11	Λέγω	λέγω	V-	1PAI-S--
Rom 11:11	οὖν	οὖν	C-	--------
Rom 11:11	μὴ	μή	X-	--------
Rom 11:11	ἔπταισαν	πταίω	V-	3AAI-P--
Rom 11:11	ἵνα	ἵνα	C-	--------
Rom 11:11	πέσωσιν	πίπτω	V-	3AAS-P--
Rom 11:11	μὴ	μή	D-	--------
Rom 11:11	γένοιτο	γίνομαι	V-	3AMO-S--
Rom 11:11	ἀλλὰ	ἀλλά	C-	--------
Rom 11:11	τῷ	ὁ	RA	----DSN-
Rom 11:11	αὐτῶν	αὐτός	RP	----GPM-
Rom 11:11	παραπτώματι	παράπτωμα	N-	----DSN-
Rom 11:11	ἡ	ὁ	RA	----NSF-
Rom 11:11	σωτηρία	σωτηρία	N-	----NSF-
Rom 11:11	τοῖς	ὁ	RA	----DPN-
Rom 11:11	ἔθνεσιν	ἔθνος	N-	----DPN-
Rom 11:11	εἰς	εἰς	P-	--------
Rom 11:11	τὸ	ὁ	RA	----ASN-
Rom 11:11	παραζηλῶσαι	παραζηλόω	V-	-AAN----
Rom 11:11	αὐτούς	αὐτός	RP	----APM-
Rom 11:12	εἰ	εἰ	C-	--------
Rom 11:12	δὲ	δέ	C-	--------
Rom 11:12	τὸ	ὁ	RA	----NSN-
Rom 11:12	παράπτωμα	παράπτωμα	N-	----NSN-
Rom 11:12	αὐτῶν	αὐτός	RP	----GPM-
Rom 11:12	πλοῦτος	πλοῦτος	N-	----NSM-
Rom 11:12	κόσμου	κόσμος	N-	----GSM-
Rom 11:12	καὶ	καί	C-	--------
Rom 11:12	τὸ	ὁ	RA	----NSN-
Rom 11:12	ἥττημα	ἥττημα	N-	----NSN-
Rom 11:12	αὐτῶν	αὐτός	RP	----GPM-
Rom 11:12	πλοῦτος	πλοῦτος	N-	----NSM-
Rom 11:12	ἐθνῶν	ἔθνος	N-	----GPN-
Rom 11:12	πόσῳ	πόσος	RI	----DSN-
Rom 11:12	μᾶλλον	μᾶλλον	D-	--------
Rom 11:12	τὸ	ὁ	RA	----NSN-
Rom 11:12	πλήρωμα	πλήρωμα	N-	----NSN-
Rom 11:12	αὐτῶν	αὐτός	RP	----GPM-
Rom 11:13	Ὑμῖν	σύ	RP	----DP--
Rom 11:13	δὲ	δέ	C-	--------
Rom 11:13	λέγω	λέγω	V-	1PAI-S--
Rom 11:13	τοῖς	ὁ	RA	----DPN-
Rom 11:13	ἔθνεσιν	ἔθνος	N-	----DPN-
Rom 11:13	ἐφ’	ἐπί	P-	--------
Rom 11:13	ὅσον	ὅσος	RR	----ASN-
Rom 11:13	μὲν	μέν	X-	--------
Rom 11:13	οὖν	οὖν	C-	--------
Rom 11:13	εἰμι	εἰμί	V-	1PAI-S--
Rom 11:13	ἐγὼ	ἐγώ	RP	----NS--
Rom 11:13	ἐθνῶν	ἔθνος	N-	----GPN-
Rom 11:13	ἀπόστολος	ἀπόστολος	N-	----NSM-
Rom 11:13	τὴν	ὁ	RA	----ASF-
Rom 11:13	διακονίαν	διακονία	N-	----ASF-
Rom 11:13	μου	ἐγώ	RP	----GS--
Rom 11:13	δοξάζω	δοξάζω	V-	1PAI-S--
Rom 11:14	εἴ	εἰ	X-	--------
Rom 11:14	πως	πώς	D-	--------
Rom 11:14	παραζηλώσω	παραζηλόω	V-	1FAI-S--
Rom 11:14	μου	ἐγώ	RP	----GS--
Rom 11:14	τὴν	ὁ	RA	----ASF-
Rom 11:14	σάρκα	σάρξ	N-	----ASF-
Rom 11:14	καὶ	καί	C-	--------
Rom 11:14	σώσω	σῴζω	V-	1FAI-S--
Rom 11:14	τινὰς	τις	RI	----APM-
Rom 11:14	ἐξ	ἐκ	P-	--------
Rom 11:14	αὐτῶν	αὐτός	RP	----GPM-
Rom 11:15	εἰ	εἰ	C-	--------
Rom 11:15	γὰρ	γάρ	C-	--------
Rom 11:15	ἡ	ὁ	RA	----NSF-
Rom 11:15	ἀποβολὴ	ἀποβολή	N-	----NSF-
Rom 11:15	αὐτῶν	αὐτός	RP	----GPM-
Rom 11:15	καταλλαγὴ	καταλλαγή	N-	----NSF-
Rom 11:15	κόσμου	κόσμος	N-	----GSM-
Rom 11:15	τίς	τίς	RI	----NSF-
Rom 11:15	ἡ	ὁ	RA	----NSF-
Rom 11:15	πρόσλημψις	πρόσλημψις	N-	----NSF-
Rom 11:15	εἰ	εἰ	C-	--------
Rom 11:15	μὴ	μή	D-	--------
Rom 11:15	ζωὴ	ζωή	N-	----NSF-
Rom 11:15	ἐκ	ἐκ	P-	--------
Rom 11:15	νεκρῶν	νεκρός	A-	----GPM-
Rom 11:16	εἰ	εἰ	C-	--------
Rom 11:16	δὲ	δέ	C-	--------
Rom 11:16	ἡ	ὁ	RA	----NSF-
Rom 11:16	ἀπαρχὴ	ἀπαρχή	N-	----NSF-
Rom 11:16	ἁγία	ἅγιος	A-	----NSF-
Rom 11:16	καὶ	καί	D-	--------
Rom 11:16	τὸ	ὁ	RA	----NSN-
Rom 11:16	φύραμα	φύραμα	N-	----NSN-
Rom 11:16	καὶ	καί	C-	--------
Rom 11:16	εἰ	εἰ	C-	--------
Rom 11:16	ἡ	ὁ	RA	----NSF-
Rom 11:16	ῥίζα	ῥίζα	N-	----NSF-
Rom 11:16	ἁγία	ἅγιος	A-	----NSF-
Rom 11:16	καὶ	καί	D-	--------
Rom 11:16	οἱ	ὁ	RA	----NPM-
Rom 11:16	κλάδοι	κλάδος	N-	----NPM-
Rom 11:17	Εἰ	εἰ	C-	--------
Rom 11:17	δέ	δέ	C-	--------
Rom 11:17	τινες	τις	RI	----NPM-
Rom 11:17	τῶν	ὁ	RA	----GPM-
Rom 11:17	κλάδων	κλάδος	N-	----GPM-
Rom 11:17	ἐξεκλάσθησαν	ἐκκλάω	V-	3API-P--
Rom 11:17	σὺ	σύ	RP	----NS--
Rom 11:17	δὲ	δέ	C-	--------
Rom 11:17	ἀγριέλαιος	ἀγριέλαιος	N-	----NSF-
Rom 11:17	ὢν	εἰμί	V-	-PAPNSM-
Rom 11:17	ἐνεκεντρίσθης	ἐγκεντρίζω	V-	2API-S--
Rom 11:17	ἐν	ἐν	P-	--------
Rom 11:17	αὐτοῖς	αὐτός	RP	----DPM-
Rom 11:17	καὶ	καί	C-	--------
Rom 11:17	συγκοινωνὸς	συγκοινωνός	N-	----NSM-
Rom 11:17	τῆς	ὁ	RA	----GSF-
Rom 11:17	ῥίζης	ῥίζα	N-	----GSF-
Rom 11:17	τῆς	ὁ	RA	----GSF-
Rom 11:17	πιότητος	πιότης	N-	----GSF-
Rom 11:17	τῆς	ὁ	RA	----GSF-
Rom 11:17	ἐλαίας	ἐλαία	N-	----GSF-
Rom 11:17	ἐγένου	γίνομαι	V-	2AMI-S--
Rom 11:18	μὴ	μή	D-	--------
Rom 11:18	κατακαυχῶ	κατακαυχάομαι	V-	2PMD-S--
Rom 11:18	τῶν	ὁ	RA	----GPM-
Rom 11:18	κλάδων	κλάδος	N-	----GPM-
Rom 11:18	εἰ	εἰ	C-	--------
Rom 11:18	δὲ	δέ	C-	--------
Rom 11:18	κατακαυχᾶσαι	κατακαυχάομαι	V-	2PMI-S--
Rom 11:18	οὐ	οὐ	D-	--------
Rom 11:18	σὺ	σύ	RP	----NS--
Rom 11:18	τὴν	ὁ	RA	----ASF-
Rom 11:18	ῥίζαν	ῥίζα	N-	----ASF-
Rom 11:18	βαστάζεις	βαστάζω	V-	2PAI-S--
Rom 11:18	ἀλλὰ	ἀλλά	C-	--------
Rom 11:18	ἡ	ὁ	RA	----NSF-
Rom 11:18	ῥίζα	ῥίζα	N-	----NSF-
Rom 11:18	σέ	σύ	RP	----AS--
Rom 11:19	ἐρεῖς	λέγω	V-	2FAI-S--
Rom 11:19	οὖν	οὖν	C-	--------
Rom 11:19	Ἐξεκλάσθησαν	ἐκκλάω	V-	3API-P--
Rom 11:19	κλάδοι	κλάδος	N-	----NPM-
Rom 11:19	ἵνα	ἵνα	C-	--------
Rom 11:19	ἐγὼ	ἐγώ	RP	----NS--
Rom 11:19	ἐγκεντρισθῶ	ἐγκεντρίζω	V-	1APS-S--
Rom 11:20	καλῶς	καλῶς	D-	--------
Rom 11:20	τῇ	ὁ	RA	----DSF-
Rom 11:20	ἀπιστίᾳ	ἀπιστία	N-	----DSF-
Rom 11:20	ἐξεκλάσθησαν	ἐκκλάω	V-	3API-P--
Rom 11:20	σὺ	σύ	RP	----NS--
Rom 11:20	δὲ	δέ	C-	--------
Rom 11:20	τῇ	ὁ	RA	----DSF-
Rom 11:20	πίστει	πίστις	N-	----DSF-
Rom 11:20	ἕστηκας	ἵστημι	V-	2XAI-S--
Rom 11:20	μὴ	μή	D-	--------
Rom 11:20	ὑψηλὰ	ὑψηλός	A-	----APN-
Rom 11:20	φρόνει	φρονέω	V-	2PAD-S--
Rom 11:20	ἀλλὰ	ἀλλά	C-	--------
Rom 11:20	φοβοῦ	φοβέομαι	V-	2PMD-S--
Rom 11:21	εἰ	εἰ	C-	--------
Rom 11:21	γὰρ	γάρ	C-	--------
Rom 11:21	ὁ	ὁ	RA	----NSM-
Rom 11:21	θεὸς	θεός	N-	----NSM-
Rom 11:21	τῶν	ὁ	RA	----GPM-
Rom 11:21	κατὰ	κατά	P-	--------
Rom 11:21	φύσιν	φύσις	N-	----ASF-
Rom 11:21	κλάδων	κλάδος	N-	----GPM-
Rom 11:21	οὐκ	οὐ	D-	--------
Rom 11:21	ἐφείσατο	φείδομαι	V-	3AMI-S--
Rom 11:21	οὐδὲ	οὐδέ	D-	--------
Rom 11:21	σοῦ	σύ	RP	----GS--
Rom 11:21	φείσεται	φείδομαι	V-	3FMI-S--
Rom 11:22	ἴδε	ἴδε	X-	--------
Rom 11:22	οὖν	οὖν	C-	--------
Rom 11:22	χρηστότητα	χρηστότης	N-	----ASF-
Rom 11:22	καὶ	καί	C-	--------
Rom 11:22	ἀποτομίαν	ἀποτομία	N-	----ASF-
Rom 11:22	θεοῦ	θεός	N-	----GSM-
Rom 11:22	ἐπὶ	ἐπί	P-	--------
Rom 11:22	μὲν	μέν	C-	--------
Rom 11:22	τοὺς	ὁ	RA	----APM-
Rom 11:22	πεσόντας	πίπτω	V-	-AAPAPM-
Rom 11:22	ἀποτομία	ἀποτομία	N-	----NSF-
Rom 11:22	ἐπὶ	ἐπί	P-	--------
Rom 11:22	δὲ	δέ	C-	--------
Rom 11:22	σὲ	σύ	RP	----AS--
Rom 11:22	χρηστότης	χρηστότης	N-	----NSF-
Rom 11:22	θεοῦ	θεός	N-	----GSM-
Rom 11:22	ἐὰν	ἐάν	C-	--------
Rom 11:22	ἐπιμένῃς	ἐπιμένω	V-	2PAS-S--
Rom 11:22	τῇ	ὁ	RA	----DSF-
Rom 11:22	χρηστότητι	χρηστότης	N-	----DSF-
Rom 11:22	ἐπεὶ	ἐπεί	C-	--------
Rom 11:22	καὶ	καί	D-	--------
Rom 11:22	σὺ	σύ	RP	----NS--
Rom 11:22	ἐκκοπήσῃ	ἐκκόπτω	V-	2FPI-S--
Rom 11:23	κἀκεῖνοι	κἀκεῖνος	RD	----NPM-
Rom 11:23	δέ	δέ	C-	--------
Rom 11:23	ἐὰν	ἐάν	C-	--------
Rom 11:23	μὴ	μή	D-	--------
Rom 11:23	ἐπιμένωσι	ἐπιμένω	V-	3PAS-P--
Rom 11:23	τῇ	ὁ	RA	----DSF-
Rom 11:23	ἀπιστίᾳ	ἀπιστία	N-	----DSF-
Rom 11:23	ἐγκεντρισθήσονται	ἐγκεντρίζω	V-	3FPI-P--
Rom 11:23	δυνατὸς	δυνατός	A-	----NSM-
Rom 11:23	γάρ	γάρ	C-	--------
Rom 11:23	ἐστιν	εἰμί	V-	3PAI-S--
Rom 11:23	ὁ	ὁ	RA	----NSM-
Rom 11:23	θεὸς	θεός	N-	----NSM-
Rom 11:23	πάλιν	πάλιν	D-	--------
Rom 11:23	ἐγκεντρίσαι	ἐγκεντρίζω	V-	-AAN----
Rom 11:23	αὐτούς	αὐτός	RP	----APM-
Rom 11:24	εἰ	εἰ	C-	--------
Rom 11:24	γὰρ	γάρ	C-	--------
Rom 11:24	σὺ	σύ	RP	----NS--
Rom 11:24	ἐκ	ἐκ	P-	--------
Rom 11:24	τῆς	ὁ	RA	----GSF-
Rom 11:24	κατὰ	κατά	P-	--------
Rom 11:24	φύσιν	φύσις	N-	----ASF-
Rom 11:24	ἐξεκόπης	ἐκκόπτω	V-	2API-S--
Rom 11:24	ἀγριελαίου	ἀγριέλαιος	N-	----GSF-
Rom 11:24	καὶ	καί	C-	--------
Rom 11:24	παρὰ	παρά	P-	--------
Rom 11:24	φύσιν	φύσις	N-	----ASF-
Rom 11:24	ἐνεκεντρίσθης	ἐγκεντρίζω	V-	2API-S--
Rom 11:24	εἰς	εἰς	P-	--------
Rom 11:24	καλλιέλαιον	καλλιέλαιος	N-	----ASF-
Rom 11:24	πόσῳ	πόσος	RI	----DSN-
Rom 11:24	μᾶλλον	μᾶλλον	D-	--------
Rom 11:24	οὗτοι	οὗτος	RD	----NPM-
Rom 11:24	οἱ	ὁ	RA	----NPM-
Rom 11:24	κατὰ	κατά	P-	--------
Rom 11:24	φύσιν	φύσις	N-	----ASF-
Rom 11:24	ἐγκεντρισθήσονται	ἐγκεντρίζω	V-	3FPI-P--
Rom 11:24	τῇ	ὁ	RA	----DSF-
Rom 11:24	ἰδίᾳ	ἴδιος	A-	----DSF-
Rom 11:24	ἐλαίᾳ	ἐλαία	N-	----DSF-
Rom 11:25	Οὐ	οὐ	D-	--------
Rom 11:25	γὰρ	γάρ	C-	--------
Rom 11:25	θέλω	θέλω	V-	1PAI-S--
Rom 11:25	ὑμᾶς	σύ	RP	----AP--
Rom 11:25	ἀγνοεῖν	ἀγνοέω	V-	-PAN----
Rom 11:25	ἀδελφοί	ἀδελφός	N-	----VPM-
Rom 11:25	τὸ	ὁ	RA	----ASN-
Rom 11:25	μυστήριον	μυστήριον	N-	----ASN-
Rom 11:25	τοῦτο	οὗτος	RD	----ASN-
Rom 11:25	ἵνα	ἵνα	C-	--------
Rom 11:25	μὴ	μή	D-	--------
Rom 11:25	ἦτε	εἰμί	V-	2PAS-P--
Rom 11:25	ἑαυτοῖς	ἑαυτοῦ	RP	----DPM-
Rom 11:25	φρόνιμοι	φρόνιμος	A-	----NPM-
Rom 11:25	ὅτι	ὅτι	D-	--------
Rom 11:25	πώρωσις	πώρωσις	N-	----NSF-
Rom 11:25	ἀπὸ	ἀπό	P-	--------
Rom 11:25	μέρους	μέρος	N-	----GSN-
Rom 11:25	τῷ	ὁ	RA	----DSM-
Rom 11:25	Ἰσραὴλ	Ἰσραήλ	N-	----DSM-
Rom 11:25	γέγονεν	γίνομαι	V-	3XAI-S--
Rom 11:25	ἄχρι	ἄχρι	P-	--------
Rom 11:25	οὗ	ὅς	RR	----GSM-
Rom 11:25	τὸ	ὁ	RA	----NSN-
Rom 11:25	πλήρωμα	πλήρωμα	N-	----NSN-
Rom 11:25	τῶν	ὁ	RA	----GPN-
Rom 11:25	ἐθνῶν	ἔθνος	N-	----GPN-
Rom 11:25	εἰσέλθῃ	εἰσέρχομαι	V-	3AAS-S--
Rom 11:26	καὶ	καί	C-	--------
Rom 11:26	οὕτως	οὕτω(ς)	D-	--------
Rom 11:26	πᾶς	πᾶς	A-	----NSM-
Rom 11:26	Ἰσραὴλ	Ἰσραήλ	N-	----NSM-
Rom 11:26	σωθήσεται	σῴζω	V-	3FPI-S--
Rom 11:26	καθὼς	καθώς	C-	--------
Rom 11:26	γέγραπται	γράφω	V-	3XPI-S--
Rom 11:26	Ἥξει	ἥκω	V-	3FAI-S--
Rom 11:26	ἐκ	ἐκ	P-	--------
Rom 11:26	Σιὼν	Σιών	N-	----GSF-
Rom 11:26	ὁ	ὁ	RA	----NSM-
Rom 11:26	ῥυόμενος	ῥύομαι	V-	-PMPNSM-
Rom 11:26	ἀποστρέψει	ἀποστρέφω	V-	3FAI-S--
Rom 11:26	ἀσεβείας	ἀσέβεια	N-	----APF-
Rom 11:26	ἀπὸ	ἀπό	P-	--------
Rom 11:26	Ἰακώβ	Ἰακώβ	N-	----GSM-
Rom 11:27	καὶ	καί	C-	--------
Rom 11:27	αὕτη	οὗτος	RD	----NSF-
Rom 11:27	αὐτοῖς	αὐτός	RP	----DPM-
Rom 11:27	ἡ	ὁ	RA	----NSF-
Rom 11:27	παρ’	παρά	P-	--------
Rom 11:27	ἐμοῦ	ἐγώ	RP	----GS--
Rom 11:27	διαθήκη	διαθήκη	N-	----NSF-
Rom 11:27	ὅταν	ὅταν	C-	--------
Rom 11:27	ἀφέλωμαι	ἀφαιρέω	V-	1AMS-S--
Rom 11:27	τὰς	ὁ	RA	----APF-
Rom 11:27	ἁμαρτίας	ἁμαρτία	N-	----APF-
Rom 11:27	αὐτῶν	αὐτός	RP	----GPM-
Rom 11:28	κατὰ	κατά	P-	--------
Rom 11:28	μὲν	μέν	C-	--------
Rom 11:28	τὸ	ὁ	RA	----ASN-
Rom 11:28	εὐαγγέλιον	εὐαγγέλιον	N-	----ASN-
Rom 11:28	ἐχθροὶ	ἐχθρός	A-	----NPM-
Rom 11:28	δι’	διά	P-	--------
Rom 11:28	ὑμᾶς	σύ	RP	----AP--
Rom 11:28	κατὰ	κατά	P-	--------
Rom 11:28	δὲ	δέ	C-	--------
Rom 11:28	τὴν	ὁ	RA	----ASF-
Rom 11:28	ἐκλογὴν	ἐκλογή	N-	----ASF-
Rom 11:28	ἀγαπητοὶ	ἀγαπητός	A-	----NPM-
Rom 11:28	διὰ	διά	P-	--------
Rom 11:28	τοὺς	ὁ	RA	----APM-
Rom 11:28	πατέρας	πατήρ	N-	----APM-
Rom 11:29	ἀμεταμέλητα	ἀμεταμέλητος	A-	----NPN-
Rom 11:29	γὰρ	γάρ	C-	--------
Rom 11:29	τὰ	ὁ	RA	----NPN-
Rom 11:29	χαρίσματα	χάρισμα	N-	----NPN-
Rom 11:29	καὶ	καί	C-	--------
Rom 11:29	ἡ	ὁ	RA	----NSF-
Rom 11:29	κλῆσις	κλῆσις	N-	----NSF-
Rom 11:29	τοῦ	ὁ	RA	----GSM-
Rom 11:29	θεοῦ	θεός	N-	----GSM-
Rom 11:30	ὥσπερ	ὥσπερ	C-	--------
Rom 11:30	γὰρ	γάρ	C-	--------
Rom 11:30	ὑμεῖς	σύ	RP	----NP--
Rom 11:30	ποτε	ποτέ	D-	--------
Rom 11:30	ἠπειθήσατε	ἀπειθέω	V-	2AAI-P--
Rom 11:30	τῷ	ὁ	RA	----DSM-
Rom 11:30	θεῷ	θεός	N-	----DSM-
Rom 11:30	νῦν	νῦν	D-	--------
Rom 11:30	δὲ	δέ	C-	--------
Rom 11:30	ἠλεήθητε	ἐλεάω	V-	2API-P--
Rom 11:30	τῇ	ὁ	RA	----DSF-
Rom 11:30	τούτων	οὗτος	RD	----GPM-
Rom 11:30	ἀπειθείᾳ	ἀπείθεια	N-	----DSF-
Rom 11:31	οὕτως	οὕτω(ς)	D-	--------
Rom 11:31	καὶ	καί	D-	--------
Rom 11:31	οὗτοι	οὗτος	RD	----NPM-
Rom 11:31	νῦν	νῦν	D-	--------
Rom 11:31	ἠπείθησαν	ἀπειθέω	V-	3AAI-P--
Rom 11:31	τῷ	ὁ	RA	----DSN-
Rom 11:31	ὑμετέρῳ	ὑμέτερος	A-	----DSN-
Rom 11:31	ἐλέει	ἔλεος	N-	----DSN-
Rom 11:31	ἵνα	ἵνα	C-	--------
Rom 11:31	καὶ	καί	D-	--------
Rom 11:31	αὐτοὶ	αὐτός	RP	----NPM-
Rom 11:31	νῦν	νῦν	D-	--------
Rom 11:31	ἐλεηθῶσιν	ἐλεάω	V-	3APS-P--
Rom 11:32	συνέκλεισεν	συγκλείω	V-	3AAI-S--
Rom 11:32	γὰρ	γάρ	C-	--------
Rom 11:32	ὁ	ὁ	RA	----NSM-
Rom 11:32	θεὸς	θεός	N-	----NSM-
Rom 11:32	τοὺς	ὁ	RA	----APM-
Rom 11:32	πάντας	πᾶς	A-	----APM-
Rom 11:32	εἰς	εἰς	P-	--------
Rom 11:32	ἀπείθειαν	ἀπείθεια	N-	----ASF-
Rom 11:32	ἵνα	ἵνα	C-	--------
Rom 11:32	τοὺς	ὁ	RA	----APM-
Rom 11:32	πάντας	πᾶς	A-	----APM-
Rom 11:32	ἐλεήσῃ	ἐλεάω	V-	3AAS-S--
Rom 11:33	Ὦ	ὦ	X-	--------
Rom 11:33	βάθος	βάθος	N-	----NSN-
Rom 11:33	πλούτου	πλοῦτος	N-	----GSM-
Rom 11:33	καὶ	καί	C-	--------
Rom 11:33	σοφίας	σοφία	N-	----GSF-
Rom 11:33	καὶ	καί	C-	--------
Rom 11:33	γνώσεως	γνῶσις	N-	----GSF-
Rom 11:33	θεοῦ	θεός	N-	----GSM-
Rom 11:33	ὡς	ὡς	D-	--------
Rom 11:33	ἀνεξεραύνητα	ἀνεξεραύνητος	A-	----NPN-
Rom 11:33	τὰ	ὁ	RA	----NPN-
Rom 11:33	κρίματα	κρίμα	N-	----NPN-
Rom 11:33	αὐτοῦ	αὐτός	RP	----GSM-
Rom 11:33	καὶ	καί	C-	--------
Rom 11:33	ἀνεξιχνίαστοι	ἀνεξιχνίαστος	A-	----NPF-
Rom 11:33	αἱ	ὁ	RA	----NPF-
Rom 11:33	ὁδοὶ	ὁδός	N-	----NPF-
Rom 11:33	αὐτοῦ	αὐτός	RP	----GSM-
Rom 11:34	Τίς	τίς	RI	----NSM-
Rom 11:34	γὰρ	γάρ	C-	--------
Rom 11:34	ἔγνω	γινώσκω	V-	3AAI-S--
Rom 11:34	νοῦν	νοῦς	N-	----ASM-
Rom 11:34	κυρίου	κύριος	N-	----GSM-
Rom 11:34	ἢ	ἤ	C-	--------
Rom 11:34	τίς	τίς	RI	----NSM-
Rom 11:34	σύμβουλος	σύμβουλος	N-	----NSM-
Rom 11:34	αὐτοῦ	αὐτός	RP	----GSM-
Rom 11:34	ἐγένετο	γίνομαι	V-	3AMI-S--
Rom 11:35	ἢ	ἤ	C-	--------
Rom 11:35	τίς	τίς	RI	----NSM-
Rom 11:35	προέδωκεν	προδίδωμι	V-	3AAI-S--
Rom 11:35	αὐτῷ	αὐτός	RP	----DSM-
Rom 11:35	καὶ	καί	C-	--------
Rom 11:35	ἀνταποδοθήσεται	ἀνταποδίδωμι	V-	3FPI-S--
Rom 11:35	αὐτῷ	αὐτός	RP	----DSM-
Rom 11:36	ὅτι	ὅτι	C-	--------
Rom 11:36	ἐξ	ἐκ	P-	--------
Rom 11:36	αὐτοῦ	αὐτός	RP	----GSM-
Rom 11:36	καὶ	καί	C-	--------
Rom 11:36	δι’	διά	P-	--------
Rom 11:36	αὐτοῦ	αὐτός	RP	----GSM-
Rom 11:36	καὶ	καί	C-	--------
Rom 11:36	εἰς	εἰς	P-	--------
Rom 11:36	αὐτὸν	αὐτός	RP	----ASM-
Rom 11:36	τὰ	ὁ	RA	----NPN-
Rom 11:36	πάντα	πᾶς	A-	----NPN-
Rom 11:36	αὐτῷ	αὐτός	RP	----DSM-
Rom 11:36	ἡ	ὁ	RA	----NSF-
Rom 11:36	δόξα	δόξα	N-	----NSF-
Rom 11:36	εἰς	εἰς	P-	--------
Rom 11:36	τοὺς	ὁ	RA	----APM-
Rom 11:36	αἰῶνας	αἰών	N-	----APM-
Rom 11:36	ἀμήν	ἀμήν	X-	--------
Rom 12:1	Παρακαλῶ	παρακαλέω	V-	1PAI-S--
Rom 12:1	οὖν	οὖν	C-	--------
Rom 12:1	ὑμᾶς	σύ	RP	----AP--
Rom 12:1	ἀδελφοί	ἀδελφός	N-	----VPM-
Rom 12:1	διὰ	διά	P-	--------
Rom 12:1	τῶν	ὁ	RA	----GPM-
Rom 12:1	οἰκτιρμῶν	οἰκτιρμός	N-	----GPM-
Rom 12:1	τοῦ	ὁ	RA	----GSM-
Rom 12:1	θεοῦ	θεός	N-	----GSM-
Rom 12:1	παραστῆσαι	παρίστημι	V-	-AAN----
Rom 12:1	τὰ	ὁ	RA	----APN-
Rom 12:1	σώματα	σῶμα	N-	----APN-
Rom 12:1	ὑμῶν	σύ	RP	----GP--
Rom 12:1	θυσίαν	θυσία	N-	----ASF-
Rom 12:1	ζῶσαν	ζάω	V-	-PAPASF-
Rom 12:1	ἁγίαν	ἅγιος	A-	----ASF-
Rom 12:1	εὐάρεστον	εὐάρεστος	A-	----ASF-
Rom 12:1	τῷ	ὁ	RA	----DSM-
Rom 12:1	θεῷ	θεός	N-	----DSM-
Rom 12:1	τὴν	ὁ	RA	----ASF-
Rom 12:1	λογικὴν	λογικός	A-	----ASF-
Rom 12:1	λατρείαν	λατρεία	N-	----ASF-
Rom 12:1	ὑμῶν	σύ	RP	----GP--
Rom 12:2	καὶ	καί	C-	--------
Rom 12:2	μὴ	μή	D-	--------
Rom 12:2	συσχηματίζεσθε	συσχηματίζομαι	V-	2PMD-P--
Rom 12:2	τῷ	ὁ	RA	----DSM-
Rom 12:2	αἰῶνι	αἰών	N-	----DSM-
Rom 12:2	τούτῳ	οὗτος	RD	----DSM-
Rom 12:2	ἀλλὰ	ἀλλά	C-	--------
Rom 12:2	μεταμορφοῦσθε	μεταμορφόομαι	V-	2PPD-P--
Rom 12:2	τῇ	ὁ	RA	----DSF-
Rom 12:2	ἀνακαινώσει	ἀνακαίνωσις	N-	----DSF-
Rom 12:2	τοῦ	ὁ	RA	----GSM-
Rom 12:2	νοός	νοῦς	N-	----GSM-
Rom 12:2	εἰς	εἰς	P-	--------
Rom 12:2	τὸ	ὁ	RA	----ASN-
Rom 12:2	δοκιμάζειν	δοκιμάζω	V-	-PAN----
Rom 12:2	ὑμᾶς	σύ	RP	----AP--
Rom 12:2	τί	τίς	RI	----NSN-
Rom 12:2	τὸ	ὁ	RA	----NSN-
Rom 12:2	θέλημα	θέλημα	N-	----NSN-
Rom 12:2	τοῦ	ὁ	RA	----GSM-
Rom 12:2	θεοῦ	θεός	N-	----GSM-
Rom 12:2	τὸ	ὁ	RA	----NSN-
Rom 12:2	ἀγαθὸν	ἀγαθός	A-	----NSN-
Rom 12:2	καὶ	καί	C-	--------
Rom 12:2	εὐάρεστον	εὐάρεστος	A-	----NSN-
Rom 12:2	καὶ	καί	C-	--------
Rom 12:2	τέλειον	τέλειος	A-	----NSN-
Rom 12:3	Λέγω	λέγω	V-	1PAI-S--
Rom 12:3	γὰρ	γάρ	C-	--------
Rom 12:3	διὰ	διά	P-	--------
Rom 12:3	τῆς	ὁ	RA	----GSF-
Rom 12:3	χάριτος	χάρις	N-	----GSF-
Rom 12:3	τῆς	ὁ	RA	----GSF-
Rom 12:3	δοθείσης	δίδωμι	V-	-APPGSF-
Rom 12:3	μοι	ἐγώ	RP	----DS--
Rom 12:3	παντὶ	πᾶς	A-	----DSM-
Rom 12:3	τῷ	ὁ	RA	----DSM-
Rom 12:3	ὄντι	εἰμί	V-	-PAPDSM-
Rom 12:3	ἐν	ἐν	P-	--------
Rom 12:3	ὑμῖν	σύ	RP	----DP--
Rom 12:3	μὴ	μή	D-	--------
Rom 12:3	ὑπερφρονεῖν	ὑπερφρονέω	V-	-PAN----
Rom 12:3	παρ’	παρά	P-	--------
Rom 12:3	ὃ	ὅς	RR	----ASN-
Rom 12:3	δεῖ	δέω	V-	3PAI-S--
Rom 12:3	φρονεῖν	φρονέω	V-	-PAN----
Rom 12:3	ἀλλὰ	ἀλλά	C-	--------
Rom 12:3	φρονεῖν	φρονέω	V-	-PAN----
Rom 12:3	εἰς	εἰς	P-	--------
Rom 12:3	τὸ	ὁ	RA	----ASN-
Rom 12:3	σωφρονεῖν	σωφρονέω	V-	-PAN----
Rom 12:3	ἑκάστῳ	ἕκαστος	A-	----DSM-
Rom 12:3	ὡς	ὡς	C-	--------
Rom 12:3	ὁ	ὁ	RA	----NSM-
Rom 12:3	θεὸς	θεός	N-	----NSM-
Rom 12:3	ἐμέρισεν	μερίζω	V-	3AAI-S--
Rom 12:3	μέτρον	μέτρον	N-	----ASN-
Rom 12:3	πίστεως	πίστις	N-	----GSF-
Rom 12:4	καθάπερ	καθάπερ	C-	--------
Rom 12:4	γὰρ	γάρ	C-	--------
Rom 12:4	ἐν	ἐν	P-	--------
Rom 12:4	ἑνὶ	εἷς	A-	----DSN-
Rom 12:4	σώματι	σῶμα	N-	----DSN-
Rom 12:4	πολλὰ	πολύς	A-	----APN-
Rom 12:4	μέλη	μέλος	N-	----APN-
Rom 12:4	ἔχομεν	ἔχω	V-	1PAI-P--
Rom 12:4	τὰ	ὁ	RA	----NPN-
Rom 12:4	δὲ	δέ	C-	--------
Rom 12:4	μέλη	μέλος	N-	----NPN-
Rom 12:4	πάντα	πᾶς	A-	----NPN-
Rom 12:4	οὐ	οὐ	D-	--------
Rom 12:4	τὴν	ὁ	RA	----ASF-
Rom 12:4	αὐτὴν	αὐτός	A-	----ASF-
Rom 12:4	ἔχει	ἔχω	V-	3PAI-S--
Rom 12:4	πρᾶξιν	πρᾶξις	N-	----ASF-
Rom 12:5	οὕτως	οὕτω(ς)	D-	--------
Rom 12:5	οἱ	ὁ	RA	----NPM-
Rom 12:5	πολλοὶ	πολύς	A-	----NPM-
Rom 12:5	ἓν	εἷς	A-	----NSN-
Rom 12:5	σῶμά	σῶμα	N-	----NSN-
Rom 12:5	ἐσμεν	εἰμί	V-	1PAI-P--
Rom 12:5	ἐν	ἐν	P-	--------
Rom 12:5	Χριστῷ	Χριστός	N-	----DSM-
Rom 12:5	τὸ	ὁ	RA	----ASN-
Rom 12:5	δὲ	δέ	C-	--------
Rom 12:5	καθ’	κατά	P-	--------
Rom 12:5	εἷς	εἷς	A-	----NSM-
Rom 12:5	ἀλλήλων	ἀλλήλων	RP	----GPM-
Rom 12:5	μέλη	μέλος	N-	----NPN-
Rom 12:6	ἔχοντες	ἔχω	V-	-PAPNPM-
Rom 12:6	δὲ	δέ	C-	--------
Rom 12:6	χαρίσματα	χάρισμα	N-	----APN-
Rom 12:6	κατὰ	κατά	P-	--------
Rom 12:6	τὴν	ὁ	RA	----ASF-
Rom 12:6	χάριν	χάρις	N-	----ASF-
Rom 12:6	τὴν	ὁ	RA	----ASF-
Rom 12:6	δοθεῖσαν	δίδωμι	V-	-APPASF-
Rom 12:6	ἡμῖν	ἐγώ	RP	----DP--
Rom 12:6	διάφορα	διάφορος	A-	----APN-
Rom 12:6	εἴτε	εἴτε	C-	--------
Rom 12:6	προφητείαν	προφητεία	N-	----ASF-
Rom 12:6	κατὰ	κατά	P-	--------
Rom 12:6	τὴν	ὁ	RA	----ASF-
Rom 12:6	ἀναλογίαν	ἀναλογία	N-	----ASF-
Rom 12:6	τῆς	ὁ	RA	----GSF-
Rom 12:6	πίστεως	πίστις	N-	----GSF-
Rom 12:7	εἴτε	εἴτε	C-	--------
Rom 12:7	διακονίαν	διακονία	N-	----ASF-
Rom 12:7	ἐν	ἐν	P-	--------
Rom 12:7	τῇ	ὁ	RA	----DSF-
Rom 12:7	διακονίᾳ	διακονία	N-	----DSF-
Rom 12:7	εἴτε	εἴτε	C-	--------
Rom 12:7	ὁ	ὁ	RA	----NSM-
Rom 12:7	διδάσκων	διδάσκω	V-	-PAPNSM-
Rom 12:7	ἐν	ἐν	P-	--------
Rom 12:7	τῇ	ὁ	RA	----DSF-
Rom 12:7	διδασκαλίᾳ	διδασκαλία	N-	----DSF-
Rom 12:8	εἴτε	εἴτε	C-	--------
Rom 12:8	ὁ	ὁ	RA	----NSM-
Rom 12:8	παρακαλῶν	παρακαλέω	V-	-PAPNSM-
Rom 12:8	ἐν	ἐν	P-	--------
Rom 12:8	τῇ	ὁ	RA	----DSF-
Rom 12:8	παρακλήσει	παράκλησις	N-	----DSF-
Rom 12:8	ὁ	ὁ	RA	----NSM-
Rom 12:8	μεταδιδοὺς	μεταδίδωμι	V-	-PAPNSM-
Rom 12:8	ἐν	ἐν	P-	--------
Rom 12:8	ἁπλότητι	ἁπλότης	N-	----DSF-
Rom 12:8	ὁ	ὁ	RA	----NSM-
Rom 12:8	προϊστάμενος	προΐστημι	V-	-PMPNSM-
Rom 12:8	ἐν	ἐν	P-	--------
Rom 12:8	σπουδῇ	σπουδή	N-	----DSF-
Rom 12:8	ὁ	ὁ	RA	----NSM-
Rom 12:8	ἐλεῶν	ἐλεάω	V-	-PAPNSM-
Rom 12:8	ἐν	ἐν	P-	--------
Rom 12:8	ἱλαρότητι	ἱλαρότης	N-	----DSF-
Rom 12:9	Ἡ	ὁ	RA	----NSF-
Rom 12:9	ἀγάπη	ἀγάπη	N-	----NSF-
Rom 12:9	ἀνυπόκριτος	ἀνυπόκριτος	A-	----NSF-
Rom 12:9	ἀποστυγοῦντες	ἀποστυγέω	V-	-PAPNPM-
Rom 12:9	τὸ	ὁ	RA	----ASN-
Rom 12:9	πονηρόν	πονηρός	A-	----ASN-
Rom 12:9	κολλώμενοι	κολλάομαι	V-	-PPPNPM-
Rom 12:9	τῷ	ὁ	RA	----DSN-
Rom 12:9	ἀγαθῷ	ἀγαθός	A-	----DSN-
Rom 12:10	τῇ	ὁ	RA	----DSF-
Rom 12:10	φιλαδελφίᾳ	φιλαδελφία	N-	----DSF-
Rom 12:10	εἰς	εἰς	P-	--------
Rom 12:10	ἀλλήλους	ἀλλήλων	RP	----APM-
Rom 12:10	φιλόστοργοι	φιλόστοργος	A-	----NPM-
Rom 12:10	τῇ	ὁ	RA	----DSF-
Rom 12:10	τιμῇ	τιμή	N-	----DSF-
Rom 12:10	ἀλλήλους	ἀλλήλων	RP	----APM-
Rom 12:10	προηγούμενοι	προηγέομαι	V-	-PMPNPM-
Rom 12:11	τῇ	ὁ	RA	----DSF-
Rom 12:11	σπουδῇ	σπουδή	N-	----DSF-
Rom 12:11	μὴ	μή	D-	--------
Rom 12:11	ὀκνηροί	ὀκνηρός	A-	----NPM-
Rom 12:11	τῷ	ὁ	RA	----DSN-
Rom 12:11	πνεύματι	πνεῦμα	N-	----DSN-
Rom 12:11	ζέοντες	ζέω	V-	-PAPNPM-
Rom 12:11	τῷ	ὁ	RA	----DSM-
Rom 12:11	κυρίῳ	κύριος	N-	----DSM-
Rom 12:11	δουλεύοντες	δουλεύω	V-	-PAPNPM-
Rom 12:12	τῇ	ὁ	RA	----DSF-
Rom 12:12	ἐλπίδι	ἐλπίς	N-	----DSF-
Rom 12:12	χαίροντες	χαίρω	V-	-PAPNPM-
Rom 12:12	τῇ	ὁ	RA	----DSF-
Rom 12:12	θλίψει	θλῖψις	N-	----DSF-
Rom 12:12	ὑπομένοντες	ὑπομένω	V-	-PAPNPM-
Rom 12:12	τῇ	ὁ	RA	----DSF-
Rom 12:12	προσευχῇ	προσευχή	N-	----DSF-
Rom 12:12	προσκαρτεροῦντες	προσκαρτερέω	V-	-PAPNPM-
Rom 12:13	ταῖς	ὁ	RA	----DPF-
Rom 12:13	χρείαις	χρεία	N-	----DPF-
Rom 12:13	τῶν	ὁ	RA	----GPM-
Rom 12:13	ἁγίων	ἅγιος	A-	----GPM-
Rom 12:13	κοινωνοῦντες	κοινωνέω	V-	-PAPNPM-
Rom 12:13	τὴν	ὁ	RA	----ASF-
Rom 12:13	φιλοξενίαν	φιλοξενία	N-	----ASF-
Rom 12:13	διώκοντες	διώκω	V-	-PAPNPM-
Rom 12:14	εὐλογεῖτε	εὐλογέω	V-	2PAD-P--
Rom 12:14	τοὺς	ὁ	RA	----APM-
Rom 12:14	διώκοντας	διώκω	V-	-PAPAPM-
Rom 12:14	εὐλογεῖτε	εὐλογέω	V-	2PAD-P--
Rom 12:14	καὶ	καί	C-	--------
Rom 12:14	μὴ	μή	D-	--------
Rom 12:14	καταρᾶσθε	καταράομαι	V-	2PMD-P--
Rom 12:15	χαίρειν	χαίρω	V-	-PAN----
Rom 12:15	μετὰ	μετά	P-	--------
Rom 12:15	χαιρόντων	χαίρω	V-	-PAPGPM-
Rom 12:15	κλαίειν	κλαίω	V-	-PAN----
Rom 12:15	μετὰ	μετά	P-	--------
Rom 12:15	κλαιόντων	κλαίω	V-	-PAPGPM-
Rom 12:16	τὸ	ὁ	RA	----ASN-
Rom 12:16	αὐτὸ	αὐτός	A-	----ASN-
Rom 12:16	εἰς	εἰς	P-	--------
Rom 12:16	ἀλλήλους	ἀλλήλων	RP	----APM-
Rom 12:16	φρονοῦντες	φρονέω	V-	-PAPNPM-
Rom 12:16	μὴ	μή	D-	--------
Rom 12:16	τὰ	ὁ	RA	----APN-
Rom 12:16	ὑψηλὰ	ὑψηλός	A-	----APN-
Rom 12:16	φρονοῦντες	φρονέω	V-	-PAPNPM-
Rom 12:16	ἀλλὰ	ἀλλά	C-	--------
Rom 12:16	τοῖς	ὁ	RA	----DPM-
Rom 12:16	ταπεινοῖς	ταπεινός	A-	----DPM-
Rom 12:16	συναπαγόμενοι	συναπάγομαι	V-	-PPPNPM-
Rom 12:16	μὴ	μή	D-	--------
Rom 12:16	γίνεσθε	γίνομαι	V-	2PMD-P--
Rom 12:16	φρόνιμοι	φρόνιμος	A-	----NPM-
Rom 12:16	παρ’	παρά	P-	--------
Rom 12:16	ἑαυτοῖς	ἑαυτοῦ	RP	----DPM-
Rom 12:17	μηδενὶ	μηδείς	A-	----DSM-
Rom 12:17	κακὸν	κακός	A-	----ASN-
Rom 12:17	ἀντὶ	ἀντί	P-	--------
Rom 12:17	κακοῦ	κακός	A-	----GSN-
Rom 12:17	ἀποδιδόντες	ἀποδίδωμι	V-	-PAPNPM-
Rom 12:17	προνοούμενοι	προνοέω	V-	-PMPNPM-
Rom 12:17	καλὰ	καλός	A-	----APN-
Rom 12:17	ἐνώπιον	ἐνώπιον	P-	--------
Rom 12:17	πάντων	πᾶς	A-	----GPM-
Rom 12:17	ἀνθρώπων	ἄνθρωπος	N-	----GPM-
Rom 12:18	εἰ	εἰ	C-	--------
Rom 12:18	δυνατόν	δυνατός	A-	----NSN-
Rom 12:18	τὸ	ὁ	RA	----ASN-
Rom 12:18	ἐξ	ἐκ	P-	--------
Rom 12:18	ὑμῶν	σύ	RP	----GP--
Rom 12:18	μετὰ	μετά	P-	--------
Rom 12:18	πάντων	πᾶς	A-	----GPM-
Rom 12:18	ἀνθρώπων	ἄνθρωπος	N-	----GPM-
Rom 12:18	εἰρηνεύοντες	εἰρηνεύω	V-	-PAPNPM-
Rom 12:19	μὴ	μή	D-	--------
Rom 12:19	ἑαυτοὺς	ἑαυτοῦ	RP	----APM-
Rom 12:19	ἐκδικοῦντες	ἐκδικέω	V-	-PAPNPM-
Rom 12:19	ἀγαπητοί	ἀγαπητός	A-	----VPM-
Rom 12:19	ἀλλὰ	ἀλλά	C-	--------
Rom 12:19	δότε	δίδωμι	V-	2AAD-P--
Rom 12:19	τόπον	τόπος	N-	----ASM-
Rom 12:19	τῇ	ὁ	RA	----DSF-
Rom 12:19	ὀργῇ	ὀργή	N-	----DSF-
Rom 12:19	γέγραπται	γράφω	V-	3XPI-S--
Rom 12:19	γάρ	γάρ	C-	--------
Rom 12:19	Ἐμοὶ	ἐγώ	RP	----DS--
Rom 12:19	ἐκδίκησις	ἐκδίκησις	N-	----NSF-
Rom 12:19	ἐγὼ	ἐγώ	RP	----NS--
Rom 12:19	ἀνταποδώσω	ἀνταποδίδωμι	V-	1FAI-S--
Rom 12:19	λέγει	λέγω	V-	3PAI-S--
Rom 12:19	κύριος	κύριος	N-	----NSM-
Rom 12:20	ἀλλὰ	ἀλλά	C-	--------
Rom 12:20	ἐὰν	ἐάν	C-	--------
Rom 12:20	πεινᾷ	πεινάω	V-	3PAS-S--
Rom 12:20	ὁ	ὁ	RA	----NSM-
Rom 12:20	ἐχθρός	ἐχθρός	A-	----NSM-
Rom 12:20	σου	σύ	RP	----GS--
Rom 12:20	ψώμιζε	ψωμίζω	V-	2PAD-S--
Rom 12:20	αὐτόν	αὐτός	RP	----ASM-
Rom 12:20	ἐὰν	ἐάν	C-	--------
Rom 12:20	διψᾷ	διψάω	V-	3PAS-S--
Rom 12:20	πότιζε	ποτίζω	V-	2PAD-S--
Rom 12:20	αὐτόν	αὐτός	RP	----ASM-
Rom 12:20	τοῦτο	οὗτος	RD	----ASN-
Rom 12:20	γὰρ	γάρ	C-	--------
Rom 12:20	ποιῶν	ποιέω	V-	-PAPNSM-
Rom 12:20	ἄνθρακας	ἄνθραξ	N-	----APM-
Rom 12:20	πυρὸς	πῦρ	N-	----GSN-
Rom 12:20	σωρεύσεις	σωρεύω	V-	2FAI-S--
Rom 12:20	ἐπὶ	ἐπί	P-	--------
Rom 12:20	τὴν	ὁ	RA	----ASF-
Rom 12:20	κεφαλὴν	κεφαλή	N-	----ASF-
Rom 12:20	αὐτοῦ	αὐτός	RP	----GSM-
Rom 12:21	μὴ	μή	D-	--------
Rom 12:21	νικῶ	νικάω	V-	2PPD-S--
Rom 12:21	ὑπὸ	ὑπό	P-	--------
Rom 12:21	τοῦ	ὁ	RA	----GSN-
Rom 12:21	κακοῦ	κακός	A-	----GSN-
Rom 12:21	ἀλλὰ	ἀλλά	C-	--------
Rom 12:21	νίκα	νικάω	V-	2PAD-S--
Rom 12:21	ἐν	ἐν	P-	--------
Rom 12:21	τῷ	ὁ	RA	----DSN-
Rom 12:21	ἀγαθῷ	ἀγαθός	A-	----DSN-
Rom 12:21	τὸ	ὁ	RA	----ASN-
Rom 12:21	κακόν	κακός	A-	----ASN-
Rom 13:1	Πᾶσα	πᾶς	A-	----NSF-
Rom 13:1	ψυχὴ	ψυχή	N-	----NSF-
Rom 13:1	ἐξουσίαις	ἐξουσία	N-	----DPF-
Rom 13:1	ὑπερεχούσαις	ὑπερέχω	V-	-PAPDPF-
Rom 13:1	ὑποτασσέσθω	ὑποτάσσω	V-	3PPD-S--
Rom 13:1	οὐ	οὐ	D-	--------
Rom 13:1	γὰρ	γάρ	C-	--------
Rom 13:1	ἔστιν	εἰμί	V-	3PAI-S--
Rom 13:1	ἐξουσία	ἐξουσία	N-	----NSF-
Rom 13:1	εἰ	εἰ	C-	--------
Rom 13:1	μὴ	μή	D-	--------
Rom 13:1	ὑπὸ	ὑπό	P-	--------
Rom 13:1	θεοῦ	θεός	N-	----GSM-
Rom 13:1	αἱ	ὁ	RA	----NPF-
Rom 13:1	δὲ	δέ	C-	--------
Rom 13:1	οὖσαι	εἰμί	V-	-PAPNPF-
Rom 13:1	ὑπὸ	ὑπό	P-	--------
Rom 13:1	θεοῦ	θεός	N-	----GSM-
Rom 13:1	τεταγμέναι	τάσσω	V-	-XPPNPF-
Rom 13:1	εἰσίν	εἰμί	V-	3PAI-P--
Rom 13:2	ὥστε	ὥστε	C-	--------
Rom 13:2	ὁ	ὁ	RA	----NSM-
Rom 13:2	ἀντιτασσόμενος	ἀντιτάσσομαι	V-	-PMPNSM-
Rom 13:2	τῇ	ὁ	RA	----DSF-
Rom 13:2	ἐξουσίᾳ	ἐξουσία	N-	----DSF-
Rom 13:2	τῇ	ὁ	RA	----DSF-
Rom 13:2	τοῦ	ὁ	RA	----GSM-
Rom 13:2	θεοῦ	θεός	N-	----GSM-
Rom 13:2	διαταγῇ	διαταγή	N-	----DSF-
Rom 13:2	ἀνθέστηκεν	ἀνθίστημι	V-	3XAI-S--
Rom 13:2	οἱ	ὁ	RA	----NPM-
Rom 13:2	δὲ	δέ	C-	--------
Rom 13:2	ἀνθεστηκότες	ἀνθίστημι	V-	-XAPNPM-
Rom 13:2	ἑαυτοῖς	ἑαυτοῦ	RP	----DPM-
Rom 13:2	κρίμα	κρίμα	N-	----ASN-
Rom 13:2	λήμψονται	λαμβάνω	V-	3FMI-P--
Rom 13:3	οἱ	ὁ	RA	----NPM-
Rom 13:3	γὰρ	γάρ	C-	--------
Rom 13:3	ἄρχοντες	ἄρχων	N-	----NPM-
Rom 13:3	οὐκ	οὐ	D-	--------
Rom 13:3	εἰσὶν	εἰμί	V-	3PAI-P--
Rom 13:3	φόβος	φόβος	N-	----NSM-
Rom 13:3	τῷ	ὁ	RA	----DSN-
Rom 13:3	ἀγαθῷ	ἀγαθός	A-	----DSN-
Rom 13:3	ἔργῳ	ἔργον	N-	----DSN-
Rom 13:3	ἀλλὰ	ἀλλά	C-	--------
Rom 13:3	τῷ	ὁ	RA	----DSN-
Rom 13:3	κακῷ	κακός	A-	----DSN-
Rom 13:3	θέλεις	θέλω	V-	2PAI-S--
Rom 13:3	δὲ	δέ	C-	--------
Rom 13:3	μὴ	μή	D-	--------
Rom 13:3	φοβεῖσθαι	φοβέομαι	V-	-PMN----
Rom 13:3	τὴν	ὁ	RA	----ASF-
Rom 13:3	ἐξουσίαν	ἐξουσία	N-	----ASF-
Rom 13:3	τὸ	ὁ	RA	----ASN-
Rom 13:3	ἀγαθὸν	ἀγαθός	A-	----ASN-
Rom 13:3	ποίει	ποιέω	V-	2PAD-S--
Rom 13:3	καὶ	καί	C-	--------
Rom 13:3	ἕξεις	ἔχω	V-	2FAI-S--
Rom 13:3	ἔπαινον	ἔπαινος	N-	----ASM-
Rom 13:3	ἐξ	ἐκ	P-	--------
Rom 13:3	αὐτῆς	αὐτός	RP	----GSF-
Rom 13:4	θεοῦ	θεός	N-	----GSM-
Rom 13:4	γὰρ	γάρ	C-	--------
Rom 13:4	διάκονός	διάκονος	N-	----NSM-
Rom 13:4	ἐστιν	εἰμί	V-	3PAI-S--
Rom 13:4	σοὶ	σύ	RP	----DS--
Rom 13:4	εἰς	εἰς	P-	--------
Rom 13:4	τὸ	ὁ	RA	----ASN-
Rom 13:4	ἀγαθόν	ἀγαθός	A-	----ASN-
Rom 13:4	ἐὰν	ἐάν	C-	--------
Rom 13:4	δὲ	δέ	C-	--------
Rom 13:4	τὸ	ὁ	RA	----ASN-
Rom 13:4	κακὸν	κακός	A-	----ASN-
Rom 13:4	ποιῇς	ποιέω	V-	2PAS-S--
Rom 13:4	φοβοῦ	φοβέομαι	V-	2PMD-S--
Rom 13:4	οὐ	οὐ	D-	--------
Rom 13:4	γὰρ	γάρ	C-	--------
Rom 13:4	εἰκῇ	εἰκῇ	D-	--------
Rom 13:4	τὴν	ὁ	RA	----ASF-
Rom 13:4	μάχαιραν	μάχαιρα	N-	----ASF-
Rom 13:4	φορεῖ	φορέω	V-	3PAI-S--
Rom 13:4	θεοῦ	θεός	N-	----GSM-
Rom 13:4	γὰρ	γάρ	C-	--------
Rom 13:4	διάκονός	διάκονος	N-	----NSM-
Rom 13:4	ἐστιν	εἰμί	V-	3PAI-S--
Rom 13:4	ἔκδικος	ἔκδικος	A-	----NSM-
Rom 13:4	εἰς	εἰς	P-	--------
Rom 13:4	ὀργὴν	ὀργή	N-	----ASF-
Rom 13:4	τῷ	ὁ	RA	----DSM-
Rom 13:4	τὸ	ὁ	RA	----ASN-
Rom 13:4	κακὸν	κακός	A-	----ASN-
Rom 13:4	πράσσοντι	πράσσω	V-	-PAPDSM-
Rom 13:5	διὸ	διό	C-	--------
Rom 13:5	ἀνάγκη	ἀνάγκη	N-	----NSF-
Rom 13:5	ὑποτάσσεσθαι	ὑποτάσσω	V-	-PPN----
Rom 13:5	οὐ	οὐ	D-	--------
Rom 13:5	μόνον	μόνος	A-	----ASN-
Rom 13:5	διὰ	διά	P-	--------
Rom 13:5	τὴν	ὁ	RA	----ASF-
Rom 13:5	ὀργὴν	ὀργή	N-	----ASF-
Rom 13:5	ἀλλὰ	ἀλλά	C-	--------
Rom 13:5	καὶ	καί	D-	--------
Rom 13:5	διὰ	διά	P-	--------
Rom 13:5	τὴν	ὁ	RA	----ASF-
Rom 13:5	συνείδησιν	συνείδησις	N-	----ASF-
Rom 13:6	διὰ	διά	P-	--------
Rom 13:6	τοῦτο	οὗτος	RD	----ASN-
Rom 13:6	γὰρ	γάρ	C-	--------
Rom 13:6	καὶ	καί	D-	--------
Rom 13:6	φόρους	φόρος	N-	----APM-
Rom 13:6	τελεῖτε	τελέω	V-	2PAI-P--
Rom 13:6	λειτουργοὶ	λειτουργός	N-	----NPM-
Rom 13:6	γὰρ	γάρ	C-	--------
Rom 13:6	θεοῦ	θεός	N-	----GSM-
Rom 13:6	εἰσιν	εἰμί	V-	3PAI-P--
Rom 13:6	εἰς	εἰς	P-	--------
Rom 13:6	αὐτὸ	αὐτός	A-	----ASN-
Rom 13:6	τοῦτο	οὗτος	RD	----ASN-
Rom 13:6	προσκαρτεροῦντες	προσκαρτερέω	V-	-PAPNPM-
Rom 13:7	ἀπόδοτε	ἀποδίδωμι	V-	2AAD-P--
Rom 13:7	πᾶσι	πᾶς	A-	----DPM-
Rom 13:7	τὰς	ὁ	RA	----APF-
Rom 13:7	ὀφειλάς	ὀφειλή	N-	----APF-
Rom 13:7	τῷ	ὁ	RA	----DSM-
Rom 13:7	τὸν	ὁ	RA	----ASM-
Rom 13:7	φόρον	φόρος	N-	----ASM-
Rom 13:7	τὸν	ὁ	RA	----ASM-
Rom 13:7	φόρον	φόρος	N-	----ASM-
Rom 13:7	τῷ	ὁ	RA	----DSM-
Rom 13:7	τὸ	ὁ	RA	----ASN-
Rom 13:7	τέλος	τέλος	N-	----ASN-
Rom 13:7	τὸ	ὁ	RA	----ASN-
Rom 13:7	τέλος	τέλος	N-	----ASN-
Rom 13:7	τῷ	ὁ	RA	----DSM-
Rom 13:7	τὸν	ὁ	RA	----ASM-
Rom 13:7	φόβον	φόβος	N-	----ASM-
Rom 13:7	τὸν	ὁ	RA	----ASM-
Rom 13:7	φόβον	φόβος	N-	----ASM-
Rom 13:7	τῷ	ὁ	RA	----DSM-
Rom 13:7	τὴν	ὁ	RA	----ASF-
Rom 13:7	τιμὴν	τιμή	N-	----ASF-
Rom 13:7	τὴν	ὁ	RA	----ASF-
Rom 13:7	τιμήν	τιμή	N-	----ASF-
Rom 13:8	Μηδενὶ	μηδείς	A-	----DSM-
Rom 13:8	μηδὲν	μηδείς	A-	----ASN-
Rom 13:8	ὀφείλετε	ὀφείλω	V-	2PAD-P--
Rom 13:8	εἰ	εἰ	C-	--------
Rom 13:8	μὴ	μή	D-	--------
Rom 13:8	τὸ	ὁ	RA	----ASN-
Rom 13:8	ἀλλήλους	ἀλλήλων	RP	----APM-
Rom 13:8	ἀγαπᾶν	ἀγαπάω	V-	-PAN----
Rom 13:8	ὁ	ὁ	RA	----NSM-
Rom 13:8	γὰρ	γάρ	C-	--------
Rom 13:8	ἀγαπῶν	ἀγαπάω	V-	-PAPNSM-
Rom 13:8	τὸν	ὁ	RA	----ASM-
Rom 13:8	ἕτερον	ἕτερος	A-	----ASM-
Rom 13:8	νόμον	νόμος	N-	----ASM-
Rom 13:8	πεπλήρωκεν	πληρόω	V-	3XAI-S--
Rom 13:9	τὸ	ὁ	RA	----NSN-
Rom 13:9	γάρ	γάρ	C-	--------
Rom 13:9	Οὐ	οὐ	D-	--------
Rom 13:9	μοιχεύσεις	μοιχεύω	V-	2FAI-S--
Rom 13:9	Οὐ	οὐ	D-	--------
Rom 13:9	φονεύσεις	φονεύω	V-	2FAI-S--
Rom 13:9	Οὐ	οὐ	D-	--------
Rom 13:9	κλέψεις	κλέπτω	V-	2FAI-S--
Rom 13:9	Οὐκ	οὐ	D-	--------
Rom 13:9	ἐπιθυμήσεις	ἐπιθυμέω	V-	2FAI-S--
Rom 13:9	καὶ	καί	C-	--------
Rom 13:9	εἴ	εἰ	C-	--------
Rom 13:9	τις	τις	RI	----NSF-
Rom 13:9	ἑτέρα	ἕτερος	A-	----NSF-
Rom 13:9	ἐντολή	ἐντολή	N-	----NSF-
Rom 13:9	ἐν	ἐν	P-	--------
Rom 13:9	τῷ	ὁ	RA	----DSM-
Rom 13:9	λόγῳ	λόγος	N-	----DSM-
Rom 13:9	τούτῳ	οὗτος	RD	----DSM-
Rom 13:9	ἀνακεφαλαιοῦται	ἀνακεφαλαιόω	V-	3PPI-S--
Rom 13:9	ἐν	ἐν	P-	--------
Rom 13:9	τῷ	ὁ	RA	----DSM-
Rom 13:9	Ἀγαπήσεις	ἀγαπάω	V-	2FAI-S--
Rom 13:9	τὸν	ὁ	RA	----ASM-
Rom 13:9	πλησίον	πλησίον	D-	--------
Rom 13:9	σου	σύ	RP	----GS--
Rom 13:9	ὡς	ὡς	C-	--------
Rom 13:9	σεαυτόν	σεαυτοῦ	RP	----ASM-
Rom 13:10	ἡ	ὁ	RA	----NSF-
Rom 13:10	ἀγάπη	ἀγάπη	N-	----NSF-
Rom 13:10	τῷ	ὁ	RA	----DSM-
Rom 13:10	πλησίον	πλησίον	D-	--------
Rom 13:10	κακὸν	κακός	A-	----ASN-
Rom 13:10	οὐκ	οὐ	D-	--------
Rom 13:10	ἐργάζεται	ἐργάζομαι	V-	3PMI-S--
Rom 13:10	πλήρωμα	πλήρωμα	N-	----NSN-
Rom 13:10	οὖν	οὖν	C-	--------
Rom 13:10	νόμου	νόμος	N-	----GSM-
Rom 13:10	ἡ	ὁ	RA	----NSF-
Rom 13:10	ἀγάπη	ἀγάπη	N-	----NSF-
Rom 13:11	Καὶ	καί	C-	--------
Rom 13:11	τοῦτο	οὗτος	RD	----ASN-
Rom 13:11	εἰδότες	οἶδα	V-	-XAPNPM-
Rom 13:11	τὸν	ὁ	RA	----ASM-
Rom 13:11	καιρόν	καιρός	N-	----ASM-
Rom 13:11	ὅτι	ὅτι	D-	--------
Rom 13:11	ὥρα	ὥρα	N-	----NSF-
Rom 13:11	ἤδη	ἤδη	D-	--------
Rom 13:11	ὑμᾶς	σύ	RP	----AP--
Rom 13:11	ἐξ	ἐκ	P-	--------
Rom 13:11	ὕπνου	ὕπνος	N-	----GSM-
Rom 13:11	ἐγερθῆναι	ἐγείρω	V-	-APN----
Rom 13:11	νῦν	νῦν	D-	--------
Rom 13:11	γὰρ	γάρ	C-	--------
Rom 13:11	ἐγγύτερον	ἐγγύτερον	D-	--------
Rom 13:11	ἡμῶν	ἐγώ	RP	----GP--
Rom 13:11	ἡ	ὁ	RA	----NSF-
Rom 13:11	σωτηρία	σωτηρία	N-	----NSF-
Rom 13:11	ἢ	ἤ	C-	--------
Rom 13:11	ὅτε	ὅτε	C-	--------
Rom 13:11	ἐπιστεύσαμεν	πιστεύω	V-	1AAI-P--
Rom 13:12	ἡ	ὁ	RA	----NSF-
Rom 13:12	νὺξ	νύξ	N-	----NSF-
Rom 13:12	προέκοψεν	προκόπτω	V-	3AAI-S--
Rom 13:12	ἡ	ὁ	RA	----NSF-
Rom 13:12	δὲ	δέ	C-	--------
Rom 13:12	ἡμέρα	ἡμέρα	N-	----NSF-
Rom 13:12	ἤγγικεν	ἐγγίζω	V-	3XAI-S--
Rom 13:12	ἀποβαλώμεθα	ἀποβάλλω	V-	1AMS-P--
Rom 13:12	οὖν	οὖν	C-	--------
Rom 13:12	τὰ	ὁ	RA	----APN-
Rom 13:12	ἔργα	ἔργον	N-	----APN-
Rom 13:12	τοῦ	ὁ	RA	----GSN-
Rom 13:12	σκότους	σκότος	N-	----GSN-
Rom 13:12	ἐνδυσώμεθα	ἐνδύω	V-	1AMS-P--
Rom 13:12	δὲ	δέ	C-	--------
Rom 13:12	τὰ	ὁ	RA	----APN-
Rom 13:12	ὅπλα	ὅπλον	N-	----APN-
Rom 13:12	τοῦ	ὁ	RA	----GSN-
Rom 13:12	φωτός	φῶς	N-	----GSN-
Rom 13:13	ὡς	ὡς	C-	--------
Rom 13:13	ἐν	ἐν	P-	--------
Rom 13:13	ἡμέρᾳ	ἡμέρα	N-	----DSF-
Rom 13:13	εὐσχημόνως	εὐσχημόνως	D-	--------
Rom 13:13	περιπατήσωμεν	περιπατέω	V-	1AAS-P--
Rom 13:13	μὴ	μή	D-	--------
Rom 13:13	κώμοις	κῶμος	N-	----DPM-
Rom 13:13	καὶ	καί	C-	--------
Rom 13:13	μέθαις	μέθη	N-	----DPF-
Rom 13:13	μὴ	μή	D-	--------
Rom 13:13	κοίταις	κοίτη	N-	----DPF-
Rom 13:13	καὶ	καί	C-	--------
Rom 13:13	ἀσελγείαις	ἀσέλγεια	N-	----DPF-
Rom 13:13	μὴ	μή	D-	--------
Rom 13:13	ἔριδι	ἔρις	N-	----DSF-
Rom 13:13	καὶ	καί	C-	--------
Rom 13:13	ζήλῳ	ζῆλος	N-	----DSM-
Rom 13:14	ἀλλὰ	ἀλλά	C-	--------
Rom 13:14	ἐνδύσασθε	ἐνδύω	V-	2AMD-P--
Rom 13:14	τὸν	ὁ	RA	----ASM-
Rom 13:14	κύριον	κύριος	N-	----ASM-
Rom 13:14	Ἰησοῦν	Ἰησοῦς	N-	----ASM-
Rom 13:14	Χριστόν	Χριστός	N-	----ASM-
Rom 13:14	καὶ	καί	C-	--------
Rom 13:14	τῆς	ὁ	RA	----GSF-
Rom 13:14	σαρκὸς	σάρξ	N-	----GSF-
Rom 13:14	πρόνοιαν	πρόνοια	N-	----ASF-
Rom 13:14	μὴ	μή	D-	--------
Rom 13:14	ποιεῖσθε	ποιέω	V-	2PMD-P--
Rom 13:14	εἰς	εἰς	P-	--------
Rom 13:14	ἐπιθυμίας	ἐπιθυμία	N-	----APF-
Rom 14:1	Τὸν	ὁ	RA	----ASM-
Rom 14:1	δὲ	δέ	C-	--------
Rom 14:1	ἀσθενοῦντα	ἀσθενέω	V-	-PAPASM-
Rom 14:1	τῇ	ὁ	RA	----DSF-
Rom 14:1	πίστει	πίστις	N-	----DSF-
Rom 14:1	προσλαμβάνεσθε	προσλαμβάνομαι	V-	2PMD-P--
Rom 14:1	μὴ	μή	D-	--------
Rom 14:1	εἰς	εἰς	P-	--------
Rom 14:1	διακρίσεις	διάκρισις	N-	----APF-
Rom 14:1	διαλογισμῶν	διαλογισμός	N-	----GPM-
Rom 14:2	ὃς	ὅς	RR	----NSM-
Rom 14:2	μὲν	μέν	C-	--------
Rom 14:2	πιστεύει	πιστεύω	V-	3PAI-S--
Rom 14:2	φαγεῖν	ἐσθίω	V-	-AAN----
Rom 14:2	πάντα	πᾶς	A-	----APN-
Rom 14:2	ὁ	ὁ	RA	----NSM-
Rom 14:2	δὲ	δέ	C-	--------
Rom 14:2	ἀσθενῶν	ἀσθενέω	V-	-PAPNSM-
Rom 14:2	λάχανα	λάχανον	N-	----APN-
Rom 14:2	ἐσθίει	ἐσθίω	V-	3PAI-S--
Rom 14:3	ὁ	ὁ	RA	----NSM-
Rom 14:3	ἐσθίων	ἐσθίω	V-	-PAPNSM-
Rom 14:3	τὸν	ὁ	RA	----ASM-
Rom 14:3	μὴ	μή	D-	--------
Rom 14:3	ἐσθίοντα	ἐσθίω	V-	-PAPASM-
Rom 14:3	μὴ	μή	D-	--------
Rom 14:3	ἐξουθενείτω	ἐξουθενέω	V-	3PAD-S--
Rom 14:3	ὁ	ὁ	RA	----NSM-
Rom 14:3	δὲ	δέ	C-	--------
Rom 14:3	μὴ	μή	D-	--------
Rom 14:3	ἐσθίων	ἐσθίω	V-	-PAPNSM-
Rom 14:3	τὸν	ὁ	RA	----ASM-
Rom 14:3	ἐσθίοντα	ἐσθίω	V-	-PAPASM-
Rom 14:3	μὴ	μή	D-	--------
Rom 14:3	κρινέτω	κρίνω	V-	3PAD-S--
Rom 14:3	ὁ	ὁ	RA	----NSM-
Rom 14:3	θεὸς	θεός	N-	----NSM-
Rom 14:3	γὰρ	γάρ	C-	--------
Rom 14:3	αὐτὸν	αὐτός	RP	----ASM-
Rom 14:3	προσελάβετο	προσλαμβάνομαι	V-	3AMI-S--
Rom 14:4	σὺ	σύ	RP	----NS--
Rom 14:4	τίς	τίς	RI	----NSM-
Rom 14:4	εἶ	εἰμί	V-	2PAI-S--
Rom 14:4	ὁ	ὁ	RA	----NSM-
Rom 14:4	κρίνων	κρίνω	V-	-PAPNSM-
Rom 14:4	ἀλλότριον	ἀλλότριος	A-	----ASM-
Rom 14:4	οἰκέτην	οἰκέτης	N-	----ASM-
Rom 14:4	τῷ	ὁ	RA	----DSM-
Rom 14:4	ἰδίῳ	ἴδιος	A-	----DSM-
Rom 14:4	κυρίῳ	κύριος	N-	----DSM-
Rom 14:4	στήκει	στήκω	V-	3PAI-S--
Rom 14:4	ἢ	ἤ	C-	--------
Rom 14:4	πίπτει	πίπτω	V-	3PAI-S--
Rom 14:4	σταθήσεται	ἵστημι	V-	3FPI-S--
Rom 14:4	δέ	δέ	C-	--------
Rom 14:4	δυνατεῖ	δυνατέω	V-	3PAI-S--
Rom 14:4	γὰρ	γάρ	C-	--------
Rom 14:4	ὁ	ὁ	RA	----NSM-
Rom 14:4	κύριος	κύριος	N-	----NSM-
Rom 14:4	στῆσαι	ἵστημι	V-	-AAN----
Rom 14:4	αὐτόν	αὐτός	RP	----ASM-
Rom 14:5	Ὃς	ὅς	RR	----NSM-
Rom 14:5	μὲν	μέν	C-	--------
Rom 14:5	κρίνει	κρίνω	V-	3PAI-S--
Rom 14:5	ἡμέραν	ἡμέρα	N-	----ASF-
Rom 14:5	παρ’	παρά	P-	--------
Rom 14:5	ἡμέραν	ἡμέρα	N-	----ASF-
Rom 14:5	ὃς	ὅς	RR	----NSM-
Rom 14:5	δὲ	δέ	C-	--------
Rom 14:5	κρίνει	κρίνω	V-	3PAI-S--
Rom 14:5	πᾶσαν	πᾶς	A-	----ASF-
Rom 14:5	ἡμέραν	ἡμέρα	N-	----ASF-
Rom 14:5	ἕκαστος	ἕκαστος	A-	----NSM-
Rom 14:5	ἐν	ἐν	P-	--------
Rom 14:5	τῷ	ὁ	RA	----DSM-
Rom 14:5	ἰδίῳ	ἴδιος	A-	----DSM-
Rom 14:5	νοῒ	νοῦς	N-	----DSM-
Rom 14:5	πληροφορείσθω	πληροφορέω	V-	3PPD-S--
Rom 14:6	ὁ	ὁ	RA	----NSM-
Rom 14:6	φρονῶν	φρονέω	V-	-PAPNSM-
Rom 14:6	τὴν	ὁ	RA	----ASF-
Rom 14:6	ἡμέραν	ἡμέρα	N-	----ASF-
Rom 14:6	κυρίῳ	κύριος	N-	----DSM-
Rom 14:6	φρονεῖ	φρονέω	V-	3PAI-S--
Rom 14:6	καὶ	καί	C-	--------
Rom 14:6	ὁ	ὁ	RA	----NSM-
Rom 14:6	ἐσθίων	ἐσθίω	V-	-PAPNSM-
Rom 14:6	κυρίῳ	κύριος	N-	----DSM-
Rom 14:6	ἐσθίει	ἐσθίω	V-	3PAI-S--
Rom 14:6	εὐχαριστεῖ	εὐχαριστέω	V-	3PAI-S--
Rom 14:6	γὰρ	γάρ	C-	--------
Rom 14:6	τῷ	ὁ	RA	----DSM-
Rom 14:6	θεῷ	θεός	N-	----DSM-
Rom 14:6	καὶ	καί	C-	--------
Rom 14:6	ὁ	ὁ	RA	----NSM-
Rom 14:6	μὴ	μή	D-	--------
Rom 14:6	ἐσθίων	ἐσθίω	V-	-PAPNSM-
Rom 14:6	κυρίῳ	κύριος	N-	----DSM-
Rom 14:6	οὐκ	οὐ	D-	--------
Rom 14:6	ἐσθίει	ἐσθίω	V-	3PAI-S--
Rom 14:6	καὶ	καί	C-	--------
Rom 14:6	εὐχαριστεῖ	εὐχαριστέω	V-	3PAI-S--
Rom 14:6	τῷ	ὁ	RA	----DSM-
Rom 14:6	θεῷ	θεός	N-	----DSM-
Rom 14:7	Οὐδεὶς	οὐδείς	A-	----NSM-
Rom 14:7	γὰρ	γάρ	C-	--------
Rom 14:7	ἡμῶν	ἐγώ	RP	----GP--
Rom 14:7	ἑαυτῷ	ἑαυτοῦ	RP	----DSM-
Rom 14:7	ζῇ	ζάω	V-	3PAI-S--
Rom 14:7	καὶ	καί	C-	--------
Rom 14:7	οὐδεὶς	οὐδείς	A-	----NSM-
Rom 14:7	ἑαυτῷ	ἑαυτοῦ	RP	----DSM-
Rom 14:7	ἀποθνῄσκει	ἀποθνῄσκω	V-	3PAI-S--
Rom 14:8	ἐάν	ἐάν	C-	--------
Rom 14:8	τε	τέ	C-	--------
Rom 14:8	γὰρ	γάρ	C-	--------
Rom 14:8	ζῶμεν	ζάω	V-	1PAS-P--
Rom 14:8	τῷ	ὁ	RA	----DSM-
Rom 14:8	κυρίῳ	κύριος	N-	----DSM-
Rom 14:8	ζῶμεν	ζάω	V-	1PAI-P--
Rom 14:8	ἐάν	ἐάν	C-	--------
Rom 14:8	τε	τέ	C-	--------
Rom 14:8	ἀποθνῄσκωμεν	ἀποθνῄσκω	V-	1PAS-P--
Rom 14:8	τῷ	ὁ	RA	----DSM-
Rom 14:8	κυρίῳ	κύριος	N-	----DSM-
Rom 14:8	ἀποθνῄσκομεν	ἀποθνῄσκω	V-	1PAI-P--
Rom 14:8	ἐάν	ἐάν	C-	--------
Rom 14:8	τε	τέ	C-	--------
Rom 14:8	οὖν	οὖν	C-	--------
Rom 14:8	ζῶμεν	ζάω	V-	1PAS-P--
Rom 14:8	ἐάν	ἐάν	C-	--------
Rom 14:8	τε	τέ	C-	--------
Rom 14:8	ἀποθνῄσκωμεν	ἀποθνῄσκω	V-	1PAS-P--
Rom 14:8	τοῦ	ὁ	RA	----GSM-
Rom 14:8	κυρίου	κύριος	N-	----GSM-
Rom 14:8	ἐσμέν	εἰμί	V-	1PAI-P--
Rom 14:9	εἰς	εἰς	P-	--------
Rom 14:9	τοῦτο	οὗτος	RD	----ASN-
Rom 14:9	γὰρ	γάρ	C-	--------
Rom 14:9	Χριστὸς	Χριστός	N-	----NSM-
Rom 14:9	ἀπέθανεν	ἀποθνῄσκω	V-	3AAI-S--
Rom 14:9	καὶ	καί	C-	--------
Rom 14:9	ἔζησεν	ζάω	V-	3AAI-S--
Rom 14:9	ἵνα	ἵνα	C-	--------
Rom 14:9	καὶ	καί	C-	--------
Rom 14:9	νεκρῶν	νεκρός	A-	----GPM-
Rom 14:9	καὶ	καί	C-	--------
Rom 14:9	ζώντων	ζάω	V-	-PAPGPM-
Rom 14:9	κυριεύσῃ	κυριεύω	V-	3AAS-S--
Rom 14:10	Σὺ	σύ	RP	----NS--
Rom 14:10	δὲ	δέ	C-	--------
Rom 14:10	τί	τίς	RI	----ASN-
Rom 14:10	κρίνεις	κρίνω	V-	2PAI-S--
Rom 14:10	τὸν	ὁ	RA	----ASM-
Rom 14:10	ἀδελφόν	ἀδελφός	N-	----ASM-
Rom 14:10	σου	σύ	RP	----GS--
Rom 14:10	ἢ	ἤ	C-	--------
Rom 14:10	καὶ	καί	D-	--------
Rom 14:10	σὺ	σύ	RP	----NS--
Rom 14:10	τί	τίς	RI	----ASN-
Rom 14:10	ἐξουθενεῖς	ἐξουθενέω	V-	2PAI-S--
Rom 14:10	τὸν	ὁ	RA	----ASM-
Rom 14:10	ἀδελφόν	ἀδελφός	N-	----ASM-
Rom 14:10	σου	σύ	RP	----GS--
Rom 14:10	πάντες	πᾶς	A-	----NPM-
Rom 14:10	γὰρ	γάρ	C-	--------
Rom 14:10	παραστησόμεθα	παρίστημι	V-	1FMI-P--
Rom 14:10	τῷ	ὁ	RA	----DSN-
Rom 14:10	βήματι	βῆμα	N-	----DSN-
Rom 14:10	τοῦ	ὁ	RA	----GSM-
Rom 14:10	θεοῦ	θεός	N-	----GSM-
Rom 14:11	γέγραπται	γράφω	V-	3XPI-S--
Rom 14:11	γάρ	γάρ	C-	--------
Rom 14:11	Ζῶ	ζάω	V-	1PAI-S--
Rom 14:11	ἐγώ	ἐγώ	RP	----NS--
Rom 14:11	λέγει	λέγω	V-	3PAI-S--
Rom 14:11	κύριος	κύριος	N-	----NSM-
Rom 14:11	ὅτι	ὅτι	C-	--------
Rom 14:11	ἐμοὶ	ἐγώ	RP	----DS--
Rom 14:11	κάμψει	κάμπτω	V-	3FAI-S--
Rom 14:11	πᾶν	πᾶς	A-	----NSN-
Rom 14:11	γόνυ	γόνυ	N-	----NSN-
Rom 14:11	καὶ	καί	C-	--------
Rom 14:11	πᾶσα	πᾶς	A-	----NSF-
Rom 14:11	γλῶσσα	γλῶσσα	N-	----NSF-
Rom 14:11	ἐξομολογήσεται	ἐξομολογέω	V-	3FMI-S--
Rom 14:11	τῷ	ὁ	RA	----DSM-
Rom 14:11	θεῷ	θεός	N-	----DSM-
Rom 14:12	ἄρα	ἄρα	C-	--------
Rom 14:12	ἕκαστος	ἕκαστος	A-	----NSM-
Rom 14:12	ἡμῶν	ἐγώ	RP	----GP--
Rom 14:12	περὶ	περί	P-	--------
Rom 14:12	ἑαυτοῦ	ἑαυτοῦ	RP	----GSM-
Rom 14:12	λόγον	λόγος	N-	----ASM-
Rom 14:12	δώσει	δίδωμι	V-	3FAI-S--
Rom 14:13	Μηκέτι	μηκέτι	D-	--------
Rom 14:13	οὖν	οὖν	C-	--------
Rom 14:13	ἀλλήλους	ἀλλήλων	RP	----APM-
Rom 14:13	κρίνωμεν	κρίνω	V-	1PAS-P--
Rom 14:13	ἀλλὰ	ἀλλά	C-	--------
Rom 14:13	τοῦτο	οὗτος	RD	----ASN-
Rom 14:13	κρίνατε	κρίνω	V-	2AAD-P--
Rom 14:13	μᾶλλον	μᾶλλον	D-	--------
Rom 14:13	τὸ	ὁ	RA	----ASN-
Rom 14:13	μὴ	μή	D-	--------
Rom 14:13	τιθέναι	τίθημι	V-	-PAN----
Rom 14:13	πρόσκομμα	πρόσκομμα	N-	----ASN-
Rom 14:13	τῷ	ὁ	RA	----DSM-
Rom 14:13	ἀδελφῷ	ἀδελφός	N-	----DSM-
Rom 14:13	ἢ	ἤ	C-	--------
Rom 14:13	σκάνδαλον	σκάνδαλον	N-	----ASN-
Rom 14:14	οἶδα	οἶδα	V-	1XAI-S--
Rom 14:14	καὶ	καί	C-	--------
Rom 14:14	πέπεισμαι	πείθω	V-	1XPI-S--
Rom 14:14	ἐν	ἐν	P-	--------
Rom 14:14	κυρίῳ	κύριος	N-	----DSM-
Rom 14:14	Ἰησοῦ	Ἰησοῦς	N-	----DSM-
Rom 14:14	ὅτι	ὅτι	C-	--------
Rom 14:14	οὐδὲν	οὐδείς	A-	----NSN-
Rom 14:14	κοινὸν	κοινός	A-	----NSN-
Rom 14:14	δι’	διά	P-	--------
Rom 14:14	ἑαυτοῦ	ἑαυτοῦ	RP	----GSN-
Rom 14:14	εἰ	εἰ	C-	--------
Rom 14:14	μὴ	μή	D-	--------
Rom 14:14	τῷ	ὁ	RA	----DSM-
Rom 14:14	λογιζομένῳ	λογίζομαι	V-	-PMPDSM-
Rom 14:14	τι	τις	RI	----ASN-
Rom 14:14	κοινὸν	κοινός	A-	----NSN-
Rom 14:14	εἶναι	εἰμί	V-	-PAN----
Rom 14:14	ἐκείνῳ	ἐκεῖνος	RD	----DSM-
Rom 14:14	κοινόν	κοινός	A-	----NSN-
Rom 14:15	εἰ	εἰ	C-	--------
Rom 14:15	γὰρ	γάρ	C-	--------
Rom 14:15	διὰ	διά	P-	--------
Rom 14:15	βρῶμα	βρῶμα	N-	----ASN-
Rom 14:15	ὁ	ὁ	RA	----NSM-
Rom 14:15	ἀδελφός	ἀδελφός	N-	----NSM-
Rom 14:15	σου	σύ	RP	----GS--
Rom 14:15	λυπεῖται	λυπέω	V-	3PPI-S--
Rom 14:15	οὐκέτι	οὐκέτι	D-	--------
Rom 14:15	κατὰ	κατά	P-	--------
Rom 14:15	ἀγάπην	ἀγάπη	N-	----ASF-
Rom 14:15	περιπατεῖς	περιπατέω	V-	2PAI-S--
Rom 14:15	μὴ	μή	D-	--------
Rom 14:15	τῷ	ὁ	RA	----DSN-
Rom 14:15	βρώματί	βρῶμα	N-	----DSN-
Rom 14:15	σου	σύ	RP	----GS--
Rom 14:15	ἐκεῖνον	ἐκεῖνος	RD	----ASM-
Rom 14:15	ἀπόλλυε	ἀπόλλυμι	V-	2PAD-S--
Rom 14:15	ὑπὲρ	ὑπέρ	P-	--------
Rom 14:15	οὗ	ὅς	RR	----GSM-
Rom 14:15	Χριστὸς	Χριστός	N-	----NSM-
Rom 14:15	ἀπέθανεν	ἀποθνῄσκω	V-	3AAI-S--
Rom 14:16	μὴ	μή	D-	--------
Rom 14:16	βλασφημείσθω	βλασφημέω	V-	3PPD-S--
Rom 14:16	οὖν	οὖν	C-	--------
Rom 14:16	ὑμῶν	σύ	RP	----GP--
Rom 14:16	τὸ	ὁ	RA	----NSN-
Rom 14:16	ἀγαθόν	ἀγαθός	A-	----NSN-
Rom 14:17	οὐ	οὐ	D-	--------
Rom 14:17	γάρ	γάρ	C-	--------
Rom 14:17	ἐστιν	εἰμί	V-	3PAI-S--
Rom 14:17	ἡ	ὁ	RA	----NSF-
Rom 14:17	βασιλεία	βασιλεία	N-	----NSF-
Rom 14:17	τοῦ	ὁ	RA	----GSM-
Rom 14:17	θεοῦ	θεός	N-	----GSM-
Rom 14:17	βρῶσις	βρῶσις	N-	----NSF-
Rom 14:17	καὶ	καί	C-	--------
Rom 14:17	πόσις	πόσις	N-	----NSF-
Rom 14:17	ἀλλὰ	ἀλλά	C-	--------
Rom 14:17	δικαιοσύνη	δικαιοσύνη	N-	----NSF-
Rom 14:17	καὶ	καί	C-	--------
Rom 14:17	εἰρήνη	εἰρήνη	N-	----NSF-
Rom 14:17	καὶ	καί	C-	--------
Rom 14:17	χαρὰ	χαρά	N-	----NSF-
Rom 14:17	ἐν	ἐν	P-	--------
Rom 14:17	πνεύματι	πνεῦμα	N-	----DSN-
Rom 14:17	ἁγίῳ	ἅγιος	A-	----DSN-
Rom 14:18	ὁ	ὁ	RA	----NSM-
Rom 14:18	γὰρ	γάρ	C-	--------
Rom 14:18	ἐν	ἐν	P-	--------
Rom 14:18	τούτῳ	οὗτος	RD	----DSN-
Rom 14:18	δουλεύων	δουλεύω	V-	-PAPNSM-
Rom 14:18	τῷ	ὁ	RA	----DSM-
Rom 14:18	Χριστῷ	Χριστός	N-	----DSM-
Rom 14:18	εὐάρεστος	εὐάρεστος	A-	----NSM-
Rom 14:18	τῷ	ὁ	RA	----DSM-
Rom 14:18	θεῷ	θεός	N-	----DSM-
Rom 14:18	καὶ	καί	C-	--------
Rom 14:18	δόκιμος	δόκιμος	A-	----NSM-
Rom 14:18	τοῖς	ὁ	RA	----DPM-
Rom 14:18	ἀνθρώποις	ἄνθρωπος	N-	----DPM-
Rom 14:19	ἄρα	ἄρα	C-	--------
Rom 14:19	οὖν	οὖν	C-	--------
Rom 14:19	τὰ	ὁ	RA	----APN-
Rom 14:19	τῆς	ὁ	RA	----GSF-
Rom 14:19	εἰρήνης	εἰρήνη	N-	----GSF-
Rom 14:19	διώκωμεν	διώκω	V-	1PAS-P--
Rom 14:19	καὶ	καί	C-	--------
Rom 14:19	τὰ	ὁ	RA	----APN-
Rom 14:19	τῆς	ὁ	RA	----GSF-
Rom 14:19	οἰκοδομῆς	οἰκοδομή	N-	----GSF-
Rom 14:19	τῆς	ὁ	RA	----GSF-
Rom 14:19	εἰς	εἰς	P-	--------
Rom 14:19	ἀλλήλους	ἀλλήλων	RP	----APM-
Rom 14:20	μὴ	μή	D-	--------
Rom 14:20	ἕνεκεν	ἕνεκεν	P-	--------
Rom 14:20	βρώματος	βρῶμα	N-	----GSN-
Rom 14:20	κατάλυε	καταλύω	V-	2PAD-S--
Rom 14:20	τὸ	ὁ	RA	----ASN-
Rom 14:20	ἔργον	ἔργον	N-	----ASN-
Rom 14:20	τοῦ	ὁ	RA	----GSM-
Rom 14:20	θεοῦ	θεός	N-	----GSM-
Rom 14:20	πάντα	πᾶς	A-	----NPN-
Rom 14:20	μὲν	μέν	C-	--------
Rom 14:20	καθαρά	καθαρός	A-	----NPN-
Rom 14:20	ἀλλὰ	ἀλλά	C-	--------
Rom 14:20	κακὸν	κακός	A-	----ASN-
Rom 14:20	τῷ	ὁ	RA	----DSM-
Rom 14:20	ἀνθρώπῳ	ἄνθρωπος	N-	----DSM-
Rom 14:20	τῷ	ὁ	RA	----DSM-
Rom 14:20	διὰ	διά	P-	--------
Rom 14:20	προσκόμματος	πρόσκομμα	N-	----GSN-
Rom 14:20	ἐσθίοντι	ἐσθίω	V-	-PAPDSM-
Rom 14:21	καλὸν	καλός	A-	----NSN-
Rom 14:21	τὸ	ὁ	RA	----NSN-
Rom 14:21	μὴ	μή	D-	--------
Rom 14:21	φαγεῖν	ἐσθίω	V-	-AAN----
Rom 14:21	κρέα	κρέας	N-	----APN-
Rom 14:21	μηδὲ	μηδέ	C-	--------
Rom 14:21	πιεῖν	πίνω	V-	-AAN----
Rom 14:21	οἶνον	οἶνος	N-	----ASM-
Rom 14:21	μηδὲ	μηδέ	C-	--------
Rom 14:21	ἐν	ἐν	P-	--------
Rom 14:21	ᾧ	ὅς	RR	----DSN-
Rom 14:21	ὁ	ὁ	RA	----NSM-
Rom 14:21	ἀδελφός	ἀδελφός	N-	----NSM-
Rom 14:21	σου	σύ	RP	----GS--
Rom 14:21	προσκόπτει	προσκόπτω	V-	3PAI-S--
Rom 14:21	ἢ	ἤ	C-	--------
Rom 14:21	σκανδαλίζεται	σκανδαλίζω	V-	3PPI-S--
Rom 14:21	ἢ	ἤ	C-	--------
Rom 14:21	ἀσθενεῖ	ἀσθενέω	V-	3PAI-S--
Rom 14:22	σὺ	σύ	RP	----NS--
Rom 14:22	πίστιν	πίστις	N-	----ASF-
Rom 14:22	ἣν	ὅς	RR	----ASF-
Rom 14:22	ἔχεις	ἔχω	V-	2PAI-S--
Rom 14:22	κατὰ	κατά	P-	--------
Rom 14:22	σεαυτὸν	σεαυτοῦ	RP	----ASM-
Rom 14:22	ἔχε	ἔχω	V-	2PAD-S--
Rom 14:22	ἐνώπιον	ἐνώπιον	P-	--------
Rom 14:22	τοῦ	ὁ	RA	----GSM-
Rom 14:22	θεοῦ	θεός	N-	----GSM-
Rom 14:22	μακάριος	μακάριος	A-	----NSM-
Rom 14:22	ὁ	ὁ	RA	----NSM-
Rom 14:22	μὴ	μή	D-	--------
Rom 14:22	κρίνων	κρίνω	V-	-PAPNSM-
Rom 14:22	ἑαυτὸν	ἑαυτοῦ	RP	----ASM-
Rom 14:22	ἐν	ἐν	P-	--------
Rom 14:22	ᾧ	ὅς	RR	----DSN-
Rom 14:22	δοκιμάζει	δοκιμάζω	V-	3PAI-S--
Rom 14:23	ὁ	ὁ	RA	----NSM-
Rom 14:23	δὲ	δέ	C-	--------
Rom 14:23	διακρινόμενος	διακρίνω	V-	-PMPNSM-
Rom 14:23	ἐὰν	ἐάν	C-	--------
Rom 14:23	φάγῃ	ἐσθίω	V-	3AAS-S--
Rom 14:23	κατακέκριται	κατακρίνω	V-	3XPI-S--
Rom 14:23	ὅτι	ὅτι	C-	--------
Rom 14:23	οὐκ	οὐ	D-	--------
Rom 14:23	ἐκ	ἐκ	P-	--------
Rom 14:23	πίστεως	πίστις	N-	----GSF-
Rom 14:23	πᾶν	πᾶς	A-	----NSN-
Rom 14:23	δὲ	δέ	C-	--------
Rom 14:23	ὃ	ὅς	RR	----NSN-
Rom 14:23	οὐκ	οὐ	D-	--------
Rom 14:23	ἐκ	ἐκ	P-	--------
Rom 14:23	πίστεως	πίστις	N-	----GSF-
Rom 14:23	ἁμαρτία	ἁμαρτία	N-	----NSF-
Rom 14:23	ἐστίν	εἰμί	V-	3PAI-S--
Rom 15:1	Ὀφείλομεν	ὀφείλω	V-	1PAI-P--
Rom 15:1	δὲ	δέ	C-	--------
Rom 15:1	ἡμεῖς	ἐγώ	RP	----NP--
Rom 15:1	οἱ	ὁ	RA	----NPM-
Rom 15:1	δυνατοὶ	δυνατός	A-	----NPM-
Rom 15:1	τὰ	ὁ	RA	----APN-
Rom 15:1	ἀσθενήματα	ἀσθένημα	N-	----APN-
Rom 15:1	τῶν	ὁ	RA	----GPM-
Rom 15:1	ἀδυνάτων	ἀδύνατος	A-	----GPM-
Rom 15:1	βαστάζειν	βαστάζω	V-	-PAN----
Rom 15:1	καὶ	καί	C-	--------
Rom 15:1	μὴ	μή	D-	--------
Rom 15:1	ἑαυτοῖς	ἑαυτοῦ	RP	----DPM-
Rom 15:1	ἀρέσκειν	ἀρέσκω	V-	-PAN----
Rom 15:2	ἕκαστος	ἕκαστος	A-	----NSM-
Rom 15:2	ἡμῶν	ἐγώ	RP	----GP--
Rom 15:2	τῷ	ὁ	RA	----DSM-
Rom 15:2	πλησίον	πλησίον	D-	--------
Rom 15:2	ἀρεσκέτω	ἀρέσκω	V-	3PAD-S--
Rom 15:2	εἰς	εἰς	P-	--------
Rom 15:2	τὸ	ὁ	RA	----ASN-
Rom 15:2	ἀγαθὸν	ἀγαθός	A-	----ASN-
Rom 15:2	πρὸς	πρός	P-	--------
Rom 15:2	οἰκοδομήν	οἰκοδομή	N-	----ASF-
Rom 15:3	καὶ	καί	D-	--------
Rom 15:3	γὰρ	γάρ	C-	--------
Rom 15:3	ὁ	ὁ	RA	----NSM-
Rom 15:3	Χριστὸς	Χριστός	N-	----NSM-
Rom 15:3	οὐχ	οὐ	D-	--------
Rom 15:3	ἑαυτῷ	ἑαυτοῦ	RP	----DSM-
Rom 15:3	ἤρεσεν	ἀρέσκω	V-	3AAI-S--
Rom 15:3	ἀλλὰ	ἀλλά	C-	--------
Rom 15:3	καθὼς	καθώς	C-	--------
Rom 15:3	γέγραπται	γράφω	V-	3XPI-S--
Rom 15:3	Οἱ	ὁ	RA	----NPM-
Rom 15:3	ὀνειδισμοὶ	ὀνειδισμός	N-	----NPM-
Rom 15:3	τῶν	ὁ	RA	----GPM-
Rom 15:3	ὀνειδιζόντων	ὀνειδίζω	V-	-PAPGPM-
Rom 15:3	σε	σύ	RP	----AS--
Rom 15:3	ἐπέπεσαν	ἐπιπίπτω	V-	3AAI-P--
Rom 15:3	ἐπ’	ἐπί	P-	--------
Rom 15:3	ἐμέ	ἐγώ	RP	----AS--
Rom 15:4	ὅσα	ὅσος	RR	----NPN-
Rom 15:4	γὰρ	γάρ	C-	--------
Rom 15:4	προεγράφη	προγράφω	V-	3API-S--
Rom 15:4	εἰς	εἰς	P-	--------
Rom 15:4	τὴν	ὁ	RA	----ASF-
Rom 15:4	ἡμετέραν	ἡμέτερος	A-	----ASF-
Rom 15:4	διδασκαλίαν	διδασκαλία	N-	----ASF-
Rom 15:4	ἐγράφη	γράφω	V-	3API-S--
Rom 15:4	ἵνα	ἵνα	C-	--------
Rom 15:4	διὰ	διά	P-	--------
Rom 15:4	τῆς	ὁ	RA	----GSF-
Rom 15:4	ὑπομονῆς	ὑπομονή	N-	----GSF-
Rom 15:4	καὶ	καί	C-	--------
Rom 15:4	διὰ	διά	P-	--------
Rom 15:4	τῆς	ὁ	RA	----GSF-
Rom 15:4	παρακλήσεως	παράκλησις	N-	----GSF-
Rom 15:4	τῶν	ὁ	RA	----GPF-
Rom 15:4	γραφῶν	γραφή	N-	----GPF-
Rom 15:4	τὴν	ὁ	RA	----ASF-
Rom 15:4	ἐλπίδα	ἐλπίς	N-	----ASF-
Rom 15:4	ἔχωμεν	ἔχω	V-	1PAS-P--
Rom 15:5	ὁ	ὁ	RA	----NSM-
Rom 15:5	δὲ	δέ	C-	--------
Rom 15:5	θεὸς	θεός	N-	----NSM-
Rom 15:5	τῆς	ὁ	RA	----GSF-
Rom 15:5	ὑπομονῆς	ὑπομονή	N-	----GSF-
Rom 15:5	καὶ	καί	C-	--------
Rom 15:5	τῆς	ὁ	RA	----GSF-
Rom 15:5	παρακλήσεως	παράκλησις	N-	----GSF-
Rom 15:5	δῴη	δίδωμι	V-	3AAO-S--
Rom 15:5	ὑμῖν	σύ	RP	----DP--
Rom 15:5	τὸ	ὁ	RA	----ASN-
Rom 15:5	αὐτὸ	αὐτός	A-	----ASN-
Rom 15:5	φρονεῖν	φρονέω	V-	-PAN----
Rom 15:5	ἐν	ἐν	P-	--------
Rom 15:5	ἀλλήλοις	ἀλλήλων	RP	----DPM-
Rom 15:5	κατὰ	κατά	P-	--------
Rom 15:5	Χριστὸν	Χριστός	N-	----ASM-
Rom 15:5	Ἰησοῦν	Ἰησοῦς	N-	----ASM-
Rom 15:6	ἵνα	ἵνα	C-	--------
Rom 15:6	ὁμοθυμαδὸν	ὁμοθυμαδόν	D-	--------
Rom 15:6	ἐν	ἐν	P-	--------
Rom 15:6	ἑνὶ	εἷς	A-	----DSN-
Rom 15:6	στόματι	στόμα	N-	----DSN-
Rom 15:6	δοξάζητε	δοξάζω	V-	2PAS-P--
Rom 15:6	τὸν	ὁ	RA	----ASM-
Rom 15:6	θεὸν	θεός	N-	----ASM-
Rom 15:6	καὶ	καί	C-	--------
Rom 15:6	πατέρα	πατήρ	N-	----ASM-
Rom 15:6	τοῦ	ὁ	RA	----GSM-
Rom 15:6	κυρίου	κύριος	N-	----GSM-
Rom 15:6	ἡμῶν	ἐγώ	RP	----GP--
Rom 15:6	Ἰησοῦ	Ἰησοῦς	N-	----GSM-
Rom 15:6	Χριστοῦ	Χριστός	N-	----GSM-
Rom 15:7	Διὸ	διό	C-	--------
Rom 15:7	προσλαμβάνεσθε	προσλαμβάνομαι	V-	2PMD-P--
Rom 15:7	ἀλλήλους	ἀλλήλων	RP	----APM-
Rom 15:7	καθὼς	καθώς	C-	--------
Rom 15:7	καὶ	καί	D-	--------
Rom 15:7	ὁ	ὁ	RA	----NSM-
Rom 15:7	Χριστὸς	Χριστός	N-	----NSM-
Rom 15:7	προσελάβετο	προσλαμβάνομαι	V-	3AMI-S--
Rom 15:7	ὑμᾶς	σύ	RP	----AP--
Rom 15:7	εἰς	εἰς	P-	--------
Rom 15:7	δόξαν	δόξα	N-	----ASF-
Rom 15:7	τοῦ	ὁ	RA	----GSM-
Rom 15:7	θεοῦ	θεός	N-	----GSM-
Rom 15:8	λέγω	λέγω	V-	1PAI-S--
Rom 15:8	γὰρ	γάρ	C-	--------
Rom 15:8	Χριστὸν	Χριστός	N-	----ASM-
Rom 15:8	διάκονον	διάκονος	N-	----ASM-
Rom 15:8	γεγενῆσθαι	γίνομαι	V-	-XPN----
Rom 15:8	περιτομῆς	περιτομή	N-	----GSF-
Rom 15:8	ὑπὲρ	ὑπέρ	P-	--------
Rom 15:8	ἀληθείας	ἀλήθεια	N-	----GSF-
Rom 15:8	θεοῦ	θεός	N-	----GSM-
Rom 15:8	εἰς	εἰς	P-	--------
Rom 15:8	τὸ	ὁ	RA	----ASN-
Rom 15:8	βεβαιῶσαι	βεβαιόω	V-	-AAN----
Rom 15:8	τὰς	ὁ	RA	----APF-
Rom 15:8	ἐπαγγελίας	ἐπαγγελία	N-	----APF-
Rom 15:8	τῶν	ὁ	RA	----GPM-
Rom 15:8	πατέρων	πατήρ	N-	----GPM-
Rom 15:9	τὰ	ὁ	RA	----APN-
Rom 15:9	δὲ	δέ	C-	--------
Rom 15:9	ἔθνη	ἔθνος	N-	----APN-
Rom 15:9	ὑπὲρ	ὑπέρ	P-	--------
Rom 15:9	ἐλέους	ἔλεος	N-	----GSN-
Rom 15:9	δοξάσαι	δοξάζω	V-	-AAN----
Rom 15:9	τὸν	ὁ	RA	----ASM-
Rom 15:9	θεόν	θεός	N-	----ASM-
Rom 15:9	καθὼς	καθώς	C-	--------
Rom 15:9	γέγραπται	γράφω	V-	3XPI-S--
Rom 15:9	Διὰ	διά	P-	--------
Rom 15:9	τοῦτο	οὗτος	RD	----ASN-
Rom 15:9	ἐξομολογήσομαί	ἐξομολογέω	V-	1FMI-S--
Rom 15:9	σοι	σύ	RP	----DS--
Rom 15:9	ἐν	ἐν	P-	--------
Rom 15:9	ἔθνεσι	ἔθνος	N-	----DPN-
Rom 15:9	καὶ	καί	C-	--------
Rom 15:9	τῷ	ὁ	RA	----DSN-
Rom 15:9	ὀνόματί	ὄνομα	N-	----DSN-
Rom 15:9	σου	σύ	RP	----GS--
Rom 15:9	ψαλῶ	ψάλλω	V-	1FAI-S--
Rom 15:10	καὶ	καί	C-	--------
Rom 15:10	πάλιν	πάλιν	D-	--------
Rom 15:10	λέγει	λέγω	V-	3PAI-S--
Rom 15:10	Εὐφράνθητε	εὐφραίνω	V-	2APD-P--
Rom 15:10	ἔθνη	ἔθνος	N-	----VPN-
Rom 15:10	μετὰ	μετά	P-	--------
Rom 15:10	τοῦ	ὁ	RA	----GSM-
Rom 15:10	λαοῦ	λαός	N-	----GSM-
Rom 15:10	αὐτοῦ	αὐτός	RP	----GSM-
Rom 15:11	καὶ	καί	C-	--------
Rom 15:11	πάλιν	πάλιν	D-	--------
Rom 15:11	Αἰνεῖτε	αἰνέω	V-	2PAD-P--
Rom 15:11	πάντα	πᾶς	A-	----NPN-
Rom 15:11	τὰ	ὁ	RA	----NPN-
Rom 15:11	ἔθνη	ἔθνος	N-	----NPN-
Rom 15:11	τὸν	ὁ	RA	----ASM-
Rom 15:11	κύριον	κύριος	N-	----ASM-
Rom 15:11	καὶ	καί	C-	--------
Rom 15:11	ἐπαινεσάτωσαν	ἐπαινέω	V-	3AAD-P--
Rom 15:11	αὐτὸν	αὐτός	RP	----ASM-
Rom 15:11	πάντες	πᾶς	A-	----NPM-
Rom 15:11	οἱ	ὁ	RA	----NPM-
Rom 15:11	λαοί	λαός	N-	----NPM-
Rom 15:12	καὶ	καί	C-	--------
Rom 15:12	πάλιν	πάλιν	D-	--------
Rom 15:12	Ἠσαΐας	Ἠσαΐας	N-	----NSM-
Rom 15:12	λέγει	λέγω	V-	3PAI-S--
Rom 15:12	Ἔσται	εἰμί	V-	3FMI-S--
Rom 15:12	ἡ	ὁ	RA	----NSF-
Rom 15:12	ῥίζα	ῥίζα	N-	----NSF-
Rom 15:12	τοῦ	ὁ	RA	----GSM-
Rom 15:12	Ἰεσσαί	Ἰεσσαί	N-	----GSM-
Rom 15:12	καὶ	καί	C-	--------
Rom 15:12	ὁ	ὁ	RA	----NSM-
Rom 15:12	ἀνιστάμενος	ἀνίστημι	V-	-PMPNSM-
Rom 15:12	ἄρχειν	ἄρχω	V-	-PAN----
Rom 15:12	ἐθνῶν	ἔθνος	N-	----GPN-
Rom 15:12	ἐπ’	ἐπί	P-	--------
Rom 15:12	αὐτῷ	αὐτός	RP	----DSM-
Rom 15:12	ἔθνη	ἔθνος	N-	----NPN-
Rom 15:12	ἐλπιοῦσιν	ἐλπίζω	V-	3FAI-P--
Rom 15:13	ὁ	ὁ	RA	----NSM-
Rom 15:13	δὲ	δέ	C-	--------
Rom 15:13	θεὸς	θεός	N-	----NSM-
Rom 15:13	τῆς	ὁ	RA	----GSF-
Rom 15:13	ἐλπίδος	ἐλπίς	N-	----GSF-
Rom 15:13	πληρώσαι	πληρόω	V-	3AAO-S--
Rom 15:13	ὑμᾶς	σύ	RP	----AP--
Rom 15:13	πάσης	πᾶς	A-	----GSF-
Rom 15:13	χαρᾶς	χαρά	N-	----GSF-
Rom 15:13	καὶ	καί	C-	--------
Rom 15:13	εἰρήνης	εἰρήνη	N-	----GSF-
Rom 15:13	ἐν	ἐν	P-	--------
Rom 15:13	τῷ	ὁ	RA	----DSN-
Rom 15:13	πιστεύειν	πιστεύω	V-	-PAN----
Rom 15:13	εἰς	εἰς	P-	--------
Rom 15:13	τὸ	ὁ	RA	----ASN-
Rom 15:13	περισσεύειν	περισσεύω	V-	-PAN----
Rom 15:13	ὑμᾶς	σύ	RP	----AP--
Rom 15:13	ἐν	ἐν	P-	--------
Rom 15:13	τῇ	ὁ	RA	----DSF-
Rom 15:13	ἐλπίδι	ἐλπίς	N-	----DSF-
Rom 15:13	ἐν	ἐν	P-	--------
Rom 15:13	δυνάμει	δύναμις	N-	----DSF-
Rom 15:13	πνεύματος	πνεῦμα	N-	----GSN-
Rom 15:13	ἁγίου	ἅγιος	A-	----GSN-
Rom 15:14	Πέπεισμαι	πείθω	V-	1XPI-S--
Rom 15:14	δέ	δέ	C-	--------
Rom 15:14	ἀδελφοί	ἀδελφός	N-	----VPM-
Rom 15:14	μου	ἐγώ	RP	----GS--
Rom 15:14	καὶ	καί	D-	--------
Rom 15:14	αὐτὸς	αὐτός	RP	----NSM-
Rom 15:14	ἐγὼ	ἐγώ	RP	----NS--
Rom 15:14	περὶ	περί	P-	--------
Rom 15:14	ὑμῶν	σύ	RP	----GP--
Rom 15:14	ὅτι	ὅτι	C-	--------
Rom 15:14	καὶ	καί	D-	--------
Rom 15:14	αὐτοὶ	αὐτός	RP	----NPM-
Rom 15:14	μεστοί	μεστός	A-	----NPM-
Rom 15:14	ἐστε	εἰμί	V-	2PAI-P--
Rom 15:14	ἀγαθωσύνης	ἀγαθωσύνη	N-	----GSF-
Rom 15:14	πεπληρωμένοι	πληρόω	V-	-XPPNPM-
Rom 15:14	πάσης	πᾶς	A-	----GSF-
Rom 15:14	γνώσεως	γνῶσις	N-	----GSF-
Rom 15:14	δυνάμενοι	δύναμαι	V-	-PMPNPM-
Rom 15:14	καὶ	καί	D-	--------
Rom 15:14	ἀλλήλους	ἀλλήλων	RP	----APM-
Rom 15:14	νουθετεῖν	νουθετέω	V-	-PAN----
Rom 15:15	τολμηρότερον	τολμηρότερον	D-	--------
Rom 15:15	δὲ	δέ	C-	--------
Rom 15:15	ἔγραψα	γράφω	V-	1AAI-S--
Rom 15:15	ὑμῖν	σύ	RP	----DP--
Rom 15:15	ἀπὸ	ἀπό	P-	--------
Rom 15:15	μέρους	μέρος	N-	----GSN-
Rom 15:15	ὡς	ὡς	C-	--------
Rom 15:15	ἐπαναμιμνῄσκων	ἐπαναμιμνῄσκω	V-	-PAPNSM-
Rom 15:15	ὑμᾶς	σύ	RP	----AP--
Rom 15:15	διὰ	διά	P-	--------
Rom 15:15	τὴν	ὁ	RA	----ASF-
Rom 15:15	χάριν	χάρις	N-	----ASF-
Rom 15:15	τὴν	ὁ	RA	----ASF-
Rom 15:15	δοθεῖσάν	δίδωμι	V-	-APPASF-
Rom 15:15	μοι	ἐγώ	RP	----DS--
Rom 15:15	ὑπὸ	ὑπό	P-	--------
Rom 15:15	τοῦ	ὁ	RA	----GSM-
Rom 15:15	θεοῦ	θεός	N-	----GSM-
Rom 15:16	εἰς	εἰς	P-	--------
Rom 15:16	τὸ	ὁ	RA	----ASN-
Rom 15:16	εἶναί	εἰμί	V-	-PAN----
Rom 15:16	με	ἐγώ	RP	----AS--
Rom 15:16	λειτουργὸν	λειτουργός	N-	----ASM-
Rom 15:16	Χριστοῦ	Χριστός	N-	----GSM-
Rom 15:16	Ἰησοῦ	Ἰησοῦς	N-	----GSM-
Rom 15:16	εἰς	εἰς	P-	--------
Rom 15:16	τὰ	ὁ	RA	----APN-
Rom 15:16	ἔθνη	ἔθνος	N-	----APN-
Rom 15:16	ἱερουργοῦντα	ἱερουργέω	V-	-PAPASM-
Rom 15:16	τὸ	ὁ	RA	----ASN-
Rom 15:16	εὐαγγέλιον	εὐαγγέλιον	N-	----ASN-
Rom 15:16	τοῦ	ὁ	RA	----GSM-
Rom 15:16	θεοῦ	θεός	N-	----GSM-
Rom 15:16	ἵνα	ἵνα	C-	--------
Rom 15:16	γένηται	γίνομαι	V-	3AMS-S--
Rom 15:16	ἡ	ὁ	RA	----NSF-
Rom 15:16	προσφορὰ	προσφορά	N-	----NSF-
Rom 15:16	τῶν	ὁ	RA	----GPN-
Rom 15:16	ἐθνῶν	ἔθνος	N-	----GPN-
Rom 15:16	εὐπρόσδεκτος	εὐπρόσδεκτος	A-	----NSF-
Rom 15:16	ἡγιασμένη	ἁγιάζω	V-	-XPPNSF-
Rom 15:16	ἐν	ἐν	P-	--------
Rom 15:16	πνεύματι	πνεῦμα	N-	----DSN-
Rom 15:16	ἁγίῳ	ἅγιος	A-	----DSN-
Rom 15:17	ἔχω	ἔχω	V-	1PAI-S--
Rom 15:17	οὖν	οὖν	C-	--------
Rom 15:17	τὴν	ὁ	RA	----ASF-
Rom 15:17	καύχησιν	καύχησις	N-	----ASF-
Rom 15:17	ἐν	ἐν	P-	--------
Rom 15:17	Χριστῷ	Χριστός	N-	----DSM-
Rom 15:17	Ἰησοῦ	Ἰησοῦς	N-	----DSM-
Rom 15:17	τὰ	ὁ	RA	----APN-
Rom 15:17	πρὸς	πρός	P-	--------
Rom 15:17	τὸν	ὁ	RA	----ASM-
Rom 15:17	θεόν	θεός	N-	----ASM-
Rom 15:18	οὐ	οὐ	D-	--------
Rom 15:18	γὰρ	γάρ	C-	--------
Rom 15:18	τολμήσω	τολμάω	V-	1FAI-S--
Rom 15:18	τι	τις	RI	----ASN-
Rom 15:18	λαλεῖν	λαλέω	V-	-PAN----
Rom 15:18	ὧν	ὅς	RR	----GPN-
Rom 15:18	οὐ	οὐ	D-	--------
Rom 15:18	κατειργάσατο	κατεργάζομαι	V-	3AMI-S--
Rom 15:18	Χριστὸς	Χριστός	N-	----NSM-
Rom 15:18	δι’	διά	P-	--------
Rom 15:18	ἐμοῦ	ἐγώ	RP	----GS--
Rom 15:18	εἰς	εἰς	P-	--------
Rom 15:18	ὑπακοὴν	ὑπακοή	N-	----ASF-
Rom 15:18	ἐθνῶν	ἔθνος	N-	----GPN-
Rom 15:18	λόγῳ	λόγος	N-	----DSM-
Rom 15:18	καὶ	καί	C-	--------
Rom 15:18	ἔργῳ	ἔργον	N-	----DSN-
Rom 15:19	ἐν	ἐν	P-	--------
Rom 15:19	δυνάμει	δύναμις	N-	----DSF-
Rom 15:19	σημείων	σημεῖον	N-	----GPN-
Rom 15:19	καὶ	καί	C-	--------
Rom 15:19	τεράτων	τέρας	N-	----GPN-
Rom 15:19	ἐν	ἐν	P-	--------
Rom 15:19	δυνάμει	δύναμις	N-	----DSF-
Rom 15:19	πνεύματος	πνεῦμα	N-	----GSN-
Rom 15:19	ὥστε	ὥστε	C-	--------
Rom 15:19	με	ἐγώ	RP	----AS--
Rom 15:19	ἀπὸ	ἀπό	P-	--------
Rom 15:19	Ἰερουσαλὴμ	Ἰερουσαλήμ	N-	----GSF-
Rom 15:19	καὶ	καί	C-	--------
Rom 15:19	κύκλῳ	κύκλῳ	D-	--------
Rom 15:19	μέχρι	μέχρι(ς)	P-	--------
Rom 15:19	τοῦ	ὁ	RA	----GSN-
Rom 15:19	Ἰλλυρικοῦ	Ἰλλυρικόν	N-	----GSN-
Rom 15:19	πεπληρωκέναι	πληρόω	V-	-XAN----
Rom 15:19	τὸ	ὁ	RA	----ASN-
Rom 15:19	εὐαγγέλιον	εὐαγγέλιον	N-	----ASN-
Rom 15:19	τοῦ	ὁ	RA	----GSM-
Rom 15:19	Χριστοῦ	Χριστός	N-	----GSM-
Rom 15:20	οὕτως	οὕτω(ς)	D-	--------
Rom 15:20	δὲ	δέ	C-	--------
Rom 15:20	φιλοτιμούμενον	φιλοτιμέομαι	V-	-PMPASM-
Rom 15:20	εὐαγγελίζεσθαι	εὐαγγελίζω	V-	-PMN----
Rom 15:20	οὐχ	οὐ	D-	--------
Rom 15:20	ὅπου	ὅπου	C-	--------
Rom 15:20	ὠνομάσθη	ὀνομάζω	V-	3API-S--
Rom 15:20	Χριστός	Χριστός	N-	----NSM-
Rom 15:20	ἵνα	ἵνα	C-	--------
Rom 15:20	μὴ	μή	D-	--------
Rom 15:20	ἐπ’	ἐπί	P-	--------
Rom 15:20	ἀλλότριον	ἀλλότριος	A-	----ASM-
Rom 15:20	θεμέλιον	θεμέλιος	N-	----ASM-
Rom 15:20	οἰκοδομῶ	οἰκοδομέω	V-	1PAS-S--
Rom 15:21	ἀλλὰ	ἀλλά	C-	--------
Rom 15:21	καθὼς	καθώς	C-	--------
Rom 15:21	γέγραπται	γράφω	V-	3XPI-S--
Rom 15:21	Οἷς	ὅς	RR	----DPM-
Rom 15:21	οὐκ	οὐ	D-	--------
Rom 15:21	ἀνηγγέλη	ἀναγγέλλω	V-	3API-S--
Rom 15:21	περὶ	περί	P-	--------
Rom 15:21	αὐτοῦ	αὐτός	RP	----GSM-
Rom 15:21	ὄψονται	ὁράω	V-	3FMI-P--
Rom 15:21	καὶ	καί	C-	--------
Rom 15:21	οἳ	ὅς	RR	----NPM-
Rom 15:21	οὐκ	οὐ	D-	--------
Rom 15:21	ἀκηκόασιν	ἀκούω	V-	3XAI-P--
Rom 15:21	συνήσουσιν	συνίημι	V-	3FAI-P--
Rom 15:22	Διὸ	διό	C-	--------
Rom 15:22	καὶ	καί	D-	--------
Rom 15:22	ἐνεκοπτόμην	ἐγκόπτω	V-	1IPI-S--
Rom 15:22	τὰ	ὁ	RA	----APN-
Rom 15:22	πολλὰ	πολύς	A-	----APN-
Rom 15:22	τοῦ	ὁ	RA	----GSN-
Rom 15:22	ἐλθεῖν	ἔρχομαι	V-	-AAN----
Rom 15:22	πρὸς	πρός	P-	--------
Rom 15:22	ὑμᾶς	σύ	RP	----AP--
Rom 15:23	νυνὶ	νυνί	D-	--------
Rom 15:23	δὲ	δέ	C-	--------
Rom 15:23	μηκέτι	μηκέτι	D-	--------
Rom 15:23	τόπον	τόπος	N-	----ASM-
Rom 15:23	ἔχων	ἔχω	V-	-PAPNSM-
Rom 15:23	ἐν	ἐν	P-	--------
Rom 15:23	τοῖς	ὁ	RA	----DPN-
Rom 15:23	κλίμασι	κλίμα	N-	----DPN-
Rom 15:23	τούτοις	οὗτος	RD	----DPN-
Rom 15:23	ἐπιποθίαν	ἐπιποθία	N-	----ASF-
Rom 15:23	δὲ	δέ	C-	--------
Rom 15:23	ἔχων	ἔχω	V-	-PAPNSM-
Rom 15:23	τοῦ	ὁ	RA	----GSN-
Rom 15:23	ἐλθεῖν	ἔρχομαι	V-	-AAN----
Rom 15:23	πρὸς	πρός	P-	--------
Rom 15:23	ὑμᾶς	σύ	RP	----AP--
Rom 15:23	ἀπὸ	ἀπό	P-	--------
Rom 15:23	ἱκανῶν	ἱκανός	A-	----GPM-
Rom 15:23	ἐτῶν	ἔτος	N-	----GPN-
Rom 15:24	ὡς	ὡς	C-	--------
Rom 15:24	ἂν	ἄν	X-	--------
Rom 15:24	πορεύωμαι	πορεύομαι	V-	1PMS-S--
Rom 15:24	εἰς	εἰς	P-	--------
Rom 15:24	τὴν	ὁ	RA	----ASF-
Rom 15:24	Σπανίαν	Σπανία	N-	----ASF-
Rom 15:24	ἐλπίζω	ἐλπίζω	V-	1PAI-S--
Rom 15:24	γὰρ	γάρ	C-	--------
Rom 15:24	διαπορευόμενος	διαπορεύομαι	V-	-PMPNSM-
Rom 15:24	θεάσασθαι	θεάομαι	V-	-AMN----
Rom 15:24	ὑμᾶς	σύ	RP	----AP--
Rom 15:24	καὶ	καί	C-	--------
Rom 15:24	ὑφ’	ὑπό	P-	--------
Rom 15:24	ὑμῶν	σύ	RP	----GP--
Rom 15:24	προπεμφθῆναι	προπέμπω	V-	-APN----
Rom 15:24	ἐκεῖ	ἐκεῖ	D-	--------
Rom 15:24	ἐὰν	ἐάν	C-	--------
Rom 15:24	ὑμῶν	σύ	RP	----GP--
Rom 15:24	πρῶτον	πρῶτος	A-	----ASN-
Rom 15:24	ἀπὸ	ἀπό	P-	--------
Rom 15:24	μέρους	μέρος	N-	----GSN-
Rom 15:24	ἐμπλησθῶ	ἐμπίμπλημι	V-	1APS-S--
Rom 15:25	νυνὶ	νυνί	D-	--------
Rom 15:25	δὲ	δέ	C-	--------
Rom 15:25	πορεύομαι	πορεύομαι	V-	1PMI-S--
Rom 15:25	εἰς	εἰς	P-	--------
Rom 15:25	Ἰερουσαλὴμ	Ἰερουσαλήμ	N-	----ASF-
Rom 15:25	διακονῶν	διακονέω	V-	-PAPNSM-
Rom 15:25	τοῖς	ὁ	RA	----DPM-
Rom 15:25	ἁγίοις	ἅγιος	A-	----DPM-
Rom 15:26	εὐδόκησαν	εὐδοκέω	V-	3AAI-P--
Rom 15:26	γὰρ	γάρ	C-	--------
Rom 15:26	Μακεδονία	Μακεδονία	N-	----NSF-
Rom 15:26	καὶ	καί	C-	--------
Rom 15:26	Ἀχαΐα	Ἀχαΐα	N-	----NSF-
Rom 15:26	κοινωνίαν	κοινωνία	N-	----ASF-
Rom 15:26	τινὰ	τις	RI	----ASF-
Rom 15:26	ποιήσασθαι	ποιέω	V-	-AMN----
Rom 15:26	εἰς	εἰς	P-	--------
Rom 15:26	τοὺς	ὁ	RA	----APM-
Rom 15:26	πτωχοὺς	πτωχός	A-	----APM-
Rom 15:26	τῶν	ὁ	RA	----GPM-
Rom 15:26	ἁγίων	ἅγιος	A-	----GPM-
Rom 15:26	τῶν	ὁ	RA	----GPM-
Rom 15:26	ἐν	ἐν	P-	--------
Rom 15:26	Ἰερουσαλήμ	Ἰερουσαλήμ	N-	----DSF-
Rom 15:27	εὐδόκησαν	εὐδοκέω	V-	3AAI-P--
Rom 15:27	γάρ	γάρ	C-	--------
Rom 15:27	καὶ	καί	C-	--------
Rom 15:27	ὀφειλέται	ὀφειλέτης	N-	----NPM-
Rom 15:27	εἰσὶν	εἰμί	V-	3PAI-P--
Rom 15:27	αὐτῶν	αὐτός	RP	----GPM-
Rom 15:27	εἰ	εἰ	C-	--------
Rom 15:27	γὰρ	γάρ	C-	--------
Rom 15:27	τοῖς	ὁ	RA	----DPN-
Rom 15:27	πνευματικοῖς	πνευματικός	A-	----DPN-
Rom 15:27	αὐτῶν	αὐτός	RP	----GPM-
Rom 15:27	ἐκοινώνησαν	κοινωνέω	V-	3AAI-P--
Rom 15:27	τὰ	ὁ	RA	----NPN-
Rom 15:27	ἔθνη	ἔθνος	N-	----NPN-
Rom 15:27	ὀφείλουσιν	ὀφείλω	V-	3PAI-P--
Rom 15:27	καὶ	καί	D-	--------
Rom 15:27	ἐν	ἐν	P-	--------
Rom 15:27	τοῖς	ὁ	RA	----DPN-
Rom 15:27	σαρκικοῖς	σαρκικός	A-	----DPN-
Rom 15:27	λειτουργῆσαι	λειτουργέω	V-	-AAN----
Rom 15:27	αὐτοῖς	αὐτός	RP	----DPM-
Rom 15:28	τοῦτο	οὗτος	RD	----ASN-
Rom 15:28	οὖν	οὖν	C-	--------
Rom 15:28	ἐπιτελέσας	ἐπιτελέω	V-	-AAPNSM-
Rom 15:28	καὶ	καί	C-	--------
Rom 15:28	σφραγισάμενος	σφραγίζω	V-	-AMPNSM-
Rom 15:28	αὐτοῖς	αὐτός	RP	----DPM-
Rom 15:28	τὸν	ὁ	RA	----ASM-
Rom 15:28	καρπὸν	καρπός	N-	----ASM-
Rom 15:28	τοῦτον	οὗτος	RD	----ASM-
Rom 15:28	ἀπελεύσομαι	ἀπέρχομαι	V-	1FMI-S--
Rom 15:28	δι’	διά	P-	--------
Rom 15:28	ὑμῶν	σύ	RP	----GP--
Rom 15:28	εἰς	εἰς	P-	--------
Rom 15:28	Σπανίαν	Σπανία	N-	----ASF-
Rom 15:29	οἶδα	οἶδα	V-	1XAI-S--
Rom 15:29	δὲ	δέ	C-	--------
Rom 15:29	ὅτι	ὅτι	C-	--------
Rom 15:29	ἐρχόμενος	ἔρχομαι	V-	-PMPNSM-
Rom 15:29	πρὸς	πρός	P-	--------
Rom 15:29	ὑμᾶς	σύ	RP	----AP--
Rom 15:29	ἐν	ἐν	P-	--------
Rom 15:29	πληρώματι	πλήρωμα	N-	----DSN-
Rom 15:29	εὐλογίας	εὐλογία	N-	----GSF-
Rom 15:29	Χριστοῦ	Χριστός	N-	----GSM-
Rom 15:29	ἐλεύσομαι	ἔρχομαι	V-	1FMI-S--
Rom 15:30	Παρακαλῶ	παρακαλέω	V-	1PAI-S--
Rom 15:30	δὲ	δέ	C-	--------
Rom 15:30	ὑμᾶς	σύ	RP	----AP--
Rom 15:30	ἀδελφοί	ἀδελφός	N-	----VPM-
Rom 15:30	διὰ	διά	P-	--------
Rom 15:30	τοῦ	ὁ	RA	----GSM-
Rom 15:30	κυρίου	κύριος	N-	----GSM-
Rom 15:30	ἡμῶν	ἐγώ	RP	----GP--
Rom 15:30	Ἰησοῦ	Ἰησοῦς	N-	----GSM-
Rom 15:30	Χριστοῦ	Χριστός	N-	----GSM-
Rom 15:30	καὶ	καί	C-	--------
Rom 15:30	διὰ	διά	P-	--------
Rom 15:30	τῆς	ὁ	RA	----GSF-
Rom 15:30	ἀγάπης	ἀγάπη	N-	----GSF-
Rom 15:30	τοῦ	ὁ	RA	----GSN-
Rom 15:30	πνεύματος	πνεῦμα	N-	----GSN-
Rom 15:30	συναγωνίσασθαί	συναγωνίζομαι	V-	-AMN----
Rom 15:30	μοι	ἐγώ	RP	----DS--
Rom 15:30	ἐν	ἐν	P-	--------
Rom 15:30	ταῖς	ὁ	RA	----DPF-
Rom 15:30	προσευχαῖς	προσευχή	N-	----DPF-
Rom 15:30	ὑπὲρ	ὑπέρ	P-	--------
Rom 15:30	ἐμοῦ	ἐγώ	RP	----GS--
Rom 15:30	πρὸς	πρός	P-	--------
Rom 15:30	τὸν	ὁ	RA	----ASM-
Rom 15:30	θεόν	θεός	N-	----ASM-
Rom 15:31	ἵνα	ἵνα	D-	--------
Rom 15:31	ῥυσθῶ	ῥύομαι	V-	1APS-S--
Rom 15:31	ἀπὸ	ἀπό	P-	--------
Rom 15:31	τῶν	ὁ	RA	----GPM-
Rom 15:31	ἀπειθούντων	ἀπειθέω	V-	-PAPGPM-
Rom 15:31	ἐν	ἐν	P-	--------
Rom 15:31	τῇ	ὁ	RA	----DSF-
Rom 15:31	Ἰουδαίᾳ	Ἰουδαία	N-	----DSF-
Rom 15:31	καὶ	καί	C-	--------
Rom 15:31	ἡ	ὁ	RA	----NSF-
Rom 15:31	διακονία	διακονία	N-	----NSF-
Rom 15:31	μου	ἐγώ	RP	----GS--
Rom 15:31	ἡ	ὁ	RA	----NSF-
Rom 15:31	εἰς	εἰς	P-	--------
Rom 15:31	Ἰερουσαλὴμ	Ἰερουσαλήμ	N-	----ASF-
Rom 15:31	εὐπρόσδεκτος	εὐπρόσδεκτος	A-	----NSF-
Rom 15:31	τοῖς	ὁ	RA	----DPM-
Rom 15:31	ἁγίοις	ἅγιος	A-	----DPM-
Rom 15:31	γένηται	γίνομαι	V-	3AMS-S--
Rom 15:32	ἵνα	ἵνα	C-	--------
Rom 15:32	ἐν	ἐν	P-	--------
Rom 15:32	χαρᾷ	χαρά	N-	----DSF-
Rom 15:32	ἐλθὼν	ἔρχομαι	V-	-AAPNSM-
Rom 15:32	πρὸς	πρός	P-	--------
Rom 15:32	ὑμᾶς	σύ	RP	----AP--
Rom 15:32	διὰ	διά	P-	--------
Rom 15:32	θελήματος	θέλημα	N-	----GSN-
Rom 15:32	θεοῦ	θεός	N-	----GSM-
Rom 15:32	συναναπαύσωμαι	συναναπαύομαι	V-	1AMS-S--
Rom 15:32	ὑμῖν	σύ	RP	----DP--
Rom 15:33	ὁ	ὁ	RA	----NSM-
Rom 15:33	δὲ	δέ	C-	--------
Rom 15:33	θεὸς	θεός	N-	----NSM-
Rom 15:33	τῆς	ὁ	RA	----GSF-
Rom 15:33	εἰρήνης	εἰρήνη	N-	----GSF-
Rom 15:33	μετὰ	μετά	P-	--------
Rom 15:33	πάντων	πᾶς	A-	----GPM-
Rom 15:33	ὑμῶν	σύ	RP	----GP--
Rom 15:33	ἀμήν	ἀμήν	X-	--------
Rom 16:1	Συνίστημι	συνίστημι	V-	1PAI-S--
Rom 16:1	δὲ	δέ	C-	--------
Rom 16:1	ὑμῖν	σύ	RP	----DP--
Rom 16:1	Φοίβην	Φοίβη	N-	----ASF-
Rom 16:1	τὴν	ὁ	RA	----ASF-
Rom 16:1	ἀδελφὴν	ἀδελφή	N-	----ASF-
Rom 16:1	ἡμῶν	ἐγώ	RP	----GP--
Rom 16:1	οὖσαν	εἰμί	V-	-PAPASF-
Rom 16:1	καὶ	καί	D-	--------
Rom 16:1	διάκονον	διάκονος	N-	----ASF-
Rom 16:1	τῆς	ὁ	RA	----GSF-
Rom 16:1	ἐκκλησίας	ἐκκλησία	N-	----GSF-
Rom 16:1	τῆς	ὁ	RA	----GSF-
Rom 16:1	ἐν	ἐν	P-	--------
Rom 16:1	Κεγχρεαῖς	Κεγχρεαί	N-	----DPF-
Rom 16:2	ἵνα	ἵνα	C-	--------
Rom 16:2	αὐτὴν	αὐτός	RP	----ASF-
Rom 16:2	προσδέξησθε	προσδέχομαι	V-	2AMS-P--
Rom 16:2	ἐν	ἐν	P-	--------
Rom 16:2	κυρίῳ	κύριος	N-	----DSM-
Rom 16:2	ἀξίως	ἀξίως	D-	--------
Rom 16:2	τῶν	ὁ	RA	----GPM-
Rom 16:2	ἁγίων	ἅγιος	A-	----GPM-
Rom 16:2	καὶ	καί	C-	--------
Rom 16:2	παραστῆτε	παρίστημι	V-	2AAS-P--
Rom 16:2	αὐτῇ	αὐτός	RP	----DSF-
Rom 16:2	ἐν	ἐν	P-	--------
Rom 16:2	ᾧ	ὅς	RR	----DSN-
Rom 16:2	ἂν	ἄν	X-	--------
Rom 16:2	ὑμῶν	σύ	RP	----GP--
Rom 16:2	χρῄζῃ	χρῄζω	V-	3PAS-S--
Rom 16:2	πράγματι	πρᾶγμα	N-	----DSN-
Rom 16:2	καὶ	καί	D-	--------
Rom 16:2	γὰρ	γάρ	C-	--------
Rom 16:2	αὐτὴ	αὐτός	RP	----NSF-
Rom 16:2	προστάτις	προστάτις	N-	----NSF-
Rom 16:2	πολλῶν	πολύς	A-	----GPM-
Rom 16:2	ἐγενήθη	γίνομαι	V-	3API-S--
Rom 16:2	καὶ	καί	C-	--------
Rom 16:2	ἐμοῦ	ἐγώ	RP	----GS--
Rom 16:2	αὐτοῦ	αὐτός	RP	----GSM-
Rom 16:3	Ἀσπάσασθε	ἀσπάζομαι	V-	2AMD-P--
Rom 16:3	Πρίσκαν	Πρίσκα	N-	----ASF-
Rom 16:3	καὶ	καί	C-	--------
Rom 16:3	Ἀκύλαν	Ἀκύλας	N-	----ASM-
Rom 16:3	τοὺς	ὁ	RA	----APM-
Rom 16:3	συνεργούς	συνεργός	A-	----APM-
Rom 16:3	μου	ἐγώ	RP	----GS--
Rom 16:3	ἐν	ἐν	P-	--------
Rom 16:3	Χριστῷ	Χριστός	N-	----DSM-
Rom 16:3	Ἰησοῦ	Ἰησοῦς	N-	----DSM-
Rom 16:4	οἵτινες	ὅστις	RR	----NPM-
Rom 16:4	ὑπὲρ	ὑπέρ	P-	--------
Rom 16:4	τῆς	ὁ	RA	----GSF-
Rom 16:4	ψυχῆς	ψυχή	N-	----GSF-
Rom 16:4	μου	ἐγώ	RP	----GS--
Rom 16:4	τὸν	ὁ	RA	----ASM-
Rom 16:4	ἑαυτῶν	ἑαυτοῦ	RP	----GPM-
Rom 16:4	τράχηλον	τράχηλος	N-	----ASM-
Rom 16:4	ὑπέθηκαν	ὑποτίθημι	V-	3AAI-P--
Rom 16:4	οἷς	ὅς	RR	----DPM-
Rom 16:4	οὐκ	οὐ	D-	--------
Rom 16:4	ἐγὼ	ἐγώ	RP	----NS--
Rom 16:4	μόνος	μόνος	A-	----NSM-
Rom 16:4	εὐχαριστῶ	εὐχαριστέω	V-	1PAI-S--
Rom 16:4	ἀλλὰ	ἀλλά	C-	--------
Rom 16:4	καὶ	καί	D-	--------
Rom 16:4	πᾶσαι	πᾶς	A-	----NPF-
Rom 16:4	αἱ	ὁ	RA	----NPF-
Rom 16:4	ἐκκλησίαι	ἐκκλησία	N-	----NPF-
Rom 16:4	τῶν	ὁ	RA	----GPN-
Rom 16:4	ἐθνῶν	ἔθνος	N-	----GPN-
Rom 16:5	καὶ	καί	C-	--------
Rom 16:5	τὴν	ὁ	RA	----ASF-
Rom 16:5	κατ’	κατά	P-	--------
Rom 16:5	οἶκον	οἶκος	N-	----ASM-
Rom 16:5	αὐτῶν	αὐτός	RP	----GPM-
Rom 16:5	ἐκκλησίαν	ἐκκλησία	N-	----ASF-
Rom 16:5	ἀσπάσασθε	ἀσπάζομαι	V-	2AMD-P--
Rom 16:5	Ἐπαίνετον	Ἐπαίνετος	N-	----ASM-
Rom 16:5	τὸν	ὁ	RA	----ASM-
Rom 16:5	ἀγαπητόν	ἀγαπητός	A-	----ASM-
Rom 16:5	μου	ἐγώ	RP	----GS--
Rom 16:5	ὅς	ὅς	RR	----NSM-
Rom 16:5	ἐστιν	εἰμί	V-	3PAI-S--
Rom 16:5	ἀπαρχὴ	ἀπαρχή	N-	----NSF-
Rom 16:5	τῆς	ὁ	RA	----GSF-
Rom 16:5	Ἀσίας	Ἀσία	N-	----GSF-
Rom 16:5	εἰς	εἰς	P-	--------
Rom 16:5	Χριστόν	Χριστός	N-	----ASM-
Rom 16:6	ἀσπάσασθε	ἀσπάζομαι	V-	2AMD-P--
Rom 16:6	Μαριάμ	Μαριάμ	N-	----ASF-
Rom 16:6	ἥτις	ὅστις	RR	----NSF-
Rom 16:6	πολλὰ	πολύς	A-	----APN-
Rom 16:6	ἐκοπίασεν	κοπιάω	V-	3AAI-S--
Rom 16:6	εἰς	εἰς	P-	--------
Rom 16:6	ὑμᾶς	σύ	RP	----AP--
Rom 16:7	ἀσπάσασθε	ἀσπάζομαι	V-	2AMD-P--
Rom 16:7	Ἀνδρόνικον	Ἀνδρόνικος	N-	----ASM-
Rom 16:7	καὶ	καί	C-	--------
Rom 16:7	Ἰουνίαν	Ἰουνία	N-	----ASF-
Rom 16:7	τοὺς	ὁ	RA	----APM-
Rom 16:7	συγγενεῖς	συγγενής	A-	----APM-
Rom 16:7	μου	ἐγώ	RP	----GS--
Rom 16:7	καὶ	καί	C-	--------
Rom 16:7	συναιχμαλώτους	συναιχμάλωτος	N-	----APM-
Rom 16:7	μου	ἐγώ	RP	----GS--
Rom 16:7	οἵτινές	ὅστις	RR	----NPM-
Rom 16:7	εἰσιν	εἰμί	V-	3PAI-P--
Rom 16:7	ἐπίσημοι	ἐπίσημος	A-	----NPM-
Rom 16:7	ἐν	ἐν	P-	--------
Rom 16:7	τοῖς	ὁ	RA	----DPM-
Rom 16:7	ἀποστόλοις	ἀπόστολος	N-	----DPM-
Rom 16:7	οἳ	ὅς	RR	----NPM-
Rom 16:7	καὶ	καί	D-	--------
Rom 16:7	πρὸ	πρό	P-	--------
Rom 16:7	ἐμοῦ	ἐγώ	RP	----GS--
Rom 16:7	γέγοναν	γίνομαι	V-	3XAI-P--
Rom 16:7	ἐν	ἐν	P-	--------
Rom 16:7	Χριστῷ	Χριστός	N-	----DSM-
Rom 16:8	ἀσπάσασθε	ἀσπάζομαι	V-	2AMD-P--
Rom 16:8	Ἀμπλιᾶτον	Ἀμπλιᾶτος	N-	----ASM-
Rom 16:8	τὸν	ὁ	RA	----ASM-
Rom 16:8	ἀγαπητόν	ἀγαπητός	A-	----ASM-
Rom 16:8	μου	ἐγώ	RP	----GS--
Rom 16:8	ἐν	ἐν	P-	--------
Rom 16:8	κυρίῳ	κύριος	N-	----DSM-
Rom 16:9	ἀσπάσασθε	ἀσπάζομαι	V-	2AMD-P--
Rom 16:9	Οὐρβανὸν	Οὐρβανός	N-	----ASM-
Rom 16:9	τὸν	ὁ	RA	----ASM-
Rom 16:9	συνεργὸν	συνεργός	A-	----ASM-
Rom 16:9	ἡμῶν	ἐγώ	RP	----GP--
Rom 16:9	ἐν	ἐν	P-	--------
Rom 16:9	Χριστῷ	Χριστός	N-	----DSM-
Rom 16:9	καὶ	καί	C-	--------
Rom 16:9	Στάχυν	Στάχυς	N-	----ASM-
Rom 16:9	τὸν	ὁ	RA	----ASM-
Rom 16:9	ἀγαπητόν	ἀγαπητός	A-	----ASM-
Rom 16:9	μου	ἐγώ	RP	----GS--
Rom 16:10	ἀσπάσασθε	ἀσπάζομαι	V-	2AMD-P--
Rom 16:10	Ἀπελλῆν	Ἀπελλῆς	N-	----ASM-
Rom 16:10	τὸν	ὁ	RA	----ASM-
Rom 16:10	δόκιμον	δόκιμος	A-	----ASM-
Rom 16:10	ἐν	ἐν	P-	--------
Rom 16:10	Χριστῷ	Χριστός	N-	----DSM-
Rom 16:10	ἀσπάσασθε	ἀσπάζομαι	V-	2AMD-P--
Rom 16:10	τοὺς	ὁ	RA	----APM-
Rom 16:10	ἐκ	ἐκ	P-	--------
Rom 16:10	τῶν	ὁ	RA	----GPM-
Rom 16:10	Ἀριστοβούλου	Ἀριστόβουλος	N-	----GSM-
Rom 16:11	ἀσπάσασθε	ἀσπάζομαι	V-	2AMD-P--
Rom 16:11	Ἡρῳδίωνα	Ἡρῳδίων	N-	----ASM-
Rom 16:11	τὸν	ὁ	RA	----ASM-
Rom 16:11	συγγενῆ	συγγενής	A-	----ASM-
Rom 16:11	μου	ἐγώ	RP	----GS--
Rom 16:11	ἀσπάσασθε	ἀσπάζομαι	V-	2AMD-P--
Rom 16:11	τοὺς	ὁ	RA	----APM-
Rom 16:11	ἐκ	ἐκ	P-	--------
Rom 16:11	τῶν	ὁ	RA	----GPM-
Rom 16:11	Ναρκίσσου	Νάρκισσος	N-	----GSM-
Rom 16:11	τοὺς	ὁ	RA	----APM-
Rom 16:11	ὄντας	εἰμί	V-	-PAPAPM-
Rom 16:11	ἐν	ἐν	P-	--------
Rom 16:11	κυρίῳ	κύριος	N-	----DSM-
Rom 16:12	ἀσπάσασθε	ἀσπάζομαι	V-	2AMD-P--
Rom 16:12	Τρύφαιναν	Τρύφαινα	N-	----ASF-
Rom 16:12	καὶ	καί	C-	--------
Rom 16:12	Τρυφῶσαν	Τρυφῶσα	N-	----ASF-
Rom 16:12	τὰς	ὁ	RA	----APF-
Rom 16:12	κοπιώσας	κοπιάω	V-	-PAPAPF-
Rom 16:12	ἐν	ἐν	P-	--------
Rom 16:12	κυρίῳ	κύριος	N-	----DSM-
Rom 16:12	ἀσπάσασθε	ἀσπάζομαι	V-	2AMD-P--
Rom 16:12	Περσίδα	Περσίς	N-	----ASF-
Rom 16:12	τὴν	ὁ	RA	----ASF-
Rom 16:12	ἀγαπητήν	ἀγαπητός	A-	----ASF-
Rom 16:12	ἥτις	ὅστις	RR	----NSF-
Rom 16:12	πολλὰ	πολύς	A-	----APN-
Rom 16:12	ἐκοπίασεν	κοπιάω	V-	3AAI-S--
Rom 16:12	ἐν	ἐν	P-	--------
Rom 16:12	κυρίῳ	κύριος	N-	----DSM-
Rom 16:13	ἀσπάσασθε	ἀσπάζομαι	V-	2AMD-P--
Rom 16:13	Ῥοῦφον	Ῥοῦφος	N-	----ASM-
Rom 16:13	τὸν	ὁ	RA	----ASM-
Rom 16:13	ἐκλεκτὸν	ἐκλεκτός	A-	----ASM-
Rom 16:13	ἐν	ἐν	P-	--------
Rom 16:13	κυρίῳ	κύριος	N-	----DSM-
Rom 16:13	καὶ	καί	C-	--------
Rom 16:13	τὴν	ὁ	RA	----ASF-
Rom 16:13	μητέρα	μήτηρ	N-	----ASF-
Rom 16:13	αὐτοῦ	αὐτός	RP	----GSM-
Rom 16:13	καὶ	καί	C-	--------
Rom 16:13	ἐμοῦ	ἐγώ	RP	----GS--
Rom 16:14	ἀσπάσασθε	ἀσπάζομαι	V-	2AMD-P--
Rom 16:14	Ἀσύγκριτον	Ἀσύγκριτος	N-	----ASM-
Rom 16:14	Φλέγοντα	Φλέγων	N-	----ASM-
Rom 16:14	Ἑρμῆν	Ἑρμῆς	N-	----ASM-
Rom 16:14	Πατροβᾶν	Πατροβᾶς	N-	----ASM-
Rom 16:14	Ἑρμᾶν	Ἑρμᾶς	N-	----ASM-
Rom 16:14	καὶ	καί	C-	--------
Rom 16:14	τοὺς	ὁ	RA	----APM-
Rom 16:14	σὺν	σύν	P-	--------
Rom 16:14	αὐτοῖς	αὐτός	RP	----DPM-
Rom 16:14	ἀδελφούς	ἀδελφός	N-	----APM-
Rom 16:15	ἀσπάσασθε	ἀσπάζομαι	V-	2AMD-P--
Rom 16:15	Φιλόλογον	Φιλόλογος	N-	----ASM-
Rom 16:15	καὶ	καί	C-	--------
Rom 16:15	Ἰουλίαν	Ἰουλία	N-	----ASF-
Rom 16:15	Νηρέα	Νηρεύς	N-	----ASM-
Rom 16:15	καὶ	καί	C-	--------
Rom 16:15	τὴν	ὁ	RA	----ASF-
Rom 16:15	ἀδελφὴν	ἀδελφή	N-	----ASF-
Rom 16:15	αὐτοῦ	αὐτός	RP	----GSM-
Rom 16:15	καὶ	καί	C-	--------
Rom 16:15	Ὀλυμπᾶν	Ὀλυμπᾶς	N-	----ASM-
Rom 16:15	καὶ	καί	C-	--------
Rom 16:15	τοὺς	ὁ	RA	----APM-
Rom 16:15	σὺν	σύν	P-	--------
Rom 16:15	αὐτοῖς	αὐτός	RP	----DPM-
Rom 16:15	πάντας	πᾶς	A-	----APM-
Rom 16:15	ἁγίους	ἅγιος	A-	----APM-
Rom 16:16	Ἀσπάσασθε	ἀσπάζομαι	V-	2AMD-P--
Rom 16:16	ἀλλήλους	ἀλλήλων	RP	----APM-
Rom 16:16	ἐν	ἐν	P-	--------
Rom 16:16	φιλήματι	φίλημα	N-	----DSN-
Rom 16:16	ἁγίῳ	ἅγιος	A-	----DSN-
Rom 16:16	Ἀσπάζονται	ἀσπάζομαι	V-	3PMI-P--
Rom 16:16	ὑμᾶς	σύ	RP	----AP--
Rom 16:16	αἱ	ὁ	RA	----NPF-
Rom 16:16	ἐκκλησίαι	ἐκκλησία	N-	----NPF-
Rom 16:16	πᾶσαι	πᾶς	A-	----NPF-
Rom 16:16	τοῦ	ὁ	RA	----GSM-
Rom 16:16	Χριστοῦ	Χριστός	N-	----GSM-
Rom 16:17	Παρακαλῶ	παρακαλέω	V-	1PAI-S--
Rom 16:17	δὲ	δέ	C-	--------
Rom 16:17	ὑμᾶς	σύ	RP	----AP--
Rom 16:17	ἀδελφοί	ἀδελφός	N-	----VPM-
Rom 16:17	σκοπεῖν	σκοπέω	V-	-PAN----
Rom 16:17	τοὺς	ὁ	RA	----APM-
Rom 16:17	τὰς	ὁ	RA	----APF-
Rom 16:17	διχοστασίας	διχοστασία	N-	----APF-
Rom 16:17	καὶ	καί	C-	--------
Rom 16:17	τὰ	ὁ	RA	----APN-
Rom 16:17	σκάνδαλα	σκάνδαλον	N-	----APN-
Rom 16:17	παρὰ	παρά	P-	--------
Rom 16:17	τὴν	ὁ	RA	----ASF-
Rom 16:17	διδαχὴν	διδαχή	N-	----ASF-
Rom 16:17	ἣν	ὅς	RR	----ASF-
Rom 16:17	ὑμεῖς	σύ	RP	----NP--
Rom 16:17	ἐμάθετε	μανθάνω	V-	2AAI-P--
Rom 16:17	ποιοῦντας	ποιέω	V-	-PAPAPM-
Rom 16:17	καὶ	καί	C-	--------
Rom 16:17	ἐκκλίνετε	ἐκκλίνω	V-	2PAD-P--
Rom 16:17	ἀπ’	ἀπό	P-	--------
Rom 16:17	αὐτῶν	αὐτός	RP	----GPM-
Rom 16:18	οἱ	ὁ	RA	----NPM-
Rom 16:18	γὰρ	γάρ	C-	--------
Rom 16:18	τοιοῦτοι	τοιοῦτος	RD	----NPM-
Rom 16:18	τῷ	ὁ	RA	----DSM-
Rom 16:18	κυρίῳ	κύριος	N-	----DSM-
Rom 16:18	ἡμῶν	ἐγώ	RP	----GP--
Rom 16:18	Χριστῷ	Χριστός	N-	----DSM-
Rom 16:18	οὐ	οὐ	D-	--------
Rom 16:18	δουλεύουσιν	δουλεύω	V-	3PAI-P--
Rom 16:18	ἀλλὰ	ἀλλά	C-	--------
Rom 16:18	τῇ	ὁ	RA	----DSF-
Rom 16:18	ἑαυτῶν	ἑαυτοῦ	RP	----GPM-
Rom 16:18	κοιλίᾳ	κοιλία	N-	----DSF-
Rom 16:18	καὶ	καί	C-	--------
Rom 16:18	διὰ	διά	P-	--------
Rom 16:18	τῆς	ὁ	RA	----GSF-
Rom 16:18	χρηστολογίας	χρηστολογία	N-	----GSF-
Rom 16:18	καὶ	καί	C-	--------
Rom 16:18	εὐλογίας	εὐλογία	N-	----GSF-
Rom 16:18	ἐξαπατῶσι	ἐξαπατάω	V-	3PAI-P--
Rom 16:18	τὰς	ὁ	RA	----APF-
Rom 16:18	καρδίας	καρδία	N-	----APF-
Rom 16:18	τῶν	ὁ	RA	----GPM-
Rom 16:18	ἀκάκων	ἄκακος	A-	----GPM-
Rom 16:19	ἡ	ὁ	RA	----NSF-
Rom 16:19	γὰρ	γάρ	C-	--------
Rom 16:19	ὑμῶν	σύ	RP	----GP--
Rom 16:19	ὑπακοὴ	ὑπακοή	N-	----NSF-
Rom 16:19	εἰς	εἰς	P-	--------
Rom 16:19	πάντας	πᾶς	A-	----APM-
Rom 16:19	ἀφίκετο	ἀφικνέομαι	V-	3AMI-S--
Rom 16:19	ἐφ’	ἐπί	P-	--------
Rom 16:19	ὑμῖν	σύ	RP	----DP--
Rom 16:19	οὖν	οὖν	C-	--------
Rom 16:19	χαίρω	χαίρω	V-	1PAI-S--
Rom 16:19	θέλω	θέλω	V-	1PAI-S--
Rom 16:19	δὲ	δέ	C-	--------
Rom 16:19	ὑμᾶς	σύ	RP	----AP--
Rom 16:19	σοφοὺς	σοφός	A-	----APM-
Rom 16:19	εἶναι	εἰμί	V-	-PAN----
Rom 16:19	εἰς	εἰς	P-	--------
Rom 16:19	τὸ	ὁ	RA	----ASN-
Rom 16:19	ἀγαθόν	ἀγαθός	A-	----ASN-
Rom 16:19	ἀκεραίους	ἀκέραιος	A-	----APM-
Rom 16:19	δὲ	δέ	C-	--------
Rom 16:19	εἰς	εἰς	P-	--------
Rom 16:19	τὸ	ὁ	RA	----ASN-
Rom 16:19	κακόν	κακός	A-	----ASN-
Rom 16:20	ὁ	ὁ	RA	----NSM-
Rom 16:20	δὲ	δέ	C-	--------
Rom 16:20	θεὸς	θεός	N-	----NSM-
Rom 16:20	τῆς	ὁ	RA	----GSF-
Rom 16:20	εἰρήνης	εἰρήνη	N-	----GSF-
Rom 16:20	συντρίψει	συντρίβω	V-	3FAI-S--
Rom 16:20	τὸν	ὁ	RA	----ASM-
Rom 16:20	Σατανᾶν	Σατανᾶς	N-	----ASM-
Rom 16:20	ὑπὸ	ὑπό	P-	--------
Rom 16:20	τοὺς	ὁ	RA	----APM-
Rom 16:20	πόδας	πούς	N-	----APM-
Rom 16:20	ὑμῶν	σύ	RP	----GP--
Rom 16:20	ἐν	ἐν	P-	--------
Rom 16:20	τάχει	τάχος	N-	----DSN-
Rom 16:20	ἡ	ὁ	RA	----NSF-
Rom 16:20	χάρις	χάρις	N-	----NSF-
Rom 16:20	τοῦ	ὁ	RA	----GSM-
Rom 16:20	κυρίου	κύριος	N-	----GSM-
Rom 16:20	ἡμῶν	ἐγώ	RP	----GP--
Rom 16:20	Ἰησοῦ	Ἰησοῦς	N-	----GSM-
Rom 16:20	Χριστοῦ	Χριστός	N-	----GSM-
Rom 16:20	μεθ’	μετά	P-	--------
Rom 16:20	ὑμῶν	σύ	RP	----GP--
Rom 16:21	Ἀσπάζεται	ἀσπάζομαι	V-	3PMI-S--
Rom 16:21	ὑμᾶς	σύ	RP	----AP--
Rom 16:21	Τιμόθεος	Τιμόθεος	N-	----NSM-
Rom 16:21	ὁ	ὁ	RA	----NSM-
Rom 16:21	συνεργός	συνεργός	A-	----NSM-
Rom 16:21	μου	ἐγώ	RP	----GS--
Rom 16:21	καὶ	καί	C-	--------
Rom 16:21	Λούκιος	Λούκιος	N-	----NSM-
Rom 16:21	καὶ	καί	C-	--------
Rom 16:21	Ἰάσων	Ἰάσων	N-	----NSM-
Rom 16:21	καὶ	καί	C-	--------
Rom 16:21	Σωσίπατρος	Σωσίπατρος	N-	----NSM-
Rom 16:21	οἱ	ὁ	RA	----NPM-
Rom 16:21	συγγενεῖς	συγγενής	A-	----NPM-
Rom 16:21	μου	ἐγώ	RP	----GS--
Rom 16:22	ἀσπάζομαι	ἀσπάζομαι	V-	1PMI-S--
Rom 16:22	ὑμᾶς	σύ	RP	----AP--
Rom 16:22	ἐγὼ	ἐγώ	RP	----NS--
Rom 16:22	Τέρτιος	Τέρτιος	N-	----NSM-
Rom 16:22	ὁ	ὁ	RA	----NSM-
Rom 16:22	γράψας	γράφω	V-	-AAPNSM-
Rom 16:22	τὴν	ὁ	RA	----ASF-
Rom 16:22	ἐπιστολὴν	ἐπιστολή	N-	----ASF-
Rom 16:22	ἐν	ἐν	P-	--------
Rom 16:22	κυρίῳ	κύριος	N-	----DSM-
Rom 16:23	ἀσπάζεται	ἀσπάζομαι	V-	3PMI-S--
Rom 16:23	ὑμᾶς	σύ	RP	----AP--
Rom 16:23	Γάϊος	Γάϊος	N-	----NSM-
Rom 16:23	ὁ	ὁ	RA	----NSM-
Rom 16:23	ξένος	ξένος	A-	----NSM-
Rom 16:23	μου	ἐγώ	RP	----GS--
Rom 16:23	καὶ	καί	C-	--------
Rom 16:23	ὅλης	ὅλος	A-	----GSF-
Rom 16:23	τῆς	ὁ	RA	----GSF-
Rom 16:23	ἐκκλησίας	ἐκκλησία	N-	----GSF-
Rom 16:23	ἀσπάζεται	ἀσπάζομαι	V-	3PMI-S--
Rom 16:23	ὑμᾶς	σύ	RP	----AP--
Rom 16:23	Ἔραστος	Ἔραστος	N-	----NSM-
Rom 16:23	ὁ	ὁ	RA	----NSM-
Rom 16:23	οἰκονόμος	οἰκονόμος	N-	----NSM-
Rom 16:23	τῆς	ὁ	RA	----GSF-
Rom 16:23	πόλεως	πόλις	N-	----GSF-
Rom 16:23	καὶ	καί	C-	--------
Rom 16:23	Κούαρτος	Κούαρτος	N-	----NSM-
Rom 16:23	ὁ	ὁ	RA	----NSM-
Rom 16:23	ἀδελφός	ἀδελφός	N-	----NSM-
Rom 16:24	Ἡ	ὁ	RA	----NSF-
Rom 16:24	χάρις	χάρις	N-	----NSF-
Rom 16:24	τοῦ	ὁ	RA	----GSM-
Rom 16:24	κυρίου	κύριος	N-	----GSM-
Rom 16:24	ἡμῶν	ἐγώ	RP	----GP--
Rom 16:24	Ἰησοῦ	Ἰησοῦς	N-	----GSM-
Rom 16:24	Χριστοῦ	Χριστός	N-	----GSM-
Rom 16:24	μετὰ	μετά	P-	--------
Rom 16:24	πάντων	πᾶς	A-	----GPM-
Rom 16:24	ὑμῶν	σύ	RP	----GP--
Rom 16:24	Ἀμήν	ἀμήν	I-	--------
